Copyright 1986-2022 Xilinx, Inc. All Rights Reserved. Copyright 2022-2025 Advanced Micro Devices, Inc. All Rights Reserved.
--------------------------------------------------------------------------------------------------------------------------------------------------------------------------------------
| Tool Version : Vivado v.2025.2 (lin64) Build 6299465 Fri Nov 14 12:34:56 MST 2025
| Date         : Mon Jun  1 10:33:43 2026
| Host         : pah-PC running 64-bit Ubuntu 24.04.4 LTS
| Command      : report_methodology -file tpu_top_axi_lite_methodology_drc_routed.rpt -pb tpu_top_axi_lite_methodology_drc_routed.pb -rpx tpu_top_axi_lite_methodology_drc_routed.rpx
| Design       : tpu_top_axi_lite
| Device       : xczu7ev-ffvc1156-2-e
| Speed File   : -2
| Design State : Fully Routed
--------------------------------------------------------------------------------------------------------------------------------------------------------------------------------------

Report Methodology

Table of Contents
-----------------
1. REPORT SUMMARY
2. REPORT DETAILS

1. REPORT SUMMARY
-----------------
            Netlist: netlist
          Floorplan: design_1
      Design limits: <entire design considered>
             Max checks: <unlimited>
             Checks found: 1323
+-----------+------------------+--------------------------------------------+--------+
| Rule      | Severity         | Description                                | Checks |
+-----------+------------------+--------------------------------------------+--------+
| TIMING-17 | Critical Warning | Non-clocked sequential cell                | 1000   |
| DPIR-2    | Warning          | Asynchronous driver check                  | 277    |
| SYNTH-6   | Warning          | Timing of a RAM block might be sub-optimal | 6      |
| SYNTH-9   | Warning          | Small multiplier                           | 32     |
| SYNTH-10  | Warning          | Wide multiplier                            | 8      |
+-----------+------------------+--------------------------------------------+--------+

2. REPORT DETAILS
-----------------
TIMING-17#1 Critical Warning
Non-clocked sequential cell  
The clock pin cmd_error_q_reg/C is not reached by a timing clock
Related violations: <none>

TIMING-17#2 Critical Warning
Non-clocked sequential cell  
The clock pin done_sticky_q_reg/C is not reached by a timing clock
Related violations: <none>

TIMING-17#3 Critical Warning
Non-clocked sequential cell  
The clock pin overflow_clr_pulse_q_reg/C is not reached by a timing clock
Related violations: <none>

TIMING-17#4 Critical Warning
Non-clocked sequential cell  
The clock pin s_axi_bvalid_reg/C is not reached by a timing clock
Related violations: <none>

TIMING-17#5 Critical Warning
Non-clocked sequential cell  
The clock pin s_axi_rdata_reg[0]/C is not reached by a timing clock
Related violations: <none>

TIMING-17#6 Critical Warning
Non-clocked sequential cell  
The clock pin s_axi_rdata_reg[10]/C is not reached by a timing clock
Related violations: <none>

TIMING-17#7 Critical Warning
Non-clocked sequential cell  
The clock pin s_axi_rdata_reg[11]/C is not reached by a timing clock
Related violations: <none>

TIMING-17#8 Critical Warning
Non-clocked sequential cell  
The clock pin s_axi_rdata_reg[12]/C is not reached by a timing clock
Related violations: <none>

TIMING-17#9 Critical Warning
Non-clocked sequential cell  
The clock pin s_axi_rdata_reg[13]/C is not reached by a timing clock
Related violations: <none>

TIMING-17#10 Critical Warning
Non-clocked sequential cell  
The clock pin s_axi_rdata_reg[14]/C is not reached by a timing clock
Related violations: <none>

TIMING-17#11 Critical Warning
Non-clocked sequential cell  
The clock pin s_axi_rdata_reg[15]/C is not reached by a timing clock
Related violations: <none>

TIMING-17#12 Critical Warning
Non-clocked sequential cell  
The clock pin s_axi_rdata_reg[16]/C is not reached by a timing clock
Related violations: <none>

TIMING-17#13 Critical Warning
Non-clocked sequential cell  
The clock pin s_axi_rdata_reg[17]/C is not reached by a timing clock
Related violations: <none>

TIMING-17#14 Critical Warning
Non-clocked sequential cell  
The clock pin s_axi_rdata_reg[18]/C is not reached by a timing clock
Related violations: <none>

TIMING-17#15 Critical Warning
Non-clocked sequential cell  
The clock pin s_axi_rdata_reg[19]/C is not reached by a timing clock
Related violations: <none>

TIMING-17#16 Critical Warning
Non-clocked sequential cell  
The clock pin s_axi_rdata_reg[1]/C is not reached by a timing clock
Related violations: <none>

TIMING-17#17 Critical Warning
Non-clocked sequential cell  
The clock pin s_axi_rdata_reg[20]/C is not reached by a timing clock
Related violations: <none>

TIMING-17#18 Critical Warning
Non-clocked sequential cell  
The clock pin s_axi_rdata_reg[21]/C is not reached by a timing clock
Related violations: <none>

TIMING-17#19 Critical Warning
Non-clocked sequential cell  
The clock pin s_axi_rdata_reg[22]/C is not reached by a timing clock
Related violations: <none>

TIMING-17#20 Critical Warning
Non-clocked sequential cell  
The clock pin s_axi_rdata_reg[23]/C is not reached by a timing clock
Related violations: <none>

TIMING-17#21 Critical Warning
Non-clocked sequential cell  
The clock pin s_axi_rdata_reg[24]/C is not reached by a timing clock
Related violations: <none>

TIMING-17#22 Critical Warning
Non-clocked sequential cell  
The clock pin s_axi_rdata_reg[25]/C is not reached by a timing clock
Related violations: <none>

TIMING-17#23 Critical Warning
Non-clocked sequential cell  
The clock pin s_axi_rdata_reg[26]/C is not reached by a timing clock
Related violations: <none>

TIMING-17#24 Critical Warning
Non-clocked sequential cell  
The clock pin s_axi_rdata_reg[27]/C is not reached by a timing clock
Related violations: <none>

TIMING-17#25 Critical Warning
Non-clocked sequential cell  
The clock pin s_axi_rdata_reg[28]/C is not reached by a timing clock
Related violations: <none>

TIMING-17#26 Critical Warning
Non-clocked sequential cell  
The clock pin s_axi_rdata_reg[29]/C is not reached by a timing clock
Related violations: <none>

TIMING-17#27 Critical Warning
Non-clocked sequential cell  
The clock pin s_axi_rdata_reg[2]/C is not reached by a timing clock
Related violations: <none>

TIMING-17#28 Critical Warning
Non-clocked sequential cell  
The clock pin s_axi_rdata_reg[30]/C is not reached by a timing clock
Related violations: <none>

TIMING-17#29 Critical Warning
Non-clocked sequential cell  
The clock pin s_axi_rdata_reg[31]/C is not reached by a timing clock
Related violations: <none>

TIMING-17#30 Critical Warning
Non-clocked sequential cell  
The clock pin s_axi_rdata_reg[3]/C is not reached by a timing clock
Related violations: <none>

TIMING-17#31 Critical Warning
Non-clocked sequential cell  
The clock pin s_axi_rdata_reg[4]/C is not reached by a timing clock
Related violations: <none>

TIMING-17#32 Critical Warning
Non-clocked sequential cell  
The clock pin s_axi_rdata_reg[5]/C is not reached by a timing clock
Related violations: <none>

TIMING-17#33 Critical Warning
Non-clocked sequential cell  
The clock pin s_axi_rdata_reg[6]/C is not reached by a timing clock
Related violations: <none>

TIMING-17#34 Critical Warning
Non-clocked sequential cell  
The clock pin s_axi_rdata_reg[7]/C is not reached by a timing clock
Related violations: <none>

TIMING-17#35 Critical Warning
Non-clocked sequential cell  
The clock pin s_axi_rdata_reg[8]/C is not reached by a timing clock
Related violations: <none>

TIMING-17#36 Critical Warning
Non-clocked sequential cell  
The clock pin s_axi_rdata_reg[9]/C is not reached by a timing clock
Related violations: <none>

TIMING-17#37 Critical Warning
Non-clocked sequential cell  
The clock pin s_axi_rvalid_reg/C is not reached by a timing clock
Related violations: <none>

TIMING-17#38 Critical Warning
Non-clocked sequential cell  
The clock pin start_pulse_q_reg/C is not reached by a timing clock
Related violations: <none>

TIMING-17#39 Critical Warning
Non-clocked sequential cell  
The clock pin start_pulse_q_reg_rep/C is not reached by a timing clock
Related violations: <none>

TIMING-17#40 Critical Warning
Non-clocked sequential cell  
The clock pin start_pulse_q_reg_rep__0/C is not reached by a timing clock
Related violations: <none>

TIMING-17#41 Critical Warning
Non-clocked sequential cell  
The clock pin start_pulse_q_reg_rep__1/C is not reached by a timing clock
Related violations: <none>

TIMING-17#42 Critical Warning
Non-clocked sequential cell  
The clock pin start_pulse_q_reg_rep__10/C is not reached by a timing clock
Related violations: <none>

TIMING-17#43 Critical Warning
Non-clocked sequential cell  
The clock pin start_pulse_q_reg_rep__2/C is not reached by a timing clock
Related violations: <none>

TIMING-17#44 Critical Warning
Non-clocked sequential cell  
The clock pin start_pulse_q_reg_rep__3/C is not reached by a timing clock
Related violations: <none>

TIMING-17#45 Critical Warning
Non-clocked sequential cell  
The clock pin start_pulse_q_reg_rep__4/C is not reached by a timing clock
Related violations: <none>

TIMING-17#46 Critical Warning
Non-clocked sequential cell  
The clock pin start_pulse_q_reg_rep__5/C is not reached by a timing clock
Related violations: <none>

TIMING-17#47 Critical Warning
Non-clocked sequential cell  
The clock pin start_pulse_q_reg_rep__6/C is not reached by a timing clock
Related violations: <none>

TIMING-17#48 Critical Warning
Non-clocked sequential cell  
The clock pin start_pulse_q_reg_rep__7/C is not reached by a timing clock
Related violations: <none>

TIMING-17#49 Critical Warning
Non-clocked sequential cell  
The clock pin start_pulse_q_reg_rep__8/C is not reached by a timing clock
Related violations: <none>

TIMING-17#50 Critical Warning
Non-clocked sequential cell  
The clock pin start_pulse_q_reg_rep__9/C is not reached by a timing clock
Related violations: <none>

TIMING-17#51 Critical Warning
Non-clocked sequential cell  
The clock pin u_tpu_top/FSM_sequential_state_q_reg[0]/C is not reached by a timing clock
Related violations: <none>

TIMING-17#52 Critical Warning
Non-clocked sequential cell  
The clock pin u_tpu_top/FSM_sequential_state_q_reg[1]/C is not reached by a timing clock
Related violations: <none>

TIMING-17#53 Critical Warning
Non-clocked sequential cell  
The clock pin u_tpu_top/FSM_sequential_state_q_reg[2]/C is not reached by a timing clock
Related violations: <none>

TIMING-17#54 Critical Warning
Non-clocked sequential cell  
The clock pin u_tpu_top/FSM_sequential_state_q_reg[3]/C is not reached by a timing clock
Related violations: <none>

TIMING-17#55 Critical Warning
Non-clocked sequential cell  
The clock pin u_tpu_top/dbg_conv1_accumulator_cycles_o_reg[0]/C is not reached by a timing clock
Related violations: <none>

TIMING-17#56 Critical Warning
Non-clocked sequential cell  
The clock pin u_tpu_top/dbg_conv1_accumulator_cycles_o_reg[10]/C is not reached by a timing clock
Related violations: <none>

TIMING-17#57 Critical Warning
Non-clocked sequential cell  
The clock pin u_tpu_top/dbg_conv1_accumulator_cycles_o_reg[11]/C is not reached by a timing clock
Related violations: <none>

TIMING-17#58 Critical Warning
Non-clocked sequential cell  
The clock pin u_tpu_top/dbg_conv1_accumulator_cycles_o_reg[12]/C is not reached by a timing clock
Related violations: <none>

TIMING-17#59 Critical Warning
Non-clocked sequential cell  
The clock pin u_tpu_top/dbg_conv1_accumulator_cycles_o_reg[13]/C is not reached by a timing clock
Related violations: <none>

TIMING-17#60 Critical Warning
Non-clocked sequential cell  
The clock pin u_tpu_top/dbg_conv1_accumulator_cycles_o_reg[14]/C is not reached by a timing clock
Related violations: <none>

TIMING-17#61 Critical Warning
Non-clocked sequential cell  
The clock pin u_tpu_top/dbg_conv1_accumulator_cycles_o_reg[15]/C is not reached by a timing clock
Related violations: <none>

TIMING-17#62 Critical Warning
Non-clocked sequential cell  
The clock pin u_tpu_top/dbg_conv1_accumulator_cycles_o_reg[16]/C is not reached by a timing clock
Related violations: <none>

TIMING-17#63 Critical Warning
Non-clocked sequential cell  
The clock pin u_tpu_top/dbg_conv1_accumulator_cycles_o_reg[17]/C is not reached by a timing clock
Related violations: <none>

TIMING-17#64 Critical Warning
Non-clocked sequential cell  
The clock pin u_tpu_top/dbg_conv1_accumulator_cycles_o_reg[18]/C is not reached by a timing clock
Related violations: <none>

TIMING-17#65 Critical Warning
Non-clocked sequential cell  
The clock pin u_tpu_top/dbg_conv1_accumulator_cycles_o_reg[19]/C is not reached by a timing clock
Related violations: <none>

TIMING-17#66 Critical Warning
Non-clocked sequential cell  
The clock pin u_tpu_top/dbg_conv1_accumulator_cycles_o_reg[1]/C is not reached by a timing clock
Related violations: <none>

TIMING-17#67 Critical Warning
Non-clocked sequential cell  
The clock pin u_tpu_top/dbg_conv1_accumulator_cycles_o_reg[20]/C is not reached by a timing clock
Related violations: <none>

TIMING-17#68 Critical Warning
Non-clocked sequential cell  
The clock pin u_tpu_top/dbg_conv1_accumulator_cycles_o_reg[21]/C is not reached by a timing clock
Related violations: <none>

TIMING-17#69 Critical Warning
Non-clocked sequential cell  
The clock pin u_tpu_top/dbg_conv1_accumulator_cycles_o_reg[22]/C is not reached by a timing clock
Related violations: <none>

TIMING-17#70 Critical Warning
Non-clocked sequential cell  
The clock pin u_tpu_top/dbg_conv1_accumulator_cycles_o_reg[23]/C is not reached by a timing clock
Related violations: <none>

TIMING-17#71 Critical Warning
Non-clocked sequential cell  
The clock pin u_tpu_top/dbg_conv1_accumulator_cycles_o_reg[24]/C is not reached by a timing clock
Related violations: <none>

TIMING-17#72 Critical Warning
Non-clocked sequential cell  
The clock pin u_tpu_top/dbg_conv1_accumulator_cycles_o_reg[25]/C is not reached by a timing clock
Related violations: <none>

TIMING-17#73 Critical Warning
Non-clocked sequential cell  
The clock pin u_tpu_top/dbg_conv1_accumulator_cycles_o_reg[26]/C is not reached by a timing clock
Related violations: <none>

TIMING-17#74 Critical Warning
Non-clocked sequential cell  
The clock pin u_tpu_top/dbg_conv1_accumulator_cycles_o_reg[27]/C is not reached by a timing clock
Related violations: <none>

TIMING-17#75 Critical Warning
Non-clocked sequential cell  
The clock pin u_tpu_top/dbg_conv1_accumulator_cycles_o_reg[28]/C is not reached by a timing clock
Related violations: <none>

TIMING-17#76 Critical Warning
Non-clocked sequential cell  
The clock pin u_tpu_top/dbg_conv1_accumulator_cycles_o_reg[29]/C is not reached by a timing clock
Related violations: <none>

TIMING-17#77 Critical Warning
Non-clocked sequential cell  
The clock pin u_tpu_top/dbg_conv1_accumulator_cycles_o_reg[2]/C is not reached by a timing clock
Related violations: <none>

TIMING-17#78 Critical Warning
Non-clocked sequential cell  
The clock pin u_tpu_top/dbg_conv1_accumulator_cycles_o_reg[30]/C is not reached by a timing clock
Related violations: <none>

TIMING-17#79 Critical Warning
Non-clocked sequential cell  
The clock pin u_tpu_top/dbg_conv1_accumulator_cycles_o_reg[31]/C is not reached by a timing clock
Related violations: <none>

TIMING-17#80 Critical Warning
Non-clocked sequential cell  
The clock pin u_tpu_top/dbg_conv1_accumulator_cycles_o_reg[3]/C is not reached by a timing clock
Related violations: <none>

TIMING-17#81 Critical Warning
Non-clocked sequential cell  
The clock pin u_tpu_top/dbg_conv1_accumulator_cycles_o_reg[4]/C is not reached by a timing clock
Related violations: <none>

TIMING-17#82 Critical Warning
Non-clocked sequential cell  
The clock pin u_tpu_top/dbg_conv1_accumulator_cycles_o_reg[5]/C is not reached by a timing clock
Related violations: <none>

TIMING-17#83 Critical Warning
Non-clocked sequential cell  
The clock pin u_tpu_top/dbg_conv1_accumulator_cycles_o_reg[6]/C is not reached by a timing clock
Related violations: <none>

TIMING-17#84 Critical Warning
Non-clocked sequential cell  
The clock pin u_tpu_top/dbg_conv1_accumulator_cycles_o_reg[7]/C is not reached by a timing clock
Related violations: <none>

TIMING-17#85 Critical Warning
Non-clocked sequential cell  
The clock pin u_tpu_top/dbg_conv1_accumulator_cycles_o_reg[8]/C is not reached by a timing clock
Related violations: <none>

TIMING-17#86 Critical Warning
Non-clocked sequential cell  
The clock pin u_tpu_top/dbg_conv1_accumulator_cycles_o_reg[9]/C is not reached by a timing clock
Related violations: <none>

TIMING-17#87 Critical Warning
Non-clocked sequential cell  
The clock pin u_tpu_top/dbg_conv1_activation_fetch_cycles_o_reg[0]/C is not reached by a timing clock
Related violations: <none>

TIMING-17#88 Critical Warning
Non-clocked sequential cell  
The clock pin u_tpu_top/dbg_conv1_activation_fetch_cycles_o_reg[10]/C is not reached by a timing clock
Related violations: <none>

TIMING-17#89 Critical Warning
Non-clocked sequential cell  
The clock pin u_tpu_top/dbg_conv1_activation_fetch_cycles_o_reg[11]/C is not reached by a timing clock
Related violations: <none>

TIMING-17#90 Critical Warning
Non-clocked sequential cell  
The clock pin u_tpu_top/dbg_conv1_activation_fetch_cycles_o_reg[12]/C is not reached by a timing clock
Related violations: <none>

TIMING-17#91 Critical Warning
Non-clocked sequential cell  
The clock pin u_tpu_top/dbg_conv1_activation_fetch_cycles_o_reg[13]/C is not reached by a timing clock
Related violations: <none>

TIMING-17#92 Critical Warning
Non-clocked sequential cell  
The clock pin u_tpu_top/dbg_conv1_activation_fetch_cycles_o_reg[14]/C is not reached by a timing clock
Related violations: <none>

TIMING-17#93 Critical Warning
Non-clocked sequential cell  
The clock pin u_tpu_top/dbg_conv1_activation_fetch_cycles_o_reg[15]/C is not reached by a timing clock
Related violations: <none>

TIMING-17#94 Critical Warning
Non-clocked sequential cell  
The clock pin u_tpu_top/dbg_conv1_activation_fetch_cycles_o_reg[16]/C is not reached by a timing clock
Related violations: <none>

TIMING-17#95 Critical Warning
Non-clocked sequential cell  
The clock pin u_tpu_top/dbg_conv1_activation_fetch_cycles_o_reg[17]/C is not reached by a timing clock
Related violations: <none>

TIMING-17#96 Critical Warning
Non-clocked sequential cell  
The clock pin u_tpu_top/dbg_conv1_activation_fetch_cycles_o_reg[18]/C is not reached by a timing clock
Related violations: <none>

TIMING-17#97 Critical Warning
Non-clocked sequential cell  
The clock pin u_tpu_top/dbg_conv1_activation_fetch_cycles_o_reg[19]/C is not reached by a timing clock
Related violations: <none>

TIMING-17#98 Critical Warning
Non-clocked sequential cell  
The clock pin u_tpu_top/dbg_conv1_activation_fetch_cycles_o_reg[1]/C is not reached by a timing clock
Related violations: <none>

TIMING-17#99 Critical Warning
Non-clocked sequential cell  
The clock pin u_tpu_top/dbg_conv1_activation_fetch_cycles_o_reg[20]/C is not reached by a timing clock
Related violations: <none>

TIMING-17#100 Critical Warning
Non-clocked sequential cell  
The clock pin u_tpu_top/dbg_conv1_activation_fetch_cycles_o_reg[21]/C is not reached by a timing clock
Related violations: <none>

TIMING-17#101 Critical Warning
Non-clocked sequential cell  
The clock pin u_tpu_top/dbg_conv1_activation_fetch_cycles_o_reg[22]/C is not reached by a timing clock
Related violations: <none>

TIMING-17#102 Critical Warning
Non-clocked sequential cell  
The clock pin u_tpu_top/dbg_conv1_activation_fetch_cycles_o_reg[23]/C is not reached by a timing clock
Related violations: <none>

TIMING-17#103 Critical Warning
Non-clocked sequential cell  
The clock pin u_tpu_top/dbg_conv1_activation_fetch_cycles_o_reg[24]/C is not reached by a timing clock
Related violations: <none>

TIMING-17#104 Critical Warning
Non-clocked sequential cell  
The clock pin u_tpu_top/dbg_conv1_activation_fetch_cycles_o_reg[25]/C is not reached by a timing clock
Related violations: <none>

TIMING-17#105 Critical Warning
Non-clocked sequential cell  
The clock pin u_tpu_top/dbg_conv1_activation_fetch_cycles_o_reg[26]/C is not reached by a timing clock
Related violations: <none>

TIMING-17#106 Critical Warning
Non-clocked sequential cell  
The clock pin u_tpu_top/dbg_conv1_activation_fetch_cycles_o_reg[27]/C is not reached by a timing clock
Related violations: <none>

TIMING-17#107 Critical Warning
Non-clocked sequential cell  
The clock pin u_tpu_top/dbg_conv1_activation_fetch_cycles_o_reg[28]/C is not reached by a timing clock
Related violations: <none>

TIMING-17#108 Critical Warning
Non-clocked sequential cell  
The clock pin u_tpu_top/dbg_conv1_activation_fetch_cycles_o_reg[29]/C is not reached by a timing clock
Related violations: <none>

TIMING-17#109 Critical Warning
Non-clocked sequential cell  
The clock pin u_tpu_top/dbg_conv1_activation_fetch_cycles_o_reg[2]/C is not reached by a timing clock
Related violations: <none>

TIMING-17#110 Critical Warning
Non-clocked sequential cell  
The clock pin u_tpu_top/dbg_conv1_activation_fetch_cycles_o_reg[30]/C is not reached by a timing clock
Related violations: <none>

TIMING-17#111 Critical Warning
Non-clocked sequential cell  
The clock pin u_tpu_top/dbg_conv1_activation_fetch_cycles_o_reg[31]/C is not reached by a timing clock
Related violations: <none>

TIMING-17#112 Critical Warning
Non-clocked sequential cell  
The clock pin u_tpu_top/dbg_conv1_activation_fetch_cycles_o_reg[3]/C is not reached by a timing clock
Related violations: <none>

TIMING-17#113 Critical Warning
Non-clocked sequential cell  
The clock pin u_tpu_top/dbg_conv1_activation_fetch_cycles_o_reg[4]/C is not reached by a timing clock
Related violations: <none>

TIMING-17#114 Critical Warning
Non-clocked sequential cell  
The clock pin u_tpu_top/dbg_conv1_activation_fetch_cycles_o_reg[5]/C is not reached by a timing clock
Related violations: <none>

TIMING-17#115 Critical Warning
Non-clocked sequential cell  
The clock pin u_tpu_top/dbg_conv1_activation_fetch_cycles_o_reg[6]/C is not reached by a timing clock
Related violations: <none>

TIMING-17#116 Critical Warning
Non-clocked sequential cell  
The clock pin u_tpu_top/dbg_conv1_activation_fetch_cycles_o_reg[7]/C is not reached by a timing clock
Related violations: <none>

TIMING-17#117 Critical Warning
Non-clocked sequential cell  
The clock pin u_tpu_top/dbg_conv1_activation_fetch_cycles_o_reg[8]/C is not reached by a timing clock
Related violations: <none>

TIMING-17#118 Critical Warning
Non-clocked sequential cell  
The clock pin u_tpu_top/dbg_conv1_activation_fetch_cycles_o_reg[9]/C is not reached by a timing clock
Related violations: <none>

TIMING-17#119 Critical Warning
Non-clocked sequential cell  
The clock pin u_tpu_top/dbg_conv1_controller_idle_cycles_o_reg[0]/C is not reached by a timing clock
Related violations: <none>

TIMING-17#120 Critical Warning
Non-clocked sequential cell  
The clock pin u_tpu_top/dbg_conv1_controller_idle_cycles_o_reg[10]/C is not reached by a timing clock
Related violations: <none>

TIMING-17#121 Critical Warning
Non-clocked sequential cell  
The clock pin u_tpu_top/dbg_conv1_controller_idle_cycles_o_reg[11]/C is not reached by a timing clock
Related violations: <none>

TIMING-17#122 Critical Warning
Non-clocked sequential cell  
The clock pin u_tpu_top/dbg_conv1_controller_idle_cycles_o_reg[12]/C is not reached by a timing clock
Related violations: <none>

TIMING-17#123 Critical Warning
Non-clocked sequential cell  
The clock pin u_tpu_top/dbg_conv1_controller_idle_cycles_o_reg[13]/C is not reached by a timing clock
Related violations: <none>

TIMING-17#124 Critical Warning
Non-clocked sequential cell  
The clock pin u_tpu_top/dbg_conv1_controller_idle_cycles_o_reg[14]/C is not reached by a timing clock
Related violations: <none>

TIMING-17#125 Critical Warning
Non-clocked sequential cell  
The clock pin u_tpu_top/dbg_conv1_controller_idle_cycles_o_reg[15]/C is not reached by a timing clock
Related violations: <none>

TIMING-17#126 Critical Warning
Non-clocked sequential cell  
The clock pin u_tpu_top/dbg_conv1_controller_idle_cycles_o_reg[16]/C is not reached by a timing clock
Related violations: <none>

TIMING-17#127 Critical Warning
Non-clocked sequential cell  
The clock pin u_tpu_top/dbg_conv1_controller_idle_cycles_o_reg[17]/C is not reached by a timing clock
Related violations: <none>

TIMING-17#128 Critical Warning
Non-clocked sequential cell  
The clock pin u_tpu_top/dbg_conv1_controller_idle_cycles_o_reg[18]/C is not reached by a timing clock
Related violations: <none>

TIMING-17#129 Critical Warning
Non-clocked sequential cell  
The clock pin u_tpu_top/dbg_conv1_controller_idle_cycles_o_reg[19]/C is not reached by a timing clock
Related violations: <none>

TIMING-17#130 Critical Warning
Non-clocked sequential cell  
The clock pin u_tpu_top/dbg_conv1_controller_idle_cycles_o_reg[1]/C is not reached by a timing clock
Related violations: <none>

TIMING-17#131 Critical Warning
Non-clocked sequential cell  
The clock pin u_tpu_top/dbg_conv1_controller_idle_cycles_o_reg[20]/C is not reached by a timing clock
Related violations: <none>

TIMING-17#132 Critical Warning
Non-clocked sequential cell  
The clock pin u_tpu_top/dbg_conv1_controller_idle_cycles_o_reg[21]/C is not reached by a timing clock
Related violations: <none>

TIMING-17#133 Critical Warning
Non-clocked sequential cell  
The clock pin u_tpu_top/dbg_conv1_controller_idle_cycles_o_reg[22]/C is not reached by a timing clock
Related violations: <none>

TIMING-17#134 Critical Warning
Non-clocked sequential cell  
The clock pin u_tpu_top/dbg_conv1_controller_idle_cycles_o_reg[23]/C is not reached by a timing clock
Related violations: <none>

TIMING-17#135 Critical Warning
Non-clocked sequential cell  
The clock pin u_tpu_top/dbg_conv1_controller_idle_cycles_o_reg[24]/C is not reached by a timing clock
Related violations: <none>

TIMING-17#136 Critical Warning
Non-clocked sequential cell  
The clock pin u_tpu_top/dbg_conv1_controller_idle_cycles_o_reg[25]/C is not reached by a timing clock
Related violations: <none>

TIMING-17#137 Critical Warning
Non-clocked sequential cell  
The clock pin u_tpu_top/dbg_conv1_controller_idle_cycles_o_reg[26]/C is not reached by a timing clock
Related violations: <none>

TIMING-17#138 Critical Warning
Non-clocked sequential cell  
The clock pin u_tpu_top/dbg_conv1_controller_idle_cycles_o_reg[27]/C is not reached by a timing clock
Related violations: <none>

TIMING-17#139 Critical Warning
Non-clocked sequential cell  
The clock pin u_tpu_top/dbg_conv1_controller_idle_cycles_o_reg[28]/C is not reached by a timing clock
Related violations: <none>

TIMING-17#140 Critical Warning
Non-clocked sequential cell  
The clock pin u_tpu_top/dbg_conv1_controller_idle_cycles_o_reg[29]/C is not reached by a timing clock
Related violations: <none>

TIMING-17#141 Critical Warning
Non-clocked sequential cell  
The clock pin u_tpu_top/dbg_conv1_controller_idle_cycles_o_reg[2]/C is not reached by a timing clock
Related violations: <none>

TIMING-17#142 Critical Warning
Non-clocked sequential cell  
The clock pin u_tpu_top/dbg_conv1_controller_idle_cycles_o_reg[30]/C is not reached by a timing clock
Related violations: <none>

TIMING-17#143 Critical Warning
Non-clocked sequential cell  
The clock pin u_tpu_top/dbg_conv1_controller_idle_cycles_o_reg[31]/C is not reached by a timing clock
Related violations: <none>

TIMING-17#144 Critical Warning
Non-clocked sequential cell  
The clock pin u_tpu_top/dbg_conv1_controller_idle_cycles_o_reg[3]/C is not reached by a timing clock
Related violations: <none>

TIMING-17#145 Critical Warning
Non-clocked sequential cell  
The clock pin u_tpu_top/dbg_conv1_controller_idle_cycles_o_reg[4]/C is not reached by a timing clock
Related violations: <none>

TIMING-17#146 Critical Warning
Non-clocked sequential cell  
The clock pin u_tpu_top/dbg_conv1_controller_idle_cycles_o_reg[5]/C is not reached by a timing clock
Related violations: <none>

TIMING-17#147 Critical Warning
Non-clocked sequential cell  
The clock pin u_tpu_top/dbg_conv1_controller_idle_cycles_o_reg[6]/C is not reached by a timing clock
Related violations: <none>

TIMING-17#148 Critical Warning
Non-clocked sequential cell  
The clock pin u_tpu_top/dbg_conv1_controller_idle_cycles_o_reg[7]/C is not reached by a timing clock
Related violations: <none>

TIMING-17#149 Critical Warning
Non-clocked sequential cell  
The clock pin u_tpu_top/dbg_conv1_controller_idle_cycles_o_reg[8]/C is not reached by a timing clock
Related violations: <none>

TIMING-17#150 Critical Warning
Non-clocked sequential cell  
The clock pin u_tpu_top/dbg_conv1_controller_idle_cycles_o_reg[9]/C is not reached by a timing clock
Related violations: <none>

TIMING-17#151 Critical Warning
Non-clocked sequential cell  
The clock pin u_tpu_top/dbg_conv1_cycle_count_o_reg[0]/C is not reached by a timing clock
Related violations: <none>

TIMING-17#152 Critical Warning
Non-clocked sequential cell  
The clock pin u_tpu_top/dbg_conv1_cycle_count_o_reg[10]/C is not reached by a timing clock
Related violations: <none>

TIMING-17#153 Critical Warning
Non-clocked sequential cell  
The clock pin u_tpu_top/dbg_conv1_cycle_count_o_reg[11]/C is not reached by a timing clock
Related violations: <none>

TIMING-17#154 Critical Warning
Non-clocked sequential cell  
The clock pin u_tpu_top/dbg_conv1_cycle_count_o_reg[12]/C is not reached by a timing clock
Related violations: <none>

TIMING-17#155 Critical Warning
Non-clocked sequential cell  
The clock pin u_tpu_top/dbg_conv1_cycle_count_o_reg[13]/C is not reached by a timing clock
Related violations: <none>

TIMING-17#156 Critical Warning
Non-clocked sequential cell  
The clock pin u_tpu_top/dbg_conv1_cycle_count_o_reg[14]/C is not reached by a timing clock
Related violations: <none>

TIMING-17#157 Critical Warning
Non-clocked sequential cell  
The clock pin u_tpu_top/dbg_conv1_cycle_count_o_reg[15]/C is not reached by a timing clock
Related violations: <none>

TIMING-17#158 Critical Warning
Non-clocked sequential cell  
The clock pin u_tpu_top/dbg_conv1_cycle_count_o_reg[16]/C is not reached by a timing clock
Related violations: <none>

TIMING-17#159 Critical Warning
Non-clocked sequential cell  
The clock pin u_tpu_top/dbg_conv1_cycle_count_o_reg[17]/C is not reached by a timing clock
Related violations: <none>

TIMING-17#160 Critical Warning
Non-clocked sequential cell  
The clock pin u_tpu_top/dbg_conv1_cycle_count_o_reg[18]/C is not reached by a timing clock
Related violations: <none>

TIMING-17#161 Critical Warning
Non-clocked sequential cell  
The clock pin u_tpu_top/dbg_conv1_cycle_count_o_reg[19]/C is not reached by a timing clock
Related violations: <none>

TIMING-17#162 Critical Warning
Non-clocked sequential cell  
The clock pin u_tpu_top/dbg_conv1_cycle_count_o_reg[1]/C is not reached by a timing clock
Related violations: <none>

TIMING-17#163 Critical Warning
Non-clocked sequential cell  
The clock pin u_tpu_top/dbg_conv1_cycle_count_o_reg[20]/C is not reached by a timing clock
Related violations: <none>

TIMING-17#164 Critical Warning
Non-clocked sequential cell  
The clock pin u_tpu_top/dbg_conv1_cycle_count_o_reg[21]/C is not reached by a timing clock
Related violations: <none>

TIMING-17#165 Critical Warning
Non-clocked sequential cell  
The clock pin u_tpu_top/dbg_conv1_cycle_count_o_reg[22]/C is not reached by a timing clock
Related violations: <none>

TIMING-17#166 Critical Warning
Non-clocked sequential cell  
The clock pin u_tpu_top/dbg_conv1_cycle_count_o_reg[23]/C is not reached by a timing clock
Related violations: <none>

TIMING-17#167 Critical Warning
Non-clocked sequential cell  
The clock pin u_tpu_top/dbg_conv1_cycle_count_o_reg[24]/C is not reached by a timing clock
Related violations: <none>

TIMING-17#168 Critical Warning
Non-clocked sequential cell  
The clock pin u_tpu_top/dbg_conv1_cycle_count_o_reg[25]/C is not reached by a timing clock
Related violations: <none>

TIMING-17#169 Critical Warning
Non-clocked sequential cell  
The clock pin u_tpu_top/dbg_conv1_cycle_count_o_reg[26]/C is not reached by a timing clock
Related violations: <none>

TIMING-17#170 Critical Warning
Non-clocked sequential cell  
The clock pin u_tpu_top/dbg_conv1_cycle_count_o_reg[27]/C is not reached by a timing clock
Related violations: <none>

TIMING-17#171 Critical Warning
Non-clocked sequential cell  
The clock pin u_tpu_top/dbg_conv1_cycle_count_o_reg[28]/C is not reached by a timing clock
Related violations: <none>

TIMING-17#172 Critical Warning
Non-clocked sequential cell  
The clock pin u_tpu_top/dbg_conv1_cycle_count_o_reg[29]/C is not reached by a timing clock
Related violations: <none>

TIMING-17#173 Critical Warning
Non-clocked sequential cell  
The clock pin u_tpu_top/dbg_conv1_cycle_count_o_reg[2]/C is not reached by a timing clock
Related violations: <none>

TIMING-17#174 Critical Warning
Non-clocked sequential cell  
The clock pin u_tpu_top/dbg_conv1_cycle_count_o_reg[30]/C is not reached by a timing clock
Related violations: <none>

TIMING-17#175 Critical Warning
Non-clocked sequential cell  
The clock pin u_tpu_top/dbg_conv1_cycle_count_o_reg[31]/C is not reached by a timing clock
Related violations: <none>

TIMING-17#176 Critical Warning
Non-clocked sequential cell  
The clock pin u_tpu_top/dbg_conv1_cycle_count_o_reg[3]/C is not reached by a timing clock
Related violations: <none>

TIMING-17#177 Critical Warning
Non-clocked sequential cell  
The clock pin u_tpu_top/dbg_conv1_cycle_count_o_reg[4]/C is not reached by a timing clock
Related violations: <none>

TIMING-17#178 Critical Warning
Non-clocked sequential cell  
The clock pin u_tpu_top/dbg_conv1_cycle_count_o_reg[5]/C is not reached by a timing clock
Related violations: <none>

TIMING-17#179 Critical Warning
Non-clocked sequential cell  
The clock pin u_tpu_top/dbg_conv1_cycle_count_o_reg[6]/C is not reached by a timing clock
Related violations: <none>

TIMING-17#180 Critical Warning
Non-clocked sequential cell  
The clock pin u_tpu_top/dbg_conv1_cycle_count_o_reg[7]/C is not reached by a timing clock
Related violations: <none>

TIMING-17#181 Critical Warning
Non-clocked sequential cell  
The clock pin u_tpu_top/dbg_conv1_cycle_count_o_reg[8]/C is not reached by a timing clock
Related violations: <none>

TIMING-17#182 Critical Warning
Non-clocked sequential cell  
The clock pin u_tpu_top/dbg_conv1_cycle_count_o_reg[9]/C is not reached by a timing clock
Related violations: <none>

TIMING-17#183 Critical Warning
Non-clocked sequential cell  
The clock pin u_tpu_top/dbg_conv1_exclusive_state_cycles_o_reg[0]/C is not reached by a timing clock
Related violations: <none>

TIMING-17#184 Critical Warning
Non-clocked sequential cell  
The clock pin u_tpu_top/dbg_conv1_exclusive_state_cycles_o_reg[10]/C is not reached by a timing clock
Related violations: <none>

TIMING-17#185 Critical Warning
Non-clocked sequential cell  
The clock pin u_tpu_top/dbg_conv1_exclusive_state_cycles_o_reg[11]/C is not reached by a timing clock
Related violations: <none>

TIMING-17#186 Critical Warning
Non-clocked sequential cell  
The clock pin u_tpu_top/dbg_conv1_exclusive_state_cycles_o_reg[12]/C is not reached by a timing clock
Related violations: <none>

TIMING-17#187 Critical Warning
Non-clocked sequential cell  
The clock pin u_tpu_top/dbg_conv1_exclusive_state_cycles_o_reg[13]/C is not reached by a timing clock
Related violations: <none>

TIMING-17#188 Critical Warning
Non-clocked sequential cell  
The clock pin u_tpu_top/dbg_conv1_exclusive_state_cycles_o_reg[14]/C is not reached by a timing clock
Related violations: <none>

TIMING-17#189 Critical Warning
Non-clocked sequential cell  
The clock pin u_tpu_top/dbg_conv1_exclusive_state_cycles_o_reg[15]/C is not reached by a timing clock
Related violations: <none>

TIMING-17#190 Critical Warning
Non-clocked sequential cell  
The clock pin u_tpu_top/dbg_conv1_exclusive_state_cycles_o_reg[16]/C is not reached by a timing clock
Related violations: <none>

TIMING-17#191 Critical Warning
Non-clocked sequential cell  
The clock pin u_tpu_top/dbg_conv1_exclusive_state_cycles_o_reg[17]/C is not reached by a timing clock
Related violations: <none>

TIMING-17#192 Critical Warning
Non-clocked sequential cell  
The clock pin u_tpu_top/dbg_conv1_exclusive_state_cycles_o_reg[18]/C is not reached by a timing clock
Related violations: <none>

TIMING-17#193 Critical Warning
Non-clocked sequential cell  
The clock pin u_tpu_top/dbg_conv1_exclusive_state_cycles_o_reg[19]/C is not reached by a timing clock
Related violations: <none>

TIMING-17#194 Critical Warning
Non-clocked sequential cell  
The clock pin u_tpu_top/dbg_conv1_exclusive_state_cycles_o_reg[1]/C is not reached by a timing clock
Related violations: <none>

TIMING-17#195 Critical Warning
Non-clocked sequential cell  
The clock pin u_tpu_top/dbg_conv1_exclusive_state_cycles_o_reg[20]/C is not reached by a timing clock
Related violations: <none>

TIMING-17#196 Critical Warning
Non-clocked sequential cell  
The clock pin u_tpu_top/dbg_conv1_exclusive_state_cycles_o_reg[21]/C is not reached by a timing clock
Related violations: <none>

TIMING-17#197 Critical Warning
Non-clocked sequential cell  
The clock pin u_tpu_top/dbg_conv1_exclusive_state_cycles_o_reg[22]/C is not reached by a timing clock
Related violations: <none>

TIMING-17#198 Critical Warning
Non-clocked sequential cell  
The clock pin u_tpu_top/dbg_conv1_exclusive_state_cycles_o_reg[23]/C is not reached by a timing clock
Related violations: <none>

TIMING-17#199 Critical Warning
Non-clocked sequential cell  
The clock pin u_tpu_top/dbg_conv1_exclusive_state_cycles_o_reg[24]/C is not reached by a timing clock
Related violations: <none>

TIMING-17#200 Critical Warning
Non-clocked sequential cell  
The clock pin u_tpu_top/dbg_conv1_exclusive_state_cycles_o_reg[25]/C is not reached by a timing clock
Related violations: <none>

TIMING-17#201 Critical Warning
Non-clocked sequential cell  
The clock pin u_tpu_top/dbg_conv1_exclusive_state_cycles_o_reg[26]/C is not reached by a timing clock
Related violations: <none>

TIMING-17#202 Critical Warning
Non-clocked sequential cell  
The clock pin u_tpu_top/dbg_conv1_exclusive_state_cycles_o_reg[27]/C is not reached by a timing clock
Related violations: <none>

TIMING-17#203 Critical Warning
Non-clocked sequential cell  
The clock pin u_tpu_top/dbg_conv1_exclusive_state_cycles_o_reg[28]/C is not reached by a timing clock
Related violations: <none>

TIMING-17#204 Critical Warning
Non-clocked sequential cell  
The clock pin u_tpu_top/dbg_conv1_exclusive_state_cycles_o_reg[29]/C is not reached by a timing clock
Related violations: <none>

TIMING-17#205 Critical Warning
Non-clocked sequential cell  
The clock pin u_tpu_top/dbg_conv1_exclusive_state_cycles_o_reg[2]/C is not reached by a timing clock
Related violations: <none>

TIMING-17#206 Critical Warning
Non-clocked sequential cell  
The clock pin u_tpu_top/dbg_conv1_exclusive_state_cycles_o_reg[30]/C is not reached by a timing clock
Related violations: <none>

TIMING-17#207 Critical Warning
Non-clocked sequential cell  
The clock pin u_tpu_top/dbg_conv1_exclusive_state_cycles_o_reg[31]/C is not reached by a timing clock
Related violations: <none>

TIMING-17#208 Critical Warning
Non-clocked sequential cell  
The clock pin u_tpu_top/dbg_conv1_exclusive_state_cycles_o_reg[3]/C is not reached by a timing clock
Related violations: <none>

TIMING-17#209 Critical Warning
Non-clocked sequential cell  
The clock pin u_tpu_top/dbg_conv1_exclusive_state_cycles_o_reg[4]/C is not reached by a timing clock
Related violations: <none>

TIMING-17#210 Critical Warning
Non-clocked sequential cell  
The clock pin u_tpu_top/dbg_conv1_exclusive_state_cycles_o_reg[5]/C is not reached by a timing clock
Related violations: <none>

TIMING-17#211 Critical Warning
Non-clocked sequential cell  
The clock pin u_tpu_top/dbg_conv1_exclusive_state_cycles_o_reg[6]/C is not reached by a timing clock
Related violations: <none>

TIMING-17#212 Critical Warning
Non-clocked sequential cell  
The clock pin u_tpu_top/dbg_conv1_exclusive_state_cycles_o_reg[7]/C is not reached by a timing clock
Related violations: <none>

TIMING-17#213 Critical Warning
Non-clocked sequential cell  
The clock pin u_tpu_top/dbg_conv1_exclusive_state_cycles_o_reg[8]/C is not reached by a timing clock
Related violations: <none>

TIMING-17#214 Critical Warning
Non-clocked sequential cell  
The clock pin u_tpu_top/dbg_conv1_exclusive_state_cycles_o_reg[9]/C is not reached by a timing clock
Related violations: <none>

TIMING-17#215 Critical Warning
Non-clocked sequential cell  
The clock pin u_tpu_top/dbg_conv1_issued_mac_count_o_reg[0]/C is not reached by a timing clock
Related violations: <none>

TIMING-17#216 Critical Warning
Non-clocked sequential cell  
The clock pin u_tpu_top/dbg_conv1_issued_mac_count_o_reg[10]/C is not reached by a timing clock
Related violations: <none>

TIMING-17#217 Critical Warning
Non-clocked sequential cell  
The clock pin u_tpu_top/dbg_conv1_issued_mac_count_o_reg[11]/C is not reached by a timing clock
Related violations: <none>

TIMING-17#218 Critical Warning
Non-clocked sequential cell  
The clock pin u_tpu_top/dbg_conv1_issued_mac_count_o_reg[12]/C is not reached by a timing clock
Related violations: <none>

TIMING-17#219 Critical Warning
Non-clocked sequential cell  
The clock pin u_tpu_top/dbg_conv1_issued_mac_count_o_reg[13]/C is not reached by a timing clock
Related violations: <none>

TIMING-17#220 Critical Warning
Non-clocked sequential cell  
The clock pin u_tpu_top/dbg_conv1_issued_mac_count_o_reg[14]/C is not reached by a timing clock
Related violations: <none>

TIMING-17#221 Critical Warning
Non-clocked sequential cell  
The clock pin u_tpu_top/dbg_conv1_issued_mac_count_o_reg[15]/C is not reached by a timing clock
Related violations: <none>

TIMING-17#222 Critical Warning
Non-clocked sequential cell  
The clock pin u_tpu_top/dbg_conv1_issued_mac_count_o_reg[16]/C is not reached by a timing clock
Related violations: <none>

TIMING-17#223 Critical Warning
Non-clocked sequential cell  
The clock pin u_tpu_top/dbg_conv1_issued_mac_count_o_reg[17]/C is not reached by a timing clock
Related violations: <none>

TIMING-17#224 Critical Warning
Non-clocked sequential cell  
The clock pin u_tpu_top/dbg_conv1_issued_mac_count_o_reg[18]/C is not reached by a timing clock
Related violations: <none>

TIMING-17#225 Critical Warning
Non-clocked sequential cell  
The clock pin u_tpu_top/dbg_conv1_issued_mac_count_o_reg[19]/C is not reached by a timing clock
Related violations: <none>

TIMING-17#226 Critical Warning
Non-clocked sequential cell  
The clock pin u_tpu_top/dbg_conv1_issued_mac_count_o_reg[1]/C is not reached by a timing clock
Related violations: <none>

TIMING-17#227 Critical Warning
Non-clocked sequential cell  
The clock pin u_tpu_top/dbg_conv1_issued_mac_count_o_reg[20]/C is not reached by a timing clock
Related violations: <none>

TIMING-17#228 Critical Warning
Non-clocked sequential cell  
The clock pin u_tpu_top/dbg_conv1_issued_mac_count_o_reg[21]/C is not reached by a timing clock
Related violations: <none>

TIMING-17#229 Critical Warning
Non-clocked sequential cell  
The clock pin u_tpu_top/dbg_conv1_issued_mac_count_o_reg[22]/C is not reached by a timing clock
Related violations: <none>

TIMING-17#230 Critical Warning
Non-clocked sequential cell  
The clock pin u_tpu_top/dbg_conv1_issued_mac_count_o_reg[23]/C is not reached by a timing clock
Related violations: <none>

TIMING-17#231 Critical Warning
Non-clocked sequential cell  
The clock pin u_tpu_top/dbg_conv1_issued_mac_count_o_reg[24]/C is not reached by a timing clock
Related violations: <none>

TIMING-17#232 Critical Warning
Non-clocked sequential cell  
The clock pin u_tpu_top/dbg_conv1_issued_mac_count_o_reg[25]/C is not reached by a timing clock
Related violations: <none>

TIMING-17#233 Critical Warning
Non-clocked sequential cell  
The clock pin u_tpu_top/dbg_conv1_issued_mac_count_o_reg[26]/C is not reached by a timing clock
Related violations: <none>

TIMING-17#234 Critical Warning
Non-clocked sequential cell  
The clock pin u_tpu_top/dbg_conv1_issued_mac_count_o_reg[27]/C is not reached by a timing clock
Related violations: <none>

TIMING-17#235 Critical Warning
Non-clocked sequential cell  
The clock pin u_tpu_top/dbg_conv1_issued_mac_count_o_reg[28]/C is not reached by a timing clock
Related violations: <none>

TIMING-17#236 Critical Warning
Non-clocked sequential cell  
The clock pin u_tpu_top/dbg_conv1_issued_mac_count_o_reg[29]/C is not reached by a timing clock
Related violations: <none>

TIMING-17#237 Critical Warning
Non-clocked sequential cell  
The clock pin u_tpu_top/dbg_conv1_issued_mac_count_o_reg[2]/C is not reached by a timing clock
Related violations: <none>

TIMING-17#238 Critical Warning
Non-clocked sequential cell  
The clock pin u_tpu_top/dbg_conv1_issued_mac_count_o_reg[30]/C is not reached by a timing clock
Related violations: <none>

TIMING-17#239 Critical Warning
Non-clocked sequential cell  
The clock pin u_tpu_top/dbg_conv1_issued_mac_count_o_reg[31]/C is not reached by a timing clock
Related violations: <none>

TIMING-17#240 Critical Warning
Non-clocked sequential cell  
The clock pin u_tpu_top/dbg_conv1_issued_mac_count_o_reg[3]/C is not reached by a timing clock
Related violations: <none>

TIMING-17#241 Critical Warning
Non-clocked sequential cell  
The clock pin u_tpu_top/dbg_conv1_issued_mac_count_o_reg[4]/C is not reached by a timing clock
Related violations: <none>

TIMING-17#242 Critical Warning
Non-clocked sequential cell  
The clock pin u_tpu_top/dbg_conv1_issued_mac_count_o_reg[5]/C is not reached by a timing clock
Related violations: <none>

TIMING-17#243 Critical Warning
Non-clocked sequential cell  
The clock pin u_tpu_top/dbg_conv1_issued_mac_count_o_reg[6]/C is not reached by a timing clock
Related violations: <none>

TIMING-17#244 Critical Warning
Non-clocked sequential cell  
The clock pin u_tpu_top/dbg_conv1_issued_mac_count_o_reg[7]/C is not reached by a timing clock
Related violations: <none>

TIMING-17#245 Critical Warning
Non-clocked sequential cell  
The clock pin u_tpu_top/dbg_conv1_issued_mac_count_o_reg[8]/C is not reached by a timing clock
Related violations: <none>

TIMING-17#246 Critical Warning
Non-clocked sequential cell  
The clock pin u_tpu_top/dbg_conv1_issued_mac_count_o_reg[9]/C is not reached by a timing clock
Related violations: <none>

TIMING-17#247 Critical Warning
Non-clocked sequential cell  
The clock pin u_tpu_top/dbg_conv1_mxu_active_cycles_o_reg[0]/C is not reached by a timing clock
Related violations: <none>

TIMING-17#248 Critical Warning
Non-clocked sequential cell  
The clock pin u_tpu_top/dbg_conv1_mxu_active_cycles_o_reg[10]/C is not reached by a timing clock
Related violations: <none>

TIMING-17#249 Critical Warning
Non-clocked sequential cell  
The clock pin u_tpu_top/dbg_conv1_mxu_active_cycles_o_reg[11]/C is not reached by a timing clock
Related violations: <none>

TIMING-17#250 Critical Warning
Non-clocked sequential cell  
The clock pin u_tpu_top/dbg_conv1_mxu_active_cycles_o_reg[12]/C is not reached by a timing clock
Related violations: <none>

TIMING-17#251 Critical Warning
Non-clocked sequential cell  
The clock pin u_tpu_top/dbg_conv1_mxu_active_cycles_o_reg[13]/C is not reached by a timing clock
Related violations: <none>

TIMING-17#252 Critical Warning
Non-clocked sequential cell  
The clock pin u_tpu_top/dbg_conv1_mxu_active_cycles_o_reg[14]/C is not reached by a timing clock
Related violations: <none>

TIMING-17#253 Critical Warning
Non-clocked sequential cell  
The clock pin u_tpu_top/dbg_conv1_mxu_active_cycles_o_reg[15]/C is not reached by a timing clock
Related violations: <none>

TIMING-17#254 Critical Warning
Non-clocked sequential cell  
The clock pin u_tpu_top/dbg_conv1_mxu_active_cycles_o_reg[16]/C is not reached by a timing clock
Related violations: <none>

TIMING-17#255 Critical Warning
Non-clocked sequential cell  
The clock pin u_tpu_top/dbg_conv1_mxu_active_cycles_o_reg[17]/C is not reached by a timing clock
Related violations: <none>

TIMING-17#256 Critical Warning
Non-clocked sequential cell  
The clock pin u_tpu_top/dbg_conv1_mxu_active_cycles_o_reg[18]/C is not reached by a timing clock
Related violations: <none>

TIMING-17#257 Critical Warning
Non-clocked sequential cell  
The clock pin u_tpu_top/dbg_conv1_mxu_active_cycles_o_reg[19]/C is not reached by a timing clock
Related violations: <none>

TIMING-17#258 Critical Warning
Non-clocked sequential cell  
The clock pin u_tpu_top/dbg_conv1_mxu_active_cycles_o_reg[1]/C is not reached by a timing clock
Related violations: <none>

TIMING-17#259 Critical Warning
Non-clocked sequential cell  
The clock pin u_tpu_top/dbg_conv1_mxu_active_cycles_o_reg[20]/C is not reached by a timing clock
Related violations: <none>

TIMING-17#260 Critical Warning
Non-clocked sequential cell  
The clock pin u_tpu_top/dbg_conv1_mxu_active_cycles_o_reg[21]/C is not reached by a timing clock
Related violations: <none>

TIMING-17#261 Critical Warning
Non-clocked sequential cell  
The clock pin u_tpu_top/dbg_conv1_mxu_active_cycles_o_reg[22]/C is not reached by a timing clock
Related violations: <none>

TIMING-17#262 Critical Warning
Non-clocked sequential cell  
The clock pin u_tpu_top/dbg_conv1_mxu_active_cycles_o_reg[23]/C is not reached by a timing clock
Related violations: <none>

TIMING-17#263 Critical Warning
Non-clocked sequential cell  
The clock pin u_tpu_top/dbg_conv1_mxu_active_cycles_o_reg[24]/C is not reached by a timing clock
Related violations: <none>

TIMING-17#264 Critical Warning
Non-clocked sequential cell  
The clock pin u_tpu_top/dbg_conv1_mxu_active_cycles_o_reg[25]/C is not reached by a timing clock
Related violations: <none>

TIMING-17#265 Critical Warning
Non-clocked sequential cell  
The clock pin u_tpu_top/dbg_conv1_mxu_active_cycles_o_reg[26]/C is not reached by a timing clock
Related violations: <none>

TIMING-17#266 Critical Warning
Non-clocked sequential cell  
The clock pin u_tpu_top/dbg_conv1_mxu_active_cycles_o_reg[27]/C is not reached by a timing clock
Related violations: <none>

TIMING-17#267 Critical Warning
Non-clocked sequential cell  
The clock pin u_tpu_top/dbg_conv1_mxu_active_cycles_o_reg[28]/C is not reached by a timing clock
Related violations: <none>

TIMING-17#268 Critical Warning
Non-clocked sequential cell  
The clock pin u_tpu_top/dbg_conv1_mxu_active_cycles_o_reg[29]/C is not reached by a timing clock
Related violations: <none>

TIMING-17#269 Critical Warning
Non-clocked sequential cell  
The clock pin u_tpu_top/dbg_conv1_mxu_active_cycles_o_reg[2]/C is not reached by a timing clock
Related violations: <none>

TIMING-17#270 Critical Warning
Non-clocked sequential cell  
The clock pin u_tpu_top/dbg_conv1_mxu_active_cycles_o_reg[30]/C is not reached by a timing clock
Related violations: <none>

TIMING-17#271 Critical Warning
Non-clocked sequential cell  
The clock pin u_tpu_top/dbg_conv1_mxu_active_cycles_o_reg[31]/C is not reached by a timing clock
Related violations: <none>

TIMING-17#272 Critical Warning
Non-clocked sequential cell  
The clock pin u_tpu_top/dbg_conv1_mxu_active_cycles_o_reg[3]/C is not reached by a timing clock
Related violations: <none>

TIMING-17#273 Critical Warning
Non-clocked sequential cell  
The clock pin u_tpu_top/dbg_conv1_mxu_active_cycles_o_reg[4]/C is not reached by a timing clock
Related violations: <none>

TIMING-17#274 Critical Warning
Non-clocked sequential cell  
The clock pin u_tpu_top/dbg_conv1_mxu_active_cycles_o_reg[5]/C is not reached by a timing clock
Related violations: <none>

TIMING-17#275 Critical Warning
Non-clocked sequential cell  
The clock pin u_tpu_top/dbg_conv1_mxu_active_cycles_o_reg[6]/C is not reached by a timing clock
Related violations: <none>

TIMING-17#276 Critical Warning
Non-clocked sequential cell  
The clock pin u_tpu_top/dbg_conv1_mxu_active_cycles_o_reg[7]/C is not reached by a timing clock
Related violations: <none>

TIMING-17#277 Critical Warning
Non-clocked sequential cell  
The clock pin u_tpu_top/dbg_conv1_mxu_active_cycles_o_reg[8]/C is not reached by a timing clock
Related violations: <none>

TIMING-17#278 Critical Warning
Non-clocked sequential cell  
The clock pin u_tpu_top/dbg_conv1_mxu_active_cycles_o_reg[9]/C is not reached by a timing clock
Related violations: <none>

TIMING-17#279 Critical Warning
Non-clocked sequential cell  
The clock pin u_tpu_top/dbg_conv1_mxu_drain_cycles_o_reg[0]/C is not reached by a timing clock
Related violations: <none>

TIMING-17#280 Critical Warning
Non-clocked sequential cell  
The clock pin u_tpu_top/dbg_conv1_mxu_drain_cycles_o_reg[10]/C is not reached by a timing clock
Related violations: <none>

TIMING-17#281 Critical Warning
Non-clocked sequential cell  
The clock pin u_tpu_top/dbg_conv1_mxu_drain_cycles_o_reg[11]/C is not reached by a timing clock
Related violations: <none>

TIMING-17#282 Critical Warning
Non-clocked sequential cell  
The clock pin u_tpu_top/dbg_conv1_mxu_drain_cycles_o_reg[12]/C is not reached by a timing clock
Related violations: <none>

TIMING-17#283 Critical Warning
Non-clocked sequential cell  
The clock pin u_tpu_top/dbg_conv1_mxu_drain_cycles_o_reg[13]/C is not reached by a timing clock
Related violations: <none>

TIMING-17#284 Critical Warning
Non-clocked sequential cell  
The clock pin u_tpu_top/dbg_conv1_mxu_drain_cycles_o_reg[14]/C is not reached by a timing clock
Related violations: <none>

TIMING-17#285 Critical Warning
Non-clocked sequential cell  
The clock pin u_tpu_top/dbg_conv1_mxu_drain_cycles_o_reg[15]/C is not reached by a timing clock
Related violations: <none>

TIMING-17#286 Critical Warning
Non-clocked sequential cell  
The clock pin u_tpu_top/dbg_conv1_mxu_drain_cycles_o_reg[16]/C is not reached by a timing clock
Related violations: <none>

TIMING-17#287 Critical Warning
Non-clocked sequential cell  
The clock pin u_tpu_top/dbg_conv1_mxu_drain_cycles_o_reg[17]/C is not reached by a timing clock
Related violations: <none>

TIMING-17#288 Critical Warning
Non-clocked sequential cell  
The clock pin u_tpu_top/dbg_conv1_mxu_drain_cycles_o_reg[18]/C is not reached by a timing clock
Related violations: <none>

TIMING-17#289 Critical Warning
Non-clocked sequential cell  
The clock pin u_tpu_top/dbg_conv1_mxu_drain_cycles_o_reg[19]/C is not reached by a timing clock
Related violations: <none>

TIMING-17#290 Critical Warning
Non-clocked sequential cell  
The clock pin u_tpu_top/dbg_conv1_mxu_drain_cycles_o_reg[1]/C is not reached by a timing clock
Related violations: <none>

TIMING-17#291 Critical Warning
Non-clocked sequential cell  
The clock pin u_tpu_top/dbg_conv1_mxu_drain_cycles_o_reg[20]/C is not reached by a timing clock
Related violations: <none>

TIMING-17#292 Critical Warning
Non-clocked sequential cell  
The clock pin u_tpu_top/dbg_conv1_mxu_drain_cycles_o_reg[21]/C is not reached by a timing clock
Related violations: <none>

TIMING-17#293 Critical Warning
Non-clocked sequential cell  
The clock pin u_tpu_top/dbg_conv1_mxu_drain_cycles_o_reg[22]/C is not reached by a timing clock
Related violations: <none>

TIMING-17#294 Critical Warning
Non-clocked sequential cell  
The clock pin u_tpu_top/dbg_conv1_mxu_drain_cycles_o_reg[23]/C is not reached by a timing clock
Related violations: <none>

TIMING-17#295 Critical Warning
Non-clocked sequential cell  
The clock pin u_tpu_top/dbg_conv1_mxu_drain_cycles_o_reg[24]/C is not reached by a timing clock
Related violations: <none>

TIMING-17#296 Critical Warning
Non-clocked sequential cell  
The clock pin u_tpu_top/dbg_conv1_mxu_drain_cycles_o_reg[25]/C is not reached by a timing clock
Related violations: <none>

TIMING-17#297 Critical Warning
Non-clocked sequential cell  
The clock pin u_tpu_top/dbg_conv1_mxu_drain_cycles_o_reg[26]/C is not reached by a timing clock
Related violations: <none>

TIMING-17#298 Critical Warning
Non-clocked sequential cell  
The clock pin u_tpu_top/dbg_conv1_mxu_drain_cycles_o_reg[27]/C is not reached by a timing clock
Related violations: <none>

TIMING-17#299 Critical Warning
Non-clocked sequential cell  
The clock pin u_tpu_top/dbg_conv1_mxu_drain_cycles_o_reg[28]/C is not reached by a timing clock
Related violations: <none>

TIMING-17#300 Critical Warning
Non-clocked sequential cell  
The clock pin u_tpu_top/dbg_conv1_mxu_drain_cycles_o_reg[29]/C is not reached by a timing clock
Related violations: <none>

TIMING-17#301 Critical Warning
Non-clocked sequential cell  
The clock pin u_tpu_top/dbg_conv1_mxu_drain_cycles_o_reg[2]/C is not reached by a timing clock
Related violations: <none>

TIMING-17#302 Critical Warning
Non-clocked sequential cell  
The clock pin u_tpu_top/dbg_conv1_mxu_drain_cycles_o_reg[30]/C is not reached by a timing clock
Related violations: <none>

TIMING-17#303 Critical Warning
Non-clocked sequential cell  
The clock pin u_tpu_top/dbg_conv1_mxu_drain_cycles_o_reg[31]/C is not reached by a timing clock
Related violations: <none>

TIMING-17#304 Critical Warning
Non-clocked sequential cell  
The clock pin u_tpu_top/dbg_conv1_mxu_drain_cycles_o_reg[3]/C is not reached by a timing clock
Related violations: <none>

TIMING-17#305 Critical Warning
Non-clocked sequential cell  
The clock pin u_tpu_top/dbg_conv1_mxu_drain_cycles_o_reg[4]/C is not reached by a timing clock
Related violations: <none>

TIMING-17#306 Critical Warning
Non-clocked sequential cell  
The clock pin u_tpu_top/dbg_conv1_mxu_drain_cycles_o_reg[5]/C is not reached by a timing clock
Related violations: <none>

TIMING-17#307 Critical Warning
Non-clocked sequential cell  
The clock pin u_tpu_top/dbg_conv1_mxu_drain_cycles_o_reg[6]/C is not reached by a timing clock
Related violations: <none>

TIMING-17#308 Critical Warning
Non-clocked sequential cell  
The clock pin u_tpu_top/dbg_conv1_mxu_drain_cycles_o_reg[7]/C is not reached by a timing clock
Related violations: <none>

TIMING-17#309 Critical Warning
Non-clocked sequential cell  
The clock pin u_tpu_top/dbg_conv1_mxu_drain_cycles_o_reg[8]/C is not reached by a timing clock
Related violations: <none>

TIMING-17#310 Critical Warning
Non-clocked sequential cell  
The clock pin u_tpu_top/dbg_conv1_mxu_drain_cycles_o_reg[9]/C is not reached by a timing clock
Related violations: <none>

TIMING-17#311 Critical Warning
Non-clocked sequential cell  
The clock pin u_tpu_top/dbg_conv1_output_write_cycles_o_reg[0]/C is not reached by a timing clock
Related violations: <none>

TIMING-17#312 Critical Warning
Non-clocked sequential cell  
The clock pin u_tpu_top/dbg_conv1_output_write_cycles_o_reg[10]/C is not reached by a timing clock
Related violations: <none>

TIMING-17#313 Critical Warning
Non-clocked sequential cell  
The clock pin u_tpu_top/dbg_conv1_output_write_cycles_o_reg[11]/C is not reached by a timing clock
Related violations: <none>

TIMING-17#314 Critical Warning
Non-clocked sequential cell  
The clock pin u_tpu_top/dbg_conv1_output_write_cycles_o_reg[12]/C is not reached by a timing clock
Related violations: <none>

TIMING-17#315 Critical Warning
Non-clocked sequential cell  
The clock pin u_tpu_top/dbg_conv1_output_write_cycles_o_reg[13]/C is not reached by a timing clock
Related violations: <none>

TIMING-17#316 Critical Warning
Non-clocked sequential cell  
The clock pin u_tpu_top/dbg_conv1_output_write_cycles_o_reg[14]/C is not reached by a timing clock
Related violations: <none>

TIMING-17#317 Critical Warning
Non-clocked sequential cell  
The clock pin u_tpu_top/dbg_conv1_output_write_cycles_o_reg[15]/C is not reached by a timing clock
Related violations: <none>

TIMING-17#318 Critical Warning
Non-clocked sequential cell  
The clock pin u_tpu_top/dbg_conv1_output_write_cycles_o_reg[16]/C is not reached by a timing clock
Related violations: <none>

TIMING-17#319 Critical Warning
Non-clocked sequential cell  
The clock pin u_tpu_top/dbg_conv1_output_write_cycles_o_reg[17]/C is not reached by a timing clock
Related violations: <none>

TIMING-17#320 Critical Warning
Non-clocked sequential cell  
The clock pin u_tpu_top/dbg_conv1_output_write_cycles_o_reg[18]/C is not reached by a timing clock
Related violations: <none>

TIMING-17#321 Critical Warning
Non-clocked sequential cell  
The clock pin u_tpu_top/dbg_conv1_output_write_cycles_o_reg[19]/C is not reached by a timing clock
Related violations: <none>

TIMING-17#322 Critical Warning
Non-clocked sequential cell  
The clock pin u_tpu_top/dbg_conv1_output_write_cycles_o_reg[1]/C is not reached by a timing clock
Related violations: <none>

TIMING-17#323 Critical Warning
Non-clocked sequential cell  
The clock pin u_tpu_top/dbg_conv1_output_write_cycles_o_reg[20]/C is not reached by a timing clock
Related violations: <none>

TIMING-17#324 Critical Warning
Non-clocked sequential cell  
The clock pin u_tpu_top/dbg_conv1_output_write_cycles_o_reg[21]/C is not reached by a timing clock
Related violations: <none>

TIMING-17#325 Critical Warning
Non-clocked sequential cell  
The clock pin u_tpu_top/dbg_conv1_output_write_cycles_o_reg[22]/C is not reached by a timing clock
Related violations: <none>

TIMING-17#326 Critical Warning
Non-clocked sequential cell  
The clock pin u_tpu_top/dbg_conv1_output_write_cycles_o_reg[23]/C is not reached by a timing clock
Related violations: <none>

TIMING-17#327 Critical Warning
Non-clocked sequential cell  
The clock pin u_tpu_top/dbg_conv1_output_write_cycles_o_reg[24]/C is not reached by a timing clock
Related violations: <none>

TIMING-17#328 Critical Warning
Non-clocked sequential cell  
The clock pin u_tpu_top/dbg_conv1_output_write_cycles_o_reg[25]/C is not reached by a timing clock
Related violations: <none>

TIMING-17#329 Critical Warning
Non-clocked sequential cell  
The clock pin u_tpu_top/dbg_conv1_output_write_cycles_o_reg[26]/C is not reached by a timing clock
Related violations: <none>

TIMING-17#330 Critical Warning
Non-clocked sequential cell  
The clock pin u_tpu_top/dbg_conv1_output_write_cycles_o_reg[27]/C is not reached by a timing clock
Related violations: <none>

TIMING-17#331 Critical Warning
Non-clocked sequential cell  
The clock pin u_tpu_top/dbg_conv1_output_write_cycles_o_reg[28]/C is not reached by a timing clock
Related violations: <none>

TIMING-17#332 Critical Warning
Non-clocked sequential cell  
The clock pin u_tpu_top/dbg_conv1_output_write_cycles_o_reg[29]/C is not reached by a timing clock
Related violations: <none>

TIMING-17#333 Critical Warning
Non-clocked sequential cell  
The clock pin u_tpu_top/dbg_conv1_output_write_cycles_o_reg[2]/C is not reached by a timing clock
Related violations: <none>

TIMING-17#334 Critical Warning
Non-clocked sequential cell  
The clock pin u_tpu_top/dbg_conv1_output_write_cycles_o_reg[30]/C is not reached by a timing clock
Related violations: <none>

TIMING-17#335 Critical Warning
Non-clocked sequential cell  
The clock pin u_tpu_top/dbg_conv1_output_write_cycles_o_reg[31]/C is not reached by a timing clock
Related violations: <none>

TIMING-17#336 Critical Warning
Non-clocked sequential cell  
The clock pin u_tpu_top/dbg_conv1_output_write_cycles_o_reg[3]/C is not reached by a timing clock
Related violations: <none>

TIMING-17#337 Critical Warning
Non-clocked sequential cell  
The clock pin u_tpu_top/dbg_conv1_output_write_cycles_o_reg[4]/C is not reached by a timing clock
Related violations: <none>

TIMING-17#338 Critical Warning
Non-clocked sequential cell  
The clock pin u_tpu_top/dbg_conv1_output_write_cycles_o_reg[5]/C is not reached by a timing clock
Related violations: <none>

TIMING-17#339 Critical Warning
Non-clocked sequential cell  
The clock pin u_tpu_top/dbg_conv1_output_write_cycles_o_reg[6]/C is not reached by a timing clock
Related violations: <none>

TIMING-17#340 Critical Warning
Non-clocked sequential cell  
The clock pin u_tpu_top/dbg_conv1_output_write_cycles_o_reg[7]/C is not reached by a timing clock
Related violations: <none>

TIMING-17#341 Critical Warning
Non-clocked sequential cell  
The clock pin u_tpu_top/dbg_conv1_output_write_cycles_o_reg[8]/C is not reached by a timing clock
Related violations: <none>

TIMING-17#342 Critical Warning
Non-clocked sequential cell  
The clock pin u_tpu_top/dbg_conv1_output_write_cycles_o_reg[9]/C is not reached by a timing clock
Related violations: <none>

TIMING-17#343 Critical Warning
Non-clocked sequential cell  
The clock pin u_tpu_top/dbg_conv1_useful_mac_count_o_reg[0]/C is not reached by a timing clock
Related violations: <none>

TIMING-17#344 Critical Warning
Non-clocked sequential cell  
The clock pin u_tpu_top/dbg_conv1_useful_mac_count_o_reg[10]/C is not reached by a timing clock
Related violations: <none>

TIMING-17#345 Critical Warning
Non-clocked sequential cell  
The clock pin u_tpu_top/dbg_conv1_useful_mac_count_o_reg[11]/C is not reached by a timing clock
Related violations: <none>

TIMING-17#346 Critical Warning
Non-clocked sequential cell  
The clock pin u_tpu_top/dbg_conv1_useful_mac_count_o_reg[12]/C is not reached by a timing clock
Related violations: <none>

TIMING-17#347 Critical Warning
Non-clocked sequential cell  
The clock pin u_tpu_top/dbg_conv1_useful_mac_count_o_reg[13]/C is not reached by a timing clock
Related violations: <none>

TIMING-17#348 Critical Warning
Non-clocked sequential cell  
The clock pin u_tpu_top/dbg_conv1_useful_mac_count_o_reg[14]/C is not reached by a timing clock
Related violations: <none>

TIMING-17#349 Critical Warning
Non-clocked sequential cell  
The clock pin u_tpu_top/dbg_conv1_useful_mac_count_o_reg[15]/C is not reached by a timing clock
Related violations: <none>

TIMING-17#350 Critical Warning
Non-clocked sequential cell  
The clock pin u_tpu_top/dbg_conv1_useful_mac_count_o_reg[16]/C is not reached by a timing clock
Related violations: <none>

TIMING-17#351 Critical Warning
Non-clocked sequential cell  
The clock pin u_tpu_top/dbg_conv1_useful_mac_count_o_reg[17]/C is not reached by a timing clock
Related violations: <none>

TIMING-17#352 Critical Warning
Non-clocked sequential cell  
The clock pin u_tpu_top/dbg_conv1_useful_mac_count_o_reg[18]/C is not reached by a timing clock
Related violations: <none>

TIMING-17#353 Critical Warning
Non-clocked sequential cell  
The clock pin u_tpu_top/dbg_conv1_useful_mac_count_o_reg[19]/C is not reached by a timing clock
Related violations: <none>

TIMING-17#354 Critical Warning
Non-clocked sequential cell  
The clock pin u_tpu_top/dbg_conv1_useful_mac_count_o_reg[1]/C is not reached by a timing clock
Related violations: <none>

TIMING-17#355 Critical Warning
Non-clocked sequential cell  
The clock pin u_tpu_top/dbg_conv1_useful_mac_count_o_reg[20]/C is not reached by a timing clock
Related violations: <none>

TIMING-17#356 Critical Warning
Non-clocked sequential cell  
The clock pin u_tpu_top/dbg_conv1_useful_mac_count_o_reg[21]/C is not reached by a timing clock
Related violations: <none>

TIMING-17#357 Critical Warning
Non-clocked sequential cell  
The clock pin u_tpu_top/dbg_conv1_useful_mac_count_o_reg[22]/C is not reached by a timing clock
Related violations: <none>

TIMING-17#358 Critical Warning
Non-clocked sequential cell  
The clock pin u_tpu_top/dbg_conv1_useful_mac_count_o_reg[23]/C is not reached by a timing clock
Related violations: <none>

TIMING-17#359 Critical Warning
Non-clocked sequential cell  
The clock pin u_tpu_top/dbg_conv1_useful_mac_count_o_reg[24]/C is not reached by a timing clock
Related violations: <none>

TIMING-17#360 Critical Warning
Non-clocked sequential cell  
The clock pin u_tpu_top/dbg_conv1_useful_mac_count_o_reg[25]/C is not reached by a timing clock
Related violations: <none>

TIMING-17#361 Critical Warning
Non-clocked sequential cell  
The clock pin u_tpu_top/dbg_conv1_useful_mac_count_o_reg[26]/C is not reached by a timing clock
Related violations: <none>

TIMING-17#362 Critical Warning
Non-clocked sequential cell  
The clock pin u_tpu_top/dbg_conv1_useful_mac_count_o_reg[27]/C is not reached by a timing clock
Related violations: <none>

TIMING-17#363 Critical Warning
Non-clocked sequential cell  
The clock pin u_tpu_top/dbg_conv1_useful_mac_count_o_reg[28]/C is not reached by a timing clock
Related violations: <none>

TIMING-17#364 Critical Warning
Non-clocked sequential cell  
The clock pin u_tpu_top/dbg_conv1_useful_mac_count_o_reg[29]/C is not reached by a timing clock
Related violations: <none>

TIMING-17#365 Critical Warning
Non-clocked sequential cell  
The clock pin u_tpu_top/dbg_conv1_useful_mac_count_o_reg[2]/C is not reached by a timing clock
Related violations: <none>

TIMING-17#366 Critical Warning
Non-clocked sequential cell  
The clock pin u_tpu_top/dbg_conv1_useful_mac_count_o_reg[30]/C is not reached by a timing clock
Related violations: <none>

TIMING-17#367 Critical Warning
Non-clocked sequential cell  
The clock pin u_tpu_top/dbg_conv1_useful_mac_count_o_reg[31]/C is not reached by a timing clock
Related violations: <none>

TIMING-17#368 Critical Warning
Non-clocked sequential cell  
The clock pin u_tpu_top/dbg_conv1_useful_mac_count_o_reg[3]/C is not reached by a timing clock
Related violations: <none>

TIMING-17#369 Critical Warning
Non-clocked sequential cell  
The clock pin u_tpu_top/dbg_conv1_useful_mac_count_o_reg[4]/C is not reached by a timing clock
Related violations: <none>

TIMING-17#370 Critical Warning
Non-clocked sequential cell  
The clock pin u_tpu_top/dbg_conv1_useful_mac_count_o_reg[5]/C is not reached by a timing clock
Related violations: <none>

TIMING-17#371 Critical Warning
Non-clocked sequential cell  
The clock pin u_tpu_top/dbg_conv1_useful_mac_count_o_reg[6]/C is not reached by a timing clock
Related violations: <none>

TIMING-17#372 Critical Warning
Non-clocked sequential cell  
The clock pin u_tpu_top/dbg_conv1_useful_mac_count_o_reg[7]/C is not reached by a timing clock
Related violations: <none>

TIMING-17#373 Critical Warning
Non-clocked sequential cell  
The clock pin u_tpu_top/dbg_conv1_useful_mac_count_o_reg[8]/C is not reached by a timing clock
Related violations: <none>

TIMING-17#374 Critical Warning
Non-clocked sequential cell  
The clock pin u_tpu_top/dbg_conv1_useful_mac_count_o_reg[9]/C is not reached by a timing clock
Related violations: <none>

TIMING-17#375 Critical Warning
Non-clocked sequential cell  
The clock pin u_tpu_top/dbg_conv1_valid_mac_count_o_reg[0]/C is not reached by a timing clock
Related violations: <none>

TIMING-17#376 Critical Warning
Non-clocked sequential cell  
The clock pin u_tpu_top/dbg_conv1_valid_mac_count_o_reg[10]/C is not reached by a timing clock
Related violations: <none>

TIMING-17#377 Critical Warning
Non-clocked sequential cell  
The clock pin u_tpu_top/dbg_conv1_valid_mac_count_o_reg[11]/C is not reached by a timing clock
Related violations: <none>

TIMING-17#378 Critical Warning
Non-clocked sequential cell  
The clock pin u_tpu_top/dbg_conv1_valid_mac_count_o_reg[12]/C is not reached by a timing clock
Related violations: <none>

TIMING-17#379 Critical Warning
Non-clocked sequential cell  
The clock pin u_tpu_top/dbg_conv1_valid_mac_count_o_reg[13]/C is not reached by a timing clock
Related violations: <none>

TIMING-17#380 Critical Warning
Non-clocked sequential cell  
The clock pin u_tpu_top/dbg_conv1_valid_mac_count_o_reg[14]/C is not reached by a timing clock
Related violations: <none>

TIMING-17#381 Critical Warning
Non-clocked sequential cell  
The clock pin u_tpu_top/dbg_conv1_valid_mac_count_o_reg[15]/C is not reached by a timing clock
Related violations: <none>

TIMING-17#382 Critical Warning
Non-clocked sequential cell  
The clock pin u_tpu_top/dbg_conv1_valid_mac_count_o_reg[16]/C is not reached by a timing clock
Related violations: <none>

TIMING-17#383 Critical Warning
Non-clocked sequential cell  
The clock pin u_tpu_top/dbg_conv1_valid_mac_count_o_reg[17]/C is not reached by a timing clock
Related violations: <none>

TIMING-17#384 Critical Warning
Non-clocked sequential cell  
The clock pin u_tpu_top/dbg_conv1_valid_mac_count_o_reg[18]/C is not reached by a timing clock
Related violations: <none>

TIMING-17#385 Critical Warning
Non-clocked sequential cell  
The clock pin u_tpu_top/dbg_conv1_valid_mac_count_o_reg[19]/C is not reached by a timing clock
Related violations: <none>

TIMING-17#386 Critical Warning
Non-clocked sequential cell  
The clock pin u_tpu_top/dbg_conv1_valid_mac_count_o_reg[1]/C is not reached by a timing clock
Related violations: <none>

TIMING-17#387 Critical Warning
Non-clocked sequential cell  
The clock pin u_tpu_top/dbg_conv1_valid_mac_count_o_reg[20]/C is not reached by a timing clock
Related violations: <none>

TIMING-17#388 Critical Warning
Non-clocked sequential cell  
The clock pin u_tpu_top/dbg_conv1_valid_mac_count_o_reg[21]/C is not reached by a timing clock
Related violations: <none>

TIMING-17#389 Critical Warning
Non-clocked sequential cell  
The clock pin u_tpu_top/dbg_conv1_valid_mac_count_o_reg[22]/C is not reached by a timing clock
Related violations: <none>

TIMING-17#390 Critical Warning
Non-clocked sequential cell  
The clock pin u_tpu_top/dbg_conv1_valid_mac_count_o_reg[23]/C is not reached by a timing clock
Related violations: <none>

TIMING-17#391 Critical Warning
Non-clocked sequential cell  
The clock pin u_tpu_top/dbg_conv1_valid_mac_count_o_reg[24]/C is not reached by a timing clock
Related violations: <none>

TIMING-17#392 Critical Warning
Non-clocked sequential cell  
The clock pin u_tpu_top/dbg_conv1_valid_mac_count_o_reg[25]/C is not reached by a timing clock
Related violations: <none>

TIMING-17#393 Critical Warning
Non-clocked sequential cell  
The clock pin u_tpu_top/dbg_conv1_valid_mac_count_o_reg[26]/C is not reached by a timing clock
Related violations: <none>

TIMING-17#394 Critical Warning
Non-clocked sequential cell  
The clock pin u_tpu_top/dbg_conv1_valid_mac_count_o_reg[27]/C is not reached by a timing clock
Related violations: <none>

TIMING-17#395 Critical Warning
Non-clocked sequential cell  
The clock pin u_tpu_top/dbg_conv1_valid_mac_count_o_reg[28]/C is not reached by a timing clock
Related violations: <none>

TIMING-17#396 Critical Warning
Non-clocked sequential cell  
The clock pin u_tpu_top/dbg_conv1_valid_mac_count_o_reg[29]/C is not reached by a timing clock
Related violations: <none>

TIMING-17#397 Critical Warning
Non-clocked sequential cell  
The clock pin u_tpu_top/dbg_conv1_valid_mac_count_o_reg[2]/C is not reached by a timing clock
Related violations: <none>

TIMING-17#398 Critical Warning
Non-clocked sequential cell  
The clock pin u_tpu_top/dbg_conv1_valid_mac_count_o_reg[30]/C is not reached by a timing clock
Related violations: <none>

TIMING-17#399 Critical Warning
Non-clocked sequential cell  
The clock pin u_tpu_top/dbg_conv1_valid_mac_count_o_reg[31]/C is not reached by a timing clock
Related violations: <none>

TIMING-17#400 Critical Warning
Non-clocked sequential cell  
The clock pin u_tpu_top/dbg_conv1_valid_mac_count_o_reg[3]/C is not reached by a timing clock
Related violations: <none>

TIMING-17#401 Critical Warning
Non-clocked sequential cell  
The clock pin u_tpu_top/dbg_conv1_valid_mac_count_o_reg[4]/C is not reached by a timing clock
Related violations: <none>

TIMING-17#402 Critical Warning
Non-clocked sequential cell  
The clock pin u_tpu_top/dbg_conv1_valid_mac_count_o_reg[5]/C is not reached by a timing clock
Related violations: <none>

TIMING-17#403 Critical Warning
Non-clocked sequential cell  
The clock pin u_tpu_top/dbg_conv1_valid_mac_count_o_reg[6]/C is not reached by a timing clock
Related violations: <none>

TIMING-17#404 Critical Warning
Non-clocked sequential cell  
The clock pin u_tpu_top/dbg_conv1_valid_mac_count_o_reg[7]/C is not reached by a timing clock
Related violations: <none>

TIMING-17#405 Critical Warning
Non-clocked sequential cell  
The clock pin u_tpu_top/dbg_conv1_valid_mac_count_o_reg[8]/C is not reached by a timing clock
Related violations: <none>

TIMING-17#406 Critical Warning
Non-clocked sequential cell  
The clock pin u_tpu_top/dbg_conv1_valid_mac_count_o_reg[9]/C is not reached by a timing clock
Related violations: <none>

TIMING-17#407 Critical Warning
Non-clocked sequential cell  
The clock pin u_tpu_top/dbg_conv1_vpu_cycles_o_reg[0]/C is not reached by a timing clock
Related violations: <none>

TIMING-17#408 Critical Warning
Non-clocked sequential cell  
The clock pin u_tpu_top/dbg_conv1_vpu_cycles_o_reg[10]/C is not reached by a timing clock
Related violations: <none>

TIMING-17#409 Critical Warning
Non-clocked sequential cell  
The clock pin u_tpu_top/dbg_conv1_vpu_cycles_o_reg[11]/C is not reached by a timing clock
Related violations: <none>

TIMING-17#410 Critical Warning
Non-clocked sequential cell  
The clock pin u_tpu_top/dbg_conv1_vpu_cycles_o_reg[12]/C is not reached by a timing clock
Related violations: <none>

TIMING-17#411 Critical Warning
Non-clocked sequential cell  
The clock pin u_tpu_top/dbg_conv1_vpu_cycles_o_reg[13]/C is not reached by a timing clock
Related violations: <none>

TIMING-17#412 Critical Warning
Non-clocked sequential cell  
The clock pin u_tpu_top/dbg_conv1_vpu_cycles_o_reg[14]/C is not reached by a timing clock
Related violations: <none>

TIMING-17#413 Critical Warning
Non-clocked sequential cell  
The clock pin u_tpu_top/dbg_conv1_vpu_cycles_o_reg[15]/C is not reached by a timing clock
Related violations: <none>

TIMING-17#414 Critical Warning
Non-clocked sequential cell  
The clock pin u_tpu_top/dbg_conv1_vpu_cycles_o_reg[16]/C is not reached by a timing clock
Related violations: <none>

TIMING-17#415 Critical Warning
Non-clocked sequential cell  
The clock pin u_tpu_top/dbg_conv1_vpu_cycles_o_reg[17]/C is not reached by a timing clock
Related violations: <none>

TIMING-17#416 Critical Warning
Non-clocked sequential cell  
The clock pin u_tpu_top/dbg_conv1_vpu_cycles_o_reg[18]/C is not reached by a timing clock
Related violations: <none>

TIMING-17#417 Critical Warning
Non-clocked sequential cell  
The clock pin u_tpu_top/dbg_conv1_vpu_cycles_o_reg[19]/C is not reached by a timing clock
Related violations: <none>

TIMING-17#418 Critical Warning
Non-clocked sequential cell  
The clock pin u_tpu_top/dbg_conv1_vpu_cycles_o_reg[1]/C is not reached by a timing clock
Related violations: <none>

TIMING-17#419 Critical Warning
Non-clocked sequential cell  
The clock pin u_tpu_top/dbg_conv1_vpu_cycles_o_reg[20]/C is not reached by a timing clock
Related violations: <none>

TIMING-17#420 Critical Warning
Non-clocked sequential cell  
The clock pin u_tpu_top/dbg_conv1_vpu_cycles_o_reg[21]/C is not reached by a timing clock
Related violations: <none>

TIMING-17#421 Critical Warning
Non-clocked sequential cell  
The clock pin u_tpu_top/dbg_conv1_vpu_cycles_o_reg[22]/C is not reached by a timing clock
Related violations: <none>

TIMING-17#422 Critical Warning
Non-clocked sequential cell  
The clock pin u_tpu_top/dbg_conv1_vpu_cycles_o_reg[23]/C is not reached by a timing clock
Related violations: <none>

TIMING-17#423 Critical Warning
Non-clocked sequential cell  
The clock pin u_tpu_top/dbg_conv1_vpu_cycles_o_reg[24]/C is not reached by a timing clock
Related violations: <none>

TIMING-17#424 Critical Warning
Non-clocked sequential cell  
The clock pin u_tpu_top/dbg_conv1_vpu_cycles_o_reg[25]/C is not reached by a timing clock
Related violations: <none>

TIMING-17#425 Critical Warning
Non-clocked sequential cell  
The clock pin u_tpu_top/dbg_conv1_vpu_cycles_o_reg[26]/C is not reached by a timing clock
Related violations: <none>

TIMING-17#426 Critical Warning
Non-clocked sequential cell  
The clock pin u_tpu_top/dbg_conv1_vpu_cycles_o_reg[27]/C is not reached by a timing clock
Related violations: <none>

TIMING-17#427 Critical Warning
Non-clocked sequential cell  
The clock pin u_tpu_top/dbg_conv1_vpu_cycles_o_reg[28]/C is not reached by a timing clock
Related violations: <none>

TIMING-17#428 Critical Warning
Non-clocked sequential cell  
The clock pin u_tpu_top/dbg_conv1_vpu_cycles_o_reg[29]/C is not reached by a timing clock
Related violations: <none>

TIMING-17#429 Critical Warning
Non-clocked sequential cell  
The clock pin u_tpu_top/dbg_conv1_vpu_cycles_o_reg[2]/C is not reached by a timing clock
Related violations: <none>

TIMING-17#430 Critical Warning
Non-clocked sequential cell  
The clock pin u_tpu_top/dbg_conv1_vpu_cycles_o_reg[30]/C is not reached by a timing clock
Related violations: <none>

TIMING-17#431 Critical Warning
Non-clocked sequential cell  
The clock pin u_tpu_top/dbg_conv1_vpu_cycles_o_reg[31]/C is not reached by a timing clock
Related violations: <none>

TIMING-17#432 Critical Warning
Non-clocked sequential cell  
The clock pin u_tpu_top/dbg_conv1_vpu_cycles_o_reg[3]/C is not reached by a timing clock
Related violations: <none>

TIMING-17#433 Critical Warning
Non-clocked sequential cell  
The clock pin u_tpu_top/dbg_conv1_vpu_cycles_o_reg[4]/C is not reached by a timing clock
Related violations: <none>

TIMING-17#434 Critical Warning
Non-clocked sequential cell  
The clock pin u_tpu_top/dbg_conv1_vpu_cycles_o_reg[5]/C is not reached by a timing clock
Related violations: <none>

TIMING-17#435 Critical Warning
Non-clocked sequential cell  
The clock pin u_tpu_top/dbg_conv1_vpu_cycles_o_reg[6]/C is not reached by a timing clock
Related violations: <none>

TIMING-17#436 Critical Warning
Non-clocked sequential cell  
The clock pin u_tpu_top/dbg_conv1_vpu_cycles_o_reg[7]/C is not reached by a timing clock
Related violations: <none>

TIMING-17#437 Critical Warning
Non-clocked sequential cell  
The clock pin u_tpu_top/dbg_conv1_vpu_cycles_o_reg[8]/C is not reached by a timing clock
Related violations: <none>

TIMING-17#438 Critical Warning
Non-clocked sequential cell  
The clock pin u_tpu_top/dbg_conv1_vpu_cycles_o_reg[9]/C is not reached by a timing clock
Related violations: <none>

TIMING-17#439 Critical Warning
Non-clocked sequential cell  
The clock pin u_tpu_top/dbg_conv1_weight_load_cycles_o_reg[0]/C is not reached by a timing clock
Related violations: <none>

TIMING-17#440 Critical Warning
Non-clocked sequential cell  
The clock pin u_tpu_top/dbg_conv1_weight_load_cycles_o_reg[10]/C is not reached by a timing clock
Related violations: <none>

TIMING-17#441 Critical Warning
Non-clocked sequential cell  
The clock pin u_tpu_top/dbg_conv1_weight_load_cycles_o_reg[11]/C is not reached by a timing clock
Related violations: <none>

TIMING-17#442 Critical Warning
Non-clocked sequential cell  
The clock pin u_tpu_top/dbg_conv1_weight_load_cycles_o_reg[12]/C is not reached by a timing clock
Related violations: <none>

TIMING-17#443 Critical Warning
Non-clocked sequential cell  
The clock pin u_tpu_top/dbg_conv1_weight_load_cycles_o_reg[13]/C is not reached by a timing clock
Related violations: <none>

TIMING-17#444 Critical Warning
Non-clocked sequential cell  
The clock pin u_tpu_top/dbg_conv1_weight_load_cycles_o_reg[14]/C is not reached by a timing clock
Related violations: <none>

TIMING-17#445 Critical Warning
Non-clocked sequential cell  
The clock pin u_tpu_top/dbg_conv1_weight_load_cycles_o_reg[15]/C is not reached by a timing clock
Related violations: <none>

TIMING-17#446 Critical Warning
Non-clocked sequential cell  
The clock pin u_tpu_top/dbg_conv1_weight_load_cycles_o_reg[16]/C is not reached by a timing clock
Related violations: <none>

TIMING-17#447 Critical Warning
Non-clocked sequential cell  
The clock pin u_tpu_top/dbg_conv1_weight_load_cycles_o_reg[17]/C is not reached by a timing clock
Related violations: <none>

TIMING-17#448 Critical Warning
Non-clocked sequential cell  
The clock pin u_tpu_top/dbg_conv1_weight_load_cycles_o_reg[18]/C is not reached by a timing clock
Related violations: <none>

TIMING-17#449 Critical Warning
Non-clocked sequential cell  
The clock pin u_tpu_top/dbg_conv1_weight_load_cycles_o_reg[19]/C is not reached by a timing clock
Related violations: <none>

TIMING-17#450 Critical Warning
Non-clocked sequential cell  
The clock pin u_tpu_top/dbg_conv1_weight_load_cycles_o_reg[1]/C is not reached by a timing clock
Related violations: <none>

TIMING-17#451 Critical Warning
Non-clocked sequential cell  
The clock pin u_tpu_top/dbg_conv1_weight_load_cycles_o_reg[20]/C is not reached by a timing clock
Related violations: <none>

TIMING-17#452 Critical Warning
Non-clocked sequential cell  
The clock pin u_tpu_top/dbg_conv1_weight_load_cycles_o_reg[21]/C is not reached by a timing clock
Related violations: <none>

TIMING-17#453 Critical Warning
Non-clocked sequential cell  
The clock pin u_tpu_top/dbg_conv1_weight_load_cycles_o_reg[22]/C is not reached by a timing clock
Related violations: <none>

TIMING-17#454 Critical Warning
Non-clocked sequential cell  
The clock pin u_tpu_top/dbg_conv1_weight_load_cycles_o_reg[23]/C is not reached by a timing clock
Related violations: <none>

TIMING-17#455 Critical Warning
Non-clocked sequential cell  
The clock pin u_tpu_top/dbg_conv1_weight_load_cycles_o_reg[24]/C is not reached by a timing clock
Related violations: <none>

TIMING-17#456 Critical Warning
Non-clocked sequential cell  
The clock pin u_tpu_top/dbg_conv1_weight_load_cycles_o_reg[25]/C is not reached by a timing clock
Related violations: <none>

TIMING-17#457 Critical Warning
Non-clocked sequential cell  
The clock pin u_tpu_top/dbg_conv1_weight_load_cycles_o_reg[26]/C is not reached by a timing clock
Related violations: <none>

TIMING-17#458 Critical Warning
Non-clocked sequential cell  
The clock pin u_tpu_top/dbg_conv1_weight_load_cycles_o_reg[27]/C is not reached by a timing clock
Related violations: <none>

TIMING-17#459 Critical Warning
Non-clocked sequential cell  
The clock pin u_tpu_top/dbg_conv1_weight_load_cycles_o_reg[28]/C is not reached by a timing clock
Related violations: <none>

TIMING-17#460 Critical Warning
Non-clocked sequential cell  
The clock pin u_tpu_top/dbg_conv1_weight_load_cycles_o_reg[29]/C is not reached by a timing clock
Related violations: <none>

TIMING-17#461 Critical Warning
Non-clocked sequential cell  
The clock pin u_tpu_top/dbg_conv1_weight_load_cycles_o_reg[2]/C is not reached by a timing clock
Related violations: <none>

TIMING-17#462 Critical Warning
Non-clocked sequential cell  
The clock pin u_tpu_top/dbg_conv1_weight_load_cycles_o_reg[30]/C is not reached by a timing clock
Related violations: <none>

TIMING-17#463 Critical Warning
Non-clocked sequential cell  
The clock pin u_tpu_top/dbg_conv1_weight_load_cycles_o_reg[31]/C is not reached by a timing clock
Related violations: <none>

TIMING-17#464 Critical Warning
Non-clocked sequential cell  
The clock pin u_tpu_top/dbg_conv1_weight_load_cycles_o_reg[3]/C is not reached by a timing clock
Related violations: <none>

TIMING-17#465 Critical Warning
Non-clocked sequential cell  
The clock pin u_tpu_top/dbg_conv1_weight_load_cycles_o_reg[4]/C is not reached by a timing clock
Related violations: <none>

TIMING-17#466 Critical Warning
Non-clocked sequential cell  
The clock pin u_tpu_top/dbg_conv1_weight_load_cycles_o_reg[5]/C is not reached by a timing clock
Related violations: <none>

TIMING-17#467 Critical Warning
Non-clocked sequential cell  
The clock pin u_tpu_top/dbg_conv1_weight_load_cycles_o_reg[6]/C is not reached by a timing clock
Related violations: <none>

TIMING-17#468 Critical Warning
Non-clocked sequential cell  
The clock pin u_tpu_top/dbg_conv1_weight_load_cycles_o_reg[7]/C is not reached by a timing clock
Related violations: <none>

TIMING-17#469 Critical Warning
Non-clocked sequential cell  
The clock pin u_tpu_top/dbg_conv1_weight_load_cycles_o_reg[8]/C is not reached by a timing clock
Related violations: <none>

TIMING-17#470 Critical Warning
Non-clocked sequential cell  
The clock pin u_tpu_top/dbg_conv1_weight_load_cycles_o_reg[9]/C is not reached by a timing clock
Related violations: <none>

TIMING-17#471 Critical Warning
Non-clocked sequential cell  
The clock pin u_tpu_top/dbg_conv2_accumulator_cycles_o_reg[0]/C is not reached by a timing clock
Related violations: <none>

TIMING-17#472 Critical Warning
Non-clocked sequential cell  
The clock pin u_tpu_top/dbg_conv2_accumulator_cycles_o_reg[10]/C is not reached by a timing clock
Related violations: <none>

TIMING-17#473 Critical Warning
Non-clocked sequential cell  
The clock pin u_tpu_top/dbg_conv2_accumulator_cycles_o_reg[11]/C is not reached by a timing clock
Related violations: <none>

TIMING-17#474 Critical Warning
Non-clocked sequential cell  
The clock pin u_tpu_top/dbg_conv2_accumulator_cycles_o_reg[12]/C is not reached by a timing clock
Related violations: <none>

TIMING-17#475 Critical Warning
Non-clocked sequential cell  
The clock pin u_tpu_top/dbg_conv2_accumulator_cycles_o_reg[13]/C is not reached by a timing clock
Related violations: <none>

TIMING-17#476 Critical Warning
Non-clocked sequential cell  
The clock pin u_tpu_top/dbg_conv2_accumulator_cycles_o_reg[14]/C is not reached by a timing clock
Related violations: <none>

TIMING-17#477 Critical Warning
Non-clocked sequential cell  
The clock pin u_tpu_top/dbg_conv2_accumulator_cycles_o_reg[15]/C is not reached by a timing clock
Related violations: <none>

TIMING-17#478 Critical Warning
Non-clocked sequential cell  
The clock pin u_tpu_top/dbg_conv2_accumulator_cycles_o_reg[16]/C is not reached by a timing clock
Related violations: <none>

TIMING-17#479 Critical Warning
Non-clocked sequential cell  
The clock pin u_tpu_top/dbg_conv2_accumulator_cycles_o_reg[17]/C is not reached by a timing clock
Related violations: <none>

TIMING-17#480 Critical Warning
Non-clocked sequential cell  
The clock pin u_tpu_top/dbg_conv2_accumulator_cycles_o_reg[18]/C is not reached by a timing clock
Related violations: <none>

TIMING-17#481 Critical Warning
Non-clocked sequential cell  
The clock pin u_tpu_top/dbg_conv2_accumulator_cycles_o_reg[19]/C is not reached by a timing clock
Related violations: <none>

TIMING-17#482 Critical Warning
Non-clocked sequential cell  
The clock pin u_tpu_top/dbg_conv2_accumulator_cycles_o_reg[1]/C is not reached by a timing clock
Related violations: <none>

TIMING-17#483 Critical Warning
Non-clocked sequential cell  
The clock pin u_tpu_top/dbg_conv2_accumulator_cycles_o_reg[20]/C is not reached by a timing clock
Related violations: <none>

TIMING-17#484 Critical Warning
Non-clocked sequential cell  
The clock pin u_tpu_top/dbg_conv2_accumulator_cycles_o_reg[21]/C is not reached by a timing clock
Related violations: <none>

TIMING-17#485 Critical Warning
Non-clocked sequential cell  
The clock pin u_tpu_top/dbg_conv2_accumulator_cycles_o_reg[22]/C is not reached by a timing clock
Related violations: <none>

TIMING-17#486 Critical Warning
Non-clocked sequential cell  
The clock pin u_tpu_top/dbg_conv2_accumulator_cycles_o_reg[23]/C is not reached by a timing clock
Related violations: <none>

TIMING-17#487 Critical Warning
Non-clocked sequential cell  
The clock pin u_tpu_top/dbg_conv2_accumulator_cycles_o_reg[24]/C is not reached by a timing clock
Related violations: <none>

TIMING-17#488 Critical Warning
Non-clocked sequential cell  
The clock pin u_tpu_top/dbg_conv2_accumulator_cycles_o_reg[25]/C is not reached by a timing clock
Related violations: <none>

TIMING-17#489 Critical Warning
Non-clocked sequential cell  
The clock pin u_tpu_top/dbg_conv2_accumulator_cycles_o_reg[26]/C is not reached by a timing clock
Related violations: <none>

TIMING-17#490 Critical Warning
Non-clocked sequential cell  
The clock pin u_tpu_top/dbg_conv2_accumulator_cycles_o_reg[27]/C is not reached by a timing clock
Related violations: <none>

TIMING-17#491 Critical Warning
Non-clocked sequential cell  
The clock pin u_tpu_top/dbg_conv2_accumulator_cycles_o_reg[28]/C is not reached by a timing clock
Related violations: <none>

TIMING-17#492 Critical Warning
Non-clocked sequential cell  
The clock pin u_tpu_top/dbg_conv2_accumulator_cycles_o_reg[29]/C is not reached by a timing clock
Related violations: <none>

TIMING-17#493 Critical Warning
Non-clocked sequential cell  
The clock pin u_tpu_top/dbg_conv2_accumulator_cycles_o_reg[2]/C is not reached by a timing clock
Related violations: <none>

TIMING-17#494 Critical Warning
Non-clocked sequential cell  
The clock pin u_tpu_top/dbg_conv2_accumulator_cycles_o_reg[30]/C is not reached by a timing clock
Related violations: <none>

TIMING-17#495 Critical Warning
Non-clocked sequential cell  
The clock pin u_tpu_top/dbg_conv2_accumulator_cycles_o_reg[31]/C is not reached by a timing clock
Related violations: <none>

TIMING-17#496 Critical Warning
Non-clocked sequential cell  
The clock pin u_tpu_top/dbg_conv2_accumulator_cycles_o_reg[3]/C is not reached by a timing clock
Related violations: <none>

TIMING-17#497 Critical Warning
Non-clocked sequential cell  
The clock pin u_tpu_top/dbg_conv2_accumulator_cycles_o_reg[4]/C is not reached by a timing clock
Related violations: <none>

TIMING-17#498 Critical Warning
Non-clocked sequential cell  
The clock pin u_tpu_top/dbg_conv2_accumulator_cycles_o_reg[5]/C is not reached by a timing clock
Related violations: <none>

TIMING-17#499 Critical Warning
Non-clocked sequential cell  
The clock pin u_tpu_top/dbg_conv2_accumulator_cycles_o_reg[6]/C is not reached by a timing clock
Related violations: <none>

TIMING-17#500 Critical Warning
Non-clocked sequential cell  
The clock pin u_tpu_top/dbg_conv2_accumulator_cycles_o_reg[7]/C is not reached by a timing clock
Related violations: <none>

TIMING-17#501 Critical Warning
Non-clocked sequential cell  
The clock pin u_tpu_top/dbg_conv2_accumulator_cycles_o_reg[8]/C is not reached by a timing clock
Related violations: <none>

TIMING-17#502 Critical Warning
Non-clocked sequential cell  
The clock pin u_tpu_top/dbg_conv2_accumulator_cycles_o_reg[9]/C is not reached by a timing clock
Related violations: <none>

TIMING-17#503 Critical Warning
Non-clocked sequential cell  
The clock pin u_tpu_top/dbg_conv2_activation_fetch_cycles_o_reg[0]/C is not reached by a timing clock
Related violations: <none>

TIMING-17#504 Critical Warning
Non-clocked sequential cell  
The clock pin u_tpu_top/dbg_conv2_activation_fetch_cycles_o_reg[10]/C is not reached by a timing clock
Related violations: <none>

TIMING-17#505 Critical Warning
Non-clocked sequential cell  
The clock pin u_tpu_top/dbg_conv2_activation_fetch_cycles_o_reg[11]/C is not reached by a timing clock
Related violations: <none>

TIMING-17#506 Critical Warning
Non-clocked sequential cell  
The clock pin u_tpu_top/dbg_conv2_activation_fetch_cycles_o_reg[12]/C is not reached by a timing clock
Related violations: <none>

TIMING-17#507 Critical Warning
Non-clocked sequential cell  
The clock pin u_tpu_top/dbg_conv2_activation_fetch_cycles_o_reg[13]/C is not reached by a timing clock
Related violations: <none>

TIMING-17#508 Critical Warning
Non-clocked sequential cell  
The clock pin u_tpu_top/dbg_conv2_activation_fetch_cycles_o_reg[14]/C is not reached by a timing clock
Related violations: <none>

TIMING-17#509 Critical Warning
Non-clocked sequential cell  
The clock pin u_tpu_top/dbg_conv2_activation_fetch_cycles_o_reg[15]/C is not reached by a timing clock
Related violations: <none>

TIMING-17#510 Critical Warning
Non-clocked sequential cell  
The clock pin u_tpu_top/dbg_conv2_activation_fetch_cycles_o_reg[16]/C is not reached by a timing clock
Related violations: <none>

TIMING-17#511 Critical Warning
Non-clocked sequential cell  
The clock pin u_tpu_top/dbg_conv2_activation_fetch_cycles_o_reg[17]/C is not reached by a timing clock
Related violations: <none>

TIMING-17#512 Critical Warning
Non-clocked sequential cell  
The clock pin u_tpu_top/dbg_conv2_activation_fetch_cycles_o_reg[18]/C is not reached by a timing clock
Related violations: <none>

TIMING-17#513 Critical Warning
Non-clocked sequential cell  
The clock pin u_tpu_top/dbg_conv2_activation_fetch_cycles_o_reg[19]/C is not reached by a timing clock
Related violations: <none>

TIMING-17#514 Critical Warning
Non-clocked sequential cell  
The clock pin u_tpu_top/dbg_conv2_activation_fetch_cycles_o_reg[1]/C is not reached by a timing clock
Related violations: <none>

TIMING-17#515 Critical Warning
Non-clocked sequential cell  
The clock pin u_tpu_top/dbg_conv2_activation_fetch_cycles_o_reg[20]/C is not reached by a timing clock
Related violations: <none>

TIMING-17#516 Critical Warning
Non-clocked sequential cell  
The clock pin u_tpu_top/dbg_conv2_activation_fetch_cycles_o_reg[21]/C is not reached by a timing clock
Related violations: <none>

TIMING-17#517 Critical Warning
Non-clocked sequential cell  
The clock pin u_tpu_top/dbg_conv2_activation_fetch_cycles_o_reg[22]/C is not reached by a timing clock
Related violations: <none>

TIMING-17#518 Critical Warning
Non-clocked sequential cell  
The clock pin u_tpu_top/dbg_conv2_activation_fetch_cycles_o_reg[23]/C is not reached by a timing clock
Related violations: <none>

TIMING-17#519 Critical Warning
Non-clocked sequential cell  
The clock pin u_tpu_top/dbg_conv2_activation_fetch_cycles_o_reg[24]/C is not reached by a timing clock
Related violations: <none>

TIMING-17#520 Critical Warning
Non-clocked sequential cell  
The clock pin u_tpu_top/dbg_conv2_activation_fetch_cycles_o_reg[25]/C is not reached by a timing clock
Related violations: <none>

TIMING-17#521 Critical Warning
Non-clocked sequential cell  
The clock pin u_tpu_top/dbg_conv2_activation_fetch_cycles_o_reg[26]/C is not reached by a timing clock
Related violations: <none>

TIMING-17#522 Critical Warning
Non-clocked sequential cell  
The clock pin u_tpu_top/dbg_conv2_activation_fetch_cycles_o_reg[27]/C is not reached by a timing clock
Related violations: <none>

TIMING-17#523 Critical Warning
Non-clocked sequential cell  
The clock pin u_tpu_top/dbg_conv2_activation_fetch_cycles_o_reg[28]/C is not reached by a timing clock
Related violations: <none>

TIMING-17#524 Critical Warning
Non-clocked sequential cell  
The clock pin u_tpu_top/dbg_conv2_activation_fetch_cycles_o_reg[29]/C is not reached by a timing clock
Related violations: <none>

TIMING-17#525 Critical Warning
Non-clocked sequential cell  
The clock pin u_tpu_top/dbg_conv2_activation_fetch_cycles_o_reg[2]/C is not reached by a timing clock
Related violations: <none>

TIMING-17#526 Critical Warning
Non-clocked sequential cell  
The clock pin u_tpu_top/dbg_conv2_activation_fetch_cycles_o_reg[30]/C is not reached by a timing clock
Related violations: <none>

TIMING-17#527 Critical Warning
Non-clocked sequential cell  
The clock pin u_tpu_top/dbg_conv2_activation_fetch_cycles_o_reg[31]/C is not reached by a timing clock
Related violations: <none>

TIMING-17#528 Critical Warning
Non-clocked sequential cell  
The clock pin u_tpu_top/dbg_conv2_activation_fetch_cycles_o_reg[3]/C is not reached by a timing clock
Related violations: <none>

TIMING-17#529 Critical Warning
Non-clocked sequential cell  
The clock pin u_tpu_top/dbg_conv2_activation_fetch_cycles_o_reg[4]/C is not reached by a timing clock
Related violations: <none>

TIMING-17#530 Critical Warning
Non-clocked sequential cell  
The clock pin u_tpu_top/dbg_conv2_activation_fetch_cycles_o_reg[5]/C is not reached by a timing clock
Related violations: <none>

TIMING-17#531 Critical Warning
Non-clocked sequential cell  
The clock pin u_tpu_top/dbg_conv2_activation_fetch_cycles_o_reg[6]/C is not reached by a timing clock
Related violations: <none>

TIMING-17#532 Critical Warning
Non-clocked sequential cell  
The clock pin u_tpu_top/dbg_conv2_activation_fetch_cycles_o_reg[7]/C is not reached by a timing clock
Related violations: <none>

TIMING-17#533 Critical Warning
Non-clocked sequential cell  
The clock pin u_tpu_top/dbg_conv2_activation_fetch_cycles_o_reg[8]/C is not reached by a timing clock
Related violations: <none>

TIMING-17#534 Critical Warning
Non-clocked sequential cell  
The clock pin u_tpu_top/dbg_conv2_activation_fetch_cycles_o_reg[9]/C is not reached by a timing clock
Related violations: <none>

TIMING-17#535 Critical Warning
Non-clocked sequential cell  
The clock pin u_tpu_top/dbg_conv2_controller_idle_cycles_o_reg[0]/C is not reached by a timing clock
Related violations: <none>

TIMING-17#536 Critical Warning
Non-clocked sequential cell  
The clock pin u_tpu_top/dbg_conv2_controller_idle_cycles_o_reg[10]/C is not reached by a timing clock
Related violations: <none>

TIMING-17#537 Critical Warning
Non-clocked sequential cell  
The clock pin u_tpu_top/dbg_conv2_controller_idle_cycles_o_reg[11]/C is not reached by a timing clock
Related violations: <none>

TIMING-17#538 Critical Warning
Non-clocked sequential cell  
The clock pin u_tpu_top/dbg_conv2_controller_idle_cycles_o_reg[12]/C is not reached by a timing clock
Related violations: <none>

TIMING-17#539 Critical Warning
Non-clocked sequential cell  
The clock pin u_tpu_top/dbg_conv2_controller_idle_cycles_o_reg[13]/C is not reached by a timing clock
Related violations: <none>

TIMING-17#540 Critical Warning
Non-clocked sequential cell  
The clock pin u_tpu_top/dbg_conv2_controller_idle_cycles_o_reg[14]/C is not reached by a timing clock
Related violations: <none>

TIMING-17#541 Critical Warning
Non-clocked sequential cell  
The clock pin u_tpu_top/dbg_conv2_controller_idle_cycles_o_reg[15]/C is not reached by a timing clock
Related violations: <none>

TIMING-17#542 Critical Warning
Non-clocked sequential cell  
The clock pin u_tpu_top/dbg_conv2_controller_idle_cycles_o_reg[16]/C is not reached by a timing clock
Related violations: <none>

TIMING-17#543 Critical Warning
Non-clocked sequential cell  
The clock pin u_tpu_top/dbg_conv2_controller_idle_cycles_o_reg[17]/C is not reached by a timing clock
Related violations: <none>

TIMING-17#544 Critical Warning
Non-clocked sequential cell  
The clock pin u_tpu_top/dbg_conv2_controller_idle_cycles_o_reg[18]/C is not reached by a timing clock
Related violations: <none>

TIMING-17#545 Critical Warning
Non-clocked sequential cell  
The clock pin u_tpu_top/dbg_conv2_controller_idle_cycles_o_reg[19]/C is not reached by a timing clock
Related violations: <none>

TIMING-17#546 Critical Warning
Non-clocked sequential cell  
The clock pin u_tpu_top/dbg_conv2_controller_idle_cycles_o_reg[1]/C is not reached by a timing clock
Related violations: <none>

TIMING-17#547 Critical Warning
Non-clocked sequential cell  
The clock pin u_tpu_top/dbg_conv2_controller_idle_cycles_o_reg[20]/C is not reached by a timing clock
Related violations: <none>

TIMING-17#548 Critical Warning
Non-clocked sequential cell  
The clock pin u_tpu_top/dbg_conv2_controller_idle_cycles_o_reg[21]/C is not reached by a timing clock
Related violations: <none>

TIMING-17#549 Critical Warning
Non-clocked sequential cell  
The clock pin u_tpu_top/dbg_conv2_controller_idle_cycles_o_reg[22]/C is not reached by a timing clock
Related violations: <none>

TIMING-17#550 Critical Warning
Non-clocked sequential cell  
The clock pin u_tpu_top/dbg_conv2_controller_idle_cycles_o_reg[23]/C is not reached by a timing clock
Related violations: <none>

TIMING-17#551 Critical Warning
Non-clocked sequential cell  
The clock pin u_tpu_top/dbg_conv2_controller_idle_cycles_o_reg[24]/C is not reached by a timing clock
Related violations: <none>

TIMING-17#552 Critical Warning
Non-clocked sequential cell  
The clock pin u_tpu_top/dbg_conv2_controller_idle_cycles_o_reg[25]/C is not reached by a timing clock
Related violations: <none>

TIMING-17#553 Critical Warning
Non-clocked sequential cell  
The clock pin u_tpu_top/dbg_conv2_controller_idle_cycles_o_reg[26]/C is not reached by a timing clock
Related violations: <none>

TIMING-17#554 Critical Warning
Non-clocked sequential cell  
The clock pin u_tpu_top/dbg_conv2_controller_idle_cycles_o_reg[27]/C is not reached by a timing clock
Related violations: <none>

TIMING-17#555 Critical Warning
Non-clocked sequential cell  
The clock pin u_tpu_top/dbg_conv2_controller_idle_cycles_o_reg[28]/C is not reached by a timing clock
Related violations: <none>

TIMING-17#556 Critical Warning
Non-clocked sequential cell  
The clock pin u_tpu_top/dbg_conv2_controller_idle_cycles_o_reg[29]/C is not reached by a timing clock
Related violations: <none>

TIMING-17#557 Critical Warning
Non-clocked sequential cell  
The clock pin u_tpu_top/dbg_conv2_controller_idle_cycles_o_reg[2]/C is not reached by a timing clock
Related violations: <none>

TIMING-17#558 Critical Warning
Non-clocked sequential cell  
The clock pin u_tpu_top/dbg_conv2_controller_idle_cycles_o_reg[30]/C is not reached by a timing clock
Related violations: <none>

TIMING-17#559 Critical Warning
Non-clocked sequential cell  
The clock pin u_tpu_top/dbg_conv2_controller_idle_cycles_o_reg[31]/C is not reached by a timing clock
Related violations: <none>

TIMING-17#560 Critical Warning
Non-clocked sequential cell  
The clock pin u_tpu_top/dbg_conv2_controller_idle_cycles_o_reg[3]/C is not reached by a timing clock
Related violations: <none>

TIMING-17#561 Critical Warning
Non-clocked sequential cell  
The clock pin u_tpu_top/dbg_conv2_controller_idle_cycles_o_reg[4]/C is not reached by a timing clock
Related violations: <none>

TIMING-17#562 Critical Warning
Non-clocked sequential cell  
The clock pin u_tpu_top/dbg_conv2_controller_idle_cycles_o_reg[5]/C is not reached by a timing clock
Related violations: <none>

TIMING-17#563 Critical Warning
Non-clocked sequential cell  
The clock pin u_tpu_top/dbg_conv2_controller_idle_cycles_o_reg[6]/C is not reached by a timing clock
Related violations: <none>

TIMING-17#564 Critical Warning
Non-clocked sequential cell  
The clock pin u_tpu_top/dbg_conv2_controller_idle_cycles_o_reg[7]/C is not reached by a timing clock
Related violations: <none>

TIMING-17#565 Critical Warning
Non-clocked sequential cell  
The clock pin u_tpu_top/dbg_conv2_controller_idle_cycles_o_reg[8]/C is not reached by a timing clock
Related violations: <none>

TIMING-17#566 Critical Warning
Non-clocked sequential cell  
The clock pin u_tpu_top/dbg_conv2_controller_idle_cycles_o_reg[9]/C is not reached by a timing clock
Related violations: <none>

TIMING-17#567 Critical Warning
Non-clocked sequential cell  
The clock pin u_tpu_top/dbg_conv2_cycle_count_o_reg[0]/C is not reached by a timing clock
Related violations: <none>

TIMING-17#568 Critical Warning
Non-clocked sequential cell  
The clock pin u_tpu_top/dbg_conv2_cycle_count_o_reg[10]/C is not reached by a timing clock
Related violations: <none>

TIMING-17#569 Critical Warning
Non-clocked sequential cell  
The clock pin u_tpu_top/dbg_conv2_cycle_count_o_reg[11]/C is not reached by a timing clock
Related violations: <none>

TIMING-17#570 Critical Warning
Non-clocked sequential cell  
The clock pin u_tpu_top/dbg_conv2_cycle_count_o_reg[12]/C is not reached by a timing clock
Related violations: <none>

TIMING-17#571 Critical Warning
Non-clocked sequential cell  
The clock pin u_tpu_top/dbg_conv2_cycle_count_o_reg[13]/C is not reached by a timing clock
Related violations: <none>

TIMING-17#572 Critical Warning
Non-clocked sequential cell  
The clock pin u_tpu_top/dbg_conv2_cycle_count_o_reg[14]/C is not reached by a timing clock
Related violations: <none>

TIMING-17#573 Critical Warning
Non-clocked sequential cell  
The clock pin u_tpu_top/dbg_conv2_cycle_count_o_reg[15]/C is not reached by a timing clock
Related violations: <none>

TIMING-17#574 Critical Warning
Non-clocked sequential cell  
The clock pin u_tpu_top/dbg_conv2_cycle_count_o_reg[16]/C is not reached by a timing clock
Related violations: <none>

TIMING-17#575 Critical Warning
Non-clocked sequential cell  
The clock pin u_tpu_top/dbg_conv2_cycle_count_o_reg[17]/C is not reached by a timing clock
Related violations: <none>

TIMING-17#576 Critical Warning
Non-clocked sequential cell  
The clock pin u_tpu_top/dbg_conv2_cycle_count_o_reg[18]/C is not reached by a timing clock
Related violations: <none>

TIMING-17#577 Critical Warning
Non-clocked sequential cell  
The clock pin u_tpu_top/dbg_conv2_cycle_count_o_reg[19]/C is not reached by a timing clock
Related violations: <none>

TIMING-17#578 Critical Warning
Non-clocked sequential cell  
The clock pin u_tpu_top/dbg_conv2_cycle_count_o_reg[1]/C is not reached by a timing clock
Related violations: <none>

TIMING-17#579 Critical Warning
Non-clocked sequential cell  
The clock pin u_tpu_top/dbg_conv2_cycle_count_o_reg[20]/C is not reached by a timing clock
Related violations: <none>

TIMING-17#580 Critical Warning
Non-clocked sequential cell  
The clock pin u_tpu_top/dbg_conv2_cycle_count_o_reg[21]/C is not reached by a timing clock
Related violations: <none>

TIMING-17#581 Critical Warning
Non-clocked sequential cell  
The clock pin u_tpu_top/dbg_conv2_cycle_count_o_reg[22]/C is not reached by a timing clock
Related violations: <none>

TIMING-17#582 Critical Warning
Non-clocked sequential cell  
The clock pin u_tpu_top/dbg_conv2_cycle_count_o_reg[23]/C is not reached by a timing clock
Related violations: <none>

TIMING-17#583 Critical Warning
Non-clocked sequential cell  
The clock pin u_tpu_top/dbg_conv2_cycle_count_o_reg[24]/C is not reached by a timing clock
Related violations: <none>

TIMING-17#584 Critical Warning
Non-clocked sequential cell  
The clock pin u_tpu_top/dbg_conv2_cycle_count_o_reg[25]/C is not reached by a timing clock
Related violations: <none>

TIMING-17#585 Critical Warning
Non-clocked sequential cell  
The clock pin u_tpu_top/dbg_conv2_cycle_count_o_reg[26]/C is not reached by a timing clock
Related violations: <none>

TIMING-17#586 Critical Warning
Non-clocked sequential cell  
The clock pin u_tpu_top/dbg_conv2_cycle_count_o_reg[27]/C is not reached by a timing clock
Related violations: <none>

TIMING-17#587 Critical Warning
Non-clocked sequential cell  
The clock pin u_tpu_top/dbg_conv2_cycle_count_o_reg[28]/C is not reached by a timing clock
Related violations: <none>

TIMING-17#588 Critical Warning
Non-clocked sequential cell  
The clock pin u_tpu_top/dbg_conv2_cycle_count_o_reg[29]/C is not reached by a timing clock
Related violations: <none>

TIMING-17#589 Critical Warning
Non-clocked sequential cell  
The clock pin u_tpu_top/dbg_conv2_cycle_count_o_reg[2]/C is not reached by a timing clock
Related violations: <none>

TIMING-17#590 Critical Warning
Non-clocked sequential cell  
The clock pin u_tpu_top/dbg_conv2_cycle_count_o_reg[30]/C is not reached by a timing clock
Related violations: <none>

TIMING-17#591 Critical Warning
Non-clocked sequential cell  
The clock pin u_tpu_top/dbg_conv2_cycle_count_o_reg[31]/C is not reached by a timing clock
Related violations: <none>

TIMING-17#592 Critical Warning
Non-clocked sequential cell  
The clock pin u_tpu_top/dbg_conv2_cycle_count_o_reg[3]/C is not reached by a timing clock
Related violations: <none>

TIMING-17#593 Critical Warning
Non-clocked sequential cell  
The clock pin u_tpu_top/dbg_conv2_cycle_count_o_reg[4]/C is not reached by a timing clock
Related violations: <none>

TIMING-17#594 Critical Warning
Non-clocked sequential cell  
The clock pin u_tpu_top/dbg_conv2_cycle_count_o_reg[5]/C is not reached by a timing clock
Related violations: <none>

TIMING-17#595 Critical Warning
Non-clocked sequential cell  
The clock pin u_tpu_top/dbg_conv2_cycle_count_o_reg[6]/C is not reached by a timing clock
Related violations: <none>

TIMING-17#596 Critical Warning
Non-clocked sequential cell  
The clock pin u_tpu_top/dbg_conv2_cycle_count_o_reg[7]/C is not reached by a timing clock
Related violations: <none>

TIMING-17#597 Critical Warning
Non-clocked sequential cell  
The clock pin u_tpu_top/dbg_conv2_cycle_count_o_reg[8]/C is not reached by a timing clock
Related violations: <none>

TIMING-17#598 Critical Warning
Non-clocked sequential cell  
The clock pin u_tpu_top/dbg_conv2_cycle_count_o_reg[9]/C is not reached by a timing clock
Related violations: <none>

TIMING-17#599 Critical Warning
Non-clocked sequential cell  
The clock pin u_tpu_top/dbg_conv2_exclusive_state_cycles_o_reg[0]/C is not reached by a timing clock
Related violations: <none>

TIMING-17#600 Critical Warning
Non-clocked sequential cell  
The clock pin u_tpu_top/dbg_conv2_exclusive_state_cycles_o_reg[10]/C is not reached by a timing clock
Related violations: <none>

TIMING-17#601 Critical Warning
Non-clocked sequential cell  
The clock pin u_tpu_top/dbg_conv2_exclusive_state_cycles_o_reg[11]/C is not reached by a timing clock
Related violations: <none>

TIMING-17#602 Critical Warning
Non-clocked sequential cell  
The clock pin u_tpu_top/dbg_conv2_exclusive_state_cycles_o_reg[12]/C is not reached by a timing clock
Related violations: <none>

TIMING-17#603 Critical Warning
Non-clocked sequential cell  
The clock pin u_tpu_top/dbg_conv2_exclusive_state_cycles_o_reg[13]/C is not reached by a timing clock
Related violations: <none>

TIMING-17#604 Critical Warning
Non-clocked sequential cell  
The clock pin u_tpu_top/dbg_conv2_exclusive_state_cycles_o_reg[14]/C is not reached by a timing clock
Related violations: <none>

TIMING-17#605 Critical Warning
Non-clocked sequential cell  
The clock pin u_tpu_top/dbg_conv2_exclusive_state_cycles_o_reg[15]/C is not reached by a timing clock
Related violations: <none>

TIMING-17#606 Critical Warning
Non-clocked sequential cell  
The clock pin u_tpu_top/dbg_conv2_exclusive_state_cycles_o_reg[16]/C is not reached by a timing clock
Related violations: <none>

TIMING-17#607 Critical Warning
Non-clocked sequential cell  
The clock pin u_tpu_top/dbg_conv2_exclusive_state_cycles_o_reg[17]/C is not reached by a timing clock
Related violations: <none>

TIMING-17#608 Critical Warning
Non-clocked sequential cell  
The clock pin u_tpu_top/dbg_conv2_exclusive_state_cycles_o_reg[18]/C is not reached by a timing clock
Related violations: <none>

TIMING-17#609 Critical Warning
Non-clocked sequential cell  
The clock pin u_tpu_top/dbg_conv2_exclusive_state_cycles_o_reg[19]/C is not reached by a timing clock
Related violations: <none>

TIMING-17#610 Critical Warning
Non-clocked sequential cell  
The clock pin u_tpu_top/dbg_conv2_exclusive_state_cycles_o_reg[1]/C is not reached by a timing clock
Related violations: <none>

TIMING-17#611 Critical Warning
Non-clocked sequential cell  
The clock pin u_tpu_top/dbg_conv2_exclusive_state_cycles_o_reg[20]/C is not reached by a timing clock
Related violations: <none>

TIMING-17#612 Critical Warning
Non-clocked sequential cell  
The clock pin u_tpu_top/dbg_conv2_exclusive_state_cycles_o_reg[21]/C is not reached by a timing clock
Related violations: <none>

TIMING-17#613 Critical Warning
Non-clocked sequential cell  
The clock pin u_tpu_top/dbg_conv2_exclusive_state_cycles_o_reg[22]/C is not reached by a timing clock
Related violations: <none>

TIMING-17#614 Critical Warning
Non-clocked sequential cell  
The clock pin u_tpu_top/dbg_conv2_exclusive_state_cycles_o_reg[23]/C is not reached by a timing clock
Related violations: <none>

TIMING-17#615 Critical Warning
Non-clocked sequential cell  
The clock pin u_tpu_top/dbg_conv2_exclusive_state_cycles_o_reg[24]/C is not reached by a timing clock
Related violations: <none>

TIMING-17#616 Critical Warning
Non-clocked sequential cell  
The clock pin u_tpu_top/dbg_conv2_exclusive_state_cycles_o_reg[25]/C is not reached by a timing clock
Related violations: <none>

TIMING-17#617 Critical Warning
Non-clocked sequential cell  
The clock pin u_tpu_top/dbg_conv2_exclusive_state_cycles_o_reg[26]/C is not reached by a timing clock
Related violations: <none>

TIMING-17#618 Critical Warning
Non-clocked sequential cell  
The clock pin u_tpu_top/dbg_conv2_exclusive_state_cycles_o_reg[27]/C is not reached by a timing clock
Related violations: <none>

TIMING-17#619 Critical Warning
Non-clocked sequential cell  
The clock pin u_tpu_top/dbg_conv2_exclusive_state_cycles_o_reg[28]/C is not reached by a timing clock
Related violations: <none>

TIMING-17#620 Critical Warning
Non-clocked sequential cell  
The clock pin u_tpu_top/dbg_conv2_exclusive_state_cycles_o_reg[29]/C is not reached by a timing clock
Related violations: <none>

TIMING-17#621 Critical Warning
Non-clocked sequential cell  
The clock pin u_tpu_top/dbg_conv2_exclusive_state_cycles_o_reg[2]/C is not reached by a timing clock
Related violations: <none>

TIMING-17#622 Critical Warning
Non-clocked sequential cell  
The clock pin u_tpu_top/dbg_conv2_exclusive_state_cycles_o_reg[30]/C is not reached by a timing clock
Related violations: <none>

TIMING-17#623 Critical Warning
Non-clocked sequential cell  
The clock pin u_tpu_top/dbg_conv2_exclusive_state_cycles_o_reg[31]/C is not reached by a timing clock
Related violations: <none>

TIMING-17#624 Critical Warning
Non-clocked sequential cell  
The clock pin u_tpu_top/dbg_conv2_exclusive_state_cycles_o_reg[3]/C is not reached by a timing clock
Related violations: <none>

TIMING-17#625 Critical Warning
Non-clocked sequential cell  
The clock pin u_tpu_top/dbg_conv2_exclusive_state_cycles_o_reg[4]/C is not reached by a timing clock
Related violations: <none>

TIMING-17#626 Critical Warning
Non-clocked sequential cell  
The clock pin u_tpu_top/dbg_conv2_exclusive_state_cycles_o_reg[5]/C is not reached by a timing clock
Related violations: <none>

TIMING-17#627 Critical Warning
Non-clocked sequential cell  
The clock pin u_tpu_top/dbg_conv2_exclusive_state_cycles_o_reg[6]/C is not reached by a timing clock
Related violations: <none>

TIMING-17#628 Critical Warning
Non-clocked sequential cell  
The clock pin u_tpu_top/dbg_conv2_exclusive_state_cycles_o_reg[7]/C is not reached by a timing clock
Related violations: <none>

TIMING-17#629 Critical Warning
Non-clocked sequential cell  
The clock pin u_tpu_top/dbg_conv2_exclusive_state_cycles_o_reg[8]/C is not reached by a timing clock
Related violations: <none>

TIMING-17#630 Critical Warning
Non-clocked sequential cell  
The clock pin u_tpu_top/dbg_conv2_exclusive_state_cycles_o_reg[9]/C is not reached by a timing clock
Related violations: <none>

TIMING-17#631 Critical Warning
Non-clocked sequential cell  
The clock pin u_tpu_top/dbg_conv2_issued_mac_count_o_reg[0]/C is not reached by a timing clock
Related violations: <none>

TIMING-17#632 Critical Warning
Non-clocked sequential cell  
The clock pin u_tpu_top/dbg_conv2_issued_mac_count_o_reg[10]/C is not reached by a timing clock
Related violations: <none>

TIMING-17#633 Critical Warning
Non-clocked sequential cell  
The clock pin u_tpu_top/dbg_conv2_issued_mac_count_o_reg[11]/C is not reached by a timing clock
Related violations: <none>

TIMING-17#634 Critical Warning
Non-clocked sequential cell  
The clock pin u_tpu_top/dbg_conv2_issued_mac_count_o_reg[12]/C is not reached by a timing clock
Related violations: <none>

TIMING-17#635 Critical Warning
Non-clocked sequential cell  
The clock pin u_tpu_top/dbg_conv2_issued_mac_count_o_reg[13]/C is not reached by a timing clock
Related violations: <none>

TIMING-17#636 Critical Warning
Non-clocked sequential cell  
The clock pin u_tpu_top/dbg_conv2_issued_mac_count_o_reg[14]/C is not reached by a timing clock
Related violations: <none>

TIMING-17#637 Critical Warning
Non-clocked sequential cell  
The clock pin u_tpu_top/dbg_conv2_issued_mac_count_o_reg[15]/C is not reached by a timing clock
Related violations: <none>

TIMING-17#638 Critical Warning
Non-clocked sequential cell  
The clock pin u_tpu_top/dbg_conv2_issued_mac_count_o_reg[16]/C is not reached by a timing clock
Related violations: <none>

TIMING-17#639 Critical Warning
Non-clocked sequential cell  
The clock pin u_tpu_top/dbg_conv2_issued_mac_count_o_reg[17]/C is not reached by a timing clock
Related violations: <none>

TIMING-17#640 Critical Warning
Non-clocked sequential cell  
The clock pin u_tpu_top/dbg_conv2_issued_mac_count_o_reg[18]/C is not reached by a timing clock
Related violations: <none>

TIMING-17#641 Critical Warning
Non-clocked sequential cell  
The clock pin u_tpu_top/dbg_conv2_issued_mac_count_o_reg[19]/C is not reached by a timing clock
Related violations: <none>

TIMING-17#642 Critical Warning
Non-clocked sequential cell  
The clock pin u_tpu_top/dbg_conv2_issued_mac_count_o_reg[1]/C is not reached by a timing clock
Related violations: <none>

TIMING-17#643 Critical Warning
Non-clocked sequential cell  
The clock pin u_tpu_top/dbg_conv2_issued_mac_count_o_reg[20]/C is not reached by a timing clock
Related violations: <none>

TIMING-17#644 Critical Warning
Non-clocked sequential cell  
The clock pin u_tpu_top/dbg_conv2_issued_mac_count_o_reg[21]/C is not reached by a timing clock
Related violations: <none>

TIMING-17#645 Critical Warning
Non-clocked sequential cell  
The clock pin u_tpu_top/dbg_conv2_issued_mac_count_o_reg[22]/C is not reached by a timing clock
Related violations: <none>

TIMING-17#646 Critical Warning
Non-clocked sequential cell  
The clock pin u_tpu_top/dbg_conv2_issued_mac_count_o_reg[23]/C is not reached by a timing clock
Related violations: <none>

TIMING-17#647 Critical Warning
Non-clocked sequential cell  
The clock pin u_tpu_top/dbg_conv2_issued_mac_count_o_reg[24]/C is not reached by a timing clock
Related violations: <none>

TIMING-17#648 Critical Warning
Non-clocked sequential cell  
The clock pin u_tpu_top/dbg_conv2_issued_mac_count_o_reg[25]/C is not reached by a timing clock
Related violations: <none>

TIMING-17#649 Critical Warning
Non-clocked sequential cell  
The clock pin u_tpu_top/dbg_conv2_issued_mac_count_o_reg[26]/C is not reached by a timing clock
Related violations: <none>

TIMING-17#650 Critical Warning
Non-clocked sequential cell  
The clock pin u_tpu_top/dbg_conv2_issued_mac_count_o_reg[27]/C is not reached by a timing clock
Related violations: <none>

TIMING-17#651 Critical Warning
Non-clocked sequential cell  
The clock pin u_tpu_top/dbg_conv2_issued_mac_count_o_reg[28]/C is not reached by a timing clock
Related violations: <none>

TIMING-17#652 Critical Warning
Non-clocked sequential cell  
The clock pin u_tpu_top/dbg_conv2_issued_mac_count_o_reg[29]/C is not reached by a timing clock
Related violations: <none>

TIMING-17#653 Critical Warning
Non-clocked sequential cell  
The clock pin u_tpu_top/dbg_conv2_issued_mac_count_o_reg[2]/C is not reached by a timing clock
Related violations: <none>

TIMING-17#654 Critical Warning
Non-clocked sequential cell  
The clock pin u_tpu_top/dbg_conv2_issued_mac_count_o_reg[30]/C is not reached by a timing clock
Related violations: <none>

TIMING-17#655 Critical Warning
Non-clocked sequential cell  
The clock pin u_tpu_top/dbg_conv2_issued_mac_count_o_reg[31]/C is not reached by a timing clock
Related violations: <none>

TIMING-17#656 Critical Warning
Non-clocked sequential cell  
The clock pin u_tpu_top/dbg_conv2_issued_mac_count_o_reg[3]/C is not reached by a timing clock
Related violations: <none>

TIMING-17#657 Critical Warning
Non-clocked sequential cell  
The clock pin u_tpu_top/dbg_conv2_issued_mac_count_o_reg[4]/C is not reached by a timing clock
Related violations: <none>

TIMING-17#658 Critical Warning
Non-clocked sequential cell  
The clock pin u_tpu_top/dbg_conv2_issued_mac_count_o_reg[5]/C is not reached by a timing clock
Related violations: <none>

TIMING-17#659 Critical Warning
Non-clocked sequential cell  
The clock pin u_tpu_top/dbg_conv2_issued_mac_count_o_reg[6]/C is not reached by a timing clock
Related violations: <none>

TIMING-17#660 Critical Warning
Non-clocked sequential cell  
The clock pin u_tpu_top/dbg_conv2_issued_mac_count_o_reg[7]/C is not reached by a timing clock
Related violations: <none>

TIMING-17#661 Critical Warning
Non-clocked sequential cell  
The clock pin u_tpu_top/dbg_conv2_issued_mac_count_o_reg[8]/C is not reached by a timing clock
Related violations: <none>

TIMING-17#662 Critical Warning
Non-clocked sequential cell  
The clock pin u_tpu_top/dbg_conv2_issued_mac_count_o_reg[9]/C is not reached by a timing clock
Related violations: <none>

TIMING-17#663 Critical Warning
Non-clocked sequential cell  
The clock pin u_tpu_top/dbg_conv2_mxu_active_cycles_o_reg[0]/C is not reached by a timing clock
Related violations: <none>

TIMING-17#664 Critical Warning
Non-clocked sequential cell  
The clock pin u_tpu_top/dbg_conv2_mxu_active_cycles_o_reg[10]/C is not reached by a timing clock
Related violations: <none>

TIMING-17#665 Critical Warning
Non-clocked sequential cell  
The clock pin u_tpu_top/dbg_conv2_mxu_active_cycles_o_reg[11]/C is not reached by a timing clock
Related violations: <none>

TIMING-17#666 Critical Warning
Non-clocked sequential cell  
The clock pin u_tpu_top/dbg_conv2_mxu_active_cycles_o_reg[12]/C is not reached by a timing clock
Related violations: <none>

TIMING-17#667 Critical Warning
Non-clocked sequential cell  
The clock pin u_tpu_top/dbg_conv2_mxu_active_cycles_o_reg[13]/C is not reached by a timing clock
Related violations: <none>

TIMING-17#668 Critical Warning
Non-clocked sequential cell  
The clock pin u_tpu_top/dbg_conv2_mxu_active_cycles_o_reg[14]/C is not reached by a timing clock
Related violations: <none>

TIMING-17#669 Critical Warning
Non-clocked sequential cell  
The clock pin u_tpu_top/dbg_conv2_mxu_active_cycles_o_reg[15]/C is not reached by a timing clock
Related violations: <none>

TIMING-17#670 Critical Warning
Non-clocked sequential cell  
The clock pin u_tpu_top/dbg_conv2_mxu_active_cycles_o_reg[16]/C is not reached by a timing clock
Related violations: <none>

TIMING-17#671 Critical Warning
Non-clocked sequential cell  
The clock pin u_tpu_top/dbg_conv2_mxu_active_cycles_o_reg[17]/C is not reached by a timing clock
Related violations: <none>

TIMING-17#672 Critical Warning
Non-clocked sequential cell  
The clock pin u_tpu_top/dbg_conv2_mxu_active_cycles_o_reg[18]/C is not reached by a timing clock
Related violations: <none>

TIMING-17#673 Critical Warning
Non-clocked sequential cell  
The clock pin u_tpu_top/dbg_conv2_mxu_active_cycles_o_reg[19]/C is not reached by a timing clock
Related violations: <none>

TIMING-17#674 Critical Warning
Non-clocked sequential cell  
The clock pin u_tpu_top/dbg_conv2_mxu_active_cycles_o_reg[1]/C is not reached by a timing clock
Related violations: <none>

TIMING-17#675 Critical Warning
Non-clocked sequential cell  
The clock pin u_tpu_top/dbg_conv2_mxu_active_cycles_o_reg[20]/C is not reached by a timing clock
Related violations: <none>

TIMING-17#676 Critical Warning
Non-clocked sequential cell  
The clock pin u_tpu_top/dbg_conv2_mxu_active_cycles_o_reg[21]/C is not reached by a timing clock
Related violations: <none>

TIMING-17#677 Critical Warning
Non-clocked sequential cell  
The clock pin u_tpu_top/dbg_conv2_mxu_active_cycles_o_reg[22]/C is not reached by a timing clock
Related violations: <none>

TIMING-17#678 Critical Warning
Non-clocked sequential cell  
The clock pin u_tpu_top/dbg_conv2_mxu_active_cycles_o_reg[23]/C is not reached by a timing clock
Related violations: <none>

TIMING-17#679 Critical Warning
Non-clocked sequential cell  
The clock pin u_tpu_top/dbg_conv2_mxu_active_cycles_o_reg[24]/C is not reached by a timing clock
Related violations: <none>

TIMING-17#680 Critical Warning
Non-clocked sequential cell  
The clock pin u_tpu_top/dbg_conv2_mxu_active_cycles_o_reg[25]/C is not reached by a timing clock
Related violations: <none>

TIMING-17#681 Critical Warning
Non-clocked sequential cell  
The clock pin u_tpu_top/dbg_conv2_mxu_active_cycles_o_reg[26]/C is not reached by a timing clock
Related violations: <none>

TIMING-17#682 Critical Warning
Non-clocked sequential cell  
The clock pin u_tpu_top/dbg_conv2_mxu_active_cycles_o_reg[27]/C is not reached by a timing clock
Related violations: <none>

TIMING-17#683 Critical Warning
Non-clocked sequential cell  
The clock pin u_tpu_top/dbg_conv2_mxu_active_cycles_o_reg[28]/C is not reached by a timing clock
Related violations: <none>

TIMING-17#684 Critical Warning
Non-clocked sequential cell  
The clock pin u_tpu_top/dbg_conv2_mxu_active_cycles_o_reg[29]/C is not reached by a timing clock
Related violations: <none>

TIMING-17#685 Critical Warning
Non-clocked sequential cell  
The clock pin u_tpu_top/dbg_conv2_mxu_active_cycles_o_reg[2]/C is not reached by a timing clock
Related violations: <none>

TIMING-17#686 Critical Warning
Non-clocked sequential cell  
The clock pin u_tpu_top/dbg_conv2_mxu_active_cycles_o_reg[30]/C is not reached by a timing clock
Related violations: <none>

TIMING-17#687 Critical Warning
Non-clocked sequential cell  
The clock pin u_tpu_top/dbg_conv2_mxu_active_cycles_o_reg[31]/C is not reached by a timing clock
Related violations: <none>

TIMING-17#688 Critical Warning
Non-clocked sequential cell  
The clock pin u_tpu_top/dbg_conv2_mxu_active_cycles_o_reg[3]/C is not reached by a timing clock
Related violations: <none>

TIMING-17#689 Critical Warning
Non-clocked sequential cell  
The clock pin u_tpu_top/dbg_conv2_mxu_active_cycles_o_reg[4]/C is not reached by a timing clock
Related violations: <none>

TIMING-17#690 Critical Warning
Non-clocked sequential cell  
The clock pin u_tpu_top/dbg_conv2_mxu_active_cycles_o_reg[5]/C is not reached by a timing clock
Related violations: <none>

TIMING-17#691 Critical Warning
Non-clocked sequential cell  
The clock pin u_tpu_top/dbg_conv2_mxu_active_cycles_o_reg[6]/C is not reached by a timing clock
Related violations: <none>

TIMING-17#692 Critical Warning
Non-clocked sequential cell  
The clock pin u_tpu_top/dbg_conv2_mxu_active_cycles_o_reg[7]/C is not reached by a timing clock
Related violations: <none>

TIMING-17#693 Critical Warning
Non-clocked sequential cell  
The clock pin u_tpu_top/dbg_conv2_mxu_active_cycles_o_reg[8]/C is not reached by a timing clock
Related violations: <none>

TIMING-17#694 Critical Warning
Non-clocked sequential cell  
The clock pin u_tpu_top/dbg_conv2_mxu_active_cycles_o_reg[9]/C is not reached by a timing clock
Related violations: <none>

TIMING-17#695 Critical Warning
Non-clocked sequential cell  
The clock pin u_tpu_top/dbg_conv2_mxu_drain_cycles_o_reg[0]/C is not reached by a timing clock
Related violations: <none>

TIMING-17#696 Critical Warning
Non-clocked sequential cell  
The clock pin u_tpu_top/dbg_conv2_mxu_drain_cycles_o_reg[10]/C is not reached by a timing clock
Related violations: <none>

TIMING-17#697 Critical Warning
Non-clocked sequential cell  
The clock pin u_tpu_top/dbg_conv2_mxu_drain_cycles_o_reg[11]/C is not reached by a timing clock
Related violations: <none>

TIMING-17#698 Critical Warning
Non-clocked sequential cell  
The clock pin u_tpu_top/dbg_conv2_mxu_drain_cycles_o_reg[12]/C is not reached by a timing clock
Related violations: <none>

TIMING-17#699 Critical Warning
Non-clocked sequential cell  
The clock pin u_tpu_top/dbg_conv2_mxu_drain_cycles_o_reg[13]/C is not reached by a timing clock
Related violations: <none>

TIMING-17#700 Critical Warning
Non-clocked sequential cell  
The clock pin u_tpu_top/dbg_conv2_mxu_drain_cycles_o_reg[14]/C is not reached by a timing clock
Related violations: <none>

TIMING-17#701 Critical Warning
Non-clocked sequential cell  
The clock pin u_tpu_top/dbg_conv2_mxu_drain_cycles_o_reg[15]/C is not reached by a timing clock
Related violations: <none>

TIMING-17#702 Critical Warning
Non-clocked sequential cell  
The clock pin u_tpu_top/dbg_conv2_mxu_drain_cycles_o_reg[16]/C is not reached by a timing clock
Related violations: <none>

TIMING-17#703 Critical Warning
Non-clocked sequential cell  
The clock pin u_tpu_top/dbg_conv2_mxu_drain_cycles_o_reg[17]/C is not reached by a timing clock
Related violations: <none>

TIMING-17#704 Critical Warning
Non-clocked sequential cell  
The clock pin u_tpu_top/dbg_conv2_mxu_drain_cycles_o_reg[18]/C is not reached by a timing clock
Related violations: <none>

TIMING-17#705 Critical Warning
Non-clocked sequential cell  
The clock pin u_tpu_top/dbg_conv2_mxu_drain_cycles_o_reg[19]/C is not reached by a timing clock
Related violations: <none>

TIMING-17#706 Critical Warning
Non-clocked sequential cell  
The clock pin u_tpu_top/dbg_conv2_mxu_drain_cycles_o_reg[1]/C is not reached by a timing clock
Related violations: <none>

TIMING-17#707 Critical Warning
Non-clocked sequential cell  
The clock pin u_tpu_top/dbg_conv2_mxu_drain_cycles_o_reg[20]/C is not reached by a timing clock
Related violations: <none>

TIMING-17#708 Critical Warning
Non-clocked sequential cell  
The clock pin u_tpu_top/dbg_conv2_mxu_drain_cycles_o_reg[21]/C is not reached by a timing clock
Related violations: <none>

TIMING-17#709 Critical Warning
Non-clocked sequential cell  
The clock pin u_tpu_top/dbg_conv2_mxu_drain_cycles_o_reg[22]/C is not reached by a timing clock
Related violations: <none>

TIMING-17#710 Critical Warning
Non-clocked sequential cell  
The clock pin u_tpu_top/dbg_conv2_mxu_drain_cycles_o_reg[23]/C is not reached by a timing clock
Related violations: <none>

TIMING-17#711 Critical Warning
Non-clocked sequential cell  
The clock pin u_tpu_top/dbg_conv2_mxu_drain_cycles_o_reg[24]/C is not reached by a timing clock
Related violations: <none>

TIMING-17#712 Critical Warning
Non-clocked sequential cell  
The clock pin u_tpu_top/dbg_conv2_mxu_drain_cycles_o_reg[25]/C is not reached by a timing clock
Related violations: <none>

TIMING-17#713 Critical Warning
Non-clocked sequential cell  
The clock pin u_tpu_top/dbg_conv2_mxu_drain_cycles_o_reg[26]/C is not reached by a timing clock
Related violations: <none>

TIMING-17#714 Critical Warning
Non-clocked sequential cell  
The clock pin u_tpu_top/dbg_conv2_mxu_drain_cycles_o_reg[27]/C is not reached by a timing clock
Related violations: <none>

TIMING-17#715 Critical Warning
Non-clocked sequential cell  
The clock pin u_tpu_top/dbg_conv2_mxu_drain_cycles_o_reg[28]/C is not reached by a timing clock
Related violations: <none>

TIMING-17#716 Critical Warning
Non-clocked sequential cell  
The clock pin u_tpu_top/dbg_conv2_mxu_drain_cycles_o_reg[29]/C is not reached by a timing clock
Related violations: <none>

TIMING-17#717 Critical Warning
Non-clocked sequential cell  
The clock pin u_tpu_top/dbg_conv2_mxu_drain_cycles_o_reg[2]/C is not reached by a timing clock
Related violations: <none>

TIMING-17#718 Critical Warning
Non-clocked sequential cell  
The clock pin u_tpu_top/dbg_conv2_mxu_drain_cycles_o_reg[30]/C is not reached by a timing clock
Related violations: <none>

TIMING-17#719 Critical Warning
Non-clocked sequential cell  
The clock pin u_tpu_top/dbg_conv2_mxu_drain_cycles_o_reg[31]/C is not reached by a timing clock
Related violations: <none>

TIMING-17#720 Critical Warning
Non-clocked sequential cell  
The clock pin u_tpu_top/dbg_conv2_mxu_drain_cycles_o_reg[3]/C is not reached by a timing clock
Related violations: <none>

TIMING-17#721 Critical Warning
Non-clocked sequential cell  
The clock pin u_tpu_top/dbg_conv2_mxu_drain_cycles_o_reg[4]/C is not reached by a timing clock
Related violations: <none>

TIMING-17#722 Critical Warning
Non-clocked sequential cell  
The clock pin u_tpu_top/dbg_conv2_mxu_drain_cycles_o_reg[5]/C is not reached by a timing clock
Related violations: <none>

TIMING-17#723 Critical Warning
Non-clocked sequential cell  
The clock pin u_tpu_top/dbg_conv2_mxu_drain_cycles_o_reg[6]/C is not reached by a timing clock
Related violations: <none>

TIMING-17#724 Critical Warning
Non-clocked sequential cell  
The clock pin u_tpu_top/dbg_conv2_mxu_drain_cycles_o_reg[7]/C is not reached by a timing clock
Related violations: <none>

TIMING-17#725 Critical Warning
Non-clocked sequential cell  
The clock pin u_tpu_top/dbg_conv2_mxu_drain_cycles_o_reg[8]/C is not reached by a timing clock
Related violations: <none>

TIMING-17#726 Critical Warning
Non-clocked sequential cell  
The clock pin u_tpu_top/dbg_conv2_mxu_drain_cycles_o_reg[9]/C is not reached by a timing clock
Related violations: <none>

TIMING-17#727 Critical Warning
Non-clocked sequential cell  
The clock pin u_tpu_top/dbg_conv2_output_write_cycles_o_reg[0]/C is not reached by a timing clock
Related violations: <none>

TIMING-17#728 Critical Warning
Non-clocked sequential cell  
The clock pin u_tpu_top/dbg_conv2_output_write_cycles_o_reg[10]/C is not reached by a timing clock
Related violations: <none>

TIMING-17#729 Critical Warning
Non-clocked sequential cell  
The clock pin u_tpu_top/dbg_conv2_output_write_cycles_o_reg[11]/C is not reached by a timing clock
Related violations: <none>

TIMING-17#730 Critical Warning
Non-clocked sequential cell  
The clock pin u_tpu_top/dbg_conv2_output_write_cycles_o_reg[12]/C is not reached by a timing clock
Related violations: <none>

TIMING-17#731 Critical Warning
Non-clocked sequential cell  
The clock pin u_tpu_top/dbg_conv2_output_write_cycles_o_reg[13]/C is not reached by a timing clock
Related violations: <none>

TIMING-17#732 Critical Warning
Non-clocked sequential cell  
The clock pin u_tpu_top/dbg_conv2_output_write_cycles_o_reg[14]/C is not reached by a timing clock
Related violations: <none>

TIMING-17#733 Critical Warning
Non-clocked sequential cell  
The clock pin u_tpu_top/dbg_conv2_output_write_cycles_o_reg[15]/C is not reached by a timing clock
Related violations: <none>

TIMING-17#734 Critical Warning
Non-clocked sequential cell  
The clock pin u_tpu_top/dbg_conv2_output_write_cycles_o_reg[16]/C is not reached by a timing clock
Related violations: <none>

TIMING-17#735 Critical Warning
Non-clocked sequential cell  
The clock pin u_tpu_top/dbg_conv2_output_write_cycles_o_reg[17]/C is not reached by a timing clock
Related violations: <none>

TIMING-17#736 Critical Warning
Non-clocked sequential cell  
The clock pin u_tpu_top/dbg_conv2_output_write_cycles_o_reg[18]/C is not reached by a timing clock
Related violations: <none>

TIMING-17#737 Critical Warning
Non-clocked sequential cell  
The clock pin u_tpu_top/dbg_conv2_output_write_cycles_o_reg[19]/C is not reached by a timing clock
Related violations: <none>

TIMING-17#738 Critical Warning
Non-clocked sequential cell  
The clock pin u_tpu_top/dbg_conv2_output_write_cycles_o_reg[1]/C is not reached by a timing clock
Related violations: <none>

TIMING-17#739 Critical Warning
Non-clocked sequential cell  
The clock pin u_tpu_top/dbg_conv2_output_write_cycles_o_reg[20]/C is not reached by a timing clock
Related violations: <none>

TIMING-17#740 Critical Warning
Non-clocked sequential cell  
The clock pin u_tpu_top/dbg_conv2_output_write_cycles_o_reg[21]/C is not reached by a timing clock
Related violations: <none>

TIMING-17#741 Critical Warning
Non-clocked sequential cell  
The clock pin u_tpu_top/dbg_conv2_output_write_cycles_o_reg[22]/C is not reached by a timing clock
Related violations: <none>

TIMING-17#742 Critical Warning
Non-clocked sequential cell  
The clock pin u_tpu_top/dbg_conv2_output_write_cycles_o_reg[23]/C is not reached by a timing clock
Related violations: <none>

TIMING-17#743 Critical Warning
Non-clocked sequential cell  
The clock pin u_tpu_top/dbg_conv2_output_write_cycles_o_reg[24]/C is not reached by a timing clock
Related violations: <none>

TIMING-17#744 Critical Warning
Non-clocked sequential cell  
The clock pin u_tpu_top/dbg_conv2_output_write_cycles_o_reg[25]/C is not reached by a timing clock
Related violations: <none>

TIMING-17#745 Critical Warning
Non-clocked sequential cell  
The clock pin u_tpu_top/dbg_conv2_output_write_cycles_o_reg[26]/C is not reached by a timing clock
Related violations: <none>

TIMING-17#746 Critical Warning
Non-clocked sequential cell  
The clock pin u_tpu_top/dbg_conv2_output_write_cycles_o_reg[27]/C is not reached by a timing clock
Related violations: <none>

TIMING-17#747 Critical Warning
Non-clocked sequential cell  
The clock pin u_tpu_top/dbg_conv2_output_write_cycles_o_reg[28]/C is not reached by a timing clock
Related violations: <none>

TIMING-17#748 Critical Warning
Non-clocked sequential cell  
The clock pin u_tpu_top/dbg_conv2_output_write_cycles_o_reg[29]/C is not reached by a timing clock
Related violations: <none>

TIMING-17#749 Critical Warning
Non-clocked sequential cell  
The clock pin u_tpu_top/dbg_conv2_output_write_cycles_o_reg[2]/C is not reached by a timing clock
Related violations: <none>

TIMING-17#750 Critical Warning
Non-clocked sequential cell  
The clock pin u_tpu_top/dbg_conv2_output_write_cycles_o_reg[30]/C is not reached by a timing clock
Related violations: <none>

TIMING-17#751 Critical Warning
Non-clocked sequential cell  
The clock pin u_tpu_top/dbg_conv2_output_write_cycles_o_reg[31]/C is not reached by a timing clock
Related violations: <none>

TIMING-17#752 Critical Warning
Non-clocked sequential cell  
The clock pin u_tpu_top/dbg_conv2_output_write_cycles_o_reg[3]/C is not reached by a timing clock
Related violations: <none>

TIMING-17#753 Critical Warning
Non-clocked sequential cell  
The clock pin u_tpu_top/dbg_conv2_output_write_cycles_o_reg[4]/C is not reached by a timing clock
Related violations: <none>

TIMING-17#754 Critical Warning
Non-clocked sequential cell  
The clock pin u_tpu_top/dbg_conv2_output_write_cycles_o_reg[5]/C is not reached by a timing clock
Related violations: <none>

TIMING-17#755 Critical Warning
Non-clocked sequential cell  
The clock pin u_tpu_top/dbg_conv2_output_write_cycles_o_reg[6]/C is not reached by a timing clock
Related violations: <none>

TIMING-17#756 Critical Warning
Non-clocked sequential cell  
The clock pin u_tpu_top/dbg_conv2_output_write_cycles_o_reg[7]/C is not reached by a timing clock
Related violations: <none>

TIMING-17#757 Critical Warning
Non-clocked sequential cell  
The clock pin u_tpu_top/dbg_conv2_output_write_cycles_o_reg[8]/C is not reached by a timing clock
Related violations: <none>

TIMING-17#758 Critical Warning
Non-clocked sequential cell  
The clock pin u_tpu_top/dbg_conv2_output_write_cycles_o_reg[9]/C is not reached by a timing clock
Related violations: <none>

TIMING-17#759 Critical Warning
Non-clocked sequential cell  
The clock pin u_tpu_top/dbg_conv2_useful_mac_count_o_reg[0]/C is not reached by a timing clock
Related violations: <none>

TIMING-17#760 Critical Warning
Non-clocked sequential cell  
The clock pin u_tpu_top/dbg_conv2_useful_mac_count_o_reg[10]/C is not reached by a timing clock
Related violations: <none>

TIMING-17#761 Critical Warning
Non-clocked sequential cell  
The clock pin u_tpu_top/dbg_conv2_useful_mac_count_o_reg[11]/C is not reached by a timing clock
Related violations: <none>

TIMING-17#762 Critical Warning
Non-clocked sequential cell  
The clock pin u_tpu_top/dbg_conv2_useful_mac_count_o_reg[12]/C is not reached by a timing clock
Related violations: <none>

TIMING-17#763 Critical Warning
Non-clocked sequential cell  
The clock pin u_tpu_top/dbg_conv2_useful_mac_count_o_reg[13]/C is not reached by a timing clock
Related violations: <none>

TIMING-17#764 Critical Warning
Non-clocked sequential cell  
The clock pin u_tpu_top/dbg_conv2_useful_mac_count_o_reg[14]/C is not reached by a timing clock
Related violations: <none>

TIMING-17#765 Critical Warning
Non-clocked sequential cell  
The clock pin u_tpu_top/dbg_conv2_useful_mac_count_o_reg[15]/C is not reached by a timing clock
Related violations: <none>

TIMING-17#766 Critical Warning
Non-clocked sequential cell  
The clock pin u_tpu_top/dbg_conv2_useful_mac_count_o_reg[16]/C is not reached by a timing clock
Related violations: <none>

TIMING-17#767 Critical Warning
Non-clocked sequential cell  
The clock pin u_tpu_top/dbg_conv2_useful_mac_count_o_reg[17]/C is not reached by a timing clock
Related violations: <none>

TIMING-17#768 Critical Warning
Non-clocked sequential cell  
The clock pin u_tpu_top/dbg_conv2_useful_mac_count_o_reg[18]/C is not reached by a timing clock
Related violations: <none>

TIMING-17#769 Critical Warning
Non-clocked sequential cell  
The clock pin u_tpu_top/dbg_conv2_useful_mac_count_o_reg[19]/C is not reached by a timing clock
Related violations: <none>

TIMING-17#770 Critical Warning
Non-clocked sequential cell  
The clock pin u_tpu_top/dbg_conv2_useful_mac_count_o_reg[1]/C is not reached by a timing clock
Related violations: <none>

TIMING-17#771 Critical Warning
Non-clocked sequential cell  
The clock pin u_tpu_top/dbg_conv2_useful_mac_count_o_reg[20]/C is not reached by a timing clock
Related violations: <none>

TIMING-17#772 Critical Warning
Non-clocked sequential cell  
The clock pin u_tpu_top/dbg_conv2_useful_mac_count_o_reg[21]/C is not reached by a timing clock
Related violations: <none>

TIMING-17#773 Critical Warning
Non-clocked sequential cell  
The clock pin u_tpu_top/dbg_conv2_useful_mac_count_o_reg[22]/C is not reached by a timing clock
Related violations: <none>

TIMING-17#774 Critical Warning
Non-clocked sequential cell  
The clock pin u_tpu_top/dbg_conv2_useful_mac_count_o_reg[23]/C is not reached by a timing clock
Related violations: <none>

TIMING-17#775 Critical Warning
Non-clocked sequential cell  
The clock pin u_tpu_top/dbg_conv2_useful_mac_count_o_reg[24]/C is not reached by a timing clock
Related violations: <none>

TIMING-17#776 Critical Warning
Non-clocked sequential cell  
The clock pin u_tpu_top/dbg_conv2_useful_mac_count_o_reg[25]/C is not reached by a timing clock
Related violations: <none>

TIMING-17#777 Critical Warning
Non-clocked sequential cell  
The clock pin u_tpu_top/dbg_conv2_useful_mac_count_o_reg[26]/C is not reached by a timing clock
Related violations: <none>

TIMING-17#778 Critical Warning
Non-clocked sequential cell  
The clock pin u_tpu_top/dbg_conv2_useful_mac_count_o_reg[27]/C is not reached by a timing clock
Related violations: <none>

TIMING-17#779 Critical Warning
Non-clocked sequential cell  
The clock pin u_tpu_top/dbg_conv2_useful_mac_count_o_reg[28]/C is not reached by a timing clock
Related violations: <none>

TIMING-17#780 Critical Warning
Non-clocked sequential cell  
The clock pin u_tpu_top/dbg_conv2_useful_mac_count_o_reg[29]/C is not reached by a timing clock
Related violations: <none>

TIMING-17#781 Critical Warning
Non-clocked sequential cell  
The clock pin u_tpu_top/dbg_conv2_useful_mac_count_o_reg[2]/C is not reached by a timing clock
Related violations: <none>

TIMING-17#782 Critical Warning
Non-clocked sequential cell  
The clock pin u_tpu_top/dbg_conv2_useful_mac_count_o_reg[30]/C is not reached by a timing clock
Related violations: <none>

TIMING-17#783 Critical Warning
Non-clocked sequential cell  
The clock pin u_tpu_top/dbg_conv2_useful_mac_count_o_reg[31]/C is not reached by a timing clock
Related violations: <none>

TIMING-17#784 Critical Warning
Non-clocked sequential cell  
The clock pin u_tpu_top/dbg_conv2_useful_mac_count_o_reg[3]/C is not reached by a timing clock
Related violations: <none>

TIMING-17#785 Critical Warning
Non-clocked sequential cell  
The clock pin u_tpu_top/dbg_conv2_useful_mac_count_o_reg[4]/C is not reached by a timing clock
Related violations: <none>

TIMING-17#786 Critical Warning
Non-clocked sequential cell  
The clock pin u_tpu_top/dbg_conv2_useful_mac_count_o_reg[5]/C is not reached by a timing clock
Related violations: <none>

TIMING-17#787 Critical Warning
Non-clocked sequential cell  
The clock pin u_tpu_top/dbg_conv2_useful_mac_count_o_reg[6]/C is not reached by a timing clock
Related violations: <none>

TIMING-17#788 Critical Warning
Non-clocked sequential cell  
The clock pin u_tpu_top/dbg_conv2_useful_mac_count_o_reg[7]/C is not reached by a timing clock
Related violations: <none>

TIMING-17#789 Critical Warning
Non-clocked sequential cell  
The clock pin u_tpu_top/dbg_conv2_useful_mac_count_o_reg[8]/C is not reached by a timing clock
Related violations: <none>

TIMING-17#790 Critical Warning
Non-clocked sequential cell  
The clock pin u_tpu_top/dbg_conv2_useful_mac_count_o_reg[9]/C is not reached by a timing clock
Related violations: <none>

TIMING-17#791 Critical Warning
Non-clocked sequential cell  
The clock pin u_tpu_top/dbg_conv2_valid_mac_count_o_reg[0]/C is not reached by a timing clock
Related violations: <none>

TIMING-17#792 Critical Warning
Non-clocked sequential cell  
The clock pin u_tpu_top/dbg_conv2_valid_mac_count_o_reg[10]/C is not reached by a timing clock
Related violations: <none>

TIMING-17#793 Critical Warning
Non-clocked sequential cell  
The clock pin u_tpu_top/dbg_conv2_valid_mac_count_o_reg[11]/C is not reached by a timing clock
Related violations: <none>

TIMING-17#794 Critical Warning
Non-clocked sequential cell  
The clock pin u_tpu_top/dbg_conv2_valid_mac_count_o_reg[12]/C is not reached by a timing clock
Related violations: <none>

TIMING-17#795 Critical Warning
Non-clocked sequential cell  
The clock pin u_tpu_top/dbg_conv2_valid_mac_count_o_reg[13]/C is not reached by a timing clock
Related violations: <none>

TIMING-17#796 Critical Warning
Non-clocked sequential cell  
The clock pin u_tpu_top/dbg_conv2_valid_mac_count_o_reg[14]/C is not reached by a timing clock
Related violations: <none>

TIMING-17#797 Critical Warning
Non-clocked sequential cell  
The clock pin u_tpu_top/dbg_conv2_valid_mac_count_o_reg[15]/C is not reached by a timing clock
Related violations: <none>

TIMING-17#798 Critical Warning
Non-clocked sequential cell  
The clock pin u_tpu_top/dbg_conv2_valid_mac_count_o_reg[16]/C is not reached by a timing clock
Related violations: <none>

TIMING-17#799 Critical Warning
Non-clocked sequential cell  
The clock pin u_tpu_top/dbg_conv2_valid_mac_count_o_reg[17]/C is not reached by a timing clock
Related violations: <none>

TIMING-17#800 Critical Warning
Non-clocked sequential cell  
The clock pin u_tpu_top/dbg_conv2_valid_mac_count_o_reg[18]/C is not reached by a timing clock
Related violations: <none>

TIMING-17#801 Critical Warning
Non-clocked sequential cell  
The clock pin u_tpu_top/dbg_conv2_valid_mac_count_o_reg[19]/C is not reached by a timing clock
Related violations: <none>

TIMING-17#802 Critical Warning
Non-clocked sequential cell  
The clock pin u_tpu_top/dbg_conv2_valid_mac_count_o_reg[1]/C is not reached by a timing clock
Related violations: <none>

TIMING-17#803 Critical Warning
Non-clocked sequential cell  
The clock pin u_tpu_top/dbg_conv2_valid_mac_count_o_reg[20]/C is not reached by a timing clock
Related violations: <none>

TIMING-17#804 Critical Warning
Non-clocked sequential cell  
The clock pin u_tpu_top/dbg_conv2_valid_mac_count_o_reg[21]/C is not reached by a timing clock
Related violations: <none>

TIMING-17#805 Critical Warning
Non-clocked sequential cell  
The clock pin u_tpu_top/dbg_conv2_valid_mac_count_o_reg[22]/C is not reached by a timing clock
Related violations: <none>

TIMING-17#806 Critical Warning
Non-clocked sequential cell  
The clock pin u_tpu_top/dbg_conv2_valid_mac_count_o_reg[23]/C is not reached by a timing clock
Related violations: <none>

TIMING-17#807 Critical Warning
Non-clocked sequential cell  
The clock pin u_tpu_top/dbg_conv2_valid_mac_count_o_reg[24]/C is not reached by a timing clock
Related violations: <none>

TIMING-17#808 Critical Warning
Non-clocked sequential cell  
The clock pin u_tpu_top/dbg_conv2_valid_mac_count_o_reg[25]/C is not reached by a timing clock
Related violations: <none>

TIMING-17#809 Critical Warning
Non-clocked sequential cell  
The clock pin u_tpu_top/dbg_conv2_valid_mac_count_o_reg[26]/C is not reached by a timing clock
Related violations: <none>

TIMING-17#810 Critical Warning
Non-clocked sequential cell  
The clock pin u_tpu_top/dbg_conv2_valid_mac_count_o_reg[27]/C is not reached by a timing clock
Related violations: <none>

TIMING-17#811 Critical Warning
Non-clocked sequential cell  
The clock pin u_tpu_top/dbg_conv2_valid_mac_count_o_reg[28]/C is not reached by a timing clock
Related violations: <none>

TIMING-17#812 Critical Warning
Non-clocked sequential cell  
The clock pin u_tpu_top/dbg_conv2_valid_mac_count_o_reg[29]/C is not reached by a timing clock
Related violations: <none>

TIMING-17#813 Critical Warning
Non-clocked sequential cell  
The clock pin u_tpu_top/dbg_conv2_valid_mac_count_o_reg[2]/C is not reached by a timing clock
Related violations: <none>

TIMING-17#814 Critical Warning
Non-clocked sequential cell  
The clock pin u_tpu_top/dbg_conv2_valid_mac_count_o_reg[30]/C is not reached by a timing clock
Related violations: <none>

TIMING-17#815 Critical Warning
Non-clocked sequential cell  
The clock pin u_tpu_top/dbg_conv2_valid_mac_count_o_reg[31]/C is not reached by a timing clock
Related violations: <none>

TIMING-17#816 Critical Warning
Non-clocked sequential cell  
The clock pin u_tpu_top/dbg_conv2_valid_mac_count_o_reg[3]/C is not reached by a timing clock
Related violations: <none>

TIMING-17#817 Critical Warning
Non-clocked sequential cell  
The clock pin u_tpu_top/dbg_conv2_valid_mac_count_o_reg[4]/C is not reached by a timing clock
Related violations: <none>

TIMING-17#818 Critical Warning
Non-clocked sequential cell  
The clock pin u_tpu_top/dbg_conv2_valid_mac_count_o_reg[5]/C is not reached by a timing clock
Related violations: <none>

TIMING-17#819 Critical Warning
Non-clocked sequential cell  
The clock pin u_tpu_top/dbg_conv2_valid_mac_count_o_reg[6]/C is not reached by a timing clock
Related violations: <none>

TIMING-17#820 Critical Warning
Non-clocked sequential cell  
The clock pin u_tpu_top/dbg_conv2_valid_mac_count_o_reg[7]/C is not reached by a timing clock
Related violations: <none>

TIMING-17#821 Critical Warning
Non-clocked sequential cell  
The clock pin u_tpu_top/dbg_conv2_valid_mac_count_o_reg[8]/C is not reached by a timing clock
Related violations: <none>

TIMING-17#822 Critical Warning
Non-clocked sequential cell  
The clock pin u_tpu_top/dbg_conv2_valid_mac_count_o_reg[9]/C is not reached by a timing clock
Related violations: <none>

TIMING-17#823 Critical Warning
Non-clocked sequential cell  
The clock pin u_tpu_top/dbg_conv2_vpu_cycles_o_reg[0]/C is not reached by a timing clock
Related violations: <none>

TIMING-17#824 Critical Warning
Non-clocked sequential cell  
The clock pin u_tpu_top/dbg_conv2_vpu_cycles_o_reg[10]/C is not reached by a timing clock
Related violations: <none>

TIMING-17#825 Critical Warning
Non-clocked sequential cell  
The clock pin u_tpu_top/dbg_conv2_vpu_cycles_o_reg[11]/C is not reached by a timing clock
Related violations: <none>

TIMING-17#826 Critical Warning
Non-clocked sequential cell  
The clock pin u_tpu_top/dbg_conv2_vpu_cycles_o_reg[12]/C is not reached by a timing clock
Related violations: <none>

TIMING-17#827 Critical Warning
Non-clocked sequential cell  
The clock pin u_tpu_top/dbg_conv2_vpu_cycles_o_reg[13]/C is not reached by a timing clock
Related violations: <none>

TIMING-17#828 Critical Warning
Non-clocked sequential cell  
The clock pin u_tpu_top/dbg_conv2_vpu_cycles_o_reg[14]/C is not reached by a timing clock
Related violations: <none>

TIMING-17#829 Critical Warning
Non-clocked sequential cell  
The clock pin u_tpu_top/dbg_conv2_vpu_cycles_o_reg[15]/C is not reached by a timing clock
Related violations: <none>

TIMING-17#830 Critical Warning
Non-clocked sequential cell  
The clock pin u_tpu_top/dbg_conv2_vpu_cycles_o_reg[16]/C is not reached by a timing clock
Related violations: <none>

TIMING-17#831 Critical Warning
Non-clocked sequential cell  
The clock pin u_tpu_top/dbg_conv2_vpu_cycles_o_reg[17]/C is not reached by a timing clock
Related violations: <none>

TIMING-17#832 Critical Warning
Non-clocked sequential cell  
The clock pin u_tpu_top/dbg_conv2_vpu_cycles_o_reg[18]/C is not reached by a timing clock
Related violations: <none>

TIMING-17#833 Critical Warning
Non-clocked sequential cell  
The clock pin u_tpu_top/dbg_conv2_vpu_cycles_o_reg[19]/C is not reached by a timing clock
Related violations: <none>

TIMING-17#834 Critical Warning
Non-clocked sequential cell  
The clock pin u_tpu_top/dbg_conv2_vpu_cycles_o_reg[1]/C is not reached by a timing clock
Related violations: <none>

TIMING-17#835 Critical Warning
Non-clocked sequential cell  
The clock pin u_tpu_top/dbg_conv2_vpu_cycles_o_reg[20]/C is not reached by a timing clock
Related violations: <none>

TIMING-17#836 Critical Warning
Non-clocked sequential cell  
The clock pin u_tpu_top/dbg_conv2_vpu_cycles_o_reg[21]/C is not reached by a timing clock
Related violations: <none>

TIMING-17#837 Critical Warning
Non-clocked sequential cell  
The clock pin u_tpu_top/dbg_conv2_vpu_cycles_o_reg[22]/C is not reached by a timing clock
Related violations: <none>

TIMING-17#838 Critical Warning
Non-clocked sequential cell  
The clock pin u_tpu_top/dbg_conv2_vpu_cycles_o_reg[23]/C is not reached by a timing clock
Related violations: <none>

TIMING-17#839 Critical Warning
Non-clocked sequential cell  
The clock pin u_tpu_top/dbg_conv2_vpu_cycles_o_reg[24]/C is not reached by a timing clock
Related violations: <none>

TIMING-17#840 Critical Warning
Non-clocked sequential cell  
The clock pin u_tpu_top/dbg_conv2_vpu_cycles_o_reg[25]/C is not reached by a timing clock
Related violations: <none>

TIMING-17#841 Critical Warning
Non-clocked sequential cell  
The clock pin u_tpu_top/dbg_conv2_vpu_cycles_o_reg[26]/C is not reached by a timing clock
Related violations: <none>

TIMING-17#842 Critical Warning
Non-clocked sequential cell  
The clock pin u_tpu_top/dbg_conv2_vpu_cycles_o_reg[27]/C is not reached by a timing clock
Related violations: <none>

TIMING-17#843 Critical Warning
Non-clocked sequential cell  
The clock pin u_tpu_top/dbg_conv2_vpu_cycles_o_reg[28]/C is not reached by a timing clock
Related violations: <none>

TIMING-17#844 Critical Warning
Non-clocked sequential cell  
The clock pin u_tpu_top/dbg_conv2_vpu_cycles_o_reg[29]/C is not reached by a timing clock
Related violations: <none>

TIMING-17#845 Critical Warning
Non-clocked sequential cell  
The clock pin u_tpu_top/dbg_conv2_vpu_cycles_o_reg[2]/C is not reached by a timing clock
Related violations: <none>

TIMING-17#846 Critical Warning
Non-clocked sequential cell  
The clock pin u_tpu_top/dbg_conv2_vpu_cycles_o_reg[30]/C is not reached by a timing clock
Related violations: <none>

TIMING-17#847 Critical Warning
Non-clocked sequential cell  
The clock pin u_tpu_top/dbg_conv2_vpu_cycles_o_reg[31]/C is not reached by a timing clock
Related violations: <none>

TIMING-17#848 Critical Warning
Non-clocked sequential cell  
The clock pin u_tpu_top/dbg_conv2_vpu_cycles_o_reg[3]/C is not reached by a timing clock
Related violations: <none>

TIMING-17#849 Critical Warning
Non-clocked sequential cell  
The clock pin u_tpu_top/dbg_conv2_vpu_cycles_o_reg[4]/C is not reached by a timing clock
Related violations: <none>

TIMING-17#850 Critical Warning
Non-clocked sequential cell  
The clock pin u_tpu_top/dbg_conv2_vpu_cycles_o_reg[5]/C is not reached by a timing clock
Related violations: <none>

TIMING-17#851 Critical Warning
Non-clocked sequential cell  
The clock pin u_tpu_top/dbg_conv2_vpu_cycles_o_reg[6]/C is not reached by a timing clock
Related violations: <none>

TIMING-17#852 Critical Warning
Non-clocked sequential cell  
The clock pin u_tpu_top/dbg_conv2_vpu_cycles_o_reg[7]/C is not reached by a timing clock
Related violations: <none>

TIMING-17#853 Critical Warning
Non-clocked sequential cell  
The clock pin u_tpu_top/dbg_conv2_vpu_cycles_o_reg[8]/C is not reached by a timing clock
Related violations: <none>

TIMING-17#854 Critical Warning
Non-clocked sequential cell  
The clock pin u_tpu_top/dbg_conv2_vpu_cycles_o_reg[9]/C is not reached by a timing clock
Related violations: <none>

TIMING-17#855 Critical Warning
Non-clocked sequential cell  
The clock pin u_tpu_top/dbg_conv2_weight_load_cycles_o_reg[0]/C is not reached by a timing clock
Related violations: <none>

TIMING-17#856 Critical Warning
Non-clocked sequential cell  
The clock pin u_tpu_top/dbg_conv2_weight_load_cycles_o_reg[10]/C is not reached by a timing clock
Related violations: <none>

TIMING-17#857 Critical Warning
Non-clocked sequential cell  
The clock pin u_tpu_top/dbg_conv2_weight_load_cycles_o_reg[11]/C is not reached by a timing clock
Related violations: <none>

TIMING-17#858 Critical Warning
Non-clocked sequential cell  
The clock pin u_tpu_top/dbg_conv2_weight_load_cycles_o_reg[12]/C is not reached by a timing clock
Related violations: <none>

TIMING-17#859 Critical Warning
Non-clocked sequential cell  
The clock pin u_tpu_top/dbg_conv2_weight_load_cycles_o_reg[13]/C is not reached by a timing clock
Related violations: <none>

TIMING-17#860 Critical Warning
Non-clocked sequential cell  
The clock pin u_tpu_top/dbg_conv2_weight_load_cycles_o_reg[14]/C is not reached by a timing clock
Related violations: <none>

TIMING-17#861 Critical Warning
Non-clocked sequential cell  
The clock pin u_tpu_top/dbg_conv2_weight_load_cycles_o_reg[15]/C is not reached by a timing clock
Related violations: <none>

TIMING-17#862 Critical Warning
Non-clocked sequential cell  
The clock pin u_tpu_top/dbg_conv2_weight_load_cycles_o_reg[16]/C is not reached by a timing clock
Related violations: <none>

TIMING-17#863 Critical Warning
Non-clocked sequential cell  
The clock pin u_tpu_top/dbg_conv2_weight_load_cycles_o_reg[17]/C is not reached by a timing clock
Related violations: <none>

TIMING-17#864 Critical Warning
Non-clocked sequential cell  
The clock pin u_tpu_top/dbg_conv2_weight_load_cycles_o_reg[18]/C is not reached by a timing clock
Related violations: <none>

TIMING-17#865 Critical Warning
Non-clocked sequential cell  
The clock pin u_tpu_top/dbg_conv2_weight_load_cycles_o_reg[19]/C is not reached by a timing clock
Related violations: <none>

TIMING-17#866 Critical Warning
Non-clocked sequential cell  
The clock pin u_tpu_top/dbg_conv2_weight_load_cycles_o_reg[1]/C is not reached by a timing clock
Related violations: <none>

TIMING-17#867 Critical Warning
Non-clocked sequential cell  
The clock pin u_tpu_top/dbg_conv2_weight_load_cycles_o_reg[20]/C is not reached by a timing clock
Related violations: <none>

TIMING-17#868 Critical Warning
Non-clocked sequential cell  
The clock pin u_tpu_top/dbg_conv2_weight_load_cycles_o_reg[21]/C is not reached by a timing clock
Related violations: <none>

TIMING-17#869 Critical Warning
Non-clocked sequential cell  
The clock pin u_tpu_top/dbg_conv2_weight_load_cycles_o_reg[22]/C is not reached by a timing clock
Related violations: <none>

TIMING-17#870 Critical Warning
Non-clocked sequential cell  
The clock pin u_tpu_top/dbg_conv2_weight_load_cycles_o_reg[23]/C is not reached by a timing clock
Related violations: <none>

TIMING-17#871 Critical Warning
Non-clocked sequential cell  
The clock pin u_tpu_top/dbg_conv2_weight_load_cycles_o_reg[24]/C is not reached by a timing clock
Related violations: <none>

TIMING-17#872 Critical Warning
Non-clocked sequential cell  
The clock pin u_tpu_top/dbg_conv2_weight_load_cycles_o_reg[25]/C is not reached by a timing clock
Related violations: <none>

TIMING-17#873 Critical Warning
Non-clocked sequential cell  
The clock pin u_tpu_top/dbg_conv2_weight_load_cycles_o_reg[26]/C is not reached by a timing clock
Related violations: <none>

TIMING-17#874 Critical Warning
Non-clocked sequential cell  
The clock pin u_tpu_top/dbg_conv2_weight_load_cycles_o_reg[27]/C is not reached by a timing clock
Related violations: <none>

TIMING-17#875 Critical Warning
Non-clocked sequential cell  
The clock pin u_tpu_top/dbg_conv2_weight_load_cycles_o_reg[28]/C is not reached by a timing clock
Related violations: <none>

TIMING-17#876 Critical Warning
Non-clocked sequential cell  
The clock pin u_tpu_top/dbg_conv2_weight_load_cycles_o_reg[29]/C is not reached by a timing clock
Related violations: <none>

TIMING-17#877 Critical Warning
Non-clocked sequential cell  
The clock pin u_tpu_top/dbg_conv2_weight_load_cycles_o_reg[2]/C is not reached by a timing clock
Related violations: <none>

TIMING-17#878 Critical Warning
Non-clocked sequential cell  
The clock pin u_tpu_top/dbg_conv2_weight_load_cycles_o_reg[30]/C is not reached by a timing clock
Related violations: <none>

TIMING-17#879 Critical Warning
Non-clocked sequential cell  
The clock pin u_tpu_top/dbg_conv2_weight_load_cycles_o_reg[31]/C is not reached by a timing clock
Related violations: <none>

TIMING-17#880 Critical Warning
Non-clocked sequential cell  
The clock pin u_tpu_top/dbg_conv2_weight_load_cycles_o_reg[3]/C is not reached by a timing clock
Related violations: <none>

TIMING-17#881 Critical Warning
Non-clocked sequential cell  
The clock pin u_tpu_top/dbg_conv2_weight_load_cycles_o_reg[4]/C is not reached by a timing clock
Related violations: <none>

TIMING-17#882 Critical Warning
Non-clocked sequential cell  
The clock pin u_tpu_top/dbg_conv2_weight_load_cycles_o_reg[5]/C is not reached by a timing clock
Related violations: <none>

TIMING-17#883 Critical Warning
Non-clocked sequential cell  
The clock pin u_tpu_top/dbg_conv2_weight_load_cycles_o_reg[6]/C is not reached by a timing clock
Related violations: <none>

TIMING-17#884 Critical Warning
Non-clocked sequential cell  
The clock pin u_tpu_top/dbg_conv2_weight_load_cycles_o_reg[7]/C is not reached by a timing clock
Related violations: <none>

TIMING-17#885 Critical Warning
Non-clocked sequential cell  
The clock pin u_tpu_top/dbg_conv2_weight_load_cycles_o_reg[8]/C is not reached by a timing clock
Related violations: <none>

TIMING-17#886 Critical Warning
Non-clocked sequential cell  
The clock pin u_tpu_top/dbg_conv2_weight_load_cycles_o_reg[9]/C is not reached by a timing clock
Related violations: <none>

TIMING-17#887 Critical Warning
Non-clocked sequential cell  
The clock pin u_tpu_top/dbg_cycle_count_o_reg[0]/C is not reached by a timing clock
Related violations: <none>

TIMING-17#888 Critical Warning
Non-clocked sequential cell  
The clock pin u_tpu_top/dbg_cycle_count_o_reg[10]/C is not reached by a timing clock
Related violations: <none>

TIMING-17#889 Critical Warning
Non-clocked sequential cell  
The clock pin u_tpu_top/dbg_cycle_count_o_reg[11]/C is not reached by a timing clock
Related violations: <none>

TIMING-17#890 Critical Warning
Non-clocked sequential cell  
The clock pin u_tpu_top/dbg_cycle_count_o_reg[12]/C is not reached by a timing clock
Related violations: <none>

TIMING-17#891 Critical Warning
Non-clocked sequential cell  
The clock pin u_tpu_top/dbg_cycle_count_o_reg[13]/C is not reached by a timing clock
Related violations: <none>

TIMING-17#892 Critical Warning
Non-clocked sequential cell  
The clock pin u_tpu_top/dbg_cycle_count_o_reg[14]/C is not reached by a timing clock
Related violations: <none>

TIMING-17#893 Critical Warning
Non-clocked sequential cell  
The clock pin u_tpu_top/dbg_cycle_count_o_reg[15]/C is not reached by a timing clock
Related violations: <none>

TIMING-17#894 Critical Warning
Non-clocked sequential cell  
The clock pin u_tpu_top/dbg_cycle_count_o_reg[16]/C is not reached by a timing clock
Related violations: <none>

TIMING-17#895 Critical Warning
Non-clocked sequential cell  
The clock pin u_tpu_top/dbg_cycle_count_o_reg[17]/C is not reached by a timing clock
Related violations: <none>

TIMING-17#896 Critical Warning
Non-clocked sequential cell  
The clock pin u_tpu_top/dbg_cycle_count_o_reg[18]/C is not reached by a timing clock
Related violations: <none>

TIMING-17#897 Critical Warning
Non-clocked sequential cell  
The clock pin u_tpu_top/dbg_cycle_count_o_reg[19]/C is not reached by a timing clock
Related violations: <none>

TIMING-17#898 Critical Warning
Non-clocked sequential cell  
The clock pin u_tpu_top/dbg_cycle_count_o_reg[1]/C is not reached by a timing clock
Related violations: <none>

TIMING-17#899 Critical Warning
Non-clocked sequential cell  
The clock pin u_tpu_top/dbg_cycle_count_o_reg[20]/C is not reached by a timing clock
Related violations: <none>

TIMING-17#900 Critical Warning
Non-clocked sequential cell  
The clock pin u_tpu_top/dbg_cycle_count_o_reg[21]/C is not reached by a timing clock
Related violations: <none>

TIMING-17#901 Critical Warning
Non-clocked sequential cell  
The clock pin u_tpu_top/dbg_cycle_count_o_reg[22]/C is not reached by a timing clock
Related violations: <none>

TIMING-17#902 Critical Warning
Non-clocked sequential cell  
The clock pin u_tpu_top/dbg_cycle_count_o_reg[23]/C is not reached by a timing clock
Related violations: <none>

TIMING-17#903 Critical Warning
Non-clocked sequential cell  
The clock pin u_tpu_top/dbg_cycle_count_o_reg[24]/C is not reached by a timing clock
Related violations: <none>

TIMING-17#904 Critical Warning
Non-clocked sequential cell  
The clock pin u_tpu_top/dbg_cycle_count_o_reg[25]/C is not reached by a timing clock
Related violations: <none>

TIMING-17#905 Critical Warning
Non-clocked sequential cell  
The clock pin u_tpu_top/dbg_cycle_count_o_reg[26]/C is not reached by a timing clock
Related violations: <none>

TIMING-17#906 Critical Warning
Non-clocked sequential cell  
The clock pin u_tpu_top/dbg_cycle_count_o_reg[27]/C is not reached by a timing clock
Related violations: <none>

TIMING-17#907 Critical Warning
Non-clocked sequential cell  
The clock pin u_tpu_top/dbg_cycle_count_o_reg[28]/C is not reached by a timing clock
Related violations: <none>

TIMING-17#908 Critical Warning
Non-clocked sequential cell  
The clock pin u_tpu_top/dbg_cycle_count_o_reg[29]/C is not reached by a timing clock
Related violations: <none>

TIMING-17#909 Critical Warning
Non-clocked sequential cell  
The clock pin u_tpu_top/dbg_cycle_count_o_reg[2]/C is not reached by a timing clock
Related violations: <none>

TIMING-17#910 Critical Warning
Non-clocked sequential cell  
The clock pin u_tpu_top/dbg_cycle_count_o_reg[30]/C is not reached by a timing clock
Related violations: <none>

TIMING-17#911 Critical Warning
Non-clocked sequential cell  
The clock pin u_tpu_top/dbg_cycle_count_o_reg[31]/C is not reached by a timing clock
Related violations: <none>

TIMING-17#912 Critical Warning
Non-clocked sequential cell  
The clock pin u_tpu_top/dbg_cycle_count_o_reg[3]/C is not reached by a timing clock
Related violations: <none>

TIMING-17#913 Critical Warning
Non-clocked sequential cell  
The clock pin u_tpu_top/dbg_cycle_count_o_reg[4]/C is not reached by a timing clock
Related violations: <none>

TIMING-17#914 Critical Warning
Non-clocked sequential cell  
The clock pin u_tpu_top/dbg_cycle_count_o_reg[5]/C is not reached by a timing clock
Related violations: <none>

TIMING-17#915 Critical Warning
Non-clocked sequential cell  
The clock pin u_tpu_top/dbg_cycle_count_o_reg[6]/C is not reached by a timing clock
Related violations: <none>

TIMING-17#916 Critical Warning
Non-clocked sequential cell  
The clock pin u_tpu_top/dbg_cycle_count_o_reg[7]/C is not reached by a timing clock
Related violations: <none>

TIMING-17#917 Critical Warning
Non-clocked sequential cell  
The clock pin u_tpu_top/dbg_cycle_count_o_reg[8]/C is not reached by a timing clock
Related violations: <none>

TIMING-17#918 Critical Warning
Non-clocked sequential cell  
The clock pin u_tpu_top/dbg_cycle_count_o_reg[9]/C is not reached by a timing clock
Related violations: <none>

TIMING-17#919 Critical Warning
Non-clocked sequential cell  
The clock pin u_tpu_top/dbg_error_code_o_reg[0]/C is not reached by a timing clock
Related violations: <none>

TIMING-17#920 Critical Warning
Non-clocked sequential cell  
The clock pin u_tpu_top/dbg_error_code_o_reg[12]/C is not reached by a timing clock
Related violations: <none>

TIMING-17#921 Critical Warning
Non-clocked sequential cell  
The clock pin u_tpu_top/dbg_error_code_o_reg[13]/C is not reached by a timing clock
Related violations: <none>

TIMING-17#922 Critical Warning
Non-clocked sequential cell  
The clock pin u_tpu_top/dbg_error_code_o_reg[18]/C is not reached by a timing clock
Related violations: <none>

TIMING-17#923 Critical Warning
Non-clocked sequential cell  
The clock pin u_tpu_top/dbg_error_code_o_reg[1]/C is not reached by a timing clock
Related violations: <none>

TIMING-17#924 Critical Warning
Non-clocked sequential cell  
The clock pin u_tpu_top/dbg_error_code_o_reg[2]/C is not reached by a timing clock
Related violations: <none>

TIMING-17#925 Critical Warning
Non-clocked sequential cell  
The clock pin u_tpu_top/dbg_error_code_o_reg[3]/C is not reached by a timing clock
Related violations: <none>

TIMING-17#926 Critical Warning
Non-clocked sequential cell  
The clock pin u_tpu_top/dbg_error_code_o_reg[5]/C is not reached by a timing clock
Related violations: <none>

TIMING-17#927 Critical Warning
Non-clocked sequential cell  
The clock pin u_tpu_top/dbg_error_code_o_reg[6]/C is not reached by a timing clock
Related violations: <none>

TIMING-17#928 Critical Warning
Non-clocked sequential cell  
The clock pin u_tpu_top/dbg_error_code_o_reg[7]/C is not reached by a timing clock
Related violations: <none>

TIMING-17#929 Critical Warning
Non-clocked sequential cell  
The clock pin u_tpu_top/dbg_fc1_accumulator_cycles_o_reg[0]/C is not reached by a timing clock
Related violations: <none>

TIMING-17#930 Critical Warning
Non-clocked sequential cell  
The clock pin u_tpu_top/dbg_fc1_accumulator_cycles_o_reg[10]/C is not reached by a timing clock
Related violations: <none>

TIMING-17#931 Critical Warning
Non-clocked sequential cell  
The clock pin u_tpu_top/dbg_fc1_accumulator_cycles_o_reg[11]/C is not reached by a timing clock
Related violations: <none>

TIMING-17#932 Critical Warning
Non-clocked sequential cell  
The clock pin u_tpu_top/dbg_fc1_accumulator_cycles_o_reg[12]/C is not reached by a timing clock
Related violations: <none>

TIMING-17#933 Critical Warning
Non-clocked sequential cell  
The clock pin u_tpu_top/dbg_fc1_accumulator_cycles_o_reg[13]/C is not reached by a timing clock
Related violations: <none>

TIMING-17#934 Critical Warning
Non-clocked sequential cell  
The clock pin u_tpu_top/dbg_fc1_accumulator_cycles_o_reg[14]/C is not reached by a timing clock
Related violations: <none>

TIMING-17#935 Critical Warning
Non-clocked sequential cell  
The clock pin u_tpu_top/dbg_fc1_accumulator_cycles_o_reg[15]/C is not reached by a timing clock
Related violations: <none>

TIMING-17#936 Critical Warning
Non-clocked sequential cell  
The clock pin u_tpu_top/dbg_fc1_accumulator_cycles_o_reg[16]/C is not reached by a timing clock
Related violations: <none>

TIMING-17#937 Critical Warning
Non-clocked sequential cell  
The clock pin u_tpu_top/dbg_fc1_accumulator_cycles_o_reg[17]/C is not reached by a timing clock
Related violations: <none>

TIMING-17#938 Critical Warning
Non-clocked sequential cell  
The clock pin u_tpu_top/dbg_fc1_accumulator_cycles_o_reg[18]/C is not reached by a timing clock
Related violations: <none>

TIMING-17#939 Critical Warning
Non-clocked sequential cell  
The clock pin u_tpu_top/dbg_fc1_accumulator_cycles_o_reg[19]/C is not reached by a timing clock
Related violations: <none>

TIMING-17#940 Critical Warning
Non-clocked sequential cell  
The clock pin u_tpu_top/dbg_fc1_accumulator_cycles_o_reg[1]/C is not reached by a timing clock
Related violations: <none>

TIMING-17#941 Critical Warning
Non-clocked sequential cell  
The clock pin u_tpu_top/dbg_fc1_accumulator_cycles_o_reg[20]/C is not reached by a timing clock
Related violations: <none>

TIMING-17#942 Critical Warning
Non-clocked sequential cell  
The clock pin u_tpu_top/dbg_fc1_accumulator_cycles_o_reg[21]/C is not reached by a timing clock
Related violations: <none>

TIMING-17#943 Critical Warning
Non-clocked sequential cell  
The clock pin u_tpu_top/dbg_fc1_accumulator_cycles_o_reg[22]/C is not reached by a timing clock
Related violations: <none>

TIMING-17#944 Critical Warning
Non-clocked sequential cell  
The clock pin u_tpu_top/dbg_fc1_accumulator_cycles_o_reg[23]/C is not reached by a timing clock
Related violations: <none>

TIMING-17#945 Critical Warning
Non-clocked sequential cell  
The clock pin u_tpu_top/dbg_fc1_accumulator_cycles_o_reg[24]/C is not reached by a timing clock
Related violations: <none>

TIMING-17#946 Critical Warning
Non-clocked sequential cell  
The clock pin u_tpu_top/dbg_fc1_accumulator_cycles_o_reg[25]/C is not reached by a timing clock
Related violations: <none>

TIMING-17#947 Critical Warning
Non-clocked sequential cell  
The clock pin u_tpu_top/dbg_fc1_accumulator_cycles_o_reg[26]/C is not reached by a timing clock
Related violations: <none>

TIMING-17#948 Critical Warning
Non-clocked sequential cell  
The clock pin u_tpu_top/dbg_fc1_accumulator_cycles_o_reg[27]/C is not reached by a timing clock
Related violations: <none>

TIMING-17#949 Critical Warning
Non-clocked sequential cell  
The clock pin u_tpu_top/dbg_fc1_accumulator_cycles_o_reg[28]/C is not reached by a timing clock
Related violations: <none>

TIMING-17#950 Critical Warning
Non-clocked sequential cell  
The clock pin u_tpu_top/dbg_fc1_accumulator_cycles_o_reg[29]/C is not reached by a timing clock
Related violations: <none>

TIMING-17#951 Critical Warning
Non-clocked sequential cell  
The clock pin u_tpu_top/dbg_fc1_accumulator_cycles_o_reg[2]/C is not reached by a timing clock
Related violations: <none>

TIMING-17#952 Critical Warning
Non-clocked sequential cell  
The clock pin u_tpu_top/dbg_fc1_accumulator_cycles_o_reg[30]/C is not reached by a timing clock
Related violations: <none>

TIMING-17#953 Critical Warning
Non-clocked sequential cell  
The clock pin u_tpu_top/dbg_fc1_accumulator_cycles_o_reg[31]/C is not reached by a timing clock
Related violations: <none>

TIMING-17#954 Critical Warning
Non-clocked sequential cell  
The clock pin u_tpu_top/dbg_fc1_accumulator_cycles_o_reg[3]/C is not reached by a timing clock
Related violations: <none>

TIMING-17#955 Critical Warning
Non-clocked sequential cell  
The clock pin u_tpu_top/dbg_fc1_accumulator_cycles_o_reg[4]/C is not reached by a timing clock
Related violations: <none>

TIMING-17#956 Critical Warning
Non-clocked sequential cell  
The clock pin u_tpu_top/dbg_fc1_accumulator_cycles_o_reg[5]/C is not reached by a timing clock
Related violations: <none>

TIMING-17#957 Critical Warning
Non-clocked sequential cell  
The clock pin u_tpu_top/dbg_fc1_accumulator_cycles_o_reg[6]/C is not reached by a timing clock
Related violations: <none>

TIMING-17#958 Critical Warning
Non-clocked sequential cell  
The clock pin u_tpu_top/dbg_fc1_accumulator_cycles_o_reg[7]/C is not reached by a timing clock
Related violations: <none>

TIMING-17#959 Critical Warning
Non-clocked sequential cell  
The clock pin u_tpu_top/dbg_fc1_accumulator_cycles_o_reg[8]/C is not reached by a timing clock
Related violations: <none>

TIMING-17#960 Critical Warning
Non-clocked sequential cell  
The clock pin u_tpu_top/dbg_fc1_accumulator_cycles_o_reg[9]/C is not reached by a timing clock
Related violations: <none>

TIMING-17#961 Critical Warning
Non-clocked sequential cell  
The clock pin u_tpu_top/dbg_fc1_activation_fetch_cycles_o_reg[0]/C is not reached by a timing clock
Related violations: <none>

TIMING-17#962 Critical Warning
Non-clocked sequential cell  
The clock pin u_tpu_top/dbg_fc1_activation_fetch_cycles_o_reg[10]/C is not reached by a timing clock
Related violations: <none>

TIMING-17#963 Critical Warning
Non-clocked sequential cell  
The clock pin u_tpu_top/dbg_fc1_activation_fetch_cycles_o_reg[11]/C is not reached by a timing clock
Related violations: <none>

TIMING-17#964 Critical Warning
Non-clocked sequential cell  
The clock pin u_tpu_top/dbg_fc1_activation_fetch_cycles_o_reg[12]/C is not reached by a timing clock
Related violations: <none>

TIMING-17#965 Critical Warning
Non-clocked sequential cell  
The clock pin u_tpu_top/dbg_fc1_activation_fetch_cycles_o_reg[13]/C is not reached by a timing clock
Related violations: <none>

TIMING-17#966 Critical Warning
Non-clocked sequential cell  
The clock pin u_tpu_top/dbg_fc1_activation_fetch_cycles_o_reg[14]/C is not reached by a timing clock
Related violations: <none>

TIMING-17#967 Critical Warning
Non-clocked sequential cell  
The clock pin u_tpu_top/dbg_fc1_activation_fetch_cycles_o_reg[15]/C is not reached by a timing clock
Related violations: <none>

TIMING-17#968 Critical Warning
Non-clocked sequential cell  
The clock pin u_tpu_top/dbg_fc1_activation_fetch_cycles_o_reg[16]/C is not reached by a timing clock
Related violations: <none>

TIMING-17#969 Critical Warning
Non-clocked sequential cell  
The clock pin u_tpu_top/dbg_fc1_activation_fetch_cycles_o_reg[17]/C is not reached by a timing clock
Related violations: <none>

TIMING-17#970 Critical Warning
Non-clocked sequential cell  
The clock pin u_tpu_top/dbg_fc1_activation_fetch_cycles_o_reg[18]/C is not reached by a timing clock
Related violations: <none>

TIMING-17#971 Critical Warning
Non-clocked sequential cell  
The clock pin u_tpu_top/dbg_fc1_activation_fetch_cycles_o_reg[19]/C is not reached by a timing clock
Related violations: <none>

TIMING-17#972 Critical Warning
Non-clocked sequential cell  
The clock pin u_tpu_top/dbg_fc1_activation_fetch_cycles_o_reg[1]/C is not reached by a timing clock
Related violations: <none>

TIMING-17#973 Critical Warning
Non-clocked sequential cell  
The clock pin u_tpu_top/dbg_fc1_activation_fetch_cycles_o_reg[20]/C is not reached by a timing clock
Related violations: <none>

TIMING-17#974 Critical Warning
Non-clocked sequential cell  
The clock pin u_tpu_top/dbg_fc1_activation_fetch_cycles_o_reg[21]/C is not reached by a timing clock
Related violations: <none>

TIMING-17#975 Critical Warning
Non-clocked sequential cell  
The clock pin u_tpu_top/dbg_fc1_activation_fetch_cycles_o_reg[22]/C is not reached by a timing clock
Related violations: <none>

TIMING-17#976 Critical Warning
Non-clocked sequential cell  
The clock pin u_tpu_top/dbg_fc1_activation_fetch_cycles_o_reg[23]/C is not reached by a timing clock
Related violations: <none>

TIMING-17#977 Critical Warning
Non-clocked sequential cell  
The clock pin u_tpu_top/dbg_fc1_activation_fetch_cycles_o_reg[24]/C is not reached by a timing clock
Related violations: <none>

TIMING-17#978 Critical Warning
Non-clocked sequential cell  
The clock pin u_tpu_top/dbg_fc1_activation_fetch_cycles_o_reg[25]/C is not reached by a timing clock
Related violations: <none>

TIMING-17#979 Critical Warning
Non-clocked sequential cell  
The clock pin u_tpu_top/dbg_fc1_activation_fetch_cycles_o_reg[26]/C is not reached by a timing clock
Related violations: <none>

TIMING-17#980 Critical Warning
Non-clocked sequential cell  
The clock pin u_tpu_top/dbg_fc1_activation_fetch_cycles_o_reg[27]/C is not reached by a timing clock
Related violations: <none>

TIMING-17#981 Critical Warning
Non-clocked sequential cell  
The clock pin u_tpu_top/dbg_fc1_activation_fetch_cycles_o_reg[28]/C is not reached by a timing clock
Related violations: <none>

TIMING-17#982 Critical Warning
Non-clocked sequential cell  
The clock pin u_tpu_top/dbg_fc1_activation_fetch_cycles_o_reg[29]/C is not reached by a timing clock
Related violations: <none>

TIMING-17#983 Critical Warning
Non-clocked sequential cell  
The clock pin u_tpu_top/dbg_fc1_activation_fetch_cycles_o_reg[2]/C is not reached by a timing clock
Related violations: <none>

TIMING-17#984 Critical Warning
Non-clocked sequential cell  
The clock pin u_tpu_top/dbg_fc1_activation_fetch_cycles_o_reg[30]/C is not reached by a timing clock
Related violations: <none>

TIMING-17#985 Critical Warning
Non-clocked sequential cell  
The clock pin u_tpu_top/dbg_fc1_activation_fetch_cycles_o_reg[31]/C is not reached by a timing clock
Related violations: <none>

TIMING-17#986 Critical Warning
Non-clocked sequential cell  
The clock pin u_tpu_top/dbg_fc1_activation_fetch_cycles_o_reg[3]/C is not reached by a timing clock
Related violations: <none>

TIMING-17#987 Critical Warning
Non-clocked sequential cell  
The clock pin u_tpu_top/dbg_fc1_activation_fetch_cycles_o_reg[4]/C is not reached by a timing clock
Related violations: <none>

TIMING-17#988 Critical Warning
Non-clocked sequential cell  
The clock pin u_tpu_top/dbg_fc1_activation_fetch_cycles_o_reg[5]/C is not reached by a timing clock
Related violations: <none>

TIMING-17#989 Critical Warning
Non-clocked sequential cell  
The clock pin u_tpu_top/dbg_fc1_activation_fetch_cycles_o_reg[6]/C is not reached by a timing clock
Related violations: <none>

TIMING-17#990 Critical Warning
Non-clocked sequential cell  
The clock pin u_tpu_top/dbg_fc1_activation_fetch_cycles_o_reg[7]/C is not reached by a timing clock
Related violations: <none>

TIMING-17#991 Critical Warning
Non-clocked sequential cell  
The clock pin u_tpu_top/dbg_fc1_activation_fetch_cycles_o_reg[8]/C is not reached by a timing clock
Related violations: <none>

TIMING-17#992 Critical Warning
Non-clocked sequential cell  
The clock pin u_tpu_top/dbg_fc1_activation_fetch_cycles_o_reg[9]/C is not reached by a timing clock
Related violations: <none>

TIMING-17#993 Critical Warning
Non-clocked sequential cell  
The clock pin u_tpu_top/dbg_fc1_controller_idle_cycles_o_reg[0]/C is not reached by a timing clock
Related violations: <none>

TIMING-17#994 Critical Warning
Non-clocked sequential cell  
The clock pin u_tpu_top/dbg_fc1_controller_idle_cycles_o_reg[10]/C is not reached by a timing clock
Related violations: <none>

TIMING-17#995 Critical Warning
Non-clocked sequential cell  
The clock pin u_tpu_top/dbg_fc1_controller_idle_cycles_o_reg[11]/C is not reached by a timing clock
Related violations: <none>

TIMING-17#996 Critical Warning
Non-clocked sequential cell  
The clock pin u_tpu_top/dbg_fc1_controller_idle_cycles_o_reg[12]/C is not reached by a timing clock
Related violations: <none>

TIMING-17#997 Critical Warning
Non-clocked sequential cell  
The clock pin u_tpu_top/dbg_fc1_controller_idle_cycles_o_reg[13]/C is not reached by a timing clock
Related violations: <none>

TIMING-17#998 Critical Warning
Non-clocked sequential cell  
The clock pin u_tpu_top/dbg_fc1_controller_idle_cycles_o_reg[14]/C is not reached by a timing clock
Related violations: <none>

TIMING-17#999 Critical Warning
Non-clocked sequential cell  
The clock pin u_tpu_top/dbg_fc1_controller_idle_cycles_o_reg[15]/C is not reached by a timing clock
Related violations: <none>

TIMING-17#1000 Critical Warning
Non-clocked sequential cell  
The clock pin u_tpu_top/dbg_fc1_controller_idle_cycles_o_reg[16]/C is not reached by a timing clock
Related violations: <none>

DPIR-2#1 Warning
Asynchronous driver check  
DSP u_tpu_top/u_datapath/u_vector_processing_unit/u_post_process/GEN_BIAS_REQUANT.u_bias_requantize/(null)[0].shifted_value0 input pin u_tpu_top/u_datapath/u_vector_processing_unit/u_post_process/GEN_BIAS_REQUANT.u_bias_requantize/(null)[0].shifted_value0/A[0] is connected to registers with an asynchronous reset. This is preventing the possibility of merging these registers in to the DSP Block since the DSP block registers only possess synchronous reset capability.  It is suggested to recode or change these registers to remove the reset or use a synchronous reset to get the best optimization for performance, power and area.
Related violations: <none>

DPIR-2#2 Warning
Asynchronous driver check  
DSP u_tpu_top/u_datapath/u_vector_processing_unit/u_post_process/GEN_BIAS_REQUANT.u_bias_requantize/(null)[0].shifted_value0 input pin u_tpu_top/u_datapath/u_vector_processing_unit/u_post_process/GEN_BIAS_REQUANT.u_bias_requantize/(null)[0].shifted_value0/A[10] is connected to registers with an asynchronous reset. This is preventing the possibility of merging these registers in to the DSP Block since the DSP block registers only possess synchronous reset capability.  It is suggested to recode or change these registers to remove the reset or use a synchronous reset to get the best optimization for performance, power and area.
Related violations: <none>

DPIR-2#3 Warning
Asynchronous driver check  
DSP u_tpu_top/u_datapath/u_vector_processing_unit/u_post_process/GEN_BIAS_REQUANT.u_bias_requantize/(null)[0].shifted_value0 input pin u_tpu_top/u_datapath/u_vector_processing_unit/u_post_process/GEN_BIAS_REQUANT.u_bias_requantize/(null)[0].shifted_value0/A[11] is connected to registers with an asynchronous reset. This is preventing the possibility of merging these registers in to the DSP Block since the DSP block registers only possess synchronous reset capability.  It is suggested to recode or change these registers to remove the reset or use a synchronous reset to get the best optimization for performance, power and area.
Related violations: <none>

DPIR-2#4 Warning
Asynchronous driver check  
DSP u_tpu_top/u_datapath/u_vector_processing_unit/u_post_process/GEN_BIAS_REQUANT.u_bias_requantize/(null)[0].shifted_value0 input pin u_tpu_top/u_datapath/u_vector_processing_unit/u_post_process/GEN_BIAS_REQUANT.u_bias_requantize/(null)[0].shifted_value0/A[12] is connected to registers with an asynchronous reset. This is preventing the possibility of merging these registers in to the DSP Block since the DSP block registers only possess synchronous reset capability.  It is suggested to recode or change these registers to remove the reset or use a synchronous reset to get the best optimization for performance, power and area.
Related violations: <none>

DPIR-2#5 Warning
Asynchronous driver check  
DSP u_tpu_top/u_datapath/u_vector_processing_unit/u_post_process/GEN_BIAS_REQUANT.u_bias_requantize/(null)[0].shifted_value0 input pin u_tpu_top/u_datapath/u_vector_processing_unit/u_post_process/GEN_BIAS_REQUANT.u_bias_requantize/(null)[0].shifted_value0/A[13] is connected to registers with an asynchronous reset. This is preventing the possibility of merging these registers in to the DSP Block since the DSP block registers only possess synchronous reset capability.  It is suggested to recode or change these registers to remove the reset or use a synchronous reset to get the best optimization for performance, power and area.
Related violations: <none>

DPIR-2#6 Warning
Asynchronous driver check  
DSP u_tpu_top/u_datapath/u_vector_processing_unit/u_post_process/GEN_BIAS_REQUANT.u_bias_requantize/(null)[0].shifted_value0 input pin u_tpu_top/u_datapath/u_vector_processing_unit/u_post_process/GEN_BIAS_REQUANT.u_bias_requantize/(null)[0].shifted_value0/A[14] is connected to registers with an asynchronous reset. This is preventing the possibility of merging these registers in to the DSP Block since the DSP block registers only possess synchronous reset capability.  It is suggested to recode or change these registers to remove the reset or use a synchronous reset to get the best optimization for performance, power and area.
Related violations: <none>

DPIR-2#7 Warning
Asynchronous driver check  
DSP u_tpu_top/u_datapath/u_vector_processing_unit/u_post_process/GEN_BIAS_REQUANT.u_bias_requantize/(null)[0].shifted_value0 input pin u_tpu_top/u_datapath/u_vector_processing_unit/u_post_process/GEN_BIAS_REQUANT.u_bias_requantize/(null)[0].shifted_value0/A[15] is connected to registers with an asynchronous reset. This is preventing the possibility of merging these registers in to the DSP Block since the DSP block registers only possess synchronous reset capability.  It is suggested to recode or change these registers to remove the reset or use a synchronous reset to get the best optimization for performance, power and area.
Related violations: <none>

DPIR-2#8 Warning
Asynchronous driver check  
DSP u_tpu_top/u_datapath/u_vector_processing_unit/u_post_process/GEN_BIAS_REQUANT.u_bias_requantize/(null)[0].shifted_value0 input pin u_tpu_top/u_datapath/u_vector_processing_unit/u_post_process/GEN_BIAS_REQUANT.u_bias_requantize/(null)[0].shifted_value0/A[16] is connected to registers with an asynchronous reset. This is preventing the possibility of merging these registers in to the DSP Block since the DSP block registers only possess synchronous reset capability.  It is suggested to recode or change these registers to remove the reset or use a synchronous reset to get the best optimization for performance, power and area.
Related violations: <none>

DPIR-2#9 Warning
Asynchronous driver check  
DSP u_tpu_top/u_datapath/u_vector_processing_unit/u_post_process/GEN_BIAS_REQUANT.u_bias_requantize/(null)[0].shifted_value0 input pin u_tpu_top/u_datapath/u_vector_processing_unit/u_post_process/GEN_BIAS_REQUANT.u_bias_requantize/(null)[0].shifted_value0/A[1] is connected to registers with an asynchronous reset. This is preventing the possibility of merging these registers in to the DSP Block since the DSP block registers only possess synchronous reset capability.  It is suggested to recode or change these registers to remove the reset or use a synchronous reset to get the best optimization for performance, power and area.
Related violations: <none>

DPIR-2#10 Warning
Asynchronous driver check  
DSP u_tpu_top/u_datapath/u_vector_processing_unit/u_post_process/GEN_BIAS_REQUANT.u_bias_requantize/(null)[0].shifted_value0 input pin u_tpu_top/u_datapath/u_vector_processing_unit/u_post_process/GEN_BIAS_REQUANT.u_bias_requantize/(null)[0].shifted_value0/A[2] is connected to registers with an asynchronous reset. This is preventing the possibility of merging these registers in to the DSP Block since the DSP block registers only possess synchronous reset capability.  It is suggested to recode or change these registers to remove the reset or use a synchronous reset to get the best optimization for performance, power and area.
Related violations: <none>

DPIR-2#11 Warning
Asynchronous driver check  
DSP u_tpu_top/u_datapath/u_vector_processing_unit/u_post_process/GEN_BIAS_REQUANT.u_bias_requantize/(null)[0].shifted_value0 input pin u_tpu_top/u_datapath/u_vector_processing_unit/u_post_process/GEN_BIAS_REQUANT.u_bias_requantize/(null)[0].shifted_value0/A[3] is connected to registers with an asynchronous reset. This is preventing the possibility of merging these registers in to the DSP Block since the DSP block registers only possess synchronous reset capability.  It is suggested to recode or change these registers to remove the reset or use a synchronous reset to get the best optimization for performance, power and area.
Related violations: <none>

DPIR-2#12 Warning
Asynchronous driver check  
DSP u_tpu_top/u_datapath/u_vector_processing_unit/u_post_process/GEN_BIAS_REQUANT.u_bias_requantize/(null)[0].shifted_value0 input pin u_tpu_top/u_datapath/u_vector_processing_unit/u_post_process/GEN_BIAS_REQUANT.u_bias_requantize/(null)[0].shifted_value0/A[4] is connected to registers with an asynchronous reset. This is preventing the possibility of merging these registers in to the DSP Block since the DSP block registers only possess synchronous reset capability.  It is suggested to recode or change these registers to remove the reset or use a synchronous reset to get the best optimization for performance, power and area.
Related violations: <none>

DPIR-2#13 Warning
Asynchronous driver check  
DSP u_tpu_top/u_datapath/u_vector_processing_unit/u_post_process/GEN_BIAS_REQUANT.u_bias_requantize/(null)[0].shifted_value0 input pin u_tpu_top/u_datapath/u_vector_processing_unit/u_post_process/GEN_BIAS_REQUANT.u_bias_requantize/(null)[0].shifted_value0/A[5] is connected to registers with an asynchronous reset. This is preventing the possibility of merging these registers in to the DSP Block since the DSP block registers only possess synchronous reset capability.  It is suggested to recode or change these registers to remove the reset or use a synchronous reset to get the best optimization for performance, power and area.
Related violations: <none>

DPIR-2#14 Warning
Asynchronous driver check  
DSP u_tpu_top/u_datapath/u_vector_processing_unit/u_post_process/GEN_BIAS_REQUANT.u_bias_requantize/(null)[0].shifted_value0 input pin u_tpu_top/u_datapath/u_vector_processing_unit/u_post_process/GEN_BIAS_REQUANT.u_bias_requantize/(null)[0].shifted_value0/A[6] is connected to registers with an asynchronous reset. This is preventing the possibility of merging these registers in to the DSP Block since the DSP block registers only possess synchronous reset capability.  It is suggested to recode or change these registers to remove the reset or use a synchronous reset to get the best optimization for performance, power and area.
Related violations: <none>

DPIR-2#15 Warning
Asynchronous driver check  
DSP u_tpu_top/u_datapath/u_vector_processing_unit/u_post_process/GEN_BIAS_REQUANT.u_bias_requantize/(null)[0].shifted_value0 input pin u_tpu_top/u_datapath/u_vector_processing_unit/u_post_process/GEN_BIAS_REQUANT.u_bias_requantize/(null)[0].shifted_value0/A[7] is connected to registers with an asynchronous reset. This is preventing the possibility of merging these registers in to the DSP Block since the DSP block registers only possess synchronous reset capability.  It is suggested to recode or change these registers to remove the reset or use a synchronous reset to get the best optimization for performance, power and area.
Related violations: <none>

DPIR-2#16 Warning
Asynchronous driver check  
DSP u_tpu_top/u_datapath/u_vector_processing_unit/u_post_process/GEN_BIAS_REQUANT.u_bias_requantize/(null)[0].shifted_value0 input pin u_tpu_top/u_datapath/u_vector_processing_unit/u_post_process/GEN_BIAS_REQUANT.u_bias_requantize/(null)[0].shifted_value0/A[8] is connected to registers with an asynchronous reset. This is preventing the possibility of merging these registers in to the DSP Block since the DSP block registers only possess synchronous reset capability.  It is suggested to recode or change these registers to remove the reset or use a synchronous reset to get the best optimization for performance, power and area.
Related violations: <none>

DPIR-2#17 Warning
Asynchronous driver check  
DSP u_tpu_top/u_datapath/u_vector_processing_unit/u_post_process/GEN_BIAS_REQUANT.u_bias_requantize/(null)[0].shifted_value0 input pin u_tpu_top/u_datapath/u_vector_processing_unit/u_post_process/GEN_BIAS_REQUANT.u_bias_requantize/(null)[0].shifted_value0/A[9] is connected to registers with an asynchronous reset. This is preventing the possibility of merging these registers in to the DSP Block since the DSP block registers only possess synchronous reset capability.  It is suggested to recode or change these registers to remove the reset or use a synchronous reset to get the best optimization for performance, power and area.
Related violations: <none>

DPIR-2#18 Warning
Asynchronous driver check  
DSP u_tpu_top/u_datapath/u_vector_processing_unit/u_post_process/GEN_BIAS_REQUANT.u_bias_requantize/(null)[0].shifted_value0__0 input pin u_tpu_top/u_datapath/u_vector_processing_unit/u_post_process/GEN_BIAS_REQUANT.u_bias_requantize/(null)[0].shifted_value0__0/B[0] is connected to registers with an asynchronous reset. This is preventing the possibility of merging these registers in to the DSP Block since the DSP block registers only possess synchronous reset capability.  It is suggested to recode or change these registers to remove the reset or use a synchronous reset to get the best optimization for performance, power and area.
Related violations: <none>

DPIR-2#19 Warning
Asynchronous driver check  
DSP u_tpu_top/u_datapath/u_vector_processing_unit/u_post_process/GEN_BIAS_REQUANT.u_bias_requantize/(null)[0].shifted_value0__0 input pin u_tpu_top/u_datapath/u_vector_processing_unit/u_post_process/GEN_BIAS_REQUANT.u_bias_requantize/(null)[0].shifted_value0__0/B[1] is connected to registers with an asynchronous reset. This is preventing the possibility of merging these registers in to the DSP Block since the DSP block registers only possess synchronous reset capability.  It is suggested to recode or change these registers to remove the reset or use a synchronous reset to get the best optimization for performance, power and area.
Related violations: <none>

DPIR-2#20 Warning
Asynchronous driver check  
DSP u_tpu_top/u_datapath/u_vector_processing_unit/u_post_process/GEN_BIAS_REQUANT.u_bias_requantize/(null)[0].shifted_value0__0 input pin u_tpu_top/u_datapath/u_vector_processing_unit/u_post_process/GEN_BIAS_REQUANT.u_bias_requantize/(null)[0].shifted_value0__0/B[2] is connected to registers with an asynchronous reset. This is preventing the possibility of merging these registers in to the DSP Block since the DSP block registers only possess synchronous reset capability.  It is suggested to recode or change these registers to remove the reset or use a synchronous reset to get the best optimization for performance, power and area.
Related violations: <none>

DPIR-2#21 Warning
Asynchronous driver check  
DSP u_tpu_top/u_datapath/u_vector_processing_unit/u_post_process/GEN_BIAS_REQUANT.u_bias_requantize/(null)[0].shifted_value0__0 input pin u_tpu_top/u_datapath/u_vector_processing_unit/u_post_process/GEN_BIAS_REQUANT.u_bias_requantize/(null)[0].shifted_value0__0/B[3] is connected to registers with an asynchronous reset. This is preventing the possibility of merging these registers in to the DSP Block since the DSP block registers only possess synchronous reset capability.  It is suggested to recode or change these registers to remove the reset or use a synchronous reset to get the best optimization for performance, power and area.
Related violations: <none>

DPIR-2#22 Warning
Asynchronous driver check  
DSP u_tpu_top/u_datapath/u_vector_processing_unit/u_post_process/GEN_BIAS_REQUANT.u_bias_requantize/(null)[0].shifted_value0__0 input pin u_tpu_top/u_datapath/u_vector_processing_unit/u_post_process/GEN_BIAS_REQUANT.u_bias_requantize/(null)[0].shifted_value0__0/B[4] is connected to registers with an asynchronous reset. This is preventing the possibility of merging these registers in to the DSP Block since the DSP block registers only possess synchronous reset capability.  It is suggested to recode or change these registers to remove the reset or use a synchronous reset to get the best optimization for performance, power and area.
Related violations: <none>

DPIR-2#23 Warning
Asynchronous driver check  
DSP u_tpu_top/u_datapath/u_vector_processing_unit/u_post_process/GEN_BIAS_REQUANT.u_bias_requantize/(null)[0].shifted_value0__0 input pin u_tpu_top/u_datapath/u_vector_processing_unit/u_post_process/GEN_BIAS_REQUANT.u_bias_requantize/(null)[0].shifted_value0__0/B[5] is connected to registers with an asynchronous reset. This is preventing the possibility of merging these registers in to the DSP Block since the DSP block registers only possess synchronous reset capability.  It is suggested to recode or change these registers to remove the reset or use a synchronous reset to get the best optimization for performance, power and area.
Related violations: <none>

DPIR-2#24 Warning
Asynchronous driver check  
DSP u_tpu_top/u_datapath/u_vector_processing_unit/u_post_process/GEN_BIAS_REQUANT.u_bias_requantize/(null)[0].shifted_value0__0 input pin u_tpu_top/u_datapath/u_vector_processing_unit/u_post_process/GEN_BIAS_REQUANT.u_bias_requantize/(null)[0].shifted_value0__0/B[6] is connected to registers with an asynchronous reset. This is preventing the possibility of merging these registers in to the DSP Block since the DSP block registers only possess synchronous reset capability.  It is suggested to recode or change these registers to remove the reset or use a synchronous reset to get the best optimization for performance, power and area.
Related violations: <none>

DPIR-2#25 Warning
Asynchronous driver check  
DSP u_tpu_top/u_datapath/u_vector_processing_unit/u_post_process/GEN_BIAS_REQUANT.u_bias_requantize/(null)[0].shifted_value0__1 input pin u_tpu_top/u_datapath/u_vector_processing_unit/u_post_process/GEN_BIAS_REQUANT.u_bias_requantize/(null)[0].shifted_value0__1/B[0] is connected to registers with an asynchronous reset. This is preventing the possibility of merging these registers in to the DSP Block since the DSP block registers only possess synchronous reset capability.  It is suggested to recode or change these registers to remove the reset or use a synchronous reset to get the best optimization for performance, power and area.
Related violations: <none>

DPIR-2#26 Warning
Asynchronous driver check  
DSP u_tpu_top/u_datapath/u_vector_processing_unit/u_post_process/GEN_BIAS_REQUANT.u_bias_requantize/(null)[0].shifted_value0__1 input pin u_tpu_top/u_datapath/u_vector_processing_unit/u_post_process/GEN_BIAS_REQUANT.u_bias_requantize/(null)[0].shifted_value0__1/B[10] is connected to registers with an asynchronous reset. This is preventing the possibility of merging these registers in to the DSP Block since the DSP block registers only possess synchronous reset capability.  It is suggested to recode or change these registers to remove the reset or use a synchronous reset to get the best optimization for performance, power and area.
Related violations: <none>

DPIR-2#27 Warning
Asynchronous driver check  
DSP u_tpu_top/u_datapath/u_vector_processing_unit/u_post_process/GEN_BIAS_REQUANT.u_bias_requantize/(null)[0].shifted_value0__1 input pin u_tpu_top/u_datapath/u_vector_processing_unit/u_post_process/GEN_BIAS_REQUANT.u_bias_requantize/(null)[0].shifted_value0__1/B[11] is connected to registers with an asynchronous reset. This is preventing the possibility of merging these registers in to the DSP Block since the DSP block registers only possess synchronous reset capability.  It is suggested to recode or change these registers to remove the reset or use a synchronous reset to get the best optimization for performance, power and area.
Related violations: <none>

DPIR-2#28 Warning
Asynchronous driver check  
DSP u_tpu_top/u_datapath/u_vector_processing_unit/u_post_process/GEN_BIAS_REQUANT.u_bias_requantize/(null)[0].shifted_value0__1 input pin u_tpu_top/u_datapath/u_vector_processing_unit/u_post_process/GEN_BIAS_REQUANT.u_bias_requantize/(null)[0].shifted_value0__1/B[12] is connected to registers with an asynchronous reset. This is preventing the possibility of merging these registers in to the DSP Block since the DSP block registers only possess synchronous reset capability.  It is suggested to recode or change these registers to remove the reset or use a synchronous reset to get the best optimization for performance, power and area.
Related violations: <none>

DPIR-2#29 Warning
Asynchronous driver check  
DSP u_tpu_top/u_datapath/u_vector_processing_unit/u_post_process/GEN_BIAS_REQUANT.u_bias_requantize/(null)[0].shifted_value0__1 input pin u_tpu_top/u_datapath/u_vector_processing_unit/u_post_process/GEN_BIAS_REQUANT.u_bias_requantize/(null)[0].shifted_value0__1/B[13] is connected to registers with an asynchronous reset. This is preventing the possibility of merging these registers in to the DSP Block since the DSP block registers only possess synchronous reset capability.  It is suggested to recode or change these registers to remove the reset or use a synchronous reset to get the best optimization for performance, power and area.
Related violations: <none>

DPIR-2#30 Warning
Asynchronous driver check  
DSP u_tpu_top/u_datapath/u_vector_processing_unit/u_post_process/GEN_BIAS_REQUANT.u_bias_requantize/(null)[0].shifted_value0__1 input pin u_tpu_top/u_datapath/u_vector_processing_unit/u_post_process/GEN_BIAS_REQUANT.u_bias_requantize/(null)[0].shifted_value0__1/B[14] is connected to registers with an asynchronous reset. This is preventing the possibility of merging these registers in to the DSP Block since the DSP block registers only possess synchronous reset capability.  It is suggested to recode or change these registers to remove the reset or use a synchronous reset to get the best optimization for performance, power and area.
Related violations: <none>

DPIR-2#31 Warning
Asynchronous driver check  
DSP u_tpu_top/u_datapath/u_vector_processing_unit/u_post_process/GEN_BIAS_REQUANT.u_bias_requantize/(null)[0].shifted_value0__1 input pin u_tpu_top/u_datapath/u_vector_processing_unit/u_post_process/GEN_BIAS_REQUANT.u_bias_requantize/(null)[0].shifted_value0__1/B[15] is connected to registers with an asynchronous reset. This is preventing the possibility of merging these registers in to the DSP Block since the DSP block registers only possess synchronous reset capability.  It is suggested to recode or change these registers to remove the reset or use a synchronous reset to get the best optimization for performance, power and area.
Related violations: <none>

DPIR-2#32 Warning
Asynchronous driver check  
DSP u_tpu_top/u_datapath/u_vector_processing_unit/u_post_process/GEN_BIAS_REQUANT.u_bias_requantize/(null)[0].shifted_value0__1 input pin u_tpu_top/u_datapath/u_vector_processing_unit/u_post_process/GEN_BIAS_REQUANT.u_bias_requantize/(null)[0].shifted_value0__1/B[16] is connected to registers with an asynchronous reset. This is preventing the possibility of merging these registers in to the DSP Block since the DSP block registers only possess synchronous reset capability.  It is suggested to recode or change these registers to remove the reset or use a synchronous reset to get the best optimization for performance, power and area.
Related violations: <none>

DPIR-2#33 Warning
Asynchronous driver check  
DSP u_tpu_top/u_datapath/u_vector_processing_unit/u_post_process/GEN_BIAS_REQUANT.u_bias_requantize/(null)[0].shifted_value0__1 input pin u_tpu_top/u_datapath/u_vector_processing_unit/u_post_process/GEN_BIAS_REQUANT.u_bias_requantize/(null)[0].shifted_value0__1/B[1] is connected to registers with an asynchronous reset. This is preventing the possibility of merging these registers in to the DSP Block since the DSP block registers only possess synchronous reset capability.  It is suggested to recode or change these registers to remove the reset or use a synchronous reset to get the best optimization for performance, power and area.
Related violations: <none>

DPIR-2#34 Warning
Asynchronous driver check  
DSP u_tpu_top/u_datapath/u_vector_processing_unit/u_post_process/GEN_BIAS_REQUANT.u_bias_requantize/(null)[0].shifted_value0__1 input pin u_tpu_top/u_datapath/u_vector_processing_unit/u_post_process/GEN_BIAS_REQUANT.u_bias_requantize/(null)[0].shifted_value0__1/B[2] is connected to registers with an asynchronous reset. This is preventing the possibility of merging these registers in to the DSP Block since the DSP block registers only possess synchronous reset capability.  It is suggested to recode or change these registers to remove the reset or use a synchronous reset to get the best optimization for performance, power and area.
Related violations: <none>

DPIR-2#35 Warning
Asynchronous driver check  
DSP u_tpu_top/u_datapath/u_vector_processing_unit/u_post_process/GEN_BIAS_REQUANT.u_bias_requantize/(null)[0].shifted_value0__1 input pin u_tpu_top/u_datapath/u_vector_processing_unit/u_post_process/GEN_BIAS_REQUANT.u_bias_requantize/(null)[0].shifted_value0__1/B[3] is connected to registers with an asynchronous reset. This is preventing the possibility of merging these registers in to the DSP Block since the DSP block registers only possess synchronous reset capability.  It is suggested to recode or change these registers to remove the reset or use a synchronous reset to get the best optimization for performance, power and area.
Related violations: <none>

DPIR-2#36 Warning
Asynchronous driver check  
DSP u_tpu_top/u_datapath/u_vector_processing_unit/u_post_process/GEN_BIAS_REQUANT.u_bias_requantize/(null)[0].shifted_value0__1 input pin u_tpu_top/u_datapath/u_vector_processing_unit/u_post_process/GEN_BIAS_REQUANT.u_bias_requantize/(null)[0].shifted_value0__1/B[4] is connected to registers with an asynchronous reset. This is preventing the possibility of merging these registers in to the DSP Block since the DSP block registers only possess synchronous reset capability.  It is suggested to recode or change these registers to remove the reset or use a synchronous reset to get the best optimization for performance, power and area.
Related violations: <none>

DPIR-2#37 Warning
Asynchronous driver check  
DSP u_tpu_top/u_datapath/u_vector_processing_unit/u_post_process/GEN_BIAS_REQUANT.u_bias_requantize/(null)[0].shifted_value0__1 input pin u_tpu_top/u_datapath/u_vector_processing_unit/u_post_process/GEN_BIAS_REQUANT.u_bias_requantize/(null)[0].shifted_value0__1/B[5] is connected to registers with an asynchronous reset. This is preventing the possibility of merging these registers in to the DSP Block since the DSP block registers only possess synchronous reset capability.  It is suggested to recode or change these registers to remove the reset or use a synchronous reset to get the best optimization for performance, power and area.
Related violations: <none>

DPIR-2#38 Warning
Asynchronous driver check  
DSP u_tpu_top/u_datapath/u_vector_processing_unit/u_post_process/GEN_BIAS_REQUANT.u_bias_requantize/(null)[0].shifted_value0__1 input pin u_tpu_top/u_datapath/u_vector_processing_unit/u_post_process/GEN_BIAS_REQUANT.u_bias_requantize/(null)[0].shifted_value0__1/B[6] is connected to registers with an asynchronous reset. This is preventing the possibility of merging these registers in to the DSP Block since the DSP block registers only possess synchronous reset capability.  It is suggested to recode or change these registers to remove the reset or use a synchronous reset to get the best optimization for performance, power and area.
Related violations: <none>

DPIR-2#39 Warning
Asynchronous driver check  
DSP u_tpu_top/u_datapath/u_vector_processing_unit/u_post_process/GEN_BIAS_REQUANT.u_bias_requantize/(null)[0].shifted_value0__1 input pin u_tpu_top/u_datapath/u_vector_processing_unit/u_post_process/GEN_BIAS_REQUANT.u_bias_requantize/(null)[0].shifted_value0__1/B[7] is connected to registers with an asynchronous reset. This is preventing the possibility of merging these registers in to the DSP Block since the DSP block registers only possess synchronous reset capability.  It is suggested to recode or change these registers to remove the reset or use a synchronous reset to get the best optimization for performance, power and area.
Related violations: <none>

DPIR-2#40 Warning
Asynchronous driver check  
DSP u_tpu_top/u_datapath/u_vector_processing_unit/u_post_process/GEN_BIAS_REQUANT.u_bias_requantize/(null)[0].shifted_value0__1 input pin u_tpu_top/u_datapath/u_vector_processing_unit/u_post_process/GEN_BIAS_REQUANT.u_bias_requantize/(null)[0].shifted_value0__1/B[8] is connected to registers with an asynchronous reset. This is preventing the possibility of merging these registers in to the DSP Block since the DSP block registers only possess synchronous reset capability.  It is suggested to recode or change these registers to remove the reset or use a synchronous reset to get the best optimization for performance, power and area.
Related violations: <none>

DPIR-2#41 Warning
Asynchronous driver check  
DSP u_tpu_top/u_datapath/u_vector_processing_unit/u_post_process/GEN_BIAS_REQUANT.u_bias_requantize/(null)[0].shifted_value0__1 input pin u_tpu_top/u_datapath/u_vector_processing_unit/u_post_process/GEN_BIAS_REQUANT.u_bias_requantize/(null)[0].shifted_value0__1/B[9] is connected to registers with an asynchronous reset. This is preventing the possibility of merging these registers in to the DSP Block since the DSP block registers only possess synchronous reset capability.  It is suggested to recode or change these registers to remove the reset or use a synchronous reset to get the best optimization for performance, power and area.
Related violations: <none>

DPIR-2#42 Warning
Asynchronous driver check  
DSP u_tpu_top/u_datapath/u_vector_processing_unit/u_post_process/GEN_BIAS_REQUANT.u_bias_requantize/(null)[0].shifted_value0__2 input pin u_tpu_top/u_datapath/u_vector_processing_unit/u_post_process/GEN_BIAS_REQUANT.u_bias_requantize/(null)[0].shifted_value0__2/B[0] is connected to registers with an asynchronous reset. This is preventing the possibility of merging these registers in to the DSP Block since the DSP block registers only possess synchronous reset capability.  It is suggested to recode or change these registers to remove the reset or use a synchronous reset to get the best optimization for performance, power and area.
Related violations: <none>

DPIR-2#43 Warning
Asynchronous driver check  
DSP u_tpu_top/u_datapath/u_vector_processing_unit/u_post_process/GEN_BIAS_REQUANT.u_bias_requantize/(null)[0].shifted_value0__2 input pin u_tpu_top/u_datapath/u_vector_processing_unit/u_post_process/GEN_BIAS_REQUANT.u_bias_requantize/(null)[0].shifted_value0__2/B[1] is connected to registers with an asynchronous reset. This is preventing the possibility of merging these registers in to the DSP Block since the DSP block registers only possess synchronous reset capability.  It is suggested to recode or change these registers to remove the reset or use a synchronous reset to get the best optimization for performance, power and area.
Related violations: <none>

DPIR-2#44 Warning
Asynchronous driver check  
DSP u_tpu_top/u_datapath/u_vector_processing_unit/u_post_process/GEN_BIAS_REQUANT.u_bias_requantize/(null)[0].shifted_value0__2 input pin u_tpu_top/u_datapath/u_vector_processing_unit/u_post_process/GEN_BIAS_REQUANT.u_bias_requantize/(null)[0].shifted_value0__2/B[2] is connected to registers with an asynchronous reset. This is preventing the possibility of merging these registers in to the DSP Block since the DSP block registers only possess synchronous reset capability.  It is suggested to recode or change these registers to remove the reset or use a synchronous reset to get the best optimization for performance, power and area.
Related violations: <none>

DPIR-2#45 Warning
Asynchronous driver check  
DSP u_tpu_top/u_datapath/u_vector_processing_unit/u_post_process/GEN_BIAS_REQUANT.u_bias_requantize/(null)[0].shifted_value0__2 input pin u_tpu_top/u_datapath/u_vector_processing_unit/u_post_process/GEN_BIAS_REQUANT.u_bias_requantize/(null)[0].shifted_value0__2/B[3] is connected to registers with an asynchronous reset. This is preventing the possibility of merging these registers in to the DSP Block since the DSP block registers only possess synchronous reset capability.  It is suggested to recode or change these registers to remove the reset or use a synchronous reset to get the best optimization for performance, power and area.
Related violations: <none>

DPIR-2#46 Warning
Asynchronous driver check  
DSP u_tpu_top/u_datapath/u_vector_processing_unit/u_post_process/GEN_BIAS_REQUANT.u_bias_requantize/(null)[0].shifted_value0__2 input pin u_tpu_top/u_datapath/u_vector_processing_unit/u_post_process/GEN_BIAS_REQUANT.u_bias_requantize/(null)[0].shifted_value0__2/B[4] is connected to registers with an asynchronous reset. This is preventing the possibility of merging these registers in to the DSP Block since the DSP block registers only possess synchronous reset capability.  It is suggested to recode or change these registers to remove the reset or use a synchronous reset to get the best optimization for performance, power and area.
Related violations: <none>

DPIR-2#47 Warning
Asynchronous driver check  
DSP u_tpu_top/u_datapath/u_vector_processing_unit/u_post_process/GEN_BIAS_REQUANT.u_bias_requantize/(null)[0].shifted_value0__2 input pin u_tpu_top/u_datapath/u_vector_processing_unit/u_post_process/GEN_BIAS_REQUANT.u_bias_requantize/(null)[0].shifted_value0__2/B[5] is connected to registers with an asynchronous reset. This is preventing the possibility of merging these registers in to the DSP Block since the DSP block registers only possess synchronous reset capability.  It is suggested to recode or change these registers to remove the reset or use a synchronous reset to get the best optimization for performance, power and area.
Related violations: <none>

DPIR-2#48 Warning
Asynchronous driver check  
DSP u_tpu_top/u_datapath/u_vector_processing_unit/u_post_process/GEN_BIAS_REQUANT.u_bias_requantize/(null)[0].shifted_value0__2 input pin u_tpu_top/u_datapath/u_vector_processing_unit/u_post_process/GEN_BIAS_REQUANT.u_bias_requantize/(null)[0].shifted_value0__2/B[6] is connected to registers with an asynchronous reset. This is preventing the possibility of merging these registers in to the DSP Block since the DSP block registers only possess synchronous reset capability.  It is suggested to recode or change these registers to remove the reset or use a synchronous reset to get the best optimization for performance, power and area.
Related violations: <none>

DPIR-2#49 Warning
Asynchronous driver check  
DSP u_tpu_top/u_datapath/u_vector_processing_unit/u_post_process/GEN_BIAS_REQUANT.u_bias_requantize/(null)[0].shifted_value0__3 input pin u_tpu_top/u_datapath/u_vector_processing_unit/u_post_process/GEN_BIAS_REQUANT.u_bias_requantize/(null)[0].shifted_value0__3/A[0] is connected to registers with an asynchronous reset. This is preventing the possibility of merging these registers in to the DSP Block since the DSP block registers only possess synchronous reset capability.  It is suggested to recode or change these registers to remove the reset or use a synchronous reset to get the best optimization for performance, power and area.
Related violations: <none>

DPIR-2#50 Warning
Asynchronous driver check  
DSP u_tpu_top/u_datapath/u_vector_processing_unit/u_post_process/GEN_BIAS_REQUANT.u_bias_requantize/(null)[0].shifted_value0__3 input pin u_tpu_top/u_datapath/u_vector_processing_unit/u_post_process/GEN_BIAS_REQUANT.u_bias_requantize/(null)[0].shifted_value0__3/A[10] is connected to registers with an asynchronous reset. This is preventing the possibility of merging these registers in to the DSP Block since the DSP block registers only possess synchronous reset capability.  It is suggested to recode or change these registers to remove the reset or use a synchronous reset to get the best optimization for performance, power and area.
Related violations: <none>

DPIR-2#51 Warning
Asynchronous driver check  
DSP u_tpu_top/u_datapath/u_vector_processing_unit/u_post_process/GEN_BIAS_REQUANT.u_bias_requantize/(null)[0].shifted_value0__3 input pin u_tpu_top/u_datapath/u_vector_processing_unit/u_post_process/GEN_BIAS_REQUANT.u_bias_requantize/(null)[0].shifted_value0__3/A[11] is connected to registers with an asynchronous reset. This is preventing the possibility of merging these registers in to the DSP Block since the DSP block registers only possess synchronous reset capability.  It is suggested to recode or change these registers to remove the reset or use a synchronous reset to get the best optimization for performance, power and area.
Related violations: <none>

DPIR-2#52 Warning
Asynchronous driver check  
DSP u_tpu_top/u_datapath/u_vector_processing_unit/u_post_process/GEN_BIAS_REQUANT.u_bias_requantize/(null)[0].shifted_value0__3 input pin u_tpu_top/u_datapath/u_vector_processing_unit/u_post_process/GEN_BIAS_REQUANT.u_bias_requantize/(null)[0].shifted_value0__3/A[12] is connected to registers with an asynchronous reset. This is preventing the possibility of merging these registers in to the DSP Block since the DSP block registers only possess synchronous reset capability.  It is suggested to recode or change these registers to remove the reset or use a synchronous reset to get the best optimization for performance, power and area.
Related violations: <none>

DPIR-2#53 Warning
Asynchronous driver check  
DSP u_tpu_top/u_datapath/u_vector_processing_unit/u_post_process/GEN_BIAS_REQUANT.u_bias_requantize/(null)[0].shifted_value0__3 input pin u_tpu_top/u_datapath/u_vector_processing_unit/u_post_process/GEN_BIAS_REQUANT.u_bias_requantize/(null)[0].shifted_value0__3/A[13] is connected to registers with an asynchronous reset. This is preventing the possibility of merging these registers in to the DSP Block since the DSP block registers only possess synchronous reset capability.  It is suggested to recode or change these registers to remove the reset or use a synchronous reset to get the best optimization for performance, power and area.
Related violations: <none>

DPIR-2#54 Warning
Asynchronous driver check  
DSP u_tpu_top/u_datapath/u_vector_processing_unit/u_post_process/GEN_BIAS_REQUANT.u_bias_requantize/(null)[0].shifted_value0__3 input pin u_tpu_top/u_datapath/u_vector_processing_unit/u_post_process/GEN_BIAS_REQUANT.u_bias_requantize/(null)[0].shifted_value0__3/A[14] is connected to registers with an asynchronous reset. This is preventing the possibility of merging these registers in to the DSP Block since the DSP block registers only possess synchronous reset capability.  It is suggested to recode or change these registers to remove the reset or use a synchronous reset to get the best optimization for performance, power and area.
Related violations: <none>

DPIR-2#55 Warning
Asynchronous driver check  
DSP u_tpu_top/u_datapath/u_vector_processing_unit/u_post_process/GEN_BIAS_REQUANT.u_bias_requantize/(null)[0].shifted_value0__3 input pin u_tpu_top/u_datapath/u_vector_processing_unit/u_post_process/GEN_BIAS_REQUANT.u_bias_requantize/(null)[0].shifted_value0__3/A[15] is connected to registers with an asynchronous reset. This is preventing the possibility of merging these registers in to the DSP Block since the DSP block registers only possess synchronous reset capability.  It is suggested to recode or change these registers to remove the reset or use a synchronous reset to get the best optimization for performance, power and area.
Related violations: <none>

DPIR-2#56 Warning
Asynchronous driver check  
DSP u_tpu_top/u_datapath/u_vector_processing_unit/u_post_process/GEN_BIAS_REQUANT.u_bias_requantize/(null)[0].shifted_value0__3 input pin u_tpu_top/u_datapath/u_vector_processing_unit/u_post_process/GEN_BIAS_REQUANT.u_bias_requantize/(null)[0].shifted_value0__3/A[16] is connected to registers with an asynchronous reset. This is preventing the possibility of merging these registers in to the DSP Block since the DSP block registers only possess synchronous reset capability.  It is suggested to recode or change these registers to remove the reset or use a synchronous reset to get the best optimization for performance, power and area.
Related violations: <none>

DPIR-2#57 Warning
Asynchronous driver check  
DSP u_tpu_top/u_datapath/u_vector_processing_unit/u_post_process/GEN_BIAS_REQUANT.u_bias_requantize/(null)[0].shifted_value0__3 input pin u_tpu_top/u_datapath/u_vector_processing_unit/u_post_process/GEN_BIAS_REQUANT.u_bias_requantize/(null)[0].shifted_value0__3/A[1] is connected to registers with an asynchronous reset. This is preventing the possibility of merging these registers in to the DSP Block since the DSP block registers only possess synchronous reset capability.  It is suggested to recode or change these registers to remove the reset or use a synchronous reset to get the best optimization for performance, power and area.
Related violations: <none>

DPIR-2#58 Warning
Asynchronous driver check  
DSP u_tpu_top/u_datapath/u_vector_processing_unit/u_post_process/GEN_BIAS_REQUANT.u_bias_requantize/(null)[0].shifted_value0__3 input pin u_tpu_top/u_datapath/u_vector_processing_unit/u_post_process/GEN_BIAS_REQUANT.u_bias_requantize/(null)[0].shifted_value0__3/A[2] is connected to registers with an asynchronous reset. This is preventing the possibility of merging these registers in to the DSP Block since the DSP block registers only possess synchronous reset capability.  It is suggested to recode or change these registers to remove the reset or use a synchronous reset to get the best optimization for performance, power and area.
Related violations: <none>

DPIR-2#59 Warning
Asynchronous driver check  
DSP u_tpu_top/u_datapath/u_vector_processing_unit/u_post_process/GEN_BIAS_REQUANT.u_bias_requantize/(null)[0].shifted_value0__3 input pin u_tpu_top/u_datapath/u_vector_processing_unit/u_post_process/GEN_BIAS_REQUANT.u_bias_requantize/(null)[0].shifted_value0__3/A[3] is connected to registers with an asynchronous reset. This is preventing the possibility of merging these registers in to the DSP Block since the DSP block registers only possess synchronous reset capability.  It is suggested to recode or change these registers to remove the reset or use a synchronous reset to get the best optimization for performance, power and area.
Related violations: <none>

DPIR-2#60 Warning
Asynchronous driver check  
DSP u_tpu_top/u_datapath/u_vector_processing_unit/u_post_process/GEN_BIAS_REQUANT.u_bias_requantize/(null)[0].shifted_value0__3 input pin u_tpu_top/u_datapath/u_vector_processing_unit/u_post_process/GEN_BIAS_REQUANT.u_bias_requantize/(null)[0].shifted_value0__3/A[4] is connected to registers with an asynchronous reset. This is preventing the possibility of merging these registers in to the DSP Block since the DSP block registers only possess synchronous reset capability.  It is suggested to recode or change these registers to remove the reset or use a synchronous reset to get the best optimization for performance, power and area.
Related violations: <none>

DPIR-2#61 Warning
Asynchronous driver check  
DSP u_tpu_top/u_datapath/u_vector_processing_unit/u_post_process/GEN_BIAS_REQUANT.u_bias_requantize/(null)[0].shifted_value0__3 input pin u_tpu_top/u_datapath/u_vector_processing_unit/u_post_process/GEN_BIAS_REQUANT.u_bias_requantize/(null)[0].shifted_value0__3/A[5] is connected to registers with an asynchronous reset. This is preventing the possibility of merging these registers in to the DSP Block since the DSP block registers only possess synchronous reset capability.  It is suggested to recode or change these registers to remove the reset or use a synchronous reset to get the best optimization for performance, power and area.
Related violations: <none>

DPIR-2#62 Warning
Asynchronous driver check  
DSP u_tpu_top/u_datapath/u_vector_processing_unit/u_post_process/GEN_BIAS_REQUANT.u_bias_requantize/(null)[0].shifted_value0__3 input pin u_tpu_top/u_datapath/u_vector_processing_unit/u_post_process/GEN_BIAS_REQUANT.u_bias_requantize/(null)[0].shifted_value0__3/A[6] is connected to registers with an asynchronous reset. This is preventing the possibility of merging these registers in to the DSP Block since the DSP block registers only possess synchronous reset capability.  It is suggested to recode or change these registers to remove the reset or use a synchronous reset to get the best optimization for performance, power and area.
Related violations: <none>

DPIR-2#63 Warning
Asynchronous driver check  
DSP u_tpu_top/u_datapath/u_vector_processing_unit/u_post_process/GEN_BIAS_REQUANT.u_bias_requantize/(null)[0].shifted_value0__3 input pin u_tpu_top/u_datapath/u_vector_processing_unit/u_post_process/GEN_BIAS_REQUANT.u_bias_requantize/(null)[0].shifted_value0__3/A[7] is connected to registers with an asynchronous reset. This is preventing the possibility of merging these registers in to the DSP Block since the DSP block registers only possess synchronous reset capability.  It is suggested to recode or change these registers to remove the reset or use a synchronous reset to get the best optimization for performance, power and area.
Related violations: <none>

DPIR-2#64 Warning
Asynchronous driver check  
DSP u_tpu_top/u_datapath/u_vector_processing_unit/u_post_process/GEN_BIAS_REQUANT.u_bias_requantize/(null)[0].shifted_value0__3 input pin u_tpu_top/u_datapath/u_vector_processing_unit/u_post_process/GEN_BIAS_REQUANT.u_bias_requantize/(null)[0].shifted_value0__3/A[8] is connected to registers with an asynchronous reset. This is preventing the possibility of merging these registers in to the DSP Block since the DSP block registers only possess synchronous reset capability.  It is suggested to recode or change these registers to remove the reset or use a synchronous reset to get the best optimization for performance, power and area.
Related violations: <none>

DPIR-2#65 Warning
Asynchronous driver check  
DSP u_tpu_top/u_datapath/u_vector_processing_unit/u_post_process/GEN_BIAS_REQUANT.u_bias_requantize/(null)[0].shifted_value0__3 input pin u_tpu_top/u_datapath/u_vector_processing_unit/u_post_process/GEN_BIAS_REQUANT.u_bias_requantize/(null)[0].shifted_value0__3/A[9] is connected to registers with an asynchronous reset. This is preventing the possibility of merging these registers in to the DSP Block since the DSP block registers only possess synchronous reset capability.  It is suggested to recode or change these registers to remove the reset or use a synchronous reset to get the best optimization for performance, power and area.
Related violations: <none>

DPIR-2#66 Warning
Asynchronous driver check  
DSP u_tpu_top/u_datapath/u_vector_processing_unit/u_post_process/GEN_BIAS_REQUANT.u_bias_requantize/(null)[0].shifted_value0__4 input pin u_tpu_top/u_datapath/u_vector_processing_unit/u_post_process/GEN_BIAS_REQUANT.u_bias_requantize/(null)[0].shifted_value0__4/B[0] is connected to registers with an asynchronous reset. This is preventing the possibility of merging these registers in to the DSP Block since the DSP block registers only possess synchronous reset capability.  It is suggested to recode or change these registers to remove the reset or use a synchronous reset to get the best optimization for performance, power and area.
Related violations: <none>

DPIR-2#67 Warning
Asynchronous driver check  
DSP u_tpu_top/u_datapath/u_vector_processing_unit/u_post_process/GEN_BIAS_REQUANT.u_bias_requantize/(null)[0].shifted_value0__4 input pin u_tpu_top/u_datapath/u_vector_processing_unit/u_post_process/GEN_BIAS_REQUANT.u_bias_requantize/(null)[0].shifted_value0__4/B[1] is connected to registers with an asynchronous reset. This is preventing the possibility of merging these registers in to the DSP Block since the DSP block registers only possess synchronous reset capability.  It is suggested to recode or change these registers to remove the reset or use a synchronous reset to get the best optimization for performance, power and area.
Related violations: <none>

DPIR-2#68 Warning
Asynchronous driver check  
DSP u_tpu_top/u_datapath/u_vector_processing_unit/u_post_process/GEN_BIAS_REQUANT.u_bias_requantize/(null)[0].shifted_value0__4 input pin u_tpu_top/u_datapath/u_vector_processing_unit/u_post_process/GEN_BIAS_REQUANT.u_bias_requantize/(null)[0].shifted_value0__4/B[2] is connected to registers with an asynchronous reset. This is preventing the possibility of merging these registers in to the DSP Block since the DSP block registers only possess synchronous reset capability.  It is suggested to recode or change these registers to remove the reset or use a synchronous reset to get the best optimization for performance, power and area.
Related violations: <none>

DPIR-2#69 Warning
Asynchronous driver check  
DSP u_tpu_top/u_datapath/u_vector_processing_unit/u_post_process/GEN_BIAS_REQUANT.u_bias_requantize/(null)[0].shifted_value0__4 input pin u_tpu_top/u_datapath/u_vector_processing_unit/u_post_process/GEN_BIAS_REQUANT.u_bias_requantize/(null)[0].shifted_value0__4/B[3] is connected to registers with an asynchronous reset. This is preventing the possibility of merging these registers in to the DSP Block since the DSP block registers only possess synchronous reset capability.  It is suggested to recode or change these registers to remove the reset or use a synchronous reset to get the best optimization for performance, power and area.
Related violations: <none>

DPIR-2#70 Warning
Asynchronous driver check  
DSP u_tpu_top/u_datapath/u_vector_processing_unit/u_post_process/GEN_BIAS_REQUANT.u_bias_requantize/(null)[0].shifted_value0__4 input pin u_tpu_top/u_datapath/u_vector_processing_unit/u_post_process/GEN_BIAS_REQUANT.u_bias_requantize/(null)[0].shifted_value0__4/B[4] is connected to registers with an asynchronous reset. This is preventing the possibility of merging these registers in to the DSP Block since the DSP block registers only possess synchronous reset capability.  It is suggested to recode or change these registers to remove the reset or use a synchronous reset to get the best optimization for performance, power and area.
Related violations: <none>

DPIR-2#71 Warning
Asynchronous driver check  
DSP u_tpu_top/u_datapath/u_vector_processing_unit/u_post_process/GEN_BIAS_REQUANT.u_bias_requantize/(null)[0].shifted_value0__4 input pin u_tpu_top/u_datapath/u_vector_processing_unit/u_post_process/GEN_BIAS_REQUANT.u_bias_requantize/(null)[0].shifted_value0__4/B[5] is connected to registers with an asynchronous reset. This is preventing the possibility of merging these registers in to the DSP Block since the DSP block registers only possess synchronous reset capability.  It is suggested to recode or change these registers to remove the reset or use a synchronous reset to get the best optimization for performance, power and area.
Related violations: <none>

DPIR-2#72 Warning
Asynchronous driver check  
DSP u_tpu_top/u_datapath/u_vector_processing_unit/u_post_process/GEN_BIAS_REQUANT.u_bias_requantize/(null)[0].shifted_value0__4 input pin u_tpu_top/u_datapath/u_vector_processing_unit/u_post_process/GEN_BIAS_REQUANT.u_bias_requantize/(null)[0].shifted_value0__4/B[6] is connected to registers with an asynchronous reset. This is preventing the possibility of merging these registers in to the DSP Block since the DSP block registers only possess synchronous reset capability.  It is suggested to recode or change these registers to remove the reset or use a synchronous reset to get the best optimization for performance, power and area.
Related violations: <none>

DPIR-2#73 Warning
Asynchronous driver check  
DSP u_tpu_top/u_datapath/u_vector_processing_unit/u_post_process/GEN_BIAS_REQUANT.u_bias_requantize/(null)[0].shifted_value0__5 input pin u_tpu_top/u_datapath/u_vector_processing_unit/u_post_process/GEN_BIAS_REQUANT.u_bias_requantize/(null)[0].shifted_value0__5/B[0] is connected to registers with an asynchronous reset. This is preventing the possibility of merging these registers in to the DSP Block since the DSP block registers only possess synchronous reset capability.  It is suggested to recode or change these registers to remove the reset or use a synchronous reset to get the best optimization for performance, power and area.
Related violations: <none>

DPIR-2#74 Warning
Asynchronous driver check  
DSP u_tpu_top/u_datapath/u_vector_processing_unit/u_post_process/GEN_BIAS_REQUANT.u_bias_requantize/(null)[0].shifted_value0__5 input pin u_tpu_top/u_datapath/u_vector_processing_unit/u_post_process/GEN_BIAS_REQUANT.u_bias_requantize/(null)[0].shifted_value0__5/B[10] is connected to registers with an asynchronous reset. This is preventing the possibility of merging these registers in to the DSP Block since the DSP block registers only possess synchronous reset capability.  It is suggested to recode or change these registers to remove the reset or use a synchronous reset to get the best optimization for performance, power and area.
Related violations: <none>

DPIR-2#75 Warning
Asynchronous driver check  
DSP u_tpu_top/u_datapath/u_vector_processing_unit/u_post_process/GEN_BIAS_REQUANT.u_bias_requantize/(null)[0].shifted_value0__5 input pin u_tpu_top/u_datapath/u_vector_processing_unit/u_post_process/GEN_BIAS_REQUANT.u_bias_requantize/(null)[0].shifted_value0__5/B[11] is connected to registers with an asynchronous reset. This is preventing the possibility of merging these registers in to the DSP Block since the DSP block registers only possess synchronous reset capability.  It is suggested to recode or change these registers to remove the reset or use a synchronous reset to get the best optimization for performance, power and area.
Related violations: <none>

DPIR-2#76 Warning
Asynchronous driver check  
DSP u_tpu_top/u_datapath/u_vector_processing_unit/u_post_process/GEN_BIAS_REQUANT.u_bias_requantize/(null)[0].shifted_value0__5 input pin u_tpu_top/u_datapath/u_vector_processing_unit/u_post_process/GEN_BIAS_REQUANT.u_bias_requantize/(null)[0].shifted_value0__5/B[12] is connected to registers with an asynchronous reset. This is preventing the possibility of merging these registers in to the DSP Block since the DSP block registers only possess synchronous reset capability.  It is suggested to recode or change these registers to remove the reset or use a synchronous reset to get the best optimization for performance, power and area.
Related violations: <none>

DPIR-2#77 Warning
Asynchronous driver check  
DSP u_tpu_top/u_datapath/u_vector_processing_unit/u_post_process/GEN_BIAS_REQUANT.u_bias_requantize/(null)[0].shifted_value0__5 input pin u_tpu_top/u_datapath/u_vector_processing_unit/u_post_process/GEN_BIAS_REQUANT.u_bias_requantize/(null)[0].shifted_value0__5/B[13] is connected to registers with an asynchronous reset. This is preventing the possibility of merging these registers in to the DSP Block since the DSP block registers only possess synchronous reset capability.  It is suggested to recode or change these registers to remove the reset or use a synchronous reset to get the best optimization for performance, power and area.
Related violations: <none>

DPIR-2#78 Warning
Asynchronous driver check  
DSP u_tpu_top/u_datapath/u_vector_processing_unit/u_post_process/GEN_BIAS_REQUANT.u_bias_requantize/(null)[0].shifted_value0__5 input pin u_tpu_top/u_datapath/u_vector_processing_unit/u_post_process/GEN_BIAS_REQUANT.u_bias_requantize/(null)[0].shifted_value0__5/B[14] is connected to registers with an asynchronous reset. This is preventing the possibility of merging these registers in to the DSP Block since the DSP block registers only possess synchronous reset capability.  It is suggested to recode or change these registers to remove the reset or use a synchronous reset to get the best optimization for performance, power and area.
Related violations: <none>

DPIR-2#79 Warning
Asynchronous driver check  
DSP u_tpu_top/u_datapath/u_vector_processing_unit/u_post_process/GEN_BIAS_REQUANT.u_bias_requantize/(null)[0].shifted_value0__5 input pin u_tpu_top/u_datapath/u_vector_processing_unit/u_post_process/GEN_BIAS_REQUANT.u_bias_requantize/(null)[0].shifted_value0__5/B[15] is connected to registers with an asynchronous reset. This is preventing the possibility of merging these registers in to the DSP Block since the DSP block registers only possess synchronous reset capability.  It is suggested to recode or change these registers to remove the reset or use a synchronous reset to get the best optimization for performance, power and area.
Related violations: <none>

DPIR-2#80 Warning
Asynchronous driver check  
DSP u_tpu_top/u_datapath/u_vector_processing_unit/u_post_process/GEN_BIAS_REQUANT.u_bias_requantize/(null)[0].shifted_value0__5 input pin u_tpu_top/u_datapath/u_vector_processing_unit/u_post_process/GEN_BIAS_REQUANT.u_bias_requantize/(null)[0].shifted_value0__5/B[16] is connected to registers with an asynchronous reset. This is preventing the possibility of merging these registers in to the DSP Block since the DSP block registers only possess synchronous reset capability.  It is suggested to recode or change these registers to remove the reset or use a synchronous reset to get the best optimization for performance, power and area.
Related violations: <none>

DPIR-2#81 Warning
Asynchronous driver check  
DSP u_tpu_top/u_datapath/u_vector_processing_unit/u_post_process/GEN_BIAS_REQUANT.u_bias_requantize/(null)[0].shifted_value0__5 input pin u_tpu_top/u_datapath/u_vector_processing_unit/u_post_process/GEN_BIAS_REQUANT.u_bias_requantize/(null)[0].shifted_value0__5/B[1] is connected to registers with an asynchronous reset. This is preventing the possibility of merging these registers in to the DSP Block since the DSP block registers only possess synchronous reset capability.  It is suggested to recode or change these registers to remove the reset or use a synchronous reset to get the best optimization for performance, power and area.
Related violations: <none>

DPIR-2#82 Warning
Asynchronous driver check  
DSP u_tpu_top/u_datapath/u_vector_processing_unit/u_post_process/GEN_BIAS_REQUANT.u_bias_requantize/(null)[0].shifted_value0__5 input pin u_tpu_top/u_datapath/u_vector_processing_unit/u_post_process/GEN_BIAS_REQUANT.u_bias_requantize/(null)[0].shifted_value0__5/B[2] is connected to registers with an asynchronous reset. This is preventing the possibility of merging these registers in to the DSP Block since the DSP block registers only possess synchronous reset capability.  It is suggested to recode or change these registers to remove the reset or use a synchronous reset to get the best optimization for performance, power and area.
Related violations: <none>

DPIR-2#83 Warning
Asynchronous driver check  
DSP u_tpu_top/u_datapath/u_vector_processing_unit/u_post_process/GEN_BIAS_REQUANT.u_bias_requantize/(null)[0].shifted_value0__5 input pin u_tpu_top/u_datapath/u_vector_processing_unit/u_post_process/GEN_BIAS_REQUANT.u_bias_requantize/(null)[0].shifted_value0__5/B[3] is connected to registers with an asynchronous reset. This is preventing the possibility of merging these registers in to the DSP Block since the DSP block registers only possess synchronous reset capability.  It is suggested to recode or change these registers to remove the reset or use a synchronous reset to get the best optimization for performance, power and area.
Related violations: <none>

DPIR-2#84 Warning
Asynchronous driver check  
DSP u_tpu_top/u_datapath/u_vector_processing_unit/u_post_process/GEN_BIAS_REQUANT.u_bias_requantize/(null)[0].shifted_value0__5 input pin u_tpu_top/u_datapath/u_vector_processing_unit/u_post_process/GEN_BIAS_REQUANT.u_bias_requantize/(null)[0].shifted_value0__5/B[4] is connected to registers with an asynchronous reset. This is preventing the possibility of merging these registers in to the DSP Block since the DSP block registers only possess synchronous reset capability.  It is suggested to recode or change these registers to remove the reset or use a synchronous reset to get the best optimization for performance, power and area.
Related violations: <none>

DPIR-2#85 Warning
Asynchronous driver check  
DSP u_tpu_top/u_datapath/u_vector_processing_unit/u_post_process/GEN_BIAS_REQUANT.u_bias_requantize/(null)[0].shifted_value0__5 input pin u_tpu_top/u_datapath/u_vector_processing_unit/u_post_process/GEN_BIAS_REQUANT.u_bias_requantize/(null)[0].shifted_value0__5/B[5] is connected to registers with an asynchronous reset. This is preventing the possibility of merging these registers in to the DSP Block since the DSP block registers only possess synchronous reset capability.  It is suggested to recode or change these registers to remove the reset or use a synchronous reset to get the best optimization for performance, power and area.
Related violations: <none>

DPIR-2#86 Warning
Asynchronous driver check  
DSP u_tpu_top/u_datapath/u_vector_processing_unit/u_post_process/GEN_BIAS_REQUANT.u_bias_requantize/(null)[0].shifted_value0__5 input pin u_tpu_top/u_datapath/u_vector_processing_unit/u_post_process/GEN_BIAS_REQUANT.u_bias_requantize/(null)[0].shifted_value0__5/B[6] is connected to registers with an asynchronous reset. This is preventing the possibility of merging these registers in to the DSP Block since the DSP block registers only possess synchronous reset capability.  It is suggested to recode or change these registers to remove the reset or use a synchronous reset to get the best optimization for performance, power and area.
Related violations: <none>

DPIR-2#87 Warning
Asynchronous driver check  
DSP u_tpu_top/u_datapath/u_vector_processing_unit/u_post_process/GEN_BIAS_REQUANT.u_bias_requantize/(null)[0].shifted_value0__5 input pin u_tpu_top/u_datapath/u_vector_processing_unit/u_post_process/GEN_BIAS_REQUANT.u_bias_requantize/(null)[0].shifted_value0__5/B[7] is connected to registers with an asynchronous reset. This is preventing the possibility of merging these registers in to the DSP Block since the DSP block registers only possess synchronous reset capability.  It is suggested to recode or change these registers to remove the reset or use a synchronous reset to get the best optimization for performance, power and area.
Related violations: <none>

DPIR-2#88 Warning
Asynchronous driver check  
DSP u_tpu_top/u_datapath/u_vector_processing_unit/u_post_process/GEN_BIAS_REQUANT.u_bias_requantize/(null)[0].shifted_value0__5 input pin u_tpu_top/u_datapath/u_vector_processing_unit/u_post_process/GEN_BIAS_REQUANT.u_bias_requantize/(null)[0].shifted_value0__5/B[8] is connected to registers with an asynchronous reset. This is preventing the possibility of merging these registers in to the DSP Block since the DSP block registers only possess synchronous reset capability.  It is suggested to recode or change these registers to remove the reset or use a synchronous reset to get the best optimization for performance, power and area.
Related violations: <none>

DPIR-2#89 Warning
Asynchronous driver check  
DSP u_tpu_top/u_datapath/u_vector_processing_unit/u_post_process/GEN_BIAS_REQUANT.u_bias_requantize/(null)[0].shifted_value0__5 input pin u_tpu_top/u_datapath/u_vector_processing_unit/u_post_process/GEN_BIAS_REQUANT.u_bias_requantize/(null)[0].shifted_value0__5/B[9] is connected to registers with an asynchronous reset. This is preventing the possibility of merging these registers in to the DSP Block since the DSP block registers only possess synchronous reset capability.  It is suggested to recode or change these registers to remove the reset or use a synchronous reset to get the best optimization for performance, power and area.
Related violations: <none>

DPIR-2#90 Warning
Asynchronous driver check  
DSP u_tpu_top/u_datapath/u_vector_processing_unit/u_post_process/GEN_BIAS_REQUANT.u_bias_requantize/(null)[0].shifted_value0__6 input pin u_tpu_top/u_datapath/u_vector_processing_unit/u_post_process/GEN_BIAS_REQUANT.u_bias_requantize/(null)[0].shifted_value0__6/B[0] is connected to registers with an asynchronous reset. This is preventing the possibility of merging these registers in to the DSP Block since the DSP block registers only possess synchronous reset capability.  It is suggested to recode or change these registers to remove the reset or use a synchronous reset to get the best optimization for performance, power and area.
Related violations: <none>

DPIR-2#91 Warning
Asynchronous driver check  
DSP u_tpu_top/u_datapath/u_vector_processing_unit/u_post_process/GEN_BIAS_REQUANT.u_bias_requantize/(null)[0].shifted_value0__6 input pin u_tpu_top/u_datapath/u_vector_processing_unit/u_post_process/GEN_BIAS_REQUANT.u_bias_requantize/(null)[0].shifted_value0__6/B[1] is connected to registers with an asynchronous reset. This is preventing the possibility of merging these registers in to the DSP Block since the DSP block registers only possess synchronous reset capability.  It is suggested to recode or change these registers to remove the reset or use a synchronous reset to get the best optimization for performance, power and area.
Related violations: <none>

DPIR-2#92 Warning
Asynchronous driver check  
DSP u_tpu_top/u_datapath/u_vector_processing_unit/u_post_process/GEN_BIAS_REQUANT.u_bias_requantize/(null)[0].shifted_value0__6 input pin u_tpu_top/u_datapath/u_vector_processing_unit/u_post_process/GEN_BIAS_REQUANT.u_bias_requantize/(null)[0].shifted_value0__6/B[2] is connected to registers with an asynchronous reset. This is preventing the possibility of merging these registers in to the DSP Block since the DSP block registers only possess synchronous reset capability.  It is suggested to recode or change these registers to remove the reset or use a synchronous reset to get the best optimization for performance, power and area.
Related violations: <none>

DPIR-2#93 Warning
Asynchronous driver check  
DSP u_tpu_top/u_datapath/u_vector_processing_unit/u_post_process/GEN_BIAS_REQUANT.u_bias_requantize/(null)[0].shifted_value0__6 input pin u_tpu_top/u_datapath/u_vector_processing_unit/u_post_process/GEN_BIAS_REQUANT.u_bias_requantize/(null)[0].shifted_value0__6/B[3] is connected to registers with an asynchronous reset. This is preventing the possibility of merging these registers in to the DSP Block since the DSP block registers only possess synchronous reset capability.  It is suggested to recode or change these registers to remove the reset or use a synchronous reset to get the best optimization for performance, power and area.
Related violations: <none>

DPIR-2#94 Warning
Asynchronous driver check  
DSP u_tpu_top/u_datapath/u_vector_processing_unit/u_post_process/GEN_BIAS_REQUANT.u_bias_requantize/(null)[0].shifted_value0__6 input pin u_tpu_top/u_datapath/u_vector_processing_unit/u_post_process/GEN_BIAS_REQUANT.u_bias_requantize/(null)[0].shifted_value0__6/B[4] is connected to registers with an asynchronous reset. This is preventing the possibility of merging these registers in to the DSP Block since the DSP block registers only possess synchronous reset capability.  It is suggested to recode or change these registers to remove the reset or use a synchronous reset to get the best optimization for performance, power and area.
Related violations: <none>

DPIR-2#95 Warning
Asynchronous driver check  
DSP u_tpu_top/u_datapath/u_vector_processing_unit/u_post_process/GEN_BIAS_REQUANT.u_bias_requantize/(null)[0].shifted_value0__6 input pin u_tpu_top/u_datapath/u_vector_processing_unit/u_post_process/GEN_BIAS_REQUANT.u_bias_requantize/(null)[0].shifted_value0__6/B[5] is connected to registers with an asynchronous reset. This is preventing the possibility of merging these registers in to the DSP Block since the DSP block registers only possess synchronous reset capability.  It is suggested to recode or change these registers to remove the reset or use a synchronous reset to get the best optimization for performance, power and area.
Related violations: <none>

DPIR-2#96 Warning
Asynchronous driver check  
DSP u_tpu_top/u_datapath/u_vector_processing_unit/u_post_process/GEN_BIAS_REQUANT.u_bias_requantize/(null)[0].shifted_value0__6 input pin u_tpu_top/u_datapath/u_vector_processing_unit/u_post_process/GEN_BIAS_REQUANT.u_bias_requantize/(null)[0].shifted_value0__6/B[6] is connected to registers with an asynchronous reset. This is preventing the possibility of merging these registers in to the DSP Block since the DSP block registers only possess synchronous reset capability.  It is suggested to recode or change these registers to remove the reset or use a synchronous reset to get the best optimization for performance, power and area.
Related violations: <none>

DPIR-2#97 Warning
Asynchronous driver check  
DSP u_tpu_top/u_layer_controller/u_tile_controller/output_addr0_w1 input pin u_tpu_top/u_layer_controller/u_tile_controller/output_addr0_w1/A[10] is connected to registers with an asynchronous reset. This is preventing the possibility of merging these registers in to the DSP Block since the DSP block registers only possess synchronous reset capability.  It is suggested to recode or change these registers to remove the reset or use a synchronous reset to get the best optimization for performance, power and area.
Related violations: <none>

DPIR-2#98 Warning
Asynchronous driver check  
DSP u_tpu_top/u_layer_controller/u_tile_controller/output_addr0_w1 input pin u_tpu_top/u_layer_controller/u_tile_controller/output_addr0_w1/A[11] is connected to registers with an asynchronous reset. This is preventing the possibility of merging these registers in to the DSP Block since the DSP block registers only possess synchronous reset capability.  It is suggested to recode or change these registers to remove the reset or use a synchronous reset to get the best optimization for performance, power and area.
Related violations: <none>

DPIR-2#99 Warning
Asynchronous driver check  
DSP u_tpu_top/u_layer_controller/u_tile_controller/output_addr0_w1 input pin u_tpu_top/u_layer_controller/u_tile_controller/output_addr0_w1/A[12] is connected to registers with an asynchronous reset. This is preventing the possibility of merging these registers in to the DSP Block since the DSP block registers only possess synchronous reset capability.  It is suggested to recode or change these registers to remove the reset or use a synchronous reset to get the best optimization for performance, power and area.
Related violations: <none>

DPIR-2#100 Warning
Asynchronous driver check  
DSP u_tpu_top/u_layer_controller/u_tile_controller/output_addr0_w1 input pin u_tpu_top/u_layer_controller/u_tile_controller/output_addr0_w1/A[13] is connected to registers with an asynchronous reset. This is preventing the possibility of merging these registers in to the DSP Block since the DSP block registers only possess synchronous reset capability.  It is suggested to recode or change these registers to remove the reset or use a synchronous reset to get the best optimization for performance, power and area.
Related violations: <none>

DPIR-2#101 Warning
Asynchronous driver check  
DSP u_tpu_top/u_layer_controller/u_tile_controller/output_addr0_w1 input pin u_tpu_top/u_layer_controller/u_tile_controller/output_addr0_w1/A[14] is connected to registers with an asynchronous reset. This is preventing the possibility of merging these registers in to the DSP Block since the DSP block registers only possess synchronous reset capability.  It is suggested to recode or change these registers to remove the reset or use a synchronous reset to get the best optimization for performance, power and area.
Related violations: <none>

DPIR-2#102 Warning
Asynchronous driver check  
DSP u_tpu_top/u_layer_controller/u_tile_controller/output_addr0_w1 input pin u_tpu_top/u_layer_controller/u_tile_controller/output_addr0_w1/A[15] is connected to registers with an asynchronous reset. This is preventing the possibility of merging these registers in to the DSP Block since the DSP block registers only possess synchronous reset capability.  It is suggested to recode or change these registers to remove the reset or use a synchronous reset to get the best optimization for performance, power and area.
Related violations: <none>

DPIR-2#103 Warning
Asynchronous driver check  
DSP u_tpu_top/u_layer_controller/u_tile_controller/output_addr0_w1 input pin u_tpu_top/u_layer_controller/u_tile_controller/output_addr0_w1/A[1] is connected to registers with an asynchronous reset. This is preventing the possibility of merging these registers in to the DSP Block since the DSP block registers only possess synchronous reset capability.  It is suggested to recode or change these registers to remove the reset or use a synchronous reset to get the best optimization for performance, power and area.
Related violations: <none>

DPIR-2#104 Warning
Asynchronous driver check  
DSP u_tpu_top/u_layer_controller/u_tile_controller/output_addr0_w1 input pin u_tpu_top/u_layer_controller/u_tile_controller/output_addr0_w1/A[2] is connected to registers with an asynchronous reset. This is preventing the possibility of merging these registers in to the DSP Block since the DSP block registers only possess synchronous reset capability.  It is suggested to recode or change these registers to remove the reset or use a synchronous reset to get the best optimization for performance, power and area.
Related violations: <none>

DPIR-2#105 Warning
Asynchronous driver check  
DSP u_tpu_top/u_layer_controller/u_tile_controller/output_addr0_w1 input pin u_tpu_top/u_layer_controller/u_tile_controller/output_addr0_w1/A[3] is connected to registers with an asynchronous reset. This is preventing the possibility of merging these registers in to the DSP Block since the DSP block registers only possess synchronous reset capability.  It is suggested to recode or change these registers to remove the reset or use a synchronous reset to get the best optimization for performance, power and area.
Related violations: <none>

DPIR-2#106 Warning
Asynchronous driver check  
DSP u_tpu_top/u_layer_controller/u_tile_controller/output_addr0_w1 input pin u_tpu_top/u_layer_controller/u_tile_controller/output_addr0_w1/A[4] is connected to registers with an asynchronous reset. This is preventing the possibility of merging these registers in to the DSP Block since the DSP block registers only possess synchronous reset capability.  It is suggested to recode or change these registers to remove the reset or use a synchronous reset to get the best optimization for performance, power and area.
Related violations: <none>

DPIR-2#107 Warning
Asynchronous driver check  
DSP u_tpu_top/u_layer_controller/u_tile_controller/output_addr0_w1 input pin u_tpu_top/u_layer_controller/u_tile_controller/output_addr0_w1/A[5] is connected to registers with an asynchronous reset. This is preventing the possibility of merging these registers in to the DSP Block since the DSP block registers only possess synchronous reset capability.  It is suggested to recode or change these registers to remove the reset or use a synchronous reset to get the best optimization for performance, power and area.
Related violations: <none>

DPIR-2#108 Warning
Asynchronous driver check  
DSP u_tpu_top/u_layer_controller/u_tile_controller/output_addr0_w1 input pin u_tpu_top/u_layer_controller/u_tile_controller/output_addr0_w1/A[6] is connected to registers with an asynchronous reset. This is preventing the possibility of merging these registers in to the DSP Block since the DSP block registers only possess synchronous reset capability.  It is suggested to recode or change these registers to remove the reset or use a synchronous reset to get the best optimization for performance, power and area.
Related violations: <none>

DPIR-2#109 Warning
Asynchronous driver check  
DSP u_tpu_top/u_layer_controller/u_tile_controller/output_addr0_w1 input pin u_tpu_top/u_layer_controller/u_tile_controller/output_addr0_w1/A[7] is connected to registers with an asynchronous reset. This is preventing the possibility of merging these registers in to the DSP Block since the DSP block registers only possess synchronous reset capability.  It is suggested to recode or change these registers to remove the reset or use a synchronous reset to get the best optimization for performance, power and area.
Related violations: <none>

DPIR-2#110 Warning
Asynchronous driver check  
DSP u_tpu_top/u_layer_controller/u_tile_controller/output_addr0_w1 input pin u_tpu_top/u_layer_controller/u_tile_controller/output_addr0_w1/A[8] is connected to registers with an asynchronous reset. This is preventing the possibility of merging these registers in to the DSP Block since the DSP block registers only possess synchronous reset capability.  It is suggested to recode or change these registers to remove the reset or use a synchronous reset to get the best optimization for performance, power and area.
Related violations: <none>

DPIR-2#111 Warning
Asynchronous driver check  
DSP u_tpu_top/u_layer_controller/u_tile_controller/output_addr0_w1 input pin u_tpu_top/u_layer_controller/u_tile_controller/output_addr0_w1/A[9] is connected to registers with an asynchronous reset. This is preventing the possibility of merging these registers in to the DSP Block since the DSP block registers only possess synchronous reset capability.  It is suggested to recode or change these registers to remove the reset or use a synchronous reset to get the best optimization for performance, power and area.
Related violations: <none>

DPIR-2#112 Warning
Asynchronous driver check  
DSP u_tpu_top/u_layer_controller/u_tile_controller/output_addr1_w1 input pin u_tpu_top/u_layer_controller/u_tile_controller/output_addr1_w1/A[10] is connected to registers with an asynchronous reset. This is preventing the possibility of merging these registers in to the DSP Block since the DSP block registers only possess synchronous reset capability.  It is suggested to recode or change these registers to remove the reset or use a synchronous reset to get the best optimization for performance, power and area.
Related violations: <none>

DPIR-2#113 Warning
Asynchronous driver check  
DSP u_tpu_top/u_layer_controller/u_tile_controller/output_addr1_w1 input pin u_tpu_top/u_layer_controller/u_tile_controller/output_addr1_w1/A[11] is connected to registers with an asynchronous reset. This is preventing the possibility of merging these registers in to the DSP Block since the DSP block registers only possess synchronous reset capability.  It is suggested to recode or change these registers to remove the reset or use a synchronous reset to get the best optimization for performance, power and area.
Related violations: <none>

DPIR-2#114 Warning
Asynchronous driver check  
DSP u_tpu_top/u_layer_controller/u_tile_controller/output_addr1_w1 input pin u_tpu_top/u_layer_controller/u_tile_controller/output_addr1_w1/A[12] is connected to registers with an asynchronous reset. This is preventing the possibility of merging these registers in to the DSP Block since the DSP block registers only possess synchronous reset capability.  It is suggested to recode or change these registers to remove the reset or use a synchronous reset to get the best optimization for performance, power and area.
Related violations: <none>

DPIR-2#115 Warning
Asynchronous driver check  
DSP u_tpu_top/u_layer_controller/u_tile_controller/output_addr1_w1 input pin u_tpu_top/u_layer_controller/u_tile_controller/output_addr1_w1/A[13] is connected to registers with an asynchronous reset. This is preventing the possibility of merging these registers in to the DSP Block since the DSP block registers only possess synchronous reset capability.  It is suggested to recode or change these registers to remove the reset or use a synchronous reset to get the best optimization for performance, power and area.
Related violations: <none>

DPIR-2#116 Warning
Asynchronous driver check  
DSP u_tpu_top/u_layer_controller/u_tile_controller/output_addr1_w1 input pin u_tpu_top/u_layer_controller/u_tile_controller/output_addr1_w1/A[14] is connected to registers with an asynchronous reset. This is preventing the possibility of merging these registers in to the DSP Block since the DSP block registers only possess synchronous reset capability.  It is suggested to recode or change these registers to remove the reset or use a synchronous reset to get the best optimization for performance, power and area.
Related violations: <none>

DPIR-2#117 Warning
Asynchronous driver check  
DSP u_tpu_top/u_layer_controller/u_tile_controller/output_addr1_w1 input pin u_tpu_top/u_layer_controller/u_tile_controller/output_addr1_w1/A[15] is connected to registers with an asynchronous reset. This is preventing the possibility of merging these registers in to the DSP Block since the DSP block registers only possess synchronous reset capability.  It is suggested to recode or change these registers to remove the reset or use a synchronous reset to get the best optimization for performance, power and area.
Related violations: <none>

DPIR-2#118 Warning
Asynchronous driver check  
DSP u_tpu_top/u_layer_controller/u_tile_controller/output_addr1_w1 input pin u_tpu_top/u_layer_controller/u_tile_controller/output_addr1_w1/A[1] is connected to registers with an asynchronous reset. This is preventing the possibility of merging these registers in to the DSP Block since the DSP block registers only possess synchronous reset capability.  It is suggested to recode or change these registers to remove the reset or use a synchronous reset to get the best optimization for performance, power and area.
Related violations: <none>

DPIR-2#119 Warning
Asynchronous driver check  
DSP u_tpu_top/u_layer_controller/u_tile_controller/output_addr1_w1 input pin u_tpu_top/u_layer_controller/u_tile_controller/output_addr1_w1/A[2] is connected to registers with an asynchronous reset. This is preventing the possibility of merging these registers in to the DSP Block since the DSP block registers only possess synchronous reset capability.  It is suggested to recode or change these registers to remove the reset or use a synchronous reset to get the best optimization for performance, power and area.
Related violations: <none>

DPIR-2#120 Warning
Asynchronous driver check  
DSP u_tpu_top/u_layer_controller/u_tile_controller/output_addr1_w1 input pin u_tpu_top/u_layer_controller/u_tile_controller/output_addr1_w1/A[3] is connected to registers with an asynchronous reset. This is preventing the possibility of merging these registers in to the DSP Block since the DSP block registers only possess synchronous reset capability.  It is suggested to recode or change these registers to remove the reset or use a synchronous reset to get the best optimization for performance, power and area.
Related violations: <none>

DPIR-2#121 Warning
Asynchronous driver check  
DSP u_tpu_top/u_layer_controller/u_tile_controller/output_addr1_w1 input pin u_tpu_top/u_layer_controller/u_tile_controller/output_addr1_w1/A[4] is connected to registers with an asynchronous reset. This is preventing the possibility of merging these registers in to the DSP Block since the DSP block registers only possess synchronous reset capability.  It is suggested to recode or change these registers to remove the reset or use a synchronous reset to get the best optimization for performance, power and area.
Related violations: <none>

DPIR-2#122 Warning
Asynchronous driver check  
DSP u_tpu_top/u_layer_controller/u_tile_controller/output_addr1_w1 input pin u_tpu_top/u_layer_controller/u_tile_controller/output_addr1_w1/A[5] is connected to registers with an asynchronous reset. This is preventing the possibility of merging these registers in to the DSP Block since the DSP block registers only possess synchronous reset capability.  It is suggested to recode or change these registers to remove the reset or use a synchronous reset to get the best optimization for performance, power and area.
Related violations: <none>

DPIR-2#123 Warning
Asynchronous driver check  
DSP u_tpu_top/u_layer_controller/u_tile_controller/output_addr1_w1 input pin u_tpu_top/u_layer_controller/u_tile_controller/output_addr1_w1/A[6] is connected to registers with an asynchronous reset. This is preventing the possibility of merging these registers in to the DSP Block since the DSP block registers only possess synchronous reset capability.  It is suggested to recode or change these registers to remove the reset or use a synchronous reset to get the best optimization for performance, power and area.
Related violations: <none>

DPIR-2#124 Warning
Asynchronous driver check  
DSP u_tpu_top/u_layer_controller/u_tile_controller/output_addr1_w1 input pin u_tpu_top/u_layer_controller/u_tile_controller/output_addr1_w1/A[7] is connected to registers with an asynchronous reset. This is preventing the possibility of merging these registers in to the DSP Block since the DSP block registers only possess synchronous reset capability.  It is suggested to recode or change these registers to remove the reset or use a synchronous reset to get the best optimization for performance, power and area.
Related violations: <none>

DPIR-2#125 Warning
Asynchronous driver check  
DSP u_tpu_top/u_layer_controller/u_tile_controller/output_addr1_w1 input pin u_tpu_top/u_layer_controller/u_tile_controller/output_addr1_w1/A[8] is connected to registers with an asynchronous reset. This is preventing the possibility of merging these registers in to the DSP Block since the DSP block registers only possess synchronous reset capability.  It is suggested to recode or change these registers to remove the reset or use a synchronous reset to get the best optimization for performance, power and area.
Related violations: <none>

DPIR-2#126 Warning
Asynchronous driver check  
DSP u_tpu_top/u_layer_controller/u_tile_controller/output_addr1_w1 input pin u_tpu_top/u_layer_controller/u_tile_controller/output_addr1_w1/A[9] is connected to registers with an asynchronous reset. This is preventing the possibility of merging these registers in to the DSP Block since the DSP block registers only possess synchronous reset capability.  It is suggested to recode or change these registers to remove the reset or use a synchronous reset to get the best optimization for performance, power and area.
Related violations: <none>

DPIR-2#127 Warning
Asynchronous driver check  
DSP u_tpu_top/u_maxpool2d_unit/in_channel_stride_w input pin u_tpu_top/u_maxpool2d_unit/in_channel_stride_w/A[0] is connected to registers with an asynchronous reset. This is preventing the possibility of merging these registers in to the DSP Block since the DSP block registers only possess synchronous reset capability.  It is suggested to recode or change these registers to remove the reset or use a synchronous reset to get the best optimization for performance, power and area.
Related violations: <none>

DPIR-2#128 Warning
Asynchronous driver check  
DSP u_tpu_top/u_maxpool2d_unit/in_channel_stride_w input pin u_tpu_top/u_maxpool2d_unit/in_channel_stride_w/A[1] is connected to registers with an asynchronous reset. This is preventing the possibility of merging these registers in to the DSP Block since the DSP block registers only possess synchronous reset capability.  It is suggested to recode or change these registers to remove the reset or use a synchronous reset to get the best optimization for performance, power and area.
Related violations: <none>

DPIR-2#129 Warning
Asynchronous driver check  
DSP u_tpu_top/u_maxpool2d_unit/in_channel_stride_w input pin u_tpu_top/u_maxpool2d_unit/in_channel_stride_w/A[3] is connected to registers with an asynchronous reset. This is preventing the possibility of merging these registers in to the DSP Block since the DSP block registers only possess synchronous reset capability.  It is suggested to recode or change these registers to remove the reset or use a synchronous reset to get the best optimization for performance, power and area.
Related violations: <none>

DPIR-2#130 Warning
Asynchronous driver check  
DSP u_tpu_top/u_maxpool2d_unit/in_channel_stride_w input pin u_tpu_top/u_maxpool2d_unit/in_channel_stride_w/A[4] is connected to registers with an asynchronous reset. This is preventing the possibility of merging these registers in to the DSP Block since the DSP block registers only possess synchronous reset capability.  It is suggested to recode or change these registers to remove the reset or use a synchronous reset to get the best optimization for performance, power and area.
Related violations: <none>

DPIR-2#131 Warning
Asynchronous driver check  
DSP u_tpu_top/u_maxpool2d_unit/in_channel_stride_w input pin u_tpu_top/u_maxpool2d_unit/in_channel_stride_w/B[0] is connected to registers with an asynchronous reset. This is preventing the possibility of merging these registers in to the DSP Block since the DSP block registers only possess synchronous reset capability.  It is suggested to recode or change these registers to remove the reset or use a synchronous reset to get the best optimization for performance, power and area.
Related violations: <none>

DPIR-2#132 Warning
Asynchronous driver check  
DSP u_tpu_top/u_maxpool2d_unit/in_channel_stride_w input pin u_tpu_top/u_maxpool2d_unit/in_channel_stride_w/B[1] is connected to registers with an asynchronous reset. This is preventing the possibility of merging these registers in to the DSP Block since the DSP block registers only possess synchronous reset capability.  It is suggested to recode or change these registers to remove the reset or use a synchronous reset to get the best optimization for performance, power and area.
Related violations: <none>

DPIR-2#133 Warning
Asynchronous driver check  
DSP u_tpu_top/u_maxpool2d_unit/in_channel_stride_w input pin u_tpu_top/u_maxpool2d_unit/in_channel_stride_w/B[3] is connected to registers with an asynchronous reset. This is preventing the possibility of merging these registers in to the DSP Block since the DSP block registers only possess synchronous reset capability.  It is suggested to recode or change these registers to remove the reset or use a synchronous reset to get the best optimization for performance, power and area.
Related violations: <none>

DPIR-2#134 Warning
Asynchronous driver check  
DSP u_tpu_top/u_maxpool2d_unit/in_channel_stride_w input pin u_tpu_top/u_maxpool2d_unit/in_channel_stride_w/B[4] is connected to registers with an asynchronous reset. This is preventing the possibility of merging these registers in to the DSP Block since the DSP block registers only possess synchronous reset capability.  It is suggested to recode or change these registers to remove the reset or use a synchronous reset to get the best optimization for performance, power and area.
Related violations: <none>

DPIR-2#135 Warning
Asynchronous driver check  
DSP u_tpu_top/u_maxpool2d_unit/out_channel_stride_w input pin u_tpu_top/u_maxpool2d_unit/out_channel_stride_w/A[0] is connected to registers with an asynchronous reset. This is preventing the possibility of merging these registers in to the DSP Block since the DSP block registers only possess synchronous reset capability.  It is suggested to recode or change these registers to remove the reset or use a synchronous reset to get the best optimization for performance, power and area.
Related violations: <none>

DPIR-2#136 Warning
Asynchronous driver check  
DSP u_tpu_top/u_maxpool2d_unit/out_channel_stride_w input pin u_tpu_top/u_maxpool2d_unit/out_channel_stride_w/A[2] is connected to registers with an asynchronous reset. This is preventing the possibility of merging these registers in to the DSP Block since the DSP block registers only possess synchronous reset capability.  It is suggested to recode or change these registers to remove the reset or use a synchronous reset to get the best optimization for performance, power and area.
Related violations: <none>

DPIR-2#137 Warning
Asynchronous driver check  
DSP u_tpu_top/u_maxpool2d_unit/out_channel_stride_w input pin u_tpu_top/u_maxpool2d_unit/out_channel_stride_w/A[3] is connected to registers with an asynchronous reset. This is preventing the possibility of merging these registers in to the DSP Block since the DSP block registers only possess synchronous reset capability.  It is suggested to recode or change these registers to remove the reset or use a synchronous reset to get the best optimization for performance, power and area.
Related violations: <none>

DPIR-2#138 Warning
Asynchronous driver check  
DSP u_tpu_top/u_maxpool2d_unit/out_channel_stride_w input pin u_tpu_top/u_maxpool2d_unit/out_channel_stride_w/B[0] is connected to registers with an asynchronous reset. This is preventing the possibility of merging these registers in to the DSP Block since the DSP block registers only possess synchronous reset capability.  It is suggested to recode or change these registers to remove the reset or use a synchronous reset to get the best optimization for performance, power and area.
Related violations: <none>

DPIR-2#139 Warning
Asynchronous driver check  
DSP u_tpu_top/u_maxpool2d_unit/out_channel_stride_w input pin u_tpu_top/u_maxpool2d_unit/out_channel_stride_w/B[2] is connected to registers with an asynchronous reset. This is preventing the possibility of merging these registers in to the DSP Block since the DSP block registers only possess synchronous reset capability.  It is suggested to recode or change these registers to remove the reset or use a synchronous reset to get the best optimization for performance, power and area.
Related violations: <none>

DPIR-2#140 Warning
Asynchronous driver check  
DSP u_tpu_top/u_maxpool2d_unit/out_channel_stride_w input pin u_tpu_top/u_maxpool2d_unit/out_channel_stride_w/B[3] is connected to registers with an asynchronous reset. This is preventing the possibility of merging these registers in to the DSP Block since the DSP block registers only possess synchronous reset capability.  It is suggested to recode or change these registers to remove the reset or use a synchronous reset to get the best optimization for performance, power and area.
Related violations: <none>

DPIR-2#141 Warning
Asynchronous driver check  
DSP u_tpu_top/u_maxpool2d_unit/read_addr_w input pin u_tpu_top/u_maxpool2d_unit/read_addr_w/C[10] is connected to registers with an asynchronous reset. This is preventing the possibility of merging these registers in to the DSP Block since the DSP block registers only possess synchronous reset capability.  It is suggested to recode or change these registers to remove the reset or use a synchronous reset to get the best optimization for performance, power and area.
Related violations: <none>

DPIR-2#142 Warning
Asynchronous driver check  
DSP u_tpu_top/u_maxpool2d_unit/read_addr_w input pin u_tpu_top/u_maxpool2d_unit/read_addr_w/C[11] is connected to registers with an asynchronous reset. This is preventing the possibility of merging these registers in to the DSP Block since the DSP block registers only possess synchronous reset capability.  It is suggested to recode or change these registers to remove the reset or use a synchronous reset to get the best optimization for performance, power and area.
Related violations: <none>

DPIR-2#143 Warning
Asynchronous driver check  
DSP u_tpu_top/u_maxpool2d_unit/read_addr_w input pin u_tpu_top/u_maxpool2d_unit/read_addr_w/C[12] is connected to registers with an asynchronous reset. This is preventing the possibility of merging these registers in to the DSP Block since the DSP block registers only possess synchronous reset capability.  It is suggested to recode or change these registers to remove the reset or use a synchronous reset to get the best optimization for performance, power and area.
Related violations: <none>

DPIR-2#144 Warning
Asynchronous driver check  
DSP u_tpu_top/u_maxpool2d_unit/read_addr_w input pin u_tpu_top/u_maxpool2d_unit/read_addr_w/C[13] is connected to registers with an asynchronous reset. This is preventing the possibility of merging these registers in to the DSP Block since the DSP block registers only possess synchronous reset capability.  It is suggested to recode or change these registers to remove the reset or use a synchronous reset to get the best optimization for performance, power and area.
Related violations: <none>

DPIR-2#145 Warning
Asynchronous driver check  
DSP u_tpu_top/u_maxpool2d_unit/read_addr_w input pin u_tpu_top/u_maxpool2d_unit/read_addr_w/C[14] is connected to registers with an asynchronous reset. This is preventing the possibility of merging these registers in to the DSP Block since the DSP block registers only possess synchronous reset capability.  It is suggested to recode or change these registers to remove the reset or use a synchronous reset to get the best optimization for performance, power and area.
Related violations: <none>

DPIR-2#146 Warning
Asynchronous driver check  
DSP u_tpu_top/u_maxpool2d_unit/read_addr_w input pin u_tpu_top/u_maxpool2d_unit/read_addr_w/C[15] is connected to registers with an asynchronous reset. This is preventing the possibility of merging these registers in to the DSP Block since the DSP block registers only possess synchronous reset capability.  It is suggested to recode or change these registers to remove the reset or use a synchronous reset to get the best optimization for performance, power and area.
Related violations: <none>

DPIR-2#147 Warning
Asynchronous driver check  
DSP u_tpu_top/u_maxpool2d_unit/read_addr_w input pin u_tpu_top/u_maxpool2d_unit/read_addr_w/C[16] is connected to registers with an asynchronous reset. This is preventing the possibility of merging these registers in to the DSP Block since the DSP block registers only possess synchronous reset capability.  It is suggested to recode or change these registers to remove the reset or use a synchronous reset to get the best optimization for performance, power and area.
Related violations: <none>

DPIR-2#148 Warning
Asynchronous driver check  
DSP u_tpu_top/u_maxpool2d_unit/read_addr_w input pin u_tpu_top/u_maxpool2d_unit/read_addr_w/C[1] is connected to registers with an asynchronous reset. This is preventing the possibility of merging these registers in to the DSP Block since the DSP block registers only possess synchronous reset capability.  It is suggested to recode or change these registers to remove the reset or use a synchronous reset to get the best optimization for performance, power and area.
Related violations: <none>

DPIR-2#149 Warning
Asynchronous driver check  
DSP u_tpu_top/u_maxpool2d_unit/read_addr_w input pin u_tpu_top/u_maxpool2d_unit/read_addr_w/C[2] is connected to registers with an asynchronous reset. This is preventing the possibility of merging these registers in to the DSP Block since the DSP block registers only possess synchronous reset capability.  It is suggested to recode or change these registers to remove the reset or use a synchronous reset to get the best optimization for performance, power and area.
Related violations: <none>

DPIR-2#150 Warning
Asynchronous driver check  
DSP u_tpu_top/u_maxpool2d_unit/read_addr_w input pin u_tpu_top/u_maxpool2d_unit/read_addr_w/C[3] is connected to registers with an asynchronous reset. This is preventing the possibility of merging these registers in to the DSP Block since the DSP block registers only possess synchronous reset capability.  It is suggested to recode or change these registers to remove the reset or use a synchronous reset to get the best optimization for performance, power and area.
Related violations: <none>

DPIR-2#151 Warning
Asynchronous driver check  
DSP u_tpu_top/u_maxpool2d_unit/read_addr_w input pin u_tpu_top/u_maxpool2d_unit/read_addr_w/C[4] is connected to registers with an asynchronous reset. This is preventing the possibility of merging these registers in to the DSP Block since the DSP block registers only possess synchronous reset capability.  It is suggested to recode or change these registers to remove the reset or use a synchronous reset to get the best optimization for performance, power and area.
Related violations: <none>

DPIR-2#152 Warning
Asynchronous driver check  
DSP u_tpu_top/u_maxpool2d_unit/read_addr_w input pin u_tpu_top/u_maxpool2d_unit/read_addr_w/C[5] is connected to registers with an asynchronous reset. This is preventing the possibility of merging these registers in to the DSP Block since the DSP block registers only possess synchronous reset capability.  It is suggested to recode or change these registers to remove the reset or use a synchronous reset to get the best optimization for performance, power and area.
Related violations: <none>

DPIR-2#153 Warning
Asynchronous driver check  
DSP u_tpu_top/u_maxpool2d_unit/read_addr_w input pin u_tpu_top/u_maxpool2d_unit/read_addr_w/C[6] is connected to registers with an asynchronous reset. This is preventing the possibility of merging these registers in to the DSP Block since the DSP block registers only possess synchronous reset capability.  It is suggested to recode or change these registers to remove the reset or use a synchronous reset to get the best optimization for performance, power and area.
Related violations: <none>

DPIR-2#154 Warning
Asynchronous driver check  
DSP u_tpu_top/u_maxpool2d_unit/read_addr_w input pin u_tpu_top/u_maxpool2d_unit/read_addr_w/C[7] is connected to registers with an asynchronous reset. This is preventing the possibility of merging these registers in to the DSP Block since the DSP block registers only possess synchronous reset capability.  It is suggested to recode or change these registers to remove the reset or use a synchronous reset to get the best optimization for performance, power and area.
Related violations: <none>

DPIR-2#155 Warning
Asynchronous driver check  
DSP u_tpu_top/u_maxpool2d_unit/read_addr_w input pin u_tpu_top/u_maxpool2d_unit/read_addr_w/C[8] is connected to registers with an asynchronous reset. This is preventing the possibility of merging these registers in to the DSP Block since the DSP block registers only possess synchronous reset capability.  It is suggested to recode or change these registers to remove the reset or use a synchronous reset to get the best optimization for performance, power and area.
Related violations: <none>

DPIR-2#156 Warning
Asynchronous driver check  
DSP u_tpu_top/u_maxpool2d_unit/read_addr_w input pin u_tpu_top/u_maxpool2d_unit/read_addr_w/C[9] is connected to registers with an asynchronous reset. This is preventing the possibility of merging these registers in to the DSP Block since the DSP block registers only possess synchronous reset capability.  It is suggested to recode or change these registers to remove the reset or use a synchronous reset to get the best optimization for performance, power and area.
Related violations: <none>

DPIR-2#157 Warning
Asynchronous driver check  
DSP u_tpu_top/u_maxpool2d_unit/read_addr_w1 input pin u_tpu_top/u_maxpool2d_unit/read_addr_w1/A[0] is connected to registers with an asynchronous reset. This is preventing the possibility of merging these registers in to the DSP Block since the DSP block registers only possess synchronous reset capability.  It is suggested to recode or change these registers to remove the reset or use a synchronous reset to get the best optimization for performance, power and area.
Related violations: <none>

DPIR-2#158 Warning
Asynchronous driver check  
DSP u_tpu_top/u_maxpool2d_unit/read_addr_w1 input pin u_tpu_top/u_maxpool2d_unit/read_addr_w1/B[0] is connected to registers with an asynchronous reset. This is preventing the possibility of merging these registers in to the DSP Block since the DSP block registers only possess synchronous reset capability.  It is suggested to recode or change these registers to remove the reset or use a synchronous reset to get the best optimization for performance, power and area.
Related violations: <none>

DPIR-2#159 Warning
Asynchronous driver check  
DSP u_tpu_top/u_maxpool2d_unit/read_addr_w1 input pin u_tpu_top/u_maxpool2d_unit/read_addr_w1/B[1] is connected to registers with an asynchronous reset. This is preventing the possibility of merging these registers in to the DSP Block since the DSP block registers only possess synchronous reset capability.  It is suggested to recode or change these registers to remove the reset or use a synchronous reset to get the best optimization for performance, power and area.
Related violations: <none>

DPIR-2#160 Warning
Asynchronous driver check  
DSP u_tpu_top/u_maxpool2d_unit/read_addr_w1 input pin u_tpu_top/u_maxpool2d_unit/read_addr_w1/B[3] is connected to registers with an asynchronous reset. This is preventing the possibility of merging these registers in to the DSP Block since the DSP block registers only possess synchronous reset capability.  It is suggested to recode or change these registers to remove the reset or use a synchronous reset to get the best optimization for performance, power and area.
Related violations: <none>

DPIR-2#161 Warning
Asynchronous driver check  
DSP u_tpu_top/u_maxpool2d_unit/read_addr_w1 input pin u_tpu_top/u_maxpool2d_unit/read_addr_w1/B[4] is connected to registers with an asynchronous reset. This is preventing the possibility of merging these registers in to the DSP Block since the DSP block registers only possess synchronous reset capability.  It is suggested to recode or change these registers to remove the reset or use a synchronous reset to get the best optimization for performance, power and area.
Related violations: <none>

DPIR-2#162 Warning
Asynchronous driver check  
DSP u_tpu_top/u_maxpool2d_unit/read_addr_w1 input pin u_tpu_top/u_maxpool2d_unit/read_addr_w1/D[10] is connected to registers with an asynchronous reset. This is preventing the possibility of merging these registers in to the DSP Block since the DSP block registers only possess synchronous reset capability.  It is suggested to recode or change these registers to remove the reset or use a synchronous reset to get the best optimization for performance, power and area.
Related violations: <none>

DPIR-2#163 Warning
Asynchronous driver check  
DSP u_tpu_top/u_maxpool2d_unit/read_addr_w1 input pin u_tpu_top/u_maxpool2d_unit/read_addr_w1/D[11] is connected to registers with an asynchronous reset. This is preventing the possibility of merging these registers in to the DSP Block since the DSP block registers only possess synchronous reset capability.  It is suggested to recode or change these registers to remove the reset or use a synchronous reset to get the best optimization for performance, power and area.
Related violations: <none>

DPIR-2#164 Warning
Asynchronous driver check  
DSP u_tpu_top/u_maxpool2d_unit/read_addr_w1 input pin u_tpu_top/u_maxpool2d_unit/read_addr_w1/D[12] is connected to registers with an asynchronous reset. This is preventing the possibility of merging these registers in to the DSP Block since the DSP block registers only possess synchronous reset capability.  It is suggested to recode or change these registers to remove the reset or use a synchronous reset to get the best optimization for performance, power and area.
Related violations: <none>

DPIR-2#165 Warning
Asynchronous driver check  
DSP u_tpu_top/u_maxpool2d_unit/read_addr_w1 input pin u_tpu_top/u_maxpool2d_unit/read_addr_w1/D[13] is connected to registers with an asynchronous reset. This is preventing the possibility of merging these registers in to the DSP Block since the DSP block registers only possess synchronous reset capability.  It is suggested to recode or change these registers to remove the reset or use a synchronous reset to get the best optimization for performance, power and area.
Related violations: <none>

DPIR-2#166 Warning
Asynchronous driver check  
DSP u_tpu_top/u_maxpool2d_unit/read_addr_w1 input pin u_tpu_top/u_maxpool2d_unit/read_addr_w1/D[14] is connected to registers with an asynchronous reset. This is preventing the possibility of merging these registers in to the DSP Block since the DSP block registers only possess synchronous reset capability.  It is suggested to recode or change these registers to remove the reset or use a synchronous reset to get the best optimization for performance, power and area.
Related violations: <none>

DPIR-2#167 Warning
Asynchronous driver check  
DSP u_tpu_top/u_maxpool2d_unit/read_addr_w1 input pin u_tpu_top/u_maxpool2d_unit/read_addr_w1/D[15] is connected to registers with an asynchronous reset. This is preventing the possibility of merging these registers in to the DSP Block since the DSP block registers only possess synchronous reset capability.  It is suggested to recode or change these registers to remove the reset or use a synchronous reset to get the best optimization for performance, power and area.
Related violations: <none>

DPIR-2#168 Warning
Asynchronous driver check  
DSP u_tpu_top/u_maxpool2d_unit/read_addr_w1 input pin u_tpu_top/u_maxpool2d_unit/read_addr_w1/D[16] is connected to registers with an asynchronous reset. This is preventing the possibility of merging these registers in to the DSP Block since the DSP block registers only possess synchronous reset capability.  It is suggested to recode or change these registers to remove the reset or use a synchronous reset to get the best optimization for performance, power and area.
Related violations: <none>

DPIR-2#169 Warning
Asynchronous driver check  
DSP u_tpu_top/u_maxpool2d_unit/read_addr_w1 input pin u_tpu_top/u_maxpool2d_unit/read_addr_w1/D[1] is connected to registers with an asynchronous reset. This is preventing the possibility of merging these registers in to the DSP Block since the DSP block registers only possess synchronous reset capability.  It is suggested to recode or change these registers to remove the reset or use a synchronous reset to get the best optimization for performance, power and area.
Related violations: <none>

DPIR-2#170 Warning
Asynchronous driver check  
DSP u_tpu_top/u_maxpool2d_unit/read_addr_w1 input pin u_tpu_top/u_maxpool2d_unit/read_addr_w1/D[2] is connected to registers with an asynchronous reset. This is preventing the possibility of merging these registers in to the DSP Block since the DSP block registers only possess synchronous reset capability.  It is suggested to recode or change these registers to remove the reset or use a synchronous reset to get the best optimization for performance, power and area.
Related violations: <none>

DPIR-2#171 Warning
Asynchronous driver check  
DSP u_tpu_top/u_maxpool2d_unit/read_addr_w1 input pin u_tpu_top/u_maxpool2d_unit/read_addr_w1/D[3] is connected to registers with an asynchronous reset. This is preventing the possibility of merging these registers in to the DSP Block since the DSP block registers only possess synchronous reset capability.  It is suggested to recode or change these registers to remove the reset or use a synchronous reset to get the best optimization for performance, power and area.
Related violations: <none>

DPIR-2#172 Warning
Asynchronous driver check  
DSP u_tpu_top/u_maxpool2d_unit/read_addr_w1 input pin u_tpu_top/u_maxpool2d_unit/read_addr_w1/D[4] is connected to registers with an asynchronous reset. This is preventing the possibility of merging these registers in to the DSP Block since the DSP block registers only possess synchronous reset capability.  It is suggested to recode or change these registers to remove the reset or use a synchronous reset to get the best optimization for performance, power and area.
Related violations: <none>

DPIR-2#173 Warning
Asynchronous driver check  
DSP u_tpu_top/u_maxpool2d_unit/read_addr_w1 input pin u_tpu_top/u_maxpool2d_unit/read_addr_w1/D[5] is connected to registers with an asynchronous reset. This is preventing the possibility of merging these registers in to the DSP Block since the DSP block registers only possess synchronous reset capability.  It is suggested to recode or change these registers to remove the reset or use a synchronous reset to get the best optimization for performance, power and area.
Related violations: <none>

DPIR-2#174 Warning
Asynchronous driver check  
DSP u_tpu_top/u_maxpool2d_unit/read_addr_w1 input pin u_tpu_top/u_maxpool2d_unit/read_addr_w1/D[6] is connected to registers with an asynchronous reset. This is preventing the possibility of merging these registers in to the DSP Block since the DSP block registers only possess synchronous reset capability.  It is suggested to recode or change these registers to remove the reset or use a synchronous reset to get the best optimization for performance, power and area.
Related violations: <none>

DPIR-2#175 Warning
Asynchronous driver check  
DSP u_tpu_top/u_maxpool2d_unit/read_addr_w1 input pin u_tpu_top/u_maxpool2d_unit/read_addr_w1/D[7] is connected to registers with an asynchronous reset. This is preventing the possibility of merging these registers in to the DSP Block since the DSP block registers only possess synchronous reset capability.  It is suggested to recode or change these registers to remove the reset or use a synchronous reset to get the best optimization for performance, power and area.
Related violations: <none>

DPIR-2#176 Warning
Asynchronous driver check  
DSP u_tpu_top/u_maxpool2d_unit/read_addr_w1 input pin u_tpu_top/u_maxpool2d_unit/read_addr_w1/D[8] is connected to registers with an asynchronous reset. This is preventing the possibility of merging these registers in to the DSP Block since the DSP block registers only possess synchronous reset capability.  It is suggested to recode or change these registers to remove the reset or use a synchronous reset to get the best optimization for performance, power and area.
Related violations: <none>

DPIR-2#177 Warning
Asynchronous driver check  
DSP u_tpu_top/u_maxpool2d_unit/read_addr_w1 input pin u_tpu_top/u_maxpool2d_unit/read_addr_w1/D[9] is connected to registers with an asynchronous reset. This is preventing the possibility of merging these registers in to the DSP Block since the DSP block registers only possess synchronous reset capability.  It is suggested to recode or change these registers to remove the reset or use a synchronous reset to get the best optimization for performance, power and area.
Related violations: <none>

DPIR-2#178 Warning
Asynchronous driver check  
DSP u_tpu_top/u_maxpool2d_unit/read_addr_w2 input pin u_tpu_top/u_maxpool2d_unit/read_addr_w2/B[0] is connected to registers with an asynchronous reset. This is preventing the possibility of merging these registers in to the DSP Block since the DSP block registers only possess synchronous reset capability.  It is suggested to recode or change these registers to remove the reset or use a synchronous reset to get the best optimization for performance, power and area.
Related violations: <none>

DPIR-2#179 Warning
Asynchronous driver check  
DSP u_tpu_top/u_maxpool2d_unit/read_addr_w2 input pin u_tpu_top/u_maxpool2d_unit/read_addr_w2/B[10] is connected to registers with an asynchronous reset. This is preventing the possibility of merging these registers in to the DSP Block since the DSP block registers only possess synchronous reset capability.  It is suggested to recode or change these registers to remove the reset or use a synchronous reset to get the best optimization for performance, power and area.
Related violations: <none>

DPIR-2#180 Warning
Asynchronous driver check  
DSP u_tpu_top/u_maxpool2d_unit/read_addr_w2 input pin u_tpu_top/u_maxpool2d_unit/read_addr_w2/B[11] is connected to registers with an asynchronous reset. This is preventing the possibility of merging these registers in to the DSP Block since the DSP block registers only possess synchronous reset capability.  It is suggested to recode or change these registers to remove the reset or use a synchronous reset to get the best optimization for performance, power and area.
Related violations: <none>

DPIR-2#181 Warning
Asynchronous driver check  
DSP u_tpu_top/u_maxpool2d_unit/read_addr_w2 input pin u_tpu_top/u_maxpool2d_unit/read_addr_w2/B[12] is connected to registers with an asynchronous reset. This is preventing the possibility of merging these registers in to the DSP Block since the DSP block registers only possess synchronous reset capability.  It is suggested to recode or change these registers to remove the reset or use a synchronous reset to get the best optimization for performance, power and area.
Related violations: <none>

DPIR-2#182 Warning
Asynchronous driver check  
DSP u_tpu_top/u_maxpool2d_unit/read_addr_w2 input pin u_tpu_top/u_maxpool2d_unit/read_addr_w2/B[13] is connected to registers with an asynchronous reset. This is preventing the possibility of merging these registers in to the DSP Block since the DSP block registers only possess synchronous reset capability.  It is suggested to recode or change these registers to remove the reset or use a synchronous reset to get the best optimization for performance, power and area.
Related violations: <none>

DPIR-2#183 Warning
Asynchronous driver check  
DSP u_tpu_top/u_maxpool2d_unit/read_addr_w2 input pin u_tpu_top/u_maxpool2d_unit/read_addr_w2/B[14] is connected to registers with an asynchronous reset. This is preventing the possibility of merging these registers in to the DSP Block since the DSP block registers only possess synchronous reset capability.  It is suggested to recode or change these registers to remove the reset or use a synchronous reset to get the best optimization for performance, power and area.
Related violations: <none>

DPIR-2#184 Warning
Asynchronous driver check  
DSP u_tpu_top/u_maxpool2d_unit/read_addr_w2 input pin u_tpu_top/u_maxpool2d_unit/read_addr_w2/B[15] is connected to registers with an asynchronous reset. This is preventing the possibility of merging these registers in to the DSP Block since the DSP block registers only possess synchronous reset capability.  It is suggested to recode or change these registers to remove the reset or use a synchronous reset to get the best optimization for performance, power and area.
Related violations: <none>

DPIR-2#185 Warning
Asynchronous driver check  
DSP u_tpu_top/u_maxpool2d_unit/read_addr_w2 input pin u_tpu_top/u_maxpool2d_unit/read_addr_w2/B[1] is connected to registers with an asynchronous reset. This is preventing the possibility of merging these registers in to the DSP Block since the DSP block registers only possess synchronous reset capability.  It is suggested to recode or change these registers to remove the reset or use a synchronous reset to get the best optimization for performance, power and area.
Related violations: <none>

DPIR-2#186 Warning
Asynchronous driver check  
DSP u_tpu_top/u_maxpool2d_unit/read_addr_w2 input pin u_tpu_top/u_maxpool2d_unit/read_addr_w2/B[2] is connected to registers with an asynchronous reset. This is preventing the possibility of merging these registers in to the DSP Block since the DSP block registers only possess synchronous reset capability.  It is suggested to recode or change these registers to remove the reset or use a synchronous reset to get the best optimization for performance, power and area.
Related violations: <none>

DPIR-2#187 Warning
Asynchronous driver check  
DSP u_tpu_top/u_maxpool2d_unit/read_addr_w2 input pin u_tpu_top/u_maxpool2d_unit/read_addr_w2/B[3] is connected to registers with an asynchronous reset. This is preventing the possibility of merging these registers in to the DSP Block since the DSP block registers only possess synchronous reset capability.  It is suggested to recode or change these registers to remove the reset or use a synchronous reset to get the best optimization for performance, power and area.
Related violations: <none>

DPIR-2#188 Warning
Asynchronous driver check  
DSP u_tpu_top/u_maxpool2d_unit/read_addr_w2 input pin u_tpu_top/u_maxpool2d_unit/read_addr_w2/B[4] is connected to registers with an asynchronous reset. This is preventing the possibility of merging these registers in to the DSP Block since the DSP block registers only possess synchronous reset capability.  It is suggested to recode or change these registers to remove the reset or use a synchronous reset to get the best optimization for performance, power and area.
Related violations: <none>

DPIR-2#189 Warning
Asynchronous driver check  
DSP u_tpu_top/u_maxpool2d_unit/read_addr_w2 input pin u_tpu_top/u_maxpool2d_unit/read_addr_w2/B[5] is connected to registers with an asynchronous reset. This is preventing the possibility of merging these registers in to the DSP Block since the DSP block registers only possess synchronous reset capability.  It is suggested to recode or change these registers to remove the reset or use a synchronous reset to get the best optimization for performance, power and area.
Related violations: <none>

DPIR-2#190 Warning
Asynchronous driver check  
DSP u_tpu_top/u_maxpool2d_unit/read_addr_w2 input pin u_tpu_top/u_maxpool2d_unit/read_addr_w2/B[6] is connected to registers with an asynchronous reset. This is preventing the possibility of merging these registers in to the DSP Block since the DSP block registers only possess synchronous reset capability.  It is suggested to recode or change these registers to remove the reset or use a synchronous reset to get the best optimization for performance, power and area.
Related violations: <none>

DPIR-2#191 Warning
Asynchronous driver check  
DSP u_tpu_top/u_maxpool2d_unit/read_addr_w2 input pin u_tpu_top/u_maxpool2d_unit/read_addr_w2/B[7] is connected to registers with an asynchronous reset. This is preventing the possibility of merging these registers in to the DSP Block since the DSP block registers only possess synchronous reset capability.  It is suggested to recode or change these registers to remove the reset or use a synchronous reset to get the best optimization for performance, power and area.
Related violations: <none>

DPIR-2#192 Warning
Asynchronous driver check  
DSP u_tpu_top/u_maxpool2d_unit/read_addr_w2 input pin u_tpu_top/u_maxpool2d_unit/read_addr_w2/B[8] is connected to registers with an asynchronous reset. This is preventing the possibility of merging these registers in to the DSP Block since the DSP block registers only possess synchronous reset capability.  It is suggested to recode or change these registers to remove the reset or use a synchronous reset to get the best optimization for performance, power and area.
Related violations: <none>

DPIR-2#193 Warning
Asynchronous driver check  
DSP u_tpu_top/u_maxpool2d_unit/read_addr_w2 input pin u_tpu_top/u_maxpool2d_unit/read_addr_w2/B[9] is connected to registers with an asynchronous reset. This is preventing the possibility of merging these registers in to the DSP Block since the DSP block registers only possess synchronous reset capability.  It is suggested to recode or change these registers to remove the reset or use a synchronous reset to get the best optimization for performance, power and area.
Related violations: <none>

DPIR-2#194 Warning
Asynchronous driver check  
DSP u_tpu_top/u_maxpool2d_unit/read_addr_w2__0 input pin u_tpu_top/u_maxpool2d_unit/read_addr_w2__0/A[0] is connected to registers with an asynchronous reset. This is preventing the possibility of merging these registers in to the DSP Block since the DSP block registers only possess synchronous reset capability.  It is suggested to recode or change these registers to remove the reset or use a synchronous reset to get the best optimization for performance, power and area.
Related violations: <none>

DPIR-2#195 Warning
Asynchronous driver check  
DSP u_tpu_top/u_maxpool2d_unit/read_addr_w2__0 input pin u_tpu_top/u_maxpool2d_unit/read_addr_w2__0/A[10] is connected to registers with an asynchronous reset. This is preventing the possibility of merging these registers in to the DSP Block since the DSP block registers only possess synchronous reset capability.  It is suggested to recode or change these registers to remove the reset or use a synchronous reset to get the best optimization for performance, power and area.
Related violations: <none>

DPIR-2#196 Warning
Asynchronous driver check  
DSP u_tpu_top/u_maxpool2d_unit/read_addr_w2__0 input pin u_tpu_top/u_maxpool2d_unit/read_addr_w2__0/A[11] is connected to registers with an asynchronous reset. This is preventing the possibility of merging these registers in to the DSP Block since the DSP block registers only possess synchronous reset capability.  It is suggested to recode or change these registers to remove the reset or use a synchronous reset to get the best optimization for performance, power and area.
Related violations: <none>

DPIR-2#197 Warning
Asynchronous driver check  
DSP u_tpu_top/u_maxpool2d_unit/read_addr_w2__0 input pin u_tpu_top/u_maxpool2d_unit/read_addr_w2__0/A[12] is connected to registers with an asynchronous reset. This is preventing the possibility of merging these registers in to the DSP Block since the DSP block registers only possess synchronous reset capability.  It is suggested to recode or change these registers to remove the reset or use a synchronous reset to get the best optimization for performance, power and area.
Related violations: <none>

DPIR-2#198 Warning
Asynchronous driver check  
DSP u_tpu_top/u_maxpool2d_unit/read_addr_w2__0 input pin u_tpu_top/u_maxpool2d_unit/read_addr_w2__0/A[13] is connected to registers with an asynchronous reset. This is preventing the possibility of merging these registers in to the DSP Block since the DSP block registers only possess synchronous reset capability.  It is suggested to recode or change these registers to remove the reset or use a synchronous reset to get the best optimization for performance, power and area.
Related violations: <none>

DPIR-2#199 Warning
Asynchronous driver check  
DSP u_tpu_top/u_maxpool2d_unit/read_addr_w2__0 input pin u_tpu_top/u_maxpool2d_unit/read_addr_w2__0/A[14] is connected to registers with an asynchronous reset. This is preventing the possibility of merging these registers in to the DSP Block since the DSP block registers only possess synchronous reset capability.  It is suggested to recode or change these registers to remove the reset or use a synchronous reset to get the best optimization for performance, power and area.
Related violations: <none>

DPIR-2#200 Warning
Asynchronous driver check  
DSP u_tpu_top/u_maxpool2d_unit/read_addr_w2__0 input pin u_tpu_top/u_maxpool2d_unit/read_addr_w2__0/A[15] is connected to registers with an asynchronous reset. This is preventing the possibility of merging these registers in to the DSP Block since the DSP block registers only possess synchronous reset capability.  It is suggested to recode or change these registers to remove the reset or use a synchronous reset to get the best optimization for performance, power and area.
Related violations: <none>

DPIR-2#201 Warning
Asynchronous driver check  
DSP u_tpu_top/u_maxpool2d_unit/read_addr_w2__0 input pin u_tpu_top/u_maxpool2d_unit/read_addr_w2__0/A[1] is connected to registers with an asynchronous reset. This is preventing the possibility of merging these registers in to the DSP Block since the DSP block registers only possess synchronous reset capability.  It is suggested to recode or change these registers to remove the reset or use a synchronous reset to get the best optimization for performance, power and area.
Related violations: <none>

DPIR-2#202 Warning
Asynchronous driver check  
DSP u_tpu_top/u_maxpool2d_unit/read_addr_w2__0 input pin u_tpu_top/u_maxpool2d_unit/read_addr_w2__0/A[2] is connected to registers with an asynchronous reset. This is preventing the possibility of merging these registers in to the DSP Block since the DSP block registers only possess synchronous reset capability.  It is suggested to recode or change these registers to remove the reset or use a synchronous reset to get the best optimization for performance, power and area.
Related violations: <none>

DPIR-2#203 Warning
Asynchronous driver check  
DSP u_tpu_top/u_maxpool2d_unit/read_addr_w2__0 input pin u_tpu_top/u_maxpool2d_unit/read_addr_w2__0/A[3] is connected to registers with an asynchronous reset. This is preventing the possibility of merging these registers in to the DSP Block since the DSP block registers only possess synchronous reset capability.  It is suggested to recode or change these registers to remove the reset or use a synchronous reset to get the best optimization for performance, power and area.
Related violations: <none>

DPIR-2#204 Warning
Asynchronous driver check  
DSP u_tpu_top/u_maxpool2d_unit/read_addr_w2__0 input pin u_tpu_top/u_maxpool2d_unit/read_addr_w2__0/A[4] is connected to registers with an asynchronous reset. This is preventing the possibility of merging these registers in to the DSP Block since the DSP block registers only possess synchronous reset capability.  It is suggested to recode or change these registers to remove the reset or use a synchronous reset to get the best optimization for performance, power and area.
Related violations: <none>

DPIR-2#205 Warning
Asynchronous driver check  
DSP u_tpu_top/u_maxpool2d_unit/read_addr_w2__0 input pin u_tpu_top/u_maxpool2d_unit/read_addr_w2__0/A[5] is connected to registers with an asynchronous reset. This is preventing the possibility of merging these registers in to the DSP Block since the DSP block registers only possess synchronous reset capability.  It is suggested to recode or change these registers to remove the reset or use a synchronous reset to get the best optimization for performance, power and area.
Related violations: <none>

DPIR-2#206 Warning
Asynchronous driver check  
DSP u_tpu_top/u_maxpool2d_unit/read_addr_w2__0 input pin u_tpu_top/u_maxpool2d_unit/read_addr_w2__0/A[6] is connected to registers with an asynchronous reset. This is preventing the possibility of merging these registers in to the DSP Block since the DSP block registers only possess synchronous reset capability.  It is suggested to recode or change these registers to remove the reset or use a synchronous reset to get the best optimization for performance, power and area.
Related violations: <none>

DPIR-2#207 Warning
Asynchronous driver check  
DSP u_tpu_top/u_maxpool2d_unit/read_addr_w2__0 input pin u_tpu_top/u_maxpool2d_unit/read_addr_w2__0/A[7] is connected to registers with an asynchronous reset. This is preventing the possibility of merging these registers in to the DSP Block since the DSP block registers only possess synchronous reset capability.  It is suggested to recode or change these registers to remove the reset or use a synchronous reset to get the best optimization for performance, power and area.
Related violations: <none>

DPIR-2#208 Warning
Asynchronous driver check  
DSP u_tpu_top/u_maxpool2d_unit/read_addr_w2__0 input pin u_tpu_top/u_maxpool2d_unit/read_addr_w2__0/A[8] is connected to registers with an asynchronous reset. This is preventing the possibility of merging these registers in to the DSP Block since the DSP block registers only possess synchronous reset capability.  It is suggested to recode or change these registers to remove the reset or use a synchronous reset to get the best optimization for performance, power and area.
Related violations: <none>

DPIR-2#209 Warning
Asynchronous driver check  
DSP u_tpu_top/u_maxpool2d_unit/read_addr_w2__0 input pin u_tpu_top/u_maxpool2d_unit/read_addr_w2__0/A[9] is connected to registers with an asynchronous reset. This is preventing the possibility of merging these registers in to the DSP Block since the DSP block registers only possess synchronous reset capability.  It is suggested to recode or change these registers to remove the reset or use a synchronous reset to get the best optimization for performance, power and area.
Related violations: <none>

DPIR-2#210 Warning
Asynchronous driver check  
DSP u_tpu_top/u_maxpool2d_unit/read_addr_w__0 input pin u_tpu_top/u_maxpool2d_unit/read_addr_w__0/B[0] is connected to registers with an asynchronous reset. This is preventing the possibility of merging these registers in to the DSP Block since the DSP block registers only possess synchronous reset capability.  It is suggested to recode or change these registers to remove the reset or use a synchronous reset to get the best optimization for performance, power and area.
Related violations: <none>

DPIR-2#211 Warning
Asynchronous driver check  
DSP u_tpu_top/u_maxpool2d_unit/write_addr_w1 input pin u_tpu_top/u_maxpool2d_unit/write_addr_w1/A[0] is connected to registers with an asynchronous reset. This is preventing the possibility of merging these registers in to the DSP Block since the DSP block registers only possess synchronous reset capability.  It is suggested to recode or change these registers to remove the reset or use a synchronous reset to get the best optimization for performance, power and area.
Related violations: <none>

DPIR-2#212 Warning
Asynchronous driver check  
DSP u_tpu_top/u_maxpool2d_unit/write_addr_w1 input pin u_tpu_top/u_maxpool2d_unit/write_addr_w1/A[10] is connected to registers with an asynchronous reset. This is preventing the possibility of merging these registers in to the DSP Block since the DSP block registers only possess synchronous reset capability.  It is suggested to recode or change these registers to remove the reset or use a synchronous reset to get the best optimization for performance, power and area.
Related violations: <none>

DPIR-2#213 Warning
Asynchronous driver check  
DSP u_tpu_top/u_maxpool2d_unit/write_addr_w1 input pin u_tpu_top/u_maxpool2d_unit/write_addr_w1/A[11] is connected to registers with an asynchronous reset. This is preventing the possibility of merging these registers in to the DSP Block since the DSP block registers only possess synchronous reset capability.  It is suggested to recode or change these registers to remove the reset or use a synchronous reset to get the best optimization for performance, power and area.
Related violations: <none>

DPIR-2#214 Warning
Asynchronous driver check  
DSP u_tpu_top/u_maxpool2d_unit/write_addr_w1 input pin u_tpu_top/u_maxpool2d_unit/write_addr_w1/A[12] is connected to registers with an asynchronous reset. This is preventing the possibility of merging these registers in to the DSP Block since the DSP block registers only possess synchronous reset capability.  It is suggested to recode or change these registers to remove the reset or use a synchronous reset to get the best optimization for performance, power and area.
Related violations: <none>

DPIR-2#215 Warning
Asynchronous driver check  
DSP u_tpu_top/u_maxpool2d_unit/write_addr_w1 input pin u_tpu_top/u_maxpool2d_unit/write_addr_w1/A[13] is connected to registers with an asynchronous reset. This is preventing the possibility of merging these registers in to the DSP Block since the DSP block registers only possess synchronous reset capability.  It is suggested to recode or change these registers to remove the reset or use a synchronous reset to get the best optimization for performance, power and area.
Related violations: <none>

DPIR-2#216 Warning
Asynchronous driver check  
DSP u_tpu_top/u_maxpool2d_unit/write_addr_w1 input pin u_tpu_top/u_maxpool2d_unit/write_addr_w1/A[14] is connected to registers with an asynchronous reset. This is preventing the possibility of merging these registers in to the DSP Block since the DSP block registers only possess synchronous reset capability.  It is suggested to recode or change these registers to remove the reset or use a synchronous reset to get the best optimization for performance, power and area.
Related violations: <none>

DPIR-2#217 Warning
Asynchronous driver check  
DSP u_tpu_top/u_maxpool2d_unit/write_addr_w1 input pin u_tpu_top/u_maxpool2d_unit/write_addr_w1/A[15] is connected to registers with an asynchronous reset. This is preventing the possibility of merging these registers in to the DSP Block since the DSP block registers only possess synchronous reset capability.  It is suggested to recode or change these registers to remove the reset or use a synchronous reset to get the best optimization for performance, power and area.
Related violations: <none>

DPIR-2#218 Warning
Asynchronous driver check  
DSP u_tpu_top/u_maxpool2d_unit/write_addr_w1 input pin u_tpu_top/u_maxpool2d_unit/write_addr_w1/A[1] is connected to registers with an asynchronous reset. This is preventing the possibility of merging these registers in to the DSP Block since the DSP block registers only possess synchronous reset capability.  It is suggested to recode or change these registers to remove the reset or use a synchronous reset to get the best optimization for performance, power and area.
Related violations: <none>

DPIR-2#219 Warning
Asynchronous driver check  
DSP u_tpu_top/u_maxpool2d_unit/write_addr_w1 input pin u_tpu_top/u_maxpool2d_unit/write_addr_w1/A[2] is connected to registers with an asynchronous reset. This is preventing the possibility of merging these registers in to the DSP Block since the DSP block registers only possess synchronous reset capability.  It is suggested to recode or change these registers to remove the reset or use a synchronous reset to get the best optimization for performance, power and area.
Related violations: <none>

DPIR-2#220 Warning
Asynchronous driver check  
DSP u_tpu_top/u_maxpool2d_unit/write_addr_w1 input pin u_tpu_top/u_maxpool2d_unit/write_addr_w1/A[3] is connected to registers with an asynchronous reset. This is preventing the possibility of merging these registers in to the DSP Block since the DSP block registers only possess synchronous reset capability.  It is suggested to recode or change these registers to remove the reset or use a synchronous reset to get the best optimization for performance, power and area.
Related violations: <none>

DPIR-2#221 Warning
Asynchronous driver check  
DSP u_tpu_top/u_maxpool2d_unit/write_addr_w1 input pin u_tpu_top/u_maxpool2d_unit/write_addr_w1/A[4] is connected to registers with an asynchronous reset. This is preventing the possibility of merging these registers in to the DSP Block since the DSP block registers only possess synchronous reset capability.  It is suggested to recode or change these registers to remove the reset or use a synchronous reset to get the best optimization for performance, power and area.
Related violations: <none>

DPIR-2#222 Warning
Asynchronous driver check  
DSP u_tpu_top/u_maxpool2d_unit/write_addr_w1 input pin u_tpu_top/u_maxpool2d_unit/write_addr_w1/A[5] is connected to registers with an asynchronous reset. This is preventing the possibility of merging these registers in to the DSP Block since the DSP block registers only possess synchronous reset capability.  It is suggested to recode or change these registers to remove the reset or use a synchronous reset to get the best optimization for performance, power and area.
Related violations: <none>

DPIR-2#223 Warning
Asynchronous driver check  
DSP u_tpu_top/u_maxpool2d_unit/write_addr_w1 input pin u_tpu_top/u_maxpool2d_unit/write_addr_w1/A[6] is connected to registers with an asynchronous reset. This is preventing the possibility of merging these registers in to the DSP Block since the DSP block registers only possess synchronous reset capability.  It is suggested to recode or change these registers to remove the reset or use a synchronous reset to get the best optimization for performance, power and area.
Related violations: <none>

DPIR-2#224 Warning
Asynchronous driver check  
DSP u_tpu_top/u_maxpool2d_unit/write_addr_w1 input pin u_tpu_top/u_maxpool2d_unit/write_addr_w1/A[7] is connected to registers with an asynchronous reset. This is preventing the possibility of merging these registers in to the DSP Block since the DSP block registers only possess synchronous reset capability.  It is suggested to recode or change these registers to remove the reset or use a synchronous reset to get the best optimization for performance, power and area.
Related violations: <none>

DPIR-2#225 Warning
Asynchronous driver check  
DSP u_tpu_top/u_maxpool2d_unit/write_addr_w1 input pin u_tpu_top/u_maxpool2d_unit/write_addr_w1/A[8] is connected to registers with an asynchronous reset. This is preventing the possibility of merging these registers in to the DSP Block since the DSP block registers only possess synchronous reset capability.  It is suggested to recode or change these registers to remove the reset or use a synchronous reset to get the best optimization for performance, power and area.
Related violations: <none>

DPIR-2#226 Warning
Asynchronous driver check  
DSP u_tpu_top/u_maxpool2d_unit/write_addr_w1 input pin u_tpu_top/u_maxpool2d_unit/write_addr_w1/A[9] is connected to registers with an asynchronous reset. This is preventing the possibility of merging these registers in to the DSP Block since the DSP block registers only possess synchronous reset capability.  It is suggested to recode or change these registers to remove the reset or use a synchronous reset to get the best optimization for performance, power and area.
Related violations: <none>

DPIR-2#227 Warning
Asynchronous driver check  
DSP u_tpu_top/u_maxpool2d_unit/write_addr_w1 input pin u_tpu_top/u_maxpool2d_unit/write_addr_w1/B[0] is connected to registers with an asynchronous reset. This is preventing the possibility of merging these registers in to the DSP Block since the DSP block registers only possess synchronous reset capability.  It is suggested to recode or change these registers to remove the reset or use a synchronous reset to get the best optimization for performance, power and area.
Related violations: <none>

DPIR-2#228 Warning
Asynchronous driver check  
DSP u_tpu_top/u_maxpool2d_unit/write_addr_w1 input pin u_tpu_top/u_maxpool2d_unit/write_addr_w1/B[2] is connected to registers with an asynchronous reset. This is preventing the possibility of merging these registers in to the DSP Block since the DSP block registers only possess synchronous reset capability.  It is suggested to recode or change these registers to remove the reset or use a synchronous reset to get the best optimization for performance, power and area.
Related violations: <none>

DPIR-2#229 Warning
Asynchronous driver check  
DSP u_tpu_top/u_maxpool2d_unit/write_addr_w1 input pin u_tpu_top/u_maxpool2d_unit/write_addr_w1/B[3] is connected to registers with an asynchronous reset. This is preventing the possibility of merging these registers in to the DSP Block since the DSP block registers only possess synchronous reset capability.  It is suggested to recode or change these registers to remove the reset or use a synchronous reset to get the best optimization for performance, power and area.
Related violations: <none>

DPIR-2#230 Warning
Asynchronous driver check  
DSP u_tpu_top/u_maxpool2d_unit/write_addr_w1 input pin u_tpu_top/u_maxpool2d_unit/write_addr_w1/C[0] is connected to registers with an asynchronous reset. This is preventing the possibility of merging these registers in to the DSP Block since the DSP block registers only possess synchronous reset capability.  It is suggested to recode or change these registers to remove the reset or use a synchronous reset to get the best optimization for performance, power and area.
Related violations: <none>

DPIR-2#231 Warning
Asynchronous driver check  
DSP u_tpu_top/u_maxpool2d_unit/write_addr_w1 input pin u_tpu_top/u_maxpool2d_unit/write_addr_w1/C[10] is connected to registers with an asynchronous reset. This is preventing the possibility of merging these registers in to the DSP Block since the DSP block registers only possess synchronous reset capability.  It is suggested to recode or change these registers to remove the reset or use a synchronous reset to get the best optimization for performance, power and area.
Related violations: <none>

DPIR-2#232 Warning
Asynchronous driver check  
DSP u_tpu_top/u_maxpool2d_unit/write_addr_w1 input pin u_tpu_top/u_maxpool2d_unit/write_addr_w1/C[11] is connected to registers with an asynchronous reset. This is preventing the possibility of merging these registers in to the DSP Block since the DSP block registers only possess synchronous reset capability.  It is suggested to recode or change these registers to remove the reset or use a synchronous reset to get the best optimization for performance, power and area.
Related violations: <none>

DPIR-2#233 Warning
Asynchronous driver check  
DSP u_tpu_top/u_maxpool2d_unit/write_addr_w1 input pin u_tpu_top/u_maxpool2d_unit/write_addr_w1/C[12] is connected to registers with an asynchronous reset. This is preventing the possibility of merging these registers in to the DSP Block since the DSP block registers only possess synchronous reset capability.  It is suggested to recode or change these registers to remove the reset or use a synchronous reset to get the best optimization for performance, power and area.
Related violations: <none>

DPIR-2#234 Warning
Asynchronous driver check  
DSP u_tpu_top/u_maxpool2d_unit/write_addr_w1 input pin u_tpu_top/u_maxpool2d_unit/write_addr_w1/C[13] is connected to registers with an asynchronous reset. This is preventing the possibility of merging these registers in to the DSP Block since the DSP block registers only possess synchronous reset capability.  It is suggested to recode or change these registers to remove the reset or use a synchronous reset to get the best optimization for performance, power and area.
Related violations: <none>

DPIR-2#235 Warning
Asynchronous driver check  
DSP u_tpu_top/u_maxpool2d_unit/write_addr_w1 input pin u_tpu_top/u_maxpool2d_unit/write_addr_w1/C[14] is connected to registers with an asynchronous reset. This is preventing the possibility of merging these registers in to the DSP Block since the DSP block registers only possess synchronous reset capability.  It is suggested to recode or change these registers to remove the reset or use a synchronous reset to get the best optimization for performance, power and area.
Related violations: <none>

DPIR-2#236 Warning
Asynchronous driver check  
DSP u_tpu_top/u_maxpool2d_unit/write_addr_w1 input pin u_tpu_top/u_maxpool2d_unit/write_addr_w1/C[15] is connected to registers with an asynchronous reset. This is preventing the possibility of merging these registers in to the DSP Block since the DSP block registers only possess synchronous reset capability.  It is suggested to recode or change these registers to remove the reset or use a synchronous reset to get the best optimization for performance, power and area.
Related violations: <none>

DPIR-2#237 Warning
Asynchronous driver check  
DSP u_tpu_top/u_maxpool2d_unit/write_addr_w1 input pin u_tpu_top/u_maxpool2d_unit/write_addr_w1/C[1] is connected to registers with an asynchronous reset. This is preventing the possibility of merging these registers in to the DSP Block since the DSP block registers only possess synchronous reset capability.  It is suggested to recode or change these registers to remove the reset or use a synchronous reset to get the best optimization for performance, power and area.
Related violations: <none>

DPIR-2#238 Warning
Asynchronous driver check  
DSP u_tpu_top/u_maxpool2d_unit/write_addr_w1 input pin u_tpu_top/u_maxpool2d_unit/write_addr_w1/C[2] is connected to registers with an asynchronous reset. This is preventing the possibility of merging these registers in to the DSP Block since the DSP block registers only possess synchronous reset capability.  It is suggested to recode or change these registers to remove the reset or use a synchronous reset to get the best optimization for performance, power and area.
Related violations: <none>

DPIR-2#239 Warning
Asynchronous driver check  
DSP u_tpu_top/u_maxpool2d_unit/write_addr_w1 input pin u_tpu_top/u_maxpool2d_unit/write_addr_w1/C[3] is connected to registers with an asynchronous reset. This is preventing the possibility of merging these registers in to the DSP Block since the DSP block registers only possess synchronous reset capability.  It is suggested to recode or change these registers to remove the reset or use a synchronous reset to get the best optimization for performance, power and area.
Related violations: <none>

DPIR-2#240 Warning
Asynchronous driver check  
DSP u_tpu_top/u_maxpool2d_unit/write_addr_w1 input pin u_tpu_top/u_maxpool2d_unit/write_addr_w1/C[4] is connected to registers with an asynchronous reset. This is preventing the possibility of merging these registers in to the DSP Block since the DSP block registers only possess synchronous reset capability.  It is suggested to recode or change these registers to remove the reset or use a synchronous reset to get the best optimization for performance, power and area.
Related violations: <none>

DPIR-2#241 Warning
Asynchronous driver check  
DSP u_tpu_top/u_maxpool2d_unit/write_addr_w1 input pin u_tpu_top/u_maxpool2d_unit/write_addr_w1/C[5] is connected to registers with an asynchronous reset. This is preventing the possibility of merging these registers in to the DSP Block since the DSP block registers only possess synchronous reset capability.  It is suggested to recode or change these registers to remove the reset or use a synchronous reset to get the best optimization for performance, power and area.
Related violations: <none>

DPIR-2#242 Warning
Asynchronous driver check  
DSP u_tpu_top/u_maxpool2d_unit/write_addr_w1 input pin u_tpu_top/u_maxpool2d_unit/write_addr_w1/C[6] is connected to registers with an asynchronous reset. This is preventing the possibility of merging these registers in to the DSP Block since the DSP block registers only possess synchronous reset capability.  It is suggested to recode or change these registers to remove the reset or use a synchronous reset to get the best optimization for performance, power and area.
Related violations: <none>

DPIR-2#243 Warning
Asynchronous driver check  
DSP u_tpu_top/u_maxpool2d_unit/write_addr_w1 input pin u_tpu_top/u_maxpool2d_unit/write_addr_w1/C[7] is connected to registers with an asynchronous reset. This is preventing the possibility of merging these registers in to the DSP Block since the DSP block registers only possess synchronous reset capability.  It is suggested to recode or change these registers to remove the reset or use a synchronous reset to get the best optimization for performance, power and area.
Related violations: <none>

DPIR-2#244 Warning
Asynchronous driver check  
DSP u_tpu_top/u_maxpool2d_unit/write_addr_w1 input pin u_tpu_top/u_maxpool2d_unit/write_addr_w1/C[8] is connected to registers with an asynchronous reset. This is preventing the possibility of merging these registers in to the DSP Block since the DSP block registers only possess synchronous reset capability.  It is suggested to recode or change these registers to remove the reset or use a synchronous reset to get the best optimization for performance, power and area.
Related violations: <none>

DPIR-2#245 Warning
Asynchronous driver check  
DSP u_tpu_top/u_maxpool2d_unit/write_addr_w1 input pin u_tpu_top/u_maxpool2d_unit/write_addr_w1/C[9] is connected to registers with an asynchronous reset. This is preventing the possibility of merging these registers in to the DSP Block since the DSP block registers only possess synchronous reset capability.  It is suggested to recode or change these registers to remove the reset or use a synchronous reset to get the best optimization for performance, power and area.
Related violations: <none>

DPIR-2#246 Warning
Asynchronous driver check  
DSP u_tpu_top/u_maxpool2d_unit/write_addr_w2 input pin u_tpu_top/u_maxpool2d_unit/write_addr_w2/B[0] is connected to registers with an asynchronous reset. This is preventing the possibility of merging these registers in to the DSP Block since the DSP block registers only possess synchronous reset capability.  It is suggested to recode or change these registers to remove the reset or use a synchronous reset to get the best optimization for performance, power and area.
Related violations: <none>

DPIR-2#247 Warning
Asynchronous driver check  
DSP u_tpu_top/u_maxpool2d_unit/write_addr_w2 input pin u_tpu_top/u_maxpool2d_unit/write_addr_w2/B[10] is connected to registers with an asynchronous reset. This is preventing the possibility of merging these registers in to the DSP Block since the DSP block registers only possess synchronous reset capability.  It is suggested to recode or change these registers to remove the reset or use a synchronous reset to get the best optimization for performance, power and area.
Related violations: <none>

DPIR-2#248 Warning
Asynchronous driver check  
DSP u_tpu_top/u_maxpool2d_unit/write_addr_w2 input pin u_tpu_top/u_maxpool2d_unit/write_addr_w2/B[11] is connected to registers with an asynchronous reset. This is preventing the possibility of merging these registers in to the DSP Block since the DSP block registers only possess synchronous reset capability.  It is suggested to recode or change these registers to remove the reset or use a synchronous reset to get the best optimization for performance, power and area.
Related violations: <none>

DPIR-2#249 Warning
Asynchronous driver check  
DSP u_tpu_top/u_maxpool2d_unit/write_addr_w2 input pin u_tpu_top/u_maxpool2d_unit/write_addr_w2/B[12] is connected to registers with an asynchronous reset. This is preventing the possibility of merging these registers in to the DSP Block since the DSP block registers only possess synchronous reset capability.  It is suggested to recode or change these registers to remove the reset or use a synchronous reset to get the best optimization for performance, power and area.
Related violations: <none>

DPIR-2#250 Warning
Asynchronous driver check  
DSP u_tpu_top/u_maxpool2d_unit/write_addr_w2 input pin u_tpu_top/u_maxpool2d_unit/write_addr_w2/B[13] is connected to registers with an asynchronous reset. This is preventing the possibility of merging these registers in to the DSP Block since the DSP block registers only possess synchronous reset capability.  It is suggested to recode or change these registers to remove the reset or use a synchronous reset to get the best optimization for performance, power and area.
Related violations: <none>

DPIR-2#251 Warning
Asynchronous driver check  
DSP u_tpu_top/u_maxpool2d_unit/write_addr_w2 input pin u_tpu_top/u_maxpool2d_unit/write_addr_w2/B[14] is connected to registers with an asynchronous reset. This is preventing the possibility of merging these registers in to the DSP Block since the DSP block registers only possess synchronous reset capability.  It is suggested to recode or change these registers to remove the reset or use a synchronous reset to get the best optimization for performance, power and area.
Related violations: <none>

DPIR-2#252 Warning
Asynchronous driver check  
DSP u_tpu_top/u_maxpool2d_unit/write_addr_w2 input pin u_tpu_top/u_maxpool2d_unit/write_addr_w2/B[15] is connected to registers with an asynchronous reset. This is preventing the possibility of merging these registers in to the DSP Block since the DSP block registers only possess synchronous reset capability.  It is suggested to recode or change these registers to remove the reset or use a synchronous reset to get the best optimization for performance, power and area.
Related violations: <none>

DPIR-2#253 Warning
Asynchronous driver check  
DSP u_tpu_top/u_maxpool2d_unit/write_addr_w2 input pin u_tpu_top/u_maxpool2d_unit/write_addr_w2/B[1] is connected to registers with an asynchronous reset. This is preventing the possibility of merging these registers in to the DSP Block since the DSP block registers only possess synchronous reset capability.  It is suggested to recode or change these registers to remove the reset or use a synchronous reset to get the best optimization for performance, power and area.
Related violations: <none>

DPIR-2#254 Warning
Asynchronous driver check  
DSP u_tpu_top/u_maxpool2d_unit/write_addr_w2 input pin u_tpu_top/u_maxpool2d_unit/write_addr_w2/B[2] is connected to registers with an asynchronous reset. This is preventing the possibility of merging these registers in to the DSP Block since the DSP block registers only possess synchronous reset capability.  It is suggested to recode or change these registers to remove the reset or use a synchronous reset to get the best optimization for performance, power and area.
Related violations: <none>

DPIR-2#255 Warning
Asynchronous driver check  
DSP u_tpu_top/u_maxpool2d_unit/write_addr_w2 input pin u_tpu_top/u_maxpool2d_unit/write_addr_w2/B[3] is connected to registers with an asynchronous reset. This is preventing the possibility of merging these registers in to the DSP Block since the DSP block registers only possess synchronous reset capability.  It is suggested to recode or change these registers to remove the reset or use a synchronous reset to get the best optimization for performance, power and area.
Related violations: <none>

DPIR-2#256 Warning
Asynchronous driver check  
DSP u_tpu_top/u_maxpool2d_unit/write_addr_w2 input pin u_tpu_top/u_maxpool2d_unit/write_addr_w2/B[4] is connected to registers with an asynchronous reset. This is preventing the possibility of merging these registers in to the DSP Block since the DSP block registers only possess synchronous reset capability.  It is suggested to recode or change these registers to remove the reset or use a synchronous reset to get the best optimization for performance, power and area.
Related violations: <none>

DPIR-2#257 Warning
Asynchronous driver check  
DSP u_tpu_top/u_maxpool2d_unit/write_addr_w2 input pin u_tpu_top/u_maxpool2d_unit/write_addr_w2/B[5] is connected to registers with an asynchronous reset. This is preventing the possibility of merging these registers in to the DSP Block since the DSP block registers only possess synchronous reset capability.  It is suggested to recode or change these registers to remove the reset or use a synchronous reset to get the best optimization for performance, power and area.
Related violations: <none>

DPIR-2#258 Warning
Asynchronous driver check  
DSP u_tpu_top/u_maxpool2d_unit/write_addr_w2 input pin u_tpu_top/u_maxpool2d_unit/write_addr_w2/B[6] is connected to registers with an asynchronous reset. This is preventing the possibility of merging these registers in to the DSP Block since the DSP block registers only possess synchronous reset capability.  It is suggested to recode or change these registers to remove the reset or use a synchronous reset to get the best optimization for performance, power and area.
Related violations: <none>

DPIR-2#259 Warning
Asynchronous driver check  
DSP u_tpu_top/u_maxpool2d_unit/write_addr_w2 input pin u_tpu_top/u_maxpool2d_unit/write_addr_w2/B[7] is connected to registers with an asynchronous reset. This is preventing the possibility of merging these registers in to the DSP Block since the DSP block registers only possess synchronous reset capability.  It is suggested to recode or change these registers to remove the reset or use a synchronous reset to get the best optimization for performance, power and area.
Related violations: <none>

DPIR-2#260 Warning
Asynchronous driver check  
DSP u_tpu_top/u_maxpool2d_unit/write_addr_w2 input pin u_tpu_top/u_maxpool2d_unit/write_addr_w2/B[8] is connected to registers with an asynchronous reset. This is preventing the possibility of merging these registers in to the DSP Block since the DSP block registers only possess synchronous reset capability.  It is suggested to recode or change these registers to remove the reset or use a synchronous reset to get the best optimization for performance, power and area.
Related violations: <none>

DPIR-2#261 Warning
Asynchronous driver check  
DSP u_tpu_top/u_maxpool2d_unit/write_addr_w2 input pin u_tpu_top/u_maxpool2d_unit/write_addr_w2/B[9] is connected to registers with an asynchronous reset. This is preventing the possibility of merging these registers in to the DSP Block since the DSP block registers only possess synchronous reset capability.  It is suggested to recode or change these registers to remove the reset or use a synchronous reset to get the best optimization for performance, power and area.
Related violations: <none>

DPIR-2#262 Warning
Asynchronous driver check  
DSP u_tpu_top/u_maxpool2d_unit/write_addr_w2__0 input pin u_tpu_top/u_maxpool2d_unit/write_addr_w2__0/A[0] is connected to registers with an asynchronous reset. This is preventing the possibility of merging these registers in to the DSP Block since the DSP block registers only possess synchronous reset capability.  It is suggested to recode or change these registers to remove the reset or use a synchronous reset to get the best optimization for performance, power and area.
Related violations: <none>

DPIR-2#263 Warning
Asynchronous driver check  
DSP u_tpu_top/u_maxpool2d_unit/write_addr_w2__0 input pin u_tpu_top/u_maxpool2d_unit/write_addr_w2__0/A[10] is connected to registers with an asynchronous reset. This is preventing the possibility of merging these registers in to the DSP Block since the DSP block registers only possess synchronous reset capability.  It is suggested to recode or change these registers to remove the reset or use a synchronous reset to get the best optimization for performance, power and area.
Related violations: <none>

DPIR-2#264 Warning
Asynchronous driver check  
DSP u_tpu_top/u_maxpool2d_unit/write_addr_w2__0 input pin u_tpu_top/u_maxpool2d_unit/write_addr_w2__0/A[11] is connected to registers with an asynchronous reset. This is preventing the possibility of merging these registers in to the DSP Block since the DSP block registers only possess synchronous reset capability.  It is suggested to recode or change these registers to remove the reset or use a synchronous reset to get the best optimization for performance, power and area.
Related violations: <none>

DPIR-2#265 Warning
Asynchronous driver check  
DSP u_tpu_top/u_maxpool2d_unit/write_addr_w2__0 input pin u_tpu_top/u_maxpool2d_unit/write_addr_w2__0/A[12] is connected to registers with an asynchronous reset. This is preventing the possibility of merging these registers in to the DSP Block since the DSP block registers only possess synchronous reset capability.  It is suggested to recode or change these registers to remove the reset or use a synchronous reset to get the best optimization for performance, power and area.
Related violations: <none>

DPIR-2#266 Warning
Asynchronous driver check  
DSP u_tpu_top/u_maxpool2d_unit/write_addr_w2__0 input pin u_tpu_top/u_maxpool2d_unit/write_addr_w2__0/A[13] is connected to registers with an asynchronous reset. This is preventing the possibility of merging these registers in to the DSP Block since the DSP block registers only possess synchronous reset capability.  It is suggested to recode or change these registers to remove the reset or use a synchronous reset to get the best optimization for performance, power and area.
Related violations: <none>

DPIR-2#267 Warning
Asynchronous driver check  
DSP u_tpu_top/u_maxpool2d_unit/write_addr_w2__0 input pin u_tpu_top/u_maxpool2d_unit/write_addr_w2__0/A[14] is connected to registers with an asynchronous reset. This is preventing the possibility of merging these registers in to the DSP Block since the DSP block registers only possess synchronous reset capability.  It is suggested to recode or change these registers to remove the reset or use a synchronous reset to get the best optimization for performance, power and area.
Related violations: <none>

DPIR-2#268 Warning
Asynchronous driver check  
DSP u_tpu_top/u_maxpool2d_unit/write_addr_w2__0 input pin u_tpu_top/u_maxpool2d_unit/write_addr_w2__0/A[15] is connected to registers with an asynchronous reset. This is preventing the possibility of merging these registers in to the DSP Block since the DSP block registers only possess synchronous reset capability.  It is suggested to recode or change these registers to remove the reset or use a synchronous reset to get the best optimization for performance, power and area.
Related violations: <none>

DPIR-2#269 Warning
Asynchronous driver check  
DSP u_tpu_top/u_maxpool2d_unit/write_addr_w2__0 input pin u_tpu_top/u_maxpool2d_unit/write_addr_w2__0/A[1] is connected to registers with an asynchronous reset. This is preventing the possibility of merging these registers in to the DSP Block since the DSP block registers only possess synchronous reset capability.  It is suggested to recode or change these registers to remove the reset or use a synchronous reset to get the best optimization for performance, power and area.
Related violations: <none>

DPIR-2#270 Warning
Asynchronous driver check  
DSP u_tpu_top/u_maxpool2d_unit/write_addr_w2__0 input pin u_tpu_top/u_maxpool2d_unit/write_addr_w2__0/A[2] is connected to registers with an asynchronous reset. This is preventing the possibility of merging these registers in to the DSP Block since the DSP block registers only possess synchronous reset capability.  It is suggested to recode or change these registers to remove the reset or use a synchronous reset to get the best optimization for performance, power and area.
Related violations: <none>

DPIR-2#271 Warning
Asynchronous driver check  
DSP u_tpu_top/u_maxpool2d_unit/write_addr_w2__0 input pin u_tpu_top/u_maxpool2d_unit/write_addr_w2__0/A[3] is connected to registers with an asynchronous reset. This is preventing the possibility of merging these registers in to the DSP Block since the DSP block registers only possess synchronous reset capability.  It is suggested to recode or change these registers to remove the reset or use a synchronous reset to get the best optimization for performance, power and area.
Related violations: <none>

DPIR-2#272 Warning
Asynchronous driver check  
DSP u_tpu_top/u_maxpool2d_unit/write_addr_w2__0 input pin u_tpu_top/u_maxpool2d_unit/write_addr_w2__0/A[4] is connected to registers with an asynchronous reset. This is preventing the possibility of merging these registers in to the DSP Block since the DSP block registers only possess synchronous reset capability.  It is suggested to recode or change these registers to remove the reset or use a synchronous reset to get the best optimization for performance, power and area.
Related violations: <none>

DPIR-2#273 Warning
Asynchronous driver check  
DSP u_tpu_top/u_maxpool2d_unit/write_addr_w2__0 input pin u_tpu_top/u_maxpool2d_unit/write_addr_w2__0/A[5] is connected to registers with an asynchronous reset. This is preventing the possibility of merging these registers in to the DSP Block since the DSP block registers only possess synchronous reset capability.  It is suggested to recode or change these registers to remove the reset or use a synchronous reset to get the best optimization for performance, power and area.
Related violations: <none>

DPIR-2#274 Warning
Asynchronous driver check  
DSP u_tpu_top/u_maxpool2d_unit/write_addr_w2__0 input pin u_tpu_top/u_maxpool2d_unit/write_addr_w2__0/A[6] is connected to registers with an asynchronous reset. This is preventing the possibility of merging these registers in to the DSP Block since the DSP block registers only possess synchronous reset capability.  It is suggested to recode or change these registers to remove the reset or use a synchronous reset to get the best optimization for performance, power and area.
Related violations: <none>

DPIR-2#275 Warning
Asynchronous driver check  
DSP u_tpu_top/u_maxpool2d_unit/write_addr_w2__0 input pin u_tpu_top/u_maxpool2d_unit/write_addr_w2__0/A[7] is connected to registers with an asynchronous reset. This is preventing the possibility of merging these registers in to the DSP Block since the DSP block registers only possess synchronous reset capability.  It is suggested to recode or change these registers to remove the reset or use a synchronous reset to get the best optimization for performance, power and area.
Related violations: <none>

DPIR-2#276 Warning
Asynchronous driver check  
DSP u_tpu_top/u_maxpool2d_unit/write_addr_w2__0 input pin u_tpu_top/u_maxpool2d_unit/write_addr_w2__0/A[8] is connected to registers with an asynchronous reset. This is preventing the possibility of merging these registers in to the DSP Block since the DSP block registers only possess synchronous reset capability.  It is suggested to recode or change these registers to remove the reset or use a synchronous reset to get the best optimization for performance, power and area.
Related violations: <none>

DPIR-2#277 Warning
Asynchronous driver check  
DSP u_tpu_top/u_maxpool2d_unit/write_addr_w2__0 input pin u_tpu_top/u_maxpool2d_unit/write_addr_w2__0/A[9] is connected to registers with an asynchronous reset. This is preventing the possibility of merging these registers in to the DSP Block since the DSP block registers only possess synchronous reset capability.  It is suggested to recode or change these registers to remove the reset or use a synchronous reset to get the best optimization for performance, power and area.
Related violations: <none>

SYNTH-6#1 Warning
Timing of a RAM block might be sub-optimal  
The timing for the instance u_tpu_top/u_layer_controller/u_tile_controller/GEN_WEIGHT_ROMS[0].u_weight_rom/data_o_reg_0, implemented as a RAM block, might be sub-optimal as no output register was merged into the block.
Related violations: <none>

SYNTH-6#2 Warning
Timing of a RAM block might be sub-optimal  
The timing for the instance u_tpu_top/u_layer_controller/u_tile_controller/GEN_WEIGHT_ROMS[0].u_weight_rom/data_o_reg_1, implemented as a RAM block, might be sub-optimal as no output register was merged into the block.
Related violations: <none>

SYNTH-6#3 Warning
Timing of a RAM block might be sub-optimal  
The timing for the instance u_tpu_top/u_layer_controller/u_tile_controller/GEN_WEIGHT_ROMS[2].u_weight_rom/data_o_reg_0, implemented as a RAM block, might be sub-optimal as no output register was merged into the block.
Related violations: <none>

SYNTH-6#4 Warning
Timing of a RAM block might be sub-optimal  
The timing for the instance u_tpu_top/u_layer_controller/u_tile_controller/GEN_WEIGHT_ROMS[2].u_weight_rom/data_o_reg_1, implemented as a RAM block, might be sub-optimal as no output register was merged into the block.
Related violations: <none>

SYNTH-6#5 Warning
Timing of a RAM block might be sub-optimal  
The timing for the instance u_tpu_top/u_unified_buffer/bank0_mem_reg_bram_1, implemented as a RAM block, might be sub-optimal as no output register was merged into the block.
Related violations: <none>

SYNTH-6#6 Warning
Timing of a RAM block might be sub-optimal  
The timing for the instance u_tpu_top/u_unified_buffer/bank1_mem_reg_bram_1, implemented as a RAM block, might be sub-optimal as no output register was merged into the block.
Related violations: <none>

SYNTH-9#1 Warning
Small multiplier  
Detected multiplier at u_tpu_top/u_datapath/u_mxu/u_systolic_array/pe_0_0/u_multiplier/product_s2_reg[11]_i_1 of size 8x8, it is implemented as LUTs due to its small size. To force the multiplier onto a DSP block, use the USE_DSP48 attribute.
Related violations: <none>

SYNTH-9#2 Warning
Small multiplier  
Detected multiplier at u_tpu_top/u_datapath/u_mxu/u_systolic_array/pe_0_0/u_multiplier/product_s2_reg[11]_i_18 of size 8x8, it is implemented as LUTs due to its small size. To force the multiplier onto a DSP block, use the USE_DSP48 attribute.
Related violations: <none>

SYNTH-9#3 Warning
Small multiplier  
Detected multiplier at u_tpu_top/u_datapath/u_mxu/u_systolic_array/pe_0_0/u_multiplier/product_s2_reg[15]_i_1 of size 8x8, it is implemented as LUTs due to its small size. To force the multiplier onto a DSP block, use the USE_DSP48 attribute.
Related violations: <none>

SYNTH-9#4 Warning
Small multiplier  
Detected multiplier at u_tpu_top/u_datapath/u_mxu/u_systolic_array/pe_0_0/u_multiplier/product_s2_reg[15]_i_11 of size 8x8, it is implemented as LUTs due to its small size. To force the multiplier onto a DSP block, use the USE_DSP48 attribute.
Related violations: <none>

SYNTH-9#5 Warning
Small multiplier  
Detected multiplier at u_tpu_top/u_datapath/u_mxu/u_systolic_array/pe_0_0/u_multiplier/product_s2_reg[15]_i_2 of size 8x8, it is implemented as LUTs due to its small size. To force the multiplier onto a DSP block, use the USE_DSP48 attribute.
Related violations: <none>

SYNTH-9#6 Warning
Small multiplier  
Detected multiplier at u_tpu_top/u_datapath/u_mxu/u_systolic_array/pe_0_0/u_multiplier/product_s2_reg[15]_i_8 of size 8x8, it is implemented as LUTs due to its small size. To force the multiplier onto a DSP block, use the USE_DSP48 attribute.
Related violations: <none>

SYNTH-9#7 Warning
Small multiplier  
Detected multiplier at u_tpu_top/u_datapath/u_mxu/u_systolic_array/pe_0_0/u_multiplier/product_s2_reg[2]_i_1 of size 8x8, it is implemented as LUTs due to its small size. To force the multiplier onto a DSP block, use the USE_DSP48 attribute.
Related violations: <none>

SYNTH-9#8 Warning
Small multiplier  
Detected multiplier at u_tpu_top/u_datapath/u_mxu/u_systolic_array/pe_0_0/u_multiplier/product_s2_reg[3]_i_2 of size 8x8, it is implemented as LUTs due to its small size. To force the multiplier onto a DSP block, use the USE_DSP48 attribute.
Related violations: <none>

SYNTH-9#9 Warning
Small multiplier  
Detected multiplier at u_tpu_top/u_datapath/u_mxu/u_systolic_array/pe_0_1/u_multiplier/product_s2_reg[11]_i_1 of size 8x8, it is implemented as LUTs due to its small size. To force the multiplier onto a DSP block, use the USE_DSP48 attribute.
Related violations: <none>

SYNTH-9#10 Warning
Small multiplier  
Detected multiplier at u_tpu_top/u_datapath/u_mxu/u_systolic_array/pe_0_1/u_multiplier/product_s2_reg[11]_i_18 of size 8x8, it is implemented as LUTs due to its small size. To force the multiplier onto a DSP block, use the USE_DSP48 attribute.
Related violations: <none>

SYNTH-9#11 Warning
Small multiplier  
Detected multiplier at u_tpu_top/u_datapath/u_mxu/u_systolic_array/pe_0_1/u_multiplier/product_s2_reg[15]_i_1 of size 8x8, it is implemented as LUTs due to its small size. To force the multiplier onto a DSP block, use the USE_DSP48 attribute.
Related violations: <none>

SYNTH-9#12 Warning
Small multiplier  
Detected multiplier at u_tpu_top/u_datapath/u_mxu/u_systolic_array/pe_0_1/u_multiplier/product_s2_reg[15]_i_11 of size 8x8, it is implemented as LUTs due to its small size. To force the multiplier onto a DSP block, use the USE_DSP48 attribute.
Related violations: <none>

SYNTH-9#13 Warning
Small multiplier  
Detected multiplier at u_tpu_top/u_datapath/u_mxu/u_systolic_array/pe_0_1/u_multiplier/product_s2_reg[15]_i_2 of size 8x8, it is implemented as LUTs due to its small size. To force the multiplier onto a DSP block, use the USE_DSP48 attribute.
Related violations: <none>

SYNTH-9#14 Warning
Small multiplier  
Detected multiplier at u_tpu_top/u_datapath/u_mxu/u_systolic_array/pe_0_1/u_multiplier/product_s2_reg[15]_i_8 of size 8x8, it is implemented as LUTs due to its small size. To force the multiplier onto a DSP block, use the USE_DSP48 attribute.
Related violations: <none>

SYNTH-9#15 Warning
Small multiplier  
Detected multiplier at u_tpu_top/u_datapath/u_mxu/u_systolic_array/pe_0_1/u_multiplier/product_s2_reg[2]_i_1 of size 8x8, it is implemented as LUTs due to its small size. To force the multiplier onto a DSP block, use the USE_DSP48 attribute.
Related violations: <none>

SYNTH-9#16 Warning
Small multiplier  
Detected multiplier at u_tpu_top/u_datapath/u_mxu/u_systolic_array/pe_0_1/u_multiplier/product_s2_reg[3]_i_2 of size 8x8, it is implemented as LUTs due to its small size. To force the multiplier onto a DSP block, use the USE_DSP48 attribute.
Related violations: <none>

SYNTH-9#17 Warning
Small multiplier  
Detected multiplier at u_tpu_top/u_datapath/u_mxu/u_systolic_array/pe_1_0/u_multiplier/product_s2_reg[11]_i_1 of size 8x8, it is implemented as LUTs due to its small size. To force the multiplier onto a DSP block, use the USE_DSP48 attribute.
Related violations: <none>

SYNTH-9#18 Warning
Small multiplier  
Detected multiplier at u_tpu_top/u_datapath/u_mxu/u_systolic_array/pe_1_0/u_multiplier/product_s2_reg[11]_i_18 of size 8x8, it is implemented as LUTs due to its small size. To force the multiplier onto a DSP block, use the USE_DSP48 attribute.
Related violations: <none>

SYNTH-9#19 Warning
Small multiplier  
Detected multiplier at u_tpu_top/u_datapath/u_mxu/u_systolic_array/pe_1_0/u_multiplier/product_s2_reg[15]_i_1 of size 8x8, it is implemented as LUTs due to its small size. To force the multiplier onto a DSP block, use the USE_DSP48 attribute.
Related violations: <none>

SYNTH-9#20 Warning
Small multiplier  
Detected multiplier at u_tpu_top/u_datapath/u_mxu/u_systolic_array/pe_1_0/u_multiplier/product_s2_reg[15]_i_11 of size 8x8, it is implemented as LUTs due to its small size. To force the multiplier onto a DSP block, use the USE_DSP48 attribute.
Related violations: <none>

SYNTH-9#21 Warning
Small multiplier  
Detected multiplier at u_tpu_top/u_datapath/u_mxu/u_systolic_array/pe_1_0/u_multiplier/product_s2_reg[15]_i_2 of size 8x8, it is implemented as LUTs due to its small size. To force the multiplier onto a DSP block, use the USE_DSP48 attribute.
Related violations: <none>

SYNTH-9#22 Warning
Small multiplier  
Detected multiplier at u_tpu_top/u_datapath/u_mxu/u_systolic_array/pe_1_0/u_multiplier/product_s2_reg[15]_i_8 of size 8x8, it is implemented as LUTs due to its small size. To force the multiplier onto a DSP block, use the USE_DSP48 attribute.
Related violations: <none>

SYNTH-9#23 Warning
Small multiplier  
Detected multiplier at u_tpu_top/u_datapath/u_mxu/u_systolic_array/pe_1_0/u_multiplier/product_s2_reg[2]_i_1 of size 8x8, it is implemented as LUTs due to its small size. To force the multiplier onto a DSP block, use the USE_DSP48 attribute.
Related violations: <none>

SYNTH-9#24 Warning
Small multiplier  
Detected multiplier at u_tpu_top/u_datapath/u_mxu/u_systolic_array/pe_1_0/u_multiplier/product_s2_reg[3]_i_2 of size 8x8, it is implemented as LUTs due to its small size. To force the multiplier onto a DSP block, use the USE_DSP48 attribute.
Related violations: <none>

SYNTH-9#25 Warning
Small multiplier  
Detected multiplier at u_tpu_top/u_datapath/u_mxu/u_systolic_array/pe_1_1/u_multiplier/product_s2_reg[11]_i_1 of size 8x8, it is implemented as LUTs due to its small size. To force the multiplier onto a DSP block, use the USE_DSP48 attribute.
Related violations: <none>

SYNTH-9#26 Warning
Small multiplier  
Detected multiplier at u_tpu_top/u_datapath/u_mxu/u_systolic_array/pe_1_1/u_multiplier/product_s2_reg[11]_i_18 of size 8x8, it is implemented as LUTs due to its small size. To force the multiplier onto a DSP block, use the USE_DSP48 attribute.
Related violations: <none>

SYNTH-9#27 Warning
Small multiplier  
Detected multiplier at u_tpu_top/u_datapath/u_mxu/u_systolic_array/pe_1_1/u_multiplier/product_s2_reg[15]_i_1 of size 8x8, it is implemented as LUTs due to its small size. To force the multiplier onto a DSP block, use the USE_DSP48 attribute.
Related violations: <none>

SYNTH-9#28 Warning
Small multiplier  
Detected multiplier at u_tpu_top/u_datapath/u_mxu/u_systolic_array/pe_1_1/u_multiplier/product_s2_reg[15]_i_11 of size 8x8, it is implemented as LUTs due to its small size. To force the multiplier onto a DSP block, use the USE_DSP48 attribute.
Related violations: <none>

SYNTH-9#29 Warning
Small multiplier  
Detected multiplier at u_tpu_top/u_datapath/u_mxu/u_systolic_array/pe_1_1/u_multiplier/product_s2_reg[15]_i_2 of size 8x8, it is implemented as LUTs due to its small size. To force the multiplier onto a DSP block, use the USE_DSP48 attribute.
Related violations: <none>

SYNTH-9#30 Warning
Small multiplier  
Detected multiplier at u_tpu_top/u_datapath/u_mxu/u_systolic_array/pe_1_1/u_multiplier/product_s2_reg[15]_i_8 of size 8x8, it is implemented as LUTs due to its small size. To force the multiplier onto a DSP block, use the USE_DSP48 attribute.
Related violations: <none>

SYNTH-9#31 Warning
Small multiplier  
Detected multiplier at u_tpu_top/u_datapath/u_mxu/u_systolic_array/pe_1_1/u_multiplier/product_s2_reg[2]_i_1 of size 8x8, it is implemented as LUTs due to its small size. To force the multiplier onto a DSP block, use the USE_DSP48 attribute.
Related violations: <none>

SYNTH-9#32 Warning
Small multiplier  
Detected multiplier at u_tpu_top/u_datapath/u_mxu/u_systolic_array/pe_1_1/u_multiplier/product_s2_reg[3]_i_2 of size 8x8, it is implemented as LUTs due to its small size. To force the multiplier onto a DSP block, use the USE_DSP48 attribute.
Related violations: <none>

SYNTH-10#1 Warning
Wide multiplier  
Detected multiplier at u_tpu_top/u_datapath/u_vector_processing_unit/u_post_process/GEN_BIAS_REQUANT.u_bias_requantize/(null)[0].shifted_value0 of size 16x18, it is decomposed from a wide multipler into 4 DSP blocks.
Related violations: <none>

SYNTH-10#2 Warning
Wide multiplier  
Detected multiplier at u_tpu_top/u_datapath/u_vector_processing_unit/u_post_process/GEN_BIAS_REQUANT.u_bias_requantize/(null)[0].shifted_value0__0 of size 16x15, it is decomposed from a wide multipler into 4 DSP blocks.
Related violations: <none>

SYNTH-10#3 Warning
Wide multiplier  
Detected multiplier at u_tpu_top/u_datapath/u_vector_processing_unit/u_post_process/GEN_BIAS_REQUANT.u_bias_requantize/(null)[0].shifted_value0__1 of size 18x18, it is decomposed from a wide multipler into 4 DSP blocks.
Related violations: <none>

SYNTH-10#4 Warning
Wide multiplier  
Detected multiplier at u_tpu_top/u_datapath/u_vector_processing_unit/u_post_process/GEN_BIAS_REQUANT.u_bias_requantize/(null)[0].shifted_value0__2 of size 18x15, it is decomposed from a wide multipler into 4 DSP blocks.
Related violations: <none>

SYNTH-10#5 Warning
Wide multiplier  
Detected multiplier at u_tpu_top/u_datapath/u_vector_processing_unit/u_post_process/GEN_BIAS_REQUANT.u_bias_requantize/(null)[0].shifted_value0__3 of size 16x18, it is decomposed from a wide multipler into 4 DSP blocks.
Related violations: <none>

SYNTH-10#6 Warning
Wide multiplier  
Detected multiplier at u_tpu_top/u_datapath/u_vector_processing_unit/u_post_process/GEN_BIAS_REQUANT.u_bias_requantize/(null)[0].shifted_value0__4 of size 16x15, it is decomposed from a wide multipler into 4 DSP blocks.
Related violations: <none>

SYNTH-10#7 Warning
Wide multiplier  
Detected multiplier at u_tpu_top/u_datapath/u_vector_processing_unit/u_post_process/GEN_BIAS_REQUANT.u_bias_requantize/(null)[0].shifted_value0__5 of size 18x18, it is decomposed from a wide multipler into 4 DSP blocks.
Related violations: <none>

SYNTH-10#8 Warning
Wide multiplier  
Detected multiplier at u_tpu_top/u_datapath/u_vector_processing_unit/u_post_process/GEN_BIAS_REQUANT.u_bias_requantize/(null)[0].shifted_value0__6 of size 18x15, it is decomposed from a wide multipler into 4 DSP blocks.
Related violations: <none>


