
*** Running vivado
    with args -log top_axi_lite.vds -m64 -product Vivado -mode batch -messageDb vivado.pb -notrace -source top_axi_lite.tcl


****** Vivado v2025.2 (64-bit)
  **** SW Build 6299465 on Fri Nov 14 12:34:56 MST 2025
  **** IP Build 6300035 on Fri Nov 14 10:48:45 MST 2025
  **** SharedData Build 6298862 on Thu Nov 13 04:50:51 MST 2025
  **** Start of session at: Mon Jun  8 22:31:21 2026
    ** Copyright 1986-2022 Xilinx, Inc. All Rights Reserved.
    ** Copyright 2022-2025 Advanced Micro Devices, Inc. All Rights Reserved.

source top_axi_lite.tcl -notrace
Command: synth_design -top top_axi_lite -part xczu7ev-ffvc1156-2-e
Starting synth_design
Attempting to get a license for feature 'Synthesis' and/or device 'xczu7ev'
INFO: [Common 17-349] Got license for feature 'Synthesis' and/or device 'xczu7ev'
INFO: [Synth 8-7079] Multithreading enabled for synth_design using a maximum of 7 processes.
INFO: [Synth 8-7078] Launching helper process for spawning children vivado processes
INFO: [Synth 8-7075] Helper process launched with PID 1740923
---------------------------------------------------------------------------------
Starting Synthesize : Time (s): cpu = 00:00:02 ; elapsed = 00:00:03 . Memory (MB): peak = 2084.562 ; gain = 446.828 ; free physical = 6071 ; free virtual = 37183
---------------------------------------------------------------------------------
INFO: [Synth 8-6157] synthesizing module 'top_axi_lite' [/home/pah/fpga_cnn_accelerator/FPGA-based-CNN-Accelerator-for-autonomous-vehicles/src/rtl/mnist_classification/v4/top_axi_lite.sv:4]
INFO: [Synth 8-294] found qualifier unique on case statement: implementing as parallel_case [/home/pah/fpga_cnn_accelerator/FPGA-based-CNN-Accelerator-for-autonomous-vehicles/src/rtl/mnist_classification/v4/top_axi_lite.sv:259]
INFO: [Synth 8-6157] synthesizing module 'top' [/home/pah/fpga_cnn_accelerator/FPGA-based-CNN-Accelerator-for-autonomous-vehicles/src/rtl/mnist_classification/v4/top.sv:6]
	Parameter SIZE bound to: 32'sb00000000000000000000000000000100 
	Parameter DATA_WIDTH bound to: 32'sb00000000000000000000000000001000 
	Parameter LOCAL_PSUM_WIDTH bound to: 32'sb00000000000000000000000000010010 
	Parameter ACC_WIDTH bound to: 32'sb00000000000000000000000000100000 
	Parameter ACC_DEPTH bound to: 32'sb00000000000000000000000000010000 
	Parameter ACC_ADDR_WIDTH bound to: 32'sb00000000000000000000000000000100 
	Parameter OUT_WIDTH bound to: 32'sb00000000000000000000000000001000 
	Parameter BIAS_WIDTH bound to: 32'sb00000000000000000000000000100000 
	Parameter REQUANT_MULT_WIDTH bound to: 32'sb00000000000000000000000000100000 
	Parameter REQUANT_SHIFT_WIDTH bound to: 32'sb00000000000000000000000000000110 
	Parameter MAX_NUM_TILES bound to: 32'sb00000000000000000000000010000000 
	Parameter TILE_COUNT_WIDTH bound to: 32'sb00000000000000000000000000001000 
	Parameter WGT_FIFO_DEPTH bound to: 32'sb00000000000000000000000000010000 
	Parameter BANK_DEPTH bound to: 32'sb00000000000000000010000000000000 
	Parameter UB_ADDR_WIDTH bound to: 32'sb00000000000000000000000000001101 
INFO: [Synth 8-294] found qualifier unique on case statement: implementing as parallel_case [/home/pah/fpga_cnn_accelerator/FPGA-based-CNN-Accelerator-for-autonomous-vehicles/src/rtl/mnist_classification/v4/top.sv:313]
INFO: [Synth 8-294] found qualifier unique on case statement: implementing as parallel_case [/home/pah/fpga_cnn_accelerator/FPGA-based-CNN-Accelerator-for-autonomous-vehicles/src/rtl/mnist_classification/v4/top.sv:371]
INFO: [Synth 8-6157] synthesizing module 'unified_buffer' [/home/pah/fpga_cnn_accelerator/FPGA-based-CNN-Accelerator-for-autonomous-vehicles/src/rtl/mnist_classification/v4/unified_buffer.sv:4]
	Parameter DATA_WIDTH bound to: 32'sb00000000000000000000000000001000 
	Parameter BANK_DEPTH bound to: 32'sb00000000000000000010000000000000 
	Parameter ADDR_WIDTH bound to: 32'sb00000000000000000000000000001101 
INFO: [Synth 8-6155] done synthesizing module 'unified_buffer' (0#1) [/home/pah/fpga_cnn_accelerator/FPGA-based-CNN-Accelerator-for-autonomous-vehicles/src/rtl/mnist_classification/v4/unified_buffer.sv:4]
INFO: [Synth 8-6157] synthesizing module 'controller_layer' [/home/pah/fpga_cnn_accelerator/FPGA-based-CNN-Accelerator-for-autonomous-vehicles/src/rtl/mnist_classification/v4/controller_layer.sv:6]
	Parameter SIZE bound to: 32'sb00000000000000000000000000000100 
	Parameter DATA_WIDTH bound to: 32'sb00000000000000000000000000001000 
	Parameter ACC_WIDTH bound to: 32'sb00000000000000000000000000100000 
	Parameter OUT_WIDTH bound to: 32'sb00000000000000000000000000001000 
	Parameter ACC_DEPTH bound to: 32'sb00000000000000000000000000010000 
	Parameter ACC_ADDR_WIDTH bound to: 32'sb00000000000000000000000000000100 
	Parameter UB_ADDR_WIDTH bound to: 32'sb00000000000000000000000000001101 
	Parameter BIAS_WIDTH bound to: 32'sb00000000000000000000000000100000 
	Parameter REQUANT_MULT_WIDTH bound to: 32'sb00000000000000000000000000100000 
	Parameter REQUANT_SHIFT_WIDTH bound to: 32'sb00000000000000000000000000000110 
	Parameter MAX_NUM_TILES bound to: 32'sb00000000000000000000000010000000 
	Parameter TILE_COUNT_WIDTH bound to: 32'sb00000000000000000000000000001000 
	Parameter BANK_DEPTH bound to: 32'sb00000000000000000010000000000000 
	Parameter DBG_STATE_COUNT bound to: 32'sb00000000000000000000000000010001 
	Parameter DBG_PREFETCH_COUNT bound to: 32'sb00000000000000000000000000100001 
INFO: [Synth 8-6157] synthesizing module 'layer_descriptor_rom' [/home/pah/fpga_cnn_accelerator/FPGA-based-CNN-Accelerator-for-autonomous-vehicles/src/rtl/mnist_classification/v4/layer_descriptor_rom.sv:6]
INFO: [Synth 8-294] found qualifier unique on case statement: implementing as parallel_case [/home/pah/fpga_cnn_accelerator/FPGA-based-CNN-Accelerator-for-autonomous-vehicles/src/rtl/mnist_classification/v4/layer_descriptor_rom.sv:53]
INFO: [Synth 8-226] default block is never used [/home/pah/fpga_cnn_accelerator/FPGA-based-CNN-Accelerator-for-autonomous-vehicles/src/rtl/mnist_classification/v4/layer_descriptor_rom.sv:53]
INFO: [Synth 8-6155] done synthesizing module 'layer_descriptor_rom' (0#1) [/home/pah/fpga_cnn_accelerator/FPGA-based-CNN-Accelerator-for-autonomous-vehicles/src/rtl/mnist_classification/v4/layer_descriptor_rom.sv:6]
INFO: [Synth 8-6157] synthesizing module 'controller_kloop' [/home/pah/fpga_cnn_accelerator/FPGA-based-CNN-Accelerator-for-autonomous-vehicles/src/rtl/mnist_classification/v4/controller_kloop.sv:10]
	Parameter SIZE bound to: 32'sb00000000000000000000000000000100 
	Parameter DATA_WIDTH bound to: 32'sb00000000000000000000000000001000 
	Parameter ACC_WIDTH bound to: 32'sb00000000000000000000000000100000 
	Parameter OUT_WIDTH bound to: 32'sb00000000000000000000000000001000 
	Parameter ACC_DEPTH bound to: 32'sb00000000000000000000000000010000 
	Parameter ACC_ADDR_WIDTH bound to: 32'sb00000000000000000000000000000100 
	Parameter UB_ADDR_WIDTH bound to: 32'sb00000000000000000000000000001101 
	Parameter BIAS_WIDTH bound to: 32'sb00000000000000000000000000100000 
	Parameter REQUANT_MULT_WIDTH bound to: 32'sb00000000000000000000000000100000 
	Parameter REQUANT_SHIFT_WIDTH bound to: 32'sb00000000000000000000000000000110 
	Parameter MAX_NUM_TILES bound to: 32'sb00000000000000000000000010000000 
	Parameter TILE_COUNT_WIDTH bound to: 32'sb00000000000000000000000000001000 
	Parameter BANK_DEPTH bound to: 32'sb00000000000000000010000000000000 
	Parameter ROM_ADDR_WIDTH bound to: 32'sb00000000000000000000000000010000 
	Parameter WEIGHT_DEPTH bound to: 32'sb00000000000000000001001101011000 
	Parameter WEIGHT_ADDR_WIDTH bound to: 32'sb00000000000000000000000000001101 
	Parameter PARAM_DEPTH bound to: 32'sb00000000000000000000000000101100 
	Parameter PARAM_ADDR_WIDTH bound to: 32'sb00000000000000000000000000000110 
	Parameter DBG_STATE_COUNT bound to: 32'sb00000000000000000000000000010001 
	Parameter DBG_PREFETCH_COUNT bound to: 32'sb00000000000000000000000000100001 
INFO: [Synth 8-6157] synthesizing module 'weight_rom' [/home/pah/fpga_cnn_accelerator/FPGA-based-CNN-Accelerator-for-autonomous-vehicles/src/rtl/mnist_classification/v4/weight_rom.sv:4]
	Parameter DATA_WIDTH bound to: 32'sb00000000000000000000000000001000 
	Parameter DEPTH bound to: 32'sb00000000000000000001001101011000 
	Parameter ADDR_WIDTH bound to: 32'sb00000000000000000000000000001101 
INFO: [Synth 8-3876] $readmem data file 'small_cnn_sym_weights_i8.mem' is read successfully [/home/pah/fpga_cnn_accelerator/FPGA-based-CNN-Accelerator-for-autonomous-vehicles/src/rtl/mnist_classification/v4/weight_rom.sv:22]
INFO: [Synth 8-6155] done synthesizing module 'weight_rom' (0#1) [/home/pah/fpga_cnn_accelerator/FPGA-based-CNN-Accelerator-for-autonomous-vehicles/src/rtl/mnist_classification/v4/weight_rom.sv:4]
INFO: [Synth 8-6157] synthesizing module 'bias_rom' [/home/pah/fpga_cnn_accelerator/FPGA-based-CNN-Accelerator-for-autonomous-vehicles/src/rtl/mnist_classification/v4/bias_rom.sv:4]
	Parameter DATA_WIDTH bound to: 32'sb00000000000000000000000000100000 
	Parameter DEPTH bound to: 32'sb00000000000000000000000000101100 
	Parameter ADDR_WIDTH bound to: 32'sb00000000000000000000000000000110 
INFO: [Synth 8-3876] $readmem data file 'small_cnn_sym_biases_i32.mem' is read successfully [/home/pah/fpga_cnn_accelerator/FPGA-based-CNN-Accelerator-for-autonomous-vehicles/src/rtl/mnist_classification/v4/bias_rom.sv:22]
INFO: [Synth 8-6155] done synthesizing module 'bias_rom' (0#1) [/home/pah/fpga_cnn_accelerator/FPGA-based-CNN-Accelerator-for-autonomous-vehicles/src/rtl/mnist_classification/v4/bias_rom.sv:4]
INFO: [Synth 8-6157] synthesizing module 'requant_mult_rom' [/home/pah/fpga_cnn_accelerator/FPGA-based-CNN-Accelerator-for-autonomous-vehicles/src/rtl/mnist_classification/v4/requant_mult_rom.sv:4]
	Parameter DATA_WIDTH bound to: 32'sb00000000000000000000000000100000 
	Parameter DEPTH bound to: 32'sb00000000000000000000000000101100 
	Parameter ADDR_WIDTH bound to: 32'sb00000000000000000000000000000110 
INFO: [Synth 8-3876] $readmem data file 'small_cnn_sym_requant_mult_i32.mem' is read successfully [/home/pah/fpga_cnn_accelerator/FPGA-based-CNN-Accelerator-for-autonomous-vehicles/src/rtl/mnist_classification/v4/requant_mult_rom.sv:22]
INFO: [Synth 8-6155] done synthesizing module 'requant_mult_rom' (0#1) [/home/pah/fpga_cnn_accelerator/FPGA-based-CNN-Accelerator-for-autonomous-vehicles/src/rtl/mnist_classification/v4/requant_mult_rom.sv:4]
INFO: [Synth 8-6157] synthesizing module 'requant_shift_rom' [/home/pah/fpga_cnn_accelerator/FPGA-based-CNN-Accelerator-for-autonomous-vehicles/src/rtl/mnist_classification/v4/requant_shift_rom.sv:4]
	Parameter DATA_WIDTH bound to: 32'sb00000000000000000000000000000110 
	Parameter DEPTH bound to: 32'sb00000000000000000000000000101100 
	Parameter ADDR_WIDTH bound to: 32'sb00000000000000000000000000000110 
INFO: [Synth 8-3876] $readmem data file 'small_cnn_sym_requant_shift_u6.mem' is read successfully [/home/pah/fpga_cnn_accelerator/FPGA-based-CNN-Accelerator-for-autonomous-vehicles/src/rtl/mnist_classification/v4/requant_shift_rom.sv:22]
INFO: [Synth 8-6155] done synthesizing module 'requant_shift_rom' (0#1) [/home/pah/fpga_cnn_accelerator/FPGA-based-CNN-Accelerator-for-autonomous-vehicles/src/rtl/mnist_classification/v4/requant_shift_rom.sv:4]
INFO: [Synth 8-6157] synthesizing module 'address_generator' [/home/pah/fpga_cnn_accelerator/FPGA-based-CNN-Accelerator-for-autonomous-vehicles/src/rtl/mnist_classification/v4/address_generator.sv:4]
	Parameter SIZE bound to: 32'sb00000000000000000000000000000100 
	Parameter ADDR_WIDTH bound to: 32'sb00000000000000000000000000010000 
	Parameter DIM_WIDTH bound to: 32'sb00000000000000000000000000010000 
INFO: [Synth 8-294] found qualifier unique on case statement: implementing as parallel_case [/home/pah/fpga_cnn_accelerator/FPGA-based-CNN-Accelerator-for-autonomous-vehicles/src/rtl/mnist_classification/v4/address_generator.sv:144]
INFO: [Synth 8-294] found qualifier unique on case statement: implementing as parallel_case [/home/pah/fpga_cnn_accelerator/FPGA-based-CNN-Accelerator-for-autonomous-vehicles/src/rtl/mnist_classification/v4/address_generator.sv:205]
INFO: [Synth 8-294] found qualifier unique on case statement: implementing as parallel_case [/home/pah/fpga_cnn_accelerator/FPGA-based-CNN-Accelerator-for-autonomous-vehicles/src/rtl/mnist_classification/v4/address_generator.sv:205]
INFO: [Synth 8-294] found qualifier unique on case statement: implementing as parallel_case [/home/pah/fpga_cnn_accelerator/FPGA-based-CNN-Accelerator-for-autonomous-vehicles/src/rtl/mnist_classification/v4/address_generator.sv:205]
INFO: [Synth 8-294] found qualifier unique on case statement: implementing as parallel_case [/home/pah/fpga_cnn_accelerator/FPGA-based-CNN-Accelerator-for-autonomous-vehicles/src/rtl/mnist_classification/v4/address_generator.sv:205]
INFO: [Synth 8-294] found qualifier unique on case statement: implementing as parallel_case [/home/pah/fpga_cnn_accelerator/FPGA-based-CNN-Accelerator-for-autonomous-vehicles/src/rtl/mnist_classification/v4/address_generator.sv:246]
INFO: [Synth 8-294] found qualifier unique on case statement: implementing as parallel_case [/home/pah/fpga_cnn_accelerator/FPGA-based-CNN-Accelerator-for-autonomous-vehicles/src/rtl/mnist_classification/v4/address_generator.sv:130]
INFO: [Synth 8-294] found qualifier unique on case statement: implementing as parallel_case [/home/pah/fpga_cnn_accelerator/FPGA-based-CNN-Accelerator-for-autonomous-vehicles/src/rtl/mnist_classification/v4/address_generator.sv:246]
INFO: [Synth 8-294] found qualifier unique on case statement: implementing as parallel_case [/home/pah/fpga_cnn_accelerator/FPGA-based-CNN-Accelerator-for-autonomous-vehicles/src/rtl/mnist_classification/v4/address_generator.sv:246]
INFO: [Synth 8-294] found qualifier unique on case statement: implementing as parallel_case [/home/pah/fpga_cnn_accelerator/FPGA-based-CNN-Accelerator-for-autonomous-vehicles/src/rtl/mnist_classification/v4/address_generator.sv:246]
INFO: [Synth 8-294] found qualifier unique on case statement: implementing as parallel_case [/home/pah/fpga_cnn_accelerator/FPGA-based-CNN-Accelerator-for-autonomous-vehicles/src/rtl/mnist_classification/v4/address_generator.sv:246]
INFO: [Synth 8-294] found qualifier unique on case statement: implementing as parallel_case [/home/pah/fpga_cnn_accelerator/FPGA-based-CNN-Accelerator-for-autonomous-vehicles/src/rtl/mnist_classification/v4/address_generator.sv:246]
INFO: [Synth 8-294] found qualifier unique on case statement: implementing as parallel_case [/home/pah/fpga_cnn_accelerator/FPGA-based-CNN-Accelerator-for-autonomous-vehicles/src/rtl/mnist_classification/v4/address_generator.sv:246]
INFO: [Synth 8-294] found qualifier unique on case statement: implementing as parallel_case [/home/pah/fpga_cnn_accelerator/FPGA-based-CNN-Accelerator-for-autonomous-vehicles/src/rtl/mnist_classification/v4/address_generator.sv:246]
INFO: [Synth 8-294] found qualifier unique on case statement: implementing as parallel_case [/home/pah/fpga_cnn_accelerator/FPGA-based-CNN-Accelerator-for-autonomous-vehicles/src/rtl/mnist_classification/v4/address_generator.sv:246]
INFO: [Synth 8-294] found qualifier unique on case statement: implementing as parallel_case [/home/pah/fpga_cnn_accelerator/FPGA-based-CNN-Accelerator-for-autonomous-vehicles/src/rtl/mnist_classification/v4/address_generator.sv:246]
INFO: [Synth 8-294] found qualifier unique on case statement: implementing as parallel_case [/home/pah/fpga_cnn_accelerator/FPGA-based-CNN-Accelerator-for-autonomous-vehicles/src/rtl/mnist_classification/v4/address_generator.sv:246]
INFO: [Synth 8-294] found qualifier unique on case statement: implementing as parallel_case [/home/pah/fpga_cnn_accelerator/FPGA-based-CNN-Accelerator-for-autonomous-vehicles/src/rtl/mnist_classification/v4/address_generator.sv:246]
INFO: [Synth 8-294] found qualifier unique on case statement: implementing as parallel_case [/home/pah/fpga_cnn_accelerator/FPGA-based-CNN-Accelerator-for-autonomous-vehicles/src/rtl/mnist_classification/v4/address_generator.sv:246]
INFO: [Synth 8-294] found qualifier unique on case statement: implementing as parallel_case [/home/pah/fpga_cnn_accelerator/FPGA-based-CNN-Accelerator-for-autonomous-vehicles/src/rtl/mnist_classification/v4/address_generator.sv:246]
INFO: [Synth 8-294] found qualifier unique on case statement: implementing as parallel_case [/home/pah/fpga_cnn_accelerator/FPGA-based-CNN-Accelerator-for-autonomous-vehicles/src/rtl/mnist_classification/v4/address_generator.sv:246]
INFO: [Synth 8-294] found qualifier unique on case statement: implementing as parallel_case [/home/pah/fpga_cnn_accelerator/FPGA-based-CNN-Accelerator-for-autonomous-vehicles/src/rtl/mnist_classification/v4/address_generator.sv:246]
INFO: [Synth 8-6155] done synthesizing module 'address_generator' (0#1) [/home/pah/fpga_cnn_accelerator/FPGA-based-CNN-Accelerator-for-autonomous-vehicles/src/rtl/mnist_classification/v4/address_generator.sv:4]
INFO: [Synth 8-294] found qualifier unique on case statement: implementing as parallel_case [/home/pah/fpga_cnn_accelerator/FPGA-based-CNN-Accelerator-for-autonomous-vehicles/src/rtl/mnist_classification/v4/controller_kloop.sv:996]
INFO: [Synth 8-294] found qualifier unique on case statement: implementing as parallel_case [/home/pah/fpga_cnn_accelerator/FPGA-based-CNN-Accelerator-for-autonomous-vehicles/src/rtl/mnist_classification/v4/controller_kloop.sv:1016]
INFO: [Synth 8-294] found qualifier unique on case statement: implementing as parallel_case [/home/pah/fpga_cnn_accelerator/FPGA-based-CNN-Accelerator-for-autonomous-vehicles/src/rtl/mnist_classification/v4/controller_kloop.sv:1478]
INFO: [Synth 8-294] found qualifier unique on case statement: implementing as parallel_case [/home/pah/fpga_cnn_accelerator/FPGA-based-CNN-Accelerator-for-autonomous-vehicles/src/rtl/mnist_classification/v4/controller_kloop.sv:1520]
INFO: [Synth 8-6155] done synthesizing module 'controller_kloop' (0#1) [/home/pah/fpga_cnn_accelerator/FPGA-based-CNN-Accelerator-for-autonomous-vehicles/src/rtl/mnist_classification/v4/controller_kloop.sv:10]
INFO: [Synth 8-294] found qualifier unique on case statement: implementing as parallel_case [/home/pah/fpga_cnn_accelerator/FPGA-based-CNN-Accelerator-for-autonomous-vehicles/src/rtl/mnist_classification/v4/controller_layer.sv:340]
INFO: [Synth 8-6155] done synthesizing module 'controller_layer' (0#1) [/home/pah/fpga_cnn_accelerator/FPGA-based-CNN-Accelerator-for-autonomous-vehicles/src/rtl/mnist_classification/v4/controller_layer.sv:6]
INFO: [Synth 8-6157] synthesizing module 'datapath' [/home/pah/fpga_cnn_accelerator/FPGA-based-CNN-Accelerator-for-autonomous-vehicles/src/rtl/mnist_classification/v4/datapath.sv:4]
	Parameter SIZE bound to: 32'sb00000000000000000000000000000100 
	Parameter DATA_WIDTH bound to: 32'sb00000000000000000000000000001000 
	Parameter LOCAL_PSUM_WIDTH bound to: 32'sb00000000000000000000000000010010 
	Parameter MAX_NUM_TILES bound to: 32'sb00000000000000000000000010000000 
	Parameter ACC_WIDTH bound to: 32'sb00000000000000000000000000100000 
	Parameter ACC_DEPTH bound to: 32'sb00000000000000000000000000010000 
	Parameter ACC_ADDR_WIDTH bound to: 32'sb00000000000000000000000000000100 
	Parameter ACT_WIDTH bound to: 32'sb00000000000000000000000000100000 
	Parameter OUT_WIDTH bound to: 32'sb00000000000000000000000000001000 
	Parameter QUANT_ENABLE bound to: 1'b1 
	Parameter BIAS_WIDTH bound to: 32'sb00000000000000000000000000100000 
	Parameter REQUANT_MULT_WIDTH bound to: 32'sb00000000000000000000000000100000 
	Parameter REQUANT_SHIFT_WIDTH bound to: 32'sb00000000000000000000000000000110 
	Parameter NORM_SHIFT bound to: 32'sb00000000000000000000000000000000 
	Parameter NORM_ROUND_ENABLE bound to: 1'b1 
	Parameter POOL_MODE bound to: 32'sb00000000000000000000000000000000 
	Parameter POOL_WINDOW bound to: 32'sb00000000000000000000000000000010 
	Parameter WGT_FIFO_DEPTH bound to: 32'sb00000000000000000000000000010000 
	Parameter TILE_COUNT_WIDTH bound to: 32'sb00000000000000000000000000001000 
INFO: [Synth 8-6157] synthesizing module 'mxu' [/home/pah/fpga_cnn_accelerator/FPGA-based-CNN-Accelerator-for-autonomous-vehicles/src/rtl/mnist_classification/v4/mxu.sv:3]
	Parameter SIZE bound to: 32'sb00000000000000000000000000000100 
	Parameter DATA_WIDTH bound to: 32'sb00000000000000000000000000001000 
	Parameter LOCAL_PSUM_WIDTH bound to: 32'sb00000000000000000000000000010010 
	Parameter NUM_TILES bound to: 32'sb00000000000000000000000010000000 
	Parameter ACC_WIDTH bound to: 32'sb00000000000000000000000000100000 
	Parameter ENABLE_LOCAL_ACCUM bound to: 1'b0 
	Parameter WGT_FIFO_DEPTH bound to: 32'sb00000000000000000000000000010000 
	Parameter TILE_COUNT_WIDTH bound to: 32'sb00000000000000000000000000001000 
INFO: [Synth 8-6157] synthesizing module 'fifo' [/home/pah/fpga_cnn_accelerator/FPGA-based-CNN-Accelerator-for-autonomous-vehicles/src/rtl/mnist_classification/v4/fifo.sv:3]
	Parameter WIDTH bound to: 32'sb00000000000000000000000000100000 
	Parameter DEPTH bound to: 32'sb00000000000000000000000000010000 
	Parameter COUNT_WIDTH bound to: 32'sb00000000000000000000000000000101 
INFO: [Synth 8-294] found qualifier unique on case statement: implementing as parallel_case [/home/pah/fpga_cnn_accelerator/FPGA-based-CNN-Accelerator-for-autonomous-vehicles/src/rtl/mnist_classification/v4/fifo.sv:79]
INFO: [Synth 8-6155] done synthesizing module 'fifo' (0#1) [/home/pah/fpga_cnn_accelerator/FPGA-based-CNN-Accelerator-for-autonomous-vehicles/src/rtl/mnist_classification/v4/fifo.sv:3]
INFO: [Synth 8-6157] synthesizing module 'weight_fetcher' [/home/pah/fpga_cnn_accelerator/FPGA-based-CNN-Accelerator-for-autonomous-vehicles/src/rtl/mnist_classification/v4/weight_fetcher.sv:3]
	Parameter SIZE bound to: 32'sb00000000000000000000000000000100 
	Parameter DATA_WIDTH bound to: 32'sb00000000000000000000000000001000 
	Parameter FIFO_COUNT_WIDTH bound to: 32'sb00000000000000000000000000000101 
INFO: [Synth 8-226] default block is never used [/home/pah/fpga_cnn_accelerator/FPGA-based-CNN-Accelerator-for-autonomous-vehicles/src/rtl/mnist_classification/v4/weight_fetcher.sv:61]
INFO: [Synth 8-226] default block is never used [/home/pah/fpga_cnn_accelerator/FPGA-based-CNN-Accelerator-for-autonomous-vehicles/src/rtl/mnist_classification/v4/weight_fetcher.sv:91]
INFO: [Synth 8-6155] done synthesizing module 'weight_fetcher' (0#1) [/home/pah/fpga_cnn_accelerator/FPGA-based-CNN-Accelerator-for-autonomous-vehicles/src/rtl/mnist_classification/v4/weight_fetcher.sv:3]
INFO: [Synth 8-6157] synthesizing module 'act_skew_buffer' [/home/pah/fpga_cnn_accelerator/FPGA-based-CNN-Accelerator-for-autonomous-vehicles/src/rtl/mnist_classification/v4/act_skew_buffer.sv:3]
	Parameter SIZE bound to: 32'sb00000000000000000000000000000100 
	Parameter DATA_WIDTH bound to: 32'sb00000000000000000000000000001000 
INFO: [Synth 8-6155] done synthesizing module 'act_skew_buffer' (0#1) [/home/pah/fpga_cnn_accelerator/FPGA-based-CNN-Accelerator-for-autonomous-vehicles/src/rtl/mnist_classification/v4/act_skew_buffer.sv:3]
INFO: [Synth 8-6157] synthesizing module 'systolic_array' [/home/pah/fpga_cnn_accelerator/FPGA-based-CNN-Accelerator-for-autonomous-vehicles/src/rtl/mnist_classification/v4/systolic_array.sv:7]
	Parameter SIZE bound to: 32'sb00000000000000000000000000000100 
	Parameter DATA_WIDTH bound to: 32'sb00000000000000000000000000001000 
	Parameter LOCAL_PSUM_WIDTH bound to: 32'sb00000000000000000000000000010010 
	Parameter NUM_TILES bound to: 32'sb00000000000000000000000010000000 
	Parameter ACC_WIDTH bound to: 32'sb00000000000000000000000000100000 
	Parameter ENABLE_LOCAL_ACCUM bound to: 1'b0 
INFO: [Synth 8-6157] synthesizing module 'pe' [/home/pah/fpga_cnn_accelerator/FPGA-based-CNN-Accelerator-for-autonomous-vehicles/src/rtl/mnist_classification/v4/pe.sv:3]
	Parameter DATA_WIDTH bound to: 32'sb00000000000000000000000000001000 
	Parameter LOCAL_PSUM_WIDTH bound to: 32'sb00000000000000000000000000010010 
INFO: [Synth 8-6157] synthesizing module 'multiplier' [/home/pah/fpga_cnn_accelerator/FPGA-based-CNN-Accelerator-for-autonomous-vehicles/src/rtl/mnist_classification/v4/multiplier.sv:15]
	Parameter DATA_WIDTH bound to: 8 - type: integer 
INFO: [Synth 8-6155] done synthesizing module 'multiplier' (0#1) [/home/pah/fpga_cnn_accelerator/FPGA-based-CNN-Accelerator-for-autonomous-vehicles/src/rtl/mnist_classification/v4/multiplier.sv:15]
INFO: [Synth 8-6155] done synthesizing module 'pe' (0#1) [/home/pah/fpga_cnn_accelerator/FPGA-based-CNN-Accelerator-for-autonomous-vehicles/src/rtl/mnist_classification/v4/pe.sv:3]
INFO: [Synth 8-6155] done synthesizing module 'systolic_array' (0#1) [/home/pah/fpga_cnn_accelerator/FPGA-based-CNN-Accelerator-for-autonomous-vehicles/src/rtl/mnist_classification/v4/systolic_array.sv:7]
INFO: [Synth 8-6155] done synthesizing module 'mxu' (0#1) [/home/pah/fpga_cnn_accelerator/FPGA-based-CNN-Accelerator-for-autonomous-vehicles/src/rtl/mnist_classification/v4/mxu.sv:3]
INFO: [Synth 8-6157] synthesizing module 'psum_packer' [/home/pah/fpga_cnn_accelerator/FPGA-based-CNN-Accelerator-for-autonomous-vehicles/src/rtl/mnist_classification/v4/psum_packer.sv:9]
	Parameter SIZE bound to: 32'sb00000000000000000000000000000100 
	Parameter LOCAL_PSUM_WIDTH bound to: 32'sb00000000000000000000000000010010 
	Parameter ADDR_WIDTH bound to: 32'sb00000000000000000000000000000100 
INFO: [Synth 8-294] found qualifier unique on case statement: implementing as parallel_case [/home/pah/fpga_cnn_accelerator/FPGA-based-CNN-Accelerator-for-autonomous-vehicles/src/rtl/mnist_classification/v4/psum_packer.sv:352]
INFO: [Synth 8-294] found qualifier unique on case statement: implementing as parallel_case [/home/pah/fpga_cnn_accelerator/FPGA-based-CNN-Accelerator-for-autonomous-vehicles/src/rtl/mnist_classification/v4/psum_packer.sv:352]
INFO: [Synth 8-294] found qualifier unique on case statement: implementing as parallel_case [/home/pah/fpga_cnn_accelerator/FPGA-based-CNN-Accelerator-for-autonomous-vehicles/src/rtl/mnist_classification/v4/psum_packer.sv:352]
INFO: [Synth 8-294] found qualifier unique on case statement: implementing as parallel_case [/home/pah/fpga_cnn_accelerator/FPGA-based-CNN-Accelerator-for-autonomous-vehicles/src/rtl/mnist_classification/v4/psum_packer.sv:352]
INFO: [Synth 8-6155] done synthesizing module 'psum_packer' (0#1) [/home/pah/fpga_cnn_accelerator/FPGA-based-CNN-Accelerator-for-autonomous-vehicles/src/rtl/mnist_classification/v4/psum_packer.sv:9]
INFO: [Synth 8-6157] synthesizing module 'accumulator_array' [/home/pah/fpga_cnn_accelerator/FPGA-based-CNN-Accelerator-for-autonomous-vehicles/src/rtl/mnist_classification/v4/accumulator_array.sv:4]
	Parameter SIZE bound to: 32'sb00000000000000000000000000000100 
	Parameter LOCAL_PSUM_WIDTH bound to: 32'sb00000000000000000000000000010010 
	Parameter ACC_WIDTH bound to: 32'sb00000000000000000000000000100000 
	Parameter DEPTH bound to: 32'sb00000000000000000000000000010000 
	Parameter ADDR_WIDTH bound to: 32'sb00000000000000000000000000000100 
	Parameter NUM_TILES bound to: 32'sb00000000000000000000000010000000 
	Parameter TILE_COUNT_WIDTH bound to: 32'sb00000000000000000000000000001000 
INFO: [Synth 8-6155] done synthesizing module 'accumulator_array' (0#1) [/home/pah/fpga_cnn_accelerator/FPGA-based-CNN-Accelerator-for-autonomous-vehicles/src/rtl/mnist_classification/v4/accumulator_array.sv:4]
INFO: [Synth 8-6157] synthesizing module 'vector_processing_unit' [/home/pah/fpga_cnn_accelerator/FPGA-based-CNN-Accelerator-for-autonomous-vehicles/src/rtl/mnist_classification/v4/vector_processing_unit.sv:3]
	Parameter SIZE bound to: 32'sb00000000000000000000000000000100 
	Parameter ACC_WIDTH bound to: 32'sb00000000000000000000000000100000 
	Parameter ACT_WIDTH bound to: 32'sb00000000000000000000000000100000 
	Parameter OUT_WIDTH bound to: 32'sb00000000000000000000000000001000 
	Parameter ACT_MODE bound to: 32'sb00000000000000000000000000000001 
	Parameter ACT_CLIP_MAX bound to: 32'sb00000000000000000000000000000110 
	Parameter ACT_INPUT_SHIFT bound to: 32'sb00000000000000000000000000000000 
	Parameter ACT_FRAC_BITS bound to: 32'sb00000000000000000000000000001000 
	Parameter QUANT_ENABLE bound to: 1'b1 
	Parameter BIAS_WIDTH bound to: 32'sb00000000000000000000000000100000 
	Parameter REQUANT_MULT_WIDTH bound to: 32'sb00000000000000000000000000100000 
	Parameter REQUANT_SHIFT_WIDTH bound to: 32'sb00000000000000000000000000000110 
	Parameter QUANT_CLAMP_MIN bound to: 32'sb11111111111111111111111110000000 
	Parameter QUANT_CLAMP_MAX bound to: 32'sb00000000000000000000000001111111 
	Parameter NORM_SHIFT bound to: 32'sb00000000000000000000000000000000 
	Parameter NORM_ROUND_ENABLE bound to: 1'b1 
	Parameter POOL_MODE bound to: 32'sb00000000000000000000000000000000 
	Parameter POOL_WINDOW bound to: 32'sb00000000000000000000000000000010 
INFO: [Synth 8-6157] synthesizing module 'post_process' [/home/pah/fpga_cnn_accelerator/FPGA-based-CNN-Accelerator-for-autonomous-vehicles/src/rtl/mnist_classification/v4/post_process.sv:3]
	Parameter SIZE bound to: 32'sb00000000000000000000000000000100 
	Parameter ACC_WIDTH bound to: 32'sb00000000000000000000000000100000 
	Parameter ACT_WIDTH bound to: 32'sb00000000000000000000000000100000 
	Parameter OUT_WIDTH bound to: 32'sb00000000000000000000000000001000 
	Parameter ACT_MODE bound to: 32'sb00000000000000000000000000000001 
	Parameter ACT_CLIP_MAX bound to: 32'sb00000000000000000000000000000110 
	Parameter ACT_INPUT_SHIFT bound to: 32'sb00000000000000000000000000000000 
	Parameter ACT_FRAC_BITS bound to: 32'sb00000000000000000000000000001000 
	Parameter QUANT_ENABLE bound to: 1'b1 
	Parameter BIAS_WIDTH bound to: 32'sb00000000000000000000000000100000 
	Parameter REQUANT_MULT_WIDTH bound to: 32'sb00000000000000000000000000100000 
	Parameter REQUANT_SHIFT_WIDTH bound to: 32'sb00000000000000000000000000000110 
	Parameter QUANT_CLAMP_MIN bound to: 32'sb11111111111111111111111110000000 
	Parameter QUANT_CLAMP_MAX bound to: 32'sb00000000000000000000000001111111 
	Parameter NORM_SHIFT bound to: 32'sb00000000000000000000000000000000 
	Parameter NORM_ROUND_ENABLE bound to: 1'b1 
	Parameter POOL_MODE bound to: 32'sb00000000000000000000000000000000 
	Parameter POOL_WINDOW bound to: 32'sb00000000000000000000000000000010 
INFO: [Synth 8-6157] synthesizing module 'bias_requantize' [/home/pah/fpga_cnn_accelerator/FPGA-based-CNN-Accelerator-for-autonomous-vehicles/src/rtl/mnist_classification/v4/bias_requantize.sv:4]
	Parameter SIZE bound to: 32'sb00000000000000000000000000000100 
	Parameter ACC_WIDTH bound to: 32'sb00000000000000000000000000100000 
	Parameter BIAS_WIDTH bound to: 32'sb00000000000000000000000000100000 
	Parameter REQUANT_MULT_WIDTH bound to: 32'sb00000000000000000000000000100000 
	Parameter REQUANT_SHIFT_WIDTH bound to: 32'sb00000000000000000000000000000110 
	Parameter QUANT_CLAMP_MIN bound to: 32'sb11111111111111111111111110000000 
	Parameter QUANT_CLAMP_MAX bound to: 32'sb00000000000000000000000001111111 
INFO: [Synth 8-6155] done synthesizing module 'bias_requantize' (0#1) [/home/pah/fpga_cnn_accelerator/FPGA-based-CNN-Accelerator-for-autonomous-vehicles/src/rtl/mnist_classification/v4/bias_requantize.sv:4]
INFO: [Synth 8-6157] synthesizing module 'activation_array' [/home/pah/fpga_cnn_accelerator/FPGA-based-CNN-Accelerator-for-autonomous-vehicles/src/rtl/mnist_classification/v4/activation_array.sv:3]
	Parameter SIZE bound to: 32'sb00000000000000000000000000000100 
	Parameter IN_WIDTH bound to: 32'sb00000000000000000000000000100000 
	Parameter OUT_WIDTH bound to: 32'sb00000000000000000000000000100000 
	Parameter ACT_MODE bound to: 32'sb00000000000000000000000000000001 
	Parameter CLIP_MAX bound to: 32'sb00000000000000000000000000000110 
	Parameter ACT_INPUT_SHIFT bound to: 32'sb00000000000000000000000000000000 
	Parameter ACT_FRAC_BITS bound to: 32'sb00000000000000000000000000001000 
INFO: [Synth 8-6155] done synthesizing module 'activation_array' (0#1) [/home/pah/fpga_cnn_accelerator/FPGA-based-CNN-Accelerator-for-autonomous-vehicles/src/rtl/mnist_classification/v4/activation_array.sv:3]
INFO: [Synth 8-6157] synthesizing module 'normalizer' [/home/pah/fpga_cnn_accelerator/FPGA-based-CNN-Accelerator-for-autonomous-vehicles/src/rtl/mnist_classification/v4/normalizer.sv:3]
	Parameter SIZE bound to: 32'sb00000000000000000000000000000100 
	Parameter IN_WIDTH bound to: 32'sb00000000000000000000000000100000 
	Parameter OUT_WIDTH bound to: 32'sb00000000000000000000000000001000 
	Parameter NORM_SHIFT bound to: 32'sb00000000000000000000000000000000 
	Parameter ROUND_ENABLE bound to: 1'b1 
INFO: [Synth 8-6155] done synthesizing module 'normalizer' (0#1) [/home/pah/fpga_cnn_accelerator/FPGA-based-CNN-Accelerator-for-autonomous-vehicles/src/rtl/mnist_classification/v4/normalizer.sv:3]
INFO: [Synth 8-6157] synthesizing module 'pooling_unit' [/home/pah/fpga_cnn_accelerator/FPGA-based-CNN-Accelerator-for-autonomous-vehicles/src/rtl/mnist_classification/v4/pooling_unit.sv:3]
	Parameter SIZE bound to: 32'sb00000000000000000000000000000100 
	Parameter DATA_WIDTH bound to: 32'sb00000000000000000000000000001000 
	Parameter POOL_MODE bound to: 32'sb00000000000000000000000000000000 
	Parameter POOL_WINDOW bound to: 32'sb00000000000000000000000000000010 
INFO: [Synth 8-6155] done synthesizing module 'pooling_unit' (0#1) [/home/pah/fpga_cnn_accelerator/FPGA-based-CNN-Accelerator-for-autonomous-vehicles/src/rtl/mnist_classification/v4/pooling_unit.sv:3]
INFO: [Synth 8-6155] done synthesizing module 'post_process' (0#1) [/home/pah/fpga_cnn_accelerator/FPGA-based-CNN-Accelerator-for-autonomous-vehicles/src/rtl/mnist_classification/v4/post_process.sv:3]
INFO: [Synth 8-6155] done synthesizing module 'vector_processing_unit' (0#1) [/home/pah/fpga_cnn_accelerator/FPGA-based-CNN-Accelerator-for-autonomous-vehicles/src/rtl/mnist_classification/v4/vector_processing_unit.sv:3]
INFO: [Synth 8-6155] done synthesizing module 'datapath' (0#1) [/home/pah/fpga_cnn_accelerator/FPGA-based-CNN-Accelerator-for-autonomous-vehicles/src/rtl/mnist_classification/v4/datapath.sv:4]
INFO: [Synth 8-6157] synthesizing module 'maxpool2d' [/home/pah/fpga_cnn_accelerator/FPGA-based-CNN-Accelerator-for-autonomous-vehicles/src/rtl/mnist_classification/v4/maxpool2d.sv:4]
	Parameter DATA_WIDTH bound to: 32'sb00000000000000000000000000001000 
	Parameter BANK_DEPTH bound to: 32'sb00000000000000000010000000000000 
	Parameter ADDR_WIDTH bound to: 32'sb00000000000000000000000000001101 
	Parameter DIM_WIDTH bound to: 32'sb00000000000000000000000000010000 
INFO: [Synth 8-294] found qualifier unique on case statement: implementing as parallel_case [/home/pah/fpga_cnn_accelerator/FPGA-based-CNN-Accelerator-for-autonomous-vehicles/src/rtl/mnist_classification/v4/maxpool2d.sv:158]
INFO: [Synth 8-6155] done synthesizing module 'maxpool2d' (0#1) [/home/pah/fpga_cnn_accelerator/FPGA-based-CNN-Accelerator-for-autonomous-vehicles/src/rtl/mnist_classification/v4/maxpool2d.sv:4]
INFO: [Synth 8-294] found qualifier unique on case statement: implementing as parallel_case [/home/pah/fpga_cnn_accelerator/FPGA-based-CNN-Accelerator-for-autonomous-vehicles/src/rtl/mnist_classification/v4/top.sv:735]
INFO: [Synth 8-294] found qualifier unique on case statement: implementing as parallel_case [/home/pah/fpga_cnn_accelerator/FPGA-based-CNN-Accelerator-for-autonomous-vehicles/src/rtl/mnist_classification/v4/top.sv:747]
INFO: [Synth 8-294] found qualifier unique on case statement: implementing as parallel_case [/home/pah/fpga_cnn_accelerator/FPGA-based-CNN-Accelerator-for-autonomous-vehicles/src/rtl/mnist_classification/v4/top.sv:923]
INFO: [Synth 8-6155] done synthesizing module 'top' (0#1) [/home/pah/fpga_cnn_accelerator/FPGA-based-CNN-Accelerator-for-autonomous-vehicles/src/rtl/mnist_classification/v4/top.sv:6]
INFO: [Synth 8-294] found qualifier unique on case statement: implementing as parallel_case [/home/pah/fpga_cnn_accelerator/FPGA-based-CNN-Accelerator-for-autonomous-vehicles/src/rtl/mnist_classification/v4/top_axi_lite.sv:668]
INFO: [Synth 8-6155] done synthesizing module 'top_axi_lite' (0#1) [/home/pah/fpga_cnn_accelerator/FPGA-based-CNN-Accelerator-for-autonomous-vehicles/src/rtl/mnist_classification/v4/top_axi_lite.sv:4]
WARNING: [Synth 8-6014] Unused sequential element tag_wr_ptr_q_reg was removed.  [/home/pah/fpga_cnn_accelerator/FPGA-based-CNN-Accelerator-for-autonomous-vehicles/src/rtl/mnist_classification/v4/controller_kloop.sv:830]
WARNING: [Synth 8-6014] Unused sequential element tag_rd_ptr_q_reg was removed.  [/home/pah/fpga_cnn_accelerator/FPGA-based-CNN-Accelerator-for-autonomous-vehicles/src/rtl/mnist_classification/v4/controller_kloop.sv:778]
WARNING: [Synth 8-6014] Unused sequential element tag_count_q_reg was removed.  [/home/pah/fpga_cnn_accelerator/FPGA-based-CNN-Accelerator-for-autonomous-vehicles/src/rtl/mnist_classification/v4/controller_kloop.sv:778]
WARNING: [Synth 8-6014] Unused sequential element tag_mem_q_reg[0] was removed.  [/home/pah/fpga_cnn_accelerator/FPGA-based-CNN-Accelerator-for-autonomous-vehicles/src/rtl/mnist_classification/v4/controller_kloop.sv:778]
WARNING: [Synth 8-6014] Unused sequential element tag_mem_q_reg[1] was removed.  [/home/pah/fpga_cnn_accelerator/FPGA-based-CNN-Accelerator-for-autonomous-vehicles/src/rtl/mnist_classification/v4/controller_kloop.sv:778]
WARNING: [Synth 8-6014] Unused sequential element tag_mem_q_reg[2] was removed.  [/home/pah/fpga_cnn_accelerator/FPGA-based-CNN-Accelerator-for-autonomous-vehicles/src/rtl/mnist_classification/v4/controller_kloop.sv:778]
WARNING: [Synth 8-6014] Unused sequential element tag_mem_q_reg[3] was removed.  [/home/pah/fpga_cnn_accelerator/FPGA-based-CNN-Accelerator-for-autonomous-vehicles/src/rtl/mnist_classification/v4/controller_kloop.sv:778]
WARNING: [Synth 8-6014] Unused sequential element tag_mem_q_reg[4] was removed.  [/home/pah/fpga_cnn_accelerator/FPGA-based-CNN-Accelerator-for-autonomous-vehicles/src/rtl/mnist_classification/v4/controller_kloop.sv:778]
WARNING: [Synth 8-6014] Unused sequential element tag_mem_q_reg[5] was removed.  [/home/pah/fpga_cnn_accelerator/FPGA-based-CNN-Accelerator-for-autonomous-vehicles/src/rtl/mnist_classification/v4/controller_kloop.sv:778]
WARNING: [Synth 8-6014] Unused sequential element tag_mem_q_reg[6] was removed.  [/home/pah/fpga_cnn_accelerator/FPGA-based-CNN-Accelerator-for-autonomous-vehicles/src/rtl/mnist_classification/v4/controller_kloop.sv:778]
WARNING: [Synth 8-6014] Unused sequential element tag_mem_q_reg[7] was removed.  [/home/pah/fpga_cnn_accelerator/FPGA-based-CNN-Accelerator-for-autonomous-vehicles/src/rtl/mnist_classification/v4/controller_kloop.sv:778]
WARNING: [Synth 8-6014] Unused sequential element tag_mem_q_reg[8] was removed.  [/home/pah/fpga_cnn_accelerator/FPGA-based-CNN-Accelerator-for-autonomous-vehicles/src/rtl/mnist_classification/v4/controller_kloop.sv:778]
WARNING: [Synth 8-6014] Unused sequential element tag_mem_q_reg[9] was removed.  [/home/pah/fpga_cnn_accelerator/FPGA-based-CNN-Accelerator-for-autonomous-vehicles/src/rtl/mnist_classification/v4/controller_kloop.sv:778]
WARNING: [Synth 8-6014] Unused sequential element tag_mem_q_reg[10] was removed.  [/home/pah/fpga_cnn_accelerator/FPGA-based-CNN-Accelerator-for-autonomous-vehicles/src/rtl/mnist_classification/v4/controller_kloop.sv:778]
WARNING: [Synth 8-6014] Unused sequential element tag_mem_q_reg[11] was removed.  [/home/pah/fpga_cnn_accelerator/FPGA-based-CNN-Accelerator-for-autonomous-vehicles/src/rtl/mnist_classification/v4/controller_kloop.sv:778]
WARNING: [Synth 8-6014] Unused sequential element tag_mem_q_reg[12] was removed.  [/home/pah/fpga_cnn_accelerator/FPGA-based-CNN-Accelerator-for-autonomous-vehicles/src/rtl/mnist_classification/v4/controller_kloop.sv:778]
WARNING: [Synth 8-6014] Unused sequential element tag_mem_q_reg[13] was removed.  [/home/pah/fpga_cnn_accelerator/FPGA-based-CNN-Accelerator-for-autonomous-vehicles/src/rtl/mnist_classification/v4/controller_kloop.sv:778]
WARNING: [Synth 8-6014] Unused sequential element tag_mem_q_reg[14] was removed.  [/home/pah/fpga_cnn_accelerator/FPGA-based-CNN-Accelerator-for-autonomous-vehicles/src/rtl/mnist_classification/v4/controller_kloop.sv:778]
WARNING: [Synth 8-6014] Unused sequential element tag_mem_q_reg[15] was removed.  [/home/pah/fpga_cnn_accelerator/FPGA-based-CNN-Accelerator-for-autonomous-vehicles/src/rtl/mnist_classification/v4/controller_kloop.sv:778]
WARNING: [Synth 8-6014] Unused sequential element pool_count_q_reg was removed.  [/home/pah/fpga_cnn_accelerator/FPGA-based-CNN-Accelerator-for-autonomous-vehicles/src/rtl/mnist_classification/v4/pooling_unit.sv:54]
WARNING: [Synth 8-6014] Unused sequential element pool_sum_q_reg[0] was removed.  [/home/pah/fpga_cnn_accelerator/FPGA-based-CNN-Accelerator-for-autonomous-vehicles/src/rtl/mnist_classification/v4/pooling_unit.sv:57]
WARNING: [Synth 8-6014] Unused sequential element pool_sum_q_reg[1] was removed.  [/home/pah/fpga_cnn_accelerator/FPGA-based-CNN-Accelerator-for-autonomous-vehicles/src/rtl/mnist_classification/v4/pooling_unit.sv:57]
WARNING: [Synth 8-6014] Unused sequential element pool_sum_q_reg[2] was removed.  [/home/pah/fpga_cnn_accelerator/FPGA-based-CNN-Accelerator-for-autonomous-vehicles/src/rtl/mnist_classification/v4/pooling_unit.sv:57]
WARNING: [Synth 8-6014] Unused sequential element pool_sum_q_reg[3] was removed.  [/home/pah/fpga_cnn_accelerator/FPGA-based-CNN-Accelerator-for-autonomous-vehicles/src/rtl/mnist_classification/v4/pooling_unit.sv:57]
WARNING: [Synth 8-6014] Unused sequential element pool_max_q_reg[0] was removed.  [/home/pah/fpga_cnn_accelerator/FPGA-based-CNN-Accelerator-for-autonomous-vehicles/src/rtl/mnist_classification/v4/pooling_unit.sv:58]
WARNING: [Synth 8-6014] Unused sequential element pool_max_q_reg[1] was removed.  [/home/pah/fpga_cnn_accelerator/FPGA-based-CNN-Accelerator-for-autonomous-vehicles/src/rtl/mnist_classification/v4/pooling_unit.sv:58]
WARNING: [Synth 8-6014] Unused sequential element pool_max_q_reg[2] was removed.  [/home/pah/fpga_cnn_accelerator/FPGA-based-CNN-Accelerator-for-autonomous-vehicles/src/rtl/mnist_classification/v4/pooling_unit.sv:58]
WARNING: [Synth 8-6014] Unused sequential element pool_max_q_reg[3] was removed.  [/home/pah/fpga_cnn_accelerator/FPGA-based-CNN-Accelerator-for-autonomous-vehicles/src/rtl/mnist_classification/v4/pooling_unit.sv:58]
WARNING: [Synth 8-6014] Unused sequential element merged_addr_reg was removed.  [/home/pah/fpga_cnn_accelerator/FPGA-based-CNN-Accelerator-for-autonomous-vehicles/src/rtl/mnist_classification/v4/top_axi_lite.sv:693]
WARNING: [Synth 8-3917] design top_axi_lite has port s_axi_bresp[1] driven by constant 0
WARNING: [Synth 8-3917] design top_axi_lite has port s_axi_bresp[0] driven by constant 0
WARNING: [Synth 8-3917] design top_axi_lite has port s_axi_rresp[1] driven by constant 0
WARNING: [Synth 8-3917] design top_axi_lite has port s_axi_rresp[0] driven by constant 0
WARNING: [Synth 8-7129] Port work_i in module systolic_array is either unconnected or has no load
WARNING: [Synth 8-7129] Port num_tiles_i[7] in module systolic_array is either unconnected or has no load
WARNING: [Synth 8-7129] Port num_tiles_i[6] in module systolic_array is either unconnected or has no load
WARNING: [Synth 8-7129] Port num_tiles_i[5] in module systolic_array is either unconnected or has no load
WARNING: [Synth 8-7129] Port num_tiles_i[4] in module systolic_array is either unconnected or has no load
WARNING: [Synth 8-7129] Port num_tiles_i[3] in module systolic_array is either unconnected or has no load
WARNING: [Synth 8-7129] Port num_tiles_i[2] in module systolic_array is either unconnected or has no load
WARNING: [Synth 8-7129] Port num_tiles_i[1] in module systolic_array is either unconnected or has no load
WARNING: [Synth 8-7129] Port num_tiles_i[0] in module systolic_array is either unconnected or has no load
WARNING: [Synth 8-7129] Port in_h_i[15] in module address_generator is either unconnected or has no load
WARNING: [Synth 8-7129] Port in_h_i[14] in module address_generator is either unconnected or has no load
WARNING: [Synth 8-7129] Port in_h_i[13] in module address_generator is either unconnected or has no load
WARNING: [Synth 8-7129] Port in_h_i[12] in module address_generator is either unconnected or has no load
WARNING: [Synth 8-7129] Port in_h_i[11] in module address_generator is either unconnected or has no load
WARNING: [Synth 8-7129] Port in_h_i[10] in module address_generator is either unconnected or has no load
WARNING: [Synth 8-7129] Port in_h_i[9] in module address_generator is either unconnected or has no load
WARNING: [Synth 8-7129] Port in_h_i[8] in module address_generator is either unconnected or has no load
WARNING: [Synth 8-7129] Port in_h_i[7] in module address_generator is either unconnected or has no load
WARNING: [Synth 8-7129] Port in_h_i[6] in module address_generator is either unconnected or has no load
WARNING: [Synth 8-7129] Port in_h_i[5] in module address_generator is either unconnected or has no load
WARNING: [Synth 8-7129] Port in_h_i[4] in module address_generator is either unconnected or has no load
WARNING: [Synth 8-7129] Port in_h_i[3] in module address_generator is either unconnected or has no load
WARNING: [Synth 8-7129] Port in_h_i[2] in module address_generator is either unconnected or has no load
WARNING: [Synth 8-7129] Port in_h_i[1] in module address_generator is either unconnected or has no load
WARNING: [Synth 8-7129] Port in_h_i[0] in module address_generator is either unconnected or has no load
WARNING: [Synth 8-7129] Port in_w_i[15] in module address_generator is either unconnected or has no load
WARNING: [Synth 8-7129] Port in_w_i[14] in module address_generator is either unconnected or has no load
WARNING: [Synth 8-7129] Port in_w_i[13] in module address_generator is either unconnected or has no load
WARNING: [Synth 8-7129] Port in_w_i[12] in module address_generator is either unconnected or has no load
WARNING: [Synth 8-7129] Port in_w_i[11] in module address_generator is either unconnected or has no load
WARNING: [Synth 8-7129] Port in_w_i[10] in module address_generator is either unconnected or has no load
WARNING: [Synth 8-7129] Port in_w_i[9] in module address_generator is either unconnected or has no load
WARNING: [Synth 8-7129] Port in_w_i[8] in module address_generator is either unconnected or has no load
WARNING: [Synth 8-7129] Port in_w_i[7] in module address_generator is either unconnected or has no load
WARNING: [Synth 8-7129] Port in_w_i[6] in module address_generator is either unconnected or has no load
WARNING: [Synth 8-7129] Port in_w_i[5] in module address_generator is either unconnected or has no load
WARNING: [Synth 8-7129] Port in_w_i[4] in module address_generator is either unconnected or has no load
WARNING: [Synth 8-7129] Port in_w_i[3] in module address_generator is either unconnected or has no load
WARNING: [Synth 8-7129] Port in_w_i[2] in module address_generator is either unconnected or has no load
WARNING: [Synth 8-7129] Port in_w_i[1] in module address_generator is either unconnected or has no load
WARNING: [Synth 8-7129] Port in_w_i[0] in module address_generator is either unconnected or has no load
WARNING: [Synth 8-7129] Port kernel_h_i[15] in module address_generator is either unconnected or has no load
WARNING: [Synth 8-7129] Port kernel_h_i[14] in module address_generator is either unconnected or has no load
WARNING: [Synth 8-7129] Port kernel_h_i[13] in module address_generator is either unconnected or has no load
WARNING: [Synth 8-7129] Port kernel_h_i[12] in module address_generator is either unconnected or has no load
WARNING: [Synth 8-7129] Port kernel_h_i[11] in module address_generator is either unconnected or has no load
WARNING: [Synth 8-7129] Port kernel_h_i[10] in module address_generator is either unconnected or has no load
WARNING: [Synth 8-7129] Port kernel_h_i[9] in module address_generator is either unconnected or has no load
WARNING: [Synth 8-7129] Port kernel_h_i[8] in module address_generator is either unconnected or has no load
WARNING: [Synth 8-7129] Port kernel_h_i[7] in module address_generator is either unconnected or has no load
WARNING: [Synth 8-7129] Port kernel_h_i[6] in module address_generator is either unconnected or has no load
WARNING: [Synth 8-7129] Port kernel_h_i[5] in module address_generator is either unconnected or has no load
WARNING: [Synth 8-7129] Port kernel_h_i[4] in module address_generator is either unconnected or has no load
WARNING: [Synth 8-7129] Port kernel_h_i[3] in module address_generator is either unconnected or has no load
WARNING: [Synth 8-7129] Port kernel_h_i[2] in module address_generator is either unconnected or has no load
WARNING: [Synth 8-7129] Port kernel_h_i[1] in module address_generator is either unconnected or has no load
WARNING: [Synth 8-7129] Port kernel_h_i[0] in module address_generator is either unconnected or has no load
WARNING: [Synth 8-7129] Port kernel_w_i[15] in module address_generator is either unconnected or has no load
WARNING: [Synth 8-7129] Port kernel_w_i[14] in module address_generator is either unconnected or has no load
WARNING: [Synth 8-7129] Port kernel_w_i[13] in module address_generator is either unconnected or has no load
WARNING: [Synth 8-7129] Port kernel_w_i[12] in module address_generator is either unconnected or has no load
WARNING: [Synth 8-7129] Port kernel_w_i[11] in module address_generator is either unconnected or has no load
WARNING: [Synth 8-7129] Port kernel_w_i[10] in module address_generator is either unconnected or has no load
WARNING: [Synth 8-7129] Port kernel_w_i[9] in module address_generator is either unconnected or has no load
WARNING: [Synth 8-7129] Port kernel_w_i[8] in module address_generator is either unconnected or has no load
WARNING: [Synth 8-7129] Port kernel_w_i[7] in module address_generator is either unconnected or has no load
WARNING: [Synth 8-7129] Port kernel_w_i[6] in module address_generator is either unconnected or has no load
WARNING: [Synth 8-7129] Port kernel_w_i[5] in module address_generator is either unconnected or has no load
WARNING: [Synth 8-7129] Port kernel_w_i[4] in module address_generator is either unconnected or has no load
WARNING: [Synth 8-7129] Port kernel_w_i[3] in module address_generator is either unconnected or has no load
WARNING: [Synth 8-7129] Port kernel_w_i[2] in module address_generator is either unconnected or has no load
WARNING: [Synth 8-7129] Port kernel_w_i[1] in module address_generator is either unconnected or has no load
WARNING: [Synth 8-7129] Port kernel_w_i[0] in module address_generator is either unconnected or has no load
WARNING: [Synth 8-7129] Port s_axi_wdata[23] in module top_axi_lite is either unconnected or has no load
WARNING: [Synth 8-7129] Port s_axi_wdata[22] in module top_axi_lite is either unconnected or has no load
WARNING: [Synth 8-7129] Port s_axi_wdata[21] in module top_axi_lite is either unconnected or has no load
WARNING: [Synth 8-7129] Port s_axi_wdata[20] in module top_axi_lite is either unconnected or has no load
WARNING: [Synth 8-7129] Port s_axi_wdata[19] in module top_axi_lite is either unconnected or has no load
WARNING: [Synth 8-7129] Port s_axi_wdata[18] in module top_axi_lite is either unconnected or has no load
WARNING: [Synth 8-7129] Port s_axi_wdata[17] in module top_axi_lite is either unconnected or has no load
WARNING: [Synth 8-7129] Port s_axi_wdata[16] in module top_axi_lite is either unconnected or has no load
WARNING: [Synth 8-7129] Port s_axi_wstrb[2] in module top_axi_lite is either unconnected or has no load
---------------------------------------------------------------------------------
Finished Synthesize : Time (s): cpu = 00:00:06 ; elapsed = 00:00:06 . Memory (MB): peak = 2354.070 ; gain = 716.336 ; free physical = 5608 ; free virtual = 36723
---------------------------------------------------------------------------------
---------------------------------------------------------------------------------
Finished Constraint Validation : Time (s): cpu = 00:00:07 ; elapsed = 00:00:07 . Memory (MB): peak = 2354.070 ; gain = 716.336 ; free physical = 5348 ; free virtual = 36467
---------------------------------------------------------------------------------
---------------------------------------------------------------------------------
Start Loading Part and Timing Information
---------------------------------------------------------------------------------
Loading part: xczu7ev-ffvc1156-2-e
INFO: [Synth 8-6742] Reading net delay rules and data
INFO: [Device 21-403] Loading part xczu7ev-ffvc1156-2-e
---------------------------------------------------------------------------------
Finished Loading Part and Timing Information : Time (s): cpu = 00:00:07 ; elapsed = 00:00:07 . Memory (MB): peak = 2354.070 ; gain = 716.336 ; free physical = 5352 ; free virtual = 36472
---------------------------------------------------------------------------------
INFO: [Synth 8-802] inferred FSM for state register 'state_q_reg' in module 'controller_kloop'
INFO: [Synth 8-802] inferred FSM for state register 'state_q_reg' in module 'controller_layer'
INFO: [Synth 8-802] inferred FSM for state register 'state_reg' in module 'weight_fetcher'
INFO: [Synth 8-802] inferred FSM for state register 'state_q_reg' in module 'maxpool2d'
INFO: [Synth 8-802] inferred FSM for state register 'state_q_reg' in module 'top'
---------------------------------------------------------------------------------------------------
                   State |                     New Encoding |                Previous Encoding 
---------------------------------------------------------------------------------------------------
                  S_IDLE |                            01010 |                            00000
       S_CLEAR_ACC_BLOCK |                            01000 |                            00001
             S_FETCH_ROM |                            00111 |                            00010
              S_WAIT_ROM |                            00101 |                            00011
      S_WRITE_WEIGHT_ROW |                            00110 |                            00100
      S_WAIT_WEIGHT_LOAD |                            01100 |                            00110
          S_READ_ACT_REQ |                            01110 |                            00111
         S_READ_ACT_WAIT |                            01111 |                            01000
             S_DRAIN_MXU |                            01011 |                            01010
        S_WAIT_ACC_READY |                            01001 |                            01011
          S_READ_ACC_ROW |                            00100 |                            01100
       S_WAIT_VPU_OUTPUT |                            00010 |                            01101
     S_WRITE_OUTPUT_LANE |                            00000 |                            01110
                  S_DONE |                            00001 |                            01111
     S_START_WEIGHT_LOAD |                            01101 |                            00101
                 S_ERROR |                            00011 |                            10000
---------------------------------------------------------------------------------------------------
INFO: [Synth 8-3354] encoded FSM with state register 'state_q_reg' using encoding 'sequential' in module 'controller_kloop'
---------------------------------------------------------------------------------------------------
                   State |                     New Encoding |                Previous Encoding 
---------------------------------------------------------------------------------------------------
                  S_IDLE |                              000 |                            00000
            S_START_TILE |                              001 |                            00001
              S_RUN_TILE |                              010 |                            00010
                 S_ERROR |                              011 |                            00100
                  S_DONE |                              100 |                            00011
---------------------------------------------------------------------------------------------------
INFO: [Synth 8-3354] encoded FSM with state register 'state_q_reg' using encoding 'sequential' in module 'controller_layer'
---------------------------------------------------------------------------------------------------
                   State |                     New Encoding |                Previous Encoding 
---------------------------------------------------------------------------------------------------
                    IDLE |                             0001 |                               00
               POP_FIRST |                             0010 |                               01
               LOAD_ROWS |                             0100 |                               10
                  SWITCH |                             1000 |                               11
---------------------------------------------------------------------------------------------------
INFO: [Synth 8-3354] encoded FSM with state register 'state_reg' using encoding 'one-hot' in module 'weight_fetcher'
---------------------------------------------------------------------------------------------------
                   State |                     New Encoding |                Previous Encoding 
---------------------------------------------------------------------------------------------------
                  S_IDLE |                              000 |                             0000
              S_VALIDATE |                              001 |                             0001
              S_READ_REQ |                              010 |                             0010
             S_READ_WAIT |                              011 |                             0011
                 S_WRITE |                              100 |                             0100
                 S_ERROR |                              101 |                             0111
               S_ADVANCE |                              110 |                             0101
                  S_DONE |                              111 |                             0110
---------------------------------------------------------------------------------------------------
INFO: [Synth 8-3354] encoded FSM with state register 'state_q_reg' using encoding 'sequential' in module 'maxpool2d'
---------------------------------------------------------------------------------------------------
                   State |                     New Encoding |                Previous Encoding 
---------------------------------------------------------------------------------------------------
                  S_IDLE |                             0001 |                            00000
           S_START_CONV1 |                             0010 |                            00001
             S_RUN_CONV1 |                             1100 |                            00010
           S_START_POOL1 |                             1001 |                            00011
             S_RUN_POOL1 |                             1010 |                            00100
           S_START_CONV2 |                             1000 |                            00101
             S_RUN_CONV2 |                             0111 |                            00110
           S_START_POOL2 |                             0011 |                            00111
             S_RUN_POOL2 |                             0100 |                            01000
             S_START_FC1 |                             0101 |                            01001
               S_RUN_FC1 |                             0110 |                            01010
             S_START_FC2 |                             1110 |                            01011
               S_RUN_FC2 |                             1101 |                            01100
                 S_ERROR |                             0000 |                            01110
                  S_DONE |                             1011 |                            01101
---------------------------------------------------------------------------------------------------
INFO: [Synth 8-3354] encoded FSM with state register 'state_q_reg' using encoding 'sequential' in module 'top'
---------------------------------------------------------------------------------
Finished RTL Optimization Phase 2 : Time (s): cpu = 00:00:20 ; elapsed = 00:00:18 . Memory (MB): peak = 3678.359 ; gain = 2040.625 ; free physical = 4027 ; free virtual = 35191
---------------------------------------------------------------------------------
No constraint files found.
---------------------------------------------------------------------------------
Start RTL Component Statistics 
---------------------------------------------------------------------------------
Detailed RTL Component Info : 
+---Adders : 
	   3 Input   66 Bit       Adders := 4     
	   2 Input   66 Bit       Adders := 4     
	   2 Input   65 Bit       Adders := 4     
	   2 Input   33 Bit       Adders := 4     
	   2 Input   32 Bit       Adders := 232   
	   3 Input   32 Bit       Adders := 4     
	  17 Input   32 Bit       Adders := 1     
	  16 Input   32 Bit       Adders := 1     
	   2 Input   19 Bit       Adders := 16    
	   4 Input   18 Bit       Adders := 1     
	   2 Input   16 Bit       Adders := 50    
	   5 Input   16 Bit       Adders := 4     
	   3 Input   16 Bit       Adders := 20    
	   6 Input   16 Bit       Adders := 4     
	   3 Input   11 Bit       Adders := 1     
	   2 Input    8 Bit       Adders := 3     
	   3 Input    8 Bit       Adders := 1     
	   2 Input    6 Bit       Adders := 16    
	   2 Input    5 Bit       Adders := 13    
	  16 Input    5 Bit       Adders := 1     
	   7 Input    4 Bit       Adders := 1     
	   2 Input    4 Bit       Adders := 10    
	   2 Input    3 Bit       Adders := 5     
	   2 Input    2 Bit       Adders := 2     
+---XORs : 
	   2 Input      1 Bit         XORs := 24    
+---Registers : 
	             1056 Bit    Registers := 4     
	              544 Bit    Registers := 4     
	              128 Bit    Registers := 10    
	               72 Bit    Registers := 1     
	               32 Bit    Registers := 292   
	               24 Bit    Registers := 2     
	               18 Bit    Registers := 128   
	               16 Bit    Registers := 58    
	               13 Bit    Registers := 11    
	                8 Bit    Registers := 217   
	                6 Bit    Registers := 4     
	                5 Bit    Registers := 18    
	                4 Bit    Registers := 98    
	                3 Bit    Registers := 3     
	                2 Bit    Registers := 9     
	                1 Bit    Registers := 336   
+---Multipliers : 
	              16x32  Multipliers := 2     
+---RAMs : 
	              64K Bit	(8192 X 8 bit)          RAMs := 2     
+---ROMs : 
	                    ROMs := 16    
+---Muxes : 
	  15 Input 1056 Bit        Muxes := 4     
	  15 Input  544 Bit        Muxes := 4     
	   2 Input  128 Bit        Muxes := 22    
	   2 Input   72 Bit        Muxes := 1     
	   2 Input   66 Bit        Muxes := 4     
	   2 Input   32 Bit        Muxes := 540   
	  16 Input   32 Bit        Muxes := 35    
	   5 Input   32 Bit        Muxes := 57    
	   3 Input   32 Bit        Muxes := 4     
	   4 Input   32 Bit        Muxes := 1     
	  15 Input   32 Bit        Muxes := 65    
	   8 Input   32 Bit        Muxes := 1     
	   5 Input   18 Bit        Muxes := 1     
	   2 Input   18 Bit        Muxes := 250   
	   3 Input   18 Bit        Muxes := 2     
	   2 Input   16 Bit        Muxes := 118   
	   5 Input   16 Bit        Muxes := 3     
	   3 Input   16 Bit        Muxes := 8     
	  16 Input   16 Bit        Muxes := 11    
	   4 Input   16 Bit        Muxes := 3     
	   8 Input   16 Bit        Muxes := 3     
	  16 Input   13 Bit        Muxes := 1     
	   4 Input   13 Bit        Muxes := 2     
	   2 Input   13 Bit        Muxes := 6     
	   2 Input   11 Bit        Muxes := 4     
	   4 Input   10 Bit        Muxes := 2     
	   2 Input    8 Bit        Muxes := 212   
	   3 Input    8 Bit        Muxes := 10    
	  16 Input    8 Bit        Muxes := 11    
	   4 Input    8 Bit        Muxes := 4     
	   8 Input    8 Bit        Muxes := 1     
	   2 Input    6 Bit        Muxes := 8     
	   4 Input    6 Bit        Muxes := 4     
	   2 Input    5 Bit        Muxes := 9     
	  16 Input    5 Bit        Muxes := 4     
	  42 Input    5 Bit        Muxes := 1     
	   4 Input    5 Bit        Muxes := 6     
	   5 Input    5 Bit        Muxes := 1     
	  15 Input    5 Bit        Muxes := 1     
	   2 Input    4 Bit        Muxes := 157   
	   6 Input    4 Bit        Muxes := 1     
	   3 Input    4 Bit        Muxes := 3     
	   5 Input    4 Bit        Muxes := 1     
	  16 Input    4 Bit        Muxes := 5     
	  15 Input    4 Bit        Muxes := 1     
	   8 Input    4 Bit        Muxes := 1     
	   2 Input    3 Bit        Muxes := 37    
	   4 Input    3 Bit        Muxes := 3     
	  16 Input    3 Bit        Muxes := 1     
	   5 Input    3 Bit        Muxes := 1     
	   7 Input    3 Bit        Muxes := 1     
	   8 Input    3 Bit        Muxes := 2     
	   2 Input    2 Bit        Muxes := 31    
	   3 Input    2 Bit        Muxes := 8     
	   5 Input    2 Bit        Muxes := 1     
	  16 Input    2 Bit        Muxes := 3     
	   4 Input    2 Bit        Muxes := 3     
	   8 Input    2 Bit        Muxes := 2     
	   2 Input    1 Bit        Muxes := 1579  
	   3 Input    1 Bit        Muxes := 36    
	   4 Input    1 Bit        Muxes := 61    
	   5 Input    1 Bit        Muxes := 30    
	  16 Input    1 Bit        Muxes := 113   
	  15 Input    1 Bit        Muxes := 63    
	   8 Input    1 Bit        Muxes := 19    
	   7 Input    1 Bit        Muxes := 6     
---------------------------------------------------------------------------------
Finished RTL Component Statistics 
---------------------------------------------------------------------------------
---------------------------------------------------------------------------------
Start Part Resource Summary
---------------------------------------------------------------------------------
Part Resources:
DSPs: 1728 (col length:144)
BRAMs: 624 (col length: RAMB18 144 RAMB36 72)
---------------------------------------------------------------------------------
Finished Part Resource Summary
---------------------------------------------------------------------------------
---------------------------------------------------------------------------------
Start Cross Boundary and Area Optimization
---------------------------------------------------------------------------------
WARNING: [Synth 8-3917] design top_axi_lite has port s_axi_bresp[1] driven by constant 0
WARNING: [Synth 8-3917] design top_axi_lite has port s_axi_bresp[0] driven by constant 0
WARNING: [Synth 8-3917] design top_axi_lite has port s_axi_rresp[1] driven by constant 0
WARNING: [Synth 8-3917] design top_axi_lite has port s_axi_rresp[0] driven by constant 0
WARNING: [Synth 8-7129] Port s_axi_wdata[23] in module top_axi_lite is either unconnected or has no load
WARNING: [Synth 8-7129] Port s_axi_wdata[22] in module top_axi_lite is either unconnected or has no load
WARNING: [Synth 8-7129] Port s_axi_wdata[21] in module top_axi_lite is either unconnected or has no load
WARNING: [Synth 8-7129] Port s_axi_wdata[20] in module top_axi_lite is either unconnected or has no load
WARNING: [Synth 8-7129] Port s_axi_wdata[19] in module top_axi_lite is either unconnected or has no load
WARNING: [Synth 8-7129] Port s_axi_wdata[18] in module top_axi_lite is either unconnected or has no load
WARNING: [Synth 8-7129] Port s_axi_wdata[17] in module top_axi_lite is either unconnected or has no load
WARNING: [Synth 8-7129] Port s_axi_wdata[16] in module top_axi_lite is either unconnected or has no load
WARNING: [Synth 8-7129] Port s_axi_wstrb[2] in module top_axi_lite is either unconnected or has no load
INFO: [Synth 8-4471] merging register 'GEN_PARAM_ROMS[0].u_requant_mult_rom/valid_o_reg' into 'GEN_PARAM_ROMS[0].u_bias_rom/valid_o_reg' [/home/pah/fpga_cnn_accelerator/FPGA-based-CNN-Accelerator-for-autonomous-vehicles/src/rtl/mnist_classification/v4/requant_mult_rom.sv:28]
INFO: [Synth 8-4471] merging register 'GEN_PARAM_ROMS[0].u_requant_shift_rom/valid_o_reg' into 'GEN_PARAM_ROMS[0].u_bias_rom/valid_o_reg' [/home/pah/fpga_cnn_accelerator/FPGA-based-CNN-Accelerator-for-autonomous-vehicles/src/rtl/mnist_classification/v4/requant_shift_rom.sv:28]
INFO: [Synth 8-4471] merging register 'GEN_PARAM_ROMS[1].u_bias_rom/valid_o_reg' into 'GEN_PARAM_ROMS[0].u_bias_rom/valid_o_reg' [/home/pah/fpga_cnn_accelerator/FPGA-based-CNN-Accelerator-for-autonomous-vehicles/src/rtl/mnist_classification/v4/bias_rom.sv:28]
INFO: [Synth 8-4471] merging register 'GEN_PARAM_ROMS[1].u_requant_mult_rom/valid_o_reg' into 'GEN_PARAM_ROMS[0].u_bias_rom/valid_o_reg' [/home/pah/fpga_cnn_accelerator/FPGA-based-CNN-Accelerator-for-autonomous-vehicles/src/rtl/mnist_classification/v4/requant_mult_rom.sv:28]
INFO: [Synth 8-4471] merging register 'GEN_PARAM_ROMS[1].u_requant_shift_rom/valid_o_reg' into 'GEN_PARAM_ROMS[0].u_bias_rom/valid_o_reg' [/home/pah/fpga_cnn_accelerator/FPGA-based-CNN-Accelerator-for-autonomous-vehicles/src/rtl/mnist_classification/v4/requant_shift_rom.sv:28]
INFO: [Synth 8-4471] merging register 'GEN_PARAM_ROMS[2].u_bias_rom/valid_o_reg' into 'GEN_PARAM_ROMS[0].u_bias_rom/valid_o_reg' [/home/pah/fpga_cnn_accelerator/FPGA-based-CNN-Accelerator-for-autonomous-vehicles/src/rtl/mnist_classification/v4/bias_rom.sv:28]
INFO: [Synth 8-4471] merging register 'GEN_PARAM_ROMS[2].u_requant_mult_rom/valid_o_reg' into 'GEN_PARAM_ROMS[0].u_bias_rom/valid_o_reg' [/home/pah/fpga_cnn_accelerator/FPGA-based-CNN-Accelerator-for-autonomous-vehicles/src/rtl/mnist_classification/v4/requant_mult_rom.sv:28]
INFO: [Synth 8-4471] merging register 'GEN_PARAM_ROMS[2].u_requant_shift_rom/valid_o_reg' into 'GEN_PARAM_ROMS[0].u_bias_rom/valid_o_reg' [/home/pah/fpga_cnn_accelerator/FPGA-based-CNN-Accelerator-for-autonomous-vehicles/src/rtl/mnist_classification/v4/requant_shift_rom.sv:28]
INFO: [Synth 8-4471] merging register 'GEN_PARAM_ROMS[3].u_bias_rom/valid_o_reg' into 'GEN_PARAM_ROMS[0].u_bias_rom/valid_o_reg' [/home/pah/fpga_cnn_accelerator/FPGA-based-CNN-Accelerator-for-autonomous-vehicles/src/rtl/mnist_classification/v4/bias_rom.sv:28]
INFO: [Synth 8-4471] merging register 'GEN_PARAM_ROMS[3].u_requant_mult_rom/valid_o_reg' into 'GEN_PARAM_ROMS[0].u_bias_rom/valid_o_reg' [/home/pah/fpga_cnn_accelerator/FPGA-based-CNN-Accelerator-for-autonomous-vehicles/src/rtl/mnist_classification/v4/requant_mult_rom.sv:28]
INFO: [Synth 8-4471] merging register 'GEN_PARAM_ROMS[3].u_requant_shift_rom/valid_o_reg' into 'GEN_PARAM_ROMS[0].u_bias_rom/valid_o_reg' [/home/pah/fpga_cnn_accelerator/FPGA-based-CNN-Accelerator-for-autonomous-vehicles/src/rtl/mnist_classification/v4/requant_shift_rom.sv:28]
WARNING: [Synth 8-3917] design controller_kloop__GB0 has port P[1] driven by constant 0
WARNING: [Synth 8-3917] design controller_kloop__GB0 has port P[0] driven by constant 0
INFO: [Synth 8-3886] merging instance 'GEN_PARAM_ROMS[0].u_bias_rom/data_o_reg[12]' (FDCE) to 'GEN_PARAM_ROMS[0].u_bias_rom/data_o_reg[15]'
INFO: [Synth 8-3886] merging instance 'GEN_PARAM_ROMS[0].u_bias_rom/data_o_reg[15]' (FDCE) to 'GEN_PARAM_ROMS[0].u_bias_rom/data_o_reg[16]'
INFO: [Synth 8-3886] merging instance 'GEN_PARAM_ROMS[0].u_bias_rom/data_o_reg[16]' (FDCE) to 'GEN_PARAM_ROMS[0].u_bias_rom/data_o_reg[17]'
INFO: [Synth 8-3886] merging instance 'GEN_PARAM_ROMS[0].u_bias_rom/data_o_reg[17]' (FDCE) to 'GEN_PARAM_ROMS[0].u_bias_rom/data_o_reg[18]'
INFO: [Synth 8-3886] merging instance 'GEN_PARAM_ROMS[0].u_bias_rom/data_o_reg[18]' (FDCE) to 'GEN_PARAM_ROMS[0].u_bias_rom/data_o_reg[19]'
INFO: [Synth 8-3886] merging instance 'GEN_PARAM_ROMS[0].u_bias_rom/data_o_reg[19]' (FDCE) to 'GEN_PARAM_ROMS[0].u_bias_rom/data_o_reg[20]'
INFO: [Synth 8-3886] merging instance 'GEN_PARAM_ROMS[0].u_bias_rom/data_o_reg[20]' (FDCE) to 'GEN_PARAM_ROMS[0].u_bias_rom/data_o_reg[21]'
INFO: [Synth 8-3886] merging instance 'GEN_PARAM_ROMS[0].u_bias_rom/data_o_reg[21]' (FDCE) to 'GEN_PARAM_ROMS[0].u_bias_rom/data_o_reg[22]'
INFO: [Synth 8-3886] merging instance 'GEN_PARAM_ROMS[0].u_bias_rom/data_o_reg[22]' (FDCE) to 'GEN_PARAM_ROMS[0].u_bias_rom/data_o_reg[23]'
INFO: [Synth 8-3886] merging instance 'GEN_PARAM_ROMS[0].u_bias_rom/data_o_reg[23]' (FDCE) to 'GEN_PARAM_ROMS[0].u_bias_rom/data_o_reg[24]'
INFO: [Synth 8-3886] merging instance 'GEN_PARAM_ROMS[0].u_bias_rom/data_o_reg[24]' (FDCE) to 'GEN_PARAM_ROMS[0].u_bias_rom/data_o_reg[25]'
INFO: [Synth 8-3886] merging instance 'GEN_PARAM_ROMS[0].u_bias_rom/data_o_reg[25]' (FDCE) to 'GEN_PARAM_ROMS[0].u_bias_rom/data_o_reg[26]'
INFO: [Synth 8-3886] merging instance 'GEN_PARAM_ROMS[0].u_bias_rom/data_o_reg[26]' (FDCE) to 'GEN_PARAM_ROMS[0].u_bias_rom/data_o_reg[27]'
INFO: [Synth 8-3886] merging instance 'GEN_PARAM_ROMS[0].u_bias_rom/data_o_reg[27]' (FDCE) to 'GEN_PARAM_ROMS[0].u_bias_rom/data_o_reg[28]'
INFO: [Synth 8-3886] merging instance 'GEN_PARAM_ROMS[0].u_bias_rom/data_o_reg[28]' (FDCE) to 'GEN_PARAM_ROMS[0].u_bias_rom/data_o_reg[29]'
INFO: [Synth 8-3886] merging instance 'GEN_PARAM_ROMS[0].u_bias_rom/data_o_reg[29]' (FDCE) to 'GEN_PARAM_ROMS[0].u_bias_rom/data_o_reg[30]'
INFO: [Synth 8-3886] merging instance 'GEN_PARAM_ROMS[0].u_bias_rom/data_o_reg[30]' (FDCE) to 'GEN_PARAM_ROMS[0].u_bias_rom/data_o_reg[31]'
INFO: [Synth 8-3886] merging instance 'GEN_PARAM_ROMS[1].u_bias_rom/data_o_reg[12]' (FDCE) to 'GEN_PARAM_ROMS[1].u_bias_rom/data_o_reg[15]'
INFO: [Synth 8-3886] merging instance 'GEN_PARAM_ROMS[1].u_bias_rom/data_o_reg[15]' (FDCE) to 'GEN_PARAM_ROMS[1].u_bias_rom/data_o_reg[16]'
INFO: [Synth 8-3886] merging instance 'GEN_PARAM_ROMS[1].u_bias_rom/data_o_reg[16]' (FDCE) to 'GEN_PARAM_ROMS[1].u_bias_rom/data_o_reg[17]'
INFO: [Synth 8-3886] merging instance 'GEN_PARAM_ROMS[1].u_bias_rom/data_o_reg[17]' (FDCE) to 'GEN_PARAM_ROMS[1].u_bias_rom/data_o_reg[18]'
INFO: [Synth 8-3886] merging instance 'GEN_PARAM_ROMS[1].u_bias_rom/data_o_reg[18]' (FDCE) to 'GEN_PARAM_ROMS[1].u_bias_rom/data_o_reg[19]'
INFO: [Synth 8-3886] merging instance 'GEN_PARAM_ROMS[1].u_bias_rom/data_o_reg[19]' (FDCE) to 'GEN_PARAM_ROMS[1].u_bias_rom/data_o_reg[20]'
INFO: [Synth 8-3886] merging instance 'GEN_PARAM_ROMS[1].u_bias_rom/data_o_reg[20]' (FDCE) to 'GEN_PARAM_ROMS[1].u_bias_rom/data_o_reg[21]'
INFO: [Synth 8-3886] merging instance 'GEN_PARAM_ROMS[1].u_bias_rom/data_o_reg[21]' (FDCE) to 'GEN_PARAM_ROMS[1].u_bias_rom/data_o_reg[22]'
INFO: [Synth 8-3886] merging instance 'GEN_PARAM_ROMS[1].u_bias_rom/data_o_reg[22]' (FDCE) to 'GEN_PARAM_ROMS[1].u_bias_rom/data_o_reg[23]'
INFO: [Synth 8-3886] merging instance 'GEN_PARAM_ROMS[1].u_bias_rom/data_o_reg[23]' (FDCE) to 'GEN_PARAM_ROMS[1].u_bias_rom/data_o_reg[24]'
INFO: [Synth 8-3886] merging instance 'GEN_PARAM_ROMS[1].u_bias_rom/data_o_reg[24]' (FDCE) to 'GEN_PARAM_ROMS[1].u_bias_rom/data_o_reg[25]'
INFO: [Synth 8-3886] merging instance 'GEN_PARAM_ROMS[1].u_bias_rom/data_o_reg[25]' (FDCE) to 'GEN_PARAM_ROMS[1].u_bias_rom/data_o_reg[26]'
INFO: [Synth 8-3886] merging instance 'GEN_PARAM_ROMS[1].u_bias_rom/data_o_reg[26]' (FDCE) to 'GEN_PARAM_ROMS[1].u_bias_rom/data_o_reg[27]'
INFO: [Synth 8-3886] merging instance 'GEN_PARAM_ROMS[1].u_bias_rom/data_o_reg[27]' (FDCE) to 'GEN_PARAM_ROMS[1].u_bias_rom/data_o_reg[28]'
INFO: [Synth 8-3886] merging instance 'GEN_PARAM_ROMS[1].u_bias_rom/data_o_reg[28]' (FDCE) to 'GEN_PARAM_ROMS[1].u_bias_rom/data_o_reg[29]'
INFO: [Synth 8-3886] merging instance 'GEN_PARAM_ROMS[1].u_bias_rom/data_o_reg[29]' (FDCE) to 'GEN_PARAM_ROMS[1].u_bias_rom/data_o_reg[30]'
INFO: [Synth 8-3886] merging instance 'GEN_PARAM_ROMS[1].u_bias_rom/data_o_reg[30]' (FDCE) to 'GEN_PARAM_ROMS[1].u_bias_rom/data_o_reg[31]'
INFO: [Synth 8-3886] merging instance 'GEN_PARAM_ROMS[2].u_bias_rom/data_o_reg[12]' (FDCE) to 'GEN_PARAM_ROMS[2].u_bias_rom/data_o_reg[15]'
INFO: [Synth 8-3886] merging instance 'GEN_PARAM_ROMS[2].u_bias_rom/data_o_reg[15]' (FDCE) to 'GEN_PARAM_ROMS[2].u_bias_rom/data_o_reg[16]'
INFO: [Synth 8-3886] merging instance 'GEN_PARAM_ROMS[2].u_bias_rom/data_o_reg[16]' (FDCE) to 'GEN_PARAM_ROMS[2].u_bias_rom/data_o_reg[17]'
INFO: [Synth 8-3886] merging instance 'GEN_PARAM_ROMS[2].u_bias_rom/data_o_reg[17]' (FDCE) to 'GEN_PARAM_ROMS[2].u_bias_rom/data_o_reg[18]'
INFO: [Synth 8-3886] merging instance 'GEN_PARAM_ROMS[2].u_bias_rom/data_o_reg[18]' (FDCE) to 'GEN_PARAM_ROMS[2].u_bias_rom/data_o_reg[19]'
INFO: [Synth 8-3886] merging instance 'GEN_PARAM_ROMS[2].u_bias_rom/data_o_reg[19]' (FDCE) to 'GEN_PARAM_ROMS[2].u_bias_rom/data_o_reg[20]'
INFO: [Synth 8-3886] merging instance 'GEN_PARAM_ROMS[2].u_bias_rom/data_o_reg[20]' (FDCE) to 'GEN_PARAM_ROMS[2].u_bias_rom/data_o_reg[21]'
INFO: [Synth 8-3886] merging instance 'GEN_PARAM_ROMS[2].u_bias_rom/data_o_reg[21]' (FDCE) to 'GEN_PARAM_ROMS[2].u_bias_rom/data_o_reg[22]'
INFO: [Synth 8-3886] merging instance 'GEN_PARAM_ROMS[2].u_bias_rom/data_o_reg[22]' (FDCE) to 'GEN_PARAM_ROMS[2].u_bias_rom/data_o_reg[23]'
INFO: [Synth 8-3886] merging instance 'GEN_PARAM_ROMS[2].u_bias_rom/data_o_reg[23]' (FDCE) to 'GEN_PARAM_ROMS[2].u_bias_rom/data_o_reg[24]'
INFO: [Synth 8-3886] merging instance 'GEN_PARAM_ROMS[2].u_bias_rom/data_o_reg[24]' (FDCE) to 'GEN_PARAM_ROMS[2].u_bias_rom/data_o_reg[25]'
INFO: [Synth 8-3886] merging instance 'GEN_PARAM_ROMS[2].u_bias_rom/data_o_reg[25]' (FDCE) to 'GEN_PARAM_ROMS[2].u_bias_rom/data_o_reg[26]'
INFO: [Synth 8-3886] merging instance 'GEN_PARAM_ROMS[2].u_bias_rom/data_o_reg[26]' (FDCE) to 'GEN_PARAM_ROMS[2].u_bias_rom/data_o_reg[27]'
INFO: [Synth 8-3886] merging instance 'GEN_PARAM_ROMS[2].u_bias_rom/data_o_reg[27]' (FDCE) to 'GEN_PARAM_ROMS[2].u_bias_rom/data_o_reg[28]'
INFO: [Synth 8-3886] merging instance 'GEN_PARAM_ROMS[2].u_bias_rom/data_o_reg[28]' (FDCE) to 'GEN_PARAM_ROMS[2].u_bias_rom/data_o_reg[29]'
INFO: [Synth 8-3886] merging instance 'GEN_PARAM_ROMS[2].u_bias_rom/data_o_reg[29]' (FDCE) to 'GEN_PARAM_ROMS[2].u_bias_rom/data_o_reg[30]'
INFO: [Synth 8-3886] merging instance 'GEN_PARAM_ROMS[2].u_bias_rom/data_o_reg[30]' (FDCE) to 'GEN_PARAM_ROMS[2].u_bias_rom/data_o_reg[31]'
INFO: [Synth 8-3886] merging instance 'GEN_PARAM_ROMS[3].u_bias_rom/data_o_reg[12]' (FDCE) to 'GEN_PARAM_ROMS[3].u_bias_rom/data_o_reg[15]'
INFO: [Synth 8-3886] merging instance 'GEN_PARAM_ROMS[3].u_bias_rom/data_o_reg[15]' (FDCE) to 'GEN_PARAM_ROMS[3].u_bias_rom/data_o_reg[16]'
INFO: [Synth 8-3886] merging instance 'GEN_PARAM_ROMS[3].u_bias_rom/data_o_reg[16]' (FDCE) to 'GEN_PARAM_ROMS[3].u_bias_rom/data_o_reg[17]'
INFO: [Synth 8-3886] merging instance 'GEN_PARAM_ROMS[3].u_bias_rom/data_o_reg[17]' (FDCE) to 'GEN_PARAM_ROMS[3].u_bias_rom/data_o_reg[18]'
INFO: [Synth 8-3886] merging instance 'GEN_PARAM_ROMS[3].u_bias_rom/data_o_reg[18]' (FDCE) to 'GEN_PARAM_ROMS[3].u_bias_rom/data_o_reg[19]'
INFO: [Synth 8-3886] merging instance 'GEN_PARAM_ROMS[3].u_bias_rom/data_o_reg[19]' (FDCE) to 'GEN_PARAM_ROMS[3].u_bias_rom/data_o_reg[20]'
INFO: [Synth 8-3886] merging instance 'GEN_PARAM_ROMS[3].u_bias_rom/data_o_reg[20]' (FDCE) to 'GEN_PARAM_ROMS[3].u_bias_rom/data_o_reg[21]'
INFO: [Synth 8-3886] merging instance 'GEN_PARAM_ROMS[3].u_bias_rom/data_o_reg[21]' (FDCE) to 'GEN_PARAM_ROMS[3].u_bias_rom/data_o_reg[22]'
INFO: [Synth 8-3886] merging instance 'GEN_PARAM_ROMS[3].u_bias_rom/data_o_reg[22]' (FDCE) to 'GEN_PARAM_ROMS[3].u_bias_rom/data_o_reg[23]'
INFO: [Synth 8-3886] merging instance 'GEN_PARAM_ROMS[3].u_bias_rom/data_o_reg[23]' (FDCE) to 'GEN_PARAM_ROMS[3].u_bias_rom/data_o_reg[24]'
INFO: [Synth 8-3886] merging instance 'GEN_PARAM_ROMS[3].u_bias_rom/data_o_reg[24]' (FDCE) to 'GEN_PARAM_ROMS[3].u_bias_rom/data_o_reg[25]'
INFO: [Synth 8-3886] merging instance 'GEN_PARAM_ROMS[3].u_bias_rom/data_o_reg[25]' (FDCE) to 'GEN_PARAM_ROMS[3].u_bias_rom/data_o_reg[26]'
INFO: [Synth 8-3886] merging instance 'GEN_PARAM_ROMS[3].u_bias_rom/data_o_reg[26]' (FDCE) to 'GEN_PARAM_ROMS[3].u_bias_rom/data_o_reg[27]'
INFO: [Synth 8-3886] merging instance 'GEN_PARAM_ROMS[3].u_bias_rom/data_o_reg[27]' (FDCE) to 'GEN_PARAM_ROMS[3].u_bias_rom/data_o_reg[28]'
INFO: [Synth 8-3886] merging instance 'GEN_PARAM_ROMS[3].u_bias_rom/data_o_reg[28]' (FDCE) to 'GEN_PARAM_ROMS[3].u_bias_rom/data_o_reg[29]'
INFO: [Synth 8-3886] merging instance 'GEN_PARAM_ROMS[3].u_bias_rom/data_o_reg[29]' (FDCE) to 'GEN_PARAM_ROMS[3].u_bias_rom/data_o_reg[30]'
INFO: [Synth 8-3886] merging instance 'GEN_PARAM_ROMS[3].u_bias_rom/data_o_reg[30]' (FDCE) to 'GEN_PARAM_ROMS[3].u_bias_rom/data_o_reg[31]'
INFO: [Synth 8-3886] merging instance 'GEN_PARAM_ROMS[0].u_requant_mult_rom/data_o_reg[24]' (FDCE) to 'GEN_PARAM_ROMS[3].u_requant_mult_rom/data_o_reg[24]'
INFO: [Synth 8-3886] merging instance 'GEN_PARAM_ROMS[0].u_requant_mult_rom/data_o_reg[25]' (FDCE) to 'GEN_PARAM_ROMS[3].u_requant_mult_rom/data_o_reg[24]'
INFO: [Synth 8-3886] merging instance 'GEN_PARAM_ROMS[0].u_requant_mult_rom/data_o_reg[26]' (FDCE) to 'GEN_PARAM_ROMS[3].u_requant_mult_rom/data_o_reg[24]'
INFO: [Synth 8-3886] merging instance 'GEN_PARAM_ROMS[0].u_requant_mult_rom/data_o_reg[27]' (FDCE) to 'GEN_PARAM_ROMS[3].u_requant_mult_rom/data_o_reg[24]'
INFO: [Synth 8-3886] merging instance 'GEN_PARAM_ROMS[0].u_requant_mult_rom/data_o_reg[28]' (FDCE) to 'GEN_PARAM_ROMS[3].u_requant_mult_rom/data_o_reg[24]'
INFO: [Synth 8-3886] merging instance 'GEN_PARAM_ROMS[0].u_requant_mult_rom/data_o_reg[29]' (FDCE) to 'GEN_PARAM_ROMS[3].u_requant_mult_rom/data_o_reg[24]'
INFO: [Synth 8-3886] merging instance 'GEN_PARAM_ROMS[0].u_requant_mult_rom/data_o_reg[30]' (FDCE) to 'GEN_PARAM_ROMS[3].u_requant_mult_rom/data_o_reg[24]'
INFO: [Synth 8-3886] merging instance 'GEN_PARAM_ROMS[0].u_requant_mult_rom/data_o_reg[31]' (FDCE) to 'GEN_PARAM_ROMS[3].u_requant_mult_rom/data_o_reg[24]'
INFO: [Synth 8-3886] merging instance 'GEN_PARAM_ROMS[1].u_requant_mult_rom/data_o_reg[24]' (FDCE) to 'GEN_PARAM_ROMS[3].u_requant_mult_rom/data_o_reg[24]'
INFO: [Synth 8-3886] merging instance 'GEN_PARAM_ROMS[1].u_requant_mult_rom/data_o_reg[25]' (FDCE) to 'GEN_PARAM_ROMS[3].u_requant_mult_rom/data_o_reg[24]'
INFO: [Synth 8-3886] merging instance 'GEN_PARAM_ROMS[1].u_requant_mult_rom/data_o_reg[26]' (FDCE) to 'GEN_PARAM_ROMS[3].u_requant_mult_rom/data_o_reg[24]'
INFO: [Synth 8-3886] merging instance 'GEN_PARAM_ROMS[1].u_requant_mult_rom/data_o_reg[27]' (FDCE) to 'GEN_PARAM_ROMS[3].u_requant_mult_rom/data_o_reg[24]'
INFO: [Synth 8-3886] merging instance 'GEN_PARAM_ROMS[1].u_requant_mult_rom/data_o_reg[28]' (FDCE) to 'GEN_PARAM_ROMS[3].u_requant_mult_rom/data_o_reg[24]'
INFO: [Synth 8-3886] merging instance 'GEN_PARAM_ROMS[1].u_requant_mult_rom/data_o_reg[29]' (FDCE) to 'GEN_PARAM_ROMS[3].u_requant_mult_rom/data_o_reg[24]'
INFO: [Synth 8-3886] merging instance 'GEN_PARAM_ROMS[1].u_requant_mult_rom/data_o_reg[30]' (FDCE) to 'GEN_PARAM_ROMS[3].u_requant_mult_rom/data_o_reg[24]'
INFO: [Synth 8-3886] merging instance 'GEN_PARAM_ROMS[1].u_requant_mult_rom/data_o_reg[31]' (FDCE) to 'GEN_PARAM_ROMS[3].u_requant_mult_rom/data_o_reg[24]'
INFO: [Synth 8-3886] merging instance 'GEN_PARAM_ROMS[2].u_requant_mult_rom/data_o_reg[24]' (FDCE) to 'GEN_PARAM_ROMS[3].u_requant_mult_rom/data_o_reg[24]'
INFO: [Synth 8-3886] merging instance 'GEN_PARAM_ROMS[2].u_requant_mult_rom/data_o_reg[25]' (FDCE) to 'GEN_PARAM_ROMS[3].u_requant_mult_rom/data_o_reg[24]'
INFO: [Synth 8-3886] merging instance 'GEN_PARAM_ROMS[2].u_requant_mult_rom/data_o_reg[26]' (FDCE) to 'GEN_PARAM_ROMS[3].u_requant_mult_rom/data_o_reg[24]'
INFO: [Synth 8-3886] merging instance 'GEN_PARAM_ROMS[2].u_requant_mult_rom/data_o_reg[27]' (FDCE) to 'GEN_PARAM_ROMS[3].u_requant_mult_rom/data_o_reg[24]'
INFO: [Synth 8-3886] merging instance 'GEN_PARAM_ROMS[2].u_requant_mult_rom/data_o_reg[28]' (FDCE) to 'GEN_PARAM_ROMS[3].u_requant_mult_rom/data_o_reg[24]'
INFO: [Synth 8-3886] merging instance 'GEN_PARAM_ROMS[2].u_requant_mult_rom/data_o_reg[29]' (FDCE) to 'GEN_PARAM_ROMS[3].u_requant_mult_rom/data_o_reg[24]'
INFO: [Synth 8-3886] merging instance 'GEN_PARAM_ROMS[2].u_requant_mult_rom/data_o_reg[30]' (FDCE) to 'GEN_PARAM_ROMS[3].u_requant_mult_rom/data_o_reg[24]'
INFO: [Synth 8-3886] merging instance 'GEN_PARAM_ROMS[2].u_requant_mult_rom/data_o_reg[31]' (FDCE) to 'GEN_PARAM_ROMS[3].u_requant_mult_rom/data_o_reg[24]'
INFO: [Synth 8-3886] merging instance 'GEN_PARAM_ROMS[3].u_requant_mult_rom/data_o_reg[24]' (FDCE) to 'GEN_PARAM_ROMS[3].u_requant_mult_rom/data_o_reg[25]'
INFO: [Synth 8-3886] merging instance 'GEN_PARAM_ROMS[3].u_requant_mult_rom/data_o_reg[25]' (FDCE) to 'GEN_PARAM_ROMS[3].u_requant_mult_rom/data_o_reg[26]'
INFO: [Synth 8-3886] merging instance 'GEN_PARAM_ROMS[3].u_requant_mult_rom/data_o_reg[26]' (FDCE) to 'GEN_PARAM_ROMS[3].u_requant_mult_rom/data_o_reg[27]'
INFO: [Synth 8-3886] merging instance 'GEN_PARAM_ROMS[3].u_requant_mult_rom/data_o_reg[27]' (FDCE) to 'GEN_PARAM_ROMS[3].u_requant_mult_rom/data_o_reg[28]'
INFO: [Synth 8-3886] merging instance 'GEN_PARAM_ROMS[3].u_requant_mult_rom/data_o_reg[28]' (FDCE) to 'GEN_PARAM_ROMS[3].u_requant_mult_rom/data_o_reg[29]'
INFO: [Synth 8-3886] merging instance 'GEN_PARAM_ROMS[3].u_requant_mult_rom/data_o_reg[29]' (FDCE) to 'GEN_PARAM_ROMS[3].u_requant_mult_rom/data_o_reg[30]'
INFO: [Synth 8-3886] merging instance 'GEN_PARAM_ROMS[3].u_requant_mult_rom/data_o_reg[30]' (FDCE) to 'GEN_PARAM_ROMS[3].u_requant_mult_rom/data_o_reg[31]'
INFO: [Synth 8-3886] merging instance 'GEN_PARAM_ROMS[3].u_requant_mult_rom/data_o_reg[31]' (FDCE) to 'GEN_PARAM_ROMS[3].u_requant_shift_rom/data_o_reg[5]'
INFO: [Common 17-14] Message 'Synth 8-3886' appears 100 times and further instances of the messages will be disabled. Use the Tcl command set_msg_config to change the current settings.
INFO: [Common 17-14] Message 'Synth 8-3886' appears 100 times and further instances of the messages will be disabled. Use the Tcl command set_msg_config to change the current settings.
INFO: [Synth 8-3333] propagating constant 0 across sequential element (\GEN_PARAM_ROMS[3].u_requant_shift_rom/data_o_reg[5] )
INFO: [Synth 8-3333] propagating constant 0 across sequential element (accumulator_row_clear_o_reg)
INFO: [Synth 8-3333] propagating constant 0 across sequential element (\prefetch_counts_q_reg[8][31] )
INFO: [Synth 8-3333] propagating constant 0 across sequential element (\prefetch_counts_q_reg[12][31] )
INFO: [Synth 8-3333] propagating constant 0 across sequential element (\FSM_sequential_state_q_reg[4] )
INFO: [Synth 8-3333] propagating constant 0 across sequential element (\accumulator_row_clear_addr_o_reg[0] )
INFO: [Synth 8-3333] propagating constant 0 across sequential element (\accumulator_row_clear_addr_o_reg[1] )
INFO: [Synth 8-3333] propagating constant 0 across sequential element (\accumulator_row_clear_addr_o_reg[2] )
INFO: [Synth 8-3333] propagating constant 0 across sequential element (\accumulator_row_clear_addr_o_reg[3] )
INFO: [Synth 8-3333] propagating constant 0 across sequential element (\requant_multiplier_flatten_q_reg[127] )
INFO: [Synth 8-3333] propagating constant 0 across sequential element (\requant_shift_flatten_q_reg[23] )
INFO: [Synth 8-3333] propagating constant 0 across sequential element (\vpu_requant_multiplier_flatten_o_reg[127] )
INFO: [Synth 8-3333] propagating constant 0 across sequential element (\act_read_lane_pipe_q_reg[0][3] )
INFO: [Synth 8-3333] propagating constant 0 across sequential element (\act_read_lane_pipe_q_reg[0][2] )
INFO: [Synth 8-3333] propagating constant 0 across sequential element (\act_prefetch_lane_pipe_q_reg[0][15] )
INFO: [Synth 8-3333] propagating constant 0 across sequential element (\act_prefetch_lane_pipe_q_reg[0][2] )
INFO: [Synth 8-3333] propagating constant 0 across sequential element (\output_lane_q_reg[14] )
INFO: [Synth 8-3333] propagating constant 0 across sequential element (\prefetch_counts_q_reg[8][4] )
INFO: [Synth 8-3333] propagating constant 0 across sequential element (\act_read_lane_pipe_q_reg[1][3] )
INFO: [Synth 8-3333] propagating constant 0 across sequential element (\act_read_lane_pipe_q_reg[1][2] )
INFO: [Synth 8-3333] propagating constant 0 across sequential element (\act_prefetch_lane_pipe_q_reg[1][15] )
INFO: [Synth 8-3333] propagating constant 0 across sequential element (\act_prefetch_lane_pipe_q_reg[1][2] )
INFO: [Synth 8-4471] merging register 'GEN_WEIGHT_ROMS[14].u_weight_rom/valid_o_reg' into 'GEN_WEIGHT_ROMS[15].u_weight_rom/valid_o_reg' [/home/pah/fpga_cnn_accelerator/FPGA-based-CNN-Accelerator-for-autonomous-vehicles/src/rtl/mnist_classification/v4/weight_rom.sv:28]
INFO: [Synth 8-4471] merging register 'GEN_WEIGHT_ROMS[13].u_weight_rom/valid_o_reg' into 'GEN_WEIGHT_ROMS[15].u_weight_rom/valid_o_reg' [/home/pah/fpga_cnn_accelerator/FPGA-based-CNN-Accelerator-for-autonomous-vehicles/src/rtl/mnist_classification/v4/weight_rom.sv:28]
INFO: [Synth 8-4471] merging register 'GEN_WEIGHT_ROMS[12].u_weight_rom/valid_o_reg' into 'GEN_WEIGHT_ROMS[15].u_weight_rom/valid_o_reg' [/home/pah/fpga_cnn_accelerator/FPGA-based-CNN-Accelerator-for-autonomous-vehicles/src/rtl/mnist_classification/v4/weight_rom.sv:28]
INFO: [Synth 8-4471] merging register 'GEN_WEIGHT_ROMS[11].u_weight_rom/valid_o_reg' into 'GEN_WEIGHT_ROMS[15].u_weight_rom/valid_o_reg' [/home/pah/fpga_cnn_accelerator/FPGA-based-CNN-Accelerator-for-autonomous-vehicles/src/rtl/mnist_classification/v4/weight_rom.sv:28]
INFO: [Synth 8-4471] merging register 'GEN_WEIGHT_ROMS[10].u_weight_rom/valid_o_reg' into 'GEN_WEIGHT_ROMS[15].u_weight_rom/valid_o_reg' [/home/pah/fpga_cnn_accelerator/FPGA-based-CNN-Accelerator-for-autonomous-vehicles/src/rtl/mnist_classification/v4/weight_rom.sv:28]
INFO: [Synth 8-4471] merging register 'GEN_WEIGHT_ROMS[9].u_weight_rom/valid_o_reg' into 'GEN_WEIGHT_ROMS[15].u_weight_rom/valid_o_reg' [/home/pah/fpga_cnn_accelerator/FPGA-based-CNN-Accelerator-for-autonomous-vehicles/src/rtl/mnist_classification/v4/weight_rom.sv:28]
INFO: [Synth 8-4471] merging register 'GEN_WEIGHT_ROMS[8].u_weight_rom/valid_o_reg' into 'GEN_WEIGHT_ROMS[15].u_weight_rom/valid_o_reg' [/home/pah/fpga_cnn_accelerator/FPGA-based-CNN-Accelerator-for-autonomous-vehicles/src/rtl/mnist_classification/v4/weight_rom.sv:28]
INFO: [Synth 8-4471] merging register 'GEN_WEIGHT_ROMS[7].u_weight_rom/valid_o_reg' into 'GEN_WEIGHT_ROMS[15].u_weight_rom/valid_o_reg' [/home/pah/fpga_cnn_accelerator/FPGA-based-CNN-Accelerator-for-autonomous-vehicles/src/rtl/mnist_classification/v4/weight_rom.sv:28]
INFO: [Synth 8-4471] merging register 'GEN_WEIGHT_ROMS[6].u_weight_rom/valid_o_reg' into 'GEN_WEIGHT_ROMS[15].u_weight_rom/valid_o_reg' [/home/pah/fpga_cnn_accelerator/FPGA-based-CNN-Accelerator-for-autonomous-vehicles/src/rtl/mnist_classification/v4/weight_rom.sv:28]
INFO: [Synth 8-4471] merging register 'GEN_WEIGHT_ROMS[5].u_weight_rom/valid_o_reg' into 'GEN_WEIGHT_ROMS[15].u_weight_rom/valid_o_reg' [/home/pah/fpga_cnn_accelerator/FPGA-based-CNN-Accelerator-for-autonomous-vehicles/src/rtl/mnist_classification/v4/weight_rom.sv:28]
INFO: [Synth 8-4471] merging register 'GEN_WEIGHT_ROMS[4].u_weight_rom/valid_o_reg' into 'GEN_WEIGHT_ROMS[15].u_weight_rom/valid_o_reg' [/home/pah/fpga_cnn_accelerator/FPGA-based-CNN-Accelerator-for-autonomous-vehicles/src/rtl/mnist_classification/v4/weight_rom.sv:28]
INFO: [Synth 8-4471] merging register 'GEN_WEIGHT_ROMS[3].u_weight_rom/valid_o_reg' into 'GEN_WEIGHT_ROMS[15].u_weight_rom/valid_o_reg' [/home/pah/fpga_cnn_accelerator/FPGA-based-CNN-Accelerator-for-autonomous-vehicles/src/rtl/mnist_classification/v4/weight_rom.sv:28]
INFO: [Synth 8-4471] merging register 'GEN_WEIGHT_ROMS[2].u_weight_rom/valid_o_reg' into 'GEN_WEIGHT_ROMS[15].u_weight_rom/valid_o_reg' [/home/pah/fpga_cnn_accelerator/FPGA-based-CNN-Accelerator-for-autonomous-vehicles/src/rtl/mnist_classification/v4/weight_rom.sv:28]
INFO: [Synth 8-4471] merging register 'GEN_WEIGHT_ROMS[1].u_weight_rom/valid_o_reg' into 'GEN_WEIGHT_ROMS[15].u_weight_rom/valid_o_reg' [/home/pah/fpga_cnn_accelerator/FPGA-based-CNN-Accelerator-for-autonomous-vehicles/src/rtl/mnist_classification/v4/weight_rom.sv:28]
INFO: [Synth 8-4471] merging register 'GEN_WEIGHT_ROMS[0].u_weight_rom/valid_o_reg' into 'GEN_WEIGHT_ROMS[15].u_weight_rom/valid_o_reg' [/home/pah/fpga_cnn_accelerator/FPGA-based-CNN-Accelerator-for-autonomous-vehicles/src/rtl/mnist_classification/v4/weight_rom.sv:28]
INFO: [Synth 8-5544] ROM "u_layer_descriptor_rom/out_ch_o" won't be mapped to Block RAM because address size (2) smaller than threshold (5)
INFO: [Synth 8-5544] ROM "u_layer_descriptor_rom/k_total_o" won't be mapped to Block RAM because address size (2) smaller than threshold (5)
INFO: [Synth 8-5544] ROM "u_layer_descriptor_rom/num_oc_tiles_o" won't be mapped to Block RAM because address size (2) smaller than threshold (5)
INFO: [Synth 8-5544] ROM "u_layer_descriptor_rom/num_spatial_o" won't be mapped to Block RAM because address size (2) smaller than threshold (5)
INFO: [Synth 8-5544] ROM "u_layer_descriptor_rom/weight_base_o" won't be mapped to Block RAM because address size (2) smaller than threshold (5)
DSP Report: Generating DSP p_0_out, operation Mode is: A*B.
DSP Report: operator p_0_out is absorbed into DSP p_0_out.
DSP Report: Generating DSP p_1_out, operation Mode is: PCIN+(A:0x0):B+C.
DSP Report: operator p_1_out is absorbed into DSP p_1_out.
WARNING: [Synth 8-3917] design controller_kloop__GB1 has port O5[2] driven by constant 1
WARNING: [Synth 8-3917] design controller_kloop__GB1 has port num_k_tiles_o[7] driven by constant 0
WARNING: [Synth 8-3917] design controller_kloop__GB1 has port num_k_tiles_o[6] driven by constant 0
WARNING: [Synth 8-3917] design controller_kloop__GB1 has port bias_base_o[2] driven by constant 0
WARNING: [Synth 8-3917] design controller_kloop__GB1 has port bias_base_o[0] driven by constant 0
WARNING: [Synth 8-3917] design controller_kloop__GB1 has port requant_base_o[2] driven by constant 0
WARNING: [Synth 8-3917] design controller_kloop__GB1 has port requant_base_o[0] driven by constant 0
WARNING: [Synth 8-3917] design controller_kloop__GB1 has port act_mode_o[1] driven by constant 0
WARNING: [Synth 8-7129] Port in_h_i[15] in module address_generator is either unconnected or has no load
WARNING: [Synth 8-7129] Port in_h_i[14] in module address_generator is either unconnected or has no load
WARNING: [Synth 8-7129] Port in_h_i[13] in module address_generator is either unconnected or has no load
WARNING: [Synth 8-7129] Port in_h_i[12] in module address_generator is either unconnected or has no load
WARNING: [Synth 8-7129] Port in_h_i[11] in module address_generator is either unconnected or has no load
WARNING: [Synth 8-7129] Port in_h_i[10] in module address_generator is either unconnected or has no load
WARNING: [Synth 8-7129] Port in_h_i[9] in module address_generator is either unconnected or has no load
WARNING: [Synth 8-7129] Port in_h_i[8] in module address_generator is either unconnected or has no load
WARNING: [Synth 8-7129] Port in_h_i[7] in module address_generator is either unconnected or has no load
INFO: [Common 17-14] Message 'Synth 8-7129' appears 100 times and further instances of the messages will be disabled. Use the Tcl command set_msg_config to change the current settings.
INFO: [Synth 8-3333] propagating constant 0 across sequential element (\vpu_output_zero_point_o_reg[31] )
INFO: [Synth 8-3333] propagating constant 0 across sequential element (\prefetch_counts_q_reg[11][31] )
INFO: [Synth 8-3333] propagating constant 0 across sequential element (\dbg_error_code_o_reg[31] )
INFO: [Synth 8-5544] ROM "in_ch_o" won't be mapped to Block RAM because address size (2) smaller than threshold (5)
INFO: [Synth 8-5544] ROM "k_total_o" won't be mapped to Block RAM because address size (2) smaller than threshold (5)
INFO: [Synth 8-5544] ROM "num_spatial_o" won't be mapped to Block RAM because address size (2) smaller than threshold (5)
INFO: [Synth 8-5544] ROM "weight_base_o" won't be mapped to Block RAM because address size (2) smaller than threshold (5)
INFO: [Synth 8-3333] propagating constant 0 across sequential element (\dbg_error_code_o_reg[31] )
DSP Report: Generating DSP (null)[0].shifted_value0, operation Mode is: A*B.
DSP Report: operator (null)[0].shifted_value0 is absorbed into DSP (null)[0].shifted_value0.
DSP Report: operator (null)[0].shifted_value0 is absorbed into DSP (null)[0].shifted_value0.
DSP Report: Generating DSP (null)[0].shifted_value0, operation Mode is: (PCIN>>17)+A*B.
DSP Report: operator (null)[0].shifted_value0 is absorbed into DSP (null)[0].shifted_value0.
DSP Report: operator (null)[0].shifted_value0 is absorbed into DSP (null)[0].shifted_value0.
DSP Report: Generating DSP (null)[0].shifted_value0, operation Mode is: A*B.
DSP Report: operator (null)[0].shifted_value0 is absorbed into DSP (null)[0].shifted_value0.
DSP Report: operator (null)[0].shifted_value0 is absorbed into DSP (null)[0].shifted_value0.
DSP Report: Generating DSP (null)[0].shifted_value0, operation Mode is: (PCIN>>17)+A*B.
DSP Report: operator (null)[0].shifted_value0 is absorbed into DSP (null)[0].shifted_value0.
DSP Report: operator (null)[0].shifted_value0 is absorbed into DSP (null)[0].shifted_value0.
DSP Report: Generating DSP (null)[0].shifted_value0, operation Mode is: A*B.
DSP Report: operator (null)[0].shifted_value0 is absorbed into DSP (null)[0].shifted_value0.
DSP Report: operator (null)[0].shifted_value0 is absorbed into DSP (null)[0].shifted_value0.
DSP Report: Generating DSP (null)[0].shifted_value0, operation Mode is: (PCIN>>17)+A*B.
DSP Report: operator (null)[0].shifted_value0 is absorbed into DSP (null)[0].shifted_value0.
DSP Report: operator (null)[0].shifted_value0 is absorbed into DSP (null)[0].shifted_value0.
DSP Report: Generating DSP (null)[0].shifted_value0, operation Mode is: A*B.
DSP Report: operator (null)[0].shifted_value0 is absorbed into DSP (null)[0].shifted_value0.
DSP Report: operator (null)[0].shifted_value0 is absorbed into DSP (null)[0].shifted_value0.
DSP Report: Generating DSP (null)[0].shifted_value0, operation Mode is: (PCIN>>17)+A*B.
DSP Report: operator (null)[0].shifted_value0 is absorbed into DSP (null)[0].shifted_value0.
DSP Report: operator (null)[0].shifted_value0 is absorbed into DSP (null)[0].shifted_value0.
DSP Report: Generating DSP (null)[0].shifted_value0, operation Mode is: A*B.
DSP Report: operator (null)[0].shifted_value0 is absorbed into DSP (null)[0].shifted_value0.
DSP Report: operator (null)[0].shifted_value0 is absorbed into DSP (null)[0].shifted_value0.
DSP Report: Generating DSP (null)[0].shifted_value0, operation Mode is: (PCIN>>17)+A*B.
DSP Report: operator (null)[0].shifted_value0 is absorbed into DSP (null)[0].shifted_value0.
DSP Report: operator (null)[0].shifted_value0 is absorbed into DSP (null)[0].shifted_value0.
DSP Report: Generating DSP (null)[0].shifted_value0, operation Mode is: A*B.
DSP Report: operator (null)[0].shifted_value0 is absorbed into DSP (null)[0].shifted_value0.
DSP Report: operator (null)[0].shifted_value0 is absorbed into DSP (null)[0].shifted_value0.
DSP Report: Generating DSP (null)[0].shifted_value0, operation Mode is: (PCIN>>17)+A*B.
DSP Report: operator (null)[0].shifted_value0 is absorbed into DSP (null)[0].shifted_value0.
DSP Report: operator (null)[0].shifted_value0 is absorbed into DSP (null)[0].shifted_value0.
DSP Report: Generating DSP (null)[0].shifted_value0, operation Mode is: A*B.
DSP Report: operator (null)[0].shifted_value0 is absorbed into DSP (null)[0].shifted_value0.
DSP Report: operator (null)[0].shifted_value0 is absorbed into DSP (null)[0].shifted_value0.
DSP Report: Generating DSP (null)[0].shifted_value0, operation Mode is: (PCIN>>17)+A*B.
DSP Report: operator (null)[0].shifted_value0 is absorbed into DSP (null)[0].shifted_value0.
DSP Report: operator (null)[0].shifted_value0 is absorbed into DSP (null)[0].shifted_value0.
DSP Report: Generating DSP (null)[0].shifted_value0, operation Mode is: A*B.
DSP Report: operator (null)[0].shifted_value0 is absorbed into DSP (null)[0].shifted_value0.
DSP Report: operator (null)[0].shifted_value0 is absorbed into DSP (null)[0].shifted_value0.
DSP Report: Generating DSP (null)[0].shifted_value0, operation Mode is: (PCIN>>17)+A*B.
DSP Report: operator (null)[0].shifted_value0 is absorbed into DSP (null)[0].shifted_value0.
DSP Report: operator (null)[0].shifted_value0 is absorbed into DSP (null)[0].shifted_value0.
INFO: [Synth 8-4471] merging register 'act_valid_d1_reg' into 'u_multiplier/valid_s1_reg' [/home/pah/fpga_cnn_accelerator/FPGA-based-CNN-Accelerator-for-autonomous-vehicles/src/rtl/mnist_classification/v4/pe.sv:183]
INFO: [Synth 8-4471] merging register 'act_valid_d2_reg' into 'u_multiplier/valid_s2_reg' [/home/pah/fpga_cnn_accelerator/FPGA-based-CNN-Accelerator-for-autonomous-vehicles/src/rtl/mnist_classification/v4/pe.sv:184]
INFO: [Synth 8-4471] merging register 'act_valid_d3_reg' into 'u_multiplier/valid_o_reg' [/home/pah/fpga_cnn_accelerator/FPGA-based-CNN-Accelerator-for-autonomous-vehicles/src/rtl/mnist_classification/v4/pe.sv:185]
INFO: [Synth 8-4471] merging register 'act_valid_d1_reg' into 'u_multiplier/valid_s1_reg' [/home/pah/fpga_cnn_accelerator/FPGA-based-CNN-Accelerator-for-autonomous-vehicles/src/rtl/mnist_classification/v4/pe.sv:183]
INFO: [Synth 8-4471] merging register 'act_valid_d2_reg' into 'u_multiplier/valid_s2_reg' [/home/pah/fpga_cnn_accelerator/FPGA-based-CNN-Accelerator-for-autonomous-vehicles/src/rtl/mnist_classification/v4/pe.sv:184]
INFO: [Synth 8-4471] merging register 'act_valid_d3_reg' into 'u_multiplier/valid_o_reg' [/home/pah/fpga_cnn_accelerator/FPGA-based-CNN-Accelerator-for-autonomous-vehicles/src/rtl/mnist_classification/v4/pe.sv:185]
INFO: [Synth 8-4471] merging register 'act_valid_d1_reg' into 'u_multiplier/valid_s1_reg' [/home/pah/fpga_cnn_accelerator/FPGA-based-CNN-Accelerator-for-autonomous-vehicles/src/rtl/mnist_classification/v4/pe.sv:183]
INFO: [Synth 8-4471] merging register 'act_valid_d2_reg' into 'u_multiplier/valid_s2_reg' [/home/pah/fpga_cnn_accelerator/FPGA-based-CNN-Accelerator-for-autonomous-vehicles/src/rtl/mnist_classification/v4/pe.sv:184]
INFO: [Synth 8-4471] merging register 'act_valid_d3_reg' into 'u_multiplier/valid_o_reg' [/home/pah/fpga_cnn_accelerator/FPGA-based-CNN-Accelerator-for-autonomous-vehicles/src/rtl/mnist_classification/v4/pe.sv:185]
INFO: [Synth 8-4471] merging register 'act_valid_d1_reg' into 'u_multiplier/valid_s1_reg' [/home/pah/fpga_cnn_accelerator/FPGA-based-CNN-Accelerator-for-autonomous-vehicles/src/rtl/mnist_classification/v4/pe.sv:183]
INFO: [Synth 8-4471] merging register 'act_valid_d2_reg' into 'u_multiplier/valid_s2_reg' [/home/pah/fpga_cnn_accelerator/FPGA-based-CNN-Accelerator-for-autonomous-vehicles/src/rtl/mnist_classification/v4/pe.sv:184]
INFO: [Synth 8-4471] merging register 'act_valid_d3_reg' into 'u_multiplier/valid_o_reg' [/home/pah/fpga_cnn_accelerator/FPGA-based-CNN-Accelerator-for-autonomous-vehicles/src/rtl/mnist_classification/v4/pe.sv:185]
INFO: [Synth 8-4471] merging register 'act_valid_d1_reg' into 'u_multiplier/valid_s1_reg' [/home/pah/fpga_cnn_accelerator/FPGA-based-CNN-Accelerator-for-autonomous-vehicles/src/rtl/mnist_classification/v4/pe.sv:183]
INFO: [Synth 8-4471] merging register 'act_valid_d2_reg' into 'u_multiplier/valid_s2_reg' [/home/pah/fpga_cnn_accelerator/FPGA-based-CNN-Accelerator-for-autonomous-vehicles/src/rtl/mnist_classification/v4/pe.sv:184]
INFO: [Synth 8-4471] merging register 'act_valid_d3_reg' into 'u_multiplier/valid_o_reg' [/home/pah/fpga_cnn_accelerator/FPGA-based-CNN-Accelerator-for-autonomous-vehicles/src/rtl/mnist_classification/v4/pe.sv:185]
INFO: [Synth 8-4471] merging register 'act_valid_d1_reg' into 'u_multiplier/valid_s1_reg' [/home/pah/fpga_cnn_accelerator/FPGA-based-CNN-Accelerator-for-autonomous-vehicles/src/rtl/mnist_classification/v4/pe.sv:183]
INFO: [Synth 8-4471] merging register 'act_valid_d2_reg' into 'u_multiplier/valid_s2_reg' [/home/pah/fpga_cnn_accelerator/FPGA-based-CNN-Accelerator-for-autonomous-vehicles/src/rtl/mnist_classification/v4/pe.sv:184]
INFO: [Synth 8-4471] merging register 'act_valid_d3_reg' into 'u_multiplier/valid_o_reg' [/home/pah/fpga_cnn_accelerator/FPGA-based-CNN-Accelerator-for-autonomous-vehicles/src/rtl/mnist_classification/v4/pe.sv:185]
INFO: [Synth 8-4471] merging register 'act_valid_d1_reg' into 'u_multiplier/valid_s1_reg' [/home/pah/fpga_cnn_accelerator/FPGA-based-CNN-Accelerator-for-autonomous-vehicles/src/rtl/mnist_classification/v4/pe.sv:183]
INFO: [Synth 8-4471] merging register 'act_valid_d2_reg' into 'u_multiplier/valid_s2_reg' [/home/pah/fpga_cnn_accelerator/FPGA-based-CNN-Accelerator-for-autonomous-vehicles/src/rtl/mnist_classification/v4/pe.sv:184]
INFO: [Synth 8-4471] merging register 'act_valid_d3_reg' into 'u_multiplier/valid_o_reg' [/home/pah/fpga_cnn_accelerator/FPGA-based-CNN-Accelerator-for-autonomous-vehicles/src/rtl/mnist_classification/v4/pe.sv:185]
INFO: [Synth 8-4471] merging register 'act_valid_d1_reg' into 'u_multiplier/valid_s1_reg' [/home/pah/fpga_cnn_accelerator/FPGA-based-CNN-Accelerator-for-autonomous-vehicles/src/rtl/mnist_classification/v4/pe.sv:183]
INFO: [Synth 8-4471] merging register 'act_valid_d2_reg' into 'u_multiplier/valid_s2_reg' [/home/pah/fpga_cnn_accelerator/FPGA-based-CNN-Accelerator-for-autonomous-vehicles/src/rtl/mnist_classification/v4/pe.sv:184]
INFO: [Synth 8-4471] merging register 'act_valid_d3_reg' into 'u_multiplier/valid_o_reg' [/home/pah/fpga_cnn_accelerator/FPGA-based-CNN-Accelerator-for-autonomous-vehicles/src/rtl/mnist_classification/v4/pe.sv:185]
INFO: [Synth 8-4471] merging register 'act_valid_d1_reg' into 'u_multiplier/valid_s1_reg' [/home/pah/fpga_cnn_accelerator/FPGA-based-CNN-Accelerator-for-autonomous-vehicles/src/rtl/mnist_classification/v4/pe.sv:183]
INFO: [Synth 8-4471] merging register 'act_valid_d2_reg' into 'u_multiplier/valid_s2_reg' [/home/pah/fpga_cnn_accelerator/FPGA-based-CNN-Accelerator-for-autonomous-vehicles/src/rtl/mnist_classification/v4/pe.sv:184]
INFO: [Synth 8-4471] merging register 'act_valid_d3_reg' into 'u_multiplier/valid_o_reg' [/home/pah/fpga_cnn_accelerator/FPGA-based-CNN-Accelerator-for-autonomous-vehicles/src/rtl/mnist_classification/v4/pe.sv:185]
INFO: [Synth 8-4471] merging register 'act_valid_d1_reg' into 'u_multiplier/valid_s1_reg' [/home/pah/fpga_cnn_accelerator/FPGA-based-CNN-Accelerator-for-autonomous-vehicles/src/rtl/mnist_classification/v4/pe.sv:183]
INFO: [Synth 8-4471] merging register 'act_valid_d2_reg' into 'u_multiplier/valid_s2_reg' [/home/pah/fpga_cnn_accelerator/FPGA-based-CNN-Accelerator-for-autonomous-vehicles/src/rtl/mnist_classification/v4/pe.sv:184]
INFO: [Synth 8-4471] merging register 'act_valid_d3_reg' into 'u_multiplier/valid_o_reg' [/home/pah/fpga_cnn_accelerator/FPGA-based-CNN-Accelerator-for-autonomous-vehicles/src/rtl/mnist_classification/v4/pe.sv:185]
INFO: [Synth 8-4471] merging register 'act_valid_d1_reg' into 'u_multiplier/valid_s1_reg' [/home/pah/fpga_cnn_accelerator/FPGA-based-CNN-Accelerator-for-autonomous-vehicles/src/rtl/mnist_classification/v4/pe.sv:183]
INFO: [Synth 8-4471] merging register 'act_valid_d2_reg' into 'u_multiplier/valid_s2_reg' [/home/pah/fpga_cnn_accelerator/FPGA-based-CNN-Accelerator-for-autonomous-vehicles/src/rtl/mnist_classification/v4/pe.sv:184]
INFO: [Synth 8-4471] merging register 'act_valid_d3_reg' into 'u_multiplier/valid_o_reg' [/home/pah/fpga_cnn_accelerator/FPGA-based-CNN-Accelerator-for-autonomous-vehicles/src/rtl/mnist_classification/v4/pe.sv:185]
INFO: [Synth 8-4471] merging register 'act_valid_d1_reg' into 'u_multiplier/valid_s1_reg' [/home/pah/fpga_cnn_accelerator/FPGA-based-CNN-Accelerator-for-autonomous-vehicles/src/rtl/mnist_classification/v4/pe.sv:183]
INFO: [Synth 8-4471] merging register 'act_valid_d2_reg' into 'u_multiplier/valid_s2_reg' [/home/pah/fpga_cnn_accelerator/FPGA-based-CNN-Accelerator-for-autonomous-vehicles/src/rtl/mnist_classification/v4/pe.sv:184]
INFO: [Synth 8-4471] merging register 'act_valid_d3_reg' into 'u_multiplier/valid_o_reg' [/home/pah/fpga_cnn_accelerator/FPGA-based-CNN-Accelerator-for-autonomous-vehicles/src/rtl/mnist_classification/v4/pe.sv:185]
INFO: [Synth 8-4471] merging register 'act_valid_d1_reg' into 'u_multiplier/valid_s1_reg' [/home/pah/fpga_cnn_accelerator/FPGA-based-CNN-Accelerator-for-autonomous-vehicles/src/rtl/mnist_classification/v4/pe.sv:183]
INFO: [Synth 8-4471] merging register 'act_valid_d2_reg' into 'u_multiplier/valid_s2_reg' [/home/pah/fpga_cnn_accelerator/FPGA-based-CNN-Accelerator-for-autonomous-vehicles/src/rtl/mnist_classification/v4/pe.sv:184]
INFO: [Synth 8-4471] merging register 'act_valid_d3_reg' into 'u_multiplier/valid_o_reg' [/home/pah/fpga_cnn_accelerator/FPGA-based-CNN-Accelerator-for-autonomous-vehicles/src/rtl/mnist_classification/v4/pe.sv:185]
INFO: [Synth 8-4471] merging register 'act_valid_d1_reg' into 'u_multiplier/valid_s1_reg' [/home/pah/fpga_cnn_accelerator/FPGA-based-CNN-Accelerator-for-autonomous-vehicles/src/rtl/mnist_classification/v4/pe.sv:183]
INFO: [Synth 8-4471] merging register 'act_valid_d2_reg' into 'u_multiplier/valid_s2_reg' [/home/pah/fpga_cnn_accelerator/FPGA-based-CNN-Accelerator-for-autonomous-vehicles/src/rtl/mnist_classification/v4/pe.sv:184]
INFO: [Synth 8-4471] merging register 'act_valid_d3_reg' into 'u_multiplier/valid_o_reg' [/home/pah/fpga_cnn_accelerator/FPGA-based-CNN-Accelerator-for-autonomous-vehicles/src/rtl/mnist_classification/v4/pe.sv:185]
INFO: [Synth 8-4471] merging register 'act_valid_d1_reg' into 'u_multiplier/valid_s1_reg' [/home/pah/fpga_cnn_accelerator/FPGA-based-CNN-Accelerator-for-autonomous-vehicles/src/rtl/mnist_classification/v4/pe.sv:183]
INFO: [Synth 8-4471] merging register 'act_valid_d2_reg' into 'u_multiplier/valid_s2_reg' [/home/pah/fpga_cnn_accelerator/FPGA-based-CNN-Accelerator-for-autonomous-vehicles/src/rtl/mnist_classification/v4/pe.sv:184]
INFO: [Synth 8-4471] merging register 'act_valid_d3_reg' into 'u_multiplier/valid_o_reg' [/home/pah/fpga_cnn_accelerator/FPGA-based-CNN-Accelerator-for-autonomous-vehicles/src/rtl/mnist_classification/v4/pe.sv:185]
INFO: [Synth 8-4471] merging register 'act_valid_d1_reg' into 'u_multiplier/valid_s1_reg' [/home/pah/fpga_cnn_accelerator/FPGA-based-CNN-Accelerator-for-autonomous-vehicles/src/rtl/mnist_classification/v4/pe.sv:183]
INFO: [Synth 8-4471] merging register 'act_valid_d2_reg' into 'u_multiplier/valid_s2_reg' [/home/pah/fpga_cnn_accelerator/FPGA-based-CNN-Accelerator-for-autonomous-vehicles/src/rtl/mnist_classification/v4/pe.sv:184]
INFO: [Synth 8-4471] merging register 'act_valid_d3_reg' into 'u_multiplier/valid_o_reg' [/home/pah/fpga_cnn_accelerator/FPGA-based-CNN-Accelerator-for-autonomous-vehicles/src/rtl/mnist_classification/v4/pe.sv:185]
INFO: [Synth 8-3333] propagating constant 0 across sequential element (\u_mxu/u_systolic_array /\GEN_PE_ROW[0].GEN_PE_COL[0].u_pe /\psum_d1_reg[17] )
INFO: [Synth 8-3333] propagating constant 0 across sequential element (\u_mxu/u_systolic_array /\GEN_PE_ROW[0].GEN_PE_COL[1].u_pe /\psum_d1_reg[17] )
INFO: [Synth 8-3333] propagating constant 0 across sequential element (\u_mxu/u_systolic_array /\GEN_PE_ROW[0].GEN_PE_COL[2].u_pe /\psum_d1_reg[17] )
INFO: [Synth 8-3333] propagating constant 0 across sequential element (\u_mxu/u_systolic_array /\GEN_PE_ROW[0].GEN_PE_COL[3].u_pe /\psum_d1_reg[17] )
INFO: [Common 17-14] Message 'Synth 8-3886' appears 100 times and further instances of the messages will be disabled. Use the Tcl command set_msg_config to change the current settings.
INFO: [Synth 8-3333] propagating constant 0 across sequential element (\u_mxu/u_systolic_array /\GEN_PE_ROW[0].GEN_PE_COL[0].u_pe /\psum_d2_reg[17] )
INFO: [Synth 8-3333] propagating constant 0 across sequential element (\u_mxu/u_systolic_array /\GEN_PE_ROW[0].GEN_PE_COL[1].u_pe /\psum_d2_reg[17] )
INFO: [Synth 8-3333] propagating constant 0 across sequential element (\u_mxu/u_systolic_array /\GEN_PE_ROW[0].GEN_PE_COL[2].u_pe /\psum_d2_reg[17] )
INFO: [Synth 8-3333] propagating constant 0 across sequential element (\u_mxu/u_systolic_array /\GEN_PE_ROW[0].GEN_PE_COL[3].u_pe /\psum_d2_reg[17] )
INFO: [Synth 8-3333] propagating constant 0 across sequential element (\u_mxu/u_systolic_array /\GEN_PE_ROW[0].GEN_PE_COL[0].u_pe /\psum_d3_reg[17] )
INFO: [Synth 8-3333] propagating constant 0 across sequential element (\u_mxu/u_systolic_array /\GEN_PE_ROW[0].GEN_PE_COL[1].u_pe /\psum_d3_reg[17] )
INFO: [Synth 8-3333] propagating constant 0 across sequential element (\u_mxu/u_systolic_array /\GEN_PE_ROW[0].GEN_PE_COL[2].u_pe /\psum_d3_reg[17] )
INFO: [Synth 8-3333] propagating constant 0 across sequential element (\u_mxu/u_systolic_array /\GEN_PE_ROW[0].GEN_PE_COL[3].u_pe /\psum_d3_reg[17] )
INFO: [Synth 8-3333] propagating constant 0 across sequential element (\u_mxu/u_systolic_array /\GEN_PE_ROW[0].GEN_PE_COL[0].u_pe /overflow_o_reg)
INFO: [Synth 8-3333] propagating constant 0 across sequential element (\u_mxu/u_systolic_array /\GEN_PE_ROW[0].GEN_PE_COL[1].u_pe /overflow_o_reg)
INFO: [Synth 8-3333] propagating constant 0 across sequential element (\u_mxu/u_systolic_array /\GEN_PE_ROW[0].GEN_PE_COL[2].u_pe /overflow_o_reg)
INFO: [Synth 8-3333] propagating constant 0 across sequential element (\u_mxu/u_systolic_array /\GEN_PE_ROW[0].GEN_PE_COL[3].u_pe /overflow_o_reg)
INFO: [Synth 8-3333] propagating constant 0 across sequential element (\u_mxu/u_systolic_array /\GEN_PE_ROW[1].GEN_PE_COL[0].u_pe /overflow_o_reg)
INFO: [Synth 8-3333] propagating constant 0 across sequential element (\u_mxu/u_systolic_array /\GEN_PE_ROW[1].GEN_PE_COL[1].u_pe /overflow_o_reg)
INFO: [Synth 8-3333] propagating constant 0 across sequential element (\u_mxu/u_systolic_array /\GEN_PE_ROW[1].GEN_PE_COL[2].u_pe /overflow_o_reg)
INFO: [Synth 8-3333] propagating constant 0 across sequential element (\u_mxu/u_systolic_array /\GEN_PE_ROW[1].GEN_PE_COL[3].u_pe /overflow_o_reg)
INFO: [Synth 8-12192] Not enough pipeline registers after wide multiplier. Pipeline registers present is 0. Recommended levels of pipeline registers is 2. [/home/pah/fpga_cnn_accelerator/FPGA-based-CNN-Accelerator-for-autonomous-vehicles/src/rtl/mnist_classification/v4/maxpool2d.sv:110]
INFO: [Synth 8-12192] Not enough pipeline registers after wide multiplier. Pipeline registers present is 0. Recommended levels of pipeline registers is 2. [/home/pah/fpga_cnn_accelerator/FPGA-based-CNN-Accelerator-for-autonomous-vehicles/src/rtl/mnist_classification/v4/maxpool2d.sv:115]
DSP Report: Generating DSP read_addr_w1, operation Mode is: (D+A)*B.
DSP Report: operator read_addr_w1 is absorbed into DSP read_addr_w1.
DSP Report: operator in_row_w is absorbed into DSP read_addr_w1.
DSP Report: Generating DSP read_addr_w, operation Mode is: PCIN+(A:0x0):B+C.
DSP Report: operator read_addr_w is absorbed into DSP read_addr_w.
DSP Report: Generating DSP in_channel_stride_w, operation Mode is: A*B.
DSP Report: operator in_channel_stride_w is absorbed into DSP in_channel_stride_w.
DSP Report: Generating DSP read_addr_w2, operation Mode is: A*B.
DSP Report: operator read_addr_w2 is absorbed into DSP read_addr_w2.
DSP Report: operator read_addr_w2 is absorbed into DSP read_addr_w2.
DSP Report: Generating DSP read_addr_w2, operation Mode is: (PCIN>>17)+A*B.
DSP Report: operator read_addr_w2 is absorbed into DSP read_addr_w2.
DSP Report: operator read_addr_w2 is absorbed into DSP read_addr_w2.
DSP Report: Generating DSP read_addr_w, operation Mode is: PCIN+(A:0x0):B+C.
DSP Report: operator read_addr_w is absorbed into DSP read_addr_w.
DSP Report: Generating DSP write_addr_w1, operation Mode is: A*B.
DSP Report: operator write_addr_w1 is absorbed into DSP write_addr_w1.
DSP Report: Generating DSP write_addr_w, operation Mode is: PCIN+(A:0x0):B+C.
DSP Report: operator write_addr_w is absorbed into DSP write_addr_w.
DSP Report: Generating DSP out_channel_stride_w, operation Mode is: A*B.
DSP Report: operator out_channel_stride_w is absorbed into DSP out_channel_stride_w.
DSP Report: Generating DSP write_addr_w2, operation Mode is: A*B.
DSP Report: operator write_addr_w2 is absorbed into DSP write_addr_w2.
DSP Report: operator write_addr_w2 is absorbed into DSP write_addr_w2.
DSP Report: Generating DSP write_addr_w2, operation Mode is: (PCIN>>17)+A*B.
DSP Report: operator write_addr_w2 is absorbed into DSP write_addr_w2.
DSP Report: operator write_addr_w2 is absorbed into DSP write_addr_w2.
INFO: [Common 17-14] Message 'Synth 8-3886' appears 100 times and further instances of the messages will be disabled. Use the Tcl command set_msg_config to change the current settings.
INFO: [Synth 8-3333] propagating constant 0 across sequential element (\u_maxpool2d_unit/in_w_q_reg[2] )
INFO: [Synth 8-3333] propagating constant 0 across sequential element (\dbg_error_code_o_reg[31] )
INFO: [Synth 8-3333] propagating constant 0 across sequential element (\u_maxpool2d_unit/dbg_error_code_o_reg[4] )
---------------------------------------------------------------------------------
Finished Cross Boundary and Area Optimization : Time (s): cpu = 00:00:40 ; elapsed = 00:00:56 . Memory (MB): peak = 3690.285 ; gain = 2052.551 ; free physical = 293 ; free virtual = 31383
---------------------------------------------------------------------------------
 Sort Area is vector_processing_unit (null)[0].shifted_value0_0 : 0 0 : 2701 4864 : Used 1 time 0
 Sort Area is vector_processing_unit (null)[0].shifted_value0_0 : 0 1 : 2163 4864 : Used 1 time 0
 Sort Area is vector_processing_unit (null)[0].shifted_value0_6 : 0 0 : 2701 4864 : Used 1 time 0
 Sort Area is vector_processing_unit (null)[0].shifted_value0_6 : 0 1 : 2163 4864 : Used 1 time 0
 Sort Area is vector_processing_unit (null)[0].shifted_value0_8 : 0 0 : 2701 4864 : Used 1 time 0
 Sort Area is vector_processing_unit (null)[0].shifted_value0_8 : 0 1 : 2163 4864 : Used 1 time 0
 Sort Area is vector_processing_unit (null)[0].shifted_value0_a : 0 0 : 2701 4864 : Used 1 time 0
 Sort Area is vector_processing_unit (null)[0].shifted_value0_a : 0 1 : 2163 4864 : Used 1 time 0
 Sort Area is top__GC0 read_addr_w2_2 : 0 0 : 2588 4841 : Used 1 time 0
 Sort Area is top__GC0 read_addr_w2_2 : 0 1 : 2253 4841 : Used 1 time 0
 Sort Area is top__GC0 write_addr_w2_a : 0 0 : 2588 4841 : Used 1 time 0
 Sort Area is top__GC0 write_addr_w2_a : 0 1 : 2253 4841 : Used 1 time 0
 Sort Area is vector_processing_unit (null)[0].shifted_value0_3 : 0 0 : 2304 4199 : Used 1 time 0
 Sort Area is vector_processing_unit (null)[0].shifted_value0_3 : 0 1 : 1895 4199 : Used 1 time 0
 Sort Area is vector_processing_unit (null)[0].shifted_value0_7 : 0 0 : 2304 4199 : Used 1 time 0
 Sort Area is vector_processing_unit (null)[0].shifted_value0_7 : 0 1 : 1895 4199 : Used 1 time 0
 Sort Area is vector_processing_unit (null)[0].shifted_value0_9 : 0 0 : 2304 4199 : Used 1 time 0
 Sort Area is vector_processing_unit (null)[0].shifted_value0_9 : 0 1 : 1895 4199 : Used 1 time 0
 Sort Area is vector_processing_unit (null)[0].shifted_value0_b : 0 0 : 2304 4199 : Used 1 time 0
 Sort Area is vector_processing_unit (null)[0].shifted_value0_b : 0 1 : 1895 4199 : Used 1 time 0
 Sort Area is top__GC0 read_addr_w1_5 : 0 0 : 2193 2456 : Used 1 time 0
 Sort Area is top__GC0 read_addr_w1_5 : 0 1 : 168 2456 : Used 1 time 0
 Sort Area is top__GC0 read_addr_w1_5 : 0 2 : 95 2456 : Used 1 time 0
 Sort Area is controller_kloop__GB1 p_0_out_0 : 0 0 : 1946 2112 : Used 1 time 0
 Sort Area is controller_kloop__GB1 p_0_out_0 : 0 1 : 166 2112 : Used 1 time 0
 Sort Area is top__GC0 write_addr_w1_b : 0 0 : 1946 2112 : Used 1 time 0
 Sort Area is top__GC0 write_addr_w1_b : 0 1 : 166 2112 : Used 1 time 0
 Sort Area is top__GC0 in_channel_stride_w_0 : 0 0 : 1946 1946 : Used 1 time 0
 Sort Area is top__GC0 out_channel_stride_w_9 : 0 0 : 1946 1946 : Used 1 time 0
---------------------------------------------------------------------------------
Start ROM, RAM, DSP, Shift Register and Retiming Reporting
---------------------------------------------------------------------------------

ROM: Preliminary Mapping Report
+------------------+------------+---------------+----------------+
|Module Name       | RTL Object | Depth x Width | Implemented As | 
+------------------+------------+---------------+----------------+
|bias_rom          | rom_q      | 64x32         | LUT            | 
|requant_mult_rom  | rom_q      | 64x32         | LUT            | 
|requant_shift_rom | rom_q      | 64x6          | LUT            | 
+------------------+------------+---------------+----------------+


Block RAM: Preliminary Mapping Report (see note below)
+------------+--------------------------------+------------------------+---+---+------------------------+---+---+------------------+--------+--------+-----------------+
|Module Name | RTL Object                     | PORT A (Depth x Width) | W | R | PORT B (Depth x Width) | W | R | Ports driving FF | RAMB18 | RAMB36 | Cascade Heights | 
+------------+--------------------------------+------------------------+---+---+------------------------+---+---+------------------+--------+--------+-----------------+
|top__GC0    | u_unified_buffer/bank0_mem_reg | 8 K x 8(READ_FIRST)    | W |   | 8 K x 8(WRITE_FIRST)   |   | R | Port A and B     | 0      | 2      | 2               | 
|top__GC0    | u_unified_buffer/bank1_mem_reg | 8 K x 8(READ_FIRST)    | W |   | 8 K x 8(WRITE_FIRST)   |   | R | Port A and B     | 0      | 2      | 2               | 
+------------+--------------------------------+------------------------+---+---+------------------------+---+---+------------------+--------+--------+-----------------+

Note: The table above is a preliminary report that shows the Block RAMs at the current stage of the synthesis flow. Some Block RAMs may be reimplemented as non Block RAM primitives later in the synthesis flow. Multiple instantiated Block RAMs are reported only once. 

DSP: Preliminary Mapping Report (see note below. The ' indicates corresponding REG is set)
+----------------------+------------------+--------+--------+--------+--------+--------+------+------+------+------+-------+------+------+
|Module Name           | DSP Mapping      | A Size | B Size | C Size | D Size | P Size | AREG | BREG | CREG | DREG | ADREG | MREG | PREG | 
+----------------------+------------------+--------+--------+--------+--------+--------+------+------+------+------+-------+------+------+
|controller_kloop      | A*B              | 16     | 16     | -      | -      | 32     | 0    | 0    | -    | -    | -     | 0    | 0    | 
|controller_kloop__GB1 | PCIN+(A:0x0):B+C | 30     | 13     | 16     | -      | -1     | 0    | 0    | 0    | -    | -     | 0    | 0    | 
|bias_requantize       | A*B              | 18     | 16     | -      | -      | 48     | 0    | 0    | -    | -    | -     | 0    | 0    | 
|bias_requantize       | (PCIN>>17)+A*B   | 16     | 15     | -      | -      | 31     | 0    | 0    | -    | -    | -     | 0    | 0    | 
|bias_requantize       | A*B              | 18     | 18     | -      | -      | 48     | 0    | 0    | -    | -    | -     | 0    | 0    | 
|bias_requantize       | (PCIN>>17)+A*B   | 18     | 15     | -      | -      | 48     | 0    | 0    | -    | -    | -     | 0    | 0    | 
|bias_requantize       | A*B              | 18     | 16     | -      | -      | 48     | 0    | 0    | -    | -    | -     | 0    | 0    | 
|bias_requantize       | (PCIN>>17)+A*B   | 16     | 15     | -      | -      | 31     | 0    | 0    | -    | -    | -     | 0    | 0    | 
|bias_requantize       | A*B              | 18     | 18     | -      | -      | 48     | 0    | 0    | -    | -    | -     | 0    | 0    | 
|bias_requantize       | (PCIN>>17)+A*B   | 18     | 15     | -      | -      | 48     | 0    | 0    | -    | -    | -     | 0    | 0    | 
|bias_requantize       | A*B              | 18     | 16     | -      | -      | 48     | 0    | 0    | -    | -    | -     | 0    | 0    | 
|bias_requantize       | (PCIN>>17)+A*B   | 16     | 15     | -      | -      | 31     | 0    | 0    | -    | -    | -     | 0    | 0    | 
|bias_requantize       | A*B              | 18     | 18     | -      | -      | 48     | 0    | 0    | -    | -    | -     | 0    | 0    | 
|bias_requantize       | (PCIN>>17)+A*B   | 18     | 15     | -      | -      | 48     | 0    | 0    | -    | -    | -     | 0    | 0    | 
|bias_requantize       | A*B              | 18     | 16     | -      | -      | 48     | 0    | 0    | -    | -    | -     | 0    | 0    | 
|bias_requantize       | (PCIN>>17)+A*B   | 16     | 15     | -      | -      | 31     | 0    | 0    | -    | -    | -     | 0    | 0    | 
|bias_requantize       | A*B              | 18     | 18     | -      | -      | 48     | 0    | 0    | -    | -    | -     | 0    | 0    | 
|bias_requantize       | (PCIN>>17)+A*B   | 18     | 15     | -      | -      | 48     | 0    | 0    | -    | -    | -     | 0    | 0    | 
|maxpool2d             | (D+A)*B          | 1      | 16     | -      | 17     | 34     | 0    | 0    | -    | 0    | 0     | 0    | 0    | 
|maxpool2d             | PCIN+(A:0x0):B+C | 30     | 13     | 17     | -      | -1     | 0    | 0    | 0    | -    | -     | 0    | 0    | 
|maxpool2d             | A*B              | 16     | 16     | -      | -      | 32     | 0    | 0    | -    | -    | -     | 0    | 0    | 
|maxpool2d             | A*B              | 18     | 17     | -      | -      | 48     | 0    | 0    | -    | -    | -     | 0    | 0    | 
|maxpool2d             | (PCIN>>17)+A*B   | 17     | 16     | -      | -      | 48     | 0    | 0    | -    | -    | -     | 0    | 0    | 
|maxpool2d             | PCIN+(A:0x0):B+C | 30     | 1      | 32     | -      | -1     | 0    | 0    | 0    | -    | -     | 0    | 0    | 
|maxpool2d             | A*B              | 16     | 16     | -      | -      | 32     | 0    | 0    | -    | -    | -     | 0    | 0    | 
|maxpool2d             | PCIN+(A:0x0):B+C | 30     | 16     | 13     | -      | -1     | 0    | 0    | 0    | -    | -     | 0    | 0    | 
|maxpool2d             | A*B              | 16     | 16     | -      | -      | 32     | 0    | 0    | -    | -    | -     | 0    | 0    | 
|maxpool2d             | A*B              | 18     | 17     | -      | -      | 48     | 0    | 0    | -    | -    | -     | 0    | 0    | 
|maxpool2d             | (PCIN>>17)+A*B   | 17     | 16     | -      | -      | 48     | 0    | 0    | -    | -    | -     | 0    | 0    | 
+----------------------+------------------+--------+--------+--------+--------+--------+------+------+------+------+-------+------+------+

Note: The table above is a preliminary report that shows the DSPs inferred at the current stage of the synthesis flow. Some DSP may be reimplemented as non DSP primitives later in the synthesis flow. Multiple instantiated DSPs are reported only once.
---------------------------------------------------------------------------------
Finished ROM, RAM, DSP, Shift Register and Retiming Reporting
---------------------------------------------------------------------------------
No constraint files found.
---------------------------------------------------------------------------------
Start Timing Optimization
---------------------------------------------------------------------------------
---------------------------------------------------------------------------------
Finished Timing Optimization : Time (s): cpu = 00:01:25 ; elapsed = 00:01:03 . Memory (MB): peak = 3690.285 ; gain = 2052.551 ; free physical = 440 ; free virtual = 30714
---------------------------------------------------------------------------------
---------------------------------------------------------------------------------
Start ROM, RAM, DSP, Shift Register and Retiming Reporting
---------------------------------------------------------------------------------

Block RAM: Final Mapping Report
+------------+--------------------------------+------------------------+---+---+------------------------+---+---+------------------+--------+--------+-----------------+
|Module Name | RTL Object                     | PORT A (Depth x Width) | W | R | PORT B (Depth x Width) | W | R | Ports driving FF | RAMB18 | RAMB36 | Cascade Heights | 
+------------+--------------------------------+------------------------+---+---+------------------------+---+---+------------------+--------+--------+-----------------+
|top__GC0    | u_unified_buffer/bank0_mem_reg | 8 K x 8(READ_FIRST)    | W |   | 8 K x 8(WRITE_FIRST)   |   | R | Port A and B     | 0      | 2      | 2               | 
|top__GC0    | u_unified_buffer/bank1_mem_reg | 8 K x 8(READ_FIRST)    | W |   | 8 K x 8(WRITE_FIRST)   |   | R | Port A and B     | 0      | 2      | 2               | 
+------------+--------------------------------+------------------------+---+---+------------------------+---+---+------------------+--------+--------+-----------------+

---------------------------------------------------------------------------------
Finished ROM, RAM, DSP, Shift Register and Retiming Reporting
---------------------------------------------------------------------------------
---------------------------------------------------------------------------------
Start Technology Mapping
---------------------------------------------------------------------------------
INFO: [Synth 8-7052] The timing for the instance u_tile_controlleri_2/GEN_WEIGHT_ROMS[15].u_weight_rom/data_o_reg_0 (implemented as a Block RAM) might be sub-optimal as no optional output register could be merged into the ram block. Providing additional output register may help in improving timing.
INFO: [Synth 8-7052] The timing for the instance u_tile_controlleri_2/GEN_WEIGHT_ROMS[15].u_weight_rom/data_o_reg_0 (implemented as a Block RAM) might be sub-optimal as no optional output register could be merged into the ram block. Providing additional output register may help in improving timing.
INFO: [Synth 8-7052] The timing for the instance u_tile_controlleri_2/GEN_WEIGHT_ROMS[15].u_weight_rom/data_o_reg_1 (implemented as a Block RAM) might be sub-optimal as no optional output register could be merged into the ram block. Providing additional output register may help in improving timing.
INFO: [Synth 8-7052] The timing for the instance u_tile_controlleri_2/GEN_WEIGHT_ROMS[15].u_weight_rom/data_o_reg_1 (implemented as a Block RAM) might be sub-optimal as no optional output register could be merged into the ram block. Providing additional output register may help in improving timing.
INFO: [Synth 8-7052] The timing for the instance u_tile_controlleri_2/GEN_WEIGHT_ROMS[13].u_weight_rom/data_o_reg_0 (implemented as a Block RAM) might be sub-optimal as no optional output register could be merged into the ram block. Providing additional output register may help in improving timing.
INFO: [Synth 8-7052] The timing for the instance u_tile_controlleri_2/GEN_WEIGHT_ROMS[13].u_weight_rom/data_o_reg_0 (implemented as a Block RAM) might be sub-optimal as no optional output register could be merged into the ram block. Providing additional output register may help in improving timing.
INFO: [Synth 8-7052] The timing for the instance u_tile_controlleri_2/GEN_WEIGHT_ROMS[13].u_weight_rom/data_o_reg_1 (implemented as a Block RAM) might be sub-optimal as no optional output register could be merged into the ram block. Providing additional output register may help in improving timing.
INFO: [Synth 8-7052] The timing for the instance u_tile_controlleri_2/GEN_WEIGHT_ROMS[13].u_weight_rom/data_o_reg_1 (implemented as a Block RAM) might be sub-optimal as no optional output register could be merged into the ram block. Providing additional output register may help in improving timing.
INFO: [Synth 8-7052] The timing for the instance u_tile_controlleri_2/GEN_WEIGHT_ROMS[11].u_weight_rom/data_o_reg_0 (implemented as a Block RAM) might be sub-optimal as no optional output register could be merged into the ram block. Providing additional output register may help in improving timing.
INFO: [Synth 8-7052] The timing for the instance u_tile_controlleri_2/GEN_WEIGHT_ROMS[11].u_weight_rom/data_o_reg_0 (implemented as a Block RAM) might be sub-optimal as no optional output register could be merged into the ram block. Providing additional output register may help in improving timing.
INFO: [Synth 8-7052] The timing for the instance u_tile_controlleri_2/GEN_WEIGHT_ROMS[11].u_weight_rom/data_o_reg_1 (implemented as a Block RAM) might be sub-optimal as no optional output register could be merged into the ram block. Providing additional output register may help in improving timing.
INFO: [Synth 8-7052] The timing for the instance u_tile_controlleri_2/GEN_WEIGHT_ROMS[11].u_weight_rom/data_o_reg_1 (implemented as a Block RAM) might be sub-optimal as no optional output register could be merged into the ram block. Providing additional output register may help in improving timing.
INFO: [Synth 8-7052] The timing for the instance u_tile_controlleri_2/GEN_WEIGHT_ROMS[9].u_weight_rom/data_o_reg_0 (implemented as a Block RAM) might be sub-optimal as no optional output register could be merged into the ram block. Providing additional output register may help in improving timing.
INFO: [Synth 8-7052] The timing for the instance u_tile_controlleri_2/GEN_WEIGHT_ROMS[9].u_weight_rom/data_o_reg_0 (implemented as a Block RAM) might be sub-optimal as no optional output register could be merged into the ram block. Providing additional output register may help in improving timing.
INFO: [Synth 8-7052] The timing for the instance u_tile_controlleri_2/GEN_WEIGHT_ROMS[9].u_weight_rom/data_o_reg_1 (implemented as a Block RAM) might be sub-optimal as no optional output register could be merged into the ram block. Providing additional output register may help in improving timing.
INFO: [Synth 8-7052] The timing for the instance u_tile_controlleri_2/GEN_WEIGHT_ROMS[9].u_weight_rom/data_o_reg_1 (implemented as a Block RAM) might be sub-optimal as no optional output register could be merged into the ram block. Providing additional output register may help in improving timing.
INFO: [Synth 8-7052] The timing for the instance u_tile_controlleri_2/GEN_WEIGHT_ROMS[7].u_weight_rom/data_o_reg_0 (implemented as a Block RAM) might be sub-optimal as no optional output register could be merged into the ram block. Providing additional output register may help in improving timing.
INFO: [Synth 8-7052] The timing for the instance u_tile_controlleri_2/GEN_WEIGHT_ROMS[7].u_weight_rom/data_o_reg_0 (implemented as a Block RAM) might be sub-optimal as no optional output register could be merged into the ram block. Providing additional output register may help in improving timing.
INFO: [Synth 8-7052] The timing for the instance u_tile_controlleri_2/GEN_WEIGHT_ROMS[7].u_weight_rom/data_o_reg_1 (implemented as a Block RAM) might be sub-optimal as no optional output register could be merged into the ram block. Providing additional output register may help in improving timing.
INFO: [Synth 8-7052] The timing for the instance u_tile_controlleri_2/GEN_WEIGHT_ROMS[7].u_weight_rom/data_o_reg_1 (implemented as a Block RAM) might be sub-optimal as no optional output register could be merged into the ram block. Providing additional output register may help in improving timing.
INFO: [Synth 8-7052] The timing for the instance u_tile_controlleri_2/GEN_WEIGHT_ROMS[5].u_weight_rom/data_o_reg_0 (implemented as a Block RAM) might be sub-optimal as no optional output register could be merged into the ram block. Providing additional output register may help in improving timing.
INFO: [Synth 8-7052] The timing for the instance u_tile_controlleri_2/GEN_WEIGHT_ROMS[5].u_weight_rom/data_o_reg_0 (implemented as a Block RAM) might be sub-optimal as no optional output register could be merged into the ram block. Providing additional output register may help in improving timing.
INFO: [Synth 8-7052] The timing for the instance u_tile_controlleri_2/GEN_WEIGHT_ROMS[5].u_weight_rom/data_o_reg_1 (implemented as a Block RAM) might be sub-optimal as no optional output register could be merged into the ram block. Providing additional output register may help in improving timing.
INFO: [Synth 8-7052] The timing for the instance u_tile_controlleri_2/GEN_WEIGHT_ROMS[5].u_weight_rom/data_o_reg_1 (implemented as a Block RAM) might be sub-optimal as no optional output register could be merged into the ram block. Providing additional output register may help in improving timing.
INFO: [Synth 8-7052] The timing for the instance u_tile_controlleri_2/GEN_WEIGHT_ROMS[3].u_weight_rom/data_o_reg_0 (implemented as a Block RAM) might be sub-optimal as no optional output register could be merged into the ram block. Providing additional output register may help in improving timing.
INFO: [Synth 8-7052] The timing for the instance u_tile_controlleri_2/GEN_WEIGHT_ROMS[3].u_weight_rom/data_o_reg_0 (implemented as a Block RAM) might be sub-optimal as no optional output register could be merged into the ram block. Providing additional output register may help in improving timing.
INFO: [Synth 8-7052] The timing for the instance u_tile_controlleri_2/GEN_WEIGHT_ROMS[3].u_weight_rom/data_o_reg_1 (implemented as a Block RAM) might be sub-optimal as no optional output register could be merged into the ram block. Providing additional output register may help in improving timing.
INFO: [Synth 8-7052] The timing for the instance u_tile_controlleri_2/GEN_WEIGHT_ROMS[3].u_weight_rom/data_o_reg_1 (implemented as a Block RAM) might be sub-optimal as no optional output register could be merged into the ram block. Providing additional output register may help in improving timing.
INFO: [Synth 8-7052] The timing for the instance u_tile_controlleri_2/GEN_WEIGHT_ROMS[1].u_weight_rom/data_o_reg_0 (implemented as a Block RAM) might be sub-optimal as no optional output register could be merged into the ram block. Providing additional output register may help in improving timing.
INFO: [Synth 8-7052] The timing for the instance u_tile_controlleri_2/GEN_WEIGHT_ROMS[1].u_weight_rom/data_o_reg_0 (implemented as a Block RAM) might be sub-optimal as no optional output register could be merged into the ram block. Providing additional output register may help in improving timing.
INFO: [Synth 8-7052] The timing for the instance u_tile_controlleri_2/GEN_WEIGHT_ROMS[1].u_weight_rom/data_o_reg_1 (implemented as a Block RAM) might be sub-optimal as no optional output register could be merged into the ram block. Providing additional output register may help in improving timing.
INFO: [Synth 8-7052] The timing for the instance u_tile_controlleri_2/GEN_WEIGHT_ROMS[1].u_weight_rom/data_o_reg_1 (implemented as a Block RAM) might be sub-optimal as no optional output register could be merged into the ram block. Providing additional output register may help in improving timing.
INFO: [Synth 8-7052] The timing for the instance u_tpu_topi_7/u_unified_buffer/bank0_mem_reg_bram_1 (implemented as a Block RAM) might be sub-optimal as no optional output register could be merged into the ram block. Providing additional output register may help in improving timing.
INFO: [Synth 8-7052] The timing for the instance u_tpu_topi_7/u_unified_buffer/bank1_mem_reg_bram_1 (implemented as a Block RAM) might be sub-optimal as no optional output register could be merged into the ram block. Providing additional output register may help in improving timing.
---------------------------------------------------------------------------------
Finished Technology Mapping : Time (s): cpu = 00:01:27 ; elapsed = 00:01:05 . Memory (MB): peak = 3698.289 ; gain = 2060.555 ; free physical = 420 ; free virtual = 30704
---------------------------------------------------------------------------------
---------------------------------------------------------------------------------
Start IO Insertion
---------------------------------------------------------------------------------
---------------------------------------------------------------------------------
Start Flattening Before IO Insertion
---------------------------------------------------------------------------------
---------------------------------------------------------------------------------
Finished Flattening Before IO Insertion
---------------------------------------------------------------------------------
---------------------------------------------------------------------------------
Start Final Netlist Cleanup
---------------------------------------------------------------------------------
INFO: [Synth 8-7052] The timing for the instance u_tpu_top/u_layer_controller/u_tile_controller/GEN_WEIGHT_ROMS[15].u_weight_rom/data_o_reg_0 (implemented as a Block RAM) might be sub-optimal as no optional output register could be merged into the ram block. Providing additional output register may help in improving timing.
INFO: [Synth 8-7052] The timing for the instance u_tpu_top/u_layer_controller/u_tile_controller/GEN_WEIGHT_ROMS[15].u_weight_rom/data_o_reg_0 (implemented as a Block RAM) might be sub-optimal as no optional output register could be merged into the ram block. Providing additional output register may help in improving timing.
INFO: [Synth 8-7052] The timing for the instance u_tpu_top/u_layer_controller/u_tile_controller/GEN_WEIGHT_ROMS[15].u_weight_rom/data_o_reg_1 (implemented as a Block RAM) might be sub-optimal as no optional output register could be merged into the ram block. Providing additional output register may help in improving timing.
INFO: [Synth 8-7052] The timing for the instance u_tpu_top/u_layer_controller/u_tile_controller/GEN_WEIGHT_ROMS[15].u_weight_rom/data_o_reg_1 (implemented as a Block RAM) might be sub-optimal as no optional output register could be merged into the ram block. Providing additional output register may help in improving timing.
INFO: [Synth 8-7052] The timing for the instance u_tpu_top/u_layer_controller/u_tile_controller/GEN_WEIGHT_ROMS[13].u_weight_rom/data_o_reg_0 (implemented as a Block RAM) might be sub-optimal as no optional output register could be merged into the ram block. Providing additional output register may help in improving timing.
INFO: [Synth 8-7052] The timing for the instance u_tpu_top/u_layer_controller/u_tile_controller/GEN_WEIGHT_ROMS[13].u_weight_rom/data_o_reg_0 (implemented as a Block RAM) might be sub-optimal as no optional output register could be merged into the ram block. Providing additional output register may help in improving timing.
INFO: [Synth 8-7052] The timing for the instance u_tpu_top/u_layer_controller/u_tile_controller/GEN_WEIGHT_ROMS[13].u_weight_rom/data_o_reg_1 (implemented as a Block RAM) might be sub-optimal as no optional output register could be merged into the ram block. Providing additional output register may help in improving timing.
INFO: [Synth 8-7052] The timing for the instance u_tpu_top/u_layer_controller/u_tile_controller/GEN_WEIGHT_ROMS[13].u_weight_rom/data_o_reg_1 (implemented as a Block RAM) might be sub-optimal as no optional output register could be merged into the ram block. Providing additional output register may help in improving timing.
INFO: [Synth 8-7052] The timing for the instance u_tpu_top/u_layer_controller/u_tile_controller/GEN_WEIGHT_ROMS[11].u_weight_rom/data_o_reg_0 (implemented as a Block RAM) might be sub-optimal as no optional output register could be merged into the ram block. Providing additional output register may help in improving timing.
INFO: [Synth 8-7052] The timing for the instance u_tpu_top/u_layer_controller/u_tile_controller/GEN_WEIGHT_ROMS[11].u_weight_rom/data_o_reg_0 (implemented as a Block RAM) might be sub-optimal as no optional output register could be merged into the ram block. Providing additional output register may help in improving timing.
INFO: [Synth 8-7052] The timing for the instance u_tpu_top/u_layer_controller/u_tile_controller/GEN_WEIGHT_ROMS[11].u_weight_rom/data_o_reg_1 (implemented as a Block RAM) might be sub-optimal as no optional output register could be merged into the ram block. Providing additional output register may help in improving timing.
INFO: [Synth 8-7052] The timing for the instance u_tpu_top/u_layer_controller/u_tile_controller/GEN_WEIGHT_ROMS[11].u_weight_rom/data_o_reg_1 (implemented as a Block RAM) might be sub-optimal as no optional output register could be merged into the ram block. Providing additional output register may help in improving timing.
INFO: [Synth 8-7052] The timing for the instance u_tpu_top/u_layer_controller/u_tile_controller/GEN_WEIGHT_ROMS[9].u_weight_rom/data_o_reg_0 (implemented as a Block RAM) might be sub-optimal as no optional output register could be merged into the ram block. Providing additional output register may help in improving timing.
INFO: [Synth 8-7052] The timing for the instance u_tpu_top/u_layer_controller/u_tile_controller/GEN_WEIGHT_ROMS[9].u_weight_rom/data_o_reg_0 (implemented as a Block RAM) might be sub-optimal as no optional output register could be merged into the ram block. Providing additional output register may help in improving timing.
INFO: [Synth 8-7052] The timing for the instance u_tpu_top/u_layer_controller/u_tile_controller/GEN_WEIGHT_ROMS[9].u_weight_rom/data_o_reg_1 (implemented as a Block RAM) might be sub-optimal as no optional output register could be merged into the ram block. Providing additional output register may help in improving timing.
INFO: [Synth 8-7052] The timing for the instance u_tpu_top/u_layer_controller/u_tile_controller/GEN_WEIGHT_ROMS[9].u_weight_rom/data_o_reg_1 (implemented as a Block RAM) might be sub-optimal as no optional output register could be merged into the ram block. Providing additional output register may help in improving timing.
INFO: [Synth 8-7052] The timing for the instance u_tpu_top/u_layer_controller/u_tile_controller/GEN_WEIGHT_ROMS[7].u_weight_rom/data_o_reg_0 (implemented as a Block RAM) might be sub-optimal as no optional output register could be merged into the ram block. Providing additional output register may help in improving timing.
INFO: [Synth 8-7052] The timing for the instance u_tpu_top/u_layer_controller/u_tile_controller/GEN_WEIGHT_ROMS[7].u_weight_rom/data_o_reg_0 (implemented as a Block RAM) might be sub-optimal as no optional output register could be merged into the ram block. Providing additional output register may help in improving timing.
INFO: [Synth 8-7052] The timing for the instance u_tpu_top/u_layer_controller/u_tile_controller/GEN_WEIGHT_ROMS[7].u_weight_rom/data_o_reg_1 (implemented as a Block RAM) might be sub-optimal as no optional output register could be merged into the ram block. Providing additional output register may help in improving timing.
INFO: [Synth 8-7052] The timing for the instance u_tpu_top/u_layer_controller/u_tile_controller/GEN_WEIGHT_ROMS[7].u_weight_rom/data_o_reg_1 (implemented as a Block RAM) might be sub-optimal as no optional output register could be merged into the ram block. Providing additional output register may help in improving timing.
INFO: [Synth 8-7052] The timing for the instance u_tpu_top/u_layer_controller/u_tile_controller/GEN_WEIGHT_ROMS[5].u_weight_rom/data_o_reg_0 (implemented as a Block RAM) might be sub-optimal as no optional output register could be merged into the ram block. Providing additional output register may help in improving timing.
INFO: [Synth 8-7052] The timing for the instance u_tpu_top/u_layer_controller/u_tile_controller/GEN_WEIGHT_ROMS[5].u_weight_rom/data_o_reg_0 (implemented as a Block RAM) might be sub-optimal as no optional output register could be merged into the ram block. Providing additional output register may help in improving timing.
INFO: [Synth 8-7052] The timing for the instance u_tpu_top/u_layer_controller/u_tile_controller/GEN_WEIGHT_ROMS[5].u_weight_rom/data_o_reg_1 (implemented as a Block RAM) might be sub-optimal as no optional output register could be merged into the ram block. Providing additional output register may help in improving timing.
INFO: [Synth 8-7052] The timing for the instance u_tpu_top/u_layer_controller/u_tile_controller/GEN_WEIGHT_ROMS[5].u_weight_rom/data_o_reg_1 (implemented as a Block RAM) might be sub-optimal as no optional output register could be merged into the ram block. Providing additional output register may help in improving timing.
INFO: [Synth 8-7052] The timing for the instance u_tpu_top/u_layer_controller/u_tile_controller/GEN_WEIGHT_ROMS[3].u_weight_rom/data_o_reg_0 (implemented as a Block RAM) might be sub-optimal as no optional output register could be merged into the ram block. Providing additional output register may help in improving timing.
INFO: [Synth 8-7052] The timing for the instance u_tpu_top/u_layer_controller/u_tile_controller/GEN_WEIGHT_ROMS[3].u_weight_rom/data_o_reg_0 (implemented as a Block RAM) might be sub-optimal as no optional output register could be merged into the ram block. Providing additional output register may help in improving timing.
INFO: [Synth 8-7052] The timing for the instance u_tpu_top/u_layer_controller/u_tile_controller/GEN_WEIGHT_ROMS[3].u_weight_rom/data_o_reg_1 (implemented as a Block RAM) might be sub-optimal as no optional output register could be merged into the ram block. Providing additional output register may help in improving timing.
INFO: [Synth 8-7052] The timing for the instance u_tpu_top/u_layer_controller/u_tile_controller/GEN_WEIGHT_ROMS[3].u_weight_rom/data_o_reg_1 (implemented as a Block RAM) might be sub-optimal as no optional output register could be merged into the ram block. Providing additional output register may help in improving timing.
INFO: [Synth 8-7052] The timing for the instance u_tpu_top/u_layer_controller/u_tile_controller/GEN_WEIGHT_ROMS[1].u_weight_rom/data_o_reg_0 (implemented as a Block RAM) might be sub-optimal as no optional output register could be merged into the ram block. Providing additional output register may help in improving timing.
INFO: [Synth 8-7052] The timing for the instance u_tpu_top/u_layer_controller/u_tile_controller/GEN_WEIGHT_ROMS[1].u_weight_rom/data_o_reg_0 (implemented as a Block RAM) might be sub-optimal as no optional output register could be merged into the ram block. Providing additional output register may help in improving timing.
INFO: [Synth 8-7052] The timing for the instance u_tpu_top/u_layer_controller/u_tile_controller/GEN_WEIGHT_ROMS[1].u_weight_rom/data_o_reg_1 (implemented as a Block RAM) might be sub-optimal as no optional output register could be merged into the ram block. Providing additional output register may help in improving timing.
INFO: [Synth 8-7052] The timing for the instance u_tpu_top/u_layer_controller/u_tile_controller/GEN_WEIGHT_ROMS[1].u_weight_rom/data_o_reg_1 (implemented as a Block RAM) might be sub-optimal as no optional output register could be merged into the ram block. Providing additional output register may help in improving timing.
INFO: [Synth 8-7052] The timing for the instance u_tpu_top/u_unified_buffer/bank0_mem_reg_bram_1 (implemented as a Block RAM) might be sub-optimal as no optional output register could be merged into the ram block. Providing additional output register may help in improving timing.
INFO: [Synth 8-7052] The timing for the instance u_tpu_top/u_unified_buffer/bank1_mem_reg_bram_1 (implemented as a Block RAM) might be sub-optimal as no optional output register could be merged into the ram block. Providing additional output register may help in improving timing.
---------------------------------------------------------------------------------
Finished Final Netlist Cleanup
---------------------------------------------------------------------------------
---------------------------------------------------------------------------------
Finished IO Insertion : Time (s): cpu = 00:01:31 ; elapsed = 00:01:09 . Memory (MB): peak = 3698.289 ; gain = 2060.555 ; free physical = 472 ; free virtual = 30604
---------------------------------------------------------------------------------
---------------------------------------------------------------------------------
Start Renaming Generated Instances
---------------------------------------------------------------------------------
---------------------------------------------------------------------------------
Finished Renaming Generated Instances : Time (s): cpu = 00:01:31 ; elapsed = 00:01:09 . Memory (MB): peak = 3698.289 ; gain = 2060.555 ; free physical = 474 ; free virtual = 30607
---------------------------------------------------------------------------------
---------------------------------------------------------------------------------
Start Rebuilding User Hierarchy
---------------------------------------------------------------------------------
---------------------------------------------------------------------------------
Finished Rebuilding User Hierarchy : Time (s): cpu = 00:01:32 ; elapsed = 00:01:10 . Memory (MB): peak = 3698.289 ; gain = 2060.555 ; free physical = 450 ; free virtual = 30582
---------------------------------------------------------------------------------
---------------------------------------------------------------------------------
Start Renaming Generated Ports
---------------------------------------------------------------------------------
---------------------------------------------------------------------------------
Finished Renaming Generated Ports : Time (s): cpu = 00:01:32 ; elapsed = 00:01:10 . Memory (MB): peak = 3698.289 ; gain = 2060.555 ; free physical = 451 ; free virtual = 30583
---------------------------------------------------------------------------------
---------------------------------------------------------------------------------
Start Handling Custom Attributes
---------------------------------------------------------------------------------
---------------------------------------------------------------------------------
Finished Handling Custom Attributes : Time (s): cpu = 00:01:33 ; elapsed = 00:01:11 . Memory (MB): peak = 3698.289 ; gain = 2060.555 ; free physical = 464 ; free virtual = 30597
---------------------------------------------------------------------------------
---------------------------------------------------------------------------------
Start Renaming Generated Nets
---------------------------------------------------------------------------------
---------------------------------------------------------------------------------
Finished Renaming Generated Nets : Time (s): cpu = 00:01:33 ; elapsed = 00:01:11 . Memory (MB): peak = 3698.289 ; gain = 2060.555 ; free physical = 467 ; free virtual = 30600
---------------------------------------------------------------------------------
---------------------------------------------------------------------------------
Start ROM, RAM, DSP, Shift Register and Retiming Reporting
---------------------------------------------------------------------------------

Static Shift Register Report:
+-------------+-----------------------------------------------------------------------------------------+--------+-------+--------------+--------------------+-------------------+--------+---------+
|Module Name  | RTL Name                                                                                | Length | Width | Reset Signal | Pull out first Reg | Pull out last Reg | SRL16E | SRLC32E | 
+-------------+-----------------------------------------------------------------------------------------+--------+-------+--------------+--------------------+-------------------+--------+---------+
|top_axi_lite | u_tpu_top/u_datapath/u_mxu/u_skew_buffer/GEN_ROW_SKEW[1].GEN_DELAY.data_pipe_reg[3][7]  | 5      | 8     | YES          | NO                 | YES               | 8      | 0       | 
|top_axi_lite | u_tpu_top/u_datapath/u_mxu/u_skew_buffer/GEN_ROW_SKEW[2].GEN_DELAY.data_pipe_reg[7][7]  | 9      | 8     | YES          | NO                 | YES               | 8      | 0       | 
|top_axi_lite | u_tpu_top/u_datapath/u_mxu/u_skew_buffer/GEN_ROW_SKEW[3].GEN_DELAY.data_pipe_reg[11][7] | 13     | 8     | YES          | NO                 | YES               | 8      | 0       | 
+-------------+-----------------------------------------------------------------------------------------+--------+-------+--------------+--------------------+-------------------+--------+---------+

---------------------------------------------------------------------------------
Finished ROM, RAM, DSP, Shift Register and Retiming Reporting
---------------------------------------------------------------------------------
---------------------------------------------------------------------------------
Start Writing Synthesis Report
---------------------------------------------------------------------------------

DSP Final Report (the ' indicates corresponding REG is set)
+----------------------+--------------+--------+--------+--------+--------+--------+------+------+------+------+-------+------+------+
|Module Name           | DSP Mapping  | A Size | B Size | C Size | D Size | P Size | AREG | BREG | CREG | DREG | ADREG | MREG | PREG | 
+----------------------+--------------+--------+--------+--------+--------+--------+------+------+------+------+-------+------+------+
|bias_requantize       | A*B          | 17     | 18     | -      | -      | 48     | 0    | 0    | -    | -    | -     | 0    | 0    | 
|bias_requantize       | PCIN>>17+A*B | 30     | 7      | -      | -      | 31     | 0    | 0    | -    | -    | -     | 0    | 0    | 
|bias_requantize       | A*B          | 17     | 17     | -      | -      | 48     | 0    | 0    | -    | -    | -     | 0    | 0    | 
|bias_requantize       | PCIN>>17+A*B | 0      | 7      | -      | -      | 48     | 0    | 0    | -    | -    | -     | 0    | 0    | 
|bias_requantize       | A*B          | 17     | 18     | -      | -      | 48     | 0    | 0    | -    | -    | -     | 0    | 0    | 
|bias_requantize       | PCIN>>17+A*B | 30     | 7      | -      | -      | 31     | 0    | 0    | -    | -    | -     | 0    | 0    | 
|bias_requantize       | A*B          | 17     | 17     | -      | -      | 48     | 0    | 0    | -    | -    | -     | 0    | 0    | 
|bias_requantize       | PCIN>>17+A*B | 0      | 7      | -      | -      | 48     | 0    | 0    | -    | -    | -     | 0    | 0    | 
|bias_requantize       | A*B          | 17     | 18     | -      | -      | 48     | 0    | 0    | -    | -    | -     | 0    | 0    | 
|bias_requantize       | PCIN>>17+A*B | 30     | 7      | -      | -      | 31     | 0    | 0    | -    | -    | -     | 0    | 0    | 
|bias_requantize       | A*B          | 17     | 17     | -      | -      | 48     | 0    | 0    | -    | -    | -     | 0    | 0    | 
|bias_requantize       | PCIN>>17+A*B | 0      | 7      | -      | -      | 48     | 0    | 0    | -    | -    | -     | 0    | 0    | 
|bias_requantize       | A*B          | 17     | 18     | -      | -      | 48     | 0    | 0    | -    | -    | -     | 0    | 0    | 
|bias_requantize       | PCIN>>17+A*B | 30     | 7      | -      | -      | 31     | 0    | 0    | -    | -    | -     | 0    | 0    | 
|bias_requantize       | A*B          | 17     | 17     | -      | -      | 48     | 0    | 0    | -    | -    | -     | 0    | 0    | 
|bias_requantize       | PCIN>>17+A*B | 0      | 7      | -      | -      | 48     | 0    | 0    | -    | -    | -     | 0    | 0    | 
|controller_kloop      | A*B          | 10     | 16     | -      | -      | 32     | 0    | 0    | -    | -    | -     | 0    | 0    | 
|controller_kloop__GB1 | PCIN+A:B+C   | 0      | 0      | -      | -      | 32     | 0    | 0    | -    | -    | -     | 0    | 0    | 
|maxpool2d             | D+A*B        | 1      | 5      | -      | 17     | 0      | 0    | 0    | -    | 0    | 0     | 0    | 0    | 
|maxpool2d             | PCIN+A:B+C   | 0      | 0      | -      | -      | 0      | 0    | 0    | -    | -    | -     | 0    | 0    | 
|maxpool2d             | A*B          | 5      | 5      | -      | -      | 32     | 0    | 0    | -    | -    | -     | 0    | 0    | 
|maxpool2d             | A*B          | 17     | 16     | -      | -      | 48     | 0    | 0    | -    | -    | -     | 0    | 0    | 
|maxpool2d             | PCIN>>17+A*B | 16     | 15     | -      | -      | 48     | 0    | 0    | -    | -    | -     | 0    | 0    | 
|maxpool2d             | PCIN+A:B+C   | 0      | 1      | -      | -      | 32     | 0    | 0    | -    | -    | -     | 0    | 0    | 
|maxpool2d             | C+RND+A*B    | 16     | 4      | 16     | -      | 48     | 0    | 0    | 0    | -    | -     | 0    | 0    | 
|maxpool2d             | A*B          | 4      | 4      | -      | -      | 32     | 0    | 0    | -    | -    | -     | 0    | 0    | 
|maxpool2d             | A*B          | 17     | 16     | -      | -      | 48     | 0    | 0    | -    | -    | -     | 0    | 0    | 
|maxpool2d             | PCIN>>17+A*B | 16     | 15     | -      | -      | 48     | 0    | 0    | -    | -    | -     | 0    | 0    | 
+----------------------+--------------+--------+--------+--------+--------+--------+------+------+------+------+-------+------+------+


Report BlackBoxes: 
+-+--------------+----------+
| |BlackBox name |Instances |
+-+--------------+----------+
+-+--------------+----------+

Report Cell Usage: 
+------+---------+------+
|      |Cell     |Count |
+------+---------+------+
|1     |BUFG     |     1|
|2     |CARRY8   |   793|
|3     |DSP48E2  |    28|
|4     |LUT1     |   157|
|5     |LUT2     |  4629|
|6     |LUT3     |  2005|
|7     |LUT4     |  2281|
|8     |LUT5     |  2832|
|9     |LUT6     |  6112|
|10    |MUXF7    |   523|
|11    |MUXF8    |    71|
|12    |RAMB36E2 |    20|
|13    |SRL16E   |    24|
|14    |FDCE     |  9762|
|15    |FDPE     |     8|
|16    |FDRE     |   568|
|17    |IBUF     |    40|
|18    |OBUF     |    41|
+------+---------+------+

Report Instance Areas: 
+------+------------------------------------------------+-----------------------+------+
|      |Instance                                        |Module                 |Cells |
+------+------------------------------------------------+-----------------------+------+
|1     |top                                             |                       | 29895|
|2     |  u_tpu_top                                     |top                    | 29356|
|3     |    u_datapath                                  |datapath               | 19319|
|4     |      u_accumulator_array                       |accumulator_array      |  5394|
|5     |      u_mxu                                     |mxu                    |  6546|
|6     |        u_skew_buffer                           |act_skew_buffer        |   616|
|7     |        u_systolic_array                        |systolic_array         |  5062|
|8     |          \GEN_PE_ROW[0].GEN_PE_COL[0].u_pe     |pe                     |   211|
|9     |            u_multiplier                        |multiplier_45          |   139|
|10    |          \GEN_PE_ROW[0].GEN_PE_COL[1].u_pe     |pe_16                  |   211|
|11    |            u_multiplier                        |multiplier_44          |   139|
|12    |          \GEN_PE_ROW[0].GEN_PE_COL[2].u_pe     |pe_17                  |   211|
|13    |            u_multiplier                        |multiplier_43          |   139|
|14    |          \GEN_PE_ROW[0].GEN_PE_COL[3].u_pe     |pe_18                  |   180|
|15    |            u_multiplier                        |multiplier_42          |   139|
|16    |          \GEN_PE_ROW[1].GEN_PE_COL[0].u_pe     |pe_19                  |   282|
|17    |            u_multiplier                        |multiplier_41          |   141|
|18    |          \GEN_PE_ROW[1].GEN_PE_COL[1].u_pe     |pe_20                  |   282|
|19    |            u_multiplier                        |multiplier_40          |   141|
|20    |          \GEN_PE_ROW[1].GEN_PE_COL[2].u_pe     |pe_21                  |   282|
|21    |            u_multiplier                        |multiplier_39          |   141|
|22    |          \GEN_PE_ROW[1].GEN_PE_COL[3].u_pe     |pe_22                  |   251|
|23    |            u_multiplier                        |multiplier_38          |   141|
|24    |          \GEN_PE_ROW[2].GEN_PE_COL[0].u_pe     |pe_23                  |   371|
|25    |            u_multiplier                        |multiplier_37          |   183|
|26    |          \GEN_PE_ROW[2].GEN_PE_COL[1].u_pe     |pe_24                  |   372|
|27    |            u_multiplier                        |multiplier_36          |   184|
|28    |          \GEN_PE_ROW[2].GEN_PE_COL[2].u_pe     |pe_25                  |   371|
|29    |            u_multiplier                        |multiplier_35          |   183|
|30    |          \GEN_PE_ROW[2].GEN_PE_COL[3].u_pe     |pe_26                  |   342|
|31    |            u_multiplier                        |multiplier_34          |   183|
|32    |          \GEN_PE_ROW[3].GEN_PE_COL[0].u_pe     |pe_27                  |   515|
|33    |            u_multiplier                        |multiplier_33          |   313|
|34    |          \GEN_PE_ROW[3].GEN_PE_COL[1].u_pe     |pe_28                  |   478|
|35    |            u_multiplier                        |multiplier_32          |   289|
|36    |          \GEN_PE_ROW[3].GEN_PE_COL[2].u_pe     |pe_29                  |   382|
|37    |            u_multiplier                        |multiplier_31          |   212|
|38    |          \GEN_PE_ROW[3].GEN_PE_COL[3].u_pe     |pe_30                  |   319|
|39    |            u_multiplier                        |multiplier             |   187|
|40    |        u_weight_fifo                           |fifo                   |   822|
|41    |        u_wgt_fetcher                           |weight_fetcher         |    46|
|42    |      u_psum_packer                             |psum_packer            |  4742|
|43    |      u_vector_processing_unit                  |vector_processing_unit |  2637|
|44    |        u_post_process                          |post_process           |  1777|
|45    |          u_activation                          |activation_array       |   349|
|46    |          u_normalizer                          |normalizer             |    81|
|47    |          \GEN_BIAS_REQUANT.u_bias_requantize   |bias_requantize        |  1313|
|48    |          u_pooling                             |pooling_unit           |    34|
|49    |    u_layer_controller                          |controller_layer       |  6177|
|50    |      u_tile_controller                         |controller_kloop       |  5918|
|51    |        \GEN_PARAM_ROMS[0].u_bias_rom           |bias_rom               |    29|
|52    |        \GEN_PARAM_ROMS[0].u_requant_mult_rom   |requant_mult_rom       |    85|
|53    |        \GEN_PARAM_ROMS[0].u_requant_shift_rom  |requant_shift_rom      |     3|
|54    |        \GEN_PARAM_ROMS[1].u_bias_rom           |bias_rom_0             |    35|
|55    |        \GEN_PARAM_ROMS[1].u_requant_mult_rom   |requant_mult_rom_1     |    86|
|56    |        \GEN_PARAM_ROMS[1].u_requant_shift_rom  |requant_shift_rom_2    |     3|
|57    |        \GEN_PARAM_ROMS[2].u_bias_rom           |bias_rom_3             |    30|
|58    |        \GEN_PARAM_ROMS[2].u_requant_mult_rom   |requant_mult_rom_4     |    87|
|59    |        \GEN_PARAM_ROMS[2].u_requant_shift_rom  |requant_shift_rom_5    |     3|
|60    |        \GEN_PARAM_ROMS[3].u_bias_rom           |bias_rom_6             |    30|
|61    |        \GEN_PARAM_ROMS[3].u_requant_mult_rom   |requant_mult_rom_7     |    91|
|62    |        \GEN_PARAM_ROMS[3].u_requant_shift_rom  |requant_shift_rom_8    |     3|
|63    |        \GEN_WEIGHT_ROMS[11].u_weight_rom       |weight_rom             |   251|
|64    |        \GEN_WEIGHT_ROMS[13].u_weight_rom       |weight_rom_9           |   168|
|65    |        \GEN_WEIGHT_ROMS[15].u_weight_rom       |weight_rom_10          |   222|
|66    |        \GEN_WEIGHT_ROMS[1].u_weight_rom        |weight_rom_11          |   138|
|67    |        \GEN_WEIGHT_ROMS[3].u_weight_rom        |weight_rom_12          |   175|
|68    |        \GEN_WEIGHT_ROMS[5].u_weight_rom        |weight_rom_13          |   157|
|69    |        \GEN_WEIGHT_ROMS[7].u_weight_rom        |weight_rom_14          |   188|
|70    |        \GEN_WEIGHT_ROMS[9].u_weight_rom        |weight_rom_15          |   210|
|71    |    u_maxpool2d_unit                            |maxpool2d              |   398|
|72    |    u_unified_buffer                            |unified_buffer         |    47|
+------+------------------------------------------------+-----------------------+------+
---------------------------------------------------------------------------------
Finished Writing Synthesis Report : Time (s): cpu = 00:01:33 ; elapsed = 00:01:11 . Memory (MB): peak = 3698.289 ; gain = 2060.555 ; free physical = 467 ; free virtual = 30600
---------------------------------------------------------------------------------
Synthesis finished with 0 errors, 0 critical warnings and 211 warnings.
Synthesis Optimization Runtime : Time (s): cpu = 00:01:33 ; elapsed = 00:01:14 . Memory (MB): peak = 3698.289 ; gain = 2060.555 ; free physical = 9059 ; free virtual = 39191
Synthesis Optimization Complete : Time (s): cpu = 00:01:33 ; elapsed = 00:01:14 . Memory (MB): peak = 3698.289 ; gain = 2060.555 ; free physical = 9059 ; free virtual = 39177
INFO: [Project 1-571] Translating synthesized netlist
Netlist sorting complete. Time (s): cpu = 00:00:00.16 ; elapsed = 00:00:00.15 . Memory (MB): peak = 3698.289 ; gain = 0.000 ; free physical = 9069 ; free virtual = 39187
INFO: [Netlist 29-17] Analyzing 1456 Unisim elements for replacement
INFO: [Netlist 29-28] Unisim Transformation completed in 0 CPU seconds
INFO: [Project 1-570] Preparing netlist for logic optimization
INFO: [Opt 31-138] Pushed 0 inverter(s) to 0 load pin(s).
INFO: [Opt 31-422] The CLOCK_DOMAINS attribute on the BRAM cell u_tpu_top/u_layer_controller/u_tile_controller/GEN_WEIGHT_ROMS[11].u_weight_rom/data_o_reg_0 has been changed from INDEPENDENT to COMMON to match the clocking topology used for the BRAM.
INFO: [Opt 31-422] The CLOCK_DOMAINS attribute on the BRAM cell u_tpu_top/u_layer_controller/u_tile_controller/GEN_WEIGHT_ROMS[11].u_weight_rom/data_o_reg_1 has been changed from INDEPENDENT to COMMON to match the clocking topology used for the BRAM.
INFO: [Opt 31-422] The CLOCK_DOMAINS attribute on the BRAM cell u_tpu_top/u_layer_controller/u_tile_controller/GEN_WEIGHT_ROMS[13].u_weight_rom/data_o_reg_0 has been changed from INDEPENDENT to COMMON to match the clocking topology used for the BRAM.
INFO: [Opt 31-422] The CLOCK_DOMAINS attribute on the BRAM cell u_tpu_top/u_layer_controller/u_tile_controller/GEN_WEIGHT_ROMS[13].u_weight_rom/data_o_reg_1 has been changed from INDEPENDENT to COMMON to match the clocking topology used for the BRAM.
INFO: [Opt 31-422] The CLOCK_DOMAINS attribute on the BRAM cell u_tpu_top/u_layer_controller/u_tile_controller/GEN_WEIGHT_ROMS[15].u_weight_rom/data_o_reg_0 has been changed from INDEPENDENT to COMMON to match the clocking topology used for the BRAM.
INFO: [Opt 31-422] The CLOCK_DOMAINS attribute on the BRAM cell u_tpu_top/u_layer_controller/u_tile_controller/GEN_WEIGHT_ROMS[15].u_weight_rom/data_o_reg_1 has been changed from INDEPENDENT to COMMON to match the clocking topology used for the BRAM.
INFO: [Opt 31-422] The CLOCK_DOMAINS attribute on the BRAM cell u_tpu_top/u_layer_controller/u_tile_controller/GEN_WEIGHT_ROMS[1].u_weight_rom/data_o_reg_0 has been changed from INDEPENDENT to COMMON to match the clocking topology used for the BRAM.
INFO: [Opt 31-422] The CLOCK_DOMAINS attribute on the BRAM cell u_tpu_top/u_layer_controller/u_tile_controller/GEN_WEIGHT_ROMS[1].u_weight_rom/data_o_reg_1 has been changed from INDEPENDENT to COMMON to match the clocking topology used for the BRAM.
INFO: [Opt 31-422] The CLOCK_DOMAINS attribute on the BRAM cell u_tpu_top/u_layer_controller/u_tile_controller/GEN_WEIGHT_ROMS[3].u_weight_rom/data_o_reg_0 has been changed from INDEPENDENT to COMMON to match the clocking topology used for the BRAM.
INFO: [Opt 31-422] The CLOCK_DOMAINS attribute on the BRAM cell u_tpu_top/u_layer_controller/u_tile_controller/GEN_WEIGHT_ROMS[3].u_weight_rom/data_o_reg_1 has been changed from INDEPENDENT to COMMON to match the clocking topology used for the BRAM.
INFO: [Opt 31-422] The CLOCK_DOMAINS attribute on the BRAM cell u_tpu_top/u_layer_controller/u_tile_controller/GEN_WEIGHT_ROMS[5].u_weight_rom/data_o_reg_0 has been changed from INDEPENDENT to COMMON to match the clocking topology used for the BRAM.
INFO: [Opt 31-422] The CLOCK_DOMAINS attribute on the BRAM cell u_tpu_top/u_layer_controller/u_tile_controller/GEN_WEIGHT_ROMS[5].u_weight_rom/data_o_reg_1 has been changed from INDEPENDENT to COMMON to match the clocking topology used for the BRAM.
INFO: [Opt 31-422] The CLOCK_DOMAINS attribute on the BRAM cell u_tpu_top/u_layer_controller/u_tile_controller/GEN_WEIGHT_ROMS[7].u_weight_rom/data_o_reg_0 has been changed from INDEPENDENT to COMMON to match the clocking topology used for the BRAM.
INFO: [Opt 31-422] The CLOCK_DOMAINS attribute on the BRAM cell u_tpu_top/u_layer_controller/u_tile_controller/GEN_WEIGHT_ROMS[7].u_weight_rom/data_o_reg_1 has been changed from INDEPENDENT to COMMON to match the clocking topology used for the BRAM.
INFO: [Opt 31-422] The CLOCK_DOMAINS attribute on the BRAM cell u_tpu_top/u_layer_controller/u_tile_controller/GEN_WEIGHT_ROMS[9].u_weight_rom/data_o_reg_0 has been changed from INDEPENDENT to COMMON to match the clocking topology used for the BRAM.
INFO: [Opt 31-422] The CLOCK_DOMAINS attribute on the BRAM cell u_tpu_top/u_layer_controller/u_tile_controller/GEN_WEIGHT_ROMS[9].u_weight_rom/data_o_reg_1 has been changed from INDEPENDENT to COMMON to match the clocking topology used for the BRAM.
Netlist sorting complete. Time (s): cpu = 00:00:00.01 ; elapsed = 00:00:00 . Memory (MB): peak = 3742.391 ; gain = 0.000 ; free physical = 9069 ; free virtual = 39202
INFO: [Project 1-111] Unisim Transformation Summary:
  A total of 69 instances were transformed.
  BUFG => BUFGCE: 1 instance 
  DSP48E2 => DSP48E2 (DSP_ALU, DSP_A_B_DATA, DSP_C_DATA, DSP_MULTIPLIER, DSP_M_DATA, DSP_OUTPUT, DSP_PREADD, DSP_PREADD_DATA): 28 instances
  IBUF => IBUF (IBUFCTRL, INBUF): 40 instances

Synth Design complete | Checksum: 1482e544
INFO: [Common 17-83] Releasing license: Synthesis
450 Infos, 147 Warnings, 0 Critical Warnings and 0 Errors encountered.
synth_design completed successfully
synth_design: Time (s): cpu = 00:01:38 ; elapsed = 00:01:18 . Memory (MB): peak = 3742.426 ; gain = 2104.691 ; free physical = 9078 ; free virtual = 39212
INFO: [Common 17-2834] synth_design peak Physical Memory [PSS] (MB): overall = 10510.561; main = 2874.328; forked = 7865.666
INFO: [Common 17-2834] synth_design peak Virtual Memory [VSS] (MB): overall = 19711.320; main = 3742.395; forked = 16024.949
Write ShapeDB Complete: Time (s): cpu = 00:00:00.07 ; elapsed = 00:00:00.03 . Memory (MB): peak = 3766.402 ; gain = 0.000 ; free physical = 9086 ; free virtual = 39222
INFO: [Common 17-1381] The checkpoint '/home/pah/fpga_cnn_accelerator/FPGA-based-CNN-Accelerator-for-autonomous-vehicles/src/synth/mnist_classification/mnist_ip_v4/mnist_ip_v4.runs/synth_1/top_axi_lite.dcp' has been generated.
INFO: [Vivado 12-24828] Executing command : report_utilization -file top_axi_lite_utilization_synth.rpt -pb top_axi_lite_utilization_synth.pb
INFO: [Common 17-206] Exiting Vivado at Mon Jun  8 22:32:44 2026...
