Copyright 1986-2022 Xilinx, Inc. All Rights Reserved. Copyright 2022-2025 Advanced Micro Devices, Inc. All Rights Reserved.
--------------------------------------------------------------------------------------------------------------------------------------------------------------------------------------
| Tool Version : Vivado v.2025.2 (lin64) Build 6299465 Fri Nov 14 12:34:56 MST 2025
| Date         : Wed May 27 17:17:13 2026
| Host         : pah-PC running 64-bit Ubuntu 24.04.4 LTS
| Command      : report_methodology -file design_1_wrapper_methodology_drc_routed.rpt -pb design_1_wrapper_methodology_drc_routed.pb -rpx design_1_wrapper_methodology_drc_routed.rpx
| Design       : design_1_wrapper
| Device       : xczu7ev-ffvc1156-2-e
| Speed File   : -2
| Design State : Fully Routed
--------------------------------------------------------------------------------------------------------------------------------------------------------------------------------------

Report Methodology

Table of Contents
-----------------
1. REPORT SUMMARY
2. REPORT DETAILS

1. REPORT SUMMARY
-----------------
            Netlist: netlist
          Floorplan: design_1
      Design limits: <entire design considered>
             Max checks: <unlimited>
             Checks found: 277
+--------+----------+---------------------------+--------+
| Rule   | Severity | Description               | Checks |
+--------+----------+---------------------------+--------+
| DPIR-2 | Warning  | Asynchronous driver check | 277    |
+--------+----------+---------------------------+--------+

2. REPORT DETAILS
-----------------
DPIR-2#1 Warning
Asynchronous driver check  
DSP design_1_i/tpu_mnist_0/inst/u_tpu_top/u_datapath/u_vector_processing_unit/u_post_process/GEN_BIAS_REQUANT.u_bias_requantize/(null)[0].shifted_value0 input pin design_1_i/tpu_mnist_0/inst/u_tpu_top/u_datapath/u_vector_processing_unit/u_post_process/GEN_BIAS_REQUANT.u_bias_requantize/(null)[0].shifted_value0/A[0] is connected to registers with an asynchronous reset. This is preventing the possibility of merging these registers in to the DSP Block since the DSP block registers only possess synchronous reset capability.  It is suggested to recode or change these registers to remove the reset or use a synchronous reset to get the best optimization for performance, power and area.
Related violations: <none>

DPIR-2#2 Warning
Asynchronous driver check  
DSP design_1_i/tpu_mnist_0/inst/u_tpu_top/u_datapath/u_vector_processing_unit/u_post_process/GEN_BIAS_REQUANT.u_bias_requantize/(null)[0].shifted_value0 input pin design_1_i/tpu_mnist_0/inst/u_tpu_top/u_datapath/u_vector_processing_unit/u_post_process/GEN_BIAS_REQUANT.u_bias_requantize/(null)[0].shifted_value0/A[10] is connected to registers with an asynchronous reset. This is preventing the possibility of merging these registers in to the DSP Block since the DSP block registers only possess synchronous reset capability.  It is suggested to recode or change these registers to remove the reset or use a synchronous reset to get the best optimization for performance, power and area.
Related violations: <none>

DPIR-2#3 Warning
Asynchronous driver check  
DSP design_1_i/tpu_mnist_0/inst/u_tpu_top/u_datapath/u_vector_processing_unit/u_post_process/GEN_BIAS_REQUANT.u_bias_requantize/(null)[0].shifted_value0 input pin design_1_i/tpu_mnist_0/inst/u_tpu_top/u_datapath/u_vector_processing_unit/u_post_process/GEN_BIAS_REQUANT.u_bias_requantize/(null)[0].shifted_value0/A[11] is connected to registers with an asynchronous reset. This is preventing the possibility of merging these registers in to the DSP Block since the DSP block registers only possess synchronous reset capability.  It is suggested to recode or change these registers to remove the reset or use a synchronous reset to get the best optimization for performance, power and area.
Related violations: <none>

DPIR-2#4 Warning
Asynchronous driver check  
DSP design_1_i/tpu_mnist_0/inst/u_tpu_top/u_datapath/u_vector_processing_unit/u_post_process/GEN_BIAS_REQUANT.u_bias_requantize/(null)[0].shifted_value0 input pin design_1_i/tpu_mnist_0/inst/u_tpu_top/u_datapath/u_vector_processing_unit/u_post_process/GEN_BIAS_REQUANT.u_bias_requantize/(null)[0].shifted_value0/A[12] is connected to registers with an asynchronous reset. This is preventing the possibility of merging these registers in to the DSP Block since the DSP block registers only possess synchronous reset capability.  It is suggested to recode or change these registers to remove the reset or use a synchronous reset to get the best optimization for performance, power and area.
Related violations: <none>

DPIR-2#5 Warning
Asynchronous driver check  
DSP design_1_i/tpu_mnist_0/inst/u_tpu_top/u_datapath/u_vector_processing_unit/u_post_process/GEN_BIAS_REQUANT.u_bias_requantize/(null)[0].shifted_value0 input pin design_1_i/tpu_mnist_0/inst/u_tpu_top/u_datapath/u_vector_processing_unit/u_post_process/GEN_BIAS_REQUANT.u_bias_requantize/(null)[0].shifted_value0/A[13] is connected to registers with an asynchronous reset. This is preventing the possibility of merging these registers in to the DSP Block since the DSP block registers only possess synchronous reset capability.  It is suggested to recode or change these registers to remove the reset or use a synchronous reset to get the best optimization for performance, power and area.
Related violations: <none>

DPIR-2#6 Warning
Asynchronous driver check  
DSP design_1_i/tpu_mnist_0/inst/u_tpu_top/u_datapath/u_vector_processing_unit/u_post_process/GEN_BIAS_REQUANT.u_bias_requantize/(null)[0].shifted_value0 input pin design_1_i/tpu_mnist_0/inst/u_tpu_top/u_datapath/u_vector_processing_unit/u_post_process/GEN_BIAS_REQUANT.u_bias_requantize/(null)[0].shifted_value0/A[14] is connected to registers with an asynchronous reset. This is preventing the possibility of merging these registers in to the DSP Block since the DSP block registers only possess synchronous reset capability.  It is suggested to recode or change these registers to remove the reset or use a synchronous reset to get the best optimization for performance, power and area.
Related violations: <none>

DPIR-2#7 Warning
Asynchronous driver check  
DSP design_1_i/tpu_mnist_0/inst/u_tpu_top/u_datapath/u_vector_processing_unit/u_post_process/GEN_BIAS_REQUANT.u_bias_requantize/(null)[0].shifted_value0 input pin design_1_i/tpu_mnist_0/inst/u_tpu_top/u_datapath/u_vector_processing_unit/u_post_process/GEN_BIAS_REQUANT.u_bias_requantize/(null)[0].shifted_value0/A[15] is connected to registers with an asynchronous reset. This is preventing the possibility of merging these registers in to the DSP Block since the DSP block registers only possess synchronous reset capability.  It is suggested to recode or change these registers to remove the reset or use a synchronous reset to get the best optimization for performance, power and area.
Related violations: <none>

DPIR-2#8 Warning
Asynchronous driver check  
DSP design_1_i/tpu_mnist_0/inst/u_tpu_top/u_datapath/u_vector_processing_unit/u_post_process/GEN_BIAS_REQUANT.u_bias_requantize/(null)[0].shifted_value0 input pin design_1_i/tpu_mnist_0/inst/u_tpu_top/u_datapath/u_vector_processing_unit/u_post_process/GEN_BIAS_REQUANT.u_bias_requantize/(null)[0].shifted_value0/A[16] is connected to registers with an asynchronous reset. This is preventing the possibility of merging these registers in to the DSP Block since the DSP block registers only possess synchronous reset capability.  It is suggested to recode or change these registers to remove the reset or use a synchronous reset to get the best optimization for performance, power and area.
Related violations: <none>

DPIR-2#9 Warning
Asynchronous driver check  
DSP design_1_i/tpu_mnist_0/inst/u_tpu_top/u_datapath/u_vector_processing_unit/u_post_process/GEN_BIAS_REQUANT.u_bias_requantize/(null)[0].shifted_value0 input pin design_1_i/tpu_mnist_0/inst/u_tpu_top/u_datapath/u_vector_processing_unit/u_post_process/GEN_BIAS_REQUANT.u_bias_requantize/(null)[0].shifted_value0/A[1] is connected to registers with an asynchronous reset. This is preventing the possibility of merging these registers in to the DSP Block since the DSP block registers only possess synchronous reset capability.  It is suggested to recode or change these registers to remove the reset or use a synchronous reset to get the best optimization for performance, power and area.
Related violations: <none>

DPIR-2#10 Warning
Asynchronous driver check  
DSP design_1_i/tpu_mnist_0/inst/u_tpu_top/u_datapath/u_vector_processing_unit/u_post_process/GEN_BIAS_REQUANT.u_bias_requantize/(null)[0].shifted_value0 input pin design_1_i/tpu_mnist_0/inst/u_tpu_top/u_datapath/u_vector_processing_unit/u_post_process/GEN_BIAS_REQUANT.u_bias_requantize/(null)[0].shifted_value0/A[2] is connected to registers with an asynchronous reset. This is preventing the possibility of merging these registers in to the DSP Block since the DSP block registers only possess synchronous reset capability.  It is suggested to recode or change these registers to remove the reset or use a synchronous reset to get the best optimization for performance, power and area.
Related violations: <none>

DPIR-2#11 Warning
Asynchronous driver check  
DSP design_1_i/tpu_mnist_0/inst/u_tpu_top/u_datapath/u_vector_processing_unit/u_post_process/GEN_BIAS_REQUANT.u_bias_requantize/(null)[0].shifted_value0 input pin design_1_i/tpu_mnist_0/inst/u_tpu_top/u_datapath/u_vector_processing_unit/u_post_process/GEN_BIAS_REQUANT.u_bias_requantize/(null)[0].shifted_value0/A[3] is connected to registers with an asynchronous reset. This is preventing the possibility of merging these registers in to the DSP Block since the DSP block registers only possess synchronous reset capability.  It is suggested to recode or change these registers to remove the reset or use a synchronous reset to get the best optimization for performance, power and area.
Related violations: <none>

DPIR-2#12 Warning
Asynchronous driver check  
DSP design_1_i/tpu_mnist_0/inst/u_tpu_top/u_datapath/u_vector_processing_unit/u_post_process/GEN_BIAS_REQUANT.u_bias_requantize/(null)[0].shifted_value0 input pin design_1_i/tpu_mnist_0/inst/u_tpu_top/u_datapath/u_vector_processing_unit/u_post_process/GEN_BIAS_REQUANT.u_bias_requantize/(null)[0].shifted_value0/A[4] is connected to registers with an asynchronous reset. This is preventing the possibility of merging these registers in to the DSP Block since the DSP block registers only possess synchronous reset capability.  It is suggested to recode or change these registers to remove the reset or use a synchronous reset to get the best optimization for performance, power and area.
Related violations: <none>

DPIR-2#13 Warning
Asynchronous driver check  
DSP design_1_i/tpu_mnist_0/inst/u_tpu_top/u_datapath/u_vector_processing_unit/u_post_process/GEN_BIAS_REQUANT.u_bias_requantize/(null)[0].shifted_value0 input pin design_1_i/tpu_mnist_0/inst/u_tpu_top/u_datapath/u_vector_processing_unit/u_post_process/GEN_BIAS_REQUANT.u_bias_requantize/(null)[0].shifted_value0/A[5] is connected to registers with an asynchronous reset. This is preventing the possibility of merging these registers in to the DSP Block since the DSP block registers only possess synchronous reset capability.  It is suggested to recode or change these registers to remove the reset or use a synchronous reset to get the best optimization for performance, power and area.
Related violations: <none>

DPIR-2#14 Warning
Asynchronous driver check  
DSP design_1_i/tpu_mnist_0/inst/u_tpu_top/u_datapath/u_vector_processing_unit/u_post_process/GEN_BIAS_REQUANT.u_bias_requantize/(null)[0].shifted_value0 input pin design_1_i/tpu_mnist_0/inst/u_tpu_top/u_datapath/u_vector_processing_unit/u_post_process/GEN_BIAS_REQUANT.u_bias_requantize/(null)[0].shifted_value0/A[6] is connected to registers with an asynchronous reset. This is preventing the possibility of merging these registers in to the DSP Block since the DSP block registers only possess synchronous reset capability.  It is suggested to recode or change these registers to remove the reset or use a synchronous reset to get the best optimization for performance, power and area.
Related violations: <none>

DPIR-2#15 Warning
Asynchronous driver check  
DSP design_1_i/tpu_mnist_0/inst/u_tpu_top/u_datapath/u_vector_processing_unit/u_post_process/GEN_BIAS_REQUANT.u_bias_requantize/(null)[0].shifted_value0 input pin design_1_i/tpu_mnist_0/inst/u_tpu_top/u_datapath/u_vector_processing_unit/u_post_process/GEN_BIAS_REQUANT.u_bias_requantize/(null)[0].shifted_value0/A[7] is connected to registers with an asynchronous reset. This is preventing the possibility of merging these registers in to the DSP Block since the DSP block registers only possess synchronous reset capability.  It is suggested to recode or change these registers to remove the reset or use a synchronous reset to get the best optimization for performance, power and area.
Related violations: <none>

DPIR-2#16 Warning
Asynchronous driver check  
DSP design_1_i/tpu_mnist_0/inst/u_tpu_top/u_datapath/u_vector_processing_unit/u_post_process/GEN_BIAS_REQUANT.u_bias_requantize/(null)[0].shifted_value0 input pin design_1_i/tpu_mnist_0/inst/u_tpu_top/u_datapath/u_vector_processing_unit/u_post_process/GEN_BIAS_REQUANT.u_bias_requantize/(null)[0].shifted_value0/A[8] is connected to registers with an asynchronous reset. This is preventing the possibility of merging these registers in to the DSP Block since the DSP block registers only possess synchronous reset capability.  It is suggested to recode or change these registers to remove the reset or use a synchronous reset to get the best optimization for performance, power and area.
Related violations: <none>

DPIR-2#17 Warning
Asynchronous driver check  
DSP design_1_i/tpu_mnist_0/inst/u_tpu_top/u_datapath/u_vector_processing_unit/u_post_process/GEN_BIAS_REQUANT.u_bias_requantize/(null)[0].shifted_value0 input pin design_1_i/tpu_mnist_0/inst/u_tpu_top/u_datapath/u_vector_processing_unit/u_post_process/GEN_BIAS_REQUANT.u_bias_requantize/(null)[0].shifted_value0/A[9] is connected to registers with an asynchronous reset. This is preventing the possibility of merging these registers in to the DSP Block since the DSP block registers only possess synchronous reset capability.  It is suggested to recode or change these registers to remove the reset or use a synchronous reset to get the best optimization for performance, power and area.
Related violations: <none>

DPIR-2#18 Warning
Asynchronous driver check  
DSP design_1_i/tpu_mnist_0/inst/u_tpu_top/u_datapath/u_vector_processing_unit/u_post_process/GEN_BIAS_REQUANT.u_bias_requantize/(null)[0].shifted_value0__0 input pin design_1_i/tpu_mnist_0/inst/u_tpu_top/u_datapath/u_vector_processing_unit/u_post_process/GEN_BIAS_REQUANT.u_bias_requantize/(null)[0].shifted_value0__0/B[0] is connected to registers with an asynchronous reset. This is preventing the possibility of merging these registers in to the DSP Block since the DSP block registers only possess synchronous reset capability.  It is suggested to recode or change these registers to remove the reset or use a synchronous reset to get the best optimization for performance, power and area.
Related violations: <none>

DPIR-2#19 Warning
Asynchronous driver check  
DSP design_1_i/tpu_mnist_0/inst/u_tpu_top/u_datapath/u_vector_processing_unit/u_post_process/GEN_BIAS_REQUANT.u_bias_requantize/(null)[0].shifted_value0__0 input pin design_1_i/tpu_mnist_0/inst/u_tpu_top/u_datapath/u_vector_processing_unit/u_post_process/GEN_BIAS_REQUANT.u_bias_requantize/(null)[0].shifted_value0__0/B[1] is connected to registers with an asynchronous reset. This is preventing the possibility of merging these registers in to the DSP Block since the DSP block registers only possess synchronous reset capability.  It is suggested to recode or change these registers to remove the reset or use a synchronous reset to get the best optimization for performance, power and area.
Related violations: <none>

DPIR-2#20 Warning
Asynchronous driver check  
DSP design_1_i/tpu_mnist_0/inst/u_tpu_top/u_datapath/u_vector_processing_unit/u_post_process/GEN_BIAS_REQUANT.u_bias_requantize/(null)[0].shifted_value0__0 input pin design_1_i/tpu_mnist_0/inst/u_tpu_top/u_datapath/u_vector_processing_unit/u_post_process/GEN_BIAS_REQUANT.u_bias_requantize/(null)[0].shifted_value0__0/B[2] is connected to registers with an asynchronous reset. This is preventing the possibility of merging these registers in to the DSP Block since the DSP block registers only possess synchronous reset capability.  It is suggested to recode or change these registers to remove the reset or use a synchronous reset to get the best optimization for performance, power and area.
Related violations: <none>

DPIR-2#21 Warning
Asynchronous driver check  
DSP design_1_i/tpu_mnist_0/inst/u_tpu_top/u_datapath/u_vector_processing_unit/u_post_process/GEN_BIAS_REQUANT.u_bias_requantize/(null)[0].shifted_value0__0 input pin design_1_i/tpu_mnist_0/inst/u_tpu_top/u_datapath/u_vector_processing_unit/u_post_process/GEN_BIAS_REQUANT.u_bias_requantize/(null)[0].shifted_value0__0/B[3] is connected to registers with an asynchronous reset. This is preventing the possibility of merging these registers in to the DSP Block since the DSP block registers only possess synchronous reset capability.  It is suggested to recode or change these registers to remove the reset or use a synchronous reset to get the best optimization for performance, power and area.
Related violations: <none>

DPIR-2#22 Warning
Asynchronous driver check  
DSP design_1_i/tpu_mnist_0/inst/u_tpu_top/u_datapath/u_vector_processing_unit/u_post_process/GEN_BIAS_REQUANT.u_bias_requantize/(null)[0].shifted_value0__0 input pin design_1_i/tpu_mnist_0/inst/u_tpu_top/u_datapath/u_vector_processing_unit/u_post_process/GEN_BIAS_REQUANT.u_bias_requantize/(null)[0].shifted_value0__0/B[4] is connected to registers with an asynchronous reset. This is preventing the possibility of merging these registers in to the DSP Block since the DSP block registers only possess synchronous reset capability.  It is suggested to recode or change these registers to remove the reset or use a synchronous reset to get the best optimization for performance, power and area.
Related violations: <none>

DPIR-2#23 Warning
Asynchronous driver check  
DSP design_1_i/tpu_mnist_0/inst/u_tpu_top/u_datapath/u_vector_processing_unit/u_post_process/GEN_BIAS_REQUANT.u_bias_requantize/(null)[0].shifted_value0__0 input pin design_1_i/tpu_mnist_0/inst/u_tpu_top/u_datapath/u_vector_processing_unit/u_post_process/GEN_BIAS_REQUANT.u_bias_requantize/(null)[0].shifted_value0__0/B[5] is connected to registers with an asynchronous reset. This is preventing the possibility of merging these registers in to the DSP Block since the DSP block registers only possess synchronous reset capability.  It is suggested to recode or change these registers to remove the reset or use a synchronous reset to get the best optimization for performance, power and area.
Related violations: <none>

DPIR-2#24 Warning
Asynchronous driver check  
DSP design_1_i/tpu_mnist_0/inst/u_tpu_top/u_datapath/u_vector_processing_unit/u_post_process/GEN_BIAS_REQUANT.u_bias_requantize/(null)[0].shifted_value0__0 input pin design_1_i/tpu_mnist_0/inst/u_tpu_top/u_datapath/u_vector_processing_unit/u_post_process/GEN_BIAS_REQUANT.u_bias_requantize/(null)[0].shifted_value0__0/B[6] is connected to registers with an asynchronous reset. This is preventing the possibility of merging these registers in to the DSP Block since the DSP block registers only possess synchronous reset capability.  It is suggested to recode or change these registers to remove the reset or use a synchronous reset to get the best optimization for performance, power and area.
Related violations: <none>

DPIR-2#25 Warning
Asynchronous driver check  
DSP design_1_i/tpu_mnist_0/inst/u_tpu_top/u_datapath/u_vector_processing_unit/u_post_process/GEN_BIAS_REQUANT.u_bias_requantize/(null)[0].shifted_value0__1 input pin design_1_i/tpu_mnist_0/inst/u_tpu_top/u_datapath/u_vector_processing_unit/u_post_process/GEN_BIAS_REQUANT.u_bias_requantize/(null)[0].shifted_value0__1/B[0] is connected to registers with an asynchronous reset. This is preventing the possibility of merging these registers in to the DSP Block since the DSP block registers only possess synchronous reset capability.  It is suggested to recode or change these registers to remove the reset or use a synchronous reset to get the best optimization for performance, power and area.
Related violations: <none>

DPIR-2#26 Warning
Asynchronous driver check  
DSP design_1_i/tpu_mnist_0/inst/u_tpu_top/u_datapath/u_vector_processing_unit/u_post_process/GEN_BIAS_REQUANT.u_bias_requantize/(null)[0].shifted_value0__1 input pin design_1_i/tpu_mnist_0/inst/u_tpu_top/u_datapath/u_vector_processing_unit/u_post_process/GEN_BIAS_REQUANT.u_bias_requantize/(null)[0].shifted_value0__1/B[10] is connected to registers with an asynchronous reset. This is preventing the possibility of merging these registers in to the DSP Block since the DSP block registers only possess synchronous reset capability.  It is suggested to recode or change these registers to remove the reset or use a synchronous reset to get the best optimization for performance, power and area.
Related violations: <none>

DPIR-2#27 Warning
Asynchronous driver check  
DSP design_1_i/tpu_mnist_0/inst/u_tpu_top/u_datapath/u_vector_processing_unit/u_post_process/GEN_BIAS_REQUANT.u_bias_requantize/(null)[0].shifted_value0__1 input pin design_1_i/tpu_mnist_0/inst/u_tpu_top/u_datapath/u_vector_processing_unit/u_post_process/GEN_BIAS_REQUANT.u_bias_requantize/(null)[0].shifted_value0__1/B[11] is connected to registers with an asynchronous reset. This is preventing the possibility of merging these registers in to the DSP Block since the DSP block registers only possess synchronous reset capability.  It is suggested to recode or change these registers to remove the reset or use a synchronous reset to get the best optimization for performance, power and area.
Related violations: <none>

DPIR-2#28 Warning
Asynchronous driver check  
DSP design_1_i/tpu_mnist_0/inst/u_tpu_top/u_datapath/u_vector_processing_unit/u_post_process/GEN_BIAS_REQUANT.u_bias_requantize/(null)[0].shifted_value0__1 input pin design_1_i/tpu_mnist_0/inst/u_tpu_top/u_datapath/u_vector_processing_unit/u_post_process/GEN_BIAS_REQUANT.u_bias_requantize/(null)[0].shifted_value0__1/B[12] is connected to registers with an asynchronous reset. This is preventing the possibility of merging these registers in to the DSP Block since the DSP block registers only possess synchronous reset capability.  It is suggested to recode or change these registers to remove the reset or use a synchronous reset to get the best optimization for performance, power and area.
Related violations: <none>

DPIR-2#29 Warning
Asynchronous driver check  
DSP design_1_i/tpu_mnist_0/inst/u_tpu_top/u_datapath/u_vector_processing_unit/u_post_process/GEN_BIAS_REQUANT.u_bias_requantize/(null)[0].shifted_value0__1 input pin design_1_i/tpu_mnist_0/inst/u_tpu_top/u_datapath/u_vector_processing_unit/u_post_process/GEN_BIAS_REQUANT.u_bias_requantize/(null)[0].shifted_value0__1/B[13] is connected to registers with an asynchronous reset. This is preventing the possibility of merging these registers in to the DSP Block since the DSP block registers only possess synchronous reset capability.  It is suggested to recode or change these registers to remove the reset or use a synchronous reset to get the best optimization for performance, power and area.
Related violations: <none>

DPIR-2#30 Warning
Asynchronous driver check  
DSP design_1_i/tpu_mnist_0/inst/u_tpu_top/u_datapath/u_vector_processing_unit/u_post_process/GEN_BIAS_REQUANT.u_bias_requantize/(null)[0].shifted_value0__1 input pin design_1_i/tpu_mnist_0/inst/u_tpu_top/u_datapath/u_vector_processing_unit/u_post_process/GEN_BIAS_REQUANT.u_bias_requantize/(null)[0].shifted_value0__1/B[14] is connected to registers with an asynchronous reset. This is preventing the possibility of merging these registers in to the DSP Block since the DSP block registers only possess synchronous reset capability.  It is suggested to recode or change these registers to remove the reset or use a synchronous reset to get the best optimization for performance, power and area.
Related violations: <none>

DPIR-2#31 Warning
Asynchronous driver check  
DSP design_1_i/tpu_mnist_0/inst/u_tpu_top/u_datapath/u_vector_processing_unit/u_post_process/GEN_BIAS_REQUANT.u_bias_requantize/(null)[0].shifted_value0__1 input pin design_1_i/tpu_mnist_0/inst/u_tpu_top/u_datapath/u_vector_processing_unit/u_post_process/GEN_BIAS_REQUANT.u_bias_requantize/(null)[0].shifted_value0__1/B[15] is connected to registers with an asynchronous reset. This is preventing the possibility of merging these registers in to the DSP Block since the DSP block registers only possess synchronous reset capability.  It is suggested to recode or change these registers to remove the reset or use a synchronous reset to get the best optimization for performance, power and area.
Related violations: <none>

DPIR-2#32 Warning
Asynchronous driver check  
DSP design_1_i/tpu_mnist_0/inst/u_tpu_top/u_datapath/u_vector_processing_unit/u_post_process/GEN_BIAS_REQUANT.u_bias_requantize/(null)[0].shifted_value0__1 input pin design_1_i/tpu_mnist_0/inst/u_tpu_top/u_datapath/u_vector_processing_unit/u_post_process/GEN_BIAS_REQUANT.u_bias_requantize/(null)[0].shifted_value0__1/B[16] is connected to registers with an asynchronous reset. This is preventing the possibility of merging these registers in to the DSP Block since the DSP block registers only possess synchronous reset capability.  It is suggested to recode or change these registers to remove the reset or use a synchronous reset to get the best optimization for performance, power and area.
Related violations: <none>

DPIR-2#33 Warning
Asynchronous driver check  
DSP design_1_i/tpu_mnist_0/inst/u_tpu_top/u_datapath/u_vector_processing_unit/u_post_process/GEN_BIAS_REQUANT.u_bias_requantize/(null)[0].shifted_value0__1 input pin design_1_i/tpu_mnist_0/inst/u_tpu_top/u_datapath/u_vector_processing_unit/u_post_process/GEN_BIAS_REQUANT.u_bias_requantize/(null)[0].shifted_value0__1/B[1] is connected to registers with an asynchronous reset. This is preventing the possibility of merging these registers in to the DSP Block since the DSP block registers only possess synchronous reset capability.  It is suggested to recode or change these registers to remove the reset or use a synchronous reset to get the best optimization for performance, power and area.
Related violations: <none>

DPIR-2#34 Warning
Asynchronous driver check  
DSP design_1_i/tpu_mnist_0/inst/u_tpu_top/u_datapath/u_vector_processing_unit/u_post_process/GEN_BIAS_REQUANT.u_bias_requantize/(null)[0].shifted_value0__1 input pin design_1_i/tpu_mnist_0/inst/u_tpu_top/u_datapath/u_vector_processing_unit/u_post_process/GEN_BIAS_REQUANT.u_bias_requantize/(null)[0].shifted_value0__1/B[2] is connected to registers with an asynchronous reset. This is preventing the possibility of merging these registers in to the DSP Block since the DSP block registers only possess synchronous reset capability.  It is suggested to recode or change these registers to remove the reset or use a synchronous reset to get the best optimization for performance, power and area.
Related violations: <none>

DPIR-2#35 Warning
Asynchronous driver check  
DSP design_1_i/tpu_mnist_0/inst/u_tpu_top/u_datapath/u_vector_processing_unit/u_post_process/GEN_BIAS_REQUANT.u_bias_requantize/(null)[0].shifted_value0__1 input pin design_1_i/tpu_mnist_0/inst/u_tpu_top/u_datapath/u_vector_processing_unit/u_post_process/GEN_BIAS_REQUANT.u_bias_requantize/(null)[0].shifted_value0__1/B[3] is connected to registers with an asynchronous reset. This is preventing the possibility of merging these registers in to the DSP Block since the DSP block registers only possess synchronous reset capability.  It is suggested to recode or change these registers to remove the reset or use a synchronous reset to get the best optimization for performance, power and area.
Related violations: <none>

DPIR-2#36 Warning
Asynchronous driver check  
DSP design_1_i/tpu_mnist_0/inst/u_tpu_top/u_datapath/u_vector_processing_unit/u_post_process/GEN_BIAS_REQUANT.u_bias_requantize/(null)[0].shifted_value0__1 input pin design_1_i/tpu_mnist_0/inst/u_tpu_top/u_datapath/u_vector_processing_unit/u_post_process/GEN_BIAS_REQUANT.u_bias_requantize/(null)[0].shifted_value0__1/B[4] is connected to registers with an asynchronous reset. This is preventing the possibility of merging these registers in to the DSP Block since the DSP block registers only possess synchronous reset capability.  It is suggested to recode or change these registers to remove the reset or use a synchronous reset to get the best optimization for performance, power and area.
Related violations: <none>

DPIR-2#37 Warning
Asynchronous driver check  
DSP design_1_i/tpu_mnist_0/inst/u_tpu_top/u_datapath/u_vector_processing_unit/u_post_process/GEN_BIAS_REQUANT.u_bias_requantize/(null)[0].shifted_value0__1 input pin design_1_i/tpu_mnist_0/inst/u_tpu_top/u_datapath/u_vector_processing_unit/u_post_process/GEN_BIAS_REQUANT.u_bias_requantize/(null)[0].shifted_value0__1/B[5] is connected to registers with an asynchronous reset. This is preventing the possibility of merging these registers in to the DSP Block since the DSP block registers only possess synchronous reset capability.  It is suggested to recode or change these registers to remove the reset or use a synchronous reset to get the best optimization for performance, power and area.
Related violations: <none>

DPIR-2#38 Warning
Asynchronous driver check  
DSP design_1_i/tpu_mnist_0/inst/u_tpu_top/u_datapath/u_vector_processing_unit/u_post_process/GEN_BIAS_REQUANT.u_bias_requantize/(null)[0].shifted_value0__1 input pin design_1_i/tpu_mnist_0/inst/u_tpu_top/u_datapath/u_vector_processing_unit/u_post_process/GEN_BIAS_REQUANT.u_bias_requantize/(null)[0].shifted_value0__1/B[6] is connected to registers with an asynchronous reset. This is preventing the possibility of merging these registers in to the DSP Block since the DSP block registers only possess synchronous reset capability.  It is suggested to recode or change these registers to remove the reset or use a synchronous reset to get the best optimization for performance, power and area.
Related violations: <none>

DPIR-2#39 Warning
Asynchronous driver check  
DSP design_1_i/tpu_mnist_0/inst/u_tpu_top/u_datapath/u_vector_processing_unit/u_post_process/GEN_BIAS_REQUANT.u_bias_requantize/(null)[0].shifted_value0__1 input pin design_1_i/tpu_mnist_0/inst/u_tpu_top/u_datapath/u_vector_processing_unit/u_post_process/GEN_BIAS_REQUANT.u_bias_requantize/(null)[0].shifted_value0__1/B[7] is connected to registers with an asynchronous reset. This is preventing the possibility of merging these registers in to the DSP Block since the DSP block registers only possess synchronous reset capability.  It is suggested to recode or change these registers to remove the reset or use a synchronous reset to get the best optimization for performance, power and area.
Related violations: <none>

DPIR-2#40 Warning
Asynchronous driver check  
DSP design_1_i/tpu_mnist_0/inst/u_tpu_top/u_datapath/u_vector_processing_unit/u_post_process/GEN_BIAS_REQUANT.u_bias_requantize/(null)[0].shifted_value0__1 input pin design_1_i/tpu_mnist_0/inst/u_tpu_top/u_datapath/u_vector_processing_unit/u_post_process/GEN_BIAS_REQUANT.u_bias_requantize/(null)[0].shifted_value0__1/B[8] is connected to registers with an asynchronous reset. This is preventing the possibility of merging these registers in to the DSP Block since the DSP block registers only possess synchronous reset capability.  It is suggested to recode or change these registers to remove the reset or use a synchronous reset to get the best optimization for performance, power and area.
Related violations: <none>

DPIR-2#41 Warning
Asynchronous driver check  
DSP design_1_i/tpu_mnist_0/inst/u_tpu_top/u_datapath/u_vector_processing_unit/u_post_process/GEN_BIAS_REQUANT.u_bias_requantize/(null)[0].shifted_value0__1 input pin design_1_i/tpu_mnist_0/inst/u_tpu_top/u_datapath/u_vector_processing_unit/u_post_process/GEN_BIAS_REQUANT.u_bias_requantize/(null)[0].shifted_value0__1/B[9] is connected to registers with an asynchronous reset. This is preventing the possibility of merging these registers in to the DSP Block since the DSP block registers only possess synchronous reset capability.  It is suggested to recode or change these registers to remove the reset or use a synchronous reset to get the best optimization for performance, power and area.
Related violations: <none>

DPIR-2#42 Warning
Asynchronous driver check  
DSP design_1_i/tpu_mnist_0/inst/u_tpu_top/u_datapath/u_vector_processing_unit/u_post_process/GEN_BIAS_REQUANT.u_bias_requantize/(null)[0].shifted_value0__2 input pin design_1_i/tpu_mnist_0/inst/u_tpu_top/u_datapath/u_vector_processing_unit/u_post_process/GEN_BIAS_REQUANT.u_bias_requantize/(null)[0].shifted_value0__2/B[0] is connected to registers with an asynchronous reset. This is preventing the possibility of merging these registers in to the DSP Block since the DSP block registers only possess synchronous reset capability.  It is suggested to recode or change these registers to remove the reset or use a synchronous reset to get the best optimization for performance, power and area.
Related violations: <none>

DPIR-2#43 Warning
Asynchronous driver check  
DSP design_1_i/tpu_mnist_0/inst/u_tpu_top/u_datapath/u_vector_processing_unit/u_post_process/GEN_BIAS_REQUANT.u_bias_requantize/(null)[0].shifted_value0__2 input pin design_1_i/tpu_mnist_0/inst/u_tpu_top/u_datapath/u_vector_processing_unit/u_post_process/GEN_BIAS_REQUANT.u_bias_requantize/(null)[0].shifted_value0__2/B[1] is connected to registers with an asynchronous reset. This is preventing the possibility of merging these registers in to the DSP Block since the DSP block registers only possess synchronous reset capability.  It is suggested to recode or change these registers to remove the reset or use a synchronous reset to get the best optimization for performance, power and area.
Related violations: <none>

DPIR-2#44 Warning
Asynchronous driver check  
DSP design_1_i/tpu_mnist_0/inst/u_tpu_top/u_datapath/u_vector_processing_unit/u_post_process/GEN_BIAS_REQUANT.u_bias_requantize/(null)[0].shifted_value0__2 input pin design_1_i/tpu_mnist_0/inst/u_tpu_top/u_datapath/u_vector_processing_unit/u_post_process/GEN_BIAS_REQUANT.u_bias_requantize/(null)[0].shifted_value0__2/B[2] is connected to registers with an asynchronous reset. This is preventing the possibility of merging these registers in to the DSP Block since the DSP block registers only possess synchronous reset capability.  It is suggested to recode or change these registers to remove the reset or use a synchronous reset to get the best optimization for performance, power and area.
Related violations: <none>

DPIR-2#45 Warning
Asynchronous driver check  
DSP design_1_i/tpu_mnist_0/inst/u_tpu_top/u_datapath/u_vector_processing_unit/u_post_process/GEN_BIAS_REQUANT.u_bias_requantize/(null)[0].shifted_value0__2 input pin design_1_i/tpu_mnist_0/inst/u_tpu_top/u_datapath/u_vector_processing_unit/u_post_process/GEN_BIAS_REQUANT.u_bias_requantize/(null)[0].shifted_value0__2/B[3] is connected to registers with an asynchronous reset. This is preventing the possibility of merging these registers in to the DSP Block since the DSP block registers only possess synchronous reset capability.  It is suggested to recode or change these registers to remove the reset or use a synchronous reset to get the best optimization for performance, power and area.
Related violations: <none>

DPIR-2#46 Warning
Asynchronous driver check  
DSP design_1_i/tpu_mnist_0/inst/u_tpu_top/u_datapath/u_vector_processing_unit/u_post_process/GEN_BIAS_REQUANT.u_bias_requantize/(null)[0].shifted_value0__2 input pin design_1_i/tpu_mnist_0/inst/u_tpu_top/u_datapath/u_vector_processing_unit/u_post_process/GEN_BIAS_REQUANT.u_bias_requantize/(null)[0].shifted_value0__2/B[4] is connected to registers with an asynchronous reset. This is preventing the possibility of merging these registers in to the DSP Block since the DSP block registers only possess synchronous reset capability.  It is suggested to recode or change these registers to remove the reset or use a synchronous reset to get the best optimization for performance, power and area.
Related violations: <none>

DPIR-2#47 Warning
Asynchronous driver check  
DSP design_1_i/tpu_mnist_0/inst/u_tpu_top/u_datapath/u_vector_processing_unit/u_post_process/GEN_BIAS_REQUANT.u_bias_requantize/(null)[0].shifted_value0__2 input pin design_1_i/tpu_mnist_0/inst/u_tpu_top/u_datapath/u_vector_processing_unit/u_post_process/GEN_BIAS_REQUANT.u_bias_requantize/(null)[0].shifted_value0__2/B[5] is connected to registers with an asynchronous reset. This is preventing the possibility of merging these registers in to the DSP Block since the DSP block registers only possess synchronous reset capability.  It is suggested to recode or change these registers to remove the reset or use a synchronous reset to get the best optimization for performance, power and area.
Related violations: <none>

DPIR-2#48 Warning
Asynchronous driver check  
DSP design_1_i/tpu_mnist_0/inst/u_tpu_top/u_datapath/u_vector_processing_unit/u_post_process/GEN_BIAS_REQUANT.u_bias_requantize/(null)[0].shifted_value0__2 input pin design_1_i/tpu_mnist_0/inst/u_tpu_top/u_datapath/u_vector_processing_unit/u_post_process/GEN_BIAS_REQUANT.u_bias_requantize/(null)[0].shifted_value0__2/B[6] is connected to registers with an asynchronous reset. This is preventing the possibility of merging these registers in to the DSP Block since the DSP block registers only possess synchronous reset capability.  It is suggested to recode or change these registers to remove the reset or use a synchronous reset to get the best optimization for performance, power and area.
Related violations: <none>

DPIR-2#49 Warning
Asynchronous driver check  
DSP design_1_i/tpu_mnist_0/inst/u_tpu_top/u_datapath/u_vector_processing_unit/u_post_process/GEN_BIAS_REQUANT.u_bias_requantize/(null)[0].shifted_value0__3 input pin design_1_i/tpu_mnist_0/inst/u_tpu_top/u_datapath/u_vector_processing_unit/u_post_process/GEN_BIAS_REQUANT.u_bias_requantize/(null)[0].shifted_value0__3/A[0] is connected to registers with an asynchronous reset. This is preventing the possibility of merging these registers in to the DSP Block since the DSP block registers only possess synchronous reset capability.  It is suggested to recode or change these registers to remove the reset or use a synchronous reset to get the best optimization for performance, power and area.
Related violations: <none>

DPIR-2#50 Warning
Asynchronous driver check  
DSP design_1_i/tpu_mnist_0/inst/u_tpu_top/u_datapath/u_vector_processing_unit/u_post_process/GEN_BIAS_REQUANT.u_bias_requantize/(null)[0].shifted_value0__3 input pin design_1_i/tpu_mnist_0/inst/u_tpu_top/u_datapath/u_vector_processing_unit/u_post_process/GEN_BIAS_REQUANT.u_bias_requantize/(null)[0].shifted_value0__3/A[10] is connected to registers with an asynchronous reset. This is preventing the possibility of merging these registers in to the DSP Block since the DSP block registers only possess synchronous reset capability.  It is suggested to recode or change these registers to remove the reset or use a synchronous reset to get the best optimization for performance, power and area.
Related violations: <none>

DPIR-2#51 Warning
Asynchronous driver check  
DSP design_1_i/tpu_mnist_0/inst/u_tpu_top/u_datapath/u_vector_processing_unit/u_post_process/GEN_BIAS_REQUANT.u_bias_requantize/(null)[0].shifted_value0__3 input pin design_1_i/tpu_mnist_0/inst/u_tpu_top/u_datapath/u_vector_processing_unit/u_post_process/GEN_BIAS_REQUANT.u_bias_requantize/(null)[0].shifted_value0__3/A[11] is connected to registers with an asynchronous reset. This is preventing the possibility of merging these registers in to the DSP Block since the DSP block registers only possess synchronous reset capability.  It is suggested to recode or change these registers to remove the reset or use a synchronous reset to get the best optimization for performance, power and area.
Related violations: <none>

DPIR-2#52 Warning
Asynchronous driver check  
DSP design_1_i/tpu_mnist_0/inst/u_tpu_top/u_datapath/u_vector_processing_unit/u_post_process/GEN_BIAS_REQUANT.u_bias_requantize/(null)[0].shifted_value0__3 input pin design_1_i/tpu_mnist_0/inst/u_tpu_top/u_datapath/u_vector_processing_unit/u_post_process/GEN_BIAS_REQUANT.u_bias_requantize/(null)[0].shifted_value0__3/A[12] is connected to registers with an asynchronous reset. This is preventing the possibility of merging these registers in to the DSP Block since the DSP block registers only possess synchronous reset capability.  It is suggested to recode or change these registers to remove the reset or use a synchronous reset to get the best optimization for performance, power and area.
Related violations: <none>

DPIR-2#53 Warning
Asynchronous driver check  
DSP design_1_i/tpu_mnist_0/inst/u_tpu_top/u_datapath/u_vector_processing_unit/u_post_process/GEN_BIAS_REQUANT.u_bias_requantize/(null)[0].shifted_value0__3 input pin design_1_i/tpu_mnist_0/inst/u_tpu_top/u_datapath/u_vector_processing_unit/u_post_process/GEN_BIAS_REQUANT.u_bias_requantize/(null)[0].shifted_value0__3/A[13] is connected to registers with an asynchronous reset. This is preventing the possibility of merging these registers in to the DSP Block since the DSP block registers only possess synchronous reset capability.  It is suggested to recode or change these registers to remove the reset or use a synchronous reset to get the best optimization for performance, power and area.
Related violations: <none>

DPIR-2#54 Warning
Asynchronous driver check  
DSP design_1_i/tpu_mnist_0/inst/u_tpu_top/u_datapath/u_vector_processing_unit/u_post_process/GEN_BIAS_REQUANT.u_bias_requantize/(null)[0].shifted_value0__3 input pin design_1_i/tpu_mnist_0/inst/u_tpu_top/u_datapath/u_vector_processing_unit/u_post_process/GEN_BIAS_REQUANT.u_bias_requantize/(null)[0].shifted_value0__3/A[14] is connected to registers with an asynchronous reset. This is preventing the possibility of merging these registers in to the DSP Block since the DSP block registers only possess synchronous reset capability.  It is suggested to recode or change these registers to remove the reset or use a synchronous reset to get the best optimization for performance, power and area.
Related violations: <none>

DPIR-2#55 Warning
Asynchronous driver check  
DSP design_1_i/tpu_mnist_0/inst/u_tpu_top/u_datapath/u_vector_processing_unit/u_post_process/GEN_BIAS_REQUANT.u_bias_requantize/(null)[0].shifted_value0__3 input pin design_1_i/tpu_mnist_0/inst/u_tpu_top/u_datapath/u_vector_processing_unit/u_post_process/GEN_BIAS_REQUANT.u_bias_requantize/(null)[0].shifted_value0__3/A[15] is connected to registers with an asynchronous reset. This is preventing the possibility of merging these registers in to the DSP Block since the DSP block registers only possess synchronous reset capability.  It is suggested to recode or change these registers to remove the reset or use a synchronous reset to get the best optimization for performance, power and area.
Related violations: <none>

DPIR-2#56 Warning
Asynchronous driver check  
DSP design_1_i/tpu_mnist_0/inst/u_tpu_top/u_datapath/u_vector_processing_unit/u_post_process/GEN_BIAS_REQUANT.u_bias_requantize/(null)[0].shifted_value0__3 input pin design_1_i/tpu_mnist_0/inst/u_tpu_top/u_datapath/u_vector_processing_unit/u_post_process/GEN_BIAS_REQUANT.u_bias_requantize/(null)[0].shifted_value0__3/A[16] is connected to registers with an asynchronous reset. This is preventing the possibility of merging these registers in to the DSP Block since the DSP block registers only possess synchronous reset capability.  It is suggested to recode or change these registers to remove the reset or use a synchronous reset to get the best optimization for performance, power and area.
Related violations: <none>

DPIR-2#57 Warning
Asynchronous driver check  
DSP design_1_i/tpu_mnist_0/inst/u_tpu_top/u_datapath/u_vector_processing_unit/u_post_process/GEN_BIAS_REQUANT.u_bias_requantize/(null)[0].shifted_value0__3 input pin design_1_i/tpu_mnist_0/inst/u_tpu_top/u_datapath/u_vector_processing_unit/u_post_process/GEN_BIAS_REQUANT.u_bias_requantize/(null)[0].shifted_value0__3/A[1] is connected to registers with an asynchronous reset. This is preventing the possibility of merging these registers in to the DSP Block since the DSP block registers only possess synchronous reset capability.  It is suggested to recode or change these registers to remove the reset or use a synchronous reset to get the best optimization for performance, power and area.
Related violations: <none>

DPIR-2#58 Warning
Asynchronous driver check  
DSP design_1_i/tpu_mnist_0/inst/u_tpu_top/u_datapath/u_vector_processing_unit/u_post_process/GEN_BIAS_REQUANT.u_bias_requantize/(null)[0].shifted_value0__3 input pin design_1_i/tpu_mnist_0/inst/u_tpu_top/u_datapath/u_vector_processing_unit/u_post_process/GEN_BIAS_REQUANT.u_bias_requantize/(null)[0].shifted_value0__3/A[2] is connected to registers with an asynchronous reset. This is preventing the possibility of merging these registers in to the DSP Block since the DSP block registers only possess synchronous reset capability.  It is suggested to recode or change these registers to remove the reset or use a synchronous reset to get the best optimization for performance, power and area.
Related violations: <none>

DPIR-2#59 Warning
Asynchronous driver check  
DSP design_1_i/tpu_mnist_0/inst/u_tpu_top/u_datapath/u_vector_processing_unit/u_post_process/GEN_BIAS_REQUANT.u_bias_requantize/(null)[0].shifted_value0__3 input pin design_1_i/tpu_mnist_0/inst/u_tpu_top/u_datapath/u_vector_processing_unit/u_post_process/GEN_BIAS_REQUANT.u_bias_requantize/(null)[0].shifted_value0__3/A[3] is connected to registers with an asynchronous reset. This is preventing the possibility of merging these registers in to the DSP Block since the DSP block registers only possess synchronous reset capability.  It is suggested to recode or change these registers to remove the reset or use a synchronous reset to get the best optimization for performance, power and area.
Related violations: <none>

DPIR-2#60 Warning
Asynchronous driver check  
DSP design_1_i/tpu_mnist_0/inst/u_tpu_top/u_datapath/u_vector_processing_unit/u_post_process/GEN_BIAS_REQUANT.u_bias_requantize/(null)[0].shifted_value0__3 input pin design_1_i/tpu_mnist_0/inst/u_tpu_top/u_datapath/u_vector_processing_unit/u_post_process/GEN_BIAS_REQUANT.u_bias_requantize/(null)[0].shifted_value0__3/A[4] is connected to registers with an asynchronous reset. This is preventing the possibility of merging these registers in to the DSP Block since the DSP block registers only possess synchronous reset capability.  It is suggested to recode or change these registers to remove the reset or use a synchronous reset to get the best optimization for performance, power and area.
Related violations: <none>

DPIR-2#61 Warning
Asynchronous driver check  
DSP design_1_i/tpu_mnist_0/inst/u_tpu_top/u_datapath/u_vector_processing_unit/u_post_process/GEN_BIAS_REQUANT.u_bias_requantize/(null)[0].shifted_value0__3 input pin design_1_i/tpu_mnist_0/inst/u_tpu_top/u_datapath/u_vector_processing_unit/u_post_process/GEN_BIAS_REQUANT.u_bias_requantize/(null)[0].shifted_value0__3/A[5] is connected to registers with an asynchronous reset. This is preventing the possibility of merging these registers in to the DSP Block since the DSP block registers only possess synchronous reset capability.  It is suggested to recode or change these registers to remove the reset or use a synchronous reset to get the best optimization for performance, power and area.
Related violations: <none>

DPIR-2#62 Warning
Asynchronous driver check  
DSP design_1_i/tpu_mnist_0/inst/u_tpu_top/u_datapath/u_vector_processing_unit/u_post_process/GEN_BIAS_REQUANT.u_bias_requantize/(null)[0].shifted_value0__3 input pin design_1_i/tpu_mnist_0/inst/u_tpu_top/u_datapath/u_vector_processing_unit/u_post_process/GEN_BIAS_REQUANT.u_bias_requantize/(null)[0].shifted_value0__3/A[6] is connected to registers with an asynchronous reset. This is preventing the possibility of merging these registers in to the DSP Block since the DSP block registers only possess synchronous reset capability.  It is suggested to recode or change these registers to remove the reset or use a synchronous reset to get the best optimization for performance, power and area.
Related violations: <none>

DPIR-2#63 Warning
Asynchronous driver check  
DSP design_1_i/tpu_mnist_0/inst/u_tpu_top/u_datapath/u_vector_processing_unit/u_post_process/GEN_BIAS_REQUANT.u_bias_requantize/(null)[0].shifted_value0__3 input pin design_1_i/tpu_mnist_0/inst/u_tpu_top/u_datapath/u_vector_processing_unit/u_post_process/GEN_BIAS_REQUANT.u_bias_requantize/(null)[0].shifted_value0__3/A[7] is connected to registers with an asynchronous reset. This is preventing the possibility of merging these registers in to the DSP Block since the DSP block registers only possess synchronous reset capability.  It is suggested to recode or change these registers to remove the reset or use a synchronous reset to get the best optimization for performance, power and area.
Related violations: <none>

DPIR-2#64 Warning
Asynchronous driver check  
DSP design_1_i/tpu_mnist_0/inst/u_tpu_top/u_datapath/u_vector_processing_unit/u_post_process/GEN_BIAS_REQUANT.u_bias_requantize/(null)[0].shifted_value0__3 input pin design_1_i/tpu_mnist_0/inst/u_tpu_top/u_datapath/u_vector_processing_unit/u_post_process/GEN_BIAS_REQUANT.u_bias_requantize/(null)[0].shifted_value0__3/A[8] is connected to registers with an asynchronous reset. This is preventing the possibility of merging these registers in to the DSP Block since the DSP block registers only possess synchronous reset capability.  It is suggested to recode or change these registers to remove the reset or use a synchronous reset to get the best optimization for performance, power and area.
Related violations: <none>

DPIR-2#65 Warning
Asynchronous driver check  
DSP design_1_i/tpu_mnist_0/inst/u_tpu_top/u_datapath/u_vector_processing_unit/u_post_process/GEN_BIAS_REQUANT.u_bias_requantize/(null)[0].shifted_value0__3 input pin design_1_i/tpu_mnist_0/inst/u_tpu_top/u_datapath/u_vector_processing_unit/u_post_process/GEN_BIAS_REQUANT.u_bias_requantize/(null)[0].shifted_value0__3/A[9] is connected to registers with an asynchronous reset. This is preventing the possibility of merging these registers in to the DSP Block since the DSP block registers only possess synchronous reset capability.  It is suggested to recode or change these registers to remove the reset or use a synchronous reset to get the best optimization for performance, power and area.
Related violations: <none>

DPIR-2#66 Warning
Asynchronous driver check  
DSP design_1_i/tpu_mnist_0/inst/u_tpu_top/u_datapath/u_vector_processing_unit/u_post_process/GEN_BIAS_REQUANT.u_bias_requantize/(null)[0].shifted_value0__4 input pin design_1_i/tpu_mnist_0/inst/u_tpu_top/u_datapath/u_vector_processing_unit/u_post_process/GEN_BIAS_REQUANT.u_bias_requantize/(null)[0].shifted_value0__4/B[0] is connected to registers with an asynchronous reset. This is preventing the possibility of merging these registers in to the DSP Block since the DSP block registers only possess synchronous reset capability.  It is suggested to recode or change these registers to remove the reset or use a synchronous reset to get the best optimization for performance, power and area.
Related violations: <none>

DPIR-2#67 Warning
Asynchronous driver check  
DSP design_1_i/tpu_mnist_0/inst/u_tpu_top/u_datapath/u_vector_processing_unit/u_post_process/GEN_BIAS_REQUANT.u_bias_requantize/(null)[0].shifted_value0__4 input pin design_1_i/tpu_mnist_0/inst/u_tpu_top/u_datapath/u_vector_processing_unit/u_post_process/GEN_BIAS_REQUANT.u_bias_requantize/(null)[0].shifted_value0__4/B[1] is connected to registers with an asynchronous reset. This is preventing the possibility of merging these registers in to the DSP Block since the DSP block registers only possess synchronous reset capability.  It is suggested to recode or change these registers to remove the reset or use a synchronous reset to get the best optimization for performance, power and area.
Related violations: <none>

DPIR-2#68 Warning
Asynchronous driver check  
DSP design_1_i/tpu_mnist_0/inst/u_tpu_top/u_datapath/u_vector_processing_unit/u_post_process/GEN_BIAS_REQUANT.u_bias_requantize/(null)[0].shifted_value0__4 input pin design_1_i/tpu_mnist_0/inst/u_tpu_top/u_datapath/u_vector_processing_unit/u_post_process/GEN_BIAS_REQUANT.u_bias_requantize/(null)[0].shifted_value0__4/B[2] is connected to registers with an asynchronous reset. This is preventing the possibility of merging these registers in to the DSP Block since the DSP block registers only possess synchronous reset capability.  It is suggested to recode or change these registers to remove the reset or use a synchronous reset to get the best optimization for performance, power and area.
Related violations: <none>

DPIR-2#69 Warning
Asynchronous driver check  
DSP design_1_i/tpu_mnist_0/inst/u_tpu_top/u_datapath/u_vector_processing_unit/u_post_process/GEN_BIAS_REQUANT.u_bias_requantize/(null)[0].shifted_value0__4 input pin design_1_i/tpu_mnist_0/inst/u_tpu_top/u_datapath/u_vector_processing_unit/u_post_process/GEN_BIAS_REQUANT.u_bias_requantize/(null)[0].shifted_value0__4/B[3] is connected to registers with an asynchronous reset. This is preventing the possibility of merging these registers in to the DSP Block since the DSP block registers only possess synchronous reset capability.  It is suggested to recode or change these registers to remove the reset or use a synchronous reset to get the best optimization for performance, power and area.
Related violations: <none>

DPIR-2#70 Warning
Asynchronous driver check  
DSP design_1_i/tpu_mnist_0/inst/u_tpu_top/u_datapath/u_vector_processing_unit/u_post_process/GEN_BIAS_REQUANT.u_bias_requantize/(null)[0].shifted_value0__4 input pin design_1_i/tpu_mnist_0/inst/u_tpu_top/u_datapath/u_vector_processing_unit/u_post_process/GEN_BIAS_REQUANT.u_bias_requantize/(null)[0].shifted_value0__4/B[4] is connected to registers with an asynchronous reset. This is preventing the possibility of merging these registers in to the DSP Block since the DSP block registers only possess synchronous reset capability.  It is suggested to recode or change these registers to remove the reset or use a synchronous reset to get the best optimization for performance, power and area.
Related violations: <none>

DPIR-2#71 Warning
Asynchronous driver check  
DSP design_1_i/tpu_mnist_0/inst/u_tpu_top/u_datapath/u_vector_processing_unit/u_post_process/GEN_BIAS_REQUANT.u_bias_requantize/(null)[0].shifted_value0__4 input pin design_1_i/tpu_mnist_0/inst/u_tpu_top/u_datapath/u_vector_processing_unit/u_post_process/GEN_BIAS_REQUANT.u_bias_requantize/(null)[0].shifted_value0__4/B[5] is connected to registers with an asynchronous reset. This is preventing the possibility of merging these registers in to the DSP Block since the DSP block registers only possess synchronous reset capability.  It is suggested to recode or change these registers to remove the reset or use a synchronous reset to get the best optimization for performance, power and area.
Related violations: <none>

DPIR-2#72 Warning
Asynchronous driver check  
DSP design_1_i/tpu_mnist_0/inst/u_tpu_top/u_datapath/u_vector_processing_unit/u_post_process/GEN_BIAS_REQUANT.u_bias_requantize/(null)[0].shifted_value0__4 input pin design_1_i/tpu_mnist_0/inst/u_tpu_top/u_datapath/u_vector_processing_unit/u_post_process/GEN_BIAS_REQUANT.u_bias_requantize/(null)[0].shifted_value0__4/B[6] is connected to registers with an asynchronous reset. This is preventing the possibility of merging these registers in to the DSP Block since the DSP block registers only possess synchronous reset capability.  It is suggested to recode or change these registers to remove the reset or use a synchronous reset to get the best optimization for performance, power and area.
Related violations: <none>

DPIR-2#73 Warning
Asynchronous driver check  
DSP design_1_i/tpu_mnist_0/inst/u_tpu_top/u_datapath/u_vector_processing_unit/u_post_process/GEN_BIAS_REQUANT.u_bias_requantize/(null)[0].shifted_value0__5 input pin design_1_i/tpu_mnist_0/inst/u_tpu_top/u_datapath/u_vector_processing_unit/u_post_process/GEN_BIAS_REQUANT.u_bias_requantize/(null)[0].shifted_value0__5/B[0] is connected to registers with an asynchronous reset. This is preventing the possibility of merging these registers in to the DSP Block since the DSP block registers only possess synchronous reset capability.  It is suggested to recode or change these registers to remove the reset or use a synchronous reset to get the best optimization for performance, power and area.
Related violations: <none>

DPIR-2#74 Warning
Asynchronous driver check  
DSP design_1_i/tpu_mnist_0/inst/u_tpu_top/u_datapath/u_vector_processing_unit/u_post_process/GEN_BIAS_REQUANT.u_bias_requantize/(null)[0].shifted_value0__5 input pin design_1_i/tpu_mnist_0/inst/u_tpu_top/u_datapath/u_vector_processing_unit/u_post_process/GEN_BIAS_REQUANT.u_bias_requantize/(null)[0].shifted_value0__5/B[10] is connected to registers with an asynchronous reset. This is preventing the possibility of merging these registers in to the DSP Block since the DSP block registers only possess synchronous reset capability.  It is suggested to recode or change these registers to remove the reset or use a synchronous reset to get the best optimization for performance, power and area.
Related violations: <none>

DPIR-2#75 Warning
Asynchronous driver check  
DSP design_1_i/tpu_mnist_0/inst/u_tpu_top/u_datapath/u_vector_processing_unit/u_post_process/GEN_BIAS_REQUANT.u_bias_requantize/(null)[0].shifted_value0__5 input pin design_1_i/tpu_mnist_0/inst/u_tpu_top/u_datapath/u_vector_processing_unit/u_post_process/GEN_BIAS_REQUANT.u_bias_requantize/(null)[0].shifted_value0__5/B[11] is connected to registers with an asynchronous reset. This is preventing the possibility of merging these registers in to the DSP Block since the DSP block registers only possess synchronous reset capability.  It is suggested to recode or change these registers to remove the reset or use a synchronous reset to get the best optimization for performance, power and area.
Related violations: <none>

DPIR-2#76 Warning
Asynchronous driver check  
DSP design_1_i/tpu_mnist_0/inst/u_tpu_top/u_datapath/u_vector_processing_unit/u_post_process/GEN_BIAS_REQUANT.u_bias_requantize/(null)[0].shifted_value0__5 input pin design_1_i/tpu_mnist_0/inst/u_tpu_top/u_datapath/u_vector_processing_unit/u_post_process/GEN_BIAS_REQUANT.u_bias_requantize/(null)[0].shifted_value0__5/B[12] is connected to registers with an asynchronous reset. This is preventing the possibility of merging these registers in to the DSP Block since the DSP block registers only possess synchronous reset capability.  It is suggested to recode or change these registers to remove the reset or use a synchronous reset to get the best optimization for performance, power and area.
Related violations: <none>

DPIR-2#77 Warning
Asynchronous driver check  
DSP design_1_i/tpu_mnist_0/inst/u_tpu_top/u_datapath/u_vector_processing_unit/u_post_process/GEN_BIAS_REQUANT.u_bias_requantize/(null)[0].shifted_value0__5 input pin design_1_i/tpu_mnist_0/inst/u_tpu_top/u_datapath/u_vector_processing_unit/u_post_process/GEN_BIAS_REQUANT.u_bias_requantize/(null)[0].shifted_value0__5/B[13] is connected to registers with an asynchronous reset. This is preventing the possibility of merging these registers in to the DSP Block since the DSP block registers only possess synchronous reset capability.  It is suggested to recode or change these registers to remove the reset or use a synchronous reset to get the best optimization for performance, power and area.
Related violations: <none>

DPIR-2#78 Warning
Asynchronous driver check  
DSP design_1_i/tpu_mnist_0/inst/u_tpu_top/u_datapath/u_vector_processing_unit/u_post_process/GEN_BIAS_REQUANT.u_bias_requantize/(null)[0].shifted_value0__5 input pin design_1_i/tpu_mnist_0/inst/u_tpu_top/u_datapath/u_vector_processing_unit/u_post_process/GEN_BIAS_REQUANT.u_bias_requantize/(null)[0].shifted_value0__5/B[14] is connected to registers with an asynchronous reset. This is preventing the possibility of merging these registers in to the DSP Block since the DSP block registers only possess synchronous reset capability.  It is suggested to recode or change these registers to remove the reset or use a synchronous reset to get the best optimization for performance, power and area.
Related violations: <none>

DPIR-2#79 Warning
Asynchronous driver check  
DSP design_1_i/tpu_mnist_0/inst/u_tpu_top/u_datapath/u_vector_processing_unit/u_post_process/GEN_BIAS_REQUANT.u_bias_requantize/(null)[0].shifted_value0__5 input pin design_1_i/tpu_mnist_0/inst/u_tpu_top/u_datapath/u_vector_processing_unit/u_post_process/GEN_BIAS_REQUANT.u_bias_requantize/(null)[0].shifted_value0__5/B[15] is connected to registers with an asynchronous reset. This is preventing the possibility of merging these registers in to the DSP Block since the DSP block registers only possess synchronous reset capability.  It is suggested to recode or change these registers to remove the reset or use a synchronous reset to get the best optimization for performance, power and area.
Related violations: <none>

DPIR-2#80 Warning
Asynchronous driver check  
DSP design_1_i/tpu_mnist_0/inst/u_tpu_top/u_datapath/u_vector_processing_unit/u_post_process/GEN_BIAS_REQUANT.u_bias_requantize/(null)[0].shifted_value0__5 input pin design_1_i/tpu_mnist_0/inst/u_tpu_top/u_datapath/u_vector_processing_unit/u_post_process/GEN_BIAS_REQUANT.u_bias_requantize/(null)[0].shifted_value0__5/B[16] is connected to registers with an asynchronous reset. This is preventing the possibility of merging these registers in to the DSP Block since the DSP block registers only possess synchronous reset capability.  It is suggested to recode or change these registers to remove the reset or use a synchronous reset to get the best optimization for performance, power and area.
Related violations: <none>

DPIR-2#81 Warning
Asynchronous driver check  
DSP design_1_i/tpu_mnist_0/inst/u_tpu_top/u_datapath/u_vector_processing_unit/u_post_process/GEN_BIAS_REQUANT.u_bias_requantize/(null)[0].shifted_value0__5 input pin design_1_i/tpu_mnist_0/inst/u_tpu_top/u_datapath/u_vector_processing_unit/u_post_process/GEN_BIAS_REQUANT.u_bias_requantize/(null)[0].shifted_value0__5/B[1] is connected to registers with an asynchronous reset. This is preventing the possibility of merging these registers in to the DSP Block since the DSP block registers only possess synchronous reset capability.  It is suggested to recode or change these registers to remove the reset or use a synchronous reset to get the best optimization for performance, power and area.
Related violations: <none>

DPIR-2#82 Warning
Asynchronous driver check  
DSP design_1_i/tpu_mnist_0/inst/u_tpu_top/u_datapath/u_vector_processing_unit/u_post_process/GEN_BIAS_REQUANT.u_bias_requantize/(null)[0].shifted_value0__5 input pin design_1_i/tpu_mnist_0/inst/u_tpu_top/u_datapath/u_vector_processing_unit/u_post_process/GEN_BIAS_REQUANT.u_bias_requantize/(null)[0].shifted_value0__5/B[2] is connected to registers with an asynchronous reset. This is preventing the possibility of merging these registers in to the DSP Block since the DSP block registers only possess synchronous reset capability.  It is suggested to recode or change these registers to remove the reset or use a synchronous reset to get the best optimization for performance, power and area.
Related violations: <none>

DPIR-2#83 Warning
Asynchronous driver check  
DSP design_1_i/tpu_mnist_0/inst/u_tpu_top/u_datapath/u_vector_processing_unit/u_post_process/GEN_BIAS_REQUANT.u_bias_requantize/(null)[0].shifted_value0__5 input pin design_1_i/tpu_mnist_0/inst/u_tpu_top/u_datapath/u_vector_processing_unit/u_post_process/GEN_BIAS_REQUANT.u_bias_requantize/(null)[0].shifted_value0__5/B[3] is connected to registers with an asynchronous reset. This is preventing the possibility of merging these registers in to the DSP Block since the DSP block registers only possess synchronous reset capability.  It is suggested to recode or change these registers to remove the reset or use a synchronous reset to get the best optimization for performance, power and area.
Related violations: <none>

DPIR-2#84 Warning
Asynchronous driver check  
DSP design_1_i/tpu_mnist_0/inst/u_tpu_top/u_datapath/u_vector_processing_unit/u_post_process/GEN_BIAS_REQUANT.u_bias_requantize/(null)[0].shifted_value0__5 input pin design_1_i/tpu_mnist_0/inst/u_tpu_top/u_datapath/u_vector_processing_unit/u_post_process/GEN_BIAS_REQUANT.u_bias_requantize/(null)[0].shifted_value0__5/B[4] is connected to registers with an asynchronous reset. This is preventing the possibility of merging these registers in to the DSP Block since the DSP block registers only possess synchronous reset capability.  It is suggested to recode or change these registers to remove the reset or use a synchronous reset to get the best optimization for performance, power and area.
Related violations: <none>

DPIR-2#85 Warning
Asynchronous driver check  
DSP design_1_i/tpu_mnist_0/inst/u_tpu_top/u_datapath/u_vector_processing_unit/u_post_process/GEN_BIAS_REQUANT.u_bias_requantize/(null)[0].shifted_value0__5 input pin design_1_i/tpu_mnist_0/inst/u_tpu_top/u_datapath/u_vector_processing_unit/u_post_process/GEN_BIAS_REQUANT.u_bias_requantize/(null)[0].shifted_value0__5/B[5] is connected to registers with an asynchronous reset. This is preventing the possibility of merging these registers in to the DSP Block since the DSP block registers only possess synchronous reset capability.  It is suggested to recode or change these registers to remove the reset or use a synchronous reset to get the best optimization for performance, power and area.
Related violations: <none>

DPIR-2#86 Warning
Asynchronous driver check  
DSP design_1_i/tpu_mnist_0/inst/u_tpu_top/u_datapath/u_vector_processing_unit/u_post_process/GEN_BIAS_REQUANT.u_bias_requantize/(null)[0].shifted_value0__5 input pin design_1_i/tpu_mnist_0/inst/u_tpu_top/u_datapath/u_vector_processing_unit/u_post_process/GEN_BIAS_REQUANT.u_bias_requantize/(null)[0].shifted_value0__5/B[6] is connected to registers with an asynchronous reset. This is preventing the possibility of merging these registers in to the DSP Block since the DSP block registers only possess synchronous reset capability.  It is suggested to recode or change these registers to remove the reset or use a synchronous reset to get the best optimization for performance, power and area.
Related violations: <none>

DPIR-2#87 Warning
Asynchronous driver check  
DSP design_1_i/tpu_mnist_0/inst/u_tpu_top/u_datapath/u_vector_processing_unit/u_post_process/GEN_BIAS_REQUANT.u_bias_requantize/(null)[0].shifted_value0__5 input pin design_1_i/tpu_mnist_0/inst/u_tpu_top/u_datapath/u_vector_processing_unit/u_post_process/GEN_BIAS_REQUANT.u_bias_requantize/(null)[0].shifted_value0__5/B[7] is connected to registers with an asynchronous reset. This is preventing the possibility of merging these registers in to the DSP Block since the DSP block registers only possess synchronous reset capability.  It is suggested to recode or change these registers to remove the reset or use a synchronous reset to get the best optimization for performance, power and area.
Related violations: <none>

DPIR-2#88 Warning
Asynchronous driver check  
DSP design_1_i/tpu_mnist_0/inst/u_tpu_top/u_datapath/u_vector_processing_unit/u_post_process/GEN_BIAS_REQUANT.u_bias_requantize/(null)[0].shifted_value0__5 input pin design_1_i/tpu_mnist_0/inst/u_tpu_top/u_datapath/u_vector_processing_unit/u_post_process/GEN_BIAS_REQUANT.u_bias_requantize/(null)[0].shifted_value0__5/B[8] is connected to registers with an asynchronous reset. This is preventing the possibility of merging these registers in to the DSP Block since the DSP block registers only possess synchronous reset capability.  It is suggested to recode or change these registers to remove the reset or use a synchronous reset to get the best optimization for performance, power and area.
Related violations: <none>

DPIR-2#89 Warning
Asynchronous driver check  
DSP design_1_i/tpu_mnist_0/inst/u_tpu_top/u_datapath/u_vector_processing_unit/u_post_process/GEN_BIAS_REQUANT.u_bias_requantize/(null)[0].shifted_value0__5 input pin design_1_i/tpu_mnist_0/inst/u_tpu_top/u_datapath/u_vector_processing_unit/u_post_process/GEN_BIAS_REQUANT.u_bias_requantize/(null)[0].shifted_value0__5/B[9] is connected to registers with an asynchronous reset. This is preventing the possibility of merging these registers in to the DSP Block since the DSP block registers only possess synchronous reset capability.  It is suggested to recode or change these registers to remove the reset or use a synchronous reset to get the best optimization for performance, power and area.
Related violations: <none>

DPIR-2#90 Warning
Asynchronous driver check  
DSP design_1_i/tpu_mnist_0/inst/u_tpu_top/u_datapath/u_vector_processing_unit/u_post_process/GEN_BIAS_REQUANT.u_bias_requantize/(null)[0].shifted_value0__6 input pin design_1_i/tpu_mnist_0/inst/u_tpu_top/u_datapath/u_vector_processing_unit/u_post_process/GEN_BIAS_REQUANT.u_bias_requantize/(null)[0].shifted_value0__6/B[0] is connected to registers with an asynchronous reset. This is preventing the possibility of merging these registers in to the DSP Block since the DSP block registers only possess synchronous reset capability.  It is suggested to recode or change these registers to remove the reset or use a synchronous reset to get the best optimization for performance, power and area.
Related violations: <none>

DPIR-2#91 Warning
Asynchronous driver check  
DSP design_1_i/tpu_mnist_0/inst/u_tpu_top/u_datapath/u_vector_processing_unit/u_post_process/GEN_BIAS_REQUANT.u_bias_requantize/(null)[0].shifted_value0__6 input pin design_1_i/tpu_mnist_0/inst/u_tpu_top/u_datapath/u_vector_processing_unit/u_post_process/GEN_BIAS_REQUANT.u_bias_requantize/(null)[0].shifted_value0__6/B[1] is connected to registers with an asynchronous reset. This is preventing the possibility of merging these registers in to the DSP Block since the DSP block registers only possess synchronous reset capability.  It is suggested to recode or change these registers to remove the reset or use a synchronous reset to get the best optimization for performance, power and area.
Related violations: <none>

DPIR-2#92 Warning
Asynchronous driver check  
DSP design_1_i/tpu_mnist_0/inst/u_tpu_top/u_datapath/u_vector_processing_unit/u_post_process/GEN_BIAS_REQUANT.u_bias_requantize/(null)[0].shifted_value0__6 input pin design_1_i/tpu_mnist_0/inst/u_tpu_top/u_datapath/u_vector_processing_unit/u_post_process/GEN_BIAS_REQUANT.u_bias_requantize/(null)[0].shifted_value0__6/B[2] is connected to registers with an asynchronous reset. This is preventing the possibility of merging these registers in to the DSP Block since the DSP block registers only possess synchronous reset capability.  It is suggested to recode or change these registers to remove the reset or use a synchronous reset to get the best optimization for performance, power and area.
Related violations: <none>

DPIR-2#93 Warning
Asynchronous driver check  
DSP design_1_i/tpu_mnist_0/inst/u_tpu_top/u_datapath/u_vector_processing_unit/u_post_process/GEN_BIAS_REQUANT.u_bias_requantize/(null)[0].shifted_value0__6 input pin design_1_i/tpu_mnist_0/inst/u_tpu_top/u_datapath/u_vector_processing_unit/u_post_process/GEN_BIAS_REQUANT.u_bias_requantize/(null)[0].shifted_value0__6/B[3] is connected to registers with an asynchronous reset. This is preventing the possibility of merging these registers in to the DSP Block since the DSP block registers only possess synchronous reset capability.  It is suggested to recode or change these registers to remove the reset or use a synchronous reset to get the best optimization for performance, power and area.
Related violations: <none>

DPIR-2#94 Warning
Asynchronous driver check  
DSP design_1_i/tpu_mnist_0/inst/u_tpu_top/u_datapath/u_vector_processing_unit/u_post_process/GEN_BIAS_REQUANT.u_bias_requantize/(null)[0].shifted_value0__6 input pin design_1_i/tpu_mnist_0/inst/u_tpu_top/u_datapath/u_vector_processing_unit/u_post_process/GEN_BIAS_REQUANT.u_bias_requantize/(null)[0].shifted_value0__6/B[4] is connected to registers with an asynchronous reset. This is preventing the possibility of merging these registers in to the DSP Block since the DSP block registers only possess synchronous reset capability.  It is suggested to recode or change these registers to remove the reset or use a synchronous reset to get the best optimization for performance, power and area.
Related violations: <none>

DPIR-2#95 Warning
Asynchronous driver check  
DSP design_1_i/tpu_mnist_0/inst/u_tpu_top/u_datapath/u_vector_processing_unit/u_post_process/GEN_BIAS_REQUANT.u_bias_requantize/(null)[0].shifted_value0__6 input pin design_1_i/tpu_mnist_0/inst/u_tpu_top/u_datapath/u_vector_processing_unit/u_post_process/GEN_BIAS_REQUANT.u_bias_requantize/(null)[0].shifted_value0__6/B[5] is connected to registers with an asynchronous reset. This is preventing the possibility of merging these registers in to the DSP Block since the DSP block registers only possess synchronous reset capability.  It is suggested to recode or change these registers to remove the reset or use a synchronous reset to get the best optimization for performance, power and area.
Related violations: <none>

DPIR-2#96 Warning
Asynchronous driver check  
DSP design_1_i/tpu_mnist_0/inst/u_tpu_top/u_datapath/u_vector_processing_unit/u_post_process/GEN_BIAS_REQUANT.u_bias_requantize/(null)[0].shifted_value0__6 input pin design_1_i/tpu_mnist_0/inst/u_tpu_top/u_datapath/u_vector_processing_unit/u_post_process/GEN_BIAS_REQUANT.u_bias_requantize/(null)[0].shifted_value0__6/B[6] is connected to registers with an asynchronous reset. This is preventing the possibility of merging these registers in to the DSP Block since the DSP block registers only possess synchronous reset capability.  It is suggested to recode or change these registers to remove the reset or use a synchronous reset to get the best optimization for performance, power and area.
Related violations: <none>

DPIR-2#97 Warning
Asynchronous driver check  
DSP design_1_i/tpu_mnist_0/inst/u_tpu_top/u_layer_controller/u_tile_controller/output_addr0_w1 input pin design_1_i/tpu_mnist_0/inst/u_tpu_top/u_layer_controller/u_tile_controller/output_addr0_w1/A[10] is connected to registers with an asynchronous reset. This is preventing the possibility of merging these registers in to the DSP Block since the DSP block registers only possess synchronous reset capability.  It is suggested to recode or change these registers to remove the reset or use a synchronous reset to get the best optimization for performance, power and area.
Related violations: <none>

DPIR-2#98 Warning
Asynchronous driver check  
DSP design_1_i/tpu_mnist_0/inst/u_tpu_top/u_layer_controller/u_tile_controller/output_addr0_w1 input pin design_1_i/tpu_mnist_0/inst/u_tpu_top/u_layer_controller/u_tile_controller/output_addr0_w1/A[11] is connected to registers with an asynchronous reset. This is preventing the possibility of merging these registers in to the DSP Block since the DSP block registers only possess synchronous reset capability.  It is suggested to recode or change these registers to remove the reset or use a synchronous reset to get the best optimization for performance, power and area.
Related violations: <none>

DPIR-2#99 Warning
Asynchronous driver check  
DSP design_1_i/tpu_mnist_0/inst/u_tpu_top/u_layer_controller/u_tile_controller/output_addr0_w1 input pin design_1_i/tpu_mnist_0/inst/u_tpu_top/u_layer_controller/u_tile_controller/output_addr0_w1/A[12] is connected to registers with an asynchronous reset. This is preventing the possibility of merging these registers in to the DSP Block since the DSP block registers only possess synchronous reset capability.  It is suggested to recode or change these registers to remove the reset or use a synchronous reset to get the best optimization for performance, power and area.
Related violations: <none>

DPIR-2#100 Warning
Asynchronous driver check  
DSP design_1_i/tpu_mnist_0/inst/u_tpu_top/u_layer_controller/u_tile_controller/output_addr0_w1 input pin design_1_i/tpu_mnist_0/inst/u_tpu_top/u_layer_controller/u_tile_controller/output_addr0_w1/A[13] is connected to registers with an asynchronous reset. This is preventing the possibility of merging these registers in to the DSP Block since the DSP block registers only possess synchronous reset capability.  It is suggested to recode or change these registers to remove the reset or use a synchronous reset to get the best optimization for performance, power and area.
Related violations: <none>

DPIR-2#101 Warning
Asynchronous driver check  
DSP design_1_i/tpu_mnist_0/inst/u_tpu_top/u_layer_controller/u_tile_controller/output_addr0_w1 input pin design_1_i/tpu_mnist_0/inst/u_tpu_top/u_layer_controller/u_tile_controller/output_addr0_w1/A[14] is connected to registers with an asynchronous reset. This is preventing the possibility of merging these registers in to the DSP Block since the DSP block registers only possess synchronous reset capability.  It is suggested to recode or change these registers to remove the reset or use a synchronous reset to get the best optimization for performance, power and area.
Related violations: <none>

DPIR-2#102 Warning
Asynchronous driver check  
DSP design_1_i/tpu_mnist_0/inst/u_tpu_top/u_layer_controller/u_tile_controller/output_addr0_w1 input pin design_1_i/tpu_mnist_0/inst/u_tpu_top/u_layer_controller/u_tile_controller/output_addr0_w1/A[15] is connected to registers with an asynchronous reset. This is preventing the possibility of merging these registers in to the DSP Block since the DSP block registers only possess synchronous reset capability.  It is suggested to recode or change these registers to remove the reset or use a synchronous reset to get the best optimization for performance, power and area.
Related violations: <none>

DPIR-2#103 Warning
Asynchronous driver check  
DSP design_1_i/tpu_mnist_0/inst/u_tpu_top/u_layer_controller/u_tile_controller/output_addr0_w1 input pin design_1_i/tpu_mnist_0/inst/u_tpu_top/u_layer_controller/u_tile_controller/output_addr0_w1/A[1] is connected to registers with an asynchronous reset. This is preventing the possibility of merging these registers in to the DSP Block since the DSP block registers only possess synchronous reset capability.  It is suggested to recode or change these registers to remove the reset or use a synchronous reset to get the best optimization for performance, power and area.
Related violations: <none>

DPIR-2#104 Warning
Asynchronous driver check  
DSP design_1_i/tpu_mnist_0/inst/u_tpu_top/u_layer_controller/u_tile_controller/output_addr0_w1 input pin design_1_i/tpu_mnist_0/inst/u_tpu_top/u_layer_controller/u_tile_controller/output_addr0_w1/A[2] is connected to registers with an asynchronous reset. This is preventing the possibility of merging these registers in to the DSP Block since the DSP block registers only possess synchronous reset capability.  It is suggested to recode or change these registers to remove the reset or use a synchronous reset to get the best optimization for performance, power and area.
Related violations: <none>

DPIR-2#105 Warning
Asynchronous driver check  
DSP design_1_i/tpu_mnist_0/inst/u_tpu_top/u_layer_controller/u_tile_controller/output_addr0_w1 input pin design_1_i/tpu_mnist_0/inst/u_tpu_top/u_layer_controller/u_tile_controller/output_addr0_w1/A[3] is connected to registers with an asynchronous reset. This is preventing the possibility of merging these registers in to the DSP Block since the DSP block registers only possess synchronous reset capability.  It is suggested to recode or change these registers to remove the reset or use a synchronous reset to get the best optimization for performance, power and area.
Related violations: <none>

DPIR-2#106 Warning
Asynchronous driver check  
DSP design_1_i/tpu_mnist_0/inst/u_tpu_top/u_layer_controller/u_tile_controller/output_addr0_w1 input pin design_1_i/tpu_mnist_0/inst/u_tpu_top/u_layer_controller/u_tile_controller/output_addr0_w1/A[4] is connected to registers with an asynchronous reset. This is preventing the possibility of merging these registers in to the DSP Block since the DSP block registers only possess synchronous reset capability.  It is suggested to recode or change these registers to remove the reset or use a synchronous reset to get the best optimization for performance, power and area.
Related violations: <none>

DPIR-2#107 Warning
Asynchronous driver check  
DSP design_1_i/tpu_mnist_0/inst/u_tpu_top/u_layer_controller/u_tile_controller/output_addr0_w1 input pin design_1_i/tpu_mnist_0/inst/u_tpu_top/u_layer_controller/u_tile_controller/output_addr0_w1/A[5] is connected to registers with an asynchronous reset. This is preventing the possibility of merging these registers in to the DSP Block since the DSP block registers only possess synchronous reset capability.  It is suggested to recode or change these registers to remove the reset or use a synchronous reset to get the best optimization for performance, power and area.
Related violations: <none>

DPIR-2#108 Warning
Asynchronous driver check  
DSP design_1_i/tpu_mnist_0/inst/u_tpu_top/u_layer_controller/u_tile_controller/output_addr0_w1 input pin design_1_i/tpu_mnist_0/inst/u_tpu_top/u_layer_controller/u_tile_controller/output_addr0_w1/A[6] is connected to registers with an asynchronous reset. This is preventing the possibility of merging these registers in to the DSP Block since the DSP block registers only possess synchronous reset capability.  It is suggested to recode or change these registers to remove the reset or use a synchronous reset to get the best optimization for performance, power and area.
Related violations: <none>

DPIR-2#109 Warning
Asynchronous driver check  
DSP design_1_i/tpu_mnist_0/inst/u_tpu_top/u_layer_controller/u_tile_controller/output_addr0_w1 input pin design_1_i/tpu_mnist_0/inst/u_tpu_top/u_layer_controller/u_tile_controller/output_addr0_w1/A[7] is connected to registers with an asynchronous reset. This is preventing the possibility of merging these registers in to the DSP Block since the DSP block registers only possess synchronous reset capability.  It is suggested to recode or change these registers to remove the reset or use a synchronous reset to get the best optimization for performance, power and area.
Related violations: <none>

DPIR-2#110 Warning
Asynchronous driver check  
DSP design_1_i/tpu_mnist_0/inst/u_tpu_top/u_layer_controller/u_tile_controller/output_addr0_w1 input pin design_1_i/tpu_mnist_0/inst/u_tpu_top/u_layer_controller/u_tile_controller/output_addr0_w1/A[8] is connected to registers with an asynchronous reset. This is preventing the possibility of merging these registers in to the DSP Block since the DSP block registers only possess synchronous reset capability.  It is suggested to recode or change these registers to remove the reset or use a synchronous reset to get the best optimization for performance, power and area.
Related violations: <none>

DPIR-2#111 Warning
Asynchronous driver check  
DSP design_1_i/tpu_mnist_0/inst/u_tpu_top/u_layer_controller/u_tile_controller/output_addr0_w1 input pin design_1_i/tpu_mnist_0/inst/u_tpu_top/u_layer_controller/u_tile_controller/output_addr0_w1/A[9] is connected to registers with an asynchronous reset. This is preventing the possibility of merging these registers in to the DSP Block since the DSP block registers only possess synchronous reset capability.  It is suggested to recode or change these registers to remove the reset or use a synchronous reset to get the best optimization for performance, power and area.
Related violations: <none>

DPIR-2#112 Warning
Asynchronous driver check  
DSP design_1_i/tpu_mnist_0/inst/u_tpu_top/u_layer_controller/u_tile_controller/output_addr1_w1 input pin design_1_i/tpu_mnist_0/inst/u_tpu_top/u_layer_controller/u_tile_controller/output_addr1_w1/A[10] is connected to registers with an asynchronous reset. This is preventing the possibility of merging these registers in to the DSP Block since the DSP block registers only possess synchronous reset capability.  It is suggested to recode or change these registers to remove the reset or use a synchronous reset to get the best optimization for performance, power and area.
Related violations: <none>

DPIR-2#113 Warning
Asynchronous driver check  
DSP design_1_i/tpu_mnist_0/inst/u_tpu_top/u_layer_controller/u_tile_controller/output_addr1_w1 input pin design_1_i/tpu_mnist_0/inst/u_tpu_top/u_layer_controller/u_tile_controller/output_addr1_w1/A[11] is connected to registers with an asynchronous reset. This is preventing the possibility of merging these registers in to the DSP Block since the DSP block registers only possess synchronous reset capability.  It is suggested to recode or change these registers to remove the reset or use a synchronous reset to get the best optimization for performance, power and area.
Related violations: <none>

DPIR-2#114 Warning
Asynchronous driver check  
DSP design_1_i/tpu_mnist_0/inst/u_tpu_top/u_layer_controller/u_tile_controller/output_addr1_w1 input pin design_1_i/tpu_mnist_0/inst/u_tpu_top/u_layer_controller/u_tile_controller/output_addr1_w1/A[12] is connected to registers with an asynchronous reset. This is preventing the possibility of merging these registers in to the DSP Block since the DSP block registers only possess synchronous reset capability.  It is suggested to recode or change these registers to remove the reset or use a synchronous reset to get the best optimization for performance, power and area.
Related violations: <none>

DPIR-2#115 Warning
Asynchronous driver check  
DSP design_1_i/tpu_mnist_0/inst/u_tpu_top/u_layer_controller/u_tile_controller/output_addr1_w1 input pin design_1_i/tpu_mnist_0/inst/u_tpu_top/u_layer_controller/u_tile_controller/output_addr1_w1/A[13] is connected to registers with an asynchronous reset. This is preventing the possibility of merging these registers in to the DSP Block since the DSP block registers only possess synchronous reset capability.  It is suggested to recode or change these registers to remove the reset or use a synchronous reset to get the best optimization for performance, power and area.
Related violations: <none>

DPIR-2#116 Warning
Asynchronous driver check  
DSP design_1_i/tpu_mnist_0/inst/u_tpu_top/u_layer_controller/u_tile_controller/output_addr1_w1 input pin design_1_i/tpu_mnist_0/inst/u_tpu_top/u_layer_controller/u_tile_controller/output_addr1_w1/A[14] is connected to registers with an asynchronous reset. This is preventing the possibility of merging these registers in to the DSP Block since the DSP block registers only possess synchronous reset capability.  It is suggested to recode or change these registers to remove the reset or use a synchronous reset to get the best optimization for performance, power and area.
Related violations: <none>

DPIR-2#117 Warning
Asynchronous driver check  
DSP design_1_i/tpu_mnist_0/inst/u_tpu_top/u_layer_controller/u_tile_controller/output_addr1_w1 input pin design_1_i/tpu_mnist_0/inst/u_tpu_top/u_layer_controller/u_tile_controller/output_addr1_w1/A[15] is connected to registers with an asynchronous reset. This is preventing the possibility of merging these registers in to the DSP Block since the DSP block registers only possess synchronous reset capability.  It is suggested to recode or change these registers to remove the reset or use a synchronous reset to get the best optimization for performance, power and area.
Related violations: <none>

DPIR-2#118 Warning
Asynchronous driver check  
DSP design_1_i/tpu_mnist_0/inst/u_tpu_top/u_layer_controller/u_tile_controller/output_addr1_w1 input pin design_1_i/tpu_mnist_0/inst/u_tpu_top/u_layer_controller/u_tile_controller/output_addr1_w1/A[1] is connected to registers with an asynchronous reset. This is preventing the possibility of merging these registers in to the DSP Block since the DSP block registers only possess synchronous reset capability.  It is suggested to recode or change these registers to remove the reset or use a synchronous reset to get the best optimization for performance, power and area.
Related violations: <none>

DPIR-2#119 Warning
Asynchronous driver check  
DSP design_1_i/tpu_mnist_0/inst/u_tpu_top/u_layer_controller/u_tile_controller/output_addr1_w1 input pin design_1_i/tpu_mnist_0/inst/u_tpu_top/u_layer_controller/u_tile_controller/output_addr1_w1/A[2] is connected to registers with an asynchronous reset. This is preventing the possibility of merging these registers in to the DSP Block since the DSP block registers only possess synchronous reset capability.  It is suggested to recode or change these registers to remove the reset or use a synchronous reset to get the best optimization for performance, power and area.
Related violations: <none>

DPIR-2#120 Warning
Asynchronous driver check  
DSP design_1_i/tpu_mnist_0/inst/u_tpu_top/u_layer_controller/u_tile_controller/output_addr1_w1 input pin design_1_i/tpu_mnist_0/inst/u_tpu_top/u_layer_controller/u_tile_controller/output_addr1_w1/A[3] is connected to registers with an asynchronous reset. This is preventing the possibility of merging these registers in to the DSP Block since the DSP block registers only possess synchronous reset capability.  It is suggested to recode or change these registers to remove the reset or use a synchronous reset to get the best optimization for performance, power and area.
Related violations: <none>

DPIR-2#121 Warning
Asynchronous driver check  
DSP design_1_i/tpu_mnist_0/inst/u_tpu_top/u_layer_controller/u_tile_controller/output_addr1_w1 input pin design_1_i/tpu_mnist_0/inst/u_tpu_top/u_layer_controller/u_tile_controller/output_addr1_w1/A[4] is connected to registers with an asynchronous reset. This is preventing the possibility of merging these registers in to the DSP Block since the DSP block registers only possess synchronous reset capability.  It is suggested to recode or change these registers to remove the reset or use a synchronous reset to get the best optimization for performance, power and area.
Related violations: <none>

DPIR-2#122 Warning
Asynchronous driver check  
DSP design_1_i/tpu_mnist_0/inst/u_tpu_top/u_layer_controller/u_tile_controller/output_addr1_w1 input pin design_1_i/tpu_mnist_0/inst/u_tpu_top/u_layer_controller/u_tile_controller/output_addr1_w1/A[5] is connected to registers with an asynchronous reset. This is preventing the possibility of merging these registers in to the DSP Block since the DSP block registers only possess synchronous reset capability.  It is suggested to recode or change these registers to remove the reset or use a synchronous reset to get the best optimization for performance, power and area.
Related violations: <none>

DPIR-2#123 Warning
Asynchronous driver check  
DSP design_1_i/tpu_mnist_0/inst/u_tpu_top/u_layer_controller/u_tile_controller/output_addr1_w1 input pin design_1_i/tpu_mnist_0/inst/u_tpu_top/u_layer_controller/u_tile_controller/output_addr1_w1/A[6] is connected to registers with an asynchronous reset. This is preventing the possibility of merging these registers in to the DSP Block since the DSP block registers only possess synchronous reset capability.  It is suggested to recode or change these registers to remove the reset or use a synchronous reset to get the best optimization for performance, power and area.
Related violations: <none>

DPIR-2#124 Warning
Asynchronous driver check  
DSP design_1_i/tpu_mnist_0/inst/u_tpu_top/u_layer_controller/u_tile_controller/output_addr1_w1 input pin design_1_i/tpu_mnist_0/inst/u_tpu_top/u_layer_controller/u_tile_controller/output_addr1_w1/A[7] is connected to registers with an asynchronous reset. This is preventing the possibility of merging these registers in to the DSP Block since the DSP block registers only possess synchronous reset capability.  It is suggested to recode or change these registers to remove the reset or use a synchronous reset to get the best optimization for performance, power and area.
Related violations: <none>

DPIR-2#125 Warning
Asynchronous driver check  
DSP design_1_i/tpu_mnist_0/inst/u_tpu_top/u_layer_controller/u_tile_controller/output_addr1_w1 input pin design_1_i/tpu_mnist_0/inst/u_tpu_top/u_layer_controller/u_tile_controller/output_addr1_w1/A[8] is connected to registers with an asynchronous reset. This is preventing the possibility of merging these registers in to the DSP Block since the DSP block registers only possess synchronous reset capability.  It is suggested to recode or change these registers to remove the reset or use a synchronous reset to get the best optimization for performance, power and area.
Related violations: <none>

DPIR-2#126 Warning
Asynchronous driver check  
DSP design_1_i/tpu_mnist_0/inst/u_tpu_top/u_layer_controller/u_tile_controller/output_addr1_w1 input pin design_1_i/tpu_mnist_0/inst/u_tpu_top/u_layer_controller/u_tile_controller/output_addr1_w1/A[9] is connected to registers with an asynchronous reset. This is preventing the possibility of merging these registers in to the DSP Block since the DSP block registers only possess synchronous reset capability.  It is suggested to recode or change these registers to remove the reset or use a synchronous reset to get the best optimization for performance, power and area.
Related violations: <none>

DPIR-2#127 Warning
Asynchronous driver check  
DSP design_1_i/tpu_mnist_0/inst/u_tpu_top/u_maxpool2d_unit/in_channel_stride_w input pin design_1_i/tpu_mnist_0/inst/u_tpu_top/u_maxpool2d_unit/in_channel_stride_w/A[0] is connected to registers with an asynchronous reset. This is preventing the possibility of merging these registers in to the DSP Block since the DSP block registers only possess synchronous reset capability.  It is suggested to recode or change these registers to remove the reset or use a synchronous reset to get the best optimization for performance, power and area.
Related violations: <none>

DPIR-2#128 Warning
Asynchronous driver check  
DSP design_1_i/tpu_mnist_0/inst/u_tpu_top/u_maxpool2d_unit/in_channel_stride_w input pin design_1_i/tpu_mnist_0/inst/u_tpu_top/u_maxpool2d_unit/in_channel_stride_w/A[1] is connected to registers with an asynchronous reset. This is preventing the possibility of merging these registers in to the DSP Block since the DSP block registers only possess synchronous reset capability.  It is suggested to recode or change these registers to remove the reset or use a synchronous reset to get the best optimization for performance, power and area.
Related violations: <none>

DPIR-2#129 Warning
Asynchronous driver check  
DSP design_1_i/tpu_mnist_0/inst/u_tpu_top/u_maxpool2d_unit/in_channel_stride_w input pin design_1_i/tpu_mnist_0/inst/u_tpu_top/u_maxpool2d_unit/in_channel_stride_w/A[3] is connected to registers with an asynchronous reset. This is preventing the possibility of merging these registers in to the DSP Block since the DSP block registers only possess synchronous reset capability.  It is suggested to recode or change these registers to remove the reset or use a synchronous reset to get the best optimization for performance, power and area.
Related violations: <none>

DPIR-2#130 Warning
Asynchronous driver check  
DSP design_1_i/tpu_mnist_0/inst/u_tpu_top/u_maxpool2d_unit/in_channel_stride_w input pin design_1_i/tpu_mnist_0/inst/u_tpu_top/u_maxpool2d_unit/in_channel_stride_w/A[4] is connected to registers with an asynchronous reset. This is preventing the possibility of merging these registers in to the DSP Block since the DSP block registers only possess synchronous reset capability.  It is suggested to recode or change these registers to remove the reset or use a synchronous reset to get the best optimization for performance, power and area.
Related violations: <none>

DPIR-2#131 Warning
Asynchronous driver check  
DSP design_1_i/tpu_mnist_0/inst/u_tpu_top/u_maxpool2d_unit/in_channel_stride_w input pin design_1_i/tpu_mnist_0/inst/u_tpu_top/u_maxpool2d_unit/in_channel_stride_w/B[0] is connected to registers with an asynchronous reset. This is preventing the possibility of merging these registers in to the DSP Block since the DSP block registers only possess synchronous reset capability.  It is suggested to recode or change these registers to remove the reset or use a synchronous reset to get the best optimization for performance, power and area.
Related violations: <none>

DPIR-2#132 Warning
Asynchronous driver check  
DSP design_1_i/tpu_mnist_0/inst/u_tpu_top/u_maxpool2d_unit/in_channel_stride_w input pin design_1_i/tpu_mnist_0/inst/u_tpu_top/u_maxpool2d_unit/in_channel_stride_w/B[1] is connected to registers with an asynchronous reset. This is preventing the possibility of merging these registers in to the DSP Block since the DSP block registers only possess synchronous reset capability.  It is suggested to recode or change these registers to remove the reset or use a synchronous reset to get the best optimization for performance, power and area.
Related violations: <none>

DPIR-2#133 Warning
Asynchronous driver check  
DSP design_1_i/tpu_mnist_0/inst/u_tpu_top/u_maxpool2d_unit/in_channel_stride_w input pin design_1_i/tpu_mnist_0/inst/u_tpu_top/u_maxpool2d_unit/in_channel_stride_w/B[3] is connected to registers with an asynchronous reset. This is preventing the possibility of merging these registers in to the DSP Block since the DSP block registers only possess synchronous reset capability.  It is suggested to recode or change these registers to remove the reset or use a synchronous reset to get the best optimization for performance, power and area.
Related violations: <none>

DPIR-2#134 Warning
Asynchronous driver check  
DSP design_1_i/tpu_mnist_0/inst/u_tpu_top/u_maxpool2d_unit/in_channel_stride_w input pin design_1_i/tpu_mnist_0/inst/u_tpu_top/u_maxpool2d_unit/in_channel_stride_w/B[4] is connected to registers with an asynchronous reset. This is preventing the possibility of merging these registers in to the DSP Block since the DSP block registers only possess synchronous reset capability.  It is suggested to recode or change these registers to remove the reset or use a synchronous reset to get the best optimization for performance, power and area.
Related violations: <none>

DPIR-2#135 Warning
Asynchronous driver check  
DSP design_1_i/tpu_mnist_0/inst/u_tpu_top/u_maxpool2d_unit/out_channel_stride_w input pin design_1_i/tpu_mnist_0/inst/u_tpu_top/u_maxpool2d_unit/out_channel_stride_w/A[0] is connected to registers with an asynchronous reset. This is preventing the possibility of merging these registers in to the DSP Block since the DSP block registers only possess synchronous reset capability.  It is suggested to recode or change these registers to remove the reset or use a synchronous reset to get the best optimization for performance, power and area.
Related violations: <none>

DPIR-2#136 Warning
Asynchronous driver check  
DSP design_1_i/tpu_mnist_0/inst/u_tpu_top/u_maxpool2d_unit/out_channel_stride_w input pin design_1_i/tpu_mnist_0/inst/u_tpu_top/u_maxpool2d_unit/out_channel_stride_w/A[2] is connected to registers with an asynchronous reset. This is preventing the possibility of merging these registers in to the DSP Block since the DSP block registers only possess synchronous reset capability.  It is suggested to recode or change these registers to remove the reset or use a synchronous reset to get the best optimization for performance, power and area.
Related violations: <none>

DPIR-2#137 Warning
Asynchronous driver check  
DSP design_1_i/tpu_mnist_0/inst/u_tpu_top/u_maxpool2d_unit/out_channel_stride_w input pin design_1_i/tpu_mnist_0/inst/u_tpu_top/u_maxpool2d_unit/out_channel_stride_w/A[3] is connected to registers with an asynchronous reset. This is preventing the possibility of merging these registers in to the DSP Block since the DSP block registers only possess synchronous reset capability.  It is suggested to recode or change these registers to remove the reset or use a synchronous reset to get the best optimization for performance, power and area.
Related violations: <none>

DPIR-2#138 Warning
Asynchronous driver check  
DSP design_1_i/tpu_mnist_0/inst/u_tpu_top/u_maxpool2d_unit/out_channel_stride_w input pin design_1_i/tpu_mnist_0/inst/u_tpu_top/u_maxpool2d_unit/out_channel_stride_w/B[0] is connected to registers with an asynchronous reset. This is preventing the possibility of merging these registers in to the DSP Block since the DSP block registers only possess synchronous reset capability.  It is suggested to recode or change these registers to remove the reset or use a synchronous reset to get the best optimization for performance, power and area.
Related violations: <none>

DPIR-2#139 Warning
Asynchronous driver check  
DSP design_1_i/tpu_mnist_0/inst/u_tpu_top/u_maxpool2d_unit/out_channel_stride_w input pin design_1_i/tpu_mnist_0/inst/u_tpu_top/u_maxpool2d_unit/out_channel_stride_w/B[2] is connected to registers with an asynchronous reset. This is preventing the possibility of merging these registers in to the DSP Block since the DSP block registers only possess synchronous reset capability.  It is suggested to recode or change these registers to remove the reset or use a synchronous reset to get the best optimization for performance, power and area.
Related violations: <none>

DPIR-2#140 Warning
Asynchronous driver check  
DSP design_1_i/tpu_mnist_0/inst/u_tpu_top/u_maxpool2d_unit/out_channel_stride_w input pin design_1_i/tpu_mnist_0/inst/u_tpu_top/u_maxpool2d_unit/out_channel_stride_w/B[3] is connected to registers with an asynchronous reset. This is preventing the possibility of merging these registers in to the DSP Block since the DSP block registers only possess synchronous reset capability.  It is suggested to recode or change these registers to remove the reset or use a synchronous reset to get the best optimization for performance, power and area.
Related violations: <none>

DPIR-2#141 Warning
Asynchronous driver check  
DSP design_1_i/tpu_mnist_0/inst/u_tpu_top/u_maxpool2d_unit/read_addr_w input pin design_1_i/tpu_mnist_0/inst/u_tpu_top/u_maxpool2d_unit/read_addr_w/C[10] is connected to registers with an asynchronous reset. This is preventing the possibility of merging these registers in to the DSP Block since the DSP block registers only possess synchronous reset capability.  It is suggested to recode or change these registers to remove the reset or use a synchronous reset to get the best optimization for performance, power and area.
Related violations: <none>

DPIR-2#142 Warning
Asynchronous driver check  
DSP design_1_i/tpu_mnist_0/inst/u_tpu_top/u_maxpool2d_unit/read_addr_w input pin design_1_i/tpu_mnist_0/inst/u_tpu_top/u_maxpool2d_unit/read_addr_w/C[11] is connected to registers with an asynchronous reset. This is preventing the possibility of merging these registers in to the DSP Block since the DSP block registers only possess synchronous reset capability.  It is suggested to recode or change these registers to remove the reset or use a synchronous reset to get the best optimization for performance, power and area.
Related violations: <none>

DPIR-2#143 Warning
Asynchronous driver check  
DSP design_1_i/tpu_mnist_0/inst/u_tpu_top/u_maxpool2d_unit/read_addr_w input pin design_1_i/tpu_mnist_0/inst/u_tpu_top/u_maxpool2d_unit/read_addr_w/C[12] is connected to registers with an asynchronous reset. This is preventing the possibility of merging these registers in to the DSP Block since the DSP block registers only possess synchronous reset capability.  It is suggested to recode or change these registers to remove the reset or use a synchronous reset to get the best optimization for performance, power and area.
Related violations: <none>

DPIR-2#144 Warning
Asynchronous driver check  
DSP design_1_i/tpu_mnist_0/inst/u_tpu_top/u_maxpool2d_unit/read_addr_w input pin design_1_i/tpu_mnist_0/inst/u_tpu_top/u_maxpool2d_unit/read_addr_w/C[13] is connected to registers with an asynchronous reset. This is preventing the possibility of merging these registers in to the DSP Block since the DSP block registers only possess synchronous reset capability.  It is suggested to recode or change these registers to remove the reset or use a synchronous reset to get the best optimization for performance, power and area.
Related violations: <none>

DPIR-2#145 Warning
Asynchronous driver check  
DSP design_1_i/tpu_mnist_0/inst/u_tpu_top/u_maxpool2d_unit/read_addr_w input pin design_1_i/tpu_mnist_0/inst/u_tpu_top/u_maxpool2d_unit/read_addr_w/C[14] is connected to registers with an asynchronous reset. This is preventing the possibility of merging these registers in to the DSP Block since the DSP block registers only possess synchronous reset capability.  It is suggested to recode or change these registers to remove the reset or use a synchronous reset to get the best optimization for performance, power and area.
Related violations: <none>

DPIR-2#146 Warning
Asynchronous driver check  
DSP design_1_i/tpu_mnist_0/inst/u_tpu_top/u_maxpool2d_unit/read_addr_w input pin design_1_i/tpu_mnist_0/inst/u_tpu_top/u_maxpool2d_unit/read_addr_w/C[15] is connected to registers with an asynchronous reset. This is preventing the possibility of merging these registers in to the DSP Block since the DSP block registers only possess synchronous reset capability.  It is suggested to recode or change these registers to remove the reset or use a synchronous reset to get the best optimization for performance, power and area.
Related violations: <none>

DPIR-2#147 Warning
Asynchronous driver check  
DSP design_1_i/tpu_mnist_0/inst/u_tpu_top/u_maxpool2d_unit/read_addr_w input pin design_1_i/tpu_mnist_0/inst/u_tpu_top/u_maxpool2d_unit/read_addr_w/C[16] is connected to registers with an asynchronous reset. This is preventing the possibility of merging these registers in to the DSP Block since the DSP block registers only possess synchronous reset capability.  It is suggested to recode or change these registers to remove the reset or use a synchronous reset to get the best optimization for performance, power and area.
Related violations: <none>

DPIR-2#148 Warning
Asynchronous driver check  
DSP design_1_i/tpu_mnist_0/inst/u_tpu_top/u_maxpool2d_unit/read_addr_w input pin design_1_i/tpu_mnist_0/inst/u_tpu_top/u_maxpool2d_unit/read_addr_w/C[1] is connected to registers with an asynchronous reset. This is preventing the possibility of merging these registers in to the DSP Block since the DSP block registers only possess synchronous reset capability.  It is suggested to recode or change these registers to remove the reset or use a synchronous reset to get the best optimization for performance, power and area.
Related violations: <none>

DPIR-2#149 Warning
Asynchronous driver check  
DSP design_1_i/tpu_mnist_0/inst/u_tpu_top/u_maxpool2d_unit/read_addr_w input pin design_1_i/tpu_mnist_0/inst/u_tpu_top/u_maxpool2d_unit/read_addr_w/C[2] is connected to registers with an asynchronous reset. This is preventing the possibility of merging these registers in to the DSP Block since the DSP block registers only possess synchronous reset capability.  It is suggested to recode or change these registers to remove the reset or use a synchronous reset to get the best optimization for performance, power and area.
Related violations: <none>

DPIR-2#150 Warning
Asynchronous driver check  
DSP design_1_i/tpu_mnist_0/inst/u_tpu_top/u_maxpool2d_unit/read_addr_w input pin design_1_i/tpu_mnist_0/inst/u_tpu_top/u_maxpool2d_unit/read_addr_w/C[3] is connected to registers with an asynchronous reset. This is preventing the possibility of merging these registers in to the DSP Block since the DSP block registers only possess synchronous reset capability.  It is suggested to recode or change these registers to remove the reset or use a synchronous reset to get the best optimization for performance, power and area.
Related violations: <none>

DPIR-2#151 Warning
Asynchronous driver check  
DSP design_1_i/tpu_mnist_0/inst/u_tpu_top/u_maxpool2d_unit/read_addr_w input pin design_1_i/tpu_mnist_0/inst/u_tpu_top/u_maxpool2d_unit/read_addr_w/C[4] is connected to registers with an asynchronous reset. This is preventing the possibility of merging these registers in to the DSP Block since the DSP block registers only possess synchronous reset capability.  It is suggested to recode or change these registers to remove the reset or use a synchronous reset to get the best optimization for performance, power and area.
Related violations: <none>

DPIR-2#152 Warning
Asynchronous driver check  
DSP design_1_i/tpu_mnist_0/inst/u_tpu_top/u_maxpool2d_unit/read_addr_w input pin design_1_i/tpu_mnist_0/inst/u_tpu_top/u_maxpool2d_unit/read_addr_w/C[5] is connected to registers with an asynchronous reset. This is preventing the possibility of merging these registers in to the DSP Block since the DSP block registers only possess synchronous reset capability.  It is suggested to recode or change these registers to remove the reset or use a synchronous reset to get the best optimization for performance, power and area.
Related violations: <none>

DPIR-2#153 Warning
Asynchronous driver check  
DSP design_1_i/tpu_mnist_0/inst/u_tpu_top/u_maxpool2d_unit/read_addr_w input pin design_1_i/tpu_mnist_0/inst/u_tpu_top/u_maxpool2d_unit/read_addr_w/C[6] is connected to registers with an asynchronous reset. This is preventing the possibility of merging these registers in to the DSP Block since the DSP block registers only possess synchronous reset capability.  It is suggested to recode or change these registers to remove the reset or use a synchronous reset to get the best optimization for performance, power and area.
Related violations: <none>

DPIR-2#154 Warning
Asynchronous driver check  
DSP design_1_i/tpu_mnist_0/inst/u_tpu_top/u_maxpool2d_unit/read_addr_w input pin design_1_i/tpu_mnist_0/inst/u_tpu_top/u_maxpool2d_unit/read_addr_w/C[7] is connected to registers with an asynchronous reset. This is preventing the possibility of merging these registers in to the DSP Block since the DSP block registers only possess synchronous reset capability.  It is suggested to recode or change these registers to remove the reset or use a synchronous reset to get the best optimization for performance, power and area.
Related violations: <none>

DPIR-2#155 Warning
Asynchronous driver check  
DSP design_1_i/tpu_mnist_0/inst/u_tpu_top/u_maxpool2d_unit/read_addr_w input pin design_1_i/tpu_mnist_0/inst/u_tpu_top/u_maxpool2d_unit/read_addr_w/C[8] is connected to registers with an asynchronous reset. This is preventing the possibility of merging these registers in to the DSP Block since the DSP block registers only possess synchronous reset capability.  It is suggested to recode or change these registers to remove the reset or use a synchronous reset to get the best optimization for performance, power and area.
Related violations: <none>

DPIR-2#156 Warning
Asynchronous driver check  
DSP design_1_i/tpu_mnist_0/inst/u_tpu_top/u_maxpool2d_unit/read_addr_w input pin design_1_i/tpu_mnist_0/inst/u_tpu_top/u_maxpool2d_unit/read_addr_w/C[9] is connected to registers with an asynchronous reset. This is preventing the possibility of merging these registers in to the DSP Block since the DSP block registers only possess synchronous reset capability.  It is suggested to recode or change these registers to remove the reset or use a synchronous reset to get the best optimization for performance, power and area.
Related violations: <none>

DPIR-2#157 Warning
Asynchronous driver check  
DSP design_1_i/tpu_mnist_0/inst/u_tpu_top/u_maxpool2d_unit/read_addr_w1 input pin design_1_i/tpu_mnist_0/inst/u_tpu_top/u_maxpool2d_unit/read_addr_w1/A[0] is connected to registers with an asynchronous reset. This is preventing the possibility of merging these registers in to the DSP Block since the DSP block registers only possess synchronous reset capability.  It is suggested to recode or change these registers to remove the reset or use a synchronous reset to get the best optimization for performance, power and area.
Related violations: <none>

DPIR-2#158 Warning
Asynchronous driver check  
DSP design_1_i/tpu_mnist_0/inst/u_tpu_top/u_maxpool2d_unit/read_addr_w1 input pin design_1_i/tpu_mnist_0/inst/u_tpu_top/u_maxpool2d_unit/read_addr_w1/B[0] is connected to registers with an asynchronous reset. This is preventing the possibility of merging these registers in to the DSP Block since the DSP block registers only possess synchronous reset capability.  It is suggested to recode or change these registers to remove the reset or use a synchronous reset to get the best optimization for performance, power and area.
Related violations: <none>

DPIR-2#159 Warning
Asynchronous driver check  
DSP design_1_i/tpu_mnist_0/inst/u_tpu_top/u_maxpool2d_unit/read_addr_w1 input pin design_1_i/tpu_mnist_0/inst/u_tpu_top/u_maxpool2d_unit/read_addr_w1/B[1] is connected to registers with an asynchronous reset. This is preventing the possibility of merging these registers in to the DSP Block since the DSP block registers only possess synchronous reset capability.  It is suggested to recode or change these registers to remove the reset or use a synchronous reset to get the best optimization for performance, power and area.
Related violations: <none>

DPIR-2#160 Warning
Asynchronous driver check  
DSP design_1_i/tpu_mnist_0/inst/u_tpu_top/u_maxpool2d_unit/read_addr_w1 input pin design_1_i/tpu_mnist_0/inst/u_tpu_top/u_maxpool2d_unit/read_addr_w1/B[3] is connected to registers with an asynchronous reset. This is preventing the possibility of merging these registers in to the DSP Block since the DSP block registers only possess synchronous reset capability.  It is suggested to recode or change these registers to remove the reset or use a synchronous reset to get the best optimization for performance, power and area.
Related violations: <none>

DPIR-2#161 Warning
Asynchronous driver check  
DSP design_1_i/tpu_mnist_0/inst/u_tpu_top/u_maxpool2d_unit/read_addr_w1 input pin design_1_i/tpu_mnist_0/inst/u_tpu_top/u_maxpool2d_unit/read_addr_w1/B[4] is connected to registers with an asynchronous reset. This is preventing the possibility of merging these registers in to the DSP Block since the DSP block registers only possess synchronous reset capability.  It is suggested to recode or change these registers to remove the reset or use a synchronous reset to get the best optimization for performance, power and area.
Related violations: <none>

DPIR-2#162 Warning
Asynchronous driver check  
DSP design_1_i/tpu_mnist_0/inst/u_tpu_top/u_maxpool2d_unit/read_addr_w1 input pin design_1_i/tpu_mnist_0/inst/u_tpu_top/u_maxpool2d_unit/read_addr_w1/D[10] is connected to registers with an asynchronous reset. This is preventing the possibility of merging these registers in to the DSP Block since the DSP block registers only possess synchronous reset capability.  It is suggested to recode or change these registers to remove the reset or use a synchronous reset to get the best optimization for performance, power and area.
Related violations: <none>

DPIR-2#163 Warning
Asynchronous driver check  
DSP design_1_i/tpu_mnist_0/inst/u_tpu_top/u_maxpool2d_unit/read_addr_w1 input pin design_1_i/tpu_mnist_0/inst/u_tpu_top/u_maxpool2d_unit/read_addr_w1/D[11] is connected to registers with an asynchronous reset. This is preventing the possibility of merging these registers in to the DSP Block since the DSP block registers only possess synchronous reset capability.  It is suggested to recode or change these registers to remove the reset or use a synchronous reset to get the best optimization for performance, power and area.
Related violations: <none>

DPIR-2#164 Warning
Asynchronous driver check  
DSP design_1_i/tpu_mnist_0/inst/u_tpu_top/u_maxpool2d_unit/read_addr_w1 input pin design_1_i/tpu_mnist_0/inst/u_tpu_top/u_maxpool2d_unit/read_addr_w1/D[12] is connected to registers with an asynchronous reset. This is preventing the possibility of merging these registers in to the DSP Block since the DSP block registers only possess synchronous reset capability.  It is suggested to recode or change these registers to remove the reset or use a synchronous reset to get the best optimization for performance, power and area.
Related violations: <none>

DPIR-2#165 Warning
Asynchronous driver check  
DSP design_1_i/tpu_mnist_0/inst/u_tpu_top/u_maxpool2d_unit/read_addr_w1 input pin design_1_i/tpu_mnist_0/inst/u_tpu_top/u_maxpool2d_unit/read_addr_w1/D[13] is connected to registers with an asynchronous reset. This is preventing the possibility of merging these registers in to the DSP Block since the DSP block registers only possess synchronous reset capability.  It is suggested to recode or change these registers to remove the reset or use a synchronous reset to get the best optimization for performance, power and area.
Related violations: <none>

DPIR-2#166 Warning
Asynchronous driver check  
DSP design_1_i/tpu_mnist_0/inst/u_tpu_top/u_maxpool2d_unit/read_addr_w1 input pin design_1_i/tpu_mnist_0/inst/u_tpu_top/u_maxpool2d_unit/read_addr_w1/D[14] is connected to registers with an asynchronous reset. This is preventing the possibility of merging these registers in to the DSP Block since the DSP block registers only possess synchronous reset capability.  It is suggested to recode or change these registers to remove the reset or use a synchronous reset to get the best optimization for performance, power and area.
Related violations: <none>

DPIR-2#167 Warning
Asynchronous driver check  
DSP design_1_i/tpu_mnist_0/inst/u_tpu_top/u_maxpool2d_unit/read_addr_w1 input pin design_1_i/tpu_mnist_0/inst/u_tpu_top/u_maxpool2d_unit/read_addr_w1/D[15] is connected to registers with an asynchronous reset. This is preventing the possibility of merging these registers in to the DSP Block since the DSP block registers only possess synchronous reset capability.  It is suggested to recode or change these registers to remove the reset or use a synchronous reset to get the best optimization for performance, power and area.
Related violations: <none>

DPIR-2#168 Warning
Asynchronous driver check  
DSP design_1_i/tpu_mnist_0/inst/u_tpu_top/u_maxpool2d_unit/read_addr_w1 input pin design_1_i/tpu_mnist_0/inst/u_tpu_top/u_maxpool2d_unit/read_addr_w1/D[16] is connected to registers with an asynchronous reset. This is preventing the possibility of merging these registers in to the DSP Block since the DSP block registers only possess synchronous reset capability.  It is suggested to recode or change these registers to remove the reset or use a synchronous reset to get the best optimization for performance, power and area.
Related violations: <none>

DPIR-2#169 Warning
Asynchronous driver check  
DSP design_1_i/tpu_mnist_0/inst/u_tpu_top/u_maxpool2d_unit/read_addr_w1 input pin design_1_i/tpu_mnist_0/inst/u_tpu_top/u_maxpool2d_unit/read_addr_w1/D[1] is connected to registers with an asynchronous reset. This is preventing the possibility of merging these registers in to the DSP Block since the DSP block registers only possess synchronous reset capability.  It is suggested to recode or change these registers to remove the reset or use a synchronous reset to get the best optimization for performance, power and area.
Related violations: <none>

DPIR-2#170 Warning
Asynchronous driver check  
DSP design_1_i/tpu_mnist_0/inst/u_tpu_top/u_maxpool2d_unit/read_addr_w1 input pin design_1_i/tpu_mnist_0/inst/u_tpu_top/u_maxpool2d_unit/read_addr_w1/D[2] is connected to registers with an asynchronous reset. This is preventing the possibility of merging these registers in to the DSP Block since the DSP block registers only possess synchronous reset capability.  It is suggested to recode or change these registers to remove the reset or use a synchronous reset to get the best optimization for performance, power and area.
Related violations: <none>

DPIR-2#171 Warning
Asynchronous driver check  
DSP design_1_i/tpu_mnist_0/inst/u_tpu_top/u_maxpool2d_unit/read_addr_w1 input pin design_1_i/tpu_mnist_0/inst/u_tpu_top/u_maxpool2d_unit/read_addr_w1/D[3] is connected to registers with an asynchronous reset. This is preventing the possibility of merging these registers in to the DSP Block since the DSP block registers only possess synchronous reset capability.  It is suggested to recode or change these registers to remove the reset or use a synchronous reset to get the best optimization for performance, power and area.
Related violations: <none>

DPIR-2#172 Warning
Asynchronous driver check  
DSP design_1_i/tpu_mnist_0/inst/u_tpu_top/u_maxpool2d_unit/read_addr_w1 input pin design_1_i/tpu_mnist_0/inst/u_tpu_top/u_maxpool2d_unit/read_addr_w1/D[4] is connected to registers with an asynchronous reset. This is preventing the possibility of merging these registers in to the DSP Block since the DSP block registers only possess synchronous reset capability.  It is suggested to recode or change these registers to remove the reset or use a synchronous reset to get the best optimization for performance, power and area.
Related violations: <none>

DPIR-2#173 Warning
Asynchronous driver check  
DSP design_1_i/tpu_mnist_0/inst/u_tpu_top/u_maxpool2d_unit/read_addr_w1 input pin design_1_i/tpu_mnist_0/inst/u_tpu_top/u_maxpool2d_unit/read_addr_w1/D[5] is connected to registers with an asynchronous reset. This is preventing the possibility of merging these registers in to the DSP Block since the DSP block registers only possess synchronous reset capability.  It is suggested to recode or change these registers to remove the reset or use a synchronous reset to get the best optimization for performance, power and area.
Related violations: <none>

DPIR-2#174 Warning
Asynchronous driver check  
DSP design_1_i/tpu_mnist_0/inst/u_tpu_top/u_maxpool2d_unit/read_addr_w1 input pin design_1_i/tpu_mnist_0/inst/u_tpu_top/u_maxpool2d_unit/read_addr_w1/D[6] is connected to registers with an asynchronous reset. This is preventing the possibility of merging these registers in to the DSP Block since the DSP block registers only possess synchronous reset capability.  It is suggested to recode or change these registers to remove the reset or use a synchronous reset to get the best optimization for performance, power and area.
Related violations: <none>

DPIR-2#175 Warning
Asynchronous driver check  
DSP design_1_i/tpu_mnist_0/inst/u_tpu_top/u_maxpool2d_unit/read_addr_w1 input pin design_1_i/tpu_mnist_0/inst/u_tpu_top/u_maxpool2d_unit/read_addr_w1/D[7] is connected to registers with an asynchronous reset. This is preventing the possibility of merging these registers in to the DSP Block since the DSP block registers only possess synchronous reset capability.  It is suggested to recode or change these registers to remove the reset or use a synchronous reset to get the best optimization for performance, power and area.
Related violations: <none>

DPIR-2#176 Warning
Asynchronous driver check  
DSP design_1_i/tpu_mnist_0/inst/u_tpu_top/u_maxpool2d_unit/read_addr_w1 input pin design_1_i/tpu_mnist_0/inst/u_tpu_top/u_maxpool2d_unit/read_addr_w1/D[8] is connected to registers with an asynchronous reset. This is preventing the possibility of merging these registers in to the DSP Block since the DSP block registers only possess synchronous reset capability.  It is suggested to recode or change these registers to remove the reset or use a synchronous reset to get the best optimization for performance, power and area.
Related violations: <none>

DPIR-2#177 Warning
Asynchronous driver check  
DSP design_1_i/tpu_mnist_0/inst/u_tpu_top/u_maxpool2d_unit/read_addr_w1 input pin design_1_i/tpu_mnist_0/inst/u_tpu_top/u_maxpool2d_unit/read_addr_w1/D[9] is connected to registers with an asynchronous reset. This is preventing the possibility of merging these registers in to the DSP Block since the DSP block registers only possess synchronous reset capability.  It is suggested to recode or change these registers to remove the reset or use a synchronous reset to get the best optimization for performance, power and area.
Related violations: <none>

DPIR-2#178 Warning
Asynchronous driver check  
DSP design_1_i/tpu_mnist_0/inst/u_tpu_top/u_maxpool2d_unit/read_addr_w2 input pin design_1_i/tpu_mnist_0/inst/u_tpu_top/u_maxpool2d_unit/read_addr_w2/B[0] is connected to registers with an asynchronous reset. This is preventing the possibility of merging these registers in to the DSP Block since the DSP block registers only possess synchronous reset capability.  It is suggested to recode or change these registers to remove the reset or use a synchronous reset to get the best optimization for performance, power and area.
Related violations: <none>

DPIR-2#179 Warning
Asynchronous driver check  
DSP design_1_i/tpu_mnist_0/inst/u_tpu_top/u_maxpool2d_unit/read_addr_w2 input pin design_1_i/tpu_mnist_0/inst/u_tpu_top/u_maxpool2d_unit/read_addr_w2/B[10] is connected to registers with an asynchronous reset. This is preventing the possibility of merging these registers in to the DSP Block since the DSP block registers only possess synchronous reset capability.  It is suggested to recode or change these registers to remove the reset or use a synchronous reset to get the best optimization for performance, power and area.
Related violations: <none>

DPIR-2#180 Warning
Asynchronous driver check  
DSP design_1_i/tpu_mnist_0/inst/u_tpu_top/u_maxpool2d_unit/read_addr_w2 input pin design_1_i/tpu_mnist_0/inst/u_tpu_top/u_maxpool2d_unit/read_addr_w2/B[11] is connected to registers with an asynchronous reset. This is preventing the possibility of merging these registers in to the DSP Block since the DSP block registers only possess synchronous reset capability.  It is suggested to recode or change these registers to remove the reset or use a synchronous reset to get the best optimization for performance, power and area.
Related violations: <none>

DPIR-2#181 Warning
Asynchronous driver check  
DSP design_1_i/tpu_mnist_0/inst/u_tpu_top/u_maxpool2d_unit/read_addr_w2 input pin design_1_i/tpu_mnist_0/inst/u_tpu_top/u_maxpool2d_unit/read_addr_w2/B[12] is connected to registers with an asynchronous reset. This is preventing the possibility of merging these registers in to the DSP Block since the DSP block registers only possess synchronous reset capability.  It is suggested to recode or change these registers to remove the reset or use a synchronous reset to get the best optimization for performance, power and area.
Related violations: <none>

DPIR-2#182 Warning
Asynchronous driver check  
DSP design_1_i/tpu_mnist_0/inst/u_tpu_top/u_maxpool2d_unit/read_addr_w2 input pin design_1_i/tpu_mnist_0/inst/u_tpu_top/u_maxpool2d_unit/read_addr_w2/B[13] is connected to registers with an asynchronous reset. This is preventing the possibility of merging these registers in to the DSP Block since the DSP block registers only possess synchronous reset capability.  It is suggested to recode or change these registers to remove the reset or use a synchronous reset to get the best optimization for performance, power and area.
Related violations: <none>

DPIR-2#183 Warning
Asynchronous driver check  
DSP design_1_i/tpu_mnist_0/inst/u_tpu_top/u_maxpool2d_unit/read_addr_w2 input pin design_1_i/tpu_mnist_0/inst/u_tpu_top/u_maxpool2d_unit/read_addr_w2/B[14] is connected to registers with an asynchronous reset. This is preventing the possibility of merging these registers in to the DSP Block since the DSP block registers only possess synchronous reset capability.  It is suggested to recode or change these registers to remove the reset or use a synchronous reset to get the best optimization for performance, power and area.
Related violations: <none>

DPIR-2#184 Warning
Asynchronous driver check  
DSP design_1_i/tpu_mnist_0/inst/u_tpu_top/u_maxpool2d_unit/read_addr_w2 input pin design_1_i/tpu_mnist_0/inst/u_tpu_top/u_maxpool2d_unit/read_addr_w2/B[15] is connected to registers with an asynchronous reset. This is preventing the possibility of merging these registers in to the DSP Block since the DSP block registers only possess synchronous reset capability.  It is suggested to recode or change these registers to remove the reset or use a synchronous reset to get the best optimization for performance, power and area.
Related violations: <none>

DPIR-2#185 Warning
Asynchronous driver check  
DSP design_1_i/tpu_mnist_0/inst/u_tpu_top/u_maxpool2d_unit/read_addr_w2 input pin design_1_i/tpu_mnist_0/inst/u_tpu_top/u_maxpool2d_unit/read_addr_w2/B[1] is connected to registers with an asynchronous reset. This is preventing the possibility of merging these registers in to the DSP Block since the DSP block registers only possess synchronous reset capability.  It is suggested to recode or change these registers to remove the reset or use a synchronous reset to get the best optimization for performance, power and area.
Related violations: <none>

DPIR-2#186 Warning
Asynchronous driver check  
DSP design_1_i/tpu_mnist_0/inst/u_tpu_top/u_maxpool2d_unit/read_addr_w2 input pin design_1_i/tpu_mnist_0/inst/u_tpu_top/u_maxpool2d_unit/read_addr_w2/B[2] is connected to registers with an asynchronous reset. This is preventing the possibility of merging these registers in to the DSP Block since the DSP block registers only possess synchronous reset capability.  It is suggested to recode or change these registers to remove the reset or use a synchronous reset to get the best optimization for performance, power and area.
Related violations: <none>

DPIR-2#187 Warning
Asynchronous driver check  
DSP design_1_i/tpu_mnist_0/inst/u_tpu_top/u_maxpool2d_unit/read_addr_w2 input pin design_1_i/tpu_mnist_0/inst/u_tpu_top/u_maxpool2d_unit/read_addr_w2/B[3] is connected to registers with an asynchronous reset. This is preventing the possibility of merging these registers in to the DSP Block since the DSP block registers only possess synchronous reset capability.  It is suggested to recode or change these registers to remove the reset or use a synchronous reset to get the best optimization for performance, power and area.
Related violations: <none>

DPIR-2#188 Warning
Asynchronous driver check  
DSP design_1_i/tpu_mnist_0/inst/u_tpu_top/u_maxpool2d_unit/read_addr_w2 input pin design_1_i/tpu_mnist_0/inst/u_tpu_top/u_maxpool2d_unit/read_addr_w2/B[4] is connected to registers with an asynchronous reset. This is preventing the possibility of merging these registers in to the DSP Block since the DSP block registers only possess synchronous reset capability.  It is suggested to recode or change these registers to remove the reset or use a synchronous reset to get the best optimization for performance, power and area.
Related violations: <none>

DPIR-2#189 Warning
Asynchronous driver check  
DSP design_1_i/tpu_mnist_0/inst/u_tpu_top/u_maxpool2d_unit/read_addr_w2 input pin design_1_i/tpu_mnist_0/inst/u_tpu_top/u_maxpool2d_unit/read_addr_w2/B[5] is connected to registers with an asynchronous reset. This is preventing the possibility of merging these registers in to the DSP Block since the DSP block registers only possess synchronous reset capability.  It is suggested to recode or change these registers to remove the reset or use a synchronous reset to get the best optimization for performance, power and area.
Related violations: <none>

DPIR-2#190 Warning
Asynchronous driver check  
DSP design_1_i/tpu_mnist_0/inst/u_tpu_top/u_maxpool2d_unit/read_addr_w2 input pin design_1_i/tpu_mnist_0/inst/u_tpu_top/u_maxpool2d_unit/read_addr_w2/B[6] is connected to registers with an asynchronous reset. This is preventing the possibility of merging these registers in to the DSP Block since the DSP block registers only possess synchronous reset capability.  It is suggested to recode or change these registers to remove the reset or use a synchronous reset to get the best optimization for performance, power and area.
Related violations: <none>

DPIR-2#191 Warning
Asynchronous driver check  
DSP design_1_i/tpu_mnist_0/inst/u_tpu_top/u_maxpool2d_unit/read_addr_w2 input pin design_1_i/tpu_mnist_0/inst/u_tpu_top/u_maxpool2d_unit/read_addr_w2/B[7] is connected to registers with an asynchronous reset. This is preventing the possibility of merging these registers in to the DSP Block since the DSP block registers only possess synchronous reset capability.  It is suggested to recode or change these registers to remove the reset or use a synchronous reset to get the best optimization for performance, power and area.
Related violations: <none>

DPIR-2#192 Warning
Asynchronous driver check  
DSP design_1_i/tpu_mnist_0/inst/u_tpu_top/u_maxpool2d_unit/read_addr_w2 input pin design_1_i/tpu_mnist_0/inst/u_tpu_top/u_maxpool2d_unit/read_addr_w2/B[8] is connected to registers with an asynchronous reset. This is preventing the possibility of merging these registers in to the DSP Block since the DSP block registers only possess synchronous reset capability.  It is suggested to recode or change these registers to remove the reset or use a synchronous reset to get the best optimization for performance, power and area.
Related violations: <none>

DPIR-2#193 Warning
Asynchronous driver check  
DSP design_1_i/tpu_mnist_0/inst/u_tpu_top/u_maxpool2d_unit/read_addr_w2 input pin design_1_i/tpu_mnist_0/inst/u_tpu_top/u_maxpool2d_unit/read_addr_w2/B[9] is connected to registers with an asynchronous reset. This is preventing the possibility of merging these registers in to the DSP Block since the DSP block registers only possess synchronous reset capability.  It is suggested to recode or change these registers to remove the reset or use a synchronous reset to get the best optimization for performance, power and area.
Related violations: <none>

DPIR-2#194 Warning
Asynchronous driver check  
DSP design_1_i/tpu_mnist_0/inst/u_tpu_top/u_maxpool2d_unit/read_addr_w2__0 input pin design_1_i/tpu_mnist_0/inst/u_tpu_top/u_maxpool2d_unit/read_addr_w2__0/A[0] is connected to registers with an asynchronous reset. This is preventing the possibility of merging these registers in to the DSP Block since the DSP block registers only possess synchronous reset capability.  It is suggested to recode or change these registers to remove the reset or use a synchronous reset to get the best optimization for performance, power and area.
Related violations: <none>

DPIR-2#195 Warning
Asynchronous driver check  
DSP design_1_i/tpu_mnist_0/inst/u_tpu_top/u_maxpool2d_unit/read_addr_w2__0 input pin design_1_i/tpu_mnist_0/inst/u_tpu_top/u_maxpool2d_unit/read_addr_w2__0/A[10] is connected to registers with an asynchronous reset. This is preventing the possibility of merging these registers in to the DSP Block since the DSP block registers only possess synchronous reset capability.  It is suggested to recode or change these registers to remove the reset or use a synchronous reset to get the best optimization for performance, power and area.
Related violations: <none>

DPIR-2#196 Warning
Asynchronous driver check  
DSP design_1_i/tpu_mnist_0/inst/u_tpu_top/u_maxpool2d_unit/read_addr_w2__0 input pin design_1_i/tpu_mnist_0/inst/u_tpu_top/u_maxpool2d_unit/read_addr_w2__0/A[11] is connected to registers with an asynchronous reset. This is preventing the possibility of merging these registers in to the DSP Block since the DSP block registers only possess synchronous reset capability.  It is suggested to recode or change these registers to remove the reset or use a synchronous reset to get the best optimization for performance, power and area.
Related violations: <none>

DPIR-2#197 Warning
Asynchronous driver check  
DSP design_1_i/tpu_mnist_0/inst/u_tpu_top/u_maxpool2d_unit/read_addr_w2__0 input pin design_1_i/tpu_mnist_0/inst/u_tpu_top/u_maxpool2d_unit/read_addr_w2__0/A[12] is connected to registers with an asynchronous reset. This is preventing the possibility of merging these registers in to the DSP Block since the DSP block registers only possess synchronous reset capability.  It is suggested to recode or change these registers to remove the reset or use a synchronous reset to get the best optimization for performance, power and area.
Related violations: <none>

DPIR-2#198 Warning
Asynchronous driver check  
DSP design_1_i/tpu_mnist_0/inst/u_tpu_top/u_maxpool2d_unit/read_addr_w2__0 input pin design_1_i/tpu_mnist_0/inst/u_tpu_top/u_maxpool2d_unit/read_addr_w2__0/A[13] is connected to registers with an asynchronous reset. This is preventing the possibility of merging these registers in to the DSP Block since the DSP block registers only possess synchronous reset capability.  It is suggested to recode or change these registers to remove the reset or use a synchronous reset to get the best optimization for performance, power and area.
Related violations: <none>

DPIR-2#199 Warning
Asynchronous driver check  
DSP design_1_i/tpu_mnist_0/inst/u_tpu_top/u_maxpool2d_unit/read_addr_w2__0 input pin design_1_i/tpu_mnist_0/inst/u_tpu_top/u_maxpool2d_unit/read_addr_w2__0/A[14] is connected to registers with an asynchronous reset. This is preventing the possibility of merging these registers in to the DSP Block since the DSP block registers only possess synchronous reset capability.  It is suggested to recode or change these registers to remove the reset or use a synchronous reset to get the best optimization for performance, power and area.
Related violations: <none>

DPIR-2#200 Warning
Asynchronous driver check  
DSP design_1_i/tpu_mnist_0/inst/u_tpu_top/u_maxpool2d_unit/read_addr_w2__0 input pin design_1_i/tpu_mnist_0/inst/u_tpu_top/u_maxpool2d_unit/read_addr_w2__0/A[15] is connected to registers with an asynchronous reset. This is preventing the possibility of merging these registers in to the DSP Block since the DSP block registers only possess synchronous reset capability.  It is suggested to recode or change these registers to remove the reset or use a synchronous reset to get the best optimization for performance, power and area.
Related violations: <none>

DPIR-2#201 Warning
Asynchronous driver check  
DSP design_1_i/tpu_mnist_0/inst/u_tpu_top/u_maxpool2d_unit/read_addr_w2__0 input pin design_1_i/tpu_mnist_0/inst/u_tpu_top/u_maxpool2d_unit/read_addr_w2__0/A[1] is connected to registers with an asynchronous reset. This is preventing the possibility of merging these registers in to the DSP Block since the DSP block registers only possess synchronous reset capability.  It is suggested to recode or change these registers to remove the reset or use a synchronous reset to get the best optimization for performance, power and area.
Related violations: <none>

DPIR-2#202 Warning
Asynchronous driver check  
DSP design_1_i/tpu_mnist_0/inst/u_tpu_top/u_maxpool2d_unit/read_addr_w2__0 input pin design_1_i/tpu_mnist_0/inst/u_tpu_top/u_maxpool2d_unit/read_addr_w2__0/A[2] is connected to registers with an asynchronous reset. This is preventing the possibility of merging these registers in to the DSP Block since the DSP block registers only possess synchronous reset capability.  It is suggested to recode or change these registers to remove the reset or use a synchronous reset to get the best optimization for performance, power and area.
Related violations: <none>

DPIR-2#203 Warning
Asynchronous driver check  
DSP design_1_i/tpu_mnist_0/inst/u_tpu_top/u_maxpool2d_unit/read_addr_w2__0 input pin design_1_i/tpu_mnist_0/inst/u_tpu_top/u_maxpool2d_unit/read_addr_w2__0/A[3] is connected to registers with an asynchronous reset. This is preventing the possibility of merging these registers in to the DSP Block since the DSP block registers only possess synchronous reset capability.  It is suggested to recode or change these registers to remove the reset or use a synchronous reset to get the best optimization for performance, power and area.
Related violations: <none>

DPIR-2#204 Warning
Asynchronous driver check  
DSP design_1_i/tpu_mnist_0/inst/u_tpu_top/u_maxpool2d_unit/read_addr_w2__0 input pin design_1_i/tpu_mnist_0/inst/u_tpu_top/u_maxpool2d_unit/read_addr_w2__0/A[4] is connected to registers with an asynchronous reset. This is preventing the possibility of merging these registers in to the DSP Block since the DSP block registers only possess synchronous reset capability.  It is suggested to recode or change these registers to remove the reset or use a synchronous reset to get the best optimization for performance, power and area.
Related violations: <none>

DPIR-2#205 Warning
Asynchronous driver check  
DSP design_1_i/tpu_mnist_0/inst/u_tpu_top/u_maxpool2d_unit/read_addr_w2__0 input pin design_1_i/tpu_mnist_0/inst/u_tpu_top/u_maxpool2d_unit/read_addr_w2__0/A[5] is connected to registers with an asynchronous reset. This is preventing the possibility of merging these registers in to the DSP Block since the DSP block registers only possess synchronous reset capability.  It is suggested to recode or change these registers to remove the reset or use a synchronous reset to get the best optimization for performance, power and area.
Related violations: <none>

DPIR-2#206 Warning
Asynchronous driver check  
DSP design_1_i/tpu_mnist_0/inst/u_tpu_top/u_maxpool2d_unit/read_addr_w2__0 input pin design_1_i/tpu_mnist_0/inst/u_tpu_top/u_maxpool2d_unit/read_addr_w2__0/A[6] is connected to registers with an asynchronous reset. This is preventing the possibility of merging these registers in to the DSP Block since the DSP block registers only possess synchronous reset capability.  It is suggested to recode or change these registers to remove the reset or use a synchronous reset to get the best optimization for performance, power and area.
Related violations: <none>

DPIR-2#207 Warning
Asynchronous driver check  
DSP design_1_i/tpu_mnist_0/inst/u_tpu_top/u_maxpool2d_unit/read_addr_w2__0 input pin design_1_i/tpu_mnist_0/inst/u_tpu_top/u_maxpool2d_unit/read_addr_w2__0/A[7] is connected to registers with an asynchronous reset. This is preventing the possibility of merging these registers in to the DSP Block since the DSP block registers only possess synchronous reset capability.  It is suggested to recode or change these registers to remove the reset or use a synchronous reset to get the best optimization for performance, power and area.
Related violations: <none>

DPIR-2#208 Warning
Asynchronous driver check  
DSP design_1_i/tpu_mnist_0/inst/u_tpu_top/u_maxpool2d_unit/read_addr_w2__0 input pin design_1_i/tpu_mnist_0/inst/u_tpu_top/u_maxpool2d_unit/read_addr_w2__0/A[8] is connected to registers with an asynchronous reset. This is preventing the possibility of merging these registers in to the DSP Block since the DSP block registers only possess synchronous reset capability.  It is suggested to recode or change these registers to remove the reset or use a synchronous reset to get the best optimization for performance, power and area.
Related violations: <none>

DPIR-2#209 Warning
Asynchronous driver check  
DSP design_1_i/tpu_mnist_0/inst/u_tpu_top/u_maxpool2d_unit/read_addr_w2__0 input pin design_1_i/tpu_mnist_0/inst/u_tpu_top/u_maxpool2d_unit/read_addr_w2__0/A[9] is connected to registers with an asynchronous reset. This is preventing the possibility of merging these registers in to the DSP Block since the DSP block registers only possess synchronous reset capability.  It is suggested to recode or change these registers to remove the reset or use a synchronous reset to get the best optimization for performance, power and area.
Related violations: <none>

DPIR-2#210 Warning
Asynchronous driver check  
DSP design_1_i/tpu_mnist_0/inst/u_tpu_top/u_maxpool2d_unit/read_addr_w__0 input pin design_1_i/tpu_mnist_0/inst/u_tpu_top/u_maxpool2d_unit/read_addr_w__0/B[0] is connected to registers with an asynchronous reset. This is preventing the possibility of merging these registers in to the DSP Block since the DSP block registers only possess synchronous reset capability.  It is suggested to recode or change these registers to remove the reset or use a synchronous reset to get the best optimization for performance, power and area.
Related violations: <none>

DPIR-2#211 Warning
Asynchronous driver check  
DSP design_1_i/tpu_mnist_0/inst/u_tpu_top/u_maxpool2d_unit/write_addr_w1 input pin design_1_i/tpu_mnist_0/inst/u_tpu_top/u_maxpool2d_unit/write_addr_w1/A[0] is connected to registers with an asynchronous reset. This is preventing the possibility of merging these registers in to the DSP Block since the DSP block registers only possess synchronous reset capability.  It is suggested to recode or change these registers to remove the reset or use a synchronous reset to get the best optimization for performance, power and area.
Related violations: <none>

DPIR-2#212 Warning
Asynchronous driver check  
DSP design_1_i/tpu_mnist_0/inst/u_tpu_top/u_maxpool2d_unit/write_addr_w1 input pin design_1_i/tpu_mnist_0/inst/u_tpu_top/u_maxpool2d_unit/write_addr_w1/A[10] is connected to registers with an asynchronous reset. This is preventing the possibility of merging these registers in to the DSP Block since the DSP block registers only possess synchronous reset capability.  It is suggested to recode or change these registers to remove the reset or use a synchronous reset to get the best optimization for performance, power and area.
Related violations: <none>

DPIR-2#213 Warning
Asynchronous driver check  
DSP design_1_i/tpu_mnist_0/inst/u_tpu_top/u_maxpool2d_unit/write_addr_w1 input pin design_1_i/tpu_mnist_0/inst/u_tpu_top/u_maxpool2d_unit/write_addr_w1/A[11] is connected to registers with an asynchronous reset. This is preventing the possibility of merging these registers in to the DSP Block since the DSP block registers only possess synchronous reset capability.  It is suggested to recode or change these registers to remove the reset or use a synchronous reset to get the best optimization for performance, power and area.
Related violations: <none>

DPIR-2#214 Warning
Asynchronous driver check  
DSP design_1_i/tpu_mnist_0/inst/u_tpu_top/u_maxpool2d_unit/write_addr_w1 input pin design_1_i/tpu_mnist_0/inst/u_tpu_top/u_maxpool2d_unit/write_addr_w1/A[12] is connected to registers with an asynchronous reset. This is preventing the possibility of merging these registers in to the DSP Block since the DSP block registers only possess synchronous reset capability.  It is suggested to recode or change these registers to remove the reset or use a synchronous reset to get the best optimization for performance, power and area.
Related violations: <none>

DPIR-2#215 Warning
Asynchronous driver check  
DSP design_1_i/tpu_mnist_0/inst/u_tpu_top/u_maxpool2d_unit/write_addr_w1 input pin design_1_i/tpu_mnist_0/inst/u_tpu_top/u_maxpool2d_unit/write_addr_w1/A[13] is connected to registers with an asynchronous reset. This is preventing the possibility of merging these registers in to the DSP Block since the DSP block registers only possess synchronous reset capability.  It is suggested to recode or change these registers to remove the reset or use a synchronous reset to get the best optimization for performance, power and area.
Related violations: <none>

DPIR-2#216 Warning
Asynchronous driver check  
DSP design_1_i/tpu_mnist_0/inst/u_tpu_top/u_maxpool2d_unit/write_addr_w1 input pin design_1_i/tpu_mnist_0/inst/u_tpu_top/u_maxpool2d_unit/write_addr_w1/A[14] is connected to registers with an asynchronous reset. This is preventing the possibility of merging these registers in to the DSP Block since the DSP block registers only possess synchronous reset capability.  It is suggested to recode or change these registers to remove the reset or use a synchronous reset to get the best optimization for performance, power and area.
Related violations: <none>

DPIR-2#217 Warning
Asynchronous driver check  
DSP design_1_i/tpu_mnist_0/inst/u_tpu_top/u_maxpool2d_unit/write_addr_w1 input pin design_1_i/tpu_mnist_0/inst/u_tpu_top/u_maxpool2d_unit/write_addr_w1/A[15] is connected to registers with an asynchronous reset. This is preventing the possibility of merging these registers in to the DSP Block since the DSP block registers only possess synchronous reset capability.  It is suggested to recode or change these registers to remove the reset or use a synchronous reset to get the best optimization for performance, power and area.
Related violations: <none>

DPIR-2#218 Warning
Asynchronous driver check  
DSP design_1_i/tpu_mnist_0/inst/u_tpu_top/u_maxpool2d_unit/write_addr_w1 input pin design_1_i/tpu_mnist_0/inst/u_tpu_top/u_maxpool2d_unit/write_addr_w1/A[1] is connected to registers with an asynchronous reset. This is preventing the possibility of merging these registers in to the DSP Block since the DSP block registers only possess synchronous reset capability.  It is suggested to recode or change these registers to remove the reset or use a synchronous reset to get the best optimization for performance, power and area.
Related violations: <none>

DPIR-2#219 Warning
Asynchronous driver check  
DSP design_1_i/tpu_mnist_0/inst/u_tpu_top/u_maxpool2d_unit/write_addr_w1 input pin design_1_i/tpu_mnist_0/inst/u_tpu_top/u_maxpool2d_unit/write_addr_w1/A[2] is connected to registers with an asynchronous reset. This is preventing the possibility of merging these registers in to the DSP Block since the DSP block registers only possess synchronous reset capability.  It is suggested to recode or change these registers to remove the reset or use a synchronous reset to get the best optimization for performance, power and area.
Related violations: <none>

DPIR-2#220 Warning
Asynchronous driver check  
DSP design_1_i/tpu_mnist_0/inst/u_tpu_top/u_maxpool2d_unit/write_addr_w1 input pin design_1_i/tpu_mnist_0/inst/u_tpu_top/u_maxpool2d_unit/write_addr_w1/A[3] is connected to registers with an asynchronous reset. This is preventing the possibility of merging these registers in to the DSP Block since the DSP block registers only possess synchronous reset capability.  It is suggested to recode or change these registers to remove the reset or use a synchronous reset to get the best optimization for performance, power and area.
Related violations: <none>

DPIR-2#221 Warning
Asynchronous driver check  
DSP design_1_i/tpu_mnist_0/inst/u_tpu_top/u_maxpool2d_unit/write_addr_w1 input pin design_1_i/tpu_mnist_0/inst/u_tpu_top/u_maxpool2d_unit/write_addr_w1/A[4] is connected to registers with an asynchronous reset. This is preventing the possibility of merging these registers in to the DSP Block since the DSP block registers only possess synchronous reset capability.  It is suggested to recode or change these registers to remove the reset or use a synchronous reset to get the best optimization for performance, power and area.
Related violations: <none>

DPIR-2#222 Warning
Asynchronous driver check  
DSP design_1_i/tpu_mnist_0/inst/u_tpu_top/u_maxpool2d_unit/write_addr_w1 input pin design_1_i/tpu_mnist_0/inst/u_tpu_top/u_maxpool2d_unit/write_addr_w1/A[5] is connected to registers with an asynchronous reset. This is preventing the possibility of merging these registers in to the DSP Block since the DSP block registers only possess synchronous reset capability.  It is suggested to recode or change these registers to remove the reset or use a synchronous reset to get the best optimization for performance, power and area.
Related violations: <none>

DPIR-2#223 Warning
Asynchronous driver check  
DSP design_1_i/tpu_mnist_0/inst/u_tpu_top/u_maxpool2d_unit/write_addr_w1 input pin design_1_i/tpu_mnist_0/inst/u_tpu_top/u_maxpool2d_unit/write_addr_w1/A[6] is connected to registers with an asynchronous reset. This is preventing the possibility of merging these registers in to the DSP Block since the DSP block registers only possess synchronous reset capability.  It is suggested to recode or change these registers to remove the reset or use a synchronous reset to get the best optimization for performance, power and area.
Related violations: <none>

DPIR-2#224 Warning
Asynchronous driver check  
DSP design_1_i/tpu_mnist_0/inst/u_tpu_top/u_maxpool2d_unit/write_addr_w1 input pin design_1_i/tpu_mnist_0/inst/u_tpu_top/u_maxpool2d_unit/write_addr_w1/A[7] is connected to registers with an asynchronous reset. This is preventing the possibility of merging these registers in to the DSP Block since the DSP block registers only possess synchronous reset capability.  It is suggested to recode or change these registers to remove the reset or use a synchronous reset to get the best optimization for performance, power and area.
Related violations: <none>

DPIR-2#225 Warning
Asynchronous driver check  
DSP design_1_i/tpu_mnist_0/inst/u_tpu_top/u_maxpool2d_unit/write_addr_w1 input pin design_1_i/tpu_mnist_0/inst/u_tpu_top/u_maxpool2d_unit/write_addr_w1/A[8] is connected to registers with an asynchronous reset. This is preventing the possibility of merging these registers in to the DSP Block since the DSP block registers only possess synchronous reset capability.  It is suggested to recode or change these registers to remove the reset or use a synchronous reset to get the best optimization for performance, power and area.
Related violations: <none>

DPIR-2#226 Warning
Asynchronous driver check  
DSP design_1_i/tpu_mnist_0/inst/u_tpu_top/u_maxpool2d_unit/write_addr_w1 input pin design_1_i/tpu_mnist_0/inst/u_tpu_top/u_maxpool2d_unit/write_addr_w1/A[9] is connected to registers with an asynchronous reset. This is preventing the possibility of merging these registers in to the DSP Block since the DSP block registers only possess synchronous reset capability.  It is suggested to recode or change these registers to remove the reset or use a synchronous reset to get the best optimization for performance, power and area.
Related violations: <none>

DPIR-2#227 Warning
Asynchronous driver check  
DSP design_1_i/tpu_mnist_0/inst/u_tpu_top/u_maxpool2d_unit/write_addr_w1 input pin design_1_i/tpu_mnist_0/inst/u_tpu_top/u_maxpool2d_unit/write_addr_w1/B[0] is connected to registers with an asynchronous reset. This is preventing the possibility of merging these registers in to the DSP Block since the DSP block registers only possess synchronous reset capability.  It is suggested to recode or change these registers to remove the reset or use a synchronous reset to get the best optimization for performance, power and area.
Related violations: <none>

DPIR-2#228 Warning
Asynchronous driver check  
DSP design_1_i/tpu_mnist_0/inst/u_tpu_top/u_maxpool2d_unit/write_addr_w1 input pin design_1_i/tpu_mnist_0/inst/u_tpu_top/u_maxpool2d_unit/write_addr_w1/B[2] is connected to registers with an asynchronous reset. This is preventing the possibility of merging these registers in to the DSP Block since the DSP block registers only possess synchronous reset capability.  It is suggested to recode or change these registers to remove the reset or use a synchronous reset to get the best optimization for performance, power and area.
Related violations: <none>

DPIR-2#229 Warning
Asynchronous driver check  
DSP design_1_i/tpu_mnist_0/inst/u_tpu_top/u_maxpool2d_unit/write_addr_w1 input pin design_1_i/tpu_mnist_0/inst/u_tpu_top/u_maxpool2d_unit/write_addr_w1/B[3] is connected to registers with an asynchronous reset. This is preventing the possibility of merging these registers in to the DSP Block since the DSP block registers only possess synchronous reset capability.  It is suggested to recode or change these registers to remove the reset or use a synchronous reset to get the best optimization for performance, power and area.
Related violations: <none>

DPIR-2#230 Warning
Asynchronous driver check  
DSP design_1_i/tpu_mnist_0/inst/u_tpu_top/u_maxpool2d_unit/write_addr_w1 input pin design_1_i/tpu_mnist_0/inst/u_tpu_top/u_maxpool2d_unit/write_addr_w1/C[0] is connected to registers with an asynchronous reset. This is preventing the possibility of merging these registers in to the DSP Block since the DSP block registers only possess synchronous reset capability.  It is suggested to recode or change these registers to remove the reset or use a synchronous reset to get the best optimization for performance, power and area.
Related violations: <none>

DPIR-2#231 Warning
Asynchronous driver check  
DSP design_1_i/tpu_mnist_0/inst/u_tpu_top/u_maxpool2d_unit/write_addr_w1 input pin design_1_i/tpu_mnist_0/inst/u_tpu_top/u_maxpool2d_unit/write_addr_w1/C[10] is connected to registers with an asynchronous reset. This is preventing the possibility of merging these registers in to the DSP Block since the DSP block registers only possess synchronous reset capability.  It is suggested to recode or change these registers to remove the reset or use a synchronous reset to get the best optimization for performance, power and area.
Related violations: <none>

DPIR-2#232 Warning
Asynchronous driver check  
DSP design_1_i/tpu_mnist_0/inst/u_tpu_top/u_maxpool2d_unit/write_addr_w1 input pin design_1_i/tpu_mnist_0/inst/u_tpu_top/u_maxpool2d_unit/write_addr_w1/C[11] is connected to registers with an asynchronous reset. This is preventing the possibility of merging these registers in to the DSP Block since the DSP block registers only possess synchronous reset capability.  It is suggested to recode or change these registers to remove the reset or use a synchronous reset to get the best optimization for performance, power and area.
Related violations: <none>

DPIR-2#233 Warning
Asynchronous driver check  
DSP design_1_i/tpu_mnist_0/inst/u_tpu_top/u_maxpool2d_unit/write_addr_w1 input pin design_1_i/tpu_mnist_0/inst/u_tpu_top/u_maxpool2d_unit/write_addr_w1/C[12] is connected to registers with an asynchronous reset. This is preventing the possibility of merging these registers in to the DSP Block since the DSP block registers only possess synchronous reset capability.  It is suggested to recode or change these registers to remove the reset or use a synchronous reset to get the best optimization for performance, power and area.
Related violations: <none>

DPIR-2#234 Warning
Asynchronous driver check  
DSP design_1_i/tpu_mnist_0/inst/u_tpu_top/u_maxpool2d_unit/write_addr_w1 input pin design_1_i/tpu_mnist_0/inst/u_tpu_top/u_maxpool2d_unit/write_addr_w1/C[13] is connected to registers with an asynchronous reset. This is preventing the possibility of merging these registers in to the DSP Block since the DSP block registers only possess synchronous reset capability.  It is suggested to recode or change these registers to remove the reset or use a synchronous reset to get the best optimization for performance, power and area.
Related violations: <none>

DPIR-2#235 Warning
Asynchronous driver check  
DSP design_1_i/tpu_mnist_0/inst/u_tpu_top/u_maxpool2d_unit/write_addr_w1 input pin design_1_i/tpu_mnist_0/inst/u_tpu_top/u_maxpool2d_unit/write_addr_w1/C[14] is connected to registers with an asynchronous reset. This is preventing the possibility of merging these registers in to the DSP Block since the DSP block registers only possess synchronous reset capability.  It is suggested to recode or change these registers to remove the reset or use a synchronous reset to get the best optimization for performance, power and area.
Related violations: <none>

DPIR-2#236 Warning
Asynchronous driver check  
DSP design_1_i/tpu_mnist_0/inst/u_tpu_top/u_maxpool2d_unit/write_addr_w1 input pin design_1_i/tpu_mnist_0/inst/u_tpu_top/u_maxpool2d_unit/write_addr_w1/C[15] is connected to registers with an asynchronous reset. This is preventing the possibility of merging these registers in to the DSP Block since the DSP block registers only possess synchronous reset capability.  It is suggested to recode or change these registers to remove the reset or use a synchronous reset to get the best optimization for performance, power and area.
Related violations: <none>

DPIR-2#237 Warning
Asynchronous driver check  
DSP design_1_i/tpu_mnist_0/inst/u_tpu_top/u_maxpool2d_unit/write_addr_w1 input pin design_1_i/tpu_mnist_0/inst/u_tpu_top/u_maxpool2d_unit/write_addr_w1/C[1] is connected to registers with an asynchronous reset. This is preventing the possibility of merging these registers in to the DSP Block since the DSP block registers only possess synchronous reset capability.  It is suggested to recode or change these registers to remove the reset or use a synchronous reset to get the best optimization for performance, power and area.
Related violations: <none>

DPIR-2#238 Warning
Asynchronous driver check  
DSP design_1_i/tpu_mnist_0/inst/u_tpu_top/u_maxpool2d_unit/write_addr_w1 input pin design_1_i/tpu_mnist_0/inst/u_tpu_top/u_maxpool2d_unit/write_addr_w1/C[2] is connected to registers with an asynchronous reset. This is preventing the possibility of merging these registers in to the DSP Block since the DSP block registers only possess synchronous reset capability.  It is suggested to recode or change these registers to remove the reset or use a synchronous reset to get the best optimization for performance, power and area.
Related violations: <none>

DPIR-2#239 Warning
Asynchronous driver check  
DSP design_1_i/tpu_mnist_0/inst/u_tpu_top/u_maxpool2d_unit/write_addr_w1 input pin design_1_i/tpu_mnist_0/inst/u_tpu_top/u_maxpool2d_unit/write_addr_w1/C[3] is connected to registers with an asynchronous reset. This is preventing the possibility of merging these registers in to the DSP Block since the DSP block registers only possess synchronous reset capability.  It is suggested to recode or change these registers to remove the reset or use a synchronous reset to get the best optimization for performance, power and area.
Related violations: <none>

DPIR-2#240 Warning
Asynchronous driver check  
DSP design_1_i/tpu_mnist_0/inst/u_tpu_top/u_maxpool2d_unit/write_addr_w1 input pin design_1_i/tpu_mnist_0/inst/u_tpu_top/u_maxpool2d_unit/write_addr_w1/C[4] is connected to registers with an asynchronous reset. This is preventing the possibility of merging these registers in to the DSP Block since the DSP block registers only possess synchronous reset capability.  It is suggested to recode or change these registers to remove the reset or use a synchronous reset to get the best optimization for performance, power and area.
Related violations: <none>

DPIR-2#241 Warning
Asynchronous driver check  
DSP design_1_i/tpu_mnist_0/inst/u_tpu_top/u_maxpool2d_unit/write_addr_w1 input pin design_1_i/tpu_mnist_0/inst/u_tpu_top/u_maxpool2d_unit/write_addr_w1/C[5] is connected to registers with an asynchronous reset. This is preventing the possibility of merging these registers in to the DSP Block since the DSP block registers only possess synchronous reset capability.  It is suggested to recode or change these registers to remove the reset or use a synchronous reset to get the best optimization for performance, power and area.
Related violations: <none>

DPIR-2#242 Warning
Asynchronous driver check  
DSP design_1_i/tpu_mnist_0/inst/u_tpu_top/u_maxpool2d_unit/write_addr_w1 input pin design_1_i/tpu_mnist_0/inst/u_tpu_top/u_maxpool2d_unit/write_addr_w1/C[6] is connected to registers with an asynchronous reset. This is preventing the possibility of merging these registers in to the DSP Block since the DSP block registers only possess synchronous reset capability.  It is suggested to recode or change these registers to remove the reset or use a synchronous reset to get the best optimization for performance, power and area.
Related violations: <none>

DPIR-2#243 Warning
Asynchronous driver check  
DSP design_1_i/tpu_mnist_0/inst/u_tpu_top/u_maxpool2d_unit/write_addr_w1 input pin design_1_i/tpu_mnist_0/inst/u_tpu_top/u_maxpool2d_unit/write_addr_w1/C[7] is connected to registers with an asynchronous reset. This is preventing the possibility of merging these registers in to the DSP Block since the DSP block registers only possess synchronous reset capability.  It is suggested to recode or change these registers to remove the reset or use a synchronous reset to get the best optimization for performance, power and area.
Related violations: <none>

DPIR-2#244 Warning
Asynchronous driver check  
DSP design_1_i/tpu_mnist_0/inst/u_tpu_top/u_maxpool2d_unit/write_addr_w1 input pin design_1_i/tpu_mnist_0/inst/u_tpu_top/u_maxpool2d_unit/write_addr_w1/C[8] is connected to registers with an asynchronous reset. This is preventing the possibility of merging these registers in to the DSP Block since the DSP block registers only possess synchronous reset capability.  It is suggested to recode or change these registers to remove the reset or use a synchronous reset to get the best optimization for performance, power and area.
Related violations: <none>

DPIR-2#245 Warning
Asynchronous driver check  
DSP design_1_i/tpu_mnist_0/inst/u_tpu_top/u_maxpool2d_unit/write_addr_w1 input pin design_1_i/tpu_mnist_0/inst/u_tpu_top/u_maxpool2d_unit/write_addr_w1/C[9] is connected to registers with an asynchronous reset. This is preventing the possibility of merging these registers in to the DSP Block since the DSP block registers only possess synchronous reset capability.  It is suggested to recode or change these registers to remove the reset or use a synchronous reset to get the best optimization for performance, power and area.
Related violations: <none>

DPIR-2#246 Warning
Asynchronous driver check  
DSP design_1_i/tpu_mnist_0/inst/u_tpu_top/u_maxpool2d_unit/write_addr_w2 input pin design_1_i/tpu_mnist_0/inst/u_tpu_top/u_maxpool2d_unit/write_addr_w2/B[0] is connected to registers with an asynchronous reset. This is preventing the possibility of merging these registers in to the DSP Block since the DSP block registers only possess synchronous reset capability.  It is suggested to recode or change these registers to remove the reset or use a synchronous reset to get the best optimization for performance, power and area.
Related violations: <none>

DPIR-2#247 Warning
Asynchronous driver check  
DSP design_1_i/tpu_mnist_0/inst/u_tpu_top/u_maxpool2d_unit/write_addr_w2 input pin design_1_i/tpu_mnist_0/inst/u_tpu_top/u_maxpool2d_unit/write_addr_w2/B[10] is connected to registers with an asynchronous reset. This is preventing the possibility of merging these registers in to the DSP Block since the DSP block registers only possess synchronous reset capability.  It is suggested to recode or change these registers to remove the reset or use a synchronous reset to get the best optimization for performance, power and area.
Related violations: <none>

DPIR-2#248 Warning
Asynchronous driver check  
DSP design_1_i/tpu_mnist_0/inst/u_tpu_top/u_maxpool2d_unit/write_addr_w2 input pin design_1_i/tpu_mnist_0/inst/u_tpu_top/u_maxpool2d_unit/write_addr_w2/B[11] is connected to registers with an asynchronous reset. This is preventing the possibility of merging these registers in to the DSP Block since the DSP block registers only possess synchronous reset capability.  It is suggested to recode or change these registers to remove the reset or use a synchronous reset to get the best optimization for performance, power and area.
Related violations: <none>

DPIR-2#249 Warning
Asynchronous driver check  
DSP design_1_i/tpu_mnist_0/inst/u_tpu_top/u_maxpool2d_unit/write_addr_w2 input pin design_1_i/tpu_mnist_0/inst/u_tpu_top/u_maxpool2d_unit/write_addr_w2/B[12] is connected to registers with an asynchronous reset. This is preventing the possibility of merging these registers in to the DSP Block since the DSP block registers only possess synchronous reset capability.  It is suggested to recode or change these registers to remove the reset or use a synchronous reset to get the best optimization for performance, power and area.
Related violations: <none>

DPIR-2#250 Warning
Asynchronous driver check  
DSP design_1_i/tpu_mnist_0/inst/u_tpu_top/u_maxpool2d_unit/write_addr_w2 input pin design_1_i/tpu_mnist_0/inst/u_tpu_top/u_maxpool2d_unit/write_addr_w2/B[13] is connected to registers with an asynchronous reset. This is preventing the possibility of merging these registers in to the DSP Block since the DSP block registers only possess synchronous reset capability.  It is suggested to recode or change these registers to remove the reset or use a synchronous reset to get the best optimization for performance, power and area.
Related violations: <none>

DPIR-2#251 Warning
Asynchronous driver check  
DSP design_1_i/tpu_mnist_0/inst/u_tpu_top/u_maxpool2d_unit/write_addr_w2 input pin design_1_i/tpu_mnist_0/inst/u_tpu_top/u_maxpool2d_unit/write_addr_w2/B[14] is connected to registers with an asynchronous reset. This is preventing the possibility of merging these registers in to the DSP Block since the DSP block registers only possess synchronous reset capability.  It is suggested to recode or change these registers to remove the reset or use a synchronous reset to get the best optimization for performance, power and area.
Related violations: <none>

DPIR-2#252 Warning
Asynchronous driver check  
DSP design_1_i/tpu_mnist_0/inst/u_tpu_top/u_maxpool2d_unit/write_addr_w2 input pin design_1_i/tpu_mnist_0/inst/u_tpu_top/u_maxpool2d_unit/write_addr_w2/B[15] is connected to registers with an asynchronous reset. This is preventing the possibility of merging these registers in to the DSP Block since the DSP block registers only possess synchronous reset capability.  It is suggested to recode or change these registers to remove the reset or use a synchronous reset to get the best optimization for performance, power and area.
Related violations: <none>

DPIR-2#253 Warning
Asynchronous driver check  
DSP design_1_i/tpu_mnist_0/inst/u_tpu_top/u_maxpool2d_unit/write_addr_w2 input pin design_1_i/tpu_mnist_0/inst/u_tpu_top/u_maxpool2d_unit/write_addr_w2/B[1] is connected to registers with an asynchronous reset. This is preventing the possibility of merging these registers in to the DSP Block since the DSP block registers only possess synchronous reset capability.  It is suggested to recode or change these registers to remove the reset or use a synchronous reset to get the best optimization for performance, power and area.
Related violations: <none>

DPIR-2#254 Warning
Asynchronous driver check  
DSP design_1_i/tpu_mnist_0/inst/u_tpu_top/u_maxpool2d_unit/write_addr_w2 input pin design_1_i/tpu_mnist_0/inst/u_tpu_top/u_maxpool2d_unit/write_addr_w2/B[2] is connected to registers with an asynchronous reset. This is preventing the possibility of merging these registers in to the DSP Block since the DSP block registers only possess synchronous reset capability.  It is suggested to recode or change these registers to remove the reset or use a synchronous reset to get the best optimization for performance, power and area.
Related violations: <none>

DPIR-2#255 Warning
Asynchronous driver check  
DSP design_1_i/tpu_mnist_0/inst/u_tpu_top/u_maxpool2d_unit/write_addr_w2 input pin design_1_i/tpu_mnist_0/inst/u_tpu_top/u_maxpool2d_unit/write_addr_w2/B[3] is connected to registers with an asynchronous reset. This is preventing the possibility of merging these registers in to the DSP Block since the DSP block registers only possess synchronous reset capability.  It is suggested to recode or change these registers to remove the reset or use a synchronous reset to get the best optimization for performance, power and area.
Related violations: <none>

DPIR-2#256 Warning
Asynchronous driver check  
DSP design_1_i/tpu_mnist_0/inst/u_tpu_top/u_maxpool2d_unit/write_addr_w2 input pin design_1_i/tpu_mnist_0/inst/u_tpu_top/u_maxpool2d_unit/write_addr_w2/B[4] is connected to registers with an asynchronous reset. This is preventing the possibility of merging these registers in to the DSP Block since the DSP block registers only possess synchronous reset capability.  It is suggested to recode or change these registers to remove the reset or use a synchronous reset to get the best optimization for performance, power and area.
Related violations: <none>

DPIR-2#257 Warning
Asynchronous driver check  
DSP design_1_i/tpu_mnist_0/inst/u_tpu_top/u_maxpool2d_unit/write_addr_w2 input pin design_1_i/tpu_mnist_0/inst/u_tpu_top/u_maxpool2d_unit/write_addr_w2/B[5] is connected to registers with an asynchronous reset. This is preventing the possibility of merging these registers in to the DSP Block since the DSP block registers only possess synchronous reset capability.  It is suggested to recode or change these registers to remove the reset or use a synchronous reset to get the best optimization for performance, power and area.
Related violations: <none>

DPIR-2#258 Warning
Asynchronous driver check  
DSP design_1_i/tpu_mnist_0/inst/u_tpu_top/u_maxpool2d_unit/write_addr_w2 input pin design_1_i/tpu_mnist_0/inst/u_tpu_top/u_maxpool2d_unit/write_addr_w2/B[6] is connected to registers with an asynchronous reset. This is preventing the possibility of merging these registers in to the DSP Block since the DSP block registers only possess synchronous reset capability.  It is suggested to recode or change these registers to remove the reset or use a synchronous reset to get the best optimization for performance, power and area.
Related violations: <none>

DPIR-2#259 Warning
Asynchronous driver check  
DSP design_1_i/tpu_mnist_0/inst/u_tpu_top/u_maxpool2d_unit/write_addr_w2 input pin design_1_i/tpu_mnist_0/inst/u_tpu_top/u_maxpool2d_unit/write_addr_w2/B[7] is connected to registers with an asynchronous reset. This is preventing the possibility of merging these registers in to the DSP Block since the DSP block registers only possess synchronous reset capability.  It is suggested to recode or change these registers to remove the reset or use a synchronous reset to get the best optimization for performance, power and area.
Related violations: <none>

DPIR-2#260 Warning
Asynchronous driver check  
DSP design_1_i/tpu_mnist_0/inst/u_tpu_top/u_maxpool2d_unit/write_addr_w2 input pin design_1_i/tpu_mnist_0/inst/u_tpu_top/u_maxpool2d_unit/write_addr_w2/B[8] is connected to registers with an asynchronous reset. This is preventing the possibility of merging these registers in to the DSP Block since the DSP block registers only possess synchronous reset capability.  It is suggested to recode or change these registers to remove the reset or use a synchronous reset to get the best optimization for performance, power and area.
Related violations: <none>

DPIR-2#261 Warning
Asynchronous driver check  
DSP design_1_i/tpu_mnist_0/inst/u_tpu_top/u_maxpool2d_unit/write_addr_w2 input pin design_1_i/tpu_mnist_0/inst/u_tpu_top/u_maxpool2d_unit/write_addr_w2/B[9] is connected to registers with an asynchronous reset. This is preventing the possibility of merging these registers in to the DSP Block since the DSP block registers only possess synchronous reset capability.  It is suggested to recode or change these registers to remove the reset or use a synchronous reset to get the best optimization for performance, power and area.
Related violations: <none>

DPIR-2#262 Warning
Asynchronous driver check  
DSP design_1_i/tpu_mnist_0/inst/u_tpu_top/u_maxpool2d_unit/write_addr_w2__0 input pin design_1_i/tpu_mnist_0/inst/u_tpu_top/u_maxpool2d_unit/write_addr_w2__0/A[0] is connected to registers with an asynchronous reset. This is preventing the possibility of merging these registers in to the DSP Block since the DSP block registers only possess synchronous reset capability.  It is suggested to recode or change these registers to remove the reset or use a synchronous reset to get the best optimization for performance, power and area.
Related violations: <none>

DPIR-2#263 Warning
Asynchronous driver check  
DSP design_1_i/tpu_mnist_0/inst/u_tpu_top/u_maxpool2d_unit/write_addr_w2__0 input pin design_1_i/tpu_mnist_0/inst/u_tpu_top/u_maxpool2d_unit/write_addr_w2__0/A[10] is connected to registers with an asynchronous reset. This is preventing the possibility of merging these registers in to the DSP Block since the DSP block registers only possess synchronous reset capability.  It is suggested to recode or change these registers to remove the reset or use a synchronous reset to get the best optimization for performance, power and area.
Related violations: <none>

DPIR-2#264 Warning
Asynchronous driver check  
DSP design_1_i/tpu_mnist_0/inst/u_tpu_top/u_maxpool2d_unit/write_addr_w2__0 input pin design_1_i/tpu_mnist_0/inst/u_tpu_top/u_maxpool2d_unit/write_addr_w2__0/A[11] is connected to registers with an asynchronous reset. This is preventing the possibility of merging these registers in to the DSP Block since the DSP block registers only possess synchronous reset capability.  It is suggested to recode or change these registers to remove the reset or use a synchronous reset to get the best optimization for performance, power and area.
Related violations: <none>

DPIR-2#265 Warning
Asynchronous driver check  
DSP design_1_i/tpu_mnist_0/inst/u_tpu_top/u_maxpool2d_unit/write_addr_w2__0 input pin design_1_i/tpu_mnist_0/inst/u_tpu_top/u_maxpool2d_unit/write_addr_w2__0/A[12] is connected to registers with an asynchronous reset. This is preventing the possibility of merging these registers in to the DSP Block since the DSP block registers only possess synchronous reset capability.  It is suggested to recode or change these registers to remove the reset or use a synchronous reset to get the best optimization for performance, power and area.
Related violations: <none>

DPIR-2#266 Warning
Asynchronous driver check  
DSP design_1_i/tpu_mnist_0/inst/u_tpu_top/u_maxpool2d_unit/write_addr_w2__0 input pin design_1_i/tpu_mnist_0/inst/u_tpu_top/u_maxpool2d_unit/write_addr_w2__0/A[13] is connected to registers with an asynchronous reset. This is preventing the possibility of merging these registers in to the DSP Block since the DSP block registers only possess synchronous reset capability.  It is suggested to recode or change these registers to remove the reset or use a synchronous reset to get the best optimization for performance, power and area.
Related violations: <none>

DPIR-2#267 Warning
Asynchronous driver check  
DSP design_1_i/tpu_mnist_0/inst/u_tpu_top/u_maxpool2d_unit/write_addr_w2__0 input pin design_1_i/tpu_mnist_0/inst/u_tpu_top/u_maxpool2d_unit/write_addr_w2__0/A[14] is connected to registers with an asynchronous reset. This is preventing the possibility of merging these registers in to the DSP Block since the DSP block registers only possess synchronous reset capability.  It is suggested to recode or change these registers to remove the reset or use a synchronous reset to get the best optimization for performance, power and area.
Related violations: <none>

DPIR-2#268 Warning
Asynchronous driver check  
DSP design_1_i/tpu_mnist_0/inst/u_tpu_top/u_maxpool2d_unit/write_addr_w2__0 input pin design_1_i/tpu_mnist_0/inst/u_tpu_top/u_maxpool2d_unit/write_addr_w2__0/A[15] is connected to registers with an asynchronous reset. This is preventing the possibility of merging these registers in to the DSP Block since the DSP block registers only possess synchronous reset capability.  It is suggested to recode or change these registers to remove the reset or use a synchronous reset to get the best optimization for performance, power and area.
Related violations: <none>

DPIR-2#269 Warning
Asynchronous driver check  
DSP design_1_i/tpu_mnist_0/inst/u_tpu_top/u_maxpool2d_unit/write_addr_w2__0 input pin design_1_i/tpu_mnist_0/inst/u_tpu_top/u_maxpool2d_unit/write_addr_w2__0/A[1] is connected to registers with an asynchronous reset. This is preventing the possibility of merging these registers in to the DSP Block since the DSP block registers only possess synchronous reset capability.  It is suggested to recode or change these registers to remove the reset or use a synchronous reset to get the best optimization for performance, power and area.
Related violations: <none>

DPIR-2#270 Warning
Asynchronous driver check  
DSP design_1_i/tpu_mnist_0/inst/u_tpu_top/u_maxpool2d_unit/write_addr_w2__0 input pin design_1_i/tpu_mnist_0/inst/u_tpu_top/u_maxpool2d_unit/write_addr_w2__0/A[2] is connected to registers with an asynchronous reset. This is preventing the possibility of merging these registers in to the DSP Block since the DSP block registers only possess synchronous reset capability.  It is suggested to recode or change these registers to remove the reset or use a synchronous reset to get the best optimization for performance, power and area.
Related violations: <none>

DPIR-2#271 Warning
Asynchronous driver check  
DSP design_1_i/tpu_mnist_0/inst/u_tpu_top/u_maxpool2d_unit/write_addr_w2__0 input pin design_1_i/tpu_mnist_0/inst/u_tpu_top/u_maxpool2d_unit/write_addr_w2__0/A[3] is connected to registers with an asynchronous reset. This is preventing the possibility of merging these registers in to the DSP Block since the DSP block registers only possess synchronous reset capability.  It is suggested to recode or change these registers to remove the reset or use a synchronous reset to get the best optimization for performance, power and area.
Related violations: <none>

DPIR-2#272 Warning
Asynchronous driver check  
DSP design_1_i/tpu_mnist_0/inst/u_tpu_top/u_maxpool2d_unit/write_addr_w2__0 input pin design_1_i/tpu_mnist_0/inst/u_tpu_top/u_maxpool2d_unit/write_addr_w2__0/A[4] is connected to registers with an asynchronous reset. This is preventing the possibility of merging these registers in to the DSP Block since the DSP block registers only possess synchronous reset capability.  It is suggested to recode or change these registers to remove the reset or use a synchronous reset to get the best optimization for performance, power and area.
Related violations: <none>

DPIR-2#273 Warning
Asynchronous driver check  
DSP design_1_i/tpu_mnist_0/inst/u_tpu_top/u_maxpool2d_unit/write_addr_w2__0 input pin design_1_i/tpu_mnist_0/inst/u_tpu_top/u_maxpool2d_unit/write_addr_w2__0/A[5] is connected to registers with an asynchronous reset. This is preventing the possibility of merging these registers in to the DSP Block since the DSP block registers only possess synchronous reset capability.  It is suggested to recode or change these registers to remove the reset or use a synchronous reset to get the best optimization for performance, power and area.
Related violations: <none>

DPIR-2#274 Warning
Asynchronous driver check  
DSP design_1_i/tpu_mnist_0/inst/u_tpu_top/u_maxpool2d_unit/write_addr_w2__0 input pin design_1_i/tpu_mnist_0/inst/u_tpu_top/u_maxpool2d_unit/write_addr_w2__0/A[6] is connected to registers with an asynchronous reset. This is preventing the possibility of merging these registers in to the DSP Block since the DSP block registers only possess synchronous reset capability.  It is suggested to recode or change these registers to remove the reset or use a synchronous reset to get the best optimization for performance, power and area.
Related violations: <none>

DPIR-2#275 Warning
Asynchronous driver check  
DSP design_1_i/tpu_mnist_0/inst/u_tpu_top/u_maxpool2d_unit/write_addr_w2__0 input pin design_1_i/tpu_mnist_0/inst/u_tpu_top/u_maxpool2d_unit/write_addr_w2__0/A[7] is connected to registers with an asynchronous reset. This is preventing the possibility of merging these registers in to the DSP Block since the DSP block registers only possess synchronous reset capability.  It is suggested to recode or change these registers to remove the reset or use a synchronous reset to get the best optimization for performance, power and area.
Related violations: <none>

DPIR-2#276 Warning
Asynchronous driver check  
DSP design_1_i/tpu_mnist_0/inst/u_tpu_top/u_maxpool2d_unit/write_addr_w2__0 input pin design_1_i/tpu_mnist_0/inst/u_tpu_top/u_maxpool2d_unit/write_addr_w2__0/A[8] is connected to registers with an asynchronous reset. This is preventing the possibility of merging these registers in to the DSP Block since the DSP block registers only possess synchronous reset capability.  It is suggested to recode or change these registers to remove the reset or use a synchronous reset to get the best optimization for performance, power and area.
Related violations: <none>

DPIR-2#277 Warning
Asynchronous driver check  
DSP design_1_i/tpu_mnist_0/inst/u_tpu_top/u_maxpool2d_unit/write_addr_w2__0 input pin design_1_i/tpu_mnist_0/inst/u_tpu_top/u_maxpool2d_unit/write_addr_w2__0/A[9] is connected to registers with an asynchronous reset. This is preventing the possibility of merging these registers in to the DSP Block since the DSP block registers only possess synchronous reset capability.  It is suggested to recode or change these registers to remove the reset or use a synchronous reset to get the best optimization for performance, power and area.
Related violations: <none>


