Copyright 1986-2022 Xilinx, Inc. All Rights Reserved. Copyright 2022-2025 Advanced Micro Devices, Inc. All Rights Reserved.
-----------------------------------------------------------------------------------------------------------------------------------------------------------------------------------------------------------------------------------------------------------------
| Tool Version      : Vivado v.2025.2 (lin64) Build 6299465 Fri Nov 14 12:34:56 MST 2025
| Date              : Thu May 28 16:20:45 2026
| Host              : pah-PC running 64-bit Ubuntu 24.04.4 LTS
| Command           : report_timing_summary -max_paths 10 -routable_nets -report_unconstrained -file design_1_wrapper_timing_summary_routed.rpt -pb design_1_wrapper_timing_summary_routed.pb -rpx design_1_wrapper_timing_summary_routed.rpx -warn_on_violation
| Design            : design_1_wrapper
| Device            : xczu7ev-ffvc1156
| Speed File        : -2  PRODUCTION 1.30 05-15-2022
| Design State      : Routed
| Temperature Grade : E
-----------------------------------------------------------------------------------------------------------------------------------------------------------------------------------------------------------------------------------------------------------------

Timing Summary Report

------------------------------------------------------------------------------------------------
| Timer Settings
| --------------
------------------------------------------------------------------------------------------------

  Enable Multi Corner Analysis               :  Yes
  Enable Pessimism Removal                   :  Yes
  Pessimism Removal Resolution               :  Nearest Common Node
  Enable Input Delay Default Clock           :  No
  Enable Preset / Clear Arcs                 :  No
  Disable Flight Delays                      :  No
  Ignore I/O Paths                           :  No
  Timing Early Launch at Borrowing Latches   :  No
  Borrow Time for Max Delay Exceptions       :  Yes
  Merge Timing Exceptions                    :  Yes
  Inter-SLR Compensation                     :  Conservative

  Corner  Analyze    Analyze    
  Name    Max Paths  Min Paths  
  ------  ---------  ---------  
  Slow    Yes        Yes        
  Fast    Yes        Yes        


------------------------------------------------------------------------------------------------
| Report Methodology
| ------------------
------------------------------------------------------------------------------------------------

Rule    Severity  Description                Violations  
------  --------  -------------------------  ----------  
DPIR-2  Warning   Asynchronous driver check  277         

Note: This report is based on the most recent report_methodology run and may not be up-to-date. Run report_methodology on the current design for the latest report.



check_timing report

Table of Contents
-----------------
1. checking no_clock (0)
2. checking constant_clock (0)
3. checking pulse_width_clock (0)
4. checking unconstrained_internal_endpoints (0)
5. checking no_input_delay (0)
6. checking no_output_delay (0)
7. checking multiple_clock (0)
8. checking generated_clocks (0)
9. checking loops (0)
10. checking partial_input_delay (0)
11. checking partial_output_delay (0)
12. checking latch_loops (0)

1. checking no_clock (0)
------------------------
 There are 0 register/latch pins with no clock.


2. checking constant_clock (0)
------------------------------
 There are 0 register/latch pins with constant_clock.


3. checking pulse_width_clock (0)
---------------------------------
 There are 0 register/latch pins which need pulse_width check


4. checking unconstrained_internal_endpoints (0)
------------------------------------------------
 There are 0 pins that are not constrained for maximum delay.

 There are 0 pins that are not constrained for maximum delay due to constant clock.


5. checking no_input_delay (0)
------------------------------
 There are 0 input ports with no input delay specified.

 There are 0 input ports with no input delay but user has a false path constraint.


6. checking no_output_delay (0)
-------------------------------
 There are 0 ports with no output delay specified.

 There are 0 ports with no output delay but user has a false path constraint

 There are 0 ports with no output delay but with a timing clock defined on it or propagating through it


7. checking multiple_clock (0)
------------------------------
 There are 0 register/latch pins with multiple clocks.


8. checking generated_clocks (0)
--------------------------------
 There are 0 generated clocks that are not connected to a clock source.


9. checking loops (0)
---------------------
 There are 0 combinational loops in the design.


10. checking partial_input_delay (0)
------------------------------------
 There are 0 input ports with partial input delay specified.


11. checking partial_output_delay (0)
-------------------------------------
 There are 0 ports with partial output delay specified.


12. checking latch_loops (0)
----------------------------
 There are 0 combinational latch loops in the design through latch input



------------------------------------------------------------------------------------------------
| Design Timing Summary
| ---------------------
------------------------------------------------------------------------------------------------

    WNS(ns)      TNS(ns)  TNS Failing Endpoints  TNS Total Endpoints      WHS(ns)      THS(ns)  THS Failing Endpoints  THS Total Endpoints     WPWS(ns)     TPWS(ns)  TPWS Failing Endpoints  TPWS Total Endpoints  
    -------      -------  ---------------------  -------------------      -------      -------  ---------------------  -------------------     --------     --------  ----------------------  --------------------  
      1.577        0.000                      0                10703        0.003        0.000                      0                10703        3.500        0.000                       0                  3956  


All user specified timing constraints are met.


------------------------------------------------------------------------------------------------
| Clock Summary
| -------------
------------------------------------------------------------------------------------------------

Clock     Waveform(ns)       Period(ns)      Frequency(MHz)
-----     ------------       ----------      --------------
clk_pl_0  {0.000 5.000}      10.000          100.000         


------------------------------------------------------------------------------------------------
| Intra Clock Table
| -----------------
------------------------------------------------------------------------------------------------

Clock             WNS(ns)      TNS(ns)  TNS Failing Endpoints  TNS Total Endpoints      WHS(ns)      THS(ns)  THS Failing Endpoints  THS Total Endpoints     WPWS(ns)     TPWS(ns)  TPWS Failing Endpoints  TPWS Total Endpoints  
-----             -------      -------  ---------------------  -------------------      -------      -------  ---------------------  -------------------     --------     --------  ----------------------  --------------------  
clk_pl_0            1.577        0.000                      0                 7860        0.003        0.000                      0                 7860        3.500        0.000                       0                  3956  


------------------------------------------------------------------------------------------------
| Inter Clock Table
| -----------------
------------------------------------------------------------------------------------------------

From Clock    To Clock          WNS(ns)      TNS(ns)  TNS Failing Endpoints  TNS Total Endpoints      WHS(ns)      THS(ns)  THS Failing Endpoints  THS Total Endpoints  
----------    --------          -------      -------  ---------------------  -------------------      -------      -------  ---------------------  -------------------  


------------------------------------------------------------------------------------------------
| Other Path Groups Table
| -----------------------
------------------------------------------------------------------------------------------------

Path Group         From Clock         To Clock               WNS(ns)      TNS(ns)  TNS Failing Endpoints  TNS Total Endpoints      WHS(ns)      THS(ns)  THS Failing Endpoints  THS Total Endpoints  
----------         ----------         --------               -------      -------  ---------------------  -------------------      -------      -------  ---------------------  -------------------  
**async_default**  clk_pl_0           clk_pl_0                 6.942        0.000                      0                 2843        1.284        0.000                      0                 2843  


------------------------------------------------------------------------------------------------
| User Ignored Path Table
| -----------------------
------------------------------------------------------------------------------------------------

Path Group    From Clock    To Clock    
----------    ----------    --------    
(none)                      clk_pl_0      
(none)        clk_pl_0      clk_pl_0      


------------------------------------------------------------------------------------------------
| Unconstrained Path Table
| ------------------------
------------------------------------------------------------------------------------------------

Path Group    From Clock    To Clock    
----------    ----------    --------    


------------------------------------------------------------------------------------------------
| Timing Details
| --------------
------------------------------------------------------------------------------------------------


---------------------------------------------------------------------------------------------------
From Clock:  clk_pl_0
  To Clock:  clk_pl_0

Setup :            0  Failing Endpoints,  Worst Slack        1.577ns,  Total Violation        0.000ns
Hold  :            0  Failing Endpoints,  Worst Slack        0.003ns,  Total Violation        0.000ns
PW    :            0  Failing Endpoints,  Worst Slack        3.500ns,  Total Violation        0.000ns
---------------------------------------------------------------------------------------------------


Max Delay Paths
--------------------------------------------------------------------------------------
Slack (MET) :             1.577ns  (required time - arrival time)
  Source:                 design_1_i/tpu_mnist_ip_0/inst/u_tpu_top/u_datapath/u_accumulator_array/read_data_flatten_o_reg[40]/C
                            (rising edge-triggered cell FDCE clocked by clk_pl_0  {rise@0.000ns fall@5.000ns period=10.000ns})
  Destination:            design_1_i/tpu_mnist_ip_0/inst/u_tpu_top/u_datapath/u_vector_processing_unit/u_post_process/GEN_BIAS_REQUANT.u_bias_requantize/data_flatten_o_reg[49]/D
                            (rising edge-triggered cell FDCE clocked by clk_pl_0  {rise@0.000ns fall@5.000ns period=10.000ns})
  Path Group:             clk_pl_0
  Path Type:              Setup (Max at Slow Process Corner)
  Requirement:            10.000ns  (clk_pl_0 rise@10.000ns - clk_pl_0 rise@0.000ns)
  Data Path Delay:        8.159ns  (logic 4.420ns (54.172%)  route 3.739ns (45.828%))
  Logic Levels:           35  (CARRY8=20 DSP_A_B_DATA=1 DSP_ALU=2 DSP_M_DATA=1 DSP_MULTIPLIER=1 DSP_OUTPUT=2 DSP_PREADD_DATA=1 LUT2=4 LUT3=2 LUT5=1)
  Clock Path Skew:        -0.159ns (DCD - SCD + CPR)
    Destination Clock Delay (DCD):    1.738ns = ( 11.738 - 10.000 ) 
    Source Clock Delay      (SCD):    2.016ns
    Clock Pessimism Removal (CPR):    0.119ns
  Clock Uncertainty:      0.130ns  ((TSJ^2 + DJ^2)^1/2) / 2 + PE
    Total System Jitter     (TSJ):    0.071ns
    Discrete Jitter          (DJ):    0.250ns
    Phase Error              (PE):    0.000ns
  Clock Net Delay (Source):      1.808ns (routing 0.569ns, distribution 1.239ns)
  Clock Net Delay (Destination): 1.570ns (routing 0.512ns, distribution 1.058ns)

    Location             Delay type                Incr(ns)  Path(ns)    Netlist Resource(s)
  -------------------------------------------------------------------    -------------------
                         (clock clk_pl_0 rise edge)
                                                      0.000     0.000 r  
    PS8_X0Y0             PS8                          0.000     0.000 r  design_1_i/zynq_ultra_ps_e_0/inst/PS8_i/PLCLK[0]
                         net (fo=1, routed)           0.180     0.180    design_1_i/zynq_ultra_ps_e_0/inst/pl_clk_unbuffered[0]
    BUFG_PS_X0Y80        BUFG_PS (Prop_BUFG_PS_I_O)
                                                      0.028     0.208 r  design_1_i/zynq_ultra_ps_e_0/inst/buffer_pl_clk_0.PL_CLK_0_BUFG/O
    X1Y2 (CLOCK_ROOT)    net (fo=3956, routed)        1.808     2.016    design_1_i/tpu_mnist_ip_0/inst/u_tpu_top/u_datapath/u_accumulator_array/s_axi_aclk
    SLICE_X63Y64         FDCE                                         r  design_1_i/tpu_mnist_ip_0/inst/u_tpu_top/u_datapath/u_accumulator_array/read_data_flatten_o_reg[40]/C
  -------------------------------------------------------------------    -------------------
    SLICE_X63Y64         FDCE (Prop_DFF_SLICEM_C_Q)
                                                      0.078     2.094 r  design_1_i/tpu_mnist_ip_0/inst/u_tpu_top/u_datapath/u_accumulator_array/read_data_flatten_o_reg[40]/Q
                         net (fo=2, routed)           0.537     2.631    design_1_i/tpu_mnist_ip_0/inst/u_tpu_top/u_datapath/u_vector_processing_unit/u_post_process/GEN_BIAS_REQUANT.u_bias_requantize/(null)[0].shifted_value0__4_0[40]
    SLICE_X57Y56         LUT2 (Prop_A6LUT_SLICEM_I0_O)
                                                      0.090     2.721 r  design_1_i/tpu_mnist_ip_0/inst/u_tpu_top/u_datapath/u_vector_processing_unit/u_post_process/GEN_BIAS_REQUANT.u_bias_requantize/(null)[0].shifted_value0__5_i_10/O
                         net (fo=1, routed)           0.013     2.734    design_1_i/tpu_mnist_ip_0/inst/u_tpu_top/u_datapath/u_vector_processing_unit/u_post_process/GEN_BIAS_REQUANT.u_bias_requantize/(null)[0].shifted_value0__5_i_10_n_0
    SLICE_X57Y56         CARRY8 (Prop_CARRY8_SLICEM_S[0]_CO[7])
                                                      0.192     2.926 r  design_1_i/tpu_mnist_ip_0/inst/u_tpu_top/u_datapath/u_vector_processing_unit/u_post_process/GEN_BIAS_REQUANT.u_bias_requantize/(null)[0].shifted_value0__5_i_1/CO[7]
                         net (fo=1, routed)           0.026     2.952    design_1_i/tpu_mnist_ip_0/inst/u_tpu_top/u_datapath/u_vector_processing_unit/u_post_process/GEN_BIAS_REQUANT.u_bias_requantize/(null)[0].shifted_value0__5_i_1_n_0
    SLICE_X57Y57         CARRY8 (Prop_CARRY8_SLICEM_CI_CO[7])
                                                      0.015     2.967 r  design_1_i/tpu_mnist_ip_0/inst/u_tpu_top/u_datapath/u_vector_processing_unit/u_post_process/GEN_BIAS_REQUANT.u_bias_requantize/(null)[0].shifted_value0__3_i_3/CO[7]
                         net (fo=1, routed)           0.026     2.993    design_1_i/tpu_mnist_ip_0/inst/u_tpu_top/u_datapath/u_vector_processing_unit/u_post_process/GEN_BIAS_REQUANT.u_bias_requantize/(null)[0].shifted_value0__3_i_3_n_0
    SLICE_X57Y58         CARRY8 (Prop_CARRY8_SLICEM_CI_CO[7])
                                                      0.015     3.008 r  design_1_i/tpu_mnist_ip_0/inst/u_tpu_top/u_datapath/u_vector_processing_unit/u_post_process/GEN_BIAS_REQUANT.u_bias_requantize/(null)[0].shifted_value0__3_i_2/CO[7]
                         net (fo=1, routed)           0.026     3.034    design_1_i/tpu_mnist_ip_0/inst/u_tpu_top/u_datapath/u_vector_processing_unit/u_post_process/GEN_BIAS_REQUANT.u_bias_requantize/(null)[0].shifted_value0__3_i_2_n_0
    SLICE_X57Y59         CARRY8 (Prop_CARRY8_SLICEM_CI_O[0])
                                                      0.056     3.090 f  design_1_i/tpu_mnist_ip_0/inst/u_tpu_top/u_datapath/u_vector_processing_unit/u_post_process/GEN_BIAS_REQUANT.u_bias_requantize/(null)[0].shifted_value0__3_i_1/O[0]
                         net (fo=18, routed)          0.397     3.487    design_1_i/tpu_mnist_ip_0/inst/u_tpu_top/u_datapath/u_vector_processing_unit/u_post_process/GEN_BIAS_REQUANT.u_bias_requantize/(null)[0].shifted_value0__3/B[16]
    DSP48E2_X5Y22        DSP_A_B_DATA (Prop_DSP_A_B_DATA_DSP48E2_B[16]_B2_DATA[16])
                                                      0.151     3.638 r  design_1_i/tpu_mnist_ip_0/inst/u_tpu_top/u_datapath/u_vector_processing_unit/u_post_process/GEN_BIAS_REQUANT.u_bias_requantize/(null)[0].shifted_value0__3/DSP_A_B_DATA_INST/B2_DATA[16]
                         net (fo=1, routed)           0.000     3.638    design_1_i/tpu_mnist_ip_0/inst/u_tpu_top/u_datapath/u_vector_processing_unit/u_post_process/GEN_BIAS_REQUANT.u_bias_requantize/(null)[0].shifted_value0__3/DSP_A_B_DATA.B2_DATA<16>
    DSP48E2_X5Y22        DSP_PREADD_DATA (Prop_DSP_PREADD_DATA_DSP48E2_B2_DATA[16]_B2B1[16])
                                                      0.073     3.711 r  design_1_i/tpu_mnist_ip_0/inst/u_tpu_top/u_datapath/u_vector_processing_unit/u_post_process/GEN_BIAS_REQUANT.u_bias_requantize/(null)[0].shifted_value0__3/DSP_PREADD_DATA_INST/B2B1[16]
                         net (fo=1, routed)           0.000     3.711    design_1_i/tpu_mnist_ip_0/inst/u_tpu_top/u_datapath/u_vector_processing_unit/u_post_process/GEN_BIAS_REQUANT.u_bias_requantize/(null)[0].shifted_value0__3/DSP_PREADD_DATA.B2B1<16>
    DSP48E2_X5Y22        DSP_MULTIPLIER (Prop_DSP_MULTIPLIER_DSP48E2_B2B1[16]_V[43])
                                                      0.609     4.320 f  design_1_i/tpu_mnist_ip_0/inst/u_tpu_top/u_datapath/u_vector_processing_unit/u_post_process/GEN_BIAS_REQUANT.u_bias_requantize/(null)[0].shifted_value0__3/DSP_MULTIPLIER_INST/V[43]
                         net (fo=1, routed)           0.000     4.320    design_1_i/tpu_mnist_ip_0/inst/u_tpu_top/u_datapath/u_vector_processing_unit/u_post_process/GEN_BIAS_REQUANT.u_bias_requantize/(null)[0].shifted_value0__3/DSP_MULTIPLIER.V<43>
    DSP48E2_X5Y22        DSP_M_DATA (Prop_DSP_M_DATA_DSP48E2_V[43]_V_DATA[43])
                                                      0.046     4.366 r  design_1_i/tpu_mnist_ip_0/inst/u_tpu_top/u_datapath/u_vector_processing_unit/u_post_process/GEN_BIAS_REQUANT.u_bias_requantize/(null)[0].shifted_value0__3/DSP_M_DATA_INST/V_DATA[43]
                         net (fo=1, routed)           0.000     4.366    design_1_i/tpu_mnist_ip_0/inst/u_tpu_top/u_datapath/u_vector_processing_unit/u_post_process/GEN_BIAS_REQUANT.u_bias_requantize/(null)[0].shifted_value0__3/DSP_M_DATA.V_DATA<43>
    DSP48E2_X5Y22        DSP_ALU (Prop_DSP_ALU_DSP48E2_V_DATA[43]_ALU_OUT[47])
                                                      0.571     4.937 f  design_1_i/tpu_mnist_ip_0/inst/u_tpu_top/u_datapath/u_vector_processing_unit/u_post_process/GEN_BIAS_REQUANT.u_bias_requantize/(null)[0].shifted_value0__3/DSP_ALU_INST/ALU_OUT[47]
                         net (fo=1, routed)           0.000     4.937    design_1_i/tpu_mnist_ip_0/inst/u_tpu_top/u_datapath/u_vector_processing_unit/u_post_process/GEN_BIAS_REQUANT.u_bias_requantize/(null)[0].shifted_value0__3/DSP_ALU.ALU_OUT<47>
    DSP48E2_X5Y22        DSP_OUTPUT (Prop_DSP_OUTPUT_DSP48E2_ALU_OUT[47]_PCOUT[47])
                                                      0.122     5.059 r  design_1_i/tpu_mnist_ip_0/inst/u_tpu_top/u_datapath/u_vector_processing_unit/u_post_process/GEN_BIAS_REQUANT.u_bias_requantize/(null)[0].shifted_value0__3/DSP_OUTPUT_INST/PCOUT[47]
                         net (fo=1, routed)           0.014     5.073    design_1_i/tpu_mnist_ip_0/inst/u_tpu_top/u_datapath/u_vector_processing_unit/u_post_process/GEN_BIAS_REQUANT.u_bias_requantize/(null)[0].shifted_value0__4/PCIN[47]
    DSP48E2_X5Y23        DSP_ALU (Prop_DSP_ALU_DSP48E2_PCIN[47]_ALU_OUT[6])
                                                      0.546     5.619 f  design_1_i/tpu_mnist_ip_0/inst/u_tpu_top/u_datapath/u_vector_processing_unit/u_post_process/GEN_BIAS_REQUANT.u_bias_requantize/(null)[0].shifted_value0__4/DSP_ALU_INST/ALU_OUT[6]
                         net (fo=1, routed)           0.000     5.619    design_1_i/tpu_mnist_ip_0/inst/u_tpu_top/u_datapath/u_vector_processing_unit/u_post_process/GEN_BIAS_REQUANT.u_bias_requantize/(null)[0].shifted_value0__4/DSP_ALU.ALU_OUT<6>
    DSP48E2_X5Y23        DSP_OUTPUT (Prop_DSP_OUTPUT_DSP48E2_ALU_OUT[6]_P[6])
                                                      0.109     5.728 r  design_1_i/tpu_mnist_ip_0/inst/u_tpu_top/u_datapath/u_vector_processing_unit/u_post_process/GEN_BIAS_REQUANT.u_bias_requantize/(null)[0].shifted_value0__4/DSP_OUTPUT_INST/P[6]
                         net (fo=1, routed)           0.319     6.047    design_1_i/tpu_mnist_ip_0/inst/u_tpu_top/u_datapath/u_vector_processing_unit/u_post_process/GEN_BIAS_REQUANT.u_bias_requantize/p_0_in[40]
    SLICE_X54Y58         LUT2 (Prop_A6LUT_SLICEM_I1_O)
                                                      0.150     6.197 r  design_1_i/tpu_mnist_ip_0/inst/u_tpu_top/u_datapath/u_vector_processing_unit/u_post_process/GEN_BIAS_REQUANT.u_bias_requantize/data_flatten_o[50]_i_32/O
                         net (fo=1, routed)           0.013     6.210    design_1_i/tpu_mnist_ip_0/inst/u_tpu_top/u_datapath/u_vector_processing_unit/u_post_process/GEN_BIAS_REQUANT.u_bias_requantize/data_flatten_o[50]_i_32_n_0
    SLICE_X54Y58         CARRY8 (Prop_CARRY8_SLICEM_S[0]_CO[7])
                                                      0.192     6.402 r  design_1_i/tpu_mnist_ip_0/inst/u_tpu_top/u_datapath/u_vector_processing_unit/u_post_process/GEN_BIAS_REQUANT.u_bias_requantize/data_flatten_o_reg[50]_i_7/CO[7]
                         net (fo=1, routed)           0.026     6.428    design_1_i/tpu_mnist_ip_0/inst/u_tpu_top/u_datapath/u_vector_processing_unit/u_post_process/GEN_BIAS_REQUANT.u_bias_requantize/data_flatten_o_reg[50]_i_7_n_0
    SLICE_X54Y59         CARRY8 (Prop_CARRY8_SLICEM_CI_CO[7])
                                                      0.015     6.443 r  design_1_i/tpu_mnist_ip_0/inst/u_tpu_top/u_datapath/u_vector_processing_unit/u_post_process/GEN_BIAS_REQUANT.u_bias_requantize/data_flatten_o_reg[50]_i_33/CO[7]
                         net (fo=1, routed)           0.026     6.469    design_1_i/tpu_mnist_ip_0/inst/u_tpu_top/u_datapath/u_vector_processing_unit/u_post_process/GEN_BIAS_REQUANT.u_bias_requantize/data_flatten_o_reg[50]_i_33_n_0
    SLICE_X54Y60         CARRY8 (Prop_CARRY8_SLICEM_CI_CO[7])
                                                      0.015     6.484 r  design_1_i/tpu_mnist_ip_0/inst/u_tpu_top/u_datapath/u_vector_processing_unit/u_post_process/GEN_BIAS_REQUANT.u_bias_requantize/data_flatten_o_reg[63]_i_73/CO[7]
                         net (fo=1, routed)           0.026     6.510    design_1_i/tpu_mnist_ip_0/inst/u_tpu_top/u_datapath/u_vector_processing_unit/u_post_process/GEN_BIAS_REQUANT.u_bias_requantize/data_flatten_o_reg[63]_i_73_n_0
    SLICE_X54Y61         CARRY8 (Prop_CARRY8_SLICEM_CI_O[0])
                                                      0.056     6.566 r  design_1_i/tpu_mnist_ip_0/inst/u_tpu_top/u_datapath/u_vector_processing_unit/u_post_process/GEN_BIAS_REQUANT.u_bias_requantize/data_flatten_o_reg[50]_i_6/O[0]
                         net (fo=125, routed)         0.432     6.997    design_1_i/tpu_mnist_ip_0/inst/u_tpu_top/u_datapath/u_vector_processing_unit/u_post_process/GEN_BIAS_REQUANT.u_bias_requantize/data_flatten_o_reg[50]_i_6_n_15
    SLICE_X55Y54         LUT2 (Prop_A6LUT_SLICEL_I0_O)
                                                      0.050     7.047 r  design_1_i/tpu_mnist_ip_0/inst/u_tpu_top/u_datapath/u_vector_processing_unit/u_post_process/GEN_BIAS_REQUANT.u_bias_requantize/data_flatten_o[38]_i_28/O
                         net (fo=1, routed)           0.009     7.056    design_1_i/tpu_mnist_ip_0/inst/u_tpu_top/u_datapath/u_vector_processing_unit/u_post_process/GEN_BIAS_REQUANT.u_bias_requantize/data_flatten_o[38]_i_28_n_0
    SLICE_X55Y54         CARRY8 (Prop_CARRY8_SLICEL_S[0]_CO[7])
                                                      0.190     7.246 r  design_1_i/tpu_mnist_ip_0/inst/u_tpu_top/u_datapath/u_vector_processing_unit/u_post_process/GEN_BIAS_REQUANT.u_bias_requantize/data_flatten_o_reg[38]_i_12/CO[7]
                         net (fo=1, routed)           0.026     7.272    design_1_i/tpu_mnist_ip_0/inst/u_tpu_top/u_datapath/u_vector_processing_unit/u_post_process/GEN_BIAS_REQUANT.u_bias_requantize/data_flatten_o_reg[38]_i_12_n_0
    SLICE_X55Y55         CARRY8 (Prop_CARRY8_SLICEL_CI_CO[7])
                                                      0.015     7.287 r  design_1_i/tpu_mnist_ip_0/inst/u_tpu_top/u_datapath/u_vector_processing_unit/u_post_process/GEN_BIAS_REQUANT.u_bias_requantize/data_flatten_o_reg[38]_i_3/CO[7]
                         net (fo=1, routed)           0.026     7.313    design_1_i/tpu_mnist_ip_0/inst/u_tpu_top/u_datapath/u_vector_processing_unit/u_post_process/GEN_BIAS_REQUANT.u_bias_requantize/data_flatten_o_reg[38]_i_3_n_0
    SLICE_X55Y56         CARRY8 (Prop_CARRY8_SLICEL_CI_CO[7])
                                                      0.015     7.328 r  design_1_i/tpu_mnist_ip_0/inst/u_tpu_top/u_datapath/u_vector_processing_unit/u_post_process/GEN_BIAS_REQUANT.u_bias_requantize/data_flatten_o_reg[38]_i_2/CO[7]
                         net (fo=1, routed)           0.026     7.354    design_1_i/tpu_mnist_ip_0/inst/u_tpu_top/u_datapath/u_vector_processing_unit/u_post_process/GEN_BIAS_REQUANT.u_bias_requantize/data_flatten_o_reg[38]_i_2_n_0
    SLICE_X55Y57         CARRY8 (Prop_CARRY8_SLICEL_CI_CO[7])
                                                      0.015     7.369 r  design_1_i/tpu_mnist_ip_0/inst/u_tpu_top/u_datapath/u_vector_processing_unit/u_post_process/GEN_BIAS_REQUANT.u_bias_requantize/data_flatten_o_reg[46]_i_2/CO[7]
                         net (fo=1, routed)           0.026     7.395    design_1_i/tpu_mnist_ip_0/inst/u_tpu_top/u_datapath/u_vector_processing_unit/u_post_process/GEN_BIAS_REQUANT.u_bias_requantize/data_flatten_o_reg[46]_i_2_n_0
    SLICE_X55Y58         CARRY8 (Prop_CARRY8_SLICEL_CI_CO[7])
                                                      0.015     7.410 r  design_1_i/tpu_mnist_ip_0/inst/u_tpu_top/u_datapath/u_vector_processing_unit/u_post_process/GEN_BIAS_REQUANT.u_bias_requantize/data_flatten_o_reg[50]_i_4/CO[7]
                         net (fo=1, routed)           0.026     7.436    design_1_i/tpu_mnist_ip_0/inst/u_tpu_top/u_datapath/u_vector_processing_unit/u_post_process/GEN_BIAS_REQUANT.u_bias_requantize/data_flatten_o_reg[50]_i_4_n_0
    SLICE_X55Y59         CARRY8 (Prop_CARRY8_SLICEL_CI_CO[7])
                                                      0.015     7.451 r  design_1_i/tpu_mnist_ip_0/inst/u_tpu_top/u_datapath/u_vector_processing_unit/u_post_process/GEN_BIAS_REQUANT.u_bias_requantize/data_flatten_o_reg[62]_i_3/CO[7]
                         net (fo=1, routed)           0.026     7.477    design_1_i/tpu_mnist_ip_0/inst/u_tpu_top/u_datapath/u_vector_processing_unit/u_post_process/GEN_BIAS_REQUANT.u_bias_requantize/data_flatten_o_reg[62]_i_3_n_0
    SLICE_X55Y60         CARRY8 (Prop_CARRY8_SLICEL_CI_O[1])
                                                      0.076     7.553 f  design_1_i/tpu_mnist_ip_0/inst/u_tpu_top/u_datapath/u_vector_processing_unit/u_post_process/GEN_BIAS_REQUANT.u_bias_requantize/data_flatten_o_reg[63]_i_18/O[1]
                         net (fo=7, routed)           0.340     7.893    design_1_i/tpu_mnist_ip_0/inst/u_tpu_top/u_datapath/u_vector_processing_unit/u_post_process/GEN_BIAS_REQUANT.u_bias_requantize/(null)[0].rounded_product[63]
    SLICE_X56Y55         LUT3 (Prop_G6LUT_SLICEM_I1_O)
                                                      0.150     8.043 r  design_1_i/tpu_mnist_ip_0/inst/u_tpu_top/u_datapath/u_vector_processing_unit/u_post_process/GEN_BIAS_REQUANT.u_bias_requantize/data_flatten_o[63]_i_244/O
                         net (fo=1, routed)           0.127     8.170    design_1_i/tpu_mnist_ip_0/inst/u_tpu_top/u_datapath/u_vector_processing_unit/u_post_process/GEN_BIAS_REQUANT.u_bias_requantize/data_flatten_o[63]_i_244_n_0
    SLICE_X56Y56         CARRY8 (Prop_CARRY8_SLICEM_CI_CO[7])
                                                      0.153     8.323 r  design_1_i/tpu_mnist_ip_0/inst/u_tpu_top/u_datapath/u_vector_processing_unit/u_post_process/GEN_BIAS_REQUANT.u_bias_requantize/data_flatten_o_reg[63]_i_162/CO[7]
                         net (fo=1, routed)           0.026     8.349    design_1_i/tpu_mnist_ip_0/inst/u_tpu_top/u_datapath/u_vector_processing_unit/u_post_process/GEN_BIAS_REQUANT.u_bias_requantize/data_flatten_o_reg[63]_i_162_n_0
    SLICE_X56Y57         CARRY8 (Prop_CARRY8_SLICEM_CI_CO[7])
                                                      0.015     8.364 r  design_1_i/tpu_mnist_ip_0/inst/u_tpu_top/u_datapath/u_vector_processing_unit/u_post_process/GEN_BIAS_REQUANT.u_bias_requantize/data_flatten_o_reg[63]_i_161/CO[7]
                         net (fo=1, routed)           0.026     8.390    design_1_i/tpu_mnist_ip_0/inst/u_tpu_top/u_datapath/u_vector_processing_unit/u_post_process/GEN_BIAS_REQUANT.u_bias_requantize/data_flatten_o_reg[63]_i_161_n_0
    SLICE_X56Y58         CARRY8 (Prop_CARRY8_SLICEM_CI_CO[7])
                                                      0.015     8.405 r  design_1_i/tpu_mnist_ip_0/inst/u_tpu_top/u_datapath/u_vector_processing_unit/u_post_process/GEN_BIAS_REQUANT.u_bias_requantize/data_flatten_o_reg[63]_i_118/CO[7]
                         net (fo=1, routed)           0.026     8.431    design_1_i/tpu_mnist_ip_0/inst/u_tpu_top/u_datapath/u_vector_processing_unit/u_post_process/GEN_BIAS_REQUANT.u_bias_requantize/data_flatten_o_reg[63]_i_118_n_0
    SLICE_X56Y59         CARRY8 (Prop_CARRY8_SLICEM_CI_O[0])
                                                      0.056     8.487 r  design_1_i/tpu_mnist_ip_0/inst/u_tpu_top/u_datapath/u_vector_processing_unit/u_post_process/GEN_BIAS_REQUANT.u_bias_requantize/data_flatten_o_reg[63]_i_117/O[0]
                         net (fo=4, routed)           0.290     8.777    design_1_i/tpu_mnist_ip_0/inst/u_tpu_top/u_datapath/u_vector_processing_unit/u_post_process/GEN_BIAS_REQUANT.u_bias_requantize/data_flatten_o_reg[63]_i_117_n_15
    SLICE_X52Y58         LUT2 (Prop_B6LUT_SLICEL_I0_O)
                                                      0.148     8.925 r  design_1_i/tpu_mnist_ip_0/inst/u_tpu_top/u_datapath/u_vector_processing_unit/u_post_process/GEN_BIAS_REQUANT.u_bias_requantize/data_flatten_o[63]_i_42/O
                         net (fo=1, routed)           0.009     8.934    design_1_i/tpu_mnist_ip_0/inst/u_tpu_top/u_datapath/u_vector_processing_unit/u_post_process/GEN_BIAS_REQUANT.u_bias_requantize/data_flatten_o[63]_i_42_n_0
    SLICE_X52Y58         CARRY8 (Prop_CARRY8_SLICEL_S[1]_CO[5])
                                                      0.195     9.129 r  design_1_i/tpu_mnist_ip_0/inst/u_tpu_top/u_datapath/u_vector_processing_unit/u_post_process/GEN_BIAS_REQUANT.u_bias_requantize/data_flatten_o_reg[63]_i_5/CO[5]
                         net (fo=22, routed)          0.404     9.533    design_1_i/tpu_mnist_ip_0/inst/u_tpu_top/u_datapath/u_vector_processing_unit/u_post_process/GEN_BIAS_REQUANT.u_bias_requantize/data_flatten_o_reg[63]_i_5_n_2
    SLICE_X50Y54         LUT3 (Prop_D5LUT_SLICEM_I1_O)
                                                      0.097     9.630 r  design_1_i/tpu_mnist_ip_0/inst/u_tpu_top/u_datapath/u_vector_processing_unit/u_post_process/GEN_BIAS_REQUANT.u_bias_requantize/data_flatten_o[50]_i_2/O
                         net (fo=18, routed)          0.395    10.025    design_1_i/tpu_mnist_ip_0/inst/u_tpu_top/u_datapath/u_vector_processing_unit/u_post_process/GEN_BIAS_REQUANT.u_bias_requantize/data_flatten_o[50]_i_2_n_0
    SLICE_X52Y59         LUT5 (Prop_H6LUT_SLICEL_I0_O)
                                                      0.099    10.124 r  design_1_i/tpu_mnist_ip_0/inst/u_tpu_top/u_datapath/u_vector_processing_unit/u_post_process/GEN_BIAS_REQUANT.u_bias_requantize/data_flatten_o[49]_i_1/O
                         net (fo=1, routed)           0.051    10.175    design_1_i/tpu_mnist_ip_0/inst/u_tpu_top/u_datapath/u_vector_processing_unit/u_post_process/GEN_BIAS_REQUANT.u_bias_requantize/p_4_out[49]
    SLICE_X52Y59         FDCE                                         r  design_1_i/tpu_mnist_ip_0/inst/u_tpu_top/u_datapath/u_vector_processing_unit/u_post_process/GEN_BIAS_REQUANT.u_bias_requantize/data_flatten_o_reg[49]/D
  -------------------------------------------------------------------    -------------------

                         (clock clk_pl_0 rise edge)
                                                     10.000    10.000 r  
    PS8_X0Y0             PS8                          0.000    10.000 r  design_1_i/zynq_ultra_ps_e_0/inst/PS8_i/PLCLK[0]
                         net (fo=1, routed)           0.143    10.143    design_1_i/zynq_ultra_ps_e_0/inst/pl_clk_unbuffered[0]
    BUFG_PS_X0Y80        BUFG_PS (Prop_BUFG_PS_I_O)
                                                      0.025    10.168 r  design_1_i/zynq_ultra_ps_e_0/inst/buffer_pl_clk_0.PL_CLK_0_BUFG/O
    X1Y2 (CLOCK_ROOT)    net (fo=3956, routed)        1.570    11.738    design_1_i/tpu_mnist_ip_0/inst/u_tpu_top/u_datapath/u_vector_processing_unit/u_post_process/GEN_BIAS_REQUANT.u_bias_requantize/s_axi_aclk
    SLICE_X52Y59         FDCE                                         r  design_1_i/tpu_mnist_ip_0/inst/u_tpu_top/u_datapath/u_vector_processing_unit/u_post_process/GEN_BIAS_REQUANT.u_bias_requantize/data_flatten_o_reg[49]/C
                         clock pessimism              0.119    11.857    
                         clock uncertainty           -0.130    11.727    
    SLICE_X52Y59         FDCE (Setup_HFF_SLICEL_C_D)
                                                      0.025    11.752    design_1_i/tpu_mnist_ip_0/inst/u_tpu_top/u_datapath/u_vector_processing_unit/u_post_process/GEN_BIAS_REQUANT.u_bias_requantize/data_flatten_o_reg[49]
  -------------------------------------------------------------------
                         required time                         11.752    
                         arrival time                         -10.175    
  -------------------------------------------------------------------
                         slack                                  1.577    

Slack (MET) :             1.672ns  (required time - arrival time)
  Source:                 design_1_i/tpu_mnist_ip_0/inst/u_tpu_top/u_datapath/u_accumulator_array/read_data_flatten_o_reg[40]/C
                            (rising edge-triggered cell FDCE clocked by clk_pl_0  {rise@0.000ns fall@5.000ns period=10.000ns})
  Destination:            design_1_i/tpu_mnist_ip_0/inst/u_tpu_top/u_datapath/u_vector_processing_unit/u_post_process/GEN_BIAS_REQUANT.u_bias_requantize/data_flatten_o_reg[45]/D
                            (rising edge-triggered cell FDCE clocked by clk_pl_0  {rise@0.000ns fall@5.000ns period=10.000ns})
  Path Group:             clk_pl_0
  Path Type:              Setup (Max at Slow Process Corner)
  Requirement:            10.000ns  (clk_pl_0 rise@10.000ns - clk_pl_0 rise@0.000ns)
  Data Path Delay:        8.075ns  (logic 4.418ns (54.710%)  route 3.657ns (45.290%))
  Logic Levels:           35  (CARRY8=20 DSP_A_B_DATA=1 DSP_ALU=2 DSP_M_DATA=1 DSP_MULTIPLIER=1 DSP_OUTPUT=2 DSP_PREADD_DATA=1 LUT2=4 LUT3=2 LUT5=1)
  Clock Path Skew:        -0.148ns (DCD - SCD + CPR)
    Destination Clock Delay (DCD):    1.749ns = ( 11.749 - 10.000 ) 
    Source Clock Delay      (SCD):    2.016ns
    Clock Pessimism Removal (CPR):    0.119ns
  Clock Uncertainty:      0.130ns  ((TSJ^2 + DJ^2)^1/2) / 2 + PE
    Total System Jitter     (TSJ):    0.071ns
    Discrete Jitter          (DJ):    0.250ns
    Phase Error              (PE):    0.000ns
  Clock Net Delay (Source):      1.808ns (routing 0.569ns, distribution 1.239ns)
  Clock Net Delay (Destination): 1.581ns (routing 0.512ns, distribution 1.069ns)

    Location             Delay type                Incr(ns)  Path(ns)    Netlist Resource(s)
  -------------------------------------------------------------------    -------------------
                         (clock clk_pl_0 rise edge)
                                                      0.000     0.000 r  
    PS8_X0Y0             PS8                          0.000     0.000 r  design_1_i/zynq_ultra_ps_e_0/inst/PS8_i/PLCLK[0]
                         net (fo=1, routed)           0.180     0.180    design_1_i/zynq_ultra_ps_e_0/inst/pl_clk_unbuffered[0]
    BUFG_PS_X0Y80        BUFG_PS (Prop_BUFG_PS_I_O)
                                                      0.028     0.208 r  design_1_i/zynq_ultra_ps_e_0/inst/buffer_pl_clk_0.PL_CLK_0_BUFG/O
    X1Y2 (CLOCK_ROOT)    net (fo=3956, routed)        1.808     2.016    design_1_i/tpu_mnist_ip_0/inst/u_tpu_top/u_datapath/u_accumulator_array/s_axi_aclk
    SLICE_X63Y64         FDCE                                         r  design_1_i/tpu_mnist_ip_0/inst/u_tpu_top/u_datapath/u_accumulator_array/read_data_flatten_o_reg[40]/C
  -------------------------------------------------------------------    -------------------
    SLICE_X63Y64         FDCE (Prop_DFF_SLICEM_C_Q)
                                                      0.078     2.094 r  design_1_i/tpu_mnist_ip_0/inst/u_tpu_top/u_datapath/u_accumulator_array/read_data_flatten_o_reg[40]/Q
                         net (fo=2, routed)           0.537     2.631    design_1_i/tpu_mnist_ip_0/inst/u_tpu_top/u_datapath/u_vector_processing_unit/u_post_process/GEN_BIAS_REQUANT.u_bias_requantize/(null)[0].shifted_value0__4_0[40]
    SLICE_X57Y56         LUT2 (Prop_A6LUT_SLICEM_I0_O)
                                                      0.090     2.721 r  design_1_i/tpu_mnist_ip_0/inst/u_tpu_top/u_datapath/u_vector_processing_unit/u_post_process/GEN_BIAS_REQUANT.u_bias_requantize/(null)[0].shifted_value0__5_i_10/O
                         net (fo=1, routed)           0.013     2.734    design_1_i/tpu_mnist_ip_0/inst/u_tpu_top/u_datapath/u_vector_processing_unit/u_post_process/GEN_BIAS_REQUANT.u_bias_requantize/(null)[0].shifted_value0__5_i_10_n_0
    SLICE_X57Y56         CARRY8 (Prop_CARRY8_SLICEM_S[0]_CO[7])
                                                      0.192     2.926 r  design_1_i/tpu_mnist_ip_0/inst/u_tpu_top/u_datapath/u_vector_processing_unit/u_post_process/GEN_BIAS_REQUANT.u_bias_requantize/(null)[0].shifted_value0__5_i_1/CO[7]
                         net (fo=1, routed)           0.026     2.952    design_1_i/tpu_mnist_ip_0/inst/u_tpu_top/u_datapath/u_vector_processing_unit/u_post_process/GEN_BIAS_REQUANT.u_bias_requantize/(null)[0].shifted_value0__5_i_1_n_0
    SLICE_X57Y57         CARRY8 (Prop_CARRY8_SLICEM_CI_CO[7])
                                                      0.015     2.967 r  design_1_i/tpu_mnist_ip_0/inst/u_tpu_top/u_datapath/u_vector_processing_unit/u_post_process/GEN_BIAS_REQUANT.u_bias_requantize/(null)[0].shifted_value0__3_i_3/CO[7]
                         net (fo=1, routed)           0.026     2.993    design_1_i/tpu_mnist_ip_0/inst/u_tpu_top/u_datapath/u_vector_processing_unit/u_post_process/GEN_BIAS_REQUANT.u_bias_requantize/(null)[0].shifted_value0__3_i_3_n_0
    SLICE_X57Y58         CARRY8 (Prop_CARRY8_SLICEM_CI_CO[7])
                                                      0.015     3.008 r  design_1_i/tpu_mnist_ip_0/inst/u_tpu_top/u_datapath/u_vector_processing_unit/u_post_process/GEN_BIAS_REQUANT.u_bias_requantize/(null)[0].shifted_value0__3_i_2/CO[7]
                         net (fo=1, routed)           0.026     3.034    design_1_i/tpu_mnist_ip_0/inst/u_tpu_top/u_datapath/u_vector_processing_unit/u_post_process/GEN_BIAS_REQUANT.u_bias_requantize/(null)[0].shifted_value0__3_i_2_n_0
    SLICE_X57Y59         CARRY8 (Prop_CARRY8_SLICEM_CI_O[0])
                                                      0.056     3.090 f  design_1_i/tpu_mnist_ip_0/inst/u_tpu_top/u_datapath/u_vector_processing_unit/u_post_process/GEN_BIAS_REQUANT.u_bias_requantize/(null)[0].shifted_value0__3_i_1/O[0]
                         net (fo=18, routed)          0.397     3.487    design_1_i/tpu_mnist_ip_0/inst/u_tpu_top/u_datapath/u_vector_processing_unit/u_post_process/GEN_BIAS_REQUANT.u_bias_requantize/(null)[0].shifted_value0__3/B[16]
    DSP48E2_X5Y22        DSP_A_B_DATA (Prop_DSP_A_B_DATA_DSP48E2_B[16]_B2_DATA[16])
                                                      0.151     3.638 r  design_1_i/tpu_mnist_ip_0/inst/u_tpu_top/u_datapath/u_vector_processing_unit/u_post_process/GEN_BIAS_REQUANT.u_bias_requantize/(null)[0].shifted_value0__3/DSP_A_B_DATA_INST/B2_DATA[16]
                         net (fo=1, routed)           0.000     3.638    design_1_i/tpu_mnist_ip_0/inst/u_tpu_top/u_datapath/u_vector_processing_unit/u_post_process/GEN_BIAS_REQUANT.u_bias_requantize/(null)[0].shifted_value0__3/DSP_A_B_DATA.B2_DATA<16>
    DSP48E2_X5Y22        DSP_PREADD_DATA (Prop_DSP_PREADD_DATA_DSP48E2_B2_DATA[16]_B2B1[16])
                                                      0.073     3.711 r  design_1_i/tpu_mnist_ip_0/inst/u_tpu_top/u_datapath/u_vector_processing_unit/u_post_process/GEN_BIAS_REQUANT.u_bias_requantize/(null)[0].shifted_value0__3/DSP_PREADD_DATA_INST/B2B1[16]
                         net (fo=1, routed)           0.000     3.711    design_1_i/tpu_mnist_ip_0/inst/u_tpu_top/u_datapath/u_vector_processing_unit/u_post_process/GEN_BIAS_REQUANT.u_bias_requantize/(null)[0].shifted_value0__3/DSP_PREADD_DATA.B2B1<16>
    DSP48E2_X5Y22        DSP_MULTIPLIER (Prop_DSP_MULTIPLIER_DSP48E2_B2B1[16]_V[43])
                                                      0.609     4.320 f  design_1_i/tpu_mnist_ip_0/inst/u_tpu_top/u_datapath/u_vector_processing_unit/u_post_process/GEN_BIAS_REQUANT.u_bias_requantize/(null)[0].shifted_value0__3/DSP_MULTIPLIER_INST/V[43]
                         net (fo=1, routed)           0.000     4.320    design_1_i/tpu_mnist_ip_0/inst/u_tpu_top/u_datapath/u_vector_processing_unit/u_post_process/GEN_BIAS_REQUANT.u_bias_requantize/(null)[0].shifted_value0__3/DSP_MULTIPLIER.V<43>
    DSP48E2_X5Y22        DSP_M_DATA (Prop_DSP_M_DATA_DSP48E2_V[43]_V_DATA[43])
                                                      0.046     4.366 r  design_1_i/tpu_mnist_ip_0/inst/u_tpu_top/u_datapath/u_vector_processing_unit/u_post_process/GEN_BIAS_REQUANT.u_bias_requantize/(null)[0].shifted_value0__3/DSP_M_DATA_INST/V_DATA[43]
                         net (fo=1, routed)           0.000     4.366    design_1_i/tpu_mnist_ip_0/inst/u_tpu_top/u_datapath/u_vector_processing_unit/u_post_process/GEN_BIAS_REQUANT.u_bias_requantize/(null)[0].shifted_value0__3/DSP_M_DATA.V_DATA<43>
    DSP48E2_X5Y22        DSP_ALU (Prop_DSP_ALU_DSP48E2_V_DATA[43]_ALU_OUT[47])
                                                      0.571     4.937 f  design_1_i/tpu_mnist_ip_0/inst/u_tpu_top/u_datapath/u_vector_processing_unit/u_post_process/GEN_BIAS_REQUANT.u_bias_requantize/(null)[0].shifted_value0__3/DSP_ALU_INST/ALU_OUT[47]
                         net (fo=1, routed)           0.000     4.937    design_1_i/tpu_mnist_ip_0/inst/u_tpu_top/u_datapath/u_vector_processing_unit/u_post_process/GEN_BIAS_REQUANT.u_bias_requantize/(null)[0].shifted_value0__3/DSP_ALU.ALU_OUT<47>
    DSP48E2_X5Y22        DSP_OUTPUT (Prop_DSP_OUTPUT_DSP48E2_ALU_OUT[47]_PCOUT[47])
                                                      0.122     5.059 r  design_1_i/tpu_mnist_ip_0/inst/u_tpu_top/u_datapath/u_vector_processing_unit/u_post_process/GEN_BIAS_REQUANT.u_bias_requantize/(null)[0].shifted_value0__3/DSP_OUTPUT_INST/PCOUT[47]
                         net (fo=1, routed)           0.014     5.073    design_1_i/tpu_mnist_ip_0/inst/u_tpu_top/u_datapath/u_vector_processing_unit/u_post_process/GEN_BIAS_REQUANT.u_bias_requantize/(null)[0].shifted_value0__4/PCIN[47]
    DSP48E2_X5Y23        DSP_ALU (Prop_DSP_ALU_DSP48E2_PCIN[47]_ALU_OUT[6])
                                                      0.546     5.619 f  design_1_i/tpu_mnist_ip_0/inst/u_tpu_top/u_datapath/u_vector_processing_unit/u_post_process/GEN_BIAS_REQUANT.u_bias_requantize/(null)[0].shifted_value0__4/DSP_ALU_INST/ALU_OUT[6]
                         net (fo=1, routed)           0.000     5.619    design_1_i/tpu_mnist_ip_0/inst/u_tpu_top/u_datapath/u_vector_processing_unit/u_post_process/GEN_BIAS_REQUANT.u_bias_requantize/(null)[0].shifted_value0__4/DSP_ALU.ALU_OUT<6>
    DSP48E2_X5Y23        DSP_OUTPUT (Prop_DSP_OUTPUT_DSP48E2_ALU_OUT[6]_P[6])
                                                      0.109     5.728 r  design_1_i/tpu_mnist_ip_0/inst/u_tpu_top/u_datapath/u_vector_processing_unit/u_post_process/GEN_BIAS_REQUANT.u_bias_requantize/(null)[0].shifted_value0__4/DSP_OUTPUT_INST/P[6]
                         net (fo=1, routed)           0.319     6.047    design_1_i/tpu_mnist_ip_0/inst/u_tpu_top/u_datapath/u_vector_processing_unit/u_post_process/GEN_BIAS_REQUANT.u_bias_requantize/p_0_in[40]
    SLICE_X54Y58         LUT2 (Prop_A6LUT_SLICEM_I1_O)
                                                      0.150     6.197 r  design_1_i/tpu_mnist_ip_0/inst/u_tpu_top/u_datapath/u_vector_processing_unit/u_post_process/GEN_BIAS_REQUANT.u_bias_requantize/data_flatten_o[50]_i_32/O
                         net (fo=1, routed)           0.013     6.210    design_1_i/tpu_mnist_ip_0/inst/u_tpu_top/u_datapath/u_vector_processing_unit/u_post_process/GEN_BIAS_REQUANT.u_bias_requantize/data_flatten_o[50]_i_32_n_0
    SLICE_X54Y58         CARRY8 (Prop_CARRY8_SLICEM_S[0]_CO[7])
                                                      0.192     6.402 r  design_1_i/tpu_mnist_ip_0/inst/u_tpu_top/u_datapath/u_vector_processing_unit/u_post_process/GEN_BIAS_REQUANT.u_bias_requantize/data_flatten_o_reg[50]_i_7/CO[7]
                         net (fo=1, routed)           0.026     6.428    design_1_i/tpu_mnist_ip_0/inst/u_tpu_top/u_datapath/u_vector_processing_unit/u_post_process/GEN_BIAS_REQUANT.u_bias_requantize/data_flatten_o_reg[50]_i_7_n_0
    SLICE_X54Y59         CARRY8 (Prop_CARRY8_SLICEM_CI_CO[7])
                                                      0.015     6.443 r  design_1_i/tpu_mnist_ip_0/inst/u_tpu_top/u_datapath/u_vector_processing_unit/u_post_process/GEN_BIAS_REQUANT.u_bias_requantize/data_flatten_o_reg[50]_i_33/CO[7]
                         net (fo=1, routed)           0.026     6.469    design_1_i/tpu_mnist_ip_0/inst/u_tpu_top/u_datapath/u_vector_processing_unit/u_post_process/GEN_BIAS_REQUANT.u_bias_requantize/data_flatten_o_reg[50]_i_33_n_0
    SLICE_X54Y60         CARRY8 (Prop_CARRY8_SLICEM_CI_CO[7])
                                                      0.015     6.484 r  design_1_i/tpu_mnist_ip_0/inst/u_tpu_top/u_datapath/u_vector_processing_unit/u_post_process/GEN_BIAS_REQUANT.u_bias_requantize/data_flatten_o_reg[63]_i_73/CO[7]
                         net (fo=1, routed)           0.026     6.510    design_1_i/tpu_mnist_ip_0/inst/u_tpu_top/u_datapath/u_vector_processing_unit/u_post_process/GEN_BIAS_REQUANT.u_bias_requantize/data_flatten_o_reg[63]_i_73_n_0
    SLICE_X54Y61         CARRY8 (Prop_CARRY8_SLICEM_CI_O[0])
                                                      0.056     6.566 r  design_1_i/tpu_mnist_ip_0/inst/u_tpu_top/u_datapath/u_vector_processing_unit/u_post_process/GEN_BIAS_REQUANT.u_bias_requantize/data_flatten_o_reg[50]_i_6/O[0]
                         net (fo=125, routed)         0.432     6.997    design_1_i/tpu_mnist_ip_0/inst/u_tpu_top/u_datapath/u_vector_processing_unit/u_post_process/GEN_BIAS_REQUANT.u_bias_requantize/data_flatten_o_reg[50]_i_6_n_15
    SLICE_X55Y54         LUT2 (Prop_A6LUT_SLICEL_I0_O)
                                                      0.050     7.047 r  design_1_i/tpu_mnist_ip_0/inst/u_tpu_top/u_datapath/u_vector_processing_unit/u_post_process/GEN_BIAS_REQUANT.u_bias_requantize/data_flatten_o[38]_i_28/O
                         net (fo=1, routed)           0.009     7.056    design_1_i/tpu_mnist_ip_0/inst/u_tpu_top/u_datapath/u_vector_processing_unit/u_post_process/GEN_BIAS_REQUANT.u_bias_requantize/data_flatten_o[38]_i_28_n_0
    SLICE_X55Y54         CARRY8 (Prop_CARRY8_SLICEL_S[0]_CO[7])
                                                      0.190     7.246 r  design_1_i/tpu_mnist_ip_0/inst/u_tpu_top/u_datapath/u_vector_processing_unit/u_post_process/GEN_BIAS_REQUANT.u_bias_requantize/data_flatten_o_reg[38]_i_12/CO[7]
                         net (fo=1, routed)           0.026     7.272    design_1_i/tpu_mnist_ip_0/inst/u_tpu_top/u_datapath/u_vector_processing_unit/u_post_process/GEN_BIAS_REQUANT.u_bias_requantize/data_flatten_o_reg[38]_i_12_n_0
    SLICE_X55Y55         CARRY8 (Prop_CARRY8_SLICEL_CI_CO[7])
                                                      0.015     7.287 r  design_1_i/tpu_mnist_ip_0/inst/u_tpu_top/u_datapath/u_vector_processing_unit/u_post_process/GEN_BIAS_REQUANT.u_bias_requantize/data_flatten_o_reg[38]_i_3/CO[7]
                         net (fo=1, routed)           0.026     7.313    design_1_i/tpu_mnist_ip_0/inst/u_tpu_top/u_datapath/u_vector_processing_unit/u_post_process/GEN_BIAS_REQUANT.u_bias_requantize/data_flatten_o_reg[38]_i_3_n_0
    SLICE_X55Y56         CARRY8 (Prop_CARRY8_SLICEL_CI_CO[7])
                                                      0.015     7.328 r  design_1_i/tpu_mnist_ip_0/inst/u_tpu_top/u_datapath/u_vector_processing_unit/u_post_process/GEN_BIAS_REQUANT.u_bias_requantize/data_flatten_o_reg[38]_i_2/CO[7]
                         net (fo=1, routed)           0.026     7.354    design_1_i/tpu_mnist_ip_0/inst/u_tpu_top/u_datapath/u_vector_processing_unit/u_post_process/GEN_BIAS_REQUANT.u_bias_requantize/data_flatten_o_reg[38]_i_2_n_0
    SLICE_X55Y57         CARRY8 (Prop_CARRY8_SLICEL_CI_CO[7])
                                                      0.015     7.369 r  design_1_i/tpu_mnist_ip_0/inst/u_tpu_top/u_datapath/u_vector_processing_unit/u_post_process/GEN_BIAS_REQUANT.u_bias_requantize/data_flatten_o_reg[46]_i_2/CO[7]
                         net (fo=1, routed)           0.026     7.395    design_1_i/tpu_mnist_ip_0/inst/u_tpu_top/u_datapath/u_vector_processing_unit/u_post_process/GEN_BIAS_REQUANT.u_bias_requantize/data_flatten_o_reg[46]_i_2_n_0
    SLICE_X55Y58         CARRY8 (Prop_CARRY8_SLICEL_CI_CO[7])
                                                      0.015     7.410 r  design_1_i/tpu_mnist_ip_0/inst/u_tpu_top/u_datapath/u_vector_processing_unit/u_post_process/GEN_BIAS_REQUANT.u_bias_requantize/data_flatten_o_reg[50]_i_4/CO[7]
                         net (fo=1, routed)           0.026     7.436    design_1_i/tpu_mnist_ip_0/inst/u_tpu_top/u_datapath/u_vector_processing_unit/u_post_process/GEN_BIAS_REQUANT.u_bias_requantize/data_flatten_o_reg[50]_i_4_n_0
    SLICE_X55Y59         CARRY8 (Prop_CARRY8_SLICEL_CI_CO[7])
                                                      0.015     7.451 r  design_1_i/tpu_mnist_ip_0/inst/u_tpu_top/u_datapath/u_vector_processing_unit/u_post_process/GEN_BIAS_REQUANT.u_bias_requantize/data_flatten_o_reg[62]_i_3/CO[7]
                         net (fo=1, routed)           0.026     7.477    design_1_i/tpu_mnist_ip_0/inst/u_tpu_top/u_datapath/u_vector_processing_unit/u_post_process/GEN_BIAS_REQUANT.u_bias_requantize/data_flatten_o_reg[62]_i_3_n_0
    SLICE_X55Y60         CARRY8 (Prop_CARRY8_SLICEL_CI_O[1])
                                                      0.076     7.553 f  design_1_i/tpu_mnist_ip_0/inst/u_tpu_top/u_datapath/u_vector_processing_unit/u_post_process/GEN_BIAS_REQUANT.u_bias_requantize/data_flatten_o_reg[63]_i_18/O[1]
                         net (fo=7, routed)           0.340     7.893    design_1_i/tpu_mnist_ip_0/inst/u_tpu_top/u_datapath/u_vector_processing_unit/u_post_process/GEN_BIAS_REQUANT.u_bias_requantize/(null)[0].rounded_product[63]
    SLICE_X56Y55         LUT3 (Prop_G6LUT_SLICEM_I1_O)
                                                      0.150     8.043 r  design_1_i/tpu_mnist_ip_0/inst/u_tpu_top/u_datapath/u_vector_processing_unit/u_post_process/GEN_BIAS_REQUANT.u_bias_requantize/data_flatten_o[63]_i_244/O
                         net (fo=1, routed)           0.127     8.170    design_1_i/tpu_mnist_ip_0/inst/u_tpu_top/u_datapath/u_vector_processing_unit/u_post_process/GEN_BIAS_REQUANT.u_bias_requantize/data_flatten_o[63]_i_244_n_0
    SLICE_X56Y56         CARRY8 (Prop_CARRY8_SLICEM_CI_CO[7])
                                                      0.153     8.323 r  design_1_i/tpu_mnist_ip_0/inst/u_tpu_top/u_datapath/u_vector_processing_unit/u_post_process/GEN_BIAS_REQUANT.u_bias_requantize/data_flatten_o_reg[63]_i_162/CO[7]
                         net (fo=1, routed)           0.026     8.349    design_1_i/tpu_mnist_ip_0/inst/u_tpu_top/u_datapath/u_vector_processing_unit/u_post_process/GEN_BIAS_REQUANT.u_bias_requantize/data_flatten_o_reg[63]_i_162_n_0
    SLICE_X56Y57         CARRY8 (Prop_CARRY8_SLICEM_CI_CO[7])
                                                      0.015     8.364 r  design_1_i/tpu_mnist_ip_0/inst/u_tpu_top/u_datapath/u_vector_processing_unit/u_post_process/GEN_BIAS_REQUANT.u_bias_requantize/data_flatten_o_reg[63]_i_161/CO[7]
                         net (fo=1, routed)           0.026     8.390    design_1_i/tpu_mnist_ip_0/inst/u_tpu_top/u_datapath/u_vector_processing_unit/u_post_process/GEN_BIAS_REQUANT.u_bias_requantize/data_flatten_o_reg[63]_i_161_n_0
    SLICE_X56Y58         CARRY8 (Prop_CARRY8_SLICEM_CI_CO[7])
                                                      0.015     8.405 r  design_1_i/tpu_mnist_ip_0/inst/u_tpu_top/u_datapath/u_vector_processing_unit/u_post_process/GEN_BIAS_REQUANT.u_bias_requantize/data_flatten_o_reg[63]_i_118/CO[7]
                         net (fo=1, routed)           0.026     8.431    design_1_i/tpu_mnist_ip_0/inst/u_tpu_top/u_datapath/u_vector_processing_unit/u_post_process/GEN_BIAS_REQUANT.u_bias_requantize/data_flatten_o_reg[63]_i_118_n_0
    SLICE_X56Y59         CARRY8 (Prop_CARRY8_SLICEM_CI_O[0])
                                                      0.056     8.487 r  design_1_i/tpu_mnist_ip_0/inst/u_tpu_top/u_datapath/u_vector_processing_unit/u_post_process/GEN_BIAS_REQUANT.u_bias_requantize/data_flatten_o_reg[63]_i_117/O[0]
                         net (fo=4, routed)           0.290     8.777    design_1_i/tpu_mnist_ip_0/inst/u_tpu_top/u_datapath/u_vector_processing_unit/u_post_process/GEN_BIAS_REQUANT.u_bias_requantize/data_flatten_o_reg[63]_i_117_n_15
    SLICE_X52Y58         LUT2 (Prop_B6LUT_SLICEL_I0_O)
                                                      0.148     8.925 r  design_1_i/tpu_mnist_ip_0/inst/u_tpu_top/u_datapath/u_vector_processing_unit/u_post_process/GEN_BIAS_REQUANT.u_bias_requantize/data_flatten_o[63]_i_42/O
                         net (fo=1, routed)           0.009     8.934    design_1_i/tpu_mnist_ip_0/inst/u_tpu_top/u_datapath/u_vector_processing_unit/u_post_process/GEN_BIAS_REQUANT.u_bias_requantize/data_flatten_o[63]_i_42_n_0
    SLICE_X52Y58         CARRY8 (Prop_CARRY8_SLICEL_S[1]_CO[5])
                                                      0.195     9.129 r  design_1_i/tpu_mnist_ip_0/inst/u_tpu_top/u_datapath/u_vector_processing_unit/u_post_process/GEN_BIAS_REQUANT.u_bias_requantize/data_flatten_o_reg[63]_i_5/CO[5]
                         net (fo=22, routed)          0.404     9.533    design_1_i/tpu_mnist_ip_0/inst/u_tpu_top/u_datapath/u_vector_processing_unit/u_post_process/GEN_BIAS_REQUANT.u_bias_requantize/data_flatten_o_reg[63]_i_5_n_2
    SLICE_X50Y54         LUT3 (Prop_D5LUT_SLICEM_I1_O)
                                                      0.097     9.630 r  design_1_i/tpu_mnist_ip_0/inst/u_tpu_top/u_datapath/u_vector_processing_unit/u_post_process/GEN_BIAS_REQUANT.u_bias_requantize/data_flatten_o[50]_i_2/O
                         net (fo=18, routed)          0.313     9.943    design_1_i/tpu_mnist_ip_0/inst/u_tpu_top/u_datapath/u_vector_processing_unit/u_post_process/GEN_BIAS_REQUANT.u_bias_requantize/data_flatten_o[50]_i_2_n_0
    SLICE_X51Y57         LUT5 (Prop_F6LUT_SLICEL_I0_O)
                                                      0.097    10.040 r  design_1_i/tpu_mnist_ip_0/inst/u_tpu_top/u_datapath/u_vector_processing_unit/u_post_process/GEN_BIAS_REQUANT.u_bias_requantize/data_flatten_o[45]_i_1/O
                         net (fo=1, routed)           0.051    10.091    design_1_i/tpu_mnist_ip_0/inst/u_tpu_top/u_datapath/u_vector_processing_unit/u_post_process/GEN_BIAS_REQUANT.u_bias_requantize/p_4_out[45]
    SLICE_X51Y57         FDCE                                         r  design_1_i/tpu_mnist_ip_0/inst/u_tpu_top/u_datapath/u_vector_processing_unit/u_post_process/GEN_BIAS_REQUANT.u_bias_requantize/data_flatten_o_reg[45]/D
  -------------------------------------------------------------------    -------------------

                         (clock clk_pl_0 rise edge)
                                                     10.000    10.000 r  
    PS8_X0Y0             PS8                          0.000    10.000 r  design_1_i/zynq_ultra_ps_e_0/inst/PS8_i/PLCLK[0]
                         net (fo=1, routed)           0.143    10.143    design_1_i/zynq_ultra_ps_e_0/inst/pl_clk_unbuffered[0]
    BUFG_PS_X0Y80        BUFG_PS (Prop_BUFG_PS_I_O)
                                                      0.025    10.168 r  design_1_i/zynq_ultra_ps_e_0/inst/buffer_pl_clk_0.PL_CLK_0_BUFG/O
    X1Y2 (CLOCK_ROOT)    net (fo=3956, routed)        1.581    11.749    design_1_i/tpu_mnist_ip_0/inst/u_tpu_top/u_datapath/u_vector_processing_unit/u_post_process/GEN_BIAS_REQUANT.u_bias_requantize/s_axi_aclk
    SLICE_X51Y57         FDCE                                         r  design_1_i/tpu_mnist_ip_0/inst/u_tpu_top/u_datapath/u_vector_processing_unit/u_post_process/GEN_BIAS_REQUANT.u_bias_requantize/data_flatten_o_reg[45]/C
                         clock pessimism              0.119    11.868    
                         clock uncertainty           -0.130    11.738    
    SLICE_X51Y57         FDCE (Setup_FFF_SLICEL_C_D)
                                                      0.025    11.763    design_1_i/tpu_mnist_ip_0/inst/u_tpu_top/u_datapath/u_vector_processing_unit/u_post_process/GEN_BIAS_REQUANT.u_bias_requantize/data_flatten_o_reg[45]
  -------------------------------------------------------------------
                         required time                         11.763    
                         arrival time                         -10.091    
  -------------------------------------------------------------------
                         slack                                  1.672    

Slack (MET) :             1.672ns  (required time - arrival time)
  Source:                 design_1_i/tpu_mnist_ip_0/inst/u_tpu_top/u_datapath/u_accumulator_array/read_data_flatten_o_reg[40]/C
                            (rising edge-triggered cell FDCE clocked by clk_pl_0  {rise@0.000ns fall@5.000ns period=10.000ns})
  Destination:            design_1_i/tpu_mnist_ip_0/inst/u_tpu_top/u_datapath/u_vector_processing_unit/u_post_process/GEN_BIAS_REQUANT.u_bias_requantize/data_flatten_o_reg[47]/D
                            (rising edge-triggered cell FDCE clocked by clk_pl_0  {rise@0.000ns fall@5.000ns period=10.000ns})
  Path Group:             clk_pl_0
  Path Type:              Setup (Max at Slow Process Corner)
  Requirement:            10.000ns  (clk_pl_0 rise@10.000ns - clk_pl_0 rise@0.000ns)
  Data Path Delay:        8.057ns  (logic 4.499ns (55.837%)  route 3.558ns (44.163%))
  Logic Levels:           35  (CARRY8=20 DSP_A_B_DATA=1 DSP_ALU=2 DSP_M_DATA=1 DSP_MULTIPLIER=1 DSP_OUTPUT=2 DSP_PREADD_DATA=1 LUT2=4 LUT3=2 LUT5=1)
  Clock Path Skew:        -0.166ns (DCD - SCD + CPR)
    Destination Clock Delay (DCD):    1.731ns = ( 11.731 - 10.000 ) 
    Source Clock Delay      (SCD):    2.016ns
    Clock Pessimism Removal (CPR):    0.119ns
  Clock Uncertainty:      0.130ns  ((TSJ^2 + DJ^2)^1/2) / 2 + PE
    Total System Jitter     (TSJ):    0.071ns
    Discrete Jitter          (DJ):    0.250ns
    Phase Error              (PE):    0.000ns
  Clock Net Delay (Source):      1.808ns (routing 0.569ns, distribution 1.239ns)
  Clock Net Delay (Destination): 1.563ns (routing 0.512ns, distribution 1.051ns)

    Location             Delay type                Incr(ns)  Path(ns)    Netlist Resource(s)
  -------------------------------------------------------------------    -------------------
                         (clock clk_pl_0 rise edge)
                                                      0.000     0.000 r  
    PS8_X0Y0             PS8                          0.000     0.000 r  design_1_i/zynq_ultra_ps_e_0/inst/PS8_i/PLCLK[0]
                         net (fo=1, routed)           0.180     0.180    design_1_i/zynq_ultra_ps_e_0/inst/pl_clk_unbuffered[0]
    BUFG_PS_X0Y80        BUFG_PS (Prop_BUFG_PS_I_O)
                                                      0.028     0.208 r  design_1_i/zynq_ultra_ps_e_0/inst/buffer_pl_clk_0.PL_CLK_0_BUFG/O
    X1Y2 (CLOCK_ROOT)    net (fo=3956, routed)        1.808     2.016    design_1_i/tpu_mnist_ip_0/inst/u_tpu_top/u_datapath/u_accumulator_array/s_axi_aclk
    SLICE_X63Y64         FDCE                                         r  design_1_i/tpu_mnist_ip_0/inst/u_tpu_top/u_datapath/u_accumulator_array/read_data_flatten_o_reg[40]/C
  -------------------------------------------------------------------    -------------------
    SLICE_X63Y64         FDCE (Prop_DFF_SLICEM_C_Q)
                                                      0.078     2.094 r  design_1_i/tpu_mnist_ip_0/inst/u_tpu_top/u_datapath/u_accumulator_array/read_data_flatten_o_reg[40]/Q
                         net (fo=2, routed)           0.537     2.631    design_1_i/tpu_mnist_ip_0/inst/u_tpu_top/u_datapath/u_vector_processing_unit/u_post_process/GEN_BIAS_REQUANT.u_bias_requantize/(null)[0].shifted_value0__4_0[40]
    SLICE_X57Y56         LUT2 (Prop_A6LUT_SLICEM_I0_O)
                                                      0.090     2.721 r  design_1_i/tpu_mnist_ip_0/inst/u_tpu_top/u_datapath/u_vector_processing_unit/u_post_process/GEN_BIAS_REQUANT.u_bias_requantize/(null)[0].shifted_value0__5_i_10/O
                         net (fo=1, routed)           0.013     2.734    design_1_i/tpu_mnist_ip_0/inst/u_tpu_top/u_datapath/u_vector_processing_unit/u_post_process/GEN_BIAS_REQUANT.u_bias_requantize/(null)[0].shifted_value0__5_i_10_n_0
    SLICE_X57Y56         CARRY8 (Prop_CARRY8_SLICEM_S[0]_CO[7])
                                                      0.192     2.926 r  design_1_i/tpu_mnist_ip_0/inst/u_tpu_top/u_datapath/u_vector_processing_unit/u_post_process/GEN_BIAS_REQUANT.u_bias_requantize/(null)[0].shifted_value0__5_i_1/CO[7]
                         net (fo=1, routed)           0.026     2.952    design_1_i/tpu_mnist_ip_0/inst/u_tpu_top/u_datapath/u_vector_processing_unit/u_post_process/GEN_BIAS_REQUANT.u_bias_requantize/(null)[0].shifted_value0__5_i_1_n_0
    SLICE_X57Y57         CARRY8 (Prop_CARRY8_SLICEM_CI_CO[7])
                                                      0.015     2.967 r  design_1_i/tpu_mnist_ip_0/inst/u_tpu_top/u_datapath/u_vector_processing_unit/u_post_process/GEN_BIAS_REQUANT.u_bias_requantize/(null)[0].shifted_value0__3_i_3/CO[7]
                         net (fo=1, routed)           0.026     2.993    design_1_i/tpu_mnist_ip_0/inst/u_tpu_top/u_datapath/u_vector_processing_unit/u_post_process/GEN_BIAS_REQUANT.u_bias_requantize/(null)[0].shifted_value0__3_i_3_n_0
    SLICE_X57Y58         CARRY8 (Prop_CARRY8_SLICEM_CI_CO[7])
                                                      0.015     3.008 r  design_1_i/tpu_mnist_ip_0/inst/u_tpu_top/u_datapath/u_vector_processing_unit/u_post_process/GEN_BIAS_REQUANT.u_bias_requantize/(null)[0].shifted_value0__3_i_2/CO[7]
                         net (fo=1, routed)           0.026     3.034    design_1_i/tpu_mnist_ip_0/inst/u_tpu_top/u_datapath/u_vector_processing_unit/u_post_process/GEN_BIAS_REQUANT.u_bias_requantize/(null)[0].shifted_value0__3_i_2_n_0
    SLICE_X57Y59         CARRY8 (Prop_CARRY8_SLICEM_CI_O[0])
                                                      0.056     3.090 f  design_1_i/tpu_mnist_ip_0/inst/u_tpu_top/u_datapath/u_vector_processing_unit/u_post_process/GEN_BIAS_REQUANT.u_bias_requantize/(null)[0].shifted_value0__3_i_1/O[0]
                         net (fo=18, routed)          0.397     3.487    design_1_i/tpu_mnist_ip_0/inst/u_tpu_top/u_datapath/u_vector_processing_unit/u_post_process/GEN_BIAS_REQUANT.u_bias_requantize/(null)[0].shifted_value0__3/B[16]
    DSP48E2_X5Y22        DSP_A_B_DATA (Prop_DSP_A_B_DATA_DSP48E2_B[16]_B2_DATA[16])
                                                      0.151     3.638 r  design_1_i/tpu_mnist_ip_0/inst/u_tpu_top/u_datapath/u_vector_processing_unit/u_post_process/GEN_BIAS_REQUANT.u_bias_requantize/(null)[0].shifted_value0__3/DSP_A_B_DATA_INST/B2_DATA[16]
                         net (fo=1, routed)           0.000     3.638    design_1_i/tpu_mnist_ip_0/inst/u_tpu_top/u_datapath/u_vector_processing_unit/u_post_process/GEN_BIAS_REQUANT.u_bias_requantize/(null)[0].shifted_value0__3/DSP_A_B_DATA.B2_DATA<16>
    DSP48E2_X5Y22        DSP_PREADD_DATA (Prop_DSP_PREADD_DATA_DSP48E2_B2_DATA[16]_B2B1[16])
                                                      0.073     3.711 r  design_1_i/tpu_mnist_ip_0/inst/u_tpu_top/u_datapath/u_vector_processing_unit/u_post_process/GEN_BIAS_REQUANT.u_bias_requantize/(null)[0].shifted_value0__3/DSP_PREADD_DATA_INST/B2B1[16]
                         net (fo=1, routed)           0.000     3.711    design_1_i/tpu_mnist_ip_0/inst/u_tpu_top/u_datapath/u_vector_processing_unit/u_post_process/GEN_BIAS_REQUANT.u_bias_requantize/(null)[0].shifted_value0__3/DSP_PREADD_DATA.B2B1<16>
    DSP48E2_X5Y22        DSP_MULTIPLIER (Prop_DSP_MULTIPLIER_DSP48E2_B2B1[16]_V[43])
                                                      0.609     4.320 f  design_1_i/tpu_mnist_ip_0/inst/u_tpu_top/u_datapath/u_vector_processing_unit/u_post_process/GEN_BIAS_REQUANT.u_bias_requantize/(null)[0].shifted_value0__3/DSP_MULTIPLIER_INST/V[43]
                         net (fo=1, routed)           0.000     4.320    design_1_i/tpu_mnist_ip_0/inst/u_tpu_top/u_datapath/u_vector_processing_unit/u_post_process/GEN_BIAS_REQUANT.u_bias_requantize/(null)[0].shifted_value0__3/DSP_MULTIPLIER.V<43>
    DSP48E2_X5Y22        DSP_M_DATA (Prop_DSP_M_DATA_DSP48E2_V[43]_V_DATA[43])
                                                      0.046     4.366 r  design_1_i/tpu_mnist_ip_0/inst/u_tpu_top/u_datapath/u_vector_processing_unit/u_post_process/GEN_BIAS_REQUANT.u_bias_requantize/(null)[0].shifted_value0__3/DSP_M_DATA_INST/V_DATA[43]
                         net (fo=1, routed)           0.000     4.366    design_1_i/tpu_mnist_ip_0/inst/u_tpu_top/u_datapath/u_vector_processing_unit/u_post_process/GEN_BIAS_REQUANT.u_bias_requantize/(null)[0].shifted_value0__3/DSP_M_DATA.V_DATA<43>
    DSP48E2_X5Y22        DSP_ALU (Prop_DSP_ALU_DSP48E2_V_DATA[43]_ALU_OUT[47])
                                                      0.571     4.937 f  design_1_i/tpu_mnist_ip_0/inst/u_tpu_top/u_datapath/u_vector_processing_unit/u_post_process/GEN_BIAS_REQUANT.u_bias_requantize/(null)[0].shifted_value0__3/DSP_ALU_INST/ALU_OUT[47]
                         net (fo=1, routed)           0.000     4.937    design_1_i/tpu_mnist_ip_0/inst/u_tpu_top/u_datapath/u_vector_processing_unit/u_post_process/GEN_BIAS_REQUANT.u_bias_requantize/(null)[0].shifted_value0__3/DSP_ALU.ALU_OUT<47>
    DSP48E2_X5Y22        DSP_OUTPUT (Prop_DSP_OUTPUT_DSP48E2_ALU_OUT[47]_PCOUT[47])
                                                      0.122     5.059 r  design_1_i/tpu_mnist_ip_0/inst/u_tpu_top/u_datapath/u_vector_processing_unit/u_post_process/GEN_BIAS_REQUANT.u_bias_requantize/(null)[0].shifted_value0__3/DSP_OUTPUT_INST/PCOUT[47]
                         net (fo=1, routed)           0.014     5.073    design_1_i/tpu_mnist_ip_0/inst/u_tpu_top/u_datapath/u_vector_processing_unit/u_post_process/GEN_BIAS_REQUANT.u_bias_requantize/(null)[0].shifted_value0__4/PCIN[47]
    DSP48E2_X5Y23        DSP_ALU (Prop_DSP_ALU_DSP48E2_PCIN[47]_ALU_OUT[6])
                                                      0.546     5.619 f  design_1_i/tpu_mnist_ip_0/inst/u_tpu_top/u_datapath/u_vector_processing_unit/u_post_process/GEN_BIAS_REQUANT.u_bias_requantize/(null)[0].shifted_value0__4/DSP_ALU_INST/ALU_OUT[6]
                         net (fo=1, routed)           0.000     5.619    design_1_i/tpu_mnist_ip_0/inst/u_tpu_top/u_datapath/u_vector_processing_unit/u_post_process/GEN_BIAS_REQUANT.u_bias_requantize/(null)[0].shifted_value0__4/DSP_ALU.ALU_OUT<6>
    DSP48E2_X5Y23        DSP_OUTPUT (Prop_DSP_OUTPUT_DSP48E2_ALU_OUT[6]_P[6])
                                                      0.109     5.728 r  design_1_i/tpu_mnist_ip_0/inst/u_tpu_top/u_datapath/u_vector_processing_unit/u_post_process/GEN_BIAS_REQUANT.u_bias_requantize/(null)[0].shifted_value0__4/DSP_OUTPUT_INST/P[6]
                         net (fo=1, routed)           0.319     6.047    design_1_i/tpu_mnist_ip_0/inst/u_tpu_top/u_datapath/u_vector_processing_unit/u_post_process/GEN_BIAS_REQUANT.u_bias_requantize/p_0_in[40]
    SLICE_X54Y58         LUT2 (Prop_A6LUT_SLICEM_I1_O)
                                                      0.150     6.197 r  design_1_i/tpu_mnist_ip_0/inst/u_tpu_top/u_datapath/u_vector_processing_unit/u_post_process/GEN_BIAS_REQUANT.u_bias_requantize/data_flatten_o[50]_i_32/O
                         net (fo=1, routed)           0.013     6.210    design_1_i/tpu_mnist_ip_0/inst/u_tpu_top/u_datapath/u_vector_processing_unit/u_post_process/GEN_BIAS_REQUANT.u_bias_requantize/data_flatten_o[50]_i_32_n_0
    SLICE_X54Y58         CARRY8 (Prop_CARRY8_SLICEM_S[0]_CO[7])
                                                      0.192     6.402 r  design_1_i/tpu_mnist_ip_0/inst/u_tpu_top/u_datapath/u_vector_processing_unit/u_post_process/GEN_BIAS_REQUANT.u_bias_requantize/data_flatten_o_reg[50]_i_7/CO[7]
                         net (fo=1, routed)           0.026     6.428    design_1_i/tpu_mnist_ip_0/inst/u_tpu_top/u_datapath/u_vector_processing_unit/u_post_process/GEN_BIAS_REQUANT.u_bias_requantize/data_flatten_o_reg[50]_i_7_n_0
    SLICE_X54Y59         CARRY8 (Prop_CARRY8_SLICEM_CI_CO[7])
                                                      0.015     6.443 r  design_1_i/tpu_mnist_ip_0/inst/u_tpu_top/u_datapath/u_vector_processing_unit/u_post_process/GEN_BIAS_REQUANT.u_bias_requantize/data_flatten_o_reg[50]_i_33/CO[7]
                         net (fo=1, routed)           0.026     6.469    design_1_i/tpu_mnist_ip_0/inst/u_tpu_top/u_datapath/u_vector_processing_unit/u_post_process/GEN_BIAS_REQUANT.u_bias_requantize/data_flatten_o_reg[50]_i_33_n_0
    SLICE_X54Y60         CARRY8 (Prop_CARRY8_SLICEM_CI_CO[7])
                                                      0.015     6.484 r  design_1_i/tpu_mnist_ip_0/inst/u_tpu_top/u_datapath/u_vector_processing_unit/u_post_process/GEN_BIAS_REQUANT.u_bias_requantize/data_flatten_o_reg[63]_i_73/CO[7]
                         net (fo=1, routed)           0.026     6.510    design_1_i/tpu_mnist_ip_0/inst/u_tpu_top/u_datapath/u_vector_processing_unit/u_post_process/GEN_BIAS_REQUANT.u_bias_requantize/data_flatten_o_reg[63]_i_73_n_0
    SLICE_X54Y61         CARRY8 (Prop_CARRY8_SLICEM_CI_O[0])
                                                      0.056     6.566 r  design_1_i/tpu_mnist_ip_0/inst/u_tpu_top/u_datapath/u_vector_processing_unit/u_post_process/GEN_BIAS_REQUANT.u_bias_requantize/data_flatten_o_reg[50]_i_6/O[0]
                         net (fo=125, routed)         0.432     6.997    design_1_i/tpu_mnist_ip_0/inst/u_tpu_top/u_datapath/u_vector_processing_unit/u_post_process/GEN_BIAS_REQUANT.u_bias_requantize/data_flatten_o_reg[50]_i_6_n_15
    SLICE_X55Y54         LUT2 (Prop_A6LUT_SLICEL_I0_O)
                                                      0.050     7.047 r  design_1_i/tpu_mnist_ip_0/inst/u_tpu_top/u_datapath/u_vector_processing_unit/u_post_process/GEN_BIAS_REQUANT.u_bias_requantize/data_flatten_o[38]_i_28/O
                         net (fo=1, routed)           0.009     7.056    design_1_i/tpu_mnist_ip_0/inst/u_tpu_top/u_datapath/u_vector_processing_unit/u_post_process/GEN_BIAS_REQUANT.u_bias_requantize/data_flatten_o[38]_i_28_n_0
    SLICE_X55Y54         CARRY8 (Prop_CARRY8_SLICEL_S[0]_CO[7])
                                                      0.190     7.246 r  design_1_i/tpu_mnist_ip_0/inst/u_tpu_top/u_datapath/u_vector_processing_unit/u_post_process/GEN_BIAS_REQUANT.u_bias_requantize/data_flatten_o_reg[38]_i_12/CO[7]
                         net (fo=1, routed)           0.026     7.272    design_1_i/tpu_mnist_ip_0/inst/u_tpu_top/u_datapath/u_vector_processing_unit/u_post_process/GEN_BIAS_REQUANT.u_bias_requantize/data_flatten_o_reg[38]_i_12_n_0
    SLICE_X55Y55         CARRY8 (Prop_CARRY8_SLICEL_CI_CO[7])
                                                      0.015     7.287 r  design_1_i/tpu_mnist_ip_0/inst/u_tpu_top/u_datapath/u_vector_processing_unit/u_post_process/GEN_BIAS_REQUANT.u_bias_requantize/data_flatten_o_reg[38]_i_3/CO[7]
                         net (fo=1, routed)           0.026     7.313    design_1_i/tpu_mnist_ip_0/inst/u_tpu_top/u_datapath/u_vector_processing_unit/u_post_process/GEN_BIAS_REQUANT.u_bias_requantize/data_flatten_o_reg[38]_i_3_n_0
    SLICE_X55Y56         CARRY8 (Prop_CARRY8_SLICEL_CI_CO[7])
                                                      0.015     7.328 r  design_1_i/tpu_mnist_ip_0/inst/u_tpu_top/u_datapath/u_vector_processing_unit/u_post_process/GEN_BIAS_REQUANT.u_bias_requantize/data_flatten_o_reg[38]_i_2/CO[7]
                         net (fo=1, routed)           0.026     7.354    design_1_i/tpu_mnist_ip_0/inst/u_tpu_top/u_datapath/u_vector_processing_unit/u_post_process/GEN_BIAS_REQUANT.u_bias_requantize/data_flatten_o_reg[38]_i_2_n_0
    SLICE_X55Y57         CARRY8 (Prop_CARRY8_SLICEL_CI_CO[7])
                                                      0.015     7.369 r  design_1_i/tpu_mnist_ip_0/inst/u_tpu_top/u_datapath/u_vector_processing_unit/u_post_process/GEN_BIAS_REQUANT.u_bias_requantize/data_flatten_o_reg[46]_i_2/CO[7]
                         net (fo=1, routed)           0.026     7.395    design_1_i/tpu_mnist_ip_0/inst/u_tpu_top/u_datapath/u_vector_processing_unit/u_post_process/GEN_BIAS_REQUANT.u_bias_requantize/data_flatten_o_reg[46]_i_2_n_0
    SLICE_X55Y58         CARRY8 (Prop_CARRY8_SLICEL_CI_CO[7])
                                                      0.015     7.410 r  design_1_i/tpu_mnist_ip_0/inst/u_tpu_top/u_datapath/u_vector_processing_unit/u_post_process/GEN_BIAS_REQUANT.u_bias_requantize/data_flatten_o_reg[50]_i_4/CO[7]
                         net (fo=1, routed)           0.026     7.436    design_1_i/tpu_mnist_ip_0/inst/u_tpu_top/u_datapath/u_vector_processing_unit/u_post_process/GEN_BIAS_REQUANT.u_bias_requantize/data_flatten_o_reg[50]_i_4_n_0
    SLICE_X55Y59         CARRY8 (Prop_CARRY8_SLICEL_CI_CO[7])
                                                      0.015     7.451 r  design_1_i/tpu_mnist_ip_0/inst/u_tpu_top/u_datapath/u_vector_processing_unit/u_post_process/GEN_BIAS_REQUANT.u_bias_requantize/data_flatten_o_reg[62]_i_3/CO[7]
                         net (fo=1, routed)           0.026     7.477    design_1_i/tpu_mnist_ip_0/inst/u_tpu_top/u_datapath/u_vector_processing_unit/u_post_process/GEN_BIAS_REQUANT.u_bias_requantize/data_flatten_o_reg[62]_i_3_n_0
    SLICE_X55Y60         CARRY8 (Prop_CARRY8_SLICEL_CI_O[1])
                                                      0.076     7.553 f  design_1_i/tpu_mnist_ip_0/inst/u_tpu_top/u_datapath/u_vector_processing_unit/u_post_process/GEN_BIAS_REQUANT.u_bias_requantize/data_flatten_o_reg[63]_i_18/O[1]
                         net (fo=7, routed)           0.340     7.893    design_1_i/tpu_mnist_ip_0/inst/u_tpu_top/u_datapath/u_vector_processing_unit/u_post_process/GEN_BIAS_REQUANT.u_bias_requantize/(null)[0].rounded_product[63]
    SLICE_X56Y55         LUT3 (Prop_G6LUT_SLICEM_I1_O)
                                                      0.150     8.043 r  design_1_i/tpu_mnist_ip_0/inst/u_tpu_top/u_datapath/u_vector_processing_unit/u_post_process/GEN_BIAS_REQUANT.u_bias_requantize/data_flatten_o[63]_i_244/O
                         net (fo=1, routed)           0.127     8.170    design_1_i/tpu_mnist_ip_0/inst/u_tpu_top/u_datapath/u_vector_processing_unit/u_post_process/GEN_BIAS_REQUANT.u_bias_requantize/data_flatten_o[63]_i_244_n_0
    SLICE_X56Y56         CARRY8 (Prop_CARRY8_SLICEM_CI_CO[7])
                                                      0.153     8.323 r  design_1_i/tpu_mnist_ip_0/inst/u_tpu_top/u_datapath/u_vector_processing_unit/u_post_process/GEN_BIAS_REQUANT.u_bias_requantize/data_flatten_o_reg[63]_i_162/CO[7]
                         net (fo=1, routed)           0.026     8.349    design_1_i/tpu_mnist_ip_0/inst/u_tpu_top/u_datapath/u_vector_processing_unit/u_post_process/GEN_BIAS_REQUANT.u_bias_requantize/data_flatten_o_reg[63]_i_162_n_0
    SLICE_X56Y57         CARRY8 (Prop_CARRY8_SLICEM_CI_CO[7])
                                                      0.015     8.364 r  design_1_i/tpu_mnist_ip_0/inst/u_tpu_top/u_datapath/u_vector_processing_unit/u_post_process/GEN_BIAS_REQUANT.u_bias_requantize/data_flatten_o_reg[63]_i_161/CO[7]
                         net (fo=1, routed)           0.026     8.390    design_1_i/tpu_mnist_ip_0/inst/u_tpu_top/u_datapath/u_vector_processing_unit/u_post_process/GEN_BIAS_REQUANT.u_bias_requantize/data_flatten_o_reg[63]_i_161_n_0
    SLICE_X56Y58         CARRY8 (Prop_CARRY8_SLICEM_CI_CO[7])
                                                      0.015     8.405 r  design_1_i/tpu_mnist_ip_0/inst/u_tpu_top/u_datapath/u_vector_processing_unit/u_post_process/GEN_BIAS_REQUANT.u_bias_requantize/data_flatten_o_reg[63]_i_118/CO[7]
                         net (fo=1, routed)           0.026     8.431    design_1_i/tpu_mnist_ip_0/inst/u_tpu_top/u_datapath/u_vector_processing_unit/u_post_process/GEN_BIAS_REQUANT.u_bias_requantize/data_flatten_o_reg[63]_i_118_n_0
    SLICE_X56Y59         CARRY8 (Prop_CARRY8_SLICEM_CI_O[0])
                                                      0.056     8.487 r  design_1_i/tpu_mnist_ip_0/inst/u_tpu_top/u_datapath/u_vector_processing_unit/u_post_process/GEN_BIAS_REQUANT.u_bias_requantize/data_flatten_o_reg[63]_i_117/O[0]
                         net (fo=4, routed)           0.290     8.777    design_1_i/tpu_mnist_ip_0/inst/u_tpu_top/u_datapath/u_vector_processing_unit/u_post_process/GEN_BIAS_REQUANT.u_bias_requantize/data_flatten_o_reg[63]_i_117_n_15
    SLICE_X52Y58         LUT2 (Prop_B6LUT_SLICEL_I0_O)
                                                      0.148     8.925 r  design_1_i/tpu_mnist_ip_0/inst/u_tpu_top/u_datapath/u_vector_processing_unit/u_post_process/GEN_BIAS_REQUANT.u_bias_requantize/data_flatten_o[63]_i_42/O
                         net (fo=1, routed)           0.009     8.934    design_1_i/tpu_mnist_ip_0/inst/u_tpu_top/u_datapath/u_vector_processing_unit/u_post_process/GEN_BIAS_REQUANT.u_bias_requantize/data_flatten_o[63]_i_42_n_0
    SLICE_X52Y58         CARRY8 (Prop_CARRY8_SLICEL_S[1]_CO[5])
                                                      0.195     9.129 r  design_1_i/tpu_mnist_ip_0/inst/u_tpu_top/u_datapath/u_vector_processing_unit/u_post_process/GEN_BIAS_REQUANT.u_bias_requantize/data_flatten_o_reg[63]_i_5/CO[5]
                         net (fo=22, routed)          0.373     9.502    design_1_i/tpu_mnist_ip_0/inst/u_tpu_top/u_datapath/u_vector_processing_unit/u_post_process/GEN_BIAS_REQUANT.u_bias_requantize/data_flatten_o_reg[63]_i_5_n_2
    SLICE_X50Y55         LUT3 (Prop_H6LUT_SLICEM_I2_O)
                                                      0.152     9.654 r  design_1_i/tpu_mnist_ip_0/inst/u_tpu_top/u_datapath/u_vector_processing_unit/u_post_process/GEN_BIAS_REQUANT.u_bias_requantize/data_flatten_o[50]_i_3/O
                         net (fo=12, routed)          0.246     9.900    design_1_i/tpu_mnist_ip_0/inst/u_tpu_top/u_datapath/u_vector_processing_unit/u_post_process/GEN_BIAS_REQUANT.u_bias_requantize/data_flatten_o[50]_i_3_n_0
    SLICE_X52Y54         LUT5 (Prop_C6LUT_SLICEL_I1_O)
                                                      0.123    10.023 r  design_1_i/tpu_mnist_ip_0/inst/u_tpu_top/u_datapath/u_vector_processing_unit/u_post_process/GEN_BIAS_REQUANT.u_bias_requantize/data_flatten_o[47]_i_1/O
                         net (fo=1, routed)           0.050    10.073    design_1_i/tpu_mnist_ip_0/inst/u_tpu_top/u_datapath/u_vector_processing_unit/u_post_process/GEN_BIAS_REQUANT.u_bias_requantize/p_4_out[47]
    SLICE_X52Y54         FDCE                                         r  design_1_i/tpu_mnist_ip_0/inst/u_tpu_top/u_datapath/u_vector_processing_unit/u_post_process/GEN_BIAS_REQUANT.u_bias_requantize/data_flatten_o_reg[47]/D
  -------------------------------------------------------------------    -------------------

                         (clock clk_pl_0 rise edge)
                                                     10.000    10.000 r  
    PS8_X0Y0             PS8                          0.000    10.000 r  design_1_i/zynq_ultra_ps_e_0/inst/PS8_i/PLCLK[0]
                         net (fo=1, routed)           0.143    10.143    design_1_i/zynq_ultra_ps_e_0/inst/pl_clk_unbuffered[0]
    BUFG_PS_X0Y80        BUFG_PS (Prop_BUFG_PS_I_O)
                                                      0.025    10.168 r  design_1_i/zynq_ultra_ps_e_0/inst/buffer_pl_clk_0.PL_CLK_0_BUFG/O
    X1Y2 (CLOCK_ROOT)    net (fo=3956, routed)        1.563    11.731    design_1_i/tpu_mnist_ip_0/inst/u_tpu_top/u_datapath/u_vector_processing_unit/u_post_process/GEN_BIAS_REQUANT.u_bias_requantize/s_axi_aclk
    SLICE_X52Y54         FDCE                                         r  design_1_i/tpu_mnist_ip_0/inst/u_tpu_top/u_datapath/u_vector_processing_unit/u_post_process/GEN_BIAS_REQUANT.u_bias_requantize/data_flatten_o_reg[47]/C
                         clock pessimism              0.119    11.850    
                         clock uncertainty           -0.130    11.720    
    SLICE_X52Y54         FDCE (Setup_CFF_SLICEL_C_D)
                                                      0.025    11.745    design_1_i/tpu_mnist_ip_0/inst/u_tpu_top/u_datapath/u_vector_processing_unit/u_post_process/GEN_BIAS_REQUANT.u_bias_requantize/data_flatten_o_reg[47]
  -------------------------------------------------------------------
                         required time                         11.745    
                         arrival time                         -10.073    
  -------------------------------------------------------------------
                         slack                                  1.672    

Slack (MET) :             1.707ns  (required time - arrival time)
  Source:                 design_1_i/tpu_mnist_ip_0/inst/u_tpu_top/u_datapath/u_accumulator_array/read_data_flatten_o_reg[40]/C
                            (rising edge-triggered cell FDCE clocked by clk_pl_0  {rise@0.000ns fall@5.000ns period=10.000ns})
  Destination:            design_1_i/tpu_mnist_ip_0/inst/u_tpu_top/u_datapath/u_vector_processing_unit/u_post_process/GEN_BIAS_REQUANT.u_bias_requantize/data_flatten_o_reg[48]/D
                            (rising edge-triggered cell FDCE clocked by clk_pl_0  {rise@0.000ns fall@5.000ns period=10.000ns})
  Path Group:             clk_pl_0
  Path Type:              Setup (Max at Slow Process Corner)
  Requirement:            10.000ns  (clk_pl_0 rise@10.000ns - clk_pl_0 rise@0.000ns)
  Data Path Delay:        8.022ns  (logic 4.427ns (55.184%)  route 3.595ns (44.816%))
  Logic Levels:           35  (CARRY8=20 DSP_A_B_DATA=1 DSP_ALU=2 DSP_M_DATA=1 DSP_MULTIPLIER=1 DSP_OUTPUT=2 DSP_PREADD_DATA=1 LUT2=4 LUT3=2 LUT5=1)
  Clock Path Skew:        -0.166ns (DCD - SCD + CPR)
    Destination Clock Delay (DCD):    1.731ns = ( 11.731 - 10.000 ) 
    Source Clock Delay      (SCD):    2.016ns
    Clock Pessimism Removal (CPR):    0.119ns
  Clock Uncertainty:      0.130ns  ((TSJ^2 + DJ^2)^1/2) / 2 + PE
    Total System Jitter     (TSJ):    0.071ns
    Discrete Jitter          (DJ):    0.250ns
    Phase Error              (PE):    0.000ns
  Clock Net Delay (Source):      1.808ns (routing 0.569ns, distribution 1.239ns)
  Clock Net Delay (Destination): 1.563ns (routing 0.512ns, distribution 1.051ns)

    Location             Delay type                Incr(ns)  Path(ns)    Netlist Resource(s)
  -------------------------------------------------------------------    -------------------
                         (clock clk_pl_0 rise edge)
                                                      0.000     0.000 r  
    PS8_X0Y0             PS8                          0.000     0.000 r  design_1_i/zynq_ultra_ps_e_0/inst/PS8_i/PLCLK[0]
                         net (fo=1, routed)           0.180     0.180    design_1_i/zynq_ultra_ps_e_0/inst/pl_clk_unbuffered[0]
    BUFG_PS_X0Y80        BUFG_PS (Prop_BUFG_PS_I_O)
                                                      0.028     0.208 r  design_1_i/zynq_ultra_ps_e_0/inst/buffer_pl_clk_0.PL_CLK_0_BUFG/O
    X1Y2 (CLOCK_ROOT)    net (fo=3956, routed)        1.808     2.016    design_1_i/tpu_mnist_ip_0/inst/u_tpu_top/u_datapath/u_accumulator_array/s_axi_aclk
    SLICE_X63Y64         FDCE                                         r  design_1_i/tpu_mnist_ip_0/inst/u_tpu_top/u_datapath/u_accumulator_array/read_data_flatten_o_reg[40]/C
  -------------------------------------------------------------------    -------------------
    SLICE_X63Y64         FDCE (Prop_DFF_SLICEM_C_Q)
                                                      0.078     2.094 r  design_1_i/tpu_mnist_ip_0/inst/u_tpu_top/u_datapath/u_accumulator_array/read_data_flatten_o_reg[40]/Q
                         net (fo=2, routed)           0.537     2.631    design_1_i/tpu_mnist_ip_0/inst/u_tpu_top/u_datapath/u_vector_processing_unit/u_post_process/GEN_BIAS_REQUANT.u_bias_requantize/(null)[0].shifted_value0__4_0[40]
    SLICE_X57Y56         LUT2 (Prop_A6LUT_SLICEM_I0_O)
                                                      0.090     2.721 r  design_1_i/tpu_mnist_ip_0/inst/u_tpu_top/u_datapath/u_vector_processing_unit/u_post_process/GEN_BIAS_REQUANT.u_bias_requantize/(null)[0].shifted_value0__5_i_10/O
                         net (fo=1, routed)           0.013     2.734    design_1_i/tpu_mnist_ip_0/inst/u_tpu_top/u_datapath/u_vector_processing_unit/u_post_process/GEN_BIAS_REQUANT.u_bias_requantize/(null)[0].shifted_value0__5_i_10_n_0
    SLICE_X57Y56         CARRY8 (Prop_CARRY8_SLICEM_S[0]_CO[7])
                                                      0.192     2.926 r  design_1_i/tpu_mnist_ip_0/inst/u_tpu_top/u_datapath/u_vector_processing_unit/u_post_process/GEN_BIAS_REQUANT.u_bias_requantize/(null)[0].shifted_value0__5_i_1/CO[7]
                         net (fo=1, routed)           0.026     2.952    design_1_i/tpu_mnist_ip_0/inst/u_tpu_top/u_datapath/u_vector_processing_unit/u_post_process/GEN_BIAS_REQUANT.u_bias_requantize/(null)[0].shifted_value0__5_i_1_n_0
    SLICE_X57Y57         CARRY8 (Prop_CARRY8_SLICEM_CI_CO[7])
                                                      0.015     2.967 r  design_1_i/tpu_mnist_ip_0/inst/u_tpu_top/u_datapath/u_vector_processing_unit/u_post_process/GEN_BIAS_REQUANT.u_bias_requantize/(null)[0].shifted_value0__3_i_3/CO[7]
                         net (fo=1, routed)           0.026     2.993    design_1_i/tpu_mnist_ip_0/inst/u_tpu_top/u_datapath/u_vector_processing_unit/u_post_process/GEN_BIAS_REQUANT.u_bias_requantize/(null)[0].shifted_value0__3_i_3_n_0
    SLICE_X57Y58         CARRY8 (Prop_CARRY8_SLICEM_CI_CO[7])
                                                      0.015     3.008 r  design_1_i/tpu_mnist_ip_0/inst/u_tpu_top/u_datapath/u_vector_processing_unit/u_post_process/GEN_BIAS_REQUANT.u_bias_requantize/(null)[0].shifted_value0__3_i_2/CO[7]
                         net (fo=1, routed)           0.026     3.034    design_1_i/tpu_mnist_ip_0/inst/u_tpu_top/u_datapath/u_vector_processing_unit/u_post_process/GEN_BIAS_REQUANT.u_bias_requantize/(null)[0].shifted_value0__3_i_2_n_0
    SLICE_X57Y59         CARRY8 (Prop_CARRY8_SLICEM_CI_O[0])
                                                      0.056     3.090 f  design_1_i/tpu_mnist_ip_0/inst/u_tpu_top/u_datapath/u_vector_processing_unit/u_post_process/GEN_BIAS_REQUANT.u_bias_requantize/(null)[0].shifted_value0__3_i_1/O[0]
                         net (fo=18, routed)          0.397     3.487    design_1_i/tpu_mnist_ip_0/inst/u_tpu_top/u_datapath/u_vector_processing_unit/u_post_process/GEN_BIAS_REQUANT.u_bias_requantize/(null)[0].shifted_value0__3/B[16]
    DSP48E2_X5Y22        DSP_A_B_DATA (Prop_DSP_A_B_DATA_DSP48E2_B[16]_B2_DATA[16])
                                                      0.151     3.638 r  design_1_i/tpu_mnist_ip_0/inst/u_tpu_top/u_datapath/u_vector_processing_unit/u_post_process/GEN_BIAS_REQUANT.u_bias_requantize/(null)[0].shifted_value0__3/DSP_A_B_DATA_INST/B2_DATA[16]
                         net (fo=1, routed)           0.000     3.638    design_1_i/tpu_mnist_ip_0/inst/u_tpu_top/u_datapath/u_vector_processing_unit/u_post_process/GEN_BIAS_REQUANT.u_bias_requantize/(null)[0].shifted_value0__3/DSP_A_B_DATA.B2_DATA<16>
    DSP48E2_X5Y22        DSP_PREADD_DATA (Prop_DSP_PREADD_DATA_DSP48E2_B2_DATA[16]_B2B1[16])
                                                      0.073     3.711 r  design_1_i/tpu_mnist_ip_0/inst/u_tpu_top/u_datapath/u_vector_processing_unit/u_post_process/GEN_BIAS_REQUANT.u_bias_requantize/(null)[0].shifted_value0__3/DSP_PREADD_DATA_INST/B2B1[16]
                         net (fo=1, routed)           0.000     3.711    design_1_i/tpu_mnist_ip_0/inst/u_tpu_top/u_datapath/u_vector_processing_unit/u_post_process/GEN_BIAS_REQUANT.u_bias_requantize/(null)[0].shifted_value0__3/DSP_PREADD_DATA.B2B1<16>
    DSP48E2_X5Y22        DSP_MULTIPLIER (Prop_DSP_MULTIPLIER_DSP48E2_B2B1[16]_V[43])
                                                      0.609     4.320 f  design_1_i/tpu_mnist_ip_0/inst/u_tpu_top/u_datapath/u_vector_processing_unit/u_post_process/GEN_BIAS_REQUANT.u_bias_requantize/(null)[0].shifted_value0__3/DSP_MULTIPLIER_INST/V[43]
                         net (fo=1, routed)           0.000     4.320    design_1_i/tpu_mnist_ip_0/inst/u_tpu_top/u_datapath/u_vector_processing_unit/u_post_process/GEN_BIAS_REQUANT.u_bias_requantize/(null)[0].shifted_value0__3/DSP_MULTIPLIER.V<43>
    DSP48E2_X5Y22        DSP_M_DATA (Prop_DSP_M_DATA_DSP48E2_V[43]_V_DATA[43])
                                                      0.046     4.366 r  design_1_i/tpu_mnist_ip_0/inst/u_tpu_top/u_datapath/u_vector_processing_unit/u_post_process/GEN_BIAS_REQUANT.u_bias_requantize/(null)[0].shifted_value0__3/DSP_M_DATA_INST/V_DATA[43]
                         net (fo=1, routed)           0.000     4.366    design_1_i/tpu_mnist_ip_0/inst/u_tpu_top/u_datapath/u_vector_processing_unit/u_post_process/GEN_BIAS_REQUANT.u_bias_requantize/(null)[0].shifted_value0__3/DSP_M_DATA.V_DATA<43>
    DSP48E2_X5Y22        DSP_ALU (Prop_DSP_ALU_DSP48E2_V_DATA[43]_ALU_OUT[47])
                                                      0.571     4.937 f  design_1_i/tpu_mnist_ip_0/inst/u_tpu_top/u_datapath/u_vector_processing_unit/u_post_process/GEN_BIAS_REQUANT.u_bias_requantize/(null)[0].shifted_value0__3/DSP_ALU_INST/ALU_OUT[47]
                         net (fo=1, routed)           0.000     4.937    design_1_i/tpu_mnist_ip_0/inst/u_tpu_top/u_datapath/u_vector_processing_unit/u_post_process/GEN_BIAS_REQUANT.u_bias_requantize/(null)[0].shifted_value0__3/DSP_ALU.ALU_OUT<47>
    DSP48E2_X5Y22        DSP_OUTPUT (Prop_DSP_OUTPUT_DSP48E2_ALU_OUT[47]_PCOUT[47])
                                                      0.122     5.059 r  design_1_i/tpu_mnist_ip_0/inst/u_tpu_top/u_datapath/u_vector_processing_unit/u_post_process/GEN_BIAS_REQUANT.u_bias_requantize/(null)[0].shifted_value0__3/DSP_OUTPUT_INST/PCOUT[47]
                         net (fo=1, routed)           0.014     5.073    design_1_i/tpu_mnist_ip_0/inst/u_tpu_top/u_datapath/u_vector_processing_unit/u_post_process/GEN_BIAS_REQUANT.u_bias_requantize/(null)[0].shifted_value0__4/PCIN[47]
    DSP48E2_X5Y23        DSP_ALU (Prop_DSP_ALU_DSP48E2_PCIN[47]_ALU_OUT[6])
                                                      0.546     5.619 f  design_1_i/tpu_mnist_ip_0/inst/u_tpu_top/u_datapath/u_vector_processing_unit/u_post_process/GEN_BIAS_REQUANT.u_bias_requantize/(null)[0].shifted_value0__4/DSP_ALU_INST/ALU_OUT[6]
                         net (fo=1, routed)           0.000     5.619    design_1_i/tpu_mnist_ip_0/inst/u_tpu_top/u_datapath/u_vector_processing_unit/u_post_process/GEN_BIAS_REQUANT.u_bias_requantize/(null)[0].shifted_value0__4/DSP_ALU.ALU_OUT<6>
    DSP48E2_X5Y23        DSP_OUTPUT (Prop_DSP_OUTPUT_DSP48E2_ALU_OUT[6]_P[6])
                                                      0.109     5.728 r  design_1_i/tpu_mnist_ip_0/inst/u_tpu_top/u_datapath/u_vector_processing_unit/u_post_process/GEN_BIAS_REQUANT.u_bias_requantize/(null)[0].shifted_value0__4/DSP_OUTPUT_INST/P[6]
                         net (fo=1, routed)           0.319     6.047    design_1_i/tpu_mnist_ip_0/inst/u_tpu_top/u_datapath/u_vector_processing_unit/u_post_process/GEN_BIAS_REQUANT.u_bias_requantize/p_0_in[40]
    SLICE_X54Y58         LUT2 (Prop_A6LUT_SLICEM_I1_O)
                                                      0.150     6.197 r  design_1_i/tpu_mnist_ip_0/inst/u_tpu_top/u_datapath/u_vector_processing_unit/u_post_process/GEN_BIAS_REQUANT.u_bias_requantize/data_flatten_o[50]_i_32/O
                         net (fo=1, routed)           0.013     6.210    design_1_i/tpu_mnist_ip_0/inst/u_tpu_top/u_datapath/u_vector_processing_unit/u_post_process/GEN_BIAS_REQUANT.u_bias_requantize/data_flatten_o[50]_i_32_n_0
    SLICE_X54Y58         CARRY8 (Prop_CARRY8_SLICEM_S[0]_CO[7])
                                                      0.192     6.402 r  design_1_i/tpu_mnist_ip_0/inst/u_tpu_top/u_datapath/u_vector_processing_unit/u_post_process/GEN_BIAS_REQUANT.u_bias_requantize/data_flatten_o_reg[50]_i_7/CO[7]
                         net (fo=1, routed)           0.026     6.428    design_1_i/tpu_mnist_ip_0/inst/u_tpu_top/u_datapath/u_vector_processing_unit/u_post_process/GEN_BIAS_REQUANT.u_bias_requantize/data_flatten_o_reg[50]_i_7_n_0
    SLICE_X54Y59         CARRY8 (Prop_CARRY8_SLICEM_CI_CO[7])
                                                      0.015     6.443 r  design_1_i/tpu_mnist_ip_0/inst/u_tpu_top/u_datapath/u_vector_processing_unit/u_post_process/GEN_BIAS_REQUANT.u_bias_requantize/data_flatten_o_reg[50]_i_33/CO[7]
                         net (fo=1, routed)           0.026     6.469    design_1_i/tpu_mnist_ip_0/inst/u_tpu_top/u_datapath/u_vector_processing_unit/u_post_process/GEN_BIAS_REQUANT.u_bias_requantize/data_flatten_o_reg[50]_i_33_n_0
    SLICE_X54Y60         CARRY8 (Prop_CARRY8_SLICEM_CI_CO[7])
                                                      0.015     6.484 r  design_1_i/tpu_mnist_ip_0/inst/u_tpu_top/u_datapath/u_vector_processing_unit/u_post_process/GEN_BIAS_REQUANT.u_bias_requantize/data_flatten_o_reg[63]_i_73/CO[7]
                         net (fo=1, routed)           0.026     6.510    design_1_i/tpu_mnist_ip_0/inst/u_tpu_top/u_datapath/u_vector_processing_unit/u_post_process/GEN_BIAS_REQUANT.u_bias_requantize/data_flatten_o_reg[63]_i_73_n_0
    SLICE_X54Y61         CARRY8 (Prop_CARRY8_SLICEM_CI_O[0])
                                                      0.056     6.566 r  design_1_i/tpu_mnist_ip_0/inst/u_tpu_top/u_datapath/u_vector_processing_unit/u_post_process/GEN_BIAS_REQUANT.u_bias_requantize/data_flatten_o_reg[50]_i_6/O[0]
                         net (fo=125, routed)         0.432     6.997    design_1_i/tpu_mnist_ip_0/inst/u_tpu_top/u_datapath/u_vector_processing_unit/u_post_process/GEN_BIAS_REQUANT.u_bias_requantize/data_flatten_o_reg[50]_i_6_n_15
    SLICE_X55Y54         LUT2 (Prop_A6LUT_SLICEL_I0_O)
                                                      0.050     7.047 r  design_1_i/tpu_mnist_ip_0/inst/u_tpu_top/u_datapath/u_vector_processing_unit/u_post_process/GEN_BIAS_REQUANT.u_bias_requantize/data_flatten_o[38]_i_28/O
                         net (fo=1, routed)           0.009     7.056    design_1_i/tpu_mnist_ip_0/inst/u_tpu_top/u_datapath/u_vector_processing_unit/u_post_process/GEN_BIAS_REQUANT.u_bias_requantize/data_flatten_o[38]_i_28_n_0
    SLICE_X55Y54         CARRY8 (Prop_CARRY8_SLICEL_S[0]_CO[7])
                                                      0.190     7.246 r  design_1_i/tpu_mnist_ip_0/inst/u_tpu_top/u_datapath/u_vector_processing_unit/u_post_process/GEN_BIAS_REQUANT.u_bias_requantize/data_flatten_o_reg[38]_i_12/CO[7]
                         net (fo=1, routed)           0.026     7.272    design_1_i/tpu_mnist_ip_0/inst/u_tpu_top/u_datapath/u_vector_processing_unit/u_post_process/GEN_BIAS_REQUANT.u_bias_requantize/data_flatten_o_reg[38]_i_12_n_0
    SLICE_X55Y55         CARRY8 (Prop_CARRY8_SLICEL_CI_CO[7])
                                                      0.015     7.287 r  design_1_i/tpu_mnist_ip_0/inst/u_tpu_top/u_datapath/u_vector_processing_unit/u_post_process/GEN_BIAS_REQUANT.u_bias_requantize/data_flatten_o_reg[38]_i_3/CO[7]
                         net (fo=1, routed)           0.026     7.313    design_1_i/tpu_mnist_ip_0/inst/u_tpu_top/u_datapath/u_vector_processing_unit/u_post_process/GEN_BIAS_REQUANT.u_bias_requantize/data_flatten_o_reg[38]_i_3_n_0
    SLICE_X55Y56         CARRY8 (Prop_CARRY8_SLICEL_CI_CO[7])
                                                      0.015     7.328 r  design_1_i/tpu_mnist_ip_0/inst/u_tpu_top/u_datapath/u_vector_processing_unit/u_post_process/GEN_BIAS_REQUANT.u_bias_requantize/data_flatten_o_reg[38]_i_2/CO[7]
                         net (fo=1, routed)           0.026     7.354    design_1_i/tpu_mnist_ip_0/inst/u_tpu_top/u_datapath/u_vector_processing_unit/u_post_process/GEN_BIAS_REQUANT.u_bias_requantize/data_flatten_o_reg[38]_i_2_n_0
    SLICE_X55Y57         CARRY8 (Prop_CARRY8_SLICEL_CI_CO[7])
                                                      0.015     7.369 r  design_1_i/tpu_mnist_ip_0/inst/u_tpu_top/u_datapath/u_vector_processing_unit/u_post_process/GEN_BIAS_REQUANT.u_bias_requantize/data_flatten_o_reg[46]_i_2/CO[7]
                         net (fo=1, routed)           0.026     7.395    design_1_i/tpu_mnist_ip_0/inst/u_tpu_top/u_datapath/u_vector_processing_unit/u_post_process/GEN_BIAS_REQUANT.u_bias_requantize/data_flatten_o_reg[46]_i_2_n_0
    SLICE_X55Y58         CARRY8 (Prop_CARRY8_SLICEL_CI_CO[7])
                                                      0.015     7.410 r  design_1_i/tpu_mnist_ip_0/inst/u_tpu_top/u_datapath/u_vector_processing_unit/u_post_process/GEN_BIAS_REQUANT.u_bias_requantize/data_flatten_o_reg[50]_i_4/CO[7]
                         net (fo=1, routed)           0.026     7.436    design_1_i/tpu_mnist_ip_0/inst/u_tpu_top/u_datapath/u_vector_processing_unit/u_post_process/GEN_BIAS_REQUANT.u_bias_requantize/data_flatten_o_reg[50]_i_4_n_0
    SLICE_X55Y59         CARRY8 (Prop_CARRY8_SLICEL_CI_CO[7])
                                                      0.015     7.451 r  design_1_i/tpu_mnist_ip_0/inst/u_tpu_top/u_datapath/u_vector_processing_unit/u_post_process/GEN_BIAS_REQUANT.u_bias_requantize/data_flatten_o_reg[62]_i_3/CO[7]
                         net (fo=1, routed)           0.026     7.477    design_1_i/tpu_mnist_ip_0/inst/u_tpu_top/u_datapath/u_vector_processing_unit/u_post_process/GEN_BIAS_REQUANT.u_bias_requantize/data_flatten_o_reg[62]_i_3_n_0
    SLICE_X55Y60         CARRY8 (Prop_CARRY8_SLICEL_CI_O[1])
                                                      0.076     7.553 f  design_1_i/tpu_mnist_ip_0/inst/u_tpu_top/u_datapath/u_vector_processing_unit/u_post_process/GEN_BIAS_REQUANT.u_bias_requantize/data_flatten_o_reg[63]_i_18/O[1]
                         net (fo=7, routed)           0.340     7.893    design_1_i/tpu_mnist_ip_0/inst/u_tpu_top/u_datapath/u_vector_processing_unit/u_post_process/GEN_BIAS_REQUANT.u_bias_requantize/(null)[0].rounded_product[63]
    SLICE_X56Y55         LUT3 (Prop_G6LUT_SLICEM_I1_O)
                                                      0.150     8.043 r  design_1_i/tpu_mnist_ip_0/inst/u_tpu_top/u_datapath/u_vector_processing_unit/u_post_process/GEN_BIAS_REQUANT.u_bias_requantize/data_flatten_o[63]_i_244/O
                         net (fo=1, routed)           0.127     8.170    design_1_i/tpu_mnist_ip_0/inst/u_tpu_top/u_datapath/u_vector_processing_unit/u_post_process/GEN_BIAS_REQUANT.u_bias_requantize/data_flatten_o[63]_i_244_n_0
    SLICE_X56Y56         CARRY8 (Prop_CARRY8_SLICEM_CI_CO[7])
                                                      0.153     8.323 r  design_1_i/tpu_mnist_ip_0/inst/u_tpu_top/u_datapath/u_vector_processing_unit/u_post_process/GEN_BIAS_REQUANT.u_bias_requantize/data_flatten_o_reg[63]_i_162/CO[7]
                         net (fo=1, routed)           0.026     8.349    design_1_i/tpu_mnist_ip_0/inst/u_tpu_top/u_datapath/u_vector_processing_unit/u_post_process/GEN_BIAS_REQUANT.u_bias_requantize/data_flatten_o_reg[63]_i_162_n_0
    SLICE_X56Y57         CARRY8 (Prop_CARRY8_SLICEM_CI_CO[7])
                                                      0.015     8.364 r  design_1_i/tpu_mnist_ip_0/inst/u_tpu_top/u_datapath/u_vector_processing_unit/u_post_process/GEN_BIAS_REQUANT.u_bias_requantize/data_flatten_o_reg[63]_i_161/CO[7]
                         net (fo=1, routed)           0.026     8.390    design_1_i/tpu_mnist_ip_0/inst/u_tpu_top/u_datapath/u_vector_processing_unit/u_post_process/GEN_BIAS_REQUANT.u_bias_requantize/data_flatten_o_reg[63]_i_161_n_0
    SLICE_X56Y58         CARRY8 (Prop_CARRY8_SLICEM_CI_CO[7])
                                                      0.015     8.405 r  design_1_i/tpu_mnist_ip_0/inst/u_tpu_top/u_datapath/u_vector_processing_unit/u_post_process/GEN_BIAS_REQUANT.u_bias_requantize/data_flatten_o_reg[63]_i_118/CO[7]
                         net (fo=1, routed)           0.026     8.431    design_1_i/tpu_mnist_ip_0/inst/u_tpu_top/u_datapath/u_vector_processing_unit/u_post_process/GEN_BIAS_REQUANT.u_bias_requantize/data_flatten_o_reg[63]_i_118_n_0
    SLICE_X56Y59         CARRY8 (Prop_CARRY8_SLICEM_CI_O[0])
                                                      0.056     8.487 r  design_1_i/tpu_mnist_ip_0/inst/u_tpu_top/u_datapath/u_vector_processing_unit/u_post_process/GEN_BIAS_REQUANT.u_bias_requantize/data_flatten_o_reg[63]_i_117/O[0]
                         net (fo=4, routed)           0.290     8.777    design_1_i/tpu_mnist_ip_0/inst/u_tpu_top/u_datapath/u_vector_processing_unit/u_post_process/GEN_BIAS_REQUANT.u_bias_requantize/data_flatten_o_reg[63]_i_117_n_15
    SLICE_X52Y58         LUT2 (Prop_B6LUT_SLICEL_I0_O)
                                                      0.148     8.925 r  design_1_i/tpu_mnist_ip_0/inst/u_tpu_top/u_datapath/u_vector_processing_unit/u_post_process/GEN_BIAS_REQUANT.u_bias_requantize/data_flatten_o[63]_i_42/O
                         net (fo=1, routed)           0.009     8.934    design_1_i/tpu_mnist_ip_0/inst/u_tpu_top/u_datapath/u_vector_processing_unit/u_post_process/GEN_BIAS_REQUANT.u_bias_requantize/data_flatten_o[63]_i_42_n_0
    SLICE_X52Y58         CARRY8 (Prop_CARRY8_SLICEL_S[1]_CO[5])
                                                      0.195     9.129 r  design_1_i/tpu_mnist_ip_0/inst/u_tpu_top/u_datapath/u_vector_processing_unit/u_post_process/GEN_BIAS_REQUANT.u_bias_requantize/data_flatten_o_reg[63]_i_5/CO[5]
                         net (fo=22, routed)          0.373     9.502    design_1_i/tpu_mnist_ip_0/inst/u_tpu_top/u_datapath/u_vector_processing_unit/u_post_process/GEN_BIAS_REQUANT.u_bias_requantize/data_flatten_o_reg[63]_i_5_n_2
    SLICE_X50Y55         LUT3 (Prop_H6LUT_SLICEM_I2_O)
                                                      0.152     9.654 r  design_1_i/tpu_mnist_ip_0/inst/u_tpu_top/u_datapath/u_vector_processing_unit/u_post_process/GEN_BIAS_REQUANT.u_bias_requantize/data_flatten_o[50]_i_3/O
                         net (fo=12, routed)          0.284     9.938    design_1_i/tpu_mnist_ip_0/inst/u_tpu_top/u_datapath/u_vector_processing_unit/u_post_process/GEN_BIAS_REQUANT.u_bias_requantize/data_flatten_o[50]_i_3_n_0
    SLICE_X52Y54         LUT5 (Prop_B6LUT_SLICEL_I1_O)
                                                      0.051     9.989 r  design_1_i/tpu_mnist_ip_0/inst/u_tpu_top/u_datapath/u_vector_processing_unit/u_post_process/GEN_BIAS_REQUANT.u_bias_requantize/data_flatten_o[48]_i_1/O
                         net (fo=1, routed)           0.049    10.038    design_1_i/tpu_mnist_ip_0/inst/u_tpu_top/u_datapath/u_vector_processing_unit/u_post_process/GEN_BIAS_REQUANT.u_bias_requantize/p_4_out[48]
    SLICE_X52Y54         FDCE                                         r  design_1_i/tpu_mnist_ip_0/inst/u_tpu_top/u_datapath/u_vector_processing_unit/u_post_process/GEN_BIAS_REQUANT.u_bias_requantize/data_flatten_o_reg[48]/D
  -------------------------------------------------------------------    -------------------

                         (clock clk_pl_0 rise edge)
                                                     10.000    10.000 r  
    PS8_X0Y0             PS8                          0.000    10.000 r  design_1_i/zynq_ultra_ps_e_0/inst/PS8_i/PLCLK[0]
                         net (fo=1, routed)           0.143    10.143    design_1_i/zynq_ultra_ps_e_0/inst/pl_clk_unbuffered[0]
    BUFG_PS_X0Y80        BUFG_PS (Prop_BUFG_PS_I_O)
                                                      0.025    10.168 r  design_1_i/zynq_ultra_ps_e_0/inst/buffer_pl_clk_0.PL_CLK_0_BUFG/O
    X1Y2 (CLOCK_ROOT)    net (fo=3956, routed)        1.563    11.731    design_1_i/tpu_mnist_ip_0/inst/u_tpu_top/u_datapath/u_vector_processing_unit/u_post_process/GEN_BIAS_REQUANT.u_bias_requantize/s_axi_aclk
    SLICE_X52Y54         FDCE                                         r  design_1_i/tpu_mnist_ip_0/inst/u_tpu_top/u_datapath/u_vector_processing_unit/u_post_process/GEN_BIAS_REQUANT.u_bias_requantize/data_flatten_o_reg[48]/C
                         clock pessimism              0.119    11.850    
                         clock uncertainty           -0.130    11.720    
    SLICE_X52Y54         FDCE (Setup_BFF_SLICEL_C_D)
                                                      0.025    11.745    design_1_i/tpu_mnist_ip_0/inst/u_tpu_top/u_datapath/u_vector_processing_unit/u_post_process/GEN_BIAS_REQUANT.u_bias_requantize/data_flatten_o_reg[48]
  -------------------------------------------------------------------
                         required time                         11.745    
                         arrival time                         -10.038    
  -------------------------------------------------------------------
                         slack                                  1.707    

Slack (MET) :             1.722ns  (required time - arrival time)
  Source:                 design_1_i/tpu_mnist_ip_0/inst/u_tpu_top/u_datapath/u_accumulator_array/read_data_flatten_o_reg[40]/C
                            (rising edge-triggered cell FDCE clocked by clk_pl_0  {rise@0.000ns fall@5.000ns period=10.000ns})
  Destination:            design_1_i/tpu_mnist_ip_0/inst/u_tpu_top/u_datapath/u_vector_processing_unit/u_post_process/GEN_BIAS_REQUANT.u_bias_requantize/data_flatten_o_reg[50]/D
                            (rising edge-triggered cell FDCE clocked by clk_pl_0  {rise@0.000ns fall@5.000ns period=10.000ns})
  Path Group:             clk_pl_0
  Path Type:              Setup (Max at Slow Process Corner)
  Requirement:            10.000ns  (clk_pl_0 rise@10.000ns - clk_pl_0 rise@0.000ns)
  Data Path Delay:        8.023ns  (logic 4.419ns (55.077%)  route 3.604ns (44.923%))
  Logic Levels:           35  (CARRY8=20 DSP_A_B_DATA=1 DSP_ALU=2 DSP_M_DATA=1 DSP_MULTIPLIER=1 DSP_OUTPUT=2 DSP_PREADD_DATA=1 LUT2=4 LUT3=2 LUT5=1)
  Clock Path Skew:        -0.150ns (DCD - SCD + CPR)
    Destination Clock Delay (DCD):    1.747ns = ( 11.747 - 10.000 ) 
    Source Clock Delay      (SCD):    2.016ns
    Clock Pessimism Removal (CPR):    0.119ns
  Clock Uncertainty:      0.130ns  ((TSJ^2 + DJ^2)^1/2) / 2 + PE
    Total System Jitter     (TSJ):    0.071ns
    Discrete Jitter          (DJ):    0.250ns
    Phase Error              (PE):    0.000ns
  Clock Net Delay (Source):      1.808ns (routing 0.569ns, distribution 1.239ns)
  Clock Net Delay (Destination): 1.579ns (routing 0.512ns, distribution 1.067ns)

    Location             Delay type                Incr(ns)  Path(ns)    Netlist Resource(s)
  -------------------------------------------------------------------    -------------------
                         (clock clk_pl_0 rise edge)
                                                      0.000     0.000 r  
    PS8_X0Y0             PS8                          0.000     0.000 r  design_1_i/zynq_ultra_ps_e_0/inst/PS8_i/PLCLK[0]
                         net (fo=1, routed)           0.180     0.180    design_1_i/zynq_ultra_ps_e_0/inst/pl_clk_unbuffered[0]
    BUFG_PS_X0Y80        BUFG_PS (Prop_BUFG_PS_I_O)
                                                      0.028     0.208 r  design_1_i/zynq_ultra_ps_e_0/inst/buffer_pl_clk_0.PL_CLK_0_BUFG/O
    X1Y2 (CLOCK_ROOT)    net (fo=3956, routed)        1.808     2.016    design_1_i/tpu_mnist_ip_0/inst/u_tpu_top/u_datapath/u_accumulator_array/s_axi_aclk
    SLICE_X63Y64         FDCE                                         r  design_1_i/tpu_mnist_ip_0/inst/u_tpu_top/u_datapath/u_accumulator_array/read_data_flatten_o_reg[40]/C
  -------------------------------------------------------------------    -------------------
    SLICE_X63Y64         FDCE (Prop_DFF_SLICEM_C_Q)
                                                      0.078     2.094 r  design_1_i/tpu_mnist_ip_0/inst/u_tpu_top/u_datapath/u_accumulator_array/read_data_flatten_o_reg[40]/Q
                         net (fo=2, routed)           0.537     2.631    design_1_i/tpu_mnist_ip_0/inst/u_tpu_top/u_datapath/u_vector_processing_unit/u_post_process/GEN_BIAS_REQUANT.u_bias_requantize/(null)[0].shifted_value0__4_0[40]
    SLICE_X57Y56         LUT2 (Prop_A6LUT_SLICEM_I0_O)
                                                      0.090     2.721 r  design_1_i/tpu_mnist_ip_0/inst/u_tpu_top/u_datapath/u_vector_processing_unit/u_post_process/GEN_BIAS_REQUANT.u_bias_requantize/(null)[0].shifted_value0__5_i_10/O
                         net (fo=1, routed)           0.013     2.734    design_1_i/tpu_mnist_ip_0/inst/u_tpu_top/u_datapath/u_vector_processing_unit/u_post_process/GEN_BIAS_REQUANT.u_bias_requantize/(null)[0].shifted_value0__5_i_10_n_0
    SLICE_X57Y56         CARRY8 (Prop_CARRY8_SLICEM_S[0]_CO[7])
                                                      0.192     2.926 r  design_1_i/tpu_mnist_ip_0/inst/u_tpu_top/u_datapath/u_vector_processing_unit/u_post_process/GEN_BIAS_REQUANT.u_bias_requantize/(null)[0].shifted_value0__5_i_1/CO[7]
                         net (fo=1, routed)           0.026     2.952    design_1_i/tpu_mnist_ip_0/inst/u_tpu_top/u_datapath/u_vector_processing_unit/u_post_process/GEN_BIAS_REQUANT.u_bias_requantize/(null)[0].shifted_value0__5_i_1_n_0
    SLICE_X57Y57         CARRY8 (Prop_CARRY8_SLICEM_CI_CO[7])
                                                      0.015     2.967 r  design_1_i/tpu_mnist_ip_0/inst/u_tpu_top/u_datapath/u_vector_processing_unit/u_post_process/GEN_BIAS_REQUANT.u_bias_requantize/(null)[0].shifted_value0__3_i_3/CO[7]
                         net (fo=1, routed)           0.026     2.993    design_1_i/tpu_mnist_ip_0/inst/u_tpu_top/u_datapath/u_vector_processing_unit/u_post_process/GEN_BIAS_REQUANT.u_bias_requantize/(null)[0].shifted_value0__3_i_3_n_0
    SLICE_X57Y58         CARRY8 (Prop_CARRY8_SLICEM_CI_CO[7])
                                                      0.015     3.008 r  design_1_i/tpu_mnist_ip_0/inst/u_tpu_top/u_datapath/u_vector_processing_unit/u_post_process/GEN_BIAS_REQUANT.u_bias_requantize/(null)[0].shifted_value0__3_i_2/CO[7]
                         net (fo=1, routed)           0.026     3.034    design_1_i/tpu_mnist_ip_0/inst/u_tpu_top/u_datapath/u_vector_processing_unit/u_post_process/GEN_BIAS_REQUANT.u_bias_requantize/(null)[0].shifted_value0__3_i_2_n_0
    SLICE_X57Y59         CARRY8 (Prop_CARRY8_SLICEM_CI_O[0])
                                                      0.056     3.090 f  design_1_i/tpu_mnist_ip_0/inst/u_tpu_top/u_datapath/u_vector_processing_unit/u_post_process/GEN_BIAS_REQUANT.u_bias_requantize/(null)[0].shifted_value0__3_i_1/O[0]
                         net (fo=18, routed)          0.397     3.487    design_1_i/tpu_mnist_ip_0/inst/u_tpu_top/u_datapath/u_vector_processing_unit/u_post_process/GEN_BIAS_REQUANT.u_bias_requantize/(null)[0].shifted_value0__3/B[16]
    DSP48E2_X5Y22        DSP_A_B_DATA (Prop_DSP_A_B_DATA_DSP48E2_B[16]_B2_DATA[16])
                                                      0.151     3.638 r  design_1_i/tpu_mnist_ip_0/inst/u_tpu_top/u_datapath/u_vector_processing_unit/u_post_process/GEN_BIAS_REQUANT.u_bias_requantize/(null)[0].shifted_value0__3/DSP_A_B_DATA_INST/B2_DATA[16]
                         net (fo=1, routed)           0.000     3.638    design_1_i/tpu_mnist_ip_0/inst/u_tpu_top/u_datapath/u_vector_processing_unit/u_post_process/GEN_BIAS_REQUANT.u_bias_requantize/(null)[0].shifted_value0__3/DSP_A_B_DATA.B2_DATA<16>
    DSP48E2_X5Y22        DSP_PREADD_DATA (Prop_DSP_PREADD_DATA_DSP48E2_B2_DATA[16]_B2B1[16])
                                                      0.073     3.711 r  design_1_i/tpu_mnist_ip_0/inst/u_tpu_top/u_datapath/u_vector_processing_unit/u_post_process/GEN_BIAS_REQUANT.u_bias_requantize/(null)[0].shifted_value0__3/DSP_PREADD_DATA_INST/B2B1[16]
                         net (fo=1, routed)           0.000     3.711    design_1_i/tpu_mnist_ip_0/inst/u_tpu_top/u_datapath/u_vector_processing_unit/u_post_process/GEN_BIAS_REQUANT.u_bias_requantize/(null)[0].shifted_value0__3/DSP_PREADD_DATA.B2B1<16>
    DSP48E2_X5Y22        DSP_MULTIPLIER (Prop_DSP_MULTIPLIER_DSP48E2_B2B1[16]_V[43])
                                                      0.609     4.320 f  design_1_i/tpu_mnist_ip_0/inst/u_tpu_top/u_datapath/u_vector_processing_unit/u_post_process/GEN_BIAS_REQUANT.u_bias_requantize/(null)[0].shifted_value0__3/DSP_MULTIPLIER_INST/V[43]
                         net (fo=1, routed)           0.000     4.320    design_1_i/tpu_mnist_ip_0/inst/u_tpu_top/u_datapath/u_vector_processing_unit/u_post_process/GEN_BIAS_REQUANT.u_bias_requantize/(null)[0].shifted_value0__3/DSP_MULTIPLIER.V<43>
    DSP48E2_X5Y22        DSP_M_DATA (Prop_DSP_M_DATA_DSP48E2_V[43]_V_DATA[43])
                                                      0.046     4.366 r  design_1_i/tpu_mnist_ip_0/inst/u_tpu_top/u_datapath/u_vector_processing_unit/u_post_process/GEN_BIAS_REQUANT.u_bias_requantize/(null)[0].shifted_value0__3/DSP_M_DATA_INST/V_DATA[43]
                         net (fo=1, routed)           0.000     4.366    design_1_i/tpu_mnist_ip_0/inst/u_tpu_top/u_datapath/u_vector_processing_unit/u_post_process/GEN_BIAS_REQUANT.u_bias_requantize/(null)[0].shifted_value0__3/DSP_M_DATA.V_DATA<43>
    DSP48E2_X5Y22        DSP_ALU (Prop_DSP_ALU_DSP48E2_V_DATA[43]_ALU_OUT[47])
                                                      0.571     4.937 f  design_1_i/tpu_mnist_ip_0/inst/u_tpu_top/u_datapath/u_vector_processing_unit/u_post_process/GEN_BIAS_REQUANT.u_bias_requantize/(null)[0].shifted_value0__3/DSP_ALU_INST/ALU_OUT[47]
                         net (fo=1, routed)           0.000     4.937    design_1_i/tpu_mnist_ip_0/inst/u_tpu_top/u_datapath/u_vector_processing_unit/u_post_process/GEN_BIAS_REQUANT.u_bias_requantize/(null)[0].shifted_value0__3/DSP_ALU.ALU_OUT<47>
    DSP48E2_X5Y22        DSP_OUTPUT (Prop_DSP_OUTPUT_DSP48E2_ALU_OUT[47]_PCOUT[47])
                                                      0.122     5.059 r  design_1_i/tpu_mnist_ip_0/inst/u_tpu_top/u_datapath/u_vector_processing_unit/u_post_process/GEN_BIAS_REQUANT.u_bias_requantize/(null)[0].shifted_value0__3/DSP_OUTPUT_INST/PCOUT[47]
                         net (fo=1, routed)           0.014     5.073    design_1_i/tpu_mnist_ip_0/inst/u_tpu_top/u_datapath/u_vector_processing_unit/u_post_process/GEN_BIAS_REQUANT.u_bias_requantize/(null)[0].shifted_value0__4/PCIN[47]
    DSP48E2_X5Y23        DSP_ALU (Prop_DSP_ALU_DSP48E2_PCIN[47]_ALU_OUT[6])
                                                      0.546     5.619 f  design_1_i/tpu_mnist_ip_0/inst/u_tpu_top/u_datapath/u_vector_processing_unit/u_post_process/GEN_BIAS_REQUANT.u_bias_requantize/(null)[0].shifted_value0__4/DSP_ALU_INST/ALU_OUT[6]
                         net (fo=1, routed)           0.000     5.619    design_1_i/tpu_mnist_ip_0/inst/u_tpu_top/u_datapath/u_vector_processing_unit/u_post_process/GEN_BIAS_REQUANT.u_bias_requantize/(null)[0].shifted_value0__4/DSP_ALU.ALU_OUT<6>
    DSP48E2_X5Y23        DSP_OUTPUT (Prop_DSP_OUTPUT_DSP48E2_ALU_OUT[6]_P[6])
                                                      0.109     5.728 r  design_1_i/tpu_mnist_ip_0/inst/u_tpu_top/u_datapath/u_vector_processing_unit/u_post_process/GEN_BIAS_REQUANT.u_bias_requantize/(null)[0].shifted_value0__4/DSP_OUTPUT_INST/P[6]
                         net (fo=1, routed)           0.319     6.047    design_1_i/tpu_mnist_ip_0/inst/u_tpu_top/u_datapath/u_vector_processing_unit/u_post_process/GEN_BIAS_REQUANT.u_bias_requantize/p_0_in[40]
    SLICE_X54Y58         LUT2 (Prop_A6LUT_SLICEM_I1_O)
                                                      0.150     6.197 r  design_1_i/tpu_mnist_ip_0/inst/u_tpu_top/u_datapath/u_vector_processing_unit/u_post_process/GEN_BIAS_REQUANT.u_bias_requantize/data_flatten_o[50]_i_32/O
                         net (fo=1, routed)           0.013     6.210    design_1_i/tpu_mnist_ip_0/inst/u_tpu_top/u_datapath/u_vector_processing_unit/u_post_process/GEN_BIAS_REQUANT.u_bias_requantize/data_flatten_o[50]_i_32_n_0
    SLICE_X54Y58         CARRY8 (Prop_CARRY8_SLICEM_S[0]_CO[7])
                                                      0.192     6.402 r  design_1_i/tpu_mnist_ip_0/inst/u_tpu_top/u_datapath/u_vector_processing_unit/u_post_process/GEN_BIAS_REQUANT.u_bias_requantize/data_flatten_o_reg[50]_i_7/CO[7]
                         net (fo=1, routed)           0.026     6.428    design_1_i/tpu_mnist_ip_0/inst/u_tpu_top/u_datapath/u_vector_processing_unit/u_post_process/GEN_BIAS_REQUANT.u_bias_requantize/data_flatten_o_reg[50]_i_7_n_0
    SLICE_X54Y59         CARRY8 (Prop_CARRY8_SLICEM_CI_CO[7])
                                                      0.015     6.443 r  design_1_i/tpu_mnist_ip_0/inst/u_tpu_top/u_datapath/u_vector_processing_unit/u_post_process/GEN_BIAS_REQUANT.u_bias_requantize/data_flatten_o_reg[50]_i_33/CO[7]
                         net (fo=1, routed)           0.026     6.469    design_1_i/tpu_mnist_ip_0/inst/u_tpu_top/u_datapath/u_vector_processing_unit/u_post_process/GEN_BIAS_REQUANT.u_bias_requantize/data_flatten_o_reg[50]_i_33_n_0
    SLICE_X54Y60         CARRY8 (Prop_CARRY8_SLICEM_CI_CO[7])
                                                      0.015     6.484 r  design_1_i/tpu_mnist_ip_0/inst/u_tpu_top/u_datapath/u_vector_processing_unit/u_post_process/GEN_BIAS_REQUANT.u_bias_requantize/data_flatten_o_reg[63]_i_73/CO[7]
                         net (fo=1, routed)           0.026     6.510    design_1_i/tpu_mnist_ip_0/inst/u_tpu_top/u_datapath/u_vector_processing_unit/u_post_process/GEN_BIAS_REQUANT.u_bias_requantize/data_flatten_o_reg[63]_i_73_n_0
    SLICE_X54Y61         CARRY8 (Prop_CARRY8_SLICEM_CI_O[0])
                                                      0.056     6.566 r  design_1_i/tpu_mnist_ip_0/inst/u_tpu_top/u_datapath/u_vector_processing_unit/u_post_process/GEN_BIAS_REQUANT.u_bias_requantize/data_flatten_o_reg[50]_i_6/O[0]
                         net (fo=125, routed)         0.432     6.997    design_1_i/tpu_mnist_ip_0/inst/u_tpu_top/u_datapath/u_vector_processing_unit/u_post_process/GEN_BIAS_REQUANT.u_bias_requantize/data_flatten_o_reg[50]_i_6_n_15
    SLICE_X55Y54         LUT2 (Prop_A6LUT_SLICEL_I0_O)
                                                      0.050     7.047 r  design_1_i/tpu_mnist_ip_0/inst/u_tpu_top/u_datapath/u_vector_processing_unit/u_post_process/GEN_BIAS_REQUANT.u_bias_requantize/data_flatten_o[38]_i_28/O
                         net (fo=1, routed)           0.009     7.056    design_1_i/tpu_mnist_ip_0/inst/u_tpu_top/u_datapath/u_vector_processing_unit/u_post_process/GEN_BIAS_REQUANT.u_bias_requantize/data_flatten_o[38]_i_28_n_0
    SLICE_X55Y54         CARRY8 (Prop_CARRY8_SLICEL_S[0]_CO[7])
                                                      0.190     7.246 r  design_1_i/tpu_mnist_ip_0/inst/u_tpu_top/u_datapath/u_vector_processing_unit/u_post_process/GEN_BIAS_REQUANT.u_bias_requantize/data_flatten_o_reg[38]_i_12/CO[7]
                         net (fo=1, routed)           0.026     7.272    design_1_i/tpu_mnist_ip_0/inst/u_tpu_top/u_datapath/u_vector_processing_unit/u_post_process/GEN_BIAS_REQUANT.u_bias_requantize/data_flatten_o_reg[38]_i_12_n_0
    SLICE_X55Y55         CARRY8 (Prop_CARRY8_SLICEL_CI_CO[7])
                                                      0.015     7.287 r  design_1_i/tpu_mnist_ip_0/inst/u_tpu_top/u_datapath/u_vector_processing_unit/u_post_process/GEN_BIAS_REQUANT.u_bias_requantize/data_flatten_o_reg[38]_i_3/CO[7]
                         net (fo=1, routed)           0.026     7.313    design_1_i/tpu_mnist_ip_0/inst/u_tpu_top/u_datapath/u_vector_processing_unit/u_post_process/GEN_BIAS_REQUANT.u_bias_requantize/data_flatten_o_reg[38]_i_3_n_0
    SLICE_X55Y56         CARRY8 (Prop_CARRY8_SLICEL_CI_CO[7])
                                                      0.015     7.328 r  design_1_i/tpu_mnist_ip_0/inst/u_tpu_top/u_datapath/u_vector_processing_unit/u_post_process/GEN_BIAS_REQUANT.u_bias_requantize/data_flatten_o_reg[38]_i_2/CO[7]
                         net (fo=1, routed)           0.026     7.354    design_1_i/tpu_mnist_ip_0/inst/u_tpu_top/u_datapath/u_vector_processing_unit/u_post_process/GEN_BIAS_REQUANT.u_bias_requantize/data_flatten_o_reg[38]_i_2_n_0
    SLICE_X55Y57         CARRY8 (Prop_CARRY8_SLICEL_CI_CO[7])
                                                      0.015     7.369 r  design_1_i/tpu_mnist_ip_0/inst/u_tpu_top/u_datapath/u_vector_processing_unit/u_post_process/GEN_BIAS_REQUANT.u_bias_requantize/data_flatten_o_reg[46]_i_2/CO[7]
                         net (fo=1, routed)           0.026     7.395    design_1_i/tpu_mnist_ip_0/inst/u_tpu_top/u_datapath/u_vector_processing_unit/u_post_process/GEN_BIAS_REQUANT.u_bias_requantize/data_flatten_o_reg[46]_i_2_n_0
    SLICE_X55Y58         CARRY8 (Prop_CARRY8_SLICEL_CI_CO[7])
                                                      0.015     7.410 r  design_1_i/tpu_mnist_ip_0/inst/u_tpu_top/u_datapath/u_vector_processing_unit/u_post_process/GEN_BIAS_REQUANT.u_bias_requantize/data_flatten_o_reg[50]_i_4/CO[7]
                         net (fo=1, routed)           0.026     7.436    design_1_i/tpu_mnist_ip_0/inst/u_tpu_top/u_datapath/u_vector_processing_unit/u_post_process/GEN_BIAS_REQUANT.u_bias_requantize/data_flatten_o_reg[50]_i_4_n_0
    SLICE_X55Y59         CARRY8 (Prop_CARRY8_SLICEL_CI_CO[7])
                                                      0.015     7.451 r  design_1_i/tpu_mnist_ip_0/inst/u_tpu_top/u_datapath/u_vector_processing_unit/u_post_process/GEN_BIAS_REQUANT.u_bias_requantize/data_flatten_o_reg[62]_i_3/CO[7]
                         net (fo=1, routed)           0.026     7.477    design_1_i/tpu_mnist_ip_0/inst/u_tpu_top/u_datapath/u_vector_processing_unit/u_post_process/GEN_BIAS_REQUANT.u_bias_requantize/data_flatten_o_reg[62]_i_3_n_0
    SLICE_X55Y60         CARRY8 (Prop_CARRY8_SLICEL_CI_O[1])
                                                      0.076     7.553 f  design_1_i/tpu_mnist_ip_0/inst/u_tpu_top/u_datapath/u_vector_processing_unit/u_post_process/GEN_BIAS_REQUANT.u_bias_requantize/data_flatten_o_reg[63]_i_18/O[1]
                         net (fo=7, routed)           0.340     7.893    design_1_i/tpu_mnist_ip_0/inst/u_tpu_top/u_datapath/u_vector_processing_unit/u_post_process/GEN_BIAS_REQUANT.u_bias_requantize/(null)[0].rounded_product[63]
    SLICE_X56Y55         LUT3 (Prop_G6LUT_SLICEM_I1_O)
                                                      0.150     8.043 r  design_1_i/tpu_mnist_ip_0/inst/u_tpu_top/u_datapath/u_vector_processing_unit/u_post_process/GEN_BIAS_REQUANT.u_bias_requantize/data_flatten_o[63]_i_244/O
                         net (fo=1, routed)           0.127     8.170    design_1_i/tpu_mnist_ip_0/inst/u_tpu_top/u_datapath/u_vector_processing_unit/u_post_process/GEN_BIAS_REQUANT.u_bias_requantize/data_flatten_o[63]_i_244_n_0
    SLICE_X56Y56         CARRY8 (Prop_CARRY8_SLICEM_CI_CO[7])
                                                      0.153     8.323 r  design_1_i/tpu_mnist_ip_0/inst/u_tpu_top/u_datapath/u_vector_processing_unit/u_post_process/GEN_BIAS_REQUANT.u_bias_requantize/data_flatten_o_reg[63]_i_162/CO[7]
                         net (fo=1, routed)           0.026     8.349    design_1_i/tpu_mnist_ip_0/inst/u_tpu_top/u_datapath/u_vector_processing_unit/u_post_process/GEN_BIAS_REQUANT.u_bias_requantize/data_flatten_o_reg[63]_i_162_n_0
    SLICE_X56Y57         CARRY8 (Prop_CARRY8_SLICEM_CI_CO[7])
                                                      0.015     8.364 r  design_1_i/tpu_mnist_ip_0/inst/u_tpu_top/u_datapath/u_vector_processing_unit/u_post_process/GEN_BIAS_REQUANT.u_bias_requantize/data_flatten_o_reg[63]_i_161/CO[7]
                         net (fo=1, routed)           0.026     8.390    design_1_i/tpu_mnist_ip_0/inst/u_tpu_top/u_datapath/u_vector_processing_unit/u_post_process/GEN_BIAS_REQUANT.u_bias_requantize/data_flatten_o_reg[63]_i_161_n_0
    SLICE_X56Y58         CARRY8 (Prop_CARRY8_SLICEM_CI_CO[7])
                                                      0.015     8.405 r  design_1_i/tpu_mnist_ip_0/inst/u_tpu_top/u_datapath/u_vector_processing_unit/u_post_process/GEN_BIAS_REQUANT.u_bias_requantize/data_flatten_o_reg[63]_i_118/CO[7]
                         net (fo=1, routed)           0.026     8.431    design_1_i/tpu_mnist_ip_0/inst/u_tpu_top/u_datapath/u_vector_processing_unit/u_post_process/GEN_BIAS_REQUANT.u_bias_requantize/data_flatten_o_reg[63]_i_118_n_0
    SLICE_X56Y59         CARRY8 (Prop_CARRY8_SLICEM_CI_O[0])
                                                      0.056     8.487 r  design_1_i/tpu_mnist_ip_0/inst/u_tpu_top/u_datapath/u_vector_processing_unit/u_post_process/GEN_BIAS_REQUANT.u_bias_requantize/data_flatten_o_reg[63]_i_117/O[0]
                         net (fo=4, routed)           0.290     8.777    design_1_i/tpu_mnist_ip_0/inst/u_tpu_top/u_datapath/u_vector_processing_unit/u_post_process/GEN_BIAS_REQUANT.u_bias_requantize/data_flatten_o_reg[63]_i_117_n_15
    SLICE_X52Y58         LUT2 (Prop_B6LUT_SLICEL_I0_O)
                                                      0.148     8.925 r  design_1_i/tpu_mnist_ip_0/inst/u_tpu_top/u_datapath/u_vector_processing_unit/u_post_process/GEN_BIAS_REQUANT.u_bias_requantize/data_flatten_o[63]_i_42/O
                         net (fo=1, routed)           0.009     8.934    design_1_i/tpu_mnist_ip_0/inst/u_tpu_top/u_datapath/u_vector_processing_unit/u_post_process/GEN_BIAS_REQUANT.u_bias_requantize/data_flatten_o[63]_i_42_n_0
    SLICE_X52Y58         CARRY8 (Prop_CARRY8_SLICEL_S[1]_CO[5])
                                                      0.195     9.129 r  design_1_i/tpu_mnist_ip_0/inst/u_tpu_top/u_datapath/u_vector_processing_unit/u_post_process/GEN_BIAS_REQUANT.u_bias_requantize/data_flatten_o_reg[63]_i_5/CO[5]
                         net (fo=22, routed)          0.404     9.533    design_1_i/tpu_mnist_ip_0/inst/u_tpu_top/u_datapath/u_vector_processing_unit/u_post_process/GEN_BIAS_REQUANT.u_bias_requantize/data_flatten_o_reg[63]_i_5_n_2
    SLICE_X50Y54         LUT3 (Prop_D5LUT_SLICEM_I1_O)
                                                      0.097     9.630 r  design_1_i/tpu_mnist_ip_0/inst/u_tpu_top/u_datapath/u_vector_processing_unit/u_post_process/GEN_BIAS_REQUANT.u_bias_requantize/data_flatten_o[50]_i_2/O
                         net (fo=18, routed)          0.263     9.893    design_1_i/tpu_mnist_ip_0/inst/u_tpu_top/u_datapath/u_vector_processing_unit/u_post_process/GEN_BIAS_REQUANT.u_bias_requantize/data_flatten_o[50]_i_2_n_0
    SLICE_X51Y57         LUT5 (Prop_A6LUT_SLICEL_I0_O)
                                                      0.098     9.991 r  design_1_i/tpu_mnist_ip_0/inst/u_tpu_top/u_datapath/u_vector_processing_unit/u_post_process/GEN_BIAS_REQUANT.u_bias_requantize/data_flatten_o[50]_i_1/O
                         net (fo=1, routed)           0.048    10.039    design_1_i/tpu_mnist_ip_0/inst/u_tpu_top/u_datapath/u_vector_processing_unit/u_post_process/GEN_BIAS_REQUANT.u_bias_requantize/p_4_out[50]
    SLICE_X51Y57         FDCE                                         r  design_1_i/tpu_mnist_ip_0/inst/u_tpu_top/u_datapath/u_vector_processing_unit/u_post_process/GEN_BIAS_REQUANT.u_bias_requantize/data_flatten_o_reg[50]/D
  -------------------------------------------------------------------    -------------------

                         (clock clk_pl_0 rise edge)
                                                     10.000    10.000 r  
    PS8_X0Y0             PS8                          0.000    10.000 r  design_1_i/zynq_ultra_ps_e_0/inst/PS8_i/PLCLK[0]
                         net (fo=1, routed)           0.143    10.143    design_1_i/zynq_ultra_ps_e_0/inst/pl_clk_unbuffered[0]
    BUFG_PS_X0Y80        BUFG_PS (Prop_BUFG_PS_I_O)
                                                      0.025    10.168 r  design_1_i/zynq_ultra_ps_e_0/inst/buffer_pl_clk_0.PL_CLK_0_BUFG/O
    X1Y2 (CLOCK_ROOT)    net (fo=3956, routed)        1.579    11.747    design_1_i/tpu_mnist_ip_0/inst/u_tpu_top/u_datapath/u_vector_processing_unit/u_post_process/GEN_BIAS_REQUANT.u_bias_requantize/s_axi_aclk
    SLICE_X51Y57         FDCE                                         r  design_1_i/tpu_mnist_ip_0/inst/u_tpu_top/u_datapath/u_vector_processing_unit/u_post_process/GEN_BIAS_REQUANT.u_bias_requantize/data_flatten_o_reg[50]/C
                         clock pessimism              0.119    11.866    
                         clock uncertainty           -0.130    11.736    
    SLICE_X51Y57         FDCE (Setup_AFF_SLICEL_C_D)
                                                      0.025    11.761    design_1_i/tpu_mnist_ip_0/inst/u_tpu_top/u_datapath/u_vector_processing_unit/u_post_process/GEN_BIAS_REQUANT.u_bias_requantize/data_flatten_o_reg[50]
  -------------------------------------------------------------------
                         required time                         11.761    
                         arrival time                         -10.039    
  -------------------------------------------------------------------
                         slack                                  1.722    

Slack (MET) :             1.735ns  (required time - arrival time)
  Source:                 design_1_i/tpu_mnist_ip_0/inst/u_tpu_top/u_datapath/u_accumulator_array/read_data_flatten_o_reg[40]/C
                            (rising edge-triggered cell FDCE clocked by clk_pl_0  {rise@0.000ns fall@5.000ns period=10.000ns})
  Destination:            design_1_i/tpu_mnist_ip_0/inst/u_tpu_top/u_datapath/u_vector_processing_unit/u_post_process/GEN_BIAS_REQUANT.u_bias_requantize/data_flatten_o_reg[35]/D
                            (rising edge-triggered cell FDCE clocked by clk_pl_0  {rise@0.000ns fall@5.000ns period=10.000ns})
  Path Group:             clk_pl_0
  Path Type:              Setup (Max at Slow Process Corner)
  Requirement:            10.000ns  (clk_pl_0 rise@10.000ns - clk_pl_0 rise@0.000ns)
  Data Path Delay:        8.012ns  (logic 4.372ns (54.568%)  route 3.640ns (45.432%))
  Logic Levels:           35  (CARRY8=20 DSP_A_B_DATA=1 DSP_ALU=2 DSP_M_DATA=1 DSP_MULTIPLIER=1 DSP_OUTPUT=2 DSP_PREADD_DATA=1 LUT2=4 LUT3=2 LUT6=1)
  Clock Path Skew:        -0.148ns (DCD - SCD + CPR)
    Destination Clock Delay (DCD):    1.749ns = ( 11.749 - 10.000 ) 
    Source Clock Delay      (SCD):    2.016ns
    Clock Pessimism Removal (CPR):    0.119ns
  Clock Uncertainty:      0.130ns  ((TSJ^2 + DJ^2)^1/2) / 2 + PE
    Total System Jitter     (TSJ):    0.071ns
    Discrete Jitter          (DJ):    0.250ns
    Phase Error              (PE):    0.000ns
  Clock Net Delay (Source):      1.808ns (routing 0.569ns, distribution 1.239ns)
  Clock Net Delay (Destination): 1.581ns (routing 0.512ns, distribution 1.069ns)

    Location             Delay type                Incr(ns)  Path(ns)    Netlist Resource(s)
  -------------------------------------------------------------------    -------------------
                         (clock clk_pl_0 rise edge)
                                                      0.000     0.000 r  
    PS8_X0Y0             PS8                          0.000     0.000 r  design_1_i/zynq_ultra_ps_e_0/inst/PS8_i/PLCLK[0]
                         net (fo=1, routed)           0.180     0.180    design_1_i/zynq_ultra_ps_e_0/inst/pl_clk_unbuffered[0]
    BUFG_PS_X0Y80        BUFG_PS (Prop_BUFG_PS_I_O)
                                                      0.028     0.208 r  design_1_i/zynq_ultra_ps_e_0/inst/buffer_pl_clk_0.PL_CLK_0_BUFG/O
    X1Y2 (CLOCK_ROOT)    net (fo=3956, routed)        1.808     2.016    design_1_i/tpu_mnist_ip_0/inst/u_tpu_top/u_datapath/u_accumulator_array/s_axi_aclk
    SLICE_X63Y64         FDCE                                         r  design_1_i/tpu_mnist_ip_0/inst/u_tpu_top/u_datapath/u_accumulator_array/read_data_flatten_o_reg[40]/C
  -------------------------------------------------------------------    -------------------
    SLICE_X63Y64         FDCE (Prop_DFF_SLICEM_C_Q)
                                                      0.078     2.094 r  design_1_i/tpu_mnist_ip_0/inst/u_tpu_top/u_datapath/u_accumulator_array/read_data_flatten_o_reg[40]/Q
                         net (fo=2, routed)           0.537     2.631    design_1_i/tpu_mnist_ip_0/inst/u_tpu_top/u_datapath/u_vector_processing_unit/u_post_process/GEN_BIAS_REQUANT.u_bias_requantize/(null)[0].shifted_value0__4_0[40]
    SLICE_X57Y56         LUT2 (Prop_A6LUT_SLICEM_I0_O)
                                                      0.090     2.721 r  design_1_i/tpu_mnist_ip_0/inst/u_tpu_top/u_datapath/u_vector_processing_unit/u_post_process/GEN_BIAS_REQUANT.u_bias_requantize/(null)[0].shifted_value0__5_i_10/O
                         net (fo=1, routed)           0.013     2.734    design_1_i/tpu_mnist_ip_0/inst/u_tpu_top/u_datapath/u_vector_processing_unit/u_post_process/GEN_BIAS_REQUANT.u_bias_requantize/(null)[0].shifted_value0__5_i_10_n_0
    SLICE_X57Y56         CARRY8 (Prop_CARRY8_SLICEM_S[0]_CO[7])
                                                      0.192     2.926 r  design_1_i/tpu_mnist_ip_0/inst/u_tpu_top/u_datapath/u_vector_processing_unit/u_post_process/GEN_BIAS_REQUANT.u_bias_requantize/(null)[0].shifted_value0__5_i_1/CO[7]
                         net (fo=1, routed)           0.026     2.952    design_1_i/tpu_mnist_ip_0/inst/u_tpu_top/u_datapath/u_vector_processing_unit/u_post_process/GEN_BIAS_REQUANT.u_bias_requantize/(null)[0].shifted_value0__5_i_1_n_0
    SLICE_X57Y57         CARRY8 (Prop_CARRY8_SLICEM_CI_CO[7])
                                                      0.015     2.967 r  design_1_i/tpu_mnist_ip_0/inst/u_tpu_top/u_datapath/u_vector_processing_unit/u_post_process/GEN_BIAS_REQUANT.u_bias_requantize/(null)[0].shifted_value0__3_i_3/CO[7]
                         net (fo=1, routed)           0.026     2.993    design_1_i/tpu_mnist_ip_0/inst/u_tpu_top/u_datapath/u_vector_processing_unit/u_post_process/GEN_BIAS_REQUANT.u_bias_requantize/(null)[0].shifted_value0__3_i_3_n_0
    SLICE_X57Y58         CARRY8 (Prop_CARRY8_SLICEM_CI_CO[7])
                                                      0.015     3.008 r  design_1_i/tpu_mnist_ip_0/inst/u_tpu_top/u_datapath/u_vector_processing_unit/u_post_process/GEN_BIAS_REQUANT.u_bias_requantize/(null)[0].shifted_value0__3_i_2/CO[7]
                         net (fo=1, routed)           0.026     3.034    design_1_i/tpu_mnist_ip_0/inst/u_tpu_top/u_datapath/u_vector_processing_unit/u_post_process/GEN_BIAS_REQUANT.u_bias_requantize/(null)[0].shifted_value0__3_i_2_n_0
    SLICE_X57Y59         CARRY8 (Prop_CARRY8_SLICEM_CI_O[0])
                                                      0.056     3.090 f  design_1_i/tpu_mnist_ip_0/inst/u_tpu_top/u_datapath/u_vector_processing_unit/u_post_process/GEN_BIAS_REQUANT.u_bias_requantize/(null)[0].shifted_value0__3_i_1/O[0]
                         net (fo=18, routed)          0.397     3.487    design_1_i/tpu_mnist_ip_0/inst/u_tpu_top/u_datapath/u_vector_processing_unit/u_post_process/GEN_BIAS_REQUANT.u_bias_requantize/(null)[0].shifted_value0__3/B[16]
    DSP48E2_X5Y22        DSP_A_B_DATA (Prop_DSP_A_B_DATA_DSP48E2_B[16]_B2_DATA[16])
                                                      0.151     3.638 r  design_1_i/tpu_mnist_ip_0/inst/u_tpu_top/u_datapath/u_vector_processing_unit/u_post_process/GEN_BIAS_REQUANT.u_bias_requantize/(null)[0].shifted_value0__3/DSP_A_B_DATA_INST/B2_DATA[16]
                         net (fo=1, routed)           0.000     3.638    design_1_i/tpu_mnist_ip_0/inst/u_tpu_top/u_datapath/u_vector_processing_unit/u_post_process/GEN_BIAS_REQUANT.u_bias_requantize/(null)[0].shifted_value0__3/DSP_A_B_DATA.B2_DATA<16>
    DSP48E2_X5Y22        DSP_PREADD_DATA (Prop_DSP_PREADD_DATA_DSP48E2_B2_DATA[16]_B2B1[16])
                                                      0.073     3.711 r  design_1_i/tpu_mnist_ip_0/inst/u_tpu_top/u_datapath/u_vector_processing_unit/u_post_process/GEN_BIAS_REQUANT.u_bias_requantize/(null)[0].shifted_value0__3/DSP_PREADD_DATA_INST/B2B1[16]
                         net (fo=1, routed)           0.000     3.711    design_1_i/tpu_mnist_ip_0/inst/u_tpu_top/u_datapath/u_vector_processing_unit/u_post_process/GEN_BIAS_REQUANT.u_bias_requantize/(null)[0].shifted_value0__3/DSP_PREADD_DATA.B2B1<16>
    DSP48E2_X5Y22        DSP_MULTIPLIER (Prop_DSP_MULTIPLIER_DSP48E2_B2B1[16]_V[43])
                                                      0.609     4.320 f  design_1_i/tpu_mnist_ip_0/inst/u_tpu_top/u_datapath/u_vector_processing_unit/u_post_process/GEN_BIAS_REQUANT.u_bias_requantize/(null)[0].shifted_value0__3/DSP_MULTIPLIER_INST/V[43]
                         net (fo=1, routed)           0.000     4.320    design_1_i/tpu_mnist_ip_0/inst/u_tpu_top/u_datapath/u_vector_processing_unit/u_post_process/GEN_BIAS_REQUANT.u_bias_requantize/(null)[0].shifted_value0__3/DSP_MULTIPLIER.V<43>
    DSP48E2_X5Y22        DSP_M_DATA (Prop_DSP_M_DATA_DSP48E2_V[43]_V_DATA[43])
                                                      0.046     4.366 r  design_1_i/tpu_mnist_ip_0/inst/u_tpu_top/u_datapath/u_vector_processing_unit/u_post_process/GEN_BIAS_REQUANT.u_bias_requantize/(null)[0].shifted_value0__3/DSP_M_DATA_INST/V_DATA[43]
                         net (fo=1, routed)           0.000     4.366    design_1_i/tpu_mnist_ip_0/inst/u_tpu_top/u_datapath/u_vector_processing_unit/u_post_process/GEN_BIAS_REQUANT.u_bias_requantize/(null)[0].shifted_value0__3/DSP_M_DATA.V_DATA<43>
    DSP48E2_X5Y22        DSP_ALU (Prop_DSP_ALU_DSP48E2_V_DATA[43]_ALU_OUT[47])
                                                      0.571     4.937 f  design_1_i/tpu_mnist_ip_0/inst/u_tpu_top/u_datapath/u_vector_processing_unit/u_post_process/GEN_BIAS_REQUANT.u_bias_requantize/(null)[0].shifted_value0__3/DSP_ALU_INST/ALU_OUT[47]
                         net (fo=1, routed)           0.000     4.937    design_1_i/tpu_mnist_ip_0/inst/u_tpu_top/u_datapath/u_vector_processing_unit/u_post_process/GEN_BIAS_REQUANT.u_bias_requantize/(null)[0].shifted_value0__3/DSP_ALU.ALU_OUT<47>
    DSP48E2_X5Y22        DSP_OUTPUT (Prop_DSP_OUTPUT_DSP48E2_ALU_OUT[47]_PCOUT[47])
                                                      0.122     5.059 r  design_1_i/tpu_mnist_ip_0/inst/u_tpu_top/u_datapath/u_vector_processing_unit/u_post_process/GEN_BIAS_REQUANT.u_bias_requantize/(null)[0].shifted_value0__3/DSP_OUTPUT_INST/PCOUT[47]
                         net (fo=1, routed)           0.014     5.073    design_1_i/tpu_mnist_ip_0/inst/u_tpu_top/u_datapath/u_vector_processing_unit/u_post_process/GEN_BIAS_REQUANT.u_bias_requantize/(null)[0].shifted_value0__4/PCIN[47]
    DSP48E2_X5Y23        DSP_ALU (Prop_DSP_ALU_DSP48E2_PCIN[47]_ALU_OUT[6])
                                                      0.546     5.619 f  design_1_i/tpu_mnist_ip_0/inst/u_tpu_top/u_datapath/u_vector_processing_unit/u_post_process/GEN_BIAS_REQUANT.u_bias_requantize/(null)[0].shifted_value0__4/DSP_ALU_INST/ALU_OUT[6]
                         net (fo=1, routed)           0.000     5.619    design_1_i/tpu_mnist_ip_0/inst/u_tpu_top/u_datapath/u_vector_processing_unit/u_post_process/GEN_BIAS_REQUANT.u_bias_requantize/(null)[0].shifted_value0__4/DSP_ALU.ALU_OUT<6>
    DSP48E2_X5Y23        DSP_OUTPUT (Prop_DSP_OUTPUT_DSP48E2_ALU_OUT[6]_P[6])
                                                      0.109     5.728 r  design_1_i/tpu_mnist_ip_0/inst/u_tpu_top/u_datapath/u_vector_processing_unit/u_post_process/GEN_BIAS_REQUANT.u_bias_requantize/(null)[0].shifted_value0__4/DSP_OUTPUT_INST/P[6]
                         net (fo=1, routed)           0.319     6.047    design_1_i/tpu_mnist_ip_0/inst/u_tpu_top/u_datapath/u_vector_processing_unit/u_post_process/GEN_BIAS_REQUANT.u_bias_requantize/p_0_in[40]
    SLICE_X54Y58         LUT2 (Prop_A6LUT_SLICEM_I1_O)
                                                      0.150     6.197 r  design_1_i/tpu_mnist_ip_0/inst/u_tpu_top/u_datapath/u_vector_processing_unit/u_post_process/GEN_BIAS_REQUANT.u_bias_requantize/data_flatten_o[50]_i_32/O
                         net (fo=1, routed)           0.013     6.210    design_1_i/tpu_mnist_ip_0/inst/u_tpu_top/u_datapath/u_vector_processing_unit/u_post_process/GEN_BIAS_REQUANT.u_bias_requantize/data_flatten_o[50]_i_32_n_0
    SLICE_X54Y58         CARRY8 (Prop_CARRY8_SLICEM_S[0]_CO[7])
                                                      0.192     6.402 r  design_1_i/tpu_mnist_ip_0/inst/u_tpu_top/u_datapath/u_vector_processing_unit/u_post_process/GEN_BIAS_REQUANT.u_bias_requantize/data_flatten_o_reg[50]_i_7/CO[7]
                         net (fo=1, routed)           0.026     6.428    design_1_i/tpu_mnist_ip_0/inst/u_tpu_top/u_datapath/u_vector_processing_unit/u_post_process/GEN_BIAS_REQUANT.u_bias_requantize/data_flatten_o_reg[50]_i_7_n_0
    SLICE_X54Y59         CARRY8 (Prop_CARRY8_SLICEM_CI_CO[7])
                                                      0.015     6.443 r  design_1_i/tpu_mnist_ip_0/inst/u_tpu_top/u_datapath/u_vector_processing_unit/u_post_process/GEN_BIAS_REQUANT.u_bias_requantize/data_flatten_o_reg[50]_i_33/CO[7]
                         net (fo=1, routed)           0.026     6.469    design_1_i/tpu_mnist_ip_0/inst/u_tpu_top/u_datapath/u_vector_processing_unit/u_post_process/GEN_BIAS_REQUANT.u_bias_requantize/data_flatten_o_reg[50]_i_33_n_0
    SLICE_X54Y60         CARRY8 (Prop_CARRY8_SLICEM_CI_CO[7])
                                                      0.015     6.484 r  design_1_i/tpu_mnist_ip_0/inst/u_tpu_top/u_datapath/u_vector_processing_unit/u_post_process/GEN_BIAS_REQUANT.u_bias_requantize/data_flatten_o_reg[63]_i_73/CO[7]
                         net (fo=1, routed)           0.026     6.510    design_1_i/tpu_mnist_ip_0/inst/u_tpu_top/u_datapath/u_vector_processing_unit/u_post_process/GEN_BIAS_REQUANT.u_bias_requantize/data_flatten_o_reg[63]_i_73_n_0
    SLICE_X54Y61         CARRY8 (Prop_CARRY8_SLICEM_CI_O[0])
                                                      0.056     6.566 r  design_1_i/tpu_mnist_ip_0/inst/u_tpu_top/u_datapath/u_vector_processing_unit/u_post_process/GEN_BIAS_REQUANT.u_bias_requantize/data_flatten_o_reg[50]_i_6/O[0]
                         net (fo=125, routed)         0.432     6.997    design_1_i/tpu_mnist_ip_0/inst/u_tpu_top/u_datapath/u_vector_processing_unit/u_post_process/GEN_BIAS_REQUANT.u_bias_requantize/data_flatten_o_reg[50]_i_6_n_15
    SLICE_X55Y54         LUT2 (Prop_A6LUT_SLICEL_I0_O)
                                                      0.050     7.047 r  design_1_i/tpu_mnist_ip_0/inst/u_tpu_top/u_datapath/u_vector_processing_unit/u_post_process/GEN_BIAS_REQUANT.u_bias_requantize/data_flatten_o[38]_i_28/O
                         net (fo=1, routed)           0.009     7.056    design_1_i/tpu_mnist_ip_0/inst/u_tpu_top/u_datapath/u_vector_processing_unit/u_post_process/GEN_BIAS_REQUANT.u_bias_requantize/data_flatten_o[38]_i_28_n_0
    SLICE_X55Y54         CARRY8 (Prop_CARRY8_SLICEL_S[0]_CO[7])
                                                      0.190     7.246 r  design_1_i/tpu_mnist_ip_0/inst/u_tpu_top/u_datapath/u_vector_processing_unit/u_post_process/GEN_BIAS_REQUANT.u_bias_requantize/data_flatten_o_reg[38]_i_12/CO[7]
                         net (fo=1, routed)           0.026     7.272    design_1_i/tpu_mnist_ip_0/inst/u_tpu_top/u_datapath/u_vector_processing_unit/u_post_process/GEN_BIAS_REQUANT.u_bias_requantize/data_flatten_o_reg[38]_i_12_n_0
    SLICE_X55Y55         CARRY8 (Prop_CARRY8_SLICEL_CI_CO[7])
                                                      0.015     7.287 r  design_1_i/tpu_mnist_ip_0/inst/u_tpu_top/u_datapath/u_vector_processing_unit/u_post_process/GEN_BIAS_REQUANT.u_bias_requantize/data_flatten_o_reg[38]_i_3/CO[7]
                         net (fo=1, routed)           0.026     7.313    design_1_i/tpu_mnist_ip_0/inst/u_tpu_top/u_datapath/u_vector_processing_unit/u_post_process/GEN_BIAS_REQUANT.u_bias_requantize/data_flatten_o_reg[38]_i_3_n_0
    SLICE_X55Y56         CARRY8 (Prop_CARRY8_SLICEL_CI_CO[7])
                                                      0.015     7.328 r  design_1_i/tpu_mnist_ip_0/inst/u_tpu_top/u_datapath/u_vector_processing_unit/u_post_process/GEN_BIAS_REQUANT.u_bias_requantize/data_flatten_o_reg[38]_i_2/CO[7]
                         net (fo=1, routed)           0.026     7.354    design_1_i/tpu_mnist_ip_0/inst/u_tpu_top/u_datapath/u_vector_processing_unit/u_post_process/GEN_BIAS_REQUANT.u_bias_requantize/data_flatten_o_reg[38]_i_2_n_0
    SLICE_X55Y57         CARRY8 (Prop_CARRY8_SLICEL_CI_CO[7])
                                                      0.015     7.369 r  design_1_i/tpu_mnist_ip_0/inst/u_tpu_top/u_datapath/u_vector_processing_unit/u_post_process/GEN_BIAS_REQUANT.u_bias_requantize/data_flatten_o_reg[46]_i_2/CO[7]
                         net (fo=1, routed)           0.026     7.395    design_1_i/tpu_mnist_ip_0/inst/u_tpu_top/u_datapath/u_vector_processing_unit/u_post_process/GEN_BIAS_REQUANT.u_bias_requantize/data_flatten_o_reg[46]_i_2_n_0
    SLICE_X55Y58         CARRY8 (Prop_CARRY8_SLICEL_CI_CO[7])
                                                      0.015     7.410 r  design_1_i/tpu_mnist_ip_0/inst/u_tpu_top/u_datapath/u_vector_processing_unit/u_post_process/GEN_BIAS_REQUANT.u_bias_requantize/data_flatten_o_reg[50]_i_4/CO[7]
                         net (fo=1, routed)           0.026     7.436    design_1_i/tpu_mnist_ip_0/inst/u_tpu_top/u_datapath/u_vector_processing_unit/u_post_process/GEN_BIAS_REQUANT.u_bias_requantize/data_flatten_o_reg[50]_i_4_n_0
    SLICE_X55Y59         CARRY8 (Prop_CARRY8_SLICEL_CI_CO[7])
                                                      0.015     7.451 r  design_1_i/tpu_mnist_ip_0/inst/u_tpu_top/u_datapath/u_vector_processing_unit/u_post_process/GEN_BIAS_REQUANT.u_bias_requantize/data_flatten_o_reg[62]_i_3/CO[7]
                         net (fo=1, routed)           0.026     7.477    design_1_i/tpu_mnist_ip_0/inst/u_tpu_top/u_datapath/u_vector_processing_unit/u_post_process/GEN_BIAS_REQUANT.u_bias_requantize/data_flatten_o_reg[62]_i_3_n_0
    SLICE_X55Y60         CARRY8 (Prop_CARRY8_SLICEL_CI_O[1])
                                                      0.076     7.553 f  design_1_i/tpu_mnist_ip_0/inst/u_tpu_top/u_datapath/u_vector_processing_unit/u_post_process/GEN_BIAS_REQUANT.u_bias_requantize/data_flatten_o_reg[63]_i_18/O[1]
                         net (fo=7, routed)           0.340     7.893    design_1_i/tpu_mnist_ip_0/inst/u_tpu_top/u_datapath/u_vector_processing_unit/u_post_process/GEN_BIAS_REQUANT.u_bias_requantize/(null)[0].rounded_product[63]
    SLICE_X56Y55         LUT3 (Prop_G6LUT_SLICEM_I1_O)
                                                      0.150     8.043 r  design_1_i/tpu_mnist_ip_0/inst/u_tpu_top/u_datapath/u_vector_processing_unit/u_post_process/GEN_BIAS_REQUANT.u_bias_requantize/data_flatten_o[63]_i_244/O
                         net (fo=1, routed)           0.127     8.170    design_1_i/tpu_mnist_ip_0/inst/u_tpu_top/u_datapath/u_vector_processing_unit/u_post_process/GEN_BIAS_REQUANT.u_bias_requantize/data_flatten_o[63]_i_244_n_0
    SLICE_X56Y56         CARRY8 (Prop_CARRY8_SLICEM_CI_CO[7])
                                                      0.153     8.323 r  design_1_i/tpu_mnist_ip_0/inst/u_tpu_top/u_datapath/u_vector_processing_unit/u_post_process/GEN_BIAS_REQUANT.u_bias_requantize/data_flatten_o_reg[63]_i_162/CO[7]
                         net (fo=1, routed)           0.026     8.349    design_1_i/tpu_mnist_ip_0/inst/u_tpu_top/u_datapath/u_vector_processing_unit/u_post_process/GEN_BIAS_REQUANT.u_bias_requantize/data_flatten_o_reg[63]_i_162_n_0
    SLICE_X56Y57         CARRY8 (Prop_CARRY8_SLICEM_CI_CO[7])
                                                      0.015     8.364 r  design_1_i/tpu_mnist_ip_0/inst/u_tpu_top/u_datapath/u_vector_processing_unit/u_post_process/GEN_BIAS_REQUANT.u_bias_requantize/data_flatten_o_reg[63]_i_161/CO[7]
                         net (fo=1, routed)           0.026     8.390    design_1_i/tpu_mnist_ip_0/inst/u_tpu_top/u_datapath/u_vector_processing_unit/u_post_process/GEN_BIAS_REQUANT.u_bias_requantize/data_flatten_o_reg[63]_i_161_n_0
    SLICE_X56Y58         CARRY8 (Prop_CARRY8_SLICEM_CI_CO[7])
                                                      0.015     8.405 r  design_1_i/tpu_mnist_ip_0/inst/u_tpu_top/u_datapath/u_vector_processing_unit/u_post_process/GEN_BIAS_REQUANT.u_bias_requantize/data_flatten_o_reg[63]_i_118/CO[7]
                         net (fo=1, routed)           0.026     8.431    design_1_i/tpu_mnist_ip_0/inst/u_tpu_top/u_datapath/u_vector_processing_unit/u_post_process/GEN_BIAS_REQUANT.u_bias_requantize/data_flatten_o_reg[63]_i_118_n_0
    SLICE_X56Y59         CARRY8 (Prop_CARRY8_SLICEM_CI_O[0])
                                                      0.056     8.487 r  design_1_i/tpu_mnist_ip_0/inst/u_tpu_top/u_datapath/u_vector_processing_unit/u_post_process/GEN_BIAS_REQUANT.u_bias_requantize/data_flatten_o_reg[63]_i_117/O[0]
                         net (fo=4, routed)           0.290     8.777    design_1_i/tpu_mnist_ip_0/inst/u_tpu_top/u_datapath/u_vector_processing_unit/u_post_process/GEN_BIAS_REQUANT.u_bias_requantize/data_flatten_o_reg[63]_i_117_n_15
    SLICE_X52Y58         LUT2 (Prop_B6LUT_SLICEL_I0_O)
                                                      0.148     8.925 r  design_1_i/tpu_mnist_ip_0/inst/u_tpu_top/u_datapath/u_vector_processing_unit/u_post_process/GEN_BIAS_REQUANT.u_bias_requantize/data_flatten_o[63]_i_42/O
                         net (fo=1, routed)           0.009     8.934    design_1_i/tpu_mnist_ip_0/inst/u_tpu_top/u_datapath/u_vector_processing_unit/u_post_process/GEN_BIAS_REQUANT.u_bias_requantize/data_flatten_o[63]_i_42_n_0
    SLICE_X52Y58         CARRY8 (Prop_CARRY8_SLICEL_S[1]_CO[5])
                                                      0.195     9.129 f  design_1_i/tpu_mnist_ip_0/inst/u_tpu_top/u_datapath/u_vector_processing_unit/u_post_process/GEN_BIAS_REQUANT.u_bias_requantize/data_flatten_o_reg[63]_i_5/CO[5]
                         net (fo=22, routed)          0.404     9.533    design_1_i/tpu_mnist_ip_0/inst/u_tpu_top/u_datapath/u_vector_processing_unit/u_post_process/GEN_BIAS_REQUANT.u_bias_requantize/data_flatten_o_reg[63]_i_5_n_2
    SLICE_X50Y54         LUT3 (Prop_D5LUT_SLICEM_I1_O)
                                                      0.097     9.630 f  design_1_i/tpu_mnist_ip_0/inst/u_tpu_top/u_datapath/u_vector_processing_unit/u_post_process/GEN_BIAS_REQUANT.u_bias_requantize/data_flatten_o[50]_i_2/O
                         net (fo=18, routed)          0.296     9.926    design_1_i/tpu_mnist_ip_0/inst/u_tpu_top/u_datapath/u_vector_processing_unit/u_post_process/GEN_BIAS_REQUANT.u_bias_requantize/data_flatten_o[50]_i_2_n_0
    SLICE_X51Y57         LUT6 (Prop_H6LUT_SLICEL_I5_O)
                                                      0.051     9.977 r  design_1_i/tpu_mnist_ip_0/inst/u_tpu_top/u_datapath/u_vector_processing_unit/u_post_process/GEN_BIAS_REQUANT.u_bias_requantize/data_flatten_o[35]_i_1/O
                         net (fo=1, routed)           0.051    10.028    design_1_i/tpu_mnist_ip_0/inst/u_tpu_top/u_datapath/u_vector_processing_unit/u_post_process/GEN_BIAS_REQUANT.u_bias_requantize/data_flatten_o[35]_i_1_n_0
    SLICE_X51Y57         FDCE                                         r  design_1_i/tpu_mnist_ip_0/inst/u_tpu_top/u_datapath/u_vector_processing_unit/u_post_process/GEN_BIAS_REQUANT.u_bias_requantize/data_flatten_o_reg[35]/D
  -------------------------------------------------------------------    -------------------

                         (clock clk_pl_0 rise edge)
                                                     10.000    10.000 r  
    PS8_X0Y0             PS8                          0.000    10.000 r  design_1_i/zynq_ultra_ps_e_0/inst/PS8_i/PLCLK[0]
                         net (fo=1, routed)           0.143    10.143    design_1_i/zynq_ultra_ps_e_0/inst/pl_clk_unbuffered[0]
    BUFG_PS_X0Y80        BUFG_PS (Prop_BUFG_PS_I_O)
                                                      0.025    10.168 r  design_1_i/zynq_ultra_ps_e_0/inst/buffer_pl_clk_0.PL_CLK_0_BUFG/O
    X1Y2 (CLOCK_ROOT)    net (fo=3956, routed)        1.581    11.749    design_1_i/tpu_mnist_ip_0/inst/u_tpu_top/u_datapath/u_vector_processing_unit/u_post_process/GEN_BIAS_REQUANT.u_bias_requantize/s_axi_aclk
    SLICE_X51Y57         FDCE                                         r  design_1_i/tpu_mnist_ip_0/inst/u_tpu_top/u_datapath/u_vector_processing_unit/u_post_process/GEN_BIAS_REQUANT.u_bias_requantize/data_flatten_o_reg[35]/C
                         clock pessimism              0.119    11.868    
                         clock uncertainty           -0.130    11.738    
    SLICE_X51Y57         FDCE (Setup_HFF_SLICEL_C_D)
                                                      0.025    11.763    design_1_i/tpu_mnist_ip_0/inst/u_tpu_top/u_datapath/u_vector_processing_unit/u_post_process/GEN_BIAS_REQUANT.u_bias_requantize/data_flatten_o_reg[35]
  -------------------------------------------------------------------
                         required time                         11.763    
                         arrival time                         -10.028    
  -------------------------------------------------------------------
                         slack                                  1.735    

Slack (MET) :             1.740ns  (required time - arrival time)
  Source:                 design_1_i/tpu_mnist_ip_0/inst/u_tpu_top/u_datapath/u_accumulator_array/read_data_flatten_o_reg[40]/C
                            (rising edge-triggered cell FDCE clocked by clk_pl_0  {rise@0.000ns fall@5.000ns period=10.000ns})
  Destination:            design_1_i/tpu_mnist_ip_0/inst/u_tpu_top/u_datapath/u_vector_processing_unit/u_post_process/GEN_BIAS_REQUANT.u_bias_requantize/data_flatten_o_reg[36]/D
                            (rising edge-triggered cell FDCE clocked by clk_pl_0  {rise@0.000ns fall@5.000ns period=10.000ns})
  Path Group:             clk_pl_0
  Path Type:              Setup (Max at Slow Process Corner)
  Requirement:            10.000ns  (clk_pl_0 rise@10.000ns - clk_pl_0 rise@0.000ns)
  Data Path Delay:        8.007ns  (logic 4.371ns (54.589%)  route 3.636ns (45.411%))
  Logic Levels:           35  (CARRY8=20 DSP_A_B_DATA=1 DSP_ALU=2 DSP_M_DATA=1 DSP_MULTIPLIER=1 DSP_OUTPUT=2 DSP_PREADD_DATA=1 LUT2=4 LUT3=2 LUT6=1)
  Clock Path Skew:        -0.148ns (DCD - SCD + CPR)
    Destination Clock Delay (DCD):    1.749ns = ( 11.749 - 10.000 ) 
    Source Clock Delay      (SCD):    2.016ns
    Clock Pessimism Removal (CPR):    0.119ns
  Clock Uncertainty:      0.130ns  ((TSJ^2 + DJ^2)^1/2) / 2 + PE
    Total System Jitter     (TSJ):    0.071ns
    Discrete Jitter          (DJ):    0.250ns
    Phase Error              (PE):    0.000ns
  Clock Net Delay (Source):      1.808ns (routing 0.569ns, distribution 1.239ns)
  Clock Net Delay (Destination): 1.581ns (routing 0.512ns, distribution 1.069ns)

    Location             Delay type                Incr(ns)  Path(ns)    Netlist Resource(s)
  -------------------------------------------------------------------    -------------------
                         (clock clk_pl_0 rise edge)
                                                      0.000     0.000 r  
    PS8_X0Y0             PS8                          0.000     0.000 r  design_1_i/zynq_ultra_ps_e_0/inst/PS8_i/PLCLK[0]
                         net (fo=1, routed)           0.180     0.180    design_1_i/zynq_ultra_ps_e_0/inst/pl_clk_unbuffered[0]
    BUFG_PS_X0Y80        BUFG_PS (Prop_BUFG_PS_I_O)
                                                      0.028     0.208 r  design_1_i/zynq_ultra_ps_e_0/inst/buffer_pl_clk_0.PL_CLK_0_BUFG/O
    X1Y2 (CLOCK_ROOT)    net (fo=3956, routed)        1.808     2.016    design_1_i/tpu_mnist_ip_0/inst/u_tpu_top/u_datapath/u_accumulator_array/s_axi_aclk
    SLICE_X63Y64         FDCE                                         r  design_1_i/tpu_mnist_ip_0/inst/u_tpu_top/u_datapath/u_accumulator_array/read_data_flatten_o_reg[40]/C
  -------------------------------------------------------------------    -------------------
    SLICE_X63Y64         FDCE (Prop_DFF_SLICEM_C_Q)
                                                      0.078     2.094 r  design_1_i/tpu_mnist_ip_0/inst/u_tpu_top/u_datapath/u_accumulator_array/read_data_flatten_o_reg[40]/Q
                         net (fo=2, routed)           0.537     2.631    design_1_i/tpu_mnist_ip_0/inst/u_tpu_top/u_datapath/u_vector_processing_unit/u_post_process/GEN_BIAS_REQUANT.u_bias_requantize/(null)[0].shifted_value0__4_0[40]
    SLICE_X57Y56         LUT2 (Prop_A6LUT_SLICEM_I0_O)
                                                      0.090     2.721 r  design_1_i/tpu_mnist_ip_0/inst/u_tpu_top/u_datapath/u_vector_processing_unit/u_post_process/GEN_BIAS_REQUANT.u_bias_requantize/(null)[0].shifted_value0__5_i_10/O
                         net (fo=1, routed)           0.013     2.734    design_1_i/tpu_mnist_ip_0/inst/u_tpu_top/u_datapath/u_vector_processing_unit/u_post_process/GEN_BIAS_REQUANT.u_bias_requantize/(null)[0].shifted_value0__5_i_10_n_0
    SLICE_X57Y56         CARRY8 (Prop_CARRY8_SLICEM_S[0]_CO[7])
                                                      0.192     2.926 r  design_1_i/tpu_mnist_ip_0/inst/u_tpu_top/u_datapath/u_vector_processing_unit/u_post_process/GEN_BIAS_REQUANT.u_bias_requantize/(null)[0].shifted_value0__5_i_1/CO[7]
                         net (fo=1, routed)           0.026     2.952    design_1_i/tpu_mnist_ip_0/inst/u_tpu_top/u_datapath/u_vector_processing_unit/u_post_process/GEN_BIAS_REQUANT.u_bias_requantize/(null)[0].shifted_value0__5_i_1_n_0
    SLICE_X57Y57         CARRY8 (Prop_CARRY8_SLICEM_CI_CO[7])
                                                      0.015     2.967 r  design_1_i/tpu_mnist_ip_0/inst/u_tpu_top/u_datapath/u_vector_processing_unit/u_post_process/GEN_BIAS_REQUANT.u_bias_requantize/(null)[0].shifted_value0__3_i_3/CO[7]
                         net (fo=1, routed)           0.026     2.993    design_1_i/tpu_mnist_ip_0/inst/u_tpu_top/u_datapath/u_vector_processing_unit/u_post_process/GEN_BIAS_REQUANT.u_bias_requantize/(null)[0].shifted_value0__3_i_3_n_0
    SLICE_X57Y58         CARRY8 (Prop_CARRY8_SLICEM_CI_CO[7])
                                                      0.015     3.008 r  design_1_i/tpu_mnist_ip_0/inst/u_tpu_top/u_datapath/u_vector_processing_unit/u_post_process/GEN_BIAS_REQUANT.u_bias_requantize/(null)[0].shifted_value0__3_i_2/CO[7]
                         net (fo=1, routed)           0.026     3.034    design_1_i/tpu_mnist_ip_0/inst/u_tpu_top/u_datapath/u_vector_processing_unit/u_post_process/GEN_BIAS_REQUANT.u_bias_requantize/(null)[0].shifted_value0__3_i_2_n_0
    SLICE_X57Y59         CARRY8 (Prop_CARRY8_SLICEM_CI_O[0])
                                                      0.056     3.090 f  design_1_i/tpu_mnist_ip_0/inst/u_tpu_top/u_datapath/u_vector_processing_unit/u_post_process/GEN_BIAS_REQUANT.u_bias_requantize/(null)[0].shifted_value0__3_i_1/O[0]
                         net (fo=18, routed)          0.397     3.487    design_1_i/tpu_mnist_ip_0/inst/u_tpu_top/u_datapath/u_vector_processing_unit/u_post_process/GEN_BIAS_REQUANT.u_bias_requantize/(null)[0].shifted_value0__3/B[16]
    DSP48E2_X5Y22        DSP_A_B_DATA (Prop_DSP_A_B_DATA_DSP48E2_B[16]_B2_DATA[16])
                                                      0.151     3.638 r  design_1_i/tpu_mnist_ip_0/inst/u_tpu_top/u_datapath/u_vector_processing_unit/u_post_process/GEN_BIAS_REQUANT.u_bias_requantize/(null)[0].shifted_value0__3/DSP_A_B_DATA_INST/B2_DATA[16]
                         net (fo=1, routed)           0.000     3.638    design_1_i/tpu_mnist_ip_0/inst/u_tpu_top/u_datapath/u_vector_processing_unit/u_post_process/GEN_BIAS_REQUANT.u_bias_requantize/(null)[0].shifted_value0__3/DSP_A_B_DATA.B2_DATA<16>
    DSP48E2_X5Y22        DSP_PREADD_DATA (Prop_DSP_PREADD_DATA_DSP48E2_B2_DATA[16]_B2B1[16])
                                                      0.073     3.711 r  design_1_i/tpu_mnist_ip_0/inst/u_tpu_top/u_datapath/u_vector_processing_unit/u_post_process/GEN_BIAS_REQUANT.u_bias_requantize/(null)[0].shifted_value0__3/DSP_PREADD_DATA_INST/B2B1[16]
                         net (fo=1, routed)           0.000     3.711    design_1_i/tpu_mnist_ip_0/inst/u_tpu_top/u_datapath/u_vector_processing_unit/u_post_process/GEN_BIAS_REQUANT.u_bias_requantize/(null)[0].shifted_value0__3/DSP_PREADD_DATA.B2B1<16>
    DSP48E2_X5Y22        DSP_MULTIPLIER (Prop_DSP_MULTIPLIER_DSP48E2_B2B1[16]_V[43])
                                                      0.609     4.320 f  design_1_i/tpu_mnist_ip_0/inst/u_tpu_top/u_datapath/u_vector_processing_unit/u_post_process/GEN_BIAS_REQUANT.u_bias_requantize/(null)[0].shifted_value0__3/DSP_MULTIPLIER_INST/V[43]
                         net (fo=1, routed)           0.000     4.320    design_1_i/tpu_mnist_ip_0/inst/u_tpu_top/u_datapath/u_vector_processing_unit/u_post_process/GEN_BIAS_REQUANT.u_bias_requantize/(null)[0].shifted_value0__3/DSP_MULTIPLIER.V<43>
    DSP48E2_X5Y22        DSP_M_DATA (Prop_DSP_M_DATA_DSP48E2_V[43]_V_DATA[43])
                                                      0.046     4.366 r  design_1_i/tpu_mnist_ip_0/inst/u_tpu_top/u_datapath/u_vector_processing_unit/u_post_process/GEN_BIAS_REQUANT.u_bias_requantize/(null)[0].shifted_value0__3/DSP_M_DATA_INST/V_DATA[43]
                         net (fo=1, routed)           0.000     4.366    design_1_i/tpu_mnist_ip_0/inst/u_tpu_top/u_datapath/u_vector_processing_unit/u_post_process/GEN_BIAS_REQUANT.u_bias_requantize/(null)[0].shifted_value0__3/DSP_M_DATA.V_DATA<43>
    DSP48E2_X5Y22        DSP_ALU (Prop_DSP_ALU_DSP48E2_V_DATA[43]_ALU_OUT[47])
                                                      0.571     4.937 f  design_1_i/tpu_mnist_ip_0/inst/u_tpu_top/u_datapath/u_vector_processing_unit/u_post_process/GEN_BIAS_REQUANT.u_bias_requantize/(null)[0].shifted_value0__3/DSP_ALU_INST/ALU_OUT[47]
                         net (fo=1, routed)           0.000     4.937    design_1_i/tpu_mnist_ip_0/inst/u_tpu_top/u_datapath/u_vector_processing_unit/u_post_process/GEN_BIAS_REQUANT.u_bias_requantize/(null)[0].shifted_value0__3/DSP_ALU.ALU_OUT<47>
    DSP48E2_X5Y22        DSP_OUTPUT (Prop_DSP_OUTPUT_DSP48E2_ALU_OUT[47]_PCOUT[47])
                                                      0.122     5.059 r  design_1_i/tpu_mnist_ip_0/inst/u_tpu_top/u_datapath/u_vector_processing_unit/u_post_process/GEN_BIAS_REQUANT.u_bias_requantize/(null)[0].shifted_value0__3/DSP_OUTPUT_INST/PCOUT[47]
                         net (fo=1, routed)           0.014     5.073    design_1_i/tpu_mnist_ip_0/inst/u_tpu_top/u_datapath/u_vector_processing_unit/u_post_process/GEN_BIAS_REQUANT.u_bias_requantize/(null)[0].shifted_value0__4/PCIN[47]
    DSP48E2_X5Y23        DSP_ALU (Prop_DSP_ALU_DSP48E2_PCIN[47]_ALU_OUT[6])
                                                      0.546     5.619 f  design_1_i/tpu_mnist_ip_0/inst/u_tpu_top/u_datapath/u_vector_processing_unit/u_post_process/GEN_BIAS_REQUANT.u_bias_requantize/(null)[0].shifted_value0__4/DSP_ALU_INST/ALU_OUT[6]
                         net (fo=1, routed)           0.000     5.619    design_1_i/tpu_mnist_ip_0/inst/u_tpu_top/u_datapath/u_vector_processing_unit/u_post_process/GEN_BIAS_REQUANT.u_bias_requantize/(null)[0].shifted_value0__4/DSP_ALU.ALU_OUT<6>
    DSP48E2_X5Y23        DSP_OUTPUT (Prop_DSP_OUTPUT_DSP48E2_ALU_OUT[6]_P[6])
                                                      0.109     5.728 r  design_1_i/tpu_mnist_ip_0/inst/u_tpu_top/u_datapath/u_vector_processing_unit/u_post_process/GEN_BIAS_REQUANT.u_bias_requantize/(null)[0].shifted_value0__4/DSP_OUTPUT_INST/P[6]
                         net (fo=1, routed)           0.319     6.047    design_1_i/tpu_mnist_ip_0/inst/u_tpu_top/u_datapath/u_vector_processing_unit/u_post_process/GEN_BIAS_REQUANT.u_bias_requantize/p_0_in[40]
    SLICE_X54Y58         LUT2 (Prop_A6LUT_SLICEM_I1_O)
                                                      0.150     6.197 r  design_1_i/tpu_mnist_ip_0/inst/u_tpu_top/u_datapath/u_vector_processing_unit/u_post_process/GEN_BIAS_REQUANT.u_bias_requantize/data_flatten_o[50]_i_32/O
                         net (fo=1, routed)           0.013     6.210    design_1_i/tpu_mnist_ip_0/inst/u_tpu_top/u_datapath/u_vector_processing_unit/u_post_process/GEN_BIAS_REQUANT.u_bias_requantize/data_flatten_o[50]_i_32_n_0
    SLICE_X54Y58         CARRY8 (Prop_CARRY8_SLICEM_S[0]_CO[7])
                                                      0.192     6.402 r  design_1_i/tpu_mnist_ip_0/inst/u_tpu_top/u_datapath/u_vector_processing_unit/u_post_process/GEN_BIAS_REQUANT.u_bias_requantize/data_flatten_o_reg[50]_i_7/CO[7]
                         net (fo=1, routed)           0.026     6.428    design_1_i/tpu_mnist_ip_0/inst/u_tpu_top/u_datapath/u_vector_processing_unit/u_post_process/GEN_BIAS_REQUANT.u_bias_requantize/data_flatten_o_reg[50]_i_7_n_0
    SLICE_X54Y59         CARRY8 (Prop_CARRY8_SLICEM_CI_CO[7])
                                                      0.015     6.443 r  design_1_i/tpu_mnist_ip_0/inst/u_tpu_top/u_datapath/u_vector_processing_unit/u_post_process/GEN_BIAS_REQUANT.u_bias_requantize/data_flatten_o_reg[50]_i_33/CO[7]
                         net (fo=1, routed)           0.026     6.469    design_1_i/tpu_mnist_ip_0/inst/u_tpu_top/u_datapath/u_vector_processing_unit/u_post_process/GEN_BIAS_REQUANT.u_bias_requantize/data_flatten_o_reg[50]_i_33_n_0
    SLICE_X54Y60         CARRY8 (Prop_CARRY8_SLICEM_CI_CO[7])
                                                      0.015     6.484 r  design_1_i/tpu_mnist_ip_0/inst/u_tpu_top/u_datapath/u_vector_processing_unit/u_post_process/GEN_BIAS_REQUANT.u_bias_requantize/data_flatten_o_reg[63]_i_73/CO[7]
                         net (fo=1, routed)           0.026     6.510    design_1_i/tpu_mnist_ip_0/inst/u_tpu_top/u_datapath/u_vector_processing_unit/u_post_process/GEN_BIAS_REQUANT.u_bias_requantize/data_flatten_o_reg[63]_i_73_n_0
    SLICE_X54Y61         CARRY8 (Prop_CARRY8_SLICEM_CI_O[0])
                                                      0.056     6.566 r  design_1_i/tpu_mnist_ip_0/inst/u_tpu_top/u_datapath/u_vector_processing_unit/u_post_process/GEN_BIAS_REQUANT.u_bias_requantize/data_flatten_o_reg[50]_i_6/O[0]
                         net (fo=125, routed)         0.432     6.997    design_1_i/tpu_mnist_ip_0/inst/u_tpu_top/u_datapath/u_vector_processing_unit/u_post_process/GEN_BIAS_REQUANT.u_bias_requantize/data_flatten_o_reg[50]_i_6_n_15
    SLICE_X55Y54         LUT2 (Prop_A6LUT_SLICEL_I0_O)
                                                      0.050     7.047 r  design_1_i/tpu_mnist_ip_0/inst/u_tpu_top/u_datapath/u_vector_processing_unit/u_post_process/GEN_BIAS_REQUANT.u_bias_requantize/data_flatten_o[38]_i_28/O
                         net (fo=1, routed)           0.009     7.056    design_1_i/tpu_mnist_ip_0/inst/u_tpu_top/u_datapath/u_vector_processing_unit/u_post_process/GEN_BIAS_REQUANT.u_bias_requantize/data_flatten_o[38]_i_28_n_0
    SLICE_X55Y54         CARRY8 (Prop_CARRY8_SLICEL_S[0]_CO[7])
                                                      0.190     7.246 r  design_1_i/tpu_mnist_ip_0/inst/u_tpu_top/u_datapath/u_vector_processing_unit/u_post_process/GEN_BIAS_REQUANT.u_bias_requantize/data_flatten_o_reg[38]_i_12/CO[7]
                         net (fo=1, routed)           0.026     7.272    design_1_i/tpu_mnist_ip_0/inst/u_tpu_top/u_datapath/u_vector_processing_unit/u_post_process/GEN_BIAS_REQUANT.u_bias_requantize/data_flatten_o_reg[38]_i_12_n_0
    SLICE_X55Y55         CARRY8 (Prop_CARRY8_SLICEL_CI_CO[7])
                                                      0.015     7.287 r  design_1_i/tpu_mnist_ip_0/inst/u_tpu_top/u_datapath/u_vector_processing_unit/u_post_process/GEN_BIAS_REQUANT.u_bias_requantize/data_flatten_o_reg[38]_i_3/CO[7]
                         net (fo=1, routed)           0.026     7.313    design_1_i/tpu_mnist_ip_0/inst/u_tpu_top/u_datapath/u_vector_processing_unit/u_post_process/GEN_BIAS_REQUANT.u_bias_requantize/data_flatten_o_reg[38]_i_3_n_0
    SLICE_X55Y56         CARRY8 (Prop_CARRY8_SLICEL_CI_CO[7])
                                                      0.015     7.328 r  design_1_i/tpu_mnist_ip_0/inst/u_tpu_top/u_datapath/u_vector_processing_unit/u_post_process/GEN_BIAS_REQUANT.u_bias_requantize/data_flatten_o_reg[38]_i_2/CO[7]
                         net (fo=1, routed)           0.026     7.354    design_1_i/tpu_mnist_ip_0/inst/u_tpu_top/u_datapath/u_vector_processing_unit/u_post_process/GEN_BIAS_REQUANT.u_bias_requantize/data_flatten_o_reg[38]_i_2_n_0
    SLICE_X55Y57         CARRY8 (Prop_CARRY8_SLICEL_CI_CO[7])
                                                      0.015     7.369 r  design_1_i/tpu_mnist_ip_0/inst/u_tpu_top/u_datapath/u_vector_processing_unit/u_post_process/GEN_BIAS_REQUANT.u_bias_requantize/data_flatten_o_reg[46]_i_2/CO[7]
                         net (fo=1, routed)           0.026     7.395    design_1_i/tpu_mnist_ip_0/inst/u_tpu_top/u_datapath/u_vector_processing_unit/u_post_process/GEN_BIAS_REQUANT.u_bias_requantize/data_flatten_o_reg[46]_i_2_n_0
    SLICE_X55Y58         CARRY8 (Prop_CARRY8_SLICEL_CI_CO[7])
                                                      0.015     7.410 r  design_1_i/tpu_mnist_ip_0/inst/u_tpu_top/u_datapath/u_vector_processing_unit/u_post_process/GEN_BIAS_REQUANT.u_bias_requantize/data_flatten_o_reg[50]_i_4/CO[7]
                         net (fo=1, routed)           0.026     7.436    design_1_i/tpu_mnist_ip_0/inst/u_tpu_top/u_datapath/u_vector_processing_unit/u_post_process/GEN_BIAS_REQUANT.u_bias_requantize/data_flatten_o_reg[50]_i_4_n_0
    SLICE_X55Y59         CARRY8 (Prop_CARRY8_SLICEL_CI_CO[7])
                                                      0.015     7.451 r  design_1_i/tpu_mnist_ip_0/inst/u_tpu_top/u_datapath/u_vector_processing_unit/u_post_process/GEN_BIAS_REQUANT.u_bias_requantize/data_flatten_o_reg[62]_i_3/CO[7]
                         net (fo=1, routed)           0.026     7.477    design_1_i/tpu_mnist_ip_0/inst/u_tpu_top/u_datapath/u_vector_processing_unit/u_post_process/GEN_BIAS_REQUANT.u_bias_requantize/data_flatten_o_reg[62]_i_3_n_0
    SLICE_X55Y60         CARRY8 (Prop_CARRY8_SLICEL_CI_O[1])
                                                      0.076     7.553 f  design_1_i/tpu_mnist_ip_0/inst/u_tpu_top/u_datapath/u_vector_processing_unit/u_post_process/GEN_BIAS_REQUANT.u_bias_requantize/data_flatten_o_reg[63]_i_18/O[1]
                         net (fo=7, routed)           0.340     7.893    design_1_i/tpu_mnist_ip_0/inst/u_tpu_top/u_datapath/u_vector_processing_unit/u_post_process/GEN_BIAS_REQUANT.u_bias_requantize/(null)[0].rounded_product[63]
    SLICE_X56Y55         LUT3 (Prop_G6LUT_SLICEM_I1_O)
                                                      0.150     8.043 r  design_1_i/tpu_mnist_ip_0/inst/u_tpu_top/u_datapath/u_vector_processing_unit/u_post_process/GEN_BIAS_REQUANT.u_bias_requantize/data_flatten_o[63]_i_244/O
                         net (fo=1, routed)           0.127     8.170    design_1_i/tpu_mnist_ip_0/inst/u_tpu_top/u_datapath/u_vector_processing_unit/u_post_process/GEN_BIAS_REQUANT.u_bias_requantize/data_flatten_o[63]_i_244_n_0
    SLICE_X56Y56         CARRY8 (Prop_CARRY8_SLICEM_CI_CO[7])
                                                      0.153     8.323 r  design_1_i/tpu_mnist_ip_0/inst/u_tpu_top/u_datapath/u_vector_processing_unit/u_post_process/GEN_BIAS_REQUANT.u_bias_requantize/data_flatten_o_reg[63]_i_162/CO[7]
                         net (fo=1, routed)           0.026     8.349    design_1_i/tpu_mnist_ip_0/inst/u_tpu_top/u_datapath/u_vector_processing_unit/u_post_process/GEN_BIAS_REQUANT.u_bias_requantize/data_flatten_o_reg[63]_i_162_n_0
    SLICE_X56Y57         CARRY8 (Prop_CARRY8_SLICEM_CI_CO[7])
                                                      0.015     8.364 r  design_1_i/tpu_mnist_ip_0/inst/u_tpu_top/u_datapath/u_vector_processing_unit/u_post_process/GEN_BIAS_REQUANT.u_bias_requantize/data_flatten_o_reg[63]_i_161/CO[7]
                         net (fo=1, routed)           0.026     8.390    design_1_i/tpu_mnist_ip_0/inst/u_tpu_top/u_datapath/u_vector_processing_unit/u_post_process/GEN_BIAS_REQUANT.u_bias_requantize/data_flatten_o_reg[63]_i_161_n_0
    SLICE_X56Y58         CARRY8 (Prop_CARRY8_SLICEM_CI_CO[7])
                                                      0.015     8.405 r  design_1_i/tpu_mnist_ip_0/inst/u_tpu_top/u_datapath/u_vector_processing_unit/u_post_process/GEN_BIAS_REQUANT.u_bias_requantize/data_flatten_o_reg[63]_i_118/CO[7]
                         net (fo=1, routed)           0.026     8.431    design_1_i/tpu_mnist_ip_0/inst/u_tpu_top/u_datapath/u_vector_processing_unit/u_post_process/GEN_BIAS_REQUANT.u_bias_requantize/data_flatten_o_reg[63]_i_118_n_0
    SLICE_X56Y59         CARRY8 (Prop_CARRY8_SLICEM_CI_O[0])
                                                      0.056     8.487 r  design_1_i/tpu_mnist_ip_0/inst/u_tpu_top/u_datapath/u_vector_processing_unit/u_post_process/GEN_BIAS_REQUANT.u_bias_requantize/data_flatten_o_reg[63]_i_117/O[0]
                         net (fo=4, routed)           0.290     8.777    design_1_i/tpu_mnist_ip_0/inst/u_tpu_top/u_datapath/u_vector_processing_unit/u_post_process/GEN_BIAS_REQUANT.u_bias_requantize/data_flatten_o_reg[63]_i_117_n_15
    SLICE_X52Y58         LUT2 (Prop_B6LUT_SLICEL_I0_O)
                                                      0.148     8.925 r  design_1_i/tpu_mnist_ip_0/inst/u_tpu_top/u_datapath/u_vector_processing_unit/u_post_process/GEN_BIAS_REQUANT.u_bias_requantize/data_flatten_o[63]_i_42/O
                         net (fo=1, routed)           0.009     8.934    design_1_i/tpu_mnist_ip_0/inst/u_tpu_top/u_datapath/u_vector_processing_unit/u_post_process/GEN_BIAS_REQUANT.u_bias_requantize/data_flatten_o[63]_i_42_n_0
    SLICE_X52Y58         CARRY8 (Prop_CARRY8_SLICEL_S[1]_CO[5])
                                                      0.195     9.129 f  design_1_i/tpu_mnist_ip_0/inst/u_tpu_top/u_datapath/u_vector_processing_unit/u_post_process/GEN_BIAS_REQUANT.u_bias_requantize/data_flatten_o_reg[63]_i_5/CO[5]
                         net (fo=22, routed)          0.404     9.533    design_1_i/tpu_mnist_ip_0/inst/u_tpu_top/u_datapath/u_vector_processing_unit/u_post_process/GEN_BIAS_REQUANT.u_bias_requantize/data_flatten_o_reg[63]_i_5_n_2
    SLICE_X50Y54         LUT3 (Prop_D5LUT_SLICEM_I1_O)
                                                      0.097     9.630 f  design_1_i/tpu_mnist_ip_0/inst/u_tpu_top/u_datapath/u_vector_processing_unit/u_post_process/GEN_BIAS_REQUANT.u_bias_requantize/data_flatten_o[50]_i_2/O
                         net (fo=18, routed)          0.295     9.925    design_1_i/tpu_mnist_ip_0/inst/u_tpu_top/u_datapath/u_vector_processing_unit/u_post_process/GEN_BIAS_REQUANT.u_bias_requantize/data_flatten_o[50]_i_2_n_0
    SLICE_X51Y57         LUT6 (Prop_G6LUT_SLICEL_I5_O)
                                                      0.050     9.975 r  design_1_i/tpu_mnist_ip_0/inst/u_tpu_top/u_datapath/u_vector_processing_unit/u_post_process/GEN_BIAS_REQUANT.u_bias_requantize/data_flatten_o[36]_i_1/O
                         net (fo=1, routed)           0.048    10.023    design_1_i/tpu_mnist_ip_0/inst/u_tpu_top/u_datapath/u_vector_processing_unit/u_post_process/GEN_BIAS_REQUANT.u_bias_requantize/data_flatten_o[36]_i_1_n_0
    SLICE_X51Y57         FDCE                                         r  design_1_i/tpu_mnist_ip_0/inst/u_tpu_top/u_datapath/u_vector_processing_unit/u_post_process/GEN_BIAS_REQUANT.u_bias_requantize/data_flatten_o_reg[36]/D
  -------------------------------------------------------------------    -------------------

                         (clock clk_pl_0 rise edge)
                                                     10.000    10.000 r  
    PS8_X0Y0             PS8                          0.000    10.000 r  design_1_i/zynq_ultra_ps_e_0/inst/PS8_i/PLCLK[0]
                         net (fo=1, routed)           0.143    10.143    design_1_i/zynq_ultra_ps_e_0/inst/pl_clk_unbuffered[0]
    BUFG_PS_X0Y80        BUFG_PS (Prop_BUFG_PS_I_O)
                                                      0.025    10.168 r  design_1_i/zynq_ultra_ps_e_0/inst/buffer_pl_clk_0.PL_CLK_0_BUFG/O
    X1Y2 (CLOCK_ROOT)    net (fo=3956, routed)        1.581    11.749    design_1_i/tpu_mnist_ip_0/inst/u_tpu_top/u_datapath/u_vector_processing_unit/u_post_process/GEN_BIAS_REQUANT.u_bias_requantize/s_axi_aclk
    SLICE_X51Y57         FDCE                                         r  design_1_i/tpu_mnist_ip_0/inst/u_tpu_top/u_datapath/u_vector_processing_unit/u_post_process/GEN_BIAS_REQUANT.u_bias_requantize/data_flatten_o_reg[36]/C
                         clock pessimism              0.119    11.868    
                         clock uncertainty           -0.130    11.738    
    SLICE_X51Y57         FDCE (Setup_GFF_SLICEL_C_D)
                                                      0.025    11.763    design_1_i/tpu_mnist_ip_0/inst/u_tpu_top/u_datapath/u_vector_processing_unit/u_post_process/GEN_BIAS_REQUANT.u_bias_requantize/data_flatten_o_reg[36]
  -------------------------------------------------------------------
                         required time                         11.763    
                         arrival time                         -10.023    
  -------------------------------------------------------------------
                         slack                                  1.740    

Slack (MET) :             1.761ns  (required time - arrival time)
  Source:                 design_1_i/tpu_mnist_ip_0/inst/u_tpu_top/u_datapath/u_accumulator_array/read_data_flatten_o_reg[40]/C
                            (rising edge-triggered cell FDCE clocked by clk_pl_0  {rise@0.000ns fall@5.000ns period=10.000ns})
  Destination:            design_1_i/tpu_mnist_ip_0/inst/u_tpu_top/u_datapath/u_vector_processing_unit/u_post_process/GEN_BIAS_REQUANT.u_bias_requantize/data_flatten_o_reg[42]/D
                            (rising edge-triggered cell FDCE clocked by clk_pl_0  {rise@0.000ns fall@5.000ns period=10.000ns})
  Path Group:             clk_pl_0
  Path Type:              Setup (Max at Slow Process Corner)
  Requirement:            10.000ns  (clk_pl_0 rise@10.000ns - clk_pl_0 rise@0.000ns)
  Data Path Delay:        7.984ns  (logic 4.499ns (56.348%)  route 3.485ns (43.652%))
  Logic Levels:           35  (CARRY8=20 DSP_A_B_DATA=1 DSP_ALU=2 DSP_M_DATA=1 DSP_MULTIPLIER=1 DSP_OUTPUT=2 DSP_PREADD_DATA=1 LUT2=4 LUT3=2 LUT5=1)
  Clock Path Skew:        -0.150ns (DCD - SCD + CPR)
    Destination Clock Delay (DCD):    1.747ns = ( 11.747 - 10.000 ) 
    Source Clock Delay      (SCD):    2.016ns
    Clock Pessimism Removal (CPR):    0.119ns
  Clock Uncertainty:      0.130ns  ((TSJ^2 + DJ^2)^1/2) / 2 + PE
    Total System Jitter     (TSJ):    0.071ns
    Discrete Jitter          (DJ):    0.250ns
    Phase Error              (PE):    0.000ns
  Clock Net Delay (Source):      1.808ns (routing 0.569ns, distribution 1.239ns)
  Clock Net Delay (Destination): 1.579ns (routing 0.512ns, distribution 1.067ns)

    Location             Delay type                Incr(ns)  Path(ns)    Netlist Resource(s)
  -------------------------------------------------------------------    -------------------
                         (clock clk_pl_0 rise edge)
                                                      0.000     0.000 r  
    PS8_X0Y0             PS8                          0.000     0.000 r  design_1_i/zynq_ultra_ps_e_0/inst/PS8_i/PLCLK[0]
                         net (fo=1, routed)           0.180     0.180    design_1_i/zynq_ultra_ps_e_0/inst/pl_clk_unbuffered[0]
    BUFG_PS_X0Y80        BUFG_PS (Prop_BUFG_PS_I_O)
                                                      0.028     0.208 r  design_1_i/zynq_ultra_ps_e_0/inst/buffer_pl_clk_0.PL_CLK_0_BUFG/O
    X1Y2 (CLOCK_ROOT)    net (fo=3956, routed)        1.808     2.016    design_1_i/tpu_mnist_ip_0/inst/u_tpu_top/u_datapath/u_accumulator_array/s_axi_aclk
    SLICE_X63Y64         FDCE                                         r  design_1_i/tpu_mnist_ip_0/inst/u_tpu_top/u_datapath/u_accumulator_array/read_data_flatten_o_reg[40]/C
  -------------------------------------------------------------------    -------------------
    SLICE_X63Y64         FDCE (Prop_DFF_SLICEM_C_Q)
                                                      0.078     2.094 r  design_1_i/tpu_mnist_ip_0/inst/u_tpu_top/u_datapath/u_accumulator_array/read_data_flatten_o_reg[40]/Q
                         net (fo=2, routed)           0.537     2.631    design_1_i/tpu_mnist_ip_0/inst/u_tpu_top/u_datapath/u_vector_processing_unit/u_post_process/GEN_BIAS_REQUANT.u_bias_requantize/(null)[0].shifted_value0__4_0[40]
    SLICE_X57Y56         LUT2 (Prop_A6LUT_SLICEM_I0_O)
                                                      0.090     2.721 r  design_1_i/tpu_mnist_ip_0/inst/u_tpu_top/u_datapath/u_vector_processing_unit/u_post_process/GEN_BIAS_REQUANT.u_bias_requantize/(null)[0].shifted_value0__5_i_10/O
                         net (fo=1, routed)           0.013     2.734    design_1_i/tpu_mnist_ip_0/inst/u_tpu_top/u_datapath/u_vector_processing_unit/u_post_process/GEN_BIAS_REQUANT.u_bias_requantize/(null)[0].shifted_value0__5_i_10_n_0
    SLICE_X57Y56         CARRY8 (Prop_CARRY8_SLICEM_S[0]_CO[7])
                                                      0.192     2.926 r  design_1_i/tpu_mnist_ip_0/inst/u_tpu_top/u_datapath/u_vector_processing_unit/u_post_process/GEN_BIAS_REQUANT.u_bias_requantize/(null)[0].shifted_value0__5_i_1/CO[7]
                         net (fo=1, routed)           0.026     2.952    design_1_i/tpu_mnist_ip_0/inst/u_tpu_top/u_datapath/u_vector_processing_unit/u_post_process/GEN_BIAS_REQUANT.u_bias_requantize/(null)[0].shifted_value0__5_i_1_n_0
    SLICE_X57Y57         CARRY8 (Prop_CARRY8_SLICEM_CI_CO[7])
                                                      0.015     2.967 r  design_1_i/tpu_mnist_ip_0/inst/u_tpu_top/u_datapath/u_vector_processing_unit/u_post_process/GEN_BIAS_REQUANT.u_bias_requantize/(null)[0].shifted_value0__3_i_3/CO[7]
                         net (fo=1, routed)           0.026     2.993    design_1_i/tpu_mnist_ip_0/inst/u_tpu_top/u_datapath/u_vector_processing_unit/u_post_process/GEN_BIAS_REQUANT.u_bias_requantize/(null)[0].shifted_value0__3_i_3_n_0
    SLICE_X57Y58         CARRY8 (Prop_CARRY8_SLICEM_CI_CO[7])
                                                      0.015     3.008 r  design_1_i/tpu_mnist_ip_0/inst/u_tpu_top/u_datapath/u_vector_processing_unit/u_post_process/GEN_BIAS_REQUANT.u_bias_requantize/(null)[0].shifted_value0__3_i_2/CO[7]
                         net (fo=1, routed)           0.026     3.034    design_1_i/tpu_mnist_ip_0/inst/u_tpu_top/u_datapath/u_vector_processing_unit/u_post_process/GEN_BIAS_REQUANT.u_bias_requantize/(null)[0].shifted_value0__3_i_2_n_0
    SLICE_X57Y59         CARRY8 (Prop_CARRY8_SLICEM_CI_O[0])
                                                      0.056     3.090 f  design_1_i/tpu_mnist_ip_0/inst/u_tpu_top/u_datapath/u_vector_processing_unit/u_post_process/GEN_BIAS_REQUANT.u_bias_requantize/(null)[0].shifted_value0__3_i_1/O[0]
                         net (fo=18, routed)          0.397     3.487    design_1_i/tpu_mnist_ip_0/inst/u_tpu_top/u_datapath/u_vector_processing_unit/u_post_process/GEN_BIAS_REQUANT.u_bias_requantize/(null)[0].shifted_value0__3/B[16]
    DSP48E2_X5Y22        DSP_A_B_DATA (Prop_DSP_A_B_DATA_DSP48E2_B[16]_B2_DATA[16])
                                                      0.151     3.638 r  design_1_i/tpu_mnist_ip_0/inst/u_tpu_top/u_datapath/u_vector_processing_unit/u_post_process/GEN_BIAS_REQUANT.u_bias_requantize/(null)[0].shifted_value0__3/DSP_A_B_DATA_INST/B2_DATA[16]
                         net (fo=1, routed)           0.000     3.638    design_1_i/tpu_mnist_ip_0/inst/u_tpu_top/u_datapath/u_vector_processing_unit/u_post_process/GEN_BIAS_REQUANT.u_bias_requantize/(null)[0].shifted_value0__3/DSP_A_B_DATA.B2_DATA<16>
    DSP48E2_X5Y22        DSP_PREADD_DATA (Prop_DSP_PREADD_DATA_DSP48E2_B2_DATA[16]_B2B1[16])
                                                      0.073     3.711 r  design_1_i/tpu_mnist_ip_0/inst/u_tpu_top/u_datapath/u_vector_processing_unit/u_post_process/GEN_BIAS_REQUANT.u_bias_requantize/(null)[0].shifted_value0__3/DSP_PREADD_DATA_INST/B2B1[16]
                         net (fo=1, routed)           0.000     3.711    design_1_i/tpu_mnist_ip_0/inst/u_tpu_top/u_datapath/u_vector_processing_unit/u_post_process/GEN_BIAS_REQUANT.u_bias_requantize/(null)[0].shifted_value0__3/DSP_PREADD_DATA.B2B1<16>
    DSP48E2_X5Y22        DSP_MULTIPLIER (Prop_DSP_MULTIPLIER_DSP48E2_B2B1[16]_V[43])
                                                      0.609     4.320 f  design_1_i/tpu_mnist_ip_0/inst/u_tpu_top/u_datapath/u_vector_processing_unit/u_post_process/GEN_BIAS_REQUANT.u_bias_requantize/(null)[0].shifted_value0__3/DSP_MULTIPLIER_INST/V[43]
                         net (fo=1, routed)           0.000     4.320    design_1_i/tpu_mnist_ip_0/inst/u_tpu_top/u_datapath/u_vector_processing_unit/u_post_process/GEN_BIAS_REQUANT.u_bias_requantize/(null)[0].shifted_value0__3/DSP_MULTIPLIER.V<43>
    DSP48E2_X5Y22        DSP_M_DATA (Prop_DSP_M_DATA_DSP48E2_V[43]_V_DATA[43])
                                                      0.046     4.366 r  design_1_i/tpu_mnist_ip_0/inst/u_tpu_top/u_datapath/u_vector_processing_unit/u_post_process/GEN_BIAS_REQUANT.u_bias_requantize/(null)[0].shifted_value0__3/DSP_M_DATA_INST/V_DATA[43]
                         net (fo=1, routed)           0.000     4.366    design_1_i/tpu_mnist_ip_0/inst/u_tpu_top/u_datapath/u_vector_processing_unit/u_post_process/GEN_BIAS_REQUANT.u_bias_requantize/(null)[0].shifted_value0__3/DSP_M_DATA.V_DATA<43>
    DSP48E2_X5Y22        DSP_ALU (Prop_DSP_ALU_DSP48E2_V_DATA[43]_ALU_OUT[47])
                                                      0.571     4.937 f  design_1_i/tpu_mnist_ip_0/inst/u_tpu_top/u_datapath/u_vector_processing_unit/u_post_process/GEN_BIAS_REQUANT.u_bias_requantize/(null)[0].shifted_value0__3/DSP_ALU_INST/ALU_OUT[47]
                         net (fo=1, routed)           0.000     4.937    design_1_i/tpu_mnist_ip_0/inst/u_tpu_top/u_datapath/u_vector_processing_unit/u_post_process/GEN_BIAS_REQUANT.u_bias_requantize/(null)[0].shifted_value0__3/DSP_ALU.ALU_OUT<47>
    DSP48E2_X5Y22        DSP_OUTPUT (Prop_DSP_OUTPUT_DSP48E2_ALU_OUT[47]_PCOUT[47])
                                                      0.122     5.059 r  design_1_i/tpu_mnist_ip_0/inst/u_tpu_top/u_datapath/u_vector_processing_unit/u_post_process/GEN_BIAS_REQUANT.u_bias_requantize/(null)[0].shifted_value0__3/DSP_OUTPUT_INST/PCOUT[47]
                         net (fo=1, routed)           0.014     5.073    design_1_i/tpu_mnist_ip_0/inst/u_tpu_top/u_datapath/u_vector_processing_unit/u_post_process/GEN_BIAS_REQUANT.u_bias_requantize/(null)[0].shifted_value0__4/PCIN[47]
    DSP48E2_X5Y23        DSP_ALU (Prop_DSP_ALU_DSP48E2_PCIN[47]_ALU_OUT[6])
                                                      0.546     5.619 f  design_1_i/tpu_mnist_ip_0/inst/u_tpu_top/u_datapath/u_vector_processing_unit/u_post_process/GEN_BIAS_REQUANT.u_bias_requantize/(null)[0].shifted_value0__4/DSP_ALU_INST/ALU_OUT[6]
                         net (fo=1, routed)           0.000     5.619    design_1_i/tpu_mnist_ip_0/inst/u_tpu_top/u_datapath/u_vector_processing_unit/u_post_process/GEN_BIAS_REQUANT.u_bias_requantize/(null)[0].shifted_value0__4/DSP_ALU.ALU_OUT<6>
    DSP48E2_X5Y23        DSP_OUTPUT (Prop_DSP_OUTPUT_DSP48E2_ALU_OUT[6]_P[6])
                                                      0.109     5.728 r  design_1_i/tpu_mnist_ip_0/inst/u_tpu_top/u_datapath/u_vector_processing_unit/u_post_process/GEN_BIAS_REQUANT.u_bias_requantize/(null)[0].shifted_value0__4/DSP_OUTPUT_INST/P[6]
                         net (fo=1, routed)           0.319     6.047    design_1_i/tpu_mnist_ip_0/inst/u_tpu_top/u_datapath/u_vector_processing_unit/u_post_process/GEN_BIAS_REQUANT.u_bias_requantize/p_0_in[40]
    SLICE_X54Y58         LUT2 (Prop_A6LUT_SLICEM_I1_O)
                                                      0.150     6.197 r  design_1_i/tpu_mnist_ip_0/inst/u_tpu_top/u_datapath/u_vector_processing_unit/u_post_process/GEN_BIAS_REQUANT.u_bias_requantize/data_flatten_o[50]_i_32/O
                         net (fo=1, routed)           0.013     6.210    design_1_i/tpu_mnist_ip_0/inst/u_tpu_top/u_datapath/u_vector_processing_unit/u_post_process/GEN_BIAS_REQUANT.u_bias_requantize/data_flatten_o[50]_i_32_n_0
    SLICE_X54Y58         CARRY8 (Prop_CARRY8_SLICEM_S[0]_CO[7])
                                                      0.192     6.402 r  design_1_i/tpu_mnist_ip_0/inst/u_tpu_top/u_datapath/u_vector_processing_unit/u_post_process/GEN_BIAS_REQUANT.u_bias_requantize/data_flatten_o_reg[50]_i_7/CO[7]
                         net (fo=1, routed)           0.026     6.428    design_1_i/tpu_mnist_ip_0/inst/u_tpu_top/u_datapath/u_vector_processing_unit/u_post_process/GEN_BIAS_REQUANT.u_bias_requantize/data_flatten_o_reg[50]_i_7_n_0
    SLICE_X54Y59         CARRY8 (Prop_CARRY8_SLICEM_CI_CO[7])
                                                      0.015     6.443 r  design_1_i/tpu_mnist_ip_0/inst/u_tpu_top/u_datapath/u_vector_processing_unit/u_post_process/GEN_BIAS_REQUANT.u_bias_requantize/data_flatten_o_reg[50]_i_33/CO[7]
                         net (fo=1, routed)           0.026     6.469    design_1_i/tpu_mnist_ip_0/inst/u_tpu_top/u_datapath/u_vector_processing_unit/u_post_process/GEN_BIAS_REQUANT.u_bias_requantize/data_flatten_o_reg[50]_i_33_n_0
    SLICE_X54Y60         CARRY8 (Prop_CARRY8_SLICEM_CI_CO[7])
                                                      0.015     6.484 r  design_1_i/tpu_mnist_ip_0/inst/u_tpu_top/u_datapath/u_vector_processing_unit/u_post_process/GEN_BIAS_REQUANT.u_bias_requantize/data_flatten_o_reg[63]_i_73/CO[7]
                         net (fo=1, routed)           0.026     6.510    design_1_i/tpu_mnist_ip_0/inst/u_tpu_top/u_datapath/u_vector_processing_unit/u_post_process/GEN_BIAS_REQUANT.u_bias_requantize/data_flatten_o_reg[63]_i_73_n_0
    SLICE_X54Y61         CARRY8 (Prop_CARRY8_SLICEM_CI_O[0])
                                                      0.056     6.566 r  design_1_i/tpu_mnist_ip_0/inst/u_tpu_top/u_datapath/u_vector_processing_unit/u_post_process/GEN_BIAS_REQUANT.u_bias_requantize/data_flatten_o_reg[50]_i_6/O[0]
                         net (fo=125, routed)         0.432     6.997    design_1_i/tpu_mnist_ip_0/inst/u_tpu_top/u_datapath/u_vector_processing_unit/u_post_process/GEN_BIAS_REQUANT.u_bias_requantize/data_flatten_o_reg[50]_i_6_n_15
    SLICE_X55Y54         LUT2 (Prop_A6LUT_SLICEL_I0_O)
                                                      0.050     7.047 r  design_1_i/tpu_mnist_ip_0/inst/u_tpu_top/u_datapath/u_vector_processing_unit/u_post_process/GEN_BIAS_REQUANT.u_bias_requantize/data_flatten_o[38]_i_28/O
                         net (fo=1, routed)           0.009     7.056    design_1_i/tpu_mnist_ip_0/inst/u_tpu_top/u_datapath/u_vector_processing_unit/u_post_process/GEN_BIAS_REQUANT.u_bias_requantize/data_flatten_o[38]_i_28_n_0
    SLICE_X55Y54         CARRY8 (Prop_CARRY8_SLICEL_S[0]_CO[7])
                                                      0.190     7.246 r  design_1_i/tpu_mnist_ip_0/inst/u_tpu_top/u_datapath/u_vector_processing_unit/u_post_process/GEN_BIAS_REQUANT.u_bias_requantize/data_flatten_o_reg[38]_i_12/CO[7]
                         net (fo=1, routed)           0.026     7.272    design_1_i/tpu_mnist_ip_0/inst/u_tpu_top/u_datapath/u_vector_processing_unit/u_post_process/GEN_BIAS_REQUANT.u_bias_requantize/data_flatten_o_reg[38]_i_12_n_0
    SLICE_X55Y55         CARRY8 (Prop_CARRY8_SLICEL_CI_CO[7])
                                                      0.015     7.287 r  design_1_i/tpu_mnist_ip_0/inst/u_tpu_top/u_datapath/u_vector_processing_unit/u_post_process/GEN_BIAS_REQUANT.u_bias_requantize/data_flatten_o_reg[38]_i_3/CO[7]
                         net (fo=1, routed)           0.026     7.313    design_1_i/tpu_mnist_ip_0/inst/u_tpu_top/u_datapath/u_vector_processing_unit/u_post_process/GEN_BIAS_REQUANT.u_bias_requantize/data_flatten_o_reg[38]_i_3_n_0
    SLICE_X55Y56         CARRY8 (Prop_CARRY8_SLICEL_CI_CO[7])
                                                      0.015     7.328 r  design_1_i/tpu_mnist_ip_0/inst/u_tpu_top/u_datapath/u_vector_processing_unit/u_post_process/GEN_BIAS_REQUANT.u_bias_requantize/data_flatten_o_reg[38]_i_2/CO[7]
                         net (fo=1, routed)           0.026     7.354    design_1_i/tpu_mnist_ip_0/inst/u_tpu_top/u_datapath/u_vector_processing_unit/u_post_process/GEN_BIAS_REQUANT.u_bias_requantize/data_flatten_o_reg[38]_i_2_n_0
    SLICE_X55Y57         CARRY8 (Prop_CARRY8_SLICEL_CI_CO[7])
                                                      0.015     7.369 r  design_1_i/tpu_mnist_ip_0/inst/u_tpu_top/u_datapath/u_vector_processing_unit/u_post_process/GEN_BIAS_REQUANT.u_bias_requantize/data_flatten_o_reg[46]_i_2/CO[7]
                         net (fo=1, routed)           0.026     7.395    design_1_i/tpu_mnist_ip_0/inst/u_tpu_top/u_datapath/u_vector_processing_unit/u_post_process/GEN_BIAS_REQUANT.u_bias_requantize/data_flatten_o_reg[46]_i_2_n_0
    SLICE_X55Y58         CARRY8 (Prop_CARRY8_SLICEL_CI_CO[7])
                                                      0.015     7.410 r  design_1_i/tpu_mnist_ip_0/inst/u_tpu_top/u_datapath/u_vector_processing_unit/u_post_process/GEN_BIAS_REQUANT.u_bias_requantize/data_flatten_o_reg[50]_i_4/CO[7]
                         net (fo=1, routed)           0.026     7.436    design_1_i/tpu_mnist_ip_0/inst/u_tpu_top/u_datapath/u_vector_processing_unit/u_post_process/GEN_BIAS_REQUANT.u_bias_requantize/data_flatten_o_reg[50]_i_4_n_0
    SLICE_X55Y59         CARRY8 (Prop_CARRY8_SLICEL_CI_CO[7])
                                                      0.015     7.451 r  design_1_i/tpu_mnist_ip_0/inst/u_tpu_top/u_datapath/u_vector_processing_unit/u_post_process/GEN_BIAS_REQUANT.u_bias_requantize/data_flatten_o_reg[62]_i_3/CO[7]
                         net (fo=1, routed)           0.026     7.477    design_1_i/tpu_mnist_ip_0/inst/u_tpu_top/u_datapath/u_vector_processing_unit/u_post_process/GEN_BIAS_REQUANT.u_bias_requantize/data_flatten_o_reg[62]_i_3_n_0
    SLICE_X55Y60         CARRY8 (Prop_CARRY8_SLICEL_CI_O[1])
                                                      0.076     7.553 f  design_1_i/tpu_mnist_ip_0/inst/u_tpu_top/u_datapath/u_vector_processing_unit/u_post_process/GEN_BIAS_REQUANT.u_bias_requantize/data_flatten_o_reg[63]_i_18/O[1]
                         net (fo=7, routed)           0.340     7.893    design_1_i/tpu_mnist_ip_0/inst/u_tpu_top/u_datapath/u_vector_processing_unit/u_post_process/GEN_BIAS_REQUANT.u_bias_requantize/(null)[0].rounded_product[63]
    SLICE_X56Y55         LUT3 (Prop_G6LUT_SLICEM_I1_O)
                                                      0.150     8.043 r  design_1_i/tpu_mnist_ip_0/inst/u_tpu_top/u_datapath/u_vector_processing_unit/u_post_process/GEN_BIAS_REQUANT.u_bias_requantize/data_flatten_o[63]_i_244/O
                         net (fo=1, routed)           0.127     8.170    design_1_i/tpu_mnist_ip_0/inst/u_tpu_top/u_datapath/u_vector_processing_unit/u_post_process/GEN_BIAS_REQUANT.u_bias_requantize/data_flatten_o[63]_i_244_n_0
    SLICE_X56Y56         CARRY8 (Prop_CARRY8_SLICEM_CI_CO[7])
                                                      0.153     8.323 r  design_1_i/tpu_mnist_ip_0/inst/u_tpu_top/u_datapath/u_vector_processing_unit/u_post_process/GEN_BIAS_REQUANT.u_bias_requantize/data_flatten_o_reg[63]_i_162/CO[7]
                         net (fo=1, routed)           0.026     8.349    design_1_i/tpu_mnist_ip_0/inst/u_tpu_top/u_datapath/u_vector_processing_unit/u_post_process/GEN_BIAS_REQUANT.u_bias_requantize/data_flatten_o_reg[63]_i_162_n_0
    SLICE_X56Y57         CARRY8 (Prop_CARRY8_SLICEM_CI_CO[7])
                                                      0.015     8.364 r  design_1_i/tpu_mnist_ip_0/inst/u_tpu_top/u_datapath/u_vector_processing_unit/u_post_process/GEN_BIAS_REQUANT.u_bias_requantize/data_flatten_o_reg[63]_i_161/CO[7]
                         net (fo=1, routed)           0.026     8.390    design_1_i/tpu_mnist_ip_0/inst/u_tpu_top/u_datapath/u_vector_processing_unit/u_post_process/GEN_BIAS_REQUANT.u_bias_requantize/data_flatten_o_reg[63]_i_161_n_0
    SLICE_X56Y58         CARRY8 (Prop_CARRY8_SLICEM_CI_CO[7])
                                                      0.015     8.405 r  design_1_i/tpu_mnist_ip_0/inst/u_tpu_top/u_datapath/u_vector_processing_unit/u_post_process/GEN_BIAS_REQUANT.u_bias_requantize/data_flatten_o_reg[63]_i_118/CO[7]
                         net (fo=1, routed)           0.026     8.431    design_1_i/tpu_mnist_ip_0/inst/u_tpu_top/u_datapath/u_vector_processing_unit/u_post_process/GEN_BIAS_REQUANT.u_bias_requantize/data_flatten_o_reg[63]_i_118_n_0
    SLICE_X56Y59         CARRY8 (Prop_CARRY8_SLICEM_CI_O[0])
                                                      0.056     8.487 r  design_1_i/tpu_mnist_ip_0/inst/u_tpu_top/u_datapath/u_vector_processing_unit/u_post_process/GEN_BIAS_REQUANT.u_bias_requantize/data_flatten_o_reg[63]_i_117/O[0]
                         net (fo=4, routed)           0.290     8.777    design_1_i/tpu_mnist_ip_0/inst/u_tpu_top/u_datapath/u_vector_processing_unit/u_post_process/GEN_BIAS_REQUANT.u_bias_requantize/data_flatten_o_reg[63]_i_117_n_15
    SLICE_X52Y58         LUT2 (Prop_B6LUT_SLICEL_I0_O)
                                                      0.148     8.925 r  design_1_i/tpu_mnist_ip_0/inst/u_tpu_top/u_datapath/u_vector_processing_unit/u_post_process/GEN_BIAS_REQUANT.u_bias_requantize/data_flatten_o[63]_i_42/O
                         net (fo=1, routed)           0.009     8.934    design_1_i/tpu_mnist_ip_0/inst/u_tpu_top/u_datapath/u_vector_processing_unit/u_post_process/GEN_BIAS_REQUANT.u_bias_requantize/data_flatten_o[63]_i_42_n_0
    SLICE_X52Y58         CARRY8 (Prop_CARRY8_SLICEL_S[1]_CO[5])
                                                      0.195     9.129 r  design_1_i/tpu_mnist_ip_0/inst/u_tpu_top/u_datapath/u_vector_processing_unit/u_post_process/GEN_BIAS_REQUANT.u_bias_requantize/data_flatten_o_reg[63]_i_5/CO[5]
                         net (fo=22, routed)          0.373     9.502    design_1_i/tpu_mnist_ip_0/inst/u_tpu_top/u_datapath/u_vector_processing_unit/u_post_process/GEN_BIAS_REQUANT.u_bias_requantize/data_flatten_o_reg[63]_i_5_n_2
    SLICE_X50Y55         LUT3 (Prop_H6LUT_SLICEM_I2_O)
                                                      0.152     9.654 r  design_1_i/tpu_mnist_ip_0/inst/u_tpu_top/u_datapath/u_vector_processing_unit/u_post_process/GEN_BIAS_REQUANT.u_bias_requantize/data_flatten_o[50]_i_3/O
                         net (fo=12, routed)          0.173     9.827    design_1_i/tpu_mnist_ip_0/inst/u_tpu_top/u_datapath/u_vector_processing_unit/u_post_process/GEN_BIAS_REQUANT.u_bias_requantize/data_flatten_o[50]_i_3_n_0
    SLICE_X51Y57         LUT5 (Prop_C6LUT_SLICEL_I1_O)
                                                      0.123     9.950 r  design_1_i/tpu_mnist_ip_0/inst/u_tpu_top/u_datapath/u_vector_processing_unit/u_post_process/GEN_BIAS_REQUANT.u_bias_requantize/data_flatten_o[42]_i_1/O
                         net (fo=1, routed)           0.050    10.000    design_1_i/tpu_mnist_ip_0/inst/u_tpu_top/u_datapath/u_vector_processing_unit/u_post_process/GEN_BIAS_REQUANT.u_bias_requantize/p_4_out[42]
    SLICE_X51Y57         FDCE                                         r  design_1_i/tpu_mnist_ip_0/inst/u_tpu_top/u_datapath/u_vector_processing_unit/u_post_process/GEN_BIAS_REQUANT.u_bias_requantize/data_flatten_o_reg[42]/D
  -------------------------------------------------------------------    -------------------

                         (clock clk_pl_0 rise edge)
                                                     10.000    10.000 r  
    PS8_X0Y0             PS8                          0.000    10.000 r  design_1_i/zynq_ultra_ps_e_0/inst/PS8_i/PLCLK[0]
                         net (fo=1, routed)           0.143    10.143    design_1_i/zynq_ultra_ps_e_0/inst/pl_clk_unbuffered[0]
    BUFG_PS_X0Y80        BUFG_PS (Prop_BUFG_PS_I_O)
                                                      0.025    10.168 r  design_1_i/zynq_ultra_ps_e_0/inst/buffer_pl_clk_0.PL_CLK_0_BUFG/O
    X1Y2 (CLOCK_ROOT)    net (fo=3956, routed)        1.579    11.747    design_1_i/tpu_mnist_ip_0/inst/u_tpu_top/u_datapath/u_vector_processing_unit/u_post_process/GEN_BIAS_REQUANT.u_bias_requantize/s_axi_aclk
    SLICE_X51Y57         FDCE                                         r  design_1_i/tpu_mnist_ip_0/inst/u_tpu_top/u_datapath/u_vector_processing_unit/u_post_process/GEN_BIAS_REQUANT.u_bias_requantize/data_flatten_o_reg[42]/C
                         clock pessimism              0.119    11.866    
                         clock uncertainty           -0.130    11.736    
    SLICE_X51Y57         FDCE (Setup_CFF_SLICEL_C_D)
                                                      0.025    11.761    design_1_i/tpu_mnist_ip_0/inst/u_tpu_top/u_datapath/u_vector_processing_unit/u_post_process/GEN_BIAS_REQUANT.u_bias_requantize/data_flatten_o_reg[42]
  -------------------------------------------------------------------
                         required time                         11.761    
                         arrival time                         -10.000    
  -------------------------------------------------------------------
                         slack                                  1.761    

Slack (MET) :             1.774ns  (required time - arrival time)
  Source:                 design_1_i/tpu_mnist_ip_0/inst/u_tpu_top/u_datapath/u_accumulator_array/read_data_flatten_o_reg[40]/C
                            (rising edge-triggered cell FDCE clocked by clk_pl_0  {rise@0.000ns fall@5.000ns period=10.000ns})
  Destination:            design_1_i/tpu_mnist_ip_0/inst/u_tpu_top/u_datapath/u_vector_processing_unit/u_post_process/GEN_BIAS_REQUANT.u_bias_requantize/data_flatten_o_reg[40]/D
                            (rising edge-triggered cell FDCE clocked by clk_pl_0  {rise@0.000ns fall@5.000ns period=10.000ns})
  Path Group:             clk_pl_0
  Path Type:              Setup (Max at Slow Process Corner)
  Requirement:            10.000ns  (clk_pl_0 rise@10.000ns - clk_pl_0 rise@0.000ns)
  Data Path Delay:        7.971ns  (logic 4.357ns (54.662%)  route 3.614ns (45.338%))
  Logic Levels:           35  (CARRY8=20 DSP_A_B_DATA=1 DSP_ALU=2 DSP_M_DATA=1 DSP_MULTIPLIER=1 DSP_OUTPUT=2 DSP_PREADD_DATA=1 LUT2=4 LUT3=2 LUT5=1)
  Clock Path Skew:        -0.150ns (DCD - SCD + CPR)
    Destination Clock Delay (DCD):    1.747ns = ( 11.747 - 10.000 ) 
    Source Clock Delay      (SCD):    2.016ns
    Clock Pessimism Removal (CPR):    0.119ns
  Clock Uncertainty:      0.130ns  ((TSJ^2 + DJ^2)^1/2) / 2 + PE
    Total System Jitter     (TSJ):    0.071ns
    Discrete Jitter          (DJ):    0.250ns
    Phase Error              (PE):    0.000ns
  Clock Net Delay (Source):      1.808ns (routing 0.569ns, distribution 1.239ns)
  Clock Net Delay (Destination): 1.579ns (routing 0.512ns, distribution 1.067ns)

    Location             Delay type                Incr(ns)  Path(ns)    Netlist Resource(s)
  -------------------------------------------------------------------    -------------------
                         (clock clk_pl_0 rise edge)
                                                      0.000     0.000 r  
    PS8_X0Y0             PS8                          0.000     0.000 r  design_1_i/zynq_ultra_ps_e_0/inst/PS8_i/PLCLK[0]
                         net (fo=1, routed)           0.180     0.180    design_1_i/zynq_ultra_ps_e_0/inst/pl_clk_unbuffered[0]
    BUFG_PS_X0Y80        BUFG_PS (Prop_BUFG_PS_I_O)
                                                      0.028     0.208 r  design_1_i/zynq_ultra_ps_e_0/inst/buffer_pl_clk_0.PL_CLK_0_BUFG/O
    X1Y2 (CLOCK_ROOT)    net (fo=3956, routed)        1.808     2.016    design_1_i/tpu_mnist_ip_0/inst/u_tpu_top/u_datapath/u_accumulator_array/s_axi_aclk
    SLICE_X63Y64         FDCE                                         r  design_1_i/tpu_mnist_ip_0/inst/u_tpu_top/u_datapath/u_accumulator_array/read_data_flatten_o_reg[40]/C
  -------------------------------------------------------------------    -------------------
    SLICE_X63Y64         FDCE (Prop_DFF_SLICEM_C_Q)
                                                      0.078     2.094 r  design_1_i/tpu_mnist_ip_0/inst/u_tpu_top/u_datapath/u_accumulator_array/read_data_flatten_o_reg[40]/Q
                         net (fo=2, routed)           0.537     2.631    design_1_i/tpu_mnist_ip_0/inst/u_tpu_top/u_datapath/u_vector_processing_unit/u_post_process/GEN_BIAS_REQUANT.u_bias_requantize/(null)[0].shifted_value0__4_0[40]
    SLICE_X57Y56         LUT2 (Prop_A6LUT_SLICEM_I0_O)
                                                      0.090     2.721 r  design_1_i/tpu_mnist_ip_0/inst/u_tpu_top/u_datapath/u_vector_processing_unit/u_post_process/GEN_BIAS_REQUANT.u_bias_requantize/(null)[0].shifted_value0__5_i_10/O
                         net (fo=1, routed)           0.013     2.734    design_1_i/tpu_mnist_ip_0/inst/u_tpu_top/u_datapath/u_vector_processing_unit/u_post_process/GEN_BIAS_REQUANT.u_bias_requantize/(null)[0].shifted_value0__5_i_10_n_0
    SLICE_X57Y56         CARRY8 (Prop_CARRY8_SLICEM_S[0]_CO[7])
                                                      0.192     2.926 r  design_1_i/tpu_mnist_ip_0/inst/u_tpu_top/u_datapath/u_vector_processing_unit/u_post_process/GEN_BIAS_REQUANT.u_bias_requantize/(null)[0].shifted_value0__5_i_1/CO[7]
                         net (fo=1, routed)           0.026     2.952    design_1_i/tpu_mnist_ip_0/inst/u_tpu_top/u_datapath/u_vector_processing_unit/u_post_process/GEN_BIAS_REQUANT.u_bias_requantize/(null)[0].shifted_value0__5_i_1_n_0
    SLICE_X57Y57         CARRY8 (Prop_CARRY8_SLICEM_CI_CO[7])
                                                      0.015     2.967 r  design_1_i/tpu_mnist_ip_0/inst/u_tpu_top/u_datapath/u_vector_processing_unit/u_post_process/GEN_BIAS_REQUANT.u_bias_requantize/(null)[0].shifted_value0__3_i_3/CO[7]
                         net (fo=1, routed)           0.026     2.993    design_1_i/tpu_mnist_ip_0/inst/u_tpu_top/u_datapath/u_vector_processing_unit/u_post_process/GEN_BIAS_REQUANT.u_bias_requantize/(null)[0].shifted_value0__3_i_3_n_0
    SLICE_X57Y58         CARRY8 (Prop_CARRY8_SLICEM_CI_CO[7])
                                                      0.015     3.008 r  design_1_i/tpu_mnist_ip_0/inst/u_tpu_top/u_datapath/u_vector_processing_unit/u_post_process/GEN_BIAS_REQUANT.u_bias_requantize/(null)[0].shifted_value0__3_i_2/CO[7]
                         net (fo=1, routed)           0.026     3.034    design_1_i/tpu_mnist_ip_0/inst/u_tpu_top/u_datapath/u_vector_processing_unit/u_post_process/GEN_BIAS_REQUANT.u_bias_requantize/(null)[0].shifted_value0__3_i_2_n_0
    SLICE_X57Y59         CARRY8 (Prop_CARRY8_SLICEM_CI_O[0])
                                                      0.056     3.090 f  design_1_i/tpu_mnist_ip_0/inst/u_tpu_top/u_datapath/u_vector_processing_unit/u_post_process/GEN_BIAS_REQUANT.u_bias_requantize/(null)[0].shifted_value0__3_i_1/O[0]
                         net (fo=18, routed)          0.397     3.487    design_1_i/tpu_mnist_ip_0/inst/u_tpu_top/u_datapath/u_vector_processing_unit/u_post_process/GEN_BIAS_REQUANT.u_bias_requantize/(null)[0].shifted_value0__3/B[16]
    DSP48E2_X5Y22        DSP_A_B_DATA (Prop_DSP_A_B_DATA_DSP48E2_B[16]_B2_DATA[16])
                                                      0.151     3.638 r  design_1_i/tpu_mnist_ip_0/inst/u_tpu_top/u_datapath/u_vector_processing_unit/u_post_process/GEN_BIAS_REQUANT.u_bias_requantize/(null)[0].shifted_value0__3/DSP_A_B_DATA_INST/B2_DATA[16]
                         net (fo=1, routed)           0.000     3.638    design_1_i/tpu_mnist_ip_0/inst/u_tpu_top/u_datapath/u_vector_processing_unit/u_post_process/GEN_BIAS_REQUANT.u_bias_requantize/(null)[0].shifted_value0__3/DSP_A_B_DATA.B2_DATA<16>
    DSP48E2_X5Y22        DSP_PREADD_DATA (Prop_DSP_PREADD_DATA_DSP48E2_B2_DATA[16]_B2B1[16])
                                                      0.073     3.711 r  design_1_i/tpu_mnist_ip_0/inst/u_tpu_top/u_datapath/u_vector_processing_unit/u_post_process/GEN_BIAS_REQUANT.u_bias_requantize/(null)[0].shifted_value0__3/DSP_PREADD_DATA_INST/B2B1[16]
                         net (fo=1, routed)           0.000     3.711    design_1_i/tpu_mnist_ip_0/inst/u_tpu_top/u_datapath/u_vector_processing_unit/u_post_process/GEN_BIAS_REQUANT.u_bias_requantize/(null)[0].shifted_value0__3/DSP_PREADD_DATA.B2B1<16>
    DSP48E2_X5Y22        DSP_MULTIPLIER (Prop_DSP_MULTIPLIER_DSP48E2_B2B1[16]_V[43])
                                                      0.609     4.320 f  design_1_i/tpu_mnist_ip_0/inst/u_tpu_top/u_datapath/u_vector_processing_unit/u_post_process/GEN_BIAS_REQUANT.u_bias_requantize/(null)[0].shifted_value0__3/DSP_MULTIPLIER_INST/V[43]
                         net (fo=1, routed)           0.000     4.320    design_1_i/tpu_mnist_ip_0/inst/u_tpu_top/u_datapath/u_vector_processing_unit/u_post_process/GEN_BIAS_REQUANT.u_bias_requantize/(null)[0].shifted_value0__3/DSP_MULTIPLIER.V<43>
    DSP48E2_X5Y22        DSP_M_DATA (Prop_DSP_M_DATA_DSP48E2_V[43]_V_DATA[43])
                                                      0.046     4.366 r  design_1_i/tpu_mnist_ip_0/inst/u_tpu_top/u_datapath/u_vector_processing_unit/u_post_process/GEN_BIAS_REQUANT.u_bias_requantize/(null)[0].shifted_value0__3/DSP_M_DATA_INST/V_DATA[43]
                         net (fo=1, routed)           0.000     4.366    design_1_i/tpu_mnist_ip_0/inst/u_tpu_top/u_datapath/u_vector_processing_unit/u_post_process/GEN_BIAS_REQUANT.u_bias_requantize/(null)[0].shifted_value0__3/DSP_M_DATA.V_DATA<43>
    DSP48E2_X5Y22        DSP_ALU (Prop_DSP_ALU_DSP48E2_V_DATA[43]_ALU_OUT[47])
                                                      0.571     4.937 f  design_1_i/tpu_mnist_ip_0/inst/u_tpu_top/u_datapath/u_vector_processing_unit/u_post_process/GEN_BIAS_REQUANT.u_bias_requantize/(null)[0].shifted_value0__3/DSP_ALU_INST/ALU_OUT[47]
                         net (fo=1, routed)           0.000     4.937    design_1_i/tpu_mnist_ip_0/inst/u_tpu_top/u_datapath/u_vector_processing_unit/u_post_process/GEN_BIAS_REQUANT.u_bias_requantize/(null)[0].shifted_value0__3/DSP_ALU.ALU_OUT<47>
    DSP48E2_X5Y22        DSP_OUTPUT (Prop_DSP_OUTPUT_DSP48E2_ALU_OUT[47]_PCOUT[47])
                                                      0.122     5.059 r  design_1_i/tpu_mnist_ip_0/inst/u_tpu_top/u_datapath/u_vector_processing_unit/u_post_process/GEN_BIAS_REQUANT.u_bias_requantize/(null)[0].shifted_value0__3/DSP_OUTPUT_INST/PCOUT[47]
                         net (fo=1, routed)           0.014     5.073    design_1_i/tpu_mnist_ip_0/inst/u_tpu_top/u_datapath/u_vector_processing_unit/u_post_process/GEN_BIAS_REQUANT.u_bias_requantize/(null)[0].shifted_value0__4/PCIN[47]
    DSP48E2_X5Y23        DSP_ALU (Prop_DSP_ALU_DSP48E2_PCIN[47]_ALU_OUT[6])
                                                      0.546     5.619 f  design_1_i/tpu_mnist_ip_0/inst/u_tpu_top/u_datapath/u_vector_processing_unit/u_post_process/GEN_BIAS_REQUANT.u_bias_requantize/(null)[0].shifted_value0__4/DSP_ALU_INST/ALU_OUT[6]
                         net (fo=1, routed)           0.000     5.619    design_1_i/tpu_mnist_ip_0/inst/u_tpu_top/u_datapath/u_vector_processing_unit/u_post_process/GEN_BIAS_REQUANT.u_bias_requantize/(null)[0].shifted_value0__4/DSP_ALU.ALU_OUT<6>
    DSP48E2_X5Y23        DSP_OUTPUT (Prop_DSP_OUTPUT_DSP48E2_ALU_OUT[6]_P[6])
                                                      0.109     5.728 r  design_1_i/tpu_mnist_ip_0/inst/u_tpu_top/u_datapath/u_vector_processing_unit/u_post_process/GEN_BIAS_REQUANT.u_bias_requantize/(null)[0].shifted_value0__4/DSP_OUTPUT_INST/P[6]
                         net (fo=1, routed)           0.319     6.047    design_1_i/tpu_mnist_ip_0/inst/u_tpu_top/u_datapath/u_vector_processing_unit/u_post_process/GEN_BIAS_REQUANT.u_bias_requantize/p_0_in[40]
    SLICE_X54Y58         LUT2 (Prop_A6LUT_SLICEM_I1_O)
                                                      0.150     6.197 r  design_1_i/tpu_mnist_ip_0/inst/u_tpu_top/u_datapath/u_vector_processing_unit/u_post_process/GEN_BIAS_REQUANT.u_bias_requantize/data_flatten_o[50]_i_32/O
                         net (fo=1, routed)           0.013     6.210    design_1_i/tpu_mnist_ip_0/inst/u_tpu_top/u_datapath/u_vector_processing_unit/u_post_process/GEN_BIAS_REQUANT.u_bias_requantize/data_flatten_o[50]_i_32_n_0
    SLICE_X54Y58         CARRY8 (Prop_CARRY8_SLICEM_S[0]_CO[7])
                                                      0.192     6.402 r  design_1_i/tpu_mnist_ip_0/inst/u_tpu_top/u_datapath/u_vector_processing_unit/u_post_process/GEN_BIAS_REQUANT.u_bias_requantize/data_flatten_o_reg[50]_i_7/CO[7]
                         net (fo=1, routed)           0.026     6.428    design_1_i/tpu_mnist_ip_0/inst/u_tpu_top/u_datapath/u_vector_processing_unit/u_post_process/GEN_BIAS_REQUANT.u_bias_requantize/data_flatten_o_reg[50]_i_7_n_0
    SLICE_X54Y59         CARRY8 (Prop_CARRY8_SLICEM_CI_CO[7])
                                                      0.015     6.443 r  design_1_i/tpu_mnist_ip_0/inst/u_tpu_top/u_datapath/u_vector_processing_unit/u_post_process/GEN_BIAS_REQUANT.u_bias_requantize/data_flatten_o_reg[50]_i_33/CO[7]
                         net (fo=1, routed)           0.026     6.469    design_1_i/tpu_mnist_ip_0/inst/u_tpu_top/u_datapath/u_vector_processing_unit/u_post_process/GEN_BIAS_REQUANT.u_bias_requantize/data_flatten_o_reg[50]_i_33_n_0
    SLICE_X54Y60         CARRY8 (Prop_CARRY8_SLICEM_CI_CO[7])
                                                      0.015     6.484 r  design_1_i/tpu_mnist_ip_0/inst/u_tpu_top/u_datapath/u_vector_processing_unit/u_post_process/GEN_BIAS_REQUANT.u_bias_requantize/data_flatten_o_reg[63]_i_73/CO[7]
                         net (fo=1, routed)           0.026     6.510    design_1_i/tpu_mnist_ip_0/inst/u_tpu_top/u_datapath/u_vector_processing_unit/u_post_process/GEN_BIAS_REQUANT.u_bias_requantize/data_flatten_o_reg[63]_i_73_n_0
    SLICE_X54Y61         CARRY8 (Prop_CARRY8_SLICEM_CI_O[0])
                                                      0.056     6.566 r  design_1_i/tpu_mnist_ip_0/inst/u_tpu_top/u_datapath/u_vector_processing_unit/u_post_process/GEN_BIAS_REQUANT.u_bias_requantize/data_flatten_o_reg[50]_i_6/O[0]
                         net (fo=125, routed)         0.432     6.997    design_1_i/tpu_mnist_ip_0/inst/u_tpu_top/u_datapath/u_vector_processing_unit/u_post_process/GEN_BIAS_REQUANT.u_bias_requantize/data_flatten_o_reg[50]_i_6_n_15
    SLICE_X55Y54         LUT2 (Prop_A6LUT_SLICEL_I0_O)
                                                      0.050     7.047 r  design_1_i/tpu_mnist_ip_0/inst/u_tpu_top/u_datapath/u_vector_processing_unit/u_post_process/GEN_BIAS_REQUANT.u_bias_requantize/data_flatten_o[38]_i_28/O
                         net (fo=1, routed)           0.009     7.056    design_1_i/tpu_mnist_ip_0/inst/u_tpu_top/u_datapath/u_vector_processing_unit/u_post_process/GEN_BIAS_REQUANT.u_bias_requantize/data_flatten_o[38]_i_28_n_0
    SLICE_X55Y54         CARRY8 (Prop_CARRY8_SLICEL_S[0]_CO[7])
                                                      0.190     7.246 r  design_1_i/tpu_mnist_ip_0/inst/u_tpu_top/u_datapath/u_vector_processing_unit/u_post_process/GEN_BIAS_REQUANT.u_bias_requantize/data_flatten_o_reg[38]_i_12/CO[7]
                         net (fo=1, routed)           0.026     7.272    design_1_i/tpu_mnist_ip_0/inst/u_tpu_top/u_datapath/u_vector_processing_unit/u_post_process/GEN_BIAS_REQUANT.u_bias_requantize/data_flatten_o_reg[38]_i_12_n_0
    SLICE_X55Y55         CARRY8 (Prop_CARRY8_SLICEL_CI_CO[7])
                                                      0.015     7.287 r  design_1_i/tpu_mnist_ip_0/inst/u_tpu_top/u_datapath/u_vector_processing_unit/u_post_process/GEN_BIAS_REQUANT.u_bias_requantize/data_flatten_o_reg[38]_i_3/CO[7]
                         net (fo=1, routed)           0.026     7.313    design_1_i/tpu_mnist_ip_0/inst/u_tpu_top/u_datapath/u_vector_processing_unit/u_post_process/GEN_BIAS_REQUANT.u_bias_requantize/data_flatten_o_reg[38]_i_3_n_0
    SLICE_X55Y56         CARRY8 (Prop_CARRY8_SLICEL_CI_CO[7])
                                                      0.015     7.328 r  design_1_i/tpu_mnist_ip_0/inst/u_tpu_top/u_datapath/u_vector_processing_unit/u_post_process/GEN_BIAS_REQUANT.u_bias_requantize/data_flatten_o_reg[38]_i_2/CO[7]
                         net (fo=1, routed)           0.026     7.354    design_1_i/tpu_mnist_ip_0/inst/u_tpu_top/u_datapath/u_vector_processing_unit/u_post_process/GEN_BIAS_REQUANT.u_bias_requantize/data_flatten_o_reg[38]_i_2_n_0
    SLICE_X55Y57         CARRY8 (Prop_CARRY8_SLICEL_CI_CO[7])
                                                      0.015     7.369 r  design_1_i/tpu_mnist_ip_0/inst/u_tpu_top/u_datapath/u_vector_processing_unit/u_post_process/GEN_BIAS_REQUANT.u_bias_requantize/data_flatten_o_reg[46]_i_2/CO[7]
                         net (fo=1, routed)           0.026     7.395    design_1_i/tpu_mnist_ip_0/inst/u_tpu_top/u_datapath/u_vector_processing_unit/u_post_process/GEN_BIAS_REQUANT.u_bias_requantize/data_flatten_o_reg[46]_i_2_n_0
    SLICE_X55Y58         CARRY8 (Prop_CARRY8_SLICEL_CI_CO[7])
                                                      0.015     7.410 r  design_1_i/tpu_mnist_ip_0/inst/u_tpu_top/u_datapath/u_vector_processing_unit/u_post_process/GEN_BIAS_REQUANT.u_bias_requantize/data_flatten_o_reg[50]_i_4/CO[7]
                         net (fo=1, routed)           0.026     7.436    design_1_i/tpu_mnist_ip_0/inst/u_tpu_top/u_datapath/u_vector_processing_unit/u_post_process/GEN_BIAS_REQUANT.u_bias_requantize/data_flatten_o_reg[50]_i_4_n_0
    SLICE_X55Y59         CARRY8 (Prop_CARRY8_SLICEL_CI_CO[7])
                                                      0.015     7.451 r  design_1_i/tpu_mnist_ip_0/inst/u_tpu_top/u_datapath/u_vector_processing_unit/u_post_process/GEN_BIAS_REQUANT.u_bias_requantize/data_flatten_o_reg[62]_i_3/CO[7]
                         net (fo=1, routed)           0.026     7.477    design_1_i/tpu_mnist_ip_0/inst/u_tpu_top/u_datapath/u_vector_processing_unit/u_post_process/GEN_BIAS_REQUANT.u_bias_requantize/data_flatten_o_reg[62]_i_3_n_0
    SLICE_X55Y60         CARRY8 (Prop_CARRY8_SLICEL_CI_O[1])
                                                      0.076     7.553 f  design_1_i/tpu_mnist_ip_0/inst/u_tpu_top/u_datapath/u_vector_processing_unit/u_post_process/GEN_BIAS_REQUANT.u_bias_requantize/data_flatten_o_reg[63]_i_18/O[1]
                         net (fo=7, routed)           0.340     7.893    design_1_i/tpu_mnist_ip_0/inst/u_tpu_top/u_datapath/u_vector_processing_unit/u_post_process/GEN_BIAS_REQUANT.u_bias_requantize/(null)[0].rounded_product[63]
    SLICE_X56Y55         LUT3 (Prop_G6LUT_SLICEM_I1_O)
                                                      0.150     8.043 r  design_1_i/tpu_mnist_ip_0/inst/u_tpu_top/u_datapath/u_vector_processing_unit/u_post_process/GEN_BIAS_REQUANT.u_bias_requantize/data_flatten_o[63]_i_244/O
                         net (fo=1, routed)           0.127     8.170    design_1_i/tpu_mnist_ip_0/inst/u_tpu_top/u_datapath/u_vector_processing_unit/u_post_process/GEN_BIAS_REQUANT.u_bias_requantize/data_flatten_o[63]_i_244_n_0
    SLICE_X56Y56         CARRY8 (Prop_CARRY8_SLICEM_CI_CO[7])
                                                      0.153     8.323 r  design_1_i/tpu_mnist_ip_0/inst/u_tpu_top/u_datapath/u_vector_processing_unit/u_post_process/GEN_BIAS_REQUANT.u_bias_requantize/data_flatten_o_reg[63]_i_162/CO[7]
                         net (fo=1, routed)           0.026     8.349    design_1_i/tpu_mnist_ip_0/inst/u_tpu_top/u_datapath/u_vector_processing_unit/u_post_process/GEN_BIAS_REQUANT.u_bias_requantize/data_flatten_o_reg[63]_i_162_n_0
    SLICE_X56Y57         CARRY8 (Prop_CARRY8_SLICEM_CI_CO[7])
                                                      0.015     8.364 r  design_1_i/tpu_mnist_ip_0/inst/u_tpu_top/u_datapath/u_vector_processing_unit/u_post_process/GEN_BIAS_REQUANT.u_bias_requantize/data_flatten_o_reg[63]_i_161/CO[7]
                         net (fo=1, routed)           0.026     8.390    design_1_i/tpu_mnist_ip_0/inst/u_tpu_top/u_datapath/u_vector_processing_unit/u_post_process/GEN_BIAS_REQUANT.u_bias_requantize/data_flatten_o_reg[63]_i_161_n_0
    SLICE_X56Y58         CARRY8 (Prop_CARRY8_SLICEM_CI_CO[7])
                                                      0.015     8.405 r  design_1_i/tpu_mnist_ip_0/inst/u_tpu_top/u_datapath/u_vector_processing_unit/u_post_process/GEN_BIAS_REQUANT.u_bias_requantize/data_flatten_o_reg[63]_i_118/CO[7]
                         net (fo=1, routed)           0.026     8.431    design_1_i/tpu_mnist_ip_0/inst/u_tpu_top/u_datapath/u_vector_processing_unit/u_post_process/GEN_BIAS_REQUANT.u_bias_requantize/data_flatten_o_reg[63]_i_118_n_0
    SLICE_X56Y59         CARRY8 (Prop_CARRY8_SLICEM_CI_O[0])
                                                      0.056     8.487 r  design_1_i/tpu_mnist_ip_0/inst/u_tpu_top/u_datapath/u_vector_processing_unit/u_post_process/GEN_BIAS_REQUANT.u_bias_requantize/data_flatten_o_reg[63]_i_117/O[0]
                         net (fo=4, routed)           0.290     8.777    design_1_i/tpu_mnist_ip_0/inst/u_tpu_top/u_datapath/u_vector_processing_unit/u_post_process/GEN_BIAS_REQUANT.u_bias_requantize/data_flatten_o_reg[63]_i_117_n_15
    SLICE_X52Y58         LUT2 (Prop_B6LUT_SLICEL_I0_O)
                                                      0.148     8.925 r  design_1_i/tpu_mnist_ip_0/inst/u_tpu_top/u_datapath/u_vector_processing_unit/u_post_process/GEN_BIAS_REQUANT.u_bias_requantize/data_flatten_o[63]_i_42/O
                         net (fo=1, routed)           0.009     8.934    design_1_i/tpu_mnist_ip_0/inst/u_tpu_top/u_datapath/u_vector_processing_unit/u_post_process/GEN_BIAS_REQUANT.u_bias_requantize/data_flatten_o[63]_i_42_n_0
    SLICE_X52Y58         CARRY8 (Prop_CARRY8_SLICEL_S[1]_CO[5])
                                                      0.195     9.129 r  design_1_i/tpu_mnist_ip_0/inst/u_tpu_top/u_datapath/u_vector_processing_unit/u_post_process/GEN_BIAS_REQUANT.u_bias_requantize/data_flatten_o_reg[63]_i_5/CO[5]
                         net (fo=22, routed)          0.404     9.533    design_1_i/tpu_mnist_ip_0/inst/u_tpu_top/u_datapath/u_vector_processing_unit/u_post_process/GEN_BIAS_REQUANT.u_bias_requantize/data_flatten_o_reg[63]_i_5_n_2
    SLICE_X50Y54         LUT3 (Prop_D5LUT_SLICEM_I1_O)
                                                      0.097     9.630 r  design_1_i/tpu_mnist_ip_0/inst/u_tpu_top/u_datapath/u_vector_processing_unit/u_post_process/GEN_BIAS_REQUANT.u_bias_requantize/data_flatten_o[50]_i_2/O
                         net (fo=18, routed)          0.272     9.902    design_1_i/tpu_mnist_ip_0/inst/u_tpu_top/u_datapath/u_vector_processing_unit/u_post_process/GEN_BIAS_REQUANT.u_bias_requantize/data_flatten_o[50]_i_2_n_0
    SLICE_X51Y57         LUT5 (Prop_D6LUT_SLICEL_I0_O)
                                                      0.036     9.938 r  design_1_i/tpu_mnist_ip_0/inst/u_tpu_top/u_datapath/u_vector_processing_unit/u_post_process/GEN_BIAS_REQUANT.u_bias_requantize/data_flatten_o[40]_i_1/O
                         net (fo=1, routed)           0.049     9.987    design_1_i/tpu_mnist_ip_0/inst/u_tpu_top/u_datapath/u_vector_processing_unit/u_post_process/GEN_BIAS_REQUANT.u_bias_requantize/p_4_out[40]
    SLICE_X51Y57         FDCE                                         r  design_1_i/tpu_mnist_ip_0/inst/u_tpu_top/u_datapath/u_vector_processing_unit/u_post_process/GEN_BIAS_REQUANT.u_bias_requantize/data_flatten_o_reg[40]/D
  -------------------------------------------------------------------    -------------------

                         (clock clk_pl_0 rise edge)
                                                     10.000    10.000 r  
    PS8_X0Y0             PS8                          0.000    10.000 r  design_1_i/zynq_ultra_ps_e_0/inst/PS8_i/PLCLK[0]
                         net (fo=1, routed)           0.143    10.143    design_1_i/zynq_ultra_ps_e_0/inst/pl_clk_unbuffered[0]
    BUFG_PS_X0Y80        BUFG_PS (Prop_BUFG_PS_I_O)
                                                      0.025    10.168 r  design_1_i/zynq_ultra_ps_e_0/inst/buffer_pl_clk_0.PL_CLK_0_BUFG/O
    X1Y2 (CLOCK_ROOT)    net (fo=3956, routed)        1.579    11.747    design_1_i/tpu_mnist_ip_0/inst/u_tpu_top/u_datapath/u_vector_processing_unit/u_post_process/GEN_BIAS_REQUANT.u_bias_requantize/s_axi_aclk
    SLICE_X51Y57         FDCE                                         r  design_1_i/tpu_mnist_ip_0/inst/u_tpu_top/u_datapath/u_vector_processing_unit/u_post_process/GEN_BIAS_REQUANT.u_bias_requantize/data_flatten_o_reg[40]/C
                         clock pessimism              0.119    11.866    
                         clock uncertainty           -0.130    11.736    
    SLICE_X51Y57         FDCE (Setup_DFF_SLICEL_C_D)
                                                      0.025    11.761    design_1_i/tpu_mnist_ip_0/inst/u_tpu_top/u_datapath/u_vector_processing_unit/u_post_process/GEN_BIAS_REQUANT.u_bias_requantize/data_flatten_o_reg[40]
  -------------------------------------------------------------------
                         required time                         11.761    
                         arrival time                          -9.987    
  -------------------------------------------------------------------
                         slack                                  1.774    

Slack (MET) :             1.774ns  (required time - arrival time)
  Source:                 design_1_i/tpu_mnist_ip_0/inst/u_tpu_top/u_datapath/u_accumulator_array/read_data_flatten_o_reg[40]/C
                            (rising edge-triggered cell FDCE clocked by clk_pl_0  {rise@0.000ns fall@5.000ns period=10.000ns})
  Destination:            design_1_i/tpu_mnist_ip_0/inst/u_tpu_top/u_datapath/u_vector_processing_unit/u_post_process/GEN_BIAS_REQUANT.u_bias_requantize/data_flatten_o_reg[46]/D
                            (rising edge-triggered cell FDCE clocked by clk_pl_0  {rise@0.000ns fall@5.000ns period=10.000ns})
  Path Group:             clk_pl_0
  Path Type:              Setup (Max at Slow Process Corner)
  Requirement:            10.000ns  (clk_pl_0 rise@10.000ns - clk_pl_0 rise@0.000ns)
  Data Path Delay:        7.971ns  (logic 4.357ns (54.662%)  route 3.614ns (45.338%))
  Logic Levels:           35  (CARRY8=20 DSP_A_B_DATA=1 DSP_ALU=2 DSP_M_DATA=1 DSP_MULTIPLIER=1 DSP_OUTPUT=2 DSP_PREADD_DATA=1 LUT2=4 LUT3=2 LUT5=1)
  Clock Path Skew:        -0.150ns (DCD - SCD + CPR)
    Destination Clock Delay (DCD):    1.747ns = ( 11.747 - 10.000 ) 
    Source Clock Delay      (SCD):    2.016ns
    Clock Pessimism Removal (CPR):    0.119ns
  Clock Uncertainty:      0.130ns  ((TSJ^2 + DJ^2)^1/2) / 2 + PE
    Total System Jitter     (TSJ):    0.071ns
    Discrete Jitter          (DJ):    0.250ns
    Phase Error              (PE):    0.000ns
  Clock Net Delay (Source):      1.808ns (routing 0.569ns, distribution 1.239ns)
  Clock Net Delay (Destination): 1.579ns (routing 0.512ns, distribution 1.067ns)

    Location             Delay type                Incr(ns)  Path(ns)    Netlist Resource(s)
  -------------------------------------------------------------------    -------------------
                         (clock clk_pl_0 rise edge)
                                                      0.000     0.000 r  
    PS8_X0Y0             PS8                          0.000     0.000 r  design_1_i/zynq_ultra_ps_e_0/inst/PS8_i/PLCLK[0]
                         net (fo=1, routed)           0.180     0.180    design_1_i/zynq_ultra_ps_e_0/inst/pl_clk_unbuffered[0]
    BUFG_PS_X0Y80        BUFG_PS (Prop_BUFG_PS_I_O)
                                                      0.028     0.208 r  design_1_i/zynq_ultra_ps_e_0/inst/buffer_pl_clk_0.PL_CLK_0_BUFG/O
    X1Y2 (CLOCK_ROOT)    net (fo=3956, routed)        1.808     2.016    design_1_i/tpu_mnist_ip_0/inst/u_tpu_top/u_datapath/u_accumulator_array/s_axi_aclk
    SLICE_X63Y64         FDCE                                         r  design_1_i/tpu_mnist_ip_0/inst/u_tpu_top/u_datapath/u_accumulator_array/read_data_flatten_o_reg[40]/C
  -------------------------------------------------------------------    -------------------
    SLICE_X63Y64         FDCE (Prop_DFF_SLICEM_C_Q)
                                                      0.078     2.094 r  design_1_i/tpu_mnist_ip_0/inst/u_tpu_top/u_datapath/u_accumulator_array/read_data_flatten_o_reg[40]/Q
                         net (fo=2, routed)           0.537     2.631    design_1_i/tpu_mnist_ip_0/inst/u_tpu_top/u_datapath/u_vector_processing_unit/u_post_process/GEN_BIAS_REQUANT.u_bias_requantize/(null)[0].shifted_value0__4_0[40]
    SLICE_X57Y56         LUT2 (Prop_A6LUT_SLICEM_I0_O)
                                                      0.090     2.721 r  design_1_i/tpu_mnist_ip_0/inst/u_tpu_top/u_datapath/u_vector_processing_unit/u_post_process/GEN_BIAS_REQUANT.u_bias_requantize/(null)[0].shifted_value0__5_i_10/O
                         net (fo=1, routed)           0.013     2.734    design_1_i/tpu_mnist_ip_0/inst/u_tpu_top/u_datapath/u_vector_processing_unit/u_post_process/GEN_BIAS_REQUANT.u_bias_requantize/(null)[0].shifted_value0__5_i_10_n_0
    SLICE_X57Y56         CARRY8 (Prop_CARRY8_SLICEM_S[0]_CO[7])
                                                      0.192     2.926 r  design_1_i/tpu_mnist_ip_0/inst/u_tpu_top/u_datapath/u_vector_processing_unit/u_post_process/GEN_BIAS_REQUANT.u_bias_requantize/(null)[0].shifted_value0__5_i_1/CO[7]
                         net (fo=1, routed)           0.026     2.952    design_1_i/tpu_mnist_ip_0/inst/u_tpu_top/u_datapath/u_vector_processing_unit/u_post_process/GEN_BIAS_REQUANT.u_bias_requantize/(null)[0].shifted_value0__5_i_1_n_0
    SLICE_X57Y57         CARRY8 (Prop_CARRY8_SLICEM_CI_CO[7])
                                                      0.015     2.967 r  design_1_i/tpu_mnist_ip_0/inst/u_tpu_top/u_datapath/u_vector_processing_unit/u_post_process/GEN_BIAS_REQUANT.u_bias_requantize/(null)[0].shifted_value0__3_i_3/CO[7]
                         net (fo=1, routed)           0.026     2.993    design_1_i/tpu_mnist_ip_0/inst/u_tpu_top/u_datapath/u_vector_processing_unit/u_post_process/GEN_BIAS_REQUANT.u_bias_requantize/(null)[0].shifted_value0__3_i_3_n_0
    SLICE_X57Y58         CARRY8 (Prop_CARRY8_SLICEM_CI_CO[7])
                                                      0.015     3.008 r  design_1_i/tpu_mnist_ip_0/inst/u_tpu_top/u_datapath/u_vector_processing_unit/u_post_process/GEN_BIAS_REQUANT.u_bias_requantize/(null)[0].shifted_value0__3_i_2/CO[7]
                         net (fo=1, routed)           0.026     3.034    design_1_i/tpu_mnist_ip_0/inst/u_tpu_top/u_datapath/u_vector_processing_unit/u_post_process/GEN_BIAS_REQUANT.u_bias_requantize/(null)[0].shifted_value0__3_i_2_n_0
    SLICE_X57Y59         CARRY8 (Prop_CARRY8_SLICEM_CI_O[0])
                                                      0.056     3.090 f  design_1_i/tpu_mnist_ip_0/inst/u_tpu_top/u_datapath/u_vector_processing_unit/u_post_process/GEN_BIAS_REQUANT.u_bias_requantize/(null)[0].shifted_value0__3_i_1/O[0]
                         net (fo=18, routed)          0.397     3.487    design_1_i/tpu_mnist_ip_0/inst/u_tpu_top/u_datapath/u_vector_processing_unit/u_post_process/GEN_BIAS_REQUANT.u_bias_requantize/(null)[0].shifted_value0__3/B[16]
    DSP48E2_X5Y22        DSP_A_B_DATA (Prop_DSP_A_B_DATA_DSP48E2_B[16]_B2_DATA[16])
                                                      0.151     3.638 r  design_1_i/tpu_mnist_ip_0/inst/u_tpu_top/u_datapath/u_vector_processing_unit/u_post_process/GEN_BIAS_REQUANT.u_bias_requantize/(null)[0].shifted_value0__3/DSP_A_B_DATA_INST/B2_DATA[16]
                         net (fo=1, routed)           0.000     3.638    design_1_i/tpu_mnist_ip_0/inst/u_tpu_top/u_datapath/u_vector_processing_unit/u_post_process/GEN_BIAS_REQUANT.u_bias_requantize/(null)[0].shifted_value0__3/DSP_A_B_DATA.B2_DATA<16>
    DSP48E2_X5Y22        DSP_PREADD_DATA (Prop_DSP_PREADD_DATA_DSP48E2_B2_DATA[16]_B2B1[16])
                                                      0.073     3.711 r  design_1_i/tpu_mnist_ip_0/inst/u_tpu_top/u_datapath/u_vector_processing_unit/u_post_process/GEN_BIAS_REQUANT.u_bias_requantize/(null)[0].shifted_value0__3/DSP_PREADD_DATA_INST/B2B1[16]
                         net (fo=1, routed)           0.000     3.711    design_1_i/tpu_mnist_ip_0/inst/u_tpu_top/u_datapath/u_vector_processing_unit/u_post_process/GEN_BIAS_REQUANT.u_bias_requantize/(null)[0].shifted_value0__3/DSP_PREADD_DATA.B2B1<16>
    DSP48E2_X5Y22        DSP_MULTIPLIER (Prop_DSP_MULTIPLIER_DSP48E2_B2B1[16]_V[43])
                                                      0.609     4.320 f  design_1_i/tpu_mnist_ip_0/inst/u_tpu_top/u_datapath/u_vector_processing_unit/u_post_process/GEN_BIAS_REQUANT.u_bias_requantize/(null)[0].shifted_value0__3/DSP_MULTIPLIER_INST/V[43]
                         net (fo=1, routed)           0.000     4.320    design_1_i/tpu_mnist_ip_0/inst/u_tpu_top/u_datapath/u_vector_processing_unit/u_post_process/GEN_BIAS_REQUANT.u_bias_requantize/(null)[0].shifted_value0__3/DSP_MULTIPLIER.V<43>
    DSP48E2_X5Y22        DSP_M_DATA (Prop_DSP_M_DATA_DSP48E2_V[43]_V_DATA[43])
                                                      0.046     4.366 r  design_1_i/tpu_mnist_ip_0/inst/u_tpu_top/u_datapath/u_vector_processing_unit/u_post_process/GEN_BIAS_REQUANT.u_bias_requantize/(null)[0].shifted_value0__3/DSP_M_DATA_INST/V_DATA[43]
                         net (fo=1, routed)           0.000     4.366    design_1_i/tpu_mnist_ip_0/inst/u_tpu_top/u_datapath/u_vector_processing_unit/u_post_process/GEN_BIAS_REQUANT.u_bias_requantize/(null)[0].shifted_value0__3/DSP_M_DATA.V_DATA<43>
    DSP48E2_X5Y22        DSP_ALU (Prop_DSP_ALU_DSP48E2_V_DATA[43]_ALU_OUT[47])
                                                      0.571     4.937 f  design_1_i/tpu_mnist_ip_0/inst/u_tpu_top/u_datapath/u_vector_processing_unit/u_post_process/GEN_BIAS_REQUANT.u_bias_requantize/(null)[0].shifted_value0__3/DSP_ALU_INST/ALU_OUT[47]
                         net (fo=1, routed)           0.000     4.937    design_1_i/tpu_mnist_ip_0/inst/u_tpu_top/u_datapath/u_vector_processing_unit/u_post_process/GEN_BIAS_REQUANT.u_bias_requantize/(null)[0].shifted_value0__3/DSP_ALU.ALU_OUT<47>
    DSP48E2_X5Y22        DSP_OUTPUT (Prop_DSP_OUTPUT_DSP48E2_ALU_OUT[47]_PCOUT[47])
                                                      0.122     5.059 r  design_1_i/tpu_mnist_ip_0/inst/u_tpu_top/u_datapath/u_vector_processing_unit/u_post_process/GEN_BIAS_REQUANT.u_bias_requantize/(null)[0].shifted_value0__3/DSP_OUTPUT_INST/PCOUT[47]
                         net (fo=1, routed)           0.014     5.073    design_1_i/tpu_mnist_ip_0/inst/u_tpu_top/u_datapath/u_vector_processing_unit/u_post_process/GEN_BIAS_REQUANT.u_bias_requantize/(null)[0].shifted_value0__4/PCIN[47]
    DSP48E2_X5Y23        DSP_ALU (Prop_DSP_ALU_DSP48E2_PCIN[47]_ALU_OUT[6])
                                                      0.546     5.619 f  design_1_i/tpu_mnist_ip_0/inst/u_tpu_top/u_datapath/u_vector_processing_unit/u_post_process/GEN_BIAS_REQUANT.u_bias_requantize/(null)[0].shifted_value0__4/DSP_ALU_INST/ALU_OUT[6]
                         net (fo=1, routed)           0.000     5.619    design_1_i/tpu_mnist_ip_0/inst/u_tpu_top/u_datapath/u_vector_processing_unit/u_post_process/GEN_BIAS_REQUANT.u_bias_requantize/(null)[0].shifted_value0__4/DSP_ALU.ALU_OUT<6>
    DSP48E2_X5Y23        DSP_OUTPUT (Prop_DSP_OUTPUT_DSP48E2_ALU_OUT[6]_P[6])
                                                      0.109     5.728 r  design_1_i/tpu_mnist_ip_0/inst/u_tpu_top/u_datapath/u_vector_processing_unit/u_post_process/GEN_BIAS_REQUANT.u_bias_requantize/(null)[0].shifted_value0__4/DSP_OUTPUT_INST/P[6]
                         net (fo=1, routed)           0.319     6.047    design_1_i/tpu_mnist_ip_0/inst/u_tpu_top/u_datapath/u_vector_processing_unit/u_post_process/GEN_BIAS_REQUANT.u_bias_requantize/p_0_in[40]
    SLICE_X54Y58         LUT2 (Prop_A6LUT_SLICEM_I1_O)
                                                      0.150     6.197 r  design_1_i/tpu_mnist_ip_0/inst/u_tpu_top/u_datapath/u_vector_processing_unit/u_post_process/GEN_BIAS_REQUANT.u_bias_requantize/data_flatten_o[50]_i_32/O
                         net (fo=1, routed)           0.013     6.210    design_1_i/tpu_mnist_ip_0/inst/u_tpu_top/u_datapath/u_vector_processing_unit/u_post_process/GEN_BIAS_REQUANT.u_bias_requantize/data_flatten_o[50]_i_32_n_0
    SLICE_X54Y58         CARRY8 (Prop_CARRY8_SLICEM_S[0]_CO[7])
                                                      0.192     6.402 r  design_1_i/tpu_mnist_ip_0/inst/u_tpu_top/u_datapath/u_vector_processing_unit/u_post_process/GEN_BIAS_REQUANT.u_bias_requantize/data_flatten_o_reg[50]_i_7/CO[7]
                         net (fo=1, routed)           0.026     6.428    design_1_i/tpu_mnist_ip_0/inst/u_tpu_top/u_datapath/u_vector_processing_unit/u_post_process/GEN_BIAS_REQUANT.u_bias_requantize/data_flatten_o_reg[50]_i_7_n_0
    SLICE_X54Y59         CARRY8 (Prop_CARRY8_SLICEM_CI_CO[7])
                                                      0.015     6.443 r  design_1_i/tpu_mnist_ip_0/inst/u_tpu_top/u_datapath/u_vector_processing_unit/u_post_process/GEN_BIAS_REQUANT.u_bias_requantize/data_flatten_o_reg[50]_i_33/CO[7]
                         net (fo=1, routed)           0.026     6.469    design_1_i/tpu_mnist_ip_0/inst/u_tpu_top/u_datapath/u_vector_processing_unit/u_post_process/GEN_BIAS_REQUANT.u_bias_requantize/data_flatten_o_reg[50]_i_33_n_0
    SLICE_X54Y60         CARRY8 (Prop_CARRY8_SLICEM_CI_CO[7])
                                                      0.015     6.484 r  design_1_i/tpu_mnist_ip_0/inst/u_tpu_top/u_datapath/u_vector_processing_unit/u_post_process/GEN_BIAS_REQUANT.u_bias_requantize/data_flatten_o_reg[63]_i_73/CO[7]
                         net (fo=1, routed)           0.026     6.510    design_1_i/tpu_mnist_ip_0/inst/u_tpu_top/u_datapath/u_vector_processing_unit/u_post_process/GEN_BIAS_REQUANT.u_bias_requantize/data_flatten_o_reg[63]_i_73_n_0
    SLICE_X54Y61         CARRY8 (Prop_CARRY8_SLICEM_CI_O[0])
                                                      0.056     6.566 r  design_1_i/tpu_mnist_ip_0/inst/u_tpu_top/u_datapath/u_vector_processing_unit/u_post_process/GEN_BIAS_REQUANT.u_bias_requantize/data_flatten_o_reg[50]_i_6/O[0]
                         net (fo=125, routed)         0.432     6.997    design_1_i/tpu_mnist_ip_0/inst/u_tpu_top/u_datapath/u_vector_processing_unit/u_post_process/GEN_BIAS_REQUANT.u_bias_requantize/data_flatten_o_reg[50]_i_6_n_15
    SLICE_X55Y54         LUT2 (Prop_A6LUT_SLICEL_I0_O)
                                                      0.050     7.047 r  design_1_i/tpu_mnist_ip_0/inst/u_tpu_top/u_datapath/u_vector_processing_unit/u_post_process/GEN_BIAS_REQUANT.u_bias_requantize/data_flatten_o[38]_i_28/O
                         net (fo=1, routed)           0.009     7.056    design_1_i/tpu_mnist_ip_0/inst/u_tpu_top/u_datapath/u_vector_processing_unit/u_post_process/GEN_BIAS_REQUANT.u_bias_requantize/data_flatten_o[38]_i_28_n_0
    SLICE_X55Y54         CARRY8 (Prop_CARRY8_SLICEL_S[0]_CO[7])
                                                      0.190     7.246 r  design_1_i/tpu_mnist_ip_0/inst/u_tpu_top/u_datapath/u_vector_processing_unit/u_post_process/GEN_BIAS_REQUANT.u_bias_requantize/data_flatten_o_reg[38]_i_12/CO[7]
                         net (fo=1, routed)           0.026     7.272    design_1_i/tpu_mnist_ip_0/inst/u_tpu_top/u_datapath/u_vector_processing_unit/u_post_process/GEN_BIAS_REQUANT.u_bias_requantize/data_flatten_o_reg[38]_i_12_n_0
    SLICE_X55Y55         CARRY8 (Prop_CARRY8_SLICEL_CI_CO[7])
                                                      0.015     7.287 r  design_1_i/tpu_mnist_ip_0/inst/u_tpu_top/u_datapath/u_vector_processing_unit/u_post_process/GEN_BIAS_REQUANT.u_bias_requantize/data_flatten_o_reg[38]_i_3/CO[7]
                         net (fo=1, routed)           0.026     7.313    design_1_i/tpu_mnist_ip_0/inst/u_tpu_top/u_datapath/u_vector_processing_unit/u_post_process/GEN_BIAS_REQUANT.u_bias_requantize/data_flatten_o_reg[38]_i_3_n_0
    SLICE_X55Y56         CARRY8 (Prop_CARRY8_SLICEL_CI_CO[7])
                                                      0.015     7.328 r  design_1_i/tpu_mnist_ip_0/inst/u_tpu_top/u_datapath/u_vector_processing_unit/u_post_process/GEN_BIAS_REQUANT.u_bias_requantize/data_flatten_o_reg[38]_i_2/CO[7]
                         net (fo=1, routed)           0.026     7.354    design_1_i/tpu_mnist_ip_0/inst/u_tpu_top/u_datapath/u_vector_processing_unit/u_post_process/GEN_BIAS_REQUANT.u_bias_requantize/data_flatten_o_reg[38]_i_2_n_0
    SLICE_X55Y57         CARRY8 (Prop_CARRY8_SLICEL_CI_CO[7])
                                                      0.015     7.369 r  design_1_i/tpu_mnist_ip_0/inst/u_tpu_top/u_datapath/u_vector_processing_unit/u_post_process/GEN_BIAS_REQUANT.u_bias_requantize/data_flatten_o_reg[46]_i_2/CO[7]
                         net (fo=1, routed)           0.026     7.395    design_1_i/tpu_mnist_ip_0/inst/u_tpu_top/u_datapath/u_vector_processing_unit/u_post_process/GEN_BIAS_REQUANT.u_bias_requantize/data_flatten_o_reg[46]_i_2_n_0
    SLICE_X55Y58         CARRY8 (Prop_CARRY8_SLICEL_CI_CO[7])
                                                      0.015     7.410 r  design_1_i/tpu_mnist_ip_0/inst/u_tpu_top/u_datapath/u_vector_processing_unit/u_post_process/GEN_BIAS_REQUANT.u_bias_requantize/data_flatten_o_reg[50]_i_4/CO[7]
                         net (fo=1, routed)           0.026     7.436    design_1_i/tpu_mnist_ip_0/inst/u_tpu_top/u_datapath/u_vector_processing_unit/u_post_process/GEN_BIAS_REQUANT.u_bias_requantize/data_flatten_o_reg[50]_i_4_n_0
    SLICE_X55Y59         CARRY8 (Prop_CARRY8_SLICEL_CI_CO[7])
                                                      0.015     7.451 r  design_1_i/tpu_mnist_ip_0/inst/u_tpu_top/u_datapath/u_vector_processing_unit/u_post_process/GEN_BIAS_REQUANT.u_bias_requantize/data_flatten_o_reg[62]_i_3/CO[7]
                         net (fo=1, routed)           0.026     7.477    design_1_i/tpu_mnist_ip_0/inst/u_tpu_top/u_datapath/u_vector_processing_unit/u_post_process/GEN_BIAS_REQUANT.u_bias_requantize/data_flatten_o_reg[62]_i_3_n_0
    SLICE_X55Y60         CARRY8 (Prop_CARRY8_SLICEL_CI_O[1])
                                                      0.076     7.553 f  design_1_i/tpu_mnist_ip_0/inst/u_tpu_top/u_datapath/u_vector_processing_unit/u_post_process/GEN_BIAS_REQUANT.u_bias_requantize/data_flatten_o_reg[63]_i_18/O[1]
                         net (fo=7, routed)           0.340     7.893    design_1_i/tpu_mnist_ip_0/inst/u_tpu_top/u_datapath/u_vector_processing_unit/u_post_process/GEN_BIAS_REQUANT.u_bias_requantize/(null)[0].rounded_product[63]
    SLICE_X56Y55         LUT3 (Prop_G6LUT_SLICEM_I1_O)
                                                      0.150     8.043 r  design_1_i/tpu_mnist_ip_0/inst/u_tpu_top/u_datapath/u_vector_processing_unit/u_post_process/GEN_BIAS_REQUANT.u_bias_requantize/data_flatten_o[63]_i_244/O
                         net (fo=1, routed)           0.127     8.170    design_1_i/tpu_mnist_ip_0/inst/u_tpu_top/u_datapath/u_vector_processing_unit/u_post_process/GEN_BIAS_REQUANT.u_bias_requantize/data_flatten_o[63]_i_244_n_0
    SLICE_X56Y56         CARRY8 (Prop_CARRY8_SLICEM_CI_CO[7])
                                                      0.153     8.323 r  design_1_i/tpu_mnist_ip_0/inst/u_tpu_top/u_datapath/u_vector_processing_unit/u_post_process/GEN_BIAS_REQUANT.u_bias_requantize/data_flatten_o_reg[63]_i_162/CO[7]
                         net (fo=1, routed)           0.026     8.349    design_1_i/tpu_mnist_ip_0/inst/u_tpu_top/u_datapath/u_vector_processing_unit/u_post_process/GEN_BIAS_REQUANT.u_bias_requantize/data_flatten_o_reg[63]_i_162_n_0
    SLICE_X56Y57         CARRY8 (Prop_CARRY8_SLICEM_CI_CO[7])
                                                      0.015     8.364 r  design_1_i/tpu_mnist_ip_0/inst/u_tpu_top/u_datapath/u_vector_processing_unit/u_post_process/GEN_BIAS_REQUANT.u_bias_requantize/data_flatten_o_reg[63]_i_161/CO[7]
                         net (fo=1, routed)           0.026     8.390    design_1_i/tpu_mnist_ip_0/inst/u_tpu_top/u_datapath/u_vector_processing_unit/u_post_process/GEN_BIAS_REQUANT.u_bias_requantize/data_flatten_o_reg[63]_i_161_n_0
    SLICE_X56Y58         CARRY8 (Prop_CARRY8_SLICEM_CI_CO[7])
                                                      0.015     8.405 r  design_1_i/tpu_mnist_ip_0/inst/u_tpu_top/u_datapath/u_vector_processing_unit/u_post_process/GEN_BIAS_REQUANT.u_bias_requantize/data_flatten_o_reg[63]_i_118/CO[7]
                         net (fo=1, routed)           0.026     8.431    design_1_i/tpu_mnist_ip_0/inst/u_tpu_top/u_datapath/u_vector_processing_unit/u_post_process/GEN_BIAS_REQUANT.u_bias_requantize/data_flatten_o_reg[63]_i_118_n_0
    SLICE_X56Y59         CARRY8 (Prop_CARRY8_SLICEM_CI_O[0])
                                                      0.056     8.487 r  design_1_i/tpu_mnist_ip_0/inst/u_tpu_top/u_datapath/u_vector_processing_unit/u_post_process/GEN_BIAS_REQUANT.u_bias_requantize/data_flatten_o_reg[63]_i_117/O[0]
                         net (fo=4, routed)           0.290     8.777    design_1_i/tpu_mnist_ip_0/inst/u_tpu_top/u_datapath/u_vector_processing_unit/u_post_process/GEN_BIAS_REQUANT.u_bias_requantize/data_flatten_o_reg[63]_i_117_n_15
    SLICE_X52Y58         LUT2 (Prop_B6LUT_SLICEL_I0_O)
                                                      0.148     8.925 r  design_1_i/tpu_mnist_ip_0/inst/u_tpu_top/u_datapath/u_vector_processing_unit/u_post_process/GEN_BIAS_REQUANT.u_bias_requantize/data_flatten_o[63]_i_42/O
                         net (fo=1, routed)           0.009     8.934    design_1_i/tpu_mnist_ip_0/inst/u_tpu_top/u_datapath/u_vector_processing_unit/u_post_process/GEN_BIAS_REQUANT.u_bias_requantize/data_flatten_o[63]_i_42_n_0
    SLICE_X52Y58         CARRY8 (Prop_CARRY8_SLICEL_S[1]_CO[5])
                                                      0.195     9.129 r  design_1_i/tpu_mnist_ip_0/inst/u_tpu_top/u_datapath/u_vector_processing_unit/u_post_process/GEN_BIAS_REQUANT.u_bias_requantize/data_flatten_o_reg[63]_i_5/CO[5]
                         net (fo=22, routed)          0.404     9.533    design_1_i/tpu_mnist_ip_0/inst/u_tpu_top/u_datapath/u_vector_processing_unit/u_post_process/GEN_BIAS_REQUANT.u_bias_requantize/data_flatten_o_reg[63]_i_5_n_2
    SLICE_X50Y54         LUT3 (Prop_D5LUT_SLICEM_I1_O)
                                                      0.097     9.630 r  design_1_i/tpu_mnist_ip_0/inst/u_tpu_top/u_datapath/u_vector_processing_unit/u_post_process/GEN_BIAS_REQUANT.u_bias_requantize/data_flatten_o[50]_i_2/O
                         net (fo=18, routed)          0.272     9.902    design_1_i/tpu_mnist_ip_0/inst/u_tpu_top/u_datapath/u_vector_processing_unit/u_post_process/GEN_BIAS_REQUANT.u_bias_requantize/data_flatten_o[50]_i_2_n_0
    SLICE_X51Y57         LUT5 (Prop_B6LUT_SLICEL_I0_O)
                                                      0.036     9.938 r  design_1_i/tpu_mnist_ip_0/inst/u_tpu_top/u_datapath/u_vector_processing_unit/u_post_process/GEN_BIAS_REQUANT.u_bias_requantize/data_flatten_o[46]_i_1/O
                         net (fo=1, routed)           0.049     9.987    design_1_i/tpu_mnist_ip_0/inst/u_tpu_top/u_datapath/u_vector_processing_unit/u_post_process/GEN_BIAS_REQUANT.u_bias_requantize/p_4_out[46]
    SLICE_X51Y57         FDCE                                         r  design_1_i/tpu_mnist_ip_0/inst/u_tpu_top/u_datapath/u_vector_processing_unit/u_post_process/GEN_BIAS_REQUANT.u_bias_requantize/data_flatten_o_reg[46]/D
  -------------------------------------------------------------------    -------------------

                         (clock clk_pl_0 rise edge)
                                                     10.000    10.000 r  
    PS8_X0Y0             PS8                          0.000    10.000 r  design_1_i/zynq_ultra_ps_e_0/inst/PS8_i/PLCLK[0]
                         net (fo=1, routed)           0.143    10.143    design_1_i/zynq_ultra_ps_e_0/inst/pl_clk_unbuffered[0]
    BUFG_PS_X0Y80        BUFG_PS (Prop_BUFG_PS_I_O)
                                                      0.025    10.168 r  design_1_i/zynq_ultra_ps_e_0/inst/buffer_pl_clk_0.PL_CLK_0_BUFG/O
    X1Y2 (CLOCK_ROOT)    net (fo=3956, routed)        1.579    11.747    design_1_i/tpu_mnist_ip_0/inst/u_tpu_top/u_datapath/u_vector_processing_unit/u_post_process/GEN_BIAS_REQUANT.u_bias_requantize/s_axi_aclk
    SLICE_X51Y57         FDCE                                         r  design_1_i/tpu_mnist_ip_0/inst/u_tpu_top/u_datapath/u_vector_processing_unit/u_post_process/GEN_BIAS_REQUANT.u_bias_requantize/data_flatten_o_reg[46]/C
                         clock pessimism              0.119    11.866    
                         clock uncertainty           -0.130    11.736    
    SLICE_X51Y57         FDCE (Setup_BFF_SLICEL_C_D)
                                                      0.025    11.761    design_1_i/tpu_mnist_ip_0/inst/u_tpu_top/u_datapath/u_vector_processing_unit/u_post_process/GEN_BIAS_REQUANT.u_bias_requantize/data_flatten_o_reg[46]
  -------------------------------------------------------------------
                         required time                         11.761    
                         arrival time                          -9.987    
  -------------------------------------------------------------------
                         slack                                  1.774    





Min Delay Paths
--------------------------------------------------------------------------------------
Slack (MET) :             0.003ns  (arrival time - required time)
  Source:                 design_1_i/tpu_mnist_ip_0/inst/u_tpu_top/u_datapath/u_mxu/u_systolic_array/pe_1_1/u_multiplier/product_s2_reg[14]/C
                            (rising edge-triggered cell FDCE clocked by clk_pl_0  {rise@0.000ns fall@5.000ns period=10.000ns})
  Destination:            design_1_i/tpu_mnist_ip_0/inst/u_tpu_top/u_datapath/u_mxu/u_systolic_array/pe_1_1/u_multiplier/product_o_reg[14]/D
                            (rising edge-triggered cell FDCE clocked by clk_pl_0  {rise@0.000ns fall@5.000ns period=10.000ns})
  Path Group:             clk_pl_0
  Path Type:              Hold (Min at Slow Process Corner)
  Requirement:            0.000ns  (clk_pl_0 rise@0.000ns - clk_pl_0 rise@0.000ns)
  Data Path Delay:        0.165ns  (logic 0.058ns (35.152%)  route 0.107ns (64.848%))
  Logic Levels:           0  
  Clock Path Skew:        0.100ns (DCD - SCD - CPR)
    Destination Clock Delay (DCD):    2.005ns
    Source Clock Delay      (SCD):    1.741ns
    Clock Pessimism Removal (CPR):    0.164ns
  Clock Net Delay (Source):      1.573ns (routing 0.512ns, distribution 1.061ns)
  Clock Net Delay (Destination): 1.797ns (routing 0.569ns, distribution 1.228ns)

    Location             Delay type                Incr(ns)  Path(ns)    Netlist Resource(s)
  -------------------------------------------------------------------    -------------------
                         (clock clk_pl_0 rise edge)
                                                      0.000     0.000 r  
    PS8_X0Y0             PS8                          0.000     0.000 r  design_1_i/zynq_ultra_ps_e_0/inst/PS8_i/PLCLK[0]
                         net (fo=1, routed)           0.143     0.143    design_1_i/zynq_ultra_ps_e_0/inst/pl_clk_unbuffered[0]
    BUFG_PS_X0Y80        BUFG_PS (Prop_BUFG_PS_I_O)
                                                      0.025     0.168 r  design_1_i/zynq_ultra_ps_e_0/inst/buffer_pl_clk_0.PL_CLK_0_BUFG/O
    X1Y2 (CLOCK_ROOT)    net (fo=3956, routed)        1.573     1.741    design_1_i/tpu_mnist_ip_0/inst/u_tpu_top/u_datapath/u_mxu/u_systolic_array/pe_1_1/u_multiplier/s_axi_aclk
    SLICE_X60Y115        FDCE                                         r  design_1_i/tpu_mnist_ip_0/inst/u_tpu_top/u_datapath/u_mxu/u_systolic_array/pe_1_1/u_multiplier/product_s2_reg[14]/C
  -------------------------------------------------------------------    -------------------
    SLICE_X60Y115        FDCE (Prop_CFF_SLICEL_C_Q)
                                                      0.058     1.799 r  design_1_i/tpu_mnist_ip_0/inst/u_tpu_top/u_datapath/u_mxu/u_systolic_array/pe_1_1/u_multiplier/product_s2_reg[14]/Q
                         net (fo=1, routed)           0.107     1.906    design_1_i/tpu_mnist_ip_0/inst/u_tpu_top/u_datapath/u_mxu/u_systolic_array/pe_1_1/u_multiplier/product_s2_reg_n_0_[14]
    SLICE_X58Y114        FDCE                                         r  design_1_i/tpu_mnist_ip_0/inst/u_tpu_top/u_datapath/u_mxu/u_systolic_array/pe_1_1/u_multiplier/product_o_reg[14]/D
  -------------------------------------------------------------------    -------------------

                         (clock clk_pl_0 rise edge)
                                                      0.000     0.000 r  
    PS8_X0Y0             PS8                          0.000     0.000 r  design_1_i/zynq_ultra_ps_e_0/inst/PS8_i/PLCLK[0]
                         net (fo=1, routed)           0.180     0.180    design_1_i/zynq_ultra_ps_e_0/inst/pl_clk_unbuffered[0]
    BUFG_PS_X0Y80        BUFG_PS (Prop_BUFG_PS_I_O)
                                                      0.028     0.208 r  design_1_i/zynq_ultra_ps_e_0/inst/buffer_pl_clk_0.PL_CLK_0_BUFG/O
    X1Y2 (CLOCK_ROOT)    net (fo=3956, routed)        1.797     2.005    design_1_i/tpu_mnist_ip_0/inst/u_tpu_top/u_datapath/u_mxu/u_systolic_array/pe_1_1/u_multiplier/s_axi_aclk
    SLICE_X58Y114        FDCE                                         r  design_1_i/tpu_mnist_ip_0/inst/u_tpu_top/u_datapath/u_mxu/u_systolic_array/pe_1_1/u_multiplier/product_o_reg[14]/C
                         clock pessimism             -0.164     1.841    
    SLICE_X58Y114        FDCE (Hold_GFF2_SLICEL_C_D)
                                                      0.062     1.903    design_1_i/tpu_mnist_ip_0/inst/u_tpu_top/u_datapath/u_mxu/u_systolic_array/pe_1_1/u_multiplier/product_o_reg[14]
  -------------------------------------------------------------------
                         required time                         -1.903    
                         arrival time                           1.906    
  -------------------------------------------------------------------
                         slack                                  0.003    

Slack (MET) :             0.004ns  (arrival time - required time)
  Source:                 design_1_i/axi_smc/inst/s00_entry_pipeline/s00_mmu/inst/FSM_onehot_gen_endpoint.r_state_reg[3]/C
                            (rising edge-triggered cell FDRE clocked by clk_pl_0  {rise@0.000ns fall@5.000ns period=10.000ns})
  Destination:            design_1_i/axi_smc/inst/s00_entry_pipeline/s00_mmu/inst/gen_endpoint.decerr_slave_inst/gen_axi.gen_read.read_cs_reg[0]/D
                            (rising edge-triggered cell FDRE clocked by clk_pl_0  {rise@0.000ns fall@5.000ns period=10.000ns})
  Path Group:             clk_pl_0
  Path Type:              Hold (Min at Slow Process Corner)
  Requirement:            0.000ns  (clk_pl_0 rise@0.000ns - clk_pl_0 rise@0.000ns)
  Data Path Delay:        0.177ns  (logic 0.080ns (45.159%)  route 0.097ns (54.841%))
  Logic Levels:           1  (LUT6=1)
  Clock Path Skew:        0.113ns (DCD - SCD - CPR)
    Destination Clock Delay (DCD):    2.176ns
    Source Clock Delay      (SCD):    1.887ns
    Clock Pessimism Removal (CPR):    0.176ns
  Clock Net Delay (Source):      1.719ns (routing 0.512ns, distribution 1.207ns)
  Clock Net Delay (Destination): 1.968ns (routing 0.569ns, distribution 1.399ns)

    Location             Delay type                Incr(ns)  Path(ns)    Netlist Resource(s)
  -------------------------------------------------------------------    -------------------
                         (clock clk_pl_0 rise edge)
                                                      0.000     0.000 r  
    PS8_X0Y0             PS8                          0.000     0.000 r  design_1_i/zynq_ultra_ps_e_0/inst/PS8_i/PLCLK[0]
                         net (fo=1, routed)           0.143     0.143    design_1_i/zynq_ultra_ps_e_0/inst/pl_clk_unbuffered[0]
    BUFG_PS_X0Y80        BUFG_PS (Prop_BUFG_PS_I_O)
                                                      0.025     0.168 r  design_1_i/zynq_ultra_ps_e_0/inst/buffer_pl_clk_0.PL_CLK_0_BUFG/O
    X1Y2 (CLOCK_ROOT)    net (fo=3956, routed)        1.719     1.887    design_1_i/axi_smc/inst/s00_entry_pipeline/s00_mmu/inst/aclk
    SLICE_X25Y242        FDRE                                         r  design_1_i/axi_smc/inst/s00_entry_pipeline/s00_mmu/inst/FSM_onehot_gen_endpoint.r_state_reg[3]/C
  -------------------------------------------------------------------    -------------------
    SLICE_X25Y242        FDRE (Prop_FFF_SLICEM_C_Q)
                                                      0.057     1.944 r  design_1_i/axi_smc/inst/s00_entry_pipeline/s00_mmu/inst/FSM_onehot_gen_endpoint.r_state_reg[3]/Q
                         net (fo=157, routed)         0.073     2.017    design_1_i/axi_smc/inst/s00_entry_pipeline/s00_mmu/inst/gen_endpoint.decerr_slave_inst/Q[2]
    SLICE_X24Y242        LUT6 (Prop_H6LUT_SLICEL_I2_O)
                                                      0.023     2.040 r  design_1_i/axi_smc/inst/s00_entry_pipeline/s00_mmu/inst/gen_endpoint.decerr_slave_inst/gen_axi.gen_read.read_cs[0]_i_1/O
                         net (fo=1, routed)           0.024     2.064    design_1_i/axi_smc/inst/s00_entry_pipeline/s00_mmu/inst/gen_endpoint.decerr_slave_inst/gen_axi.gen_read.read_cs[0]_i_1_n_0
    SLICE_X24Y242        FDRE                                         r  design_1_i/axi_smc/inst/s00_entry_pipeline/s00_mmu/inst/gen_endpoint.decerr_slave_inst/gen_axi.gen_read.read_cs_reg[0]/D
  -------------------------------------------------------------------    -------------------

                         (clock clk_pl_0 rise edge)
                                                      0.000     0.000 r  
    PS8_X0Y0             PS8                          0.000     0.000 r  design_1_i/zynq_ultra_ps_e_0/inst/PS8_i/PLCLK[0]
                         net (fo=1, routed)           0.180     0.180    design_1_i/zynq_ultra_ps_e_0/inst/pl_clk_unbuffered[0]
    BUFG_PS_X0Y80        BUFG_PS (Prop_BUFG_PS_I_O)
                                                      0.028     0.208 r  design_1_i/zynq_ultra_ps_e_0/inst/buffer_pl_clk_0.PL_CLK_0_BUFG/O
    X1Y2 (CLOCK_ROOT)    net (fo=3956, routed)        1.968     2.176    design_1_i/axi_smc/inst/s00_entry_pipeline/s00_mmu/inst/gen_endpoint.decerr_slave_inst/aclk
    SLICE_X24Y242        FDRE                                         r  design_1_i/axi_smc/inst/s00_entry_pipeline/s00_mmu/inst/gen_endpoint.decerr_slave_inst/gen_axi.gen_read.read_cs_reg[0]/C
                         clock pessimism             -0.176     2.000    
    SLICE_X24Y242        FDRE (Hold_HFF_SLICEL_C_D)
                                                      0.060     2.060    design_1_i/axi_smc/inst/s00_entry_pipeline/s00_mmu/inst/gen_endpoint.decerr_slave_inst/gen_axi.gen_read.read_cs_reg[0]
  -------------------------------------------------------------------
                         required time                         -2.060    
                         arrival time                           2.064    
  -------------------------------------------------------------------
                         slack                                  0.004    

Slack (MET) :             0.006ns  (arrival time - required time)
  Source:                 design_1_i/tpu_mnist_ip_0/inst/u_tpu_top/u_datapath/u_mxu/u_systolic_array/pe_1_1/u_multiplier/product_s2_reg[15]/C
                            (rising edge-triggered cell FDCE clocked by clk_pl_0  {rise@0.000ns fall@5.000ns period=10.000ns})
  Destination:            design_1_i/tpu_mnist_ip_0/inst/u_tpu_top/u_datapath/u_mxu/u_systolic_array/pe_1_1/u_multiplier/product_o_reg[15]/D
                            (rising edge-triggered cell FDCE clocked by clk_pl_0  {rise@0.000ns fall@5.000ns period=10.000ns})
  Path Group:             clk_pl_0
  Path Type:              Hold (Min at Slow Process Corner)
  Requirement:            0.000ns  (clk_pl_0 rise@0.000ns - clk_pl_0 rise@0.000ns)
  Data Path Delay:        0.168ns  (logic 0.059ns (35.119%)  route 0.109ns (64.881%))
  Logic Levels:           0  
  Clock Path Skew:        0.100ns (DCD - SCD - CPR)
    Destination Clock Delay (DCD):    2.005ns
    Source Clock Delay      (SCD):    1.741ns
    Clock Pessimism Removal (CPR):    0.164ns
  Clock Net Delay (Source):      1.573ns (routing 0.512ns, distribution 1.061ns)
  Clock Net Delay (Destination): 1.797ns (routing 0.569ns, distribution 1.228ns)

    Location             Delay type                Incr(ns)  Path(ns)    Netlist Resource(s)
  -------------------------------------------------------------------    -------------------
                         (clock clk_pl_0 rise edge)
                                                      0.000     0.000 r  
    PS8_X0Y0             PS8                          0.000     0.000 r  design_1_i/zynq_ultra_ps_e_0/inst/PS8_i/PLCLK[0]
                         net (fo=1, routed)           0.143     0.143    design_1_i/zynq_ultra_ps_e_0/inst/pl_clk_unbuffered[0]
    BUFG_PS_X0Y80        BUFG_PS (Prop_BUFG_PS_I_O)
                                                      0.025     0.168 r  design_1_i/zynq_ultra_ps_e_0/inst/buffer_pl_clk_0.PL_CLK_0_BUFG/O
    X1Y2 (CLOCK_ROOT)    net (fo=3956, routed)        1.573     1.741    design_1_i/tpu_mnist_ip_0/inst/u_tpu_top/u_datapath/u_mxu/u_systolic_array/pe_1_1/u_multiplier/s_axi_aclk
    SLICE_X60Y115        FDCE                                         r  design_1_i/tpu_mnist_ip_0/inst/u_tpu_top/u_datapath/u_mxu/u_systolic_array/pe_1_1/u_multiplier/product_s2_reg[15]/C
  -------------------------------------------------------------------    -------------------
    SLICE_X60Y115        FDCE (Prop_DFF_SLICEL_C_Q)
                                                      0.059     1.800 r  design_1_i/tpu_mnist_ip_0/inst/u_tpu_top/u_datapath/u_mxu/u_systolic_array/pe_1_1/u_multiplier/product_s2_reg[15]/Q
                         net (fo=1, routed)           0.109     1.909    design_1_i/tpu_mnist_ip_0/inst/u_tpu_top/u_datapath/u_mxu/u_systolic_array/pe_1_1/u_multiplier/product_s2_reg_n_0_[15]
    SLICE_X58Y114        FDCE                                         r  design_1_i/tpu_mnist_ip_0/inst/u_tpu_top/u_datapath/u_mxu/u_systolic_array/pe_1_1/u_multiplier/product_o_reg[15]/D
  -------------------------------------------------------------------    -------------------

                         (clock clk_pl_0 rise edge)
                                                      0.000     0.000 r  
    PS8_X0Y0             PS8                          0.000     0.000 r  design_1_i/zynq_ultra_ps_e_0/inst/PS8_i/PLCLK[0]
                         net (fo=1, routed)           0.180     0.180    design_1_i/zynq_ultra_ps_e_0/inst/pl_clk_unbuffered[0]
    BUFG_PS_X0Y80        BUFG_PS (Prop_BUFG_PS_I_O)
                                                      0.028     0.208 r  design_1_i/zynq_ultra_ps_e_0/inst/buffer_pl_clk_0.PL_CLK_0_BUFG/O
    X1Y2 (CLOCK_ROOT)    net (fo=3956, routed)        1.797     2.005    design_1_i/tpu_mnist_ip_0/inst/u_tpu_top/u_datapath/u_mxu/u_systolic_array/pe_1_1/u_multiplier/s_axi_aclk
    SLICE_X58Y114        FDCE                                         r  design_1_i/tpu_mnist_ip_0/inst/u_tpu_top/u_datapath/u_mxu/u_systolic_array/pe_1_1/u_multiplier/product_o_reg[15]/C
                         clock pessimism             -0.164     1.841    
    SLICE_X58Y114        FDCE (Hold_FFF2_SLICEL_C_D)
                                                      0.062     1.903    design_1_i/tpu_mnist_ip_0/inst/u_tpu_top/u_datapath/u_mxu/u_systolic_array/pe_1_1/u_multiplier/product_o_reg[15]
  -------------------------------------------------------------------
                         required time                         -1.903    
                         arrival time                           1.909    
  -------------------------------------------------------------------
                         slack                                  0.006    

Slack (MET) :             0.011ns  (arrival time - required time)
  Source:                 design_1_i/tpu_mnist_ip_0/inst/u_tpu_top/u_layer_controller/u_tile_controller/act_flat_raw_o_reg[5]/C
                            (rising edge-triggered cell FDCE clocked by clk_pl_0  {rise@0.000ns fall@5.000ns period=10.000ns})
  Destination:            design_1_i/tpu_mnist_ip_0/inst/u_tpu_top/u_datapath/u_mxu/u_systolic_array/pe_0_0/u_multiplier/a_s1_reg[5]/D
                            (rising edge-triggered cell FDCE clocked by clk_pl_0  {rise@0.000ns fall@5.000ns period=10.000ns})
  Path Group:             clk_pl_0
  Path Type:              Hold (Min at Slow Process Corner)
  Requirement:            0.000ns  (clk_pl_0 rise@0.000ns - clk_pl_0 rise@0.000ns)
  Data Path Delay:        0.154ns  (logic 0.061ns (39.530%)  route 0.093ns (60.470%))
  Logic Levels:           0  
  Clock Path Skew:        0.083ns (DCD - SCD - CPR)
    Destination Clock Delay (DCD):    1.975ns
    Source Clock Delay      (SCD):    1.734ns
    Clock Pessimism Removal (CPR):    0.158ns
  Clock Net Delay (Source):      1.566ns (routing 0.512ns, distribution 1.054ns)
  Clock Net Delay (Destination): 1.767ns (routing 0.569ns, distribution 1.198ns)

    Location             Delay type                Incr(ns)  Path(ns)    Netlist Resource(s)
  -------------------------------------------------------------------    -------------------
                         (clock clk_pl_0 rise edge)
                                                      0.000     0.000 r  
    PS8_X0Y0             PS8                          0.000     0.000 r  design_1_i/zynq_ultra_ps_e_0/inst/PS8_i/PLCLK[0]
                         net (fo=1, routed)           0.143     0.143    design_1_i/zynq_ultra_ps_e_0/inst/pl_clk_unbuffered[0]
    BUFG_PS_X0Y80        BUFG_PS (Prop_BUFG_PS_I_O)
                                                      0.025     0.168 r  design_1_i/zynq_ultra_ps_e_0/inst/buffer_pl_clk_0.PL_CLK_0_BUFG/O
    X1Y2 (CLOCK_ROOT)    net (fo=3956, routed)        1.566     1.734    design_1_i/tpu_mnist_ip_0/inst/u_tpu_top/u_layer_controller/u_tile_controller/s_axi_aclk
    SLICE_X59Y123        FDCE                                         r  design_1_i/tpu_mnist_ip_0/inst/u_tpu_top/u_layer_controller/u_tile_controller/act_flat_raw_o_reg[5]/C
  -------------------------------------------------------------------    -------------------
    SLICE_X59Y123        FDCE (Prop_DFF2_SLICEL_C_Q)
                                                      0.061     1.795 r  design_1_i/tpu_mnist_ip_0/inst/u_tpu_top/u_layer_controller/u_tile_controller/act_flat_raw_o_reg[5]/Q
                         net (fo=2, routed)           0.093     1.888    design_1_i/tpu_mnist_ip_0/inst/u_tpu_top/u_datapath/u_mxu/u_systolic_array/pe_0_0/u_multiplier/a_s1_reg[7]_0[5]
    SLICE_X61Y124        FDCE                                         r  design_1_i/tpu_mnist_ip_0/inst/u_tpu_top/u_datapath/u_mxu/u_systolic_array/pe_0_0/u_multiplier/a_s1_reg[5]/D
  -------------------------------------------------------------------    -------------------

                         (clock clk_pl_0 rise edge)
                                                      0.000     0.000 r  
    PS8_X0Y0             PS8                          0.000     0.000 r  design_1_i/zynq_ultra_ps_e_0/inst/PS8_i/PLCLK[0]
                         net (fo=1, routed)           0.180     0.180    design_1_i/zynq_ultra_ps_e_0/inst/pl_clk_unbuffered[0]
    BUFG_PS_X0Y80        BUFG_PS (Prop_BUFG_PS_I_O)
                                                      0.028     0.208 r  design_1_i/zynq_ultra_ps_e_0/inst/buffer_pl_clk_0.PL_CLK_0_BUFG/O
    X1Y2 (CLOCK_ROOT)    net (fo=3956, routed)        1.767     1.975    design_1_i/tpu_mnist_ip_0/inst/u_tpu_top/u_datapath/u_mxu/u_systolic_array/pe_0_0/u_multiplier/s_axi_aclk
    SLICE_X61Y124        FDCE                                         r  design_1_i/tpu_mnist_ip_0/inst/u_tpu_top/u_datapath/u_mxu/u_systolic_array/pe_0_0/u_multiplier/a_s1_reg[5]/C
                         clock pessimism             -0.158     1.817    
    SLICE_X61Y124        FDCE (Hold_BFF_SLICEM_C_D)
                                                      0.060     1.877    design_1_i/tpu_mnist_ip_0/inst/u_tpu_top/u_datapath/u_mxu/u_systolic_array/pe_0_0/u_multiplier/a_s1_reg[5]
  -------------------------------------------------------------------
                         required time                         -1.877    
                         arrival time                           1.888    
  -------------------------------------------------------------------
                         slack                                  0.011    

Slack (MET) :             0.013ns  (arrival time - required time)
  Source:                 design_1_i/tpu_mnist_ip_0/inst/u_tpu_top/u_datapath/u_mxu/u_systolic_array/pe_0_1/u_multiplier/valid_s1_reg/C
                            (rising edge-triggered cell FDCE clocked by clk_pl_0  {rise@0.000ns fall@5.000ns period=10.000ns})
  Destination:            design_1_i/tpu_mnist_ip_0/inst/u_tpu_top/u_datapath/u_mxu/u_systolic_array/pe_1_0/psum_d2_reg[3]/D
                            (rising edge-triggered cell FDCE clocked by clk_pl_0  {rise@0.000ns fall@5.000ns period=10.000ns})
  Path Group:             clk_pl_0
  Path Type:              Hold (Min at Slow Process Corner)
  Requirement:            0.000ns  (clk_pl_0 rise@0.000ns - clk_pl_0 rise@0.000ns)
  Data Path Delay:        0.231ns  (logic 0.114ns (49.345%)  route 0.117ns (50.655%))
  Logic Levels:           1  (LUT2=1)
  Clock Path Skew:        0.156ns (DCD - SCD - CPR)
    Destination Clock Delay (DCD):    1.993ns
    Source Clock Delay      (SCD):    1.736ns
    Clock Pessimism Removal (CPR):    0.101ns
  Clock Net Delay (Source):      1.568ns (routing 0.512ns, distribution 1.056ns)
  Clock Net Delay (Destination): 1.785ns (routing 0.569ns, distribution 1.216ns)

    Location             Delay type                Incr(ns)  Path(ns)    Netlist Resource(s)
  -------------------------------------------------------------------    -------------------
                         (clock clk_pl_0 rise edge)
                                                      0.000     0.000 r  
    PS8_X0Y0             PS8                          0.000     0.000 r  design_1_i/zynq_ultra_ps_e_0/inst/PS8_i/PLCLK[0]
                         net (fo=1, routed)           0.143     0.143    design_1_i/zynq_ultra_ps_e_0/inst/pl_clk_unbuffered[0]
    BUFG_PS_X0Y80        BUFG_PS (Prop_BUFG_PS_I_O)
                                                      0.025     0.168 r  design_1_i/zynq_ultra_ps_e_0/inst/buffer_pl_clk_0.PL_CLK_0_BUFG/O
    X1Y2 (CLOCK_ROOT)    net (fo=3956, routed)        1.568     1.736    design_1_i/tpu_mnist_ip_0/inst/u_tpu_top/u_datapath/u_mxu/u_systolic_array/pe_0_1/u_multiplier/s_axi_aclk
    SLICE_X60Y122        FDCE                                         r  design_1_i/tpu_mnist_ip_0/inst/u_tpu_top/u_datapath/u_mxu/u_systolic_array/pe_0_1/u_multiplier/valid_s1_reg/C
  -------------------------------------------------------------------    -------------------
    SLICE_X60Y122        FDCE (Prop_EFF2_SLICEL_C_Q)
                                                      0.060     1.796 r  design_1_i/tpu_mnist_ip_0/inst/u_tpu_top/u_datapath/u_mxu/u_systolic_array/pe_0_1/u_multiplier/valid_s1_reg/Q
                         net (fo=25, routed)          0.107     1.903    design_1_i/tpu_mnist_ip_0/inst/u_tpu_top/u_datapath/u_mxu/u_systolic_array/pe_0_1/u_multiplier/valid_s1_reg_n_0
    SLICE_X60Y119        LUT2 (Prop_B5LUT_SLICEL_I0_O)
                                                      0.054     1.957 r  design_1_i/tpu_mnist_ip_0/inst/u_tpu_top/u_datapath/u_mxu/u_systolic_array/pe_0_1/u_multiplier/psum_d2[3]_i_1__0/O
                         net (fo=1, routed)           0.010     1.967    design_1_i/tpu_mnist_ip_0/inst/u_tpu_top/u_datapath/u_mxu/u_systolic_array/pe_1_0/psum_d2_reg[16]_1[3]
    SLICE_X60Y119        FDCE                                         r  design_1_i/tpu_mnist_ip_0/inst/u_tpu_top/u_datapath/u_mxu/u_systolic_array/pe_1_0/psum_d2_reg[3]/D
  -------------------------------------------------------------------    -------------------

                         (clock clk_pl_0 rise edge)
                                                      0.000     0.000 r  
    PS8_X0Y0             PS8                          0.000     0.000 r  design_1_i/zynq_ultra_ps_e_0/inst/PS8_i/PLCLK[0]
                         net (fo=1, routed)           0.180     0.180    design_1_i/zynq_ultra_ps_e_0/inst/pl_clk_unbuffered[0]
    BUFG_PS_X0Y80        BUFG_PS (Prop_BUFG_PS_I_O)
                                                      0.028     0.208 r  design_1_i/zynq_ultra_ps_e_0/inst/buffer_pl_clk_0.PL_CLK_0_BUFG/O
    X1Y2 (CLOCK_ROOT)    net (fo=3956, routed)        1.785     1.993    design_1_i/tpu_mnist_ip_0/inst/u_tpu_top/u_datapath/u_mxu/u_systolic_array/pe_1_0/s_axi_aclk
    SLICE_X60Y119        FDCE                                         r  design_1_i/tpu_mnist_ip_0/inst/u_tpu_top/u_datapath/u_mxu/u_systolic_array/pe_1_0/psum_d2_reg[3]/C
                         clock pessimism             -0.101     1.892    
    SLICE_X60Y119        FDCE (Hold_BFF2_SLICEL_C_D)
                                                      0.062     1.954    design_1_i/tpu_mnist_ip_0/inst/u_tpu_top/u_datapath/u_mxu/u_systolic_array/pe_1_0/psum_d2_reg[3]
  -------------------------------------------------------------------
                         required time                         -1.954    
                         arrival time                           1.967    
  -------------------------------------------------------------------
                         slack                                  0.013    

Slack (MET) :             0.013ns  (arrival time - required time)
  Source:                 design_1_i/tpu_mnist_ip_0/inst/u_tpu_top/u_datapath/u_mxu/u_systolic_array/pe_0_0/u_multiplier/product_s2_reg[6]/C
                            (rising edge-triggered cell FDCE clocked by clk_pl_0  {rise@0.000ns fall@5.000ns period=10.000ns})
  Destination:            design_1_i/tpu_mnist_ip_0/inst/u_tpu_top/u_datapath/u_mxu/u_systolic_array/pe_0_0/u_multiplier/product_o_reg[6]/D
                            (rising edge-triggered cell FDCE clocked by clk_pl_0  {rise@0.000ns fall@5.000ns period=10.000ns})
  Path Group:             clk_pl_0
  Path Type:              Hold (Min at Slow Process Corner)
  Requirement:            0.000ns  (clk_pl_0 rise@0.000ns - clk_pl_0 rise@0.000ns)
  Data Path Delay:        0.166ns  (logic 0.058ns (34.940%)  route 0.108ns (65.060%))
  Logic Levels:           0  
  Clock Path Skew:        0.091ns (DCD - SCD - CPR)
    Destination Clock Delay (DCD):    1.973ns
    Source Clock Delay      (SCD):    1.724ns
    Clock Pessimism Removal (CPR):    0.158ns
  Clock Net Delay (Source):      1.556ns (routing 0.512ns, distribution 1.044ns)
  Clock Net Delay (Destination): 1.765ns (routing 0.569ns, distribution 1.196ns)

    Location             Delay type                Incr(ns)  Path(ns)    Netlist Resource(s)
  -------------------------------------------------------------------    -------------------
                         (clock clk_pl_0 rise edge)
                                                      0.000     0.000 r  
    PS8_X0Y0             PS8                          0.000     0.000 r  design_1_i/zynq_ultra_ps_e_0/inst/PS8_i/PLCLK[0]
                         net (fo=1, routed)           0.143     0.143    design_1_i/zynq_ultra_ps_e_0/inst/pl_clk_unbuffered[0]
    BUFG_PS_X0Y80        BUFG_PS (Prop_BUFG_PS_I_O)
                                                      0.025     0.168 r  design_1_i/zynq_ultra_ps_e_0/inst/buffer_pl_clk_0.PL_CLK_0_BUFG/O
    X1Y2 (CLOCK_ROOT)    net (fo=3956, routed)        1.556     1.724    design_1_i/tpu_mnist_ip_0/inst/u_tpu_top/u_datapath/u_mxu/u_systolic_array/pe_0_0/u_multiplier/s_axi_aclk
    SLICE_X60Y125        FDCE                                         r  design_1_i/tpu_mnist_ip_0/inst/u_tpu_top/u_datapath/u_mxu/u_systolic_array/pe_0_0/u_multiplier/product_s2_reg[6]/C
  -------------------------------------------------------------------    -------------------
    SLICE_X60Y125        FDCE (Prop_CFF_SLICEL_C_Q)
                                                      0.058     1.782 r  design_1_i/tpu_mnist_ip_0/inst/u_tpu_top/u_datapath/u_mxu/u_systolic_array/pe_0_0/u_multiplier/product_s2_reg[6]/Q
                         net (fo=1, routed)           0.108     1.890    design_1_i/tpu_mnist_ip_0/inst/u_tpu_top/u_datapath/u_mxu/u_systolic_array/pe_0_0/u_multiplier/product_s2[6]
    SLICE_X61Y124        FDCE                                         r  design_1_i/tpu_mnist_ip_0/inst/u_tpu_top/u_datapath/u_mxu/u_systolic_array/pe_0_0/u_multiplier/product_o_reg[6]/D
  -------------------------------------------------------------------    -------------------

                         (clock clk_pl_0 rise edge)
                                                      0.000     0.000 r  
    PS8_X0Y0             PS8                          0.000     0.000 r  design_1_i/zynq_ultra_ps_e_0/inst/PS8_i/PLCLK[0]
                         net (fo=1, routed)           0.180     0.180    design_1_i/zynq_ultra_ps_e_0/inst/pl_clk_unbuffered[0]
    BUFG_PS_X0Y80        BUFG_PS (Prop_BUFG_PS_I_O)
                                                      0.028     0.208 r  design_1_i/zynq_ultra_ps_e_0/inst/buffer_pl_clk_0.PL_CLK_0_BUFG/O
    X1Y2 (CLOCK_ROOT)    net (fo=3956, routed)        1.765     1.973    design_1_i/tpu_mnist_ip_0/inst/u_tpu_top/u_datapath/u_mxu/u_systolic_array/pe_0_0/u_multiplier/s_axi_aclk
    SLICE_X61Y124        FDCE                                         r  design_1_i/tpu_mnist_ip_0/inst/u_tpu_top/u_datapath/u_mxu/u_systolic_array/pe_0_0/u_multiplier/product_o_reg[6]/C
                         clock pessimism             -0.158     1.815    
    SLICE_X61Y124        FDCE (Hold_GFF2_SLICEM_C_D)
                                                      0.062     1.877    design_1_i/tpu_mnist_ip_0/inst/u_tpu_top/u_datapath/u_mxu/u_systolic_array/pe_0_0/u_multiplier/product_o_reg[6]
  -------------------------------------------------------------------
                         required time                         -1.877    
                         arrival time                           1.890    
  -------------------------------------------------------------------
                         slack                                  0.013    

Slack (MET) :             0.019ns  (arrival time - required time)
  Source:                 design_1_i/tpu_mnist_ip_0/inst/u_tpu_top/u_layer_controller/u_tile_controller/GEN_PARAM_ROMS[1].u_requant_mult_rom/data_o_reg[0]/C
                            (rising edge-triggered cell FDCE clocked by clk_pl_0  {rise@0.000ns fall@5.000ns period=10.000ns})
  Destination:            design_1_i/tpu_mnist_ip_0/inst/u_tpu_top/u_layer_controller/u_tile_controller/requant_multiplier_flatten_q_reg[32]/D
                            (rising edge-triggered cell FDCE clocked by clk_pl_0  {rise@0.000ns fall@5.000ns period=10.000ns})
  Path Group:             clk_pl_0
  Path Type:              Hold (Min at Fast Process Corner)
  Requirement:            0.000ns  (clk_pl_0 rise@0.000ns - clk_pl_0 rise@0.000ns)
  Data Path Delay:        0.072ns  (logic 0.039ns (54.167%)  route 0.033ns (45.833%))
  Logic Levels:           0  
  Clock Path Skew:        0.006ns (DCD - SCD - CPR)
    Destination Clock Delay (DCD):    1.298ns
    Source Clock Delay      (SCD):    1.128ns
    Clock Pessimism Removal (CPR):    0.165ns
  Clock Net Delay (Source):      0.989ns (routing 0.311ns, distribution 0.678ns)
  Clock Net Delay (Destination): 1.126ns (routing 0.352ns, distribution 0.774ns)

    Location             Delay type                Incr(ns)  Path(ns)    Netlist Resource(s)
  -------------------------------------------------------------------    -------------------
                         (clock clk_pl_0 rise edge)
                                                      0.000     0.000 r  
    PS8_X0Y0             PS8                          0.000     0.000 r  design_1_i/zynq_ultra_ps_e_0/inst/PS8_i/PLCLK[0]
                         net (fo=1, routed)           0.122     0.122    design_1_i/zynq_ultra_ps_e_0/inst/pl_clk_unbuffered[0]
    BUFG_PS_X0Y80        BUFG_PS (Prop_BUFG_PS_I_O)
                                                      0.017     0.139 r  design_1_i/zynq_ultra_ps_e_0/inst/buffer_pl_clk_0.PL_CLK_0_BUFG/O
    X1Y2 (CLOCK_ROOT)    net (fo=3956, routed)        0.989     1.128    design_1_i/tpu_mnist_ip_0/inst/u_tpu_top/u_layer_controller/u_tile_controller/GEN_PARAM_ROMS[1].u_requant_mult_rom/s_axi_aclk
    SLICE_X55Y52         FDCE                                         r  design_1_i/tpu_mnist_ip_0/inst/u_tpu_top/u_layer_controller/u_tile_controller/GEN_PARAM_ROMS[1].u_requant_mult_rom/data_o_reg[0]/C
  -------------------------------------------------------------------    -------------------
    SLICE_X55Y52         FDCE (Prop_HFF_SLICEL_C_Q)
                                                      0.039     1.167 r  design_1_i/tpu_mnist_ip_0/inst/u_tpu_top/u_layer_controller/u_tile_controller/GEN_PARAM_ROMS[1].u_requant_mult_rom/data_o_reg[0]/Q
                         net (fo=1, routed)           0.033     1.200    design_1_i/tpu_mnist_ip_0/inst/u_tpu_top/u_layer_controller/u_tile_controller/GEN_PARAM_ROMS[1].u_requant_mult_rom_n_26
    SLICE_X55Y52         FDCE                                         r  design_1_i/tpu_mnist_ip_0/inst/u_tpu_top/u_layer_controller/u_tile_controller/requant_multiplier_flatten_q_reg[32]/D
  -------------------------------------------------------------------    -------------------

                         (clock clk_pl_0 rise edge)
                                                      0.000     0.000 r  
    PS8_X0Y0             PS8                          0.000     0.000 r  design_1_i/zynq_ultra_ps_e_0/inst/PS8_i/PLCLK[0]
                         net (fo=1, routed)           0.154     0.154    design_1_i/zynq_ultra_ps_e_0/inst/pl_clk_unbuffered[0]
    BUFG_PS_X0Y80        BUFG_PS (Prop_BUFG_PS_I_O)
                                                      0.018     0.172 r  design_1_i/zynq_ultra_ps_e_0/inst/buffer_pl_clk_0.PL_CLK_0_BUFG/O
    X1Y2 (CLOCK_ROOT)    net (fo=3956, routed)        1.126     1.298    design_1_i/tpu_mnist_ip_0/inst/u_tpu_top/u_layer_controller/u_tile_controller/s_axi_aclk
    SLICE_X55Y52         FDCE                                         r  design_1_i/tpu_mnist_ip_0/inst/u_tpu_top/u_layer_controller/u_tile_controller/requant_multiplier_flatten_q_reg[32]/C
                         clock pessimism             -0.165     1.134    
    SLICE_X55Y52         FDCE (Hold_HFF2_SLICEL_C_D)
                                                      0.047     1.181    design_1_i/tpu_mnist_ip_0/inst/u_tpu_top/u_layer_controller/u_tile_controller/requant_multiplier_flatten_q_reg[32]
  -------------------------------------------------------------------
                         required time                         -1.181    
                         arrival time                           1.200    
  -------------------------------------------------------------------
                         slack                                  0.019    

Slack (MET) :             0.019ns  (arrival time - required time)
  Source:                 design_1_i/tpu_mnist_ip_0/inst/u_tpu_top/u_layer_controller/u_tile_controller/GEN_PARAM_ROMS[0].u_requant_shift_rom/data_o_reg[4]/C
                            (rising edge-triggered cell FDCE clocked by clk_pl_0  {rise@0.000ns fall@5.000ns period=10.000ns})
  Destination:            design_1_i/tpu_mnist_ip_0/inst/u_tpu_top/u_layer_controller/u_tile_controller/requant_shift_flatten_q_reg[4]/D
                            (rising edge-triggered cell FDCE clocked by clk_pl_0  {rise@0.000ns fall@5.000ns period=10.000ns})
  Path Group:             clk_pl_0
  Path Type:              Hold (Min at Fast Process Corner)
  Requirement:            0.000ns  (clk_pl_0 rise@0.000ns - clk_pl_0 rise@0.000ns)
  Data Path Delay:        0.072ns  (logic 0.039ns (54.167%)  route 0.033ns (45.833%))
  Logic Levels:           0  
  Clock Path Skew:        0.006ns (DCD - SCD - CPR)
    Destination Clock Delay (DCD):    1.277ns
    Source Clock Delay      (SCD):    1.111ns
    Clock Pessimism Removal (CPR):    0.161ns
  Clock Net Delay (Source):      0.972ns (routing 0.311ns, distribution 0.661ns)
  Clock Net Delay (Destination): 1.105ns (routing 0.352ns, distribution 0.753ns)

    Location             Delay type                Incr(ns)  Path(ns)    Netlist Resource(s)
  -------------------------------------------------------------------    -------------------
                         (clock clk_pl_0 rise edge)
                                                      0.000     0.000 r  
    PS8_X0Y0             PS8                          0.000     0.000 r  design_1_i/zynq_ultra_ps_e_0/inst/PS8_i/PLCLK[0]
                         net (fo=1, routed)           0.122     0.122    design_1_i/zynq_ultra_ps_e_0/inst/pl_clk_unbuffered[0]
    BUFG_PS_X0Y80        BUFG_PS (Prop_BUFG_PS_I_O)
                                                      0.017     0.139 r  design_1_i/zynq_ultra_ps_e_0/inst/buffer_pl_clk_0.PL_CLK_0_BUFG/O
    X1Y2 (CLOCK_ROOT)    net (fo=3956, routed)        0.972     1.111    design_1_i/tpu_mnist_ip_0/inst/u_tpu_top/u_layer_controller/u_tile_controller/GEN_PARAM_ROMS[0].u_requant_shift_rom/s_axi_aclk
    SLICE_X52Y61         FDCE                                         r  design_1_i/tpu_mnist_ip_0/inst/u_tpu_top/u_layer_controller/u_tile_controller/GEN_PARAM_ROMS[0].u_requant_shift_rom/data_o_reg[4]/C
  -------------------------------------------------------------------    -------------------
    SLICE_X52Y61         FDCE (Prop_HFF_SLICEL_C_Q)
                                                      0.039     1.150 r  design_1_i/tpu_mnist_ip_0/inst/u_tpu_top/u_layer_controller/u_tile_controller/GEN_PARAM_ROMS[0].u_requant_shift_rom/data_o_reg[4]/Q
                         net (fo=1, routed)           0.033     1.183    design_1_i/tpu_mnist_ip_0/inst/u_tpu_top/u_layer_controller/u_tile_controller/GEN_PARAM_ROMS[0].u_requant_shift_rom_n_0
    SLICE_X52Y61         FDCE                                         r  design_1_i/tpu_mnist_ip_0/inst/u_tpu_top/u_layer_controller/u_tile_controller/requant_shift_flatten_q_reg[4]/D
  -------------------------------------------------------------------    -------------------

                         (clock clk_pl_0 rise edge)
                                                      0.000     0.000 r  
    PS8_X0Y0             PS8                          0.000     0.000 r  design_1_i/zynq_ultra_ps_e_0/inst/PS8_i/PLCLK[0]
                         net (fo=1, routed)           0.154     0.154    design_1_i/zynq_ultra_ps_e_0/inst/pl_clk_unbuffered[0]
    BUFG_PS_X0Y80        BUFG_PS (Prop_BUFG_PS_I_O)
                                                      0.018     0.172 r  design_1_i/zynq_ultra_ps_e_0/inst/buffer_pl_clk_0.PL_CLK_0_BUFG/O
    X1Y2 (CLOCK_ROOT)    net (fo=3956, routed)        1.105     1.277    design_1_i/tpu_mnist_ip_0/inst/u_tpu_top/u_layer_controller/u_tile_controller/s_axi_aclk
    SLICE_X52Y61         FDCE                                         r  design_1_i/tpu_mnist_ip_0/inst/u_tpu_top/u_layer_controller/u_tile_controller/requant_shift_flatten_q_reg[4]/C
                         clock pessimism             -0.161     1.117    
    SLICE_X52Y61         FDCE (Hold_HFF2_SLICEL_C_D)
                                                      0.047     1.164    design_1_i/tpu_mnist_ip_0/inst/u_tpu_top/u_layer_controller/u_tile_controller/requant_shift_flatten_q_reg[4]
  -------------------------------------------------------------------
                         required time                         -1.164    
                         arrival time                           1.183    
  -------------------------------------------------------------------
                         slack                                  0.019    

Slack (MET) :             0.019ns  (arrival time - required time)
  Source:                 design_1_i/tpu_mnist_ip_0/inst/u_tpu_top/u_layer_controller/u_tile_controller/bias_flatten_q_reg[41]/C
                            (rising edge-triggered cell FDCE clocked by clk_pl_0  {rise@0.000ns fall@5.000ns period=10.000ns})
  Destination:            design_1_i/tpu_mnist_ip_0/inst/u_tpu_top/u_layer_controller/u_tile_controller/vpu_bias_flatten_o_reg[41]/D
                            (rising edge-triggered cell FDCE clocked by clk_pl_0  {rise@0.000ns fall@5.000ns period=10.000ns})
  Path Group:             clk_pl_0
  Path Type:              Hold (Min at Fast Process Corner)
  Requirement:            0.000ns  (clk_pl_0 rise@0.000ns - clk_pl_0 rise@0.000ns)
  Data Path Delay:        0.072ns  (logic 0.039ns (54.167%)  route 0.033ns (45.833%))
  Logic Levels:           0  
  Clock Path Skew:        0.006ns (DCD - SCD - CPR)
    Destination Clock Delay (DCD):    1.304ns
    Source Clock Delay      (SCD):    1.134ns
    Clock Pessimism Removal (CPR):    0.165ns
  Clock Net Delay (Source):      0.995ns (routing 0.311ns, distribution 0.684ns)
  Clock Net Delay (Destination): 1.132ns (routing 0.352ns, distribution 0.780ns)

    Location             Delay type                Incr(ns)  Path(ns)    Netlist Resource(s)
  -------------------------------------------------------------------    -------------------
                         (clock clk_pl_0 rise edge)
                                                      0.000     0.000 r  
    PS8_X0Y0             PS8                          0.000     0.000 r  design_1_i/zynq_ultra_ps_e_0/inst/PS8_i/PLCLK[0]
                         net (fo=1, routed)           0.122     0.122    design_1_i/zynq_ultra_ps_e_0/inst/pl_clk_unbuffered[0]
    BUFG_PS_X0Y80        BUFG_PS (Prop_BUFG_PS_I_O)
                                                      0.017     0.139 r  design_1_i/zynq_ultra_ps_e_0/inst/buffer_pl_clk_0.PL_CLK_0_BUFG/O
    X1Y2 (CLOCK_ROOT)    net (fo=3956, routed)        0.995     1.134    design_1_i/tpu_mnist_ip_0/inst/u_tpu_top/u_layer_controller/u_tile_controller/s_axi_aclk
    SLICE_X58Y56         FDCE                                         r  design_1_i/tpu_mnist_ip_0/inst/u_tpu_top/u_layer_controller/u_tile_controller/bias_flatten_q_reg[41]/C
  -------------------------------------------------------------------    -------------------
    SLICE_X58Y56         FDCE (Prop_HFF_SLICEL_C_Q)
                                                      0.039     1.173 r  design_1_i/tpu_mnist_ip_0/inst/u_tpu_top/u_layer_controller/u_tile_controller/bias_flatten_q_reg[41]/Q
                         net (fo=1, routed)           0.033     1.206    design_1_i/tpu_mnist_ip_0/inst/u_tpu_top/u_layer_controller/u_tile_controller/bias_flatten_q[41]
    SLICE_X58Y56         FDCE                                         r  design_1_i/tpu_mnist_ip_0/inst/u_tpu_top/u_layer_controller/u_tile_controller/vpu_bias_flatten_o_reg[41]/D
  -------------------------------------------------------------------    -------------------

                         (clock clk_pl_0 rise edge)
                                                      0.000     0.000 r  
    PS8_X0Y0             PS8                          0.000     0.000 r  design_1_i/zynq_ultra_ps_e_0/inst/PS8_i/PLCLK[0]
                         net (fo=1, routed)           0.154     0.154    design_1_i/zynq_ultra_ps_e_0/inst/pl_clk_unbuffered[0]
    BUFG_PS_X0Y80        BUFG_PS (Prop_BUFG_PS_I_O)
                                                      0.018     0.172 r  design_1_i/zynq_ultra_ps_e_0/inst/buffer_pl_clk_0.PL_CLK_0_BUFG/O
    X1Y2 (CLOCK_ROOT)    net (fo=3956, routed)        1.132     1.304    design_1_i/tpu_mnist_ip_0/inst/u_tpu_top/u_layer_controller/u_tile_controller/s_axi_aclk
    SLICE_X58Y56         FDCE                                         r  design_1_i/tpu_mnist_ip_0/inst/u_tpu_top/u_layer_controller/u_tile_controller/vpu_bias_flatten_o_reg[41]/C
                         clock pessimism             -0.165     1.140    
    SLICE_X58Y56         FDCE (Hold_HFF2_SLICEL_C_D)
                                                      0.047     1.187    design_1_i/tpu_mnist_ip_0/inst/u_tpu_top/u_layer_controller/u_tile_controller/vpu_bias_flatten_o_reg[41]
  -------------------------------------------------------------------
                         required time                         -1.187    
                         arrival time                           1.206    
  -------------------------------------------------------------------
                         slack                                  0.019    

Slack (MET) :             0.019ns  (arrival time - required time)
  Source:                 design_1_i/tpu_mnist_ip_0/inst/u_tpu_top/u_datapath/u_vector_processing_unit/u_post_process/u_pooling/data_flatten_o_reg[10]/C
                            (rising edge-triggered cell FDCE clocked by clk_pl_0  {rise@0.000ns fall@5.000ns period=10.000ns})
  Destination:            design_1_i/tpu_mnist_ip_0/inst/u_tpu_top/u_layer_controller/u_tile_controller/vpu_data_q_reg[10]/D
                            (rising edge-triggered cell FDCE clocked by clk_pl_0  {rise@0.000ns fall@5.000ns period=10.000ns})
  Path Group:             clk_pl_0
  Path Type:              Hold (Min at Fast Process Corner)
  Requirement:            0.000ns  (clk_pl_0 rise@0.000ns - clk_pl_0 rise@0.000ns)
  Data Path Delay:        0.072ns  (logic 0.039ns (54.167%)  route 0.033ns (45.833%))
  Logic Levels:           0  
  Clock Path Skew:        0.006ns (DCD - SCD - CPR)
    Destination Clock Delay (DCD):    1.261ns
    Source Clock Delay      (SCD):    1.097ns
    Clock Pessimism Removal (CPR):    0.159ns
  Clock Net Delay (Source):      0.958ns (routing 0.311ns, distribution 0.647ns)
  Clock Net Delay (Destination): 1.089ns (routing 0.352ns, distribution 0.737ns)

    Location             Delay type                Incr(ns)  Path(ns)    Netlist Resource(s)
  -------------------------------------------------------------------    -------------------
                         (clock clk_pl_0 rise edge)
                                                      0.000     0.000 r  
    PS8_X0Y0             PS8                          0.000     0.000 r  design_1_i/zynq_ultra_ps_e_0/inst/PS8_i/PLCLK[0]
                         net (fo=1, routed)           0.122     0.122    design_1_i/zynq_ultra_ps_e_0/inst/pl_clk_unbuffered[0]
    BUFG_PS_X0Y80        BUFG_PS (Prop_BUFG_PS_I_O)
                                                      0.017     0.139 r  design_1_i/zynq_ultra_ps_e_0/inst/buffer_pl_clk_0.PL_CLK_0_BUFG/O
    X1Y2 (CLOCK_ROOT)    net (fo=3956, routed)        0.958     1.097    design_1_i/tpu_mnist_ip_0/inst/u_tpu_top/u_datapath/u_vector_processing_unit/u_post_process/u_pooling/s_axi_aclk
    SLICE_X52Y90         FDCE                                         r  design_1_i/tpu_mnist_ip_0/inst/u_tpu_top/u_datapath/u_vector_processing_unit/u_post_process/u_pooling/data_flatten_o_reg[10]/C
  -------------------------------------------------------------------    -------------------
    SLICE_X52Y90         FDCE (Prop_HFF_SLICEL_C_Q)
                                                      0.039     1.136 r  design_1_i/tpu_mnist_ip_0/inst/u_tpu_top/u_datapath/u_vector_processing_unit/u_post_process/u_pooling/data_flatten_o_reg[10]/Q
                         net (fo=1, routed)           0.033     1.169    design_1_i/tpu_mnist_ip_0/inst/u_tpu_top/u_layer_controller/u_tile_controller/vpu_data_q_reg[15]_0[10]
    SLICE_X52Y90         FDCE                                         r  design_1_i/tpu_mnist_ip_0/inst/u_tpu_top/u_layer_controller/u_tile_controller/vpu_data_q_reg[10]/D
  -------------------------------------------------------------------    -------------------

                         (clock clk_pl_0 rise edge)
                                                      0.000     0.000 r  
    PS8_X0Y0             PS8                          0.000     0.000 r  design_1_i/zynq_ultra_ps_e_0/inst/PS8_i/PLCLK[0]
                         net (fo=1, routed)           0.154     0.154    design_1_i/zynq_ultra_ps_e_0/inst/pl_clk_unbuffered[0]
    BUFG_PS_X0Y80        BUFG_PS (Prop_BUFG_PS_I_O)
                                                      0.018     0.172 r  design_1_i/zynq_ultra_ps_e_0/inst/buffer_pl_clk_0.PL_CLK_0_BUFG/O
    X1Y2 (CLOCK_ROOT)    net (fo=3956, routed)        1.089     1.261    design_1_i/tpu_mnist_ip_0/inst/u_tpu_top/u_layer_controller/u_tile_controller/s_axi_aclk
    SLICE_X52Y90         FDCE                                         r  design_1_i/tpu_mnist_ip_0/inst/u_tpu_top/u_layer_controller/u_tile_controller/vpu_data_q_reg[10]/C
                         clock pessimism             -0.159     1.103    
    SLICE_X52Y90         FDCE (Hold_HFF2_SLICEL_C_D)
                                                      0.047     1.150    design_1_i/tpu_mnist_ip_0/inst/u_tpu_top/u_layer_controller/u_tile_controller/vpu_data_q_reg[10]
  -------------------------------------------------------------------
                         required time                         -1.150    
                         arrival time                           1.169    
  -------------------------------------------------------------------
                         slack                                  0.019    





Pulse Width Checks
--------------------------------------------------------------------------------------
Clock Name:         clk_pl_0
Waveform(ns):       { 0.000 5.000 }
Period(ns):         10.000
Sources:            { design_1_i/zynq_ultra_ps_e_0/inst/PS8_i/PLCLK[0] }

Check Type        Corner  Lib Pin             Reference Pin  Required(ns)  Actual(ns)  Slack(ns)  Location      Pin
Min Period        n/a     PS8/MAXIGP0ACLK     n/a            3.000         10.000      7.000      PS8_X0Y0      design_1_i/zynq_ultra_ps_e_0/inst/PS8_i/MAXIGP0ACLK
Min Period        n/a     RAMB36E2/CLKARDCLK  n/a            1.569         10.000      8.431      RAMB36_X1Y26  design_1_i/tpu_mnist_ip_0/inst/u_tpu_top/u_unified_buffer/bank0_mem_reg_bram_0/CLKARDCLK
Min Period        n/a     RAMB36E2/CLKARDCLK  n/a            1.569         10.000      8.431      RAMB36_X1Y27  design_1_i/tpu_mnist_ip_0/inst/u_tpu_top/u_unified_buffer/bank0_mem_reg_bram_1/CLKARDCLK
Min Period        n/a     RAMB36E2/CLKARDCLK  n/a            1.569         10.000      8.431      RAMB36_X1Y24  design_1_i/tpu_mnist_ip_0/inst/u_tpu_top/u_unified_buffer/bank1_mem_reg_bram_0/CLKARDCLK
Min Period        n/a     RAMB36E2/CLKARDCLK  n/a            1.569         10.000      8.431      RAMB36_X1Y25  design_1_i/tpu_mnist_ip_0/inst/u_tpu_top/u_unified_buffer/bank1_mem_reg_bram_1/CLKARDCLK
Min Period        n/a     RAMB36E2/CLKARDCLK  n/a            1.355         10.000      8.645      RAMB36_X1Y23  design_1_i/tpu_mnist_ip_0/inst/u_tpu_top/u_layer_controller/u_tile_controller/GEN_WEIGHT_ROMS[0].u_weight_rom/data_o_reg_0/CLKARDCLK
Min Period        n/a     RAMB36E2/CLKBWRCLK  n/a            1.355         10.000      8.645      RAMB36_X1Y23  design_1_i/tpu_mnist_ip_0/inst/u_tpu_top/u_layer_controller/u_tile_controller/GEN_WEIGHT_ROMS[0].u_weight_rom/data_o_reg_0/CLKBWRCLK
Min Period        n/a     RAMB36E2/CLKARDCLK  n/a            1.355         10.000      8.645      RAMB36_X1Y22  design_1_i/tpu_mnist_ip_0/inst/u_tpu_top/u_layer_controller/u_tile_controller/GEN_WEIGHT_ROMS[0].u_weight_rom/data_o_reg_1/CLKARDCLK
Min Period        n/a     RAMB36E2/CLKBWRCLK  n/a            1.355         10.000      8.645      RAMB36_X1Y22  design_1_i/tpu_mnist_ip_0/inst/u_tpu_top/u_layer_controller/u_tile_controller/GEN_WEIGHT_ROMS[0].u_weight_rom/data_o_reg_1/CLKBWRCLK
Min Period        n/a     RAMB36E2/CLKARDCLK  n/a            1.355         10.000      8.645      RAMB36_X1Y21  design_1_i/tpu_mnist_ip_0/inst/u_tpu_top/u_layer_controller/u_tile_controller/GEN_WEIGHT_ROMS[2].u_weight_rom/data_o_reg_0/CLKARDCLK
Low Pulse Width   Slow    PS8/MAXIGP0ACLK     n/a            1.500         5.000       3.500      PS8_X0Y0      design_1_i/zynq_ultra_ps_e_0/inst/PS8_i/MAXIGP0ACLK
Low Pulse Width   Fast    PS8/MAXIGP0ACLK     n/a            1.500         5.000       3.500      PS8_X0Y0      design_1_i/zynq_ultra_ps_e_0/inst/PS8_i/MAXIGP0ACLK
Low Pulse Width   Slow    RAMB36E2/CLKARDCLK  n/a            0.542         5.000       4.458      RAMB36_X1Y23  design_1_i/tpu_mnist_ip_0/inst/u_tpu_top/u_layer_controller/u_tile_controller/GEN_WEIGHT_ROMS[0].u_weight_rom/data_o_reg_0/CLKARDCLK
Low Pulse Width   Fast    RAMB36E2/CLKARDCLK  n/a            0.542         5.000       4.458      RAMB36_X1Y23  design_1_i/tpu_mnist_ip_0/inst/u_tpu_top/u_layer_controller/u_tile_controller/GEN_WEIGHT_ROMS[0].u_weight_rom/data_o_reg_0/CLKARDCLK
Low Pulse Width   Slow    RAMB36E2/CLKBWRCLK  n/a            0.542         5.000       4.458      RAMB36_X1Y23  design_1_i/tpu_mnist_ip_0/inst/u_tpu_top/u_layer_controller/u_tile_controller/GEN_WEIGHT_ROMS[0].u_weight_rom/data_o_reg_0/CLKBWRCLK
Low Pulse Width   Fast    RAMB36E2/CLKBWRCLK  n/a            0.542         5.000       4.458      RAMB36_X1Y23  design_1_i/tpu_mnist_ip_0/inst/u_tpu_top/u_layer_controller/u_tile_controller/GEN_WEIGHT_ROMS[0].u_weight_rom/data_o_reg_0/CLKBWRCLK
Low Pulse Width   Slow    RAMB36E2/CLKARDCLK  n/a            0.542         5.000       4.458      RAMB36_X1Y22  design_1_i/tpu_mnist_ip_0/inst/u_tpu_top/u_layer_controller/u_tile_controller/GEN_WEIGHT_ROMS[0].u_weight_rom/data_o_reg_1/CLKARDCLK
Low Pulse Width   Fast    RAMB36E2/CLKARDCLK  n/a            0.542         5.000       4.458      RAMB36_X1Y22  design_1_i/tpu_mnist_ip_0/inst/u_tpu_top/u_layer_controller/u_tile_controller/GEN_WEIGHT_ROMS[0].u_weight_rom/data_o_reg_1/CLKARDCLK
Low Pulse Width   Slow    RAMB36E2/CLKBWRCLK  n/a            0.542         5.000       4.458      RAMB36_X1Y22  design_1_i/tpu_mnist_ip_0/inst/u_tpu_top/u_layer_controller/u_tile_controller/GEN_WEIGHT_ROMS[0].u_weight_rom/data_o_reg_1/CLKBWRCLK
Low Pulse Width   Fast    RAMB36E2/CLKBWRCLK  n/a            0.542         5.000       4.458      RAMB36_X1Y22  design_1_i/tpu_mnist_ip_0/inst/u_tpu_top/u_layer_controller/u_tile_controller/GEN_WEIGHT_ROMS[0].u_weight_rom/data_o_reg_1/CLKBWRCLK
High Pulse Width  Slow    PS8/MAXIGP0ACLK     n/a            1.500         5.000       3.500      PS8_X0Y0      design_1_i/zynq_ultra_ps_e_0/inst/PS8_i/MAXIGP0ACLK
High Pulse Width  Fast    PS8/MAXIGP0ACLK     n/a            1.500         5.000       3.500      PS8_X0Y0      design_1_i/zynq_ultra_ps_e_0/inst/PS8_i/MAXIGP0ACLK
High Pulse Width  Slow    RAMB36E2/CLKARDCLK  n/a            0.542         5.000       4.458      RAMB36_X1Y23  design_1_i/tpu_mnist_ip_0/inst/u_tpu_top/u_layer_controller/u_tile_controller/GEN_WEIGHT_ROMS[0].u_weight_rom/data_o_reg_0/CLKARDCLK
High Pulse Width  Fast    RAMB36E2/CLKARDCLK  n/a            0.542         5.000       4.458      RAMB36_X1Y23  design_1_i/tpu_mnist_ip_0/inst/u_tpu_top/u_layer_controller/u_tile_controller/GEN_WEIGHT_ROMS[0].u_weight_rom/data_o_reg_0/CLKARDCLK
High Pulse Width  Slow    RAMB36E2/CLKBWRCLK  n/a            0.542         5.000       4.458      RAMB36_X1Y23  design_1_i/tpu_mnist_ip_0/inst/u_tpu_top/u_layer_controller/u_tile_controller/GEN_WEIGHT_ROMS[0].u_weight_rom/data_o_reg_0/CLKBWRCLK
High Pulse Width  Fast    RAMB36E2/CLKBWRCLK  n/a            0.542         5.000       4.458      RAMB36_X1Y23  design_1_i/tpu_mnist_ip_0/inst/u_tpu_top/u_layer_controller/u_tile_controller/GEN_WEIGHT_ROMS[0].u_weight_rom/data_o_reg_0/CLKBWRCLK
High Pulse Width  Slow    RAMB36E2/CLKARDCLK  n/a            0.542         5.000       4.458      RAMB36_X1Y22  design_1_i/tpu_mnist_ip_0/inst/u_tpu_top/u_layer_controller/u_tile_controller/GEN_WEIGHT_ROMS[0].u_weight_rom/data_o_reg_1/CLKARDCLK
High Pulse Width  Fast    RAMB36E2/CLKARDCLK  n/a            0.542         5.000       4.458      RAMB36_X1Y22  design_1_i/tpu_mnist_ip_0/inst/u_tpu_top/u_layer_controller/u_tile_controller/GEN_WEIGHT_ROMS[0].u_weight_rom/data_o_reg_1/CLKARDCLK
High Pulse Width  Slow    RAMB36E2/CLKBWRCLK  n/a            0.542         5.000       4.458      RAMB36_X1Y22  design_1_i/tpu_mnist_ip_0/inst/u_tpu_top/u_layer_controller/u_tile_controller/GEN_WEIGHT_ROMS[0].u_weight_rom/data_o_reg_1/CLKBWRCLK
High Pulse Width  Fast    RAMB36E2/CLKBWRCLK  n/a            0.542         5.000       4.458      RAMB36_X1Y22  design_1_i/tpu_mnist_ip_0/inst/u_tpu_top/u_layer_controller/u_tile_controller/GEN_WEIGHT_ROMS[0].u_weight_rom/data_o_reg_1/CLKBWRCLK



---------------------------------------------------------------------------------------------------
Path Group:  **async_default**
From Clock:  clk_pl_0
  To Clock:  clk_pl_0

Setup :            0  Failing Endpoints,  Worst Slack        6.942ns,  Total Violation        0.000ns
Hold  :            0  Failing Endpoints,  Worst Slack        1.284ns,  Total Violation        0.000ns
---------------------------------------------------------------------------------------------------


Max Delay Paths
--------------------------------------------------------------------------------------
Slack (MET) :             6.942ns  (required time - arrival time)
  Source:                 design_1_i/rst_ps8_0_100M/U0/ACTIVE_LOW_PR_OUT_DFF[0].FDRE_PER_N/C
                            (rising edge-triggered cell FDRE clocked by clk_pl_0  {rise@0.000ns fall@5.000ns period=10.000ns})
  Destination:            design_1_i/tpu_mnist_ip_0/inst/s_axi_bvalid_reg/CLR
                            (recovery check against rising-edge clock clk_pl_0  {rise@0.000ns fall@5.000ns period=10.000ns})
  Path Group:             **async_default**
  Path Type:              Recovery (Max at Slow Process Corner)
  Requirement:            10.000ns  (clk_pl_0 rise@10.000ns - clk_pl_0 rise@0.000ns)
  Data Path Delay:        2.720ns  (logic 0.105ns (3.860%)  route 2.615ns (96.140%))
  Logic Levels:           1  (BUFGCE=1)
  Clock Path Skew:        -0.142ns (DCD - SCD + CPR)
    Destination Clock Delay (DCD):    1.751ns = ( 11.751 - 10.000 ) 
    Source Clock Delay      (SCD):    1.990ns
    Clock Pessimism Removal (CPR):    0.097ns
  Clock Uncertainty:      0.130ns  ((TSJ^2 + DJ^2)^1/2) / 2 + PE
    Total System Jitter     (TSJ):    0.071ns
    Discrete Jitter          (DJ):    0.250ns
    Phase Error              (PE):    0.000ns
  Clock Net Delay (Source):      1.782ns (routing 0.569ns, distribution 1.213ns)
  Clock Net Delay (Destination): 1.583ns (routing 0.512ns, distribution 1.071ns)

    Location             Delay type                Incr(ns)  Path(ns)    Netlist Resource(s)
  -------------------------------------------------------------------    -------------------
                         (clock clk_pl_0 rise edge)
                                                      0.000     0.000 r  
    PS8_X0Y0             PS8                          0.000     0.000 r  design_1_i/zynq_ultra_ps_e_0/inst/PS8_i/PLCLK[0]
                         net (fo=1, routed)           0.180     0.180    design_1_i/zynq_ultra_ps_e_0/inst/pl_clk_unbuffered[0]
    BUFG_PS_X0Y80        BUFG_PS (Prop_BUFG_PS_I_O)
                                                      0.028     0.208 r  design_1_i/zynq_ultra_ps_e_0/inst/buffer_pl_clk_0.PL_CLK_0_BUFG/O
    X1Y2 (CLOCK_ROOT)    net (fo=3956, routed)        1.782     1.990    design_1_i/rst_ps8_0_100M/U0/slowest_sync_clk
    SLICE_X50Y49         FDRE                                         r  design_1_i/rst_ps8_0_100M/U0/ACTIVE_LOW_PR_OUT_DFF[0].FDRE_PER_N/C
  -------------------------------------------------------------------    -------------------
    SLICE_X50Y49         FDRE (Prop_AFF_SLICEM_C_Q)
                                                      0.077     2.067 r  design_1_i/rst_ps8_0_100M/U0/ACTIVE_LOW_PR_OUT_DFF[0].FDRE_PER_N/Q
                         net (fo=1, routed)           1.265     3.332    design_1_i/rst_ps8_0_100M/U0/peripheral_aresetn[0]_bufg_place
    BUFGCE_X1Y44         BUFGCE (Prop_BUFCE_BUFGCE_I_O)
                                                      0.028     3.360 r  design_1_i/rst_ps8_0_100M/U0/ACTIVE_LOW_PR_OUT_DFF[0].FDRE_PER_N_bufg_place/O
                         net (fo=2843, routed)        1.350     4.710    design_1_i/tpu_mnist_ip_0/inst/s_axi_aresetn_0
    SLICE_X50Y193        FDCE                                         f  design_1_i/tpu_mnist_ip_0/inst/s_axi_bvalid_reg/CLR  (IS_INVERTED)
  -------------------------------------------------------------------    -------------------

                         (clock clk_pl_0 rise edge)
                                                     10.000    10.000 r  
    PS8_X0Y0             PS8                          0.000    10.000 r  design_1_i/zynq_ultra_ps_e_0/inst/PS8_i/PLCLK[0]
                         net (fo=1, routed)           0.143    10.143    design_1_i/zynq_ultra_ps_e_0/inst/pl_clk_unbuffered[0]
    BUFG_PS_X0Y80        BUFG_PS (Prop_BUFG_PS_I_O)
                                                      0.025    10.168 r  design_1_i/zynq_ultra_ps_e_0/inst/buffer_pl_clk_0.PL_CLK_0_BUFG/O
    X1Y2 (CLOCK_ROOT)    net (fo=3956, routed)        1.583    11.751    design_1_i/tpu_mnist_ip_0/inst/s_axi_aclk
    SLICE_X50Y193        FDCE                                         r  design_1_i/tpu_mnist_ip_0/inst/s_axi_bvalid_reg/C
                         clock pessimism              0.097    11.848    
                         clock uncertainty           -0.130    11.718    
    SLICE_X50Y193        FDCE (Recov_CFF2_SLICEM_C_CLR)
                                                     -0.066    11.652    design_1_i/tpu_mnist_ip_0/inst/s_axi_bvalid_reg
  -------------------------------------------------------------------
                         required time                         11.652    
                         arrival time                          -4.710    
  -------------------------------------------------------------------
                         slack                                  6.942    

Slack (MET) :             6.942ns  (required time - arrival time)
  Source:                 design_1_i/rst_ps8_0_100M/U0/ACTIVE_LOW_PR_OUT_DFF[0].FDRE_PER_N/C
                            (rising edge-triggered cell FDRE clocked by clk_pl_0  {rise@0.000ns fall@5.000ns period=10.000ns})
  Destination:            design_1_i/tpu_mnist_ip_0/inst/s_axi_rvalid_reg/CLR
                            (recovery check against rising-edge clock clk_pl_0  {rise@0.000ns fall@5.000ns period=10.000ns})
  Path Group:             **async_default**
  Path Type:              Recovery (Max at Slow Process Corner)
  Requirement:            10.000ns  (clk_pl_0 rise@10.000ns - clk_pl_0 rise@0.000ns)
  Data Path Delay:        2.720ns  (logic 0.105ns (3.860%)  route 2.615ns (96.140%))
  Logic Levels:           1  (BUFGCE=1)
  Clock Path Skew:        -0.142ns (DCD - SCD + CPR)
    Destination Clock Delay (DCD):    1.751ns = ( 11.751 - 10.000 ) 
    Source Clock Delay      (SCD):    1.990ns
    Clock Pessimism Removal (CPR):    0.097ns
  Clock Uncertainty:      0.130ns  ((TSJ^2 + DJ^2)^1/2) / 2 + PE
    Total System Jitter     (TSJ):    0.071ns
    Discrete Jitter          (DJ):    0.250ns
    Phase Error              (PE):    0.000ns
  Clock Net Delay (Source):      1.782ns (routing 0.569ns, distribution 1.213ns)
  Clock Net Delay (Destination): 1.583ns (routing 0.512ns, distribution 1.071ns)

    Location             Delay type                Incr(ns)  Path(ns)    Netlist Resource(s)
  -------------------------------------------------------------------    -------------------
                         (clock clk_pl_0 rise edge)
                                                      0.000     0.000 r  
    PS8_X0Y0             PS8                          0.000     0.000 r  design_1_i/zynq_ultra_ps_e_0/inst/PS8_i/PLCLK[0]
                         net (fo=1, routed)           0.180     0.180    design_1_i/zynq_ultra_ps_e_0/inst/pl_clk_unbuffered[0]
    BUFG_PS_X0Y80        BUFG_PS (Prop_BUFG_PS_I_O)
                                                      0.028     0.208 r  design_1_i/zynq_ultra_ps_e_0/inst/buffer_pl_clk_0.PL_CLK_0_BUFG/O
    X1Y2 (CLOCK_ROOT)    net (fo=3956, routed)        1.782     1.990    design_1_i/rst_ps8_0_100M/U0/slowest_sync_clk
    SLICE_X50Y49         FDRE                                         r  design_1_i/rst_ps8_0_100M/U0/ACTIVE_LOW_PR_OUT_DFF[0].FDRE_PER_N/C
  -------------------------------------------------------------------    -------------------
    SLICE_X50Y49         FDRE (Prop_AFF_SLICEM_C_Q)
                                                      0.077     2.067 r  design_1_i/rst_ps8_0_100M/U0/ACTIVE_LOW_PR_OUT_DFF[0].FDRE_PER_N/Q
                         net (fo=1, routed)           1.265     3.332    design_1_i/rst_ps8_0_100M/U0/peripheral_aresetn[0]_bufg_place
    BUFGCE_X1Y44         BUFGCE (Prop_BUFCE_BUFGCE_I_O)
                                                      0.028     3.360 r  design_1_i/rst_ps8_0_100M/U0/ACTIVE_LOW_PR_OUT_DFF[0].FDRE_PER_N_bufg_place/O
                         net (fo=2843, routed)        1.350     4.710    design_1_i/tpu_mnist_ip_0/inst/s_axi_aresetn_0
    SLICE_X50Y193        FDCE                                         f  design_1_i/tpu_mnist_ip_0/inst/s_axi_rvalid_reg/CLR  (IS_INVERTED)
  -------------------------------------------------------------------    -------------------

                         (clock clk_pl_0 rise edge)
                                                     10.000    10.000 r  
    PS8_X0Y0             PS8                          0.000    10.000 r  design_1_i/zynq_ultra_ps_e_0/inst/PS8_i/PLCLK[0]
                         net (fo=1, routed)           0.143    10.143    design_1_i/zynq_ultra_ps_e_0/inst/pl_clk_unbuffered[0]
    BUFG_PS_X0Y80        BUFG_PS (Prop_BUFG_PS_I_O)
                                                      0.025    10.168 r  design_1_i/zynq_ultra_ps_e_0/inst/buffer_pl_clk_0.PL_CLK_0_BUFG/O
    X1Y2 (CLOCK_ROOT)    net (fo=3956, routed)        1.583    11.751    design_1_i/tpu_mnist_ip_0/inst/s_axi_aclk
    SLICE_X50Y193        FDCE                                         r  design_1_i/tpu_mnist_ip_0/inst/s_axi_rvalid_reg/C
                         clock pessimism              0.097    11.848    
                         clock uncertainty           -0.130    11.718    
    SLICE_X50Y193        FDCE (Recov_BFF2_SLICEM_C_CLR)
                                                     -0.066    11.652    design_1_i/tpu_mnist_ip_0/inst/s_axi_rvalid_reg
  -------------------------------------------------------------------
                         required time                         11.652    
                         arrival time                          -4.710    
  -------------------------------------------------------------------
                         slack                                  6.942    

Slack (MET) :             7.008ns  (required time - arrival time)
  Source:                 design_1_i/rst_ps8_0_100M/U0/ACTIVE_LOW_PR_OUT_DFF[0].FDRE_PER_N/C
                            (rising edge-triggered cell FDRE clocked by clk_pl_0  {rise@0.000ns fall@5.000ns period=10.000ns})
  Destination:            design_1_i/tpu_mnist_ip_0/inst/ub_addr_q_reg[2]/CLR
                            (recovery check against rising-edge clock clk_pl_0  {rise@0.000ns fall@5.000ns period=10.000ns})
  Path Group:             **async_default**
  Path Type:              Recovery (Max at Slow Process Corner)
  Requirement:            10.000ns  (clk_pl_0 rise@10.000ns - clk_pl_0 rise@0.000ns)
  Data Path Delay:        2.628ns  (logic 0.105ns (3.995%)  route 2.523ns (96.005%))
  Logic Levels:           1  (BUFGCE=1)
  Clock Path Skew:        -0.168ns (DCD - SCD + CPR)
    Destination Clock Delay (DCD):    1.721ns = ( 11.721 - 10.000 ) 
    Source Clock Delay      (SCD):    1.990ns
    Clock Pessimism Removal (CPR):    0.101ns
  Clock Uncertainty:      0.130ns  ((TSJ^2 + DJ^2)^1/2) / 2 + PE
    Total System Jitter     (TSJ):    0.071ns
    Discrete Jitter          (DJ):    0.250ns
    Phase Error              (PE):    0.000ns
  Clock Net Delay (Source):      1.782ns (routing 0.569ns, distribution 1.213ns)
  Clock Net Delay (Destination): 1.553ns (routing 0.512ns, distribution 1.041ns)

    Location             Delay type                Incr(ns)  Path(ns)    Netlist Resource(s)
  -------------------------------------------------------------------    -------------------
                         (clock clk_pl_0 rise edge)
                                                      0.000     0.000 r  
    PS8_X0Y0             PS8                          0.000     0.000 r  design_1_i/zynq_ultra_ps_e_0/inst/PS8_i/PLCLK[0]
                         net (fo=1, routed)           0.180     0.180    design_1_i/zynq_ultra_ps_e_0/inst/pl_clk_unbuffered[0]
    BUFG_PS_X0Y80        BUFG_PS (Prop_BUFG_PS_I_O)
                                                      0.028     0.208 r  design_1_i/zynq_ultra_ps_e_0/inst/buffer_pl_clk_0.PL_CLK_0_BUFG/O
    X1Y2 (CLOCK_ROOT)    net (fo=3956, routed)        1.782     1.990    design_1_i/rst_ps8_0_100M/U0/slowest_sync_clk
    SLICE_X50Y49         FDRE                                         r  design_1_i/rst_ps8_0_100M/U0/ACTIVE_LOW_PR_OUT_DFF[0].FDRE_PER_N/C
  -------------------------------------------------------------------    -------------------
    SLICE_X50Y49         FDRE (Prop_AFF_SLICEM_C_Q)
                                                      0.077     2.067 r  design_1_i/rst_ps8_0_100M/U0/ACTIVE_LOW_PR_OUT_DFF[0].FDRE_PER_N/Q
                         net (fo=1, routed)           1.265     3.332    design_1_i/rst_ps8_0_100M/U0/peripheral_aresetn[0]_bufg_place
    BUFGCE_X1Y44         BUFGCE (Prop_BUFCE_BUFGCE_I_O)
                                                      0.028     3.360 r  design_1_i/rst_ps8_0_100M/U0/ACTIVE_LOW_PR_OUT_DFF[0].FDRE_PER_N_bufg_place/O
                         net (fo=2843, routed)        1.258     4.618    design_1_i/tpu_mnist_ip_0/inst/s_axi_aresetn_0
    SLICE_X50Y120        FDCE                                         f  design_1_i/tpu_mnist_ip_0/inst/ub_addr_q_reg[2]/CLR  (IS_INVERTED)
  -------------------------------------------------------------------    -------------------

                         (clock clk_pl_0 rise edge)
                                                     10.000    10.000 r  
    PS8_X0Y0             PS8                          0.000    10.000 r  design_1_i/zynq_ultra_ps_e_0/inst/PS8_i/PLCLK[0]
                         net (fo=1, routed)           0.143    10.143    design_1_i/zynq_ultra_ps_e_0/inst/pl_clk_unbuffered[0]
    BUFG_PS_X0Y80        BUFG_PS (Prop_BUFG_PS_I_O)
                                                      0.025    10.168 r  design_1_i/zynq_ultra_ps_e_0/inst/buffer_pl_clk_0.PL_CLK_0_BUFG/O
    X1Y2 (CLOCK_ROOT)    net (fo=3956, routed)        1.553    11.721    design_1_i/tpu_mnist_ip_0/inst/s_axi_aclk
    SLICE_X50Y120        FDCE                                         r  design_1_i/tpu_mnist_ip_0/inst/ub_addr_q_reg[2]/C
                         clock pessimism              0.101    11.822    
                         clock uncertainty           -0.130    11.692    
    SLICE_X50Y120        FDCE (Recov_DFF_SLICEM_C_CLR)
                                                     -0.066    11.626    design_1_i/tpu_mnist_ip_0/inst/ub_addr_q_reg[2]
  -------------------------------------------------------------------
                         required time                         11.626    
                         arrival time                          -4.618    
  -------------------------------------------------------------------
                         slack                                  7.008    

Slack (MET) :             7.008ns  (required time - arrival time)
  Source:                 design_1_i/rst_ps8_0_100M/U0/ACTIVE_LOW_PR_OUT_DFF[0].FDRE_PER_N/C
                            (rising edge-triggered cell FDRE clocked by clk_pl_0  {rise@0.000ns fall@5.000ns period=10.000ns})
  Destination:            design_1_i/tpu_mnist_ip_0/inst/ub_addr_q_reg[3]/CLR
                            (recovery check against rising-edge clock clk_pl_0  {rise@0.000ns fall@5.000ns period=10.000ns})
  Path Group:             **async_default**
  Path Type:              Recovery (Max at Slow Process Corner)
  Requirement:            10.000ns  (clk_pl_0 rise@10.000ns - clk_pl_0 rise@0.000ns)
  Data Path Delay:        2.628ns  (logic 0.105ns (3.995%)  route 2.523ns (96.005%))
  Logic Levels:           1  (BUFGCE=1)
  Clock Path Skew:        -0.168ns (DCD - SCD + CPR)
    Destination Clock Delay (DCD):    1.721ns = ( 11.721 - 10.000 ) 
    Source Clock Delay      (SCD):    1.990ns
    Clock Pessimism Removal (CPR):    0.101ns
  Clock Uncertainty:      0.130ns  ((TSJ^2 + DJ^2)^1/2) / 2 + PE
    Total System Jitter     (TSJ):    0.071ns
    Discrete Jitter          (DJ):    0.250ns
    Phase Error              (PE):    0.000ns
  Clock Net Delay (Source):      1.782ns (routing 0.569ns, distribution 1.213ns)
  Clock Net Delay (Destination): 1.553ns (routing 0.512ns, distribution 1.041ns)

    Location             Delay type                Incr(ns)  Path(ns)    Netlist Resource(s)
  -------------------------------------------------------------------    -------------------
                         (clock clk_pl_0 rise edge)
                                                      0.000     0.000 r  
    PS8_X0Y0             PS8                          0.000     0.000 r  design_1_i/zynq_ultra_ps_e_0/inst/PS8_i/PLCLK[0]
                         net (fo=1, routed)           0.180     0.180    design_1_i/zynq_ultra_ps_e_0/inst/pl_clk_unbuffered[0]
    BUFG_PS_X0Y80        BUFG_PS (Prop_BUFG_PS_I_O)
                                                      0.028     0.208 r  design_1_i/zynq_ultra_ps_e_0/inst/buffer_pl_clk_0.PL_CLK_0_BUFG/O
    X1Y2 (CLOCK_ROOT)    net (fo=3956, routed)        1.782     1.990    design_1_i/rst_ps8_0_100M/U0/slowest_sync_clk
    SLICE_X50Y49         FDRE                                         r  design_1_i/rst_ps8_0_100M/U0/ACTIVE_LOW_PR_OUT_DFF[0].FDRE_PER_N/C
  -------------------------------------------------------------------    -------------------
    SLICE_X50Y49         FDRE (Prop_AFF_SLICEM_C_Q)
                                                      0.077     2.067 r  design_1_i/rst_ps8_0_100M/U0/ACTIVE_LOW_PR_OUT_DFF[0].FDRE_PER_N/Q
                         net (fo=1, routed)           1.265     3.332    design_1_i/rst_ps8_0_100M/U0/peripheral_aresetn[0]_bufg_place
    BUFGCE_X1Y44         BUFGCE (Prop_BUFCE_BUFGCE_I_O)
                                                      0.028     3.360 r  design_1_i/rst_ps8_0_100M/U0/ACTIVE_LOW_PR_OUT_DFF[0].FDRE_PER_N_bufg_place/O
                         net (fo=2843, routed)        1.258     4.618    design_1_i/tpu_mnist_ip_0/inst/s_axi_aresetn_0
    SLICE_X50Y120        FDCE                                         f  design_1_i/tpu_mnist_ip_0/inst/ub_addr_q_reg[3]/CLR  (IS_INVERTED)
  -------------------------------------------------------------------    -------------------

                         (clock clk_pl_0 rise edge)
                                                     10.000    10.000 r  
    PS8_X0Y0             PS8                          0.000    10.000 r  design_1_i/zynq_ultra_ps_e_0/inst/PS8_i/PLCLK[0]
                         net (fo=1, routed)           0.143    10.143    design_1_i/zynq_ultra_ps_e_0/inst/pl_clk_unbuffered[0]
    BUFG_PS_X0Y80        BUFG_PS (Prop_BUFG_PS_I_O)
                                                      0.025    10.168 r  design_1_i/zynq_ultra_ps_e_0/inst/buffer_pl_clk_0.PL_CLK_0_BUFG/O
    X1Y2 (CLOCK_ROOT)    net (fo=3956, routed)        1.553    11.721    design_1_i/tpu_mnist_ip_0/inst/s_axi_aclk
    SLICE_X50Y120        FDCE                                         r  design_1_i/tpu_mnist_ip_0/inst/ub_addr_q_reg[3]/C
                         clock pessimism              0.101    11.822    
                         clock uncertainty           -0.130    11.692    
    SLICE_X50Y120        FDCE (Recov_DFF2_SLICEM_C_CLR)
                                                     -0.066    11.626    design_1_i/tpu_mnist_ip_0/inst/ub_addr_q_reg[3]
  -------------------------------------------------------------------
                         required time                         11.626    
                         arrival time                          -4.618    
  -------------------------------------------------------------------
                         slack                                  7.008    

Slack (MET) :             7.008ns  (required time - arrival time)
  Source:                 design_1_i/rst_ps8_0_100M/U0/ACTIVE_LOW_PR_OUT_DFF[0].FDRE_PER_N/C
                            (rising edge-triggered cell FDRE clocked by clk_pl_0  {rise@0.000ns fall@5.000ns period=10.000ns})
  Destination:            design_1_i/tpu_mnist_ip_0/inst/ub_addr_q_reg[4]/CLR
                            (recovery check against rising-edge clock clk_pl_0  {rise@0.000ns fall@5.000ns period=10.000ns})
  Path Group:             **async_default**
  Path Type:              Recovery (Max at Slow Process Corner)
  Requirement:            10.000ns  (clk_pl_0 rise@10.000ns - clk_pl_0 rise@0.000ns)
  Data Path Delay:        2.628ns  (logic 0.105ns (3.995%)  route 2.523ns (96.005%))
  Logic Levels:           1  (BUFGCE=1)
  Clock Path Skew:        -0.168ns (DCD - SCD + CPR)
    Destination Clock Delay (DCD):    1.721ns = ( 11.721 - 10.000 ) 
    Source Clock Delay      (SCD):    1.990ns
    Clock Pessimism Removal (CPR):    0.101ns
  Clock Uncertainty:      0.130ns  ((TSJ^2 + DJ^2)^1/2) / 2 + PE
    Total System Jitter     (TSJ):    0.071ns
    Discrete Jitter          (DJ):    0.250ns
    Phase Error              (PE):    0.000ns
  Clock Net Delay (Source):      1.782ns (routing 0.569ns, distribution 1.213ns)
  Clock Net Delay (Destination): 1.553ns (routing 0.512ns, distribution 1.041ns)

    Location             Delay type                Incr(ns)  Path(ns)    Netlist Resource(s)
  -------------------------------------------------------------------    -------------------
                         (clock clk_pl_0 rise edge)
                                                      0.000     0.000 r  
    PS8_X0Y0             PS8                          0.000     0.000 r  design_1_i/zynq_ultra_ps_e_0/inst/PS8_i/PLCLK[0]
                         net (fo=1, routed)           0.180     0.180    design_1_i/zynq_ultra_ps_e_0/inst/pl_clk_unbuffered[0]
    BUFG_PS_X0Y80        BUFG_PS (Prop_BUFG_PS_I_O)
                                                      0.028     0.208 r  design_1_i/zynq_ultra_ps_e_0/inst/buffer_pl_clk_0.PL_CLK_0_BUFG/O
    X1Y2 (CLOCK_ROOT)    net (fo=3956, routed)        1.782     1.990    design_1_i/rst_ps8_0_100M/U0/slowest_sync_clk
    SLICE_X50Y49         FDRE                                         r  design_1_i/rst_ps8_0_100M/U0/ACTIVE_LOW_PR_OUT_DFF[0].FDRE_PER_N/C
  -------------------------------------------------------------------    -------------------
    SLICE_X50Y49         FDRE (Prop_AFF_SLICEM_C_Q)
                                                      0.077     2.067 r  design_1_i/rst_ps8_0_100M/U0/ACTIVE_LOW_PR_OUT_DFF[0].FDRE_PER_N/Q
                         net (fo=1, routed)           1.265     3.332    design_1_i/rst_ps8_0_100M/U0/peripheral_aresetn[0]_bufg_place
    BUFGCE_X1Y44         BUFGCE (Prop_BUFCE_BUFGCE_I_O)
                                                      0.028     3.360 r  design_1_i/rst_ps8_0_100M/U0/ACTIVE_LOW_PR_OUT_DFF[0].FDRE_PER_N_bufg_place/O
                         net (fo=2843, routed)        1.258     4.618    design_1_i/tpu_mnist_ip_0/inst/s_axi_aresetn_0
    SLICE_X50Y120        FDCE                                         f  design_1_i/tpu_mnist_ip_0/inst/ub_addr_q_reg[4]/CLR  (IS_INVERTED)
  -------------------------------------------------------------------    -------------------

                         (clock clk_pl_0 rise edge)
                                                     10.000    10.000 r  
    PS8_X0Y0             PS8                          0.000    10.000 r  design_1_i/zynq_ultra_ps_e_0/inst/PS8_i/PLCLK[0]
                         net (fo=1, routed)           0.143    10.143    design_1_i/zynq_ultra_ps_e_0/inst/pl_clk_unbuffered[0]
    BUFG_PS_X0Y80        BUFG_PS (Prop_BUFG_PS_I_O)
                                                      0.025    10.168 r  design_1_i/zynq_ultra_ps_e_0/inst/buffer_pl_clk_0.PL_CLK_0_BUFG/O
    X1Y2 (CLOCK_ROOT)    net (fo=3956, routed)        1.553    11.721    design_1_i/tpu_mnist_ip_0/inst/s_axi_aclk
    SLICE_X50Y120        FDCE                                         r  design_1_i/tpu_mnist_ip_0/inst/ub_addr_q_reg[4]/C
                         clock pessimism              0.101    11.822    
                         clock uncertainty           -0.130    11.692    
    SLICE_X50Y120        FDCE (Recov_CFF_SLICEM_C_CLR)
                                                     -0.066    11.626    design_1_i/tpu_mnist_ip_0/inst/ub_addr_q_reg[4]
  -------------------------------------------------------------------
                         required time                         11.626    
                         arrival time                          -4.618    
  -------------------------------------------------------------------
                         slack                                  7.008    

Slack (MET) :             7.008ns  (required time - arrival time)
  Source:                 design_1_i/rst_ps8_0_100M/U0/ACTIVE_LOW_PR_OUT_DFF[0].FDRE_PER_N/C
                            (rising edge-triggered cell FDRE clocked by clk_pl_0  {rise@0.000ns fall@5.000ns period=10.000ns})
  Destination:            design_1_i/tpu_mnist_ip_0/inst/ub_addr_q_reg[5]/CLR
                            (recovery check against rising-edge clock clk_pl_0  {rise@0.000ns fall@5.000ns period=10.000ns})
  Path Group:             **async_default**
  Path Type:              Recovery (Max at Slow Process Corner)
  Requirement:            10.000ns  (clk_pl_0 rise@10.000ns - clk_pl_0 rise@0.000ns)
  Data Path Delay:        2.628ns  (logic 0.105ns (3.995%)  route 2.523ns (96.005%))
  Logic Levels:           1  (BUFGCE=1)
  Clock Path Skew:        -0.168ns (DCD - SCD + CPR)
    Destination Clock Delay (DCD):    1.721ns = ( 11.721 - 10.000 ) 
    Source Clock Delay      (SCD):    1.990ns
    Clock Pessimism Removal (CPR):    0.101ns
  Clock Uncertainty:      0.130ns  ((TSJ^2 + DJ^2)^1/2) / 2 + PE
    Total System Jitter     (TSJ):    0.071ns
    Discrete Jitter          (DJ):    0.250ns
    Phase Error              (PE):    0.000ns
  Clock Net Delay (Source):      1.782ns (routing 0.569ns, distribution 1.213ns)
  Clock Net Delay (Destination): 1.553ns (routing 0.512ns, distribution 1.041ns)

    Location             Delay type                Incr(ns)  Path(ns)    Netlist Resource(s)
  -------------------------------------------------------------------    -------------------
                         (clock clk_pl_0 rise edge)
                                                      0.000     0.000 r  
    PS8_X0Y0             PS8                          0.000     0.000 r  design_1_i/zynq_ultra_ps_e_0/inst/PS8_i/PLCLK[0]
                         net (fo=1, routed)           0.180     0.180    design_1_i/zynq_ultra_ps_e_0/inst/pl_clk_unbuffered[0]
    BUFG_PS_X0Y80        BUFG_PS (Prop_BUFG_PS_I_O)
                                                      0.028     0.208 r  design_1_i/zynq_ultra_ps_e_0/inst/buffer_pl_clk_0.PL_CLK_0_BUFG/O
    X1Y2 (CLOCK_ROOT)    net (fo=3956, routed)        1.782     1.990    design_1_i/rst_ps8_0_100M/U0/slowest_sync_clk
    SLICE_X50Y49         FDRE                                         r  design_1_i/rst_ps8_0_100M/U0/ACTIVE_LOW_PR_OUT_DFF[0].FDRE_PER_N/C
  -------------------------------------------------------------------    -------------------
    SLICE_X50Y49         FDRE (Prop_AFF_SLICEM_C_Q)
                                                      0.077     2.067 r  design_1_i/rst_ps8_0_100M/U0/ACTIVE_LOW_PR_OUT_DFF[0].FDRE_PER_N/Q
                         net (fo=1, routed)           1.265     3.332    design_1_i/rst_ps8_0_100M/U0/peripheral_aresetn[0]_bufg_place
    BUFGCE_X1Y44         BUFGCE (Prop_BUFCE_BUFGCE_I_O)
                                                      0.028     3.360 r  design_1_i/rst_ps8_0_100M/U0/ACTIVE_LOW_PR_OUT_DFF[0].FDRE_PER_N_bufg_place/O
                         net (fo=2843, routed)        1.258     4.618    design_1_i/tpu_mnist_ip_0/inst/s_axi_aresetn_0
    SLICE_X50Y120        FDCE                                         f  design_1_i/tpu_mnist_ip_0/inst/ub_addr_q_reg[5]/CLR  (IS_INVERTED)
  -------------------------------------------------------------------    -------------------

                         (clock clk_pl_0 rise edge)
                                                     10.000    10.000 r  
    PS8_X0Y0             PS8                          0.000    10.000 r  design_1_i/zynq_ultra_ps_e_0/inst/PS8_i/PLCLK[0]
                         net (fo=1, routed)           0.143    10.143    design_1_i/zynq_ultra_ps_e_0/inst/pl_clk_unbuffered[0]
    BUFG_PS_X0Y80        BUFG_PS (Prop_BUFG_PS_I_O)
                                                      0.025    10.168 r  design_1_i/zynq_ultra_ps_e_0/inst/buffer_pl_clk_0.PL_CLK_0_BUFG/O
    X1Y2 (CLOCK_ROOT)    net (fo=3956, routed)        1.553    11.721    design_1_i/tpu_mnist_ip_0/inst/s_axi_aclk
    SLICE_X50Y120        FDCE                                         r  design_1_i/tpu_mnist_ip_0/inst/ub_addr_q_reg[5]/C
                         clock pessimism              0.101    11.822    
                         clock uncertainty           -0.130    11.692    
    SLICE_X50Y120        FDCE (Recov_CFF2_SLICEM_C_CLR)
                                                     -0.066    11.626    design_1_i/tpu_mnist_ip_0/inst/ub_addr_q_reg[5]
  -------------------------------------------------------------------
                         required time                         11.626    
                         arrival time                          -4.618    
  -------------------------------------------------------------------
                         slack                                  7.008    

Slack (MET) :             7.010ns  (required time - arrival time)
  Source:                 design_1_i/rst_ps8_0_100M/U0/ACTIVE_LOW_PR_OUT_DFF[0].FDRE_PER_N/C
                            (rising edge-triggered cell FDRE clocked by clk_pl_0  {rise@0.000ns fall@5.000ns period=10.000ns})
  Destination:            design_1_i/tpu_mnist_ip_0/inst/ub_rdata_q_reg[3]/CLR
                            (recovery check against rising-edge clock clk_pl_0  {rise@0.000ns fall@5.000ns period=10.000ns})
  Path Group:             **async_default**
  Path Type:              Recovery (Max at Slow Process Corner)
  Requirement:            10.000ns  (clk_pl_0 rise@10.000ns - clk_pl_0 rise@0.000ns)
  Data Path Delay:        2.625ns  (logic 0.105ns (4.000%)  route 2.520ns (96.000%))
  Logic Levels:           1  (BUFGCE=1)
  Clock Path Skew:        -0.169ns (DCD - SCD + CPR)
    Destination Clock Delay (DCD):    1.720ns = ( 11.720 - 10.000 ) 
    Source Clock Delay      (SCD):    1.990ns
    Clock Pessimism Removal (CPR):    0.101ns
  Clock Uncertainty:      0.130ns  ((TSJ^2 + DJ^2)^1/2) / 2 + PE
    Total System Jitter     (TSJ):    0.071ns
    Discrete Jitter          (DJ):    0.250ns
    Phase Error              (PE):    0.000ns
  Clock Net Delay (Source):      1.782ns (routing 0.569ns, distribution 1.213ns)
  Clock Net Delay (Destination): 1.552ns (routing 0.512ns, distribution 1.040ns)

    Location             Delay type                Incr(ns)  Path(ns)    Netlist Resource(s)
  -------------------------------------------------------------------    -------------------
                         (clock clk_pl_0 rise edge)
                                                      0.000     0.000 r  
    PS8_X0Y0             PS8                          0.000     0.000 r  design_1_i/zynq_ultra_ps_e_0/inst/PS8_i/PLCLK[0]
                         net (fo=1, routed)           0.180     0.180    design_1_i/zynq_ultra_ps_e_0/inst/pl_clk_unbuffered[0]
    BUFG_PS_X0Y80        BUFG_PS (Prop_BUFG_PS_I_O)
                                                      0.028     0.208 r  design_1_i/zynq_ultra_ps_e_0/inst/buffer_pl_clk_0.PL_CLK_0_BUFG/O
    X1Y2 (CLOCK_ROOT)    net (fo=3956, routed)        1.782     1.990    design_1_i/rst_ps8_0_100M/U0/slowest_sync_clk
    SLICE_X50Y49         FDRE                                         r  design_1_i/rst_ps8_0_100M/U0/ACTIVE_LOW_PR_OUT_DFF[0].FDRE_PER_N/C
  -------------------------------------------------------------------    -------------------
    SLICE_X50Y49         FDRE (Prop_AFF_SLICEM_C_Q)
                                                      0.077     2.067 r  design_1_i/rst_ps8_0_100M/U0/ACTIVE_LOW_PR_OUT_DFF[0].FDRE_PER_N/Q
                         net (fo=1, routed)           1.265     3.332    design_1_i/rst_ps8_0_100M/U0/peripheral_aresetn[0]_bufg_place
    BUFGCE_X1Y44         BUFGCE (Prop_BUFCE_BUFGCE_I_O)
                                                      0.028     3.360 r  design_1_i/rst_ps8_0_100M/U0/ACTIVE_LOW_PR_OUT_DFF[0].FDRE_PER_N_bufg_place/O
                         net (fo=2843, routed)        1.255     4.615    design_1_i/tpu_mnist_ip_0/inst/s_axi_aresetn_0
    SLICE_X50Y120        FDCE                                         f  design_1_i/tpu_mnist_ip_0/inst/ub_rdata_q_reg[3]/CLR  (IS_INVERTED)
  -------------------------------------------------------------------    -------------------

                         (clock clk_pl_0 rise edge)
                                                     10.000    10.000 r  
    PS8_X0Y0             PS8                          0.000    10.000 r  design_1_i/zynq_ultra_ps_e_0/inst/PS8_i/PLCLK[0]
                         net (fo=1, routed)           0.143    10.143    design_1_i/zynq_ultra_ps_e_0/inst/pl_clk_unbuffered[0]
    BUFG_PS_X0Y80        BUFG_PS (Prop_BUFG_PS_I_O)
                                                      0.025    10.168 r  design_1_i/zynq_ultra_ps_e_0/inst/buffer_pl_clk_0.PL_CLK_0_BUFG/O
    X1Y2 (CLOCK_ROOT)    net (fo=3956, routed)        1.552    11.720    design_1_i/tpu_mnist_ip_0/inst/s_axi_aclk
    SLICE_X50Y120        FDCE                                         r  design_1_i/tpu_mnist_ip_0/inst/ub_rdata_q_reg[3]/C
                         clock pessimism              0.101    11.821    
                         clock uncertainty           -0.130    11.691    
    SLICE_X50Y120        FDCE (Recov_HFF2_SLICEM_C_CLR)
                                                     -0.066    11.625    design_1_i/tpu_mnist_ip_0/inst/ub_rdata_q_reg[3]
  -------------------------------------------------------------------
                         required time                         11.625    
                         arrival time                          -4.615    
  -------------------------------------------------------------------
                         slack                                  7.010    

Slack (MET) :             7.010ns  (required time - arrival time)
  Source:                 design_1_i/rst_ps8_0_100M/U0/ACTIVE_LOW_PR_OUT_DFF[0].FDRE_PER_N/C
                            (rising edge-triggered cell FDRE clocked by clk_pl_0  {rise@0.000ns fall@5.000ns period=10.000ns})
  Destination:            design_1_i/tpu_mnist_ip_0/inst/ub_rdata_q_reg[5]/CLR
                            (recovery check against rising-edge clock clk_pl_0  {rise@0.000ns fall@5.000ns period=10.000ns})
  Path Group:             **async_default**
  Path Type:              Recovery (Max at Slow Process Corner)
  Requirement:            10.000ns  (clk_pl_0 rise@10.000ns - clk_pl_0 rise@0.000ns)
  Data Path Delay:        2.625ns  (logic 0.105ns (4.000%)  route 2.520ns (96.000%))
  Logic Levels:           1  (BUFGCE=1)
  Clock Path Skew:        -0.169ns (DCD - SCD + CPR)
    Destination Clock Delay (DCD):    1.720ns = ( 11.720 - 10.000 ) 
    Source Clock Delay      (SCD):    1.990ns
    Clock Pessimism Removal (CPR):    0.101ns
  Clock Uncertainty:      0.130ns  ((TSJ^2 + DJ^2)^1/2) / 2 + PE
    Total System Jitter     (TSJ):    0.071ns
    Discrete Jitter          (DJ):    0.250ns
    Phase Error              (PE):    0.000ns
  Clock Net Delay (Source):      1.782ns (routing 0.569ns, distribution 1.213ns)
  Clock Net Delay (Destination): 1.552ns (routing 0.512ns, distribution 1.040ns)

    Location             Delay type                Incr(ns)  Path(ns)    Netlist Resource(s)
  -------------------------------------------------------------------    -------------------
                         (clock clk_pl_0 rise edge)
                                                      0.000     0.000 r  
    PS8_X0Y0             PS8                          0.000     0.000 r  design_1_i/zynq_ultra_ps_e_0/inst/PS8_i/PLCLK[0]
                         net (fo=1, routed)           0.180     0.180    design_1_i/zynq_ultra_ps_e_0/inst/pl_clk_unbuffered[0]
    BUFG_PS_X0Y80        BUFG_PS (Prop_BUFG_PS_I_O)
                                                      0.028     0.208 r  design_1_i/zynq_ultra_ps_e_0/inst/buffer_pl_clk_0.PL_CLK_0_BUFG/O
    X1Y2 (CLOCK_ROOT)    net (fo=3956, routed)        1.782     1.990    design_1_i/rst_ps8_0_100M/U0/slowest_sync_clk
    SLICE_X50Y49         FDRE                                         r  design_1_i/rst_ps8_0_100M/U0/ACTIVE_LOW_PR_OUT_DFF[0].FDRE_PER_N/C
  -------------------------------------------------------------------    -------------------
    SLICE_X50Y49         FDRE (Prop_AFF_SLICEM_C_Q)
                                                      0.077     2.067 r  design_1_i/rst_ps8_0_100M/U0/ACTIVE_LOW_PR_OUT_DFF[0].FDRE_PER_N/Q
                         net (fo=1, routed)           1.265     3.332    design_1_i/rst_ps8_0_100M/U0/peripheral_aresetn[0]_bufg_place
    BUFGCE_X1Y44         BUFGCE (Prop_BUFCE_BUFGCE_I_O)
                                                      0.028     3.360 r  design_1_i/rst_ps8_0_100M/U0/ACTIVE_LOW_PR_OUT_DFF[0].FDRE_PER_N_bufg_place/O
                         net (fo=2843, routed)        1.255     4.615    design_1_i/tpu_mnist_ip_0/inst/s_axi_aresetn_0
    SLICE_X50Y120        FDCE                                         f  design_1_i/tpu_mnist_ip_0/inst/ub_rdata_q_reg[5]/CLR  (IS_INVERTED)
  -------------------------------------------------------------------    -------------------

                         (clock clk_pl_0 rise edge)
                                                     10.000    10.000 r  
    PS8_X0Y0             PS8                          0.000    10.000 r  design_1_i/zynq_ultra_ps_e_0/inst/PS8_i/PLCLK[0]
                         net (fo=1, routed)           0.143    10.143    design_1_i/zynq_ultra_ps_e_0/inst/pl_clk_unbuffered[0]
    BUFG_PS_X0Y80        BUFG_PS (Prop_BUFG_PS_I_O)
                                                      0.025    10.168 r  design_1_i/zynq_ultra_ps_e_0/inst/buffer_pl_clk_0.PL_CLK_0_BUFG/O
    X1Y2 (CLOCK_ROOT)    net (fo=3956, routed)        1.552    11.720    design_1_i/tpu_mnist_ip_0/inst/s_axi_aclk
    SLICE_X50Y120        FDCE                                         r  design_1_i/tpu_mnist_ip_0/inst/ub_rdata_q_reg[5]/C
                         clock pessimism              0.101    11.821    
                         clock uncertainty           -0.130    11.691    
    SLICE_X50Y120        FDCE (Recov_GFF2_SLICEM_C_CLR)
                                                     -0.066    11.625    design_1_i/tpu_mnist_ip_0/inst/ub_rdata_q_reg[5]
  -------------------------------------------------------------------
                         required time                         11.625    
                         arrival time                          -4.615    
  -------------------------------------------------------------------
                         slack                                  7.010    

Slack (MET) :             7.010ns  (required time - arrival time)
  Source:                 design_1_i/rst_ps8_0_100M/U0/ACTIVE_LOW_PR_OUT_DFF[0].FDRE_PER_N/C
                            (rising edge-triggered cell FDRE clocked by clk_pl_0  {rise@0.000ns fall@5.000ns period=10.000ns})
  Destination:            design_1_i/tpu_mnist_ip_0/inst/ub_wdata_q_reg[3]/CLR
                            (recovery check against rising-edge clock clk_pl_0  {rise@0.000ns fall@5.000ns period=10.000ns})
  Path Group:             **async_default**
  Path Type:              Recovery (Max at Slow Process Corner)
  Requirement:            10.000ns  (clk_pl_0 rise@10.000ns - clk_pl_0 rise@0.000ns)
  Data Path Delay:        2.625ns  (logic 0.105ns (4.000%)  route 2.520ns (96.000%))
  Logic Levels:           1  (BUFGCE=1)
  Clock Path Skew:        -0.169ns (DCD - SCD + CPR)
    Destination Clock Delay (DCD):    1.720ns = ( 11.720 - 10.000 ) 
    Source Clock Delay      (SCD):    1.990ns
    Clock Pessimism Removal (CPR):    0.101ns
  Clock Uncertainty:      0.130ns  ((TSJ^2 + DJ^2)^1/2) / 2 + PE
    Total System Jitter     (TSJ):    0.071ns
    Discrete Jitter          (DJ):    0.250ns
    Phase Error              (PE):    0.000ns
  Clock Net Delay (Source):      1.782ns (routing 0.569ns, distribution 1.213ns)
  Clock Net Delay (Destination): 1.552ns (routing 0.512ns, distribution 1.040ns)

    Location             Delay type                Incr(ns)  Path(ns)    Netlist Resource(s)
  -------------------------------------------------------------------    -------------------
                         (clock clk_pl_0 rise edge)
                                                      0.000     0.000 r  
    PS8_X0Y0             PS8                          0.000     0.000 r  design_1_i/zynq_ultra_ps_e_0/inst/PS8_i/PLCLK[0]
                         net (fo=1, routed)           0.180     0.180    design_1_i/zynq_ultra_ps_e_0/inst/pl_clk_unbuffered[0]
    BUFG_PS_X0Y80        BUFG_PS (Prop_BUFG_PS_I_O)
                                                      0.028     0.208 r  design_1_i/zynq_ultra_ps_e_0/inst/buffer_pl_clk_0.PL_CLK_0_BUFG/O
    X1Y2 (CLOCK_ROOT)    net (fo=3956, routed)        1.782     1.990    design_1_i/rst_ps8_0_100M/U0/slowest_sync_clk
    SLICE_X50Y49         FDRE                                         r  design_1_i/rst_ps8_0_100M/U0/ACTIVE_LOW_PR_OUT_DFF[0].FDRE_PER_N/C
  -------------------------------------------------------------------    -------------------
    SLICE_X50Y49         FDRE (Prop_AFF_SLICEM_C_Q)
                                                      0.077     2.067 r  design_1_i/rst_ps8_0_100M/U0/ACTIVE_LOW_PR_OUT_DFF[0].FDRE_PER_N/Q
                         net (fo=1, routed)           1.265     3.332    design_1_i/rst_ps8_0_100M/U0/peripheral_aresetn[0]_bufg_place
    BUFGCE_X1Y44         BUFGCE (Prop_BUFCE_BUFGCE_I_O)
                                                      0.028     3.360 r  design_1_i/rst_ps8_0_100M/U0/ACTIVE_LOW_PR_OUT_DFF[0].FDRE_PER_N_bufg_place/O
                         net (fo=2843, routed)        1.255     4.615    design_1_i/tpu_mnist_ip_0/inst/s_axi_aresetn_0
    SLICE_X50Y120        FDCE                                         f  design_1_i/tpu_mnist_ip_0/inst/ub_wdata_q_reg[3]/CLR  (IS_INVERTED)
  -------------------------------------------------------------------    -------------------

                         (clock clk_pl_0 rise edge)
                                                     10.000    10.000 r  
    PS8_X0Y0             PS8                          0.000    10.000 r  design_1_i/zynq_ultra_ps_e_0/inst/PS8_i/PLCLK[0]
                         net (fo=1, routed)           0.143    10.143    design_1_i/zynq_ultra_ps_e_0/inst/pl_clk_unbuffered[0]
    BUFG_PS_X0Y80        BUFG_PS (Prop_BUFG_PS_I_O)
                                                      0.025    10.168 r  design_1_i/zynq_ultra_ps_e_0/inst/buffer_pl_clk_0.PL_CLK_0_BUFG/O
    X1Y2 (CLOCK_ROOT)    net (fo=3956, routed)        1.552    11.720    design_1_i/tpu_mnist_ip_0/inst/s_axi_aclk
    SLICE_X50Y120        FDCE                                         r  design_1_i/tpu_mnist_ip_0/inst/ub_wdata_q_reg[3]/C
                         clock pessimism              0.101    11.821    
                         clock uncertainty           -0.130    11.691    
    SLICE_X50Y120        FDCE (Recov_HFF_SLICEM_C_CLR)
                                                     -0.066    11.625    design_1_i/tpu_mnist_ip_0/inst/ub_wdata_q_reg[3]
  -------------------------------------------------------------------
                         required time                         11.625    
                         arrival time                          -4.615    
  -------------------------------------------------------------------
                         slack                                  7.010    

Slack (MET) :             7.010ns  (required time - arrival time)
  Source:                 design_1_i/rst_ps8_0_100M/U0/ACTIVE_LOW_PR_OUT_DFF[0].FDRE_PER_N/C
                            (rising edge-triggered cell FDRE clocked by clk_pl_0  {rise@0.000ns fall@5.000ns period=10.000ns})
  Destination:            design_1_i/tpu_mnist_ip_0/inst/ub_wdata_q_reg[5]/CLR
                            (recovery check against rising-edge clock clk_pl_0  {rise@0.000ns fall@5.000ns period=10.000ns})
  Path Group:             **async_default**
  Path Type:              Recovery (Max at Slow Process Corner)
  Requirement:            10.000ns  (clk_pl_0 rise@10.000ns - clk_pl_0 rise@0.000ns)
  Data Path Delay:        2.625ns  (logic 0.105ns (4.000%)  route 2.520ns (96.000%))
  Logic Levels:           1  (BUFGCE=1)
  Clock Path Skew:        -0.169ns (DCD - SCD + CPR)
    Destination Clock Delay (DCD):    1.720ns = ( 11.720 - 10.000 ) 
    Source Clock Delay      (SCD):    1.990ns
    Clock Pessimism Removal (CPR):    0.101ns
  Clock Uncertainty:      0.130ns  ((TSJ^2 + DJ^2)^1/2) / 2 + PE
    Total System Jitter     (TSJ):    0.071ns
    Discrete Jitter          (DJ):    0.250ns
    Phase Error              (PE):    0.000ns
  Clock Net Delay (Source):      1.782ns (routing 0.569ns, distribution 1.213ns)
  Clock Net Delay (Destination): 1.552ns (routing 0.512ns, distribution 1.040ns)

    Location             Delay type                Incr(ns)  Path(ns)    Netlist Resource(s)
  -------------------------------------------------------------------    -------------------
                         (clock clk_pl_0 rise edge)
                                                      0.000     0.000 r  
    PS8_X0Y0             PS8                          0.000     0.000 r  design_1_i/zynq_ultra_ps_e_0/inst/PS8_i/PLCLK[0]
                         net (fo=1, routed)           0.180     0.180    design_1_i/zynq_ultra_ps_e_0/inst/pl_clk_unbuffered[0]
    BUFG_PS_X0Y80        BUFG_PS (Prop_BUFG_PS_I_O)
                                                      0.028     0.208 r  design_1_i/zynq_ultra_ps_e_0/inst/buffer_pl_clk_0.PL_CLK_0_BUFG/O
    X1Y2 (CLOCK_ROOT)    net (fo=3956, routed)        1.782     1.990    design_1_i/rst_ps8_0_100M/U0/slowest_sync_clk
    SLICE_X50Y49         FDRE                                         r  design_1_i/rst_ps8_0_100M/U0/ACTIVE_LOW_PR_OUT_DFF[0].FDRE_PER_N/C
  -------------------------------------------------------------------    -------------------
    SLICE_X50Y49         FDRE (Prop_AFF_SLICEM_C_Q)
                                                      0.077     2.067 r  design_1_i/rst_ps8_0_100M/U0/ACTIVE_LOW_PR_OUT_DFF[0].FDRE_PER_N/Q
                         net (fo=1, routed)           1.265     3.332    design_1_i/rst_ps8_0_100M/U0/peripheral_aresetn[0]_bufg_place
    BUFGCE_X1Y44         BUFGCE (Prop_BUFCE_BUFGCE_I_O)
                                                      0.028     3.360 r  design_1_i/rst_ps8_0_100M/U0/ACTIVE_LOW_PR_OUT_DFF[0].FDRE_PER_N_bufg_place/O
                         net (fo=2843, routed)        1.255     4.615    design_1_i/tpu_mnist_ip_0/inst/s_axi_aresetn_0
    SLICE_X50Y120        FDCE                                         f  design_1_i/tpu_mnist_ip_0/inst/ub_wdata_q_reg[5]/CLR  (IS_INVERTED)
  -------------------------------------------------------------------    -------------------

                         (clock clk_pl_0 rise edge)
                                                     10.000    10.000 r  
    PS8_X0Y0             PS8                          0.000    10.000 r  design_1_i/zynq_ultra_ps_e_0/inst/PS8_i/PLCLK[0]
                         net (fo=1, routed)           0.143    10.143    design_1_i/zynq_ultra_ps_e_0/inst/pl_clk_unbuffered[0]
    BUFG_PS_X0Y80        BUFG_PS (Prop_BUFG_PS_I_O)
                                                      0.025    10.168 r  design_1_i/zynq_ultra_ps_e_0/inst/buffer_pl_clk_0.PL_CLK_0_BUFG/O
    X1Y2 (CLOCK_ROOT)    net (fo=3956, routed)        1.552    11.720    design_1_i/tpu_mnist_ip_0/inst/s_axi_aclk
    SLICE_X50Y120        FDCE                                         r  design_1_i/tpu_mnist_ip_0/inst/ub_wdata_q_reg[5]/C
                         clock pessimism              0.101    11.821    
                         clock uncertainty           -0.130    11.691    
    SLICE_X50Y120        FDCE (Recov_GFF_SLICEM_C_CLR)
                                                     -0.066    11.625    design_1_i/tpu_mnist_ip_0/inst/ub_wdata_q_reg[5]
  -------------------------------------------------------------------
                         required time                         11.625    
                         arrival time                          -4.615    
  -------------------------------------------------------------------
                         slack                                  7.010    





Min Delay Paths
--------------------------------------------------------------------------------------
Slack (MET) :             1.284ns  (arrival time - required time)
  Source:                 design_1_i/rst_ps8_0_100M/U0/ACTIVE_LOW_PR_OUT_DFF[0].FDRE_PER_N/C
                            (rising edge-triggered cell FDRE clocked by clk_pl_0  {rise@0.000ns fall@5.000ns period=10.000ns})
  Destination:            design_1_i/tpu_mnist_ip_0/inst/u_tpu_top/u_datapath/u_accumulator_array/acc_mem_q_reg[3][1][27]/CLR
                            (removal check against rising-edge clock clk_pl_0  {rise@0.000ns fall@5.000ns period=10.000ns})
  Path Group:             **async_default**
  Path Type:              Removal (Min at Fast Process Corner)
  Requirement:            0.000ns  (clk_pl_0 rise@0.000ns - clk_pl_0 rise@0.000ns)
  Data Path Delay:        1.358ns  (logic 0.055ns (4.051%)  route 1.303ns (95.949%))
  Logic Levels:           1  (BUFGCE=1)
  Clock Path Skew:        0.094ns (DCD - SCD - CPR)
    Destination Clock Delay (DCD):    1.309ns
    Source Clock Delay      (SCD):    1.125ns
    Clock Pessimism Removal (CPR):    0.090ns
  Clock Net Delay (Source):      0.986ns (routing 0.311ns, distribution 0.675ns)
  Clock Net Delay (Destination): 1.137ns (routing 0.352ns, distribution 0.785ns)

    Location             Delay type                Incr(ns)  Path(ns)    Netlist Resource(s)
  -------------------------------------------------------------------    -------------------
                         (clock clk_pl_0 rise edge)
                                                      0.000     0.000 r  
    PS8_X0Y0             PS8                          0.000     0.000 r  design_1_i/zynq_ultra_ps_e_0/inst/PS8_i/PLCLK[0]
                         net (fo=1, routed)           0.122     0.122    design_1_i/zynq_ultra_ps_e_0/inst/pl_clk_unbuffered[0]
    BUFG_PS_X0Y80        BUFG_PS (Prop_BUFG_PS_I_O)
                                                      0.017     0.139 r  design_1_i/zynq_ultra_ps_e_0/inst/buffer_pl_clk_0.PL_CLK_0_BUFG/O
    X1Y2 (CLOCK_ROOT)    net (fo=3956, routed)        0.986     1.125    design_1_i/rst_ps8_0_100M/U0/slowest_sync_clk
    SLICE_X50Y49         FDRE                                         r  design_1_i/rst_ps8_0_100M/U0/ACTIVE_LOW_PR_OUT_DFF[0].FDRE_PER_N/C
  -------------------------------------------------------------------    -------------------
    SLICE_X50Y49         FDRE (Prop_AFF_SLICEM_C_Q)
                                                      0.038     1.163 r  design_1_i/rst_ps8_0_100M/U0/ACTIVE_LOW_PR_OUT_DFF[0].FDRE_PER_N/Q
                         net (fo=1, routed)           0.656     1.819    design_1_i/rst_ps8_0_100M/U0/peripheral_aresetn[0]_bufg_place
    BUFGCE_X1Y44         BUFGCE (Prop_BUFCE_BUFGCE_I_O)
                                                      0.017     1.836 r  design_1_i/rst_ps8_0_100M/U0/ACTIVE_LOW_PR_OUT_DFF[0].FDRE_PER_N_bufg_place/O
                         net (fo=2843, routed)        0.647     2.482    design_1_i/tpu_mnist_ip_0/inst/u_tpu_top/u_datapath/u_accumulator_array/s_axi_aresetn
    SLICE_X65Y68         FDCE                                         f  design_1_i/tpu_mnist_ip_0/inst/u_tpu_top/u_datapath/u_accumulator_array/acc_mem_q_reg[3][1][27]/CLR  (IS_INVERTED)
  -------------------------------------------------------------------    -------------------

                         (clock clk_pl_0 rise edge)
                                                      0.000     0.000 r  
    PS8_X0Y0             PS8                          0.000     0.000 r  design_1_i/zynq_ultra_ps_e_0/inst/PS8_i/PLCLK[0]
                         net (fo=1, routed)           0.154     0.154    design_1_i/zynq_ultra_ps_e_0/inst/pl_clk_unbuffered[0]
    BUFG_PS_X0Y80        BUFG_PS (Prop_BUFG_PS_I_O)
                                                      0.018     0.172 r  design_1_i/zynq_ultra_ps_e_0/inst/buffer_pl_clk_0.PL_CLK_0_BUFG/O
    X1Y2 (CLOCK_ROOT)    net (fo=3956, routed)        1.137     1.309    design_1_i/tpu_mnist_ip_0/inst/u_tpu_top/u_datapath/u_accumulator_array/s_axi_aclk
    SLICE_X65Y68         FDCE                                         r  design_1_i/tpu_mnist_ip_0/inst/u_tpu_top/u_datapath/u_accumulator_array/acc_mem_q_reg[3][1][27]/C
                         clock pessimism             -0.090     1.219    
    SLICE_X65Y68         FDCE (Remov_HFF_SLICEL_C_CLR)
                                                     -0.020     1.199    design_1_i/tpu_mnist_ip_0/inst/u_tpu_top/u_datapath/u_accumulator_array/acc_mem_q_reg[3][1][27]
  -------------------------------------------------------------------
                         required time                         -1.199    
                         arrival time                           2.482    
  -------------------------------------------------------------------
                         slack                                  1.284    

Slack (MET) :             1.284ns  (arrival time - required time)
  Source:                 design_1_i/rst_ps8_0_100M/U0/ACTIVE_LOW_PR_OUT_DFF[0].FDRE_PER_N/C
                            (rising edge-triggered cell FDRE clocked by clk_pl_0  {rise@0.000ns fall@5.000ns period=10.000ns})
  Destination:            design_1_i/tpu_mnist_ip_0/inst/u_tpu_top/u_datapath/u_accumulator_array/acc_mem_q_reg[2][1][9]/CLR
                            (removal check against rising-edge clock clk_pl_0  {rise@0.000ns fall@5.000ns period=10.000ns})
  Path Group:             **async_default**
  Path Type:              Removal (Min at Fast Process Corner)
  Requirement:            0.000ns  (clk_pl_0 rise@0.000ns - clk_pl_0 rise@0.000ns)
  Data Path Delay:        1.359ns  (logic 0.055ns (4.048%)  route 1.304ns (95.952%))
  Logic Levels:           1  (BUFGCE=1)
  Clock Path Skew:        0.095ns (DCD - SCD - CPR)
    Destination Clock Delay (DCD):    1.310ns
    Source Clock Delay      (SCD):    1.125ns
    Clock Pessimism Removal (CPR):    0.090ns
  Clock Net Delay (Source):      0.986ns (routing 0.311ns, distribution 0.675ns)
  Clock Net Delay (Destination): 1.138ns (routing 0.352ns, distribution 0.786ns)

    Location             Delay type                Incr(ns)  Path(ns)    Netlist Resource(s)
  -------------------------------------------------------------------    -------------------
                         (clock clk_pl_0 rise edge)
                                                      0.000     0.000 r  
    PS8_X0Y0             PS8                          0.000     0.000 r  design_1_i/zynq_ultra_ps_e_0/inst/PS8_i/PLCLK[0]
                         net (fo=1, routed)           0.122     0.122    design_1_i/zynq_ultra_ps_e_0/inst/pl_clk_unbuffered[0]
    BUFG_PS_X0Y80        BUFG_PS (Prop_BUFG_PS_I_O)
                                                      0.017     0.139 r  design_1_i/zynq_ultra_ps_e_0/inst/buffer_pl_clk_0.PL_CLK_0_BUFG/O
    X1Y2 (CLOCK_ROOT)    net (fo=3956, routed)        0.986     1.125    design_1_i/rst_ps8_0_100M/U0/slowest_sync_clk
    SLICE_X50Y49         FDRE                                         r  design_1_i/rst_ps8_0_100M/U0/ACTIVE_LOW_PR_OUT_DFF[0].FDRE_PER_N/C
  -------------------------------------------------------------------    -------------------
    SLICE_X50Y49         FDRE (Prop_AFF_SLICEM_C_Q)
                                                      0.038     1.163 r  design_1_i/rst_ps8_0_100M/U0/ACTIVE_LOW_PR_OUT_DFF[0].FDRE_PER_N/Q
                         net (fo=1, routed)           0.656     1.819    design_1_i/rst_ps8_0_100M/U0/peripheral_aresetn[0]_bufg_place
    BUFGCE_X1Y44         BUFGCE (Prop_BUFCE_BUFGCE_I_O)
                                                      0.017     1.836 r  design_1_i/rst_ps8_0_100M/U0/ACTIVE_LOW_PR_OUT_DFF[0].FDRE_PER_N_bufg_place/O
                         net (fo=2843, routed)        0.648     2.483    design_1_i/tpu_mnist_ip_0/inst/u_tpu_top/u_datapath/u_accumulator_array/s_axi_aresetn
    SLICE_X65Y63         FDCE                                         f  design_1_i/tpu_mnist_ip_0/inst/u_tpu_top/u_datapath/u_accumulator_array/acc_mem_q_reg[2][1][9]/CLR  (IS_INVERTED)
  -------------------------------------------------------------------    -------------------

                         (clock clk_pl_0 rise edge)
                                                      0.000     0.000 r  
    PS8_X0Y0             PS8                          0.000     0.000 r  design_1_i/zynq_ultra_ps_e_0/inst/PS8_i/PLCLK[0]
                         net (fo=1, routed)           0.154     0.154    design_1_i/zynq_ultra_ps_e_0/inst/pl_clk_unbuffered[0]
    BUFG_PS_X0Y80        BUFG_PS (Prop_BUFG_PS_I_O)
                                                      0.018     0.172 r  design_1_i/zynq_ultra_ps_e_0/inst/buffer_pl_clk_0.PL_CLK_0_BUFG/O
    X1Y2 (CLOCK_ROOT)    net (fo=3956, routed)        1.138     1.310    design_1_i/tpu_mnist_ip_0/inst/u_tpu_top/u_datapath/u_accumulator_array/s_axi_aclk
    SLICE_X65Y63         FDCE                                         r  design_1_i/tpu_mnist_ip_0/inst/u_tpu_top/u_datapath/u_accumulator_array/acc_mem_q_reg[2][1][9]/C
                         clock pessimism             -0.090     1.220    
    SLICE_X65Y63         FDCE (Remov_HFF_SLICEL_C_CLR)
                                                     -0.020     1.200    design_1_i/tpu_mnist_ip_0/inst/u_tpu_top/u_datapath/u_accumulator_array/acc_mem_q_reg[2][1][9]
  -------------------------------------------------------------------
                         required time                         -1.200    
                         arrival time                           2.483    
  -------------------------------------------------------------------
                         slack                                  1.284    

Slack (MET) :             1.284ns  (arrival time - required time)
  Source:                 design_1_i/rst_ps8_0_100M/U0/ACTIVE_LOW_PR_OUT_DFF[0].FDRE_PER_N/C
                            (rising edge-triggered cell FDRE clocked by clk_pl_0  {rise@0.000ns fall@5.000ns period=10.000ns})
  Destination:            design_1_i/tpu_mnist_ip_0/inst/u_tpu_top/u_datapath/u_accumulator_array/acc_mem_q_reg[3][1][13]/CLR
                            (removal check against rising-edge clock clk_pl_0  {rise@0.000ns fall@5.000ns period=10.000ns})
  Path Group:             **async_default**
  Path Type:              Removal (Min at Fast Process Corner)
  Requirement:            0.000ns  (clk_pl_0 rise@0.000ns - clk_pl_0 rise@0.000ns)
  Data Path Delay:        1.355ns  (logic 0.055ns (4.059%)  route 1.300ns (95.941%))
  Logic Levels:           1  (BUFGCE=1)
  Clock Path Skew:        0.091ns (DCD - SCD - CPR)
    Destination Clock Delay (DCD):    1.305ns
    Source Clock Delay      (SCD):    1.125ns
    Clock Pessimism Removal (CPR):    0.090ns
  Clock Net Delay (Source):      0.986ns (routing 0.311ns, distribution 0.675ns)
  Clock Net Delay (Destination): 1.133ns (routing 0.352ns, distribution 0.781ns)

    Location             Delay type                Incr(ns)  Path(ns)    Netlist Resource(s)
  -------------------------------------------------------------------    -------------------
                         (clock clk_pl_0 rise edge)
                                                      0.000     0.000 r  
    PS8_X0Y0             PS8                          0.000     0.000 r  design_1_i/zynq_ultra_ps_e_0/inst/PS8_i/PLCLK[0]
                         net (fo=1, routed)           0.122     0.122    design_1_i/zynq_ultra_ps_e_0/inst/pl_clk_unbuffered[0]
    BUFG_PS_X0Y80        BUFG_PS (Prop_BUFG_PS_I_O)
                                                      0.017     0.139 r  design_1_i/zynq_ultra_ps_e_0/inst/buffer_pl_clk_0.PL_CLK_0_BUFG/O
    X1Y2 (CLOCK_ROOT)    net (fo=3956, routed)        0.986     1.125    design_1_i/rst_ps8_0_100M/U0/slowest_sync_clk
    SLICE_X50Y49         FDRE                                         r  design_1_i/rst_ps8_0_100M/U0/ACTIVE_LOW_PR_OUT_DFF[0].FDRE_PER_N/C
  -------------------------------------------------------------------    -------------------
    SLICE_X50Y49         FDRE (Prop_AFF_SLICEM_C_Q)
                                                      0.038     1.163 r  design_1_i/rst_ps8_0_100M/U0/ACTIVE_LOW_PR_OUT_DFF[0].FDRE_PER_N/Q
                         net (fo=1, routed)           0.656     1.819    design_1_i/rst_ps8_0_100M/U0/peripheral_aresetn[0]_bufg_place
    BUFGCE_X1Y44         BUFGCE (Prop_BUFCE_BUFGCE_I_O)
                                                      0.017     1.836 r  design_1_i/rst_ps8_0_100M/U0/ACTIVE_LOW_PR_OUT_DFF[0].FDRE_PER_N_bufg_place/O
                         net (fo=2843, routed)        0.644     2.480    design_1_i/tpu_mnist_ip_0/inst/u_tpu_top/u_datapath/u_accumulator_array/s_axi_aresetn
    SLICE_X65Y62         FDCE                                         f  design_1_i/tpu_mnist_ip_0/inst/u_tpu_top/u_datapath/u_accumulator_array/acc_mem_q_reg[3][1][13]/CLR  (IS_INVERTED)
  -------------------------------------------------------------------    -------------------

                         (clock clk_pl_0 rise edge)
                                                      0.000     0.000 r  
    PS8_X0Y0             PS8                          0.000     0.000 r  design_1_i/zynq_ultra_ps_e_0/inst/PS8_i/PLCLK[0]
                         net (fo=1, routed)           0.154     0.154    design_1_i/zynq_ultra_ps_e_0/inst/pl_clk_unbuffered[0]
    BUFG_PS_X0Y80        BUFG_PS (Prop_BUFG_PS_I_O)
                                                      0.018     0.172 r  design_1_i/zynq_ultra_ps_e_0/inst/buffer_pl_clk_0.PL_CLK_0_BUFG/O
    X1Y2 (CLOCK_ROOT)    net (fo=3956, routed)        1.133     1.305    design_1_i/tpu_mnist_ip_0/inst/u_tpu_top/u_datapath/u_accumulator_array/s_axi_aclk
    SLICE_X65Y62         FDCE                                         r  design_1_i/tpu_mnist_ip_0/inst/u_tpu_top/u_datapath/u_accumulator_array/acc_mem_q_reg[3][1][13]/C
                         clock pessimism             -0.090     1.215    
    SLICE_X65Y62         FDCE (Remov_HFF_SLICEL_C_CLR)
                                                     -0.020     1.195    design_1_i/tpu_mnist_ip_0/inst/u_tpu_top/u_datapath/u_accumulator_array/acc_mem_q_reg[3][1][13]
  -------------------------------------------------------------------
                         required time                         -1.195    
                         arrival time                           2.480    
  -------------------------------------------------------------------
                         slack                                  1.284    

Slack (MET) :             1.284ns  (arrival time - required time)
  Source:                 design_1_i/rst_ps8_0_100M/U0/ACTIVE_LOW_PR_OUT_DFF[0].FDRE_PER_N/C
                            (rising edge-triggered cell FDRE clocked by clk_pl_0  {rise@0.000ns fall@5.000ns period=10.000ns})
  Destination:            design_1_i/tpu_mnist_ip_0/inst/u_tpu_top/u_datapath/u_accumulator_array/acc_mem_q_reg[3][1][15]/CLR
                            (removal check against rising-edge clock clk_pl_0  {rise@0.000ns fall@5.000ns period=10.000ns})
  Path Group:             **async_default**
  Path Type:              Removal (Min at Fast Process Corner)
  Requirement:            0.000ns  (clk_pl_0 rise@0.000ns - clk_pl_0 rise@0.000ns)
  Data Path Delay:        1.355ns  (logic 0.055ns (4.059%)  route 1.300ns (95.941%))
  Logic Levels:           1  (BUFGCE=1)
  Clock Path Skew:        0.091ns (DCD - SCD - CPR)
    Destination Clock Delay (DCD):    1.305ns
    Source Clock Delay      (SCD):    1.125ns
    Clock Pessimism Removal (CPR):    0.090ns
  Clock Net Delay (Source):      0.986ns (routing 0.311ns, distribution 0.675ns)
  Clock Net Delay (Destination): 1.133ns (routing 0.352ns, distribution 0.781ns)

    Location             Delay type                Incr(ns)  Path(ns)    Netlist Resource(s)
  -------------------------------------------------------------------    -------------------
                         (clock clk_pl_0 rise edge)
                                                      0.000     0.000 r  
    PS8_X0Y0             PS8                          0.000     0.000 r  design_1_i/zynq_ultra_ps_e_0/inst/PS8_i/PLCLK[0]
                         net (fo=1, routed)           0.122     0.122    design_1_i/zynq_ultra_ps_e_0/inst/pl_clk_unbuffered[0]
    BUFG_PS_X0Y80        BUFG_PS (Prop_BUFG_PS_I_O)
                                                      0.017     0.139 r  design_1_i/zynq_ultra_ps_e_0/inst/buffer_pl_clk_0.PL_CLK_0_BUFG/O
    X1Y2 (CLOCK_ROOT)    net (fo=3956, routed)        0.986     1.125    design_1_i/rst_ps8_0_100M/U0/slowest_sync_clk
    SLICE_X50Y49         FDRE                                         r  design_1_i/rst_ps8_0_100M/U0/ACTIVE_LOW_PR_OUT_DFF[0].FDRE_PER_N/C
  -------------------------------------------------------------------    -------------------
    SLICE_X50Y49         FDRE (Prop_AFF_SLICEM_C_Q)
                                                      0.038     1.163 r  design_1_i/rst_ps8_0_100M/U0/ACTIVE_LOW_PR_OUT_DFF[0].FDRE_PER_N/Q
                         net (fo=1, routed)           0.656     1.819    design_1_i/rst_ps8_0_100M/U0/peripheral_aresetn[0]_bufg_place
    BUFGCE_X1Y44         BUFGCE (Prop_BUFCE_BUFGCE_I_O)
                                                      0.017     1.836 r  design_1_i/rst_ps8_0_100M/U0/ACTIVE_LOW_PR_OUT_DFF[0].FDRE_PER_N_bufg_place/O
                         net (fo=2843, routed)        0.644     2.480    design_1_i/tpu_mnist_ip_0/inst/u_tpu_top/u_datapath/u_accumulator_array/s_axi_aresetn
    SLICE_X65Y61         FDCE                                         f  design_1_i/tpu_mnist_ip_0/inst/u_tpu_top/u_datapath/u_accumulator_array/acc_mem_q_reg[3][1][15]/CLR  (IS_INVERTED)
  -------------------------------------------------------------------    -------------------

                         (clock clk_pl_0 rise edge)
                                                      0.000     0.000 r  
    PS8_X0Y0             PS8                          0.000     0.000 r  design_1_i/zynq_ultra_ps_e_0/inst/PS8_i/PLCLK[0]
                         net (fo=1, routed)           0.154     0.154    design_1_i/zynq_ultra_ps_e_0/inst/pl_clk_unbuffered[0]
    BUFG_PS_X0Y80        BUFG_PS (Prop_BUFG_PS_I_O)
                                                      0.018     0.172 r  design_1_i/zynq_ultra_ps_e_0/inst/buffer_pl_clk_0.PL_CLK_0_BUFG/O
    X1Y2 (CLOCK_ROOT)    net (fo=3956, routed)        1.133     1.305    design_1_i/tpu_mnist_ip_0/inst/u_tpu_top/u_datapath/u_accumulator_array/s_axi_aclk
    SLICE_X65Y61         FDCE                                         r  design_1_i/tpu_mnist_ip_0/inst/u_tpu_top/u_datapath/u_accumulator_array/acc_mem_q_reg[3][1][15]/C
                         clock pessimism             -0.090     1.215    
    SLICE_X65Y61         FDCE (Remov_HFF_SLICEL_C_CLR)
                                                     -0.020     1.195    design_1_i/tpu_mnist_ip_0/inst/u_tpu_top/u_datapath/u_accumulator_array/acc_mem_q_reg[3][1][15]
  -------------------------------------------------------------------
                         required time                         -1.195    
                         arrival time                           2.480    
  -------------------------------------------------------------------
                         slack                                  1.284    

Slack (MET) :             1.284ns  (arrival time - required time)
  Source:                 design_1_i/rst_ps8_0_100M/U0/ACTIVE_LOW_PR_OUT_DFF[0].FDRE_PER_N/C
                            (rising edge-triggered cell FDRE clocked by clk_pl_0  {rise@0.000ns fall@5.000ns period=10.000ns})
  Destination:            design_1_i/tpu_mnist_ip_0/inst/u_tpu_top/u_datapath/u_accumulator_array/acc_mem_q_reg[6][0][20]/CLR
                            (removal check against rising-edge clock clk_pl_0  {rise@0.000ns fall@5.000ns period=10.000ns})
  Path Group:             **async_default**
  Path Type:              Removal (Min at Fast Process Corner)
  Requirement:            0.000ns  (clk_pl_0 rise@0.000ns - clk_pl_0 rise@0.000ns)
  Data Path Delay:        1.351ns  (logic 0.055ns (4.071%)  route 1.296ns (95.929%))
  Logic Levels:           1  (BUFGCE=1)
  Clock Path Skew:        0.087ns (DCD - SCD - CPR)
    Destination Clock Delay (DCD):    1.301ns
    Source Clock Delay      (SCD):    1.125ns
    Clock Pessimism Removal (CPR):    0.090ns
  Clock Net Delay (Source):      0.986ns (routing 0.311ns, distribution 0.675ns)
  Clock Net Delay (Destination): 1.129ns (routing 0.352ns, distribution 0.777ns)

    Location             Delay type                Incr(ns)  Path(ns)    Netlist Resource(s)
  -------------------------------------------------------------------    -------------------
                         (clock clk_pl_0 rise edge)
                                                      0.000     0.000 r  
    PS8_X0Y0             PS8                          0.000     0.000 r  design_1_i/zynq_ultra_ps_e_0/inst/PS8_i/PLCLK[0]
                         net (fo=1, routed)           0.122     0.122    design_1_i/zynq_ultra_ps_e_0/inst/pl_clk_unbuffered[0]
    BUFG_PS_X0Y80        BUFG_PS (Prop_BUFG_PS_I_O)
                                                      0.017     0.139 r  design_1_i/zynq_ultra_ps_e_0/inst/buffer_pl_clk_0.PL_CLK_0_BUFG/O
    X1Y2 (CLOCK_ROOT)    net (fo=3956, routed)        0.986     1.125    design_1_i/rst_ps8_0_100M/U0/slowest_sync_clk
    SLICE_X50Y49         FDRE                                         r  design_1_i/rst_ps8_0_100M/U0/ACTIVE_LOW_PR_OUT_DFF[0].FDRE_PER_N/C
  -------------------------------------------------------------------    -------------------
    SLICE_X50Y49         FDRE (Prop_AFF_SLICEM_C_Q)
                                                      0.038     1.163 r  design_1_i/rst_ps8_0_100M/U0/ACTIVE_LOW_PR_OUT_DFF[0].FDRE_PER_N/Q
                         net (fo=1, routed)           0.656     1.819    design_1_i/rst_ps8_0_100M/U0/peripheral_aresetn[0]_bufg_place
    BUFGCE_X1Y44         BUFGCE (Prop_BUFCE_BUFGCE_I_O)
                                                      0.017     1.836 r  design_1_i/rst_ps8_0_100M/U0/ACTIVE_LOW_PR_OUT_DFF[0].FDRE_PER_N_bufg_place/O
                         net (fo=2843, routed)        0.640     2.476    design_1_i/tpu_mnist_ip_0/inst/u_tpu_top/u_datapath/u_accumulator_array/s_axi_aresetn
    SLICE_X65Y77         FDCE                                         f  design_1_i/tpu_mnist_ip_0/inst/u_tpu_top/u_datapath/u_accumulator_array/acc_mem_q_reg[6][0][20]/CLR  (IS_INVERTED)
  -------------------------------------------------------------------    -------------------

                         (clock clk_pl_0 rise edge)
                                                      0.000     0.000 r  
    PS8_X0Y0             PS8                          0.000     0.000 r  design_1_i/zynq_ultra_ps_e_0/inst/PS8_i/PLCLK[0]
                         net (fo=1, routed)           0.154     0.154    design_1_i/zynq_ultra_ps_e_0/inst/pl_clk_unbuffered[0]
    BUFG_PS_X0Y80        BUFG_PS (Prop_BUFG_PS_I_O)
                                                      0.018     0.172 r  design_1_i/zynq_ultra_ps_e_0/inst/buffer_pl_clk_0.PL_CLK_0_BUFG/O
    X1Y2 (CLOCK_ROOT)    net (fo=3956, routed)        1.129     1.301    design_1_i/tpu_mnist_ip_0/inst/u_tpu_top/u_datapath/u_accumulator_array/s_axi_aclk
    SLICE_X65Y77         FDCE                                         r  design_1_i/tpu_mnist_ip_0/inst/u_tpu_top/u_datapath/u_accumulator_array/acc_mem_q_reg[6][0][20]/C
                         clock pessimism             -0.090     1.211    
    SLICE_X65Y77         FDCE (Remov_HFF_SLICEL_C_CLR)
                                                     -0.020     1.191    design_1_i/tpu_mnist_ip_0/inst/u_tpu_top/u_datapath/u_accumulator_array/acc_mem_q_reg[6][0][20]
  -------------------------------------------------------------------
                         required time                         -1.191    
                         arrival time                           2.476    
  -------------------------------------------------------------------
                         slack                                  1.284    

Slack (MET) :             1.284ns  (arrival time - required time)
  Source:                 design_1_i/rst_ps8_0_100M/U0/ACTIVE_LOW_PR_OUT_DFF[0].FDRE_PER_N/C
                            (rising edge-triggered cell FDRE clocked by clk_pl_0  {rise@0.000ns fall@5.000ns period=10.000ns})
  Destination:            design_1_i/tpu_mnist_ip_0/inst/u_tpu_top/u_datapath/u_accumulator_array/acc_mem_q_reg[7][0][20]/CLR
                            (removal check against rising-edge clock clk_pl_0  {rise@0.000ns fall@5.000ns period=10.000ns})
  Path Group:             **async_default**
  Path Type:              Removal (Min at Fast Process Corner)
  Requirement:            0.000ns  (clk_pl_0 rise@0.000ns - clk_pl_0 rise@0.000ns)
  Data Path Delay:        1.351ns  (logic 0.055ns (4.071%)  route 1.296ns (95.929%))
  Logic Levels:           1  (BUFGCE=1)
  Clock Path Skew:        0.087ns (DCD - SCD - CPR)
    Destination Clock Delay (DCD):    1.301ns
    Source Clock Delay      (SCD):    1.125ns
    Clock Pessimism Removal (CPR):    0.090ns
  Clock Net Delay (Source):      0.986ns (routing 0.311ns, distribution 0.675ns)
  Clock Net Delay (Destination): 1.129ns (routing 0.352ns, distribution 0.777ns)

    Location             Delay type                Incr(ns)  Path(ns)    Netlist Resource(s)
  -------------------------------------------------------------------    -------------------
                         (clock clk_pl_0 rise edge)
                                                      0.000     0.000 r  
    PS8_X0Y0             PS8                          0.000     0.000 r  design_1_i/zynq_ultra_ps_e_0/inst/PS8_i/PLCLK[0]
                         net (fo=1, routed)           0.122     0.122    design_1_i/zynq_ultra_ps_e_0/inst/pl_clk_unbuffered[0]
    BUFG_PS_X0Y80        BUFG_PS (Prop_BUFG_PS_I_O)
                                                      0.017     0.139 r  design_1_i/zynq_ultra_ps_e_0/inst/buffer_pl_clk_0.PL_CLK_0_BUFG/O
    X1Y2 (CLOCK_ROOT)    net (fo=3956, routed)        0.986     1.125    design_1_i/rst_ps8_0_100M/U0/slowest_sync_clk
    SLICE_X50Y49         FDRE                                         r  design_1_i/rst_ps8_0_100M/U0/ACTIVE_LOW_PR_OUT_DFF[0].FDRE_PER_N/C
  -------------------------------------------------------------------    -------------------
    SLICE_X50Y49         FDRE (Prop_AFF_SLICEM_C_Q)
                                                      0.038     1.163 r  design_1_i/rst_ps8_0_100M/U0/ACTIVE_LOW_PR_OUT_DFF[0].FDRE_PER_N/Q
                         net (fo=1, routed)           0.656     1.819    design_1_i/rst_ps8_0_100M/U0/peripheral_aresetn[0]_bufg_place
    BUFGCE_X1Y44         BUFGCE (Prop_BUFCE_BUFGCE_I_O)
                                                      0.017     1.836 r  design_1_i/rst_ps8_0_100M/U0/ACTIVE_LOW_PR_OUT_DFF[0].FDRE_PER_N_bufg_place/O
                         net (fo=2843, routed)        0.640     2.476    design_1_i/tpu_mnist_ip_0/inst/u_tpu_top/u_datapath/u_accumulator_array/s_axi_aresetn
    SLICE_X65Y77         FDCE                                         f  design_1_i/tpu_mnist_ip_0/inst/u_tpu_top/u_datapath/u_accumulator_array/acc_mem_q_reg[7][0][20]/CLR  (IS_INVERTED)
  -------------------------------------------------------------------    -------------------

                         (clock clk_pl_0 rise edge)
                                                      0.000     0.000 r  
    PS8_X0Y0             PS8                          0.000     0.000 r  design_1_i/zynq_ultra_ps_e_0/inst/PS8_i/PLCLK[0]
                         net (fo=1, routed)           0.154     0.154    design_1_i/zynq_ultra_ps_e_0/inst/pl_clk_unbuffered[0]
    BUFG_PS_X0Y80        BUFG_PS (Prop_BUFG_PS_I_O)
                                                      0.018     0.172 r  design_1_i/zynq_ultra_ps_e_0/inst/buffer_pl_clk_0.PL_CLK_0_BUFG/O
    X1Y2 (CLOCK_ROOT)    net (fo=3956, routed)        1.129     1.301    design_1_i/tpu_mnist_ip_0/inst/u_tpu_top/u_datapath/u_accumulator_array/s_axi_aclk
    SLICE_X65Y77         FDCE                                         r  design_1_i/tpu_mnist_ip_0/inst/u_tpu_top/u_datapath/u_accumulator_array/acc_mem_q_reg[7][0][20]/C
                         clock pessimism             -0.090     1.211    
    SLICE_X65Y77         FDCE (Remov_HFF2_SLICEL_C_CLR)
                                                     -0.020     1.191    design_1_i/tpu_mnist_ip_0/inst/u_tpu_top/u_datapath/u_accumulator_array/acc_mem_q_reg[7][0][20]
  -------------------------------------------------------------------
                         required time                         -1.191    
                         arrival time                           2.476    
  -------------------------------------------------------------------
                         slack                                  1.284    

Slack (MET) :             1.285ns  (arrival time - required time)
  Source:                 design_1_i/rst_ps8_0_100M/U0/ACTIVE_LOW_PR_OUT_DFF[0].FDRE_PER_N/C
                            (rising edge-triggered cell FDRE clocked by clk_pl_0  {rise@0.000ns fall@5.000ns period=10.000ns})
  Destination:            design_1_i/tpu_mnist_ip_0/inst/u_tpu_top/u_datapath/u_accumulator_array/acc_mem_q_reg[2][1][11]/CLR
                            (removal check against rising-edge clock clk_pl_0  {rise@0.000ns fall@5.000ns period=10.000ns})
  Path Group:             **async_default**
  Path Type:              Removal (Min at Fast Process Corner)
  Requirement:            0.000ns  (clk_pl_0 rise@0.000ns - clk_pl_0 rise@0.000ns)
  Data Path Delay:        1.359ns  (logic 0.055ns (4.048%)  route 1.304ns (95.952%))
  Logic Levels:           1  (BUFGCE=1)
  Clock Path Skew:        0.094ns (DCD - SCD - CPR)
    Destination Clock Delay (DCD):    1.309ns
    Source Clock Delay      (SCD):    1.125ns
    Clock Pessimism Removal (CPR):    0.090ns
  Clock Net Delay (Source):      0.986ns (routing 0.311ns, distribution 0.675ns)
  Clock Net Delay (Destination): 1.137ns (routing 0.352ns, distribution 0.785ns)

    Location             Delay type                Incr(ns)  Path(ns)    Netlist Resource(s)
  -------------------------------------------------------------------    -------------------
                         (clock clk_pl_0 rise edge)
                                                      0.000     0.000 r  
    PS8_X0Y0             PS8                          0.000     0.000 r  design_1_i/zynq_ultra_ps_e_0/inst/PS8_i/PLCLK[0]
                         net (fo=1, routed)           0.122     0.122    design_1_i/zynq_ultra_ps_e_0/inst/pl_clk_unbuffered[0]
    BUFG_PS_X0Y80        BUFG_PS (Prop_BUFG_PS_I_O)
                                                      0.017     0.139 r  design_1_i/zynq_ultra_ps_e_0/inst/buffer_pl_clk_0.PL_CLK_0_BUFG/O
    X1Y2 (CLOCK_ROOT)    net (fo=3956, routed)        0.986     1.125    design_1_i/rst_ps8_0_100M/U0/slowest_sync_clk
    SLICE_X50Y49         FDRE                                         r  design_1_i/rst_ps8_0_100M/U0/ACTIVE_LOW_PR_OUT_DFF[0].FDRE_PER_N/C
  -------------------------------------------------------------------    -------------------
    SLICE_X50Y49         FDRE (Prop_AFF_SLICEM_C_Q)
                                                      0.038     1.163 r  design_1_i/rst_ps8_0_100M/U0/ACTIVE_LOW_PR_OUT_DFF[0].FDRE_PER_N/Q
                         net (fo=1, routed)           0.656     1.819    design_1_i/rst_ps8_0_100M/U0/peripheral_aresetn[0]_bufg_place
    BUFGCE_X1Y44         BUFGCE (Prop_BUFCE_BUFGCE_I_O)
                                                      0.017     1.836 r  design_1_i/rst_ps8_0_100M/U0/ACTIVE_LOW_PR_OUT_DFF[0].FDRE_PER_N_bufg_place/O
                         net (fo=2843, routed)        0.648     2.483    design_1_i/tpu_mnist_ip_0/inst/u_tpu_top/u_datapath/u_accumulator_array/s_axi_aresetn
    SLICE_X65Y66         FDCE                                         f  design_1_i/tpu_mnist_ip_0/inst/u_tpu_top/u_datapath/u_accumulator_array/acc_mem_q_reg[2][1][11]/CLR  (IS_INVERTED)
  -------------------------------------------------------------------    -------------------

                         (clock clk_pl_0 rise edge)
                                                      0.000     0.000 r  
    PS8_X0Y0             PS8                          0.000     0.000 r  design_1_i/zynq_ultra_ps_e_0/inst/PS8_i/PLCLK[0]
                         net (fo=1, routed)           0.154     0.154    design_1_i/zynq_ultra_ps_e_0/inst/pl_clk_unbuffered[0]
    BUFG_PS_X0Y80        BUFG_PS (Prop_BUFG_PS_I_O)
                                                      0.018     0.172 r  design_1_i/zynq_ultra_ps_e_0/inst/buffer_pl_clk_0.PL_CLK_0_BUFG/O
    X1Y2 (CLOCK_ROOT)    net (fo=3956, routed)        1.137     1.309    design_1_i/tpu_mnist_ip_0/inst/u_tpu_top/u_datapath/u_accumulator_array/s_axi_aclk
    SLICE_X65Y66         FDCE                                         r  design_1_i/tpu_mnist_ip_0/inst/u_tpu_top/u_datapath/u_accumulator_array/acc_mem_q_reg[2][1][11]/C
                         clock pessimism             -0.090     1.219    
    SLICE_X65Y66         FDCE (Remov_HFF_SLICEL_C_CLR)
                                                     -0.020     1.199    design_1_i/tpu_mnist_ip_0/inst/u_tpu_top/u_datapath/u_accumulator_array/acc_mem_q_reg[2][1][11]
  -------------------------------------------------------------------
                         required time                         -1.199    
                         arrival time                           2.483    
  -------------------------------------------------------------------
                         slack                                  1.285    

Slack (MET) :             1.285ns  (arrival time - required time)
  Source:                 design_1_i/rst_ps8_0_100M/U0/ACTIVE_LOW_PR_OUT_DFF[0].FDRE_PER_N/C
                            (rising edge-triggered cell FDRE clocked by clk_pl_0  {rise@0.000ns fall@5.000ns period=10.000ns})
  Destination:            design_1_i/tpu_mnist_ip_0/inst/u_tpu_top/u_datapath/u_accumulator_array/acc_mem_q_reg[3][1][25]/CLR
                            (removal check against rising-edge clock clk_pl_0  {rise@0.000ns fall@5.000ns period=10.000ns})
  Path Group:             **async_default**
  Path Type:              Removal (Min at Fast Process Corner)
  Requirement:            0.000ns  (clk_pl_0 rise@0.000ns - clk_pl_0 rise@0.000ns)
  Data Path Delay:        1.358ns  (logic 0.055ns (4.051%)  route 1.303ns (95.949%))
  Logic Levels:           1  (BUFGCE=1)
  Clock Path Skew:        0.093ns (DCD - SCD - CPR)
    Destination Clock Delay (DCD):    1.308ns
    Source Clock Delay      (SCD):    1.125ns
    Clock Pessimism Removal (CPR):    0.090ns
  Clock Net Delay (Source):      0.986ns (routing 0.311ns, distribution 0.675ns)
  Clock Net Delay (Destination): 1.136ns (routing 0.352ns, distribution 0.784ns)

    Location             Delay type                Incr(ns)  Path(ns)    Netlist Resource(s)
  -------------------------------------------------------------------    -------------------
                         (clock clk_pl_0 rise edge)
                                                      0.000     0.000 r  
    PS8_X0Y0             PS8                          0.000     0.000 r  design_1_i/zynq_ultra_ps_e_0/inst/PS8_i/PLCLK[0]
                         net (fo=1, routed)           0.122     0.122    design_1_i/zynq_ultra_ps_e_0/inst/pl_clk_unbuffered[0]
    BUFG_PS_X0Y80        BUFG_PS (Prop_BUFG_PS_I_O)
                                                      0.017     0.139 r  design_1_i/zynq_ultra_ps_e_0/inst/buffer_pl_clk_0.PL_CLK_0_BUFG/O
    X1Y2 (CLOCK_ROOT)    net (fo=3956, routed)        0.986     1.125    design_1_i/rst_ps8_0_100M/U0/slowest_sync_clk
    SLICE_X50Y49         FDRE                                         r  design_1_i/rst_ps8_0_100M/U0/ACTIVE_LOW_PR_OUT_DFF[0].FDRE_PER_N/C
  -------------------------------------------------------------------    -------------------
    SLICE_X50Y49         FDRE (Prop_AFF_SLICEM_C_Q)
                                                      0.038     1.163 r  design_1_i/rst_ps8_0_100M/U0/ACTIVE_LOW_PR_OUT_DFF[0].FDRE_PER_N/Q
                         net (fo=1, routed)           0.656     1.819    design_1_i/rst_ps8_0_100M/U0/peripheral_aresetn[0]_bufg_place
    BUFGCE_X1Y44         BUFGCE (Prop_BUFCE_BUFGCE_I_O)
                                                      0.017     1.836 r  design_1_i/rst_ps8_0_100M/U0/ACTIVE_LOW_PR_OUT_DFF[0].FDRE_PER_N_bufg_place/O
                         net (fo=2843, routed)        0.647     2.482    design_1_i/tpu_mnist_ip_0/inst/u_tpu_top/u_datapath/u_accumulator_array/s_axi_aresetn
    SLICE_X65Y71         FDCE                                         f  design_1_i/tpu_mnist_ip_0/inst/u_tpu_top/u_datapath/u_accumulator_array/acc_mem_q_reg[3][1][25]/CLR  (IS_INVERTED)
  -------------------------------------------------------------------    -------------------

                         (clock clk_pl_0 rise edge)
                                                      0.000     0.000 r  
    PS8_X0Y0             PS8                          0.000     0.000 r  design_1_i/zynq_ultra_ps_e_0/inst/PS8_i/PLCLK[0]
                         net (fo=1, routed)           0.154     0.154    design_1_i/zynq_ultra_ps_e_0/inst/pl_clk_unbuffered[0]
    BUFG_PS_X0Y80        BUFG_PS (Prop_BUFG_PS_I_O)
                                                      0.018     0.172 r  design_1_i/zynq_ultra_ps_e_0/inst/buffer_pl_clk_0.PL_CLK_0_BUFG/O
    X1Y2 (CLOCK_ROOT)    net (fo=3956, routed)        1.136     1.308    design_1_i/tpu_mnist_ip_0/inst/u_tpu_top/u_datapath/u_accumulator_array/s_axi_aclk
    SLICE_X65Y71         FDCE                                         r  design_1_i/tpu_mnist_ip_0/inst/u_tpu_top/u_datapath/u_accumulator_array/acc_mem_q_reg[3][1][25]/C
                         clock pessimism             -0.090     1.218    
    SLICE_X65Y71         FDCE (Remov_HFF_SLICEL_C_CLR)
                                                     -0.020     1.198    design_1_i/tpu_mnist_ip_0/inst/u_tpu_top/u_datapath/u_accumulator_array/acc_mem_q_reg[3][1][25]
  -------------------------------------------------------------------
                         required time                         -1.198    
                         arrival time                           2.482    
  -------------------------------------------------------------------
                         slack                                  1.285    

Slack (MET) :             1.285ns  (arrival time - required time)
  Source:                 design_1_i/rst_ps8_0_100M/U0/ACTIVE_LOW_PR_OUT_DFF[0].FDRE_PER_N/C
                            (rising edge-triggered cell FDRE clocked by clk_pl_0  {rise@0.000ns fall@5.000ns period=10.000ns})
  Destination:            design_1_i/tpu_mnist_ip_0/inst/u_tpu_top/u_datapath/u_accumulator_array/acc_mem_q_reg[3][1][8]/CLR
                            (removal check against rising-edge clock clk_pl_0  {rise@0.000ns fall@5.000ns period=10.000ns})
  Path Group:             **async_default**
  Path Type:              Removal (Min at Fast Process Corner)
  Requirement:            0.000ns  (clk_pl_0 rise@0.000ns - clk_pl_0 rise@0.000ns)
  Data Path Delay:        1.355ns  (logic 0.055ns (4.059%)  route 1.300ns (95.941%))
  Logic Levels:           1  (BUFGCE=1)
  Clock Path Skew:        0.090ns (DCD - SCD - CPR)
    Destination Clock Delay (DCD):    1.304ns
    Source Clock Delay      (SCD):    1.125ns
    Clock Pessimism Removal (CPR):    0.090ns
  Clock Net Delay (Source):      0.986ns (routing 0.311ns, distribution 0.675ns)
  Clock Net Delay (Destination): 1.132ns (routing 0.352ns, distribution 0.780ns)

    Location             Delay type                Incr(ns)  Path(ns)    Netlist Resource(s)
  -------------------------------------------------------------------    -------------------
                         (clock clk_pl_0 rise edge)
                                                      0.000     0.000 r  
    PS8_X0Y0             PS8                          0.000     0.000 r  design_1_i/zynq_ultra_ps_e_0/inst/PS8_i/PLCLK[0]
                         net (fo=1, routed)           0.122     0.122    design_1_i/zynq_ultra_ps_e_0/inst/pl_clk_unbuffered[0]
    BUFG_PS_X0Y80        BUFG_PS (Prop_BUFG_PS_I_O)
                                                      0.017     0.139 r  design_1_i/zynq_ultra_ps_e_0/inst/buffer_pl_clk_0.PL_CLK_0_BUFG/O
    X1Y2 (CLOCK_ROOT)    net (fo=3956, routed)        0.986     1.125    design_1_i/rst_ps8_0_100M/U0/slowest_sync_clk
    SLICE_X50Y49         FDRE                                         r  design_1_i/rst_ps8_0_100M/U0/ACTIVE_LOW_PR_OUT_DFF[0].FDRE_PER_N/C
  -------------------------------------------------------------------    -------------------
    SLICE_X50Y49         FDRE (Prop_AFF_SLICEM_C_Q)
                                                      0.038     1.163 r  design_1_i/rst_ps8_0_100M/U0/ACTIVE_LOW_PR_OUT_DFF[0].FDRE_PER_N/Q
                         net (fo=1, routed)           0.656     1.819    design_1_i/rst_ps8_0_100M/U0/peripheral_aresetn[0]_bufg_place
    BUFGCE_X1Y44         BUFGCE (Prop_BUFCE_BUFGCE_I_O)
                                                      0.017     1.836 r  design_1_i/rst_ps8_0_100M/U0/ACTIVE_LOW_PR_OUT_DFF[0].FDRE_PER_N_bufg_place/O
                         net (fo=2843, routed)        0.644     2.480    design_1_i/tpu_mnist_ip_0/inst/u_tpu_top/u_datapath/u_accumulator_array/s_axi_aresetn
    SLICE_X65Y65         FDCE                                         f  design_1_i/tpu_mnist_ip_0/inst/u_tpu_top/u_datapath/u_accumulator_array/acc_mem_q_reg[3][1][8]/CLR  (IS_INVERTED)
  -------------------------------------------------------------------    -------------------

                         (clock clk_pl_0 rise edge)
                                                      0.000     0.000 r  
    PS8_X0Y0             PS8                          0.000     0.000 r  design_1_i/zynq_ultra_ps_e_0/inst/PS8_i/PLCLK[0]
                         net (fo=1, routed)           0.154     0.154    design_1_i/zynq_ultra_ps_e_0/inst/pl_clk_unbuffered[0]
    BUFG_PS_X0Y80        BUFG_PS (Prop_BUFG_PS_I_O)
                                                      0.018     0.172 r  design_1_i/zynq_ultra_ps_e_0/inst/buffer_pl_clk_0.PL_CLK_0_BUFG/O
    X1Y2 (CLOCK_ROOT)    net (fo=3956, routed)        1.132     1.304    design_1_i/tpu_mnist_ip_0/inst/u_tpu_top/u_datapath/u_accumulator_array/s_axi_aclk
    SLICE_X65Y65         FDCE                                         r  design_1_i/tpu_mnist_ip_0/inst/u_tpu_top/u_datapath/u_accumulator_array/acc_mem_q_reg[3][1][8]/C
                         clock pessimism             -0.090     1.214    
    SLICE_X65Y65         FDCE (Remov_HFF_SLICEL_C_CLR)
                                                     -0.020     1.194    design_1_i/tpu_mnist_ip_0/inst/u_tpu_top/u_datapath/u_accumulator_array/acc_mem_q_reg[3][1][8]
  -------------------------------------------------------------------
                         required time                         -1.194    
                         arrival time                           2.480    
  -------------------------------------------------------------------
                         slack                                  1.285    

Slack (MET) :             1.285ns  (arrival time - required time)
  Source:                 design_1_i/rst_ps8_0_100M/U0/ACTIVE_LOW_PR_OUT_DFF[0].FDRE_PER_N/C
                            (rising edge-triggered cell FDRE clocked by clk_pl_0  {rise@0.000ns fall@5.000ns period=10.000ns})
  Destination:            design_1_i/tpu_mnist_ip_0/inst/u_tpu_top/u_datapath/u_accumulator_array/acc_mem_q_reg[3][1][9]/CLR
                            (removal check against rising-edge clock clk_pl_0  {rise@0.000ns fall@5.000ns period=10.000ns})
  Path Group:             **async_default**
  Path Type:              Removal (Min at Fast Process Corner)
  Requirement:            0.000ns  (clk_pl_0 rise@0.000ns - clk_pl_0 rise@0.000ns)
  Data Path Delay:        1.355ns  (logic 0.055ns (4.059%)  route 1.300ns (95.941%))
  Logic Levels:           1  (BUFGCE=1)
  Clock Path Skew:        0.090ns (DCD - SCD - CPR)
    Destination Clock Delay (DCD):    1.304ns
    Source Clock Delay      (SCD):    1.125ns
    Clock Pessimism Removal (CPR):    0.090ns
  Clock Net Delay (Source):      0.986ns (routing 0.311ns, distribution 0.675ns)
  Clock Net Delay (Destination): 1.132ns (routing 0.352ns, distribution 0.780ns)

    Location             Delay type                Incr(ns)  Path(ns)    Netlist Resource(s)
  -------------------------------------------------------------------    -------------------
                         (clock clk_pl_0 rise edge)
                                                      0.000     0.000 r  
    PS8_X0Y0             PS8                          0.000     0.000 r  design_1_i/zynq_ultra_ps_e_0/inst/PS8_i/PLCLK[0]
                         net (fo=1, routed)           0.122     0.122    design_1_i/zynq_ultra_ps_e_0/inst/pl_clk_unbuffered[0]
    BUFG_PS_X0Y80        BUFG_PS (Prop_BUFG_PS_I_O)
                                                      0.017     0.139 r  design_1_i/zynq_ultra_ps_e_0/inst/buffer_pl_clk_0.PL_CLK_0_BUFG/O
    X1Y2 (CLOCK_ROOT)    net (fo=3956, routed)        0.986     1.125    design_1_i/rst_ps8_0_100M/U0/slowest_sync_clk
    SLICE_X50Y49         FDRE                                         r  design_1_i/rst_ps8_0_100M/U0/ACTIVE_LOW_PR_OUT_DFF[0].FDRE_PER_N/C
  -------------------------------------------------------------------    -------------------
    SLICE_X50Y49         FDRE (Prop_AFF_SLICEM_C_Q)
                                                      0.038     1.163 r  design_1_i/rst_ps8_0_100M/U0/ACTIVE_LOW_PR_OUT_DFF[0].FDRE_PER_N/Q
                         net (fo=1, routed)           0.656     1.819    design_1_i/rst_ps8_0_100M/U0/peripheral_aresetn[0]_bufg_place
    BUFGCE_X1Y44         BUFGCE (Prop_BUFCE_BUFGCE_I_O)
                                                      0.017     1.836 r  design_1_i/rst_ps8_0_100M/U0/ACTIVE_LOW_PR_OUT_DFF[0].FDRE_PER_N_bufg_place/O
                         net (fo=2843, routed)        0.644     2.480    design_1_i/tpu_mnist_ip_0/inst/u_tpu_top/u_datapath/u_accumulator_array/s_axi_aresetn
    SLICE_X65Y65         FDCE                                         f  design_1_i/tpu_mnist_ip_0/inst/u_tpu_top/u_datapath/u_accumulator_array/acc_mem_q_reg[3][1][9]/CLR  (IS_INVERTED)
  -------------------------------------------------------------------    -------------------

                         (clock clk_pl_0 rise edge)
                                                      0.000     0.000 r  
    PS8_X0Y0             PS8                          0.000     0.000 r  design_1_i/zynq_ultra_ps_e_0/inst/PS8_i/PLCLK[0]
                         net (fo=1, routed)           0.154     0.154    design_1_i/zynq_ultra_ps_e_0/inst/pl_clk_unbuffered[0]
    BUFG_PS_X0Y80        BUFG_PS (Prop_BUFG_PS_I_O)
                                                      0.018     0.172 r  design_1_i/zynq_ultra_ps_e_0/inst/buffer_pl_clk_0.PL_CLK_0_BUFG/O
    X1Y2 (CLOCK_ROOT)    net (fo=3956, routed)        1.132     1.304    design_1_i/tpu_mnist_ip_0/inst/u_tpu_top/u_datapath/u_accumulator_array/s_axi_aclk
    SLICE_X65Y65         FDCE                                         r  design_1_i/tpu_mnist_ip_0/inst/u_tpu_top/u_datapath/u_accumulator_array/acc_mem_q_reg[3][1][9]/C
                         clock pessimism             -0.090     1.214    
    SLICE_X65Y65         FDCE (Remov_GFF_SLICEL_C_CLR)
                                                     -0.020     1.194    design_1_i/tpu_mnist_ip_0/inst/u_tpu_top/u_datapath/u_accumulator_array/acc_mem_q_reg[3][1][9]
  -------------------------------------------------------------------
                         required time                         -1.194    
                         arrival time                           2.480    
  -------------------------------------------------------------------
                         slack                                  1.285    





--------------------------------------------------------------------------------------
Path Group:  (none)
From Clock:  
  To Clock:  clk_pl_0

Max Delay             1 Endpoint
Min Delay             1 Endpoint
--------------------------------------------------------------------------------------


Max Delay Paths
--------------------------------------------------------------------------------------
Slack:                    inf
  Source:                 design_1_i/zynq_ultra_ps_e_0/inst/PS8_i/EMIOGPIOO[95]
                            (internal pin)
  Destination:            design_1_i/rst_ps8_0_100M/U0/EXT_LPF/ACTIVE_LOW_EXT.ACT_LO_EXT/syncstages_ff_reg[0]/D
                            (rising edge-triggered cell FDRE clocked by clk_pl_0  {rise@0.000ns fall@5.000ns period=10.000ns})
  Path Group:             (none)
  Path Type:              Setup (Max at Slow Process Corner)
  Data Path Delay:        2.176ns  (logic 0.150ns (6.893%)  route 2.026ns (93.107%))
  Logic Levels:           1  (LUT1=1)
  Clock Uncertainty:      0.127ns  ((TSJ^2 + DJ^2)^1/2) / 2 + PE
    Total System Jitter     (TSJ):    0.050ns
    Discrete Jitter          (DJ):    0.250ns
    Phase Error              (PE):    0.000ns
  Clock Net Delay (Destination): 1.572ns (routing 0.512ns, distribution 1.060ns)
  Timing Exception:       False Path

    Location             Delay type                Incr(ns)  Path(ns)    Netlist Resource(s)
  -------------------------------------------------------------------    -------------------
    PS8_X0Y0             PS8                          0.000     0.000 f  design_1_i/zynq_ultra_ps_e_0/inst/PS8_i/EMIOGPIOO[95]
                         net (fo=1, routed)           1.844     1.844    design_1_i/rst_ps8_0_100M/U0/EXT_LPF/ext_reset_in
    SLICE_X50Y49         LUT1 (Prop_G6LUT_SLICEM_I0_O)
                                                      0.150     1.994 r  design_1_i/rst_ps8_0_100M/U0/EXT_LPF/ACTIVE_LOW_EXT.ACT_LO_EXT_i_1/O
                         net (fo=1, routed)           0.182     2.176    design_1_i/rst_ps8_0_100M/U0/EXT_LPF/ACTIVE_LOW_EXT.ACT_LO_EXT/src_in
    SLICE_X50Y49         FDRE                                         r  design_1_i/rst_ps8_0_100M/U0/EXT_LPF/ACTIVE_LOW_EXT.ACT_LO_EXT/syncstages_ff_reg[0]/D
  -------------------------------------------------------------------    -------------------

                         (clock clk_pl_0 rise edge)
                                                      0.000     0.000 r  
    PS8_X0Y0             PS8                          0.000     0.000 r  design_1_i/zynq_ultra_ps_e_0/inst/PS8_i/PLCLK[0]
                         net (fo=1, routed)           0.143     0.143    design_1_i/zynq_ultra_ps_e_0/inst/pl_clk_unbuffered[0]
    BUFG_PS_X0Y80        BUFG_PS (Prop_BUFG_PS_I_O)
                                                      0.025     0.168 r  design_1_i/zynq_ultra_ps_e_0/inst/buffer_pl_clk_0.PL_CLK_0_BUFG/O
    X1Y2 (CLOCK_ROOT)    net (fo=3956, routed)        1.572     1.740    design_1_i/rst_ps8_0_100M/U0/EXT_LPF/ACTIVE_LOW_EXT.ACT_LO_EXT/dest_clk
    SLICE_X50Y49         FDRE                                         r  design_1_i/rst_ps8_0_100M/U0/EXT_LPF/ACTIVE_LOW_EXT.ACT_LO_EXT/syncstages_ff_reg[0]/C





Min Delay Paths
--------------------------------------------------------------------------------------
Slack:                    inf
  Source:                 design_1_i/zynq_ultra_ps_e_0/inst/PS8_i/EMIOGPIOO[95]
                            (internal pin)
  Destination:            design_1_i/rst_ps8_0_100M/U0/EXT_LPF/ACTIVE_LOW_EXT.ACT_LO_EXT/syncstages_ff_reg[0]/D
                            (rising edge-triggered cell FDRE clocked by clk_pl_0  {rise@0.000ns fall@5.000ns period=10.000ns})
  Path Group:             (none)
  Path Type:              Hold (Min at Fast Process Corner)
  Data Path Delay:        1.056ns  (logic 0.060ns (5.682%)  route 0.996ns (94.318%))
  Logic Levels:           1  (LUT1=1)
  Clock Uncertainty:      0.127ns  ((TSJ^2 + DJ^2)^1/2) / 2 + PE
    Total System Jitter     (TSJ):    0.050ns
    Discrete Jitter          (DJ):    0.250ns
    Phase Error              (PE):    0.000ns
  Clock Net Delay (Destination): 1.124ns (routing 0.352ns, distribution 0.772ns)
  Timing Exception:       False Path

    Location             Delay type                Incr(ns)  Path(ns)    Netlist Resource(s)
  -------------------------------------------------------------------    -------------------
    PS8_X0Y0             PS8                          0.000     0.000 f  design_1_i/zynq_ultra_ps_e_0/inst/PS8_i/EMIOGPIOO[95]
                         net (fo=1, routed)           0.933     0.933    design_1_i/rst_ps8_0_100M/U0/EXT_LPF/ext_reset_in
    SLICE_X50Y49         LUT1 (Prop_G6LUT_SLICEM_I0_O)
                                                      0.060     0.993 r  design_1_i/rst_ps8_0_100M/U0/EXT_LPF/ACTIVE_LOW_EXT.ACT_LO_EXT_i_1/O
                         net (fo=1, routed)           0.063     1.056    design_1_i/rst_ps8_0_100M/U0/EXT_LPF/ACTIVE_LOW_EXT.ACT_LO_EXT/src_in
    SLICE_X50Y49         FDRE                                         r  design_1_i/rst_ps8_0_100M/U0/EXT_LPF/ACTIVE_LOW_EXT.ACT_LO_EXT/syncstages_ff_reg[0]/D
  -------------------------------------------------------------------    -------------------

                         (clock clk_pl_0 rise edge)
                                                      0.000     0.000 r  
    PS8_X0Y0             PS8                          0.000     0.000 r  design_1_i/zynq_ultra_ps_e_0/inst/PS8_i/PLCLK[0]
                         net (fo=1, routed)           0.154     0.154    design_1_i/zynq_ultra_ps_e_0/inst/pl_clk_unbuffered[0]
    BUFG_PS_X0Y80        BUFG_PS (Prop_BUFG_PS_I_O)
                                                      0.018     0.172 r  design_1_i/zynq_ultra_ps_e_0/inst/buffer_pl_clk_0.PL_CLK_0_BUFG/O
    X1Y2 (CLOCK_ROOT)    net (fo=3956, routed)        1.124     1.296    design_1_i/rst_ps8_0_100M/U0/EXT_LPF/ACTIVE_LOW_EXT.ACT_LO_EXT/dest_clk
    SLICE_X50Y49         FDRE                                         r  design_1_i/rst_ps8_0_100M/U0/EXT_LPF/ACTIVE_LOW_EXT.ACT_LO_EXT/syncstages_ff_reg[0]/C





--------------------------------------------------------------------------------------
Path Group:  (none)
From Clock:  clk_pl_0
  To Clock:  clk_pl_0

Max Delay            28 Endpoints
Min Delay            28 Endpoints
--------------------------------------------------------------------------------------


Max Delay Paths
--------------------------------------------------------------------------------------
Slack:                    inf
  Source:                 design_1_i/rst_ps8_0_100M/U0/ACTIVE_LOW_PR_OUT_DFF[0].FDRE_PER_N_replica/C
                            (rising edge-triggered cell FDRE clocked by clk_pl_0  {rise@0.000ns fall@5.000ns period=10.000ns})
  Destination:            design_1_i/axi_smc/inst/clk_map/psr_aclk/U0/EXT_LPF/ACTIVE_LOW_AUX.ACT_LO_AUX/syncstages_ff_reg[0]/D
                            (rising edge-triggered cell FDRE clocked by clk_pl_0  {rise@0.000ns fall@5.000ns period=10.000ns})
  Path Group:             (none)
  Path Type:              Setup (Max at Slow Process Corner)
  Data Path Delay:        1.312ns  (logic 0.117ns (8.918%)  route 1.195ns (91.082%))
  Logic Levels:           1  (LUT1=1)
  Clock Path Skew:        -0.174ns (DCD - SCD + CPR)
    Destination Clock Delay (DCD):    1.755ns
    Source Clock Delay      (SCD):    1.929ns
    Clock Pessimism Removal (CPR):    0.000ns
  Clock Uncertainty:      0.130ns  ((TSJ^2 + DJ^2)^1/2) / 2 + PE
    Total System Jitter     (TSJ):    0.071ns
    Discrete Jitter          (DJ):    0.250ns
    Phase Error              (PE):    0.000ns
  Clock Net Delay (Source):      1.721ns (routing 0.569ns, distribution 1.152ns)
  Clock Net Delay (Destination): 1.587ns (routing 0.512ns, distribution 1.075ns)
  Timing Exception:       False Path

    Location             Delay type                Incr(ns)  Path(ns)    Netlist Resource(s)
  -------------------------------------------------------------------    -------------------
                         (clock clk_pl_0 rise edge)
                                                      0.000     0.000 r  
    PS8_X0Y0             PS8                          0.000     0.000 r  design_1_i/zynq_ultra_ps_e_0/inst/PS8_i/PLCLK[0]
                         net (fo=1, routed)           0.180     0.180    design_1_i/zynq_ultra_ps_e_0/inst/pl_clk_unbuffered[0]
    BUFG_PS_X0Y80        BUFG_PS (Prop_BUFG_PS_I_O)
                                                      0.028     0.208 r  design_1_i/zynq_ultra_ps_e_0/inst/buffer_pl_clk_0.PL_CLK_0_BUFG/O
    X1Y2 (CLOCK_ROOT)    net (fo=3956, routed)        1.721     1.929    design_1_i/rst_ps8_0_100M/U0/slowest_sync_clk
    SLICE_X51Y135        FDRE                                         r  design_1_i/rst_ps8_0_100M/U0/ACTIVE_LOW_PR_OUT_DFF[0].FDRE_PER_N_replica/C
  -------------------------------------------------------------------    -------------------
    SLICE_X51Y135        FDRE (Prop_AFF2_SLICEL_C_Q)
                                                      0.081     2.010 f  design_1_i/rst_ps8_0_100M/U0/ACTIVE_LOW_PR_OUT_DFF[0].FDRE_PER_N_replica/Q
                         net (fo=1, routed)           0.908     2.918    design_1_i/axi_smc/inst/clk_map/psr_aclk/U0/EXT_LPF/peripheral_aresetn[0]_bufg_place_replica
    SLICE_X51Y231        LUT1 (Prop_H6LUT_SLICEL_I0_O)
                                                      0.036     2.954 r  design_1_i/axi_smc/inst/clk_map/psr_aclk/U0/EXT_LPF/ACTIVE_LOW_AUX.ACT_LO_AUX_i_1/O
                         net (fo=1, routed)           0.287     3.241    design_1_i/axi_smc/inst/clk_map/psr_aclk/U0/EXT_LPF/ACTIVE_LOW_AUX.ACT_LO_AUX/src_in
    SLICE_X51Y231        FDRE                                         r  design_1_i/axi_smc/inst/clk_map/psr_aclk/U0/EXT_LPF/ACTIVE_LOW_AUX.ACT_LO_AUX/syncstages_ff_reg[0]/D
  -------------------------------------------------------------------    -------------------

                         (clock clk_pl_0 rise edge)
                                                      0.000     0.000 r  
    PS8_X0Y0             PS8                          0.000     0.000 r  design_1_i/zynq_ultra_ps_e_0/inst/PS8_i/PLCLK[0]
                         net (fo=1, routed)           0.143     0.143    design_1_i/zynq_ultra_ps_e_0/inst/pl_clk_unbuffered[0]
    BUFG_PS_X0Y80        BUFG_PS (Prop_BUFG_PS_I_O)
                                                      0.025     0.168 r  design_1_i/zynq_ultra_ps_e_0/inst/buffer_pl_clk_0.PL_CLK_0_BUFG/O
    X1Y2 (CLOCK_ROOT)    net (fo=3956, routed)        1.587     1.755    design_1_i/axi_smc/inst/clk_map/psr_aclk/U0/EXT_LPF/ACTIVE_LOW_AUX.ACT_LO_AUX/dest_clk
    SLICE_X51Y231        FDRE                                         r  design_1_i/axi_smc/inst/clk_map/psr_aclk/U0/EXT_LPF/ACTIVE_LOW_AUX.ACT_LO_AUX/syncstages_ff_reg[0]/C

Slack:                    inf
  Source:                 design_1_i/axi_smc/inst/clk_map/psr_aclk/U0/ACTIVE_LOW_BSR_OUT_DFF[0].FDRE_BSR_N/C
                            (rising edge-triggered cell FDRE clocked by clk_pl_0  {rise@0.000ns fall@5.000ns period=10.000ns})
  Destination:            design_1_i/axi_smc/inst/s00_entry_pipeline/s00_transaction_regulator/inst/xpm_cdc_async_rst_inst/arststages_ff_reg[0]/CLR
                            (recovery check against rising-edge clock clk_pl_0  {rise@0.000ns fall@5.000ns period=10.000ns})
  Path Group:             (none)
  Path Type:              Recovery (Max at Slow Process Corner)
  Data Path Delay:        0.841ns  (logic 0.078ns (9.273%)  route 0.763ns (90.727%))
  Logic Levels:           0  
  Clock Path Skew:        -0.261ns (DCD - SCD + CPR)
    Destination Clock Delay (DCD):    1.755ns
    Source Clock Delay      (SCD):    2.016ns
    Clock Pessimism Removal (CPR):    0.000ns
  Clock Uncertainty:      0.130ns  ((TSJ^2 + DJ^2)^1/2) / 2 + PE
    Total System Jitter     (TSJ):    0.071ns
    Discrete Jitter          (DJ):    0.250ns
    Phase Error              (PE):    0.000ns
  Clock Net Delay (Source):      1.808ns (routing 0.569ns, distribution 1.239ns)
  Clock Net Delay (Destination): 1.587ns (routing 0.512ns, distribution 1.075ns)
  Timing Exception:       False Path

    Location             Delay type                Incr(ns)  Path(ns)    Netlist Resource(s)
  -------------------------------------------------------------------    -------------------
                         (clock clk_pl_0 rise edge)
                                                      0.000     0.000 r  
    PS8_X0Y0             PS8                          0.000     0.000 r  design_1_i/zynq_ultra_ps_e_0/inst/PS8_i/PLCLK[0]
                         net (fo=1, routed)           0.180     0.180    design_1_i/zynq_ultra_ps_e_0/inst/pl_clk_unbuffered[0]
    BUFG_PS_X0Y80        BUFG_PS (Prop_BUFG_PS_I_O)
                                                      0.028     0.208 r  design_1_i/zynq_ultra_ps_e_0/inst/buffer_pl_clk_0.PL_CLK_0_BUFG/O
    X1Y2 (CLOCK_ROOT)    net (fo=3956, routed)        1.808     2.016    design_1_i/axi_smc/inst/clk_map/psr_aclk/U0/aclk
    SLICE_X50Y231        FDRE                                         r  design_1_i/axi_smc/inst/clk_map/psr_aclk/U0/ACTIVE_LOW_BSR_OUT_DFF[0].FDRE_BSR_N/C
  -------------------------------------------------------------------    -------------------
    SLICE_X50Y231        FDRE (Prop_DFF_SLICEM_C_Q)
                                                      0.078     2.094 r  design_1_i/axi_smc/inst/clk_map/psr_aclk/U0/ACTIVE_LOW_BSR_OUT_DFF[0].FDRE_BSR_N/Q
                         net (fo=27, routed)          0.763     2.857    design_1_i/axi_smc/inst/s00_entry_pipeline/s00_transaction_regulator/inst/xpm_cdc_async_rst_inst/src_arst
    SLICE_X50Y181        FDCE                                         f  design_1_i/axi_smc/inst/s00_entry_pipeline/s00_transaction_regulator/inst/xpm_cdc_async_rst_inst/arststages_ff_reg[0]/CLR  (IS_INVERTED)
  -------------------------------------------------------------------    -------------------

                         (clock clk_pl_0 rise edge)
                                                      0.000     0.000 r  
    PS8_X0Y0             PS8                          0.000     0.000 r  design_1_i/zynq_ultra_ps_e_0/inst/PS8_i/PLCLK[0]
                         net (fo=1, routed)           0.143     0.143    design_1_i/zynq_ultra_ps_e_0/inst/pl_clk_unbuffered[0]
    BUFG_PS_X0Y80        BUFG_PS (Prop_BUFG_PS_I_O)
                                                      0.025     0.168 r  design_1_i/zynq_ultra_ps_e_0/inst/buffer_pl_clk_0.PL_CLK_0_BUFG/O
    X1Y2 (CLOCK_ROOT)    net (fo=3956, routed)        1.587     1.755    design_1_i/axi_smc/inst/s00_entry_pipeline/s00_transaction_regulator/inst/xpm_cdc_async_rst_inst/dest_clk
    SLICE_X50Y181        FDCE                                         r  design_1_i/axi_smc/inst/s00_entry_pipeline/s00_transaction_regulator/inst/xpm_cdc_async_rst_inst/arststages_ff_reg[0]/C

Slack:                    inf
  Source:                 design_1_i/axi_smc/inst/clk_map/psr_aclk/U0/ACTIVE_LOW_BSR_OUT_DFF[0].FDRE_BSR_N/C
                            (rising edge-triggered cell FDRE clocked by clk_pl_0  {rise@0.000ns fall@5.000ns period=10.000ns})
  Destination:            design_1_i/axi_smc/inst/s00_entry_pipeline/s00_transaction_regulator/inst/xpm_cdc_async_rst_inst/arststages_ff_reg[1]/CLR
                            (recovery check against rising-edge clock clk_pl_0  {rise@0.000ns fall@5.000ns period=10.000ns})
  Path Group:             (none)
  Path Type:              Recovery (Max at Slow Process Corner)
  Data Path Delay:        0.841ns  (logic 0.078ns (9.273%)  route 0.763ns (90.727%))
  Logic Levels:           0  
  Clock Path Skew:        -0.261ns (DCD - SCD + CPR)
    Destination Clock Delay (DCD):    1.755ns
    Source Clock Delay      (SCD):    2.016ns
    Clock Pessimism Removal (CPR):    0.000ns
  Clock Uncertainty:      0.130ns  ((TSJ^2 + DJ^2)^1/2) / 2 + PE
    Total System Jitter     (TSJ):    0.071ns
    Discrete Jitter          (DJ):    0.250ns
    Phase Error              (PE):    0.000ns
  Clock Net Delay (Source):      1.808ns (routing 0.569ns, distribution 1.239ns)
  Clock Net Delay (Destination): 1.587ns (routing 0.512ns, distribution 1.075ns)
  Timing Exception:       False Path

    Location             Delay type                Incr(ns)  Path(ns)    Netlist Resource(s)
  -------------------------------------------------------------------    -------------------
                         (clock clk_pl_0 rise edge)
                                                      0.000     0.000 r  
    PS8_X0Y0             PS8                          0.000     0.000 r  design_1_i/zynq_ultra_ps_e_0/inst/PS8_i/PLCLK[0]
                         net (fo=1, routed)           0.180     0.180    design_1_i/zynq_ultra_ps_e_0/inst/pl_clk_unbuffered[0]
    BUFG_PS_X0Y80        BUFG_PS (Prop_BUFG_PS_I_O)
                                                      0.028     0.208 r  design_1_i/zynq_ultra_ps_e_0/inst/buffer_pl_clk_0.PL_CLK_0_BUFG/O
    X1Y2 (CLOCK_ROOT)    net (fo=3956, routed)        1.808     2.016    design_1_i/axi_smc/inst/clk_map/psr_aclk/U0/aclk
    SLICE_X50Y231        FDRE                                         r  design_1_i/axi_smc/inst/clk_map/psr_aclk/U0/ACTIVE_LOW_BSR_OUT_DFF[0].FDRE_BSR_N/C
  -------------------------------------------------------------------    -------------------
    SLICE_X50Y231        FDRE (Prop_DFF_SLICEM_C_Q)
                                                      0.078     2.094 r  design_1_i/axi_smc/inst/clk_map/psr_aclk/U0/ACTIVE_LOW_BSR_OUT_DFF[0].FDRE_BSR_N/Q
                         net (fo=27, routed)          0.763     2.857    design_1_i/axi_smc/inst/s00_entry_pipeline/s00_transaction_regulator/inst/xpm_cdc_async_rst_inst/src_arst
    SLICE_X50Y181        FDCE                                         f  design_1_i/axi_smc/inst/s00_entry_pipeline/s00_transaction_regulator/inst/xpm_cdc_async_rst_inst/arststages_ff_reg[1]/CLR  (IS_INVERTED)
  -------------------------------------------------------------------    -------------------

                         (clock clk_pl_0 rise edge)
                                                      0.000     0.000 r  
    PS8_X0Y0             PS8                          0.000     0.000 r  design_1_i/zynq_ultra_ps_e_0/inst/PS8_i/PLCLK[0]
                         net (fo=1, routed)           0.143     0.143    design_1_i/zynq_ultra_ps_e_0/inst/pl_clk_unbuffered[0]
    BUFG_PS_X0Y80        BUFG_PS (Prop_BUFG_PS_I_O)
                                                      0.025     0.168 r  design_1_i/zynq_ultra_ps_e_0/inst/buffer_pl_clk_0.PL_CLK_0_BUFG/O
    X1Y2 (CLOCK_ROOT)    net (fo=3956, routed)        1.587     1.755    design_1_i/axi_smc/inst/s00_entry_pipeline/s00_transaction_regulator/inst/xpm_cdc_async_rst_inst/dest_clk
    SLICE_X50Y181        FDCE                                         r  design_1_i/axi_smc/inst/s00_entry_pipeline/s00_transaction_regulator/inst/xpm_cdc_async_rst_inst/arststages_ff_reg[1]/C

Slack:                    inf
  Source:                 design_1_i/axi_smc/inst/clk_map/psr_aclk/U0/ACTIVE_LOW_BSR_OUT_DFF[0].FDRE_BSR_N/C
                            (rising edge-triggered cell FDRE clocked by clk_pl_0  {rise@0.000ns fall@5.000ns period=10.000ns})
  Destination:            design_1_i/axi_smc/inst/s00_entry_pipeline/s00_transaction_regulator/inst/xpm_cdc_async_rst_inst/arststages_ff_reg[2]/CLR
                            (recovery check against rising-edge clock clk_pl_0  {rise@0.000ns fall@5.000ns period=10.000ns})
  Path Group:             (none)
  Path Type:              Recovery (Max at Slow Process Corner)
  Data Path Delay:        0.841ns  (logic 0.078ns (9.273%)  route 0.763ns (90.727%))
  Logic Levels:           0  
  Clock Path Skew:        -0.261ns (DCD - SCD + CPR)
    Destination Clock Delay (DCD):    1.755ns
    Source Clock Delay      (SCD):    2.016ns
    Clock Pessimism Removal (CPR):    0.000ns
  Clock Uncertainty:      0.130ns  ((TSJ^2 + DJ^2)^1/2) / 2 + PE
    Total System Jitter     (TSJ):    0.071ns
    Discrete Jitter          (DJ):    0.250ns
    Phase Error              (PE):    0.000ns
  Clock Net Delay (Source):      1.808ns (routing 0.569ns, distribution 1.239ns)
  Clock Net Delay (Destination): 1.587ns (routing 0.512ns, distribution 1.075ns)
  Timing Exception:       False Path

    Location             Delay type                Incr(ns)  Path(ns)    Netlist Resource(s)
  -------------------------------------------------------------------    -------------------
                         (clock clk_pl_0 rise edge)
                                                      0.000     0.000 r  
    PS8_X0Y0             PS8                          0.000     0.000 r  design_1_i/zynq_ultra_ps_e_0/inst/PS8_i/PLCLK[0]
                         net (fo=1, routed)           0.180     0.180    design_1_i/zynq_ultra_ps_e_0/inst/pl_clk_unbuffered[0]
    BUFG_PS_X0Y80        BUFG_PS (Prop_BUFG_PS_I_O)
                                                      0.028     0.208 r  design_1_i/zynq_ultra_ps_e_0/inst/buffer_pl_clk_0.PL_CLK_0_BUFG/O
    X1Y2 (CLOCK_ROOT)    net (fo=3956, routed)        1.808     2.016    design_1_i/axi_smc/inst/clk_map/psr_aclk/U0/aclk
    SLICE_X50Y231        FDRE                                         r  design_1_i/axi_smc/inst/clk_map/psr_aclk/U0/ACTIVE_LOW_BSR_OUT_DFF[0].FDRE_BSR_N/C
  -------------------------------------------------------------------    -------------------
    SLICE_X50Y231        FDRE (Prop_DFF_SLICEM_C_Q)
                                                      0.078     2.094 r  design_1_i/axi_smc/inst/clk_map/psr_aclk/U0/ACTIVE_LOW_BSR_OUT_DFF[0].FDRE_BSR_N/Q
                         net (fo=27, routed)          0.763     2.857    design_1_i/axi_smc/inst/s00_entry_pipeline/s00_transaction_regulator/inst/xpm_cdc_async_rst_inst/src_arst
    SLICE_X50Y181        FDCE                                         f  design_1_i/axi_smc/inst/s00_entry_pipeline/s00_transaction_regulator/inst/xpm_cdc_async_rst_inst/arststages_ff_reg[2]/CLR  (IS_INVERTED)
  -------------------------------------------------------------------    -------------------

                         (clock clk_pl_0 rise edge)
                                                      0.000     0.000 r  
    PS8_X0Y0             PS8                          0.000     0.000 r  design_1_i/zynq_ultra_ps_e_0/inst/PS8_i/PLCLK[0]
                         net (fo=1, routed)           0.143     0.143    design_1_i/zynq_ultra_ps_e_0/inst/pl_clk_unbuffered[0]
    BUFG_PS_X0Y80        BUFG_PS (Prop_BUFG_PS_I_O)
                                                      0.025     0.168 r  design_1_i/zynq_ultra_ps_e_0/inst/buffer_pl_clk_0.PL_CLK_0_BUFG/O
    X1Y2 (CLOCK_ROOT)    net (fo=3956, routed)        1.587     1.755    design_1_i/axi_smc/inst/s00_entry_pipeline/s00_transaction_regulator/inst/xpm_cdc_async_rst_inst/dest_clk
    SLICE_X50Y181        FDCE                                         r  design_1_i/axi_smc/inst/s00_entry_pipeline/s00_transaction_regulator/inst/xpm_cdc_async_rst_inst/arststages_ff_reg[2]/C

Slack:                    inf
  Source:                 design_1_i/axi_smc/inst/clk_map/psr_aclk/U0/ACTIVE_LOW_BSR_OUT_DFF[0].FDRE_BSR_N/C
                            (rising edge-triggered cell FDRE clocked by clk_pl_0  {rise@0.000ns fall@5.000ns period=10.000ns})
  Destination:            design_1_i/axi_smc/inst/s00_entry_pipeline/s00_mmu/inst/xpm_cdc_async_rst_inst/arststages_ff_reg[0]/CLR
                            (recovery check against rising-edge clock clk_pl_0  {rise@0.000ns fall@5.000ns period=10.000ns})
  Path Group:             (none)
  Path Type:              Recovery (Max at Slow Process Corner)
  Data Path Delay:        0.838ns  (logic 0.078ns (9.306%)  route 0.760ns (90.694%))
  Logic Levels:           0  
  Clock Path Skew:        -0.262ns (DCD - SCD + CPR)
    Destination Clock Delay (DCD):    1.754ns
    Source Clock Delay      (SCD):    2.016ns
    Clock Pessimism Removal (CPR):    0.000ns
  Clock Uncertainty:      0.130ns  ((TSJ^2 + DJ^2)^1/2) / 2 + PE
    Total System Jitter     (TSJ):    0.071ns
    Discrete Jitter          (DJ):    0.250ns
    Phase Error              (PE):    0.000ns
  Clock Net Delay (Source):      1.808ns (routing 0.569ns, distribution 1.239ns)
  Clock Net Delay (Destination): 1.586ns (routing 0.512ns, distribution 1.074ns)
  Timing Exception:       False Path

    Location             Delay type                Incr(ns)  Path(ns)    Netlist Resource(s)
  -------------------------------------------------------------------    -------------------
                         (clock clk_pl_0 rise edge)
                                                      0.000     0.000 r  
    PS8_X0Y0             PS8                          0.000     0.000 r  design_1_i/zynq_ultra_ps_e_0/inst/PS8_i/PLCLK[0]
                         net (fo=1, routed)           0.180     0.180    design_1_i/zynq_ultra_ps_e_0/inst/pl_clk_unbuffered[0]
    BUFG_PS_X0Y80        BUFG_PS (Prop_BUFG_PS_I_O)
                                                      0.028     0.208 r  design_1_i/zynq_ultra_ps_e_0/inst/buffer_pl_clk_0.PL_CLK_0_BUFG/O
    X1Y2 (CLOCK_ROOT)    net (fo=3956, routed)        1.808     2.016    design_1_i/axi_smc/inst/clk_map/psr_aclk/U0/aclk
    SLICE_X50Y231        FDRE                                         r  design_1_i/axi_smc/inst/clk_map/psr_aclk/U0/ACTIVE_LOW_BSR_OUT_DFF[0].FDRE_BSR_N/C
  -------------------------------------------------------------------    -------------------
    SLICE_X50Y231        FDRE (Prop_DFF_SLICEM_C_Q)
                                                      0.078     2.094 r  design_1_i/axi_smc/inst/clk_map/psr_aclk/U0/ACTIVE_LOW_BSR_OUT_DFF[0].FDRE_BSR_N/Q
                         net (fo=27, routed)          0.760     2.854    design_1_i/axi_smc/inst/s00_entry_pipeline/s00_mmu/inst/xpm_cdc_async_rst_inst/src_arst
    SLICE_X50Y182        FDCE                                         f  design_1_i/axi_smc/inst/s00_entry_pipeline/s00_mmu/inst/xpm_cdc_async_rst_inst/arststages_ff_reg[0]/CLR  (IS_INVERTED)
  -------------------------------------------------------------------    -------------------

                         (clock clk_pl_0 rise edge)
                                                      0.000     0.000 r  
    PS8_X0Y0             PS8                          0.000     0.000 r  design_1_i/zynq_ultra_ps_e_0/inst/PS8_i/PLCLK[0]
                         net (fo=1, routed)           0.143     0.143    design_1_i/zynq_ultra_ps_e_0/inst/pl_clk_unbuffered[0]
    BUFG_PS_X0Y80        BUFG_PS (Prop_BUFG_PS_I_O)
                                                      0.025     0.168 r  design_1_i/zynq_ultra_ps_e_0/inst/buffer_pl_clk_0.PL_CLK_0_BUFG/O
    X1Y2 (CLOCK_ROOT)    net (fo=3956, routed)        1.586     1.754    design_1_i/axi_smc/inst/s00_entry_pipeline/s00_mmu/inst/xpm_cdc_async_rst_inst/dest_clk
    SLICE_X50Y182        FDCE                                         r  design_1_i/axi_smc/inst/s00_entry_pipeline/s00_mmu/inst/xpm_cdc_async_rst_inst/arststages_ff_reg[0]/C

Slack:                    inf
  Source:                 design_1_i/axi_smc/inst/clk_map/psr_aclk/U0/ACTIVE_LOW_BSR_OUT_DFF[0].FDRE_BSR_N/C
                            (rising edge-triggered cell FDRE clocked by clk_pl_0  {rise@0.000ns fall@5.000ns period=10.000ns})
  Destination:            design_1_i/axi_smc/inst/s00_entry_pipeline/s00_mmu/inst/xpm_cdc_async_rst_inst/arststages_ff_reg[1]/CLR
                            (recovery check against rising-edge clock clk_pl_0  {rise@0.000ns fall@5.000ns period=10.000ns})
  Path Group:             (none)
  Path Type:              Recovery (Max at Slow Process Corner)
  Data Path Delay:        0.838ns  (logic 0.078ns (9.306%)  route 0.760ns (90.694%))
  Logic Levels:           0  
  Clock Path Skew:        -0.262ns (DCD - SCD + CPR)
    Destination Clock Delay (DCD):    1.754ns
    Source Clock Delay      (SCD):    2.016ns
    Clock Pessimism Removal (CPR):    0.000ns
  Clock Uncertainty:      0.130ns  ((TSJ^2 + DJ^2)^1/2) / 2 + PE
    Total System Jitter     (TSJ):    0.071ns
    Discrete Jitter          (DJ):    0.250ns
    Phase Error              (PE):    0.000ns
  Clock Net Delay (Source):      1.808ns (routing 0.569ns, distribution 1.239ns)
  Clock Net Delay (Destination): 1.586ns (routing 0.512ns, distribution 1.074ns)
  Timing Exception:       False Path

    Location             Delay type                Incr(ns)  Path(ns)    Netlist Resource(s)
  -------------------------------------------------------------------    -------------------
                         (clock clk_pl_0 rise edge)
                                                      0.000     0.000 r  
    PS8_X0Y0             PS8                          0.000     0.000 r  design_1_i/zynq_ultra_ps_e_0/inst/PS8_i/PLCLK[0]
                         net (fo=1, routed)           0.180     0.180    design_1_i/zynq_ultra_ps_e_0/inst/pl_clk_unbuffered[0]
    BUFG_PS_X0Y80        BUFG_PS (Prop_BUFG_PS_I_O)
                                                      0.028     0.208 r  design_1_i/zynq_ultra_ps_e_0/inst/buffer_pl_clk_0.PL_CLK_0_BUFG/O
    X1Y2 (CLOCK_ROOT)    net (fo=3956, routed)        1.808     2.016    design_1_i/axi_smc/inst/clk_map/psr_aclk/U0/aclk
    SLICE_X50Y231        FDRE                                         r  design_1_i/axi_smc/inst/clk_map/psr_aclk/U0/ACTIVE_LOW_BSR_OUT_DFF[0].FDRE_BSR_N/C
  -------------------------------------------------------------------    -------------------
    SLICE_X50Y231        FDRE (Prop_DFF_SLICEM_C_Q)
                                                      0.078     2.094 r  design_1_i/axi_smc/inst/clk_map/psr_aclk/U0/ACTIVE_LOW_BSR_OUT_DFF[0].FDRE_BSR_N/Q
                         net (fo=27, routed)          0.760     2.854    design_1_i/axi_smc/inst/s00_entry_pipeline/s00_mmu/inst/xpm_cdc_async_rst_inst/src_arst
    SLICE_X50Y182        FDCE                                         f  design_1_i/axi_smc/inst/s00_entry_pipeline/s00_mmu/inst/xpm_cdc_async_rst_inst/arststages_ff_reg[1]/CLR  (IS_INVERTED)
  -------------------------------------------------------------------    -------------------

                         (clock clk_pl_0 rise edge)
                                                      0.000     0.000 r  
    PS8_X0Y0             PS8                          0.000     0.000 r  design_1_i/zynq_ultra_ps_e_0/inst/PS8_i/PLCLK[0]
                         net (fo=1, routed)           0.143     0.143    design_1_i/zynq_ultra_ps_e_0/inst/pl_clk_unbuffered[0]
    BUFG_PS_X0Y80        BUFG_PS (Prop_BUFG_PS_I_O)
                                                      0.025     0.168 r  design_1_i/zynq_ultra_ps_e_0/inst/buffer_pl_clk_0.PL_CLK_0_BUFG/O
    X1Y2 (CLOCK_ROOT)    net (fo=3956, routed)        1.586     1.754    design_1_i/axi_smc/inst/s00_entry_pipeline/s00_mmu/inst/xpm_cdc_async_rst_inst/dest_clk
    SLICE_X50Y182        FDCE                                         r  design_1_i/axi_smc/inst/s00_entry_pipeline/s00_mmu/inst/xpm_cdc_async_rst_inst/arststages_ff_reg[1]/C

Slack:                    inf
  Source:                 design_1_i/axi_smc/inst/clk_map/psr_aclk/U0/ACTIVE_LOW_BSR_OUT_DFF[0].FDRE_BSR_N/C
                            (rising edge-triggered cell FDRE clocked by clk_pl_0  {rise@0.000ns fall@5.000ns period=10.000ns})
  Destination:            design_1_i/axi_smc/inst/s00_entry_pipeline/s00_mmu/inst/xpm_cdc_async_rst_inst/arststages_ff_reg[2]/CLR
                            (recovery check against rising-edge clock clk_pl_0  {rise@0.000ns fall@5.000ns period=10.000ns})
  Path Group:             (none)
  Path Type:              Recovery (Max at Slow Process Corner)
  Data Path Delay:        0.838ns  (logic 0.078ns (9.306%)  route 0.760ns (90.694%))
  Logic Levels:           0  
  Clock Path Skew:        -0.262ns (DCD - SCD + CPR)
    Destination Clock Delay (DCD):    1.754ns
    Source Clock Delay      (SCD):    2.016ns
    Clock Pessimism Removal (CPR):    0.000ns
  Clock Uncertainty:      0.130ns  ((TSJ^2 + DJ^2)^1/2) / 2 + PE
    Total System Jitter     (TSJ):    0.071ns
    Discrete Jitter          (DJ):    0.250ns
    Phase Error              (PE):    0.000ns
  Clock Net Delay (Source):      1.808ns (routing 0.569ns, distribution 1.239ns)
  Clock Net Delay (Destination): 1.586ns (routing 0.512ns, distribution 1.074ns)
  Timing Exception:       False Path

    Location             Delay type                Incr(ns)  Path(ns)    Netlist Resource(s)
  -------------------------------------------------------------------    -------------------
                         (clock clk_pl_0 rise edge)
                                                      0.000     0.000 r  
    PS8_X0Y0             PS8                          0.000     0.000 r  design_1_i/zynq_ultra_ps_e_0/inst/PS8_i/PLCLK[0]
                         net (fo=1, routed)           0.180     0.180    design_1_i/zynq_ultra_ps_e_0/inst/pl_clk_unbuffered[0]
    BUFG_PS_X0Y80        BUFG_PS (Prop_BUFG_PS_I_O)
                                                      0.028     0.208 r  design_1_i/zynq_ultra_ps_e_0/inst/buffer_pl_clk_0.PL_CLK_0_BUFG/O
    X1Y2 (CLOCK_ROOT)    net (fo=3956, routed)        1.808     2.016    design_1_i/axi_smc/inst/clk_map/psr_aclk/U0/aclk
    SLICE_X50Y231        FDRE                                         r  design_1_i/axi_smc/inst/clk_map/psr_aclk/U0/ACTIVE_LOW_BSR_OUT_DFF[0].FDRE_BSR_N/C
  -------------------------------------------------------------------    -------------------
    SLICE_X50Y231        FDRE (Prop_DFF_SLICEM_C_Q)
                                                      0.078     2.094 r  design_1_i/axi_smc/inst/clk_map/psr_aclk/U0/ACTIVE_LOW_BSR_OUT_DFF[0].FDRE_BSR_N/Q
                         net (fo=27, routed)          0.760     2.854    design_1_i/axi_smc/inst/s00_entry_pipeline/s00_mmu/inst/xpm_cdc_async_rst_inst/src_arst
    SLICE_X50Y182        FDCE                                         f  design_1_i/axi_smc/inst/s00_entry_pipeline/s00_mmu/inst/xpm_cdc_async_rst_inst/arststages_ff_reg[2]/CLR  (IS_INVERTED)
  -------------------------------------------------------------------    -------------------

                         (clock clk_pl_0 rise edge)
                                                      0.000     0.000 r  
    PS8_X0Y0             PS8                          0.000     0.000 r  design_1_i/zynq_ultra_ps_e_0/inst/PS8_i/PLCLK[0]
                         net (fo=1, routed)           0.143     0.143    design_1_i/zynq_ultra_ps_e_0/inst/pl_clk_unbuffered[0]
    BUFG_PS_X0Y80        BUFG_PS (Prop_BUFG_PS_I_O)
                                                      0.025     0.168 r  design_1_i/zynq_ultra_ps_e_0/inst/buffer_pl_clk_0.PL_CLK_0_BUFG/O
    X1Y2 (CLOCK_ROOT)    net (fo=3956, routed)        1.586     1.754    design_1_i/axi_smc/inst/s00_entry_pipeline/s00_mmu/inst/xpm_cdc_async_rst_inst/dest_clk
    SLICE_X50Y182        FDCE                                         r  design_1_i/axi_smc/inst/s00_entry_pipeline/s00_mmu/inst/xpm_cdc_async_rst_inst/arststages_ff_reg[2]/C

Slack:                    inf
  Source:                 design_1_i/axi_smc/inst/clk_map/psr_aclk/U0/ACTIVE_LOW_BSR_OUT_DFF[0].FDRE_BSR_N/C
                            (rising edge-triggered cell FDRE clocked by clk_pl_0  {rise@0.000ns fall@5.000ns period=10.000ns})
  Destination:            design_1_i/axi_smc/inst/m00_exit_pipeline/m00_exit/inst/xpm_cdc_async_rst_inst/arststages_ff_reg[0]/CLR
                            (recovery check against rising-edge clock clk_pl_0  {rise@0.000ns fall@5.000ns period=10.000ns})
  Path Group:             (none)
  Path Type:              Recovery (Max at Slow Process Corner)
  Data Path Delay:        0.832ns  (logic 0.078ns (9.373%)  route 0.754ns (90.627%))
  Logic Levels:           0  
  Clock Path Skew:        -0.267ns (DCD - SCD + CPR)
    Destination Clock Delay (DCD):    1.749ns
    Source Clock Delay      (SCD):    2.016ns
    Clock Pessimism Removal (CPR):    0.000ns
  Clock Uncertainty:      0.130ns  ((TSJ^2 + DJ^2)^1/2) / 2 + PE
    Total System Jitter     (TSJ):    0.071ns
    Discrete Jitter          (DJ):    0.250ns
    Phase Error              (PE):    0.000ns
  Clock Net Delay (Source):      1.808ns (routing 0.569ns, distribution 1.239ns)
  Clock Net Delay (Destination): 1.581ns (routing 0.512ns, distribution 1.069ns)
  Timing Exception:       False Path

    Location             Delay type                Incr(ns)  Path(ns)    Netlist Resource(s)
  -------------------------------------------------------------------    -------------------
                         (clock clk_pl_0 rise edge)
                                                      0.000     0.000 r  
    PS8_X0Y0             PS8                          0.000     0.000 r  design_1_i/zynq_ultra_ps_e_0/inst/PS8_i/PLCLK[0]
                         net (fo=1, routed)           0.180     0.180    design_1_i/zynq_ultra_ps_e_0/inst/pl_clk_unbuffered[0]
    BUFG_PS_X0Y80        BUFG_PS (Prop_BUFG_PS_I_O)
                                                      0.028     0.208 r  design_1_i/zynq_ultra_ps_e_0/inst/buffer_pl_clk_0.PL_CLK_0_BUFG/O
    X1Y2 (CLOCK_ROOT)    net (fo=3956, routed)        1.808     2.016    design_1_i/axi_smc/inst/clk_map/psr_aclk/U0/aclk
    SLICE_X50Y231        FDRE                                         r  design_1_i/axi_smc/inst/clk_map/psr_aclk/U0/ACTIVE_LOW_BSR_OUT_DFF[0].FDRE_BSR_N/C
  -------------------------------------------------------------------    -------------------
    SLICE_X50Y231        FDRE (Prop_DFF_SLICEM_C_Q)
                                                      0.078     2.094 r  design_1_i/axi_smc/inst/clk_map/psr_aclk/U0/ACTIVE_LOW_BSR_OUT_DFF[0].FDRE_BSR_N/Q
                         net (fo=27, routed)          0.754     2.848    design_1_i/axi_smc/inst/m00_exit_pipeline/m00_exit/inst/xpm_cdc_async_rst_inst/src_arst
    SLICE_X50Y195        FDCE                                         f  design_1_i/axi_smc/inst/m00_exit_pipeline/m00_exit/inst/xpm_cdc_async_rst_inst/arststages_ff_reg[0]/CLR  (IS_INVERTED)
  -------------------------------------------------------------------    -------------------

                         (clock clk_pl_0 rise edge)
                                                      0.000     0.000 r  
    PS8_X0Y0             PS8                          0.000     0.000 r  design_1_i/zynq_ultra_ps_e_0/inst/PS8_i/PLCLK[0]
                         net (fo=1, routed)           0.143     0.143    design_1_i/zynq_ultra_ps_e_0/inst/pl_clk_unbuffered[0]
    BUFG_PS_X0Y80        BUFG_PS (Prop_BUFG_PS_I_O)
                                                      0.025     0.168 r  design_1_i/zynq_ultra_ps_e_0/inst/buffer_pl_clk_0.PL_CLK_0_BUFG/O
    X1Y2 (CLOCK_ROOT)    net (fo=3956, routed)        1.581     1.749    design_1_i/axi_smc/inst/m00_exit_pipeline/m00_exit/inst/xpm_cdc_async_rst_inst/dest_clk
    SLICE_X50Y195        FDCE                                         r  design_1_i/axi_smc/inst/m00_exit_pipeline/m00_exit/inst/xpm_cdc_async_rst_inst/arststages_ff_reg[0]/C

Slack:                    inf
  Source:                 design_1_i/axi_smc/inst/clk_map/psr_aclk/U0/ACTIVE_LOW_BSR_OUT_DFF[0].FDRE_BSR_N/C
                            (rising edge-triggered cell FDRE clocked by clk_pl_0  {rise@0.000ns fall@5.000ns period=10.000ns})
  Destination:            design_1_i/axi_smc/inst/m00_exit_pipeline/m00_exit/inst/xpm_cdc_async_rst_inst/arststages_ff_reg[1]/CLR
                            (recovery check against rising-edge clock clk_pl_0  {rise@0.000ns fall@5.000ns period=10.000ns})
  Path Group:             (none)
  Path Type:              Recovery (Max at Slow Process Corner)
  Data Path Delay:        0.832ns  (logic 0.078ns (9.373%)  route 0.754ns (90.627%))
  Logic Levels:           0  
  Clock Path Skew:        -0.267ns (DCD - SCD + CPR)
    Destination Clock Delay (DCD):    1.749ns
    Source Clock Delay      (SCD):    2.016ns
    Clock Pessimism Removal (CPR):    0.000ns
  Clock Uncertainty:      0.130ns  ((TSJ^2 + DJ^2)^1/2) / 2 + PE
    Total System Jitter     (TSJ):    0.071ns
    Discrete Jitter          (DJ):    0.250ns
    Phase Error              (PE):    0.000ns
  Clock Net Delay (Source):      1.808ns (routing 0.569ns, distribution 1.239ns)
  Clock Net Delay (Destination): 1.581ns (routing 0.512ns, distribution 1.069ns)
  Timing Exception:       False Path

    Location             Delay type                Incr(ns)  Path(ns)    Netlist Resource(s)
  -------------------------------------------------------------------    -------------------
                         (clock clk_pl_0 rise edge)
                                                      0.000     0.000 r  
    PS8_X0Y0             PS8                          0.000     0.000 r  design_1_i/zynq_ultra_ps_e_0/inst/PS8_i/PLCLK[0]
                         net (fo=1, routed)           0.180     0.180    design_1_i/zynq_ultra_ps_e_0/inst/pl_clk_unbuffered[0]
    BUFG_PS_X0Y80        BUFG_PS (Prop_BUFG_PS_I_O)
                                                      0.028     0.208 r  design_1_i/zynq_ultra_ps_e_0/inst/buffer_pl_clk_0.PL_CLK_0_BUFG/O
    X1Y2 (CLOCK_ROOT)    net (fo=3956, routed)        1.808     2.016    design_1_i/axi_smc/inst/clk_map/psr_aclk/U0/aclk
    SLICE_X50Y231        FDRE                                         r  design_1_i/axi_smc/inst/clk_map/psr_aclk/U0/ACTIVE_LOW_BSR_OUT_DFF[0].FDRE_BSR_N/C
  -------------------------------------------------------------------    -------------------
    SLICE_X50Y231        FDRE (Prop_DFF_SLICEM_C_Q)
                                                      0.078     2.094 r  design_1_i/axi_smc/inst/clk_map/psr_aclk/U0/ACTIVE_LOW_BSR_OUT_DFF[0].FDRE_BSR_N/Q
                         net (fo=27, routed)          0.754     2.848    design_1_i/axi_smc/inst/m00_exit_pipeline/m00_exit/inst/xpm_cdc_async_rst_inst/src_arst
    SLICE_X50Y195        FDCE                                         f  design_1_i/axi_smc/inst/m00_exit_pipeline/m00_exit/inst/xpm_cdc_async_rst_inst/arststages_ff_reg[1]/CLR  (IS_INVERTED)
  -------------------------------------------------------------------    -------------------

                         (clock clk_pl_0 rise edge)
                                                      0.000     0.000 r  
    PS8_X0Y0             PS8                          0.000     0.000 r  design_1_i/zynq_ultra_ps_e_0/inst/PS8_i/PLCLK[0]
                         net (fo=1, routed)           0.143     0.143    design_1_i/zynq_ultra_ps_e_0/inst/pl_clk_unbuffered[0]
    BUFG_PS_X0Y80        BUFG_PS (Prop_BUFG_PS_I_O)
                                                      0.025     0.168 r  design_1_i/zynq_ultra_ps_e_0/inst/buffer_pl_clk_0.PL_CLK_0_BUFG/O
    X1Y2 (CLOCK_ROOT)    net (fo=3956, routed)        1.581     1.749    design_1_i/axi_smc/inst/m00_exit_pipeline/m00_exit/inst/xpm_cdc_async_rst_inst/dest_clk
    SLICE_X50Y195        FDCE                                         r  design_1_i/axi_smc/inst/m00_exit_pipeline/m00_exit/inst/xpm_cdc_async_rst_inst/arststages_ff_reg[1]/C

Slack:                    inf
  Source:                 design_1_i/axi_smc/inst/clk_map/psr_aclk/U0/ACTIVE_LOW_BSR_OUT_DFF[0].FDRE_BSR_N/C
                            (rising edge-triggered cell FDRE clocked by clk_pl_0  {rise@0.000ns fall@5.000ns period=10.000ns})
  Destination:            design_1_i/axi_smc/inst/m00_exit_pipeline/m00_exit/inst/xpm_cdc_async_rst_inst/arststages_ff_reg[2]/CLR
                            (recovery check against rising-edge clock clk_pl_0  {rise@0.000ns fall@5.000ns period=10.000ns})
  Path Group:             (none)
  Path Type:              Recovery (Max at Slow Process Corner)
  Data Path Delay:        0.832ns  (logic 0.078ns (9.373%)  route 0.754ns (90.627%))
  Logic Levels:           0  
  Clock Path Skew:        -0.267ns (DCD - SCD + CPR)
    Destination Clock Delay (DCD):    1.749ns
    Source Clock Delay      (SCD):    2.016ns
    Clock Pessimism Removal (CPR):    0.000ns
  Clock Uncertainty:      0.130ns  ((TSJ^2 + DJ^2)^1/2) / 2 + PE
    Total System Jitter     (TSJ):    0.071ns
    Discrete Jitter          (DJ):    0.250ns
    Phase Error              (PE):    0.000ns
  Clock Net Delay (Source):      1.808ns (routing 0.569ns, distribution 1.239ns)
  Clock Net Delay (Destination): 1.581ns (routing 0.512ns, distribution 1.069ns)
  Timing Exception:       False Path

    Location             Delay type                Incr(ns)  Path(ns)    Netlist Resource(s)
  -------------------------------------------------------------------    -------------------
                         (clock clk_pl_0 rise edge)
                                                      0.000     0.000 r  
    PS8_X0Y0             PS8                          0.000     0.000 r  design_1_i/zynq_ultra_ps_e_0/inst/PS8_i/PLCLK[0]
                         net (fo=1, routed)           0.180     0.180    design_1_i/zynq_ultra_ps_e_0/inst/pl_clk_unbuffered[0]
    BUFG_PS_X0Y80        BUFG_PS (Prop_BUFG_PS_I_O)
                                                      0.028     0.208 r  design_1_i/zynq_ultra_ps_e_0/inst/buffer_pl_clk_0.PL_CLK_0_BUFG/O
    X1Y2 (CLOCK_ROOT)    net (fo=3956, routed)        1.808     2.016    design_1_i/axi_smc/inst/clk_map/psr_aclk/U0/aclk
    SLICE_X50Y231        FDRE                                         r  design_1_i/axi_smc/inst/clk_map/psr_aclk/U0/ACTIVE_LOW_BSR_OUT_DFF[0].FDRE_BSR_N/C
  -------------------------------------------------------------------    -------------------
    SLICE_X50Y231        FDRE (Prop_DFF_SLICEM_C_Q)
                                                      0.078     2.094 r  design_1_i/axi_smc/inst/clk_map/psr_aclk/U0/ACTIVE_LOW_BSR_OUT_DFF[0].FDRE_BSR_N/Q
                         net (fo=27, routed)          0.754     2.848    design_1_i/axi_smc/inst/m00_exit_pipeline/m00_exit/inst/xpm_cdc_async_rst_inst/src_arst
    SLICE_X50Y195        FDCE                                         f  design_1_i/axi_smc/inst/m00_exit_pipeline/m00_exit/inst/xpm_cdc_async_rst_inst/arststages_ff_reg[2]/CLR  (IS_INVERTED)
  -------------------------------------------------------------------    -------------------

                         (clock clk_pl_0 rise edge)
                                                      0.000     0.000 r  
    PS8_X0Y0             PS8                          0.000     0.000 r  design_1_i/zynq_ultra_ps_e_0/inst/PS8_i/PLCLK[0]
                         net (fo=1, routed)           0.143     0.143    design_1_i/zynq_ultra_ps_e_0/inst/pl_clk_unbuffered[0]
    BUFG_PS_X0Y80        BUFG_PS (Prop_BUFG_PS_I_O)
                                                      0.025     0.168 r  design_1_i/zynq_ultra_ps_e_0/inst/buffer_pl_clk_0.PL_CLK_0_BUFG/O
    X1Y2 (CLOCK_ROOT)    net (fo=3956, routed)        1.581     1.749    design_1_i/axi_smc/inst/m00_exit_pipeline/m00_exit/inst/xpm_cdc_async_rst_inst/dest_clk
    SLICE_X50Y195        FDCE                                         r  design_1_i/axi_smc/inst/m00_exit_pipeline/m00_exit/inst/xpm_cdc_async_rst_inst/arststages_ff_reg[2]/C





Min Delay Paths
--------------------------------------------------------------------------------------
Slack:                    inf
  Source:                 design_1_i/axi_smc/inst/clk_map/psr_aclk/U0/ACTIVE_LOW_BSR_OUT_DFF[0].FDRE_BSR_N/C
                            (rising edge-triggered cell FDRE clocked by clk_pl_0  {rise@0.000ns fall@5.000ns period=10.000ns})
  Destination:            design_1_i/axi_smc/inst/s00_nodes/s00_ar_node/inst/s_sc_xpm_cdc_async_rst_inst/arststages_ff_reg[0]/CLR
                            (removal check against rising-edge clock clk_pl_0  {rise@0.000ns fall@5.000ns period=10.000ns})
  Path Group:             (none)
  Path Type:              Removal (Min at Fast Process Corner)
  Data Path Delay:        0.211ns  (logic 0.039ns (18.450%)  route 0.172ns (81.550%))
  Logic Levels:           0  
  Clock Path Skew:        0.158ns (DCD - SCD - CPR)
    Destination Clock Delay (DCD):    1.285ns
    Source Clock Delay      (SCD):    1.128ns
    Clock Pessimism Removal (CPR):    -0.000ns
  Clock Uncertainty:      0.130ns  ((TSJ^2 + DJ^2)^1/2) / 2 + PE
    Total System Jitter     (TSJ):    0.071ns
    Discrete Jitter          (DJ):    0.250ns
    Phase Error              (PE):    0.000ns
  Clock Net Delay (Source):      0.989ns (routing 0.311ns, distribution 0.678ns)
  Clock Net Delay (Destination): 1.113ns (routing 0.352ns, distribution 0.761ns)
  Timing Exception:       False Path

    Location             Delay type                Incr(ns)  Path(ns)    Netlist Resource(s)
  -------------------------------------------------------------------    -------------------
                         (clock clk_pl_0 rise edge)
                                                      0.000     0.000 r  
    PS8_X0Y0             PS8                          0.000     0.000 r  design_1_i/zynq_ultra_ps_e_0/inst/PS8_i/PLCLK[0]
                         net (fo=1, routed)           0.122     0.122    design_1_i/zynq_ultra_ps_e_0/inst/pl_clk_unbuffered[0]
    BUFG_PS_X0Y80        BUFG_PS (Prop_BUFG_PS_I_O)
                                                      0.017     0.139 r  design_1_i/zynq_ultra_ps_e_0/inst/buffer_pl_clk_0.PL_CLK_0_BUFG/O
    X1Y2 (CLOCK_ROOT)    net (fo=3956, routed)        0.989     1.128    design_1_i/axi_smc/inst/clk_map/psr_aclk/U0/aclk
    SLICE_X50Y231        FDRE                                         r  design_1_i/axi_smc/inst/clk_map/psr_aclk/U0/ACTIVE_LOW_BSR_OUT_DFF[0].FDRE_BSR_N/C
  -------------------------------------------------------------------    -------------------
    SLICE_X50Y231        FDRE (Prop_DFF_SLICEM_C_Q)
                                                      0.039     1.167 r  design_1_i/axi_smc/inst/clk_map/psr_aclk/U0/ACTIVE_LOW_BSR_OUT_DFF[0].FDRE_BSR_N/Q
                         net (fo=27, routed)          0.172     1.339    design_1_i/axi_smc/inst/s00_nodes/s00_ar_node/inst/s_sc_xpm_cdc_async_rst_inst/src_arst
    SLICE_X51Y235        FDCE                                         f  design_1_i/axi_smc/inst/s00_nodes/s00_ar_node/inst/s_sc_xpm_cdc_async_rst_inst/arststages_ff_reg[0]/CLR  (IS_INVERTED)
  -------------------------------------------------------------------    -------------------

                         (clock clk_pl_0 rise edge)
                                                      0.000     0.000 r  
    PS8_X0Y0             PS8                          0.000     0.000 r  design_1_i/zynq_ultra_ps_e_0/inst/PS8_i/PLCLK[0]
                         net (fo=1, routed)           0.154     0.154    design_1_i/zynq_ultra_ps_e_0/inst/pl_clk_unbuffered[0]
    BUFG_PS_X0Y80        BUFG_PS (Prop_BUFG_PS_I_O)
                                                      0.018     0.172 r  design_1_i/zynq_ultra_ps_e_0/inst/buffer_pl_clk_0.PL_CLK_0_BUFG/O
    X1Y2 (CLOCK_ROOT)    net (fo=3956, routed)        1.113     1.285    design_1_i/axi_smc/inst/s00_nodes/s00_ar_node/inst/s_sc_xpm_cdc_async_rst_inst/dest_clk
    SLICE_X51Y235        FDCE                                         r  design_1_i/axi_smc/inst/s00_nodes/s00_ar_node/inst/s_sc_xpm_cdc_async_rst_inst/arststages_ff_reg[0]/C

Slack:                    inf
  Source:                 design_1_i/axi_smc/inst/clk_map/psr_aclk/U0/ACTIVE_LOW_BSR_OUT_DFF[0].FDRE_BSR_N/C
                            (rising edge-triggered cell FDRE clocked by clk_pl_0  {rise@0.000ns fall@5.000ns period=10.000ns})
  Destination:            design_1_i/axi_smc/inst/s00_nodes/s00_ar_node/inst/s_sc_xpm_cdc_async_rst_inst/arststages_ff_reg[1]/CLR
                            (removal check against rising-edge clock clk_pl_0  {rise@0.000ns fall@5.000ns period=10.000ns})
  Path Group:             (none)
  Path Type:              Removal (Min at Fast Process Corner)
  Data Path Delay:        0.211ns  (logic 0.039ns (18.450%)  route 0.172ns (81.550%))
  Logic Levels:           0  
  Clock Path Skew:        0.158ns (DCD - SCD - CPR)
    Destination Clock Delay (DCD):    1.285ns
    Source Clock Delay      (SCD):    1.128ns
    Clock Pessimism Removal (CPR):    -0.000ns
  Clock Uncertainty:      0.130ns  ((TSJ^2 + DJ^2)^1/2) / 2 + PE
    Total System Jitter     (TSJ):    0.071ns
    Discrete Jitter          (DJ):    0.250ns
    Phase Error              (PE):    0.000ns
  Clock Net Delay (Source):      0.989ns (routing 0.311ns, distribution 0.678ns)
  Clock Net Delay (Destination): 1.113ns (routing 0.352ns, distribution 0.761ns)
  Timing Exception:       False Path

    Location             Delay type                Incr(ns)  Path(ns)    Netlist Resource(s)
  -------------------------------------------------------------------    -------------------
                         (clock clk_pl_0 rise edge)
                                                      0.000     0.000 r  
    PS8_X0Y0             PS8                          0.000     0.000 r  design_1_i/zynq_ultra_ps_e_0/inst/PS8_i/PLCLK[0]
                         net (fo=1, routed)           0.122     0.122    design_1_i/zynq_ultra_ps_e_0/inst/pl_clk_unbuffered[0]
    BUFG_PS_X0Y80        BUFG_PS (Prop_BUFG_PS_I_O)
                                                      0.017     0.139 r  design_1_i/zynq_ultra_ps_e_0/inst/buffer_pl_clk_0.PL_CLK_0_BUFG/O
    X1Y2 (CLOCK_ROOT)    net (fo=3956, routed)        0.989     1.128    design_1_i/axi_smc/inst/clk_map/psr_aclk/U0/aclk
    SLICE_X50Y231        FDRE                                         r  design_1_i/axi_smc/inst/clk_map/psr_aclk/U0/ACTIVE_LOW_BSR_OUT_DFF[0].FDRE_BSR_N/C
  -------------------------------------------------------------------    -------------------
    SLICE_X50Y231        FDRE (Prop_DFF_SLICEM_C_Q)
                                                      0.039     1.167 r  design_1_i/axi_smc/inst/clk_map/psr_aclk/U0/ACTIVE_LOW_BSR_OUT_DFF[0].FDRE_BSR_N/Q
                         net (fo=27, routed)          0.172     1.339    design_1_i/axi_smc/inst/s00_nodes/s00_ar_node/inst/s_sc_xpm_cdc_async_rst_inst/src_arst
    SLICE_X51Y235        FDCE                                         f  design_1_i/axi_smc/inst/s00_nodes/s00_ar_node/inst/s_sc_xpm_cdc_async_rst_inst/arststages_ff_reg[1]/CLR  (IS_INVERTED)
  -------------------------------------------------------------------    -------------------

                         (clock clk_pl_0 rise edge)
                                                      0.000     0.000 r  
    PS8_X0Y0             PS8                          0.000     0.000 r  design_1_i/zynq_ultra_ps_e_0/inst/PS8_i/PLCLK[0]
                         net (fo=1, routed)           0.154     0.154    design_1_i/zynq_ultra_ps_e_0/inst/pl_clk_unbuffered[0]
    BUFG_PS_X0Y80        BUFG_PS (Prop_BUFG_PS_I_O)
                                                      0.018     0.172 r  design_1_i/zynq_ultra_ps_e_0/inst/buffer_pl_clk_0.PL_CLK_0_BUFG/O
    X1Y2 (CLOCK_ROOT)    net (fo=3956, routed)        1.113     1.285    design_1_i/axi_smc/inst/s00_nodes/s00_ar_node/inst/s_sc_xpm_cdc_async_rst_inst/dest_clk
    SLICE_X51Y235        FDCE                                         r  design_1_i/axi_smc/inst/s00_nodes/s00_ar_node/inst/s_sc_xpm_cdc_async_rst_inst/arststages_ff_reg[1]/C

Slack:                    inf
  Source:                 design_1_i/axi_smc/inst/clk_map/psr_aclk/U0/ACTIVE_LOW_BSR_OUT_DFF[0].FDRE_BSR_N/C
                            (rising edge-triggered cell FDRE clocked by clk_pl_0  {rise@0.000ns fall@5.000ns period=10.000ns})
  Destination:            design_1_i/axi_smc/inst/s00_nodes/s00_ar_node/inst/s_sc_xpm_cdc_async_rst_inst/arststages_ff_reg[2]/CLR
                            (removal check against rising-edge clock clk_pl_0  {rise@0.000ns fall@5.000ns period=10.000ns})
  Path Group:             (none)
  Path Type:              Removal (Min at Fast Process Corner)
  Data Path Delay:        0.211ns  (logic 0.039ns (18.450%)  route 0.172ns (81.550%))
  Logic Levels:           0  
  Clock Path Skew:        0.158ns (DCD - SCD - CPR)
    Destination Clock Delay (DCD):    1.285ns
    Source Clock Delay      (SCD):    1.128ns
    Clock Pessimism Removal (CPR):    -0.000ns
  Clock Uncertainty:      0.130ns  ((TSJ^2 + DJ^2)^1/2) / 2 + PE
    Total System Jitter     (TSJ):    0.071ns
    Discrete Jitter          (DJ):    0.250ns
    Phase Error              (PE):    0.000ns
  Clock Net Delay (Source):      0.989ns (routing 0.311ns, distribution 0.678ns)
  Clock Net Delay (Destination): 1.113ns (routing 0.352ns, distribution 0.761ns)
  Timing Exception:       False Path

    Location             Delay type                Incr(ns)  Path(ns)    Netlist Resource(s)
  -------------------------------------------------------------------    -------------------
                         (clock clk_pl_0 rise edge)
                                                      0.000     0.000 r  
    PS8_X0Y0             PS8                          0.000     0.000 r  design_1_i/zynq_ultra_ps_e_0/inst/PS8_i/PLCLK[0]
                         net (fo=1, routed)           0.122     0.122    design_1_i/zynq_ultra_ps_e_0/inst/pl_clk_unbuffered[0]
    BUFG_PS_X0Y80        BUFG_PS (Prop_BUFG_PS_I_O)
                                                      0.017     0.139 r  design_1_i/zynq_ultra_ps_e_0/inst/buffer_pl_clk_0.PL_CLK_0_BUFG/O
    X1Y2 (CLOCK_ROOT)    net (fo=3956, routed)        0.989     1.128    design_1_i/axi_smc/inst/clk_map/psr_aclk/U0/aclk
    SLICE_X50Y231        FDRE                                         r  design_1_i/axi_smc/inst/clk_map/psr_aclk/U0/ACTIVE_LOW_BSR_OUT_DFF[0].FDRE_BSR_N/C
  -------------------------------------------------------------------    -------------------
    SLICE_X50Y231        FDRE (Prop_DFF_SLICEM_C_Q)
                                                      0.039     1.167 r  design_1_i/axi_smc/inst/clk_map/psr_aclk/U0/ACTIVE_LOW_BSR_OUT_DFF[0].FDRE_BSR_N/Q
                         net (fo=27, routed)          0.172     1.339    design_1_i/axi_smc/inst/s00_nodes/s00_ar_node/inst/s_sc_xpm_cdc_async_rst_inst/src_arst
    SLICE_X51Y235        FDCE                                         f  design_1_i/axi_smc/inst/s00_nodes/s00_ar_node/inst/s_sc_xpm_cdc_async_rst_inst/arststages_ff_reg[2]/CLR  (IS_INVERTED)
  -------------------------------------------------------------------    -------------------

                         (clock clk_pl_0 rise edge)
                                                      0.000     0.000 r  
    PS8_X0Y0             PS8                          0.000     0.000 r  design_1_i/zynq_ultra_ps_e_0/inst/PS8_i/PLCLK[0]
                         net (fo=1, routed)           0.154     0.154    design_1_i/zynq_ultra_ps_e_0/inst/pl_clk_unbuffered[0]
    BUFG_PS_X0Y80        BUFG_PS (Prop_BUFG_PS_I_O)
                                                      0.018     0.172 r  design_1_i/zynq_ultra_ps_e_0/inst/buffer_pl_clk_0.PL_CLK_0_BUFG/O
    X1Y2 (CLOCK_ROOT)    net (fo=3956, routed)        1.113     1.285    design_1_i/axi_smc/inst/s00_nodes/s00_ar_node/inst/s_sc_xpm_cdc_async_rst_inst/dest_clk
    SLICE_X51Y235        FDCE                                         r  design_1_i/axi_smc/inst/s00_nodes/s00_ar_node/inst/s_sc_xpm_cdc_async_rst_inst/arststages_ff_reg[2]/C

Slack:                    inf
  Source:                 design_1_i/axi_smc/inst/clk_map/psr_aclk/U0/ACTIVE_LOW_BSR_OUT_DFF[0].FDRE_BSR_N/C
                            (rising edge-triggered cell FDRE clocked by clk_pl_0  {rise@0.000ns fall@5.000ns period=10.000ns})
  Destination:            design_1_i/axi_smc/inst/s00_entry_pipeline/s00_si_converter/inst/xpm_cdc_async_rst_inst/arststages_ff_reg[0]/CLR
                            (removal check against rising-edge clock clk_pl_0  {rise@0.000ns fall@5.000ns period=10.000ns})
  Path Group:             (none)
  Path Type:              Removal (Min at Fast Process Corner)
  Data Path Delay:        0.218ns  (logic 0.039ns (17.858%)  route 0.179ns (82.142%))
  Logic Levels:           0  
  Clock Path Skew:        0.163ns (DCD - SCD - CPR)
    Destination Clock Delay (DCD):    1.290ns
    Source Clock Delay      (SCD):    1.128ns
    Clock Pessimism Removal (CPR):    -0.000ns
  Clock Uncertainty:      0.130ns  ((TSJ^2 + DJ^2)^1/2) / 2 + PE
    Total System Jitter     (TSJ):    0.071ns
    Discrete Jitter          (DJ):    0.250ns
    Phase Error              (PE):    0.000ns
  Clock Net Delay (Source):      0.989ns (routing 0.311ns, distribution 0.678ns)
  Clock Net Delay (Destination): 1.118ns (routing 0.352ns, distribution 0.766ns)
  Timing Exception:       False Path

    Location             Delay type                Incr(ns)  Path(ns)    Netlist Resource(s)
  -------------------------------------------------------------------    -------------------
                         (clock clk_pl_0 rise edge)
                                                      0.000     0.000 r  
    PS8_X0Y0             PS8                          0.000     0.000 r  design_1_i/zynq_ultra_ps_e_0/inst/PS8_i/PLCLK[0]
                         net (fo=1, routed)           0.122     0.122    design_1_i/zynq_ultra_ps_e_0/inst/pl_clk_unbuffered[0]
    BUFG_PS_X0Y80        BUFG_PS (Prop_BUFG_PS_I_O)
                                                      0.017     0.139 r  design_1_i/zynq_ultra_ps_e_0/inst/buffer_pl_clk_0.PL_CLK_0_BUFG/O
    X1Y2 (CLOCK_ROOT)    net (fo=3956, routed)        0.989     1.128    design_1_i/axi_smc/inst/clk_map/psr_aclk/U0/aclk
    SLICE_X50Y231        FDRE                                         r  design_1_i/axi_smc/inst/clk_map/psr_aclk/U0/ACTIVE_LOW_BSR_OUT_DFF[0].FDRE_BSR_N/C
  -------------------------------------------------------------------    -------------------
    SLICE_X50Y231        FDRE (Prop_DFF_SLICEM_C_Q)
                                                      0.039     1.167 r  design_1_i/axi_smc/inst/clk_map/psr_aclk/U0/ACTIVE_LOW_BSR_OUT_DFF[0].FDRE_BSR_N/Q
                         net (fo=27, routed)          0.179     1.346    design_1_i/axi_smc/inst/s00_entry_pipeline/s00_si_converter/inst/xpm_cdc_async_rst_inst/src_arst
    SLICE_X50Y235        FDCE                                         f  design_1_i/axi_smc/inst/s00_entry_pipeline/s00_si_converter/inst/xpm_cdc_async_rst_inst/arststages_ff_reg[0]/CLR  (IS_INVERTED)
  -------------------------------------------------------------------    -------------------

                         (clock clk_pl_0 rise edge)
                                                      0.000     0.000 r  
    PS8_X0Y0             PS8                          0.000     0.000 r  design_1_i/zynq_ultra_ps_e_0/inst/PS8_i/PLCLK[0]
                         net (fo=1, routed)           0.154     0.154    design_1_i/zynq_ultra_ps_e_0/inst/pl_clk_unbuffered[0]
    BUFG_PS_X0Y80        BUFG_PS (Prop_BUFG_PS_I_O)
                                                      0.018     0.172 r  design_1_i/zynq_ultra_ps_e_0/inst/buffer_pl_clk_0.PL_CLK_0_BUFG/O
    X1Y2 (CLOCK_ROOT)    net (fo=3956, routed)        1.118     1.290    design_1_i/axi_smc/inst/s00_entry_pipeline/s00_si_converter/inst/xpm_cdc_async_rst_inst/dest_clk
    SLICE_X50Y235        FDCE                                         r  design_1_i/axi_smc/inst/s00_entry_pipeline/s00_si_converter/inst/xpm_cdc_async_rst_inst/arststages_ff_reg[0]/C

Slack:                    inf
  Source:                 design_1_i/axi_smc/inst/clk_map/psr_aclk/U0/ACTIVE_LOW_BSR_OUT_DFF[0].FDRE_BSR_N/C
                            (rising edge-triggered cell FDRE clocked by clk_pl_0  {rise@0.000ns fall@5.000ns period=10.000ns})
  Destination:            design_1_i/axi_smc/inst/s00_entry_pipeline/s00_si_converter/inst/xpm_cdc_async_rst_inst/arststages_ff_reg[1]/CLR
                            (removal check against rising-edge clock clk_pl_0  {rise@0.000ns fall@5.000ns period=10.000ns})
  Path Group:             (none)
  Path Type:              Removal (Min at Fast Process Corner)
  Data Path Delay:        0.218ns  (logic 0.039ns (17.858%)  route 0.179ns (82.142%))
  Logic Levels:           0  
  Clock Path Skew:        0.163ns (DCD - SCD - CPR)
    Destination Clock Delay (DCD):    1.290ns
    Source Clock Delay      (SCD):    1.128ns
    Clock Pessimism Removal (CPR):    -0.000ns
  Clock Uncertainty:      0.130ns  ((TSJ^2 + DJ^2)^1/2) / 2 + PE
    Total System Jitter     (TSJ):    0.071ns
    Discrete Jitter          (DJ):    0.250ns
    Phase Error              (PE):    0.000ns
  Clock Net Delay (Source):      0.989ns (routing 0.311ns, distribution 0.678ns)
  Clock Net Delay (Destination): 1.118ns (routing 0.352ns, distribution 0.766ns)
  Timing Exception:       False Path

    Location             Delay type                Incr(ns)  Path(ns)    Netlist Resource(s)
  -------------------------------------------------------------------    -------------------
                         (clock clk_pl_0 rise edge)
                                                      0.000     0.000 r  
    PS8_X0Y0             PS8                          0.000     0.000 r  design_1_i/zynq_ultra_ps_e_0/inst/PS8_i/PLCLK[0]
                         net (fo=1, routed)           0.122     0.122    design_1_i/zynq_ultra_ps_e_0/inst/pl_clk_unbuffered[0]
    BUFG_PS_X0Y80        BUFG_PS (Prop_BUFG_PS_I_O)
                                                      0.017     0.139 r  design_1_i/zynq_ultra_ps_e_0/inst/buffer_pl_clk_0.PL_CLK_0_BUFG/O
    X1Y2 (CLOCK_ROOT)    net (fo=3956, routed)        0.989     1.128    design_1_i/axi_smc/inst/clk_map/psr_aclk/U0/aclk
    SLICE_X50Y231        FDRE                                         r  design_1_i/axi_smc/inst/clk_map/psr_aclk/U0/ACTIVE_LOW_BSR_OUT_DFF[0].FDRE_BSR_N/C
  -------------------------------------------------------------------    -------------------
    SLICE_X50Y231        FDRE (Prop_DFF_SLICEM_C_Q)
                                                      0.039     1.167 r  design_1_i/axi_smc/inst/clk_map/psr_aclk/U0/ACTIVE_LOW_BSR_OUT_DFF[0].FDRE_BSR_N/Q
                         net (fo=27, routed)          0.179     1.346    design_1_i/axi_smc/inst/s00_entry_pipeline/s00_si_converter/inst/xpm_cdc_async_rst_inst/src_arst
    SLICE_X50Y235        FDCE                                         f  design_1_i/axi_smc/inst/s00_entry_pipeline/s00_si_converter/inst/xpm_cdc_async_rst_inst/arststages_ff_reg[1]/CLR  (IS_INVERTED)
  -------------------------------------------------------------------    -------------------

                         (clock clk_pl_0 rise edge)
                                                      0.000     0.000 r  
    PS8_X0Y0             PS8                          0.000     0.000 r  design_1_i/zynq_ultra_ps_e_0/inst/PS8_i/PLCLK[0]
                         net (fo=1, routed)           0.154     0.154    design_1_i/zynq_ultra_ps_e_0/inst/pl_clk_unbuffered[0]
    BUFG_PS_X0Y80        BUFG_PS (Prop_BUFG_PS_I_O)
                                                      0.018     0.172 r  design_1_i/zynq_ultra_ps_e_0/inst/buffer_pl_clk_0.PL_CLK_0_BUFG/O
    X1Y2 (CLOCK_ROOT)    net (fo=3956, routed)        1.118     1.290    design_1_i/axi_smc/inst/s00_entry_pipeline/s00_si_converter/inst/xpm_cdc_async_rst_inst/dest_clk
    SLICE_X50Y235        FDCE                                         r  design_1_i/axi_smc/inst/s00_entry_pipeline/s00_si_converter/inst/xpm_cdc_async_rst_inst/arststages_ff_reg[1]/C

Slack:                    inf
  Source:                 design_1_i/axi_smc/inst/clk_map/psr_aclk/U0/ACTIVE_LOW_BSR_OUT_DFF[0].FDRE_BSR_N/C
                            (rising edge-triggered cell FDRE clocked by clk_pl_0  {rise@0.000ns fall@5.000ns period=10.000ns})
  Destination:            design_1_i/axi_smc/inst/s00_entry_pipeline/s00_si_converter/inst/xpm_cdc_async_rst_inst/arststages_ff_reg[2]/CLR
                            (removal check against rising-edge clock clk_pl_0  {rise@0.000ns fall@5.000ns period=10.000ns})
  Path Group:             (none)
  Path Type:              Removal (Min at Fast Process Corner)
  Data Path Delay:        0.218ns  (logic 0.039ns (17.858%)  route 0.179ns (82.142%))
  Logic Levels:           0  
  Clock Path Skew:        0.163ns (DCD - SCD - CPR)
    Destination Clock Delay (DCD):    1.290ns
    Source Clock Delay      (SCD):    1.128ns
    Clock Pessimism Removal (CPR):    -0.000ns
  Clock Uncertainty:      0.130ns  ((TSJ^2 + DJ^2)^1/2) / 2 + PE
    Total System Jitter     (TSJ):    0.071ns
    Discrete Jitter          (DJ):    0.250ns
    Phase Error              (PE):    0.000ns
  Clock Net Delay (Source):      0.989ns (routing 0.311ns, distribution 0.678ns)
  Clock Net Delay (Destination): 1.118ns (routing 0.352ns, distribution 0.766ns)
  Timing Exception:       False Path

    Location             Delay type                Incr(ns)  Path(ns)    Netlist Resource(s)
  -------------------------------------------------------------------    -------------------
                         (clock clk_pl_0 rise edge)
                                                      0.000     0.000 r  
    PS8_X0Y0             PS8                          0.000     0.000 r  design_1_i/zynq_ultra_ps_e_0/inst/PS8_i/PLCLK[0]
                         net (fo=1, routed)           0.122     0.122    design_1_i/zynq_ultra_ps_e_0/inst/pl_clk_unbuffered[0]
    BUFG_PS_X0Y80        BUFG_PS (Prop_BUFG_PS_I_O)
                                                      0.017     0.139 r  design_1_i/zynq_ultra_ps_e_0/inst/buffer_pl_clk_0.PL_CLK_0_BUFG/O
    X1Y2 (CLOCK_ROOT)    net (fo=3956, routed)        0.989     1.128    design_1_i/axi_smc/inst/clk_map/psr_aclk/U0/aclk
    SLICE_X50Y231        FDRE                                         r  design_1_i/axi_smc/inst/clk_map/psr_aclk/U0/ACTIVE_LOW_BSR_OUT_DFF[0].FDRE_BSR_N/C
  -------------------------------------------------------------------    -------------------
    SLICE_X50Y231        FDRE (Prop_DFF_SLICEM_C_Q)
                                                      0.039     1.167 r  design_1_i/axi_smc/inst/clk_map/psr_aclk/U0/ACTIVE_LOW_BSR_OUT_DFF[0].FDRE_BSR_N/Q
                         net (fo=27, routed)          0.179     1.346    design_1_i/axi_smc/inst/s00_entry_pipeline/s00_si_converter/inst/xpm_cdc_async_rst_inst/src_arst
    SLICE_X50Y235        FDCE                                         f  design_1_i/axi_smc/inst/s00_entry_pipeline/s00_si_converter/inst/xpm_cdc_async_rst_inst/arststages_ff_reg[2]/CLR  (IS_INVERTED)
  -------------------------------------------------------------------    -------------------

                         (clock clk_pl_0 rise edge)
                                                      0.000     0.000 r  
    PS8_X0Y0             PS8                          0.000     0.000 r  design_1_i/zynq_ultra_ps_e_0/inst/PS8_i/PLCLK[0]
                         net (fo=1, routed)           0.154     0.154    design_1_i/zynq_ultra_ps_e_0/inst/pl_clk_unbuffered[0]
    BUFG_PS_X0Y80        BUFG_PS (Prop_BUFG_PS_I_O)
                                                      0.018     0.172 r  design_1_i/zynq_ultra_ps_e_0/inst/buffer_pl_clk_0.PL_CLK_0_BUFG/O
    X1Y2 (CLOCK_ROOT)    net (fo=3956, routed)        1.118     1.290    design_1_i/axi_smc/inst/s00_entry_pipeline/s00_si_converter/inst/xpm_cdc_async_rst_inst/dest_clk
    SLICE_X50Y235        FDCE                                         r  design_1_i/axi_smc/inst/s00_entry_pipeline/s00_si_converter/inst/xpm_cdc_async_rst_inst/arststages_ff_reg[2]/C

Slack:                    inf
  Source:                 design_1_i/axi_smc/inst/clk_map/psr_aclk/U0/ACTIVE_LOW_BSR_OUT_DFF[0].FDRE_BSR_N/C
                            (rising edge-triggered cell FDRE clocked by clk_pl_0  {rise@0.000ns fall@5.000ns period=10.000ns})
  Destination:            design_1_i/axi_smc/inst/s00_nodes/s00_r_node/inst/s_sc_xpm_cdc_async_rst_inst/arststages_ff_reg[0]/CLR
                            (removal check against rising-edge clock clk_pl_0  {rise@0.000ns fall@5.000ns period=10.000ns})
  Path Group:             (none)
  Path Type:              Removal (Min at Fast Process Corner)
  Data Path Delay:        0.223ns  (logic 0.039ns (17.476%)  route 0.184ns (82.524%))
  Logic Levels:           0  
  Clock Path Skew:        0.145ns (DCD - SCD - CPR)
    Destination Clock Delay (DCD):    1.273ns
    Source Clock Delay      (SCD):    1.128ns
    Clock Pessimism Removal (CPR):    -0.000ns
  Clock Uncertainty:      0.130ns  ((TSJ^2 + DJ^2)^1/2) / 2 + PE
    Total System Jitter     (TSJ):    0.071ns
    Discrete Jitter          (DJ):    0.250ns
    Phase Error              (PE):    0.000ns
  Clock Net Delay (Source):      0.989ns (routing 0.311ns, distribution 0.678ns)
  Clock Net Delay (Destination): 1.101ns (routing 0.352ns, distribution 0.749ns)
  Timing Exception:       False Path

    Location             Delay type                Incr(ns)  Path(ns)    Netlist Resource(s)
  -------------------------------------------------------------------    -------------------
                         (clock clk_pl_0 rise edge)
                                                      0.000     0.000 r  
    PS8_X0Y0             PS8                          0.000     0.000 r  design_1_i/zynq_ultra_ps_e_0/inst/PS8_i/PLCLK[0]
                         net (fo=1, routed)           0.122     0.122    design_1_i/zynq_ultra_ps_e_0/inst/pl_clk_unbuffered[0]
    BUFG_PS_X0Y80        BUFG_PS (Prop_BUFG_PS_I_O)
                                                      0.017     0.139 r  design_1_i/zynq_ultra_ps_e_0/inst/buffer_pl_clk_0.PL_CLK_0_BUFG/O
    X1Y2 (CLOCK_ROOT)    net (fo=3956, routed)        0.989     1.128    design_1_i/axi_smc/inst/clk_map/psr_aclk/U0/aclk
    SLICE_X50Y231        FDRE                                         r  design_1_i/axi_smc/inst/clk_map/psr_aclk/U0/ACTIVE_LOW_BSR_OUT_DFF[0].FDRE_BSR_N/C
  -------------------------------------------------------------------    -------------------
    SLICE_X50Y231        FDRE (Prop_DFF_SLICEM_C_Q)
                                                      0.039     1.167 r  design_1_i/axi_smc/inst/clk_map/psr_aclk/U0/ACTIVE_LOW_BSR_OUT_DFF[0].FDRE_BSR_N/Q
                         net (fo=27, routed)          0.184     1.351    design_1_i/axi_smc/inst/s00_nodes/s00_r_node/inst/s_sc_xpm_cdc_async_rst_inst/src_arst
    SLICE_X52Y225        FDCE                                         f  design_1_i/axi_smc/inst/s00_nodes/s00_r_node/inst/s_sc_xpm_cdc_async_rst_inst/arststages_ff_reg[0]/CLR  (IS_INVERTED)
  -------------------------------------------------------------------    -------------------

                         (clock clk_pl_0 rise edge)
                                                      0.000     0.000 r  
    PS8_X0Y0             PS8                          0.000     0.000 r  design_1_i/zynq_ultra_ps_e_0/inst/PS8_i/PLCLK[0]
                         net (fo=1, routed)           0.154     0.154    design_1_i/zynq_ultra_ps_e_0/inst/pl_clk_unbuffered[0]
    BUFG_PS_X0Y80        BUFG_PS (Prop_BUFG_PS_I_O)
                                                      0.018     0.172 r  design_1_i/zynq_ultra_ps_e_0/inst/buffer_pl_clk_0.PL_CLK_0_BUFG/O
    X1Y2 (CLOCK_ROOT)    net (fo=3956, routed)        1.101     1.273    design_1_i/axi_smc/inst/s00_nodes/s00_r_node/inst/s_sc_xpm_cdc_async_rst_inst/dest_clk
    SLICE_X52Y225        FDCE                                         r  design_1_i/axi_smc/inst/s00_nodes/s00_r_node/inst/s_sc_xpm_cdc_async_rst_inst/arststages_ff_reg[0]/C

Slack:                    inf
  Source:                 design_1_i/axi_smc/inst/clk_map/psr_aclk/U0/ACTIVE_LOW_BSR_OUT_DFF[0].FDRE_BSR_N/C
                            (rising edge-triggered cell FDRE clocked by clk_pl_0  {rise@0.000ns fall@5.000ns period=10.000ns})
  Destination:            design_1_i/axi_smc/inst/s00_nodes/s00_r_node/inst/s_sc_xpm_cdc_async_rst_inst/arststages_ff_reg[1]/CLR
                            (removal check against rising-edge clock clk_pl_0  {rise@0.000ns fall@5.000ns period=10.000ns})
  Path Group:             (none)
  Path Type:              Removal (Min at Fast Process Corner)
  Data Path Delay:        0.223ns  (logic 0.039ns (17.476%)  route 0.184ns (82.524%))
  Logic Levels:           0  
  Clock Path Skew:        0.145ns (DCD - SCD - CPR)
    Destination Clock Delay (DCD):    1.273ns
    Source Clock Delay      (SCD):    1.128ns
    Clock Pessimism Removal (CPR):    -0.000ns
  Clock Uncertainty:      0.130ns  ((TSJ^2 + DJ^2)^1/2) / 2 + PE
    Total System Jitter     (TSJ):    0.071ns
    Discrete Jitter          (DJ):    0.250ns
    Phase Error              (PE):    0.000ns
  Clock Net Delay (Source):      0.989ns (routing 0.311ns, distribution 0.678ns)
  Clock Net Delay (Destination): 1.101ns (routing 0.352ns, distribution 0.749ns)
  Timing Exception:       False Path

    Location             Delay type                Incr(ns)  Path(ns)    Netlist Resource(s)
  -------------------------------------------------------------------    -------------------
                         (clock clk_pl_0 rise edge)
                                                      0.000     0.000 r  
    PS8_X0Y0             PS8                          0.000     0.000 r  design_1_i/zynq_ultra_ps_e_0/inst/PS8_i/PLCLK[0]
                         net (fo=1, routed)           0.122     0.122    design_1_i/zynq_ultra_ps_e_0/inst/pl_clk_unbuffered[0]
    BUFG_PS_X0Y80        BUFG_PS (Prop_BUFG_PS_I_O)
                                                      0.017     0.139 r  design_1_i/zynq_ultra_ps_e_0/inst/buffer_pl_clk_0.PL_CLK_0_BUFG/O
    X1Y2 (CLOCK_ROOT)    net (fo=3956, routed)        0.989     1.128    design_1_i/axi_smc/inst/clk_map/psr_aclk/U0/aclk
    SLICE_X50Y231        FDRE                                         r  design_1_i/axi_smc/inst/clk_map/psr_aclk/U0/ACTIVE_LOW_BSR_OUT_DFF[0].FDRE_BSR_N/C
  -------------------------------------------------------------------    -------------------
    SLICE_X50Y231        FDRE (Prop_DFF_SLICEM_C_Q)
                                                      0.039     1.167 r  design_1_i/axi_smc/inst/clk_map/psr_aclk/U0/ACTIVE_LOW_BSR_OUT_DFF[0].FDRE_BSR_N/Q
                         net (fo=27, routed)          0.184     1.351    design_1_i/axi_smc/inst/s00_nodes/s00_r_node/inst/s_sc_xpm_cdc_async_rst_inst/src_arst
    SLICE_X52Y225        FDCE                                         f  design_1_i/axi_smc/inst/s00_nodes/s00_r_node/inst/s_sc_xpm_cdc_async_rst_inst/arststages_ff_reg[1]/CLR  (IS_INVERTED)
  -------------------------------------------------------------------    -------------------

                         (clock clk_pl_0 rise edge)
                                                      0.000     0.000 r  
    PS8_X0Y0             PS8                          0.000     0.000 r  design_1_i/zynq_ultra_ps_e_0/inst/PS8_i/PLCLK[0]
                         net (fo=1, routed)           0.154     0.154    design_1_i/zynq_ultra_ps_e_0/inst/pl_clk_unbuffered[0]
    BUFG_PS_X0Y80        BUFG_PS (Prop_BUFG_PS_I_O)
                                                      0.018     0.172 r  design_1_i/zynq_ultra_ps_e_0/inst/buffer_pl_clk_0.PL_CLK_0_BUFG/O
    X1Y2 (CLOCK_ROOT)    net (fo=3956, routed)        1.101     1.273    design_1_i/axi_smc/inst/s00_nodes/s00_r_node/inst/s_sc_xpm_cdc_async_rst_inst/dest_clk
    SLICE_X52Y225        FDCE                                         r  design_1_i/axi_smc/inst/s00_nodes/s00_r_node/inst/s_sc_xpm_cdc_async_rst_inst/arststages_ff_reg[1]/C

Slack:                    inf
  Source:                 design_1_i/axi_smc/inst/clk_map/psr_aclk/U0/ACTIVE_LOW_BSR_OUT_DFF[0].FDRE_BSR_N/C
                            (rising edge-triggered cell FDRE clocked by clk_pl_0  {rise@0.000ns fall@5.000ns period=10.000ns})
  Destination:            design_1_i/axi_smc/inst/s00_nodes/s00_r_node/inst/s_sc_xpm_cdc_async_rst_inst/arststages_ff_reg[2]/CLR
                            (removal check against rising-edge clock clk_pl_0  {rise@0.000ns fall@5.000ns period=10.000ns})
  Path Group:             (none)
  Path Type:              Removal (Min at Fast Process Corner)
  Data Path Delay:        0.223ns  (logic 0.039ns (17.476%)  route 0.184ns (82.524%))
  Logic Levels:           0  
  Clock Path Skew:        0.145ns (DCD - SCD - CPR)
    Destination Clock Delay (DCD):    1.273ns
    Source Clock Delay      (SCD):    1.128ns
    Clock Pessimism Removal (CPR):    -0.000ns
  Clock Uncertainty:      0.130ns  ((TSJ^2 + DJ^2)^1/2) / 2 + PE
    Total System Jitter     (TSJ):    0.071ns
    Discrete Jitter          (DJ):    0.250ns
    Phase Error              (PE):    0.000ns
  Clock Net Delay (Source):      0.989ns (routing 0.311ns, distribution 0.678ns)
  Clock Net Delay (Destination): 1.101ns (routing 0.352ns, distribution 0.749ns)
  Timing Exception:       False Path

    Location             Delay type                Incr(ns)  Path(ns)    Netlist Resource(s)
  -------------------------------------------------------------------    -------------------
                         (clock clk_pl_0 rise edge)
                                                      0.000     0.000 r  
    PS8_X0Y0             PS8                          0.000     0.000 r  design_1_i/zynq_ultra_ps_e_0/inst/PS8_i/PLCLK[0]
                         net (fo=1, routed)           0.122     0.122    design_1_i/zynq_ultra_ps_e_0/inst/pl_clk_unbuffered[0]
    BUFG_PS_X0Y80        BUFG_PS (Prop_BUFG_PS_I_O)
                                                      0.017     0.139 r  design_1_i/zynq_ultra_ps_e_0/inst/buffer_pl_clk_0.PL_CLK_0_BUFG/O
    X1Y2 (CLOCK_ROOT)    net (fo=3956, routed)        0.989     1.128    design_1_i/axi_smc/inst/clk_map/psr_aclk/U0/aclk
    SLICE_X50Y231        FDRE                                         r  design_1_i/axi_smc/inst/clk_map/psr_aclk/U0/ACTIVE_LOW_BSR_OUT_DFF[0].FDRE_BSR_N/C
  -------------------------------------------------------------------    -------------------
    SLICE_X50Y231        FDRE (Prop_DFF_SLICEM_C_Q)
                                                      0.039     1.167 r  design_1_i/axi_smc/inst/clk_map/psr_aclk/U0/ACTIVE_LOW_BSR_OUT_DFF[0].FDRE_BSR_N/Q
                         net (fo=27, routed)          0.184     1.351    design_1_i/axi_smc/inst/s00_nodes/s00_r_node/inst/s_sc_xpm_cdc_async_rst_inst/src_arst
    SLICE_X52Y225        FDCE                                         f  design_1_i/axi_smc/inst/s00_nodes/s00_r_node/inst/s_sc_xpm_cdc_async_rst_inst/arststages_ff_reg[2]/CLR  (IS_INVERTED)
  -------------------------------------------------------------------    -------------------

                         (clock clk_pl_0 rise edge)
                                                      0.000     0.000 r  
    PS8_X0Y0             PS8                          0.000     0.000 r  design_1_i/zynq_ultra_ps_e_0/inst/PS8_i/PLCLK[0]
                         net (fo=1, routed)           0.154     0.154    design_1_i/zynq_ultra_ps_e_0/inst/pl_clk_unbuffered[0]
    BUFG_PS_X0Y80        BUFG_PS (Prop_BUFG_PS_I_O)
                                                      0.018     0.172 r  design_1_i/zynq_ultra_ps_e_0/inst/buffer_pl_clk_0.PL_CLK_0_BUFG/O
    X1Y2 (CLOCK_ROOT)    net (fo=3956, routed)        1.101     1.273    design_1_i/axi_smc/inst/s00_nodes/s00_r_node/inst/s_sc_xpm_cdc_async_rst_inst/dest_clk
    SLICE_X52Y225        FDCE                                         r  design_1_i/axi_smc/inst/s00_nodes/s00_r_node/inst/s_sc_xpm_cdc_async_rst_inst/arststages_ff_reg[2]/C

Slack:                    inf
  Source:                 design_1_i/axi_smc/inst/clk_map/psr_aclk/U0/ACTIVE_LOW_BSR_OUT_DFF[0].FDRE_BSR_N/C
                            (rising edge-triggered cell FDRE clocked by clk_pl_0  {rise@0.000ns fall@5.000ns period=10.000ns})
  Destination:            design_1_i/axi_smc/inst/s00_nodes/s00_aw_node/inst/s_sc_xpm_cdc_async_rst_inst/arststages_ff_reg[0]/CLR
                            (removal check against rising-edge clock clk_pl_0  {rise@0.000ns fall@5.000ns period=10.000ns})
  Path Group:             (none)
  Path Type:              Removal (Min at Fast Process Corner)
  Data Path Delay:        0.381ns  (logic 0.039ns (10.231%)  route 0.342ns (89.769%))
  Logic Levels:           0  
  Clock Path Skew:        0.155ns (DCD - SCD - CPR)
    Destination Clock Delay (DCD):    1.282ns
    Source Clock Delay      (SCD):    1.128ns
    Clock Pessimism Removal (CPR):    -0.000ns
  Clock Uncertainty:      0.130ns  ((TSJ^2 + DJ^2)^1/2) / 2 + PE
    Total System Jitter     (TSJ):    0.071ns
    Discrete Jitter          (DJ):    0.250ns
    Phase Error              (PE):    0.000ns
  Clock Net Delay (Source):      0.989ns (routing 0.311ns, distribution 0.678ns)
  Clock Net Delay (Destination): 1.110ns (routing 0.352ns, distribution 0.758ns)
  Timing Exception:       False Path

    Location             Delay type                Incr(ns)  Path(ns)    Netlist Resource(s)
  -------------------------------------------------------------------    -------------------
                         (clock clk_pl_0 rise edge)
                                                      0.000     0.000 r  
    PS8_X0Y0             PS8                          0.000     0.000 r  design_1_i/zynq_ultra_ps_e_0/inst/PS8_i/PLCLK[0]
                         net (fo=1, routed)           0.122     0.122    design_1_i/zynq_ultra_ps_e_0/inst/pl_clk_unbuffered[0]
    BUFG_PS_X0Y80        BUFG_PS (Prop_BUFG_PS_I_O)
                                                      0.017     0.139 r  design_1_i/zynq_ultra_ps_e_0/inst/buffer_pl_clk_0.PL_CLK_0_BUFG/O
    X1Y2 (CLOCK_ROOT)    net (fo=3956, routed)        0.989     1.128    design_1_i/axi_smc/inst/clk_map/psr_aclk/U0/aclk
    SLICE_X50Y231        FDRE                                         r  design_1_i/axi_smc/inst/clk_map/psr_aclk/U0/ACTIVE_LOW_BSR_OUT_DFF[0].FDRE_BSR_N/C
  -------------------------------------------------------------------    -------------------
    SLICE_X50Y231        FDRE (Prop_DFF_SLICEM_C_Q)
                                                      0.039     1.167 r  design_1_i/axi_smc/inst/clk_map/psr_aclk/U0/ACTIVE_LOW_BSR_OUT_DFF[0].FDRE_BSR_N/Q
                         net (fo=27, routed)          0.342     1.509    design_1_i/axi_smc/inst/s00_nodes/s00_aw_node/inst/s_sc_xpm_cdc_async_rst_inst/src_arst
    SLICE_X52Y196        FDCE                                         f  design_1_i/axi_smc/inst/s00_nodes/s00_aw_node/inst/s_sc_xpm_cdc_async_rst_inst/arststages_ff_reg[0]/CLR  (IS_INVERTED)
  -------------------------------------------------------------------    -------------------

                         (clock clk_pl_0 rise edge)
                                                      0.000     0.000 r  
    PS8_X0Y0             PS8                          0.000     0.000 r  design_1_i/zynq_ultra_ps_e_0/inst/PS8_i/PLCLK[0]
                         net (fo=1, routed)           0.154     0.154    design_1_i/zynq_ultra_ps_e_0/inst/pl_clk_unbuffered[0]
    BUFG_PS_X0Y80        BUFG_PS (Prop_BUFG_PS_I_O)
                                                      0.018     0.172 r  design_1_i/zynq_ultra_ps_e_0/inst/buffer_pl_clk_0.PL_CLK_0_BUFG/O
    X1Y2 (CLOCK_ROOT)    net (fo=3956, routed)        1.110     1.282    design_1_i/axi_smc/inst/s00_nodes/s00_aw_node/inst/s_sc_xpm_cdc_async_rst_inst/dest_clk
    SLICE_X52Y196        FDCE                                         r  design_1_i/axi_smc/inst/s00_nodes/s00_aw_node/inst/s_sc_xpm_cdc_async_rst_inst/arststages_ff_reg[0]/C





