#-----------------------------------------------------------
# xsim v2025.2 (64-bit)
# SW Build 6299465 on Fri Nov 14 12:34:56 MST 2025
# IP Build 6300035 on Fri Nov 14 10:48:45 MST 2025
# SharedData Build 6298862 on Thu Nov 13 04:50:51 MST 2025
# Start of session at: Fri May 22 00:59:53 2026
# Process ID         : 116853
# Current directory  : /home/pah/fpga_cnn_accelerator/FPGA-based-CNN-Accelerator-for-autonomous-vehicles/src/sim/tb_sa_NxN
# Command line       : xsim -mode tcl -source {xsim.dir/test_tpu_top_end_to_end_snapshot/xsim_script.tcl}
# Log file           : /home/pah/fpga_cnn_accelerator/FPGA-based-CNN-Accelerator-for-autonomous-vehicles/src/sim/tb_sa_NxN/xsim.log
# Journal file       : /home/pah/fpga_cnn_accelerator/FPGA-based-CNN-Accelerator-for-autonomous-vehicles/src/sim/tb_sa_NxN/xsim.jou
# Running On         : pah-PC
# Platform           : Ubuntu
# Operating System   : Ubuntu 24.04.4 LTS
# Processor Detail   : AMD Ryzen 7 8845HS w/ Radeon 780M Graphics
# CPU Frequency      : 5090.691 MHz
# CPU Physical cores : 8
# CPU Logical cores  : 16
# Host memory        : 32887 MB
# Swap memory        : 25033 MB
# Total Virtual      : 57921 MB
# Available Virtual  : 36353 MB
#-----------------------------------------------------------
source xsim.dir/test_tpu_top_end_to_end_snapshot/xsim_script.tcl
# xsim {test_tpu_top_end_to_end_snapshot} -testplusarg E2E_FILE_CASES -testplusarg E2E_CASES=200 -testplusarg E2E_INPUT_HEX=../../../CNN_model/python/mnist_classification/18_05/e2e_cases/tpu_top_e2e_inputs_i8.hex -testplusarg E2E_LOGITS_HEX=../../../CNN_model/python/mnist_classification/18_05/e2e_cases/tpu_top_e2e_logits_i8.hex -autoloadwcfg -runall
Time resolution is 1 ps
run -all
  E2E file cases enabled: cases=200
  inputs = ../../../CNN_model/python/mnist_classification/18_05/e2e_cases/tpu_top_e2e_inputs_i8.hex
  logits = ../../../CNN_model/python/mnist_classification/18_05/e2e_cases/tpu_top_e2e_logits_i8.hex

============================================================
TEST: Host preload input image
============================================================
  case[0] = file_case_0
  UB bank0[0:783] loaded for current input image
  Full schedule: Conv1 -> Pool1 -> Conv2 -> Pool2 -> FC1 -> FC2
  expected logits {-11,-30,22,23,-40,-26,-113,87,9,13}

============================================================
TEST: TPU top end-to-end inference
============================================================
  case[0] = file_case_0
  stage=1 cycle=1 layer_state=0 pool_state=0
  stage=2 cycle=136104 layer_state=0 pool_state=0
  stage=3 cycle=155037 layer_state=0 pool_state=0
  stage=4 cycle=349186 layer_state=0 pool_state=0
  stage=5 cycle=352691 layer_state=0 pool_state=0
  stage=6 cycle=384815 layer_state=0 pool_state=0
  stage=0 cycle=386174 layer_state=0 pool_state=0
  TOP    : done=1 busy=0 error=0 state=13 stage=0 cycles=386174 err=0x00000000
  LAYER  : state=0 tile_state=0 spatial=0 oc_tile=4 k_tile=7
  POOL   : state=0 channel=9 row=0 col=0

============================================================
TEST: Host readback final logits
============================================================
  case[0] = file_case_0
  actual logits   {-11,-30,22,23,-40,-26,-113,87,9,13}
  expected logits {-11,-30,22,23,-40,-26,-113,87,9,13}
  mismatches: 0

============================================================
TEST: Host preload input image
============================================================
  case[1] = file_case_1
  UB bank0[0:783] loaded for current input image
  Full schedule: Conv1 -> Pool1 -> Conv2 -> Pool2 -> FC1 -> FC2
  expected logits {23,11,107,6,-68,-15,19,-63,32,-49}

============================================================
TEST: TPU top end-to-end inference
============================================================
  case[1] = file_case_1
  stage=1 cycle=1 layer_state=0 pool_state=0
  stage=2 cycle=136104 layer_state=0 pool_state=0
  stage=3 cycle=155037 layer_state=0 pool_state=0
  stage=4 cycle=349186 layer_state=0 pool_state=0
  stage=5 cycle=352691 layer_state=0 pool_state=0
  stage=6 cycle=384815 layer_state=0 pool_state=0
  stage=0 cycle=386174 layer_state=0 pool_state=0
  TOP    : done=1 busy=0 error=0 state=13 stage=0 cycles=386174 err=0x00000000
  LAYER  : state=0 tile_state=0 spatial=0 oc_tile=4 k_tile=7
  POOL   : state=0 channel=9 row=0 col=0

============================================================
TEST: Host readback final logits
============================================================
  case[1] = file_case_1
  actual logits   {23,11,107,6,-68,-15,19,-63,32,-49}
  expected logits {23,11,107,6,-68,-15,19,-63,32,-49}
  mismatches: 0

============================================================
TEST: Host preload input image
============================================================
  case[2] = file_case_2
  UB bank0[0:783] loaded for current input image
  Full schedule: Conv1 -> Pool1 -> Conv2 -> Pool2 -> FC1 -> FC2
  expected logits {-19,60,-6,-36,15,-26,-11,15,-5,-15}

============================================================
TEST: TPU top end-to-end inference
============================================================
  case[2] = file_case_2
  stage=1 cycle=1 layer_state=0 pool_state=0
  stage=2 cycle=136104 layer_state=0 pool_state=0
  stage=3 cycle=155037 layer_state=0 pool_state=0
  stage=4 cycle=349186 layer_state=0 pool_state=0
  stage=5 cycle=352691 layer_state=0 pool_state=0
  stage=6 cycle=384815 layer_state=0 pool_state=0
  stage=0 cycle=386174 layer_state=0 pool_state=0
  TOP    : done=1 busy=0 error=0 state=13 stage=0 cycles=386174 err=0x00000000
  LAYER  : state=0 tile_state=0 spatial=0 oc_tile=4 k_tile=7
  POOL   : state=0 channel=9 row=0 col=0

============================================================
TEST: Host readback final logits
============================================================
  case[2] = file_case_2
  actual logits   {-19,60,-6,-36,15,-26,-11,15,-5,-15}
  expected logits {-19,60,-6,-36,15,-26,-11,15,-5,-15}
  mismatches: 0

============================================================
TEST: Host preload input image
============================================================
  case[3] = file_case_3
  UB bank0[0:783] loaded for current input image
  Full schedule: Conv1 -> Pool1 -> Conv2 -> Pool2 -> FC1 -> FC2
  expected logits {73,-20,10,-39,-10,-20,21,2,-11,-13}

============================================================
TEST: TPU top end-to-end inference
============================================================
  case[3] = file_case_3
  stage=1 cycle=1 layer_state=0 pool_state=0
  stage=2 cycle=136104 layer_state=0 pool_state=0
  stage=3 cycle=155037 layer_state=0 pool_state=0
  stage=4 cycle=349186 layer_state=0 pool_state=0
  stage=5 cycle=352691 layer_state=0 pool_state=0
  stage=6 cycle=384815 layer_state=0 pool_state=0
  stage=0 cycle=386174 layer_state=0 pool_state=0
  TOP    : done=1 busy=0 error=0 state=13 stage=0 cycles=386174 err=0x00000000
  LAYER  : state=0 tile_state=0 spatial=0 oc_tile=4 k_tile=7
  POOL   : state=0 channel=9 row=0 col=0

============================================================
TEST: Host readback final logits
============================================================
  case[3] = file_case_3
  actual logits   {73,-20,10,-39,-10,-20,21,2,-11,-13}
  expected logits {73,-20,10,-39,-10,-20,21,2,-11,-13}
  mismatches: 0

============================================================
TEST: Host preload input image
============================================================
  case[4] = file_case_4
  UB bank0[0:783] loaded for current input image
  Full schedule: Conv1 -> Pool1 -> Conv2 -> Pool2 -> FC1 -> FC2
  expected logits {-5,-2,-40,-37,88,-35,7,7,-7,22}

============================================================
TEST: TPU top end-to-end inference
============================================================
  case[4] = file_case_4
  stage=1 cycle=1 layer_state=0 pool_state=0
  stage=2 cycle=136104 layer_state=0 pool_state=0
  stage=3 cycle=155037 layer_state=0 pool_state=0
  stage=4 cycle=349186 layer_state=0 pool_state=0
  stage=5 cycle=352691 layer_state=0 pool_state=0
  stage=6 cycle=384815 layer_state=0 pool_state=0
  stage=0 cycle=386174 layer_state=0 pool_state=0
  TOP    : done=1 busy=0 error=0 state=13 stage=0 cycles=386174 err=0x00000000
  LAYER  : state=0 tile_state=0 spatial=0 oc_tile=4 k_tile=7
  POOL   : state=0 channel=9 row=0 col=0

============================================================
TEST: Host readback final logits
============================================================
  case[4] = file_case_4
  actual logits   {-5,-2,-40,-37,88,-35,7,7,-7,22}
  expected logits {-5,-2,-40,-37,88,-35,7,7,-7,22}
  mismatches: 0

============================================================
TEST: Host preload input image
============================================================
  case[5] = file_case_5
  UB bank0[0:783] loaded for current input image
  Full schedule: Conv1 -> Pool1 -> Conv2 -> Pool2 -> FC1 -> FC2
  expected logits {-16,66,2,-36,17,-42,-18,11,7,-15}

============================================================
TEST: TPU top end-to-end inference
============================================================
  case[5] = file_case_5
  stage=1 cycle=1 layer_state=0 pool_state=0
  stage=2 cycle=136104 layer_state=0 pool_state=0
  stage=3 cycle=155037 layer_state=0 pool_state=0
  stage=4 cycle=349186 layer_state=0 pool_state=0
  stage=5 cycle=352691 layer_state=0 pool_state=0
  stage=6 cycle=384815 layer_state=0 pool_state=0
  stage=0 cycle=386174 layer_state=0 pool_state=0
  TOP    : done=1 busy=0 error=0 state=13 stage=0 cycles=386174 err=0x00000000
  LAYER  : state=0 tile_state=0 spatial=0 oc_tile=4 k_tile=7
  POOL   : state=0 channel=9 row=0 col=0

============================================================
TEST: Host readback final logits
============================================================
  case[5] = file_case_5
  actual logits   {-16,66,2,-36,17,-42,-18,11,7,-15}
  expected logits {-16,66,2,-36,17,-42,-18,11,7,-15}
  mismatches: 0

============================================================
TEST: Host preload input image
============================================================
  case[6] = file_case_6
  UB bank0[0:783] loaded for current input image
  Full schedule: Conv1 -> Pool1 -> Conv2 -> Pool2 -> FC1 -> FC2
  expected logits {-40,7,-18,-43,78,-8,-45,5,31,24}

============================================================
TEST: TPU top end-to-end inference
============================================================
  case[6] = file_case_6
  stage=1 cycle=1 layer_state=0 pool_state=0
  stage=2 cycle=136104 layer_state=0 pool_state=0
  stage=3 cycle=155037 layer_state=0 pool_state=0
  stage=4 cycle=349186 layer_state=0 pool_state=0
  stage=5 cycle=352691 layer_state=0 pool_state=0
  stage=6 cycle=384815 layer_state=0 pool_state=0
  stage=0 cycle=386174 layer_state=0 pool_state=0
  TOP    : done=1 busy=0 error=0 state=13 stage=0 cycles=386174 err=0x00000000
  LAYER  : state=0 tile_state=0 spatial=0 oc_tile=4 k_tile=7
  POOL   : state=0 channel=9 row=0 col=0

============================================================
TEST: Host readback final logits
============================================================
  case[6] = file_case_6
  actual logits   {-40,7,-18,-43,78,-8,-45,5,31,24}
  expected logits {-40,7,-18,-43,78,-8,-45,5,31,24}
  mismatches: 0

============================================================
TEST: Host preload input image
============================================================
  case[7] = file_case_7
  UB bank0[0:783] loaded for current input image
  Full schedule: Conv1 -> Pool1 -> Conv2 -> Pool2 -> FC1 -> FC2
  expected logits {-34,-18,-14,10,35,3,-44,-11,1,56}

============================================================
TEST: TPU top end-to-end inference
============================================================
  case[7] = file_case_7
  stage=1 cycle=1 layer_state=0 pool_state=0
  stage=2 cycle=136104 layer_state=0 pool_state=0
  stage=3 cycle=155037 layer_state=0 pool_state=0
  stage=4 cycle=349186 layer_state=0 pool_state=0
  stage=5 cycle=352691 layer_state=0 pool_state=0
  stage=6 cycle=384815 layer_state=0 pool_state=0
  stage=0 cycle=386174 layer_state=0 pool_state=0
  TOP    : done=1 busy=0 error=0 state=13 stage=0 cycles=386174 err=0x00000000
  LAYER  : state=0 tile_state=0 spatial=0 oc_tile=4 k_tile=7
  POOL   : state=0 channel=9 row=0 col=0

============================================================
TEST: Host readback final logits
============================================================
  case[7] = file_case_7
  actual logits   {-34,-18,-14,10,35,3,-44,-11,1,56}
  expected logits {-34,-18,-14,10,35,3,-44,-11,1,56}
  mismatches: 0

============================================================
TEST: Host preload input image
============================================================
  case[8] = file_case_8
  UB bank0[0:783] loaded for current input image
  Full schedule: Conv1 -> Pool1 -> Conv2 -> Pool2 -> FC1 -> FC2
  expected logits {-40,-28,-48,3,-7,83,35,-17,17,-7}

============================================================
TEST: TPU top end-to-end inference
============================================================
  case[8] = file_case_8
  stage=1 cycle=1 layer_state=0 pool_state=0
  stage=2 cycle=136104 layer_state=0 pool_state=0
  stage=3 cycle=155037 layer_state=0 pool_state=0
  stage=4 cycle=349186 layer_state=0 pool_state=0
  stage=5 cycle=352691 layer_state=0 pool_state=0
  stage=6 cycle=384815 layer_state=0 pool_state=0
  stage=0 cycle=386174 layer_state=0 pool_state=0
  TOP    : done=1 busy=0 error=0 state=13 stage=0 cycles=386174 err=0x00000000
  LAYER  : state=0 tile_state=0 spatial=0 oc_tile=4 k_tile=7
  POOL   : state=0 channel=9 row=0 col=0

============================================================
TEST: Host readback final logits
============================================================
  case[8] = file_case_8
  actual logits   {-40,-28,-48,3,-7,83,35,-17,17,-7}
  expected logits {-40,-28,-48,3,-7,83,35,-17,17,-7}
  mismatches: 0

============================================================
TEST: Host preload input image
============================================================
  case[9] = file_case_9
  UB bank0[0:783] loaded for current input image
  Full schedule: Conv1 -> Pool1 -> Conv2 -> Pool2 -> FC1 -> FC2
  expected logits {-26,-58,-43,-15,10,-6,-62,40,29,71}

============================================================
TEST: TPU top end-to-end inference
============================================================
  case[9] = file_case_9
  stage=1 cycle=1 layer_state=0 pool_state=0
  stage=2 cycle=136104 layer_state=0 pool_state=0
  stage=3 cycle=155037 layer_state=0 pool_state=0
  stage=4 cycle=349186 layer_state=0 pool_state=0
  stage=5 cycle=352691 layer_state=0 pool_state=0
  stage=6 cycle=384815 layer_state=0 pool_state=0
  stage=0 cycle=386174 layer_state=0 pool_state=0
  TOP    : done=1 busy=0 error=0 state=13 stage=0 cycles=386174 err=0x00000000
  LAYER  : state=0 tile_state=0 spatial=0 oc_tile=4 k_tile=7
  POOL   : state=0 channel=9 row=0 col=0

============================================================
TEST: Host readback final logits
============================================================
  case[9] = file_case_9
  actual logits   {-26,-58,-43,-15,10,-6,-62,40,29,71}
  expected logits {-26,-58,-43,-15,10,-6,-62,40,29,71}
  mismatches: 0

============================================================
TEST: Host preload input image
============================================================
  case[10] = file_case_10
  UB bank0[0:783] loaded for current input image
  Full schedule: Conv1 -> Pool1 -> Conv2 -> Pool2 -> FC1 -> FC2
  expected logits {95,-20,27,-54,-54,-18,6,15,-20,-5}

============================================================
TEST: TPU top end-to-end inference
============================================================
  case[10] = file_case_10
  stage=1 cycle=1 layer_state=0 pool_state=0
  stage=2 cycle=136104 layer_state=0 pool_state=0
  stage=3 cycle=155037 layer_state=0 pool_state=0
  stage=4 cycle=349186 layer_state=0 pool_state=0
  stage=5 cycle=352691 layer_state=0 pool_state=0
  stage=6 cycle=384815 layer_state=0 pool_state=0
  stage=0 cycle=386174 layer_state=0 pool_state=0
  TOP    : done=1 busy=0 error=0 state=13 stage=0 cycles=386174 err=0x00000000
  LAYER  : state=0 tile_state=0 spatial=0 oc_tile=4 k_tile=7
  POOL   : state=0 channel=9 row=0 col=0

============================================================
TEST: Host readback final logits
============================================================
  case[10] = file_case_10
  actual logits   {95,-20,27,-54,-54,-18,6,15,-20,-5}
  expected logits {95,-20,27,-54,-54,-18,6,15,-20,-5}
  mismatches: 0

============================================================
TEST: Host preload input image
============================================================
  case[11] = file_case_11
  UB bank0[0:783] loaded for current input image
  Full schedule: Conv1 -> Pool1 -> Conv2 -> Pool2 -> FC1 -> FC2
  expected logits {41,-5,-6,-29,-37,11,87,-53,29,-38}

============================================================
TEST: TPU top end-to-end inference
============================================================
  case[11] = file_case_11
  stage=1 cycle=1 layer_state=0 pool_state=0
  stage=2 cycle=136104 layer_state=0 pool_state=0
  stage=3 cycle=155037 layer_state=0 pool_state=0
  stage=4 cycle=349186 layer_state=0 pool_state=0
  stage=5 cycle=352691 layer_state=0 pool_state=0
  stage=6 cycle=384815 layer_state=0 pool_state=0
  stage=0 cycle=386174 layer_state=0 pool_state=0
  TOP    : done=1 busy=0 error=0 state=13 stage=0 cycles=386174 err=0x00000000
  LAYER  : state=0 tile_state=0 spatial=0 oc_tile=4 k_tile=7
  POOL   : state=0 channel=9 row=0 col=0

============================================================
TEST: Host readback final logits
============================================================
  case[11] = file_case_11
  actual logits   {41,-5,-6,-29,-37,11,87,-53,29,-38}
  expected logits {41,-5,-6,-29,-37,11,87,-53,29,-38}
  mismatches: 0

============================================================
TEST: Host preload input image
============================================================
  case[12] = file_case_12
  UB bank0[0:783] loaded for current input image
  Full schedule: Conv1 -> Pool1 -> Conv2 -> Pool2 -> FC1 -> FC2
  expected logits {-19,-71,-51,9,41,-8,-55,14,11,91}

============================================================
TEST: TPU top end-to-end inference
============================================================
  case[12] = file_case_12
  stage=1 cycle=1 layer_state=0 pool_state=0
  stage=2 cycle=136104 layer_state=0 pool_state=0
  stage=3 cycle=155037 layer_state=0 pool_state=0
  stage=4 cycle=349186 layer_state=0 pool_state=0
  stage=5 cycle=352691 layer_state=0 pool_state=0
  stage=6 cycle=384815 layer_state=0 pool_state=0
  stage=0 cycle=386174 layer_state=0 pool_state=0
  TOP    : done=1 busy=0 error=0 state=13 stage=0 cycles=386174 err=0x00000000
  LAYER  : state=0 tile_state=0 spatial=0 oc_tile=4 k_tile=7
  POOL   : state=0 channel=9 row=0 col=0

============================================================
TEST: Host readback final logits
============================================================
  case[12] = file_case_12
  actual logits   {-19,-71,-51,9,41,-8,-55,14,11,91}
  expected logits {-19,-71,-51,9,41,-8,-55,14,11,91}
  mismatches: 0

============================================================
TEST: Host preload input image
============================================================
  case[13] = file_case_13
  UB bank0[0:783] loaded for current input image
  Full schedule: Conv1 -> Pool1 -> Conv2 -> Pool2 -> FC1 -> FC2
  expected logits {77,-16,-14,-69,-15,-14,10,32,-30,9}

============================================================
TEST: TPU top end-to-end inference
============================================================
  case[13] = file_case_13
  stage=1 cycle=1 layer_state=0 pool_state=0
  stage=2 cycle=136104 layer_state=0 pool_state=0
  stage=3 cycle=155037 layer_state=0 pool_state=0
  stage=4 cycle=349186 layer_state=0 pool_state=0
  stage=5 cycle=352691 layer_state=0 pool_state=0
  stage=6 cycle=384815 layer_state=0 pool_state=0
  stage=0 cycle=386174 layer_state=0 pool_state=0
  TOP    : done=1 busy=0 error=0 state=13 stage=0 cycles=386174 err=0x00000000
  LAYER  : state=0 tile_state=0 spatial=0 oc_tile=4 k_tile=7
  POOL   : state=0 channel=9 row=0 col=0

============================================================
TEST: Host readback final logits
============================================================
  case[13] = file_case_13
  actual logits   {77,-16,-14,-69,-15,-14,10,32,-30,9}
  expected logits {77,-16,-14,-69,-15,-14,10,32,-30,9}
  mismatches: 0

============================================================
TEST: Host preload input image
============================================================
  case[14] = file_case_14
  UB bank0[0:783] loaded for current input image
  Full schedule: Conv1 -> Pool1 -> Conv2 -> Pool2 -> FC1 -> FC2
  expected logits {-27,65,-7,-5,-7,-3,-17,-9,8,-18}

============================================================
TEST: TPU top end-to-end inference
============================================================
  case[14] = file_case_14
  stage=1 cycle=1 layer_state=0 pool_state=0
  stage=2 cycle=136104 layer_state=0 pool_state=0
  stage=3 cycle=155037 layer_state=0 pool_state=0
  stage=4 cycle=349186 layer_state=0 pool_state=0
  stage=5 cycle=352691 layer_state=0 pool_state=0
  stage=6 cycle=384815 layer_state=0 pool_state=0
  stage=0 cycle=386174 layer_state=0 pool_state=0
  TOP    : done=1 busy=0 error=0 state=13 stage=0 cycles=386174 err=0x00000000
  LAYER  : state=0 tile_state=0 spatial=0 oc_tile=4 k_tile=7
  POOL   : state=0 channel=9 row=0 col=0

============================================================
TEST: Host readback final logits
============================================================
  case[14] = file_case_14
  actual logits   {-27,65,-7,-5,-7,-3,-17,-9,8,-18}
  expected logits {-27,65,-7,-5,-7,-3,-17,-9,8,-18}
  mismatches: 0

============================================================
TEST: Host preload input image
============================================================
  case[15] = file_case_15
  UB bank0[0:783] loaded for current input image
  Full schedule: Conv1 -> Pool1 -> Conv2 -> Pool2 -> FC1 -> FC2
  expected logits {-32,-17,-27,22,-35,90,-25,14,11,-15}

============================================================
TEST: TPU top end-to-end inference
============================================================
  case[15] = file_case_15
  stage=1 cycle=1 layer_state=0 pool_state=0
  stage=2 cycle=136104 layer_state=0 pool_state=0
  stage=3 cycle=155037 layer_state=0 pool_state=0
  stage=4 cycle=349186 layer_state=0 pool_state=0
  stage=5 cycle=352691 layer_state=0 pool_state=0
  stage=6 cycle=384815 layer_state=0 pool_state=0
  stage=0 cycle=386174 layer_state=0 pool_state=0
  TOP    : done=1 busy=0 error=0 state=13 stage=0 cycles=386174 err=0x00000000
  LAYER  : state=0 tile_state=0 spatial=0 oc_tile=4 k_tile=7
  POOL   : state=0 channel=9 row=0 col=0

============================================================
TEST: Host readback final logits
============================================================
  case[15] = file_case_15
  actual logits   {-32,-17,-27,22,-35,90,-25,14,11,-15}
  expected logits {-32,-17,-27,22,-35,90,-25,14,11,-15}
  mismatches: 0

============================================================
TEST: Host preload input image
============================================================
  case[16] = file_case_16
  UB bank0[0:783] loaded for current input image
  Full schedule: Conv1 -> Pool1 -> Conv2 -> Pool2 -> FC1 -> FC2
  expected logits {-13,-66,-50,-12,21,-12,-49,35,10,86}

============================================================
TEST: TPU top end-to-end inference
============================================================
  case[16] = file_case_16
  stage=1 cycle=1 layer_state=0 pool_state=0
  stage=2 cycle=136104 layer_state=0 pool_state=0
  stage=3 cycle=155037 layer_state=0 pool_state=0
  stage=4 cycle=349186 layer_state=0 pool_state=0
  stage=5 cycle=352691 layer_state=0 pool_state=0
  stage=6 cycle=384815 layer_state=0 pool_state=0
  stage=0 cycle=386174 layer_state=0 pool_state=0
  TOP    : done=1 busy=0 error=0 state=13 stage=0 cycles=386174 err=0x00000000
  LAYER  : state=0 tile_state=0 spatial=0 oc_tile=4 k_tile=7
  POOL   : state=0 channel=9 row=0 col=0

============================================================
TEST: Host readback final logits
============================================================
  case[16] = file_case_16
  actual logits   {-13,-66,-50,-12,21,-12,-49,35,10,86}
  expected logits {-13,-66,-50,-12,21,-12,-49,35,10,86}
  mismatches: 0

============================================================
TEST: Host preload input image
============================================================
  case[17] = file_case_17
  UB bank0[0:783] loaded for current input image
  Full schedule: Conv1 -> Pool1 -> Conv2 -> Pool2 -> FC1 -> FC2
  expected logits {2,-49,22,27,-47,-22,-119,92,7,13}

============================================================
TEST: TPU top end-to-end inference
============================================================
  case[17] = file_case_17
  stage=1 cycle=1 layer_state=0 pool_state=0
  stage=2 cycle=136104 layer_state=0 pool_state=0
  stage=3 cycle=155037 layer_state=0 pool_state=0
  stage=4 cycle=349186 layer_state=0 pool_state=0
  stage=5 cycle=352691 layer_state=0 pool_state=0
  stage=6 cycle=384815 layer_state=0 pool_state=0
  stage=0 cycle=386174 layer_state=0 pool_state=0
  TOP    : done=1 busy=0 error=0 state=13 stage=0 cycles=386174 err=0x00000000
  LAYER  : state=0 tile_state=0 spatial=0 oc_tile=4 k_tile=7
  POOL   : state=0 channel=9 row=0 col=0

============================================================
TEST: Host readback final logits
============================================================
  case[17] = file_case_17
  actual logits   {2,-49,22,27,-47,-22,-119,92,7,13}
  expected logits {2,-49,22,27,-47,-22,-119,92,7,13}
  mismatches: 0

============================================================
TEST: Host preload input image
============================================================
  case[18] = file_case_18
  UB bank0[0:783] loaded for current input image
  Full schedule: Conv1 -> Pool1 -> Conv2 -> Pool2 -> FC1 -> FC2
  expected logits {-25,-62,16,52,-27,49,-22,-55,60,14}

============================================================
TEST: TPU top end-to-end inference
============================================================
  case[18] = file_case_18
  stage=1 cycle=1 layer_state=0 pool_state=0
  stage=2 cycle=136104 layer_state=0 pool_state=0
  stage=3 cycle=155037 layer_state=0 pool_state=0
  stage=4 cycle=349186 layer_state=0 pool_state=0
  stage=5 cycle=352691 layer_state=0 pool_state=0
  stage=6 cycle=384815 layer_state=0 pool_state=0
  stage=0 cycle=386174 layer_state=0 pool_state=0
  TOP    : done=1 busy=0 error=0 state=13 stage=0 cycles=386174 err=0x00000000
  LAYER  : state=0 tile_state=0 spatial=0 oc_tile=4 k_tile=7
  POOL   : state=0 channel=9 row=0 col=0

============================================================
TEST: Host readback final logits
============================================================
  case[18] = file_case_18
  actual logits   {-25,-62,16,52,-27,49,-22,-55,60,14}
  expected logits {-25,-62,16,52,-27,49,-22,-55,60,14}
  mismatches: 0

============================================================
TEST: Host preload input image
============================================================
  case[19] = file_case_19
  UB bank0[0:783] loaded for current input image
  Full schedule: Conv1 -> Pool1 -> Conv2 -> Pool2 -> FC1 -> FC2
  expected logits {-41,-4,-18,-31,88,-15,-26,30,-6,2}

============================================================
TEST: TPU top end-to-end inference
============================================================
  case[19] = file_case_19
  stage=1 cycle=1 layer_state=0 pool_state=0
  stage=2 cycle=136104 layer_state=0 pool_state=0
  stage=3 cycle=155037 layer_state=0 pool_state=0
  stage=4 cycle=349186 layer_state=0 pool_state=0
  stage=5 cycle=352691 layer_state=0 pool_state=0
  stage=6 cycle=384815 layer_state=0 pool_state=0
  stage=0 cycle=386174 layer_state=0 pool_state=0
  TOP    : done=1 busy=0 error=0 state=13 stage=0 cycles=386174 err=0x00000000
  LAYER  : state=0 tile_state=0 spatial=0 oc_tile=4 k_tile=7
  POOL   : state=0 channel=9 row=0 col=0

============================================================
TEST: Host readback final logits
============================================================
  case[19] = file_case_19
  actual logits   {-41,-4,-18,-31,88,-15,-26,30,-6,2}
  expected logits {-41,-4,-18,-31,88,-15,-26,30,-6,2}
  mismatches: 0

============================================================
TEST: Host preload input image
============================================================
  case[20] = file_case_20
  UB bank0[0:783] loaded for current input image
  Full schedule: Conv1 -> Pool1 -> Conv2 -> Pool2 -> FC1 -> FC2
  expected logits {-27,-17,-43,7,32,-3,-97,51,-7,61}

============================================================
TEST: TPU top end-to-end inference
============================================================
  case[20] = file_case_20
  stage=1 cycle=1 layer_state=0 pool_state=0
  stage=2 cycle=136104 layer_state=0 pool_state=0
  stage=3 cycle=155037 layer_state=0 pool_state=0
  stage=4 cycle=349186 layer_state=0 pool_state=0
  stage=5 cycle=352691 layer_state=0 pool_state=0
  stage=6 cycle=384815 layer_state=0 pool_state=0
  stage=0 cycle=386174 layer_state=0 pool_state=0
  TOP    : done=1 busy=0 error=0 state=13 stage=0 cycles=386174 err=0x00000000
  LAYER  : state=0 tile_state=0 spatial=0 oc_tile=4 k_tile=7
  POOL   : state=0 channel=9 row=0 col=0

============================================================
TEST: Host readback final logits
============================================================
  case[20] = file_case_20
  actual logits   {-27,-17,-43,7,32,-3,-97,51,-7,61}
  expected logits {-27,-17,-43,7,32,-3,-97,51,-7,61}
  mismatches: 0

============================================================
TEST: Host preload input image
============================================================
  case[21] = file_case_21
  UB bank0[0:783] loaded for current input image
  Full schedule: Conv1 -> Pool1 -> Conv2 -> Pool2 -> FC1 -> FC2
  expected logits {-7,-20,4,-22,-21,49,108,-62,22,-59}

============================================================
TEST: TPU top end-to-end inference
============================================================
  case[21] = file_case_21
  stage=1 cycle=1 layer_state=0 pool_state=0
  stage=2 cycle=136104 layer_state=0 pool_state=0
  stage=3 cycle=155037 layer_state=0 pool_state=0
  stage=4 cycle=349186 layer_state=0 pool_state=0
  stage=5 cycle=352691 layer_state=0 pool_state=0
  stage=6 cycle=384815 layer_state=0 pool_state=0
  stage=0 cycle=386174 layer_state=0 pool_state=0
  TOP    : done=1 busy=0 error=0 state=13 stage=0 cycles=386174 err=0x00000000
  LAYER  : state=0 tile_state=0 spatial=0 oc_tile=4 k_tile=7
  POOL   : state=0 channel=9 row=0 col=0

============================================================
TEST: Host readback final logits
============================================================
  case[21] = file_case_21
  actual logits   {-7,-20,4,-22,-21,49,108,-62,22,-59}
  expected logits {-7,-20,4,-22,-21,49,108,-62,22,-59}
  mismatches: 0

============================================================
TEST: Host preload input image
============================================================
  case[22] = file_case_22
  UB bank0[0:783] loaded for current input image
  Full schedule: Conv1 -> Pool1 -> Conv2 -> Pool2 -> FC1 -> FC2
  expected logits {15,13,-38,-58,7,6,99,-16,8,-46}

============================================================
TEST: TPU top end-to-end inference
============================================================
  case[22] = file_case_22
  stage=1 cycle=1 layer_state=0 pool_state=0
  stage=2 cycle=136104 layer_state=0 pool_state=0
  stage=3 cycle=155037 layer_state=0 pool_state=0
  stage=4 cycle=349186 layer_state=0 pool_state=0
  stage=5 cycle=352691 layer_state=0 pool_state=0
  stage=6 cycle=384815 layer_state=0 pool_state=0
  stage=0 cycle=386174 layer_state=0 pool_state=0
  TOP    : done=1 busy=0 error=0 state=13 stage=0 cycles=386174 err=0x00000000
  LAYER  : state=0 tile_state=0 spatial=0 oc_tile=4 k_tile=7
  POOL   : state=0 channel=9 row=0 col=0

============================================================
TEST: Host readback final logits
============================================================
  case[22] = file_case_22
  actual logits   {15,13,-38,-58,7,6,99,-16,8,-46}
  expected logits {15,13,-38,-58,7,6,99,-16,8,-46}
  mismatches: 0

============================================================
TEST: Host preload input image
============================================================
  case[23] = file_case_23
  UB bank0[0:783] loaded for current input image
  Full schedule: Conv1 -> Pool1 -> Conv2 -> Pool2 -> FC1 -> FC2
  expected logits {-30,-50,-50,5,2,92,15,-7,-8,20}

============================================================
TEST: TPU top end-to-end inference
============================================================
  case[23] = file_case_23
  stage=1 cycle=1 layer_state=0 pool_state=0
  stage=2 cycle=136104 layer_state=0 pool_state=0
  stage=3 cycle=155037 layer_state=0 pool_state=0
  stage=4 cycle=349186 layer_state=0 pool_state=0
  stage=5 cycle=352691 layer_state=0 pool_state=0
  stage=6 cycle=384815 layer_state=0 pool_state=0
  stage=0 cycle=386174 layer_state=0 pool_state=0
  TOP    : done=1 busy=0 error=0 state=13 stage=0 cycles=386174 err=0x00000000
  LAYER  : state=0 tile_state=0 spatial=0 oc_tile=4 k_tile=7
  POOL   : state=0 channel=9 row=0 col=0

============================================================
TEST: Host readback final logits
============================================================
  case[23] = file_case_23
  actual logits   {-30,-50,-50,5,2,92,15,-7,-8,20}
  expected logits {-30,-50,-50,5,2,92,15,-7,-8,20}
  mismatches: 0

============================================================
TEST: Host preload input image
============================================================
  case[24] = file_case_24
  UB bank0[0:783] loaded for current input image
  Full schedule: Conv1 -> Pool1 -> Conv2 -> Pool2 -> FC1 -> FC2
  expected logits {-12,-7,-14,-28,63,-22,12,8,-6,-4}

============================================================
TEST: TPU top end-to-end inference
============================================================
  case[24] = file_case_24
  stage=1 cycle=1 layer_state=0 pool_state=0
  stage=2 cycle=136104 layer_state=0 pool_state=0
  stage=3 cycle=155037 layer_state=0 pool_state=0
  stage=4 cycle=349186 layer_state=0 pool_state=0
  stage=5 cycle=352691 layer_state=0 pool_state=0
  stage=6 cycle=384815 layer_state=0 pool_state=0
  stage=0 cycle=386174 layer_state=0 pool_state=0
  TOP    : done=1 busy=0 error=0 state=13 stage=0 cycles=386174 err=0x00000000
  LAYER  : state=0 tile_state=0 spatial=0 oc_tile=4 k_tile=7
  POOL   : state=0 channel=9 row=0 col=0

============================================================
TEST: Host readback final logits
============================================================
  case[24] = file_case_24
  actual logits   {-12,-7,-14,-28,63,-22,12,8,-6,-4}
  expected logits {-12,-7,-14,-28,63,-22,12,8,-6,-4}
  mismatches: 0

============================================================
TEST: Host preload input image
============================================================
  case[25] = file_case_25
  UB bank0[0:783] loaded for current input image
  Full schedule: Conv1 -> Pool1 -> Conv2 -> Pool2 -> FC1 -> FC2
  expected logits {76,-22,9,-47,-11,-34,21,12,-11,-6}

============================================================
TEST: TPU top end-to-end inference
============================================================
  case[25] = file_case_25
  stage=1 cycle=1 layer_state=0 pool_state=0
  stage=2 cycle=136104 layer_state=0 pool_state=0
  stage=3 cycle=155037 layer_state=0 pool_state=0
  stage=4 cycle=349186 layer_state=0 pool_state=0
  stage=5 cycle=352691 layer_state=0 pool_state=0
  stage=6 cycle=384815 layer_state=0 pool_state=0
  stage=0 cycle=386174 layer_state=0 pool_state=0
  TOP    : done=1 busy=0 error=0 state=13 stage=0 cycles=386174 err=0x00000000
  LAYER  : state=0 tile_state=0 spatial=0 oc_tile=4 k_tile=7
  POOL   : state=0 channel=9 row=0 col=0

============================================================
TEST: Host readback final logits
============================================================
  case[25] = file_case_25
  actual logits   {76,-22,9,-47,-11,-34,21,12,-11,-6}
  expected logits {76,-22,9,-47,-11,-34,21,12,-11,-6}
  mismatches: 0

============================================================
TEST: Host preload input image
============================================================
  case[26] = file_case_26
  UB bank0[0:783] loaded for current input image
  Full schedule: Conv1 -> Pool1 -> Conv2 -> Pool2 -> FC1 -> FC2
  expected logits {6,-26,13,8,-29,-32,-84,71,-3,16}

============================================================
TEST: TPU top end-to-end inference
============================================================
  case[26] = file_case_26
  stage=1 cycle=1 layer_state=0 pool_state=0
  stage=2 cycle=136104 layer_state=0 pool_state=0
  stage=3 cycle=155037 layer_state=0 pool_state=0
  stage=4 cycle=349186 layer_state=0 pool_state=0
  stage=5 cycle=352691 layer_state=0 pool_state=0
  stage=6 cycle=384815 layer_state=0 pool_state=0
  stage=0 cycle=386174 layer_state=0 pool_state=0
  TOP    : done=1 busy=0 error=0 state=13 stage=0 cycles=386174 err=0x00000000
  LAYER  : state=0 tile_state=0 spatial=0 oc_tile=4 k_tile=7
  POOL   : state=0 channel=9 row=0 col=0

============================================================
TEST: Host readback final logits
============================================================
  case[26] = file_case_26
  actual logits   {6,-26,13,8,-29,-32,-84,71,-3,16}
  expected logits {6,-26,13,8,-29,-32,-84,71,-3,16}
  mismatches: 0

============================================================
TEST: Host preload input image
============================================================
  case[27] = file_case_27
  UB bank0[0:783] loaded for current input image
  Full schedule: Conv1 -> Pool1 -> Conv2 -> Pool2 -> FC1 -> FC2
  expected logits {-17,-2,-32,-27,117,-33,-6,-2,-11,21}

============================================================
TEST: TPU top end-to-end inference
============================================================
  case[27] = file_case_27
  stage=1 cycle=1 layer_state=0 pool_state=0
  stage=2 cycle=136104 layer_state=0 pool_state=0
  stage=3 cycle=155037 layer_state=0 pool_state=0
  stage=4 cycle=349186 layer_state=0 pool_state=0
  stage=5 cycle=352691 layer_state=0 pool_state=0
  stage=6 cycle=384815 layer_state=0 pool_state=0
  stage=0 cycle=386174 layer_state=0 pool_state=0
  TOP    : done=1 busy=0 error=0 state=13 stage=0 cycles=386174 err=0x00000000
  LAYER  : state=0 tile_state=0 spatial=0 oc_tile=4 k_tile=7
  POOL   : state=0 channel=9 row=0 col=0

============================================================
TEST: Host readback final logits
============================================================
  case[27] = file_case_27
  actual logits   {-17,-2,-32,-27,117,-33,-6,-2,-11,21}
  expected logits {-17,-2,-32,-27,117,-33,-6,-2,-11,21}
  mismatches: 0

============================================================
TEST: Host preload input image
============================================================
  case[28] = file_case_28
  UB bank0[0:783] loaded for current input image
  Full schedule: Conv1 -> Pool1 -> Conv2 -> Pool2 -> FC1 -> FC2
  expected logits {82,-41,26,-29,-37,-26,-11,16,-10,1}

============================================================
TEST: TPU top end-to-end inference
============================================================
  case[28] = file_case_28
  stage=1 cycle=1 layer_state=0 pool_state=0
  stage=2 cycle=136104 layer_state=0 pool_state=0
  stage=3 cycle=155037 layer_state=0 pool_state=0
  stage=4 cycle=349186 layer_state=0 pool_state=0
  stage=5 cycle=352691 layer_state=0 pool_state=0
  stage=6 cycle=384815 layer_state=0 pool_state=0
  stage=0 cycle=386174 layer_state=0 pool_state=0
  TOP    : done=1 busy=0 error=0 state=13 stage=0 cycles=386174 err=0x00000000
  LAYER  : state=0 tile_state=0 spatial=0 oc_tile=4 k_tile=7
  POOL   : state=0 channel=9 row=0 col=0

============================================================
TEST: Host readback final logits
============================================================
  case[28] = file_case_28
  actual logits   {82,-41,26,-29,-37,-26,-11,16,-10,1}
  expected logits {82,-41,26,-29,-37,-26,-11,16,-10,1}
  mismatches: 0

============================================================
TEST: Host preload input image
============================================================
  case[29] = file_case_29
  UB bank0[0:783] loaded for current input image
  Full schedule: Conv1 -> Pool1 -> Conv2 -> Pool2 -> FC1 -> FC2
  expected logits {-26,47,3,-13,4,-3,-13,-5,7,-17}

============================================================
TEST: TPU top end-to-end inference
============================================================
  case[29] = file_case_29
  stage=1 cycle=1 layer_state=0 pool_state=0
  stage=2 cycle=136104 layer_state=0 pool_state=0
  stage=3 cycle=155037 layer_state=0 pool_state=0
  stage=4 cycle=349186 layer_state=0 pool_state=0
  stage=5 cycle=352691 layer_state=0 pool_state=0
  stage=6 cycle=384815 layer_state=0 pool_state=0
  stage=0 cycle=386174 layer_state=0 pool_state=0
  TOP    : done=1 busy=0 error=0 state=13 stage=0 cycles=386174 err=0x00000000
  LAYER  : state=0 tile_state=0 spatial=0 oc_tile=4 k_tile=7
  POOL   : state=0 channel=9 row=0 col=0

============================================================
TEST: Host readback final logits
============================================================
  case[29] = file_case_29
  actual logits   {-26,47,3,-13,4,-3,-13,-5,7,-17}
  expected logits {-26,47,3,-13,4,-3,-13,-5,7,-17}
  mismatches: 0

============================================================
TEST: Host preload input image
============================================================
  case[30] = file_case_30
  UB bank0[0:783] loaded for current input image
  Full schedule: Conv1 -> Pool1 -> Conv2 -> Pool2 -> FC1 -> FC2
  expected logits {-25,-50,-3,102,-38,14,-93,2,9,33}

============================================================
TEST: TPU top end-to-end inference
============================================================
  case[30] = file_case_30
  stage=1 cycle=1 layer_state=0 pool_state=0
  stage=2 cycle=136104 layer_state=0 pool_state=0
  stage=3 cycle=155037 layer_state=0 pool_state=0
  stage=4 cycle=349186 layer_state=0 pool_state=0
  stage=5 cycle=352691 layer_state=0 pool_state=0
  stage=6 cycle=384815 layer_state=0 pool_state=0
  stage=0 cycle=386174 layer_state=0 pool_state=0
  TOP    : done=1 busy=0 error=0 state=13 stage=0 cycles=386174 err=0x00000000
  LAYER  : state=0 tile_state=0 spatial=0 oc_tile=4 k_tile=7
  POOL   : state=0 channel=9 row=0 col=0

============================================================
TEST: Host readback final logits
============================================================
  case[30] = file_case_30
  actual logits   {-25,-50,-3,102,-38,14,-93,2,9,33}
  expected logits {-25,-50,-3,102,-38,14,-93,2,9,33}
  mismatches: 0

============================================================
TEST: Host preload input image
============================================================
  case[31] = file_case_31
  UB bank0[0:783] loaded for current input image
  Full schedule: Conv1 -> Pool1 -> Conv2 -> Pool2 -> FC1 -> FC2
  expected logits {-24,49,-10,-13,6,-1,-21,6,4,-9}

============================================================
TEST: TPU top end-to-end inference
============================================================
  case[31] = file_case_31
  stage=1 cycle=1 layer_state=0 pool_state=0
  stage=2 cycle=136104 layer_state=0 pool_state=0
  stage=3 cycle=155037 layer_state=0 pool_state=0
  stage=4 cycle=349186 layer_state=0 pool_state=0
  stage=5 cycle=352691 layer_state=0 pool_state=0
  stage=6 cycle=384815 layer_state=0 pool_state=0
  stage=0 cycle=386174 layer_state=0 pool_state=0
  TOP    : done=1 busy=0 error=0 state=13 stage=0 cycles=386174 err=0x00000000
  LAYER  : state=0 tile_state=0 spatial=0 oc_tile=4 k_tile=7
  POOL   : state=0 channel=9 row=0 col=0

============================================================
TEST: Host readback final logits
============================================================
  case[31] = file_case_31
  actual logits   {-24,49,-10,-13,6,-1,-21,6,4,-9}
  expected logits {-24,49,-10,-13,6,-1,-21,6,4,-9}
  mismatches: 0

============================================================
TEST: Host preload input image
============================================================
  case[32] = file_case_32
  UB bank0[0:783] loaded for current input image
  Full schedule: Conv1 -> Pool1 -> Conv2 -> Pool2 -> FC1 -> FC2
  expected logits {-49,-17,4,104,-27,33,-48,-41,35,1}

============================================================
TEST: TPU top end-to-end inference
============================================================
  case[32] = file_case_32
  stage=1 cycle=1 layer_state=0 pool_state=0
  stage=2 cycle=136104 layer_state=0 pool_state=0
  stage=3 cycle=155037 layer_state=0 pool_state=0
  stage=4 cycle=349186 layer_state=0 pool_state=0
  stage=5 cycle=352691 layer_state=0 pool_state=0
  stage=6 cycle=384815 layer_state=0 pool_state=0
  stage=0 cycle=386174 layer_state=0 pool_state=0
  TOP    : done=1 busy=0 error=0 state=13 stage=0 cycles=386174 err=0x00000000
  LAYER  : state=0 tile_state=0 spatial=0 oc_tile=4 k_tile=7
  POOL   : state=0 channel=9 row=0 col=0

============================================================
TEST: Host readback final logits
============================================================
  case[32] = file_case_32
  actual logits   {-49,-17,4,104,-27,33,-48,-41,35,1}
  expected logits {-49,-17,4,104,-27,33,-48,-41,35,1}
  mismatches: 0

============================================================
TEST: Host preload input image
============================================================
  case[33] = file_case_33
  UB bank0[0:783] loaded for current input image
  Full schedule: Conv1 -> Pool1 -> Conv2 -> Pool2 -> FC1 -> FC2
  expected logits {40,4,5,-70,65,-5,18,17,-35,-11}

============================================================
TEST: TPU top end-to-end inference
============================================================
  case[33] = file_case_33
  stage=1 cycle=1 layer_state=0 pool_state=0
  stage=2 cycle=136104 layer_state=0 pool_state=0
  stage=3 cycle=155037 layer_state=0 pool_state=0
  stage=4 cycle=349186 layer_state=0 pool_state=0
  stage=5 cycle=352691 layer_state=0 pool_state=0
  stage=6 cycle=384815 layer_state=0 pool_state=0
  stage=0 cycle=386174 layer_state=0 pool_state=0
  TOP    : done=1 busy=0 error=0 state=13 stage=0 cycles=386174 err=0x00000000
  LAYER  : state=0 tile_state=0 spatial=0 oc_tile=4 k_tile=7
  POOL   : state=0 channel=9 row=0 col=0

============================================================
TEST: Host readback final logits
============================================================
  case[33] = file_case_33
  actual logits   {40,4,5,-70,65,-5,18,17,-35,-11}
  expected logits {40,4,5,-70,65,-5,18,17,-35,-11}
  mismatches: 0

============================================================
TEST: Host preload input image
============================================================
  case[34] = file_case_34
  UB bank0[0:783] loaded for current input image
  Full schedule: Conv1 -> Pool1 -> Conv2 -> Pool2 -> FC1 -> FC2
  expected logits {-25,-12,19,19,-56,-35,-110,91,3,19}

============================================================
TEST: TPU top end-to-end inference
============================================================
  case[34] = file_case_34
  stage=1 cycle=1 layer_state=0 pool_state=0
  stage=2 cycle=136104 layer_state=0 pool_state=0
  stage=3 cycle=155037 layer_state=0 pool_state=0
  stage=4 cycle=349186 layer_state=0 pool_state=0
  stage=5 cycle=352691 layer_state=0 pool_state=0
  stage=6 cycle=384815 layer_state=0 pool_state=0
  stage=0 cycle=386174 layer_state=0 pool_state=0
  TOP    : done=1 busy=0 error=0 state=13 stage=0 cycles=386174 err=0x00000000
  LAYER  : state=0 tile_state=0 spatial=0 oc_tile=4 k_tile=7
  POOL   : state=0 channel=9 row=0 col=0

============================================================
TEST: Host readback final logits
============================================================
  case[34] = file_case_34
  actual logits   {-25,-12,19,19,-56,-35,-110,91,3,19}
  expected logits {-25,-12,19,19,-56,-35,-110,91,3,19}
  mismatches: 0

============================================================
TEST: Host preload input image
============================================================
  case[35] = file_case_35
  UB bank0[0:783] loaded for current input image
  Full schedule: Conv1 -> Pool1 -> Conv2 -> Pool2 -> FC1 -> FC2
  expected logits {3,39,96,5,-36,-65,-38,-10,23,-38}

============================================================
TEST: TPU top end-to-end inference
============================================================
  case[35] = file_case_35
  stage=1 cycle=1 layer_state=0 pool_state=0
  stage=2 cycle=136104 layer_state=0 pool_state=0
  stage=3 cycle=155037 layer_state=0 pool_state=0
  stage=4 cycle=349186 layer_state=0 pool_state=0
  stage=5 cycle=352691 layer_state=0 pool_state=0
  stage=6 cycle=384815 layer_state=0 pool_state=0
  stage=0 cycle=386174 layer_state=0 pool_state=0
  TOP    : done=1 busy=0 error=0 state=13 stage=0 cycles=386174 err=0x00000000
  LAYER  : state=0 tile_state=0 spatial=0 oc_tile=4 k_tile=7
  POOL   : state=0 channel=9 row=0 col=0

============================================================
TEST: Host readback final logits
============================================================
  case[35] = file_case_35
  actual logits   {3,39,96,5,-36,-65,-38,-10,23,-38}
  expected logits {3,39,96,5,-36,-65,-38,-10,23,-38}
  mismatches: 0

============================================================
TEST: Host preload input image
============================================================
  case[36] = file_case_36
  UB bank0[0:783] loaded for current input image
  Full schedule: Conv1 -> Pool1 -> Conv2 -> Pool2 -> FC1 -> FC2
  expected logits {11,-31,51,15,-66,-38,-91,70,26,-11}

============================================================
TEST: TPU top end-to-end inference
============================================================
  case[36] = file_case_36
  stage=1 cycle=1 layer_state=0 pool_state=0
  stage=2 cycle=136104 layer_state=0 pool_state=0
  stage=3 cycle=155037 layer_state=0 pool_state=0
  stage=4 cycle=349186 layer_state=0 pool_state=0
  stage=5 cycle=352691 layer_state=0 pool_state=0
  stage=6 cycle=384815 layer_state=0 pool_state=0
  stage=0 cycle=386174 layer_state=0 pool_state=0
  TOP    : done=1 busy=0 error=0 state=13 stage=0 cycles=386174 err=0x00000000
  LAYER  : state=0 tile_state=0 spatial=0 oc_tile=4 k_tile=7
  POOL   : state=0 channel=9 row=0 col=0

============================================================
TEST: Host readback final logits
============================================================
  case[36] = file_case_36
  actual logits   {11,-31,51,15,-66,-38,-91,70,26,-11}
  expected logits {11,-31,51,15,-66,-38,-91,70,26,-11}
  mismatches: 0

============================================================
TEST: Host preload input image
============================================================
  case[37] = file_case_37
  UB bank0[0:783] loaded for current input image
  Full schedule: Conv1 -> Pool1 -> Conv2 -> Pool2 -> FC1 -> FC2
  expected logits {-19,51,-14,-28,8,2,-20,3,2,-2}

============================================================
TEST: TPU top end-to-end inference
============================================================
  case[37] = file_case_37
  stage=1 cycle=1 layer_state=0 pool_state=0
  stage=2 cycle=136104 layer_state=0 pool_state=0
  stage=3 cycle=155037 layer_state=0 pool_state=0
  stage=4 cycle=349186 layer_state=0 pool_state=0
  stage=5 cycle=352691 layer_state=0 pool_state=0
  stage=6 cycle=384815 layer_state=0 pool_state=0
  stage=0 cycle=386174 layer_state=0 pool_state=0
  TOP    : done=1 busy=0 error=0 state=13 stage=0 cycles=386174 err=0x00000000
  LAYER  : state=0 tile_state=0 spatial=0 oc_tile=4 k_tile=7
  POOL   : state=0 channel=9 row=0 col=0

============================================================
TEST: Host readback final logits
============================================================
  case[37] = file_case_37
  actual logits   {-19,51,-14,-28,8,2,-20,3,2,-2}
  expected logits {-19,51,-14,-28,8,2,-20,3,2,-2}
  mismatches: 0

============================================================
TEST: Host preload input image
============================================================
  case[38] = file_case_38
  UB bank0[0:783] loaded for current input image
  Full schedule: Conv1 -> Pool1 -> Conv2 -> Pool2 -> FC1 -> FC2
  expected logits {26,-11,80,20,-78,-40,-9,-8,32,-53}

============================================================
TEST: TPU top end-to-end inference
============================================================
  case[38] = file_case_38
  stage=1 cycle=1 layer_state=0 pool_state=0
  stage=2 cycle=136104 layer_state=0 pool_state=0
  stage=3 cycle=155037 layer_state=0 pool_state=0
  stage=4 cycle=349186 layer_state=0 pool_state=0
  stage=5 cycle=352691 layer_state=0 pool_state=0
  stage=6 cycle=384815 layer_state=0 pool_state=0
  stage=0 cycle=386174 layer_state=0 pool_state=0
  TOP    : done=1 busy=0 error=0 state=13 stage=0 cycles=386174 err=0x00000000
  LAYER  : state=0 tile_state=0 spatial=0 oc_tile=4 k_tile=7
  POOL   : state=0 channel=9 row=0 col=0

============================================================
TEST: Host readback final logits
============================================================
  case[38] = file_case_38
  actual logits   {26,-11,80,20,-78,-40,-9,-8,32,-53}
  expected logits {26,-11,80,20,-78,-40,-9,-8,32,-53}
  mismatches: 0

============================================================
TEST: Host preload input image
============================================================
  case[39] = file_case_39
  UB bank0[0:783] loaded for current input image
  Full schedule: Conv1 -> Pool1 -> Conv2 -> Pool2 -> FC1 -> FC2
  expected logits {-5,58,5,-27,-2,-26,-6,-19,19,-14}

============================================================
TEST: TPU top end-to-end inference
============================================================
  case[39] = file_case_39
  stage=1 cycle=1 layer_state=0 pool_state=0
  stage=2 cycle=136104 layer_state=0 pool_state=0
  stage=3 cycle=155037 layer_state=0 pool_state=0
  stage=4 cycle=349186 layer_state=0 pool_state=0
  stage=5 cycle=352691 layer_state=0 pool_state=0
  stage=6 cycle=384815 layer_state=0 pool_state=0
  stage=0 cycle=386174 layer_state=0 pool_state=0
  TOP    : done=1 busy=0 error=0 state=13 stage=0 cycles=386174 err=0x00000000
  LAYER  : state=0 tile_state=0 spatial=0 oc_tile=4 k_tile=7
  POOL   : state=0 channel=9 row=0 col=0

============================================================
TEST: Host readback final logits
============================================================
  case[39] = file_case_39
  actual logits   {-5,58,5,-27,-2,-26,-6,-19,19,-14}
  expected logits {-5,58,5,-27,-2,-26,-6,-19,19,-14}
  mismatches: 0

============================================================
TEST: Host preload input image
============================================================
  case[40] = file_case_40
  UB bank0[0:783] loaded for current input image
  Full schedule: Conv1 -> Pool1 -> Conv2 -> Pool2 -> FC1 -> FC2
  expected logits {-12,41,-3,-19,-2,-8,-11,6,-1,-11}

============================================================
TEST: TPU top end-to-end inference
============================================================
  case[40] = file_case_40
  stage=1 cycle=1 layer_state=0 pool_state=0
  stage=2 cycle=136104 layer_state=0 pool_state=0
  stage=3 cycle=155037 layer_state=0 pool_state=0
  stage=4 cycle=349186 layer_state=0 pool_state=0
  stage=5 cycle=352691 layer_state=0 pool_state=0
  stage=6 cycle=384815 layer_state=0 pool_state=0
  stage=0 cycle=386174 layer_state=0 pool_state=0
  TOP    : done=1 busy=0 error=0 state=13 stage=0 cycles=386174 err=0x00000000
  LAYER  : state=0 tile_state=0 spatial=0 oc_tile=4 k_tile=7
  POOL   : state=0 channel=9 row=0 col=0

============================================================
TEST: Host readback final logits
============================================================
  case[40] = file_case_40
  actual logits   {-12,41,-3,-19,-2,-8,-11,6,-1,-11}
  expected logits {-12,41,-3,-19,-2,-8,-11,6,-1,-11}
  mismatches: 0

============================================================
TEST: Host preload input image
============================================================
  case[41] = file_case_41
  UB bank0[0:783] loaded for current input image
  Full schedule: Conv1 -> Pool1 -> Conv2 -> Pool2 -> FC1 -> FC2
  expected logits {-9,1,51,23,-28,-43,-102,66,4,-9}

============================================================
TEST: TPU top end-to-end inference
============================================================
  case[41] = file_case_41
  stage=1 cycle=1 layer_state=0 pool_state=0
  stage=2 cycle=136104 layer_state=0 pool_state=0
  stage=3 cycle=155037 layer_state=0 pool_state=0
  stage=4 cycle=349186 layer_state=0 pool_state=0
  stage=5 cycle=352691 layer_state=0 pool_state=0
  stage=6 cycle=384815 layer_state=0 pool_state=0
  stage=0 cycle=386174 layer_state=0 pool_state=0
  TOP    : done=1 busy=0 error=0 state=13 stage=0 cycles=386174 err=0x00000000
  LAYER  : state=0 tile_state=0 spatial=0 oc_tile=4 k_tile=7
  POOL   : state=0 channel=9 row=0 col=0

============================================================
TEST: Host readback final logits
============================================================
  case[41] = file_case_41
  actual logits   {-9,1,51,23,-28,-43,-102,66,4,-9}
  expected logits {-9,1,51,23,-28,-43,-102,66,4,-9}
  mismatches: 0

============================================================
TEST: Host preload input image
============================================================
  case[42] = file_case_42
  UB bank0[0:783] loaded for current input image
  Full schedule: Conv1 -> Pool1 -> Conv2 -> Pool2 -> FC1 -> FC2
  expected logits {-23,16,-75,-65,95,-7,2,15,-8,33}

============================================================
TEST: TPU top end-to-end inference
============================================================
  case[42] = file_case_42
  stage=1 cycle=1 layer_state=0 pool_state=0
  stage=2 cycle=136104 layer_state=0 pool_state=0
  stage=3 cycle=155037 layer_state=0 pool_state=0
  stage=4 cycle=349186 layer_state=0 pool_state=0
  stage=5 cycle=352691 layer_state=0 pool_state=0
  stage=6 cycle=384815 layer_state=0 pool_state=0
  stage=0 cycle=386174 layer_state=0 pool_state=0
  TOP    : done=1 busy=0 error=0 state=13 stage=0 cycles=386174 err=0x00000000
  LAYER  : state=0 tile_state=0 spatial=0 oc_tile=4 k_tile=7
  POOL   : state=0 channel=9 row=0 col=0

============================================================
TEST: Host readback final logits
============================================================
  case[42] = file_case_42
  actual logits   {-23,16,-75,-65,95,-7,2,15,-8,33}
  expected logits {-23,16,-75,-65,95,-7,2,15,-8,33}
  mismatches: 0

============================================================
TEST: Host preload input image
============================================================
  case[43] = file_case_43
  UB bank0[0:783] loaded for current input image
  Full schedule: Conv1 -> Pool1 -> Conv2 -> Pool2 -> FC1 -> FC2
  expected logits {-39,3,69,11,-3,3,-13,11,1,-74}

============================================================
TEST: TPU top end-to-end inference
============================================================
  case[43] = file_case_43
  stage=1 cycle=1 layer_state=0 pool_state=0
  stage=2 cycle=136104 layer_state=0 pool_state=0
  stage=3 cycle=155037 layer_state=0 pool_state=0
  stage=4 cycle=349186 layer_state=0 pool_state=0
  stage=5 cycle=352691 layer_state=0 pool_state=0
  stage=6 cycle=384815 layer_state=0 pool_state=0
  stage=0 cycle=386174 layer_state=0 pool_state=0
  TOP    : done=1 busy=0 error=0 state=13 stage=0 cycles=386174 err=0x00000000
  LAYER  : state=0 tile_state=0 spatial=0 oc_tile=4 k_tile=7
  POOL   : state=0 channel=9 row=0 col=0

============================================================
TEST: Host readback final logits
============================================================
  case[43] = file_case_43
  actual logits   {-39,3,69,11,-3,3,-13,11,1,-74}
  expected logits {-39,3,69,11,-3,3,-13,11,1,-74}
  mismatches: 0

============================================================
TEST: Host preload input image
============================================================
  case[44] = file_case_44
  UB bank0[0:783] loaded for current input image
  Full schedule: Conv1 -> Pool1 -> Conv2 -> Pool2 -> FC1 -> FC2
  expected logits {-36,-44,16,70,-22,22,-38,-12,10,5}

============================================================
TEST: TPU top end-to-end inference
============================================================
  case[44] = file_case_44
  stage=1 cycle=1 layer_state=0 pool_state=0
  stage=2 cycle=136104 layer_state=0 pool_state=0
  stage=3 cycle=155037 layer_state=0 pool_state=0
  stage=4 cycle=349186 layer_state=0 pool_state=0
  stage=5 cycle=352691 layer_state=0 pool_state=0
  stage=6 cycle=384815 layer_state=0 pool_state=0
  stage=0 cycle=386174 layer_state=0 pool_state=0
  TOP    : done=1 busy=0 error=0 state=13 stage=0 cycles=386174 err=0x00000000
  LAYER  : state=0 tile_state=0 spatial=0 oc_tile=4 k_tile=7
  POOL   : state=0 channel=9 row=0 col=0

============================================================
TEST: Host readback final logits
============================================================
  case[44] = file_case_44
  actual logits   {-36,-44,16,70,-22,22,-38,-12,10,5}
  expected logits {-36,-44,16,70,-22,22,-38,-12,10,5}
  mismatches: 0

============================================================
TEST: Host preload input image
============================================================
  case[45] = file_case_45
  UB bank0[0:783] loaded for current input image
  Full schedule: Conv1 -> Pool1 -> Conv2 -> Pool2 -> FC1 -> FC2
  expected logits {-13,-35,-29,-5,-42,75,19,-6,25,-5}

============================================================
TEST: TPU top end-to-end inference
============================================================
  case[45] = file_case_45
  stage=1 cycle=1 layer_state=0 pool_state=0
  stage=2 cycle=136104 layer_state=0 pool_state=0
  stage=3 cycle=155037 layer_state=0 pool_state=0
  stage=4 cycle=349186 layer_state=0 pool_state=0
  stage=5 cycle=352691 layer_state=0 pool_state=0
  stage=6 cycle=384815 layer_state=0 pool_state=0
  stage=0 cycle=386174 layer_state=0 pool_state=0
  TOP    : done=1 busy=0 error=0 state=13 stage=0 cycles=386174 err=0x00000000
  LAYER  : state=0 tile_state=0 spatial=0 oc_tile=4 k_tile=7
  POOL   : state=0 channel=9 row=0 col=0

============================================================
TEST: Host readback final logits
============================================================
  case[45] = file_case_45
  actual logits   {-13,-35,-29,-5,-42,75,19,-6,25,-5}
  expected logits {-13,-35,-29,-5,-42,75,19,-6,25,-5}
  mismatches: 0

============================================================
TEST: Host preload input image
============================================================
  case[46] = file_case_46
  UB bank0[0:783] loaded for current input image
  Full schedule: Conv1 -> Pool1 -> Conv2 -> Pool2 -> FC1 -> FC2
  expected logits {-35,52,-1,12,-3,1,-18,-15,23,-21}

============================================================
TEST: TPU top end-to-end inference
============================================================
  case[46] = file_case_46
  stage=1 cycle=1 layer_state=0 pool_state=0
  stage=2 cycle=136104 layer_state=0 pool_state=0
  stage=3 cycle=155037 layer_state=0 pool_state=0
  stage=4 cycle=349186 layer_state=0 pool_state=0
  stage=5 cycle=352691 layer_state=0 pool_state=0
  stage=6 cycle=384815 layer_state=0 pool_state=0
  stage=0 cycle=386174 layer_state=0 pool_state=0
  TOP    : done=1 busy=0 error=0 state=13 stage=0 cycles=386174 err=0x00000000
  LAYER  : state=0 tile_state=0 spatial=0 oc_tile=4 k_tile=7
  POOL   : state=0 channel=9 row=0 col=0

============================================================
TEST: Host readback final logits
============================================================
  case[46] = file_case_46
  actual logits   {-35,52,-1,12,-3,1,-18,-15,23,-21}
  expected logits {-35,52,-1,12,-3,1,-18,-15,23,-21}
  mismatches: 0

============================================================
TEST: Host preload input image
============================================================
  case[47] = file_case_47
  UB bank0[0:783] loaded for current input image
  Full schedule: Conv1 -> Pool1 -> Conv2 -> Pool2 -> FC1 -> FC2
  expected logits {-28,6,90,-6,7,-41,-35,-9,1,-19}

============================================================
TEST: TPU top end-to-end inference
============================================================
  case[47] = file_case_47
  stage=1 cycle=1 layer_state=0 pool_state=0
  stage=2 cycle=136104 layer_state=0 pool_state=0
  stage=3 cycle=155037 layer_state=0 pool_state=0
  stage=4 cycle=349186 layer_state=0 pool_state=0
  stage=5 cycle=352691 layer_state=0 pool_state=0
  stage=6 cycle=384815 layer_state=0 pool_state=0
  stage=0 cycle=386174 layer_state=0 pool_state=0
  TOP    : done=1 busy=0 error=0 state=13 stage=0 cycles=386174 err=0x00000000
  LAYER  : state=0 tile_state=0 spatial=0 oc_tile=4 k_tile=7
  POOL   : state=0 channel=9 row=0 col=0

============================================================
TEST: Host readback final logits
============================================================
  case[47] = file_case_47
  actual logits   {-28,6,90,-6,7,-41,-35,-9,1,-19}
  expected logits {-28,6,90,-6,7,-41,-35,-9,1,-19}
  mismatches: 0

============================================================
TEST: Host preload input image
============================================================
  case[48] = file_case_48
  UB bank0[0:783] loaded for current input image
  Full schedule: Conv1 -> Pool1 -> Conv2 -> Pool2 -> FC1 -> FC2
  expected logits {-22,-16,-54,-31,88,-5,-29,21,-11,46}

============================================================
TEST: TPU top end-to-end inference
============================================================
  case[48] = file_case_48
  stage=1 cycle=1 layer_state=0 pool_state=0
  stage=2 cycle=136104 layer_state=0 pool_state=0
  stage=3 cycle=155037 layer_state=0 pool_state=0
  stage=4 cycle=349186 layer_state=0 pool_state=0
  stage=5 cycle=352691 layer_state=0 pool_state=0
  stage=6 cycle=384815 layer_state=0 pool_state=0
  stage=0 cycle=386174 layer_state=0 pool_state=0
  TOP    : done=1 busy=0 error=0 state=13 stage=0 cycles=386174 err=0x00000000
  LAYER  : state=0 tile_state=0 spatial=0 oc_tile=4 k_tile=7
  POOL   : state=0 channel=9 row=0 col=0

============================================================
TEST: Host readback final logits
============================================================
  case[48] = file_case_48
  actual logits   {-22,-16,-54,-31,88,-5,-29,21,-11,46}
  expected logits {-22,-16,-54,-31,88,-5,-29,21,-11,46}
  mismatches: 0

============================================================
TEST: Host preload input image
============================================================
  case[49] = file_case_49
  UB bank0[0:783] loaded for current input image
  Full schedule: Conv1 -> Pool1 -> Conv2 -> Pool2 -> FC1 -> FC2
  expected logits {-2,-17,-54,-52,96,-24,22,7,1,19}

============================================================
TEST: TPU top end-to-end inference
============================================================
  case[49] = file_case_49
  stage=1 cycle=1 layer_state=0 pool_state=0
  stage=2 cycle=136104 layer_state=0 pool_state=0
  stage=3 cycle=155037 layer_state=0 pool_state=0
  stage=4 cycle=349186 layer_state=0 pool_state=0
  stage=5 cycle=352691 layer_state=0 pool_state=0
  stage=6 cycle=384815 layer_state=0 pool_state=0
  stage=0 cycle=386174 layer_state=0 pool_state=0
  TOP    : done=1 busy=0 error=0 state=13 stage=0 cycles=386174 err=0x00000000
  LAYER  : state=0 tile_state=0 spatial=0 oc_tile=4 k_tile=7
  POOL   : state=0 channel=9 row=0 col=0

============================================================
TEST: Host readback final logits
============================================================
  case[49] = file_case_49
  actual logits   {-2,-17,-54,-52,96,-24,22,7,1,19}
  expected logits {-2,-17,-54,-52,96,-24,22,7,1,19}
  mismatches: 0

============================================================
TEST: Host preload input image
============================================================
  case[50] = file_case_50
  UB bank0[0:783] loaded for current input image
  Full schedule: Conv1 -> Pool1 -> Conv2 -> Pool2 -> FC1 -> FC2
  expected logits {13,-20,3,-8,-26,35,86,-56,20,-49}

============================================================
TEST: TPU top end-to-end inference
============================================================
  case[50] = file_case_50
  stage=1 cycle=1 layer_state=0 pool_state=0
  stage=2 cycle=136104 layer_state=0 pool_state=0
  stage=3 cycle=155037 layer_state=0 pool_state=0
  stage=4 cycle=349186 layer_state=0 pool_state=0
  stage=5 cycle=352691 layer_state=0 pool_state=0
  stage=6 cycle=384815 layer_state=0 pool_state=0
  stage=0 cycle=386174 layer_state=0 pool_state=0
  TOP    : done=1 busy=0 error=0 state=13 stage=0 cycles=386174 err=0x00000000
  LAYER  : state=0 tile_state=0 spatial=0 oc_tile=4 k_tile=7
  POOL   : state=0 channel=9 row=0 col=0

============================================================
TEST: Host readback final logits
============================================================
  case[50] = file_case_50
  actual logits   {13,-20,3,-8,-26,35,86,-56,20,-49}
  expected logits {13,-20,3,-8,-26,35,86,-56,20,-49}
  mismatches: 0

============================================================
TEST: Host preload input image
============================================================
  case[51] = file_case_51
  UB bank0[0:783] loaded for current input image
  Full schedule: Conv1 -> Pool1 -> Conv2 -> Pool2 -> FC1 -> FC2
  expected logits {-18,-42,11,118,-45,12,-89,-10,26,1}

============================================================
TEST: TPU top end-to-end inference
============================================================
  case[51] = file_case_51
  stage=1 cycle=1 layer_state=0 pool_state=0
  stage=2 cycle=136104 layer_state=0 pool_state=0
  stage=3 cycle=155037 layer_state=0 pool_state=0
  stage=4 cycle=349186 layer_state=0 pool_state=0
  stage=5 cycle=352691 layer_state=0 pool_state=0
  stage=6 cycle=384815 layer_state=0 pool_state=0
  stage=0 cycle=386174 layer_state=0 pool_state=0
  TOP    : done=1 busy=0 error=0 state=13 stage=0 cycles=386174 err=0x00000000
  LAYER  : state=0 tile_state=0 spatial=0 oc_tile=4 k_tile=7
  POOL   : state=0 channel=9 row=0 col=0

============================================================
TEST: Host readback final logits
============================================================
  case[51] = file_case_51
  actual logits   {-18,-42,11,118,-45,12,-89,-10,26,1}
  expected logits {-18,-42,11,118,-45,12,-89,-10,26,1}
  mismatches: 0

============================================================
TEST: Host preload input image
============================================================
  case[52] = file_case_52
  UB bank0[0:783] loaded for current input image
  Full schedule: Conv1 -> Pool1 -> Conv2 -> Pool2 -> FC1 -> FC2
  expected logits {-42,-53,-46,28,-5,109,2,-18,22,18}

============================================================
TEST: TPU top end-to-end inference
============================================================
  case[52] = file_case_52
  stage=1 cycle=1 layer_state=0 pool_state=0
  stage=2 cycle=136104 layer_state=0 pool_state=0
  stage=3 cycle=155037 layer_state=0 pool_state=0
  stage=4 cycle=349186 layer_state=0 pool_state=0
  stage=5 cycle=352691 layer_state=0 pool_state=0
  stage=6 cycle=384815 layer_state=0 pool_state=0
  stage=0 cycle=386174 layer_state=0 pool_state=0
  TOP    : done=1 busy=0 error=0 state=13 stage=0 cycles=386174 err=0x00000000
  LAYER  : state=0 tile_state=0 spatial=0 oc_tile=4 k_tile=7
  POOL   : state=0 channel=9 row=0 col=0

============================================================
TEST: Host readback final logits
============================================================
  case[52] = file_case_52
  actual logits   {-42,-53,-46,28,-5,109,2,-18,22,18}
  expected logits {-42,-53,-46,28,-5,109,2,-18,22,18}
  mismatches: 0

============================================================
TEST: Host preload input image
============================================================
  case[53] = file_case_53
  UB bank0[0:783] loaded for current input image
  Full schedule: Conv1 -> Pool1 -> Conv2 -> Pool2 -> FC1 -> FC2
  expected logits {-39,-47,-36,26,-31,85,-16,3,25,10}

============================================================
TEST: TPU top end-to-end inference
============================================================
  case[53] = file_case_53
  stage=1 cycle=1 layer_state=0 pool_state=0
  stage=2 cycle=136104 layer_state=0 pool_state=0
  stage=3 cycle=155037 layer_state=0 pool_state=0
  stage=4 cycle=349186 layer_state=0 pool_state=0
  stage=5 cycle=352691 layer_state=0 pool_state=0
  stage=6 cycle=384815 layer_state=0 pool_state=0
  stage=0 cycle=386174 layer_state=0 pool_state=0
  TOP    : done=1 busy=0 error=0 state=13 stage=0 cycles=386174 err=0x00000000
  LAYER  : state=0 tile_state=0 spatial=0 oc_tile=4 k_tile=7
  POOL   : state=0 channel=9 row=0 col=0

============================================================
TEST: Host readback final logits
============================================================
  case[53] = file_case_53
  actual logits   {-39,-47,-36,26,-31,85,-16,3,25,10}
  expected logits {-39,-47,-36,26,-31,85,-16,3,25,10}
  mismatches: 0

============================================================
TEST: Host preload input image
============================================================
  case[54] = file_case_54
  UB bank0[0:783] loaded for current input image
  Full schedule: Conv1 -> Pool1 -> Conv2 -> Pool2 -> FC1 -> FC2
  expected logits {17,18,-32,-62,4,36,112,-49,16,-55}

============================================================
TEST: TPU top end-to-end inference
============================================================
  case[54] = file_case_54
  stage=1 cycle=1 layer_state=0 pool_state=0
  stage=2 cycle=136104 layer_state=0 pool_state=0
  stage=3 cycle=155037 layer_state=0 pool_state=0
  stage=4 cycle=349186 layer_state=0 pool_state=0
  stage=5 cycle=352691 layer_state=0 pool_state=0
  stage=6 cycle=384815 layer_state=0 pool_state=0
  stage=0 cycle=386174 layer_state=0 pool_state=0
  TOP    : done=1 busy=0 error=0 state=13 stage=0 cycles=386174 err=0x00000000
  LAYER  : state=0 tile_state=0 spatial=0 oc_tile=4 k_tile=7
  POOL   : state=0 channel=9 row=0 col=0

============================================================
TEST: Host readback final logits
============================================================
  case[54] = file_case_54
  actual logits   {17,18,-32,-62,4,36,112,-49,16,-55}
  expected logits {17,18,-32,-62,4,36,112,-49,16,-55}
  mismatches: 0

============================================================
TEST: Host preload input image
============================================================
  case[55] = file_case_55
  UB bank0[0:783] loaded for current input image
  Full schedule: Conv1 -> Pool1 -> Conv2 -> Pool2 -> FC1 -> FC2
  expected logits {79,-9,10,-71,-17,-20,23,13,-5,-9}

============================================================
TEST: TPU top end-to-end inference
============================================================
  case[55] = file_case_55
  stage=1 cycle=1 layer_state=0 pool_state=0
  stage=2 cycle=136104 layer_state=0 pool_state=0
  stage=3 cycle=155037 layer_state=0 pool_state=0
  stage=4 cycle=349186 layer_state=0 pool_state=0
  stage=5 cycle=352691 layer_state=0 pool_state=0
  stage=6 cycle=384815 layer_state=0 pool_state=0
  stage=0 cycle=386174 layer_state=0 pool_state=0
  TOP    : done=1 busy=0 error=0 state=13 stage=0 cycles=386174 err=0x00000000
  LAYER  : state=0 tile_state=0 spatial=0 oc_tile=4 k_tile=7
  POOL   : state=0 channel=9 row=0 col=0

============================================================
TEST: Host readback final logits
============================================================
  case[55] = file_case_55
  actual logits   {79,-9,10,-71,-17,-20,23,13,-5,-9}
  expected logits {79,-9,10,-71,-17,-20,23,13,-5,-9}
  mismatches: 0

============================================================
TEST: Host preload input image
============================================================
  case[56] = file_case_56
  UB bank0[0:783] loaded for current input image
  Full schedule: Conv1 -> Pool1 -> Conv2 -> Pool2 -> FC1 -> FC2
  expected logits {0,-1,-46,-63,127,-22,12,12,-15,8}

============================================================
TEST: TPU top end-to-end inference
============================================================
  case[56] = file_case_56
  stage=1 cycle=1 layer_state=0 pool_state=0
  stage=2 cycle=136104 layer_state=0 pool_state=0
  stage=3 cycle=155037 layer_state=0 pool_state=0
  stage=4 cycle=349186 layer_state=0 pool_state=0
  stage=5 cycle=352691 layer_state=0 pool_state=0
  stage=6 cycle=384815 layer_state=0 pool_state=0
  stage=0 cycle=386174 layer_state=0 pool_state=0
  TOP    : done=1 busy=0 error=0 state=13 stage=0 cycles=386174 err=0x00000000
  LAYER  : state=0 tile_state=0 spatial=0 oc_tile=4 k_tile=7
  POOL   : state=0 channel=9 row=0 col=0

============================================================
TEST: Host readback final logits
============================================================
  case[56] = file_case_56
  actual logits   {0,-1,-46,-63,127,-22,12,12,-15,8}
  expected logits {0,-1,-46,-63,127,-22,12,12,-15,8}
  mismatches: 0

============================================================
TEST: Host preload input image
============================================================
  case[57] = file_case_57
  UB bank0[0:783] loaded for current input image
  Full schedule: Conv1 -> Pool1 -> Conv2 -> Pool2 -> FC1 -> FC2
  expected logits {-16,62,5,-29,15,-38,-20,5,8,-11}

============================================================
TEST: TPU top end-to-end inference
============================================================
  case[57] = file_case_57
  stage=1 cycle=1 layer_state=0 pool_state=0
  stage=2 cycle=136104 layer_state=0 pool_state=0
  stage=3 cycle=155037 layer_state=0 pool_state=0
  stage=4 cycle=349186 layer_state=0 pool_state=0
  stage=5 cycle=352691 layer_state=0 pool_state=0
  stage=6 cycle=384815 layer_state=0 pool_state=0
  stage=0 cycle=386174 layer_state=0 pool_state=0
  TOP    : done=1 busy=0 error=0 state=13 stage=0 cycles=386174 err=0x00000000
  LAYER  : state=0 tile_state=0 spatial=0 oc_tile=4 k_tile=7
  POOL   : state=0 channel=9 row=0 col=0

============================================================
TEST: Host readback final logits
============================================================
  case[57] = file_case_57
  actual logits   {-16,62,5,-29,15,-38,-20,5,8,-11}
  expected logits {-16,62,5,-29,15,-38,-20,5,8,-11}
  mismatches: 0

============================================================
TEST: Host preload input image
============================================================
  case[58] = file_case_58
  UB bank0[0:783] loaded for current input image
  Full schedule: Conv1 -> Pool1 -> Conv2 -> Pool2 -> FC1 -> FC2
  expected logits {-14,-80,-48,8,30,-2,-58,31,1,93}

============================================================
TEST: TPU top end-to-end inference
============================================================
  case[58] = file_case_58
  stage=1 cycle=1 layer_state=0 pool_state=0
  stage=2 cycle=136104 layer_state=0 pool_state=0
  stage=3 cycle=155037 layer_state=0 pool_state=0
  stage=4 cycle=349186 layer_state=0 pool_state=0
  stage=5 cycle=352691 layer_state=0 pool_state=0
  stage=6 cycle=384815 layer_state=0 pool_state=0
  stage=0 cycle=386174 layer_state=0 pool_state=0
  TOP    : done=1 busy=0 error=0 state=13 stage=0 cycles=386174 err=0x00000000
  LAYER  : state=0 tile_state=0 spatial=0 oc_tile=4 k_tile=7
  POOL   : state=0 channel=9 row=0 col=0

============================================================
TEST: Host readback final logits
============================================================
  case[58] = file_case_58
  actual logits   {-14,-80,-48,8,30,-2,-58,31,1,93}
  expected logits {-14,-80,-48,8,30,-2,-58,31,1,93}
  mismatches: 0

============================================================
TEST: Host preload input image
============================================================
  case[59] = file_case_59
  UB bank0[0:783] loaded for current input image
  Full schedule: Conv1 -> Pool1 -> Conv2 -> Pool2 -> FC1 -> FC2
  expected logits {-38,-21,-74,7,6,71,-22,22,10,32}

============================================================
TEST: TPU top end-to-end inference
============================================================
  case[59] = file_case_59
  stage=1 cycle=1 layer_state=0 pool_state=0
  stage=2 cycle=136104 layer_state=0 pool_state=0
  stage=3 cycle=155037 layer_state=0 pool_state=0
  stage=4 cycle=349186 layer_state=0 pool_state=0
  stage=5 cycle=352691 layer_state=0 pool_state=0
  stage=6 cycle=384815 layer_state=0 pool_state=0
  stage=0 cycle=386174 layer_state=0 pool_state=0
  TOP    : done=1 busy=0 error=0 state=13 stage=0 cycles=386174 err=0x00000000
  LAYER  : state=0 tile_state=0 spatial=0 oc_tile=4 k_tile=7
  POOL   : state=0 channel=9 row=0 col=0

============================================================
TEST: Host readback final logits
============================================================
  case[59] = file_case_59
  actual logits   {-38,-21,-74,7,6,71,-22,22,10,32}
  expected logits {-38,-21,-74,7,6,71,-22,22,10,32}
  mismatches: 0

============================================================
TEST: Host preload input image
============================================================
  case[60] = file_case_60
  UB bank0[0:783] loaded for current input image
  Full schedule: Conv1 -> Pool1 -> Conv2 -> Pool2 -> FC1 -> FC2
  expected logits {-15,-47,-16,37,-38,9,-114,77,18,27}

============================================================
TEST: TPU top end-to-end inference
============================================================
  case[60] = file_case_60
  stage=1 cycle=1 layer_state=0 pool_state=0
  stage=2 cycle=136104 layer_state=0 pool_state=0
  stage=3 cycle=155037 layer_state=0 pool_state=0
  stage=4 cycle=349186 layer_state=0 pool_state=0
  stage=5 cycle=352691 layer_state=0 pool_state=0
  stage=6 cycle=384815 layer_state=0 pool_state=0
  stage=0 cycle=386174 layer_state=0 pool_state=0
  TOP    : done=1 busy=0 error=0 state=13 stage=0 cycles=386174 err=0x00000000
  LAYER  : state=0 tile_state=0 spatial=0 oc_tile=4 k_tile=7
  POOL   : state=0 channel=9 row=0 col=0

============================================================
TEST: Host readback final logits
============================================================
  case[60] = file_case_60
  actual logits   {-15,-47,-16,37,-38,9,-114,77,18,27}
  expected logits {-15,-47,-16,37,-38,9,-114,77,18,27}
  mismatches: 0

============================================================
TEST: Host preload input image
============================================================
  case[61] = file_case_61
  UB bank0[0:783] loaded for current input image
  Full schedule: Conv1 -> Pool1 -> Conv2 -> Pool2 -> FC1 -> FC2
  expected logits {-26,-53,42,25,-37,8,-12,-72,98,1}

============================================================
TEST: TPU top end-to-end inference
============================================================
  case[61] = file_case_61
  stage=1 cycle=1 layer_state=0 pool_state=0
  stage=2 cycle=136104 layer_state=0 pool_state=0
  stage=3 cycle=155037 layer_state=0 pool_state=0
  stage=4 cycle=349186 layer_state=0 pool_state=0
  stage=5 cycle=352691 layer_state=0 pool_state=0
  stage=6 cycle=384815 layer_state=0 pool_state=0
  stage=0 cycle=386174 layer_state=0 pool_state=0
  TOP    : done=1 busy=0 error=0 state=13 stage=0 cycles=386174 err=0x00000000
  LAYER  : state=0 tile_state=0 spatial=0 oc_tile=4 k_tile=7
  POOL   : state=0 channel=9 row=0 col=0

============================================================
TEST: Host readback final logits
============================================================
  case[61] = file_case_61
  actual logits   {-26,-53,42,25,-37,8,-12,-72,98,1}
  expected logits {-26,-53,42,25,-37,8,-12,-72,98,1}
  mismatches: 0

============================================================
TEST: Host preload input image
============================================================
  case[62] = file_case_62
  UB bank0[0:783] loaded for current input image
  Full schedule: Conv1 -> Pool1 -> Conv2 -> Pool2 -> FC1 -> FC2
  expected logits {-24,-29,-34,-22,-14,41,-31,23,0,48}

============================================================
TEST: TPU top end-to-end inference
============================================================
  case[62] = file_case_62
  stage=1 cycle=1 layer_state=0 pool_state=0
  stage=2 cycle=136104 layer_state=0 pool_state=0
  stage=3 cycle=155037 layer_state=0 pool_state=0
  stage=4 cycle=349186 layer_state=0 pool_state=0
  stage=5 cycle=352691 layer_state=0 pool_state=0
  stage=6 cycle=384815 layer_state=0 pool_state=0
  stage=0 cycle=386174 layer_state=0 pool_state=0
  TOP    : done=1 busy=0 error=0 state=13 stage=0 cycles=386174 err=0x00000000
  LAYER  : state=0 tile_state=0 spatial=0 oc_tile=4 k_tile=7
  POOL   : state=0 channel=9 row=0 col=0

============================================================
TEST: Host readback final logits
============================================================
  case[62] = file_case_62
  actual logits   {-24,-29,-34,-22,-14,41,-31,23,0,48}
  expected logits {-24,-29,-34,-22,-14,41,-31,23,0,48}
  mismatches: 0

============================================================
TEST: Host preload input image
============================================================
  case[63] = file_case_63
  UB bank0[0:783] loaded for current input image
  Full schedule: Conv1 -> Pool1 -> Conv2 -> Pool2 -> FC1 -> FC2
  expected logits {-46,-30,24,92,-24,-4,-90,-13,18,25}

============================================================
TEST: TPU top end-to-end inference
============================================================
  case[63] = file_case_63
  stage=1 cycle=1 layer_state=0 pool_state=0
  stage=2 cycle=136104 layer_state=0 pool_state=0
  stage=3 cycle=155037 layer_state=0 pool_state=0
  stage=4 cycle=349186 layer_state=0 pool_state=0
  stage=5 cycle=352691 layer_state=0 pool_state=0
  stage=6 cycle=384815 layer_state=0 pool_state=0
  stage=0 cycle=386174 layer_state=0 pool_state=0
  TOP    : done=1 busy=0 error=0 state=13 stage=0 cycles=386174 err=0x00000000
  LAYER  : state=0 tile_state=0 spatial=0 oc_tile=4 k_tile=7
  POOL   : state=0 channel=9 row=0 col=0

============================================================
TEST: Host readback final logits
============================================================
  case[63] = file_case_63
  actual logits   {-46,-30,24,92,-24,-4,-90,-13,18,25}
  expected logits {-46,-30,24,92,-24,-4,-90,-13,18,25}
  mismatches: 0

============================================================
TEST: Host preload input image
============================================================
  case[64] = file_case_64
  UB bank0[0:783] loaded for current input image
  Full schedule: Conv1 -> Pool1 -> Conv2 -> Pool2 -> FC1 -> FC2
  expected logits {-36,-18,31,10,-19,1,-104,107,-8,-31}

============================================================
TEST: TPU top end-to-end inference
============================================================
  case[64] = file_case_64
  stage=1 cycle=1 layer_state=0 pool_state=0
  stage=2 cycle=136104 layer_state=0 pool_state=0
  stage=3 cycle=155037 layer_state=0 pool_state=0
  stage=4 cycle=349186 layer_state=0 pool_state=0
  stage=5 cycle=352691 layer_state=0 pool_state=0
  stage=6 cycle=384815 layer_state=0 pool_state=0
  stage=0 cycle=386174 layer_state=0 pool_state=0
  TOP    : done=1 busy=0 error=0 state=13 stage=0 cycles=386174 err=0x00000000
  LAYER  : state=0 tile_state=0 spatial=0 oc_tile=4 k_tile=7
  POOL   : state=0 channel=9 row=0 col=0

============================================================
TEST: Host readback final logits
============================================================
  case[64] = file_case_64
  actual logits   {-36,-18,31,10,-19,1,-104,107,-8,-31}
  expected logits {-36,-18,31,10,-19,1,-104,107,-8,-31}
  mismatches: 0

============================================================
TEST: Host preload input image
============================================================
  case[65] = file_case_65
  UB bank0[0:783] loaded for current input image
  Full schedule: Conv1 -> Pool1 -> Conv2 -> Pool2 -> FC1 -> FC2
  expected logits {-22,-2,-29,-2,47,2,-47,5,-6,43}

============================================================
TEST: TPU top end-to-end inference
============================================================
  case[65] = file_case_65
  stage=1 cycle=1 layer_state=0 pool_state=0
  stage=2 cycle=136104 layer_state=0 pool_state=0
  stage=3 cycle=155037 layer_state=0 pool_state=0
  stage=4 cycle=349186 layer_state=0 pool_state=0
  stage=5 cycle=352691 layer_state=0 pool_state=0
  stage=6 cycle=384815 layer_state=0 pool_state=0
  stage=0 cycle=386174 layer_state=0 pool_state=0
  TOP    : done=1 busy=0 error=0 state=13 stage=0 cycles=386174 err=0x00000000
  LAYER  : state=0 tile_state=0 spatial=0 oc_tile=4 k_tile=7
  POOL   : state=0 channel=9 row=0 col=0

============================================================
TEST: Host readback final logits
============================================================
  case[65] = file_case_65
  actual logits   {-22,-2,-29,-2,47,2,-47,5,-6,43}
  expected logits {-22,-2,-29,-2,47,2,-47,5,-6,43}
  mismatches: 0

============================================================
TEST: Host preload input image
============================================================
  case[66] = file_case_66
  UB bank0[0:783] loaded for current input image
  Full schedule: Conv1 -> Pool1 -> Conv2 -> Pool2 -> FC1 -> FC2
  expected logits {26,11,-26,-43,-14,4,88,-34,18,-38}

============================================================
TEST: TPU top end-to-end inference
============================================================
  case[66] = file_case_66
  stage=1 cycle=1 layer_state=0 pool_state=0
  stage=2 cycle=136104 layer_state=0 pool_state=0
  stage=3 cycle=155037 layer_state=0 pool_state=0
  stage=4 cycle=349186 layer_state=0 pool_state=0
  stage=5 cycle=352691 layer_state=0 pool_state=0
  stage=6 cycle=384815 layer_state=0 pool_state=0
  stage=0 cycle=386174 layer_state=0 pool_state=0
  TOP    : done=1 busy=0 error=0 state=13 stage=0 cycles=386174 err=0x00000000
  LAYER  : state=0 tile_state=0 spatial=0 oc_tile=4 k_tile=7
  POOL   : state=0 channel=9 row=0 col=0

============================================================
TEST: Host readback final logits
============================================================
  case[66] = file_case_66
  actual logits   {26,11,-26,-43,-14,4,88,-34,18,-38}
  expected logits {26,11,-26,-43,-14,4,88,-34,18,-38}
  mismatches: 0

============================================================
TEST: Host preload input image
============================================================
  case[67] = file_case_67
  UB bank0[0:783] loaded for current input image
  Full schedule: Conv1 -> Pool1 -> Conv2 -> Pool2 -> FC1 -> FC2
  expected logits {-18,-10,-30,-17,88,-14,-18,6,-8,25}

============================================================
TEST: TPU top end-to-end inference
============================================================
  case[67] = file_case_67
  stage=1 cycle=1 layer_state=0 pool_state=0
  stage=2 cycle=136104 layer_state=0 pool_state=0
  stage=3 cycle=155037 layer_state=0 pool_state=0
  stage=4 cycle=349186 layer_state=0 pool_state=0
  stage=5 cycle=352691 layer_state=0 pool_state=0
  stage=6 cycle=384815 layer_state=0 pool_state=0
  stage=0 cycle=386174 layer_state=0 pool_state=0
  TOP    : done=1 busy=0 error=0 state=13 stage=0 cycles=386174 err=0x00000000
  LAYER  : state=0 tile_state=0 spatial=0 oc_tile=4 k_tile=7
  POOL   : state=0 channel=9 row=0 col=0

============================================================
TEST: Host readback final logits
============================================================
  case[67] = file_case_67
  actual logits   {-18,-10,-30,-17,88,-14,-18,6,-8,25}
  expected logits {-18,-10,-30,-17,88,-14,-18,6,-8,25}
  mismatches: 0

============================================================
TEST: Host preload input image
============================================================
  case[68] = file_case_68
  UB bank0[0:783] loaded for current input image
  Full schedule: Conv1 -> Pool1 -> Conv2 -> Pool2 -> FC1 -> FC2
  expected logits {-37,-18,11,105,-57,2,-88,3,23,5}

============================================================
TEST: TPU top end-to-end inference
============================================================
  case[68] = file_case_68
  stage=1 cycle=1 layer_state=0 pool_state=0
  stage=2 cycle=136104 layer_state=0 pool_state=0
  stage=3 cycle=155037 layer_state=0 pool_state=0
  stage=4 cycle=349186 layer_state=0 pool_state=0
  stage=5 cycle=352691 layer_state=0 pool_state=0
  stage=6 cycle=384815 layer_state=0 pool_state=0
  stage=0 cycle=386174 layer_state=0 pool_state=0
  TOP    : done=1 busy=0 error=0 state=13 stage=0 cycles=386174 err=0x00000000
  LAYER  : state=0 tile_state=0 spatial=0 oc_tile=4 k_tile=7
  POOL   : state=0 channel=9 row=0 col=0

============================================================
TEST: Host readback final logits
============================================================
  case[68] = file_case_68
  actual logits   {-37,-18,11,105,-57,2,-88,3,23,5}
  expected logits {-37,-18,11,105,-57,2,-88,3,23,5}
  mismatches: 0

============================================================
TEST: Host preload input image
============================================================
  case[69] = file_case_69
  UB bank0[0:783] loaded for current input image
  Full schedule: Conv1 -> Pool1 -> Conv2 -> Pool2 -> FC1 -> FC2
  expected logits {84,-29,34,-32,-53,11,8,-11,-16,8}

============================================================
TEST: TPU top end-to-end inference
============================================================
  case[69] = file_case_69
  stage=1 cycle=1 layer_state=0 pool_state=0
  stage=2 cycle=136104 layer_state=0 pool_state=0
  stage=3 cycle=155037 layer_state=0 pool_state=0
  stage=4 cycle=349186 layer_state=0 pool_state=0
  stage=5 cycle=352691 layer_state=0 pool_state=0
  stage=6 cycle=384815 layer_state=0 pool_state=0
  stage=0 cycle=386174 layer_state=0 pool_state=0
  TOP    : done=1 busy=0 error=0 state=13 stage=0 cycles=386174 err=0x00000000
  LAYER  : state=0 tile_state=0 spatial=0 oc_tile=4 k_tile=7
  POOL   : state=0 channel=9 row=0 col=0

============================================================
TEST: Host readback final logits
============================================================
  case[69] = file_case_69
  actual logits   {84,-29,34,-32,-53,11,8,-11,-16,8}
  expected logits {84,-29,34,-32,-53,11,8,-11,-16,8}
  mismatches: 0

============================================================
TEST: Host preload input image
============================================================
  case[70] = file_case_70
  UB bank0[0:783] loaded for current input image
  Full schedule: Conv1 -> Pool1 -> Conv2 -> Pool2 -> FC1 -> FC2
  expected logits {8,-53,21,34,-52,-22,-116,82,5,17}

============================================================
TEST: TPU top end-to-end inference
============================================================
  case[70] = file_case_70
  stage=1 cycle=1 layer_state=0 pool_state=0
  stage=2 cycle=136104 layer_state=0 pool_state=0
  stage=3 cycle=155037 layer_state=0 pool_state=0
  stage=4 cycle=349186 layer_state=0 pool_state=0
  stage=5 cycle=352691 layer_state=0 pool_state=0
  stage=6 cycle=384815 layer_state=0 pool_state=0
  stage=0 cycle=386174 layer_state=0 pool_state=0
  TOP    : done=1 busy=0 error=0 state=13 stage=0 cycles=386174 err=0x00000000
  LAYER  : state=0 tile_state=0 spatial=0 oc_tile=4 k_tile=7
  POOL   : state=0 channel=9 row=0 col=0

============================================================
TEST: Host readback final logits
============================================================
  case[70] = file_case_70
  actual logits   {8,-53,21,34,-52,-22,-116,82,5,17}
  expected logits {8,-53,21,34,-52,-22,-116,82,5,17}
  mismatches: 0

============================================================
TEST: Host preload input image
============================================================
  case[71] = file_case_71
  UB bank0[0:783] loaded for current input image
  Full schedule: Conv1 -> Pool1 -> Conv2 -> Pool2 -> FC1 -> FC2
  expected logits {108,-20,27,-72,-34,-30,10,20,-38,6}

============================================================
TEST: TPU top end-to-end inference
============================================================
  case[71] = file_case_71
  stage=1 cycle=1 layer_state=0 pool_state=0
  stage=2 cycle=136104 layer_state=0 pool_state=0
  stage=3 cycle=155037 layer_state=0 pool_state=0
  stage=4 cycle=349186 layer_state=0 pool_state=0
  stage=5 cycle=352691 layer_state=0 pool_state=0
  stage=6 cycle=384815 layer_state=0 pool_state=0
  stage=0 cycle=386174 layer_state=0 pool_state=0
  TOP    : done=1 busy=0 error=0 state=13 stage=0 cycles=386174 err=0x00000000
  LAYER  : state=0 tile_state=0 spatial=0 oc_tile=4 k_tile=7
  POOL   : state=0 channel=9 row=0 col=0

============================================================
TEST: Host readback final logits
============================================================
  case[71] = file_case_71
  actual logits   {108,-20,27,-72,-34,-30,10,20,-38,6}
  expected logits {108,-20,27,-72,-34,-30,10,20,-38,6}
  mismatches: 0

============================================================
TEST: Host preload input image
============================================================
  case[72] = file_case_72
  UB bank0[0:783] loaded for current input image
  Full schedule: Conv1 -> Pool1 -> Conv2 -> Pool2 -> FC1 -> FC2
  expected logits {32,-15,87,16,-47,-64,-66,20,4,-1}

============================================================
TEST: TPU top end-to-end inference
============================================================
  case[72] = file_case_72
  stage=1 cycle=1 layer_state=0 pool_state=0
  stage=2 cycle=136104 layer_state=0 pool_state=0
  stage=3 cycle=155037 layer_state=0 pool_state=0
  stage=4 cycle=349186 layer_state=0 pool_state=0
  stage=5 cycle=352691 layer_state=0 pool_state=0
  stage=6 cycle=384815 layer_state=0 pool_state=0
  stage=0 cycle=386174 layer_state=0 pool_state=0
  TOP    : done=1 busy=0 error=0 state=13 stage=0 cycles=386174 err=0x00000000
  LAYER  : state=0 tile_state=0 spatial=0 oc_tile=4 k_tile=7
  POOL   : state=0 channel=9 row=0 col=0

============================================================
TEST: Host readback final logits
============================================================
  case[72] = file_case_72
  actual logits   {32,-15,87,16,-47,-64,-66,20,4,-1}
  expected logits {32,-15,87,16,-47,-64,-66,20,4,-1}
  mismatches: 0

============================================================
TEST: Host preload input image
============================================================
  case[73] = file_case_73
  UB bank0[0:783] loaded for current input image
  Full schedule: Conv1 -> Pool1 -> Conv2 -> Pool2 -> FC1 -> FC2
  expected logits {-23,-46,10,6,-13,-19,-80,12,42,63}

============================================================
TEST: TPU top end-to-end inference
============================================================
  case[73] = file_case_73
  stage=1 cycle=1 layer_state=0 pool_state=0
  stage=2 cycle=136104 layer_state=0 pool_state=0
  stage=3 cycle=155037 layer_state=0 pool_state=0
  stage=4 cycle=349186 layer_state=0 pool_state=0
  stage=5 cycle=352691 layer_state=0 pool_state=0
  stage=6 cycle=384815 layer_state=0 pool_state=0
  stage=0 cycle=386174 layer_state=0 pool_state=0
  TOP    : done=1 busy=0 error=0 state=13 stage=0 cycles=386174 err=0x00000000
  LAYER  : state=0 tile_state=0 spatial=0 oc_tile=4 k_tile=7
  POOL   : state=0 channel=9 row=0 col=0

============================================================
TEST: Host readback final logits
============================================================
  case[73] = file_case_73
  actual logits   {-23,-46,10,6,-13,-19,-80,12,42,63}
  expected logits {-23,-46,10,6,-13,-19,-80,12,42,63}
  mismatches: 0

============================================================
TEST: Host preload input image
============================================================
  case[74] = file_case_74
  UB bank0[0:783] loaded for current input image
  Full schedule: Conv1 -> Pool1 -> Conv2 -> Pool2 -> FC1 -> FC2
  expected logits {-17,56,-13,-34,9,-4,-9,-5,6,-9}

============================================================
TEST: TPU top end-to-end inference
============================================================
  case[74] = file_case_74
  stage=1 cycle=1 layer_state=0 pool_state=0
  stage=2 cycle=136104 layer_state=0 pool_state=0
  stage=3 cycle=155037 layer_state=0 pool_state=0
  stage=4 cycle=349186 layer_state=0 pool_state=0
  stage=5 cycle=352691 layer_state=0 pool_state=0
  stage=6 cycle=384815 layer_state=0 pool_state=0
  stage=0 cycle=386174 layer_state=0 pool_state=0
  TOP    : done=1 busy=0 error=0 state=13 stage=0 cycles=386174 err=0x00000000
  LAYER  : state=0 tile_state=0 spatial=0 oc_tile=4 k_tile=7
  POOL   : state=0 channel=9 row=0 col=0

============================================================
TEST: Host readback final logits
============================================================
  case[74] = file_case_74
  actual logits   {-17,56,-13,-34,9,-4,-9,-5,6,-9}
  expected logits {-17,56,-13,-34,9,-4,-9,-5,6,-9}
  mismatches: 0

============================================================
TEST: Host preload input image
============================================================
  case[75] = file_case_75
  UB bank0[0:783] loaded for current input image
  Full schedule: Conv1 -> Pool1 -> Conv2 -> Pool2 -> FC1 -> FC2
  expected logits {-43,8,-10,30,9,-12,-120,94,-21,7}

============================================================
TEST: TPU top end-to-end inference
============================================================
  case[75] = file_case_75
  stage=1 cycle=1 layer_state=0 pool_state=0
  stage=2 cycle=136104 layer_state=0 pool_state=0
  stage=3 cycle=155037 layer_state=0 pool_state=0
  stage=4 cycle=349186 layer_state=0 pool_state=0
  stage=5 cycle=352691 layer_state=0 pool_state=0
  stage=6 cycle=384815 layer_state=0 pool_state=0
  stage=0 cycle=386174 layer_state=0 pool_state=0
  TOP    : done=1 busy=0 error=0 state=13 stage=0 cycles=386174 err=0x00000000
  LAYER  : state=0 tile_state=0 spatial=0 oc_tile=4 k_tile=7
  POOL   : state=0 channel=9 row=0 col=0

============================================================
TEST: Host readback final logits
============================================================
  case[75] = file_case_75
  actual logits   {-43,8,-10,30,9,-12,-120,94,-21,7}
  expected logits {-43,8,-10,30,9,-12,-120,94,-21,7}
  mismatches: 0

============================================================
TEST: Host preload input image
============================================================
  case[76] = file_case_76
  UB bank0[0:783] loaded for current input image
  Full schedule: Conv1 -> Pool1 -> Conv2 -> Pool2 -> FC1 -> FC2
  expected logits {-44,-21,0,98,-35,23,-50,-39,37,12}

============================================================
TEST: TPU top end-to-end inference
============================================================
  case[76] = file_case_76
  stage=1 cycle=1 layer_state=0 pool_state=0
  stage=2 cycle=136104 layer_state=0 pool_state=0
  stage=3 cycle=155037 layer_state=0 pool_state=0
  stage=4 cycle=349186 layer_state=0 pool_state=0
  stage=5 cycle=352691 layer_state=0 pool_state=0
  stage=6 cycle=384815 layer_state=0 pool_state=0
  stage=0 cycle=386174 layer_state=0 pool_state=0
  TOP    : done=1 busy=0 error=0 state=13 stage=0 cycles=386174 err=0x00000000
  LAYER  : state=0 tile_state=0 spatial=0 oc_tile=4 k_tile=7
  POOL   : state=0 channel=9 row=0 col=0

============================================================
TEST: Host readback final logits
============================================================
  case[76] = file_case_76
  actual logits   {-44,-21,0,98,-35,23,-50,-39,37,12}
  expected logits {-44,-21,0,98,-35,23,-50,-39,37,12}
  mismatches: 0

============================================================
TEST: Host preload input image
============================================================
  case[77] = file_case_77
  UB bank0[0:783] loaded for current input image
  Full schedule: Conv1 -> Pool1 -> Conv2 -> Pool2 -> FC1 -> FC2
  expected logits {27,10,82,-4,-30,-47,-51,17,-10,-8}

============================================================
TEST: TPU top end-to-end inference
============================================================
  case[77] = file_case_77
  stage=1 cycle=1 layer_state=0 pool_state=0
  stage=2 cycle=136104 layer_state=0 pool_state=0
  stage=3 cycle=155037 layer_state=0 pool_state=0
  stage=4 cycle=349186 layer_state=0 pool_state=0
  stage=5 cycle=352691 layer_state=0 pool_state=0
  stage=6 cycle=384815 layer_state=0 pool_state=0
  stage=0 cycle=386174 layer_state=0 pool_state=0
  TOP    : done=1 busy=0 error=0 state=13 stage=0 cycles=386174 err=0x00000000
  LAYER  : state=0 tile_state=0 spatial=0 oc_tile=4 k_tile=7
  POOL   : state=0 channel=9 row=0 col=0

============================================================
TEST: Host readback final logits
============================================================
  case[77] = file_case_77
  actual logits   {27,10,82,-4,-30,-47,-51,17,-10,-8}
  expected logits {27,10,82,-4,-30,-47,-51,17,-10,-8}
  mismatches: 0

============================================================
TEST: Host preload input image
============================================================
  case[78] = file_case_78
  UB bank0[0:783] loaded for current input image
  Full schedule: Conv1 -> Pool1 -> Conv2 -> Pool2 -> FC1 -> FC2
  expected logits {-20,-27,-11,2,19,-30,-53,-4,31,52}

============================================================
TEST: TPU top end-to-end inference
============================================================
  case[78] = file_case_78
  stage=1 cycle=1 layer_state=0 pool_state=0
  stage=2 cycle=136104 layer_state=0 pool_state=0
  stage=3 cycle=155037 layer_state=0 pool_state=0
  stage=4 cycle=349186 layer_state=0 pool_state=0
  stage=5 cycle=352691 layer_state=0 pool_state=0
  stage=6 cycle=384815 layer_state=0 pool_state=0
  stage=0 cycle=386174 layer_state=0 pool_state=0
  TOP    : done=1 busy=0 error=0 state=13 stage=0 cycles=386174 err=0x00000000
  LAYER  : state=0 tile_state=0 spatial=0 oc_tile=4 k_tile=7
  POOL   : state=0 channel=9 row=0 col=0

============================================================
TEST: Host readback final logits
============================================================
  case[78] = file_case_78
  actual logits   {-20,-27,-11,2,19,-30,-53,-4,31,52}
  expected logits {-20,-27,-11,2,19,-30,-53,-4,31,52}
  mismatches: 0

============================================================
TEST: Host preload input image
============================================================
  case[79] = file_case_79
  UB bank0[0:783] loaded for current input image
  Full schedule: Conv1 -> Pool1 -> Conv2 -> Pool2 -> FC1 -> FC2
  expected logits {14,-26,32,9,-28,-38,-91,69,-9,11}

============================================================
TEST: TPU top end-to-end inference
============================================================
  case[79] = file_case_79
  stage=1 cycle=1 layer_state=0 pool_state=0
  stage=2 cycle=136104 layer_state=0 pool_state=0
  stage=3 cycle=155037 layer_state=0 pool_state=0
  stage=4 cycle=349186 layer_state=0 pool_state=0
  stage=5 cycle=352691 layer_state=0 pool_state=0
  stage=6 cycle=384815 layer_state=0 pool_state=0
  stage=0 cycle=386174 layer_state=0 pool_state=0
  TOP    : done=1 busy=0 error=0 state=13 stage=0 cycles=386174 err=0x00000000
  LAYER  : state=0 tile_state=0 spatial=0 oc_tile=4 k_tile=7
  POOL   : state=0 channel=9 row=0 col=0

============================================================
TEST: Host readback final logits
============================================================
  case[79] = file_case_79
  actual logits   {14,-26,32,9,-28,-38,-91,69,-9,11}
  expected logits {14,-26,32,9,-28,-38,-91,69,-9,11}
  mismatches: 0

============================================================
TEST: Host preload input image
============================================================
  case[80] = file_case_80
  UB bank0[0:783] loaded for current input image
  Full schedule: Conv1 -> Pool1 -> Conv2 -> Pool2 -> FC1 -> FC2
  expected logits {-10,-16,-47,-41,26,21,-54,73,-24,43}

============================================================
TEST: TPU top end-to-end inference
============================================================
  case[80] = file_case_80
  stage=1 cycle=1 layer_state=0 pool_state=0
  stage=2 cycle=136104 layer_state=0 pool_state=0
  stage=3 cycle=155037 layer_state=0 pool_state=0
  stage=4 cycle=349186 layer_state=0 pool_state=0
  stage=5 cycle=352691 layer_state=0 pool_state=0
  stage=6 cycle=384815 layer_state=0 pool_state=0
  stage=0 cycle=386174 layer_state=0 pool_state=0
  TOP    : done=1 busy=0 error=0 state=13 stage=0 cycles=386174 err=0x00000000
  LAYER  : state=0 tile_state=0 spatial=0 oc_tile=4 k_tile=7
  POOL   : state=0 channel=9 row=0 col=0

============================================================
TEST: Host readback final logits
============================================================
  case[80] = file_case_80
  actual logits   {-10,-16,-47,-41,26,21,-54,73,-24,43}
  expected logits {-10,-16,-47,-41,26,21,-54,73,-24,43}
  mismatches: 0

============================================================
TEST: Host preload input image
============================================================
  case[81] = file_case_81
  UB bank0[0:783] loaded for current input image
  Full schedule: Conv1 -> Pool1 -> Conv2 -> Pool2 -> FC1 -> FC2
  expected logits {3,-11,-5,-16,-30,41,88,-42,15,-54}

============================================================
TEST: TPU top end-to-end inference
============================================================
  case[81] = file_case_81
  stage=1 cycle=1 layer_state=0 pool_state=0
  stage=2 cycle=136104 layer_state=0 pool_state=0
  stage=3 cycle=155037 layer_state=0 pool_state=0
  stage=4 cycle=349186 layer_state=0 pool_state=0
  stage=5 cycle=352691 layer_state=0 pool_state=0
  stage=6 cycle=384815 layer_state=0 pool_state=0
  stage=0 cycle=386174 layer_state=0 pool_state=0
  TOP    : done=1 busy=0 error=0 state=13 stage=0 cycles=386174 err=0x00000000
  LAYER  : state=0 tile_state=0 spatial=0 oc_tile=4 k_tile=7
  POOL   : state=0 channel=9 row=0 col=0

============================================================
TEST: Host readback final logits
============================================================
  case[81] = file_case_81
  actual logits   {3,-11,-5,-16,-30,41,88,-42,15,-54}
  expected logits {3,-11,-5,-16,-30,41,88,-42,15,-54}
  mismatches: 0

============================================================
TEST: Host preload input image
============================================================
  case[82] = file_case_82
  UB bank0[0:783] loaded for current input image
  Full schedule: Conv1 -> Pool1 -> Conv2 -> Pool2 -> FC1 -> FC2
  expected logits {-32,13,117,7,-18,-65,-34,7,-6,-36}

============================================================
TEST: TPU top end-to-end inference
============================================================
  case[82] = file_case_82
  stage=1 cycle=1 layer_state=0 pool_state=0
  stage=2 cycle=136104 layer_state=0 pool_state=0
  stage=3 cycle=155037 layer_state=0 pool_state=0
  stage=4 cycle=349186 layer_state=0 pool_state=0
  stage=5 cycle=352691 layer_state=0 pool_state=0
  stage=6 cycle=384815 layer_state=0 pool_state=0
  stage=0 cycle=386174 layer_state=0 pool_state=0
  TOP    : done=1 busy=0 error=0 state=13 stage=0 cycles=386174 err=0x00000000
  LAYER  : state=0 tile_state=0 spatial=0 oc_tile=4 k_tile=7
  POOL   : state=0 channel=9 row=0 col=0

============================================================
TEST: Host readback final logits
============================================================
  case[82] = file_case_82
  actual logits   {-32,13,117,7,-18,-65,-34,7,-6,-36}
  expected logits {-32,13,117,7,-18,-65,-34,7,-6,-36}
  mismatches: 0

============================================================
TEST: Host preload input image
============================================================
  case[83] = file_case_83
  UB bank0[0:783] loaded for current input image
  Full schedule: Conv1 -> Pool1 -> Conv2 -> Pool2 -> FC1 -> FC2
  expected logits {-16,-21,-31,-21,-3,-4,-71,90,-3,23}

============================================================
TEST: TPU top end-to-end inference
============================================================
  case[83] = file_case_83
  stage=1 cycle=1 layer_state=0 pool_state=0
  stage=2 cycle=136104 layer_state=0 pool_state=0
  stage=3 cycle=155037 layer_state=0 pool_state=0
  stage=4 cycle=349186 layer_state=0 pool_state=0
  stage=5 cycle=352691 layer_state=0 pool_state=0
  stage=6 cycle=384815 layer_state=0 pool_state=0
  stage=0 cycle=386174 layer_state=0 pool_state=0
  TOP    : done=1 busy=0 error=0 state=13 stage=0 cycles=386174 err=0x00000000
  LAYER  : state=0 tile_state=0 spatial=0 oc_tile=4 k_tile=7
  POOL   : state=0 channel=9 row=0 col=0

============================================================
TEST: Host readback final logits
============================================================
  case[83] = file_case_83
  actual logits   {-16,-21,-31,-21,-3,-4,-71,90,-3,23}
  expected logits {-16,-21,-31,-21,-3,-4,-71,90,-3,23}
  mismatches: 0

============================================================
TEST: Host preload input image
============================================================
  case[84] = file_case_84
  UB bank0[0:783] loaded for current input image
  Full schedule: Conv1 -> Pool1 -> Conv2 -> Pool2 -> FC1 -> FC2
  expected logits {-36,-26,-43,21,4,38,15,-53,93,2}

============================================================
TEST: TPU top end-to-end inference
============================================================
  case[84] = file_case_84
  stage=1 cycle=1 layer_state=0 pool_state=0
  stage=2 cycle=136104 layer_state=0 pool_state=0
  stage=3 cycle=155037 layer_state=0 pool_state=0
  stage=4 cycle=349186 layer_state=0 pool_state=0
  stage=5 cycle=352691 layer_state=0 pool_state=0
  stage=6 cycle=384815 layer_state=0 pool_state=0
  stage=0 cycle=386174 layer_state=0 pool_state=0
  TOP    : done=1 busy=0 error=0 state=13 stage=0 cycles=386174 err=0x00000000
  LAYER  : state=0 tile_state=0 spatial=0 oc_tile=4 k_tile=7
  POOL   : state=0 channel=9 row=0 col=0

============================================================
TEST: Host readback final logits
============================================================
  case[84] = file_case_84
  actual logits   {-36,-26,-43,21,4,38,15,-53,93,2}
  expected logits {-36,-26,-43,21,4,38,15,-53,93,2}
  mismatches: 0

============================================================
TEST: Host preload input image
============================================================
  case[85] = file_case_85
  UB bank0[0:783] loaded for current input image
  Full schedule: Conv1 -> Pool1 -> Conv2 -> Pool2 -> FC1 -> FC2
  expected logits {-20,1,-76,-35,95,9,-18,32,-24,30}

============================================================
TEST: TPU top end-to-end inference
============================================================
  case[85] = file_case_85
  stage=1 cycle=1 layer_state=0 pool_state=0
  stage=2 cycle=136104 layer_state=0 pool_state=0
  stage=3 cycle=155037 layer_state=0 pool_state=0
  stage=4 cycle=349186 layer_state=0 pool_state=0
  stage=5 cycle=352691 layer_state=0 pool_state=0
  stage=6 cycle=384815 layer_state=0 pool_state=0
  stage=0 cycle=386174 layer_state=0 pool_state=0
  TOP    : done=1 busy=0 error=0 state=13 stage=0 cycles=386174 err=0x00000000
  LAYER  : state=0 tile_state=0 spatial=0 oc_tile=4 k_tile=7
  POOL   : state=0 channel=9 row=0 col=0

============================================================
TEST: Host readback final logits
============================================================
  case[85] = file_case_85
  actual logits   {-20,1,-76,-35,95,9,-18,32,-24,30}
  expected logits {-20,1,-76,-35,95,9,-18,32,-24,30}
  mismatches: 0

============================================================
TEST: Host preload input image
============================================================
  case[86] = file_case_86
  UB bank0[0:783] loaded for current input image
  Full schedule: Conv1 -> Pool1 -> Conv2 -> Pool2 -> FC1 -> FC2
  expected logits {-20,-17,11,16,-43,-21,-102,75,21,23}

============================================================
TEST: TPU top end-to-end inference
============================================================
  case[86] = file_case_86
  stage=1 cycle=1 layer_state=0 pool_state=0
  stage=2 cycle=136104 layer_state=0 pool_state=0
  stage=3 cycle=155037 layer_state=0 pool_state=0
  stage=4 cycle=349186 layer_state=0 pool_state=0
  stage=5 cycle=352691 layer_state=0 pool_state=0
  stage=6 cycle=384815 layer_state=0 pool_state=0
  stage=0 cycle=386174 layer_state=0 pool_state=0
  TOP    : done=1 busy=0 error=0 state=13 stage=0 cycles=386174 err=0x00000000
  LAYER  : state=0 tile_state=0 spatial=0 oc_tile=4 k_tile=7
  POOL   : state=0 channel=9 row=0 col=0

============================================================
TEST: Host readback final logits
============================================================
  case[86] = file_case_86
  actual logits   {-20,-17,11,16,-43,-21,-102,75,21,23}
  expected logits {-20,-17,11,16,-43,-21,-102,75,21,23}
  mismatches: 0

============================================================
TEST: Host preload input image
============================================================
  case[87] = file_case_87
  UB bank0[0:783] loaded for current input image
  Full schedule: Conv1 -> Pool1 -> Conv2 -> Pool2 -> FC1 -> FC2
  expected logits {-39,-27,26,80,1,14,-78,11,10,-13}

============================================================
TEST: TPU top end-to-end inference
============================================================
  case[87] = file_case_87
  stage=1 cycle=1 layer_state=0 pool_state=0
  stage=2 cycle=136104 layer_state=0 pool_state=0
  stage=3 cycle=155037 layer_state=0 pool_state=0
  stage=4 cycle=349186 layer_state=0 pool_state=0
  stage=5 cycle=352691 layer_state=0 pool_state=0
  stage=6 cycle=384815 layer_state=0 pool_state=0
  stage=0 cycle=386174 layer_state=0 pool_state=0
  TOP    : done=1 busy=0 error=0 state=13 stage=0 cycles=386174 err=0x00000000
  LAYER  : state=0 tile_state=0 spatial=0 oc_tile=4 k_tile=7
  POOL   : state=0 channel=9 row=0 col=0

============================================================
TEST: Host readback final logits
============================================================
  case[87] = file_case_87
  actual logits   {-39,-27,26,80,1,14,-78,11,10,-13}
  expected logits {-39,-27,26,80,1,14,-78,11,10,-13}
  mismatches: 0

============================================================
TEST: Host preload input image
============================================================
  case[88] = file_case_88
  UB bank0[0:783] loaded for current input image
  Full schedule: Conv1 -> Pool1 -> Conv2 -> Pool2 -> FC1 -> FC2
  expected logits {4,-4,-4,-53,-15,15,103,-25,22,-67}

============================================================
TEST: TPU top end-to-end inference
============================================================
  case[88] = file_case_88
  stage=1 cycle=1 layer_state=0 pool_state=0
  stage=2 cycle=136104 layer_state=0 pool_state=0
  stage=3 cycle=155037 layer_state=0 pool_state=0
  stage=4 cycle=349186 layer_state=0 pool_state=0
  stage=5 cycle=352691 layer_state=0 pool_state=0
  stage=6 cycle=384815 layer_state=0 pool_state=0
  stage=0 cycle=386174 layer_state=0 pool_state=0
  TOP    : done=1 busy=0 error=0 state=13 stage=0 cycles=386174 err=0x00000000
  LAYER  : state=0 tile_state=0 spatial=0 oc_tile=4 k_tile=7
  POOL   : state=0 channel=9 row=0 col=0

============================================================
TEST: Host readback final logits
============================================================
  case[88] = file_case_88
  actual logits   {4,-4,-4,-53,-15,15,103,-25,22,-67}
  expected logits {4,-4,-4,-53,-15,15,103,-25,22,-67}
  mismatches: 0

============================================================
TEST: Host preload input image
============================================================
  case[89] = file_case_89
  UB bank0[0:783] loaded for current input image
  Full schedule: Conv1 -> Pool1 -> Conv2 -> Pool2 -> FC1 -> FC2
  expected logits {-26,42,-4,-11,7,-14,2,-10,8,-20}

============================================================
TEST: TPU top end-to-end inference
============================================================
  case[89] = file_case_89
  stage=1 cycle=1 layer_state=0 pool_state=0
  stage=2 cycle=136104 layer_state=0 pool_state=0
  stage=3 cycle=155037 layer_state=0 pool_state=0
  stage=4 cycle=349186 layer_state=0 pool_state=0
  stage=5 cycle=352691 layer_state=0 pool_state=0
  stage=6 cycle=384815 layer_state=0 pool_state=0
  stage=0 cycle=386174 layer_state=0 pool_state=0
  TOP    : done=1 busy=0 error=0 state=13 stage=0 cycles=386174 err=0x00000000
  LAYER  : state=0 tile_state=0 spatial=0 oc_tile=4 k_tile=7
  POOL   : state=0 channel=9 row=0 col=0

============================================================
TEST: Host readback final logits
============================================================
  case[89] = file_case_89
  actual logits   {-26,42,-4,-11,7,-14,2,-10,8,-20}
  expected logits {-26,42,-4,-11,7,-14,2,-10,8,-20}
  mismatches: 0

============================================================
TEST: Host preload input image
============================================================
  case[90] = file_case_90
  UB bank0[0:783] loaded for current input image
  Full schedule: Conv1 -> Pool1 -> Conv2 -> Pool2 -> FC1 -> FC2
  expected logits {-21,-47,-15,85,-60,30,-72,-10,38,32}

============================================================
TEST: TPU top end-to-end inference
============================================================
  case[90] = file_case_90
  stage=1 cycle=1 layer_state=0 pool_state=0
  stage=2 cycle=136104 layer_state=0 pool_state=0
  stage=3 cycle=155037 layer_state=0 pool_state=0
  stage=4 cycle=349186 layer_state=0 pool_state=0
  stage=5 cycle=352691 layer_state=0 pool_state=0
  stage=6 cycle=384815 layer_state=0 pool_state=0
  stage=0 cycle=386174 layer_state=0 pool_state=0
  TOP    : done=1 busy=0 error=0 state=13 stage=0 cycles=386174 err=0x00000000
  LAYER  : state=0 tile_state=0 spatial=0 oc_tile=4 k_tile=7
  POOL   : state=0 channel=9 row=0 col=0

============================================================
TEST: Host readback final logits
============================================================
  case[90] = file_case_90
  actual logits   {-21,-47,-15,85,-60,30,-72,-10,38,32}
  expected logits {-21,-47,-15,85,-60,30,-72,-10,38,32}
  mismatches: 0

============================================================
TEST: Host preload input image
============================================================
  case[91] = file_case_91
  UB bank0[0:783] loaded for current input image
  Full schedule: Conv1 -> Pool1 -> Conv2 -> Pool2 -> FC1 -> FC2
  expected logits {-11,-27,7,-8,-31,37,111,-67,33,-62}

============================================================
TEST: TPU top end-to-end inference
============================================================
  case[91] = file_case_91
  stage=1 cycle=1 layer_state=0 pool_state=0
  stage=2 cycle=136104 layer_state=0 pool_state=0
  stage=3 cycle=155037 layer_state=0 pool_state=0
  stage=4 cycle=349186 layer_state=0 pool_state=0
  stage=5 cycle=352691 layer_state=0 pool_state=0
  stage=6 cycle=384815 layer_state=0 pool_state=0
  stage=0 cycle=386174 layer_state=0 pool_state=0
  TOP    : done=1 busy=0 error=0 state=13 stage=0 cycles=386174 err=0x00000000
  LAYER  : state=0 tile_state=0 spatial=0 oc_tile=4 k_tile=7
  POOL   : state=0 channel=9 row=0 col=0

============================================================
TEST: Host readback final logits
============================================================
  case[91] = file_case_91
  actual logits   {-11,-27,7,-8,-31,37,111,-67,33,-62}
  expected logits {-11,-27,7,-8,-31,37,111,-67,33,-62}
  mismatches: 0

============================================================
TEST: Host preload input image
============================================================
  case[92] = file_case_92
  UB bank0[0:783] loaded for current input image
  Full schedule: Conv1 -> Pool1 -> Conv2 -> Pool2 -> FC1 -> FC2
  expected logits {-27,-12,-25,6,33,-25,-57,23,3,42}

============================================================
TEST: TPU top end-to-end inference
============================================================
  case[92] = file_case_92
  stage=1 cycle=1 layer_state=0 pool_state=0
  stage=2 cycle=136104 layer_state=0 pool_state=0
  stage=3 cycle=155037 layer_state=0 pool_state=0
  stage=4 cycle=349186 layer_state=0 pool_state=0
  stage=5 cycle=352691 layer_state=0 pool_state=0
  stage=6 cycle=384815 layer_state=0 pool_state=0
  stage=0 cycle=386174 layer_state=0 pool_state=0
  TOP    : done=1 busy=0 error=0 state=13 stage=0 cycles=386174 err=0x00000000
  LAYER  : state=0 tile_state=0 spatial=0 oc_tile=4 k_tile=7
  POOL   : state=0 channel=9 row=0 col=0

============================================================
TEST: Host readback final logits
============================================================
  case[92] = file_case_92
  actual logits   {-27,-12,-25,6,33,-25,-57,23,3,42}
  expected logits {-27,-12,-25,6,33,-25,-57,23,3,42}
  mismatches: 0

============================================================
TEST: Host preload input image
============================================================
  case[93] = file_case_93
  UB bank0[0:783] loaded for current input image
  Full schedule: Conv1 -> Pool1 -> Conv2 -> Pool2 -> FC1 -> FC2
  expected logits {-21,-14,-8,92,-15,9,-113,-1,14,46}

============================================================
TEST: TPU top end-to-end inference
============================================================
  case[93] = file_case_93
  stage=1 cycle=1 layer_state=0 pool_state=0
  stage=2 cycle=136104 layer_state=0 pool_state=0
  stage=3 cycle=155037 layer_state=0 pool_state=0
  stage=4 cycle=349186 layer_state=0 pool_state=0
  stage=5 cycle=352691 layer_state=0 pool_state=0
  stage=6 cycle=384815 layer_state=0 pool_state=0
  stage=0 cycle=386174 layer_state=0 pool_state=0
  TOP    : done=1 busy=0 error=0 state=13 stage=0 cycles=386174 err=0x00000000
  LAYER  : state=0 tile_state=0 spatial=0 oc_tile=4 k_tile=7
  POOL   : state=0 channel=9 row=0 col=0

============================================================
TEST: Host readback final logits
============================================================
  case[93] = file_case_93
  actual logits   {-21,-14,-8,92,-15,9,-113,-1,14,46}
  expected logits {-21,-14,-8,92,-15,9,-113,-1,14,46}
  mismatches: 0

============================================================
TEST: Host preload input image
============================================================
  case[94] = file_case_94
  UB bank0[0:783] loaded for current input image
  Full schedule: Conv1 -> Pool1 -> Conv2 -> Pool2 -> FC1 -> FC2
  expected logits {-13,74,5,-31,9,-4,16,-33,20,-39}

============================================================
TEST: TPU top end-to-end inference
============================================================
  case[94] = file_case_94
  stage=1 cycle=1 layer_state=0 pool_state=0
  stage=2 cycle=136104 layer_state=0 pool_state=0
  stage=3 cycle=155037 layer_state=0 pool_state=0
  stage=4 cycle=349186 layer_state=0 pool_state=0
  stage=5 cycle=352691 layer_state=0 pool_state=0
  stage=6 cycle=384815 layer_state=0 pool_state=0
  stage=0 cycle=386174 layer_state=0 pool_state=0
  TOP    : done=1 busy=0 error=0 state=13 stage=0 cycles=386174 err=0x00000000
  LAYER  : state=0 tile_state=0 spatial=0 oc_tile=4 k_tile=7
  POOL   : state=0 channel=9 row=0 col=0

============================================================
TEST: Host readback final logits
============================================================
  case[94] = file_case_94
  actual logits   {-13,74,5,-31,9,-4,16,-33,20,-39}
  expected logits {-13,74,5,-31,9,-4,16,-33,20,-39}
  mismatches: 0

============================================================
TEST: Host preload input image
============================================================
  case[95] = file_case_95
  UB bank0[0:783] loaded for current input image
  Full schedule: Conv1 -> Pool1 -> Conv2 -> Pool2 -> FC1 -> FC2
  expected logits {-9,-16,-56,-37,63,-24,20,-19,24,29}

============================================================
TEST: TPU top end-to-end inference
============================================================
  case[95] = file_case_95
  stage=1 cycle=1 layer_state=0 pool_state=0
  stage=2 cycle=136104 layer_state=0 pool_state=0
  stage=3 cycle=155037 layer_state=0 pool_state=0
  stage=4 cycle=349186 layer_state=0 pool_state=0
  stage=5 cycle=352691 layer_state=0 pool_state=0
  stage=6 cycle=384815 layer_state=0 pool_state=0
  stage=0 cycle=386174 layer_state=0 pool_state=0
  TOP    : done=1 busy=0 error=0 state=13 stage=0 cycles=386174 err=0x00000000
  LAYER  : state=0 tile_state=0 spatial=0 oc_tile=4 k_tile=7
  POOL   : state=0 channel=9 row=0 col=0

============================================================
TEST: Host readback final logits
============================================================
  case[95] = file_case_95
  actual logits   {-9,-16,-56,-37,63,-24,20,-19,24,29}
  expected logits {-9,-16,-56,-37,63,-24,20,-19,24,29}
  mismatches: 0

============================================================
TEST: Host preload input image
============================================================
  case[96] = file_case_96
  UB bank0[0:783] loaded for current input image
  Full schedule: Conv1 -> Pool1 -> Conv2 -> Pool2 -> FC1 -> FC2
  expected logits {-30,36,-10,3,10,0,-33,0,17,3}

============================================================
TEST: TPU top end-to-end inference
============================================================
  case[96] = file_case_96
  stage=1 cycle=1 layer_state=0 pool_state=0
  stage=2 cycle=136104 layer_state=0 pool_state=0
  stage=3 cycle=155037 layer_state=0 pool_state=0
  stage=4 cycle=349186 layer_state=0 pool_state=0
  stage=5 cycle=352691 layer_state=0 pool_state=0
  stage=6 cycle=384815 layer_state=0 pool_state=0
  stage=0 cycle=386174 layer_state=0 pool_state=0
  TOP    : done=1 busy=0 error=0 state=13 stage=0 cycles=386174 err=0x00000000
  LAYER  : state=0 tile_state=0 spatial=0 oc_tile=4 k_tile=7
  POOL   : state=0 channel=9 row=0 col=0

============================================================
TEST: Host readback final logits
============================================================
  case[96] = file_case_96
  actual logits   {-30,36,-10,3,10,0,-33,0,17,3}
  expected logits {-30,36,-10,3,10,0,-33,0,17,3}
  mismatches: 0

============================================================
TEST: Host preload input image
============================================================
  case[97] = file_case_97
  UB bank0[0:783] loaded for current input image
  Full schedule: Conv1 -> Pool1 -> Conv2 -> Pool2 -> FC1 -> FC2
  expected logits {-28,-11,19,19,-36,-24,-71,75,1,-26}

============================================================
TEST: TPU top end-to-end inference
============================================================
  case[97] = file_case_97
  stage=1 cycle=1 layer_state=0 pool_state=0
  stage=2 cycle=136104 layer_state=0 pool_state=0
  stage=3 cycle=155037 layer_state=0 pool_state=0
  stage=4 cycle=349186 layer_state=0 pool_state=0
  stage=5 cycle=352691 layer_state=0 pool_state=0
  stage=6 cycle=384815 layer_state=0 pool_state=0
  stage=0 cycle=386174 layer_state=0 pool_state=0
  TOP    : done=1 busy=0 error=0 state=13 stage=0 cycles=386174 err=0x00000000
  LAYER  : state=0 tile_state=0 spatial=0 oc_tile=4 k_tile=7
  POOL   : state=0 channel=9 row=0 col=0

============================================================
TEST: Host readback final logits
============================================================
  case[97] = file_case_97
  actual logits   {-28,-11,19,19,-36,-24,-71,75,1,-26}
  expected logits {-28,-11,19,19,-36,-24,-71,75,1,-26}
  mismatches: 0

============================================================
TEST: Host preload input image
============================================================
  case[98] = file_case_98
  UB bank0[0:783] loaded for current input image
  Full schedule: Conv1 -> Pool1 -> Conv2 -> Pool2 -> FC1 -> FC2
  expected logits {19,-6,17,-44,-20,49,86,-62,27,-44}

============================================================
TEST: TPU top end-to-end inference
============================================================
  case[98] = file_case_98
  stage=1 cycle=1 layer_state=0 pool_state=0
  stage=2 cycle=136104 layer_state=0 pool_state=0
  stage=3 cycle=155037 layer_state=0 pool_state=0
  stage=4 cycle=349186 layer_state=0 pool_state=0
  stage=5 cycle=352691 layer_state=0 pool_state=0
  stage=6 cycle=384815 layer_state=0 pool_state=0
  stage=0 cycle=386174 layer_state=0 pool_state=0
  TOP    : done=1 busy=0 error=0 state=13 stage=0 cycles=386174 err=0x00000000
  LAYER  : state=0 tile_state=0 spatial=0 oc_tile=4 k_tile=7
  POOL   : state=0 channel=9 row=0 col=0

============================================================
TEST: Host readback final logits
============================================================
  case[98] = file_case_98
  actual logits   {19,-6,17,-44,-20,49,86,-62,27,-44}
  expected logits {19,-6,17,-44,-20,49,86,-62,27,-44}
  mismatches: 0

============================================================
TEST: Host preload input image
============================================================
  case[99] = file_case_99
  UB bank0[0:783] loaded for current input image
  Full schedule: Conv1 -> Pool1 -> Conv2 -> Pool2 -> FC1 -> FC2
  expected logits {-10,-72,-47,7,16,-6,-46,20,7,90}

============================================================
TEST: TPU top end-to-end inference
============================================================
  case[99] = file_case_99
  stage=1 cycle=1 layer_state=0 pool_state=0
  stage=2 cycle=136104 layer_state=0 pool_state=0
  stage=3 cycle=155037 layer_state=0 pool_state=0
  stage=4 cycle=349186 layer_state=0 pool_state=0
  stage=5 cycle=352691 layer_state=0 pool_state=0
  stage=6 cycle=384815 layer_state=0 pool_state=0
  stage=0 cycle=386174 layer_state=0 pool_state=0
  TOP    : done=1 busy=0 error=0 state=13 stage=0 cycles=386174 err=0x00000000
  LAYER  : state=0 tile_state=0 spatial=0 oc_tile=4 k_tile=7
  POOL   : state=0 channel=9 row=0 col=0

============================================================
TEST: Host readback final logits
============================================================
  case[99] = file_case_99
  actual logits   {-10,-72,-47,7,16,-6,-46,20,7,90}
  expected logits {-10,-72,-47,7,16,-6,-46,20,7,90}
  mismatches: 0

============================================================
TEST: Host preload input image
============================================================
  case[100] = file_case_100
  UB bank0[0:783] loaded for current input image
  Full schedule: Conv1 -> Pool1 -> Conv2 -> Pool2 -> FC1 -> FC2
  expected logits {15,12,-7,-45,-27,13,91,-45,38,-52}

============================================================
TEST: TPU top end-to-end inference
============================================================
  case[100] = file_case_100
  stage=1 cycle=1 layer_state=0 pool_state=0
  stage=2 cycle=136104 layer_state=0 pool_state=0
  stage=3 cycle=155037 layer_state=0 pool_state=0
  stage=4 cycle=349186 layer_state=0 pool_state=0
  stage=5 cycle=352691 layer_state=0 pool_state=0
  stage=6 cycle=384815 layer_state=0 pool_state=0
  stage=0 cycle=386174 layer_state=0 pool_state=0
  TOP    : done=1 busy=0 error=0 state=13 stage=0 cycles=386174 err=0x00000000
  LAYER  : state=0 tile_state=0 spatial=0 oc_tile=4 k_tile=7
  POOL   : state=0 channel=9 row=0 col=0

============================================================
TEST: Host readback final logits
============================================================
  case[100] = file_case_100
  actual logits   {15,12,-7,-45,-27,13,91,-45,38,-52}
  expected logits {15,12,-7,-45,-27,13,91,-45,38,-52}
  mismatches: 0

============================================================
TEST: Host preload input image
============================================================
  case[101] = file_case_101
  UB bank0[0:783] loaded for current input image
  Full schedule: Conv1 -> Pool1 -> Conv2 -> Pool2 -> FC1 -> FC2
  expected logits {81,3,-24,-66,-33,3,33,10,-25,-1}

============================================================
TEST: TPU top end-to-end inference
============================================================
  case[101] = file_case_101
  stage=1 cycle=1 layer_state=0 pool_state=0
  stage=2 cycle=136104 layer_state=0 pool_state=0
  stage=3 cycle=155037 layer_state=0 pool_state=0
  stage=4 cycle=349186 layer_state=0 pool_state=0
  stage=5 cycle=352691 layer_state=0 pool_state=0
  stage=6 cycle=384815 layer_state=0 pool_state=0
  stage=0 cycle=386174 layer_state=0 pool_state=0
  TOP    : done=1 busy=0 error=0 state=13 stage=0 cycles=386174 err=0x00000000
  LAYER  : state=0 tile_state=0 spatial=0 oc_tile=4 k_tile=7
  POOL   : state=0 channel=9 row=0 col=0

============================================================
TEST: Host readback final logits
============================================================
  case[101] = file_case_101
  actual logits   {81,3,-24,-66,-33,3,33,10,-25,-1}
  expected logits {81,3,-24,-66,-33,3,33,10,-25,-1}
  mismatches: 0

============================================================
TEST: Host preload input image
============================================================
  case[102] = file_case_102
  UB bank0[0:783] loaded for current input image
  Full schedule: Conv1 -> Pool1 -> Conv2 -> Pool2 -> FC1 -> FC2
  expected logits {-46,-60,-60,55,-34,111,-49,-6,43,45}

============================================================
TEST: TPU top end-to-end inference
============================================================
  case[102] = file_case_102
  stage=1 cycle=1 layer_state=0 pool_state=0
  stage=2 cycle=136104 layer_state=0 pool_state=0
  stage=3 cycle=155037 layer_state=0 pool_state=0
  stage=4 cycle=349186 layer_state=0 pool_state=0
  stage=5 cycle=352691 layer_state=0 pool_state=0
  stage=6 cycle=384815 layer_state=0 pool_state=0
  stage=0 cycle=386174 layer_state=0 pool_state=0
  TOP    : done=1 busy=0 error=0 state=13 stage=0 cycles=386174 err=0x00000000
  LAYER  : state=0 tile_state=0 spatial=0 oc_tile=4 k_tile=7
  POOL   : state=0 channel=9 row=0 col=0

============================================================
TEST: Host readback final logits
============================================================
  case[102] = file_case_102
  actual logits   {-46,-60,-60,55,-34,111,-49,-6,43,45}
  expected logits {-46,-60,-60,55,-34,111,-49,-6,43,45}
  mismatches: 0

============================================================
TEST: Host preload input image
============================================================
  case[103] = file_case_103
  UB bank0[0:783] loaded for current input image
  Full schedule: Conv1 -> Pool1 -> Conv2 -> Pool2 -> FC1 -> FC2
  expected logits {-15,-9,-28,-27,116,-13,0,4,-17,4}

============================================================
TEST: TPU top end-to-end inference
============================================================
  case[103] = file_case_103
  stage=1 cycle=1 layer_state=0 pool_state=0
  stage=2 cycle=136104 layer_state=0 pool_state=0
  stage=3 cycle=155037 layer_state=0 pool_state=0
  stage=4 cycle=349186 layer_state=0 pool_state=0
  stage=5 cycle=352691 layer_state=0 pool_state=0
  stage=6 cycle=384815 layer_state=0 pool_state=0
  stage=0 cycle=386174 layer_state=0 pool_state=0
  TOP    : done=1 busy=0 error=0 state=13 stage=0 cycles=386174 err=0x00000000
  LAYER  : state=0 tile_state=0 spatial=0 oc_tile=4 k_tile=7
  POOL   : state=0 channel=9 row=0 col=0

============================================================
TEST: Host readback final logits
============================================================
  case[103] = file_case_103
  actual logits   {-15,-9,-28,-27,116,-13,0,4,-17,4}
  expected logits {-15,-9,-28,-27,116,-13,0,4,-17,4}
  mismatches: 0

============================================================
TEST: Host preload input image
============================================================
  case[104] = file_case_104
  UB bank0[0:783] loaded for current input image
  Full schedule: Conv1 -> Pool1 -> Conv2 -> Pool2 -> FC1 -> FC2
  expected logits {-46,-83,-46,30,2,42,-32,19,12,67}

============================================================
TEST: TPU top end-to-end inference
============================================================
  case[104] = file_case_104
  stage=1 cycle=1 layer_state=0 pool_state=0
  stage=2 cycle=136104 layer_state=0 pool_state=0
  stage=3 cycle=155037 layer_state=0 pool_state=0
  stage=4 cycle=349186 layer_state=0 pool_state=0
  stage=5 cycle=352691 layer_state=0 pool_state=0
  stage=6 cycle=384815 layer_state=0 pool_state=0
  stage=0 cycle=386174 layer_state=0 pool_state=0
  TOP    : done=1 busy=0 error=0 state=13 stage=0 cycles=386174 err=0x00000000
  LAYER  : state=0 tile_state=0 spatial=0 oc_tile=4 k_tile=7
  POOL   : state=0 channel=9 row=0 col=0

============================================================
TEST: Host readback final logits
============================================================
  case[104] = file_case_104
  actual logits   {-46,-83,-46,30,2,42,-32,19,12,67}
  expected logits {-46,-83,-46,30,2,42,-32,19,12,67}
  mismatches: 0

============================================================
TEST: Host preload input image
============================================================
  case[105] = file_case_105
  UB bank0[0:783] loaded for current input image
  Full schedule: Conv1 -> Pool1 -> Conv2 -> Pool2 -> FC1 -> FC2
  expected logits {-20,-78,-45,16,13,6,-53,15,19,91}

============================================================
TEST: TPU top end-to-end inference
============================================================
  case[105] = file_case_105
  stage=1 cycle=1 layer_state=0 pool_state=0
  stage=2 cycle=136104 layer_state=0 pool_state=0
  stage=3 cycle=155037 layer_state=0 pool_state=0
  stage=4 cycle=349186 layer_state=0 pool_state=0
  stage=5 cycle=352691 layer_state=0 pool_state=0
  stage=6 cycle=384815 layer_state=0 pool_state=0
  stage=0 cycle=386174 layer_state=0 pool_state=0
  TOP    : done=1 busy=0 error=0 state=13 stage=0 cycles=386174 err=0x00000000
  LAYER  : state=0 tile_state=0 spatial=0 oc_tile=4 k_tile=7
  POOL   : state=0 channel=9 row=0 col=0

============================================================
TEST: Host readback final logits
============================================================
  case[105] = file_case_105
  actual logits   {-20,-78,-45,16,13,6,-53,15,19,91}
  expected logits {-20,-78,-45,16,13,6,-53,15,19,91}
  mismatches: 0

============================================================
TEST: Host preload input image
============================================================
  case[106] = file_case_106
  UB bank0[0:783] loaded for current input image
  Full schedule: Conv1 -> Pool1 -> Conv2 -> Pool2 -> FC1 -> FC2
  expected logits {7,-25,108,-13,-41,-55,-27,24,21,-34}

============================================================
TEST: TPU top end-to-end inference
============================================================
  case[106] = file_case_106
  stage=1 cycle=1 layer_state=0 pool_state=0
  stage=2 cycle=136104 layer_state=0 pool_state=0
  stage=3 cycle=155037 layer_state=0 pool_state=0
  stage=4 cycle=349186 layer_state=0 pool_state=0
  stage=5 cycle=352691 layer_state=0 pool_state=0
  stage=6 cycle=384815 layer_state=0 pool_state=0
  stage=0 cycle=386174 layer_state=0 pool_state=0
  TOP    : done=1 busy=0 error=0 state=13 stage=0 cycles=386174 err=0x00000000
  LAYER  : state=0 tile_state=0 spatial=0 oc_tile=4 k_tile=7
  POOL   : state=0 channel=9 row=0 col=0

============================================================
TEST: Host readback final logits
============================================================
  case[106] = file_case_106
  actual logits   {7,-25,108,-13,-41,-55,-27,24,21,-34}
  expected logits {7,-25,108,-13,-41,-55,-27,24,21,-34}
  mismatches: 0

============================================================
TEST: Host preload input image
============================================================
  case[107] = file_case_107
  UB bank0[0:783] loaded for current input image
  Full schedule: Conv1 -> Pool1 -> Conv2 -> Pool2 -> FC1 -> FC2
  expected logits {2,48,-8,-36,3,-30,12,-7,12,-17}

============================================================
TEST: TPU top end-to-end inference
============================================================
  case[107] = file_case_107
  stage=1 cycle=1 layer_state=0 pool_state=0
  stage=2 cycle=136104 layer_state=0 pool_state=0
  stage=3 cycle=155037 layer_state=0 pool_state=0
  stage=4 cycle=349186 layer_state=0 pool_state=0
  stage=5 cycle=352691 layer_state=0 pool_state=0
  stage=6 cycle=384815 layer_state=0 pool_state=0
  stage=0 cycle=386174 layer_state=0 pool_state=0
  TOP    : done=1 busy=0 error=0 state=13 stage=0 cycles=386174 err=0x00000000
  LAYER  : state=0 tile_state=0 spatial=0 oc_tile=4 k_tile=7
  POOL   : state=0 channel=9 row=0 col=0

============================================================
TEST: Host readback final logits
============================================================
  case[107] = file_case_107
  actual logits   {2,48,-8,-36,3,-30,12,-7,12,-17}
  expected logits {2,48,-8,-36,3,-30,12,-7,12,-17}
  mismatches: 0

============================================================
TEST: Host preload input image
============================================================
  case[108] = file_case_108
  UB bank0[0:783] loaded for current input image
  Full schedule: Conv1 -> Pool1 -> Conv2 -> Pool2 -> FC1 -> FC2
  expected logits {-47,-35,-23,-5,35,19,-89,16,30,83}

============================================================
TEST: TPU top end-to-end inference
============================================================
  case[108] = file_case_108
  stage=1 cycle=1 layer_state=0 pool_state=0
  stage=2 cycle=136104 layer_state=0 pool_state=0
  stage=3 cycle=155037 layer_state=0 pool_state=0
  stage=4 cycle=349186 layer_state=0 pool_state=0
  stage=5 cycle=352691 layer_state=0 pool_state=0
  stage=6 cycle=384815 layer_state=0 pool_state=0
  stage=0 cycle=386174 layer_state=0 pool_state=0
  TOP    : done=1 busy=0 error=0 state=13 stage=0 cycles=386174 err=0x00000000
  LAYER  : state=0 tile_state=0 spatial=0 oc_tile=4 k_tile=7
  POOL   : state=0 channel=9 row=0 col=0

============================================================
TEST: Host readback final logits
============================================================
  case[108] = file_case_108
  actual logits   {-47,-35,-23,-5,35,19,-89,16,30,83}
  expected logits {-47,-35,-23,-5,35,19,-89,16,30,83}
  mismatches: 0

============================================================
TEST: Host preload input image
============================================================
  case[109] = file_case_109
  UB bank0[0:783] loaded for current input image
  Full schedule: Conv1 -> Pool1 -> Conv2 -> Pool2 -> FC1 -> FC2
  expected logits {-15,19,-22,-51,94,-49,8,13,-1,-12}

============================================================
TEST: TPU top end-to-end inference
============================================================
  case[109] = file_case_109
  stage=1 cycle=1 layer_state=0 pool_state=0
  stage=2 cycle=136104 layer_state=0 pool_state=0
  stage=3 cycle=155037 layer_state=0 pool_state=0
  stage=4 cycle=349186 layer_state=0 pool_state=0
  stage=5 cycle=352691 layer_state=0 pool_state=0
  stage=6 cycle=384815 layer_state=0 pool_state=0
  stage=0 cycle=386174 layer_state=0 pool_state=0
  TOP    : done=1 busy=0 error=0 state=13 stage=0 cycles=386174 err=0x00000000
  LAYER  : state=0 tile_state=0 spatial=0 oc_tile=4 k_tile=7
  POOL   : state=0 channel=9 row=0 col=0

============================================================
TEST: Host readback final logits
============================================================
  case[109] = file_case_109
  actual logits   {-15,19,-22,-51,94,-49,8,13,-1,-12}
  expected logits {-15,19,-22,-51,94,-49,8,13,-1,-12}
  mismatches: 0

============================================================
TEST: Host preload input image
============================================================
  case[110] = file_case_110
  UB bank0[0:783] loaded for current input image
  Full schedule: Conv1 -> Pool1 -> Conv2 -> Pool2 -> FC1 -> FC2
  expected logits {-20,-26,15,21,-53,19,-5,-58,113,-14}

============================================================
TEST: TPU top end-to-end inference
============================================================
  case[110] = file_case_110
  stage=1 cycle=1 layer_state=0 pool_state=0
  stage=2 cycle=136104 layer_state=0 pool_state=0
  stage=3 cycle=155037 layer_state=0 pool_state=0
  stage=4 cycle=349186 layer_state=0 pool_state=0
  stage=5 cycle=352691 layer_state=0 pool_state=0
  stage=6 cycle=384815 layer_state=0 pool_state=0
  stage=0 cycle=386174 layer_state=0 pool_state=0
  TOP    : done=1 busy=0 error=0 state=13 stage=0 cycles=386174 err=0x00000000
  LAYER  : state=0 tile_state=0 spatial=0 oc_tile=4 k_tile=7
  POOL   : state=0 channel=9 row=0 col=0

============================================================
TEST: Host readback final logits
============================================================
  case[110] = file_case_110
  actual logits   {-20,-26,15,21,-53,19,-5,-58,113,-14}
  expected logits {-20,-26,15,21,-53,19,-5,-58,113,-14}
  mismatches: 0

============================================================
TEST: Host preload input image
============================================================
  case[111] = file_case_111
  UB bank0[0:783] loaded for current input image
  Full schedule: Conv1 -> Pool1 -> Conv2 -> Pool2 -> FC1 -> FC2
  expected logits {-22,24,27,15,-45,-47,-82,55,6,10}

============================================================
TEST: TPU top end-to-end inference
============================================================
  case[111] = file_case_111
  stage=1 cycle=1 layer_state=0 pool_state=0
  stage=2 cycle=136104 layer_state=0 pool_state=0
  stage=3 cycle=155037 layer_state=0 pool_state=0
  stage=4 cycle=349186 layer_state=0 pool_state=0
  stage=5 cycle=352691 layer_state=0 pool_state=0
  stage=6 cycle=384815 layer_state=0 pool_state=0
  stage=0 cycle=386174 layer_state=0 pool_state=0
  TOP    : done=1 busy=0 error=0 state=13 stage=0 cycles=386174 err=0x00000000
  LAYER  : state=0 tile_state=0 spatial=0 oc_tile=4 k_tile=7
  POOL   : state=0 channel=9 row=0 col=0

============================================================
TEST: Host readback final logits
============================================================
  case[111] = file_case_111
  actual logits   {-22,24,27,15,-45,-47,-82,55,6,10}
  expected logits {-22,24,27,15,-45,-47,-82,55,6,10}
  mismatches: 0

============================================================
TEST: Host preload input image
============================================================
  case[112] = file_case_112
  UB bank0[0:783] loaded for current input image
  Full schedule: Conv1 -> Pool1 -> Conv2 -> Pool2 -> FC1 -> FC2
  expected logits {-50,-26,3,103,-31,25,-61,-21,21,10}

============================================================
TEST: TPU top end-to-end inference
============================================================
  case[112] = file_case_112
  stage=1 cycle=1 layer_state=0 pool_state=0
  stage=2 cycle=136104 layer_state=0 pool_state=0
  stage=3 cycle=155037 layer_state=0 pool_state=0
  stage=4 cycle=349186 layer_state=0 pool_state=0
  stage=5 cycle=352691 layer_state=0 pool_state=0
  stage=6 cycle=384815 layer_state=0 pool_state=0
  stage=0 cycle=386174 layer_state=0 pool_state=0
  TOP    : done=1 busy=0 error=0 state=13 stage=0 cycles=386174 err=0x00000000
  LAYER  : state=0 tile_state=0 spatial=0 oc_tile=4 k_tile=7
  POOL   : state=0 channel=9 row=0 col=0

============================================================
TEST: Host readback final logits
============================================================
  case[112] = file_case_112
  actual logits   {-50,-26,3,103,-31,25,-61,-21,21,10}
  expected logits {-50,-26,3,103,-31,25,-61,-21,21,10}
  mismatches: 0

============================================================
TEST: Host preload input image
============================================================
  case[113] = file_case_113
  UB bank0[0:783] loaded for current input image
  Full schedule: Conv1 -> Pool1 -> Conv2 -> Pool2 -> FC1 -> FC2
  expected logits {-26,-62,-42,22,3,-4,-62,6,31,81}

============================================================
TEST: TPU top end-to-end inference
============================================================
  case[113] = file_case_113
  stage=1 cycle=1 layer_state=0 pool_state=0
  stage=2 cycle=136104 layer_state=0 pool_state=0
  stage=3 cycle=155037 layer_state=0 pool_state=0
  stage=4 cycle=349186 layer_state=0 pool_state=0
  stage=5 cycle=352691 layer_state=0 pool_state=0
  stage=6 cycle=384815 layer_state=0 pool_state=0
  stage=0 cycle=386174 layer_state=0 pool_state=0
  TOP    : done=1 busy=0 error=0 state=13 stage=0 cycles=386174 err=0x00000000
  LAYER  : state=0 tile_state=0 spatial=0 oc_tile=4 k_tile=7
  POOL   : state=0 channel=9 row=0 col=0

============================================================
TEST: Host readback final logits
============================================================
  case[113] = file_case_113
  actual logits   {-26,-62,-42,22,3,-4,-62,6,31,81}
  expected logits {-26,-62,-42,22,3,-4,-62,6,31,81}
  mismatches: 0

============================================================
TEST: Host preload input image
============================================================
  case[114] = file_case_114
  UB bank0[0:783] loaded for current input image
  Full schedule: Conv1 -> Pool1 -> Conv2 -> Pool2 -> FC1 -> FC2
  expected logits {-46,-16,31,21,-32,-13,-86,92,-15,-24}

============================================================
TEST: TPU top end-to-end inference
============================================================
  case[114] = file_case_114
  stage=1 cycle=1 layer_state=0 pool_state=0
  stage=2 cycle=136104 layer_state=0 pool_state=0
  stage=3 cycle=155037 layer_state=0 pool_state=0
  stage=4 cycle=349186 layer_state=0 pool_state=0
  stage=5 cycle=352691 layer_state=0 pool_state=0
  stage=6 cycle=384815 layer_state=0 pool_state=0
  stage=0 cycle=386174 layer_state=0 pool_state=0
  TOP    : done=1 busy=0 error=0 state=13 stage=0 cycles=386174 err=0x00000000
  LAYER  : state=0 tile_state=0 spatial=0 oc_tile=4 k_tile=7
  POOL   : state=0 channel=9 row=0 col=0

============================================================
TEST: Host readback final logits
============================================================
  case[114] = file_case_114
  actual logits   {-46,-16,31,21,-32,-13,-86,92,-15,-24}
  expected logits {-46,-16,31,21,-32,-13,-86,92,-15,-24}
  mismatches: 0

============================================================
TEST: Host preload input image
============================================================
  case[115] = file_case_115
  UB bank0[0:783] loaded for current input image
  Full schedule: Conv1 -> Pool1 -> Conv2 -> Pool2 -> FC1 -> FC2
  expected logits {-24,-6,-28,-20,51,-21,-11,-9,3,36}

============================================================
TEST: TPU top end-to-end inference
============================================================
  case[115] = file_case_115
  stage=1 cycle=1 layer_state=0 pool_state=0
  stage=2 cycle=136104 layer_state=0 pool_state=0
  stage=3 cycle=155037 layer_state=0 pool_state=0
  stage=4 cycle=349186 layer_state=0 pool_state=0
  stage=5 cycle=352691 layer_state=0 pool_state=0
  stage=6 cycle=384815 layer_state=0 pool_state=0
  stage=0 cycle=386174 layer_state=0 pool_state=0
  TOP    : done=1 busy=0 error=0 state=13 stage=0 cycles=386174 err=0x00000000
  LAYER  : state=0 tile_state=0 spatial=0 oc_tile=4 k_tile=7
  POOL   : state=0 channel=9 row=0 col=0

============================================================
TEST: Host readback final logits
============================================================
  case[115] = file_case_115
  actual logits   {-24,-6,-28,-20,51,-21,-11,-9,3,36}
  expected logits {-24,-6,-28,-20,51,-21,-11,-9,3,36}
  mismatches: 0

============================================================
TEST: Host preload input image
============================================================
  case[116] = file_case_116
  UB bank0[0:783] loaded for current input image
  Full schedule: Conv1 -> Pool1 -> Conv2 -> Pool2 -> FC1 -> FC2
  expected logits {-35,16,-45,-21,81,-21,-23,6,-11,32}

============================================================
TEST: TPU top end-to-end inference
============================================================
  case[116] = file_case_116
  stage=1 cycle=1 layer_state=0 pool_state=0
  stage=2 cycle=136104 layer_state=0 pool_state=0
  stage=3 cycle=155037 layer_state=0 pool_state=0
  stage=4 cycle=349186 layer_state=0 pool_state=0
  stage=5 cycle=352691 layer_state=0 pool_state=0
  stage=6 cycle=384815 layer_state=0 pool_state=0
  stage=0 cycle=386174 layer_state=0 pool_state=0
  TOP    : done=1 busy=0 error=0 state=13 stage=0 cycles=386174 err=0x00000000
  LAYER  : state=0 tile_state=0 spatial=0 oc_tile=4 k_tile=7
  POOL   : state=0 channel=9 row=0 col=0

============================================================
TEST: Host readback final logits
============================================================
  case[116] = file_case_116
  actual logits   {-35,16,-45,-21,81,-21,-23,6,-11,32}
  expected logits {-35,16,-45,-21,81,-21,-23,6,-11,32}
  mismatches: 0

============================================================
TEST: Host preload input image
============================================================
  case[117] = file_case_117
  UB bank0[0:783] loaded for current input image
  Full schedule: Conv1 -> Pool1 -> Conv2 -> Pool2 -> FC1 -> FC2
  expected logits {-13,1,-47,-37,94,-14,1,5,0,10}

============================================================
TEST: TPU top end-to-end inference
============================================================
  case[117] = file_case_117
  stage=1 cycle=1 layer_state=0 pool_state=0
  stage=2 cycle=136104 layer_state=0 pool_state=0
  stage=3 cycle=155037 layer_state=0 pool_state=0
  stage=4 cycle=349186 layer_state=0 pool_state=0
  stage=5 cycle=352691 layer_state=0 pool_state=0
  stage=6 cycle=384815 layer_state=0 pool_state=0
  stage=0 cycle=386174 layer_state=0 pool_state=0
  TOP    : done=1 busy=0 error=0 state=13 stage=0 cycles=386174 err=0x00000000
  LAYER  : state=0 tile_state=0 spatial=0 oc_tile=4 k_tile=7
  POOL   : state=0 channel=9 row=0 col=0

============================================================
TEST: Host readback final logits
============================================================
  case[117] = file_case_117
  actual logits   {-13,1,-47,-37,94,-14,1,5,0,10}
  expected logits {-13,1,-47,-37,94,-14,1,5,0,10}
  mismatches: 0

============================================================
TEST: Host preload input image
============================================================
  case[118] = file_case_118
  UB bank0[0:783] loaded for current input image
  Full schedule: Conv1 -> Pool1 -> Conv2 -> Pool2 -> FC1 -> FC2
  expected logits {-15,-29,-18,-12,26,-23,-50,16,7,61}

============================================================
TEST: TPU top end-to-end inference
============================================================
  case[118] = file_case_118
  stage=1 cycle=1 layer_state=0 pool_state=0
  stage=2 cycle=136104 layer_state=0 pool_state=0
  stage=3 cycle=155037 layer_state=0 pool_state=0
  stage=4 cycle=349186 layer_state=0 pool_state=0
  stage=5 cycle=352691 layer_state=0 pool_state=0
  stage=6 cycle=384815 layer_state=0 pool_state=0
  stage=0 cycle=386174 layer_state=0 pool_state=0
  TOP    : done=1 busy=0 error=0 state=13 stage=0 cycles=386174 err=0x00000000
  LAYER  : state=0 tile_state=0 spatial=0 oc_tile=4 k_tile=7
  POOL   : state=0 channel=9 row=0 col=0

============================================================
TEST: Host readback final logits
============================================================
  case[118] = file_case_118
  actual logits   {-15,-29,-18,-12,26,-23,-50,16,7,61}
  expected logits {-15,-29,-18,-12,26,-23,-50,16,7,61}
  mismatches: 0

============================================================
TEST: Host preload input image
============================================================
  case[119] = file_case_119
  UB bank0[0:783] loaded for current input image
  Full schedule: Conv1 -> Pool1 -> Conv2 -> Pool2 -> FC1 -> FC2
  expected logits {7,-12,57,2,-15,-36,-67,37,3,6}

============================================================
TEST: TPU top end-to-end inference
============================================================
  case[119] = file_case_119
  stage=1 cycle=1 layer_state=0 pool_state=0
  stage=2 cycle=136104 layer_state=0 pool_state=0
  stage=3 cycle=155037 layer_state=0 pool_state=0
  stage=4 cycle=349186 layer_state=0 pool_state=0
  stage=5 cycle=352691 layer_state=0 pool_state=0
  stage=6 cycle=384815 layer_state=0 pool_state=0
  stage=0 cycle=386174 layer_state=0 pool_state=0
  TOP    : done=1 busy=0 error=0 state=13 stage=0 cycles=386174 err=0x00000000
  LAYER  : state=0 tile_state=0 spatial=0 oc_tile=4 k_tile=7
  POOL   : state=0 channel=9 row=0 col=0

============================================================
TEST: Host readback final logits
============================================================
  case[119] = file_case_119
  actual logits   {7,-12,57,2,-15,-36,-67,37,3,6}
  expected logits {7,-12,57,2,-15,-36,-67,37,3,6}
  mismatches: 0

============================================================
TEST: Host preload input image
============================================================
  case[120] = file_case_120
  UB bank0[0:783] loaded for current input image
  Full schedule: Conv1 -> Pool1 -> Conv2 -> Pool2 -> FC1 -> FC2
  expected logits {-64,-57,-42,35,-26,121,-21,-33,51,37}

============================================================
TEST: TPU top end-to-end inference
============================================================
  case[120] = file_case_120
  stage=1 cycle=1 layer_state=0 pool_state=0
  stage=2 cycle=136104 layer_state=0 pool_state=0
  stage=3 cycle=155037 layer_state=0 pool_state=0
  stage=4 cycle=349186 layer_state=0 pool_state=0
  stage=5 cycle=352691 layer_state=0 pool_state=0
  stage=6 cycle=384815 layer_state=0 pool_state=0
  stage=0 cycle=386174 layer_state=0 pool_state=0
  TOP    : done=1 busy=0 error=0 state=13 stage=0 cycles=386174 err=0x00000000
  LAYER  : state=0 tile_state=0 spatial=0 oc_tile=4 k_tile=7
  POOL   : state=0 channel=9 row=0 col=0

============================================================
TEST: Host readback final logits
============================================================
  case[120] = file_case_120
  actual logits   {-64,-57,-42,35,-26,121,-21,-33,51,37}
  expected logits {-64,-57,-42,35,-26,121,-21,-33,51,37}
  mismatches: 0

============================================================
TEST: Host preload input image
============================================================
  case[121] = file_case_121
  UB bank0[0:783] loaded for current input image
  Full schedule: Conv1 -> Pool1 -> Conv2 -> Pool2 -> FC1 -> FC2
  expected logits {1,8,-28,-62,67,-56,15,2,25,11}

============================================================
TEST: TPU top end-to-end inference
============================================================
  case[121] = file_case_121
  stage=1 cycle=1 layer_state=0 pool_state=0
  stage=2 cycle=136104 layer_state=0 pool_state=0
  stage=3 cycle=155037 layer_state=0 pool_state=0
  stage=4 cycle=349186 layer_state=0 pool_state=0
  stage=5 cycle=352691 layer_state=0 pool_state=0
  stage=6 cycle=384815 layer_state=0 pool_state=0
  stage=0 cycle=386174 layer_state=0 pool_state=0
  TOP    : done=1 busy=0 error=0 state=13 stage=0 cycles=386174 err=0x00000000
  LAYER  : state=0 tile_state=0 spatial=0 oc_tile=4 k_tile=7
  POOL   : state=0 channel=9 row=0 col=0

============================================================
TEST: Host readback final logits
============================================================
  case[121] = file_case_121
  actual logits   {1,8,-28,-62,67,-56,15,2,25,11}
  expected logits {1,8,-28,-62,67,-56,15,2,25,11}
  mismatches: 0

============================================================
TEST: Host preload input image
============================================================
  case[122] = file_case_122
  UB bank0[0:783] loaded for current input image
  Full schedule: Conv1 -> Pool1 -> Conv2 -> Pool2 -> FC1 -> FC2
  expected logits {-24,-5,10,13,-31,-14,-102,80,1,13}

============================================================
TEST: TPU top end-to-end inference
============================================================
  case[122] = file_case_122
  stage=1 cycle=1 layer_state=0 pool_state=0
  stage=2 cycle=136104 layer_state=0 pool_state=0
  stage=3 cycle=155037 layer_state=0 pool_state=0
  stage=4 cycle=349186 layer_state=0 pool_state=0
  stage=5 cycle=352691 layer_state=0 pool_state=0
  stage=6 cycle=384815 layer_state=0 pool_state=0
  stage=0 cycle=386174 layer_state=0 pool_state=0
  TOP    : done=1 busy=0 error=0 state=13 stage=0 cycles=386174 err=0x00000000
  LAYER  : state=0 tile_state=0 spatial=0 oc_tile=4 k_tile=7
  POOL   : state=0 channel=9 row=0 col=0

============================================================
TEST: Host readback final logits
============================================================
  case[122] = file_case_122
  actual logits   {-24,-5,10,13,-31,-14,-102,80,1,13}
  expected logits {-24,-5,10,13,-31,-14,-102,80,1,13}
  mismatches: 0

============================================================
TEST: Host preload input image
============================================================
  case[123] = file_case_123
  UB bank0[0:783] loaded for current input image
  Full schedule: Conv1 -> Pool1 -> Conv2 -> Pool2 -> FC1 -> FC2
  expected logits {1,-12,-4,-35,-10,19,94,-42,20,-47}

============================================================
TEST: TPU top end-to-end inference
============================================================
  case[123] = file_case_123
  stage=1 cycle=1 layer_state=0 pool_state=0
  stage=2 cycle=136104 layer_state=0 pool_state=0
  stage=3 cycle=155037 layer_state=0 pool_state=0
  stage=4 cycle=349186 layer_state=0 pool_state=0
  stage=5 cycle=352691 layer_state=0 pool_state=0
  stage=6 cycle=384815 layer_state=0 pool_state=0
  stage=0 cycle=386174 layer_state=0 pool_state=0
  TOP    : done=1 busy=0 error=0 state=13 stage=0 cycles=386174 err=0x00000000
  LAYER  : state=0 tile_state=0 spatial=0 oc_tile=4 k_tile=7
  POOL   : state=0 channel=9 row=0 col=0

============================================================
TEST: Host readback final logits
============================================================
  case[123] = file_case_123
  actual logits   {1,-12,-4,-35,-10,19,94,-42,20,-47}
  expected logits {1,-12,-4,-35,-10,19,94,-42,20,-47}
  mismatches: 0

============================================================
TEST: Host preload input image
============================================================
  case[124] = file_case_124
  UB bank0[0:783] loaded for current input image
  Full schedule: Conv1 -> Pool1 -> Conv2 -> Pool2 -> FC1 -> FC2
  expected logits {-60,-5,-42,-10,40,3,-96,80,19,30}

============================================================
TEST: TPU top end-to-end inference
============================================================
  case[124] = file_case_124
  stage=1 cycle=1 layer_state=0 pool_state=0
  stage=2 cycle=136104 layer_state=0 pool_state=0
  stage=3 cycle=155037 layer_state=0 pool_state=0
  stage=4 cycle=349186 layer_state=0 pool_state=0
  stage=5 cycle=352691 layer_state=0 pool_state=0
  stage=6 cycle=384815 layer_state=0 pool_state=0
  stage=0 cycle=386174 layer_state=0 pool_state=0
  TOP    : done=1 busy=0 error=0 state=13 stage=0 cycles=386174 err=0x00000000
  LAYER  : state=0 tile_state=0 spatial=0 oc_tile=4 k_tile=7
  POOL   : state=0 channel=9 row=0 col=0

============================================================
TEST: Host readback final logits
============================================================
  case[124] = file_case_124
  actual logits   {-60,-5,-42,-10,40,3,-96,80,19,30}
  expected logits {-60,-5,-42,-10,40,3,-96,80,19,30}
  mismatches: 0

============================================================
TEST: Host preload input image
============================================================
  case[125] = file_case_125
  UB bank0[0:783] loaded for current input image
  Full schedule: Conv1 -> Pool1 -> Conv2 -> Pool2 -> FC1 -> FC2
  expected logits {-11,-16,9,-9,31,-25,-29,-13,3,43}

============================================================
TEST: TPU top end-to-end inference
============================================================
  case[125] = file_case_125
  stage=1 cycle=1 layer_state=0 pool_state=0
  stage=2 cycle=136104 layer_state=0 pool_state=0
  stage=3 cycle=155037 layer_state=0 pool_state=0
  stage=4 cycle=349186 layer_state=0 pool_state=0
  stage=5 cycle=352691 layer_state=0 pool_state=0
  stage=6 cycle=384815 layer_state=0 pool_state=0
  stage=0 cycle=386174 layer_state=0 pool_state=0
  TOP    : done=1 busy=0 error=0 state=13 stage=0 cycles=386174 err=0x00000000
  LAYER  : state=0 tile_state=0 spatial=0 oc_tile=4 k_tile=7
  POOL   : state=0 channel=9 row=0 col=0

============================================================
TEST: Host readback final logits
============================================================
  case[125] = file_case_125
  actual logits   {-11,-16,9,-9,31,-25,-29,-13,3,43}
  expected logits {-11,-16,9,-9,31,-25,-29,-13,3,43}
  mismatches: 0

============================================================
TEST: Host preload input image
============================================================
  case[126] = file_case_126
  UB bank0[0:783] loaded for current input image
  Full schedule: Conv1 -> Pool1 -> Conv2 -> Pool2 -> FC1 -> FC2
  expected logits {68,-37,10,1,-50,11,-2,-21,-11,18}

============================================================
TEST: TPU top end-to-end inference
============================================================
  case[126] = file_case_126
  stage=1 cycle=1 layer_state=0 pool_state=0
  stage=2 cycle=136104 layer_state=0 pool_state=0
  stage=3 cycle=155037 layer_state=0 pool_state=0
  stage=4 cycle=349186 layer_state=0 pool_state=0
  stage=5 cycle=352691 layer_state=0 pool_state=0
  stage=6 cycle=384815 layer_state=0 pool_state=0
  stage=0 cycle=386174 layer_state=0 pool_state=0
  TOP    : done=1 busy=0 error=0 state=13 stage=0 cycles=386174 err=0x00000000
  LAYER  : state=0 tile_state=0 spatial=0 oc_tile=4 k_tile=7
  POOL   : state=0 channel=9 row=0 col=0

============================================================
TEST: Host readback final logits
============================================================
  case[126] = file_case_126
  actual logits   {68,-37,10,1,-50,11,-2,-21,-11,18}
  expected logits {68,-37,10,1,-50,11,-2,-21,-11,18}
  mismatches: 0

============================================================
TEST: Host preload input image
============================================================
  case[127] = file_case_127
  UB bank0[0:783] loaded for current input image
  Full schedule: Conv1 -> Pool1 -> Conv2 -> Pool2 -> FC1 -> FC2
  expected logits {-51,-52,-61,17,6,117,-13,-30,49,36}

============================================================
TEST: TPU top end-to-end inference
============================================================
  case[127] = file_case_127
  stage=1 cycle=1 layer_state=0 pool_state=0
  stage=2 cycle=136104 layer_state=0 pool_state=0
  stage=3 cycle=155037 layer_state=0 pool_state=0
  stage=4 cycle=349186 layer_state=0 pool_state=0
  stage=5 cycle=352691 layer_state=0 pool_state=0
  stage=6 cycle=384815 layer_state=0 pool_state=0
  stage=0 cycle=386174 layer_state=0 pool_state=0
  TOP    : done=1 busy=0 error=0 state=13 stage=0 cycles=386174 err=0x00000000
  LAYER  : state=0 tile_state=0 spatial=0 oc_tile=4 k_tile=7
  POOL   : state=0 channel=9 row=0 col=0

============================================================
TEST: Host readback final logits
============================================================
  case[127] = file_case_127
  actual logits   {-51,-52,-61,17,6,117,-13,-30,49,36}
  expected logits {-51,-52,-61,17,6,117,-13,-30,49,36}
  mismatches: 0

============================================================
TEST: Host preload input image
============================================================
  case[128] = file_case_128
  UB bank0[0:783] loaded for current input image
  Full schedule: Conv1 -> Pool1 -> Conv2 -> Pool2 -> FC1 -> FC2
  expected logits {-26,-35,25,28,-50,11,-41,-36,110,8}

============================================================
TEST: TPU top end-to-end inference
============================================================
  case[128] = file_case_128
  stage=1 cycle=1 layer_state=0 pool_state=0
  stage=2 cycle=136104 layer_state=0 pool_state=0
  stage=3 cycle=155037 layer_state=0 pool_state=0
  stage=4 cycle=349186 layer_state=0 pool_state=0
  stage=5 cycle=352691 layer_state=0 pool_state=0
  stage=6 cycle=384815 layer_state=0 pool_state=0
  stage=0 cycle=386174 layer_state=0 pool_state=0
  TOP    : done=1 busy=0 error=0 state=13 stage=0 cycles=386174 err=0x00000000
  LAYER  : state=0 tile_state=0 spatial=0 oc_tile=4 k_tile=7
  POOL   : state=0 channel=9 row=0 col=0

============================================================
TEST: Host readback final logits
============================================================
  case[128] = file_case_128
  actual logits   {-26,-35,25,28,-50,11,-41,-36,110,8}
  expected logits {-26,-35,25,28,-50,11,-41,-36,110,8}
  mismatches: 0

============================================================
TEST: Host preload input image
============================================================
  case[129] = file_case_129
  UB bank0[0:783] loaded for current input image
  Full schedule: Conv1 -> Pool1 -> Conv2 -> Pool2 -> FC1 -> FC2
  expected logits {-60,-66,-41,32,-20,127,-6,-29,41,25}

============================================================
TEST: TPU top end-to-end inference
============================================================
  case[129] = file_case_129
  stage=1 cycle=1 layer_state=0 pool_state=0
  stage=2 cycle=136104 layer_state=0 pool_state=0
  stage=3 cycle=155037 layer_state=0 pool_state=0
  stage=4 cycle=349186 layer_state=0 pool_state=0
  stage=5 cycle=352691 layer_state=0 pool_state=0
  stage=6 cycle=384815 layer_state=0 pool_state=0
  stage=0 cycle=386174 layer_state=0 pool_state=0
  TOP    : done=1 busy=0 error=0 state=13 stage=0 cycles=386174 err=0x00000000
  LAYER  : state=0 tile_state=0 spatial=0 oc_tile=4 k_tile=7
  POOL   : state=0 channel=9 row=0 col=0

============================================================
TEST: Host readback final logits
============================================================
  case[129] = file_case_129
  actual logits   {-60,-66,-41,32,-20,127,-6,-29,41,25}
  expected logits {-60,-66,-41,32,-20,127,-6,-29,41,25}
  mismatches: 0

============================================================
TEST: Host preload input image
============================================================
  case[130] = file_case_130
  UB bank0[0:783] loaded for current input image
  Full schedule: Conv1 -> Pool1 -> Conv2 -> Pool2 -> FC1 -> FC2
  expected logits {-7,-25,-23,0,-8,21,82,-51,23,-37}

============================================================
TEST: TPU top end-to-end inference
============================================================
  case[130] = file_case_130
  stage=1 cycle=1 layer_state=0 pool_state=0
  stage=2 cycle=136104 layer_state=0 pool_state=0
  stage=3 cycle=155037 layer_state=0 pool_state=0
  stage=4 cycle=349186 layer_state=0 pool_state=0
  stage=5 cycle=352691 layer_state=0 pool_state=0
  stage=6 cycle=384815 layer_state=0 pool_state=0
  stage=0 cycle=386174 layer_state=0 pool_state=0
  TOP    : done=1 busy=0 error=0 state=13 stage=0 cycles=386174 err=0x00000000
  LAYER  : state=0 tile_state=0 spatial=0 oc_tile=4 k_tile=7
  POOL   : state=0 channel=9 row=0 col=0

============================================================
TEST: Host readback final logits
============================================================
  case[130] = file_case_130
  actual logits   {-7,-25,-23,0,-8,21,82,-51,23,-37}
  expected logits {-7,-25,-23,0,-8,21,82,-51,23,-37}
  mismatches: 0

============================================================
TEST: Host preload input image
============================================================
  case[131] = file_case_131
  UB bank0[0:783] loaded for current input image
  Full schedule: Conv1 -> Pool1 -> Conv2 -> Pool2 -> FC1 -> FC2
  expected logits {-3,-29,1,-12,-14,33,105,-74,28,-47}

============================================================
TEST: TPU top end-to-end inference
============================================================
  case[131] = file_case_131
  stage=1 cycle=1 layer_state=0 pool_state=0
  stage=2 cycle=136104 layer_state=0 pool_state=0
  stage=3 cycle=155037 layer_state=0 pool_state=0
  stage=4 cycle=349186 layer_state=0 pool_state=0
  stage=5 cycle=352691 layer_state=0 pool_state=0
  stage=6 cycle=384815 layer_state=0 pool_state=0
  stage=0 cycle=386174 layer_state=0 pool_state=0
  TOP    : done=1 busy=0 error=0 state=13 stage=0 cycles=386174 err=0x00000000
  LAYER  : state=0 tile_state=0 spatial=0 oc_tile=4 k_tile=7
  POOL   : state=0 channel=9 row=0 col=0

============================================================
TEST: Host readback final logits
============================================================
  case[131] = file_case_131
  actual logits   {-3,-29,1,-12,-14,33,105,-74,28,-47}
  expected logits {-3,-29,1,-12,-14,33,105,-74,28,-47}
  mismatches: 0

============================================================
TEST: Host preload input image
============================================================
  case[132] = file_case_132
  UB bank0[0:783] loaded for current input image
  Full schedule: Conv1 -> Pool1 -> Conv2 -> Pool2 -> FC1 -> FC2
  expected logits {-51,-57,-19,29,-28,114,12,-45,43,1}

============================================================
TEST: TPU top end-to-end inference
============================================================
  case[132] = file_case_132
  stage=1 cycle=1 layer_state=0 pool_state=0
  stage=2 cycle=136104 layer_state=0 pool_state=0
  stage=3 cycle=155037 layer_state=0 pool_state=0
  stage=4 cycle=349186 layer_state=0 pool_state=0
  stage=5 cycle=352691 layer_state=0 pool_state=0
  stage=6 cycle=384815 layer_state=0 pool_state=0
  stage=0 cycle=386174 layer_state=0 pool_state=0
  TOP    : done=1 busy=0 error=0 state=13 stage=0 cycles=386174 err=0x00000000
  LAYER  : state=0 tile_state=0 spatial=0 oc_tile=4 k_tile=7
  POOL   : state=0 channel=9 row=0 col=0

============================================================
TEST: Host readback final logits
============================================================
  case[132] = file_case_132
  actual logits   {-51,-57,-19,29,-28,114,12,-45,43,1}
  expected logits {-51,-57,-19,29,-28,114,12,-45,43,1}
  mismatches: 0

============================================================
TEST: Host preload input image
============================================================
  case[133] = file_case_133
  UB bank0[0:783] loaded for current input image
  Full schedule: Conv1 -> Pool1 -> Conv2 -> Pool2 -> FC1 -> FC2
  expected logits {-38,-25,40,31,-36,-21,-123,98,-8,3}

============================================================
TEST: TPU top end-to-end inference
============================================================
  case[133] = file_case_133
  stage=1 cycle=1 layer_state=0 pool_state=0
  stage=2 cycle=136104 layer_state=0 pool_state=0
  stage=3 cycle=155037 layer_state=0 pool_state=0
  stage=4 cycle=349186 layer_state=0 pool_state=0
  stage=5 cycle=352691 layer_state=0 pool_state=0
  stage=6 cycle=384815 layer_state=0 pool_state=0
  stage=0 cycle=386174 layer_state=0 pool_state=0
  TOP    : done=1 busy=0 error=0 state=13 stage=0 cycles=386174 err=0x00000000
  LAYER  : state=0 tile_state=0 spatial=0 oc_tile=4 k_tile=7
  POOL   : state=0 channel=9 row=0 col=0

============================================================
TEST: Host readback final logits
============================================================
  case[133] = file_case_133
  actual logits   {-38,-25,40,31,-36,-21,-123,98,-8,3}
  expected logits {-38,-25,40,31,-36,-21,-123,98,-8,3}
  mismatches: 0

============================================================
TEST: Host preload input image
============================================================
  case[134] = file_case_134
  UB bank0[0:783] loaded for current input image
  Full schedule: Conv1 -> Pool1 -> Conv2 -> Pool2 -> FC1 -> FC2
  expected logits {-33,-11,33,29,-53,-4,-44,-46,123,-8}

============================================================
TEST: TPU top end-to-end inference
============================================================
  case[134] = file_case_134
  stage=1 cycle=1 layer_state=0 pool_state=0
  stage=2 cycle=136104 layer_state=0 pool_state=0
  stage=3 cycle=155037 layer_state=0 pool_state=0
  stage=4 cycle=349186 layer_state=0 pool_state=0
  stage=5 cycle=352691 layer_state=0 pool_state=0
  stage=6 cycle=384815 layer_state=0 pool_state=0
  stage=0 cycle=386174 layer_state=0 pool_state=0
  TOP    : done=1 busy=0 error=0 state=13 stage=0 cycles=386174 err=0x00000000
  LAYER  : state=0 tile_state=0 spatial=0 oc_tile=4 k_tile=7
  POOL   : state=0 channel=9 row=0 col=0

============================================================
TEST: Host readback final logits
============================================================
  case[134] = file_case_134
  actual logits   {-33,-11,33,29,-53,-4,-44,-46,123,-8}
  expected logits {-33,-11,33,29,-53,-4,-44,-46,123,-8}
  mismatches: 0

============================================================
TEST: Host preload input image
============================================================
  case[135] = file_case_135
  UB bank0[0:783] loaded for current input image
  Full schedule: Conv1 -> Pool1 -> Conv2 -> Pool2 -> FC1 -> FC2
  expected logits {-10,69,5,-25,-2,-25,-7,-15,12,-18}

============================================================
TEST: TPU top end-to-end inference
============================================================
  case[135] = file_case_135
  stage=1 cycle=1 layer_state=0 pool_state=0
  stage=2 cycle=136104 layer_state=0 pool_state=0
  stage=3 cycle=155037 layer_state=0 pool_state=0
  stage=4 cycle=349186 layer_state=0 pool_state=0
  stage=5 cycle=352691 layer_state=0 pool_state=0
  stage=6 cycle=384815 layer_state=0 pool_state=0
  stage=0 cycle=386174 layer_state=0 pool_state=0
  TOP    : done=1 busy=0 error=0 state=13 stage=0 cycles=386174 err=0x00000000
  LAYER  : state=0 tile_state=0 spatial=0 oc_tile=4 k_tile=7
  POOL   : state=0 channel=9 row=0 col=0

============================================================
TEST: Host readback final logits
============================================================
  case[135] = file_case_135
  actual logits   {-10,69,5,-25,-2,-25,-7,-15,12,-18}
  expected logits {-10,69,5,-25,-2,-25,-7,-15,12,-18}
  mismatches: 0

============================================================
TEST: Host preload input image
============================================================
  case[136] = file_case_136
  UB bank0[0:783] loaded for current input image
  Full schedule: Conv1 -> Pool1 -> Conv2 -> Pool2 -> FC1 -> FC2
  expected logits {81,-21,22,-61,-26,-12,10,15,-21,1}

============================================================
TEST: TPU top end-to-end inference
============================================================
  case[136] = file_case_136
  stage=1 cycle=1 layer_state=0 pool_state=0
  stage=2 cycle=136104 layer_state=0 pool_state=0
  stage=3 cycle=155037 layer_state=0 pool_state=0
  stage=4 cycle=349186 layer_state=0 pool_state=0
  stage=5 cycle=352691 layer_state=0 pool_state=0
  stage=6 cycle=384815 layer_state=0 pool_state=0
  stage=0 cycle=386174 layer_state=0 pool_state=0
  TOP    : done=1 busy=0 error=0 state=13 stage=0 cycles=386174 err=0x00000000
  LAYER  : state=0 tile_state=0 spatial=0 oc_tile=4 k_tile=7
  POOL   : state=0 channel=9 row=0 col=0

============================================================
TEST: Host readback final logits
============================================================
  case[136] = file_case_136
  actual logits   {81,-21,22,-61,-26,-12,10,15,-21,1}
  expected logits {81,-21,22,-61,-26,-12,10,15,-21,1}
  mismatches: 0

============================================================
TEST: Host preload input image
============================================================
  case[137] = file_case_137
  UB bank0[0:783] loaded for current input image
  Full schedule: Conv1 -> Pool1 -> Conv2 -> Pool2 -> FC1 -> FC2
  expected logits {-14,53,5,-28,12,-26,-11,-5,9,-14}

============================================================
TEST: TPU top end-to-end inference
============================================================
  case[137] = file_case_137
  stage=1 cycle=1 layer_state=0 pool_state=0
  stage=2 cycle=136104 layer_state=0 pool_state=0
  stage=3 cycle=155037 layer_state=0 pool_state=0
  stage=4 cycle=349186 layer_state=0 pool_state=0
  stage=5 cycle=352691 layer_state=0 pool_state=0
  stage=6 cycle=384815 layer_state=0 pool_state=0
  stage=0 cycle=386174 layer_state=0 pool_state=0
  TOP    : done=1 busy=0 error=0 state=13 stage=0 cycles=386174 err=0x00000000
  LAYER  : state=0 tile_state=0 spatial=0 oc_tile=4 k_tile=7
  POOL   : state=0 channel=9 row=0 col=0

============================================================
TEST: Host readback final logits
============================================================
  case[137] = file_case_137
  actual logits   {-14,53,5,-28,12,-26,-11,-5,9,-14}
  expected logits {-14,53,5,-28,12,-26,-11,-5,9,-14}
  mismatches: 0

============================================================
TEST: Host preload input image
============================================================
  case[138] = file_case_138
  UB bank0[0:783] loaded for current input image
  Full schedule: Conv1 -> Pool1 -> Conv2 -> Pool2 -> FC1 -> FC2
  expected logits {19,-19,-10,-20,-16,9,99,-32,4,-55}

============================================================
TEST: TPU top end-to-end inference
============================================================
  case[138] = file_case_138
  stage=1 cycle=1 layer_state=0 pool_state=0
  stage=2 cycle=136104 layer_state=0 pool_state=0
  stage=3 cycle=155037 layer_state=0 pool_state=0
  stage=4 cycle=349186 layer_state=0 pool_state=0
  stage=5 cycle=352691 layer_state=0 pool_state=0
  stage=6 cycle=384815 layer_state=0 pool_state=0
  stage=0 cycle=386174 layer_state=0 pool_state=0
  TOP    : done=1 busy=0 error=0 state=13 stage=0 cycles=386174 err=0x00000000
  LAYER  : state=0 tile_state=0 spatial=0 oc_tile=4 k_tile=7
  POOL   : state=0 channel=9 row=0 col=0

============================================================
TEST: Host readback final logits
============================================================
  case[138] = file_case_138
  actual logits   {19,-19,-10,-20,-16,9,99,-32,4,-55}
  expected logits {19,-19,-10,-20,-16,9,99,-32,4,-55}
  mismatches: 0

============================================================
TEST: Host preload input image
============================================================
  case[139] = file_case_139
  UB bank0[0:783] loaded for current input image
  Full schedule: Conv1 -> Pool1 -> Conv2 -> Pool2 -> FC1 -> FC2
  expected logits {-23,1,-60,-37,71,-32,-19,20,6,40}

============================================================
TEST: TPU top end-to-end inference
============================================================
  case[139] = file_case_139
  stage=1 cycle=1 layer_state=0 pool_state=0
  stage=2 cycle=136104 layer_state=0 pool_state=0
  stage=3 cycle=155037 layer_state=0 pool_state=0
  stage=4 cycle=349186 layer_state=0 pool_state=0
  stage=5 cycle=352691 layer_state=0 pool_state=0
  stage=6 cycle=384815 layer_state=0 pool_state=0
  stage=0 cycle=386174 layer_state=0 pool_state=0
  TOP    : done=1 busy=0 error=0 state=13 stage=0 cycles=386174 err=0x00000000
  LAYER  : state=0 tile_state=0 spatial=0 oc_tile=4 k_tile=7
  POOL   : state=0 channel=9 row=0 col=0

============================================================
TEST: Host readback final logits
============================================================
  case[139] = file_case_139
  actual logits   {-23,1,-60,-37,71,-32,-19,20,6,40}
  expected logits {-23,1,-60,-37,71,-32,-19,20,6,40}
  mismatches: 0

============================================================
TEST: Host preload input image
============================================================
  case[140] = file_case_140
  UB bank0[0:783] loaded for current input image
  Full schedule: Conv1 -> Pool1 -> Conv2 -> Pool2 -> FC1 -> FC2
  expected logits {14,-5,-5,-27,-14,39,83,-43,12,-49}

============================================================
TEST: TPU top end-to-end inference
============================================================
  case[140] = file_case_140
  stage=1 cycle=1 layer_state=0 pool_state=0
  stage=2 cycle=136104 layer_state=0 pool_state=0
  stage=3 cycle=155037 layer_state=0 pool_state=0
  stage=4 cycle=349186 layer_state=0 pool_state=0
  stage=5 cycle=352691 layer_state=0 pool_state=0
  stage=6 cycle=384815 layer_state=0 pool_state=0
  stage=0 cycle=386174 layer_state=0 pool_state=0
  TOP    : done=1 busy=0 error=0 state=13 stage=0 cycles=386174 err=0x00000000
  LAYER  : state=0 tile_state=0 spatial=0 oc_tile=4 k_tile=7
  POOL   : state=0 channel=9 row=0 col=0

============================================================
TEST: Host readback final logits
============================================================
  case[140] = file_case_140
  actual logits   {14,-5,-5,-27,-14,39,83,-43,12,-49}
  expected logits {14,-5,-5,-27,-14,39,83,-43,12,-49}
  mismatches: 0

============================================================
TEST: Host preload input image
============================================================
  case[141] = file_case_141
  UB bank0[0:783] loaded for current input image
  Full schedule: Conv1 -> Pool1 -> Conv2 -> Pool2 -> FC1 -> FC2
  expected logits {-18,-6,3,12,-14,-25,-95,83,-5,6}

============================================================
TEST: TPU top end-to-end inference
============================================================
  case[141] = file_case_141
  stage=1 cycle=1 layer_state=0 pool_state=0
  stage=2 cycle=136104 layer_state=0 pool_state=0
  stage=3 cycle=155037 layer_state=0 pool_state=0
  stage=4 cycle=349186 layer_state=0 pool_state=0
  stage=5 cycle=352691 layer_state=0 pool_state=0
  stage=6 cycle=384815 layer_state=0 pool_state=0
  stage=0 cycle=386174 layer_state=0 pool_state=0
  TOP    : done=1 busy=0 error=0 state=13 stage=0 cycles=386174 err=0x00000000
  LAYER  : state=0 tile_state=0 spatial=0 oc_tile=4 k_tile=7
  POOL   : state=0 channel=9 row=0 col=0

============================================================
TEST: Host readback final logits
============================================================
  case[141] = file_case_141
  actual logits   {-18,-6,3,12,-14,-25,-95,83,-5,6}
  expected logits {-18,-6,3,12,-14,-25,-95,83,-5,6}
  mismatches: 0

============================================================
TEST: Host preload input image
============================================================
  case[142] = file_case_142
  UB bank0[0:783] loaded for current input image
  Full schedule: Conv1 -> Pool1 -> Conv2 -> Pool2 -> FC1 -> FC2
  expected logits {-9,-55,36,88,-69,6,-41,-27,41,-5}

============================================================
TEST: TPU top end-to-end inference
============================================================
  case[142] = file_case_142
  stage=1 cycle=1 layer_state=0 pool_state=0
  stage=2 cycle=136104 layer_state=0 pool_state=0
  stage=3 cycle=155037 layer_state=0 pool_state=0
  stage=4 cycle=349186 layer_state=0 pool_state=0
  stage=5 cycle=352691 layer_state=0 pool_state=0
  stage=6 cycle=384815 layer_state=0 pool_state=0
  stage=0 cycle=386174 layer_state=0 pool_state=0
  TOP    : done=1 busy=0 error=0 state=13 stage=0 cycles=386174 err=0x00000000
  LAYER  : state=0 tile_state=0 spatial=0 oc_tile=4 k_tile=7
  POOL   : state=0 channel=9 row=0 col=0

============================================================
TEST: Host readback final logits
============================================================
  case[142] = file_case_142
  actual logits   {-9,-55,36,88,-69,6,-41,-27,41,-5}
  expected logits {-9,-55,36,88,-69,6,-41,-27,41,-5}
  mismatches: 0

============================================================
TEST: Host preload input image
============================================================
  case[143] = file_case_143
  UB bank0[0:783] loaded for current input image
  Full schedule: Conv1 -> Pool1 -> Conv2 -> Pool2 -> FC1 -> FC2
  expected logits {-10,62,5,-36,-6,-23,-8,2,8,-16}

============================================================
TEST: TPU top end-to-end inference
============================================================
  case[143] = file_case_143
  stage=1 cycle=1 layer_state=0 pool_state=0
  stage=2 cycle=136104 layer_state=0 pool_state=0
  stage=3 cycle=155037 layer_state=0 pool_state=0
  stage=4 cycle=349186 layer_state=0 pool_state=0
  stage=5 cycle=352691 layer_state=0 pool_state=0
  stage=6 cycle=384815 layer_state=0 pool_state=0
  stage=0 cycle=386174 layer_state=0 pool_state=0
  TOP    : done=1 busy=0 error=0 state=13 stage=0 cycles=386174 err=0x00000000
  LAYER  : state=0 tile_state=0 spatial=0 oc_tile=4 k_tile=7
  POOL   : state=0 channel=9 row=0 col=0

============================================================
TEST: Host readback final logits
============================================================
  case[143] = file_case_143
  actual logits   {-10,62,5,-36,-6,-23,-8,2,8,-16}
  expected logits {-10,62,5,-36,-6,-23,-8,2,8,-16}
  mismatches: 0

============================================================
TEST: Host preload input image
============================================================
  case[144] = file_case_144
  UB bank0[0:783] loaded for current input image
  Full schedule: Conv1 -> Pool1 -> Conv2 -> Pool2 -> FC1 -> FC2
  expected logits {-46,-21,31,18,-10,-4,-90,83,-10,-10}

============================================================
TEST: TPU top end-to-end inference
============================================================
  case[144] = file_case_144
  stage=1 cycle=1 layer_state=0 pool_state=0
  stage=2 cycle=136104 layer_state=0 pool_state=0
  stage=3 cycle=155037 layer_state=0 pool_state=0
  stage=4 cycle=349186 layer_state=0 pool_state=0
  stage=5 cycle=352691 layer_state=0 pool_state=0
  stage=6 cycle=384815 layer_state=0 pool_state=0
  stage=0 cycle=386174 layer_state=0 pool_state=0
  TOP    : done=1 busy=0 error=0 state=13 stage=0 cycles=386174 err=0x00000000
  LAYER  : state=0 tile_state=0 spatial=0 oc_tile=4 k_tile=7
  POOL   : state=0 channel=9 row=0 col=0

============================================================
TEST: Host readback final logits
============================================================
  case[144] = file_case_144
  actual logits   {-46,-21,31,18,-10,-4,-90,83,-10,-10}
  expected logits {-46,-21,31,18,-10,-4,-90,83,-10,-10}
  mismatches: 0

============================================================
TEST: Host preload input image
============================================================
  case[145] = file_case_145
  UB bank0[0:783] loaded for current input image
  Full schedule: Conv1 -> Pool1 -> Conv2 -> Pool2 -> FC1 -> FC2
  expected logits {-22,56,-16,-21,16,5,-15,-1,0,-12}

============================================================
TEST: TPU top end-to-end inference
============================================================
  case[145] = file_case_145
  stage=1 cycle=1 layer_state=0 pool_state=0
  stage=2 cycle=136104 layer_state=0 pool_state=0
  stage=3 cycle=155037 layer_state=0 pool_state=0
  stage=4 cycle=349186 layer_state=0 pool_state=0
  stage=5 cycle=352691 layer_state=0 pool_state=0
  stage=6 cycle=384815 layer_state=0 pool_state=0
  stage=0 cycle=386174 layer_state=0 pool_state=0
  TOP    : done=1 busy=0 error=0 state=13 stage=0 cycles=386174 err=0x00000000
  LAYER  : state=0 tile_state=0 spatial=0 oc_tile=4 k_tile=7
  POOL   : state=0 channel=9 row=0 col=0

============================================================
TEST: Host readback final logits
============================================================
  case[145] = file_case_145
  actual logits   {-22,56,-16,-21,16,5,-15,-1,0,-12}
  expected logits {-22,56,-16,-21,16,5,-15,-1,0,-12}
  mismatches: 0

============================================================
TEST: Host preload input image
============================================================
  case[146] = file_case_146
  UB bank0[0:783] loaded for current input image
  Full schedule: Conv1 -> Pool1 -> Conv2 -> Pool2 -> FC1 -> FC2
  expected logits {-26,-50,-26,16,-11,17,4,-58,94,24}

============================================================
TEST: TPU top end-to-end inference
============================================================
  case[146] = file_case_146
  stage=1 cycle=1 layer_state=0 pool_state=0
  stage=2 cycle=136104 layer_state=0 pool_state=0
  stage=3 cycle=155037 layer_state=0 pool_state=0
  stage=4 cycle=349186 layer_state=0 pool_state=0
  stage=5 cycle=352691 layer_state=0 pool_state=0
  stage=6 cycle=384815 layer_state=0 pool_state=0
  stage=0 cycle=386174 layer_state=0 pool_state=0
  TOP    : done=1 busy=0 error=0 state=13 stage=0 cycles=386174 err=0x00000000
  LAYER  : state=0 tile_state=0 spatial=0 oc_tile=4 k_tile=7
  POOL   : state=0 channel=9 row=0 col=0

============================================================
TEST: Host readback final logits
============================================================
  case[146] = file_case_146
  actual logits   {-26,-50,-26,16,-11,17,4,-58,94,24}
  expected logits {-26,-50,-26,16,-11,17,4,-58,94,24}
  mismatches: 0

============================================================
TEST: Host preload input image
============================================================
  case[147] = file_case_147
  UB bank0[0:783] loaded for current input image
  Full schedule: Conv1 -> Pool1 -> Conv2 -> Pool2 -> FC1 -> FC2
  expected logits {-25,-9,112,-2,-12,-53,-25,-27,31,-23}

============================================================
TEST: TPU top end-to-end inference
============================================================
  case[147] = file_case_147
  stage=1 cycle=1 layer_state=0 pool_state=0
  stage=2 cycle=136104 layer_state=0 pool_state=0
  stage=3 cycle=155037 layer_state=0 pool_state=0
  stage=4 cycle=349186 layer_state=0 pool_state=0
  stage=5 cycle=352691 layer_state=0 pool_state=0
  stage=6 cycle=384815 layer_state=0 pool_state=0
  stage=0 cycle=386174 layer_state=0 pool_state=0
  TOP    : done=1 busy=0 error=0 state=13 stage=0 cycles=386174 err=0x00000000
  LAYER  : state=0 tile_state=0 spatial=0 oc_tile=4 k_tile=7
  POOL   : state=0 channel=9 row=0 col=0

============================================================
TEST: Host readback final logits
============================================================
  case[147] = file_case_147
  actual logits   {-25,-9,112,-2,-12,-53,-25,-27,31,-23}
  expected logits {-25,-9,112,-2,-12,-53,-25,-27,31,-23}
  mismatches: 0

============================================================
TEST: Host preload input image
============================================================
  case[148] = file_case_148
  UB bank0[0:783] loaded for current input image
  Full schedule: Conv1 -> Pool1 -> Conv2 -> Pool2 -> FC1 -> FC2
  expected logits {86,-17,32,-54,-23,-20,24,-5,-16,-12}

============================================================
TEST: TPU top end-to-end inference
============================================================
  case[148] = file_case_148
  stage=1 cycle=1 layer_state=0 pool_state=0
  stage=2 cycle=136104 layer_state=0 pool_state=0
  stage=3 cycle=155037 layer_state=0 pool_state=0
  stage=4 cycle=349186 layer_state=0 pool_state=0
  stage=5 cycle=352691 layer_state=0 pool_state=0
  stage=6 cycle=384815 layer_state=0 pool_state=0
  stage=0 cycle=386174 layer_state=0 pool_state=0
  TOP    : done=1 busy=0 error=0 state=13 stage=0 cycles=386174 err=0x00000000
  LAYER  : state=0 tile_state=0 spatial=0 oc_tile=4 k_tile=7
  POOL   : state=0 channel=9 row=0 col=0

============================================================
TEST: Host readback final logits
============================================================
  case[148] = file_case_148
  actual logits   {86,-17,32,-54,-23,-20,24,-5,-16,-12}
  expected logits {86,-17,32,-54,-23,-20,24,-5,-16,-12}
  mismatches: 0

============================================================
TEST: Host preload input image
============================================================
  case[149] = file_case_149
  UB bank0[0:783] loaded for current input image
  Full schedule: Conv1 -> Pool1 -> Conv2 -> Pool2 -> FC1 -> FC2
  expected logits {-26,-26,42,26,-9,7,-36,4,-16,8}

============================================================
TEST: TPU top end-to-end inference
============================================================
  case[149] = file_case_149
  stage=1 cycle=1 layer_state=0 pool_state=0
  stage=2 cycle=136104 layer_state=0 pool_state=0
  stage=3 cycle=155037 layer_state=0 pool_state=0
  stage=4 cycle=349186 layer_state=0 pool_state=0
  stage=5 cycle=352691 layer_state=0 pool_state=0
  stage=6 cycle=384815 layer_state=0 pool_state=0
  stage=0 cycle=386174 layer_state=0 pool_state=0
  TOP    : done=1 busy=0 error=0 state=13 stage=0 cycles=386174 err=0x00000000
  LAYER  : state=0 tile_state=0 spatial=0 oc_tile=4 k_tile=7
  POOL   : state=0 channel=9 row=0 col=0

============================================================
TEST: Host readback final logits
============================================================
  case[149] = file_case_149
  actual logits   {-26,-26,42,26,-9,7,-36,4,-16,8}
  expected logits {-26,-26,42,26,-9,7,-36,4,-16,8}
  mismatches: 0

============================================================
TEST: Host preload input image
============================================================
  case[150] = file_case_150
  UB bank0[0:783] loaded for current input image
  Full schedule: Conv1 -> Pool1 -> Conv2 -> Pool2 -> FC1 -> FC2
  expected logits {-30,-73,-20,-13,20,16,-30,3,10,80}

============================================================
TEST: TPU top end-to-end inference
============================================================
  case[150] = file_case_150
  stage=1 cycle=1 layer_state=0 pool_state=0
  stage=2 cycle=136104 layer_state=0 pool_state=0
  stage=3 cycle=155037 layer_state=0 pool_state=0
  stage=4 cycle=349186 layer_state=0 pool_state=0
  stage=5 cycle=352691 layer_state=0 pool_state=0
  stage=6 cycle=384815 layer_state=0 pool_state=0
  stage=0 cycle=386174 layer_state=0 pool_state=0
  TOP    : done=1 busy=0 error=0 state=13 stage=0 cycles=386174 err=0x00000000
  LAYER  : state=0 tile_state=0 spatial=0 oc_tile=4 k_tile=7
  POOL   : state=0 channel=9 row=0 col=0

============================================================
TEST: Host readback final logits
============================================================
  case[150] = file_case_150
  actual logits   {-30,-73,-20,-13,20,16,-30,3,10,80}
  expected logits {-30,-73,-20,-13,20,16,-30,3,10,80}
  mismatches: 0

============================================================
TEST: Host preload input image
============================================================
  case[151] = file_case_151
  UB bank0[0:783] loaded for current input image
  Full schedule: Conv1 -> Pool1 -> Conv2 -> Pool2 -> FC1 -> FC2
  expected logits {-4,-68,25,26,6,-24,-52,-30,18,72}

============================================================
TEST: TPU top end-to-end inference
============================================================
  case[151] = file_case_151
  stage=1 cycle=1 layer_state=0 pool_state=0
  stage=2 cycle=136104 layer_state=0 pool_state=0
  stage=3 cycle=155037 layer_state=0 pool_state=0
  stage=4 cycle=349186 layer_state=0 pool_state=0
  stage=5 cycle=352691 layer_state=0 pool_state=0
  stage=6 cycle=384815 layer_state=0 pool_state=0
  stage=0 cycle=386174 layer_state=0 pool_state=0
  TOP    : done=1 busy=0 error=0 state=13 stage=0 cycles=386174 err=0x00000000
  LAYER  : state=0 tile_state=0 spatial=0 oc_tile=4 k_tile=7
  POOL   : state=0 channel=9 row=0 col=0

============================================================
TEST: Host readback final logits
============================================================
  case[151] = file_case_151
  actual logits   {-4,-68,25,26,6,-24,-52,-30,18,72}
  expected logits {-4,-68,25,26,6,-24,-52,-30,18,72}
  mismatches: 0

============================================================
TEST: Host preload input image
============================================================
  case[152] = file_case_152
  UB bank0[0:783] loaded for current input image
  Full schedule: Conv1 -> Pool1 -> Conv2 -> Pool2 -> FC1 -> FC2
  expected logits {-21,-41,-40,-16,-3,93,4,-40,29,46}

============================================================
TEST: TPU top end-to-end inference
============================================================
  case[152] = file_case_152
  stage=1 cycle=1 layer_state=0 pool_state=0
  stage=2 cycle=136104 layer_state=0 pool_state=0
  stage=3 cycle=155037 layer_state=0 pool_state=0
  stage=4 cycle=349186 layer_state=0 pool_state=0
  stage=5 cycle=352691 layer_state=0 pool_state=0
  stage=6 cycle=384815 layer_state=0 pool_state=0
  stage=0 cycle=386174 layer_state=0 pool_state=0
  TOP    : done=1 busy=0 error=0 state=13 stage=0 cycles=386174 err=0x00000000
  LAYER  : state=0 tile_state=0 spatial=0 oc_tile=4 k_tile=7
  POOL   : state=0 channel=9 row=0 col=0

============================================================
TEST: Host readback final logits
============================================================
  case[152] = file_case_152
  actual logits   {-21,-41,-40,-16,-3,93,4,-40,29,46}
  expected logits {-21,-41,-40,-16,-3,93,4,-40,29,46}
  mismatches: 0

============================================================
TEST: Host preload input image
============================================================
  case[153] = file_case_153
  UB bank0[0:783] loaded for current input image
  Full schedule: Conv1 -> Pool1 -> Conv2 -> Pool2 -> FC1 -> FC2
  expected logits {-44,-44,-21,26,-27,97,7,-47,46,12}

============================================================
TEST: TPU top end-to-end inference
============================================================
  case[153] = file_case_153
  stage=1 cycle=1 layer_state=0 pool_state=0
  stage=2 cycle=136104 layer_state=0 pool_state=0
  stage=3 cycle=155037 layer_state=0 pool_state=0
  stage=4 cycle=349186 layer_state=0 pool_state=0
  stage=5 cycle=352691 layer_state=0 pool_state=0
  stage=6 cycle=384815 layer_state=0 pool_state=0
  stage=0 cycle=386174 layer_state=0 pool_state=0
  TOP    : done=1 busy=0 error=0 state=13 stage=0 cycles=386174 err=0x00000000
  LAYER  : state=0 tile_state=0 spatial=0 oc_tile=4 k_tile=7
  POOL   : state=0 channel=9 row=0 col=0

============================================================
TEST: Host readback final logits
============================================================
  case[153] = file_case_153
  actual logits   {-44,-44,-21,26,-27,97,7,-47,46,12}
  expected logits {-44,-44,-21,26,-27,97,7,-47,46,12}
  mismatches: 0

============================================================
TEST: Host preload input image
============================================================
  case[154] = file_case_154
  UB bank0[0:783] loaded for current input image
  Full schedule: Conv1 -> Pool1 -> Conv2 -> Pool2 -> FC1 -> FC2
  expected logits {-19,51,-14,-20,6,-8,-17,7,-6,-4}

============================================================
TEST: TPU top end-to-end inference
============================================================
  case[154] = file_case_154
  stage=1 cycle=1 layer_state=0 pool_state=0
  stage=2 cycle=136104 layer_state=0 pool_state=0
  stage=3 cycle=155037 layer_state=0 pool_state=0
  stage=4 cycle=349186 layer_state=0 pool_state=0
  stage=5 cycle=352691 layer_state=0 pool_state=0
  stage=6 cycle=384815 layer_state=0 pool_state=0
  stage=0 cycle=386174 layer_state=0 pool_state=0
  TOP    : done=1 busy=0 error=0 state=13 stage=0 cycles=386174 err=0x00000000
  LAYER  : state=0 tile_state=0 spatial=0 oc_tile=4 k_tile=7
  POOL   : state=0 channel=9 row=0 col=0

============================================================
TEST: Host readback final logits
============================================================
  case[154] = file_case_154
  actual logits   {-19,51,-14,-20,6,-8,-17,7,-6,-4}
  expected logits {-19,51,-14,-20,6,-8,-17,7,-6,-4}
  mismatches: 0

============================================================
TEST: Host preload input image
============================================================
  case[155] = file_case_155
  UB bank0[0:783] loaded for current input image
  Full schedule: Conv1 -> Pool1 -> Conv2 -> Pool2 -> FC1 -> FC2
  expected logits {-50,-50,-50,5,8,107,-13,-16,34,30}

============================================================
TEST: TPU top end-to-end inference
============================================================
  case[155] = file_case_155
  stage=1 cycle=1 layer_state=0 pool_state=0
  stage=2 cycle=136104 layer_state=0 pool_state=0
  stage=3 cycle=155037 layer_state=0 pool_state=0
  stage=4 cycle=349186 layer_state=0 pool_state=0
  stage=5 cycle=352691 layer_state=0 pool_state=0
  stage=6 cycle=384815 layer_state=0 pool_state=0
  stage=0 cycle=386174 layer_state=0 pool_state=0
  TOP    : done=1 busy=0 error=0 state=13 stage=0 cycles=386174 err=0x00000000
  LAYER  : state=0 tile_state=0 spatial=0 oc_tile=4 k_tile=7
  POOL   : state=0 channel=9 row=0 col=0

============================================================
TEST: Host readback final logits
============================================================
  case[155] = file_case_155
  actual logits   {-50,-50,-50,5,8,107,-13,-16,34,30}
  expected logits {-50,-50,-50,5,8,107,-13,-16,34,30}
  mismatches: 0

============================================================
TEST: Host preload input image
============================================================
  case[156] = file_case_156
  UB bank0[0:783] loaded for current input image
  Full schedule: Conv1 -> Pool1 -> Conv2 -> Pool2 -> FC1 -> FC2
  expected logits {-3,-13,-7,-46,18,19,75,17,-17,-64}

============================================================
TEST: TPU top end-to-end inference
============================================================
  case[156] = file_case_156
  stage=1 cycle=1 layer_state=0 pool_state=0
  stage=2 cycle=136104 layer_state=0 pool_state=0
  stage=3 cycle=155037 layer_state=0 pool_state=0
  stage=4 cycle=349186 layer_state=0 pool_state=0
  stage=5 cycle=352691 layer_state=0 pool_state=0
  stage=6 cycle=384815 layer_state=0 pool_state=0
  stage=0 cycle=386174 layer_state=0 pool_state=0
  TOP    : done=1 busy=0 error=0 state=13 stage=0 cycles=386174 err=0x00000000
  LAYER  : state=0 tile_state=0 spatial=0 oc_tile=4 k_tile=7
  POOL   : state=0 channel=9 row=0 col=0

============================================================
TEST: Host readback final logits
============================================================
  case[156] = file_case_156
  actual logits   {-3,-13,-7,-46,18,19,75,17,-17,-64}
  expected logits {-3,-13,-7,-46,18,19,75,17,-17,-64}
  mismatches: 0

============================================================
TEST: Host preload input image
============================================================
  case[157] = file_case_157
  UB bank0[0:783] loaded for current input image
  Full schedule: Conv1 -> Pool1 -> Conv2 -> Pool2 -> FC1 -> FC2
  expected logits {82,-24,18,-58,-32,-8,11,9,-20,8}

============================================================
TEST: TPU top end-to-end inference
============================================================
  case[157] = file_case_157
  stage=1 cycle=1 layer_state=0 pool_state=0
  stage=2 cycle=136104 layer_state=0 pool_state=0
  stage=3 cycle=155037 layer_state=0 pool_state=0
  stage=4 cycle=349186 layer_state=0 pool_state=0
  stage=5 cycle=352691 layer_state=0 pool_state=0
  stage=6 cycle=384815 layer_state=0 pool_state=0
  stage=0 cycle=386174 layer_state=0 pool_state=0
  TOP    : done=1 busy=0 error=0 state=13 stage=0 cycles=386174 err=0x00000000
  LAYER  : state=0 tile_state=0 spatial=0 oc_tile=4 k_tile=7
  POOL   : state=0 channel=9 row=0 col=0

============================================================
TEST: Host readback final logits
============================================================
  case[157] = file_case_157
  actual logits   {82,-24,18,-58,-32,-8,11,9,-20,8}
  expected logits {82,-24,18,-58,-32,-8,11,9,-20,8}
  mismatches: 0

============================================================
TEST: Host preload input image
============================================================
  case[158] = file_case_158
  UB bank0[0:783] loaded for current input image
  Full schedule: Conv1 -> Pool1 -> Conv2 -> Pool2 -> FC1 -> FC2
  expected logits {28,-49,26,53,-53,6,-49,-9,12,8}

============================================================
TEST: TPU top end-to-end inference
============================================================
  case[158] = file_case_158
  stage=1 cycle=1 layer_state=0 pool_state=0
  stage=2 cycle=136104 layer_state=0 pool_state=0
  stage=3 cycle=155037 layer_state=0 pool_state=0
  stage=4 cycle=349186 layer_state=0 pool_state=0
  stage=5 cycle=352691 layer_state=0 pool_state=0
  stage=6 cycle=384815 layer_state=0 pool_state=0
  stage=0 cycle=386174 layer_state=0 pool_state=0
  TOP    : done=1 busy=0 error=0 state=13 stage=0 cycles=386174 err=0x00000000
  LAYER  : state=0 tile_state=0 spatial=0 oc_tile=4 k_tile=7
  POOL   : state=0 channel=9 row=0 col=0

============================================================
TEST: Host readback final logits
============================================================
  case[158] = file_case_158
  actual logits   {28,-49,26,53,-53,6,-49,-9,12,8}
  expected logits {28,-49,26,53,-53,6,-49,-9,12,8}
  mismatches: 0

============================================================
TEST: Host preload input image
============================================================
  case[159] = file_case_159
  UB bank0[0:783] loaded for current input image
  Full schedule: Conv1 -> Pool1 -> Conv2 -> Pool2 -> FC1 -> FC2
  expected logits {-25,8,-23,-17,62,-16,-20,11,-19,23}

============================================================
TEST: TPU top end-to-end inference
============================================================
  case[159] = file_case_159
  stage=1 cycle=1 layer_state=0 pool_state=0
  stage=2 cycle=136104 layer_state=0 pool_state=0
  stage=3 cycle=155037 layer_state=0 pool_state=0
  stage=4 cycle=349186 layer_state=0 pool_state=0
  stage=5 cycle=352691 layer_state=0 pool_state=0
  stage=6 cycle=384815 layer_state=0 pool_state=0
  stage=0 cycle=386174 layer_state=0 pool_state=0
  TOP    : done=1 busy=0 error=0 state=13 stage=0 cycles=386174 err=0x00000000
  LAYER  : state=0 tile_state=0 spatial=0 oc_tile=4 k_tile=7
  POOL   : state=0 channel=9 row=0 col=0

============================================================
TEST: Host readback final logits
============================================================
  case[159] = file_case_159
  actual logits   {-25,8,-23,-17,62,-16,-20,11,-19,23}
  expected logits {-25,8,-23,-17,62,-16,-20,11,-19,23}
  mismatches: 0

============================================================
TEST: Host preload input image
============================================================
  case[160] = file_case_160
  UB bank0[0:783] loaded for current input image
  Full schedule: Conv1 -> Pool1 -> Conv2 -> Pool2 -> FC1 -> FC2
  expected logits {-6,38,-18,-67,66,-16,6,-4,2,-2}

============================================================
TEST: TPU top end-to-end inference
============================================================
  case[160] = file_case_160
  stage=1 cycle=1 layer_state=0 pool_state=0
  stage=2 cycle=136104 layer_state=0 pool_state=0
  stage=3 cycle=155037 layer_state=0 pool_state=0
  stage=4 cycle=349186 layer_state=0 pool_state=0
  stage=5 cycle=352691 layer_state=0 pool_state=0
  stage=6 cycle=384815 layer_state=0 pool_state=0
  stage=0 cycle=386174 layer_state=0 pool_state=0
  TOP    : done=1 busy=0 error=0 state=13 stage=0 cycles=386174 err=0x00000000
  LAYER  : state=0 tile_state=0 spatial=0 oc_tile=4 k_tile=7
  POOL   : state=0 channel=9 row=0 col=0

============================================================
TEST: Host readback final logits
============================================================
  case[160] = file_case_160
  actual logits   {-6,38,-18,-67,66,-16,6,-4,2,-2}
  expected logits {-6,38,-18,-67,66,-16,6,-4,2,-2}
  mismatches: 0

============================================================
TEST: Host preload input image
============================================================
  case[161] = file_case_161
  UB bank0[0:783] loaded for current input image
  Full schedule: Conv1 -> Pool1 -> Conv2 -> Pool2 -> FC1 -> FC2
  expected logits {-15,-40,-9,5,2,39,105,-52,-2,-51}

============================================================
TEST: TPU top end-to-end inference
============================================================
  case[161] = file_case_161
  stage=1 cycle=1 layer_state=0 pool_state=0
  stage=2 cycle=136104 layer_state=0 pool_state=0
  stage=3 cycle=155037 layer_state=0 pool_state=0
  stage=4 cycle=349186 layer_state=0 pool_state=0
  stage=5 cycle=352691 layer_state=0 pool_state=0
  stage=6 cycle=384815 layer_state=0 pool_state=0
  stage=0 cycle=386174 layer_state=0 pool_state=0
  TOP    : done=1 busy=0 error=0 state=13 stage=0 cycles=386174 err=0x00000000
  LAYER  : state=0 tile_state=0 spatial=0 oc_tile=4 k_tile=7
  POOL   : state=0 channel=9 row=0 col=0

============================================================
TEST: Host readback final logits
============================================================
  case[161] = file_case_161
  actual logits   {-15,-40,-9,5,2,39,105,-52,-2,-51}
  expected logits {-15,-40,-9,5,2,39,105,-52,-2,-51}
  mismatches: 0

============================================================
TEST: Host preload input image
============================================================
  case[162] = file_case_162
  UB bank0[0:783] loaded for current input image
  Full schedule: Conv1 -> Pool1 -> Conv2 -> Pool2 -> FC1 -> FC2
  expected logits {-46,-51,-44,17,-18,127,-6,-39,44,25}

============================================================
TEST: TPU top end-to-end inference
============================================================
  case[162] = file_case_162
  stage=1 cycle=1 layer_state=0 pool_state=0
  stage=2 cycle=136104 layer_state=0 pool_state=0
  stage=3 cycle=155037 layer_state=0 pool_state=0
  stage=4 cycle=349186 layer_state=0 pool_state=0
  stage=5 cycle=352691 layer_state=0 pool_state=0
  stage=6 cycle=384815 layer_state=0 pool_state=0
  stage=0 cycle=386174 layer_state=0 pool_state=0
  TOP    : done=1 busy=0 error=0 state=13 stage=0 cycles=386174 err=0x00000000
  LAYER  : state=0 tile_state=0 spatial=0 oc_tile=4 k_tile=7
  POOL   : state=0 channel=9 row=0 col=0

============================================================
TEST: Host readback final logits
============================================================
  case[162] = file_case_162
  actual logits   {-46,-51,-44,17,-18,127,-6,-39,44,25}
  expected logits {-46,-51,-44,17,-18,127,-6,-39,44,25}
  mismatches: 0

============================================================
TEST: Host preload input image
============================================================
  case[163] = file_case_163
  UB bank0[0:783] loaded for current input image
  Full schedule: Conv1 -> Pool1 -> Conv2 -> Pool2 -> FC1 -> FC2
  expected logits {-25,-19,-57,-42,109,-13,-3,14,5,23}

============================================================
TEST: TPU top end-to-end inference
============================================================
  case[163] = file_case_163
  stage=1 cycle=1 layer_state=0 pool_state=0
  stage=2 cycle=136104 layer_state=0 pool_state=0
  stage=3 cycle=155037 layer_state=0 pool_state=0
  stage=4 cycle=349186 layer_state=0 pool_state=0
  stage=5 cycle=352691 layer_state=0 pool_state=0
  stage=6 cycle=384815 layer_state=0 pool_state=0
  stage=0 cycle=386174 layer_state=0 pool_state=0
  TOP    : done=1 busy=0 error=0 state=13 stage=0 cycles=386174 err=0x00000000
  LAYER  : state=0 tile_state=0 spatial=0 oc_tile=4 k_tile=7
  POOL   : state=0 channel=9 row=0 col=0

============================================================
TEST: Host readback final logits
============================================================
  case[163] = file_case_163
  actual logits   {-25,-19,-57,-42,109,-13,-3,14,5,23}
  expected logits {-25,-19,-57,-42,109,-13,-3,14,5,23}
  mismatches: 0

============================================================
TEST: Host preload input image
============================================================
  case[164] = file_case_164
  UB bank0[0:783] loaded for current input image
  Full schedule: Conv1 -> Pool1 -> Conv2 -> Pool2 -> FC1 -> FC2
  expected logits {1,6,-24,-38,2,4,83,6,9,-69}

============================================================
TEST: TPU top end-to-end inference
============================================================
  case[164] = file_case_164
  stage=1 cycle=1 layer_state=0 pool_state=0
  stage=2 cycle=136104 layer_state=0 pool_state=0
  stage=3 cycle=155037 layer_state=0 pool_state=0
  stage=4 cycle=349186 layer_state=0 pool_state=0
  stage=5 cycle=352691 layer_state=0 pool_state=0
  stage=6 cycle=384815 layer_state=0 pool_state=0
  stage=0 cycle=386174 layer_state=0 pool_state=0
  TOP    : done=1 busy=0 error=0 state=13 stage=0 cycles=386174 err=0x00000000
  LAYER  : state=0 tile_state=0 spatial=0 oc_tile=4 k_tile=7
  POOL   : state=0 channel=9 row=0 col=0

============================================================
TEST: Host readback final logits
============================================================
  case[164] = file_case_164
  actual logits   {1,6,-24,-38,2,4,83,6,9,-69}
  expected logits {1,6,-24,-38,2,4,83,6,9,-69}
  mismatches: 0

============================================================
TEST: Host preload input image
============================================================
  case[165] = file_case_165
  UB bank0[0:783] loaded for current input image
  Full schedule: Conv1 -> Pool1 -> Conv2 -> Pool2 -> FC1 -> FC2
  expected logits {-34,-66,-21,27,-48,116,-3,-20,22,15}

============================================================
TEST: TPU top end-to-end inference
============================================================
  case[165] = file_case_165
  stage=1 cycle=1 layer_state=0 pool_state=0
  stage=2 cycle=136104 layer_state=0 pool_state=0
  stage=3 cycle=155037 layer_state=0 pool_state=0
  stage=4 cycle=349186 layer_state=0 pool_state=0
  stage=5 cycle=352691 layer_state=0 pool_state=0
  stage=6 cycle=384815 layer_state=0 pool_state=0
  stage=0 cycle=386174 layer_state=0 pool_state=0
  TOP    : done=1 busy=0 error=0 state=13 stage=0 cycles=386174 err=0x00000000
  LAYER  : state=0 tile_state=0 spatial=0 oc_tile=4 k_tile=7
  POOL   : state=0 channel=9 row=0 col=0

============================================================
TEST: Host readback final logits
============================================================
  case[165] = file_case_165
  actual logits   {-34,-66,-21,27,-48,116,-3,-20,22,15}
  expected logits {-34,-66,-21,27,-48,116,-3,-20,22,15}
  mismatches: 0

============================================================
TEST: Host preload input image
============================================================
  case[166] = file_case_166
  UB bank0[0:783] loaded for current input image
  Full schedule: Conv1 -> Pool1 -> Conv2 -> Pool2 -> FC1 -> FC2
  expected logits {-8,12,-30,-50,86,-27,-8,22,-15,13}

============================================================
TEST: TPU top end-to-end inference
============================================================
  case[166] = file_case_166
  stage=1 cycle=1 layer_state=0 pool_state=0
  stage=2 cycle=136104 layer_state=0 pool_state=0
  stage=3 cycle=155037 layer_state=0 pool_state=0
  stage=4 cycle=349186 layer_state=0 pool_state=0
  stage=5 cycle=352691 layer_state=0 pool_state=0
  stage=6 cycle=384815 layer_state=0 pool_state=0
  stage=0 cycle=386174 layer_state=0 pool_state=0
  TOP    : done=1 busy=0 error=0 state=13 stage=0 cycles=386174 err=0x00000000
  LAYER  : state=0 tile_state=0 spatial=0 oc_tile=4 k_tile=7
  POOL   : state=0 channel=9 row=0 col=0

============================================================
TEST: Host readback final logits
============================================================
  case[166] = file_case_166
  actual logits   {-8,12,-30,-50,86,-27,-8,22,-15,13}
  expected logits {-8,12,-30,-50,86,-27,-8,22,-15,13}
  mismatches: 0

============================================================
TEST: Host preload input image
============================================================
  case[167] = file_case_167
  UB bank0[0:783] loaded for current input image
  Full schedule: Conv1 -> Pool1 -> Conv2 -> Pool2 -> FC1 -> FC2
  expected logits {3,-40,-15,6,-15,55,9,4,-24,-4}

============================================================
TEST: TPU top end-to-end inference
============================================================
  case[167] = file_case_167
  stage=1 cycle=1 layer_state=0 pool_state=0
  stage=2 cycle=136104 layer_state=0 pool_state=0
  stage=3 cycle=155037 layer_state=0 pool_state=0
  stage=4 cycle=349186 layer_state=0 pool_state=0
  stage=5 cycle=352691 layer_state=0 pool_state=0
  stage=6 cycle=384815 layer_state=0 pool_state=0
  stage=0 cycle=386174 layer_state=0 pool_state=0
  TOP    : done=1 busy=0 error=0 state=13 stage=0 cycles=386174 err=0x00000000
  LAYER  : state=0 tile_state=0 spatial=0 oc_tile=4 k_tile=7
  POOL   : state=0 channel=9 row=0 col=0

============================================================
TEST: Host readback final logits
============================================================
  case[167] = file_case_167
  actual logits   {3,-40,-15,6,-15,55,9,4,-24,-4}
  expected logits {3,-40,-15,6,-15,55,9,4,-24,-4}
  mismatches: 0

============================================================
TEST: Host preload input image
============================================================
  case[168] = file_case_168
  UB bank0[0:783] loaded for current input image
  Full schedule: Conv1 -> Pool1 -> Conv2 -> Pool2 -> FC1 -> FC2
  expected logits {-17,67,0,-22,-1,4,4,-16,6,-32}

============================================================
TEST: TPU top end-to-end inference
============================================================
  case[168] = file_case_168
  stage=1 cycle=1 layer_state=0 pool_state=0
  stage=2 cycle=136104 layer_state=0 pool_state=0
  stage=3 cycle=155037 layer_state=0 pool_state=0
  stage=4 cycle=349186 layer_state=0 pool_state=0
  stage=5 cycle=352691 layer_state=0 pool_state=0
  stage=6 cycle=384815 layer_state=0 pool_state=0
  stage=0 cycle=386174 layer_state=0 pool_state=0
  TOP    : done=1 busy=0 error=0 state=13 stage=0 cycles=386174 err=0x00000000
  LAYER  : state=0 tile_state=0 spatial=0 oc_tile=4 k_tile=7
  POOL   : state=0 channel=9 row=0 col=0

============================================================
TEST: Host readback final logits
============================================================
  case[168] = file_case_168
  actual logits   {-17,67,0,-22,-1,4,4,-16,6,-32}
  expected logits {-17,67,0,-22,-1,4,4,-16,6,-32}
  mismatches: 0

============================================================
TEST: Host preload input image
============================================================
  case[169] = file_case_169
  UB bank0[0:783] loaded for current input image
  Full schedule: Conv1 -> Pool1 -> Conv2 -> Pool2 -> FC1 -> FC2
  expected logits {-21,4,-14,-60,91,-13,-13,22,-12,6}

============================================================
TEST: TPU top end-to-end inference
============================================================
  case[169] = file_case_169
  stage=1 cycle=1 layer_state=0 pool_state=0
  stage=2 cycle=136104 layer_state=0 pool_state=0
  stage=3 cycle=155037 layer_state=0 pool_state=0
  stage=4 cycle=349186 layer_state=0 pool_state=0
  stage=5 cycle=352691 layer_state=0 pool_state=0
  stage=6 cycle=384815 layer_state=0 pool_state=0
  stage=0 cycle=386174 layer_state=0 pool_state=0
  TOP    : done=1 busy=0 error=0 state=13 stage=0 cycles=386174 err=0x00000000
  LAYER  : state=0 tile_state=0 spatial=0 oc_tile=4 k_tile=7
  POOL   : state=0 channel=9 row=0 col=0

============================================================
TEST: Host readback final logits
============================================================
  case[169] = file_case_169
  actual logits   {-21,4,-14,-60,91,-13,-13,22,-12,6}
  expected logits {-21,4,-14,-60,91,-13,-13,22,-12,6}
  mismatches: 0

============================================================
TEST: Host preload input image
============================================================
  case[170] = file_case_170
  UB bank0[0:783] loaded for current input image
  Full schedule: Conv1 -> Pool1 -> Conv2 -> Pool2 -> FC1 -> FC2
  expected logits {-25,4,-28,-31,98,-12,-29,11,-19,32}

============================================================
TEST: TPU top end-to-end inference
============================================================
  case[170] = file_case_170
  stage=1 cycle=1 layer_state=0 pool_state=0
  stage=2 cycle=136104 layer_state=0 pool_state=0
  stage=3 cycle=155037 layer_state=0 pool_state=0
  stage=4 cycle=349186 layer_state=0 pool_state=0
  stage=5 cycle=352691 layer_state=0 pool_state=0
  stage=6 cycle=384815 layer_state=0 pool_state=0
  stage=0 cycle=386174 layer_state=0 pool_state=0
  TOP    : done=1 busy=0 error=0 state=13 stage=0 cycles=386174 err=0x00000000
  LAYER  : state=0 tile_state=0 spatial=0 oc_tile=4 k_tile=7
  POOL   : state=0 channel=9 row=0 col=0

============================================================
TEST: Host readback final logits
============================================================
  case[170] = file_case_170
  actual logits   {-25,4,-28,-31,98,-12,-29,11,-19,32}
  expected logits {-25,4,-28,-31,98,-12,-29,11,-19,32}
  mismatches: 0

============================================================
TEST: Host preload input image
============================================================
  case[171] = file_case_171
  UB bank0[0:783] loaded for current input image
  Full schedule: Conv1 -> Pool1 -> Conv2 -> Pool2 -> FC1 -> FC2
  expected logits {2,-27,49,28,-51,-40,-98,56,11,13}

============================================================
TEST: TPU top end-to-end inference
============================================================
  case[171] = file_case_171
  stage=1 cycle=1 layer_state=0 pool_state=0
  stage=2 cycle=136104 layer_state=0 pool_state=0
  stage=3 cycle=155037 layer_state=0 pool_state=0
  stage=4 cycle=349186 layer_state=0 pool_state=0
  stage=5 cycle=352691 layer_state=0 pool_state=0
  stage=6 cycle=384815 layer_state=0 pool_state=0
  stage=0 cycle=386174 layer_state=0 pool_state=0
  TOP    : done=1 busy=0 error=0 state=13 stage=0 cycles=386174 err=0x00000000
  LAYER  : state=0 tile_state=0 spatial=0 oc_tile=4 k_tile=7
  POOL   : state=0 channel=9 row=0 col=0

============================================================
TEST: Host readback final logits
============================================================
  case[171] = file_case_171
  actual logits   {2,-27,49,28,-51,-40,-98,56,11,13}
  expected logits {2,-27,49,28,-51,-40,-98,56,11,13}
  mismatches: 0

============================================================
TEST: Host preload input image
============================================================
  case[172] = file_case_172
  UB bank0[0:783] loaded for current input image
  Full schedule: Conv1 -> Pool1 -> Conv2 -> Pool2 -> FC1 -> FC2
  expected logits {7,13,89,31,-111,-25,-3,-23,51,-74}

============================================================
TEST: TPU top end-to-end inference
============================================================
  case[172] = file_case_172
  stage=1 cycle=1 layer_state=0 pool_state=0
  stage=2 cycle=136104 layer_state=0 pool_state=0
  stage=3 cycle=155037 layer_state=0 pool_state=0
  stage=4 cycle=349186 layer_state=0 pool_state=0
  stage=5 cycle=352691 layer_state=0 pool_state=0
  stage=6 cycle=384815 layer_state=0 pool_state=0
  stage=0 cycle=386174 layer_state=0 pool_state=0
  TOP    : done=1 busy=0 error=0 state=13 stage=0 cycles=386174 err=0x00000000
  LAYER  : state=0 tile_state=0 spatial=0 oc_tile=4 k_tile=7
  POOL   : state=0 channel=9 row=0 col=0

============================================================
TEST: Host readback final logits
============================================================
  case[172] = file_case_172
  actual logits   {7,13,89,31,-111,-25,-3,-23,51,-74}
  expected logits {7,13,89,31,-111,-25,-3,-23,51,-74}
  mismatches: 0

============================================================
TEST: Host preload input image
============================================================
  case[173] = file_case_173
  UB bank0[0:783] loaded for current input image
  Full schedule: Conv1 -> Pool1 -> Conv2 -> Pool2 -> FC1 -> FC2
  expected logits {-24,-37,8,79,-46,23,-73,14,27,-10}

============================================================
TEST: TPU top end-to-end inference
============================================================
  case[173] = file_case_173
  stage=1 cycle=1 layer_state=0 pool_state=0
  stage=2 cycle=136104 layer_state=0 pool_state=0
  stage=3 cycle=155037 layer_state=0 pool_state=0
  stage=4 cycle=349186 layer_state=0 pool_state=0
  stage=5 cycle=352691 layer_state=0 pool_state=0
  stage=6 cycle=384815 layer_state=0 pool_state=0
  stage=0 cycle=386174 layer_state=0 pool_state=0
  TOP    : done=1 busy=0 error=0 state=13 stage=0 cycles=386174 err=0x00000000
  LAYER  : state=0 tile_state=0 spatial=0 oc_tile=4 k_tile=7
  POOL   : state=0 channel=9 row=0 col=0

============================================================
TEST: Host readback final logits
============================================================
  case[173] = file_case_173
  actual logits   {-24,-37,8,79,-46,23,-73,14,27,-10}
  expected logits {-24,-37,8,79,-46,23,-73,14,27,-10}
  mismatches: 0

============================================================
TEST: Host preload input image
============================================================
  case[174] = file_case_174
  UB bank0[0:783] loaded for current input image
  Full schedule: Conv1 -> Pool1 -> Conv2 -> Pool2 -> FC1 -> FC2
  expected logits {-16,8,91,-4,-19,-46,-33,-18,24,-11}

============================================================
TEST: TPU top end-to-end inference
============================================================
  case[174] = file_case_174
  stage=1 cycle=1 layer_state=0 pool_state=0
  stage=2 cycle=136104 layer_state=0 pool_state=0
  stage=3 cycle=155037 layer_state=0 pool_state=0
  stage=4 cycle=349186 layer_state=0 pool_state=0
  stage=5 cycle=352691 layer_state=0 pool_state=0
  stage=6 cycle=384815 layer_state=0 pool_state=0
  stage=0 cycle=386174 layer_state=0 pool_state=0
  TOP    : done=1 busy=0 error=0 state=13 stage=0 cycles=386174 err=0x00000000
  LAYER  : state=0 tile_state=0 spatial=0 oc_tile=4 k_tile=7
  POOL   : state=0 channel=9 row=0 col=0

============================================================
TEST: Host readback final logits
============================================================
  case[174] = file_case_174
  actual logits   {-16,8,91,-4,-19,-46,-33,-18,24,-11}
  expected logits {-16,8,91,-4,-19,-46,-33,-18,24,-11}
  mismatches: 0

============================================================
TEST: Host preload input image
============================================================
  case[175] = file_case_175
  UB bank0[0:783] loaded for current input image
  Full schedule: Conv1 -> Pool1 -> Conv2 -> Pool2 -> FC1 -> FC2
  expected logits {-20,12,14,11,-31,-28,-48,38,2,-1}

============================================================
TEST: TPU top end-to-end inference
============================================================
  case[175] = file_case_175
  stage=1 cycle=1 layer_state=0 pool_state=0
  stage=2 cycle=136104 layer_state=0 pool_state=0
  stage=3 cycle=155037 layer_state=0 pool_state=0
  stage=4 cycle=349186 layer_state=0 pool_state=0
  stage=5 cycle=352691 layer_state=0 pool_state=0
  stage=6 cycle=384815 layer_state=0 pool_state=0
  stage=0 cycle=386174 layer_state=0 pool_state=0
  TOP    : done=1 busy=0 error=0 state=13 stage=0 cycles=386174 err=0x00000000
  LAYER  : state=0 tile_state=0 spatial=0 oc_tile=4 k_tile=7
  POOL   : state=0 channel=9 row=0 col=0

============================================================
TEST: Host readback final logits
============================================================
  case[175] = file_case_175
  actual logits   {-20,12,14,11,-31,-28,-48,38,2,-1}
  expected logits {-20,12,14,11,-31,-28,-48,38,2,-1}
  mismatches: 0

============================================================
TEST: Host preload input image
============================================================
  case[176] = file_case_176
  UB bank0[0:783] loaded for current input image
  Full schedule: Conv1 -> Pool1 -> Conv2 -> Pool2 -> FC1 -> FC2
  expected logits {-7,45,-7,-30,5,-9,-4,2,-4,-10}

============================================================
TEST: TPU top end-to-end inference
============================================================
  case[176] = file_case_176
  stage=1 cycle=1 layer_state=0 pool_state=0
  stage=2 cycle=136104 layer_state=0 pool_state=0
  stage=3 cycle=155037 layer_state=0 pool_state=0
  stage=4 cycle=349186 layer_state=0 pool_state=0
  stage=5 cycle=352691 layer_state=0 pool_state=0
  stage=6 cycle=384815 layer_state=0 pool_state=0
  stage=0 cycle=386174 layer_state=0 pool_state=0
  TOP    : done=1 busy=0 error=0 state=13 stage=0 cycles=386174 err=0x00000000
  LAYER  : state=0 tile_state=0 spatial=0 oc_tile=4 k_tile=7
  POOL   : state=0 channel=9 row=0 col=0

============================================================
TEST: Host readback final logits
============================================================
  case[176] = file_case_176
  actual logits   {-7,45,-7,-30,5,-9,-4,2,-4,-10}
  expected logits {-7,45,-7,-30,5,-9,-4,2,-4,-10}
  mismatches: 0

============================================================
TEST: Host preload input image
============================================================
  case[177] = file_case_177
  UB bank0[0:783] loaded for current input image
  Full schedule: Conv1 -> Pool1 -> Conv2 -> Pool2 -> FC1 -> FC2
  expected logits {4,-29,5,-15,-1,-15,9,-29,50,12}

============================================================
TEST: TPU top end-to-end inference
============================================================
  case[177] = file_case_177
  stage=1 cycle=1 layer_state=0 pool_state=0
  stage=2 cycle=136104 layer_state=0 pool_state=0
  stage=3 cycle=155037 layer_state=0 pool_state=0
  stage=4 cycle=349186 layer_state=0 pool_state=0
  stage=5 cycle=352691 layer_state=0 pool_state=0
  stage=6 cycle=384815 layer_state=0 pool_state=0
  stage=0 cycle=386174 layer_state=0 pool_state=0
  TOP    : done=1 busy=0 error=0 state=13 stage=0 cycles=386174 err=0x00000000
  LAYER  : state=0 tile_state=0 spatial=0 oc_tile=4 k_tile=7
  POOL   : state=0 channel=9 row=0 col=0

============================================================
TEST: Host readback final logits
============================================================
  case[177] = file_case_177
  actual logits   {4,-29,5,-15,-1,-15,9,-29,50,12}
  expected logits {4,-29,5,-15,-1,-15,9,-29,50,12}
  mismatches: 0

============================================================
TEST: Host preload input image
============================================================
  case[178] = file_case_178
  UB bank0[0:783] loaded for current input image
  Full schedule: Conv1 -> Pool1 -> Conv2 -> Pool2 -> FC1 -> FC2
  expected logits {-20,70,-4,-17,3,-21,-15,-5,3,-17}

============================================================
TEST: TPU top end-to-end inference
============================================================
  case[178] = file_case_178
  stage=1 cycle=1 layer_state=0 pool_state=0
  stage=2 cycle=136104 layer_state=0 pool_state=0
  stage=3 cycle=155037 layer_state=0 pool_state=0
  stage=4 cycle=349186 layer_state=0 pool_state=0
  stage=5 cycle=352691 layer_state=0 pool_state=0
  stage=6 cycle=384815 layer_state=0 pool_state=0
  stage=0 cycle=386174 layer_state=0 pool_state=0
  TOP    : done=1 busy=0 error=0 state=13 stage=0 cycles=386174 err=0x00000000
  LAYER  : state=0 tile_state=0 spatial=0 oc_tile=4 k_tile=7
  POOL   : state=0 channel=9 row=0 col=0

============================================================
TEST: Host readback final logits
============================================================
  case[178] = file_case_178
  actual logits   {-20,70,-4,-17,3,-21,-15,-5,3,-17}
  expected logits {-20,70,-4,-17,3,-21,-15,-5,3,-17}
  mismatches: 0

============================================================
TEST: Host preload input image
============================================================
  case[179] = file_case_179
  UB bank0[0:783] loaded for current input image
  Full schedule: Conv1 -> Pool1 -> Conv2 -> Pool2 -> FC1 -> FC2
  expected logits {-16,-4,49,21,-47,-9,-19,-56,106,-22}

============================================================
TEST: TPU top end-to-end inference
============================================================
  case[179] = file_case_179
  stage=1 cycle=1 layer_state=0 pool_state=0
  stage=2 cycle=136104 layer_state=0 pool_state=0
  stage=3 cycle=155037 layer_state=0 pool_state=0
  stage=4 cycle=349186 layer_state=0 pool_state=0
  stage=5 cycle=352691 layer_state=0 pool_state=0
  stage=6 cycle=384815 layer_state=0 pool_state=0
  stage=0 cycle=386174 layer_state=0 pool_state=0
  TOP    : done=1 busy=0 error=0 state=13 stage=0 cycles=386174 err=0x00000000
  LAYER  : state=0 tile_state=0 spatial=0 oc_tile=4 k_tile=7
  POOL   : state=0 channel=9 row=0 col=0

============================================================
TEST: Host readback final logits
============================================================
  case[179] = file_case_179
  actual logits   {-16,-4,49,21,-47,-9,-19,-56,106,-22}
  expected logits {-16,-4,49,21,-47,-9,-19,-56,106,-22}
  mismatches: 0

============================================================
TEST: Host preload input image
============================================================
  case[180] = file_case_180
  UB bank0[0:783] loaded for current input image
  Full schedule: Conv1 -> Pool1 -> Conv2 -> Pool2 -> FC1 -> FC2
  expected logits {-15,63,-1,-23,3,-23,-23,1,5,-7}

============================================================
TEST: TPU top end-to-end inference
============================================================
  case[180] = file_case_180
  stage=1 cycle=1 layer_state=0 pool_state=0
  stage=2 cycle=136104 layer_state=0 pool_state=0
  stage=3 cycle=155037 layer_state=0 pool_state=0
  stage=4 cycle=349186 layer_state=0 pool_state=0
  stage=5 cycle=352691 layer_state=0 pool_state=0
  stage=6 cycle=384815 layer_state=0 pool_state=0
  stage=0 cycle=386174 layer_state=0 pool_state=0
  TOP    : done=1 busy=0 error=0 state=13 stage=0 cycles=386174 err=0x00000000
  LAYER  : state=0 tile_state=0 spatial=0 oc_tile=4 k_tile=7
  POOL   : state=0 channel=9 row=0 col=0

============================================================
TEST: Host readback final logits
============================================================
  case[180] = file_case_180
  actual logits   {-15,63,-1,-23,3,-23,-23,1,5,-7}
  expected logits {-15,63,-1,-23,3,-23,-23,1,5,-7}
  mismatches: 0

============================================================
TEST: Host preload input image
============================================================
  case[181] = file_case_181
  UB bank0[0:783] loaded for current input image
  Full schedule: Conv1 -> Pool1 -> Conv2 -> Pool2 -> FC1 -> FC2
  expected logits {-29,-28,18,31,-83,29,-8,-32,94,-22}

============================================================
TEST: TPU top end-to-end inference
============================================================
  case[181] = file_case_181
  stage=1 cycle=1 layer_state=0 pool_state=0
  stage=2 cycle=136104 layer_state=0 pool_state=0
  stage=3 cycle=155037 layer_state=0 pool_state=0
  stage=4 cycle=349186 layer_state=0 pool_state=0
  stage=5 cycle=352691 layer_state=0 pool_state=0
  stage=6 cycle=384815 layer_state=0 pool_state=0
  stage=0 cycle=386174 layer_state=0 pool_state=0
  TOP    : done=1 busy=0 error=0 state=13 stage=0 cycles=386174 err=0x00000000
  LAYER  : state=0 tile_state=0 spatial=0 oc_tile=4 k_tile=7
  POOL   : state=0 channel=9 row=0 col=0

============================================================
TEST: Host readback final logits
============================================================
  case[181] = file_case_181
  actual logits   {-29,-28,18,31,-83,29,-8,-32,94,-22}
  expected logits {-29,-28,18,31,-83,29,-8,-32,94,-22}
  mismatches: 0

============================================================
TEST: Host preload input image
============================================================
  case[182] = file_case_182
  UB bank0[0:783] loaded for current input image
  Full schedule: Conv1 -> Pool1 -> Conv2 -> Pool2 -> FC1 -> FC2
  expected logits {-34,-29,-55,14,9,83,16,-35,35,9}

============================================================
TEST: TPU top end-to-end inference
============================================================
  case[182] = file_case_182
  stage=1 cycle=1 layer_state=0 pool_state=0
  stage=2 cycle=136104 layer_state=0 pool_state=0
  stage=3 cycle=155037 layer_state=0 pool_state=0
  stage=4 cycle=349186 layer_state=0 pool_state=0
  stage=5 cycle=352691 layer_state=0 pool_state=0
  stage=6 cycle=384815 layer_state=0 pool_state=0
  stage=0 cycle=386174 layer_state=0 pool_state=0
  TOP    : done=1 busy=0 error=0 state=13 stage=0 cycles=386174 err=0x00000000
  LAYER  : state=0 tile_state=0 spatial=0 oc_tile=4 k_tile=7
  POOL   : state=0 channel=9 row=0 col=0

============================================================
TEST: Host readback final logits
============================================================
  case[182] = file_case_182
  actual logits   {-34,-29,-55,14,9,83,16,-35,35,9}
  expected logits {-34,-29,-55,14,9,83,16,-35,35,9}
  mismatches: 0

============================================================
TEST: Host preload input image
============================================================
  case[183] = file_case_183
  UB bank0[0:783] loaded for current input image
  Full schedule: Conv1 -> Pool1 -> Conv2 -> Pool2 -> FC1 -> FC2
  expected logits {108,-10,32,-70,-37,-28,28,7,-27,-15}

============================================================
TEST: TPU top end-to-end inference
============================================================
  case[183] = file_case_183
  stage=1 cycle=1 layer_state=0 pool_state=0
  stage=2 cycle=136104 layer_state=0 pool_state=0
  stage=3 cycle=155037 layer_state=0 pool_state=0
  stage=4 cycle=349186 layer_state=0 pool_state=0
  stage=5 cycle=352691 layer_state=0 pool_state=0
  stage=6 cycle=384815 layer_state=0 pool_state=0
  stage=0 cycle=386174 layer_state=0 pool_state=0
  TOP    : done=1 busy=0 error=0 state=13 stage=0 cycles=386174 err=0x00000000
  LAYER  : state=0 tile_state=0 spatial=0 oc_tile=4 k_tile=7
  POOL   : state=0 channel=9 row=0 col=0

============================================================
TEST: Host readback final logits
============================================================
  case[183] = file_case_183
  actual logits   {108,-10,32,-70,-37,-28,28,7,-27,-15}
  expected logits {108,-10,32,-70,-37,-28,28,7,-27,-15}
  mismatches: 0

============================================================
TEST: Host preload input image
============================================================
  case[184] = file_case_184
  UB bank0[0:783] loaded for current input image
  Full schedule: Conv1 -> Pool1 -> Conv2 -> Pool2 -> FC1 -> FC2
  expected logits {-4,-33,28,57,-85,-5,-42,-4,54,-16}

============================================================
TEST: TPU top end-to-end inference
============================================================
  case[184] = file_case_184
  stage=1 cycle=1 layer_state=0 pool_state=0
  stage=2 cycle=136104 layer_state=0 pool_state=0
  stage=3 cycle=155037 layer_state=0 pool_state=0
  stage=4 cycle=349186 layer_state=0 pool_state=0
  stage=5 cycle=352691 layer_state=0 pool_state=0
  stage=6 cycle=384815 layer_state=0 pool_state=0
  stage=0 cycle=386174 layer_state=0 pool_state=0
  TOP    : done=1 busy=0 error=0 state=13 stage=0 cycles=386174 err=0x00000000
  LAYER  : state=0 tile_state=0 spatial=0 oc_tile=4 k_tile=7
  POOL   : state=0 channel=9 row=0 col=0

============================================================
TEST: Host readback final logits
============================================================
  case[184] = file_case_184
  actual logits   {-4,-33,28,57,-85,-5,-42,-4,54,-16}
  expected logits {-4,-33,28,57,-85,-5,-42,-4,54,-16}
  mismatches: 0

============================================================
TEST: Host preload input image
============================================================
  case[185] = file_case_185
  UB bank0[0:783] loaded for current input image
  Full schedule: Conv1 -> Pool1 -> Conv2 -> Pool2 -> FC1 -> FC2
  expected logits {-27,-53,-55,-11,26,-3,-12,3,12,75}

============================================================
TEST: TPU top end-to-end inference
============================================================
  case[185] = file_case_185
  stage=1 cycle=1 layer_state=0 pool_state=0
  stage=2 cycle=136104 layer_state=0 pool_state=0
  stage=3 cycle=155037 layer_state=0 pool_state=0
  stage=4 cycle=349186 layer_state=0 pool_state=0
  stage=5 cycle=352691 layer_state=0 pool_state=0
  stage=6 cycle=384815 layer_state=0 pool_state=0
  stage=0 cycle=386174 layer_state=0 pool_state=0
  TOP    : done=1 busy=0 error=0 state=13 stage=0 cycles=386174 err=0x00000000
  LAYER  : state=0 tile_state=0 spatial=0 oc_tile=4 k_tile=7
  POOL   : state=0 channel=9 row=0 col=0

============================================================
TEST: Host readback final logits
============================================================
  case[185] = file_case_185
  actual logits   {-27,-53,-55,-11,26,-3,-12,3,12,75}
  expected logits {-27,-53,-55,-11,26,-3,-12,3,12,75}
  mismatches: 0

============================================================
TEST: Host preload input image
============================================================
  case[186] = file_case_186
  UB bank0[0:783] loaded for current input image
  Full schedule: Conv1 -> Pool1 -> Conv2 -> Pool2 -> FC1 -> FC2
  expected logits {20,23,104,47,-98,-60,-23,-9,28,-84}

============================================================
TEST: TPU top end-to-end inference
============================================================
  case[186] = file_case_186
  stage=1 cycle=1 layer_state=0 pool_state=0
  stage=2 cycle=136104 layer_state=0 pool_state=0
  stage=3 cycle=155037 layer_state=0 pool_state=0
  stage=4 cycle=349186 layer_state=0 pool_state=0
  stage=5 cycle=352691 layer_state=0 pool_state=0
  stage=6 cycle=384815 layer_state=0 pool_state=0
  stage=0 cycle=386174 layer_state=0 pool_state=0
  TOP    : done=1 busy=0 error=0 state=13 stage=0 cycles=386174 err=0x00000000
  LAYER  : state=0 tile_state=0 spatial=0 oc_tile=4 k_tile=7
  POOL   : state=0 channel=9 row=0 col=0

============================================================
TEST: Host readback final logits
============================================================
  case[186] = file_case_186
  actual logits   {20,23,104,47,-98,-60,-23,-9,28,-84}
  expected logits {20,23,104,47,-98,-60,-23,-9,28,-84}
  mismatches: 0

============================================================
TEST: Host preload input image
============================================================
  case[187] = file_case_187
  UB bank0[0:783] loaded for current input image
  Full schedule: Conv1 -> Pool1 -> Conv2 -> Pool2 -> FC1 -> FC2
  expected logits {-61,-60,-18,44,-38,122,-3,-42,33,9}

============================================================
TEST: TPU top end-to-end inference
============================================================
  case[187] = file_case_187
  stage=1 cycle=1 layer_state=0 pool_state=0
  stage=2 cycle=136104 layer_state=0 pool_state=0
  stage=3 cycle=155037 layer_state=0 pool_state=0
  stage=4 cycle=349186 layer_state=0 pool_state=0
  stage=5 cycle=352691 layer_state=0 pool_state=0
  stage=6 cycle=384815 layer_state=0 pool_state=0
  stage=0 cycle=386174 layer_state=0 pool_state=0
  TOP    : done=1 busy=0 error=0 state=13 stage=0 cycles=386174 err=0x00000000
  LAYER  : state=0 tile_state=0 spatial=0 oc_tile=4 k_tile=7
  POOL   : state=0 channel=9 row=0 col=0

============================================================
TEST: Host readback final logits
============================================================
  case[187] = file_case_187
  actual logits   {-61,-60,-18,44,-38,122,-3,-42,33,9}
  expected logits {-61,-60,-18,44,-38,122,-3,-42,33,9}
  mismatches: 0

============================================================
TEST: Host preload input image
============================================================
  case[188] = file_case_188
  UB bank0[0:783] loaded for current input image
  Full schedule: Conv1 -> Pool1 -> Conv2 -> Pool2 -> FC1 -> FC2
  expected logits {93,-2,2,-85,-52,5,36,19,-6,-28}

============================================================
TEST: TPU top end-to-end inference
============================================================
  case[188] = file_case_188
  stage=1 cycle=1 layer_state=0 pool_state=0
  stage=2 cycle=136104 layer_state=0 pool_state=0
  stage=3 cycle=155037 layer_state=0 pool_state=0
  stage=4 cycle=349186 layer_state=0 pool_state=0
  stage=5 cycle=352691 layer_state=0 pool_state=0
  stage=6 cycle=384815 layer_state=0 pool_state=0
  stage=0 cycle=386174 layer_state=0 pool_state=0
  TOP    : done=1 busy=0 error=0 state=13 stage=0 cycles=386174 err=0x00000000
  LAYER  : state=0 tile_state=0 spatial=0 oc_tile=4 k_tile=7
  POOL   : state=0 channel=9 row=0 col=0

============================================================
TEST: Host readback final logits
============================================================
  case[188] = file_case_188
  actual logits   {93,-2,2,-85,-52,5,36,19,-6,-28}
  expected logits {93,-2,2,-85,-52,5,36,19,-6,-28}
  mismatches: 0

============================================================
TEST: Host preload input image
============================================================
  case[189] = file_case_189
  UB bank0[0:783] loaded for current input image
  Full schedule: Conv1 -> Pool1 -> Conv2 -> Pool2 -> FC1 -> FC2
  expected logits {-25,49,-6,-7,12,3,-11,-6,10,-25}

============================================================
TEST: TPU top end-to-end inference
============================================================
  case[189] = file_case_189
  stage=1 cycle=1 layer_state=0 pool_state=0
  stage=2 cycle=136104 layer_state=0 pool_state=0
  stage=3 cycle=155037 layer_state=0 pool_state=0
  stage=4 cycle=349186 layer_state=0 pool_state=0
  stage=5 cycle=352691 layer_state=0 pool_state=0
  stage=6 cycle=384815 layer_state=0 pool_state=0
  stage=0 cycle=386174 layer_state=0 pool_state=0
  TOP    : done=1 busy=0 error=0 state=13 stage=0 cycles=386174 err=0x00000000
  LAYER  : state=0 tile_state=0 spatial=0 oc_tile=4 k_tile=7
  POOL   : state=0 channel=9 row=0 col=0

============================================================
TEST: Host readback final logits
============================================================
  case[189] = file_case_189
  actual logits   {-25,49,-6,-7,12,3,-11,-6,10,-25}
  expected logits {-25,49,-6,-7,12,3,-11,-6,10,-25}
  mismatches: 0

============================================================
TEST: Host preload input image
============================================================
  case[190] = file_case_190
  UB bank0[0:783] loaded for current input image
  Full schedule: Conv1 -> Pool1 -> Conv2 -> Pool2 -> FC1 -> FC2
  expected logits {-2,46,11,-28,5,-36,-15,-3,6,-9}

============================================================
TEST: TPU top end-to-end inference
============================================================
  case[190] = file_case_190
  stage=1 cycle=1 layer_state=0 pool_state=0
  stage=2 cycle=136104 layer_state=0 pool_state=0
  stage=3 cycle=155037 layer_state=0 pool_state=0
  stage=4 cycle=349186 layer_state=0 pool_state=0
  stage=5 cycle=352691 layer_state=0 pool_state=0
  stage=6 cycle=384815 layer_state=0 pool_state=0
  stage=0 cycle=386174 layer_state=0 pool_state=0
  TOP    : done=1 busy=0 error=0 state=13 stage=0 cycles=386174 err=0x00000000
  LAYER  : state=0 tile_state=0 spatial=0 oc_tile=4 k_tile=7
  POOL   : state=0 channel=9 row=0 col=0

============================================================
TEST: Host readback final logits
============================================================
  case[190] = file_case_190
  actual logits   {-2,46,11,-28,5,-36,-15,-3,6,-9}
  expected logits {-2,46,11,-28,5,-36,-15,-3,6,-9}
  mismatches: 0

============================================================
TEST: Host preload input image
============================================================
  case[191] = file_case_191
  UB bank0[0:783] loaded for current input image
  Full schedule: Conv1 -> Pool1 -> Conv2 -> Pool2 -> FC1 -> FC2
  expected logits {-35,41,-3,2,5,7,-18,-2,14,-20}

============================================================
TEST: TPU top end-to-end inference
============================================================
  case[191] = file_case_191
  stage=1 cycle=1 layer_state=0 pool_state=0
  stage=2 cycle=136104 layer_state=0 pool_state=0
  stage=3 cycle=155037 layer_state=0 pool_state=0
  stage=4 cycle=349186 layer_state=0 pool_state=0
  stage=5 cycle=352691 layer_state=0 pool_state=0
  stage=6 cycle=384815 layer_state=0 pool_state=0
  stage=0 cycle=386174 layer_state=0 pool_state=0
  TOP    : done=1 busy=0 error=0 state=13 stage=0 cycles=386174 err=0x00000000
  LAYER  : state=0 tile_state=0 spatial=0 oc_tile=4 k_tile=7
  POOL   : state=0 channel=9 row=0 col=0

============================================================
TEST: Host readback final logits
============================================================
  case[191] = file_case_191
  actual logits   {-35,41,-3,2,5,7,-18,-2,14,-20}
  expected logits {-35,41,-3,2,5,7,-18,-2,14,-20}
  mismatches: 0

============================================================
TEST: Host preload input image
============================================================
  case[192] = file_case_192
  UB bank0[0:783] loaded for current input image
  Full schedule: Conv1 -> Pool1 -> Conv2 -> Pool2 -> FC1 -> FC2
  expected logits {73,-26,32,-54,-9,-59,18,9,15,-22}

============================================================
TEST: TPU top end-to-end inference
============================================================
  case[192] = file_case_192
  stage=1 cycle=1 layer_state=0 pool_state=0
  stage=2 cycle=136104 layer_state=0 pool_state=0
  stage=3 cycle=155037 layer_state=0 pool_state=0
  stage=4 cycle=349186 layer_state=0 pool_state=0
  stage=5 cycle=352691 layer_state=0 pool_state=0
  stage=6 cycle=384815 layer_state=0 pool_state=0
  stage=0 cycle=386174 layer_state=0 pool_state=0
  TOP    : done=1 busy=0 error=0 state=13 stage=0 cycles=386174 err=0x00000000
  LAYER  : state=0 tile_state=0 spatial=0 oc_tile=4 k_tile=7
  POOL   : state=0 channel=9 row=0 col=0

============================================================
TEST: Host readback final logits
============================================================
  case[192] = file_case_192
  actual logits   {73,-26,32,-54,-9,-59,18,9,15,-22}
  expected logits {73,-26,32,-54,-9,-59,18,9,15,-22}
  mismatches: 0

============================================================
TEST: Host preload input image
============================================================
  case[193] = file_case_193
  UB bank0[0:783] loaded for current input image
  Full schedule: Conv1 -> Pool1 -> Conv2 -> Pool2 -> FC1 -> FC2
  expected logits {-52,-40,-23,21,14,17,-80,19,33,67}

============================================================
TEST: TPU top end-to-end inference
============================================================
  case[193] = file_case_193
  stage=1 cycle=1 layer_state=0 pool_state=0
  stage=2 cycle=136104 layer_state=0 pool_state=0
  stage=3 cycle=155037 layer_state=0 pool_state=0
  stage=4 cycle=349186 layer_state=0 pool_state=0
  stage=5 cycle=352691 layer_state=0 pool_state=0
  stage=6 cycle=384815 layer_state=0 pool_state=0
  stage=0 cycle=386174 layer_state=0 pool_state=0
  TOP    : done=1 busy=0 error=0 state=13 stage=0 cycles=386174 err=0x00000000
  LAYER  : state=0 tile_state=0 spatial=0 oc_tile=4 k_tile=7
  POOL   : state=0 channel=9 row=0 col=0

============================================================
TEST: Host readback final logits
============================================================
  case[193] = file_case_193
  actual logits   {-52,-40,-23,21,14,17,-80,19,33,67}
  expected logits {-52,-40,-23,21,14,17,-80,19,33,67}
  mismatches: 0

============================================================
TEST: Host preload input image
============================================================
  case[194] = file_case_194
  UB bank0[0:783] loaded for current input image
  Full schedule: Conv1 -> Pool1 -> Conv2 -> Pool2 -> FC1 -> FC2
  expected logits {79,-22,20,-60,-58,-11,-10,41,1,-18}

============================================================
TEST: TPU top end-to-end inference
============================================================
  case[194] = file_case_194
  stage=1 cycle=1 layer_state=0 pool_state=0
  stage=2 cycle=136104 layer_state=0 pool_state=0
  stage=3 cycle=155037 layer_state=0 pool_state=0
  stage=4 cycle=349186 layer_state=0 pool_state=0
  stage=5 cycle=352691 layer_state=0 pool_state=0
  stage=6 cycle=384815 layer_state=0 pool_state=0
  stage=0 cycle=386174 layer_state=0 pool_state=0
  TOP    : done=1 busy=0 error=0 state=13 stage=0 cycles=386174 err=0x00000000
  LAYER  : state=0 tile_state=0 spatial=0 oc_tile=4 k_tile=7
  POOL   : state=0 channel=9 row=0 col=0

============================================================
TEST: Host readback final logits
============================================================
  case[194] = file_case_194
  actual logits   {79,-22,20,-60,-58,-11,-10,41,1,-18}
  expected logits {79,-22,20,-60,-58,-11,-10,41,1,-18}
  mismatches: 0

============================================================
TEST: Host preload input image
============================================================
  case[195] = file_case_195
  UB bank0[0:783] loaded for current input image
  Full schedule: Conv1 -> Pool1 -> Conv2 -> Pool2 -> FC1 -> FC2
  expected logits {-43,-19,1,42,-5,17,-29,9,2,-4}

============================================================
TEST: TPU top end-to-end inference
============================================================
  case[195] = file_case_195
  stage=1 cycle=1 layer_state=0 pool_state=0
  stage=2 cycle=136104 layer_state=0 pool_state=0
  stage=3 cycle=155037 layer_state=0 pool_state=0
  stage=4 cycle=349186 layer_state=0 pool_state=0
  stage=5 cycle=352691 layer_state=0 pool_state=0
  stage=6 cycle=384815 layer_state=0 pool_state=0
  stage=0 cycle=386174 layer_state=0 pool_state=0
  TOP    : done=1 busy=0 error=0 state=13 stage=0 cycles=386174 err=0x00000000
  LAYER  : state=0 tile_state=0 spatial=0 oc_tile=4 k_tile=7
  POOL   : state=0 channel=9 row=0 col=0

============================================================
TEST: Host readback final logits
============================================================
  case[195] = file_case_195
  actual logits   {-43,-19,1,42,-5,17,-29,9,2,-4}
  expected logits {-43,-19,1,42,-5,17,-29,9,2,-4}
  mismatches: 0

============================================================
TEST: Host preload input image
============================================================
  case[196] = file_case_196
  UB bank0[0:783] loaded for current input image
  Full schedule: Conv1 -> Pool1 -> Conv2 -> Pool2 -> FC1 -> FC2
  expected logits {-2,59,1,-37,2,-5,10,-22,9,-18}

============================================================
TEST: TPU top end-to-end inference
============================================================
  case[196] = file_case_196
  stage=1 cycle=1 layer_state=0 pool_state=0
  stage=2 cycle=136104 layer_state=0 pool_state=0
  stage=3 cycle=155037 layer_state=0 pool_state=0
  stage=4 cycle=349186 layer_state=0 pool_state=0
  stage=5 cycle=352691 layer_state=0 pool_state=0
  stage=6 cycle=384815 layer_state=0 pool_state=0
  stage=0 cycle=386174 layer_state=0 pool_state=0
  TOP    : done=1 busy=0 error=0 state=13 stage=0 cycles=386174 err=0x00000000
  LAYER  : state=0 tile_state=0 spatial=0 oc_tile=4 k_tile=7
  POOL   : state=0 channel=9 row=0 col=0

============================================================
TEST: Host readback final logits
============================================================
  case[196] = file_case_196
  actual logits   {-2,59,1,-37,2,-5,10,-22,9,-18}
  expected logits {-2,59,1,-37,2,-5,10,-22,9,-18}
  mismatches: 0

============================================================
TEST: Host preload input image
============================================================
  case[197] = file_case_197
  UB bank0[0:783] loaded for current input image
  Full schedule: Conv1 -> Pool1 -> Conv2 -> Pool2 -> FC1 -> FC2
  expected logits {-12,-21,-17,-22,8,44,101,-66,18,-39}

============================================================
TEST: TPU top end-to-end inference
============================================================
  case[197] = file_case_197
  stage=1 cycle=1 layer_state=0 pool_state=0
  stage=2 cycle=136104 layer_state=0 pool_state=0
  stage=3 cycle=155037 layer_state=0 pool_state=0
  stage=4 cycle=349186 layer_state=0 pool_state=0
  stage=5 cycle=352691 layer_state=0 pool_state=0
  stage=6 cycle=384815 layer_state=0 pool_state=0
  stage=0 cycle=386174 layer_state=0 pool_state=0
  TOP    : done=1 busy=0 error=0 state=13 stage=0 cycles=386174 err=0x00000000
  LAYER  : state=0 tile_state=0 spatial=0 oc_tile=4 k_tile=7
  POOL   : state=0 channel=9 row=0 col=0

============================================================
TEST: Host readback final logits
============================================================
  case[197] = file_case_197
  actual logits   {-12,-21,-17,-22,8,44,101,-66,18,-39}
  expected logits {-12,-21,-17,-22,8,44,101,-66,18,-39}
  mismatches: 0

============================================================
TEST: Host preload input image
============================================================
  case[198] = file_case_198
  UB bank0[0:783] loaded for current input image
  Full schedule: Conv1 -> Pool1 -> Conv2 -> Pool2 -> FC1 -> FC2
  expected logits {-24,13,-50,-34,108,-25,-21,13,-13,28}

============================================================
TEST: TPU top end-to-end inference
============================================================
  case[198] = file_case_198
  stage=1 cycle=1 layer_state=0 pool_state=0
  stage=2 cycle=136104 layer_state=0 pool_state=0
  stage=3 cycle=155037 layer_state=0 pool_state=0
  stage=4 cycle=349186 layer_state=0 pool_state=0
  stage=5 cycle=352691 layer_state=0 pool_state=0
  stage=6 cycle=384815 layer_state=0 pool_state=0
  stage=0 cycle=386174 layer_state=0 pool_state=0
  TOP    : done=1 busy=0 error=0 state=13 stage=0 cycles=386174 err=0x00000000
  LAYER  : state=0 tile_state=0 spatial=0 oc_tile=4 k_tile=7
  POOL   : state=0 channel=9 row=0 col=0

============================================================
TEST: Host readback final logits
============================================================
  case[198] = file_case_198
  actual logits   {-24,13,-50,-34,108,-25,-21,13,-13,28}
  expected logits {-24,13,-50,-34,108,-25,-21,13,-13,28}
  mismatches: 0

============================================================
TEST: Host preload input image
============================================================
  case[199] = file_case_199
  UB bank0[0:783] loaded for current input image
  Full schedule: Conv1 -> Pool1 -> Conv2 -> Pool2 -> FC1 -> FC2
  expected logits {-9,31,80,33,-67,-48,-33,14,17,-68}

============================================================
TEST: TPU top end-to-end inference
============================================================
  case[199] = file_case_199
  stage=1 cycle=1 layer_state=0 pool_state=0
  stage=2 cycle=136104 layer_state=0 pool_state=0
  stage=3 cycle=155037 layer_state=0 pool_state=0
  stage=4 cycle=349186 layer_state=0 pool_state=0
  stage=5 cycle=352691 layer_state=0 pool_state=0
  stage=6 cycle=384815 layer_state=0 pool_state=0
  stage=0 cycle=386174 layer_state=0 pool_state=0
  TOP    : done=1 busy=0 error=0 state=13 stage=0 cycles=386174 err=0x00000000
  LAYER  : state=0 tile_state=0 spatial=0 oc_tile=4 k_tile=7
  POOL   : state=0 channel=9 row=0 col=0

============================================================
TEST: Host readback final logits
============================================================
  case[199] = file_case_199
  actual logits   {-9,31,80,33,-67,-48,-33,14,17,-68}
  expected logits {-9,31,80,33,-67,-48,-33,14,17,-68}
  mismatches: 0
test_tpu_top_end_to_end: checks=2600 pass=2600 fail=0
$finish called at time : 775532 us : File "/home/pah/fpga_cnn_accelerator/FPGA-based-CNN-Accelerator-for-autonomous-vehicles/src/sim/tb_sa_NxN/test_tpu_top_end_to_end.sv" Line 454
run: Time (s): cpu = 00:00:00.58 ; elapsed = 00:03:07 . Memory (MB): peak = 1450.883 ; gain = 0.000 ; free physical = 3615 ; free virtual = 34612
exit
INFO: xsimkernel Simulation Memory Usage: 300080 KB (Peak: 344540 KB), Simulation CPU Usage: 188030 ms
INFO: [Common 17-206] Exiting xsim at Fri May 22 01:03:02 2026...
