Copyright 1986-2022 Xilinx, Inc. All Rights Reserved. Copyright 2022-2025 Advanced Micro Devices, Inc. All Rights Reserved.
-----------------------------------------------------------------------------------------------------------------------------------------------------------------------------------------------------------------------------------------------------------------
| Tool Version      : Vivado v.2025.2 (lin64) Build 6299465 Fri Nov 14 12:34:56 MST 2025
| Date              : Fri May 22 14:20:58 2026
| Host              : pah-PC running 64-bit Ubuntu 24.04.4 LTS
| Command           : report_timing_summary -max_paths 10 -routable_nets -report_unconstrained -file tpu_top_axi_lite_timing_summary_routed.rpt -pb tpu_top_axi_lite_timing_summary_routed.pb -rpx tpu_top_axi_lite_timing_summary_routed.rpx -warn_on_violation
| Design            : tpu_top_axi_lite
| Device            : xczu7ev-ffvc1156
| Speed File        : -2  PRODUCTION 1.30 05-15-2022
| Design State      : Routed
| Temperature Grade : E
-----------------------------------------------------------------------------------------------------------------------------------------------------------------------------------------------------------------------------------------------------------------

Timing Summary Report

------------------------------------------------------------------------------------------------
| Timer Settings
| --------------
------------------------------------------------------------------------------------------------

  Enable Multi Corner Analysis               :  Yes
  Enable Pessimism Removal                   :  Yes
  Pessimism Removal Resolution               :  Nearest Common Node
  Enable Input Delay Default Clock           :  No
  Enable Preset / Clear Arcs                 :  No
  Disable Flight Delays                      :  No
  Ignore I/O Paths                           :  No
  Timing Early Launch at Borrowing Latches   :  No
  Borrow Time for Max Delay Exceptions       :  Yes
  Merge Timing Exceptions                    :  Yes
  Inter-SLR Compensation                     :  Conservative

  Corner  Analyze    Analyze    
  Name    Max Paths  Min Paths  
  ------  ---------  ---------  
  Slow    Yes        Yes        
  Fast    Yes        Yes        


------------------------------------------------------------------------------------------------
| Report Methodology
| ------------------
------------------------------------------------------------------------------------------------

Rule      Severity  Description                                 Violations  
--------  --------  ------------------------------------------  ----------  
DPIR-2    Warning   Asynchronous driver check                   277         
SYNTH-6   Warning   Timing of a RAM block might be sub-optimal  6           
SYNTH-9   Warning   Small multiplier                            32          
SYNTH-10  Warning   Wide multiplier                             8           
XDCH-2    Warning   Same min and max delay values on IO port    98          

Note: This report is based on the most recent report_methodology run and may not be up-to-date. Run report_methodology on the current design for the latest report.



check_timing report

Table of Contents
-----------------
1. checking no_clock (0)
2. checking constant_clock (0)
3. checking pulse_width_clock (0)
4. checking unconstrained_internal_endpoints (0)
5. checking no_input_delay (1)
6. checking no_output_delay (0)
7. checking multiple_clock (0)
8. checking generated_clocks (0)
9. checking loops (0)
10. checking partial_input_delay (0)
11. checking partial_output_delay (0)
12. checking latch_loops (0)

1. checking no_clock (0)
------------------------
 There are 0 register/latch pins with no clock.


2. checking constant_clock (0)
------------------------------
 There are 0 register/latch pins with constant_clock.


3. checking pulse_width_clock (0)
---------------------------------
 There are 0 register/latch pins which need pulse_width check


4. checking unconstrained_internal_endpoints (0)
------------------------------------------------
 There are 0 pins that are not constrained for maximum delay.

 There are 0 pins that are not constrained for maximum delay due to constant clock.


5. checking no_input_delay (1)
------------------------------
 There are 0 input ports with no input delay specified.

 There is 1 input port with no input delay but user has a false path constraint. (MEDIUM)


6. checking no_output_delay (0)
-------------------------------
 There are 0 ports with no output delay specified.

 There are 0 ports with no output delay but user has a false path constraint

 There are 0 ports with no output delay but with a timing clock defined on it or propagating through it


7. checking multiple_clock (0)
------------------------------
 There are 0 register/latch pins with multiple clocks.


8. checking generated_clocks (0)
--------------------------------
 There are 0 generated clocks that are not connected to a clock source.


9. checking loops (0)
---------------------
 There are 0 combinational loops in the design.


10. checking partial_input_delay (0)
------------------------------------
 There are 0 input ports with partial input delay specified.


11. checking partial_output_delay (0)
-------------------------------------
 There are 0 ports with partial output delay specified.


12. checking latch_loops (0)
----------------------------
 There are 0 combinational latch loops in the design through latch input



------------------------------------------------------------------------------------------------
| Design Timing Summary
| ---------------------
------------------------------------------------------------------------------------------------

    WNS(ns)      TNS(ns)  TNS Failing Endpoints  TNS Total Endpoints      WHS(ns)      THS(ns)  THS Failing Endpoints  THS Total Endpoints     WPWS(ns)     TPWS(ns)  TPWS Failing Endpoints  TPWS Total Endpoints  
    -------      -------  ---------------------  -------------------      -------      -------  ---------------------  -------------------     --------     --------  ----------------------  --------------------  
      0.965        0.000                      0                 5854        0.005        0.000                      0                 5854        4.458        0.000                       0                  3131  


All user specified timing constraints are met.


------------------------------------------------------------------------------------------------
| Clock Summary
| -------------
------------------------------------------------------------------------------------------------

Clock       Waveform(ns)       Period(ns)      Frequency(MHz)
-----       ------------       ----------      --------------
s_axi_aclk  {0.000 5.000}      10.000          100.000         


------------------------------------------------------------------------------------------------
| Intra Clock Table
| -----------------
------------------------------------------------------------------------------------------------

Clock             WNS(ns)      TNS(ns)  TNS Failing Endpoints  TNS Total Endpoints      WHS(ns)      THS(ns)  THS Failing Endpoints  THS Total Endpoints     WPWS(ns)     TPWS(ns)  TPWS Failing Endpoints  TPWS Total Endpoints  
-----             -------      -------  ---------------------  -------------------      -------      -------  ---------------------  -------------------     --------     --------  ----------------------  --------------------  
s_axi_aclk          0.965        0.000                      0                 5854        0.005        0.000                      0                 5854        4.458        0.000                       0                  3131  


------------------------------------------------------------------------------------------------
| Inter Clock Table
| -----------------
------------------------------------------------------------------------------------------------

From Clock    To Clock          WNS(ns)      TNS(ns)  TNS Failing Endpoints  TNS Total Endpoints      WHS(ns)      THS(ns)  THS Failing Endpoints  THS Total Endpoints  
----------    --------          -------      -------  ---------------------  -------------------      -------      -------  ---------------------  -------------------  


------------------------------------------------------------------------------------------------
| Other Path Groups Table
| -----------------------
------------------------------------------------------------------------------------------------

Path Group    From Clock    To Clock          WNS(ns)      TNS(ns)  TNS Failing Endpoints  TNS Total Endpoints      WHS(ns)      THS(ns)  THS Failing Endpoints  THS Total Endpoints  
----------    ----------    --------          -------      -------  ---------------------  -------------------      -------      -------  ---------------------  -------------------  


------------------------------------------------------------------------------------------------
| User Ignored Path Table
| -----------------------
------------------------------------------------------------------------------------------------

Path Group    From Clock    To Clock    
----------    ----------    --------    
(none)                      s_axi_aclk    


------------------------------------------------------------------------------------------------
| Unconstrained Path Table
| ------------------------
------------------------------------------------------------------------------------------------

Path Group    From Clock    To Clock    
----------    ----------    --------    


------------------------------------------------------------------------------------------------
| Timing Details
| --------------
------------------------------------------------------------------------------------------------


---------------------------------------------------------------------------------------------------
From Clock:  s_axi_aclk
  To Clock:  s_axi_aclk

Setup :            0  Failing Endpoints,  Worst Slack        0.965ns,  Total Violation        0.000ns
Hold  :            0  Failing Endpoints,  Worst Slack        0.005ns,  Total Violation        0.000ns
PW    :            0  Failing Endpoints,  Worst Slack        4.458ns,  Total Violation        0.000ns
---------------------------------------------------------------------------------------------------


Max Delay Paths
--------------------------------------------------------------------------------------
Slack (MET) :             0.965ns  (required time - arrival time)
  Source:                 s_axi_awvalid
                            (input port clocked by s_axi_aclk  {rise@0.000ns fall@5.000ns period=10.000ns})
  Destination:            s_axi_awready
                            (output port clocked by s_axi_aclk  {rise@0.000ns fall@5.000ns period=10.000ns})
  Path Group:             s_axi_aclk
  Path Type:              Max at Slow Process Corner
  Requirement:            10.000ns  (s_axi_aclk rise@10.000ns - s_axi_aclk rise@0.000ns)
  Data Path Delay:        6.899ns  (logic 2.031ns (29.434%)  route 4.869ns (70.566%))
  Logic Levels:           4  (IBUFCTRL=1 INBUF=1 LUT3=1 OBUF=1)
  Input Delay:            1.000ns
  Output Delay:           1.000ns
  Clock Uncertainty:      0.135ns  ((TSJ^2 + TIJ^2)^1/2 + DJ) / 2 + PE + UU
    Total System Jitter     (TSJ):    0.071ns
    Total Input Jitter      (TIJ):    0.000ns
    Discrete Jitter          (DJ):    0.000ns
    Phase Error              (PE):    0.000ns
    User Uncertainty         (UU):    0.100ns

    Location             Delay type                Incr(ns)  Path(ns)    Netlist Resource(s)
  -------------------------------------------------------------------    -------------------
                         (clock s_axi_aclk rise edge)
                                                      0.000     0.000 r  
                         input delay                  1.000     1.000    
    N9                                                0.000     1.000 r  s_axi_awvalid (IN)
                         net (fo=0)                   0.000     1.000    s_axi_awvalid_IBUF_inst/I
    N9                   INBUF (Prop_INBUF_HDIOB_M_PAD_O)
                                                      0.991     1.991 r  s_axi_awvalid_IBUF_inst/INBUF_INST/O
                         net (fo=1, routed)           0.000     1.991    s_axi_awvalid_IBUF_inst/OUT
    N9                   IBUFCTRL (Prop_IBUFCTRL_HDIOB_M_I_O)
                                                      0.000     1.991 r  s_axi_awvalid_IBUF_inst/IBUFCTRL_INST/O
                         net (fo=3, routed)           3.099     5.090    u_tpu_top/s_axi_awvalid_IBUF
    SLICE_X66Y242        LUT3 (Prop_C6LUT_SLICEL_I1_O)
                                                      0.146     5.236 r  u_tpu_top/s_axi_awready_OBUF_inst_i_1/O
                         net (fo=3, routed)           1.769     7.006    s_axi_wready_OBUF
    L16                  OBUF (Prop_OUTBUF_HPIOB_S_I_O)
                                                      0.893     7.899 r  s_axi_awready_OBUF_inst/O
                         net (fo=0)                   0.000     7.899    s_axi_awready
    L16                                                               r  s_axi_awready (OUT)
  -------------------------------------------------------------------    -------------------

                         (clock s_axi_aclk rise edge)
                                                     10.000    10.000 r  
                         clock pessimism              0.000    10.000    
                         clock uncertainty           -0.135     9.865    
                         output delay                -1.000     8.865    
  -------------------------------------------------------------------
                         required time                          8.865    
                         arrival time                          -7.899    
  -------------------------------------------------------------------
                         slack                                  0.965    

Slack (MET) :             1.035ns  (required time - arrival time)
  Source:                 s_axi_awvalid
                            (input port clocked by s_axi_aclk  {rise@0.000ns fall@5.000ns period=10.000ns})
  Destination:            s_axi_wready
                            (output port clocked by s_axi_aclk  {rise@0.000ns fall@5.000ns period=10.000ns})
  Path Group:             s_axi_aclk
  Path Type:              Max at Slow Process Corner
  Requirement:            10.000ns  (s_axi_aclk rise@10.000ns - s_axi_aclk rise@0.000ns)
  Data Path Delay:        6.830ns  (logic 2.032ns (29.755%)  route 4.798ns (70.245%))
  Logic Levels:           4  (IBUFCTRL=1 INBUF=1 LUT3=1 OBUF=1)
  Input Delay:            1.000ns
  Output Delay:           1.000ns
  Clock Uncertainty:      0.135ns  ((TSJ^2 + TIJ^2)^1/2 + DJ) / 2 + PE + UU
    Total System Jitter     (TSJ):    0.071ns
    Total Input Jitter      (TIJ):    0.000ns
    Discrete Jitter          (DJ):    0.000ns
    Phase Error              (PE):    0.000ns
    User Uncertainty         (UU):    0.100ns

    Location             Delay type                Incr(ns)  Path(ns)    Netlist Resource(s)
  -------------------------------------------------------------------    -------------------
                         (clock s_axi_aclk rise edge)
                                                      0.000     0.000 r  
                         input delay                  1.000     1.000    
    N9                                                0.000     1.000 r  s_axi_awvalid (IN)
                         net (fo=0)                   0.000     1.000    s_axi_awvalid_IBUF_inst/I
    N9                   INBUF (Prop_INBUF_HDIOB_M_PAD_O)
                                                      0.991     1.991 r  s_axi_awvalid_IBUF_inst/INBUF_INST/O
                         net (fo=1, routed)           0.000     1.991    s_axi_awvalid_IBUF_inst/OUT
    N9                   IBUFCTRL (Prop_IBUFCTRL_HDIOB_M_I_O)
                                                      0.000     1.991 r  s_axi_awvalid_IBUF_inst/IBUFCTRL_INST/O
                         net (fo=3, routed)           3.099     5.090    u_tpu_top/s_axi_awvalid_IBUF
    SLICE_X66Y242        LUT3 (Prop_C6LUT_SLICEL_I1_O)
                                                      0.146     5.236 r  u_tpu_top/s_axi_awready_OBUF_inst_i_1/O
                         net (fo=3, routed)           1.698     6.935    s_axi_wready_OBUF
    L15                  OBUF (Prop_OUTBUF_HPIOB_M_I_O)
                                                      0.895     7.830 r  s_axi_wready_OBUF_inst/O
                         net (fo=0)                   0.000     7.830    s_axi_wready
    L15                                                               r  s_axi_wready (OUT)
  -------------------------------------------------------------------    -------------------

                         (clock s_axi_aclk rise edge)
                                                     10.000    10.000 r  
                         clock pessimism              0.000    10.000    
                         clock uncertainty           -0.135     9.865    
                         output delay                -1.000     8.865    
  -------------------------------------------------------------------
                         required time                          8.865    
                         arrival time                          -7.830    
  -------------------------------------------------------------------
                         slack                                  1.035    

Slack (MET) :             1.427ns  (required time - arrival time)
  Source:                 u_tpu_top/u_datapath/u_accumulator_array/read_data_flatten_o_reg[8]/C
                            (rising edge-triggered cell FDCE clocked by s_axi_aclk  {rise@0.000ns fall@5.000ns period=10.000ns})
  Destination:            u_tpu_top/u_datapath/u_vector_processing_unit/u_post_process/GEN_BIAS_REQUANT.u_bias_requantize/data_flatten_o_reg[14]/D
                            (rising edge-triggered cell FDCE clocked by s_axi_aclk  {rise@0.000ns fall@5.000ns period=10.000ns})
  Path Group:             s_axi_aclk
  Path Type:              Setup (Max at Slow Process Corner)
  Requirement:            10.000ns  (s_axi_aclk rise@10.000ns - s_axi_aclk rise@0.000ns)
  Data Path Delay:        8.372ns  (logic 4.205ns (50.228%)  route 4.167ns (49.773%))
  Logic Levels:           36  (CARRY8=21 DSP_A_B_DATA=1 DSP_ALU=2 DSP_M_DATA=1 DSP_MULTIPLIER=1 DSP_OUTPUT=2 DSP_PREADD_DATA=1 LUT2=4 LUT3=2 LUT5=1)
  Clock Path Skew:        -0.091ns (DCD - SCD + CPR)
    Destination Clock Delay (DCD):    2.578ns = ( 12.578 - 10.000 ) 
    Source Clock Delay      (SCD):    3.372ns
    Clock Pessimism Removal (CPR):    0.703ns
  Clock Uncertainty:      0.135ns  ((TSJ^2 + TIJ^2)^1/2 + DJ) / 2 + PE + UU
    Total System Jitter     (TSJ):    0.071ns
    Total Input Jitter      (TIJ):    0.000ns
    Discrete Jitter          (DJ):    0.000ns
    Phase Error              (PE):    0.000ns
    User Uncertainty         (UU):    0.100ns
  Clock Net Delay (Source):      2.154ns (routing 1.134ns, distribution 1.020ns)
  Clock Net Delay (Destination): 1.906ns (routing 1.032ns, distribution 0.874ns)

    Location             Delay type                Incr(ns)  Path(ns)    Netlist Resource(s)
  -------------------------------------------------------------------    -------------------
                         (clock s_axi_aclk rise edge)
                                                      0.000     0.000 r  
    M10                                               0.000     0.000 r  s_axi_aclk (IN)
                         net (fo=0)                   0.000     0.000    s_axi_aclk_IBUF_inst/I
    M10                  INBUF (Prop_INBUF_HDIOB_M_PAD_O)
                                                      0.986     0.986 r  s_axi_aclk_IBUF_inst/INBUF_INST/O
                         net (fo=1, routed)           0.000     0.986    s_axi_aclk_IBUF_inst/OUT
    M10                  IBUFCTRL (Prop_IBUFCTRL_HDIOB_M_I_O)
                                                      0.000     0.986 r  s_axi_aclk_IBUF_inst/IBUFCTRL_INST/O
                         net (fo=1, routed)           0.204     1.190    s_axi_aclk_IBUF
    BUFGCE_HDIO_X2Y0     BUFGCE (Prop_BUFCE_BUFGCE_HDIO_I_O)
                                                      0.028     1.218 r  s_axi_aclk_IBUF_BUFG_inst/O
    X1Y3 (CLOCK_ROOT)    net (fo=3130, routed)        2.154     3.372    u_tpu_top/u_datapath/u_accumulator_array/s_axi_aclk_IBUF_BUFG
    SLICE_X52Y153        FDCE                                         r  u_tpu_top/u_datapath/u_accumulator_array/read_data_flatten_o_reg[8]/C
  -------------------------------------------------------------------    -------------------
    SLICE_X52Y153        FDCE (Prop_HFF_SLICEL_C_Q)
                                                      0.079     3.451 r  u_tpu_top/u_datapath/u_accumulator_array/read_data_flatten_o_reg[8]/Q
                         net (fo=2, routed)           0.389     3.841    u_tpu_top/u_datapath/u_vector_processing_unit/u_post_process/GEN_BIAS_REQUANT.u_bias_requantize/(null)[0].shifted_value0__3_i_2_0[8]
    SLICE_X59Y161        LUT2 (Prop_A6LUT_SLICEL_I0_O)
                                                      0.124     3.965 r  u_tpu_top/u_datapath/u_vector_processing_unit/u_post_process/GEN_BIAS_REQUANT.u_bias_requantize/(null)[0].shifted_value0__1_i_10/O
                         net (fo=1, routed)           0.009     3.974    u_tpu_top/u_datapath/u_vector_processing_unit/u_post_process/GEN_BIAS_REQUANT.u_bias_requantize/(null)[0].shifted_value0__1_i_10_n_0
    SLICE_X59Y161        CARRY8 (Prop_CARRY8_SLICEL_S[0]_CO[7])
                                                      0.190     4.164 r  u_tpu_top/u_datapath/u_vector_processing_unit/u_post_process/GEN_BIAS_REQUANT.u_bias_requantize/(null)[0].shifted_value0__1_i_1/CO[7]
                         net (fo=1, routed)           0.026     4.190    u_tpu_top/u_datapath/u_vector_processing_unit/u_post_process/GEN_BIAS_REQUANT.u_bias_requantize/(null)[0].shifted_value0__1_i_1_n_0
    SLICE_X59Y162        CARRY8 (Prop_CARRY8_SLICEL_CI_CO[7])
                                                      0.015     4.205 r  u_tpu_top/u_datapath/u_vector_processing_unit/u_post_process/GEN_BIAS_REQUANT.u_bias_requantize/(null)[0].shifted_value0_i_3/CO[7]
                         net (fo=1, routed)           0.026     4.231    u_tpu_top/u_datapath/u_vector_processing_unit/u_post_process/GEN_BIAS_REQUANT.u_bias_requantize/(null)[0].shifted_value0_i_3_n_0
    SLICE_X59Y163        CARRY8 (Prop_CARRY8_SLICEL_CI_CO[7])
                                                      0.015     4.246 r  u_tpu_top/u_datapath/u_vector_processing_unit/u_post_process/GEN_BIAS_REQUANT.u_bias_requantize/(null)[0].shifted_value0_i_2/CO[7]
                         net (fo=1, routed)           0.026     4.272    u_tpu_top/u_datapath/u_vector_processing_unit/u_post_process/GEN_BIAS_REQUANT.u_bias_requantize/(null)[0].shifted_value0_i_2_n_0
    SLICE_X59Y164        CARRY8 (Prop_CARRY8_SLICEL_CI_O[0])
                                                      0.056     4.328 f  u_tpu_top/u_datapath/u_vector_processing_unit/u_post_process/GEN_BIAS_REQUANT.u_bias_requantize/(null)[0].shifted_value0_i_1/O[0]
                         net (fo=18, routed)          0.521     4.849    u_tpu_top/u_datapath/u_vector_processing_unit/u_post_process/GEN_BIAS_REQUANT.u_bias_requantize/(null)[0].shifted_value0/B[16]
    DSP48E2_X6Y66        DSP_A_B_DATA (Prop_DSP_A_B_DATA_DSP48E2_B[16]_B2_DATA[16])
                                                      0.151     5.000 r  u_tpu_top/u_datapath/u_vector_processing_unit/u_post_process/GEN_BIAS_REQUANT.u_bias_requantize/(null)[0].shifted_value0/DSP_A_B_DATA_INST/B2_DATA[16]
                         net (fo=1, routed)           0.000     5.000    u_tpu_top/u_datapath/u_vector_processing_unit/u_post_process/GEN_BIAS_REQUANT.u_bias_requantize/(null)[0].shifted_value0/DSP_A_B_DATA.B2_DATA<16>
    DSP48E2_X6Y66        DSP_PREADD_DATA (Prop_DSP_PREADD_DATA_DSP48E2_B2_DATA[16]_B2B1[16])
                                                      0.073     5.073 r  u_tpu_top/u_datapath/u_vector_processing_unit/u_post_process/GEN_BIAS_REQUANT.u_bias_requantize/(null)[0].shifted_value0/DSP_PREADD_DATA_INST/B2B1[16]
                         net (fo=1, routed)           0.000     5.073    u_tpu_top/u_datapath/u_vector_processing_unit/u_post_process/GEN_BIAS_REQUANT.u_bias_requantize/(null)[0].shifted_value0/DSP_PREADD_DATA.B2B1<16>
    DSP48E2_X6Y66        DSP_MULTIPLIER (Prop_DSP_MULTIPLIER_DSP48E2_B2B1[16]_V[43])
                                                      0.609     5.682 f  u_tpu_top/u_datapath/u_vector_processing_unit/u_post_process/GEN_BIAS_REQUANT.u_bias_requantize/(null)[0].shifted_value0/DSP_MULTIPLIER_INST/V[43]
                         net (fo=1, routed)           0.000     5.682    u_tpu_top/u_datapath/u_vector_processing_unit/u_post_process/GEN_BIAS_REQUANT.u_bias_requantize/(null)[0].shifted_value0/DSP_MULTIPLIER.V<43>
    DSP48E2_X6Y66        DSP_M_DATA (Prop_DSP_M_DATA_DSP48E2_V[43]_V_DATA[43])
                                                      0.046     5.728 r  u_tpu_top/u_datapath/u_vector_processing_unit/u_post_process/GEN_BIAS_REQUANT.u_bias_requantize/(null)[0].shifted_value0/DSP_M_DATA_INST/V_DATA[43]
                         net (fo=1, routed)           0.000     5.728    u_tpu_top/u_datapath/u_vector_processing_unit/u_post_process/GEN_BIAS_REQUANT.u_bias_requantize/(null)[0].shifted_value0/DSP_M_DATA.V_DATA<43>
    DSP48E2_X6Y66        DSP_ALU (Prop_DSP_ALU_DSP48E2_V_DATA[43]_ALU_OUT[47])
                                                      0.571     6.299 f  u_tpu_top/u_datapath/u_vector_processing_unit/u_post_process/GEN_BIAS_REQUANT.u_bias_requantize/(null)[0].shifted_value0/DSP_ALU_INST/ALU_OUT[47]
                         net (fo=1, routed)           0.000     6.299    u_tpu_top/u_datapath/u_vector_processing_unit/u_post_process/GEN_BIAS_REQUANT.u_bias_requantize/(null)[0].shifted_value0/DSP_ALU.ALU_OUT<47>
    DSP48E2_X6Y66        DSP_OUTPUT (Prop_DSP_OUTPUT_DSP48E2_ALU_OUT[47]_PCOUT[47])
                                                      0.122     6.421 r  u_tpu_top/u_datapath/u_vector_processing_unit/u_post_process/GEN_BIAS_REQUANT.u_bias_requantize/(null)[0].shifted_value0/DSP_OUTPUT_INST/PCOUT[47]
                         net (fo=1, routed)           0.014     6.435    u_tpu_top/u_datapath/u_vector_processing_unit/u_post_process/GEN_BIAS_REQUANT.u_bias_requantize/(null)[0].shifted_value0__0/PCIN[47]
    DSP48E2_X6Y67        DSP_ALU (Prop_DSP_ALU_DSP48E2_PCIN[47]_ALU_OUT[1])
                                                      0.546     6.981 f  u_tpu_top/u_datapath/u_vector_processing_unit/u_post_process/GEN_BIAS_REQUANT.u_bias_requantize/(null)[0].shifted_value0__0/DSP_ALU_INST/ALU_OUT[1]
                         net (fo=1, routed)           0.000     6.981    u_tpu_top/u_datapath/u_vector_processing_unit/u_post_process/GEN_BIAS_REQUANT.u_bias_requantize/(null)[0].shifted_value0__0/DSP_ALU.ALU_OUT<1>
    DSP48E2_X6Y67        DSP_OUTPUT (Prop_DSP_OUTPUT_DSP48E2_ALU_OUT[1]_P[1])
                                                      0.109     7.090 r  u_tpu_top/u_datapath/u_vector_processing_unit/u_post_process/GEN_BIAS_REQUANT.u_bias_requantize/(null)[0].shifted_value0__0/DSP_OUTPUT_INST/P[1]
                         net (fo=1, routed)           0.377     7.467    u_tpu_top/u_datapath/u_vector_processing_unit/u_post_process/GEN_BIAS_REQUANT.u_bias_requantize/(null)[0].shifted_value0__0_n_104
    SLICE_X63Y162        LUT2 (Prop_D6LUT_SLICEM_I1_O)
                                                      0.037     7.504 r  u_tpu_top/u_datapath/u_vector_processing_unit/u_post_process/GEN_BIAS_REQUANT.u_bias_requantize/data_flatten_o[18]_i_38/O
                         net (fo=1, routed)           0.025     7.529    u_tpu_top/u_datapath/u_vector_processing_unit/u_post_process/GEN_BIAS_REQUANT.u_bias_requantize/data_flatten_o[18]_i_38_n_0
    SLICE_X63Y162        CARRY8 (Prop_CARRY8_SLICEM_S[3]_CO[7])
                                                      0.163     7.692 r  u_tpu_top/u_datapath/u_vector_processing_unit/u_post_process/GEN_BIAS_REQUANT.u_bias_requantize/data_flatten_o_reg[18]_i_24/CO[7]
                         net (fo=1, routed)           0.026     7.718    u_tpu_top/u_datapath/u_vector_processing_unit/u_post_process/GEN_BIAS_REQUANT.u_bias_requantize/data_flatten_o_reg[18]_i_24_n_0
    SLICE_X63Y163        CARRY8 (Prop_CARRY8_SLICEM_CI_CO[7])
                                                      0.015     7.733 r  u_tpu_top/u_datapath/u_vector_processing_unit/u_post_process/GEN_BIAS_REQUANT.u_bias_requantize/data_flatten_o_reg[18]_i_7/CO[7]
                         net (fo=1, routed)           0.026     7.759    u_tpu_top/u_datapath/u_vector_processing_unit/u_post_process/GEN_BIAS_REQUANT.u_bias_requantize/data_flatten_o_reg[18]_i_7_n_0
    SLICE_X63Y164        CARRY8 (Prop_CARRY8_SLICEM_CI_CO[7])
                                                      0.015     7.774 r  u_tpu_top/u_datapath/u_vector_processing_unit/u_post_process/GEN_BIAS_REQUANT.u_bias_requantize/data_flatten_o_reg[18]_i_33/CO[7]
                         net (fo=1, routed)           0.026     7.800    u_tpu_top/u_datapath/u_vector_processing_unit/u_post_process/GEN_BIAS_REQUANT.u_bias_requantize/data_flatten_o_reg[18]_i_33_n_0
    SLICE_X63Y165        CARRY8 (Prop_CARRY8_SLICEM_CI_CO[7])
                                                      0.015     7.815 r  u_tpu_top/u_datapath/u_vector_processing_unit/u_post_process/GEN_BIAS_REQUANT.u_bias_requantize/data_flatten_o_reg[31]_i_73/CO[7]
                         net (fo=1, routed)           0.026     7.841    u_tpu_top/u_datapath/u_vector_processing_unit/u_post_process/GEN_BIAS_REQUANT.u_bias_requantize/data_flatten_o_reg[31]_i_73_n_0
    SLICE_X63Y166        CARRY8 (Prop_CARRY8_SLICEM_CI_O[0])
                                                      0.056     7.897 r  u_tpu_top/u_datapath/u_vector_processing_unit/u_post_process/GEN_BIAS_REQUANT.u_bias_requantize/data_flatten_o_reg[18]_i_6/O[0]
                         net (fo=125, routed)         0.540     8.437    u_tpu_top/u_datapath/u_vector_processing_unit/u_post_process/GEN_BIAS_REQUANT.u_bias_requantize/data_flatten_o_reg[18]_i_6_n_15
    SLICE_X64Y154        LUT2 (Prop_B6LUT_SLICEM_I0_O)
                                                      0.037     8.474 r  u_tpu_top/u_datapath/u_vector_processing_unit/u_post_process/GEN_BIAS_REQUANT.u_bias_requantize/data_flatten_o[6]_i_27/O
                         net (fo=1, routed)           0.016     8.490    u_tpu_top/u_datapath/u_vector_processing_unit/u_post_process/GEN_BIAS_REQUANT.u_bias_requantize/data_flatten_o[6]_i_27_n_0
    SLICE_X64Y154        CARRY8 (Prop_CARRY8_SLICEM_S[1]_CO[7])
                                                      0.190     8.680 r  u_tpu_top/u_datapath/u_vector_processing_unit/u_post_process/GEN_BIAS_REQUANT.u_bias_requantize/data_flatten_o_reg[6]_i_12/CO[7]
                         net (fo=1, routed)           0.026     8.706    u_tpu_top/u_datapath/u_vector_processing_unit/u_post_process/GEN_BIAS_REQUANT.u_bias_requantize/data_flatten_o_reg[6]_i_12_n_0
    SLICE_X64Y155        CARRY8 (Prop_CARRY8_SLICEM_CI_CO[7])
                                                      0.015     8.721 r  u_tpu_top/u_datapath/u_vector_processing_unit/u_post_process/GEN_BIAS_REQUANT.u_bias_requantize/data_flatten_o_reg[6]_i_3/CO[7]
                         net (fo=1, routed)           0.026     8.747    u_tpu_top/u_datapath/u_vector_processing_unit/u_post_process/GEN_BIAS_REQUANT.u_bias_requantize/data_flatten_o_reg[6]_i_3_n_0
    SLICE_X64Y156        CARRY8 (Prop_CARRY8_SLICEM_CI_CO[7])
                                                      0.015     8.762 r  u_tpu_top/u_datapath/u_vector_processing_unit/u_post_process/GEN_BIAS_REQUANT.u_bias_requantize/data_flatten_o_reg[6]_i_2/CO[7]
                         net (fo=1, routed)           0.026     8.788    u_tpu_top/u_datapath/u_vector_processing_unit/u_post_process/GEN_BIAS_REQUANT.u_bias_requantize/data_flatten_o_reg[6]_i_2_n_0
    SLICE_X64Y157        CARRY8 (Prop_CARRY8_SLICEM_CI_CO[7])
                                                      0.015     8.803 r  u_tpu_top/u_datapath/u_vector_processing_unit/u_post_process/GEN_BIAS_REQUANT.u_bias_requantize/data_flatten_o_reg[14]_i_2/CO[7]
                         net (fo=1, routed)           0.026     8.829    u_tpu_top/u_datapath/u_vector_processing_unit/u_post_process/GEN_BIAS_REQUANT.u_bias_requantize/data_flatten_o_reg[14]_i_2_n_0
    SLICE_X64Y158        CARRY8 (Prop_CARRY8_SLICEM_CI_CO[7])
                                                      0.015     8.844 r  u_tpu_top/u_datapath/u_vector_processing_unit/u_post_process/GEN_BIAS_REQUANT.u_bias_requantize/data_flatten_o_reg[18]_i_4/CO[7]
                         net (fo=1, routed)           0.026     8.870    u_tpu_top/u_datapath/u_vector_processing_unit/u_post_process/GEN_BIAS_REQUANT.u_bias_requantize/data_flatten_o_reg[18]_i_4_n_0
    SLICE_X64Y159        CARRY8 (Prop_CARRY8_SLICEM_CI_CO[7])
                                                      0.015     8.885 r  u_tpu_top/u_datapath/u_vector_processing_unit/u_post_process/GEN_BIAS_REQUANT.u_bias_requantize/data_flatten_o_reg[30]_i_3/CO[7]
                         net (fo=1, routed)           0.026     8.911    u_tpu_top/u_datapath/u_vector_processing_unit/u_post_process/GEN_BIAS_REQUANT.u_bias_requantize/data_flatten_o_reg[30]_i_3_n_0
    SLICE_X64Y160        CARRY8 (Prop_CARRY8_SLICEM_CI_O[1])
                                                      0.076     8.987 f  u_tpu_top/u_datapath/u_vector_processing_unit/u_post_process/GEN_BIAS_REQUANT.u_bias_requantize/data_flatten_o_reg[31]_i_18/O[1]
                         net (fo=7, routed)           0.603     9.589    u_tpu_top/u_datapath/u_vector_processing_unit/u_post_process/GEN_BIAS_REQUANT.u_bias_requantize/data_flatten_o_reg[31]_i_18_n_14
    SLICE_X59Y156        LUT3 (Prop_H6LUT_SLICEL_I1_O)
                                                      0.051     9.640 r  u_tpu_top/u_datapath/u_vector_processing_unit/u_post_process/GEN_BIAS_REQUANT.u_bias_requantize/data_flatten_o[31]_i_244/O
                         net (fo=1, routed)           0.178     9.818    u_tpu_top/u_datapath/u_vector_processing_unit/u_post_process/GEN_BIAS_REQUANT.u_bias_requantize/data_flatten_o[31]_i_244_n_0
    SLICE_X60Y156        CARRY8 (Prop_CARRY8_SLICEL_CI_CO[7])
                                                      0.151     9.969 r  u_tpu_top/u_datapath/u_vector_processing_unit/u_post_process/GEN_BIAS_REQUANT.u_bias_requantize/data_flatten_o_reg[31]_i_162/CO[7]
                         net (fo=1, routed)           0.026     9.995    u_tpu_top/u_datapath/u_vector_processing_unit/u_post_process/GEN_BIAS_REQUANT.u_bias_requantize/data_flatten_o_reg[31]_i_162_n_0
    SLICE_X60Y157        CARRY8 (Prop_CARRY8_SLICEL_CI_CO[7])
                                                      0.015    10.010 r  u_tpu_top/u_datapath/u_vector_processing_unit/u_post_process/GEN_BIAS_REQUANT.u_bias_requantize/data_flatten_o_reg[31]_i_161/CO[7]
                         net (fo=1, routed)           0.026    10.036    u_tpu_top/u_datapath/u_vector_processing_unit/u_post_process/GEN_BIAS_REQUANT.u_bias_requantize/data_flatten_o_reg[31]_i_161_n_0
    SLICE_X60Y158        CARRY8 (Prop_CARRY8_SLICEL_CI_CO[7])
                                                      0.015    10.051 r  u_tpu_top/u_datapath/u_vector_processing_unit/u_post_process/GEN_BIAS_REQUANT.u_bias_requantize/data_flatten_o_reg[31]_i_118/CO[7]
                         net (fo=1, routed)           0.026    10.077    u_tpu_top/u_datapath/u_vector_processing_unit/u_post_process/GEN_BIAS_REQUANT.u_bias_requantize/data_flatten_o_reg[31]_i_118_n_0
    SLICE_X60Y159        CARRY8 (Prop_CARRY8_SLICEL_CI_O[4])
                                                      0.086    10.163 f  u_tpu_top/u_datapath/u_vector_processing_unit/u_post_process/GEN_BIAS_REQUANT.u_bias_requantize/data_flatten_o_reg[31]_i_117/O[4]
                         net (fo=4, routed)           0.300    10.463    u_tpu_top/u_datapath/u_vector_processing_unit/u_post_process/GEN_BIAS_REQUANT.u_bias_requantize/data_flatten_o_reg[31]_i_117_n_11
    SLICE_X61Y158        LUT2 (Prop_D6LUT_SLICEM_I0_O)
                                                      0.122    10.585 r  u_tpu_top/u_datapath/u_vector_processing_unit/u_post_process/GEN_BIAS_REQUANT.u_bias_requantize/data_flatten_o[31]_i_53/O
                         net (fo=1, routed)           0.025    10.610    u_tpu_top/u_datapath/u_vector_processing_unit/u_post_process/GEN_BIAS_REQUANT.u_bias_requantize/data_flatten_o[31]_i_53_n_0
    SLICE_X61Y158        CARRY8 (Prop_CARRY8_SLICEM_S[3]_CO[5])
                                                      0.146    10.756 f  u_tpu_top/u_datapath/u_vector_processing_unit/u_post_process/GEN_BIAS_REQUANT.u_bias_requantize/data_flatten_o_reg[31]_i_6/CO[5]
                         net (fo=15, routed)          0.432    11.188    u_tpu_top/u_datapath/u_vector_processing_unit/u_post_process/GEN_BIAS_REQUANT.u_bias_requantize/data_flatten_o_reg[31]_i_6_n_2
    SLICE_X62Y160        LUT3 (Prop_D6LUT_SLICEL_I0_O)
                                                      0.089    11.277 r  u_tpu_top/u_datapath/u_vector_processing_unit/u_post_process/GEN_BIAS_REQUANT.u_bias_requantize/data_flatten_o[18]_i_2/O
                         net (fo=18, routed)          0.256    11.533    u_tpu_top/u_datapath/u_vector_processing_unit/u_post_process/GEN_BIAS_REQUANT.u_bias_requantize/data_flatten_o[18]_i_2_n_0
    SLICE_X63Y154        LUT5 (Prop_C6LUT_SLICEM_I0_O)
                                                      0.145    11.678 r  u_tpu_top/u_datapath/u_vector_processing_unit/u_post_process/GEN_BIAS_REQUANT.u_bias_requantize/data_flatten_o[14]_i_1/O
                         net (fo=1, routed)           0.066    11.744    u_tpu_top/u_datapath/u_vector_processing_unit/u_post_process/GEN_BIAS_REQUANT.u_bias_requantize/p_4_out[14]
    SLICE_X63Y154        FDCE                                         r  u_tpu_top/u_datapath/u_vector_processing_unit/u_post_process/GEN_BIAS_REQUANT.u_bias_requantize/data_flatten_o_reg[14]/D
  -------------------------------------------------------------------    -------------------

                         (clock s_axi_aclk rise edge)
                                                     10.000    10.000 r  
    M10                                               0.000    10.000 r  s_axi_aclk (IN)
                         net (fo=0)                   0.000    10.000    s_axi_aclk_IBUF_inst/I
    M10                  INBUF (Prop_INBUF_HDIOB_M_PAD_O)
                                                      0.479    10.479 r  s_axi_aclk_IBUF_inst/INBUF_INST/O
                         net (fo=1, routed)           0.000    10.479    s_axi_aclk_IBUF_inst/OUT
    M10                  IBUFCTRL (Prop_IBUFCTRL_HDIOB_M_I_O)
                                                      0.000    10.479 r  s_axi_aclk_IBUF_inst/IBUFCTRL_INST/O
                         net (fo=1, routed)           0.169    10.648    s_axi_aclk_IBUF
    BUFGCE_HDIO_X2Y0     BUFGCE (Prop_BUFCE_BUFGCE_HDIO_I_O)
                                                      0.024    10.672 r  s_axi_aclk_IBUF_BUFG_inst/O
    X1Y3 (CLOCK_ROOT)    net (fo=3130, routed)        1.906    12.578    u_tpu_top/u_datapath/u_vector_processing_unit/u_post_process/GEN_BIAS_REQUANT.u_bias_requantize/s_axi_aclk_IBUF_BUFG
    SLICE_X63Y154        FDCE                                         r  u_tpu_top/u_datapath/u_vector_processing_unit/u_post_process/GEN_BIAS_REQUANT.u_bias_requantize/data_flatten_o_reg[14]/C
                         clock pessimism              0.703    13.281    
                         clock uncertainty           -0.135    13.146    
    SLICE_X63Y154        FDCE (Setup_CFF_SLICEM_C_D)
                                                      0.025    13.171    u_tpu_top/u_datapath/u_vector_processing_unit/u_post_process/GEN_BIAS_REQUANT.u_bias_requantize/data_flatten_o_reg[14]
  -------------------------------------------------------------------
                         required time                         13.171    
                         arrival time                         -11.744    
  -------------------------------------------------------------------
                         slack                                  1.427    

Slack (MET) :             1.460ns  (required time - arrival time)
  Source:                 u_tpu_top/u_datapath/u_accumulator_array/read_data_flatten_o_reg[8]/C
                            (rising edge-triggered cell FDCE clocked by s_axi_aclk  {rise@0.000ns fall@5.000ns period=10.000ns})
  Destination:            u_tpu_top/u_datapath/u_vector_processing_unit/u_post_process/GEN_BIAS_REQUANT.u_bias_requantize/data_flatten_o_reg[11]/D
                            (rising edge-triggered cell FDCE clocked by s_axi_aclk  {rise@0.000ns fall@5.000ns period=10.000ns})
  Path Group:             s_axi_aclk
  Path Type:              Setup (Max at Slow Process Corner)
  Requirement:            10.000ns  (s_axi_aclk rise@10.000ns - s_axi_aclk rise@0.000ns)
  Data Path Delay:        8.337ns  (logic 4.149ns (49.763%)  route 4.188ns (50.237%))
  Logic Levels:           36  (CARRY8=21 DSP_A_B_DATA=1 DSP_ALU=2 DSP_M_DATA=1 DSP_MULTIPLIER=1 DSP_OUTPUT=2 DSP_PREADD_DATA=1 LUT2=4 LUT3=2 LUT5=1)
  Clock Path Skew:        -0.092ns (DCD - SCD + CPR)
    Destination Clock Delay (DCD):    2.577ns = ( 12.577 - 10.000 ) 
    Source Clock Delay      (SCD):    3.372ns
    Clock Pessimism Removal (CPR):    0.703ns
  Clock Uncertainty:      0.135ns  ((TSJ^2 + TIJ^2)^1/2 + DJ) / 2 + PE + UU
    Total System Jitter     (TSJ):    0.071ns
    Total Input Jitter      (TIJ):    0.000ns
    Discrete Jitter          (DJ):    0.000ns
    Phase Error              (PE):    0.000ns
    User Uncertainty         (UU):    0.100ns
  Clock Net Delay (Source):      2.154ns (routing 1.134ns, distribution 1.020ns)
  Clock Net Delay (Destination): 1.905ns (routing 1.032ns, distribution 0.873ns)

    Location             Delay type                Incr(ns)  Path(ns)    Netlist Resource(s)
  -------------------------------------------------------------------    -------------------
                         (clock s_axi_aclk rise edge)
                                                      0.000     0.000 r  
    M10                                               0.000     0.000 r  s_axi_aclk (IN)
                         net (fo=0)                   0.000     0.000    s_axi_aclk_IBUF_inst/I
    M10                  INBUF (Prop_INBUF_HDIOB_M_PAD_O)
                                                      0.986     0.986 r  s_axi_aclk_IBUF_inst/INBUF_INST/O
                         net (fo=1, routed)           0.000     0.986    s_axi_aclk_IBUF_inst/OUT
    M10                  IBUFCTRL (Prop_IBUFCTRL_HDIOB_M_I_O)
                                                      0.000     0.986 r  s_axi_aclk_IBUF_inst/IBUFCTRL_INST/O
                         net (fo=1, routed)           0.204     1.190    s_axi_aclk_IBUF
    BUFGCE_HDIO_X2Y0     BUFGCE (Prop_BUFCE_BUFGCE_HDIO_I_O)
                                                      0.028     1.218 r  s_axi_aclk_IBUF_BUFG_inst/O
    X1Y3 (CLOCK_ROOT)    net (fo=3130, routed)        2.154     3.372    u_tpu_top/u_datapath/u_accumulator_array/s_axi_aclk_IBUF_BUFG
    SLICE_X52Y153        FDCE                                         r  u_tpu_top/u_datapath/u_accumulator_array/read_data_flatten_o_reg[8]/C
  -------------------------------------------------------------------    -------------------
    SLICE_X52Y153        FDCE (Prop_HFF_SLICEL_C_Q)
                                                      0.079     3.451 r  u_tpu_top/u_datapath/u_accumulator_array/read_data_flatten_o_reg[8]/Q
                         net (fo=2, routed)           0.389     3.841    u_tpu_top/u_datapath/u_vector_processing_unit/u_post_process/GEN_BIAS_REQUANT.u_bias_requantize/(null)[0].shifted_value0__3_i_2_0[8]
    SLICE_X59Y161        LUT2 (Prop_A6LUT_SLICEL_I0_O)
                                                      0.124     3.965 r  u_tpu_top/u_datapath/u_vector_processing_unit/u_post_process/GEN_BIAS_REQUANT.u_bias_requantize/(null)[0].shifted_value0__1_i_10/O
                         net (fo=1, routed)           0.009     3.974    u_tpu_top/u_datapath/u_vector_processing_unit/u_post_process/GEN_BIAS_REQUANT.u_bias_requantize/(null)[0].shifted_value0__1_i_10_n_0
    SLICE_X59Y161        CARRY8 (Prop_CARRY8_SLICEL_S[0]_CO[7])
                                                      0.190     4.164 r  u_tpu_top/u_datapath/u_vector_processing_unit/u_post_process/GEN_BIAS_REQUANT.u_bias_requantize/(null)[0].shifted_value0__1_i_1/CO[7]
                         net (fo=1, routed)           0.026     4.190    u_tpu_top/u_datapath/u_vector_processing_unit/u_post_process/GEN_BIAS_REQUANT.u_bias_requantize/(null)[0].shifted_value0__1_i_1_n_0
    SLICE_X59Y162        CARRY8 (Prop_CARRY8_SLICEL_CI_CO[7])
                                                      0.015     4.205 r  u_tpu_top/u_datapath/u_vector_processing_unit/u_post_process/GEN_BIAS_REQUANT.u_bias_requantize/(null)[0].shifted_value0_i_3/CO[7]
                         net (fo=1, routed)           0.026     4.231    u_tpu_top/u_datapath/u_vector_processing_unit/u_post_process/GEN_BIAS_REQUANT.u_bias_requantize/(null)[0].shifted_value0_i_3_n_0
    SLICE_X59Y163        CARRY8 (Prop_CARRY8_SLICEL_CI_CO[7])
                                                      0.015     4.246 r  u_tpu_top/u_datapath/u_vector_processing_unit/u_post_process/GEN_BIAS_REQUANT.u_bias_requantize/(null)[0].shifted_value0_i_2/CO[7]
                         net (fo=1, routed)           0.026     4.272    u_tpu_top/u_datapath/u_vector_processing_unit/u_post_process/GEN_BIAS_REQUANT.u_bias_requantize/(null)[0].shifted_value0_i_2_n_0
    SLICE_X59Y164        CARRY8 (Prop_CARRY8_SLICEL_CI_O[0])
                                                      0.056     4.328 f  u_tpu_top/u_datapath/u_vector_processing_unit/u_post_process/GEN_BIAS_REQUANT.u_bias_requantize/(null)[0].shifted_value0_i_1/O[0]
                         net (fo=18, routed)          0.521     4.849    u_tpu_top/u_datapath/u_vector_processing_unit/u_post_process/GEN_BIAS_REQUANT.u_bias_requantize/(null)[0].shifted_value0/B[16]
    DSP48E2_X6Y66        DSP_A_B_DATA (Prop_DSP_A_B_DATA_DSP48E2_B[16]_B2_DATA[16])
                                                      0.151     5.000 r  u_tpu_top/u_datapath/u_vector_processing_unit/u_post_process/GEN_BIAS_REQUANT.u_bias_requantize/(null)[0].shifted_value0/DSP_A_B_DATA_INST/B2_DATA[16]
                         net (fo=1, routed)           0.000     5.000    u_tpu_top/u_datapath/u_vector_processing_unit/u_post_process/GEN_BIAS_REQUANT.u_bias_requantize/(null)[0].shifted_value0/DSP_A_B_DATA.B2_DATA<16>
    DSP48E2_X6Y66        DSP_PREADD_DATA (Prop_DSP_PREADD_DATA_DSP48E2_B2_DATA[16]_B2B1[16])
                                                      0.073     5.073 r  u_tpu_top/u_datapath/u_vector_processing_unit/u_post_process/GEN_BIAS_REQUANT.u_bias_requantize/(null)[0].shifted_value0/DSP_PREADD_DATA_INST/B2B1[16]
                         net (fo=1, routed)           0.000     5.073    u_tpu_top/u_datapath/u_vector_processing_unit/u_post_process/GEN_BIAS_REQUANT.u_bias_requantize/(null)[0].shifted_value0/DSP_PREADD_DATA.B2B1<16>
    DSP48E2_X6Y66        DSP_MULTIPLIER (Prop_DSP_MULTIPLIER_DSP48E2_B2B1[16]_V[43])
                                                      0.609     5.682 f  u_tpu_top/u_datapath/u_vector_processing_unit/u_post_process/GEN_BIAS_REQUANT.u_bias_requantize/(null)[0].shifted_value0/DSP_MULTIPLIER_INST/V[43]
                         net (fo=1, routed)           0.000     5.682    u_tpu_top/u_datapath/u_vector_processing_unit/u_post_process/GEN_BIAS_REQUANT.u_bias_requantize/(null)[0].shifted_value0/DSP_MULTIPLIER.V<43>
    DSP48E2_X6Y66        DSP_M_DATA (Prop_DSP_M_DATA_DSP48E2_V[43]_V_DATA[43])
                                                      0.046     5.728 r  u_tpu_top/u_datapath/u_vector_processing_unit/u_post_process/GEN_BIAS_REQUANT.u_bias_requantize/(null)[0].shifted_value0/DSP_M_DATA_INST/V_DATA[43]
                         net (fo=1, routed)           0.000     5.728    u_tpu_top/u_datapath/u_vector_processing_unit/u_post_process/GEN_BIAS_REQUANT.u_bias_requantize/(null)[0].shifted_value0/DSP_M_DATA.V_DATA<43>
    DSP48E2_X6Y66        DSP_ALU (Prop_DSP_ALU_DSP48E2_V_DATA[43]_ALU_OUT[47])
                                                      0.571     6.299 f  u_tpu_top/u_datapath/u_vector_processing_unit/u_post_process/GEN_BIAS_REQUANT.u_bias_requantize/(null)[0].shifted_value0/DSP_ALU_INST/ALU_OUT[47]
                         net (fo=1, routed)           0.000     6.299    u_tpu_top/u_datapath/u_vector_processing_unit/u_post_process/GEN_BIAS_REQUANT.u_bias_requantize/(null)[0].shifted_value0/DSP_ALU.ALU_OUT<47>
    DSP48E2_X6Y66        DSP_OUTPUT (Prop_DSP_OUTPUT_DSP48E2_ALU_OUT[47]_PCOUT[47])
                                                      0.122     6.421 r  u_tpu_top/u_datapath/u_vector_processing_unit/u_post_process/GEN_BIAS_REQUANT.u_bias_requantize/(null)[0].shifted_value0/DSP_OUTPUT_INST/PCOUT[47]
                         net (fo=1, routed)           0.014     6.435    u_tpu_top/u_datapath/u_vector_processing_unit/u_post_process/GEN_BIAS_REQUANT.u_bias_requantize/(null)[0].shifted_value0__0/PCIN[47]
    DSP48E2_X6Y67        DSP_ALU (Prop_DSP_ALU_DSP48E2_PCIN[47]_ALU_OUT[1])
                                                      0.546     6.981 f  u_tpu_top/u_datapath/u_vector_processing_unit/u_post_process/GEN_BIAS_REQUANT.u_bias_requantize/(null)[0].shifted_value0__0/DSP_ALU_INST/ALU_OUT[1]
                         net (fo=1, routed)           0.000     6.981    u_tpu_top/u_datapath/u_vector_processing_unit/u_post_process/GEN_BIAS_REQUANT.u_bias_requantize/(null)[0].shifted_value0__0/DSP_ALU.ALU_OUT<1>
    DSP48E2_X6Y67        DSP_OUTPUT (Prop_DSP_OUTPUT_DSP48E2_ALU_OUT[1]_P[1])
                                                      0.109     7.090 r  u_tpu_top/u_datapath/u_vector_processing_unit/u_post_process/GEN_BIAS_REQUANT.u_bias_requantize/(null)[0].shifted_value0__0/DSP_OUTPUT_INST/P[1]
                         net (fo=1, routed)           0.377     7.467    u_tpu_top/u_datapath/u_vector_processing_unit/u_post_process/GEN_BIAS_REQUANT.u_bias_requantize/(null)[0].shifted_value0__0_n_104
    SLICE_X63Y162        LUT2 (Prop_D6LUT_SLICEM_I1_O)
                                                      0.037     7.504 r  u_tpu_top/u_datapath/u_vector_processing_unit/u_post_process/GEN_BIAS_REQUANT.u_bias_requantize/data_flatten_o[18]_i_38/O
                         net (fo=1, routed)           0.025     7.529    u_tpu_top/u_datapath/u_vector_processing_unit/u_post_process/GEN_BIAS_REQUANT.u_bias_requantize/data_flatten_o[18]_i_38_n_0
    SLICE_X63Y162        CARRY8 (Prop_CARRY8_SLICEM_S[3]_CO[7])
                                                      0.163     7.692 r  u_tpu_top/u_datapath/u_vector_processing_unit/u_post_process/GEN_BIAS_REQUANT.u_bias_requantize/data_flatten_o_reg[18]_i_24/CO[7]
                         net (fo=1, routed)           0.026     7.718    u_tpu_top/u_datapath/u_vector_processing_unit/u_post_process/GEN_BIAS_REQUANT.u_bias_requantize/data_flatten_o_reg[18]_i_24_n_0
    SLICE_X63Y163        CARRY8 (Prop_CARRY8_SLICEM_CI_CO[7])
                                                      0.015     7.733 r  u_tpu_top/u_datapath/u_vector_processing_unit/u_post_process/GEN_BIAS_REQUANT.u_bias_requantize/data_flatten_o_reg[18]_i_7/CO[7]
                         net (fo=1, routed)           0.026     7.759    u_tpu_top/u_datapath/u_vector_processing_unit/u_post_process/GEN_BIAS_REQUANT.u_bias_requantize/data_flatten_o_reg[18]_i_7_n_0
    SLICE_X63Y164        CARRY8 (Prop_CARRY8_SLICEM_CI_CO[7])
                                                      0.015     7.774 r  u_tpu_top/u_datapath/u_vector_processing_unit/u_post_process/GEN_BIAS_REQUANT.u_bias_requantize/data_flatten_o_reg[18]_i_33/CO[7]
                         net (fo=1, routed)           0.026     7.800    u_tpu_top/u_datapath/u_vector_processing_unit/u_post_process/GEN_BIAS_REQUANT.u_bias_requantize/data_flatten_o_reg[18]_i_33_n_0
    SLICE_X63Y165        CARRY8 (Prop_CARRY8_SLICEM_CI_CO[7])
                                                      0.015     7.815 r  u_tpu_top/u_datapath/u_vector_processing_unit/u_post_process/GEN_BIAS_REQUANT.u_bias_requantize/data_flatten_o_reg[31]_i_73/CO[7]
                         net (fo=1, routed)           0.026     7.841    u_tpu_top/u_datapath/u_vector_processing_unit/u_post_process/GEN_BIAS_REQUANT.u_bias_requantize/data_flatten_o_reg[31]_i_73_n_0
    SLICE_X63Y166        CARRY8 (Prop_CARRY8_SLICEM_CI_O[0])
                                                      0.056     7.897 r  u_tpu_top/u_datapath/u_vector_processing_unit/u_post_process/GEN_BIAS_REQUANT.u_bias_requantize/data_flatten_o_reg[18]_i_6/O[0]
                         net (fo=125, routed)         0.540     8.437    u_tpu_top/u_datapath/u_vector_processing_unit/u_post_process/GEN_BIAS_REQUANT.u_bias_requantize/data_flatten_o_reg[18]_i_6_n_15
    SLICE_X64Y154        LUT2 (Prop_B6LUT_SLICEM_I0_O)
                                                      0.037     8.474 r  u_tpu_top/u_datapath/u_vector_processing_unit/u_post_process/GEN_BIAS_REQUANT.u_bias_requantize/data_flatten_o[6]_i_27/O
                         net (fo=1, routed)           0.016     8.490    u_tpu_top/u_datapath/u_vector_processing_unit/u_post_process/GEN_BIAS_REQUANT.u_bias_requantize/data_flatten_o[6]_i_27_n_0
    SLICE_X64Y154        CARRY8 (Prop_CARRY8_SLICEM_S[1]_CO[7])
                                                      0.190     8.680 r  u_tpu_top/u_datapath/u_vector_processing_unit/u_post_process/GEN_BIAS_REQUANT.u_bias_requantize/data_flatten_o_reg[6]_i_12/CO[7]
                         net (fo=1, routed)           0.026     8.706    u_tpu_top/u_datapath/u_vector_processing_unit/u_post_process/GEN_BIAS_REQUANT.u_bias_requantize/data_flatten_o_reg[6]_i_12_n_0
    SLICE_X64Y155        CARRY8 (Prop_CARRY8_SLICEM_CI_CO[7])
                                                      0.015     8.721 r  u_tpu_top/u_datapath/u_vector_processing_unit/u_post_process/GEN_BIAS_REQUANT.u_bias_requantize/data_flatten_o_reg[6]_i_3/CO[7]
                         net (fo=1, routed)           0.026     8.747    u_tpu_top/u_datapath/u_vector_processing_unit/u_post_process/GEN_BIAS_REQUANT.u_bias_requantize/data_flatten_o_reg[6]_i_3_n_0
    SLICE_X64Y156        CARRY8 (Prop_CARRY8_SLICEM_CI_CO[7])
                                                      0.015     8.762 r  u_tpu_top/u_datapath/u_vector_processing_unit/u_post_process/GEN_BIAS_REQUANT.u_bias_requantize/data_flatten_o_reg[6]_i_2/CO[7]
                         net (fo=1, routed)           0.026     8.788    u_tpu_top/u_datapath/u_vector_processing_unit/u_post_process/GEN_BIAS_REQUANT.u_bias_requantize/data_flatten_o_reg[6]_i_2_n_0
    SLICE_X64Y157        CARRY8 (Prop_CARRY8_SLICEM_CI_CO[7])
                                                      0.015     8.803 r  u_tpu_top/u_datapath/u_vector_processing_unit/u_post_process/GEN_BIAS_REQUANT.u_bias_requantize/data_flatten_o_reg[14]_i_2/CO[7]
                         net (fo=1, routed)           0.026     8.829    u_tpu_top/u_datapath/u_vector_processing_unit/u_post_process/GEN_BIAS_REQUANT.u_bias_requantize/data_flatten_o_reg[14]_i_2_n_0
    SLICE_X64Y158        CARRY8 (Prop_CARRY8_SLICEM_CI_CO[7])
                                                      0.015     8.844 r  u_tpu_top/u_datapath/u_vector_processing_unit/u_post_process/GEN_BIAS_REQUANT.u_bias_requantize/data_flatten_o_reg[18]_i_4/CO[7]
                         net (fo=1, routed)           0.026     8.870    u_tpu_top/u_datapath/u_vector_processing_unit/u_post_process/GEN_BIAS_REQUANT.u_bias_requantize/data_flatten_o_reg[18]_i_4_n_0
    SLICE_X64Y159        CARRY8 (Prop_CARRY8_SLICEM_CI_CO[7])
                                                      0.015     8.885 r  u_tpu_top/u_datapath/u_vector_processing_unit/u_post_process/GEN_BIAS_REQUANT.u_bias_requantize/data_flatten_o_reg[30]_i_3/CO[7]
                         net (fo=1, routed)           0.026     8.911    u_tpu_top/u_datapath/u_vector_processing_unit/u_post_process/GEN_BIAS_REQUANT.u_bias_requantize/data_flatten_o_reg[30]_i_3_n_0
    SLICE_X64Y160        CARRY8 (Prop_CARRY8_SLICEM_CI_O[1])
                                                      0.076     8.987 f  u_tpu_top/u_datapath/u_vector_processing_unit/u_post_process/GEN_BIAS_REQUANT.u_bias_requantize/data_flatten_o_reg[31]_i_18/O[1]
                         net (fo=7, routed)           0.603     9.589    u_tpu_top/u_datapath/u_vector_processing_unit/u_post_process/GEN_BIAS_REQUANT.u_bias_requantize/data_flatten_o_reg[31]_i_18_n_14
    SLICE_X59Y156        LUT3 (Prop_H6LUT_SLICEL_I1_O)
                                                      0.051     9.640 r  u_tpu_top/u_datapath/u_vector_processing_unit/u_post_process/GEN_BIAS_REQUANT.u_bias_requantize/data_flatten_o[31]_i_244/O
                         net (fo=1, routed)           0.178     9.818    u_tpu_top/u_datapath/u_vector_processing_unit/u_post_process/GEN_BIAS_REQUANT.u_bias_requantize/data_flatten_o[31]_i_244_n_0
    SLICE_X60Y156        CARRY8 (Prop_CARRY8_SLICEL_CI_CO[7])
                                                      0.151     9.969 r  u_tpu_top/u_datapath/u_vector_processing_unit/u_post_process/GEN_BIAS_REQUANT.u_bias_requantize/data_flatten_o_reg[31]_i_162/CO[7]
                         net (fo=1, routed)           0.026     9.995    u_tpu_top/u_datapath/u_vector_processing_unit/u_post_process/GEN_BIAS_REQUANT.u_bias_requantize/data_flatten_o_reg[31]_i_162_n_0
    SLICE_X60Y157        CARRY8 (Prop_CARRY8_SLICEL_CI_CO[7])
                                                      0.015    10.010 r  u_tpu_top/u_datapath/u_vector_processing_unit/u_post_process/GEN_BIAS_REQUANT.u_bias_requantize/data_flatten_o_reg[31]_i_161/CO[7]
                         net (fo=1, routed)           0.026    10.036    u_tpu_top/u_datapath/u_vector_processing_unit/u_post_process/GEN_BIAS_REQUANT.u_bias_requantize/data_flatten_o_reg[31]_i_161_n_0
    SLICE_X60Y158        CARRY8 (Prop_CARRY8_SLICEL_CI_CO[7])
                                                      0.015    10.051 r  u_tpu_top/u_datapath/u_vector_processing_unit/u_post_process/GEN_BIAS_REQUANT.u_bias_requantize/data_flatten_o_reg[31]_i_118/CO[7]
                         net (fo=1, routed)           0.026    10.077    u_tpu_top/u_datapath/u_vector_processing_unit/u_post_process/GEN_BIAS_REQUANT.u_bias_requantize/data_flatten_o_reg[31]_i_118_n_0
    SLICE_X60Y159        CARRY8 (Prop_CARRY8_SLICEL_CI_O[4])
                                                      0.086    10.163 f  u_tpu_top/u_datapath/u_vector_processing_unit/u_post_process/GEN_BIAS_REQUANT.u_bias_requantize/data_flatten_o_reg[31]_i_117/O[4]
                         net (fo=4, routed)           0.300    10.463    u_tpu_top/u_datapath/u_vector_processing_unit/u_post_process/GEN_BIAS_REQUANT.u_bias_requantize/data_flatten_o_reg[31]_i_117_n_11
    SLICE_X61Y158        LUT2 (Prop_D6LUT_SLICEM_I0_O)
                                                      0.122    10.585 r  u_tpu_top/u_datapath/u_vector_processing_unit/u_post_process/GEN_BIAS_REQUANT.u_bias_requantize/data_flatten_o[31]_i_53/O
                         net (fo=1, routed)           0.025    10.610    u_tpu_top/u_datapath/u_vector_processing_unit/u_post_process/GEN_BIAS_REQUANT.u_bias_requantize/data_flatten_o[31]_i_53_n_0
    SLICE_X61Y158        CARRY8 (Prop_CARRY8_SLICEM_S[3]_CO[5])
                                                      0.146    10.756 f  u_tpu_top/u_datapath/u_vector_processing_unit/u_post_process/GEN_BIAS_REQUANT.u_bias_requantize/data_flatten_o_reg[31]_i_6/CO[5]
                         net (fo=15, routed)          0.432    11.188    u_tpu_top/u_datapath/u_vector_processing_unit/u_post_process/GEN_BIAS_REQUANT.u_bias_requantize/data_flatten_o_reg[31]_i_6_n_2
    SLICE_X62Y160        LUT3 (Prop_D6LUT_SLICEL_I0_O)
                                                      0.089    11.277 r  u_tpu_top/u_datapath/u_vector_processing_unit/u_post_process/GEN_BIAS_REQUANT.u_bias_requantize/data_flatten_o[18]_i_2/O
                         net (fo=18, routed)          0.294    11.572    u_tpu_top/u_datapath/u_vector_processing_unit/u_post_process/GEN_BIAS_REQUANT.u_bias_requantize/data_flatten_o[18]_i_2_n_0
    SLICE_X65Y156        LUT5 (Prop_D6LUT_SLICEL_I0_O)
                                                      0.089    11.661 r  u_tpu_top/u_datapath/u_vector_processing_unit/u_post_process/GEN_BIAS_REQUANT.u_bias_requantize/data_flatten_o[11]_i_1/O
                         net (fo=1, routed)           0.049    11.710    u_tpu_top/u_datapath/u_vector_processing_unit/u_post_process/GEN_BIAS_REQUANT.u_bias_requantize/p_4_out[11]
    SLICE_X65Y156        FDCE                                         r  u_tpu_top/u_datapath/u_vector_processing_unit/u_post_process/GEN_BIAS_REQUANT.u_bias_requantize/data_flatten_o_reg[11]/D
  -------------------------------------------------------------------    -------------------

                         (clock s_axi_aclk rise edge)
                                                     10.000    10.000 r  
    M10                                               0.000    10.000 r  s_axi_aclk (IN)
                         net (fo=0)                   0.000    10.000    s_axi_aclk_IBUF_inst/I
    M10                  INBUF (Prop_INBUF_HDIOB_M_PAD_O)
                                                      0.479    10.479 r  s_axi_aclk_IBUF_inst/INBUF_INST/O
                         net (fo=1, routed)           0.000    10.479    s_axi_aclk_IBUF_inst/OUT
    M10                  IBUFCTRL (Prop_IBUFCTRL_HDIOB_M_I_O)
                                                      0.000    10.479 r  s_axi_aclk_IBUF_inst/IBUFCTRL_INST/O
                         net (fo=1, routed)           0.169    10.648    s_axi_aclk_IBUF
    BUFGCE_HDIO_X2Y0     BUFGCE (Prop_BUFCE_BUFGCE_HDIO_I_O)
                                                      0.024    10.672 r  s_axi_aclk_IBUF_BUFG_inst/O
    X1Y3 (CLOCK_ROOT)    net (fo=3130, routed)        1.905    12.577    u_tpu_top/u_datapath/u_vector_processing_unit/u_post_process/GEN_BIAS_REQUANT.u_bias_requantize/s_axi_aclk_IBUF_BUFG
    SLICE_X65Y156        FDCE                                         r  u_tpu_top/u_datapath/u_vector_processing_unit/u_post_process/GEN_BIAS_REQUANT.u_bias_requantize/data_flatten_o_reg[11]/C
                         clock pessimism              0.703    13.280    
                         clock uncertainty           -0.135    13.145    
    SLICE_X65Y156        FDCE (Setup_DFF_SLICEL_C_D)
                                                      0.025    13.170    u_tpu_top/u_datapath/u_vector_processing_unit/u_post_process/GEN_BIAS_REQUANT.u_bias_requantize/data_flatten_o_reg[11]
  -------------------------------------------------------------------
                         required time                         13.170    
                         arrival time                         -11.710    
  -------------------------------------------------------------------
                         slack                                  1.460    

Slack (MET) :             1.460ns  (required time - arrival time)
  Source:                 u_tpu_top/u_datapath/u_accumulator_array/read_data_flatten_o_reg[8]/C
                            (rising edge-triggered cell FDCE clocked by s_axi_aclk  {rise@0.000ns fall@5.000ns period=10.000ns})
  Destination:            u_tpu_top/u_datapath/u_vector_processing_unit/u_post_process/GEN_BIAS_REQUANT.u_bias_requantize/data_flatten_o_reg[12]/D
                            (rising edge-triggered cell FDCE clocked by s_axi_aclk  {rise@0.000ns fall@5.000ns period=10.000ns})
  Path Group:             s_axi_aclk
  Path Type:              Setup (Max at Slow Process Corner)
  Requirement:            10.000ns  (s_axi_aclk rise@10.000ns - s_axi_aclk rise@0.000ns)
  Data Path Delay:        8.337ns  (logic 4.148ns (49.751%)  route 4.189ns (50.249%))
  Logic Levels:           36  (CARRY8=21 DSP_A_B_DATA=1 DSP_ALU=2 DSP_M_DATA=1 DSP_MULTIPLIER=1 DSP_OUTPUT=2 DSP_PREADD_DATA=1 LUT2=4 LUT3=2 LUT5=1)
  Clock Path Skew:        -0.092ns (DCD - SCD + CPR)
    Destination Clock Delay (DCD):    2.577ns = ( 12.577 - 10.000 ) 
    Source Clock Delay      (SCD):    3.372ns
    Clock Pessimism Removal (CPR):    0.703ns
  Clock Uncertainty:      0.135ns  ((TSJ^2 + TIJ^2)^1/2 + DJ) / 2 + PE + UU
    Total System Jitter     (TSJ):    0.071ns
    Total Input Jitter      (TIJ):    0.000ns
    Discrete Jitter          (DJ):    0.000ns
    Phase Error              (PE):    0.000ns
    User Uncertainty         (UU):    0.100ns
  Clock Net Delay (Source):      2.154ns (routing 1.134ns, distribution 1.020ns)
  Clock Net Delay (Destination): 1.905ns (routing 1.032ns, distribution 0.873ns)

    Location             Delay type                Incr(ns)  Path(ns)    Netlist Resource(s)
  -------------------------------------------------------------------    -------------------
                         (clock s_axi_aclk rise edge)
                                                      0.000     0.000 r  
    M10                                               0.000     0.000 r  s_axi_aclk (IN)
                         net (fo=0)                   0.000     0.000    s_axi_aclk_IBUF_inst/I
    M10                  INBUF (Prop_INBUF_HDIOB_M_PAD_O)
                                                      0.986     0.986 r  s_axi_aclk_IBUF_inst/INBUF_INST/O
                         net (fo=1, routed)           0.000     0.986    s_axi_aclk_IBUF_inst/OUT
    M10                  IBUFCTRL (Prop_IBUFCTRL_HDIOB_M_I_O)
                                                      0.000     0.986 r  s_axi_aclk_IBUF_inst/IBUFCTRL_INST/O
                         net (fo=1, routed)           0.204     1.190    s_axi_aclk_IBUF
    BUFGCE_HDIO_X2Y0     BUFGCE (Prop_BUFCE_BUFGCE_HDIO_I_O)
                                                      0.028     1.218 r  s_axi_aclk_IBUF_BUFG_inst/O
    X1Y3 (CLOCK_ROOT)    net (fo=3130, routed)        2.154     3.372    u_tpu_top/u_datapath/u_accumulator_array/s_axi_aclk_IBUF_BUFG
    SLICE_X52Y153        FDCE                                         r  u_tpu_top/u_datapath/u_accumulator_array/read_data_flatten_o_reg[8]/C
  -------------------------------------------------------------------    -------------------
    SLICE_X52Y153        FDCE (Prop_HFF_SLICEL_C_Q)
                                                      0.079     3.451 r  u_tpu_top/u_datapath/u_accumulator_array/read_data_flatten_o_reg[8]/Q
                         net (fo=2, routed)           0.389     3.841    u_tpu_top/u_datapath/u_vector_processing_unit/u_post_process/GEN_BIAS_REQUANT.u_bias_requantize/(null)[0].shifted_value0__3_i_2_0[8]
    SLICE_X59Y161        LUT2 (Prop_A6LUT_SLICEL_I0_O)
                                                      0.124     3.965 r  u_tpu_top/u_datapath/u_vector_processing_unit/u_post_process/GEN_BIAS_REQUANT.u_bias_requantize/(null)[0].shifted_value0__1_i_10/O
                         net (fo=1, routed)           0.009     3.974    u_tpu_top/u_datapath/u_vector_processing_unit/u_post_process/GEN_BIAS_REQUANT.u_bias_requantize/(null)[0].shifted_value0__1_i_10_n_0
    SLICE_X59Y161        CARRY8 (Prop_CARRY8_SLICEL_S[0]_CO[7])
                                                      0.190     4.164 r  u_tpu_top/u_datapath/u_vector_processing_unit/u_post_process/GEN_BIAS_REQUANT.u_bias_requantize/(null)[0].shifted_value0__1_i_1/CO[7]
                         net (fo=1, routed)           0.026     4.190    u_tpu_top/u_datapath/u_vector_processing_unit/u_post_process/GEN_BIAS_REQUANT.u_bias_requantize/(null)[0].shifted_value0__1_i_1_n_0
    SLICE_X59Y162        CARRY8 (Prop_CARRY8_SLICEL_CI_CO[7])
                                                      0.015     4.205 r  u_tpu_top/u_datapath/u_vector_processing_unit/u_post_process/GEN_BIAS_REQUANT.u_bias_requantize/(null)[0].shifted_value0_i_3/CO[7]
                         net (fo=1, routed)           0.026     4.231    u_tpu_top/u_datapath/u_vector_processing_unit/u_post_process/GEN_BIAS_REQUANT.u_bias_requantize/(null)[0].shifted_value0_i_3_n_0
    SLICE_X59Y163        CARRY8 (Prop_CARRY8_SLICEL_CI_CO[7])
                                                      0.015     4.246 r  u_tpu_top/u_datapath/u_vector_processing_unit/u_post_process/GEN_BIAS_REQUANT.u_bias_requantize/(null)[0].shifted_value0_i_2/CO[7]
                         net (fo=1, routed)           0.026     4.272    u_tpu_top/u_datapath/u_vector_processing_unit/u_post_process/GEN_BIAS_REQUANT.u_bias_requantize/(null)[0].shifted_value0_i_2_n_0
    SLICE_X59Y164        CARRY8 (Prop_CARRY8_SLICEL_CI_O[0])
                                                      0.056     4.328 f  u_tpu_top/u_datapath/u_vector_processing_unit/u_post_process/GEN_BIAS_REQUANT.u_bias_requantize/(null)[0].shifted_value0_i_1/O[0]
                         net (fo=18, routed)          0.521     4.849    u_tpu_top/u_datapath/u_vector_processing_unit/u_post_process/GEN_BIAS_REQUANT.u_bias_requantize/(null)[0].shifted_value0/B[16]
    DSP48E2_X6Y66        DSP_A_B_DATA (Prop_DSP_A_B_DATA_DSP48E2_B[16]_B2_DATA[16])
                                                      0.151     5.000 r  u_tpu_top/u_datapath/u_vector_processing_unit/u_post_process/GEN_BIAS_REQUANT.u_bias_requantize/(null)[0].shifted_value0/DSP_A_B_DATA_INST/B2_DATA[16]
                         net (fo=1, routed)           0.000     5.000    u_tpu_top/u_datapath/u_vector_processing_unit/u_post_process/GEN_BIAS_REQUANT.u_bias_requantize/(null)[0].shifted_value0/DSP_A_B_DATA.B2_DATA<16>
    DSP48E2_X6Y66        DSP_PREADD_DATA (Prop_DSP_PREADD_DATA_DSP48E2_B2_DATA[16]_B2B1[16])
                                                      0.073     5.073 r  u_tpu_top/u_datapath/u_vector_processing_unit/u_post_process/GEN_BIAS_REQUANT.u_bias_requantize/(null)[0].shifted_value0/DSP_PREADD_DATA_INST/B2B1[16]
                         net (fo=1, routed)           0.000     5.073    u_tpu_top/u_datapath/u_vector_processing_unit/u_post_process/GEN_BIAS_REQUANT.u_bias_requantize/(null)[0].shifted_value0/DSP_PREADD_DATA.B2B1<16>
    DSP48E2_X6Y66        DSP_MULTIPLIER (Prop_DSP_MULTIPLIER_DSP48E2_B2B1[16]_V[43])
                                                      0.609     5.682 f  u_tpu_top/u_datapath/u_vector_processing_unit/u_post_process/GEN_BIAS_REQUANT.u_bias_requantize/(null)[0].shifted_value0/DSP_MULTIPLIER_INST/V[43]
                         net (fo=1, routed)           0.000     5.682    u_tpu_top/u_datapath/u_vector_processing_unit/u_post_process/GEN_BIAS_REQUANT.u_bias_requantize/(null)[0].shifted_value0/DSP_MULTIPLIER.V<43>
    DSP48E2_X6Y66        DSP_M_DATA (Prop_DSP_M_DATA_DSP48E2_V[43]_V_DATA[43])
                                                      0.046     5.728 r  u_tpu_top/u_datapath/u_vector_processing_unit/u_post_process/GEN_BIAS_REQUANT.u_bias_requantize/(null)[0].shifted_value0/DSP_M_DATA_INST/V_DATA[43]
                         net (fo=1, routed)           0.000     5.728    u_tpu_top/u_datapath/u_vector_processing_unit/u_post_process/GEN_BIAS_REQUANT.u_bias_requantize/(null)[0].shifted_value0/DSP_M_DATA.V_DATA<43>
    DSP48E2_X6Y66        DSP_ALU (Prop_DSP_ALU_DSP48E2_V_DATA[43]_ALU_OUT[47])
                                                      0.571     6.299 f  u_tpu_top/u_datapath/u_vector_processing_unit/u_post_process/GEN_BIAS_REQUANT.u_bias_requantize/(null)[0].shifted_value0/DSP_ALU_INST/ALU_OUT[47]
                         net (fo=1, routed)           0.000     6.299    u_tpu_top/u_datapath/u_vector_processing_unit/u_post_process/GEN_BIAS_REQUANT.u_bias_requantize/(null)[0].shifted_value0/DSP_ALU.ALU_OUT<47>
    DSP48E2_X6Y66        DSP_OUTPUT (Prop_DSP_OUTPUT_DSP48E2_ALU_OUT[47]_PCOUT[47])
                                                      0.122     6.421 r  u_tpu_top/u_datapath/u_vector_processing_unit/u_post_process/GEN_BIAS_REQUANT.u_bias_requantize/(null)[0].shifted_value0/DSP_OUTPUT_INST/PCOUT[47]
                         net (fo=1, routed)           0.014     6.435    u_tpu_top/u_datapath/u_vector_processing_unit/u_post_process/GEN_BIAS_REQUANT.u_bias_requantize/(null)[0].shifted_value0__0/PCIN[47]
    DSP48E2_X6Y67        DSP_ALU (Prop_DSP_ALU_DSP48E2_PCIN[47]_ALU_OUT[1])
                                                      0.546     6.981 f  u_tpu_top/u_datapath/u_vector_processing_unit/u_post_process/GEN_BIAS_REQUANT.u_bias_requantize/(null)[0].shifted_value0__0/DSP_ALU_INST/ALU_OUT[1]
                         net (fo=1, routed)           0.000     6.981    u_tpu_top/u_datapath/u_vector_processing_unit/u_post_process/GEN_BIAS_REQUANT.u_bias_requantize/(null)[0].shifted_value0__0/DSP_ALU.ALU_OUT<1>
    DSP48E2_X6Y67        DSP_OUTPUT (Prop_DSP_OUTPUT_DSP48E2_ALU_OUT[1]_P[1])
                                                      0.109     7.090 r  u_tpu_top/u_datapath/u_vector_processing_unit/u_post_process/GEN_BIAS_REQUANT.u_bias_requantize/(null)[0].shifted_value0__0/DSP_OUTPUT_INST/P[1]
                         net (fo=1, routed)           0.377     7.467    u_tpu_top/u_datapath/u_vector_processing_unit/u_post_process/GEN_BIAS_REQUANT.u_bias_requantize/(null)[0].shifted_value0__0_n_104
    SLICE_X63Y162        LUT2 (Prop_D6LUT_SLICEM_I1_O)
                                                      0.037     7.504 r  u_tpu_top/u_datapath/u_vector_processing_unit/u_post_process/GEN_BIAS_REQUANT.u_bias_requantize/data_flatten_o[18]_i_38/O
                         net (fo=1, routed)           0.025     7.529    u_tpu_top/u_datapath/u_vector_processing_unit/u_post_process/GEN_BIAS_REQUANT.u_bias_requantize/data_flatten_o[18]_i_38_n_0
    SLICE_X63Y162        CARRY8 (Prop_CARRY8_SLICEM_S[3]_CO[7])
                                                      0.163     7.692 r  u_tpu_top/u_datapath/u_vector_processing_unit/u_post_process/GEN_BIAS_REQUANT.u_bias_requantize/data_flatten_o_reg[18]_i_24/CO[7]
                         net (fo=1, routed)           0.026     7.718    u_tpu_top/u_datapath/u_vector_processing_unit/u_post_process/GEN_BIAS_REQUANT.u_bias_requantize/data_flatten_o_reg[18]_i_24_n_0
    SLICE_X63Y163        CARRY8 (Prop_CARRY8_SLICEM_CI_CO[7])
                                                      0.015     7.733 r  u_tpu_top/u_datapath/u_vector_processing_unit/u_post_process/GEN_BIAS_REQUANT.u_bias_requantize/data_flatten_o_reg[18]_i_7/CO[7]
                         net (fo=1, routed)           0.026     7.759    u_tpu_top/u_datapath/u_vector_processing_unit/u_post_process/GEN_BIAS_REQUANT.u_bias_requantize/data_flatten_o_reg[18]_i_7_n_0
    SLICE_X63Y164        CARRY8 (Prop_CARRY8_SLICEM_CI_CO[7])
                                                      0.015     7.774 r  u_tpu_top/u_datapath/u_vector_processing_unit/u_post_process/GEN_BIAS_REQUANT.u_bias_requantize/data_flatten_o_reg[18]_i_33/CO[7]
                         net (fo=1, routed)           0.026     7.800    u_tpu_top/u_datapath/u_vector_processing_unit/u_post_process/GEN_BIAS_REQUANT.u_bias_requantize/data_flatten_o_reg[18]_i_33_n_0
    SLICE_X63Y165        CARRY8 (Prop_CARRY8_SLICEM_CI_CO[7])
                                                      0.015     7.815 r  u_tpu_top/u_datapath/u_vector_processing_unit/u_post_process/GEN_BIAS_REQUANT.u_bias_requantize/data_flatten_o_reg[31]_i_73/CO[7]
                         net (fo=1, routed)           0.026     7.841    u_tpu_top/u_datapath/u_vector_processing_unit/u_post_process/GEN_BIAS_REQUANT.u_bias_requantize/data_flatten_o_reg[31]_i_73_n_0
    SLICE_X63Y166        CARRY8 (Prop_CARRY8_SLICEM_CI_O[0])
                                                      0.056     7.897 r  u_tpu_top/u_datapath/u_vector_processing_unit/u_post_process/GEN_BIAS_REQUANT.u_bias_requantize/data_flatten_o_reg[18]_i_6/O[0]
                         net (fo=125, routed)         0.540     8.437    u_tpu_top/u_datapath/u_vector_processing_unit/u_post_process/GEN_BIAS_REQUANT.u_bias_requantize/data_flatten_o_reg[18]_i_6_n_15
    SLICE_X64Y154        LUT2 (Prop_B6LUT_SLICEM_I0_O)
                                                      0.037     8.474 r  u_tpu_top/u_datapath/u_vector_processing_unit/u_post_process/GEN_BIAS_REQUANT.u_bias_requantize/data_flatten_o[6]_i_27/O
                         net (fo=1, routed)           0.016     8.490    u_tpu_top/u_datapath/u_vector_processing_unit/u_post_process/GEN_BIAS_REQUANT.u_bias_requantize/data_flatten_o[6]_i_27_n_0
    SLICE_X64Y154        CARRY8 (Prop_CARRY8_SLICEM_S[1]_CO[7])
                                                      0.190     8.680 r  u_tpu_top/u_datapath/u_vector_processing_unit/u_post_process/GEN_BIAS_REQUANT.u_bias_requantize/data_flatten_o_reg[6]_i_12/CO[7]
                         net (fo=1, routed)           0.026     8.706    u_tpu_top/u_datapath/u_vector_processing_unit/u_post_process/GEN_BIAS_REQUANT.u_bias_requantize/data_flatten_o_reg[6]_i_12_n_0
    SLICE_X64Y155        CARRY8 (Prop_CARRY8_SLICEM_CI_CO[7])
                                                      0.015     8.721 r  u_tpu_top/u_datapath/u_vector_processing_unit/u_post_process/GEN_BIAS_REQUANT.u_bias_requantize/data_flatten_o_reg[6]_i_3/CO[7]
                         net (fo=1, routed)           0.026     8.747    u_tpu_top/u_datapath/u_vector_processing_unit/u_post_process/GEN_BIAS_REQUANT.u_bias_requantize/data_flatten_o_reg[6]_i_3_n_0
    SLICE_X64Y156        CARRY8 (Prop_CARRY8_SLICEM_CI_CO[7])
                                                      0.015     8.762 r  u_tpu_top/u_datapath/u_vector_processing_unit/u_post_process/GEN_BIAS_REQUANT.u_bias_requantize/data_flatten_o_reg[6]_i_2/CO[7]
                         net (fo=1, routed)           0.026     8.788    u_tpu_top/u_datapath/u_vector_processing_unit/u_post_process/GEN_BIAS_REQUANT.u_bias_requantize/data_flatten_o_reg[6]_i_2_n_0
    SLICE_X64Y157        CARRY8 (Prop_CARRY8_SLICEM_CI_CO[7])
                                                      0.015     8.803 r  u_tpu_top/u_datapath/u_vector_processing_unit/u_post_process/GEN_BIAS_REQUANT.u_bias_requantize/data_flatten_o_reg[14]_i_2/CO[7]
                         net (fo=1, routed)           0.026     8.829    u_tpu_top/u_datapath/u_vector_processing_unit/u_post_process/GEN_BIAS_REQUANT.u_bias_requantize/data_flatten_o_reg[14]_i_2_n_0
    SLICE_X64Y158        CARRY8 (Prop_CARRY8_SLICEM_CI_CO[7])
                                                      0.015     8.844 r  u_tpu_top/u_datapath/u_vector_processing_unit/u_post_process/GEN_BIAS_REQUANT.u_bias_requantize/data_flatten_o_reg[18]_i_4/CO[7]
                         net (fo=1, routed)           0.026     8.870    u_tpu_top/u_datapath/u_vector_processing_unit/u_post_process/GEN_BIAS_REQUANT.u_bias_requantize/data_flatten_o_reg[18]_i_4_n_0
    SLICE_X64Y159        CARRY8 (Prop_CARRY8_SLICEM_CI_CO[7])
                                                      0.015     8.885 r  u_tpu_top/u_datapath/u_vector_processing_unit/u_post_process/GEN_BIAS_REQUANT.u_bias_requantize/data_flatten_o_reg[30]_i_3/CO[7]
                         net (fo=1, routed)           0.026     8.911    u_tpu_top/u_datapath/u_vector_processing_unit/u_post_process/GEN_BIAS_REQUANT.u_bias_requantize/data_flatten_o_reg[30]_i_3_n_0
    SLICE_X64Y160        CARRY8 (Prop_CARRY8_SLICEM_CI_O[1])
                                                      0.076     8.987 f  u_tpu_top/u_datapath/u_vector_processing_unit/u_post_process/GEN_BIAS_REQUANT.u_bias_requantize/data_flatten_o_reg[31]_i_18/O[1]
                         net (fo=7, routed)           0.603     9.589    u_tpu_top/u_datapath/u_vector_processing_unit/u_post_process/GEN_BIAS_REQUANT.u_bias_requantize/data_flatten_o_reg[31]_i_18_n_14
    SLICE_X59Y156        LUT3 (Prop_H6LUT_SLICEL_I1_O)
                                                      0.051     9.640 r  u_tpu_top/u_datapath/u_vector_processing_unit/u_post_process/GEN_BIAS_REQUANT.u_bias_requantize/data_flatten_o[31]_i_244/O
                         net (fo=1, routed)           0.178     9.818    u_tpu_top/u_datapath/u_vector_processing_unit/u_post_process/GEN_BIAS_REQUANT.u_bias_requantize/data_flatten_o[31]_i_244_n_0
    SLICE_X60Y156        CARRY8 (Prop_CARRY8_SLICEL_CI_CO[7])
                                                      0.151     9.969 r  u_tpu_top/u_datapath/u_vector_processing_unit/u_post_process/GEN_BIAS_REQUANT.u_bias_requantize/data_flatten_o_reg[31]_i_162/CO[7]
                         net (fo=1, routed)           0.026     9.995    u_tpu_top/u_datapath/u_vector_processing_unit/u_post_process/GEN_BIAS_REQUANT.u_bias_requantize/data_flatten_o_reg[31]_i_162_n_0
    SLICE_X60Y157        CARRY8 (Prop_CARRY8_SLICEL_CI_CO[7])
                                                      0.015    10.010 r  u_tpu_top/u_datapath/u_vector_processing_unit/u_post_process/GEN_BIAS_REQUANT.u_bias_requantize/data_flatten_o_reg[31]_i_161/CO[7]
                         net (fo=1, routed)           0.026    10.036    u_tpu_top/u_datapath/u_vector_processing_unit/u_post_process/GEN_BIAS_REQUANT.u_bias_requantize/data_flatten_o_reg[31]_i_161_n_0
    SLICE_X60Y158        CARRY8 (Prop_CARRY8_SLICEL_CI_CO[7])
                                                      0.015    10.051 r  u_tpu_top/u_datapath/u_vector_processing_unit/u_post_process/GEN_BIAS_REQUANT.u_bias_requantize/data_flatten_o_reg[31]_i_118/CO[7]
                         net (fo=1, routed)           0.026    10.077    u_tpu_top/u_datapath/u_vector_processing_unit/u_post_process/GEN_BIAS_REQUANT.u_bias_requantize/data_flatten_o_reg[31]_i_118_n_0
    SLICE_X60Y159        CARRY8 (Prop_CARRY8_SLICEL_CI_O[4])
                                                      0.086    10.163 f  u_tpu_top/u_datapath/u_vector_processing_unit/u_post_process/GEN_BIAS_REQUANT.u_bias_requantize/data_flatten_o_reg[31]_i_117/O[4]
                         net (fo=4, routed)           0.300    10.463    u_tpu_top/u_datapath/u_vector_processing_unit/u_post_process/GEN_BIAS_REQUANT.u_bias_requantize/data_flatten_o_reg[31]_i_117_n_11
    SLICE_X61Y158        LUT2 (Prop_D6LUT_SLICEM_I0_O)
                                                      0.122    10.585 r  u_tpu_top/u_datapath/u_vector_processing_unit/u_post_process/GEN_BIAS_REQUANT.u_bias_requantize/data_flatten_o[31]_i_53/O
                         net (fo=1, routed)           0.025    10.610    u_tpu_top/u_datapath/u_vector_processing_unit/u_post_process/GEN_BIAS_REQUANT.u_bias_requantize/data_flatten_o[31]_i_53_n_0
    SLICE_X61Y158        CARRY8 (Prop_CARRY8_SLICEM_S[3]_CO[5])
                                                      0.146    10.756 f  u_tpu_top/u_datapath/u_vector_processing_unit/u_post_process/GEN_BIAS_REQUANT.u_bias_requantize/data_flatten_o_reg[31]_i_6/CO[5]
                         net (fo=15, routed)          0.432    11.188    u_tpu_top/u_datapath/u_vector_processing_unit/u_post_process/GEN_BIAS_REQUANT.u_bias_requantize/data_flatten_o_reg[31]_i_6_n_2
    SLICE_X62Y160        LUT3 (Prop_D6LUT_SLICEL_I0_O)
                                                      0.089    11.277 r  u_tpu_top/u_datapath/u_vector_processing_unit/u_post_process/GEN_BIAS_REQUANT.u_bias_requantize/data_flatten_o[18]_i_2/O
                         net (fo=18, routed)          0.294    11.572    u_tpu_top/u_datapath/u_vector_processing_unit/u_post_process/GEN_BIAS_REQUANT.u_bias_requantize/data_flatten_o[18]_i_2_n_0
    SLICE_X65Y156        LUT5 (Prop_C6LUT_SLICEL_I0_O)
                                                      0.088    11.660 r  u_tpu_top/u_datapath/u_vector_processing_unit/u_post_process/GEN_BIAS_REQUANT.u_bias_requantize/data_flatten_o[12]_i_1/O
                         net (fo=1, routed)           0.050    11.710    u_tpu_top/u_datapath/u_vector_processing_unit/u_post_process/GEN_BIAS_REQUANT.u_bias_requantize/p_4_out[12]
    SLICE_X65Y156        FDCE                                         r  u_tpu_top/u_datapath/u_vector_processing_unit/u_post_process/GEN_BIAS_REQUANT.u_bias_requantize/data_flatten_o_reg[12]/D
  -------------------------------------------------------------------    -------------------

                         (clock s_axi_aclk rise edge)
                                                     10.000    10.000 r  
    M10                                               0.000    10.000 r  s_axi_aclk (IN)
                         net (fo=0)                   0.000    10.000    s_axi_aclk_IBUF_inst/I
    M10                  INBUF (Prop_INBUF_HDIOB_M_PAD_O)
                                                      0.479    10.479 r  s_axi_aclk_IBUF_inst/INBUF_INST/O
                         net (fo=1, routed)           0.000    10.479    s_axi_aclk_IBUF_inst/OUT
    M10                  IBUFCTRL (Prop_IBUFCTRL_HDIOB_M_I_O)
                                                      0.000    10.479 r  s_axi_aclk_IBUF_inst/IBUFCTRL_INST/O
                         net (fo=1, routed)           0.169    10.648    s_axi_aclk_IBUF
    BUFGCE_HDIO_X2Y0     BUFGCE (Prop_BUFCE_BUFGCE_HDIO_I_O)
                                                      0.024    10.672 r  s_axi_aclk_IBUF_BUFG_inst/O
    X1Y3 (CLOCK_ROOT)    net (fo=3130, routed)        1.905    12.577    u_tpu_top/u_datapath/u_vector_processing_unit/u_post_process/GEN_BIAS_REQUANT.u_bias_requantize/s_axi_aclk_IBUF_BUFG
    SLICE_X65Y156        FDCE                                         r  u_tpu_top/u_datapath/u_vector_processing_unit/u_post_process/GEN_BIAS_REQUANT.u_bias_requantize/data_flatten_o_reg[12]/C
                         clock pessimism              0.703    13.280    
                         clock uncertainty           -0.135    13.145    
    SLICE_X65Y156        FDCE (Setup_CFF_SLICEL_C_D)
                                                      0.025    13.170    u_tpu_top/u_datapath/u_vector_processing_unit/u_post_process/GEN_BIAS_REQUANT.u_bias_requantize/data_flatten_o_reg[12]
  -------------------------------------------------------------------
                         required time                         13.170    
                         arrival time                         -11.710    
  -------------------------------------------------------------------
                         slack                                  1.460    

Slack (MET) :             1.462ns  (required time - arrival time)
  Source:                 u_tpu_top/u_datapath/u_accumulator_array/read_data_flatten_o_reg[8]/C
                            (rising edge-triggered cell FDCE clocked by s_axi_aclk  {rise@0.000ns fall@5.000ns period=10.000ns})
  Destination:            u_tpu_top/u_datapath/u_vector_processing_unit/u_post_process/GEN_BIAS_REQUANT.u_bias_requantize/data_flatten_o_reg[16]/D
                            (rising edge-triggered cell FDCE clocked by s_axi_aclk  {rise@0.000ns fall@5.000ns period=10.000ns})
  Path Group:             s_axi_aclk
  Path Type:              Setup (Max at Slow Process Corner)
  Requirement:            10.000ns  (s_axi_aclk rise@10.000ns - s_axi_aclk rise@0.000ns)
  Data Path Delay:        8.336ns  (logic 4.156ns (49.859%)  route 4.180ns (50.141%))
  Logic Levels:           36  (CARRY8=21 DSP_A_B_DATA=1 DSP_ALU=2 DSP_M_DATA=1 DSP_MULTIPLIER=1 DSP_OUTPUT=2 DSP_PREADD_DATA=1 LUT2=4 LUT3=2 LUT5=1)
  Clock Path Skew:        -0.092ns (DCD - SCD + CPR)
    Destination Clock Delay (DCD):    2.577ns = ( 12.577 - 10.000 ) 
    Source Clock Delay      (SCD):    3.372ns
    Clock Pessimism Removal (CPR):    0.703ns
  Clock Uncertainty:      0.135ns  ((TSJ^2 + TIJ^2)^1/2 + DJ) / 2 + PE + UU
    Total System Jitter     (TSJ):    0.071ns
    Total Input Jitter      (TIJ):    0.000ns
    Discrete Jitter          (DJ):    0.000ns
    Phase Error              (PE):    0.000ns
    User Uncertainty         (UU):    0.100ns
  Clock Net Delay (Source):      2.154ns (routing 1.134ns, distribution 1.020ns)
  Clock Net Delay (Destination): 1.905ns (routing 1.032ns, distribution 0.873ns)

    Location             Delay type                Incr(ns)  Path(ns)    Netlist Resource(s)
  -------------------------------------------------------------------    -------------------
                         (clock s_axi_aclk rise edge)
                                                      0.000     0.000 r  
    M10                                               0.000     0.000 r  s_axi_aclk (IN)
                         net (fo=0)                   0.000     0.000    s_axi_aclk_IBUF_inst/I
    M10                  INBUF (Prop_INBUF_HDIOB_M_PAD_O)
                                                      0.986     0.986 r  s_axi_aclk_IBUF_inst/INBUF_INST/O
                         net (fo=1, routed)           0.000     0.986    s_axi_aclk_IBUF_inst/OUT
    M10                  IBUFCTRL (Prop_IBUFCTRL_HDIOB_M_I_O)
                                                      0.000     0.986 r  s_axi_aclk_IBUF_inst/IBUFCTRL_INST/O
                         net (fo=1, routed)           0.204     1.190    s_axi_aclk_IBUF
    BUFGCE_HDIO_X2Y0     BUFGCE (Prop_BUFCE_BUFGCE_HDIO_I_O)
                                                      0.028     1.218 r  s_axi_aclk_IBUF_BUFG_inst/O
    X1Y3 (CLOCK_ROOT)    net (fo=3130, routed)        2.154     3.372    u_tpu_top/u_datapath/u_accumulator_array/s_axi_aclk_IBUF_BUFG
    SLICE_X52Y153        FDCE                                         r  u_tpu_top/u_datapath/u_accumulator_array/read_data_flatten_o_reg[8]/C
  -------------------------------------------------------------------    -------------------
    SLICE_X52Y153        FDCE (Prop_HFF_SLICEL_C_Q)
                                                      0.079     3.451 r  u_tpu_top/u_datapath/u_accumulator_array/read_data_flatten_o_reg[8]/Q
                         net (fo=2, routed)           0.389     3.841    u_tpu_top/u_datapath/u_vector_processing_unit/u_post_process/GEN_BIAS_REQUANT.u_bias_requantize/(null)[0].shifted_value0__3_i_2_0[8]
    SLICE_X59Y161        LUT2 (Prop_A6LUT_SLICEL_I0_O)
                                                      0.124     3.965 r  u_tpu_top/u_datapath/u_vector_processing_unit/u_post_process/GEN_BIAS_REQUANT.u_bias_requantize/(null)[0].shifted_value0__1_i_10/O
                         net (fo=1, routed)           0.009     3.974    u_tpu_top/u_datapath/u_vector_processing_unit/u_post_process/GEN_BIAS_REQUANT.u_bias_requantize/(null)[0].shifted_value0__1_i_10_n_0
    SLICE_X59Y161        CARRY8 (Prop_CARRY8_SLICEL_S[0]_CO[7])
                                                      0.190     4.164 r  u_tpu_top/u_datapath/u_vector_processing_unit/u_post_process/GEN_BIAS_REQUANT.u_bias_requantize/(null)[0].shifted_value0__1_i_1/CO[7]
                         net (fo=1, routed)           0.026     4.190    u_tpu_top/u_datapath/u_vector_processing_unit/u_post_process/GEN_BIAS_REQUANT.u_bias_requantize/(null)[0].shifted_value0__1_i_1_n_0
    SLICE_X59Y162        CARRY8 (Prop_CARRY8_SLICEL_CI_CO[7])
                                                      0.015     4.205 r  u_tpu_top/u_datapath/u_vector_processing_unit/u_post_process/GEN_BIAS_REQUANT.u_bias_requantize/(null)[0].shifted_value0_i_3/CO[7]
                         net (fo=1, routed)           0.026     4.231    u_tpu_top/u_datapath/u_vector_processing_unit/u_post_process/GEN_BIAS_REQUANT.u_bias_requantize/(null)[0].shifted_value0_i_3_n_0
    SLICE_X59Y163        CARRY8 (Prop_CARRY8_SLICEL_CI_CO[7])
                                                      0.015     4.246 r  u_tpu_top/u_datapath/u_vector_processing_unit/u_post_process/GEN_BIAS_REQUANT.u_bias_requantize/(null)[0].shifted_value0_i_2/CO[7]
                         net (fo=1, routed)           0.026     4.272    u_tpu_top/u_datapath/u_vector_processing_unit/u_post_process/GEN_BIAS_REQUANT.u_bias_requantize/(null)[0].shifted_value0_i_2_n_0
    SLICE_X59Y164        CARRY8 (Prop_CARRY8_SLICEL_CI_O[0])
                                                      0.056     4.328 f  u_tpu_top/u_datapath/u_vector_processing_unit/u_post_process/GEN_BIAS_REQUANT.u_bias_requantize/(null)[0].shifted_value0_i_1/O[0]
                         net (fo=18, routed)          0.521     4.849    u_tpu_top/u_datapath/u_vector_processing_unit/u_post_process/GEN_BIAS_REQUANT.u_bias_requantize/(null)[0].shifted_value0/B[16]
    DSP48E2_X6Y66        DSP_A_B_DATA (Prop_DSP_A_B_DATA_DSP48E2_B[16]_B2_DATA[16])
                                                      0.151     5.000 r  u_tpu_top/u_datapath/u_vector_processing_unit/u_post_process/GEN_BIAS_REQUANT.u_bias_requantize/(null)[0].shifted_value0/DSP_A_B_DATA_INST/B2_DATA[16]
                         net (fo=1, routed)           0.000     5.000    u_tpu_top/u_datapath/u_vector_processing_unit/u_post_process/GEN_BIAS_REQUANT.u_bias_requantize/(null)[0].shifted_value0/DSP_A_B_DATA.B2_DATA<16>
    DSP48E2_X6Y66        DSP_PREADD_DATA (Prop_DSP_PREADD_DATA_DSP48E2_B2_DATA[16]_B2B1[16])
                                                      0.073     5.073 r  u_tpu_top/u_datapath/u_vector_processing_unit/u_post_process/GEN_BIAS_REQUANT.u_bias_requantize/(null)[0].shifted_value0/DSP_PREADD_DATA_INST/B2B1[16]
                         net (fo=1, routed)           0.000     5.073    u_tpu_top/u_datapath/u_vector_processing_unit/u_post_process/GEN_BIAS_REQUANT.u_bias_requantize/(null)[0].shifted_value0/DSP_PREADD_DATA.B2B1<16>
    DSP48E2_X6Y66        DSP_MULTIPLIER (Prop_DSP_MULTIPLIER_DSP48E2_B2B1[16]_V[43])
                                                      0.609     5.682 f  u_tpu_top/u_datapath/u_vector_processing_unit/u_post_process/GEN_BIAS_REQUANT.u_bias_requantize/(null)[0].shifted_value0/DSP_MULTIPLIER_INST/V[43]
                         net (fo=1, routed)           0.000     5.682    u_tpu_top/u_datapath/u_vector_processing_unit/u_post_process/GEN_BIAS_REQUANT.u_bias_requantize/(null)[0].shifted_value0/DSP_MULTIPLIER.V<43>
    DSP48E2_X6Y66        DSP_M_DATA (Prop_DSP_M_DATA_DSP48E2_V[43]_V_DATA[43])
                                                      0.046     5.728 r  u_tpu_top/u_datapath/u_vector_processing_unit/u_post_process/GEN_BIAS_REQUANT.u_bias_requantize/(null)[0].shifted_value0/DSP_M_DATA_INST/V_DATA[43]
                         net (fo=1, routed)           0.000     5.728    u_tpu_top/u_datapath/u_vector_processing_unit/u_post_process/GEN_BIAS_REQUANT.u_bias_requantize/(null)[0].shifted_value0/DSP_M_DATA.V_DATA<43>
    DSP48E2_X6Y66        DSP_ALU (Prop_DSP_ALU_DSP48E2_V_DATA[43]_ALU_OUT[47])
                                                      0.571     6.299 f  u_tpu_top/u_datapath/u_vector_processing_unit/u_post_process/GEN_BIAS_REQUANT.u_bias_requantize/(null)[0].shifted_value0/DSP_ALU_INST/ALU_OUT[47]
                         net (fo=1, routed)           0.000     6.299    u_tpu_top/u_datapath/u_vector_processing_unit/u_post_process/GEN_BIAS_REQUANT.u_bias_requantize/(null)[0].shifted_value0/DSP_ALU.ALU_OUT<47>
    DSP48E2_X6Y66        DSP_OUTPUT (Prop_DSP_OUTPUT_DSP48E2_ALU_OUT[47]_PCOUT[47])
                                                      0.122     6.421 r  u_tpu_top/u_datapath/u_vector_processing_unit/u_post_process/GEN_BIAS_REQUANT.u_bias_requantize/(null)[0].shifted_value0/DSP_OUTPUT_INST/PCOUT[47]
                         net (fo=1, routed)           0.014     6.435    u_tpu_top/u_datapath/u_vector_processing_unit/u_post_process/GEN_BIAS_REQUANT.u_bias_requantize/(null)[0].shifted_value0__0/PCIN[47]
    DSP48E2_X6Y67        DSP_ALU (Prop_DSP_ALU_DSP48E2_PCIN[47]_ALU_OUT[1])
                                                      0.546     6.981 f  u_tpu_top/u_datapath/u_vector_processing_unit/u_post_process/GEN_BIAS_REQUANT.u_bias_requantize/(null)[0].shifted_value0__0/DSP_ALU_INST/ALU_OUT[1]
                         net (fo=1, routed)           0.000     6.981    u_tpu_top/u_datapath/u_vector_processing_unit/u_post_process/GEN_BIAS_REQUANT.u_bias_requantize/(null)[0].shifted_value0__0/DSP_ALU.ALU_OUT<1>
    DSP48E2_X6Y67        DSP_OUTPUT (Prop_DSP_OUTPUT_DSP48E2_ALU_OUT[1]_P[1])
                                                      0.109     7.090 r  u_tpu_top/u_datapath/u_vector_processing_unit/u_post_process/GEN_BIAS_REQUANT.u_bias_requantize/(null)[0].shifted_value0__0/DSP_OUTPUT_INST/P[1]
                         net (fo=1, routed)           0.377     7.467    u_tpu_top/u_datapath/u_vector_processing_unit/u_post_process/GEN_BIAS_REQUANT.u_bias_requantize/(null)[0].shifted_value0__0_n_104
    SLICE_X63Y162        LUT2 (Prop_D6LUT_SLICEM_I1_O)
                                                      0.037     7.504 r  u_tpu_top/u_datapath/u_vector_processing_unit/u_post_process/GEN_BIAS_REQUANT.u_bias_requantize/data_flatten_o[18]_i_38/O
                         net (fo=1, routed)           0.025     7.529    u_tpu_top/u_datapath/u_vector_processing_unit/u_post_process/GEN_BIAS_REQUANT.u_bias_requantize/data_flatten_o[18]_i_38_n_0
    SLICE_X63Y162        CARRY8 (Prop_CARRY8_SLICEM_S[3]_CO[7])
                                                      0.163     7.692 r  u_tpu_top/u_datapath/u_vector_processing_unit/u_post_process/GEN_BIAS_REQUANT.u_bias_requantize/data_flatten_o_reg[18]_i_24/CO[7]
                         net (fo=1, routed)           0.026     7.718    u_tpu_top/u_datapath/u_vector_processing_unit/u_post_process/GEN_BIAS_REQUANT.u_bias_requantize/data_flatten_o_reg[18]_i_24_n_0
    SLICE_X63Y163        CARRY8 (Prop_CARRY8_SLICEM_CI_CO[7])
                                                      0.015     7.733 r  u_tpu_top/u_datapath/u_vector_processing_unit/u_post_process/GEN_BIAS_REQUANT.u_bias_requantize/data_flatten_o_reg[18]_i_7/CO[7]
                         net (fo=1, routed)           0.026     7.759    u_tpu_top/u_datapath/u_vector_processing_unit/u_post_process/GEN_BIAS_REQUANT.u_bias_requantize/data_flatten_o_reg[18]_i_7_n_0
    SLICE_X63Y164        CARRY8 (Prop_CARRY8_SLICEM_CI_CO[7])
                                                      0.015     7.774 r  u_tpu_top/u_datapath/u_vector_processing_unit/u_post_process/GEN_BIAS_REQUANT.u_bias_requantize/data_flatten_o_reg[18]_i_33/CO[7]
                         net (fo=1, routed)           0.026     7.800    u_tpu_top/u_datapath/u_vector_processing_unit/u_post_process/GEN_BIAS_REQUANT.u_bias_requantize/data_flatten_o_reg[18]_i_33_n_0
    SLICE_X63Y165        CARRY8 (Prop_CARRY8_SLICEM_CI_CO[7])
                                                      0.015     7.815 r  u_tpu_top/u_datapath/u_vector_processing_unit/u_post_process/GEN_BIAS_REQUANT.u_bias_requantize/data_flatten_o_reg[31]_i_73/CO[7]
                         net (fo=1, routed)           0.026     7.841    u_tpu_top/u_datapath/u_vector_processing_unit/u_post_process/GEN_BIAS_REQUANT.u_bias_requantize/data_flatten_o_reg[31]_i_73_n_0
    SLICE_X63Y166        CARRY8 (Prop_CARRY8_SLICEM_CI_O[0])
                                                      0.056     7.897 r  u_tpu_top/u_datapath/u_vector_processing_unit/u_post_process/GEN_BIAS_REQUANT.u_bias_requantize/data_flatten_o_reg[18]_i_6/O[0]
                         net (fo=125, routed)         0.540     8.437    u_tpu_top/u_datapath/u_vector_processing_unit/u_post_process/GEN_BIAS_REQUANT.u_bias_requantize/data_flatten_o_reg[18]_i_6_n_15
    SLICE_X64Y154        LUT2 (Prop_B6LUT_SLICEM_I0_O)
                                                      0.037     8.474 r  u_tpu_top/u_datapath/u_vector_processing_unit/u_post_process/GEN_BIAS_REQUANT.u_bias_requantize/data_flatten_o[6]_i_27/O
                         net (fo=1, routed)           0.016     8.490    u_tpu_top/u_datapath/u_vector_processing_unit/u_post_process/GEN_BIAS_REQUANT.u_bias_requantize/data_flatten_o[6]_i_27_n_0
    SLICE_X64Y154        CARRY8 (Prop_CARRY8_SLICEM_S[1]_CO[7])
                                                      0.190     8.680 r  u_tpu_top/u_datapath/u_vector_processing_unit/u_post_process/GEN_BIAS_REQUANT.u_bias_requantize/data_flatten_o_reg[6]_i_12/CO[7]
                         net (fo=1, routed)           0.026     8.706    u_tpu_top/u_datapath/u_vector_processing_unit/u_post_process/GEN_BIAS_REQUANT.u_bias_requantize/data_flatten_o_reg[6]_i_12_n_0
    SLICE_X64Y155        CARRY8 (Prop_CARRY8_SLICEM_CI_CO[7])
                                                      0.015     8.721 r  u_tpu_top/u_datapath/u_vector_processing_unit/u_post_process/GEN_BIAS_REQUANT.u_bias_requantize/data_flatten_o_reg[6]_i_3/CO[7]
                         net (fo=1, routed)           0.026     8.747    u_tpu_top/u_datapath/u_vector_processing_unit/u_post_process/GEN_BIAS_REQUANT.u_bias_requantize/data_flatten_o_reg[6]_i_3_n_0
    SLICE_X64Y156        CARRY8 (Prop_CARRY8_SLICEM_CI_CO[7])
                                                      0.015     8.762 r  u_tpu_top/u_datapath/u_vector_processing_unit/u_post_process/GEN_BIAS_REQUANT.u_bias_requantize/data_flatten_o_reg[6]_i_2/CO[7]
                         net (fo=1, routed)           0.026     8.788    u_tpu_top/u_datapath/u_vector_processing_unit/u_post_process/GEN_BIAS_REQUANT.u_bias_requantize/data_flatten_o_reg[6]_i_2_n_0
    SLICE_X64Y157        CARRY8 (Prop_CARRY8_SLICEM_CI_CO[7])
                                                      0.015     8.803 r  u_tpu_top/u_datapath/u_vector_processing_unit/u_post_process/GEN_BIAS_REQUANT.u_bias_requantize/data_flatten_o_reg[14]_i_2/CO[7]
                         net (fo=1, routed)           0.026     8.829    u_tpu_top/u_datapath/u_vector_processing_unit/u_post_process/GEN_BIAS_REQUANT.u_bias_requantize/data_flatten_o_reg[14]_i_2_n_0
    SLICE_X64Y158        CARRY8 (Prop_CARRY8_SLICEM_CI_CO[7])
                                                      0.015     8.844 r  u_tpu_top/u_datapath/u_vector_processing_unit/u_post_process/GEN_BIAS_REQUANT.u_bias_requantize/data_flatten_o_reg[18]_i_4/CO[7]
                         net (fo=1, routed)           0.026     8.870    u_tpu_top/u_datapath/u_vector_processing_unit/u_post_process/GEN_BIAS_REQUANT.u_bias_requantize/data_flatten_o_reg[18]_i_4_n_0
    SLICE_X64Y159        CARRY8 (Prop_CARRY8_SLICEM_CI_CO[7])
                                                      0.015     8.885 r  u_tpu_top/u_datapath/u_vector_processing_unit/u_post_process/GEN_BIAS_REQUANT.u_bias_requantize/data_flatten_o_reg[30]_i_3/CO[7]
                         net (fo=1, routed)           0.026     8.911    u_tpu_top/u_datapath/u_vector_processing_unit/u_post_process/GEN_BIAS_REQUANT.u_bias_requantize/data_flatten_o_reg[30]_i_3_n_0
    SLICE_X64Y160        CARRY8 (Prop_CARRY8_SLICEM_CI_O[1])
                                                      0.076     8.987 f  u_tpu_top/u_datapath/u_vector_processing_unit/u_post_process/GEN_BIAS_REQUANT.u_bias_requantize/data_flatten_o_reg[31]_i_18/O[1]
                         net (fo=7, routed)           0.603     9.589    u_tpu_top/u_datapath/u_vector_processing_unit/u_post_process/GEN_BIAS_REQUANT.u_bias_requantize/data_flatten_o_reg[31]_i_18_n_14
    SLICE_X59Y156        LUT3 (Prop_H6LUT_SLICEL_I1_O)
                                                      0.051     9.640 r  u_tpu_top/u_datapath/u_vector_processing_unit/u_post_process/GEN_BIAS_REQUANT.u_bias_requantize/data_flatten_o[31]_i_244/O
                         net (fo=1, routed)           0.178     9.818    u_tpu_top/u_datapath/u_vector_processing_unit/u_post_process/GEN_BIAS_REQUANT.u_bias_requantize/data_flatten_o[31]_i_244_n_0
    SLICE_X60Y156        CARRY8 (Prop_CARRY8_SLICEL_CI_CO[7])
                                                      0.151     9.969 r  u_tpu_top/u_datapath/u_vector_processing_unit/u_post_process/GEN_BIAS_REQUANT.u_bias_requantize/data_flatten_o_reg[31]_i_162/CO[7]
                         net (fo=1, routed)           0.026     9.995    u_tpu_top/u_datapath/u_vector_processing_unit/u_post_process/GEN_BIAS_REQUANT.u_bias_requantize/data_flatten_o_reg[31]_i_162_n_0
    SLICE_X60Y157        CARRY8 (Prop_CARRY8_SLICEL_CI_CO[7])
                                                      0.015    10.010 r  u_tpu_top/u_datapath/u_vector_processing_unit/u_post_process/GEN_BIAS_REQUANT.u_bias_requantize/data_flatten_o_reg[31]_i_161/CO[7]
                         net (fo=1, routed)           0.026    10.036    u_tpu_top/u_datapath/u_vector_processing_unit/u_post_process/GEN_BIAS_REQUANT.u_bias_requantize/data_flatten_o_reg[31]_i_161_n_0
    SLICE_X60Y158        CARRY8 (Prop_CARRY8_SLICEL_CI_O[1])
                                                      0.076    10.112 r  u_tpu_top/u_datapath/u_vector_processing_unit/u_post_process/GEN_BIAS_REQUANT.u_bias_requantize/data_flatten_o_reg[31]_i_118/O[1]
                         net (fo=4, routed)           0.436    10.548    u_tpu_top/u_datapath/u_vector_processing_unit/u_post_process/GEN_BIAS_REQUANT.u_bias_requantize/data_flatten_o_reg[31]_i_118_n_14
    SLICE_X62Y157        LUT2 (Prop_G6LUT_SLICEL_I1_O)
                                                      0.089    10.637 r  u_tpu_top/u_datapath/u_vector_processing_unit/u_post_process/GEN_BIAS_REQUANT.u_bias_requantize/data_flatten_o[31]_i_110/O
                         net (fo=1, routed)           0.008    10.645    u_tpu_top/u_datapath/u_vector_processing_unit/u_post_process/GEN_BIAS_REQUANT.u_bias_requantize/data_flatten_o[31]_i_110_n_0
    SLICE_X62Y157        CARRY8 (Prop_CARRY8_SLICEL_S[6]_CO[7])
                                                      0.115    10.760 r  u_tpu_top/u_datapath/u_vector_processing_unit/u_post_process/GEN_BIAS_REQUANT.u_bias_requantize/data_flatten_o_reg[31]_i_31/CO[7]
                         net (fo=1, routed)           0.026    10.786    u_tpu_top/u_datapath/u_vector_processing_unit/u_post_process/GEN_BIAS_REQUANT.u_bias_requantize/data_flatten_o_reg[31]_i_31_n_0
    SLICE_X62Y158        CARRY8 (Prop_CARRY8_SLICEL_CI_CO[5])
                                                      0.077    10.863 r  u_tpu_top/u_datapath/u_vector_processing_unit/u_post_process/GEN_BIAS_REQUANT.u_bias_requantize/data_flatten_o_reg[31]_i_5/CO[5]
                         net (fo=22, routed)          0.249    11.112    u_tpu_top/u_datapath/u_vector_processing_unit/u_post_process/GEN_BIAS_REQUANT.u_bias_requantize/data_flatten_o_reg[31]_i_5_n_2
    SLICE_X62Y159        LUT3 (Prop_D6LUT_SLICEL_I2_O)
                                                      0.099    11.211 r  u_tpu_top/u_datapath/u_vector_processing_unit/u_post_process/GEN_BIAS_REQUANT.u_bias_requantize/data_flatten_o[18]_i_3/O
                         net (fo=12, routed)          0.350    11.562    u_tpu_top/u_datapath/u_vector_processing_unit/u_post_process/GEN_BIAS_REQUANT.u_bias_requantize/data_flatten_o[18]_i_3_n_0
    SLICE_X65Y156        LUT5 (Prop_A6LUT_SLICEL_I1_O)
                                                      0.098    11.660 r  u_tpu_top/u_datapath/u_vector_processing_unit/u_post_process/GEN_BIAS_REQUANT.u_bias_requantize/data_flatten_o[16]_i_1/O
                         net (fo=1, routed)           0.048    11.708    u_tpu_top/u_datapath/u_vector_processing_unit/u_post_process/GEN_BIAS_REQUANT.u_bias_requantize/p_4_out[16]
    SLICE_X65Y156        FDCE                                         r  u_tpu_top/u_datapath/u_vector_processing_unit/u_post_process/GEN_BIAS_REQUANT.u_bias_requantize/data_flatten_o_reg[16]/D
  -------------------------------------------------------------------    -------------------

                         (clock s_axi_aclk rise edge)
                                                     10.000    10.000 r  
    M10                                               0.000    10.000 r  s_axi_aclk (IN)
                         net (fo=0)                   0.000    10.000    s_axi_aclk_IBUF_inst/I
    M10                  INBUF (Prop_INBUF_HDIOB_M_PAD_O)
                                                      0.479    10.479 r  s_axi_aclk_IBUF_inst/INBUF_INST/O
                         net (fo=1, routed)           0.000    10.479    s_axi_aclk_IBUF_inst/OUT
    M10                  IBUFCTRL (Prop_IBUFCTRL_HDIOB_M_I_O)
                                                      0.000    10.479 r  s_axi_aclk_IBUF_inst/IBUFCTRL_INST/O
                         net (fo=1, routed)           0.169    10.648    s_axi_aclk_IBUF
    BUFGCE_HDIO_X2Y0     BUFGCE (Prop_BUFCE_BUFGCE_HDIO_I_O)
                                                      0.024    10.672 r  s_axi_aclk_IBUF_BUFG_inst/O
    X1Y3 (CLOCK_ROOT)    net (fo=3130, routed)        1.905    12.577    u_tpu_top/u_datapath/u_vector_processing_unit/u_post_process/GEN_BIAS_REQUANT.u_bias_requantize/s_axi_aclk_IBUF_BUFG
    SLICE_X65Y156        FDCE                                         r  u_tpu_top/u_datapath/u_vector_processing_unit/u_post_process/GEN_BIAS_REQUANT.u_bias_requantize/data_flatten_o_reg[16]/C
                         clock pessimism              0.703    13.280    
                         clock uncertainty           -0.135    13.145    
    SLICE_X65Y156        FDCE (Setup_AFF_SLICEL_C_D)
                                                      0.025    13.170    u_tpu_top/u_datapath/u_vector_processing_unit/u_post_process/GEN_BIAS_REQUANT.u_bias_requantize/data_flatten_o_reg[16]
  -------------------------------------------------------------------
                         required time                         13.170    
                         arrival time                         -11.708    
  -------------------------------------------------------------------
                         slack                                  1.462    

Slack (MET) :             1.471ns  (required time - arrival time)
  Source:                 u_tpu_top/u_datapath/u_accumulator_array/read_data_flatten_o_reg[8]/C
                            (rising edge-triggered cell FDCE clocked by s_axi_aclk  {rise@0.000ns fall@5.000ns period=10.000ns})
  Destination:            u_tpu_top/u_datapath/u_vector_processing_unit/u_post_process/GEN_BIAS_REQUANT.u_bias_requantize/data_flatten_o_reg[13]/D
                            (rising edge-triggered cell FDCE clocked by s_axi_aclk  {rise@0.000ns fall@5.000ns period=10.000ns})
  Path Group:             s_axi_aclk
  Path Type:              Setup (Max at Slow Process Corner)
  Requirement:            10.000ns  (s_axi_aclk rise@10.000ns - s_axi_aclk rise@0.000ns)
  Data Path Delay:        8.327ns  (logic 4.148ns (49.816%)  route 4.179ns (50.184%))
  Logic Levels:           36  (CARRY8=21 DSP_A_B_DATA=1 DSP_ALU=2 DSP_M_DATA=1 DSP_MULTIPLIER=1 DSP_OUTPUT=2 DSP_PREADD_DATA=1 LUT2=4 LUT3=2 LUT5=1)
  Clock Path Skew:        -0.092ns (DCD - SCD + CPR)
    Destination Clock Delay (DCD):    2.577ns = ( 12.577 - 10.000 ) 
    Source Clock Delay      (SCD):    3.372ns
    Clock Pessimism Removal (CPR):    0.703ns
  Clock Uncertainty:      0.135ns  ((TSJ^2 + TIJ^2)^1/2 + DJ) / 2 + PE + UU
    Total System Jitter     (TSJ):    0.071ns
    Total Input Jitter      (TIJ):    0.000ns
    Discrete Jitter          (DJ):    0.000ns
    Phase Error              (PE):    0.000ns
    User Uncertainty         (UU):    0.100ns
  Clock Net Delay (Source):      2.154ns (routing 1.134ns, distribution 1.020ns)
  Clock Net Delay (Destination): 1.905ns (routing 1.032ns, distribution 0.873ns)

    Location             Delay type                Incr(ns)  Path(ns)    Netlist Resource(s)
  -------------------------------------------------------------------    -------------------
                         (clock s_axi_aclk rise edge)
                                                      0.000     0.000 r  
    M10                                               0.000     0.000 r  s_axi_aclk (IN)
                         net (fo=0)                   0.000     0.000    s_axi_aclk_IBUF_inst/I
    M10                  INBUF (Prop_INBUF_HDIOB_M_PAD_O)
                                                      0.986     0.986 r  s_axi_aclk_IBUF_inst/INBUF_INST/O
                         net (fo=1, routed)           0.000     0.986    s_axi_aclk_IBUF_inst/OUT
    M10                  IBUFCTRL (Prop_IBUFCTRL_HDIOB_M_I_O)
                                                      0.000     0.986 r  s_axi_aclk_IBUF_inst/IBUFCTRL_INST/O
                         net (fo=1, routed)           0.204     1.190    s_axi_aclk_IBUF
    BUFGCE_HDIO_X2Y0     BUFGCE (Prop_BUFCE_BUFGCE_HDIO_I_O)
                                                      0.028     1.218 r  s_axi_aclk_IBUF_BUFG_inst/O
    X1Y3 (CLOCK_ROOT)    net (fo=3130, routed)        2.154     3.372    u_tpu_top/u_datapath/u_accumulator_array/s_axi_aclk_IBUF_BUFG
    SLICE_X52Y153        FDCE                                         r  u_tpu_top/u_datapath/u_accumulator_array/read_data_flatten_o_reg[8]/C
  -------------------------------------------------------------------    -------------------
    SLICE_X52Y153        FDCE (Prop_HFF_SLICEL_C_Q)
                                                      0.079     3.451 r  u_tpu_top/u_datapath/u_accumulator_array/read_data_flatten_o_reg[8]/Q
                         net (fo=2, routed)           0.389     3.841    u_tpu_top/u_datapath/u_vector_processing_unit/u_post_process/GEN_BIAS_REQUANT.u_bias_requantize/(null)[0].shifted_value0__3_i_2_0[8]
    SLICE_X59Y161        LUT2 (Prop_A6LUT_SLICEL_I0_O)
                                                      0.124     3.965 r  u_tpu_top/u_datapath/u_vector_processing_unit/u_post_process/GEN_BIAS_REQUANT.u_bias_requantize/(null)[0].shifted_value0__1_i_10/O
                         net (fo=1, routed)           0.009     3.974    u_tpu_top/u_datapath/u_vector_processing_unit/u_post_process/GEN_BIAS_REQUANT.u_bias_requantize/(null)[0].shifted_value0__1_i_10_n_0
    SLICE_X59Y161        CARRY8 (Prop_CARRY8_SLICEL_S[0]_CO[7])
                                                      0.190     4.164 r  u_tpu_top/u_datapath/u_vector_processing_unit/u_post_process/GEN_BIAS_REQUANT.u_bias_requantize/(null)[0].shifted_value0__1_i_1/CO[7]
                         net (fo=1, routed)           0.026     4.190    u_tpu_top/u_datapath/u_vector_processing_unit/u_post_process/GEN_BIAS_REQUANT.u_bias_requantize/(null)[0].shifted_value0__1_i_1_n_0
    SLICE_X59Y162        CARRY8 (Prop_CARRY8_SLICEL_CI_CO[7])
                                                      0.015     4.205 r  u_tpu_top/u_datapath/u_vector_processing_unit/u_post_process/GEN_BIAS_REQUANT.u_bias_requantize/(null)[0].shifted_value0_i_3/CO[7]
                         net (fo=1, routed)           0.026     4.231    u_tpu_top/u_datapath/u_vector_processing_unit/u_post_process/GEN_BIAS_REQUANT.u_bias_requantize/(null)[0].shifted_value0_i_3_n_0
    SLICE_X59Y163        CARRY8 (Prop_CARRY8_SLICEL_CI_CO[7])
                                                      0.015     4.246 r  u_tpu_top/u_datapath/u_vector_processing_unit/u_post_process/GEN_BIAS_REQUANT.u_bias_requantize/(null)[0].shifted_value0_i_2/CO[7]
                         net (fo=1, routed)           0.026     4.272    u_tpu_top/u_datapath/u_vector_processing_unit/u_post_process/GEN_BIAS_REQUANT.u_bias_requantize/(null)[0].shifted_value0_i_2_n_0
    SLICE_X59Y164        CARRY8 (Prop_CARRY8_SLICEL_CI_O[0])
                                                      0.056     4.328 f  u_tpu_top/u_datapath/u_vector_processing_unit/u_post_process/GEN_BIAS_REQUANT.u_bias_requantize/(null)[0].shifted_value0_i_1/O[0]
                         net (fo=18, routed)          0.521     4.849    u_tpu_top/u_datapath/u_vector_processing_unit/u_post_process/GEN_BIAS_REQUANT.u_bias_requantize/(null)[0].shifted_value0/B[16]
    DSP48E2_X6Y66        DSP_A_B_DATA (Prop_DSP_A_B_DATA_DSP48E2_B[16]_B2_DATA[16])
                                                      0.151     5.000 r  u_tpu_top/u_datapath/u_vector_processing_unit/u_post_process/GEN_BIAS_REQUANT.u_bias_requantize/(null)[0].shifted_value0/DSP_A_B_DATA_INST/B2_DATA[16]
                         net (fo=1, routed)           0.000     5.000    u_tpu_top/u_datapath/u_vector_processing_unit/u_post_process/GEN_BIAS_REQUANT.u_bias_requantize/(null)[0].shifted_value0/DSP_A_B_DATA.B2_DATA<16>
    DSP48E2_X6Y66        DSP_PREADD_DATA (Prop_DSP_PREADD_DATA_DSP48E2_B2_DATA[16]_B2B1[16])
                                                      0.073     5.073 r  u_tpu_top/u_datapath/u_vector_processing_unit/u_post_process/GEN_BIAS_REQUANT.u_bias_requantize/(null)[0].shifted_value0/DSP_PREADD_DATA_INST/B2B1[16]
                         net (fo=1, routed)           0.000     5.073    u_tpu_top/u_datapath/u_vector_processing_unit/u_post_process/GEN_BIAS_REQUANT.u_bias_requantize/(null)[0].shifted_value0/DSP_PREADD_DATA.B2B1<16>
    DSP48E2_X6Y66        DSP_MULTIPLIER (Prop_DSP_MULTIPLIER_DSP48E2_B2B1[16]_V[43])
                                                      0.609     5.682 f  u_tpu_top/u_datapath/u_vector_processing_unit/u_post_process/GEN_BIAS_REQUANT.u_bias_requantize/(null)[0].shifted_value0/DSP_MULTIPLIER_INST/V[43]
                         net (fo=1, routed)           0.000     5.682    u_tpu_top/u_datapath/u_vector_processing_unit/u_post_process/GEN_BIAS_REQUANT.u_bias_requantize/(null)[0].shifted_value0/DSP_MULTIPLIER.V<43>
    DSP48E2_X6Y66        DSP_M_DATA (Prop_DSP_M_DATA_DSP48E2_V[43]_V_DATA[43])
                                                      0.046     5.728 r  u_tpu_top/u_datapath/u_vector_processing_unit/u_post_process/GEN_BIAS_REQUANT.u_bias_requantize/(null)[0].shifted_value0/DSP_M_DATA_INST/V_DATA[43]
                         net (fo=1, routed)           0.000     5.728    u_tpu_top/u_datapath/u_vector_processing_unit/u_post_process/GEN_BIAS_REQUANT.u_bias_requantize/(null)[0].shifted_value0/DSP_M_DATA.V_DATA<43>
    DSP48E2_X6Y66        DSP_ALU (Prop_DSP_ALU_DSP48E2_V_DATA[43]_ALU_OUT[47])
                                                      0.571     6.299 f  u_tpu_top/u_datapath/u_vector_processing_unit/u_post_process/GEN_BIAS_REQUANT.u_bias_requantize/(null)[0].shifted_value0/DSP_ALU_INST/ALU_OUT[47]
                         net (fo=1, routed)           0.000     6.299    u_tpu_top/u_datapath/u_vector_processing_unit/u_post_process/GEN_BIAS_REQUANT.u_bias_requantize/(null)[0].shifted_value0/DSP_ALU.ALU_OUT<47>
    DSP48E2_X6Y66        DSP_OUTPUT (Prop_DSP_OUTPUT_DSP48E2_ALU_OUT[47]_PCOUT[47])
                                                      0.122     6.421 r  u_tpu_top/u_datapath/u_vector_processing_unit/u_post_process/GEN_BIAS_REQUANT.u_bias_requantize/(null)[0].shifted_value0/DSP_OUTPUT_INST/PCOUT[47]
                         net (fo=1, routed)           0.014     6.435    u_tpu_top/u_datapath/u_vector_processing_unit/u_post_process/GEN_BIAS_REQUANT.u_bias_requantize/(null)[0].shifted_value0__0/PCIN[47]
    DSP48E2_X6Y67        DSP_ALU (Prop_DSP_ALU_DSP48E2_PCIN[47]_ALU_OUT[1])
                                                      0.546     6.981 f  u_tpu_top/u_datapath/u_vector_processing_unit/u_post_process/GEN_BIAS_REQUANT.u_bias_requantize/(null)[0].shifted_value0__0/DSP_ALU_INST/ALU_OUT[1]
                         net (fo=1, routed)           0.000     6.981    u_tpu_top/u_datapath/u_vector_processing_unit/u_post_process/GEN_BIAS_REQUANT.u_bias_requantize/(null)[0].shifted_value0__0/DSP_ALU.ALU_OUT<1>
    DSP48E2_X6Y67        DSP_OUTPUT (Prop_DSP_OUTPUT_DSP48E2_ALU_OUT[1]_P[1])
                                                      0.109     7.090 r  u_tpu_top/u_datapath/u_vector_processing_unit/u_post_process/GEN_BIAS_REQUANT.u_bias_requantize/(null)[0].shifted_value0__0/DSP_OUTPUT_INST/P[1]
                         net (fo=1, routed)           0.377     7.467    u_tpu_top/u_datapath/u_vector_processing_unit/u_post_process/GEN_BIAS_REQUANT.u_bias_requantize/(null)[0].shifted_value0__0_n_104
    SLICE_X63Y162        LUT2 (Prop_D6LUT_SLICEM_I1_O)
                                                      0.037     7.504 r  u_tpu_top/u_datapath/u_vector_processing_unit/u_post_process/GEN_BIAS_REQUANT.u_bias_requantize/data_flatten_o[18]_i_38/O
                         net (fo=1, routed)           0.025     7.529    u_tpu_top/u_datapath/u_vector_processing_unit/u_post_process/GEN_BIAS_REQUANT.u_bias_requantize/data_flatten_o[18]_i_38_n_0
    SLICE_X63Y162        CARRY8 (Prop_CARRY8_SLICEM_S[3]_CO[7])
                                                      0.163     7.692 r  u_tpu_top/u_datapath/u_vector_processing_unit/u_post_process/GEN_BIAS_REQUANT.u_bias_requantize/data_flatten_o_reg[18]_i_24/CO[7]
                         net (fo=1, routed)           0.026     7.718    u_tpu_top/u_datapath/u_vector_processing_unit/u_post_process/GEN_BIAS_REQUANT.u_bias_requantize/data_flatten_o_reg[18]_i_24_n_0
    SLICE_X63Y163        CARRY8 (Prop_CARRY8_SLICEM_CI_CO[7])
                                                      0.015     7.733 r  u_tpu_top/u_datapath/u_vector_processing_unit/u_post_process/GEN_BIAS_REQUANT.u_bias_requantize/data_flatten_o_reg[18]_i_7/CO[7]
                         net (fo=1, routed)           0.026     7.759    u_tpu_top/u_datapath/u_vector_processing_unit/u_post_process/GEN_BIAS_REQUANT.u_bias_requantize/data_flatten_o_reg[18]_i_7_n_0
    SLICE_X63Y164        CARRY8 (Prop_CARRY8_SLICEM_CI_CO[7])
                                                      0.015     7.774 r  u_tpu_top/u_datapath/u_vector_processing_unit/u_post_process/GEN_BIAS_REQUANT.u_bias_requantize/data_flatten_o_reg[18]_i_33/CO[7]
                         net (fo=1, routed)           0.026     7.800    u_tpu_top/u_datapath/u_vector_processing_unit/u_post_process/GEN_BIAS_REQUANT.u_bias_requantize/data_flatten_o_reg[18]_i_33_n_0
    SLICE_X63Y165        CARRY8 (Prop_CARRY8_SLICEM_CI_CO[7])
                                                      0.015     7.815 r  u_tpu_top/u_datapath/u_vector_processing_unit/u_post_process/GEN_BIAS_REQUANT.u_bias_requantize/data_flatten_o_reg[31]_i_73/CO[7]
                         net (fo=1, routed)           0.026     7.841    u_tpu_top/u_datapath/u_vector_processing_unit/u_post_process/GEN_BIAS_REQUANT.u_bias_requantize/data_flatten_o_reg[31]_i_73_n_0
    SLICE_X63Y166        CARRY8 (Prop_CARRY8_SLICEM_CI_O[0])
                                                      0.056     7.897 r  u_tpu_top/u_datapath/u_vector_processing_unit/u_post_process/GEN_BIAS_REQUANT.u_bias_requantize/data_flatten_o_reg[18]_i_6/O[0]
                         net (fo=125, routed)         0.540     8.437    u_tpu_top/u_datapath/u_vector_processing_unit/u_post_process/GEN_BIAS_REQUANT.u_bias_requantize/data_flatten_o_reg[18]_i_6_n_15
    SLICE_X64Y154        LUT2 (Prop_B6LUT_SLICEM_I0_O)
                                                      0.037     8.474 r  u_tpu_top/u_datapath/u_vector_processing_unit/u_post_process/GEN_BIAS_REQUANT.u_bias_requantize/data_flatten_o[6]_i_27/O
                         net (fo=1, routed)           0.016     8.490    u_tpu_top/u_datapath/u_vector_processing_unit/u_post_process/GEN_BIAS_REQUANT.u_bias_requantize/data_flatten_o[6]_i_27_n_0
    SLICE_X64Y154        CARRY8 (Prop_CARRY8_SLICEM_S[1]_CO[7])
                                                      0.190     8.680 r  u_tpu_top/u_datapath/u_vector_processing_unit/u_post_process/GEN_BIAS_REQUANT.u_bias_requantize/data_flatten_o_reg[6]_i_12/CO[7]
                         net (fo=1, routed)           0.026     8.706    u_tpu_top/u_datapath/u_vector_processing_unit/u_post_process/GEN_BIAS_REQUANT.u_bias_requantize/data_flatten_o_reg[6]_i_12_n_0
    SLICE_X64Y155        CARRY8 (Prop_CARRY8_SLICEM_CI_CO[7])
                                                      0.015     8.721 r  u_tpu_top/u_datapath/u_vector_processing_unit/u_post_process/GEN_BIAS_REQUANT.u_bias_requantize/data_flatten_o_reg[6]_i_3/CO[7]
                         net (fo=1, routed)           0.026     8.747    u_tpu_top/u_datapath/u_vector_processing_unit/u_post_process/GEN_BIAS_REQUANT.u_bias_requantize/data_flatten_o_reg[6]_i_3_n_0
    SLICE_X64Y156        CARRY8 (Prop_CARRY8_SLICEM_CI_CO[7])
                                                      0.015     8.762 r  u_tpu_top/u_datapath/u_vector_processing_unit/u_post_process/GEN_BIAS_REQUANT.u_bias_requantize/data_flatten_o_reg[6]_i_2/CO[7]
                         net (fo=1, routed)           0.026     8.788    u_tpu_top/u_datapath/u_vector_processing_unit/u_post_process/GEN_BIAS_REQUANT.u_bias_requantize/data_flatten_o_reg[6]_i_2_n_0
    SLICE_X64Y157        CARRY8 (Prop_CARRY8_SLICEM_CI_CO[7])
                                                      0.015     8.803 r  u_tpu_top/u_datapath/u_vector_processing_unit/u_post_process/GEN_BIAS_REQUANT.u_bias_requantize/data_flatten_o_reg[14]_i_2/CO[7]
                         net (fo=1, routed)           0.026     8.829    u_tpu_top/u_datapath/u_vector_processing_unit/u_post_process/GEN_BIAS_REQUANT.u_bias_requantize/data_flatten_o_reg[14]_i_2_n_0
    SLICE_X64Y158        CARRY8 (Prop_CARRY8_SLICEM_CI_CO[7])
                                                      0.015     8.844 r  u_tpu_top/u_datapath/u_vector_processing_unit/u_post_process/GEN_BIAS_REQUANT.u_bias_requantize/data_flatten_o_reg[18]_i_4/CO[7]
                         net (fo=1, routed)           0.026     8.870    u_tpu_top/u_datapath/u_vector_processing_unit/u_post_process/GEN_BIAS_REQUANT.u_bias_requantize/data_flatten_o_reg[18]_i_4_n_0
    SLICE_X64Y159        CARRY8 (Prop_CARRY8_SLICEM_CI_CO[7])
                                                      0.015     8.885 r  u_tpu_top/u_datapath/u_vector_processing_unit/u_post_process/GEN_BIAS_REQUANT.u_bias_requantize/data_flatten_o_reg[30]_i_3/CO[7]
                         net (fo=1, routed)           0.026     8.911    u_tpu_top/u_datapath/u_vector_processing_unit/u_post_process/GEN_BIAS_REQUANT.u_bias_requantize/data_flatten_o_reg[30]_i_3_n_0
    SLICE_X64Y160        CARRY8 (Prop_CARRY8_SLICEM_CI_O[1])
                                                      0.076     8.987 f  u_tpu_top/u_datapath/u_vector_processing_unit/u_post_process/GEN_BIAS_REQUANT.u_bias_requantize/data_flatten_o_reg[31]_i_18/O[1]
                         net (fo=7, routed)           0.603     9.589    u_tpu_top/u_datapath/u_vector_processing_unit/u_post_process/GEN_BIAS_REQUANT.u_bias_requantize/data_flatten_o_reg[31]_i_18_n_14
    SLICE_X59Y156        LUT3 (Prop_H6LUT_SLICEL_I1_O)
                                                      0.051     9.640 r  u_tpu_top/u_datapath/u_vector_processing_unit/u_post_process/GEN_BIAS_REQUANT.u_bias_requantize/data_flatten_o[31]_i_244/O
                         net (fo=1, routed)           0.178     9.818    u_tpu_top/u_datapath/u_vector_processing_unit/u_post_process/GEN_BIAS_REQUANT.u_bias_requantize/data_flatten_o[31]_i_244_n_0
    SLICE_X60Y156        CARRY8 (Prop_CARRY8_SLICEL_CI_CO[7])
                                                      0.151     9.969 r  u_tpu_top/u_datapath/u_vector_processing_unit/u_post_process/GEN_BIAS_REQUANT.u_bias_requantize/data_flatten_o_reg[31]_i_162/CO[7]
                         net (fo=1, routed)           0.026     9.995    u_tpu_top/u_datapath/u_vector_processing_unit/u_post_process/GEN_BIAS_REQUANT.u_bias_requantize/data_flatten_o_reg[31]_i_162_n_0
    SLICE_X60Y157        CARRY8 (Prop_CARRY8_SLICEL_CI_CO[7])
                                                      0.015    10.010 r  u_tpu_top/u_datapath/u_vector_processing_unit/u_post_process/GEN_BIAS_REQUANT.u_bias_requantize/data_flatten_o_reg[31]_i_161/CO[7]
                         net (fo=1, routed)           0.026    10.036    u_tpu_top/u_datapath/u_vector_processing_unit/u_post_process/GEN_BIAS_REQUANT.u_bias_requantize/data_flatten_o_reg[31]_i_161_n_0
    SLICE_X60Y158        CARRY8 (Prop_CARRY8_SLICEL_CI_O[1])
                                                      0.076    10.112 r  u_tpu_top/u_datapath/u_vector_processing_unit/u_post_process/GEN_BIAS_REQUANT.u_bias_requantize/data_flatten_o_reg[31]_i_118/O[1]
                         net (fo=4, routed)           0.436    10.548    u_tpu_top/u_datapath/u_vector_processing_unit/u_post_process/GEN_BIAS_REQUANT.u_bias_requantize/data_flatten_o_reg[31]_i_118_n_14
    SLICE_X62Y157        LUT2 (Prop_G6LUT_SLICEL_I1_O)
                                                      0.089    10.637 r  u_tpu_top/u_datapath/u_vector_processing_unit/u_post_process/GEN_BIAS_REQUANT.u_bias_requantize/data_flatten_o[31]_i_110/O
                         net (fo=1, routed)           0.008    10.645    u_tpu_top/u_datapath/u_vector_processing_unit/u_post_process/GEN_BIAS_REQUANT.u_bias_requantize/data_flatten_o[31]_i_110_n_0
    SLICE_X62Y157        CARRY8 (Prop_CARRY8_SLICEL_S[6]_CO[7])
                                                      0.115    10.760 r  u_tpu_top/u_datapath/u_vector_processing_unit/u_post_process/GEN_BIAS_REQUANT.u_bias_requantize/data_flatten_o_reg[31]_i_31/CO[7]
                         net (fo=1, routed)           0.026    10.786    u_tpu_top/u_datapath/u_vector_processing_unit/u_post_process/GEN_BIAS_REQUANT.u_bias_requantize/data_flatten_o_reg[31]_i_31_n_0
    SLICE_X62Y158        CARRY8 (Prop_CARRY8_SLICEL_CI_CO[5])
                                                      0.077    10.863 r  u_tpu_top/u_datapath/u_vector_processing_unit/u_post_process/GEN_BIAS_REQUANT.u_bias_requantize/data_flatten_o_reg[31]_i_5/CO[5]
                         net (fo=22, routed)          0.249    11.112    u_tpu_top/u_datapath/u_vector_processing_unit/u_post_process/GEN_BIAS_REQUANT.u_bias_requantize/data_flatten_o_reg[31]_i_5_n_2
    SLICE_X62Y159        LUT3 (Prop_D6LUT_SLICEL_I2_O)
                                                      0.099    11.211 r  u_tpu_top/u_datapath/u_vector_processing_unit/u_post_process/GEN_BIAS_REQUANT.u_bias_requantize/data_flatten_o[18]_i_3/O
                         net (fo=12, routed)          0.348    11.560    u_tpu_top/u_datapath/u_vector_processing_unit/u_post_process/GEN_BIAS_REQUANT.u_bias_requantize/data_flatten_o[18]_i_3_n_0
    SLICE_X65Y156        LUT5 (Prop_B6LUT_SLICEL_I1_O)
                                                      0.090    11.650 r  u_tpu_top/u_datapath/u_vector_processing_unit/u_post_process/GEN_BIAS_REQUANT.u_bias_requantize/data_flatten_o[13]_i_1/O
                         net (fo=1, routed)           0.049    11.699    u_tpu_top/u_datapath/u_vector_processing_unit/u_post_process/GEN_BIAS_REQUANT.u_bias_requantize/p_4_out[13]
    SLICE_X65Y156        FDCE                                         r  u_tpu_top/u_datapath/u_vector_processing_unit/u_post_process/GEN_BIAS_REQUANT.u_bias_requantize/data_flatten_o_reg[13]/D
  -------------------------------------------------------------------    -------------------

                         (clock s_axi_aclk rise edge)
                                                     10.000    10.000 r  
    M10                                               0.000    10.000 r  s_axi_aclk (IN)
                         net (fo=0)                   0.000    10.000    s_axi_aclk_IBUF_inst/I
    M10                  INBUF (Prop_INBUF_HDIOB_M_PAD_O)
                                                      0.479    10.479 r  s_axi_aclk_IBUF_inst/INBUF_INST/O
                         net (fo=1, routed)           0.000    10.479    s_axi_aclk_IBUF_inst/OUT
    M10                  IBUFCTRL (Prop_IBUFCTRL_HDIOB_M_I_O)
                                                      0.000    10.479 r  s_axi_aclk_IBUF_inst/IBUFCTRL_INST/O
                         net (fo=1, routed)           0.169    10.648    s_axi_aclk_IBUF
    BUFGCE_HDIO_X2Y0     BUFGCE (Prop_BUFCE_BUFGCE_HDIO_I_O)
                                                      0.024    10.672 r  s_axi_aclk_IBUF_BUFG_inst/O
    X1Y3 (CLOCK_ROOT)    net (fo=3130, routed)        1.905    12.577    u_tpu_top/u_datapath/u_vector_processing_unit/u_post_process/GEN_BIAS_REQUANT.u_bias_requantize/s_axi_aclk_IBUF_BUFG
    SLICE_X65Y156        FDCE                                         r  u_tpu_top/u_datapath/u_vector_processing_unit/u_post_process/GEN_BIAS_REQUANT.u_bias_requantize/data_flatten_o_reg[13]/C
                         clock pessimism              0.703    13.280    
                         clock uncertainty           -0.135    13.145    
    SLICE_X65Y156        FDCE (Setup_BFF_SLICEL_C_D)
                                                      0.025    13.170    u_tpu_top/u_datapath/u_vector_processing_unit/u_post_process/GEN_BIAS_REQUANT.u_bias_requantize/data_flatten_o_reg[13]
  -------------------------------------------------------------------
                         required time                         13.170    
                         arrival time                         -11.699    
  -------------------------------------------------------------------
                         slack                                  1.471    

Slack (MET) :             1.484ns  (required time - arrival time)
  Source:                 u_tpu_top/u_datapath/u_accumulator_array/read_data_flatten_o_reg[8]/C
                            (rising edge-triggered cell FDCE clocked by s_axi_aclk  {rise@0.000ns fall@5.000ns period=10.000ns})
  Destination:            u_tpu_top/u_datapath/u_vector_processing_unit/u_post_process/GEN_BIAS_REQUANT.u_bias_requantize/data_flatten_o_reg[18]/D
                            (rising edge-triggered cell FDCE clocked by s_axi_aclk  {rise@0.000ns fall@5.000ns period=10.000ns})
  Path Group:             s_axi_aclk
  Path Type:              Setup (Max at Slow Process Corner)
  Requirement:            10.000ns  (s_axi_aclk rise@10.000ns - s_axi_aclk rise@0.000ns)
  Data Path Delay:        8.316ns  (logic 4.147ns (49.866%)  route 4.169ns (50.134%))
  Logic Levels:           36  (CARRY8=21 DSP_A_B_DATA=1 DSP_ALU=2 DSP_M_DATA=1 DSP_MULTIPLIER=1 DSP_OUTPUT=2 DSP_PREADD_DATA=1 LUT2=4 LUT3=2 LUT5=1)
  Clock Path Skew:        -0.089ns (DCD - SCD + CPR)
    Destination Clock Delay (DCD):    2.580ns = ( 12.580 - 10.000 ) 
    Source Clock Delay      (SCD):    3.372ns
    Clock Pessimism Removal (CPR):    0.703ns
  Clock Uncertainty:      0.135ns  ((TSJ^2 + TIJ^2)^1/2 + DJ) / 2 + PE + UU
    Total System Jitter     (TSJ):    0.071ns
    Total Input Jitter      (TIJ):    0.000ns
    Discrete Jitter          (DJ):    0.000ns
    Phase Error              (PE):    0.000ns
    User Uncertainty         (UU):    0.100ns
  Clock Net Delay (Source):      2.154ns (routing 1.134ns, distribution 1.020ns)
  Clock Net Delay (Destination): 1.908ns (routing 1.032ns, distribution 0.876ns)

    Location             Delay type                Incr(ns)  Path(ns)    Netlist Resource(s)
  -------------------------------------------------------------------    -------------------
                         (clock s_axi_aclk rise edge)
                                                      0.000     0.000 r  
    M10                                               0.000     0.000 r  s_axi_aclk (IN)
                         net (fo=0)                   0.000     0.000    s_axi_aclk_IBUF_inst/I
    M10                  INBUF (Prop_INBUF_HDIOB_M_PAD_O)
                                                      0.986     0.986 r  s_axi_aclk_IBUF_inst/INBUF_INST/O
                         net (fo=1, routed)           0.000     0.986    s_axi_aclk_IBUF_inst/OUT
    M10                  IBUFCTRL (Prop_IBUFCTRL_HDIOB_M_I_O)
                                                      0.000     0.986 r  s_axi_aclk_IBUF_inst/IBUFCTRL_INST/O
                         net (fo=1, routed)           0.204     1.190    s_axi_aclk_IBUF
    BUFGCE_HDIO_X2Y0     BUFGCE (Prop_BUFCE_BUFGCE_HDIO_I_O)
                                                      0.028     1.218 r  s_axi_aclk_IBUF_BUFG_inst/O
    X1Y3 (CLOCK_ROOT)    net (fo=3130, routed)        2.154     3.372    u_tpu_top/u_datapath/u_accumulator_array/s_axi_aclk_IBUF_BUFG
    SLICE_X52Y153        FDCE                                         r  u_tpu_top/u_datapath/u_accumulator_array/read_data_flatten_o_reg[8]/C
  -------------------------------------------------------------------    -------------------
    SLICE_X52Y153        FDCE (Prop_HFF_SLICEL_C_Q)
                                                      0.079     3.451 r  u_tpu_top/u_datapath/u_accumulator_array/read_data_flatten_o_reg[8]/Q
                         net (fo=2, routed)           0.389     3.841    u_tpu_top/u_datapath/u_vector_processing_unit/u_post_process/GEN_BIAS_REQUANT.u_bias_requantize/(null)[0].shifted_value0__3_i_2_0[8]
    SLICE_X59Y161        LUT2 (Prop_A6LUT_SLICEL_I0_O)
                                                      0.124     3.965 r  u_tpu_top/u_datapath/u_vector_processing_unit/u_post_process/GEN_BIAS_REQUANT.u_bias_requantize/(null)[0].shifted_value0__1_i_10/O
                         net (fo=1, routed)           0.009     3.974    u_tpu_top/u_datapath/u_vector_processing_unit/u_post_process/GEN_BIAS_REQUANT.u_bias_requantize/(null)[0].shifted_value0__1_i_10_n_0
    SLICE_X59Y161        CARRY8 (Prop_CARRY8_SLICEL_S[0]_CO[7])
                                                      0.190     4.164 r  u_tpu_top/u_datapath/u_vector_processing_unit/u_post_process/GEN_BIAS_REQUANT.u_bias_requantize/(null)[0].shifted_value0__1_i_1/CO[7]
                         net (fo=1, routed)           0.026     4.190    u_tpu_top/u_datapath/u_vector_processing_unit/u_post_process/GEN_BIAS_REQUANT.u_bias_requantize/(null)[0].shifted_value0__1_i_1_n_0
    SLICE_X59Y162        CARRY8 (Prop_CARRY8_SLICEL_CI_CO[7])
                                                      0.015     4.205 r  u_tpu_top/u_datapath/u_vector_processing_unit/u_post_process/GEN_BIAS_REQUANT.u_bias_requantize/(null)[0].shifted_value0_i_3/CO[7]
                         net (fo=1, routed)           0.026     4.231    u_tpu_top/u_datapath/u_vector_processing_unit/u_post_process/GEN_BIAS_REQUANT.u_bias_requantize/(null)[0].shifted_value0_i_3_n_0
    SLICE_X59Y163        CARRY8 (Prop_CARRY8_SLICEL_CI_CO[7])
                                                      0.015     4.246 r  u_tpu_top/u_datapath/u_vector_processing_unit/u_post_process/GEN_BIAS_REQUANT.u_bias_requantize/(null)[0].shifted_value0_i_2/CO[7]
                         net (fo=1, routed)           0.026     4.272    u_tpu_top/u_datapath/u_vector_processing_unit/u_post_process/GEN_BIAS_REQUANT.u_bias_requantize/(null)[0].shifted_value0_i_2_n_0
    SLICE_X59Y164        CARRY8 (Prop_CARRY8_SLICEL_CI_O[0])
                                                      0.056     4.328 f  u_tpu_top/u_datapath/u_vector_processing_unit/u_post_process/GEN_BIAS_REQUANT.u_bias_requantize/(null)[0].shifted_value0_i_1/O[0]
                         net (fo=18, routed)          0.521     4.849    u_tpu_top/u_datapath/u_vector_processing_unit/u_post_process/GEN_BIAS_REQUANT.u_bias_requantize/(null)[0].shifted_value0/B[16]
    DSP48E2_X6Y66        DSP_A_B_DATA (Prop_DSP_A_B_DATA_DSP48E2_B[16]_B2_DATA[16])
                                                      0.151     5.000 r  u_tpu_top/u_datapath/u_vector_processing_unit/u_post_process/GEN_BIAS_REQUANT.u_bias_requantize/(null)[0].shifted_value0/DSP_A_B_DATA_INST/B2_DATA[16]
                         net (fo=1, routed)           0.000     5.000    u_tpu_top/u_datapath/u_vector_processing_unit/u_post_process/GEN_BIAS_REQUANT.u_bias_requantize/(null)[0].shifted_value0/DSP_A_B_DATA.B2_DATA<16>
    DSP48E2_X6Y66        DSP_PREADD_DATA (Prop_DSP_PREADD_DATA_DSP48E2_B2_DATA[16]_B2B1[16])
                                                      0.073     5.073 r  u_tpu_top/u_datapath/u_vector_processing_unit/u_post_process/GEN_BIAS_REQUANT.u_bias_requantize/(null)[0].shifted_value0/DSP_PREADD_DATA_INST/B2B1[16]
                         net (fo=1, routed)           0.000     5.073    u_tpu_top/u_datapath/u_vector_processing_unit/u_post_process/GEN_BIAS_REQUANT.u_bias_requantize/(null)[0].shifted_value0/DSP_PREADD_DATA.B2B1<16>
    DSP48E2_X6Y66        DSP_MULTIPLIER (Prop_DSP_MULTIPLIER_DSP48E2_B2B1[16]_V[43])
                                                      0.609     5.682 f  u_tpu_top/u_datapath/u_vector_processing_unit/u_post_process/GEN_BIAS_REQUANT.u_bias_requantize/(null)[0].shifted_value0/DSP_MULTIPLIER_INST/V[43]
                         net (fo=1, routed)           0.000     5.682    u_tpu_top/u_datapath/u_vector_processing_unit/u_post_process/GEN_BIAS_REQUANT.u_bias_requantize/(null)[0].shifted_value0/DSP_MULTIPLIER.V<43>
    DSP48E2_X6Y66        DSP_M_DATA (Prop_DSP_M_DATA_DSP48E2_V[43]_V_DATA[43])
                                                      0.046     5.728 r  u_tpu_top/u_datapath/u_vector_processing_unit/u_post_process/GEN_BIAS_REQUANT.u_bias_requantize/(null)[0].shifted_value0/DSP_M_DATA_INST/V_DATA[43]
                         net (fo=1, routed)           0.000     5.728    u_tpu_top/u_datapath/u_vector_processing_unit/u_post_process/GEN_BIAS_REQUANT.u_bias_requantize/(null)[0].shifted_value0/DSP_M_DATA.V_DATA<43>
    DSP48E2_X6Y66        DSP_ALU (Prop_DSP_ALU_DSP48E2_V_DATA[43]_ALU_OUT[47])
                                                      0.571     6.299 f  u_tpu_top/u_datapath/u_vector_processing_unit/u_post_process/GEN_BIAS_REQUANT.u_bias_requantize/(null)[0].shifted_value0/DSP_ALU_INST/ALU_OUT[47]
                         net (fo=1, routed)           0.000     6.299    u_tpu_top/u_datapath/u_vector_processing_unit/u_post_process/GEN_BIAS_REQUANT.u_bias_requantize/(null)[0].shifted_value0/DSP_ALU.ALU_OUT<47>
    DSP48E2_X6Y66        DSP_OUTPUT (Prop_DSP_OUTPUT_DSP48E2_ALU_OUT[47]_PCOUT[47])
                                                      0.122     6.421 r  u_tpu_top/u_datapath/u_vector_processing_unit/u_post_process/GEN_BIAS_REQUANT.u_bias_requantize/(null)[0].shifted_value0/DSP_OUTPUT_INST/PCOUT[47]
                         net (fo=1, routed)           0.014     6.435    u_tpu_top/u_datapath/u_vector_processing_unit/u_post_process/GEN_BIAS_REQUANT.u_bias_requantize/(null)[0].shifted_value0__0/PCIN[47]
    DSP48E2_X6Y67        DSP_ALU (Prop_DSP_ALU_DSP48E2_PCIN[47]_ALU_OUT[1])
                                                      0.546     6.981 f  u_tpu_top/u_datapath/u_vector_processing_unit/u_post_process/GEN_BIAS_REQUANT.u_bias_requantize/(null)[0].shifted_value0__0/DSP_ALU_INST/ALU_OUT[1]
                         net (fo=1, routed)           0.000     6.981    u_tpu_top/u_datapath/u_vector_processing_unit/u_post_process/GEN_BIAS_REQUANT.u_bias_requantize/(null)[0].shifted_value0__0/DSP_ALU.ALU_OUT<1>
    DSP48E2_X6Y67        DSP_OUTPUT (Prop_DSP_OUTPUT_DSP48E2_ALU_OUT[1]_P[1])
                                                      0.109     7.090 r  u_tpu_top/u_datapath/u_vector_processing_unit/u_post_process/GEN_BIAS_REQUANT.u_bias_requantize/(null)[0].shifted_value0__0/DSP_OUTPUT_INST/P[1]
                         net (fo=1, routed)           0.377     7.467    u_tpu_top/u_datapath/u_vector_processing_unit/u_post_process/GEN_BIAS_REQUANT.u_bias_requantize/(null)[0].shifted_value0__0_n_104
    SLICE_X63Y162        LUT2 (Prop_D6LUT_SLICEM_I1_O)
                                                      0.037     7.504 r  u_tpu_top/u_datapath/u_vector_processing_unit/u_post_process/GEN_BIAS_REQUANT.u_bias_requantize/data_flatten_o[18]_i_38/O
                         net (fo=1, routed)           0.025     7.529    u_tpu_top/u_datapath/u_vector_processing_unit/u_post_process/GEN_BIAS_REQUANT.u_bias_requantize/data_flatten_o[18]_i_38_n_0
    SLICE_X63Y162        CARRY8 (Prop_CARRY8_SLICEM_S[3]_CO[7])
                                                      0.163     7.692 r  u_tpu_top/u_datapath/u_vector_processing_unit/u_post_process/GEN_BIAS_REQUANT.u_bias_requantize/data_flatten_o_reg[18]_i_24/CO[7]
                         net (fo=1, routed)           0.026     7.718    u_tpu_top/u_datapath/u_vector_processing_unit/u_post_process/GEN_BIAS_REQUANT.u_bias_requantize/data_flatten_o_reg[18]_i_24_n_0
    SLICE_X63Y163        CARRY8 (Prop_CARRY8_SLICEM_CI_CO[7])
                                                      0.015     7.733 r  u_tpu_top/u_datapath/u_vector_processing_unit/u_post_process/GEN_BIAS_REQUANT.u_bias_requantize/data_flatten_o_reg[18]_i_7/CO[7]
                         net (fo=1, routed)           0.026     7.759    u_tpu_top/u_datapath/u_vector_processing_unit/u_post_process/GEN_BIAS_REQUANT.u_bias_requantize/data_flatten_o_reg[18]_i_7_n_0
    SLICE_X63Y164        CARRY8 (Prop_CARRY8_SLICEM_CI_CO[7])
                                                      0.015     7.774 r  u_tpu_top/u_datapath/u_vector_processing_unit/u_post_process/GEN_BIAS_REQUANT.u_bias_requantize/data_flatten_o_reg[18]_i_33/CO[7]
                         net (fo=1, routed)           0.026     7.800    u_tpu_top/u_datapath/u_vector_processing_unit/u_post_process/GEN_BIAS_REQUANT.u_bias_requantize/data_flatten_o_reg[18]_i_33_n_0
    SLICE_X63Y165        CARRY8 (Prop_CARRY8_SLICEM_CI_CO[7])
                                                      0.015     7.815 r  u_tpu_top/u_datapath/u_vector_processing_unit/u_post_process/GEN_BIAS_REQUANT.u_bias_requantize/data_flatten_o_reg[31]_i_73/CO[7]
                         net (fo=1, routed)           0.026     7.841    u_tpu_top/u_datapath/u_vector_processing_unit/u_post_process/GEN_BIAS_REQUANT.u_bias_requantize/data_flatten_o_reg[31]_i_73_n_0
    SLICE_X63Y166        CARRY8 (Prop_CARRY8_SLICEM_CI_O[0])
                                                      0.056     7.897 r  u_tpu_top/u_datapath/u_vector_processing_unit/u_post_process/GEN_BIAS_REQUANT.u_bias_requantize/data_flatten_o_reg[18]_i_6/O[0]
                         net (fo=125, routed)         0.540     8.437    u_tpu_top/u_datapath/u_vector_processing_unit/u_post_process/GEN_BIAS_REQUANT.u_bias_requantize/data_flatten_o_reg[18]_i_6_n_15
    SLICE_X64Y154        LUT2 (Prop_B6LUT_SLICEM_I0_O)
                                                      0.037     8.474 r  u_tpu_top/u_datapath/u_vector_processing_unit/u_post_process/GEN_BIAS_REQUANT.u_bias_requantize/data_flatten_o[6]_i_27/O
                         net (fo=1, routed)           0.016     8.490    u_tpu_top/u_datapath/u_vector_processing_unit/u_post_process/GEN_BIAS_REQUANT.u_bias_requantize/data_flatten_o[6]_i_27_n_0
    SLICE_X64Y154        CARRY8 (Prop_CARRY8_SLICEM_S[1]_CO[7])
                                                      0.190     8.680 r  u_tpu_top/u_datapath/u_vector_processing_unit/u_post_process/GEN_BIAS_REQUANT.u_bias_requantize/data_flatten_o_reg[6]_i_12/CO[7]
                         net (fo=1, routed)           0.026     8.706    u_tpu_top/u_datapath/u_vector_processing_unit/u_post_process/GEN_BIAS_REQUANT.u_bias_requantize/data_flatten_o_reg[6]_i_12_n_0
    SLICE_X64Y155        CARRY8 (Prop_CARRY8_SLICEM_CI_CO[7])
                                                      0.015     8.721 r  u_tpu_top/u_datapath/u_vector_processing_unit/u_post_process/GEN_BIAS_REQUANT.u_bias_requantize/data_flatten_o_reg[6]_i_3/CO[7]
                         net (fo=1, routed)           0.026     8.747    u_tpu_top/u_datapath/u_vector_processing_unit/u_post_process/GEN_BIAS_REQUANT.u_bias_requantize/data_flatten_o_reg[6]_i_3_n_0
    SLICE_X64Y156        CARRY8 (Prop_CARRY8_SLICEM_CI_CO[7])
                                                      0.015     8.762 r  u_tpu_top/u_datapath/u_vector_processing_unit/u_post_process/GEN_BIAS_REQUANT.u_bias_requantize/data_flatten_o_reg[6]_i_2/CO[7]
                         net (fo=1, routed)           0.026     8.788    u_tpu_top/u_datapath/u_vector_processing_unit/u_post_process/GEN_BIAS_REQUANT.u_bias_requantize/data_flatten_o_reg[6]_i_2_n_0
    SLICE_X64Y157        CARRY8 (Prop_CARRY8_SLICEM_CI_CO[7])
                                                      0.015     8.803 r  u_tpu_top/u_datapath/u_vector_processing_unit/u_post_process/GEN_BIAS_REQUANT.u_bias_requantize/data_flatten_o_reg[14]_i_2/CO[7]
                         net (fo=1, routed)           0.026     8.829    u_tpu_top/u_datapath/u_vector_processing_unit/u_post_process/GEN_BIAS_REQUANT.u_bias_requantize/data_flatten_o_reg[14]_i_2_n_0
    SLICE_X64Y158        CARRY8 (Prop_CARRY8_SLICEM_CI_CO[7])
                                                      0.015     8.844 r  u_tpu_top/u_datapath/u_vector_processing_unit/u_post_process/GEN_BIAS_REQUANT.u_bias_requantize/data_flatten_o_reg[18]_i_4/CO[7]
                         net (fo=1, routed)           0.026     8.870    u_tpu_top/u_datapath/u_vector_processing_unit/u_post_process/GEN_BIAS_REQUANT.u_bias_requantize/data_flatten_o_reg[18]_i_4_n_0
    SLICE_X64Y159        CARRY8 (Prop_CARRY8_SLICEM_CI_CO[7])
                                                      0.015     8.885 r  u_tpu_top/u_datapath/u_vector_processing_unit/u_post_process/GEN_BIAS_REQUANT.u_bias_requantize/data_flatten_o_reg[30]_i_3/CO[7]
                         net (fo=1, routed)           0.026     8.911    u_tpu_top/u_datapath/u_vector_processing_unit/u_post_process/GEN_BIAS_REQUANT.u_bias_requantize/data_flatten_o_reg[30]_i_3_n_0
    SLICE_X64Y160        CARRY8 (Prop_CARRY8_SLICEM_CI_O[1])
                                                      0.076     8.987 f  u_tpu_top/u_datapath/u_vector_processing_unit/u_post_process/GEN_BIAS_REQUANT.u_bias_requantize/data_flatten_o_reg[31]_i_18/O[1]
                         net (fo=7, routed)           0.603     9.589    u_tpu_top/u_datapath/u_vector_processing_unit/u_post_process/GEN_BIAS_REQUANT.u_bias_requantize/data_flatten_o_reg[31]_i_18_n_14
    SLICE_X59Y156        LUT3 (Prop_H6LUT_SLICEL_I1_O)
                                                      0.051     9.640 r  u_tpu_top/u_datapath/u_vector_processing_unit/u_post_process/GEN_BIAS_REQUANT.u_bias_requantize/data_flatten_o[31]_i_244/O
                         net (fo=1, routed)           0.178     9.818    u_tpu_top/u_datapath/u_vector_processing_unit/u_post_process/GEN_BIAS_REQUANT.u_bias_requantize/data_flatten_o[31]_i_244_n_0
    SLICE_X60Y156        CARRY8 (Prop_CARRY8_SLICEL_CI_CO[7])
                                                      0.151     9.969 r  u_tpu_top/u_datapath/u_vector_processing_unit/u_post_process/GEN_BIAS_REQUANT.u_bias_requantize/data_flatten_o_reg[31]_i_162/CO[7]
                         net (fo=1, routed)           0.026     9.995    u_tpu_top/u_datapath/u_vector_processing_unit/u_post_process/GEN_BIAS_REQUANT.u_bias_requantize/data_flatten_o_reg[31]_i_162_n_0
    SLICE_X60Y157        CARRY8 (Prop_CARRY8_SLICEL_CI_CO[7])
                                                      0.015    10.010 r  u_tpu_top/u_datapath/u_vector_processing_unit/u_post_process/GEN_BIAS_REQUANT.u_bias_requantize/data_flatten_o_reg[31]_i_161/CO[7]
                         net (fo=1, routed)           0.026    10.036    u_tpu_top/u_datapath/u_vector_processing_unit/u_post_process/GEN_BIAS_REQUANT.u_bias_requantize/data_flatten_o_reg[31]_i_161_n_0
    SLICE_X60Y158        CARRY8 (Prop_CARRY8_SLICEL_CI_O[1])
                                                      0.076    10.112 r  u_tpu_top/u_datapath/u_vector_processing_unit/u_post_process/GEN_BIAS_REQUANT.u_bias_requantize/data_flatten_o_reg[31]_i_118/O[1]
                         net (fo=4, routed)           0.436    10.548    u_tpu_top/u_datapath/u_vector_processing_unit/u_post_process/GEN_BIAS_REQUANT.u_bias_requantize/data_flatten_o_reg[31]_i_118_n_14
    SLICE_X62Y157        LUT2 (Prop_G6LUT_SLICEL_I1_O)
                                                      0.089    10.637 r  u_tpu_top/u_datapath/u_vector_processing_unit/u_post_process/GEN_BIAS_REQUANT.u_bias_requantize/data_flatten_o[31]_i_110/O
                         net (fo=1, routed)           0.008    10.645    u_tpu_top/u_datapath/u_vector_processing_unit/u_post_process/GEN_BIAS_REQUANT.u_bias_requantize/data_flatten_o[31]_i_110_n_0
    SLICE_X62Y157        CARRY8 (Prop_CARRY8_SLICEL_S[6]_CO[7])
                                                      0.115    10.760 r  u_tpu_top/u_datapath/u_vector_processing_unit/u_post_process/GEN_BIAS_REQUANT.u_bias_requantize/data_flatten_o_reg[31]_i_31/CO[7]
                         net (fo=1, routed)           0.026    10.786    u_tpu_top/u_datapath/u_vector_processing_unit/u_post_process/GEN_BIAS_REQUANT.u_bias_requantize/data_flatten_o_reg[31]_i_31_n_0
    SLICE_X62Y158        CARRY8 (Prop_CARRY8_SLICEL_CI_CO[5])
                                                      0.077    10.863 r  u_tpu_top/u_datapath/u_vector_processing_unit/u_post_process/GEN_BIAS_REQUANT.u_bias_requantize/data_flatten_o_reg[31]_i_5/CO[5]
                         net (fo=22, routed)          0.249    11.112    u_tpu_top/u_datapath/u_vector_processing_unit/u_post_process/GEN_BIAS_REQUANT.u_bias_requantize/data_flatten_o_reg[31]_i_5_n_2
    SLICE_X62Y159        LUT3 (Prop_D6LUT_SLICEL_I2_O)
                                                      0.099    11.211 r  u_tpu_top/u_datapath/u_vector_processing_unit/u_post_process/GEN_BIAS_REQUANT.u_bias_requantize/data_flatten_o[18]_i_3/O
                         net (fo=12, routed)          0.339    11.550    u_tpu_top/u_datapath/u_vector_processing_unit/u_post_process/GEN_BIAS_REQUANT.u_bias_requantize/data_flatten_o[18]_i_3_n_0
    SLICE_X65Y158        LUT5 (Prop_D6LUT_SLICEL_I1_O)
                                                      0.089    11.639 r  u_tpu_top/u_datapath/u_vector_processing_unit/u_post_process/GEN_BIAS_REQUANT.u_bias_requantize/data_flatten_o[18]_i_1/O
                         net (fo=1, routed)           0.049    11.688    u_tpu_top/u_datapath/u_vector_processing_unit/u_post_process/GEN_BIAS_REQUANT.u_bias_requantize/p_4_out[18]
    SLICE_X65Y158        FDCE                                         r  u_tpu_top/u_datapath/u_vector_processing_unit/u_post_process/GEN_BIAS_REQUANT.u_bias_requantize/data_flatten_o_reg[18]/D
  -------------------------------------------------------------------    -------------------

                         (clock s_axi_aclk rise edge)
                                                     10.000    10.000 r  
    M10                                               0.000    10.000 r  s_axi_aclk (IN)
                         net (fo=0)                   0.000    10.000    s_axi_aclk_IBUF_inst/I
    M10                  INBUF (Prop_INBUF_HDIOB_M_PAD_O)
                                                      0.479    10.479 r  s_axi_aclk_IBUF_inst/INBUF_INST/O
                         net (fo=1, routed)           0.000    10.479    s_axi_aclk_IBUF_inst/OUT
    M10                  IBUFCTRL (Prop_IBUFCTRL_HDIOB_M_I_O)
                                                      0.000    10.479 r  s_axi_aclk_IBUF_inst/IBUFCTRL_INST/O
                         net (fo=1, routed)           0.169    10.648    s_axi_aclk_IBUF
    BUFGCE_HDIO_X2Y0     BUFGCE (Prop_BUFCE_BUFGCE_HDIO_I_O)
                                                      0.024    10.672 r  s_axi_aclk_IBUF_BUFG_inst/O
    X1Y3 (CLOCK_ROOT)    net (fo=3130, routed)        1.908    12.580    u_tpu_top/u_datapath/u_vector_processing_unit/u_post_process/GEN_BIAS_REQUANT.u_bias_requantize/s_axi_aclk_IBUF_BUFG
    SLICE_X65Y158        FDCE                                         r  u_tpu_top/u_datapath/u_vector_processing_unit/u_post_process/GEN_BIAS_REQUANT.u_bias_requantize/data_flatten_o_reg[18]/C
                         clock pessimism              0.703    13.283    
                         clock uncertainty           -0.135    13.148    
    SLICE_X65Y158        FDCE (Setup_DFF_SLICEL_C_D)
                                                      0.025    13.173    u_tpu_top/u_datapath/u_vector_processing_unit/u_post_process/GEN_BIAS_REQUANT.u_bias_requantize/data_flatten_o_reg[18]
  -------------------------------------------------------------------
                         required time                         13.173    
                         arrival time                         -11.688    
  -------------------------------------------------------------------
                         slack                                  1.484    

Slack (MET) :             1.501ns  (required time - arrival time)
  Source:                 u_tpu_top/u_datapath/u_accumulator_array/read_data_flatten_o_reg[8]/C
                            (rising edge-triggered cell FDCE clocked by s_axi_aclk  {rise@0.000ns fall@5.000ns period=10.000ns})
  Destination:            u_tpu_top/u_datapath/u_vector_processing_unit/u_post_process/GEN_BIAS_REQUANT.u_bias_requantize/data_flatten_o_reg[10]/D
                            (rising edge-triggered cell FDCE clocked by s_axi_aclk  {rise@0.000ns fall@5.000ns period=10.000ns})
  Path Group:             s_axi_aclk
  Path Type:              Setup (Max at Slow Process Corner)
  Requirement:            10.000ns  (s_axi_aclk rise@10.000ns - s_axi_aclk rise@0.000ns)
  Data Path Delay:        8.297ns  (logic 4.148ns (49.992%)  route 4.149ns (50.009%))
  Logic Levels:           36  (CARRY8=21 DSP_A_B_DATA=1 DSP_ALU=2 DSP_M_DATA=1 DSP_MULTIPLIER=1 DSP_OUTPUT=2 DSP_PREADD_DATA=1 LUT2=4 LUT3=2 LUT5=1)
  Clock Path Skew:        -0.091ns (DCD - SCD + CPR)
    Destination Clock Delay (DCD):    2.578ns = ( 12.578 - 10.000 ) 
    Source Clock Delay      (SCD):    3.372ns
    Clock Pessimism Removal (CPR):    0.703ns
  Clock Uncertainty:      0.135ns  ((TSJ^2 + TIJ^2)^1/2 + DJ) / 2 + PE + UU
    Total System Jitter     (TSJ):    0.071ns
    Total Input Jitter      (TIJ):    0.000ns
    Discrete Jitter          (DJ):    0.000ns
    Phase Error              (PE):    0.000ns
    User Uncertainty         (UU):    0.100ns
  Clock Net Delay (Source):      2.154ns (routing 1.134ns, distribution 1.020ns)
  Clock Net Delay (Destination): 1.906ns (routing 1.032ns, distribution 0.874ns)

    Location             Delay type                Incr(ns)  Path(ns)    Netlist Resource(s)
  -------------------------------------------------------------------    -------------------
                         (clock s_axi_aclk rise edge)
                                                      0.000     0.000 r  
    M10                                               0.000     0.000 r  s_axi_aclk (IN)
                         net (fo=0)                   0.000     0.000    s_axi_aclk_IBUF_inst/I
    M10                  INBUF (Prop_INBUF_HDIOB_M_PAD_O)
                                                      0.986     0.986 r  s_axi_aclk_IBUF_inst/INBUF_INST/O
                         net (fo=1, routed)           0.000     0.986    s_axi_aclk_IBUF_inst/OUT
    M10                  IBUFCTRL (Prop_IBUFCTRL_HDIOB_M_I_O)
                                                      0.000     0.986 r  s_axi_aclk_IBUF_inst/IBUFCTRL_INST/O
                         net (fo=1, routed)           0.204     1.190    s_axi_aclk_IBUF
    BUFGCE_HDIO_X2Y0     BUFGCE (Prop_BUFCE_BUFGCE_HDIO_I_O)
                                                      0.028     1.218 r  s_axi_aclk_IBUF_BUFG_inst/O
    X1Y3 (CLOCK_ROOT)    net (fo=3130, routed)        2.154     3.372    u_tpu_top/u_datapath/u_accumulator_array/s_axi_aclk_IBUF_BUFG
    SLICE_X52Y153        FDCE                                         r  u_tpu_top/u_datapath/u_accumulator_array/read_data_flatten_o_reg[8]/C
  -------------------------------------------------------------------    -------------------
    SLICE_X52Y153        FDCE (Prop_HFF_SLICEL_C_Q)
                                                      0.079     3.451 r  u_tpu_top/u_datapath/u_accumulator_array/read_data_flatten_o_reg[8]/Q
                         net (fo=2, routed)           0.389     3.841    u_tpu_top/u_datapath/u_vector_processing_unit/u_post_process/GEN_BIAS_REQUANT.u_bias_requantize/(null)[0].shifted_value0__3_i_2_0[8]
    SLICE_X59Y161        LUT2 (Prop_A6LUT_SLICEL_I0_O)
                                                      0.124     3.965 r  u_tpu_top/u_datapath/u_vector_processing_unit/u_post_process/GEN_BIAS_REQUANT.u_bias_requantize/(null)[0].shifted_value0__1_i_10/O
                         net (fo=1, routed)           0.009     3.974    u_tpu_top/u_datapath/u_vector_processing_unit/u_post_process/GEN_BIAS_REQUANT.u_bias_requantize/(null)[0].shifted_value0__1_i_10_n_0
    SLICE_X59Y161        CARRY8 (Prop_CARRY8_SLICEL_S[0]_CO[7])
                                                      0.190     4.164 r  u_tpu_top/u_datapath/u_vector_processing_unit/u_post_process/GEN_BIAS_REQUANT.u_bias_requantize/(null)[0].shifted_value0__1_i_1/CO[7]
                         net (fo=1, routed)           0.026     4.190    u_tpu_top/u_datapath/u_vector_processing_unit/u_post_process/GEN_BIAS_REQUANT.u_bias_requantize/(null)[0].shifted_value0__1_i_1_n_0
    SLICE_X59Y162        CARRY8 (Prop_CARRY8_SLICEL_CI_CO[7])
                                                      0.015     4.205 r  u_tpu_top/u_datapath/u_vector_processing_unit/u_post_process/GEN_BIAS_REQUANT.u_bias_requantize/(null)[0].shifted_value0_i_3/CO[7]
                         net (fo=1, routed)           0.026     4.231    u_tpu_top/u_datapath/u_vector_processing_unit/u_post_process/GEN_BIAS_REQUANT.u_bias_requantize/(null)[0].shifted_value0_i_3_n_0
    SLICE_X59Y163        CARRY8 (Prop_CARRY8_SLICEL_CI_CO[7])
                                                      0.015     4.246 r  u_tpu_top/u_datapath/u_vector_processing_unit/u_post_process/GEN_BIAS_REQUANT.u_bias_requantize/(null)[0].shifted_value0_i_2/CO[7]
                         net (fo=1, routed)           0.026     4.272    u_tpu_top/u_datapath/u_vector_processing_unit/u_post_process/GEN_BIAS_REQUANT.u_bias_requantize/(null)[0].shifted_value0_i_2_n_0
    SLICE_X59Y164        CARRY8 (Prop_CARRY8_SLICEL_CI_O[0])
                                                      0.056     4.328 f  u_tpu_top/u_datapath/u_vector_processing_unit/u_post_process/GEN_BIAS_REQUANT.u_bias_requantize/(null)[0].shifted_value0_i_1/O[0]
                         net (fo=18, routed)          0.521     4.849    u_tpu_top/u_datapath/u_vector_processing_unit/u_post_process/GEN_BIAS_REQUANT.u_bias_requantize/(null)[0].shifted_value0/B[16]
    DSP48E2_X6Y66        DSP_A_B_DATA (Prop_DSP_A_B_DATA_DSP48E2_B[16]_B2_DATA[16])
                                                      0.151     5.000 r  u_tpu_top/u_datapath/u_vector_processing_unit/u_post_process/GEN_BIAS_REQUANT.u_bias_requantize/(null)[0].shifted_value0/DSP_A_B_DATA_INST/B2_DATA[16]
                         net (fo=1, routed)           0.000     5.000    u_tpu_top/u_datapath/u_vector_processing_unit/u_post_process/GEN_BIAS_REQUANT.u_bias_requantize/(null)[0].shifted_value0/DSP_A_B_DATA.B2_DATA<16>
    DSP48E2_X6Y66        DSP_PREADD_DATA (Prop_DSP_PREADD_DATA_DSP48E2_B2_DATA[16]_B2B1[16])
                                                      0.073     5.073 r  u_tpu_top/u_datapath/u_vector_processing_unit/u_post_process/GEN_BIAS_REQUANT.u_bias_requantize/(null)[0].shifted_value0/DSP_PREADD_DATA_INST/B2B1[16]
                         net (fo=1, routed)           0.000     5.073    u_tpu_top/u_datapath/u_vector_processing_unit/u_post_process/GEN_BIAS_REQUANT.u_bias_requantize/(null)[0].shifted_value0/DSP_PREADD_DATA.B2B1<16>
    DSP48E2_X6Y66        DSP_MULTIPLIER (Prop_DSP_MULTIPLIER_DSP48E2_B2B1[16]_V[43])
                                                      0.609     5.682 f  u_tpu_top/u_datapath/u_vector_processing_unit/u_post_process/GEN_BIAS_REQUANT.u_bias_requantize/(null)[0].shifted_value0/DSP_MULTIPLIER_INST/V[43]
                         net (fo=1, routed)           0.000     5.682    u_tpu_top/u_datapath/u_vector_processing_unit/u_post_process/GEN_BIAS_REQUANT.u_bias_requantize/(null)[0].shifted_value0/DSP_MULTIPLIER.V<43>
    DSP48E2_X6Y66        DSP_M_DATA (Prop_DSP_M_DATA_DSP48E2_V[43]_V_DATA[43])
                                                      0.046     5.728 r  u_tpu_top/u_datapath/u_vector_processing_unit/u_post_process/GEN_BIAS_REQUANT.u_bias_requantize/(null)[0].shifted_value0/DSP_M_DATA_INST/V_DATA[43]
                         net (fo=1, routed)           0.000     5.728    u_tpu_top/u_datapath/u_vector_processing_unit/u_post_process/GEN_BIAS_REQUANT.u_bias_requantize/(null)[0].shifted_value0/DSP_M_DATA.V_DATA<43>
    DSP48E2_X6Y66        DSP_ALU (Prop_DSP_ALU_DSP48E2_V_DATA[43]_ALU_OUT[47])
                                                      0.571     6.299 f  u_tpu_top/u_datapath/u_vector_processing_unit/u_post_process/GEN_BIAS_REQUANT.u_bias_requantize/(null)[0].shifted_value0/DSP_ALU_INST/ALU_OUT[47]
                         net (fo=1, routed)           0.000     6.299    u_tpu_top/u_datapath/u_vector_processing_unit/u_post_process/GEN_BIAS_REQUANT.u_bias_requantize/(null)[0].shifted_value0/DSP_ALU.ALU_OUT<47>
    DSP48E2_X6Y66        DSP_OUTPUT (Prop_DSP_OUTPUT_DSP48E2_ALU_OUT[47]_PCOUT[47])
                                                      0.122     6.421 r  u_tpu_top/u_datapath/u_vector_processing_unit/u_post_process/GEN_BIAS_REQUANT.u_bias_requantize/(null)[0].shifted_value0/DSP_OUTPUT_INST/PCOUT[47]
                         net (fo=1, routed)           0.014     6.435    u_tpu_top/u_datapath/u_vector_processing_unit/u_post_process/GEN_BIAS_REQUANT.u_bias_requantize/(null)[0].shifted_value0__0/PCIN[47]
    DSP48E2_X6Y67        DSP_ALU (Prop_DSP_ALU_DSP48E2_PCIN[47]_ALU_OUT[1])
                                                      0.546     6.981 f  u_tpu_top/u_datapath/u_vector_processing_unit/u_post_process/GEN_BIAS_REQUANT.u_bias_requantize/(null)[0].shifted_value0__0/DSP_ALU_INST/ALU_OUT[1]
                         net (fo=1, routed)           0.000     6.981    u_tpu_top/u_datapath/u_vector_processing_unit/u_post_process/GEN_BIAS_REQUANT.u_bias_requantize/(null)[0].shifted_value0__0/DSP_ALU.ALU_OUT<1>
    DSP48E2_X6Y67        DSP_OUTPUT (Prop_DSP_OUTPUT_DSP48E2_ALU_OUT[1]_P[1])
                                                      0.109     7.090 r  u_tpu_top/u_datapath/u_vector_processing_unit/u_post_process/GEN_BIAS_REQUANT.u_bias_requantize/(null)[0].shifted_value0__0/DSP_OUTPUT_INST/P[1]
                         net (fo=1, routed)           0.377     7.467    u_tpu_top/u_datapath/u_vector_processing_unit/u_post_process/GEN_BIAS_REQUANT.u_bias_requantize/(null)[0].shifted_value0__0_n_104
    SLICE_X63Y162        LUT2 (Prop_D6LUT_SLICEM_I1_O)
                                                      0.037     7.504 r  u_tpu_top/u_datapath/u_vector_processing_unit/u_post_process/GEN_BIAS_REQUANT.u_bias_requantize/data_flatten_o[18]_i_38/O
                         net (fo=1, routed)           0.025     7.529    u_tpu_top/u_datapath/u_vector_processing_unit/u_post_process/GEN_BIAS_REQUANT.u_bias_requantize/data_flatten_o[18]_i_38_n_0
    SLICE_X63Y162        CARRY8 (Prop_CARRY8_SLICEM_S[3]_CO[7])
                                                      0.163     7.692 r  u_tpu_top/u_datapath/u_vector_processing_unit/u_post_process/GEN_BIAS_REQUANT.u_bias_requantize/data_flatten_o_reg[18]_i_24/CO[7]
                         net (fo=1, routed)           0.026     7.718    u_tpu_top/u_datapath/u_vector_processing_unit/u_post_process/GEN_BIAS_REQUANT.u_bias_requantize/data_flatten_o_reg[18]_i_24_n_0
    SLICE_X63Y163        CARRY8 (Prop_CARRY8_SLICEM_CI_CO[7])
                                                      0.015     7.733 r  u_tpu_top/u_datapath/u_vector_processing_unit/u_post_process/GEN_BIAS_REQUANT.u_bias_requantize/data_flatten_o_reg[18]_i_7/CO[7]
                         net (fo=1, routed)           0.026     7.759    u_tpu_top/u_datapath/u_vector_processing_unit/u_post_process/GEN_BIAS_REQUANT.u_bias_requantize/data_flatten_o_reg[18]_i_7_n_0
    SLICE_X63Y164        CARRY8 (Prop_CARRY8_SLICEM_CI_CO[7])
                                                      0.015     7.774 r  u_tpu_top/u_datapath/u_vector_processing_unit/u_post_process/GEN_BIAS_REQUANT.u_bias_requantize/data_flatten_o_reg[18]_i_33/CO[7]
                         net (fo=1, routed)           0.026     7.800    u_tpu_top/u_datapath/u_vector_processing_unit/u_post_process/GEN_BIAS_REQUANT.u_bias_requantize/data_flatten_o_reg[18]_i_33_n_0
    SLICE_X63Y165        CARRY8 (Prop_CARRY8_SLICEM_CI_CO[7])
                                                      0.015     7.815 r  u_tpu_top/u_datapath/u_vector_processing_unit/u_post_process/GEN_BIAS_REQUANT.u_bias_requantize/data_flatten_o_reg[31]_i_73/CO[7]
                         net (fo=1, routed)           0.026     7.841    u_tpu_top/u_datapath/u_vector_processing_unit/u_post_process/GEN_BIAS_REQUANT.u_bias_requantize/data_flatten_o_reg[31]_i_73_n_0
    SLICE_X63Y166        CARRY8 (Prop_CARRY8_SLICEM_CI_O[0])
                                                      0.056     7.897 r  u_tpu_top/u_datapath/u_vector_processing_unit/u_post_process/GEN_BIAS_REQUANT.u_bias_requantize/data_flatten_o_reg[18]_i_6/O[0]
                         net (fo=125, routed)         0.540     8.437    u_tpu_top/u_datapath/u_vector_processing_unit/u_post_process/GEN_BIAS_REQUANT.u_bias_requantize/data_flatten_o_reg[18]_i_6_n_15
    SLICE_X64Y154        LUT2 (Prop_B6LUT_SLICEM_I0_O)
                                                      0.037     8.474 r  u_tpu_top/u_datapath/u_vector_processing_unit/u_post_process/GEN_BIAS_REQUANT.u_bias_requantize/data_flatten_o[6]_i_27/O
                         net (fo=1, routed)           0.016     8.490    u_tpu_top/u_datapath/u_vector_processing_unit/u_post_process/GEN_BIAS_REQUANT.u_bias_requantize/data_flatten_o[6]_i_27_n_0
    SLICE_X64Y154        CARRY8 (Prop_CARRY8_SLICEM_S[1]_CO[7])
                                                      0.190     8.680 r  u_tpu_top/u_datapath/u_vector_processing_unit/u_post_process/GEN_BIAS_REQUANT.u_bias_requantize/data_flatten_o_reg[6]_i_12/CO[7]
                         net (fo=1, routed)           0.026     8.706    u_tpu_top/u_datapath/u_vector_processing_unit/u_post_process/GEN_BIAS_REQUANT.u_bias_requantize/data_flatten_o_reg[6]_i_12_n_0
    SLICE_X64Y155        CARRY8 (Prop_CARRY8_SLICEM_CI_CO[7])
                                                      0.015     8.721 r  u_tpu_top/u_datapath/u_vector_processing_unit/u_post_process/GEN_BIAS_REQUANT.u_bias_requantize/data_flatten_o_reg[6]_i_3/CO[7]
                         net (fo=1, routed)           0.026     8.747    u_tpu_top/u_datapath/u_vector_processing_unit/u_post_process/GEN_BIAS_REQUANT.u_bias_requantize/data_flatten_o_reg[6]_i_3_n_0
    SLICE_X64Y156        CARRY8 (Prop_CARRY8_SLICEM_CI_CO[7])
                                                      0.015     8.762 r  u_tpu_top/u_datapath/u_vector_processing_unit/u_post_process/GEN_BIAS_REQUANT.u_bias_requantize/data_flatten_o_reg[6]_i_2/CO[7]
                         net (fo=1, routed)           0.026     8.788    u_tpu_top/u_datapath/u_vector_processing_unit/u_post_process/GEN_BIAS_REQUANT.u_bias_requantize/data_flatten_o_reg[6]_i_2_n_0
    SLICE_X64Y157        CARRY8 (Prop_CARRY8_SLICEM_CI_CO[7])
                                                      0.015     8.803 r  u_tpu_top/u_datapath/u_vector_processing_unit/u_post_process/GEN_BIAS_REQUANT.u_bias_requantize/data_flatten_o_reg[14]_i_2/CO[7]
                         net (fo=1, routed)           0.026     8.829    u_tpu_top/u_datapath/u_vector_processing_unit/u_post_process/GEN_BIAS_REQUANT.u_bias_requantize/data_flatten_o_reg[14]_i_2_n_0
    SLICE_X64Y158        CARRY8 (Prop_CARRY8_SLICEM_CI_CO[7])
                                                      0.015     8.844 r  u_tpu_top/u_datapath/u_vector_processing_unit/u_post_process/GEN_BIAS_REQUANT.u_bias_requantize/data_flatten_o_reg[18]_i_4/CO[7]
                         net (fo=1, routed)           0.026     8.870    u_tpu_top/u_datapath/u_vector_processing_unit/u_post_process/GEN_BIAS_REQUANT.u_bias_requantize/data_flatten_o_reg[18]_i_4_n_0
    SLICE_X64Y159        CARRY8 (Prop_CARRY8_SLICEM_CI_CO[7])
                                                      0.015     8.885 r  u_tpu_top/u_datapath/u_vector_processing_unit/u_post_process/GEN_BIAS_REQUANT.u_bias_requantize/data_flatten_o_reg[30]_i_3/CO[7]
                         net (fo=1, routed)           0.026     8.911    u_tpu_top/u_datapath/u_vector_processing_unit/u_post_process/GEN_BIAS_REQUANT.u_bias_requantize/data_flatten_o_reg[30]_i_3_n_0
    SLICE_X64Y160        CARRY8 (Prop_CARRY8_SLICEM_CI_O[1])
                                                      0.076     8.987 f  u_tpu_top/u_datapath/u_vector_processing_unit/u_post_process/GEN_BIAS_REQUANT.u_bias_requantize/data_flatten_o_reg[31]_i_18/O[1]
                         net (fo=7, routed)           0.603     9.589    u_tpu_top/u_datapath/u_vector_processing_unit/u_post_process/GEN_BIAS_REQUANT.u_bias_requantize/data_flatten_o_reg[31]_i_18_n_14
    SLICE_X59Y156        LUT3 (Prop_H6LUT_SLICEL_I1_O)
                                                      0.051     9.640 r  u_tpu_top/u_datapath/u_vector_processing_unit/u_post_process/GEN_BIAS_REQUANT.u_bias_requantize/data_flatten_o[31]_i_244/O
                         net (fo=1, routed)           0.178     9.818    u_tpu_top/u_datapath/u_vector_processing_unit/u_post_process/GEN_BIAS_REQUANT.u_bias_requantize/data_flatten_o[31]_i_244_n_0
    SLICE_X60Y156        CARRY8 (Prop_CARRY8_SLICEL_CI_CO[7])
                                                      0.151     9.969 r  u_tpu_top/u_datapath/u_vector_processing_unit/u_post_process/GEN_BIAS_REQUANT.u_bias_requantize/data_flatten_o_reg[31]_i_162/CO[7]
                         net (fo=1, routed)           0.026     9.995    u_tpu_top/u_datapath/u_vector_processing_unit/u_post_process/GEN_BIAS_REQUANT.u_bias_requantize/data_flatten_o_reg[31]_i_162_n_0
    SLICE_X60Y157        CARRY8 (Prop_CARRY8_SLICEL_CI_CO[7])
                                                      0.015    10.010 r  u_tpu_top/u_datapath/u_vector_processing_unit/u_post_process/GEN_BIAS_REQUANT.u_bias_requantize/data_flatten_o_reg[31]_i_161/CO[7]
                         net (fo=1, routed)           0.026    10.036    u_tpu_top/u_datapath/u_vector_processing_unit/u_post_process/GEN_BIAS_REQUANT.u_bias_requantize/data_flatten_o_reg[31]_i_161_n_0
    SLICE_X60Y158        CARRY8 (Prop_CARRY8_SLICEL_CI_CO[7])
                                                      0.015    10.051 r  u_tpu_top/u_datapath/u_vector_processing_unit/u_post_process/GEN_BIAS_REQUANT.u_bias_requantize/data_flatten_o_reg[31]_i_118/CO[7]
                         net (fo=1, routed)           0.026    10.077    u_tpu_top/u_datapath/u_vector_processing_unit/u_post_process/GEN_BIAS_REQUANT.u_bias_requantize/data_flatten_o_reg[31]_i_118_n_0
    SLICE_X60Y159        CARRY8 (Prop_CARRY8_SLICEL_CI_O[4])
                                                      0.086    10.163 f  u_tpu_top/u_datapath/u_vector_processing_unit/u_post_process/GEN_BIAS_REQUANT.u_bias_requantize/data_flatten_o_reg[31]_i_117/O[4]
                         net (fo=4, routed)           0.300    10.463    u_tpu_top/u_datapath/u_vector_processing_unit/u_post_process/GEN_BIAS_REQUANT.u_bias_requantize/data_flatten_o_reg[31]_i_117_n_11
    SLICE_X61Y158        LUT2 (Prop_D6LUT_SLICEM_I0_O)
                                                      0.122    10.585 r  u_tpu_top/u_datapath/u_vector_processing_unit/u_post_process/GEN_BIAS_REQUANT.u_bias_requantize/data_flatten_o[31]_i_53/O
                         net (fo=1, routed)           0.025    10.610    u_tpu_top/u_datapath/u_vector_processing_unit/u_post_process/GEN_BIAS_REQUANT.u_bias_requantize/data_flatten_o[31]_i_53_n_0
    SLICE_X61Y158        CARRY8 (Prop_CARRY8_SLICEM_S[3]_CO[5])
                                                      0.146    10.756 f  u_tpu_top/u_datapath/u_vector_processing_unit/u_post_process/GEN_BIAS_REQUANT.u_bias_requantize/data_flatten_o_reg[31]_i_6/CO[5]
                         net (fo=15, routed)          0.432    11.188    u_tpu_top/u_datapath/u_vector_processing_unit/u_post_process/GEN_BIAS_REQUANT.u_bias_requantize/data_flatten_o_reg[31]_i_6_n_2
    SLICE_X62Y160        LUT3 (Prop_D6LUT_SLICEL_I0_O)
                                                      0.089    11.277 r  u_tpu_top/u_datapath/u_vector_processing_unit/u_post_process/GEN_BIAS_REQUANT.u_bias_requantize/data_flatten_o[18]_i_2/O
                         net (fo=18, routed)          0.232    11.510    u_tpu_top/u_datapath/u_vector_processing_unit/u_post_process/GEN_BIAS_REQUANT.u_bias_requantize/data_flatten_o[18]_i_2_n_0
    SLICE_X63Y154        LUT5 (Prop_D6LUT_SLICEM_I0_O)
                                                      0.088    11.598 r  u_tpu_top/u_datapath/u_vector_processing_unit/u_post_process/GEN_BIAS_REQUANT.u_bias_requantize/data_flatten_o[10]_i_1/O
                         net (fo=1, routed)           0.072    11.670    u_tpu_top/u_datapath/u_vector_processing_unit/u_post_process/GEN_BIAS_REQUANT.u_bias_requantize/p_4_out[10]
    SLICE_X63Y154        FDCE                                         r  u_tpu_top/u_datapath/u_vector_processing_unit/u_post_process/GEN_BIAS_REQUANT.u_bias_requantize/data_flatten_o_reg[10]/D
  -------------------------------------------------------------------    -------------------

                         (clock s_axi_aclk rise edge)
                                                     10.000    10.000 r  
    M10                                               0.000    10.000 r  s_axi_aclk (IN)
                         net (fo=0)                   0.000    10.000    s_axi_aclk_IBUF_inst/I
    M10                  INBUF (Prop_INBUF_HDIOB_M_PAD_O)
                                                      0.479    10.479 r  s_axi_aclk_IBUF_inst/INBUF_INST/O
                         net (fo=1, routed)           0.000    10.479    s_axi_aclk_IBUF_inst/OUT
    M10                  IBUFCTRL (Prop_IBUFCTRL_HDIOB_M_I_O)
                                                      0.000    10.479 r  s_axi_aclk_IBUF_inst/IBUFCTRL_INST/O
                         net (fo=1, routed)           0.169    10.648    s_axi_aclk_IBUF
    BUFGCE_HDIO_X2Y0     BUFGCE (Prop_BUFCE_BUFGCE_HDIO_I_O)
                                                      0.024    10.672 r  s_axi_aclk_IBUF_BUFG_inst/O
    X1Y3 (CLOCK_ROOT)    net (fo=3130, routed)        1.906    12.578    u_tpu_top/u_datapath/u_vector_processing_unit/u_post_process/GEN_BIAS_REQUANT.u_bias_requantize/s_axi_aclk_IBUF_BUFG
    SLICE_X63Y154        FDCE                                         r  u_tpu_top/u_datapath/u_vector_processing_unit/u_post_process/GEN_BIAS_REQUANT.u_bias_requantize/data_flatten_o_reg[10]/C
                         clock pessimism              0.703    13.281    
                         clock uncertainty           -0.135    13.146    
    SLICE_X63Y154        FDCE (Setup_DFF_SLICEM_C_D)
                                                      0.025    13.171    u_tpu_top/u_datapath/u_vector_processing_unit/u_post_process/GEN_BIAS_REQUANT.u_bias_requantize/data_flatten_o_reg[10]
  -------------------------------------------------------------------
                         required time                         13.171    
                         arrival time                         -11.670    
  -------------------------------------------------------------------
                         slack                                  1.501    

Slack (MET) :             1.533ns  (required time - arrival time)
  Source:                 u_tpu_top/u_datapath/u_accumulator_array/read_data_flatten_o_reg[8]/C
                            (rising edge-triggered cell FDCE clocked by s_axi_aclk  {rise@0.000ns fall@5.000ns period=10.000ns})
  Destination:            u_tpu_top/u_datapath/u_vector_processing_unit/u_post_process/GEN_BIAS_REQUANT.u_bias_requantize/data_flatten_o_reg[30]/D
                            (rising edge-triggered cell FDCE clocked by s_axi_aclk  {rise@0.000ns fall@5.000ns period=10.000ns})
  Path Group:             s_axi_aclk
  Path Type:              Setup (Max at Slow Process Corner)
  Requirement:            10.000ns  (s_axi_aclk rise@10.000ns - s_axi_aclk rise@0.000ns)
  Data Path Delay:        8.274ns  (logic 4.067ns (49.153%)  route 4.207ns (50.847%))
  Logic Levels:           35  (CARRY8=21 DSP_A_B_DATA=1 DSP_ALU=2 DSP_M_DATA=1 DSP_MULTIPLIER=1 DSP_OUTPUT=2 DSP_PREADD_DATA=1 LUT2=4 LUT3=1 LUT5=1)
  Clock Path Skew:        -0.083ns (DCD - SCD + CPR)
    Destination Clock Delay (DCD):    2.586ns = ( 12.586 - 10.000 ) 
    Source Clock Delay      (SCD):    3.372ns
    Clock Pessimism Removal (CPR):    0.703ns
  Clock Uncertainty:      0.135ns  ((TSJ^2 + TIJ^2)^1/2 + DJ) / 2 + PE + UU
    Total System Jitter     (TSJ):    0.071ns
    Total Input Jitter      (TIJ):    0.000ns
    Discrete Jitter          (DJ):    0.000ns
    Phase Error              (PE):    0.000ns
    User Uncertainty         (UU):    0.100ns
  Clock Net Delay (Source):      2.154ns (routing 1.134ns, distribution 1.020ns)
  Clock Net Delay (Destination): 1.914ns (routing 1.032ns, distribution 0.882ns)

    Location             Delay type                Incr(ns)  Path(ns)    Netlist Resource(s)
  -------------------------------------------------------------------    -------------------
                         (clock s_axi_aclk rise edge)
                                                      0.000     0.000 r  
    M10                                               0.000     0.000 r  s_axi_aclk (IN)
                         net (fo=0)                   0.000     0.000    s_axi_aclk_IBUF_inst/I
    M10                  INBUF (Prop_INBUF_HDIOB_M_PAD_O)
                                                      0.986     0.986 r  s_axi_aclk_IBUF_inst/INBUF_INST/O
                         net (fo=1, routed)           0.000     0.986    s_axi_aclk_IBUF_inst/OUT
    M10                  IBUFCTRL (Prop_IBUFCTRL_HDIOB_M_I_O)
                                                      0.000     0.986 r  s_axi_aclk_IBUF_inst/IBUFCTRL_INST/O
                         net (fo=1, routed)           0.204     1.190    s_axi_aclk_IBUF
    BUFGCE_HDIO_X2Y0     BUFGCE (Prop_BUFCE_BUFGCE_HDIO_I_O)
                                                      0.028     1.218 r  s_axi_aclk_IBUF_BUFG_inst/O
    X1Y3 (CLOCK_ROOT)    net (fo=3130, routed)        2.154     3.372    u_tpu_top/u_datapath/u_accumulator_array/s_axi_aclk_IBUF_BUFG
    SLICE_X52Y153        FDCE                                         r  u_tpu_top/u_datapath/u_accumulator_array/read_data_flatten_o_reg[8]/C
  -------------------------------------------------------------------    -------------------
    SLICE_X52Y153        FDCE (Prop_HFF_SLICEL_C_Q)
                                                      0.079     3.451 r  u_tpu_top/u_datapath/u_accumulator_array/read_data_flatten_o_reg[8]/Q
                         net (fo=2, routed)           0.389     3.841    u_tpu_top/u_datapath/u_vector_processing_unit/u_post_process/GEN_BIAS_REQUANT.u_bias_requantize/(null)[0].shifted_value0__3_i_2_0[8]
    SLICE_X59Y161        LUT2 (Prop_A6LUT_SLICEL_I0_O)
                                                      0.124     3.965 r  u_tpu_top/u_datapath/u_vector_processing_unit/u_post_process/GEN_BIAS_REQUANT.u_bias_requantize/(null)[0].shifted_value0__1_i_10/O
                         net (fo=1, routed)           0.009     3.974    u_tpu_top/u_datapath/u_vector_processing_unit/u_post_process/GEN_BIAS_REQUANT.u_bias_requantize/(null)[0].shifted_value0__1_i_10_n_0
    SLICE_X59Y161        CARRY8 (Prop_CARRY8_SLICEL_S[0]_CO[7])
                                                      0.190     4.164 r  u_tpu_top/u_datapath/u_vector_processing_unit/u_post_process/GEN_BIAS_REQUANT.u_bias_requantize/(null)[0].shifted_value0__1_i_1/CO[7]
                         net (fo=1, routed)           0.026     4.190    u_tpu_top/u_datapath/u_vector_processing_unit/u_post_process/GEN_BIAS_REQUANT.u_bias_requantize/(null)[0].shifted_value0__1_i_1_n_0
    SLICE_X59Y162        CARRY8 (Prop_CARRY8_SLICEL_CI_CO[7])
                                                      0.015     4.205 r  u_tpu_top/u_datapath/u_vector_processing_unit/u_post_process/GEN_BIAS_REQUANT.u_bias_requantize/(null)[0].shifted_value0_i_3/CO[7]
                         net (fo=1, routed)           0.026     4.231    u_tpu_top/u_datapath/u_vector_processing_unit/u_post_process/GEN_BIAS_REQUANT.u_bias_requantize/(null)[0].shifted_value0_i_3_n_0
    SLICE_X59Y163        CARRY8 (Prop_CARRY8_SLICEL_CI_CO[7])
                                                      0.015     4.246 r  u_tpu_top/u_datapath/u_vector_processing_unit/u_post_process/GEN_BIAS_REQUANT.u_bias_requantize/(null)[0].shifted_value0_i_2/CO[7]
                         net (fo=1, routed)           0.026     4.272    u_tpu_top/u_datapath/u_vector_processing_unit/u_post_process/GEN_BIAS_REQUANT.u_bias_requantize/(null)[0].shifted_value0_i_2_n_0
    SLICE_X59Y164        CARRY8 (Prop_CARRY8_SLICEL_CI_O[0])
                                                      0.056     4.328 f  u_tpu_top/u_datapath/u_vector_processing_unit/u_post_process/GEN_BIAS_REQUANT.u_bias_requantize/(null)[0].shifted_value0_i_1/O[0]
                         net (fo=18, routed)          0.521     4.849    u_tpu_top/u_datapath/u_vector_processing_unit/u_post_process/GEN_BIAS_REQUANT.u_bias_requantize/(null)[0].shifted_value0/B[16]
    DSP48E2_X6Y66        DSP_A_B_DATA (Prop_DSP_A_B_DATA_DSP48E2_B[16]_B2_DATA[16])
                                                      0.151     5.000 r  u_tpu_top/u_datapath/u_vector_processing_unit/u_post_process/GEN_BIAS_REQUANT.u_bias_requantize/(null)[0].shifted_value0/DSP_A_B_DATA_INST/B2_DATA[16]
                         net (fo=1, routed)           0.000     5.000    u_tpu_top/u_datapath/u_vector_processing_unit/u_post_process/GEN_BIAS_REQUANT.u_bias_requantize/(null)[0].shifted_value0/DSP_A_B_DATA.B2_DATA<16>
    DSP48E2_X6Y66        DSP_PREADD_DATA (Prop_DSP_PREADD_DATA_DSP48E2_B2_DATA[16]_B2B1[16])
                                                      0.073     5.073 r  u_tpu_top/u_datapath/u_vector_processing_unit/u_post_process/GEN_BIAS_REQUANT.u_bias_requantize/(null)[0].shifted_value0/DSP_PREADD_DATA_INST/B2B1[16]
                         net (fo=1, routed)           0.000     5.073    u_tpu_top/u_datapath/u_vector_processing_unit/u_post_process/GEN_BIAS_REQUANT.u_bias_requantize/(null)[0].shifted_value0/DSP_PREADD_DATA.B2B1<16>
    DSP48E2_X6Y66        DSP_MULTIPLIER (Prop_DSP_MULTIPLIER_DSP48E2_B2B1[16]_V[43])
                                                      0.609     5.682 f  u_tpu_top/u_datapath/u_vector_processing_unit/u_post_process/GEN_BIAS_REQUANT.u_bias_requantize/(null)[0].shifted_value0/DSP_MULTIPLIER_INST/V[43]
                         net (fo=1, routed)           0.000     5.682    u_tpu_top/u_datapath/u_vector_processing_unit/u_post_process/GEN_BIAS_REQUANT.u_bias_requantize/(null)[0].shifted_value0/DSP_MULTIPLIER.V<43>
    DSP48E2_X6Y66        DSP_M_DATA (Prop_DSP_M_DATA_DSP48E2_V[43]_V_DATA[43])
                                                      0.046     5.728 r  u_tpu_top/u_datapath/u_vector_processing_unit/u_post_process/GEN_BIAS_REQUANT.u_bias_requantize/(null)[0].shifted_value0/DSP_M_DATA_INST/V_DATA[43]
                         net (fo=1, routed)           0.000     5.728    u_tpu_top/u_datapath/u_vector_processing_unit/u_post_process/GEN_BIAS_REQUANT.u_bias_requantize/(null)[0].shifted_value0/DSP_M_DATA.V_DATA<43>
    DSP48E2_X6Y66        DSP_ALU (Prop_DSP_ALU_DSP48E2_V_DATA[43]_ALU_OUT[47])
                                                      0.571     6.299 f  u_tpu_top/u_datapath/u_vector_processing_unit/u_post_process/GEN_BIAS_REQUANT.u_bias_requantize/(null)[0].shifted_value0/DSP_ALU_INST/ALU_OUT[47]
                         net (fo=1, routed)           0.000     6.299    u_tpu_top/u_datapath/u_vector_processing_unit/u_post_process/GEN_BIAS_REQUANT.u_bias_requantize/(null)[0].shifted_value0/DSP_ALU.ALU_OUT<47>
    DSP48E2_X6Y66        DSP_OUTPUT (Prop_DSP_OUTPUT_DSP48E2_ALU_OUT[47]_PCOUT[47])
                                                      0.122     6.421 r  u_tpu_top/u_datapath/u_vector_processing_unit/u_post_process/GEN_BIAS_REQUANT.u_bias_requantize/(null)[0].shifted_value0/DSP_OUTPUT_INST/PCOUT[47]
                         net (fo=1, routed)           0.014     6.435    u_tpu_top/u_datapath/u_vector_processing_unit/u_post_process/GEN_BIAS_REQUANT.u_bias_requantize/(null)[0].shifted_value0__0/PCIN[47]
    DSP48E2_X6Y67        DSP_ALU (Prop_DSP_ALU_DSP48E2_PCIN[47]_ALU_OUT[1])
                                                      0.546     6.981 f  u_tpu_top/u_datapath/u_vector_processing_unit/u_post_process/GEN_BIAS_REQUANT.u_bias_requantize/(null)[0].shifted_value0__0/DSP_ALU_INST/ALU_OUT[1]
                         net (fo=1, routed)           0.000     6.981    u_tpu_top/u_datapath/u_vector_processing_unit/u_post_process/GEN_BIAS_REQUANT.u_bias_requantize/(null)[0].shifted_value0__0/DSP_ALU.ALU_OUT<1>
    DSP48E2_X6Y67        DSP_OUTPUT (Prop_DSP_OUTPUT_DSP48E2_ALU_OUT[1]_P[1])
                                                      0.109     7.090 r  u_tpu_top/u_datapath/u_vector_processing_unit/u_post_process/GEN_BIAS_REQUANT.u_bias_requantize/(null)[0].shifted_value0__0/DSP_OUTPUT_INST/P[1]
                         net (fo=1, routed)           0.377     7.467    u_tpu_top/u_datapath/u_vector_processing_unit/u_post_process/GEN_BIAS_REQUANT.u_bias_requantize/(null)[0].shifted_value0__0_n_104
    SLICE_X63Y162        LUT2 (Prop_D6LUT_SLICEM_I1_O)
                                                      0.037     7.504 r  u_tpu_top/u_datapath/u_vector_processing_unit/u_post_process/GEN_BIAS_REQUANT.u_bias_requantize/data_flatten_o[18]_i_38/O
                         net (fo=1, routed)           0.025     7.529    u_tpu_top/u_datapath/u_vector_processing_unit/u_post_process/GEN_BIAS_REQUANT.u_bias_requantize/data_flatten_o[18]_i_38_n_0
    SLICE_X63Y162        CARRY8 (Prop_CARRY8_SLICEM_S[3]_CO[7])
                                                      0.163     7.692 r  u_tpu_top/u_datapath/u_vector_processing_unit/u_post_process/GEN_BIAS_REQUANT.u_bias_requantize/data_flatten_o_reg[18]_i_24/CO[7]
                         net (fo=1, routed)           0.026     7.718    u_tpu_top/u_datapath/u_vector_processing_unit/u_post_process/GEN_BIAS_REQUANT.u_bias_requantize/data_flatten_o_reg[18]_i_24_n_0
    SLICE_X63Y163        CARRY8 (Prop_CARRY8_SLICEM_CI_CO[7])
                                                      0.015     7.733 r  u_tpu_top/u_datapath/u_vector_processing_unit/u_post_process/GEN_BIAS_REQUANT.u_bias_requantize/data_flatten_o_reg[18]_i_7/CO[7]
                         net (fo=1, routed)           0.026     7.759    u_tpu_top/u_datapath/u_vector_processing_unit/u_post_process/GEN_BIAS_REQUANT.u_bias_requantize/data_flatten_o_reg[18]_i_7_n_0
    SLICE_X63Y164        CARRY8 (Prop_CARRY8_SLICEM_CI_CO[7])
                                                      0.015     7.774 r  u_tpu_top/u_datapath/u_vector_processing_unit/u_post_process/GEN_BIAS_REQUANT.u_bias_requantize/data_flatten_o_reg[18]_i_33/CO[7]
                         net (fo=1, routed)           0.026     7.800    u_tpu_top/u_datapath/u_vector_processing_unit/u_post_process/GEN_BIAS_REQUANT.u_bias_requantize/data_flatten_o_reg[18]_i_33_n_0
    SLICE_X63Y165        CARRY8 (Prop_CARRY8_SLICEM_CI_CO[7])
                                                      0.015     7.815 r  u_tpu_top/u_datapath/u_vector_processing_unit/u_post_process/GEN_BIAS_REQUANT.u_bias_requantize/data_flatten_o_reg[31]_i_73/CO[7]
                         net (fo=1, routed)           0.026     7.841    u_tpu_top/u_datapath/u_vector_processing_unit/u_post_process/GEN_BIAS_REQUANT.u_bias_requantize/data_flatten_o_reg[31]_i_73_n_0
    SLICE_X63Y166        CARRY8 (Prop_CARRY8_SLICEM_CI_O[0])
                                                      0.056     7.897 r  u_tpu_top/u_datapath/u_vector_processing_unit/u_post_process/GEN_BIAS_REQUANT.u_bias_requantize/data_flatten_o_reg[18]_i_6/O[0]
                         net (fo=125, routed)         0.540     8.437    u_tpu_top/u_datapath/u_vector_processing_unit/u_post_process/GEN_BIAS_REQUANT.u_bias_requantize/data_flatten_o_reg[18]_i_6_n_15
    SLICE_X64Y154        LUT2 (Prop_B6LUT_SLICEM_I0_O)
                                                      0.037     8.474 r  u_tpu_top/u_datapath/u_vector_processing_unit/u_post_process/GEN_BIAS_REQUANT.u_bias_requantize/data_flatten_o[6]_i_27/O
                         net (fo=1, routed)           0.016     8.490    u_tpu_top/u_datapath/u_vector_processing_unit/u_post_process/GEN_BIAS_REQUANT.u_bias_requantize/data_flatten_o[6]_i_27_n_0
    SLICE_X64Y154        CARRY8 (Prop_CARRY8_SLICEM_S[1]_CO[7])
                                                      0.190     8.680 r  u_tpu_top/u_datapath/u_vector_processing_unit/u_post_process/GEN_BIAS_REQUANT.u_bias_requantize/data_flatten_o_reg[6]_i_12/CO[7]
                         net (fo=1, routed)           0.026     8.706    u_tpu_top/u_datapath/u_vector_processing_unit/u_post_process/GEN_BIAS_REQUANT.u_bias_requantize/data_flatten_o_reg[6]_i_12_n_0
    SLICE_X64Y155        CARRY8 (Prop_CARRY8_SLICEM_CI_CO[7])
                                                      0.015     8.721 r  u_tpu_top/u_datapath/u_vector_processing_unit/u_post_process/GEN_BIAS_REQUANT.u_bias_requantize/data_flatten_o_reg[6]_i_3/CO[7]
                         net (fo=1, routed)           0.026     8.747    u_tpu_top/u_datapath/u_vector_processing_unit/u_post_process/GEN_BIAS_REQUANT.u_bias_requantize/data_flatten_o_reg[6]_i_3_n_0
    SLICE_X64Y156        CARRY8 (Prop_CARRY8_SLICEM_CI_CO[7])
                                                      0.015     8.762 r  u_tpu_top/u_datapath/u_vector_processing_unit/u_post_process/GEN_BIAS_REQUANT.u_bias_requantize/data_flatten_o_reg[6]_i_2/CO[7]
                         net (fo=1, routed)           0.026     8.788    u_tpu_top/u_datapath/u_vector_processing_unit/u_post_process/GEN_BIAS_REQUANT.u_bias_requantize/data_flatten_o_reg[6]_i_2_n_0
    SLICE_X64Y157        CARRY8 (Prop_CARRY8_SLICEM_CI_CO[7])
                                                      0.015     8.803 r  u_tpu_top/u_datapath/u_vector_processing_unit/u_post_process/GEN_BIAS_REQUANT.u_bias_requantize/data_flatten_o_reg[14]_i_2/CO[7]
                         net (fo=1, routed)           0.026     8.829    u_tpu_top/u_datapath/u_vector_processing_unit/u_post_process/GEN_BIAS_REQUANT.u_bias_requantize/data_flatten_o_reg[14]_i_2_n_0
    SLICE_X64Y158        CARRY8 (Prop_CARRY8_SLICEM_CI_CO[7])
                                                      0.015     8.844 r  u_tpu_top/u_datapath/u_vector_processing_unit/u_post_process/GEN_BIAS_REQUANT.u_bias_requantize/data_flatten_o_reg[18]_i_4/CO[7]
                         net (fo=1, routed)           0.026     8.870    u_tpu_top/u_datapath/u_vector_processing_unit/u_post_process/GEN_BIAS_REQUANT.u_bias_requantize/data_flatten_o_reg[18]_i_4_n_0
    SLICE_X64Y159        CARRY8 (Prop_CARRY8_SLICEM_CI_CO[7])
                                                      0.015     8.885 r  u_tpu_top/u_datapath/u_vector_processing_unit/u_post_process/GEN_BIAS_REQUANT.u_bias_requantize/data_flatten_o_reg[30]_i_3/CO[7]
                         net (fo=1, routed)           0.026     8.911    u_tpu_top/u_datapath/u_vector_processing_unit/u_post_process/GEN_BIAS_REQUANT.u_bias_requantize/data_flatten_o_reg[30]_i_3_n_0
    SLICE_X64Y160        CARRY8 (Prop_CARRY8_SLICEM_CI_O[1])
                                                      0.076     8.987 f  u_tpu_top/u_datapath/u_vector_processing_unit/u_post_process/GEN_BIAS_REQUANT.u_bias_requantize/data_flatten_o_reg[31]_i_18/O[1]
                         net (fo=7, routed)           0.603     9.589    u_tpu_top/u_datapath/u_vector_processing_unit/u_post_process/GEN_BIAS_REQUANT.u_bias_requantize/data_flatten_o_reg[31]_i_18_n_14
    SLICE_X59Y156        LUT3 (Prop_H6LUT_SLICEL_I1_O)
                                                      0.051     9.640 r  u_tpu_top/u_datapath/u_vector_processing_unit/u_post_process/GEN_BIAS_REQUANT.u_bias_requantize/data_flatten_o[31]_i_244/O
                         net (fo=1, routed)           0.178     9.818    u_tpu_top/u_datapath/u_vector_processing_unit/u_post_process/GEN_BIAS_REQUANT.u_bias_requantize/data_flatten_o[31]_i_244_n_0
    SLICE_X60Y156        CARRY8 (Prop_CARRY8_SLICEL_CI_CO[7])
                                                      0.151     9.969 r  u_tpu_top/u_datapath/u_vector_processing_unit/u_post_process/GEN_BIAS_REQUANT.u_bias_requantize/data_flatten_o_reg[31]_i_162/CO[7]
                         net (fo=1, routed)           0.026     9.995    u_tpu_top/u_datapath/u_vector_processing_unit/u_post_process/GEN_BIAS_REQUANT.u_bias_requantize/data_flatten_o_reg[31]_i_162_n_0
    SLICE_X60Y157        CARRY8 (Prop_CARRY8_SLICEL_CI_CO[7])
                                                      0.015    10.010 r  u_tpu_top/u_datapath/u_vector_processing_unit/u_post_process/GEN_BIAS_REQUANT.u_bias_requantize/data_flatten_o_reg[31]_i_161/CO[7]
                         net (fo=1, routed)           0.026    10.036    u_tpu_top/u_datapath/u_vector_processing_unit/u_post_process/GEN_BIAS_REQUANT.u_bias_requantize/data_flatten_o_reg[31]_i_161_n_0
    SLICE_X60Y158        CARRY8 (Prop_CARRY8_SLICEL_CI_CO[7])
                                                      0.015    10.051 r  u_tpu_top/u_datapath/u_vector_processing_unit/u_post_process/GEN_BIAS_REQUANT.u_bias_requantize/data_flatten_o_reg[31]_i_118/CO[7]
                         net (fo=1, routed)           0.026    10.077    u_tpu_top/u_datapath/u_vector_processing_unit/u_post_process/GEN_BIAS_REQUANT.u_bias_requantize/data_flatten_o_reg[31]_i_118_n_0
    SLICE_X60Y159        CARRY8 (Prop_CARRY8_SLICEL_CI_O[4])
                                                      0.086    10.163 f  u_tpu_top/u_datapath/u_vector_processing_unit/u_post_process/GEN_BIAS_REQUANT.u_bias_requantize/data_flatten_o_reg[31]_i_117/O[4]
                         net (fo=4, routed)           0.300    10.463    u_tpu_top/u_datapath/u_vector_processing_unit/u_post_process/GEN_BIAS_REQUANT.u_bias_requantize/data_flatten_o_reg[31]_i_117_n_11
    SLICE_X61Y158        LUT2 (Prop_D6LUT_SLICEM_I0_O)
                                                      0.122    10.585 r  u_tpu_top/u_datapath/u_vector_processing_unit/u_post_process/GEN_BIAS_REQUANT.u_bias_requantize/data_flatten_o[31]_i_53/O
                         net (fo=1, routed)           0.025    10.610    u_tpu_top/u_datapath/u_vector_processing_unit/u_post_process/GEN_BIAS_REQUANT.u_bias_requantize/data_flatten_o[31]_i_53_n_0
    SLICE_X61Y158        CARRY8 (Prop_CARRY8_SLICEM_S[3]_CO[5])
                                                      0.146    10.756 f  u_tpu_top/u_datapath/u_vector_processing_unit/u_post_process/GEN_BIAS_REQUANT.u_bias_requantize/data_flatten_o_reg[31]_i_6/CO[5]
                         net (fo=15, routed)          0.432    11.188    u_tpu_top/u_datapath/u_vector_processing_unit/u_post_process/GEN_BIAS_REQUANT.u_bias_requantize/data_flatten_o_reg[31]_i_6_n_2
    SLICE_X62Y160        LUT5 (Prop_D5LUT_SLICEL_I0_O)
                                                      0.096    11.284 r  u_tpu_top/u_datapath/u_vector_processing_unit/u_post_process/GEN_BIAS_REQUANT.u_bias_requantize/data_flatten_o[30]_i_1/O
                         net (fo=1, routed)           0.362    11.646    u_tpu_top/u_datapath/u_vector_processing_unit/u_post_process/GEN_BIAS_REQUANT.u_bias_requantize/p_4_out[30]
    SLICE_X62Y161        FDCE                                         r  u_tpu_top/u_datapath/u_vector_processing_unit/u_post_process/GEN_BIAS_REQUANT.u_bias_requantize/data_flatten_o_reg[30]/D
  -------------------------------------------------------------------    -------------------

                         (clock s_axi_aclk rise edge)
                                                     10.000    10.000 r  
    M10                                               0.000    10.000 r  s_axi_aclk (IN)
                         net (fo=0)                   0.000    10.000    s_axi_aclk_IBUF_inst/I
    M10                  INBUF (Prop_INBUF_HDIOB_M_PAD_O)
                                                      0.479    10.479 r  s_axi_aclk_IBUF_inst/INBUF_INST/O
                         net (fo=1, routed)           0.000    10.479    s_axi_aclk_IBUF_inst/OUT
    M10                  IBUFCTRL (Prop_IBUFCTRL_HDIOB_M_I_O)
                                                      0.000    10.479 r  s_axi_aclk_IBUF_inst/IBUFCTRL_INST/O
                         net (fo=1, routed)           0.169    10.648    s_axi_aclk_IBUF
    BUFGCE_HDIO_X2Y0     BUFGCE (Prop_BUFCE_BUFGCE_HDIO_I_O)
                                                      0.024    10.672 r  s_axi_aclk_IBUF_BUFG_inst/O
    X1Y3 (CLOCK_ROOT)    net (fo=3130, routed)        1.914    12.586    u_tpu_top/u_datapath/u_vector_processing_unit/u_post_process/GEN_BIAS_REQUANT.u_bias_requantize/s_axi_aclk_IBUF_BUFG
    SLICE_X62Y161        FDCE                                         r  u_tpu_top/u_datapath/u_vector_processing_unit/u_post_process/GEN_BIAS_REQUANT.u_bias_requantize/data_flatten_o_reg[30]/C
                         clock pessimism              0.703    13.289    
                         clock uncertainty           -0.135    13.154    
    SLICE_X62Y161        FDCE (Setup_GFF_SLICEL_C_D)
                                                      0.025    13.179    u_tpu_top/u_datapath/u_vector_processing_unit/u_post_process/GEN_BIAS_REQUANT.u_bias_requantize/data_flatten_o_reg[30]
  -------------------------------------------------------------------
                         required time                         13.179    
                         arrival time                         -11.646    
  -------------------------------------------------------------------
                         slack                                  1.533    





Min Delay Paths
--------------------------------------------------------------------------------------
Slack (MET) :             0.005ns  (arrival time - required time)
  Source:                 s_axi_awaddr[5]
                            (input port clocked by s_axi_aclk  {rise@0.000ns fall@5.000ns period=10.000ns})
  Destination:            cmd_error_q_reg/D
                            (rising edge-triggered cell FDCE clocked by s_axi_aclk  {rise@0.000ns fall@5.000ns period=10.000ns})
  Path Group:             s_axi_aclk
  Path Type:              Hold (Min at Slow Process Corner)
  Requirement:            0.000ns  (s_axi_aclk rise@0.000ns - s_axi_aclk rise@0.000ns)
  Data Path Delay:        2.501ns  (logic 0.416ns (16.634%)  route 2.085ns (83.366%))
  Logic Levels:           3  (IBUFCTRL=1 INBUF=1 LUT6=1)
  Input Delay:            1.000ns
  Clock Path Skew:        3.336ns (DCD - SCD - CPR)
    Destination Clock Delay (DCD):    3.336ns
    Source Clock Delay      (SCD):    0.000ns
    Clock Pessimism Removal (CPR):    -0.000ns
  Clock Uncertainty:      0.100ns  ((TSJ^2 + TIJ^2)^1/2 + DJ) / 2 + PE + UU
    Total System Jitter     (TSJ):    0.000ns
    Total Input Jitter      (TIJ):    0.000ns
    Discrete Jitter          (DJ):    0.000ns
    Phase Error              (PE):    0.000ns
    User Uncertainty         (UU):    0.100ns
  Clock Net Delay (Destination): 2.118ns (routing 1.134ns, distribution 0.984ns)

    Location             Delay type                Incr(ns)  Path(ns)    Netlist Resource(s)
  -------------------------------------------------------------------    -------------------
                         (clock s_axi_aclk rise edge)
                                                      0.000     0.000 r  
                         input delay                  1.000     1.000    
    AG8                                               0.000     1.000 r  s_axi_awaddr[5] (IN)
                         net (fo=0)                   0.000     1.000    s_axi_awaddr_IBUF[5]_inst/I
    AG8                  INBUF (Prop_INBUF_HPIOB_S_PAD_O)
                                                      0.335     1.335 r  s_axi_awaddr_IBUF[5]_inst/INBUF_INST/O
                         net (fo=1, routed)           0.000     1.335    s_axi_awaddr_IBUF[5]_inst/OUT
    AG8                  IBUFCTRL (Prop_IBUFCTRL_HPIOB_S_I_O)
                                                      0.000     1.335 r  s_axi_awaddr_IBUF[5]_inst/IBUFCTRL_INST/O
                         net (fo=13, routed)          2.049     3.384    u_tpu_top/s_axi_awaddr_IBUF[5]
    SLICE_X63Y217        LUT6 (Prop_D6LUT_SLICEM_I3_O)
                                                      0.081     3.465 r  u_tpu_top/cmd_error_q_i_1/O
                         net (fo=1, routed)           0.036     3.501    u_tpu_top_n_45
    SLICE_X63Y217        FDCE                                         r  cmd_error_q_reg/D
  -------------------------------------------------------------------    -------------------

                         (clock s_axi_aclk rise edge)
                                                      0.000     0.000 r  
    M10                                               0.000     0.000 r  s_axi_aclk (IN)
                         net (fo=0)                   0.000     0.000    s_axi_aclk_IBUF_inst/I
    M10                  INBUF (Prop_INBUF_HDIOB_M_PAD_O)
                                                      0.986     0.986 r  s_axi_aclk_IBUF_inst/INBUF_INST/O
                         net (fo=1, routed)           0.000     0.986    s_axi_aclk_IBUF_inst/OUT
    M10                  IBUFCTRL (Prop_IBUFCTRL_HDIOB_M_I_O)
                                                      0.000     0.986 r  s_axi_aclk_IBUF_inst/IBUFCTRL_INST/O
                         net (fo=1, routed)           0.204     1.190    s_axi_aclk_IBUF
    BUFGCE_HDIO_X2Y0     BUFGCE (Prop_BUFCE_BUFGCE_HDIO_I_O)
                                                      0.028     1.218 r  s_axi_aclk_IBUF_BUFG_inst/O
    X1Y3 (CLOCK_ROOT)    net (fo=3130, routed)        2.118     3.336    s_axi_aclk_IBUF_BUFG
    SLICE_X63Y217        FDCE                                         r  cmd_error_q_reg/C
                         clock pessimism              0.000     3.336    
                         clock uncertainty            0.100     3.436    
    SLICE_X63Y217        FDCE (Hold_DFF_SLICEM_C_D)
                                                      0.060     3.496    cmd_error_q_reg
  -------------------------------------------------------------------
                         required time                         -3.496    
                         arrival time                           3.501    
  -------------------------------------------------------------------
                         slack                                  0.005    

Slack (MET) :             0.010ns  (arrival time - required time)
  Source:                 u_tpu_top/u_datapath/u_mxu/u_weight_fifo/mem_reg[4][13]/C
                            (rising edge-triggered cell FDRE clocked by s_axi_aclk  {rise@0.000ns fall@5.000ns period=10.000ns})
  Destination:            u_tpu_top/u_datapath/u_mxu/u_weight_fifo/rdata_o_reg[13]/D
                            (rising edge-triggered cell FDRE clocked by s_axi_aclk  {rise@0.000ns fall@5.000ns period=10.000ns})
  Path Group:             s_axi_aclk
  Path Type:              Hold (Min at Fast Process Corner)
  Requirement:            0.000ns  (s_axi_aclk rise@0.000ns - s_axi_aclk rise@0.000ns)
  Data Path Delay:        0.204ns  (logic 0.084ns (41.176%)  route 0.120ns (58.824%))
  Logic Levels:           3  (LUT6=1 MUXF7=1 MUXF8=1)
  Clock Path Skew:        0.048ns (DCD - SCD - CPR)
    Destination Clock Delay (DCD):    2.073ns
    Source Clock Delay      (SCD):    1.615ns
    Clock Pessimism Removal (CPR):    0.411ns
  Clock Uncertainty:      0.100ns  ((TSJ^2 + TIJ^2)^1/2 + DJ) / 2 + PE + UU
    Total System Jitter     (TSJ):    0.000ns
    Total Input Jitter      (TIJ):    0.000ns
    Discrete Jitter          (DJ):    0.000ns
    Phase Error              (PE):    0.000ns
    User Uncertainty         (UU):    0.100ns
  Clock Net Delay (Source):      1.187ns (routing 0.624ns, distribution 0.563ns)
  Clock Net Delay (Destination): 1.333ns (routing 0.693ns, distribution 0.640ns)

    Location             Delay type                Incr(ns)  Path(ns)    Netlist Resource(s)
  -------------------------------------------------------------------    -------------------
                         (clock s_axi_aclk rise edge)
                                                      0.000     0.000 r  
    M10                                               0.000     0.000 r  s_axi_aclk (IN)
                         net (fo=0)                   0.000     0.000    s_axi_aclk_IBUF_inst/I
    M10                  INBUF (Prop_INBUF_HDIOB_M_PAD_O)
                                                      0.320     0.320 r  s_axi_aclk_IBUF_inst/INBUF_INST/O
                         net (fo=1, routed)           0.000     0.320    s_axi_aclk_IBUF_inst/OUT
    M10                  IBUFCTRL (Prop_IBUFCTRL_HDIOB_M_I_O)
                                                      0.000     0.320 r  s_axi_aclk_IBUF_inst/IBUFCTRL_INST/O
                         net (fo=1, routed)           0.091     0.411    s_axi_aclk_IBUF
    BUFGCE_HDIO_X2Y0     BUFGCE (Prop_BUFCE_BUFGCE_HDIO_I_O)
                                                      0.017     0.428 r  s_axi_aclk_IBUF_BUFG_inst/O
    X1Y3 (CLOCK_ROOT)    net (fo=3130, routed)        1.187     1.615    u_tpu_top/u_datapath/u_mxu/u_weight_fifo/s_axi_aclk_IBUF_BUFG
    SLICE_X55Y223        FDRE                                         r  u_tpu_top/u_datapath/u_mxu/u_weight_fifo/mem_reg[4][13]/C
  -------------------------------------------------------------------    -------------------
    SLICE_X55Y223        FDRE (Prop_HFF_SLICEL_C_Q)
                                                      0.039     1.654 r  u_tpu_top/u_datapath/u_mxu/u_weight_fifo/mem_reg[4][13]/Q
                         net (fo=1, routed)           0.097     1.751    u_tpu_top/u_datapath/u_mxu/u_weight_fifo/mem_reg[4]_53[13]
    SLICE_X56Y223        LUT6 (Prop_C6LUT_SLICEM_I5_O)
                                                      0.022     1.773 r  u_tpu_top/u_datapath/u_mxu/u_weight_fifo/rdata_o[13]_i_5/O
                         net (fo=1, routed)           0.014     1.787    u_tpu_top/u_datapath/u_mxu/u_weight_fifo/rdata_o[13]_i_5_n_0
    SLICE_X56Y223        MUXF7 (Prop_F7MUX_CD_SLICEM_I1_O)
                                                      0.011     1.798 r  u_tpu_top/u_datapath/u_mxu/u_weight_fifo/rdata_o_reg[13]_i_2/O
                         net (fo=1, routed)           0.000     1.798    u_tpu_top/u_datapath/u_mxu/u_weight_fifo/rdata_o_reg[13]_i_2_n_0
    SLICE_X56Y223        MUXF8 (Prop_F8MUX_BOT_SLICEM_I0_O)
                                                      0.012     1.810 r  u_tpu_top/u_datapath/u_mxu/u_weight_fifo/rdata_o_reg[13]_i_1/O
                         net (fo=1, routed)           0.009     1.819    u_tpu_top/u_datapath/u_mxu/u_weight_fifo/mem[13]
    SLICE_X56Y223        FDRE                                         r  u_tpu_top/u_datapath/u_mxu/u_weight_fifo/rdata_o_reg[13]/D
  -------------------------------------------------------------------    -------------------

                         (clock s_axi_aclk rise edge)
                                                      0.000     0.000 r  
    M10                                               0.000     0.000 r  s_axi_aclk (IN)
                         net (fo=0)                   0.000     0.000    s_axi_aclk_IBUF_inst/I
    M10                  INBUF (Prop_INBUF_HDIOB_M_PAD_O)
                                                      0.608     0.608 r  s_axi_aclk_IBUF_inst/INBUF_INST/O
                         net (fo=1, routed)           0.000     0.608    s_axi_aclk_IBUF_inst/OUT
    M10                  IBUFCTRL (Prop_IBUFCTRL_HDIOB_M_I_O)
                                                      0.000     0.608 r  s_axi_aclk_IBUF_inst/IBUFCTRL_INST/O
                         net (fo=1, routed)           0.113     0.721    s_axi_aclk_IBUF
    BUFGCE_HDIO_X2Y0     BUFGCE (Prop_BUFCE_BUFGCE_HDIO_I_O)
                                                      0.019     0.740 r  s_axi_aclk_IBUF_BUFG_inst/O
    X1Y3 (CLOCK_ROOT)    net (fo=3130, routed)        1.333     2.073    u_tpu_top/u_datapath/u_mxu/u_weight_fifo/s_axi_aclk_IBUF_BUFG
    SLICE_X56Y223        FDRE                                         r  u_tpu_top/u_datapath/u_mxu/u_weight_fifo/rdata_o_reg[13]/C
                         clock pessimism             -0.411     1.663    
                         clock uncertainty            0.100     1.763    
    SLICE_X56Y223        FDRE (Hold_CFF_SLICEM_C_D)
                                                      0.046     1.809    u_tpu_top/u_datapath/u_mxu/u_weight_fifo/rdata_o_reg[13]
  -------------------------------------------------------------------
                         required time                         -1.809    
                         arrival time                           1.819    
  -------------------------------------------------------------------
                         slack                                  0.010    

Slack (MET) :             0.013ns  (arrival time - required time)
  Source:                 u_tpu_top/u_layer_controller/u_tile_controller/k_tile_q_reg[1]/C
                            (rising edge-triggered cell FDCE clocked by s_axi_aclk  {rise@0.000ns fall@5.000ns period=10.000ns})
  Destination:            u_tpu_top/u_layer_controller/u_tile_controller/k_tile_q_reg[4]/D
                            (rising edge-triggered cell FDCE clocked by s_axi_aclk  {rise@0.000ns fall@5.000ns period=10.000ns})
  Path Group:             s_axi_aclk
  Path Type:              Hold (Min at Fast Process Corner)
  Requirement:            0.000ns  (s_axi_aclk rise@0.000ns - s_axi_aclk rise@0.000ns)
  Data Path Delay:        0.209ns  (logic 0.074ns (35.470%)  route 0.135ns (64.530%))
  Logic Levels:           1  (LUT6=1)
  Clock Path Skew:        0.050ns (DCD - SCD - CPR)
    Destination Clock Delay (DCD):    2.080ns
    Source Clock Delay      (SCD):    1.620ns
    Clock Pessimism Removal (CPR):    0.411ns
  Clock Uncertainty:      0.100ns  ((TSJ^2 + TIJ^2)^1/2 + DJ) / 2 + PE + UU
    Total System Jitter     (TSJ):    0.000ns
    Total Input Jitter      (TIJ):    0.000ns
    Discrete Jitter          (DJ):    0.000ns
    Phase Error              (PE):    0.000ns
    User Uncertainty         (UU):    0.100ns
  Clock Net Delay (Source):      1.192ns (routing 0.624ns, distribution 0.568ns)
  Clock Net Delay (Destination): 1.340ns (routing 0.693ns, distribution 0.647ns)

    Location             Delay type                Incr(ns)  Path(ns)    Netlist Resource(s)
  -------------------------------------------------------------------    -------------------
                         (clock s_axi_aclk rise edge)
                                                      0.000     0.000 r  
    M10                                               0.000     0.000 r  s_axi_aclk (IN)
                         net (fo=0)                   0.000     0.000    s_axi_aclk_IBUF_inst/I
    M10                  INBUF (Prop_INBUF_HDIOB_M_PAD_O)
                                                      0.320     0.320 r  s_axi_aclk_IBUF_inst/INBUF_INST/O
                         net (fo=1, routed)           0.000     0.320    s_axi_aclk_IBUF_inst/OUT
    M10                  IBUFCTRL (Prop_IBUFCTRL_HDIOB_M_I_O)
                                                      0.000     0.320 r  s_axi_aclk_IBUF_inst/IBUFCTRL_INST/O
                         net (fo=1, routed)           0.091     0.411    s_axi_aclk_IBUF
    BUFGCE_HDIO_X2Y0     BUFGCE (Prop_BUFCE_BUFGCE_HDIO_I_O)
                                                      0.017     0.428 r  s_axi_aclk_IBUF_BUFG_inst/O
    X1Y3 (CLOCK_ROOT)    net (fo=3130, routed)        1.192     1.620    u_tpu_top/u_layer_controller/u_tile_controller/s_axi_aclk_IBUF_BUFG
    SLICE_X56Y196        FDCE                                         r  u_tpu_top/u_layer_controller/u_tile_controller/k_tile_q_reg[1]/C
  -------------------------------------------------------------------    -------------------
    SLICE_X56Y196        FDCE (Prop_DFF_SLICEM_C_Q)
                                                      0.039     1.659 r  u_tpu_top/u_layer_controller/u_tile_controller/k_tile_q_reg[1]/Q
                         net (fo=58, routed)          0.111     1.770    u_tpu_top/u_layer_controller/u_tile_controller/p_3_in[1]
    SLICE_X53Y197        LUT6 (Prop_C6LUT_SLICEM_I2_O)
                                                      0.035     1.805 r  u_tpu_top/u_layer_controller/u_tile_controller/k_tile_q[4]_i_1/O
                         net (fo=1, routed)           0.024     1.829    u_tpu_top/u_layer_controller/u_tile_controller/k_tile_q[4]_i_1_n_0
    SLICE_X53Y197        FDCE                                         r  u_tpu_top/u_layer_controller/u_tile_controller/k_tile_q_reg[4]/D
  -------------------------------------------------------------------    -------------------

                         (clock s_axi_aclk rise edge)
                                                      0.000     0.000 r  
    M10                                               0.000     0.000 r  s_axi_aclk (IN)
                         net (fo=0)                   0.000     0.000    s_axi_aclk_IBUF_inst/I
    M10                  INBUF (Prop_INBUF_HDIOB_M_PAD_O)
                                                      0.608     0.608 r  s_axi_aclk_IBUF_inst/INBUF_INST/O
                         net (fo=1, routed)           0.000     0.608    s_axi_aclk_IBUF_inst/OUT
    M10                  IBUFCTRL (Prop_IBUFCTRL_HDIOB_M_I_O)
                                                      0.000     0.608 r  s_axi_aclk_IBUF_inst/IBUFCTRL_INST/O
                         net (fo=1, routed)           0.113     0.721    s_axi_aclk_IBUF
    BUFGCE_HDIO_X2Y0     BUFGCE (Prop_BUFCE_BUFGCE_HDIO_I_O)
                                                      0.019     0.740 r  s_axi_aclk_IBUF_BUFG_inst/O
    X1Y3 (CLOCK_ROOT)    net (fo=3130, routed)        1.340     2.080    u_tpu_top/u_layer_controller/u_tile_controller/s_axi_aclk_IBUF_BUFG
    SLICE_X53Y197        FDCE                                         r  u_tpu_top/u_layer_controller/u_tile_controller/k_tile_q_reg[4]/C
                         clock pessimism             -0.411     1.670    
                         clock uncertainty            0.100     1.770    
    SLICE_X53Y197        FDCE (Hold_CFF_SLICEM_C_D)
                                                      0.046     1.816    u_tpu_top/u_layer_controller/u_tile_controller/k_tile_q_reg[4]
  -------------------------------------------------------------------
                         required time                         -1.816    
                         arrival time                           1.829    
  -------------------------------------------------------------------
                         slack                                  0.013    

Slack (MET) :             0.016ns  (arrival time - required time)
  Source:                 u_tpu_top/u_datapath/u_mxu/u_systolic_array/pe_1_0/psum_d3_reg[13]/C
                            (rising edge-triggered cell FDCE clocked by s_axi_aclk  {rise@0.000ns fall@5.000ns period=10.000ns})
  Destination:            u_tpu_top/u_datapath/u_mxu/u_systolic_array/pe_1_0/psum_o_reg[13]/D
                            (rising edge-triggered cell FDCE clocked by s_axi_aclk  {rise@0.000ns fall@5.000ns period=10.000ns})
  Path Group:             s_axi_aclk
  Path Type:              Hold (Min at Fast Process Corner)
  Requirement:            0.000ns  (s_axi_aclk rise@0.000ns - s_axi_aclk rise@0.000ns)
  Data Path Delay:        0.175ns  (logic 0.099ns (56.419%)  route 0.076ns (43.581%))
  Logic Levels:           2  (CARRY8=1 LUT3=1)
  Clock Path Skew:        0.013ns (DCD - SCD - CPR)
    Destination Clock Delay (DCD):    2.079ns
    Source Clock Delay      (SCD):    1.627ns
    Clock Pessimism Removal (CPR):    0.439ns
  Clock Uncertainty:      0.100ns  ((TSJ^2 + TIJ^2)^1/2 + DJ) / 2 + PE + UU
    Total System Jitter     (TSJ):    0.000ns
    Total Input Jitter      (TIJ):    0.000ns
    Discrete Jitter          (DJ):    0.000ns
    Phase Error              (PE):    0.000ns
    User Uncertainty         (UU):    0.100ns
  Clock Net Delay (Source):      1.199ns (routing 0.624ns, distribution 0.575ns)
  Clock Net Delay (Destination): 1.339ns (routing 0.693ns, distribution 0.646ns)

    Location             Delay type                Incr(ns)  Path(ns)    Netlist Resource(s)
  -------------------------------------------------------------------    -------------------
                         (clock s_axi_aclk rise edge)
                                                      0.000     0.000 r  
    M10                                               0.000     0.000 r  s_axi_aclk (IN)
                         net (fo=0)                   0.000     0.000    s_axi_aclk_IBUF_inst/I
    M10                  INBUF (Prop_INBUF_HDIOB_M_PAD_O)
                                                      0.320     0.320 r  s_axi_aclk_IBUF_inst/INBUF_INST/O
                         net (fo=1, routed)           0.000     0.320    s_axi_aclk_IBUF_inst/OUT
    M10                  IBUFCTRL (Prop_IBUFCTRL_HDIOB_M_I_O)
                                                      0.000     0.320 r  s_axi_aclk_IBUF_inst/IBUFCTRL_INST/O
                         net (fo=1, routed)           0.091     0.411    s_axi_aclk_IBUF
    BUFGCE_HDIO_X2Y0     BUFGCE (Prop_BUFCE_BUFGCE_HDIO_I_O)
                                                      0.017     0.428 r  s_axi_aclk_IBUF_BUFG_inst/O
    X1Y3 (CLOCK_ROOT)    net (fo=3130, routed)        1.199     1.627    u_tpu_top/u_datapath/u_mxu/u_systolic_array/pe_1_0/s_axi_aclk_IBUF_BUFG
    SLICE_X57Y190        FDCE                                         r  u_tpu_top/u_datapath/u_mxu/u_systolic_array/pe_1_0/psum_d3_reg[13]/C
  -------------------------------------------------------------------    -------------------
    SLICE_X57Y190        FDCE (Prop_BFF2_SLICEM_C_Q)
                                                      0.040     1.667 r  u_tpu_top/u_datapath/u_mxu/u_systolic_array/pe_1_0/psum_d3_reg[13]/Q
                         net (fo=3, routed)           0.054     1.721    u_tpu_top/u_datapath/u_mxu/u_systolic_array/pe_1_0/u_multiplier/psum_o_reg[16][13]
    SLICE_X57Y188        LUT3 (Prop_F6LUT_SLICEM_I1_O)
                                                      0.040     1.761 r  u_tpu_top/u_datapath/u_mxu/u_systolic_array/pe_1_0/u_multiplier/psum_o[15]_i_12/O
                         net (fo=1, routed)           0.015     1.776    u_tpu_top/u_datapath/u_mxu/u_systolic_array/pe_1_0/u_multiplier/psum_o[15]_i_12_n_0
    SLICE_X57Y188        CARRY8 (Prop_CARRY8_SLICEM_S[5]_O[5])
                                                      0.019     1.795 r  u_tpu_top/u_datapath/u_mxu/u_systolic_array/pe_1_0/u_multiplier/psum_o_reg[15]_i_1/O[5]
                         net (fo=1, routed)           0.007     1.802    u_tpu_top/u_datapath/u_mxu/u_systolic_array/pe_1_0/u_multiplier_n_21
    SLICE_X57Y188        FDCE                                         r  u_tpu_top/u_datapath/u_mxu/u_systolic_array/pe_1_0/psum_o_reg[13]/D
  -------------------------------------------------------------------    -------------------

                         (clock s_axi_aclk rise edge)
                                                      0.000     0.000 r  
    M10                                               0.000     0.000 r  s_axi_aclk (IN)
                         net (fo=0)                   0.000     0.000    s_axi_aclk_IBUF_inst/I
    M10                  INBUF (Prop_INBUF_HDIOB_M_PAD_O)
                                                      0.608     0.608 r  s_axi_aclk_IBUF_inst/INBUF_INST/O
                         net (fo=1, routed)           0.000     0.608    s_axi_aclk_IBUF_inst/OUT
    M10                  IBUFCTRL (Prop_IBUFCTRL_HDIOB_M_I_O)
                                                      0.000     0.608 r  s_axi_aclk_IBUF_inst/IBUFCTRL_INST/O
                         net (fo=1, routed)           0.113     0.721    s_axi_aclk_IBUF
    BUFGCE_HDIO_X2Y0     BUFGCE (Prop_BUFCE_BUFGCE_HDIO_I_O)
                                                      0.019     0.740 r  s_axi_aclk_IBUF_BUFG_inst/O
    X1Y3 (CLOCK_ROOT)    net (fo=3130, routed)        1.339     2.079    u_tpu_top/u_datapath/u_mxu/u_systolic_array/pe_1_0/s_axi_aclk_IBUF_BUFG
    SLICE_X57Y188        FDCE                                         r  u_tpu_top/u_datapath/u_mxu/u_systolic_array/pe_1_0/psum_o_reg[13]/C
                         clock pessimism             -0.439     1.640    
                         clock uncertainty            0.100     1.740    
    SLICE_X57Y188        FDCE (Hold_FFF_SLICEM_C_D)
                                                      0.046     1.786    u_tpu_top/u_datapath/u_mxu/u_systolic_array/pe_1_0/psum_o_reg[13]
  -------------------------------------------------------------------
                         required time                         -1.786    
                         arrival time                           1.802    
  -------------------------------------------------------------------
                         slack                                  0.016    

Slack (MET) :             0.017ns  (arrival time - required time)
  Source:                 u_tpu_top/u_datapath/u_mxu/u_systolic_array/pe_1_0/psum_o_reg[15]/C
                            (rising edge-triggered cell FDCE clocked by s_axi_aclk  {rise@0.000ns fall@5.000ns period=10.000ns})
  Destination:            u_tpu_top/u_datapath/u_psum_packer/packed_psum_flatten_o_reg[15]/D
                            (rising edge-triggered cell FDCE clocked by s_axi_aclk  {rise@0.000ns fall@5.000ns period=10.000ns})
  Path Group:             s_axi_aclk
  Path Type:              Hold (Min at Fast Process Corner)
  Requirement:            0.000ns  (s_axi_aclk rise@0.000ns - s_axi_aclk rise@0.000ns)
  Data Path Delay:        0.215ns  (logic 0.053ns (24.705%)  route 0.162ns (75.295%))
  Logic Levels:           1  (LUT5=1)
  Clock Path Skew:        0.052ns (DCD - SCD - CPR)
    Destination Clock Delay (DCD):    2.081ns
    Source Clock Delay      (SCD):    1.619ns
    Clock Pessimism Removal (CPR):    0.411ns
  Clock Uncertainty:      0.100ns  ((TSJ^2 + TIJ^2)^1/2 + DJ) / 2 + PE + UU
    Total System Jitter     (TSJ):    0.000ns
    Total Input Jitter      (TIJ):    0.000ns
    Discrete Jitter          (DJ):    0.000ns
    Phase Error              (PE):    0.000ns
    User Uncertainty         (UU):    0.100ns
  Clock Net Delay (Source):      1.191ns (routing 0.624ns, distribution 0.567ns)
  Clock Net Delay (Destination): 1.341ns (routing 0.693ns, distribution 0.648ns)

    Location             Delay type                Incr(ns)  Path(ns)    Netlist Resource(s)
  -------------------------------------------------------------------    -------------------
                         (clock s_axi_aclk rise edge)
                                                      0.000     0.000 r  
    M10                                               0.000     0.000 r  s_axi_aclk (IN)
                         net (fo=0)                   0.000     0.000    s_axi_aclk_IBUF_inst/I
    M10                  INBUF (Prop_INBUF_HDIOB_M_PAD_O)
                                                      0.320     0.320 r  s_axi_aclk_IBUF_inst/INBUF_INST/O
                         net (fo=1, routed)           0.000     0.320    s_axi_aclk_IBUF_inst/OUT
    M10                  IBUFCTRL (Prop_IBUFCTRL_HDIOB_M_I_O)
                                                      0.000     0.320 r  s_axi_aclk_IBUF_inst/IBUFCTRL_INST/O
                         net (fo=1, routed)           0.091     0.411    s_axi_aclk_IBUF
    BUFGCE_HDIO_X2Y0     BUFGCE (Prop_BUFCE_BUFGCE_HDIO_I_O)
                                                      0.017     0.428 r  s_axi_aclk_IBUF_BUFG_inst/O
    X1Y3 (CLOCK_ROOT)    net (fo=3130, routed)        1.191     1.619    u_tpu_top/u_datapath/u_mxu/u_systolic_array/pe_1_0/s_axi_aclk_IBUF_BUFG
    SLICE_X57Y188        FDCE                                         r  u_tpu_top/u_datapath/u_mxu/u_systolic_array/pe_1_0/psum_o_reg[15]/C
  -------------------------------------------------------------------    -------------------
    SLICE_X57Y188        FDCE (Prop_HFF_SLICEM_C_Q)
                                                      0.039     1.658 r  u_tpu_top/u_datapath/u_mxu/u_systolic_array/pe_1_0/psum_o_reg[15]/Q
                         net (fo=2, routed)           0.141     1.798    u_tpu_top/u_datapath/u_mxu/u_systolic_array/pe_0_1/packed_psum_flatten_o_reg[16]_0[15]
    SLICE_X56Y181        LUT5 (Prop_G6LUT_SLICEM_I3_O)
                                                      0.014     1.812 r  u_tpu_top/u_datapath/u_mxu/u_systolic_array/pe_0_1/packed_psum_flatten_o[15]_i_1/O
                         net (fo=1, routed)           0.021     1.833    u_tpu_top/u_datapath/u_psum_packer/packed_psum_flatten_o_reg[33]_8[15]
    SLICE_X56Y181        FDCE                                         r  u_tpu_top/u_datapath/u_psum_packer/packed_psum_flatten_o_reg[15]/D
  -------------------------------------------------------------------    -------------------

                         (clock s_axi_aclk rise edge)
                                                      0.000     0.000 r  
    M10                                               0.000     0.000 r  s_axi_aclk (IN)
                         net (fo=0)                   0.000     0.000    s_axi_aclk_IBUF_inst/I
    M10                  INBUF (Prop_INBUF_HDIOB_M_PAD_O)
                                                      0.608     0.608 r  s_axi_aclk_IBUF_inst/INBUF_INST/O
                         net (fo=1, routed)           0.000     0.608    s_axi_aclk_IBUF_inst/OUT
    M10                  IBUFCTRL (Prop_IBUFCTRL_HDIOB_M_I_O)
                                                      0.000     0.608 r  s_axi_aclk_IBUF_inst/IBUFCTRL_INST/O
                         net (fo=1, routed)           0.113     0.721    s_axi_aclk_IBUF
    BUFGCE_HDIO_X2Y0     BUFGCE (Prop_BUFCE_BUFGCE_HDIO_I_O)
                                                      0.019     0.740 r  s_axi_aclk_IBUF_BUFG_inst/O
    X1Y3 (CLOCK_ROOT)    net (fo=3130, routed)        1.341     2.081    u_tpu_top/u_datapath/u_psum_packer/s_axi_aclk_IBUF_BUFG
    SLICE_X56Y181        FDCE                                         r  u_tpu_top/u_datapath/u_psum_packer/packed_psum_flatten_o_reg[15]/C
                         clock pessimism             -0.411     1.671    
                         clock uncertainty            0.100     1.771    
    SLICE_X56Y181        FDCE (Hold_GFF_SLICEM_C_D)
                                                      0.046     1.817    u_tpu_top/u_datapath/u_psum_packer/packed_psum_flatten_o_reg[15]
  -------------------------------------------------------------------
                         required time                         -1.817    
                         arrival time                           1.833    
  -------------------------------------------------------------------
                         slack                                  0.017    

Slack (MET) :             0.017ns  (arrival time - required time)
  Source:                 u_tpu_top/u_maxpool2d_unit/channel_q_reg[1]/C
                            (rising edge-triggered cell FDCE clocked by s_axi_aclk  {rise@0.000ns fall@5.000ns period=10.000ns})
  Destination:            u_tpu_top/u_maxpool2d_unit/channel_q_reg[4]/D
                            (rising edge-triggered cell FDCE clocked by s_axi_aclk  {rise@0.000ns fall@5.000ns period=10.000ns})
  Path Group:             s_axi_aclk
  Path Type:              Hold (Min at Fast Process Corner)
  Requirement:            0.000ns  (s_axi_aclk rise@0.000ns - s_axi_aclk rise@0.000ns)
  Data Path Delay:        0.208ns  (logic 0.053ns (25.453%)  route 0.155ns (74.547%))
  Logic Levels:           1  (LUT6=1)
  Clock Path Skew:        0.045ns (DCD - SCD - CPR)
    Destination Clock Delay (DCD):    2.075ns
    Source Clock Delay      (SCD):    1.619ns
    Clock Pessimism Removal (CPR):    0.411ns
  Clock Uncertainty:      0.100ns  ((TSJ^2 + TIJ^2)^1/2 + DJ) / 2 + PE + UU
    Total System Jitter     (TSJ):    0.000ns
    Total Input Jitter      (TIJ):    0.000ns
    Discrete Jitter          (DJ):    0.000ns
    Phase Error              (PE):    0.000ns
    User Uncertainty         (UU):    0.100ns
  Clock Net Delay (Source):      1.191ns (routing 0.624ns, distribution 0.567ns)
  Clock Net Delay (Destination): 1.335ns (routing 0.693ns, distribution 0.642ns)

    Location             Delay type                Incr(ns)  Path(ns)    Netlist Resource(s)
  -------------------------------------------------------------------    -------------------
                         (clock s_axi_aclk rise edge)
                                                      0.000     0.000 r  
    M10                                               0.000     0.000 r  s_axi_aclk (IN)
                         net (fo=0)                   0.000     0.000    s_axi_aclk_IBUF_inst/I
    M10                  INBUF (Prop_INBUF_HDIOB_M_PAD_O)
                                                      0.320     0.320 r  s_axi_aclk_IBUF_inst/INBUF_INST/O
                         net (fo=1, routed)           0.000     0.320    s_axi_aclk_IBUF_inst/OUT
    M10                  IBUFCTRL (Prop_IBUFCTRL_HDIOB_M_I_O)
                                                      0.000     0.320 r  s_axi_aclk_IBUF_inst/IBUFCTRL_INST/O
                         net (fo=1, routed)           0.091     0.411    s_axi_aclk_IBUF
    BUFGCE_HDIO_X2Y0     BUFGCE (Prop_BUFCE_BUFGCE_HDIO_I_O)
                                                      0.017     0.428 r  s_axi_aclk_IBUF_BUFG_inst/O
    X1Y3 (CLOCK_ROOT)    net (fo=3130, routed)        1.191     1.619    u_tpu_top/u_maxpool2d_unit/s_axi_aclk_IBUF_BUFG
    SLICE_X58Y221        FDCE                                         r  u_tpu_top/u_maxpool2d_unit/channel_q_reg[1]/C
  -------------------------------------------------------------------    -------------------
    SLICE_X58Y221        FDCE (Prop_HFF2_SLICEL_C_Q)
                                                      0.039     1.658 r  u_tpu_top/u_maxpool2d_unit/channel_q_reg[1]/Q
                         net (fo=17, routed)          0.139     1.797    u_tpu_top/u_maxpool2d_unit/Q[1]
    SLICE_X59Y222        LUT6 (Prop_D6LUT_SLICEL_I3_O)
                                                      0.014     1.811 r  u_tpu_top/u_maxpool2d_unit/channel_q[4]_i_1/O
                         net (fo=1, routed)           0.016     1.827    u_tpu_top/u_maxpool2d_unit/channel_q[4]
    SLICE_X59Y222        FDCE                                         r  u_tpu_top/u_maxpool2d_unit/channel_q_reg[4]/D
  -------------------------------------------------------------------    -------------------

                         (clock s_axi_aclk rise edge)
                                                      0.000     0.000 r  
    M10                                               0.000     0.000 r  s_axi_aclk (IN)
                         net (fo=0)                   0.000     0.000    s_axi_aclk_IBUF_inst/I
    M10                  INBUF (Prop_INBUF_HDIOB_M_PAD_O)
                                                      0.608     0.608 r  s_axi_aclk_IBUF_inst/INBUF_INST/O
                         net (fo=1, routed)           0.000     0.608    s_axi_aclk_IBUF_inst/OUT
    M10                  IBUFCTRL (Prop_IBUFCTRL_HDIOB_M_I_O)
                                                      0.000     0.608 r  s_axi_aclk_IBUF_inst/IBUFCTRL_INST/O
                         net (fo=1, routed)           0.113     0.721    s_axi_aclk_IBUF
    BUFGCE_HDIO_X2Y0     BUFGCE (Prop_BUFCE_BUFGCE_HDIO_I_O)
                                                      0.019     0.740 r  s_axi_aclk_IBUF_BUFG_inst/O
    X1Y3 (CLOCK_ROOT)    net (fo=3130, routed)        1.335     2.075    u_tpu_top/u_maxpool2d_unit/s_axi_aclk_IBUF_BUFG
    SLICE_X59Y222        FDCE                                         r  u_tpu_top/u_maxpool2d_unit/channel_q_reg[4]/C
                         clock pessimism             -0.411     1.664    
                         clock uncertainty            0.100     1.764    
    SLICE_X59Y222        FDCE (Hold_DFF_SLICEL_C_D)
                                                      0.046     1.810    u_tpu_top/u_maxpool2d_unit/channel_q_reg[4]
  -------------------------------------------------------------------
                         required time                         -1.810    
                         arrival time                           1.827    
  -------------------------------------------------------------------
                         slack                                  0.017    

Slack (MET) :             0.018ns  (arrival time - required time)
  Source:                 u_tpu_top/u_layer_controller/u_tile_controller/weight_top_row_q_reg[2]/C
                            (rising edge-triggered cell FDCE clocked by s_axi_aclk  {rise@0.000ns fall@5.000ns period=10.000ns})
  Destination:            u_tpu_top/u_layer_controller/u_tile_controller/wgt_fifo_wdata_o_reg[2]/D
                            (rising edge-triggered cell FDCE clocked by s_axi_aclk  {rise@0.000ns fall@5.000ns period=10.000ns})
  Path Group:             s_axi_aclk
  Path Type:              Hold (Min at Fast Process Corner)
  Requirement:            0.000ns  (s_axi_aclk rise@0.000ns - s_axi_aclk rise@0.000ns)
  Data Path Delay:        0.211ns  (logic 0.074ns (35.071%)  route 0.137ns (64.929%))
  Logic Levels:           1  (LUT3=1)
  Clock Path Skew:        0.047ns (DCD - SCD - CPR)
    Destination Clock Delay (DCD):    2.068ns
    Source Clock Delay      (SCD):    1.611ns
    Clock Pessimism Removal (CPR):    0.411ns
  Clock Uncertainty:      0.100ns  ((TSJ^2 + TIJ^2)^1/2 + DJ) / 2 + PE + UU
    Total System Jitter     (TSJ):    0.000ns
    Total Input Jitter      (TIJ):    0.000ns
    Discrete Jitter          (DJ):    0.000ns
    Phase Error              (PE):    0.000ns
    User Uncertainty         (UU):    0.100ns
  Clock Net Delay (Source):      1.183ns (routing 0.624ns, distribution 0.559ns)
  Clock Net Delay (Destination): 1.328ns (routing 0.693ns, distribution 0.635ns)

    Location             Delay type                Incr(ns)  Path(ns)    Netlist Resource(s)
  -------------------------------------------------------------------    -------------------
                         (clock s_axi_aclk rise edge)
                                                      0.000     0.000 r  
    M10                                               0.000     0.000 r  s_axi_aclk (IN)
                         net (fo=0)                   0.000     0.000    s_axi_aclk_IBUF_inst/I
    M10                  INBUF (Prop_INBUF_HDIOB_M_PAD_O)
                                                      0.320     0.320 r  s_axi_aclk_IBUF_inst/INBUF_INST/O
                         net (fo=1, routed)           0.000     0.320    s_axi_aclk_IBUF_inst/OUT
    M10                  IBUFCTRL (Prop_IBUFCTRL_HDIOB_M_I_O)
                                                      0.000     0.320 r  s_axi_aclk_IBUF_inst/IBUFCTRL_INST/O
                         net (fo=1, routed)           0.091     0.411    s_axi_aclk_IBUF
    BUFGCE_HDIO_X2Y0     BUFGCE (Prop_BUFCE_BUFGCE_HDIO_I_O)
                                                      0.017     0.428 r  s_axi_aclk_IBUF_BUFG_inst/O
    X1Y3 (CLOCK_ROOT)    net (fo=3130, routed)        1.183     1.611    u_tpu_top/u_layer_controller/u_tile_controller/s_axi_aclk_IBUF_BUFG
    SLICE_X51Y215        FDCE                                         r  u_tpu_top/u_layer_controller/u_tile_controller/weight_top_row_q_reg[2]/C
  -------------------------------------------------------------------    -------------------
    SLICE_X51Y215        FDCE (Prop_CFF_SLICEL_C_Q)
                                                      0.039     1.650 r  u_tpu_top/u_layer_controller/u_tile_controller/weight_top_row_q_reg[2]/Q
                         net (fo=1, routed)           0.116     1.766    u_tpu_top/u_layer_controller/u_tile_controller/weight_top_row_q_reg_n_0_[2]
    SLICE_X53Y215        LUT3 (Prop_H6LUT_SLICEM_I0_O)
                                                      0.035     1.801 r  u_tpu_top/u_layer_controller/u_tile_controller/wgt_fifo_wdata_o[2]_i_1/O
                         net (fo=1, routed)           0.021     1.822    u_tpu_top/u_layer_controller/u_tile_controller/wgt_fifo_wdata_o[2]_i_1_n_0
    SLICE_X53Y215        FDCE                                         r  u_tpu_top/u_layer_controller/u_tile_controller/wgt_fifo_wdata_o_reg[2]/D
  -------------------------------------------------------------------    -------------------

                         (clock s_axi_aclk rise edge)
                                                      0.000     0.000 r  
    M10                                               0.000     0.000 r  s_axi_aclk (IN)
                         net (fo=0)                   0.000     0.000    s_axi_aclk_IBUF_inst/I
    M10                  INBUF (Prop_INBUF_HDIOB_M_PAD_O)
                                                      0.608     0.608 r  s_axi_aclk_IBUF_inst/INBUF_INST/O
                         net (fo=1, routed)           0.000     0.608    s_axi_aclk_IBUF_inst/OUT
    M10                  IBUFCTRL (Prop_IBUFCTRL_HDIOB_M_I_O)
                                                      0.000     0.608 r  s_axi_aclk_IBUF_inst/IBUFCTRL_INST/O
                         net (fo=1, routed)           0.113     0.721    s_axi_aclk_IBUF
    BUFGCE_HDIO_X2Y0     BUFGCE (Prop_BUFCE_BUFGCE_HDIO_I_O)
                                                      0.019     0.740 r  s_axi_aclk_IBUF_BUFG_inst/O
    X1Y3 (CLOCK_ROOT)    net (fo=3130, routed)        1.328     2.068    u_tpu_top/u_layer_controller/u_tile_controller/s_axi_aclk_IBUF_BUFG
    SLICE_X53Y215        FDCE                                         r  u_tpu_top/u_layer_controller/u_tile_controller/wgt_fifo_wdata_o_reg[2]/C
                         clock pessimism             -0.411     1.658    
                         clock uncertainty            0.100     1.758    
    SLICE_X53Y215        FDCE (Hold_HFF_SLICEM_C_D)
                                                      0.046     1.804    u_tpu_top/u_layer_controller/u_tile_controller/wgt_fifo_wdata_o_reg[2]
  -------------------------------------------------------------------
                         required time                         -1.804    
                         arrival time                           1.822    
  -------------------------------------------------------------------
                         slack                                  0.018    

Slack (MET) :             0.019ns  (arrival time - required time)
  Source:                 u_tpu_top/u_layer_controller/oc_tile_q_reg[13]/C
                            (rising edge-triggered cell FDCE clocked by s_axi_aclk  {rise@0.000ns fall@5.000ns period=10.000ns})
  Destination:            u_tpu_top/u_layer_controller/oc_tile_q_reg[13]/D
                            (rising edge-triggered cell FDCE clocked by s_axi_aclk  {rise@0.000ns fall@5.000ns period=10.000ns})
  Path Group:             s_axi_aclk
  Path Type:              Hold (Min at Fast Process Corner)
  Requirement:            0.000ns  (s_axi_aclk rise@0.000ns - s_axi_aclk rise@0.000ns)
  Data Path Delay:        0.171ns  (logic 0.098ns (57.476%)  route 0.073ns (42.524%))
  Logic Levels:           1  (LUT6=1)
  Clock Path Skew:        0.006ns (DCD - SCD - CPR)
    Destination Clock Delay (DCD):    2.071ns
    Source Clock Delay      (SCD):    1.612ns
    Clock Pessimism Removal (CPR):    0.453ns
  Clock Uncertainty:      0.100ns  ((TSJ^2 + TIJ^2)^1/2 + DJ) / 2 + PE + UU
    Total System Jitter     (TSJ):    0.000ns
    Total Input Jitter      (TIJ):    0.000ns
    Discrete Jitter          (DJ):    0.000ns
    Phase Error              (PE):    0.000ns
    User Uncertainty         (UU):    0.100ns
  Clock Net Delay (Source):      1.184ns (routing 0.624ns, distribution 0.560ns)
  Clock Net Delay (Destination): 1.331ns (routing 0.693ns, distribution 0.638ns)

    Location             Delay type                Incr(ns)  Path(ns)    Netlist Resource(s)
  -------------------------------------------------------------------    -------------------
                         (clock s_axi_aclk rise edge)
                                                      0.000     0.000 r  
    M10                                               0.000     0.000 r  s_axi_aclk (IN)
                         net (fo=0)                   0.000     0.000    s_axi_aclk_IBUF_inst/I
    M10                  INBUF (Prop_INBUF_HDIOB_M_PAD_O)
                                                      0.320     0.320 r  s_axi_aclk_IBUF_inst/INBUF_INST/O
                         net (fo=1, routed)           0.000     0.320    s_axi_aclk_IBUF_inst/OUT
    M10                  IBUFCTRL (Prop_IBUFCTRL_HDIOB_M_I_O)
                                                      0.000     0.320 r  s_axi_aclk_IBUF_inst/IBUFCTRL_INST/O
                         net (fo=1, routed)           0.091     0.411    s_axi_aclk_IBUF
    BUFGCE_HDIO_X2Y0     BUFGCE (Prop_BUFCE_BUFGCE_HDIO_I_O)
                                                      0.017     0.428 r  s_axi_aclk_IBUF_BUFG_inst/O
    X1Y3 (CLOCK_ROOT)    net (fo=3130, routed)        1.184     1.612    u_tpu_top/u_layer_controller/s_axi_aclk_IBUF_BUFG
    SLICE_X59Y216        FDCE                                         r  u_tpu_top/u_layer_controller/oc_tile_q_reg[13]/C
  -------------------------------------------------------------------    -------------------
    SLICE_X59Y216        FDCE (Prop_CFF_SLICEL_C_Q)
                                                      0.039     1.651 r  u_tpu_top/u_layer_controller/oc_tile_q_reg[13]/Q
                         net (fo=6, routed)           0.056     1.706    u_tpu_top/u_layer_controller/oc_tile_q_reg[15]_0[5]
    SLICE_X59Y216        LUT6 (Prop_C6LUT_SLICEL_I5_O)
                                                      0.059     1.765 r  u_tpu_top/u_layer_controller/oc_tile_q[13]_i_1/O
                         net (fo=1, routed)           0.017     1.782    u_tpu_top/u_layer_controller/oc_tile_q[13]
    SLICE_X59Y216        FDCE                                         r  u_tpu_top/u_layer_controller/oc_tile_q_reg[13]/D
  -------------------------------------------------------------------    -------------------

                         (clock s_axi_aclk rise edge)
                                                      0.000     0.000 r  
    M10                                               0.000     0.000 r  s_axi_aclk (IN)
                         net (fo=0)                   0.000     0.000    s_axi_aclk_IBUF_inst/I
    M10                  INBUF (Prop_INBUF_HDIOB_M_PAD_O)
                                                      0.608     0.608 r  s_axi_aclk_IBUF_inst/INBUF_INST/O
                         net (fo=1, routed)           0.000     0.608    s_axi_aclk_IBUF_inst/OUT
    M10                  IBUFCTRL (Prop_IBUFCTRL_HDIOB_M_I_O)
                                                      0.000     0.608 r  s_axi_aclk_IBUF_inst/IBUFCTRL_INST/O
                         net (fo=1, routed)           0.113     0.721    s_axi_aclk_IBUF
    BUFGCE_HDIO_X2Y0     BUFGCE (Prop_BUFCE_BUFGCE_HDIO_I_O)
                                                      0.019     0.740 r  s_axi_aclk_IBUF_BUFG_inst/O
    X1Y3 (CLOCK_ROOT)    net (fo=3130, routed)        1.331     2.071    u_tpu_top/u_layer_controller/s_axi_aclk_IBUF_BUFG
    SLICE_X59Y216        FDCE                                         r  u_tpu_top/u_layer_controller/oc_tile_q_reg[13]/C
                         clock pessimism             -0.453     1.618    
                         clock uncertainty            0.100     1.718    
    SLICE_X59Y216        FDCE (Hold_CFF_SLICEL_C_D)
                                                      0.046     1.764    u_tpu_top/u_layer_controller/oc_tile_q_reg[13]
  -------------------------------------------------------------------
                         required time                         -1.764    
                         arrival time                           1.782    
  -------------------------------------------------------------------
                         slack                                  0.019    

Slack (MET) :             0.020ns  (arrival time - required time)
  Source:                 u_tpu_top/u_datapath/u_mxu/u_systolic_array/pe_1_0/psum_o_reg[8]/C
                            (rising edge-triggered cell FDCE clocked by s_axi_aclk  {rise@0.000ns fall@5.000ns period=10.000ns})
  Destination:            u_tpu_top/u_datapath/u_psum_packer/lane_data_q_reg[8]/D
                            (rising edge-triggered cell FDCE clocked by s_axi_aclk  {rise@0.000ns fall@5.000ns period=10.000ns})
  Path Group:             s_axi_aclk
  Path Type:              Hold (Min at Fast Process Corner)
  Requirement:            0.000ns  (s_axi_aclk rise@0.000ns - s_axi_aclk rise@0.000ns)
  Data Path Delay:        0.218ns  (logic 0.073ns (33.550%)  route 0.145ns (66.450%))
  Logic Levels:           1  (LUT6=1)
  Clock Path Skew:        0.052ns (DCD - SCD - CPR)
    Destination Clock Delay (DCD):    2.082ns
    Source Clock Delay      (SCD):    1.620ns
    Clock Pessimism Removal (CPR):    0.411ns
  Clock Uncertainty:      0.100ns  ((TSJ^2 + TIJ^2)^1/2 + DJ) / 2 + PE + UU
    Total System Jitter     (TSJ):    0.000ns
    Total Input Jitter      (TIJ):    0.000ns
    Discrete Jitter          (DJ):    0.000ns
    Phase Error              (PE):    0.000ns
    User Uncertainty         (UU):    0.100ns
  Clock Net Delay (Source):      1.192ns (routing 0.624ns, distribution 0.568ns)
  Clock Net Delay (Destination): 1.342ns (routing 0.693ns, distribution 0.649ns)

    Location             Delay type                Incr(ns)  Path(ns)    Netlist Resource(s)
  -------------------------------------------------------------------    -------------------
                         (clock s_axi_aclk rise edge)
                                                      0.000     0.000 r  
    M10                                               0.000     0.000 r  s_axi_aclk (IN)
                         net (fo=0)                   0.000     0.000    s_axi_aclk_IBUF_inst/I
    M10                  INBUF (Prop_INBUF_HDIOB_M_PAD_O)
                                                      0.320     0.320 r  s_axi_aclk_IBUF_inst/INBUF_INST/O
                         net (fo=1, routed)           0.000     0.320    s_axi_aclk_IBUF_inst/OUT
    M10                  IBUFCTRL (Prop_IBUFCTRL_HDIOB_M_I_O)
                                                      0.000     0.320 r  s_axi_aclk_IBUF_inst/IBUFCTRL_INST/O
                         net (fo=1, routed)           0.091     0.411    s_axi_aclk_IBUF
    BUFGCE_HDIO_X2Y0     BUFGCE (Prop_BUFCE_BUFGCE_HDIO_I_O)
                                                      0.017     0.428 r  s_axi_aclk_IBUF_BUFG_inst/O
    X1Y3 (CLOCK_ROOT)    net (fo=3130, routed)        1.192     1.620    u_tpu_top/u_datapath/u_mxu/u_systolic_array/pe_1_0/s_axi_aclk_IBUF_BUFG
    SLICE_X57Y188        FDCE                                         r  u_tpu_top/u_datapath/u_mxu/u_systolic_array/pe_1_0/psum_o_reg[8]/C
  -------------------------------------------------------------------    -------------------
    SLICE_X57Y188        FDCE (Prop_AFF_SLICEM_C_Q)
                                                      0.038     1.658 r  u_tpu_top/u_datapath/u_mxu/u_systolic_array/pe_1_0/psum_o_reg[8]/Q
                         net (fo=2, routed)           0.121     1.779    u_tpu_top/u_datapath/u_mxu/u_systolic_array/pe_0_1/packed_psum_flatten_o_reg[16]_0[8]
    SLICE_X56Y182        LUT6 (Prop_C6LUT_SLICEM_I3_O)
                                                      0.035     1.814 r  u_tpu_top/u_datapath/u_mxu/u_systolic_array/pe_0_1/lane_data_q[8]_i_1/O
                         net (fo=1, routed)           0.024     1.838    u_tpu_top/u_datapath/u_psum_packer/lane_data_q_reg[33]_1[8]
    SLICE_X56Y182        FDCE                                         r  u_tpu_top/u_datapath/u_psum_packer/lane_data_q_reg[8]/D
  -------------------------------------------------------------------    -------------------

                         (clock s_axi_aclk rise edge)
                                                      0.000     0.000 r  
    M10                                               0.000     0.000 r  s_axi_aclk (IN)
                         net (fo=0)                   0.000     0.000    s_axi_aclk_IBUF_inst/I
    M10                  INBUF (Prop_INBUF_HDIOB_M_PAD_O)
                                                      0.608     0.608 r  s_axi_aclk_IBUF_inst/INBUF_INST/O
                         net (fo=1, routed)           0.000     0.608    s_axi_aclk_IBUF_inst/OUT
    M10                  IBUFCTRL (Prop_IBUFCTRL_HDIOB_M_I_O)
                                                      0.000     0.608 r  s_axi_aclk_IBUF_inst/IBUFCTRL_INST/O
                         net (fo=1, routed)           0.113     0.721    s_axi_aclk_IBUF
    BUFGCE_HDIO_X2Y0     BUFGCE (Prop_BUFCE_BUFGCE_HDIO_I_O)
                                                      0.019     0.740 r  s_axi_aclk_IBUF_BUFG_inst/O
    X1Y3 (CLOCK_ROOT)    net (fo=3130, routed)        1.342     2.082    u_tpu_top/u_datapath/u_psum_packer/s_axi_aclk_IBUF_BUFG
    SLICE_X56Y182        FDCE                                         r  u_tpu_top/u_datapath/u_psum_packer/lane_data_q_reg[8]/C
                         clock pessimism             -0.411     1.672    
                         clock uncertainty            0.100     1.772    
    SLICE_X56Y182        FDCE (Hold_CFF_SLICEM_C_D)
                                                      0.046     1.818    u_tpu_top/u_datapath/u_psum_packer/lane_data_q_reg[8]
  -------------------------------------------------------------------
                         required time                         -1.818    
                         arrival time                           1.838    
  -------------------------------------------------------------------
                         slack                                  0.020    

Slack (MET) :             0.020ns  (arrival time - required time)
  Source:                 u_tpu_top/u_layer_controller/u_tile_controller/tag_count_q_reg[1]/C
                            (rising edge-triggered cell FDCE clocked by s_axi_aclk  {rise@0.000ns fall@5.000ns period=10.000ns})
  Destination:            u_tpu_top/u_layer_controller/u_tile_controller/tag_count_q_reg[3]/D
                            (rising edge-triggered cell FDCE clocked by s_axi_aclk  {rise@0.000ns fall@5.000ns period=10.000ns})
  Path Group:             s_axi_aclk
  Path Type:              Hold (Min at Fast Process Corner)
  Requirement:            0.000ns  (s_axi_aclk rise@0.000ns - s_axi_aclk rise@0.000ns)
  Data Path Delay:        0.172ns  (logic 0.098ns (56.856%)  route 0.074ns (43.144%))
  Logic Levels:           1  (LUT6=1)
  Clock Path Skew:        0.006ns (DCD - SCD - CPR)
    Destination Clock Delay (DCD):    2.067ns
    Source Clock Delay      (SCD):    1.608ns
    Clock Pessimism Removal (CPR):    0.452ns
  Clock Uncertainty:      0.100ns  ((TSJ^2 + TIJ^2)^1/2 + DJ) / 2 + PE + UU
    Total System Jitter     (TSJ):    0.000ns
    Total Input Jitter      (TIJ):    0.000ns
    Discrete Jitter          (DJ):    0.000ns
    Phase Error              (PE):    0.000ns
    User Uncertainty         (UU):    0.100ns
  Clock Net Delay (Source):      1.180ns (routing 0.624ns, distribution 0.556ns)
  Clock Net Delay (Destination): 1.326ns (routing 0.693ns, distribution 0.633ns)

    Location             Delay type                Incr(ns)  Path(ns)    Netlist Resource(s)
  -------------------------------------------------------------------    -------------------
                         (clock s_axi_aclk rise edge)
                                                      0.000     0.000 r  
    M10                                               0.000     0.000 r  s_axi_aclk (IN)
                         net (fo=0)                   0.000     0.000    s_axi_aclk_IBUF_inst/I
    M10                  INBUF (Prop_INBUF_HDIOB_M_PAD_O)
                                                      0.320     0.320 r  s_axi_aclk_IBUF_inst/INBUF_INST/O
                         net (fo=1, routed)           0.000     0.320    s_axi_aclk_IBUF_inst/OUT
    M10                  IBUFCTRL (Prop_IBUFCTRL_HDIOB_M_I_O)
                                                      0.000     0.320 r  s_axi_aclk_IBUF_inst/IBUFCTRL_INST/O
                         net (fo=1, routed)           0.091     0.411    s_axi_aclk_IBUF
    BUFGCE_HDIO_X2Y0     BUFGCE (Prop_BUFCE_BUFGCE_HDIO_I_O)
                                                      0.017     0.428 r  s_axi_aclk_IBUF_BUFG_inst/O
    X1Y3 (CLOCK_ROOT)    net (fo=3130, routed)        1.180     1.608    u_tpu_top/u_layer_controller/u_tile_controller/s_axi_aclk_IBUF_BUFG
    SLICE_X60Y206        FDCE                                         r  u_tpu_top/u_layer_controller/u_tile_controller/tag_count_q_reg[1]/C
  -------------------------------------------------------------------    -------------------
    SLICE_X60Y206        FDCE (Prop_DFF_SLICEL_C_Q)
                                                      0.039     1.647 r  u_tpu_top/u_layer_controller/u_tile_controller/tag_count_q_reg[1]/Q
                         net (fo=7, routed)           0.057     1.705    u_tpu_top/u_layer_controller/u_tile_controller/tag_count_q_reg_n_0_[1]
    SLICE_X60Y206        LUT6 (Prop_C6LUT_SLICEL_I4_O)
                                                      0.059     1.764 r  u_tpu_top/u_layer_controller/u_tile_controller/tag_count_q[3]_i_1/O
                         net (fo=1, routed)           0.017     1.781    u_tpu_top/u_layer_controller/u_tile_controller/tag_count_q[3]_i_1_n_0
    SLICE_X60Y206        FDCE                                         r  u_tpu_top/u_layer_controller/u_tile_controller/tag_count_q_reg[3]/D
  -------------------------------------------------------------------    -------------------

                         (clock s_axi_aclk rise edge)
                                                      0.000     0.000 r  
    M10                                               0.000     0.000 r  s_axi_aclk (IN)
                         net (fo=0)                   0.000     0.000    s_axi_aclk_IBUF_inst/I
    M10                  INBUF (Prop_INBUF_HDIOB_M_PAD_O)
                                                      0.608     0.608 r  s_axi_aclk_IBUF_inst/INBUF_INST/O
                         net (fo=1, routed)           0.000     0.608    s_axi_aclk_IBUF_inst/OUT
    M10                  IBUFCTRL (Prop_IBUFCTRL_HDIOB_M_I_O)
                                                      0.000     0.608 r  s_axi_aclk_IBUF_inst/IBUFCTRL_INST/O
                         net (fo=1, routed)           0.113     0.721    s_axi_aclk_IBUF
    BUFGCE_HDIO_X2Y0     BUFGCE (Prop_BUFCE_BUFGCE_HDIO_I_O)
                                                      0.019     0.740 r  s_axi_aclk_IBUF_BUFG_inst/O
    X1Y3 (CLOCK_ROOT)    net (fo=3130, routed)        1.326     2.067    u_tpu_top/u_layer_controller/u_tile_controller/s_axi_aclk_IBUF_BUFG
    SLICE_X60Y206        FDCE                                         r  u_tpu_top/u_layer_controller/u_tile_controller/tag_count_q_reg[3]/C
                         clock pessimism             -0.452     1.614    
                         clock uncertainty            0.100     1.714    
    SLICE_X60Y206        FDCE (Hold_CFF_SLICEL_C_D)
                                                      0.046     1.760    u_tpu_top/u_layer_controller/u_tile_controller/tag_count_q_reg[3]
  -------------------------------------------------------------------
                         required time                         -1.760    
                         arrival time                           1.781    
  -------------------------------------------------------------------
                         slack                                  0.020    





Pulse Width Checks
--------------------------------------------------------------------------------------
Clock Name:         s_axi_aclk
Waveform(ns):       { 0.000 5.000 }
Period(ns):         10.000
Sources:            { s_axi_aclk }

Check Type        Corner  Lib Pin             Reference Pin  Required(ns)  Actual(ns)  Slack(ns)  Location      Pin
Min Period        n/a     RAMB36E2/CLKARDCLK  n/a            1.569         10.000      8.431      RAMB36_X1Y37  u_tpu_top/u_unified_buffer/bank0_mem_reg_bram_0/CLKARDCLK
Min Period        n/a     RAMB36E2/CLKARDCLK  n/a            1.569         10.000      8.431      RAMB36_X1Y38  u_tpu_top/u_unified_buffer/bank0_mem_reg_bram_1/CLKARDCLK
Min Period        n/a     RAMB36E2/CLKARDCLK  n/a            1.569         10.000      8.431      RAMB36_X1Y39  u_tpu_top/u_unified_buffer/bank1_mem_reg_bram_0/CLKARDCLK
Min Period        n/a     RAMB36E2/CLKARDCLK  n/a            1.569         10.000      8.431      RAMB36_X1Y40  u_tpu_top/u_unified_buffer/bank1_mem_reg_bram_1/CLKARDCLK
Min Period        n/a     RAMB36E2/CLKARDCLK  n/a            1.355         10.000      8.645      RAMB36_X1Y43  u_tpu_top/u_layer_controller/u_tile_controller/GEN_WEIGHT_ROMS[0].u_weight_rom/data_o_reg_0/CLKARDCLK
Min Period        n/a     RAMB36E2/CLKBWRCLK  n/a            1.355         10.000      8.645      RAMB36_X1Y43  u_tpu_top/u_layer_controller/u_tile_controller/GEN_WEIGHT_ROMS[0].u_weight_rom/data_o_reg_0/CLKBWRCLK
Min Period        n/a     RAMB36E2/CLKARDCLK  n/a            1.355         10.000      8.645      RAMB36_X1Y44  u_tpu_top/u_layer_controller/u_tile_controller/GEN_WEIGHT_ROMS[0].u_weight_rom/data_o_reg_1/CLKARDCLK
Min Period        n/a     RAMB36E2/CLKBWRCLK  n/a            1.355         10.000      8.645      RAMB36_X1Y44  u_tpu_top/u_layer_controller/u_tile_controller/GEN_WEIGHT_ROMS[0].u_weight_rom/data_o_reg_1/CLKBWRCLK
Min Period        n/a     RAMB36E2/CLKARDCLK  n/a            1.355         10.000      8.645      RAMB36_X1Y41  u_tpu_top/u_layer_controller/u_tile_controller/GEN_WEIGHT_ROMS[2].u_weight_rom/data_o_reg_0/CLKARDCLK
Min Period        n/a     RAMB36E2/CLKBWRCLK  n/a            1.355         10.000      8.645      RAMB36_X1Y41  u_tpu_top/u_layer_controller/u_tile_controller/GEN_WEIGHT_ROMS[2].u_weight_rom/data_o_reg_0/CLKBWRCLK
Low Pulse Width   Slow    RAMB36E2/CLKARDCLK  n/a            0.542         5.000       4.458      RAMB36_X1Y43  u_tpu_top/u_layer_controller/u_tile_controller/GEN_WEIGHT_ROMS[0].u_weight_rom/data_o_reg_0/CLKARDCLK
Low Pulse Width   Fast    RAMB36E2/CLKARDCLK  n/a            0.542         5.000       4.458      RAMB36_X1Y43  u_tpu_top/u_layer_controller/u_tile_controller/GEN_WEIGHT_ROMS[0].u_weight_rom/data_o_reg_0/CLKARDCLK
Low Pulse Width   Slow    RAMB36E2/CLKBWRCLK  n/a            0.542         5.000       4.458      RAMB36_X1Y43  u_tpu_top/u_layer_controller/u_tile_controller/GEN_WEIGHT_ROMS[0].u_weight_rom/data_o_reg_0/CLKBWRCLK
Low Pulse Width   Fast    RAMB36E2/CLKBWRCLK  n/a            0.542         5.000       4.458      RAMB36_X1Y43  u_tpu_top/u_layer_controller/u_tile_controller/GEN_WEIGHT_ROMS[0].u_weight_rom/data_o_reg_0/CLKBWRCLK
Low Pulse Width   Slow    RAMB36E2/CLKARDCLK  n/a            0.542         5.000       4.458      RAMB36_X1Y44  u_tpu_top/u_layer_controller/u_tile_controller/GEN_WEIGHT_ROMS[0].u_weight_rom/data_o_reg_1/CLKARDCLK
Low Pulse Width   Fast    RAMB36E2/CLKARDCLK  n/a            0.542         5.000       4.458      RAMB36_X1Y44  u_tpu_top/u_layer_controller/u_tile_controller/GEN_WEIGHT_ROMS[0].u_weight_rom/data_o_reg_1/CLKARDCLK
Low Pulse Width   Slow    RAMB36E2/CLKBWRCLK  n/a            0.542         5.000       4.458      RAMB36_X1Y44  u_tpu_top/u_layer_controller/u_tile_controller/GEN_WEIGHT_ROMS[0].u_weight_rom/data_o_reg_1/CLKBWRCLK
Low Pulse Width   Fast    RAMB36E2/CLKBWRCLK  n/a            0.542         5.000       4.458      RAMB36_X1Y44  u_tpu_top/u_layer_controller/u_tile_controller/GEN_WEIGHT_ROMS[0].u_weight_rom/data_o_reg_1/CLKBWRCLK
Low Pulse Width   Slow    RAMB36E2/CLKARDCLK  n/a            0.542         5.000       4.458      RAMB36_X1Y41  u_tpu_top/u_layer_controller/u_tile_controller/GEN_WEIGHT_ROMS[2].u_weight_rom/data_o_reg_0/CLKARDCLK
Low Pulse Width   Fast    RAMB36E2/CLKARDCLK  n/a            0.542         5.000       4.458      RAMB36_X1Y41  u_tpu_top/u_layer_controller/u_tile_controller/GEN_WEIGHT_ROMS[2].u_weight_rom/data_o_reg_0/CLKARDCLK
High Pulse Width  Slow    RAMB36E2/CLKARDCLK  n/a            0.542         5.000       4.458      RAMB36_X1Y43  u_tpu_top/u_layer_controller/u_tile_controller/GEN_WEIGHT_ROMS[0].u_weight_rom/data_o_reg_0/CLKARDCLK
High Pulse Width  Fast    RAMB36E2/CLKARDCLK  n/a            0.542         5.000       4.458      RAMB36_X1Y43  u_tpu_top/u_layer_controller/u_tile_controller/GEN_WEIGHT_ROMS[0].u_weight_rom/data_o_reg_0/CLKARDCLK
High Pulse Width  Slow    RAMB36E2/CLKBWRCLK  n/a            0.542         5.000       4.458      RAMB36_X1Y43  u_tpu_top/u_layer_controller/u_tile_controller/GEN_WEIGHT_ROMS[0].u_weight_rom/data_o_reg_0/CLKBWRCLK
High Pulse Width  Fast    RAMB36E2/CLKBWRCLK  n/a            0.542         5.000       4.458      RAMB36_X1Y43  u_tpu_top/u_layer_controller/u_tile_controller/GEN_WEIGHT_ROMS[0].u_weight_rom/data_o_reg_0/CLKBWRCLK
High Pulse Width  Slow    RAMB36E2/CLKARDCLK  n/a            0.542         5.000       4.458      RAMB36_X1Y44  u_tpu_top/u_layer_controller/u_tile_controller/GEN_WEIGHT_ROMS[0].u_weight_rom/data_o_reg_1/CLKARDCLK
High Pulse Width  Fast    RAMB36E2/CLKARDCLK  n/a            0.542         5.000       4.458      RAMB36_X1Y44  u_tpu_top/u_layer_controller/u_tile_controller/GEN_WEIGHT_ROMS[0].u_weight_rom/data_o_reg_1/CLKARDCLK
High Pulse Width  Slow    RAMB36E2/CLKBWRCLK  n/a            0.542         5.000       4.458      RAMB36_X1Y44  u_tpu_top/u_layer_controller/u_tile_controller/GEN_WEIGHT_ROMS[0].u_weight_rom/data_o_reg_1/CLKBWRCLK
High Pulse Width  Fast    RAMB36E2/CLKBWRCLK  n/a            0.542         5.000       4.458      RAMB36_X1Y44  u_tpu_top/u_layer_controller/u_tile_controller/GEN_WEIGHT_ROMS[0].u_weight_rom/data_o_reg_1/CLKBWRCLK
High Pulse Width  Slow    RAMB36E2/CLKARDCLK  n/a            0.542         5.000       4.458      RAMB36_X1Y41  u_tpu_top/u_layer_controller/u_tile_controller/GEN_WEIGHT_ROMS[2].u_weight_rom/data_o_reg_0/CLKARDCLK
High Pulse Width  Fast    RAMB36E2/CLKARDCLK  n/a            0.542         5.000       4.458      RAMB36_X1Y41  u_tpu_top/u_layer_controller/u_tile_controller/GEN_WEIGHT_ROMS[2].u_weight_rom/data_o_reg_0/CLKARDCLK



--------------------------------------------------------------------------------------
Path Group:  (none)
From Clock:  
  To Clock:  s_axi_aclk

Max Delay          2826 Endpoints
Min Delay          2826 Endpoints
--------------------------------------------------------------------------------------


Max Delay Paths
--------------------------------------------------------------------------------------
Slack:                    inf
  Source:                 s_axi_aresetn
                            (input port)
  Destination:            u_tpu_top/u_datapath/u_accumulator_array/acc_mem_q_reg[0][1][26]/CLR
                            (recovery check against rising-edge clock s_axi_aclk  {rise@0.000ns fall@5.000ns period=10.000ns})
  Path Group:             (none)
  Path Type:              Recovery (Max at Slow Process Corner)
  Data Path Delay:        4.259ns  (logic 0.979ns (22.993%)  route 3.280ns (77.007%))
  Logic Levels:           2  (IBUFCTRL=1 INBUF=1)
  Clock Path Skew:        2.602ns (DCD - SCD + CPR)
    Destination Clock Delay (DCD):    2.602ns
    Source Clock Delay      (SCD):    0.000ns
    Clock Pessimism Removal (CPR):    0.000ns
  Clock Uncertainty:      0.125ns  ((TSJ^2 + TIJ^2)^1/2 + DJ) / 2 + PE + UU
    Total System Jitter     (TSJ):    0.050ns
    Total Input Jitter      (TIJ):    0.000ns
    Discrete Jitter          (DJ):    0.000ns
    Phase Error              (PE):    0.000ns
    User Uncertainty         (UU):    0.100ns
  Clock Net Delay (Destination): 1.930ns (routing 1.032ns, distribution 0.898ns)
  Timing Exception:       False Path

    Location             Delay type                Incr(ns)  Path(ns)    Netlist Resource(s)
  -------------------------------------------------------------------    -------------------
    N13                                               0.000     0.000 r  s_axi_aresetn (IN)
                         net (fo=0)                   0.000     0.000    s_axi_aresetn_IBUF_inst/I
    N13                  INBUF (Prop_INBUF_HDIOB_M_PAD_O)
                                                      0.979     0.979 r  s_axi_aresetn_IBUF_inst/INBUF_INST/O
                         net (fo=1, routed)           0.000     0.979    s_axi_aresetn_IBUF_inst/OUT
    N13                  IBUFCTRL (Prop_IBUFCTRL_HDIOB_M_I_O)
                                                      0.000     0.979 r  s_axi_aresetn_IBUF_inst/IBUFCTRL_INST/O
                         net (fo=2826, routed)        3.280     4.259    u_tpu_top/u_datapath/u_accumulator_array/s_axi_aresetn_IBUF
    SLICE_X64Y170        FDCE                                         f  u_tpu_top/u_datapath/u_accumulator_array/acc_mem_q_reg[0][1][26]/CLR  (IS_INVERTED)
  -------------------------------------------------------------------    -------------------

                         (clock s_axi_aclk rise edge)
                                                      0.000     0.000 r  
    M10                                               0.000     0.000 r  s_axi_aclk (IN)
                         net (fo=0)                   0.000     0.000    s_axi_aclk_IBUF_inst/I
    M10                  INBUF (Prop_INBUF_HDIOB_M_PAD_O)
                                                      0.479     0.479 r  s_axi_aclk_IBUF_inst/INBUF_INST/O
                         net (fo=1, routed)           0.000     0.479    s_axi_aclk_IBUF_inst/OUT
    M10                  IBUFCTRL (Prop_IBUFCTRL_HDIOB_M_I_O)
                                                      0.000     0.479 r  s_axi_aclk_IBUF_inst/IBUFCTRL_INST/O
                         net (fo=1, routed)           0.169     0.648    s_axi_aclk_IBUF
    BUFGCE_HDIO_X2Y0     BUFGCE (Prop_BUFCE_BUFGCE_HDIO_I_O)
                                                      0.024     0.672 r  s_axi_aclk_IBUF_BUFG_inst/O
    X1Y3 (CLOCK_ROOT)    net (fo=3130, routed)        1.930     2.602    u_tpu_top/u_datapath/u_accumulator_array/s_axi_aclk_IBUF_BUFG
    SLICE_X64Y170        FDCE                                         r  u_tpu_top/u_datapath/u_accumulator_array/acc_mem_q_reg[0][1][26]/C

Slack:                    inf
  Source:                 s_axi_aresetn
                            (input port)
  Destination:            u_tpu_top/u_datapath/u_accumulator_array/acc_mem_q_reg[10][1][23]/CLR
                            (recovery check against rising-edge clock s_axi_aclk  {rise@0.000ns fall@5.000ns period=10.000ns})
  Path Group:             (none)
  Path Type:              Recovery (Max at Slow Process Corner)
  Data Path Delay:        4.259ns  (logic 0.979ns (22.993%)  route 3.280ns (77.007%))
  Logic Levels:           2  (IBUFCTRL=1 INBUF=1)
  Clock Path Skew:        2.603ns (DCD - SCD + CPR)
    Destination Clock Delay (DCD):    2.603ns
    Source Clock Delay      (SCD):    0.000ns
    Clock Pessimism Removal (CPR):    0.000ns
  Clock Uncertainty:      0.125ns  ((TSJ^2 + TIJ^2)^1/2 + DJ) / 2 + PE + UU
    Total System Jitter     (TSJ):    0.050ns
    Total Input Jitter      (TIJ):    0.000ns
    Discrete Jitter          (DJ):    0.000ns
    Phase Error              (PE):    0.000ns
    User Uncertainty         (UU):    0.100ns
  Clock Net Delay (Destination): 1.931ns (routing 1.032ns, distribution 0.899ns)
  Timing Exception:       False Path

    Location             Delay type                Incr(ns)  Path(ns)    Netlist Resource(s)
  -------------------------------------------------------------------    -------------------
    N13                                               0.000     0.000 r  s_axi_aresetn (IN)
                         net (fo=0)                   0.000     0.000    s_axi_aresetn_IBUF_inst/I
    N13                  INBUF (Prop_INBUF_HDIOB_M_PAD_O)
                                                      0.979     0.979 r  s_axi_aresetn_IBUF_inst/INBUF_INST/O
                         net (fo=1, routed)           0.000     0.979    s_axi_aresetn_IBUF_inst/OUT
    N13                  IBUFCTRL (Prop_IBUFCTRL_HDIOB_M_I_O)
                                                      0.000     0.979 r  s_axi_aresetn_IBUF_inst/IBUFCTRL_INST/O
                         net (fo=2826, routed)        3.280     4.259    u_tpu_top/u_datapath/u_accumulator_array/s_axi_aresetn_IBUF
    SLICE_X64Y171        FDCE                                         f  u_tpu_top/u_datapath/u_accumulator_array/acc_mem_q_reg[10][1][23]/CLR  (IS_INVERTED)
  -------------------------------------------------------------------    -------------------

                         (clock s_axi_aclk rise edge)
                                                      0.000     0.000 r  
    M10                                               0.000     0.000 r  s_axi_aclk (IN)
                         net (fo=0)                   0.000     0.000    s_axi_aclk_IBUF_inst/I
    M10                  INBUF (Prop_INBUF_HDIOB_M_PAD_O)
                                                      0.479     0.479 r  s_axi_aclk_IBUF_inst/INBUF_INST/O
                         net (fo=1, routed)           0.000     0.479    s_axi_aclk_IBUF_inst/OUT
    M10                  IBUFCTRL (Prop_IBUFCTRL_HDIOB_M_I_O)
                                                      0.000     0.479 r  s_axi_aclk_IBUF_inst/IBUFCTRL_INST/O
                         net (fo=1, routed)           0.169     0.648    s_axi_aclk_IBUF
    BUFGCE_HDIO_X2Y0     BUFGCE (Prop_BUFCE_BUFGCE_HDIO_I_O)
                                                      0.024     0.672 r  s_axi_aclk_IBUF_BUFG_inst/O
    X1Y3 (CLOCK_ROOT)    net (fo=3130, routed)        1.931     2.603    u_tpu_top/u_datapath/u_accumulator_array/s_axi_aclk_IBUF_BUFG
    SLICE_X64Y171        FDCE                                         r  u_tpu_top/u_datapath/u_accumulator_array/acc_mem_q_reg[10][1][23]/C

Slack:                    inf
  Source:                 s_axi_aresetn
                            (input port)
  Destination:            u_tpu_top/u_datapath/u_accumulator_array/acc_mem_q_reg[13][1][26]/CLR
                            (recovery check against rising-edge clock s_axi_aclk  {rise@0.000ns fall@5.000ns period=10.000ns})
  Path Group:             (none)
  Path Type:              Recovery (Max at Slow Process Corner)
  Data Path Delay:        4.259ns  (logic 0.979ns (22.993%)  route 3.280ns (77.007%))
  Logic Levels:           2  (IBUFCTRL=1 INBUF=1)
  Clock Path Skew:        2.602ns (DCD - SCD + CPR)
    Destination Clock Delay (DCD):    2.602ns
    Source Clock Delay      (SCD):    0.000ns
    Clock Pessimism Removal (CPR):    0.000ns
  Clock Uncertainty:      0.125ns  ((TSJ^2 + TIJ^2)^1/2 + DJ) / 2 + PE + UU
    Total System Jitter     (TSJ):    0.050ns
    Total Input Jitter      (TIJ):    0.000ns
    Discrete Jitter          (DJ):    0.000ns
    Phase Error              (PE):    0.000ns
    User Uncertainty         (UU):    0.100ns
  Clock Net Delay (Destination): 1.930ns (routing 1.032ns, distribution 0.898ns)
  Timing Exception:       False Path

    Location             Delay type                Incr(ns)  Path(ns)    Netlist Resource(s)
  -------------------------------------------------------------------    -------------------
    N13                                               0.000     0.000 r  s_axi_aresetn (IN)
                         net (fo=0)                   0.000     0.000    s_axi_aresetn_IBUF_inst/I
    N13                  INBUF (Prop_INBUF_HDIOB_M_PAD_O)
                                                      0.979     0.979 r  s_axi_aresetn_IBUF_inst/INBUF_INST/O
                         net (fo=1, routed)           0.000     0.979    s_axi_aresetn_IBUF_inst/OUT
    N13                  IBUFCTRL (Prop_IBUFCTRL_HDIOB_M_I_O)
                                                      0.000     0.979 r  s_axi_aresetn_IBUF_inst/IBUFCTRL_INST/O
                         net (fo=2826, routed)        3.280     4.259    u_tpu_top/u_datapath/u_accumulator_array/s_axi_aresetn_IBUF
    SLICE_X64Y170        FDCE                                         f  u_tpu_top/u_datapath/u_accumulator_array/acc_mem_q_reg[13][1][26]/CLR  (IS_INVERTED)
  -------------------------------------------------------------------    -------------------

                         (clock s_axi_aclk rise edge)
                                                      0.000     0.000 r  
    M10                                               0.000     0.000 r  s_axi_aclk (IN)
                         net (fo=0)                   0.000     0.000    s_axi_aclk_IBUF_inst/I
    M10                  INBUF (Prop_INBUF_HDIOB_M_PAD_O)
                                                      0.479     0.479 r  s_axi_aclk_IBUF_inst/INBUF_INST/O
                         net (fo=1, routed)           0.000     0.479    s_axi_aclk_IBUF_inst/OUT
    M10                  IBUFCTRL (Prop_IBUFCTRL_HDIOB_M_I_O)
                                                      0.000     0.479 r  s_axi_aclk_IBUF_inst/IBUFCTRL_INST/O
                         net (fo=1, routed)           0.169     0.648    s_axi_aclk_IBUF
    BUFGCE_HDIO_X2Y0     BUFGCE (Prop_BUFCE_BUFGCE_HDIO_I_O)
                                                      0.024     0.672 r  s_axi_aclk_IBUF_BUFG_inst/O
    X1Y3 (CLOCK_ROOT)    net (fo=3130, routed)        1.930     2.602    u_tpu_top/u_datapath/u_accumulator_array/s_axi_aclk_IBUF_BUFG
    SLICE_X64Y170        FDCE                                         r  u_tpu_top/u_datapath/u_accumulator_array/acc_mem_q_reg[13][1][26]/C

Slack:                    inf
  Source:                 s_axi_aresetn
                            (input port)
  Destination:            u_tpu_top/u_datapath/u_accumulator_array/acc_mem_q_reg[9][1][23]/CLR
                            (recovery check against rising-edge clock s_axi_aclk  {rise@0.000ns fall@5.000ns period=10.000ns})
  Path Group:             (none)
  Path Type:              Recovery (Max at Slow Process Corner)
  Data Path Delay:        4.259ns  (logic 0.979ns (22.993%)  route 3.280ns (77.007%))
  Logic Levels:           2  (IBUFCTRL=1 INBUF=1)
  Clock Path Skew:        2.603ns (DCD - SCD + CPR)
    Destination Clock Delay (DCD):    2.603ns
    Source Clock Delay      (SCD):    0.000ns
    Clock Pessimism Removal (CPR):    0.000ns
  Clock Uncertainty:      0.125ns  ((TSJ^2 + TIJ^2)^1/2 + DJ) / 2 + PE + UU
    Total System Jitter     (TSJ):    0.050ns
    Total Input Jitter      (TIJ):    0.000ns
    Discrete Jitter          (DJ):    0.000ns
    Phase Error              (PE):    0.000ns
    User Uncertainty         (UU):    0.100ns
  Clock Net Delay (Destination): 1.931ns (routing 1.032ns, distribution 0.899ns)
  Timing Exception:       False Path

    Location             Delay type                Incr(ns)  Path(ns)    Netlist Resource(s)
  -------------------------------------------------------------------    -------------------
    N13                                               0.000     0.000 r  s_axi_aresetn (IN)
                         net (fo=0)                   0.000     0.000    s_axi_aresetn_IBUF_inst/I
    N13                  INBUF (Prop_INBUF_HDIOB_M_PAD_O)
                                                      0.979     0.979 r  s_axi_aresetn_IBUF_inst/INBUF_INST/O
                         net (fo=1, routed)           0.000     0.979    s_axi_aresetn_IBUF_inst/OUT
    N13                  IBUFCTRL (Prop_IBUFCTRL_HDIOB_M_I_O)
                                                      0.000     0.979 r  s_axi_aresetn_IBUF_inst/IBUFCTRL_INST/O
                         net (fo=2826, routed)        3.280     4.259    u_tpu_top/u_datapath/u_accumulator_array/s_axi_aresetn_IBUF
    SLICE_X64Y171        FDCE                                         f  u_tpu_top/u_datapath/u_accumulator_array/acc_mem_q_reg[9][1][23]/CLR  (IS_INVERTED)
  -------------------------------------------------------------------    -------------------

                         (clock s_axi_aclk rise edge)
                                                      0.000     0.000 r  
    M10                                               0.000     0.000 r  s_axi_aclk (IN)
                         net (fo=0)                   0.000     0.000    s_axi_aclk_IBUF_inst/I
    M10                  INBUF (Prop_INBUF_HDIOB_M_PAD_O)
                                                      0.479     0.479 r  s_axi_aclk_IBUF_inst/INBUF_INST/O
                         net (fo=1, routed)           0.000     0.479    s_axi_aclk_IBUF_inst/OUT
    M10                  IBUFCTRL (Prop_IBUFCTRL_HDIOB_M_I_O)
                                                      0.000     0.479 r  s_axi_aclk_IBUF_inst/IBUFCTRL_INST/O
                         net (fo=1, routed)           0.169     0.648    s_axi_aclk_IBUF
    BUFGCE_HDIO_X2Y0     BUFGCE (Prop_BUFCE_BUFGCE_HDIO_I_O)
                                                      0.024     0.672 r  s_axi_aclk_IBUF_BUFG_inst/O
    X1Y3 (CLOCK_ROOT)    net (fo=3130, routed)        1.931     2.603    u_tpu_top/u_datapath/u_accumulator_array/s_axi_aclk_IBUF_BUFG
    SLICE_X64Y171        FDCE                                         r  u_tpu_top/u_datapath/u_accumulator_array/acc_mem_q_reg[9][1][23]/C

Slack:                    inf
  Source:                 s_axi_aresetn
                            (input port)
  Destination:            u_tpu_top/u_datapath/u_accumulator_array/acc_mem_q_reg[4][1][17]/CLR
                            (recovery check against rising-edge clock s_axi_aclk  {rise@0.000ns fall@5.000ns period=10.000ns})
  Path Group:             (none)
  Path Type:              Recovery (Max at Slow Process Corner)
  Data Path Delay:        4.258ns  (logic 0.979ns (22.999%)  route 3.279ns (77.001%))
  Logic Levels:           2  (IBUFCTRL=1 INBUF=1)
  Clock Path Skew:        2.601ns (DCD - SCD + CPR)
    Destination Clock Delay (DCD):    2.601ns
    Source Clock Delay      (SCD):    0.000ns
    Clock Pessimism Removal (CPR):    0.000ns
  Clock Uncertainty:      0.125ns  ((TSJ^2 + TIJ^2)^1/2 + DJ) / 2 + PE + UU
    Total System Jitter     (TSJ):    0.050ns
    Total Input Jitter      (TIJ):    0.000ns
    Discrete Jitter          (DJ):    0.000ns
    Phase Error              (PE):    0.000ns
    User Uncertainty         (UU):    0.100ns
  Clock Net Delay (Destination): 1.929ns (routing 1.032ns, distribution 0.897ns)
  Timing Exception:       False Path

    Location             Delay type                Incr(ns)  Path(ns)    Netlist Resource(s)
  -------------------------------------------------------------------    -------------------
    N13                                               0.000     0.000 r  s_axi_aresetn (IN)
                         net (fo=0)                   0.000     0.000    s_axi_aresetn_IBUF_inst/I
    N13                  INBUF (Prop_INBUF_HDIOB_M_PAD_O)
                                                      0.979     0.979 r  s_axi_aresetn_IBUF_inst/INBUF_INST/O
                         net (fo=1, routed)           0.000     0.979    s_axi_aresetn_IBUF_inst/OUT
    N13                  IBUFCTRL (Prop_IBUFCTRL_HDIOB_M_I_O)
                                                      0.000     0.979 r  s_axi_aresetn_IBUF_inst/IBUFCTRL_INST/O
                         net (fo=2826, routed)        3.279     4.258    u_tpu_top/u_datapath/u_accumulator_array/s_axi_aresetn_IBUF
    SLICE_X64Y168        FDCE                                         f  u_tpu_top/u_datapath/u_accumulator_array/acc_mem_q_reg[4][1][17]/CLR  (IS_INVERTED)
  -------------------------------------------------------------------    -------------------

                         (clock s_axi_aclk rise edge)
                                                      0.000     0.000 r  
    M10                                               0.000     0.000 r  s_axi_aclk (IN)
                         net (fo=0)                   0.000     0.000    s_axi_aclk_IBUF_inst/I
    M10                  INBUF (Prop_INBUF_HDIOB_M_PAD_O)
                                                      0.479     0.479 r  s_axi_aclk_IBUF_inst/INBUF_INST/O
                         net (fo=1, routed)           0.000     0.479    s_axi_aclk_IBUF_inst/OUT
    M10                  IBUFCTRL (Prop_IBUFCTRL_HDIOB_M_I_O)
                                                      0.000     0.479 r  s_axi_aclk_IBUF_inst/IBUFCTRL_INST/O
                         net (fo=1, routed)           0.169     0.648    s_axi_aclk_IBUF
    BUFGCE_HDIO_X2Y0     BUFGCE (Prop_BUFCE_BUFGCE_HDIO_I_O)
                                                      0.024     0.672 r  s_axi_aclk_IBUF_BUFG_inst/O
    X1Y3 (CLOCK_ROOT)    net (fo=3130, routed)        1.929     2.601    u_tpu_top/u_datapath/u_accumulator_array/s_axi_aclk_IBUF_BUFG
    SLICE_X64Y168        FDCE                                         r  u_tpu_top/u_datapath/u_accumulator_array/acc_mem_q_reg[4][1][17]/C

Slack:                    inf
  Source:                 s_axi_aresetn
                            (input port)
  Destination:            u_tpu_top/u_datapath/u_accumulator_array/acc_mem_q_reg[9][1][17]/CLR
                            (recovery check against rising-edge clock s_axi_aclk  {rise@0.000ns fall@5.000ns period=10.000ns})
  Path Group:             (none)
  Path Type:              Recovery (Max at Slow Process Corner)
  Data Path Delay:        4.258ns  (logic 0.979ns (22.999%)  route 3.279ns (77.001%))
  Logic Levels:           2  (IBUFCTRL=1 INBUF=1)
  Clock Path Skew:        2.601ns (DCD - SCD + CPR)
    Destination Clock Delay (DCD):    2.601ns
    Source Clock Delay      (SCD):    0.000ns
    Clock Pessimism Removal (CPR):    0.000ns
  Clock Uncertainty:      0.125ns  ((TSJ^2 + TIJ^2)^1/2 + DJ) / 2 + PE + UU
    Total System Jitter     (TSJ):    0.050ns
    Total Input Jitter      (TIJ):    0.000ns
    Discrete Jitter          (DJ):    0.000ns
    Phase Error              (PE):    0.000ns
    User Uncertainty         (UU):    0.100ns
  Clock Net Delay (Destination): 1.929ns (routing 1.032ns, distribution 0.897ns)
  Timing Exception:       False Path

    Location             Delay type                Incr(ns)  Path(ns)    Netlist Resource(s)
  -------------------------------------------------------------------    -------------------
    N13                                               0.000     0.000 r  s_axi_aresetn (IN)
                         net (fo=0)                   0.000     0.000    s_axi_aresetn_IBUF_inst/I
    N13                  INBUF (Prop_INBUF_HDIOB_M_PAD_O)
                                                      0.979     0.979 r  s_axi_aresetn_IBUF_inst/INBUF_INST/O
                         net (fo=1, routed)           0.000     0.979    s_axi_aresetn_IBUF_inst/OUT
    N13                  IBUFCTRL (Prop_IBUFCTRL_HDIOB_M_I_O)
                                                      0.000     0.979 r  s_axi_aresetn_IBUF_inst/IBUFCTRL_INST/O
                         net (fo=2826, routed)        3.279     4.258    u_tpu_top/u_datapath/u_accumulator_array/s_axi_aresetn_IBUF
    SLICE_X64Y168        FDCE                                         f  u_tpu_top/u_datapath/u_accumulator_array/acc_mem_q_reg[9][1][17]/CLR  (IS_INVERTED)
  -------------------------------------------------------------------    -------------------

                         (clock s_axi_aclk rise edge)
                                                      0.000     0.000 r  
    M10                                               0.000     0.000 r  s_axi_aclk (IN)
                         net (fo=0)                   0.000     0.000    s_axi_aclk_IBUF_inst/I
    M10                  INBUF (Prop_INBUF_HDIOB_M_PAD_O)
                                                      0.479     0.479 r  s_axi_aclk_IBUF_inst/INBUF_INST/O
                         net (fo=1, routed)           0.000     0.479    s_axi_aclk_IBUF_inst/OUT
    M10                  IBUFCTRL (Prop_IBUFCTRL_HDIOB_M_I_O)
                                                      0.000     0.479 r  s_axi_aclk_IBUF_inst/IBUFCTRL_INST/O
                         net (fo=1, routed)           0.169     0.648    s_axi_aclk_IBUF
    BUFGCE_HDIO_X2Y0     BUFGCE (Prop_BUFCE_BUFGCE_HDIO_I_O)
                                                      0.024     0.672 r  s_axi_aclk_IBUF_BUFG_inst/O
    X1Y3 (CLOCK_ROOT)    net (fo=3130, routed)        1.929     2.601    u_tpu_top/u_datapath/u_accumulator_array/s_axi_aclk_IBUF_BUFG
    SLICE_X64Y168        FDCE                                         r  u_tpu_top/u_datapath/u_accumulator_array/acc_mem_q_reg[9][1][17]/C

Slack:                    inf
  Source:                 s_axi_aresetn
                            (input port)
  Destination:            u_tpu_top/u_datapath/u_accumulator_array/acc_mem_q_reg[2][1][23]/CLR
                            (recovery check against rising-edge clock s_axi_aclk  {rise@0.000ns fall@5.000ns period=10.000ns})
  Path Group:             (none)
  Path Type:              Recovery (Max at Slow Process Corner)
  Data Path Delay:        4.256ns  (logic 0.979ns (23.010%)  route 3.277ns (76.990%))
  Logic Levels:           2  (IBUFCTRL=1 INBUF=1)
  Clock Path Skew:        2.602ns (DCD - SCD + CPR)
    Destination Clock Delay (DCD):    2.602ns
    Source Clock Delay      (SCD):    0.000ns
    Clock Pessimism Removal (CPR):    0.000ns
  Clock Uncertainty:      0.125ns  ((TSJ^2 + TIJ^2)^1/2 + DJ) / 2 + PE + UU
    Total System Jitter     (TSJ):    0.050ns
    Total Input Jitter      (TIJ):    0.000ns
    Discrete Jitter          (DJ):    0.000ns
    Phase Error              (PE):    0.000ns
    User Uncertainty         (UU):    0.100ns
  Clock Net Delay (Destination): 1.930ns (routing 1.032ns, distribution 0.898ns)
  Timing Exception:       False Path

    Location             Delay type                Incr(ns)  Path(ns)    Netlist Resource(s)
  -------------------------------------------------------------------    -------------------
    N13                                               0.000     0.000 r  s_axi_aresetn (IN)
                         net (fo=0)                   0.000     0.000    s_axi_aresetn_IBUF_inst/I
    N13                  INBUF (Prop_INBUF_HDIOB_M_PAD_O)
                                                      0.979     0.979 r  s_axi_aresetn_IBUF_inst/INBUF_INST/O
                         net (fo=1, routed)           0.000     0.979    s_axi_aresetn_IBUF_inst/OUT
    N13                  IBUFCTRL (Prop_IBUFCTRL_HDIOB_M_I_O)
                                                      0.000     0.979 r  s_axi_aresetn_IBUF_inst/IBUFCTRL_INST/O
                         net (fo=2826, routed)        3.277     4.256    u_tpu_top/u_datapath/u_accumulator_array/s_axi_aresetn_IBUF
    SLICE_X64Y171        FDCE                                         f  u_tpu_top/u_datapath/u_accumulator_array/acc_mem_q_reg[2][1][23]/CLR  (IS_INVERTED)
  -------------------------------------------------------------------    -------------------

                         (clock s_axi_aclk rise edge)
                                                      0.000     0.000 r  
    M10                                               0.000     0.000 r  s_axi_aclk (IN)
                         net (fo=0)                   0.000     0.000    s_axi_aclk_IBUF_inst/I
    M10                  INBUF (Prop_INBUF_HDIOB_M_PAD_O)
                                                      0.479     0.479 r  s_axi_aclk_IBUF_inst/INBUF_INST/O
                         net (fo=1, routed)           0.000     0.479    s_axi_aclk_IBUF_inst/OUT
    M10                  IBUFCTRL (Prop_IBUFCTRL_HDIOB_M_I_O)
                                                      0.000     0.479 r  s_axi_aclk_IBUF_inst/IBUFCTRL_INST/O
                         net (fo=1, routed)           0.169     0.648    s_axi_aclk_IBUF
    BUFGCE_HDIO_X2Y0     BUFGCE (Prop_BUFCE_BUFGCE_HDIO_I_O)
                                                      0.024     0.672 r  s_axi_aclk_IBUF_BUFG_inst/O
    X1Y3 (CLOCK_ROOT)    net (fo=3130, routed)        1.930     2.602    u_tpu_top/u_datapath/u_accumulator_array/s_axi_aclk_IBUF_BUFG
    SLICE_X64Y171        FDCE                                         r  u_tpu_top/u_datapath/u_accumulator_array/acc_mem_q_reg[2][1][23]/C

Slack:                    inf
  Source:                 s_axi_aresetn
                            (input port)
  Destination:            u_tpu_top/u_datapath/u_accumulator_array/acc_mem_q_reg[4][1][26]/CLR
                            (recovery check against rising-edge clock s_axi_aclk  {rise@0.000ns fall@5.000ns period=10.000ns})
  Path Group:             (none)
  Path Type:              Recovery (Max at Slow Process Corner)
  Data Path Delay:        4.256ns  (logic 0.979ns (23.010%)  route 3.277ns (76.990%))
  Logic Levels:           2  (IBUFCTRL=1 INBUF=1)
  Clock Path Skew:        2.601ns (DCD - SCD + CPR)
    Destination Clock Delay (DCD):    2.601ns
    Source Clock Delay      (SCD):    0.000ns
    Clock Pessimism Removal (CPR):    0.000ns
  Clock Uncertainty:      0.125ns  ((TSJ^2 + TIJ^2)^1/2 + DJ) / 2 + PE + UU
    Total System Jitter     (TSJ):    0.050ns
    Total Input Jitter      (TIJ):    0.000ns
    Discrete Jitter          (DJ):    0.000ns
    Phase Error              (PE):    0.000ns
    User Uncertainty         (UU):    0.100ns
  Clock Net Delay (Destination): 1.929ns (routing 1.032ns, distribution 0.897ns)
  Timing Exception:       False Path

    Location             Delay type                Incr(ns)  Path(ns)    Netlist Resource(s)
  -------------------------------------------------------------------    -------------------
    N13                                               0.000     0.000 r  s_axi_aresetn (IN)
                         net (fo=0)                   0.000     0.000    s_axi_aresetn_IBUF_inst/I
    N13                  INBUF (Prop_INBUF_HDIOB_M_PAD_O)
                                                      0.979     0.979 r  s_axi_aresetn_IBUF_inst/INBUF_INST/O
                         net (fo=1, routed)           0.000     0.979    s_axi_aresetn_IBUF_inst/OUT
    N13                  IBUFCTRL (Prop_IBUFCTRL_HDIOB_M_I_O)
                                                      0.000     0.979 r  s_axi_aresetn_IBUF_inst/IBUFCTRL_INST/O
                         net (fo=2826, routed)        3.277     4.256    u_tpu_top/u_datapath/u_accumulator_array/s_axi_aresetn_IBUF
    SLICE_X64Y170        FDCE                                         f  u_tpu_top/u_datapath/u_accumulator_array/acc_mem_q_reg[4][1][26]/CLR  (IS_INVERTED)
  -------------------------------------------------------------------    -------------------

                         (clock s_axi_aclk rise edge)
                                                      0.000     0.000 r  
    M10                                               0.000     0.000 r  s_axi_aclk (IN)
                         net (fo=0)                   0.000     0.000    s_axi_aclk_IBUF_inst/I
    M10                  INBUF (Prop_INBUF_HDIOB_M_PAD_O)
                                                      0.479     0.479 r  s_axi_aclk_IBUF_inst/INBUF_INST/O
                         net (fo=1, routed)           0.000     0.479    s_axi_aclk_IBUF_inst/OUT
    M10                  IBUFCTRL (Prop_IBUFCTRL_HDIOB_M_I_O)
                                                      0.000     0.479 r  s_axi_aclk_IBUF_inst/IBUFCTRL_INST/O
                         net (fo=1, routed)           0.169     0.648    s_axi_aclk_IBUF
    BUFGCE_HDIO_X2Y0     BUFGCE (Prop_BUFCE_BUFGCE_HDIO_I_O)
                                                      0.024     0.672 r  s_axi_aclk_IBUF_BUFG_inst/O
    X1Y3 (CLOCK_ROOT)    net (fo=3130, routed)        1.929     2.601    u_tpu_top/u_datapath/u_accumulator_array/s_axi_aclk_IBUF_BUFG
    SLICE_X64Y170        FDCE                                         r  u_tpu_top/u_datapath/u_accumulator_array/acc_mem_q_reg[4][1][26]/C

Slack:                    inf
  Source:                 s_axi_aresetn
                            (input port)
  Destination:            u_tpu_top/u_datapath/u_accumulator_array/acc_mem_q_reg[9][1][26]/CLR
                            (recovery check against rising-edge clock s_axi_aclk  {rise@0.000ns fall@5.000ns period=10.000ns})
  Path Group:             (none)
  Path Type:              Recovery (Max at Slow Process Corner)
  Data Path Delay:        4.256ns  (logic 0.979ns (23.010%)  route 3.277ns (76.990%))
  Logic Levels:           2  (IBUFCTRL=1 INBUF=1)
  Clock Path Skew:        2.601ns (DCD - SCD + CPR)
    Destination Clock Delay (DCD):    2.601ns
    Source Clock Delay      (SCD):    0.000ns
    Clock Pessimism Removal (CPR):    0.000ns
  Clock Uncertainty:      0.125ns  ((TSJ^2 + TIJ^2)^1/2 + DJ) / 2 + PE + UU
    Total System Jitter     (TSJ):    0.050ns
    Total Input Jitter      (TIJ):    0.000ns
    Discrete Jitter          (DJ):    0.000ns
    Phase Error              (PE):    0.000ns
    User Uncertainty         (UU):    0.100ns
  Clock Net Delay (Destination): 1.929ns (routing 1.032ns, distribution 0.897ns)
  Timing Exception:       False Path

    Location             Delay type                Incr(ns)  Path(ns)    Netlist Resource(s)
  -------------------------------------------------------------------    -------------------
    N13                                               0.000     0.000 r  s_axi_aresetn (IN)
                         net (fo=0)                   0.000     0.000    s_axi_aresetn_IBUF_inst/I
    N13                  INBUF (Prop_INBUF_HDIOB_M_PAD_O)
                                                      0.979     0.979 r  s_axi_aresetn_IBUF_inst/INBUF_INST/O
                         net (fo=1, routed)           0.000     0.979    s_axi_aresetn_IBUF_inst/OUT
    N13                  IBUFCTRL (Prop_IBUFCTRL_HDIOB_M_I_O)
                                                      0.000     0.979 r  s_axi_aresetn_IBUF_inst/IBUFCTRL_INST/O
                         net (fo=2826, routed)        3.277     4.256    u_tpu_top/u_datapath/u_accumulator_array/s_axi_aresetn_IBUF
    SLICE_X64Y170        FDCE                                         f  u_tpu_top/u_datapath/u_accumulator_array/acc_mem_q_reg[9][1][26]/CLR  (IS_INVERTED)
  -------------------------------------------------------------------    -------------------

                         (clock s_axi_aclk rise edge)
                                                      0.000     0.000 r  
    M10                                               0.000     0.000 r  s_axi_aclk (IN)
                         net (fo=0)                   0.000     0.000    s_axi_aclk_IBUF_inst/I
    M10                  INBUF (Prop_INBUF_HDIOB_M_PAD_O)
                                                      0.479     0.479 r  s_axi_aclk_IBUF_inst/INBUF_INST/O
                         net (fo=1, routed)           0.000     0.479    s_axi_aclk_IBUF_inst/OUT
    M10                  IBUFCTRL (Prop_IBUFCTRL_HDIOB_M_I_O)
                                                      0.000     0.479 r  s_axi_aclk_IBUF_inst/IBUFCTRL_INST/O
                         net (fo=1, routed)           0.169     0.648    s_axi_aclk_IBUF
    BUFGCE_HDIO_X2Y0     BUFGCE (Prop_BUFCE_BUFGCE_HDIO_I_O)
                                                      0.024     0.672 r  s_axi_aclk_IBUF_BUFG_inst/O
    X1Y3 (CLOCK_ROOT)    net (fo=3130, routed)        1.929     2.601    u_tpu_top/u_datapath/u_accumulator_array/s_axi_aclk_IBUF_BUFG
    SLICE_X64Y170        FDCE                                         r  u_tpu_top/u_datapath/u_accumulator_array/acc_mem_q_reg[9][1][26]/C

Slack:                    inf
  Source:                 s_axi_aresetn
                            (input port)
  Destination:            u_tpu_top/u_layer_controller/u_tile_controller/vpu_requant_multiplier_flatten_o_reg[22]/CLR
                            (recovery check against rising-edge clock s_axi_aclk  {rise@0.000ns fall@5.000ns period=10.000ns})
  Path Group:             (none)
  Path Type:              Recovery (Max at Slow Process Corner)
  Data Path Delay:        4.256ns  (logic 0.979ns (23.010%)  route 3.277ns (76.990%))
  Logic Levels:           2  (IBUFCTRL=1 INBUF=1)
  Clock Path Skew:        2.602ns (DCD - SCD + CPR)
    Destination Clock Delay (DCD):    2.602ns
    Source Clock Delay      (SCD):    0.000ns
    Clock Pessimism Removal (CPR):    0.000ns
  Clock Uncertainty:      0.125ns  ((TSJ^2 + TIJ^2)^1/2 + DJ) / 2 + PE + UU
    Total System Jitter     (TSJ):    0.050ns
    Total Input Jitter      (TIJ):    0.000ns
    Discrete Jitter          (DJ):    0.000ns
    Phase Error              (PE):    0.000ns
    User Uncertainty         (UU):    0.100ns
  Clock Net Delay (Destination): 1.930ns (routing 1.032ns, distribution 0.898ns)
  Timing Exception:       False Path

    Location             Delay type                Incr(ns)  Path(ns)    Netlist Resource(s)
  -------------------------------------------------------------------    -------------------
    N13                                               0.000     0.000 r  s_axi_aresetn (IN)
                         net (fo=0)                   0.000     0.000    s_axi_aresetn_IBUF_inst/I
    N13                  INBUF (Prop_INBUF_HDIOB_M_PAD_O)
                                                      0.979     0.979 r  s_axi_aresetn_IBUF_inst/INBUF_INST/O
                         net (fo=1, routed)           0.000     0.979    s_axi_aresetn_IBUF_inst/OUT
    N13                  IBUFCTRL (Prop_IBUFCTRL_HDIOB_M_I_O)
                                                      0.000     0.979 r  s_axi_aresetn_IBUF_inst/IBUFCTRL_INST/O
                         net (fo=2826, routed)        3.277     4.256    u_tpu_top/u_layer_controller/u_tile_controller/valid_o_reg
    SLICE_X64Y171        FDCE                                         f  u_tpu_top/u_layer_controller/u_tile_controller/vpu_requant_multiplier_flatten_o_reg[22]/CLR  (IS_INVERTED)
  -------------------------------------------------------------------    -------------------

                         (clock s_axi_aclk rise edge)
                                                      0.000     0.000 r  
    M10                                               0.000     0.000 r  s_axi_aclk (IN)
                         net (fo=0)                   0.000     0.000    s_axi_aclk_IBUF_inst/I
    M10                  INBUF (Prop_INBUF_HDIOB_M_PAD_O)
                                                      0.479     0.479 r  s_axi_aclk_IBUF_inst/INBUF_INST/O
                         net (fo=1, routed)           0.000     0.479    s_axi_aclk_IBUF_inst/OUT
    M10                  IBUFCTRL (Prop_IBUFCTRL_HDIOB_M_I_O)
                                                      0.000     0.479 r  s_axi_aclk_IBUF_inst/IBUFCTRL_INST/O
                         net (fo=1, routed)           0.169     0.648    s_axi_aclk_IBUF
    BUFGCE_HDIO_X2Y0     BUFGCE (Prop_BUFCE_BUFGCE_HDIO_I_O)
                                                      0.024     0.672 r  s_axi_aclk_IBUF_BUFG_inst/O
    X1Y3 (CLOCK_ROOT)    net (fo=3130, routed)        1.930     2.602    u_tpu_top/u_layer_controller/u_tile_controller/s_axi_aclk_IBUF_BUFG
    SLICE_X64Y171        FDCE                                         r  u_tpu_top/u_layer_controller/u_tile_controller/vpu_requant_multiplier_flatten_o_reg[22]/C





Min Delay Paths
--------------------------------------------------------------------------------------
Slack:                    inf
  Source:                 s_axi_aresetn
                            (input port)
  Destination:            ub_bank_q_reg/CLR
                            (removal check against rising-edge clock s_axi_aclk  {rise@0.000ns fall@5.000ns period=10.000ns})
  Path Group:             (none)
  Path Type:              Removal (Min at Fast Process Corner)
  Data Path Delay:        0.803ns  (logic 0.314ns (39.046%)  route 0.490ns (60.954%))
  Logic Levels:           2  (IBUFCTRL=1 INBUF=1)
  Clock Path Skew:        2.144ns (DCD - SCD - CPR)
    Destination Clock Delay (DCD):    2.144ns
    Source Clock Delay      (SCD):    0.000ns
    Clock Pessimism Removal (CPR):    -0.000ns
  Clock Net Delay (Destination): 1.404ns (routing 0.693ns, distribution 0.711ns)
  Timing Exception:       False Path

    Location             Delay type                Incr(ns)  Path(ns)    Netlist Resource(s)
  -------------------------------------------------------------------    -------------------
    N13                                               0.000     0.000 r  s_axi_aresetn (IN)
                         net (fo=0)                   0.000     0.000    s_axi_aresetn_IBUF_inst/I
    N13                  INBUF (Prop_INBUF_HDIOB_M_PAD_O)
                                                      0.314     0.314 r  s_axi_aresetn_IBUF_inst/INBUF_INST/O
                         net (fo=1, routed)           0.000     0.314    s_axi_aresetn_IBUF_inst/OUT
    N13                  IBUFCTRL (Prop_IBUFCTRL_HDIOB_M_I_O)
                                                      0.000     0.314 r  s_axi_aresetn_IBUF_inst/IBUFCTRL_INST/O
                         net (fo=2826, routed)        0.490     0.803    u_tpu_top_n_0
    SLICE_X79Y230        FDCE                                         f  ub_bank_q_reg/CLR  (IS_INVERTED)
  -------------------------------------------------------------------    -------------------

                         (clock s_axi_aclk rise edge)
                                                      0.000     0.000 r  
    M10                                               0.000     0.000 r  s_axi_aclk (IN)
                         net (fo=0)                   0.000     0.000    s_axi_aclk_IBUF_inst/I
    M10                  INBUF (Prop_INBUF_HDIOB_M_PAD_O)
                                                      0.608     0.608 r  s_axi_aclk_IBUF_inst/INBUF_INST/O
                         net (fo=1, routed)           0.000     0.608    s_axi_aclk_IBUF_inst/OUT
    M10                  IBUFCTRL (Prop_IBUFCTRL_HDIOB_M_I_O)
                                                      0.000     0.608 r  s_axi_aclk_IBUF_inst/IBUFCTRL_INST/O
                         net (fo=1, routed)           0.113     0.721    s_axi_aclk_IBUF
    BUFGCE_HDIO_X2Y0     BUFGCE (Prop_BUFCE_BUFGCE_HDIO_I_O)
                                                      0.019     0.740 r  s_axi_aclk_IBUF_BUFG_inst/O
    X1Y3 (CLOCK_ROOT)    net (fo=3130, routed)        1.404     2.144    s_axi_aclk_IBUF_BUFG
    SLICE_X79Y230        FDCE                                         r  ub_bank_q_reg/C

Slack:                    inf
  Source:                 s_axi_aresetn
                            (input port)
  Destination:            u_tpu_top/u_layer_controller/spatial_idx_q_reg[11]/CLR
                            (removal check against rising-edge clock s_axi_aclk  {rise@0.000ns fall@5.000ns period=10.000ns})
  Path Group:             (none)
  Path Type:              Removal (Min at Fast Process Corner)
  Data Path Delay:        1.246ns  (logic 0.314ns (25.174%)  route 0.932ns (74.826%))
  Logic Levels:           2  (IBUFCTRL=1 INBUF=1)
  Clock Path Skew:        2.056ns (DCD - SCD - CPR)
    Destination Clock Delay (DCD):    2.056ns
    Source Clock Delay      (SCD):    0.000ns
    Clock Pessimism Removal (CPR):    -0.000ns
  Clock Net Delay (Destination): 1.316ns (routing 0.693ns, distribution 0.623ns)
  Timing Exception:       False Path

    Location             Delay type                Incr(ns)  Path(ns)    Netlist Resource(s)
  -------------------------------------------------------------------    -------------------
    N13                                               0.000     0.000 r  s_axi_aresetn (IN)
                         net (fo=0)                   0.000     0.000    s_axi_aresetn_IBUF_inst/I
    N13                  INBUF (Prop_INBUF_HDIOB_M_PAD_O)
                                                      0.314     0.314 r  s_axi_aresetn_IBUF_inst/INBUF_INST/O
                         net (fo=1, routed)           0.000     0.314    s_axi_aresetn_IBUF_inst/OUT
    N13                  IBUFCTRL (Prop_IBUFCTRL_HDIOB_M_I_O)
                                                      0.000     0.314 r  s_axi_aresetn_IBUF_inst/IBUFCTRL_INST/O
                         net (fo=2826, routed)        0.932     1.246    u_tpu_top/u_layer_controller/valid_o_reg
    SLICE_X64Y208        FDCE                                         f  u_tpu_top/u_layer_controller/spatial_idx_q_reg[11]/CLR  (IS_INVERTED)
  -------------------------------------------------------------------    -------------------

                         (clock s_axi_aclk rise edge)
                                                      0.000     0.000 r  
    M10                                               0.000     0.000 r  s_axi_aclk (IN)
                         net (fo=0)                   0.000     0.000    s_axi_aclk_IBUF_inst/I
    M10                  INBUF (Prop_INBUF_HDIOB_M_PAD_O)
                                                      0.608     0.608 r  s_axi_aclk_IBUF_inst/INBUF_INST/O
                         net (fo=1, routed)           0.000     0.608    s_axi_aclk_IBUF_inst/OUT
    M10                  IBUFCTRL (Prop_IBUFCTRL_HDIOB_M_I_O)
                                                      0.000     0.608 r  s_axi_aclk_IBUF_inst/IBUFCTRL_INST/O
                         net (fo=1, routed)           0.113     0.721    s_axi_aclk_IBUF
    BUFGCE_HDIO_X2Y0     BUFGCE (Prop_BUFCE_BUFGCE_HDIO_I_O)
                                                      0.019     0.740 r  s_axi_aclk_IBUF_BUFG_inst/O
    X1Y3 (CLOCK_ROOT)    net (fo=3130, routed)        1.316     2.056    u_tpu_top/u_layer_controller/s_axi_aclk_IBUF_BUFG
    SLICE_X64Y208        FDCE                                         r  u_tpu_top/u_layer_controller/spatial_idx_q_reg[11]/C

Slack:                    inf
  Source:                 s_axi_aresetn
                            (input port)
  Destination:            u_tpu_top/u_layer_controller/spatial_idx_q_reg[13]/CLR
                            (removal check against rising-edge clock s_axi_aclk  {rise@0.000ns fall@5.000ns period=10.000ns})
  Path Group:             (none)
  Path Type:              Removal (Min at Fast Process Corner)
  Data Path Delay:        1.246ns  (logic 0.314ns (25.174%)  route 0.932ns (74.826%))
  Logic Levels:           2  (IBUFCTRL=1 INBUF=1)
  Clock Path Skew:        2.056ns (DCD - SCD - CPR)
    Destination Clock Delay (DCD):    2.056ns
    Source Clock Delay      (SCD):    0.000ns
    Clock Pessimism Removal (CPR):    -0.000ns
  Clock Net Delay (Destination): 1.316ns (routing 0.693ns, distribution 0.623ns)
  Timing Exception:       False Path

    Location             Delay type                Incr(ns)  Path(ns)    Netlist Resource(s)
  -------------------------------------------------------------------    -------------------
    N13                                               0.000     0.000 r  s_axi_aresetn (IN)
                         net (fo=0)                   0.000     0.000    s_axi_aresetn_IBUF_inst/I
    N13                  INBUF (Prop_INBUF_HDIOB_M_PAD_O)
                                                      0.314     0.314 r  s_axi_aresetn_IBUF_inst/INBUF_INST/O
                         net (fo=1, routed)           0.000     0.314    s_axi_aresetn_IBUF_inst/OUT
    N13                  IBUFCTRL (Prop_IBUFCTRL_HDIOB_M_I_O)
                                                      0.000     0.314 r  s_axi_aresetn_IBUF_inst/IBUFCTRL_INST/O
                         net (fo=2826, routed)        0.932     1.246    u_tpu_top/u_layer_controller/valid_o_reg
    SLICE_X64Y208        FDCE                                         f  u_tpu_top/u_layer_controller/spatial_idx_q_reg[13]/CLR  (IS_INVERTED)
  -------------------------------------------------------------------    -------------------

                         (clock s_axi_aclk rise edge)
                                                      0.000     0.000 r  
    M10                                               0.000     0.000 r  s_axi_aclk (IN)
                         net (fo=0)                   0.000     0.000    s_axi_aclk_IBUF_inst/I
    M10                  INBUF (Prop_INBUF_HDIOB_M_PAD_O)
                                                      0.608     0.608 r  s_axi_aclk_IBUF_inst/INBUF_INST/O
                         net (fo=1, routed)           0.000     0.608    s_axi_aclk_IBUF_inst/OUT
    M10                  IBUFCTRL (Prop_IBUFCTRL_HDIOB_M_I_O)
                                                      0.000     0.608 r  s_axi_aclk_IBUF_inst/IBUFCTRL_INST/O
                         net (fo=1, routed)           0.113     0.721    s_axi_aclk_IBUF
    BUFGCE_HDIO_X2Y0     BUFGCE (Prop_BUFCE_BUFGCE_HDIO_I_O)
                                                      0.019     0.740 r  s_axi_aclk_IBUF_BUFG_inst/O
    X1Y3 (CLOCK_ROOT)    net (fo=3130, routed)        1.316     2.056    u_tpu_top/u_layer_controller/s_axi_aclk_IBUF_BUFG
    SLICE_X64Y208        FDCE                                         r  u_tpu_top/u_layer_controller/spatial_idx_q_reg[13]/C

Slack:                    inf
  Source:                 s_axi_aresetn
                            (input port)
  Destination:            u_tpu_top/u_layer_controller/spatial_idx_q_reg[15]/CLR
                            (removal check against rising-edge clock s_axi_aclk  {rise@0.000ns fall@5.000ns period=10.000ns})
  Path Group:             (none)
  Path Type:              Removal (Min at Fast Process Corner)
  Data Path Delay:        1.246ns  (logic 0.314ns (25.174%)  route 0.932ns (74.826%))
  Logic Levels:           2  (IBUFCTRL=1 INBUF=1)
  Clock Path Skew:        2.056ns (DCD - SCD - CPR)
    Destination Clock Delay (DCD):    2.056ns
    Source Clock Delay      (SCD):    0.000ns
    Clock Pessimism Removal (CPR):    -0.000ns
  Clock Net Delay (Destination): 1.316ns (routing 0.693ns, distribution 0.623ns)
  Timing Exception:       False Path

    Location             Delay type                Incr(ns)  Path(ns)    Netlist Resource(s)
  -------------------------------------------------------------------    -------------------
    N13                                               0.000     0.000 r  s_axi_aresetn (IN)
                         net (fo=0)                   0.000     0.000    s_axi_aresetn_IBUF_inst/I
    N13                  INBUF (Prop_INBUF_HDIOB_M_PAD_O)
                                                      0.314     0.314 r  s_axi_aresetn_IBUF_inst/INBUF_INST/O
                         net (fo=1, routed)           0.000     0.314    s_axi_aresetn_IBUF_inst/OUT
    N13                  IBUFCTRL (Prop_IBUFCTRL_HDIOB_M_I_O)
                                                      0.000     0.314 r  s_axi_aresetn_IBUF_inst/IBUFCTRL_INST/O
                         net (fo=2826, routed)        0.932     1.246    u_tpu_top/u_layer_controller/valid_o_reg
    SLICE_X64Y208        FDCE                                         f  u_tpu_top/u_layer_controller/spatial_idx_q_reg[15]/CLR  (IS_INVERTED)
  -------------------------------------------------------------------    -------------------

                         (clock s_axi_aclk rise edge)
                                                      0.000     0.000 r  
    M10                                               0.000     0.000 r  s_axi_aclk (IN)
                         net (fo=0)                   0.000     0.000    s_axi_aclk_IBUF_inst/I
    M10                  INBUF (Prop_INBUF_HDIOB_M_PAD_O)
                                                      0.608     0.608 r  s_axi_aclk_IBUF_inst/INBUF_INST/O
                         net (fo=1, routed)           0.000     0.608    s_axi_aclk_IBUF_inst/OUT
    M10                  IBUFCTRL (Prop_IBUFCTRL_HDIOB_M_I_O)
                                                      0.000     0.608 r  s_axi_aclk_IBUF_inst/IBUFCTRL_INST/O
                         net (fo=1, routed)           0.113     0.721    s_axi_aclk_IBUF
    BUFGCE_HDIO_X2Y0     BUFGCE (Prop_BUFCE_BUFGCE_HDIO_I_O)
                                                      0.019     0.740 r  s_axi_aclk_IBUF_BUFG_inst/O
    X1Y3 (CLOCK_ROOT)    net (fo=3130, routed)        1.316     2.056    u_tpu_top/u_layer_controller/s_axi_aclk_IBUF_BUFG
    SLICE_X64Y208        FDCE                                         r  u_tpu_top/u_layer_controller/spatial_idx_q_reg[15]/C

Slack:                    inf
  Source:                 s_axi_aresetn
                            (input port)
  Destination:            u_tpu_top/u_layer_controller/spatial_idx_q_reg[9]/CLR
                            (removal check against rising-edge clock s_axi_aclk  {rise@0.000ns fall@5.000ns period=10.000ns})
  Path Group:             (none)
  Path Type:              Removal (Min at Fast Process Corner)
  Data Path Delay:        1.246ns  (logic 0.314ns (25.174%)  route 0.932ns (74.826%))
  Logic Levels:           2  (IBUFCTRL=1 INBUF=1)
  Clock Path Skew:        2.056ns (DCD - SCD - CPR)
    Destination Clock Delay (DCD):    2.056ns
    Source Clock Delay      (SCD):    0.000ns
    Clock Pessimism Removal (CPR):    -0.000ns
  Clock Net Delay (Destination): 1.316ns (routing 0.693ns, distribution 0.623ns)
  Timing Exception:       False Path

    Location             Delay type                Incr(ns)  Path(ns)    Netlist Resource(s)
  -------------------------------------------------------------------    -------------------
    N13                                               0.000     0.000 r  s_axi_aresetn (IN)
                         net (fo=0)                   0.000     0.000    s_axi_aresetn_IBUF_inst/I
    N13                  INBUF (Prop_INBUF_HDIOB_M_PAD_O)
                                                      0.314     0.314 r  s_axi_aresetn_IBUF_inst/INBUF_INST/O
                         net (fo=1, routed)           0.000     0.314    s_axi_aresetn_IBUF_inst/OUT
    N13                  IBUFCTRL (Prop_IBUFCTRL_HDIOB_M_I_O)
                                                      0.000     0.314 r  s_axi_aresetn_IBUF_inst/IBUFCTRL_INST/O
                         net (fo=2826, routed)        0.932     1.246    u_tpu_top/u_layer_controller/valid_o_reg
    SLICE_X64Y208        FDCE                                         f  u_tpu_top/u_layer_controller/spatial_idx_q_reg[9]/CLR  (IS_INVERTED)
  -------------------------------------------------------------------    -------------------

                         (clock s_axi_aclk rise edge)
                                                      0.000     0.000 r  
    M10                                               0.000     0.000 r  s_axi_aclk (IN)
                         net (fo=0)                   0.000     0.000    s_axi_aclk_IBUF_inst/I
    M10                  INBUF (Prop_INBUF_HDIOB_M_PAD_O)
                                                      0.608     0.608 r  s_axi_aclk_IBUF_inst/INBUF_INST/O
                         net (fo=1, routed)           0.000     0.608    s_axi_aclk_IBUF_inst/OUT
    M10                  IBUFCTRL (Prop_IBUFCTRL_HDIOB_M_I_O)
                                                      0.000     0.608 r  s_axi_aclk_IBUF_inst/IBUFCTRL_INST/O
                         net (fo=1, routed)           0.113     0.721    s_axi_aclk_IBUF
    BUFGCE_HDIO_X2Y0     BUFGCE (Prop_BUFCE_BUFGCE_HDIO_I_O)
                                                      0.019     0.740 r  s_axi_aclk_IBUF_BUFG_inst/O
    X1Y3 (CLOCK_ROOT)    net (fo=3130, routed)        1.316     2.056    u_tpu_top/u_layer_controller/s_axi_aclk_IBUF_BUFG
    SLICE_X64Y208        FDCE                                         r  u_tpu_top/u_layer_controller/spatial_idx_q_reg[9]/C

Slack:                    inf
  Source:                 s_axi_aresetn
                            (input port)
  Destination:            u_tpu_top/u_maxpool2d_unit/FSM_sequential_state_q_reg[1]/CLR
                            (removal check against rising-edge clock s_axi_aclk  {rise@0.000ns fall@5.000ns period=10.000ns})
  Path Group:             (none)
  Path Type:              Removal (Min at Fast Process Corner)
  Data Path Delay:        1.281ns  (logic 0.314ns (24.483%)  route 0.967ns (75.517%))
  Logic Levels:           2  (IBUFCTRL=1 INBUF=1)
  Clock Path Skew:        2.068ns (DCD - SCD - CPR)
    Destination Clock Delay (DCD):    2.068ns
    Source Clock Delay      (SCD):    0.000ns
    Clock Pessimism Removal (CPR):    -0.000ns
  Clock Net Delay (Destination): 1.328ns (routing 0.693ns, distribution 0.635ns)
  Timing Exception:       False Path

    Location             Delay type                Incr(ns)  Path(ns)    Netlist Resource(s)
  -------------------------------------------------------------------    -------------------
    N13                                               0.000     0.000 r  s_axi_aresetn (IN)
                         net (fo=0)                   0.000     0.000    s_axi_aresetn_IBUF_inst/I
    N13                  INBUF (Prop_INBUF_HDIOB_M_PAD_O)
                                                      0.314     0.314 r  s_axi_aresetn_IBUF_inst/INBUF_INST/O
                         net (fo=1, routed)           0.000     0.314    s_axi_aresetn_IBUF_inst/OUT
    N13                  IBUFCTRL (Prop_IBUFCTRL_HDIOB_M_I_O)
                                                      0.000     0.314 r  s_axi_aresetn_IBUF_inst/IBUFCTRL_INST/O
                         net (fo=2826, routed)        0.967     1.281    u_tpu_top/u_maxpool2d_unit/channel_q_reg[15]_0
    SLICE_X56Y221        FDCE                                         f  u_tpu_top/u_maxpool2d_unit/FSM_sequential_state_q_reg[1]/CLR  (IS_INVERTED)
  -------------------------------------------------------------------    -------------------

                         (clock s_axi_aclk rise edge)
                                                      0.000     0.000 r  
    M10                                               0.000     0.000 r  s_axi_aclk (IN)
                         net (fo=0)                   0.000     0.000    s_axi_aclk_IBUF_inst/I
    M10                  INBUF (Prop_INBUF_HDIOB_M_PAD_O)
                                                      0.608     0.608 r  s_axi_aclk_IBUF_inst/INBUF_INST/O
                         net (fo=1, routed)           0.000     0.608    s_axi_aclk_IBUF_inst/OUT
    M10                  IBUFCTRL (Prop_IBUFCTRL_HDIOB_M_I_O)
                                                      0.000     0.608 r  s_axi_aclk_IBUF_inst/IBUFCTRL_INST/O
                         net (fo=1, routed)           0.113     0.721    s_axi_aclk_IBUF
    BUFGCE_HDIO_X2Y0     BUFGCE (Prop_BUFCE_BUFGCE_HDIO_I_O)
                                                      0.019     0.740 r  s_axi_aclk_IBUF_BUFG_inst/O
    X1Y3 (CLOCK_ROOT)    net (fo=3130, routed)        1.328     2.068    u_tpu_top/u_maxpool2d_unit/s_axi_aclk_IBUF_BUFG
    SLICE_X56Y221        FDCE                                         r  u_tpu_top/u_maxpool2d_unit/FSM_sequential_state_q_reg[1]/C

Slack:                    inf
  Source:                 s_axi_aresetn
                            (input port)
  Destination:            u_tpu_top/u_layer_controller/u_tile_controller/ub_wr_addr_o_reg[1]/CLR
                            (removal check against rising-edge clock s_axi_aclk  {rise@0.000ns fall@5.000ns period=10.000ns})
  Path Group:             (none)
  Path Type:              Removal (Min at Fast Process Corner)
  Data Path Delay:        1.294ns  (logic 0.314ns (24.240%)  route 0.980ns (75.760%))
  Logic Levels:           2  (IBUFCTRL=1 INBUF=1)
  Clock Path Skew:        2.058ns (DCD - SCD - CPR)
    Destination Clock Delay (DCD):    2.058ns
    Source Clock Delay      (SCD):    0.000ns
    Clock Pessimism Removal (CPR):    -0.000ns
  Clock Net Delay (Destination): 1.318ns (routing 0.693ns, distribution 0.625ns)
  Timing Exception:       False Path

    Location             Delay type                Incr(ns)  Path(ns)    Netlist Resource(s)
  -------------------------------------------------------------------    -------------------
    N13                                               0.000     0.000 r  s_axi_aresetn (IN)
                         net (fo=0)                   0.000     0.000    s_axi_aresetn_IBUF_inst/I
    N13                  INBUF (Prop_INBUF_HDIOB_M_PAD_O)
                                                      0.314     0.314 r  s_axi_aresetn_IBUF_inst/INBUF_INST/O
                         net (fo=1, routed)           0.000     0.314    s_axi_aresetn_IBUF_inst/OUT
    N13                  IBUFCTRL (Prop_IBUFCTRL_HDIOB_M_I_O)
                                                      0.000     0.314 r  s_axi_aresetn_IBUF_inst/IBUFCTRL_INST/O
                         net (fo=2826, routed)        0.980     1.294    u_tpu_top/u_layer_controller/u_tile_controller/valid_o_reg
    SLICE_X64Y205        FDCE                                         f  u_tpu_top/u_layer_controller/u_tile_controller/ub_wr_addr_o_reg[1]/CLR  (IS_INVERTED)
  -------------------------------------------------------------------    -------------------

                         (clock s_axi_aclk rise edge)
                                                      0.000     0.000 r  
    M10                                               0.000     0.000 r  s_axi_aclk (IN)
                         net (fo=0)                   0.000     0.000    s_axi_aclk_IBUF_inst/I
    M10                  INBUF (Prop_INBUF_HDIOB_M_PAD_O)
                                                      0.608     0.608 r  s_axi_aclk_IBUF_inst/INBUF_INST/O
                         net (fo=1, routed)           0.000     0.608    s_axi_aclk_IBUF_inst/OUT
    M10                  IBUFCTRL (Prop_IBUFCTRL_HDIOB_M_I_O)
                                                      0.000     0.608 r  s_axi_aclk_IBUF_inst/IBUFCTRL_INST/O
                         net (fo=1, routed)           0.113     0.721    s_axi_aclk_IBUF
    BUFGCE_HDIO_X2Y0     BUFGCE (Prop_BUFCE_BUFGCE_HDIO_I_O)
                                                      0.019     0.740 r  s_axi_aclk_IBUF_BUFG_inst/O
    X1Y3 (CLOCK_ROOT)    net (fo=3130, routed)        1.318     2.058    u_tpu_top/u_layer_controller/u_tile_controller/s_axi_aclk_IBUF_BUFG
    SLICE_X64Y205        FDCE                                         r  u_tpu_top/u_layer_controller/u_tile_controller/ub_wr_addr_o_reg[1]/C

Slack:                    inf
  Source:                 s_axi_aresetn
                            (input port)
  Destination:            u_tpu_top/u_layer_controller/u_tile_controller/ub_wr_addr_o_reg[2]/CLR
                            (removal check against rising-edge clock s_axi_aclk  {rise@0.000ns fall@5.000ns period=10.000ns})
  Path Group:             (none)
  Path Type:              Removal (Min at Fast Process Corner)
  Data Path Delay:        1.294ns  (logic 0.314ns (24.240%)  route 0.980ns (75.760%))
  Logic Levels:           2  (IBUFCTRL=1 INBUF=1)
  Clock Path Skew:        2.058ns (DCD - SCD - CPR)
    Destination Clock Delay (DCD):    2.058ns
    Source Clock Delay      (SCD):    0.000ns
    Clock Pessimism Removal (CPR):    -0.000ns
  Clock Net Delay (Destination): 1.318ns (routing 0.693ns, distribution 0.625ns)
  Timing Exception:       False Path

    Location             Delay type                Incr(ns)  Path(ns)    Netlist Resource(s)
  -------------------------------------------------------------------    -------------------
    N13                                               0.000     0.000 r  s_axi_aresetn (IN)
                         net (fo=0)                   0.000     0.000    s_axi_aresetn_IBUF_inst/I
    N13                  INBUF (Prop_INBUF_HDIOB_M_PAD_O)
                                                      0.314     0.314 r  s_axi_aresetn_IBUF_inst/INBUF_INST/O
                         net (fo=1, routed)           0.000     0.314    s_axi_aresetn_IBUF_inst/OUT
    N13                  IBUFCTRL (Prop_IBUFCTRL_HDIOB_M_I_O)
                                                      0.000     0.314 r  s_axi_aresetn_IBUF_inst/IBUFCTRL_INST/O
                         net (fo=2826, routed)        0.980     1.294    u_tpu_top/u_layer_controller/u_tile_controller/valid_o_reg
    SLICE_X64Y205        FDCE                                         f  u_tpu_top/u_layer_controller/u_tile_controller/ub_wr_addr_o_reg[2]/CLR  (IS_INVERTED)
  -------------------------------------------------------------------    -------------------

                         (clock s_axi_aclk rise edge)
                                                      0.000     0.000 r  
    M10                                               0.000     0.000 r  s_axi_aclk (IN)
                         net (fo=0)                   0.000     0.000    s_axi_aclk_IBUF_inst/I
    M10                  INBUF (Prop_INBUF_HDIOB_M_PAD_O)
                                                      0.608     0.608 r  s_axi_aclk_IBUF_inst/INBUF_INST/O
                         net (fo=1, routed)           0.000     0.608    s_axi_aclk_IBUF_inst/OUT
    M10                  IBUFCTRL (Prop_IBUFCTRL_HDIOB_M_I_O)
                                                      0.000     0.608 r  s_axi_aclk_IBUF_inst/IBUFCTRL_INST/O
                         net (fo=1, routed)           0.113     0.721    s_axi_aclk_IBUF
    BUFGCE_HDIO_X2Y0     BUFGCE (Prop_BUFCE_BUFGCE_HDIO_I_O)
                                                      0.019     0.740 r  s_axi_aclk_IBUF_BUFG_inst/O
    X1Y3 (CLOCK_ROOT)    net (fo=3130, routed)        1.318     2.058    u_tpu_top/u_layer_controller/u_tile_controller/s_axi_aclk_IBUF_BUFG
    SLICE_X64Y205        FDCE                                         r  u_tpu_top/u_layer_controller/u_tile_controller/ub_wr_addr_o_reg[2]/C

Slack:                    inf
  Source:                 s_axi_aresetn
                            (input port)
  Destination:            u_tpu_top/u_layer_controller/u_tile_controller/ub_wr_addr_o_reg[3]/CLR
                            (removal check against rising-edge clock s_axi_aclk  {rise@0.000ns fall@5.000ns period=10.000ns})
  Path Group:             (none)
  Path Type:              Removal (Min at Fast Process Corner)
  Data Path Delay:        1.294ns  (logic 0.314ns (24.240%)  route 0.980ns (75.760%))
  Logic Levels:           2  (IBUFCTRL=1 INBUF=1)
  Clock Path Skew:        2.058ns (DCD - SCD - CPR)
    Destination Clock Delay (DCD):    2.058ns
    Source Clock Delay      (SCD):    0.000ns
    Clock Pessimism Removal (CPR):    -0.000ns
  Clock Net Delay (Destination): 1.318ns (routing 0.693ns, distribution 0.625ns)
  Timing Exception:       False Path

    Location             Delay type                Incr(ns)  Path(ns)    Netlist Resource(s)
  -------------------------------------------------------------------    -------------------
    N13                                               0.000     0.000 r  s_axi_aresetn (IN)
                         net (fo=0)                   0.000     0.000    s_axi_aresetn_IBUF_inst/I
    N13                  INBUF (Prop_INBUF_HDIOB_M_PAD_O)
                                                      0.314     0.314 r  s_axi_aresetn_IBUF_inst/INBUF_INST/O
                         net (fo=1, routed)           0.000     0.314    s_axi_aresetn_IBUF_inst/OUT
    N13                  IBUFCTRL (Prop_IBUFCTRL_HDIOB_M_I_O)
                                                      0.000     0.314 r  s_axi_aresetn_IBUF_inst/IBUFCTRL_INST/O
                         net (fo=2826, routed)        0.980     1.294    u_tpu_top/u_layer_controller/u_tile_controller/valid_o_reg
    SLICE_X64Y205        FDCE                                         f  u_tpu_top/u_layer_controller/u_tile_controller/ub_wr_addr_o_reg[3]/CLR  (IS_INVERTED)
  -------------------------------------------------------------------    -------------------

                         (clock s_axi_aclk rise edge)
                                                      0.000     0.000 r  
    M10                                               0.000     0.000 r  s_axi_aclk (IN)
                         net (fo=0)                   0.000     0.000    s_axi_aclk_IBUF_inst/I
    M10                  INBUF (Prop_INBUF_HDIOB_M_PAD_O)
                                                      0.608     0.608 r  s_axi_aclk_IBUF_inst/INBUF_INST/O
                         net (fo=1, routed)           0.000     0.608    s_axi_aclk_IBUF_inst/OUT
    M10                  IBUFCTRL (Prop_IBUFCTRL_HDIOB_M_I_O)
                                                      0.000     0.608 r  s_axi_aclk_IBUF_inst/IBUFCTRL_INST/O
                         net (fo=1, routed)           0.113     0.721    s_axi_aclk_IBUF
    BUFGCE_HDIO_X2Y0     BUFGCE (Prop_BUFCE_BUFGCE_HDIO_I_O)
                                                      0.019     0.740 r  s_axi_aclk_IBUF_BUFG_inst/O
    X1Y3 (CLOCK_ROOT)    net (fo=3130, routed)        1.318     2.058    u_tpu_top/u_layer_controller/u_tile_controller/s_axi_aclk_IBUF_BUFG
    SLICE_X64Y205        FDCE                                         r  u_tpu_top/u_layer_controller/u_tile_controller/ub_wr_addr_o_reg[3]/C

Slack:                    inf
  Source:                 s_axi_aresetn
                            (input port)
  Destination:            u_tpu_top/u_layer_controller/u_tile_controller/ub_wr_addr_o_reg[4]/CLR
                            (removal check against rising-edge clock s_axi_aclk  {rise@0.000ns fall@5.000ns period=10.000ns})
  Path Group:             (none)
  Path Type:              Removal (Min at Fast Process Corner)
  Data Path Delay:        1.294ns  (logic 0.314ns (24.240%)  route 0.980ns (75.760%))
  Logic Levels:           2  (IBUFCTRL=1 INBUF=1)
  Clock Path Skew:        2.058ns (DCD - SCD - CPR)
    Destination Clock Delay (DCD):    2.058ns
    Source Clock Delay      (SCD):    0.000ns
    Clock Pessimism Removal (CPR):    -0.000ns
  Clock Net Delay (Destination): 1.318ns (routing 0.693ns, distribution 0.625ns)
  Timing Exception:       False Path

    Location             Delay type                Incr(ns)  Path(ns)    Netlist Resource(s)
  -------------------------------------------------------------------    -------------------
    N13                                               0.000     0.000 r  s_axi_aresetn (IN)
                         net (fo=0)                   0.000     0.000    s_axi_aresetn_IBUF_inst/I
    N13                  INBUF (Prop_INBUF_HDIOB_M_PAD_O)
                                                      0.314     0.314 r  s_axi_aresetn_IBUF_inst/INBUF_INST/O
                         net (fo=1, routed)           0.000     0.314    s_axi_aresetn_IBUF_inst/OUT
    N13                  IBUFCTRL (Prop_IBUFCTRL_HDIOB_M_I_O)
                                                      0.000     0.314 r  s_axi_aresetn_IBUF_inst/IBUFCTRL_INST/O
                         net (fo=2826, routed)        0.980     1.294    u_tpu_top/u_layer_controller/u_tile_controller/valid_o_reg
    SLICE_X64Y205        FDCE                                         f  u_tpu_top/u_layer_controller/u_tile_controller/ub_wr_addr_o_reg[4]/CLR  (IS_INVERTED)
  -------------------------------------------------------------------    -------------------

                         (clock s_axi_aclk rise edge)
                                                      0.000     0.000 r  
    M10                                               0.000     0.000 r  s_axi_aclk (IN)
                         net (fo=0)                   0.000     0.000    s_axi_aclk_IBUF_inst/I
    M10                  INBUF (Prop_INBUF_HDIOB_M_PAD_O)
                                                      0.608     0.608 r  s_axi_aclk_IBUF_inst/INBUF_INST/O
                         net (fo=1, routed)           0.000     0.608    s_axi_aclk_IBUF_inst/OUT
    M10                  IBUFCTRL (Prop_IBUFCTRL_HDIOB_M_I_O)
                                                      0.000     0.608 r  s_axi_aclk_IBUF_inst/IBUFCTRL_INST/O
                         net (fo=1, routed)           0.113     0.721    s_axi_aclk_IBUF
    BUFGCE_HDIO_X2Y0     BUFGCE (Prop_BUFCE_BUFGCE_HDIO_I_O)
                                                      0.019     0.740 r  s_axi_aclk_IBUF_BUFG_inst/O
    X1Y3 (CLOCK_ROOT)    net (fo=3130, routed)        1.318     2.058    u_tpu_top/u_layer_controller/u_tile_controller/s_axi_aclk_IBUF_BUFG
    SLICE_X64Y205        FDCE                                         r  u_tpu_top/u_layer_controller/u_tile_controller/ub_wr_addr_o_reg[4]/C





