Copyright 1986-2022 Xilinx, Inc. All Rights Reserved. Copyright 2022-2025 Advanced Micro Devices, Inc. All Rights Reserved.
-----------------------------------------------------------------------------------------------------------------------------------------------------------------------------------------------------------------------------------------------------------------
| Tool Version      : Vivado v.2025.2 (lin64) Build 6299465 Fri Nov 14 12:34:56 MST 2025
| Date              : Thu Jun  4 10:06:37 2026
| Host              : pah-PC running 64-bit Ubuntu 24.04.4 LTS
| Command           : report_timing_summary -max_paths 10 -routable_nets -report_unconstrained -file tpu_top_axi_lite_timing_summary_routed.rpt -pb tpu_top_axi_lite_timing_summary_routed.pb -rpx tpu_top_axi_lite_timing_summary_routed.rpx -warn_on_violation
| Design            : tpu_top_axi_lite
| Device            : xczu7ev-ffvc1156
| Speed File        : -2  PRODUCTION 1.30 05-15-2022
| Design State      : Routed
| Temperature Grade : E
-----------------------------------------------------------------------------------------------------------------------------------------------------------------------------------------------------------------------------------------------------------------

Timing Summary Report

------------------------------------------------------------------------------------------------
| Timer Settings
| --------------
------------------------------------------------------------------------------------------------

  Enable Multi Corner Analysis               :  Yes
  Enable Pessimism Removal                   :  Yes
  Pessimism Removal Resolution               :  Nearest Common Node
  Enable Input Delay Default Clock           :  No
  Enable Preset / Clear Arcs                 :  No
  Disable Flight Delays                      :  No
  Ignore I/O Paths                           :  No
  Timing Early Launch at Borrowing Latches   :  No
  Borrow Time for Max Delay Exceptions       :  Yes
  Merge Timing Exceptions                    :  Yes
  Inter-SLR Compensation                     :  Conservative

  Corner  Analyze    Analyze    
  Name    Max Paths  Min Paths  
  ------  ---------  ---------  
  Slow    Yes        Yes        
  Fast    Yes        Yes        


------------------------------------------------------------------------------------------------
| Report Methodology
| ------------------
------------------------------------------------------------------------------------------------

Rule       Severity          Description                                 Violations  
---------  ----------------  ------------------------------------------  ----------  
TIMING-17  Critical Warning  Non-clocked sequential cell                 1000        
DPIR-2     Warning           Asynchronous driver check                   375         
SYNTH-6    Warning           Timing of a RAM block might be sub-optimal  18          
SYNTH-9    Warning           Small multiplier                            128         
SYNTH-10   Warning           Wide multiplier                             16          

Note: This report is based on the most recent report_methodology run and may not be up-to-date. Run report_methodology on the current design for the latest report.



check_timing report

Table of Contents
-----------------
1. checking no_clock (9975)
2. checking constant_clock (0)
3. checking pulse_width_clock (0)
4. checking unconstrained_internal_endpoints (27132)
5. checking no_input_delay (39)
6. checking no_output_delay (37)
7. checking multiple_clock (0)
8. checking generated_clocks (0)
9. checking loops (0)
10. checking partial_input_delay (0)
11. checking partial_output_delay (0)
12. checking latch_loops (0)

1. checking no_clock (9975)
---------------------------
 There are 9975 register/latch pins with no clock driven by root clock pin: s_axi_aclk (HIGH)


2. checking constant_clock (0)
------------------------------
 There are 0 register/latch pins with constant_clock.


3. checking pulse_width_clock (0)
---------------------------------
 There are 0 register/latch pins which need pulse_width check


4. checking unconstrained_internal_endpoints (27132)
----------------------------------------------------
 There are 27132 pins that are not constrained for maximum delay. (HIGH)

 There are 0 pins that are not constrained for maximum delay due to constant clock.


5. checking no_input_delay (39)
-------------------------------
 There are 39 input ports with no input delay specified. (HIGH)

 There are 0 input ports with no input delay but user has a false path constraint.


6. checking no_output_delay (37)
--------------------------------
 There are 37 ports with no output delay specified. (HIGH)

 There are 0 ports with no output delay but user has a false path constraint

 There are 0 ports with no output delay but with a timing clock defined on it or propagating through it


7. checking multiple_clock (0)
------------------------------
 There are 0 register/latch pins with multiple clocks.


8. checking generated_clocks (0)
--------------------------------
 There are 0 generated clocks that are not connected to a clock source.


9. checking loops (0)
---------------------
 There are 0 combinational loops in the design.


10. checking partial_input_delay (0)
------------------------------------
 There are 0 input ports with partial input delay specified.


11. checking partial_output_delay (0)
-------------------------------------
 There are 0 ports with partial output delay specified.


12. checking latch_loops (0)
----------------------------
 There are 0 combinational latch loops in the design through latch input



------------------------------------------------------------------------------------------------
| Design Timing Summary
| ---------------------
------------------------------------------------------------------------------------------------

    WNS(ns)      TNS(ns)  TNS Failing Endpoints  TNS Total Endpoints      WHS(ns)      THS(ns)  THS Failing Endpoints  THS Total Endpoints     WPWS(ns)     TPWS(ns)  TPWS Failing Endpoints  TPWS Total Endpoints  
    -------      -------  ---------------------  -------------------      -------      -------  ---------------------  -------------------     --------     --------  ----------------------  --------------------  
        inf        0.000                      0                17826          inf        0.000                      0                17826           NA           NA                      NA                    NA  


There are no user specified timing constraints.


------------------------------------------------------------------------------------------------
| Clock Summary
| -------------
------------------------------------------------------------------------------------------------


------------------------------------------------------------------------------------------------
| Intra Clock Table
| -----------------
------------------------------------------------------------------------------------------------

Clock             WNS(ns)      TNS(ns)  TNS Failing Endpoints  TNS Total Endpoints      WHS(ns)      THS(ns)  THS Failing Endpoints  THS Total Endpoints     WPWS(ns)     TPWS(ns)  TPWS Failing Endpoints  TPWS Total Endpoints  
-----             -------      -------  ---------------------  -------------------      -------      -------  ---------------------  -------------------     --------     --------  ----------------------  --------------------  


------------------------------------------------------------------------------------------------
| Inter Clock Table
| -----------------
------------------------------------------------------------------------------------------------

From Clock    To Clock          WNS(ns)      TNS(ns)  TNS Failing Endpoints  TNS Total Endpoints      WHS(ns)      THS(ns)  THS Failing Endpoints  THS Total Endpoints  
----------    --------          -------      -------  ---------------------  -------------------      -------      -------  ---------------------  -------------------  


------------------------------------------------------------------------------------------------
| Other Path Groups Table
| -----------------------
------------------------------------------------------------------------------------------------

Path Group    From Clock    To Clock          WNS(ns)      TNS(ns)  TNS Failing Endpoints  TNS Total Endpoints      WHS(ns)      THS(ns)  THS Failing Endpoints  THS Total Endpoints  
----------    ----------    --------          -------      -------  ---------------------  -------------------      -------      -------  ---------------------  -------------------  


------------------------------------------------------------------------------------------------
| User Ignored Path Table
| -----------------------
------------------------------------------------------------------------------------------------

Path Group    From Clock    To Clock    
----------    ----------    --------    


------------------------------------------------------------------------------------------------
| Unconstrained Path Table
| ------------------------
------------------------------------------------------------------------------------------------

Path Group    From Clock    To Clock    
----------    ----------    --------    
(none)                                    


------------------------------------------------------------------------------------------------
| Timing Details
| --------------
------------------------------------------------------------------------------------------------


--------------------------------------------------------------------------------------
Path Group:  (none)
From Clock:  
  To Clock:  

Max Delay         17826 Endpoints
Min Delay         17826 Endpoints
--------------------------------------------------------------------------------------


Max Delay Paths
--------------------------------------------------------------------------------------
Slack:                    inf
  Source:                 u_tpu_top/u_layer_controller/u_tile_controller/vpu_bias_flatten_o_reg[127]/C
                            (rising edge-triggered cell FDCE)
  Destination:            u_tpu_top/u_datapath/u_vector_processing_unit/u_post_process/GEN_BIAS_REQUANT.u_bias_requantize/data_flatten_o_reg[97]/D
  Path Group:             (none)
  Path Type:              Max at Slow Process Corner
  Data Path Delay:        9.776ns  (logic 4.505ns (46.083%)  route 5.271ns (53.918%))
  Logic Levels:           34  (CARRY8=18 DSP_A_B_DATA=1 DSP_ALU=2 DSP_M_DATA=1 DSP_MULTIPLIER=1 DSP_OUTPUT=2 DSP_PREADD_DATA=1 FDCE=1 LUT2=4 LUT3=2 LUT4=1)

    Location             Delay type                Incr(ns)  Path(ns)    Netlist Resource(s)
  -------------------------------------------------------------------    -------------------
    SLICE_X84Y340        FDCE                         0.000     0.000 r  u_tpu_top/u_layer_controller/u_tile_controller/vpu_bias_flatten_o_reg[127]/C
    SLICE_X84Y340        FDCE (Prop_CFF2_SLICEM_C_Q)
                                                      0.077     0.077 r  u_tpu_top/u_layer_controller/u_tile_controller/vpu_bias_flatten_o_reg[127]/Q
                         net (fo=18, routed)          0.463     0.540    u_tpu_top/u_datapath/u_vector_processing_unit/u_post_process/GEN_BIAS_REQUANT.u_bias_requantize/(null)[0].shifted_value0__13_0[55]
    SLICE_X89Y342        LUT2 (Prop_A6LUT_SLICEM_I1_O)
                                                      0.150     0.690 r  u_tpu_top/u_datapath/u_vector_processing_unit/u_post_process/GEN_BIAS_REQUANT.u_bias_requantize/(null)[0].shifted_value0__11_i_20/O
                         net (fo=1, routed)           0.013     0.703    u_tpu_top_n_1108
    SLICE_X89Y342        CARRY8 (Prop_CARRY8_SLICEM_S[0]_CO[7])
                                                      0.192     0.895 r  u_vector_processing_unit/u_post_process/GEN_BIAS_REQUANT.u_bias_requantize/(null)[0].shifted_value0__11_i_3/CO[7]
                         net (fo=1, routed)           0.026     0.921    u_vector_processing_unit/u_post_process/GEN_BIAS_REQUANT.u_bias_requantize/(null)[0].shifted_value0__11_i_3_n_0
    SLICE_X89Y343        CARRY8 (Prop_CARRY8_SLICEM_CI_CO[7])
                                                      0.015     0.936 r  u_vector_processing_unit/u_post_process/GEN_BIAS_REQUANT.u_bias_requantize/(null)[0].shifted_value0__11_i_2/CO[7]
                         net (fo=1, routed)           0.026     0.962    u_tpu_top/u_datapath/u_vector_processing_unit/u_post_process/GEN_BIAS_REQUANT.u_bias_requantize/(null)[0].shifted_value0__12_0[0]
    SLICE_X89Y344        CARRY8 (Prop_CARRY8_SLICEM_CI_O[0])
                                                      0.056     1.018 f  u_tpu_top/u_datapath/u_vector_processing_unit/u_post_process/GEN_BIAS_REQUANT.u_bias_requantize/(null)[0].shifted_value0__11_i_1/O[0]
                         net (fo=18, routed)          0.635     1.653    u_tpu_top/u_datapath/u_vector_processing_unit/u_post_process/GEN_BIAS_REQUANT.u_bias_requantize/(null)[0].shifted_value0__11/B[16]
    DSP48E2_X11Y134      DSP_A_B_DATA (Prop_DSP_A_B_DATA_DSP48E2_B[16]_B2_DATA[16])
                                                      0.151     1.804 r  u_tpu_top/u_datapath/u_vector_processing_unit/u_post_process/GEN_BIAS_REQUANT.u_bias_requantize/(null)[0].shifted_value0__11/DSP_A_B_DATA_INST/B2_DATA[16]
                         net (fo=1, routed)           0.000     1.804    u_tpu_top/u_datapath/u_vector_processing_unit/u_post_process/GEN_BIAS_REQUANT.u_bias_requantize/(null)[0].shifted_value0__11/DSP_A_B_DATA.B2_DATA<16>
    DSP48E2_X11Y134      DSP_PREADD_DATA (Prop_DSP_PREADD_DATA_DSP48E2_B2_DATA[16]_B2B1[16])
                                                      0.073     1.877 r  u_tpu_top/u_datapath/u_vector_processing_unit/u_post_process/GEN_BIAS_REQUANT.u_bias_requantize/(null)[0].shifted_value0__11/DSP_PREADD_DATA_INST/B2B1[16]
                         net (fo=1, routed)           0.000     1.877    u_tpu_top/u_datapath/u_vector_processing_unit/u_post_process/GEN_BIAS_REQUANT.u_bias_requantize/(null)[0].shifted_value0__11/DSP_PREADD_DATA.B2B1<16>
    DSP48E2_X11Y134      DSP_MULTIPLIER (Prop_DSP_MULTIPLIER_DSP48E2_B2B1[16]_V[43])
                                                      0.609     2.486 f  u_tpu_top/u_datapath/u_vector_processing_unit/u_post_process/GEN_BIAS_REQUANT.u_bias_requantize/(null)[0].shifted_value0__11/DSP_MULTIPLIER_INST/V[43]
                         net (fo=1, routed)           0.000     2.486    u_tpu_top/u_datapath/u_vector_processing_unit/u_post_process/GEN_BIAS_REQUANT.u_bias_requantize/(null)[0].shifted_value0__11/DSP_MULTIPLIER.V<43>
    DSP48E2_X11Y134      DSP_M_DATA (Prop_DSP_M_DATA_DSP48E2_V[43]_V_DATA[43])
                                                      0.046     2.532 r  u_tpu_top/u_datapath/u_vector_processing_unit/u_post_process/GEN_BIAS_REQUANT.u_bias_requantize/(null)[0].shifted_value0__11/DSP_M_DATA_INST/V_DATA[43]
                         net (fo=1, routed)           0.000     2.532    u_tpu_top/u_datapath/u_vector_processing_unit/u_post_process/GEN_BIAS_REQUANT.u_bias_requantize/(null)[0].shifted_value0__11/DSP_M_DATA.V_DATA<43>
    DSP48E2_X11Y134      DSP_ALU (Prop_DSP_ALU_DSP48E2_V_DATA[43]_ALU_OUT[47])
                                                      0.571     3.103 f  u_tpu_top/u_datapath/u_vector_processing_unit/u_post_process/GEN_BIAS_REQUANT.u_bias_requantize/(null)[0].shifted_value0__11/DSP_ALU_INST/ALU_OUT[47]
                         net (fo=1, routed)           0.000     3.103    u_tpu_top/u_datapath/u_vector_processing_unit/u_post_process/GEN_BIAS_REQUANT.u_bias_requantize/(null)[0].shifted_value0__11/DSP_ALU.ALU_OUT<47>
    DSP48E2_X11Y134      DSP_OUTPUT (Prop_DSP_OUTPUT_DSP48E2_ALU_OUT[47]_PCOUT[47])
                                                      0.122     3.225 r  u_tpu_top/u_datapath/u_vector_processing_unit/u_post_process/GEN_BIAS_REQUANT.u_bias_requantize/(null)[0].shifted_value0__11/DSP_OUTPUT_INST/PCOUT[47]
                         net (fo=1, routed)           0.014     3.239    u_tpu_top/u_datapath/u_vector_processing_unit/u_post_process/GEN_BIAS_REQUANT.u_bias_requantize/(null)[0].shifted_value0__12/PCIN[47]
    DSP48E2_X11Y135      DSP_ALU (Prop_DSP_ALU_DSP48E2_PCIN[47]_ALU_OUT[11])
                                                      0.546     3.785 f  u_tpu_top/u_datapath/u_vector_processing_unit/u_post_process/GEN_BIAS_REQUANT.u_bias_requantize/(null)[0].shifted_value0__12/DSP_ALU_INST/ALU_OUT[11]
                         net (fo=1, routed)           0.000     3.785    u_tpu_top/u_datapath/u_vector_processing_unit/u_post_process/GEN_BIAS_REQUANT.u_bias_requantize/(null)[0].shifted_value0__12/DSP_ALU.ALU_OUT<11>
    DSP48E2_X11Y135      DSP_OUTPUT (Prop_DSP_OUTPUT_DSP48E2_ALU_OUT[11]_P[11])
                                                      0.109     3.894 r  u_tpu_top/u_datapath/u_vector_processing_unit/u_post_process/GEN_BIAS_REQUANT.u_bias_requantize/(null)[0].shifted_value0__12/DSP_OUTPUT_INST/P[11]
                         net (fo=1, routed)           0.406     4.300    u_tpu_top/u_datapath/u_vector_processing_unit/u_post_process/GEN_BIAS_REQUANT.u_bias_requantize/p_0_in[45]
    SLICE_X88Y338        LUT2 (Prop_F6LUT_SLICEM_I1_O)
                                                      0.123     4.423 r  u_tpu_top/u_datapath/u_vector_processing_unit/u_post_process/GEN_BIAS_REQUANT.u_bias_requantize/data_flatten_o[127]_i_157/O
                         net (fo=1, routed)           0.022     4.445    u_tpu_top/u_datapath/u_vector_processing_unit/u_post_process/GEN_BIAS_REQUANT.u_bias_requantize/data_flatten_o[127]_i_157_n_0
    SLICE_X88Y338        CARRY8 (Prop_CARRY8_SLICEM_S[5]_CO[7])
                                                      0.159     4.604 r  u_tpu_top/u_datapath/u_vector_processing_unit/u_post_process/GEN_BIAS_REQUANT.u_bias_requantize/data_flatten_o_reg[127]_i_77/CO[7]
                         net (fo=1, routed)           0.026     4.630    u_tpu_top/u_datapath/u_vector_processing_unit/u_post_process/GEN_BIAS_REQUANT.u_bias_requantize/data_flatten_o_reg[127]_i_77_n_0
    SLICE_X88Y339        CARRY8 (Prop_CARRY8_SLICEM_CI_CO[7])
                                                      0.015     4.645 r  u_tpu_top/u_datapath/u_vector_processing_unit/u_post_process/GEN_BIAS_REQUANT.u_bias_requantize/data_flatten_o_reg[127]_i_146/CO[7]
                         net (fo=1, routed)           0.026     4.671    u_tpu_top/u_datapath/u_vector_processing_unit/u_post_process/GEN_BIAS_REQUANT.u_bias_requantize/data_flatten_o_reg[127]_i_146_n_0
    SLICE_X88Y340        CARRY8 (Prop_CARRY8_SLICEM_CI_CO[7])
                                                      0.015     4.686 r  u_tpu_top/u_datapath/u_vector_processing_unit/u_post_process/GEN_BIAS_REQUANT.u_bias_requantize/data_flatten_o_reg[127]_i_74/CO[7]
                         net (fo=1, routed)           0.026     4.712    u_tpu_top/u_datapath/u_vector_processing_unit/u_post_process/GEN_BIAS_REQUANT.u_bias_requantize/data_flatten_o_reg[127]_i_74_n_0
    SLICE_X88Y341        CARRY8 (Prop_CARRY8_SLICEM_CI_O[0])
                                                      0.056     4.768 r  u_tpu_top/u_datapath/u_vector_processing_unit/u_post_process/GEN_BIAS_REQUANT.u_bias_requantize/data_flatten_o_reg[101]_i_6/O[0]
                         net (fo=131, routed)         1.699     6.467    u_tpu_top/u_layer_controller/u_tile_controller/data_flatten_o_reg[101]_i_4[2]
    SLICE_X89Y333        LUT2 (Prop_B6LUT_SLICEM_I0_O)
                                                      0.125     6.592 r  u_tpu_top/u_layer_controller/u_tile_controller/data_flatten_o[101]_i_21/O
                         net (fo=1, routed)           0.016     6.608    u_tpu_top/u_datapath/u_vector_processing_unit/u_post_process/GEN_BIAS_REQUANT.u_bias_requantize/data_flatten_o_reg[101]_0[1]
    SLICE_X89Y333        CARRY8 (Prop_CARRY8_SLICEM_S[1]_CO[7])
                                                      0.190     6.798 r  u_tpu_top/u_datapath/u_vector_processing_unit/u_post_process/GEN_BIAS_REQUANT.u_bias_requantize/data_flatten_o_reg[101]_i_4/CO[7]
                         net (fo=1, routed)           0.026     6.824    u_tpu_top/u_datapath/u_vector_processing_unit/u_post_process/GEN_BIAS_REQUANT.u_bias_requantize/data_flatten_o_reg[101]_i_4_n_0
    SLICE_X89Y334        CARRY8 (Prop_CARRY8_SLICEM_CI_CO[7])
                                                      0.015     6.839 r  u_tpu_top/u_datapath/u_vector_processing_unit/u_post_process/GEN_BIAS_REQUANT.u_bias_requantize/data_flatten_o_reg[110]_i_3/CO[7]
                         net (fo=1, routed)           0.026     6.865    u_tpu_top/u_datapath/u_vector_processing_unit/u_post_process/GEN_BIAS_REQUANT.u_bias_requantize/data_flatten_o_reg[110]_i_3_n_0
    SLICE_X89Y335        CARRY8 (Prop_CARRY8_SLICEM_CI_CO[7])
                                                      0.015     6.880 r  u_tpu_top/u_datapath/u_vector_processing_unit/u_post_process/GEN_BIAS_REQUANT.u_bias_requantize/data_flatten_o_reg[101]_i_3/CO[7]
                         net (fo=1, routed)           0.026     6.906    u_tpu_top/u_datapath/u_vector_processing_unit/u_post_process/GEN_BIAS_REQUANT.u_bias_requantize/data_flatten_o_reg[101]_i_3_n_0
    SLICE_X89Y336        CARRY8 (Prop_CARRY8_SLICEM_CI_CO[7])
                                                      0.015     6.921 r  u_tpu_top/u_datapath/u_vector_processing_unit/u_post_process/GEN_BIAS_REQUANT.u_bias_requantize/data_flatten_o_reg[126]_i_4/CO[7]
                         net (fo=1, routed)           0.026     6.947    u_tpu_top/u_datapath/u_vector_processing_unit/u_post_process/GEN_BIAS_REQUANT.u_bias_requantize/data_flatten_o_reg[126]_i_4_n_0
    SLICE_X89Y337        CARRY8 (Prop_CARRY8_SLICEM_CI_CO[7])
                                                      0.015     6.962 r  u_tpu_top/u_datapath/u_vector_processing_unit/u_post_process/GEN_BIAS_REQUANT.u_bias_requantize/data_flatten_o_reg[127]_i_20/CO[7]
                         net (fo=1, routed)           0.026     6.988    u_tpu_top/u_datapath/u_vector_processing_unit/u_post_process/GEN_BIAS_REQUANT.u_bias_requantize/data_flatten_o_reg[127]_i_20_n_0
    SLICE_X89Y338        CARRY8 (Prop_CARRY8_SLICEM_CI_CO[7])
                                                      0.015     7.003 r  u_tpu_top/u_datapath/u_vector_processing_unit/u_post_process/GEN_BIAS_REQUANT.u_bias_requantize/data_flatten_o_reg[126]_i_3/CO[7]
                         net (fo=1, routed)           0.026     7.029    u_tpu_top/u_datapath/u_vector_processing_unit/u_post_process/GEN_BIAS_REQUANT.u_bias_requantize/data_flatten_o_reg[126]_i_3_n_0
    SLICE_X89Y339        CARRY8 (Prop_CARRY8_SLICEM_CI_O[1])
                                                      0.076     7.105 f  u_tpu_top/u_datapath/u_vector_processing_unit/u_post_process/GEN_BIAS_REQUANT.u_bias_requantize/data_flatten_o_reg[127]_i_19/O[1]
                         net (fo=7, routed)           0.458     7.563    u_tpu_top/u_datapath/u_vector_processing_unit/u_post_process/GEN_BIAS_REQUANT.u_bias_requantize/(null)[0].rounded_product[63]
    SLICE_X85Y334        LUT3 (Prop_H6LUT_SLICEL_I1_O)
                                                      0.099     7.662 r  u_tpu_top/u_datapath/u_vector_processing_unit/u_post_process/GEN_BIAS_REQUANT.u_bias_requantize/data_flatten_o[127]_i_270/O
                         net (fo=1, routed)           0.185     7.847    u_tpu_top/u_datapath/u_vector_processing_unit/u_post_process/GEN_BIAS_REQUANT.u_bias_requantize/data_flatten_o[127]_i_270_n_0
    SLICE_X85Y335        CARRY8 (Prop_CARRY8_SLICEL_CI_CO[7])
                                                      0.151     7.998 r  u_tpu_top/u_datapath/u_vector_processing_unit/u_post_process/GEN_BIAS_REQUANT.u_bias_requantize/data_flatten_o_reg[127]_i_181/CO[7]
                         net (fo=1, routed)           0.026     8.024    u_tpu_top/u_datapath/u_vector_processing_unit/u_post_process/GEN_BIAS_REQUANT.u_bias_requantize/data_flatten_o_reg[127]_i_181_n_0
    SLICE_X85Y336        CARRY8 (Prop_CARRY8_SLICEL_CI_O[6])
                                                      0.103     8.127 f  u_tpu_top/u_datapath/u_vector_processing_unit/u_post_process/GEN_BIAS_REQUANT.u_bias_requantize/data_flatten_o_reg[127]_i_180/O[6]
                         net (fo=4, routed)           0.421     8.547    u_tpu_top/u_datapath/u_vector_processing_unit/u_post_process/GEN_BIAS_REQUANT.u_bias_requantize/data_flatten_o_reg[127]_i_180_n_9
    SLICE_X87Y335        LUT2 (Prop_E6LUT_SLICEL_I0_O)
                                                      0.123     8.670 r  u_tpu_top/u_datapath/u_vector_processing_unit/u_post_process/GEN_BIAS_REQUANT.u_bias_requantize/data_flatten_o[127]_i_141/O
                         net (fo=1, routed)           0.007     8.677    u_tpu_top/u_datapath/u_vector_processing_unit/u_post_process/GEN_BIAS_REQUANT.u_bias_requantize/data_flatten_o[127]_i_141_n_0
    SLICE_X87Y335        CARRY8 (Prop_CARRY8_SLICEL_S[4]_CO[7])
                                                      0.153     8.830 r  u_tpu_top/u_datapath/u_vector_processing_unit/u_post_process/GEN_BIAS_REQUANT.u_bias_requantize/data_flatten_o_reg[127]_i_46/CO[7]
                         net (fo=1, routed)           0.026     8.856    u_tpu_top/u_datapath/u_vector_processing_unit/u_post_process/GEN_BIAS_REQUANT.u_bias_requantize/data_flatten_o_reg[127]_i_46_n_0
    SLICE_X87Y336        CARRY8 (Prop_CARRY8_SLICEL_CI_CO[5])
                                                      0.077     8.933 r  u_tpu_top/u_datapath/u_vector_processing_unit/u_post_process/GEN_BIAS_REQUANT.u_bias_requantize/data_flatten_o_reg[127]_i_7/CO[5]
                         net (fo=28, routed)          0.319     9.252    u_tpu_top/u_datapath/u_vector_processing_unit/u_post_process/GEN_BIAS_REQUANT.u_bias_requantize/requant_lane1
    SLICE_X87Y330        LUT3 (Prop_H6LUT_SLICEL_I0_O)
                                                      0.099     9.351 f  u_tpu_top/u_datapath/u_vector_processing_unit/u_post_process/GEN_BIAS_REQUANT.u_bias_requantize/data_flatten_o[101]_i_5/O
                         net (fo=5, routed)           0.217     9.568    u_tpu_top/u_datapath/u_vector_processing_unit/u_post_process/GEN_BIAS_REQUANT.u_bias_requantize/data_flatten_o[101]_i_5_n_0
    SLICE_X88Y331        LUT4 (Prop_B6LUT_SLICEM_I3_O)
                                                      0.149     9.717 r  u_tpu_top/u_datapath/u_vector_processing_unit/u_post_process/GEN_BIAS_REQUANT.u_bias_requantize/data_flatten_o[97]_i_1/O
                         net (fo=1, routed)           0.059     9.776    u_tpu_top/u_datapath/u_vector_processing_unit/u_post_process/GEN_BIAS_REQUANT.u_bias_requantize/data_flatten_o[97]_i_1_n_0
    SLICE_X88Y331        FDCE                                         r  u_tpu_top/u_datapath/u_vector_processing_unit/u_post_process/GEN_BIAS_REQUANT.u_bias_requantize/data_flatten_o_reg[97]/D
  -------------------------------------------------------------------    -------------------

Slack:                    inf
  Source:                 u_tpu_top/u_layer_controller/u_tile_controller/vpu_bias_flatten_o_reg[127]/C
                            (rising edge-triggered cell FDCE)
  Destination:            u_tpu_top/u_datapath/u_vector_processing_unit/u_post_process/GEN_BIAS_REQUANT.u_bias_requantize/data_flatten_o_reg[99]/D
  Path Group:             (none)
  Path Type:              Max at Slow Process Corner
  Data Path Delay:        9.768ns  (logic 4.506ns (46.130%)  route 5.262ns (53.870%))
  Logic Levels:           34  (CARRY8=18 DSP_A_B_DATA=1 DSP_ALU=2 DSP_M_DATA=1 DSP_MULTIPLIER=1 DSP_OUTPUT=2 DSP_PREADD_DATA=1 FDCE=1 LUT2=4 LUT3=2 LUT4=1)

    Location             Delay type                Incr(ns)  Path(ns)    Netlist Resource(s)
  -------------------------------------------------------------------    -------------------
    SLICE_X84Y340        FDCE                         0.000     0.000 r  u_tpu_top/u_layer_controller/u_tile_controller/vpu_bias_flatten_o_reg[127]/C
    SLICE_X84Y340        FDCE (Prop_CFF2_SLICEM_C_Q)
                                                      0.077     0.077 r  u_tpu_top/u_layer_controller/u_tile_controller/vpu_bias_flatten_o_reg[127]/Q
                         net (fo=18, routed)          0.463     0.540    u_tpu_top/u_datapath/u_vector_processing_unit/u_post_process/GEN_BIAS_REQUANT.u_bias_requantize/(null)[0].shifted_value0__13_0[55]
    SLICE_X89Y342        LUT2 (Prop_A6LUT_SLICEM_I1_O)
                                                      0.150     0.690 r  u_tpu_top/u_datapath/u_vector_processing_unit/u_post_process/GEN_BIAS_REQUANT.u_bias_requantize/(null)[0].shifted_value0__11_i_20/O
                         net (fo=1, routed)           0.013     0.703    u_tpu_top_n_1108
    SLICE_X89Y342        CARRY8 (Prop_CARRY8_SLICEM_S[0]_CO[7])
                                                      0.192     0.895 r  u_vector_processing_unit/u_post_process/GEN_BIAS_REQUANT.u_bias_requantize/(null)[0].shifted_value0__11_i_3/CO[7]
                         net (fo=1, routed)           0.026     0.921    u_vector_processing_unit/u_post_process/GEN_BIAS_REQUANT.u_bias_requantize/(null)[0].shifted_value0__11_i_3_n_0
    SLICE_X89Y343        CARRY8 (Prop_CARRY8_SLICEM_CI_CO[7])
                                                      0.015     0.936 r  u_vector_processing_unit/u_post_process/GEN_BIAS_REQUANT.u_bias_requantize/(null)[0].shifted_value0__11_i_2/CO[7]
                         net (fo=1, routed)           0.026     0.962    u_tpu_top/u_datapath/u_vector_processing_unit/u_post_process/GEN_BIAS_REQUANT.u_bias_requantize/(null)[0].shifted_value0__12_0[0]
    SLICE_X89Y344        CARRY8 (Prop_CARRY8_SLICEM_CI_O[0])
                                                      0.056     1.018 f  u_tpu_top/u_datapath/u_vector_processing_unit/u_post_process/GEN_BIAS_REQUANT.u_bias_requantize/(null)[0].shifted_value0__11_i_1/O[0]
                         net (fo=18, routed)          0.635     1.653    u_tpu_top/u_datapath/u_vector_processing_unit/u_post_process/GEN_BIAS_REQUANT.u_bias_requantize/(null)[0].shifted_value0__11/B[16]
    DSP48E2_X11Y134      DSP_A_B_DATA (Prop_DSP_A_B_DATA_DSP48E2_B[16]_B2_DATA[16])
                                                      0.151     1.804 r  u_tpu_top/u_datapath/u_vector_processing_unit/u_post_process/GEN_BIAS_REQUANT.u_bias_requantize/(null)[0].shifted_value0__11/DSP_A_B_DATA_INST/B2_DATA[16]
                         net (fo=1, routed)           0.000     1.804    u_tpu_top/u_datapath/u_vector_processing_unit/u_post_process/GEN_BIAS_REQUANT.u_bias_requantize/(null)[0].shifted_value0__11/DSP_A_B_DATA.B2_DATA<16>
    DSP48E2_X11Y134      DSP_PREADD_DATA (Prop_DSP_PREADD_DATA_DSP48E2_B2_DATA[16]_B2B1[16])
                                                      0.073     1.877 r  u_tpu_top/u_datapath/u_vector_processing_unit/u_post_process/GEN_BIAS_REQUANT.u_bias_requantize/(null)[0].shifted_value0__11/DSP_PREADD_DATA_INST/B2B1[16]
                         net (fo=1, routed)           0.000     1.877    u_tpu_top/u_datapath/u_vector_processing_unit/u_post_process/GEN_BIAS_REQUANT.u_bias_requantize/(null)[0].shifted_value0__11/DSP_PREADD_DATA.B2B1<16>
    DSP48E2_X11Y134      DSP_MULTIPLIER (Prop_DSP_MULTIPLIER_DSP48E2_B2B1[16]_V[43])
                                                      0.609     2.486 f  u_tpu_top/u_datapath/u_vector_processing_unit/u_post_process/GEN_BIAS_REQUANT.u_bias_requantize/(null)[0].shifted_value0__11/DSP_MULTIPLIER_INST/V[43]
                         net (fo=1, routed)           0.000     2.486    u_tpu_top/u_datapath/u_vector_processing_unit/u_post_process/GEN_BIAS_REQUANT.u_bias_requantize/(null)[0].shifted_value0__11/DSP_MULTIPLIER.V<43>
    DSP48E2_X11Y134      DSP_M_DATA (Prop_DSP_M_DATA_DSP48E2_V[43]_V_DATA[43])
                                                      0.046     2.532 r  u_tpu_top/u_datapath/u_vector_processing_unit/u_post_process/GEN_BIAS_REQUANT.u_bias_requantize/(null)[0].shifted_value0__11/DSP_M_DATA_INST/V_DATA[43]
                         net (fo=1, routed)           0.000     2.532    u_tpu_top/u_datapath/u_vector_processing_unit/u_post_process/GEN_BIAS_REQUANT.u_bias_requantize/(null)[0].shifted_value0__11/DSP_M_DATA.V_DATA<43>
    DSP48E2_X11Y134      DSP_ALU (Prop_DSP_ALU_DSP48E2_V_DATA[43]_ALU_OUT[47])
                                                      0.571     3.103 f  u_tpu_top/u_datapath/u_vector_processing_unit/u_post_process/GEN_BIAS_REQUANT.u_bias_requantize/(null)[0].shifted_value0__11/DSP_ALU_INST/ALU_OUT[47]
                         net (fo=1, routed)           0.000     3.103    u_tpu_top/u_datapath/u_vector_processing_unit/u_post_process/GEN_BIAS_REQUANT.u_bias_requantize/(null)[0].shifted_value0__11/DSP_ALU.ALU_OUT<47>
    DSP48E2_X11Y134      DSP_OUTPUT (Prop_DSP_OUTPUT_DSP48E2_ALU_OUT[47]_PCOUT[47])
                                                      0.122     3.225 r  u_tpu_top/u_datapath/u_vector_processing_unit/u_post_process/GEN_BIAS_REQUANT.u_bias_requantize/(null)[0].shifted_value0__11/DSP_OUTPUT_INST/PCOUT[47]
                         net (fo=1, routed)           0.014     3.239    u_tpu_top/u_datapath/u_vector_processing_unit/u_post_process/GEN_BIAS_REQUANT.u_bias_requantize/(null)[0].shifted_value0__12/PCIN[47]
    DSP48E2_X11Y135      DSP_ALU (Prop_DSP_ALU_DSP48E2_PCIN[47]_ALU_OUT[11])
                                                      0.546     3.785 f  u_tpu_top/u_datapath/u_vector_processing_unit/u_post_process/GEN_BIAS_REQUANT.u_bias_requantize/(null)[0].shifted_value0__12/DSP_ALU_INST/ALU_OUT[11]
                         net (fo=1, routed)           0.000     3.785    u_tpu_top/u_datapath/u_vector_processing_unit/u_post_process/GEN_BIAS_REQUANT.u_bias_requantize/(null)[0].shifted_value0__12/DSP_ALU.ALU_OUT<11>
    DSP48E2_X11Y135      DSP_OUTPUT (Prop_DSP_OUTPUT_DSP48E2_ALU_OUT[11]_P[11])
                                                      0.109     3.894 r  u_tpu_top/u_datapath/u_vector_processing_unit/u_post_process/GEN_BIAS_REQUANT.u_bias_requantize/(null)[0].shifted_value0__12/DSP_OUTPUT_INST/P[11]
                         net (fo=1, routed)           0.406     4.300    u_tpu_top/u_datapath/u_vector_processing_unit/u_post_process/GEN_BIAS_REQUANT.u_bias_requantize/p_0_in[45]
    SLICE_X88Y338        LUT2 (Prop_F6LUT_SLICEM_I1_O)
                                                      0.123     4.423 r  u_tpu_top/u_datapath/u_vector_processing_unit/u_post_process/GEN_BIAS_REQUANT.u_bias_requantize/data_flatten_o[127]_i_157/O
                         net (fo=1, routed)           0.022     4.445    u_tpu_top/u_datapath/u_vector_processing_unit/u_post_process/GEN_BIAS_REQUANT.u_bias_requantize/data_flatten_o[127]_i_157_n_0
    SLICE_X88Y338        CARRY8 (Prop_CARRY8_SLICEM_S[5]_CO[7])
                                                      0.159     4.604 r  u_tpu_top/u_datapath/u_vector_processing_unit/u_post_process/GEN_BIAS_REQUANT.u_bias_requantize/data_flatten_o_reg[127]_i_77/CO[7]
                         net (fo=1, routed)           0.026     4.630    u_tpu_top/u_datapath/u_vector_processing_unit/u_post_process/GEN_BIAS_REQUANT.u_bias_requantize/data_flatten_o_reg[127]_i_77_n_0
    SLICE_X88Y339        CARRY8 (Prop_CARRY8_SLICEM_CI_CO[7])
                                                      0.015     4.645 r  u_tpu_top/u_datapath/u_vector_processing_unit/u_post_process/GEN_BIAS_REQUANT.u_bias_requantize/data_flatten_o_reg[127]_i_146/CO[7]
                         net (fo=1, routed)           0.026     4.671    u_tpu_top/u_datapath/u_vector_processing_unit/u_post_process/GEN_BIAS_REQUANT.u_bias_requantize/data_flatten_o_reg[127]_i_146_n_0
    SLICE_X88Y340        CARRY8 (Prop_CARRY8_SLICEM_CI_CO[7])
                                                      0.015     4.686 r  u_tpu_top/u_datapath/u_vector_processing_unit/u_post_process/GEN_BIAS_REQUANT.u_bias_requantize/data_flatten_o_reg[127]_i_74/CO[7]
                         net (fo=1, routed)           0.026     4.712    u_tpu_top/u_datapath/u_vector_processing_unit/u_post_process/GEN_BIAS_REQUANT.u_bias_requantize/data_flatten_o_reg[127]_i_74_n_0
    SLICE_X88Y341        CARRY8 (Prop_CARRY8_SLICEM_CI_O[0])
                                                      0.056     4.768 r  u_tpu_top/u_datapath/u_vector_processing_unit/u_post_process/GEN_BIAS_REQUANT.u_bias_requantize/data_flatten_o_reg[101]_i_6/O[0]
                         net (fo=131, routed)         1.699     6.467    u_tpu_top/u_layer_controller/u_tile_controller/data_flatten_o_reg[101]_i_4[2]
    SLICE_X89Y333        LUT2 (Prop_B6LUT_SLICEM_I0_O)
                                                      0.125     6.592 r  u_tpu_top/u_layer_controller/u_tile_controller/data_flatten_o[101]_i_21/O
                         net (fo=1, routed)           0.016     6.608    u_tpu_top/u_datapath/u_vector_processing_unit/u_post_process/GEN_BIAS_REQUANT.u_bias_requantize/data_flatten_o_reg[101]_0[1]
    SLICE_X89Y333        CARRY8 (Prop_CARRY8_SLICEM_S[1]_CO[7])
                                                      0.190     6.798 r  u_tpu_top/u_datapath/u_vector_processing_unit/u_post_process/GEN_BIAS_REQUANT.u_bias_requantize/data_flatten_o_reg[101]_i_4/CO[7]
                         net (fo=1, routed)           0.026     6.824    u_tpu_top/u_datapath/u_vector_processing_unit/u_post_process/GEN_BIAS_REQUANT.u_bias_requantize/data_flatten_o_reg[101]_i_4_n_0
    SLICE_X89Y334        CARRY8 (Prop_CARRY8_SLICEM_CI_CO[7])
                                                      0.015     6.839 r  u_tpu_top/u_datapath/u_vector_processing_unit/u_post_process/GEN_BIAS_REQUANT.u_bias_requantize/data_flatten_o_reg[110]_i_3/CO[7]
                         net (fo=1, routed)           0.026     6.865    u_tpu_top/u_datapath/u_vector_processing_unit/u_post_process/GEN_BIAS_REQUANT.u_bias_requantize/data_flatten_o_reg[110]_i_3_n_0
    SLICE_X89Y335        CARRY8 (Prop_CARRY8_SLICEM_CI_CO[7])
                                                      0.015     6.880 r  u_tpu_top/u_datapath/u_vector_processing_unit/u_post_process/GEN_BIAS_REQUANT.u_bias_requantize/data_flatten_o_reg[101]_i_3/CO[7]
                         net (fo=1, routed)           0.026     6.906    u_tpu_top/u_datapath/u_vector_processing_unit/u_post_process/GEN_BIAS_REQUANT.u_bias_requantize/data_flatten_o_reg[101]_i_3_n_0
    SLICE_X89Y336        CARRY8 (Prop_CARRY8_SLICEM_CI_CO[7])
                                                      0.015     6.921 r  u_tpu_top/u_datapath/u_vector_processing_unit/u_post_process/GEN_BIAS_REQUANT.u_bias_requantize/data_flatten_o_reg[126]_i_4/CO[7]
                         net (fo=1, routed)           0.026     6.947    u_tpu_top/u_datapath/u_vector_processing_unit/u_post_process/GEN_BIAS_REQUANT.u_bias_requantize/data_flatten_o_reg[126]_i_4_n_0
    SLICE_X89Y337        CARRY8 (Prop_CARRY8_SLICEM_CI_CO[7])
                                                      0.015     6.962 r  u_tpu_top/u_datapath/u_vector_processing_unit/u_post_process/GEN_BIAS_REQUANT.u_bias_requantize/data_flatten_o_reg[127]_i_20/CO[7]
                         net (fo=1, routed)           0.026     6.988    u_tpu_top/u_datapath/u_vector_processing_unit/u_post_process/GEN_BIAS_REQUANT.u_bias_requantize/data_flatten_o_reg[127]_i_20_n_0
    SLICE_X89Y338        CARRY8 (Prop_CARRY8_SLICEM_CI_CO[7])
                                                      0.015     7.003 r  u_tpu_top/u_datapath/u_vector_processing_unit/u_post_process/GEN_BIAS_REQUANT.u_bias_requantize/data_flatten_o_reg[126]_i_3/CO[7]
                         net (fo=1, routed)           0.026     7.029    u_tpu_top/u_datapath/u_vector_processing_unit/u_post_process/GEN_BIAS_REQUANT.u_bias_requantize/data_flatten_o_reg[126]_i_3_n_0
    SLICE_X89Y339        CARRY8 (Prop_CARRY8_SLICEM_CI_O[1])
                                                      0.076     7.105 f  u_tpu_top/u_datapath/u_vector_processing_unit/u_post_process/GEN_BIAS_REQUANT.u_bias_requantize/data_flatten_o_reg[127]_i_19/O[1]
                         net (fo=7, routed)           0.458     7.563    u_tpu_top/u_datapath/u_vector_processing_unit/u_post_process/GEN_BIAS_REQUANT.u_bias_requantize/(null)[0].rounded_product[63]
    SLICE_X85Y334        LUT3 (Prop_H6LUT_SLICEL_I1_O)
                                                      0.099     7.662 r  u_tpu_top/u_datapath/u_vector_processing_unit/u_post_process/GEN_BIAS_REQUANT.u_bias_requantize/data_flatten_o[127]_i_270/O
                         net (fo=1, routed)           0.185     7.847    u_tpu_top/u_datapath/u_vector_processing_unit/u_post_process/GEN_BIAS_REQUANT.u_bias_requantize/data_flatten_o[127]_i_270_n_0
    SLICE_X85Y335        CARRY8 (Prop_CARRY8_SLICEL_CI_CO[7])
                                                      0.151     7.998 r  u_tpu_top/u_datapath/u_vector_processing_unit/u_post_process/GEN_BIAS_REQUANT.u_bias_requantize/data_flatten_o_reg[127]_i_181/CO[7]
                         net (fo=1, routed)           0.026     8.024    u_tpu_top/u_datapath/u_vector_processing_unit/u_post_process/GEN_BIAS_REQUANT.u_bias_requantize/data_flatten_o_reg[127]_i_181_n_0
    SLICE_X85Y336        CARRY8 (Prop_CARRY8_SLICEL_CI_O[6])
                                                      0.103     8.127 f  u_tpu_top/u_datapath/u_vector_processing_unit/u_post_process/GEN_BIAS_REQUANT.u_bias_requantize/data_flatten_o_reg[127]_i_180/O[6]
                         net (fo=4, routed)           0.421     8.547    u_tpu_top/u_datapath/u_vector_processing_unit/u_post_process/GEN_BIAS_REQUANT.u_bias_requantize/data_flatten_o_reg[127]_i_180_n_9
    SLICE_X87Y335        LUT2 (Prop_E6LUT_SLICEL_I0_O)
                                                      0.123     8.670 r  u_tpu_top/u_datapath/u_vector_processing_unit/u_post_process/GEN_BIAS_REQUANT.u_bias_requantize/data_flatten_o[127]_i_141/O
                         net (fo=1, routed)           0.007     8.677    u_tpu_top/u_datapath/u_vector_processing_unit/u_post_process/GEN_BIAS_REQUANT.u_bias_requantize/data_flatten_o[127]_i_141_n_0
    SLICE_X87Y335        CARRY8 (Prop_CARRY8_SLICEL_S[4]_CO[7])
                                                      0.153     8.830 r  u_tpu_top/u_datapath/u_vector_processing_unit/u_post_process/GEN_BIAS_REQUANT.u_bias_requantize/data_flatten_o_reg[127]_i_46/CO[7]
                         net (fo=1, routed)           0.026     8.856    u_tpu_top/u_datapath/u_vector_processing_unit/u_post_process/GEN_BIAS_REQUANT.u_bias_requantize/data_flatten_o_reg[127]_i_46_n_0
    SLICE_X87Y336        CARRY8 (Prop_CARRY8_SLICEL_CI_CO[5])
                                                      0.077     8.933 r  u_tpu_top/u_datapath/u_vector_processing_unit/u_post_process/GEN_BIAS_REQUANT.u_bias_requantize/data_flatten_o_reg[127]_i_7/CO[5]
                         net (fo=28, routed)          0.319     9.252    u_tpu_top/u_datapath/u_vector_processing_unit/u_post_process/GEN_BIAS_REQUANT.u_bias_requantize/requant_lane1
    SLICE_X87Y330        LUT3 (Prop_H6LUT_SLICEL_I0_O)
                                                      0.099     9.351 f  u_tpu_top/u_datapath/u_vector_processing_unit/u_post_process/GEN_BIAS_REQUANT.u_bias_requantize/data_flatten_o[101]_i_5/O
                         net (fo=5, routed)           0.214     9.565    u_tpu_top/u_datapath/u_vector_processing_unit/u_post_process/GEN_BIAS_REQUANT.u_bias_requantize/data_flatten_o[101]_i_5_n_0
    SLICE_X88Y331        LUT4 (Prop_A6LUT_SLICEM_I3_O)
                                                      0.150     9.715 r  u_tpu_top/u_datapath/u_vector_processing_unit/u_post_process/GEN_BIAS_REQUANT.u_bias_requantize/data_flatten_o[99]_i_1/O
                         net (fo=1, routed)           0.053     9.768    u_tpu_top/u_datapath/u_vector_processing_unit/u_post_process/GEN_BIAS_REQUANT.u_bias_requantize/data_flatten_o[99]_i_1_n_0
    SLICE_X88Y331        FDCE                                         r  u_tpu_top/u_datapath/u_vector_processing_unit/u_post_process/GEN_BIAS_REQUANT.u_bias_requantize/data_flatten_o_reg[99]/D
  -------------------------------------------------------------------    -------------------

Slack:                    inf
  Source:                 u_tpu_top/u_datapath/u_accumulator_array/read_data_flatten_o_reg[4]/C
                            (rising edge-triggered cell FDCE)
  Destination:            u_tpu_top/u_datapath/u_vector_processing_unit/u_post_process/GEN_BIAS_REQUANT.u_bias_requantize/data_flatten_o_reg[6]/D
  Path Group:             (none)
  Path Type:              Max at Slow Process Corner
  Data Path Delay:        9.721ns  (logic 4.366ns (44.913%)  route 5.355ns (55.087%))
  Logic Levels:           35  (CARRY8=19 DSP_A_B_DATA=1 DSP_ALU=2 DSP_M_DATA=1 DSP_MULTIPLIER=1 DSP_OUTPUT=2 DSP_PREADD_DATA=1 FDCE=1 LUT2=4 LUT3=1 LUT4=1 LUT5=1)

    Location             Delay type                Incr(ns)  Path(ns)    Netlist Resource(s)
  -------------------------------------------------------------------    -------------------
    SLICE_X81Y329        FDCE                         0.000     0.000 r  u_tpu_top/u_datapath/u_accumulator_array/read_data_flatten_o_reg[4]/C
    SLICE_X81Y329        FDCE (Prop_DFF_SLICEM_C_Q)
                                                      0.078     0.078 r  u_tpu_top/u_datapath/u_accumulator_array/read_data_flatten_o_reg[4]/Q
                         net (fo=2, routed)           0.520     0.598    u_tpu_top/u_datapath/u_vector_processing_unit/u_post_process/GEN_BIAS_REQUANT.u_bias_requantize/(null)[0].shifted_value0__11_1[4]
    SLICE_X76Y336        LUT2 (Prop_E6LUT_SLICEL_I0_O)
                                                      0.035     0.633 r  u_tpu_top/u_datapath/u_vector_processing_unit/u_post_process/GEN_BIAS_REQUANT.u_bias_requantize/(null)[0].shifted_value0__1_i_14/O
                         net (fo=1, routed)           0.007     0.640    u_tpu_top_n_889
    SLICE_X76Y336        CARRY8 (Prop_CARRY8_SLICEL_S[4]_CO[7])
                                                      0.153     0.793 r  u_vector_processing_unit/u_post_process/GEN_BIAS_REQUANT.u_bias_requantize/(null)[0].shifted_value0__1_i_2/CO[7]
                         net (fo=1, routed)           0.026     0.819    u_vector_processing_unit/u_post_process/GEN_BIAS_REQUANT.u_bias_requantize/(null)[0].shifted_value0__1_i_2_n_0
    SLICE_X76Y337        CARRY8 (Prop_CARRY8_SLICEL_CI_CO[7])
                                                      0.015     0.834 r  u_vector_processing_unit/u_post_process/GEN_BIAS_REQUANT.u_bias_requantize/(null)[0].shifted_value0__1_i_1/CO[7]
                         net (fo=1, routed)           0.026     0.860    u_vector_processing_unit/u_post_process/GEN_BIAS_REQUANT.u_bias_requantize/(null)[0].shifted_value0__1_i_1_n_0
    SLICE_X76Y338        CARRY8 (Prop_CARRY8_SLICEL_CI_CO[7])
                                                      0.015     0.875 r  u_vector_processing_unit/u_post_process/GEN_BIAS_REQUANT.u_bias_requantize/(null)[0].shifted_value0_i_3/CO[7]
                         net (fo=1, routed)           0.026     0.901    u_vector_processing_unit/u_post_process/GEN_BIAS_REQUANT.u_bias_requantize/(null)[0].shifted_value0_i_3_n_0
    SLICE_X76Y339        CARRY8 (Prop_CARRY8_SLICEL_CI_CO[7])
                                                      0.015     0.916 r  u_vector_processing_unit/u_post_process/GEN_BIAS_REQUANT.u_bias_requantize/(null)[0].shifted_value0_i_2/CO[7]
                         net (fo=1, routed)           0.026     0.942    u_tpu_top/u_datapath/u_vector_processing_unit/u_post_process/GEN_BIAS_REQUANT.u_bias_requantize/(null)[0].shifted_value0__0_0[0]
    SLICE_X76Y340        CARRY8 (Prop_CARRY8_SLICEL_CI_O[0])
                                                      0.056     0.998 f  u_tpu_top/u_datapath/u_vector_processing_unit/u_post_process/GEN_BIAS_REQUANT.u_bias_requantize/(null)[0].shifted_value0_i_1/O[0]
                         net (fo=18, routed)          0.646     1.645    u_tpu_top/u_datapath/u_vector_processing_unit/u_post_process/GEN_BIAS_REQUANT.u_bias_requantize/(null)[0].shifted_value0/B[17]
    DSP48E2_X7Y134       DSP_A_B_DATA (Prop_DSP_A_B_DATA_DSP48E2_B[17]_B2_DATA[17])
                                                      0.151     1.796 r  u_tpu_top/u_datapath/u_vector_processing_unit/u_post_process/GEN_BIAS_REQUANT.u_bias_requantize/(null)[0].shifted_value0/DSP_A_B_DATA_INST/B2_DATA[17]
                         net (fo=1, routed)           0.000     1.796    u_tpu_top/u_datapath/u_vector_processing_unit/u_post_process/GEN_BIAS_REQUANT.u_bias_requantize/(null)[0].shifted_value0/DSP_A_B_DATA.B2_DATA<17>
    DSP48E2_X7Y134       DSP_PREADD_DATA (Prop_DSP_PREADD_DATA_DSP48E2_B2_DATA[17]_B2B1[17])
                                                      0.073     1.869 r  u_tpu_top/u_datapath/u_vector_processing_unit/u_post_process/GEN_BIAS_REQUANT.u_bias_requantize/(null)[0].shifted_value0/DSP_PREADD_DATA_INST/B2B1[17]
                         net (fo=1, routed)           0.000     1.869    u_tpu_top/u_datapath/u_vector_processing_unit/u_post_process/GEN_BIAS_REQUANT.u_bias_requantize/(null)[0].shifted_value0/DSP_PREADD_DATA.B2B1<17>
    DSP48E2_X7Y134       DSP_MULTIPLIER (Prop_DSP_MULTIPLIER_DSP48E2_B2B1[17]_V[43])
                                                      0.609     2.478 f  u_tpu_top/u_datapath/u_vector_processing_unit/u_post_process/GEN_BIAS_REQUANT.u_bias_requantize/(null)[0].shifted_value0/DSP_MULTIPLIER_INST/V[43]
                         net (fo=1, routed)           0.000     2.478    u_tpu_top/u_datapath/u_vector_processing_unit/u_post_process/GEN_BIAS_REQUANT.u_bias_requantize/(null)[0].shifted_value0/DSP_MULTIPLIER.V<43>
    DSP48E2_X7Y134       DSP_M_DATA (Prop_DSP_M_DATA_DSP48E2_V[43]_V_DATA[43])
                                                      0.046     2.524 r  u_tpu_top/u_datapath/u_vector_processing_unit/u_post_process/GEN_BIAS_REQUANT.u_bias_requantize/(null)[0].shifted_value0/DSP_M_DATA_INST/V_DATA[43]
                         net (fo=1, routed)           0.000     2.524    u_tpu_top/u_datapath/u_vector_processing_unit/u_post_process/GEN_BIAS_REQUANT.u_bias_requantize/(null)[0].shifted_value0/DSP_M_DATA.V_DATA<43>
    DSP48E2_X7Y134       DSP_ALU (Prop_DSP_ALU_DSP48E2_V_DATA[43]_ALU_OUT[47])
                                                      0.571     3.095 f  u_tpu_top/u_datapath/u_vector_processing_unit/u_post_process/GEN_BIAS_REQUANT.u_bias_requantize/(null)[0].shifted_value0/DSP_ALU_INST/ALU_OUT[47]
                         net (fo=1, routed)           0.000     3.095    u_tpu_top/u_datapath/u_vector_processing_unit/u_post_process/GEN_BIAS_REQUANT.u_bias_requantize/(null)[0].shifted_value0/DSP_ALU.ALU_OUT<47>
    DSP48E2_X7Y134       DSP_OUTPUT (Prop_DSP_OUTPUT_DSP48E2_ALU_OUT[47]_PCOUT[47])
                                                      0.122     3.217 r  u_tpu_top/u_datapath/u_vector_processing_unit/u_post_process/GEN_BIAS_REQUANT.u_bias_requantize/(null)[0].shifted_value0/DSP_OUTPUT_INST/PCOUT[47]
                         net (fo=1, routed)           0.014     3.231    u_tpu_top/u_datapath/u_vector_processing_unit/u_post_process/GEN_BIAS_REQUANT.u_bias_requantize/(null)[0].shifted_value0__0/PCIN[47]
    DSP48E2_X7Y135       DSP_ALU (Prop_DSP_ALU_DSP48E2_PCIN[47]_ALU_OUT[22])
                                                      0.546     3.777 f  u_tpu_top/u_datapath/u_vector_processing_unit/u_post_process/GEN_BIAS_REQUANT.u_bias_requantize/(null)[0].shifted_value0__0/DSP_ALU_INST/ALU_OUT[22]
                         net (fo=1, routed)           0.000     3.777    u_tpu_top/u_datapath/u_vector_processing_unit/u_post_process/GEN_BIAS_REQUANT.u_bias_requantize/(null)[0].shifted_value0__0/DSP_ALU.ALU_OUT<22>
    DSP48E2_X7Y135       DSP_OUTPUT (Prop_DSP_OUTPUT_DSP48E2_ALU_OUT[22]_P[22])
                                                      0.109     3.886 r  u_tpu_top/u_datapath/u_vector_processing_unit/u_post_process/GEN_BIAS_REQUANT.u_bias_requantize/(null)[0].shifted_value0__0/DSP_OUTPUT_INST/P[22]
                         net (fo=1, routed)           0.563     4.449    u_tpu_top/u_datapath/u_vector_processing_unit/u_post_process/GEN_BIAS_REQUANT.u_bias_requantize/(null)[0].shifted_value0__0_n_83
    SLICE_X70Y340        LUT2 (Prop_A6LUT_SLICEM_I1_O)
                                                      0.150     4.599 r  u_tpu_top/u_datapath/u_vector_processing_unit/u_post_process/GEN_BIAS_REQUANT.u_bias_requantize/data_flatten_o[31]_i_154/O
                         net (fo=1, routed)           0.013     4.612    u_tpu_top/u_datapath/u_vector_processing_unit/u_post_process/GEN_BIAS_REQUANT.u_bias_requantize/data_flatten_o[31]_i_154_n_0
    SLICE_X70Y340        CARRY8 (Prop_CARRY8_SLICEM_S[0]_CO[7])
                                                      0.192     4.804 r  u_tpu_top/u_datapath/u_vector_processing_unit/u_post_process/GEN_BIAS_REQUANT.u_bias_requantize/data_flatten_o_reg[31]_i_73/CO[7]
                         net (fo=1, routed)           0.026     4.830    u_tpu_top/u_datapath/u_vector_processing_unit/u_post_process/GEN_BIAS_REQUANT.u_bias_requantize/data_flatten_o_reg[31]_i_73_n_0
    SLICE_X70Y341        CARRY8 (Prop_CARRY8_SLICEM_CI_O[0])
                                                      0.056     4.886 r  u_tpu_top/u_datapath/u_vector_processing_unit/u_post_process/GEN_BIAS_REQUANT.u_bias_requantize/data_flatten_o_reg[5]_i_6/O[0]
                         net (fo=132, routed)         1.410     6.295    u_tpu_top/u_layer_controller/u_tile_controller/DI[2]
    SLICE_X71Y335        LUT2 (Prop_A6LUT_SLICEM_I0_O)
                                                      0.150     6.445 r  u_tpu_top/u_layer_controller/u_tile_controller/data_flatten_o[5]_i_22/O
                         net (fo=1, routed)           0.013     6.458    u_tpu_top/u_datapath/u_vector_processing_unit/u_post_process/GEN_BIAS_REQUANT.u_bias_requantize/data_flatten_o_reg[5]_0[0]
    SLICE_X71Y335        CARRY8 (Prop_CARRY8_SLICEM_S[0]_CO[7])
                                                      0.192     6.650 f  u_tpu_top/u_datapath/u_vector_processing_unit/u_post_process/GEN_BIAS_REQUANT.u_bias_requantize/data_flatten_o_reg[5]_i_4/CO[7]
                         net (fo=1, routed)           0.026     6.676    u_tpu_top/u_datapath/u_vector_processing_unit/u_post_process/GEN_BIAS_REQUANT.u_bias_requantize/data_flatten_o_reg[5]_i_4_n_0
    SLICE_X71Y336        CARRY8 (Prop_CARRY8_SLICEM_CI_CO[7])
                                                      0.015     6.691 f  u_tpu_top/u_datapath/u_vector_processing_unit/u_post_process/GEN_BIAS_REQUANT.u_bias_requantize/data_flatten_o_reg[14]_i_3/CO[7]
                         net (fo=1, routed)           0.026     6.717    u_tpu_top/u_datapath/u_vector_processing_unit/u_post_process/GEN_BIAS_REQUANT.u_bias_requantize/data_flatten_o_reg[14]_i_3_n_0
    SLICE_X71Y337        CARRY8 (Prop_CARRY8_SLICEM_CI_CO[7])
                                                      0.015     6.732 f  u_tpu_top/u_datapath/u_vector_processing_unit/u_post_process/GEN_BIAS_REQUANT.u_bias_requantize/data_flatten_o_reg[5]_i_3/CO[7]
                         net (fo=1, routed)           0.026     6.758    u_tpu_top/u_datapath/u_vector_processing_unit/u_post_process/GEN_BIAS_REQUANT.u_bias_requantize/data_flatten_o_reg[5]_i_3_n_0
    SLICE_X71Y338        CARRY8 (Prop_CARRY8_SLICEM_CI_CO[7])
                                                      0.015     6.773 f  u_tpu_top/u_datapath/u_vector_processing_unit/u_post_process/GEN_BIAS_REQUANT.u_bias_requantize/data_flatten_o_reg[30]_i_4/CO[7]
                         net (fo=1, routed)           0.026     6.799    u_tpu_top/u_datapath/u_vector_processing_unit/u_post_process/GEN_BIAS_REQUANT.u_bias_requantize/data_flatten_o_reg[30]_i_4_n_0
    SLICE_X71Y339        CARRY8 (Prop_CARRY8_SLICEM_CI_CO[7])
                                                      0.015     6.814 f  u_tpu_top/u_datapath/u_vector_processing_unit/u_post_process/GEN_BIAS_REQUANT.u_bias_requantize/data_flatten_o_reg[31]_i_19/CO[7]
                         net (fo=1, routed)           0.026     6.840    u_tpu_top/u_datapath/u_vector_processing_unit/u_post_process/GEN_BIAS_REQUANT.u_bias_requantize/data_flatten_o_reg[31]_i_19_n_0
    SLICE_X71Y340        CARRY8 (Prop_CARRY8_SLICEM_CI_CO[7])
                                                      0.015     6.855 f  u_tpu_top/u_datapath/u_vector_processing_unit/u_post_process/GEN_BIAS_REQUANT.u_bias_requantize/data_flatten_o_reg[30]_i_3/CO[7]
                         net (fo=1, routed)           0.026     6.881    u_tpu_top/u_datapath/u_vector_processing_unit/u_post_process/GEN_BIAS_REQUANT.u_bias_requantize/data_flatten_o_reg[30]_i_3_n_0
    SLICE_X71Y341        CARRY8 (Prop_CARRY8_SLICEM_CI_CO[1])
                                                      0.042     6.923 f  u_tpu_top/u_datapath/u_vector_processing_unit/u_post_process/GEN_BIAS_REQUANT.u_bias_requantize/data_flatten_o_reg[31]_i_18/CO[1]
                         net (fo=2, routed)           0.282     7.205    u_tpu_top/u_datapath/u_vector_processing_unit/u_post_process/GEN_BIAS_REQUANT.u_bias_requantize/data_flatten_o_reg[31]_i_18_n_6
    SLICE_X69Y341        LUT3 (Prop_G6LUT_SLICEL_I0_O)
                                                      0.123     7.328 r  u_tpu_top/u_datapath/u_vector_processing_unit/u_post_process/GEN_BIAS_REQUANT.u_bias_requantize/data_flatten_o[31]_i_278/O
                         net (fo=3, routed)           0.302     7.630    u_tpu_top/u_datapath/u_vector_processing_unit/u_post_process/GEN_BIAS_REQUANT.u_bias_requantize/data_flatten_o[31]_i_278_n_0
    SLICE_X69Y337        LUT4 (Prop_B6LUT_SLICEL_I3_O)
                                                      0.090     7.720 r  u_tpu_top/u_datapath/u_vector_processing_unit/u_post_process/GEN_BIAS_REQUANT.u_bias_requantize/data_flatten_o[31]_i_285/O
                         net (fo=1, routed)           0.009     7.729    u_tpu_top/u_datapath/u_vector_processing_unit/u_post_process/GEN_BIAS_REQUANT.u_bias_requantize/data_flatten_o[31]_i_285_n_0
    SLICE_X69Y337        CARRY8 (Prop_CARRY8_SLICEL_S[1]_CO[7])
                                                      0.186     7.915 r  u_tpu_top/u_datapath/u_vector_processing_unit/u_post_process/GEN_BIAS_REQUANT.u_bias_requantize/data_flatten_o_reg[31]_i_181/CO[7]
                         net (fo=1, routed)           0.026     7.941    u_tpu_top/u_datapath/u_vector_processing_unit/u_post_process/GEN_BIAS_REQUANT.u_bias_requantize/data_flatten_o_reg[31]_i_181_n_0
    SLICE_X69Y338        CARRY8 (Prop_CARRY8_SLICEL_CI_CO[7])
                                                      0.015     7.956 r  u_tpu_top/u_datapath/u_vector_processing_unit/u_post_process/GEN_BIAS_REQUANT.u_bias_requantize/data_flatten_o_reg[31]_i_180/CO[7]
                         net (fo=1, routed)           0.026     7.982    u_tpu_top/u_datapath/u_vector_processing_unit/u_post_process/GEN_BIAS_REQUANT.u_bias_requantize/data_flatten_o_reg[31]_i_180_n_0
    SLICE_X69Y339        CARRY8 (Prop_CARRY8_SLICEL_CI_CO[7])
                                                      0.015     7.997 r  u_tpu_top/u_datapath/u_vector_processing_unit/u_post_process/GEN_BIAS_REQUANT.u_bias_requantize/data_flatten_o_reg[31]_i_128/CO[7]
                         net (fo=1, routed)           0.026     8.023    u_tpu_top/u_datapath/u_vector_processing_unit/u_post_process/GEN_BIAS_REQUANT.u_bias_requantize/data_flatten_o_reg[31]_i_128_n_0
    SLICE_X69Y340        CARRY8 (Prop_CARRY8_SLICEL_CI_O[2])
                                                      0.067     8.090 r  u_tpu_top/u_datapath/u_vector_processing_unit/u_post_process/GEN_BIAS_REQUANT.u_bias_requantize/data_flatten_o_reg[31]_i_127/O[2]
                         net (fo=4, routed)           0.412     8.502    u_tpu_top/u_datapath/u_vector_processing_unit/u_post_process/GEN_BIAS_REQUANT.u_bias_requantize/data_flatten_o_reg[31]_i_127_n_13
    SLICE_X68Y336        LUT2 (Prop_C6LUT_SLICEL_I1_O)
                                                      0.123     8.625 r  u_tpu_top/u_datapath/u_vector_processing_unit/u_post_process/GEN_BIAS_REQUANT.u_bias_requantize/data_flatten_o[31]_i_42/O
                         net (fo=1, routed)           0.010     8.635    u_tpu_top/u_datapath/u_vector_processing_unit/u_post_process/GEN_BIAS_REQUANT.u_bias_requantize/data_flatten_o[31]_i_42_n_0
    SLICE_X68Y336        CARRY8 (Prop_CARRY8_SLICEL_S[2]_CO[5])
                                                      0.158     8.793 f  u_tpu_top/u_datapath/u_vector_processing_unit/u_post_process/GEN_BIAS_REQUANT.u_bias_requantize/data_flatten_o_reg[31]_i_5/CO[5]
                         net (fo=33, routed)          0.553     9.346    u_tpu_top/u_datapath/u_vector_processing_unit/u_post_process/GEN_BIAS_REQUANT.u_bias_requantize/data_flatten_o_reg[31]_i_5_n_2
    SLICE_X72Y333        LUT5 (Prop_A5LUT_SLICEL_I3_O)
                                                      0.138     9.484 r  u_tpu_top/u_datapath/u_vector_processing_unit/u_post_process/GEN_BIAS_REQUANT.u_bias_requantize/data_flatten_o[6]_i_1/O
                         net (fo=1, routed)           0.237     9.721    u_tpu_top/u_datapath/u_vector_processing_unit/u_post_process/GEN_BIAS_REQUANT.u_bias_requantize/data_flatten_o[6]_i_1_n_0
    SLICE_X72Y333        FDCE                                         r  u_tpu_top/u_datapath/u_vector_processing_unit/u_post_process/GEN_BIAS_REQUANT.u_bias_requantize/data_flatten_o_reg[6]/D
  -------------------------------------------------------------------    -------------------

Slack:                    inf
  Source:                 u_tpu_top/u_layer_controller/u_tile_controller/vpu_bias_flatten_o_reg[127]/C
                            (rising edge-triggered cell FDCE)
  Destination:            u_tpu_top/u_datapath/u_vector_processing_unit/u_post_process/GEN_BIAS_REQUANT.u_bias_requantize/data_flatten_o_reg[102]/D
  Path Group:             (none)
  Path Type:              Max at Slow Process Corner
  Data Path Delay:        9.707ns  (logic 4.366ns (44.977%)  route 5.341ns (55.023%))
  Logic Levels:           33  (CARRY8=18 DSP_A_B_DATA=1 DSP_ALU=2 DSP_M_DATA=1 DSP_MULTIPLIER=1 DSP_OUTPUT=2 DSP_PREADD_DATA=1 FDCE=1 LUT2=4 LUT3=1 LUT5=1)

    Location             Delay type                Incr(ns)  Path(ns)    Netlist Resource(s)
  -------------------------------------------------------------------    -------------------
    SLICE_X84Y340        FDCE                         0.000     0.000 r  u_tpu_top/u_layer_controller/u_tile_controller/vpu_bias_flatten_o_reg[127]/C
    SLICE_X84Y340        FDCE (Prop_CFF2_SLICEM_C_Q)
                                                      0.077     0.077 r  u_tpu_top/u_layer_controller/u_tile_controller/vpu_bias_flatten_o_reg[127]/Q
                         net (fo=18, routed)          0.463     0.540    u_tpu_top/u_datapath/u_vector_processing_unit/u_post_process/GEN_BIAS_REQUANT.u_bias_requantize/(null)[0].shifted_value0__13_0[55]
    SLICE_X89Y342        LUT2 (Prop_A6LUT_SLICEM_I1_O)
                                                      0.150     0.690 r  u_tpu_top/u_datapath/u_vector_processing_unit/u_post_process/GEN_BIAS_REQUANT.u_bias_requantize/(null)[0].shifted_value0__11_i_20/O
                         net (fo=1, routed)           0.013     0.703    u_tpu_top_n_1108
    SLICE_X89Y342        CARRY8 (Prop_CARRY8_SLICEM_S[0]_CO[7])
                                                      0.192     0.895 r  u_vector_processing_unit/u_post_process/GEN_BIAS_REQUANT.u_bias_requantize/(null)[0].shifted_value0__11_i_3/CO[7]
                         net (fo=1, routed)           0.026     0.921    u_vector_processing_unit/u_post_process/GEN_BIAS_REQUANT.u_bias_requantize/(null)[0].shifted_value0__11_i_3_n_0
    SLICE_X89Y343        CARRY8 (Prop_CARRY8_SLICEM_CI_CO[7])
                                                      0.015     0.936 r  u_vector_processing_unit/u_post_process/GEN_BIAS_REQUANT.u_bias_requantize/(null)[0].shifted_value0__11_i_2/CO[7]
                         net (fo=1, routed)           0.026     0.962    u_tpu_top/u_datapath/u_vector_processing_unit/u_post_process/GEN_BIAS_REQUANT.u_bias_requantize/(null)[0].shifted_value0__12_0[0]
    SLICE_X89Y344        CARRY8 (Prop_CARRY8_SLICEM_CI_O[0])
                                                      0.056     1.018 f  u_tpu_top/u_datapath/u_vector_processing_unit/u_post_process/GEN_BIAS_REQUANT.u_bias_requantize/(null)[0].shifted_value0__11_i_1/O[0]
                         net (fo=18, routed)          0.635     1.653    u_tpu_top/u_datapath/u_vector_processing_unit/u_post_process/GEN_BIAS_REQUANT.u_bias_requantize/(null)[0].shifted_value0__11/B[16]
    DSP48E2_X11Y134      DSP_A_B_DATA (Prop_DSP_A_B_DATA_DSP48E2_B[16]_B2_DATA[16])
                                                      0.151     1.804 r  u_tpu_top/u_datapath/u_vector_processing_unit/u_post_process/GEN_BIAS_REQUANT.u_bias_requantize/(null)[0].shifted_value0__11/DSP_A_B_DATA_INST/B2_DATA[16]
                         net (fo=1, routed)           0.000     1.804    u_tpu_top/u_datapath/u_vector_processing_unit/u_post_process/GEN_BIAS_REQUANT.u_bias_requantize/(null)[0].shifted_value0__11/DSP_A_B_DATA.B2_DATA<16>
    DSP48E2_X11Y134      DSP_PREADD_DATA (Prop_DSP_PREADD_DATA_DSP48E2_B2_DATA[16]_B2B1[16])
                                                      0.073     1.877 r  u_tpu_top/u_datapath/u_vector_processing_unit/u_post_process/GEN_BIAS_REQUANT.u_bias_requantize/(null)[0].shifted_value0__11/DSP_PREADD_DATA_INST/B2B1[16]
                         net (fo=1, routed)           0.000     1.877    u_tpu_top/u_datapath/u_vector_processing_unit/u_post_process/GEN_BIAS_REQUANT.u_bias_requantize/(null)[0].shifted_value0__11/DSP_PREADD_DATA.B2B1<16>
    DSP48E2_X11Y134      DSP_MULTIPLIER (Prop_DSP_MULTIPLIER_DSP48E2_B2B1[16]_V[43])
                                                      0.609     2.486 f  u_tpu_top/u_datapath/u_vector_processing_unit/u_post_process/GEN_BIAS_REQUANT.u_bias_requantize/(null)[0].shifted_value0__11/DSP_MULTIPLIER_INST/V[43]
                         net (fo=1, routed)           0.000     2.486    u_tpu_top/u_datapath/u_vector_processing_unit/u_post_process/GEN_BIAS_REQUANT.u_bias_requantize/(null)[0].shifted_value0__11/DSP_MULTIPLIER.V<43>
    DSP48E2_X11Y134      DSP_M_DATA (Prop_DSP_M_DATA_DSP48E2_V[43]_V_DATA[43])
                                                      0.046     2.532 r  u_tpu_top/u_datapath/u_vector_processing_unit/u_post_process/GEN_BIAS_REQUANT.u_bias_requantize/(null)[0].shifted_value0__11/DSP_M_DATA_INST/V_DATA[43]
                         net (fo=1, routed)           0.000     2.532    u_tpu_top/u_datapath/u_vector_processing_unit/u_post_process/GEN_BIAS_REQUANT.u_bias_requantize/(null)[0].shifted_value0__11/DSP_M_DATA.V_DATA<43>
    DSP48E2_X11Y134      DSP_ALU (Prop_DSP_ALU_DSP48E2_V_DATA[43]_ALU_OUT[47])
                                                      0.571     3.103 f  u_tpu_top/u_datapath/u_vector_processing_unit/u_post_process/GEN_BIAS_REQUANT.u_bias_requantize/(null)[0].shifted_value0__11/DSP_ALU_INST/ALU_OUT[47]
                         net (fo=1, routed)           0.000     3.103    u_tpu_top/u_datapath/u_vector_processing_unit/u_post_process/GEN_BIAS_REQUANT.u_bias_requantize/(null)[0].shifted_value0__11/DSP_ALU.ALU_OUT<47>
    DSP48E2_X11Y134      DSP_OUTPUT (Prop_DSP_OUTPUT_DSP48E2_ALU_OUT[47]_PCOUT[47])
                                                      0.122     3.225 r  u_tpu_top/u_datapath/u_vector_processing_unit/u_post_process/GEN_BIAS_REQUANT.u_bias_requantize/(null)[0].shifted_value0__11/DSP_OUTPUT_INST/PCOUT[47]
                         net (fo=1, routed)           0.014     3.239    u_tpu_top/u_datapath/u_vector_processing_unit/u_post_process/GEN_BIAS_REQUANT.u_bias_requantize/(null)[0].shifted_value0__12/PCIN[47]
    DSP48E2_X11Y135      DSP_ALU (Prop_DSP_ALU_DSP48E2_PCIN[47]_ALU_OUT[11])
                                                      0.546     3.785 f  u_tpu_top/u_datapath/u_vector_processing_unit/u_post_process/GEN_BIAS_REQUANT.u_bias_requantize/(null)[0].shifted_value0__12/DSP_ALU_INST/ALU_OUT[11]
                         net (fo=1, routed)           0.000     3.785    u_tpu_top/u_datapath/u_vector_processing_unit/u_post_process/GEN_BIAS_REQUANT.u_bias_requantize/(null)[0].shifted_value0__12/DSP_ALU.ALU_OUT<11>
    DSP48E2_X11Y135      DSP_OUTPUT (Prop_DSP_OUTPUT_DSP48E2_ALU_OUT[11]_P[11])
                                                      0.109     3.894 r  u_tpu_top/u_datapath/u_vector_processing_unit/u_post_process/GEN_BIAS_REQUANT.u_bias_requantize/(null)[0].shifted_value0__12/DSP_OUTPUT_INST/P[11]
                         net (fo=1, routed)           0.406     4.300    u_tpu_top/u_datapath/u_vector_processing_unit/u_post_process/GEN_BIAS_REQUANT.u_bias_requantize/p_0_in[45]
    SLICE_X88Y338        LUT2 (Prop_F6LUT_SLICEM_I1_O)
                                                      0.123     4.423 r  u_tpu_top/u_datapath/u_vector_processing_unit/u_post_process/GEN_BIAS_REQUANT.u_bias_requantize/data_flatten_o[127]_i_157/O
                         net (fo=1, routed)           0.022     4.445    u_tpu_top/u_datapath/u_vector_processing_unit/u_post_process/GEN_BIAS_REQUANT.u_bias_requantize/data_flatten_o[127]_i_157_n_0
    SLICE_X88Y338        CARRY8 (Prop_CARRY8_SLICEM_S[5]_CO[7])
                                                      0.159     4.604 r  u_tpu_top/u_datapath/u_vector_processing_unit/u_post_process/GEN_BIAS_REQUANT.u_bias_requantize/data_flatten_o_reg[127]_i_77/CO[7]
                         net (fo=1, routed)           0.026     4.630    u_tpu_top/u_datapath/u_vector_processing_unit/u_post_process/GEN_BIAS_REQUANT.u_bias_requantize/data_flatten_o_reg[127]_i_77_n_0
    SLICE_X88Y339        CARRY8 (Prop_CARRY8_SLICEM_CI_CO[7])
                                                      0.015     4.645 r  u_tpu_top/u_datapath/u_vector_processing_unit/u_post_process/GEN_BIAS_REQUANT.u_bias_requantize/data_flatten_o_reg[127]_i_146/CO[7]
                         net (fo=1, routed)           0.026     4.671    u_tpu_top/u_datapath/u_vector_processing_unit/u_post_process/GEN_BIAS_REQUANT.u_bias_requantize/data_flatten_o_reg[127]_i_146_n_0
    SLICE_X88Y340        CARRY8 (Prop_CARRY8_SLICEM_CI_CO[7])
                                                      0.015     4.686 r  u_tpu_top/u_datapath/u_vector_processing_unit/u_post_process/GEN_BIAS_REQUANT.u_bias_requantize/data_flatten_o_reg[127]_i_74/CO[7]
                         net (fo=1, routed)           0.026     4.712    u_tpu_top/u_datapath/u_vector_processing_unit/u_post_process/GEN_BIAS_REQUANT.u_bias_requantize/data_flatten_o_reg[127]_i_74_n_0
    SLICE_X88Y341        CARRY8 (Prop_CARRY8_SLICEM_CI_O[0])
                                                      0.056     4.768 r  u_tpu_top/u_datapath/u_vector_processing_unit/u_post_process/GEN_BIAS_REQUANT.u_bias_requantize/data_flatten_o_reg[101]_i_6/O[0]
                         net (fo=131, routed)         1.699     6.467    u_tpu_top/u_layer_controller/u_tile_controller/data_flatten_o_reg[101]_i_4[2]
    SLICE_X89Y333        LUT2 (Prop_B6LUT_SLICEM_I0_O)
                                                      0.125     6.592 r  u_tpu_top/u_layer_controller/u_tile_controller/data_flatten_o[101]_i_21/O
                         net (fo=1, routed)           0.016     6.608    u_tpu_top/u_datapath/u_vector_processing_unit/u_post_process/GEN_BIAS_REQUANT.u_bias_requantize/data_flatten_o_reg[101]_0[1]
    SLICE_X89Y333        CARRY8 (Prop_CARRY8_SLICEM_S[1]_CO[7])
                                                      0.190     6.798 r  u_tpu_top/u_datapath/u_vector_processing_unit/u_post_process/GEN_BIAS_REQUANT.u_bias_requantize/data_flatten_o_reg[101]_i_4/CO[7]
                         net (fo=1, routed)           0.026     6.824    u_tpu_top/u_datapath/u_vector_processing_unit/u_post_process/GEN_BIAS_REQUANT.u_bias_requantize/data_flatten_o_reg[101]_i_4_n_0
    SLICE_X89Y334        CARRY8 (Prop_CARRY8_SLICEM_CI_CO[7])
                                                      0.015     6.839 r  u_tpu_top/u_datapath/u_vector_processing_unit/u_post_process/GEN_BIAS_REQUANT.u_bias_requantize/data_flatten_o_reg[110]_i_3/CO[7]
                         net (fo=1, routed)           0.026     6.865    u_tpu_top/u_datapath/u_vector_processing_unit/u_post_process/GEN_BIAS_REQUANT.u_bias_requantize/data_flatten_o_reg[110]_i_3_n_0
    SLICE_X89Y335        CARRY8 (Prop_CARRY8_SLICEM_CI_CO[7])
                                                      0.015     6.880 r  u_tpu_top/u_datapath/u_vector_processing_unit/u_post_process/GEN_BIAS_REQUANT.u_bias_requantize/data_flatten_o_reg[101]_i_3/CO[7]
                         net (fo=1, routed)           0.026     6.906    u_tpu_top/u_datapath/u_vector_processing_unit/u_post_process/GEN_BIAS_REQUANT.u_bias_requantize/data_flatten_o_reg[101]_i_3_n_0
    SLICE_X89Y336        CARRY8 (Prop_CARRY8_SLICEM_CI_CO[7])
                                                      0.015     6.921 r  u_tpu_top/u_datapath/u_vector_processing_unit/u_post_process/GEN_BIAS_REQUANT.u_bias_requantize/data_flatten_o_reg[126]_i_4/CO[7]
                         net (fo=1, routed)           0.026     6.947    u_tpu_top/u_datapath/u_vector_processing_unit/u_post_process/GEN_BIAS_REQUANT.u_bias_requantize/data_flatten_o_reg[126]_i_4_n_0
    SLICE_X89Y337        CARRY8 (Prop_CARRY8_SLICEM_CI_CO[7])
                                                      0.015     6.962 r  u_tpu_top/u_datapath/u_vector_processing_unit/u_post_process/GEN_BIAS_REQUANT.u_bias_requantize/data_flatten_o_reg[127]_i_20/CO[7]
                         net (fo=1, routed)           0.026     6.988    u_tpu_top/u_datapath/u_vector_processing_unit/u_post_process/GEN_BIAS_REQUANT.u_bias_requantize/data_flatten_o_reg[127]_i_20_n_0
    SLICE_X89Y338        CARRY8 (Prop_CARRY8_SLICEM_CI_CO[7])
                                                      0.015     7.003 r  u_tpu_top/u_datapath/u_vector_processing_unit/u_post_process/GEN_BIAS_REQUANT.u_bias_requantize/data_flatten_o_reg[126]_i_3/CO[7]
                         net (fo=1, routed)           0.026     7.029    u_tpu_top/u_datapath/u_vector_processing_unit/u_post_process/GEN_BIAS_REQUANT.u_bias_requantize/data_flatten_o_reg[126]_i_3_n_0
    SLICE_X89Y339        CARRY8 (Prop_CARRY8_SLICEM_CI_O[1])
                                                      0.076     7.105 f  u_tpu_top/u_datapath/u_vector_processing_unit/u_post_process/GEN_BIAS_REQUANT.u_bias_requantize/data_flatten_o_reg[127]_i_19/O[1]
                         net (fo=7, routed)           0.458     7.563    u_tpu_top/u_datapath/u_vector_processing_unit/u_post_process/GEN_BIAS_REQUANT.u_bias_requantize/(null)[0].rounded_product[63]
    SLICE_X85Y334        LUT3 (Prop_H6LUT_SLICEL_I1_O)
                                                      0.099     7.662 r  u_tpu_top/u_datapath/u_vector_processing_unit/u_post_process/GEN_BIAS_REQUANT.u_bias_requantize/data_flatten_o[127]_i_270/O
                         net (fo=1, routed)           0.185     7.847    u_tpu_top/u_datapath/u_vector_processing_unit/u_post_process/GEN_BIAS_REQUANT.u_bias_requantize/data_flatten_o[127]_i_270_n_0
    SLICE_X85Y335        CARRY8 (Prop_CARRY8_SLICEL_CI_CO[7])
                                                      0.151     7.998 r  u_tpu_top/u_datapath/u_vector_processing_unit/u_post_process/GEN_BIAS_REQUANT.u_bias_requantize/data_flatten_o_reg[127]_i_181/CO[7]
                         net (fo=1, routed)           0.026     8.024    u_tpu_top/u_datapath/u_vector_processing_unit/u_post_process/GEN_BIAS_REQUANT.u_bias_requantize/data_flatten_o_reg[127]_i_181_n_0
    SLICE_X85Y336        CARRY8 (Prop_CARRY8_SLICEL_CI_O[6])
                                                      0.103     8.127 f  u_tpu_top/u_datapath/u_vector_processing_unit/u_post_process/GEN_BIAS_REQUANT.u_bias_requantize/data_flatten_o_reg[127]_i_180/O[6]
                         net (fo=4, routed)           0.421     8.547    u_tpu_top/u_datapath/u_vector_processing_unit/u_post_process/GEN_BIAS_REQUANT.u_bias_requantize/data_flatten_o_reg[127]_i_180_n_9
    SLICE_X87Y335        LUT2 (Prop_E6LUT_SLICEL_I0_O)
                                                      0.123     8.670 r  u_tpu_top/u_datapath/u_vector_processing_unit/u_post_process/GEN_BIAS_REQUANT.u_bias_requantize/data_flatten_o[127]_i_141/O
                         net (fo=1, routed)           0.007     8.677    u_tpu_top/u_datapath/u_vector_processing_unit/u_post_process/GEN_BIAS_REQUANT.u_bias_requantize/data_flatten_o[127]_i_141_n_0
    SLICE_X87Y335        CARRY8 (Prop_CARRY8_SLICEL_S[4]_CO[7])
                                                      0.153     8.830 r  u_tpu_top/u_datapath/u_vector_processing_unit/u_post_process/GEN_BIAS_REQUANT.u_bias_requantize/data_flatten_o_reg[127]_i_46/CO[7]
                         net (fo=1, routed)           0.026     8.856    u_tpu_top/u_datapath/u_vector_processing_unit/u_post_process/GEN_BIAS_REQUANT.u_bias_requantize/data_flatten_o_reg[127]_i_46_n_0
    SLICE_X87Y336        CARRY8 (Prop_CARRY8_SLICEL_CI_CO[5])
                                                      0.077     8.933 r  u_tpu_top/u_datapath/u_vector_processing_unit/u_post_process/GEN_BIAS_REQUANT.u_bias_requantize/data_flatten_o_reg[127]_i_7/CO[5]
                         net (fo=28, routed)          0.319     9.252    u_tpu_top/u_datapath/u_vector_processing_unit/u_post_process/GEN_BIAS_REQUANT.u_bias_requantize/requant_lane1
    SLICE_X87Y330        LUT5 (Prop_H5LUT_SLICEL_I4_O)
                                                      0.109     9.361 r  u_tpu_top/u_datapath/u_vector_processing_unit/u_post_process/GEN_BIAS_REQUANT.u_bias_requantize/data_flatten_o[102]_i_1/O
                         net (fo=1, routed)           0.346     9.707    u_tpu_top/u_datapath/u_vector_processing_unit/u_post_process/GEN_BIAS_REQUANT.u_bias_requantize/data_flatten_o[102]_i_1_n_0
    SLICE_X87Y330        FDCE                                         r  u_tpu_top/u_datapath/u_vector_processing_unit/u_post_process/GEN_BIAS_REQUANT.u_bias_requantize/data_flatten_o_reg[102]/D
  -------------------------------------------------------------------    -------------------

Slack:                    inf
  Source:                 u_tpu_top/u_datapath/u_accumulator_array/read_data_flatten_o_reg[4]/C
                            (rising edge-triggered cell FDCE)
  Destination:            u_tpu_top/u_datapath/u_vector_processing_unit/u_post_process/GEN_BIAS_REQUANT.u_bias_requantize/data_flatten_o_reg[1]/D
  Path Group:             (none)
  Path Type:              Max at Slow Process Corner
  Data Path Delay:        9.705ns  (logic 4.388ns (45.212%)  route 5.317ns (54.788%))
  Logic Levels:           36  (CARRY8=19 DSP_A_B_DATA=1 DSP_ALU=2 DSP_M_DATA=1 DSP_MULTIPLIER=1 DSP_OUTPUT=2 DSP_PREADD_DATA=1 FDCE=1 LUT2=4 LUT3=2 LUT4=2)

    Location             Delay type                Incr(ns)  Path(ns)    Netlist Resource(s)
  -------------------------------------------------------------------    -------------------
    SLICE_X81Y329        FDCE                         0.000     0.000 r  u_tpu_top/u_datapath/u_accumulator_array/read_data_flatten_o_reg[4]/C
    SLICE_X81Y329        FDCE (Prop_DFF_SLICEM_C_Q)
                                                      0.078     0.078 r  u_tpu_top/u_datapath/u_accumulator_array/read_data_flatten_o_reg[4]/Q
                         net (fo=2, routed)           0.520     0.598    u_tpu_top/u_datapath/u_vector_processing_unit/u_post_process/GEN_BIAS_REQUANT.u_bias_requantize/(null)[0].shifted_value0__11_1[4]
    SLICE_X76Y336        LUT2 (Prop_E6LUT_SLICEL_I0_O)
                                                      0.035     0.633 r  u_tpu_top/u_datapath/u_vector_processing_unit/u_post_process/GEN_BIAS_REQUANT.u_bias_requantize/(null)[0].shifted_value0__1_i_14/O
                         net (fo=1, routed)           0.007     0.640    u_tpu_top_n_889
    SLICE_X76Y336        CARRY8 (Prop_CARRY8_SLICEL_S[4]_CO[7])
                                                      0.153     0.793 r  u_vector_processing_unit/u_post_process/GEN_BIAS_REQUANT.u_bias_requantize/(null)[0].shifted_value0__1_i_2/CO[7]
                         net (fo=1, routed)           0.026     0.819    u_vector_processing_unit/u_post_process/GEN_BIAS_REQUANT.u_bias_requantize/(null)[0].shifted_value0__1_i_2_n_0
    SLICE_X76Y337        CARRY8 (Prop_CARRY8_SLICEL_CI_CO[7])
                                                      0.015     0.834 r  u_vector_processing_unit/u_post_process/GEN_BIAS_REQUANT.u_bias_requantize/(null)[0].shifted_value0__1_i_1/CO[7]
                         net (fo=1, routed)           0.026     0.860    u_vector_processing_unit/u_post_process/GEN_BIAS_REQUANT.u_bias_requantize/(null)[0].shifted_value0__1_i_1_n_0
    SLICE_X76Y338        CARRY8 (Prop_CARRY8_SLICEL_CI_CO[7])
                                                      0.015     0.875 r  u_vector_processing_unit/u_post_process/GEN_BIAS_REQUANT.u_bias_requantize/(null)[0].shifted_value0_i_3/CO[7]
                         net (fo=1, routed)           0.026     0.901    u_vector_processing_unit/u_post_process/GEN_BIAS_REQUANT.u_bias_requantize/(null)[0].shifted_value0_i_3_n_0
    SLICE_X76Y339        CARRY8 (Prop_CARRY8_SLICEL_CI_CO[7])
                                                      0.015     0.916 r  u_vector_processing_unit/u_post_process/GEN_BIAS_REQUANT.u_bias_requantize/(null)[0].shifted_value0_i_2/CO[7]
                         net (fo=1, routed)           0.026     0.942    u_tpu_top/u_datapath/u_vector_processing_unit/u_post_process/GEN_BIAS_REQUANT.u_bias_requantize/(null)[0].shifted_value0__0_0[0]
    SLICE_X76Y340        CARRY8 (Prop_CARRY8_SLICEL_CI_O[0])
                                                      0.056     0.998 f  u_tpu_top/u_datapath/u_vector_processing_unit/u_post_process/GEN_BIAS_REQUANT.u_bias_requantize/(null)[0].shifted_value0_i_1/O[0]
                         net (fo=18, routed)          0.646     1.645    u_tpu_top/u_datapath/u_vector_processing_unit/u_post_process/GEN_BIAS_REQUANT.u_bias_requantize/(null)[0].shifted_value0/B[17]
    DSP48E2_X7Y134       DSP_A_B_DATA (Prop_DSP_A_B_DATA_DSP48E2_B[17]_B2_DATA[17])
                                                      0.151     1.796 r  u_tpu_top/u_datapath/u_vector_processing_unit/u_post_process/GEN_BIAS_REQUANT.u_bias_requantize/(null)[0].shifted_value0/DSP_A_B_DATA_INST/B2_DATA[17]
                         net (fo=1, routed)           0.000     1.796    u_tpu_top/u_datapath/u_vector_processing_unit/u_post_process/GEN_BIAS_REQUANT.u_bias_requantize/(null)[0].shifted_value0/DSP_A_B_DATA.B2_DATA<17>
    DSP48E2_X7Y134       DSP_PREADD_DATA (Prop_DSP_PREADD_DATA_DSP48E2_B2_DATA[17]_B2B1[17])
                                                      0.073     1.869 r  u_tpu_top/u_datapath/u_vector_processing_unit/u_post_process/GEN_BIAS_REQUANT.u_bias_requantize/(null)[0].shifted_value0/DSP_PREADD_DATA_INST/B2B1[17]
                         net (fo=1, routed)           0.000     1.869    u_tpu_top/u_datapath/u_vector_processing_unit/u_post_process/GEN_BIAS_REQUANT.u_bias_requantize/(null)[0].shifted_value0/DSP_PREADD_DATA.B2B1<17>
    DSP48E2_X7Y134       DSP_MULTIPLIER (Prop_DSP_MULTIPLIER_DSP48E2_B2B1[17]_V[43])
                                                      0.609     2.478 f  u_tpu_top/u_datapath/u_vector_processing_unit/u_post_process/GEN_BIAS_REQUANT.u_bias_requantize/(null)[0].shifted_value0/DSP_MULTIPLIER_INST/V[43]
                         net (fo=1, routed)           0.000     2.478    u_tpu_top/u_datapath/u_vector_processing_unit/u_post_process/GEN_BIAS_REQUANT.u_bias_requantize/(null)[0].shifted_value0/DSP_MULTIPLIER.V<43>
    DSP48E2_X7Y134       DSP_M_DATA (Prop_DSP_M_DATA_DSP48E2_V[43]_V_DATA[43])
                                                      0.046     2.524 r  u_tpu_top/u_datapath/u_vector_processing_unit/u_post_process/GEN_BIAS_REQUANT.u_bias_requantize/(null)[0].shifted_value0/DSP_M_DATA_INST/V_DATA[43]
                         net (fo=1, routed)           0.000     2.524    u_tpu_top/u_datapath/u_vector_processing_unit/u_post_process/GEN_BIAS_REQUANT.u_bias_requantize/(null)[0].shifted_value0/DSP_M_DATA.V_DATA<43>
    DSP48E2_X7Y134       DSP_ALU (Prop_DSP_ALU_DSP48E2_V_DATA[43]_ALU_OUT[47])
                                                      0.571     3.095 f  u_tpu_top/u_datapath/u_vector_processing_unit/u_post_process/GEN_BIAS_REQUANT.u_bias_requantize/(null)[0].shifted_value0/DSP_ALU_INST/ALU_OUT[47]
                         net (fo=1, routed)           0.000     3.095    u_tpu_top/u_datapath/u_vector_processing_unit/u_post_process/GEN_BIAS_REQUANT.u_bias_requantize/(null)[0].shifted_value0/DSP_ALU.ALU_OUT<47>
    DSP48E2_X7Y134       DSP_OUTPUT (Prop_DSP_OUTPUT_DSP48E2_ALU_OUT[47]_PCOUT[47])
                                                      0.122     3.217 r  u_tpu_top/u_datapath/u_vector_processing_unit/u_post_process/GEN_BIAS_REQUANT.u_bias_requantize/(null)[0].shifted_value0/DSP_OUTPUT_INST/PCOUT[47]
                         net (fo=1, routed)           0.014     3.231    u_tpu_top/u_datapath/u_vector_processing_unit/u_post_process/GEN_BIAS_REQUANT.u_bias_requantize/(null)[0].shifted_value0__0/PCIN[47]
    DSP48E2_X7Y135       DSP_ALU (Prop_DSP_ALU_DSP48E2_PCIN[47]_ALU_OUT[22])
                                                      0.546     3.777 f  u_tpu_top/u_datapath/u_vector_processing_unit/u_post_process/GEN_BIAS_REQUANT.u_bias_requantize/(null)[0].shifted_value0__0/DSP_ALU_INST/ALU_OUT[22]
                         net (fo=1, routed)           0.000     3.777    u_tpu_top/u_datapath/u_vector_processing_unit/u_post_process/GEN_BIAS_REQUANT.u_bias_requantize/(null)[0].shifted_value0__0/DSP_ALU.ALU_OUT<22>
    DSP48E2_X7Y135       DSP_OUTPUT (Prop_DSP_OUTPUT_DSP48E2_ALU_OUT[22]_P[22])
                                                      0.109     3.886 r  u_tpu_top/u_datapath/u_vector_processing_unit/u_post_process/GEN_BIAS_REQUANT.u_bias_requantize/(null)[0].shifted_value0__0/DSP_OUTPUT_INST/P[22]
                         net (fo=1, routed)           0.563     4.449    u_tpu_top/u_datapath/u_vector_processing_unit/u_post_process/GEN_BIAS_REQUANT.u_bias_requantize/(null)[0].shifted_value0__0_n_83
    SLICE_X70Y340        LUT2 (Prop_A6LUT_SLICEM_I1_O)
                                                      0.150     4.599 r  u_tpu_top/u_datapath/u_vector_processing_unit/u_post_process/GEN_BIAS_REQUANT.u_bias_requantize/data_flatten_o[31]_i_154/O
                         net (fo=1, routed)           0.013     4.612    u_tpu_top/u_datapath/u_vector_processing_unit/u_post_process/GEN_BIAS_REQUANT.u_bias_requantize/data_flatten_o[31]_i_154_n_0
    SLICE_X70Y340        CARRY8 (Prop_CARRY8_SLICEM_S[0]_CO[7])
                                                      0.192     4.804 r  u_tpu_top/u_datapath/u_vector_processing_unit/u_post_process/GEN_BIAS_REQUANT.u_bias_requantize/data_flatten_o_reg[31]_i_73/CO[7]
                         net (fo=1, routed)           0.026     4.830    u_tpu_top/u_datapath/u_vector_processing_unit/u_post_process/GEN_BIAS_REQUANT.u_bias_requantize/data_flatten_o_reg[31]_i_73_n_0
    SLICE_X70Y341        CARRY8 (Prop_CARRY8_SLICEM_CI_O[0])
                                                      0.056     4.886 r  u_tpu_top/u_datapath/u_vector_processing_unit/u_post_process/GEN_BIAS_REQUANT.u_bias_requantize/data_flatten_o_reg[5]_i_6/O[0]
                         net (fo=132, routed)         1.410     6.295    u_tpu_top/u_layer_controller/u_tile_controller/DI[2]
    SLICE_X71Y335        LUT2 (Prop_A6LUT_SLICEM_I0_O)
                                                      0.150     6.445 r  u_tpu_top/u_layer_controller/u_tile_controller/data_flatten_o[5]_i_22/O
                         net (fo=1, routed)           0.013     6.458    u_tpu_top/u_datapath/u_vector_processing_unit/u_post_process/GEN_BIAS_REQUANT.u_bias_requantize/data_flatten_o_reg[5]_0[0]
    SLICE_X71Y335        CARRY8 (Prop_CARRY8_SLICEM_S[0]_CO[7])
                                                      0.192     6.650 f  u_tpu_top/u_datapath/u_vector_processing_unit/u_post_process/GEN_BIAS_REQUANT.u_bias_requantize/data_flatten_o_reg[5]_i_4/CO[7]
                         net (fo=1, routed)           0.026     6.676    u_tpu_top/u_datapath/u_vector_processing_unit/u_post_process/GEN_BIAS_REQUANT.u_bias_requantize/data_flatten_o_reg[5]_i_4_n_0
    SLICE_X71Y336        CARRY8 (Prop_CARRY8_SLICEM_CI_CO[7])
                                                      0.015     6.691 f  u_tpu_top/u_datapath/u_vector_processing_unit/u_post_process/GEN_BIAS_REQUANT.u_bias_requantize/data_flatten_o_reg[14]_i_3/CO[7]
                         net (fo=1, routed)           0.026     6.717    u_tpu_top/u_datapath/u_vector_processing_unit/u_post_process/GEN_BIAS_REQUANT.u_bias_requantize/data_flatten_o_reg[14]_i_3_n_0
    SLICE_X71Y337        CARRY8 (Prop_CARRY8_SLICEM_CI_CO[7])
                                                      0.015     6.732 f  u_tpu_top/u_datapath/u_vector_processing_unit/u_post_process/GEN_BIAS_REQUANT.u_bias_requantize/data_flatten_o_reg[5]_i_3/CO[7]
                         net (fo=1, routed)           0.026     6.758    u_tpu_top/u_datapath/u_vector_processing_unit/u_post_process/GEN_BIAS_REQUANT.u_bias_requantize/data_flatten_o_reg[5]_i_3_n_0
    SLICE_X71Y338        CARRY8 (Prop_CARRY8_SLICEM_CI_CO[7])
                                                      0.015     6.773 f  u_tpu_top/u_datapath/u_vector_processing_unit/u_post_process/GEN_BIAS_REQUANT.u_bias_requantize/data_flatten_o_reg[30]_i_4/CO[7]
                         net (fo=1, routed)           0.026     6.799    u_tpu_top/u_datapath/u_vector_processing_unit/u_post_process/GEN_BIAS_REQUANT.u_bias_requantize/data_flatten_o_reg[30]_i_4_n_0
    SLICE_X71Y339        CARRY8 (Prop_CARRY8_SLICEM_CI_CO[7])
                                                      0.015     6.814 f  u_tpu_top/u_datapath/u_vector_processing_unit/u_post_process/GEN_BIAS_REQUANT.u_bias_requantize/data_flatten_o_reg[31]_i_19/CO[7]
                         net (fo=1, routed)           0.026     6.840    u_tpu_top/u_datapath/u_vector_processing_unit/u_post_process/GEN_BIAS_REQUANT.u_bias_requantize/data_flatten_o_reg[31]_i_19_n_0
    SLICE_X71Y340        CARRY8 (Prop_CARRY8_SLICEM_CI_CO[7])
                                                      0.015     6.855 f  u_tpu_top/u_datapath/u_vector_processing_unit/u_post_process/GEN_BIAS_REQUANT.u_bias_requantize/data_flatten_o_reg[30]_i_3/CO[7]
                         net (fo=1, routed)           0.026     6.881    u_tpu_top/u_datapath/u_vector_processing_unit/u_post_process/GEN_BIAS_REQUANT.u_bias_requantize/data_flatten_o_reg[30]_i_3_n_0
    SLICE_X71Y341        CARRY8 (Prop_CARRY8_SLICEM_CI_CO[1])
                                                      0.042     6.923 f  u_tpu_top/u_datapath/u_vector_processing_unit/u_post_process/GEN_BIAS_REQUANT.u_bias_requantize/data_flatten_o_reg[31]_i_18/CO[1]
                         net (fo=2, routed)           0.282     7.205    u_tpu_top/u_datapath/u_vector_processing_unit/u_post_process/GEN_BIAS_REQUANT.u_bias_requantize/data_flatten_o_reg[31]_i_18_n_6
    SLICE_X69Y341        LUT3 (Prop_G6LUT_SLICEL_I0_O)
                                                      0.123     7.328 r  u_tpu_top/u_datapath/u_vector_processing_unit/u_post_process/GEN_BIAS_REQUANT.u_bias_requantize/data_flatten_o[31]_i_278/O
                         net (fo=3, routed)           0.302     7.630    u_tpu_top/u_datapath/u_vector_processing_unit/u_post_process/GEN_BIAS_REQUANT.u_bias_requantize/data_flatten_o[31]_i_278_n_0
    SLICE_X69Y337        LUT4 (Prop_B6LUT_SLICEL_I3_O)
                                                      0.090     7.720 r  u_tpu_top/u_datapath/u_vector_processing_unit/u_post_process/GEN_BIAS_REQUANT.u_bias_requantize/data_flatten_o[31]_i_285/O
                         net (fo=1, routed)           0.009     7.729    u_tpu_top/u_datapath/u_vector_processing_unit/u_post_process/GEN_BIAS_REQUANT.u_bias_requantize/data_flatten_o[31]_i_285_n_0
    SLICE_X69Y337        CARRY8 (Prop_CARRY8_SLICEL_S[1]_CO[7])
                                                      0.186     7.915 r  u_tpu_top/u_datapath/u_vector_processing_unit/u_post_process/GEN_BIAS_REQUANT.u_bias_requantize/data_flatten_o_reg[31]_i_181/CO[7]
                         net (fo=1, routed)           0.026     7.941    u_tpu_top/u_datapath/u_vector_processing_unit/u_post_process/GEN_BIAS_REQUANT.u_bias_requantize/data_flatten_o_reg[31]_i_181_n_0
    SLICE_X69Y338        CARRY8 (Prop_CARRY8_SLICEL_CI_CO[7])
                                                      0.015     7.956 r  u_tpu_top/u_datapath/u_vector_processing_unit/u_post_process/GEN_BIAS_REQUANT.u_bias_requantize/data_flatten_o_reg[31]_i_180/CO[7]
                         net (fo=1, routed)           0.026     7.982    u_tpu_top/u_datapath/u_vector_processing_unit/u_post_process/GEN_BIAS_REQUANT.u_bias_requantize/data_flatten_o_reg[31]_i_180_n_0
    SLICE_X69Y339        CARRY8 (Prop_CARRY8_SLICEL_CI_CO[7])
                                                      0.015     7.997 r  u_tpu_top/u_datapath/u_vector_processing_unit/u_post_process/GEN_BIAS_REQUANT.u_bias_requantize/data_flatten_o_reg[31]_i_128/CO[7]
                         net (fo=1, routed)           0.026     8.023    u_tpu_top/u_datapath/u_vector_processing_unit/u_post_process/GEN_BIAS_REQUANT.u_bias_requantize/data_flatten_o_reg[31]_i_128_n_0
    SLICE_X69Y340        CARRY8 (Prop_CARRY8_SLICEL_CI_O[2])
                                                      0.067     8.090 r  u_tpu_top/u_datapath/u_vector_processing_unit/u_post_process/GEN_BIAS_REQUANT.u_bias_requantize/data_flatten_o_reg[31]_i_127/O[2]
                         net (fo=4, routed)           0.412     8.502    u_tpu_top/u_datapath/u_vector_processing_unit/u_post_process/GEN_BIAS_REQUANT.u_bias_requantize/data_flatten_o_reg[31]_i_127_n_13
    SLICE_X68Y336        LUT2 (Prop_C6LUT_SLICEL_I1_O)
                                                      0.123     8.625 r  u_tpu_top/u_datapath/u_vector_processing_unit/u_post_process/GEN_BIAS_REQUANT.u_bias_requantize/data_flatten_o[31]_i_42/O
                         net (fo=1, routed)           0.010     8.635    u_tpu_top/u_datapath/u_vector_processing_unit/u_post_process/GEN_BIAS_REQUANT.u_bias_requantize/data_flatten_o[31]_i_42_n_0
    SLICE_X68Y336        CARRY8 (Prop_CARRY8_SLICEL_S[2]_CO[5])
                                                      0.158     8.793 f  u_tpu_top/u_datapath/u_vector_processing_unit/u_post_process/GEN_BIAS_REQUANT.u_bias_requantize/data_flatten_o_reg[31]_i_5/CO[5]
                         net (fo=33, routed)          0.553     9.346    u_tpu_top/u_datapath/u_vector_processing_unit/u_post_process/GEN_BIAS_REQUANT.u_bias_requantize/data_flatten_o_reg[31]_i_5_n_2
    SLICE_X72Y333        LUT3 (Prop_A6LUT_SLICEL_I1_O)
                                                      0.124     9.470 f  u_tpu_top/u_datapath/u_vector_processing_unit/u_post_process/GEN_BIAS_REQUANT.u_bias_requantize/data_flatten_o[5]_i_5/O
                         net (fo=5, routed)           0.150     9.620    u_tpu_top/u_datapath/u_vector_processing_unit/u_post_process/GEN_BIAS_REQUANT.u_bias_requantize/data_flatten_o[5]_i_5_n_0
    SLICE_X72Y332        LUT4 (Prop_D6LUT_SLICEL_I3_O)
                                                      0.036     9.656 r  u_tpu_top/u_datapath/u_vector_processing_unit/u_post_process/GEN_BIAS_REQUANT.u_bias_requantize/data_flatten_o[1]_i_1/O
                         net (fo=1, routed)           0.049     9.705    u_tpu_top/u_datapath/u_vector_processing_unit/u_post_process/GEN_BIAS_REQUANT.u_bias_requantize/data_flatten_o[1]_i_1_n_0
    SLICE_X72Y332        FDCE                                         r  u_tpu_top/u_datapath/u_vector_processing_unit/u_post_process/GEN_BIAS_REQUANT.u_bias_requantize/data_flatten_o_reg[1]/D
  -------------------------------------------------------------------    -------------------

Slack:                    inf
  Source:                 u_tpu_top/u_datapath/u_accumulator_array/read_data_flatten_o_reg[4]/C
                            (rising edge-triggered cell FDCE)
  Destination:            u_tpu_top/u_datapath/u_vector_processing_unit/u_post_process/GEN_BIAS_REQUANT.u_bias_requantize/data_flatten_o_reg[2]/D
  Path Group:             (none)
  Path Type:              Max at Slow Process Corner
  Data Path Delay:        9.704ns  (logic 4.387ns (45.206%)  route 5.317ns (54.794%))
  Logic Levels:           36  (CARRY8=19 DSP_A_B_DATA=1 DSP_ALU=2 DSP_M_DATA=1 DSP_MULTIPLIER=1 DSP_OUTPUT=2 DSP_PREADD_DATA=1 FDCE=1 LUT2=4 LUT3=2 LUT4=2)

    Location             Delay type                Incr(ns)  Path(ns)    Netlist Resource(s)
  -------------------------------------------------------------------    -------------------
    SLICE_X81Y329        FDCE                         0.000     0.000 r  u_tpu_top/u_datapath/u_accumulator_array/read_data_flatten_o_reg[4]/C
    SLICE_X81Y329        FDCE (Prop_DFF_SLICEM_C_Q)
                                                      0.078     0.078 r  u_tpu_top/u_datapath/u_accumulator_array/read_data_flatten_o_reg[4]/Q
                         net (fo=2, routed)           0.520     0.598    u_tpu_top/u_datapath/u_vector_processing_unit/u_post_process/GEN_BIAS_REQUANT.u_bias_requantize/(null)[0].shifted_value0__11_1[4]
    SLICE_X76Y336        LUT2 (Prop_E6LUT_SLICEL_I0_O)
                                                      0.035     0.633 r  u_tpu_top/u_datapath/u_vector_processing_unit/u_post_process/GEN_BIAS_REQUANT.u_bias_requantize/(null)[0].shifted_value0__1_i_14/O
                         net (fo=1, routed)           0.007     0.640    u_tpu_top_n_889
    SLICE_X76Y336        CARRY8 (Prop_CARRY8_SLICEL_S[4]_CO[7])
                                                      0.153     0.793 r  u_vector_processing_unit/u_post_process/GEN_BIAS_REQUANT.u_bias_requantize/(null)[0].shifted_value0__1_i_2/CO[7]
                         net (fo=1, routed)           0.026     0.819    u_vector_processing_unit/u_post_process/GEN_BIAS_REQUANT.u_bias_requantize/(null)[0].shifted_value0__1_i_2_n_0
    SLICE_X76Y337        CARRY8 (Prop_CARRY8_SLICEL_CI_CO[7])
                                                      0.015     0.834 r  u_vector_processing_unit/u_post_process/GEN_BIAS_REQUANT.u_bias_requantize/(null)[0].shifted_value0__1_i_1/CO[7]
                         net (fo=1, routed)           0.026     0.860    u_vector_processing_unit/u_post_process/GEN_BIAS_REQUANT.u_bias_requantize/(null)[0].shifted_value0__1_i_1_n_0
    SLICE_X76Y338        CARRY8 (Prop_CARRY8_SLICEL_CI_CO[7])
                                                      0.015     0.875 r  u_vector_processing_unit/u_post_process/GEN_BIAS_REQUANT.u_bias_requantize/(null)[0].shifted_value0_i_3/CO[7]
                         net (fo=1, routed)           0.026     0.901    u_vector_processing_unit/u_post_process/GEN_BIAS_REQUANT.u_bias_requantize/(null)[0].shifted_value0_i_3_n_0
    SLICE_X76Y339        CARRY8 (Prop_CARRY8_SLICEL_CI_CO[7])
                                                      0.015     0.916 r  u_vector_processing_unit/u_post_process/GEN_BIAS_REQUANT.u_bias_requantize/(null)[0].shifted_value0_i_2/CO[7]
                         net (fo=1, routed)           0.026     0.942    u_tpu_top/u_datapath/u_vector_processing_unit/u_post_process/GEN_BIAS_REQUANT.u_bias_requantize/(null)[0].shifted_value0__0_0[0]
    SLICE_X76Y340        CARRY8 (Prop_CARRY8_SLICEL_CI_O[0])
                                                      0.056     0.998 f  u_tpu_top/u_datapath/u_vector_processing_unit/u_post_process/GEN_BIAS_REQUANT.u_bias_requantize/(null)[0].shifted_value0_i_1/O[0]
                         net (fo=18, routed)          0.646     1.645    u_tpu_top/u_datapath/u_vector_processing_unit/u_post_process/GEN_BIAS_REQUANT.u_bias_requantize/(null)[0].shifted_value0/B[17]
    DSP48E2_X7Y134       DSP_A_B_DATA (Prop_DSP_A_B_DATA_DSP48E2_B[17]_B2_DATA[17])
                                                      0.151     1.796 r  u_tpu_top/u_datapath/u_vector_processing_unit/u_post_process/GEN_BIAS_REQUANT.u_bias_requantize/(null)[0].shifted_value0/DSP_A_B_DATA_INST/B2_DATA[17]
                         net (fo=1, routed)           0.000     1.796    u_tpu_top/u_datapath/u_vector_processing_unit/u_post_process/GEN_BIAS_REQUANT.u_bias_requantize/(null)[0].shifted_value0/DSP_A_B_DATA.B2_DATA<17>
    DSP48E2_X7Y134       DSP_PREADD_DATA (Prop_DSP_PREADD_DATA_DSP48E2_B2_DATA[17]_B2B1[17])
                                                      0.073     1.869 r  u_tpu_top/u_datapath/u_vector_processing_unit/u_post_process/GEN_BIAS_REQUANT.u_bias_requantize/(null)[0].shifted_value0/DSP_PREADD_DATA_INST/B2B1[17]
                         net (fo=1, routed)           0.000     1.869    u_tpu_top/u_datapath/u_vector_processing_unit/u_post_process/GEN_BIAS_REQUANT.u_bias_requantize/(null)[0].shifted_value0/DSP_PREADD_DATA.B2B1<17>
    DSP48E2_X7Y134       DSP_MULTIPLIER (Prop_DSP_MULTIPLIER_DSP48E2_B2B1[17]_V[43])
                                                      0.609     2.478 f  u_tpu_top/u_datapath/u_vector_processing_unit/u_post_process/GEN_BIAS_REQUANT.u_bias_requantize/(null)[0].shifted_value0/DSP_MULTIPLIER_INST/V[43]
                         net (fo=1, routed)           0.000     2.478    u_tpu_top/u_datapath/u_vector_processing_unit/u_post_process/GEN_BIAS_REQUANT.u_bias_requantize/(null)[0].shifted_value0/DSP_MULTIPLIER.V<43>
    DSP48E2_X7Y134       DSP_M_DATA (Prop_DSP_M_DATA_DSP48E2_V[43]_V_DATA[43])
                                                      0.046     2.524 r  u_tpu_top/u_datapath/u_vector_processing_unit/u_post_process/GEN_BIAS_REQUANT.u_bias_requantize/(null)[0].shifted_value0/DSP_M_DATA_INST/V_DATA[43]
                         net (fo=1, routed)           0.000     2.524    u_tpu_top/u_datapath/u_vector_processing_unit/u_post_process/GEN_BIAS_REQUANT.u_bias_requantize/(null)[0].shifted_value0/DSP_M_DATA.V_DATA<43>
    DSP48E2_X7Y134       DSP_ALU (Prop_DSP_ALU_DSP48E2_V_DATA[43]_ALU_OUT[47])
                                                      0.571     3.095 f  u_tpu_top/u_datapath/u_vector_processing_unit/u_post_process/GEN_BIAS_REQUANT.u_bias_requantize/(null)[0].shifted_value0/DSP_ALU_INST/ALU_OUT[47]
                         net (fo=1, routed)           0.000     3.095    u_tpu_top/u_datapath/u_vector_processing_unit/u_post_process/GEN_BIAS_REQUANT.u_bias_requantize/(null)[0].shifted_value0/DSP_ALU.ALU_OUT<47>
    DSP48E2_X7Y134       DSP_OUTPUT (Prop_DSP_OUTPUT_DSP48E2_ALU_OUT[47]_PCOUT[47])
                                                      0.122     3.217 r  u_tpu_top/u_datapath/u_vector_processing_unit/u_post_process/GEN_BIAS_REQUANT.u_bias_requantize/(null)[0].shifted_value0/DSP_OUTPUT_INST/PCOUT[47]
                         net (fo=1, routed)           0.014     3.231    u_tpu_top/u_datapath/u_vector_processing_unit/u_post_process/GEN_BIAS_REQUANT.u_bias_requantize/(null)[0].shifted_value0__0/PCIN[47]
    DSP48E2_X7Y135       DSP_ALU (Prop_DSP_ALU_DSP48E2_PCIN[47]_ALU_OUT[22])
                                                      0.546     3.777 f  u_tpu_top/u_datapath/u_vector_processing_unit/u_post_process/GEN_BIAS_REQUANT.u_bias_requantize/(null)[0].shifted_value0__0/DSP_ALU_INST/ALU_OUT[22]
                         net (fo=1, routed)           0.000     3.777    u_tpu_top/u_datapath/u_vector_processing_unit/u_post_process/GEN_BIAS_REQUANT.u_bias_requantize/(null)[0].shifted_value0__0/DSP_ALU.ALU_OUT<22>
    DSP48E2_X7Y135       DSP_OUTPUT (Prop_DSP_OUTPUT_DSP48E2_ALU_OUT[22]_P[22])
                                                      0.109     3.886 r  u_tpu_top/u_datapath/u_vector_processing_unit/u_post_process/GEN_BIAS_REQUANT.u_bias_requantize/(null)[0].shifted_value0__0/DSP_OUTPUT_INST/P[22]
                         net (fo=1, routed)           0.563     4.449    u_tpu_top/u_datapath/u_vector_processing_unit/u_post_process/GEN_BIAS_REQUANT.u_bias_requantize/(null)[0].shifted_value0__0_n_83
    SLICE_X70Y340        LUT2 (Prop_A6LUT_SLICEM_I1_O)
                                                      0.150     4.599 r  u_tpu_top/u_datapath/u_vector_processing_unit/u_post_process/GEN_BIAS_REQUANT.u_bias_requantize/data_flatten_o[31]_i_154/O
                         net (fo=1, routed)           0.013     4.612    u_tpu_top/u_datapath/u_vector_processing_unit/u_post_process/GEN_BIAS_REQUANT.u_bias_requantize/data_flatten_o[31]_i_154_n_0
    SLICE_X70Y340        CARRY8 (Prop_CARRY8_SLICEM_S[0]_CO[7])
                                                      0.192     4.804 r  u_tpu_top/u_datapath/u_vector_processing_unit/u_post_process/GEN_BIAS_REQUANT.u_bias_requantize/data_flatten_o_reg[31]_i_73/CO[7]
                         net (fo=1, routed)           0.026     4.830    u_tpu_top/u_datapath/u_vector_processing_unit/u_post_process/GEN_BIAS_REQUANT.u_bias_requantize/data_flatten_o_reg[31]_i_73_n_0
    SLICE_X70Y341        CARRY8 (Prop_CARRY8_SLICEM_CI_O[0])
                                                      0.056     4.886 r  u_tpu_top/u_datapath/u_vector_processing_unit/u_post_process/GEN_BIAS_REQUANT.u_bias_requantize/data_flatten_o_reg[5]_i_6/O[0]
                         net (fo=132, routed)         1.410     6.295    u_tpu_top/u_layer_controller/u_tile_controller/DI[2]
    SLICE_X71Y335        LUT2 (Prop_A6LUT_SLICEM_I0_O)
                                                      0.150     6.445 r  u_tpu_top/u_layer_controller/u_tile_controller/data_flatten_o[5]_i_22/O
                         net (fo=1, routed)           0.013     6.458    u_tpu_top/u_datapath/u_vector_processing_unit/u_post_process/GEN_BIAS_REQUANT.u_bias_requantize/data_flatten_o_reg[5]_0[0]
    SLICE_X71Y335        CARRY8 (Prop_CARRY8_SLICEM_S[0]_CO[7])
                                                      0.192     6.650 f  u_tpu_top/u_datapath/u_vector_processing_unit/u_post_process/GEN_BIAS_REQUANT.u_bias_requantize/data_flatten_o_reg[5]_i_4/CO[7]
                         net (fo=1, routed)           0.026     6.676    u_tpu_top/u_datapath/u_vector_processing_unit/u_post_process/GEN_BIAS_REQUANT.u_bias_requantize/data_flatten_o_reg[5]_i_4_n_0
    SLICE_X71Y336        CARRY8 (Prop_CARRY8_SLICEM_CI_CO[7])
                                                      0.015     6.691 f  u_tpu_top/u_datapath/u_vector_processing_unit/u_post_process/GEN_BIAS_REQUANT.u_bias_requantize/data_flatten_o_reg[14]_i_3/CO[7]
                         net (fo=1, routed)           0.026     6.717    u_tpu_top/u_datapath/u_vector_processing_unit/u_post_process/GEN_BIAS_REQUANT.u_bias_requantize/data_flatten_o_reg[14]_i_3_n_0
    SLICE_X71Y337        CARRY8 (Prop_CARRY8_SLICEM_CI_CO[7])
                                                      0.015     6.732 f  u_tpu_top/u_datapath/u_vector_processing_unit/u_post_process/GEN_BIAS_REQUANT.u_bias_requantize/data_flatten_o_reg[5]_i_3/CO[7]
                         net (fo=1, routed)           0.026     6.758    u_tpu_top/u_datapath/u_vector_processing_unit/u_post_process/GEN_BIAS_REQUANT.u_bias_requantize/data_flatten_o_reg[5]_i_3_n_0
    SLICE_X71Y338        CARRY8 (Prop_CARRY8_SLICEM_CI_CO[7])
                                                      0.015     6.773 f  u_tpu_top/u_datapath/u_vector_processing_unit/u_post_process/GEN_BIAS_REQUANT.u_bias_requantize/data_flatten_o_reg[30]_i_4/CO[7]
                         net (fo=1, routed)           0.026     6.799    u_tpu_top/u_datapath/u_vector_processing_unit/u_post_process/GEN_BIAS_REQUANT.u_bias_requantize/data_flatten_o_reg[30]_i_4_n_0
    SLICE_X71Y339        CARRY8 (Prop_CARRY8_SLICEM_CI_CO[7])
                                                      0.015     6.814 f  u_tpu_top/u_datapath/u_vector_processing_unit/u_post_process/GEN_BIAS_REQUANT.u_bias_requantize/data_flatten_o_reg[31]_i_19/CO[7]
                         net (fo=1, routed)           0.026     6.840    u_tpu_top/u_datapath/u_vector_processing_unit/u_post_process/GEN_BIAS_REQUANT.u_bias_requantize/data_flatten_o_reg[31]_i_19_n_0
    SLICE_X71Y340        CARRY8 (Prop_CARRY8_SLICEM_CI_CO[7])
                                                      0.015     6.855 f  u_tpu_top/u_datapath/u_vector_processing_unit/u_post_process/GEN_BIAS_REQUANT.u_bias_requantize/data_flatten_o_reg[30]_i_3/CO[7]
                         net (fo=1, routed)           0.026     6.881    u_tpu_top/u_datapath/u_vector_processing_unit/u_post_process/GEN_BIAS_REQUANT.u_bias_requantize/data_flatten_o_reg[30]_i_3_n_0
    SLICE_X71Y341        CARRY8 (Prop_CARRY8_SLICEM_CI_CO[1])
                                                      0.042     6.923 f  u_tpu_top/u_datapath/u_vector_processing_unit/u_post_process/GEN_BIAS_REQUANT.u_bias_requantize/data_flatten_o_reg[31]_i_18/CO[1]
                         net (fo=2, routed)           0.282     7.205    u_tpu_top/u_datapath/u_vector_processing_unit/u_post_process/GEN_BIAS_REQUANT.u_bias_requantize/data_flatten_o_reg[31]_i_18_n_6
    SLICE_X69Y341        LUT3 (Prop_G6LUT_SLICEL_I0_O)
                                                      0.123     7.328 r  u_tpu_top/u_datapath/u_vector_processing_unit/u_post_process/GEN_BIAS_REQUANT.u_bias_requantize/data_flatten_o[31]_i_278/O
                         net (fo=3, routed)           0.302     7.630    u_tpu_top/u_datapath/u_vector_processing_unit/u_post_process/GEN_BIAS_REQUANT.u_bias_requantize/data_flatten_o[31]_i_278_n_0
    SLICE_X69Y337        LUT4 (Prop_B6LUT_SLICEL_I3_O)
                                                      0.090     7.720 r  u_tpu_top/u_datapath/u_vector_processing_unit/u_post_process/GEN_BIAS_REQUANT.u_bias_requantize/data_flatten_o[31]_i_285/O
                         net (fo=1, routed)           0.009     7.729    u_tpu_top/u_datapath/u_vector_processing_unit/u_post_process/GEN_BIAS_REQUANT.u_bias_requantize/data_flatten_o[31]_i_285_n_0
    SLICE_X69Y337        CARRY8 (Prop_CARRY8_SLICEL_S[1]_CO[7])
                                                      0.186     7.915 r  u_tpu_top/u_datapath/u_vector_processing_unit/u_post_process/GEN_BIAS_REQUANT.u_bias_requantize/data_flatten_o_reg[31]_i_181/CO[7]
                         net (fo=1, routed)           0.026     7.941    u_tpu_top/u_datapath/u_vector_processing_unit/u_post_process/GEN_BIAS_REQUANT.u_bias_requantize/data_flatten_o_reg[31]_i_181_n_0
    SLICE_X69Y338        CARRY8 (Prop_CARRY8_SLICEL_CI_CO[7])
                                                      0.015     7.956 r  u_tpu_top/u_datapath/u_vector_processing_unit/u_post_process/GEN_BIAS_REQUANT.u_bias_requantize/data_flatten_o_reg[31]_i_180/CO[7]
                         net (fo=1, routed)           0.026     7.982    u_tpu_top/u_datapath/u_vector_processing_unit/u_post_process/GEN_BIAS_REQUANT.u_bias_requantize/data_flatten_o_reg[31]_i_180_n_0
    SLICE_X69Y339        CARRY8 (Prop_CARRY8_SLICEL_CI_CO[7])
                                                      0.015     7.997 r  u_tpu_top/u_datapath/u_vector_processing_unit/u_post_process/GEN_BIAS_REQUANT.u_bias_requantize/data_flatten_o_reg[31]_i_128/CO[7]
                         net (fo=1, routed)           0.026     8.023    u_tpu_top/u_datapath/u_vector_processing_unit/u_post_process/GEN_BIAS_REQUANT.u_bias_requantize/data_flatten_o_reg[31]_i_128_n_0
    SLICE_X69Y340        CARRY8 (Prop_CARRY8_SLICEL_CI_O[2])
                                                      0.067     8.090 r  u_tpu_top/u_datapath/u_vector_processing_unit/u_post_process/GEN_BIAS_REQUANT.u_bias_requantize/data_flatten_o_reg[31]_i_127/O[2]
                         net (fo=4, routed)           0.412     8.502    u_tpu_top/u_datapath/u_vector_processing_unit/u_post_process/GEN_BIAS_REQUANT.u_bias_requantize/data_flatten_o_reg[31]_i_127_n_13
    SLICE_X68Y336        LUT2 (Prop_C6LUT_SLICEL_I1_O)
                                                      0.123     8.625 r  u_tpu_top/u_datapath/u_vector_processing_unit/u_post_process/GEN_BIAS_REQUANT.u_bias_requantize/data_flatten_o[31]_i_42/O
                         net (fo=1, routed)           0.010     8.635    u_tpu_top/u_datapath/u_vector_processing_unit/u_post_process/GEN_BIAS_REQUANT.u_bias_requantize/data_flatten_o[31]_i_42_n_0
    SLICE_X68Y336        CARRY8 (Prop_CARRY8_SLICEL_S[2]_CO[5])
                                                      0.158     8.793 f  u_tpu_top/u_datapath/u_vector_processing_unit/u_post_process/GEN_BIAS_REQUANT.u_bias_requantize/data_flatten_o_reg[31]_i_5/CO[5]
                         net (fo=33, routed)          0.553     9.346    u_tpu_top/u_datapath/u_vector_processing_unit/u_post_process/GEN_BIAS_REQUANT.u_bias_requantize/data_flatten_o_reg[31]_i_5_n_2
    SLICE_X72Y333        LUT3 (Prop_A6LUT_SLICEL_I1_O)
                                                      0.124     9.470 f  u_tpu_top/u_datapath/u_vector_processing_unit/u_post_process/GEN_BIAS_REQUANT.u_bias_requantize/data_flatten_o[5]_i_5/O
                         net (fo=5, routed)           0.149     9.619    u_tpu_top/u_datapath/u_vector_processing_unit/u_post_process/GEN_BIAS_REQUANT.u_bias_requantize/data_flatten_o[5]_i_5_n_0
    SLICE_X72Y332        LUT4 (Prop_C6LUT_SLICEL_I3_O)
                                                      0.035     9.654 r  u_tpu_top/u_datapath/u_vector_processing_unit/u_post_process/GEN_BIAS_REQUANT.u_bias_requantize/data_flatten_o[2]_i_1/O
                         net (fo=1, routed)           0.050     9.704    u_tpu_top/u_datapath/u_vector_processing_unit/u_post_process/GEN_BIAS_REQUANT.u_bias_requantize/data_flatten_o[2]_i_1_n_0
    SLICE_X72Y332        FDCE                                         r  u_tpu_top/u_datapath/u_vector_processing_unit/u_post_process/GEN_BIAS_REQUANT.u_bias_requantize/data_flatten_o_reg[2]/D
  -------------------------------------------------------------------    -------------------

Slack:                    inf
  Source:                 u_tpu_top/u_datapath/u_accumulator_array/read_data_flatten_o_reg[4]/C
                            (rising edge-triggered cell FDCE)
  Destination:            u_tpu_top/u_datapath/u_vector_processing_unit/u_post_process/GEN_BIAS_REQUANT.u_bias_requantize/data_flatten_o_reg[10]/D
  Path Group:             (none)
  Path Type:              Max at Slow Process Corner
  Data Path Delay:        9.684ns  (logic 4.373ns (45.156%)  route 5.311ns (54.845%))
  Logic Levels:           35  (CARRY8=19 DSP_A_B_DATA=1 DSP_ALU=2 DSP_M_DATA=1 DSP_MULTIPLIER=1 DSP_OUTPUT=2 DSP_PREADD_DATA=1 FDCE=1 LUT2=4 LUT3=1 LUT4=1 LUT5=1)

    Location             Delay type                Incr(ns)  Path(ns)    Netlist Resource(s)
  -------------------------------------------------------------------    -------------------
    SLICE_X81Y329        FDCE                         0.000     0.000 r  u_tpu_top/u_datapath/u_accumulator_array/read_data_flatten_o_reg[4]/C
    SLICE_X81Y329        FDCE (Prop_DFF_SLICEM_C_Q)
                                                      0.078     0.078 r  u_tpu_top/u_datapath/u_accumulator_array/read_data_flatten_o_reg[4]/Q
                         net (fo=2, routed)           0.520     0.598    u_tpu_top/u_datapath/u_vector_processing_unit/u_post_process/GEN_BIAS_REQUANT.u_bias_requantize/(null)[0].shifted_value0__11_1[4]
    SLICE_X76Y336        LUT2 (Prop_E6LUT_SLICEL_I0_O)
                                                      0.035     0.633 r  u_tpu_top/u_datapath/u_vector_processing_unit/u_post_process/GEN_BIAS_REQUANT.u_bias_requantize/(null)[0].shifted_value0__1_i_14/O
                         net (fo=1, routed)           0.007     0.640    u_tpu_top_n_889
    SLICE_X76Y336        CARRY8 (Prop_CARRY8_SLICEL_S[4]_CO[7])
                                                      0.153     0.793 r  u_vector_processing_unit/u_post_process/GEN_BIAS_REQUANT.u_bias_requantize/(null)[0].shifted_value0__1_i_2/CO[7]
                         net (fo=1, routed)           0.026     0.819    u_vector_processing_unit/u_post_process/GEN_BIAS_REQUANT.u_bias_requantize/(null)[0].shifted_value0__1_i_2_n_0
    SLICE_X76Y337        CARRY8 (Prop_CARRY8_SLICEL_CI_CO[7])
                                                      0.015     0.834 r  u_vector_processing_unit/u_post_process/GEN_BIAS_REQUANT.u_bias_requantize/(null)[0].shifted_value0__1_i_1/CO[7]
                         net (fo=1, routed)           0.026     0.860    u_vector_processing_unit/u_post_process/GEN_BIAS_REQUANT.u_bias_requantize/(null)[0].shifted_value0__1_i_1_n_0
    SLICE_X76Y338        CARRY8 (Prop_CARRY8_SLICEL_CI_CO[7])
                                                      0.015     0.875 r  u_vector_processing_unit/u_post_process/GEN_BIAS_REQUANT.u_bias_requantize/(null)[0].shifted_value0_i_3/CO[7]
                         net (fo=1, routed)           0.026     0.901    u_vector_processing_unit/u_post_process/GEN_BIAS_REQUANT.u_bias_requantize/(null)[0].shifted_value0_i_3_n_0
    SLICE_X76Y339        CARRY8 (Prop_CARRY8_SLICEL_CI_CO[7])
                                                      0.015     0.916 r  u_vector_processing_unit/u_post_process/GEN_BIAS_REQUANT.u_bias_requantize/(null)[0].shifted_value0_i_2/CO[7]
                         net (fo=1, routed)           0.026     0.942    u_tpu_top/u_datapath/u_vector_processing_unit/u_post_process/GEN_BIAS_REQUANT.u_bias_requantize/(null)[0].shifted_value0__0_0[0]
    SLICE_X76Y340        CARRY8 (Prop_CARRY8_SLICEL_CI_O[0])
                                                      0.056     0.998 f  u_tpu_top/u_datapath/u_vector_processing_unit/u_post_process/GEN_BIAS_REQUANT.u_bias_requantize/(null)[0].shifted_value0_i_1/O[0]
                         net (fo=18, routed)          0.646     1.645    u_tpu_top/u_datapath/u_vector_processing_unit/u_post_process/GEN_BIAS_REQUANT.u_bias_requantize/(null)[0].shifted_value0/B[17]
    DSP48E2_X7Y134       DSP_A_B_DATA (Prop_DSP_A_B_DATA_DSP48E2_B[17]_B2_DATA[17])
                                                      0.151     1.796 r  u_tpu_top/u_datapath/u_vector_processing_unit/u_post_process/GEN_BIAS_REQUANT.u_bias_requantize/(null)[0].shifted_value0/DSP_A_B_DATA_INST/B2_DATA[17]
                         net (fo=1, routed)           0.000     1.796    u_tpu_top/u_datapath/u_vector_processing_unit/u_post_process/GEN_BIAS_REQUANT.u_bias_requantize/(null)[0].shifted_value0/DSP_A_B_DATA.B2_DATA<17>
    DSP48E2_X7Y134       DSP_PREADD_DATA (Prop_DSP_PREADD_DATA_DSP48E2_B2_DATA[17]_B2B1[17])
                                                      0.073     1.869 r  u_tpu_top/u_datapath/u_vector_processing_unit/u_post_process/GEN_BIAS_REQUANT.u_bias_requantize/(null)[0].shifted_value0/DSP_PREADD_DATA_INST/B2B1[17]
                         net (fo=1, routed)           0.000     1.869    u_tpu_top/u_datapath/u_vector_processing_unit/u_post_process/GEN_BIAS_REQUANT.u_bias_requantize/(null)[0].shifted_value0/DSP_PREADD_DATA.B2B1<17>
    DSP48E2_X7Y134       DSP_MULTIPLIER (Prop_DSP_MULTIPLIER_DSP48E2_B2B1[17]_V[43])
                                                      0.609     2.478 f  u_tpu_top/u_datapath/u_vector_processing_unit/u_post_process/GEN_BIAS_REQUANT.u_bias_requantize/(null)[0].shifted_value0/DSP_MULTIPLIER_INST/V[43]
                         net (fo=1, routed)           0.000     2.478    u_tpu_top/u_datapath/u_vector_processing_unit/u_post_process/GEN_BIAS_REQUANT.u_bias_requantize/(null)[0].shifted_value0/DSP_MULTIPLIER.V<43>
    DSP48E2_X7Y134       DSP_M_DATA (Prop_DSP_M_DATA_DSP48E2_V[43]_V_DATA[43])
                                                      0.046     2.524 r  u_tpu_top/u_datapath/u_vector_processing_unit/u_post_process/GEN_BIAS_REQUANT.u_bias_requantize/(null)[0].shifted_value0/DSP_M_DATA_INST/V_DATA[43]
                         net (fo=1, routed)           0.000     2.524    u_tpu_top/u_datapath/u_vector_processing_unit/u_post_process/GEN_BIAS_REQUANT.u_bias_requantize/(null)[0].shifted_value0/DSP_M_DATA.V_DATA<43>
    DSP48E2_X7Y134       DSP_ALU (Prop_DSP_ALU_DSP48E2_V_DATA[43]_ALU_OUT[47])
                                                      0.571     3.095 f  u_tpu_top/u_datapath/u_vector_processing_unit/u_post_process/GEN_BIAS_REQUANT.u_bias_requantize/(null)[0].shifted_value0/DSP_ALU_INST/ALU_OUT[47]
                         net (fo=1, routed)           0.000     3.095    u_tpu_top/u_datapath/u_vector_processing_unit/u_post_process/GEN_BIAS_REQUANT.u_bias_requantize/(null)[0].shifted_value0/DSP_ALU.ALU_OUT<47>
    DSP48E2_X7Y134       DSP_OUTPUT (Prop_DSP_OUTPUT_DSP48E2_ALU_OUT[47]_PCOUT[47])
                                                      0.122     3.217 r  u_tpu_top/u_datapath/u_vector_processing_unit/u_post_process/GEN_BIAS_REQUANT.u_bias_requantize/(null)[0].shifted_value0/DSP_OUTPUT_INST/PCOUT[47]
                         net (fo=1, routed)           0.014     3.231    u_tpu_top/u_datapath/u_vector_processing_unit/u_post_process/GEN_BIAS_REQUANT.u_bias_requantize/(null)[0].shifted_value0__0/PCIN[47]
    DSP48E2_X7Y135       DSP_ALU (Prop_DSP_ALU_DSP48E2_PCIN[47]_ALU_OUT[22])
                                                      0.546     3.777 f  u_tpu_top/u_datapath/u_vector_processing_unit/u_post_process/GEN_BIAS_REQUANT.u_bias_requantize/(null)[0].shifted_value0__0/DSP_ALU_INST/ALU_OUT[22]
                         net (fo=1, routed)           0.000     3.777    u_tpu_top/u_datapath/u_vector_processing_unit/u_post_process/GEN_BIAS_REQUANT.u_bias_requantize/(null)[0].shifted_value0__0/DSP_ALU.ALU_OUT<22>
    DSP48E2_X7Y135       DSP_OUTPUT (Prop_DSP_OUTPUT_DSP48E2_ALU_OUT[22]_P[22])
                                                      0.109     3.886 r  u_tpu_top/u_datapath/u_vector_processing_unit/u_post_process/GEN_BIAS_REQUANT.u_bias_requantize/(null)[0].shifted_value0__0/DSP_OUTPUT_INST/P[22]
                         net (fo=1, routed)           0.563     4.449    u_tpu_top/u_datapath/u_vector_processing_unit/u_post_process/GEN_BIAS_REQUANT.u_bias_requantize/(null)[0].shifted_value0__0_n_83
    SLICE_X70Y340        LUT2 (Prop_A6LUT_SLICEM_I1_O)
                                                      0.150     4.599 r  u_tpu_top/u_datapath/u_vector_processing_unit/u_post_process/GEN_BIAS_REQUANT.u_bias_requantize/data_flatten_o[31]_i_154/O
                         net (fo=1, routed)           0.013     4.612    u_tpu_top/u_datapath/u_vector_processing_unit/u_post_process/GEN_BIAS_REQUANT.u_bias_requantize/data_flatten_o[31]_i_154_n_0
    SLICE_X70Y340        CARRY8 (Prop_CARRY8_SLICEM_S[0]_CO[7])
                                                      0.192     4.804 r  u_tpu_top/u_datapath/u_vector_processing_unit/u_post_process/GEN_BIAS_REQUANT.u_bias_requantize/data_flatten_o_reg[31]_i_73/CO[7]
                         net (fo=1, routed)           0.026     4.830    u_tpu_top/u_datapath/u_vector_processing_unit/u_post_process/GEN_BIAS_REQUANT.u_bias_requantize/data_flatten_o_reg[31]_i_73_n_0
    SLICE_X70Y341        CARRY8 (Prop_CARRY8_SLICEM_CI_O[0])
                                                      0.056     4.886 r  u_tpu_top/u_datapath/u_vector_processing_unit/u_post_process/GEN_BIAS_REQUANT.u_bias_requantize/data_flatten_o_reg[5]_i_6/O[0]
                         net (fo=132, routed)         1.410     6.295    u_tpu_top/u_layer_controller/u_tile_controller/DI[2]
    SLICE_X71Y335        LUT2 (Prop_A6LUT_SLICEM_I0_O)
                                                      0.150     6.445 r  u_tpu_top/u_layer_controller/u_tile_controller/data_flatten_o[5]_i_22/O
                         net (fo=1, routed)           0.013     6.458    u_tpu_top/u_datapath/u_vector_processing_unit/u_post_process/GEN_BIAS_REQUANT.u_bias_requantize/data_flatten_o_reg[5]_0[0]
    SLICE_X71Y335        CARRY8 (Prop_CARRY8_SLICEM_S[0]_CO[7])
                                                      0.192     6.650 f  u_tpu_top/u_datapath/u_vector_processing_unit/u_post_process/GEN_BIAS_REQUANT.u_bias_requantize/data_flatten_o_reg[5]_i_4/CO[7]
                         net (fo=1, routed)           0.026     6.676    u_tpu_top/u_datapath/u_vector_processing_unit/u_post_process/GEN_BIAS_REQUANT.u_bias_requantize/data_flatten_o_reg[5]_i_4_n_0
    SLICE_X71Y336        CARRY8 (Prop_CARRY8_SLICEM_CI_CO[7])
                                                      0.015     6.691 f  u_tpu_top/u_datapath/u_vector_processing_unit/u_post_process/GEN_BIAS_REQUANT.u_bias_requantize/data_flatten_o_reg[14]_i_3/CO[7]
                         net (fo=1, routed)           0.026     6.717    u_tpu_top/u_datapath/u_vector_processing_unit/u_post_process/GEN_BIAS_REQUANT.u_bias_requantize/data_flatten_o_reg[14]_i_3_n_0
    SLICE_X71Y337        CARRY8 (Prop_CARRY8_SLICEM_CI_CO[7])
                                                      0.015     6.732 f  u_tpu_top/u_datapath/u_vector_processing_unit/u_post_process/GEN_BIAS_REQUANT.u_bias_requantize/data_flatten_o_reg[5]_i_3/CO[7]
                         net (fo=1, routed)           0.026     6.758    u_tpu_top/u_datapath/u_vector_processing_unit/u_post_process/GEN_BIAS_REQUANT.u_bias_requantize/data_flatten_o_reg[5]_i_3_n_0
    SLICE_X71Y338        CARRY8 (Prop_CARRY8_SLICEM_CI_CO[7])
                                                      0.015     6.773 f  u_tpu_top/u_datapath/u_vector_processing_unit/u_post_process/GEN_BIAS_REQUANT.u_bias_requantize/data_flatten_o_reg[30]_i_4/CO[7]
                         net (fo=1, routed)           0.026     6.799    u_tpu_top/u_datapath/u_vector_processing_unit/u_post_process/GEN_BIAS_REQUANT.u_bias_requantize/data_flatten_o_reg[30]_i_4_n_0
    SLICE_X71Y339        CARRY8 (Prop_CARRY8_SLICEM_CI_CO[7])
                                                      0.015     6.814 f  u_tpu_top/u_datapath/u_vector_processing_unit/u_post_process/GEN_BIAS_REQUANT.u_bias_requantize/data_flatten_o_reg[31]_i_19/CO[7]
                         net (fo=1, routed)           0.026     6.840    u_tpu_top/u_datapath/u_vector_processing_unit/u_post_process/GEN_BIAS_REQUANT.u_bias_requantize/data_flatten_o_reg[31]_i_19_n_0
    SLICE_X71Y340        CARRY8 (Prop_CARRY8_SLICEM_CI_CO[7])
                                                      0.015     6.855 f  u_tpu_top/u_datapath/u_vector_processing_unit/u_post_process/GEN_BIAS_REQUANT.u_bias_requantize/data_flatten_o_reg[30]_i_3/CO[7]
                         net (fo=1, routed)           0.026     6.881    u_tpu_top/u_datapath/u_vector_processing_unit/u_post_process/GEN_BIAS_REQUANT.u_bias_requantize/data_flatten_o_reg[30]_i_3_n_0
    SLICE_X71Y341        CARRY8 (Prop_CARRY8_SLICEM_CI_CO[1])
                                                      0.042     6.923 f  u_tpu_top/u_datapath/u_vector_processing_unit/u_post_process/GEN_BIAS_REQUANT.u_bias_requantize/data_flatten_o_reg[31]_i_18/CO[1]
                         net (fo=2, routed)           0.282     7.205    u_tpu_top/u_datapath/u_vector_processing_unit/u_post_process/GEN_BIAS_REQUANT.u_bias_requantize/data_flatten_o_reg[31]_i_18_n_6
    SLICE_X69Y341        LUT3 (Prop_G6LUT_SLICEL_I0_O)
                                                      0.123     7.328 r  u_tpu_top/u_datapath/u_vector_processing_unit/u_post_process/GEN_BIAS_REQUANT.u_bias_requantize/data_flatten_o[31]_i_278/O
                         net (fo=3, routed)           0.302     7.630    u_tpu_top/u_datapath/u_vector_processing_unit/u_post_process/GEN_BIAS_REQUANT.u_bias_requantize/data_flatten_o[31]_i_278_n_0
    SLICE_X69Y337        LUT4 (Prop_B6LUT_SLICEL_I3_O)
                                                      0.090     7.720 r  u_tpu_top/u_datapath/u_vector_processing_unit/u_post_process/GEN_BIAS_REQUANT.u_bias_requantize/data_flatten_o[31]_i_285/O
                         net (fo=1, routed)           0.009     7.729    u_tpu_top/u_datapath/u_vector_processing_unit/u_post_process/GEN_BIAS_REQUANT.u_bias_requantize/data_flatten_o[31]_i_285_n_0
    SLICE_X69Y337        CARRY8 (Prop_CARRY8_SLICEL_S[1]_CO[7])
                                                      0.186     7.915 r  u_tpu_top/u_datapath/u_vector_processing_unit/u_post_process/GEN_BIAS_REQUANT.u_bias_requantize/data_flatten_o_reg[31]_i_181/CO[7]
                         net (fo=1, routed)           0.026     7.941    u_tpu_top/u_datapath/u_vector_processing_unit/u_post_process/GEN_BIAS_REQUANT.u_bias_requantize/data_flatten_o_reg[31]_i_181_n_0
    SLICE_X69Y338        CARRY8 (Prop_CARRY8_SLICEL_CI_CO[7])
                                                      0.015     7.956 r  u_tpu_top/u_datapath/u_vector_processing_unit/u_post_process/GEN_BIAS_REQUANT.u_bias_requantize/data_flatten_o_reg[31]_i_180/CO[7]
                         net (fo=1, routed)           0.026     7.982    u_tpu_top/u_datapath/u_vector_processing_unit/u_post_process/GEN_BIAS_REQUANT.u_bias_requantize/data_flatten_o_reg[31]_i_180_n_0
    SLICE_X69Y339        CARRY8 (Prop_CARRY8_SLICEL_CI_CO[7])
                                                      0.015     7.997 r  u_tpu_top/u_datapath/u_vector_processing_unit/u_post_process/GEN_BIAS_REQUANT.u_bias_requantize/data_flatten_o_reg[31]_i_128/CO[7]
                         net (fo=1, routed)           0.026     8.023    u_tpu_top/u_datapath/u_vector_processing_unit/u_post_process/GEN_BIAS_REQUANT.u_bias_requantize/data_flatten_o_reg[31]_i_128_n_0
    SLICE_X69Y340        CARRY8 (Prop_CARRY8_SLICEL_CI_O[2])
                                                      0.067     8.090 r  u_tpu_top/u_datapath/u_vector_processing_unit/u_post_process/GEN_BIAS_REQUANT.u_bias_requantize/data_flatten_o_reg[31]_i_127/O[2]
                         net (fo=4, routed)           0.412     8.502    u_tpu_top/u_datapath/u_vector_processing_unit/u_post_process/GEN_BIAS_REQUANT.u_bias_requantize/data_flatten_o_reg[31]_i_127_n_13
    SLICE_X68Y336        LUT2 (Prop_C6LUT_SLICEL_I1_O)
                                                      0.123     8.625 r  u_tpu_top/u_datapath/u_vector_processing_unit/u_post_process/GEN_BIAS_REQUANT.u_bias_requantize/data_flatten_o[31]_i_42/O
                         net (fo=1, routed)           0.010     8.635    u_tpu_top/u_datapath/u_vector_processing_unit/u_post_process/GEN_BIAS_REQUANT.u_bias_requantize/data_flatten_o[31]_i_42_n_0
    SLICE_X68Y336        CARRY8 (Prop_CARRY8_SLICEL_S[2]_CO[5])
                                                      0.158     8.793 r  u_tpu_top/u_datapath/u_vector_processing_unit/u_post_process/GEN_BIAS_REQUANT.u_bias_requantize/data_flatten_o_reg[31]_i_5/CO[5]
                         net (fo=33, routed)          0.674     9.467    u_tpu_top/u_datapath/u_vector_processing_unit/u_post_process/GEN_BIAS_REQUANT.u_bias_requantize/data_flatten_o_reg[31]_i_5_n_2
    SLICE_X73Y338        LUT5 (Prop_D6LUT_SLICEM_I3_O)
                                                      0.145     9.612 r  u_tpu_top/u_datapath/u_vector_processing_unit/u_post_process/GEN_BIAS_REQUANT.u_bias_requantize/data_flatten_o[10]_i_1/O
                         net (fo=1, routed)           0.072     9.684    u_tpu_top/u_datapath/u_vector_processing_unit/u_post_process/GEN_BIAS_REQUANT.u_bias_requantize/p_8_out[10]
    SLICE_X73Y338        FDCE                                         r  u_tpu_top/u_datapath/u_vector_processing_unit/u_post_process/GEN_BIAS_REQUANT.u_bias_requantize/data_flatten_o_reg[10]/D
  -------------------------------------------------------------------    -------------------

Slack:                    inf
  Source:                 u_tpu_top/u_layer_controller/u_tile_controller/vpu_bias_flatten_o_reg[127]/C
                            (rising edge-triggered cell FDCE)
  Destination:            u_tpu_top/u_datapath/u_vector_processing_unit/u_post_process/GEN_BIAS_REQUANT.u_bias_requantize/data_flatten_o_reg[101]/D
  Path Group:             (none)
  Path Type:              Max at Slow Process Corner
  Data Path Delay:        9.668ns  (logic 4.455ns (46.080%)  route 5.213ns (53.920%))
  Logic Levels:           34  (CARRY8=18 DSP_A_B_DATA=1 DSP_ALU=2 DSP_M_DATA=1 DSP_MULTIPLIER=1 DSP_OUTPUT=2 DSP_PREADD_DATA=1 FDCE=1 LUT2=4 LUT3=2 LUT4=1)

    Location             Delay type                Incr(ns)  Path(ns)    Netlist Resource(s)
  -------------------------------------------------------------------    -------------------
    SLICE_X84Y340        FDCE                         0.000     0.000 r  u_tpu_top/u_layer_controller/u_tile_controller/vpu_bias_flatten_o_reg[127]/C
    SLICE_X84Y340        FDCE (Prop_CFF2_SLICEM_C_Q)
                                                      0.077     0.077 r  u_tpu_top/u_layer_controller/u_tile_controller/vpu_bias_flatten_o_reg[127]/Q
                         net (fo=18, routed)          0.463     0.540    u_tpu_top/u_datapath/u_vector_processing_unit/u_post_process/GEN_BIAS_REQUANT.u_bias_requantize/(null)[0].shifted_value0__13_0[55]
    SLICE_X89Y342        LUT2 (Prop_A6LUT_SLICEM_I1_O)
                                                      0.150     0.690 r  u_tpu_top/u_datapath/u_vector_processing_unit/u_post_process/GEN_BIAS_REQUANT.u_bias_requantize/(null)[0].shifted_value0__11_i_20/O
                         net (fo=1, routed)           0.013     0.703    u_tpu_top_n_1108
    SLICE_X89Y342        CARRY8 (Prop_CARRY8_SLICEM_S[0]_CO[7])
                                                      0.192     0.895 r  u_vector_processing_unit/u_post_process/GEN_BIAS_REQUANT.u_bias_requantize/(null)[0].shifted_value0__11_i_3/CO[7]
                         net (fo=1, routed)           0.026     0.921    u_vector_processing_unit/u_post_process/GEN_BIAS_REQUANT.u_bias_requantize/(null)[0].shifted_value0__11_i_3_n_0
    SLICE_X89Y343        CARRY8 (Prop_CARRY8_SLICEM_CI_CO[7])
                                                      0.015     0.936 r  u_vector_processing_unit/u_post_process/GEN_BIAS_REQUANT.u_bias_requantize/(null)[0].shifted_value0__11_i_2/CO[7]
                         net (fo=1, routed)           0.026     0.962    u_tpu_top/u_datapath/u_vector_processing_unit/u_post_process/GEN_BIAS_REQUANT.u_bias_requantize/(null)[0].shifted_value0__12_0[0]
    SLICE_X89Y344        CARRY8 (Prop_CARRY8_SLICEM_CI_O[0])
                                                      0.056     1.018 f  u_tpu_top/u_datapath/u_vector_processing_unit/u_post_process/GEN_BIAS_REQUANT.u_bias_requantize/(null)[0].shifted_value0__11_i_1/O[0]
                         net (fo=18, routed)          0.635     1.653    u_tpu_top/u_datapath/u_vector_processing_unit/u_post_process/GEN_BIAS_REQUANT.u_bias_requantize/(null)[0].shifted_value0__11/B[16]
    DSP48E2_X11Y134      DSP_A_B_DATA (Prop_DSP_A_B_DATA_DSP48E2_B[16]_B2_DATA[16])
                                                      0.151     1.804 r  u_tpu_top/u_datapath/u_vector_processing_unit/u_post_process/GEN_BIAS_REQUANT.u_bias_requantize/(null)[0].shifted_value0__11/DSP_A_B_DATA_INST/B2_DATA[16]
                         net (fo=1, routed)           0.000     1.804    u_tpu_top/u_datapath/u_vector_processing_unit/u_post_process/GEN_BIAS_REQUANT.u_bias_requantize/(null)[0].shifted_value0__11/DSP_A_B_DATA.B2_DATA<16>
    DSP48E2_X11Y134      DSP_PREADD_DATA (Prop_DSP_PREADD_DATA_DSP48E2_B2_DATA[16]_B2B1[16])
                                                      0.073     1.877 r  u_tpu_top/u_datapath/u_vector_processing_unit/u_post_process/GEN_BIAS_REQUANT.u_bias_requantize/(null)[0].shifted_value0__11/DSP_PREADD_DATA_INST/B2B1[16]
                         net (fo=1, routed)           0.000     1.877    u_tpu_top/u_datapath/u_vector_processing_unit/u_post_process/GEN_BIAS_REQUANT.u_bias_requantize/(null)[0].shifted_value0__11/DSP_PREADD_DATA.B2B1<16>
    DSP48E2_X11Y134      DSP_MULTIPLIER (Prop_DSP_MULTIPLIER_DSP48E2_B2B1[16]_V[43])
                                                      0.609     2.486 f  u_tpu_top/u_datapath/u_vector_processing_unit/u_post_process/GEN_BIAS_REQUANT.u_bias_requantize/(null)[0].shifted_value0__11/DSP_MULTIPLIER_INST/V[43]
                         net (fo=1, routed)           0.000     2.486    u_tpu_top/u_datapath/u_vector_processing_unit/u_post_process/GEN_BIAS_REQUANT.u_bias_requantize/(null)[0].shifted_value0__11/DSP_MULTIPLIER.V<43>
    DSP48E2_X11Y134      DSP_M_DATA (Prop_DSP_M_DATA_DSP48E2_V[43]_V_DATA[43])
                                                      0.046     2.532 r  u_tpu_top/u_datapath/u_vector_processing_unit/u_post_process/GEN_BIAS_REQUANT.u_bias_requantize/(null)[0].shifted_value0__11/DSP_M_DATA_INST/V_DATA[43]
                         net (fo=1, routed)           0.000     2.532    u_tpu_top/u_datapath/u_vector_processing_unit/u_post_process/GEN_BIAS_REQUANT.u_bias_requantize/(null)[0].shifted_value0__11/DSP_M_DATA.V_DATA<43>
    DSP48E2_X11Y134      DSP_ALU (Prop_DSP_ALU_DSP48E2_V_DATA[43]_ALU_OUT[47])
                                                      0.571     3.103 f  u_tpu_top/u_datapath/u_vector_processing_unit/u_post_process/GEN_BIAS_REQUANT.u_bias_requantize/(null)[0].shifted_value0__11/DSP_ALU_INST/ALU_OUT[47]
                         net (fo=1, routed)           0.000     3.103    u_tpu_top/u_datapath/u_vector_processing_unit/u_post_process/GEN_BIAS_REQUANT.u_bias_requantize/(null)[0].shifted_value0__11/DSP_ALU.ALU_OUT<47>
    DSP48E2_X11Y134      DSP_OUTPUT (Prop_DSP_OUTPUT_DSP48E2_ALU_OUT[47]_PCOUT[47])
                                                      0.122     3.225 r  u_tpu_top/u_datapath/u_vector_processing_unit/u_post_process/GEN_BIAS_REQUANT.u_bias_requantize/(null)[0].shifted_value0__11/DSP_OUTPUT_INST/PCOUT[47]
                         net (fo=1, routed)           0.014     3.239    u_tpu_top/u_datapath/u_vector_processing_unit/u_post_process/GEN_BIAS_REQUANT.u_bias_requantize/(null)[0].shifted_value0__12/PCIN[47]
    DSP48E2_X11Y135      DSP_ALU (Prop_DSP_ALU_DSP48E2_PCIN[47]_ALU_OUT[11])
                                                      0.546     3.785 f  u_tpu_top/u_datapath/u_vector_processing_unit/u_post_process/GEN_BIAS_REQUANT.u_bias_requantize/(null)[0].shifted_value0__12/DSP_ALU_INST/ALU_OUT[11]
                         net (fo=1, routed)           0.000     3.785    u_tpu_top/u_datapath/u_vector_processing_unit/u_post_process/GEN_BIAS_REQUANT.u_bias_requantize/(null)[0].shifted_value0__12/DSP_ALU.ALU_OUT<11>
    DSP48E2_X11Y135      DSP_OUTPUT (Prop_DSP_OUTPUT_DSP48E2_ALU_OUT[11]_P[11])
                                                      0.109     3.894 r  u_tpu_top/u_datapath/u_vector_processing_unit/u_post_process/GEN_BIAS_REQUANT.u_bias_requantize/(null)[0].shifted_value0__12/DSP_OUTPUT_INST/P[11]
                         net (fo=1, routed)           0.406     4.300    u_tpu_top/u_datapath/u_vector_processing_unit/u_post_process/GEN_BIAS_REQUANT.u_bias_requantize/p_0_in[45]
    SLICE_X88Y338        LUT2 (Prop_F6LUT_SLICEM_I1_O)
                                                      0.123     4.423 r  u_tpu_top/u_datapath/u_vector_processing_unit/u_post_process/GEN_BIAS_REQUANT.u_bias_requantize/data_flatten_o[127]_i_157/O
                         net (fo=1, routed)           0.022     4.445    u_tpu_top/u_datapath/u_vector_processing_unit/u_post_process/GEN_BIAS_REQUANT.u_bias_requantize/data_flatten_o[127]_i_157_n_0
    SLICE_X88Y338        CARRY8 (Prop_CARRY8_SLICEM_S[5]_CO[7])
                                                      0.159     4.604 r  u_tpu_top/u_datapath/u_vector_processing_unit/u_post_process/GEN_BIAS_REQUANT.u_bias_requantize/data_flatten_o_reg[127]_i_77/CO[7]
                         net (fo=1, routed)           0.026     4.630    u_tpu_top/u_datapath/u_vector_processing_unit/u_post_process/GEN_BIAS_REQUANT.u_bias_requantize/data_flatten_o_reg[127]_i_77_n_0
    SLICE_X88Y339        CARRY8 (Prop_CARRY8_SLICEM_CI_CO[7])
                                                      0.015     4.645 r  u_tpu_top/u_datapath/u_vector_processing_unit/u_post_process/GEN_BIAS_REQUANT.u_bias_requantize/data_flatten_o_reg[127]_i_146/CO[7]
                         net (fo=1, routed)           0.026     4.671    u_tpu_top/u_datapath/u_vector_processing_unit/u_post_process/GEN_BIAS_REQUANT.u_bias_requantize/data_flatten_o_reg[127]_i_146_n_0
    SLICE_X88Y340        CARRY8 (Prop_CARRY8_SLICEM_CI_CO[7])
                                                      0.015     4.686 r  u_tpu_top/u_datapath/u_vector_processing_unit/u_post_process/GEN_BIAS_REQUANT.u_bias_requantize/data_flatten_o_reg[127]_i_74/CO[7]
                         net (fo=1, routed)           0.026     4.712    u_tpu_top/u_datapath/u_vector_processing_unit/u_post_process/GEN_BIAS_REQUANT.u_bias_requantize/data_flatten_o_reg[127]_i_74_n_0
    SLICE_X88Y341        CARRY8 (Prop_CARRY8_SLICEM_CI_O[0])
                                                      0.056     4.768 r  u_tpu_top/u_datapath/u_vector_processing_unit/u_post_process/GEN_BIAS_REQUANT.u_bias_requantize/data_flatten_o_reg[101]_i_6/O[0]
                         net (fo=131, routed)         1.699     6.467    u_tpu_top/u_layer_controller/u_tile_controller/data_flatten_o_reg[101]_i_4[2]
    SLICE_X89Y333        LUT2 (Prop_B6LUT_SLICEM_I0_O)
                                                      0.125     6.592 r  u_tpu_top/u_layer_controller/u_tile_controller/data_flatten_o[101]_i_21/O
                         net (fo=1, routed)           0.016     6.608    u_tpu_top/u_datapath/u_vector_processing_unit/u_post_process/GEN_BIAS_REQUANT.u_bias_requantize/data_flatten_o_reg[101]_0[1]
    SLICE_X89Y333        CARRY8 (Prop_CARRY8_SLICEM_S[1]_CO[7])
                                                      0.190     6.798 r  u_tpu_top/u_datapath/u_vector_processing_unit/u_post_process/GEN_BIAS_REQUANT.u_bias_requantize/data_flatten_o_reg[101]_i_4/CO[7]
                         net (fo=1, routed)           0.026     6.824    u_tpu_top/u_datapath/u_vector_processing_unit/u_post_process/GEN_BIAS_REQUANT.u_bias_requantize/data_flatten_o_reg[101]_i_4_n_0
    SLICE_X89Y334        CARRY8 (Prop_CARRY8_SLICEM_CI_CO[7])
                                                      0.015     6.839 r  u_tpu_top/u_datapath/u_vector_processing_unit/u_post_process/GEN_BIAS_REQUANT.u_bias_requantize/data_flatten_o_reg[110]_i_3/CO[7]
                         net (fo=1, routed)           0.026     6.865    u_tpu_top/u_datapath/u_vector_processing_unit/u_post_process/GEN_BIAS_REQUANT.u_bias_requantize/data_flatten_o_reg[110]_i_3_n_0
    SLICE_X89Y335        CARRY8 (Prop_CARRY8_SLICEM_CI_CO[7])
                                                      0.015     6.880 r  u_tpu_top/u_datapath/u_vector_processing_unit/u_post_process/GEN_BIAS_REQUANT.u_bias_requantize/data_flatten_o_reg[101]_i_3/CO[7]
                         net (fo=1, routed)           0.026     6.906    u_tpu_top/u_datapath/u_vector_processing_unit/u_post_process/GEN_BIAS_REQUANT.u_bias_requantize/data_flatten_o_reg[101]_i_3_n_0
    SLICE_X89Y336        CARRY8 (Prop_CARRY8_SLICEM_CI_CO[7])
                                                      0.015     6.921 r  u_tpu_top/u_datapath/u_vector_processing_unit/u_post_process/GEN_BIAS_REQUANT.u_bias_requantize/data_flatten_o_reg[126]_i_4/CO[7]
                         net (fo=1, routed)           0.026     6.947    u_tpu_top/u_datapath/u_vector_processing_unit/u_post_process/GEN_BIAS_REQUANT.u_bias_requantize/data_flatten_o_reg[126]_i_4_n_0
    SLICE_X89Y337        CARRY8 (Prop_CARRY8_SLICEM_CI_CO[7])
                                                      0.015     6.962 r  u_tpu_top/u_datapath/u_vector_processing_unit/u_post_process/GEN_BIAS_REQUANT.u_bias_requantize/data_flatten_o_reg[127]_i_20/CO[7]
                         net (fo=1, routed)           0.026     6.988    u_tpu_top/u_datapath/u_vector_processing_unit/u_post_process/GEN_BIAS_REQUANT.u_bias_requantize/data_flatten_o_reg[127]_i_20_n_0
    SLICE_X89Y338        CARRY8 (Prop_CARRY8_SLICEM_CI_CO[7])
                                                      0.015     7.003 r  u_tpu_top/u_datapath/u_vector_processing_unit/u_post_process/GEN_BIAS_REQUANT.u_bias_requantize/data_flatten_o_reg[126]_i_3/CO[7]
                         net (fo=1, routed)           0.026     7.029    u_tpu_top/u_datapath/u_vector_processing_unit/u_post_process/GEN_BIAS_REQUANT.u_bias_requantize/data_flatten_o_reg[126]_i_3_n_0
    SLICE_X89Y339        CARRY8 (Prop_CARRY8_SLICEM_CI_O[1])
                                                      0.076     7.105 f  u_tpu_top/u_datapath/u_vector_processing_unit/u_post_process/GEN_BIAS_REQUANT.u_bias_requantize/data_flatten_o_reg[127]_i_19/O[1]
                         net (fo=7, routed)           0.458     7.563    u_tpu_top/u_datapath/u_vector_processing_unit/u_post_process/GEN_BIAS_REQUANT.u_bias_requantize/(null)[0].rounded_product[63]
    SLICE_X85Y334        LUT3 (Prop_H6LUT_SLICEL_I1_O)
                                                      0.099     7.662 r  u_tpu_top/u_datapath/u_vector_processing_unit/u_post_process/GEN_BIAS_REQUANT.u_bias_requantize/data_flatten_o[127]_i_270/O
                         net (fo=1, routed)           0.185     7.847    u_tpu_top/u_datapath/u_vector_processing_unit/u_post_process/GEN_BIAS_REQUANT.u_bias_requantize/data_flatten_o[127]_i_270_n_0
    SLICE_X85Y335        CARRY8 (Prop_CARRY8_SLICEL_CI_CO[7])
                                                      0.151     7.998 r  u_tpu_top/u_datapath/u_vector_processing_unit/u_post_process/GEN_BIAS_REQUANT.u_bias_requantize/data_flatten_o_reg[127]_i_181/CO[7]
                         net (fo=1, routed)           0.026     8.024    u_tpu_top/u_datapath/u_vector_processing_unit/u_post_process/GEN_BIAS_REQUANT.u_bias_requantize/data_flatten_o_reg[127]_i_181_n_0
    SLICE_X85Y336        CARRY8 (Prop_CARRY8_SLICEL_CI_O[6])
                                                      0.103     8.127 f  u_tpu_top/u_datapath/u_vector_processing_unit/u_post_process/GEN_BIAS_REQUANT.u_bias_requantize/data_flatten_o_reg[127]_i_180/O[6]
                         net (fo=4, routed)           0.421     8.547    u_tpu_top/u_datapath/u_vector_processing_unit/u_post_process/GEN_BIAS_REQUANT.u_bias_requantize/data_flatten_o_reg[127]_i_180_n_9
    SLICE_X87Y335        LUT2 (Prop_E6LUT_SLICEL_I0_O)
                                                      0.123     8.670 r  u_tpu_top/u_datapath/u_vector_processing_unit/u_post_process/GEN_BIAS_REQUANT.u_bias_requantize/data_flatten_o[127]_i_141/O
                         net (fo=1, routed)           0.007     8.677    u_tpu_top/u_datapath/u_vector_processing_unit/u_post_process/GEN_BIAS_REQUANT.u_bias_requantize/data_flatten_o[127]_i_141_n_0
    SLICE_X87Y335        CARRY8 (Prop_CARRY8_SLICEL_S[4]_CO[7])
                                                      0.153     8.830 r  u_tpu_top/u_datapath/u_vector_processing_unit/u_post_process/GEN_BIAS_REQUANT.u_bias_requantize/data_flatten_o_reg[127]_i_46/CO[7]
                         net (fo=1, routed)           0.026     8.856    u_tpu_top/u_datapath/u_vector_processing_unit/u_post_process/GEN_BIAS_REQUANT.u_bias_requantize/data_flatten_o_reg[127]_i_46_n_0
    SLICE_X87Y336        CARRY8 (Prop_CARRY8_SLICEL_CI_CO[5])
                                                      0.077     8.933 r  u_tpu_top/u_datapath/u_vector_processing_unit/u_post_process/GEN_BIAS_REQUANT.u_bias_requantize/data_flatten_o_reg[127]_i_7/CO[5]
                         net (fo=28, routed)          0.319     9.252    u_tpu_top/u_datapath/u_vector_processing_unit/u_post_process/GEN_BIAS_REQUANT.u_bias_requantize/requant_lane1
    SLICE_X87Y330        LUT3 (Prop_H6LUT_SLICEL_I0_O)
                                                      0.099     9.351 f  u_tpu_top/u_datapath/u_vector_processing_unit/u_post_process/GEN_BIAS_REQUANT.u_bias_requantize/data_flatten_o[101]_i_5/O
                         net (fo=5, routed)           0.146     9.497    u_tpu_top/u_datapath/u_vector_processing_unit/u_post_process/GEN_BIAS_REQUANT.u_bias_requantize/data_flatten_o[101]_i_5_n_0
    SLICE_X88Y332        LUT4 (Prop_D6LUT_SLICEM_I3_O)
                                                      0.099     9.596 r  u_tpu_top/u_datapath/u_vector_processing_unit/u_post_process/GEN_BIAS_REQUANT.u_bias_requantize/data_flatten_o[101]_i_1/O
                         net (fo=1, routed)           0.072     9.668    u_tpu_top/u_datapath/u_vector_processing_unit/u_post_process/GEN_BIAS_REQUANT.u_bias_requantize/data_flatten_o[101]_i_1_n_0
    SLICE_X88Y332        FDCE                                         r  u_tpu_top/u_datapath/u_vector_processing_unit/u_post_process/GEN_BIAS_REQUANT.u_bias_requantize/data_flatten_o_reg[101]/D
  -------------------------------------------------------------------    -------------------

Slack:                    inf
  Source:                 u_tpu_top/u_datapath/u_accumulator_array/read_data_flatten_o_reg[4]/C
                            (rising edge-triggered cell FDCE)
  Destination:            u_tpu_top/u_datapath/u_vector_processing_unit/u_post_process/GEN_BIAS_REQUANT.u_bias_requantize/data_flatten_o_reg[5]/D
  Path Group:             (none)
  Path Type:              Max at Slow Process Corner
  Data Path Delay:        9.660ns  (logic 4.442ns (45.984%)  route 5.218ns (54.016%))
  Logic Levels:           36  (CARRY8=19 DSP_A_B_DATA=1 DSP_ALU=2 DSP_M_DATA=1 DSP_MULTIPLIER=1 DSP_OUTPUT=2 DSP_PREADD_DATA=1 FDCE=1 LUT2=4 LUT3=2 LUT4=2)

    Location             Delay type                Incr(ns)  Path(ns)    Netlist Resource(s)
  -------------------------------------------------------------------    -------------------
    SLICE_X81Y329        FDCE                         0.000     0.000 r  u_tpu_top/u_datapath/u_accumulator_array/read_data_flatten_o_reg[4]/C
    SLICE_X81Y329        FDCE (Prop_DFF_SLICEM_C_Q)
                                                      0.078     0.078 r  u_tpu_top/u_datapath/u_accumulator_array/read_data_flatten_o_reg[4]/Q
                         net (fo=2, routed)           0.520     0.598    u_tpu_top/u_datapath/u_vector_processing_unit/u_post_process/GEN_BIAS_REQUANT.u_bias_requantize/(null)[0].shifted_value0__11_1[4]
    SLICE_X76Y336        LUT2 (Prop_E6LUT_SLICEL_I0_O)
                                                      0.035     0.633 r  u_tpu_top/u_datapath/u_vector_processing_unit/u_post_process/GEN_BIAS_REQUANT.u_bias_requantize/(null)[0].shifted_value0__1_i_14/O
                         net (fo=1, routed)           0.007     0.640    u_tpu_top_n_889
    SLICE_X76Y336        CARRY8 (Prop_CARRY8_SLICEL_S[4]_CO[7])
                                                      0.153     0.793 r  u_vector_processing_unit/u_post_process/GEN_BIAS_REQUANT.u_bias_requantize/(null)[0].shifted_value0__1_i_2/CO[7]
                         net (fo=1, routed)           0.026     0.819    u_vector_processing_unit/u_post_process/GEN_BIAS_REQUANT.u_bias_requantize/(null)[0].shifted_value0__1_i_2_n_0
    SLICE_X76Y337        CARRY8 (Prop_CARRY8_SLICEL_CI_CO[7])
                                                      0.015     0.834 r  u_vector_processing_unit/u_post_process/GEN_BIAS_REQUANT.u_bias_requantize/(null)[0].shifted_value0__1_i_1/CO[7]
                         net (fo=1, routed)           0.026     0.860    u_vector_processing_unit/u_post_process/GEN_BIAS_REQUANT.u_bias_requantize/(null)[0].shifted_value0__1_i_1_n_0
    SLICE_X76Y338        CARRY8 (Prop_CARRY8_SLICEL_CI_CO[7])
                                                      0.015     0.875 r  u_vector_processing_unit/u_post_process/GEN_BIAS_REQUANT.u_bias_requantize/(null)[0].shifted_value0_i_3/CO[7]
                         net (fo=1, routed)           0.026     0.901    u_vector_processing_unit/u_post_process/GEN_BIAS_REQUANT.u_bias_requantize/(null)[0].shifted_value0_i_3_n_0
    SLICE_X76Y339        CARRY8 (Prop_CARRY8_SLICEL_CI_CO[7])
                                                      0.015     0.916 r  u_vector_processing_unit/u_post_process/GEN_BIAS_REQUANT.u_bias_requantize/(null)[0].shifted_value0_i_2/CO[7]
                         net (fo=1, routed)           0.026     0.942    u_tpu_top/u_datapath/u_vector_processing_unit/u_post_process/GEN_BIAS_REQUANT.u_bias_requantize/(null)[0].shifted_value0__0_0[0]
    SLICE_X76Y340        CARRY8 (Prop_CARRY8_SLICEL_CI_O[0])
                                                      0.056     0.998 f  u_tpu_top/u_datapath/u_vector_processing_unit/u_post_process/GEN_BIAS_REQUANT.u_bias_requantize/(null)[0].shifted_value0_i_1/O[0]
                         net (fo=18, routed)          0.646     1.645    u_tpu_top/u_datapath/u_vector_processing_unit/u_post_process/GEN_BIAS_REQUANT.u_bias_requantize/(null)[0].shifted_value0/B[17]
    DSP48E2_X7Y134       DSP_A_B_DATA (Prop_DSP_A_B_DATA_DSP48E2_B[17]_B2_DATA[17])
                                                      0.151     1.796 r  u_tpu_top/u_datapath/u_vector_processing_unit/u_post_process/GEN_BIAS_REQUANT.u_bias_requantize/(null)[0].shifted_value0/DSP_A_B_DATA_INST/B2_DATA[17]
                         net (fo=1, routed)           0.000     1.796    u_tpu_top/u_datapath/u_vector_processing_unit/u_post_process/GEN_BIAS_REQUANT.u_bias_requantize/(null)[0].shifted_value0/DSP_A_B_DATA.B2_DATA<17>
    DSP48E2_X7Y134       DSP_PREADD_DATA (Prop_DSP_PREADD_DATA_DSP48E2_B2_DATA[17]_B2B1[17])
                                                      0.073     1.869 r  u_tpu_top/u_datapath/u_vector_processing_unit/u_post_process/GEN_BIAS_REQUANT.u_bias_requantize/(null)[0].shifted_value0/DSP_PREADD_DATA_INST/B2B1[17]
                         net (fo=1, routed)           0.000     1.869    u_tpu_top/u_datapath/u_vector_processing_unit/u_post_process/GEN_BIAS_REQUANT.u_bias_requantize/(null)[0].shifted_value0/DSP_PREADD_DATA.B2B1<17>
    DSP48E2_X7Y134       DSP_MULTIPLIER (Prop_DSP_MULTIPLIER_DSP48E2_B2B1[17]_V[43])
                                                      0.609     2.478 f  u_tpu_top/u_datapath/u_vector_processing_unit/u_post_process/GEN_BIAS_REQUANT.u_bias_requantize/(null)[0].shifted_value0/DSP_MULTIPLIER_INST/V[43]
                         net (fo=1, routed)           0.000     2.478    u_tpu_top/u_datapath/u_vector_processing_unit/u_post_process/GEN_BIAS_REQUANT.u_bias_requantize/(null)[0].shifted_value0/DSP_MULTIPLIER.V<43>
    DSP48E2_X7Y134       DSP_M_DATA (Prop_DSP_M_DATA_DSP48E2_V[43]_V_DATA[43])
                                                      0.046     2.524 r  u_tpu_top/u_datapath/u_vector_processing_unit/u_post_process/GEN_BIAS_REQUANT.u_bias_requantize/(null)[0].shifted_value0/DSP_M_DATA_INST/V_DATA[43]
                         net (fo=1, routed)           0.000     2.524    u_tpu_top/u_datapath/u_vector_processing_unit/u_post_process/GEN_BIAS_REQUANT.u_bias_requantize/(null)[0].shifted_value0/DSP_M_DATA.V_DATA<43>
    DSP48E2_X7Y134       DSP_ALU (Prop_DSP_ALU_DSP48E2_V_DATA[43]_ALU_OUT[47])
                                                      0.571     3.095 f  u_tpu_top/u_datapath/u_vector_processing_unit/u_post_process/GEN_BIAS_REQUANT.u_bias_requantize/(null)[0].shifted_value0/DSP_ALU_INST/ALU_OUT[47]
                         net (fo=1, routed)           0.000     3.095    u_tpu_top/u_datapath/u_vector_processing_unit/u_post_process/GEN_BIAS_REQUANT.u_bias_requantize/(null)[0].shifted_value0/DSP_ALU.ALU_OUT<47>
    DSP48E2_X7Y134       DSP_OUTPUT (Prop_DSP_OUTPUT_DSP48E2_ALU_OUT[47]_PCOUT[47])
                                                      0.122     3.217 r  u_tpu_top/u_datapath/u_vector_processing_unit/u_post_process/GEN_BIAS_REQUANT.u_bias_requantize/(null)[0].shifted_value0/DSP_OUTPUT_INST/PCOUT[47]
                         net (fo=1, routed)           0.014     3.231    u_tpu_top/u_datapath/u_vector_processing_unit/u_post_process/GEN_BIAS_REQUANT.u_bias_requantize/(null)[0].shifted_value0__0/PCIN[47]
    DSP48E2_X7Y135       DSP_ALU (Prop_DSP_ALU_DSP48E2_PCIN[47]_ALU_OUT[22])
                                                      0.546     3.777 f  u_tpu_top/u_datapath/u_vector_processing_unit/u_post_process/GEN_BIAS_REQUANT.u_bias_requantize/(null)[0].shifted_value0__0/DSP_ALU_INST/ALU_OUT[22]
                         net (fo=1, routed)           0.000     3.777    u_tpu_top/u_datapath/u_vector_processing_unit/u_post_process/GEN_BIAS_REQUANT.u_bias_requantize/(null)[0].shifted_value0__0/DSP_ALU.ALU_OUT<22>
    DSP48E2_X7Y135       DSP_OUTPUT (Prop_DSP_OUTPUT_DSP48E2_ALU_OUT[22]_P[22])
                                                      0.109     3.886 r  u_tpu_top/u_datapath/u_vector_processing_unit/u_post_process/GEN_BIAS_REQUANT.u_bias_requantize/(null)[0].shifted_value0__0/DSP_OUTPUT_INST/P[22]
                         net (fo=1, routed)           0.563     4.449    u_tpu_top/u_datapath/u_vector_processing_unit/u_post_process/GEN_BIAS_REQUANT.u_bias_requantize/(null)[0].shifted_value0__0_n_83
    SLICE_X70Y340        LUT2 (Prop_A6LUT_SLICEM_I1_O)
                                                      0.150     4.599 r  u_tpu_top/u_datapath/u_vector_processing_unit/u_post_process/GEN_BIAS_REQUANT.u_bias_requantize/data_flatten_o[31]_i_154/O
                         net (fo=1, routed)           0.013     4.612    u_tpu_top/u_datapath/u_vector_processing_unit/u_post_process/GEN_BIAS_REQUANT.u_bias_requantize/data_flatten_o[31]_i_154_n_0
    SLICE_X70Y340        CARRY8 (Prop_CARRY8_SLICEM_S[0]_CO[7])
                                                      0.192     4.804 r  u_tpu_top/u_datapath/u_vector_processing_unit/u_post_process/GEN_BIAS_REQUANT.u_bias_requantize/data_flatten_o_reg[31]_i_73/CO[7]
                         net (fo=1, routed)           0.026     4.830    u_tpu_top/u_datapath/u_vector_processing_unit/u_post_process/GEN_BIAS_REQUANT.u_bias_requantize/data_flatten_o_reg[31]_i_73_n_0
    SLICE_X70Y341        CARRY8 (Prop_CARRY8_SLICEM_CI_O[0])
                                                      0.056     4.886 r  u_tpu_top/u_datapath/u_vector_processing_unit/u_post_process/GEN_BIAS_REQUANT.u_bias_requantize/data_flatten_o_reg[5]_i_6/O[0]
                         net (fo=132, routed)         1.410     6.295    u_tpu_top/u_layer_controller/u_tile_controller/DI[2]
    SLICE_X71Y335        LUT2 (Prop_A6LUT_SLICEM_I0_O)
                                                      0.150     6.445 r  u_tpu_top/u_layer_controller/u_tile_controller/data_flatten_o[5]_i_22/O
                         net (fo=1, routed)           0.013     6.458    u_tpu_top/u_datapath/u_vector_processing_unit/u_post_process/GEN_BIAS_REQUANT.u_bias_requantize/data_flatten_o_reg[5]_0[0]
    SLICE_X71Y335        CARRY8 (Prop_CARRY8_SLICEM_S[0]_CO[7])
                                                      0.192     6.650 f  u_tpu_top/u_datapath/u_vector_processing_unit/u_post_process/GEN_BIAS_REQUANT.u_bias_requantize/data_flatten_o_reg[5]_i_4/CO[7]
                         net (fo=1, routed)           0.026     6.676    u_tpu_top/u_datapath/u_vector_processing_unit/u_post_process/GEN_BIAS_REQUANT.u_bias_requantize/data_flatten_o_reg[5]_i_4_n_0
    SLICE_X71Y336        CARRY8 (Prop_CARRY8_SLICEM_CI_CO[7])
                                                      0.015     6.691 f  u_tpu_top/u_datapath/u_vector_processing_unit/u_post_process/GEN_BIAS_REQUANT.u_bias_requantize/data_flatten_o_reg[14]_i_3/CO[7]
                         net (fo=1, routed)           0.026     6.717    u_tpu_top/u_datapath/u_vector_processing_unit/u_post_process/GEN_BIAS_REQUANT.u_bias_requantize/data_flatten_o_reg[14]_i_3_n_0
    SLICE_X71Y337        CARRY8 (Prop_CARRY8_SLICEM_CI_CO[7])
                                                      0.015     6.732 f  u_tpu_top/u_datapath/u_vector_processing_unit/u_post_process/GEN_BIAS_REQUANT.u_bias_requantize/data_flatten_o_reg[5]_i_3/CO[7]
                         net (fo=1, routed)           0.026     6.758    u_tpu_top/u_datapath/u_vector_processing_unit/u_post_process/GEN_BIAS_REQUANT.u_bias_requantize/data_flatten_o_reg[5]_i_3_n_0
    SLICE_X71Y338        CARRY8 (Prop_CARRY8_SLICEM_CI_CO[7])
                                                      0.015     6.773 f  u_tpu_top/u_datapath/u_vector_processing_unit/u_post_process/GEN_BIAS_REQUANT.u_bias_requantize/data_flatten_o_reg[30]_i_4/CO[7]
                         net (fo=1, routed)           0.026     6.799    u_tpu_top/u_datapath/u_vector_processing_unit/u_post_process/GEN_BIAS_REQUANT.u_bias_requantize/data_flatten_o_reg[30]_i_4_n_0
    SLICE_X71Y339        CARRY8 (Prop_CARRY8_SLICEM_CI_CO[7])
                                                      0.015     6.814 f  u_tpu_top/u_datapath/u_vector_processing_unit/u_post_process/GEN_BIAS_REQUANT.u_bias_requantize/data_flatten_o_reg[31]_i_19/CO[7]
                         net (fo=1, routed)           0.026     6.840    u_tpu_top/u_datapath/u_vector_processing_unit/u_post_process/GEN_BIAS_REQUANT.u_bias_requantize/data_flatten_o_reg[31]_i_19_n_0
    SLICE_X71Y340        CARRY8 (Prop_CARRY8_SLICEM_CI_CO[7])
                                                      0.015     6.855 f  u_tpu_top/u_datapath/u_vector_processing_unit/u_post_process/GEN_BIAS_REQUANT.u_bias_requantize/data_flatten_o_reg[30]_i_3/CO[7]
                         net (fo=1, routed)           0.026     6.881    u_tpu_top/u_datapath/u_vector_processing_unit/u_post_process/GEN_BIAS_REQUANT.u_bias_requantize/data_flatten_o_reg[30]_i_3_n_0
    SLICE_X71Y341        CARRY8 (Prop_CARRY8_SLICEM_CI_CO[1])
                                                      0.042     6.923 f  u_tpu_top/u_datapath/u_vector_processing_unit/u_post_process/GEN_BIAS_REQUANT.u_bias_requantize/data_flatten_o_reg[31]_i_18/CO[1]
                         net (fo=2, routed)           0.282     7.205    u_tpu_top/u_datapath/u_vector_processing_unit/u_post_process/GEN_BIAS_REQUANT.u_bias_requantize/data_flatten_o_reg[31]_i_18_n_6
    SLICE_X69Y341        LUT3 (Prop_G6LUT_SLICEL_I0_O)
                                                      0.123     7.328 r  u_tpu_top/u_datapath/u_vector_processing_unit/u_post_process/GEN_BIAS_REQUANT.u_bias_requantize/data_flatten_o[31]_i_278/O
                         net (fo=3, routed)           0.302     7.630    u_tpu_top/u_datapath/u_vector_processing_unit/u_post_process/GEN_BIAS_REQUANT.u_bias_requantize/data_flatten_o[31]_i_278_n_0
    SLICE_X69Y337        LUT4 (Prop_B6LUT_SLICEL_I3_O)
                                                      0.090     7.720 r  u_tpu_top/u_datapath/u_vector_processing_unit/u_post_process/GEN_BIAS_REQUANT.u_bias_requantize/data_flatten_o[31]_i_285/O
                         net (fo=1, routed)           0.009     7.729    u_tpu_top/u_datapath/u_vector_processing_unit/u_post_process/GEN_BIAS_REQUANT.u_bias_requantize/data_flatten_o[31]_i_285_n_0
    SLICE_X69Y337        CARRY8 (Prop_CARRY8_SLICEL_S[1]_CO[7])
                                                      0.186     7.915 r  u_tpu_top/u_datapath/u_vector_processing_unit/u_post_process/GEN_BIAS_REQUANT.u_bias_requantize/data_flatten_o_reg[31]_i_181/CO[7]
                         net (fo=1, routed)           0.026     7.941    u_tpu_top/u_datapath/u_vector_processing_unit/u_post_process/GEN_BIAS_REQUANT.u_bias_requantize/data_flatten_o_reg[31]_i_181_n_0
    SLICE_X69Y338        CARRY8 (Prop_CARRY8_SLICEL_CI_CO[7])
                                                      0.015     7.956 r  u_tpu_top/u_datapath/u_vector_processing_unit/u_post_process/GEN_BIAS_REQUANT.u_bias_requantize/data_flatten_o_reg[31]_i_180/CO[7]
                         net (fo=1, routed)           0.026     7.982    u_tpu_top/u_datapath/u_vector_processing_unit/u_post_process/GEN_BIAS_REQUANT.u_bias_requantize/data_flatten_o_reg[31]_i_180_n_0
    SLICE_X69Y339        CARRY8 (Prop_CARRY8_SLICEL_CI_CO[7])
                                                      0.015     7.997 r  u_tpu_top/u_datapath/u_vector_processing_unit/u_post_process/GEN_BIAS_REQUANT.u_bias_requantize/data_flatten_o_reg[31]_i_128/CO[7]
                         net (fo=1, routed)           0.026     8.023    u_tpu_top/u_datapath/u_vector_processing_unit/u_post_process/GEN_BIAS_REQUANT.u_bias_requantize/data_flatten_o_reg[31]_i_128_n_0
    SLICE_X69Y340        CARRY8 (Prop_CARRY8_SLICEL_CI_O[2])
                                                      0.067     8.090 r  u_tpu_top/u_datapath/u_vector_processing_unit/u_post_process/GEN_BIAS_REQUANT.u_bias_requantize/data_flatten_o_reg[31]_i_127/O[2]
                         net (fo=4, routed)           0.412     8.502    u_tpu_top/u_datapath/u_vector_processing_unit/u_post_process/GEN_BIAS_REQUANT.u_bias_requantize/data_flatten_o_reg[31]_i_127_n_13
    SLICE_X68Y336        LUT2 (Prop_C6LUT_SLICEL_I1_O)
                                                      0.123     8.625 r  u_tpu_top/u_datapath/u_vector_processing_unit/u_post_process/GEN_BIAS_REQUANT.u_bias_requantize/data_flatten_o[31]_i_42/O
                         net (fo=1, routed)           0.010     8.635    u_tpu_top/u_datapath/u_vector_processing_unit/u_post_process/GEN_BIAS_REQUANT.u_bias_requantize/data_flatten_o[31]_i_42_n_0
    SLICE_X68Y336        CARRY8 (Prop_CARRY8_SLICEL_S[2]_CO[5])
                                                      0.158     8.793 f  u_tpu_top/u_datapath/u_vector_processing_unit/u_post_process/GEN_BIAS_REQUANT.u_bias_requantize/data_flatten_o_reg[31]_i_5/CO[5]
                         net (fo=33, routed)          0.553     9.346    u_tpu_top/u_datapath/u_vector_processing_unit/u_post_process/GEN_BIAS_REQUANT.u_bias_requantize/data_flatten_o_reg[31]_i_5_n_2
    SLICE_X72Y333        LUT3 (Prop_A6LUT_SLICEL_I1_O)
                                                      0.124     9.470 f  u_tpu_top/u_datapath/u_vector_processing_unit/u_post_process/GEN_BIAS_REQUANT.u_bias_requantize/data_flatten_o[5]_i_5/O
                         net (fo=5, routed)           0.051     9.521    u_tpu_top/u_datapath/u_vector_processing_unit/u_post_process/GEN_BIAS_REQUANT.u_bias_requantize/data_flatten_o[5]_i_5_n_0
    SLICE_X72Y333        LUT4 (Prop_B6LUT_SLICEL_I3_O)
                                                      0.090     9.611 r  u_tpu_top/u_datapath/u_vector_processing_unit/u_post_process/GEN_BIAS_REQUANT.u_bias_requantize/data_flatten_o[5]_i_1/O
                         net (fo=1, routed)           0.049     9.660    u_tpu_top/u_datapath/u_vector_processing_unit/u_post_process/GEN_BIAS_REQUANT.u_bias_requantize/data_flatten_o[5]_i_1_n_0
    SLICE_X72Y333        FDCE                                         r  u_tpu_top/u_datapath/u_vector_processing_unit/u_post_process/GEN_BIAS_REQUANT.u_bias_requantize/data_flatten_o_reg[5]/D
  -------------------------------------------------------------------    -------------------

Slack:                    inf
  Source:                 u_tpu_top/u_datapath/u_accumulator_array/read_data_flatten_o_reg[4]/C
                            (rising edge-triggered cell FDCE)
  Destination:            u_tpu_top/u_datapath/u_vector_processing_unit/u_post_process/GEN_BIAS_REQUANT.u_bias_requantize/data_flatten_o_reg[3]/D
  Path Group:             (none)
  Path Type:              Max at Slow Process Corner
  Data Path Delay:        9.660ns  (logic 4.402ns (45.570%)  route 5.258ns (54.430%))
  Logic Levels:           36  (CARRY8=19 DSP_A_B_DATA=1 DSP_ALU=2 DSP_M_DATA=1 DSP_MULTIPLIER=1 DSP_OUTPUT=2 DSP_PREADD_DATA=1 FDCE=1 LUT2=4 LUT3=1 LUT4=3)

    Location             Delay type                Incr(ns)  Path(ns)    Netlist Resource(s)
  -------------------------------------------------------------------    -------------------
    SLICE_X81Y329        FDCE                         0.000     0.000 r  u_tpu_top/u_datapath/u_accumulator_array/read_data_flatten_o_reg[4]/C
    SLICE_X81Y329        FDCE (Prop_DFF_SLICEM_C_Q)
                                                      0.078     0.078 r  u_tpu_top/u_datapath/u_accumulator_array/read_data_flatten_o_reg[4]/Q
                         net (fo=2, routed)           0.520     0.598    u_tpu_top/u_datapath/u_vector_processing_unit/u_post_process/GEN_BIAS_REQUANT.u_bias_requantize/(null)[0].shifted_value0__11_1[4]
    SLICE_X76Y336        LUT2 (Prop_E6LUT_SLICEL_I0_O)
                                                      0.035     0.633 r  u_tpu_top/u_datapath/u_vector_processing_unit/u_post_process/GEN_BIAS_REQUANT.u_bias_requantize/(null)[0].shifted_value0__1_i_14/O
                         net (fo=1, routed)           0.007     0.640    u_tpu_top_n_889
    SLICE_X76Y336        CARRY8 (Prop_CARRY8_SLICEL_S[4]_CO[7])
                                                      0.153     0.793 r  u_vector_processing_unit/u_post_process/GEN_BIAS_REQUANT.u_bias_requantize/(null)[0].shifted_value0__1_i_2/CO[7]
                         net (fo=1, routed)           0.026     0.819    u_vector_processing_unit/u_post_process/GEN_BIAS_REQUANT.u_bias_requantize/(null)[0].shifted_value0__1_i_2_n_0
    SLICE_X76Y337        CARRY8 (Prop_CARRY8_SLICEL_CI_CO[7])
                                                      0.015     0.834 r  u_vector_processing_unit/u_post_process/GEN_BIAS_REQUANT.u_bias_requantize/(null)[0].shifted_value0__1_i_1/CO[7]
                         net (fo=1, routed)           0.026     0.860    u_vector_processing_unit/u_post_process/GEN_BIAS_REQUANT.u_bias_requantize/(null)[0].shifted_value0__1_i_1_n_0
    SLICE_X76Y338        CARRY8 (Prop_CARRY8_SLICEL_CI_CO[7])
                                                      0.015     0.875 r  u_vector_processing_unit/u_post_process/GEN_BIAS_REQUANT.u_bias_requantize/(null)[0].shifted_value0_i_3/CO[7]
                         net (fo=1, routed)           0.026     0.901    u_vector_processing_unit/u_post_process/GEN_BIAS_REQUANT.u_bias_requantize/(null)[0].shifted_value0_i_3_n_0
    SLICE_X76Y339        CARRY8 (Prop_CARRY8_SLICEL_CI_CO[7])
                                                      0.015     0.916 r  u_vector_processing_unit/u_post_process/GEN_BIAS_REQUANT.u_bias_requantize/(null)[0].shifted_value0_i_2/CO[7]
                         net (fo=1, routed)           0.026     0.942    u_tpu_top/u_datapath/u_vector_processing_unit/u_post_process/GEN_BIAS_REQUANT.u_bias_requantize/(null)[0].shifted_value0__0_0[0]
    SLICE_X76Y340        CARRY8 (Prop_CARRY8_SLICEL_CI_O[0])
                                                      0.056     0.998 f  u_tpu_top/u_datapath/u_vector_processing_unit/u_post_process/GEN_BIAS_REQUANT.u_bias_requantize/(null)[0].shifted_value0_i_1/O[0]
                         net (fo=18, routed)          0.646     1.645    u_tpu_top/u_datapath/u_vector_processing_unit/u_post_process/GEN_BIAS_REQUANT.u_bias_requantize/(null)[0].shifted_value0/B[17]
    DSP48E2_X7Y134       DSP_A_B_DATA (Prop_DSP_A_B_DATA_DSP48E2_B[17]_B2_DATA[17])
                                                      0.151     1.796 r  u_tpu_top/u_datapath/u_vector_processing_unit/u_post_process/GEN_BIAS_REQUANT.u_bias_requantize/(null)[0].shifted_value0/DSP_A_B_DATA_INST/B2_DATA[17]
                         net (fo=1, routed)           0.000     1.796    u_tpu_top/u_datapath/u_vector_processing_unit/u_post_process/GEN_BIAS_REQUANT.u_bias_requantize/(null)[0].shifted_value0/DSP_A_B_DATA.B2_DATA<17>
    DSP48E2_X7Y134       DSP_PREADD_DATA (Prop_DSP_PREADD_DATA_DSP48E2_B2_DATA[17]_B2B1[17])
                                                      0.073     1.869 r  u_tpu_top/u_datapath/u_vector_processing_unit/u_post_process/GEN_BIAS_REQUANT.u_bias_requantize/(null)[0].shifted_value0/DSP_PREADD_DATA_INST/B2B1[17]
                         net (fo=1, routed)           0.000     1.869    u_tpu_top/u_datapath/u_vector_processing_unit/u_post_process/GEN_BIAS_REQUANT.u_bias_requantize/(null)[0].shifted_value0/DSP_PREADD_DATA.B2B1<17>
    DSP48E2_X7Y134       DSP_MULTIPLIER (Prop_DSP_MULTIPLIER_DSP48E2_B2B1[17]_V[43])
                                                      0.609     2.478 f  u_tpu_top/u_datapath/u_vector_processing_unit/u_post_process/GEN_BIAS_REQUANT.u_bias_requantize/(null)[0].shifted_value0/DSP_MULTIPLIER_INST/V[43]
                         net (fo=1, routed)           0.000     2.478    u_tpu_top/u_datapath/u_vector_processing_unit/u_post_process/GEN_BIAS_REQUANT.u_bias_requantize/(null)[0].shifted_value0/DSP_MULTIPLIER.V<43>
    DSP48E2_X7Y134       DSP_M_DATA (Prop_DSP_M_DATA_DSP48E2_V[43]_V_DATA[43])
                                                      0.046     2.524 r  u_tpu_top/u_datapath/u_vector_processing_unit/u_post_process/GEN_BIAS_REQUANT.u_bias_requantize/(null)[0].shifted_value0/DSP_M_DATA_INST/V_DATA[43]
                         net (fo=1, routed)           0.000     2.524    u_tpu_top/u_datapath/u_vector_processing_unit/u_post_process/GEN_BIAS_REQUANT.u_bias_requantize/(null)[0].shifted_value0/DSP_M_DATA.V_DATA<43>
    DSP48E2_X7Y134       DSP_ALU (Prop_DSP_ALU_DSP48E2_V_DATA[43]_ALU_OUT[47])
                                                      0.571     3.095 f  u_tpu_top/u_datapath/u_vector_processing_unit/u_post_process/GEN_BIAS_REQUANT.u_bias_requantize/(null)[0].shifted_value0/DSP_ALU_INST/ALU_OUT[47]
                         net (fo=1, routed)           0.000     3.095    u_tpu_top/u_datapath/u_vector_processing_unit/u_post_process/GEN_BIAS_REQUANT.u_bias_requantize/(null)[0].shifted_value0/DSP_ALU.ALU_OUT<47>
    DSP48E2_X7Y134       DSP_OUTPUT (Prop_DSP_OUTPUT_DSP48E2_ALU_OUT[47]_PCOUT[47])
                                                      0.122     3.217 r  u_tpu_top/u_datapath/u_vector_processing_unit/u_post_process/GEN_BIAS_REQUANT.u_bias_requantize/(null)[0].shifted_value0/DSP_OUTPUT_INST/PCOUT[47]
                         net (fo=1, routed)           0.014     3.231    u_tpu_top/u_datapath/u_vector_processing_unit/u_post_process/GEN_BIAS_REQUANT.u_bias_requantize/(null)[0].shifted_value0__0/PCIN[47]
    DSP48E2_X7Y135       DSP_ALU (Prop_DSP_ALU_DSP48E2_PCIN[47]_ALU_OUT[22])
                                                      0.546     3.777 f  u_tpu_top/u_datapath/u_vector_processing_unit/u_post_process/GEN_BIAS_REQUANT.u_bias_requantize/(null)[0].shifted_value0__0/DSP_ALU_INST/ALU_OUT[22]
                         net (fo=1, routed)           0.000     3.777    u_tpu_top/u_datapath/u_vector_processing_unit/u_post_process/GEN_BIAS_REQUANT.u_bias_requantize/(null)[0].shifted_value0__0/DSP_ALU.ALU_OUT<22>
    DSP48E2_X7Y135       DSP_OUTPUT (Prop_DSP_OUTPUT_DSP48E2_ALU_OUT[22]_P[22])
                                                      0.109     3.886 r  u_tpu_top/u_datapath/u_vector_processing_unit/u_post_process/GEN_BIAS_REQUANT.u_bias_requantize/(null)[0].shifted_value0__0/DSP_OUTPUT_INST/P[22]
                         net (fo=1, routed)           0.563     4.449    u_tpu_top/u_datapath/u_vector_processing_unit/u_post_process/GEN_BIAS_REQUANT.u_bias_requantize/(null)[0].shifted_value0__0_n_83
    SLICE_X70Y340        LUT2 (Prop_A6LUT_SLICEM_I1_O)
                                                      0.150     4.599 r  u_tpu_top/u_datapath/u_vector_processing_unit/u_post_process/GEN_BIAS_REQUANT.u_bias_requantize/data_flatten_o[31]_i_154/O
                         net (fo=1, routed)           0.013     4.612    u_tpu_top/u_datapath/u_vector_processing_unit/u_post_process/GEN_BIAS_REQUANT.u_bias_requantize/data_flatten_o[31]_i_154_n_0
    SLICE_X70Y340        CARRY8 (Prop_CARRY8_SLICEM_S[0]_CO[7])
                                                      0.192     4.804 r  u_tpu_top/u_datapath/u_vector_processing_unit/u_post_process/GEN_BIAS_REQUANT.u_bias_requantize/data_flatten_o_reg[31]_i_73/CO[7]
                         net (fo=1, routed)           0.026     4.830    u_tpu_top/u_datapath/u_vector_processing_unit/u_post_process/GEN_BIAS_REQUANT.u_bias_requantize/data_flatten_o_reg[31]_i_73_n_0
    SLICE_X70Y341        CARRY8 (Prop_CARRY8_SLICEM_CI_O[0])
                                                      0.056     4.886 r  u_tpu_top/u_datapath/u_vector_processing_unit/u_post_process/GEN_BIAS_REQUANT.u_bias_requantize/data_flatten_o_reg[5]_i_6/O[0]
                         net (fo=132, routed)         1.410     6.295    u_tpu_top/u_layer_controller/u_tile_controller/DI[2]
    SLICE_X71Y335        LUT2 (Prop_A6LUT_SLICEM_I0_O)
                                                      0.150     6.445 r  u_tpu_top/u_layer_controller/u_tile_controller/data_flatten_o[5]_i_22/O
                         net (fo=1, routed)           0.013     6.458    u_tpu_top/u_datapath/u_vector_processing_unit/u_post_process/GEN_BIAS_REQUANT.u_bias_requantize/data_flatten_o_reg[5]_0[0]
    SLICE_X71Y335        CARRY8 (Prop_CARRY8_SLICEM_S[0]_CO[7])
                                                      0.192     6.650 f  u_tpu_top/u_datapath/u_vector_processing_unit/u_post_process/GEN_BIAS_REQUANT.u_bias_requantize/data_flatten_o_reg[5]_i_4/CO[7]
                         net (fo=1, routed)           0.026     6.676    u_tpu_top/u_datapath/u_vector_processing_unit/u_post_process/GEN_BIAS_REQUANT.u_bias_requantize/data_flatten_o_reg[5]_i_4_n_0
    SLICE_X71Y336        CARRY8 (Prop_CARRY8_SLICEM_CI_CO[7])
                                                      0.015     6.691 f  u_tpu_top/u_datapath/u_vector_processing_unit/u_post_process/GEN_BIAS_REQUANT.u_bias_requantize/data_flatten_o_reg[14]_i_3/CO[7]
                         net (fo=1, routed)           0.026     6.717    u_tpu_top/u_datapath/u_vector_processing_unit/u_post_process/GEN_BIAS_REQUANT.u_bias_requantize/data_flatten_o_reg[14]_i_3_n_0
    SLICE_X71Y337        CARRY8 (Prop_CARRY8_SLICEM_CI_CO[7])
                                                      0.015     6.732 f  u_tpu_top/u_datapath/u_vector_processing_unit/u_post_process/GEN_BIAS_REQUANT.u_bias_requantize/data_flatten_o_reg[5]_i_3/CO[7]
                         net (fo=1, routed)           0.026     6.758    u_tpu_top/u_datapath/u_vector_processing_unit/u_post_process/GEN_BIAS_REQUANT.u_bias_requantize/data_flatten_o_reg[5]_i_3_n_0
    SLICE_X71Y338        CARRY8 (Prop_CARRY8_SLICEM_CI_CO[7])
                                                      0.015     6.773 f  u_tpu_top/u_datapath/u_vector_processing_unit/u_post_process/GEN_BIAS_REQUANT.u_bias_requantize/data_flatten_o_reg[30]_i_4/CO[7]
                         net (fo=1, routed)           0.026     6.799    u_tpu_top/u_datapath/u_vector_processing_unit/u_post_process/GEN_BIAS_REQUANT.u_bias_requantize/data_flatten_o_reg[30]_i_4_n_0
    SLICE_X71Y339        CARRY8 (Prop_CARRY8_SLICEM_CI_CO[7])
                                                      0.015     6.814 f  u_tpu_top/u_datapath/u_vector_processing_unit/u_post_process/GEN_BIAS_REQUANT.u_bias_requantize/data_flatten_o_reg[31]_i_19/CO[7]
                         net (fo=1, routed)           0.026     6.840    u_tpu_top/u_datapath/u_vector_processing_unit/u_post_process/GEN_BIAS_REQUANT.u_bias_requantize/data_flatten_o_reg[31]_i_19_n_0
    SLICE_X71Y340        CARRY8 (Prop_CARRY8_SLICEM_CI_CO[7])
                                                      0.015     6.855 f  u_tpu_top/u_datapath/u_vector_processing_unit/u_post_process/GEN_BIAS_REQUANT.u_bias_requantize/data_flatten_o_reg[30]_i_3/CO[7]
                         net (fo=1, routed)           0.026     6.881    u_tpu_top/u_datapath/u_vector_processing_unit/u_post_process/GEN_BIAS_REQUANT.u_bias_requantize/data_flatten_o_reg[30]_i_3_n_0
    SLICE_X71Y341        CARRY8 (Prop_CARRY8_SLICEM_CI_CO[1])
                                                      0.042     6.923 f  u_tpu_top/u_datapath/u_vector_processing_unit/u_post_process/GEN_BIAS_REQUANT.u_bias_requantize/data_flatten_o_reg[31]_i_18/CO[1]
                         net (fo=2, routed)           0.282     7.205    u_tpu_top/u_datapath/u_vector_processing_unit/u_post_process/GEN_BIAS_REQUANT.u_bias_requantize/data_flatten_o_reg[31]_i_18_n_6
    SLICE_X69Y341        LUT3 (Prop_G6LUT_SLICEL_I0_O)
                                                      0.123     7.328 r  u_tpu_top/u_datapath/u_vector_processing_unit/u_post_process/GEN_BIAS_REQUANT.u_bias_requantize/data_flatten_o[31]_i_278/O
                         net (fo=3, routed)           0.302     7.630    u_tpu_top/u_datapath/u_vector_processing_unit/u_post_process/GEN_BIAS_REQUANT.u_bias_requantize/data_flatten_o[31]_i_278_n_0
    SLICE_X69Y337        LUT4 (Prop_B6LUT_SLICEL_I3_O)
                                                      0.090     7.720 r  u_tpu_top/u_datapath/u_vector_processing_unit/u_post_process/GEN_BIAS_REQUANT.u_bias_requantize/data_flatten_o[31]_i_285/O
                         net (fo=1, routed)           0.009     7.729    u_tpu_top/u_datapath/u_vector_processing_unit/u_post_process/GEN_BIAS_REQUANT.u_bias_requantize/data_flatten_o[31]_i_285_n_0
    SLICE_X69Y337        CARRY8 (Prop_CARRY8_SLICEL_S[1]_CO[7])
                                                      0.186     7.915 r  u_tpu_top/u_datapath/u_vector_processing_unit/u_post_process/GEN_BIAS_REQUANT.u_bias_requantize/data_flatten_o_reg[31]_i_181/CO[7]
                         net (fo=1, routed)           0.026     7.941    u_tpu_top/u_datapath/u_vector_processing_unit/u_post_process/GEN_BIAS_REQUANT.u_bias_requantize/data_flatten_o_reg[31]_i_181_n_0
    SLICE_X69Y338        CARRY8 (Prop_CARRY8_SLICEL_CI_CO[7])
                                                      0.015     7.956 r  u_tpu_top/u_datapath/u_vector_processing_unit/u_post_process/GEN_BIAS_REQUANT.u_bias_requantize/data_flatten_o_reg[31]_i_180/CO[7]
                         net (fo=1, routed)           0.026     7.982    u_tpu_top/u_datapath/u_vector_processing_unit/u_post_process/GEN_BIAS_REQUANT.u_bias_requantize/data_flatten_o_reg[31]_i_180_n_0
    SLICE_X69Y339        CARRY8 (Prop_CARRY8_SLICEL_CI_CO[7])
                                                      0.015     7.997 r  u_tpu_top/u_datapath/u_vector_processing_unit/u_post_process/GEN_BIAS_REQUANT.u_bias_requantize/data_flatten_o_reg[31]_i_128/CO[7]
                         net (fo=1, routed)           0.026     8.023    u_tpu_top/u_datapath/u_vector_processing_unit/u_post_process/GEN_BIAS_REQUANT.u_bias_requantize/data_flatten_o_reg[31]_i_128_n_0
    SLICE_X69Y340        CARRY8 (Prop_CARRY8_SLICEL_CI_O[2])
                                                      0.067     8.090 r  u_tpu_top/u_datapath/u_vector_processing_unit/u_post_process/GEN_BIAS_REQUANT.u_bias_requantize/data_flatten_o_reg[31]_i_127/O[2]
                         net (fo=4, routed)           0.412     8.502    u_tpu_top/u_datapath/u_vector_processing_unit/u_post_process/GEN_BIAS_REQUANT.u_bias_requantize/data_flatten_o_reg[31]_i_127_n_13
    SLICE_X68Y336        LUT2 (Prop_C6LUT_SLICEL_I1_O)
                                                      0.123     8.625 r  u_tpu_top/u_datapath/u_vector_processing_unit/u_post_process/GEN_BIAS_REQUANT.u_bias_requantize/data_flatten_o[31]_i_42/O
                         net (fo=1, routed)           0.010     8.635    u_tpu_top/u_datapath/u_vector_processing_unit/u_post_process/GEN_BIAS_REQUANT.u_bias_requantize/data_flatten_o[31]_i_42_n_0
    SLICE_X68Y336        CARRY8 (Prop_CARRY8_SLICEL_S[2]_CO[5])
                                                      0.158     8.793 f  u_tpu_top/u_datapath/u_vector_processing_unit/u_post_process/GEN_BIAS_REQUANT.u_bias_requantize/data_flatten_o_reg[31]_i_5/CO[5]
                         net (fo=33, routed)          0.596     9.389    u_tpu_top/u_datapath/u_vector_processing_unit/u_post_process/GEN_BIAS_REQUANT.u_bias_requantize/data_flatten_o_reg[31]_i_5_n_2
    SLICE_X72Y333        LUT4 (Prop_H6LUT_SLICEL_I2_O)
                                                      0.051     9.440 f  u_tpu_top/u_datapath/u_vector_processing_unit/u_post_process/GEN_BIAS_REQUANT.u_bias_requantize/data_flatten_o[3]_i_2/O
                         net (fo=1, routed)           0.047     9.487    u_tpu_top/u_datapath/u_vector_processing_unit/u_post_process/GEN_BIAS_REQUANT.u_bias_requantize/data_flatten_o[3]_i_2_n_0
    SLICE_X72Y333        LUT4 (Prop_C6LUT_SLICEL_I0_O)
                                                      0.123     9.610 r  u_tpu_top/u_datapath/u_vector_processing_unit/u_post_process/GEN_BIAS_REQUANT.u_bias_requantize/data_flatten_o[3]_i_1/O
                         net (fo=1, routed)           0.050     9.660    u_tpu_top/u_datapath/u_vector_processing_unit/u_post_process/GEN_BIAS_REQUANT.u_bias_requantize/data_flatten_o[3]_i_1_n_0
    SLICE_X72Y333        FDCE                                         r  u_tpu_top/u_datapath/u_vector_processing_unit/u_post_process/GEN_BIAS_REQUANT.u_bias_requantize/data_flatten_o_reg[3]/D
  -------------------------------------------------------------------    -------------------





Min Delay Paths
--------------------------------------------------------------------------------------
Slack:                    inf
  Source:                 u_tpu_top/u_datapath/u_mxu/u_systolic_array/GEN_PE_ROW[0].GEN_PE_COL[1].u_pe/weight_shadow_reg[1]/C
                            (rising edge-triggered cell FDCE)
  Destination:            u_tpu_top/u_datapath/u_mxu/u_systolic_array/GEN_PE_ROW[0].GEN_PE_COL[1].u_pe/weight_active_reg[1]/D
  Path Group:             (none)
  Path Type:              Min at Fast Process Corner
  Data Path Delay:        0.072ns  (logic 0.039ns (54.167%)  route 0.033ns (45.833%))
  Logic Levels:           1  (FDCE=1)

    Location             Delay type                Incr(ns)  Path(ns)    Netlist Resource(s)
  -------------------------------------------------------------------    -------------------
    SLICE_X76Y223        FDCE                         0.000     0.000 r  u_tpu_top/u_datapath/u_mxu/u_systolic_array/GEN_PE_ROW[0].GEN_PE_COL[1].u_pe/weight_shadow_reg[1]/C
    SLICE_X76Y223        FDCE (Prop_HFF_SLICEL_C_Q)
                                                      0.039     0.039 r  u_tpu_top/u_datapath/u_mxu/u_systolic_array/GEN_PE_ROW[0].GEN_PE_COL[1].u_pe/weight_shadow_reg[1]/Q
                         net (fo=1, routed)           0.033     0.072    u_tpu_top/u_datapath/u_mxu/u_systolic_array/GEN_PE_ROW[0].GEN_PE_COL[1].u_pe/weight_shadow[1]
    SLICE_X76Y223        FDCE                                         r  u_tpu_top/u_datapath/u_mxu/u_systolic_array/GEN_PE_ROW[0].GEN_PE_COL[1].u_pe/weight_active_reg[1]/D
  -------------------------------------------------------------------    -------------------

Slack:                    inf
  Source:                 u_tpu_top/u_datapath/u_mxu/u_systolic_array/GEN_PE_ROW[0].GEN_PE_COL[2].u_pe/weight_shadow_reg[1]/C
                            (rising edge-triggered cell FDCE)
  Destination:            u_tpu_top/u_datapath/u_mxu/u_systolic_array/GEN_PE_ROW[0].GEN_PE_COL[2].u_pe/weight_active_reg[1]/D
  Path Group:             (none)
  Path Type:              Min at Fast Process Corner
  Data Path Delay:        0.072ns  (logic 0.039ns (54.167%)  route 0.033ns (45.833%))
  Logic Levels:           1  (FDCE=1)

    Location             Delay type                Incr(ns)  Path(ns)    Netlist Resource(s)
  -------------------------------------------------------------------    -------------------
    SLICE_X85Y220        FDCE                         0.000     0.000 r  u_tpu_top/u_datapath/u_mxu/u_systolic_array/GEN_PE_ROW[0].GEN_PE_COL[2].u_pe/weight_shadow_reg[1]/C
    SLICE_X85Y220        FDCE (Prop_HFF_SLICEL_C_Q)
                                                      0.039     0.039 r  u_tpu_top/u_datapath/u_mxu/u_systolic_array/GEN_PE_ROW[0].GEN_PE_COL[2].u_pe/weight_shadow_reg[1]/Q
                         net (fo=1, routed)           0.033     0.072    u_tpu_top/u_datapath/u_mxu/u_systolic_array/GEN_PE_ROW[0].GEN_PE_COL[2].u_pe/weight_shadow[1]
    SLICE_X85Y220        FDCE                                         r  u_tpu_top/u_datapath/u_mxu/u_systolic_array/GEN_PE_ROW[0].GEN_PE_COL[2].u_pe/weight_active_reg[1]/D
  -------------------------------------------------------------------    -------------------

Slack:                    inf
  Source:                 u_tpu_top/u_datapath/u_mxu/u_systolic_array/GEN_PE_ROW[1].GEN_PE_COL[0].u_pe/weight_shadow_reg[3]/C
                            (rising edge-triggered cell FDCE)
  Destination:            u_tpu_top/u_datapath/u_mxu/u_systolic_array/GEN_PE_ROW[1].GEN_PE_COL[0].u_pe/weight_active_reg[3]/D
  Path Group:             (none)
  Path Type:              Min at Fast Process Corner
  Data Path Delay:        0.072ns  (logic 0.039ns (54.167%)  route 0.033ns (45.833%))
  Logic Levels:           1  (FDCE=1)

    Location             Delay type                Incr(ns)  Path(ns)    Netlist Resource(s)
  -------------------------------------------------------------------    -------------------
    SLICE_X75Y234        FDCE                         0.000     0.000 r  u_tpu_top/u_datapath/u_mxu/u_systolic_array/GEN_PE_ROW[1].GEN_PE_COL[0].u_pe/weight_shadow_reg[3]/C
    SLICE_X75Y234        FDCE (Prop_HFF_SLICEL_C_Q)
                                                      0.039     0.039 r  u_tpu_top/u_datapath/u_mxu/u_systolic_array/GEN_PE_ROW[1].GEN_PE_COL[0].u_pe/weight_shadow_reg[3]/Q
                         net (fo=1, routed)           0.033     0.072    u_tpu_top/u_datapath/u_mxu/u_systolic_array/GEN_PE_ROW[1].GEN_PE_COL[0].u_pe/weight_shadow[3]
    SLICE_X75Y234        FDCE                                         r  u_tpu_top/u_datapath/u_mxu/u_systolic_array/GEN_PE_ROW[1].GEN_PE_COL[0].u_pe/weight_active_reg[3]/D
  -------------------------------------------------------------------    -------------------

Slack:                    inf
  Source:                 u_tpu_top/u_datapath/u_mxu/u_systolic_array/GEN_PE_ROW[1].GEN_PE_COL[2].u_pe/weight_shadow_reg[0]/C
                            (rising edge-triggered cell FDCE)
  Destination:            u_tpu_top/u_datapath/u_mxu/u_systolic_array/GEN_PE_ROW[1].GEN_PE_COL[2].u_pe/weight_active_reg[0]/D
  Path Group:             (none)
  Path Type:              Min at Fast Process Corner
  Data Path Delay:        0.072ns  (logic 0.039ns (54.167%)  route 0.033ns (45.833%))
  Logic Levels:           1  (FDCE=1)

    Location             Delay type                Incr(ns)  Path(ns)    Netlist Resource(s)
  -------------------------------------------------------------------    -------------------
    SLICE_X87Y221        FDCE                         0.000     0.000 r  u_tpu_top/u_datapath/u_mxu/u_systolic_array/GEN_PE_ROW[1].GEN_PE_COL[2].u_pe/weight_shadow_reg[0]/C
    SLICE_X87Y221        FDCE (Prop_HFF_SLICEL_C_Q)
                                                      0.039     0.039 r  u_tpu_top/u_datapath/u_mxu/u_systolic_array/GEN_PE_ROW[1].GEN_PE_COL[2].u_pe/weight_shadow_reg[0]/Q
                         net (fo=1, routed)           0.033     0.072    u_tpu_top/u_datapath/u_mxu/u_systolic_array/GEN_PE_ROW[1].GEN_PE_COL[2].u_pe/weight_shadow[0]
    SLICE_X87Y221        FDCE                                         r  u_tpu_top/u_datapath/u_mxu/u_systolic_array/GEN_PE_ROW[1].GEN_PE_COL[2].u_pe/weight_active_reg[0]/D
  -------------------------------------------------------------------    -------------------

Slack:                    inf
  Source:                 u_tpu_top/u_datapath/u_mxu/u_systolic_array/GEN_PE_ROW[1].GEN_PE_COL[3].u_pe/weight_active_reg[6]/C
                            (rising edge-triggered cell FDCE)
  Destination:            u_tpu_top/u_datapath/u_mxu/u_systolic_array/GEN_PE_ROW[1].GEN_PE_COL[3].u_pe/u_multiplier/b_s1_reg[6]/D
  Path Group:             (none)
  Path Type:              Min at Fast Process Corner
  Data Path Delay:        0.072ns  (logic 0.039ns (54.167%)  route 0.033ns (45.833%))
  Logic Levels:           1  (FDCE=1)

    Location             Delay type                Incr(ns)  Path(ns)    Netlist Resource(s)
  -------------------------------------------------------------------    -------------------
    SLICE_X91Y228        FDCE                         0.000     0.000 r  u_tpu_top/u_datapath/u_mxu/u_systolic_array/GEN_PE_ROW[1].GEN_PE_COL[3].u_pe/weight_active_reg[6]/C
    SLICE_X91Y228        FDCE (Prop_HFF_SLICEL_C_Q)
                                                      0.039     0.039 r  u_tpu_top/u_datapath/u_mxu/u_systolic_array/GEN_PE_ROW[1].GEN_PE_COL[3].u_pe/weight_active_reg[6]/Q
                         net (fo=1, routed)           0.033     0.072    u_tpu_top/u_datapath/u_mxu/u_systolic_array/GEN_PE_ROW[1].GEN_PE_COL[3].u_pe/u_multiplier/b_s1_reg[7]_1[6]
    SLICE_X91Y228        FDCE                                         r  u_tpu_top/u_datapath/u_mxu/u_systolic_array/GEN_PE_ROW[1].GEN_PE_COL[3].u_pe/u_multiplier/b_s1_reg[6]/D
  -------------------------------------------------------------------    -------------------

Slack:                    inf
  Source:                 u_tpu_top/u_datapath/u_mxu/u_systolic_array/GEN_PE_ROW[1].GEN_PE_COL[3].u_pe/weight_shadow_reg[0]/C
                            (rising edge-triggered cell FDCE)
  Destination:            u_tpu_top/u_datapath/u_mxu/u_systolic_array/GEN_PE_ROW[1].GEN_PE_COL[3].u_pe/weight_active_reg[0]/D
  Path Group:             (none)
  Path Type:              Min at Fast Process Corner
  Data Path Delay:        0.072ns  (logic 0.039ns (54.167%)  route 0.033ns (45.833%))
  Logic Levels:           1  (FDCE=1)

    Location             Delay type                Incr(ns)  Path(ns)    Netlist Resource(s)
  -------------------------------------------------------------------    -------------------
    SLICE_X90Y224        FDCE                         0.000     0.000 r  u_tpu_top/u_datapath/u_mxu/u_systolic_array/GEN_PE_ROW[1].GEN_PE_COL[3].u_pe/weight_shadow_reg[0]/C
    SLICE_X90Y224        FDCE (Prop_HFF_SLICEL_C_Q)
                                                      0.039     0.039 r  u_tpu_top/u_datapath/u_mxu/u_systolic_array/GEN_PE_ROW[1].GEN_PE_COL[3].u_pe/weight_shadow_reg[0]/Q
                         net (fo=1, routed)           0.033     0.072    u_tpu_top/u_datapath/u_mxu/u_systolic_array/GEN_PE_ROW[1].GEN_PE_COL[3].u_pe/weight_shadow[0]
    SLICE_X90Y224        FDCE                                         r  u_tpu_top/u_datapath/u_mxu/u_systolic_array/GEN_PE_ROW[1].GEN_PE_COL[3].u_pe/weight_active_reg[0]/D
  -------------------------------------------------------------------    -------------------

Slack:                    inf
  Source:                 u_tpu_top/u_datapath/u_mxu/u_systolic_array/GEN_PE_ROW[2].GEN_PE_COL[0].u_pe/weight_active_reg[4]/C
                            (rising edge-triggered cell FDCE)
  Destination:            u_tpu_top/u_datapath/u_mxu/u_systolic_array/GEN_PE_ROW[2].GEN_PE_COL[0].u_pe/u_multiplier/b_s1_reg[4]/D
  Path Group:             (none)
  Path Type:              Min at Fast Process Corner
  Data Path Delay:        0.072ns  (logic 0.039ns (54.167%)  route 0.033ns (45.833%))
  Logic Levels:           1  (FDCE=1)

    Location             Delay type                Incr(ns)  Path(ns)    Netlist Resource(s)
  -------------------------------------------------------------------    -------------------
    SLICE_X75Y240        FDCE                         0.000     0.000 r  u_tpu_top/u_datapath/u_mxu/u_systolic_array/GEN_PE_ROW[2].GEN_PE_COL[0].u_pe/weight_active_reg[4]/C
    SLICE_X75Y240        FDCE (Prop_BFF_SLICEL_C_Q)
                                                      0.039     0.039 r  u_tpu_top/u_datapath/u_mxu/u_systolic_array/GEN_PE_ROW[2].GEN_PE_COL[0].u_pe/weight_active_reg[4]/Q
                         net (fo=1, routed)           0.033     0.072    u_tpu_top/u_datapath/u_mxu/u_systolic_array/GEN_PE_ROW[2].GEN_PE_COL[0].u_pe/u_multiplier/b_s1_reg[7]_1[4]
    SLICE_X75Y240        FDCE                                         r  u_tpu_top/u_datapath/u_mxu/u_systolic_array/GEN_PE_ROW[2].GEN_PE_COL[0].u_pe/u_multiplier/b_s1_reg[4]/D
  -------------------------------------------------------------------    -------------------

Slack:                    inf
  Source:                 u_tpu_top/u_datapath/u_mxu/u_systolic_array/GEN_PE_ROW[2].GEN_PE_COL[1].u_pe/weight_shadow_reg[5]/C
                            (rising edge-triggered cell FDCE)
  Destination:            u_tpu_top/u_datapath/u_mxu/u_systolic_array/GEN_PE_ROW[2].GEN_PE_COL[1].u_pe/weight_active_reg[5]/D
  Path Group:             (none)
  Path Type:              Min at Fast Process Corner
  Data Path Delay:        0.072ns  (logic 0.039ns (54.167%)  route 0.033ns (45.833%))
  Logic Levels:           1  (FDCE=1)

    Location             Delay type                Incr(ns)  Path(ns)    Netlist Resource(s)
  -------------------------------------------------------------------    -------------------
    SLICE_X80Y228        FDCE                         0.000     0.000 r  u_tpu_top/u_datapath/u_mxu/u_systolic_array/GEN_PE_ROW[2].GEN_PE_COL[1].u_pe/weight_shadow_reg[5]/C
    SLICE_X80Y228        FDCE (Prop_HFF_SLICEL_C_Q)
                                                      0.039     0.039 r  u_tpu_top/u_datapath/u_mxu/u_systolic_array/GEN_PE_ROW[2].GEN_PE_COL[1].u_pe/weight_shadow_reg[5]/Q
                         net (fo=1, routed)           0.033     0.072    u_tpu_top/u_datapath/u_mxu/u_systolic_array/GEN_PE_ROW[2].GEN_PE_COL[1].u_pe/weight_shadow[5]
    SLICE_X80Y228        FDCE                                         r  u_tpu_top/u_datapath/u_mxu/u_systolic_array/GEN_PE_ROW[2].GEN_PE_COL[1].u_pe/weight_active_reg[5]/D
  -------------------------------------------------------------------    -------------------

Slack:                    inf
  Source:                 u_tpu_top/u_datapath/u_mxu/u_systolic_array/GEN_PE_ROW[2].GEN_PE_COL[1].u_pe/weight_shadow_reg[6]/C
                            (rising edge-triggered cell FDCE)
  Destination:            u_tpu_top/u_datapath/u_mxu/u_systolic_array/GEN_PE_ROW[2].GEN_PE_COL[1].u_pe/weight_active_reg[6]/D
  Path Group:             (none)
  Path Type:              Min at Fast Process Corner
  Data Path Delay:        0.072ns  (logic 0.039ns (54.167%)  route 0.033ns (45.833%))
  Logic Levels:           1  (FDCE=1)

    Location             Delay type                Incr(ns)  Path(ns)    Netlist Resource(s)
  -------------------------------------------------------------------    -------------------
    SLICE_X80Y232        FDCE                         0.000     0.000 r  u_tpu_top/u_datapath/u_mxu/u_systolic_array/GEN_PE_ROW[2].GEN_PE_COL[1].u_pe/weight_shadow_reg[6]/C
    SLICE_X80Y232        FDCE (Prop_HFF_SLICEL_C_Q)
                                                      0.039     0.039 r  u_tpu_top/u_datapath/u_mxu/u_systolic_array/GEN_PE_ROW[2].GEN_PE_COL[1].u_pe/weight_shadow_reg[6]/Q
                         net (fo=1, routed)           0.033     0.072    u_tpu_top/u_datapath/u_mxu/u_systolic_array/GEN_PE_ROW[2].GEN_PE_COL[1].u_pe/weight_shadow[6]
    SLICE_X80Y232        FDCE                                         r  u_tpu_top/u_datapath/u_mxu/u_systolic_array/GEN_PE_ROW[2].GEN_PE_COL[1].u_pe/weight_active_reg[6]/D
  -------------------------------------------------------------------    -------------------

Slack:                    inf
  Source:                 u_tpu_top/u_datapath/u_vector_processing_unit/u_post_process/u_pooling/data_flatten_o_reg[17]/C
                            (rising edge-triggered cell FDCE)
  Destination:            u_tpu_top/u_layer_controller/u_tile_controller/vpu_data_q_reg[17]/D
  Path Group:             (none)
  Path Type:              Min at Fast Process Corner
  Data Path Delay:        0.072ns  (logic 0.039ns (54.167%)  route 0.033ns (45.833%))
  Logic Levels:           1  (FDCE=1)

    Location             Delay type                Incr(ns)  Path(ns)    Netlist Resource(s)
  -------------------------------------------------------------------    -------------------
    SLICE_X82Y303        FDCE                         0.000     0.000 r  u_tpu_top/u_datapath/u_vector_processing_unit/u_post_process/u_pooling/data_flatten_o_reg[17]/C
    SLICE_X82Y303        FDCE (Prop_HFF_SLICEL_C_Q)
                                                      0.039     0.039 r  u_tpu_top/u_datapath/u_vector_processing_unit/u_post_process/u_pooling/data_flatten_o_reg[17]/Q
                         net (fo=1, routed)           0.033     0.072    u_tpu_top/u_layer_controller/u_tile_controller/vpu_data_q_reg[31]_0[17]
    SLICE_X82Y303        FDCE                                         r  u_tpu_top/u_layer_controller/u_tile_controller/vpu_data_q_reg[17]/D
  -------------------------------------------------------------------    -------------------





