Copyright 1986-2022 Xilinx, Inc. All Rights Reserved. Copyright 2022-2025 Advanced Micro Devices, Inc. All Rights Reserved.
--------------------------------------------------------------------------------------------------------------------------------------------------------------------------------------------------------------------------------------------
| Tool Version      : Vivado v.2025.2 (lin64) Build 6299465 Fri Nov 14 12:34:56 MST 2025
| Date              : Thu May  7 11:06:00 2026
| Host              : pah-PC running 64-bit Ubuntu 24.04.4 LTS
| Command           : report_timing_summary -max_paths 10 -routable_nets -report_unconstrained -file ws_sa_3x3_timing_summary_routed.rpt -pb ws_sa_3x3_timing_summary_routed.pb -rpx ws_sa_3x3_timing_summary_routed.rpx -warn_on_violation
| Design            : ws_sa_3x3
| Device            : xczu7ev-ffvc1156
| Speed File        : -2  PRODUCTION 1.30 05-15-2022
| Design State      : Routed
| Temperature Grade : E
--------------------------------------------------------------------------------------------------------------------------------------------------------------------------------------------------------------------------------------------

Timing Summary Report

------------------------------------------------------------------------------------------------
| Timer Settings
| --------------
------------------------------------------------------------------------------------------------

  Enable Multi Corner Analysis               :  Yes
  Enable Pessimism Removal                   :  Yes
  Pessimism Removal Resolution               :  Nearest Common Node
  Enable Input Delay Default Clock           :  No
  Enable Preset / Clear Arcs                 :  No
  Disable Flight Delays                      :  No
  Ignore I/O Paths                           :  No
  Timing Early Launch at Borrowing Latches   :  No
  Borrow Time for Max Delay Exceptions       :  Yes
  Merge Timing Exceptions                    :  Yes
  Inter-SLR Compensation                     :  Conservative

  Corner  Analyze    Analyze    
  Name    Max Paths  Min Paths  
  ------  ---------  ---------  
  Slow    Yes        Yes        
  Fast    Yes        Yes        


------------------------------------------------------------------------------------------------
| Report Methodology
| ------------------
------------------------------------------------------------------------------------------------

Rule       Severity  Description                    Violations  
---------  --------  -----------------------------  ----------  
SYNTH-9    Warning   Small multiplier               72          
TIMING-18  Warning   Missing input or output delay  125         

Note: This report is based on the most recent report_methodology run and may not be up-to-date. Run report_methodology on the current design for the latest report.



check_timing report

Table of Contents
-----------------
1. checking no_clock (0)
2. checking constant_clock (0)
3. checking pulse_width_clock (0)
4. checking unconstrained_internal_endpoints (0)
5. checking no_input_delay (57)
6. checking no_output_delay (63)
7. checking multiple_clock (0)
8. checking generated_clocks (0)
9. checking loops (0)
10. checking partial_input_delay (0)
11. checking partial_output_delay (0)
12. checking latch_loops (0)

1. checking no_clock (0)
------------------------
 There are 0 register/latch pins with no clock.


2. checking constant_clock (0)
------------------------------
 There are 0 register/latch pins with constant_clock.


3. checking pulse_width_clock (0)
---------------------------------
 There are 0 register/latch pins which need pulse_width check


4. checking unconstrained_internal_endpoints (0)
------------------------------------------------
 There are 0 pins that are not constrained for maximum delay.

 There are 0 pins that are not constrained for maximum delay due to constant clock.


5. checking no_input_delay (57)
-------------------------------
 There are 56 input ports with no input delay specified. (HIGH)

 There is 1 input port with no input delay but user has a false path constraint. (MEDIUM)


6. checking no_output_delay (63)
--------------------------------
 There are 63 ports with no output delay specified. (HIGH)

 There are 0 ports with no output delay but user has a false path constraint

 There are 0 ports with no output delay but with a timing clock defined on it or propagating through it


7. checking multiple_clock (0)
------------------------------
 There are 0 register/latch pins with multiple clocks.


8. checking generated_clocks (0)
--------------------------------
 There are 0 generated clocks that are not connected to a clock source.


9. checking loops (0)
---------------------
 There are 0 combinational loops in the design.


10. checking partial_input_delay (0)
------------------------------------
 There are 0 input ports with partial input delay specified.


11. checking partial_output_delay (0)
-------------------------------------
 There are 0 ports with partial output delay specified.


12. checking latch_loops (0)
----------------------------
 There are 0 combinational latch loops in the design through latch input



------------------------------------------------------------------------------------------------
| Design Timing Summary
| ---------------------
------------------------------------------------------------------------------------------------

    WNS(ns)      TNS(ns)  TNS Failing Endpoints  TNS Total Endpoints      WHS(ns)      THS(ns)  THS Failing Endpoints  THS Total Endpoints     WPWS(ns)     TPWS(ns)  TPWS Failing Endpoints  TPWS Total Endpoints  
    -------      -------  ---------------------  -------------------      -------      -------  ---------------------  -------------------     --------     --------  ----------------------  --------------------  
      3.957        0.000                      0                 1291        0.013        0.000                      0                 1291        2.668        0.000                       0                  1344  


All user specified timing constraints are met.


------------------------------------------------------------------------------------------------
| Clock Summary
| -------------
------------------------------------------------------------------------------------------------

Clock       Waveform(ns)         Period(ns)      Frequency(MHz)
-----       ------------         ----------      --------------
clk_300mhz  {0.000 3.200}        6.400           156.250         


------------------------------------------------------------------------------------------------
| Intra Clock Table
| -----------------
------------------------------------------------------------------------------------------------

Clock             WNS(ns)      TNS(ns)  TNS Failing Endpoints  TNS Total Endpoints      WHS(ns)      THS(ns)  THS Failing Endpoints  THS Total Endpoints     WPWS(ns)     TPWS(ns)  TPWS Failing Endpoints  TPWS Total Endpoints  
-----             -------      -------  ---------------------  -------------------      -------      -------  ---------------------  -------------------     --------     --------  ----------------------  --------------------  
clk_300mhz          3.957        0.000                      0                 1291        0.013        0.000                      0                 1291        2.668        0.000                       0                  1344  


------------------------------------------------------------------------------------------------
| Inter Clock Table
| -----------------
------------------------------------------------------------------------------------------------

From Clock    To Clock          WNS(ns)      TNS(ns)  TNS Failing Endpoints  TNS Total Endpoints      WHS(ns)      THS(ns)  THS Failing Endpoints  THS Total Endpoints  
----------    --------          -------      -------  ---------------------  -------------------      -------      -------  ---------------------  -------------------  


------------------------------------------------------------------------------------------------
| Other Path Groups Table
| -----------------------
------------------------------------------------------------------------------------------------

Path Group    From Clock    To Clock          WNS(ns)      TNS(ns)  TNS Failing Endpoints  TNS Total Endpoints      WHS(ns)      THS(ns)  THS Failing Endpoints  THS Total Endpoints  
----------    ----------    --------          -------      -------  ---------------------  -------------------      -------      -------  ---------------------  -------------------  


------------------------------------------------------------------------------------------------
| User Ignored Path Table
| -----------------------
------------------------------------------------------------------------------------------------

Path Group    From Clock    To Clock    
----------    ----------    --------    
(none)                      clk_300mhz    


------------------------------------------------------------------------------------------------
| Unconstrained Path Table
| ------------------------
------------------------------------------------------------------------------------------------

Path Group    From Clock    To Clock    
----------    ----------    --------    
(none)        clk_300mhz                  
(none)                      clk_300mhz    


------------------------------------------------------------------------------------------------
| Timing Details
| --------------
------------------------------------------------------------------------------------------------


---------------------------------------------------------------------------------------------------
From Clock:  clk_300mhz
  To Clock:  clk_300mhz

Setup :            0  Failing Endpoints,  Worst Slack        3.957ns,  Total Violation        0.000ns
Hold  :            0  Failing Endpoints,  Worst Slack        0.013ns,  Total Violation        0.000ns
PW    :            0  Failing Endpoints,  Worst Slack        2.668ns,  Total Violation        0.000ns
---------------------------------------------------------------------------------------------------


Max Delay Paths
--------------------------------------------------------------------------------------
Slack (MET) :             3.957ns  (required time - arrival time)
  Source:                 pe_0_0/u_multiplier/a_s1_reg[1]/C
                            (rising edge-triggered cell FDCE clocked by clk_300mhz  {rise@0.000ns fall@3.200ns period=6.400ns})
  Destination:            pe_0_0/u_multiplier/product_s2_reg[15]/D
                            (rising edge-triggered cell FDCE clocked by clk_300mhz  {rise@0.000ns fall@3.200ns period=6.400ns})
  Path Group:             clk_300mhz
  Path Type:              Setup (Max at Slow Process Corner)
  Requirement:            6.400ns  (clk_300mhz rise@6.400ns - clk_300mhz rise@0.000ns)
  Data Path Delay:        2.379ns  (logic 0.883ns (37.118%)  route 1.496ns (62.882%))
  Logic Levels:           7  (CARRY8=3 LUT3=1 LUT4=1 LUT6=2)
  Clock Path Skew:        -0.054ns (DCD - SCD + CPR)
    Destination Clock Delay (DCD):    1.915ns = ( 8.315 - 6.400 ) 
    Source Clock Delay      (SCD):    2.411ns
    Clock Pessimism Removal (CPR):    0.443ns
  Clock Uncertainty:      0.035ns  ((TSJ^2 + TIJ^2)^1/2 + DJ) / 2 + PE
    Total System Jitter     (TSJ):    0.071ns
    Total Input Jitter      (TIJ):    0.000ns
    Discrete Jitter          (DJ):    0.000ns
    Phase Error              (PE):    0.000ns
  Clock Net Delay (Source):      1.540ns (routing 0.699ns, distribution 0.841ns)
  Clock Net Delay (Destination): 1.335ns (routing 0.635ns, distribution 0.700ns)

    Location             Delay type                Incr(ns)  Path(ns)    Netlist Resource(s)
  -------------------------------------------------------------------    -------------------
                         (clock clk_300mhz rise edge)
                                                      0.000     0.000 r  
    H11                                               0.000     0.000 r  clk (IN)
                         net (fo=0)                   0.000     0.000    clk_IBUF_inst/I
    H11                  INBUF (Prop_INBUF_HPIOB_M_PAD_O)
                                                      0.521     0.521 r  clk_IBUF_inst/INBUF_INST/O
                         net (fo=1, routed)           0.000     0.521    clk_IBUF_inst/OUT
    H11                  IBUFCTRL (Prop_IBUFCTRL_HPIOB_M_I_O)
                                                      0.000     0.521 r  clk_IBUF_inst/IBUFCTRL_INST/O
                         net (fo=1, routed)           0.323     0.844    clk_IBUF
    BUFGCE_X1Y124        BUFGCE (Prop_BUFCE_BUFGCE_I_O)
                                                      0.028     0.872 r  clk_IBUF_BUFG_inst/O
    X2Y4 (CLOCK_ROOT)    net (fo=1343, routed)        1.540     2.411    pe_0_0/u_multiplier/clk_IBUF_BUFG
    SLICE_X74Y269        FDCE                                         r  pe_0_0/u_multiplier/a_s1_reg[1]/C
  -------------------------------------------------------------------    -------------------
    SLICE_X74Y269        FDCE (Prop_EFF_SLICEM_C_Q)
                                                      0.076     2.487 r  pe_0_0/u_multiplier/a_s1_reg[1]/Q
                         net (fo=19, routed)          0.776     3.263    pe_0_0/u_multiplier/a_s1[1]
    SLICE_X76Y265        LUT6 (Prop_D6LUT_SLICEL_I1_O)
                                                      0.146     3.409 r  pe_0_0/u_multiplier/product_s2[3]_i_6/O
                         net (fo=2, routed)           0.152     3.561    pe_0_0/u_multiplier/product_s2[3]_i_6_n_0
    SLICE_X76Y264        LUT6 (Prop_E6LUT_SLICEL_I0_O)
                                                      0.147     3.708 r  pe_0_0/u_multiplier/product_s2[3]_i_13/O
                         net (fo=1, routed)           0.007     3.715    pe_0_0/u_multiplier/product_s2[3]_i_13_n_0
    SLICE_X76Y264        CARRY8 (Prop_CARRY8_SLICEL_S[4]_O[4])
                                                      0.060     3.775 r  pe_0_0/u_multiplier/product_s2_reg[3]_i_2/O[4]
                         net (fo=2, routed)           0.291     4.066    pe_0_0/u_multiplier/product_s2_reg[3]_i_2_n_11
    SLICE_X75Y265        LUT3 (Prop_D5LUT_SLICEL_I1_O)
                                                      0.096     4.162 r  pe_0_0/u_multiplier/product_s2[11]_i_5/O
                         net (fo=2, routed)           0.211     4.373    pe_0_0/u_multiplier/product_s2[11]_i_5_n_0
    SLICE_X75Y265        LUT4 (Prop_E6LUT_SLICEL_I3_O)
                                                      0.123     4.496 r  pe_0_0/u_multiplier/product_s2[11]_i_13/O
                         net (fo=1, routed)           0.007     4.503    pe_0_0/u_multiplier/product_s2[11]_i_13_n_0
    SLICE_X75Y265        CARRY8 (Prop_CARRY8_SLICEL_S[4]_CO[7])
                                                      0.153     4.656 r  pe_0_0/u_multiplier/product_s2_reg[11]_i_1/CO[7]
                         net (fo=1, routed)           0.026     4.682    pe_0_0/u_multiplier/product_s2_reg[11]_i_1_n_0
    SLICE_X75Y266        CARRY8 (Prop_CARRY8_SLICEL_CI_O[3])
                                                      0.082     4.764 r  pe_0_0/u_multiplier/product_s2_reg[15]_i_1/O[3]
                         net (fo=1, routed)           0.026     4.790    pe_0_0/u_multiplier/product_s20[15]
    SLICE_X75Y266        FDCE                                         r  pe_0_0/u_multiplier/product_s2_reg[15]/D
  -------------------------------------------------------------------    -------------------

                         (clock clk_300mhz rise edge)
                                                      6.400     6.400 r  
    H11                                               0.000     6.400 r  clk (IN)
                         net (fo=0)                   0.000     6.400    clk_IBUF_inst/I
    H11                  INBUF (Prop_INBUF_HPIOB_M_PAD_O)
                                                      0.271     6.671 r  clk_IBUF_inst/INBUF_INST/O
                         net (fo=1, routed)           0.000     6.671    clk_IBUF_inst/OUT
    H11                  IBUFCTRL (Prop_IBUFCTRL_HPIOB_M_I_O)
                                                      0.000     6.671 r  clk_IBUF_inst/IBUFCTRL_INST/O
                         net (fo=1, routed)           0.286     6.957    clk_IBUF
    BUFGCE_X1Y124        BUFGCE (Prop_BUFCE_BUFGCE_I_O)
                                                      0.024     6.981 r  clk_IBUF_BUFG_inst/O
    X2Y4 (CLOCK_ROOT)    net (fo=1343, routed)        1.335     8.315    pe_0_0/u_multiplier/clk_IBUF_BUFG
    SLICE_X75Y266        FDCE                                         r  pe_0_0/u_multiplier/product_s2_reg[15]/C
                         clock pessimism              0.443     8.758    
                         clock uncertainty           -0.035     8.722    
    SLICE_X75Y266        FDCE (Setup_DFF_SLICEL_C_D)
                                                      0.025     8.747    pe_0_0/u_multiplier/product_s2_reg[15]
  -------------------------------------------------------------------
                         required time                          8.747    
                         arrival time                          -4.790    
  -------------------------------------------------------------------
                         slack                                  3.957    

Slack (MET) :             3.964ns  (required time - arrival time)
  Source:                 pe_0_0/u_multiplier/a_s1_reg[1]/C
                            (rising edge-triggered cell FDCE clocked by clk_300mhz  {rise@0.000ns fall@3.200ns period=6.400ns})
  Destination:            pe_0_0/u_multiplier/product_s2_reg[13]/D
                            (rising edge-triggered cell FDCE clocked by clk_300mhz  {rise@0.000ns fall@3.200ns period=6.400ns})
  Path Group:             clk_300mhz
  Path Type:              Setup (Max at Slow Process Corner)
  Requirement:            6.400ns  (clk_300mhz rise@6.400ns - clk_300mhz rise@0.000ns)
  Data Path Delay:        2.372ns  (logic 0.877ns (36.975%)  route 1.495ns (63.025%))
  Logic Levels:           7  (CARRY8=3 LUT3=1 LUT4=1 LUT6=2)
  Clock Path Skew:        -0.054ns (DCD - SCD + CPR)
    Destination Clock Delay (DCD):    1.915ns = ( 8.315 - 6.400 ) 
    Source Clock Delay      (SCD):    2.411ns
    Clock Pessimism Removal (CPR):    0.443ns
  Clock Uncertainty:      0.035ns  ((TSJ^2 + TIJ^2)^1/2 + DJ) / 2 + PE
    Total System Jitter     (TSJ):    0.071ns
    Total Input Jitter      (TIJ):    0.000ns
    Discrete Jitter          (DJ):    0.000ns
    Phase Error              (PE):    0.000ns
  Clock Net Delay (Source):      1.540ns (routing 0.699ns, distribution 0.841ns)
  Clock Net Delay (Destination): 1.335ns (routing 0.635ns, distribution 0.700ns)

    Location             Delay type                Incr(ns)  Path(ns)    Netlist Resource(s)
  -------------------------------------------------------------------    -------------------
                         (clock clk_300mhz rise edge)
                                                      0.000     0.000 r  
    H11                                               0.000     0.000 r  clk (IN)
                         net (fo=0)                   0.000     0.000    clk_IBUF_inst/I
    H11                  INBUF (Prop_INBUF_HPIOB_M_PAD_O)
                                                      0.521     0.521 r  clk_IBUF_inst/INBUF_INST/O
                         net (fo=1, routed)           0.000     0.521    clk_IBUF_inst/OUT
    H11                  IBUFCTRL (Prop_IBUFCTRL_HPIOB_M_I_O)
                                                      0.000     0.521 r  clk_IBUF_inst/IBUFCTRL_INST/O
                         net (fo=1, routed)           0.323     0.844    clk_IBUF
    BUFGCE_X1Y124        BUFGCE (Prop_BUFCE_BUFGCE_I_O)
                                                      0.028     0.872 r  clk_IBUF_BUFG_inst/O
    X2Y4 (CLOCK_ROOT)    net (fo=1343, routed)        1.540     2.411    pe_0_0/u_multiplier/clk_IBUF_BUFG
    SLICE_X74Y269        FDCE                                         r  pe_0_0/u_multiplier/a_s1_reg[1]/C
  -------------------------------------------------------------------    -------------------
    SLICE_X74Y269        FDCE (Prop_EFF_SLICEM_C_Q)
                                                      0.076     2.487 r  pe_0_0/u_multiplier/a_s1_reg[1]/Q
                         net (fo=19, routed)          0.776     3.263    pe_0_0/u_multiplier/a_s1[1]
    SLICE_X76Y265        LUT6 (Prop_D6LUT_SLICEL_I1_O)
                                                      0.146     3.409 r  pe_0_0/u_multiplier/product_s2[3]_i_6/O
                         net (fo=2, routed)           0.152     3.561    pe_0_0/u_multiplier/product_s2[3]_i_6_n_0
    SLICE_X76Y264        LUT6 (Prop_E6LUT_SLICEL_I0_O)
                                                      0.147     3.708 r  pe_0_0/u_multiplier/product_s2[3]_i_13/O
                         net (fo=1, routed)           0.007     3.715    pe_0_0/u_multiplier/product_s2[3]_i_13_n_0
    SLICE_X76Y264        CARRY8 (Prop_CARRY8_SLICEL_S[4]_O[4])
                                                      0.060     3.775 r  pe_0_0/u_multiplier/product_s2_reg[3]_i_2/O[4]
                         net (fo=2, routed)           0.291     4.066    pe_0_0/u_multiplier/product_s2_reg[3]_i_2_n_11
    SLICE_X75Y265        LUT3 (Prop_D5LUT_SLICEL_I1_O)
                                                      0.096     4.162 r  pe_0_0/u_multiplier/product_s2[11]_i_5/O
                         net (fo=2, routed)           0.211     4.373    pe_0_0/u_multiplier/product_s2[11]_i_5_n_0
    SLICE_X75Y265        LUT4 (Prop_E6LUT_SLICEL_I3_O)
                                                      0.123     4.496 r  pe_0_0/u_multiplier/product_s2[11]_i_13/O
                         net (fo=1, routed)           0.007     4.503    pe_0_0/u_multiplier/product_s2[11]_i_13_n_0
    SLICE_X75Y265        CARRY8 (Prop_CARRY8_SLICEL_S[4]_CO[7])
                                                      0.153     4.656 r  pe_0_0/u_multiplier/product_s2_reg[11]_i_1/CO[7]
                         net (fo=1, routed)           0.026     4.682    pe_0_0/u_multiplier/product_s2_reg[11]_i_1_n_0
    SLICE_X75Y266        CARRY8 (Prop_CARRY8_SLICEL_CI_O[1])
                                                      0.076     4.758 r  pe_0_0/u_multiplier/product_s2_reg[15]_i_1/O[1]
                         net (fo=1, routed)           0.025     4.783    pe_0_0/u_multiplier/product_s20[13]
    SLICE_X75Y266        FDCE                                         r  pe_0_0/u_multiplier/product_s2_reg[13]/D
  -------------------------------------------------------------------    -------------------

                         (clock clk_300mhz rise edge)
                                                      6.400     6.400 r  
    H11                                               0.000     6.400 r  clk (IN)
                         net (fo=0)                   0.000     6.400    clk_IBUF_inst/I
    H11                  INBUF (Prop_INBUF_HPIOB_M_PAD_O)
                                                      0.271     6.671 r  clk_IBUF_inst/INBUF_INST/O
                         net (fo=1, routed)           0.000     6.671    clk_IBUF_inst/OUT
    H11                  IBUFCTRL (Prop_IBUFCTRL_HPIOB_M_I_O)
                                                      0.000     6.671 r  clk_IBUF_inst/IBUFCTRL_INST/O
                         net (fo=1, routed)           0.286     6.957    clk_IBUF
    BUFGCE_X1Y124        BUFGCE (Prop_BUFCE_BUFGCE_I_O)
                                                      0.024     6.981 r  clk_IBUF_BUFG_inst/O
    X2Y4 (CLOCK_ROOT)    net (fo=1343, routed)        1.335     8.315    pe_0_0/u_multiplier/clk_IBUF_BUFG
    SLICE_X75Y266        FDCE                                         r  pe_0_0/u_multiplier/product_s2_reg[13]/C
                         clock pessimism              0.443     8.758    
                         clock uncertainty           -0.035     8.722    
    SLICE_X75Y266        FDCE (Setup_BFF_SLICEL_C_D)
                                                      0.025     8.747    pe_0_0/u_multiplier/product_s2_reg[13]
  -------------------------------------------------------------------
                         required time                          8.747    
                         arrival time                          -4.783    
  -------------------------------------------------------------------
                         slack                                  3.964    

Slack (MET) :             3.972ns  (required time - arrival time)
  Source:                 pe_0_0/u_multiplier/a_s1_reg[1]/C
                            (rising edge-triggered cell FDCE clocked by clk_300mhz  {rise@0.000ns fall@3.200ns period=6.400ns})
  Destination:            pe_0_0/u_multiplier/product_s2_reg[14]/D
                            (rising edge-triggered cell FDCE clocked by clk_300mhz  {rise@0.000ns fall@3.200ns period=6.400ns})
  Path Group:             clk_300mhz
  Path Type:              Setup (Max at Slow Process Corner)
  Requirement:            6.400ns  (clk_300mhz rise@6.400ns - clk_300mhz rise@0.000ns)
  Data Path Delay:        2.364ns  (logic 0.868ns (36.719%)  route 1.496ns (63.281%))
  Logic Levels:           7  (CARRY8=3 LUT3=1 LUT4=1 LUT6=2)
  Clock Path Skew:        -0.054ns (DCD - SCD + CPR)
    Destination Clock Delay (DCD):    1.915ns = ( 8.315 - 6.400 ) 
    Source Clock Delay      (SCD):    2.411ns
    Clock Pessimism Removal (CPR):    0.443ns
  Clock Uncertainty:      0.035ns  ((TSJ^2 + TIJ^2)^1/2 + DJ) / 2 + PE
    Total System Jitter     (TSJ):    0.071ns
    Total Input Jitter      (TIJ):    0.000ns
    Discrete Jitter          (DJ):    0.000ns
    Phase Error              (PE):    0.000ns
  Clock Net Delay (Source):      1.540ns (routing 0.699ns, distribution 0.841ns)
  Clock Net Delay (Destination): 1.335ns (routing 0.635ns, distribution 0.700ns)

    Location             Delay type                Incr(ns)  Path(ns)    Netlist Resource(s)
  -------------------------------------------------------------------    -------------------
                         (clock clk_300mhz rise edge)
                                                      0.000     0.000 r  
    H11                                               0.000     0.000 r  clk (IN)
                         net (fo=0)                   0.000     0.000    clk_IBUF_inst/I
    H11                  INBUF (Prop_INBUF_HPIOB_M_PAD_O)
                                                      0.521     0.521 r  clk_IBUF_inst/INBUF_INST/O
                         net (fo=1, routed)           0.000     0.521    clk_IBUF_inst/OUT
    H11                  IBUFCTRL (Prop_IBUFCTRL_HPIOB_M_I_O)
                                                      0.000     0.521 r  clk_IBUF_inst/IBUFCTRL_INST/O
                         net (fo=1, routed)           0.323     0.844    clk_IBUF
    BUFGCE_X1Y124        BUFGCE (Prop_BUFCE_BUFGCE_I_O)
                                                      0.028     0.872 r  clk_IBUF_BUFG_inst/O
    X2Y4 (CLOCK_ROOT)    net (fo=1343, routed)        1.540     2.411    pe_0_0/u_multiplier/clk_IBUF_BUFG
    SLICE_X74Y269        FDCE                                         r  pe_0_0/u_multiplier/a_s1_reg[1]/C
  -------------------------------------------------------------------    -------------------
    SLICE_X74Y269        FDCE (Prop_EFF_SLICEM_C_Q)
                                                      0.076     2.487 r  pe_0_0/u_multiplier/a_s1_reg[1]/Q
                         net (fo=19, routed)          0.776     3.263    pe_0_0/u_multiplier/a_s1[1]
    SLICE_X76Y265        LUT6 (Prop_D6LUT_SLICEL_I1_O)
                                                      0.146     3.409 r  pe_0_0/u_multiplier/product_s2[3]_i_6/O
                         net (fo=2, routed)           0.152     3.561    pe_0_0/u_multiplier/product_s2[3]_i_6_n_0
    SLICE_X76Y264        LUT6 (Prop_E6LUT_SLICEL_I0_O)
                                                      0.147     3.708 r  pe_0_0/u_multiplier/product_s2[3]_i_13/O
                         net (fo=1, routed)           0.007     3.715    pe_0_0/u_multiplier/product_s2[3]_i_13_n_0
    SLICE_X76Y264        CARRY8 (Prop_CARRY8_SLICEL_S[4]_O[4])
                                                      0.060     3.775 r  pe_0_0/u_multiplier/product_s2_reg[3]_i_2/O[4]
                         net (fo=2, routed)           0.291     4.066    pe_0_0/u_multiplier/product_s2_reg[3]_i_2_n_11
    SLICE_X75Y265        LUT3 (Prop_D5LUT_SLICEL_I1_O)
                                                      0.096     4.162 r  pe_0_0/u_multiplier/product_s2[11]_i_5/O
                         net (fo=2, routed)           0.211     4.373    pe_0_0/u_multiplier/product_s2[11]_i_5_n_0
    SLICE_X75Y265        LUT4 (Prop_E6LUT_SLICEL_I3_O)
                                                      0.123     4.496 r  pe_0_0/u_multiplier/product_s2[11]_i_13/O
                         net (fo=1, routed)           0.007     4.503    pe_0_0/u_multiplier/product_s2[11]_i_13_n_0
    SLICE_X75Y265        CARRY8 (Prop_CARRY8_SLICEL_S[4]_CO[7])
                                                      0.153     4.656 r  pe_0_0/u_multiplier/product_s2_reg[11]_i_1/CO[7]
                         net (fo=1, routed)           0.026     4.682    pe_0_0/u_multiplier/product_s2_reg[11]_i_1_n_0
    SLICE_X75Y266        CARRY8 (Prop_CARRY8_SLICEL_CI_O[2])
                                                      0.067     4.749 r  pe_0_0/u_multiplier/product_s2_reg[15]_i_1/O[2]
                         net (fo=1, routed)           0.026     4.775    pe_0_0/u_multiplier/product_s20[14]
    SLICE_X75Y266        FDCE                                         r  pe_0_0/u_multiplier/product_s2_reg[14]/D
  -------------------------------------------------------------------    -------------------

                         (clock clk_300mhz rise edge)
                                                      6.400     6.400 r  
    H11                                               0.000     6.400 r  clk (IN)
                         net (fo=0)                   0.000     6.400    clk_IBUF_inst/I
    H11                  INBUF (Prop_INBUF_HPIOB_M_PAD_O)
                                                      0.271     6.671 r  clk_IBUF_inst/INBUF_INST/O
                         net (fo=1, routed)           0.000     6.671    clk_IBUF_inst/OUT
    H11                  IBUFCTRL (Prop_IBUFCTRL_HPIOB_M_I_O)
                                                      0.000     6.671 r  clk_IBUF_inst/IBUFCTRL_INST/O
                         net (fo=1, routed)           0.286     6.957    clk_IBUF
    BUFGCE_X1Y124        BUFGCE (Prop_BUFCE_BUFGCE_I_O)
                                                      0.024     6.981 r  clk_IBUF_BUFG_inst/O
    X2Y4 (CLOCK_ROOT)    net (fo=1343, routed)        1.335     8.315    pe_0_0/u_multiplier/clk_IBUF_BUFG
    SLICE_X75Y266        FDCE                                         r  pe_0_0/u_multiplier/product_s2_reg[14]/C
                         clock pessimism              0.443     8.758    
                         clock uncertainty           -0.035     8.722    
    SLICE_X75Y266        FDCE (Setup_CFF_SLICEL_C_D)
                                                      0.025     8.747    pe_0_0/u_multiplier/product_s2_reg[14]
  -------------------------------------------------------------------
                         required time                          8.747    
                         arrival time                          -4.775    
  -------------------------------------------------------------------
                         slack                                  3.972    

Slack (MET) :             3.984ns  (required time - arrival time)
  Source:                 pe_0_0/u_multiplier/a_s1_reg[1]/C
                            (rising edge-triggered cell FDCE clocked by clk_300mhz  {rise@0.000ns fall@3.200ns period=6.400ns})
  Destination:            pe_0_0/u_multiplier/product_s2_reg[12]/D
                            (rising edge-triggered cell FDCE clocked by clk_300mhz  {rise@0.000ns fall@3.200ns period=6.400ns})
  Path Group:             clk_300mhz
  Path Type:              Setup (Max at Slow Process Corner)
  Requirement:            6.400ns  (clk_300mhz rise@6.400ns - clk_300mhz rise@0.000ns)
  Data Path Delay:        2.352ns  (logic 0.857ns (36.439%)  route 1.495ns (63.561%))
  Logic Levels:           7  (CARRY8=3 LUT3=1 LUT4=1 LUT6=2)
  Clock Path Skew:        -0.054ns (DCD - SCD + CPR)
    Destination Clock Delay (DCD):    1.915ns = ( 8.315 - 6.400 ) 
    Source Clock Delay      (SCD):    2.411ns
    Clock Pessimism Removal (CPR):    0.443ns
  Clock Uncertainty:      0.035ns  ((TSJ^2 + TIJ^2)^1/2 + DJ) / 2 + PE
    Total System Jitter     (TSJ):    0.071ns
    Total Input Jitter      (TIJ):    0.000ns
    Discrete Jitter          (DJ):    0.000ns
    Phase Error              (PE):    0.000ns
  Clock Net Delay (Source):      1.540ns (routing 0.699ns, distribution 0.841ns)
  Clock Net Delay (Destination): 1.335ns (routing 0.635ns, distribution 0.700ns)

    Location             Delay type                Incr(ns)  Path(ns)    Netlist Resource(s)
  -------------------------------------------------------------------    -------------------
                         (clock clk_300mhz rise edge)
                                                      0.000     0.000 r  
    H11                                               0.000     0.000 r  clk (IN)
                         net (fo=0)                   0.000     0.000    clk_IBUF_inst/I
    H11                  INBUF (Prop_INBUF_HPIOB_M_PAD_O)
                                                      0.521     0.521 r  clk_IBUF_inst/INBUF_INST/O
                         net (fo=1, routed)           0.000     0.521    clk_IBUF_inst/OUT
    H11                  IBUFCTRL (Prop_IBUFCTRL_HPIOB_M_I_O)
                                                      0.000     0.521 r  clk_IBUF_inst/IBUFCTRL_INST/O
                         net (fo=1, routed)           0.323     0.844    clk_IBUF
    BUFGCE_X1Y124        BUFGCE (Prop_BUFCE_BUFGCE_I_O)
                                                      0.028     0.872 r  clk_IBUF_BUFG_inst/O
    X2Y4 (CLOCK_ROOT)    net (fo=1343, routed)        1.540     2.411    pe_0_0/u_multiplier/clk_IBUF_BUFG
    SLICE_X74Y269        FDCE                                         r  pe_0_0/u_multiplier/a_s1_reg[1]/C
  -------------------------------------------------------------------    -------------------
    SLICE_X74Y269        FDCE (Prop_EFF_SLICEM_C_Q)
                                                      0.076     2.487 r  pe_0_0/u_multiplier/a_s1_reg[1]/Q
                         net (fo=19, routed)          0.776     3.263    pe_0_0/u_multiplier/a_s1[1]
    SLICE_X76Y265        LUT6 (Prop_D6LUT_SLICEL_I1_O)
                                                      0.146     3.409 r  pe_0_0/u_multiplier/product_s2[3]_i_6/O
                         net (fo=2, routed)           0.152     3.561    pe_0_0/u_multiplier/product_s2[3]_i_6_n_0
    SLICE_X76Y264        LUT6 (Prop_E6LUT_SLICEL_I0_O)
                                                      0.147     3.708 r  pe_0_0/u_multiplier/product_s2[3]_i_13/O
                         net (fo=1, routed)           0.007     3.715    pe_0_0/u_multiplier/product_s2[3]_i_13_n_0
    SLICE_X76Y264        CARRY8 (Prop_CARRY8_SLICEL_S[4]_O[4])
                                                      0.060     3.775 r  pe_0_0/u_multiplier/product_s2_reg[3]_i_2/O[4]
                         net (fo=2, routed)           0.291     4.066    pe_0_0/u_multiplier/product_s2_reg[3]_i_2_n_11
    SLICE_X75Y265        LUT3 (Prop_D5LUT_SLICEL_I1_O)
                                                      0.096     4.162 r  pe_0_0/u_multiplier/product_s2[11]_i_5/O
                         net (fo=2, routed)           0.211     4.373    pe_0_0/u_multiplier/product_s2[11]_i_5_n_0
    SLICE_X75Y265        LUT4 (Prop_E6LUT_SLICEL_I3_O)
                                                      0.123     4.496 r  pe_0_0/u_multiplier/product_s2[11]_i_13/O
                         net (fo=1, routed)           0.007     4.503    pe_0_0/u_multiplier/product_s2[11]_i_13_n_0
    SLICE_X75Y265        CARRY8 (Prop_CARRY8_SLICEL_S[4]_CO[7])
                                                      0.153     4.656 r  pe_0_0/u_multiplier/product_s2_reg[11]_i_1/CO[7]
                         net (fo=1, routed)           0.026     4.682    pe_0_0/u_multiplier/product_s2_reg[11]_i_1_n_0
    SLICE_X75Y266        CARRY8 (Prop_CARRY8_SLICEL_CI_O[0])
                                                      0.056     4.738 r  pe_0_0/u_multiplier/product_s2_reg[15]_i_1/O[0]
                         net (fo=1, routed)           0.025     4.763    pe_0_0/u_multiplier/product_s20[12]
    SLICE_X75Y266        FDCE                                         r  pe_0_0/u_multiplier/product_s2_reg[12]/D
  -------------------------------------------------------------------    -------------------

                         (clock clk_300mhz rise edge)
                                                      6.400     6.400 r  
    H11                                               0.000     6.400 r  clk (IN)
                         net (fo=0)                   0.000     6.400    clk_IBUF_inst/I
    H11                  INBUF (Prop_INBUF_HPIOB_M_PAD_O)
                                                      0.271     6.671 r  clk_IBUF_inst/INBUF_INST/O
                         net (fo=1, routed)           0.000     6.671    clk_IBUF_inst/OUT
    H11                  IBUFCTRL (Prop_IBUFCTRL_HPIOB_M_I_O)
                                                      0.000     6.671 r  clk_IBUF_inst/IBUFCTRL_INST/O
                         net (fo=1, routed)           0.286     6.957    clk_IBUF
    BUFGCE_X1Y124        BUFGCE (Prop_BUFCE_BUFGCE_I_O)
                                                      0.024     6.981 r  clk_IBUF_BUFG_inst/O
    X2Y4 (CLOCK_ROOT)    net (fo=1343, routed)        1.335     8.315    pe_0_0/u_multiplier/clk_IBUF_BUFG
    SLICE_X75Y266        FDCE                                         r  pe_0_0/u_multiplier/product_s2_reg[12]/C
                         clock pessimism              0.443     8.758    
                         clock uncertainty           -0.035     8.722    
    SLICE_X75Y266        FDCE (Setup_AFF_SLICEL_C_D)
                                                      0.025     8.747    pe_0_0/u_multiplier/product_s2_reg[12]
  -------------------------------------------------------------------
                         required time                          8.747    
                         arrival time                          -4.763    
  -------------------------------------------------------------------
                         slack                                  3.984    

Slack (MET) :             4.020ns  (required time - arrival time)
  Source:                 pe_1_0/u_multiplier/a_s1_reg[5]/C
                            (rising edge-triggered cell FDCE clocked by clk_300mhz  {rise@0.000ns fall@3.200ns period=6.400ns})
  Destination:            pe_1_0/u_multiplier/product_s2_reg[15]/D
                            (rising edge-triggered cell FDCE clocked by clk_300mhz  {rise@0.000ns fall@3.200ns period=6.400ns})
  Path Group:             clk_300mhz
  Path Type:              Setup (Max at Slow Process Corner)
  Requirement:            6.400ns  (clk_300mhz rise@6.400ns - clk_300mhz rise@0.000ns)
  Data Path Delay:        2.284ns  (logic 0.931ns (40.761%)  route 1.353ns (59.239%))
  Logic Levels:           8  (CARRY8=4 LUT3=1 LUT4=1 LUT6=2)
  Clock Path Skew:        -0.085ns (DCD - SCD + CPR)
    Destination Clock Delay (DCD):    1.919ns = ( 8.319 - 6.400 ) 
    Source Clock Delay      (SCD):    2.396ns
    Clock Pessimism Removal (CPR):    0.391ns
  Clock Uncertainty:      0.035ns  ((TSJ^2 + TIJ^2)^1/2 + DJ) / 2 + PE
    Total System Jitter     (TSJ):    0.071ns
    Total Input Jitter      (TIJ):    0.000ns
    Discrete Jitter          (DJ):    0.000ns
    Phase Error              (PE):    0.000ns
  Clock Net Delay (Source):      1.524ns (routing 0.699ns, distribution 0.825ns)
  Clock Net Delay (Destination): 1.338ns (routing 0.635ns, distribution 0.703ns)

    Location             Delay type                Incr(ns)  Path(ns)    Netlist Resource(s)
  -------------------------------------------------------------------    -------------------
                         (clock clk_300mhz rise edge)
                                                      0.000     0.000 r  
    H11                                               0.000     0.000 r  clk (IN)
                         net (fo=0)                   0.000     0.000    clk_IBUF_inst/I
    H11                  INBUF (Prop_INBUF_HPIOB_M_PAD_O)
                                                      0.521     0.521 r  clk_IBUF_inst/INBUF_INST/O
                         net (fo=1, routed)           0.000     0.521    clk_IBUF_inst/OUT
    H11                  IBUFCTRL (Prop_IBUFCTRL_HPIOB_M_I_O)
                                                      0.000     0.521 r  clk_IBUF_inst/IBUFCTRL_INST/O
                         net (fo=1, routed)           0.323     0.844    clk_IBUF
    BUFGCE_X1Y124        BUFGCE (Prop_BUFCE_BUFGCE_I_O)
                                                      0.028     0.872 r  clk_IBUF_BUFG_inst/O
    X2Y4 (CLOCK_ROOT)    net (fo=1343, routed)        1.524     2.396    pe_1_0/u_multiplier/clk_IBUF_BUFG
    SLICE_X77Y273        FDCE                                         r  pe_1_0/u_multiplier/a_s1_reg[5]/C
  -------------------------------------------------------------------    -------------------
    SLICE_X77Y273        FDCE (Prop_EFF_SLICEL_C_Q)
                                                      0.079     2.475 r  pe_1_0/u_multiplier/a_s1_reg[5]/Q
                         net (fo=19, routed)          0.694     3.168    pe_1_0/u_multiplier/a_s1_reg_n_0_[5]
    SLICE_X77Y264        LUT6 (Prop_G6LUT_SLICEL_I5_O)
                                                      0.149     3.317 r  pe_1_0/u_multiplier/product_s2[2]_i_3/O
                         net (fo=2, routed)           0.148     3.466    pe_1_0/u_multiplier/product_s2[2]_i_3_n_0
    SLICE_X78Y264        LUT6 (Prop_G6LUT_SLICEM_I0_O)
                                                      0.090     3.556 r  pe_1_0/u_multiplier/product_s2[2]_i_10__2/O
                         net (fo=1, routed)           0.016     3.572    pe_1_0/u_multiplier/product_s2[2]_i_10__2_n_0
    SLICE_X78Y264        CARRY8 (Prop_CARRY8_SLICEM_S[6]_CO[7])
                                                      0.117     3.689 r  pe_1_0/u_multiplier/product_s2_reg[2]_i_1/CO[7]
                         net (fo=1, routed)           0.026     3.715    pe_1_0/u_multiplier/product_s2_reg[2]_i_1_n_0
    SLICE_X78Y265        CARRY8 (Prop_CARRY8_SLICEM_CI_O[0])
                                                      0.056     3.771 r  pe_1_0/u_multiplier/product_s2_reg[11]_i_18/O[0]
                         net (fo=2, routed)           0.230     4.001    pe_1_0/u_multiplier/product_s2_reg[11]_i_18_n_15
    SLICE_X77Y267        LUT3 (Prop_E5LUT_SLICEL_I2_O)
                                                      0.114     4.115 r  pe_1_0/u_multiplier/product_s2[11]_i_4/O
                         net (fo=2, routed)           0.176     4.291    pe_1_0/u_multiplier/product_s2[11]_i_4_n_0
    SLICE_X77Y267        LUT4 (Prop_F6LUT_SLICEL_I3_O)
                                                      0.089     4.380 r  pe_1_0/u_multiplier/product_s2[11]_i_12/O
                         net (fo=1, routed)           0.011     4.391    pe_1_0/u_multiplier/product_s2[11]_i_12_n_0
    SLICE_X77Y267        CARRY8 (Prop_CARRY8_SLICEL_S[5]_CO[7])
                                                      0.155     4.546 r  pe_1_0/u_multiplier/product_s2_reg[11]_i_1/CO[7]
                         net (fo=1, routed)           0.026     4.572    pe_1_0/u_multiplier/product_s2_reg[11]_i_1_n_0
    SLICE_X77Y268        CARRY8 (Prop_CARRY8_SLICEL_CI_O[3])
                                                      0.082     4.654 r  pe_1_0/u_multiplier/product_s2_reg[15]_i_1/O[3]
                         net (fo=1, routed)           0.026     4.680    pe_1_0/u_multiplier/product_s2_reg[15]_i_1_n_12
    SLICE_X77Y268        FDCE                                         r  pe_1_0/u_multiplier/product_s2_reg[15]/D
  -------------------------------------------------------------------    -------------------

                         (clock clk_300mhz rise edge)
                                                      6.400     6.400 r  
    H11                                               0.000     6.400 r  clk (IN)
                         net (fo=0)                   0.000     6.400    clk_IBUF_inst/I
    H11                  INBUF (Prop_INBUF_HPIOB_M_PAD_O)
                                                      0.271     6.671 r  clk_IBUF_inst/INBUF_INST/O
                         net (fo=1, routed)           0.000     6.671    clk_IBUF_inst/OUT
    H11                  IBUFCTRL (Prop_IBUFCTRL_HPIOB_M_I_O)
                                                      0.000     6.671 r  clk_IBUF_inst/IBUFCTRL_INST/O
                         net (fo=1, routed)           0.286     6.957    clk_IBUF
    BUFGCE_X1Y124        BUFGCE (Prop_BUFCE_BUFGCE_I_O)
                                                      0.024     6.981 r  clk_IBUF_BUFG_inst/O
    X2Y4 (CLOCK_ROOT)    net (fo=1343, routed)        1.338     8.319    pe_1_0/u_multiplier/clk_IBUF_BUFG
    SLICE_X77Y268        FDCE                                         r  pe_1_0/u_multiplier/product_s2_reg[15]/C
                         clock pessimism              0.391     8.710    
                         clock uncertainty           -0.035     8.675    
    SLICE_X77Y268        FDCE (Setup_DFF_SLICEL_C_D)
                                                      0.025     8.700    pe_1_0/u_multiplier/product_s2_reg[15]
  -------------------------------------------------------------------
                         required time                          8.700    
                         arrival time                          -4.680    
  -------------------------------------------------------------------
                         slack                                  4.020    

Slack (MET) :             4.027ns  (required time - arrival time)
  Source:                 pe_1_0/u_multiplier/a_s1_reg[5]/C
                            (rising edge-triggered cell FDCE clocked by clk_300mhz  {rise@0.000ns fall@3.200ns period=6.400ns})
  Destination:            pe_1_0/u_multiplier/product_s2_reg[13]/D
                            (rising edge-triggered cell FDCE clocked by clk_300mhz  {rise@0.000ns fall@3.200ns period=6.400ns})
  Path Group:             clk_300mhz
  Path Type:              Setup (Max at Slow Process Corner)
  Requirement:            6.400ns  (clk_300mhz rise@6.400ns - clk_300mhz rise@0.000ns)
  Data Path Delay:        2.277ns  (logic 0.925ns (40.623%)  route 1.352ns (59.377%))
  Logic Levels:           8  (CARRY8=4 LUT3=1 LUT4=1 LUT6=2)
  Clock Path Skew:        -0.085ns (DCD - SCD + CPR)
    Destination Clock Delay (DCD):    1.919ns = ( 8.319 - 6.400 ) 
    Source Clock Delay      (SCD):    2.396ns
    Clock Pessimism Removal (CPR):    0.391ns
  Clock Uncertainty:      0.035ns  ((TSJ^2 + TIJ^2)^1/2 + DJ) / 2 + PE
    Total System Jitter     (TSJ):    0.071ns
    Total Input Jitter      (TIJ):    0.000ns
    Discrete Jitter          (DJ):    0.000ns
    Phase Error              (PE):    0.000ns
  Clock Net Delay (Source):      1.524ns (routing 0.699ns, distribution 0.825ns)
  Clock Net Delay (Destination): 1.338ns (routing 0.635ns, distribution 0.703ns)

    Location             Delay type                Incr(ns)  Path(ns)    Netlist Resource(s)
  -------------------------------------------------------------------    -------------------
                         (clock clk_300mhz rise edge)
                                                      0.000     0.000 r  
    H11                                               0.000     0.000 r  clk (IN)
                         net (fo=0)                   0.000     0.000    clk_IBUF_inst/I
    H11                  INBUF (Prop_INBUF_HPIOB_M_PAD_O)
                                                      0.521     0.521 r  clk_IBUF_inst/INBUF_INST/O
                         net (fo=1, routed)           0.000     0.521    clk_IBUF_inst/OUT
    H11                  IBUFCTRL (Prop_IBUFCTRL_HPIOB_M_I_O)
                                                      0.000     0.521 r  clk_IBUF_inst/IBUFCTRL_INST/O
                         net (fo=1, routed)           0.323     0.844    clk_IBUF
    BUFGCE_X1Y124        BUFGCE (Prop_BUFCE_BUFGCE_I_O)
                                                      0.028     0.872 r  clk_IBUF_BUFG_inst/O
    X2Y4 (CLOCK_ROOT)    net (fo=1343, routed)        1.524     2.396    pe_1_0/u_multiplier/clk_IBUF_BUFG
    SLICE_X77Y273        FDCE                                         r  pe_1_0/u_multiplier/a_s1_reg[5]/C
  -------------------------------------------------------------------    -------------------
    SLICE_X77Y273        FDCE (Prop_EFF_SLICEL_C_Q)
                                                      0.079     2.475 r  pe_1_0/u_multiplier/a_s1_reg[5]/Q
                         net (fo=19, routed)          0.694     3.168    pe_1_0/u_multiplier/a_s1_reg_n_0_[5]
    SLICE_X77Y264        LUT6 (Prop_G6LUT_SLICEL_I5_O)
                                                      0.149     3.317 r  pe_1_0/u_multiplier/product_s2[2]_i_3/O
                         net (fo=2, routed)           0.148     3.466    pe_1_0/u_multiplier/product_s2[2]_i_3_n_0
    SLICE_X78Y264        LUT6 (Prop_G6LUT_SLICEM_I0_O)
                                                      0.090     3.556 r  pe_1_0/u_multiplier/product_s2[2]_i_10__2/O
                         net (fo=1, routed)           0.016     3.572    pe_1_0/u_multiplier/product_s2[2]_i_10__2_n_0
    SLICE_X78Y264        CARRY8 (Prop_CARRY8_SLICEM_S[6]_CO[7])
                                                      0.117     3.689 r  pe_1_0/u_multiplier/product_s2_reg[2]_i_1/CO[7]
                         net (fo=1, routed)           0.026     3.715    pe_1_0/u_multiplier/product_s2_reg[2]_i_1_n_0
    SLICE_X78Y265        CARRY8 (Prop_CARRY8_SLICEM_CI_O[0])
                                                      0.056     3.771 r  pe_1_0/u_multiplier/product_s2_reg[11]_i_18/O[0]
                         net (fo=2, routed)           0.230     4.001    pe_1_0/u_multiplier/product_s2_reg[11]_i_18_n_15
    SLICE_X77Y267        LUT3 (Prop_E5LUT_SLICEL_I2_O)
                                                      0.114     4.115 r  pe_1_0/u_multiplier/product_s2[11]_i_4/O
                         net (fo=2, routed)           0.176     4.291    pe_1_0/u_multiplier/product_s2[11]_i_4_n_0
    SLICE_X77Y267        LUT4 (Prop_F6LUT_SLICEL_I3_O)
                                                      0.089     4.380 r  pe_1_0/u_multiplier/product_s2[11]_i_12/O
                         net (fo=1, routed)           0.011     4.391    pe_1_0/u_multiplier/product_s2[11]_i_12_n_0
    SLICE_X77Y267        CARRY8 (Prop_CARRY8_SLICEL_S[5]_CO[7])
                                                      0.155     4.546 r  pe_1_0/u_multiplier/product_s2_reg[11]_i_1/CO[7]
                         net (fo=1, routed)           0.026     4.572    pe_1_0/u_multiplier/product_s2_reg[11]_i_1_n_0
    SLICE_X77Y268        CARRY8 (Prop_CARRY8_SLICEL_CI_O[1])
                                                      0.076     4.648 r  pe_1_0/u_multiplier/product_s2_reg[15]_i_1/O[1]
                         net (fo=1, routed)           0.025     4.673    pe_1_0/u_multiplier/product_s2_reg[15]_i_1_n_14
    SLICE_X77Y268        FDCE                                         r  pe_1_0/u_multiplier/product_s2_reg[13]/D
  -------------------------------------------------------------------    -------------------

                         (clock clk_300mhz rise edge)
                                                      6.400     6.400 r  
    H11                                               0.000     6.400 r  clk (IN)
                         net (fo=0)                   0.000     6.400    clk_IBUF_inst/I
    H11                  INBUF (Prop_INBUF_HPIOB_M_PAD_O)
                                                      0.271     6.671 r  clk_IBUF_inst/INBUF_INST/O
                         net (fo=1, routed)           0.000     6.671    clk_IBUF_inst/OUT
    H11                  IBUFCTRL (Prop_IBUFCTRL_HPIOB_M_I_O)
                                                      0.000     6.671 r  clk_IBUF_inst/IBUFCTRL_INST/O
                         net (fo=1, routed)           0.286     6.957    clk_IBUF
    BUFGCE_X1Y124        BUFGCE (Prop_BUFCE_BUFGCE_I_O)
                                                      0.024     6.981 r  clk_IBUF_BUFG_inst/O
    X2Y4 (CLOCK_ROOT)    net (fo=1343, routed)        1.338     8.319    pe_1_0/u_multiplier/clk_IBUF_BUFG
    SLICE_X77Y268        FDCE                                         r  pe_1_0/u_multiplier/product_s2_reg[13]/C
                         clock pessimism              0.391     8.710    
                         clock uncertainty           -0.035     8.675    
    SLICE_X77Y268        FDCE (Setup_BFF_SLICEL_C_D)
                                                      0.025     8.700    pe_1_0/u_multiplier/product_s2_reg[13]
  -------------------------------------------------------------------
                         required time                          8.700    
                         arrival time                          -4.673    
  -------------------------------------------------------------------
                         slack                                  4.027    

Slack (MET) :             4.035ns  (required time - arrival time)
  Source:                 pe_1_0/u_multiplier/a_s1_reg[5]/C
                            (rising edge-triggered cell FDCE clocked by clk_300mhz  {rise@0.000ns fall@3.200ns period=6.400ns})
  Destination:            pe_1_0/u_multiplier/product_s2_reg[14]/D
                            (rising edge-triggered cell FDCE clocked by clk_300mhz  {rise@0.000ns fall@3.200ns period=6.400ns})
  Path Group:             clk_300mhz
  Path Type:              Setup (Max at Slow Process Corner)
  Requirement:            6.400ns  (clk_300mhz rise@6.400ns - clk_300mhz rise@0.000ns)
  Data Path Delay:        2.269ns  (logic 0.916ns (40.369%)  route 1.353ns (59.631%))
  Logic Levels:           8  (CARRY8=4 LUT3=1 LUT4=1 LUT6=2)
  Clock Path Skew:        -0.085ns (DCD - SCD + CPR)
    Destination Clock Delay (DCD):    1.919ns = ( 8.319 - 6.400 ) 
    Source Clock Delay      (SCD):    2.396ns
    Clock Pessimism Removal (CPR):    0.391ns
  Clock Uncertainty:      0.035ns  ((TSJ^2 + TIJ^2)^1/2 + DJ) / 2 + PE
    Total System Jitter     (TSJ):    0.071ns
    Total Input Jitter      (TIJ):    0.000ns
    Discrete Jitter          (DJ):    0.000ns
    Phase Error              (PE):    0.000ns
  Clock Net Delay (Source):      1.524ns (routing 0.699ns, distribution 0.825ns)
  Clock Net Delay (Destination): 1.338ns (routing 0.635ns, distribution 0.703ns)

    Location             Delay type                Incr(ns)  Path(ns)    Netlist Resource(s)
  -------------------------------------------------------------------    -------------------
                         (clock clk_300mhz rise edge)
                                                      0.000     0.000 r  
    H11                                               0.000     0.000 r  clk (IN)
                         net (fo=0)                   0.000     0.000    clk_IBUF_inst/I
    H11                  INBUF (Prop_INBUF_HPIOB_M_PAD_O)
                                                      0.521     0.521 r  clk_IBUF_inst/INBUF_INST/O
                         net (fo=1, routed)           0.000     0.521    clk_IBUF_inst/OUT
    H11                  IBUFCTRL (Prop_IBUFCTRL_HPIOB_M_I_O)
                                                      0.000     0.521 r  clk_IBUF_inst/IBUFCTRL_INST/O
                         net (fo=1, routed)           0.323     0.844    clk_IBUF
    BUFGCE_X1Y124        BUFGCE (Prop_BUFCE_BUFGCE_I_O)
                                                      0.028     0.872 r  clk_IBUF_BUFG_inst/O
    X2Y4 (CLOCK_ROOT)    net (fo=1343, routed)        1.524     2.396    pe_1_0/u_multiplier/clk_IBUF_BUFG
    SLICE_X77Y273        FDCE                                         r  pe_1_0/u_multiplier/a_s1_reg[5]/C
  -------------------------------------------------------------------    -------------------
    SLICE_X77Y273        FDCE (Prop_EFF_SLICEL_C_Q)
                                                      0.079     2.475 r  pe_1_0/u_multiplier/a_s1_reg[5]/Q
                         net (fo=19, routed)          0.694     3.168    pe_1_0/u_multiplier/a_s1_reg_n_0_[5]
    SLICE_X77Y264        LUT6 (Prop_G6LUT_SLICEL_I5_O)
                                                      0.149     3.317 r  pe_1_0/u_multiplier/product_s2[2]_i_3/O
                         net (fo=2, routed)           0.148     3.466    pe_1_0/u_multiplier/product_s2[2]_i_3_n_0
    SLICE_X78Y264        LUT6 (Prop_G6LUT_SLICEM_I0_O)
                                                      0.090     3.556 r  pe_1_0/u_multiplier/product_s2[2]_i_10__2/O
                         net (fo=1, routed)           0.016     3.572    pe_1_0/u_multiplier/product_s2[2]_i_10__2_n_0
    SLICE_X78Y264        CARRY8 (Prop_CARRY8_SLICEM_S[6]_CO[7])
                                                      0.117     3.689 r  pe_1_0/u_multiplier/product_s2_reg[2]_i_1/CO[7]
                         net (fo=1, routed)           0.026     3.715    pe_1_0/u_multiplier/product_s2_reg[2]_i_1_n_0
    SLICE_X78Y265        CARRY8 (Prop_CARRY8_SLICEM_CI_O[0])
                                                      0.056     3.771 r  pe_1_0/u_multiplier/product_s2_reg[11]_i_18/O[0]
                         net (fo=2, routed)           0.230     4.001    pe_1_0/u_multiplier/product_s2_reg[11]_i_18_n_15
    SLICE_X77Y267        LUT3 (Prop_E5LUT_SLICEL_I2_O)
                                                      0.114     4.115 r  pe_1_0/u_multiplier/product_s2[11]_i_4/O
                         net (fo=2, routed)           0.176     4.291    pe_1_0/u_multiplier/product_s2[11]_i_4_n_0
    SLICE_X77Y267        LUT4 (Prop_F6LUT_SLICEL_I3_O)
                                                      0.089     4.380 r  pe_1_0/u_multiplier/product_s2[11]_i_12/O
                         net (fo=1, routed)           0.011     4.391    pe_1_0/u_multiplier/product_s2[11]_i_12_n_0
    SLICE_X77Y267        CARRY8 (Prop_CARRY8_SLICEL_S[5]_CO[7])
                                                      0.155     4.546 r  pe_1_0/u_multiplier/product_s2_reg[11]_i_1/CO[7]
                         net (fo=1, routed)           0.026     4.572    pe_1_0/u_multiplier/product_s2_reg[11]_i_1_n_0
    SLICE_X77Y268        CARRY8 (Prop_CARRY8_SLICEL_CI_O[2])
                                                      0.067     4.639 r  pe_1_0/u_multiplier/product_s2_reg[15]_i_1/O[2]
                         net (fo=1, routed)           0.026     4.665    pe_1_0/u_multiplier/product_s2_reg[15]_i_1_n_13
    SLICE_X77Y268        FDCE                                         r  pe_1_0/u_multiplier/product_s2_reg[14]/D
  -------------------------------------------------------------------    -------------------

                         (clock clk_300mhz rise edge)
                                                      6.400     6.400 r  
    H11                                               0.000     6.400 r  clk (IN)
                         net (fo=0)                   0.000     6.400    clk_IBUF_inst/I
    H11                  INBUF (Prop_INBUF_HPIOB_M_PAD_O)
                                                      0.271     6.671 r  clk_IBUF_inst/INBUF_INST/O
                         net (fo=1, routed)           0.000     6.671    clk_IBUF_inst/OUT
    H11                  IBUFCTRL (Prop_IBUFCTRL_HPIOB_M_I_O)
                                                      0.000     6.671 r  clk_IBUF_inst/IBUFCTRL_INST/O
                         net (fo=1, routed)           0.286     6.957    clk_IBUF
    BUFGCE_X1Y124        BUFGCE (Prop_BUFCE_BUFGCE_I_O)
                                                      0.024     6.981 r  clk_IBUF_BUFG_inst/O
    X2Y4 (CLOCK_ROOT)    net (fo=1343, routed)        1.338     8.319    pe_1_0/u_multiplier/clk_IBUF_BUFG
    SLICE_X77Y268        FDCE                                         r  pe_1_0/u_multiplier/product_s2_reg[14]/C
                         clock pessimism              0.391     8.710    
                         clock uncertainty           -0.035     8.675    
    SLICE_X77Y268        FDCE (Setup_CFF_SLICEL_C_D)
                                                      0.025     8.700    pe_1_0/u_multiplier/product_s2_reg[14]
  -------------------------------------------------------------------
                         required time                          8.700    
                         arrival time                          -4.665    
  -------------------------------------------------------------------
                         slack                                  4.035    

Slack (MET) :             4.047ns  (required time - arrival time)
  Source:                 pe_1_0/u_multiplier/a_s1_reg[5]/C
                            (rising edge-triggered cell FDCE clocked by clk_300mhz  {rise@0.000ns fall@3.200ns period=6.400ns})
  Destination:            pe_1_0/u_multiplier/product_s2_reg[12]/D
                            (rising edge-triggered cell FDCE clocked by clk_300mhz  {rise@0.000ns fall@3.200ns period=6.400ns})
  Path Group:             clk_300mhz
  Path Type:              Setup (Max at Slow Process Corner)
  Requirement:            6.400ns  (clk_300mhz rise@6.400ns - clk_300mhz rise@0.000ns)
  Data Path Delay:        2.257ns  (logic 0.905ns (40.097%)  route 1.352ns (59.903%))
  Logic Levels:           8  (CARRY8=4 LUT3=1 LUT4=1 LUT6=2)
  Clock Path Skew:        -0.085ns (DCD - SCD + CPR)
    Destination Clock Delay (DCD):    1.919ns = ( 8.319 - 6.400 ) 
    Source Clock Delay      (SCD):    2.396ns
    Clock Pessimism Removal (CPR):    0.391ns
  Clock Uncertainty:      0.035ns  ((TSJ^2 + TIJ^2)^1/2 + DJ) / 2 + PE
    Total System Jitter     (TSJ):    0.071ns
    Total Input Jitter      (TIJ):    0.000ns
    Discrete Jitter          (DJ):    0.000ns
    Phase Error              (PE):    0.000ns
  Clock Net Delay (Source):      1.524ns (routing 0.699ns, distribution 0.825ns)
  Clock Net Delay (Destination): 1.338ns (routing 0.635ns, distribution 0.703ns)

    Location             Delay type                Incr(ns)  Path(ns)    Netlist Resource(s)
  -------------------------------------------------------------------    -------------------
                         (clock clk_300mhz rise edge)
                                                      0.000     0.000 r  
    H11                                               0.000     0.000 r  clk (IN)
                         net (fo=0)                   0.000     0.000    clk_IBUF_inst/I
    H11                  INBUF (Prop_INBUF_HPIOB_M_PAD_O)
                                                      0.521     0.521 r  clk_IBUF_inst/INBUF_INST/O
                         net (fo=1, routed)           0.000     0.521    clk_IBUF_inst/OUT
    H11                  IBUFCTRL (Prop_IBUFCTRL_HPIOB_M_I_O)
                                                      0.000     0.521 r  clk_IBUF_inst/IBUFCTRL_INST/O
                         net (fo=1, routed)           0.323     0.844    clk_IBUF
    BUFGCE_X1Y124        BUFGCE (Prop_BUFCE_BUFGCE_I_O)
                                                      0.028     0.872 r  clk_IBUF_BUFG_inst/O
    X2Y4 (CLOCK_ROOT)    net (fo=1343, routed)        1.524     2.396    pe_1_0/u_multiplier/clk_IBUF_BUFG
    SLICE_X77Y273        FDCE                                         r  pe_1_0/u_multiplier/a_s1_reg[5]/C
  -------------------------------------------------------------------    -------------------
    SLICE_X77Y273        FDCE (Prop_EFF_SLICEL_C_Q)
                                                      0.079     2.475 r  pe_1_0/u_multiplier/a_s1_reg[5]/Q
                         net (fo=19, routed)          0.694     3.168    pe_1_0/u_multiplier/a_s1_reg_n_0_[5]
    SLICE_X77Y264        LUT6 (Prop_G6LUT_SLICEL_I5_O)
                                                      0.149     3.317 r  pe_1_0/u_multiplier/product_s2[2]_i_3/O
                         net (fo=2, routed)           0.148     3.466    pe_1_0/u_multiplier/product_s2[2]_i_3_n_0
    SLICE_X78Y264        LUT6 (Prop_G6LUT_SLICEM_I0_O)
                                                      0.090     3.556 r  pe_1_0/u_multiplier/product_s2[2]_i_10__2/O
                         net (fo=1, routed)           0.016     3.572    pe_1_0/u_multiplier/product_s2[2]_i_10__2_n_0
    SLICE_X78Y264        CARRY8 (Prop_CARRY8_SLICEM_S[6]_CO[7])
                                                      0.117     3.689 r  pe_1_0/u_multiplier/product_s2_reg[2]_i_1/CO[7]
                         net (fo=1, routed)           0.026     3.715    pe_1_0/u_multiplier/product_s2_reg[2]_i_1_n_0
    SLICE_X78Y265        CARRY8 (Prop_CARRY8_SLICEM_CI_O[0])
                                                      0.056     3.771 r  pe_1_0/u_multiplier/product_s2_reg[11]_i_18/O[0]
                         net (fo=2, routed)           0.230     4.001    pe_1_0/u_multiplier/product_s2_reg[11]_i_18_n_15
    SLICE_X77Y267        LUT3 (Prop_E5LUT_SLICEL_I2_O)
                                                      0.114     4.115 r  pe_1_0/u_multiplier/product_s2[11]_i_4/O
                         net (fo=2, routed)           0.176     4.291    pe_1_0/u_multiplier/product_s2[11]_i_4_n_0
    SLICE_X77Y267        LUT4 (Prop_F6LUT_SLICEL_I3_O)
                                                      0.089     4.380 r  pe_1_0/u_multiplier/product_s2[11]_i_12/O
                         net (fo=1, routed)           0.011     4.391    pe_1_0/u_multiplier/product_s2[11]_i_12_n_0
    SLICE_X77Y267        CARRY8 (Prop_CARRY8_SLICEL_S[5]_CO[7])
                                                      0.155     4.546 r  pe_1_0/u_multiplier/product_s2_reg[11]_i_1/CO[7]
                         net (fo=1, routed)           0.026     4.572    pe_1_0/u_multiplier/product_s2_reg[11]_i_1_n_0
    SLICE_X77Y268        CARRY8 (Prop_CARRY8_SLICEL_CI_O[0])
                                                      0.056     4.628 r  pe_1_0/u_multiplier/product_s2_reg[15]_i_1/O[0]
                         net (fo=1, routed)           0.025     4.653    pe_1_0/u_multiplier/product_s2_reg[15]_i_1_n_15
    SLICE_X77Y268        FDCE                                         r  pe_1_0/u_multiplier/product_s2_reg[12]/D
  -------------------------------------------------------------------    -------------------

                         (clock clk_300mhz rise edge)
                                                      6.400     6.400 r  
    H11                                               0.000     6.400 r  clk (IN)
                         net (fo=0)                   0.000     6.400    clk_IBUF_inst/I
    H11                  INBUF (Prop_INBUF_HPIOB_M_PAD_O)
                                                      0.271     6.671 r  clk_IBUF_inst/INBUF_INST/O
                         net (fo=1, routed)           0.000     6.671    clk_IBUF_inst/OUT
    H11                  IBUFCTRL (Prop_IBUFCTRL_HPIOB_M_I_O)
                                                      0.000     6.671 r  clk_IBUF_inst/IBUFCTRL_INST/O
                         net (fo=1, routed)           0.286     6.957    clk_IBUF
    BUFGCE_X1Y124        BUFGCE (Prop_BUFCE_BUFGCE_I_O)
                                                      0.024     6.981 r  clk_IBUF_BUFG_inst/O
    X2Y4 (CLOCK_ROOT)    net (fo=1343, routed)        1.338     8.319    pe_1_0/u_multiplier/clk_IBUF_BUFG
    SLICE_X77Y268        FDCE                                         r  pe_1_0/u_multiplier/product_s2_reg[12]/C
                         clock pessimism              0.391     8.710    
                         clock uncertainty           -0.035     8.675    
    SLICE_X77Y268        FDCE (Setup_AFF_SLICEL_C_D)
                                                      0.025     8.700    pe_1_0/u_multiplier/product_s2_reg[12]
  -------------------------------------------------------------------
                         required time                          8.700    
                         arrival time                          -4.653    
  -------------------------------------------------------------------
                         slack                                  4.047    

Slack (MET) :             4.049ns  (required time - arrival time)
  Source:                 pe_0_1/u_multiplier/b_s1_reg[1]/C
                            (rising edge-triggered cell FDCE clocked by clk_300mhz  {rise@0.000ns fall@3.200ns period=6.400ns})
  Destination:            pe_0_1/u_multiplier/product_s2_reg[15]/D
                            (rising edge-triggered cell FDCE clocked by clk_300mhz  {rise@0.000ns fall@3.200ns period=6.400ns})
  Path Group:             clk_300mhz
  Path Type:              Setup (Max at Slow Process Corner)
  Requirement:            6.400ns  (clk_300mhz rise@6.400ns - clk_300mhz rise@0.000ns)
  Data Path Delay:        2.272ns  (logic 0.955ns (42.028%)  route 1.317ns (57.972%))
  Logic Levels:           6  (CARRY8=3 LUT3=1 LUT4=2)
  Clock Path Skew:        -0.068ns (DCD - SCD + CPR)
    Destination Clock Delay (DCD):    1.906ns = ( 8.306 - 6.400 ) 
    Source Clock Delay      (SCD):    2.366ns
    Clock Pessimism Removal (CPR):    0.392ns
  Clock Uncertainty:      0.035ns  ((TSJ^2 + TIJ^2)^1/2 + DJ) / 2 + PE
    Total System Jitter     (TSJ):    0.071ns
    Total Input Jitter      (TIJ):    0.000ns
    Discrete Jitter          (DJ):    0.000ns
    Phase Error              (PE):    0.000ns
  Clock Net Delay (Source):      1.494ns (routing 0.699ns, distribution 0.795ns)
  Clock Net Delay (Destination): 1.325ns (routing 0.635ns, distribution 0.690ns)

    Location             Delay type                Incr(ns)  Path(ns)    Netlist Resource(s)
  -------------------------------------------------------------------    -------------------
                         (clock clk_300mhz rise edge)
                                                      0.000     0.000 r  
    H11                                               0.000     0.000 r  clk (IN)
                         net (fo=0)                   0.000     0.000    clk_IBUF_inst/I
    H11                  INBUF (Prop_INBUF_HPIOB_M_PAD_O)
                                                      0.521     0.521 r  clk_IBUF_inst/INBUF_INST/O
                         net (fo=1, routed)           0.000     0.521    clk_IBUF_inst/OUT
    H11                  IBUFCTRL (Prop_IBUFCTRL_HPIOB_M_I_O)
                                                      0.000     0.521 r  clk_IBUF_inst/IBUFCTRL_INST/O
                         net (fo=1, routed)           0.323     0.844    clk_IBUF
    BUFGCE_X1Y124        BUFGCE (Prop_BUFCE_BUFGCE_I_O)
                                                      0.028     0.872 r  clk_IBUF_BUFG_inst/O
    X2Y4 (CLOCK_ROOT)    net (fo=1343, routed)        1.494     2.366    pe_0_1/u_multiplier/clk_IBUF_BUFG
    SLICE_X70Y273        FDCE                                         r  pe_0_1/u_multiplier/b_s1_reg[1]/C
  -------------------------------------------------------------------    -------------------
    SLICE_X70Y273        FDCE (Prop_HFF2_SLICEM_C_Q)
                                                      0.078     2.444 r  pe_0_1/u_multiplier/b_s1_reg[1]/Q
                         net (fo=17, routed)          0.517     2.961    pe_0_1/u_multiplier/b_s1_reg_n_0_[1]
    SLICE_X73Y272        LUT4 (Prop_G6LUT_SLICEM_I0_O)
                                                      0.150     3.111 r  pe_0_1/u_multiplier/product_s2[2]_i_7/O
                         net (fo=1, routed)           0.240     3.351    pe_0_1/u_multiplier/product_s2[2]_i_7_n_0
    SLICE_X73Y271        CARRY8 (Prop_CARRY8_SLICEM_DI[2]_O[7])
                                                      0.188     3.539 r  pe_0_1/u_multiplier/product_s2_reg[2]_i_1/O[7]
                         net (fo=2, routed)           0.239     3.778    pe_0_1/u_multiplier/product_s2_reg[2]_i_1_n_8
    SLICE_X72Y272        LUT3 (Prop_D5LUT_SLICEL_I2_O)
                                                      0.157     3.935 r  pe_0_1/u_multiplier/product_s2[11]_i_5/O
                         net (fo=2, routed)           0.262     4.197    pe_0_1/u_multiplier/product_s2[11]_i_5_n_0
    SLICE_X72Y272        LUT4 (Prop_E6LUT_SLICEL_I3_O)
                                                      0.147     4.344 r  pe_0_1/u_multiplier/product_s2[11]_i_13/O
                         net (fo=1, routed)           0.007     4.351    pe_0_1/u_multiplier/product_s2[11]_i_13_n_0
    SLICE_X72Y272        CARRY8 (Prop_CARRY8_SLICEL_S[4]_CO[7])
                                                      0.153     4.504 r  pe_0_1/u_multiplier/product_s2_reg[11]_i_1/CO[7]
                         net (fo=1, routed)           0.026     4.530    pe_0_1/u_multiplier/product_s2_reg[11]_i_1_n_0
    SLICE_X72Y273        CARRY8 (Prop_CARRY8_SLICEL_CI_O[3])
                                                      0.082     4.612 r  pe_0_1/u_multiplier/product_s2_reg[15]_i_1/O[3]
                         net (fo=1, routed)           0.026     4.638    pe_0_1/u_multiplier/product_s2_reg[15]_i_1_n_12
    SLICE_X72Y273        FDCE                                         r  pe_0_1/u_multiplier/product_s2_reg[15]/D
  -------------------------------------------------------------------    -------------------

                         (clock clk_300mhz rise edge)
                                                      6.400     6.400 r  
    H11                                               0.000     6.400 r  clk (IN)
                         net (fo=0)                   0.000     6.400    clk_IBUF_inst/I
    H11                  INBUF (Prop_INBUF_HPIOB_M_PAD_O)
                                                      0.271     6.671 r  clk_IBUF_inst/INBUF_INST/O
                         net (fo=1, routed)           0.000     6.671    clk_IBUF_inst/OUT
    H11                  IBUFCTRL (Prop_IBUFCTRL_HPIOB_M_I_O)
                                                      0.000     6.671 r  clk_IBUF_inst/IBUFCTRL_INST/O
                         net (fo=1, routed)           0.286     6.957    clk_IBUF
    BUFGCE_X1Y124        BUFGCE (Prop_BUFCE_BUFGCE_I_O)
                                                      0.024     6.981 r  clk_IBUF_BUFG_inst/O
    X2Y4 (CLOCK_ROOT)    net (fo=1343, routed)        1.325     8.306    pe_0_1/u_multiplier/clk_IBUF_BUFG
    SLICE_X72Y273        FDCE                                         r  pe_0_1/u_multiplier/product_s2_reg[15]/C
                         clock pessimism              0.392     8.697    
                         clock uncertainty           -0.035     8.662    
    SLICE_X72Y273        FDCE (Setup_DFF_SLICEL_C_D)
                                                      0.025     8.687    pe_0_1/u_multiplier/product_s2_reg[15]
  -------------------------------------------------------------------
                         required time                          8.687    
                         arrival time                          -4.638    
  -------------------------------------------------------------------
                         slack                                  4.049    

Slack (MET) :             4.056ns  (required time - arrival time)
  Source:                 pe_0_1/u_multiplier/b_s1_reg[1]/C
                            (rising edge-triggered cell FDCE clocked by clk_300mhz  {rise@0.000ns fall@3.200ns period=6.400ns})
  Destination:            pe_0_1/u_multiplier/product_s2_reg[13]/D
                            (rising edge-triggered cell FDCE clocked by clk_300mhz  {rise@0.000ns fall@3.200ns period=6.400ns})
  Path Group:             clk_300mhz
  Path Type:              Setup (Max at Slow Process Corner)
  Requirement:            6.400ns  (clk_300mhz rise@6.400ns - clk_300mhz rise@0.000ns)
  Data Path Delay:        2.265ns  (logic 0.949ns (41.893%)  route 1.316ns (58.107%))
  Logic Levels:           6  (CARRY8=3 LUT3=1 LUT4=2)
  Clock Path Skew:        -0.068ns (DCD - SCD + CPR)
    Destination Clock Delay (DCD):    1.906ns = ( 8.306 - 6.400 ) 
    Source Clock Delay      (SCD):    2.366ns
    Clock Pessimism Removal (CPR):    0.392ns
  Clock Uncertainty:      0.035ns  ((TSJ^2 + TIJ^2)^1/2 + DJ) / 2 + PE
    Total System Jitter     (TSJ):    0.071ns
    Total Input Jitter      (TIJ):    0.000ns
    Discrete Jitter          (DJ):    0.000ns
    Phase Error              (PE):    0.000ns
  Clock Net Delay (Source):      1.494ns (routing 0.699ns, distribution 0.795ns)
  Clock Net Delay (Destination): 1.325ns (routing 0.635ns, distribution 0.690ns)

    Location             Delay type                Incr(ns)  Path(ns)    Netlist Resource(s)
  -------------------------------------------------------------------    -------------------
                         (clock clk_300mhz rise edge)
                                                      0.000     0.000 r  
    H11                                               0.000     0.000 r  clk (IN)
                         net (fo=0)                   0.000     0.000    clk_IBUF_inst/I
    H11                  INBUF (Prop_INBUF_HPIOB_M_PAD_O)
                                                      0.521     0.521 r  clk_IBUF_inst/INBUF_INST/O
                         net (fo=1, routed)           0.000     0.521    clk_IBUF_inst/OUT
    H11                  IBUFCTRL (Prop_IBUFCTRL_HPIOB_M_I_O)
                                                      0.000     0.521 r  clk_IBUF_inst/IBUFCTRL_INST/O
                         net (fo=1, routed)           0.323     0.844    clk_IBUF
    BUFGCE_X1Y124        BUFGCE (Prop_BUFCE_BUFGCE_I_O)
                                                      0.028     0.872 r  clk_IBUF_BUFG_inst/O
    X2Y4 (CLOCK_ROOT)    net (fo=1343, routed)        1.494     2.366    pe_0_1/u_multiplier/clk_IBUF_BUFG
    SLICE_X70Y273        FDCE                                         r  pe_0_1/u_multiplier/b_s1_reg[1]/C
  -------------------------------------------------------------------    -------------------
    SLICE_X70Y273        FDCE (Prop_HFF2_SLICEM_C_Q)
                                                      0.078     2.444 r  pe_0_1/u_multiplier/b_s1_reg[1]/Q
                         net (fo=17, routed)          0.517     2.961    pe_0_1/u_multiplier/b_s1_reg_n_0_[1]
    SLICE_X73Y272        LUT4 (Prop_G6LUT_SLICEM_I0_O)
                                                      0.150     3.111 r  pe_0_1/u_multiplier/product_s2[2]_i_7/O
                         net (fo=1, routed)           0.240     3.351    pe_0_1/u_multiplier/product_s2[2]_i_7_n_0
    SLICE_X73Y271        CARRY8 (Prop_CARRY8_SLICEM_DI[2]_O[7])
                                                      0.188     3.539 r  pe_0_1/u_multiplier/product_s2_reg[2]_i_1/O[7]
                         net (fo=2, routed)           0.239     3.778    pe_0_1/u_multiplier/product_s2_reg[2]_i_1_n_8
    SLICE_X72Y272        LUT3 (Prop_D5LUT_SLICEL_I2_O)
                                                      0.157     3.935 r  pe_0_1/u_multiplier/product_s2[11]_i_5/O
                         net (fo=2, routed)           0.262     4.197    pe_0_1/u_multiplier/product_s2[11]_i_5_n_0
    SLICE_X72Y272        LUT4 (Prop_E6LUT_SLICEL_I3_O)
                                                      0.147     4.344 r  pe_0_1/u_multiplier/product_s2[11]_i_13/O
                         net (fo=1, routed)           0.007     4.351    pe_0_1/u_multiplier/product_s2[11]_i_13_n_0
    SLICE_X72Y272        CARRY8 (Prop_CARRY8_SLICEL_S[4]_CO[7])
                                                      0.153     4.504 r  pe_0_1/u_multiplier/product_s2_reg[11]_i_1/CO[7]
                         net (fo=1, routed)           0.026     4.530    pe_0_1/u_multiplier/product_s2_reg[11]_i_1_n_0
    SLICE_X72Y273        CARRY8 (Prop_CARRY8_SLICEL_CI_O[1])
                                                      0.076     4.606 r  pe_0_1/u_multiplier/product_s2_reg[15]_i_1/O[1]
                         net (fo=1, routed)           0.025     4.631    pe_0_1/u_multiplier/product_s2_reg[15]_i_1_n_14
    SLICE_X72Y273        FDCE                                         r  pe_0_1/u_multiplier/product_s2_reg[13]/D
  -------------------------------------------------------------------    -------------------

                         (clock clk_300mhz rise edge)
                                                      6.400     6.400 r  
    H11                                               0.000     6.400 r  clk (IN)
                         net (fo=0)                   0.000     6.400    clk_IBUF_inst/I
    H11                  INBUF (Prop_INBUF_HPIOB_M_PAD_O)
                                                      0.271     6.671 r  clk_IBUF_inst/INBUF_INST/O
                         net (fo=1, routed)           0.000     6.671    clk_IBUF_inst/OUT
    H11                  IBUFCTRL (Prop_IBUFCTRL_HPIOB_M_I_O)
                                                      0.000     6.671 r  clk_IBUF_inst/IBUFCTRL_INST/O
                         net (fo=1, routed)           0.286     6.957    clk_IBUF
    BUFGCE_X1Y124        BUFGCE (Prop_BUFCE_BUFGCE_I_O)
                                                      0.024     6.981 r  clk_IBUF_BUFG_inst/O
    X2Y4 (CLOCK_ROOT)    net (fo=1343, routed)        1.325     8.306    pe_0_1/u_multiplier/clk_IBUF_BUFG
    SLICE_X72Y273        FDCE                                         r  pe_0_1/u_multiplier/product_s2_reg[13]/C
                         clock pessimism              0.392     8.697    
                         clock uncertainty           -0.035     8.662    
    SLICE_X72Y273        FDCE (Setup_BFF_SLICEL_C_D)
                                                      0.025     8.687    pe_0_1/u_multiplier/product_s2_reg[13]
  -------------------------------------------------------------------
                         required time                          8.687    
                         arrival time                          -4.631    
  -------------------------------------------------------------------
                         slack                                  4.056    





Min Delay Paths
--------------------------------------------------------------------------------------
Slack (MET) :             0.013ns  (arrival time - required time)
  Source:                 pe_1_0/weight_shadow_reg[5]/C
                            (rising edge-triggered cell FDCE clocked by clk_300mhz  {rise@0.000ns fall@3.200ns period=6.400ns})
  Destination:            pe_1_0/weight_active_reg[5]/D
                            (rising edge-triggered cell FDCE clocked by clk_300mhz  {rise@0.000ns fall@3.200ns period=6.400ns})
  Path Group:             clk_300mhz
  Path Type:              Hold (Min at Slow Process Corner)
  Requirement:            0.000ns  (clk_300mhz rise@0.000ns - clk_300mhz rise@0.000ns)
  Data Path Delay:        0.178ns  (logic 0.061ns (34.270%)  route 0.117ns (65.730%))
  Logic Levels:           0  
  Clock Path Skew:        0.103ns (DCD - SCD - CPR)
    Destination Clock Delay (DCD):    2.411ns
    Source Clock Delay      (SCD):    1.917ns
    Clock Pessimism Removal (CPR):    0.391ns
  Clock Net Delay (Source):      1.337ns (routing 0.635ns, distribution 0.702ns)
  Clock Net Delay (Destination): 1.540ns (routing 0.699ns, distribution 0.841ns)

    Location             Delay type                Incr(ns)  Path(ns)    Netlist Resource(s)
  -------------------------------------------------------------------    -------------------
                         (clock clk_300mhz rise edge)
                                                      0.000     0.000 r  
    H11                                               0.000     0.000 r  clk (IN)
                         net (fo=0)                   0.000     0.000    clk_IBUF_inst/I
    H11                  INBUF (Prop_INBUF_HPIOB_M_PAD_O)
                                                      0.271     0.271 r  clk_IBUF_inst/INBUF_INST/O
                         net (fo=1, routed)           0.000     0.271    clk_IBUF_inst/OUT
    H11                  IBUFCTRL (Prop_IBUFCTRL_HPIOB_M_I_O)
                                                      0.000     0.271 r  clk_IBUF_inst/IBUFCTRL_INST/O
                         net (fo=1, routed)           0.286     0.557    clk_IBUF
    BUFGCE_X1Y124        BUFGCE (Prop_BUFCE_BUFGCE_I_O)
                                                      0.024     0.581 r  clk_IBUF_BUFG_inst/O
    X2Y4 (CLOCK_ROOT)    net (fo=1343, routed)        1.337     1.917    pe_1_0/clk_IBUF_BUFG
    SLICE_X78Y268        FDCE                                         r  pe_1_0/weight_shadow_reg[5]/C
  -------------------------------------------------------------------    -------------------
    SLICE_X78Y268        FDCE (Prop_DFF2_SLICEM_C_Q)
                                                      0.061     1.978 r  pe_1_0/weight_shadow_reg[5]/Q
                         net (fo=1, routed)           0.117     2.095    pe_1_0/weight_shadow_reg_n_0_[5]
    SLICE_X77Y266        FDCE                                         r  pe_1_0/weight_active_reg[5]/D
  -------------------------------------------------------------------    -------------------

                         (clock clk_300mhz rise edge)
                                                      0.000     0.000 r  
    H11                                               0.000     0.000 r  clk (IN)
                         net (fo=0)                   0.000     0.000    clk_IBUF_inst/I
    H11                  INBUF (Prop_INBUF_HPIOB_M_PAD_O)
                                                      0.521     0.521 r  clk_IBUF_inst/INBUF_INST/O
                         net (fo=1, routed)           0.000     0.521    clk_IBUF_inst/OUT
    H11                  IBUFCTRL (Prop_IBUFCTRL_HPIOB_M_I_O)
                                                      0.000     0.521 r  clk_IBUF_inst/IBUFCTRL_INST/O
                         net (fo=1, routed)           0.323     0.844    clk_IBUF
    BUFGCE_X1Y124        BUFGCE (Prop_BUFCE_BUFGCE_I_O)
                                                      0.028     0.872 r  clk_IBUF_BUFG_inst/O
    X2Y4 (CLOCK_ROOT)    net (fo=1343, routed)        1.540     2.411    pe_1_0/clk_IBUF_BUFG
    SLICE_X77Y266        FDCE                                         r  pe_1_0/weight_active_reg[5]/C
                         clock pessimism             -0.391     2.020    
    SLICE_X77Y266        FDCE (Hold_FFF2_SLICEL_C_D)
                                                      0.062     2.082    pe_1_0/weight_active_reg[5]
  -------------------------------------------------------------------
                         required time                         -2.082    
                         arrival time                           2.095    
  -------------------------------------------------------------------
                         slack                                  0.013    

Slack (MET) :             0.019ns  (arrival time - required time)
  Source:                 pe_1_0/weight_shadow_reg[3]/C
                            (rising edge-triggered cell FDCE clocked by clk_300mhz  {rise@0.000ns fall@3.200ns period=6.400ns})
  Destination:            pe_1_0/weight_active_reg[3]/D
                            (rising edge-triggered cell FDCE clocked by clk_300mhz  {rise@0.000ns fall@3.200ns period=6.400ns})
  Path Group:             clk_300mhz
  Path Type:              Hold (Min at Fast Process Corner)
  Requirement:            0.000ns  (clk_300mhz rise@0.000ns - clk_300mhz rise@0.000ns)
  Data Path Delay:        0.072ns  (logic 0.039ns (54.167%)  route 0.033ns (45.833%))
  Logic Levels:           0  
  Clock Path Skew:        0.006ns (DCD - SCD - CPR)
    Destination Clock Delay (DCD):    1.508ns
    Source Clock Delay      (SCD):    1.166ns
    Clock Pessimism Removal (CPR):    0.336ns
  Clock Net Delay (Source):      0.850ns (routing 0.387ns, distribution 0.463ns)
  Clock Net Delay (Destination): 0.968ns (routing 0.433ns, distribution 0.535ns)

    Location             Delay type                Incr(ns)  Path(ns)    Netlist Resource(s)
  -------------------------------------------------------------------    -------------------
                         (clock clk_300mhz rise edge)
                                                      0.000     0.000 r  
    H11                                               0.000     0.000 r  clk (IN)
                         net (fo=0)                   0.000     0.000    clk_IBUF_inst/I
    H11                  INBUF (Prop_INBUF_HPIOB_M_PAD_O)
                                                      0.156     0.156 r  clk_IBUF_inst/INBUF_INST/O
                         net (fo=1, routed)           0.000     0.156    clk_IBUF_inst/OUT
    H11                  IBUFCTRL (Prop_IBUFCTRL_HPIOB_M_I_O)
                                                      0.000     0.156 r  clk_IBUF_inst/IBUFCTRL_INST/O
                         net (fo=1, routed)           0.144     0.300    clk_IBUF
    BUFGCE_X1Y124        BUFGCE (Prop_BUFCE_BUFGCE_I_O)
                                                      0.017     0.317 r  clk_IBUF_BUFG_inst/O
    X2Y4 (CLOCK_ROOT)    net (fo=1343, routed)        0.850     1.166    pe_1_0/clk_IBUF_BUFG
    SLICE_X77Y266        FDCE                                         r  pe_1_0/weight_shadow_reg[3]/C
  -------------------------------------------------------------------    -------------------
    SLICE_X77Y266        FDCE (Prop_HFF_SLICEL_C_Q)
                                                      0.039     1.205 r  pe_1_0/weight_shadow_reg[3]/Q
                         net (fo=1, routed)           0.033     1.238    pe_1_0/weight_shadow_reg_n_0_[3]
    SLICE_X77Y266        FDCE                                         r  pe_1_0/weight_active_reg[3]/D
  -------------------------------------------------------------------    -------------------

                         (clock clk_300mhz rise edge)
                                                      0.000     0.000 r  
    H11                                               0.000     0.000 r  clk (IN)
                         net (fo=0)                   0.000     0.000    clk_IBUF_inst/I
    H11                  INBUF (Prop_INBUF_HPIOB_M_PAD_O)
                                                      0.341     0.341 r  clk_IBUF_inst/INBUF_INST/O
                         net (fo=1, routed)           0.000     0.341    clk_IBUF_inst/OUT
    H11                  IBUFCTRL (Prop_IBUFCTRL_HPIOB_M_I_O)
                                                      0.000     0.341 r  clk_IBUF_inst/IBUFCTRL_INST/O
                         net (fo=1, routed)           0.181     0.522    clk_IBUF
    BUFGCE_X1Y124        BUFGCE (Prop_BUFCE_BUFGCE_I_O)
                                                      0.019     0.541 r  clk_IBUF_BUFG_inst/O
    X2Y4 (CLOCK_ROOT)    net (fo=1343, routed)        0.968     1.508    pe_1_0/clk_IBUF_BUFG
    SLICE_X77Y266        FDCE                                         r  pe_1_0/weight_active_reg[3]/C
                         clock pessimism             -0.336     1.172    
    SLICE_X77Y266        FDCE (Hold_HFF2_SLICEL_C_D)
                                                      0.047     1.219    pe_1_0/weight_active_reg[3]
  -------------------------------------------------------------------
                         required time                         -1.219    
                         arrival time                           1.238    
  -------------------------------------------------------------------
                         slack                                  0.019    

Slack (MET) :             0.019ns  (arrival time - required time)
  Source:                 pe_1_0/weight_active_reg[1]/C
                            (rising edge-triggered cell FDCE clocked by clk_300mhz  {rise@0.000ns fall@3.200ns period=6.400ns})
  Destination:            pe_1_0/u_multiplier/b_s1_reg[1]/D
                            (rising edge-triggered cell FDCE clocked by clk_300mhz  {rise@0.000ns fall@3.200ns period=6.400ns})
  Path Group:             clk_300mhz
  Path Type:              Hold (Min at Fast Process Corner)
  Requirement:            0.000ns  (clk_300mhz rise@0.000ns - clk_300mhz rise@0.000ns)
  Data Path Delay:        0.072ns  (logic 0.039ns (54.167%)  route 0.033ns (45.833%))
  Logic Levels:           0  
  Clock Path Skew:        0.006ns (DCD - SCD - CPR)
    Destination Clock Delay (DCD):    1.500ns
    Source Clock Delay      (SCD):    1.160ns
    Clock Pessimism Removal (CPR):    0.334ns
  Clock Net Delay (Source):      0.844ns (routing 0.387ns, distribution 0.457ns)
  Clock Net Delay (Destination): 0.959ns (routing 0.433ns, distribution 0.526ns)

    Location             Delay type                Incr(ns)  Path(ns)    Netlist Resource(s)
  -------------------------------------------------------------------    -------------------
                         (clock clk_300mhz rise edge)
                                                      0.000     0.000 r  
    H11                                               0.000     0.000 r  clk (IN)
                         net (fo=0)                   0.000     0.000    clk_IBUF_inst/I
    H11                  INBUF (Prop_INBUF_HPIOB_M_PAD_O)
                                                      0.156     0.156 r  clk_IBUF_inst/INBUF_INST/O
                         net (fo=1, routed)           0.000     0.156    clk_IBUF_inst/OUT
    H11                  IBUFCTRL (Prop_IBUFCTRL_HPIOB_M_I_O)
                                                      0.000     0.156 r  clk_IBUF_inst/IBUFCTRL_INST/O
                         net (fo=1, routed)           0.144     0.300    clk_IBUF
    BUFGCE_X1Y124        BUFGCE (Prop_BUFCE_BUFGCE_I_O)
                                                      0.017     0.317 r  clk_IBUF_BUFG_inst/O
    X2Y4 (CLOCK_ROOT)    net (fo=1343, routed)        0.844     1.160    pe_1_0/clk_IBUF_BUFG
    SLICE_X77Y265        FDCE                                         r  pe_1_0/weight_active_reg[1]/C
  -------------------------------------------------------------------    -------------------
    SLICE_X77Y265        FDCE (Prop_HFF_SLICEL_C_Q)
                                                      0.039     1.199 r  pe_1_0/weight_active_reg[1]/Q
                         net (fo=1, routed)           0.033     1.232    pe_1_0/u_multiplier/b_s1_reg[7]_0[1]
    SLICE_X77Y265        FDCE                                         r  pe_1_0/u_multiplier/b_s1_reg[1]/D
  -------------------------------------------------------------------    -------------------

                         (clock clk_300mhz rise edge)
                                                      0.000     0.000 r  
    H11                                               0.000     0.000 r  clk (IN)
                         net (fo=0)                   0.000     0.000    clk_IBUF_inst/I
    H11                  INBUF (Prop_INBUF_HPIOB_M_PAD_O)
                                                      0.341     0.341 r  clk_IBUF_inst/INBUF_INST/O
                         net (fo=1, routed)           0.000     0.341    clk_IBUF_inst/OUT
    H11                  IBUFCTRL (Prop_IBUFCTRL_HPIOB_M_I_O)
                                                      0.000     0.341 r  clk_IBUF_inst/IBUFCTRL_INST/O
                         net (fo=1, routed)           0.181     0.522    clk_IBUF
    BUFGCE_X1Y124        BUFGCE (Prop_BUFCE_BUFGCE_I_O)
                                                      0.019     0.541 r  clk_IBUF_BUFG_inst/O
    X2Y4 (CLOCK_ROOT)    net (fo=1343, routed)        0.959     1.500    pe_1_0/u_multiplier/clk_IBUF_BUFG
    SLICE_X77Y265        FDCE                                         r  pe_1_0/u_multiplier/b_s1_reg[1]/C
                         clock pessimism             -0.334     1.166    
    SLICE_X77Y265        FDCE (Hold_HFF2_SLICEL_C_D)
                                                      0.047     1.213    pe_1_0/u_multiplier/b_s1_reg[1]
  -------------------------------------------------------------------
                         required time                         -1.213    
                         arrival time                           1.232    
  -------------------------------------------------------------------
                         slack                                  0.019    

Slack (MET) :             0.021ns  (arrival time - required time)
  Source:                 pe_0_1/weight_active_reg[7]/C
                            (rising edge-triggered cell FDCE clocked by clk_300mhz  {rise@0.000ns fall@3.200ns period=6.400ns})
  Destination:            pe_0_1/u_multiplier/b_s1_reg[7]/D
                            (rising edge-triggered cell FDCE clocked by clk_300mhz  {rise@0.000ns fall@3.200ns period=6.400ns})
  Path Group:             clk_300mhz
  Path Type:              Hold (Min at Fast Process Corner)
  Requirement:            0.000ns  (clk_300mhz rise@0.000ns - clk_300mhz rise@0.000ns)
  Data Path Delay:        0.074ns  (logic 0.039ns (52.703%)  route 0.035ns (47.297%))
  Logic Levels:           0  
  Clock Path Skew:        0.006ns (DCD - SCD - CPR)
    Destination Clock Delay (DCD):    1.502ns
    Source Clock Delay      (SCD):    1.161ns
    Clock Pessimism Removal (CPR):    0.335ns
  Clock Net Delay (Source):      0.845ns (routing 0.387ns, distribution 0.458ns)
  Clock Net Delay (Destination): 0.962ns (routing 0.433ns, distribution 0.529ns)

    Location             Delay type                Incr(ns)  Path(ns)    Netlist Resource(s)
  -------------------------------------------------------------------    -------------------
                         (clock clk_300mhz rise edge)
                                                      0.000     0.000 r  
    H11                                               0.000     0.000 r  clk (IN)
                         net (fo=0)                   0.000     0.000    clk_IBUF_inst/I
    H11                  INBUF (Prop_INBUF_HPIOB_M_PAD_O)
                                                      0.156     0.156 r  clk_IBUF_inst/INBUF_INST/O
                         net (fo=1, routed)           0.000     0.156    clk_IBUF_inst/OUT
    H11                  IBUFCTRL (Prop_IBUFCTRL_HPIOB_M_I_O)
                                                      0.000     0.156 r  clk_IBUF_inst/IBUFCTRL_INST/O
                         net (fo=1, routed)           0.144     0.300    clk_IBUF
    BUFGCE_X1Y124        BUFGCE (Prop_BUFCE_BUFGCE_I_O)
                                                      0.017     0.317 r  clk_IBUF_BUFG_inst/O
    X2Y4 (CLOCK_ROOT)    net (fo=1343, routed)        0.845     1.161    pe_0_1/clk_IBUF_BUFG
    SLICE_X72Y274        FDCE                                         r  pe_0_1/weight_active_reg[7]/C
  -------------------------------------------------------------------    -------------------
    SLICE_X72Y274        FDCE (Prop_GFF_SLICEL_C_Q)
                                                      0.039     1.200 r  pe_0_1/weight_active_reg[7]/Q
                         net (fo=1, routed)           0.035     1.235    pe_0_1/u_multiplier/b_s1_reg[7]_0[7]
    SLICE_X72Y274        FDCE                                         r  pe_0_1/u_multiplier/b_s1_reg[7]/D
  -------------------------------------------------------------------    -------------------

                         (clock clk_300mhz rise edge)
                                                      0.000     0.000 r  
    H11                                               0.000     0.000 r  clk (IN)
                         net (fo=0)                   0.000     0.000    clk_IBUF_inst/I
    H11                  INBUF (Prop_INBUF_HPIOB_M_PAD_O)
                                                      0.341     0.341 r  clk_IBUF_inst/INBUF_INST/O
                         net (fo=1, routed)           0.000     0.341    clk_IBUF_inst/OUT
    H11                  IBUFCTRL (Prop_IBUFCTRL_HPIOB_M_I_O)
                                                      0.000     0.341 r  clk_IBUF_inst/IBUFCTRL_INST/O
                         net (fo=1, routed)           0.181     0.522    clk_IBUF
    BUFGCE_X1Y124        BUFGCE (Prop_BUFCE_BUFGCE_I_O)
                                                      0.019     0.541 r  clk_IBUF_BUFG_inst/O
    X2Y4 (CLOCK_ROOT)    net (fo=1343, routed)        0.962     1.502    pe_0_1/u_multiplier/clk_IBUF_BUFG
    SLICE_X72Y274        FDCE                                         r  pe_0_1/u_multiplier/b_s1_reg[7]/C
                         clock pessimism             -0.335     1.167    
    SLICE_X72Y274        FDCE (Hold_EFF2_SLICEL_C_D)
                                                      0.047     1.214    pe_0_1/u_multiplier/b_s1_reg[7]
  -------------------------------------------------------------------
                         required time                         -1.214    
                         arrival time                           1.235    
  -------------------------------------------------------------------
                         slack                                  0.021    

Slack (MET) :             0.021ns  (arrival time - required time)
  Source:                 pe_0_1/weight_active_reg[0]/C
                            (rising edge-triggered cell FDCE clocked by clk_300mhz  {rise@0.000ns fall@3.200ns period=6.400ns})
  Destination:            pe_0_1/u_multiplier/b_s1_reg[0]/D
                            (rising edge-triggered cell FDCE clocked by clk_300mhz  {rise@0.000ns fall@3.200ns period=6.400ns})
  Path Group:             clk_300mhz
  Path Type:              Hold (Min at Slow Process Corner)
  Requirement:            0.000ns  (clk_300mhz rise@0.000ns - clk_300mhz rise@0.000ns)
  Data Path Delay:        0.129ns  (logic 0.058ns (44.961%)  route 0.071ns (55.039%))
  Logic Levels:           0  
  Clock Path Skew:        0.046ns (DCD - SCD - CPR)
    Destination Clock Delay (DCD):    2.402ns
    Source Clock Delay      (SCD):    1.916ns
    Clock Pessimism Removal (CPR):    0.440ns
  Clock Net Delay (Source):      1.336ns (routing 0.635ns, distribution 0.701ns)
  Clock Net Delay (Destination): 1.530ns (routing 0.699ns, distribution 0.831ns)

    Location             Delay type                Incr(ns)  Path(ns)    Netlist Resource(s)
  -------------------------------------------------------------------    -------------------
                         (clock clk_300mhz rise edge)
                                                      0.000     0.000 r  
    H11                                               0.000     0.000 r  clk (IN)
                         net (fo=0)                   0.000     0.000    clk_IBUF_inst/I
    H11                  INBUF (Prop_INBUF_HPIOB_M_PAD_O)
                                                      0.271     0.271 r  clk_IBUF_inst/INBUF_INST/O
                         net (fo=1, routed)           0.000     0.271    clk_IBUF_inst/OUT
    H11                  IBUFCTRL (Prop_IBUFCTRL_HPIOB_M_I_O)
                                                      0.000     0.271 r  clk_IBUF_inst/IBUFCTRL_INST/O
                         net (fo=1, routed)           0.286     0.557    clk_IBUF
    BUFGCE_X1Y124        BUFGCE (Prop_BUFCE_BUFGCE_I_O)
                                                      0.024     0.581 r  clk_IBUF_BUFG_inst/O
    X2Y4 (CLOCK_ROOT)    net (fo=1343, routed)        1.336     1.916    pe_0_1/clk_IBUF_BUFG
    SLICE_X72Y276        FDCE                                         r  pe_0_1/weight_active_reg[0]/C
  -------------------------------------------------------------------    -------------------
    SLICE_X72Y276        FDCE (Prop_HFF_SLICEL_C_Q)
                                                      0.058     1.974 r  pe_0_1/weight_active_reg[0]/Q
                         net (fo=1, routed)           0.071     2.045    pe_0_1/u_multiplier/b_s1_reg[7]_0[0]
    SLICE_X72Y274        FDCE                                         r  pe_0_1/u_multiplier/b_s1_reg[0]/D
  -------------------------------------------------------------------    -------------------

                         (clock clk_300mhz rise edge)
                                                      0.000     0.000 r  
    H11                                               0.000     0.000 r  clk (IN)
                         net (fo=0)                   0.000     0.000    clk_IBUF_inst/I
    H11                  INBUF (Prop_INBUF_HPIOB_M_PAD_O)
                                                      0.521     0.521 r  clk_IBUF_inst/INBUF_INST/O
                         net (fo=1, routed)           0.000     0.521    clk_IBUF_inst/OUT
    H11                  IBUFCTRL (Prop_IBUFCTRL_HPIOB_M_I_O)
                                                      0.000     0.521 r  clk_IBUF_inst/IBUFCTRL_INST/O
                         net (fo=1, routed)           0.323     0.844    clk_IBUF
    BUFGCE_X1Y124        BUFGCE (Prop_BUFCE_BUFGCE_I_O)
                                                      0.028     0.872 r  clk_IBUF_BUFG_inst/O
    X2Y4 (CLOCK_ROOT)    net (fo=1343, routed)        1.530     2.402    pe_0_1/u_multiplier/clk_IBUF_BUFG
    SLICE_X72Y274        FDCE                                         r  pe_0_1/u_multiplier/b_s1_reg[0]/C
                         clock pessimism             -0.440     1.962    
    SLICE_X72Y274        FDCE (Hold_GFF2_SLICEL_C_D)
                                                      0.062     2.024    pe_0_1/u_multiplier/b_s1_reg[0]
  -------------------------------------------------------------------
                         required time                         -2.024    
                         arrival time                           2.045    
  -------------------------------------------------------------------
                         slack                                  0.021    

Slack (MET) :             0.022ns  (arrival time - required time)
  Source:                 pe_2_2/u_multiplier/product_s2_reg[0]/C
                            (rising edge-triggered cell FDCE clocked by clk_300mhz  {rise@0.000ns fall@3.200ns period=6.400ns})
  Destination:            pe_2_2/u_multiplier/product_o_reg[0]/D
                            (rising edge-triggered cell FDCE clocked by clk_300mhz  {rise@0.000ns fall@3.200ns period=6.400ns})
  Path Group:             clk_300mhz
  Path Type:              Hold (Min at Slow Process Corner)
  Requirement:            0.000ns  (clk_300mhz rise@0.000ns - clk_300mhz rise@0.000ns)
  Data Path Delay:        0.136ns  (logic 0.058ns (42.647%)  route 0.078ns (57.353%))
  Logic Levels:           0  
  Clock Path Skew:        0.054ns (DCD - SCD - CPR)
    Destination Clock Delay (DCD):    2.417ns
    Source Clock Delay      (SCD):    1.923ns
    Clock Pessimism Removal (CPR):    0.439ns
  Clock Net Delay (Source):      1.342ns (routing 0.635ns, distribution 0.707ns)
  Clock Net Delay (Destination): 1.545ns (routing 0.699ns, distribution 0.846ns)

    Location             Delay type                Incr(ns)  Path(ns)    Netlist Resource(s)
  -------------------------------------------------------------------    -------------------
                         (clock clk_300mhz rise edge)
                                                      0.000     0.000 r  
    H11                                               0.000     0.000 r  clk (IN)
                         net (fo=0)                   0.000     0.000    clk_IBUF_inst/I
    H11                  INBUF (Prop_INBUF_HPIOB_M_PAD_O)
                                                      0.271     0.271 r  clk_IBUF_inst/INBUF_INST/O
                         net (fo=1, routed)           0.000     0.271    clk_IBUF_inst/OUT
    H11                  IBUFCTRL (Prop_IBUFCTRL_HPIOB_M_I_O)
                                                      0.000     0.271 r  clk_IBUF_inst/IBUFCTRL_INST/O
                         net (fo=1, routed)           0.286     0.557    clk_IBUF
    BUFGCE_X1Y124        BUFGCE (Prop_BUFCE_BUFGCE_I_O)
                                                      0.024     0.581 r  clk_IBUF_BUFG_inst/O
    X2Y4 (CLOCK_ROOT)    net (fo=1343, routed)        1.342     1.923    pe_2_2/u_multiplier/clk_IBUF_BUFG
    SLICE_X76Y282        FDCE                                         r  pe_2_2/u_multiplier/product_s2_reg[0]/C
  -------------------------------------------------------------------    -------------------
    SLICE_X76Y282        FDCE (Prop_AFF_SLICEL_C_Q)
                                                      0.058     1.981 r  pe_2_2/u_multiplier/product_s2_reg[0]/Q
                         net (fo=1, routed)           0.078     2.059    pe_2_2/u_multiplier/product_s2_reg_n_0_[0]
    SLICE_X76Y281        FDCE                                         r  pe_2_2/u_multiplier/product_o_reg[0]/D
  -------------------------------------------------------------------    -------------------

                         (clock clk_300mhz rise edge)
                                                      0.000     0.000 r  
    H11                                               0.000     0.000 r  clk (IN)
                         net (fo=0)                   0.000     0.000    clk_IBUF_inst/I
    H11                  INBUF (Prop_INBUF_HPIOB_M_PAD_O)
                                                      0.521     0.521 r  clk_IBUF_inst/INBUF_INST/O
                         net (fo=1, routed)           0.000     0.521    clk_IBUF_inst/OUT
    H11                  IBUFCTRL (Prop_IBUFCTRL_HPIOB_M_I_O)
                                                      0.000     0.521 r  clk_IBUF_inst/IBUFCTRL_INST/O
                         net (fo=1, routed)           0.323     0.844    clk_IBUF
    BUFGCE_X1Y124        BUFGCE (Prop_BUFCE_BUFGCE_I_O)
                                                      0.028     0.872 r  clk_IBUF_BUFG_inst/O
    X2Y4 (CLOCK_ROOT)    net (fo=1343, routed)        1.545     2.417    pe_2_2/u_multiplier/clk_IBUF_BUFG
    SLICE_X76Y281        FDCE                                         r  pe_2_2/u_multiplier/product_o_reg[0]/C
                         clock pessimism             -0.439     1.977    
    SLICE_X76Y281        FDCE (Hold_EFF_SLICEL_C_D)
                                                      0.060     2.037    pe_2_2/u_multiplier/product_o_reg[0]
  -------------------------------------------------------------------
                         required time                         -2.037    
                         arrival time                           2.059    
  -------------------------------------------------------------------
                         slack                                  0.022    

Slack (MET) :             0.023ns  (arrival time - required time)
  Source:                 pe_0_1/weight_active_reg[6]/C
                            (rising edge-triggered cell FDCE clocked by clk_300mhz  {rise@0.000ns fall@3.200ns period=6.400ns})
  Destination:            pe_0_1/u_multiplier/b_s1_reg[6]/D
                            (rising edge-triggered cell FDCE clocked by clk_300mhz  {rise@0.000ns fall@3.200ns period=6.400ns})
  Path Group:             clk_300mhz
  Path Type:              Hold (Min at Slow Process Corner)
  Requirement:            0.000ns  (clk_300mhz rise@0.000ns - clk_300mhz rise@0.000ns)
  Data Path Delay:        0.132ns  (logic 0.059ns (44.697%)  route 0.073ns (55.303%))
  Logic Levels:           0  
  Clock Path Skew:        0.047ns (DCD - SCD - CPR)
    Destination Clock Delay (DCD):    2.402ns
    Source Clock Delay      (SCD):    1.915ns
    Clock Pessimism Removal (CPR):    0.440ns
  Clock Net Delay (Source):      1.335ns (routing 0.635ns, distribution 0.700ns)
  Clock Net Delay (Destination): 1.530ns (routing 0.699ns, distribution 0.831ns)

    Location             Delay type                Incr(ns)  Path(ns)    Netlist Resource(s)
  -------------------------------------------------------------------    -------------------
                         (clock clk_300mhz rise edge)
                                                      0.000     0.000 r  
    H11                                               0.000     0.000 r  clk (IN)
                         net (fo=0)                   0.000     0.000    clk_IBUF_inst/I
    H11                  INBUF (Prop_INBUF_HPIOB_M_PAD_O)
                                                      0.271     0.271 r  clk_IBUF_inst/INBUF_INST/O
                         net (fo=1, routed)           0.000     0.271    clk_IBUF_inst/OUT
    H11                  IBUFCTRL (Prop_IBUFCTRL_HPIOB_M_I_O)
                                                      0.000     0.271 r  clk_IBUF_inst/IBUFCTRL_INST/O
                         net (fo=1, routed)           0.286     0.557    clk_IBUF
    BUFGCE_X1Y124        BUFGCE (Prop_BUFCE_BUFGCE_I_O)
                                                      0.024     0.581 r  clk_IBUF_BUFG_inst/O
    X2Y4 (CLOCK_ROOT)    net (fo=1343, routed)        1.335     1.915    pe_0_1/clk_IBUF_BUFG
    SLICE_X72Y275        FDCE                                         r  pe_0_1/weight_active_reg[6]/C
  -------------------------------------------------------------------    -------------------
    SLICE_X72Y275        FDCE (Prop_EFF_SLICEL_C_Q)
                                                      0.059     1.974 r  pe_0_1/weight_active_reg[6]/Q
                         net (fo=1, routed)           0.073     2.047    pe_0_1/u_multiplier/b_s1_reg[7]_0[6]
    SLICE_X72Y274        FDCE                                         r  pe_0_1/u_multiplier/b_s1_reg[6]/D
  -------------------------------------------------------------------    -------------------

                         (clock clk_300mhz rise edge)
                                                      0.000     0.000 r  
    H11                                               0.000     0.000 r  clk (IN)
                         net (fo=0)                   0.000     0.000    clk_IBUF_inst/I
    H11                  INBUF (Prop_INBUF_HPIOB_M_PAD_O)
                                                      0.521     0.521 r  clk_IBUF_inst/INBUF_INST/O
                         net (fo=1, routed)           0.000     0.521    clk_IBUF_inst/OUT
    H11                  IBUFCTRL (Prop_IBUFCTRL_HPIOB_M_I_O)
                                                      0.000     0.521 r  clk_IBUF_inst/IBUFCTRL_INST/O
                         net (fo=1, routed)           0.323     0.844    clk_IBUF
    BUFGCE_X1Y124        BUFGCE (Prop_BUFCE_BUFGCE_I_O)
                                                      0.028     0.872 r  clk_IBUF_BUFG_inst/O
    X2Y4 (CLOCK_ROOT)    net (fo=1343, routed)        1.530     2.402    pe_0_1/u_multiplier/clk_IBUF_BUFG
    SLICE_X72Y274        FDCE                                         r  pe_0_1/u_multiplier/b_s1_reg[6]/C
                         clock pessimism             -0.440     1.962    
    SLICE_X72Y274        FDCE (Hold_FFF2_SLICEL_C_D)
                                                      0.062     2.024    pe_0_1/u_multiplier/b_s1_reg[6]
  -------------------------------------------------------------------
                         required time                         -2.024    
                         arrival time                           2.047    
  -------------------------------------------------------------------
                         slack                                  0.023    

Slack (MET) :             0.024ns  (arrival time - required time)
  Source:                 pe_0_0/weight_active_reg[6]/C
                            (rising edge-triggered cell FDCE clocked by clk_300mhz  {rise@0.000ns fall@3.200ns period=6.400ns})
  Destination:            pe_0_0/u_multiplier/b_s1_reg[6]/D
                            (rising edge-triggered cell FDCE clocked by clk_300mhz  {rise@0.000ns fall@3.200ns period=6.400ns})
  Path Group:             clk_300mhz
  Path Type:              Hold (Min at Fast Process Corner)
  Requirement:            0.000ns  (clk_300mhz rise@0.000ns - clk_300mhz rise@0.000ns)
  Data Path Delay:        0.077ns  (logic 0.039ns (50.649%)  route 0.038ns (49.351%))
  Logic Levels:           0  
  Clock Path Skew:        0.006ns (DCD - SCD - CPR)
    Destination Clock Delay (DCD):    1.496ns
    Source Clock Delay      (SCD):    1.156ns
    Clock Pessimism Removal (CPR):    0.334ns
  Clock Net Delay (Source):      0.839ns (routing 0.387ns, distribution 0.452ns)
  Clock Net Delay (Destination): 0.955ns (routing 0.433ns, distribution 0.522ns)

    Location             Delay type                Incr(ns)  Path(ns)    Netlist Resource(s)
  -------------------------------------------------------------------    -------------------
                         (clock clk_300mhz rise edge)
                                                      0.000     0.000 r  
    H11                                               0.000     0.000 r  clk (IN)
                         net (fo=0)                   0.000     0.000    clk_IBUF_inst/I
    H11                  INBUF (Prop_INBUF_HPIOB_M_PAD_O)
                                                      0.156     0.156 r  clk_IBUF_inst/INBUF_INST/O
                         net (fo=1, routed)           0.000     0.156    clk_IBUF_inst/OUT
    H11                  IBUFCTRL (Prop_IBUFCTRL_HPIOB_M_I_O)
                                                      0.000     0.156 r  clk_IBUF_inst/IBUFCTRL_INST/O
                         net (fo=1, routed)           0.144     0.300    clk_IBUF
    BUFGCE_X1Y124        BUFGCE (Prop_BUFCE_BUFGCE_I_O)
                                                      0.017     0.317 r  clk_IBUF_BUFG_inst/O
    X2Y4 (CLOCK_ROOT)    net (fo=1343, routed)        0.839     1.156    pe_0_0/clk_IBUF_BUFG
    SLICE_X73Y265        FDCE                                         r  pe_0_0/weight_active_reg[6]/C
  -------------------------------------------------------------------    -------------------
    SLICE_X73Y265        FDCE (Prop_HFF_SLICEM_C_Q)
                                                      0.039     1.195 r  pe_0_0/weight_active_reg[6]/Q
                         net (fo=1, routed)           0.038     1.233    pe_0_0/u_multiplier/b_s1_reg[7]_0[6]
    SLICE_X73Y265        FDCE                                         r  pe_0_0/u_multiplier/b_s1_reg[6]/D
  -------------------------------------------------------------------    -------------------

                         (clock clk_300mhz rise edge)
                                                      0.000     0.000 r  
    H11                                               0.000     0.000 r  clk (IN)
                         net (fo=0)                   0.000     0.000    clk_IBUF_inst/I
    H11                  INBUF (Prop_INBUF_HPIOB_M_PAD_O)
                                                      0.341     0.341 r  clk_IBUF_inst/INBUF_INST/O
                         net (fo=1, routed)           0.000     0.341    clk_IBUF_inst/OUT
    H11                  IBUFCTRL (Prop_IBUFCTRL_HPIOB_M_I_O)
                                                      0.000     0.341 r  clk_IBUF_inst/IBUFCTRL_INST/O
                         net (fo=1, routed)           0.181     0.522    clk_IBUF
    BUFGCE_X1Y124        BUFGCE (Prop_BUFCE_BUFGCE_I_O)
                                                      0.019     0.541 r  clk_IBUF_BUFG_inst/O
    X2Y4 (CLOCK_ROOT)    net (fo=1343, routed)        0.955     1.496    pe_0_0/u_multiplier/clk_IBUF_BUFG
    SLICE_X73Y265        FDCE                                         r  pe_0_0/u_multiplier/b_s1_reg[6]/C
                         clock pessimism             -0.334     1.162    
    SLICE_X73Y265        FDCE (Hold_HFF2_SLICEM_C_D)
                                                      0.047     1.209    pe_0_0/u_multiplier/b_s1_reg[6]
  -------------------------------------------------------------------
                         required time                         -1.209    
                         arrival time                           1.233    
  -------------------------------------------------------------------
                         slack                                  0.024    

Slack (MET) :             0.024ns  (arrival time - required time)
  Source:                 pe_2_0/weight_shadow_reg[0]/C
                            (rising edge-triggered cell FDCE clocked by clk_300mhz  {rise@0.000ns fall@3.200ns period=6.400ns})
  Destination:            pe_2_0/weight_active_reg[0]/D
                            (rising edge-triggered cell FDCE clocked by clk_300mhz  {rise@0.000ns fall@3.200ns period=6.400ns})
  Path Group:             clk_300mhz
  Path Type:              Hold (Min at Fast Process Corner)
  Requirement:            0.000ns  (clk_300mhz rise@0.000ns - clk_300mhz rise@0.000ns)
  Data Path Delay:        0.077ns  (logic 0.039ns (50.649%)  route 0.038ns (49.351%))
  Logic Levels:           0  
  Clock Path Skew:        0.006ns (DCD - SCD - CPR)
    Destination Clock Delay (DCD):    1.502ns
    Source Clock Delay      (SCD):    1.161ns
    Clock Pessimism Removal (CPR):    0.335ns
  Clock Net Delay (Source):      0.844ns (routing 0.387ns, distribution 0.457ns)
  Clock Net Delay (Destination): 0.961ns (routing 0.433ns, distribution 0.528ns)

    Location             Delay type                Incr(ns)  Path(ns)    Netlist Resource(s)
  -------------------------------------------------------------------    -------------------
                         (clock clk_300mhz rise edge)
                                                      0.000     0.000 r  
    H11                                               0.000     0.000 r  clk (IN)
                         net (fo=0)                   0.000     0.000    clk_IBUF_inst/I
    H11                  INBUF (Prop_INBUF_HPIOB_M_PAD_O)
                                                      0.156     0.156 r  clk_IBUF_inst/INBUF_INST/O
                         net (fo=1, routed)           0.000     0.156    clk_IBUF_inst/OUT
    H11                  IBUFCTRL (Prop_IBUFCTRL_HPIOB_M_I_O)
                                                      0.000     0.156 r  clk_IBUF_inst/IBUFCTRL_INST/O
                         net (fo=1, routed)           0.144     0.300    clk_IBUF
    BUFGCE_X1Y124        BUFGCE (Prop_BUFCE_BUFGCE_I_O)
                                                      0.017     0.317 r  clk_IBUF_BUFG_inst/O
    X2Y4 (CLOCK_ROOT)    net (fo=1343, routed)        0.844     1.161    pe_2_0/clk_IBUF_BUFG
    SLICE_X79Y272        FDCE                                         r  pe_2_0/weight_shadow_reg[0]/C
  -------------------------------------------------------------------    -------------------
    SLICE_X79Y272        FDCE (Prop_HFF_SLICEM_C_Q)
                                                      0.039     1.200 r  pe_2_0/weight_shadow_reg[0]/Q
                         net (fo=1, routed)           0.038     1.238    pe_2_0/weight_shadow_reg_n_0_[0]
    SLICE_X79Y272        FDCE                                         r  pe_2_0/weight_active_reg[0]/D
  -------------------------------------------------------------------    -------------------

                         (clock clk_300mhz rise edge)
                                                      0.000     0.000 r  
    H11                                               0.000     0.000 r  clk (IN)
                         net (fo=0)                   0.000     0.000    clk_IBUF_inst/I
    H11                  INBUF (Prop_INBUF_HPIOB_M_PAD_O)
                                                      0.341     0.341 r  clk_IBUF_inst/INBUF_INST/O
                         net (fo=1, routed)           0.000     0.341    clk_IBUF_inst/OUT
    H11                  IBUFCTRL (Prop_IBUFCTRL_HPIOB_M_I_O)
                                                      0.000     0.341 r  clk_IBUF_inst/IBUFCTRL_INST/O
                         net (fo=1, routed)           0.181     0.522    clk_IBUF
    BUFGCE_X1Y124        BUFGCE (Prop_BUFCE_BUFGCE_I_O)
                                                      0.019     0.541 r  clk_IBUF_BUFG_inst/O
    X2Y4 (CLOCK_ROOT)    net (fo=1343, routed)        0.961     1.502    pe_2_0/clk_IBUF_BUFG
    SLICE_X79Y272        FDCE                                         r  pe_2_0/weight_active_reg[0]/C
                         clock pessimism             -0.335     1.167    
    SLICE_X79Y272        FDCE (Hold_HFF2_SLICEM_C_D)
                                                      0.047     1.214    pe_2_0/weight_active_reg[0]
  -------------------------------------------------------------------
                         required time                         -1.214    
                         arrival time                           1.238    
  -------------------------------------------------------------------
                         slack                                  0.024    

Slack (MET) :             0.024ns  (arrival time - required time)
  Source:                 pe_1_1/weight_o_reg[4]/C
                            (rising edge-triggered cell FDCE clocked by clk_300mhz  {rise@0.000ns fall@3.200ns period=6.400ns})
  Destination:            pe_2_1/weight_shadow_reg[4]/D
                            (rising edge-triggered cell FDCE clocked by clk_300mhz  {rise@0.000ns fall@3.200ns period=6.400ns})
  Path Group:             clk_300mhz
  Path Type:              Hold (Min at Fast Process Corner)
  Requirement:            0.000ns  (clk_300mhz rise@0.000ns - clk_300mhz rise@0.000ns)
  Data Path Delay:        0.077ns  (logic 0.039ns (50.649%)  route 0.038ns (49.351%))
  Logic Levels:           0  
  Clock Path Skew:        0.006ns (DCD - SCD - CPR)
    Destination Clock Delay (DCD):    1.501ns
    Source Clock Delay      (SCD):    1.160ns
    Clock Pessimism Removal (CPR):    0.335ns
  Clock Net Delay (Source):      0.843ns (routing 0.387ns, distribution 0.456ns)
  Clock Net Delay (Destination): 0.960ns (routing 0.433ns, distribution 0.527ns)

    Location             Delay type                Incr(ns)  Path(ns)    Netlist Resource(s)
  -------------------------------------------------------------------    -------------------
                         (clock clk_300mhz rise edge)
                                                      0.000     0.000 r  
    H11                                               0.000     0.000 r  clk (IN)
                         net (fo=0)                   0.000     0.000    clk_IBUF_inst/I
    H11                  INBUF (Prop_INBUF_HPIOB_M_PAD_O)
                                                      0.156     0.156 r  clk_IBUF_inst/INBUF_INST/O
                         net (fo=1, routed)           0.000     0.156    clk_IBUF_inst/OUT
    H11                  IBUFCTRL (Prop_IBUFCTRL_HPIOB_M_I_O)
                                                      0.000     0.156 r  clk_IBUF_inst/IBUFCTRL_INST/O
                         net (fo=1, routed)           0.144     0.300    clk_IBUF
    BUFGCE_X1Y124        BUFGCE (Prop_BUFCE_BUFGCE_I_O)
                                                      0.017     0.317 r  clk_IBUF_BUFG_inst/O
    X2Y4 (CLOCK_ROOT)    net (fo=1343, routed)        0.843     1.160    pe_1_1/clk_IBUF_BUFG
    SLICE_X78Y284        FDCE                                         r  pe_1_1/weight_o_reg[4]/C
  -------------------------------------------------------------------    -------------------
    SLICE_X78Y284        FDCE (Prop_HFF_SLICEM_C_Q)
                                                      0.039     1.199 r  pe_1_1/weight_o_reg[4]/Q
                         net (fo=1, routed)           0.038     1.237    pe_2_1/weight_shadow_reg[7]_0[4]
    SLICE_X78Y284        FDCE                                         r  pe_2_1/weight_shadow_reg[4]/D
  -------------------------------------------------------------------    -------------------

                         (clock clk_300mhz rise edge)
                                                      0.000     0.000 r  
    H11                                               0.000     0.000 r  clk (IN)
                         net (fo=0)                   0.000     0.000    clk_IBUF_inst/I
    H11                  INBUF (Prop_INBUF_HPIOB_M_PAD_O)
                                                      0.341     0.341 r  clk_IBUF_inst/INBUF_INST/O
                         net (fo=1, routed)           0.000     0.341    clk_IBUF_inst/OUT
    H11                  IBUFCTRL (Prop_IBUFCTRL_HPIOB_M_I_O)
                                                      0.000     0.341 r  clk_IBUF_inst/IBUFCTRL_INST/O
                         net (fo=1, routed)           0.181     0.522    clk_IBUF
    BUFGCE_X1Y124        BUFGCE (Prop_BUFCE_BUFGCE_I_O)
                                                      0.019     0.541 r  clk_IBUF_BUFG_inst/O
    X2Y4 (CLOCK_ROOT)    net (fo=1343, routed)        0.960     1.501    pe_2_1/clk_IBUF_BUFG
    SLICE_X78Y284        FDCE                                         r  pe_2_1/weight_shadow_reg[4]/C
                         clock pessimism             -0.335     1.166    
    SLICE_X78Y284        FDCE (Hold_HFF2_SLICEM_C_D)
                                                      0.047     1.213    pe_2_1/weight_shadow_reg[4]
  -------------------------------------------------------------------
                         required time                         -1.213    
                         arrival time                           1.237    
  -------------------------------------------------------------------
                         slack                                  0.024    





Pulse Width Checks
--------------------------------------------------------------------------------------
Clock Name:         clk_300mhz
Waveform(ns):       { 0.000 3.200 }
Period(ns):         6.400
Sources:            { clk }

Check Type        Corner  Lib Pin     Reference Pin  Required(ns)  Actual(ns)  Slack(ns)  Location       Pin
Min Period        n/a     BUFGCE/I    n/a            1.290         6.400       5.110      BUFGCE_X1Y124  clk_IBUF_BUFG_inst/I
Min Period        n/a     SRL16E/CLK  n/a            1.064         6.400       5.336      SLICE_X78Y279  pe_1_2/u_multiplier/valid_s1_reg_srl2_pe_1_2_u_multiplier_valid_s1_reg_c/CLK
Min Period        n/a     SRL16E/CLK  n/a            1.064         6.400       5.336      SLICE_X78Y279  pe_2_2/u_multiplier/valid_s1_reg_srl2_pe_1_2_u_multiplier_valid_s1_reg_c/CLK
Min Period        n/a     FDCE/C      n/a            0.550         6.400       5.850      SLICE_X71Y270  pe_0_0/act_d1_reg[0]/C
Min Period        n/a     FDCE/C      n/a            0.550         6.400       5.850      SLICE_X71Y270  pe_0_0/act_d1_reg[1]/C
Min Period        n/a     FDCE/C      n/a            0.550         6.400       5.850      SLICE_X76Y273  pe_0_0/act_d1_reg[2]/C
Min Period        n/a     FDCE/C      n/a            0.550         6.400       5.850      SLICE_X76Y273  pe_0_0/act_d1_reg[3]/C
Min Period        n/a     FDCE/C      n/a            0.550         6.400       5.850      SLICE_X72Y270  pe_0_0/act_d1_reg[4]/C
Min Period        n/a     FDCE/C      n/a            0.550         6.400       5.850      SLICE_X72Y270  pe_0_0/act_d1_reg[5]/C
Min Period        n/a     FDCE/C      n/a            0.550         6.400       5.850      SLICE_X74Y272  pe_0_0/act_d1_reg[6]/C
Low Pulse Width   Slow    SRL16E/CLK  n/a            0.532         3.200       2.668      SLICE_X78Y279  pe_1_2/u_multiplier/valid_s1_reg_srl2_pe_1_2_u_multiplier_valid_s1_reg_c/CLK
Low Pulse Width   Fast    SRL16E/CLK  n/a            0.532         3.200       2.668      SLICE_X78Y279  pe_1_2/u_multiplier/valid_s1_reg_srl2_pe_1_2_u_multiplier_valid_s1_reg_c/CLK
Low Pulse Width   Slow    SRL16E/CLK  n/a            0.532         3.200       2.668      SLICE_X78Y279  pe_2_2/u_multiplier/valid_s1_reg_srl2_pe_1_2_u_multiplier_valid_s1_reg_c/CLK
Low Pulse Width   Fast    SRL16E/CLK  n/a            0.532         3.200       2.668      SLICE_X78Y279  pe_2_2/u_multiplier/valid_s1_reg_srl2_pe_1_2_u_multiplier_valid_s1_reg_c/CLK
Low Pulse Width   Slow    FDCE/C      n/a            0.275         3.200       2.925      SLICE_X71Y270  pe_0_0/act_d1_reg[0]/C
Low Pulse Width   Fast    FDCE/C      n/a            0.275         3.200       2.925      SLICE_X71Y270  pe_0_0/act_d1_reg[0]/C
Low Pulse Width   Slow    FDCE/C      n/a            0.275         3.200       2.925      SLICE_X71Y270  pe_0_0/act_d1_reg[1]/C
Low Pulse Width   Fast    FDCE/C      n/a            0.275         3.200       2.925      SLICE_X71Y270  pe_0_0/act_d1_reg[1]/C
Low Pulse Width   Slow    FDCE/C      n/a            0.275         3.200       2.925      SLICE_X76Y273  pe_0_0/act_d1_reg[2]/C
Low Pulse Width   Fast    FDCE/C      n/a            0.275         3.200       2.925      SLICE_X76Y273  pe_0_0/act_d1_reg[2]/C
High Pulse Width  Slow    SRL16E/CLK  n/a            0.532         3.200       2.668      SLICE_X78Y279  pe_1_2/u_multiplier/valid_s1_reg_srl2_pe_1_2_u_multiplier_valid_s1_reg_c/CLK
High Pulse Width  Fast    SRL16E/CLK  n/a            0.532         3.200       2.668      SLICE_X78Y279  pe_1_2/u_multiplier/valid_s1_reg_srl2_pe_1_2_u_multiplier_valid_s1_reg_c/CLK
High Pulse Width  Slow    SRL16E/CLK  n/a            0.532         3.200       2.668      SLICE_X78Y279  pe_2_2/u_multiplier/valid_s1_reg_srl2_pe_1_2_u_multiplier_valid_s1_reg_c/CLK
High Pulse Width  Fast    SRL16E/CLK  n/a            0.532         3.200       2.668      SLICE_X78Y279  pe_2_2/u_multiplier/valid_s1_reg_srl2_pe_1_2_u_multiplier_valid_s1_reg_c/CLK
High Pulse Width  Slow    FDCE/C      n/a            0.275         3.200       2.925      SLICE_X71Y270  pe_0_0/act_d1_reg[0]/C
High Pulse Width  Fast    FDCE/C      n/a            0.275         3.200       2.925      SLICE_X71Y270  pe_0_0/act_d1_reg[0]/C
High Pulse Width  Slow    FDCE/C      n/a            0.275         3.200       2.925      SLICE_X71Y270  pe_0_0/act_d1_reg[1]/C
High Pulse Width  Fast    FDCE/C      n/a            0.275         3.200       2.925      SLICE_X71Y270  pe_0_0/act_d1_reg[1]/C
High Pulse Width  Slow    FDCE/C      n/a            0.275         3.200       2.925      SLICE_X76Y273  pe_0_0/act_d1_reg[2]/C
High Pulse Width  Fast    FDCE/C      n/a            0.275         3.200       2.925      SLICE_X76Y273  pe_0_0/act_d1_reg[2]/C



--------------------------------------------------------------------------------------
Path Group:  (none)
From Clock:  
  To Clock:  clk_300mhz

Max Delay          1339 Endpoints
Min Delay          1339 Endpoints
--------------------------------------------------------------------------------------


Max Delay Paths
--------------------------------------------------------------------------------------
Slack:                    inf
  Source:                 rst_n
                            (input port)
  Destination:            pe_1_2/u_multiplier/b_s1_reg[5]/CLR
                            (recovery check against rising-edge clock clk_300mhz  {rise@0.000ns fall@3.200ns period=6.400ns})
  Path Group:             (none)
  Path Type:              Recovery (Max at Slow Process Corner)
  Data Path Delay:        2.728ns  (logic 0.566ns (20.729%)  route 2.163ns (79.271%))
  Logic Levels:           2  (IBUFCTRL=1 INBUF=1)
  Clock Path Skew:        1.932ns (DCD - SCD + CPR)
    Destination Clock Delay (DCD):    1.932ns
    Source Clock Delay      (SCD):    0.000ns
    Clock Pessimism Removal (CPR):    0.000ns
  Clock Uncertainty:      0.025ns  ((TSJ^2 + TIJ^2)^1/2 + DJ) / 2 + PE
    Total System Jitter     (TSJ):    0.050ns
    Total Input Jitter      (TIJ):    0.000ns
    Discrete Jitter          (DJ):    0.000ns
    Phase Error              (PE):    0.000ns
  Clock Net Delay (Destination): 1.352ns (routing 0.635ns, distribution 0.717ns)
  Timing Exception:       False Path

    Location             Delay type                Incr(ns)  Path(ns)    Netlist Resource(s)
  -------------------------------------------------------------------    -------------------
    C9                                                0.000     0.000 r  rst_n (IN)
                         net (fo=0)                   0.000     0.000    rst_n_IBUF_inst/I
    C9                   INBUF (Prop_INBUF_HPIOB_M_PAD_O)
                                                      0.566     0.566 r  rst_n_IBUF_inst/INBUF_INST/O
                         net (fo=1, routed)           0.000     0.566    rst_n_IBUF_inst/OUT
    C9                   IBUFCTRL (Prop_IBUFCTRL_HPIOB_M_I_O)
                                                      0.000     0.566 r  rst_n_IBUF_inst/IBUFCTRL_INST/O
                         net (fo=1339, routed)        2.163     2.728    pe_1_2/u_multiplier/valid_o_reg_0
    SLICE_X74Y286        FDCE                                         f  pe_1_2/u_multiplier/b_s1_reg[5]/CLR  (IS_INVERTED)
  -------------------------------------------------------------------    -------------------

                         (clock clk_300mhz rise edge)
                                                      0.000     0.000 r  
    H11                                               0.000     0.000 r  clk (IN)
                         net (fo=0)                   0.000     0.000    clk_IBUF_inst/I
    H11                  INBUF (Prop_INBUF_HPIOB_M_PAD_O)
                                                      0.271     0.271 r  clk_IBUF_inst/INBUF_INST/O
                         net (fo=1, routed)           0.000     0.271    clk_IBUF_inst/OUT
    H11                  IBUFCTRL (Prop_IBUFCTRL_HPIOB_M_I_O)
                                                      0.000     0.271 r  clk_IBUF_inst/IBUFCTRL_INST/O
                         net (fo=1, routed)           0.286     0.557    clk_IBUF
    BUFGCE_X1Y124        BUFGCE (Prop_BUFCE_BUFGCE_I_O)
                                                      0.024     0.581 r  clk_IBUF_BUFG_inst/O
    X2Y4 (CLOCK_ROOT)    net (fo=1343, routed)        1.352     1.932    pe_1_2/u_multiplier/clk_IBUF_BUFG
    SLICE_X74Y286        FDCE                                         r  pe_1_2/u_multiplier/b_s1_reg[5]/C

Slack:                    inf
  Source:                 rst_n
                            (input port)
  Destination:            pe_1_2/weight_active_reg[3]/CLR
                            (recovery check against rising-edge clock clk_300mhz  {rise@0.000ns fall@3.200ns period=6.400ns})
  Path Group:             (none)
  Path Type:              Recovery (Max at Slow Process Corner)
  Data Path Delay:        2.728ns  (logic 0.566ns (20.729%)  route 2.163ns (79.271%))
  Logic Levels:           2  (IBUFCTRL=1 INBUF=1)
  Clock Path Skew:        1.932ns (DCD - SCD + CPR)
    Destination Clock Delay (DCD):    1.932ns
    Source Clock Delay      (SCD):    0.000ns
    Clock Pessimism Removal (CPR):    0.000ns
  Clock Uncertainty:      0.025ns  ((TSJ^2 + TIJ^2)^1/2 + DJ) / 2 + PE
    Total System Jitter     (TSJ):    0.050ns
    Total Input Jitter      (TIJ):    0.000ns
    Discrete Jitter          (DJ):    0.000ns
    Phase Error              (PE):    0.000ns
  Clock Net Delay (Destination): 1.352ns (routing 0.635ns, distribution 0.717ns)
  Timing Exception:       False Path

    Location             Delay type                Incr(ns)  Path(ns)    Netlist Resource(s)
  -------------------------------------------------------------------    -------------------
    C9                                                0.000     0.000 r  rst_n (IN)
                         net (fo=0)                   0.000     0.000    rst_n_IBUF_inst/I
    C9                   INBUF (Prop_INBUF_HPIOB_M_PAD_O)
                                                      0.566     0.566 r  rst_n_IBUF_inst/INBUF_INST/O
                         net (fo=1, routed)           0.000     0.566    rst_n_IBUF_inst/OUT
    C9                   IBUFCTRL (Prop_IBUFCTRL_HPIOB_M_I_O)
                                                      0.000     0.566 r  rst_n_IBUF_inst/IBUFCTRL_INST/O
                         net (fo=1339, routed)        2.163     2.728    pe_1_2/valid_o_reg
    SLICE_X74Y286        FDCE                                         f  pe_1_2/weight_active_reg[3]/CLR  (IS_INVERTED)
  -------------------------------------------------------------------    -------------------

                         (clock clk_300mhz rise edge)
                                                      0.000     0.000 r  
    H11                                               0.000     0.000 r  clk (IN)
                         net (fo=0)                   0.000     0.000    clk_IBUF_inst/I
    H11                  INBUF (Prop_INBUF_HPIOB_M_PAD_O)
                                                      0.271     0.271 r  clk_IBUF_inst/INBUF_INST/O
                         net (fo=1, routed)           0.000     0.271    clk_IBUF_inst/OUT
    H11                  IBUFCTRL (Prop_IBUFCTRL_HPIOB_M_I_O)
                                                      0.000     0.271 r  clk_IBUF_inst/IBUFCTRL_INST/O
                         net (fo=1, routed)           0.286     0.557    clk_IBUF
    BUFGCE_X1Y124        BUFGCE (Prop_BUFCE_BUFGCE_I_O)
                                                      0.024     0.581 r  clk_IBUF_BUFG_inst/O
    X2Y4 (CLOCK_ROOT)    net (fo=1343, routed)        1.352     1.932    pe_1_2/clk_IBUF_BUFG
    SLICE_X74Y286        FDCE                                         r  pe_1_2/weight_active_reg[3]/C

Slack:                    inf
  Source:                 rst_n
                            (input port)
  Destination:            pe_1_2/weight_active_reg[5]/CLR
                            (recovery check against rising-edge clock clk_300mhz  {rise@0.000ns fall@3.200ns period=6.400ns})
  Path Group:             (none)
  Path Type:              Recovery (Max at Slow Process Corner)
  Data Path Delay:        2.728ns  (logic 0.566ns (20.729%)  route 2.163ns (79.271%))
  Logic Levels:           2  (IBUFCTRL=1 INBUF=1)
  Clock Path Skew:        1.932ns (DCD - SCD + CPR)
    Destination Clock Delay (DCD):    1.932ns
    Source Clock Delay      (SCD):    0.000ns
    Clock Pessimism Removal (CPR):    0.000ns
  Clock Uncertainty:      0.025ns  ((TSJ^2 + TIJ^2)^1/2 + DJ) / 2 + PE
    Total System Jitter     (TSJ):    0.050ns
    Total Input Jitter      (TIJ):    0.000ns
    Discrete Jitter          (DJ):    0.000ns
    Phase Error              (PE):    0.000ns
  Clock Net Delay (Destination): 1.352ns (routing 0.635ns, distribution 0.717ns)
  Timing Exception:       False Path

    Location             Delay type                Incr(ns)  Path(ns)    Netlist Resource(s)
  -------------------------------------------------------------------    -------------------
    C9                                                0.000     0.000 r  rst_n (IN)
                         net (fo=0)                   0.000     0.000    rst_n_IBUF_inst/I
    C9                   INBUF (Prop_INBUF_HPIOB_M_PAD_O)
                                                      0.566     0.566 r  rst_n_IBUF_inst/INBUF_INST/O
                         net (fo=1, routed)           0.000     0.566    rst_n_IBUF_inst/OUT
    C9                   IBUFCTRL (Prop_IBUFCTRL_HPIOB_M_I_O)
                                                      0.000     0.566 r  rst_n_IBUF_inst/IBUFCTRL_INST/O
                         net (fo=1339, routed)        2.163     2.728    pe_1_2/valid_o_reg
    SLICE_X74Y286        FDCE                                         f  pe_1_2/weight_active_reg[5]/CLR  (IS_INVERTED)
  -------------------------------------------------------------------    -------------------

                         (clock clk_300mhz rise edge)
                                                      0.000     0.000 r  
    H11                                               0.000     0.000 r  clk (IN)
                         net (fo=0)                   0.000     0.000    clk_IBUF_inst/I
    H11                  INBUF (Prop_INBUF_HPIOB_M_PAD_O)
                                                      0.271     0.271 r  clk_IBUF_inst/INBUF_INST/O
                         net (fo=1, routed)           0.000     0.271    clk_IBUF_inst/OUT
    H11                  IBUFCTRL (Prop_IBUFCTRL_HPIOB_M_I_O)
                                                      0.000     0.271 r  clk_IBUF_inst/IBUFCTRL_INST/O
                         net (fo=1, routed)           0.286     0.557    clk_IBUF
    BUFGCE_X1Y124        BUFGCE (Prop_BUFCE_BUFGCE_I_O)
                                                      0.024     0.581 r  clk_IBUF_BUFG_inst/O
    X2Y4 (CLOCK_ROOT)    net (fo=1343, routed)        1.352     1.932    pe_1_2/clk_IBUF_BUFG
    SLICE_X74Y286        FDCE                                         r  pe_1_2/weight_active_reg[5]/C

Slack:                    inf
  Source:                 rst_n
                            (input port)
  Destination:            pe_2_0/act_valid_d4_reg/CLR
                            (recovery check against rising-edge clock clk_300mhz  {rise@0.000ns fall@3.200ns period=6.400ns})
  Path Group:             (none)
  Path Type:              Recovery (Max at Slow Process Corner)
  Data Path Delay:        2.728ns  (logic 0.566ns (20.729%)  route 2.163ns (79.271%))
  Logic Levels:           2  (IBUFCTRL=1 INBUF=1)
  Clock Path Skew:        1.932ns (DCD - SCD + CPR)
    Destination Clock Delay (DCD):    1.932ns
    Source Clock Delay      (SCD):    0.000ns
    Clock Pessimism Removal (CPR):    0.000ns
  Clock Uncertainty:      0.025ns  ((TSJ^2 + TIJ^2)^1/2 + DJ) / 2 + PE
    Total System Jitter     (TSJ):    0.050ns
    Total Input Jitter      (TIJ):    0.000ns
    Discrete Jitter          (DJ):    0.000ns
    Phase Error              (PE):    0.000ns
  Clock Net Delay (Destination): 1.352ns (routing 0.635ns, distribution 0.717ns)
  Timing Exception:       False Path

    Location             Delay type                Incr(ns)  Path(ns)    Netlist Resource(s)
  -------------------------------------------------------------------    -------------------
    C9                                                0.000     0.000 r  rst_n (IN)
                         net (fo=0)                   0.000     0.000    rst_n_IBUF_inst/I
    C9                   INBUF (Prop_INBUF_HPIOB_M_PAD_O)
                                                      0.566     0.566 r  rst_n_IBUF_inst/INBUF_INST/O
                         net (fo=1, routed)           0.000     0.566    rst_n_IBUF_inst/OUT
    C9                   IBUFCTRL (Prop_IBUFCTRL_HPIOB_M_I_O)
                                                      0.000     0.566 r  rst_n_IBUF_inst/IBUFCTRL_INST/O
                         net (fo=1339, routed)        2.163     2.728    pe_2_0/rst_n
    SLICE_X79Y280        FDCE                                         f  pe_2_0/act_valid_d4_reg/CLR  (IS_INVERTED)
  -------------------------------------------------------------------    -------------------

                         (clock clk_300mhz rise edge)
                                                      0.000     0.000 r  
    H11                                               0.000     0.000 r  clk (IN)
                         net (fo=0)                   0.000     0.000    clk_IBUF_inst/I
    H11                  INBUF (Prop_INBUF_HPIOB_M_PAD_O)
                                                      0.271     0.271 r  clk_IBUF_inst/INBUF_INST/O
                         net (fo=1, routed)           0.000     0.271    clk_IBUF_inst/OUT
    H11                  IBUFCTRL (Prop_IBUFCTRL_HPIOB_M_I_O)
                                                      0.000     0.271 r  clk_IBUF_inst/IBUFCTRL_INST/O
                         net (fo=1, routed)           0.286     0.557    clk_IBUF
    BUFGCE_X1Y124        BUFGCE (Prop_BUFCE_BUFGCE_I_O)
                                                      0.024     0.581 r  clk_IBUF_BUFG_inst/O
    X2Y4 (CLOCK_ROOT)    net (fo=1343, routed)        1.352     1.932    pe_2_0/clk_IBUF_BUFG
    SLICE_X79Y280        FDCE                                         r  pe_2_0/act_valid_d4_reg/C

Slack:                    inf
  Source:                 rst_n
                            (input port)
  Destination:            pe_2_1/act_d2_reg[0]/CLR
                            (recovery check against rising-edge clock clk_300mhz  {rise@0.000ns fall@3.200ns period=6.400ns})
  Path Group:             (none)
  Path Type:              Recovery (Max at Slow Process Corner)
  Data Path Delay:        2.728ns  (logic 0.566ns (20.729%)  route 2.163ns (79.271%))
  Logic Levels:           2  (IBUFCTRL=1 INBUF=1)
  Clock Path Skew:        1.932ns (DCD - SCD + CPR)
    Destination Clock Delay (DCD):    1.932ns
    Source Clock Delay      (SCD):    0.000ns
    Clock Pessimism Removal (CPR):    0.000ns
  Clock Uncertainty:      0.025ns  ((TSJ^2 + TIJ^2)^1/2 + DJ) / 2 + PE
    Total System Jitter     (TSJ):    0.050ns
    Total Input Jitter      (TIJ):    0.000ns
    Discrete Jitter          (DJ):    0.000ns
    Phase Error              (PE):    0.000ns
  Clock Net Delay (Destination): 1.352ns (routing 0.635ns, distribution 0.717ns)
  Timing Exception:       False Path

    Location             Delay type                Incr(ns)  Path(ns)    Netlist Resource(s)
  -------------------------------------------------------------------    -------------------
    C9                                                0.000     0.000 r  rst_n (IN)
                         net (fo=0)                   0.000     0.000    rst_n_IBUF_inst/I
    C9                   INBUF (Prop_INBUF_HPIOB_M_PAD_O)
                                                      0.566     0.566 r  rst_n_IBUF_inst/INBUF_INST/O
                         net (fo=1, routed)           0.000     0.566    rst_n_IBUF_inst/OUT
    C9                   IBUFCTRL (Prop_IBUFCTRL_HPIOB_M_I_O)
                                                      0.000     0.566 r  rst_n_IBUF_inst/IBUFCTRL_INST/O
                         net (fo=1339, routed)        2.163     2.728    pe_2_1/valid_s2_reg
    SLICE_X79Y280        FDCE                                         f  pe_2_1/act_d2_reg[0]/CLR  (IS_INVERTED)
  -------------------------------------------------------------------    -------------------

                         (clock clk_300mhz rise edge)
                                                      0.000     0.000 r  
    H11                                               0.000     0.000 r  clk (IN)
                         net (fo=0)                   0.000     0.000    clk_IBUF_inst/I
    H11                  INBUF (Prop_INBUF_HPIOB_M_PAD_O)
                                                      0.271     0.271 r  clk_IBUF_inst/INBUF_INST/O
                         net (fo=1, routed)           0.000     0.271    clk_IBUF_inst/OUT
    H11                  IBUFCTRL (Prop_IBUFCTRL_HPIOB_M_I_O)
                                                      0.000     0.271 r  clk_IBUF_inst/IBUFCTRL_INST/O
                         net (fo=1, routed)           0.286     0.557    clk_IBUF
    BUFGCE_X1Y124        BUFGCE (Prop_BUFCE_BUFGCE_I_O)
                                                      0.024     0.581 r  clk_IBUF_BUFG_inst/O
    X2Y4 (CLOCK_ROOT)    net (fo=1343, routed)        1.352     1.932    pe_2_1/clk_IBUF_BUFG
    SLICE_X79Y280        FDCE                                         r  pe_2_1/act_d2_reg[0]/C

Slack:                    inf
  Source:                 rst_n
                            (input port)
  Destination:            pe_2_1/act_d2_reg[1]/CLR
                            (recovery check against rising-edge clock clk_300mhz  {rise@0.000ns fall@3.200ns period=6.400ns})
  Path Group:             (none)
  Path Type:              Recovery (Max at Slow Process Corner)
  Data Path Delay:        2.728ns  (logic 0.566ns (20.729%)  route 2.163ns (79.271%))
  Logic Levels:           2  (IBUFCTRL=1 INBUF=1)
  Clock Path Skew:        1.932ns (DCD - SCD + CPR)
    Destination Clock Delay (DCD):    1.932ns
    Source Clock Delay      (SCD):    0.000ns
    Clock Pessimism Removal (CPR):    0.000ns
  Clock Uncertainty:      0.025ns  ((TSJ^2 + TIJ^2)^1/2 + DJ) / 2 + PE
    Total System Jitter     (TSJ):    0.050ns
    Total Input Jitter      (TIJ):    0.000ns
    Discrete Jitter          (DJ):    0.000ns
    Phase Error              (PE):    0.000ns
  Clock Net Delay (Destination): 1.352ns (routing 0.635ns, distribution 0.717ns)
  Timing Exception:       False Path

    Location             Delay type                Incr(ns)  Path(ns)    Netlist Resource(s)
  -------------------------------------------------------------------    -------------------
    C9                                                0.000     0.000 r  rst_n (IN)
                         net (fo=0)                   0.000     0.000    rst_n_IBUF_inst/I
    C9                   INBUF (Prop_INBUF_HPIOB_M_PAD_O)
                                                      0.566     0.566 r  rst_n_IBUF_inst/INBUF_INST/O
                         net (fo=1, routed)           0.000     0.566    rst_n_IBUF_inst/OUT
    C9                   IBUFCTRL (Prop_IBUFCTRL_HPIOB_M_I_O)
                                                      0.000     0.566 r  rst_n_IBUF_inst/IBUFCTRL_INST/O
                         net (fo=1339, routed)        2.163     2.728    pe_2_1/valid_s2_reg
    SLICE_X79Y280        FDCE                                         f  pe_2_1/act_d2_reg[1]/CLR  (IS_INVERTED)
  -------------------------------------------------------------------    -------------------

                         (clock clk_300mhz rise edge)
                                                      0.000     0.000 r  
    H11                                               0.000     0.000 r  clk (IN)
                         net (fo=0)                   0.000     0.000    clk_IBUF_inst/I
    H11                  INBUF (Prop_INBUF_HPIOB_M_PAD_O)
                                                      0.271     0.271 r  clk_IBUF_inst/INBUF_INST/O
                         net (fo=1, routed)           0.000     0.271    clk_IBUF_inst/OUT
    H11                  IBUFCTRL (Prop_IBUFCTRL_HPIOB_M_I_O)
                                                      0.000     0.271 r  clk_IBUF_inst/IBUFCTRL_INST/O
                         net (fo=1, routed)           0.286     0.557    clk_IBUF
    BUFGCE_X1Y124        BUFGCE (Prop_BUFCE_BUFGCE_I_O)
                                                      0.024     0.581 r  clk_IBUF_BUFG_inst/O
    X2Y4 (CLOCK_ROOT)    net (fo=1343, routed)        1.352     1.932    pe_2_1/clk_IBUF_BUFG
    SLICE_X79Y280        FDCE                                         r  pe_2_1/act_d2_reg[1]/C

Slack:                    inf
  Source:                 rst_n
                            (input port)
  Destination:            pe_2_1/act_d3_reg[0]/CLR
                            (recovery check against rising-edge clock clk_300mhz  {rise@0.000ns fall@3.200ns period=6.400ns})
  Path Group:             (none)
  Path Type:              Recovery (Max at Slow Process Corner)
  Data Path Delay:        2.728ns  (logic 0.566ns (20.729%)  route 2.163ns (79.271%))
  Logic Levels:           2  (IBUFCTRL=1 INBUF=1)
  Clock Path Skew:        1.932ns (DCD - SCD + CPR)
    Destination Clock Delay (DCD):    1.932ns
    Source Clock Delay      (SCD):    0.000ns
    Clock Pessimism Removal (CPR):    0.000ns
  Clock Uncertainty:      0.025ns  ((TSJ^2 + TIJ^2)^1/2 + DJ) / 2 + PE
    Total System Jitter     (TSJ):    0.050ns
    Total Input Jitter      (TIJ):    0.000ns
    Discrete Jitter          (DJ):    0.000ns
    Phase Error              (PE):    0.000ns
  Clock Net Delay (Destination): 1.352ns (routing 0.635ns, distribution 0.717ns)
  Timing Exception:       False Path

    Location             Delay type                Incr(ns)  Path(ns)    Netlist Resource(s)
  -------------------------------------------------------------------    -------------------
    C9                                                0.000     0.000 r  rst_n (IN)
                         net (fo=0)                   0.000     0.000    rst_n_IBUF_inst/I
    C9                   INBUF (Prop_INBUF_HPIOB_M_PAD_O)
                                                      0.566     0.566 r  rst_n_IBUF_inst/INBUF_INST/O
                         net (fo=1, routed)           0.000     0.566    rst_n_IBUF_inst/OUT
    C9                   IBUFCTRL (Prop_IBUFCTRL_HPIOB_M_I_O)
                                                      0.000     0.566 r  rst_n_IBUF_inst/IBUFCTRL_INST/O
                         net (fo=1339, routed)        2.163     2.728    pe_2_1/valid_s2_reg
    SLICE_X79Y280        FDCE                                         f  pe_2_1/act_d3_reg[0]/CLR  (IS_INVERTED)
  -------------------------------------------------------------------    -------------------

                         (clock clk_300mhz rise edge)
                                                      0.000     0.000 r  
    H11                                               0.000     0.000 r  clk (IN)
                         net (fo=0)                   0.000     0.000    clk_IBUF_inst/I
    H11                  INBUF (Prop_INBUF_HPIOB_M_PAD_O)
                                                      0.271     0.271 r  clk_IBUF_inst/INBUF_INST/O
                         net (fo=1, routed)           0.000     0.271    clk_IBUF_inst/OUT
    H11                  IBUFCTRL (Prop_IBUFCTRL_HPIOB_M_I_O)
                                                      0.000     0.271 r  clk_IBUF_inst/IBUFCTRL_INST/O
                         net (fo=1, routed)           0.286     0.557    clk_IBUF
    BUFGCE_X1Y124        BUFGCE (Prop_BUFCE_BUFGCE_I_O)
                                                      0.024     0.581 r  clk_IBUF_BUFG_inst/O
    X2Y4 (CLOCK_ROOT)    net (fo=1343, routed)        1.352     1.932    pe_2_1/clk_IBUF_BUFG
    SLICE_X79Y280        FDCE                                         r  pe_2_1/act_d3_reg[0]/C

Slack:                    inf
  Source:                 rst_n
                            (input port)
  Destination:            pe_2_1/act_d3_reg[1]/CLR
                            (recovery check against rising-edge clock clk_300mhz  {rise@0.000ns fall@3.200ns period=6.400ns})
  Path Group:             (none)
  Path Type:              Recovery (Max at Slow Process Corner)
  Data Path Delay:        2.728ns  (logic 0.566ns (20.729%)  route 2.163ns (79.271%))
  Logic Levels:           2  (IBUFCTRL=1 INBUF=1)
  Clock Path Skew:        1.932ns (DCD - SCD + CPR)
    Destination Clock Delay (DCD):    1.932ns
    Source Clock Delay      (SCD):    0.000ns
    Clock Pessimism Removal (CPR):    0.000ns
  Clock Uncertainty:      0.025ns  ((TSJ^2 + TIJ^2)^1/2 + DJ) / 2 + PE
    Total System Jitter     (TSJ):    0.050ns
    Total Input Jitter      (TIJ):    0.000ns
    Discrete Jitter          (DJ):    0.000ns
    Phase Error              (PE):    0.000ns
  Clock Net Delay (Destination): 1.352ns (routing 0.635ns, distribution 0.717ns)
  Timing Exception:       False Path

    Location             Delay type                Incr(ns)  Path(ns)    Netlist Resource(s)
  -------------------------------------------------------------------    -------------------
    C9                                                0.000     0.000 r  rst_n (IN)
                         net (fo=0)                   0.000     0.000    rst_n_IBUF_inst/I
    C9                   INBUF (Prop_INBUF_HPIOB_M_PAD_O)
                                                      0.566     0.566 r  rst_n_IBUF_inst/INBUF_INST/O
                         net (fo=1, routed)           0.000     0.566    rst_n_IBUF_inst/OUT
    C9                   IBUFCTRL (Prop_IBUFCTRL_HPIOB_M_I_O)
                                                      0.000     0.566 r  rst_n_IBUF_inst/IBUFCTRL_INST/O
                         net (fo=1339, routed)        2.163     2.728    pe_2_1/valid_s2_reg
    SLICE_X79Y280        FDCE                                         f  pe_2_1/act_d3_reg[1]/CLR  (IS_INVERTED)
  -------------------------------------------------------------------    -------------------

                         (clock clk_300mhz rise edge)
                                                      0.000     0.000 r  
    H11                                               0.000     0.000 r  clk (IN)
                         net (fo=0)                   0.000     0.000    clk_IBUF_inst/I
    H11                  INBUF (Prop_INBUF_HPIOB_M_PAD_O)
                                                      0.271     0.271 r  clk_IBUF_inst/INBUF_INST/O
                         net (fo=1, routed)           0.000     0.271    clk_IBUF_inst/OUT
    H11                  IBUFCTRL (Prop_IBUFCTRL_HPIOB_M_I_O)
                                                      0.000     0.271 r  clk_IBUF_inst/IBUFCTRL_INST/O
                         net (fo=1, routed)           0.286     0.557    clk_IBUF
    BUFGCE_X1Y124        BUFGCE (Prop_BUFCE_BUFGCE_I_O)
                                                      0.024     0.581 r  clk_IBUF_BUFG_inst/O
    X2Y4 (CLOCK_ROOT)    net (fo=1343, routed)        1.352     1.932    pe_2_1/clk_IBUF_BUFG
    SLICE_X79Y280        FDCE                                         r  pe_2_1/act_d3_reg[1]/C

Slack:                    inf
  Source:                 rst_n
                            (input port)
  Destination:            pe_2_1/act_d4_reg[1]/CLR
                            (recovery check against rising-edge clock clk_300mhz  {rise@0.000ns fall@3.200ns period=6.400ns})
  Path Group:             (none)
  Path Type:              Recovery (Max at Slow Process Corner)
  Data Path Delay:        2.728ns  (logic 0.566ns (20.729%)  route 2.163ns (79.271%))
  Logic Levels:           2  (IBUFCTRL=1 INBUF=1)
  Clock Path Skew:        1.932ns (DCD - SCD + CPR)
    Destination Clock Delay (DCD):    1.932ns
    Source Clock Delay      (SCD):    0.000ns
    Clock Pessimism Removal (CPR):    0.000ns
  Clock Uncertainty:      0.025ns  ((TSJ^2 + TIJ^2)^1/2 + DJ) / 2 + PE
    Total System Jitter     (TSJ):    0.050ns
    Total Input Jitter      (TIJ):    0.000ns
    Discrete Jitter          (DJ):    0.000ns
    Phase Error              (PE):    0.000ns
  Clock Net Delay (Destination): 1.352ns (routing 0.635ns, distribution 0.717ns)
  Timing Exception:       False Path

    Location             Delay type                Incr(ns)  Path(ns)    Netlist Resource(s)
  -------------------------------------------------------------------    -------------------
    C9                                                0.000     0.000 r  rst_n (IN)
                         net (fo=0)                   0.000     0.000    rst_n_IBUF_inst/I
    C9                   INBUF (Prop_INBUF_HPIOB_M_PAD_O)
                                                      0.566     0.566 r  rst_n_IBUF_inst/INBUF_INST/O
                         net (fo=1, routed)           0.000     0.566    rst_n_IBUF_inst/OUT
    C9                   IBUFCTRL (Prop_IBUFCTRL_HPIOB_M_I_O)
                                                      0.000     0.566 r  rst_n_IBUF_inst/IBUFCTRL_INST/O
                         net (fo=1339, routed)        2.163     2.728    pe_2_1/valid_s2_reg
    SLICE_X79Y280        FDCE                                         f  pe_2_1/act_d4_reg[1]/CLR  (IS_INVERTED)
  -------------------------------------------------------------------    -------------------

                         (clock clk_300mhz rise edge)
                                                      0.000     0.000 r  
    H11                                               0.000     0.000 r  clk (IN)
                         net (fo=0)                   0.000     0.000    clk_IBUF_inst/I
    H11                  INBUF (Prop_INBUF_HPIOB_M_PAD_O)
                                                      0.271     0.271 r  clk_IBUF_inst/INBUF_INST/O
                         net (fo=1, routed)           0.000     0.271    clk_IBUF_inst/OUT
    H11                  IBUFCTRL (Prop_IBUFCTRL_HPIOB_M_I_O)
                                                      0.000     0.271 r  clk_IBUF_inst/IBUFCTRL_INST/O
                         net (fo=1, routed)           0.286     0.557    clk_IBUF
    BUFGCE_X1Y124        BUFGCE (Prop_BUFCE_BUFGCE_I_O)
                                                      0.024     0.581 r  clk_IBUF_BUFG_inst/O
    X2Y4 (CLOCK_ROOT)    net (fo=1343, routed)        1.352     1.932    pe_2_1/clk_IBUF_BUFG
    SLICE_X79Y280        FDCE                                         r  pe_2_1/act_d4_reg[1]/C

Slack:                    inf
  Source:                 rst_n
                            (input port)
  Destination:            pe_2_1/act_d4_reg[2]/CLR
                            (recovery check against rising-edge clock clk_300mhz  {rise@0.000ns fall@3.200ns period=6.400ns})
  Path Group:             (none)
  Path Type:              Recovery (Max at Slow Process Corner)
  Data Path Delay:        2.728ns  (logic 0.566ns (20.729%)  route 2.163ns (79.271%))
  Logic Levels:           2  (IBUFCTRL=1 INBUF=1)
  Clock Path Skew:        1.932ns (DCD - SCD + CPR)
    Destination Clock Delay (DCD):    1.932ns
    Source Clock Delay      (SCD):    0.000ns
    Clock Pessimism Removal (CPR):    0.000ns
  Clock Uncertainty:      0.025ns  ((TSJ^2 + TIJ^2)^1/2 + DJ) / 2 + PE
    Total System Jitter     (TSJ):    0.050ns
    Total Input Jitter      (TIJ):    0.000ns
    Discrete Jitter          (DJ):    0.000ns
    Phase Error              (PE):    0.000ns
  Clock Net Delay (Destination): 1.352ns (routing 0.635ns, distribution 0.717ns)
  Timing Exception:       False Path

    Location             Delay type                Incr(ns)  Path(ns)    Netlist Resource(s)
  -------------------------------------------------------------------    -------------------
    C9                                                0.000     0.000 r  rst_n (IN)
                         net (fo=0)                   0.000     0.000    rst_n_IBUF_inst/I
    C9                   INBUF (Prop_INBUF_HPIOB_M_PAD_O)
                                                      0.566     0.566 r  rst_n_IBUF_inst/INBUF_INST/O
                         net (fo=1, routed)           0.000     0.566    rst_n_IBUF_inst/OUT
    C9                   IBUFCTRL (Prop_IBUFCTRL_HPIOB_M_I_O)
                                                      0.000     0.566 r  rst_n_IBUF_inst/IBUFCTRL_INST/O
                         net (fo=1339, routed)        2.163     2.728    pe_2_1/valid_s2_reg
    SLICE_X79Y280        FDCE                                         f  pe_2_1/act_d4_reg[2]/CLR  (IS_INVERTED)
  -------------------------------------------------------------------    -------------------

                         (clock clk_300mhz rise edge)
                                                      0.000     0.000 r  
    H11                                               0.000     0.000 r  clk (IN)
                         net (fo=0)                   0.000     0.000    clk_IBUF_inst/I
    H11                  INBUF (Prop_INBUF_HPIOB_M_PAD_O)
                                                      0.271     0.271 r  clk_IBUF_inst/INBUF_INST/O
                         net (fo=1, routed)           0.000     0.271    clk_IBUF_inst/OUT
    H11                  IBUFCTRL (Prop_IBUFCTRL_HPIOB_M_I_O)
                                                      0.000     0.271 r  clk_IBUF_inst/IBUFCTRL_INST/O
                         net (fo=1, routed)           0.286     0.557    clk_IBUF
    BUFGCE_X1Y124        BUFGCE (Prop_BUFCE_BUFGCE_I_O)
                                                      0.024     0.581 r  clk_IBUF_BUFG_inst/O
    X2Y4 (CLOCK_ROOT)    net (fo=1343, routed)        1.352     1.932    pe_2_1/clk_IBUF_BUFG
    SLICE_X79Y280        FDCE                                         r  pe_2_1/act_d4_reg[2]/C





Min Delay Paths
--------------------------------------------------------------------------------------
Slack:                    inf
  Source:                 rst_n
                            (input port)
  Destination:            pe_0_2/u_multiplier/b_s1_reg[0]/CLR
                            (removal check against rising-edge clock clk_300mhz  {rise@0.000ns fall@3.200ns period=6.400ns})
  Path Group:             (none)
  Path Type:              Removal (Min at Fast Process Corner)
  Data Path Delay:        0.754ns  (logic 0.200ns (26.540%)  route 0.554ns (73.460%))
  Logic Levels:           2  (IBUFCTRL=1 INBUF=1)
  Clock Path Skew:        1.488ns (DCD - SCD - CPR)
    Destination Clock Delay (DCD):    1.488ns
    Source Clock Delay      (SCD):    0.000ns
    Clock Pessimism Removal (CPR):    -0.000ns
  Clock Net Delay (Destination): 0.947ns (routing 0.433ns, distribution 0.514ns)
  Timing Exception:       False Path

    Location             Delay type                Incr(ns)  Path(ns)    Netlist Resource(s)
  -------------------------------------------------------------------    -------------------
    C9                                                0.000     0.000 r  rst_n (IN)
                         net (fo=0)                   0.000     0.000    rst_n_IBUF_inst/I
    C9                   INBUF (Prop_INBUF_HPIOB_M_PAD_O)
                                                      0.200     0.200 r  rst_n_IBUF_inst/INBUF_INST/O
                         net (fo=1, routed)           0.000     0.200    rst_n_IBUF_inst/OUT
    C9                   IBUFCTRL (Prop_IBUFCTRL_HPIOB_M_I_O)
                                                      0.000     0.200 r  rst_n_IBUF_inst/IBUFCTRL_INST/O
                         net (fo=1339, routed)        0.554     0.754    pe_0_2/u_multiplier/product_s2_reg[15]_0
    SLICE_X69Y281        FDCE                                         f  pe_0_2/u_multiplier/b_s1_reg[0]/CLR  (IS_INVERTED)
  -------------------------------------------------------------------    -------------------

                         (clock clk_300mhz rise edge)
                                                      0.000     0.000 r  
    H11                                               0.000     0.000 r  clk (IN)
                         net (fo=0)                   0.000     0.000    clk_IBUF_inst/I
    H11                  INBUF (Prop_INBUF_HPIOB_M_PAD_O)
                                                      0.341     0.341 r  clk_IBUF_inst/INBUF_INST/O
                         net (fo=1, routed)           0.000     0.341    clk_IBUF_inst/OUT
    H11                  IBUFCTRL (Prop_IBUFCTRL_HPIOB_M_I_O)
                                                      0.000     0.341 r  clk_IBUF_inst/IBUFCTRL_INST/O
                         net (fo=1, routed)           0.181     0.522    clk_IBUF
    BUFGCE_X1Y124        BUFGCE (Prop_BUFCE_BUFGCE_I_O)
                                                      0.019     0.541 r  clk_IBUF_BUFG_inst/O
    X2Y4 (CLOCK_ROOT)    net (fo=1343, routed)        0.947     1.488    pe_0_2/u_multiplier/clk_IBUF_BUFG
    SLICE_X69Y281        FDCE                                         r  pe_0_2/u_multiplier/b_s1_reg[0]/C

Slack:                    inf
  Source:                 rst_n
                            (input port)
  Destination:            pe_0_2/u_multiplier/b_s1_reg[2]/CLR
                            (removal check against rising-edge clock clk_300mhz  {rise@0.000ns fall@3.200ns period=6.400ns})
  Path Group:             (none)
  Path Type:              Removal (Min at Fast Process Corner)
  Data Path Delay:        0.781ns  (logic 0.200ns (25.607%)  route 0.581ns (74.393%))
  Logic Levels:           2  (IBUFCTRL=1 INBUF=1)
  Clock Path Skew:        1.492ns (DCD - SCD - CPR)
    Destination Clock Delay (DCD):    1.492ns
    Source Clock Delay      (SCD):    0.000ns
    Clock Pessimism Removal (CPR):    -0.000ns
  Clock Net Delay (Destination): 0.951ns (routing 0.433ns, distribution 0.518ns)
  Timing Exception:       False Path

    Location             Delay type                Incr(ns)  Path(ns)    Netlist Resource(s)
  -------------------------------------------------------------------    -------------------
    C9                                                0.000     0.000 r  rst_n (IN)
                         net (fo=0)                   0.000     0.000    rst_n_IBUF_inst/I
    C9                   INBUF (Prop_INBUF_HPIOB_M_PAD_O)
                                                      0.200     0.200 r  rst_n_IBUF_inst/INBUF_INST/O
                         net (fo=1, routed)           0.000     0.200    rst_n_IBUF_inst/OUT
    C9                   IBUFCTRL (Prop_IBUFCTRL_HPIOB_M_I_O)
                                                      0.000     0.200 r  rst_n_IBUF_inst/IBUFCTRL_INST/O
                         net (fo=1339, routed)        0.581     0.781    pe_0_2/u_multiplier/product_s2_reg[15]_0
    SLICE_X69Y280        FDCE                                         f  pe_0_2/u_multiplier/b_s1_reg[2]/CLR  (IS_INVERTED)
  -------------------------------------------------------------------    -------------------

                         (clock clk_300mhz rise edge)
                                                      0.000     0.000 r  
    H11                                               0.000     0.000 r  clk (IN)
                         net (fo=0)                   0.000     0.000    clk_IBUF_inst/I
    H11                  INBUF (Prop_INBUF_HPIOB_M_PAD_O)
                                                      0.341     0.341 r  clk_IBUF_inst/INBUF_INST/O
                         net (fo=1, routed)           0.000     0.341    clk_IBUF_inst/OUT
    H11                  IBUFCTRL (Prop_IBUFCTRL_HPIOB_M_I_O)
                                                      0.000     0.341 r  clk_IBUF_inst/IBUFCTRL_INST/O
                         net (fo=1, routed)           0.181     0.522    clk_IBUF
    BUFGCE_X1Y124        BUFGCE (Prop_BUFCE_BUFGCE_I_O)
                                                      0.019     0.541 r  clk_IBUF_BUFG_inst/O
    X2Y4 (CLOCK_ROOT)    net (fo=1343, routed)        0.951     1.492    pe_0_2/u_multiplier/clk_IBUF_BUFG
    SLICE_X69Y280        FDCE                                         r  pe_0_2/u_multiplier/b_s1_reg[2]/C

Slack:                    inf
  Source:                 rst_n
                            (input port)
  Destination:            pe_0_2/weight_active_reg[0]/CLR
                            (removal check against rising-edge clock clk_300mhz  {rise@0.000ns fall@3.200ns period=6.400ns})
  Path Group:             (none)
  Path Type:              Removal (Min at Fast Process Corner)
  Data Path Delay:        0.781ns  (logic 0.200ns (25.607%)  route 0.581ns (74.393%))
  Logic Levels:           2  (IBUFCTRL=1 INBUF=1)
  Clock Path Skew:        1.493ns (DCD - SCD - CPR)
    Destination Clock Delay (DCD):    1.493ns
    Source Clock Delay      (SCD):    0.000ns
    Clock Pessimism Removal (CPR):    -0.000ns
  Clock Net Delay (Destination): 0.952ns (routing 0.433ns, distribution 0.519ns)
  Timing Exception:       False Path

    Location             Delay type                Incr(ns)  Path(ns)    Netlist Resource(s)
  -------------------------------------------------------------------    -------------------
    C9                                                0.000     0.000 r  rst_n (IN)
                         net (fo=0)                   0.000     0.000    rst_n_IBUF_inst/I
    C9                   INBUF (Prop_INBUF_HPIOB_M_PAD_O)
                                                      0.200     0.200 r  rst_n_IBUF_inst/INBUF_INST/O
                         net (fo=1, routed)           0.000     0.200    rst_n_IBUF_inst/OUT
    C9                   IBUFCTRL (Prop_IBUFCTRL_HPIOB_M_I_O)
                                                      0.000     0.200 r  rst_n_IBUF_inst/IBUFCTRL_INST/O
                         net (fo=1339, routed)        0.581     0.781    pe_0_2/product_s2_reg[15]
    SLICE_X69Y282        FDCE                                         f  pe_0_2/weight_active_reg[0]/CLR  (IS_INVERTED)
  -------------------------------------------------------------------    -------------------

                         (clock clk_300mhz rise edge)
                                                      0.000     0.000 r  
    H11                                               0.000     0.000 r  clk (IN)
                         net (fo=0)                   0.000     0.000    clk_IBUF_inst/I
    H11                  INBUF (Prop_INBUF_HPIOB_M_PAD_O)
                                                      0.341     0.341 r  clk_IBUF_inst/INBUF_INST/O
                         net (fo=1, routed)           0.000     0.341    clk_IBUF_inst/OUT
    H11                  IBUFCTRL (Prop_IBUFCTRL_HPIOB_M_I_O)
                                                      0.000     0.341 r  clk_IBUF_inst/IBUFCTRL_INST/O
                         net (fo=1, routed)           0.181     0.522    clk_IBUF
    BUFGCE_X1Y124        BUFGCE (Prop_BUFCE_BUFGCE_I_O)
                                                      0.019     0.541 r  clk_IBUF_BUFG_inst/O
    X2Y4 (CLOCK_ROOT)    net (fo=1343, routed)        0.952     1.493    pe_0_2/clk_IBUF_BUFG
    SLICE_X69Y282        FDCE                                         r  pe_0_2/weight_active_reg[0]/C

Slack:                    inf
  Source:                 rst_n
                            (input port)
  Destination:            pe_0_2/weight_active_reg[2]/CLR
                            (removal check against rising-edge clock clk_300mhz  {rise@0.000ns fall@3.200ns period=6.400ns})
  Path Group:             (none)
  Path Type:              Removal (Min at Fast Process Corner)
  Data Path Delay:        0.781ns  (logic 0.200ns (25.607%)  route 0.581ns (74.393%))
  Logic Levels:           2  (IBUFCTRL=1 INBUF=1)
  Clock Path Skew:        1.493ns (DCD - SCD - CPR)
    Destination Clock Delay (DCD):    1.493ns
    Source Clock Delay      (SCD):    0.000ns
    Clock Pessimism Removal (CPR):    -0.000ns
  Clock Net Delay (Destination): 0.952ns (routing 0.433ns, distribution 0.519ns)
  Timing Exception:       False Path

    Location             Delay type                Incr(ns)  Path(ns)    Netlist Resource(s)
  -------------------------------------------------------------------    -------------------
    C9                                                0.000     0.000 r  rst_n (IN)
                         net (fo=0)                   0.000     0.000    rst_n_IBUF_inst/I
    C9                   INBUF (Prop_INBUF_HPIOB_M_PAD_O)
                                                      0.200     0.200 r  rst_n_IBUF_inst/INBUF_INST/O
                         net (fo=1, routed)           0.000     0.200    rst_n_IBUF_inst/OUT
    C9                   IBUFCTRL (Prop_IBUFCTRL_HPIOB_M_I_O)
                                                      0.000     0.200 r  rst_n_IBUF_inst/IBUFCTRL_INST/O
                         net (fo=1339, routed)        0.581     0.781    pe_0_2/product_s2_reg[15]
    SLICE_X69Y282        FDCE                                         f  pe_0_2/weight_active_reg[2]/CLR  (IS_INVERTED)
  -------------------------------------------------------------------    -------------------

                         (clock clk_300mhz rise edge)
                                                      0.000     0.000 r  
    H11                                               0.000     0.000 r  clk (IN)
                         net (fo=0)                   0.000     0.000    clk_IBUF_inst/I
    H11                  INBUF (Prop_INBUF_HPIOB_M_PAD_O)
                                                      0.341     0.341 r  clk_IBUF_inst/INBUF_INST/O
                         net (fo=1, routed)           0.000     0.341    clk_IBUF_inst/OUT
    H11                  IBUFCTRL (Prop_IBUFCTRL_HPIOB_M_I_O)
                                                      0.000     0.341 r  clk_IBUF_inst/IBUFCTRL_INST/O
                         net (fo=1, routed)           0.181     0.522    clk_IBUF
    BUFGCE_X1Y124        BUFGCE (Prop_BUFCE_BUFGCE_I_O)
                                                      0.019     0.541 r  clk_IBUF_BUFG_inst/O
    X2Y4 (CLOCK_ROOT)    net (fo=1343, routed)        0.952     1.493    pe_0_2/clk_IBUF_BUFG
    SLICE_X69Y282        FDCE                                         r  pe_0_2/weight_active_reg[2]/C

Slack:                    inf
  Source:                 rst_n
                            (input port)
  Destination:            pe_0_2/psum_o_reg[10]/CLR
                            (removal check against rising-edge clock clk_300mhz  {rise@0.000ns fall@3.200ns period=6.400ns})
  Path Group:             (none)
  Path Type:              Removal (Min at Fast Process Corner)
  Data Path Delay:        0.801ns  (logic 0.200ns (24.977%)  route 0.601ns (75.023%))
  Logic Levels:           2  (IBUFCTRL=1 INBUF=1)
  Clock Path Skew:        1.492ns (DCD - SCD - CPR)
    Destination Clock Delay (DCD):    1.492ns
    Source Clock Delay      (SCD):    0.000ns
    Clock Pessimism Removal (CPR):    -0.000ns
  Clock Net Delay (Destination): 0.951ns (routing 0.433ns, distribution 0.518ns)
  Timing Exception:       False Path

    Location             Delay type                Incr(ns)  Path(ns)    Netlist Resource(s)
  -------------------------------------------------------------------    -------------------
    C9                                                0.000     0.000 r  rst_n (IN)
                         net (fo=0)                   0.000     0.000    rst_n_IBUF_inst/I
    C9                   INBUF (Prop_INBUF_HPIOB_M_PAD_O)
                                                      0.200     0.200 r  rst_n_IBUF_inst/INBUF_INST/O
                         net (fo=1, routed)           0.000     0.200    rst_n_IBUF_inst/OUT
    C9                   IBUFCTRL (Prop_IBUFCTRL_HPIOB_M_I_O)
                                                      0.000     0.200 r  rst_n_IBUF_inst/IBUFCTRL_INST/O
                         net (fo=1339, routed)        0.601     0.801    pe_0_2/product_s2_reg[15]
    SLICE_X68Y281        FDCE                                         f  pe_0_2/psum_o_reg[10]/CLR  (IS_INVERTED)
  -------------------------------------------------------------------    -------------------

                         (clock clk_300mhz rise edge)
                                                      0.000     0.000 r  
    H11                                               0.000     0.000 r  clk (IN)
                         net (fo=0)                   0.000     0.000    clk_IBUF_inst/I
    H11                  INBUF (Prop_INBUF_HPIOB_M_PAD_O)
                                                      0.341     0.341 r  clk_IBUF_inst/INBUF_INST/O
                         net (fo=1, routed)           0.000     0.341    clk_IBUF_inst/OUT
    H11                  IBUFCTRL (Prop_IBUFCTRL_HPIOB_M_I_O)
                                                      0.000     0.341 r  clk_IBUF_inst/IBUFCTRL_INST/O
                         net (fo=1, routed)           0.181     0.522    clk_IBUF
    BUFGCE_X1Y124        BUFGCE (Prop_BUFCE_BUFGCE_I_O)
                                                      0.019     0.541 r  clk_IBUF_BUFG_inst/O
    X2Y4 (CLOCK_ROOT)    net (fo=1343, routed)        0.951     1.492    pe_0_2/clk_IBUF_BUFG
    SLICE_X68Y281        FDCE                                         r  pe_0_2/psum_o_reg[10]/C

Slack:                    inf
  Source:                 rst_n
                            (input port)
  Destination:            pe_0_2/psum_o_reg[11]/CLR
                            (removal check against rising-edge clock clk_300mhz  {rise@0.000ns fall@3.200ns period=6.400ns})
  Path Group:             (none)
  Path Type:              Removal (Min at Fast Process Corner)
  Data Path Delay:        0.801ns  (logic 0.200ns (24.977%)  route 0.601ns (75.023%))
  Logic Levels:           2  (IBUFCTRL=1 INBUF=1)
  Clock Path Skew:        1.492ns (DCD - SCD - CPR)
    Destination Clock Delay (DCD):    1.492ns
    Source Clock Delay      (SCD):    0.000ns
    Clock Pessimism Removal (CPR):    -0.000ns
  Clock Net Delay (Destination): 0.951ns (routing 0.433ns, distribution 0.518ns)
  Timing Exception:       False Path

    Location             Delay type                Incr(ns)  Path(ns)    Netlist Resource(s)
  -------------------------------------------------------------------    -------------------
    C9                                                0.000     0.000 r  rst_n (IN)
                         net (fo=0)                   0.000     0.000    rst_n_IBUF_inst/I
    C9                   INBUF (Prop_INBUF_HPIOB_M_PAD_O)
                                                      0.200     0.200 r  rst_n_IBUF_inst/INBUF_INST/O
                         net (fo=1, routed)           0.000     0.200    rst_n_IBUF_inst/OUT
    C9                   IBUFCTRL (Prop_IBUFCTRL_HPIOB_M_I_O)
                                                      0.000     0.200 r  rst_n_IBUF_inst/IBUFCTRL_INST/O
                         net (fo=1339, routed)        0.601     0.801    pe_0_2/product_s2_reg[15]
    SLICE_X68Y281        FDCE                                         f  pe_0_2/psum_o_reg[11]/CLR  (IS_INVERTED)
  -------------------------------------------------------------------    -------------------

                         (clock clk_300mhz rise edge)
                                                      0.000     0.000 r  
    H11                                               0.000     0.000 r  clk (IN)
                         net (fo=0)                   0.000     0.000    clk_IBUF_inst/I
    H11                  INBUF (Prop_INBUF_HPIOB_M_PAD_O)
                                                      0.341     0.341 r  clk_IBUF_inst/INBUF_INST/O
                         net (fo=1, routed)           0.000     0.341    clk_IBUF_inst/OUT
    H11                  IBUFCTRL (Prop_IBUFCTRL_HPIOB_M_I_O)
                                                      0.000     0.341 r  clk_IBUF_inst/IBUFCTRL_INST/O
                         net (fo=1, routed)           0.181     0.522    clk_IBUF
    BUFGCE_X1Y124        BUFGCE (Prop_BUFCE_BUFGCE_I_O)
                                                      0.019     0.541 r  clk_IBUF_BUFG_inst/O
    X2Y4 (CLOCK_ROOT)    net (fo=1343, routed)        0.951     1.492    pe_0_2/clk_IBUF_BUFG
    SLICE_X68Y281        FDCE                                         r  pe_0_2/psum_o_reg[11]/C

Slack:                    inf
  Source:                 rst_n
                            (input port)
  Destination:            pe_0_2/u_multiplier/product_o_reg[10]/CLR
                            (removal check against rising-edge clock clk_300mhz  {rise@0.000ns fall@3.200ns period=6.400ns})
  Path Group:             (none)
  Path Type:              Removal (Min at Fast Process Corner)
  Data Path Delay:        0.801ns  (logic 0.200ns (24.977%)  route 0.601ns (75.023%))
  Logic Levels:           2  (IBUFCTRL=1 INBUF=1)
  Clock Path Skew:        1.496ns (DCD - SCD - CPR)
    Destination Clock Delay (DCD):    1.496ns
    Source Clock Delay      (SCD):    0.000ns
    Clock Pessimism Removal (CPR):    -0.000ns
  Clock Net Delay (Destination): 0.955ns (routing 0.433ns, distribution 0.522ns)
  Timing Exception:       False Path

    Location             Delay type                Incr(ns)  Path(ns)    Netlist Resource(s)
  -------------------------------------------------------------------    -------------------
    C9                                                0.000     0.000 r  rst_n (IN)
                         net (fo=0)                   0.000     0.000    rst_n_IBUF_inst/I
    C9                   INBUF (Prop_INBUF_HPIOB_M_PAD_O)
                                                      0.200     0.200 r  rst_n_IBUF_inst/INBUF_INST/O
                         net (fo=1, routed)           0.000     0.200    rst_n_IBUF_inst/OUT
    C9                   IBUFCTRL (Prop_IBUFCTRL_HPIOB_M_I_O)
                                                      0.000     0.200 r  rst_n_IBUF_inst/IBUFCTRL_INST/O
                         net (fo=1339, routed)        0.601     0.801    pe_0_2/u_multiplier/product_s2_reg[15]_0
    SLICE_X68Y281        FDCE                                         f  pe_0_2/u_multiplier/product_o_reg[10]/CLR  (IS_INVERTED)
  -------------------------------------------------------------------    -------------------

                         (clock clk_300mhz rise edge)
                                                      0.000     0.000 r  
    H11                                               0.000     0.000 r  clk (IN)
                         net (fo=0)                   0.000     0.000    clk_IBUF_inst/I
    H11                  INBUF (Prop_INBUF_HPIOB_M_PAD_O)
                                                      0.341     0.341 r  clk_IBUF_inst/INBUF_INST/O
                         net (fo=1, routed)           0.000     0.341    clk_IBUF_inst/OUT
    H11                  IBUFCTRL (Prop_IBUFCTRL_HPIOB_M_I_O)
                                                      0.000     0.341 r  clk_IBUF_inst/IBUFCTRL_INST/O
                         net (fo=1, routed)           0.181     0.522    clk_IBUF
    BUFGCE_X1Y124        BUFGCE (Prop_BUFCE_BUFGCE_I_O)
                                                      0.019     0.541 r  clk_IBUF_BUFG_inst/O
    X2Y4 (CLOCK_ROOT)    net (fo=1343, routed)        0.955     1.496    pe_0_2/u_multiplier/clk_IBUF_BUFG
    SLICE_X68Y281        FDCE                                         r  pe_0_2/u_multiplier/product_o_reg[10]/C

Slack:                    inf
  Source:                 rst_n
                            (input port)
  Destination:            pe_0_2/u_multiplier/product_o_reg[11]/CLR
                            (removal check against rising-edge clock clk_300mhz  {rise@0.000ns fall@3.200ns period=6.400ns})
  Path Group:             (none)
  Path Type:              Removal (Min at Fast Process Corner)
  Data Path Delay:        0.801ns  (logic 0.200ns (24.977%)  route 0.601ns (75.023%))
  Logic Levels:           2  (IBUFCTRL=1 INBUF=1)
  Clock Path Skew:        1.496ns (DCD - SCD - CPR)
    Destination Clock Delay (DCD):    1.496ns
    Source Clock Delay      (SCD):    0.000ns
    Clock Pessimism Removal (CPR):    -0.000ns
  Clock Net Delay (Destination): 0.955ns (routing 0.433ns, distribution 0.522ns)
  Timing Exception:       False Path

    Location             Delay type                Incr(ns)  Path(ns)    Netlist Resource(s)
  -------------------------------------------------------------------    -------------------
    C9                                                0.000     0.000 r  rst_n (IN)
                         net (fo=0)                   0.000     0.000    rst_n_IBUF_inst/I
    C9                   INBUF (Prop_INBUF_HPIOB_M_PAD_O)
                                                      0.200     0.200 r  rst_n_IBUF_inst/INBUF_INST/O
                         net (fo=1, routed)           0.000     0.200    rst_n_IBUF_inst/OUT
    C9                   IBUFCTRL (Prop_IBUFCTRL_HPIOB_M_I_O)
                                                      0.000     0.200 r  rst_n_IBUF_inst/IBUFCTRL_INST/O
                         net (fo=1339, routed)        0.601     0.801    pe_0_2/u_multiplier/product_s2_reg[15]_0
    SLICE_X68Y281        FDCE                                         f  pe_0_2/u_multiplier/product_o_reg[11]/CLR  (IS_INVERTED)
  -------------------------------------------------------------------    -------------------

                         (clock clk_300mhz rise edge)
                                                      0.000     0.000 r  
    H11                                               0.000     0.000 r  clk (IN)
                         net (fo=0)                   0.000     0.000    clk_IBUF_inst/I
    H11                  INBUF (Prop_INBUF_HPIOB_M_PAD_O)
                                                      0.341     0.341 r  clk_IBUF_inst/INBUF_INST/O
                         net (fo=1, routed)           0.000     0.341    clk_IBUF_inst/OUT
    H11                  IBUFCTRL (Prop_IBUFCTRL_HPIOB_M_I_O)
                                                      0.000     0.341 r  clk_IBUF_inst/IBUFCTRL_INST/O
                         net (fo=1, routed)           0.181     0.522    clk_IBUF
    BUFGCE_X1Y124        BUFGCE (Prop_BUFCE_BUFGCE_I_O)
                                                      0.019     0.541 r  clk_IBUF_BUFG_inst/O
    X2Y4 (CLOCK_ROOT)    net (fo=1343, routed)        0.955     1.496    pe_0_2/u_multiplier/clk_IBUF_BUFG
    SLICE_X68Y281        FDCE                                         r  pe_0_2/u_multiplier/product_o_reg[11]/C

Slack:                    inf
  Source:                 rst_n
                            (input port)
  Destination:            pe_1_2/psum_d1_reg[10]/CLR
                            (removal check against rising-edge clock clk_300mhz  {rise@0.000ns fall@3.200ns period=6.400ns})
  Path Group:             (none)
  Path Type:              Removal (Min at Fast Process Corner)
  Data Path Delay:        0.801ns  (logic 0.200ns (24.977%)  route 0.601ns (75.023%))
  Logic Levels:           2  (IBUFCTRL=1 INBUF=1)
  Clock Path Skew:        1.492ns (DCD - SCD - CPR)
    Destination Clock Delay (DCD):    1.492ns
    Source Clock Delay      (SCD):    0.000ns
    Clock Pessimism Removal (CPR):    -0.000ns
  Clock Net Delay (Destination): 0.951ns (routing 0.433ns, distribution 0.518ns)
  Timing Exception:       False Path

    Location             Delay type                Incr(ns)  Path(ns)    Netlist Resource(s)
  -------------------------------------------------------------------    -------------------
    C9                                                0.000     0.000 r  rst_n (IN)
                         net (fo=0)                   0.000     0.000    rst_n_IBUF_inst/I
    C9                   INBUF (Prop_INBUF_HPIOB_M_PAD_O)
                                                      0.200     0.200 r  rst_n_IBUF_inst/INBUF_INST/O
                         net (fo=1, routed)           0.000     0.200    rst_n_IBUF_inst/OUT
    C9                   IBUFCTRL (Prop_IBUFCTRL_HPIOB_M_I_O)
                                                      0.000     0.200 r  rst_n_IBUF_inst/IBUFCTRL_INST/O
                         net (fo=1339, routed)        0.601     0.801    pe_1_2/valid_o_reg
    SLICE_X68Y281        FDCE                                         f  pe_1_2/psum_d1_reg[10]/CLR  (IS_INVERTED)
  -------------------------------------------------------------------    -------------------

                         (clock clk_300mhz rise edge)
                                                      0.000     0.000 r  
    H11                                               0.000     0.000 r  clk (IN)
                         net (fo=0)                   0.000     0.000    clk_IBUF_inst/I
    H11                  INBUF (Prop_INBUF_HPIOB_M_PAD_O)
                                                      0.341     0.341 r  clk_IBUF_inst/INBUF_INST/O
                         net (fo=1, routed)           0.000     0.341    clk_IBUF_inst/OUT
    H11                  IBUFCTRL (Prop_IBUFCTRL_HPIOB_M_I_O)
                                                      0.000     0.341 r  clk_IBUF_inst/IBUFCTRL_INST/O
                         net (fo=1, routed)           0.181     0.522    clk_IBUF
    BUFGCE_X1Y124        BUFGCE (Prop_BUFCE_BUFGCE_I_O)
                                                      0.019     0.541 r  clk_IBUF_BUFG_inst/O
    X2Y4 (CLOCK_ROOT)    net (fo=1343, routed)        0.951     1.492    pe_1_2/clk_IBUF_BUFG
    SLICE_X68Y281        FDCE                                         r  pe_1_2/psum_d1_reg[10]/C

Slack:                    inf
  Source:                 rst_n
                            (input port)
  Destination:            pe_1_2/psum_d1_reg[11]/CLR
                            (removal check against rising-edge clock clk_300mhz  {rise@0.000ns fall@3.200ns period=6.400ns})
  Path Group:             (none)
  Path Type:              Removal (Min at Fast Process Corner)
  Data Path Delay:        0.801ns  (logic 0.200ns (24.977%)  route 0.601ns (75.023%))
  Logic Levels:           2  (IBUFCTRL=1 INBUF=1)
  Clock Path Skew:        1.492ns (DCD - SCD - CPR)
    Destination Clock Delay (DCD):    1.492ns
    Source Clock Delay      (SCD):    0.000ns
    Clock Pessimism Removal (CPR):    -0.000ns
  Clock Net Delay (Destination): 0.951ns (routing 0.433ns, distribution 0.518ns)
  Timing Exception:       False Path

    Location             Delay type                Incr(ns)  Path(ns)    Netlist Resource(s)
  -------------------------------------------------------------------    -------------------
    C9                                                0.000     0.000 r  rst_n (IN)
                         net (fo=0)                   0.000     0.000    rst_n_IBUF_inst/I
    C9                   INBUF (Prop_INBUF_HPIOB_M_PAD_O)
                                                      0.200     0.200 r  rst_n_IBUF_inst/INBUF_INST/O
                         net (fo=1, routed)           0.000     0.200    rst_n_IBUF_inst/OUT
    C9                   IBUFCTRL (Prop_IBUFCTRL_HPIOB_M_I_O)
                                                      0.000     0.200 r  rst_n_IBUF_inst/IBUFCTRL_INST/O
                         net (fo=1339, routed)        0.601     0.801    pe_1_2/valid_o_reg
    SLICE_X68Y281        FDCE                                         f  pe_1_2/psum_d1_reg[11]/CLR  (IS_INVERTED)
  -------------------------------------------------------------------    -------------------

                         (clock clk_300mhz rise edge)
                                                      0.000     0.000 r  
    H11                                               0.000     0.000 r  clk (IN)
                         net (fo=0)                   0.000     0.000    clk_IBUF_inst/I
    H11                  INBUF (Prop_INBUF_HPIOB_M_PAD_O)
                                                      0.341     0.341 r  clk_IBUF_inst/INBUF_INST/O
                         net (fo=1, routed)           0.000     0.341    clk_IBUF_inst/OUT
    H11                  IBUFCTRL (Prop_IBUFCTRL_HPIOB_M_I_O)
                                                      0.000     0.341 r  clk_IBUF_inst/IBUFCTRL_INST/O
                         net (fo=1, routed)           0.181     0.522    clk_IBUF
    BUFGCE_X1Y124        BUFGCE (Prop_BUFCE_BUFGCE_I_O)
                                                      0.019     0.541 r  clk_IBUF_BUFG_inst/O
    X2Y4 (CLOCK_ROOT)    net (fo=1343, routed)        0.951     1.492    pe_1_2/clk_IBUF_BUFG
    SLICE_X68Y281        FDCE                                         r  pe_1_2/psum_d1_reg[11]/C





--------------------------------------------------------------------------------------
Path Group:  (none)
From Clock:  clk_300mhz
  To Clock:  

Max Delay            63 Endpoints
Min Delay            63 Endpoints
--------------------------------------------------------------------------------------


Max Delay Paths
--------------------------------------------------------------------------------------
Slack:                    inf
  Source:                 pe_2_2/psum_o_reg[17]/C
                            (rising edge-triggered cell FDCE clocked by clk_300mhz  {rise@0.000ns fall@3.200ns period=6.400ns})
  Destination:            psum_flatten_o[53]
                            (output port)
  Path Group:             (none)
  Path Type:              Max at Slow Process Corner
  Data Path Delay:        3.173ns  (logic 1.032ns (32.523%)  route 2.141ns (67.477%))
  Logic Levels:           1  (OBUF=1)
  Clock Uncertainty:      0.025ns  ((TSJ^2 + TIJ^2)^1/2 + DJ) / 2 + PE
    Total System Jitter     (TSJ):    0.050ns
    Total Input Jitter      (TIJ):    0.000ns
    Discrete Jitter          (DJ):    0.000ns
    Phase Error              (PE):    0.000ns
  Clock Net Delay (Source):      1.540ns (routing 0.699ns, distribution 0.841ns)

    Location             Delay type                Incr(ns)  Path(ns)    Netlist Resource(s)
  -------------------------------------------------------------------    -------------------
                         (clock clk_300mhz rise edge)
                                                      0.000     0.000 r  
    H11                                               0.000     0.000 r  clk (IN)
                         net (fo=0)                   0.000     0.000    clk_IBUF_inst/I
    H11                  INBUF (Prop_INBUF_HPIOB_M_PAD_O)
                                                      0.521     0.521 r  clk_IBUF_inst/INBUF_INST/O
                         net (fo=1, routed)           0.000     0.521    clk_IBUF_inst/OUT
    H11                  IBUFCTRL (Prop_IBUFCTRL_HPIOB_M_I_O)
                                                      0.000     0.521 r  clk_IBUF_inst/IBUFCTRL_INST/O
                         net (fo=1, routed)           0.323     0.844    clk_IBUF
    BUFGCE_X1Y124        BUFGCE (Prop_BUFCE_BUFGCE_I_O)
                                                      0.028     0.872 r  clk_IBUF_BUFG_inst/O
    X2Y4 (CLOCK_ROOT)    net (fo=1343, routed)        1.540     2.412    pe_2_2/clk_IBUF_BUFG
    SLICE_X76Y281        FDCE                                         r  pe_2_2/psum_o_reg[17]/C
  -------------------------------------------------------------------    -------------------
    SLICE_X76Y281        FDCE (Prop_BFF_SLICEL_C_Q)
                                                      0.079     2.491 r  pe_2_2/psum_o_reg[17]/Q
                         net (fo=1, routed)           2.141     4.632    psum_flatten_o_OBUF[53]
    C14                  OBUF (Prop_OUTBUF_HPIOB_SNGL_I_O)
                                                      0.953     5.584 r  psum_flatten_o_OBUF[53]_inst/O
                         net (fo=0)                   0.000     5.584    psum_flatten_o[53]
    C14                                                               r  psum_flatten_o[53] (OUT)
  -------------------------------------------------------------------    -------------------

Slack:                    inf
  Source:                 pe_2_1/psum_o_reg[10]/C
                            (rising edge-triggered cell FDCE clocked by clk_300mhz  {rise@0.000ns fall@3.200ns period=6.400ns})
  Destination:            psum_flatten_o[28]
                            (output port)
  Path Group:             (none)
  Path Type:              Max at Slow Process Corner
  Data Path Delay:        3.145ns  (logic 1.017ns (32.338%)  route 2.128ns (67.662%))
  Logic Levels:           1  (OBUF=1)
  Clock Uncertainty:      0.025ns  ((TSJ^2 + TIJ^2)^1/2 + DJ) / 2 + PE
    Total System Jitter     (TSJ):    0.050ns
    Total Input Jitter      (TIJ):    0.000ns
    Discrete Jitter          (DJ):    0.000ns
    Phase Error              (PE):    0.000ns
  Clock Net Delay (Source):      1.513ns (routing 0.699ns, distribution 0.814ns)

    Location             Delay type                Incr(ns)  Path(ns)    Netlist Resource(s)
  -------------------------------------------------------------------    -------------------
                         (clock clk_300mhz rise edge)
                                                      0.000     0.000 r  
    H11                                               0.000     0.000 r  clk (IN)
                         net (fo=0)                   0.000     0.000    clk_IBUF_inst/I
    H11                  INBUF (Prop_INBUF_HPIOB_M_PAD_O)
                                                      0.521     0.521 r  clk_IBUF_inst/INBUF_INST/O
                         net (fo=1, routed)           0.000     0.521    clk_IBUF_inst/OUT
    H11                  IBUFCTRL (Prop_IBUFCTRL_HPIOB_M_I_O)
                                                      0.000     0.521 r  clk_IBUF_inst/IBUFCTRL_INST/O
                         net (fo=1, routed)           0.323     0.844    clk_IBUF
    BUFGCE_X1Y124        BUFGCE (Prop_BUFCE_BUFGCE_I_O)
                                                      0.028     0.872 r  clk_IBUF_BUFG_inst/O
    X2Y4 (CLOCK_ROOT)    net (fo=1343, routed)        1.513     2.385    pe_2_1/clk_IBUF_BUFG
    SLICE_X76Y277        FDCE                                         r  pe_2_1/psum_o_reg[10]/C
  -------------------------------------------------------------------    -------------------
    SLICE_X76Y277        FDCE (Prop_CFF_SLICEL_C_Q)
                                                      0.079     2.464 r  pe_2_1/psum_o_reg[10]/Q
                         net (fo=1, routed)           2.128     4.592    psum_flatten_o_OBUF[28]
    D15                  OBUF (Prop_OUTBUF_HPIOB_M_I_O)
                                                      0.938     5.530 r  psum_flatten_o_OBUF[28]_inst/O
                         net (fo=0)                   0.000     5.530    psum_flatten_o[28]
    D15                                                               r  psum_flatten_o[28] (OUT)
  -------------------------------------------------------------------    -------------------

Slack:                    inf
  Source:                 pe_2_2/psum_o_reg[13]/C
                            (rising edge-triggered cell FDCE clocked by clk_300mhz  {rise@0.000ns fall@3.200ns period=6.400ns})
  Destination:            psum_flatten_o[49]
                            (output port)
  Path Group:             (none)
  Path Type:              Max at Slow Process Corner
  Data Path Delay:        3.129ns  (logic 1.041ns (33.263%)  route 2.088ns (66.737%))
  Logic Levels:           1  (OBUF=1)
  Clock Uncertainty:      0.025ns  ((TSJ^2 + TIJ^2)^1/2 + DJ) / 2 + PE
    Total System Jitter     (TSJ):    0.050ns
    Total Input Jitter      (TIJ):    0.000ns
    Discrete Jitter          (DJ):    0.000ns
    Phase Error              (PE):    0.000ns
  Clock Net Delay (Source):      1.522ns (routing 0.699ns, distribution 0.823ns)

    Location             Delay type                Incr(ns)  Path(ns)    Netlist Resource(s)
  -------------------------------------------------------------------    -------------------
                         (clock clk_300mhz rise edge)
                                                      0.000     0.000 r  
    H11                                               0.000     0.000 r  clk (IN)
                         net (fo=0)                   0.000     0.000    clk_IBUF_inst/I
    H11                  INBUF (Prop_INBUF_HPIOB_M_PAD_O)
                                                      0.521     0.521 r  clk_IBUF_inst/INBUF_INST/O
                         net (fo=1, routed)           0.000     0.521    clk_IBUF_inst/OUT
    H11                  IBUFCTRL (Prop_IBUFCTRL_HPIOB_M_I_O)
                                                      0.000     0.521 r  clk_IBUF_inst/IBUFCTRL_INST/O
                         net (fo=1, routed)           0.323     0.844    clk_IBUF
    BUFGCE_X1Y124        BUFGCE (Prop_BUFCE_BUFGCE_I_O)
                                                      0.028     0.872 r  clk_IBUF_BUFG_inst/O
    X2Y4 (CLOCK_ROOT)    net (fo=1343, routed)        1.522     2.394    pe_2_2/clk_IBUF_BUFG
    SLICE_X76Y280        FDCE                                         r  pe_2_2/psum_o_reg[13]/C
  -------------------------------------------------------------------    -------------------
    SLICE_X76Y280        FDCE (Prop_FFF_SLICEL_C_Q)
                                                      0.079     2.473 r  pe_2_2/psum_o_reg[13]/Q
                         net (fo=1, routed)           2.088     4.561    psum_flatten_o_OBUF[49]
    A16                  OBUF (Prop_OUTBUF_HPIOB_S_I_O)
                                                      0.962     5.522 r  psum_flatten_o_OBUF[49]_inst/O
                         net (fo=0)                   0.000     5.522    psum_flatten_o[49]
    A16                                                               r  psum_flatten_o[49] (OUT)
  -------------------------------------------------------------------    -------------------

Slack:                    inf
  Source:                 pe_2_2/psum_o_reg[8]/C
                            (rising edge-triggered cell FDCE clocked by clk_300mhz  {rise@0.000ns fall@3.200ns period=6.400ns})
  Destination:            psum_flatten_o[44]
                            (output port)
  Path Group:             (none)
  Path Type:              Max at Slow Process Corner
  Data Path Delay:        3.076ns  (logic 1.049ns (34.104%)  route 2.027ns (65.896%))
  Logic Levels:           1  (OBUF=1)
  Clock Uncertainty:      0.025ns  ((TSJ^2 + TIJ^2)^1/2 + DJ) / 2 + PE
    Total System Jitter     (TSJ):    0.050ns
    Total Input Jitter      (TIJ):    0.000ns
    Discrete Jitter          (DJ):    0.000ns
    Phase Error              (PE):    0.000ns
  Clock Net Delay (Source):      1.517ns (routing 0.699ns, distribution 0.818ns)

    Location             Delay type                Incr(ns)  Path(ns)    Netlist Resource(s)
  -------------------------------------------------------------------    -------------------
                         (clock clk_300mhz rise edge)
                                                      0.000     0.000 r  
    H11                                               0.000     0.000 r  clk (IN)
                         net (fo=0)                   0.000     0.000    clk_IBUF_inst/I
    H11                  INBUF (Prop_INBUF_HPIOB_M_PAD_O)
                                                      0.521     0.521 r  clk_IBUF_inst/INBUF_INST/O
                         net (fo=1, routed)           0.000     0.521    clk_IBUF_inst/OUT
    H11                  IBUFCTRL (Prop_IBUFCTRL_HPIOB_M_I_O)
                                                      0.000     0.521 r  clk_IBUF_inst/IBUFCTRL_INST/O
                         net (fo=1, routed)           0.323     0.844    clk_IBUF
    BUFGCE_X1Y124        BUFGCE (Prop_BUFCE_BUFGCE_I_O)
                                                      0.028     0.872 r  clk_IBUF_BUFG_inst/O
    X2Y4 (CLOCK_ROOT)    net (fo=1343, routed)        1.517     2.389    pe_2_2/clk_IBUF_BUFG
    SLICE_X76Y280        FDCE                                         r  pe_2_2/psum_o_reg[8]/C
  -------------------------------------------------------------------    -------------------
    SLICE_X76Y280        FDCE (Prop_AFF_SLICEL_C_Q)
                                                      0.079     2.468 r  pe_2_2/psum_o_reg[8]/Q
                         net (fo=1, routed)           2.027     4.495    psum_flatten_o_OBUF[44]
    A15                  OBUF (Prop_OUTBUF_HPIOB_M_I_O)
                                                      0.970     5.465 r  psum_flatten_o_OBUF[44]_inst/O
                         net (fo=0)                   0.000     5.465    psum_flatten_o[44]
    A15                                                               r  psum_flatten_o[44] (OUT)
  -------------------------------------------------------------------    -------------------

Slack:                    inf
  Source:                 pe_2_2/psum_o_reg[11]/C
                            (rising edge-triggered cell FDCE clocked by clk_300mhz  {rise@0.000ns fall@3.200ns period=6.400ns})
  Destination:            psum_flatten_o[47]
                            (output port)
  Path Group:             (none)
  Path Type:              Max at Slow Process Corner
  Data Path Delay:        3.064ns  (logic 1.032ns (33.671%)  route 2.032ns (66.329%))
  Logic Levels:           1  (OBUF=1)
  Clock Uncertainty:      0.025ns  ((TSJ^2 + TIJ^2)^1/2 + DJ) / 2 + PE
    Total System Jitter     (TSJ):    0.050ns
    Total Input Jitter      (TIJ):    0.000ns
    Discrete Jitter          (DJ):    0.000ns
    Phase Error              (PE):    0.000ns
  Clock Net Delay (Source):      1.517ns (routing 0.699ns, distribution 0.818ns)

    Location             Delay type                Incr(ns)  Path(ns)    Netlist Resource(s)
  -------------------------------------------------------------------    -------------------
                         (clock clk_300mhz rise edge)
                                                      0.000     0.000 r  
    H11                                               0.000     0.000 r  clk (IN)
                         net (fo=0)                   0.000     0.000    clk_IBUF_inst/I
    H11                  INBUF (Prop_INBUF_HPIOB_M_PAD_O)
                                                      0.521     0.521 r  clk_IBUF_inst/INBUF_INST/O
                         net (fo=1, routed)           0.000     0.521    clk_IBUF_inst/OUT
    H11                  IBUFCTRL (Prop_IBUFCTRL_HPIOB_M_I_O)
                                                      0.000     0.521 r  clk_IBUF_inst/IBUFCTRL_INST/O
                         net (fo=1, routed)           0.323     0.844    clk_IBUF
    BUFGCE_X1Y124        BUFGCE (Prop_BUFCE_BUFGCE_I_O)
                                                      0.028     0.872 r  clk_IBUF_BUFG_inst/O
    X2Y4 (CLOCK_ROOT)    net (fo=1343, routed)        1.517     2.389    pe_2_2/clk_IBUF_BUFG
    SLICE_X76Y280        FDCE                                         r  pe_2_2/psum_o_reg[11]/C
  -------------------------------------------------------------------    -------------------
    SLICE_X76Y280        FDCE (Prop_DFF_SLICEL_C_Q)
                                                      0.079     2.468 r  pe_2_2/psum_o_reg[11]/Q
                         net (fo=1, routed)           2.032     4.500    psum_flatten_o_OBUF[47]
    B15                  OBUF (Prop_OUTBUF_HPIOB_S_I_O)
                                                      0.953     5.452 r  psum_flatten_o_OBUF[47]_inst/O
                         net (fo=0)                   0.000     5.452    psum_flatten_o[47]
    B15                                                               r  psum_flatten_o[47] (OUT)
  -------------------------------------------------------------------    -------------------

Slack:                    inf
  Source:                 pe_2_0/psum_o_reg[4]/C
                            (rising edge-triggered cell FDCE clocked by clk_300mhz  {rise@0.000ns fall@3.200ns period=6.400ns})
  Destination:            psum_flatten_o[4]
                            (output port)
  Path Group:             (none)
  Path Type:              Max at Slow Process Corner
  Data Path Delay:        3.050ns  (logic 0.972ns (31.875%)  route 2.078ns (68.125%))
  Logic Levels:           1  (OBUF=1)
  Clock Uncertainty:      0.025ns  ((TSJ^2 + TIJ^2)^1/2 + DJ) / 2 + PE
    Total System Jitter     (TSJ):    0.050ns
    Total Input Jitter      (TIJ):    0.000ns
    Discrete Jitter          (DJ):    0.000ns
    Phase Error              (PE):    0.000ns
  Clock Net Delay (Source):      1.530ns (routing 0.699ns, distribution 0.831ns)

    Location             Delay type                Incr(ns)  Path(ns)    Netlist Resource(s)
  -------------------------------------------------------------------    -------------------
                         (clock clk_300mhz rise edge)
                                                      0.000     0.000 r  
    H11                                               0.000     0.000 r  clk (IN)
                         net (fo=0)                   0.000     0.000    clk_IBUF_inst/I
    H11                  INBUF (Prop_INBUF_HPIOB_M_PAD_O)
                                                      0.521     0.521 r  clk_IBUF_inst/INBUF_INST/O
                         net (fo=1, routed)           0.000     0.521    clk_IBUF_inst/OUT
    H11                  IBUFCTRL (Prop_IBUFCTRL_HPIOB_M_I_O)
                                                      0.000     0.521 r  clk_IBUF_inst/IBUFCTRL_INST/O
                         net (fo=1, routed)           0.323     0.844    clk_IBUF
    BUFGCE_X1Y124        BUFGCE (Prop_BUFCE_BUFGCE_I_O)
                                                      0.028     0.872 r  clk_IBUF_BUFG_inst/O
    X2Y4 (CLOCK_ROOT)    net (fo=1343, routed)        1.530     2.402    pe_2_0/clk_IBUF_BUFG
    SLICE_X76Y270        FDCE                                         r  pe_2_0/psum_o_reg[4]/C
  -------------------------------------------------------------------    -------------------
    SLICE_X76Y270        FDCE (Prop_EFF_SLICEL_C_Q)
                                                      0.079     2.481 r  pe_2_0/psum_o_reg[4]/Q
                         net (fo=1, routed)           2.078     4.559    psum_flatten_o_OBUF[4]
    K19                  OBUF (Prop_OUTBUF_HPIOB_M_I_O)
                                                      0.893     5.452 r  psum_flatten_o_OBUF[4]_inst/O
                         net (fo=0)                   0.000     5.452    psum_flatten_o[4]
    K19                                                               r  psum_flatten_o[4] (OUT)
  -------------------------------------------------------------------    -------------------

Slack:                    inf
  Source:                 pe_2_1/psum_o_reg[13]/C
                            (rising edge-triggered cell FDCE clocked by clk_300mhz  {rise@0.000ns fall@3.200ns period=6.400ns})
  Destination:            psum_flatten_o[31]
                            (output port)
  Path Group:             (none)
  Path Type:              Max at Slow Process Corner
  Data Path Delay:        2.984ns  (logic 1.026ns (34.374%)  route 1.958ns (65.626%))
  Logic Levels:           1  (OBUF=1)
  Clock Uncertainty:      0.025ns  ((TSJ^2 + TIJ^2)^1/2 + DJ) / 2 + PE
    Total System Jitter     (TSJ):    0.050ns
    Total Input Jitter      (TIJ):    0.000ns
    Discrete Jitter          (DJ):    0.000ns
    Phase Error              (PE):    0.000ns
  Clock Net Delay (Source):      1.518ns (routing 0.699ns, distribution 0.819ns)

    Location             Delay type                Incr(ns)  Path(ns)    Netlist Resource(s)
  -------------------------------------------------------------------    -------------------
                         (clock clk_300mhz rise edge)
                                                      0.000     0.000 r  
    H11                                               0.000     0.000 r  clk (IN)
                         net (fo=0)                   0.000     0.000    clk_IBUF_inst/I
    H11                  INBUF (Prop_INBUF_HPIOB_M_PAD_O)
                                                      0.521     0.521 r  clk_IBUF_inst/INBUF_INST/O
                         net (fo=1, routed)           0.000     0.521    clk_IBUF_inst/OUT
    H11                  IBUFCTRL (Prop_IBUFCTRL_HPIOB_M_I_O)
                                                      0.000     0.521 r  clk_IBUF_inst/IBUFCTRL_INST/O
                         net (fo=1, routed)           0.323     0.844    clk_IBUF
    BUFGCE_X1Y124        BUFGCE (Prop_BUFCE_BUFGCE_I_O)
                                                      0.028     0.872 r  clk_IBUF_BUFG_inst/O
    X2Y4 (CLOCK_ROOT)    net (fo=1343, routed)        1.518     2.390    pe_2_1/clk_IBUF_BUFG
    SLICE_X76Y277        FDCE                                         r  pe_2_1/psum_o_reg[13]/C
  -------------------------------------------------------------------    -------------------
    SLICE_X76Y277        FDCE (Prop_FFF_SLICEL_C_Q)
                                                      0.079     2.469 r  pe_2_1/psum_o_reg[13]/Q
                         net (fo=1, routed)           1.958     4.427    psum_flatten_o_OBUF[31]
    F13                  OBUF (Prop_OUTBUF_HPIOB_S_I_O)
                                                      0.947     5.373 r  psum_flatten_o_OBUF[31]_inst/O
                         net (fo=0)                   0.000     5.373    psum_flatten_o[31]
    F13                                                               r  psum_flatten_o[31] (OUT)
  -------------------------------------------------------------------    -------------------

Slack:                    inf
  Source:                 pe_2_0/psum_o_reg[1]/C
                            (rising edge-triggered cell FDCE clocked by clk_300mhz  {rise@0.000ns fall@3.200ns period=6.400ns})
  Destination:            psum_flatten_o[1]
                            (output port)
  Path Group:             (none)
  Path Type:              Max at Slow Process Corner
  Data Path Delay:        2.972ns  (logic 1.012ns (34.044%)  route 1.960ns (65.956%))
  Logic Levels:           1  (OBUF=1)
  Clock Uncertainty:      0.025ns  ((TSJ^2 + TIJ^2)^1/2 + DJ) / 2 + PE
    Total System Jitter     (TSJ):    0.050ns
    Total Input Jitter      (TIJ):    0.000ns
    Discrete Jitter          (DJ):    0.000ns
    Phase Error              (PE):    0.000ns
  Clock Net Delay (Source):      1.525ns (routing 0.699ns, distribution 0.826ns)

    Location             Delay type                Incr(ns)  Path(ns)    Netlist Resource(s)
  -------------------------------------------------------------------    -------------------
                         (clock clk_300mhz rise edge)
                                                      0.000     0.000 r  
    H11                                               0.000     0.000 r  clk (IN)
                         net (fo=0)                   0.000     0.000    clk_IBUF_inst/I
    H11                  INBUF (Prop_INBUF_HPIOB_M_PAD_O)
                                                      0.521     0.521 r  clk_IBUF_inst/INBUF_INST/O
                         net (fo=1, routed)           0.000     0.521    clk_IBUF_inst/OUT
    H11                  IBUFCTRL (Prop_IBUFCTRL_HPIOB_M_I_O)
                                                      0.000     0.521 r  clk_IBUF_inst/IBUFCTRL_INST/O
                         net (fo=1, routed)           0.323     0.844    clk_IBUF
    BUFGCE_X1Y124        BUFGCE (Prop_BUFCE_BUFGCE_I_O)
                                                      0.028     0.872 r  clk_IBUF_BUFG_inst/O
    X2Y4 (CLOCK_ROOT)    net (fo=1343, routed)        1.525     2.397    pe_2_0/clk_IBUF_BUFG
    SLICE_X76Y270        FDCE                                         r  pe_2_0/psum_o_reg[1]/C
  -------------------------------------------------------------------    -------------------
    SLICE_X76Y270        FDCE (Prop_BFF_SLICEL_C_Q)
                                                      0.079     2.476 r  pe_2_0/psum_o_reg[1]/Q
                         net (fo=1, routed)           1.960     4.436    psum_flatten_o_OBUF[1]
    E7                   OBUF (Prop_OUTBUF_HPIOB_S_I_O)
                                                      0.933     5.368 r  psum_flatten_o_OBUF[1]_inst/O
                         net (fo=0)                   0.000     5.368    psum_flatten_o[1]
    E7                                                                r  psum_flatten_o[1] (OUT)
  -------------------------------------------------------------------    -------------------

Slack:                    inf
  Source:                 pe_2_1/psum_o_reg[9]/C
                            (rising edge-triggered cell FDCE clocked by clk_300mhz  {rise@0.000ns fall@3.200ns period=6.400ns})
  Destination:            psum_flatten_o[27]
                            (output port)
  Path Group:             (none)
  Path Type:              Max at Slow Process Corner
  Data Path Delay:        2.973ns  (logic 1.010ns (33.964%)  route 1.963ns (66.036%))
  Logic Levels:           1  (OBUF=1)
  Clock Uncertainty:      0.025ns  ((TSJ^2 + TIJ^2)^1/2 + DJ) / 2 + PE
    Total System Jitter     (TSJ):    0.050ns
    Total Input Jitter      (TIJ):    0.000ns
    Discrete Jitter          (DJ):    0.000ns
    Phase Error              (PE):    0.000ns
  Clock Net Delay (Source):      1.513ns (routing 0.699ns, distribution 0.814ns)

    Location             Delay type                Incr(ns)  Path(ns)    Netlist Resource(s)
  -------------------------------------------------------------------    -------------------
                         (clock clk_300mhz rise edge)
                                                      0.000     0.000 r  
    H11                                               0.000     0.000 r  clk (IN)
                         net (fo=0)                   0.000     0.000    clk_IBUF_inst/I
    H11                  INBUF (Prop_INBUF_HPIOB_M_PAD_O)
                                                      0.521     0.521 r  clk_IBUF_inst/INBUF_INST/O
                         net (fo=1, routed)           0.000     0.521    clk_IBUF_inst/OUT
    H11                  IBUFCTRL (Prop_IBUFCTRL_HPIOB_M_I_O)
                                                      0.000     0.521 r  clk_IBUF_inst/IBUFCTRL_INST/O
                         net (fo=1, routed)           0.323     0.844    clk_IBUF
    BUFGCE_X1Y124        BUFGCE (Prop_BUFCE_BUFGCE_I_O)
                                                      0.028     0.872 r  clk_IBUF_BUFG_inst/O
    X2Y4 (CLOCK_ROOT)    net (fo=1343, routed)        1.513     2.385    pe_2_1/clk_IBUF_BUFG
    SLICE_X76Y277        FDCE                                         r  pe_2_1/psum_o_reg[9]/C
  -------------------------------------------------------------------    -------------------
    SLICE_X76Y277        FDCE (Prop_BFF_SLICEL_C_Q)
                                                      0.079     2.464 r  pe_2_1/psum_o_reg[9]/Q
                         net (fo=1, routed)           1.963     4.427    psum_flatten_o_OBUF[27]
    E14                  OBUF (Prop_OUTBUF_HPIOB_S_I_O)
                                                      0.931     5.357 r  psum_flatten_o_OBUF[27]_inst/O
                         net (fo=0)                   0.000     5.357    psum_flatten_o[27]
    E14                                                               r  psum_flatten_o[27] (OUT)
  -------------------------------------------------------------------    -------------------

Slack:                    inf
  Source:                 pe_2_2/psum_o_reg[0]/C
                            (rising edge-triggered cell FDCE clocked by clk_300mhz  {rise@0.000ns fall@3.200ns period=6.400ns})
  Destination:            psum_flatten_o[36]
                            (output port)
  Path Group:             (none)
  Path Type:              Max at Slow Process Corner
  Data Path Delay:        2.942ns  (logic 1.024ns (34.808%)  route 1.918ns (65.192%))
  Logic Levels:           1  (OBUF=1)
  Clock Uncertainty:      0.025ns  ((TSJ^2 + TIJ^2)^1/2 + DJ) / 2 + PE
    Total System Jitter     (TSJ):    0.050ns
    Total Input Jitter      (TIJ):    0.000ns
    Discrete Jitter          (DJ):    0.000ns
    Phase Error              (PE):    0.000ns
  Clock Net Delay (Source):      1.538ns (routing 0.699ns, distribution 0.839ns)

    Location             Delay type                Incr(ns)  Path(ns)    Netlist Resource(s)
  -------------------------------------------------------------------    -------------------
                         (clock clk_300mhz rise edge)
                                                      0.000     0.000 r  
    H11                                               0.000     0.000 r  clk (IN)
                         net (fo=0)                   0.000     0.000    clk_IBUF_inst/I
    H11                  INBUF (Prop_INBUF_HPIOB_M_PAD_O)
                                                      0.521     0.521 r  clk_IBUF_inst/INBUF_INST/O
                         net (fo=1, routed)           0.000     0.521    clk_IBUF_inst/OUT
    H11                  IBUFCTRL (Prop_IBUFCTRL_HPIOB_M_I_O)
                                                      0.000     0.521 r  clk_IBUF_inst/IBUFCTRL_INST/O
                         net (fo=1, routed)           0.323     0.844    clk_IBUF
    BUFGCE_X1Y124        BUFGCE (Prop_BUFCE_BUFGCE_I_O)
                                                      0.028     0.872 r  clk_IBUF_BUFG_inst/O
    X2Y4 (CLOCK_ROOT)    net (fo=1343, routed)        1.538     2.410    pe_2_2/clk_IBUF_BUFG
    SLICE_X76Y279        FDCE                                         r  pe_2_2/psum_o_reg[0]/C
  -------------------------------------------------------------------    -------------------
    SLICE_X76Y279        FDCE (Prop_AFF_SLICEL_C_Q)
                                                      0.079     2.489 r  pe_2_2/psum_o_reg[0]/Q
                         net (fo=1, routed)           1.918     4.407    psum_flatten_o_OBUF[36]
    D16                  OBUF (Prop_OUTBUF_HPIOB_M_I_O)
                                                      0.945     5.352 r  psum_flatten_o_OBUF[36]_inst/O
                         net (fo=0)                   0.000     5.352    psum_flatten_o[36]
    D16                                                               r  psum_flatten_o[36] (OUT)
  -------------------------------------------------------------------    -------------------





Min Delay Paths
--------------------------------------------------------------------------------------
Slack:                    inf
  Source:                 pe_2_1/psum_o_reg[1]/C
                            (rising edge-triggered cell FDCE clocked by clk_300mhz  {rise@0.000ns fall@3.200ns period=6.400ns})
  Destination:            psum_flatten_o[19]
                            (output port)
  Path Group:             (none)
  Path Type:              Min at Fast Process Corner
  Data Path Delay:        0.983ns  (logic 0.447ns (45.499%)  route 0.536ns (54.501%))
  Logic Levels:           1  (OBUF=1)
  Clock Uncertainty:      0.025ns  ((TSJ^2 + TIJ^2)^1/2 + DJ) / 2 + PE
    Total System Jitter     (TSJ):    0.050ns
    Total Input Jitter      (TIJ):    0.000ns
    Discrete Jitter          (DJ):    0.000ns
    Phase Error              (PE):    0.000ns
  Clock Net Delay (Source):      0.840ns (routing 0.387ns, distribution 0.453ns)

    Location             Delay type                Incr(ns)  Path(ns)    Netlist Resource(s)
  -------------------------------------------------------------------    -------------------
                         (clock clk_300mhz rise edge)
                                                      0.000     0.000 r  
    H11                                               0.000     0.000 r  clk (IN)
                         net (fo=0)                   0.000     0.000    clk_IBUF_inst/I
    H11                  INBUF (Prop_INBUF_HPIOB_M_PAD_O)
                                                      0.156     0.156 r  clk_IBUF_inst/INBUF_INST/O
                         net (fo=1, routed)           0.000     0.156    clk_IBUF_inst/OUT
    H11                  IBUFCTRL (Prop_IBUFCTRL_HPIOB_M_I_O)
                                                      0.000     0.156 r  clk_IBUF_inst/IBUFCTRL_INST/O
                         net (fo=1, routed)           0.144     0.300    clk_IBUF
    BUFGCE_X1Y124        BUFGCE (Prop_BUFCE_BUFGCE_I_O)
                                                      0.017     0.317 r  clk_IBUF_BUFG_inst/O
    X2Y4 (CLOCK_ROOT)    net (fo=1343, routed)        0.840     1.156    pe_2_1/clk_IBUF_BUFG
    SLICE_X76Y276        FDCE                                         r  pe_2_1/psum_o_reg[1]/C
  -------------------------------------------------------------------    -------------------
    SLICE_X76Y276        FDCE (Prop_BFF_SLICEL_C_Q)
                                                      0.039     1.195 r  pe_2_1/psum_o_reg[1]/Q
                         net (fo=1, routed)           0.536     1.731    psum_flatten_o_OBUF[19]
    H17                  OBUF (Prop_OUTBUF_HPIOB_S_I_O)
                                                      0.408     2.140 r  psum_flatten_o_OBUF[19]_inst/O
                         net (fo=0)                   0.000     2.140    psum_flatten_o[19]
    H17                                                               r  psum_flatten_o[19] (OUT)
  -------------------------------------------------------------------    -------------------

Slack:                    inf
  Source:                 pe_2_2/psum_valid_o_reg/C
                            (rising edge-triggered cell FDCE clocked by clk_300mhz  {rise@0.000ns fall@3.200ns period=6.400ns})
  Destination:            psum_valid_o[2]
                            (output port)
  Path Group:             (none)
  Path Type:              Min at Fast Process Corner
  Data Path Delay:        0.984ns  (logic 0.424ns (43.075%)  route 0.560ns (56.925%))
  Logic Levels:           1  (OBUF=1)
  Clock Uncertainty:      0.025ns  ((TSJ^2 + TIJ^2)^1/2 + DJ) / 2 + PE
    Total System Jitter     (TSJ):    0.050ns
    Total Input Jitter      (TIJ):    0.000ns
    Discrete Jitter          (DJ):    0.000ns
    Phase Error              (PE):    0.000ns
  Clock Net Delay (Source):      0.847ns (routing 0.387ns, distribution 0.460ns)

    Location             Delay type                Incr(ns)  Path(ns)    Netlist Resource(s)
  -------------------------------------------------------------------    -------------------
                         (clock clk_300mhz rise edge)
                                                      0.000     0.000 r  
    H11                                               0.000     0.000 r  clk (IN)
                         net (fo=0)                   0.000     0.000    clk_IBUF_inst/I
    H11                  INBUF (Prop_INBUF_HPIOB_M_PAD_O)
                                                      0.156     0.156 r  clk_IBUF_inst/INBUF_INST/O
                         net (fo=1, routed)           0.000     0.156    clk_IBUF_inst/OUT
    H11                  IBUFCTRL (Prop_IBUFCTRL_HPIOB_M_I_O)
                                                      0.000     0.156 r  clk_IBUF_inst/IBUFCTRL_INST/O
                         net (fo=1, routed)           0.144     0.300    clk_IBUF
    BUFGCE_X1Y124        BUFGCE (Prop_BUFCE_BUFGCE_I_O)
                                                      0.017     0.317 r  clk_IBUF_BUFG_inst/O
    X2Y4 (CLOCK_ROOT)    net (fo=1343, routed)        0.847     1.163    pe_2_2/clk_IBUF_BUFG
    SLICE_X75Y284        FDCE                                         r  pe_2_2/psum_valid_o_reg/C
  -------------------------------------------------------------------    -------------------
    SLICE_X75Y284        FDCE (Prop_FFF_SLICEL_C_Q)
                                                      0.039     1.202 r  pe_2_2/psum_valid_o_reg/Q
                         net (fo=1, routed)           0.560     1.762    psum_valid_o_OBUF[2]
    L13                  OBUF (Prop_OUTBUF_HPIOB_S_I_O)
                                                      0.385     2.147 r  psum_valid_o_OBUF[2]_inst/O
                         net (fo=0)                   0.000     2.147    psum_valid_o[2]
    L13                                                               r  psum_valid_o[2] (OUT)
  -------------------------------------------------------------------    -------------------

Slack:                    inf
  Source:                 pe_2_1/psum_o_reg[0]/C
                            (rising edge-triggered cell FDCE clocked by clk_300mhz  {rise@0.000ns fall@3.200ns period=6.400ns})
  Destination:            psum_flatten_o[18]
                            (output port)
  Path Group:             (none)
  Path Type:              Min at Fast Process Corner
  Data Path Delay:        1.005ns  (logic 0.448ns (44.586%)  route 0.557ns (55.414%))
  Logic Levels:           1  (OBUF=1)
  Clock Uncertainty:      0.025ns  ((TSJ^2 + TIJ^2)^1/2 + DJ) / 2 + PE
    Total System Jitter     (TSJ):    0.050ns
    Total Input Jitter      (TIJ):    0.000ns
    Discrete Jitter          (DJ):    0.000ns
    Phase Error              (PE):    0.000ns
  Clock Net Delay (Source):      0.840ns (routing 0.387ns, distribution 0.453ns)

    Location             Delay type                Incr(ns)  Path(ns)    Netlist Resource(s)
  -------------------------------------------------------------------    -------------------
                         (clock clk_300mhz rise edge)
                                                      0.000     0.000 r  
    H11                                               0.000     0.000 r  clk (IN)
                         net (fo=0)                   0.000     0.000    clk_IBUF_inst/I
    H11                  INBUF (Prop_INBUF_HPIOB_M_PAD_O)
                                                      0.156     0.156 r  clk_IBUF_inst/INBUF_INST/O
                         net (fo=1, routed)           0.000     0.156    clk_IBUF_inst/OUT
    H11                  IBUFCTRL (Prop_IBUFCTRL_HPIOB_M_I_O)
                                                      0.000     0.156 r  clk_IBUF_inst/IBUFCTRL_INST/O
                         net (fo=1, routed)           0.144     0.300    clk_IBUF
    BUFGCE_X1Y124        BUFGCE (Prop_BUFCE_BUFGCE_I_O)
                                                      0.017     0.317 r  clk_IBUF_BUFG_inst/O
    X2Y4 (CLOCK_ROOT)    net (fo=1343, routed)        0.840     1.156    pe_2_1/clk_IBUF_BUFG
    SLICE_X76Y276        FDCE                                         r  pe_2_1/psum_o_reg[0]/C
  -------------------------------------------------------------------    -------------------
    SLICE_X76Y276        FDCE (Prop_AFF_SLICEL_C_Q)
                                                      0.039     1.195 r  pe_2_1/psum_o_reg[0]/Q
                         net (fo=1, routed)           0.557     1.752    psum_flatten_o_OBUF[18]
    H18                  OBUF (Prop_OUTBUF_HPIOB_M_I_O)
                                                      0.409     2.161 r  psum_flatten_o_OBUF[18]_inst/O
                         net (fo=0)                   0.000     2.161    psum_flatten_o[18]
    H18                                                               r  psum_flatten_o[18] (OUT)
  -------------------------------------------------------------------    -------------------

Slack:                    inf
  Source:                 pe_2_2/psum_o_reg[15]/C
                            (rising edge-triggered cell FDCE clocked by clk_300mhz  {rise@0.000ns fall@3.200ns period=6.400ns})
  Destination:            psum_flatten_o[51]
                            (output port)
  Path Group:             (none)
  Path Type:              Min at Fast Process Corner
  Data Path Delay:        1.013ns  (logic 0.437ns (43.157%)  route 0.576ns (56.843%))
  Logic Levels:           1  (OBUF=1)
  Clock Uncertainty:      0.025ns  ((TSJ^2 + TIJ^2)^1/2 + DJ) / 2 + PE
    Total System Jitter     (TSJ):    0.050ns
    Total Input Jitter      (TIJ):    0.000ns
    Discrete Jitter          (DJ):    0.000ns
    Phase Error              (PE):    0.000ns
  Clock Net Delay (Source):      0.846ns (routing 0.387ns, distribution 0.459ns)

    Location             Delay type                Incr(ns)  Path(ns)    Netlist Resource(s)
  -------------------------------------------------------------------    -------------------
                         (clock clk_300mhz rise edge)
                                                      0.000     0.000 r  
    H11                                               0.000     0.000 r  clk (IN)
                         net (fo=0)                   0.000     0.000    clk_IBUF_inst/I
    H11                  INBUF (Prop_INBUF_HPIOB_M_PAD_O)
                                                      0.156     0.156 r  clk_IBUF_inst/INBUF_INST/O
                         net (fo=1, routed)           0.000     0.156    clk_IBUF_inst/OUT
    H11                  IBUFCTRL (Prop_IBUFCTRL_HPIOB_M_I_O)
                                                      0.000     0.156 r  clk_IBUF_inst/IBUFCTRL_INST/O
                         net (fo=1, routed)           0.144     0.300    clk_IBUF
    BUFGCE_X1Y124        BUFGCE (Prop_BUFCE_BUFGCE_I_O)
                                                      0.017     0.317 r  clk_IBUF_BUFG_inst/O
    X2Y4 (CLOCK_ROOT)    net (fo=1343, routed)        0.846     1.162    pe_2_2/clk_IBUF_BUFG
    SLICE_X76Y280        FDCE                                         r  pe_2_2/psum_o_reg[15]/C
  -------------------------------------------------------------------    -------------------
    SLICE_X76Y280        FDCE (Prop_HFF_SLICEL_C_Q)
                                                      0.039     1.201 r  pe_2_2/psum_o_reg[15]/Q
                         net (fo=1, routed)           0.576     1.777    psum_flatten_o_OBUF[51]
    J19                  OBUF (Prop_OUTBUF_HPIOB_SNGL_I_O)
                                                      0.398     2.175 r  psum_flatten_o_OBUF[51]_inst/O
                         net (fo=0)                   0.000     2.175    psum_flatten_o[51]
    J19                                                               r  psum_flatten_o[51] (OUT)
  -------------------------------------------------------------------    -------------------

Slack:                    inf
  Source:                 pe_2_1/psum_o_reg[2]/C
                            (rising edge-triggered cell FDCE clocked by clk_300mhz  {rise@0.000ns fall@3.200ns period=6.400ns})
  Destination:            psum_flatten_o[20]
                            (output port)
  Path Group:             (none)
  Path Type:              Min at Fast Process Corner
  Data Path Delay:        1.022ns  (logic 0.437ns (42.771%)  route 0.585ns (57.229%))
  Logic Levels:           1  (OBUF=1)
  Clock Uncertainty:      0.025ns  ((TSJ^2 + TIJ^2)^1/2 + DJ) / 2 + PE
    Total System Jitter     (TSJ):    0.050ns
    Total Input Jitter      (TIJ):    0.000ns
    Discrete Jitter          (DJ):    0.000ns
    Phase Error              (PE):    0.000ns
  Clock Net Delay (Source):      0.840ns (routing 0.387ns, distribution 0.453ns)

    Location             Delay type                Incr(ns)  Path(ns)    Netlist Resource(s)
  -------------------------------------------------------------------    -------------------
                         (clock clk_300mhz rise edge)
                                                      0.000     0.000 r  
    H11                                               0.000     0.000 r  clk (IN)
                         net (fo=0)                   0.000     0.000    clk_IBUF_inst/I
    H11                  INBUF (Prop_INBUF_HPIOB_M_PAD_O)
                                                      0.156     0.156 r  clk_IBUF_inst/INBUF_INST/O
                         net (fo=1, routed)           0.000     0.156    clk_IBUF_inst/OUT
    H11                  IBUFCTRL (Prop_IBUFCTRL_HPIOB_M_I_O)
                                                      0.000     0.156 r  clk_IBUF_inst/IBUFCTRL_INST/O
                         net (fo=1, routed)           0.144     0.300    clk_IBUF
    BUFGCE_X1Y124        BUFGCE (Prop_BUFCE_BUFGCE_I_O)
                                                      0.017     0.317 r  clk_IBUF_BUFG_inst/O
    X2Y4 (CLOCK_ROOT)    net (fo=1343, routed)        0.840     1.156    pe_2_1/clk_IBUF_BUFG
    SLICE_X76Y276        FDCE                                         r  pe_2_1/psum_o_reg[2]/C
  -------------------------------------------------------------------    -------------------
    SLICE_X76Y276        FDCE (Prop_CFF_SLICEL_C_Q)
                                                      0.039     1.195 r  pe_2_1/psum_o_reg[2]/Q
                         net (fo=1, routed)           0.585     1.780    psum_flatten_o_OBUF[20]
    H19                  OBUF (Prop_OUTBUF_HPIOB_M_I_O)
                                                      0.398     2.178 r  psum_flatten_o_OBUF[20]_inst/O
                         net (fo=0)                   0.000     2.178    psum_flatten_o[20]
    H19                                                               r  psum_flatten_o[20] (OUT)
  -------------------------------------------------------------------    -------------------

Slack:                    inf
  Source:                 pe_2_1/psum_o_reg[7]/C
                            (rising edge-triggered cell FDCE clocked by clk_300mhz  {rise@0.000ns fall@3.200ns period=6.400ns})
  Destination:            psum_flatten_o[25]
                            (output port)
  Path Group:             (none)
  Path Type:              Min at Fast Process Corner
  Data Path Delay:        1.022ns  (logic 0.447ns (43.764%)  route 0.575ns (56.236%))
  Logic Levels:           1  (OBUF=1)
  Clock Uncertainty:      0.025ns  ((TSJ^2 + TIJ^2)^1/2 + DJ) / 2 + PE
    Total System Jitter     (TSJ):    0.050ns
    Total Input Jitter      (TIJ):    0.000ns
    Discrete Jitter          (DJ):    0.000ns
    Phase Error              (PE):    0.000ns
  Clock Net Delay (Source):      0.843ns (routing 0.387ns, distribution 0.456ns)

    Location             Delay type                Incr(ns)  Path(ns)    Netlist Resource(s)
  -------------------------------------------------------------------    -------------------
                         (clock clk_300mhz rise edge)
                                                      0.000     0.000 r  
    H11                                               0.000     0.000 r  clk (IN)
                         net (fo=0)                   0.000     0.000    clk_IBUF_inst/I
    H11                  INBUF (Prop_INBUF_HPIOB_M_PAD_O)
                                                      0.156     0.156 r  clk_IBUF_inst/INBUF_INST/O
                         net (fo=1, routed)           0.000     0.156    clk_IBUF_inst/OUT
    H11                  IBUFCTRL (Prop_IBUFCTRL_HPIOB_M_I_O)
                                                      0.000     0.156 r  clk_IBUF_inst/IBUFCTRL_INST/O
                         net (fo=1, routed)           0.144     0.300    clk_IBUF
    BUFGCE_X1Y124        BUFGCE (Prop_BUFCE_BUFGCE_I_O)
                                                      0.017     0.317 r  clk_IBUF_BUFG_inst/O
    X2Y4 (CLOCK_ROOT)    net (fo=1343, routed)        0.843     1.159    pe_2_1/clk_IBUF_BUFG
    SLICE_X76Y276        FDCE                                         r  pe_2_1/psum_o_reg[7]/C
  -------------------------------------------------------------------    -------------------
    SLICE_X76Y276        FDCE (Prop_HFF_SLICEL_C_Q)
                                                      0.039     1.198 r  pe_2_1/psum_o_reg[7]/Q
                         net (fo=1, routed)           0.575     1.773    psum_flatten_o_OBUF[25]
    F16                  OBUF (Prop_OUTBUF_HPIOB_S_I_O)
                                                      0.408     2.182 r  psum_flatten_o_OBUF[25]_inst/O
                         net (fo=0)                   0.000     2.182    psum_flatten_o[25]
    F16                                                               r  psum_flatten_o[25] (OUT)
  -------------------------------------------------------------------    -------------------

Slack:                    inf
  Source:                 pe_2_1/psum_o_reg[4]/C
                            (rising edge-triggered cell FDCE clocked by clk_300mhz  {rise@0.000ns fall@3.200ns period=6.400ns})
  Destination:            psum_flatten_o[22]
                            (output port)
  Path Group:             (none)
  Path Type:              Min at Fast Process Corner
  Data Path Delay:        1.024ns  (logic 0.465ns (45.385%)  route 0.559ns (54.615%))
  Logic Levels:           1  (OBUF=1)
  Clock Uncertainty:      0.025ns  ((TSJ^2 + TIJ^2)^1/2 + DJ) / 2 + PE
    Total System Jitter     (TSJ):    0.050ns
    Total Input Jitter      (TIJ):    0.000ns
    Discrete Jitter          (DJ):    0.000ns
    Phase Error              (PE):    0.000ns
  Clock Net Delay (Source):      0.843ns (routing 0.387ns, distribution 0.456ns)

    Location             Delay type                Incr(ns)  Path(ns)    Netlist Resource(s)
  -------------------------------------------------------------------    -------------------
                         (clock clk_300mhz rise edge)
                                                      0.000     0.000 r  
    H11                                               0.000     0.000 r  clk (IN)
                         net (fo=0)                   0.000     0.000    clk_IBUF_inst/I
    H11                  INBUF (Prop_INBUF_HPIOB_M_PAD_O)
                                                      0.156     0.156 r  clk_IBUF_inst/INBUF_INST/O
                         net (fo=1, routed)           0.000     0.156    clk_IBUF_inst/OUT
    H11                  IBUFCTRL (Prop_IBUFCTRL_HPIOB_M_I_O)
                                                      0.000     0.156 r  clk_IBUF_inst/IBUFCTRL_INST/O
                         net (fo=1, routed)           0.144     0.300    clk_IBUF
    BUFGCE_X1Y124        BUFGCE (Prop_BUFCE_BUFGCE_I_O)
                                                      0.017     0.317 r  clk_IBUF_BUFG_inst/O
    X2Y4 (CLOCK_ROOT)    net (fo=1343, routed)        0.843     1.159    pe_2_1/clk_IBUF_BUFG
    SLICE_X76Y276        FDCE                                         r  pe_2_1/psum_o_reg[4]/C
  -------------------------------------------------------------------    -------------------
    SLICE_X76Y276        FDCE (Prop_EFF_SLICEL_C_Q)
                                                      0.039     1.198 r  pe_2_1/psum_o_reg[4]/Q
                         net (fo=1, routed)           0.559     1.757    psum_flatten_o_OBUF[22]
    G15                  OBUF (Prop_OUTBUF_HPIOB_M_I_O)
                                                      0.426     2.183 r  psum_flatten_o_OBUF[22]_inst/O
                         net (fo=0)                   0.000     2.183    psum_flatten_o[22]
    G15                                                               r  psum_flatten_o[22] (OUT)
  -------------------------------------------------------------------    -------------------

Slack:                    inf
  Source:                 pe_2_0/psum_o_reg[12]/C
                            (rising edge-triggered cell FDCE clocked by clk_300mhz  {rise@0.000ns fall@3.200ns period=6.400ns})
  Destination:            psum_flatten_o[12]
                            (output port)
  Path Group:             (none)
  Path Type:              Min at Fast Process Corner
  Data Path Delay:        1.027ns  (logic 0.425ns (41.376%)  route 0.602ns (58.624%))
  Logic Levels:           1  (OBUF=1)
  Clock Uncertainty:      0.025ns  ((TSJ^2 + TIJ^2)^1/2 + DJ) / 2 + PE
    Total System Jitter     (TSJ):    0.050ns
    Total Input Jitter      (TIJ):    0.000ns
    Discrete Jitter          (DJ):    0.000ns
    Phase Error              (PE):    0.000ns
  Clock Net Delay (Source):      0.840ns (routing 0.387ns, distribution 0.453ns)

    Location             Delay type                Incr(ns)  Path(ns)    Netlist Resource(s)
  -------------------------------------------------------------------    -------------------
                         (clock clk_300mhz rise edge)
                                                      0.000     0.000 r  
    H11                                               0.000     0.000 r  clk (IN)
                         net (fo=0)                   0.000     0.000    clk_IBUF_inst/I
    H11                  INBUF (Prop_INBUF_HPIOB_M_PAD_O)
                                                      0.156     0.156 r  clk_IBUF_inst/INBUF_INST/O
                         net (fo=1, routed)           0.000     0.156    clk_IBUF_inst/OUT
    H11                  IBUFCTRL (Prop_IBUFCTRL_HPIOB_M_I_O)
                                                      0.000     0.156 r  clk_IBUF_inst/IBUFCTRL_INST/O
                         net (fo=1, routed)           0.144     0.300    clk_IBUF
    BUFGCE_X1Y124        BUFGCE (Prop_BUFCE_BUFGCE_I_O)
                                                      0.017     0.317 r  clk_IBUF_BUFG_inst/O
    X2Y4 (CLOCK_ROOT)    net (fo=1343, routed)        0.840     1.156    pe_2_0/clk_IBUF_BUFG
    SLICE_X76Y271        FDCE                                         r  pe_2_0/psum_o_reg[12]/C
  -------------------------------------------------------------------    -------------------
    SLICE_X76Y271        FDCE (Prop_EFF_SLICEL_C_Q)
                                                      0.039     1.195 r  pe_2_0/psum_o_reg[12]/Q
                         net (fo=1, routed)           0.602     1.797    psum_flatten_o_OBUF[12]
    L20                  OBUF (Prop_OUTBUF_HPIOB_M_I_O)
                                                      0.386     2.183 r  psum_flatten_o_OBUF[12]_inst/O
                         net (fo=0)                   0.000     2.183    psum_flatten_o[12]
    L20                                                               r  psum_flatten_o[12] (OUT)
  -------------------------------------------------------------------    -------------------

Slack:                    inf
  Source:                 pe_2_0/psum_o_reg[9]/C
                            (rising edge-triggered cell FDCE clocked by clk_300mhz  {rise@0.000ns fall@3.200ns period=6.400ns})
  Destination:            psum_flatten_o[9]
                            (output port)
  Path Group:             (none)
  Path Type:              Min at Fast Process Corner
  Data Path Delay:        1.036ns  (logic 0.425ns (41.014%)  route 0.611ns (58.986%))
  Logic Levels:           1  (OBUF=1)
  Clock Uncertainty:      0.025ns  ((TSJ^2 + TIJ^2)^1/2 + DJ) / 2 + PE
    Total System Jitter     (TSJ):    0.050ns
    Total Input Jitter      (TIJ):    0.000ns
    Discrete Jitter          (DJ):    0.000ns
    Phase Error              (PE):    0.000ns
  Clock Net Delay (Source):      0.837ns (routing 0.387ns, distribution 0.450ns)

    Location             Delay type                Incr(ns)  Path(ns)    Netlist Resource(s)
  -------------------------------------------------------------------    -------------------
                         (clock clk_300mhz rise edge)
                                                      0.000     0.000 r  
    H11                                               0.000     0.000 r  clk (IN)
                         net (fo=0)                   0.000     0.000    clk_IBUF_inst/I
    H11                  INBUF (Prop_INBUF_HPIOB_M_PAD_O)
                                                      0.156     0.156 r  clk_IBUF_inst/INBUF_INST/O
                         net (fo=1, routed)           0.000     0.156    clk_IBUF_inst/OUT
    H11                  IBUFCTRL (Prop_IBUFCTRL_HPIOB_M_I_O)
                                                      0.000     0.156 r  clk_IBUF_inst/IBUFCTRL_INST/O
                         net (fo=1, routed)           0.144     0.300    clk_IBUF
    BUFGCE_X1Y124        BUFGCE (Prop_BUFCE_BUFGCE_I_O)
                                                      0.017     0.317 r  clk_IBUF_BUFG_inst/O
    X2Y4 (CLOCK_ROOT)    net (fo=1343, routed)        0.837     1.153    pe_2_0/clk_IBUF_BUFG
    SLICE_X76Y271        FDCE                                         r  pe_2_0/psum_o_reg[9]/C
  -------------------------------------------------------------------    -------------------
    SLICE_X76Y271        FDCE (Prop_BFF_SLICEL_C_Q)
                                                      0.039     1.192 r  pe_2_0/psum_o_reg[9]/Q
                         net (fo=1, routed)           0.611     1.803    psum_flatten_o_OBUF[9]
    J17                  OBUF (Prop_OUTBUF_HPIOB_S_I_O)
                                                      0.386     2.189 r  psum_flatten_o_OBUF[9]_inst/O
                         net (fo=0)                   0.000     2.189    psum_flatten_o[9]
    J17                                                               r  psum_flatten_o[9] (OUT)
  -------------------------------------------------------------------    -------------------

Slack:                    inf
  Source:                 pe_2_0/psum_o_reg[10]/C
                            (rising edge-triggered cell FDCE clocked by clk_300mhz  {rise@0.000ns fall@3.200ns period=6.400ns})
  Destination:            psum_flatten_o[10]
                            (output port)
  Path Group:             (none)
  Path Type:              Min at Fast Process Corner
  Data Path Delay:        1.038ns  (logic 0.452ns (43.555%)  route 0.586ns (56.445%))
  Logic Levels:           1  (OBUF=1)
  Clock Uncertainty:      0.025ns  ((TSJ^2 + TIJ^2)^1/2 + DJ) / 2 + PE
    Total System Jitter     (TSJ):    0.050ns
    Total Input Jitter      (TIJ):    0.000ns
    Discrete Jitter          (DJ):    0.000ns
    Phase Error              (PE):    0.000ns
  Clock Net Delay (Source):      0.837ns (routing 0.387ns, distribution 0.450ns)

    Location             Delay type                Incr(ns)  Path(ns)    Netlist Resource(s)
  -------------------------------------------------------------------    -------------------
                         (clock clk_300mhz rise edge)
                                                      0.000     0.000 r  
    H11                                               0.000     0.000 r  clk (IN)
                         net (fo=0)                   0.000     0.000    clk_IBUF_inst/I
    H11                  INBUF (Prop_INBUF_HPIOB_M_PAD_O)
                                                      0.156     0.156 r  clk_IBUF_inst/INBUF_INST/O
                         net (fo=1, routed)           0.000     0.156    clk_IBUF_inst/OUT
    H11                  IBUFCTRL (Prop_IBUFCTRL_HPIOB_M_I_O)
                                                      0.000     0.156 r  clk_IBUF_inst/IBUFCTRL_INST/O
                         net (fo=1, routed)           0.144     0.300    clk_IBUF
    BUFGCE_X1Y124        BUFGCE (Prop_BUFCE_BUFGCE_I_O)
                                                      0.017     0.317 r  clk_IBUF_BUFG_inst/O
    X2Y4 (CLOCK_ROOT)    net (fo=1343, routed)        0.837     1.153    pe_2_0/clk_IBUF_BUFG
    SLICE_X76Y271        FDCE                                         r  pe_2_0/psum_o_reg[10]/C
  -------------------------------------------------------------------    -------------------
    SLICE_X76Y271        FDCE (Prop_CFF_SLICEL_C_Q)
                                                      0.039     1.192 r  pe_2_0/psum_o_reg[10]/Q
                         net (fo=1, routed)           0.586     1.778    psum_flatten_o_OBUF[10]
    J16                  OBUF (Prop_OUTBUF_HPIOB_M_I_O)
                                                      0.413     2.191 r  psum_flatten_o_OBUF[10]_inst/O
                         net (fo=0)                   0.000     2.191    psum_flatten_o[10]
    J16                                                               r  psum_flatten_o[10] (OUT)
  -------------------------------------------------------------------    -------------------





--------------------------------------------------------------------------------------
Path Group:  (none)
From Clock:  
  To Clock:  clk_300mhz

Max Delay           204 Endpoints
Min Delay           204 Endpoints
--------------------------------------------------------------------------------------


Max Delay Paths
--------------------------------------------------------------------------------------
Slack:                    inf
  Source:                 act_flatten_i[1]
                            (input port)
  Destination:            pe_0_0/u_multiplier/a_s1_reg[1]/D
                            (rising edge-triggered cell FDCE clocked by clk_300mhz  {rise@0.000ns fall@3.200ns period=6.400ns})
  Path Group:             (none)
  Path Type:              Setup (Max at Slow Process Corner)
  Data Path Delay:        2.956ns  (logic 1.034ns (34.968%)  route 1.922ns (65.032%))
  Logic Levels:           2  (IBUFCTRL=1 INBUF=1)
  Clock Path Skew:        1.921ns (DCD - SCD + CPR)
    Destination Clock Delay (DCD):    1.921ns
    Source Clock Delay      (SCD):    0.000ns
    Clock Pessimism Removal (CPR):    0.000ns
  Clock Uncertainty:      0.025ns  ((TSJ^2 + TIJ^2)^1/2 + DJ) / 2 + PE
    Total System Jitter     (TSJ):    0.050ns
    Total Input Jitter      (TIJ):    0.000ns
    Discrete Jitter          (DJ):    0.000ns
    Phase Error              (PE):    0.000ns
  Clock Net Delay (Destination): 1.340ns (routing 0.635ns, distribution 0.705ns)

    Location             Delay type                Incr(ns)  Path(ns)    Netlist Resource(s)
  -------------------------------------------------------------------    -------------------
    E5                                                0.000     0.000 r  act_flatten_i[1] (IN)
                         net (fo=0)                   0.000     0.000    act_flatten_i_IBUF[1]_inst/I
    E5                   INBUF (Prop_INBUF_HDIOB_S_PAD_O)
                                                      1.034     1.034 r  act_flatten_i_IBUF[1]_inst/INBUF_INST/O
                         net (fo=1, routed)           0.000     1.034    act_flatten_i_IBUF[1]_inst/OUT
    E5                   IBUFCTRL (Prop_IBUFCTRL_HDIOB_S_I_O)
                                                      0.000     1.034 r  act_flatten_i_IBUF[1]_inst/IBUFCTRL_INST/O
                         net (fo=2, routed)           1.922     2.956    pe_0_0/u_multiplier/a_s1_reg[7]_0[1]
    SLICE_X74Y269        FDCE                                         r  pe_0_0/u_multiplier/a_s1_reg[1]/D
  -------------------------------------------------------------------    -------------------

                         (clock clk_300mhz rise edge)
                                                      0.000     0.000 r  
    H11                                               0.000     0.000 r  clk (IN)
                         net (fo=0)                   0.000     0.000    clk_IBUF_inst/I
    H11                  INBUF (Prop_INBUF_HPIOB_M_PAD_O)
                                                      0.271     0.271 r  clk_IBUF_inst/INBUF_INST/O
                         net (fo=1, routed)           0.000     0.271    clk_IBUF_inst/OUT
    H11                  IBUFCTRL (Prop_IBUFCTRL_HPIOB_M_I_O)
                                                      0.000     0.271 r  clk_IBUF_inst/IBUFCTRL_INST/O
                         net (fo=1, routed)           0.286     0.557    clk_IBUF
    BUFGCE_X1Y124        BUFGCE (Prop_BUFCE_BUFGCE_I_O)
                                                      0.024     0.581 r  clk_IBUF_BUFG_inst/O
    X2Y4 (CLOCK_ROOT)    net (fo=1343, routed)        1.340     1.921    pe_0_0/u_multiplier/clk_IBUF_BUFG
    SLICE_X74Y269        FDCE                                         r  pe_0_0/u_multiplier/a_s1_reg[1]/C

Slack:                    inf
  Source:                 act_flatten_i[5]
                            (input port)
  Destination:            pe_0_0/u_multiplier/a_s1_reg[5]/D
                            (rising edge-triggered cell FDCE clocked by clk_300mhz  {rise@0.000ns fall@3.200ns period=6.400ns})
  Path Group:             (none)
  Path Type:              Setup (Max at Slow Process Corner)
  Data Path Delay:        2.929ns  (logic 1.059ns (36.140%)  route 1.871ns (63.860%))
  Logic Levels:           2  (IBUFCTRL=1 INBUF=1)
  Clock Path Skew:        1.924ns (DCD - SCD + CPR)
    Destination Clock Delay (DCD):    1.924ns
    Source Clock Delay      (SCD):    0.000ns
    Clock Pessimism Removal (CPR):    0.000ns
  Clock Uncertainty:      0.025ns  ((TSJ^2 + TIJ^2)^1/2 + DJ) / 2 + PE
    Total System Jitter     (TSJ):    0.050ns
    Total Input Jitter      (TIJ):    0.000ns
    Discrete Jitter          (DJ):    0.000ns
    Phase Error              (PE):    0.000ns
  Clock Net Delay (Destination): 1.343ns (routing 0.635ns, distribution 0.708ns)

    Location             Delay type                Incr(ns)  Path(ns)    Netlist Resource(s)
  -------------------------------------------------------------------    -------------------
    A5                                                0.000     0.000 r  act_flatten_i[5] (IN)
                         net (fo=0)                   0.000     0.000    act_flatten_i_IBUF[5]_inst/I
    A5                   INBUF (Prop_INBUF_HDIOB_S_PAD_O)
                                                      1.059     1.059 r  act_flatten_i_IBUF[5]_inst/INBUF_INST/O
                         net (fo=1, routed)           0.000     1.059    act_flatten_i_IBUF[5]_inst/OUT
    A5                   IBUFCTRL (Prop_IBUFCTRL_HDIOB_S_I_O)
                                                      0.000     1.059 r  act_flatten_i_IBUF[5]_inst/IBUFCTRL_INST/O
                         net (fo=2, routed)           1.871     2.929    pe_0_0/u_multiplier/a_s1_reg[7]_0[5]
    SLICE_X76Y266        FDCE                                         r  pe_0_0/u_multiplier/a_s1_reg[5]/D
  -------------------------------------------------------------------    -------------------

                         (clock clk_300mhz rise edge)
                                                      0.000     0.000 r  
    H11                                               0.000     0.000 r  clk (IN)
                         net (fo=0)                   0.000     0.000    clk_IBUF_inst/I
    H11                  INBUF (Prop_INBUF_HPIOB_M_PAD_O)
                                                      0.271     0.271 r  clk_IBUF_inst/INBUF_INST/O
                         net (fo=1, routed)           0.000     0.271    clk_IBUF_inst/OUT
    H11                  IBUFCTRL (Prop_IBUFCTRL_HPIOB_M_I_O)
                                                      0.000     0.271 r  clk_IBUF_inst/IBUFCTRL_INST/O
                         net (fo=1, routed)           0.286     0.557    clk_IBUF
    BUFGCE_X1Y124        BUFGCE (Prop_BUFCE_BUFGCE_I_O)
                                                      0.024     0.581 r  clk_IBUF_BUFG_inst/O
    X2Y4 (CLOCK_ROOT)    net (fo=1343, routed)        1.343     1.924    pe_0_0/u_multiplier/clk_IBUF_BUFG
    SLICE_X76Y266        FDCE                                         r  pe_0_0/u_multiplier/a_s1_reg[5]/C

Slack:                    inf
  Source:                 weight_switch_i
                            (input port)
  Destination:            pe_0_0/weight_active_reg[1]/CE
                            (rising edge-triggered cell FDCE clocked by clk_300mhz  {rise@0.000ns fall@3.200ns period=6.400ns})
  Path Group:             (none)
  Path Type:              Setup (Max at Slow Process Corner)
  Data Path Delay:        2.901ns  (logic 0.570ns (19.654%)  route 2.331ns (80.346%))
  Logic Levels:           2  (IBUFCTRL=1 INBUF=1)
  Clock Path Skew:        1.912ns (DCD - SCD + CPR)
    Destination Clock Delay (DCD):    1.912ns
    Source Clock Delay      (SCD):    0.000ns
    Clock Pessimism Removal (CPR):    0.000ns
  Clock Uncertainty:      0.025ns  ((TSJ^2 + TIJ^2)^1/2 + DJ) / 2 + PE
    Total System Jitter     (TSJ):    0.050ns
    Total Input Jitter      (TIJ):    0.000ns
    Discrete Jitter          (DJ):    0.000ns
    Phase Error              (PE):    0.000ns
  Clock Net Delay (Destination): 1.331ns (routing 0.635ns, distribution 0.696ns)

    Location             Delay type                Incr(ns)  Path(ns)    Netlist Resource(s)
  -------------------------------------------------------------------    -------------------
    C8                                                0.000     0.000 r  weight_switch_i (IN)
                         net (fo=0)                   0.000     0.000    weight_switch_i_IBUF_inst/I
    C8                   INBUF (Prop_INBUF_HPIOB_S_PAD_O)
                                                      0.570     0.570 r  weight_switch_i_IBUF_inst/INBUF_INST/O
                         net (fo=1, routed)           0.000     0.570    weight_switch_i_IBUF_inst/OUT
    C8                   IBUFCTRL (Prop_IBUFCTRL_HPIOB_S_I_O)
                                                      0.000     0.570 r  weight_switch_i_IBUF_inst/IBUFCTRL_INST/O
                         net (fo=72, routed)          2.331     2.901    pe_0_0/weight_active_reg[0]_0[0]
    SLICE_X73Y264        FDCE                                         r  pe_0_0/weight_active_reg[1]/CE
  -------------------------------------------------------------------    -------------------

                         (clock clk_300mhz rise edge)
                                                      0.000     0.000 r  
    H11                                               0.000     0.000 r  clk (IN)
                         net (fo=0)                   0.000     0.000    clk_IBUF_inst/I
    H11                  INBUF (Prop_INBUF_HPIOB_M_PAD_O)
                                                      0.271     0.271 r  clk_IBUF_inst/INBUF_INST/O
                         net (fo=1, routed)           0.000     0.271    clk_IBUF_inst/OUT
    H11                  IBUFCTRL (Prop_IBUFCTRL_HPIOB_M_I_O)
                                                      0.000     0.271 r  clk_IBUF_inst/IBUFCTRL_INST/O
                         net (fo=1, routed)           0.286     0.557    clk_IBUF
    BUFGCE_X1Y124        BUFGCE (Prop_BUFCE_BUFGCE_I_O)
                                                      0.024     0.581 r  clk_IBUF_BUFG_inst/O
    X2Y4 (CLOCK_ROOT)    net (fo=1343, routed)        1.331     1.912    pe_0_0/clk_IBUF_BUFG
    SLICE_X73Y264        FDCE                                         r  pe_0_0/weight_active_reg[1]/C

Slack:                    inf
  Source:                 wgt_flatten_i[11]
                            (input port)
  Destination:            pe_0_1/weight_o_reg[3]/D
                            (rising edge-triggered cell FDCE clocked by clk_300mhz  {rise@0.000ns fall@3.200ns period=6.400ns})
  Path Group:             (none)
  Path Type:              Setup (Max at Slow Process Corner)
  Data Path Delay:        2.897ns  (logic 0.563ns (19.448%)  route 2.334ns (80.552%))
  Logic Levels:           2  (IBUFCTRL=1 INBUF=1)
  Clock Path Skew:        1.931ns (DCD - SCD + CPR)
    Destination Clock Delay (DCD):    1.931ns
    Source Clock Delay      (SCD):    0.000ns
    Clock Pessimism Removal (CPR):    0.000ns
  Clock Uncertainty:      0.025ns  ((TSJ^2 + TIJ^2)^1/2 + DJ) / 2 + PE
    Total System Jitter     (TSJ):    0.050ns
    Total Input Jitter      (TIJ):    0.000ns
    Discrete Jitter          (DJ):    0.000ns
    Phase Error              (PE):    0.000ns
  Clock Net Delay (Destination): 1.351ns (routing 0.635ns, distribution 0.716ns)

    Location             Delay type                Incr(ns)  Path(ns)    Netlist Resource(s)
  -------------------------------------------------------------------    -------------------
    C6                                                0.000     0.000 r  wgt_flatten_i[11] (IN)
                         net (fo=0)                   0.000     0.000    wgt_flatten_i_IBUF[11]_inst/I
    C6                   INBUF (Prop_INBUF_HPIOB_S_PAD_O)
                                                      0.563     0.563 r  wgt_flatten_i_IBUF[11]_inst/INBUF_INST/O
                         net (fo=1, routed)           0.000     0.563    wgt_flatten_i_IBUF[11]_inst/OUT
    C6                   IBUFCTRL (Prop_IBUFCTRL_HPIOB_S_I_O)
                                                      0.000     0.563 r  wgt_flatten_i_IBUF[11]_inst/IBUFCTRL_INST/O
                         net (fo=2, routed)           2.334     2.897    pe_0_1/weight_o_reg[7]_1[3]
    SLICE_X79Y279        FDCE                                         r  pe_0_1/weight_o_reg[3]/D
  -------------------------------------------------------------------    -------------------

                         (clock clk_300mhz rise edge)
                                                      0.000     0.000 r  
    H11                                               0.000     0.000 r  clk (IN)
                         net (fo=0)                   0.000     0.000    clk_IBUF_inst/I
    H11                  INBUF (Prop_INBUF_HPIOB_M_PAD_O)
                                                      0.271     0.271 r  clk_IBUF_inst/INBUF_INST/O
                         net (fo=1, routed)           0.000     0.271    clk_IBUF_inst/OUT
    H11                  IBUFCTRL (Prop_IBUFCTRL_HPIOB_M_I_O)
                                                      0.000     0.271 r  clk_IBUF_inst/IBUFCTRL_INST/O
                         net (fo=1, routed)           0.286     0.557    clk_IBUF
    BUFGCE_X1Y124        BUFGCE (Prop_BUFCE_BUFGCE_I_O)
                                                      0.024     0.581 r  clk_IBUF_BUFG_inst/O
    X2Y4 (CLOCK_ROOT)    net (fo=1343, routed)        1.351     1.931    pe_0_1/clk_IBUF_BUFG
    SLICE_X79Y279        FDCE                                         r  pe_0_1/weight_o_reg[3]/C

Slack:                    inf
  Source:                 weight_switch_i
                            (input port)
  Destination:            pe_2_1/weight_active_reg[7]/CE
                            (rising edge-triggered cell FDCE clocked by clk_300mhz  {rise@0.000ns fall@3.200ns period=6.400ns})
  Path Group:             (none)
  Path Type:              Setup (Max at Slow Process Corner)
  Data Path Delay:        2.873ns  (logic 0.570ns (19.844%)  route 2.303ns (80.156%))
  Logic Levels:           2  (IBUFCTRL=1 INBUF=1)
  Clock Path Skew:        1.915ns (DCD - SCD + CPR)
    Destination Clock Delay (DCD):    1.915ns
    Source Clock Delay      (SCD):    0.000ns
    Clock Pessimism Removal (CPR):    0.000ns
  Clock Uncertainty:      0.025ns  ((TSJ^2 + TIJ^2)^1/2 + DJ) / 2 + PE
    Total System Jitter     (TSJ):    0.050ns
    Total Input Jitter      (TIJ):    0.000ns
    Discrete Jitter          (DJ):    0.000ns
    Phase Error              (PE):    0.000ns
  Clock Net Delay (Destination): 1.334ns (routing 0.635ns, distribution 0.699ns)

    Location             Delay type                Incr(ns)  Path(ns)    Netlist Resource(s)
  -------------------------------------------------------------------    -------------------
    C8                                                0.000     0.000 r  weight_switch_i (IN)
                         net (fo=0)                   0.000     0.000    weight_switch_i_IBUF_inst/I
    C8                   INBUF (Prop_INBUF_HPIOB_S_PAD_O)
                                                      0.570     0.570 r  weight_switch_i_IBUF_inst/INBUF_INST/O
                         net (fo=1, routed)           0.000     0.570    weight_switch_i_IBUF_inst/OUT
    C8                   IBUFCTRL (Prop_IBUFCTRL_HPIOB_S_I_O)
                                                      0.000     0.570 r  weight_switch_i_IBUF_inst/IBUFCTRL_INST/O
                         net (fo=72, routed)          2.303     2.873    pe_2_1/weight_active_reg[7]_0[0]
    SLICE_X81Y277        FDCE                                         r  pe_2_1/weight_active_reg[7]/CE
  -------------------------------------------------------------------    -------------------

                         (clock clk_300mhz rise edge)
                                                      0.000     0.000 r  
    H11                                               0.000     0.000 r  clk (IN)
                         net (fo=0)                   0.000     0.000    clk_IBUF_inst/I
    H11                  INBUF (Prop_INBUF_HPIOB_M_PAD_O)
                                                      0.271     0.271 r  clk_IBUF_inst/INBUF_INST/O
                         net (fo=1, routed)           0.000     0.271    clk_IBUF_inst/OUT
    H11                  IBUFCTRL (Prop_IBUFCTRL_HPIOB_M_I_O)
                                                      0.000     0.271 r  clk_IBUF_inst/IBUFCTRL_INST/O
                         net (fo=1, routed)           0.286     0.557    clk_IBUF
    BUFGCE_X1Y124        BUFGCE (Prop_BUFCE_BUFGCE_I_O)
                                                      0.024     0.581 r  clk_IBUF_BUFG_inst/O
    X2Y4 (CLOCK_ROOT)    net (fo=1343, routed)        1.334     1.915    pe_2_1/clk_IBUF_BUFG
    SLICE_X81Y277        FDCE                                         r  pe_2_1/weight_active_reg[7]/C

Slack:                    inf
  Source:                 act_flatten_i[5]
                            (input port)
  Destination:            pe_0_0/act_d1_reg[5]/D
                            (rising edge-triggered cell FDCE clocked by clk_300mhz  {rise@0.000ns fall@3.200ns period=6.400ns})
  Path Group:             (none)
  Path Type:              Setup (Max at Slow Process Corner)
  Data Path Delay:        2.833ns  (logic 1.192ns (42.059%)  route 1.642ns (57.941%))
  Logic Levels:           3  (IBUFCTRL=1 INBUF=1 LUT2=1)
  Clock Path Skew:        1.905ns (DCD - SCD + CPR)
    Destination Clock Delay (DCD):    1.905ns
    Source Clock Delay      (SCD):    0.000ns
    Clock Pessimism Removal (CPR):    0.000ns
  Clock Uncertainty:      0.025ns  ((TSJ^2 + TIJ^2)^1/2 + DJ) / 2 + PE
    Total System Jitter     (TSJ):    0.050ns
    Total Input Jitter      (TIJ):    0.000ns
    Discrete Jitter          (DJ):    0.000ns
    Phase Error              (PE):    0.000ns
  Clock Net Delay (Destination): 1.324ns (routing 0.635ns, distribution 0.689ns)

    Location             Delay type                Incr(ns)  Path(ns)    Netlist Resource(s)
  -------------------------------------------------------------------    -------------------
    A5                                                0.000     0.000 r  act_flatten_i[5] (IN)
                         net (fo=0)                   0.000     0.000    act_flatten_i_IBUF[5]_inst/I
    A5                   INBUF (Prop_INBUF_HDIOB_S_PAD_O)
                                                      1.059     1.059 r  act_flatten_i_IBUF[5]_inst/INBUF_INST/O
                         net (fo=1, routed)           0.000     1.059    act_flatten_i_IBUF[5]_inst/OUT
    A5                   IBUFCTRL (Prop_IBUFCTRL_HDIOB_S_I_O)
                                                      0.000     1.059 r  act_flatten_i_IBUF[5]_inst/IBUFCTRL_INST/O
                         net (fo=2, routed)           1.627     2.685    pe_0_0/a_s1_reg[7][5]
    SLICE_X72Y270        LUT2 (Prop_H5LUT_SLICEL_I1_O)
                                                      0.133     2.818 r  pe_0_0/act_d1[5]_i_1/O
                         net (fo=1, routed)           0.015     2.833    pe_0_0/p_0_in[5]
    SLICE_X72Y270        FDCE                                         r  pe_0_0/act_d1_reg[5]/D
  -------------------------------------------------------------------    -------------------

                         (clock clk_300mhz rise edge)
                                                      0.000     0.000 r  
    H11                                               0.000     0.000 r  clk (IN)
                         net (fo=0)                   0.000     0.000    clk_IBUF_inst/I
    H11                  INBUF (Prop_INBUF_HPIOB_M_PAD_O)
                                                      0.271     0.271 r  clk_IBUF_inst/INBUF_INST/O
                         net (fo=1, routed)           0.000     0.271    clk_IBUF_inst/OUT
    H11                  IBUFCTRL (Prop_IBUFCTRL_HPIOB_M_I_O)
                                                      0.000     0.271 r  clk_IBUF_inst/IBUFCTRL_INST/O
                         net (fo=1, routed)           0.286     0.557    clk_IBUF
    BUFGCE_X1Y124        BUFGCE (Prop_BUFCE_BUFGCE_I_O)
                                                      0.024     0.581 r  clk_IBUF_BUFG_inst/O
    X2Y4 (CLOCK_ROOT)    net (fo=1343, routed)        1.324     1.905    pe_0_0/clk_IBUF_BUFG
    SLICE_X72Y270        FDCE                                         r  pe_0_0/act_d1_reg[5]/C

Slack:                    inf
  Source:                 weight_switch_i
                            (input port)
  Destination:            pe_0_0/weight_active_reg[2]/CE
                            (rising edge-triggered cell FDCE clocked by clk_300mhz  {rise@0.000ns fall@3.200ns period=6.400ns})
  Path Group:             (none)
  Path Type:              Setup (Max at Slow Process Corner)
  Data Path Delay:        2.802ns  (logic 0.570ns (20.352%)  route 2.232ns (79.648%))
  Logic Levels:           2  (IBUFCTRL=1 INBUF=1)
  Clock Path Skew:        1.910ns (DCD - SCD + CPR)
    Destination Clock Delay (DCD):    1.910ns
    Source Clock Delay      (SCD):    0.000ns
    Clock Pessimism Removal (CPR):    0.000ns
  Clock Uncertainty:      0.025ns  ((TSJ^2 + TIJ^2)^1/2 + DJ) / 2 + PE
    Total System Jitter     (TSJ):    0.050ns
    Total Input Jitter      (TIJ):    0.000ns
    Discrete Jitter          (DJ):    0.000ns
    Phase Error              (PE):    0.000ns
  Clock Net Delay (Destination): 1.329ns (routing 0.635ns, distribution 0.694ns)

    Location             Delay type                Incr(ns)  Path(ns)    Netlist Resource(s)
  -------------------------------------------------------------------    -------------------
    C8                                                0.000     0.000 r  weight_switch_i (IN)
                         net (fo=0)                   0.000     0.000    weight_switch_i_IBUF_inst/I
    C8                   INBUF (Prop_INBUF_HPIOB_S_PAD_O)
                                                      0.570     0.570 r  weight_switch_i_IBUF_inst/INBUF_INST/O
                         net (fo=1, routed)           0.000     0.570    weight_switch_i_IBUF_inst/OUT
    C8                   IBUFCTRL (Prop_IBUFCTRL_HPIOB_S_I_O)
                                                      0.000     0.570 r  weight_switch_i_IBUF_inst/IBUFCTRL_INST/O
                         net (fo=72, routed)          2.232     2.802    pe_0_0/weight_active_reg[0]_0[0]
    SLICE_X75Y264        FDCE                                         r  pe_0_0/weight_active_reg[2]/CE
  -------------------------------------------------------------------    -------------------

                         (clock clk_300mhz rise edge)
                                                      0.000     0.000 r  
    H11                                               0.000     0.000 r  clk (IN)
                         net (fo=0)                   0.000     0.000    clk_IBUF_inst/I
    H11                  INBUF (Prop_INBUF_HPIOB_M_PAD_O)
                                                      0.271     0.271 r  clk_IBUF_inst/INBUF_INST/O
                         net (fo=1, routed)           0.000     0.271    clk_IBUF_inst/OUT
    H11                  IBUFCTRL (Prop_IBUFCTRL_HPIOB_M_I_O)
                                                      0.000     0.271 r  clk_IBUF_inst/IBUFCTRL_INST/O
                         net (fo=1, routed)           0.286     0.557    clk_IBUF
    BUFGCE_X1Y124        BUFGCE (Prop_BUFCE_BUFGCE_I_O)
                                                      0.024     0.581 r  clk_IBUF_BUFG_inst/O
    X2Y4 (CLOCK_ROOT)    net (fo=1343, routed)        1.329     1.910    pe_0_0/clk_IBUF_BUFG
    SLICE_X75Y264        FDCE                                         r  pe_0_0/weight_active_reg[2]/C

Slack:                    inf
  Source:                 act_flatten_i[0]
                            (input port)
  Destination:            pe_0_0/act_d1_reg[0]/D
                            (rising edge-triggered cell FDCE clocked by clk_300mhz  {rise@0.000ns fall@3.200ns period=6.400ns})
  Path Group:             (none)
  Path Type:              Setup (Max at Slow Process Corner)
  Data Path Delay:        2.734ns  (logic 1.178ns (43.064%)  route 1.557ns (56.936%))
  Logic Levels:           3  (IBUFCTRL=1 INBUF=1 LUT2=1)
  Clock Path Skew:        1.907ns (DCD - SCD + CPR)
    Destination Clock Delay (DCD):    1.907ns
    Source Clock Delay      (SCD):    0.000ns
    Clock Pessimism Removal (CPR):    0.000ns
  Clock Uncertainty:      0.025ns  ((TSJ^2 + TIJ^2)^1/2 + DJ) / 2 + PE
    Total System Jitter     (TSJ):    0.050ns
    Total Input Jitter      (TIJ):    0.000ns
    Discrete Jitter          (DJ):    0.000ns
    Phase Error              (PE):    0.000ns
  Clock Net Delay (Destination): 1.326ns (routing 0.635ns, distribution 0.691ns)

    Location             Delay type                Incr(ns)  Path(ns)    Netlist Resource(s)
  -------------------------------------------------------------------    -------------------
    F6                                                0.000     0.000 r  act_flatten_i[0] (IN)
                         net (fo=0)                   0.000     0.000    act_flatten_i_IBUF[0]_inst/I
    F6                   INBUF (Prop_INBUF_HDIOB_M_PAD_O)
                                                      1.033     1.033 r  act_flatten_i_IBUF[0]_inst/INBUF_INST/O
                         net (fo=1, routed)           0.000     1.033    act_flatten_i_IBUF[0]_inst/OUT
    F6                   IBUFCTRL (Prop_IBUFCTRL_HDIOB_M_I_O)
                                                      0.000     1.033 r  act_flatten_i_IBUF[0]_inst/IBUFCTRL_INST/O
                         net (fo=2, routed)           1.485     2.517    pe_0_0/a_s1_reg[7][0]
    SLICE_X71Y270        LUT2 (Prop_D6LUT_SLICEM_I1_O)
                                                      0.145     2.662 r  pe_0_0/act_d1[0]_i_1/O
                         net (fo=1, routed)           0.072     2.734    pe_0_0/p_0_in[0]
    SLICE_X71Y270        FDCE                                         r  pe_0_0/act_d1_reg[0]/D
  -------------------------------------------------------------------    -------------------

                         (clock clk_300mhz rise edge)
                                                      0.000     0.000 r  
    H11                                               0.000     0.000 r  clk (IN)
                         net (fo=0)                   0.000     0.000    clk_IBUF_inst/I
    H11                  INBUF (Prop_INBUF_HPIOB_M_PAD_O)
                                                      0.271     0.271 r  clk_IBUF_inst/INBUF_INST/O
                         net (fo=1, routed)           0.000     0.271    clk_IBUF_inst/OUT
    H11                  IBUFCTRL (Prop_IBUFCTRL_HPIOB_M_I_O)
                                                      0.000     0.271 r  clk_IBUF_inst/IBUFCTRL_INST/O
                         net (fo=1, routed)           0.286     0.557    clk_IBUF
    BUFGCE_X1Y124        BUFGCE (Prop_BUFCE_BUFGCE_I_O)
                                                      0.024     0.581 r  clk_IBUF_BUFG_inst/O
    X2Y4 (CLOCK_ROOT)    net (fo=1343, routed)        1.326     1.907    pe_0_0/clk_IBUF_BUFG
    SLICE_X71Y270        FDCE                                         r  pe_0_0/act_d1_reg[0]/C

Slack:                    inf
  Source:                 weight_switch_i
                            (input port)
  Destination:            pe_2_0/weight_active_reg[7]/CE
                            (rising edge-triggered cell FDCE clocked by clk_300mhz  {rise@0.000ns fall@3.200ns period=6.400ns})
  Path Group:             (none)
  Path Type:              Setup (Max at Slow Process Corner)
  Data Path Delay:        2.733ns  (logic 0.570ns (20.862%)  route 2.163ns (79.138%))
  Logic Levels:           2  (IBUFCTRL=1 INBUF=1)
  Clock Path Skew:        1.913ns (DCD - SCD + CPR)
    Destination Clock Delay (DCD):    1.913ns
    Source Clock Delay      (SCD):    0.000ns
    Clock Pessimism Removal (CPR):    0.000ns
  Clock Uncertainty:      0.025ns  ((TSJ^2 + TIJ^2)^1/2 + DJ) / 2 + PE
    Total System Jitter     (TSJ):    0.050ns
    Total Input Jitter      (TIJ):    0.000ns
    Discrete Jitter          (DJ):    0.000ns
    Phase Error              (PE):    0.000ns
  Clock Net Delay (Destination): 1.333ns (routing 0.635ns, distribution 0.698ns)

    Location             Delay type                Incr(ns)  Path(ns)    Netlist Resource(s)
  -------------------------------------------------------------------    -------------------
    C8                                                0.000     0.000 r  weight_switch_i (IN)
                         net (fo=0)                   0.000     0.000    weight_switch_i_IBUF_inst/I
    C8                   INBUF (Prop_INBUF_HPIOB_S_PAD_O)
                                                      0.570     0.570 r  weight_switch_i_IBUF_inst/INBUF_INST/O
                         net (fo=1, routed)           0.000     0.570    weight_switch_i_IBUF_inst/OUT
    C8                   IBUFCTRL (Prop_IBUFCTRL_HPIOB_S_I_O)
                                                      0.000     0.570 r  weight_switch_i_IBUF_inst/IBUFCTRL_INST/O
                         net (fo=72, routed)          2.163     2.733    pe_2_0/weight_active_reg[0]_0[0]
    SLICE_X81Y272        FDCE                                         r  pe_2_0/weight_active_reg[7]/CE
  -------------------------------------------------------------------    -------------------

                         (clock clk_300mhz rise edge)
                                                      0.000     0.000 r  
    H11                                               0.000     0.000 r  clk (IN)
                         net (fo=0)                   0.000     0.000    clk_IBUF_inst/I
    H11                  INBUF (Prop_INBUF_HPIOB_M_PAD_O)
                                                      0.271     0.271 r  clk_IBUF_inst/INBUF_INST/O
                         net (fo=1, routed)           0.000     0.271    clk_IBUF_inst/OUT
    H11                  IBUFCTRL (Prop_IBUFCTRL_HPIOB_M_I_O)
                                                      0.000     0.271 r  clk_IBUF_inst/IBUFCTRL_INST/O
                         net (fo=1, routed)           0.286     0.557    clk_IBUF
    BUFGCE_X1Y124        BUFGCE (Prop_BUFCE_BUFGCE_I_O)
                                                      0.024     0.581 r  clk_IBUF_BUFG_inst/O
    X2Y4 (CLOCK_ROOT)    net (fo=1343, routed)        1.333     1.913    pe_2_0/clk_IBUF_BUFG
    SLICE_X81Y272        FDCE                                         r  pe_2_0/weight_active_reg[7]/C

Slack:                    inf
  Source:                 act_flatten_i[7]
                            (input port)
  Destination:            pe_0_0/u_multiplier/a_s1_reg[7]/D
                            (rising edge-triggered cell FDCE clocked by clk_300mhz  {rise@0.000ns fall@3.200ns period=6.400ns})
  Path Group:             (none)
  Path Type:              Setup (Max at Slow Process Corner)
  Data Path Delay:        2.717ns  (logic 1.034ns (38.042%)  route 1.684ns (61.958%))
  Logic Levels:           2  (IBUFCTRL=1 INBUF=1)
  Clock Path Skew:        1.924ns (DCD - SCD + CPR)
    Destination Clock Delay (DCD):    1.924ns
    Source Clock Delay      (SCD):    0.000ns
    Clock Pessimism Removal (CPR):    0.000ns
  Clock Uncertainty:      0.025ns  ((TSJ^2 + TIJ^2)^1/2 + DJ) / 2 + PE
    Total System Jitter     (TSJ):    0.050ns
    Total Input Jitter      (TIJ):    0.000ns
    Discrete Jitter          (DJ):    0.000ns
    Phase Error              (PE):    0.000ns
  Clock Net Delay (Destination): 1.343ns (routing 0.635ns, distribution 0.708ns)

    Location             Delay type                Incr(ns)  Path(ns)    Netlist Resource(s)
  -------------------------------------------------------------------    -------------------
    F4                                                0.000     0.000 r  act_flatten_i[7] (IN)
                         net (fo=0)                   0.000     0.000    act_flatten_i_IBUF[7]_inst/I
    F4                   INBUF (Prop_INBUF_HDIOB_S_PAD_O)
                                                      1.034     1.034 r  act_flatten_i_IBUF[7]_inst/INBUF_INST/O
                         net (fo=1, routed)           0.000     1.034    act_flatten_i_IBUF[7]_inst/OUT
    F4                   IBUFCTRL (Prop_IBUFCTRL_HDIOB_S_I_O)
                                                      0.000     1.034 r  act_flatten_i_IBUF[7]_inst/IBUFCTRL_INST/O
                         net (fo=2, routed)           1.684     2.717    pe_0_0/u_multiplier/a_s1_reg[7]_0[7]
    SLICE_X76Y266        FDCE                                         r  pe_0_0/u_multiplier/a_s1_reg[7]/D
  -------------------------------------------------------------------    -------------------

                         (clock clk_300mhz rise edge)
                                                      0.000     0.000 r  
    H11                                               0.000     0.000 r  clk (IN)
                         net (fo=0)                   0.000     0.000    clk_IBUF_inst/I
    H11                  INBUF (Prop_INBUF_HPIOB_M_PAD_O)
                                                      0.271     0.271 r  clk_IBUF_inst/INBUF_INST/O
                         net (fo=1, routed)           0.000     0.271    clk_IBUF_inst/OUT
    H11                  IBUFCTRL (Prop_IBUFCTRL_HPIOB_M_I_O)
                                                      0.000     0.271 r  clk_IBUF_inst/IBUFCTRL_INST/O
                         net (fo=1, routed)           0.286     0.557    clk_IBUF
    BUFGCE_X1Y124        BUFGCE (Prop_BUFCE_BUFGCE_I_O)
                                                      0.024     0.581 r  clk_IBUF_BUFG_inst/O
    X2Y4 (CLOCK_ROOT)    net (fo=1343, routed)        1.343     1.924    pe_0_0/u_multiplier/clk_IBUF_BUFG
    SLICE_X76Y266        FDCE                                         r  pe_0_0/u_multiplier/a_s1_reg[7]/C





Min Delay Paths
--------------------------------------------------------------------------------------
Slack:                    inf
  Source:                 wgt_flatten_i[18]
                            (input port)
  Destination:            pe_0_2/weight_shadow_reg[2]/D
                            (rising edge-triggered cell FDCE clocked by clk_300mhz  {rise@0.000ns fall@3.200ns period=6.400ns})
  Path Group:             (none)
  Path Type:              Hold (Min at Fast Process Corner)
  Data Path Delay:        0.719ns  (logic 0.143ns (19.853%)  route 0.576ns (80.147%))
  Logic Levels:           2  (IBUFCTRL=1 INBUF=1)
  Clock Path Skew:        1.495ns (DCD - SCD - CPR)
    Destination Clock Delay (DCD):    1.495ns
    Source Clock Delay      (SCD):    0.000ns
    Clock Pessimism Removal (CPR):    -0.000ns
  Clock Net Delay (Destination): 0.954ns (routing 0.433ns, distribution 0.521ns)

    Location             Delay type                Incr(ns)  Path(ns)    Netlist Resource(s)
  -------------------------------------------------------------------    -------------------
    H13                                               0.000     0.000 r  wgt_flatten_i[18] (IN)
                         net (fo=0)                   0.000     0.000    wgt_flatten_i_IBUF[18]_inst/I
    H13                  INBUF (Prop_INBUF_HPIOB_M_PAD_O)
                                                      0.143     0.143 r  wgt_flatten_i_IBUF[18]_inst/INBUF_INST/O
                         net (fo=1, routed)           0.000     0.143    wgt_flatten_i_IBUF[18]_inst/OUT
    H13                  IBUFCTRL (Prop_IBUFCTRL_HPIOB_M_I_O)
                                                      0.000     0.143 r  wgt_flatten_i_IBUF[18]_inst/IBUFCTRL_INST/O
                         net (fo=2, routed)           0.576     0.719    pe_0_2/weight_o_reg[7]_1[2]
    SLICE_X69Y286        FDCE                                         r  pe_0_2/weight_shadow_reg[2]/D
  -------------------------------------------------------------------    -------------------

                         (clock clk_300mhz rise edge)
                                                      0.000     0.000 r  
    H11                                               0.000     0.000 r  clk (IN)
                         net (fo=0)                   0.000     0.000    clk_IBUF_inst/I
    H11                  INBUF (Prop_INBUF_HPIOB_M_PAD_O)
                                                      0.341     0.341 r  clk_IBUF_inst/INBUF_INST/O
                         net (fo=1, routed)           0.000     0.341    clk_IBUF_inst/OUT
    H11                  IBUFCTRL (Prop_IBUFCTRL_HPIOB_M_I_O)
                                                      0.000     0.341 r  clk_IBUF_inst/IBUFCTRL_INST/O
                         net (fo=1, routed)           0.181     0.522    clk_IBUF
    BUFGCE_X1Y124        BUFGCE (Prop_BUFCE_BUFGCE_I_O)
                                                      0.019     0.541 r  clk_IBUF_BUFG_inst/O
    X2Y4 (CLOCK_ROOT)    net (fo=1343, routed)        0.954     1.495    pe_0_2/clk_IBUF_BUFG
    SLICE_X69Y286        FDCE                                         r  pe_0_2/weight_shadow_reg[2]/C

Slack:                    inf
  Source:                 wgt_load_i[2]
                            (input port)
  Destination:            pe_0_2/weight_shadow_reg[0]/CE
                            (rising edge-triggered cell FDCE clocked by clk_300mhz  {rise@0.000ns fall@3.200ns period=6.400ns})
  Path Group:             (none)
  Path Type:              Hold (Min at Fast Process Corner)
  Data Path Delay:        0.742ns  (logic 0.184ns (24.824%)  route 0.558ns (75.176%))
  Logic Levels:           2  (IBUFCTRL=1 INBUF=1)
  Clock Path Skew:        1.495ns (DCD - SCD - CPR)
    Destination Clock Delay (DCD):    1.495ns
    Source Clock Delay      (SCD):    0.000ns
    Clock Pessimism Removal (CPR):    -0.000ns
  Clock Net Delay (Destination): 0.954ns (routing 0.433ns, distribution 0.521ns)

    Location             Delay type                Incr(ns)  Path(ns)    Netlist Resource(s)
  -------------------------------------------------------------------    -------------------
    F8                                                0.000     0.000 r  wgt_load_i[2] (IN)
                         net (fo=0)                   0.000     0.000    wgt_load_i_IBUF[2]_inst/I
    F8                   INBUF (Prop_INBUF_HPIOB_M_PAD_O)
                                                      0.184     0.184 r  wgt_load_i_IBUF[2]_inst/INBUF_INST/O
                         net (fo=1, routed)           0.000     0.184    wgt_load_i_IBUF[2]_inst/OUT
    F8                   IBUFCTRL (Prop_IBUFCTRL_HPIOB_M_I_O)
                                                      0.000     0.184 r  wgt_load_i_IBUF[2]_inst/IBUFCTRL_INST/O
                         net (fo=9, routed)           0.558     0.742    pe_0_2/weight_valid_o_reg_0[0]
    SLICE_X69Y287        FDCE                                         r  pe_0_2/weight_shadow_reg[0]/CE
  -------------------------------------------------------------------    -------------------

                         (clock clk_300mhz rise edge)
                                                      0.000     0.000 r  
    H11                                               0.000     0.000 r  clk (IN)
                         net (fo=0)                   0.000     0.000    clk_IBUF_inst/I
    H11                  INBUF (Prop_INBUF_HPIOB_M_PAD_O)
                                                      0.341     0.341 r  clk_IBUF_inst/INBUF_INST/O
                         net (fo=1, routed)           0.000     0.341    clk_IBUF_inst/OUT
    H11                  IBUFCTRL (Prop_IBUFCTRL_HPIOB_M_I_O)
                                                      0.000     0.341 r  clk_IBUF_inst/IBUFCTRL_INST/O
                         net (fo=1, routed)           0.181     0.522    clk_IBUF
    BUFGCE_X1Y124        BUFGCE (Prop_BUFCE_BUFGCE_I_O)
                                                      0.019     0.541 r  clk_IBUF_BUFG_inst/O
    X2Y4 (CLOCK_ROOT)    net (fo=1343, routed)        0.954     1.495    pe_0_2/clk_IBUF_BUFG
    SLICE_X69Y287        FDCE                                         r  pe_0_2/weight_shadow_reg[0]/C

Slack:                    inf
  Source:                 wgt_flatten_i[19]
                            (input port)
  Destination:            pe_0_2/weight_o_reg[3]/D
                            (rising edge-triggered cell FDCE clocked by clk_300mhz  {rise@0.000ns fall@3.200ns period=6.400ns})
  Path Group:             (none)
  Path Type:              Hold (Min at Fast Process Corner)
  Data Path Delay:        0.752ns  (logic 0.144ns (19.154%)  route 0.608ns (80.846%))
  Logic Levels:           2  (IBUFCTRL=1 INBUF=1)
  Clock Path Skew:        1.495ns (DCD - SCD - CPR)
    Destination Clock Delay (DCD):    1.495ns
    Source Clock Delay      (SCD):    0.000ns
    Clock Pessimism Removal (CPR):    -0.000ns
  Clock Net Delay (Destination): 0.954ns (routing 0.433ns, distribution 0.521ns)

    Location             Delay type                Incr(ns)  Path(ns)    Netlist Resource(s)
  -------------------------------------------------------------------    -------------------
    H12                                               0.000     0.000 r  wgt_flatten_i[19] (IN)
                         net (fo=0)                   0.000     0.000    wgt_flatten_i_IBUF[19]_inst/I
    H12                  INBUF (Prop_INBUF_HPIOB_S_PAD_O)
                                                      0.144     0.144 r  wgt_flatten_i_IBUF[19]_inst/INBUF_INST/O
                         net (fo=1, routed)           0.000     0.144    wgt_flatten_i_IBUF[19]_inst/OUT
    H12                  IBUFCTRL (Prop_IBUFCTRL_HPIOB_S_I_O)
                                                      0.000     0.144 r  wgt_flatten_i_IBUF[19]_inst/IBUFCTRL_INST/O
                         net (fo=2, routed)           0.608     0.752    pe_0_2/weight_o_reg[7]_1[3]
    SLICE_X70Y286        FDCE                                         r  pe_0_2/weight_o_reg[3]/D
  -------------------------------------------------------------------    -------------------

                         (clock clk_300mhz rise edge)
                                                      0.000     0.000 r  
    H11                                               0.000     0.000 r  clk (IN)
                         net (fo=0)                   0.000     0.000    clk_IBUF_inst/I
    H11                  INBUF (Prop_INBUF_HPIOB_M_PAD_O)
                                                      0.341     0.341 r  clk_IBUF_inst/INBUF_INST/O
                         net (fo=1, routed)           0.000     0.341    clk_IBUF_inst/OUT
    H11                  IBUFCTRL (Prop_IBUFCTRL_HPIOB_M_I_O)
                                                      0.000     0.341 r  clk_IBUF_inst/IBUFCTRL_INST/O
                         net (fo=1, routed)           0.181     0.522    clk_IBUF
    BUFGCE_X1Y124        BUFGCE (Prop_BUFCE_BUFGCE_I_O)
                                                      0.019     0.541 r  clk_IBUF_BUFG_inst/O
    X2Y4 (CLOCK_ROOT)    net (fo=1343, routed)        0.954     1.495    pe_0_2/clk_IBUF_BUFG
    SLICE_X70Y286        FDCE                                         r  pe_0_2/weight_o_reg[3]/C

Slack:                    inf
  Source:                 wgt_flatten_i[22]
                            (input port)
  Destination:            pe_0_2/weight_shadow_reg[6]/D
                            (rising edge-triggered cell FDCE clocked by clk_300mhz  {rise@0.000ns fall@3.200ns period=6.400ns})
  Path Group:             (none)
  Path Type:              Hold (Min at Fast Process Corner)
  Data Path Delay:        0.755ns  (logic 0.156ns (20.671%)  route 0.599ns (79.329%))
  Logic Levels:           2  (IBUFCTRL=1 INBUF=1)
  Clock Path Skew:        1.498ns (DCD - SCD - CPR)
    Destination Clock Delay (DCD):    1.498ns
    Source Clock Delay      (SCD):    0.000ns
    Clock Pessimism Removal (CPR):    -0.000ns
  Clock Net Delay (Destination): 0.957ns (routing 0.433ns, distribution 0.524ns)

    Location             Delay type                Incr(ns)  Path(ns)    Netlist Resource(s)
  -------------------------------------------------------------------    -------------------
    G11                                               0.000     0.000 r  wgt_flatten_i[22] (IN)
                         net (fo=0)                   0.000     0.000    wgt_flatten_i_IBUF[22]_inst/I
    G11                  INBUF (Prop_INBUF_HPIOB_S_PAD_O)
                                                      0.156     0.156 r  wgt_flatten_i_IBUF[22]_inst/INBUF_INST/O
                         net (fo=1, routed)           0.000     0.156    wgt_flatten_i_IBUF[22]_inst/OUT
    G11                  IBUFCTRL (Prop_IBUFCTRL_HPIOB_S_I_O)
                                                      0.000     0.156 r  wgt_flatten_i_IBUF[22]_inst/IBUFCTRL_INST/O
                         net (fo=2, routed)           0.599     0.755    pe_0_2/weight_o_reg[7]_1[6]
    SLICE_X70Y285        FDCE                                         r  pe_0_2/weight_shadow_reg[6]/D
  -------------------------------------------------------------------    -------------------

                         (clock clk_300mhz rise edge)
                                                      0.000     0.000 r  
    H11                                               0.000     0.000 r  clk (IN)
                         net (fo=0)                   0.000     0.000    clk_IBUF_inst/I
    H11                  INBUF (Prop_INBUF_HPIOB_M_PAD_O)
                                                      0.341     0.341 r  clk_IBUF_inst/INBUF_INST/O
                         net (fo=1, routed)           0.000     0.341    clk_IBUF_inst/OUT
    H11                  IBUFCTRL (Prop_IBUFCTRL_HPIOB_M_I_O)
                                                      0.000     0.341 r  clk_IBUF_inst/IBUFCTRL_INST/O
                         net (fo=1, routed)           0.181     0.522    clk_IBUF
    BUFGCE_X1Y124        BUFGCE (Prop_BUFCE_BUFGCE_I_O)
                                                      0.019     0.541 r  clk_IBUF_BUFG_inst/O
    X2Y4 (CLOCK_ROOT)    net (fo=1343, routed)        0.957     1.498    pe_0_2/clk_IBUF_BUFG
    SLICE_X70Y285        FDCE                                         r  pe_0_2/weight_shadow_reg[6]/C

Slack:                    inf
  Source:                 wgt_flatten_i[23]
                            (input port)
  Destination:            pe_0_2/weight_o_reg[7]/D
                            (rising edge-triggered cell FDCE clocked by clk_300mhz  {rise@0.000ns fall@3.200ns period=6.400ns})
  Path Group:             (none)
  Path Type:              Hold (Min at Fast Process Corner)
  Data Path Delay:        0.764ns  (logic 0.179ns (23.441%)  route 0.585ns (76.559%))
  Logic Levels:           2  (IBUFCTRL=1 INBUF=1)
  Clock Path Skew:        1.512ns (DCD - SCD - CPR)
    Destination Clock Delay (DCD):    1.512ns
    Source Clock Delay      (SCD):    0.000ns
    Clock Pessimism Removal (CPR):    -0.000ns
  Clock Net Delay (Destination): 0.972ns (routing 0.433ns, distribution 0.539ns)

    Location             Delay type                Incr(ns)  Path(ns)    Netlist Resource(s)
  -------------------------------------------------------------------    -------------------
    G10                                               0.000     0.000 r  wgt_flatten_i[23] (IN)
                         net (fo=0)                   0.000     0.000    wgt_flatten_i_IBUF[23]_inst/I
    G10                  INBUF (Prop_INBUF_HPIOB_M_PAD_O)
                                                      0.179     0.179 r  wgt_flatten_i_IBUF[23]_inst/INBUF_INST/O
                         net (fo=1, routed)           0.000     0.179    wgt_flatten_i_IBUF[23]_inst/OUT
    G10                  IBUFCTRL (Prop_IBUFCTRL_HPIOB_M_I_O)
                                                      0.000     0.179 r  wgt_flatten_i_IBUF[23]_inst/IBUFCTRL_INST/O
                         net (fo=2, routed)           0.585     0.764    pe_0_2/weight_o_reg[7]_1[7]
    SLICE_X74Y286        FDCE                                         r  pe_0_2/weight_o_reg[7]/D
  -------------------------------------------------------------------    -------------------

                         (clock clk_300mhz rise edge)
                                                      0.000     0.000 r  
    H11                                               0.000     0.000 r  clk (IN)
                         net (fo=0)                   0.000     0.000    clk_IBUF_inst/I
    H11                  INBUF (Prop_INBUF_HPIOB_M_PAD_O)
                                                      0.341     0.341 r  clk_IBUF_inst/INBUF_INST/O
                         net (fo=1, routed)           0.000     0.341    clk_IBUF_inst/OUT
    H11                  IBUFCTRL (Prop_IBUFCTRL_HPIOB_M_I_O)
                                                      0.000     0.341 r  clk_IBUF_inst/IBUFCTRL_INST/O
                         net (fo=1, routed)           0.181     0.522    clk_IBUF
    BUFGCE_X1Y124        BUFGCE (Prop_BUFCE_BUFGCE_I_O)
                                                      0.019     0.541 r  clk_IBUF_BUFG_inst/O
    X2Y4 (CLOCK_ROOT)    net (fo=1343, routed)        0.972     1.512    pe_0_2/clk_IBUF_BUFG
    SLICE_X74Y286        FDCE                                         r  pe_0_2/weight_o_reg[7]/C

Slack:                    inf
  Source:                 wgt_flatten_i[16]
                            (input port)
  Destination:            pe_0_2/weight_shadow_reg[0]/D
                            (rising edge-triggered cell FDCE clocked by clk_300mhz  {rise@0.000ns fall@3.200ns period=6.400ns})
  Path Group:             (none)
  Path Type:              Hold (Min at Fast Process Corner)
  Data Path Delay:        0.766ns  (logic 0.168ns (21.982%)  route 0.598ns (78.018%))
  Logic Levels:           2  (IBUFCTRL=1 INBUF=1)
  Clock Path Skew:        1.495ns (DCD - SCD - CPR)
    Destination Clock Delay (DCD):    1.495ns
    Source Clock Delay      (SCD):    0.000ns
    Clock Pessimism Removal (CPR):    -0.000ns
  Clock Net Delay (Destination): 0.954ns (routing 0.433ns, distribution 0.521ns)

    Location             Delay type                Incr(ns)  Path(ns)    Netlist Resource(s)
  -------------------------------------------------------------------    -------------------
    D11                                               0.000     0.000 r  wgt_flatten_i[16] (IN)
                         net (fo=0)                   0.000     0.000    wgt_flatten_i_IBUF[16]_inst/I
    D11                  INBUF (Prop_INBUF_HPIOB_M_PAD_O)
                                                      0.168     0.168 r  wgt_flatten_i_IBUF[16]_inst/INBUF_INST/O
                         net (fo=1, routed)           0.000     0.168    wgt_flatten_i_IBUF[16]_inst/OUT
    D11                  IBUFCTRL (Prop_IBUFCTRL_HPIOB_M_I_O)
                                                      0.000     0.168 r  wgt_flatten_i_IBUF[16]_inst/IBUFCTRL_INST/O
                         net (fo=2, routed)           0.598     0.766    pe_0_2/weight_o_reg[7]_1[0]
    SLICE_X69Y287        FDCE                                         r  pe_0_2/weight_shadow_reg[0]/D
  -------------------------------------------------------------------    -------------------

                         (clock clk_300mhz rise edge)
                                                      0.000     0.000 r  
    H11                                               0.000     0.000 r  clk (IN)
                         net (fo=0)                   0.000     0.000    clk_IBUF_inst/I
    H11                  INBUF (Prop_INBUF_HPIOB_M_PAD_O)
                                                      0.341     0.341 r  clk_IBUF_inst/INBUF_INST/O
                         net (fo=1, routed)           0.000     0.341    clk_IBUF_inst/OUT
    H11                  IBUFCTRL (Prop_IBUFCTRL_HPIOB_M_I_O)
                                                      0.000     0.341 r  clk_IBUF_inst/IBUFCTRL_INST/O
                         net (fo=1, routed)           0.181     0.522    clk_IBUF
    BUFGCE_X1Y124        BUFGCE (Prop_BUFCE_BUFGCE_I_O)
                                                      0.019     0.541 r  clk_IBUF_BUFG_inst/O
    X2Y4 (CLOCK_ROOT)    net (fo=1343, routed)        0.954     1.495    pe_0_2/clk_IBUF_BUFG
    SLICE_X69Y287        FDCE                                         r  pe_0_2/weight_shadow_reg[0]/C

Slack:                    inf
  Source:                 wgt_load_i[2]
                            (input port)
  Destination:            pe_0_2/weight_shadow_reg[2]/CE
                            (rising edge-triggered cell FDCE clocked by clk_300mhz  {rise@0.000ns fall@3.200ns period=6.400ns})
  Path Group:             (none)
  Path Type:              Hold (Min at Fast Process Corner)
  Data Path Delay:        0.771ns  (logic 0.184ns (23.893%)  route 0.587ns (76.107%))
  Logic Levels:           2  (IBUFCTRL=1 INBUF=1)
  Clock Path Skew:        1.495ns (DCD - SCD - CPR)
    Destination Clock Delay (DCD):    1.495ns
    Source Clock Delay      (SCD):    0.000ns
    Clock Pessimism Removal (CPR):    -0.000ns
  Clock Net Delay (Destination): 0.954ns (routing 0.433ns, distribution 0.521ns)

    Location             Delay type                Incr(ns)  Path(ns)    Netlist Resource(s)
  -------------------------------------------------------------------    -------------------
    F8                                                0.000     0.000 r  wgt_load_i[2] (IN)
                         net (fo=0)                   0.000     0.000    wgt_load_i_IBUF[2]_inst/I
    F8                   INBUF (Prop_INBUF_HPIOB_M_PAD_O)
                                                      0.184     0.184 r  wgt_load_i_IBUF[2]_inst/INBUF_INST/O
                         net (fo=1, routed)           0.000     0.184    wgt_load_i_IBUF[2]_inst/OUT
    F8                   IBUFCTRL (Prop_IBUFCTRL_HPIOB_M_I_O)
                                                      0.000     0.184 r  wgt_load_i_IBUF[2]_inst/IBUFCTRL_INST/O
                         net (fo=9, routed)           0.587     0.771    pe_0_2/weight_valid_o_reg_0[0]
    SLICE_X69Y286        FDCE                                         r  pe_0_2/weight_shadow_reg[2]/CE
  -------------------------------------------------------------------    -------------------

                         (clock clk_300mhz rise edge)
                                                      0.000     0.000 r  
    H11                                               0.000     0.000 r  clk (IN)
                         net (fo=0)                   0.000     0.000    clk_IBUF_inst/I
    H11                  INBUF (Prop_INBUF_HPIOB_M_PAD_O)
                                                      0.341     0.341 r  clk_IBUF_inst/INBUF_INST/O
                         net (fo=1, routed)           0.000     0.341    clk_IBUF_inst/OUT
    H11                  IBUFCTRL (Prop_IBUFCTRL_HPIOB_M_I_O)
                                                      0.000     0.341 r  clk_IBUF_inst/IBUFCTRL_INST/O
                         net (fo=1, routed)           0.181     0.522    clk_IBUF
    BUFGCE_X1Y124        BUFGCE (Prop_BUFCE_BUFGCE_I_O)
                                                      0.019     0.541 r  clk_IBUF_BUFG_inst/O
    X2Y4 (CLOCK_ROOT)    net (fo=1343, routed)        0.954     1.495    pe_0_2/clk_IBUF_BUFG
    SLICE_X69Y286        FDCE                                         r  pe_0_2/weight_shadow_reg[2]/C

Slack:                    inf
  Source:                 wgt_flatten_i[20]
                            (input port)
  Destination:            pe_0_2/weight_o_reg[4]/D
                            (rising edge-triggered cell FDCE clocked by clk_300mhz  {rise@0.000ns fall@3.200ns period=6.400ns})
  Path Group:             (none)
  Path Type:              Hold (Min at Fast Process Corner)
  Data Path Delay:        0.775ns  (logic 0.163ns (21.082%)  route 0.612ns (78.918%))
  Logic Levels:           2  (IBUFCTRL=1 INBUF=1)
  Clock Path Skew:        1.513ns (DCD - SCD - CPR)
    Destination Clock Delay (DCD):    1.513ns
    Source Clock Delay      (SCD):    0.000ns
    Clock Pessimism Removal (CPR):    -0.000ns
  Clock Net Delay (Destination): 0.973ns (routing 0.433ns, distribution 0.540ns)

    Location             Delay type                Incr(ns)  Path(ns)    Netlist Resource(s)
  -------------------------------------------------------------------    -------------------
    F11                                               0.000     0.000 r  wgt_flatten_i[20] (IN)
                         net (fo=0)                   0.000     0.000    wgt_flatten_i_IBUF[20]_inst/I
    F11                  INBUF (Prop_INBUF_HPIOB_M_PAD_O)
                                                      0.163     0.163 r  wgt_flatten_i_IBUF[20]_inst/INBUF_INST/O
                         net (fo=1, routed)           0.000     0.163    wgt_flatten_i_IBUF[20]_inst/OUT
    F11                  IBUFCTRL (Prop_IBUFCTRL_HPIOB_M_I_O)
                                                      0.000     0.163 r  wgt_flatten_i_IBUF[20]_inst/IBUFCTRL_INST/O
                         net (fo=2, routed)           0.612     0.775    pe_0_2/weight_o_reg[7]_1[4]
    SLICE_X75Y286        FDCE                                         r  pe_0_2/weight_o_reg[4]/D
  -------------------------------------------------------------------    -------------------

                         (clock clk_300mhz rise edge)
                                                      0.000     0.000 r  
    H11                                               0.000     0.000 r  clk (IN)
                         net (fo=0)                   0.000     0.000    clk_IBUF_inst/I
    H11                  INBUF (Prop_INBUF_HPIOB_M_PAD_O)
                                                      0.341     0.341 r  clk_IBUF_inst/INBUF_INST/O
                         net (fo=1, routed)           0.000     0.341    clk_IBUF_inst/OUT
    H11                  IBUFCTRL (Prop_IBUFCTRL_HPIOB_M_I_O)
                                                      0.000     0.341 r  clk_IBUF_inst/IBUFCTRL_INST/O
                         net (fo=1, routed)           0.181     0.522    clk_IBUF
    BUFGCE_X1Y124        BUFGCE (Prop_BUFCE_BUFGCE_I_O)
                                                      0.019     0.541 r  clk_IBUF_BUFG_inst/O
    X2Y4 (CLOCK_ROOT)    net (fo=1343, routed)        0.973     1.513    pe_0_2/clk_IBUF_BUFG
    SLICE_X75Y286        FDCE                                         r  pe_0_2/weight_o_reg[4]/C

Slack:                    inf
  Source:                 wgt_load_i[1]
                            (input port)
  Destination:            pe_0_1/weight_shadow_reg[1]/CE
                            (rising edge-triggered cell FDCE clocked by clk_300mhz  {rise@0.000ns fall@3.200ns period=6.400ns})
  Path Group:             (none)
  Path Type:              Hold (Min at Fast Process Corner)
  Data Path Delay:        0.776ns  (logic 0.185ns (23.862%)  route 0.591ns (76.138%))
  Logic Levels:           2  (IBUFCTRL=1 INBUF=1)
  Clock Path Skew:        1.490ns (DCD - SCD - CPR)
    Destination Clock Delay (DCD):    1.490ns
    Source Clock Delay      (SCD):    0.000ns
    Clock Pessimism Removal (CPR):    -0.000ns
  Clock Net Delay (Destination): 0.949ns (routing 0.433ns, distribution 0.516ns)

    Location             Delay type                Incr(ns)  Path(ns)    Netlist Resource(s)
  -------------------------------------------------------------------    -------------------
    D9                                                0.000     0.000 r  wgt_load_i[1] (IN)
                         net (fo=0)                   0.000     0.000    wgt_load_i_IBUF[1]_inst/I
    D9                   INBUF (Prop_INBUF_HPIOB_S_PAD_O)
                                                      0.185     0.185 r  wgt_load_i_IBUF[1]_inst/INBUF_INST/O
                         net (fo=1, routed)           0.000     0.185    wgt_load_i_IBUF[1]_inst/OUT
    D9                   IBUFCTRL (Prop_IBUFCTRL_HPIOB_S_I_O)
                                                      0.000     0.185 r  wgt_load_i_IBUF[1]_inst/IBUFCTRL_INST/O
                         net (fo=9, routed)           0.591     0.776    pe_0_1/weight_valid_o_reg_0[0]
    SLICE_X69Y278        FDCE                                         r  pe_0_1/weight_shadow_reg[1]/CE
  -------------------------------------------------------------------    -------------------

                         (clock clk_300mhz rise edge)
                                                      0.000     0.000 r  
    H11                                               0.000     0.000 r  clk (IN)
                         net (fo=0)                   0.000     0.000    clk_IBUF_inst/I
    H11                  INBUF (Prop_INBUF_HPIOB_M_PAD_O)
                                                      0.341     0.341 r  clk_IBUF_inst/INBUF_INST/O
                         net (fo=1, routed)           0.000     0.341    clk_IBUF_inst/OUT
    H11                  IBUFCTRL (Prop_IBUFCTRL_HPIOB_M_I_O)
                                                      0.000     0.341 r  clk_IBUF_inst/IBUFCTRL_INST/O
                         net (fo=1, routed)           0.181     0.522    clk_IBUF
    BUFGCE_X1Y124        BUFGCE (Prop_BUFCE_BUFGCE_I_O)
                                                      0.019     0.541 r  clk_IBUF_BUFG_inst/O
    X2Y4 (CLOCK_ROOT)    net (fo=1343, routed)        0.949     1.490    pe_0_1/clk_IBUF_BUFG
    SLICE_X69Y278        FDCE                                         r  pe_0_1/weight_shadow_reg[1]/C

Slack:                    inf
  Source:                 wgt_flatten_i[22]
                            (input port)
  Destination:            pe_0_2/weight_o_reg[6]/D
                            (rising edge-triggered cell FDCE clocked by clk_300mhz  {rise@0.000ns fall@3.200ns period=6.400ns})
  Path Group:             (none)
  Path Type:              Hold (Min at Fast Process Corner)
  Data Path Delay:        0.779ns  (logic 0.156ns (20.038%)  route 0.623ns (79.963%))
  Logic Levels:           2  (IBUFCTRL=1 INBUF=1)
  Clock Path Skew:        1.495ns (DCD - SCD - CPR)
    Destination Clock Delay (DCD):    1.495ns
    Source Clock Delay      (SCD):    0.000ns
    Clock Pessimism Removal (CPR):    -0.000ns
  Clock Net Delay (Destination): 0.954ns (routing 0.433ns, distribution 0.521ns)

    Location             Delay type                Incr(ns)  Path(ns)    Netlist Resource(s)
  -------------------------------------------------------------------    -------------------
    G11                                               0.000     0.000 r  wgt_flatten_i[22] (IN)
                         net (fo=0)                   0.000     0.000    wgt_flatten_i_IBUF[22]_inst/I
    G11                  INBUF (Prop_INBUF_HPIOB_S_PAD_O)
                                                      0.156     0.156 r  wgt_flatten_i_IBUF[22]_inst/INBUF_INST/O
                         net (fo=1, routed)           0.000     0.156    wgt_flatten_i_IBUF[22]_inst/OUT
    G11                  IBUFCTRL (Prop_IBUFCTRL_HPIOB_S_I_O)
                                                      0.000     0.156 r  wgt_flatten_i_IBUF[22]_inst/IBUFCTRL_INST/O
                         net (fo=2, routed)           0.623     0.779    pe_0_2/weight_o_reg[7]_1[6]
    SLICE_X70Y286        FDCE                                         r  pe_0_2/weight_o_reg[6]/D
  -------------------------------------------------------------------    -------------------

                         (clock clk_300mhz rise edge)
                                                      0.000     0.000 r  
    H11                                               0.000     0.000 r  clk (IN)
                         net (fo=0)                   0.000     0.000    clk_IBUF_inst/I
    H11                  INBUF (Prop_INBUF_HPIOB_M_PAD_O)
                                                      0.341     0.341 r  clk_IBUF_inst/INBUF_INST/O
                         net (fo=1, routed)           0.000     0.341    clk_IBUF_inst/OUT
    H11                  IBUFCTRL (Prop_IBUFCTRL_HPIOB_M_I_O)
                                                      0.000     0.341 r  clk_IBUF_inst/IBUFCTRL_INST/O
                         net (fo=1, routed)           0.181     0.522    clk_IBUF
    BUFGCE_X1Y124        BUFGCE (Prop_BUFCE_BUFGCE_I_O)
                                                      0.019     0.541 r  clk_IBUF_BUFG_inst/O
    X2Y4 (CLOCK_ROOT)    net (fo=1343, routed)        0.954     1.495    pe_0_2/clk_IBUF_BUFG
    SLICE_X70Y286        FDCE                                         r  pe_0_2/weight_o_reg[6]/C





