
*** Running vivado
    with args -log design_1_wrapper.vdi -applog -m64 -product Vivado -messageDb vivado.pb -mode batch -source design_1_wrapper.tcl -notrace


****** Vivado v2025.2 (64-bit)
  **** SW Build 6299465 on Fri Nov 14 12:34:56 MST 2025
  **** IP Build 6300035 on Fri Nov 14 10:48:45 MST 2025
  **** SharedData Build 6298862 on Thu Nov 13 04:50:51 MST 2025
  **** Start of session at: Fri May 22 23:34:53 2026
    ** Copyright 1986-2022 Xilinx, Inc. All Rights Reserved.
    ** Copyright 2022-2025 Advanced Micro Devices, Inc. All Rights Reserved.

source design_1_wrapper.tcl -notrace
INFO: [IP_Flow 19-234] Refreshing IP repositories
INFO: [IP_Flow 19-1700] Loaded user IP repository '/home/pah/fpga_cnn_accelerator/FPGA-based-CNN-Accelerator-for-autonomous-vehicles/src/ip'.
INFO: [IP_Flow 19-1700] Loaded user IP repository '/home/pah/fpga_cnn_accelerator/FPGA-based-CNN-Accelerator-for-autonomous-vehicles/src/ip_repo'.
INFO: [IP_Flow 19-2313] Loaded Vivado IP repository '/home/pah/tools/Xilinx_20252/2025.2/data/ip'.
Command: link_design -top design_1_wrapper -part xc7z010clg400-1
Design is defaulting to srcset: sources_1
Design is defaulting to constrset: constrs_1
INFO: [Device 21-403] Loading part xc7z010clg400-1
INFO: [Project 1-5699] Read binary netlist with skipMacroContent - 1
INFO: [Project 1-454] Reading design checkpoint '/home/pah/fpga_cnn_accelerator/FPGA-based-CNN-Accelerator-for-autonomous-vehicles/src/synth/tpu_mnist_zyboz7/tpu_mnist_zyboz7.gen/sources_1/bd/design_1/ip/design_1_axi_smc_0/design_1_axi_smc_0.dcp' for cell 'design_1_i/axi_smc'
INFO: [Project 1-454] Reading design checkpoint '/home/pah/fpga_cnn_accelerator/FPGA-based-CNN-Accelerator-for-autonomous-vehicles/src/synth/tpu_mnist_zyboz7/tpu_mnist_zyboz7.gen/sources_1/bd/design_1/ip/design_1_processing_system7_0_0/design_1_processing_system7_0_0.dcp' for cell 'design_1_i/processing_system7_0'
INFO: [Project 1-454] Reading design checkpoint '/home/pah/fpga_cnn_accelerator/FPGA-based-CNN-Accelerator-for-autonomous-vehicles/src/synth/tpu_mnist_zyboz7/tpu_mnist_zyboz7.gen/sources_1/bd/design_1/ip/design_1_rst_ps7_0_50M_0/design_1_rst_ps7_0_50M_0.dcp' for cell 'design_1_i/rst_ps7_0_50M'
INFO: [Project 1-454] Reading design checkpoint '/home/pah/fpga_cnn_accelerator/FPGA-based-CNN-Accelerator-for-autonomous-vehicles/src/synth/tpu_mnist_zyboz7/tpu_mnist_zyboz7.gen/sources_1/bd/design_1/ip/design_1_tpu_zybo_0_0/design_1_tpu_zybo_0_0.dcp' for cell 'design_1_i/tpu_zybo_0'
Netlist sorting complete. Time (s): cpu = 00:00:00.06 ; elapsed = 00:00:00.06 . Memory (MB): peak = 1859.562 ; gain = 0.000 ; free physical = 14917 ; free virtual = 44229
INFO: [Netlist 29-17] Analyzing 642 Unisim elements for replacement
INFO: [Netlist 29-28] Unisim Transformation completed in 0 CPU seconds
INFO: [Project 1-479] Netlist was created with Vivado 2025.2
INFO: [Project 1-570] Preparing netlist for logic optimization
Parsing XDC File [/home/pah/fpga_cnn_accelerator/FPGA-based-CNN-Accelerator-for-autonomous-vehicles/src/synth/tpu_mnist_zyboz7/tpu_mnist_zyboz7.gen/sources_1/bd/design_1/ip/design_1_tpu_zybo_0_0/src/Zybo-Z7.xdc] for cell 'design_1_i/tpu_zybo_0/inst'
Finished Parsing XDC File [/home/pah/fpga_cnn_accelerator/FPGA-based-CNN-Accelerator-for-autonomous-vehicles/src/synth/tpu_mnist_zyboz7/tpu_mnist_zyboz7.gen/sources_1/bd/design_1/ip/design_1_tpu_zybo_0_0/src/Zybo-Z7.xdc] for cell 'design_1_i/tpu_zybo_0/inst'
Parsing XDC File [/home/pah/fpga_cnn_accelerator/FPGA-based-CNN-Accelerator-for-autonomous-vehicles/src/synth/tpu_mnist_zyboz7/tpu_mnist_zyboz7.gen/sources_1/bd/design_1/ip/design_1_processing_system7_0_0/design_1_processing_system7_0_0.xdc] for cell 'design_1_i/processing_system7_0/inst'
Finished Parsing XDC File [/home/pah/fpga_cnn_accelerator/FPGA-based-CNN-Accelerator-for-autonomous-vehicles/src/synth/tpu_mnist_zyboz7/tpu_mnist_zyboz7.gen/sources_1/bd/design_1/ip/design_1_processing_system7_0_0/design_1_processing_system7_0_0.xdc] for cell 'design_1_i/processing_system7_0/inst'
Parsing XDC File [/home/pah/fpga_cnn_accelerator/FPGA-based-CNN-Accelerator-for-autonomous-vehicles/src/synth/tpu_mnist_zyboz7/tpu_mnist_zyboz7.gen/sources_1/bd/design_1/ip/design_1_axi_smc_0/bd_0/ip/ip_1/bd_afc3_psr_aclk_0_board.xdc] for cell 'design_1_i/axi_smc/inst/clk_map/psr_aclk/U0'
Finished Parsing XDC File [/home/pah/fpga_cnn_accelerator/FPGA-based-CNN-Accelerator-for-autonomous-vehicles/src/synth/tpu_mnist_zyboz7/tpu_mnist_zyboz7.gen/sources_1/bd/design_1/ip/design_1_axi_smc_0/bd_0/ip/ip_1/bd_afc3_psr_aclk_0_board.xdc] for cell 'design_1_i/axi_smc/inst/clk_map/psr_aclk/U0'
Parsing XDC File [/home/pah/fpga_cnn_accelerator/FPGA-based-CNN-Accelerator-for-autonomous-vehicles/src/synth/tpu_mnist_zyboz7/tpu_mnist_zyboz7.gen/sources_1/bd/design_1/ip/design_1_axi_smc_0/smartconnect.xdc] for cell 'design_1_i/axi_smc/inst'
Finished Parsing XDC File [/home/pah/fpga_cnn_accelerator/FPGA-based-CNN-Accelerator-for-autonomous-vehicles/src/synth/tpu_mnist_zyboz7/tpu_mnist_zyboz7.gen/sources_1/bd/design_1/ip/design_1_axi_smc_0/smartconnect.xdc] for cell 'design_1_i/axi_smc/inst'
Parsing XDC File [/home/pah/fpga_cnn_accelerator/FPGA-based-CNN-Accelerator-for-autonomous-vehicles/src/synth/tpu_mnist_zyboz7/tpu_mnist_zyboz7.gen/sources_1/bd/design_1/ip/design_1_rst_ps7_0_50M_0/design_1_rst_ps7_0_50M_0_board.xdc] for cell 'design_1_i/rst_ps7_0_50M/U0'
Finished Parsing XDC File [/home/pah/fpga_cnn_accelerator/FPGA-based-CNN-Accelerator-for-autonomous-vehicles/src/synth/tpu_mnist_zyboz7/tpu_mnist_zyboz7.gen/sources_1/bd/design_1/ip/design_1_rst_ps7_0_50M_0/design_1_rst_ps7_0_50M_0_board.xdc] for cell 'design_1_i/rst_ps7_0_50M/U0'
Parsing XDC File [/home/pah/fpga_cnn_accelerator/FPGA-based-CNN-Accelerator-for-autonomous-vehicles/src/synth/Zybo-Z7.xdc]
Finished Parsing XDC File [/home/pah/fpga_cnn_accelerator/FPGA-based-CNN-Accelerator-for-autonomous-vehicles/src/synth/Zybo-Z7.xdc]
INFO: [Project 1-1714] 18 XPM XDC files have been applied to the design.
INFO: [Opt 31-138] Pushed 0 inverter(s) to 0 load pin(s).
Netlist sorting complete. Time (s): cpu = 00:00:00 ; elapsed = 00:00:00 . Memory (MB): peak = 2579.684 ; gain = 0.000 ; free physical = 14319 ; free virtual = 43631
INFO: [Project 1-111] Unisim Transformation Summary:
No Unisim elements were transformed.

17 Infos, 0 Warnings, 0 Critical Warnings and 0 Errors encountered.
link_design completed successfully
link_design: Time (s): cpu = 00:00:06 ; elapsed = 00:00:07 . Memory (MB): peak = 2579.719 ; gain = 942.281 ; free physical = 14311 ; free virtual = 43623
Command: opt_design
Attempting to get a license for feature 'Implementation' and/or device 'xc7z010'
INFO: [Common 17-349] Got license for feature 'Implementation' and/or device 'xc7z010'
Running DRC as a precondition to command opt_design

Starting DRC Task
INFO: [DRC 23-27] Running DRC with 8 threads
INFO: [Project 1-461] DRC finished with 0 Errors
INFO: [Project 1-462] Please refer to the DRC report (report_drc) for more information.

Time (s): cpu = 00:00:00.63 ; elapsed = 00:00:00.26 . Memory (MB): peak = 2609.262 ; gain = 29.543 ; free physical = 14204 ; free virtual = 43519

Starting Cache Timing Information Task
INFO: [Timing 38-35] Done setting XDC timing constraints.
Ending Cache Timing Information Task | Checksum: 1abe2a823

Time (s): cpu = 00:00:00.54 ; elapsed = 00:00:00.23 . Memory (MB): peak = 2609.262 ; gain = 0.000 ; free physical = 13961 ; free virtual = 43297

Starting Logic Optimization Task

Phase 1 Initialization

Phase 1.1 Core Generation And Design Setup
Phase 1.1 Core Generation And Design Setup | Checksum: 1abe2a823

Time (s): cpu = 00:00:00 ; elapsed = 00:00:00 . Memory (MB): peak = 2939.074 ; gain = 0.000 ; free physical = 11629 ; free virtual = 40966

Phase 1.2 Setup Constraints And Sort Netlist
Phase 1.2 Setup Constraints And Sort Netlist | Checksum: 1abe2a823

Time (s): cpu = 00:00:00 ; elapsed = 00:00:00.01 . Memory (MB): peak = 2939.074 ; gain = 0.000 ; free physical = 11621 ; free virtual = 40958
Phase 1 Initialization | Checksum: 1abe2a823

Time (s): cpu = 00:00:00.01 ; elapsed = 00:00:00.01 . Memory (MB): peak = 2939.074 ; gain = 0.000 ; free physical = 11621 ; free virtual = 40958

Phase 2 Timer Update And Timing Data Collection

Phase 2.1 Detect if minReqCache needed
Phase 2.1 Detect if minReqCache needed | Checksum: 1abe2a823

Time (s): cpu = 00:00:00.01 ; elapsed = 00:00:00.02 . Memory (MB): peak = 2942.043 ; gain = 2.969 ; free physical = 11597 ; free virtual = 40934

Phase 2.2 Timer Update
Phase 2.2 Timer Update | Checksum: 1abe2a823

Time (s): cpu = 00:00:00.34 ; elapsed = 00:00:00.1 . Memory (MB): peak = 2942.043 ; gain = 2.969 ; free physical = 11509 ; free virtual = 40846

Phase 2.3 Timing Data Collection
Phase 2.3 Timing Data Collection | Checksum: 1abe2a823

Time (s): cpu = 00:00:00.35 ; elapsed = 00:00:00.1 . Memory (MB): peak = 2942.043 ; gain = 2.969 ; free physical = 11509 ; free virtual = 40846
Phase 2 Timer Update And Timing Data Collection | Checksum: 1abe2a823

Time (s): cpu = 00:00:00.35 ; elapsed = 00:00:00.1 . Memory (MB): peak = 2942.043 ; gain = 2.969 ; free physical = 11509 ; free virtual = 40846

Phase 3 Retarget
INFO: [Opt 31-1851] Number of loadless carry chains removed were: 0
INFO: [Opt 31-1834] Total Chains To Be Transformed Were: 0 AND Number of Transformed insts Created are: 0
INFO: [Opt 31-1566] Pulled 3 inverters resulting in an inversion of 76 pins
INFO: [Opt 31-138] Pushed 11 inverter(s) to 33 load pin(s).
INFO: [Opt 31-49] Retargeted 0 cell(s).
Phase 3 Retarget | Checksum: 22c3f15fd

Time (s): cpu = 00:00:00.51 ; elapsed = 00:00:00.24 . Memory (MB): peak = 2942.043 ; gain = 2.969 ; free physical = 11328 ; free virtual = 40845
Retarget | Checksum: 22c3f15fd
INFO: [Opt 31-389] Phase Retarget created 8 cells and removed 56 cells
INFO: [Opt 31-1021] In phase Retarget, 20 netlist objects are constrained preventing optimization. Please run opt_design with -debug_log to get more detail. 

Phase 4 Constant propagation
INFO: [Opt 31-138] Pushed 2 inverter(s) to 2 load pin(s).
Phase 4 Constant propagation | Checksum: 2583b2c35

Time (s): cpu = 00:00:00.58 ; elapsed = 00:00:00.3 . Memory (MB): peak = 2942.043 ; gain = 2.969 ; free physical = 11028 ; free virtual = 40847
Constant propagation | Checksum: 2583b2c35
INFO: [Opt 31-389] Phase Constant propagation created 45 cells and removed 84 cells
INFO: [Opt 31-1021] In phase Constant propagation, 20 netlist objects are constrained preventing optimization. Please run opt_design with -debug_log to get more detail. 

Phase 5 Sweep
INFO: [Constraints 18-11670] Building netlist checker database with flags, 0x8
Done building netlist checker database: Time (s): cpu = 00:00:00 ; elapsed = 00:00:00 . Memory (MB): peak = 2942.043 ; gain = 0.000 ; free physical = 11028 ; free virtual = 40847
INFO: [Constraints 18-11670] Building netlist checker database with flags, 0x8
Done building netlist checker database: Time (s): cpu = 00:00:00 ; elapsed = 00:00:00 . Memory (MB): peak = 2942.043 ; gain = 0.000 ; free physical = 11099 ; free virtual = 40918
Phase 5 Sweep | Checksum: 27fdbfe8f

Time (s): cpu = 00:00:00.8 ; elapsed = 00:00:00.53 . Memory (MB): peak = 2942.043 ; gain = 2.969 ; free physical = 11624 ; free virtual = 41443
Sweep | Checksum: 27fdbfe8f
INFO: [Opt 31-389] Phase Sweep created 0 cells and removed 104 cells
INFO: [Opt 31-1021] In phase Sweep, 25 netlist objects are constrained preventing optimization. Please run opt_design with -debug_log to get more detail. 

Phase 6 BUFG optimization
Phase 6 BUFG optimization | Checksum: 27fdbfe8f

Time (s): cpu = 00:00:00.88 ; elapsed = 00:00:00.57 . Memory (MB): peak = 2974.059 ; gain = 34.984 ; free physical = 11569 ; free virtual = 41388
BUFG optimization | Checksum: 27fdbfe8f
INFO: [Opt 31-662] Phase BUFG optimization created 0 cells of which 0 are BUFGs and removed 0 cells.

Phase 7 Shift Register Optimization
INFO: [Opt 31-1064] SRL Remap converted 0 SRLs to 0 registers and converted 0 registers of register chains to 0 SRLs
Phase 7 Shift Register Optimization | Checksum: 27fdbfe8f

Time (s): cpu = 00:00:00.89 ; elapsed = 00:00:00.58 . Memory (MB): peak = 2974.059 ; gain = 34.984 ; free physical = 11569 ; free virtual = 41388
Shift Register Optimization | Checksum: 27fdbfe8f
INFO: [Opt 31-389] Phase Shift Register Optimization created 0 cells and removed 0 cells

Phase 8 Post Processing Netlist
Phase 8 Post Processing Netlist | Checksum: 247672772

Time (s): cpu = 00:00:00.92 ; elapsed = 00:00:00.6 . Memory (MB): peak = 2974.059 ; gain = 34.984 ; free physical = 11569 ; free virtual = 41388
Post Processing Netlist | Checksum: 247672772
INFO: [Opt 31-389] Phase Post Processing Netlist created 0 cells and removed 0 cells
INFO: [Opt 31-1021] In phase Post Processing Netlist, 20 netlist objects are constrained preventing optimization. Please run opt_design with -debug_log to get more detail. 

Phase 9 Finalization

Phase 9.1 Finalizing Design Cores and Updating Shapes
Phase 9.1 Finalizing Design Cores and Updating Shapes | Checksum: 1a23f2f02

Time (s): cpu = 00:00:01 ; elapsed = 00:00:00.73 . Memory (MB): peak = 2974.059 ; gain = 34.984 ; free physical = 11475 ; free virtual = 41294

Phase 9.2 Verifying Netlist Connectivity

Starting Connectivity Check Task

Time (s): cpu = 00:00:00.01 ; elapsed = 00:00:00.01 . Memory (MB): peak = 2974.059 ; gain = 0.000 ; free physical = 11459 ; free virtual = 41278
Phase 9.2 Verifying Netlist Connectivity | Checksum: 1a23f2f02

Time (s): cpu = 00:00:01 ; elapsed = 00:00:00.74 . Memory (MB): peak = 2974.059 ; gain = 34.984 ; free physical = 11459 ; free virtual = 41278
Phase 9 Finalization | Checksum: 1a23f2f02

Time (s): cpu = 00:00:01 ; elapsed = 00:00:00.75 . Memory (MB): peak = 2974.059 ; gain = 34.984 ; free physical = 11451 ; free virtual = 41270
Opt_design Change Summary
=========================


-------------------------------------------------------------------------------------------------------------------------
|  Phase                        |  #Cells created  |  #Cells Removed  |  #Constrained objects preventing optimizations  |
-------------------------------------------------------------------------------------------------------------------------
|  Retarget                     |               8  |              56  |                                             20  |
|  Constant propagation         |              45  |              84  |                                             20  |
|  Sweep                        |               0  |             104  |                                             25  |
|  BUFG optimization            |               0  |               0  |                                              0  |
|  Shift Register Optimization  |               0  |               0  |                                              0  |
|  Post Processing Netlist      |               0  |               0  |                                             20  |
-------------------------------------------------------------------------------------------------------------------------


Ending Logic Optimization Task | Checksum: 1a23f2f02

Time (s): cpu = 00:00:01 ; elapsed = 00:00:00.75 . Memory (MB): peak = 2974.059 ; gain = 34.984 ; free physical = 11451 ; free virtual = 41270

Starting Power Optimization Task
INFO: [Pwropt 34-132] Skipping clock gating for clocks with a period < 2.00 ns.
INFO: [Pwropt 34-9] Applying IDT optimizations ...
INFO: [Pwropt 34-10] Applying ODC optimizations ...
INFO: [Timing 38-35] Done setting XDC timing constraints.
Running Vector-less Activity Propagation...

Finished Running Vector-less Activity Propagation


Starting PowerOpt Patch Enables Task
INFO: [Pwropt 34-162] WRITE_MODE attribute of 0 BRAM(s) out of a total of 8 has been updated to save power. Run report_power_opt to get a complete listing of the BRAMs updated.
INFO: [Pwropt 34-201] Structural ODC has moved 0 WE to EN ports
Number of BRAM Ports augmented: 4 newly gated: 0 Total Ports: 16
Ending PowerOpt Patch Enables Task | Checksum: 1bac22752

Time (s): cpu = 00:00:00.05 ; elapsed = 00:00:00.05 . Memory (MB): peak = 3166.133 ; gain = 0.000 ; free physical = 10481 ; free virtual = 39816
Ending Power Optimization Task | Checksum: 1bac22752

Time (s): cpu = 00:00:02 ; elapsed = 00:00:00.91 . Memory (MB): peak = 3166.133 ; gain = 192.074 ; free physical = 10457 ; free virtual = 39793

Starting Final Cleanup Task
Ending Final Cleanup Task | Checksum: 1bac22752

Time (s): cpu = 00:00:00 ; elapsed = 00:00:00 . Memory (MB): peak = 3166.133 ; gain = 0.000 ; free physical = 10449 ; free virtual = 39785
Netlist sorting complete. Time (s): cpu = 00:00:00.01 ; elapsed = 00:00:00 . Memory (MB): peak = 3166.133 ; gain = 0.000 ; free physical = 10441 ; free virtual = 39777
INFO: [Common 17-83] Releasing license: Implementation
48 Infos, 0 Warnings, 0 Critical Warnings and 0 Errors encountered.
opt_design completed successfully
INFO: [Vivado 12-24828] Executing command : report_drc -file design_1_wrapper_drc_opted.rpt -pb design_1_wrapper_drc_opted.pb -rpx design_1_wrapper_drc_opted.rpx
Command: report_drc -file design_1_wrapper_drc_opted.rpt -pb design_1_wrapper_drc_opted.pb -rpx design_1_wrapper_drc_opted.rpx
INFO: [IP_Flow 19-1839] IP Catalog is up to date.
INFO: [DRC 23-27] Running DRC with 8 threads
INFO: [Vivado_Tcl 2-168] The results of DRC are in file /home/pah/fpga_cnn_accelerator/FPGA-based-CNN-Accelerator-for-autonomous-vehicles/src/synth/tpu_mnist_zyboz7/tpu_mnist_zyboz7.runs/impl_1/design_1_wrapper_drc_opted.rpt.
report_drc completed successfully
INFO: [Timing 38-480] Writing timing data to binary archive.
Wrote PlaceDB: Time (s): cpu = 00:00:00 ; elapsed = 00:00:00 . Memory (MB): peak = 3166.133 ; gain = 0.000 ; free physical = 10611 ; free virtual = 39940
Wrote PulsedLatchDB: Time (s): cpu = 00:00:00 ; elapsed = 00:00:00 . Memory (MB): peak = 3166.133 ; gain = 0.000 ; free physical = 10611 ; free virtual = 39940
Writing XDEF routing.
Write ShapeDB Complete: Time (s): cpu = 00:00:00.06 ; elapsed = 00:00:00.01 . Memory (MB): peak = 3166.133 ; gain = 0.000 ; free physical = 10608 ; free virtual = 39937
Writing XDEF routing logical nets.
Writing XDEF routing special nets.
Wrote RouteStorage: Time (s): cpu = 00:00:00.09 ; elapsed = 00:00:00.02 . Memory (MB): peak = 3166.133 ; gain = 0.000 ; free physical = 10603 ; free virtual = 39932
Wrote PlaceStorage: Time (s): cpu = 00:00:00.02 ; elapsed = 00:00:00 . Memory (MB): peak = 3166.133 ; gain = 0.000 ; free physical = 10597 ; free virtual = 39928
Wrote Netlist Cache: Time (s): cpu = 00:00:00 ; elapsed = 00:00:00.01 . Memory (MB): peak = 3166.133 ; gain = 0.000 ; free physical = 10597 ; free virtual = 39929
Wrote Device Cache: Time (s): cpu = 00:00:00.03 ; elapsed = 00:00:00 . Memory (MB): peak = 3166.133 ; gain = 0.000 ; free physical = 10589 ; free virtual = 39922
Write Physdb Complete: Time (s): cpu = 00:00:00.15 ; elapsed = 00:00:00.04 . Memory (MB): peak = 3166.133 ; gain = 0.000 ; free physical = 10584 ; free virtual = 39916
INFO: [Common 17-1381] The checkpoint '/home/pah/fpga_cnn_accelerator/FPGA-based-CNN-Accelerator-for-autonomous-vehicles/src/synth/tpu_mnist_zyboz7/tpu_mnist_zyboz7.runs/impl_1/design_1_wrapper_opt.dcp' has been generated.
Command: place_design
Attempting to get a license for feature 'Implementation' and/or device 'xc7z010'
INFO: [Common 17-349] Got license for feature 'Implementation' and/or device 'xc7z010'
INFO: [Common 17-83] Releasing license: Implementation
INFO: [DRC 23-27] Running DRC with 8 threads
INFO: [Vivado_Tcl 4-198] DRC finished with 0 Errors
INFO: [Vivado_Tcl 4-199] Please refer to the DRC report (report_drc) for more information.
INFO: [Timing 38-35] Done setting XDC timing constraints.
Running DRC as a precondition to command place_design
INFO: [DRC 23-27] Running DRC with 8 threads
INFO: [Vivado_Tcl 4-198] DRC finished with 0 Errors, 21 Warnings
INFO: [Vivado_Tcl 4-199] Please refer to the DRC report (report_drc) for more information.
INFO: [Place 30-611] Multithreading enabled for place_design using a maximum of 8 CPUs

Starting Placer Task

Phase 1 Placer Initialization

Phase 1.1 Placer Initialization Netlist Sorting
Netlist sorting complete. Time (s): cpu = 00:00:00.01 ; elapsed = 00:00:00 . Memory (MB): peak = 3166.133 ; gain = 0.000 ; free physical = 10875 ; free virtual = 40212
Phase 1.1 Placer Initialization Netlist Sorting | Checksum: 13c06a18c

Time (s): cpu = 00:00:00.01 ; elapsed = 00:00:00 . Memory (MB): peak = 3166.133 ; gain = 0.000 ; free physical = 10910 ; free virtual = 40248
Netlist sorting complete. Time (s): cpu = 00:00:00 ; elapsed = 00:00:00.01 . Memory (MB): peak = 3166.133 ; gain = 0.000 ; free physical = 10953 ; free virtual = 40290

Phase 1.2 IO Placement/ Clock Placement/ Build Placer Device
Phase 1.2 IO Placement/ Clock Placement/ Build Placer Device | Checksum: 16409bbae

Time (s): cpu = 00:00:00.66 ; elapsed = 00:00:00.33 . Memory (MB): peak = 3166.133 ; gain = 0.000 ; free physical = 10362 ; free virtual = 39700

Phase 1.3 Build Placer Netlist Model
Phase 1.3 Build Placer Netlist Model | Checksum: 2e7ae78d4

Time (s): cpu = 00:00:03 ; elapsed = 00:00:01 . Memory (MB): peak = 3166.133 ; gain = 0.000 ; free physical = 8667 ; free virtual = 38005

Phase 1.4 Constrain Clocks/Macros
Phase 1.4 Constrain Clocks/Macros | Checksum: 2e7ae78d4

Time (s): cpu = 00:00:03 ; elapsed = 00:00:01 . Memory (MB): peak = 3166.133 ; gain = 0.000 ; free physical = 8634 ; free virtual = 37972
Phase 1 Placer Initialization | Checksum: 2e7ae78d4

Time (s): cpu = 00:00:03 ; elapsed = 00:00:01 . Memory (MB): peak = 3166.133 ; gain = 0.000 ; free physical = 8602 ; free virtual = 37940

Phase 2 Global Placement

Phase 2.1 Floorplanning
Phase 2.1 Floorplanning | Checksum: 2bcaa8b05

Time (s): cpu = 00:00:04 ; elapsed = 00:00:02 . Memory (MB): peak = 3166.133 ; gain = 0.000 ; free physical = 10330 ; free virtual = 39669

Phase 2.2 Update Timing before SLR Path Opt
Phase 2.2 Update Timing before SLR Path Opt | Checksum: 21b39c5c2

Time (s): cpu = 00:00:05 ; elapsed = 00:00:02 . Memory (MB): peak = 3166.133 ; gain = 0.000 ; free physical = 10415 ; free virtual = 39754

Phase 2.3 Post-Processing in Floorplanning
Phase 2.3 Post-Processing in Floorplanning | Checksum: 27f7eb0e4

Time (s): cpu = 00:00:05 ; elapsed = 00:00:02 . Memory (MB): peak = 3166.133 ; gain = 0.000 ; free physical = 10415 ; free virtual = 39754

Phase 2.4 Global Place Phase1
Phase 2.4 Global Place Phase1 | Checksum: 1a64edf79

Time (s): cpu = 00:00:14 ; elapsed = 00:00:05 . Memory (MB): peak = 3166.133 ; gain = 0.000 ; free physical = 8319 ; free virtual = 37669

Phase 2.5 Global Place Phase2

Phase 2.5.1 UpdateTiming Before Physical Synthesis
Phase 2.5.1 UpdateTiming Before Physical Synthesis | Checksum: 25c7e323b

Time (s): cpu = 00:00:15 ; elapsed = 00:00:05 . Memory (MB): peak = 3166.133 ; gain = 0.000 ; free physical = 8177 ; free virtual = 37528

Phase 2.5.2 Physical Synthesis In Placer
INFO: [Physopt 32-1035] Found 39 LUTNM shape to break, 197 LUT instances to create LUTNM shape
INFO: [Physopt 32-1044] Break lutnm for timing: one critical 19, two critical 20, total 39, new lutff created 4
INFO: [Physopt 32-1138] End 1 Pass. Optimized 116 nets or LUTs. Breaked 39 LUTs, combined 77 existing LUTs and moved 0 existing LUT
INFO: [Physopt 32-65] No nets found for high-fanout optimization.
INFO: [Physopt 32-232] Optimized 0 net. Created 0 new instance.
INFO: [Physopt 32-775] End 1 Pass. Optimized 0 net or cell. Created 0 new cell, deleted 0 existing cell and moved 0 existing cell
INFO: [Physopt 32-46] Identified 3 candidate nets for critical-cell optimization.
INFO: [Physopt 32-81] Processed net design_1_i/tpu_zybo_0/inst/u_tpu_top/u_maxpool2d_unit/out_h_q[3]. Replicated 1 times.
INFO: [Physopt 32-571] Net design_1_i/tpu_zybo_0/inst/u_tpu_top/u_maxpool2d_unit/channels_q[3] was not replicated.
INFO: [Physopt 32-232] Optimized 1 net. Created 1 new instance.
INFO: [Physopt 32-775] End 1 Pass. Optimized 1 net or cell. Created 1 new cell, deleted 0 existing cell and moved 0 existing cell
Netlist sorting complete. Time (s): cpu = 00:00:00.01 ; elapsed = 00:00:00.01 . Memory (MB): peak = 3166.133 ; gain = 0.000 ; free physical = 8332 ; free virtual = 37684
INFO: [Physopt 32-456] No candidate cells for DSP register optimization found in the design.
INFO: [Physopt 32-775] End 2 Pass. Optimized 0 net or cell. Created 0 new cell, deleted 0 existing cell and moved 0 existing cell
INFO: [Physopt 32-1123] No candidate cells found for Shift Register to Pipeline optimization
INFO: [Physopt 32-775] End 2 Pass. Optimized 0 net or cell. Created 0 new cell, deleted 0 existing cell and moved 0 existing cell
INFO: [Physopt 32-1401] No candidate cells found for Shift Register optimization.
INFO: [Physopt 32-677] No candidate cells for Shift Register optimization found in the design
INFO: [Physopt 32-775] End 1 Pass. Optimized 0 net or cell. Created 0 new cell, deleted 0 existing cell and moved 0 existing cell
INFO: [Physopt 32-526] No candidate cells for BRAM register optimization found in the design
INFO: [Physopt 32-775] End 1 Pass. Optimized 0 net or cell. Created 0 new cell, deleted 0 existing cell and moved 0 existing cell
INFO: [Physopt 32-846] No candidate cells for URAM register optimization found in the design
INFO: [Physopt 32-775] End 1 Pass. Optimized 0 net or cell. Created 0 new cell, deleted 0 existing cell and moved 0 existing cell
INFO: [Physopt 32-846] No candidate cells for URAM register optimization found in the design
INFO: [Physopt 32-775] End 1 Pass. Optimized 0 net or cell. Created 0 new cell, deleted 0 existing cell and moved 0 existing cell
INFO: [Physopt 32-949] No candidate nets found for dynamic/static region interface net replication
INFO: [Physopt 32-775] End 1 Pass. Optimized 0 net or cell. Created 0 new cell, deleted 0 existing cell and moved 0 existing cell
Netlist sorting complete. Time (s): cpu = 00:00:00 ; elapsed = 00:00:00 . Memory (MB): peak = 3166.133 ; gain = 0.000 ; free physical = 8325 ; free virtual = 37677

Summary of Physical Synthesis Optimizations
============================================


-----------------------------------------------------------------------------------------------------------------------------------------------------------
|  Optimization                                     |  Added Cells  |  Removed Cells  |  Optimized Cells/Nets  |  Dont Touch  |  Iterations  |  Elapsed   |
-----------------------------------------------------------------------------------------------------------------------------------------------------------
|  LUT Combining                                    |           39  |             77  |                   116  |           0  |           1  |  00:00:00  |
|  Retime                                           |            0  |              0  |                     0  |           0  |           1  |  00:00:00  |
|  Very High Fanout                                 |            0  |              0  |                     0  |           0  |           1  |  00:00:00  |
|  Critical Cell                                    |            1  |              0  |                     1  |           0  |           1  |  00:00:00  |
|  DSP Register                                     |            0  |              0  |                     0  |           0  |           1  |  00:00:00  |
|  Shift Register to Pipeline                       |            0  |              0  |                     0  |           0  |           1  |  00:00:00  |
|  Shift Register                                   |            0  |              0  |                     0  |           0  |           1  |  00:00:00  |
|  BRAM Register                                    |            0  |              0  |                     0  |           0  |           1  |  00:00:00  |
|  URAM Register                                    |            0  |              0  |                     0  |           0  |           1  |  00:00:00  |
|  Dynamic/Static Region Interface Net Replication  |            0  |              0  |                     0  |           0  |           1  |  00:00:00  |
|  Total                                            |           40  |             77  |                   117  |           0  |          10  |  00:00:00  |
-----------------------------------------------------------------------------------------------------------------------------------------------------------


Phase 2.5.2 Physical Synthesis In Placer | Checksum: 1b2577eb7

Time (s): cpu = 00:00:17 ; elapsed = 00:00:06 . Memory (MB): peak = 3166.133 ; gain = 0.000 ; free physical = 9376 ; free virtual = 38766
Phase 2.5 Global Place Phase2 | Checksum: 206702659

Time (s): cpu = 00:00:17 ; elapsed = 00:00:06 . Memory (MB): peak = 3166.133 ; gain = 0.000 ; free physical = 9681 ; free virtual = 39067
Phase 2 Global Placement | Checksum: 206702659

Time (s): cpu = 00:00:17 ; elapsed = 00:00:06 . Memory (MB): peak = 3166.133 ; gain = 0.000 ; free physical = 9677 ; free virtual = 39063

Phase 3 Detail Placement

Phase 3.1 Commit Multi Column Macros
Phase 3.1 Commit Multi Column Macros | Checksum: 1e1dbf88b

Time (s): cpu = 00:00:18 ; elapsed = 00:00:07 . Memory (MB): peak = 3166.133 ; gain = 0.000 ; free physical = 9695 ; free virtual = 39067

Phase 3.2 Commit Most Macros & LUTRAMs
Phase 3.2 Commit Most Macros & LUTRAMs | Checksum: 220477b7c

Time (s): cpu = 00:00:20 ; elapsed = 00:00:07 . Memory (MB): peak = 3166.133 ; gain = 0.000 ; free physical = 10491 ; free virtual = 39865

Phase 3.3 Area Swap Optimization
Phase 3.3 Area Swap Optimization | Checksum: 1935e41a6

Time (s): cpu = 00:00:20 ; elapsed = 00:00:07 . Memory (MB): peak = 3166.133 ; gain = 0.000 ; free physical = 10491 ; free virtual = 39865

Phase 3.4 Pipeline Register Optimization
Phase 3.4 Pipeline Register Optimization | Checksum: 1589c3f0f

Time (s): cpu = 00:00:20 ; elapsed = 00:00:07 . Memory (MB): peak = 3166.133 ; gain = 0.000 ; free physical = 10491 ; free virtual = 39865

Phase 3.5 Fast Optimization
Phase 3.5 Fast Optimization | Checksum: 17b5b62e3

Time (s): cpu = 00:00:23 ; elapsed = 00:00:08 . Memory (MB): peak = 3166.133 ; gain = 0.000 ; free physical = 10582 ; free virtual = 39958

Phase 3.6 Small Shape Detail Placement
Phase 3.6 Small Shape Detail Placement | Checksum: 26e1fdb9f

Time (s): cpu = 00:00:24 ; elapsed = 00:00:10 . Memory (MB): peak = 3166.133 ; gain = 0.000 ; free physical = 10198 ; free virtual = 39596

Phase 3.7 Re-assign LUT pins
Phase 3.7 Re-assign LUT pins | Checksum: 234014944

Time (s): cpu = 00:00:25 ; elapsed = 00:00:10 . Memory (MB): peak = 3166.133 ; gain = 0.000 ; free physical = 10162 ; free virtual = 39560

Phase 3.8 Pipeline Register Optimization
Phase 3.8 Pipeline Register Optimization | Checksum: 1d09910b7

Time (s): cpu = 00:00:25 ; elapsed = 00:00:10 . Memory (MB): peak = 3166.133 ; gain = 0.000 ; free physical = 10162 ; free virtual = 39560

Phase 3.9 Fast Optimization
Phase 3.9 Fast Optimization | Checksum: 2798cbef9

Time (s): cpu = 00:00:28 ; elapsed = 00:00:11 . Memory (MB): peak = 3166.133 ; gain = 0.000 ; free physical = 10266 ; free virtual = 39667
Phase 3 Detail Placement | Checksum: 2798cbef9

Time (s): cpu = 00:00:28 ; elapsed = 00:00:11 . Memory (MB): peak = 3166.133 ; gain = 0.000 ; free physical = 10266 ; free virtual = 39666

Phase 4 Post Placement Optimization and Clean-Up

Phase 4.1 Post Commit Optimization
INFO: [Timing 38-35] Done setting XDC timing constraints.

Phase 4.1.1 Post Placement Optimization
Post Placement Optimization Initialization | Checksum: 230769a7e

Phase 4.1.1.1 BUFG Insertion

Starting Physical Synthesis Task

Phase 1 Physical Synthesis Initialization
INFO: [Physopt 32-721] Multithreading enabled for phys_opt_design using a maximum of 8 CPUs
INFO: [Physopt 32-619] Estimated Timing Summary | WNS=-1.908 | TNS=-77.528 |
Phase 1 Physical Synthesis Initialization | Checksum: 2444a3768

Time (s): cpu = 00:00:00.25 ; elapsed = 00:00:00.06 . Memory (MB): peak = 3166.133 ; gain = 0.000 ; free physical = 10161 ; free virtual = 39559
INFO: [Place 46-33] Processed net design_1_i/tpu_zybo_0/inst/u_tpu_top/u_datapath/u_accumulator_array/s_axi_aresetn_0, BUFG insertion was skipped due to placement/routing conflicts.
INFO: [Place 46-56] BUFG insertion identified 1 candidate nets. Inserted BUFG: 0, Replicated BUFG Driver: 0, Skipped due to Placement/Routing Conflicts: 1, Skipped due to Timing Degradation: 0, Skipped due to netlist editing failed: 0.
Ending Physical Synthesis Task | Checksum: 297a7dc05

Time (s): cpu = 00:00:00.48 ; elapsed = 00:00:00.2 . Memory (MB): peak = 3166.133 ; gain = 0.000 ; free physical = 10146 ; free virtual = 39542
Phase 4.1.1.1 BUFG Insertion | Checksum: 230769a7e

Time (s): cpu = 00:00:31 ; elapsed = 00:00:12 . Memory (MB): peak = 3166.133 ; gain = 0.000 ; free physical = 10146 ; free virtual = 39542

Phase 4.1.1.2 Post Placement Timing Optimization
INFO: [Place 30-746] Post Placement Timing Summary WNS=-1.363. For the most accurate timing information please run report_timing.
Phase 4.1.1.2 Post Placement Timing Optimization | Checksum: 23dfcf986

Time (s): cpu = 00:00:37 ; elapsed = 00:00:19 . Memory (MB): peak = 3166.133 ; gain = 0.000 ; free physical = 9775 ; free virtual = 39187

Time (s): cpu = 00:00:37 ; elapsed = 00:00:19 . Memory (MB): peak = 3166.133 ; gain = 0.000 ; free physical = 9775 ; free virtual = 39187
Phase 4.1 Post Commit Optimization | Checksum: 23dfcf986

Time (s): cpu = 00:00:37 ; elapsed = 00:00:19 . Memory (MB): peak = 3166.133 ; gain = 0.000 ; free physical = 9773 ; free virtual = 39185

Phase 4.2 Post Placement Cleanup
Phase 4.2 Post Placement Cleanup | Checksum: 23dfcf986

Time (s): cpu = 00:00:37 ; elapsed = 00:00:19 . Memory (MB): peak = 3166.133 ; gain = 0.000 ; free physical = 9771 ; free virtual = 39183

Phase 4.3 Placer Reporting

Phase 4.3.1 Print Estimated Congestion
INFO: [Place 30-612] Post-Placement Estimated Congestion 
 ____________________________________________________
|           | Global Congestion | Short Congestion  |
| Direction | Region Size       | Region Size       |
|___________|___________________|___________________|
|      North|                1x1|                2x2|
|___________|___________________|___________________|
|      South|                1x1|                2x2|
|___________|___________________|___________________|
|       East|                1x1|                1x1|
|___________|___________________|___________________|
|       West|                1x1|                1x1|
|___________|___________________|___________________|

Phase 4.3.1 Print Estimated Congestion | Checksum: 23dfcf986

Time (s): cpu = 00:00:37 ; elapsed = 00:00:19 . Memory (MB): peak = 3166.133 ; gain = 0.000 ; free physical = 9766 ; free virtual = 39178
Phase 4.3 Placer Reporting | Checksum: 23dfcf986

Time (s): cpu = 00:00:37 ; elapsed = 00:00:19 . Memory (MB): peak = 3166.133 ; gain = 0.000 ; free physical = 9766 ; free virtual = 39178

Phase 4.4 Final Placement Cleanup
Netlist sorting complete. Time (s): cpu = 00:00:00.01 ; elapsed = 00:00:00.01 . Memory (MB): peak = 3166.133 ; gain = 0.000 ; free physical = 9766 ; free virtual = 39178

Time (s): cpu = 00:00:38 ; elapsed = 00:00:19 . Memory (MB): peak = 3166.133 ; gain = 0.000 ; free physical = 9766 ; free virtual = 39178
Phase 4 Post Placement Optimization and Clean-Up | Checksum: 1860a7c27

Time (s): cpu = 00:00:38 ; elapsed = 00:00:19 . Memory (MB): peak = 3166.133 ; gain = 0.000 ; free physical = 9766 ; free virtual = 39178
Ending Placer Task | Checksum: c405d274

Time (s): cpu = 00:00:38 ; elapsed = 00:00:19 . Memory (MB): peak = 3166.133 ; gain = 0.000 ; free physical = 9766 ; free virtual = 39178
97 Infos, 0 Warnings, 0 Critical Warnings and 0 Errors encountered.
place_design completed successfully
place_design: Time (s): cpu = 00:00:40 ; elapsed = 00:00:20 . Memory (MB): peak = 3166.133 ; gain = 0.000 ; free physical = 9766 ; free virtual = 39177
INFO: [Vivado 12-24838] Running report commands "report_control_sets, report_io, report_utilization" in parallel.
Running report generation with 3 threads.
INFO: [Vivado 12-24828] Executing command : report_control_sets -verbose -file design_1_wrapper_control_sets_placed.rpt
report_control_sets: Time (s): cpu = 00:00:00.11 ; elapsed = 00:00:00.1 . Memory (MB): peak = 3166.133 ; gain = 0.000 ; free physical = 9773 ; free virtual = 39184
INFO: [Vivado 12-24828] Executing command : report_io -file design_1_wrapper_io_placed.rpt
report_io: Time (s): cpu = 00:00:00.11 ; elapsed = 00:00:00.15 . Memory (MB): peak = 3166.133 ; gain = 0.000 ; free physical = 9759 ; free virtual = 39171
INFO: [Vivado 12-24828] Executing command : report_utilization -file design_1_wrapper_utilization_placed.rpt -pb design_1_wrapper_utilization_placed.pb
INFO: [Timing 38-480] Writing timing data to binary archive.
Wrote PlaceDB: Time (s): cpu = 00:00:00 ; elapsed = 00:00:00 . Memory (MB): peak = 3166.133 ; gain = 0.000 ; free physical = 9754 ; free virtual = 39166
Wrote PulsedLatchDB: Time (s): cpu = 00:00:00 ; elapsed = 00:00:00 . Memory (MB): peak = 3166.133 ; gain = 0.000 ; free physical = 9754 ; free virtual = 39166
Writing XDEF routing.
Writing XDEF routing logical nets.
Write ShapeDB Complete: Time (s): cpu = 00:00:00.09 ; elapsed = 00:00:00.02 . Memory (MB): peak = 3166.133 ; gain = 0.000 ; free physical = 9753 ; free virtual = 39166
Writing XDEF routing special nets.
Wrote RouteStorage: Time (s): cpu = 00:00:00.11 ; elapsed = 00:00:00.02 . Memory (MB): peak = 3166.133 ; gain = 0.000 ; free physical = 9753 ; free virtual = 39166
Wrote PlaceStorage: Time (s): cpu = 00:00:00.57 ; elapsed = 00:00:00.18 . Memory (MB): peak = 3166.133 ; gain = 0.000 ; free physical = 9743 ; free virtual = 39165
Wrote Netlist Cache: Time (s): cpu = 00:00:00.02 ; elapsed = 00:00:00 . Memory (MB): peak = 3166.133 ; gain = 0.000 ; free physical = 9741 ; free virtual = 39164
Wrote Device Cache: Time (s): cpu = 00:00:00.01 ; elapsed = 00:00:00 . Memory (MB): peak = 3166.133 ; gain = 0.000 ; free physical = 9741 ; free virtual = 39165
Write Physdb Complete: Time (s): cpu = 00:00:00.72 ; elapsed = 00:00:00.22 . Memory (MB): peak = 3166.133 ; gain = 0.000 ; free physical = 9741 ; free virtual = 39165
INFO: [Common 17-1381] The checkpoint '/home/pah/fpga_cnn_accelerator/FPGA-based-CNN-Accelerator-for-autonomous-vehicles/src/synth/tpu_mnist_zyboz7/tpu_mnist_zyboz7.runs/impl_1/design_1_wrapper_placed.dcp' has been generated.
Command: phys_opt_design
Attempting to get a license for feature 'Implementation' and/or device 'xc7z010'
INFO: [Common 17-349] Got license for feature 'Implementation' and/or device 'xc7z010'

Starting Initial Update Timing Task

Time (s): cpu = 00:00:02 ; elapsed = 00:00:00.4 . Memory (MB): peak = 3166.133 ; gain = 0.000 ; free physical = 9728 ; free virtual = 39143
INFO: [Vivado_Tcl 4-1435] PhysOpt_Tcl_Interface Runtime Before Starting Physical Synthesis Task | CPU: 1.70s |  WALL: 0.43s
Netlist sorting complete. Time (s): cpu = 00:00:00 ; elapsed = 00:00:00 . Memory (MB): peak = 3166.133 ; gain = 0.000 ; free physical = 9728 ; free virtual = 39143

Starting Physical Synthesis Task

Phase 1 Physical Synthesis Initialization
INFO: [Physopt 32-721] Multithreading enabled for phys_opt_design using a maximum of 8 CPUs
INFO: [Physopt 32-619] Estimated Timing Summary | WNS=-1.363 | TNS=-55.173 |
Phase 1 Physical Synthesis Initialization | Checksum: 2bc4cb8e5

Time (s): cpu = 00:00:00.8 ; elapsed = 00:00:00.46 . Memory (MB): peak = 3166.133 ; gain = 0.000 ; free physical = 9717 ; free virtual = 39131
INFO: [Physopt 32-619] Estimated Timing Summary | WNS=-1.363 | TNS=-55.173 |

Phase 2 DSP Register Optimization
INFO: [Physopt 32-456] No candidate cells for DSP register optimization found in the design.
INFO: [Physopt 32-775] End 2 Pass. Optimized 0 net or cell. Created 0 new cell, deleted 0 existing cell and moved 0 existing cell
Phase 2 DSP Register Optimization | Checksum: 2bc4cb8e5

Time (s): cpu = 00:00:00.83 ; elapsed = 00:00:00.5 . Memory (MB): peak = 3166.133 ; gain = 0.000 ; free physical = 9715 ; free virtual = 39129

Phase 3 Critical Path Optimization
INFO: [Physopt 32-619] Estimated Timing Summary | WNS=-1.363 | TNS=-55.173 |
INFO: [Physopt 32-702] Processed net design_1_i/tpu_zybo_0/inst/u_tpu_top/u_datapath/u_vector_processing_unit/u_post_process/GEN_BIAS_REQUANT.u_bias_requantize/Q[8]. Optimizations did not improve timing on the net.
INFO: [Physopt 32-702] Processed net design_1_i/processing_system7_0/inst/FCLK_CLK_unbuffered[0]. Optimizations did not improve timing on the net.
INFO: [Physopt 32-710] Processed net design_1_i/tpu_zybo_0/inst/u_tpu_top/u_datapath/u_vector_processing_unit/u_post_process/GEN_BIAS_REQUANT.u_bias_requantize/p_4_out[8]. Critical path length was reduced through logic transformation on cell design_1_i/tpu_zybo_0/inst/u_tpu_top/u_datapath/u_vector_processing_unit/u_post_process/GEN_BIAS_REQUANT.u_bias_requantize/data_flatten_o[8]_i_1_comp.
INFO: [Physopt 32-735] Processed net design_1_i/tpu_zybo_0/inst/u_tpu_top/u_datapath/u_vector_processing_unit/u_post_process/GEN_BIAS_REQUANT.u_bias_requantize/data_flatten_o[18]_i_2_n_0. Optimization improves timing on the net.
INFO: [Physopt 32-619] Estimated Timing Summary | WNS=-1.361 | TNS=-55.013 |
INFO: [Physopt 32-702] Processed net design_1_i/tpu_zybo_0/inst/u_tpu_top/u_datapath/u_vector_processing_unit/u_post_process/GEN_BIAS_REQUANT.u_bias_requantize/Q[10]. Optimizations did not improve timing on the net.
INFO: [Physopt 32-710] Processed net design_1_i/tpu_zybo_0/inst/u_tpu_top/u_datapath/u_vector_processing_unit/u_post_process/GEN_BIAS_REQUANT.u_bias_requantize/p_4_out[10]. Critical path length was reduced through logic transformation on cell design_1_i/tpu_zybo_0/inst/u_tpu_top/u_datapath/u_vector_processing_unit/u_post_process/GEN_BIAS_REQUANT.u_bias_requantize/data_flatten_o[10]_i_1_comp.
INFO: [Physopt 32-735] Processed net design_1_i/tpu_zybo_0/inst/u_tpu_top/u_datapath/u_vector_processing_unit/u_post_process/GEN_BIAS_REQUANT.u_bias_requantize/data_flatten_o[18]_i_2_n_0. Optimization improves timing on the net.
INFO: [Physopt 32-619] Estimated Timing Summary | WNS=-1.350 | TNS=-54.868 |
INFO: [Physopt 32-702] Processed net design_1_i/tpu_zybo_0/inst/u_tpu_top/u_datapath/u_vector_processing_unit/u_post_process/GEN_BIAS_REQUANT.u_bias_requantize/Q[7]. Optimizations did not improve timing on the net.
INFO: [Physopt 32-710] Processed net design_1_i/tpu_zybo_0/inst/u_tpu_top/u_datapath/u_vector_processing_unit/u_post_process/GEN_BIAS_REQUANT.u_bias_requantize/p_4_out[7]. Critical path length was reduced through logic transformation on cell design_1_i/tpu_zybo_0/inst/u_tpu_top/u_datapath/u_vector_processing_unit/u_post_process/GEN_BIAS_REQUANT.u_bias_requantize/data_flatten_o[7]_i_1_comp.
INFO: [Physopt 32-735] Processed net design_1_i/tpu_zybo_0/inst/u_tpu_top/u_datapath/u_vector_processing_unit/u_post_process/GEN_BIAS_REQUANT.u_bias_requantize/data_flatten_o[18]_i_2_n_0. Optimization improves timing on the net.
INFO: [Physopt 32-619] Estimated Timing Summary | WNS=-1.348 | TNS=-54.602 |
INFO: [Physopt 32-702] Processed net design_1_i/tpu_zybo_0/inst/u_tpu_top/u_datapath/u_vector_processing_unit/u_post_process/GEN_BIAS_REQUANT.u_bias_requantize/Q[13]. Optimizations did not improve timing on the net.
INFO: [Physopt 32-710] Processed net design_1_i/tpu_zybo_0/inst/u_tpu_top/u_datapath/u_vector_processing_unit/u_post_process/GEN_BIAS_REQUANT.u_bias_requantize/p_4_out[13]. Critical path length was reduced through logic transformation on cell design_1_i/tpu_zybo_0/inst/u_tpu_top/u_datapath/u_vector_processing_unit/u_post_process/GEN_BIAS_REQUANT.u_bias_requantize/data_flatten_o[13]_i_1_comp.
INFO: [Physopt 32-735] Processed net design_1_i/tpu_zybo_0/inst/u_tpu_top/u_datapath/u_vector_processing_unit/u_post_process/GEN_BIAS_REQUANT.u_bias_requantize/data_flatten_o[18]_i_2_n_0. Optimization improves timing on the net.
INFO: [Physopt 32-619] Estimated Timing Summary | WNS=-1.337 | TNS=-54.344 |
INFO: [Physopt 32-702] Processed net design_1_i/tpu_zybo_0/inst/u_tpu_top/u_datapath/u_vector_processing_unit/u_post_process/GEN_BIAS_REQUANT.u_bias_requantize/Q[14]. Optimizations did not improve timing on the net.
INFO: [Physopt 32-710] Processed net design_1_i/tpu_zybo_0/inst/u_tpu_top/u_datapath/u_vector_processing_unit/u_post_process/GEN_BIAS_REQUANT.u_bias_requantize/p_4_out[14]. Critical path length was reduced through logic transformation on cell design_1_i/tpu_zybo_0/inst/u_tpu_top/u_datapath/u_vector_processing_unit/u_post_process/GEN_BIAS_REQUANT.u_bias_requantize/data_flatten_o[14]_i_1_comp.
INFO: [Physopt 32-735] Processed net design_1_i/tpu_zybo_0/inst/u_tpu_top/u_datapath/u_vector_processing_unit/u_post_process/GEN_BIAS_REQUANT.u_bias_requantize/data_flatten_o[18]_i_2_n_0. Optimization improves timing on the net.
INFO: [Physopt 32-619] Estimated Timing Summary | WNS=-1.335 | TNS=-54.052 |
INFO: [Physopt 32-702] Processed net design_1_i/tpu_zybo_0/inst/u_tpu_top/u_datapath/u_vector_processing_unit/u_post_process/GEN_BIAS_REQUANT.u_bias_requantize/Q[11]. Optimizations did not improve timing on the net.
INFO: [Physopt 32-134] Processed net design_1_i/tpu_zybo_0/inst/u_tpu_top/u_datapath/u_vector_processing_unit/u_post_process/GEN_BIAS_REQUANT.u_bias_requantize/data_flatten_o[18]_i_2_n_0. Rewiring did not optimize the net.
INFO: [Physopt 32-608] Optimized 1 net.  Swapped 18 pins.
INFO: [Physopt 32-735] Processed net design_1_i/tpu_zybo_0/inst/u_tpu_top/u_datapath/u_vector_processing_unit/u_post_process/GEN_BIAS_REQUANT.u_bias_requantize/data_flatten_o[18]_i_2_n_0. Optimization improves timing on the net.
INFO: [Physopt 32-619] Estimated Timing Summary | WNS=-1.254 | TNS=-51.868 |
INFO: [Physopt 32-702] Processed net design_1_i/tpu_zybo_0/inst/u_tpu_top/u_datapath/u_vector_processing_unit/u_post_process/GEN_BIAS_REQUANT.u_bias_requantize/Q[46]. Optimizations did not improve timing on the net.
INFO: [Physopt 32-710] Processed net design_1_i/tpu_zybo_0/inst/u_tpu_top/u_datapath/u_vector_processing_unit/u_post_process/GEN_BIAS_REQUANT.u_bias_requantize/p_4_out[46]. Critical path length was reduced through logic transformation on cell design_1_i/tpu_zybo_0/inst/u_tpu_top/u_datapath/u_vector_processing_unit/u_post_process/GEN_BIAS_REQUANT.u_bias_requantize/data_flatten_o[46]_i_1_comp.
INFO: [Physopt 32-735] Processed net design_1_i/tpu_zybo_0/inst/u_tpu_top/u_datapath/u_vector_processing_unit/u_post_process/GEN_BIAS_REQUANT.u_bias_requantize/data_flatten_o[50]_i_2_n_0. Optimization improves timing on the net.
INFO: [Physopt 32-619] Estimated Timing Summary | WNS=-1.252 | TNS=-51.657 |
INFO: [Physopt 32-702] Processed net design_1_i/tpu_zybo_0/inst/u_tpu_top/u_datapath/u_vector_processing_unit/u_post_process/GEN_BIAS_REQUANT.u_bias_requantize/Q[45]. Optimizations did not improve timing on the net.
INFO: [Physopt 32-710] Processed net design_1_i/tpu_zybo_0/inst/u_tpu_top/u_datapath/u_vector_processing_unit/u_post_process/GEN_BIAS_REQUANT.u_bias_requantize/p_4_out[45]. Critical path length was reduced through logic transformation on cell design_1_i/tpu_zybo_0/inst/u_tpu_top/u_datapath/u_vector_processing_unit/u_post_process/GEN_BIAS_REQUANT.u_bias_requantize/data_flatten_o[45]_i_1_comp.
INFO: [Physopt 32-735] Processed net design_1_i/tpu_zybo_0/inst/u_tpu_top/u_datapath/u_vector_processing_unit/u_post_process/GEN_BIAS_REQUANT.u_bias_requantize/data_flatten_o[50]_i_2_n_0. Optimization improves timing on the net.
INFO: [Physopt 32-619] Estimated Timing Summary | WNS=-1.218 | TNS=-51.465 |
INFO: [Physopt 32-702] Processed net design_1_i/tpu_zybo_0/inst/u_tpu_top/u_datapath/u_vector_processing_unit/u_post_process/GEN_BIAS_REQUANT.u_bias_requantize/Q[44]. Optimizations did not improve timing on the net.
INFO: [Physopt 32-710] Processed net design_1_i/tpu_zybo_0/inst/u_tpu_top/u_datapath/u_vector_processing_unit/u_post_process/GEN_BIAS_REQUANT.u_bias_requantize/p_4_out[44]. Critical path length was reduced through logic transformation on cell design_1_i/tpu_zybo_0/inst/u_tpu_top/u_datapath/u_vector_processing_unit/u_post_process/GEN_BIAS_REQUANT.u_bias_requantize/data_flatten_o[44]_i_1_comp.
INFO: [Physopt 32-735] Processed net design_1_i/tpu_zybo_0/inst/u_tpu_top/u_datapath/u_vector_processing_unit/u_post_process/GEN_BIAS_REQUANT.u_bias_requantize/data_flatten_o[50]_i_2_n_0. Optimization improves timing on the net.
INFO: [Physopt 32-619] Estimated Timing Summary | WNS=-1.214 | TNS=-51.472 |
INFO: [Physopt 32-702] Processed net design_1_i/tpu_zybo_0/inst/u_tpu_top/u_datapath/u_vector_processing_unit/u_post_process/GEN_BIAS_REQUANT.u_bias_requantize/Q[41]. Optimizations did not improve timing on the net.
INFO: [Physopt 32-134] Processed net design_1_i/tpu_zybo_0/inst/u_tpu_top/u_datapath/u_vector_processing_unit/u_post_process/GEN_BIAS_REQUANT.u_bias_requantize/data_flatten_o[50]_i_2_n_0. Rewiring did not optimize the net.
INFO: [Physopt 32-608] Optimized 1 net.  Swapped 16 pins.
INFO: [Physopt 32-735] Processed net design_1_i/tpu_zybo_0/inst/u_tpu_top/u_datapath/u_vector_processing_unit/u_post_process/GEN_BIAS_REQUANT.u_bias_requantize/data_flatten_o[50]_i_2_n_0. Optimization improves timing on the net.
INFO: [Physopt 32-619] Estimated Timing Summary | WNS=-1.209 | TNS=-49.882 |
INFO: [Physopt 32-81] Processed net design_1_i/tpu_zybo_0/inst/u_tpu_top/u_datapath/u_vector_processing_unit/u_post_process/GEN_BIAS_REQUANT.u_bias_requantize/data_flatten_o[50]_i_3_n_0. Replicated 1 times.
INFO: [Physopt 32-735] Processed net design_1_i/tpu_zybo_0/inst/u_tpu_top/u_datapath/u_vector_processing_unit/u_post_process/GEN_BIAS_REQUANT.u_bias_requantize/data_flatten_o[50]_i_3_n_0. Optimization improves timing on the net.
INFO: [Physopt 32-619] Estimated Timing Summary | WNS=-1.197 | TNS=-50.332 |
INFO: [Physopt 32-710] Processed net design_1_i/tpu_zybo_0/inst/u_tpu_top/u_datapath/u_vector_processing_unit/u_post_process/GEN_BIAS_REQUANT.u_bias_requantize/p_4_out[10]. Critical path length was reduced through logic transformation on cell design_1_i/tpu_zybo_0/inst/u_tpu_top/u_datapath/u_vector_processing_unit/u_post_process/GEN_BIAS_REQUANT.u_bias_requantize/data_flatten_o[10]_i_1_comp_1.
INFO: [Physopt 32-735] Processed net design_1_i/tpu_zybo_0/inst/u_tpu_top/u_datapath/u_vector_processing_unit/u_post_process/GEN_BIAS_REQUANT.u_bias_requantize/data_flatten_o[18]_i_3_n_0. Optimization improves timing on the net.
INFO: [Physopt 32-619] Estimated Timing Summary | WNS=-1.191 | TNS=-50.211 |
INFO: [Physopt 32-710] Processed net design_1_i/tpu_zybo_0/inst/u_tpu_top/u_datapath/u_vector_processing_unit/u_post_process/GEN_BIAS_REQUANT.u_bias_requantize/p_4_out[8]. Critical path length was reduced through logic transformation on cell design_1_i/tpu_zybo_0/inst/u_tpu_top/u_datapath/u_vector_processing_unit/u_post_process/GEN_BIAS_REQUANT.u_bias_requantize/data_flatten_o[8]_i_1_comp_1.
INFO: [Physopt 32-735] Processed net design_1_i/tpu_zybo_0/inst/u_tpu_top/u_datapath/u_vector_processing_unit/u_post_process/GEN_BIAS_REQUANT.u_bias_requantize/data_flatten_o[18]_i_3_n_0. Optimization improves timing on the net.
INFO: [Physopt 32-619] Estimated Timing Summary | WNS=-1.167 | TNS=-50.103 |
INFO: [Physopt 32-710] Processed net design_1_i/tpu_zybo_0/inst/u_tpu_top/u_datapath/u_vector_processing_unit/u_post_process/GEN_BIAS_REQUANT.u_bias_requantize/p_4_out[11]. Critical path length was reduced through logic transformation on cell design_1_i/tpu_zybo_0/inst/u_tpu_top/u_datapath/u_vector_processing_unit/u_post_process/GEN_BIAS_REQUANT.u_bias_requantize/data_flatten_o[11]_i_1_comp.
INFO: [Physopt 32-735] Processed net design_1_i/tpu_zybo_0/inst/u_tpu_top/u_datapath/u_vector_processing_unit/u_post_process/GEN_BIAS_REQUANT.u_bias_requantize/data_flatten_o[18]_i_2_n_0. Optimization improves timing on the net.
INFO: [Physopt 32-619] Estimated Timing Summary | WNS=-1.166 | TNS=-49.829 |
INFO: [Physopt 32-702] Processed net design_1_i/tpu_zybo_0/inst/u_tpu_top/u_datapath/u_vector_processing_unit/u_post_process/GEN_BIAS_REQUANT.u_bias_requantize/Q[18]. Optimizations did not improve timing on the net.
INFO: [Physopt 32-710] Processed net design_1_i/tpu_zybo_0/inst/u_tpu_top/u_datapath/u_vector_processing_unit/u_post_process/GEN_BIAS_REQUANT.u_bias_requantize/p_4_out[18]. Critical path length was reduced through logic transformation on cell design_1_i/tpu_zybo_0/inst/u_tpu_top/u_datapath/u_vector_processing_unit/u_post_process/GEN_BIAS_REQUANT.u_bias_requantize/data_flatten_o[18]_i_1_comp.
INFO: [Physopt 32-735] Processed net design_1_i/tpu_zybo_0/inst/u_tpu_top/u_datapath/u_vector_processing_unit/u_post_process/GEN_BIAS_REQUANT.u_bias_requantize/data_flatten_o[18]_i_2_n_0. Optimization improves timing on the net.
INFO: [Physopt 32-619] Estimated Timing Summary | WNS=-1.155 | TNS=-49.700 |
INFO: [Physopt 32-702] Processed net design_1_i/tpu_zybo_0/inst/u_tpu_top/u_datapath/u_vector_processing_unit/u_post_process/GEN_BIAS_REQUANT.u_bias_requantize/Q[17]. Optimizations did not improve timing on the net.
INFO: [Physopt 32-710] Processed net design_1_i/tpu_zybo_0/inst/u_tpu_top/u_datapath/u_vector_processing_unit/u_post_process/GEN_BIAS_REQUANT.u_bias_requantize/p_4_out[17]. Critical path length was reduced through logic transformation on cell design_1_i/tpu_zybo_0/inst/u_tpu_top/u_datapath/u_vector_processing_unit/u_post_process/GEN_BIAS_REQUANT.u_bias_requantize/data_flatten_o[17]_i_1_comp.
INFO: [Physopt 32-735] Processed net design_1_i/tpu_zybo_0/inst/u_tpu_top/u_datapath/u_vector_processing_unit/u_post_process/GEN_BIAS_REQUANT.u_bias_requantize/data_flatten_o[18]_i_2_n_0. Optimization improves timing on the net.
INFO: [Physopt 32-619] Estimated Timing Summary | WNS=-1.151 | TNS=-49.433 |
INFO: [Physopt 32-702] Processed net design_1_i/tpu_zybo_0/inst/u_tpu_top/u_datapath/u_vector_processing_unit/u_post_process/GEN_BIAS_REQUANT.u_bias_requantize/Q[9]. Optimizations did not improve timing on the net.
INFO: [Physopt 32-710] Processed net design_1_i/tpu_zybo_0/inst/u_tpu_top/u_datapath/u_vector_processing_unit/u_post_process/GEN_BIAS_REQUANT.u_bias_requantize/p_4_out[9]. Critical path length was reduced through logic transformation on cell design_1_i/tpu_zybo_0/inst/u_tpu_top/u_datapath/u_vector_processing_unit/u_post_process/GEN_BIAS_REQUANT.u_bias_requantize/data_flatten_o[9]_i_1_comp.
INFO: [Physopt 32-735] Processed net design_1_i/tpu_zybo_0/inst/u_tpu_top/u_datapath/u_vector_processing_unit/u_post_process/GEN_BIAS_REQUANT.u_bias_requantize/data_flatten_o[18]_i_2_n_0. Optimization improves timing on the net.
INFO: [Physopt 32-619] Estimated Timing Summary | WNS=-1.116 | TNS=-49.163 |
INFO: [Physopt 32-702] Processed net design_1_i/tpu_zybo_0/inst/u_tpu_top/u_datapath/u_vector_processing_unit/u_post_process/GEN_BIAS_REQUANT.u_bias_requantize/Q[12]. Optimizations did not improve timing on the net.
INFO: [Physopt 32-710] Processed net design_1_i/tpu_zybo_0/inst/u_tpu_top/u_datapath/u_vector_processing_unit/u_post_process/GEN_BIAS_REQUANT.u_bias_requantize/p_4_out[12]. Critical path length was reduced through logic transformation on cell design_1_i/tpu_zybo_0/inst/u_tpu_top/u_datapath/u_vector_processing_unit/u_post_process/GEN_BIAS_REQUANT.u_bias_requantize/data_flatten_o[12]_i_1_comp.
INFO: [Physopt 32-735] Processed net design_1_i/tpu_zybo_0/inst/u_tpu_top/u_datapath/u_vector_processing_unit/u_post_process/GEN_BIAS_REQUANT.u_bias_requantize/data_flatten_o[18]_i_2_n_0. Optimization improves timing on the net.
INFO: [Physopt 32-619] Estimated Timing Summary | WNS=-1.114 | TNS=-49.102 |
INFO: [Physopt 32-702] Processed net design_1_i/tpu_zybo_0/inst/u_tpu_top/u_datapath/u_vector_processing_unit/u_post_process/GEN_BIAS_REQUANT.u_bias_requantize/Q[43]. Optimizations did not improve timing on the net.
INFO: [Physopt 32-710] Processed net design_1_i/tpu_zybo_0/inst/u_tpu_top/u_datapath/u_vector_processing_unit/u_post_process/GEN_BIAS_REQUANT.u_bias_requantize/p_4_out[43]. Critical path length was reduced through logic transformation on cell design_1_i/tpu_zybo_0/inst/u_tpu_top/u_datapath/u_vector_processing_unit/u_post_process/GEN_BIAS_REQUANT.u_bias_requantize/data_flatten_o[43]_i_1_comp.
INFO: [Physopt 32-735] Processed net design_1_i/tpu_zybo_0/inst/u_tpu_top/u_datapath/u_vector_processing_unit/u_post_process/GEN_BIAS_REQUANT.u_bias_requantize/data_flatten_o[50]_i_3_n_0_repN. Optimization improves timing on the net.
INFO: [Physopt 32-619] Estimated Timing Summary | WNS=-1.110 | TNS=-49.076 |
INFO: [Physopt 32-710] Processed net design_1_i/tpu_zybo_0/inst/u_tpu_top/u_datapath/u_vector_processing_unit/u_post_process/GEN_BIAS_REQUANT.u_bias_requantize/p_4_out[41]. Critical path length was reduced through logic transformation on cell design_1_i/tpu_zybo_0/inst/u_tpu_top/u_datapath/u_vector_processing_unit/u_post_process/GEN_BIAS_REQUANT.u_bias_requantize/data_flatten_o[41]_i_1_comp.
INFO: [Physopt 32-735] Processed net design_1_i/tpu_zybo_0/inst/u_tpu_top/u_datapath/u_vector_processing_unit/u_post_process/GEN_BIAS_REQUANT.u_bias_requantize/data_flatten_o[50]_i_2_n_0. Optimization improves timing on the net.
INFO: [Physopt 32-619] Estimated Timing Summary | WNS=-1.110 | TNS=-48.991 |
INFO: [Physopt 32-702] Processed net design_1_i/tpu_zybo_0/inst/u_tpu_top/u_datapath/u_vector_processing_unit/u_post_process/GEN_BIAS_REQUANT.u_bias_requantize/Q[16]. Optimizations did not improve timing on the net.
INFO: [Physopt 32-710] Processed net design_1_i/tpu_zybo_0/inst/u_tpu_top/u_datapath/u_vector_processing_unit/u_post_process/GEN_BIAS_REQUANT.u_bias_requantize/p_4_out[16]. Critical path length was reduced through logic transformation on cell design_1_i/tpu_zybo_0/inst/u_tpu_top/u_datapath/u_vector_processing_unit/u_post_process/GEN_BIAS_REQUANT.u_bias_requantize/data_flatten_o[16]_i_1_comp.
INFO: [Physopt 32-735] Processed net design_1_i/tpu_zybo_0/inst/u_tpu_top/u_datapath/u_vector_processing_unit/u_post_process/GEN_BIAS_REQUANT.u_bias_requantize/data_flatten_o[18]_i_2_n_0. Optimization improves timing on the net.
INFO: [Physopt 32-619] Estimated Timing Summary | WNS=-1.107 | TNS=-48.930 |
INFO: [Physopt 32-702] Processed net design_1_i/tpu_zybo_0/inst/u_tpu_top/u_datapath/u_vector_processing_unit/u_post_process/GEN_BIAS_REQUANT.u_bias_requantize/Q[42]. Optimizations did not improve timing on the net.
INFO: [Physopt 32-134] Processed net design_1_i/tpu_zybo_0/inst/u_tpu_top/u_datapath/u_vector_processing_unit/u_post_process/GEN_BIAS_REQUANT.u_bias_requantize/data_flatten_o[50]_i_3_n_0_repN. Rewiring did not optimize the net.
INFO: [Physopt 32-702] Processed net design_1_i/tpu_zybo_0/inst/u_tpu_top/u_datapath/u_vector_processing_unit/u_post_process/GEN_BIAS_REQUANT.u_bias_requantize/data_flatten_o[50]_i_3_n_0_repN. Optimizations did not improve timing on the net.
INFO: [Physopt 32-702] Processed net design_1_i/tpu_zybo_0/inst/u_tpu_top/u_datapath/u_vector_processing_unit/u_post_process/GEN_BIAS_REQUANT.u_bias_requantize/data_flatten_o_reg[63]_i_5_n_2. Optimizations did not improve timing on the net.
INFO: [Physopt 32-702] Processed net design_1_i/tpu_zybo_0/inst/u_tpu_top/u_datapath/u_vector_processing_unit/u_post_process/GEN_BIAS_REQUANT.u_bias_requantize/data_flatten_o[63]_i_18_n_0. Optimizations did not improve timing on the net.
INFO: [Physopt 32-702] Processed net design_1_i/tpu_zybo_0/inst/u_tpu_top/u_datapath/u_vector_processing_unit/u_post_process/GEN_BIAS_REQUANT.u_bias_requantize/data_flatten_o_reg[63]_i_59_n_3. Optimizations did not improve timing on the net.
INFO: [Physopt 32-702] Processed net design_1_i/tpu_zybo_0/inst/u_tpu_top/u_datapath/u_vector_processing_unit/u_post_process/GEN_BIAS_REQUANT.u_bias_requantize/data_flatten_o_reg[63]_i_60_n_0. Optimizations did not improve timing on the net.
INFO: [Physopt 32-702] Processed net design_1_i/tpu_zybo_0/inst/u_tpu_top/u_datapath/u_vector_processing_unit/u_post_process/GEN_BIAS_REQUANT.u_bias_requantize/data_flatten_o_reg[63]_i_102_n_0. Optimizations did not improve timing on the net.
INFO: [Physopt 32-702] Processed net design_1_i/tpu_zybo_0/inst/u_tpu_top/u_datapath/u_vector_processing_unit/u_post_process/GEN_BIAS_REQUANT.u_bias_requantize/data_flatten_o_reg[63]_i_103_n_0. Optimizations did not improve timing on the net.
INFO: [Physopt 32-702] Processed net design_1_i/tpu_zybo_0/inst/u_tpu_top/u_datapath/u_vector_processing_unit/u_post_process/GEN_BIAS_REQUANT.u_bias_requantize/data_flatten_o_reg[63]_i_150_n_0. Optimizations did not improve timing on the net.
INFO: [Physopt 32-702] Processed net design_1_i/tpu_zybo_0/inst/u_tpu_top/u_datapath/u_vector_processing_unit/u_post_process/GEN_BIAS_REQUANT.u_bias_requantize/data_flatten_o_reg[63]_i_151_n_0. Optimizations did not improve timing on the net.
INFO: [Physopt 32-702] Processed net design_1_i/tpu_zybo_0/inst/u_tpu_top/u_datapath/u_vector_processing_unit/u_post_process/GEN_BIAS_REQUANT.u_bias_requantize/data_flatten_o_reg[63]_i_186_n_0. Optimizations did not improve timing on the net.
INFO: [Physopt 32-702] Processed net design_1_i/tpu_zybo_0/inst/u_tpu_top/u_datapath/u_vector_processing_unit/u_post_process/GEN_BIAS_REQUANT.u_bias_requantize/data_flatten_o_reg[63]_i_187_n_0. Optimizations did not improve timing on the net.
INFO: [Physopt 32-702] Processed net design_1_i/tpu_zybo_0/inst/u_tpu_top/u_datapath/u_vector_processing_unit/u_post_process/GEN_BIAS_REQUANT.u_bias_requantize/data_flatten_o_reg[63]_i_222_n_0. Optimizations did not improve timing on the net.
INFO: [Physopt 32-608] Optimized 1 net.  Swapped 30 pins.
INFO: [Physopt 32-735] Processed net design_1_i/tpu_zybo_0/inst/u_tpu_top/u_datapath/u_vector_processing_unit/u_post_process/GEN_BIAS_REQUANT.u_bias_requantize/data_flatten_o[63]_i_265_n_0. Optimization improves timing on the net.
INFO: [Physopt 32-619] Estimated Timing Summary | WNS=-1.091 | TNS=-47.682 |
INFO: [Physopt 32-702] Processed net design_1_i/tpu_zybo_0/inst/u_tpu_top/u_datapath/u_vector_processing_unit/u_post_process/GEN_BIAS_REQUANT.u_bias_requantize/data_flatten_o_reg[31]_i_5_n_2. Optimizations did not improve timing on the net.
INFO: [Physopt 32-702] Processed net design_1_i/tpu_zybo_0/inst/u_tpu_top/u_datapath/u_vector_processing_unit/u_post_process/GEN_BIAS_REQUANT.u_bias_requantize/data_flatten_o[31]_i_18_n_0. Optimizations did not improve timing on the net.
INFO: [Physopt 32-702] Processed net design_1_i/tpu_zybo_0/inst/u_tpu_top/u_datapath/u_vector_processing_unit/u_post_process/GEN_BIAS_REQUANT.u_bias_requantize/data_flatten_o_reg[31]_i_59_n_3. Optimizations did not improve timing on the net.
INFO: [Physopt 32-702] Processed net design_1_i/tpu_zybo_0/inst/u_tpu_top/u_datapath/u_vector_processing_unit/u_post_process/GEN_BIAS_REQUANT.u_bias_requantize/data_flatten_o_reg[31]_i_60_n_0. Optimizations did not improve timing on the net.
INFO: [Physopt 32-702] Processed net design_1_i/tpu_zybo_0/inst/u_tpu_top/u_datapath/u_vector_processing_unit/u_post_process/GEN_BIAS_REQUANT.u_bias_requantize/data_flatten_o_reg[31]_i_102_n_0. Optimizations did not improve timing on the net.
INFO: [Physopt 32-702] Processed net design_1_i/tpu_zybo_0/inst/u_tpu_top/u_datapath/u_vector_processing_unit/u_post_process/GEN_BIAS_REQUANT.u_bias_requantize/data_flatten_o_reg[31]_i_103_n_0. Optimizations did not improve timing on the net.
INFO: [Physopt 32-702] Processed net design_1_i/tpu_zybo_0/inst/u_tpu_top/u_datapath/u_vector_processing_unit/u_post_process/GEN_BIAS_REQUANT.u_bias_requantize/data_flatten_o_reg[31]_i_150_n_0. Optimizations did not improve timing on the net.
INFO: [Physopt 32-702] Processed net design_1_i/tpu_zybo_0/inst/u_tpu_top/u_datapath/u_vector_processing_unit/u_post_process/GEN_BIAS_REQUANT.u_bias_requantize/data_flatten_o_reg[31]_i_151_n_0. Optimizations did not improve timing on the net.
INFO: [Physopt 32-702] Processed net design_1_i/tpu_zybo_0/inst/u_tpu_top/u_datapath/u_vector_processing_unit/u_post_process/GEN_BIAS_REQUANT.u_bias_requantize/data_flatten_o_reg[31]_i_186_n_0. Optimizations did not improve timing on the net.
INFO: [Physopt 32-702] Processed net design_1_i/tpu_zybo_0/inst/u_tpu_top/u_datapath/u_vector_processing_unit/u_post_process/GEN_BIAS_REQUANT.u_bias_requantize/data_flatten_o_reg[31]_i_187_n_0. Optimizations did not improve timing on the net.
INFO: [Physopt 32-702] Processed net design_1_i/tpu_zybo_0/inst/u_tpu_top/u_datapath/u_vector_processing_unit/u_post_process/GEN_BIAS_REQUANT.u_bias_requantize/data_flatten_o_reg[31]_i_222_n_0. Optimizations did not improve timing on the net.
INFO: [Physopt 32-663] Processed net design_1_i/tpu_zybo_0/inst/u_tpu_top/u_datapath/u_vector_processing_unit/u_post_process/GEN_BIAS_REQUANT.u_bias_requantize/data_flatten_o[31]_i_257_n_0.  Re-placed instance design_1_i/tpu_zybo_0/inst/u_tpu_top/u_datapath/u_vector_processing_unit/u_post_process/GEN_BIAS_REQUANT.u_bias_requantize/data_flatten_o[31]_i_257
INFO: [Physopt 32-735] Processed net design_1_i/tpu_zybo_0/inst/u_tpu_top/u_datapath/u_vector_processing_unit/u_post_process/GEN_BIAS_REQUANT.u_bias_requantize/data_flatten_o[31]_i_257_n_0. Optimization improves timing on the net.
INFO: [Physopt 32-619] Estimated Timing Summary | WNS=-1.081 | TNS=-47.362 |
INFO: [Physopt 32-702] Processed net design_1_i/tpu_zybo_0/inst/u_tpu_top/u_datapath/u_vector_processing_unit/u_post_process/GEN_BIAS_REQUANT.u_bias_requantize/data_flatten_o[31]_i_257_n_0. Optimizations did not improve timing on the net.
INFO: [Physopt 32-702] Processed net design_1_i/tpu_zybo_0/inst/u_tpu_top/u_datapath/u_vector_processing_unit/u_post_process/GEN_BIAS_REQUANT.u_bias_requantize/data_flatten_o_reg[31]_i_10_n_6. Optimizations did not improve timing on the net.
INFO: [Physopt 32-702] Processed net design_1_i/tpu_zybo_0/inst/u_tpu_top/u_datapath/u_vector_processing_unit/u_post_process/GEN_BIAS_REQUANT.u_bias_requantize/data_flatten_o_reg[30]_i_3_n_0. Optimizations did not improve timing on the net.
INFO: [Physopt 32-702] Processed net design_1_i/tpu_zybo_0/inst/u_tpu_top/u_datapath/u_vector_processing_unit/u_post_process/GEN_BIAS_REQUANT.u_bias_requantize/data_flatten_o_reg[26]_i_3_n_0. Optimizations did not improve timing on the net.
INFO: [Physopt 32-702] Processed net design_1_i/tpu_zybo_0/inst/u_tpu_top/u_datapath/u_vector_processing_unit/u_post_process/GEN_BIAS_REQUANT.u_bias_requantize/data_flatten_o_reg[22]_i_3_n_0. Optimizations did not improve timing on the net.
INFO: [Physopt 32-702] Processed net design_1_i/tpu_zybo_0/inst/u_tpu_top/u_datapath/u_vector_processing_unit/u_post_process/GEN_BIAS_REQUANT.u_bias_requantize/data_flatten_o_reg[18]_i_4_n_0. Optimizations did not improve timing on the net.
INFO: [Physopt 32-702] Processed net design_1_i/tpu_zybo_0/inst/u_tpu_top/u_datapath/u_vector_processing_unit/u_post_process/GEN_BIAS_REQUANT.u_bias_requantize/data_flatten_o_reg[14]_i_2_n_0. Optimizations did not improve timing on the net.
INFO: [Physopt 32-702] Processed net design_1_i/tpu_zybo_0/inst/u_tpu_top/u_datapath/u_vector_processing_unit/u_post_process/GEN_BIAS_REQUANT.u_bias_requantize/data_flatten_o_reg[10]_i_2_n_0. Optimizations did not improve timing on the net.
INFO: [Physopt 32-702] Processed net design_1_i/tpu_zybo_0/inst/u_tpu_top/u_datapath/u_vector_processing_unit/u_post_process/GEN_BIAS_REQUANT.u_bias_requantize/data_flatten_o_reg[6]_i_2_n_0. Optimizations did not improve timing on the net.
INFO: [Physopt 32-702] Processed net design_1_i/tpu_zybo_0/inst/u_tpu_top/u_datapath/u_vector_processing_unit/u_post_process/GEN_BIAS_REQUANT.u_bias_requantize/data_flatten_o_reg[2]_i_2_n_0. Optimizations did not improve timing on the net.
INFO: [Physopt 32-702] Processed net design_1_i/tpu_zybo_0/inst/u_tpu_top/u_datapath/u_vector_processing_unit/u_post_process/GEN_BIAS_REQUANT.u_bias_requantize/data_flatten_o_reg[2]_i_3_n_0. Optimizations did not improve timing on the net.
INFO: [Physopt 32-702] Processed net design_1_i/tpu_zybo_0/inst/u_tpu_top/u_datapath/u_vector_processing_unit/u_post_process/GEN_BIAS_REQUANT.u_bias_requantize/data_flatten_o_reg[2]_i_8_n_0. Optimizations did not improve timing on the net.
INFO: [Physopt 32-702] Processed net design_1_i/tpu_zybo_0/inst/u_tpu_top/u_datapath/u_vector_processing_unit/u_post_process/GEN_BIAS_REQUANT.u_bias_requantize/data_flatten_o_reg[2]_i_13_n_0. Optimizations did not improve timing on the net.
INFO: [Physopt 32-702] Processed net design_1_i/tpu_zybo_0/inst/u_tpu_top/u_datapath/u_vector_processing_unit/u_post_process/GEN_BIAS_REQUANT.u_bias_requantize/data_flatten_o_reg[2]_i_18_n_0. Optimizations did not improve timing on the net.
INFO: [Physopt 32-702] Processed net design_1_i/tpu_zybo_0/inst/u_tpu_top/u_datapath/u_vector_processing_unit/u_post_process/GEN_BIAS_REQUANT.u_bias_requantize/data_flatten_o[2]_i_25_n_0. Optimizations did not improve timing on the net.
INFO: [Physopt 32-702] Processed net design_1_i/tpu_zybo_0/inst/u_tpu_top/u_datapath/u_vector_processing_unit/u_post_process/GEN_BIAS_REQUANT.u_bias_requantize/data_flatten_o_reg[18]_i_6_n_7. Optimizations did not improve timing on the net.
INFO: [Physopt 32-702] Processed net design_1_i/tpu_zybo_0/inst/u_tpu_top/u_datapath/u_vector_processing_unit/u_post_process/GEN_BIAS_REQUANT.u_bias_requantize/data_flatten_o_reg[31]_i_34_n_0. Optimizations did not improve timing on the net.
INFO: [Physopt 32-702] Processed net design_1_i/tpu_zybo_0/inst/u_tpu_top/u_datapath/u_vector_processing_unit/u_post_process/GEN_BIAS_REQUANT.u_bias_requantize/data_flatten_o_reg[31]_i_79_n_0. Optimizations did not improve timing on the net.
INFO: [Physopt 32-702] Processed net design_1_i/tpu_zybo_0/inst/u_tpu_top/u_datapath/u_vector_processing_unit/u_post_process/GEN_BIAS_REQUANT.u_bias_requantize/data_flatten_o_reg[26]_i_8_n_0. Optimizations did not improve timing on the net.
INFO: [Physopt 32-702] Processed net design_1_i/tpu_zybo_0/inst/u_tpu_top/u_datapath/u_vector_processing_unit/u_post_process/GEN_BIAS_REQUANT.u_bias_requantize/data_flatten_o_reg[18]_i_21_n_0. Optimizations did not improve timing on the net.
INFO: [Physopt 32-702] Processed net design_1_i/tpu_zybo_0/inst/u_tpu_top/u_datapath/u_vector_processing_unit/u_post_process/GEN_BIAS_REQUANT.u_bias_requantize/data_flatten_o_reg[18]_i_7_n_0. Optimizations did not improve timing on the net.
INFO: [Physopt 32-702] Processed net design_1_i/tpu_zybo_0/inst/u_tpu_top/u_datapath/u_vector_processing_unit/u_post_process/GEN_BIAS_REQUANT.u_bias_requantize/data_flatten_o_reg[18]_i_16_n_0. Optimizations did not improve timing on the net.
INFO: [Physopt 32-702] Processed net design_1_i/tpu_zybo_0/inst/u_tpu_top/u_datapath/u_vector_processing_unit/u_post_process/GEN_BIAS_REQUANT.u_bias_requantize/data_flatten_o_reg[10]_i_7_n_0. Optimizations did not improve timing on the net.
INFO: [Physopt 32-702] Processed net design_1_i/tpu_zybo_0/inst/u_tpu_top/u_datapath/u_vector_processing_unit/u_post_process/GEN_BIAS_REQUANT.u_bias_requantize/data_flatten_o_reg[6]_i_7_n_0. Optimizations did not improve timing on the net.
INFO: [Physopt 32-702] Processed net design_1_i/tpu_zybo_0/inst/u_tpu_top/u_datapath/u_vector_processing_unit/u_post_process/GEN_BIAS_REQUANT.u_bias_requantize/data_flatten_o_reg[31]_i_11_n_0. Optimizations did not improve timing on the net.
INFO: [Physopt 32-702] Processed net design_1_i/tpu_zybo_0/inst/u_tpu_top/u_datapath/u_vector_processing_unit/u_post_process/GEN_BIAS_REQUANT.u_bias_requantize/data_flatten_o_reg[27]_i_3_n_0. Optimizations did not improve timing on the net.
INFO: [Physopt 32-702] Processed net design_1_i/tpu_zybo_0/inst/u_tpu_top/u_datapath/u_vector_processing_unit/u_post_process/GEN_BIAS_REQUANT.u_bias_requantize/data_flatten_o_reg[23]_i_3_n_0. Optimizations did not improve timing on the net.
INFO: [Physopt 32-702] Processed net design_1_i/tpu_zybo_0/inst/u_tpu_top/u_datapath/u_vector_processing_unit/u_post_process/GEN_BIAS_REQUANT.u_bias_requantize/data_flatten_o_reg[18]_i_5_n_0. Optimizations did not improve timing on the net.
INFO: [Physopt 32-608] Optimized 1 net.  Swapped 13 pins.
INFO: [Physopt 32-735] Processed net design_1_i/tpu_zybo_0/inst/u_tpu_top/u_datapath/u_vector_processing_unit/u_post_process/GEN_BIAS_REQUANT.u_bias_requantize/data_flatten_o[18]_i_12_n_0. Optimization improves timing on the net.
INFO: [Physopt 32-619] Estimated Timing Summary | WNS=-1.074 | TNS=-47.138 |
INFO: [Physopt 32-608] Optimized 1 net.  Swapped 12 pins.
INFO: [Physopt 32-735] Processed net design_1_i/tpu_zybo_0/inst/u_tpu_top/u_datapath/u_vector_processing_unit/u_post_process/GEN_BIAS_REQUANT.u_bias_requantize/data_flatten_o[23]_i_7_n_0. Optimization improves timing on the net.
INFO: [Physopt 32-619] Estimated Timing Summary | WNS=-1.068 | TNS=-46.850 |
INFO: [Physopt 32-702] Processed net design_1_i/tpu_zybo_0/inst/u_tpu_top/u_datapath/u_vector_processing_unit/u_post_process/GEN_BIAS_REQUANT.u_bias_requantize/data_flatten_o[63]_i_257_n_0. Optimizations did not improve timing on the net.
INFO: [Physopt 32-702] Processed net design_1_i/tpu_zybo_0/inst/u_tpu_top/u_datapath/u_vector_processing_unit/u_post_process/GEN_BIAS_REQUANT.u_bias_requantize/(null)[0].rounded_product[63]. Optimizations did not improve timing on the net.
INFO: [Physopt 32-702] Processed net design_1_i/tpu_zybo_0/inst/u_tpu_top/u_datapath/u_vector_processing_unit/u_post_process/GEN_BIAS_REQUANT.u_bias_requantize/data_flatten_o_reg[62]_i_3_n_0. Optimizations did not improve timing on the net.
INFO: [Physopt 32-702] Processed net design_1_i/tpu_zybo_0/inst/u_tpu_top/u_datapath/u_vector_processing_unit/u_post_process/GEN_BIAS_REQUANT.u_bias_requantize/data_flatten_o_reg[58]_i_3_n_0. Optimizations did not improve timing on the net.
INFO: [Physopt 32-702] Processed net design_1_i/tpu_zybo_0/inst/u_tpu_top/u_datapath/u_vector_processing_unit/u_post_process/GEN_BIAS_REQUANT.u_bias_requantize/data_flatten_o_reg[54]_i_3_n_0. Optimizations did not improve timing on the net.
INFO: [Physopt 32-702] Processed net design_1_i/tpu_zybo_0/inst/u_tpu_top/u_datapath/u_vector_processing_unit/u_post_process/GEN_BIAS_REQUANT.u_bias_requantize/data_flatten_o_reg[50]_i_4_n_0. Optimizations did not improve timing on the net.
INFO: [Physopt 32-702] Processed net design_1_i/tpu_zybo_0/inst/u_tpu_top/u_datapath/u_vector_processing_unit/u_post_process/GEN_BIAS_REQUANT.u_bias_requantize/data_flatten_o_reg[46]_i_2_n_0. Optimizations did not improve timing on the net.
INFO: [Physopt 32-702] Processed net design_1_i/tpu_zybo_0/inst/u_tpu_top/u_datapath/u_vector_processing_unit/u_post_process/GEN_BIAS_REQUANT.u_bias_requantize/data_flatten_o_reg[42]_i_2_n_0. Optimizations did not improve timing on the net.
INFO: [Physopt 32-702] Processed net design_1_i/tpu_zybo_0/inst/u_tpu_top/u_datapath/u_vector_processing_unit/u_post_process/GEN_BIAS_REQUANT.u_bias_requantize/data_flatten_o_reg[38]_i_2_n_0. Optimizations did not improve timing on the net.
INFO: [Physopt 32-702] Processed net design_1_i/tpu_zybo_0/inst/u_tpu_top/u_datapath/u_vector_processing_unit/u_post_process/GEN_BIAS_REQUANT.u_bias_requantize/data_flatten_o_reg[34]_i_2_n_0. Optimizations did not improve timing on the net.
INFO: [Physopt 32-702] Processed net design_1_i/tpu_zybo_0/inst/u_tpu_top/u_datapath/u_vector_processing_unit/u_post_process/GEN_BIAS_REQUANT.u_bias_requantize/data_flatten_o_reg[34]_i_3_n_0. Optimizations did not improve timing on the net.
INFO: [Physopt 32-702] Processed net design_1_i/tpu_zybo_0/inst/u_tpu_top/u_datapath/u_vector_processing_unit/u_post_process/GEN_BIAS_REQUANT.u_bias_requantize/data_flatten_o_reg[34]_i_8_n_0. Optimizations did not improve timing on the net.
INFO: [Physopt 32-702] Processed net design_1_i/tpu_zybo_0/inst/u_tpu_top/u_datapath/u_vector_processing_unit/u_post_process/GEN_BIAS_REQUANT.u_bias_requantize/data_flatten_o_reg[34]_i_13_n_0. Optimizations did not improve timing on the net.
INFO: [Physopt 32-702] Processed net design_1_i/tpu_zybo_0/inst/u_tpu_top/u_datapath/u_vector_processing_unit/u_post_process/GEN_BIAS_REQUANT.u_bias_requantize/data_flatten_o_reg[34]_i_18_n_0. Optimizations did not improve timing on the net.
INFO: [Physopt 32-702] Processed net design_1_i/tpu_zybo_0/inst/u_tpu_top/u_datapath/u_vector_processing_unit/u_post_process/GEN_BIAS_REQUANT.u_bias_requantize/data_flatten_o[34]_i_26_n_0. Optimizations did not improve timing on the net.
INFO: [Physopt 32-702] Processed net design_1_i/tpu_zybo_0/inst/u_tpu_top/u_datapath/u_vector_processing_unit/u_post_process/GEN_BIAS_REQUANT.u_bias_requantize/data_flatten_o_reg[50]_i_6_n_7. Optimizations did not improve timing on the net.
INFO: [Physopt 32-702] Processed net design_1_i/tpu_zybo_0/inst/u_tpu_top/u_datapath/u_vector_processing_unit/u_post_process/GEN_BIAS_REQUANT.u_bias_requantize/data_flatten_o_reg[63]_i_34_n_0. Optimizations did not improve timing on the net.
INFO: [Physopt 32-702] Processed net design_1_i/tpu_zybo_0/inst/u_tpu_top/u_datapath/u_vector_processing_unit/u_post_process/GEN_BIAS_REQUANT.u_bias_requantize/data_flatten_o_reg[63]_i_79_n_0. Optimizations did not improve timing on the net.
INFO: [Physopt 32-702] Processed net design_1_i/tpu_zybo_0/inst/u_tpu_top/u_datapath/u_vector_processing_unit/u_post_process/GEN_BIAS_REQUANT.u_bias_requantize/data_flatten_o_reg[58]_i_8_n_0. Optimizations did not improve timing on the net.
INFO: [Physopt 32-702] Processed net design_1_i/tpu_zybo_0/inst/u_tpu_top/u_datapath/u_vector_processing_unit/u_post_process/GEN_BIAS_REQUANT.u_bias_requantize/data_flatten_o_reg[50]_i_21_n_0. Optimizations did not improve timing on the net.
INFO: [Physopt 32-702] Processed net design_1_i/tpu_zybo_0/inst/u_tpu_top/u_datapath/u_vector_processing_unit/u_post_process/GEN_BIAS_REQUANT.u_bias_requantize/data_flatten_o_reg[50]_i_7_n_0. Optimizations did not improve timing on the net.
INFO: [Physopt 32-702] Processed net design_1_i/tpu_zybo_0/inst/u_tpu_top/u_datapath/u_vector_processing_unit/u_post_process/GEN_BIAS_REQUANT.u_bias_requantize/data_flatten_o_reg[50]_i_16_n_0. Optimizations did not improve timing on the net.
INFO: [Physopt 32-702] Processed net design_1_i/tpu_zybo_0/inst/u_tpu_top/u_datapath/u_vector_processing_unit/u_post_process/GEN_BIAS_REQUANT.u_bias_requantize/data_flatten_o_reg[42]_i_7_n_0. Optimizations did not improve timing on the net.
INFO: [Physopt 32-702] Processed net design_1_i/tpu_zybo_0/inst/u_tpu_top/u_datapath/u_vector_processing_unit/u_post_process/GEN_BIAS_REQUANT.u_bias_requantize/data_flatten_o_reg[38]_i_7_n_0. Optimizations did not improve timing on the net.
INFO: [Physopt 32-702] Processed net design_1_i/tpu_zybo_0/inst/u_tpu_top/u_datapath/u_vector_processing_unit/u_post_process/GEN_BIAS_REQUANT.u_bias_requantize/data_flatten_o_reg[63]_i_11_n_0. Optimizations did not improve timing on the net.
INFO: [Physopt 32-702] Processed net design_1_i/tpu_zybo_0/inst/u_tpu_top/u_datapath/u_vector_processing_unit/u_post_process/GEN_BIAS_REQUANT.u_bias_requantize/data_flatten_o_reg[59]_i_3_n_0. Optimizations did not improve timing on the net.
INFO: [Physopt 32-702] Processed net design_1_i/tpu_zybo_0/inst/u_tpu_top/u_datapath/u_vector_processing_unit/u_post_process/GEN_BIAS_REQUANT.u_bias_requantize/data_flatten_o_reg[55]_i_3_n_0. Optimizations did not improve timing on the net.
INFO: [Physopt 32-702] Processed net design_1_i/tpu_zybo_0/inst/u_tpu_top/u_datapath/u_vector_processing_unit/u_post_process/GEN_BIAS_REQUANT.u_bias_requantize/data_flatten_o_reg[50]_i_5_n_0. Optimizations did not improve timing on the net.
INFO: [Physopt 32-608] Optimized 1 net.  Swapped 11 pins.
INFO: [Physopt 32-735] Processed net design_1_i/tpu_zybo_0/inst/u_tpu_top/u_datapath/u_vector_processing_unit/u_post_process/GEN_BIAS_REQUANT.u_bias_requantize/data_flatten_o[50]_i_14_n_0. Optimization improves timing on the net.
INFO: [Physopt 32-619] Estimated Timing Summary | WNS=-1.065 | TNS=-42.914 |
INFO: [Physopt 32-608] Optimized 1 net.  Swapped 13 pins.
INFO: [Physopt 32-735] Processed net design_1_i/tpu_zybo_0/inst/u_tpu_top/u_datapath/u_vector_processing_unit/u_post_process/GEN_BIAS_REQUANT.u_bias_requantize/data_flatten_o[18]_i_14_n_0. Optimization improves timing on the net.
INFO: [Physopt 32-619] Estimated Timing Summary | WNS=-1.044 | TNS=-42.242 |
INFO: [Physopt 32-702] Processed net design_1_i/tpu_zybo_0/inst/u_tpu_top/u_datapath/u_vector_processing_unit/u_post_process/GEN_BIAS_REQUANT.u_bias_requantize/data_flatten_o[18]_i_14_n_0. Optimizations did not improve timing on the net.
INFO: [Physopt 32-608] Optimized 1 net.  Swapped 20 pins.
INFO: [Physopt 32-735] Processed net design_1_i/tpu_zybo_0/inst/u_tpu_top/u_datapath/u_vector_processing_unit/u_post_process/GEN_BIAS_REQUANT.u_bias_requantize/p_4_out[8]. Optimization improves timing on the net.
INFO: [Physopt 32-619] Estimated Timing Summary | WNS=-1.038 | TNS=-41.939 |
INFO: [Physopt 32-608] Optimized 1 net.  Swapped 20 pins.
INFO: [Physopt 32-735] Processed net design_1_i/tpu_zybo_0/inst/u_tpu_top/u_datapath/u_vector_processing_unit/u_post_process/GEN_BIAS_REQUANT.u_bias_requantize/p_4_out[10]. Optimization improves timing on the net.
INFO: [Physopt 32-619] Estimated Timing Summary | WNS=-1.028 | TNS=-41.646 |
INFO: [Physopt 32-608] Optimized 1 net.  Swapped 20 pins.
INFO: [Physopt 32-735] Processed net design_1_i/tpu_zybo_0/inst/u_tpu_top/u_datapath/u_vector_processing_unit/u_post_process/GEN_BIAS_REQUANT.u_bias_requantize/p_4_out[7]. Optimization improves timing on the net.
INFO: [Physopt 32-619] Estimated Timing Summary | WNS=-1.025 | TNS=-41.628 |
INFO: [Physopt 32-608] Optimized 1 net.  Swapped 20 pins.
INFO: [Physopt 32-735] Processed net design_1_i/tpu_zybo_0/inst/u_tpu_top/u_datapath/u_vector_processing_unit/u_post_process/GEN_BIAS_REQUANT.u_bias_requantize/p_4_out[13]. Optimization improves timing on the net.
INFO: [Physopt 32-619] Estimated Timing Summary | WNS=-1.015 | TNS=-41.618 |
INFO: [Physopt 32-710] Processed net design_1_i/tpu_zybo_0/inst/u_tpu_top/u_datapath/u_vector_processing_unit/u_post_process/GEN_BIAS_REQUANT.u_bias_requantize/p_4_out[13]. Critical path length was reduced through logic transformation on cell design_1_i/tpu_zybo_0/inst/u_tpu_top/u_datapath/u_vector_processing_unit/u_post_process/GEN_BIAS_REQUANT.u_bias_requantize/data_flatten_o[13]_i_1_comp_1.
INFO: [Physopt 32-735] Processed net design_1_i/tpu_zybo_0/inst/u_tpu_top/u_datapath/u_vector_processing_unit/u_post_process/GEN_BIAS_REQUANT.u_bias_requantize/data_flatten_o[18]_i_3_n_0. Optimization improves timing on the net.
INFO: [Physopt 32-619] Estimated Timing Summary | WNS=-1.008 | TNS=-41.488 |
INFO: [Physopt 32-710] Processed net design_1_i/tpu_zybo_0/inst/u_tpu_top/u_datapath/u_vector_processing_unit/u_post_process/GEN_BIAS_REQUANT.u_bias_requantize/p_4_out[7]. Critical path length was reduced through logic transformation on cell design_1_i/tpu_zybo_0/inst/u_tpu_top/u_datapath/u_vector_processing_unit/u_post_process/GEN_BIAS_REQUANT.u_bias_requantize/data_flatten_o[7]_i_1_comp_1.
INFO: [Physopt 32-735] Processed net design_1_i/tpu_zybo_0/inst/u_tpu_top/u_datapath/u_vector_processing_unit/u_post_process/GEN_BIAS_REQUANT.u_bias_requantize/data_flatten_o[18]_i_3_n_0. Optimization improves timing on the net.
INFO: [Physopt 32-619] Estimated Timing Summary | WNS=-0.997 | TNS=-41.356 |
INFO: [Physopt 32-710] Processed net design_1_i/tpu_zybo_0/inst/u_tpu_top/u_datapath/u_vector_processing_unit/u_post_process/GEN_BIAS_REQUANT.u_bias_requantize/p_4_out[12]. Critical path length was reduced through logic transformation on cell design_1_i/tpu_zybo_0/inst/u_tpu_top/u_datapath/u_vector_processing_unit/u_post_process/GEN_BIAS_REQUANT.u_bias_requantize/data_flatten_o[12]_i_1_comp_1.
INFO: [Physopt 32-735] Processed net design_1_i/tpu_zybo_0/inst/u_tpu_top/u_datapath/u_vector_processing_unit/u_post_process/GEN_BIAS_REQUANT.u_bias_requantize/data_flatten_o[18]_i_3_n_0. Optimization improves timing on the net.
INFO: [Physopt 32-619] Estimated Timing Summary | WNS=-0.984 | TNS=-41.005 |
INFO: [Physopt 32-710] Processed net design_1_i/tpu_zybo_0/inst/u_tpu_top/u_datapath/u_vector_processing_unit/u_post_process/GEN_BIAS_REQUANT.u_bias_requantize/p_4_out[16]. Critical path length was reduced through logic transformation on cell design_1_i/tpu_zybo_0/inst/u_tpu_top/u_datapath/u_vector_processing_unit/u_post_process/GEN_BIAS_REQUANT.u_bias_requantize/data_flatten_o[16]_i_1_comp_1.
INFO: [Physopt 32-735] Processed net design_1_i/tpu_zybo_0/inst/u_tpu_top/u_datapath/u_vector_processing_unit/u_post_process/GEN_BIAS_REQUANT.u_bias_requantize/data_flatten_o[18]_i_3_n_0. Optimization improves timing on the net.
INFO: [Physopt 32-619] Estimated Timing Summary | WNS=-0.973 | TNS=-40.666 |
INFO: [Physopt 32-710] Processed net design_1_i/tpu_zybo_0/inst/u_tpu_top/u_datapath/u_vector_processing_unit/u_post_process/GEN_BIAS_REQUANT.u_bias_requantize/p_4_out[18]. Critical path length was reduced through logic transformation on cell design_1_i/tpu_zybo_0/inst/u_tpu_top/u_datapath/u_vector_processing_unit/u_post_process/GEN_BIAS_REQUANT.u_bias_requantize/data_flatten_o[18]_i_1_comp_1.
INFO: [Physopt 32-735] Processed net design_1_i/tpu_zybo_0/inst/u_tpu_top/u_datapath/u_vector_processing_unit/u_post_process/GEN_BIAS_REQUANT.u_bias_requantize/data_flatten_o[18]_i_3_n_0. Optimization improves timing on the net.
INFO: [Physopt 32-619] Estimated Timing Summary | WNS=-0.969 | TNS=-40.281 |
INFO: [Physopt 32-702] Processed net design_1_i/tpu_zybo_0/inst/u_tpu_top/u_datapath/u_vector_processing_unit/u_post_process/GEN_BIAS_REQUANT.u_bias_requantize/Q[15]. Optimizations did not improve timing on the net.
INFO: [Physopt 32-710] Processed net design_1_i/tpu_zybo_0/inst/u_tpu_top/u_datapath/u_vector_processing_unit/u_post_process/GEN_BIAS_REQUANT.u_bias_requantize/p_4_out[15]. Critical path length was reduced through logic transformation on cell design_1_i/tpu_zybo_0/inst/u_tpu_top/u_datapath/u_vector_processing_unit/u_post_process/GEN_BIAS_REQUANT.u_bias_requantize/data_flatten_o[15]_i_1_comp.
INFO: [Physopt 32-735] Processed net design_1_i/tpu_zybo_0/inst/u_tpu_top/u_datapath/u_vector_processing_unit/u_post_process/GEN_BIAS_REQUANT.u_bias_requantize/data_flatten_o[18]_i_2_n_0. Optimization improves timing on the net.
INFO: [Physopt 32-619] Estimated Timing Summary | WNS=-0.966 | TNS=-40.204 |
INFO: [Physopt 32-710] Processed net design_1_i/tpu_zybo_0/inst/u_tpu_top/u_datapath/u_vector_processing_unit/u_post_process/GEN_BIAS_REQUANT.u_bias_requantize/p_4_out[14]. Critical path length was reduced through logic transformation on cell design_1_i/tpu_zybo_0/inst/u_tpu_top/u_datapath/u_vector_processing_unit/u_post_process/GEN_BIAS_REQUANT.u_bias_requantize/data_flatten_o[14]_i_1_comp_1.
INFO: [Physopt 32-735] Processed net design_1_i/tpu_zybo_0/inst/u_tpu_top/u_datapath/u_vector_processing_unit/u_post_process/GEN_BIAS_REQUANT.u_bias_requantize/data_flatten_o[18]_i_3_n_0. Optimization improves timing on the net.
INFO: [Physopt 32-619] Estimated Timing Summary | WNS=-0.945 | TNS=-39.959 |
INFO: [Physopt 32-608] Optimized 1 net.  Swapped 14 pins.
INFO: [Physopt 32-735] Processed net design_1_i/tpu_zybo_0/inst/u_tpu_top/u_datapath/u_vector_processing_unit/u_post_process/GEN_BIAS_REQUANT.u_bias_requantize/data_flatten_o[55]_i_6_n_0. Optimization improves timing on the net.
INFO: [Physopt 32-619] Estimated Timing Summary | WNS=-0.927 | TNS=-38.583 |
INFO: [Physopt 32-702] Processed net design_1_i/tpu_zybo_0/inst/u_tpu_top/u_datapath/u_vector_processing_unit/u_post_process/GEN_BIAS_REQUANT.u_bias_requantize/Q[5]. Optimizations did not improve timing on the net.
INFO: [Physopt 32-710] Processed net design_1_i/tpu_zybo_0/inst/u_tpu_top/u_datapath/u_vector_processing_unit/u_post_process/GEN_BIAS_REQUANT.u_bias_requantize/data_flatten_o[5]_i_1_n_0. Critical path length was reduced through logic transformation on cell design_1_i/tpu_zybo_0/inst/u_tpu_top/u_datapath/u_vector_processing_unit/u_post_process/GEN_BIAS_REQUANT.u_bias_requantize/data_flatten_o[5]_i_1_comp.
INFO: [Physopt 32-735] Processed net design_1_i/tpu_zybo_0/inst/u_tpu_top/u_datapath/u_vector_processing_unit/u_post_process/GEN_BIAS_REQUANT.u_bias_requantize/data_flatten_o[18]_i_2_n_0. Optimization improves timing on the net.
INFO: [Physopt 32-619] Estimated Timing Summary | WNS=-0.918 | TNS=-38.258 |
INFO: [Physopt 32-702] Processed net design_1_i/tpu_zybo_0/inst/u_tpu_top/u_datapath/u_vector_processing_unit/u_post_process/GEN_BIAS_REQUANT.u_bias_requantize/Q[3]. Optimizations did not improve timing on the net.
INFO: [Physopt 32-710] Processed net design_1_i/tpu_zybo_0/inst/u_tpu_top/u_datapath/u_vector_processing_unit/u_post_process/GEN_BIAS_REQUANT.u_bias_requantize/data_flatten_o[3]_i_1_n_0. Critical path length was reduced through logic transformation on cell design_1_i/tpu_zybo_0/inst/u_tpu_top/u_datapath/u_vector_processing_unit/u_post_process/GEN_BIAS_REQUANT.u_bias_requantize/data_flatten_o[3]_i_1_comp.
INFO: [Physopt 32-735] Processed net design_1_i/tpu_zybo_0/inst/u_tpu_top/u_datapath/u_vector_processing_unit/u_post_process/GEN_BIAS_REQUANT.u_bias_requantize/data_flatten_o[18]_i_2_n_0. Optimization improves timing on the net.
INFO: [Physopt 32-619] Estimated Timing Summary | WNS=-0.904 | TNS=-37.945 |
INFO: [Physopt 32-702] Processed net design_1_i/tpu_zybo_0/inst/u_tpu_top/u_datapath/u_vector_processing_unit/u_post_process/GEN_BIAS_REQUANT.u_bias_requantize/data_flatten_o_reg[31]_i_6_n_2. Optimizations did not improve timing on the net.
INFO: [Physopt 32-702] Processed net design_1_i/tpu_zybo_0/inst/u_tpu_top/u_datapath/u_vector_processing_unit/u_post_process/GEN_BIAS_REQUANT.u_bias_requantize/data_flatten_o_reg[31]_i_20_n_0. Optimizations did not improve timing on the net.
INFO: [Physopt 32-608] Optimized 1 net.  Swapped 18 pins.
INFO: [Physopt 32-735] Processed net design_1_i/tpu_zybo_0/inst/u_tpu_top/u_datapath/u_vector_processing_unit/u_post_process/GEN_BIAS_REQUANT.u_bias_requantize/data_flatten_o[31]_i_66_n_0. Optimization improves timing on the net.
INFO: [Physopt 32-619] Estimated Timing Summary | WNS=-0.902 | TNS=-37.776 |
INFO: [Physopt 32-702] Processed net design_1_i/tpu_zybo_0/inst/u_tpu_top/u_datapath/u_vector_processing_unit/u_post_process/GEN_BIAS_REQUANT.u_bias_requantize/data_flatten_o[50]_i_14_n_0. Optimizations did not improve timing on the net.
INFO: [Physopt 32-702] Processed net design_1_i/tpu_zybo_0/inst/u_tpu_top/u_datapath/u_vector_processing_unit/u_post_process/GEN_BIAS_REQUANT.u_bias_requantize/p_4_out[42]. Optimizations did not improve timing on the net.
INFO: [Physopt 32-702] Processed net design_1_i/tpu_zybo_0/inst/u_tpu_top/u_datapath/u_vector_processing_unit/u_post_process/GEN_BIAS_REQUANT.u_bias_requantize/(null)[0].shifted_value0__6_n_105. Optimizations did not improve timing on the net.
INFO: [Physopt 32-702] Processed net design_1_i/tpu_zybo_0/inst/u_tpu_top/u_datapath/u_vector_processing_unit/u_post_process/GEN_BIAS_REQUANT.u_bias_requantize/(null)[0].shifted_value1[13]. Optimizations did not improve timing on the net.
INFO: [Physopt 32-702] Processed net design_1_i/tpu_zybo_0/inst/u_tpu_top/u_datapath/u_vector_processing_unit/u_post_process/GEN_BIAS_REQUANT.u_bias_requantize/(null)[0].shifted_value0__5_i_2_n_0. Optimizations did not improve timing on the net.
INFO: [Physopt 32-702] Processed net design_1_i/tpu_zybo_0/inst/u_tpu_top/u_datapath/u_vector_processing_unit/u_post_process/GEN_BIAS_REQUANT.u_bias_requantize/(null)[0].shifted_value0__5_i_3_n_0. Optimizations did not improve timing on the net.
INFO: [Physopt 32-702] Processed net design_1_i/tpu_zybo_0/inst/u_tpu_top/u_datapath/u_vector_processing_unit/u_post_process/GEN_BIAS_REQUANT.u_bias_requantize/(null)[0].shifted_value0__5_i_4_n_0. Optimizations did not improve timing on the net.
INFO: [Physopt 32-702] Processed net design_1_i/tpu_zybo_0/inst/u_tpu_top/u_datapath/u_vector_processing_unit/u_post_process/GEN_BIAS_REQUANT.u_bias_requantize/(null)[0].shifted_value0__5_i_20_n_0. Optimizations did not improve timing on the net.
INFO: [Physopt 32-702] Processed net design_1_i/tpu_zybo_0/inst/u_tpu_top/u_datapath/u_vector_processing_unit/u_post_process/GEN_BIAS_REQUANT.u_bias_requantize/(null)[0].shifted_value0__5_n_106. Optimizations did not improve timing on the net.
INFO: [Physopt 32-702] Processed net design_1_i/tpu_zybo_0/inst/u_tpu_top/u_datapath/u_accumulator_array/read_data_flatten_o_reg[63]_0[32]. Optimizations did not improve timing on the net.
INFO: [Physopt 32-702] Processed net design_1_i/tpu_zybo_0/inst/u_tpu_top/u_datapath/u_vector_processing_unit/u_post_process/GEN_BIAS_REQUANT.u_bias_requantize/Q[42]. Optimizations did not improve timing on the net.
INFO: [Physopt 32-702] Processed net design_1_i/processing_system7_0/inst/FCLK_CLK_unbuffered[0]. Optimizations did not improve timing on the net.
INFO: [Physopt 32-702] Processed net design_1_i/tpu_zybo_0/inst/u_tpu_top/u_datapath/u_vector_processing_unit/u_post_process/GEN_BIAS_REQUANT.u_bias_requantize/data_flatten_o[50]_i_3_n_0_repN. Optimizations did not improve timing on the net.
INFO: [Physopt 32-702] Processed net design_1_i/tpu_zybo_0/inst/u_tpu_top/u_datapath/u_vector_processing_unit/u_post_process/GEN_BIAS_REQUANT.u_bias_requantize/data_flatten_o_reg[63]_i_5_n_2. Optimizations did not improve timing on the net.
INFO: [Physopt 32-702] Processed net design_1_i/tpu_zybo_0/inst/u_tpu_top/u_datapath/u_vector_processing_unit/u_post_process/GEN_BIAS_REQUANT.u_bias_requantize/data_flatten_o[63]_i_18_n_0. Optimizations did not improve timing on the net.
INFO: [Physopt 32-702] Processed net design_1_i/tpu_zybo_0/inst/u_tpu_top/u_datapath/u_vector_processing_unit/u_post_process/GEN_BIAS_REQUANT.u_bias_requantize/data_flatten_o_reg[63]_i_59_n_3. Optimizations did not improve timing on the net.
INFO: [Physopt 32-702] Processed net design_1_i/tpu_zybo_0/inst/u_tpu_top/u_datapath/u_vector_processing_unit/u_post_process/GEN_BIAS_REQUANT.u_bias_requantize/data_flatten_o[63]_i_257_n_0. Optimizations did not improve timing on the net.
INFO: [Physopt 32-702] Processed net design_1_i/tpu_zybo_0/inst/u_tpu_top/u_datapath/u_vector_processing_unit/u_post_process/GEN_BIAS_REQUANT.u_bias_requantize/(null)[0].rounded_product[63]. Optimizations did not improve timing on the net.
INFO: [Physopt 32-702] Processed net design_1_i/tpu_zybo_0/inst/u_tpu_top/u_datapath/u_vector_processing_unit/u_post_process/GEN_BIAS_REQUANT.u_bias_requantize/data_flatten_o[34]_i_26_n_0. Optimizations did not improve timing on the net.
INFO: [Physopt 32-702] Processed net design_1_i/tpu_zybo_0/inst/u_tpu_top/u_datapath/u_vector_processing_unit/u_post_process/GEN_BIAS_REQUANT.u_bias_requantize/data_flatten_o_reg[50]_i_6_n_7. Optimizations did not improve timing on the net.
INFO: [Physopt 32-702] Processed net design_1_i/tpu_zybo_0/inst/u_tpu_top/u_datapath/u_vector_processing_unit/u_post_process/GEN_BIAS_REQUANT.u_bias_requantize/data_flatten_o[50]_i_14_n_0. Optimizations did not improve timing on the net.
INFO: [Physopt 32-702] Processed net design_1_i/tpu_zybo_0/inst/u_tpu_top/u_datapath/u_vector_processing_unit/u_post_process/GEN_BIAS_REQUANT.u_bias_requantize/p_4_out[42]. Optimizations did not improve timing on the net.
INFO: [Physopt 32-702] Processed net design_1_i/tpu_zybo_0/inst/u_tpu_top/u_datapath/u_vector_processing_unit/u_post_process/GEN_BIAS_REQUANT.u_bias_requantize/(null)[0].shifted_value0__6_n_105. Optimizations did not improve timing on the net.
INFO: [Physopt 32-702] Processed net design_1_i/tpu_zybo_0/inst/u_tpu_top/u_datapath/u_vector_processing_unit/u_post_process/GEN_BIAS_REQUANT.u_bias_requantize/(null)[0].shifted_value1[13]. Optimizations did not improve timing on the net.
INFO: [Physopt 32-702] Processed net design_1_i/tpu_zybo_0/inst/u_tpu_top/u_datapath/u_vector_processing_unit/u_post_process/GEN_BIAS_REQUANT.u_bias_requantize/(null)[0].shifted_value0__5_i_20_n_0. Optimizations did not improve timing on the net.
INFO: [Physopt 32-702] Processed net design_1_i/tpu_zybo_0/inst/u_tpu_top/u_datapath/u_accumulator_array/read_data_flatten_o_reg[63]_0[32]. Optimizations did not improve timing on the net.
INFO: [Physopt 32-619] Estimated Timing Summary | WNS=-0.902 | TNS=-37.776 |
Netlist sorting complete. Time (s): cpu = 00:00:00 ; elapsed = 00:00:00 . Memory (MB): peak = 3166.133 ; gain = 0.000 ; free physical = 9755 ; free virtual = 39172
Phase 3 Critical Path Optimization | Checksum: 2bc4cb8e5

Time (s): cpu = 00:00:14 ; elapsed = 00:00:05 . Memory (MB): peak = 3166.133 ; gain = 0.000 ; free physical = 9755 ; free virtual = 39172

Phase 4 Critical Path Optimization
INFO: [Physopt 32-619] Estimated Timing Summary | WNS=-0.902 | TNS=-37.776 |
INFO: [Physopt 32-702] Processed net design_1_i/tpu_zybo_0/inst/u_tpu_top/u_datapath/u_vector_processing_unit/u_post_process/GEN_BIAS_REQUANT.u_bias_requantize/Q[42]. Optimizations did not improve timing on the net.
INFO: [Physopt 32-702] Processed net design_1_i/processing_system7_0/inst/FCLK_CLK_unbuffered[0]. Optimizations did not improve timing on the net.
INFO: [Physopt 32-134] Processed net design_1_i/tpu_zybo_0/inst/u_tpu_top/u_datapath/u_vector_processing_unit/u_post_process/GEN_BIAS_REQUANT.u_bias_requantize/data_flatten_o[50]_i_3_n_0_repN. Rewiring did not optimize the net.
INFO: [Physopt 32-702] Processed net design_1_i/tpu_zybo_0/inst/u_tpu_top/u_datapath/u_vector_processing_unit/u_post_process/GEN_BIAS_REQUANT.u_bias_requantize/data_flatten_o[50]_i_3_n_0_repN. Optimizations did not improve timing on the net.
INFO: [Physopt 32-702] Processed net design_1_i/tpu_zybo_0/inst/u_tpu_top/u_datapath/u_vector_processing_unit/u_post_process/GEN_BIAS_REQUANT.u_bias_requantize/data_flatten_o_reg[63]_i_5_n_2. Optimizations did not improve timing on the net.
INFO: [Physopt 32-702] Processed net design_1_i/tpu_zybo_0/inst/u_tpu_top/u_datapath/u_vector_processing_unit/u_post_process/GEN_BIAS_REQUANT.u_bias_requantize/data_flatten_o[63]_i_18_n_0. Optimizations did not improve timing on the net.
INFO: [Physopt 32-702] Processed net design_1_i/tpu_zybo_0/inst/u_tpu_top/u_datapath/u_vector_processing_unit/u_post_process/GEN_BIAS_REQUANT.u_bias_requantize/data_flatten_o_reg[63]_i_59_n_3. Optimizations did not improve timing on the net.
INFO: [Physopt 32-702] Processed net design_1_i/tpu_zybo_0/inst/u_tpu_top/u_datapath/u_vector_processing_unit/u_post_process/GEN_BIAS_REQUANT.u_bias_requantize/data_flatten_o_reg[63]_i_60_n_0. Optimizations did not improve timing on the net.
INFO: [Physopt 32-702] Processed net design_1_i/tpu_zybo_0/inst/u_tpu_top/u_datapath/u_vector_processing_unit/u_post_process/GEN_BIAS_REQUANT.u_bias_requantize/data_flatten_o_reg[63]_i_102_n_0. Optimizations did not improve timing on the net.
INFO: [Physopt 32-702] Processed net design_1_i/tpu_zybo_0/inst/u_tpu_top/u_datapath/u_vector_processing_unit/u_post_process/GEN_BIAS_REQUANT.u_bias_requantize/data_flatten_o_reg[63]_i_103_n_0. Optimizations did not improve timing on the net.
INFO: [Physopt 32-702] Processed net design_1_i/tpu_zybo_0/inst/u_tpu_top/u_datapath/u_vector_processing_unit/u_post_process/GEN_BIAS_REQUANT.u_bias_requantize/data_flatten_o_reg[63]_i_150_n_0. Optimizations did not improve timing on the net.
INFO: [Physopt 32-702] Processed net design_1_i/tpu_zybo_0/inst/u_tpu_top/u_datapath/u_vector_processing_unit/u_post_process/GEN_BIAS_REQUANT.u_bias_requantize/data_flatten_o_reg[63]_i_151_n_0. Optimizations did not improve timing on the net.
INFO: [Physopt 32-702] Processed net design_1_i/tpu_zybo_0/inst/u_tpu_top/u_datapath/u_vector_processing_unit/u_post_process/GEN_BIAS_REQUANT.u_bias_requantize/data_flatten_o_reg[63]_i_186_n_0. Optimizations did not improve timing on the net.
INFO: [Physopt 32-702] Processed net design_1_i/tpu_zybo_0/inst/u_tpu_top/u_datapath/u_vector_processing_unit/u_post_process/GEN_BIAS_REQUANT.u_bias_requantize/data_flatten_o_reg[63]_i_187_n_0. Optimizations did not improve timing on the net.
INFO: [Physopt 32-702] Processed net design_1_i/tpu_zybo_0/inst/u_tpu_top/u_datapath/u_vector_processing_unit/u_post_process/GEN_BIAS_REQUANT.u_bias_requantize/data_flatten_o_reg[63]_i_222_n_0. Optimizations did not improve timing on the net.
INFO: [Physopt 32-702] Processed net design_1_i/tpu_zybo_0/inst/u_tpu_top/u_datapath/u_vector_processing_unit/u_post_process/GEN_BIAS_REQUANT.u_bias_requantize/data_flatten_o[63]_i_257_n_0. Optimizations did not improve timing on the net.
INFO: [Physopt 32-702] Processed net design_1_i/tpu_zybo_0/inst/u_tpu_top/u_datapath/u_vector_processing_unit/u_post_process/GEN_BIAS_REQUANT.u_bias_requantize/(null)[0].rounded_product[63]. Optimizations did not improve timing on the net.
INFO: [Physopt 32-702] Processed net design_1_i/tpu_zybo_0/inst/u_tpu_top/u_datapath/u_vector_processing_unit/u_post_process/GEN_BIAS_REQUANT.u_bias_requantize/data_flatten_o_reg[62]_i_3_n_0. Optimizations did not improve timing on the net.
INFO: [Physopt 32-702] Processed net design_1_i/tpu_zybo_0/inst/u_tpu_top/u_datapath/u_vector_processing_unit/u_post_process/GEN_BIAS_REQUANT.u_bias_requantize/data_flatten_o_reg[58]_i_3_n_0. Optimizations did not improve timing on the net.
INFO: [Physopt 32-702] Processed net design_1_i/tpu_zybo_0/inst/u_tpu_top/u_datapath/u_vector_processing_unit/u_post_process/GEN_BIAS_REQUANT.u_bias_requantize/data_flatten_o_reg[54]_i_3_n_0. Optimizations did not improve timing on the net.
INFO: [Physopt 32-702] Processed net design_1_i/tpu_zybo_0/inst/u_tpu_top/u_datapath/u_vector_processing_unit/u_post_process/GEN_BIAS_REQUANT.u_bias_requantize/data_flatten_o_reg[50]_i_4_n_0. Optimizations did not improve timing on the net.
INFO: [Physopt 32-702] Processed net design_1_i/tpu_zybo_0/inst/u_tpu_top/u_datapath/u_vector_processing_unit/u_post_process/GEN_BIAS_REQUANT.u_bias_requantize/data_flatten_o_reg[46]_i_2_n_0. Optimizations did not improve timing on the net.
INFO: [Physopt 32-702] Processed net design_1_i/tpu_zybo_0/inst/u_tpu_top/u_datapath/u_vector_processing_unit/u_post_process/GEN_BIAS_REQUANT.u_bias_requantize/data_flatten_o_reg[42]_i_2_n_0. Optimizations did not improve timing on the net.
INFO: [Physopt 32-702] Processed net design_1_i/tpu_zybo_0/inst/u_tpu_top/u_datapath/u_vector_processing_unit/u_post_process/GEN_BIAS_REQUANT.u_bias_requantize/data_flatten_o_reg[38]_i_2_n_0. Optimizations did not improve timing on the net.
INFO: [Physopt 32-702] Processed net design_1_i/tpu_zybo_0/inst/u_tpu_top/u_datapath/u_vector_processing_unit/u_post_process/GEN_BIAS_REQUANT.u_bias_requantize/data_flatten_o_reg[34]_i_2_n_0. Optimizations did not improve timing on the net.
INFO: [Physopt 32-702] Processed net design_1_i/tpu_zybo_0/inst/u_tpu_top/u_datapath/u_vector_processing_unit/u_post_process/GEN_BIAS_REQUANT.u_bias_requantize/data_flatten_o_reg[34]_i_3_n_0. Optimizations did not improve timing on the net.
INFO: [Physopt 32-702] Processed net design_1_i/tpu_zybo_0/inst/u_tpu_top/u_datapath/u_vector_processing_unit/u_post_process/GEN_BIAS_REQUANT.u_bias_requantize/data_flatten_o_reg[34]_i_8_n_0. Optimizations did not improve timing on the net.
INFO: [Physopt 32-702] Processed net design_1_i/tpu_zybo_0/inst/u_tpu_top/u_datapath/u_vector_processing_unit/u_post_process/GEN_BIAS_REQUANT.u_bias_requantize/data_flatten_o_reg[34]_i_13_n_0. Optimizations did not improve timing on the net.
INFO: [Physopt 32-702] Processed net design_1_i/tpu_zybo_0/inst/u_tpu_top/u_datapath/u_vector_processing_unit/u_post_process/GEN_BIAS_REQUANT.u_bias_requantize/data_flatten_o_reg[34]_i_18_n_0. Optimizations did not improve timing on the net.
INFO: [Physopt 32-702] Processed net design_1_i/tpu_zybo_0/inst/u_tpu_top/u_datapath/u_vector_processing_unit/u_post_process/GEN_BIAS_REQUANT.u_bias_requantize/data_flatten_o[34]_i_26_n_0. Optimizations did not improve timing on the net.
INFO: [Physopt 32-702] Processed net design_1_i/tpu_zybo_0/inst/u_tpu_top/u_datapath/u_vector_processing_unit/u_post_process/GEN_BIAS_REQUANT.u_bias_requantize/data_flatten_o_reg[50]_i_6_n_7. Optimizations did not improve timing on the net.
INFO: [Physopt 32-702] Processed net design_1_i/tpu_zybo_0/inst/u_tpu_top/u_datapath/u_vector_processing_unit/u_post_process/GEN_BIAS_REQUANT.u_bias_requantize/data_flatten_o_reg[63]_i_34_n_0. Optimizations did not improve timing on the net.
INFO: [Physopt 32-702] Processed net design_1_i/tpu_zybo_0/inst/u_tpu_top/u_datapath/u_vector_processing_unit/u_post_process/GEN_BIAS_REQUANT.u_bias_requantize/data_flatten_o_reg[63]_i_79_n_0. Optimizations did not improve timing on the net.
INFO: [Physopt 32-702] Processed net design_1_i/tpu_zybo_0/inst/u_tpu_top/u_datapath/u_vector_processing_unit/u_post_process/GEN_BIAS_REQUANT.u_bias_requantize/data_flatten_o_reg[58]_i_8_n_0. Optimizations did not improve timing on the net.
INFO: [Physopt 32-702] Processed net design_1_i/tpu_zybo_0/inst/u_tpu_top/u_datapath/u_vector_processing_unit/u_post_process/GEN_BIAS_REQUANT.u_bias_requantize/data_flatten_o_reg[50]_i_21_n_0. Optimizations did not improve timing on the net.
INFO: [Physopt 32-702] Processed net design_1_i/tpu_zybo_0/inst/u_tpu_top/u_datapath/u_vector_processing_unit/u_post_process/GEN_BIAS_REQUANT.u_bias_requantize/data_flatten_o_reg[50]_i_7_n_0. Optimizations did not improve timing on the net.
INFO: [Physopt 32-702] Processed net design_1_i/tpu_zybo_0/inst/u_tpu_top/u_datapath/u_vector_processing_unit/u_post_process/GEN_BIAS_REQUANT.u_bias_requantize/data_flatten_o_reg[50]_i_16_n_0. Optimizations did not improve timing on the net.
INFO: [Physopt 32-702] Processed net design_1_i/tpu_zybo_0/inst/u_tpu_top/u_datapath/u_vector_processing_unit/u_post_process/GEN_BIAS_REQUANT.u_bias_requantize/data_flatten_o_reg[42]_i_7_n_0. Optimizations did not improve timing on the net.
INFO: [Physopt 32-702] Processed net design_1_i/tpu_zybo_0/inst/u_tpu_top/u_datapath/u_vector_processing_unit/u_post_process/GEN_BIAS_REQUANT.u_bias_requantize/data_flatten_o_reg[38]_i_7_n_0. Optimizations did not improve timing on the net.
INFO: [Physopt 32-702] Processed net design_1_i/tpu_zybo_0/inst/u_tpu_top/u_datapath/u_vector_processing_unit/u_post_process/GEN_BIAS_REQUANT.u_bias_requantize/data_flatten_o_reg[63]_i_11_n_0. Optimizations did not improve timing on the net.
INFO: [Physopt 32-702] Processed net design_1_i/tpu_zybo_0/inst/u_tpu_top/u_datapath/u_vector_processing_unit/u_post_process/GEN_BIAS_REQUANT.u_bias_requantize/data_flatten_o_reg[59]_i_3_n_0. Optimizations did not improve timing on the net.
INFO: [Physopt 32-702] Processed net design_1_i/tpu_zybo_0/inst/u_tpu_top/u_datapath/u_vector_processing_unit/u_post_process/GEN_BIAS_REQUANT.u_bias_requantize/data_flatten_o_reg[55]_i_3_n_0. Optimizations did not improve timing on the net.
INFO: [Physopt 32-702] Processed net design_1_i/tpu_zybo_0/inst/u_tpu_top/u_datapath/u_vector_processing_unit/u_post_process/GEN_BIAS_REQUANT.u_bias_requantize/data_flatten_o_reg[50]_i_5_n_0. Optimizations did not improve timing on the net.
INFO: [Physopt 32-702] Processed net design_1_i/tpu_zybo_0/inst/u_tpu_top/u_datapath/u_vector_processing_unit/u_post_process/GEN_BIAS_REQUANT.u_bias_requantize/data_flatten_o[50]_i_14_n_0. Optimizations did not improve timing on the net.
INFO: [Physopt 32-702] Processed net design_1_i/tpu_zybo_0/inst/u_tpu_top/u_datapath/u_vector_processing_unit/u_post_process/GEN_BIAS_REQUANT.u_bias_requantize/p_4_out[42]. Optimizations did not improve timing on the net.
INFO: [Physopt 32-702] Processed net design_1_i/tpu_zybo_0/inst/u_tpu_top/u_datapath/u_vector_processing_unit/u_post_process/GEN_BIAS_REQUANT.u_bias_requantize/(null)[0].shifted_value0__6_n_105. Optimizations did not improve timing on the net.
INFO: [Physopt 32-702] Processed net design_1_i/tpu_zybo_0/inst/u_tpu_top/u_datapath/u_vector_processing_unit/u_post_process/GEN_BIAS_REQUANT.u_bias_requantize/(null)[0].shifted_value1[13]. Optimizations did not improve timing on the net.
INFO: [Physopt 32-702] Processed net design_1_i/tpu_zybo_0/inst/u_tpu_top/u_datapath/u_vector_processing_unit/u_post_process/GEN_BIAS_REQUANT.u_bias_requantize/(null)[0].shifted_value0__5_i_2_n_0. Optimizations did not improve timing on the net.
INFO: [Physopt 32-702] Processed net design_1_i/tpu_zybo_0/inst/u_tpu_top/u_datapath/u_vector_processing_unit/u_post_process/GEN_BIAS_REQUANT.u_bias_requantize/(null)[0].shifted_value0__5_i_3_n_0. Optimizations did not improve timing on the net.
INFO: [Physopt 32-702] Processed net design_1_i/tpu_zybo_0/inst/u_tpu_top/u_datapath/u_vector_processing_unit/u_post_process/GEN_BIAS_REQUANT.u_bias_requantize/(null)[0].shifted_value0__5_i_4_n_0. Optimizations did not improve timing on the net.
INFO: [Physopt 32-702] Processed net design_1_i/tpu_zybo_0/inst/u_tpu_top/u_datapath/u_vector_processing_unit/u_post_process/GEN_BIAS_REQUANT.u_bias_requantize/(null)[0].shifted_value0__5_i_20_n_0. Optimizations did not improve timing on the net.
INFO: [Physopt 32-702] Processed net design_1_i/tpu_zybo_0/inst/u_tpu_top/u_datapath/u_vector_processing_unit/u_post_process/GEN_BIAS_REQUANT.u_bias_requantize/(null)[0].shifted_value0__5_n_106. Optimizations did not improve timing on the net.
INFO: [Physopt 32-702] Processed net design_1_i/tpu_zybo_0/inst/u_tpu_top/u_datapath/u_accumulator_array/read_data_flatten_o_reg[63]_0[32]. Optimizations did not improve timing on the net.
INFO: [Physopt 32-702] Processed net design_1_i/tpu_zybo_0/inst/u_tpu_top/u_datapath/u_vector_processing_unit/u_post_process/GEN_BIAS_REQUANT.u_bias_requantize/Q[42]. Optimizations did not improve timing on the net.
INFO: [Physopt 32-702] Processed net design_1_i/processing_system7_0/inst/FCLK_CLK_unbuffered[0]. Optimizations did not improve timing on the net.
INFO: [Physopt 32-702] Processed net design_1_i/tpu_zybo_0/inst/u_tpu_top/u_datapath/u_vector_processing_unit/u_post_process/GEN_BIAS_REQUANT.u_bias_requantize/data_flatten_o[50]_i_3_n_0_repN. Optimizations did not improve timing on the net.
INFO: [Physopt 32-702] Processed net design_1_i/tpu_zybo_0/inst/u_tpu_top/u_datapath/u_vector_processing_unit/u_post_process/GEN_BIAS_REQUANT.u_bias_requantize/data_flatten_o_reg[63]_i_5_n_2. Optimizations did not improve timing on the net.
INFO: [Physopt 32-702] Processed net design_1_i/tpu_zybo_0/inst/u_tpu_top/u_datapath/u_vector_processing_unit/u_post_process/GEN_BIAS_REQUANT.u_bias_requantize/data_flatten_o[63]_i_18_n_0. Optimizations did not improve timing on the net.
INFO: [Physopt 32-702] Processed net design_1_i/tpu_zybo_0/inst/u_tpu_top/u_datapath/u_vector_processing_unit/u_post_process/GEN_BIAS_REQUANT.u_bias_requantize/data_flatten_o_reg[63]_i_59_n_3. Optimizations did not improve timing on the net.
INFO: [Physopt 32-702] Processed net design_1_i/tpu_zybo_0/inst/u_tpu_top/u_datapath/u_vector_processing_unit/u_post_process/GEN_BIAS_REQUANT.u_bias_requantize/data_flatten_o[63]_i_257_n_0. Optimizations did not improve timing on the net.
INFO: [Physopt 32-702] Processed net design_1_i/tpu_zybo_0/inst/u_tpu_top/u_datapath/u_vector_processing_unit/u_post_process/GEN_BIAS_REQUANT.u_bias_requantize/(null)[0].rounded_product[63]. Optimizations did not improve timing on the net.
INFO: [Physopt 32-702] Processed net design_1_i/tpu_zybo_0/inst/u_tpu_top/u_datapath/u_vector_processing_unit/u_post_process/GEN_BIAS_REQUANT.u_bias_requantize/data_flatten_o[34]_i_26_n_0. Optimizations did not improve timing on the net.
INFO: [Physopt 32-702] Processed net design_1_i/tpu_zybo_0/inst/u_tpu_top/u_datapath/u_vector_processing_unit/u_post_process/GEN_BIAS_REQUANT.u_bias_requantize/data_flatten_o_reg[50]_i_6_n_7. Optimizations did not improve timing on the net.
INFO: [Physopt 32-702] Processed net design_1_i/tpu_zybo_0/inst/u_tpu_top/u_datapath/u_vector_processing_unit/u_post_process/GEN_BIAS_REQUANT.u_bias_requantize/data_flatten_o[50]_i_14_n_0. Optimizations did not improve timing on the net.
INFO: [Physopt 32-702] Processed net design_1_i/tpu_zybo_0/inst/u_tpu_top/u_datapath/u_vector_processing_unit/u_post_process/GEN_BIAS_REQUANT.u_bias_requantize/p_4_out[42]. Optimizations did not improve timing on the net.
INFO: [Physopt 32-702] Processed net design_1_i/tpu_zybo_0/inst/u_tpu_top/u_datapath/u_vector_processing_unit/u_post_process/GEN_BIAS_REQUANT.u_bias_requantize/(null)[0].shifted_value0__6_n_105. Optimizations did not improve timing on the net.
INFO: [Physopt 32-702] Processed net design_1_i/tpu_zybo_0/inst/u_tpu_top/u_datapath/u_vector_processing_unit/u_post_process/GEN_BIAS_REQUANT.u_bias_requantize/(null)[0].shifted_value1[13]. Optimizations did not improve timing on the net.
INFO: [Physopt 32-702] Processed net design_1_i/tpu_zybo_0/inst/u_tpu_top/u_datapath/u_vector_processing_unit/u_post_process/GEN_BIAS_REQUANT.u_bias_requantize/(null)[0].shifted_value0__5_i_20_n_0. Optimizations did not improve timing on the net.
INFO: [Physopt 32-702] Processed net design_1_i/tpu_zybo_0/inst/u_tpu_top/u_datapath/u_accumulator_array/read_data_flatten_o_reg[63]_0[32]. Optimizations did not improve timing on the net.
INFO: [Physopt 32-619] Estimated Timing Summary | WNS=-0.902 | TNS=-37.776 |
Netlist sorting complete. Time (s): cpu = 00:00:00 ; elapsed = 00:00:00.01 . Memory (MB): peak = 3166.133 ; gain = 0.000 ; free physical = 9827 ; free virtual = 39241
Phase 4 Critical Path Optimization | Checksum: 2bc4cb8e5

Time (s): cpu = 00:00:16 ; elapsed = 00:00:06 . Memory (MB): peak = 3166.133 ; gain = 0.000 ; free physical = 9827 ; free virtual = 39241
Netlist sorting complete. Time (s): cpu = 00:00:00.01 ; elapsed = 00:00:00 . Memory (MB): peak = 3166.133 ; gain = 0.000 ; free physical = 9827 ; free virtual = 39241
INFO: [Physopt 32-603] Post Physical Optimization Timing Summary | WNS=-0.902 | TNS=-37.776 |

Summary of Physical Synthesis Optimizations
============================================


-------------------------------------------------------------------------------------------------------------------------------------------------------------
|  Optimization   |  WNS Gain (ns)  |  TNS Gain (ns)  |  Added Cells  |  Removed Cells  |  Optimized Cells/Nets  |  Dont Touch  |  Iterations  |  Elapsed   |
-------------------------------------------------------------------------------------------------------------------------------------------------------------
|  DSP Register   |          0.000  |          0.000  |            0  |              0  |                     0  |           0  |           1  |  00:00:00  |
|  Critical Path  |          0.461  |         17.397  |            1  |              0  |                    42  |           0  |           2  |  00:00:06  |
|  Total          |          0.461  |         17.397  |            1  |              0  |                    42  |           0  |           3  |  00:00:06  |
-------------------------------------------------------------------------------------------------------------------------------------------------------------


Netlist sorting complete. Time (s): cpu = 00:00:00 ; elapsed = 00:00:00 . Memory (MB): peak = 3166.133 ; gain = 0.000 ; free physical = 9827 ; free virtual = 39241
Ending Physical Synthesis Task | Checksum: 14abf562e

Time (s): cpu = 00:00:16 ; elapsed = 00:00:06 . Memory (MB): peak = 3166.133 ; gain = 0.000 ; free physical = 9827 ; free virtual = 39241
INFO: [Common 17-83] Releasing license: Implementation
443 Infos, 0 Warnings, 0 Critical Warnings and 0 Errors encountered.
phys_opt_design completed successfully
phys_opt_design: Time (s): cpu = 00:00:18 ; elapsed = 00:00:07 . Memory (MB): peak = 3166.133 ; gain = 0.000 ; free physical = 9827 ; free virtual = 39241
INFO: [Timing 38-480] Writing timing data to binary archive.
Wrote PlaceDB: Time (s): cpu = 00:00:00 ; elapsed = 00:00:00 . Memory (MB): peak = 3166.133 ; gain = 0.000 ; free physical = 9827 ; free virtual = 39241
Wrote PulsedLatchDB: Time (s): cpu = 00:00:00 ; elapsed = 00:00:00 . Memory (MB): peak = 3166.133 ; gain = 0.000 ; free physical = 9827 ; free virtual = 39241
Writing XDEF routing.
Writing XDEF routing logical nets.
Write ShapeDB Complete: Time (s): cpu = 00:00:00.07 ; elapsed = 00:00:00.01 . Memory (MB): peak = 3166.133 ; gain = 0.000 ; free physical = 9822 ; free virtual = 39238
Writing XDEF routing special nets.
Wrote RouteStorage: Time (s): cpu = 00:00:00.1 ; elapsed = 00:00:00.02 . Memory (MB): peak = 3166.133 ; gain = 0.000 ; free physical = 9822 ; free virtual = 39238
Wrote PlaceStorage: Time (s): cpu = 00:00:00.55 ; elapsed = 00:00:00.17 . Memory (MB): peak = 3166.133 ; gain = 0.000 ; free physical = 9801 ; free virtual = 39225
Wrote Netlist Cache: Time (s): cpu = 00:00:00.02 ; elapsed = 00:00:00.01 . Memory (MB): peak = 3166.133 ; gain = 0.000 ; free physical = 9801 ; free virtual = 39226
Wrote Device Cache: Time (s): cpu = 00:00:00.01 ; elapsed = 00:00:00.01 . Memory (MB): peak = 3166.133 ; gain = 0.000 ; free physical = 9801 ; free virtual = 39227
Write Physdb Complete: Time (s): cpu = 00:00:00.7 ; elapsed = 00:00:00.21 . Memory (MB): peak = 3166.133 ; gain = 0.000 ; free physical = 9801 ; free virtual = 39227
INFO: [Common 17-1381] The checkpoint '/home/pah/fpga_cnn_accelerator/FPGA-based-CNN-Accelerator-for-autonomous-vehicles/src/synth/tpu_mnist_zyboz7/tpu_mnist_zyboz7.runs/impl_1/design_1_wrapper_physopt.dcp' has been generated.
Command: route_design
Attempting to get a license for feature 'Implementation' and/or device 'xc7z010'
INFO: [Common 17-349] Got license for feature 'Implementation' and/or device 'xc7z010'
INFO: [DRC 23-27] Running DRC with 8 threads
INFO: [Vivado_Tcl 4-198] DRC finished with 0 Errors
INFO: [Vivado_Tcl 4-199] Please refer to the DRC report (report_drc) for more information.


Starting Routing Task
INFO: [Route 35-254] Multithreading enabled for route_design using a maximum of 8 CPUs

Phase 1 Build RT Design
Checksum: PlaceDB: cb3bc89f ConstDB: 0 ShapeSum: 1394faeb RouteDB: 6998572b
Post Restoration Checksum: NetGraph: 81ae923b | NumContArr: 1bc8f2a | Constraints: c2a8fa9d | Timing: c2a8fa9d
Phase 1 Build RT Design | Checksum: 208bd169f

Time (s): cpu = 00:00:08 ; elapsed = 00:00:06 . Memory (MB): peak = 3166.133 ; gain = 0.000 ; free physical = 9771 ; free virtual = 39190

Phase 2 Router Initialization

Phase 2.1 Fix Topology Constraints
Phase 2.1 Fix Topology Constraints | Checksum: 208bd169f

Time (s): cpu = 00:00:08 ; elapsed = 00:00:06 . Memory (MB): peak = 3166.133 ; gain = 0.000 ; free physical = 9769 ; free virtual = 39189

Phase 2.2 Pre Route Cleanup
Phase 2.2 Pre Route Cleanup | Checksum: 208bd169f

Time (s): cpu = 00:00:08 ; elapsed = 00:00:06 . Memory (MB): peak = 3166.133 ; gain = 0.000 ; free physical = 9769 ; free virtual = 39189
 Number of Nodes with overlaps = 0

Phase 2.3 Update Timing
Phase 2.3 Update Timing | Checksum: 1ca74a863

Time (s): cpu = 00:00:11 ; elapsed = 00:00:06 . Memory (MB): peak = 3166.133 ; gain = 0.000 ; free physical = 9760 ; free virtual = 39180
INFO: [Route 35-416] Intermediate Timing Summary | WNS=-0.756 | TNS=-29.111| WHS=-0.144 | THS=-30.180|


Phase 2.4 Soft Constraint Pins - Fast Budgeting
Phase 2.4 Soft Constraint Pins - Fast Budgeting | Checksum: 293defa03

Time (s): cpu = 00:00:12 ; elapsed = 00:00:07 . Memory (MB): peak = 3166.133 ; gain = 0.000 ; free physical = 9751 ; free virtual = 39171

Router Utilization Summary
  Global Vertical Routing Utilization    = 0 %
  Global Horizontal Routing Utilization  = 0 %
  Routable Net Status*
  *Does not include unroutable nets such as driverless and loadless.
  Run report_route_status for detailed report.
  Number of Failed Nets               = 8495
    (Failed Nets is the sum of unrouted and partially routed nets)
  Number of Unrouted Nets             = 8494
  Number of Partially Routed Nets     = 1
  Number of Node Overlaps             = 0

Phase 2 Router Initialization | Checksum: 29e354495

Time (s): cpu = 00:00:12 ; elapsed = 00:00:07 . Memory (MB): peak = 3166.133 ; gain = 0.000 ; free physical = 9752 ; free virtual = 39172

Phase 3 Global Routing
Phase 3 Global Routing | Checksum: 29e354495

Time (s): cpu = 00:00:12 ; elapsed = 00:00:07 . Memory (MB): peak = 3166.133 ; gain = 0.000 ; free physical = 9752 ; free virtual = 39172

Phase 4 Initial Routing

Phase 4.1 Initial Net Routing Pass
Phase 4.1 Initial Net Routing Pass | Checksum: 28f2e0e8e

Time (s): cpu = 00:00:13 ; elapsed = 00:00:07 . Memory (MB): peak = 3166.133 ; gain = 0.000 ; free physical = 9756 ; free virtual = 39176
Phase 4 Initial Routing | Checksum: 28f2e0e8e

Time (s): cpu = 00:00:13 ; elapsed = 00:00:07 . Memory (MB): peak = 3166.133 ; gain = 0.000 ; free physical = 9756 ; free virtual = 39176
INFO: [Route 35-580] Design has 1 pins with tight setup and hold constraints.

The top 5 pins with tight setup and hold constraints:

+====================+===================+=====================================================================+
| Launch Setup Clock | Launch Hold Clock | Pin                                                                 |
+====================+===================+=====================================================================+
| clk_fpga_0         | clk_fpga_0        | design_1_i/tpu_zybo_0/inst/u_tpu_top/u_maxpool2d_unit/error_o_reg/D |
+--------------------+-------------------+---------------------------------------------------------------------+

File with complete list of pins: tight_setup_hold_pins.txt


Phase 5 Rip-up And Reroute

Phase 5.1 Global Iteration 0
 Number of Nodes with overlaps = 1233
 Number of Nodes with overlaps = 280
 Number of Nodes with overlaps = 95
 Number of Nodes with overlaps = 12
 Number of Nodes with overlaps = 6
 Number of Nodes with overlaps = 4
 Number of Nodes with overlaps = 0
INFO: [Route 35-416] Intermediate Timing Summary | WNS=-1.739 | TNS=-62.429| WHS=N/A    | THS=N/A    |

Phase 5.1 Global Iteration 0 | Checksum: 26592627b

Time (s): cpu = 00:00:20 ; elapsed = 00:00:11 . Memory (MB): peak = 3166.133 ; gain = 0.000 ; free physical = 9374 ; free virtual = 38794

Phase 5.2 Global Iteration 1
 Number of Nodes with overlaps = 410
 Number of Nodes with overlaps = 62
 Number of Nodes with overlaps = 18
 Number of Nodes with overlaps = 11
 Number of Nodes with overlaps = 6
 Number of Nodes with overlaps = 3
 Number of Nodes with overlaps = 1
 Number of Nodes with overlaps = 0
INFO: [Route 35-416] Intermediate Timing Summary | WNS=-1.468 | TNS=-64.523| WHS=N/A    | THS=N/A    |

Phase 5.2 Global Iteration 1 | Checksum: 192ba7066

Time (s): cpu = 00:00:23 ; elapsed = 00:00:13 . Memory (MB): peak = 3166.133 ; gain = 0.000 ; free physical = 8664 ; free virtual = 38084

Phase 5.3 Global Iteration 2
 Number of Nodes with overlaps = 354
 Number of Nodes with overlaps = 22
 Number of Nodes with overlaps = 12
 Number of Nodes with overlaps = 7
 Number of Nodes with overlaps = 0
INFO: [Route 35-416] Intermediate Timing Summary | WNS=-1.456 | TNS=-66.792| WHS=N/A    | THS=N/A    |

Phase 5.3 Global Iteration 2 | Checksum: 2fc1b8044

Time (s): cpu = 00:00:26 ; elapsed = 00:00:15 . Memory (MB): peak = 3166.133 ; gain = 0.000 ; free physical = 8720 ; free virtual = 38140
Phase 5 Rip-up And Reroute | Checksum: 2fc1b8044

Time (s): cpu = 00:00:26 ; elapsed = 00:00:15 . Memory (MB): peak = 3166.133 ; gain = 0.000 ; free physical = 8720 ; free virtual = 38140

Phase 6 Delay and Skew Optimization

Phase 6.1 Delay CleanUp

Phase 6.1.1 Update Timing
Phase 6.1.1 Update Timing | Checksum: 29733762e

Time (s): cpu = 00:00:26 ; elapsed = 00:00:15 . Memory (MB): peak = 3166.133 ; gain = 0.000 ; free physical = 8717 ; free virtual = 38137
INFO: [Route 35-416] Intermediate Timing Summary | WNS=-1.307 | TNS=-58.158| WHS=N/A    | THS=N/A    |

 Number of Nodes with overlaps = 0
Phase 6.1 Delay CleanUp | Checksum: 2f0d52eeb

Time (s): cpu = 00:00:26 ; elapsed = 00:00:15 . Memory (MB): peak = 3166.133 ; gain = 0.000 ; free physical = 8705 ; free virtual = 38125

Phase 6.2 Clock Skew Optimization
Phase 6.2 Clock Skew Optimization | Checksum: 2f0d52eeb

Time (s): cpu = 00:00:26 ; elapsed = 00:00:15 . Memory (MB): peak = 3166.133 ; gain = 0.000 ; free physical = 8705 ; free virtual = 38125
Phase 6 Delay and Skew Optimization | Checksum: 2f0d52eeb

Time (s): cpu = 00:00:26 ; elapsed = 00:00:15 . Memory (MB): peak = 3166.133 ; gain = 0.000 ; free physical = 8705 ; free virtual = 38125

Phase 7 Post Hold Fix

Phase 7.1 Hold Fix Iter
INFO: [Route 35-416] Intermediate Timing Summary | WNS=-1.307 | TNS=-57.260| WHS=0.010  | THS=0.000  |

Phase 7.1 Hold Fix Iter | Checksum: 2f43ec20d

Time (s): cpu = 00:00:27 ; elapsed = 00:00:15 . Memory (MB): peak = 3166.133 ; gain = 0.000 ; free physical = 8686 ; free virtual = 38106
Phase 7 Post Hold Fix | Checksum: 2f43ec20d

Time (s): cpu = 00:00:27 ; elapsed = 00:00:15 . Memory (MB): peak = 3166.133 ; gain = 0.000 ; free physical = 8686 ; free virtual = 38106

Phase 8 Route finalize

Router Utilization Summary
  Global Vertical Routing Utilization    = 4.779 %
  Global Horizontal Routing Utilization  = 5.9313 %
  Routable Net Status*
  *Does not include unroutable nets such as driverless and loadless.
  Run report_route_status for detailed report.
  Number of Failed Nets               = 0
    (Failed Nets is the sum of unrouted and partially routed nets)
  Number of Unrouted Nets             = 0
  Number of Partially Routed Nets     = 0
  Number of Node Overlaps             = 0


--GLOBAL Congestion:
Utilization threshold used for congestion level computation: 0.85
Congestion Report
North Dir 1x1 Area, Max Cong = 54.0541%, No Congested Regions.
South Dir 1x1 Area, Max Cong = 59.4595%, No Congested Regions.
East Dir 1x1 Area, Max Cong = 67.6471%, No Congested Regions.
West Dir 1x1 Area, Max Cong = 50%, No Congested Regions.

------------------------------
Reporting congestion hotspots
------------------------------
Direction: North
----------------
Congested clusters found at Level 0
Effective congestion level: 0 Aspect Ratio: 1 Sparse Ratio: 0
Direction: South
----------------
Congested clusters found at Level 0
Effective congestion level: 0 Aspect Ratio: 1 Sparse Ratio: 0
Direction: East
----------------
Congested clusters found at Level 0
Effective congestion level: 0 Aspect Ratio: 1 Sparse Ratio: 0
Direction: West
----------------
Congested clusters found at Level 0
Effective congestion level: 0 Aspect Ratio: 1 Sparse Ratio: 0

Phase 8 Route finalize | Checksum: 2f43ec20d

Time (s): cpu = 00:00:27 ; elapsed = 00:00:15 . Memory (MB): peak = 3166.133 ; gain = 0.000 ; free physical = 8680 ; free virtual = 38101

Phase 9 Verifying routed nets

 Verification completed successfully
Phase 9 Verifying routed nets | Checksum: 2f43ec20d

Time (s): cpu = 00:00:27 ; elapsed = 00:00:15 . Memory (MB): peak = 3166.133 ; gain = 0.000 ; free physical = 8678 ; free virtual = 38098

Phase 10 Depositing Routes
Phase 10 Depositing Routes | Checksum: 34ea1cf54

Time (s): cpu = 00:00:28 ; elapsed = 00:00:15 . Memory (MB): peak = 3166.133 ; gain = 0.000 ; free physical = 8241 ; free virtual = 37661

Phase 11 Post Process Routing
Phase 11 Post Process Routing | Checksum: 34ea1cf54

Time (s): cpu = 00:00:28 ; elapsed = 00:00:15 . Memory (MB): peak = 3166.133 ; gain = 0.000 ; free physical = 8222 ; free virtual = 37642

Phase 12 Post Router Timing
INFO: [Route 35-57] Estimated Timing Summary | WNS=-1.307 | TNS=-57.260| WHS=0.010  | THS=0.000  |

WARNING: [Route 35-328] Router estimated timing not met.
Resolution: For a complete and accurate timing signoff, report_timing_summary must be run after route_design. Alternatively, route_design can be run with the -timing_summary option to enable a complete timing signoff at the end of route_design.
Phase 12 Post Router Timing | Checksum: 34ea1cf54

Time (s): cpu = 00:00:28 ; elapsed = 00:00:15 . Memory (MB): peak = 3166.133 ; gain = 0.000 ; free physical = 8323 ; free virtual = 37744
Total Elapsed time in route_design: 15.45 secs

Phase 13 Post-Route Event Processing
Phase 13 Post-Route Event Processing | Checksum: 14c33c741

Time (s): cpu = 00:00:28 ; elapsed = 00:00:15 . Memory (MB): peak = 3166.133 ; gain = 0.000 ; free physical = 8402 ; free virtual = 37822
INFO: [Route 35-16] Router Completed Successfully
Ending Routing Task | Checksum: 14c33c741

Time (s): cpu = 00:00:28 ; elapsed = 00:00:15 . Memory (MB): peak = 3166.133 ; gain = 0.000 ; free physical = 8402 ; free virtual = 37822

Routing Is Done.
INFO: [Common 17-83] Releasing license: Implementation
460 Infos, 1 Warnings, 0 Critical Warnings and 0 Errors encountered.
route_design completed successfully
route_design: Time (s): cpu = 00:00:28 ; elapsed = 00:00:16 . Memory (MB): peak = 3166.133 ; gain = 0.000 ; free physical = 8323 ; free virtual = 37744
INFO: [Vivado 12-24828] Executing command : report_drc -file design_1_wrapper_drc_routed.rpt -pb design_1_wrapper_drc_routed.pb -rpx design_1_wrapper_drc_routed.rpx
Command: report_drc -file design_1_wrapper_drc_routed.rpt -pb design_1_wrapper_drc_routed.pb -rpx design_1_wrapper_drc_routed.rpx
INFO: [IP_Flow 19-1839] IP Catalog is up to date.
INFO: [DRC 23-27] Running DRC with 8 threads
INFO: [Vivado_Tcl 2-168] The results of DRC are in file /home/pah/fpga_cnn_accelerator/FPGA-based-CNN-Accelerator-for-autonomous-vehicles/src/synth/tpu_mnist_zyboz7/tpu_mnist_zyboz7.runs/impl_1/design_1_wrapper_drc_routed.rpt.
report_drc completed successfully
INFO: [Vivado 12-24828] Executing command : report_methodology -file design_1_wrapper_methodology_drc_routed.rpt -pb design_1_wrapper_methodology_drc_routed.pb -rpx design_1_wrapper_methodology_drc_routed.rpx
Command: report_methodology -file design_1_wrapper_methodology_drc_routed.rpt -pb design_1_wrapper_methodology_drc_routed.pb -rpx design_1_wrapper_methodology_drc_routed.rpx
INFO: [Timing 38-35] Done setting XDC timing constraints.
INFO: [DRC 23-133] Running Methodology with 8 threads
INFO: [Vivado_Tcl 2-1520] The results of Report Methodology are in file /home/pah/fpga_cnn_accelerator/FPGA-based-CNN-Accelerator-for-autonomous-vehicles/src/synth/tpu_mnist_zyboz7/tpu_mnist_zyboz7.runs/impl_1/design_1_wrapper_methodology_drc_routed.rpt.
report_methodology completed successfully
INFO: [Vivado 12-24828] Executing command : report_timing_summary -max_paths 10 -routable_nets -report_unconstrained -file design_1_wrapper_timing_summary_routed.rpt -pb design_1_wrapper_timing_summary_routed.pb -rpx design_1_wrapper_timing_summary_routed.rpx -warn_on_violation 
INFO: [Timing 38-35] Done setting XDC timing constraints.
INFO: [Timing 38-91] UpdateTimingParams: Speed grade: -1, Delay Type: min_max.
INFO: [Timing 38-191] Multithreading enabled for timing update using a maximum of 8 CPUs
CRITICAL WARNING: [Timing 38-282] The design failed to meet the timing requirements. Please see the timing summary report for details on the timing violations.
INFO: [Vivado 12-24838] Running report commands "report_bus_skew, report_incremental_reuse, report_route_status" in parallel.
Running report generation with 3 threads.
INFO: [Vivado 12-24828] Executing command : report_incremental_reuse -file design_1_wrapper_incremental_reuse_routed.rpt
INFO: [Vivado_Tcl 4-1062] Incremental flow is disabled. No incremental reuse Info to report.
INFO: [Vivado 12-24828] Executing command : report_bus_skew -warn_on_violation -file design_1_wrapper_bus_skew_routed.rpt -pb design_1_wrapper_bus_skew_routed.pb -rpx design_1_wrapper_bus_skew_routed.rpx
INFO: [Timing 38-91] UpdateTimingParams: Speed grade: -1, Delay Type: min_max.
INFO: [Timing 38-191] Multithreading enabled for timing update using a maximum of 8 CPUs
INFO: [Vivado 12-24828] Executing command : report_route_status -file design_1_wrapper_route_status.rpt -pb design_1_wrapper_route_status.pb
INFO: [Vivado 12-24828] Executing command : report_power -file design_1_wrapper_power_routed.rpt -pb design_1_wrapper_power_summary_routed.pb -rpx design_1_wrapper_power_routed.rpx
Command: report_power -file design_1_wrapper_power_routed.rpt -pb design_1_wrapper_power_summary_routed.pb -rpx design_1_wrapper_power_routed.rpx
Running Vector-less Activity Propagation...

Finished Running Vector-less Activity Propagation
480 Infos, 1 Warnings, 1 Critical Warnings and 0 Errors encountered.
report_power completed successfully
INFO: [Vivado 12-24828] Executing command : report_clock_utilization -file design_1_wrapper_clock_utilization_routed.rpt
INFO: [Timing 38-480] Writing timing data to binary archive.
Wrote PlaceDB: Time (s): cpu = 00:00:00 ; elapsed = 00:00:00 . Memory (MB): peak = 3166.133 ; gain = 0.000 ; free physical = 7122 ; free virtual = 36551
Wrote PulsedLatchDB: Time (s): cpu = 00:00:00 ; elapsed = 00:00:00 . Memory (MB): peak = 3166.133 ; gain = 0.000 ; free physical = 7122 ; free virtual = 36551
Writing XDEF routing.
Writing XDEF routing logical nets.
Write ShapeDB Complete: Time (s): cpu = 00:00:00.07 ; elapsed = 00:00:00.02 . Memory (MB): peak = 3166.133 ; gain = 0.000 ; free physical = 7168 ; free virtual = 36598
Writing XDEF routing special nets.
Wrote RouteStorage: Time (s): cpu = 00:00:00.28 ; elapsed = 00:00:00.06 . Memory (MB): peak = 3166.133 ; gain = 0.000 ; free physical = 7949 ; free virtual = 37382
Wrote PlaceStorage: Time (s): cpu = 00:00:00.47 ; elapsed = 00:00:00.17 . Memory (MB): peak = 3166.133 ; gain = 0.000 ; free physical = 8180 ; free virtual = 37619
Wrote Netlist Cache: Time (s): cpu = 00:00:00.01 ; elapsed = 00:00:00.01 . Memory (MB): peak = 3166.133 ; gain = 0.000 ; free physical = 8180 ; free virtual = 37620
Wrote Device Cache: Time (s): cpu = 00:00:00.02 ; elapsed = 00:00:00 . Memory (MB): peak = 3166.133 ; gain = 0.000 ; free physical = 8180 ; free virtual = 37621
Write Physdb Complete: Time (s): cpu = 00:00:00.79 ; elapsed = 00:00:00.25 . Memory (MB): peak = 3166.133 ; gain = 0.000 ; free physical = 8180 ; free virtual = 37622
INFO: [Common 17-1381] The checkpoint '/home/pah/fpga_cnn_accelerator/FPGA-based-CNN-Accelerator-for-autonomous-vehicles/src/synth/tpu_mnist_zyboz7/tpu_mnist_zyboz7.runs/impl_1/design_1_wrapper_routed.dcp' has been generated.
Command: write_bitstream -force design_1_wrapper.bit
Attempting to get a license for feature 'Implementation' and/or device 'xc7z010'
INFO: [Common 17-349] Got license for feature 'Implementation' and/or device 'xc7z010'
Running DRC as a precondition to command write_bitstream
INFO: [IP_Flow 19-1839] IP Catalog is up to date.
INFO: [DRC 23-27] Running DRC with 8 threads
INFO: [Vivado 12-3199] DRC finished with 0 Errors
INFO: [Vivado 12-3200] Please refer to the DRC report (report_drc) for more information.
Integrating Hard IP ELF/MEM with the PDI.
INFO: [Designutils 20-2272] Running write_bitstream with 8 threads.
Loading data files...
Loading site data...
Loading route data...
Processing options...
Creating bitmap...
Creating bitstream...
Writing bitstream ./design_1_wrapper.bit...
INFO: [Vivado 12-1842] Bitgen Completed Successfully.
INFO: [Common 17-83] Releasing license: Implementation
491 Infos, 1 Warnings, 1 Critical Warnings and 0 Errors encountered.
write_bitstream completed successfully
write_bitstream: Time (s): cpu = 00:00:11 ; elapsed = 00:00:24 . Memory (MB): peak = 3235.297 ; gain = 69.164 ; free physical = 7659 ; free virtual = 37092
INFO: [Common 17-206] Exiting Vivado at Fri May 22 23:36:21 2026...
