ffffee92
0000100e
ffffce75
ffffba69
ffffa305
ffffaf5d
ffffd587
ffffec53
fffff518
fffffc00
00000c1a
00000317
00001104
00000938
00001387
ffffe87b
ffffce0a
00000844
ffffc23e
ffff9be3
ffff8b91
ffff9276
ffffd7e9
000002b4
fffff96c
00000b46
000017be
00002208
00002e7a
00003993
00003f88
ffffe3cc
ffffc6db
ffffee37
ffffb138
ffffa427
ffffb6c2
ffffac56
ffffc468
ffffbab6
ffffb739
ffffdc64
ffffe9b8
fffffbe0
fffff2ec
0000047a
00000f57
ffffc894
ffffeb64
00002d3f
fffff379
ffffe031
ffffd14e
ffffe283
ffffd64f
ffffb005
ffffa93b
ffffcfe3
ffffe585
fffff1ec
ffffedd2
000007d7
000030f0
ffffd31d
ffffe29a
00003610
00000431
ffffb6de
ffffa862
00000361
fffff005
ffffdd51
ffffbf49
ffffbd2a
ffffba33
ffffe199
fffff0ff
00001a34
000051d1
ffffefa5
ffffd912
00003973
00002651
000021d8
fffff0f7
0000326d
00000b3d
fffff940
ffffe1bb
ffffb9db
ffffc38a
ffffded1
ffffedd8
00001b47
000052af
fffff810
ffffcc67
00002de0
000026ae
00004401
00002831
00004b06
000037c1
0000203d
00000900
ffffe771
ffffd325
ffffe475
fffffa71
00002265
000054fc
0000032f
ffffd364
00005728
00002696
00003bd9
00001d37
00002bf2
0000448c
00002814
fffffd11
ffffddf9
fffff0c8
00001146
00002f21
00005305
00006d3b
0000054a
ffffe506
000068be
000047ac
00004071
0000232c
00001d32
00002249
000016ef
ffffc571
fffff58a
0000157d
000015ce
000015c0
00004894
00004f95
ffffef62
ffffe763
0000640c
00004c6d
000046c0
0000267f
00002d77
00000c44
00000d6b
ffffeb11
ffffcf63
ffffd497
ffffd5b9
fffff3d7
0000153d
00002c86
ffffdf3a
ffffeaaf
00004df6
00002521
00003a7e
00004076
000042f8
00002932
00003191
00001828
fffff920
ffffd988
ffffc844
ffffc417
fffff1ee
0000158a
ffffe4cc
ffffd34d
00001c59
fffff9d2
000014a2
00003422
00003c99
00002db0
0000474a
00003623
00000797
fffff80d
ffffccae
ffffc00b
ffffd077
00000c6e
ffffe284
ffffbd2b
fffff7a7
ffffd93f
ffffd80d
ffffe7a1
ffffdefe
fffff927
00000477
000019cc
000005bf
0000038c
ffffe247
ffffd8a0
ffffce83
00000cad
fffffa95
ffff990b
ffffb14e
ffffa4fb
ffffbc47
ffffaab7
ffffae1d
ffffd55e
fffff775
fffff523
ffffde61
ffffd304
ffffc074
ffffd466
ffffacc6
fffff1fe
ffffe574
ffff99b0
ffffaa54
ffffb214
ffffa743
ffff9457
ffffa9d7
ffffb086
ffffe0bb
ffffef85
ffffde91
ffffd796
ffffc554
ffffe22d
ffffbbb7
ffffee5a
ffffed91
ffffbf9f
ffffd70e
ffffd4b8
ffffd531
ffffd811
ffffe163
ffffce7c
ffffdc81
ffffeca9
ffffe174
ffffe3a2
0000010f
00000153
ffffe883
fffffe69
fffff119
ffffef19
ffffe271
fffff5e8
000012fe
0000052b
00000b07
fffff356
fffff123
fffff869
fffff432
ffffdf0c
ffffec16
ffffe5cc
ffffd87e
ffffd382
ffffe9da
ffffe2ac
ffffe9e5
00002211
00003a1f
000027b6
000049d9
000005ff
ffffe991
ffffd26b
ffffd9f8
ffffd2ed
ffffd626
ffffc668
ffffcc0d
ffffcba2
ffffdbce
fffffd3c
ffffef39
000041f0
0000802d
00008865
0000a045
00004b75
00002411
ffffe0c6
ffffe4a0
ffffe543
ffffe2a8
ffffd50b
ffffdf4c
ffffe828
ffffec40
00000423
fffff5a5
000024f0
00005f39
0000aa43
0000c984
0000a633
00008649
0000114f
000003a9
00000d02
fffffe57
ffffff3a
fffff83d
0000056b
fffffff1
0000186a
00002507
00003fa5
000076bd
00009c9c
0000e006
0000a175
00009d54
00005bd7
0000225e
ffffff77
fffffe05
fffff471
ffffd157
fffff4d9
fffffc82
fffffa3d
00000c93
00001747
000045a2
00004747
0000a5b5
0000a8cf
0000c962
0000a421
00008eab
00003dc4
00001075
fffffd13
ffffd8c2
ffffe44d
ffffeeec
fffff4af
0000057a
0000296f
000043dd
00004989
000075a6
000085b9
0000c1f1
0000dff2
0000df64
00009204
000066f0
000040e9
00000063
fffff550
ffffedbf
ffffdcf4
ffffe501
00000cda
00001ca9
00004d90
00004606
00005087
00009e97
0000a310
0000b03c
0000944e
000068dc
00004141
fffffc77
ffffe20f
ffffdbe9
ffffda99
ffffd4db
ffffdccb
ffffde49
fffffe66
ffffeecf
00004c10
00007583
00006cf7
000076af
00006a60
000070ab
000053eb
fffff814
ffffdb90
ffffd5e5
ffffebaa
ffffddbb
ffffcd71
ffffb44a
ffffdb73
fffff716
00001793
00003d90
00003c2f
000043c9
000056e6
00004c42
0000496c
000012c6
fffff036
ffffdd0f
ffffeb1e
ffffdd5f
ffffde15
ffffbf49
ffffbaad
00000a71
00002b0f
00003d67
00002905
00003392
000024be
000033f2
00002c55
000001dd
fffff1ab
ffffdcf8
000000f3
ffffe571
ffffdbda
ffffea34
ffffd05c
0000165e
00004a9a
00001516
ffffdc4e
fffff1ec
00000343
00002b0f
00000d12
ffffe3b4
00000342
fffff557
00000f04
ffffe4ea
ffffd6f8
ffffd5fb
ffffd7d1
000009e5
000038c6
00001587
ffffdcf2
ffffd7a2
ffffd3d1
ffffd7bf
ffffe0d4
ffffcc33
ffffea46
ffffdfc4
00002042
ffffffe1
ffffe85e
ffffdb95
ffffd2f9
fffffdf1
000005ce
fffff21f
ffffd404
ffffbf9c
ffffbef1
ffffe1a5
ffffe713
ffffd122
ffffd937
fffff9bd
0000298f
00000d18
fffff931
00000792
0000137f
000011c6
00003781
0000250c
000001f2
ffffe987
fffffeb3
00000861
00001111
fffffd80
fffffb46
fffff1ad
00002139
00001afa
000001f6
00000a1a
00001c12
00002aff
0000270e
00001263
00001608
0000155d
00000ac1
000001f0
fffffcf0
fffffb8f
fffffe27
00000164
ffffc673
ffffaee4
ffffb54c
ffffadfe
ffffcf49
ffffdcf0
ffffaf8a
ffff9edc
ffff9d01
ffffa0e3
ffffa7d0
ffffb1d5
ffffa506
ffff9769
ffff90f8
ffffbc56
ffffc510
ffffaa24
ffff9bcf
ffffb7d6
ffffb32f
ffffdb18
ffffb12e
ffffae5b
ffffa307
ffffa4f8
ffffa423
ffff9f04
ffff888c
ffff66b3
ffff6985
ffff8ad0
ffffb426
ffff8fa9
ffff96da
ffffb55e
ffffb3d2
ffffb4a8
ffffc296
fffff8a3
00000055
fffff86d
fffff048
ffffd461
ffffb748
ffff906a
ffff96a6
ffff9e89
ffffaec2
ffff9cb4
ffff8d54
ffffe2ad
ffffc8c4
ffffc869
ffffcf30
00000368
000032e9
00001ca4
ffffee4c
ffffd1b6
ffffc497
ffffa66b
ffffad81
ffffb1f0
ffff9f0b
ffff9439
ffff74eb
ffffa3cf
ffff99fb
ffffb5f0
ffffca7d
00000322
00001d81
000000f3
ffffcbaf
ffffb39e
ffffb04d
ffffae38
ffffc51f
ffffc5dc
ffffbbc4
ffffae47
ffff6b8f
ffff315e
ffff35d4
ffff3702
ffff567e
ffff8478
ffffaae3
ffffc839
ffffd839
ffffcc55
ffffcf9f
ffffc4c7
ffffce1d
ffffd221
ffffd9d2
ffffc96d
ffff7d93
ffff35dd
ffff3191
ffff1efb
ffff1e2c
ffff2fcc
ffff7f4d
ffffbbae
ffffb30c
ffffa332
ffffcea5
ffffe655
ffffeb4c
ffffebc0
ffffc75e
ffff9e04
ffff5035
ffff264e
ffff2308
fffeffd4
fffefc24
ffff1147
ffff280c
ffff3eaf
ffff6066
ffff5189
ffff5d1e
ffff8074
ffff9987
ffffbdd5
ffffc96b
ffff9140
ffff48d9
ffff456d
ffff5386
ffff5c7f
ffff3f19
ffff300e
ffff392e
ffff2c3a
ffff4a03
ffff4f90
ffff496c
ffff6a48
ffff7d4e
ffffa576
ffffc4b3
ffff9374
ffff4bbb
ffff40f5
ffff379f
ffff3254
ffff22ac
ffff11e3
ffff6ffe
ffff5b89
ffff6721
ffff80f0
ffff93e4
ffff8a6a
ffffa85c
ffffac6c
ffffdb8c
ffffb716
ffff7603
ffff6e21
ffff486a
ffff3adf
ffff12f9
ffff08ce
ffff3ec7
ffff6993
ffff816e
ffffa99d
ffffd4da
ffffa935
ffffacac
ffff92f4
ffffeabf
ffffca4e
ffffa17a
ffff8a61
ffff7a21
ffff8886
ffff70a5
ffff25b3
ffff41c6
ffff7235
ffff91c9
ffffc05a
fffff2b8
ffffbb4f
ffffbbde
ffff9046
ffffe9e6
ffffba5a
ffffa0e3
ffff832e
ffff9281
ffff992d
ffff912a
ffff3c1e
ffff69d0
ffff9d21
ffffc46b
ffffde60
000005fd
ffffdc0d
ffffbe3d
ffffa0da
ffffe0bb
ffffaacf
ffff9219
ffff8b74
ffff7e49
ffff862c
ffff8cac
ffff6f1b
ffff8b0f
ffff9dc4
ffffacb0
ffffd770
ffffbe6f
ffff9abd
ffffafd8
ffffc437
ffffc7e9
ffff9192
ffff862f
ffff7b13
ffff831c
ffff8cf4
ffffa3ad
ffff9fc0
ffffc81c
ffffc01d
ffffd203
ffffcad5
ffffc449
ffffb7e3
ffffcc36
ffffdecc
ffffde23
ffffc867
ffffa812
ffffa87f
ffffa770
ffffafb3
ffffb893
ffffcc27
ffffcb9d
ffffc3f1
ffffc3b3
ffffd721
ffffc55a
ffffba43
ffffca54
ffffe45d
ffffd900
ffffb00e
ffff9075
ffffae71
ffffcd5d
ffffca32
ffffbfb5
ffffae2a
ffffa875
ffffb468
ffffb212
ffffb6bd
ffffaa60
ffff9d1b
ffffa24f
ffffbe55
ffffc062
ffffa2f6
ffffa50c
ffffea8f
ffffe86b
ffffc162
ffffc519
ffffaa6c
ffffa4e0
ffffa8bd
ffffb015
ffffb2a1
ffffa0c7
ffff82f8
ffffa0b7
ffffb0d6
ffffbe20
ffffa727
ffff96ba
ffffe3a3
ffffc5bd
ffffd325
000011f6
ffffe486
ffffd180
ffffb12c
ffffb8a1
ffffba56
ffffa27a
ffff8814
ffff9f68
ffffb41e
ffffc481
ffffccdb
ffffc06b
fffff4c0
ffffddac
ffffe894
00003aff
0000005d
ffffee70
ffffe573
ffffdbf9
ffffc79d
ffffad12
ffffa368
ffff9fb4
ffffcb14
ffffbeee
ffffd6da
ffffbc55
ffffaa16
ffffe53f
ffffe4ec
000007ee
ffffdc6c
ffffbf47
ffffc1a1
ffffb264
ffffa8ef
ffffa9ce
ffffb57e
ffffb061
ffffc24d
ffffd2f1
ffffe7e2
ffffa7a9
ffff7259
ffff909d
ffff7b04
ffffb73d
ffff96d7
ffffac12
ffffed69
fffff732
fffff43f
fffff929
ffffe7cb
ffffdcea
ffffd246
ffffec6a
ffffee3e
ffffca6d
ffff9b8b
ffffac8e
ffff88c6
ffffaff2
ffff9824
ffffc281
ffffdb7f
ffffffad
00000740
fffffeee
0000014d
fffff734
ffffd97a
ffffdb35
ffffdb6f
ffffb7d9
ffffad78
ffffc918
ffffacb2
ffffa580
ffffa3b4
ffffe22f
ffffdb46
ffffdd37
ffffca80
ffffb038
ffffa58b
ffffb910
ffffcb93
ffffcf9e
ffffb7d3
ffff7617
ffff7491
ffff9a43
ffff8f9d
ffff9ef0
ffff9d56
ffffea96
ffffe48b
ffffd6e8
ffffb9d1
ffff94ba
ffff9368
ffffa776
ffffc60f
ffffc33a
ffffba25
ffff849c
ffff861d
ffff97f0
ffff89b3
ffff7e01
ffff8c81
ffffa9ea
ffffb1bd
ffffa5a8
ffffad05
ffffb554
ffffa7b3
ffffbdc6
ffffd4a4
ffffc4de
ffffbb16
ffffa2b4
ffff9b06
ffffa193
ffff73b1
ffff8573
ffff76a2
ffff869c
ffff9331
ffffa854
ffffb695
ffffbcc5
ffffb3cc
ffffcc00
ffffcf71
ffffdcd6
ffffcff1
ffffa865
ffff9d7d
ffff9175
ffff7b17
ffff87af
ffff6f57
ffff6cb9
ffff6373
ffff8aac
ffffa21a
ffffbeae
ffffb24d
ffffbc4e
ffffd1eb
ffffe5c4
ffffe688
ffffb978
ffff89fc
ffff8da4
ffff97e9
ffff782c
ffff6f5f
ffff8254
ffff8545
ffff85a0
ffff9181
ffffc7a8
ffffcbb8
ffffc57c
ffffd584
ffffe642
ffffd488
ffffb095
ffff7e4e
ffff64d8
ffff68dc
ffff5d87
ffffa0d9
ffffa77e
ffffa0e6
ffff8dde
ffff8bb6
ffff99db
ffffae80
ffffbc9c
ffffd2b4
ffffd40a
ffffaafa
ffff9ea4
ffff837b
ffff78e0
ffff7fc3
ffff9644
ffffbd73
ffffb477
ffffb2e7
ffffb18f
ffffa66b
ffffa793
ffff9e36
ffffb79a
ffffcfc8
ffffd4d6
ffffbd5d
ffffab5a
ffff9ddb
ffff99b7
ffffa02e
ffffa878
ffffc72e
ffffc396
ffffc60e
ffffbda5
ffffadb3
ffffa6cc
ffffa35f
ffffc5d6
ffffcd27
ffffc7bb
ffffba5f
ffffc6d7
ffffe528
ffffe95d
ffffcbf4
ffffbcdb
ffffc0ee
ffffc176
ffffcfa8
ffffd274
ffffcc77
ffffc91b
ffffbf72
ffffc545
ffffd07a
ffffb923
ffffa899
ffffc4ec
000006d5
fffff9cf
0000035b
ffffeb96
ffffc96d
ffffb99f
ffffcc9f
ffffcd5f
ffffc5c4
ffffc116
ffffbacd
ffffc078
ffffd40a
ffffcc93
ffffb741
ffffbd8a
ffffe8a0
fffffe77
00002a94
00003364
00000262
ffffe1fb
ffffe9da
fffffc9b
fffff248
ffffeab2
ffffdd6e
ffffcd45
ffffe3b0
ffffe17e
ffffe8b1
fffffebe
00001389
000036b3
000034bb
00005ea3
00001b01
ffffe28b
ffffdf0e
00000115
00000918
fffffed7
ffffe6a7
ffffdcd4
ffffe932
ffffd453
ffffe723
00001cb4
000015c8
ffffd815
fffff0e2
000004c9
fffffacd
ffffb966
ffffd232
ffffee72
00000413
00000002
ffffe197
ffffe157
ffffdd1c
ffffd2b4
fffff47e
00002be7
00002639
fffffcec
ffffde4a
ffffe712
ffffdd57
ffffdba5
00000367
00000340
0000131f
fffffdd6
ffffd73e
ffffc702
ffffd7ed
ffffce54
ffffe2db
0000124a
00005e4a
00004b15
fffff317
ffffe1d2
000001e3
00001396
00002c61
00003aee
00003c1a
0000051a
ffffc98d
ffffba78
ffffccbb
ffffc3ea
ffffc4ee
ffffe3ff
00002db5
00004b6d
fffff415
ffffd6a2
00001040
000030cc
00004d2b
00004756
00004b71
0000109a
ffffdc92
ffffc400
ffffd875
ffffbf23
ffffb206
ffffc5a1
ffffdf54
000022d2
ffffdcba
ffffcb21
00000943
000027d0
00002b94
00002ca1
00001dfe
000000ec
ffffe2b9
ffffc999
ffffcad7
ffffcdf2
ffffc10a
ffffcf79
ffffcf9b
ffffec18
ffffc261
ffffbf83
ffffd913
00000beb
0000120c
00001bc7
000011d5
0000202b
00000416
ffffdf8d
ffffcd00
ffffca9b
ffffc3e4
ffffd576
ffffcd68
fffff278
ffffe517
000003ef
ffffe66a
ffffd473
ffffe5cd
00000732
00000b8d
0000175f
00000c32
fffff5a6
ffffe0e4
ffffc438
ffffb18e
ffffc2d8
ffffc048
ffffde76
0000104c
000025ba
000005a9
ffffe6bb
ffffa580
ffffdc6c
00000be3
0000261e
fffff5f5
ffffe567
ffffd333
ffffc671
ffffb9ac
ffffb659
ffffbd42
ffffc9c5
000001d1
000036fa
00001a51
ffffd375
ffffacd9
ffffb583
ffffcd0a
00001053
fffff4bb
ffffe9fd
ffffd36e
ffffc872
ffffad77
ffff9124
ffff88ac
ffff991c
ffffcc90
00000a31
fffffd80
ffffc9dd
ffffb776
ffffa40d
ffff9f95
ffffc1fc
ffffb955
ffffc813
ffffc47b
ffffccf3
ffffbbf3
ffffa718
ffff9655
ffffa851
ffffcabf
ffffe386
fffffbfd
ffffde6c
ffffb62e
ffffaa67
ffffaf74
ffffd3f6
ffffbdc1
ffffc962
ffffca63
ffffe6d6
ffffdbf0
ffffcb8d
ffffc720
ffffde7e
ffffe630
ffffee7d
ffffee83
ffffcf46
ffffbf81
ffffc300
ffffca91
ffffc7e9
ffffbfc5
ffffc67e
ffffd292
ffffbf6a
ffffb61e
ffffaa4b
ffffab05
ffffba76
ffffc7b0
ffffaa85
ffffb7ca
ffffbb5a
ffffad83
ffff9ecd
ffffa042
ffffac58
ffffaa92
ffff9e12
ffffa376
ffffcf16
ffffac30
ffffb37b
ffffc1aa
ffffd3f3
ffffd912
ffffc162
ffffc513
ffffcd93
ffffc687
ffffaf8a
ffffa596
ffffae2e
ffffad64
ffff9fbb
ffff9845
ffffce54
ffffa8bd
ffffae8f
ffffb472
ffffd61f
00000995
ffffdb68
ffffc28e
ffffab2e
ffffa110
ffff942e
ffff964e
ffffadaf
ffffbfd8
ffffc05e
ffffb634
ffffc162
ffffaec2
ffffe030
ffffd4bb
fffff23e
00004497
0000116e
ffffe960
ffffca29
ffffaddf
ffffbef4
ffffabf5
ffffc06c
ffffc478
ffffcd78
ffffd09c
ffffad86
ffffabb3
00001509
00001c88
00004c2e
000094a0
000034ee
000041f2
000015d1
fffffc41
ffffd6c8
ffffb129
ffffc43b
ffffc497
ffffcf54
ffffe7ef
ffff9cb8
ffff870d
ffffdda5
ffffff74
00003ac3
000062e1
fffff403
00002958
0000287d
000039cb
fffff67a
ffffbebf
ffffaaad
ffffa57c
ffff9b44
ffffaf7f
ffffaa30
ffff93e3
ffffbb44
ffffc6b4
fffff176
00000583
000001f9
000012d8
0000383f
00007219
00006903
000021e3
ffffefa7
ffffd09e
ffffaba5
ffffa6e5
ffff9c4e
ffff9cab
ffffbae9
ffffd09e
ffffe1e5
ffffde7f
00000252
000046c6
00004cad
0000782a
00007f63
00005cc7
0000335f
ffffff3c
ffffa59b
ffff9c59
ffffb0d2
ffffb661
ffffca1b
ffffd2b9
ffffe83c
ffffca46
000032ea
00006e69
00005115
0000494f
00004931
00006278
0000405d
fffff00f
ffffb370
ffffa29d
ffffc61d
ffffd37d
ffffd643
ffffd116
ffffcc3c
ffffc6df
00001378
00006c2f
00007067
00003854
000032e3
0000561e
00005cf1
fffff817
ffffbd6b
ffffa251
ffffc935
ffffdd41
ffffdf4f
ffffe066
ffffeb03
ffffee1a
000011ad
0000188b
000011ac
000039d7
000032f9
00003894
00004a4b
fffff228
ffffaae7
ffffa5b3
ffffbe55
ffffc3bf
ffffeae4
fffff65f
0000071c
00000710
0000014f
ffffce29
ffffd210
00000f95
00002b3a
00003079
000013dd
ffffe008
ffffbc2c
ffffbca5
ffffc012
ffffa3d4
ffffba73
ffffc306
ffffde51
00002815
0000273c
ffffeae9
ffffd6b0
ffffe15f
ffffe8b2
000017c1
000016fe
fffff56d
ffffcbf4
ffffdbf7
ffffc539
ffffa1af
ffffa76d
ffffc402
fffffab1
000022d3
00003db7
00002731
ffffe54b
ffffd628
ffffbeb0
ffffcf99
fffff4f1
00000ff3
000003c0
000003a6
ffffdb16
ffffd402
ffffb971
ffffd556
0000067b
000027d5
000020d4
0000066a
ffffdd29
ffffced0
ffffd86c
fffff6c1
00000e80
00002250
00002862
000009aa
ffffd949
ffffbefb
ffffab0c
ffffc7af
ffffd2a3
ffffde28
ffffdeb7
ffffc45c
ffffb46c
ffffbb47
ffffc1d8
ffffd353
ffffe261
ffffdc37
ffffdc0a
ffffcb04
fffff52e
ffffdc5c
ffffd778
ffffd08e
ffffe7fd
fffff098
ffffdb93
ffffe8f5
fffff2fb
ffffef51
ffffe1d4
ffffe323
ffffe894
ffffe73b
ffffe7ba
ffffeffd
ffffe01c
ffffbe4e
ffffcb47
ffffb7e1
ffffd218
ffffdf1d
ffffcfa4
ffffeb78
ffffede1
fffff13d
ffffe0d6
ffffe317
ffffe06e
ffffdf83
ffffe342
fffff0b4
ffffe80e
ffffdd6a
ffffe078
ffffd4b5
ffffda89
fffff773
fffff18b
fffffbd3
fffff141
ffffe37c
ffffd60a
ffffdf89
ffffe52d
ffffef81
00000dc5
000015a6
ffffeb0e
ffffe571
ffffe620
00000437
000029be
00002b8a
00001f44
00000615
ffffec0c
ffffe09e
ffffd38e
ffffd782
ffffe3f1
ffffe3ea
000017b0
00002c1d
ffffddd2
fffff366
000036d0
00005bcd
000076bc
00007f17
0000666e
00004360
ffffff67
ffffe49f
ffffc7f0
ffffc198
ffffcb97
ffffd090
00000b0c
00003094
ffffcc55
00000a29
00005648
0000511d
000056e0
0000876a
00007622
00004479
00004f16
000028a8
00000f9b
fffff137
ffffe68e
ffffca4d
00000336
00001534
ffffd70a
00000d8a
000037d5
00003801
00004420
00005ee9
00006e67
0000645f
0000651c
00006967
00005159
00001edb
000005eb
ffffdece
ffffff68
fffff5ad
ffffd37e
fffff3eb
00004562
00006378
00004a63
000045a3
0000681e
000065c4
00005020
000059af
000049b4
000044ae
00002646
ffffeeb7
ffffee2a
ffffde4b
ffffe446
000007f9
000052c1
000062db
000047f0
00005def
000070ff
00009796
00007879
00005b92
00005db9
0000625f
000061e3
00001160
000000d0
ffffd7f2
ffffe863
00000a3e
000039ef
0000414d
00003646
00005d90
00007117
00009a9e
00008183
00006c96
00006f0a
000083fd
000074ce
00002c55
00000d0d
ffffe9f3
ffffdf2e
fffff7bf
000039f1
00002bfb
000040c9
00004f66
000052d0
00003b5b
000024db
000039f9
0000530c
0000741d
00005e3b
00002d9c
00000fbc
fffff6ee
ffffd46d
ffffdee8
00001cf8
00002c9e
00003cc9
0000505b
00002aab
000003da
fffff11e
0000028a
00003a43
00005485
00002c14
00001f14
000006a6
00001492
ffffcc40
ffffcf3b
fffffb14
00000a08
0000296b
00004d48
00002e0e
fffff042
ffffce1a
fffffb84
00000a91
00001691
000025d3
00002cc3
00000e99
0000233c
ffffd4f2
ffffc1d3
fffff016
000008de
0000327b
000042c1
00003a80
fffff76d
ffffcc3a
ffffd0c1
ffffed70
fffff747
000003d5
00001f48
000027a8
00002dac
fffff810
000001f0
0000158f
00003b6f
00004ef1
000061fc
00005f9c
00004ffd
0000386f
0000234c
00002804
000024d6
000039aa
0000419d
00004f45
00004330
0000019d
00000e3d
000019ee
00003434
000049b2
000044b5
00004769
000045b2
00003977
0000365e
00003989
0000320d
00003694
00003634
00004d9a
000034e6
ffff9f87
ffff9e3c
ffff8f84
ffffaf02
ffff9ce3
ffff9ecd
ffff792d
ffff6f28
ffff6fb4
ffff67b5
ffff6360
ffff6ef5
ffff7343
ffff6ffa
ffff783c
ffff8702
ffff9765
ffff96ae
ffffa465
ffffd9b0
ffffa85f
ffffa732
ffff5f63
ffff6d2f
ffff70e8
ffff863d
ffff7c67
ffff76b1
ffff7455
ffff6a94
ffff56d1
ffff71b4
ffff812d
ffff7eb1
ffff7d3f
ffffdf85
ffffb8a9
ffffce4f
ffffab3d
ffff77a6
ffff5e63
ffff7027
ffff73b5
ffff9778
ffff961b
ffffa9c6
ffff89c5
ffff8b87
ffffa7fe
ffffc1c7
ffffb8ce
fffffd3f
fffff4ec
ffffd0b1
ffffa78a
ffffaf12
ffff7cb5
ffff9991
ffff8f29
ffffa94b
ffffa914
ffffab99
ffff9de6
ffffa44e
ffffbc5a
000004c4
fffffe02
00003513
000019f0
ffffee78
ffffdf5c
ffffd694
ffff9d54
ffffbb05
ffffb180
ffffb9f8
ffffb810
ffffc305
ffffc523
ffffb6f2
ffffd197
00002895
0000536d
000088ce
0000999c
00005295
00002214
fffffaef
00001251
000024a2
00003a1f
00003ac1
0000278c
000015a2
000003ae
ffffd226
ffffc0f5
ffffdf1e
000014e8
00004784
00008e10
00007c86
00007f31
00004ea0
000068c5
000059b8
00004829
000055d7
00003b7b
0000271b
fffffa1b
ffffc623
ffffa5ed
ffff9ff1
ffffdde4
ffffe8e8
00002ccb
000073d9
000088d9
00009d5b
00008c2a
00006fac
000058f6
00005765
000065d1
0000227d
ffffd49a
ffffb366
ffff9084
ffff8770
ffffbe48
ffffbee2
ffffe366
00004f1a
0000826b
0000b396
00009bcf
00006aed
00005097
00004e78
00005c0d
00002a3b
ffffdc2c
ffffb924
ffff8c5d
ffff7b71
ffffbc8f
ffffcb60
ffffdd77
00003042
00007632
00009015
00006e49
00003ab3
000040c8
000051a3
00006bc2
0000392f
ffffd592
ffffa049
ffff8737
ffff70fd
ffffa7c5
ffffb798
ffffbe0c
000004c8
00003e73
00004f14
0000259b
fffff88d
0000076e
00002086
00003b52
00002606
ffffc4bd
ffff88d6
ffff8bae
ffff76a4
ffff8c6a
ffffa3b2
ffffb848
ffffd6e3
fffff21c
fffffa9b
ffffe373
ffffcdc1
0000011c
fffff6b1
fffff6c5
fffff2ac
ffffb875
ffff9c81
ffffa878
ffff9377
ffff8f89
ffffa876
ffffb020
ffffd3ac
00000959
000001cf
fffffc55
fffff694
0000334f
000007a1
fffff935
ffffed48
ffffe05f
ffffbc8b
ffffb86a
ffffb72b
ffff7adf
ffff6695
ffff8139
ffffddbd
00001099
fffff23c
ffffd945
ffffb73f
ffffcfae
fffffbb9
00003372
000040c4
00001ca1
ffffc047
ffff8c3f
ffff9d68
ffff99bf
ffff85c0
ffffa7de
ffffd354
000001ec
fffffabf
ffffd2d7
ffffcc6a
fffffb23
000006bb
00001a85
ffffefbe
ffffde5c
ffffb081
ffff97dd
ffff7526
ffff7972
ffff6935
ffff70ef
ffff8eba
ffff9601
ffff8f05
ffff866b
ffff9b85
ffffb897
ffffb7c9
ffffce1b
ffffc577
ffffc85c
ffffbbcd
ffffd075
ffffea51
ffffdd9d
ffffe91a
ffffc5a2
ffffb6d1
ffffcdd4
ffffce9c
ffffd093
ffffdf5d
ffffe2fd
ffffd598
ffffbdb3
ffffaf20
ffffb91e
ffffcd11
ffffc45a
ffffc86b
ffffe6e5
fffff8eb
ffffbb10
ffff9041
ffff9941
ffffb339
ffffb8ff
ffffb5c8
ffffc249
ffffbfe2
ffffa8ee
ffff8cbb
ffff8946
ffffad20
ffffba8e
ffffb23a
ffffebb9
ffffe94a
ffffb235
ffff6754
ffff698b
ffffaf71
ffff984f
ffffbd80
ffffb332
ffff9f37
ffff8af9
ffff73a9
ffff6549
ffff9d4e
ffffdccc
0000130c
00002f4d
ffffcf9f
ffffa82f
ffffc306
ffffaa22
ffffe60b
ffffe5ff
ffffff88
ffffe7ce
ffffdb8f
ffffc611
ffffac88
ffffad4a
ffffbe11
ffffdb45
fffffae3
00001ab3
ffffdd56
ffffc3d6
fffff03f
fffffc84
00001c34
000029b8
00003579
fffffd9b
ffffe24d
ffffd0d2
ffffcac4
ffffcb5c
ffffd6fd
ffffdba6
ffffeb02
ffffecb1
000008f0
ffffe768
fffff934
00004162
00002f92
0000212f
00002a26
00001cad
fffff15b
fffff56d
000001fa
fffffa0e
fffff288
ffffde7a
ffffc5e4
ffffa868
ffffc473
00001a8c
0000088d
ffffbf52
ffffd816
ffffb928
ffffc3c6
ffffbad9
ffffa9f4
ffffabbc
ffffda0a
fffff3ec
00000f18
ffffde63
ffffb8d2
ffffa080
ffffd209
000039ca
00000263
ffffac7e
ffff8dac
ffff6d3e
ffff6aab
ffff5c21
ffff7083
ffff7ed0
ffffbabd
ffffe937
0000050d
ffffd221
ffffd0be
ffffbd32
000001df
000036d1
00003428
ffffbf28
ffff9832
ffff83c9
ffff9c31
ffffa098
ffffb03f
ffff8c42
ffff8c54
ffffcbcf
ffffe7e0
ffffc457
ffffcf3c
ffffcce3
000021fb
00003535
00004d32
ffffecb1
ffffcc3f
ffffa94d
ffff9b39
ffffb531
ffffc6d6
ffffb9df
ffffa745
ffffb26b
ffffdf56
ffffba15
ffffba09
ffffd2cc
fffffbb3
00001c99
00003681
00002f8c
ffffed8b
ffffc1b8
ffffbff0
ffffc1ad
ffffb6e6
ffffb268
ffff9f48
ffffa2ca
ffffd834
ffffb224
ffffa6eb
ffffad3e
ffffca38
fffffad7
00000b83
000025a1
00000b86
fffffd3d
00000471
000012d3
ffffe7f0
ffffbffd
ffff9df1
ffffc11a
ffffe101
ffffc482
ffffb61b
ffffabb1
ffffa892
ffffc8d1
ffffc135
ffffe150
fffff2ed
000015d7
000018b6
0000356a
0000032d
ffffc0d8
ffff99c3
ffffc0d7
ffffdfe0
ffffcbae
ffffbd2c
ffffc18d
ffffc0e0
ffffb52d
ffffcbae
ffffd9e7
ffffe145
ffffc81a
ffffe1cd
00001a38
00000bce
ffffec86
ffffb5ff
ffffd12b
ffffda88
ffffee7f
ffffed73
fffffe78
000016c2
00002bc0
00001d5f
fffff3e2
ffffebb1
00000759
00001b1a
00003cb1
0000673a
000039af
ffffde5a
fffff12d
ffffd95b
ffffed32
fffff13f
fffffaf2
0000123c
000015c2
00000594
0000025a
ffffefb9
ffffeaab
fffffc03
0000057d
00000b03
00000a96
ffffeed4
fffffdc0
00000278
ffffcd06
ffffdc5d
ffffcaa6
ffffabf3
ffffbfe2
fffffe5b
00001111
fffff968
ffffead3
ffffe846
ffffd986
ffffdb68
ffffdefe
ffffe70b
ffffede9
ffffd02d
fffff730
0000119b
ffffdea4
ffffc768
000008e1
000051ce
000068c0
0000546f
000045c8
00003772
00002821
00002640
00001d7e
00004427
00005e15
00001b31
ffffc4af
fffffc4e
ffffc6af
00002884
00008778
000063bc
0000499b
00003acc
00001360
fffff42d
0000020c
ffffea67
ffffd7c2
ffffed6e
00001578
fffff519
ffffc8a8
ffffeca5
ffffb7be
000040e1
00006955
00005cfa
00002744
00000ad6
fffffd82
ffffe4d8
ffffeac1
ffffde99
ffffd310
ffffcec7
ffffe63d
ffffd44b
ffffc096
ffffeafe
ffffa071
00000349
00002110
00000275
fffff717
000006db
ffffd28a
ffffdd40
fffff9e9
fffff687
fffff36d
ffffeb75
ffffd999
ffffc74f
ffffc040
ffffdc2e
ffff8e3a
ffffcf4d
00000556
00000c13
fffff008
00001db6
00000c1c
00000fae
000008b2
00000dc7
fffffc46
fffffb0c
fffff863
ffffc3b6
ffffb984
ffffe5a3
ffffc26b
ffffee4d
00001521
ffffde3c
ffffb5ec
ffffd56e
ffffe673
ffffd30e
ffffe6dd
fffffb32
fffff39c
ffffdedc
ffffeb94
ffffbf2a
ffffde1b
00000656
ffffdefa
00000a1b
000012ba
ffffbe9e
ffffaf1e
ffffb5cc
ffffabb2
ffff9c24
ffffc8c4
ffffcec2
ffffccd9
ffffd66a
00000d15
ffffd2e7
ffffe665
000014f3
ffffedaa
00002991
000037bc
ffffe6e1
ffffb2c7
ffff9cb6
ffff7c4d
ffff85f3
ffffc28a
ffffe526
ffffed4d
ffffdf0a
00000c67
ffffd7d3
fffff3e4
000019b3
ffffef5d
00002b9a
00002ae6
00000c2b
ffffa56a
ffff570d
ffff70e6
ffff88a0
ffff930b
ffff9fc9
ffffb975
ffffd520
00001e41
fffff89c
00000129
00001767
ffffe1c2
00000108
00000e92
000006c6
ffffcb4e
ffff8179
ffff7cbf
ffff98ec
ffffa80e
ffffb20b
ffffbd73
ffffda18
00003b86
00000679
00000a90
0000189f
ffffee33
000000fb
fffff6c1
00002807
00003fd1
ffffefc3
ffffc036
ffffc364
ffffac1a
ffffbbc2
ffffc74d
ffffd969
000022a2
000000d7
00001266
00001163
ffffee11
000001e7
fffff3b3
fffff665
fffff7cd
ffffe5db
ffffdc82
ffffdc43
ffffb94e
ffffb6a2
ffffd6ec
ffffe255
00001951
fffffdff
000014f5
00001377
ffffecde
fffffdf3
fffff250
ffffe5e7
ffffedd4
fffffdc2
fffff5b6
ffffeece
ffffcb8e
ffffc2fb
ffffb5e3
ffffad46
ffffe557
ffffe0e3
0000108c
000007d6
ffffe649
ffffd63a
ffffc035
ffffbd50
ffffd90c
ffffcd89
ffffdc16
ffffd8e3
ffffc830
ffffb4de
ffffb3da
ffffa0fe
ffffc943
ffffd56b
00001a4b
fffffe6b
ffffdaa6
ffffcebd
ffffc207
ffffcabc
ffffd494
ffffcbf3
ffffe3b4
fffff724
ffffcb34
ffffbbd5
ffffba26
ffffb4aa
ffffd442
ffffd517
000007f2
fffffdaf
000023c5
00003ea9
00004457
00003d56
00001f2c
0000108d
0000058f
00000d95
00000a92
00000bed
000009ba
fffffc5a
fffff09a
ffffff85
00000d5d
000022d6
000068b3
00006f1a
000077df
000063c0
000035e6
00002280
00001edb
000021ac
00001d59
00001407
00001b0f
00001c2e
000014cf
00001950
fffffb17
00002c34
000077d3
00007dd8
00007bc5
000062a5
00004e34
00001c32
fffffd3f
0000107b
00000819
00001697
00001fb7
00002651
000023ff
000020cc
0000131a
00005d9f
000090a7
00004988
0000438e
0000722e
00005391
00001b55
ffffdd04
ffffefd4
ffffe3a4
fffffe1b
00001647
00001caf
00001c8e
00002c1f
0000274f
000068dc
00006e16
00000c33
0000217b
0000601a
00005613
00004be0
fffff995
fffffbec
000009ac
0000214a
00002aff
00001d78
0000187c
00003083
00000ba8
00005e08
000062a5
00002864
0000149e
00005017
00006355
000050c8
0000340c
0000420e
0000574f
000047c6
000033a6
0000141a
00001eae
00003915
fffff335
000031db
000086b2
000070c9
00003eec
0000394a
000043fc
00003439
000029a5
00005b1c
00006486
00005fa6
00004c89
000016ac
00001b89
000028f4
fffff007
0000273d
00006a4e
0000813c
000046bd
00002e78
00003e49
0000525d
00006a89
00007d76
00006b4d
00006b12
00004700
000003f1
000006f7
00000baa
fffff377
000013cc
00004bae
00003cd1
00000570
fffff571
00000b44
00004c3a
000098fc
0000aea5
0000afaa
0000c4de
000080d9
00002f8e
00001b7f
00000dca
fffffb90
0000114e
000040ff
00003025
000004ca
ffffe065
fffff255
00001408
00003024
0000532e
00008945
0000b62e
00009fac
00005c69
00003390
00001402
fffff969
fffffbbd
0000357d
000043cf
00001396
00002023
00003f87
00000dfc
fffff3d9
fffffe65
00003eba
00006256
00005f37
000041cd
000022e5
00001ab2
00000344
fffff74e
00001669
00002339
00001fed
0000347a
00003630
fffffc9c
ffffdb68
fffffa1c
000022ad
00002454
000023ef
00000aa2
fffffd63
0000194e
fffff762
fffff563
000006d5
00000d48
0000350a
00005f09
00007e38
000067b9
00003461
0000118e
fffff066
fffff0e3
fffffcd0
fffff1ed
000004e0
00002697
fffffa79
fffff715
ffffe428
ffffee76
00000ec1
00004188
00006c0f
00005960
0000151c
00001f22
0000019c
fffff455
fffff940
0000040f
00001801
00003df2
fffffef4
00000d62
fffff97d
00001284
00001fda
00003978
00004b3b
00003cf3
00001851
00002a07
00002c80
00002a37
00001982
0000069b
000030cd
00003e65
00000ff2
000017f2
00000f04
0000142f
0000246d
00001f38
00001922
00001e93
000009a4
00001499
00001ecc
00001789
00001cc1
fffffb6e
0000177b
0000372c
00002082
00001bf3
00001462
000013a9
0000056d
00001ef0
000016b6
00001235
000011f2
00000c62
00000b04
00000b72
000001af
fffff71c
00001112
0000158c
000037ce
0000439c
00003718
00002470
000010a3
000003c2
000006bc
00001369
0000104e
00000b91
00000a8d
00000bbc
00000a07
0000063e
00002c2b
00002323
00004cb7
000056de
00002459
00002366
0000051f
ffffcc55
ffffecac
ffffee5e
fffffe4e
00000844
000021a2
00001e5d
00001de5
000017b5
00001f7b
00003623
00006576
000065c4
000040d7
00002137
00003443
000008f2
00000beb
ffffdb33
000016bc
0000263a
00004d8f
000034d2
00004112
00003074
00002887
000047cf
00004fde
00003802
00001c71
00002304
00004da2
00002abe
ffffff40
ffffe6e0
ffffdf81
ffffec9f
000004eb
0000105d
0000194d
0000089a
00001a77
000042a7
00003840
00000a8d
000007ca
00002909
00000171
00001e81
00003c35
00002a60
00001975
00000506
000034ab
000035b8
000030a1
00000987
00001594
0000430f
00001c33
00000876
00001227
00000d82
ffffc591
ffffea3c
00001109
000068e2
0000696e
00005cf7
000077fe
000085a1
00004a67
00002f52
00002b27
000046c0
00001cf3
000032cf
0000237b
00001562
ffffbecd
ffffe351
fffff389
00003821
00004606
0000649b
000096f6
0000a617
0000714f
000054c1
000039e0
00004130
00002961
00002ac8
0000175c
00001c34
ffffcbeb
ffffc0f5
ffffda82
0000121c
000020ff
00003d83
00006941
00008d21
00008927
000066ff
00003e20
00003461
0000324c
00002ad3
000028dc
00001425
ffffd5d7
ffff9617
ffffbcbf
ffffc6af
fffffc52
000014cb
0000217f
00003450
000050e5
000039fa
00002471
000026fc
00004030
00003807
00000d95
00002701
fffff2e7
ffffca1c
ffffd314
ffffe054
ffffe9f5
fffff099
ffffff2f
000005a2
00000ceb
00000670
000005d9
00002dd0
000040b5
00004216
00000f00
0000070e
ffffeb9d
ffffbfab
ffffc2da
ffffad5c
ffffd0b0
ffffe3c1
00001474
00001057
000008ca
0000009e
00000c6a
0000273e
000040cb
000044b7
000017d7
00001382
ffffeba7
ffffccda
ffffbf63
ffffa895
ffffcc90
ffffcf9f
ffffebc5
000002a6
00000a78
000003b1
00000a7c
00001f59
000019b0
fffff318
ffffe978
ffffeb51
ffffd49c
ffffd8d1
ffffcbb7
ffffd38e
ffffe59c
ffffdcfc
ffffebe2
fffff122
ffffec90
fffff81d
fffffd25
00001a1c
000023c2
00001c34
00000a62
00001490
000017dd
000020a3
00002377
0000319e
00002b81
00002d90
00003c1a
00002c13
00000ffe
00002043
000019e1
00002cb5
00004381
000062c5
00006282
00006193
00005a15
00005c9f
00005775
00006cca
00006b58
000074eb
00006c0f
00007715
00005569
00005cf6
00005e10
0000516e
00003eae
00003efd
00005913
0000594f
000059ae
0000581e
00006469
00005133
00005304
00005584
00005d8b
000067ea
00005da5
00005995
00004889
00004e36
00003ba2
00004ed4
00007716
00009c62
00007ee7
000081bc
000092b8
0000669d
000059c0
00004e30
000056a2
00005fa3
000056d2
00004889
000051c1
0000604f
00003020
00002213
000059e6
00007f87
00007fcb
00009ebd
0000bb71
00007ef9
000056e9
00003a47
000043c1
00003cc5
0000369c
0000287b
0000357c
00004695
00004852
0000391d
00002d83
00002fed
000065d1
0000d566
0000ddee
0000bb92
00007224
000057b0
000060d0
000052c3
00004400
00004e7b
000049d7
000052e2
00006ad0
00004f63
00000a3f
ffffcf67
0000073f
0000436a
00009db6
0000b58c
00009268
0000786a
00006dd4
00006d60
00005ced
00006031
00005653
000054cc
000061b7
00005c73
00001595
000001eb
00000b96
00001c60
00004a8c
0000706e
000064b7
00004d71
00004263
00006457
00005f87
000055a3
000066e7
00006c96
000066e0
00007db3
00003407
00002ec3
00002721
00002204
000027a4
00001258
00003bb3
00004980
00005fe1
00007eba
00006572
000045e3
00004f4b
00007480
00005e60
00006eb0
000043d2
000058ff
0000594b
00002a05
00000df2
fffff098
000046a9
00004887
00004b46
0000657d
000055a3
00004322
000049a8
00006238
000059e1
00005037
000025da
00004346
00006935
00004a8c
0000130e
ffffdbb9
0000033b
0000220f
000030de
000028ff
000022b4
000032fa
00004856
000057b9
000056ef
00004733
000018fd
00003871
00005792
000054fd
00002139
ffffff20
ffffffcf
00001907
00001a7d
00000301
fffff1d2
fffff52d
00003492
000045e9
00005adf
00005696
00002936
000034e9
00002890
00003c40
000033b0
00002291
000008a5
fffffc1e
00000e6d
00001599
fffff228
fffff4a0
00003caa
00004434
00005dd9
00004d5c
00002e45
00002a6d
000026ca
00002e11
00002162
0000221a
00001714
00001198
00002358
00002e41
000020d7
00001f9c
000052f4
0000432b
00004d07
00003f7e
00003246
00003705
00004367
00003b7b
00001e86
0000085f
00000b7e
000019b4
00004a48
00007786
00005697
00001d43
000032a1
00003436
00005046
00004264
00002695
000036c6
0000400f
000051c8
00004031
0000197d
000002e9
00002100
0000334e
000057fc
00004c2e
fffff855
0000190e
00002a8d
0000695f
000041ef
00000c6a
00000694
00001ba7
00003534
00004e26
00003a0c
000028b3
000038ba
00003f3a
0000551d
00004249
0000087e
0000154d
000023db
000057a2
00003fea
000031b6
00003a88
000045ad
0000490d
00005c68
00004272
0000382a
00004028
00003fcc
0000377a
000029c8
000004dd
000029d7
00004659
ffffeadf
fffff1e0
ffffe854
ffffce9a
fffff239
0000065c
00000024
00000b8f
00000bb9
00000994
fffffe79
fffff82b
fffffbb8
fffff444
ffffe454
fffff23e
00000d57
00003f92
000003a7
ffffddb2
00001fd5
00003320
00004d8d
00003377
00003f38
00002dfa
00003125
00002f48
000040e1
0000371b
00001df2
00000b8d
000018dd
00004776
ffffda92
ffffee0b
000010d7
00004e2e
00007482
00004063
00002619
00001de7
00000c4a
000044eb
0000463f
000017ab
0000044a
ffffebcb
fffffd8a
000004ee
ffffb527
000004c9
00002e10
0000657b
0000c113
000033f3
fffffcae
000006ed
0000215a
00003e6f
0000382f
00001777
00000038
ffffe178
ffffd8c3
ffffd4a9
ffffe453
000080d2
0000837b
00008242
0000a630
0000253c
ffffd5c3
fffffae4
000023e0
00002f64
00002b69
000006e9
ffffea8e
fffff42f
ffffcec4
ffffd970
fffffc6d
00007ad9
0000a4a3
000061cd
00005614
000041cf
00000a22
00002af9
000027f7
0000364a
0000438b
fffffd25
ffffe792
fffff20c
ffffac61
ffff9c76
ffffb91c
ffffe9ef
00002b41
000049d2
00004c91
00002260
00004007
000058ac
000071dd
00005792
0000375e
00000f87
ffffceaa
ffffe2ff
ffffe3f2
ffffba90
ffff9c12
ffffa229
ffffcb3e
ffffeb2b
0000036e
ffffda19
0000199d
0000351b
000062a2
000054d9
00004d76
00004695
fffff673
00000217
fffff5d2
ffffdad0
ffff97b8
ffff8f84
ffffa926
ffffac68
ffffa6b6
ffffb968
fffff2b4
ffffe756
00001aba
00000b9f
000003cc
00004aed
00001e01
00000a56
00000308
ffffec60
ffffa9a8
ffff81b3
ffffa49b
ffffe48a
ffffe596
ffffd23c
ffffef7e
ffffe088
ffffd401
ffffc68b
ffffdb42
00002042
00001895
fffffe7a
00000d8d
ffffff3a
ffffc903
ffff9d23
ffffcdb8
00000010
00005743
0000912d
00005726
00001f6f
0000237e
00000551
ffffe8e6
fffff998
00000b3a
fffffac6
000003b6
fffffbb4
ffffdbb7
ffffb6eb
ffff9d3d
ffffadf4
000010f1
00007b2b
000067af
00005dca
00006c6a
00003b2f
000004d6
ffffebd0
0000085b
fffff95c
fffff950
fffff430
ffffdf3d
ffffcb2c
ffffa280
ffff91fe
ffffd438
00001d5c
00003141
00003a02
000039ac
000021fd
00001265
ffffed38
fffffaf4
ffffeea7
ffffe44a
ffffe896
ffffe7b7
ffffdfa3
ffffc6ba
ffffbc23
ffffeacb
00001130
00002138
000027cf
fffff65e
00000091
0000059f
fffff09f
ffffdef4
ffffe8fa
ffffd81b
ffffc918
ffffe179
ffffff7f
fffff5ff
00000963
0000029f
ffffecb6
ffffd2f3
ffffdc38
ffffd89e
0000151c
00002a4f
000008c0
00000272
0000206b
ffffe45e
ffffcd81
ffffd240
fffff948
00000ef4
000007e3
fffff343
ffffd2b6
ffffb34f
ffffb1c0
ffffe387
000010e0
00001c28
00000c71
ffffe4fb
00001a73
ffffbff0
ffffb16e
ffffb3a3
ffffa85a
ffffbd4a
ffffc4d8
ffffb61b
ffffb5f3
ffffb9ae
ffffb9ff
ffffaf7c
ffffa57d
ffffac58
ffffbb0d
ffffb891
ffffbbfb
ffffaac3
ffffa5fb
ffffbd6b
ffffa4b3
ffffbbb4
ffffb8c9
ffffa77a
ffffb54b
ffffb0a3
ffffa847
ffffa7d6
ffffacb0
ffffb1df
ffffbb0f
ffffd05e
ffffc928
ffffb36a
ffff9d82
ffff92b7
ffff9e3e
ffffbe05
ffffb33d
ffffa659
ffff99ef
ffff8219
ffff6f76
ffff7b05
ffff8fe3
ffff9590
ffff9f3c
ffffc0f3
ffffcc26
ffffc1f6
ffffd085
ffffbc7e
ffffc621
ffffdec8
ffffbc6d
ffffba86
ffffb240
ffff84ce
ffff8094
ffff8e83
ffffad6c
ffffb8b1
ffffbfc1
ffffd801
fffffd5a
ffffb54e
ffffd642
00000ca8
0000171d
ffffcfd6
ffffc147
ffffaa2d
ffffa369
ffff87e5
ffff8d7f
ffffab12
ffffbe63
ffffc6ab
ffffb4f0
ffffeeb0
00001009
ffffa3df
ffffcde6
00002cdd
00001ff8
ffffc5b4
ffff9d0b
ffff99b2
ffffbbdb
ffffba3b
ffffd323
fffff1e6
ffffe1c9
ffffdec6
ffffca2a
ffffe814
fffff956
ffff91b8
ffff9c29
ffffee13
ffffe45d
ffffd3d8
ffffc912
ffffcabd
ffffb9e6
ffffa98d
ffffccf7
ffffe6ea
ffffe418
ffffe57a
ffffbdb4
ffffc17d
ffffcf27
ffff8b4f
ffff855b
ffffde01
00000121
000013c8
000002aa
00000103
ffffd3d6
ffffce1f
ffffc161
ffffcdd7
ffffc720
ffffcf3a
ffffbd40
ffffbbc8
ffffc444
ffff8e73
ffff8620
ffffe4b2
fffff816
fffff94f
fffff90b
00000031
0000031e
00000206
ffffcb12
ffffd170
ffffda9c
ffffdd0d
ffffcaf3
ffffc6ce
ffffc5b1
ffff9df1
ffff9096
ffffdc8c
ffffdbe2
ffffd867
ffffd914
ffffb9de
00000e5f
00000630
fffff197
00000a76
00000c57
fffff763
ffffd18d
ffffcc99
ffffcd12
ffff9ce9
ffff96f3
ffffeafb
fffffab3
fffff93a
ffffcabb
ffffb0e1
ffff9054
ffffb967
ffffe3c6
ffffecdd
fffffa92
ffffe956
ffffd14e
ffffe101
ffffdbfc
ffff94c2
ffff8a82
ffffc57a
ffffd714
ffffea6d
ffffc1b3
ffff85de
ffff6263
ffff9424
ffffd916
ffffebfd
ffffd84a
ffff9ba0
ffffa90a
ffffd0f0
fffff52d
ffff933a
ffff8bb1
ffffab80
ffffbe41
ffffcba4
ffffd8fd
ffffe113
ffffbffe
ffffa4f6
ffff9e40
ffffc392
ffffa5e8
ffff7e0b
ffffa739
ffffd3a8
fffff3a7
ffffa421
ffff9f63
ffffce18
ffffd522
ffffe896
00000cf6
0000297b
00001506
ffffdbae
ffffcaa9
ffffbd3f
ffffaddf
ffff9b1d
ffffca31
fffffd53
0000022d
ffffb0fc
ffffc95e
ffffdd1d
ffffeb74
fffff13a
ffffffb7
00000a04
000019a5
000008a1
ffffed45
ffffd81b
ffffc5f6
ffffcdfb
ffffedea
fffff807
0000135d
ffffc596
ffffb12a
ffffbace
ffffbb12
ffffb3c5
ffffb6c1
ffffc9c8
ffffcc38
ffffc919
ffffbdb4
ffffc470
ffffbde5
ffffd95a
ffffcda8
ffffdd2d
fffffcda
000005e7
00000883
fffff13e
000005d8
00001e01
000020ac
000012a8
0000055d
fffff235
ffffee8e
fffffc24
ffffff14
ffffe940
ffffcf21
ffffd828
ffffde27
00001525
000009a7
fffffa0c
0000286e
00002444
00002a00
000031a4
0000175e
fffffed2
0000074e
000010a5
000018ab
fffffe08
ffffdf47
ffffee6d
ffffe5d1
ffffff71
ffffe01d
ffffc1dd
ffffa7bb
ffffc187
00000dcf
00003fa1
00001ff2
00000b6b
fffff629
000015f2
00002ab2
00002153
00000845
fffffd18
ffffe7ad
fffffc75
fffff8e5
ffffa5b9
ffff778e
ffff93fa
ffffeffa
000037b6
00001e95
00000e95
00001278
0000356c
00003006
00003f3b
00002683
000015ac
fffffd4a
fffff988
fffff9e7
ffffb871
ffff764d
ffff81f9
ffffad90
ffffdf2b
fffff920
ffffefb7
ffffffcc
0000335a
00002cc5
000040a9
00001c1a
00000fb2
00000795
000008d2
00002aa0
0000158d
ffffbf1f
ffffb163
ffffc624
ffffe989
ffffe6f1
fffff75e
00003fb8
00006c09
000054c7
0000483f
00001ba2
00002240
00001640
fffffe21
000006b5
fffffa19
ffffef41
ffffe09c
ffffe4f0
ffffed6e
fffffc66
ffffe7fe
0000355e
00004c4d
00003d4b
0000184b
00000d9e
000021dc
00001f8d
fffffb6d
ffffe468
ffffb7c5
ffffdb73
ffffc419
ffffa29c
ffff9e36
ffffbdcd
00000b58
000047dd
000045d3
00003896
0000110a
0000029b
000014ed
00001de3
ffffe8a7
ffffd387
ffffa880
ffffb344
ffffa497
ffff70aa
ffff68a2
ffff98e4
fffffe39
000031ad
00001f81
0000238f
ffffeb3d
ffffe8c5
ffffffa3
000009b4
fffff563
ffffe4c7
ffffce36
ffffd967
ffffb641
ffff83a7
ffff90bb
ffff9f1a
ffffd16a
ffffce6b
ffffe482
fffff7f2
ffffe8b0
ffffec07
fffff811
fffff854
00000e5e
fffffed3
ffffdb1f
ffffd1bc
ffffe196
ffffd3cf
ffffd9bc
ffffd815
ffffe0b7
ffffc86c
ffffe191
ffffed2a
ffffe3c8
ffffd70c
ffffe50f
ffffe3bb
000018f7
fffff855
ffffdab9
ffffbb80
ffffcff8
ffffe240
ffffecc6
fffffbe5
ffffe6f0
ffffd540
0000038e
00002785
00001b11
ffffe4a3
fffff4e6
ffffe6ab
00001a78
fffffeb6
ffffe23b
ffffcad5
ffffc429
ffffdb38
00000dd4
fffff2c9
fffff55c
fffff1f2
00001cf4
0000360d
00000f0d
ffffc49a
ffffe575
ffffed20
00000566
ffffd72f
ffffc78c
ffffb8e6
ffffb402
ffffaad3
ffffc72b
ffffc981
ffffd04e
ffffed3f
00000210
ffffee20
ffffdb57
ffffae26
ffffecbe
fffffb4e
00001222
fffffe12
fffff5fc
ffffefda
00000314
fffffc83
000007ed
0000074f
fffffbac
00001f9e
000030c2
00001c2d
00001f69
fffff3c8
00001199
00001cd7
00000fe3
fffff7d8
ffffdf09
ffffeb2e
fffff99d
00000b1c
00000bba
000005b1
fffffa3a
fffffe9c
00000317
ffffe9a3
fffff00c
ffffe440
00000113
00000a71
ffffe503
ffffcacd
ffffbbb0
ffffba4f
ffffbbc7
ffffcd60
ffffddda
ffffd56c
ffffc73f
ffffca7c
ffffca81
ffffc7fc
ffffc3bc
ffffc700
ffffc767
ffffc528
ffffdc48
ffffcac4
ffffc053
ffffd040
ffffea68
ffffe1b1
ffffd034
ffffd32d
ffffd34a
ffffc85f
ffffd050
ffffcda1
ffffbb32
ffffc502
ffffd9ea
ffffccd4
00000dbf
fffff4c9
ffffb259
ffffe21c
000007df
00000661
ffffe08e
ffffd082
ffffc74f
ffffbc7f
ffffbddc
ffffa9d0
ffffaed6
ffffd3ee
ffffde04
ffffe45b
000016e4
00000226
ffffed83
00002f84
00005f31
000037ca
ffffe050
ffffbc26
ffffb0f6
ffffaa80
ffffd234
ffffcaae
ffffd7df
ffffeaf9
ffffe266
fffffd65
00000b4a
fffff0f8
ffffee11
ffffe548
000014aa
0000156a
ffffefd3
ffffc7c1
ffffaa2c
ffffabec
ffffcd4a
ffffda15
fffff4cb
00001afe
00000d79
00001b7f
ffffe496
fffff076
000006b0
ffffe5c7
ffffd7db
ffffff51
0000123b
000018a5
ffffdc25
ffffe6ab
fffffbff
000012fe
000001f5
0000052b
fffff73c
0000050b
ffffd63e
fffff0ba
00001075
ffffd3b5
ffffb291
ffffcd8c
00001263
00002219
00000fbb
0000238c
00006086
00006a53
00002d77
fffffe37
ffffe1bd
ffffe9dd
ffffd402
fffff4ce
000022f0
ffffe323
ffffb48d
ffffa716
ffffee83
ffffe306
ffffc5af
000006c2
000046cd
0000725d
00004fa0
00000b4e
ffffde8a
ffffe260
ffffe283
0000074c
00005a42
0000215f
ffffc1fb
ffff9365
ffffd0b8
ffffeb83
fffffd49
fffff152
00001d0a
00005aff
00004790
000012fa
ffffe966
ffffe966
ffffed83
00000924
00006513
00003400
ffffd83e
ffffc4c4
ffffb1e2
ffffc325
ffffea59
ffffeeb9
fffffc3b
000012dc
00000e9c
fffffa2c
fffff08d
fffff0b4
ffffec42
fffffe84
00003e40
0000641f
00001eab
00001086
ffffd71c
ffffbc7f
ffffcad4
ffffbf06
ffffcabc
ffffbe88
ffffbd66
ffffe852
ffffe8b4
ffffeed8
ffffe103
ffffdff2
00001c53
00005124
00001ac8
ffffe4c2
ffffb117
ffff92ef
ffff9a1b
ffffaa64
ffffb289
ffffb0f0
ffff9dce
ffffc210
ffffdf7a
000004ee
ffffe33c
ffffde66
fffff9bb
00002683
fffffce5
ffffcaab
ffffc1dd
ffffa845
ffffbebc
ffffb483
ffffa357
ffffa9b9
ffff90a1
ffffa978
ffffd3b8
000001b2
ffffd3e7
ffffe7a9
ffffefd1
00000b05
fffff086
ffffccdc
ffffc1d7
fffff3ce
00000dd5
00000466
ffffe493
ffffd18e
ffffc47e
ffffcad1
ffffd5a8
000006ea
0000093c
00000ec3
00002430
00003f1a
000034ac
00002324
000022ad
00003c53
00004135
000045dd
0000423e
00001f4f
000018f0
00002183
00001226
000014f3
00002a83
000037fe
00006218
00006729
00005748
00004162
00003e4f
000048c4
000054c3
00006553
00007546
00005fee
00004486
00004af2
00002d8a
000023ac
ffffcf8f
ffffb0ff
ffffabb5
ffffb07b
ffffb837
ffffc613
ffffbdc7
ffffc24e
ffffbc57
ffffb7b6
ffffb223
ffffafdb
ffffac3a
ffffa9aa
ffff9922
ffffa182
ffff9fbb
ffff8b62
ffff6fb7
ffff63a2
ffff9631
ffff8b3b
ffff9145
ffffabc4
ffffa921
ffffa26d
ffff9c42
ffff8dc3
ffff9328
ffff929e
ffff86f6
ffff94c6
ffffcfc0
ffff92d6
ffff55b9
ffff765b
ffffc8e0
ffffbb6d
ffffb4ad
ffffba3c
ffffb05d
ffffac81
ffff9c25
ffff8de5
ffffa14e
ffffb4c0
ffffab55
ffff971a
ffffd4cf
ffffb75b
ffff8fd8
ffffc641
fffffcff
000000f7
ffffc90d
ffffb09b
ffffa254
ffffa3ef
ffffaf6c
ffffbdea
ffffbff0
ffffbabb
ffffbf3f
ffffabf3
ffffce5f
ffffcd85
ffffa311
ffff81b9
ffffa7a0
ffffee1d
ffffdea8
ffffd58b
ffffc12d
ffffb0d2
ffffbd1c
ffffd4fc
ffffd96a
ffffdce3
ffffdb5b
ffffb699
ffffbe52
ffffccac
ffffbbbf
ffff48e4
ffff517b
ffffb773
ffffda02
ffffc158
ffffb3c0
ffffae6b
ffffb6f2
ffffc36d
ffffc1ec
ffffcff0
ffffc68d
ffffb204
ffffbb23
ffffc454
ffffabec
ffff36ab
ffff559c
ffff8293
ffffb740
ffffb22f
ffffa14c
ffffa39d
ffffaf0b
ffffb76a
ffffac6b
ffffb36a
ffffa059
ffffa651
ffffadd6
ffffce99
ffffd7f9
ffff7538
ffff5efe
ffff8a82
ffffb2ff
ffff8ea4
ffff8076
ffff84dc
ffffa7fc
ffffdb7a
ffffcec4
ffffb2b5
ffff9975
ffff9bf1
ffffb736
ffffe7f2
00001446
ffffd478
ffffb545
ffffd7e5
ffffb3df
ffffbb2f
ffffba2b
ffffa37b
ffffba3c
ffffecab
00000503
ffffcecd
ffffb7c2
ffffa179
ffffbc96
ffffe94b
00001868
fffff928
ffffcb6e
ffffe09a
ffffbd78
ffffb6b7
ffff8fa0
ffffa12d
ffffb81b
ffffd236
ffffe7e5
ffffc0ce
ffffb8a4
ffffb2b0
ffffb814
ffffde77
00001679
00000c7f
ffffedb9
ffffd412
ffff94a5
ffff82e4
ffff8124
ffff786c
ffff88a6
ffff9f4b
ffffb3e1
ffffbb3d
ffffb8f2
ffffc614
ffffadae
ffffd2c0
fffffdc6
000028f7
0000103a
ffffea82
ffffb228
ffff9e5a
ffffab9d
ffffc111
ffffbb00
ffffb216
ffffb99a
ffffadea
ffffb335
ffffc926
ffffb5f3
ffffde38
ffffdb71
000003c0
00000f85
fffff08d
ffffd57b
ffffd43a
ffffea1d
ffffef69
ffffdc99
ffffd9a8
ffffd6ab
ffffd9ef
ffffd5b4
ffffddfb
ffffb561
ffffcfb6
ffffc22b
ffffcc13
ffffe6a5
ffffc522
ffffd7ec
ffffe54c
fffff404
ffffe184
ffffcb2a
ffffcba2
ffffd1ee
ffffdea4
ffffe14f
ffffded6
ffffb698
ffffd50d
ffffd1ba
ffffddc5
ffffdf44
ffffcfd0
ffffd02c
ffffe2e2
fffffc42
ffffeb89
ffffd407
ffffb2f7
ffffcf65
ffffd5f2
ffffe549
ffffcc56
ffffb8aa
ffffc411
ffffc718
ffffc315
ffffadee
ffffaa82
ffffa0ec
ffffb2b5
ffffc48a
ffffcb1b
ffffd57e
ffffb8ed
ffffb7ff
ffff9fc0
ffffae2f
ffffb6c5
ffffe722
ffffca15
ffffdc65
ffffd89b
ffffe088
fffff485
ffffe51b
ffffecc8
ffffe206
ffffd341
ffffc6c4
ffffc97a
ffffbfd3
ffffd8b4
ffffd743
ffffd89d
fffff2d5
ffffdeaf
ffffc8c3
ffffbecc
ffffdd35
ffffc90c
ffffd73a
ffffe993
ffffeca0
ffffd34b
ffffdb7a
ffffd994
ffffd4f2
ffffe7b4
ffffd562
ffffd8a9
000002bc
ffffdd5d
ffffbbdd
ffff9899
ffffc961
ffffdd4e
ffffcc09
ffffcb57
ffffaecc
ffff88a1
ffff91d4
ffff8a40
ffff8f89
ffffbe0a
ffffd0e6
ffffefa9
00000881
00000647
00000585
00000209
00001a02
00002bc1
fffff623
ffffc67f
ffffad14
ffff8853
ffff9c27
ffff9e04
ffffb12c
ffffbfd6
ffffddc5
00001493
fffff5e9
fffffc86
00000cd7
00001341
000001e1
000037e4
000031f0
fffff4bf
ffffe1b0
ffffc7a7
ffffb970
ffffa5bc
ffffb1bc
ffffca4b
fffff342
00001ccf
ffffd2c7
ffffd3df
ffffe5d3
ffffe49e
ffffd032
fffff126
00000809
ffffc603
ffffc410
ffffe6a4
ffffd1ae
ffffc503
ffffb691
ffffb2c0
ffffc6f0
fffffaca
ffffd087
ffffb65d
ffffc254
ffff846d
ffffa76e
ffffe11f
000001ed
ffffcd77
ffffa2f4
ffffd0cb
ffffdeb0
ffffd49d
ffffb2f1
ffffaf9b
ffffb251
ffffe4cf
ffffc72b
ffffba6a
ffffe03d
ffffc316
ffffa8af
ffff9fb1
ffffc0f5
ffffb75e
ffff8499
ffffb67f
ffffe893
fffffa97
ffffde46
ffffc099
ffffa5fb
ffffdabc
ffffddd9
ffffe8c7
0000189a
000004a7
ffffb3cb
ffffaa7e
ffffb63a
ffffe2af
ffffbc9e
ffffd381
00000112
0000096f
000006ad
ffffeca8
ffffc0e3
ffffdc74
ffffee18
0000054a
000034b9
000016f0
ffffeb3c
ffffd982
ffffb81c
ffffe312
fffff145
ffffe511
000008b7
fffff9c3
ffffeb9a
ffffe899
ffffc2a9
ffffe45c
ffffea4b
000007a3
000047c7
00003e26
000037c9
00002b72
ffffe760
ffff93b1
ffff9ef5
ffffd52b
ffffebb6
ffffde5d
ffffc805
ffffe613
ffffca38
fffff310
ffffe842
fffff60f
00003f52
00005ba1
00004d51
00000cc9
ffffbeb3
ffff8b72
ffff9ee8
ffffdaa5
fffffc8e
ffffe06a
ffff9d45
ffffc1cc
ffffdeac
00000ce5
ffffe4ea
ffffd54a
000003f4
000027bd
00002e6b
fffffedb
ffffc5e5
ffffc42e
ffffc8cf
fffff018
ffffdfad
ffffc6b7
ffffbac4
ffffd3b6
fffff730
00002fd2
ffffec81
ffffd7d4
00000589
000022c5
00003ce6
000030f9
000023e3
000021ce
0000150e
00001ed5
ffffffc7
ffffee70
ffffea03
00002421
00001e5b
00003a8d
00000642
00000234
00000fc8
00003161
000048db
000045c4
00005067
00005bc3
00003f2c
00002e54
00003c2e
00004a70
00004b85
00004926
00001ddb
00003d0e
00000e07
fffff261
000000f9
00000e6a
000000a5
fffff95b
00000a1b
00000e4e
000002fd
0000077d
000012e3
00001265
00000d26
fffff164
fffffcc2
0000033f
ffffbfa7
ffffa052
ffff8f08
ffff975c
ffff9c04
ffff8d31
ffff8a0f
ffff9776
ffffa348
ffff9bfc
ffff9c12
ffff9e41
ffff9cb9
ffff9f59
ffffa377
ffffb043
ffffc7cd
ffffc885
ffffc8b2
ffffdcb0
ffffc76a
ffff7c7b
ffff752e
ffffb119
ffffd096
ffffd46a
ffffc750
ffffb5e5
ffffb5e2
ffffca78
ffffcd46
ffffb605
ffff9c77
ffffaf05
ffffbed0
ffffd0ce
ffffd3cf
ffffae53
ffff4000
ffff3e73
ffff7bb0
ffff6d84
ffff924e
ffff8cd6
ffff7252
ffff8d60
ffff773d
ffffa6aa
ffffc045
ffffed8d
ffffef6e
ffffc365
ffffba22
ffffb70c
ffff6319
ffff51b8
ffffaa08
ffffb963
ffffc06d
ffffbb3f
ffff9a59
ffffb95c
ffff92f2
ffffab95
ffffc3dc
ffffeef8
ffffe59f
ffffbfad
ffff8a19
ffffa42f
ffff5b7a
ffffb804
ffffef93
ffffeb11
ffffd3da
ffffbfc1
ffffc1bc
ffffd86d
ffffc410
ffffbd77
ffff8614
ffffbba8
ffffbeb9
ffff8cc7
ffff99e7
ffffabe3
ffff863b
ffffa562
ffffc653
ffffd2e7
ffffc4fc
ffff9f3f
ffffaa44
ffffb451
ffffb038
ffffb312
ffff7cbd
ffff7909
ffff78a5
ffff4084
ffff74c5
ffff43b2
ffff6721
ffff794b
ffff782f
ffffa2c2
ffff7d55
ffff71bb
ffff821a
ffffa715
ffff8814
ffff8d5f
ffff866e
ffff7762
ffff6836
ffff5353
ffff5573
ffff3349
ffff4019
ffff68c0
ffff5e59
ffff7c81
ffff8453
ffff8a8c
ffff9919
ffffaede
ffff9b49
ffff91b4
ffff8abb
ffff92a6
ffffa985
ffff8c5c
ffff87aa
ffff46bc
ffff612e
ffff97f8
ffff836f
ffff62e5
ffff75eb
ffff9a88
ffffb0c8
ffffa8d6
ffff9ba9
ffffa544
ffff9e09
ffffa1b7
ffffb517
ffffc7b2
ffffa97f
ffff7832
ffff62f2
ffff82d8
ffff86b1
ffff7d95
ffff64ea
ffff884d
ffffa9ee
ffffafbf
ffff920e
ffffaf21
ffffa923
ffff9df2
ffffa08b
ffffc75e
ffffdda7
ffffcc72
ffffb461
ffff9107
ffff89a7
ffffa90f
ffff8dd7
ffff7e9b
ffff9daa
ffff9a97
ffff828a
ffffaecb
ffffaa56
ffff95ba
ffffaa34
ffffd4d2
ffffd157
ffffa70e
ffff9051
ffff9b8f
ffffc923
ffffe444
ffffc18e
ffff99be
ffff96fd
ffff8fee
ffff83a1
ffffb55b
ffffab70
ffff9f81
ffff99e0
ffffa945
ffff99bf
ffff7f3d
ffff8d9b
ffffb547
ffffc6ff
ffffe3ee
ffffbea0
ffffba50
ffff9d21
ffff86f8
ffffa11d
ffffcb7c
ffffa708
ffffa3a0
ffff9b85
ffffa34f
ffffa7a2
ffffaf37
ffffb973
fffff07a
ffffda58
ffffb2d9
ffffb1af
ffffc3f7
ffffdffe
ffffc84e
ffffc2ca
ffffbdb7
ffffb7fd
ffffcaa4
ffffcf09
ffffd98e
ffffc103
ffffa11c
ffff9604
ffff9e1e
ffffab63
ffff9376
ffff96cc
ffffa558
ffffa492
ffffa75b
ffff93a4
ffff9327
ffffba47
ffffb045
ffffac38
ffffc061
ffffa47f
ffff89d7
ffff7c6b
ffff81d5
ffff6f25
ffff7800
ffff824c
ffff9494
ffffa610
ffff94cd
ffff840b
ffff8ae0
00000ce2
fffffa9d
fffff216
fffff41c
000016e0
00002f79
000020de
000011e3
fffffd16
fffffea5
00000351
00000da1
fffff98c
ffffe278
ffffdb21
ffffe799
00000ef8
00000960
000008a5
0000238d
000039df
00003e3e
000024de
00001019
fffffc98
fffffeea
000009f3
00002112
0000104e
fffff7a7
00000971
000005a4
00000ce8
fffffefd
fffff428
ffffe486
000033cd
000066fc
00005bc8
0000222a
ffffeb48
ffffdb84
ffffef1c
000008a2
00000c52
00000e1c
000022e9
00001217
000009f9
000006e4
000019f8
ffffe944
00004e12
00008cb8
00005e05
0000232e
ffffeebf
00000700
00001b63
00001ba5
00003d50
000041bb
000035a4
00001f95
00001923
000015ea
0000070e
fffff9d1
00006880
00009799
000084c1
000033a1
ffffe6be
ffffeeac
0000242d
00003641
00004434
0000325f
000026c7
00001737
000015be
0000193d
00004ceb
00005831
00008b12
0000956e
00009a4d
00006a16
00003709
00004bb2
000063b3
000064e8
0000471e
00003b0a
00003791
00003849
00000d3a
00002868
0000703c
00009b6d
00007596
00005e1b
00009652
00009ee1
00007d9a
00009c50
0000b39f
0000cb07
00008849
0000540f
00002f56
0000345d
0000099d
00000def
00003f3e
000072fd
00003c24
000009a5
00002108
00004740
00008720
0000aebf
0000d0ab
0000dcdb
000093c9
000055e8
00003b2b
0000258e
00000427
00000204
00001cd1
00005224
00001f99
ffffe3ee
ffffd4ee
fffffd1f
000055f9
00008b42
00009e2e
0000a972
00009b50
0000667b
00004433
00001d1e
00000562
fffffabb
000023c1
00004013
00004220
000015b4
00001b58
0000065f
00001fb4
00003a37
000055f7
00004f1c
0000642b
000031ff
00002828
000004ce
00001c32
000005c3
00001a96
000037ee
00004e93
00003827
00006d25
00002939
00002de7
fffff557
0000108a
fffff4e8
00000ab3
000007e0
00000216
fffff228
0000235f
00000179
000004d4
fffffaea
000016de
00003820
00003e68
000025b0
00002c27
00000f6d
000019e1
ffffd358
ffffd218
ffffdda3
fffff505
ffffee8b
00002324
000002c2
ffffff9d
ffffea3c
fffff34f
00000bab
00001c6e
000016e2
0000370d
000001e9
00000c73
ffffd0f4
ffffdecf
ffffdbe8
ffffeb5b
ffffe8fc
00001910
fffff711
ffffe0eb
ffffbe50
ffffbcf0
ffffc059
ffffd82f
ffffff0b
fffffca7
fffff597
fffff222
ffffdbf8
ffffd352
ffffe47a
00000807
fffffa33
00000f7e
fffff35c
ffffedca
ffffffcc
00000993
000008e8
00002067
000025a5
ffffff11
00001933
000002f7
fffff4c3
ffffe931
ffffee57
000006ca
00000dd3
000022f4
00000d02
0000029d
000009c8
00000a67
000004b5
000011df
00001a57
00001af9
0000372f
00002584
00001770
0000004f
fffff9b9
0000093a
000013c4
000000ba
ffffe07c
fffffab1
fffff766
fffff6de
ffffff5f
00000292
ffffe64a
ffffe029
ffffe551
ffffe7c2
ffffe7d2
ffffdad4
ffffdc73
ffffdf05
ffffdd17
ffffec00
fffff950
000005ee
fffff292
fffffb1d
000018ac
fffffc37
ffffeb9d
ffffe4d2
ffffdf9b
ffffd642
ffffe5ea
ffffdad1
ffffe4d3
ffffeb83
ffffe7df
000014a7
0000201a
ffffe139
ffffc7e5
fffffefd
0000314e
00002af8
00000927
ffffe34a
ffffd09a
ffffd3fa
ffffdf40
ffffef31
0000060e
00000a43
00000546
00000c90
00001a1c
fffff119
000012ad
00004401
00007a32
000057ce
0000086d
ffffcc50
ffffb9a0
ffffcc88
ffffdc0e
fffffdd1
0000137b
0000137f
00000e45
000006a5
00001ca1
ffffc35a
ffff84f8
ffffce05
000010e7
0000113b
ffffef7b
ffffb878
ffffa76c
ffffc96b
ffffe7d1
000001ec
000013b4
000001f7
00000450
00001175
00002988
00000686
ffffa4bc
ffffb5f1
ffffefbf
ffffea0c
ffffd92f
ffffd096
fffff180
000017d7
000028d5
0000315f
000036cf
000021c1
00002339
000009de
00001b65
000016b7
fffffaaa
ffffcf8b
ffffc41c
fffff4bb
ffffd121
ffffe2ca
fffffab3
00002fdb
00005453
00004123
00003873
0000222b
0000254d
000014c7
000011df
00001807
00002bae
000008cf
ffffb9b8
ffffe49d
ffffeced
00001515
0000254d
000045db
00007a3e
00005e29
00001963
00001447
00000eba
0000186f
00000b95
00002096
00002abb
00000fe5
ffffc5b8
ffffd4c5
ffffe33c
000025ba
0000503e
00007dd1
00008f27
00006c79
00001bc3
00000096
00000430
00001fd6
000006b9
00002035
00002789
000018a8
ffffd9ca
ffffbeba
ffffcdd6
fffffcc4
00001e4f
00006177
0000767e
00006972
00002781
00000d79
fffff9e1
0000287e
00001199
0000245d
00005652
00002c0c
00000022
ffffbc54
ffffa119
ffffc0df
ffffd2e4
fffffac9
fffffd51
000015d3
00000acf
00001135
000002b0
00001cd3
ffffff89
fffffe75
00002083
0000157f
ffffe760
ffffcc82
ffffbf0b
ffffbe87
ffffce0a
ffffdfac
ffffb0a3
ffffbf5a
ffffc88e
00000481
00001d55
000019f5
00000591
ffffd82a
fffffc7f
00001924
00001f46
00001b6e
00000a78
fffff47f
fffff2ff
ffffde72
ffffa0c6
ffff90b6
ffffaf85
fffffdbe
00002a7b
0000219a
000005ef
ffffdeed
fffff30b
0000028d
00001dd1
00004f77
000041f3
00001f18
00001f0e
ffffe3f7
ffffb80a
ffffa191
ffffc0a6
0000043b
000028b4
00001a23
ffffea26
ffffd8e2
fffff3a4
fffffcba
fffffc2b
00004852
000051d0
0000177c
00000c08
ffffff5b
fffff407
fffff66e
fffff756
00000127
0000296b
00003c99
00003f23
000014a4
00001d3e
000017be
00000367
000031fd
00002a15
000022a9
00002515
000026cb
00000daf
000002e1
000007d9
00000cbe
0000375f
ffff7aa9
ffff8bae
ffff7be1
ffff9455
ffff98d3
ffff9877
ffff7c76
ffff7877
ffff7bd4
ffff7c4c
ffff6ca0
ffff68d1
ffff5dfb
ffff6058
ffff7c17
ffff9e6b
ffff786a
ffff8879
ffff702b
ffff7779
ffff641f
ffff50f8
ffff4f43
ffff58e5
ffff5f52
ffff6824
ffff5913
ffff54df
ffff3767
ffff2b9d
ffff4986
ffff7609
ffff80a7
ffff85b9
ffff41c9
ffff552c
ffff4410
ffff7259
ffffa8bd
ffff9b56
ffff72b4
ffff7033
ffff6c4d
ffff6813
ffff4ad1
ffff5c4d
ffff6b29
ffff746a
ffff9677
ffffb971
ffff9739
ffffa454
ffff3fed
ffff5c23
ffff9fd9
ffffc2c7
ffffb4ad
ffffa4b1
ffffa3e9
ffff9e4d
ffff8d56
ffff8fb7
ffffa0c0
ffffaa46
ffffb2dd
ffffcedc
ffffcd02
ffffe140
ffff0da1
ffff6623
ffff88c7
ffffe537
fffffb7a
ffffd472
ffffc6ab
ffffc8c5
ffffb94e
ffffcdbc
ffffec77
ffffc7ac
ffffc3fd
ffffcf0b
ffffbc98
ffffb22c
ffff44ea
ffff7711
ffff8ac2
ffffe704
ffffc741
ffffc88d
ffffb96e
ffffb4b8
ffffc78d
ffffde39
ffffd71f
ffffbd67
ffffb21a
ffff9ffe
ffff9ceb
ffff72ba
ffff45a3
ffff7533
ffffa029
ffffc34a
ffffafa6
ffffaa1b
ffffad40
ffffa3b6
ffffbf85
ffffb9d8
ffff9ab4
ffff861e
ffff9d7b
ffff8a26
ffff8f4e
ffff94d5
ffff9204
ffff999b
ffff9be0
ffff61c6
ffff752f
ffff811c
ffff812e
ffff7028
ffffb4f6
ffffbddf
ffff8ffa
ffff89ad
ffff98e1
ffff8e68
ffffaa42
ffffc13e
ffffe9a0
fffffc35
ffffdc24
ffffb60c
ffffab0f
ffff9b14
ffff762b
ffff42d3
ffff9bff
ffffb02c
ffffa34e
ffff96f6
ffff9674
ffff8b7a
ffffb2fa
ffffed86
00000597
ffffff0b
ffffb6a1
ffff987c
ffff7c20
ffff7ccd
ffff9f9d
ffff79ff
ffffad2d
ffffb351
ffffb29a
ffff9a63
ffff8b4e
ffff99d2
ffffb8ce
000001e7
00001ad9
ffffe09f
ffffa199
ffff7a5e
ffff88a8
ffff81fd
ffff9707
ffff8026
ffffb00d
ffffdca0
ffffd559
ffffa89b
ffff8afb
ffff8341
ffff9249
ffffc8f9
0000014f
ffffd1e5
ffffcec0
ffff8e3c
ffff87ff
ffff9a6b
ffffb73c
ffffa8c5
ffffc8fa
ffffc723
ffffd6a5
ffffada4
ffff8916
ffff7932
ffff6f57
ffffa6ae
ffffbdc7
ffffc07b
ffffd8c6
ffffba7e
ffff907d
ffffafc4
ffffc545
ffffddcc
ffffd770
ffffc964
ffffc987
ffffa52a
ffffae84
ffffb5ec
ffffa06e
ffffac59
ffffa474
ffffb3bf
fffff9ad
ffffea34
ffffca47
ffffd605
ffffd3a5
ffffc7c8
ffffe135
ffffef0a
fffff7de
ffffc4b7
ffffb6af
ffffe143
ffffe4f4
ffffda08
ffffe523
fffff31b
fffffc87
fffff1cb
fffff01a
ffffe04d
fffffefa
000011fc
00001757
fffff330
00001211
ffffd1dc
ffff9a58
ffff90fe
ffff8eb2
ffff991b
ffff7c5b
ffff7f3e
ffff9a44
ffff9a33
ffffc05a
ffffb5fd
ffffbc9b
ffffb32f
ffffc9a4
ffffc66c
ffffd1dc
ffffbc84
ffffffa2
00000688
fffff926
0000008e
00000a64
fffff70e
fffffe36
ffffffcd
fffffb30
ffffe7c3
ffffec94
ffffef6e
fffff748
fffffaeb
fffff2f6
fffff59f
00000876
00001f69
0000170d
000036e3
0000489e
000037f2
000029e8
0000224e
00001c34
0000134c
00000928
ffffffcf
00000f0a
00001407
0000109a
00000ace
00000287
00003654
00002ae8
00004f96
00004be0
00002e5c
00001176
fffff975
00001338
00002317
00001b5b
00000d21
00001aff
00001587
00000bd5
000019e6
000010e6
00002c13
00000a98
00004117
00004704
00001e79
fffffba8
fffff305
0000092a
000003af
00001220
000007ea
0000180f
00001496
ffffe856
000001fb
00001f69
fffff00b
ffffcb9e
ffffdbd1
fffffc48
0000192c
fffff33d
fffff7e3
ffffbd04
ffffbc83
ffffe5e3
ffffef36
fffff9d1
fffffbe8
ffffde7f
00000252
fffffc2d
ffffd739
ffffab29
ffffb6f2
ffffcd99
ffffff15
ffffe9b8
00001160
fffffff9
fffff1f6
00000ef9
000013c1
000006d6
fffff149
ffffc3d9
ffffe6e5
ffffdc36
fffffeca
fffff60f
fffff6aa
ffffcca4
ffffc943
ffffe9d7
0000287e
00002754
00003f29
00004260
00002d61
fffffe17
ffffd3ac
ffffcbf9
ffffda6c
ffffe001
fffffd2c
000008b3
00000f39
ffffdbaf
ffffdffd
fffffc76
00004fc0
00004949
00004199
00004979
0000444b
0000215d
fffffd75
ffffe146
ffffe85a
ffffe22e
0000029c
00000a6a
fffff3d4
ffffcf3a
ffffccad
000021fc
0000369a
00006530
00007e31
00008df0
0000a6c9
00004d89
00002200
ffffd254
ffffdf28
ffffe723
00001262
00002393
ffffe439
ffffd39b
ffffa54d
ffffc272
fffff93a
00001ad7
00003fbb
00006e21
000091a0
00006dcb
00002f36
ffffee66
ffffdd41
fffff204
00001a32
000026d4
00000300
ffffbda5
ffffceed
ffffb63c
ffffce65
ffffd23e
00000a4f
00005096
00006a68
00004fd2
00002ede
ffffff70
fffff705
00000157
000029b2
0000307d
00003566
ffffef4e
00000732
ffffc8e3
ffffa808
ffffa651
ffffacf7
fffff14a
00004670
000030ad
00001f83
00000525
fffff03b
000006fb
00003186
00004074
0000598f
00004e4d
00004a3c
000030f5
ffffdfd2
ffffcb43
ffff9d7a
ffffb344
ffffebf6
ffffe5d8
00000df9
00001038
fffffca6
fffff3a5
000003ad
0000096c
00003222
00004daa
0000747b
000056eb
00001f38
fffffb49
00000436
ffffdeea
ffffe44c
ffffc9aa
ffffd5f8
ffffe636
000000d2
fffff6e4
fffff867
00000462
00000c4e
00000eb9
0000113d
00000eed
fffff16f
00000dea
00003770
0000193d
0000162c
ffffc506
ffffc461
ffffb14f
ffffd71c
fffff799
00000bdf
00000154
00002236
00003007
000025dc
00002986
00001e38
000018ea
00003e82
00003ef9
0000427d
00002703
00002094
000004bd
00000448
000024b3
00001657
000006a8
00000148
000017b1
000035e0
00003228
00001e2c
00001631
00001b6f
00001369
00001421
0000154a
00001c5c
000024dc
00001bcc
0000280f
00000070
fffff4ed
ffffec18
00001d82
0000293b
00001dc0
0000046a
000007ce
00000759
0000021e
000005c4
fffff74c
00000ac6
00001034
00001f9d
00001eb1
00001322
00001c74
000031f6
000040a8
0000465a
000043e4
000023c8
00001dfc
000003c5
fffff5e4
fffff4d7
ffffeb8c
fffff022
fffffe0d
00001b07
000025c8
00002fdd
00002749
00004e2f
00003f96
00004e64
00007291
00005071
00004bb4
00002713
000004b5
fffffe47
ffffebe2
ffffefe4
fffff615
00001f8c
00002448
000006ad
fffff244
00002d98
00003feb
00002fa2
00003829
000045a0
00002635
00002d70
00001ed3
00001b95
fffff815
ffffff63
fffff8bb
00001b09
00004057
00002043
ffffddcc
000006f5
00000820
000016e5
00001bca
00002157
fffffa41
000022bc
00001bea
00003446
00001f92
00003281
00001c62
000036d8
00004577
00003b8f
fffffca8
000028da
000022ad
00000c0d
fffff68d
fffff5cd
ffffdbfb
ffffd469
ffffe451
0000175d
00003073
00004b95
00003e2d
00004cc0
00004374
00003ed6
00001a0f
00002b1a
00003df7
00002225
ffffdfde
ffffbd59
ffffad1b
ffffac44
ffffadef
ffffcb75
fffff41f
00000e44
000037ab
00004d11
00004809
00003cbc
00000a91
00002741
00005100
00004fe4
fffff39c
ffffae00
ffffc305
ffffb881
ffffb64c
ffffaa3f
ffffc967
ffffe1f9
00003240
000053d7
00003b26
00002f08
0000170e
000037f1
00004b35
0000628d
fffffeb9
ffffb9bd
ffffae53
ffffc23c
ffffcbfc
ffffc692
ffffdc19
ffffed3d
000028f0
00004dd3
00003a1c
00002f2f
00003464
000040e4
000051ea
00004651
000028e9
ffffee9b
ffffd39d
ffffdd54
ffffe3b3
ffffdabb
ffffe56e
000003e3
00003a79
000054c1
000036af
0000276d
00002b4f
0000339f
00003f21
00004580
0000405e
000023d5
00000780
000005d3
ffffecc2
ffffe680
fffff38e
000008c9
00003fe9
00004666
00002d84
000019b6
000027ae
000023cf
00002029
00001d74
00002ec5
00002089
00002106
0000130d
000009ec
00000e0f
000015b2
0000082c
000024a2
000032c6
0000350e
00003059
00003345
000032bc
00001331
00002dda
000026e8
00003526
00003e32
000041c0
0000224f
00002feb
0000284b
00001ed3
000009f3
000017bb
000069d5
00007778
00008044
0000753c
00005f38
00006725
0000709d
00007e4b
00008f38
00009ab9
0000758e
000079c5
00006856
000066c1
00004015
000046df
000085ac
0000972c
0000b217
0000a786
0000937d
00008f09
00009a6f
00009934
0000b158
0000bd41
0000ad99
00009c68
0000831f
0000854e
000080a1
0000737e
000038d0
00002d59
0000338b
00002d64
00005593
0000659e
0000587e
000048f2
00003f61
00004534
00003bc8
000037ae
000034d6
00003dad
000039b4
000028e2
00002f87
000029cc
000039f0
00001417
00003eea
000067dd
00007387
00005802
000034ee
00003bf2
00003f16
00004301
00003d70
0000466a
000038eb
000029ce
00004683
00003741
00003952
000029a7
00004a88
0000787e
0000698d
00003056
00000b3c
000001c5
00000677
00001393
000014d1
00001e24
000015d7
00001e36
00005588
00003609
00003b0e
00001ead
00007813
00006ddc
00007ebc
0000512f
000018c1
fffff4df
ffffc72c
ffffe69d
fffffaa1
000019fb
00000c1d
000014bb
00003fc6
0000135b
0000350c
0000312d
00005c80
00005fff
00006c76
00005bca
00001c66
00000afa
ffffda0a
ffffeff9
ffffe1e3
fffffada
0000066f
00000440
000032c0
000025e4
0000483b
00001f00
0000313a
000056c5
00005ec3
00005728
fffffb44
fffff664
fffff137
ffffffad
00000d11
00001acf
00001929
00001b20
00002744
00003520
00005e8c
00004c4d
000042fe
000064c8
00005fd0
000030f2
ffffcbeb
ffffae9b
ffffb098
ffffcc65
00000374
00001ee1
00002f83
00003216
000023ad
00003d44
00005f62
00007cb5
00007136
00007b4f
00006573
000010cb
ffffb517
ffff8dae
ffff8c45
ffff99ca
ffffd690
ffffed5b
00001dcd
00002873
00002325
00003ac0
00005a09
000068e3
00008251
00007b26
0000764a
00003dd9
000017e4
00001397
fffffdcc
ffffe23d
ffffedc0
fffffeaf
000024a4
0000190d
00001c63
000027dd
0000564d
000068dd
00007c1d
00008d1b
0000648f
000069ca
0000525a
00004b69
00005909
00003d84
0000338e
00002e4d
00003b00
00001d7f
000017aa
0000296c
0000509b
0000710d
00007423
000072c7
00004b2e
00002b9d
0000257b
00003b7e
0000425b
00003fd3
00002337
000034bc
00003b74
0000322b
0000141d
00001652
00003aab
000041ec
0000503f
00003f2b
00002a89
00000d8d
fffffc30
000007f0
00000a54
ffffedba
ffffc80f
fffff848
00003161
00003549
0000046f
000010c9
00002f3c
00003bc0
00002716
00002691
000024cf
00002df7
fffffd32
fffff53e
ffffdd07
ffffabb1
ffff8a3a
ffffb1d8
fffffbef
00001f2f
00001671
00002341
00004800
00003ffd
00002bcf
0000138b
00001935
00003043
000015f4
000009a5
ffffe38e
ffffad92
ffff6a31
ffffb91c
fffff351
00001a53
000017ee
0000216a
00003d06
00003799
00001f0e
00000a27
000018c7
000027be
00001c95
0000207e
0000081c
ffffd61f
ffff9466
ffffc4f2
fffffe96
00001597
00002e90
0000474a
00005d08
00005af8
00004677
00003d7c
000043d7
00003d46
00003e18
00003f65
00002fef
0000217c
00002081
00001d00
0000289c
00002e8d
ffffc8bb
ffffb0bd
ffffbe1d
ffffcdec
ffffdacc
ffffda6f
ffffd8ee
ffffcf51
ffffcb9e
ffffcedb
ffffd35b
ffffcf45
ffffbee5
ffffc5aa
ffffb307
ffffce21
ffffbe46
ffff9b50
ffffb158
ffffcb06
00001979
00002b13
000010a5
ffffe598
ffffcef8
ffffc695
ffffc8e4
ffffcef8
ffffbade
ffffb8b5
ffffaec9
ffffc010
ffffc2c3
ffffbf1d
ffffbef6
fffffa71
000044b6
000070a7
00005f70
00001672
ffffeeab
ffffe4df
ffffe5a2
ffffdbad
ffffd58e
ffffd3de
ffffcbf3
ffffccaa
ffffcae0
ffffce8b
ffffcd99
0000064d
00004fe5
00009479
000087e3
00002e40
ffffe7d4
ffffd7a2
ffffde01
ffffe1bb
ffffdc50
ffffdf05
ffffca99
ffffcbb4
ffffcefe
ffffc2dc
ffffdec1
ffffe0a0
ffffe59f
fffff721
fffff97c
ffffeb4c
ffffc3b0
ffffe7e3
000001fd
00001626
0000172f
000005d8
ffffcccc
ffffc684
ffffda26
ffffe35a
00001aa6
fffffe72
ffffece4
ffffded0
ffffec7e
ffffd576
ffffd0aa
0000041f
0000231d
000044a7
00002f62
00001cfa
ffffd6f8
ffffdbc7
ffffddf4
ffffda1b
fffffa54
0000092a
00001f36
ffffe3d9
ffffc99b
ffffc8ac
00000c3b
0000357a
0000483a
00005e77
000032f6
fffff646
ffffb9c0
ffffc645
ffffd82b
ffffb726
ffffc503
fffff4ce
0000121e
ffffde7d
ffffb29c
ffffbb6b
000013f8
000049a0
00005c4f
000051e1
00002e5c
00000c9b
ffffc71f
ffffcc21
ffffd721
ffffbe55
ffffa6a1
ffffd9f9
ffffef88
ffffcb88
ffffb319
ffffc1a5
00000cce
00002196
000034c9
0000375b
000018e1
00000105
ffffd7e7
ffffd890
ffffe57f
ffffd2ca
ffffbbf2
ffffd5ff
ffffde46
ffffe384
ffffaf03
ffffb487
ffffdfab
000005ac
00002247
000020e1
00001f84
00000933
ffffe7f3
ffffd953
ffffdea9
ffffd3a5
ffffe374
ffffe555
fffffc28
00000cd9
ffffe867
ffffac45
ffffaca0
ffffc4cd
00000544
fffff2fe
ffffecdf
fffff85f
ffffe98b
ffffe16d
ffffcd56
ffffc920
ffffebbd
ffffd8d7
fffffc57
00000d74
00001d1f
fffffc76
ffffdee1
ffffd914
ffffed47
ffffe1ad
ffffd764
ffffd684
ffffe2ce
ffffe183
ffffcee2
ffffcb6d
ffffd4a2
ffffe471
fffff941
00002529
00002c75
000002da
fffff6d2
ffffe990
ffffed6e
ffffdbfb
ffffd1b9
ffffce2e
ffffd987
ffffe7ee
ffffeb53
ffffd4f5
ffffcf74
ffffdd00
fffffd42
000014af
00003767
000024d1
0000038a
fffff50c
ffffe8c3
ffffe8ee
ffffb946
ffffab35
ffffb691
ffffd1f9
ffffe0c0
ffffbd0a
ffffa79c
ffffb0b9
ffffdb04
ffffe5f1
fffffa02
fffff381
ffffe11d
ffffd7c7
ffffc497
ffffd8e7
ffffcad2
ffffcc4f
ffffbd41
ffffde44
ffffdff5
ffffbb27
ffffabf4
ffffcfe8
ffffe923
ffffeeef
ffffec6f
ffffd149
ffffbc4a
ffffd291
ffffe185
fffff1ef
ffffe1fd
ffffc82f
ffffc231
ffffea8c
fffff7df
fffff78f
00001984
00002586
00002540
000015c9
00000b1c
00000096
ffffefe6
ffffee30
fffff561
000003dc
fffff249
ffffeefc
00000fd9
0000246b
000001fe
fffff5a1
000010ee
00002046
000013f8
00000896
000004ba
ffffeec1
fffff38b
fffff25d
ffffef09
fffff27f
ffffe9a0
ffffe5df
0000166b
00001a1f
fffff2a6
ffffed5f
ffffbff2
ffff8382
ffff904c
ffffba37
ffffe6c1
ffffce13
ffffdf0a
ffffe995
fffff9e9
fffff93d
fffffbdf
fffff209
00001ef7
000028ae
ffffe9c2
ffffdb81
ffffb077
ffffa728
ffffbf3e
ffffcc63
0000038d
ffffe511
ffffe964
000000be
00000c43
00000c5e
00000ce7
ffffe9d0
00000713
000027b2
fffff7a6
ffffb659
ffff9f38
ffffada3
ffffdb4e
ffffd255
ffffe39b
ffffce37
fffff56c
fffffb3b
00001311
000004a6
00001ddb
ffffe830
00000331
000031bb
00000ab9
ffffe15f
ffffe66f
ffffdae9
ffffd816
ffffce4d
ffffe51b
ffffea51
0000048a
00001503
00003d9e
0000357c
00002524
fffff202
00000606
00002845
00001277
fffff3b1
fffff43b
00000348
ffffe886
ffffdd9a
0000057a
00001d3e
00001520
000012a5
00001125
000026c3
00001994
ffffffc0
00002e4a
00004670
0000142e
fffffaf9
fffffb75
00000e69
000002e5
0000184a
00000670
000024dc
00002528
000038d3
00004830
000054d1
000034b5
0000358b
000043cd
0000546f
00001282
fffff9a9
ffffd949
ffffd7c9
ffffcc06
ffffdb57
ffffced0
00000f97
00000e69
00002b94
00002a69
00004132
000048e2
000044ad
00004868
00004a6f
00000d28
fffffa61
ffffda72
ffffd0d8
ffffb3f4
ffff9e9d
ffff967d
ffffcd0f
fffff5fd
00000529
00000c62
000026b3
00003587
000026b8
00003d32
0000352b
000008ce
fffffb44
ffffda77
ffffc03d
ffffb865
ffffb7bd
ffffceb3
ffffcc76
ffffd488
ffffdc08
000000e6
00000e3c
000019c9
fffff9d6
00001880
0000248f
000006c9
00000f74
ffffd958
ffffc5bf
ffffc412
ffffd6a2
fffffc6d
ffffdef3
ffffd5c3
ffffdd77
00002867
00004124
00002e78
ffffecf2
0000178e
00002984
000003ef
000015bf
ffffe830
ffffe9a6
ffffea23
fffff42c
000026be
0000088e
fffff401
ffffe1d1
0000239e
00004d11
00003f30
fffff946
000016fd
00002901
000001fe
fffffba9
ffffdfd8
ffffdf57
ffffe83a
fffffc02
00000fd2
fffff25f
ffffe531
fffff014
fffffc9e
000002b7
00000f6b
ffffe918
00000724
00002b6e
00003f5b
00004c10
000046bb
00004e24
0000541f
0000685a
00006aa1
00007d41
000075f3
0000738c
0000762b
000066a7
00006a67
00006ff9
000075f3
00006555
00002657
00002e2d
0000384d
000032e8
00002940
000032ea
0000339f
000032f8
00004c29
00005fb6
00005d38
0000446b
00003adc
000044f7
00005fc1
000060c8
00005dd3
00007948
00005cb9
000047a5
000051d8
00004fbd
000056eb
00006120
00006bdf
00006aba
00006abb
00006a56
00007010
00006967
00005829
00003886
000047dc
00006359
00005ec7
00005741
00007534
000069e1
00006370
00006808
000066f8
000056cc
00004b15
0000549d
000058d5
000049f6
0000459f
000035d6
00005d19
00004739
000023c8
0000315d
00004dd0
00008406
00004b93
000045aa
00004da1
00001682
00000f12
0000285b
00002839
000030cf
000035b6
00004bd3
00005ad9
0000508b
00000d07
00001305
000012d8
00007725
000070a9
00005319
00004dc9
00002156
000016c1
00001a1f
00003303
000049c8
000061fc
000065f3
0000380e
000026a0
00001faf
00004903
0000255a
00005ca7
00006efa
00006a24
000044b1
00002884
000007c4
ffffff65
00000d09
00002db8
00004f83
000064b9
000038e9
00001e8a
000026e6
000035e0
000042c0
00004c9e
00005431
00004068
00003901
00002d74
00002f18
00001b00
00002522
000033b7
00003d63
00005779
00003305
00003957
000000e0
000003c0
00001711
00005506
0000655d
00003ffa
00005925
00006529
000071d9
00004b0c
00003a74
00003f40
00004b4a
00005f01
0000396c
0000405b
0000197b
00002c07
000049e2
00004457
00007897
000053ec
000044f3
00006ac4
00009b88
0000740f
00005d12
00003148
00003691
000043dc
00004bea
00005705
000047ed
00003ad8
00006a10
00009370
00008b07
00007135
00005c30
000050cf
00005b9c
000067ae
00005c3a
0000245a
0000279b
00003e07
00004b01
00005b8e
00002f7b
00001666
00004a39
00007bee
00005ed6
000070a4
00007bcd
0000603e
00005447
00005d3b
00004137
000008c2
00001f3b
00003598
000044aa
000048f7
000039dd
00000508
0000269e
000046c8
0000351d
00003adc
0000466a
00004a94
000043f2
00004931
000039ee
00001ead
00002f12
00003ab9
00004693
00004bd0
00004bfc
00003f94
00004e2e
000051e2
00002001
00002e99
0000293e
00002f49
0000527c
00004951
00003b33
0000278b
00003d46
00004358
000043dc
00003d32
000036cd
00003aa4
00004eae
00004987
00001b8f
0000017d
000019d9
0000488c
00006b39
00007001
000062d2
000055a0
00004629
00004d83
00003959
00003fae
00004409
00003c16
00005e77
0000618e
000043fb
000017e4
00000732
0000386a
00005828
00005665
000051b2
00006d0d
00005cdc
000057f9
00002c5a
00001dc8
00002750
0000316c
00004ca1
00005d23
00005c2a
00004718
00003c65
00004488
00003fba
00003c9f
00003f96
00004d90
0000383e
0000540d
00004205
00003719
0000262a
00001f82
00001f22
000021e7
000041ed
00003caa
000034ff
00002987
00002c83
0000142a
00001b8c
00002308
000030c3
0000439c
fffff908
ffffca03
ffffb7d2
ffffc2f6
ffffda52
ffffda41
ffffdec2
ffffeb11
ffffeae8
ffffef60
ffffef75
ffffec3e
ffffe4cc
ffffe2d0
ffffd811
ffffdcf0
fffff339
ffffa62a
ffffb491
ffffa4e4
ffffcb2b
ffffe187
ffffbf6c
ffffca52
ffffdd4d
ffffda00
ffffd64e
ffffcd9c
ffffe569
ffffe637
ffffca00
ffffdfbe
ffffff92
ffffc9b8
ffffbb13
ffff8ac5
ffffb8c6
ffffd428
ffffda5f
ffffbb69
ffffc36e
ffffbb4d
ffffb47a
ffffac4b
ffffd593
ffffd78e
ffffcf92
fffff9af
fffff73c
ffffc996
ffffb8e0
ffff8c91
ffff85b9
ffffc44d
ffffd598
ffffb7ed
ffff858e
ffff8b87
ffff99d6
ffffa25f
ffffd37b
ffffcf0e
ffffd32c
00001209
fffffa58
ffffd9bc
ffffbdc0
ffffa5e4
ffffc08b
ffffe453
ffffe0c4
ffffd7ee
ffffa4e4
ffffb4a3
ffffc861
ffffcd68
ffffe758
ffffe094
ffffee5c
00000fe4
ffffef40
000004a6
fffff8b0
ffffe2c6
ffffdb68
00000d5b
00001de9
ffffc4f6
ffffa969
ffffcdc4
ffffe162
ffffdd9c
ffffef4c
00000220
ffffff71
0000146b
ffffd579
00000413
ffffe593
ffffb974
ffffc33b
ffffb986
fffff97c
fffff6c0
ffffbe5a
fffff17a
ffffedc2
ffffc8b0
ffffb493
ffffccf3
ffffee7c
000010bf
ffffd52e
ffffff2b
000000c7
fffff8da
ffffff28
ffffc6cc
ffffef1a
ffffeb2c
fffff981
000026af
00004024
00003673
00001739
ffffd553
ffffe7e8
fffff889
ffffecf7
00000a42
0000163a
fffffc61
ffffefe6
fffffa06
00001886
000010cd
0000066f
0000065a
0000304c
00004f8d
00004c94
fffff86e
ffffe315
ffffe1f9
fffffb52
00000bb0
00001738
fffff056
ffffd1df
ffffeaa8
ffffdba3
ffffed22
ffffdfad
fffff1a1
000019e1
00003651
00003c6d
ffffecd2
ffffd746
ffffe2cf
fffff8dc
fffffb59
00001640
ffffe65d
ffffc7bb
ffffed95
ffffd9ae
ffffc49b
ffffb476
ffffc24d
ffffe77a
00000dd4
fffff23e
ffffcf78
ffffbdcd
ffffe7f8
ffffe780
fffff021
00000feb
0000057e
ffffe0e0
fffffcc3
ffffd996
ffff9fde
ffff9210
ffff995d
ffffd6e3
ffffe7fe
ffffb57e
ffffc897
ffffd1ad
fffffbc3
ffffdd27
fffff2bd
00000eb1
00000deb
fffffe9f
000001b0
00000578
ffffee17
ffff9ea7
ffffa7fe
ffffd4d1
ffffc48e
ffff9cfd
ffffd47d
ffffd8cd
00000acf
ffffbe36
fffff610
00000e1a
000037dc
00004b63
00003c1f
00002bb8
00001fb5
fffff708
000000ba
fffff66a
ffffca6e
ffffbbfd
ffffd0a3
00000753
0000257a
ffffccda
fffffe40
0000016f
00002152
00004cf0
000065a2
00004a8a
00003458
00002254
00002f19
00003142
000010b4
000012ca
0000123e
00003223
00002a7a
ffffcd8c
ffffdf89
ffffd52c
ffffef68
fffff15a
ffffe866
ffffe3cb
ffffee38
ffffe333
ffffecca
00000ab7
000009d6
00000608
fffff401
00000c81
00001714
ffffd341
ffffcdf8
ffffca5c
fffff339
fffff866
ffffe4f7
ffffd827
ffffd734
ffffd97a
ffffd8fd
ffffdc8b
ffffd580
ffffcc06
ffffbf0d
ffffbb5e
ffffc936
ffffbae2
ffffd5ec
ffffb07f
ffffd8bb
ffffefb1
ffffe9f8
fffff49c
ffffe4bf
ffffcf56
ffffe883
ffffe385
ffffd7f5
ffffcd09
ffffc3be
ffffc22d
ffffc298
ffffbf54
ffffaf80
ffff9702
ffffbf89
0000106d
00001777
00000472
ffffedfa
ffffb18d
ffffc1c5
ffffe560
ffffe13b
ffffd74e
ffffc072
ffffa985
ffffb2da
ffffd3ea
ffffe3b0
ffffe16a
ffffe1da
ffffe2e8
00002824
00000402
00000a3c
fffffabf
fffff100
00000648
ffffe211
ffffde06
ffffd2fe
ffffcb69
ffffb863
ffffdc89
ffffed97
ffffe150
fffff6fd
ffffe563
ffffe68d
ffffd08d
00002309
00001f21
00000ea8
fffff8ad
ffffde93
ffffdbbb
ffffc57a
ffffcd2a
ffffc273
ffffd6b4
ffffc33f
ffffbf1f
00000b5a
fffffef5
fffff4d2
ffffddbd
fffffc99
00002a16
0000389d
fffff9d2
ffffecd5
ffffe867
ffffc4cb
ffffd034
ffffd394
ffffc94b
ffffbcec
ffffa394
0000019d
000031e2
000027c0
00000118
fffffc97
000024ff
000045e9
000002dc
ffffeb40
fffffb38
ffffe187
ffffc9ef
ffffd216
ffffc9fd
ffffbbeb
ffffa11a
ffffe996
0000166c
000020bb
0000061c
fffffe82
00001684
00001fa7
00000a89
ffffd8df
ffffdb50
ffffdc45
ffffd47f
ffffb9e2
ffffca2c
ffffc820
ffffac9b
ffffbad2
ffffbf11
ffffd3a1
ffffe14c
0000001b
ffffd267
ffffe083
ffffe7d4
ffffd9e2
ffffceb4
ffffbff6
ffffbbe2
ffffa2ad
ffffc1fd
ffffd827
ffffac3d
ffffaf17
ffffc3a2
ffffd7bb
ffffe7f3
00001829
00001260
fffff602
ffffe84f
fffff3d6
0000031f
ffffcde4
ffffc0cc
ffff9df0
ffffc09e
ffffd99f
ffffafc0
ffffae70
ffffb0cf
ffffe74f
0000058c
00001e2f
0000388b
00004bce
00002d0f
00002f23
00002e55
ffffe5a0
ffffd089
ffffabae
ffffc905
ffffca5a
ffffb370
ffffba08
ffffba00
fffff281
000014a4
00002283
00000fd7
000013eb
0000195d
00004758
00002654
ffffec93
ffffe08f
ffffb835
ffffced7
ffffb9c9
ffffae53
ffffac3d
ffffcce8
fffff2c7
00001217
0000138f
fffff0d3
ffffdcc4
fffffb5e
00001ca6
00002033
ffffeece
ffffe1b2
ffffc567
ffffcacd
ffffb687
ffffa3d8
ffffb58e
ffffc64c
fffffdba
00002940
fffff1b4
ffffc93a
ffffcbcd
ffffd95c
fffff237
fffff2d2
ffffe3a5
ffffc4cc
ffffc9f9
ffffc116
ffff9c18
ffff7ae2
ffff7588
ffff8425
ffff92df
ffffa752
ffff8f02
ffffa78d
ffffaef5
ffffc4c3
ffffbea9
ffffa87b
ffff82cf
ffff8167
ffffa225
ffffc3ff
ffff9be9
ffff8576
ffff99b4
ffffb446
ffffbb42
ffffacf3
ffff9ad2
ffff9169
ffff9398
ffffadfe
ffffc298
ffffce1e
ffffb773
ffffca39
ffffc303
ffffaa3c
ffff7eaa
ffff7cae
ffff9e3b
ffffaf5d
ffff9a00
ffff8667
ffff78e2
ffff7a7b
ffff7c8e
ffff7af2
ffff7e36
ffff734f
ffff6e3b
ffff728e
ffff92a5
ffff9578
ffff73f0
ffff6a68
ffffd75e
ffffcee2
ffffa737
ffff9a45
ffff7084
ffff5cd6
ffff6779
ffff7555
ffff6daa
ffff56c8
ffff4a37
ffff4de4
ffff7df2
ffff9152
ffff7644
ffffc55a
00004a27
00001e85
fffff9fe
ffffc179
ffff8188
ffff80cc
ffff83f0
ffff8e60
ffff800d
ffff5d33
ffff57a6
ffff55f3
ffff85f5
ffffab0d
ffff99b2
ffffecb1
00005230
00003809
000000cd
ffffd11a
ffffab24
ffff9115
ffff980d
ffffa268
ffff8a6d
ffff8266
ffff83db
ffff708c
ffff9cb9
ffffa70e
ffffcb86
fffffdd7
00001921
00001bd5
ffffd7bd
ffffa2d7
ffffaefc
ffffbaee
ffffbac8
ffffb3a7
ffffb7c2
ffffae6a
ffffbcf3
ffffa456
ffffa787
ffffa84e
ffffd421
ffffea0e
ffffbe8d
ffffc2d4
ffffb2d1
ffff94be
ffffc47b
ffffd771
ffffe153
ffffe400
ffffda31
ffffc37f
ffffd281
ffffb68a
ffffa968
ffff93af
ffffb987
ffff9fec
ffff758a
ffff78d3
ffff7ae0
ffff732c
ffffc37f
ffffd40b
fffff6cf
ffffd3d4
ffffbebe
ffffbfab
ffffe133
ffffc60d
ffffb7bd
ffff819b
ffff8aa8
ffff7e7a
ffff651e
ffff4994
ffff5e8b
ffff37ce
ffff7653
ffff8970
ffffa74b
ffffb768
ffffab1f
ffffc536
ffffe19d
ffffb301
ffffb0db
ffff85bd
ffff8403
ffff75f1
ffff8334
ffff74e3
ffff727f
ffff77ec
ffff7097
ffff7459
ffff76db
ffff80cd
ffff64f4
ffff8587
ffffaae2
ffffa44b
ffffad11
ffff9557
ffff7d8d
ffff76ff
ffff7d35
ffff70c3
ffff8417
ffffba10
ffff8904
ffff8153
ffff80b5
ffffa215
ffff9aed
ffff951b
ffff9e43
ffff9b65
ffffaeb8
ffff8ead
ffff6310
ffff6b62
ffff82a5
ffff8e92
ffff95f5
ffffd658
ffffae4c
ffff8b41
ffff6e45
ffff8521
ffff9b7f
ffffa0e5
ffff923a
ffff73c0
ffff926e
ffff85dc
ffff6698
ffff870e
ffff93e2
ffff7c08
ffff792e
ffffa9c4
ffffacfa
ffff9fe0
ffff6bc4
ffff7a15
ffff9354
ffff9d5c
ffff9477
ffff57a6
ffff8dba
ffff9b1e
ffff762b
ffff76f7
ffff804a
ffff87da
ffff75c3
ffff7344
ffff9e77
ffffa31e
ffff7b36
ffff6dda
ffff8d26
ffff8f9e
ffff8dfe
ffff6572
ffffa530
ffffb143
ffff902d
ffff8c82
ffff8d1c
ffff9eba
ffff92a2
ffff7cc5
ffffc376
ffffb6c7
ffffa237
ffff9e44
ffffbd60
ffffa646
ffffa69d
ffff894d
ffffb3d2
ffffa173
ffffa693
ffffa6cd
ffffaa95
ffffab6e
ffff87da
ffff7687
ffff994d
ffff8e6b
ffff96d5
ffff986e
ffffb566
ffff9d0d
ffff9dba
ffff98f8
ffff9afa
ffffb193
ffffa896
ffffa1f3
ffff9dfa
ffff9c7f
ffff992c
ffff8d4b
ffff96fe
ffff948a
ffffa602
ffffaf7e
ffffc314
ffffc698
ffffa995
ffffa4a4
ffff9a90
ffffbeee
ffffa4e7
ffffa7a6
ffffa04a
ffffbb45
ffffc2ac
ffffa352
ffffa23b
ffffa4e2
ffffa93c
ffffa165
ffffa46e
ffff9b22
ffff8a2c
ffff94da
ffffb486
ffffaa71
ffffaedf
ffffc23b
ffffc4ab
ffffe829
ffffe33f
ffffad3d
ffffa380
ffff9984
ffffa1a9
ffff9ce9
ffffa260
ffff8fe8
ffff7fe7
ffff9731
ffffc10e
ffffb838
ffff9b01
ffff9536
ffffd403
000028da
00002f1b
00002654
ffffe5d1
ffffaf23
ffffaed3
ffffb7b3
ffffcfc0
ffffc16f
ffffab7b
ffffb365
ffffbf2c
ffffc806
ffffcc93
ffffcdda
00001d46
00004dcc
00004e1a
00002d04
fffff34b
ffffd3bc
ffffc6e2
ffffda36
ffffe8cf
ffffe53e
ffffdaf5
ffffd8bc
ffffd763
ffffc0b7
ffffee4c
ffffed0c
0000274d
0000047f
ffffedaf
ffffe9aa
ffffc3dd
ffffa6b1
ffffa535
ffffb3b4
ffffafec
ffffbd2f
ffffce95
ffffcddb
ffffde35
ffffb036
ffffeb80
ffffe544
ffffed41
fffff426
ffffde4e
ffffc4e0
ffffc4bd
ffffbfaa
fffff0d5
00000593
ffffe9ea
ffffc719
ffffd47c
ffffd451
ffffd112
ffffa89c
ffffca97
00000544
00001d5d
00005976
000039bb
00001742
ffffe85c
ffffea8f
00000046
00002de4
000011f5
ffffda32
ffffd8e5
ffffd9ae
ffffa9c5
ffffa4b3
ffffa0f5
fffffdc4
00001823
00007421
00004a5a
00005142
00002d86
00003a4f
00003cac
00003aec
00000ee3
ffffdb2b
ffffb77d
ffffc809
ffffabea
ffff9816
ffff8d6c
ffffd251
ffffdf9d
00002ff7
000000c6
000027fa
00004e33
00008b68
00007035
0000371a
000021e0
fffff4ea
ffffc44f
ffffaff4
ffffb373
ffff90d1
ffff8e9c
ffffc95d
ffffe23e
fffffa7d
fffff925
0000230d
00002c75
00006719
00004a2e
000045d3
00003749
00002429
fffff96b
ffffba7d
ffffb160
ffff9d2d
ffff90ef
ffffd26f
ffffddcf
ffffdee5
ffffdc93
00000184
0000000f
00000ac9
000008bb
00001ea4
00001c1b
00001e45
fffffd97
ffffd558
ffffb1fd
ffffa341
ffff8062
ffffb49b
ffffae76
ffffb79d
ffffd6c3
ffffe8c4
fffff63d
ffffceaa
ffffc461
ffffebcc
ffffe7f1
fffff168
ffffee32
ffffcab1
ffffbfc0
ffffb9be
ffffa5c8
ffffa641
ffff9437
ffffa8df
ffffca53
ffffec31
ffffe1b4
ffffd3e3
ffffce09
ffffd38e
ffffc46d
ffffd99e
fffff186
ffffe0ac
ffffbaaa
ffffc413
ffffabab
ffff924a
ffff7a3c
ffff7f6b
ffffa424
ffffd05a
ffffe68f
ffffcf85
ffffbb9d
ffffafd8
ffffa931
ffffb3cb
ffffcb29
ffffdc08
ffffca26
ffffc55a
ffffa63a
ffff98f6
ffff83e4
ffff8aa8
ffffa9c0
ffffc30b
ffffebdd
ffffcb17
ffffab61
ffffb6a9
ffffa0a1
ffffb4ee
ffffc7c5
ffffe98e
ffffcf85
ffffbc48
ffffaff7
ffffa0b1
ffff8e83
ffff94d4
ffffa7ec
ffffb72f
ffffac08
ffffaaf1
ffffadef
ffffb88a
ffffa4e8
ffffb11a
ffffc0d8
ffffd386
ffffd733
00001310
000008f7
fffffa0e
fffff353
00000599
00001c5b
00002d23
00001152
00002551
000013b0
00000d49
00000c8b
000007fa
ffffeb09
ffffefea
fffffe54
00002307
00003a36
00001699
0000238b
000018b7
00006371
00006c3e
00002d86
00001c3b
00001399
00000bff
00001186
00000230
fffff45d
00000e81
00001077
fffff252
ffffbf75
ffffeaba
0000406c
00003bee
000079be
00008e40
0000167d
ffffecfe
ffffeb4a
fffff7a3
ffffecfe
ffffc4c1
ffffadf5
ffffba1d
ffffd472
ffffe0d3
ffffcd79
ffffd5ba
000008ea
00000107
000038ba
000031f3
00000a4b
ffffd51f
ffffda79
ffffe199
ffffd19b
ffffcd4f
ffffd2d2
ffffe0f9
00000279
ffffd397
ffffd970
ffffaeb5
ffffcf56
ffff97ae
ffffa63a
ffffe5f9
000016fe
00000783
00000bb0
00000566
00000533
fffffb9b
00000edd
00001baa
00001e03
ffffebe1
ffffce13
ffffa4ba
ffffcd63
ffffa5d4
ffff6581
ffffb58d
fffff5bb
00002376
ffffe36f
ffffe4bc
fffff745
fffff0dc
ffffeaba
00001319
00000d67
00000318
ffffe8c0
ffffa228
ffffa14a
ffffa374
ffffba1b
ffffc138
ffffd822
fffff0ce
ffffdd38
ffffe983
fffff2b6
ffffe9ff
ffffe86a
00000ea9
000008ff
000009e3
ffffff56
ffffb1dc
ffffbab1
ffffca97
ffffcf9a
ffffc4d1
ffff9a7d
ffffba49
ffffd716
ffffefcb
ffffdce0
ffffdb8c
ffffd1dc
fffffafc
00000459
fffffdf8
fffffb6f
ffffad79
ffffb3e4
ffffd83a
00001d36
00001e3d
ffffe2d9
ffffc656
ffffd08e
ffffcd46
ffffd29d
ffffd10f
ffffc25d
fffff2d2
fffff89f
000007d9
ffffe9d2
ffffa55b
ffffa699
ffffc8ef
000020bf
000007ce
ffffe1d6
ffffff58
fffff3b8
ffffd43c
ffffcb0b
ffffd19b
ffffc4c3
fffff0b6
ffffe94c
00000548
ffffd524
ffff9887
ffff9c7f
ffff9933
fffff15b
ffffc7dd
ffffc124
ffffc571
ffffc573
ffffcf87
ffffd18b
ffffd194
ffffc3ed
ffffe262
fffff1ef
fffff30d
ffffd32b
ffffa894
ffffade3
ffffcc1d
ffffe145
ffffdd11
ffffb96e
ffffb67f
ffffd500
ffffcdba
ffffd52b
ffffcbf6
ffffcb97
ffffeeff
fffffb71
ffffdac7
ffffbd2b
ffffb7ad
ffffc84d
ffffcf80
ffffeaab
ffffddac
fffff56f
ffffd4e1
ffffd96b
fffff6f4
0000010d
ffffc828
ffffbe95
ffffe3b2
fffff602
fffff297
ffffe5f6
fffffcf6
fffffce4
000003e2
000012fa
0000070e
fffff6dc
fffff010
00000b45
00002602
00000896
ffffe093
ffffb9f0
ffffff19
00001a7e
fffff798
fffff99f
000004cc
ffffe6ec
ffffe655
000003d1
00001787
fffff864
000013f3
00002778
0000320c
0000090c
fffff886
ffffbb1c
00000533
00000480
fffff452
fffff43b
ffffedfa
ffffddac
ffffe28d
000002ad
ffffffc5
ffffefef
fffffb21
0000004a
0000063f
fffff599
fffff985
ffffd0e0
ffffff69
0000033b
ffffad4b
ffff8d9a
ffff94dc
ffffac9d
ffffa446
ffff9961
ffff829d
ffff7b18
ffff7ff3
ffff76f7
ffff77c4
ffff7c72
ffff7eb2
ffff7542
ffff7c4a
ffff92cb
ffff9e65
ffff9d77
ffffb17b
ffffbc59
ffffade2
ffff7ddc
ffff4faf
ffff5c8f
ffff7323
ffff84e1
ffff77f9
ffff6bde
ffff55a0
ffff4af7
ffff66aa
ffff9528
ffffb0b1
ffff94c5
ffff8367
ffffb514
ffffcd1e
ffffcc8d
ffff8346
ffff8ac7
ffffa117
ffffb278
ffff9b5c
ffff90ae
ffff8172
ffff75ef
ffff811c
ffff9be7
ffffbf50
ffffd7ab
ffffe6f7
00002d23
fffff4b8
ffffcbef
ffffb9e7
ffffd06f
ffffe362
ffffde4e
ffffc4c9
ffffa33d
ffff8570
ffff79a8
ffff9442
ffff8ea1
ffffbe1f
ffffc392
ffffbe82
00000c7c
ffffdea9
ffff8c6e
ffff876a
ffffa9df
ffffe6e2
ffffc8a7
ffffaae6
ffff9620
ffff903c
ffff8925
ffffa201
ffffa970
ffffd0f6
ffffc89f
ffffb2f9
ffffbbb4
ffffadb9
ffff99f0
ffff7b59
ffffad7c
ffffda81
ffffe93a
ffffd243
ffffc85c
ffffbe24
ffffc5b8
ffffcd94
ffffc053
ffffdd26
ffffc40f
ffff846a
ffff59a0
ffff96fb
fffffa05
ffffcfce
ffffb3aa
ffffc322
ffffdc52
ffffbe63
ffff9666
ffffb1ea
ffffdf7a
ffffd0c2
ffffc330
ffffd2a8
ffffb357
ffff6fe4
ffff3b61
ffff8a66
fffff1d6
00000e0b
ffffc1d5
ffffad13
ffffb379
ffffaa70
ffff883c
ffff8910
ffffbaf6
ffffae86
ffff8ec1
ffffc37e
ffff9274
ffff6427
ffff45d6
ffff6724
ffffd068
00001f92
00002b24
ffffd11d
ffff9b6e
ffff8f94
ffff819c
ffff712a
ffff87b9
ffff8561
ffff9201
ffffab30
ffff89f5
ffff63e7
ffff75ce
ffff823e
ffffa933
fffff1f6
00001b7d
0000101a
ffffdea4
ffffc7a7
ffffbcbb
ffffb582
ffff8c13
ffff8931
ffffa670
ffff9c26
ffff7ff2
ffff67f3
ffff6653
ffff8067
ffff995e
ffffb6c2
ffffe868
0000052a
ffffe02d
ffffe762
fffff870
ffffeb5a
ffffb1fa
ffff8f91
ffffaac5
ffffa864
ffff8a82
ffff7a42
ffff6cbe
ffff7f8f
ffff9720
ffffa970
ffff9aeb
ffffab92
ffffae0e
ffffff4c
000029df
0000080d
ffffcc79
ffffa1cd
ffffaf35
ffffb30e
ffff9a23
ffff98dd
ffff8a9e
ffff7f01
ffff778f
ffff8cae
ffff7e89
ffff9c68
ffffc3de
000011c4
00004bfc
00002c47
ffffc79f
ffffaaa0
ffffbfa7
ffffae06
ffffa53d
ffffb07e
ffff9407
ffff79fa
ffff9034
ffffa944
ffff9cc3
ffff8f97
ffffae8d
ffffee06
000036a7
000031e7
fffff2a9
ffffda16
ffffcfee
ffffb198
ffff95e8
ffffb8ae
ffff9827
ffff8adb
ffffa140
ffffa713
ffffa144
ffffaf50
ffffb6ba
ffffe0df
fffffef2
00000360
ffffdd4d
ffffc3be
ffffc726
ffffb682
ffff9c37
ffffa35c
ffff962a
ffff9469
ffff94f5
ffff91e9
ffff8220
ffff8bd8
ffff994b
ffffbc3a
ffffb90e
ffffc39e
ffffb636
ffff9ccf
ffffbce0
ffffe10f
ffffd7ee
ffffc6bb
ffffcd9c
ffffdc5d
ffffe82a
ffffe33a
ffffe6e6
ffffdfc6
ffffe6a7
fffff621
ffffef15
ffffe267
ffffd562
ffffd1e5
ffffdc9b
ffffe9e4
ffffc96a
ffffb4c1
ffffc528
ffffcb8f
ffffcc99
ffffda66
ffffe05a
ffffdc4b
ffffe0c5
fffff0de
fffff46d
ffffe612
ffffd152
ffffbf3c
ffffd101
ffffe962
ffffe016
ffffcc95
ffffa478
ffffc67b
ffffc998
ffffd3e2
ffffdf69
ffffda04
ffffd3bc
ffffe05a
fffff65f
ffffedf6
ffffd557
ffffc1d9
ffffd5f3
ffffff50
00000c4e
00000132
ffffb9ff
ffffb97f
ffffac58
ffffb411
ffffd23f
ffffe0b1
fffff3fd
fffff9ab
fffffa1a
00000159
fffff844
00000500
fffff852
fffffe7d
fffff705
fffff758
ffffc97d
ffff9937
ffff85ec
ffffb146
ffffc451
ffffc8d9
ffffcc36
ffffe33d
ffffd8d8
ffffe997
fffff280
000004da
fffffba5
fffff5d6
fffff3f4
0000109b
fffffb1f
ffffe36d
ffff9c15
ffffa790
ffffac04
ffffbf34
ffffd42d
ffffeaab
ffffeb45
ffffebf5
fffff567
fffff441
fffff7ee
ffffe846
ffffe29d
ffffebe2
ffffd983
ffffd4bd
ffffa263
ffff8ce3
ffff7aae
ffff8f4f
ffffa8fc
ffffbb19
ffffcb5e
ffffd4e7
fffff3ec
ffffebff
ffffe972
ffffe938
ffffdc8f
ffffe1c9
ffffe17d
ffffbc11
ffffa212
ffff9b49
ffff79b2
ffff9ec6
ffffacd9
ffffae51
ffffad54
ffffb3f4
ffffde38
ffffdbaf
ffffe5a3
ffffe418
ffffe5ed
ffffe9f3
fffff3a1
ffffd97a
ffffc578
ffffa74d
ffff88b4
ffff9aa5
ffffbad9
ffffb54b
ffff9a65
ffff99ef
ffffbd0f
ffffcd7f
ffffeacc
ffffe12b
ffffe662
fffffcf8
00000c92
00000692
ffffe089
ffffcd72
ffffb94a
ffffb9c6
ffffbd6f
ffffbc64
ffffaaee
ffffa256
ffffaf90
ffffc6b2
ffffe568
ffffe33d
ffffd70e
fffff2c8
ffffff7a
00001983
fffff79c
ffffee40
ffffe395
fffffb6a
ffffe710
ffffd001
ffffbce9
ffffa776
ffffb50a
ffffcb87
ffffe6e3
ffffdbe1
ffffbc57
ffffd18a
ffffebdf
fffff0df
ffffe72a
fffff091
000007c2
00000bb0
ffffeb2a
ffffe8b2
ffffd19e
ffffb7be
ffffc15d
ffffd747
ffffea43
ffffdd67
ffffccca
ffffd561
ffffdd9b
ffffce89
ffffcc0f
ffffe01d
fffffdae
000011f0
ffffefc8
fffff551
fffff3fd
ffffe4e2
ffffef22
ffffe7b6
ffffee70
ffffc2a4
ffffbc38
ffffcc04
ffffcd2e
ffffd140
ffffc642
ffffc973
ffffd204
ffffd952
ffffd444
ffffd698
ffffdaad
ffffd7d1
ffffe6df
ffffd611
ffffe309
ffffd894
ffffcb0b
ffffec3b
fffffb55
fffffc59
fffff022
ffffe929
ffffe054
ffffda4e
ffffede2
0000028b
0000158e
000010c5
000006d5
ffffeee2
fffff895
ffffdc55
ffffd962
fffff1f5
00000656
00001009
000012f1
00000d7f
fffffe9e
ffffee5e
fffff526
fffffc48
000010d7
0000279f
000014eb
0000070c
00000c75
ffffbfcf
ffffc8b4
ffffec48
ffffe410
ffffd836
ffffe5c7
ffffd38b
ffffc08a
ffffa949
ffffbd58
ffffb3a6
ffffbd17
ffffb11d
ffffad67
ffffb228
ffffb5f4
ffffdc67
ffffe8ae
ffffc250
ffffe62f
ffffb5f2
ffffbb5a
ffffdb7b
ffffba0b
ffffa5eb
ffffb695
ffffaf3c
ffffaf85
ffffa6a5
ffffa65f
ffffc75f
ffffdb61
ffffddb6
fffff3a4
ffffa620
ffff5ddd
ffff55a5
ffff935d
fffff6d2
ffffddd7
ffffc2e2
ffffc69c
ffffc38e
ffffb846
ffffb75b
ffffc742
ffffd7f3
ffffe0a6
ffffdc40
00001029
ffffe659
ffff7bf7
ffff9818
ffff7722
ffffb119
ffffdd6f
fffff201
fffff229
ffffebfe
ffffe4b8
ffffd827
ffffe703
000003c3
00000419
ffffdf8d
fffff95f
ffffe09b
ffffadb2
ffff9be4
ffff2246
ffff663d
ffffb2d0
ffffd868
fffffcf1
fffff063
00000494
fffffcfa
000004ec
00001161
00000f40
ffffe14d
fffff53f
fffff8b3
000011d6
ffffc7d2
ffff70e6
ffff8845
ffffb8a5
ffffc550
ffffce10
ffffead5
000022d9
000008d0
ffffff7a
00000269
ffffef74
ffffda84
ffffcdac
ffffd808
ffffe58f
ffffe957
ffffe9f3
ffffe610
ffffe1ad
ffffc543
ffffbc29
ffffdfb1
ffffe879
ffffe719
ffffc983
ffffdc0a
ffffcf4a
ffffe7fc
ffffd888
ffffc1b2
ffffb9b2
fffffe08
00000e4a
fffff010
fffff0de
ffffd564
ffffd303
ffffd3b2
ffffe333
ffffedbe
ffffe87d
0000072c
fffff26c
ffffcfe9
ffffd9c1
ffffcb14
ffffe6ef
00003cb4
0000521b
000042bf
00002bfb
00001065
ffffec75
ffffc700
ffffb5c3
ffffd8bc
ffffe8e1
00001523
00000451
ffffd565
ffffea00
ffffe80e
000025b8
00003fe9
00006f80
00006835
0000115e
fffffa1c
00000b75
ffffe97a
ffffda6a
00000a35
00001709
00001abd
00000458
ffffe055
ffffe682
ffffd825
00002ef8
00002c86
00001f46
fffff17b
fffff826
ffffe2ec
ffffe1e8
ffffebcc
ffffcb15
fffff667
00001897
000027a3
000005ff
ffffd974
ffffd8c1
ffffc785
fffffef1
00002f5e
00001dd4
fffffdca
ffffd3b0
fffffd53
fffff6cb
00001f37
00000b18
0000215c
00001a45
0000327c
00000526
ffffcab8
ffffe76e
ffffd461
fffff630
000032aa
00003686
00003182
fffff8f7
0000023a
00000477
0000316c
00002f7d
00001273
fffffd45
000032e2
ffffee7f
ffffd65f
fffff6b5
ffffdae7
ffffebd6
fffffde1
00001048
00001e92
00001e52
00001aff
00000e00
00001f8c
00000cd8
00002a74
00001354
00002e9c
fffff944
00000472
00004b38
0000451c
00001e81
00000be5
00002cac
00004d61
0000414f
00003b2f
0000245d
00001ec4
fffffca3
0000392f
00000aba
00003203
ffffe86e
ffffcbac
fffff701
ffffdd33
ffffc545
ffffcbf8
ffffdbb1
ffffe08f
ffffe819
000000c4
ffffec45
ffffd7c4
ffffb44e
ffffdc0c
ffffe764
ffffe751
ffffd558
ffffebff
ffffd30e
ffffbff4
ffffc147
ffffd2ed
ffffe384
ffffecc5
ffffe7fe
ffffe426
ffffe86b
ffffde5e
ffffdbfc
ffffd03c
ffffcd66
ffffcc49
ffffd298
ffffde23
ffffd59e
ffffc220
ffffa9f0
ffffb5c9
ffffd093
ffffde35
ffffdcb6
ffffdedc
ffffe0e6
ffffde6f
ffffd230
ffffc155
ffffcdfe
ffffcf53
ffffc076
ffffd56f
ffffd1dd
ffffb07a
ffffaebd
ffffd2b7
fffff828
ffffdb04
ffffc3e4
ffffc00a
ffffc66f
ffffbec8
ffffacbc
ffffa9c6
ffffa745
ffff9f2d
ffffa420
ffffd298
ffffcde7
ffffc2ec
ffffb629
ffffeb87
000002c1
ffffb529
ffffacfa
ffffd2f6
ffffb732
ffffa6dd
ffff9aa9
ffff8f0c
ffffa04e
ffff98ac
ffffaa4e
ffffc921
ffffaaa0
ffffaace
ffffa695
ffffcad7
fffffd26
ffffee47
ffffdac5
ffffe5bd
ffffe6b8
ffffac1f
ffff9935
ffff8a30
ffff85fc
ffff950e
ffffa901
ffffd18f
ffffa676
ffffa6e1
ffff9e1c
ffffcedd
000037ba
00005ea6
0000308f
00002fa4
00000a17
ffffd74b
ffffbf08
ffffbcf3
ffffa6ec
ffff9b96
ffffac31
ffffd196
ffffb7c5
ffffad48
ffffb659
ffffcc8f
00002086
00002271
000032ea
000000e3
ffffedff
ffffc716
ffffbb47
ffffbf7d
ffffb79e
ffffa1a8
ffffaf72
ffffd1ca
ffffce1b
ffffb5ec
ffffc1eb
ffffc082
ffffcd33
ffffba27
ffffd619
ffffcba7
ffffa1b9
ffff8872
ffff8614
ffffaf5a
ffffbaa6
ffffb795
ffffbdc6
ffffd4be
ffffdc1a
ffffb557
ffffba57
ffffd9fb
ffffd9d6
ffffaeb3
ffffa586
ffff81f3
ffff89cd
ffffa15a
ffff9eb8
ffffbacf
ffffb890
ffffaea0
ffffb8db
ffffce16
ffffcb22
ffffbb1f
ffffc20f
ffffeb17
ffffea2b
ffff9ff0
ffffa3cb
ffff91d6
ffff82e8
ffff89e1
ffff8d11
ffffcf9f
ffffc07a
ffffb002
ffffb279
ffffbb06
ffffbaa4
ffffbfb9
ffffc6fc
ffffc4f3
ffffdc3e
ffffdf23
ffffcade
ffffb527
ffffb7cb
ffff9c87
ffff939c
ffffb42e
ffffc536
ffffc21d
ffffbd0a
ffffb693
ffffc719
ffffc868
ffffd902
ffffcd9c
ffffc47d
ffffd72d
ffffdf3a
ffffc78a
ffffb400
ffff945b
ffff8fba
ffff8303
ffffa979
ffffceee
ffffd938
ffffbcba
ffffd254
ffffe0b8
ffffd261
ffffccf6
ffffb766
ffffada9
ffffc4a1
ffffc56c
ffffb350
ffffadd8
ffffaaab
ffff826b
ffff8ab4
ffffc204
ffffda35
ffffd164
ffffe36c
fffff41c
ffffe05d
ffffdd85
ffffd792
ffffe537
ffffdcd5
ffffb9b6
ffffbf44
ffff9bd6
ffffa9de
ffff8cab
ffff8cb1
ffffc070
ffffd42d
ffffe8b1
fffff088
0000002e
fffffe65
fffff8de
fffff559
00001200
ffffebab
fffff3b7
fffff123
ffffd0c1
ffffca4e
ffffb82a
ffffa3ca
ffff9f7c
ffffc8e0
fffff77e
ffffe526
fffff21c
00000076
000001d5
ffffff34
00000807
fffffcc0
0000043f
00000628
00000075
ffffed8a
fffff5c2
ffffdd9f
ffffe51f
ffffe117
ffff997e
ffff9c93
ffff8a89
ffffa0ae
ffff9cf4
ffff9d79
ffffb180
ffffb658
ffffaa7e
ffffbfaf
ffffc89f
ffffb93c
ffffa031
ffff90c8
ffff8931
ffff9f9c
ffff8c52
ffff920c
ffff7fd0
ffff7dfc
ffff8c35
ffff8366
ffff8aba
ffff9fc1
ffff9fed
ffffb3aa
ffffb65e
ffffae62
ffff935e
ffff86e5
ffff73cf
ffff89b9
ffffa160
ffff9d7c
ffff8552
ffff3123
ffff674f
ffff9a8b
ffff9db4
ffffae29
ffffbf2d
ffffb0c9
ffffb106
ffffc37f
ffffc6cf
ffffa773
ffff80ce
ffff88ab
ffffaf65
ffffb585
ffff8d53
ffff1804
fffefcb2
ffff3980
ffffa6c6
ffff6f39
ffffa986
ffffc342
ffffac98
ffffaeaf
ffffb4f6
ffffc03e
ffffaba1
ffffa32f
ffff9c39
ffffaceb
ffff85f2
ffff1f4b
ffff015d
fffef15c
ffff7af3
ffff6cb8
ffff9615
ffffbf09
ffffb00e
ffffabc9
ffffc006
ffffc31c
ffffb4ec
ffffabe6
ffffa49d
ffffae49
ffff8fdf
ffff8e89
ffff7c83
ffff614f
ffff928e
ffffac42
ffffbd59
ffffd85f
ffffc3f2
ffffa60e
ffffcb83
ffffc168
ffffa6b5
ffffae88
ffffad94
ffff8949
ffff773c
ffff97a2
ffffc26a
ffffbc3a
ffff9b37
ffffa388
ffffbdbb
ffffb94f
ffffb282
ffff9a47
ffffa625
ffffbd9d
ffffaab9
ffffb241
ffffa754
ffff902c
ffff79ec
ffffa35f
ffffb93c
ffffaf7d
ffff67bf
ffff7b04
ffff9d48
ffff9f04
ffff95ca
ffff7abd
ffff7437
ffff8e9e
ffffa840
ffff9f8f
ffffac0d
ffffa92b
ffff9cc8
ffffc177
ffffaf49
ffffa9dc
ffff7df9
ffff69c9
ffffa193
ffffa493
ffffb152
ffff8bc1
ffff63b5
ffff8952
ffff86ee
ffff9a96
ffffb838
ffffb9ce
ffffbfa2
ffffde84
ffffe04e
ffffc929
ffff9c2c
ffff8654
ffff6d9e
ffff79e7
ffff7f95
ffff77ca
ffff7fa8
ffff9ebe
ffff91e3
ffff9a47
ffffaf19
ffffbb96
ffffcb54
fffffeb4
fffff7ce
ffffea80
ffffcc99
ffffbcad
ffffb0e9
ffffa458
ffff8a7c
ffff813f
ffff8755
ffff972d
ffff945a
ffff9339
ffff99de
ffffa52a
ffffc183
ffffd386
ffffed9c
ffffea80
fffffbc8
fffff522
ffffdf81
ffffc523
ffffcbe0
ffffbb7c
ffff9a27
ffff9b7a
ffffb55c
ffff9e34
ffffaf5c
ffffc03a
ffffbd26
ffffc29d
ffffbf66
ffffca15
ffffd5c9
ffffef05
fffff500
fffffc1f
000005a5
ffffe867
ffffb404
ffff91b5
ffffa81f
ffffaf62
ffffaccf
ffffb7a7
ffffbf3b
ffffcb22
ffffc65a
ffffa861
ffffabee
ffffc671
ffffe563
ffffe02b
ffffed90
ffffd483
ffffb41c
ffffb986
ffffabde
ffffacb2
ffffb47c
ffffba0c
ffffcdab
ffffefad
00001867
00000b13
ffffd634
ffffb8c6
ffffdae3
fffff135
fffffc72
fffff9b9
fffffbde
ffffd4dd
ffffb8b4
ffffb9d3
ffffc592
ffffaee3
ffffbe0c
ffffe0a9
ffffed07
ffffece7
ffffef80
ffffdf75
ffffc84a
ffffcded
ffffeba8
fffff3b2
fffff511
ffffddc8
ffffdd4b
ffffd384
ffffe073
ffffd7e7
ffffdfd7
ffffeb9a
fffffcc1
fffffd85
ffffe794
ffffe4ef
ffffe08e
ffffde50
ffffd4d4
ffffd5e5
ffffced7
ffffdcd4
ffffd0e4
ffffd075
ffffdd86
ffffebd2
fffff5ff
fffff458
000010fb
0000099d
fffffec7
fffff14b
ffffdbeb
ffffdc5b
ffffdd56
ffffd277
ffffcd46
ffffd6e9
ffffd279
ffffe23c
ffffd247
ffffd1a1
fffff105
ffffe6e3
fffff615
0000008f
00000ace
fffff6ec
ffffa64b
ffffa873
ffffacd2
ffffb735
ffffaf28
ffffbe19
ffffb7b6
ffffc1e6
ffffd495
ffffe939
00000ae4
000002bd
00000ec8
fffff7ec
fffff03e
00000ab4
ffffd10b
ffffa51f
ffffa9dc
ffffc83e
ffffce33
ffffe0c1
ffffe07b
ffffd806
ffffe967
ffffdf75
00001b2d
00002de0
00003753
000036ad
000026c1
00004af2
000013a0
ffffe038
ffffca4d
ffffd94d
ffffd4ce
ffffdaf6
ffffe548
ffffdc95
ffffecb8
fffffbdf
00004a24
0000401d
00002cbb
00003d16
000022dd
00004067
00002709
00000450
fffff71c
fffffdc6
fffff532
fffffaa2
ffffedc0
ffffef4d
ffffdc3e
fffff48d
00003c52
00005c7f
000040be
000069b0
00007e30
0000289c
fffff2f2
ffffdb4d
ffffd708
ffffd118
ffffd8f9
ffffee57
ffffd46d
ffffd8cc
ffffc360
fffff27a
00003643
00006156
0000492d
00004b7e
00003c6f
0000145c
ffffdfd2
ffffd722
ffffc7e4
ffffbdab
ffffd910
ffffe391
fffff2d1
ffffc844
ffffc89c
ffffd8da
0000125c
00003571
0000476d
00004b88
00003856
000040e8
00002fab
00002644
000028a0
00000174
fffffca9
ffffe0da
fffff137
ffffc2ee
ffffc2f3
ffffd520
000003d4
00001ad8
000052e3
00005ae3
00004741
00003be7
00001a5c
000016dc
00003fc7
000031d3
00001ac7
fffff7dc
fffff1e6
ffffc2c7
ffffb63f
ffffcb34
fffff9b1
0000093a
000032c6
00002069
000027eb
00000f9e
fffffd30
ffffec67
fffff6d3
ffffff70
fffff9f5
ffffe592
fffffde0
ffffcc65
ffffb6c0
ffffb16b
ffffcd8c
ffffeba8
00001659
00000000
00001519
fffffe8d
ffffee36
ffffdf17
ffffec02
ffffe6cb
ffffb826
ffffbf4e
ffffeb3f
ffffdf5c
ffffb81f
ffffa776
ffffbdfd
ffffce6d
fffff61e
000018d2
0000309f
0000255e
fffffa86
fffff5d1
ffffd313
ffffb6e3
ffff8e95
ffffa9a5
ffffc6e2
ffffcf4b
ffffd4f3
ffffdbbb
ffffece5
ffffe1d0
ffffea87
fffffe80
000018f6
00001d84
ffffef04
ffffe0f3
ffffd151
ffffc282
ffffb12b
ffffcaa0
0000046b
fffffab6
ffffd801
00000316
000017d1
00001326
00000578
fffffb59
0000011a
fffff1e9
fffffabc
fffffbb1
fffff183
ffffec0f
ffffd843
ffffde5e
fffff929
ffffe305
ffffc5db
ffffe3c4
fffffe74
00000cb8
0000039d
fffff009
fffff206
ffffe66e
fffff6ad
fffffb20
fffffdfd
fffff2f5
00000097
ffffffb7
fffff625
ffffeaac
ffffe086
ffffd0f7
ffffd641
ffffd7c5
ffffdf12
ffffed1d
ffffd4c6
ffffc77a
ffffcdb3
ffffce3e
ffffd0d4
ffffcf32
ffffb735
ffffa383
ffffb908
ffffcdc6
ffffcfcb
ffffd53b
ffffe273
ffffbdb9
ffffd604
ffffdeb1
ffffd672
ffffc094
ffffc326
ffffd458
ffffce62
ffffce69
ffffaa88
ffff95bf
ffffbdf7
ffffcb31
ffffacd3
ffff9e1a
ffffa918
ffffa2e9
ffffc179
ffffe9bc
000028ca
fffffec2
ffffcb73
ffffce46
ffffd198
ffffcb19
ffffb62b
ffffa8dc
ffffb99a
ffffa916
ffffc78a
ffffc1bb
ffffb264
ffffaea0
fffffd38
00000267
000049c1
00004848
fffff51d
ffffd656
ffffd60a
ffffd042
ffffce1f
ffffb7ed
ffffc316
ffffb114
ffffd861
ffffd8d2
ffff7fd0
ffff91cf
ffffba48
ffffdafb
000005bb
00004502
000031f0
ffffebef
fffff9b5
fffff993
ffffe221
ffffd648
ffffdf74
ffffc5ca
ffffec96
ffffeab0
ffff9721
ffff9e72
ffff895d
ffffa723
ffffc86c
ffffe2d6
00000322
ffffd0c7
ffffcebf
ffffebfe
ffffec3f
ffffedc1
fffff629
ffffdf03
fffff509
ffffeb7e
ffffc4eb
ffffc738
ffffc669
ffff9787
ffffe46f
ffffb186
ffffc0af
ffffaf43
ffffa9a5
ffffb641
ffffd27f
ffffe2f2
fffff77a
ffffd213
ffffdd03
ffffc5fc
ffffaa5c
ffffc8b7
000007f9
ffffc69c
ffffdfd0
ffffa210
ffffcd94
ffffe3fd
ffffd060
ffffb105
ffffad3d
ffffc630
ffffe0c7
ffffc661
ffffcdfd
ffffb255
ffff9667
ffffbf26
fffff765
ffffd1bd
ffffe3ff
ffffb48e
ffffca95
ffffe970
fffff2e9
ffffcff5
ffffcb1b
ffffbf85
ffffca1d
ffffb7b9
ffffc601
ffffac76
ffff981f
ffffb720
ffffe188
ffffe47a
ffffe769
fffff857
ffffe26e
ffffd446
ffffce45
ffffd871
fffff127
ffffdf9d
ffffe910
ffffb823
ffffdcaa
ffffbc52
ffffa6e0
ffffa89d
ffffce80
ffffd9f4
ffffd4a4
fffff412
fffff72d
ffffbd07
ffffc547
ffffc4cc
ffffdcf6
ffffd051
ffffda82
ffffb5c5
ffffd96a
ffffbd1c
ffff9cc8
ffffa260
ffffcab0
ffffd3c1
ffffddcb
ffffe057
ffffe0fe
ffffc008
ffffda00
ffffd26c
ffffded6
ffffbb2a
ffffdfa9
ffffc477
ffffc9bc
ffffb311
ffff95d1
ffff8f8a
ffffb5b4
ffffc95c
ffffc539
ffffe594
ffffd72a
ffffd5a5
ffffd39f
ffffc1fd
ffffd0b8
ffffa001
ffffc6da
ffffc895
ffffebda
ffffb77a
ffff9982
ffff8849
ffffa358
ffffc2cc
ffffd78b
ffffe3dc
ffffc55a
ffffd507
fffff5c4
ffffd83a
fffff322
ffffc06f
ffffe8f0
ffffe9ba
fffff89c
ffffcf62
ffffa412
ffff9963
ffff8dd0
ffff9798
ffffbd5c
ffffdbf5
ffffc6c5
ffffd429
ffffd0e2
ffffb60e
ffffcb3f
ffffb9ad
ffffec1d
ffffe2e2
fffff7d5
ffffd68b
ffffb8a7
ffffa89e
ffff99a3
ffff9f7e
ffffbd77
ffffb8a1
ffffbbc3
ffffb66b
ffffadcc
ffff8d34
ffff9dd1
ffffafa1
ffffdc4b
ffffdbdc
00000a1c
ffffef20
ffffe9bd
ffffe5b3
ffffd884
ffffc104
ffffe023
0000029b
000005b0
000006fd
000007c0
00000d5e
00001d96
00001c7e
fffff8af
ffffd07a
00001e1f
00000575
ffffde4e
ffffd3f7
ffffc5d2
ffffafff
0000070e
00000f18
00000382
00001050
000022bc
00002a4a
00003296
000038b8
00003d97
fffff606
000006f5
00001710
fffff40d
00000f9c
00000a5c
ffffc76f
00001610
00000a62
ffffd4df
ffffe533
00001057
00000cf2
000005cb
ffffee70
fffff6d1
ffffddf7
000014c4
ffffdfc2
ffffecf6
00001020
00001f8b
ffffedea
ffffd8dc
ffffc543
ffffaba5
ffffbaa4
fffff1dc
ffffea7e
ffffe2f8
ffffe97f
00000538
ffffe5d9
00000965
ffffc002
fffffcbf
000056f6
00006f43
00006469
000013b0
ffffaf8c
ffff9b62
ffff9ed7
ffffca1e
ffffc720
ffffd135
ffffdf4d
000014ca
ffffeb74
00000727
ffffdb2a
fffff903
00001fb3
0000633e
00008d50
000056a2
ffffee12
ffffe530
fffff1a7
000014b9
00000b9a
00000b3e
0000026d
00002b5c
000005e5
ffffd705
ffffdaee
ffffe534
fffffbb9
0000146c
00006306
000093e2
000073e5
00003c31
00004290
000035a2
00000a41
000009a2
00000a40
00004340
000003b1
ffffedcd
ffffec29
fffff6d5
ffffea9e
ffffe62d
0000332e
000080e5
000071d6
00005372
000071c0
00005519
00000aec
0000158f
000005f1
00004115
0000122f
000002ac
00001909
0000127e
ffffe0f3
00000052
000026cd
00002b1e
ffffff29
00000be6
0000571a
000053a8
000030c9
0000233b
00000f19
00004c4a
0000166b
0000018d
000017f6
0000321b
fffff52c
0000151b
0000569a
00005135
00002402
000016a9
00001c48
00000473
00000b9a
00000459
00000145
00003212
00001634
fffff2ae
00000595
00000e2b
fffff4c4
ffffe775
00005237
000092dc
0000b254
0000788a
00003ca7
00002260
00000bd0
fffff978
fffff99b
000019b9
00000eb1
ffffe15d
ffffd90e
ffffdcfb
ffffe3ab
ffffd0a2
ffffe955
00004744
0000be2e
00009a54
00006103
00003e4f
00001368
ffffe8f5
fffff56e
00000ac7
fffff97a
ffffd11e
ffffb073
ffffc90f
ffffc1e1
ffffb649
ffff8d84
ffff996a
000014d2
000059a0
00005b34
00004674
0000333b
00000181
00000812
00000546
fffffded
ffffcc48
ffffa487
ffffc3e3
ffffd896
ffffba8f
ffffb78f
ffffcb12
ffffd573
fffffa4d
000018db
00001f90
0000138c
fffff634
fffff225
ffffe490
ffffe597
ffffce0b
ffffb69d
ffffbb0d
ffffd8ff
ffffe75f
ffffeaef
ffffdeac
ffffd986
ffffe95e
fffff1d8
0000073a
00001b0b
00000b3d
ffffe6be
ffffe863
ffffd3bb
ffffed57
ffffd11e
ffffc629
ffffe5a8
fffff867
fffff882
fffff111
ffffeaf3
ffffe4fe
fffff8b8
000003e1
00000b3c
fffffcb7
0000056c
00000b6b
ffffde24
ffffdfed
ffffc24e
ffffd761
ffffedc4
00000f2a
fffffde2
ffffe489
ffffd4bc
ffffc0df
ffffc671
ffffce03
ffffcf28
ffffb57d
ffffaf38
ffffc44d
ffffcdb6
ffffc442
ffffbc91
00000076
000031c5
00004460
000010e2
ffffcfb0
ffffb9ac
ffffa4c2
ffffb091
ffffc1d1
ffffd3e8
ffffbb96
ffffa7ce
ffffb0d9
ffffd3c2
ffffe152
fffff720
000023a4
000034c3
0000895d
00005940
000016b8
ffffc35c
ffff9f36
ffff9819
ffff9ed9
ffffc220
ffffc598
ffffc287
ffffba6a
ffffd77e
00000fff
0000476d
0000841d
000064e9
000094b0
00007eb9
00001565
ffffbe94
ffffa2bc
ffffb74f
ffffcf9f
00000636
00000629
0000025b
ffffe340
ffffe5ac
00001dfa
00005ada
00009069
00004b23
000033f3
00001f9f
ffffeffa
ffffa63a
ffff743e
ffffa069
ffffbed1
ffffeffa
000016a4
00001183
0000039b
ffffd7fa
00000989
00004086
0000aaac
000079f2
00004282
00001d74
0000104e
ffffc299
ffffa461
00002004
000025dc
00001e10
00001e85
00002dbf
00000846
ffffe838
fffff24c
fffff188
00006ea9
000068ca
00003c9a
00000359
00001006
fffff4a8
fffffb1d
00004a39
00005056
00005f7d
00002643
00001540
ffffda24
ffffda01
ffffd2a1
ffffb943
00001e05
000034d8
00000891
ffffcb81
ffffc39c
ffffdf33
000001ba
00003f31
0000644f
00006e60
000008db
fffff4a9
ffffcebb
ffffd6ff
ffffd709
ffffbfce
000026a5
000033df
0000246a
ffffae21
ffffa9ab
ffffc536
00001baf
0000415f
00005a4d
000048cb
00001728
ffffe207
ffffdf51
ffffe315
ffffe267
ffffcb11
0000438f
00005216
00004829
ffffc7e9
ffffcb4e
ffffc5a3
fffffa44
00002a68
00005495
00003927
000025b7
fffffcc9
ffffee71
ffffe36f
ffffdf50
ffffbf3a
000045e8
000069f2
00008c8c
000037b1
00000295
ffffa422
ffffc715
ffffe0d8
fffff184
ffffcac2
ffffd9b1
ffffe6e6
ffffe93f
ffffe003
ffffcf57
ffff9a2c
fffff663
00002869
00002384
000019cb
00000981
ffffa8b9
ffffe2c8
ffffd7df
ffffe91c
ffffb0df
ffff7f5d
ffff9ce7
ffffb5a5
ffffd8ac
ffffdb35
ffffb869
ffffdecf
ffffea5a
fffff9c1
fffff211
0000159b
000017a9
00000632
ffffc96c
ffffc4fd
ffffadbe
ffff8965
ffffb135
ffffb452
ffffd806
ffffd6dc
ffffb212
ffffca1e
ffffbe9f
ffffcc21
ffffda58
00002a13
00004059
000019ff
fffffd18
ffffeb3a
ffffcac9
ffffaae5
ffffcc6f
ffffd832
ffffd885
ffffd053
ffffaecc
ffffbaf4
ffffc637
ffffe626
000000eb
ffffff48
00001331
ffffec4d
ffffe54f
ffffeac8
ffffe43c
ffffd5fa
ffffd67f
ffffc60d
ffffbcb2
ffffeab4
ffffe195
ffffe6ee
ffffe977
fffff2ef
ffffeb90
ffffeb11
fffff971
ffffe650
ffffe94a
00000217
00000d14
fffff56f
ffffd41c
ffffc706
ffffd882
ffffacdf
ffffca78
ffffa9fc
ffff95fd
ffffa371
ffffc6db
ffffd274
ffffe262
ffffe41b
ffffe1a7
ffffe3a7
ffffe22f
ffffe596
ffffd480
ffffdd23
ffffb18b
ffffdc43
0000006b
ffffb56f
ffffcdc9
ffffee59
ffffdaac
000007bd
000036e3
00004368
00003d5a
00004529
00004878
0000488c
000047ed
0000650b
ffffeb51
ffffc150
ffffdf5b
ffffa784
ffffc4b0
ffffe13b
ffffd79e
ffffd371
ffffee31
000002ae
00000f0b
00002598
00002129
0000117d
00000596
00001411
ffffc7bf
ffffad3a
ffffa6d6
ffff4ae0
ffff6073
ffffa53a
ffffea69
ffffd185
ffffb00d
ffffcc1a
ffffdc05
fffff237
fffff61e
ffffffe1
ffffdbf9
ffffcc2e
ffff9f16
ffff61a6
ffff44bc
ffff299e
ffff253d
ffff5976
ffffaf5e
ffffaf70
ffff9060
ffff8455
ffff7cf9
ffff9851
ffffc5a7
ffffe8ee
ffffc9c3
ffffb5f8
ffffb4af
ffff7526
ffff6127
ffff2f47
ffff57ff
ffff95e5
ffffc4b4
ffffc298
ffff8823
ffff7e6e
ffff93bb
ffffa294
ffffad27
ffffd0a8
ffffbded
ffffa9d3
ffffb306
ffff7793
ffff8970
ffff4a79
ffff57ed
ffffa052
ffffc61c
ffffd7af
ffffbb4e
ffffa72b
ffffd1a5
ffffced9
ffffcad9
fffff1ba
ffffd39c
ffff9d25
ffff932c
ffff84ca
ffffaa8b
ffff5d1c
ffff75eb
ffffa31a
ffffa640
ffffd6c0
ffffd394
ffffe537
ffffef30
ffffe309
ffffde6f
00000faf
000028dc
ffffd0dd
ffff9827
ffffaa99
fffff688
ffffb59f
ffffc0de
ffff8ffa
ffffb5cc
ffffd695
ffffd970
fffff671
0000081a
ffffee00
ffffe8d6
0000117c
000032f5
fffff93f
ffffa05d
ffffbc25
000011b5
ffffe6f4
ffffeafa
ffffa1d9
ffffca24
ffffc192
ffffcd14
ffffe591
ffffe7ea
ffffcbd1
ffffc313
fffff985
000011f0
fffff093
ffffb3bc
ffffc912
000019e3
ffffe671
ffffe65b
ffffb7dd
ffffa1c5
ffffb406
ffffe30a
fffff5d9
fffff2f0
fffff36a
ffffe0cd
ffffebe6
00000a17
fffff73f
ffffc4a5
ffffc434
ffffec22
ffffd055
ffffc23c
ffffdfeb
ffffde0d
ffffe2c8
00001319
00001b12
00001438
00001b04
fffff915
fffff42d
ffffe5de
ffffd59c
ffffbc92
ffffb1e3
ffffa068
ffffb4ca
ffffbcf4
ffffa494
ffffbbb1
ffffe451
00000ee4
000004ed
ffffff02
00000be6
fffff571
ffffd91b
ffffe0d9
ffffea78
ffffd0c4
ffff8777
ffff5ad0
ffff6707
ffff7dc3
ffff5c4b
ffff6d0e
ffffa0ef
ffffe671
ffffd998
ffff94aa
ffff9567
ffffa50d
ffffbb26
ffffb231
ffffac34
ffffab82
ffff8054
ffff642f
ffff6c9b
ffff8805
ffff7350
ffff5986
ffff668c
ffff8378
ffff9790
ffff729d
ffff5abf
ffff58bc
ffff9a60
ffff974e
ffff892b
ffff9cda
ffffa98a
ffff85c8
ffff78ad
ffff9937
ffff9186
ffff8f58
ffff83c6
ffff5d87
ffff5760
ffff5a59
ffff662a
ffff6ff7
ffff81d8
ffff751f
ffff87c7
ffff8e9b
ffffe6bb
ffffe041
ffffcbbe
ffffc7fb
ffffcd46
ffffe27f
ffffc2db
ffffb4cb
ffffb2c5
ffffb2ec
ffffbad8
ffffc225
ffffb954
ffffa38e
ffffa0d3
ffffbc2b
ffffdaea
ffffcfb4
ffffdb41
ffffea92
ffffcd42
fffff6ad
ffffd72b
ffffc442
ffffbb86
ffffb554
ffffbf89
ffffc8a0
ffffb52c
ffff9645
ffff9cb2
ffffa955
ffffab48
ffffa528
ffffc201
ffffd05d
ffffadc8
ffffecba
fffff7f0
ffffe6f6
ffffc7a7
ffffc428
ffffbe9b
ffffd230
ffffb71a
ffffa297
ffffabd0
ffffb620
ffffb2e0
ffffdf00
fffffeb7
fffffb1e
ffffe31f
ffffef91
000010e6
00000400
ffffee89
fffffc45
ffffd4a1
ffffdda2
ffffdfd0
ffffd6d5
ffffdd50
ffffc4e4
ffffabb2
ffffd558
ffffc8d6
ffffd215
ffffe572
fffff29f
00002161
00001bf2
ffffe9c1
ffffdfc7
ffffb64c
ffffc5fe
ffffcde7
ffffdcd4
fffffa39
ffffd935
ffffca82
fffff7b6
ffffbedf
ffffd6c5
ffffddc8
ffffe7e0
fffff6ef
0000410b
fffff6e8
00003b89
000006d9
000004ab
fffffbf8
000018e3
00002eef
00000922
ffffeb3c
ffffef26
ffffe48c
fffffb8e
0000148c
00001482
fffffad3
000017ac
00000f48
00004cea
00003506
00002341
00001089
00002593
00002a80
00001acf
ffffde17
ffffc5dc
ffffd695
fffff92d
fffffeac
000008c2
ffffeaf5
ffffe8a8
00000381
000026db
00001787
fffffadd
ffffeae0
ffffe43b
fffff509
fffff6e4
ffffd3f1
ffffb3b8
ffffb3cc
ffffe495
ffffc013
ffffe24c
ffffde8b
ffffd083
fffffab3
000017b6
00002e09
00002af0
00000c87
ffffd694
ffffd567
ffffe16f
ffffd681
ffffb7a1
ffffa769
ffffda9f
ffffe56f
fffff142
fffff619
ffffd064
ffffd814
ffffb9ab
ffffdfda
00000e2c
00001646
fffff2a2
ffffd46c
ffffda7e
ffffdea5
ffffb519
ffffa6bb
ffffac24
ffffeae3
00000fe8
00000b80
ffffc070
ffffbb60
ffffb10a
ffffd54a
ffffe82e
ffffe6b8
ffffc158
ffffbdfb
ffffb7c1
ffffe309
ffffbfa5
ffffb0cf
ffff8571
ffffc2e4
fffff79c
00001059
ffffd9ad
ffffb4cb
ffffabe9
ffffe3fc
ffffeab0
ffffcffb
ffffa31d
ffffb794
ffffba57
ffffd96c
ffffc5ae
ffffa9f6
ffff8ef5
ffffb0c7
ffffed51
00001040
ffffec3a
fffffc99
ffffd9f1
fffffadc
ffffccba
ffffa3e1
ffff7d0e
ffff9c34
ffffbb01
ffffd796
ffffcc7c
ffffa713
ffff8214
ffff7257
ffff846d
ffffab86
ffffb4d2
ffffcf3c
fffff14f
fffffd4e
ffffd158
ffffa669
ffffa81a
ffffe599
ffffe85d
ffffdbc1
ffffd7fc
ffffc185
ffffc3a8
ffffc00a
ffffd0b7
ffffe1f6
fffffc3c
fffff704
00001692
00001323
fffffd67
ffffe9e4
ffffdfba
00000a6b
00000d01
ffffe575
ffffe18b
ffffd36d
ffffd10e
ffffc9c1
ffffcbf2
ffffed0d
fffff48b
ffffdce4
ffffde18
ffffdf12
ffffdcd6
ffffcfe0
ffffd19d
0000049c
00000d1b
ffffecd5
ffffedf8
ffffe419
fffff79a
fffff486
fffffc6f
fffffb62
fffff298
ffffe4eb
ffffdc81
fffff075
fffff091
ffffe5be
ffffe10b
ffffea78
ffffdc9d
ffffe6c6
000007e1
ffffec55
00000a89
ffffdad5
00000e34
00001c2a
000016b3
00001871
00001663
0000138f
00002069
00000b11
ffffffcf
0000111d
ffffff29
ffffb9e4
ffffd349
ffffabe9
fffff37a
00000e09
00002e84
0000220e
00002362
00000ebb
00000272
0000055a
00001d45
00001760
00000c26
0000191e
00000d8b
ffffbe81
ffffd95f
ffffa004
ffffe970
00000957
00000919
fffffb4a
fffff0db
fffffa15
00000f8b
0000144a
00000bbd
0000094e
fffff9bd
000009c8
fffff377
ffffcf62
ffffdf76
ffff8202
ffff9608
ffffd0bd
ffffb3c9
ffff9c01
ffffd49c
ffffcfab
00001467
0000345a
00003aa8
000042ee
00000fd3
00002779
0000092c
000000d5
00001d38
ffffd807
ffffbcbc
ffffb02e
ffff98df
ffffa1a8
ffffd726
ffffe618
00000f0f
00002ba7
0000500f
00004da5
00002047
000034c1
00000dca
fffffe14
000000c9
ffffeb4a
00000c73
00000d7f
fffff69e
ffffe8ed
0000134b
0000001a
000010d7
000021b4
00002631
00002320
00001719
00003e13
00002421
fffff00a
ffffd70e
ffffdd3b
00002225
000021b4
0000220f
fffff668
00000fdc
000019ca
0000452d
00003072
000042e8
0000460c
00003231
00004043
00001f9c
fffff0a2
ffffd6ac
ffffdc70
000001c3
ffffff87
0000106b
00002d8f
000016b3
00002139
00001dcd
00003925
00005876
000057dd
00002934
000028cc
000004f0
fffff583
ffffd2cc
ffffd475
fffffaae
00001e5b
00001643
fffff64c
ffffda37
ffffedee
fffff1a5
00000cc4
00003deb
00005596
0000208e
00001eee
ffffeaf7
fffffa7e
ffffec8b
ffffd85b
ffffe19e
ffffee26
00000973
ffffe1d4
ffffd16b
ffffbcc6
ffffca19
ffffff59
00001f35
0000331f
000006ed
0000137a
ffffed51
000006fb
000007dc
ffffd5f4
ffffef7d
00000894
00001ff1
000024fa
fffffbd9
ffffce24
ffffd986
00001787
000022ae
0000337b
ffffffd2
0000432e
ffffff95
000018fe
00001ec9
ffffe0a3
00000441
00004611
00005e56
00003824
00000512
ffffd9c2
0000064d
00003066
000039f0
0000584c
00000036
000046b6
fffff9c4
00001ff1
0000281d
ffffe4e3
fffff915
0000240c
00003cfa
00004108
00000a91
ffffdfb4
fffffb9e
00000fc5
fffff452
0000033e
ffffdc84
00000ee7
ffffff2a
00001e33
00003e73
0000047c
0000166a
00001dc1
00003748
00003bf1
000029da
00002112
00003341
00003833
0000036d
00000685
ffffc808
0000192c
fffff201
00000143
ffffefbc
ffffbc68
ffffc012
ffffb18c
ffffc7cb
ffffcfaf
ffffd3e3
ffffd87d
00000332
00000e3a
ffffe87f
ffffdda0
ffffcaf6
fffff835
ffffec9f
fffff43b
fffff536
ffffddf8
ffffe156
ffffe7b3
ffffec40
ffffe518
fffff1e2
ffffedb1
ffffecd0
ffffe702
ffffea28
ffffea75
fffff1bc
ffffe336
ffffdb54
fffff338
00000bb3
ffffd4cd
ffffba70
fffff1cc
ffffb7cf
ffffcf9b
fffffb3f
fffffcfc
ffffedca
fffff0b2
fffff713
00000408
00001cf0
00001ed2
000003f3
00001bdf
00001383
ffffa89e
ffffa0b1
ffffea4e
ffffca9c
ffffd4c4
ffffecfe
ffffeb54
ffffcef9
ffffcde3
ffffe9d6
000008b9
00002695
00002833
00001a59
00001dac
00002503
ffffc779
fffff2a0
000014ac
00001616
00000787
ffffe86b
ffffe3a2
ffffc3c5
ffffafe8
ffffbc0c
ffffde5a
00000139
000020de
00001d47
000021a6
000033e1
ffffeae4
ffffddfe
ffffe792
0000198f
00000a02
ffffdc17
ffffb096
ffffcb5d
ffffd4d6
ffffed05
000008dc
00001123
00003a30
00002791
fffffa4e
00002cba
000004c3
ffffcd26
ffffba9f
000008ac
00001b35
ffffd4a4
ffff9f43
ffffaeb0
ffffc88b
ffffbda9
ffffe452
fffff235
00001256
00001591
ffffd517
00001b31
ffffedff
ffffcd91
ffffb792
ffffe6a9
ffffe33e
fffff6c9
ffffe69c
0000267d
00001989
fffffafe
ffffed6e
ffffe9a8
ffffe6b4
fffff9b6
ffffd838
00002598
00000a0e
ffffef77
ffffb83a
ffffc572
ffffe97a
fffff932
fffffefb
00002d29
00005938
000071fd
000036e3
fffff76f
ffffeb0c
fffffa6e
ffffea8c
000054e1
00004c16
00003655
ffffc616
ffffea4b
00000257
00001b2d
00001fd9
00003107
00004bfa
00007213
0000623a
00004327
00001148
00000ada
fffff908
00006951
00006f54
00004229
ffffe43c
ffffd479
ffffedd6
00000d77
00002664
00001dae
00001840
000037ab
00001e81
0000232c
00002566
00001bd7
00000481
000071c4
000071b0
00005692
00002103
000006bd
fffff4ec
fffffa79
00001099
00001141
00000108
0000047f
ffffe626
fffff690
00000644
00001fd7
fffffe21
00005565
00006838
00005b3b
00002e89
ffffd873
ffff8f3d
ffffd393
ffffe404
fffffb76
000002fa
ffffd75c
ffffbcd5
ffffdf52
fffffc6c
00002bbf
ffffee0d
0000169b
00002f98
00004582
00002acc
ffffea2c
ffffbd16
ffffd3ba
00001209
fffff4e6
fffff883
ffffd4ad
ffffa5a0
ffffd9df
fffff995
000031eb
ffffd745
ffffe9ec
00000129
00002465
00003a83
00001c24
fffffb2b
00001d38
00002cf0
00002985
00000b83
fffff1d1
ffffcb3f
0000106a
00001c72
000040dc
ffffe4dd
ffffe619
fffff37b
fffff4c6
00001dc6
00003818
00003336
00003a4f
00004267
000041ad
000035fd
000022f4
0000054e
00001cb6
00002823
00003b0a
000002bb
0000042a
fffffcf6
00001cab
00001ba8
000019c9
0000148d
00001742
00001468
00001dba
00002645
0000213b
000003de
00002633
00000bf1
000018ae
ffffb4bd
ffffbf60
ffffa05c
ffffb79e
ffffc2a7
ffffe884
ffffdd31
ffffc59f
ffffc7f6
ffffc2b6
ffffc381
ffffab1c
ffffa0ee
ffff98c2
ffffa181
ffffc32b
ffffb26e
ffffa344
ffff8649
ffffa826
ffff8e58
ffff9331
ffff9f0f
ffff9923
ffffa248
ffffb39f
ffffad11
ffff9e83
ffff82bd
ffff781e
ffff77fa
ffffa0ec
ffff9248
ffff7954
ffff7da3
ffff6a88
ffff489a
ffff4348
ffff200f
ffff53cd
ffff76d3
ffff8382
ffff7f90
ffff7af3
ffff669c
ffff5c17
ffff53cd
ffff7188
ffffa9fb
ffffa924
ffffa1e0
ffffb97b
ffffa03b
ffff6141
ffff299e
ffff79aa
ffffbc07
ffffe11a
ffffd91d
ffffc87c
ffff8fe0
ffff74de
ffff72fd
ffff840f
ffffa0ea
ffff9985
ffff6f62
ffff908d
ffffbd0a
ffff9189
ffff73a0
ffffa681
ffff98d2
ffffce80
ffffde58
ffffe49f
ffffbe04
ffff927a
ffff84cf
ffff968e
ffffb710
ffff94e7
ffff313e
ffff5370
ffff8bb6
ffffc127
ffffc24b
ffffadc9
ffff98d6
ffff91cc
ffffa92c
ffffcbbf
ffffb954
ffffb593
ffff8c33
ffffa49a
ffffca61
ffff875c
ffff3ce8
ffff10fb
ffff5931
ffffb0d1
ffffcda1
ffff89bd
ffff5608
ffff44af
ffff74d1
ffff7903
ffff84e4
ffffb1f9
ffffb661
ffffbbb0
ffffd184
ffff929d
ffff7979
ffff44b8
ffff7b44
ffffa633
ffff7a46
ffff6dd4
ffff5a96
ffff421f
ffff4414
ffff6082
ffff911a
ffffc97c
ffffa535
ffffa90f
ffffc877
ffff9636
ffff8193
ffff80d1
ffffd5b9
00000b4e
ffffb09c
ffff872e
ffff5d2d
ffff5a53
ffff56cf
ffff7424
ffff800b
ffffacca
ffffa44e
ffffb57e
ffffb812
ffff86f0
ffff7f79
ffffb485
ffffd20d
fffff37d
ffffce78
ffff88a8
ffff6906
ffff7c64
ffff9c3d
ffffa28f
ffff9643
ffff8972
ffff83ca
ffffab78
ffffb02d
ffff8dca
ffff84d3
ffffaa81
ffffb24f
ffffd53a
ffffc1b5
ffffb491
ffffa941
ffffc1bd
ffffc5f0
ffffe71c
ffffd8e6
ffff9880
ffff9a43
ffffb8f0
ffffb7ff
ffff9b8c
ffff7834
ffff8d3f
ffffa184
ffffac87
ffffc7e3
ffffcc15
ffffc365
ffffd5fe
fffffa07
ffffff69
fffffdeb
ffffb5f5
ffffaade
ffffb77f
ffffb4e1
ffffa97b
ffff8af2
ffff9aa3
ffff94ad
ffff7a32
ffff9574
ffffa67a
ffff8f20
ffffb14a
fffff440
0000394e
0000353f
ffffbcd7
ffff895c
ffffa678
ffffa230
ffff9934
ffffa028
ffffb1fe
ffff8cea
ffff91a8
ffffa1f3
ffff694c
ffff6b92
ffff8a60
ffffa913
fffff591
00000a19
ffffe5bd
ffff98e5
ffff9d25
ffffc3e0
ffffb849
ffffcaa5
ffffe3be
ffffcc07
ffffb5e9
ffffbfeb
ffffba59
ffffd258
ffffda4d
fffff82c
000004a6
00000488
ffffcb2c
ffffb022
ffffbb2e
ffffdfd4
ffffbc68
fffff889
fffff81d
ffffd4a9
ffffc5c7
ffffce8a
ffffd070
ffffe8a8
0000086c
0000069d
000012e7
0000203d
fffff54f
ffffd836
ffffe168
ffff78cc
ffffad75
ffff7bb8
ffff667f
ffff5f77
ffff64f4
ffff787f
ffff88ee
ffffa380
ffffa74f
ffffa691
ffff94d5
ffffae0c
ffffb06a
ffffbd7f
ffff894d
ffff9450
ffffc90a
ffff7e00
ffff5423
ffff6ded
ffff963d
ffffa7f7
fffff7d3
00000f8d
000025ed
00001d70
00001362
000015bb
0000282b
00002de2
ffffb600
ffff9bba
ffffbbdc
ffff5091
ffff1da2
ffff3cf6
ffff3300
ffff47f0
ffffa3eb
ffffb2d5
ffffe20c
fffff56a
fffff1ae
ffffe48b
ffffdb4f
fffff107
ffff98e5
ffffa771
ffffc747
ffff7af5
ffff553d
ffff3230
ffff3586
ffff36aa
ffff8790
ffffb271
ffffd086
ffffea27
fffff476
ffffdd49
ffffd98e
ffffe023
ffff8b3f
ffff7320
ffff986e
ffff6fba
ffff46f6
ffff3a9a
ffff7f73
ffff6be8
ffff867d
ffff883d
ffff9ef5
ffffa502
ffffab0e
ffffc36d
ffffd12b
fffff384
ffffa7b4
ffff78f7
ffffc04a
ffffa972
ffffce30
ffffc4e2
ffffdd3e
ffff99d1
ffff6ca3
ffff8dab
ffff767b
ffff8bf4
ffff920c
ffffc46a
ffffd563
fffff645
ffffb065
ffff5c82
ffffa5f8
ffff95a0
ffffbe33
ffffe7e3
000006cd
ffffcb39
ffffa654
ffff6d1b
ffff5d90
ffff6037
ffff4efe
ffff86ff
ffffa5ad
ffffc0b3
ffff9424
ffff779a
ffffb862
ffff861d
ffffa82c
ffffb83e
ffffcc93
ffffc3da
ffffbe2b
ffff78af
ffff47bb
ffff54df
ffff645d
ffff9b99
ffffe4a8
ffffe1a2
ffff8feb
ffff840b
ffffe6a9
ffffd39a
fffff8f8
ffffe855
ffffb84f
ffffc754
ffffbad1
ffff90a0
ffff8985
ffff95f6
ffffaa56
ffffc7ab
ffffff89
ffffde3d
ffff8f41
ffff8e50
fffffd26
000003d8
00003055
000015bd
ffffe684
ffff8220
ffff8871
ffff9744
ffffa05a
ffff9a80
ffffb127
ffffced5
fffffbbd
ffffe241
ffff9b32
ffff983a
000003b6
ffffeb5a
00001612
00001b13
000020a6
ffffb81d
ffffb325
ffffbd3c
ffffd05e
ffffbcda
ffffccbc
fffff0fe
ffffec64
ffffe7b4
ffffad60
ffff9535
ffffe1e4
ffffc19f
0000066b
000030e2
000052ab
00001dbb
0000261c
000007be
0000131b
fffffe9c
ffffe489
ffffe29e
ffffd318
ffffd13a
ffffaeb2
ffffa0d2
ffffc9fa
ffffbf80
fffff20d
00000f8b
fffffcf3
00000340
00001749
00001d5f
00001fef
0000224d
ffffe2fa
ffffded6
ffffef39
fffff5c8
ffffed1a
ffff8c83
ffff8af5
ffff77bd
ffff9d00
ffffa618
ffff96b0
ffffb932
ffffd4a8
ffffe663
ffffc32a
ffffac21
ffffa386
ffffc6e7
ffffccde
ffffcd5a
ffffd08b
ffff6c5c
ffff6ec2
ffff65bd
ffff860a
ffff7d7f
ffff61d4
ffff7371
ffffab08
ffffb1b6
ffff9089
ffff8f9d
ffff9485
ffffa33e
ffff81e7
ffffa004
ffff8c75
ffff7bd9
ffff7ed3
ffff8079
ffff97c4
ffff9015
ffff8c24
ffff77d3
ffff8423
ffff84ff
ffff81c0
ffff783c
ffff92e3
ffffad5e
ffff7f93
ffff9948
ffff9e4e
ffffcf11
ffffea68
ffffef0b
fffffb7a
00000d75
fffff3e1
ffffe073
ffffeba7
ffffde8d
ffffe11c
ffffde4f
ffffe154
ffffe5f9
ffffd015
ffffcf90
ffffded1
ffffc6c5
ffffe178
ffffd662
0000057c
fffffadc
ffffc890
ffffb7a1
ffffbcab
ffffcfc3
ffffd5d0
ffffc8be
ffffc4be
ffffd030
ffffca1c
ffffcdb4
ffffd85d
fffff570
fffff1aa
ffffe6e4
00000fd6
ffffeb9e
ffffe112
ffffdb2c
ffffbb5e
ffffc963
ffffce4b
ffffdd0c
ffffe996
ffffee6d
ffffe784
ffffdd1a
fffff06e
00000d46
000026c8
00001edd
000072ec
000040fe
00002371
00001973
ffffb970
ffffd107
ffffd045
ffffeb44
00000006
00000db7
00000d53
fffffa02
0000064f
fffff3e9
00002357
0000740c
0000b7e5
00006f8c
ffffccf0
ffffc5f1
ffff98e9
ffff9bc8
ffffcdcf
ffffd6ea
ffffef52
fffff1ef
ffffdf74
fffff09f
00000cdd
ffffdae5
fffffc6f
00004e23
00008c91
00008565
fffffe7e
ffffd692
ffffb9ac
ffffcf8f
fffff98d
00001c67
00003570
00002b8d
00000ede
ffffe92c
fffffb23
ffffd5b9
ffffe2e2
ffffef69
00001284
000040bf
000024f9
00000d89
fffff598
ffffe3c7
000020d0
00003e1b
00003fd3
00002f66
00002d6b
ffffdbe4
fffff71c
ffffd933
ffffc265
ffffd09f
ffffd97d
fffffe6d
00002c80
00003e4e
0000190b
000004a6
00002c13
00004126
00004aa1
000029c6
000031ab
fffffa4a
fffff222
ffffe3d5
ffffe5a0
fffff6a0
ffffdb79
ffffd061
000024e9
00003775
0000111a
00001650
00000ab9
0000089d
00000168
00000e73
0000127b
ffffff4e
fffffc37
fffff211
000007cf
00000df2
ffffeb2b
ffffb952
ffffde9f
00001740
00000dcb
00003b14
000054af
00001f00
ffffeb52
fffff322
00000334
fffffe08
00000a47
fffff06b
fffffaf0
000000a4
fffffa2a
ffffc716
ffffedf0
000028f4
0000396a
0000435b
000052c4
00004139
00002607
ffffe829
000002a8
fffffc3d
000007f1
ffffda46
ffffe2f0
ffffef08
ffffef06
ffffcc88
ffffc882
ffffded2
000008dd
00002adc
00003508
000048fe
000049a6
00000f93
00001872
ffffebbb
00001622
ffffd801
ffffe1eb
fffff035
ffffd7e3
ffffc7dd
ffff874e
ffffa2d7
ffffe49e
ffffff4f
00000282
00000b45
000021f0
000018b1
000038c4
00001f0e
00002a0f
ffffc7ee
ffffcea2
ffffd81b
ffffce12
ffffd23e
ffffc9c8
ffffda4d
fffffd7e
00001248
fffff2be
ffffb8ba
fffff544
000009f7
00000a46
fffff6c9
fffff646
ffffda5b
ffffef83
ffffe9e7
00000b46
000005b9
00000baa
00001f1e
00002c98
000009c8
0000028e
fffffee9
00002a07
00005a44
000054c4
000006d2
000009d3
ffffdb2a
ffffef6c
ffffebb6
ffffed7f
fffff54c
fffffcbf
fffff838
ffffee70
fffff0df
ffffe3fa
fffffea6
000016fc
00001f78
00000eb8
fffff8e1
fffff56c
ffff9ea2
ffff814d
ffff98fc
ffffd13d
ffffd5f7
ffffb68a
ffff8b55
ffff81d1
ffff7f23
ffff78b7
ffff6acb
ffff5fe3
ffff5eda
ffff53d3
ffff5479
ffff6be2
ffffa83c
ffff7960
ffff9760
ffffe489
ffffe55c
ffffa220
ffff7d52
ffff7b43
ffff6bdc
ffff846f
ffff7d8f
ffff659d
ffff5909
ffff4d78
ffff3e43
ffff5aa2
ffff94db
ffff8b0d
ffffa072
ffffe91a
ffffe495
ffffd190
ffff90d4
ffff93ac
ffff94f2
ffff9b81
ffff9c05
ffff93ef
ffff8845
ffff663f
ffff6828
ffff73d9
ffffb404
ffffe571
ffff9f86
ffffc018
ffffb022
ffffb845
ffffa3b8
ffffc5b6
ffffeb50
fffffa6b
ffffeb44
ffffe05e
ffffd2cb
ffffa94a
ffffa9c9
ffffa18e
ffffb515
00000e4b
ffffaaee
ffff964d
ffff540b
ffff6ec6
ffff8645
ffffda98
fffffbd1
00000910
fffff9f3
ffffeba6
ffffe901
ffffccc4
ffffcd46
ffffb9ba
ffffbb22
ffffc681
ffff6856
ffff283b
ffff2fb7
ffff4e27
ffff7bad
ffffc6cb
ffffd5f9
00000c55
ffffef42
ffffcfeb
ffffc4fa
ffffcd1a
ffffbb14
ffffb484
ffffb253
ffff8026
ffff705e
ffff28d3
ffff4a3c
ffff7765
ffff7382
ffffb05f
ffffc6e7
ffffea1f
ffffc0a6
ffffad9d
ffffa864
ffffc664
ffffb5cb
ffffaedd
ffff9f5d
ffff75d2
ffff6417
ffff41c4
ffff4a80
ffff5653
ffff65b7
ffff9826
ffffa3d9
ffffb105
ffffb542
ffff9ca6
ffffa556
ffffac81
ffff9365
ffff8a2a
ffffa75d
ffff9294
ffff6fdf
ffff44ab
ffff2820
ffff327c
ffff5d55
ffffc30f
ffffd2b3
ffffbe20
ffffb940
ffffd028
ffffb268
ffffb1da
ffff82b3
ffff8f41
ffffb32d
ffff96b6
ffff793a
ffff77b2
ffff29cb
ffff2d49
ffff1f0b
ffff77ec
ffffa40c
ffff9e22
ffffcc18
ffffe80e
ffffe77d
ffffc9f2
ffff9e91
ffffa139
ffffc776
ffffa4ec
ffff7e49
ffff8b0b
ffff4998
ffff2be4
ffff313d
ffff3483
ffff71b9
ffff82c0
ffffb553
ffffe80a
fffff610
ffffa91a
ffff80c1
ffff9e59
ffffe05d
ffffbb55
ffff9abb
ffffac2e
ffff984d
ffffa24c
ffff83c0
ffff59ea
ffff6d75
ffff87e1
ffffd1f1
ffffe2cf
ffffeedc
ffffabb5
ffff90df
ffffaa8c
ffffdca8
ffffae1f
ffff9cb6
ffffab39
ffffb312
ffffebd4
fffff5a4
ffffabb9
ffffa0ff
ffffa8f4
fffff471
00000919
00000448
ffffa3b7
ffff8447
ffffacbf
ffffdf8c
ffffb150
ffff99ae
ffff9d8d
ffffa031
ffffcfd3
ffffdb33
ffffd6e2
ffffcc2e
ffffc748
ffffe400
00001885
00002942
ffffbd5a
ffff9d79
ffffad3f
ffffe11f
ffffb3c0
ffffa5a1
ffffb911
ffffb615
ffffbc11
ffffba93
ffffa627
ffffb409
ffffafa1
fffff1b4
000023ff
00002802
ffffd895
ffffb411
ffffbeb9
ffffcb0c
ffff9ee6
ffffa312
ffffabcf
ffffaf0b
ffffc0e9
ffffb312
ffff963f
ffff9852
ffffaa50
ffffc2b4
ffffd9a0
ffffdc68
ffffba69
ffffb72c
ffffc2c7
000047f8
00005595
0000373c
000021bc
00002d82
00002d36
00002b10
00002c6d
0000403c
00003a86
00003de2
000044a7
00004756
000040e1
0000335a
00002652
00001ad3
000028d4
000019cf
000030d4
00002465
00005f1f
00005234
000029e8
000015c0
0000198c
000022f4
00002be5
00001c77
000014ae
00001616
00001627
00000b65
00000970
0000004f
000012f1
00003627
00005744
00005e4d
00001d5b
fffffa36
fffffed5
000013f5
000023ef
00000de3
ffffee01
000006dc
00001756
0000172b
0000116e
00001458
fffff105
fffffc8c
000045cf
00005438
00002abd
000019a0
00000fac
00002d51
00001f6d
000018d0
00000114
0000236e
000037df
000025e4
0000250f
fffffcc0
0000158e
ffffe6b6
000005b8
0000243a
000049b9
00005743
000044bf
00002546
00001a52
00001cfb
000019a0
00003e28
000049c9
000027b3
00002334
ffffe6d7
00000531
00000c07
ffffe023
ffffe177
000024cb
0000513b
000057c3
00004359
00002b13
000038d0
00003677
00005793
000067fe
0000372a
000024d5
ffffe865
00000fbd
0000020e
fffff422
fffff740
000039cd
00003666
000042e0
00003b8c
0000282b
00002f7d
00002fa6
00005722
000069c5
000029b0
00001d04
ffffdfa4
000003e4
00000f13
00002937
0000142c
fffffa57
00000568
00001b72
00001f06
00000c65
00000a9a
000000e3
00001e1e
00003ae0
00001284
000015a1
ffffe730
fffff940
00000d35
0000340f
000029c8
ffffeabf
ffffd7e6
ffffc944
ffffc20e
ffffd30a
ffffe85f
ffffdb1e
ffffff77
0000179a
000013fb
00001810
ffffcff1
ffffd61f
ffffe7e6
00002223
000023f4
000027a0
00001aa1
ffffeef7
ffffc198
ffffc3f2
ffffe159
ffffe32f
ffffef1d
00000ea4
0000126c
00001729
ffffd7c1
ffffd09a
ffffc6c0
00000dd5
fffff303
00000cf5
00001b63
000017b0
000006af
fffffb15
ffffefd9
ffffe7c9
fffff36d
00001f6a
00001656
00001c13
fffff249
0000011b
ffffefc7
ffffee2d
ffffe422
000011f7
00001be2
00000c9d
000006db
00001a56
fffff2c0
ffffd4f2
000002f3
00002f8a
00002121
00001bd0
000008be
fffffd23
ffffff19
ffffec81
ffffdb4f
fffffb44
ffffffe1
0000245d
00002b31
000033d2
0000154e
fffff681
00001555
0000282b
0000314a
00002dd3
000027bd
000019ec
00002c52
00002bf6
00001921
fffffc49
fffffb80
00002a21
000047cf
0000479d
00000322
fffff7bc
00001b7f
00002938
0000249c
0000345c
0000156f
fffffeff
000009a1
000016bf
00001440
fffffb5f
000005d5
000003e6
00002cda
00001b43
ffffdaed
ffffc5db
ffffe3d9
00000c06
000020e0
00001d05
00000e3f
fffff9bf
00000020
000006cb
000004e2
00000384
000005b9
fffffb17
00000f16
00000260
0000084a
ffffe892
00001925
0000144e
ffffc385
ffffbb22
ffffab15
ffffb613
ffffd275
ffffbbe2
ffffa19b
ffff9cc8
ffff9498
ffff9b63
ffff8feb
ffff9244
ffff8d88
ffff7a7a
ffff8dac
ffffb328
ffffce45
ffffcdf7
ffffbacc
ffffee56
ffffcae3
ffffa4ee
ffffbeb8
ffffac54
ffffa63a
ffffa7e9
ffffa052
ffffa9a7
ffff98bc
ffff8242
ffff9f21
ffffbe35
ffffb97d
ffffbae3
ffffad85
ffffd671
ffff81d9
ffffa337
ffffd66d
ffffc073
ffffcf2f
ffffd00d
ffffc683
ffffccf1
ffffb163
ffffa800
ffffb03a
ffffab45
ffffb7ce
ffffe468
ffffb26f
ffffb0bc
ffffa84d
ffffdf84
ffffe686
ffffbca9
ffffd9f7
ffffe183
ffffe651
ffffded3
ffffd31d
ffffb724
ffffb673
ffffa1ab
ffffbbab
ffffe4a7
ffff9b23
ffff8938
ffff61d1
ffff578b
ffff8336
ffffa2b1
ffffaf39
ffffdecc
fffff346
ffffff93
fffffd39
ffffda03
ffffc012
ffffb0a2
ffffe433
0000148a
ffffd366
ffffbded
ffff7d3e
ffff695c
ffffa542
ffffca86
ffffd9b8
00002eac
0000435f
00003d64
00001790
fffff0d0
ffffd581
ffffb505
fffff159
fffffeb2
ffffcdff
ffffb81b
ffffb7a7
ffffae10
ffff92ef
ffffbf15
fffff525
00001db5
00001951
0000106a
fffffbee
00000165
fffff73f
ffffc388
ffffe4c3
ffffce38
ffff959d
ffff7e32
ffff9426
ffffa0b4
ffff7bbc
ffffa775
fffff752
00002045
00001f12
00000c85
ffffe527
fffff588
ffffedee
ffffcb52
ffffdc52
ffffb17b
ffff6a99
ffff70cc
ffff8485
ffff8977
ffff8d2e
ffffaf43
ffffdd76
ffffed35
ffffdc6d
ffffedf3
ffffd509
ffffdd5a
ffffe11e
ffffd0cb
ffffd203
ffffa629
ffff67d6
ffff85a9
ffff717f
ffff51e1
ffff5253
ffff8e70
ffffd4d0
ffffc8ff
ffffd264
ffffef1d
fffffe5b
ffffebaa
ffffd986
ffffcdd1
ffffd196
ffff9a1e
ffff6bd2
ffff9578
ffff81a8
ffff783e
ffff86a1
ffff807f
ffff870e
ffffa601
ffffc6bf
ffffe166
ffffec48
ffffcb88
ffffc4f4
ffffb1e2
ffffe008
ffffbb75
ffff75e8
ffff86a5
ffff975c
ffff93a8
ffffa738
ffff9e17
ffff7be6
ffff9661
fffff67d
00000ef3
ffffffae
ffffd04d
ffffc1de
ffffa389
ffffe265
ffffd2be
ffff950d
ffff833e
ffff8e1f
ffff9b45
ffffb72d
ffffa2ef
ffffa3b5
ffffb569
fffff132
0000144c
0000056a
ffffbf59
ffffbf32
ffffa291
fffff3c2
ffffdd92
ffffa81f
ffff9406
ffff93c5
ffffb86f
ffffcd09
ffffb9d6
ffffa4e7
ffff9741
ffffd001
ffffe7fa
ffffe7e8
ffffc086
ffffabfc
ffffb0fb
000021d3
000012c9
fffffe7d
fffffb02
fffff4df
0000104d
00001cca
00002768
ffffff9e
000007be
0000265c
00002b01
0000383e
00000098
ffffe594
ffffdd44
fffff851
ffffe468
ffffc6f7
ffffc9bd
ffffd1a5
ffffda28
ffffd7aa
ffffeb4e
ffffe1b5
fffff06f
fffffd5c
fffffb95
fffff85f
ffffe037
ffffda48
ffffeeaa
00003d0a
00004ecd
000049ca
00005044
0000482a
00003458
00002eca
000036d5
00002b5c
00002e23
00002830
00003057
00002f09
00003305
00005491
00004795
000042aa
000074ff
00005ea4
00006781
0000511a
000047f1
0000394a
00002c25
00001f97
000019a8
0000260e
00002758
00002266
0000157f
00003a56
00003c43
000024bd
00005182
00002500
00002697
ffffce97
ffffe7ab
00000a4f
000000e0
00000889
00001557
00002ef1
0000279f
00001a0d
00001a2e
0000491b
0000646b
00002584
000053fb
0000101c
0000227a
fffff321
ffffdf21
00000a70
00001ebc
00002826
00003ddb
0000480e
000036fa
00003435
0000215b
000058f1
00006fb6
00000929
0000378d
000012f3
00004b13
fffff64e
ffffe185
ffffeea7
fffff1be
000006f0
0000360f
0000352f
000027a0
00002c04
00000dce
000051fb
00007e92
00001bb2
00003f7c
0000220a
000021dd
0000034d
fffff88f
ffffefec
ffffe345
00001013
000037aa
00003f5f
0000364a
000030c4
00001230
00005238
000079d8
0000358a
00004955
000030d4
000013b1
fffff8be
000012bc
00001028
0000262f
00004bd0
0000591e
000069ef
00005b42
000035cb
00002d75
0000848b
000085d5
000036e6
00004ef1
00005795
000045cc
000020c4
00000c3f
0000339a
00006b07
00007071
00007bc3
0000954c
0000a801
00008584
000060e2
00009609
00006e30
00003a0a
00002c9a
00002171
000005d0
ffffeedd
ffffe260
0000112e
000060f6
00008080
0000894a
00008b0d
00008c1a
00007291
00006e64
00007bb9
000060a3
00002f8d
0000204d
fffffb83
ffffe6d2
ffffa6f2
ffffaacf
ffffd31b
00001718
00004e4c
0000648c
00009263
0000b875
00008093
00004c77
00005569
00005023
00002d0f
00000ebd
ffffdfc3
ffffd01f
ffffac7c
ffffd051
fffff23e
00000c34
00002317
00003b9e
0000793b
0000b121
00007e35
000030fc
00003992
00005190
000038a8
000029bf
ffffff7a
ffffe808
ffffcb47
ffffd769
ffffec02
ffffe947
00000ebf
00001abe
00004e8f
000084fd
00006f5f
000029bf
0000436b
00005050
00003ef6
00005465
00003050
000034f0
00001f59
00002e7f
00002c2f
00000023
00000e72
fffffe45
00002821
00005c62
0000668c
00003445
000055db
00005a61
00003a89
00004bb6
00003c38
000048b8
00003d9e
000069e3
00006bf4
000019a6
00000bc0
000036d5
00004353
0000652e
00004df3
00002388
00006397
000054bb
00007307
0000865b
00009437
0000a40c
0000a80b
0000b031
0000a926
0000a32c
00009da6
0000b190
0000b548
0000c96e
0000ba8d
00008fbc
0000aca8
00008f56
0000610c
00007308
000075d8
00006efc
000076d0
00006ff2
0000597c
0000622a
00006e0d
0000797c
00008c7a
00008795
00006d88
00006259
000076fb
00007201
ffffedc5
ffffd2f0
ffffb37c
ffffcdf0
ffffd8fd
ffffd0e9
ffffd354
ffffcf70
ffffcae9
ffffcb19
ffffd8d1
ffffcd8c
ffffc1aa
ffffac34
ffffb193
ffffbe7a
fffff305
ffffbf6f
ffff981b
ffffc6a0
fffff9f3
ffffe6af
ffffde7a
ffffd43e
ffffd14f
ffffd3f4
ffffdaa9
ffffd14d
ffffcab9
ffffb3cb
ffff9daf
ffff97ce
ffffdf67
ffffb7ed
ffffa727
ffffb95b
ffffd43b
ffffea17
fffff722
ffffd35d
ffffcd09
ffffcf49
ffffdd30
ffffe3b9
ffffd9df
ffffb4d7
ffff9b6b
ffff99f9
ffffd43c
ffffb8b1
ffffc89f
ffffbcf1
ffff99ff
ffffc60a
00001776
ffffe436
ffffcdbf
ffffd305
ffffe26b
ffffd96d
ffffe132
ffffc784
ffffaaf2
ffffac95
ffffe8d5
ffffd138
ffffc3b9
ffffe0e6
ffff924c
ffff81de
ffffc0a9
ffffa811
ffffaa10
ffffbfc0
ffffd9af
ffffd8b3
ffffe569
ffffd8a6
ffffe11d
ffffbd6f
00000a9b
fffff0bf
ffffb9f3
ffffd623
ffffb9ee
ffffab33
ffffb102
ffffbe30
ffffcec8
ffffcd35
fffff142
ffffe5b4
ffffe9f4
ffffe368
ffffe7ef
ffffc453
00001736
ffffef9f
ffffa3f4
ffffb7a2
ffffd1be
fffffa68
ffffd6e5
ffffc956
ffffded3
fffff2c4
000008c8
ffffee27
ffffed76
ffffeaa9
ffffe5ee
ffffc364
000012f0
ffffdd47
ffff8394
ffff80e4
ffffcb8f
fffff982
ffffc492
ffffd127
00000898
000022fa
00001fe3
ffffdf80
ffffc39b
ffffde2f
ffffe38c
ffffc3eb
00000c4c
ffffdb8e
ffff8f84
ffff8f7d
ffffbd21
fffff212
ffffcffc
ffffe576
ffffff14
000004ae
000001d6
ffffee2e
ffffeabf
ffffde1d
ffffc766
ffffb86c
00000efe
ffffe0a8
ffffa303
ffff8a53
ffffb67b
ffffe09f
ffffe4db
ffffe7ed
0000066f
fffff59f
ffffe449
ffffeeff
fffff061
fffff70b
ffffc2fb
ffffb188
00000117
ffffd7ef
ffffa806
ffff8d37
ffffaa92
ffffca0e
ffffe25a
000007ea
fffffdac
fffffb8c
fffff352
fffffb51
ffffe8a1
ffffe890
ffffcd69
ffffa12a
ffffdb0c
ffffbc54
ffffa668
ffffaac2
ffffcd55
fffff79c
00000a8c
00001698
ffffee04
ffffe0a2
fffff929
00001b7c
fffffb05
ffffd15b
ffffcd6d
ffffa52c
ffffdb70
ffffb841
ffffabb3
ffffa9b2
ffffa8be
ffffc81e
fffffb88
00002f36
000001fe
fffffc17
000007fc
0000279d
00001240
ffffdd48
ffffd969
ffffbd62
ffffec77
ffffbdf0
ffffbbd4
ffffa840
ffffac78
ffffb831
ffffdfed
fffffb1b
ffffdfe9
ffffc890
ffffdf2a
ffffe413
fffff33d
ffffb9fa
ffffd129
ffffbe51
ffffe7ee
ffffcfbd
ffffc0d3
ffffc26d
ffffcbb5
ffffdb25
ffffd0f1
ffffbbe4
ffffce0d
ffffe3ec
ffffffb0
ffffdda0
fffff5af
ffffc1af
ffffd4fd
ffffc158
ffffd472
ffffc250
ffffb5af
ffffb920
ffffc96a
ffffdd12
ffffdb57
ffffcbf4
ffffc0a9
ffffc2cc
ffffdee6
ffffe153
ffffed6c
ffffca3d
ffffb103
ffffb7b5
ffffb2ce
ffffd892
ffffcbf6
ffffc3c3
ffffa8f9
ffffb3a8
ffffd1c7
ffffde3a
fffff271
fffffd13
fffff936
ffffe99d
fffff14e
ffffcd5c
ffffdc1c
ffffcc56
ffffd60b
0000469d
ffffe866
ffffb8e6
ffffbe60
ffffee2d
00001569
00003476
00005d94
00005f50
00005f66
00006253
0000762a
00006070
00006d7c
00000f03
ffffb082
fffffaa3
ffffacfe
ffff6b94
ffffada2
ffffb7b7
ffffc604
ffffee5a
fffffee9
000007ef
00002b64
00002f4b
000031c7
00000aa6
0000147a
ffffd7d6
ffffacbd
ffffae0f
ffff9147
ffff738c
ffffa028
ffffb04e
ffff928c
ffffa433
ffffc591
ffffd1bb
00000970
00000633
0000018e
ffffd986
ffffdb2b
ffffc3d1
ffff5ab8
ffff4fc9
ffff6210
ffff855e
ffffa167
ffffbd7c
ffff5e11
ffff7ad0
ffff7b1a
ffff8f30
ffffaa55
ffffcf6d
ffffea3a
ffffbe93
ffffc8e5
ffffba44
ffff899c
ffff9de7
ffff8373
ffffb26f
ffffc3d8
fffff108
ffffb508
ffff6525
ffff8619
ffffabb3
ffffb07d
ffffd090
fffff926
ffffd402
ffffd3f2
ffffa700
ffff8a19
ffff8ff6
ffff4bf8
ffff9b46
ffffe41e
000006d5
ffffcd00
ffffb7ed
ffffb009
ffff9355
ffffa3dc
ffffce6f
ffffef9f
fffffa2e
ffffe01f
ffff9a6d
ffff91cf
ffffa4e8
ffff3822
ffff7f6b
ffffc38f
ffffceab
ffffd75c
ffffa35a
ffff9bd1
ffff8b4a
ffffaf42
ffffa7a5
ffffde5b
00000eae
ffffe5e5
ffffa40e
ffffb37c
ffffec11
ffff897f
ffff947f
ffffb3e7
ffffa6f2
ffffbc76
ffffbbba
ffffb410
ffffcbfb
ffffd02f
ffffb535
ffffd20f
00000250
ffffe58f
ffffb18b
ffffca17
00000cb9
ffffba8c
ffffd31a
ffffbdbb
00000463
ffffb76b
ffffb1dd
ffffd16e
ffffc9f3
ffffb7cc
ffffcd28
fffff803
fffff393
ffffeeee
ffffc999
ffffdfe2
00002149
ffffd882
ffffe6e4
ffffed47
fffffed3
ffffca41
fffff0cc
fffff0b4
ffffe660
ffffe2d8
ffffdbc5
00000356
ffffec31
ffffee1e
ffffd65d
ffffe02b
00002b50
ffffd0d8
ffffe0bf
ffffe2a6
ffffed0e
ffffede8
000005d8
00002d3c
000028d8
00002048
fffffb08
fffff737
ffffe2ba
ffffd406
ffffd2b5
ffffdfca
fffffea1
ffffc958
ffffb1c3
ffffcc23
ffffc0bf
ffffb42c
ffffefe0
00002442
00002b83
00002776
fffffffa
000010b5
fffffc80
ffffdb44
ffffe450
ffffbf52
ffffac93
ffffb251
ffffa876
ffff8f2e
ffffb193
ffffe507
00000612
fffff597
ffffe441
ffffe54b
ffffc8a1
ffffd2c0
ffffba45
ffff9f38
ffffb1e7
ffff8f44
ffff82d1
ffff9332
ffff8fcf
ffff6a2c
ffff50d2
ffff616b
ffff8cdc
ffffaaf2
ffffa3e5
ffffa01c
ffffb8f8
ffffb1e4
ffff7b1a
ffff862e
ffffba92
ffff7e71
ffff8c0f
ffff798d
ffff888e
ffff7c68
ffff7fe7
ffff6fae
ffff66e0
ffff5dd0
ffff731c
ffff7676
ffffa38c
ffffa495
ffff884d
ffffa009
ffffbba8
000006da
fffff4ca
ffffe2b8
ffffe725
ffffea03
fffffab7
0000055e
000004a0
fffff3bf
fffffdde
0000029e
fffff75c
ffffe96c
ffffec7e
00000d7c
00000e52
fffffaf0
fffff755
000000c0
ffffef3b
ffffe72a
fffff537
000006e9
00000234
fffff2fa
fffff2c2
fffff833
fffffafe
ffffe571
ffffe8e8
00000e5a
000023d4
ffffedf8
ffffe842
ffffca02
ffff8325
ffff74be
ffffa627
ffffcb0d
ffffde5f
ffffd795
ffffcb17
ffffd350
ffffcbce
ffffc229
ffffd159
ffffe4c4
00000470
fffff496
ffffd347
ffff8be1
ffff5d7c
ffff9b09
ffffdbf4
ffffed1c
000008a5
fffffe32
ffffefef
ffffe4d1
fffff0d7
ffffe0fe
ffffefe5
fffff9b6
000022a8
ffffee7a
ffffb457
ffff8b0c
ffff9a3a
ffffc359
ffffe00b
fffff005
000019a8
00000bb2
00001785
fffffd0e
fffffa05
fffff03e
fffffa01
0000128a
00003fa9
ffffe5d2
ffffb7fb
ffffada7
ffffc7b7
fffff25f
ffffd9d1
ffffd792
00000351
00000564
0000043b
fffffad8
0000116d
fffff4e5
000007b9
00001aa5
00004733
ffffe7f1
ffffd1fd
ffffd7e7
ffffce84
ffffd588
ffffd773
ffffdeb3
ffffc375
ffffb683
ffffcdd9
ffffc130
ffffce0f
ffffeb1f
00000356
00000ebf
00002a50
fffffe65
ffffeadf
00000855
000009c5
fffff971
ffffeeef
ffffe406
ffff9496
ffff7cb9
ffff9198
ffff897a
ffff86f9
ffffae38
ffffdc5a
00002183
00002934
000002ef
ffffe876
ffffefc0
0000145e
000038e9
00002d15
fffff783
ffffd42d
ffffc989
ffffc34f
ffffa93d
ffff8a24
ffff98a3
ffffd2b4
000013a7
00002b5c
000005a2
ffffee65
00000095
00001758
00003009
00004c0c
00002901
00001123
ffffe400
ffffdf07
fffff2cf
ffffea92
ffffee49
fffff4b6
00002860
000030da
000000c0
ffffe887
fffff8fe
00001d1f
0000217a
0000245a
000013ac
00000495
fffff7c1
ffffeadb
ffffea42
fffff600
00000a4f
0000149a
00003047
000034d6
fffffd9a
ffffdae0
ffffdfd1
fffff70e
000011f4
fffff2cf
ffffbc46
ffffc0f0
ffffda74
ffffede8
0000067c
fffffbca
000011c6
00000af3
00002a87
000031f6
ffffea34
ffffc482
ffffc77c
ffffda06
ffffe823
ffffdbdd
ffffc1cd
ffff9c7b
ffffc859
ffffe392
ffffff17
0000169c
00000564
ffffdbe0
ffffdff5
000001fb
ffffe733
ffffd065
ffffd0ca
ffffddff
ffffd853
ffffbfee
ffffb977
ffffa806
ffffa30d
ffffc0ab
ffffe675
00001298
fffff659
ffffc7b4
ffffe43f
000004de
000007ac
000011e9
000023c4
00001f1b
00000e79
fffffa5c
00000d19
00000126
000012af
00003334
00002678
00000a89
fffff302
ffffe4fd
000017a8
000017e1
00002e9c
00004d3d
00006b9c
00006d51
00005d97
00004bb6
000051d2
000042cf
000052cd
00005532
00005d72
00004691
0000555f
000047d8
00005150
00004416
ffffc11c
ffffaf9b
ffffa204
ffffd4ea
ffffcd8f
ffffd3b0
ffffbbac
ffffafb2
ffffaf74
ffffb96a
ffffa9ac
ffffa334
ffff9b35
ffff9612
ffff9a70
ffffad28
ffffa00a
ffff9e20
ffff93c8
ffffd99c
ffffec41
ffffd471
ffffaa21
ffffa0d8
ffff95f1
ffff9baa
ffff9be8
ffff9e32
ffff9096
ffff865b
ffff7d1d
ffff9a45
ffffcd58
ffff98c0
ffffb9b6
00000c9e
000012fa
000010bd
ffffe1b9
ffffc09c
ffff9cf6
ffffa8c0
ffffb493
ffffc02d
ffffb281
ffffa6fd
ffffa211
ffffa895
ffffda3b
ffffec36
00000c34
0000053f
fffffb4d
fffff8ba
000002e0
0000142b
ffffd240
ffffc05b
ffffd342
ffffe838
ffffdc76
ffffd36f
ffffc8ea
ffffc785
ffffcf0e
ffffeef4
0000038e
ffffe0c6
ffffe140
000031b5
00002d40
00002c23
00000376
ffffdf3d
ffffd4ec
ffffee16
ffffdd35
ffffcbde
ffffc22b
ffffccb9
ffffb467
ffffe71e
000002bc
fffff427
ffffff0d
0000412d
00004ebc
00003bd0
00002e4e
000034a2
fffff61e
ffffe58e
ffffd00c
ffffbf8b
ffffc3ab
ffffc9a5
ffffb969
ffffdf99
00001f39
000042c2
000059b4
00007d52
00004c4c
0000435f
0000402e
000067c4
00001e2d
fffffc88
ffffc79f
ffffc5d9
ffffbf38
ffffc3cc
ffffabb8
ffffd9ba
00002be3
000042ba
00004455
00003990
000031fa
00003d99
00002757
000033ba
00002f15
fffff871
ffffe3e4
ffffcf05
ffffc24c
ffffb11b
ffffb39a
ffffbf55
00000b37
00000b59
fffffec3
ffffdc8d
000010dc
0000583c
000058a1
0000624d
0000467b
00000323
fffff817
fffff142
ffffdd50
ffffb3f8
ffffb72c
ffffbbaf
00000d1b
00001e39
00001763
00000525
00001fb7
0000511a
00003ad3
00002cab
00003d7e
00003834
000040d2
00001030
ffffe12a
ffffbd0b
ffffb1f6
ffffad2b
ffffefc5
0000140e
00002b82
00000d59
00001a58
00001db0
00002172
000009ac
fffff614
000010ed
00001e10
fffffa35
ffffd40f
ffffb0fd
ffffb30e
ffffaa9e
ffffb2fd
ffffd5fd
ffffe1ea
0000009d
00000305
ffffd7bf
ffffd193
ffffca0a
ffffd4b3
00000685
00000396
ffffe7da
ffffc1ff
ffffb5b2
ffffbefb
ffffb194
ffff9fe8
ffffab95
ffffd8ed
0000074c
00003cb6
00000836
ffffd8b1
ffffcbc7
ffffb107
ffffc326
ffffe8e0
ffffd919
ffffa3d2
ffffa364
ffffbe08
ffffa2cc
ffff9193
ffff9543
ffffb5c8
ffffcf73
ffffffbe
ffffe194
ffffc77c
ffffbba1
ffffa383
ffffad7f
ffffc0fd
ffffd72f
ffffd732
ffffc750
ffffd408
ffffc3c6
ffffad47
ffffac7c
ffffc52c
ffffcb07
ffffe320
ffffd473
ffffa5d3
ffffa294
ffffb67c
ffffc82a
ffffee16
ffffcf10
ffffdfbd
ffffc4ad
ffffe651
fffff554
ffffead5
fffff1ae
00000732
fffff7c1
ffffe76a
ffffcfd6
ffffbb17
ffffbe8d
ffffd194
ffffd52d
ffffec09
ffffcf6b
ffffdf66
ffffe4bb
ffffe5f8
ffffd7c1
ffffdfbf
000017bf
00001067
fffff46c
ffffe6e7
ffffd9c5
ffffdb2b
ffffdf8e
ffffd763
ffffdb5e
ffffd326
ffffc2e6
ffffc1e7
ffffd98c
ffffe398
ffffe7f5
00002aeb
00006964
00005c2d
000026e2
000014e7
fffffb9d
ffffd8b8
ffffde37
ffffda8a
ffffd960
ffffd01a
ffffcd16
ffffc887
ffffd514
ffffe0e0
000008e8
00004f3b
00008005
00005fc0
000037a4
00004c8e
000011b4
ffffcd76
ffffd290
ffffdf4e
ffffe4aa
ffffdfb5
ffffdaf8
ffffcf67
ffffd733
ffffee2c
00001ab2
00005029
0000730b
00006b79
00008fef
00009e93
000072d2
000005a3
fffffa4b
00000389
0000061f
fffff657
fffff9bc
ffffe63f
ffffee32
000015fa
00001372
000034dd
00003982
00006641
0000a644
00009b6a
0000a913
00006287
0000338a
00003e1a
00003a0a
00001a65
00002253
fffff624
000006b9
0000050f
0000043b
00003cbd
00002ac6
00005361
00008443
00005d75
0000903f
0000707f
00005790
00004e3c
00003c21
000026ee
000021c8
00000e3a
000007e8
ffffea7e
ffffee98
00003c7b
00004e09
000051b5
0000612d
000038fb
00003a3b
00002d76
00002be0
0000215b
00001256
00000572
fffff7f8
ffffeb93
ffffe65e
ffffdf55
ffffdd31
000018a3
00003ba4
0000479f
0000356b
000001f3
000003d1
00001d70
00002caa
0000080c
fffff6c3
fffff634
ffffe394
ffffdbb5
ffffdadc
ffffd40b
ffffcc8a
ffffeba6
00001c58
0000387b
00001822
00001c67
fffff3e8
fffff6ed
00002c9b
00003d45
0000257a
00001079
fffffe44
fffff2d7
ffffdde1
ffffd51b
ffffb851
ffffe041
000006a0
00003959
00004a4b
00005cac
00001e97
fffff0c0
fffff6e1
0000176a
00000e06
00000b54
00000fdb
fffff60e
ffffdc9f
ffffd71e
ffffb43c
ffffe2b1
fffff5df
00001779
00002597
00004574
00003410
fffffb3d
ffffdd8e
fffff537
ffffe504
fffffbfa
fffffbab
ffffee82
ffffd50a
ffffe4a4
ffffc090
ffffc82e
ffffd212
ffffeb5b
ffffed60
00000fe1
000017e8
0000149b
0000078b
00000268
fffff618
0000000d
ffffe005
ffffe665
ffffd284
ffffe907
ffffc88e
ffffba30
ffffb5c3
ffffd1c9
fffff433
000018ac
000011f1
00001470
00001130
fffff955
ffffedc6
fffff7f3
ffffe821
ffffd171
ffffce50
fffff530
ffffd2e1
ffffd133
ffffc228
ffffbaf9
ffffd461
fffff40f
ffffe5ce
ffffdec8
ffffeb68
fffffe37
000011e3
00002e9f
ffffff04
ffffe403
ffffe799
ffffe8ca
ffffdfc9
ffffd91c
ffffdaef
ffffcfcc
ffffc634
ffffcd00
ffffcb88
ffffd071
ffffda5d
ffffec5a
ffffe1f0
000002f9
ffffda08
ffffd168
ffffd834
fffff15c
fffffab2
00000628
00000283
fffff369
ffffed4c
ffffed95
fffff27b
fffff418
00000393
fffffcd6
ffffe6b9
ffffea99
ffffe5dc
ffffe908
fffff278
00000d33
0000272f
00001325
fffffa74
00000416
00000e03
00001488
00001a9f
000013b0
000012c4
00000fd0
0000178c
00000fc8
00001825
000024b6
0000196c
00001af1
00002bb7
000020d3
00001dc0
00001307
000007e2
00000a01
0000114f
000021c4
000025e4
00001302
0000204c
00001a28
000012a4
00001c63
00001aa2
00003298
00002a39
ffffeee1
fffff922
000010f9
fffffe9d
ffffe678
ffffe8b2
fffffec4
0000041f
fffffb70
fffff010
ffffeef4
ffffe454
ffffe29b
00000858
00004105
0000711b
00002187
000036ce
00004106
0000374a
000001ae
fffff038
0000215c
00001bba
000017a7
000011a8
00000979
00000eed
0000236a
0000342c
00001c42
00004eb3
000014fd
00003dba
00002738
fffffccc
000000c2
ffffeae6
fffffeda
ffffe359
ffffe7c1
0000007b
000007ae
00000f71
000034be
000029db
fffff3f4
0000354e
fffff7ca
fffffa08
ffffd6ea
fffff8cc
00001b9b
ffffcaa4
fffffbc9
ffffd768
ffffc793
ffffe8a1
ffffeeca
ffffebd8
000002a1
00001f45
ffffeef5
000010c0
fffff04a
fffff9a5
ffffefa6
fffffca6
000040df
000020cf
000004ca
fffffa7e
ffffdb64
ffffc48b
ffffc462
ffffd7c8
ffffd747
00001833
00000e2c
0000433f
000014d2
000013aa
00002531
00001cf0
00005864
0000434b
00001e30
00001069
00000996
00002396
00000bb8
00000a83
ffffffb1
000028c5
00000d00
000052e4
00002772
00001a94
000013d8
00003a6c
0000350e
000037d0
00001359
00001eee
000025a6
00002072
000005ea
00000968
000001ef
00002107
000013fc
00005a9e
0000389b
00002b2f
00000c74
00004660
0000193d
00003e84
0000384c
00002d2b
00000c99
fffffeb6
fffffbc6
ffffeb84
ffffe8da
000015af
00001f5e
00004e54
00003db2
00003684
00001f72
00001df8
fffffe8a
000009f6
000051b4
00005261
00001d88
00000aa0
ffffebba
ffffff39
00000542
00003099
00000816
00002aff
00003fda
0000387c
000039c8
00002722
0000049b
00000e3f
000057e3
00005261
000045d7
00003ccd
0000020e
0000074f
00000c00
00003c84
fffff699
0000152b
000027f9
00003a07
00003376
000033e2
fffff88a
ffffec55
00001a87
00002aa8
00005fbf
00005cef
00002836
00002428
00000a10
00003442
ffffe1c4
ffffe610
fffff2c4
fffffb23
ffffef59
0000203c
000015a7
00001801
fffff596
fffff44f
00000a87
0000401f
000024d1
00003693
0000146a
00001791
ffffe31e
ffffeafc
ffffdf15
ffffcd7d
ffffd0a5
000003ba
00000ce9
fffffc19
00000a17
000003c8
fffffd77
00001bcf
00001438
0000216d
fffff67d
000007d6
00000901
000009fd
00000297
fffff84e
0000120d
00002134
0000147b
00000c05
00000769
ffffff17
00000b51
00001bfe
00001a77
00001350
0000001a
00001c2c
ffffcf8f
ffffd8c3
ffffc5c9
ffffda78
ffffd936
ffffd30f
ffffda3b
ffffd3b0
ffffcf0f
ffffd676
ffffcf8e
ffffd54c
ffffcdc9
ffffb9bd
ffffcf6e
ffffed18
ffffcfc1
ffffd7d6
ffffc699
ffffe803
ffffbae1
ffffab5a
ffffbc60
ffffc066
ffffcd61
ffffd3bf
ffffd405
ffffc98e
ffffcbc6
ffffc506
ffffee3a
fffff4ca
ffffd6d7
fffff142
ffffddbc
fffff751
ffffcdad
ffffc9cd
ffffe042
ffffdcdc
ffffd61f
ffffe9ba
ffffef03
fffff9ab
ffffeca7
ffffe5be
fffffd36
000008ca
ffffdea9
000012d3
0000259f
00001a2e
fffffa09
ffffda08
ffffe861
ffffdb15
ffffe369
fffff7fb
fffffbcf
fffffea7
fffff964
ffffe8e5
ffffef26
00000920
ffffde25
0000120e
000030ac
000017f0
ffffeb6c
ffffaf4c
ffffa28c
ffffb4d2
ffffcc58
ffffe4ab
fffffa93
00000fab
00001a7a
fffffdad
00000300
00000b25
ffffdea3
fffffe9a
00000b69
0000183b
ffffd3bb
ffffb1e6
ffffc1a6
ffffced4
ffffc9c4
ffffe9bd
00000007
00001009
00000bd5
fffff02d
ffffe470
fffff12c
ffffdc2e
fffff0e4
ffffea74
fffff6a6
ffffd01f
ffffde30
ffffe5df
ffffe1ec
fffff472
0000094f
0000037b
00000a2e
00000645
fffff40b
fffffb2d
fffff1a5
ffffd4aa
ffffe147
ffffe3c9
ffffef4c
fffff21b
00001548
00001745
00001437
00001b47
00004041
000044c0
0000330e
00003502
00001d67
000008b5
ffffefb7
ffffd2fa
ffffd479
ffffe82e
ffffec9f
ffffe4a9
fffffa5f
00002b95
00003fbc
00005172
00004773
0000407d
00002b58
00003130
0000349c
0000199b
fffff9bb
ffffdea7
ffffd578
ffffec69
ffffda19
ffffce07
ffffbfbe
ffffed04
00000ab2
00002cf3
000034ec
00004187
00003b88
00003711
00002d98
00002283
00000273
ffffd7e0
ffffc8fe
ffffc9d7
ffffd570
ffffcc9f
ffffd63c
ffffe95c
ffffede8
0000006d
00000c0f
00002176
00002942
00001d3b
00001eb1
0000229e
00001179
ffffd25b
ffffd3ed
ffffc540
ffffd686
ffffd14c
ffffe7ef
fffffc1a
ffffec35
ffffd0f2
ffffef3d
00002211
00003dde
000024e9
0000243b
00002568
000018e2
ffffe989
ffffebac
ffffda5e
ffffdd2a
ffffd692
ffffef8f
000006b0
ffffe0f5
ffffc490
ffffb61e
ffffe857
00001e3f
00000b30
00000eaa
00002658
00000b0d
ffffe34d
ffffedfb
ffffd8c8
ffffd8be
ffffcd74
ffffe9b1
fffff2c8
ffffe3b5
ffffd9c0
ffffd0d9
ffffc634
ffffdf7e
ffffd54d
ffffe53f
00000588
00000346
0000040a
000031d9
00003098
0000307e
000033a4
00003624
0000324a
00002e4a
000036b4
00003079
00002a75
00001214
000003ee
ffffff28
00001aa4
00001708
ffffddb8
fffff80c
fffff83e
ffffef15
ffffe7c2
ffffe722
ffffe35a
ffffe6bf
ffffffb6
000015fd
00001132
0000069a
fffff5d5
ffffeaad
fffff585
000001f4
ffffd39d
ffffaca8
ffff97ab
ffff99dc
ffffa218
ffff8da9
ffffa4a2
ffffae5d
ffffac6d
ffffc307
ffffc50d
ffffc08d
ffffaa26
ffffa1e0
ffffb09d
ffffb2f2
ffffa9c3
ffff7258
ffff6c50
ffff81d4
ffff7d25
ffff94fd
ffff9f7d
ffff8eb8
ffff8eab
ffff9fa9
ffffa4c2
ffffa7af
ffff9772
ffff81ad
ffff97bb
ffffa393
ffff7acf
ffff3850
ffff19c6
ffff1e56
ffff3920
ffffb643
ffffccbf
ffff8be0
ffff870f
ffff8fbb
ffff99ef
ffffa7de
ffff96a4
ffff77dc
ffff7b1f
ffff86b4
ffff8710
ffff6259
ffff1c2d
ffff20da
ffff5648
ffffc526
ffffdbcf
ffffa119
ffffa8a9
ffff9cb6
ffff9c5b
ffff9622
ffff968b
ffff80ca
ffff804c
ffff75da
ffff9981
ffff9619
ffff3cc6
ffff2476
ffff1b1d
ffff1f4f
ffff7681
ffff5b68
ffff5a76
ffff6968
ffff7c52
ffff85c0
ffffa14e
ffff99ba
ffff9407
ffff7c50
ffffad9d
ffffc3b4
ffff80e3
ffff7028
ffff6076
ffff155d
ffff4157
ffff5435
ffff7165
ffffb4be
ffffc0c6
ffffd404
ffffde59
ffffdcbe
ffffbbb6
ffff9d44
ffffccb9
ffffd09f
ffffa431
ffffb14c
ffffc6f8
ffff7960
ffff7cd5
ffff4cda
ffff6bff
ffffaa9d
ffffa6ed
ffffab69
ffffa043
ffffba3c
ffffb4ee
ffff9f69
ffffc49d
ffffcbd8
ffffaa16
ffffc6fe
00000724
ffffb969
ffff9ad0
ffff3cb6
ffff8780
ffffa6e2
ffff9de3
ffff8309
ffff5750
ffff7515
ffff9564
ffff9f39
ffffb604
ffffacfc
ffff6b9a
ffff6636
ffff9039
ffff70b2
ffff69fb
ffff5bf0
ffff93fe
ffff9649
ffff7e88
ffff4c40
ffff3365
ffff34de
ffff685b
ffff8798
ffffa9fd
ffffae54
ffff7372
ffff7926
ffff950b
ffff771c
ffff781c
ffff7249
ffff8c4d
ffff8c85
ffff8a04
ffff6e74
ffff766d
ffff77b5
ffff8ab4
ffff85d2
ffffa5aa
ffff9ba8
ffff97e9
ffff9183
ffffb2c6
ffffa037
ffff93a1
ffff59d8
ffff60de
ffff7f07
ffff939a
ffff805f
ffff92a3
ffff8cb7
ffffa501
ffff94a6
ffffa237
ffff82b3
ffff8ec4
ffff81ad
ffff92b5
ffffa2dc
ffff912f
ffff7f35
ffff6d89
ffff8139
ffffb6f2
ffffb819
ffffa8f2
ffff99d3
ffff9c24
ffff8e42
ffffa9fa
ffff90f9
ffff8c68
ffff80b6
ffffa68b
ffffc5ed
ffffc402
ffff9ec0
ffff77c5
ffff9090
ffffc8fa
ffffd8d3
ffffab68
ffff9163
ffff9d1f
ffff925b
ffff96c1
ffff7311
ffff4308
ffff32fc
ffff548f
ffff8ba3
ffffc6bb
ffffcb1e
ffff8baa
ffff7f65
ffffa82b
ffffa623
ffff9559
ffff9d49
ffffa386
ffffa18a
ffff947e
ffff756d
ffff51ef
ffff46ee
ffff4ca2
ffff713b
ffffaa52
ffffc352
ffffaea2
ffff996a
ffffa9c2
ffff92c3
ffff905a
ffff9681
ffffaaff
ffff9aac
ffffa2d2
ffff79f6
ffff5edf
ffff5523
ffff5f17
ffff7d67
ffff9065
ffff928d
ffff8314
ffff87d0
ffff864b
ffff7729
ffff8592
ffff6a07
ffff97d4
ffff9aec
0000037f
000016be
0000145e
00001cf4
00001879
000010dd
00000f23
00000523
fffff5eb
fffff945
ffffede4
ffffe75d
ffffde4f
ffffde68
ffffdf95
ffffeb3e
000023d4
000039e8
00003216
00001db6
00000c15
fffff559
ffffffe7
ffffeb0a
ffffe789
fffff305
ffffed47
fffff10f
ffffe282
ffffdd5b
ffffdae8
ffffe40f
00002d7d
00002e69
0000359c
00001531
ffffdbce
ffffc2fd
ffffba95
ffffc815
ffffe29f
ffffecc4
ffffe8d8
ffffe33b
ffffdd72
ffffe2c8
ffffd83e
ffffe078
000026c1
00003599
00005400
00005f81
000037b4
fffff616
ffffe59c
ffffdcdd
0000071a
00000a9a
000015c1
00000997
fffff99b
fffff3a4
ffffd629
ffffe7ed
0000092d
00000ed7
00003c0f
000037c9
000035f2
000029fb
ffffc06d
ffffba7b
ffffda28
ffffe274
fffff238
ffffe20d
ffffcf67
ffffc7bd
ffffb77e
ffffda6b
00001a9f
fffffbaf
00000a9a
fffff553
0000092d
00003314
00000fd2
fffffa9d
ffffcfa9
ffffd934
ffffebbd
000008c5
fffff342
fffff3e0
ffffcda2
ffffe2ce
0000111c
fffffddb
ffffc9ea
ffffc61e
ffffd8b1
00001570
00002c49
000015cc
ffffdaa5
ffffc36d
ffffd3bf
fffffbfb
fffffd59
000003eb
fffff0ea
fffff291
000019fa
fffffd05
ffffd70e
ffffb192
ffffc3be
00002f0d
00000925
00001747
ffffd3e9
ffffd52f
ffffe6b6
00000da6
000014ff
000027e7
fffff6e8
fffff27d
0000163c
000014e5
fffffe80
ffffddb7
ffffdab9
00001371
00000ad5
000024dd
ffffeae0
ffffde1f
fffff050
0000032b
000011e8
00001cc8
0000001f
fffff281
000009ea
000002e9
00000f00
0000145a
00000be5
fffffdf2
000015d0
00000907
000011d1
00000ffc
00000ca6
ffffffe2
fffffe21
fffffc9f
ffffe676
ffffebe3
00000545
fffffa60
0000029c
0000168c
000008eb
fffff91a
00004103
00004b15
00004181
00005139
00004337
00002f3e
00001ae9
00000085
ffffeb62
ffffedce
ffffff95
fffffac6
fffff64b
00001112
fffffb44
ffffe856
000011b2
0000250e
0000264a
00005499
00006c1f
00006e9e
00005bc9
00002267
ffffefaf
ffffea79
00000c3b
0000096a
000001c6
00000a12
ffffe999
ffffde6e
0000161d
fffffed8
00000bd5
00002c42
00003f14
000073b3
00007536
00002d07
fffffd91
fffff00d
ffffface
000001ff
00000838
00001209
000003f6
000005ba
00001f1d
000004cb
ffffef8d
ffffff06
000017fd
00005df0
000058c9
00001aa9
ffffeb1f
fffff790
000004eb
0000153d
0000268f
00002d64
0000253d
000025c8
000024a0
000012e1
00001d68
0000223f
00003baf
000063a3
00006276
00003bf0
fffffe99
fffff31b
0000207c
00003be7
000036d2
00003af9
00002d31
00002afd
00001aff
00000f90
00001fad
00003003
00003a56
00003fa3
00003d19
00003d8a
00000d33
0000011b
000010d9
00006b1b
00004bd3
000029c4
00002c66
00003ecb
00003d00
00003d85
000041d9
00004a54
000036ea
00003f3d
00004155
00003743
00003639
0000312a
0000179f
00004b46
00000b64
ffffecc4
00001c4e
00005382
00006711
000058d8
00003e73
0000396e
00002d02
00003f51
00004b95
00004059
0000311e
00002e8f
fffffab5
000018f3
fffff360
00000758
00004734
00005eed
000056ca
00003367
fffff79d
fffff451
fffff54e
fffff2c0
0000060f
00000035
000007fc
000005c9
000000a2
00002cc9
000011f3
00003731
00007af2
0000b3ee
000091c5
00001363
fffff3a1
fffff7c7
00000986
00001422
00000df8
0000004b
00001d90
00000575
ffffef64
00003207
00000a23
00001e31
00001cbe
00008813
0000779a
000008fd
ffffe28e
ffffe9c6
ffffef0f
000005af
00000c40
ffffff03
00002ada
000016b1
fffff2b0
00001d50
00002d33
000019fa
ffffe695
000014d3
00002c3d
fffff1a4
ffffd635
ffffe217
000003de
000009e2
0000143a
00000a8a
00004a7a
00003e2f
00000a6e
00001e22
000030af
00004bfb
00002669
fffff58c
ffffefa5
ffffef6b
ffffd6af
00000125
00002509
0000196b
ffffff69
ffffe2de
0000247c
00002356
000013ff
00002360
0000260f
000042b0
00004312
fffff18d
ffffbe01
ffffeb73
ffffe0b7
00001d1c
00005bbc
000047fc
0000135b
ffffda22
00000ba3
00000e8b
00001fee
000043fa
00004d67
0000587a
00003947
00002498
ffffd183
ffffefea
ffffe5ed
00002146
0000521a
00006509
00004b38
000011ab
000002c1
00000e95
0000268e
00006065
00004300
00004626
00001baa
00003c7f
00001cab
000006ac
00001ed1
00003c9d
000045d9
00003a97
00002a9c
00001558
fffffa3d
000014fe
0000268c
000061b0
000033b4
00003484
0000035a
00001dc4
0000118c
00000f9f
0000128b
00003560
000047e2
00002883
00000c8b
00000358
000000ab
00002af3
000020e2
00005bbb
00002a44
000023f1
fffff9f8
ffffc1cd
ffffdfe0
000036da
fffffed8
fffff777
ffffffd1
fffff369
ffffd1c8
ffffdbc3
fffffa93
00001f0e
00001402
00002cf6
0000278d
0000288f
00001403
ffffbc3e
ffffcae7
00000c18
ffffdd80
ffffd510
ffffea7f
ffffcfd0
ffffc517
ffffe65b
00000c95
00001461
00000bcd
000004fd
00002540
00003910
000041af
00001ec5
0000126d
00001979
fffffdc7
fffff4a0
ffffff16
fffff9db
ffffd9c9
ffffbc8c
fffff0cc
00000c63
ffffec22
ffffd322
ffffd5c0
ffffecf4
000002da
00000e5c
00002aa8
00000f40
00000111
ffffecd4
fffff522
ffffed12
ffffd51f
ffffb445
ffffe3df
000018f4
00000abc
fffff4e2
00000eda
00002771
00002dfa
000035c7
00004209
000030ac
00002e12
00001a57
00001e0e
00002e6f
00002dcb
000022a2
000036f2
00003df2
ffff8fb6
ffff7656
ffff5726
ffff70e4
ffff7e3d
ffff750a
ffff5704
ffff557e
ffff49e6
ffff44bb
ffff51f9
ffff496c
ffff4104
ffff36cb
ffff3cc3
ffff6bab
ffff9036
ffff79f5
ffff5f8d
ffff957f
ffff7a8b
ffff62fe
ffff3ccf
ffff2f49
ffff3615
ffff4a85
ffff487f
ffff3961
ffff3180
ffff169b
ffff21b8
ffff4aa2
ffff95c6
ffff654f
ffff6191
ffff8200
ffff7cf0
ffff8eb7
ffff64fc
ffff4bdc
ffff5391
ffff56bc
ffff5a31
ffff52e2
ffff4421
ffff3c74
ffff3c63
ffff410c
ffff9b64
ffff9d3c
ffff8979
ffffc680
ffffa6fe
ffffa565
ffff92db
ffff7bd9
ffff8d20
ffff9658
ffffa123
ffff9930
ffff9646
ffff6d04
ffff5878
ffff5f29
ffffa7f4
ffffc4ec
ffffb3e9
ffffcbcc
ffffc8e4
ffff6f0f
ffff7656
ffff79fb
ffff9654
ffffa5ff
ffffaec3
ffff9509
ffff926d
ffff85a7
ffff8a74
ffff7982
ffffc2f2
ffffdc37
ffffc761
ffff9c44
ffff9433
ffff3428
ffff4a50
ffff6a06
ffffa68c
ffffdbb2
ffffd978
ffffcdbb
ffffc621
ffffcbd7
ffffae80
ffff9a37
ffffbc2c
ffffbde3
ffffa146
ffff4564
ffff4300
ffff5801
ffff864a
ffff6d1e
ffff8ccc
ffffb664
ffffb70f
ffff8889
ffff93ce
ffffc74f
ffffc6a4
ffffa06b
ffff95d1
ffff957f
ffff59ac
ffff0e9c
ffff20ad
ffff5bc2
ffff8853
ffff923c
ffff7b18
ffff6c58
ffff6f23
ffff63fe
ffff5714
ffff8df1
ffff8ed6
ffff7b08
ffff8cc9
ffff7ddc
ffff520d
ffff2d20
ffff2d8e
ffff627b
ffffa6af
ffffd5a5
ffffa4bc
ffff758d
ffff57c9
ffff3562
ffff3302
ffff6097
ffff6eb6
ffff797d
ffff854a
ffff7965
ffff585c
ffff5f6f
ffff53d4
ffff5db8
ffffa849
ffffdbb5
0000014b
ffffd340
ffff92f3
ffff7965
ffff7b5a
ffffa2f0
ffff838b
ffff7e91
ffff8728
ffff71b6
ffff4a9c
ffff6bcc
ffff60bd
ffff5d1c
ffffa289
ffffb362
ffffe1cd
ffffc662
ffffb218
ffffb1ce
ffffa460
ffffa4ab
ffff8139
ffff6d3a
ffff90c0
ffff7c1a
ffff5579
ffff72d8
ffff5b3b
ffff61d7
ffff7790
ffff8524
ffffa4e9
ffff775e
ffffa246
ffffd40a
ffffc9b5
ffff96bb
ffff8028
ffff79ee
ffff963c
ffff89b1
ffff6bb7
ffff6589
ffff6b4b
ffff6221
ffff800b
ffff66c7
ffff761d
ffff830f
ffffc247
fffffc1e
ffffe575
ffffa664
ffff86ee
ffff85da
ffff950b
ffff8502
ffff7e42
ffff61ad
ffff5c64
ffff5ee7
ffff8b42
ffffa5d3
ffffa3bd
ffff8f17
ffffb91d
ffffebe6
fffffe01
ffffea3f
ffffbd24
ffffa98d
ffff99ff
ffff7cae
ffff8ed8
ffff8919
ffff6d40
ffff6958
ffff80a9
ffff7e33
ffff7d83
ffff92b4
ffffc5c6
ffffb932
ffffceca
ffffbb59
ffffa89f
ffffa9b3
ffff99e2
ffff80d3
ffff7531
ffff696c
ffff6b69
ffff738b
ffff7489
ffff7b15
ffff7c1a
ffff77d3
ffff8a36
ffff88ad
ffff94de
ffff8960
ffff9301
ffff926e
00002703
00003d87
000053a2
000028da
00002e6b
00003960
0000389a
000043ff
00004b7d
00004f79
00004ad5
000047b2
00004e67
00005300
00004600
00002fa0
000022e5
000019c8
00004301
000025b7
00003b42
00005039
0000546b
00005241
0000497a
00004bc2
00003bb6
00005602
000054c8
00004b3f
00003998
00002351
000007f1
fffffdac
000016c2
0000243d
00006470
00008410
00006954
0000412a
00002abc
000001de
00000166
00001b5f
00002018
0000260f
00002a01
00002425
00000eb7
00000f5e
00002e20
0000437c
000092d1
0000ad45
0000aae9
00006677
00002915
000008c5
00001075
000029a8
00002457
00002822
000043ab
00003e5d
00001847
00003b91
00003b3f
00003f30
00005ecc
00008f7e
0000760c
00006edc
0000558f
000023fe
00002c28
00001c26
000014c0
00002b49
00005211
00005e1f
00002905
000053a1
00006b84
0000426d
00003d62
000048d0
000035e9
0000258e
0000499c
000048f9
00005d46
00003f86
00004c75
00004ccc
0000706f
00007932
00002d4b
0000551b
00006d7c
00005e9e
00006289
00004eae
0000493c
00002d6c
00005b6c
0000675b
00007b6f
00007965
0000627a
00004e84
000082b5
00007891
00002671
00004e8f
00005936
00007229
0000828a
000045ab
00003115
00004867
0000794e
0000907a
00009444
00008e15
00006e79
00003adc
00004410
000051ad
000026ea
000053a8
000055a4
000050b8
000054af
00004440
00005811
00004233
00005ed8
00007c88
00008c7e
0000b631
00007aaf
000030b6
00004158
00003561
00001c57
00005280
0000352a
00000c59
000027fd
0000450d
0000415c
000052c9
00004fae
00003995
000054b2
00007ece
00006156
000020e6
00002a16
000022a8
0000170e
00004825
00004375
0000093c
00001786
00002d25
000029b9
000031f9
00001e2f
00003863
00003218
00004acd
000039f9
00000ea2
00001f39
0000271e
00001eb4
000047a7
00005493
0000409f
00004f56
000052d7
00004ea1
00004878
00000d77
000018b9
000015fa
00001497
0000115d
ffffe604
00001304
00003a14
00002609
0000443f
00004da2
00003697
000050ee
0000462b
0000429f
0000369f
00003631
000043cf
00002b55
0000141c
00002631
00000805
00002435
00004af8
00003715
00003635
0000348b
000031d7
00005704
00005e61
000034d4
00001f1b
0000162d
0000303d
00003262
00001810
000032aa
00002765
00002a05
0000387e
000034e8
000015ee
fffffea8
00000588
000027a4
00003952
00003ebc
00002b31
00001352
00002346
000034db
000033cd
00002241
0000287d
000024b2
00002f3d
00004667
000027e1
000020f3
000023f0
00001bf8
000023e9
00002fa0
00002d32
000020ab
00002b39
00002f6c
0000216f
00002cf0
00001d43
00004d4f
00004502
ffffb77b
ffffc8a6
ffffc966
ffffd30f
ffffc546
ffffce27
ffffaf7b
ffffaadc
ffffaf11
ffffa7b5
ffffa588
ffffb0ed
ffffb1ca
ffffa297
ffffa0ff
ffffb713
ffffbdcb
ffffc563
ffffba36
ffffe214
ffffb331
ffffc7ea
ffffa397
ffff9d2c
ffffa8c4
ffffa797
ffffb63d
ffffb6de
ffffa9f5
ffff90ca
ffff98ed
ffffb990
ffffb72f
ffffb871
ffff8dc5
ffff9240
ffff5c47
ffffaf7b
ffffbf65
ffffbdcf
ffffdcdf
ffffedfc
fffff018
ffffe7bc
ffffdd57
ffffdec9
fffff782
fffff366
ffffc44c
000000f7
ffffdc19
fffff54d
ffffaa08
fffff147
fffffda1
000009c9
0000367d
000057f1
0000434b
00002ce1
00001baa
00000623
000029c4
fffffc3d
ffffbfa5
ffffea54
ffffaa77
ffffcc56
ffffb1cf
fffffaaf
000026a4
0000068d
000014d4
0000081a
ffffdcd2
ffffea08
ffffe6fd
ffffee60
0000316a
0000190c
00000a25
ffffef74
ffffbf12
ffff9c33
ffff8c4b
ffffbb00
ffffcbc3
ffffdaae
fffff41d
00000add
00001053
00000b6c
00000b87
00000621
00005579
000035d8
00000d6a
ffffe7ea
ffffccd9
ffff985e
ffffb644
ffffc005
ffffa701
fffff0bb
fffffd78
00001198
00001017
fffff437
fffffd9f
0000120a
00003807
00002f7c
ffffdfe5
ffffcb75
ffffbf20
ffffa661
ffff9c41
ffff9f41
ffffa946
ffffe0d7
ffffcf26
ffffd7c4
ffffe5df
fffff0f3
ffffd4d4
ffffeff7
ffffe84d
fffffa4b
ffffcef7
ffffbf08
ffff9567
ffff95df
ffff6111
ffff8af4
ffff9b0c
ffffbf17
ffffcfe5
ffffc68e
ffffdb4c
000003bc
ffffd441
ffffc10c
ffffb7e8
ffffd9d4
ffffc453
ffffbd5d
ffff9beb
ffff9c71
ffff77e1
ffff8e69
ffff9bea
ffffd3c1
ffffdd94
ffffbacc
ffffd646
0000279a
00001dba
ffffd305
ffffd0fc
ffffc832
ffffd703
ffffd6ba
ffffb86c
ffff9d8b
ffff9dcc
ffffafdb
ffffbb88
ffffd273
ffffd794
ffffb9cd
fffff2f8
00002a18
00003218
ffffda4b
ffffd0ff
ffffc209
fffff7e3
fffff353
ffffcb77
ffff9ed9
ffffa45f
ffffd4e1
ffffcc85
ffff9cdc
ffffa8b2
ffffd5f5
00001313
00004945
00004f97
fffff34e
fffff28a
ffffe0cd
00000bae
000007d0
ffffe5d0
ffffc2e4
ffffde0d
0000034a
00003258
ffffe311
ffffc813
ffffe316
000047c7
00006ae3
00006864
000019c0
00001e64
fffffbd1
ffffe2c0
ffffce7c
ffffc7cf
ffffbc16
ffffb792
ffffced7
fffff10f
ffffd165
ffffe072
fffff348
0000517f
0000696d
00004c07
00001752
00002afa
00002b35
ffffd59a
ffffc239
ffffc598
ffffe385
ffffe542
ffffddaf
fffff846
ffffe3fd
00000552
0000255d
00005aa1
000077c9
000051e7
00000f8e
00003475
0000445f
ffffcb46
ffffc276
ffffc42d
ffffc4eb
ffffc6eb
ffffd3f9
ffffcf58
ffffcb57
ffffdd25
ffffeb34
fffff4a7
fffff829
ffffd299
ffffe55d
000005e2
00002392
ffffc29a
ffffd1bf
ffffabee
ffff8f24
ffffaa78
ffffad10
ffffbc30
ffffd46a
ffffda22
ffffd6a4
ffffd72b
ffffdd4f
ffffe398
ffffc63f
ffffac18
ffffb0ae
ffffa802
ffff93fc
ffff6537
ffff4e6b
ffff7049
ffff5255
ffff8e46
ffffb0de
ffff9f2a
ffff8ed8
ffff970f
ffff95bb
ffff8a4b
ffff78d1
ffff585b
ffff6d59
ffffa23c
ffff858c
ffff4f66
ffff0ada
ffff50ae
ffff5138
ffff6501
ffff8841
ffff794c
ffff7e52
ffff7e3c
ffff8652
ffff923b
ffff8ecc
ffff6db6
ffff7178
ffffc1a2
ffffae09
ffff8c37
ffff652e
ffff8dc9
ffffa214
ffffadf2
ffff8f2a
ffffa70f
ffffac5d
ffffb7b7
ffffa2b5
ffffbee5
ffffa41e
ffff7dbc
ffff7c26
ffffc0ca
ffffcba0
ffff9d20
ffff71ee
ffff9340
ffffc8aa
ffff8786
ffff933e
ffffbb7b
ffffb295
ffffb80b
ffffb936
ffffd787
ffffb3f5
ffff912a
ffff94a9
ffffa823
ffffb0e4
ffff8d4a
ffff4e5c
ffff7819
ffffa5f2
ffff7d39
ffffa6f3
ffffc959
ffffd484
ffffdaa9
ffffc3d3
ffffc7a5
ffffb105
ffff87e3
ffff8cb6
ffffa054
ffffa06c
ffff7d05
ffff3c37
ffff7299
ffff8bd1
ffff6d37
ffff6e17
ffff7746
ffffd474
ffffd878
ffffafc0
ffffab58
ffff98b9
ffff6694
ffff641e
ffffa174
ffffad3b
ffffa85e
ffff68e5
ffff6ba6
ffff6604
ffff53eb
ffff7f30
ffff6aac
ffffb4b6
ffffb837
ffffb4b8
ffff93cd
ffff94fc
ffff7d23
ffff711e
ffffa8b4
ffffca01
ffffc35f
ffffa9fe
ffff7d90
ffff8e18
ffff997b
ffffca66
ffff9738
ffff9292
ffff9924
ffffa67f
ffff9c9d
ffff9804
ffff7abc
ffff7fbc
ffffbf58
fffff67f
ffffde83
ffffbfe8
ffff93bf
ffff8972
ffffaa30
ffffd6d5
ffffb1f1
ffff99c7
ffffa4b7
ffffc7be
ffffd885
ffffa36c
ffff7413
ffff8e17
ffffbea5
fffffc4a
fffff949
ffffd9c3
ffffacae
ffffb3c5
ffffb480
ffffbc5a
ffffd086
ffffd1a5
ffff8d01
ffff970d
ffffb5ff
ffffa3b7
ffff69b0
ffff9cdd
ffffac88
ffffd98c
ffffe5e2
0000027a
ffffc897
ffffb75e
ffffbd9c
ffffafa2
ffffb9e9
ffffc5bd
ffff8f85
ffff8adc
ffff9e16
ffff926e
ffff4d80
ffff9479
ffffb04b
ffffe050
fffff05e
fffff2af
ffffdc58
fffff3a7
0000036f
ffffed97
fffff36e
ffffe44f
ffffc072
ffffc7c8
ffffd3cf
ffff9f23
ffff6d38
ffffb98d
ffff961c
ffffb535
ffff9d3d
ffffb212
ffffe4b1
ffffe61e
ffffe2bd
ffffd811
ffffc63c
ffffba9f
ffffca4d
ffffe446
ffffbfea
ffffa7b6
ffff8bc2
ffffb02c
ffff9c78
ffff86d4
ffff8048
ffff9f5f
ffffb1a8
ffffa307
ffff9aa5
ffff936c
ffff83e3
ffff92e2
ffffb12b
ffff99ff
ffff91aa
ffff8c03
ffffa818
ffffc8fb
ffffaf4f
ffffa36a
ffffa266
ffffb425
ffffccc3
ffffc66a
ffffa9c8
ffffa439
ffffa241
ffff9feb
ffffaa6b
ffff9f06
ffffb061
ffffbf81
ffffbe4e
ffffb470
0000333f
00005918
0000760f
000034d6
00004605
0000564d
00005bf1
000061dc
0000634d
00005f81
000054a9
00005add
00005cd2
00006b31
000073d4
00005916
00002ce4
00005dca
00007fbb
00005aa7
00009c9c
0000b0b2
0000a9b9
00008846
00007e41
00007023
00005d69
00006f52
00007050
00007b6f
00008dd6
00007dad
00002351
00003a94
00005da2
00007f84
0000d6e5
0000f714
0000d2c7
000082c4
000065d3
00005202
00003892
00003fd4
00003b98
00003a5e
00006bf3
000070b3
0000158e
000054f9
00007390
00009ed5
0000efa4
00015b46
00014e0f
0000a94e
00004f8e
00003882
00003e5c
00002eb7
0000318b
00002f40
00004b6b
00004ee0
000019a8
00006a56
00005e36
00007877
00008bce
00011ba6
00012c48
0000b14a
00004e3f
00004df4
00003a4b
00003dd8
0000452d
0000501e
00004604
00004866
00003244
00008851
00006173
00004332
0000491c
0000bee3
00009784
00007145
00007109
00006289
0000576c
00006738
00005b3f
00004b5e
0000579a
0000540b
00003a1a
000062ac
00007638
00009f3a
00008ac5
00004932
00005f30
000073e4
0000ac9f
0000a619
0000c7b5
0000b741
00009096
000055a7
00004cfc
00005cf6
00003e2b
000063ef
0000605f
0000a5f5
00009643
00005d09
00007ca1
0000a20d
0000d9ce
0000fa49
00010f98
00010b16
0000a1e3
00004a0f
00004aeb
0000511b
0000383b
00005b0e
0000461a
000090a4
000075b1
00003fce
000059c0
00006621
00009905
0000c8fe
000111a9
00012965
0000e973
00008a0b
00004cbc
00003a59
00003a50
000057c9
0000444f
000060bc
000062be
000041ad
00004c5d
00003e8d
000048dc
00007034
0000a1b7
0000dca8
0000ba8c
00006b1f
00005393
00003dd8
00004aa0
000068fc
00005713
00005810
00004d7d
00007d1b
00004eda
000033e6
00003df6
000044bc
00005831
00008491
00006a1b
00003e53
000067c9
00004777
00005c61
00007d17
00006475
000065b0
00006d75
0000a715
0000bb74
000075d0
0000420b
000031e0
00003067
00004567
000029d6
00000807
00004b00
00004b36
00005c28
000061d7
00005346
0000532f
00007aa2
0000c0f8
0000d3d3
0000a7d6
00004700
000047cf
00004a27
00002054
00002abe
fffffdb1
000040e4
00004491
000066ad
0000533a
00003f0a
00004ca4
00005244
000074cd
0000843a
00006e76
000063f3
0000667b
00005d99
000049f5
0000356c
00002134
000031e4
00003675
00005c01
00003405
000013c0
00002087
00003883
000054e8
0000630d
00004a01
000043aa
0000491f
00005dab
000064d4
00003904
00002601
0000482f
00004b5e
00005b99
00004a63
000045af
000048e2
00003dd7
000042f5
00006aeb
00005a1b
00005ede
00006654
00005e3e
00004e3d
0000427c
00004837
00004fb4
000063c6
ffffaa67
ffff9f4f
ffff8485
ffff6f83
ffff8b29
ffffb2e6
ffffad0c
ffffb493
ffffa8fe
ffffa772
ffffb100
ffffaa49
ffffa063
ffff9482
ffff8ed1
ffffa522
ffffc22c
ffffbbb3
ffff65ea
ffff4246
ffff78f6
ffff9c32
ffffa8ed
ffffaa24
ffffb1da
ffffb97c
ffffc142
ffffc3b7
ffffc10e
ffffbabe
ffffa90e
ffff99c5
ffffbe42
ffffbe33
ffff6940
ffff5c0f
ffff59fb
ffff6f87
ffff8427
ffff95ac
ffffa138
ffff99a2
ffff9ff2
ffffaaf5
ffffac6b
ffff9880
ffff9102
ffff8803
ffffcdf1
ffffcb03
ffffc36e
ffffc001
ffff6a57
ffff3f4b
ffff7f87
ffff6775
ffff9d9e
ffffb3b1
ffffb7f3
ffffb711
ffffb514
ffffb40c
ffffb71d
ffff9f95
ffffce95
ffffb666
ffffce9d
ffff9f12
ffff4c26
ffff2306
ffff32f0
ffff205c
ffff5df8
ffff9e85
ffffb60c
ffffac13
ffffaf66
ffff9ce9
ffff9c38
ffff95b8
ffffabb8
ffff985e
ffff765b
ffff9295
ffff487f
ffff32db
ffff35a3
ffff39c8
ffff4eef
ffff963b
ffffbec9
ffffc479
ffffb724
ffffa034
ffff9029
ffff81b9
ffff86ce
ffff4cd8
ffff3067
ffff3c2d
ffff747d
ffff6ebc
ffff6c7a
ffff463a
ffff1bd9
ffff2e92
ffff58da
ffff65a1
ffff7eaa
ffff9252
ffff7336
ffff8558
ffff9072
ffff46f3
ffff0b9e
fffefd1e
ffff2076
ffff712f
ffff54e4
ffff07f7
ffff0a07
ffff142f
ffff26fd
ffff174d
ffff0dec
ffff5421
ffff81ce
ffff994e
ffffaf98
ffff7f0a
ffff4c97
ffff494f
ffff458b
ffff798b
ffff7a12
ffff5560
ffff6f95
ffff3dcf
ffff3f23
ffff309d
ffff4239
ffff6511
ffff8cef
ffffb449
ffffc1c5
ffff9ee9
ffff8486
ffff6f09
ffff590a
ffff8911
ffff9656
ffff7609
ffff76e9
ffff4ffa
ffff3ace
ffff4389
ffff6858
ffff8a41
ffffa535
ffffbdba
ffffd03b
ffffb892
ffff9627
ffff8157
ffff6eb7
ffff79af
ffff80a8
ffffb9ea
ffffb1a6
ffff98b9
ffff76ac
ffff80a2
ffff8c31
ffff99bd
ffffb07b
ffffb230
ffffd280
ffffb77c
ffffaafc
ffffb2ec
ffffa7ac
ffff899e
ffffc107
ffffd4fd
ffffcd05
ffffcc32
ffffc98f
ffffadc3
ffffb11d
ffffa78d
ffffaf5e
ffffad01
ffffba93
ffffb3e9
ffffb954
ffffb844
ffffcf91
ffffbaed
ffffb208
ffffca69
ffffbea4
ffffe094
ffffedfc
ffffcd68
ffffcdcb
ffffa43c
ffffbeea
ffffc543
ffffaf3b
ffffb322
ffffbcd5
ffffcc5f
ffffc286
ffffc9ca
ffffd792
ffffcd79
ffffe2fd
ffffe24c
ffffd11f
ffffdfee
ffffe0e7
ffffae8b
ffffb4da
ffffc6c8
ffffa796
ffffa334
ffffabb5
ffffbd0f
ffffba7d
ffffc133
ffffc7a3
ffffcbf2
ffffd06f
ffffbf46
ffffad97
ffffd016
ffffe1ed
ffffc0c1
ffffbac9
ffffc6f6
ffffce28
ffffc08e
ffffa029
ffffb20b
ffffb9aa
ffffc03f
ffffd0df
ffffcd29
ffffce3c
ffffc9fa
ffffb45d
ffffcf78
ffffe8ad
ffffe400
ffffcd90
ffffbbc0
ffffd552
ffffc2a8
ffffd170
fffff21e
fffff534
ffffe2eb
ffffcd11
ffffb897
ffffc0fc
ffffc4d5
ffffc82c
ffffc7ea
ffffaff9
ffffa651
ffffb46d
ffffce7e
ffffc2cf
ffffb8d0
ffffc433
000001d8
ffffe406
ffffe1c3
ffffc5c4
ffff9f0c
ffffa3c6
ffffa59b
ffff9ce5
ffff9c50
ffff87e9
ffff8721
ffff9014
ffffb43b
ffffdab2
ffffcd73
ffffbf4b
fffff192
ffffd46f
ffffea93
fffff34b
ffffbfa7
ffffaacc
ffffb09f
ffffa659
ffffab1d
ffff9f9d
ffffa14e
ffffa6aa
ffffb868
ffffe6af
fffffa42
fffff256
00003747
000028a8
00000290
00000429
000009f0
ffffe51c
ffffc60a
ffffbc21
ffffc058
ffffbb7d
ffffc8f4
ffffb867
ffffc423
fffff6ce
ffffeef6
00000335
fffff8ef
fffff80d
00001d13
00001496
00002a8a
000010db
fffff91a
fffff209
ffffe176
ffffe1fa
fffff63e
ffffd256
ffffdf16
fffff2a7
ffffe6f6
fffff247
ffffa905
ffffbd6a
00001528
00001297
00001a51
ffffe522
ffffeb00
ffffe40d
ffffedab
fffffd7c
00001cbe
fffffc3d
0000004d
ffffe129
ffffe397
ffffee5f
ffffbf4a
ffffcc26
000002d2
00000bee
ffffdeab
ffffa666
ffffad08
ffffa6a2
ffff9af1
ffffb969
fffff39d
ffffe9ba
fffff115
ffffe089
ffffe943
ffffe94f
ffffdf64
00000e81
000028cf
000031bd
fffff130
ffffd746
ffffc681
ffffb5ee
ffffa1fa
ffff8945
ffffa685
ffffb29d
ffffd912
ffffe221
ffffe5ab
ffffec02
fffffed0
000024a6
00002a99
00002d38
000008ad
000016a3
00002058
00002e6e
00001552
ffffe7ea
ffffb077
ffffab65
ffffcc93
ffffe1ea
ffffe502
00000dd3
00001012
000012d5
00003494
00001a10
ffffe378
ffffe471
ffffeb4d
0000104b
000024ce
00001809
ffffdd8b
ffffc95a
ffffcd30
ffffda8c
ffffde87
00000b3c
00003725
00002e36
000044d1
000013b4
ffffd3f7
ffffb750
ffffc619
ffffd5ee
ffffc9b9
ffffe699
ffffd686
ffffd263
ffffd04c
ffffd105
ffffbe28
ffffdb2e
00001026
00000eeb
0000148d
00001cb5
ffffdb19
ffffb0c5
ffffd623
ffffe3a7
ffffae0c
ffffadb9
ffffbfc7
ffffca40
ffffe048
ffffcc0c
ffffbd7d
ffffb6cd
ffffe64a
fffff8be
00000f42
000047fb
00003145
ffffed42
fffffd0e
ffffde55
ffffb4f1
ffff8b9b
ffff99e0
ffffc014
fffff149
ffffd803
ffffdef0
ffffc96a
ffffc1ae
ffffd684
ffffe4cc
00000e8d
00001ee3
00001634
000017e8
ffffe951
ffffc372
ffffc4c9
ffffc9d5
ffffec6f
00000c0c
ffffd6fa
ffffd88f
ffffcfe6
ffffcc6a
ffffbf66
ffffb027
ffffc303
ffffe11d
ffffe808
fffffe07
000002e3
ffffe7db
ffffdece
ffffcd1b
fffffa2c
000001d0
ffffefa9
fffff577
ffffe674
ffffec6c
ffffdf32
ffffd409
ffffdf81
ffffed8f
ffffe29e
ffffe148
ffffe72d
ffffdd69
fffff09a
ffffcfc6
fffff3cd
ffffebcc
00002681
00001536
00001e80
00000fdb
000035c7
00003ddd
00003688
000031f6
00002ae5
00002cc8
000032a4
00003e86
00003d7a
00004170
00002f9d
0000301d
000008ef
fffffcee
00000b52
0000214c
00005af7
000076ec
00006d38
00005142
0000367c
00002baa
00003677
0000416c
0000399f
00003abd
000026c7
00002f13
fffff4cc
ffffe3a3
fffff119
00002cda
0000775d
00009f16
00009e8b
00005698
00002b39
0000155a
000012b0
00000369
00000ac7
00000998
00000faa
00001799
fffffef2
ffffee5d
ffffff51
000028f8
00008f8c
0000c3f9
0000c2ca
00007b04
00001429
ffffef95
00000226
000004ed
00000812
000016cb
00001efc
0000241a
000014f6
000012af
fffffd78
00000367
00004006
000065ea
00009661
000048b9
00000994
00000b6a
000019df
000021e8
0000341d
00003c74
0000199e
00001957
00000b82
0000187d
000044de
000026a6
00001c7f
00003962
000068e4
00001df1
fffff83c
0000195f
00002aaf
00003440
00003d55
000043e0
00002b43
00001f52
00001106
0000217d
00004b4e
000059db
0000306a
000012dd
000030d3
00003133
00003559
000071f3
000094b7
00009797
00006b0a
0000381a
0000151d
00002df5
00001a6b
00002aea
000037c1
000071ef
00005157
00001ebe
000007b9
00000901
0000591f
0000925a
0000c07c
0000d1e6
00008bd1
00002c86
000015e2
00002f0f
00001bec
00002a7c
000026a4
00006552
00003eed
00000a59
ffffdf8b
ffffc445
00000edc
00006754
00009813
0000bbdd
000090dd
00004b5d
00002eb9
00002043
00001981
00002932
000022bc
00002db2
00003990
fffff882
ffffe3ab
ffffdf6c
fffff478
000024ad
0000569a
0000672a
0000466c
00002e2b
00001fed
000017de
00001e97
0000322d
00002feb
00002e1a
00003bf2
00002fb3
fffffe59
ffffdd6e
ffffe7a0
ffffed36
00000a7d
0000159f
000009ca
000017f3
00002163
00002b1f
00001db2
00002e6f
00002847
00002c10
00002789
00004563
00004a0e
00002ce4
0000196a
00000474
fffff14a
ffffef10
ffffe32f
ffffe8cb
000004b1
00002255
00001d36
00001f9a
00002cc7
00002319
000031b8
00004721
00004bf7
000045ae
00001e95
fffffeb3
fffffe5e
fffff956
ffffea80
ffffcfbe
fffffcf8
00001f08
000028bd
00000ba8
00000afe
00000db3
00002043
00002e9b
0000324b
0000271f
000013aa
00001903
fffffaef
ffffd367
ffffdfca
ffffdcdb
ffffe58e
00001256
00002380
fffff9d1
ffffe0fb
ffffdada
ffffe8d4
000002ad
00002974
000027e4
00000981
fffff961
ffffeab9
ffffe172
ffffd180
ffffe4da
ffffe36c
000009e6
00003296
000017c2
00001181
00001162
000010d2
00001bb6
000030dc
0000318d
00002393
000021c1
00001b4d
000012e3
ffffff95
ffffece3
00000ec0
00002626
ffffbcad
ffff98b9
ffffbae8
ffffb4bf
ffffb4b1
ffffc7c5
ffffa8dd
ffffa073
ffff9eb6
ffffa578
ffffa67f
ffffaa77
ffffa05d
ffff983c
ffff902b
ffff9cb0
ffffac69
ffff9cdf
ffffcdad
ffffe322
00000740
ffffe71b
ffffb79f
ffffb51f
ffff992a
ffff9b17
ffff9c60
ffffb656
ffffa59c
ffff9030
ffff885c
ffff93c4
ffffadbe
ffffc02b
ffffcf61
00000beb
000031c7
00004019
00000f16
ffffd4b8
ffffab72
ffff9d69
ffffabf1
ffffbea2
ffffb022
ffffb8a1
ffffaf6c
ffffadc0
ffffc4e5
0000043c
0000300d
00005e8f
00008b19
00009240
00003c7a
ffffdaa1
ffffa492
ffffa4ac
ffffdb99
ffffeca2
fffff3d6
fffff552
fffff24e
ffffdc85
ffffd837
0000011e
00003c54
0000321d
00006535
0000b090
00005628
fffff1e2
ffffb87a
ffff9f11
ffffc884
ffffd5cb
ffffec48
000000f4
ffffea5f
ffffe78b
ffffb080
ffffebe3
00004456
00001724
00001bcf
0000472b
000035dc
ffffd56a
ffffb502
ffffda9b
ffffffd6
ffffe771
ffffe1a4
fffff40b
ffffddd7
ffffd474
ffffa8c3
ffffc871
000031d8
00001909
00002248
00002339
00003481
fffff943
00001b7d
000047f2
00006694
00006916
00002685
ffffe7b6
ffffc4a2
ffffc37b
ffff8efd
ffff95de
fffff894
00002a2b
00003c04
00001310
000022c3
00004476
0000756f
00008913
00008f0d
00008d63
00003e12
ffffe67e
ffffc5af
ffffae93
ffff9a7a
ffff8fd9
fffffcfb
00002a51
0000502c
ffffeea4
00003b38
000072c8
0000aa52
00009ba1
0000ac17
0000a842
0000875e
00000b51
ffffdef1
ffffb659
ffffa003
ffffa878
00000dfe
00002f55
00003a3d
ffffed4a
ffffe6f4
00004299
00006459
00004b31
000071cc
00008566
00008850
00003028
ffffe9ce
ffffbcd6
ffffa7a3
ffffa7a8
0000100b
000023ed
000049d4
00000f57
00000937
ffffdde5
fffffad9
fffffef2
00001f6a
00003c9b
00004b14
0000207d
ffffe69f
ffffbbb8
ffffab96
ffff94d5
ffffe6a1
ffffeaaa
ffffefe5
00000e3a
ffffec6a
ffffa7bf
ffffcf38
ffffd0bc
fffff43d
0000104c
00000b97
fffffbbe
ffffcb6e
ffffb960
ffffb4e3
ffff9b89
ffffb632
ffffb279
ffffc185
0000112f
00001a24
00000c87
ffffd5b4
ffffc3fc
ffffb47c
ffffcbe9
fffff2dd
00000087
ffffd8fb
ffffd260
ffffc08b
ffff94a4
ffff9f95
ffff824c
ffff8cb5
ffffc57c
ffffec98
ffffffde
ffffcb0f
ffffbeaf
ffffa89d
ffffb608
ffffbb31
ffffe3eb
ffffdf01
ffffd946
ffffae99
ffff8bd2
ffff86c0
ffff8980
ffff9512
ffffa793
ffffc17c
fffff0da
ffffebf2
ffffc6f8
ffffaf36
ffffa143
ffffb921
ffffc297
ffffacf3
ffffca28
ffffc455
ffffa1dd
ffffa80b
ffffa856
ffffa9bc
ffffb380
ffffc425
ffffd2bd
ffffc416
ffffc3a7
ffffd0fd
ffffc4aa
ffffb902
ffffb26b
ffffc1b0
ffffd029
ffffe318
fffff14d
ffffcd07
fffff05a
ffffee06
ffffdbe0
ffffccee
ffffc6d0
ffffc1f6
ffffcf65
ffffd154
ffffc8b7
ffffadbd
ffffa200
ffffc654
ffffe11e
ffffcd97
ffffb059
ffffb47c
ffffe8ba
ffffe729
ffffbf21
ffffb5ec
ffffb7a2
ffffb295
ffffc24e
ffffbcd4
ffffc469
ffffa673
ffff994a
ffffb1bc
ffffbec5
ffffbb10
ffff9f72
ffffaf2c
ffffdb1c
ffffd7d9
ffffd03a
ffffbc5c
ffffb25d
ffffa2b2
ffffc911
ffffc8ed
ffffd1fb
ffffc341
ffffa412
ffff9bd1
ffff9638
ffffbf15
ffffde89
ffffd93d
ffffc52a
ffffe1d7
ffffd73c
ffffda2c
ffffb017
ffffb3dc
ffffbdeb
ffffcf60
ffffdbdd
ffffd1d1
ffffb53a
ffff97e7
ffff943f
ffffe513
fffff89f
ffffe5ac
ffff99e2
ffffbcb6
ffffa784
ffff9406
ffff8138
ffffa848
ffffac1f
ffffc37a
ffffdf76
ffffd53c
ffffcae2
ffffb733
ffffa8fc
ffffed29
fffffbaf
fffffda6
ffffd113
ffffe33c
ffffcba4
ffffaa6d
ffffa7d5
ffffec72
000001fc
00000f73
ffffffed
fffff085
fffff1df
ffffd357
ffffbd91
ffffe1e8
ffffee1d
ffffcbd5
ffffd1cc
ffffe143
ffffea29
ffffd159
ffffa121
ffffb89e
fffffb6f
ffffed9d
ffffd48d
ffffb9a7
ffffc9d9
ffffd6d0
ffffc853
ffffcf10
ffffb37e
ffff80f3
ffff9738
ffffda7c
ffffdb4e
ffffa880
ffffa247
ffffc52f
00000cc7
fffff1d1
ffffbcd5
ffffb7fd
ffffc99b
ffffd1f6
ffffc4d3
ffffbead
ffff9fb4
ffff6c99
ffff730f
ffffaaa6
ffffbee0
ffffb70a
ffffc2e5
ffffd1e3
ffffece2
ffffc2af
ffff8dc6
ffff7899
ffffa86d
ffffadda
ffffb9e3
ffffb37f
ffff98ab
ffff8c38
ffff9050
ffffbf06
ffffb88a
ffffb8ef
ffffe1bd
ffffd97e
ffffd203
ffffbc01
ffffa31d
ffff959f
ffffa803
ffffb422
ffffb6e0
ffffaac8
ffff8f0a
ffff9505
ffff9290
ffffca7b
ffffcc31
ffffc3e4
ffffd663
ffffd7b4
ffffcd4b
ffffbfb3
ffffbb56
ffffc3ee
ffffb03c
ffffa311
ffffa869
ffffb2c1
ffff9322
ffff92cd
ffff8700
ffffb536
ffffc6a5
fffff70a
fffff728
ffffccb7
ffffb7f1
ffffe4a6
fffff6d3
ffffe97c
ffffb642
ffff91ca
ffffaae8
ffffc77a
ffffb193
ffffa284
ffff773b
ffff94bb
ffffa99a
ffffe45f
ffffd790
ffffcd9b
ffffd254
fffff325
0000014c
ffffec7e
ffffc6c0
ffffa855
ffffbb58
ffffdf5a
ffffc56e
ffffadc0
ffff8a44
ffff725e
ffff97dc
ffffc425
ffffe073
ffffbf88
ffffbedf
ffffd581
ffffeeaf
ffffe812
ffffd19b
ffffbf2b
ffffc274
ffffec48
ffffef94
ffffe723
ffffd659
ffffd160
ffffbff0
ffffdc43
ffffe0f0
ffffdd70
ffffe280
000002af
fffff8af
0000053c
fffff4a5
ffffd4d1
ffffbb68
ffffe0f0
ffffc0ba
ffffc7dd
ffffd3c8
ffffdc9e
ffffe797
ffffdb52
ffffc849
ffffc0e7
ffffcbd4
ffffecf7
fffff0f2
fffff3d9
ffffe678
ffffc97c
ffffd5bc
ffffec38
000007f0
00001055
fffff6e0
00000401
0000156c
fffffe08
fffff61e
fffff69d
fffff99a
ffffe436
ffffed2b
ffffee6d
ffffe7a8
fffff944
000001c0
ffffe6f3
fffff6d1
00001762
00000c05
000012af
00001a4f
ffffff57
ffffe5e7
ffffe9cb
ffffd5af
ffffc7b1
ffffccb1
ffffc91e
ffffd4ba
ffffe5ba
ffffebb5
000011fb
00002a39
00001bcb
00003a6b
000015be
000032d3
00002fac
ffffef2c
fffffef8
ffffe91a
ffffd3d7
ffffe525
ffffecdb
ffffee6e
0000011a
fffffbe8
00002929
00005169
00004d34
0000aa16
00006d32
0000550b
000053ae
000014ff
00000ba1
000009ca
fffff97c
fffff6c3
fffff9af
000009a5
000029b4
00000a28
0000066e
0000497c
00008c31
0000b96a
000022ae
00001da7
fffffde5
ffffdc7f
ffffd5f8
ffffe09c
ffffe0ec
fffffcaa
fffffeb5
00000782
00001faf
00000537
ffffdaee
00001756
000055f7
00006795
ffffef73
ffffe935
ffffd5b2
ffffcc80
ffffbe00
ffffe1c3
ffffe0ab
ffffff65
fffff19b
ffffeebb
ffffe008
ffffeec1
ffffe63c
00000fa2
00002aa5
00003193
fffffdcc
fffffa95
0000026a
00000d2e
ffffe45b
fffffdc4
000032f2
00003f17
00000e46
fffff709
ffffe1e7
ffffec88
fffff816
000009e9
00000b03
00002600
000021cf
0000346e
0000322c
00003b22
00001c8f
00002826
000045b8
00004c7f
00001544
fffff5fc
fffff613
fffff8de
fffff7b3
00000209
fffff26a
000011aa
00000bff
00003487
00002b53
00002bfd
000049d1
00002d83
00003e46
00003caf
000008c2
ffffe7e9
fffff1bf
00000699
fffff75b
00000e0b
ffffeffc
000012f2
00001d04
00001830
00002ece
00002a64
0000422e
000030be
00002a6c
00000c49
fffff2ab
ffffec61
fffff234
000005b3
000003e1
00000bd8
fffffae4
0000001e
0000200f
00003115
00000e9b
fffff05f
fffffa76
00000262
00001c2f
00000238
fffff14b
fffffff2
00000d55
00001cea
fffffb2a
00000115
fffff366
00000007
ffffeed1
ffffeff0
ffffea96
ffffe3ba
ffffcc99
ffffe4cc
00001d0a
0000113e
fffff67f
fffff66a
00001a79
00000e08
ffffe5b3
ffffe52d
fffff471
000001aa
fffffcf6
fffffe42
0000087d
ffffe091
ffffb65e
ffffd93d
00000468
000021a8
000006f0
000006cc
000025fb
00000aa1
ffffeb31
ffffe415
ffffe3ac
ffffe84e
fffff5b3
00000ee5
00001c01
ffffff31
fffff955
ffffe8c5
fffffbc3
00001527
ffffeba6
ffffe908
fffffee8
fffffc47
000003fe
0000090e
fffff6c0
ffffeaab
fffff0c0
000014c3
00001f99
00001c15
000015ff
fffffd97
fffff883
000026a1
000012c2
000011fc
0000009c
00000476
000000f3
000009a4
ffffee6c
ffffded0
ffffeac9
fffff7f1
fffffff8
fffff991
fffffd82
fffffb06
fffff191
fffffa76
ffffe725
ffffee54
ffffd73b
fffff8b4
fffff092
ffffe99b
ffffd515
ffffe82d
ffffd1e9
ffffd6b2
ffffd4b1
ffffdb65
ffffdcd9
ffffd8e3
ffffd467
ffffd8f7
ffffd510
ffffdd42
ffffdfa7
ffffe328
ffffdda2
ffffd581
ffffdc7b
ffffebc6
ffffe220
ffffe71f
ffffd130
ffffc979
ffffd1b5
ffffdbc4
ffffdd08
ffffd4c2
ffffd325
ffffd8a6
ffffd5a8
ffffdfb3
ffffdc1c
ffffd22c
ffffc15d
ffffe021
00000370
00003418
fffff691
ffffd415
ffffd4f0
ffffe127
ffffd934
ffffd316
ffffcdbf
ffffcdfb
ffffd19f
ffffc8de
ffffe711
000007a1
00000ebe
00002163
00004140
00005d55
00001fd9
fffffd13
fffff5d2
00000230
00000191
fffffc97
ffffecb3
ffffe44e
ffffe5de
ffffd98e
ffffe67b
fffff026
00002a90
0000434e
000031f6
fffff6e7
fffff37e
ffffee20
fffff540
ffffff25
00000491
fffffbfd
fffff9df
fffff376
ffffdf27
ffffda1b
ffffdb93
ffffe356
00000665
0000324f
fffffe8b
ffffb934
ffffbfbc
ffffbe13
ffffe9c7
ffffed86
ffffe810
ffffe881
ffffee7a
ffffdfbb
ffffc5f2
ffffd349
ffffe1d7
ffffe3d3
ffffde26
fffff12a
fffff69a
ffffc769
ffffc753
ffffbf35
fffff63b
fffff069
ffffdae8
ffffc818
ffffc656
ffffc44a
ffffbcda
ffffc7b2
ffffe03d
ffffd0f9
ffffc5c5
ffffd246
ffffecb3
fffff81e
ffffe8a7
ffffebce
ffffeddd
ffffd6d2
ffffcd8c
ffffbf92
ffffc156
ffffbac8
ffffc4b8
ffffc9d2
ffffcdf5
ffffb03d
ffff9d74
ffffa8fb
ffffca41
fffff736
000015a7
00000bd6
ffffe500
ffffc55e
ffffb4a4
ffff9478
ffff9a4a
ffff9a83
ffffb26f
ffffc033
ffffd084
ffffbbfa
ffff9b19
ffffabb3
ffffb2eb
ffffd7e9
00000a37
00001e24
00000721
00000354
ffffe5f9
ffffc035
ffffce4b
ffffb19d
ffffbd27
ffffc605
ffffd4a5
ffffbe3e
ffffad0d
ffffa1b7
ffffc10f
ffffc8a3
ffffe3dd
ffffe708
00000974
000028b1
00001346
ffffe923
ffffea9a
ffffd12d
ffffd462
ffffd206
ffffd5dd
ffffc41a
ffffc35b
ffffb617
ffffd748
ffffe2e6
ffffea75
ffffe5bb
ffffeea1
fffffdcd
00002629
00001866
00000005
ffffe0d7
ffffddf1
ffffd6d4
ffffd7e4
ffffd8a4
ffffd803
ffffca12
ffffd313
ffffeb5c
ffffedc7
ffffcce2
ffffc757
ffffd7e1
00000d8f
000027b3
00002d3f
000012e5
fffff063
ffffdd48
ffffdf49
ffffd50e
ffffcc2d
ffffcb56
ffffc44a
ffffe1f4
ffffeb0d
ffffdb1b
ffffc30e
ffffc4c8
ffffe35c
fffff11f
0000058a
00000a82
fffff076
ffffdd61
ffffe961
ffffe4c3
ffffcd41
ffffb77e
ffffad3f
ffffb96d
ffffc5f0
ffffc947
ffffc19b
ffffb24b
ffffb63e
ffffb3c3
ffffc10a
ffffd472
ffffc440
ffffc6a8
ffffe17d
ffffc6f8
ffffc4ab
ffffbd7b
ffffbce0
ffffc424
ffffc379
ffffb7b7
ffffc1dc
ffffbc5c
ffffc480
ffffbb88
ffffc0e0
ffffc97f
ffffc7d7
ffffd4aa
fffff966
00000b84
fffffb39
fffffb88
fffffacc
00000103
fffffcd6
fffffb1f
fffffa3d
ffffe8d7
ffffef4c
ffffee7c
ffffe79e
ffffdf29
ffffdbf6
fffff017
00001b96
000014a8
000003f0
fffffe84
ffffe060
ffffdb5e
ffffd770
ffffdfbf
fffff11d
ffffec3b
fffffec1
fffffa31
ffffe777
ffffd8da
ffffc837
ffffde66
0000116e
00001926
00000c19
ffffe9af
ffffc22d
ffffb4fb
ffffb1aa
ffffb9fe
ffffe973
fffff2db
fffff19e
ffffedab
ffffda5d
ffffd7ad
ffffd03a
ffffd9bf
00000c3a
00000dc8
00002051
0000076e
ffffe198
ffffde49
ffffd7b3
fffff364
00001308
00002241
00001055
00000fd0
fffff0b9
ffffe658
ffffd90f
ffffe3f3
0000051c
fffffc1a
fffff745
fffff0ce
00000cce
00002a3e
fffff9a7
00000f92
00000da0
00001dfe
00001860
00000522
ffffe53a
ffffe20a
ffffd291
ffffe07c
000003c0
ffffdb29
ffffc51e
ffffe169
000032c8
000046ce
00002d4f
00003110
00000f2a
fffffa00
fffff803
fffffff1
ffffee42
fffff890
ffffe8d7
ffffeebd
fffff818
ffffdf8a
ffffbfdb
ffffbc8b
00000315
00003ead
00003af8
0000377c
00001572
ffffecb3
ffffdc3d
ffffe4ac
fffff4fe
000007a6
fffff50f
fffffb96
ffffffeb
fffff61d
ffffe6d9
ffffcad3
ffffdc36
000013c6
00001497
00000d98
ffffed3c
ffffc4ed
ffffd4a0
000002d0
00001c33
00002d9b
fffff989
000004f0
00000764
fffffe01
ffffdc36
fffff01a
0000081e
0000220b
00001661
fffff6a8
ffffe72f
ffffd376
ffffcfb4
0000023f
00000df7
00002960
fffff89a
00000746
fffffea0
ffffedd1
ffffe455
0000000d
0000227d
0000204f
00000486
00000577
ffffedc0
ffffeb68
fffff14a
000001c0
fffff8ba
fffffed4
ffffe118
fffff58d
000002f7
fffff3f7
fffffa5c
fffff4be
00000dcc
00001abd
00002337
00002025
00000565
00000c97
00000b7f
00000f3a
fffffee7
ffffec75
ffffd2ff
ffffdde8
00000792
fffffc0a
fffff272
fffff741
ffffe9ea
ffffff5e
00001e70
0000152f
00000ec7
000036ea
000034bc
000037f0
0000201a
fffffafe
ffffeca5
ffffe74c
00000311
fffff9fc
fffffec7
0000095e
fffff6ec
ffffe779
0000037c
00000347
fffff47b
000016bd
0000353e
00004dd2
00004b0c
fffff901
ffffdc60
ffffe7ac
fffff97b
ffffede1
000000f4
00001490
00001c5a
00000868
000005e5
ffffd7e8
ffffcf3b
ffffe88a
00001ea7
00004af2
00004ccf
00000c22
ffffea27
fffff03c
00000b04
00000937
000026c4
00003a32
00002c05
00001c58
0000201f
0000125d
00001304
00002259
00003bd3
000049b0
00003eb0
000020ca
fffffe1a
fffffccd
0000083c
000009d4
00002533
00002a39
00001e11
00001db9
00001545
00000800
00001169
00002dd1
0000285f
00002097
000021a8
00001ccd
fffffd07
fffffcfd
00003ad7
00004a95
000042ee
00003a3e
0000310a
0000243b
00002958
00002b1c
00002796
00002256
000028ba
000029af
0000229a
00001a18
00002ca5
00002df8
000066c3
00007804
00005cab
000035d2
00002d4c
00000f2e
00002457
0000294d
00003531
00002f0d
00003494
00003587
00002837
0000234c
00003625
00003870
00006fb6
00006949
0000507d
00001775
fffff127
0000037c
fffffb1e
00000159
00002ce2
00003947
0000336a
00002756
0000187d
0000155c
00002750
000031e5
0000687b
000059a9
000030a9
00001ff7
fffff326
fffffd68
00000d95
00001e42
00005ecc
00005d57
000058b3
000044b1
00003917
0000282f
00002da9
00003b60
00004549
00002d64
ffffee63
00002151
00002084
ffffe061
ffffeef9
00001a1f
0000263a
00001ae2
00002639
00001776
00000631
00000c11
00002f8e
00005468
000049ec
00002170
ffffd88b
ffffe94f
ffffdf61
fffff4ae
000008fb
000019a7
000021ac
ffffff35
00000d46
000027bd
0000382d
00003200
000044d6
00006b34
00005b22
000046c9
fffff952
ffffd441
ffffa760
00001582
00004a1f
000063ce
00003c1c
0000058c
0000115c
00001ee3
00003a08
00004cc6
00007849
000087a2
0000518c
00005045
00002b44
fffff3ba
ffffb84c
fffff583
00001cce
00003bbc
00003419
fffff42d
00001565
00003e8c
00005652
000059a9
000070ee
00007bd5
000056b8
000040cf
00001e75
ffffe4f7
ffffb86b
ffffe3fa
ffffd927
ffffff53
000009c7
ffffeaa9
fffff517
00001d1e
00002904
000030c9
000047cd
000065c2
000047b4
00003448
000024a6
0000077f
ffffe024
ffffd840
ffffbf3d
ffffcc43
ffffe6c4
ffffff6d
fffffcd7
fffff4ba
fffffe46
fffff685
0000260f
00004176
00004fe9
000038a3
000022d6
00000dae
fffff1f1
ffffdbfe
ffffd77a
fffff349
00000947
00001718
00001e38
00001a79
00001b53
fffff95d
00001459
000028b2
000058a6
00004434
00001ed1
000001de
ffffee0d
fffff469
fffff4eb
fffff2f9
000008e4
00003583
00003bb3
0000460a
00005568
00003045
0000399e
00002da6
00003bc7
000035b6
000029d6
0000211b
00000501
fffffbef
00000afd
fffff1c3
ffffe18e
fffffdfa
00003713
000065b2
00006b99
000021b9
00002fef
0000335e
000026a1
000015e9
0000210e
000021a1
00000e42
fffffc57
ffffdde4
ffffb71f
ffffcf4a
fffff4a5
00001c6b
00003829
00003334
00002a6c
00002477
00003894
00004379
00002bf9
00004841
00004fa2
000044da
00003f28
00003ea0
00003851
0000400c
00006057
00005553
00005288
0000414c
00003e86
00005452
00005f01
000037f2
000050c6
00006ac9
00006412
0000446f
00004547
00004a48
00004f9e
00006cf3
00008865
00007bb9
00005f5e
00005390
00006913
00006d5f
00006f39
ffffe101
ffffde2e
ffffde61
ffffeb39
fffff43c
ffffecb0
ffffeefa
fffff523
fffff391
ffffff28
fffff57e
fffff5f2
ffffe4e0
ffffe2d0
ffffe4a7
fffff3f3
ffffba08
ffffb0f2
ffffab44
ffffb81e
ffffd44a
ffffe452
ffffc4db
ffffc0c3
ffffcc68
ffffd066
ffffdd5c
ffffdbca
ffffcfba
ffffbe0e
ffffc512
ffffbfe3
ffffc0a5
ffffb90a
ffff99b7
ffffb380
ffffc218
fffffb0e
ffffdd8d
ffffbad8
ffffb552
ffffacf8
ffffb250
ffffce43
ffffc67a
ffffb0c1
ffff97eb
ffff9e7d
ffffc5a1
ffffd553
ffffcf7b
ffffff18
ffffeb97
fffff9f8
00000991
ffffdf72
ffffd492
ffffcf69
ffffd088
ffffe2b8
ffffdb14
ffffcc23
ffffabdc
ffffa3ca
ffffc0bb
fffff296
fffff3c8
00000bd8
ffffd31f
ffffa0b3
ffffcefb
ffffa3d5
ffff8b48
ffffbbbd
ffffc251
ffffd537
ffffdc74
ffffca1e
ffffc87a
ffffac6e
ffffc1af
ffffe10c
ffffe9e6
fffff19a
ffffe9cc
ffffb8d2
ffffaf0c
ffff72e0
ffff98ca
ffffe4e2
ffffea54
ffffeb79
ffffe133
ffffd334
ffffb069
ffffb41a
ffffcf39
ffffd212
ffffd282
ffffd31c
fffff223
ffffb013
ffffb5bd
ffffa454
ffffc553
ffffee3b
fffff4b4
fffff746
ffffd395
ffffb6cf
ffff8acf
ffffa191
ffffe5d7
ffffd9b7
ffffb485
ffffaa0c
ffffdd36
ffffca78
ffffaeb2
ffffcc2f
ffffec1b
fffff8f2
00000283
00000200
ffffc487
ffffc367
ffff9500
ffffacd7
ffffcc3f
ffffc0df
ffffa65a
ffff9b3e
ffffc56e
ffffdb21
ffffc16d
ffffb6a3
ffffcd27
ffffcebf
ffffdb93
ffffbbea
ffffa0e8
ffffb199
ffffa952
ffffb873
ffffc635
ffffcb00
ffffb3c4
ffffa187
ffffbc89
ffffc233
ffffaef0
ffffb0ec
ffffae4f
ffffbc3f
ffffba7e
ffff940c
ffff8da6
ffffa675
ffffb995
ffffb79a
ffffc119
ffffdc8f
ffffc65f
ffffbe2b
ffffc019
ffffc1dd
ffffd8cf
ffffb865
ffffb947
ffffc96a
ffffcaa3
ffffb5eb
ffffa6f7
ffffbb31
ffffcafb
ffffbff4
ffffbe0a
ffffd8a9
ffffd459
ffffcd9b
ffffd134
ffffac3b
ffffc89a
ffffaa8e
ffffb4ed
ffffc07a
ffffea09
ffffe816
ffffc907
ffffbd86
ffffbffd
ffffb871
ffffb3b5
ffffc8ba
ffffc7df
ffffb85f
ffffbc22
ffffbb5a
ffffcc56
ffffba1c
ffffa373
ffffad07
ffffe235
fffffdd9
ffffe98c
ffffdd75
ffffbebe
ffffb871
ffffa81c
ffffaa23
ffffb996
ffff92f7
ffff8c52
ffff91b4
ffff9105
ffffbbcb
ffffbf62
ffffa3b9
ffffb490
ffffd78b
ffffcbba
ffffeddb
ffffbf23
ffffbfc6
ffffac6b
ffffa8e3
ffffb468
ffffa828
ffffa9bf
ffffb2a4
ffffbf82
ffffc38c
ffffc291
ffffb1f8
ffffb955
ffffd28e
ffffc85f
ffffc97e
ffffb2d9
ffffad32
ffffbb75
ffffc130
ffffc0a3
ffffc0ae
ffffc9d4
ffffd7fb
ffffd53f
ffffc563
ffffbbc1
ffffb57c
ffffbe72
ffffcbce
ffffd348
ffffbe60
ffffa82f
ffffab79
ffffbee4
ffffa4b6
ffff8d23
ffffa455
ffffb14a
ffff9e69
ffff8f18
ffff8db7
ffff92b3
ffff8807
ffff885f
ffff94ad
ffff8126
ffff84a8
ffffad45
ffffc61b
ffffd466
ffffcc06
ffffa60c
ffffb522
ffffa4f2
ffff72a1
ffff6955
ffff95e1
ffffaace
ffffa307
ffff9632
ffff9dd5
ffff9968
ffff8819
ffffc11b
ffffbbdd
ffffcc37
ffffa378
ffff7a04
ffffa46d
ffff8db6
ffff7a75
ffff75bb
ffff9cc1
ffffadb8
ffff8f4d
ffff886e
ffff8596
ffff8cc1
ffff8899
ffffb234
ffffb7a5
ffffaa4a
ffffb978
ffffcc95
00002582
ffffe2ba
ffff9bcf
ffff90d8
ffff88f9
ffffbec4
ffffbd74
ffffbeaf
ffffaf67
ffff92e4
ffff9381
ffffd4ec
ffffe0cb
ffff9113
ffffb11f
ffffd392
00001e7e
ffffce97
ffff97be
ffff7c20
ffff49ea
ffff84b4
ffff9278
ffff96b8
ffff79de
ffff7f94
ffff84d3
ffffdd3e
fffff966
ffffb68f
ffffbecd
ffffc420
ffffdd33
ffffaa54
ffff7b22
ffff61b0
ffff5489
ffff7f50
ffffadb6
ffffbe84
ffffa93d
ffffb1d9
ffffc04b
ffffe739
fffff4d6
ffffba64
ffff9c44
ffff9772
ffff79a8
ffff9996
ffffab33
ffffb322
ffff98d8
ffff891a
ffff892c
ffff900a
ffff7724
ffff9054
ffffc225
ffffe698
ffffda78
ffffbad6
ffff8e07
ffff84df
ffff6c62
ffff8f99
ffffb927
ffffdafc
ffffc855
ffff9d54
ffff9803
ffffb0c2
ffffa2a4
ffffb59a
ffffd4a7
ffffe78b
ffffc6db
ffffaeec
ffff878a
ffff91c9
ffff7a9f
ffff994a
ffffb2be
ffffd9db
fffff045
ffffbaad
ffff7ebc
ffff74ba
ffff7656
ffff915a
ffffa36e
ffffde94
ffffc6b6
ffffa52d
ffff898c
ffff9104
ffff7af2
ffff81e1
ffffa5be
ffffa05d
ffffd438
000005fa
ffffe124
ffffa3ea
ffff86c5
ffff8e4b
ffff9a31
ffffbf8c
ffffcb4d
ffffa9ef
ffff917f
ffff8756
ffff8cb1
ffff790d
ffff764b
ffff79ff
ffff8d5a
ffffbbfb
fffff9a7
ffffdfe6
ffffc234
ffffbda6
ffffb1fc
ffffbf04
ffffcc34
ffffa420
ffffab9c
ffffa348
ffffa788
ffff9991
ffff8e37
ffff7e75
ffff8ab4
ffff8efb
ffffbea9
ffffe769
fffff3f1
fffff321
ffffd4dc
ffffc913
ffffddde
ffffac1e
ffffb62e
ffff9f79
ffffa297
ffff9668
ffff89d2
ffff9018
ffff6046
ffff8bda
ffffbcab
ffffe3ed
fffffe60
00000c8c
00000a32
fffff3a4
fffff1ae
ffffabb7
ffff9e44
ffff9177
ffff82ba
ffff8a16
ffff8b04
ffffbcc0
ffffa044
ffffa203
ffff91b7
ffffb392
ffffff6c
00000ee0
00000766
fffff49c
fffff0d4
ffffaf54
ffffacb0
ffffc9b3
ffffcdb8
ffffc2b2
ffffb46e
ffffbe63
ffffa8cd
ffffb03d
ffffc18e
ffffe30a
fffffde4
00000977
ffffe999
ffffdc5f
fffff39e
ffffbe5f
ffffb07c
ffffcd65
ffffd024
ffffc4b7
ffffc292
ffffbe3a
ffffb7ba
ffffcc6c
ffffd6be
ffffeae7
ffffe95f
fffff4dd
ffffe584
00000324
000005cb
ffffe010
ffffb373
ffffba7c
ffffb8e2
ffffbab3
ffffc44c
ffffab40
ffffa97e
ffffad79
ffffb3be
ffffb379
ffffbf30
ffffbc5f
ffffb672
ffffacfa
ffffc082
ffffddb6
ffffc07e
ffffba61
ffffceaa
fffff94a
000000ce
ffffccba
ffffba42
ffffb1a2
ffffa1a1
ffffafce
ffffca31
ffffb932
ffffa989
ffffa30c
ffffacbc
ffffe4f9
ffffe0fb
ffffcdc4
fffff390
00001095
00003c6a
00000754
ffffe2f7
ffffdd9c
ffffc43c
ffffdd36
ffffe855
ffffdcc4
ffffd4c2
ffffcbf7
ffffc7a7
fffff3f6
0000101f
fffffb20
0000370e
00002d67
00006569
00002eb3
ffffde00
ffffde80
ffffd17d
ffffea64
fffff386
00000ba3
000008ac
000002a2
ffffeb4c
ffffe358
ffffff13
00002cbd
000030e6
00004552
0000722a
00004db2
000011cc
ffffdc08
ffffdac1
fffff0a5
ffffd832
fffff660
00000d92
000019a5
0000044d
ffffedd6
000004e6
00003a91
000007e0
fffffbdf
000020fc
00001b13
00000e37
ffffd6ac
000012ab
00002e2b
00001ae0
00001626
000022e0
00001090
000000e7
ffffd944
fffff4ab
0000361e
00000549
fffff3b2
fffff229
fffffa70
fffff49a
000012eb
00004047
00006a87
00005751
000027a0
0000116a
00001232
fffff4f0
ffffb52b
ffffb595
ffffe747
fffff9ce
ffffee43
ffffb9dd
ffffd1a4
000007ff
000046c4
00004bac
00005294
00004e2a
000011c7
ffffdbb4
ffffe0b9
ffffd3cd
ffffb589
ffffb24f
ffffd419
ffffef3e
fffff115
ffffcac7
ffffdfd6
000037ab
00006429
0000478b
00005b3a
00006d52
00003f3b
fffff766
ffffc8d4
ffffc522
ffffb9bd
ffffb531
ffffccfb
ffffd62b
ffffddc1
ffffb994
ffffc6d2
00000735
00003e0b
00002e70
0000329e
00004c5b
00004cfc
00001b4d
ffffe4d1
ffffc723
ffffc168
ffffb8fc
ffffd184
ffffb5fb
ffffd0f7
ffffc122
ffffabe6
ffffa8d4
ffffcbbb
ffffe984
0000045d
0000172d
00002ec5
00000cfe
ffffc5d6
ffffb89e
ffffd90d
ffffc191
ffffd584
ffffb6ae
ffffc531
ffffc0a1
ffffa24c
ffff81f3
ffff8cf8
ffffac80
ffffc31f
ffffe778
00000097
ffffd7c1
ffffa559
ffffa5bc
ffffe607
ffffd511
ffffd33d
ffffa17b
ffffab3c
ffffd2b7
ffffc0f7
ffffa838
ffffb214
ffffbd8e
ffffb6fa
ffffaf2b
ffffcaf6
ffffccf7
ffffbc47
ffffb4bf
ffffdff7
ffffcc72
ffffce9d
ffffa9c1
ffffaa1d
ffffc2b4
ffffc229
ffffc986
ffffb4e3
ffffbf91
ffffc564
ffffb3ef
ffffbac1
ffffd227
ffffde0b
ffffdb64
ffffe036
ffffbf72
ffffc491
ffffc306
ffffc67d
ffffc05b
ffffccf5
ffffdd1e
ffffdc5e
ffffde57
ffffca00
ffffd64b
ffffcf25
ffffd8ab
ffffefcb
ffffe472
ffffe79f
ffffd221
ffffbaf0
ffffb12c
ffffaf28
ffffb58f
ffffced6
ffffd1a3
ffffc260
ffffc48d
ffffbd47
ffffc4e6
ffffb5c8
ffffaf14
ffffce7c
ffffe04f
ffffe209
ffffcc27
ffffd439
ffffd709
ffffe615
fffffd2e
ffffda4e
ffffe18b
ffffe274
ffffe6d3
ffffda0b
ffffdd4c
ffffdeaa
ffffd757
ffffc2a1
ffffceb1
ffffd4d8
ffffd358
ffffe1b1
fffff3e7
000008b6
00000ccc
fffff6b2
ffffee00
ffffd02b
ffffcf1f
ffffda8b
ffffdd2f
ffffd9aa
ffffd9f4
ffffc544
ffffc999
ffffcf9e
ffffd576
000003fd
000017e3
00002e35
0000440b
00003389
fffffebf
ffffc19d
ffffc2ba
ffffd3a7
ffffd6fb
ffffcf91
ffffe12a
ffffd559
ffffe6d5
ffffde2e
fffff0e9
000039b0
000033dd
000063e5
0000805b
0000698b
000018d8
ffffc0d6
ffffa2d8
ffffb32c
ffffbcb8
ffffd67f
ffffe1c8
fffff29d
ffffff25
fffff69d
0000100f
00003484
000032ef
000077b0
0000b6a4
00008668
00005452
000006c5
ffffe286
ffffdceb
ffffe6ab
ffffde54
ffffeffe
00000416
0000077a
ffffdcef
fffffbab
00004edf
00003c50
0000601f
00009147
0000789a
00007be5
00005805
00002ea5
0000093e
ffffe9b1
ffffe09f
ffffd703
ffffeb29
ffffee1f
ffffc96e
fffff945
00005928
00006f17
00006a40
00006fad
00005ed4
00006606
00004f13
00005e35
00005510
00001f98
ffffec09
ffffceaf
ffffd370
ffffea9c
ffffb403
ffffea0e
000051f3
00008161
000076ed
00002d16
000040e6
000054f2
00003ec0
000057ed
000048e5
00002aeb
000008bd
ffffc934
ffffcfd9
ffffc6e7
ffffc11f
ffffe323
0000454a
00005d30
00004ca3
000026d8
000056d9
00005468
000060d5
00007b3a
00009c42
00009149
000036d3
ffffe43c
ffffd9b9
ffffbd39
ffffcc26
ffffea8d
00004407
00003a46
0000355f
00001e70
00004dc7
00004f0f
00004c32
000049be
00008a8c
00009b01
000062c1
00000778
ffffe317
ffffc679
ffffc9b0
ffffe1c0
00004278
000040c6
00004828
00005491
000058f1
00003d20
00001b2c
00001bba
0000374c
00003f9b
00002205
fffff31f
ffffdfae
ffffd099
ffffc26a
ffffbd2a
000011d7
00001c02
00000d65
00003270
00002d95
fffffe5e
ffffef84
ffffdf0e
ffffe6c1
ffffedd5
ffffdc3b
ffffce72
ffffdc19
ffffe791
ffffbe6b
ffffb154
ffffd373
ffffeecd
000002e1
00001058
00001015
00000574
ffffe96a
ffffd113
ffffa303
ffff9641
ffffa2e8
ffffbc4a
ffffd061
ffffe96c
ffffc1da
ffffb222
ffffc9b6
ffffea32
00000b5a
00000e8b
00000961
fffffa65
fffff559
ffffe82b
ffffb259
ffffa0be
ffff9c8f
ffffc5aa
ffffea5f
fffffea9
ffffe89f
ffffd6e2
ffffe122
fffff3e4
00001008
00001942
00001d43
00001f4c
0000171a
00000050
fffff93e
fffff397
fffff019
fffff707
00000333
fffffd4a
fffffcca
ffffee4e
ffffeefb
000014a8
0000263d
00002f26
00002ce7
000023e5
00000f6d
00000af2
00000889
00000bc9
0000157f
00000600
00000a25
0000015f
ffffaabc
ffffbb02
ffffcf81
ffffbf21
ffffca18
ffffc882
ffffc8c8
ffffbd0a
ffffc09d
ffffb364
ffffba99
ffffb4d1
ffffaf3e
ffffad3b
ffffa742
ffffb5aa
ffffc86f
ffffced1
ffffd145
ffffc8af
ffffa921
ffff9d99
ffff9ed4
ffffae97
ffffc077
ffffc7a9
ffffcb99
ffffb470
ffffa138
ffffa5d0
ffffc40e
ffffd2c6
ffffee28
00002d95
0000060f
fffff7ec
ffffb86b
ffff9c0c
ffff9b2c
ffffc1ef
000006e9
fffffe1d
ffffddd8
ffffc7af
ffffb088
ffffa487
ffffcbdc
ffffcfc0
fffffd15
00001f64
ffffe8ae
000025b5
fffffcc1
ffffda31
ffffdaf5
fffffc24
00002eff
000015be
fffff22a
ffffc168
ffff9ef9
ffff973d
ffffb1db
ffffa255
ffffde0e
ffffdee3
ffffb6cb
00001e0e
000016f3
ffffe7f0
fffff532
fffff69e
00000e63
ffffec81
ffffe69c
ffffcd5b
ffffb872
ffff9bcb
ffff87ec
ffff762b
ffffb3b6
ffffbbe9
ffff9e2c
ffffc59d
ffffcf27
ffffa47b
ffffd322
ffffd6b8
ffffdd61
ffffe7c5
ffffe207
ffffc604
ffffbb1e
ffffab4f
ffff8d47
ffff8bce
ffff9a89
ffff7f06
ffff7943
ffff7a64
ffffbf43
ffffac5e
ffffba0c
ffffe67b
ffffb285
ffffabd8
ffff930a
ffff77b7
ffff9e12
ffffa3b6
ffffa571
ffffb929
ffffb809
ffff6834
ffff3a79
ffff4e22
ffff7b0f
ffff9a8f
ffffab78
ffffbd68
ffff8e49
ffff89df
ffff68f5
ffff51fb
ffff6925
ffff6f81
ffffa0a5
ffffcffd
ffffc4e0
ffff7d40
ffff3bc5
ffff42aa
ffff63a9
ffffbb57
ffffdb23
ffffde09
ffffec71
ffffa56a
ffff75e9
ffff5ea3
ffff7b11
ffff7c3f
ffffb673
ffffe4d0
ffffb760
ffff888c
ffff5fde
ffff64f2
ffff6ac1
ffffcf5b
ffffcf65
ffffcb54
ffffeae9
ffffdefd
ffffbb34
ffff9764
ffffa926
ffffa259
ffffd8f1
ffffed3a
ffffbba5
ffffa638
ffff7ee4
ffff8950
ffff6e7a
ffffc971
ffffb512
ffffaabf
ffffd36c
ffffcc20
ffffcd7b
ffffc7b0
ffffb78a
ffffad20
ffffe97a
fffff22c
ffffbf59
ffffad86
ffffa6d7
ffffb7d7
ffff7ce4
ffff9ac4
ffffcfa4
ffffba8b
ffffc258
ffffd696
ffffd987
ffffea6f
ffffdd77
ffffc535
ffffee68
ffffef7a
ffffbced
ffffad8d
ffffa2f7
ffffa03e
ffffaa5d
ffff92d6
ffff9e9e
ffff8167
ffff8b24
ffffca4d
ffffe69c
fffff019
ffffefae
ffffccf1
ffffdfe4
ffffedb0
ffffdb1e
ffffe0e4
ffffd965
ffffbeee
ffffb587
ffffaa93
ffffb2e7
ffffac05
ffffc9e1
ffffd45a
ffffd8fa
ffffd0be
ffffcb45
ffffe01b
ffffc53e
ffffe912
ffffe297
ffffba4b
ffffc610
ffffa90c
ffff9589
ffff8bf0
ffff8ceb
ffff95b6
ffffb6c6
ffffad4b
ffffa2d1
ffff9235
ffff9c40
ffff9468
ffff93aa
ffffb69f
ffffea9f
ffffcef1
ffffbd53
ffffb6f2
ffff969a
ffff9492
ffffa376
ffffa0a0
ffff99ca
ffffb6bf
ffffc639
ffffbeb3
ffffbb71
ffffa55d
ffffb10f
ffffd1c2
0000495e
00005e92
000061e0
00005704
00004f37
000041a2
00004441
00003d51
0000383b
0000385a
00003c29
00004483
00004533
00004cea
00004439
00003417
00006458
000070f1
0000697d
00006d28
00005a8f
00003edf
00004b47
000044f4
000039e8
00003de1
00003ca4
00003f6f
000045dc
00004274
000040d1
000038a5
00005c5b
00006303
00006d9c
00005bca
00004f82
000011ce
000034b2
000035e7
000028c1
000034f7
000039b0
00003894
00003cb9
0000322b
0000300b
00003a2f
00004db7
0000432d
00006251
00005598
000046e3
00003043
0000242d
00001619
00001fbf
00002125
00002199
00001576
00001f3e
00001c8e
00002549
00003278
00004227
000024f8
00003312
000057d5
00007c94
00005255
00001225
0000048c
000007e0
00000e58
00002a35
0000191c
00000c70
fffffbb0
00000e8b
00002b0d
00005b55
0000396f
000014ef
00003f8f
00008eab
00007304
00003b13
00002945
000032a2
000023f2
00002d9a
00003432
00003022
0000105b
000009c0
0000398d
000061e2
0000503e
00002bf6
000047ad
000074bd
00009aca
0000aa75
00009c57
00007403
00005e90
000043f4
0000439f
000041c9
00002f15
00002929
00004cdd
00006969
000063bc
000048d1
00004f97
00006191
0000a13a
0000b4e7
0000cade
00009618
00009595
00008180
00007c02
00007a35
000056a1
00004774
00005140
00006c53
00006545
000042ee
000026bf
0000461f
000089a8
0000ad8c
0000b0a3
00009833
00009569
00008e4f
000090df
00008565
00005a6a
000041ec
00004244
00006514
00006044
0000471f
0000202a
00003e59
00004f37
00008113
000089fe
00008527
000087a3
000085e6
0000841a
00006b03
00004af8
0000267d
00002aea
00005e23
00005b12
000033b0
00001216
0000118f
000034f1
00006fb2
0000a62d
000085bb
00008c89
000079c7
0000873b
00006f1c
00004acc
00001cf6
000026d1
00005396
00004e93
000034e4
0000289f
0000249e
0000528d
0000841b
00009590
00006ea5
000067eb
0000704d
00008a77
0000834b
00005822
00002dd6
00002e0d
000055b5
000047c9
00003349
00002fed
00002bec
00003b19
00005d9a
00006ed7
000057ad
00005516
000062f3
00009aa7
00009df2
000070f1
00003cc0
00003281
000042c7
00004022
00003051
0000360e
00004a83
0000538a
00004c85
0000402c
00002e66
00003571
00003c5c
00005404
00006676
00004811
00003a05
0000331a
00003ead
00003c78
000022fe
00002a8f
000038ba
0000522f
000057a6
00004050
00002fea
0000399d
000042f5
000042cf
00003b6b
000035fd
000021ed
000024b6
00004160
0000453c
000032cd
0000310f
0000383d
00003e10
000039c6
000034f1
000038d7
00004103
00003ff9
00004372
00003de7
00003e33
00002546
00002fd9
ffffda60
ffffd619
ffffb5d9
ffffc321
ffffb8cb
ffffa9e1
ffffa088
ffffab7a
ffffb320
ffffb346
ffffb3ae
ffffbdb2
ffffb9d2
ffffbe16
ffffbe68
ffffc0d0
ffffc62d
ffffd4a1
ffffdbfe
fffff156
ffffe3b3
ffffda55
ffffad8c
ffffb0df
ffffb899
ffffc58e
ffffc12c
ffffbe0b
ffffca28
ffffc3a9
ffffc678
ffffca7a
ffffbc7f
ffff962a
ffffac24
ffffdee5
00000307
fffffdde
ffffde5f
ffffd16b
ffffbaac
ffffc53c
ffffdaa8
ffffcd53
ffffd804
ffffcb66
ffffc534
ffffd343
ffffc350
ffffc58a
fffffdd2
0000247f
000051ae
00001ec0
ffffefcf
ffffdcf2
ffffc395
ffffce33
ffffe076
ffffd07a
ffffd713
ffffc22e
ffffc0e6
ffffcc00
ffffcaf3
fffff5b7
00001d89
000041f4
000025a8
fffff2dc
ffffbd93
ffffac02
ffffac06
ffffba09
ffffdc17
ffffe3e9
ffffe02f
ffffce71
ffffdf83
ffffde59
ffffc92f
000005f1
00002f35
000047b2
00002d89
ffffe1a6
ffffcb24
ffffd6d2
ffffd2ee
0000042f
000003b2
fffffac8
ffffdb69
ffffcbf0
ffffda7b
ffffe91b
ffffb5c2
ffffedcc
00003c87
00006911
00004e23
0000455f
00004dfc
00003ed4
00004009
000052f5
00003084
00000dd8
ffffdd8c
ffffca88
ffffdf90
ffffe6ec
ffffa515
ffffbe5d
fffffdbe
00003e00
000059e5
00007193
00005c00
00006a6f
00006138
00006660
0000492c
00002fea
000013e5
ffffd237
ffffde67
ffffcd0b
ffff9c1b
ffff95b1
ffffc825
ffffd61b
fffff54a
00000b3b
00005244
00006482
000052a7
00004e7c
000030ab
00003389
00001fb8
ffffcbfb
ffffc789
ffffb21a
ffffa5d8
ffff8748
ffffa24d
ffffa7ba
ffffab8a
ffffdb54
000038bb
00004be3
0000370f
00002284
00001129
00002e64
00004a52
ffffef72
ffffbb71
ffffa969
ffff9b56
ffff778e
ffff8817
ffff8c31
ffff8d0e
ffffb3d9
0000094d
00001841
00002330
000009f7
00000efb
00002081
00003ae3
fffff245
ffffc649
ffffb049
ffff9c54
ffff8232
ffff90eb
ffff8b24
ffff9da8
ffffc328
ffffd372
fffff3dd
ffffd607
ffffd675
0000014c
000035ae
00002bad
ffffdf15
ffffcee6
ffffccff
ffffb6c2
ffffbaed
ffffa974
ffff9b1d
ffffbbb3
ffffda6b
ffffef6c
ffffcd31
ffffa1e6
ffffbd64
ffffde6a
00000671
000025b6
fffffa9d
ffffeb4d
ffffcc4d
ffffbbc0
ffffcb03
ffffa926
ffff91f0
ffffa90c
ffffea77
00000ea5
fffff228
ffffac00
ffff9be0
ffffb759
ffffabd6
ffffe2fb
fffffabe
0000083a
ffffd8a8
ffffbbad
ffffd6ca
ffffcb84
ffffbb97
ffffd2a9
fffffd68
000017be
00000d0b
fffff366
ffffd3ce
ffffd982
ffffd8ef
fffff664
fffff27e
fffff64a
ffffd8f3
ffffc24b
ffffb84c
ffffb7d4
ffffacd9
ffffb900
ffffd3d0
ffffd62f
ffffc896
ffffc5fe
ffffce65
ffffe263
ffffd968
ffffe6e4
ffffe36d
ffffdf94
ffffdc97
ffffef9f
00001acd
ffffe4dd
ffffe773
ffffca49
ffffcfd3
fffff129
00000342
00001032
00001929
0000262f
0000255e
00002256
00003bfe
0000404a
000002db
ffffe814
0000317a
ffffca12
ffffb761
ffff8c37
ffffaa47
ffffdedc
000013cf
00002d85
00002d02
00002916
00003c2d
00003c91
00005866
00007a31
000010bb
ffffec97
00001725
ffffbd8f
ffff99c6
ffffa208
ffffc0d8
ffffb0f9
ffffb3fe
ffffbaeb
ffffd580
fffff3f6
00000b31
00000a4c
00003507
00005c7f
fffff11d
fffff8ab
000047de
00001a29
fffff423
ffffc51e
ffffc603
ffffcc65
ffffd239
ffffa577
ffffc247
ffffeff9
00000084
00001cae
000042fe
00007ef9
0000089a
ffffd645
000055b5
000045d2
0000503a
fffff87d
ffffddc2
ffffd925
0000021f
ffffdc46
ffffd6b5
ffffc728
ffffc6f4
fffff8fd
00003eea
00009960
00003c70
ffffe30f
00006470
000052bb
00008f26
00001b9e
000029cb
00000556
00001c00
fffff450
ffffd1f7
ffffb757
ffffba26
ffffedff
00002ed8
000088f0
00003e2f
ffffe1f4
00005819
00002f34
000076d1
00002ee3
000046e7
00003ec7
00003a08
00002d08
fffffe59
ffffd1f7
ffffe51e
000003da
00001ae8
000065b8
00001b51
ffffe5d6
000063d6
00001e6b
00006cf4
00004d14
00004963
00006dfe
000033c4
00002977
00000ccd
00002ac7
0000371f
000041da
0000551e
00007e26
0000147d
ffffe750
00006682
000043c1
00009363
00005be2
00003387
00001fb3
ffffe317
ffffafb5
fffff0d0
000021d5
000020bb
00001b6e
00003f70
000074c6
0000178b
ffffe5a3
000068e2
00004410
00007754
000065f1
00006118
000020a0
000001eb
ffffcd5b
ffffe9f9
00000038
fffff41f
fffff396
00001109
0000543d
00000dcd
ffffec3e
00005645
00001498
000057f8
00005f93
00008ace
00008844
000061e6
00002b57
fffff856
fffff6b3
ffffe51b
ffffcb57
ffffdfc9
00003fd6
000014f4
ffffec4b
000036eb
fffff47c
00002ee5
0000409c
00001bfd
00003c23
00008254
00005363
000026b8
fffffdae
ffffc9d5
ffffa266
ffffc2b9
00002f8d
00000f67
fffff02c
00001130
fffff600
000023e9
00000dc6
ffffc2cc
ffffd81e
ffffee60
00001e04
00001d60
00001c47
ffffd27a
ffffb2be
ffffbf70
000030d6
00000dd7
ffffbd16
ffffc689
ffffb7ee
fffff0b6
ffffd238
ffffbec4
ffffd12a
ffffd630
0000012a
fffffe50
ffffef66
fffffc36
fffff68f
ffffb001
fffff7ae
fffffb40
ffffb70b
ffffcd0a
ffffaa4a
ffffc4bc
ffffbaeb
ffffbe0a
ffffd535
ffffd352
fffff4ed
fffffcae
fffff8d2
ffffe615
ffffe47f
ffffc475
fffff1b1
fffff83b
ffffd424
ffffdd91
ffffc513
ffffd666
ffffcbc9
ffffde84
ffffe2b7
ffffe1c2
fffff0bf
fffff6c8
0000015e
00000ae3
00000359
fffff2db
fffff954
00000132
00000a74
fffff909
000000f6
0000245e
000039ca
000029e7
00000659
fffff567
ffffee88
ffffec9b
ffffea79
ffffeff5
ffffe557
ffffe361
ffffe51c
fffff608
0000154e
00003976
00004e14
00008a2a
00009cb8
00006549
00003608
00001935
00000c92
000002fe
00000178
000008a4
000013e6
000010e8
00000e8f
0000119b
00001346
00004d40
00005613
000067b2
000040e8
00004f67
00004b30
fffff932
ffffd762
ffffc8b9
ffffceec
ffffe228
fffff204
fffffbe9
00001724
00001aef
000020b0
00004b2f
0000496c
000013f8
000034a3
000050e9
000057c9
00003a27
0000194c
00001fd1
00001d5e
00002e2a
00002bc3
000033a7
00003b26
0000324d
00003425
00006ade
0000514d
000027e4
00004ab0
000068b4
00008ae6
00004f96
000027c4
0000268d
00002973
00004458
00004cba
00004d91
00004383
00002ffd
00003f6b
00006ace
000057bc
00006f83
00007db3
00007730
0000af64
0000946d
00005aa3
00007e40
00008e56
0000a38a
00007c38
000069c8
00004b1c
00002466
000020e5
00004d26
000064a3
000089db
00006452
00005ed1
00009cd2
0000ae88
00007b87
0000871a
0000afaf
0000b21f
0000913a
0000489f
000029dc
000011a6
00000cfa
00001ea7
000050d6
0000605d
0000223d
000032dd
000046ce
0000609e
000095f8
000082e9
00007793
000090c0
0000a085
00005a54
000031ac
00001bad
00001004
00000da0
000036fa
000048c3
00004e11
00002d24
00004957
00005ee9
00008d94
0000793c
00006505
0000804c
00009cda
000052d5
00004014
0000190a
000015dc
fffffebd
00002c80
00005b06
00006bb0
000062af
000059ae
000069ef
00006894
00004593
00004fd2
00006296
00007d0c
0000542a
000031c1
000009a8
000018a8
fffff8a2
00000a42
00003b07
00004ef6
0000608a
0000627a
00003ad9
0000170e
fffffb66
0000238c
00001933
0000319a
00002873
00002024
000008a7
00001c54
fffffba0
fffff68d
00001262
00000b2a
0000242e
0000306e
00001501
00001c73
00001c60
000022c9
00001337
00000437
00000806
00002fa3
000011ce
000017d4
fffffde2
ffffd7c7
ffffef8e
00000504
000013dd
0000039a
00002919
00002ff4
000007f6
00000506
0000111f
000029bd
00001ca2
00002fb2
fffff7aa
0000199c
000013f9
ffffe1a1
ffffe0bc
ffffe7a2
fffff9a0
00001865
00000304
00000259
00001186
000021e4
00001cd0
00003633
000023d2
00004c42
000021fb
000000fe
00001c2d
000010e0
000011a7
00001489
00000fd2
00002551
00002aa9
00000ea6
00002541
0000342c
00000dcb
00000ac8
fffff604
00002069
00000a2f
00002166
000043da
0000535e
000049a2
00002fa5
00002d3d
000030b3
0000324a
00004b15
0000535a
00005071
0000306c
00003338
0000229c
00002fbc
000025cf
ffffd1cb
ffffd5af
fffff977
fffff2d0
ffffdd3c
ffffef8d
ffffeadf
ffffe2fa
ffffdb16
ffffd2c5
ffffc895
ffffc8e9
ffffc46c
ffffc9b4
ffffc0a7
ffffcc9b
ffffe663
fffff8a7
0000254d
00003945
00002e01
000030c6
00001a53
ffffeeb8
ffffe630
ffffdc1c
ffffd065
ffffc6c4
ffffb8bf
ffffbcef
ffffb95b
ffffcff8
ffffef0f
000009f6
00005173
00006fef
00007b60
0000666c
00004272
00001617
ffffec05
ffffdfae
ffffd262
ffffca85
ffffc1ac
ffffbbdc
ffffbe34
ffffcb2e
ffffed19
00000a8a
0000234d
00004927
000050d8
00005600
00006c1d
00005f78
000018c7
00000dfb
fffffe9a
fffff45a
ffffe378
ffffd83e
ffffd2d7
ffffd6f8
ffffee03
fffff588
ffffdc8c
ffffe084
ffffdddc
000024a1
00003a04
000070f5
00002ee9
00003ee5
000037c5
00001c8f
fffff3ef
ffffe1b5
ffffc633
ffffbd85
ffffed0f
ffffbf90
ffffb1b5
ffff9e09
ffffb465
fffff205
ffffdf48
00004129
00003be3
0000469a
00003818
00002b17
000014df
fffff5da
ffffd68a
ffffc4b3
ffffea3f
ffffab9f
ffff7391
ffff8535
ffffade3
ffff8d6e
ffff6216
ffffdf64
00001b1b
000008e5
00000c0c
fffffbba
ffffec36
ffffdee3
ffffc3da
ffffd314
ffffdced
ffff8fac
ffff5c43
ffff886b
ffffcaaa
ffff8ab4
ffff42ab
ffff7a8d
ffff9d74
ffffac49
ffffbe10
ffffb1d7
ffffb59f
ffffa5f2
ffffb0d2
ffffc84d
ffffcbc2
ffff89b2
ffff4289
ffff7ff5
ffffba67
ffffc683
ffff6b0f
ffff32a6
ffff69f4
ffff9688
ffffadd9
ffffa4b9
ffff9229
ffffa365
ffffb626
ffffd8c9
ffffd1cf
ffff9c18
ffff61c2
ffff8329
ffffa344
ffffdc59
ffff9b65
ffff3845
ffff4f0f
ffff91da
ffffbdf1
ffffab7f
ffffb734
ffffbf39
ffffc245
ffffe478
ffffd384
ffffb0c9
ffff8c46
ffff9b03
ffff977e
ffffc2d2
ffffbea7
ffff848a
ffff51fe
ffff8ea0
ffffbb96
ffffc68e
ffffd4a2
ffffc48f
ffffd5b7
ffffe04a
ffffe81e
ffffc505
ffffb0e1
ffffb47b
ffffa55b
ffff982a
ffffb42a
ffff91b7
ffff91d8
ffffccd5
ffffd583
ffffe804
fffff059
ffffc578
ffffd328
ffffd5ae
fffff7a2
ffffd156
ffffcb96
ffffbeeb
ffffb384
ffffa51c
ffffb7f1
ffffa5f7
ffffd5f5
fffff43a
000003f2
0000170c
fffff9f9
ffffa73c
ffffad3f
ffffcce6
000012a4
ffffe2a1
ffffe160
ffffd607
ffffbe65
ffffc0bd
ffffbe7e
ffffb4fc
ffffdb6b
00000a27
00001d5b
000042b6
00002174
ffffccd4
ffffb305
ffffc219
00001d73
fffff557
ffffef57
fffff51f
ffffe8a1
ffffca57
ffffc9f9
ffffd518
00000635
0000148c
00002a62
000036ce
000011e8
ffffb735
ffffa68d
ffffbd8f
0000329e
00000eec
00000833
000006e9
fffff711
ffffe1ad
ffffd969
ffffe095
000006dc
00002151
00002158
000008f4
ffffe772
ffffd015
ffffbd25
ffffe739
ffffa9d0
ffff932a
ffff9100
ffff993f
ffff9331
ffff96e3
ffff9bac
ffff96b3
ffff9ef6
ffffa222
ffffa31e
ffffa077
ffff849b
ffff71b0
ffff880e
ffffaef7
ffff9c83
ffffa220
ffffa00b
ffffc54c
ffffba82
ffff9f32
ffff9502
ffff8ff0
ffff827b
ffff90fd
ffff9714
ffff8603
ffff6c2e
ffff65cc
ffff6e3e
ffff8708
ffff9d46
ffffc8bd
ffffcd52
00000346
ffffdf39
ffffa776
ffffb955
ffffc1d5
ffffafcc
ffffb9cd
ffffbe4a
ffffc04c
ffffa5b3
ffffa148
ffff9e0a
ffff8c02
ffff9fd4
ffffce3b
ffffca64
ffffde27
ffffbe30
ffffb479
ffffa9a3
ffffca0d
ffffd244
ffffd127
ffffcd55
ffffb6dc
ffff9d0c
ffffa963
ffffa5ad
ffff961e
ffffb100
ffffd5be
ffffddf7
ffffa04f
ffff7b18
ffff67c4
ffff73c0
ffffa1c1
ffffd8d8
fffff613
ffffff5f
fffff89e
ffffe3f7
ffffe38e
ffffc25a
ffffb56c
ffffb3e0
ffffc0d0
ffffc071
ffff9bcc
ffff8f78
ffff8532
ffff95ba
ffffa4a8
ffffc2cd
fffffcb3
fffff002
ffffd8c7
ffffd79d
ffffe148
ffffbe49
ffffb727
ffffa394
ffffa07e
ffff7724
ffff8f2b
ffffeece
ffffbb75
ffff7d69
ffffa388
ffffcf9a
ffffdf93
ffffc7f4
ffffa7e5
ffff9605
ffffb167
ffffa58b
ffffb5fa
ffff9c4c
ffff612f
ffff401e
ffff54e0
ffff9cd4
ffff9402
ffff6942
ffff8a76
ffffbfb3
ffffde4f
ffffc7f1
ffff978a
ffff6c87
ffff748f
ffff96fe
ffffa73b
ffffa4fc
ffff68fd
ffff419d
ffff5587
ffff758f
ffff9226
ffff84d9
ffff9d0e
ffffd164
ffffc793
ffffcfd7
ffffb30c
ffff8c94
ffff74e2
ffff8d8b
ffffa5c5
ffffb0be
ffff806e
ffff5c74
ffff6563
ffff8c81
ffff9ca0
ffff9f50
ffff925b
ffff9a4d
ffff9eb0
ffff90c8
ffffa072
ffff9ec5
ffff9ebb
ffff96ec
ffffa4b2
ffffad05
ffff8d69
ffff8056
ffff74e0
ffffa42b
ffffd6ef
fffff2dc
ffff9ded
ffff6647
ffff8972
ffff9d02
ffffa749
ffffac27
ffff8890
ffff8b93
ffff9561
ffffa7cb
ffff988d
ffffa7f3
ffff9a3d
ffffb291
fffff35f
000018b8
ffffc29a
ffffa318
ffffafd2
ffffbc7c
ffffc93b
ffffd272
ffffa183
ffff997b
ffff9c05
ffffb698
ffffacda
ffffab57
ffff9cba
ffffb106
ffffde97
fffff1b0
ffffd6e6
ffffc516
ffffd781
ffffec99
ffffd3dc
ffffbd9c
ffff890b
ffff96b7
ffffaa55
ffffbbf8
ffffb923
ffff9494
ffffaaa2
ffffba88
ffffb42a
ffffb973
ffffb7a7
ffffb25a
ffffe619
ffffea71
ffffdae6
ffffab8e
ffff7050
ffff9759
ffffc697
ffffcdb0
ffffbb3d
ffffa78f
ffffd0f4
ffffd7d6
ffffcf87
ffffbdc8
ffffb794
ffffbd67
ffffd87f
fffffd27
fffff75a
ffffe43b
ffffa60f
ffffb076
ffffcaf3
ffffe307
ffffd9ad
ffffc067
ffffdc5b
ffffe9cc
ffffde5e
ffffd932
ffffd753
ffffd37f
ffffe3cb
ffffefed
fffffa7d
ffffeff3
ffffd958
ffffd253
ffffc104
00000181
00000895
fffffe1e
ffffee0a
fffff771
fffff602
ffffe5ba
fffff359
fffff00a
fffff74d
fffff09a
ffffee1f
fffff2f3
0000005e
00000388
00000928
00000c3e
00000843
00000637
ffffff73
000017b5
00001719
fffff757
fffff2dc
ffffeecf
ffffeee5
ffffe56f
ffffd86a
ffffda78
ffffe92f
0000012a
00000ceb
00001771
00000bfe
000018aa
00003682
00006ff6
00007113
000042a8
00003e78
000028fc
00002026
000024c7
00000fb7
00000263
000007a1
00001e5f
00000fde
00000f8a
00002712
00003a89
00006a17
00007ddd
0000779f
00007552
00005db2
0000424d
00002476
000017f1
00000cef
000005dc
000004ee
00001872
00000ecc
fffff02d
000004b7
00004531
00008a0d
00007982
000089d4
00007ece
000070bf
00005923
000029d8
00000882
000003cb
00000095
ffffe4aa
fffff7cc
ffffefa2
ffffed01
0000003a
0000492c
000053d1
00005b3d
00005a32
00006a55
00006d61
00004dde
000046d4
000033b8
000012cf
00000407
ffffe49f
ffffef36
fffffac1
fffffd80
fffffcea
00002ba2
00004564
00005085
00003f46
000059c5
00006a2c
00005b11
000055c4
000037ce
000032d4
00001fad
ffffebec
ffffeb9f
fffff1aa
fffffdac
ffffe1af
fffffabd
00000f76
000028c0
00003f83
00006f56
000079c4
00004f3c
00004167
000011d3
fffffb65
fffff345
ffffe3ee
ffffedc0
fffffee8
ffffecae
ffffc785
ffffb416
fffff986
0000224a
00004354
00007184
00006cd7
00003842
0000240c
fffffb96
fffff8cc
fffff29a
ffffd4c7
ffffe31b
ffffffdd
ffffea91
ffffbeae
ffffa3a2
ffffdc46
0000184a
0000366c
00004987
00004aa8
000058b1
00004eab
000025c8
00000497
0000078b
ffffe759
ffffeff5
0000005c
ffffeeb8
ffffc5d5
ffffb1ea
ffffc4e8
fffff4a5
00001c78
000042a5
000043ad
000044f2
00004263
00003f8d
00003008
00002417
000006bb
00001129
000009ce
fffff41f
ffffd8d5
ffffd087
ffffc5c8
fffff90f
000022c1
00004c65
0000393b
0000022d
fffffdb8
0000137d
000029c5
00003029
00001317
00001490
00000659
00000370
ffffed2d
ffffdd36
ffffd41d
ffffdee1
00001d1c
00002592
000002ef
ffffeb99
ffffe7c2
00000a0e
00001363
000026e2
00002174
00000f74
fffffb0b
00001f3f
00000d53
fffff797
ffffdfef
ffffd7b4
00000928
00000e49
fffff733
fffffe41
0000038c
00000720
000014c2
0000076c
00000223
00000411
000003d1
00001947
000016ca
00000584
ffffe6fc
ffffe48b
fffff425
fffff235
fffff497
fffffd79
fffffd8b
00000401
00000b6a
000013c4
00000cd2
fffff1df
00000cf8
00002e30
00001d0a
00001805
00000991
00000848
00001668
000019f6
00001ba6
000028a4
00002d41
000023cc
00001db2
00001e64
000017fa
00001142
000014f3
ffffafa8
ffff8c8f
ffff91fe
ffff8e39
ffff9a06
ffffb4e3
ffffbb8f
ffffb2b9
ffffa855
ffffa30b
ffffa2e7
ffffa5ad
ffff8cc9
ffff89b7
ffff992b
ffffa7a8
ffff9bd0
ffff80b3
ffff6399
ffff66a4
ffff64e9
ffff5590
ffff7902
ffff7930
ffff7d65
ffff8d39
ffff9199
ffff83af
ffff7267
ffff729b
ffff82ea
ffff8185
ffff93cd
ffff8f12
ffff635f
ffff5daf
ffff3809
fffefe3f
ffff3558
ffff4d7f
ffff36ae
ffff4f5b
ffff4f4c
ffff5028
ffff4622
ffff4d67
ffff5f47
ffff7832
ffffa893
ffffcdf4
ffffedb1
fffff308
ffffc7a9
ffff362f
ffff3539
ffff65a0
ffff73a4
ffff6b92
ffff68d2
ffff7f73
ffff6f67
ffff76ad
ffff70f3
ffffa059
ffffb114
ffffb5da
ffffff92
00002871
0000411f
ffffe275
ffff8900
ffff9165
ffff9d06
ffff943a
ffffa8dd
ffffa1bb
ffff8c3e
ffff9d8d
ffff944c
ffffac9c
ffffa7c9
ffff8b2c
ffffe0cc
00000e2a
00004291
fffff7f3
ffffb850
ffffb5bd
ffff7743
ffff6258
ffff7b67
ffff948d
ffff8de8
ffffa000
ffff7ddc
ffff9b63
ffffaad1
ffff8d4d
ffffa8bb
ffff9fdd
ffffdf0a
fffff30b
00000b11
ffffba21
ffff5c9d
ffff406b
ffff436f
ffff40bb
ffff5242
ffff71ab
ffff5e26
ffff7d61
ffffb6fd
ffff9041
ffffa59d
ffff9dc2
ffffccb5
00001456
00001cd5
ffffb102
ffff4519
ffff2ee0
ffff2d7b
ffff51d5
ffff74e7
ffff9a5c
ffff8a7d
ffff8965
ffffb2c8
ffffa55c
ffffc8b4
ffffdfec
00000721
00004580
00003db9
00000ec7
ffffc7af
ffff8e5b
ffff8aec
ffff721a
ffff79c4
ffff837d
ffff9c17
ffff9e4f
ffffa467
ffffa2eb
ffffdb5f
0000126e
00003737
000071a8
00003ca4
fffffed8
ffffca29
ffffb847
ffffc9a5
ffffb0e2
ffff9bce
ffff9502
ffff9afb
ffffa3e2
ffff9d1c
ffff94f2
ffffc870
00000a11
00003aa0
00006697
00004e1e
fffffe1b
ffffe756
ffffdc3a
ffffd852
ffffbd84
ffffa9cc
ffffcf91
ffffc01c
ffffc153
ffff95c0
ffff7d00
ffff9afd
ffffd1fe
00000455
fffff964
00002d4d
ffffff01
00000b49
ffffecbb
ffffd3e6
ffffda33
ffffbd24
ffffcecb
ffffbdd8
ffffcc81
ffff8d10
ffff7c66
ffff9017
ffffb883
ffffb2d5
ffffbff3
ffffd60e
ffffd70a
ffffdd71
fffffccd
ffffdc6b
fffffa4e
ffffe85e
ffffdeca
ffffaa65
ffffc410
ffff812f
ffff7c9b
ffffa7e8
ffffa93b
ffff98b8
ffff8a40
ffffb6ed
ffffd29f
ffffb9cf
ffffaf9f
ffffc224
ffffeb35
ffffe0a8
ffffd854
ffffaee4
ffffbeef
ffff98da
ffffa54e
ffffec57
00000a3a
ffffd9d5
ffffb630
ffffb681
ffffaedd
ffffbe98
ffffe1b7
ffffd018
ffffe60a
fffffe94
ffffda3d
ffffb302
ffffb6cc
ffffa939
ffffa086
ffffbb92
ffffc21f
ffffa9a8
ffff8a3a
ffff7fe2
ffff7c50
ffff9462
ffffa9da
ffffb46d
ffffb43b
ffffd5df
ffffd0e5
ffffa57d
ffff9ae2
00001fdf
000020e3
00002c1d
00003482
00003890
0000328a
00003274
00002a6e
000027e7
000027c9
00002a62
00002a14
000026d8
000027b0
0000201f
00001c53
00002ecf
00002742
00004015
00004de6
00005879
00004e53
00004ae6
00003a61
00002064
0000185f
00002959
000027c7
00001a48
0000211f
00002ce9
000026fb
00002024
000023ca
00004641
000054aa
00006b80
00005c60
00004708
00002d54
000013ba
000014c1
00001faf
00002a57
000022d5
000027df
00002af9
00002989
000022cf
00001d89
00002c92
00003a11
000060ac
000081f6
00007448
00004bc2
0000150d
00001575
0000185b
0000265a
000027f8
00002d99
00002786
00002f0e
00001d93
00001fe2
000033a9
00003029
00005a5d
00008850
000074e0
00006399
00003934
0000363c
000031c5
000038c5
000029a7
00002a14
0000324f
00003be1
00001e85
0000314a
00004d04
0000653a
00007865
000073b5
0000646f
000064fb
00005107
00004938
000046c4
000044cc
000032eb
00003c47
00003f9b
00004aa2
000020b0
000032ce
000056e5
000097cc
000095ba
0000829e
00006553
00004efa
00001b5c
00001961
00002a8f
0000313c
000025d3
00002b25
000038e5
00004836
000018da
0000287f
00005f53
0000950a
000092df
00007703
0000649d
00003997
00002547
00001c16
00001284
0000152c
000016c8
00001385
00002764
00003077
000013dd
000018d4
000046a0
000060cb
0000742c
00005cbe
000059ea
0000495a
00005a43
000071f6
00005d9f
00004203
00002e33
0000241a
0000330d
000026be
00001222
000007f1
00003d18
00004fb4
000085b2
000085a8
00007ae2
00006534
000058cc
000054f8
0000616c
0000656b
00005692
0000318e
00003ec0
000021b5
000011e9
0000055c
000026b6
00003d68
000068c7
00007a1c
00008784
00006ffd
00004ea3
0000372a
00002f80
000043f0
00004fe7
00003ad7
00003c77
00001b74
00001aa1
0000018b
00000b0b
00001631
0000399a
00003740
0000381c
00003e2e
0000399b
00002c16
00001fd4
00001dc3
000037d8
000013d2
000036db
00001c0c
0000179a
00000428
00000076
00000d68
00001fb0
0000378c
00003d29
000043cc
0000400e
000034e4
0000130e
00001118
00001266
ffffe7c2
00001381
00001b93
00001d5b
00000b3c
000001d2
000008c8
0000081d
000010d1
00001b04
00002032
00001f59
00001471
00001a75
0000199b
00001199
fffffb89
00002294
0000214a
00001f57
000018b9
00002388
00002aee
00002aac
000024f6
00002c0d
00001fca
000021eb
000023ed
00001c1f
00002388
00001e0c
000009bc
000020ce
00002640
00003f3a
00004642
000057cb
000059c9
000054d1
0000532d
0000576a
00003ee2
00003a1b
00003a20
0000309f
00002ace
00003a63
000037ef
000049d7
00003ac2
ffff7a4f
ffff5a8e
ffff5b44
ffff79df
ffff86d7
ffff8887
ffff6bab
ffff65e5
ffff672c
ffff6700
ffff6842
ffff62a0
ffff5d2f
ffff4759
ffff35d2
ffff7b0b
ffff600e
ffff4107
ffff52e2
ffff89cd
ffff9004
ffff8a7c
ffff6c97
ffff7b9a
ffff61f2
ffff6c29
ffff68d4
ffff675c
ffff5db1
ffff513e
ffff3f1a
ffff7b33
ffff7634
ffff5f21
ffff8cfe
ffff9d12
ffffd027
ffffd758
ffffba05
ffffaa69
ffff80bb
ffff6dfd
ffff8586
ffff86a5
ffff7d5b
ffff856d
ffff93ed
ffffa1e9
ffff8a37
ffff98ba
ffffcd17
ffffc83a
fffff8ed
00003018
ffffd8f2
ffffae8a
ffff956d
ffff87b4
ffff901a
ffff9bb6
ffffa4fd
ffff999d
ffffa883
ffffd927
ffff88c0
ffff9957
ffffc2a1
ffffbd8a
ffffd5af
00002234
ffffe3e5
ffffdb40
ffffa23c
ffff8bfc
ffff8c2c
ffff96e1
ffffb64a
ffffb076
ffffadf7
ffffe233
ffff6f2e
ffff8e90
ffffc3b2
fffff68f
ffffc58e
ffffd946
ffffd6dc
ffffc8db
ffffc2b9
ffffc50f
ffffcc8f
ffffb1f5
ffffa356
ffff9622
ffffa2d5
ffffc3cd
ffff6534
ffff8439
ffffdd58
ffffdde0
ffffdeba
fffff274
00000636
ffffcea6
ffffcef4
ffffeddb
ffffe2d4
ffffcf59
ffffaaa0
ffff9eb2
ffff928b
ffff9f9a
ffff558a
ffff5d16
ffffe015
fffffde6
ffffeb50
ffffd2cc
ffffd26d
000000a5
00000a86
00001a25
ffffe755
ffffe342
ffffcc2b
ffff99c7
ffff83ef
ffff7aa1
ffff636c
ffff5605
ffffd851
000009da
ffffef67
ffffd365
fffffb61
00005431
00007914
0000419c
000026b3
00002786
000014df
ffffbb37
ffff7966
ffff8be3
ffff7819
ffff7073
ffffdc4f
fffffd6e
ffffff1a
ffffe835
fffff796
00003924
00004672
00002010
0000442c
00004fa3
000050b5
fffffaa3
ffff9c28
ffff9624
ffff7bab
ffff7a19
ffffe6e0
fffff723
0000119a
00000695
ffffbd28
ffffd394
fffffa5d
fffff20f
0000057d
0000234d
00002d65
0000072f
ffffaba0
ffffa528
ffff7680
ffff630e
ffffae88
ffffbe39
ffffe067
ffffeeff
ffffe07c
ffff88d1
ffffabdc
ffffb35d
ffffe4e3
fffff56a
ffffe20c
ffffc599
ffff9912
ffffb55d
ffff730b
ffff4980
ffff6b39
ffff7379
ffffb903
fffff7fd
fffff4d5
ffffa806
ffffab0b
ffffb893
ffffbcb5
ffffca53
ffffc751
ffffb9ee
ffffa211
ffffc741
ffff7f67
ffff51c2
ffff6b88
ffff7aae
ffff8c09
ffffccab
fffff4c0
ffffd2aa
ffffa4b5
ffff981c
ffff9f82
ffff9dc6
ffffa744
ffffb21f
ffffc141
fffff019
ffff7a95
ffff4fcd
ffff642b
ffff818a
ffff9a92
ffffa16c
ffffcb14
ffffc879
ffffae42
ffff9ca5
ffff9e3d
ffff788c
ffffaedd
ffffcf02
ffffd704
ffffdf77
ffff8efc
ffff6d56
ffff6c3f
ffff8253
ffff9332
ffff9b75
ffffad73
ffff9a96
ffff8c87
ffff9176
ffffa916
ffff997b
ffffae87
ffff9160
ffffc0f1
ffffe328
ffffef9f
ffffe250
fffff6c6
ffffdca2
ffffe9b1
ffffe773
fffff574
fffff5d1
00000305
fffff05a
ffffe05a
ffffd7b5
ffffe4c1
ffffec1a
ffffeb89
fffffa20
00003ce1
00004f3e
00004928
0000456b
00004464
fffffec2
00002b1b
000034e2
000032ff
00002838
00001453
00001d77
00003622
0000434e
00004c53
00002546
000034e8
00006a4d
00005ec9
000040d6
000002d9
ffffd1da
00000f9f
00000e3e
00001ae5
00000e84
00001356
000014b9
00002d8d
00003838
00004688
00002e8d
00002a5d
00004ca6
000052e7
000030ad
0000046a
fffff3b5
000001f9
ffffecce
00000bf7
fffff849
00001aef
fffffc02
00000903
00000c2d
fffff2fb
fffffc38
00001cd9
00001669
0000405c
00002a23
00005b56
00007e18
00002307
fffff5d5
000015c2
fffff2ae
fffff21c
ffffdc3e
ffffc179
ffffd3e7
ffffdbcc
ffffeee2
ffffdbf9
ffffe5b8
00002958
00003af0
0000608f
0000ac54
0000691f
00001580
00002f63
000011b4
000009e7
ffffed77
ffffe1e7
ffffc405
ffffd97d
ffffd207
ffffbf6b
ffffd8e5
000009f6
fffff8d6
fffffcc4
000029af
00003923
00005a46
00003358
00005058
000048f7
00002f3f
00001c0b
0000037f
fffff84c
ffffe571
ffffbcc8
ffffe006
0000092b
00000223
ffffbdcc
ffffc52b
000005fb
000034b3
000020f1
000021e7
0000238a
00002978
00001c79
000016a3
0000107b
fffffa24
ffffd106
fffff4c6
00001bdc
00001702
ffffc746
ffffabba
ffffc63a
ffffd99f
ffffef8d
fffff7ea
0000058d
fffff944
ffffe5cb
fffff891
000006b5
fffffba9
ffffe2f7
000011aa
000035c1
00000b72
00001733
ffffbf03
ffffe760
00001c15
00002127
fffffb33
00002571
00001746
ffffeedb
ffffed1b
000007ed
fffffe08
fffffdcf
00001b04
000043a4
00000dd2
00002e84
00004800
00005a91
00008136
00007120
0000476f
000036d0
000019dc
00000858
00000ab7
0000034b
00000ee5
000011c0
00000857
00002b0d
000019f0
ffffdcb6
000004c5
ffffef1b
00001de0
000055c9
00006cf7
000054bb
00001675
fffffa8d
00001d41
00001a51
000015dc
000008be
fffff2de
00000e6c
000017a3
fffffc05
ffffe6c4
ffffdbc1
ffffe0b9
00000db3
000037f2
00000568
fffffd03
fffff926
00001f2d
0000294b
00002c58
ffffe49f
ffffddd7
ffffef68
00001010
00000910
00000f40
00003164
00001de7
00001b93
00001780
fffff3f2
00000c65
ffffe246
00000b27
00003563
00003325
ffffe826
ffffec82
00000202
000020b1
00001b29
00001bfd
0000284a
000026ef
00001c1d
00001f57
00001892
00002dd9
000046c9
00005645
0000529c
00002aa7
000004f8
fffff9d8
00000353
000011b3
00000f80
00001df5
000008e9
000001d4
00000018
ffffff7c
000003ec
00001191
000022cb
000025a5
0000212e
00000b3b
000013fc
00002655
00001f80
0000265a
00003642
00003d17
0000317d
000025f0
00001381
00001adc
00001ef8
00001a6e
00000e3d
000013cd
00001b35
00001884
00003bb1
0000456e
00004234
00003a0a
00003641
0000364f
00003aa8
00002e3e
000029fa
000029f5
00002d7f
00003458
0000221a
00001987
00001b0c
00001833
00004877
0000576b
000060ec
00003b3e
0000228f
fffffa36
0000067b
00001e8b
000027d9
00002bfe
00002702
00002624
000025f3
000015f8
00001062
000007b9
0000413f
00005189
000077fd
0000691c
00003b2d
ffffd8b6
ffffe098
00002a84
00005064
00003944
00002f4e
00002e28
00001c2f
00001a74
0000109e
0000177a
00002d91
00001feb
00003b03
00004d00
00004b12
ffffe76b
ffffe9ef
000005f4
00001db7
00001d49
00001cbc
000015b7
000002a0
00000337
000004e1
00000907
000021c1
000008d8
000018b2
000031a1
00004c73
000043f6
000028bc
00002508
fffff8b0
ffffd310
ffffd002
ffffe648
ffffeee1
000001e9
fffff97c
00000f67
00002984
00000113
ffffed41
fffffe5b
0000255a
00006ac1
00005949
00001e09
ffffdd12
ffffc628
ffffbe9f
ffffbbcc
ffffd3f7
ffffec21
fffff46a
00001f47
00002b1f
0000137b
000000ae
00000db6
00002f8b
0000613c
0000431a
0000082f
ffffca87
ffffb763
ffffa803
ffffb602
ffffddbf
fffffb56
00001a97
000023c3
00001da9
0000194c
000024a0
0000343a
00006b07
00007d7f
000042e7
00001141
ffffeec3
ffffd3f6
ffffcad2
ffffae79
ffffb75e
ffffed7c
00002326
000021e0
00000f19
00000a51
00003af5
00005113
00009e05
000084ec
00003ca3
00001b21
00002c19
00002781
00000db6
ffffdac7
ffffcdee
ffffe7a6
00001990
000016d5
00000d95
00000bab
00003688
0000470e
00007276
000075c5
00005b2e
00006339
0000769e
000083a2
000062cb
00002fe3
000009bf
000016fe
00001f93
00001431
00000851
000000ff
00001562
00002a77
0000432b
000032c9
00003a5d
000047a8
00005351
00007cfd
00006e6c
00006168
00004b74
000036b0
000033dd
00001ad0
00000eff
0000060c
00001af7
0000270b
00001b68
000012fe
00002801
000025d5
000033e4
00005a76
00005a1a
00007d8c
00005f01
00004043
00001ceb
00000fe2
00001119
000002e8
00000d70
00001648
000010e9
000019c6
00003ddf
00002af0
000020fe
00001d89
0000245e
0000480e
000044bc
00003ba6
00001cf9
00001390
0000028d
00000240
0000171f
00000a85
00000ad8
00000ebb
00000fb6
000001d9
00000a23
000015b3
0000126e
0000286c
00002652
00001b4f
fffff8ed
fffff242
00000bca
000016df
00002660
000020c6
00001874
00001397
00000cc3
fffffc64
00000593
000014d9
000011ad
000019fa
000021bf
00001968
fffff93c
000006b8
ffff7b5e
ffff5bfa
ffff6a79
ffff8e4c
ffff8abe
ffff85cb
ffff720b
ffff6ea1
ffff694c
ffff6ad8
ffff6ca2
ffff57e6
ffff4202
ffff47ca
ffff59b8
ffff74e8
ffff7b8d
ffff73ba
ffff5b5a
ffff713a
ffff772d
ffff54d6
ffff54d3
ffff4939
ffff3989
ffff600f
ffff5d23
ffff5213
ffff2669
ffff2945
ffff3c25
ffff66ee
ffffb649
ffffa7e6
ffff7743
ffffae89
ffffb027
ffffa8d4
ffff68f9
ffff7a58
ffff6a4c
ffff753b
ffff794b
ffff76ca
ffff5dc3
ffff64b2
ffff6058
ffff61b4
ffffd38a
ffffe336
ffffecb0
fffffcd3
ffffd98c
ffffb5a4
ffffb10e
ffffabd8
ffffa86c
ffffb558
ffffad87
ffffaf9b
ffff97ae
ffff8d38
ffff788e
ffff657b
ffffb283
ffffcf97
00002468
00004e6e
0000045c
ffffe5d9
ffffa80a
ffffa0d4
ffffafb8
ffff96fd
ffff9d17
ffffaa63
ffff9809
ffff9f41
ffff81c6
ffff706e
ffffad4d
ffffc624
fffff857
ffffd603
ffffb5c3
fffff103
fffff0cc
ffffe54a
ffffcc4d
ffffca96
ffffb873
ffffafd1
ffff9891
ffff9989
ffff79ee
ffff7566
ffffaf27
ffffa643
ffff9a15
ffff4cdf
ffff5ef4
ffff97ac
ffffac4e
ffffc81c
ffffd257
ffffe88a
ffffac74
ffffb311
ffff8bbc
ffff9393
ffff7fa5
ffff6d12
ffff8366
ffff7a63
ffff642d
ffff08df
ffff30aa
ffff7e7b
ffffa85d
ffffbd53
ffff9b39
ffffa4f6
ffff9550
ffff9467
ffff7a49
ffffa041
ffff98f4
ffff77fb
ffff891d
ffff83d4
ffff84dd
ffff448a
ffff6597
ffffb15b
ffffca15
ffffe163
ffffa906
ffff816d
ffff7c3a
ffff5808
ffff42d1
ffff81a8
ffffa1a4
ffff7ea8
ffff8297
ffff7719
ffff8271
ffff783c
ffff8097
ffffa940
ffffde91
ffffe5bb
000007bd
fffff02e
ffffad21
ffffa095
ffffa8d1
ffffc684
ffffb0c2
ffff94ca
ffff771e
ffff5c78
ffff735c
ffff6aae
ffff8684
ffffa836
00000a2c
00001b12
000005f3
000002d1
ffffe8b2
ffffe9f9
ffffdec0
ffffe1e5
ffffc307
ffff9a5c
ffff6bc1
ffff5256
ffff4ffc
ffff6af3
ffff669b
ffff59fb
ffffd611
ffffeb04
ffffdc21
ffffbd3e
fffff075
0000211b
00000861
ffffd2d8
ffffa206
ffff937a
ffff6eb6
ffff6b64
ffff53fe
ffff5223
ffff4a39
ffff42fa
ffff73e5
ffff8981
ffff753a
ffff7e7c
ffffa42a
ffffdfc6
ffffd0d2
ffffa9fc
ffff8511
ffff8cc9
ffff7d7e
ffff7ce9
ffff8999
ffff6b1f
ffff6c29
ffff6cd4
ffffa841
ffffaa5f
ffff8bc5
ffff5a78
ffff767b
ffffbf9f
ffffc64a
ffffaad4
ffff790b
ffff8461
ffffa565
ffffc29b
ffffcf0d
ffffce0a
ffffb1dc
ffff9066
ffff9245
ffffa221
ffffac56
ffff90c7
ffffa1a0
ffffd918
ffffecb0
ffffc560
ffff8cda
ffff869f
ffff987f
ffff8e58
ffff8d5f
ffff9316
ffff80e3
ffff8bff
ffff834f
ffff75e0
ffff66b7
ffff6bde
ffff7e07
ffff968b
ffffa73e
ffff934c
ffff8ccf
ffff87e7
ffffac04
ffff9128
ffff8609
ffffa50f
ffffb738
ffffbb2f
ffffaeef
ffff9e77
ffffa019
ffff9d47
ffff9543
ffff8d80
ffff7b77
ffff78e2
ffff7bd8
ffff9750
ffffb501
ffff8ef7
ffff8a94
ffffae0c
ffffb5d8
ffff9bee
ffff9713
ffff8cac
ffff7e56
ffff7e81
ffff7b23
ffff729a
ffff610d
ffff69c7
ffff6376
ffff851d
ffffb410
ffffa375
ffffaa6a
ffffcb13
ffffce7f
ffffbd12
ffff9887
ffff81a3
ffff7774
ffff7416
ffff7954
ffff7ffa
ffff752d
ffff8100
ffff7811
ffff8d70
ffffc797
ffffbf3b
ffffa677
ffffce39
ffffd27b
ffffcb84
ffffb005
ffffc04c
ffffa26c
ffffad32
ffffc6fb
ffffc0ae
ffffb4df
ffffa9f1
ffff8a99
ffffa95e
ffffd00c
fffff3a6
ffffde9b
ffffc242
ffffba5c
ffffd725
ffffdd6e
fffff545
ffffe5cf
ffffed99
fffff041
ffffe0a1
ffffd6dd
ffffdc91
ffffc695
ffffc24f
ffffd174
ffffeaa4
ffffd4f5
ffff9108
ffff86b4
ffffbdc0
ffffd8ff
000013ab
00001612
000004f8
000000ce
ffffdc41
ffffc955
ffffd80f
ffffcfe2
ffffbf68
ffffae12
ffffb08d
ffffb114
ffff7863
ffff8593
ffff8e03
ffff8480
ffffb6ed
ffffe074
000006ed
ffffdc07
ffffbf39
ffffa07e
ffffaf50
ffffba03
ffffaf41
ffff9c55
ffff9bfc
ffff9db3
ffff7c1a
ffff670c
ffff60c4
ffff60fe
ffff88f3
ffffb5b5
ffffc04c
ffffbde8
ffffc328
ffff998e
ffffaac5
ffffa424
ffff9e63
ffffa484
ffffa75b
ffffaa2d
ffffa1a0
ffff79f7
ffff863d
ffff764f
ffff8c62
ffff9f2a
ffffcd54
ffffd960
ffffe094
ffffc5f8
ffffb633
ffffb387
ffffb351
ffffb4b6
ffffac08
ffffbb4b
ffffbb05
ffff8669
ffff8f0c
ffff8d06
ffff7bde
ffff9f82
ffffab89
ffffc41d
ffffee74
ffffdd44
ffffd535
ffffc9de
ffffbb55
ffffb645
ffffb107
ffffac1e
ffffbcf7
ffffb498
ffffa183
ffffc01f
ffff975e
ffff882b
ffff9cea
ffffa0e4
ffffc324
ffffc9c0
ffffb19d
ffffa7e3
ffffaf18
ffffb0e9
ffffa792
ffffaacd
ffffb3ad
ffffc724
ffffba12
ffffba34
ffff9fd4
ffff9612
ffffa72e
ffffb921
ffffc535
ffffcc07
ffff9661
ffff8c48
ffffaf96
ffffbb98
ffffba42
ffffa877
ffffc5b1
ffffd305
ffffcd2e
ffffca5d
ffffb46f
ffffb397
ffffc20a
ffffccca
ffffc999
ffffa34b
ffff7adc
ffff6444
ffffb36f
ffffc699
ffffad93
ffffa082
ffffa596
ffffc253
ffffc2b4
ffffc2b4
ffffc8bf
ffffc2cf
ffffc839
ffffd148
ffffeea4
ffffdab8
ffffa4d7
ffff9835
ffffc6e6
ffffd006
ffffd588
ffffb9a8
ffffcbe8
ffffdd76
ffffda4f
ffffbb19
ffffa83b
ffffa324
ffffb82b
ffffd0f4
00000a0c
fffffc7f
ffffd30b
ffffc20f
ffffc019
ffffe7d9
ffffe147
ffffc932
ffffeb63
ffffe63a
ffffde16
ffffdac0
ffffce66
ffffc6ff
ffffcda7
ffffd821
fffff4fc
fffff9dd
ffffd29d
ffffc207
ffffc8d3
ffff9e8f
ffffa5b1
ffff888f
ffff78d3
ffff8d99
ffff94e3
ffff979b
ffff9520
ffffa61f
ffffaf1e
ffff9c85
ffffafab
ffffa58b
ffff979c
ffff939d
ffffa9c8
ffffadd0
ffffc11f
ffff9514
ffff6a6b
ffff82eb
ffff8efe
ffff9112
ffffb315
ffffca5c
ffffe110
ffffd101
ffffe0b6
ffffd931
ffffcc73
ffffb7d0
ffff9abd
ffff7cf7
ffff947f
ffff77ed
ffff6f1d
ffff696e
ffff4e39
ffff3ec6
ffff615e
ffff88d2
ffffa05c
ffff93a9
ffffa98d
ffff9955
ffff93db
ffff9055
ffff67a1
ffff9579
ffffa6b5
ffffa9af
ffffcbc0
ffff6eaa
ffff66b8
ffff5925
ffff615a
ffff8cd4
ffffad3e
ffffba00
ffffb15f
ffffa21d
ffffa5c2
ffff99cc
ffff7e5b
ffff92f9
ffff9477
ffff8c32
ffff9aa9
ffff6799
ffff6f00
ffff3a3b
ffff50a1
ffff849c
ffffb415
ffffc57c
ffffd4c2
ffffcce4
ffffb4ae
ffff9c4c
ffff8a54
ffff7afa
ffff824d
ffff7a6c
ffff717d
ffff7f45
ffff6187
ffff19b7
ffff23c0
ffff678a
ffffae22
ffffc031
ffffc5f2
ffffd4f6
ffffacac
ffff85f7
ffff8afb
ffff6c45
ffff65e8
ffff4900
ffff6424
ffff7819
ffff4814
ffff2a51
ffff28a0
ffff44c2
ffff6f56
ffff5cfa
ffff693a
ffff7e51
ffff877b
ffff6436
ffff7026
ffff8433
ffff5789
ffff3125
ffff4e5d
ffff43bb
ffff2e34
ffff1a23
ffff31f7
ffff6e2e
ffff910b
ffff874c
ffff6261
ffff7259
ffff8b1b
ffff71cb
ffff71c7
ffff8e91
ffff6fac
ffff40cc
ffff617f
ffff462f
ffff4628
ffff1ad7
ffff3e3c
ffff8da8
ffffa1f4
ffffac82
ffff9c4c
ffff9335
ffff9bf4
ffff8f54
ffff82a2
ffffa17d
ffff9381
ffff6155
ffff82d3
ffff5983
ffff4888
ffff3446
ffff4e28
ffff78d1
ffff9b8d
ffffbc57
ffffb107
ffffbcbe
ffffc983
ffffa8de
ffff90bf
ffffa8c0
ffffa301
ffff7ffa
ffff759d
ffff7358
ffff71a4
ffff53a9
ffff7d1e
ffff9052
ffff8db4
ffff97f0
ffff9b0f
ffffa928
ffffa95d
ffffa717
ffff930a
ffffa195
ffff9f8f
ffffa209
ffff7f60
ffff8783
ffff9058
ffff963a
ffffbe42
ffffb955
ffffaea8
ffffa551
ffff9278
ffffacbb
ffff9d7f
ffff9357
ffff8f40
ffff9c10
ffff938a
ffff9059
ffff91f8
ffff91ff
ffff8951
ffff9f1d
ffffb102
ffffbea8
ffffa522
ffffb099
ffff9d53
ffffa961
ffffa489
ffff9dab
ffff9745
ffff901f
ffff86ac
ffff887b
ffff967b
ffff9eb1
ffffb063
ffffc6f6
ffffbc96
ffffacfc
ffffb258
ffff8e91
ffff9c07
ffff9a92
ffff9164
ffff9db4
ffff8f00
ffff9943
ffff7a4c
ffff782a
ffff92e4
ffff9365
ffff9930
ffffade1
ffff8b3a
ffff8498
ffff80b8
ffff6ccf
ffff849d
ffff9465
ffff9fc4
ffff9d01
ffff94d3
ffffc475
ffff9ea9
ffff90bb
ffffbcea
ffffbce7
ffffd053
ffffb94c
ffffaf5a
ffff943d
ffff9954
ffffa758
ffffbc29
ffffde4b
ffffc6ac
ffffbcef
ffffd0f4
0000004e
fffff7e4
ffffffc8
fffff6f5
000002db
000009f5
0000030a
fffff7b0
fffff395
fffffac1
ffffff85
fffff7d1
ffffee48
ffffed53
fffff52e
00000458
fffffc05
00001560
00000cfd
ffffe3dc
ffffd0f3
ffffe245
ffffde81
ffffeb95
fffffb3d
fffffb27
fffff904
000004fd
fffff635
ffffde2c
ffffd06f
ffffed50
fffff2d6
00000dcc
00000e20
ffffc461
ffffad14
ffff9f49
ffffb643
ffffcc85
ffffd8ef
ffffd3ba
ffffcb2d
ffffcd6d
ffffcb5f
ffffb6a6
ffffb88b
ffffcbc1
ffffea43
00001e04
0000486f
00002bb2
00001fc3
00001ad7
fffff70d
000001f1
000008dd
0000001d
ffffe4ba
ffffdb30
ffffd2d8
ffffcd6d
ffffd835
fffffb87
ffffedd2
fffffa90
00002715
00003c86
00005d87
00005591
00003dcd
000022ff
000001df
00000100
0000112d
0000002f
ffffe8c7
00000444
fffff433
00000736
fffff761
ffffe4b8
fffffc9a
000036af
000053f8
00005c9c
00004db4
000027fb
ffffd499
ffffafb5
ffffd4a2
00000a20
0000190e
00004b56
00003244
00002d6a
000009b2
ffffec67
fffff1cb
00000e82
00003779
00004bfe
0000389d
ffffcf2a
ffff7af8
ffff5e77
ffff86d4
ffffb296
ffffdc1e
0000195f
00001e78
0000270b
00000fcc
fffff088
000008b1
0000343f
00004f23
00001a8e
ffffe6a7
ffff9c24
ffff2a4f
ffff22d2
ffff43e6
ffff5dee
ffff60c7
ffffbb01
fffff58f
00001124
000009fb
fffff321
0000195c
00004683
000099d0
0000752d
000022b3
ffffc6e7
ffffbd1d
ffffab0b
ffffb143
ffff95e7
ffff7fc0
ffffa98a
ffffe843
0000067d
fffff4f5
ffffd3b9
00001752
00006760
0000bff8
0000ba6d
0000580b
000021c9
fffffb88
0000037f
0000056a
ffffe097
ffffd007
ffffd777
ffffe798
00000681
fffff0ad
ffffc898
000007cc
00005561
00009862
00009f9c
00005d2c
00003296
000021a4
00001f28
0000111a
ffffefb2
ffffe8cb
ffffdfc1
ffffe57e
00000047
ffffe8f8
ffffce9a
ffffd281
ffffff01
00002ad3
00002845
000030a4
00002014
00002e4a
00002a87
ffffffa8
ffffe10d
ffffdd8e
ffffe552
fffff1eb
00000c73
ffffdd24
ffffd937
ffffd938
ffffe06a
fffff05e
ffffcf19
ffffe556
000010e8
000029eb
00002240
00000c50
fffff720
ffffed86
ffffdcdc
ffffc990
fffff7e4
ffffe49f
ffffe29e
0000098f
fffff9f1
ffffea7b
ffffcb2b
ffffc67f
fffff327
fffff65c
fffffeff
fffffabb
fffff22a
ffffdf56
ffffd52f
ffffd1d3
fffff6af
fffffaf8
fffffc69
00002af4
00002145
0000179a
fffff318
000001b5
00000254
00001408
000027ac
00001c6e
00000e07
fffffd3f
fffff8e1
ffffe790
0000026c
0000216d
00002ad0
000053b5
00005cb7
000054e6
00005799
00005292
00003299
00002cd6
00004071
00003a01
00003e4a
00004d34
00004709
0000473b
00002bed
0000157d
00002194
00002162
fffffc85
00001277
00002503
000022e9
00001818
00001d8c
000011f5
000017d8
00001ee8
00001ea0
00001cbf
00000a00
000014bc
00004109
00003431
00002c3d
fffff776
00001ea9
00002379
00001af2
00002b36
00002405
00000b90
00000b72
00001bf9
00001dc7
00001930
ffffff7d
00001a98
00005e3f
00004cf3
00002690
000009d9
0000329a
000046a8
000041b2
000033ab
0000178b
00000040
ffffefce
000000f3
00002024
00002cb0
00002f8b
0000215e
000054db
0000694e
00006986
000082d1
00009616
00008e9e
00006356
00002f0c
0000116e
fffffe5d
fffff662
ffffe968
0000170a
00001ab4
00004a3c
0000319a
00004969
00005f80
000078d7
0000b5be
0000db15
0000d8fe
00005e39
00007c1c
0000744f
00003524
0000107d
ffffeb56
ffffface
00001278
0000462d
00002de0
000035fa
00004bba
0000650c
00003cd4
000065ce
0000a412
00007128
000088b7
00008fe3
00008467
00005dcc
00001cf0
00000e6f
000004d8
0000248c
000019e5
00002c90
000023dd
00001151
00000e1b
00001795
00005470
00004534
0000572d
000082c8
00009f99
0000880a
0000536f
00001f8b
00001ecb
00002ebb
00001329
00000cd7
00000902
000000be
00000d49
000013e3
000017eb
0000375d
000057e8
00005422
00007e3b
00008413
000041d1
00000e51
fffffbde
fffff918
000014c5
000025d5
00002f80
000022c9
000029d2
0000146f
0000368a
00005b72
000060ab
0000548f
000052da
00005129
000050d8
000023ad
fffff922
000009fc
000013a4
00002d31
00004a56
0000450d
000040cb
00002a6b
00002bfa
00007790
0000b395
00009147
00005785
00002a70
00003cd7
000033e1
000007dc
000019f6
000019b3
00002aa8
000053f3
00006bfc
000051eb
00006ada
0000573f
00005d48
00006ad2
00008108
00005f45
00002f80
0000385a
000039be
00000543
000006a3
000006ad
00002418
00003b5b
000068d7
00006b4c
00007d0c
00006396
000046fc
0000198f
000013fb
00004499
00003e9b
00004d6f
0000385f
00001cbb
000014ba
0000057e
00001ce3
00001a64
0000394c
00004b57
00005a00
000080cf
00004483
00002bd7
00000f01
00002cf0
000025f4
00005c01
00005d56
00003c64
00004c78
000029c9
0000262a
000004ce
00001538
0000326f
00006c73
000076a7
00007e21
00005729
0000264d
00004029
00001d4a
00004b59
000047cd
00004b03
00007415
000050d9
000031e6
00003b22
0000323e
000056fa
000074f4
000077a3
00009105
00007f97
00006820
00005f42
000064ae
0000729c
00006d2a
00007318
000098a0
000071b7
00004444
00004ada
0000267c
00003b46
00003f34
000058e3
0000633c
00004d07
00003ead
00002ca7
00002c87
00003515
000037be
0000380e
0000429c
00003085
ffffc2d7
ffffb689
ffffca2a
ffffd000
ffffbdca
ffffaf71
ffffb150
ffffb9bb
ffffb36f
ffffbad1
ffffc488
ffffbbfd
ffffab4a
ffffa893
ffffbe60
ffffc385
ffffbdc1
ffffa0e0
ffffc832
00000f56
000000c3
fffffc6f
ffffc740
ffffa065
ffff938c
ffff907a
ffff9e16
ffffabb6
ffffa3be
ffff92cc
ffffb119
ffffc513
ffffb2aa
ffffae5f
ffffaf76
ffffd772
00002962
00004ace
00001e37
ffffcce4
ffffaac9
ffffab10
ffffb3fc
ffffbc0b
ffffb3f6
ffffb766
ffffcca0
ffffd15c
ffffce20
ffffe585
ffffe2b0
00002341
00003a62
000039f7
00000f3c
ffffdd95
ffffb692
ffffb072
ffffd72c
ffffd881
ffffe0c9
ffffd599
ffffdfbd
ffffe63f
ffffd113
ffffed9f
fffff4de
fffffeb7
000011d6
00000087
fffff172
ffffad6b
ffff9d79
ffffa087
ffffc121
ffffd868
ffffe4dd
fffff050
ffffe789
ffffd897
fffff520
000032d7
0000359c
000039c5
00000c63
fffff557
ffffe49c
ffffd75e
fffff5c9
00003003
00004dc2
0000541b
000036a4
00003911
00001f97
ffffef53
ffffe3e1
00002368
00005cc3
00005667
00003e9d
0000000f
00001bd6
000041de
000038ef
00005b08
0000778d
00009dc3
00006622
000046ee
00003303
ffffe827
ffffd67c
ffffe24f
00001c8d
0000363b
00004b64
000024e7
00002893
000054f2
00004d4c
00006199
000063e5
000067f9
00002664
ffffef42
ffffe3c6
ffffcc89
ffffc6b4
ffffc286
ffffd418
000000e8
00002d4b
ffffd825
fffff8c8
fffffb72
00003dd7
000036e2
00004d09
000036ae
fffff02d
ffffae75
ffffb4db
ffffbbc1
ffffc54a
ffffb634
ffffc7d0
ffffefe5
0000136b
ffffde67
ffffeaaa
000014d1
00001553
000002f3
00001bac
00001fb1
00001760
ffffd9e8
ffffbce0
ffffb522
ffffc544
ffffb2e2
ffffc496
000003d3
0000082e
00001dce
fffffc40
ffffe936
fffff853
ffffdaff
fffff2c1
fffffafc
0000068e
ffffe96a
ffffcb33
ffffbf7b
ffffc66d
ffffb002
ffffb7ec
ffffd5c3
fffff0a3
ffffd320
ffffd9de
ffffbce7
ffffbefd
ffffae8c
ffffd495
fffff169
ffffd93d
ffffd7c8
ffffcd66
ffffc142
ffffd9cc
ffffd891
ffffb136
ffffbab7
ffffdb78
ffffdeab
ffffed05
ffffe22c
ffffd645
ffffbea2
ffffd2fe
ffffc934
ffffd5a5
ffffcb34
ffffc36d
ffffbd19
ffffe583
ffffc783
ffff82e2
ffff7c34
ffffa6fc
ffffe341
00001dc0
00001d6e
ffffec7c
ffffe6ab
ffffddc2
ffffd631
ffffe68a
ffffeb96
ffffe6db
ffffcf13
ffffd441
ffffb239
ffff9e3d
ffff8781
ffff9e94
ffffe787
00002c60
00002ea5
00000220
ffffe6f3
fffffae2
00000d60
00000d37
fffff3aa
ffffd151
ffffb9e3
ffffd7f0
ffffb64f
ffffa1c2
ffff8f18
ffffa039
ffffae02
ffffbeb2
ffffbe44
ffffb69a
ffffc323
ffffdf84
ffffe166
ffffe25f
ffffc9a5
ffffbe68
ffffcc79
00001284
00001991
0000320f
00002583
000029c3
000026e4
00001500
000011c2
00000a99
00001786
000014a4
00001758
0000241d
00003035
00002a0b
00001d81
000002c6
00000675
0000344a
00006e25
0000a0fe
000093e0
00005e6e
00001f49
fffffc54
00000220
00000590
fffffdf4
000003d4
0000193a
00001d10
000024c0
000021cd
00002b90
000068ba
0000c39e
0000f680
0000e17f
0000f00e
00008939
0000491e
0000559f
0000625a
000059bf
00004b09
000057a8
000053c5
0000489b
00002d0f
000052ec
00007581
0000df07
0000c761
0000dc35
00011be1
0000c8c1
0000410a
000046a7
0000436c
00003ed5
00003601
00004594
00005194
00003981
00002e6b
00004fb3
0000776d
00009b2a
00003f20
0000ac6f
0000f8a8
0000d807
00005b97
0000431f
000039d8
00004aeb
00004986
0000492c
00003f61
0000288c
000027d6
000022d8
00004e7c
000074ec
00003503
000057f0
000069c7
0000c599
00009485
0000758d
000076a7
00008176
00006892
000048c6
000021dd
00002802
000019cf
00002024
00002049
00006a8f
00009104
00002de8
0000111f
000056e8
000082d9
00007ee1
0000904c
0000a2ab
00005df6
00002064
fffffc6b
0000032e
fffffc38
fffffb4c
fffff48e
00004557
0000721f
00004a9b
00003af1
00004547
0000556c
00006e83
00006689
00006219
000036f2
fffffe9c
fffff40b
fffff856
ffffefa8
ffffd062
ffffad10
fffff833
0000383e
00001e3a
00002fe5
0000226f
00003a52
0000394a
00003297
00001801
00001370
00000f2b
fffff613
fffffa75
fffff96e
ffffde5a
ffffbe4a
ffffe30e
00001c85
00004f12
00005209
000046d3
00001df4
00001bc1
00002636
000016dc
000017da
00001a22
00000a8b
00000793
00000ed0
ffffe575
ffffdb6f
ffffdd2a
00000d01
00003e33
00004dac
0000406e
00000894
fffff2e4
000038a7
00003493
00003876
0000155f
00002132
00001cfc
000030af
0000096c
fffff739
ffffd63b
ffffe83d
000000e8
00003b4b
00003aba
ffffe719
ffffdacf
0000268c
000035c1
00005431
0000176c
000016d6
00000758
00003c7a
000019d3
00000a19
ffffe704
ffffe7eb
0000318f
0000587b
00004988
00000082
fffff79c
00001f73
00001634
00003cb5
00001447
000006a3
fffff2d2
00003e18
000016c7
000012f8
fffffbb2
fffff6b2
00003865
00004b18
00005b0c
0000352a
00002cd6
00002b59
000028cc
000018ac
000003a9
ffffff96
fffff923
0000441b
00001ff6
00000a97
fffff053
ffffefda
00001134
00002968
0000489b
000046ba
00003419
00002d99
000036df
00003ad5
0000129d
fffff51e
00000a65
00004608
0000438b
000020fd
00001d0c
0000187c
000013a2
00002712
000031e7
0000304b
0000433f
00003dd4
00003143
00001514
00001329
fffffc0d
00001c28
fffff8b0
fffff32d
fffff7fb
0000047f
000001a3
0000089a
fffff279
ffffea57
fffff226
ffffeb6c
ffffe2ac
ffffe1ae
ffffe97a
ffffe350
ffffdc5c
fffff818
000004df
ffffe849
fffff92d
fffffad8
fffff04b
00001711
00000191
ffffe2f2
fffff1e0
fffff326
ffffdca8
ffffd9b6
ffffd2bd
ffffd7af
ffffe7cd
ffffffe6
00000d83
000017ee
00004698
00004389
000053de
000061ba
00002876
00000e2a
00001a49
00001b8a
00000c99
fffff7fd
ffffebaf
ffffef34
0000137b
000016e1
00000db1
00001f5b
000056ad
00003f03
00003317
00004de9
00002098
00004456
00001a20
00001aeb
00001815
fffffbe2
ffffece2
ffffecac
00001349
00000931
fffff66b
00000fc2
00004f8e
000047f4
00003333
00006d28
00004f3d
00007681
00004d1f
0000416b
0000084d
fffff8a2
ffffe754
ffffd035
000002ae
fffffe32
ffffeb73
fffff407
00002fb3
00003102
000029ee
00004f70
00004f98
000077cf
000065ec
00005a0b
000027dc
00000e86
fffff8ab
ffffdb5b
fffff579
ffffff66
ffffebd0
ffffcb7b
fffff7d1
00000d78
00000b9e
0000167a
00003357
00005d1f
00005be1
00003e36
00001c21
00000efb
0000095e
ffffea3d
fffff1f5
fffff8fe
ffffe4d0
ffffb91e
ffffdf3f
ffffe3b2
ffffe7d4
000007ae
00002af2
0000289b
fffff205
ffffdecd
ffffd6de
ffffb217
ffffc541
ffffb93c
ffffc653
ffffe2b0
ffffeb6c
ffffca05
ffffce95
ffffe617
ffffee6c
00000ca2
00002a13
000019e3
ffffded5
ffffd51c
ffffce50
ffffbf32
ffffc6b4
ffffa4e7
ffffc026
ffffec4a
ffffecf8
ffffd1aa
ffffcd88
ffffe5ab
ffffde32
000003f1
000013b8
00000f1e
00000c6c
fffff72d
ffffef78
ffffe34f
ffffe1a2
ffffd0a8
ffffdc18
ffffff3a
ffffec95
ffffcde9
ffffd0f0
ffffe1ae
ffffdd37
fffff110
00001c7e
000012a7
00000da1
00001cb2
000005a1
000015c6
000017e2
ffffe7f7
000004a1
00000d79
fffff3ea
ffffdda2
ffffe4de
fffffe1c
0000144c
00002e4b
00005728
000007de
ffffd010
fffff0eb
00001be7
00002c50
00002298
ffffff47
00000554
00000b04
fffff76b
ffffdd6a
ffffe2d1
ffffdedf
fffff882
0000270b
00003f61
000013a8
ffffe862
fffff86b
000027a8
00003896
00002acd
ffffff3a
00000f60
00001f71
000006b9
fffff335
0000031a
ffffe8de
ffffea16
00000145
fffff737
ffffd46f
ffffe700
ffffff74
00002419
00001d48
000013dd
000009e7
0000097a
0000156a
00000b99
00000609
0000296a
0000227f
000019e6
00000a9d
00001265
000010f5
00002273
000005da
00003f26
00006237
00004fc8
00002c60
000017fb
00002aa9
000015a4
0000113c
00001f3b
00001dd7
00001854
0000194e
00002438
00002564
00002203
0000395f
00002fe3
00003abd
00004638
00002a2c
0000337b
0000354d
ffffee3a
ffffecf0
fffffe1d
00000de0
00001073
00000910
00000512
fffffb22
fffff367
fffff76b
fffffa2d
fffff024
ffffea68
ffffee20
fffffdde
fffffe68
fffff76f
fffffbe2
00001240
000026de
00005274
00007908
000048cd
000011a2
000007f9
fffffd5f
000004c2
000001ea
fffff194
fffff2ed
00000da3
00000d09
ffffea1a
000012a7
00001bb4
0000520f
000094ef
0000bdb7
0000aa07
00005291
00002c60
0000311e
00003929
00003a30
00001a0a
000011d0
000025ff
00000caa
fffff5e6
00000021
ffffe810
00004848
00005c98
00009631
0000b109
00006d1e
000026c4
0000373a
00004625
0000508e
00004069
00001f45
00002267
00001af0
fffff20c
ffffffa3
0000039e
00000db2
ffffd6df
fffff5e5
00003124
00005819
00003060
00004b74
00005968
00005b03
00004795
00001487
00001372
0000065d
00000255
fffff116
ffffee9b
ffffe7f3
ffffbc0b
ffffd0d4
ffffdcab
000022e3
00002aff
000068db
000069d1
00005ebe
000035a5
0000035b
ffffe056
ffffeb24
000007d6
ffffeb28
ffffc9e4
ffffe404
ffffdecb
ffffa4a8
ffff9c95
fffffc13
00001647
000037e5
000053f8
00005e50
000022a3
ffffef40
ffffd217
ffffe53e
00000dc3
ffffe4c4
ffffc230
ffffff55
ffffeeb2
ffffc637
ffffc17d
00001e34
0000222d
0000332d
00002cfa
00004326
0000125c
fffffcf5
ffffee72
ffffec76
fffffd03
ffffc223
ffff7536
ffffc895
ffffbb05
ffffce29
ffffd1ba
fffffc0f
0000200b
00002e58
00001a46
00002810
00002315
000010fc
00000d3d
fffff0c5
00000592
ffffd3ed
ffff735a
ffff9932
ffff9e89
ffffc4c6
ffffbe48
ffffdcc7
fffff45a
000017ac
00002fec
00003a67
0000417e
00001572
00000d57
fffffaa4
00000cd1
ffffe26f
ffffa1b6
ffff8d27
ffffa04e
ffffafab
ffffb0a3
ffff8cc5
ffff8a4c
ffffc38c
00000f31
0000387c
000038e7
00000c7f
000013ec
fffff55f
00001492
fffffc52
ffffc757
ffffbb8e
ffffb70a
ffffd529
ffffd465
ffff9ab1
ffff6fc4
ffffbdd8
00002cd6
00004c32
00004817
ffffecd2
0000070d
ffffe35b
000016a0
00000cd8
fffffd6d
fffff879
fffff1fe
0000072f
000032d6
fffffef0
ffffad38
ffffbd2c
000029c7
000059d2
00003f0b
ffffe47c
fffff9a8
ffffd988
00003572
00003211
00000ec4
000021bc
000018f9
000030d2
0000414f
00002ff3
000013c3
00000fc1
00002ef1
00004e3b
000030ea
ffffda0d
fffffb90
fffff5e3
0000321d
000032f4
00001260
00001aed
00001c3b
0000248f
00002a6e
000021ca
00003549
00003800
000053f0
00005009
00005436
00000ff4
fffffab1
fffff93a
00001dd7
00001ab3
000000dc
000000eb
fffff47c
fffff779
ffffe0ae
ffffdc0b
fffff055
0000205c
00002093
00001449
fffff516
ffffde5a
ffffbfa2
ffffe39e
ffffee29
fffffafa
fffffd49
00000cd8
00000b17
000013a6
00000d6d
fffff8bd
fffff002
ffffea22
ffffef9f
fffff310
ffffee96
ffffce0d
ffffd4ee
ffffe4a2
fffff8df
00001c65
00001d9b
00005a2f
00004808
00004762
00001df8
fffff1b2
ffffdf91
ffffda92
ffffeef8
fffff843
fffff677
fffff032
ffffdaed
fffff0c8
00000c4d
00003438
fffff307
fffffe14
00004819
000042cb
000009c8
ffffda32
ffffcad6
ffffc4c8
ffffd090
ffffea04
fffffba9
fffffacf
ffffe04c
ffffeb46
00001f26
00003b82
00003071
00002014
000043c9
00003ab0
fffffb8b
ffffe110
ffffe1ec
fffff814
fffffa1f
000002f7
000023c6
0000302b
00001439
00000840
00002050
00002f7b
0000381b
00002c45
000058cb
000018a7
00000291
ffffc935
ffffb8dd
ffffd9f2
ffffeeca
00000e54
00002005
00001396
00000691
00000211
00001b4e
0000166d
00002777
00005742
00005140
000009e8
00004ab5
000042c1
00001a6c
0000330b
000051e6
00007632
00005598
0000370c
000001d0
0000070a
000010c6
0000265b
00002253
00004553
00000768
00000671
00005b26
000064c7
0000566c
00007188
00009fb4
0000db75
0000a413
00006004
0000055f
00000e27
000000c4
000017d2
00002a55
00002595
fffffd2d
fffffee7
000018ae
000036ca
00001495
00001609
00006474
00009f9c
00008d85
000050ba
000023ce
0000150c
0000026c
00001a9d
00003e0b
00004dc7
0000146f
ffffef98
ffffe64c
00002c7a
000048f8
00003af9
000056df
000068ff
00008c21
00004c7e
0000290e
00000cc9
000011e4
00001a90
000052dd
00004697
000028b7
0000024b
00001b3e
00000f92
00003d44
0000434e
00005e6f
00005ab6
000058a6
00003bde
00001b41
fffffa08
00001224
00000db4
00001cfd
00002ca9
00000d36
000014a6
00002695
fffffec8
00001bc9
00000d9b
00001f62
000016d4
00001d80
00001a5c
00000951
fffff8d1
000004a4
0000036b
fffffd9f
0000166b
ffffda6e
ffffdc8f
ffffea85
ffffe1c3
fffff916
fffff163
0000150e
00000605
fffffab8
fffffb55
fffff870
ffffff9b
000008be
00001a42
00000752
00001e04
0000038d
ffffd6b7
ffffebbe
0000124f
00001e9c
ffffdda5
ffffeb18
fffff3ab
000013f2
fffffb71
fffff866
fffffad2
00000ca2
00001dc7
00000475
000005ce
00000816
ffffe050
fffff53c
fffffcf5
00001ac7
0000127d
ffffff9d
00000dd0
fffffd7c
000006b0
000001d3
fffff11e
0000117d
000035f9
00003d81
00004bd4
000051c2
0000529e
000059fc
00005555
00004b28
00004c34
00003e0c
000041e7
0000383f
00002871
00000511
00000938
000017e3
00001f91
00002571
00002a6e
000021f4
000022a6
000022c8
00002621
000027a2
000041d4
000034c3
00004144
00002e4c
00001aaf
00000724
00000089
ffffc9d3
ffffa911
ffffaf7e
ffff896a
ffffa7fe
ffffb114
ffffbc98
ffffbd9b
ffffb36b
ffffb9c0
ffffb7f3
ffffb928
ffffbed5
ffffb0f3
ffff95b6
ffffbb0f
ffffc2c3
ffffd302
ffffa7a0
ffffb5dc
ffffa4c7
ffff9b67
ffffb0fd
ffffbe24
ffffb86c
ffffb739
ffffb1b3
ffffbb09
ffffc442
ffffa6aa
ffff8547
ffffb201
fffff13a
00000bca
ffffe6d2
ffffe521
ffffef59
ffffd5cf
ffffd694
ffffe967
ffffe0d5
ffffe45f
ffffe5d7
ffffc3e2
ffffc55e
ffffb17d
ffffa3f2
ffffc9df
ffffffc4
ffffee5b
ffffff1f
00003c79
00004b05
000003f3
ffffc54d
ffffeee8
ffffee57
ffffef07
ffffec15
ffffe6bf
ffffe2f6
ffffd23f
ffffd2d2
ffffe1e4
ffffd2ea
ffffadcd
ffff9b57
ffffd583
ffffe8c1
fffffb73
ffffddda
ffffab40
ffffa73f
ffffbd24
ffffc9e4
ffffb337
ffffbfb7
ffffd7f5
fffff73c
fffff681
ffffacd6
ffff9b02
ffff88e4
ffffaa41
ffffae9e
ffffd054
fffff1dd
ffff8433
ffff867c
ffff9144
ffffba6d
ffffc4f9
ffffcc7c
ffffe386
ffffe36a
ffffe5e3
ffffb598
ffff99a3
ffff6f08
ffff69dc
ffff7bd3
ffffbc89
ffffef71
ffffd56e
ffffd334
ffffc58a
ffffc4ef
ffffd36f
ffffcf78
ffffdfdd
ffffd159
ffffe6d9
ffffa769
ffffad65
ffff8549
ffff7961
ffff527f
ffffa8a9
ffffea20
ffffefa4
ffffe9cf
ffffda2e
ffffcc56
00000921
000006ed
ffffe222
ffffd2b8
ffffe06f
ffffa54f
ffffcef1
ffffc520
ffffb713
ffff83e2
ffffb891
ffffd5f5
ffffce38
ffffcf5b
ffffdfd9
ffffdb10
ffffedf4
000009aa
ffffef22
ffffd313
ffffdeb3
ffffae63
ffffcec2
ffffebc2
ffffeae3
ffffd60a
ffffb827
ffffb84f
ffff99a0
ffffe9c6
fffff899
ffffe2a8
ffffbc3a
ffffd016
ffffd416
ffffb976
ffffe262
ffffc514
ffffbfe0
ffffd63a
ffffe055
ffffdcca
ffffe848
fffff16c
000013e9
000021df
00001287
00000390
ffffedcf
fffff18e
ffffe807
ffffc47f
ffffe727
ffffc592
ffffbf0e
ffffce95
ffffe52a
ffffc8de
ffffd0d1
ffffe35b
00001386
00001e22
00001a07
000028e5
0000049e
00000672
ffffff44
ffffd56f
ffffeced
ffffc15b
ffffada2
ffffcbb1
ffffe440
ffffac67
ffff5f51
ffff6e58
ffffb4f7
ffffca4b
fffff0e9
00000879
000023b4
000018d6
0000113b
000005fc
00001296
ffff9716
ffff89b1
ffffb45f
ffffd098
ffffa7a1
ffff6ccc
ffff8703
ffff9f2d
ffffce77
fffff91a
ffffc54c
ffffe9a0
ffffe7d5
ffffd4c0
ffffea2f
ffffeeb1
ffff9399
ffff83e3
ffffb01d
ffffd2a4
ffffae70
ffffa546
ffffa456
ffffbb3b
ffffd803
fffff78e
ffffe55b
ffffd421
ffffbd50
ffffc071
ffffc43f
ffffcd4f
ffffa80f
ffffac41
ffffcd2d
ffffea07
ffffdae2
ffffe223
ffffcde6
ffffd4fd
ffffdb8b
fffff06b
ffffe4f1
ffffff1b
fffff6cd
ffffd4b3
ffffda9a
ffffdb43
ffffa16a
ffff94a2
ffff819e
ffff8bd1
ffffa974
ffffab37
ffff8601
ffff8cb4
ffff90ec
ffff85c8
ffff7c81
ffff7ec4
ffff803c
ffff725c
ffff83aa
ffff9964
ffff9ce2
ffff8d55
ffff8587
ffff9e35
ffffc7fe
ffffadf3
ffff817e
ffff991e
ffff8ee4
ffff9180
ffffa0ea
ffff9861
ffff9728
ffff81ea
ffff88c1
ffffac4d
ffff9823
ffff7564
ffff7731
ffffd680
ffffc796
ffff9654
ffffb141
ffffa5f0
ffff8e8e
ffff7b13
ffff80eb
ffff8a0d
ffff9b55
ffff972c
ffff8d18
ffffa9da
ffffa92f
ffffb293
ffffd324
00002ce1
ffffc930
ffffa2ee
ffffb2f5
ffff9373
ffffa601
ffffaa0d
ffffa311
ffffa86e
ffffafef
ffffae14
ffffa166
ffffbf56
ffffa1d9
ffffb93b
00001e09
00002d72
ffffc26c
ffffc952
ffffc34c
ffff955d
ffff9615
ffffa899
ffffb0bc
ffffbaa1
ffffcfd2
ffffbf86
ffffc37a
ffffdf60
ffff9d62
ffffb0e5
00001496
000023e1
ffffcff7
ffffbd86
ffff9ae6
ffffa0e5
ffffc709
ffffc5ec
ffffd69b
ffffce93
ffffd340
ffffbbfa
ffffb8bd
ffffd684
ffffa391
ffff83f8
fffff093
0000041d
ffffe8c0
ffffa501
ffffc690
ffffdcf3
ffffbca7
fffff243
000006cc
ffffe1cd
ffffd541
ffffbe18
ffff9d67
ffffafe8
ffff8d04
ffff720c
ffffb8f2
fffff38b
ffffe7de
ffffdfa2
ffffff13
ffffff33
ffffb4f0
ffffdb4c
ffffe097
ffffdc4f
ffffdf00
ffffcf5f
ffffa652
ffff96d4
ffff86ff
ffff615b
ffffa589
ffffca2a
ffffc039
ffffcd9a
fffff031
00003a18
00000ff1
000001e4
ffffffa3
ffffd216
ffffbc36
ffffb276
ffff9145
ffff8995
ffff9023
ffff6ce7
ffffab50
ffff9197
ffff9ac5
ffffae64
ffffbd38
00000995
000020e5
00001e0f
00003013
000029bf
000000f4
ffffb44d
ffff9391
ffff9885
ffff9159
ffff7db3
ffffb290
ffff985c
ffff9ebe
ffff8b33
ffff9628
fffface1
ffffd388
fffff2cf
0000026e
00001d24
fffff11e
ffffcff4
ffffac49
ffffb1e5
ffff949d
ffff8afb
ffffb151
ffffb97c
ffff9e1c
ffff9dc8
ffffa120
ffff763a
ffff8e84
ffffba63
ffffe6d5
fffffb59
ffffe2b4
ffffcd47
ffffabc2
ffffd14e
ffff925e
ffff8be0
ffff963e
ffffb2be
ffffc947
fffff6e2
fffff0d6
ffff8df5
ffff6896
ffff8f5a
ffffb5f3
ffffdb4d
ffffdc6b
fffff33c
ffffc8ba
ffffdf96
ffff8b5d
ffff6bd4
ffff864c
ffff8e1e
ffffb0e3
ffffebe0
00000f1a
ffffe3d9
ffffa96e
ffff826f
ffff8be1
ffffca14
ffffd5e0
ffffd8ed
ffffce48
ffffe909
ffff9693
ffff9a12
ffffab77
ffffa881
ffffb402
ffffc217
ffffe197
ffffea00
ffffcbc2
ffffae9f
ffffb7a6
ffffc175
ffffc189
ffffc503
ffffc1f5
ffffedbd
ffff9eba
ffff88d8
ffffa2a1
ffffa704
ffffa561
ffffb49a
ffffac37
ffffa6c8
ffff9d70
ffffae62
ffffc029
ffffba8c
ffffc585
ffffb4fb
ffffb331
ffffd213
00000781
ffffecf3
ffffe762
ffffe2af
ffffec9b
fffffc85
fffff318
ffffe456
ffffd7a5
ffffd509
ffffd3f1
ffffe6ac
ffffe577
ffffcf54
ffffdc0b
ffffe29c
000000a6
00000017
fffffa64
00001024
00002f0d
00002f45
00001105
000001a2
fffff98f
ffffdfc9
ffffe0e5
fffffb39
fffff09a
ffffeb3d
fffff0b4
ffffee58
0000004a
fffff44c
ffffd6db
00000f2d
00001714
0000281f
00002a91
000006f4
ffffed1e
ffffcbbd
ffffd209
ffffd69f
ffffd7ae
ffffeba4
000007dd
000001c6
ffffe99c
00000465
fffff919
000037d0
00002ba0
00002432
00001a33
ffffe2ce
ffffd62c
ffffe351
fffff304
fffffd7a
000003b1
00000215
000035d9
0000343b
ffffee80
0000191f
fffff020
000028f0
00003097
00002de5
00002739
ffffcaf4
ffffe1f0
ffffda5e
ffffd5dd
ffffd2a5
fffff0eb
0000009f
00003777
0000418e
ffffec07
00000523
fffff654
ffffd365
ffffebae
ffffdeeb
ffffe66b
ffffd4f1
ffffe1db
000009fa
00001e49
00001b8e
000020f6
00001fc9
000036dd
00003e2f
ffffdcb5
ffffe339
fffffe3e
ffffc740
ffffbf24
ffffe031
0000280a
000005a6
000008f3
00002e66
00006335
000062e4
0000412b
0000290e
00002f3c
00003b90
ffffd586
ffffd492
00000530
fffff55c
ffffdc04
ffffebbd
00001e2e
00001d27
0000227e
00003b5a
00007845
00009303
00005235
00000c46
00001650
0000269b
ffffe750
ffffec14
000024aa
000017ec
fffff74a
ffffd9be
ffffed21
000027e7
0000270f
000018b0
000046b8
00006d46
00005beb
00001a07
00001816
00001fb1
ffffefbe
fffff384
00001954
00002166
fffffff0
ffffc683
ffffcc1d
00000f59
000031a6
00002374
00003ebf
000043b0
000036b4
00001b8f
00000a1f
00001aa0
ffffef06
fffff8fa
000011d2
000031f9
000010df
ffffce9d
ffffa937
ffffbe4c
fffffd1c
00000660
00001f0b
0000218f
00001d33
00001c95
000014cf
000015ef
fffffd48
000003b0
00000dd5
000021e5
00000762
ffffcd21
ffff889f
ffff959c
ffffd7bb
fffff631
00000117
0000050e
00000014
000000bd
00001290
0000238d
fffffc97
fffff371
fffff47e
000001f4
fffffe05
fffff449
ffffc41c
ffffb581
ffffea73
ffffecaf
ffffee8e
fffffd28
00001199
0000039d
00000d57
000014a0
fffff7ce
ffffdfb6
ffffe0d9
ffffe14a
ffffeb2d
fffffe89
fffff73d
ffffee06
fffff97c
fffff536
fffff764
0000181a
00002270
00001544
00001199
00002e7c
fffff59c
ffffdbdc
ffffe707
00000002
00000df7
00001b32
000025a5
00003ac3
00002054
0000271a
0000307d
00003141
00002eeb
00002728
000033f7
00003571
fffff023
ffffecbf
ffffebf1
fffff007
ffffecc3
ffffe279
fffff99b
00000df5
00000919
00000f56
00001426
00000db1
fffff999
fffffb51
00000b48
000032d8
ffffc05f
ffffa505
ffff8f5d
ffffa679
ffffb873
ffffbc50
ffffa483
ffffa17e
ffff9e46
ffff9863
ffff9530
ffffa2ea
ffffa82d
ffff9c9e
ffff8e32
ffff9fd3
ffffb6ba
ffff7d45
ffff6972
ffff9ac0
ffff9567
ffffa032
ffff923a
ffff99ef
ffffa362
ffffa7f7
ffff9a20
ffffa059
ffff96f1
ffff83e5
ffff7f5f
ffff940f
ffffd0fc
ffff903d
ffff7dd8
ffffc2aa
ffffabfd
ffffd410
ffffba55
ffffb881
ffffc77d
ffffc9c5
ffffce91
ffffcb58
ffffbd9c
ffffb943
ffffab21
ffffaaad
ffffcd4a
ffffb549
ffffccc4
0000180f
ffffffe5
00001f6a
ffffe979
fffffabe
fffff4ee
fffff30d
ffffe96a
ffffd6df
ffffd4ed
ffffd11f
ffffc532
ffffbee2
ffffcb74
ffffd01a
ffffef22
000020ca
00002502
00006006
00001327
00003fca
00001f25
00000af3
ffffdfca
ffffc2c9
ffffb39e
ffffb27a
ffffbf71
ffffd330
ffffd99a
ffffdb33
ffffe508
fffff23b
000013ae
000055bf
000019f9
0000297e
00003973
00002f8f
00000a12
ffffe7ba
ffffde12
ffffcf8f
ffffbf08
ffffbdbc
ffffd93a
ffffe391
ffffe4c3
ffffd9b7
ffffff60
00004a8f
0000423a
00004509
00003960
00005030
00002211
fffff38b
ffffeb80
fffffe25
ffffd92f
ffffc5c6
ffffd469
ffffbecf
ffffdeea
ffffd06f
ffffe3d7
0000015c
00001e57
00005a8e
0000536f
000065df
00004940
000011e3
fffff8f1
ffffe626
ffffb067
ffffae2c
ffffd8e2
ffffcb5a
ffffd670
ffffcdb7
ffffb7ff
fffff9f1
000036de
00009603
00006a3f
000040de
00002e2c
000031ae
00001e24
ffffddb7
ffffb4f8
ffffa963
ffffd4c8
ffffdb04
ffffd7e4
ffffcf3d
ffffac9d
ffffeb03
00002d76
00007459
000075f8
000059f2
00004274
00003789
00004af0
000000f0
ffffcc4d
ffffb1d2
ffffcc0b
ffffcbd1
ffffe335
ffffcf2c
ffffd0b6
ffffd981
ffffec86
000003c1
000027e9
00002c38
000023f3
00003b53
00004925
000004bb
ffffcd59
ffffb0d3
ffffc67d
ffffbb8b
ffffcc7c
ffffdac8
fffffba1
0000327c
00003357
ffffeb39
ffffdce1
ffffe061
00000d5b
00003b52
00003c23
00000208
ffffc892
ffffbdc3
ffffc455
ffffab7e
ffffa994
ffffc639
ffffdfb0
00000ebe
00001a4f
ffffd53e
ffffb279
ffffdd91
00000539
000049b1
0000620c
000015b9
ffffe010
ffffd2a2
ffffc8c6
ffffb3ab
ffffbddc
ffffb65f
ffffcba5
ffffdb15
ffffe3d3
ffffc24e
ffffaae7
ffffbca6
ffffcff9
00000711
0000252f
00001969
ffffe9f3
ffffe0b3
ffffdb9a
ffffcdb8
ffffd890
ffffd9ca
fffffd68
000008b3
00000066
ffffe1e1
ffffe477
ffffd55b
00000133
000012e9
00000fb3
00001ec1
000008a2
ffffefd3
ffffc78e
ffffa1f7
ffffb5ee
ffffc486
ffffc8a9
ffffc4c0
ffffc771
ffffca6e
ffffc114
ffffbe18
ffffd40e
ffffd58f
ffffd8f4
ffffca11
ffffdfa3
ffffdadd
ffffd33b
ffffbc13
ffffbe78
ffffaec4
ffffca6e
ffffd8da
ffffd09f
ffffbab3
ffffbcef
ffffb982
ffffbb23
ffffb9ce
ffffb47e
ffffa430
ffffae6c
ffffbc4e
ffffde65
ffffd2b6
ffffbaf3
ffffc66c
ffffc7a8
ffffd8e5
ffffd74e
ffffdc73
ffffcf23
ffffd9fb
ffffd642
ffffca07
ffffbb9c
ffffa344
ffffb37e
ffffc350
ffffeed9
fffff698
ffffc023
ffffa269
ffff7aff
ffff96fd
ffffcfea
ffffe5bd
00000453
0000028f
fffff9cc
ffffe7bb
ffffcfde
ffffbd57
ffffd975
ffffe90d
ffffd003
fffffe74
ffffb1b5
ffffbec1
ffff5fa6
ffff7808
ffffb04c
ffffdb5a
000010cd
fffff7d7
ffffe733
ffffd88f
ffffd507
ffffb4c2
ffffdde1
fffff218
ffffb59b
ffffaa00
ffff79fc
ffff6a43
ffff51bf
ffff692e
ffff9e35
ffffd82e
ffffea85
ffffd825
ffffcf5f
ffffbf4e
ffffb752
ffffcee3
fffff0a6
000005e3
ffffc74a
ffffb37e
ffff7845
ffff6185
ffff5929
ffff5376
ffff835f
ffff8d5f
ffffa41e
ffffb9b5
ffffd19d
ffffcf79
ffffdd30
fffffa5c
fffffa52
000007d9
ffffda01
ffffb285
ffff82db
ffff53d2
ffff5368
ffff718f
ffff8d90
ffff70a5
ffff67af
ffff86d4
ffff87c9
ffff8bef
ffffc31c
fffffeb4
ffffff18
00000567
ffffcd7a
ffffaf66
ffff910c
ffff60e1
ffff62bf
ffff665d
ffff695d
ffff4338
ffff41f9
ffff4329
ffff4233
ffff3bf5
ffff6525
ffff8d79
ffffcbbe
ffffed37
ffffd913
ffffac2e
ffffa03c
ffff8052
ffff7360
ffff82b0
ffff73cb
ffff583e
ffff5887
ffff3a69
ffff36eb
ffff2ee8
ffff4d38
ffff5f0d
ffffab4d
ffffee55
ffffd015
ffff9b69
ffff9a64
ffffa3f0
ffff9849
ffffa0b4
ffff5c93
ffff696a
ffff7cb6
ffff729a
ffff6b73
ffff5995
ffff708f
ffff77b4
ffffa751
ffffebcf
ffffd544
ffffb7f0
ffff9b1a
ffffa8af
ffffbdd5
ffffad67
ffff704c
ffff58a6
ffff790e
ffff7c38
ffff8e07
ffff9ab8
ffffb22e
ffffb06f
ffffbeb9
ffffed19
ffffddba
ffffcfff
ffffb5bb
ffffa385
ffffa8ca
ffffbdb1
ffff98a1
ffff8887
ffffa6a3
ffffb7cd
ffffbb42
ffffb890
ffffde54
ffffc2f9
ffffcb04
ffffe49b
ffffd72f
ffffc442
ffffad59
ffff9973
ffff8f56
ffff8ef2
ffff7db2
ffff887e
ffffac39
ffffe000
fffff058
ffffe17b
fffff77a
ffffd5dc
fffff728
fffff9e7
ffffcb15
ffffb868
ffffbab7
ffff9efe
ffff9741
ffffa1de
ffffb001
ffffa5c4
ffff9c96
ffffbc95
ffffd693
ffffeb04
ffffe775
ffffd2dd
ffffe8b2
fffffa01
ffffbb9b
ffffa1cf
ffffaa5b
ffffad89
ffffb643
ffffb472
ffffb36a
ffffb6f7
ffffc9c9
ffffd09d
ffffdd47
ffffe4fe
ffffd40d
ffffd72a
ffffeea9
fffff6d2
ffffcbff
ffffa808
ffffba93
ffffb74b
ffffb288
ffffb5a5
ffffc0db
ffffc160
ffffce51
ffffd405
ffffccd7
ffffd4e7
ffffd106
ffffcb83
ffffe52f
fffff855
000030fb
000043e4
00004cb6
00003ac9
00003149
000029bd
00000695
00000881
00000fad
00000cf4
00000b1d
000014a9
00001458
000010c2
0000232b
00001874
00003391
00004c0f
00006241
000050d9
00004aa4
00004748
00002dbc
00000fac
0000057e
00000412
00000b94
0000183e
000005b5
ffffed15
000020e6
000026ba
000027ed
0000347c
000017bd
00001c1a
0000239b
000053a6
00006a3e
00005980
000042cd
00003376
000019a7
00001ea5
0000091c
fffff376
00002d11
00003230
00000e38
0000216b
fffffb6b
00003233
000057b4
0000654a
000084af
00006664
0000598e
00003a9a
000038b8
00001b7c
00000e37
ffffff5d
00003a7b
00003b21
000004ec
00002144
ffffe65a
0000160a
0000429f
00003d2a
00007148
00005961
00004fe4
00002a4c
00001e43
0000067b
000016be
000006bb
00003936
00003d86
00004093
00005fc6
0000277e
fffff383
fffff66c
ffffe217
00001bdd
00003d8f
00003fa6
00005d0e
00006e28
00006620
00007136
00004606
00005d01
000057d3
00004c4d
00004dda
000039bb
00000c38
ffffecd1
fffff25d
00001df8
0000496d
00004ae6
0000505d
00006052
00004f4a
00005081
00004ccc
00007055
000065bd
00003608
0000389d
00000ac4
000001b7
ffffefc5
fffff897
00001f91
00002ee8
0000576b
00005aa6
00005733
000063d8
0000438c
00002661
00005652
00005f4b
00002c09
000017b2
ffffc88b
ffffa1d3
ffffa37f
ffffca89
ffffde95
0000125f
00004692
00003b4b
00004630
00005efe
00005205
00001d3f
000042c0
0000381e
00002499
00000835
ffffb58d
ffff8b6b
ffff8d92
ffffb777
ffffce0a
00000848
00001873
000012ec
000034e0
0000502a
000040d9
000023c0
00004ac7
000028b1
00002e39
00002485
ffffce4b
ffff9668
ffff897a
ffffbee1
ffffb96d
ffffa783
ffffe66c
ffffe1ff
00000e94
00003b6a
000032d0
00001874
000030c6
00002669
00003dcf
00003aae
fffffd8a
ffffc2ea
ffffd5c6
ffffdfa9
ffffe6d0
ffffd005
ffffd95f
fffffdf9
00001f9a
000034ca
000031f6
00000584
000039e2
000033e1
00003ce8
00003eb6
00000c5c
ffffe930
0000048b
00002573
00001f9a
00001723
000004b3
00002164
00005083
00003f4d
00005a31
00001498
0000523f
0000467f
0000415b
0000523c
00001fd2
00000dbb
00002aeb
00004f58
00003ffe
00001ab9
0000094b
00003f9a
000059c6
00005127
000051b2
00004e1c
000075c3
00005c16
0000663d
00007276
000059bf
000048aa
0000632f
00007d08
00008e81
00008957
00008836
00008f90
000092ae
00007d53
0000672d
00006cb4
00009dd2
0000685c
00005ae9
00005d4f
000054db
00003796
0000314c
00004145
00004321
000048db
00005d12
00006190
000053a2
00004145
00003bb1
00005054
00006e05
0000671b
00000386
00000fe3
00001a24
00001d7d
000013bb
000015d9
0000089b
00000889
000001a2
00000686
00000654
fffffdb3
fffffeff
fffffd87
fffff73f
fffffe86
0000084b
fffff0a7
00002241
00005a8a
000059f4
00004026
0000209b
fffff356
ffffea40
fffff553
ffffe8f9
ffffdd70
ffffdd95
ffffdc53
ffffe2e7
ffffff21
000011df
00000e1d
000035e4
000069f7
0000857a
000098a6
00006be4
00003244
00001a2b
00000e7d
00001097
fffffd11
fffff5a1
fffffb5c
ffffee75
ffffff6f
00001c24
000044a5
000063f9
0000831c
00008093
00008de2
00008a8a
0000852d
00006b3d
00004c5f
00003cbc
00003d77
00001ad5
00002c0f
00001631
00001413
00002460
00003d8c
00004904
00004623
0000120a
000043b6
0000662d
0000724f
00007349
00005d22
000040fd
000053d8
00002d82
00003282
000018d8
0000153c
00001723
000046b0
0000355b
00002073
fffff23e
fffffa20
000021ba
00002fee
00003f1c
000041e6
000039c7
000059a5
00004624
00003125
00001f2f
00001612
00001f96
00002816
00001f2e
00003684
00003f82
00000810
0000235a
fffff9a0
ffffe39c
fffff63e
0000126f
0000216a
000011fa
00000857
fffff1fb
00000521
0000141c
00001a66
fffff68b
00000ad4
000026f9
00000db9
000014db
ffffe164
ffffdd0e
ffffece7
ffffbfa4
ffffb59d
ffffc72d
ffffd806
ffffe516
fffffa60
fffffb0b
ffffeeae
ffffc79a
ffffd24d
00001c7c
00002f58
ffffffb6
ffffc97d
ffffe81f
ffffecbe
ffffc5e0
ffff7ede
ffff8769
ffffae70
fffff12d
fffffcc1
fffff421
ffffdaf7
ffffe1cf
00000b9f
00003cc6
000057ec
00000ede
ffffda64
ffffd34e
ffffc032
ffffb420
ffff965d
ffffaffd
ffffb532
fffff0a7
00000433
fffffba5
ffffee82
00000693
00001cb6
00003e88
00003960
0000125e
000000df
ffffe45d
ffffe5e4
ffffd949
ffffdbe0
ffffdaaa
ffffd348
00000f3e
00001a82
000006c1
ffffed2e
00000899
00001373
00002e10
00001a5b
00003292
000024db
fffffe6b
fffffd22
00000e2d
00001887
00001e6e
00000045
00001e89
00001560
ffffff3f
ffffdefd
fffff89b
0000034b
000005d4
0000383f
00005585
000047e1
00001075
00001062
00004110
00004a03
000052ba
00002139
00000b3f
000000d0
000012fd
ffffe5a0
ffffe113
ffffce40
ffffdcdf
00001faa
0000335a
00002c13
00001d48
000010e0
0000321c
00005c43
00005e78
00001cbe
00000feb
fffff9b6
0000102d
ffffeb4f
ffffdcb0
ffffb09c
ffffb1a1
ffffdc31
00000428
0000082a
fffff06e
ffffe9ca
000002fc
000021e7
00001146
ffffde26
ffffcc60
ffffe360
000014f8
ffffee8b
fffff50f
ffffe602
ffffd7f5
ffffe891
ffffeade
ffffe621
fffff922
fffff576
fffff080
ffffda90
fffff0ac
ffffd16b
ffffd27e
fffffca9
ffffd0b7
ffffb984
ffffbd5f
ffffb688
ffffba7d
ffffcde0
ffffd3f9
ffffd1ef
ffffdc3d
ffffd6c9
ffffd9e5
ffffd2a7
ffffc674
ffffc8f1
ffffadb2
ffffaefd
fffff113
ffffe4a3
ffffc88e
ffffaca1
ffffc8cb
ffffce47
ffffe874
fffff680
ffffedf0
ffffee88
ffffe45e
ffffe391
ffffe2fd
ffffe4b5
ffffcda3
ffffbf40
000016bc
000012cd
ffffe2d9
fffff15e
ffffdf91
ffffcea8
ffffee73
ffffd76e
ffffc833
ffffc968
ffffc82f
ffffd7bd
ffffde0f
ffffed84
ffffda34
ffffc46d
00000125
000006e2
00002a3f
00004105
0000445d
000019be
ffffe751
ffffbf24
ffffb07c
ffff9493
ffff921a
ffff9d8f
ffffb662
ffffd283
ffffcae7
ffffd55b
fffff262
ffffdf7a
00000da7
00004ee9
0000893d
00008c1e
0000232c
00000bab
ffffc890
ffffa28a
ffff9eb0
ffff9ea6
ffffb02b
ffffc178
ffffa337
ffffb521
ffffdafa
ffffd83b
fffff4c9
fffff763
00005b63
00008836
000036cd
000030f5
00000efe
00000795
fffff964
ffffe686
ffffda11
ffffbfe0
ffff9e03
ffffb372
ffffe0f8
ffffd0b6
ffffb410
ffffb50d
ffffe90e
00002a30
000010e9
00001616
fffffcde
000004f0
ffffeb0d
ffffd9aa
ffffc7d8
ffffb49f
ffff9c18
ffff92a4
ffffd1fb
ffffdd21
ffffcc91
ffffe4f8
fffff0d9
fffffe7e
fffffbd6
fffff655
ffffe1ef
ffffd340
ffffd2a7
ffffd1a8
ffffb519
ffffbaa9
ffffa7f5
ffff8862
ffffd840
ffffe1ef
ffffdfbf
000004db
00002d2c
00005b68
000065b2
0000661a
00004c6d
00001c9a
00000589
fffff8c0
ffffbd12
ffffae1a
ffff9aa5
ffff870a
ffffe1b9
ffffed3d
fffffd03
000005c3
00003c9c
000099e8
0000b100
0000af86
000082d2
0000613a
00006873
000054b3
00000a75
ffffcac4
ffff9fc1
ffff9878
ffffdd42
ffffec91
00001198
00001fd2
00004004
00006ec3
00007ee6
00007000
00005f31
0000662b
0000698b
00005098
00001a10
00000095
ffffc34b
ffffb891
ffffc5af
ffffd5a0
fffffec0
0000122c
fffffddf
fffffb73
000035a8
00002899
000016f6
00001670
00001355
00001a70
ffffdf2f
ffffe326
ffffcf24
ffffd4dd
ffffc4ff
ffffd019
ffffedeb
fffff700
ffffd4b8
ffffc6f0
fffffdb6
fffff24d
ffffd21e
ffffc396
ffff9ae6
ffffb428
ffff9ae9
ffffc605
ffffcc87
ffffe1a1
ffffcee3
ffffe27d
fffffbc8
0000034b
0000080b
fffffdce
0000098c
fffff31c
ffffed05
ffffce95
ffff9952
ffff949f
ffff8392
ffffc7bc
ffffdaeb
ffffedd3
ffffd2c8
ffffd920
ffffce87
ffffe3aa
fffff1ad
fffff1e1
ffffec4a
ffffd6b8
ffffdf62
ffffc8c7
ffffaa2a
ffffa29a
ffff9039
ffffa5f0
ffff9387
ffffb101
ffffd4c4
ffffc1f1
ffffbcec
ffffcbad
ffffd099
ffffd290
ffffcf9c
ffffc30c
ffffcc5e
ffffc889
ffffd25c
ffffb8ca
ffffc092
ffffb9ac
ffffaf2b
ffffc24d
ffffec09
ffffd930
ffffdce7
ffffdb38
ffffeac0
0000020c
ffffedc6
fffff7e0
fffffb25
fffffb5b
fffffea2
fffff823
fffff02e
ffffec0c
ffffca3a
ffffc53f
ffffc04c
ffffc9e9
ffffe6c7
ffffd5db
ffffed92
00000ad1
ffffe5e1
ffffed76
ffffe1bd
ffffd856
ffffdd7a
ffffddf7
ffffd61a
ffffd484
ffffb5b1
ffffbf3a
ffffaafc
ffffab03
ffffa279
ffff90c6
ffffd7ab
00001395
fffffb20
ffffe5d5
ffffbcc4
ffffbe45
ffffb810
ffffcc73
ffffb300
ffffc4da
ffffb7a1
ffffcbed
ffffd41e
ffffd42b
ffffe3f6
fffff845
00004827
000059d8
000048a0
fffffed2
ffffb1dd
ffffc21d
ffffd9f9
ffffdb90
ffffeccb
fffff317
ffffcaa7
ffffe1ab
ffffef77
ffffee72
fffffaf4
fffff011
00003ca4
00008422
00005b3a
00002418
ffffd5ca
ffffd125
ffffeef0
ffffe3a3
ffffedeb
fffff417
ffffe0d6
ffffea58
fffff151
fffffc24
000023ec
fffffcb8
00001488
00005e8a
00004bd7
00003647
00001417
0000143e
000023ca
000010a8
00000c07
ffffef66
ffffec79
fffff0b7
ffffd0b3
ffffe484
00003129
00002373
0000117e
0000225b
0000315c
ffffe551
ffffe900
00000b57
00003802
00002486
ffffe6fa
ffffc079
ffffdbd6
ffffe9b6
ffffc3b3
ffffd07f
00001fdd
00005ad8
00005f53
00001e12
fffff461
ffffd8e3
fffffc2e
00000b97
00002fd0
00002948
ffffd754
ffff9cc8
ffffc2af
ffffc4c7
ffffc5f5
ffffd1cb
000009e1
00003d60
0000348b
fffff116
ffffc46d
ffffda53
00001cf2
000044f1
00006b4b
00006832
000013ff
ffffb08a
ffffac4d
ffffb776
ffffc88f
ffffd48f
000020e4
00001338
000025fb
fffffe65
fffff39b
ffffe528
00000e27
00001bf8
00004821
00006746
00004bc8
ffffe97e
ffffbefb
ffffb7f1
ffffd3e1
ffffd90f
00002efc
000037fc
0000568a
00004909
000020f3
fffff19b
ffffe3cd
ffffe4b3
fffff7f3
fffff29b
fffff719
ffffddff
ffffc7a5
ffffbc54
ffffde3e
ffffb51d
fffff687
000004f5
00003798
00003b5f
00002061
ffffeec9
ffffd423
ffffcfc7
ffffccfe
ffffb757
ffffbdd9
ffffb24f
ffffb71d
ffffc339
ffffeadd
ffffb5c1
ffffcde7
ffffc4fa
fffff428
0000387c
000047da
00002709
fffff484
ffffebb8
ffffcd8e
ffff98f4
ffffb241
ffffafd6
ffffb231
ffffc128
fffff3b1
ffffb0c5
ffffb6eb
ffffab8c
ffffc428
fffff77c
0000095f
00000912
fffffe24
000000c3
ffffe083
ffffc0a1
ffffb515
ffffb8b3
ffffcd0b
ffffda1b
00000e3e
ffffe22d
ffffee9d
000007a1
000003ae
fffff7a4
00001710
00003d04
000045b0
00004aff
00003fb2
000032ec
00001f5d
00001b88
00000570
fffffa77
0000203b
0000102e
0000096c
00001690
00001146
00000f68
00002d40
00003d1b
0000335f
00002ae2
00003369
000020a1
000022ae
0000244f
0000220f
00002376
ffff947d
ffff7803
ffff7861
ffff977f
ffff9ba8
ffff9275
ffff6e8d
ffff5a87
ffff5656
ffff5a28
ffff5f98
ffff639a
ffff5932
ffff3fbb
ffff47eb
ffff6869
ffff8b8a
ffff6156
ffff63ce
ffff813a
ffff9b4c
ffff62b6
ffff44c7
ffff577f
ffff5555
ffff5638
ffff5c03
ffff52bc
ffff3bfa
ffff2bdf
ffff32ba
ffff57c9
ffff907e
ffff55e3
ffff4f8f
ffff3ece
ffff745c
ffff46cf
ffff4967
ffff7488
ffff8572
ffff79ac
ffff753c
ffff6483
ffff5669
ffff3fa6
ffff476c
ffff4b2d
ffff967e
ffff91f8
ffff7870
ffff9932
ffff7954
ffff7df8
ffff8626
ffff9ee0
ffffbb99
ffffae7f
ffffaa07
ffff9663
ffff95e7
ffff72b0
ffff62f3
ffff6dc9
ffffa07e
ffff94ee
ffff8abe
ffff705f
ffff6fde
ffff62ff
ffff428f
ffff8bc4
ffffcc58
ffffbafd
ffffb341
ffffa1e7
ffffa8e2
ffffacb1
ffff97e8
ffffa005
ffffbb16
ffff9a5f
ffff8f11
ffff58bd
ffff4667
ffff0f6a
ffff19c0
ffff5a96
ffff8a50
ffffa1c0
ffffc03a
ffff9e7f
ffffa8da
ffffbf3f
ffff9adb
ffffb7d7
ffffb03d
ffff97a6
ffff6d1c
ffff4870
ffff682a
ffff3c00
ffff3e4d
ffff3e0e
ffff5936
ffff6162
ffff5ea1
ffff4374
ffff62bb
ffffb866
ffffb4a9
ffffab6d
ffff8f18
ffff737b
ffff4982
ffff35c7
ffff50f2
ffff424e
ffff490f
ffff3186
ffff3786
ffff5160
ffff5823
ffff31ec
ffff252b
ffff5520
ffff707c
ffff8363
ffff9866
ffff71d4
ffff4b44
ffff5201
ffff50ce
ffff3de5
ffff68b5
ffff7c4c
ffff644d
ffff4f96
ffff492c
ffff3917
ffff4490
ffff3d89
ffff509a
ffff7b83
ffff93c1
ffff7942
ffff53d6
ffff6a23
ffff5e17
ffff525e
ffff4944
ffff650f
ffff89cc
ffff7362
ffff6c86
ffff6c94
ffff7c7a
ffff7175
ffff73a6
ffff7909
ffff9d5b
ffff796a
ffff6d34
ffff650f
ffff8d54
ffff824f
ffff5c79
ffff499a
ffff7fc3
ffff84ed
ffff7eaf
ffff8c41
ffff9cdb
ffff733f
ffff5e0d
ffff6b5a
ffffb583
ffff7adc
ffff7cc2
ffff6c68
ffff8977
ffffac91
ffffabee
ffff557c
ffff7967
ffff81da
ffff9566
ffff94ed
ffffbd27
ffff83f0
ffff6167
ffff7135
ffffad50
ffff7b3e
ffff778f
ffff6675
ffff64be
ffff9695
ffffa2c5
ffff8a12
ffff949c
ffffabbb
ffffc202
ffffb9ef
ffffd01c
ffffb1a8
ffff76b5
ffff8c59
ffffaa63
ffff7898
ffff7081
ffff6972
ffff6385
ffff69cc
ffff7859
ffff9014
ffff9360
ffff98ff
ffffc9bd
ffffd76f
ffffe21c
ffffb9d7
ffff9354
ffff952c
ffffc48c
ffff90f5
ffff7adb
ffff8fa4
ffff86f6
ffff7671
ffff85b2
ffff9d04
ffffa0a1
ffff9f20
ffffbf99
ffffd623
ffffd84a
ffffb249
ffffb794
ffffb2d8
ffffb8cb
ffff8ecd
ffff7dc5
ffff8419
ffff853c
ffff8542
ffff8f3c
ffff972a
ffff923f
ffff85d2
ffff8303
ffff90c7
ffffac64
ffff9c15
ffffa35b
ffffa7ca
ffffa38b
ffffa920
ffffc0d5
ffffc0f1
ffffddf7
ffffe781
ffffd74b
ffffc5f8
ffffb4ee
ffffc881
ffffd4c3
ffffc7a7
ffffba82
ffffa9db
ffffa03a
ffffc7f4
ffff8cea
ffff7657
ffff935f
ffffa4f1
ffffff39
000000f1
ffffd349
ffffbb9d
ffffb0b1
ffffb306
ffffc2ce
ffffd251
ffffba61
ffff990e
ffff6fb8
ffffaf2d
ffffb9ef
ffffa2d7
ffffab54
ffffa65e
0000086d
000021b4
00000061
ffffe246
ffffbb69
ffffb8fa
ffffbc59
ffffd62a
ffffcf42
ffffa75f
ffff844e
ffffa12b
ffffcbcc
ffffcbf2
ffffdf08
ffffabbe
ffffdaea
ffffcf8b
fffff490
ffffe5c5
ffffb2aa
ffffc44e
ffffcc7a
ffffed91
ffffeaa1
ffffeb6c
ffffde57
ffffe6df
ffffbdf7
ffffcabc
ffffd0e0
ffffac01
ffff9ce7
ffff7eb0
ffffcac4
ffffc844
ffffbc8d
ffff9ea2
ffff9df0
ffffbf57
ffffcd53
ffffdb11
ffffe666
fffff5d7
ffffce84
ffffd84f
ffffca2e
ffffcebc
ffffc597
ffff802c
ffff9515
ffffb6c6
ffffc878
ffffd759
ffffe87f
ffffedcd
ffffe833
fffff5cb
ffffd66a
ffffebaa
ffffd484
ffffdad1
ffffcc92
ffffb879
ffffb626
ffffbd78
ffffb3fa
ffff7e12
ffff93b4
ffffd7bd
fffffa62
000022bf
00001808
0000112b
ffffd2b4
ffffcde4
ffffc627
ffffd23f
ffffe568
ffffd352
ffffb71e
ffffb873
ffffd701
ffffa062
ffff879c
ffff9bd5
ffffa1d1
ffffbf62
ffffd15c
fffff8a1
ffffd587
ffffbf6f
ffffc3a5
ffffcc72
fffffb04
fffff26a
ffffcde4
ffffc92c
000007ca
ffffe0e7
ffffc429
ffffa535
ffff871e
ffff5eaa
ffff5edb
ffff79f4
ffffa605
ffffc0aa
ffffba66
ffffbf81
000005d2
00000aaf
00000199
fffff2d3
00000397
0000015f
00000248
fffff8e6
ffffddb8
ffffa07d
ffff7a28
ffff74f4
ffff8b31
ffffc81e
ffffb992
ffffb525
fffff188
00001bfb
00001afb
fffff229
fffff4b7
00000721
0000264b
00000aa7
000003bc
ffffcb52
ffffb16c
ffffb114
ffffa832
ffffd5ad
ffffaa7a
ffff918b
ffffbd76
fffff64f
ffffffb4
ffffccab
ffffc311
fffff707
000023b5
ffffe1ce
ffffe768
ffffe044
ffffb51c
ffffb99c
ffffbcb7
ffffdbde
ffffb172
ffffa06d
ffffbd80
ffffdba1
ffffc802
ffffa834
ffffaa68
ffffc550
ffffda6e
ffffd5cd
fffffd28
ffffe880
ffffc148
ffffe739
ffffcdb7
ffffe54b
ffffa685
ffff9c80
ffffb9c7
ffffcbc7
ffffc813
ffffadfd
ffffbd3c
ffffcdff
ffffcf27
ffffd16c
ffffdad0
ffffe8a1
ffffb891
ffffcb99
ffffbf1b
ffffde4e
ffffaab5
ffff9d9a
ffffc171
ffffd6ef
fffff58b
ffffd105
ffffb088
ffffb563
ffffb51e
ffffd69d
ffffd839
ffffe37d
ffffe1ef
ffffcdd3
ffffc2dd
ffffd3cc
ffffc5d6
ffffa6e6
ffffbd55
ffffdd8d
ffffe5e5
ffffeb36
fffff385
ffffcca9
ffffb07e
ffffbf40
ffffdc09
fffff30f
ffffeb72
ffffdea4
ffffc556
ffffdf07
00001f10
00002542
00000a82
00000d19
00001174
000021e4
000014d8
0000152d
00001b71
0000161d
00000861
000002f6
000005c4
00001008
00000dda
0000031d
00003658
000046a3
00001afe
00000d12
000018d8
0000425e
00005bd4
00005637
00004799
00003600
00002cab
00002d60
00003941
000045e8
00004423
000015c1
00001e9d
00001126
ffffff3f
00000380
00002425
000037b4
000035a0
00001553
000002f6
0000007b
fffffdf2
ffffeae9
fffff3ab
0000024a
fffffed5
fffff49a
00001d8f
00001286
0000021e
ffffff34
00001344
0000316f
00001cc2
00000ad3
fffff6b7
fffff3fc
fffff9df
ffffec9b
ffffe6ff
ffffe5e4
ffffe008
ffffec8d
000015c3
fffffebf
ffffc684
00000528
00002dfb
0000428b
00002107
00000cf2
00000604
fffff2c2
ffffda09
ffffd6b2
ffffde5a
ffffccb7
ffffd65d
ffffef5e
000009bc
ffffde2d
ffff917f
ffffd2ec
0000040d
000000b6
ffffef67
00000e2a
000018b8
000019a9
fffffd32
ffffdefc
ffffe23b
ffffc8f7
ffffd5f0
fffff4f3
00000528
00000179
ffffc211
ffffec23
fffff5e9
ffffcd4a
ffffcfb4
00000cf8
00003153
00004f22
00001eb8
fffff13b
fffff26f
ffffdcba
ffffdca5
fffff471
000004ee
00000eb9
ffffdad3
fffff245
ffffeff2
ffffd5f9
ffffd360
00000c2b
000049ab
00003d76
000012d7
fffff84c
00000caf
0000022f
fffff935
fffff32a
00000b9e
00001cba
ffffe98b
ffffe70e
ffffced3
ffffd5f6
ffffd7b7
ffffeeef
ffffe285
fffffed8
00000847
0000072e
00000c03
000000a3
fffff6df
ffffe60b
00000a98
00002423
ffffedae
ffffe33e
ffffc083
ffffbabe
ffffce92
ffffe488
fffff043
ffffed3c
ffffe94e
fffffc02
00001329
000003d4
fffffbb5
ffffed93
00000eca
0000219a
ffffe5ed
ffffd8a8
ffffa631
ffffbb7c
ffffd98a
000011a6
0000154d
00000dd3
000001eb
ffffff5e
00000281
00000375
fffffe77
fffff56e
00001949
000026aa
00000033
ffffff1e
ffffcf68
ffffdaa7
ffffca44
ffffe37e
ffffd5e8
fffff599
ffffeabd
fffffa9f
ffffed11
ffffef4a
000000b5
fffffecc
000012bd
0000066b
000003b0
00000f8b
ffffe978
ffffdccf
ffffdd68
ffffcb15
ffffcea2
ffffc9b9
ffffc9aa
ffffd761
ffffd01c
ffffdd78
fffffa3f
fffff422
000014c3
00001435
fffff592
0000182a
00000f44
00000c4c
00000032
ffffdd4a
ffffd031
ffffe1c7
ffffd454
ffffc430
ffffb07b
ffffc880
ffffe380
fffff738
00001c02
000024c3
ffffea43
ffffe29e
fffffe93
00001068
fffff98c
ffffdc00
ffffdce3
ffffea8c
ffffef22
ffffdbd7
ffffb6d4
ffff9e46
ffffc0a8
ffffe67c
0000149a
00001044
ffffd7d8
ffffde04
ffffe921
fffff04e
ffffe130
ffffdb16
ffffe6dd
ffffe69e
ffffe67e
ffffdb4c
ffffe3a7
ffffd491
ffffdb74
ffffe75f
00003fd0
00003a17
00004a16
00004528
000053e0
000055c1
0000538b
00004349
0000403d
00003b51
00003caf
00003c59
00003a3f
00003a84
000037eb
000030c2
00004865
0000482a
00004abc
00004705
000068ab
00006cb3
000076ea
00004f4f
000034da
00002a83
00003289
000036b8
0000382a
0000379c
000037bf
00002d49
00003f6e
000033c4
00004aeb
00005d30
00008560
00009024
0000a558
000072d8
00003e85
00002763
00002a8f
00002c79
00002956
00002af7
00002fd2
00002822
00004737
00004cf2
000049cb
00005a1a
000095a2
0000c774
0000e994
0000ac88
000072a1
00005c97
00004f3a
000057f3
00004c46
00004a58
000039b0
0000313b
00004350
00002acf
00002c06
00003f62
0000a677
0000ff76
0000ff4a
0000c26f
000072ba
000060cd
00005c82
00005a79
00003765
000032a6
0000295b
0000360c
00003843
00001ff0
0000055c
00002559
00006dc1
0000b0b1
0000c9d1
0000b120
0000558f
000031d7
00003d01
0000483e
00003d7e
000036ae
00003f15
00003933
00002c10
00003400
000025ba
0000472e
00003ada
00006efc
0000b73a
0000b4f1
00007a2c
00005ad5
00006c16
00006bae
00006644
000058da
000056bd
00004595
000027b7
00005036
0000580f
00006b9d
00005af2
00006ff9
0000930c
00008ea6
0000881a
00007227
00006b2f
00008766
00009642
00006cdc
00006bab
0000508d
00002bce
000035e0
00003e57
00004e69
0000569c
00005a98
0000564b
000054ec
00006f65
00006ba3
00007562
00008fdb
00009b82
00007816
00006f81
00004d9e
00002b1c
00001e03
00004238
00004906
000064c1
0000719b
00006607
00003a7e
0000316f
00001f1a
00004068
00005dfb
000064dc
00005524
0000596e
00003fa2
000039ba
000025a1
00004d41
00005088
00006571
00006451
00006de1
00007082
00003c6c
00003403
00004076
0000517f
000061b9
0000431e
000046a2
000036f7
00004614
00002869
000027c7
00002c60
000035ed
00004885
00004bb9
00004c71
0000396b
00005049
000058fb
00006270
00006fb2
0000541a
00005342
00002f0b
00003a08
00001d77
000014ca
00002b60
00002b52
00003091
00002fc6
00002f10
00001ae7
00001e15
00003c21
000059f2
0000796e
00004113
00003daf
000027f6
000038f5
00001dbc
00001664
00001905
00000fcf
0000035b
fffffe7a
ffffed04
000004ff
000022b8
00002071
00003858
000048e8
0000264a
00001fac
0000254f
000034dc
000018c4
0000207e
00001ca6
00001cd3
00000a8b
00000aad
00001138
00001b55
0000391f
0000326d
00002ad7
000010fd
fffff741
00000b91
00002051
00003a25
00003264
000044d9
000044d5
00003435
00002dc1
0000344a
00003c2e
00004cdb
000050c9
00003c5c
00002606
000016ab
000017a1
0000185e
00003a30
ffffa2cd
ffff68b2
ffff6d15
ffff6502
ffff6dc4
ffff82ac
ffff8d13
ffff7540
ffff7561
ffff72e1
ffff656b
ffff5ec0
ffff60e6
ffff53ab
ffff60b6
ffff7baf
ffffa13e
ffff623a
ffff615f
ffff7ec2
ffff5bd6
ffff4f28
ffff85e4
ffff88d4
ffff84ef
ffff78f9
ffff75cf
ffff6579
ffff5bbf
ffff4f69
ffff5566
ffff73ee
ffffc044
ffffb876
ffffc62a
ffffe00e
ffffa761
ffff7053
ffff8ee3
ffff94b3
ffffaa90
ffffa13b
ffff909b
ffff57c5
ffff59f3
ffff5a05
ffff61a5
ffff8450
ffffa9d1
ffffb105
ffffb745
ffffde24
ffffbc7d
ffff98e4
ffff6ebf
ffff65f2
ffffa521
ffffa88f
ffffa939
ffff7904
ffff650a
ffff5e75
ffff62c1
ffff9074
ffffb0ce
ffff7fa2
ffff6469
ffff7390
ffff9260
ffff99a3
ffff8cdb
ffff817e
ffffa008
ffff9205
ffff8f80
ffff8599
ffff754a
ffff7ee2
ffff80f8
ffff8f57
ffff980b
ffff744b
ffff5538
ffff58a1
ffff821b
ffffab36
ffffbbe1
ffff9d98
ffff9ff6
ffffa8c2
ffffac92
ffff99f0
ffffa35a
ffffb300
ffff9bc6
ffff8d98
ffff8a92
ffff6486
ffff4e43
ffff2a6b
ffff4504
ffff771d
ffffa07d
ffffa7cd
ffff80e1
ffff932c
ffff7a76
ffff6f55
ffff8465
ffffac46
ffff8ab0
ffff8e8a
ffff92d6
ffff714a
ffff5b33
ffff39ea
ffff62b0
ffff77a1
ffff909b
ffffa5fd
ffff6360
ffff67f8
ffff575c
ffff478a
ffff5c57
ffff7dd0
ffff733b
ffff8459
ffff89fd
ffff8ef0
ffff92a8
ffff7d8e
ffffabbb
ffffcdfb
ffffc29c
ffff9d62
ffff63bb
ffff53d6
ffff5a5b
ffff5add
ffff6b3b
ffff7221
ffff7677
ffff8dea
ffff7f85
ffff744e
ffff9f75
ffff9f23
ffffacc9
ffffbc80
ffffb98e
ffff8333
ffff6701
ffff63c5
ffff765c
ffff7254
ffff787e
ffff76b9
ffff7181
ffffa0aa
ffff7acc
ffff7251
ffff9a26
ffffc147
ffffbb7a
ffffbdcb
ffffa147
ffff7d7d
ffff707b
ffff7281
ffff76b9
ffff84eb
ffff9d97
ffff9b54
ffff901f
ffffae97
ffff70cd
ffff7976
ffff94d2
ffffd48b
ffffb05d
ffffb22d
ffffa273
ffff7ff2
ffff931c
ffff9bd3
ffff9123
ffffa544
ffffa956
ffffa282
ffff962e
ffffb536
ffff793b
ffff818a
ffff92ed
ffffb426
ffff8f5c
ffff4e16
ffff5096
ffff4ea7
ffff723a
ffffa403
ffffa7e1
ffffc296
ffffa6ce
ffffaf47
ffff9c24
ffffb581
ffff797f
ffff73a1
ffff925a
ffff9a2c
ffff8ed7
ffff6702
ffff5362
ffff5fdd
ffff76d0
ffffacc2
ffff9380
ffffa6c0
ffff8509
ffff6bac
ffff7ba9
ffff9b37
ffff960f
ffff9830
ffffc192
ffffcd02
ffffc603
ffffae1f
ffff90b1
ffffadea
ffffd9c0
ffffd839
ffffd44a
ffffc0c6
ffffa828
ffff9bd5
ffff96ff
ffff877a
ffffa97e
ffffa11b
ffffc10f
ffffd23a
ffffbf56
ffffb4e5
ffffa918
ffffb8c7
ffffc084
ffffc8a3
ffffdac8
ffffe1d2
ffffcf2e
ffffa7cf
ffff94db
ffffa11f
ffffea37
ffffe3b6
ffffeb14
ffffecb0
fffff8ce
ffffecf5
ffffe468
ffffdd30
ffffe6af
ffffdf33
ffffd8e6
ffffd437
ffffd48e
ffffdde7
fffff27a
00000118
fffffb41
00001813
00002e8d
00002b6f
00003692
00003e52
00001b1d
0000115e
00001b98
00000d25
000001ad
ffffeec7
ffffedc5
0000051e
000025bb
00001948
00000977
00004cbd
00004db4
00006a40
000076d0
00006c92
00003f90
00002137
00001521
00000b65
fffffaac
ffffedc2
fffff459
00000475
0000184f
00000e45
00000d52
00004c5c
000032ef
00004810
0000413d
00007456
0000709c
00002593
00001924
0000028e
ffffee9b
ffffffd1
00000a72
0000074f
0000038d
fffff2e9
fffff704
000048ca
00002c6b
000031d5
00001726
000034af
00003e95
0000463f
0000323f
00000629
fffff8e7
fffffb36
00000b00
000000e8
000001ea
fffff2b1
ffffce82
fffff252
00000e88
fffffd9b
ffffcf96
00000484
00000ac6
0000140f
0000143f
000030b9
000022fc
00001b5c
00001506
fffffb04
ffffef3f
ffffd947
ffffc4f4
ffffcadb
ffffdfff
ffffe095
ffffb1f5
ffffc1dc
ffffbfad
ffffd90b
fffff3fd
00001636
00002dc7
000031cc
000020e1
000007a8
fffff67c
ffffcc59
ffffcf17
ffffe299
ffffe9f4
ffffe9cf
ffffaf60
ffffb2b7
ffffdd0c
0000106c
00000e32
0000253d
000044e8
0000491c
0000369b
00002db5
0000115f
ffffe961
ffffde20
ffffe0e5
ffffe835
fffff9aa
ffffb9df
ffff9465
ffffa225
ffffeb48
000038d7
00001d33
0000136c
000036d9
000034e5
000034fd
00002267
fffff730
ffffe233
ffffe81a
ffffe8fc
ffffefd5
ffffc831
ffff8a2b
ffff7bb4
ffffd0b6
000011ed
0000195e
00002485
000038f9
00002304
00002f0a
000028d7
00000709
ffffea35
ffffea5a
ffffe755
fffff6c3
ffffd96d
ffffc2fd
ffffb717
ffffb072
ffffd011
ffffc672
fffffc39
00001ac2
fffffe14
00000cc2
00001c21
00000ce5
fffff230
0000025c
ffffed82
fffffb5a
ffffcaae
ffffd47f
ffffba0c
ffffafcc
ffffbbfb
ffffc116
ffffc73e
ffffe09c
ffffe401
fffff098
00001315
00000c04
ffffec71
00000827
fffff208
ffffebb3
ffffe816
ffffea1d
fffff2b3
ffffd4ec
ffffd5d3
ffffc68e
ffffb71a
ffffb641
ffffa60d
ffffcea6
00000952
00000025
ffffed83
00000ccb
fffff546
0000016d
fffff943
00000aaf
000002a8
00000dd6
ffffec76
fffff76f
ffffdbb1
ffffc36f
ffffb3a8
ffffc462
000006fe
00000a07
0000079b
00002314
00001d17
0000206e
00001381
000014e2
000008e2
00000aad
00000fd4
00001068
00000968
00000798
fffffd6f
fffffeeb
00001dd0
00000a5c
00000c0b
00001aa2
fffffdc4
ffffec16
ffffe9c3
ffffe7a6
ffffdbe8
ffffcff8
ffffe3fc
fffffc1d
ffffe62e
ffffe9b3
ffffd9bb
ffffdd8b
fffff500
ffffe9be
00002243
00002899
00001753
00001050
00002eab
00004690
00003f68
00002393
00001a5f
000018ff
00000919
00000803
00000a15
00001417
000016d2
00000ead
00003256
00003411
0000263a
000013b9
00002a3f
00006061
00005c8e
00002611
00001e9b
00000f2f
0000159a
000017a3
00000ce4
00001a96
000023dc
00000d39
00003930
0000183b
00003512
000031e5
00003575
00007ad6
00007339
0000214a
0000105f
fffff036
fffff796
00000365
ffffed43
fffffcd8
fffff8b1
fffff43d
00004b85
00003275
000004d8
00000ee5
00001c6b
00006110
0000847d
00004d08
000037ea
00002449
00001780
000017d1
fffff213
000006fb
fffffee3
fffff413
00003dc3
000021d8
ffffdc1b
ffffc62f
ffffe8fd
00001e55
00002f51
00005756
00003dc6
000031dd
0000278c
0000255e
fffff778
00000de0
00000a8f
0000027f
0000370f
00001688
fffffd7f
ffffcf18
ffffc1e1
ffffd9c3
fffffbf1
00005b99
000023e8
00001d41
00002c22
00003c61
00002f74
00004147
000024f4
00001e1e
000025a4
00002377
fffff7a6
fffff0a8
ffffde8c
ffffd3da
ffffd20c
ffffc541
ffffba6c
ffffca15
ffffdda2
00000648
00001a5f
00003e9a
0000268e
0000255c
000028f6
00002b74
00000985
00001f66
000011a0
fffff90a
ffffcd6c
ffff7233
ffff7188
ffff8a2f
ffff9b42
ffffa6e1
ffffd387
000019cd
00001e03
0000217d
00002303
000025e8
000011b5
000014c5
00002e35
000013e0
ffffbb98
ffff7854
ffff83c2
ffffb961
ffffb78c
ffffa4c5
ffffbea4
fffff46b
00002804
000025b2
00002143
0000187b
00002a44
000027ab
00003f0f
0000318c
ffffda74
ffff9ad6
ffff90e5
ffffbd04
ffffd23c
ffffcd3a
ffffe9b0
fffffac7
00002c6e
000022a3
000021d9
00001cd8
000030b8
00004352
00003ac6
0000034e
ffffeb8f
ffffbd40
ffffbc59
ffffd8cb
ffffe3ce
ffffee59
0000068a
00000090
000033b4
000028fe
00002748
00000d7e
000019d9
00002b93
00004948
000000a3
ffffcada
ffffd2a1
ffffd650
00000268
00000390
fffff15c
00000b96
00000082
0000325a
0000240f
00001a76
fffff57c
000008b6
00002c40
00001b48
00000d06
fffff2d2
fffff882
ffffffd7
00001725
00001b18
ffffffe0
fffffde8
ffffbf61
fffff138
00001391
00001ce6
00001182
00002b88
00003c1b
00001e81
0000056b
00001612
0000350d
0000293b
00002f99
00001a63
0000187d
ffffed25
ffffc1c4
ffffcf44
00000830
00003fbd
00005369
00007be3
00007640
0000654a
00005b14
00007823
00008067
000080bf
00008be2
0000824f
00006a3c
000032b9
00000317
00000ad6
00002972
000074a6
00009085
0000ad46
0000b623
00009ca4
00008e51
0000a059
0000921e
0000a70c
0000b530
0000abd3
00009500
00008aa3
0000768a
00007097
00006285
ffffe6d8
ffffef5a
ffffe96a
ffffdf41
ffffed8f
ffffe4b5
ffffe05d
ffffe1d5
ffffcf56
ffffd7ba
ffffd178
ffffdc3c
ffffe315
ffffe256
ffffdc21
ffffe61f
000005b5
ffffedbc
fffff7b1
000004f6
0000362e
00000487
ffffd027
ffffc8db
ffffc1fa
ffffc420
ffffb724
ffffcb04
ffffd3d8
ffffe97a
ffffd995
ffffdf56
000006fe
fffff5bd
fffff40e
00001462
00002b0c
000024ea
000011f6
ffffdf3b
ffffc691
ffffcc24
ffffcc13
ffffc878
ffffd90a
ffffef11
ffffeda5
ffffea0e
00001aaa
00003fa4
000035f9
00004637
00005136
00005146
00003d4a
000003fd
ffffea78
ffffed51
ffffdeac
fffff5ea
fffffc54
0000127e
0000251b
00000454
0000051d
00006fb4
00008f3e
00007bbf
000054b3
0000350b
00000bd6
fffffc85
ffffd693
ffffdcad
ffffdfa2
ffffeef9
ffffef39
000006a1
00002791
fffffb0d
fffff48f
00001444
00008c97
000069f9
0000115c
fffffcf8
ffffef0d
fffffb7c
ffffd5a6
ffffd664
fffff36c
00001c5b
fffffb84
0000066a
fffff6ee
fffff19f
ffffc37e
ffffd529
00003e73
00002685
ffffeed4
00000aae
00002e70
000028a0
ffffeda4
ffffee2e
00000ff0
00002bdb
fffffbc9
ffffe789
ffffce33
ffffd6d9
ffffbd30
ffffd1a1
000016bd
00001d0a
00002bab
00005663
0000718c
00004486
fffffa24
fffff819
00000d61
000015e4
fffffe6b
ffffe599
ffffcba5
ffffd892
ffffcccf
ffffd3c3
000007d7
00001f81
00002d15
00003e8c
000047e9
0000408e
0000311c
00002e3a
0000136d
000012c9
00000104
ffffec80
fffff602
ffffe925
ffffdbd1
ffffe293
00000c85
00001e2c
0000122f
0000376a
00003f69
00002006
00004467
00003808
00002edb
00001b30
00000fd8
fffff652
00000151
ffffffe2
ffffe80d
ffffdc32
ffffee8f
00003265
00003901
0000326b
00002c8b
00001328
00000823
0000177f
000022e7
0000038e
fffffd4f
ffffff1a
00000fab
000013ee
ffffd33b
ffffc2a6
ffffd3be
ffffe0cb
0000054f
ffffd264
ffffde2c
ffffe6b7
ffffe089
fffffee7
0000168b
fffffa4a
ffffeb7e
ffffee4a
00001202
00000dcf
ffffcf42
ffffc8a9
ffffcdb5
ffffcc96
ffffde6d
ffffe352
fffffb31
ffffe1af
ffffcd82
ffffcf2e
ffffe8b9
ffffc0cf
ffffbfd5
fffff397
0000125e
fffffc36
ffffd425
ffffde3a
ffffe423
ffffd74c
ffffd9a5
fffffc69
00002be1
00002328
000005df
ffffecad
fffff735
ffffedaf
ffffc71d
fffff520
00000ac2
00000d18
ffffe0bc
fffff71c
ffffff52
ffffe87c
ffffe5c0
fffff872
0000103f
00002aa9
00000c31
ffffed3f
ffffdb2c
ffffde62
ffffffab
00002260
0000087e
00000796
ffffff28
00000891
0000013f
fffffbba
ffffed87
fffff2fc
fffffd49
00000371
fffff259
ffffddb4
ffffe18c
ffffd361
ffffe499
ffffdfcb
ffffdc6b
ffffeead
0000113b
ffffffa8
0000109c
00000b77
00001ec8
000023fe
00001138
000007b4
fffffef9
00000954
fffff5d4
0000007c
0000068d
00001413
00000929
000004c5
00001c53
00000bf6
000013a2
000021a7
00004f46
0000555c
00002994
0000119c
00000840
00000375
fffff571
fffff56b
fffff5ec
00000f7c
fffffd15
000010cb
00002b7a
00003c3c
000045e9
00006325
00009d44
000095a8
00006312
000037a4
00001397
fffff450
ffffe4a6
ffffe325
ffffedd7
000005e6
0000051e
0000283b
00003ef9
00007db8
0000804c
0000c4c1
0000ea45
0000bd78
00008c20
0000583e
00002217
fffff974
0000017e
0000017b
0000004d
0000150a
00001a55
0000346b
00003c64
00008cfb
0000a0ab
0000b8db
0000798c
00008e17
0000ae1b
00009907
000043f9
00002198
00002a84
000029e3
00001da4
00002ded
00002f7d
00003d07
000006aa
00005e81
000080c8
00005c8b
fffff8d9
0000093d
00005e45
00006d37
00003f14
0000448d
0000436f
00004bb2
00004186
000034b9
000022bd
000032ef
00000434
000014eb
0000309a
00002961
ffffeecc
ffffe67e
000046e7
00003e50
0000372c
00004a5c
0000550e
000055d8
00004659
00003426
00000847
000010b8
fffffcc0
000010af
00000a13
ffffeb7a
000011b4
00001363
00006302
00005ebe
000048d6
00003614
0000481f
00004fa2
00005230
00001205
fffff3ba
ffffff7d
000017cb
00001f20
000021fd
00001da2
000027b2
00002bf0
000032c2
00003a13
000043da
00003ed0
000056f6
00004d4a
000048c0
00001fe4
00001356
00001658
00001204
00000ced
0000301c
00003920
00003232
00003d8c
000033da
00003134
000043d5
000034b5
000041bd
00002a83
00001417
00000c92
00001164
000025a6
0000010c
000019ea
000031e2
0000670c
00005cc9
000051c4
0000306d
00001072
00001b33
00001fd6
000020b9
00000356
fffffaa9
000021b6
00001a91
000031a7
fffff35c
00001318
000025a2
00004f6e
00003727
00001a28
00000eb4
fffff300
fffffc49
000006ec
ffffd31f
ffffbb67
ffffae50
000009eb
000015b1
000026e9
ffffebf3
fffff926
0000106f
00002197
00000eb3
fffff568
ffffe3a8
fffff7bc
ffffe1be
ffffec79
ffffe23a
ffffb54d
ffffa406
000007d9
0000195a
000024fe
00000938
00000efc
00001a5f
000019dc
00001111
00001098
00000dd0
00002dce
00002017
00001655
00000a89
00000f21
fffff0f7
00002e99
000014d7
000016cc
000047a3
00003429
0000281d
00002ec4
00002982
000030a0
0000335e
0000530b
0000484e
00003d33
00002ac6
00002525
000038b0
00004a78
00000d6e
0000254e
00004c0f
000044f3
00005ba8
00003db2
000034dc
00003711
00002f8d
000037ea
0000423a
000039d7
000031eb
000028a5
00002d23
00002f12
00002339
000027e1
00000ef0
00000ece
000002ff
00000c46
000009ec
00000cd5
fffff91d
fffff3ba
fffffa1e
fffffb46
fffff276
fffffd82
00000586
fffffb35
fffff4de
fffffa9d
00001d14
000014b3
000010b4
000024f0
000023c2
000026dc
fffffbb7
00000aa1
000005fc
00000283
fffff6ed
fffff7aa
fffff9c7
ffffe395
ffffdd18
fffff911
00001234
00000f50
000019fc
00003b48
00001280
00002187
000006e7
00001103
00002001
00001132
000007e6
00000b21
0000062b
fffffc06
fffffe70
00001486
fffffaec
00001f8c
00003304
00005eb3
00000a06
000024a7
0000090c
0000127f
00002bc5
00001e9a
00000743
00000222
0000018c
000004be
00001d3e
000020b3
00000425
00001669
00004333
00007201
00004410
00004e9f
00002931
000017e6
0000349a
00002e01
000008b7
fffff552
fffff1f9
fffff5d8
000028ca
0000434f
00000d78
00001228
0000309f
0000518b
0000410e
00001def
00000e6b
00002000
00003897
0000533c
0000441a
00001aef
00001d59
00000f94
00002821
00002d5c
00001def
000019fc
0000209e
00003c69
00002a66
00002653
0000314f
00003ce3
00004fbc
00007772
0000669e
00003abc
00002fc0
00004099
000042df
0000392d
0000208a
00001bfa
000019c1
00003519
00002696
00003821
000047e4
000058d4
0000696f
000087c2
000088c6
00005ec3
00004855
00002ea1
00002993
00001fc6
000026f1
00001efa
00001eb4
00001f6b
00001475
00003443
00006251
00009203
000074a9
000073f2
00008231
00008f9b
00008592
00003e27
000021ad
00000e9e
00001df8
00001dc8
00001622
0000050a
0000020f
00001915
000040bb
00006950
0000634f
00005fb1
00007030
00008303
00007917
00003591
000010e7
00000dc4
000016b1
000010dc
00000bbf
ffffebcd
fffff476
fffff1e4
ffffeb80
fffffe0d
000015ad
000030f4
00003b99
00006cf5
00005d5a
000024cd
000008dd
0000087f
00001a96
000012df
00000f53
00000bbf
000015f4
00002e22
00000e74
fffffae8
ffffe0bd
00000a7c
00002454
00004f0d
00004429
00001f3f
00000001
00000b68
0000192e
00000ad4
000009e3
0000089d
0000189e
00004e05
000044f4
0000296d
ffffee91
000010fb
000033f1
00006317
00006463
00003e48
00001b71
000024e6
00000cc9
00000a36
000016d3
00000b0b
000033e4
0000520c
00004663
00002469
fffff0ff
000006a2
0000267c
000064d4
00006392
00003ac3
00003a8a
000032f1
00001b63
00002163
00002761
000040cb
000051f3
00005e8e
00005d63
0000491c
00004b76
0000529a
00007104
000080bc
00006d33
0000628c
00006375
00005fea
00002041
000027c2
00003566
00003883
000040d8
000045f7
000050c4
0000452f
000049c9
00005575
0000477b
000057a3
00004cf2
00004ce9
00005720
00004e21
fffffb19
ffffef09
ffffef38
ffffe3b3
fffff05c
00000059
000007e4
fffff7d1
fffff50b
fffff919
ffffe976
fffff2f2
fffff475
000006db
fffff672
fffffef8
ffffeebe
ffffea2a
fffff55d
00000672
00001e1e
0000444a
00004f92
00002407
00000ea3
00000e5b
fffff9b2
fffffbe5
fffffad4
00000dc5
00000059
000012fe
fffffd21
000003e3
000008d3
00005579
00007ff8
000094a4
00008abe
00002cad
0000200d
00001096
0000081a
ffffffd2
ffffff9c
000009fb
00000ab4
00000d18
ffffeafe
fffffbc7
000003ce
00008ce3
0000bbc3
0000b842
00008231
00001f0b
ffffdd61
ffffe2ec
ffffeb5b
ffffd693
ffffd56f
ffffe4dd
ffffe4dc
fffffe31
ffffee23
fffff1f9
ffffd2c8
0000095c
0000222b
00004641
00001c52
ffffc5c4
ffffc749
ffffd557
ffffe92c
00000bc6
00000583
fffffb58
ffffd326
ffffe8ab
fffff195
fffff7a0
ffffb832
ffffaf87
ffffbee5
ffffe2c2
ffffc6df
ffffcc69
ffffdbc2
000003b4
fffffd55
00001662
000017a4
00001012
ffffe0ea
fffff3d2
ffffecc4
fffff50c
ffffe7f4
ffffcc81
ffffbfae
ffffafc3
ffff98bd
ffff9ddc
ffffaf10
ffffdd8e
ffffef9d
00001231
0000044d
0000063d
ffffd388
fffff333
ffffe778
ffffed1f
ffffd714
ffffe0f4
ffffe932
ffffb984
ffffa7eb
ffffb97e
ffffc0e6
ffffeb44
fffff891
00001204
ffffdd6c
ffffdd36
ffffcd97
ffffeb80
ffffe981
ffffeb51
ffffbcb9
ffffe194
fffff71a
ffffe42a
ffffca64
ffffa426
ffffccd1
ffffd75d
ffffff1c
fffff0e7
ffffc7a7
ffffc689
ffffd694
fffffbb5
fffff692
fffffdb9
ffffd81a
ffffefa0
ffffec18
fffff36b
ffffd25c
ffffa07b
ffffbbeb
ffffd6d2
fffff9e4
ffffdfbe
ffffc42c
ffffc690
ffffe219
00000957
fffffc96
0000051a
fffff87a
fffffae3
00000214
fffff08c
ffffd9fb
ffff9e9f
ffffba51
ffffc42d
ffffeb98
ffffe7e3
ffffd3e5
ffffd183
000003ef
00001af3
fffffbac
fffffc4e
000004ef
00000278
fffff35d
fffff951
fffff183
ffffec89
ffffc57b
ffffd41a
ffffe8eb
ffffdb2c
ffffe7c1
ffffd740
fffff852
0000193e
fffff994
ffffe8e6
fffffdd9
00001d17
00000bc1
fffffbeb
0000047c
fffffb2a
ffffdc8f
ffffeafb
ffffe671
ffffdce4
ffffe19c
ffffc19a
ffffcf3c
00000524
0000073b
ffffe9d6
00000684
00001a11
000022b5
000021b1
000012e4
00001dc3
00001c1a
00002a5a
000006d6
fffff19f
ffffd2ac
ffffcc72
ffffd208
00000fc2
000000ab
ffffe3bf
ffffe27f
ffffe46c
ffffeb82
fffff51c
fffff5cc
ffffefb9
ffffefe2
0000031a
fffffba5
fffff0b6
ffffd0b1
ffffaa17
ffffa503
fffffe5e
00000b33
00000e7e
fffffdf1
000001ad
ffffffb0
00000062
ffffff21
fffff682
fffff716
00000c26
0000128e
0000191e
ffffff5e
ffffda76
ffffc86b
fffff848
ffffb906
ffffa831
ffffa826
ffffad9d
ffffb4c7
ffffc925
ffffd037
ffffc5b1
ffffbaae
ffffc063
ffffc4d6
ffffc468
ffffac94
ffff9b87
ffff8c83
ffffa573
ffffa85f
ffff937b
ffff8982
ffffa6c8
ffffc401
ffffd227
ffffe0c1
ffffce30
ffffbf00
ffffc089
ffffc9f5
ffffcf40
ffffbb83
ffff959a
ffff85d5
ffff8c16
ffffb4ea
ffffae92
ffff6fb1
ffff84c2
ffffda2b
ffffd858
ffffe814
ffffd5d9
ffffc216
ffffc75c
ffffeb37
ffffedf1
ffffe61c
ffffc214
ffffa086
ffff9c6a
ffffc5c9
fffface0
ffff974f
ffff9b22
ffffa3b2
ffffb209
fffff9f9
ffffc685
ffffb54d
ffffb751
00000403
fffffd7a
fffffdde
ffffe7fd
ffffc92a
ffffb62e
ffffd4d5
ffffc4cd
ffffc27c
ffff9e77
ffff7c80
ffff7247
ffff8d83
ffff9f9c
ffff8b3b
ffffae1c
ffffed85
fffff380
0000012f
fffff354
ffffe92a
ffffc720
ffffd409
ffffd85f
ffffd338
ffffbca8
ffffb44e
ffff9935
ffff8af0
ffff9bd8
ffffb322
ffffe297
00000b45
00000a9c
00000303
ffffee23
ffffd9f2
ffffc8c0
ffffc633
ffffbf7c
ffffa97d
ffff8f2a
ffffc2ff
ffffc6c0
ffffb4e3
ffffb15e
ffffaf2e
fffff84c
000007b5
fffffbc2
ffffdece
ffffc732
ffffa8de
ffffabd0
ffffafb9
ffff9cbf
ffff7dee
ffff6df9
ffff8131
ffff9829
ffff9fe2
ffff787b
ffffed63
00002db9
0000192b
ffffe8b7
ffffb7af
ffffb647
ffffa236
ffff9915
ffffa307
ffff91bb
ffff7434
ffff66c5
ffff542c
ffff5978
ffff77e0
ffff9585
ffffe9e6
00001aec
00000df6
ffffe4e9
ffffbdda
ffffb586
ffffa8fc
ffffaa75
ffffb0e2
ffffa67c
ffff94b3
ffff8799
ffff769d
ffff7e05
ffffa5bc
ffff9a51
ffffae93
ffffb4c8
ffffc0c0
ffffcce9
ffffbe16
ffffc263
ffffb7af
ffffb62e
ffffb678
ffffaaac
ffffadfd
ffffa736
ffffbcbd
ffffb063
ffffc70e
ffffedf3
ffffc465
ffffa7fb
ffffbe8a
ffffcc21
ffffc78f
ffffc23c
ffffb77d
ffffb68a
ffffad54
ffff9980
ffffb163
ffffa335
ffffb965
ffffab1b
ffffbc88
ffffda23
fffff3f1
ffffc39f
ffffdfef
fffff366
ffffdfbc
ffffbc12
ffffb5db
ffffb217
ffffb816
ffff97c9
ffffc09e
ffffc038
ffffbb6a
ffffc6da
ffffcc05
ffffd991
fffff1d9
ffffdc66
fffff190
000005c3
fffff203
ffffbb4e
ffffaf51
ffffb603
ffffaef3
ffff879d
ffffa5ab
ffffae7b
ffffa104
ffffb327
ffffbded
ffffcee7
ffffd2e7
ffffcb5e
ffffcc67
ffffc62e
ffffb908
ffffa3ed
ffff9787
ffffb282
ffffa86b
ffff8cce
ffff8dbd
ffffa7e8
ffffb71f
ffffba28
ffffc10f
ffffaae1
ffffa343
ffffb5f0
ffffbcdd
ffffcc5c
ffffb1fd
ffffa9a6
ffff91f0
ffff9fec
ffffab01
ffff8106
ffff8655
ffffab99
ffffc70f
ffffcebf
ffffbde1
ffffad87
ffff9abb
ffffa3f6
ffffbb9e
ffffcfca
ffffcaee
ffffbd07
ffff9d67
ffffb519
ffffe9c0
ffffdcc6
ffffc666
ffffc463
ffffc80c
ffffda2f
ffffcdb7
ffffd230
ffffc1c7
ffffc5b1
ffffc1a2
ffffc987
ffffbc65
ffffc322
ffffd61a
ffffd723
ffffebe0
ffffe92d
ffffd23f
ffffd0a6
ffffc110
ffffb9aa
ffffa3c8
ffffa524
ffffafb8
ffffb458
ffffb026
ffffab79
ffffa8c8
ffffaf45
ffffc926
ffffd7af
00000396
fffff9d7
ffffc2bf
ffffaa45
ffffdec9
ffffd2f2
ffffaecc
ffffabaa
ffffb469
ffffb3da
ffffad31
ffffb3fc
ffffc1ea
ffffbb1a
ffffc134
ffffd0ee
000007ec
0000236a
00000a7c
00002304
00003f39
ffffcb5e
ffff94b5
ffffa88c
ffffd337
ffffd959
ffffe541
ffffe9ad
ffffd597
ffffcfdc
ffffd9fb
ffffd882
fffff11f
00002407
000021b4
00005bcc
00001ac2
ffff8c7d
ffff8384
ffff6f2f
ffffa026
ffffa112
ffffb5f5
ffffdd5d
ffffcb51
ffffc56b
ffffe211
ffffd4eb
fffff5d7
000020bd
00005934
00007ec1
00002be9
ffffb795
ffff976c
ffffa678
ffffd455
fffffb78
00000082
00000d9e
fffff3e1
ffffe4b2
ffffe002
ffffe5ec
fffff044
ffffe8d0
00001580
0000463a
00003961
ffffef1c
ffffe82c
ffffecff
fffff806
ffffc512
ffffbe3f
ffffdc7e
ffffd126
ffffd07a
ffffdede
ffffe294
ffffe8ec
ffffc4ab
ffffcc8d
ffffd554
ffffffdf
000013e9
00000dbf
00000170
ffffcf5c
ffffc3ec
ffffbfe9
ffffc986
ffffac93
ffffaeed
ffffc184
ffffd777
ffffdd61
ffffc4d4
ffffc6ef
ffffcd3b
000001e1
0000240e
00002881
ffffeaee
ffffb126
ffff8be1
ffff6a12
ffff639f
ffff6ce3
ffff79f1
ffffc4df
ffffe97a
ffffdea0
ffffd5cf
ffffe4e7
fffffa4d
00000918
fffffea9
000007f9
00001146
00000b66
ffffeea8
ffffaf29
ffff713a
ffff8810
ffffa62a
ffffcbe4
ffffe858
ffffe6a3
ffffc9df
ffffe64c
fffffd3c
00001c8f
00002318
000003a7
ffffdff2
00000554
00001726
fffff42c
ffffaa87
ffffa7aa
ffffc388
ffffe6c0
ffffe965
ffffd54b
ffffc94e
ffffe4a0
fffff9e0
00001aad
0000262a
000024dd
fffff874
00000145
fffff953
00001b67
000002b2
ffffd338
ffffc67d
ffffe5bd
ffffebe4
ffffd7fa
ffffe327
ffffed5e
ffffe3c4
ffffe5cc
fffff253
000000e7
fffff8b6
fffff1af
ffffdaaa
00000ea7
000010f0
000002b8
00000a5f
fffffe00
ffffea5c
ffffcda0
ffffd3e3
ffffca72
ffffbc94
ffffc574
ffffd184
ffffe5d8
fffffdd4
ffffff05
ffffe019
ffffe5da
ffffeaa0
0000036e
00001316
fffffc09
ffffe66d
ffffcfaf
ffffd39b
ffffe54a
ffffe468
ffffda96
fffff4e3
000008a3
00001287
00000a6b
fffff5ff
00000718
00000b90
00001781
0000282c
fffffe1d
ffffe54e
ffffd781
ffffc756
ffffcbac
ffffacb7
ffffaf8b
ffffcc22
ffffcf63
ffffdc3b
ffffd74a
ffffd156
ffffd173
ffffdf34
ffffe8c5
ffffe951
fffff825
ffffd3e7
ffffcefa
ffffdbe3
ffffc945
ffffe09e
ffffe2a6
ffffc4db
ffffc3f5
ffffc3c2
ffffbb8c
ffffbd7c
ffffb9fb
ffffc330
ffffbebc
ffffb43c
ffffd7e5
ffffef10
ffffd456
ffffee10
ffffd7e4
ffffea6e
ffffc667
ffff8eda
ffffa701
ffffb727
ffffc7e0
ffffccf2
ffffc61c
ffffc2c4
ffffb11b
ffffb455
ffffe3cb
ffffffa0
ffffddd6
ffffeced
ffffbe58
ffffd21e
ffff9ead
ffff98df
ffffc8f1
ffffb825
ffffcfb1
ffffd3aa
ffffe1da
ffffe988
ffffd714
ffffd7fb
fffff36e
0000121d
ffffe46e
fffff931
fffff4ab
000009cb
00000088
fffff432
ffffd4ef
ffffc1f6
ffffd1d8
ffffd20f
ffffeb18
fffff4c2
ffffdc99
ffffc811
ffffd980
00000566
ffffcb54
fffff07a
0000133c
00002155
ffffffda
ffffe220
ffffa96b
ffff98db
ffffb06c
ffffd108
ffffeb84
ffffe757
ffffe083
ffffc4e3
ffffd84d
ffffecd8
ffffbb80
ffffdd7e
0000230c
00002fe8
00001d80
ffffeb6f
ffffbd17
ffffc050
ffffd719
fffffcd3
fffff3af
fffff66a
ffffe7a0
ffffb903
ffffc177
ffffdd97
ffffc4ae
ffffca76
fffff6f4
0000113f
fffffc98
000004fa
fffff0b9
ffffed51
ffffe9ad
000017b8
000001ac
00000e95
ffffeb88
ffffe5e5
ffffebc3
fffffe95
ffffcee3
ffffb610
ffffd24d
ffffda9f
00000660
00002242
00002475
00002e5f
00002416
00003130
000022b8
000037a4
00000ecb
000017b4
fffffed9
00000be1
ffffd769
ffffb4d4
ffffbbc0
ffffcd00
ffffce88
ffffe2d9
00000ff0
00004336
000025d1
000006e1
fffff997
00000e1f
fffffe2a
000016d6
00000983
00001079
ffffd6d8
ffffc3c5
ffffb383
ffffc2fb
ffffc0e1
ffffc216
ffffe3c4
000017f5
00003cd2
0000384e
00001e37
000023bc
00001fff
00001c6c
00001056
0000169b
ffffceaf
ffffb211
ffff9fde
ffffa130
ffffb755
ffffa937
00000516
00000cdf
000027ee
0000383d
00002721
000024e4
00001b9e
0000258f
0000094e
00001817
ffffcc1e
ffffb892
ffff99aa
ffffa566
ffff9dae
ffffa174
ffffeb31
ffffe239
ffffdd81
00000b47
0000295f
0000423e
0000353b
00000ca8
fffff61f
00000562
ffffd1cd
ffffdc0c
ffffbf14
ffffb1f8
ffffa21f
ffffba86
ffffea97
ffffce9a
ffffbd5a
ffffd709
00000cb1
00004109
00003419
00000b9e
fffff034
000002b7
ffffd0cd
ffffe725
ffffca0c
ffffb47b
ffffbb19
ffffcf94
fffff0f1
ffffd2d3
ffffbcfe
ffffbf49
ffffdc8e
00000f2e
fffff7a4
fffff70e
ffffe6d6
fffff950
fffff89e
00002977
00002531
0000213c
00001909
00001dd6
0000277e
00002805
00002210
00001b7e
00002f99
00004714
00006158
000043ce
00001b8f
00001740
fffff4c3
fffff091
ffffe8f3
fffff3d3
fffff638
fffff6de
ffffeda1
ffffe905
ffffe5ad
fffff0ad
fffff8ea
000010e3
00000e53
00000aac
fffffe6c
00000b67
