ffffec2b
ffffed47
ffffe7f4
ffffeb29
ffffeb4d
ffffeb75
ffffeb4b
ffffe885
ffffe94c
ffffea87
ffffec42
ffffea1b
ffffea7b
ffffe950
ffffea84
ffffecec
ffffeac3
ffffe95c
ffffe6a0
ffffe7db
ffffe873
ffffed09
ffffeb9f
ffffe7d7
ffffe846
ffffebd1
ffffe93e
ffffe73c
ffffef6d
fffff247
fffff1de
ffffe7e6
ffffe520
ffffeebb
ffffecda
ffffef67
ffffee7b
fffff009
ffffedf8
ffffeba2
ffffed1e
fffff024
ffffefea
ffffec18
ffffee9e
ffffeb65
ffffedb8
ffffed57
ffffecbc
ffffe9c2
ffffef78
ffffee08
ffffe892
ffffea63
ffffeb16
ffffebb2
ffffedc0
fffff26b
ffffee30
ffffea74
ffffea4f
ffffe7c4
ffffeeec
ffffee80
ffffec5e
fffff8d1
fffff21d
fffff3ff
ffffed99
ffffecf2
ffffeb67
ffffed46
fffff0a6
ffffecee
ffffee24
ffffea32
ffffef17
ffffeefd
fffff2b4
ffffef94
ffffebd1
ffffed01
ffffeff4
ffffef06
ffffeb82
ffffef02
ffffee02
fffff44f
fffff41f
fffff15a
ffffedfd
ffffe931
ffffeb54
ffffeac5
fffff2e4
ffffef2c
ffffed63
fffff263
fffff096
ffffef12
fffff056
ffffec66
ffffe86e
ffffeafa
ffffd5bf
ffffd509
ffffe76c
ffffe519
ffffeb42
fffff283
fffff7f2
fffff204
ffffeb75
ffffef0a
ffffee99
ffffec48
ffffed3a
fffff148
ffffefde
fffff1c3
fffff0e1
ffffef0a
ffffeee1
ffffec8c
ffffeee3
ffffef88
fffff3ff
ffffefd6
ffffeb6d
fffff446
ffffef6a
ffffef1c
fffff0d1
ffffe989
ffffe57a
ffffbbd6
ffffa877
ffffbb92
ffffe92a
ffffe45c
ffffe8e9
fffff2db
fffff469
fffff08c
ffffef0f
fffff2ad
fffff601
ffffefc9
ffffebe9
ffffee17
fffff0b3
fffff2a6
fffff0b0
ffffee3d
ffffeeaa
ffffeedb
ffffeddb
ffffedd5
fffff150
ffffef89
ffffe8dd
fffff81b
fffff250
fffff0c1
fffff12d
fffff265
ffffc6ec
ffffabca
ffffbefb
ffffeb41
fffff5f5
ffffe6b8
ffffe8f3
fffff29d
fffff7df
fffff28a
fffff2de
fffff3c2
fffff40e
fffff048
fffff148
ffffeded
ffffec7c
ffffee81
fffff01a
ffffef47
ffffef4a
ffffef15
ffffed91
ffffecc9
fffff1d4
ffffeec7
ffffea0f
fffff9ce
fffff013
ffffef15
fffff404
fffff21d
ffffb8aa
ffffc283
00000239
ffffff50
ffffed7a
ffffe74d
ffffe770
fffff920
000001db
fffff6d7
fffff7f2
fffff0bd
ffffef47
ffffec4c
fffff406
fffffb0a
fffff425
fffff1b6
ffffedb1
ffffedd8
ffffef2e
fffff163
ffffec5a
ffffe8f1
fffff12e
fffff05d
ffffefc6
fffffe19
fffff8a0
fffff253
ffffe3b2
ffffd55f
ffffaef7
ffffebc5
00001ebd
000001ec
ffffe75f
ffffe3fa
ffffdf82
fffff615
0000031e
fffffa84
fffff82c
fffff1a4
ffffee7f
fffff553
fffffc8a
ffffff02
fffff885
fffff3dc
fffff4c2
fffff4f1
fffff359
fffff5fd
fffff376
fffff458
fffff8b7
fffff4c5
ffffef07
000000b1
fffff579
ffffed05
ffffd31a
ffffb303
ffffa014
ffffd5ab
00001051
0000091a
ffffe5ec
ffffcec0
ffffcef4
ffffecb4
00000675
00000663
fffff4ef
fffff1bd
fffff370
fffffaf2
ffffff32
fffff541
fffff503
fffff739
fffff588
fffffb6f
fffff5c3
fffffe23
fffff82d
fffffa0e
fffff63f
ffffee80
ffffe090
00000217
fffff103
ffffea65
ffffd497
ffffaf6e
ffffb56b
ffffd768
fffff2c0
0000095d
ffffde50
ffffb4b5
ffffbf3b
ffffdb5e
fffff5ed
000001ed
fffffda8
fffff2d3
ffffefe0
fffff0a5
fffff11d
ffffec6d
ffffeb15
fffff101
fffff1bd
fffff062
ffffee9e
ffffeea0
ffffe7f5
ffffee0b
ffffee0e
ffffe082
ffffdd09
00000668
fffff60b
fffff286
fffff2e5
ffffe62d
ffffda32
ffffccdd
ffffe3b9
ffffeded
ffffc4bf
ffffbc7d
ffffc9dd
ffffda26
ffffd22c
ffffea8a
fffff336
ffffff12
fffff74e
fffff062
fffffbd2
fffff7b1
fffff090
fffff1ae
fffff88c
fffff6bd
fffff601
fffff697
fffff18c
ffffee9b
fffff186
ffffe35e
ffffddfb
000000b1
ffffed12
ffffefcf
fffff33f
fffffae3
fffff218
ffffc34b
ffffcb43
ffffc613
ffffba85
ffffcdb6
ffffe9ff
ffffd463
ffffbfcd
ffffc173
ffffdca8
fffff0ea
ffffea8d
ffffee5e
fffff490
fffffbf3
ffffef21
fffff385
fffff9ab
fffff80c
fffff4b1
fffff516
fffff42e
fffff256
fffff2e2
ffffe60f
ffffe1bc
000000a3
fffff093
fffff4a8
fffff486
fffff667
ffffdf3f
ffffc811
ffffd6af
ffffc666
ffffcc77
ffffe0c9
ffffe6a7
ffffce7e
ffffbe10
ffffd67a
fffff1b5
ffffeb18
ffffdb85
ffffde97
ffffe3e5
ffffe6c5
ffffe904
ffffeeb1
fffff373
fffff0d5
fffff4af
fffff47d
fffff34e
fffff4f9
fffff58b
ffffe574
ffffe342
0000002a
fffff128
fffff31d
fffff362
ffffedbb
ffffd73b
ffffc874
ffffddce
ffffd6a7
ffffd973
ffffea21
ffffdc60
ffffcb7f
ffffdc88
fffffb34
000002a0
fffff85c
ffffe6b5
ffffe8d3
ffffdeeb
ffffe2e1
ffffea55
ffffeadb
ffffe4ae
fffff01f
fffff181
fffff582
fffff93e
fffff752
fffff565
ffffe80c
ffffeb2c
00000067
fffff344
fffff470
fffff4c2
ffffecd3
ffffd3db
ffffcd00
ffffe243
ffffdd7d
ffffe38a
ffffe97a
ffffd2da
ffffda11
fffff82e
fffffe9d
fffff6f2
ffffecef
ffffe7ba
ffffeff1
fffff589
fffff57b
fffff462
fffff473
fffff4bf
ffffe9a8
ffffee19
ffffee78
fffffd68
fffff375
fffff033
ffffe78e
fffff204
00000251
fffff3dd
fffff5b0
fffff78e
fffff0a6
ffffdc06
ffffcd10
ffffe0be
ffffe268
ffffed18
fffff30f
ffffe07f
ffffe377
fffffbdb
fffff8e5
ffffee3b
ffffef6c
fffff264
fffffb2d
fffff939
fffff425
fffff2b2
fffff47c
fffff570
fffff1a4
ffffe2b3
ffffeb10
fffffbc2
fffff22b
ffffefba
ffffe902
fffff229
fffffb8c
fffff5c0
fffff930
fffff953
fffff51d
ffffdcd6
ffffcf84
ffffe09b
ffffde68
ffffefc5
00000e6f
0000070b
fffff5bb
fffffb0b
fffff2dd
ffffeec6
fffff2a2
fffff32f
fffff999
fffff3d5
fffff49f
fffff2c1
fffff042
ffffec23
ffffeca3
ffffe7bb
ffffea45
00000277
fffffc0e
fffff5e6
fffff1cb
fffff201
fffffa8b
fffff650
fffff617
fffff69b
fffff3b1
ffffdefb
ffffcec4
ffffde5a
ffffdde2
fffff2fb
00000779
00000fb8
ffffff93
fffff42d
ffffec25
fffff109
fffff20d
fffff47b
fffff699
fffff3a8
fffff02f
ffffee99
fffff17b
ffffeddf
ffffee77
ffffece5
ffffe856
fffff712
fffffb16
fffff8c6
fffff2c0
fffff1da
fffff8f0
fffff50e
fffff465
fffff467
fffff291
ffffde56
ffffccda
ffffd1cd
ffffd52c
ffffe0e9
ffffda87
ffffef45
00000541
fffffe85
ffffee06
fffff16f
fffff1d4
fffff3bc
fffff446
fffff0fc
ffffee8a
ffffee45
ffffef57
ffffee3d
fffff0dc
ffffee46
ffffebc8
fffff285
fffffbd9
fffff854
ffffeff3
ffffeea2
fffff3c1
fffff486
fffff2ec
ffffed2b
ffffee1f
ffffe2cb
ffffd289
ffffd4c6
ffffdbc8
ffffce42
ffffc864
ffffde47
00000c89
00001093
ffffeccb
fffff2e5
fffff2d8
fffff2fe
fffff306
ffffee03
ffffef32
ffffef2f
ffffeeb0
ffffeba0
ffffef3e
ffffe915
ffffe1ae
ffffee5d
fffff5fc
fffff580
ffffede5
fffff2fa
fffff574
fffff3e7
fffff19d
ffffed30
ffffee15
ffffe799
ffffd719
ffffc729
ffffd92d
ffffcfc5
ffffd5b8
ffffe7e4
fffffbf9
00000839
fffff3e8
fffff779
fffff485
ffffef99
fffff0f1
ffffece7
ffffefa1
fffff123
fffff006
ffffec97
ffffeb4b
ffffe6d0
ffffe29d
ffffee1f
fffff5eb
fffff397
ffffeb6f
fffff1cd
fffff27f
fffff12f
ffffef54
ffffecfa
ffffef0b
fffff240
ffffe279
ffffc9e8
ffffcde7
ffffdcd3
ffffdccd
ffffdd80
ffffe588
fffff42b
fffff898
ffffff0e
fffffdf3
fffff1f1
fffff070
ffffef6c
ffffef9e
fffff06e
fffff169
fffff1f9
ffffec8c
ffffe97c
ffffe62e
ffffee28
fffff3a1
ffffefa2
ffffe8dd
fffff200
fffff0bf
fffff381
fffff0dd
ffffee45
ffffecc6
fffff37b
fffff262
ffffe81a
ffffd219
ffffdb26
ffffdda5
ffffd4dc
ffffc0f5
ffffca71
ffffec32
0000033b
00000db5
ffffef0b
ffffe769
ffffe6a0
ffffea9b
ffffe9c0
fffff164
fffff02b
ffffeff4
ffffeb44
ffffe24e
ffffec3a
ffffef5d
ffffebf1
ffffe77e
fffff09e
ffffefdf
ffffef7c
fffff1f0
ffffeb7a
ffffe672
ffffe817
fffff0bb
fffff25f
ffffe70c
ffffdca7
ffffdebe
ffffe740
ffffcde5
ffffccce
ffffda90
00000055
00001480
fffff2e6
ffffeb67
ffffe238
ffffe9bd
ffffedce
ffffef6e
ffffeeb6
ffffecc2
ffffe70b
ffffe07c
fffff0bc
fffff243
ffffee22
ffffe4f1
ffffebb5
ffffe722
ffffe805
ffffe4fa
ffffe2b2
ffffde9c
ffffe0c7
ffffe5ce
ffffe9ab
ffffe515
ffffe106
ffffe06b
ffffeb24
ffffdf39
ffffcf70
ffffdfc5
fffff578
0000001d
ffffee59
fffff09a
ffffe8ad
ffffe27b
ffffee6e
ffffea23
ffffe989
fffff281
ffffec48
ffffe191
fffff147
fffff467
fffff9c5
ffffe712
ffffe5ef
ffffeaca
ffffe9f6
ffffe8db
ffffe72f
ffffeae0
ffffecc5
ffffeee8
ffffe7bd
ffffe441
ffffd359
ffffcbe7
ffffd7dc
ffffdbd3
ffffcf6d
ffffdcc6
fffff5ef
fffffd6e
ffffe8f6
ffffde0d
ffffde23
ffffd2ba
ffffd901
ffffeecb
ffffe63d
ffffefa0
ffffe9dc
ffffe269
fffff35d
fffff246
ffffef4b
ffffdecc
ffffe425
ffffedac
ffffe6d8
ffffed4f
ffffe8cb
fffff2a8
fffff419
fffff5c0
ffffe6b5
ffffe1f4
ffffcc43
ffffd384
ffffeb65
fffff300
ffffdb0a
ffffdef5
ffffec83
fffff7ee
ffffec6d
ffffdbd9
ffffe0cf
ffffe0d4
ffffe647
fffff53e
ffffe7f0
ffffe28d
ffffe7c6
ffffe31e
fffff082
fffff04e
ffffebb1
ffffe0f9
ffffe249
fffff031
ffffe50a
ffffe7a0
ffffebb9
ffffecef
ffffed69
ffffec0f
ffffe907
ffffe758
ffffe09a
ffffe7ad
fffff400
00000410
ffffe0e5
ffffdf78
ffffef0b
fffffebb
fffff1d5
ffffe7e6
ffffe2d4
ffffe2af
ffffdf8f
ffffdbe3
ffffdcb0
ffffe70c
ffffee69
ffffec08
fffff49a
fffff477
fffff055
ffffe7f1
ffffea44
fffffbe8
ffffe9c8
ffffeb10
ffffe80e
ffffeb48
ffffedf1
fffff100
fffff1d0
ffffeccd
ffffe841
ffffe808
fffffc74
fffffcb2
ffffe9d0
ffffef3e
fffff45f
fffff7f7
ffffec29
fffff194
ffffee5b
ffffeb0a
ffffd794
ffffcc4e
ffffd62b
ffffd717
ffffe9da
ffffdec1
ffffdff5
ffffeec5
ffffef51
ffffeb5e
ffffe035
fffff17a
ffffe62b
ffffeeb1
fffff0b9
ffffeab1
ffffec49
ffffe054
ffffe62b
ffffe15c
ffffe1dc
ffffe783
fffff74d
ffffee6f
ffffed07
ffffedf8
ffffeb65
ffffe472
ffffe088
ffffded1
ffffdeba
ffffe32e
fffff044
ffffe8d0
ffffe4c4
ffffdad7
ffffdf15
ffffd85c
ffffe3cd
ffffe440
ffffef00
ffffe7f1
ffffe324
fffff5c8
ffffe6e4
ffffef66
ffffe20b
ffffd90d
ffffc9f7
ffffcaec
ffffdf67
ffffe583
ffffef2a
fffff1a6
ffffe980
ffffe158
ffffea25
ffffe884
ffffde6e
ffffeefd
ffffe479
ffffe0c8
ffffd6bd
ffffdaa1
ffffe647
ffffe367
ffffe023
ffffe3c8
ffffed77
ffffee58
ffffe5b8
ffffea25
fffff069
ffffe42c
ffffe318
fffff207
ffffe588
ffffe39e
ffffe3a4
ffffe11a
ffffe14a
ffffde50
ffffebbc
ffffe345
ffffda76
ffffe4c5
ffffdea8
ffffddd9
ffffe836
ffffefa6
ffffe7ee
ffffe90f
ffffec9e
ffffe3db
ffffdab7
ffffe581
fffff0af
fffff4ff
fffff001
ffffea27
ffffe783
fffff22b
ffffebff
ffffe1a6
ffffe5a5
ffffdf5f
00000b34
0000052d
ffffff6e
00000123
0000026d
00000313
0000046a
0000033b
0000013a
fffffd9f
0000003c
000000c9
00000154
ffffff9c
ffffffae
00000211
000000cf
fffffd70
ffffff2a
0000014b
fffffda0
00000026
0000049e
0000013a
ffffffa0
fffffe3c
0000006c
fffffde0
fffffc0c
0000010d
fffffd58
00000833
00000e54
00000f5d
00000cb9
00000b37
00000dde
000010ed
00000df1
00000c5d
00000bff
0000057f
00000b96
00000d93
00000e5e
000006a4
00000c7e
00000e46
000008fa
000008d1
00000ccd
00000e84
00000bc4
00000bd7
00000d3f
0000116f
00000b8c
000008ae
00000d32
00000ef1
000004bd
0000068a
00000db0
00000e31
0000093c
0000044d
ffffff9c
ffffffa7
0000020e
00000620
000006f3
ffffff59
0000018b
00000202
0000025a
00000573
00000636
00000078
000001f4
000001f7
fffffd81
fffffb0f
000000f9
000005ea
00000387
000003b9
00000175
ffffff00
0000018a
fffffee4
0000016b
0000035a
00000474
00000360
00000b28
00000c71
000000ed
0000059a
fffffeb4
000000a9
000003e5
0000061e
fffffb19
ffffe87a
fffffb5c
fffffed9
00000512
ffffffa6
000003ea
fffffda1
000004b8
000003e2
fffff949
fffff9a6
0000012d
00000169
0000031e
00000103
fffffe5e
fffffed1
00000081
fffffea4
0000021e
00000159
0000019a
000001f2
00000aa3
00000cbd
00000503
00000a0f
00000165
fffffd8e
fffffade
fffffae3
fffff2c2
00000770
fffff4ad
000001b2
fffffb34
00000126
000000f0
fffffb6d
00000129
000000a7
fffffe7e
000000bb
00000603
000003a2
fffffe9d
fffffef6
000001be
00000184
ffffffeb
fffffd6d
fffffe0f
fffffdf6
000002ca
fffffeb6
000006bd
00000cb8
00000887
000009cd
000004f6
ffffffb7
fffffef2
fffff03b
ffffdf84
fffffbb3
0000029d
fffffa4d
fffff161
fffff61b
fffffd0e
00000516
00000192
fffff9a0
fffff9c6
00000289
000004ca
00000815
00000608
000008a1
00000374
000001d1
ffffff86
ffffff2e
fffffe92
fffffe8c
00000332
fffffef4
000006d5
00000b3e
00000aee
0000095a
0000018d
ffffffa2
fffffa4a
ffffeda1
ffffefb7
00000d9f
00000709
fffff15d
fffff858
fffff4b1
fffffa52
0000006b
0000038f
fffff95e
fffffa6b
000001f8
00000451
000004ee
0000072e
0000069c
000000d5
fffffeb9
fffffe6f
000003b2
fffffcfa
0000014f
fffffe3a
ffffff25
000007f3
0000094d
fffff3b4
0000097c
fffffb94
fffffa51
000000c8
000000dd
000003ca
00000b53
000013a4
ffffff3d
fffffb0d
fffff359
fffff374
fffffec0
fffffd27
fffffc92
fffffe2c
00000215
000006ae
000001d8
fffffd39
fffffc78
ffffedfb
00000037
fffff76f
000000af
fffff7c2
000003f0
ffffff05
fffff7b4
000006df
000005f9
fffff12e
00000393
fffff8d1
fffff957
fffff15a
00000328
fffffd30
fffff522
fffffbde
fffffae1
ffffec48
ffffecb3
ffffee5f
fffff200
fffffc1a
fffff764
fffff903
fffffc15
ffffff67
fffffac8
fffffc21
fffff383
ffffef2a
fffff562
fffff711
fffffd7c
fffff627
fffff958
fffff6af
fffff951
0000024b
00000819
fffffa20
000000eb
fffff43d
fffff505
ffffef90
fffffe15
fffffbd0
fffff013
fffffb24
ffffeff8
ffffd637
ffffed66
ffffea0e
ffffe830
ffffe3a2
ffffe395
fffff5df
fffff735
fffff2cd
fffff108
fffff67a
fffff7a6
fffffd12
fffff212
fffff5ae
fffff5f8
fffff745
fffff574
fffff0a6
fffff4e6
00000053
0000076e
ffffff2e
000000d1
fffff05c
fffff31a
ffffecd7
fffff47e
00000117
000005cf
fffff350
ffffdae1
ffffd3c2
ffffef92
fffff2ae
fffff5ac
fffff685
ffffe134
ffffefa7
00000b53
fffffc4f
fffff907
fffff866
fffff960
fffff972
fffff5f2
fffff6c0
fffffb62
fffff7af
fffffa4b
fffff1db
fffff7d8
000000b2
00000a7d
fffffdee
fffffff6
ffffec00
ffffea37
ffffefe3
fffff301
fffff7db
fffffa36
fffffc99
ffffe2af
fffff141
fffff617
0000094a
000003c2
fffffd05
ffffedf1
fffff39c
00000334
00000707
000003b9
00000299
ffffff20
fffffc22
fffff74c
fffff375
fffff73f
fffff4bc
fffff54f
fffff183
fffff25a
00000177
00000855
ffffffc2
ffffff8a
ffffef46
ffffed7e
fffff338
ffffed75
ffffefaf
ffffff2a
fffffa0a
fffffa92
0000026e
fffffe3b
0000060e
0000090b
0000031b
00000c92
00000652
0000005c
00000df1
00000fcb
00000a0b
0000097d
000004b3
0000087e
00000f14
0000071a
fffffb96
fffff2c9
ffffeee7
fffff042
0000017f
00000707
fffffe89
fffffeea
ffffef44
ffffee45
fffff0c5
fffff26c
fffffc80
000002b8
00001041
000002d1
00001142
000009ae
ffffffaa
00000024
0000127d
000010ca
000011c2
000017b8
00000f1a
0000021f
00000a40
0000060a
00000623
000008b2
000010e0
00000f20
000002da
fffffbd0
ffffee4a
ffffecb6
00000000
000004fa
0000033b
000003be
fffff072
fffff2c3
ffffeff1
fffff6fd
000004d3
0000069e
000008ce
fffffeeb
0000198e
00001ce9
00000db4
000008ae
00000b26
000003b9
00000759
000005f2
0000046a
00001088
00001347
000011c3
000017f6
000016c3
00000756
000008d1
fffff59e
000003fd
fffff599
fffff43e
00000735
00000669
00000412
000003dd
fffff71a
fffff7b3
fffff2a3
00000029
000003e1
fffffcaa
00000383
00000629
000011cd
00001901
00000cbe
00000cba
00000512
000005a5
0000027c
fffffdd4
fffffe2e
00000034
0000002b
00000229
00000347
00000637
0000094a
00000ac6
fffff873
000004bf
000002cc
fffff922
0000092a
00000965
000002a4
ffffff1f
fffff922
fffff558
fffff7c6
fffffd9e
fffffe62
fffff9da
0000053b
00000c24
0000041d
000007c9
0000141a
00000702
00000643
000004f9
000004df
fffffb2a
0000002f
fffffdbe
00000249
000004ac
ffffff0c
fffffaeb
000003d6
fffffdc5
00000118
0000001e
000007b8
00000080
000009a7
00000a6c
000003b6
fffffe3c
fffffa54
fffff7df
fffff852
fffffb2f
fffffa78
fffff685
00000630
fffffffd
fffff537
fffff388
00000031
0000068a
fffffc25
00000157
fffffe9b
ffffff5f
0000030f
000002fc
000003e5
0000040d
00000238
00000053
000000dc
fffffd0e
000003ef
000005d7
000006dd
fffffdc1
0000091a
00000702
00000591
00000390
fffffbb6
fffff84f
fffff89d
fffff49f
fffff57c
fffff7f3
fffffa3d
fffffca6
ffffe91c
ffffef63
000007c9
00000d19
00000485
00000340
0000038e
00000425
00000219
000002e3
0000032f
00000283
00000351
00000246
0000039a
00000175
00000308
00001042
00000f5a
fffffc14
000003ae
00000820
00000454
00000272
fffffc64
fffffb90
fffff8a4
fffff3e2
fffff6e8
fffff7ea
fffffc76
fffff7a3
fffff742
fffff8b5
000004a1
00000827
00000500
fffffef5
00000472
000004e2
00000676
000003be
000004ae
0000048d
ffffffc5
ffffffb7
ffffff81
00000408
000003c7
00000c0a
00000e86
fffffe2a
0000057e
00000797
000002e9
00000018
fffff91d
fffffb1c
fffffa91
fffff3ce
fffff603
fffff1a7
fffff1f4
000001bb
00000175
000006d4
fffff3aa
fffff6c7
fffff32b
ffffffd1
00000080
000005ae
000005be
000002ec
00000117
00000288
fffffe19
00000331
ffffff23
000003cb
000004d3
00000c2b
000011a0
0000019c
000005e7
0000060f
000003d0
0000001f
fffff6d4
fffffb55
fffff954
fffff604
ffffed67
fffff0e4
ffffe4cc
fffff044
000001bf
0000008c
fffff64b
ffffeb08
ffffedad
ffffef95
0000019d
000005f0
00000379
000000df
fffffd73
ffffff1b
000000ec
0000013a
000002ad
00000216
000004ad
00001016
000014d5
fffffe66
000000a4
0000050c
fffffe1c
fffffd39
fffff499
fffff528
fffff2fa
fffff100
ffffedad
ffffeb04
ffffe1bb
ffffdb93
fffff1c2
0000090c
000009e1
fffffb73
fffff36c
ffffeed3
fffffd69
fffff729
fffff5d7
fffff46a
fffffbd2
fffffd5f
ffffff24
fffffdf6
000002bb
000002b9
000006ef
000005aa
000010e6
0000018a
00000093
00000312
fffffe19
fffff94e
fffff5f5
fffff2f2
fffff275
ffffeba6
ffffe91c
ffffedf2
ffffe8c0
ffffe2cf
ffffec2f
000009f2
0000117e
0000091f
0000069e
fffff1c9
fffffb1a
fffff4b0
fffff6ab
ffffeca5
fffff155
fffff6be
000001ec
fffffdaa
00000257
00000056
0000040e
fffffbd9
0000006e
00000090
fffffddc
00000534
fffffd29
fffffbdc
fffff312
fffff37b
fffff552
ffffed1d
ffffea81
ffffef64
fffff192
fffff364
00000456
ffffff1f
00000d90
00000b5e
00000611
0000025b
000002db
ffffffdc
fffffa30
fffff831
ffffec19
fffff647
000004a9
fffffb6d
fffffeea
000003b7
00000157
00000401
00000053
fffff88e
00000347
00000328
fffffc91
fffffe9c
fffff394
fffff3bf
fffff344
ffffe6e8
fffff131
fffff5e6
fffffa31
fffff689
fffffb3f
fffff9cf
000019ab
fffffe9e
00000b48
00000be4
000006b3
00000859
fffffb74
fffff3ad
fffff05b
fffff0e5
fffff871
fffff904
fffff37b
00000316
000003e7
000008ff
0000076b
ffffefd3
fffffff1
000009ff
00000380
fffffe46
fffff686
ffffee45
ffffef70
fffff504
fffffd26
fffff921
fffff77a
fffff65b
fffffa6a
fffffcc0
00001428
0000080b
00000f6e
00000bac
0000028a
00000009
fffff07d
fffff836
fffff87b
ffffed7c
fffff46c
ffffe6d1
fffff1aa
fffff2be
fffffb6a
fffff1ce
000008f9
fffff55d
000004f2
00000580
00000075
00000221
fffff84f
fffff502
fffffb36
fffff75a
fffff36a
fffff873
fffffb34
fffffa84
fffff5ef
fffffbd2
fffffb0e
fffff47f
fffffc06
0000048a
000011f8
fffffd85
000005d4
fffff93d
fffff54d
fffffa33
ffffe210
ffffde69
ffffef3e
ffffed0c
ffffe4ad
fffff069
fffff0a2
ffffeff0
fffffeb9
00000977
00000742
00000276
ffffefc5
ffffef9e
fffff5e9
fffff64a
fffff80f
fffff30c
fffff4bd
fffffad0
fffffb8f
00000857
00000076
fffff44b
fffff025
fffff2e1
00000633
fffff3bc
fffff453
00000633
00000b05
000004bd
ffffef3e
fffff8b5
fffff66e
fffffb80
ffffe87b
fffff9db
0000058d
fffff675
fffffe70
00000a37
000007b0
00000408
fffffbd1
fffff67a
fffff475
fffff380
fffffdc1
fffffb7d
ffffec9b
fffff00e
fffff3c0
ffffec2f
ffffefbe
000000f6
fffffed0
fffffac1
ffffff17
00000689
fffff7a1
fffffa0c
fffff7f0
fffffbcb
fffffdd8
fffff909
fffffbdf
fffff68f
fffffc5c
00000505
0000008e
0000013c
000007f0
000009a6
00000e4c
00000a05
0000005b
00000560
000005bf
00000ec1
00000152
00000dd6
00001691
00000d14
00000586
000000c0
fffff68b
00000104
00000cdd
000005f3
00001130
000017d4
00001435
000013ac
00001734
00000fd4
00000d5c
00000a70
00000cbf
000004e1
00001b43
00001295
00001311
00000fb5
00001351
000009fc
fffffd22
0000045d
fffff147
fffff584
ffffef36
fffff383
fffff9c8
fffff830
0000009c
ffffe9d3
ffffecce
fffff3fa
fffff736
fffffc50
00000897
0000097e
00000182
00000446
000000f5
00000bb4
00000840
000005af
00000f0c
00000a98
0000051f
0000078a
fffffe09
0000092b
00000d8b
000001ba
fffffce1
00000bee
000007c8
00000ed3
00000abf
000007f6
000003ea
0000013b
00000456
000007b8
000008b7
00000ade
00000860
00000718
000009d1
00000504
fffffcca
000001aa
0000079e
000006fa
00000492
fffffeb4
00000362
0000064c
00000249
00000654
00000824
000004d6
ffffff95
fffffe17
ffffff7a
fffffc96
fffffc36
0000014f
00000b50
00001e7b
00001c7a
00001b6d
000015e1
00001285
000011a6
00001350
0000115a
0000136c
000012eb
000011f3
00000f26
00001162
00000a8d
0000093a
000011cf
000012dc
00000d74
00000159
00000d4a
000011cd
00000b72
00001429
00001d9e
00001b6a
0000107b
00000b76
000017e4
00001753
000007d0
000015d2
00000660
000008da
00000921
00000a94
00000d55
000008eb
000010aa
0000131d
00000ae8
000003cb
00000832
000008ba
00000759
00000ab1
00000466
0000063c
00000789
00000810
0000030b
fffffd11
0000017f
00000cb1
000008d3
000008ac
00000a2c
00000b31
000007a4
00000844
000013ab
00001a0f
00000b2b
00000f28
ffffff75
0000070c
0000028a
0000083e
000004b9
00000515
00001211
fffff7aa
fffff2f9
fffff497
0000072d
00000d6e
00000d88
000007c7
0000032c
0000044b
0000074c
0000069e
0000043f
0000015e
fffffe19
0000013a
000002ed
000002c2
00000644
000009ea
000006a5
000006ec
00000ab9
00001066
000002fa
00000bfe
fffffbdc
00000a4f
00000555
00000ea7
00000852
00000120
ffffef1c
fffff292
ffffed79
00000bcc
00000af6
00001187
00000b6a
0000081a
00000499
000007b3
00000561
00000406
00000d38
000007f7
000001bc
fffff884
fffffd23
000002c0
0000096c
00000b91
00000bf6
00000689
00000586
0000106c
000002cd
00000b32
00000357
00000a78
000005c1
000009a2
00000a1a
00000293
ffffd2a0
ffffdbbc
fffffa21
000017ba
000007c9
000010bd
00000c5d
00000bc9
00000af4
00000cfd
000007f5
ffffff55
00000aa2
00000760
00000792
000008a2
000008ed
00000b64
00000928
00000bcb
00000e0b
00000a83
000005a5
000007f0
0000045c
00000b6e
00000386
00000510
0000032e
ffffff7a
0000026c
fffff7bb
fffff7a6
00000ed1
0000066a
000004b9
000013dc
0000148a
00001014
00000a08
00000266
00000477
000002ff
fffffc02
fffffed3
00000e1d
00000d64
00000d98
000006ea
000000f7
00000ef6
0000060e
00000a1a
00000563
0000072c
000002a8
fffffee0
00000c7b
fffff6e1
ffffed58
ffffea27
ffffee68
ffffde12
ffffe888
fffff651
00000b2b
fffff57e
00000f7c
000017f2
00000ede
fffffb0d
00000801
fffff692
ffffebbf
ffffe812
ffffe9ea
ffffed21
fffffcb8
000002f1
fffff96c
ffffe1a3
ffffdf8e
ffffeeac
fffff1df
ffffeff1
fffff4e2
fffff58b
fffff3a0
ffffecee
00000096
fffff4a9
ffffed30
ffffe270
ffffd35a
ffffdef5
ffffbc3a
ffffe84b
ffffed79
0000015f
0000186c
00001b60
fffff3f0
ffffe924
fffffe63
0000189f
ffffee44
ffffe493
ffffd7f7
ffffd46f
ffffd19c
ffffdb0f
ffffccf5
ffffcea7
ffffcb5c
ffffca8b
ffffd426
ffffd32d
ffffd8b7
ffffd66b
ffffd513
ffffd845
ffffebbc
fffffe0f
fffffec4
fffffec6
ffffe3fa
ffffe2de
ffffc919
ffffb12b
ffffce73
000001f7
00001d6f
fffffefe
ffffe43e
ffffdd3f
fffff093
00002c0c
00001de2
fffff42c
ffffdcd5
ffffdeed
ffffde1a
ffffdc0c
ffffe30f
ffffe9a5
ffffeb51
ffffec9e
ffffdd4f
ffffe0bf
ffffe48b
ffffe6c3
ffffe92a
ffffdb63
000006f6
00000ee1
00000c2c
00001276
0000060d
0000013f
fffff165
ffffe382
ffffe891
fffffb94
00000285
ffffe747
ffffe342
ffffed56
fffff222
00001fb2
00004cda
00002355
00000f6d
0000047c
00000d81
00000a16
00000607
0000083e
00000c82
00000cee
00000722
00000895
00000769
00000a02
0000069a
fffff31a
00001e5b
0000123b
00000ad1
00000a93
00000c66
00001827
000013af
00000d60
00000661
fffffc13
fffffcc7
fffffaa9
fffff0d4
fffffd26
fffffa29
ffffed01
000011cd
0000450c
0000235e
000013b7
0000163d
0000176f
000014eb
000016a0
000018bf
000019db
000012c1
00000f66
00000bd8
00000ec5
00000985
fffff7ad
00001d17
0000179b
00000cac
00000d48
00000dc8
00001269
00001800
000002b9
fffff919
ffffecf5
000006a4
000008a2
0000042d
ffffee74
ffffd839
ffffc2eb
ffffe390
00001ea9
00002c35
00001562
00000514
0000067a
00000a6a
000007ec
00000f95
00001af1
00001bb3
00001003
00000d30
00001341
00001196
fffff567
00001408
000018ad
00000f10
000013a5
0000101f
00000eaf
00000f1f
fffffa1c
fffff685
fffffb7c
000009fc
00000494
fffff425
ffffe007
ffffd76f
ffffdc90
ffffefbb
fffffe49
00001803
0000113b
00000737
00000b76
00001030
00000b4e
00000b71
000018cb
00001a3c
00001b43
00000c4f
000011c4
000016b3
fffff297
000010b6
000014e2
00001161
0000137d
000015e3
0000105b
00000a48
fffffbbc
fffff2d1
fffffb1c
fffffab6
fffff55f
ffffd1d0
ffffd55d
ffffddfe
fffff0bc
00000286
fffffcb9
fffffddd
fffffc92
0000047c
00000b5e
00001b97
00001445
000014fb
0000216d
000030fa
0000343e
00001bfe
00000a10
00000bf5
fffff3d4
00000d5b
000011a2
00000790
00000d9f
00000d6d
00000c57
00000752
fffffbaf
fffff5c5
fffff87f
0000040d
fffff764
ffffdffe
ffffe93c
fffff027
fffff483
0000096e
fffffd60
fffffbc2
fffffe89
000006fe
0000069c
00000279
00000260
000002dc
00000687
00002012
00003b30
00002c41
000009d9
0000095e
fffff62a
00000e6e
00000f37
00000ac0
0000096a
00000726
000009e6
00000cdb
fffffbc0
fffff9fc
fffff721
000005b6
000009d6
fffffd44
000002ed
000006fe
ffffff7a
fffffe9c
fffffabf
fffffbee
00000445
000005e2
00000ace
000006ab
00000a93
00000555
fffffda3
fffffcba
00001a01
0000213f
0000055d
00000d53
00000185
00001065
00000be3
00000b63
000006bd
00000ee6
00000e2f
000016cf
000005bb
fffff7c4
fffff78d
000000c1
fffff9ef
000003d0
00000b2a
000009fb
000006ae
fffffc50
fffff934
fffffac6
000001d9
000007af
0000059e
0000059e
000006f4
00000809
000006c7
00000704
00000e67
00001986
00000b8a
0000161f
00000a62
00000e14
00000aeb
00000c2a
000009a6
00000e1e
0000124f
00001cdf
0000130d
fffff2d9
fffff3d4
fffff788
fffff412
00000015
00001168
000010f1
00001a83
00000866
00000533
0000051c
0000053c
000005c3
0000054a
000006da
00000957
0000054d
00000552
00000b88
00000c46
00000d96
000005f7
00001713
00000732
00000e9d
00000c20
00000b56
00000818
00000b30
00000e31
00000e48
00000fa5
fffff418
ffffe567
fffff4c2
000001f6
000007ed
0000112c
00000db2
0000182f
00000aff
00000587
00000743
000008b2
00000641
00000846
00000acb
00000665
000005c9
0000053f
00000830
00000e38
00000aba
fffffc56
00000a22
000004f6
00000d2f
00000fd1
0000137d
0000129f
00000e92
00000a00
000009c7
00000dcc
000003b3
ffffe29b
ffffec9a
fffffd3d
000000a3
ffffecbe
00000444
00000d2b
00000656
000001dc
00000539
000004cd
00000755
000006b1
000005cd
0000066e
000004be
0000087c
00000d94
00000c5d
00000de9
fffffe67
00000a6e
000000b5
000009b0
00000c7e
000012e0
00001222
00000d99
00000e0a
000006c1
000009c2
000001b0
ffffef47
ffffd8d8
ffffe55a
fffff58b
ffffe369
fffff82a
fffffc12
00000f5e
00000aec
00000a31
000006f5
000009e9
000001d9
000006c5
0000073c
00000767
00000680
00000fb9
00000a50
00000a54
000005ec
000009ae
ffffffa4
000008bf
00000ad0
00000f6f
00000502
00000354
00000555
0000066c
000001cf
000004c0
0000040a
fffffbf1
ffffd9e8
ffffe887
fffffbde
ffffffa8
00000a97
000007a9
000012f2
0000069c
0000006a
fffffd72
fffffe74
00000278
000007fc
00000829
000005d6
00000d42
00000deb
000003b2
ffffffa0
ffffffa3
fffffbb5
00000c9b
000007a6
000006d4
fffffa3c
fffffa4b
fffffb73
000000f7
fffffbaf
fffff923
fffffcab
00000f04
000003ca
fffffc6d
0000003c
000007fb
0000132c
0000065f
fffff807
fffff9ce
fffff4ff
fffff518
fffff9fb
fffff961
000005d9
00000788
00000c5c
00000988
0000108f
fffffeae
fffffee4
fffff6b7
fffffd3a
00000e3e
00000467
00000aa4
000004bf
fffffe18
fffff9a4
fffffcc7
fffff621
fffff2b0
fffffd12
0000040e
0000075f
fffffe61
fffffaa3
ffffeeea
fffffb9c
00000597
00000aca
000001e7
fffff25f
ffffe506
ffffedf2
fffff74b
fffffdf1
00000878
00000472
00000946
00000b50
00000368
00000033
fffffc3d
ffffee3b
00001363
000001b4
00000788
fffffd1e
00000491
fffffefc
fffffe89
00000903
0000078e
000003e6
000008cb
fffff9ff
fffff7cf
fffff420
ffffd8c5
ffffde63
fffff491
00001826
000015e6
fffffcd6
ffffefa2
ffffeaca
fffffcb8
00000bd7
00001496
00001047
00000463
ffffff27
fffffdce
fffff58b
fffff581
ffffe392
000012c8
ffffffed
0000046b
0000015b
00000870
00000917
00000872
0000103a
00001664
00000c7e
000005d1
fffffa0e
ffffeecf
ffffde30
ffffd328
ffffd24b
ffffe88d
0000146a
00001953
fffffba7
fffffa55
fffff9ec
ffffed75
0000199a
00000538
000000c5
00000ae8
00000a62
0000020b
ffffed9e
fffff023
ffffea0f
000011bd
fffffdc2
fffffb08
00000150
00000624
00000c46
000010a5
00000e75
00000f1b
0000056a
00000f08
00001260
fffffe7b
fffff012
00000570
ffffe932
ffffea24
0000098d
0000181a
000012e9
00000b29
00001040
000009a7
fffffeef
fffff231
fffff175
ffffec57
0000076b
00001123
fffffd6b
ffffff44
fffff3ee
0000083f
00000f5b
00000fad
00000842
00000bfc
00000b91
00000a9d
00000ac3
00000baa
00000d33
000001f9
00000153
0000024c
0000069a
000019ad
0000123a
00000590
0000071f
00001559
000009a1
fffff595
00001533
00001cc3
fffffb71
00000dbf
fffffdd9
fffff116
ffffeb95
00000d32
00000e1f
0000066b
00000444
00001120
0000131f
00001858
000010d5
0000119d
0000179b
00001749
00000720
000000db
000005aa
000009b5
00000033
00000d56
000003ad
0000059d
000005a9
00000e62
0000013c
00000ff4
00001b76
000002da
fffff23a
0000060c
fffffbc5
00000674
0000158b
000003e7
fffffe98
fffffc70
fffffd92
fffffac2
fffffa99
00001b14
fffff4e4
ffffffc6
fffffe64
fffff167
fffff8b9
fffffe01
fffffe51
fffff3d6
ffffff0e
0000038e
00000328
fffff7d4
000000e7
fffff06f
ffffec20
ffffefe1
ffffeba2
ffffe8d8
00000378
00000959
fffffd55
fffffcc1
fffff930
fffff4dd
fffffe07
fffffd1c
00000245
fffffd39
0000093a
000000a8
ffffeb67
00001867
fffff87d
fffff472
fffffe94
fffff5fb
ffffef25
ffffec1b
ffffeb92
ffffeb45
ffffe836
ffffe5e7
ffffefb4
ffffecfd
fffff641
fffffc8e
fffffbf8
00000036
fffffff9
ffffeec6
fffffbfc
ffffffac
fffffcd9
fffff400
000000c3
fffff77e
00000003
0000021b
0000001a
fffff832
00000fa3
00000421
ffffe4af
00000170
00000522
0000018d
000007e1
00000ba0
00000a5b
00000983
000003a7
00000736
00000447
000002e3
00000614
000005a9
000003bd
ffffffd8
0000067a
00000a2a
000004c1
000002e4
00000c9b
0000091d
000005fa
00000cb3
000008be
000006d1
00000b80
00000b2a
00000a4c
00000648
00000ad3
0000090d
0000053b
00000f44
000001ef
00000195
000008f4
00000fa8
00000f72
00000b5b
00000641
000006d9
0000091f
00000e8d
00000e19
00000b94
00000206
0000069d
00000ff1
00001134
00000e0c
00000c7b
00001441
000012fd
00000f9c
00001201
0000128a
00000836
00000bfc
00001154
00000f2e
00000899
000007d9
00000f4f
00001360
0000089d
00000160
000003d8
000010af
00000fe8
00001311
0000061f
0000050d
000007dc
00001168
000019b3
00000ab9
0000053c
000002d0
000008a5
0000131b
00001359
00000cb9
0000111d
000012c1
000013ab
00000f87
000008e4
0000076d
000006b6
00000c1e
00000def
00000d4c
0000091a
00000707
00000e4b
00000c04
000002fd
ffffffbb
00001154
00001306
000015fb
00000c73
000001b1
00000a9a
00000c5f
00002553
0000244f
00001fec
000011fc
000006e0
00000a12
00001482
00001108
00000cdb
00000fb6
00001142
00000f6c
00000f8b
000002f2
0000073b
00000f82
00001394
00001170
00000e4a
00000d28
00000986
00000d13
000009ca
0000011d
000006f5
00000ee6
00000f59
00000b4e
00000577
00000c4d
00001dfb
00001cbd
00000e85
00001a1c
000006ca
00000d38
000007bb
00000bce
00001152
00000eea
00000f62
00000da0
00000941
000006a4
00000787
00000ebe
00000fe3
000016fc
0000130a
00000a17
0000064d
00000a52
00000d3e
00000b34
00000570
fffffc5d
00000585
000009aa
00000a35
00000245
fffffe03
0000036a
0000094c
fffffa73
000023b6
00000a2e
fffff922
0000092b
00000b8e
0000043b
00000958
00000669
00000993
0000084e
00000291
000006e4
0000080f
0000119b
00000f0f
00000eb5
00000e52
00000782
000003bb
000008aa
00000d53
000007f2
00000535
fffffebc
fffffee8
ffffff73
ffffffa0
fffffa58
00000503
0000176b
000008bc
ffffcaba
000012e7
00000ea4
fffff784
00000543
00000b13
fffffbab
ffffff79
000004c5
000004ab
00000ad1
00000577
00000681
0000086c
00000a8f
000007c5
0000074d
00001237
00000925
000003b0
00000137
00000876
00000416
0000057f
fffffea3
00000280
00000e45
000004cf
000001c0
00001265
000025c9
fffffa73
ffffd1c3
ffffe66c
00000ace
fffffeee
00000eeb
000008a9
ffffdcc4
00000089
00000f81
000010f3
00000e45
00000a4d
0000011e
000001cc
00000241
0000016c
00000c13
0000098d
00000471
00000727
000005be
0000038b
0000032a
000008de
fffffd4e
0000019f
000009a9
00000fab
00001969
00000afd
0000039a
0000065d
ffffe102
ffffe02f
ffffed1e
0000132e
000019b9
fffffd56
ffffde7b
ffffee04
00000f43
000015ec
00001455
00000acd
00000123
000002ca
0000081a
00000d38
00001046
00000ba9
00000a84
00000879
00000ddc
00000d6c
00000b16
000010e2
00000f77
00000d51
00000e11
0000167b
00001227
0000050b
fffff6e6
000007c3
00001a5b
ffffee50
ffffe6b1
00002131
00001976
fffff9d6
fffff212
ffffe04f
ffffff95
00001271
0000136f
000008b1
00000664
00000e0d
000014c8
00001881
00000b65
00000cc1
00001356
00000d81
0000142b
000014fa
000010f7
00001081
0000175a
00000c1e
000012a5
00001345
00001239
0000008b
fffff2c4
000008e6
000028e0
0000016e
ffffeed4
0000105a
00000c8c
0000103a
fffffb9e
fffff8a8
fffffb16
00001242
00000e67
00000d1a
0000106d
00001e6a
00001968
0000191c
00001118
0000103c
0000186d
0000192c
00001b4f
00001ab0
00001aa6
000019ab
00000c62
000003a6
000005ff
000004a7
000005e6
fffff770
00000330
00000c20
00000db2
00000729
00000372
00000652
00001796
fffff962
fffff009
000004a6
000003e8
00000a12
ffffff1b
fffffc56
00000197
000008a8
000000f0
ffffff1c
fffff849
000002bf
000003a8
00000c60
00000cfc
00000ec3
00000f02
00000cef
00000021
00000396
00000607
000004e5
00000289
fffffaed
000008e0
000014ef
00001a7b
fffffdb1
ffffea39
00000d52
00000e52
fffff8df
ffffee1e
000010f6
00001e37
fffff917
ffffe2f0
ffffdd7d
ffffe2dd
ffffedb9
fffff25f
ffffeece
ffffedc7
fffff400
fffff500
fffff11d
fffffa6a
000004c4
000007de
fffffae8
fffffb25
ffffff0f
000008a7
00000005
00000858
00000814
00001093
0000145c
00001101
0000065e
ffffedca
00000122
00000e5c
ffffff7f
000000af
00001a3d
000022d1
00000364
ffffdcb5
ffffe80f
ffffecba
fffff360
ffffe19c
ffffe6ff
ffffdfc0
ffffe1e7
ffffec74
fffffeca
fffffc32
0000060e
00000042
fffffd4b
fffffb64
fffffdf6
fffff7ac
fffffd0d
0000037e
00000510
00000e51
00000b27
00001320
00000bc3
fffff424
ffffdcff
000000ef
00000ea9
00000e9a
00001f79
00000f1e
000005f3
00000164
fffff54e
ffffff77
fffff6ae
ffffec15
ffffea6b
ffffec60
ffffe7ef
ffffe750
0000013c
000001a1
fffff689
0000014d
fffffdc7
fffff883
00000084
fffff57d
fffffad4
fffff734
fffffc0e
000004be
0000007a
0000154f
00000ab0
fffffbb0
ffffd295
ffffe129
00000644
000024b2
0000158c
0000043a
00000084
fffffd4f
00000480
000006a5
00000231
fffff8e7
fffff314
fffff013
fffff691
ffffe92f
fffff857
fffffbef
ffffea13
fffff9f4
fffff8cb
fffff835
ffffffd6
fffff8aa
fffff8e9
fffff723
fffffd9b
0000011e
fffffd0d
00001371
00000bd9
fffff60b
ffffe2fe
ffffe044
fffffa7e
000013a6
000010f1
fffffe6c
fffffc55
fffff9d9
000002bf
fffffe79
fffff924
fffffb10
fffff705
fffff7ab
fffffb39
ffffff10
fffff76a
fffff777
ffffe8ec
fffff23c
fffff534
fffff3d3
00000145
fffffc19
fffff88e
fffffb94
fffffd41
00000678
fffff607
00000bd6
00000a5f
fffffe38
fffff62f
fffff060
ffffe741
ffffeec1
fffffb71
000003ea
fffffaf4
000002f4
00000110
fffffec2
fffffb03
fffffd02
fffff900
fffff801
fffff937
fffffe57
fffffd79
fffffc20
ffffe613
fffff0f2
fffff208
fffff2ca
ffffffa1
fffff9d1
fffffa17
fffffc12
fffffdd5
00000576
fffffb15
000007dd
000010d3
fffffaea
fffffa9f
fffffbee
ffffdb38
ffffe1c5
fffff120
fffffd1e
fffff9fd
fffffedf
ffffffa4
ffffff29
fffff8ff
fffffd27
fffffc90
fffff6ee
fffffae0
fffffca1
0000014f
fffffa7e
fffff025
fffff036
fffff4f8
fffff5ef
000000ce
fffff92a
fffffd15
0000005c
00000288
000006d1
00000059
000004a2
00001b37
00000236
fffffe51
00000872
ffffdf8c
ffffd8e0
fffff33b
000003f1
fffffb14
fffffc6e
fffffb91
fffffedb
fffffd73
fffffe9b
fffffed1
fffff7fc
fffffa08
fffffa59
fffffa3c
000000ab
fffff880
00000102
fffffd54
fffff851
000002bc
fffff5f4
ffffff5b
fffffe59
00000475
00000964
00000858
fffff234
000018c8
00001c45
ffffffce
000005ca
fffffb2c
ffffe276
ffffd5b4
ffffeff7
000004a7
fffffa4e
fffff7c7
fffffd0a
000000b5
fffffe9b
fffffea9
fffff952
fffff7d2
fffffc63
fffffd17
0000003e
0000003d
00000717
fffffd9c
fffffab8
000002aa
fffff76c
fffffdda
00000050
00000888
000009fc
00000a35
fffff88a
fffff6dd
00002012
00001669
000008bf
00001203
ffffe82b
ffffe568
ffffda13
ffffe766
ffffff54
fffff651
ffffff63
00000a04
00000645
fffffed3
fffffa5a
fffff7a4
fffff8fc
fffffcbf
00000241
fffffe43
000005cb
00000b43
0000019f
0000017d
ffffffbf
000004a5
0000081e
00000bb7
000011c9
0000118f
00000967
fffffd21
0000083f
00002014
000012f4
000008aa
fffffc10
00000b2c
ffffefce
ffffdb99
ffffe8d8
fffffc98
ffffff89
00001166
0000155b
ffffff01
00000154
fffffde3
fffffbe3
fffffb29
fffffb71
000004db
00000b19
00001080
0000055b
000009f7
00000b88
00001494
000017ba
000015e9
000013e8
00001979
00001bc9
00000668
ffffffcf
000014aa
00000bc6
00000ae4
00000efa
00000191
00000323
ffffea2c
fffff4b7
00000921
00000ee8
00000797
000004bf
00000288
ffffff54
00000160
fffffb19
fffff76a
fffffb75
00000f52
00001173
0000102a
000007c6
000008b1
000011bf
00001716
00001dff
00001169
00000fbb
00000ffb
00001383
00001155
00000980
000014f6
00000c2b
0000077b
00001764
fffff8db
000000f4
ffffedda
00000d08
00001a00
00001f48
00001974
000002bf
fffff35a
0000087c
0000008e
ffffffc3
fffffd6a
00000ed4
00000a35
00001756
00000a6c
00000707
00001043
00001556
00001580
00000ebb
00000877
000007e9
0000043e
00000447
00000682
00000e19
000009b8
00001e30
fffffbcd
00000167
00001473
000004d0
0000077c
000013c3
000014e7
0000118e
000010f6
00000e46
ffffe811
00000c0c
00000221
00000818
000007d4
00000bca
000005f5
000002e7
00000d18
fffffc40
000007eb
00000a9c
00000917
00000058
00000b86
00000450
fffffcc0
fffffc07
0000034e
0000154e
000006a5
0000053d
ffffefee
fffff3e4
00001329
0000215c
00000dac
00000489
000007ec
000011d5
00000d7b
000008fa
000006e0
00000f5f
00000b85
ffffe76e
fffff1f6
fffff86c
fffff1a3
fffffbd6
000010e5
0000065c
00000338
000002aa
00000a40
00000f3d
0000064f
fffffc69
00000268
0000040f
00000124
000011b1
fffff364
ffffebf6
ffffe532
0000032b
0000126b
00001e11
00000098
fffff7f2
fffff902
fffff712
00000148
000013af
fffffeb4
fffffe99
00001feb
fffffb1a
000000d5
fffff61d
ffffeef6
ffffff38
00000fa9
000004d4
000001a4
0000012f
000008d0
000010fc
00000803
00000a44
00001506
fffffeab
ffffee3b
fffff2c1
ffffe870
ffffea95
fffff563
00000368
fffff5bd
0000041b
fffffecb
fffff22d
0000094e
000002f7
fffffee7
ffffeab7
fffff831
0000068b
00000319
00000533
000005e0
00000683
00000304
00000033
00000a82
00000996
fffffe50
00000765
00000b9c
000010a4
0000101c
00000fe6
0000171d
fffffe81
fffff1e4
00000206
fffff413
fffff9ac
0000174d
000016f2
fffff132
fffff032
fffff888
000002b4
00000c74
000012de
00000843
000004a7
000007b7
0000105c
00000100
fffffcea
000015cf
0000137e
00000ea0
00000d89
00000582
000005cb
fffffe37
000004e6
fffffb6a
00000464
0000007c
000005ce
00000586
00000203
fffff561
fffffbf6
fffffd18
fffff66c
00000a25
000003dd
fffffa07
fffffa77
00000a33
000002c7
000003c8
fffffaf7
0000058b
000003d9
00000910
0000094c
fffff981
00000652
00000a65
00000629
00000c79
000004da
00000938
fffff6a4
fffff7e1
ffffefa1
fffff414
fffff514
fffff5b7
fffffd8a
fffff117
ffffecdd
ffffed48
ffffe0bc
ffffe73f
fffff791
fffffa4a
ffffeb9b
ffffefbb
ffffea9d
ffffed12
fffff3cb
fffff412
ffffee0b
ffffe3cb
ffffefd5
ffffffce
fffff139
ffffe48d
ffffeee7
fffff696
fffff439
ffffe95a
ffffeb0f
ffffeebb
ffffeca8
00000050
fffff9ca
fffff445
fffff2ed
fffff438
fffff20e
ffffed8a
ffffecde
fffff17b
fffff126
ffffef1c
fffff203
fffff085
fffff099
fffff565
fffff4c3
fffff5ff
fffff102
ffffefdc
fffff459
fffff825
fffff376
fffff30a
fffff737
fffff511
fffff322
fffff29e
ffffedd4
ffffe9cd
ffffea3a
ffffeb1c
fffffaea
00000181
fffffe43
fffffeda
fffffe4b
00000049
fffffd69
fffff9d5
fffff398
fffffd14
fffffdf1
fffffccc
fffff9b0
00000040
fffffe2b
0000004e
0000006d
0000052c
ffffff23
fffffd2d
0000004d
00000101
000001e3
0000028b
fffffdfb
fffff8a6
fffffa7e
fffffe39
fffff8c1
fffffc1c
fffffd50
ffffedd2
0000015b
fffff8d2
fffffdae
fffff7ae
fffffd28
fffffdc5
fffff92f
fffff246
fffff64d
fffff013
ffffeb8d
fffff6b5
fffffdd1
fffff8a0
fffffa1d
fffffd76
fffffd9c
00000310
00000009
fffffcdd
fffffe32
000002d4
fffffa88
fffffcb9
fffff80c
fffff5d5
fffff626
fffffda4
fffff64b
fffff70a
fffffc96
ffffedcb
000004eb
000001f0
00000138
00000200
fffffc96
fffff978
ffffef09
ffffea7c
000002b3
ffffec62
000002d8
000003ac
fffff48c
fffff8f8
fffff985
fffffe7b
00000463
000005d2
00000286
fffff8d8
fffff815
fffffcfe
fffffd0b
fffffd8a
ffffff94
fffffa3c
fffff8c7
fffff990
fffffadb
fffff6c9
fffff74a
ffffeb52
0000013d
000005e1
fffffc5c
000000e3
fffff989
fffff28c
ffffe21b
ffffd40d
ffffcd43
00000795
fffff4d2
ffffe0e4
fffff3fe
ffffffca
fffff908
fffff63a
fffffc96
000002b5
00000144
fffff54d
fffff294
fffff96b
000005ba
00000223
000000f4
fffffae0
fffff6e4
fffff7cb
fffff8f8
fffff4f1
fffff58f
ffffe8a6
fffffedd
00000174
fffffa0d
fffffe76
fffffa91
ffffefd9
ffffdaeb
ffffd46d
ffffbcfa
ffffddf1
ffffd319
ffffc8d3
ffffeae4
000007e5
fffff3ba
fffff8bc
fffffd7a
fffff81c
fffffdc6
fffffbe3
fffff6a7
fffff8dd
fffffe02
fffffb98
fffffc43
fffffa05
fffff725
fffffa00
fffff929
fffff87f
fffff5bc
ffffebd1
00000070
ffffffd7
fffff915
fffffcc4
fffff330
ffffef7c
ffffd77b
ffffb90c
ffffadce
ffff9fad
ffffd138
ffffca06
ffffd35b
000002af
ffffe965
fffff7b3
fffffed3
fffff66a
ffffff7a
0000000e
fffffa3a
fffff794
fffff22b
fffffe3a
00000b5f
0000052c
fffffa3a
fffffafe
fffffdda
fffffad4
fffff8b1
fffff00c
000001a9
fffffef9
fffffa60
fffffb2d
ffffec86
ffffecce
ffffd294
ffffd388
ffffc244
ffffa599
ffffde86
ffffe0e9
ffffca1b
ffffe90a
ffffe414
ffffd4c4
fffff992
0000011f
000006d9
00000506
fffff8f5
fffffb2a
fffff812
fffffb81
fffffac3
ffffff60
000000ee
000000a3
fffff84e
fffffa3e
fffff75b
fffff1df
000008c3
00000140
ffffeed5
ffffef5f
ffffe967
ffffd294
ffffe845
ffffee12
fffff1ce
ffffbe50
ffffc0e8
ffffe5d6
ffffd25b
ffffd6e6
fffffe04
ffffcbbd
ffffd33f
ffffef1e
00000173
fffffb67
ffffee78
fffff808
fffff6fc
fffff0d8
fffff096
ffffec14
fffff893
fffff2c3
fffff197
ffffeff6
fffff033
ffffe170
00000bd8
fffffb13
fffff547
fffff61e
ffffe8d0
ffffd46d
ffffd068
ffffed33
0000144e
ffffc97e
ffffa588
ffffbd01
ffffcada
fffff310
000020db
fffff24f
ffffd45f
ffffd9f4
ffffe6ee
fffff22a
ffffe615
ffffee55
fffffa88
ffffe4e8
ffffe994
ffffe5ed
ffffebe5
ffffed0f
ffffef3c
ffffeff3
ffffebdf
ffffe217
00000025
fffffe6c
fffffac4
00000a7c
00000742
fffff22a
ffffe5d2
ffffcbc5
ffffdc55
ffffe019
ffffc526
ffff9d79
ffffd719
fffff2f3
00001de7
00003134
0000064b
ffffddd5
ffffd9fc
fffff568
ffffffe2
fffff77f
0000031f
fffffabb
fffffaef
fffffd87
ffffffaa
fffffc4f
fffffdba
00000637
000008ec
fffff5ab
ffffff36
ffffff79
fffff217
0000051b
000007ae
00000717
fffff842
ffffd458
ffffdf2d
00000361
ffffdd3e
ffffc68b
ffffe7f5
fffff8bd
0000027b
0000325b
000042aa
00000dc1
ffffeafa
fffff420
0000004c
ffffeea7
fffff04f
fffff946
fffff7bf
fffff818
fffffbb9
ffffff59
000002ce
000001fe
00000870
fffff1eb
000007f0
fffffa6d
fffff176
0000000c
fffffd7b
fffffe0b
ffffedd4
ffffe3ae
ffffe067
fffff369
0000176d
fffffe31
00000296
000009a3
0000025a
00000c27
0000016a
fffffa05
fffffffd
0000023a
00000f08
00001630
000007a3
0000082e
fffff8ea
fffff2d8
fffff156
fffff057
fffffc63
fffff8f5
fffff9be
ffffe926
00000243
fffff9b5
ffffee54
fffffd8f
fffff9cf
fffff91c
ffffe7d2
ffffe115
ffffe8b3
00000079
000000cd
0000063b
00000714
00000c72
fffff9ff
ffffdb84
ffffd812
ffffe367
fffffd51
00000171
00000342
00000572
fffff746
fffff67c
fffffee6
ffffffc6
fffff592
ffffd8ea
ffffe670
fffff777
fffff846
ffffeb74
fffffd97
fffffb3b
ffffecbf
fffffdd2
fffff556
fffff842
ffffe687
ffffe1af
ffffef91
000002c7
fffff27d
ffffe77f
ffffedfa
0000033d
fffff297
ffffd02a
ffffcf97
ffffe794
fffff4aa
fffff501
ffffdf1a
ffffe157
ffffe1a4
ffffe07b
fffff682
000005d5
fffff237
ffffe329
ffffd4ff
fffff5cc
fffffb32
ffffec71
fffffd09
ffffff01
ffffecdb
fffff4e0
fffff1df
fffff3e2
ffffe4e6
ffffe16a
ffffeac3
00000107
fffff91b
ffffdb59
ffffbef7
ffffdd6f
ffffe2df
ffffd4ee
ffffe3b2
ffffea46
ffffec4b
ffffe483
ffffd6bb
ffffdbd1
ffffdcda
ffffd539
ffffd878
fffff95f
fffffadf
ffffe87e
ffffe80f
ffffe7b1
fffff957
ffffe5a4
fffff963
fffffd72
ffffee4d
ffffef21
fffff2e8
ffffeeb0
ffffd9d3
ffffd8eb
ffffe083
fffff377
fffff42b
ffffd53f
ffffc776
ffffc3c0
ffffce90
ffffda9b
ffffea95
ffffe473
ffffea03
ffffe2a5
ffffd793
ffffddd1
ffffe336
ffffe691
ffffdb12
ffffe2a4
ffffef5b
ffffe04f
ffffecf7
ffffee4f
fffff13e
ffffe043
fffff1c5
fffffed8
ffffecd7
fffff0c5
fffff2c1
ffffed33
ffffd64a
ffffcc3b
ffffcda5
fffff230
fffff20d
ffffe96e
ffffc10f
ffffbad4
ffffc69d
ffffdd8c
ffffe1f5
ffffe789
ffffe97b
ffffe600
ffffe207
ffffded0
ffffdfcf
ffffe31b
ffffdf07
ffffdba3
ffffdf34
ffffdd76
ffffe106
fffff007
ffffe4db
ffffdfd7
fffff6a1
fffffa71
ffffe9f2
fffff38b
ffffed3c
ffffefb9
ffffe46c
ffffcdf4
ffffc96d
ffffeecd
ffffeee0
ffffed70
ffffe2ef
ffffd567
ffffc0be
ffffcd3f
ffffdbf3
ffffe673
ffffe70b
ffffe877
ffffea75
ffffe14b
ffffe081
ffffe1f4
ffffdaf0
ffffe2db
ffffe3db
ffffd7cf
ffffdd5b
ffffe6f1
ffffe90d
ffffe368
fffff907
fffff707
ffffe187
ffffed1d
ffffe941
ffffed36
ffffeec0
ffffdb4d
ffffcf19
ffffe77a
fffff1e5
00000369
fffffe96
ffffd960
ffffbc19
ffffd4d3
ffffde4c
ffffea93
ffffe74a
ffffeb15
ffffebae
ffffe7c7
ffffe2b9
ffffe213
ffffdb0f
ffffde65
ffffe61c
ffffdb20
ffffe50c
ffffe878
ffffe49d
ffffde7b
fffffa08
fffff991
ffffe576
ffffe5ef
ffffea32
ffffeea1
fffff074
ffffe7d9
ffffdf1b
ffffe816
00000427
fffff8de
fffff81e
ffffece2
ffffd889
ffffc9b7
ffffddd4
ffffdfba
ffffe8f5
ffffe37a
ffffe6a6
ffffec4c
ffffe746
ffffe182
ffffdfe7
ffffdba8
ffffdfc5
ffffdcde
ffffde0f
ffffe375
ffffde39
ffffdabf
fffffc5c
fffff861
ffffecc8
ffffea5f
ffffec76
ffffee38
ffffef19
fffff297
ffffe429
ffffd5b8
fffff63a
000008cd
ffffeb8b
ffffe3bd
ffffec37
ffffe1e1
ffffc2dc
ffffc928
ffffde01
ffffe02c
ffffde73
ffffe669
ffffe01b
ffffde63
ffffdefe
ffffdf39
ffffdea8
ffffde0f
ffffdbea
ffffebc0
ffffe7ca
ffffe83d
ffffffef
fffff36a
ffffe845
ffffeab0
fffff22f
fffff287
ffffebac
fffff4ad
fffff9a4
ffffe677
ffffe09b
fffff782
ffffefcd
ffffe469
00000b3d
0000005c
ffffd9dd
ffffc5d1
ffffd5c9
ffffef45
ffffe799
fffff1e1
ffffedde
ffffe2c2
ffffdff6
ffffdf50
ffffdb2d
ffffddbd
ffffdc4c
ffffea22
ffffecc8
fffff3b9
000001e9
fffff326
ffffeec5
fffff200
fffff391
00000032
fffff857
fffffbcb
00000177
000007c4
ffffeb63
ffffe339
ffffe264
ffffeefc
fffff343
00000180
fffff46d
ffffd89c
ffffd05b
ffffe676
ffffeed1
ffffe6a8
ffffec32
ffffdc4c
ffffdba6
ffffe0ed
ffffdb3a
ffffd963
ffffe3fe
ffffee95
fffff07e
ffffe884
000005be
fffff8c8
fffff6a2
fffff6e8
fffffa49
000006ed
00000cd7
ffffff2c
ffffff5a
000000b6
00000600
fffff27c
ffffdefb
ffffe9e6
ffffeace
0000092a
fffffb87
fffff692
ffffea7f
fffff706
ffffe9e5
ffffebdb
ffffe2b1
ffffd3e3
ffffd232
ffffe8e6
ffffe0fc
ffffd468
ffffd887
ffffef58
fffff5d6
ffffe588
000003a1
fffffcc4
fffffdc3
00000869
fffffb67
000006f8
000009d8
fffffc1b
fffff40b
fffff3d3
fffff84b
00000248
fffff881
fffff86f
fffffd65
00001fba
000007df
fffff468
ffffe835
fffffc87
ffffeeb3
ffffeb19
ffffe568
ffffc691
ffffbea7
ffffcacd
ffffd57f
ffffd5f6
ffffd799
fffff1ab
000004f7
fffffc69
fffffeca
0000076d
000001f7
00000577
000009ca
0000061b
000004f1
fffff9a2
fffff9cb
00000dac
00000328
fffffa3d
fffff27e
ffffed8f
ffffdd90
00000151
00000edd
00000051
ffffe5b3
fffff2cc
fffff0ad
ffffe174
fffffe63
ffffc366
ffffb5b2
ffffd83b
ffffcfd8
ffffcc14
ffffd86c
ffffd4fb
ffffedd6
ffffff13
0000051f
fffffc16
fffff26e
fffff8ac
fffff72f
fffff922
fffff8c9
00000b97
fffff9d7
fffff547
fffffaed
00000fc7
00000650
00000227
ffffd9ed
ffffe703
fffffa48
ffffeae5
ffffd6c3
ffffd2cf
ffffee57
fffffadb
ffffed7a
fffff247
ffffc497
ffffd6aa
fffff1e9
ffffd6ed
ffffd467
ffffd9a5
ffffe046
ffffe25f
000008c3
fffff96c
ffffedb2
fffffbad
fffffa8f
00000129
fffffd04
fffffb4a
fffffd72
fffff06d
ffffef5a
0000015f
00000266
ffffff72
fffffa80
fffffd7b
ffffeb28
fffff27e
000000ef
fffff0b3
fffff682
ffffe9df
ffffe0bb
ffffff8d
ffffea57
ffffd0dd
ffffe72c
ffffe802
ffffea8e
ffffedaf
00000142
ffffe926
0000018e
fffffa77
fffff0bb
fffff80b
ffffff5e
fffffd1b
0000004d
fffffdb5
fffffdf5
fffffee0
fffff833
fffffc14
fffff7ea
ffffe974
fffff7bf
00000078
fffff311
fffffdf1
0000008e
000006b8
fffffa7d
00000151
fffff6fc
000010cb
000002d7
fffff52a
fffff964
fffff3df
fffff873
fffff46a
fffff7b4
ffffee5f
00000269
000000da
ffffe49c
ffffeb88
fffff047
0000007d
0000014a
ffffffd5
fffff5fb
ffffffab
fffff600
fffff11b
fffff89d
ffffe94a
ffffed54
fffff869
fffffbee
ffffed2d
ffffe847
fffffae4
fffffef1
00000203
ffffffee
fffffd5d
fffffe17
00000b8c
fffff34d
fffff280
fffff0af
fffff4d9
ffffe6e6
ffffe3c5
00000194
ffffefca
000005aa
00000b95
000005b4
ffffff3b
fffffe0e
0000067f
000000e6
fffffb27
fffffe43
ffffec6c
fffffd82
00000403
00000977
00000655
000009b7
000002d0
fffffffb
00000957
00001212
00000d7c
00000929
fffff5e6
00000478
0000061f
00000749
fffff70c
000000c9
0000149c
000012b3
fffff5e6
fffff8af
fffffb8c
ffffe9f2
ffffef7f
fffff27b
fffff245
fffff12e
ffffefd8
fffff362
fffff4ad
fffff45b
fffff7d7
fffff825
fffff764
fffff5da
fffff631
fffff497
fffff333
fffff880
fffff7ba
fffff76e
fffff707
fffff8dd
fffff9cb
fffff4f2
ffffeedf
fffff4cb
fffff189
ffffec26
ffffea85
fffff52d
fffff36e
fffff7ef
0000049b
000006d0
00000672
00000170
fffffff7
fffff7a1
fffff2b0
fffffa73
fffffde2
ffffff9e
00000166
fffffe50
fffffc8f
fffffb22
0000001c
fffffcd4
fffffc46
000000ad
fffffa20
fffffb9d
ffffffb8
fffffce5
000002d9
000006c1
0000053b
000001b6
00000385
ffffffd8
fffff6f2
fffffb1d
fffff89a
fffffabd
fffffd1c
fffffdea
0000016a
fffffea0
fffffd22
fffff65f
fffff4ba
fffff1e8
fffff5ed
ffffef0e
ffffee52
fffff785
fffffb6a
fffffa49
fffffb51
ffffff78
fffffb5b
fffffdba
fffff7ca
fffff161
fffff584
fffffdfd
ffffffec
fffffecb
00000012
fffffbc2
ffffff8c
00000310
0000017a
fffffb4c
fffff9d2
fffffaca
ffffff05
fffff77c
fffffca2
fffff8ba
fffff61c
fffff336
fffff3db
fffff368
ffffcb10
ffffb321
ffffd8bf
ffffee88
00000205
fffffd1c
fffff6b3
fffffc66
fffffff7
ffffff92
fffff902
ffffef2b
ffffefaa
fffffb13
fffffe97
fffffdf4
fffffaab
fffff647
fffff824
fffffc7e
fffffbce
fffff5de
fffffa35
fffff8e5
fffffe14
fffff380
fffffaf7
fffffb21
fffff857
ffffe6c6
ffffc5b9
ffffcb7c
ffff9cde
ffffc526
ffffd2f5
ffffe334
fffff67d
fffffdbd
fffff307
fffff226
fffff9d6
fffff8cb
fffff1ac
ffffeb49
fffff16a
fffff82c
fffffeba
fffff6d2
fffffa84
fffff879
fffff671
fffff662
fffff5c8
fffff27f
fffff53c
fffff6fb
fffff528
ffffec3b
fffff221
fffff777
fffff8a7
ffffe98c
ffffd858
ffffb44b
ffffa374
ffffca79
ffffece3
ffffe340
ffffeb13
fffff566
fffff2e7
fffff2f3
fffff413
fffff163
ffffec1e
ffffed85
fffff58c
fffffad5
fffffca3
fffff258
fffff277
fffff866
fffff928
fffff349
fffff0cc
fffff209
fffff368
fffff731
fffff5b5
ffffed8b
ffffee7c
fffff414
ffffecda
ffffeaa3
ffffdf8b
ffffbb21
ffffc1f5
ffffe203
fffff86f
fffff03d
fffff108
ffffed5c
ffffef3d
fffff4d3
fffff5e4
fffff22d
ffffecf2
ffffeea0
fffff373
fffffb31
fffffd2e
fffffaa5
ffffee1f
fffff7cc
fffff776
fffff5fc
fffff096
fffff4fd
fffff8f6
fffff9bd
fffff0af
ffffed4f
fffff2a3
fffff2ea
ffffde74
ffffd38c
ffffbbbd
ffffba25
ffffdbad
fffff1f1
fffff223
ffffe81e
ffffebb2
ffffd4a2
ffffe1aa
ffffea5c
fffff5f1
fffff768
fffffbce
ffffff92
fffffb53
fffff4d8
fffff704
fffff4b9
fffff1e4
000000cb
fffff5b5
fffffda6
fffff934
fffffb1e
fffff7f8
fffffe70
fffff4ed
ffffdc27
ffffeac5
ffffe8ae
ffffef97
ffffdd15
ffffc3e0
ffffc242
fffff9f8
fffff1ac
ffffe9a7
fffff914
ffffdb6a
ffffd85a
ffffe5a7
ffffddde
ffffeb20
ffffe953
ffffed8a
fffff956
fffff083
ffffe9c7
ffffe97f
ffffd79a
ffffe6ea
ffffe835
fffff084
ffffe420
ffffec7a
fffff156
ffffe0f9
ffffeec3
fffff0aa
ffffe65a
fffff3d5
ffffeb4a
ffffe7bd
fffff14b
ffffc40d
ffffc47c
fffffd61
fffff2b7
fffff015
ffffe8e6
ffffd682
fffff661
00000d60
ffffedd8
ffffe7b9
ffffe351
ffffe799
fffff591
ffffeeff
ffffec64
ffffe8cd
ffffe772
ffffe5dd
ffffe0b2
ffffedd0
ffffdef4
fffff039
ffffeb24
ffffe0bd
ffffe0e7
fffff1c7
ffffefe7
fffffaf7
000003a4
ffffee32
fffffba4
ffffd253
ffffb8a3
ffffdcfe
fffff84a
00000320
ffffd5b8
ffffdea4
ffffeb74
fffff3af
ffffe7d5
ffffddd4
ffffe693
fffff833
fffffbca
fffffa12
fffff97d
fffff41c
fffff59b
fffff594
fffff828
fffff5f7
fffff5fd
fffffaba
fffff9a7
fffff60f
ffffeb95
ffffed89
ffffe819
fffff5ff
fffffb96
000003b6
fffff2d6
ffffe89f
ffffd31f
ffffc6b1
ffffedc9
fffffaee
ffffe76c
ffffd7f3
ffffce93
ffffc8c0
ffffc004
ffffd399
ffffdc8d
ffffe867
fffff696
fffff1e0
ffffe79e
ffffea68
fffff052
fffff649
fffff94d
fffff226
fffff0a0
fffff026
fffff554
fffff697
ffffed21
ffffe7f1
ffffe3e2
ffffeee9
ffffedbd
fffff4da
ffffed5c
fffff421
ffffe706
ffffdf41
fffff31b
ffffeb23
ffffd5c9
ffffcbd0
ffffbad0
ffffacf8
ffffc31f
ffffdc1d
ffffe12e
ffffdd80
ffffd47b
ffffcbd1
ffffcba1
ffffcd8c
ffffdb79
ffffe907
ffffec83
ffffea32
ffffe9fa
ffffeb05
ffffed05
ffffeae1
ffffe532
ffffec67
ffffe60e
ffffe777
ffffe5f5
ffffed83
ffffe9e2
fffff4a0
ffffe836
ffffe00f
ffffdd9d
ffffd92d
ffffc050
ffffb4b3
ffffa840
ffffaaee
ffffbe8d
ffffe27e
ffffebd4
ffffe2d1
ffffd999
ffffd61d
ffffd305
ffffcf30
ffffd532
ffffdeb7
ffffdc4d
ffffd5ce
ffffeef0
ffffee2e
ffffeaef
ffffe446
ffffdd3f
fffff0a0
ffffee3e
ffffe731
ffffeb5c
ffffed35
ffffec3a
fffff3a7
ffffeaf1
ffffdb64
ffffd1c3
ffffd544
ffffc4d3
ffffb0f2
ffffac05
ffffc4e3
ffffe3b2
ffffe8ff
ffffebfa
ffffe555
ffffdf51
ffffe221
ffffef36
ffffeb3c
ffffe498
ffffe463
ffffe772
ffffcf49
ffffe6ac
ffffeb59
ffffe74a
ffffe224
ffffdee0
ffffec95
ffffee39
ffffe9a0
ffffebc4
ffffea08
ffffea43
fffff25a
ffffea95
ffffdbc2
ffffc03e
ffffcba2
ffffd7b2
ffffbd9b
ffffc8c4
ffffddb5
ffffef57
fffff680
ffffebb8
ffffe9cc
ffffe70b
fffff059
fffff732
fffffba8
fffff129
ffffea39
ffffee64
ffffda06
ffffda7f
ffffe53e
ffffe2a7
ffffe00b
ffffe689
ffffec8b
ffffee24
ffffe8da
ffffe596
ffffe8ae
ffffe7bb
fffff714
ffffebd0
ffffdd0e
ffffca80
ffffc777
ffffe5f3
ffffe351
ffffdd29
ffffe663
ffffecbe
fffff130
ffffeebc
fffff087
fffff1bf
fffff7b6
fffff77e
fffffa7a
fffff617
ffffeec3
ffffe95a
ffffea55
ffffdaac
ffffe227
ffffe1a3
ffffe649
ffffeb3e
ffffedd5
fffff22b
ffffed9c
ffffe870
ffffe6be
ffffe808
fffff51f
ffffede0
ffffdeaf
ffffcc00
ffffc1a4
ffffdca6
ffffe0ff
ffffe6ac
ffffe71e
ffffeaa4
ffffee3b
fffff203
fffff6ec
fffffa07
fffff78b
fffff8a0
fffffc1e
fffffa0c
fffff77e
ffffec67
fffff09f
ffffe32f
ffffe3d9
ffffe4c9
ffffeaf0
fffff041
ffffec74
ffffef4e
ffffee22
ffffeb2e
ffffeee6
ffffedee
fffff355
ffffef29
ffffdaf0
ffffcf1a
ffffc279
ffffc7ca
ffffd987
fffff6f0
ffffec7d
fffff013
fffff30a
fffff26e
fffff5c3
fffffb62
fffffd5e
fffff7ef
fffffb51
fffff79a
fffff8e2
fffff25f
fffff09a
ffffe175
ffffdde1
ffffe087
ffffef03
fffff7b2
ffffeb20
ffffef2a
ffffe8fe
ffffeb6d
fffff2a4
fffff372
fffffbea
fffff5f0
ffffe3b3
ffffdcae
ffffe241
ffffc610
ffffd742
000001c4
fffff536
fffff2a3
fffff26a
fffff35f
fffff2eb
fffff742
fffff98e
fffff612
fffff941
fffffb29
fffff3d4
ffffeebb
fffff339
ffffe1cc
ffffd887
ffffe332
fffff2b2
fffffa7e
ffffebb3
fffff4f1
fffff087
fffff1fb
fffff3aa
fffff78f
ffffff01
00000141
ffffde50
ffffd855
ffffe88c
ffffd5fb
ffffd5ed
00000f45
00001f2e
fffffbf0
fffff3dd
fffff356
fffff387
fffff5e6
fffff9b1
fffffe2e
fffff814
fffff99e
fffff702
ffffef74
fffff238
ffffe7e1
ffffddbb
ffffe74c
fffff3df
fffffb38
ffffedb5
fffff66f
fffff740
fffffa88
fffff378
fffffbe4
fffffe4b
00000f2b
000000c7
ffffe0ae
ffffe1b5
ffffdb11
ffffc6d4
fffff117
000014b7
00000fee
fffffd57
fffff5cd
fffff4ce
fffff1e1
fffff63e
fffffdcd
fffffc75
fffffbe9
fffffaa3
fffff330
fffff69a
ffffec81
ffffe3d8
ffffeb38
fffff301
fffffa02
fffff101
fffff905
fffffb4e
fffffbd8
fffffa70
fffff688
fffff8f3
fffff33f
00000702
fffff4a9
ffffdfb9
ffffdb8d
ffffd5a2
ffffdf57
ffffe297
fffff6b6
0000102b
000005d4
000002d9
ffffff18
fffff16b
ffffee87
fffffa40
fffff775
fffffa0c
fffff90b
fffff9fb
ffffecf9
ffffe6fd
fffff370
fffff3bf
fffff7c8
ffffef68
fffff853
fffff80f
fffff522
fffff1f1
fffff376
ffffef16
ffffe897
fffff43a
fffff7b5
ffffe80b
ffffeeea
ffffdee1
ffffdb8d
ffffde8f
ffffcbd5
fffff80a
00001668
0000142d
0000137c
00001712
fffffaa5
fffff6a0
fffff2fa
fffff552
fffff706
fffff6c9
fffff037
ffffe4f3
fffff00c
fffff2c9
fffff82c
fffff787
fffff9bc
fffff341
fffff15f
ffffed53
ffffebfa
ffffec4a
ffffe869
ffffee04
ffffee47
ffffe189
ffffe39f
ffffdbdf
ffffe412
ffffd7a9
ffffceca
ffffe55e
fffffa07
fffff9c7
fffffa69
fffffae5
ffffff4c
ffffec9f
ffffeb43
fffff5e2
fffff56c
ffffea62
fffff384
ffffe455
ffffebc4
fffff616
fffff159
fffff6b8
fffff110
fffff7f4
ffffef54
ffffec31
fffff08f
ffffee54
ffffe7fd
ffffedda
ffffdd7f
ffffdf39
ffffdeec
ffffe3d4
ffffe3a7
ffffd93f
ffffd6c9
ffffd84d
ffffe918
ffffef1e
ffffeadb
ffffdf66
ffffeb92
fffff05e
ffffedee
000002aa
ffffeff3
ffffebb3
ffffe609
ffffe5dc
ffffeb3a
ffffea4d
ffffe922
fffff123
ffffeb34
ffffe920
ffffe420
ffffe36c
ffffea6a
ffffe8fd
ffffe5f1
fffff236
ffffe091
fffff462
ffffe0a9
ffffe725
ffffee8d
ffffdd0f
ffffeada
ffffd85a
ffffec3f
ffffebbc
ffffe166
ffffde07
ffffe1dd
ffffe944
ffffe843
fffff193
fffff3fc
fffffb86
ffffdf8c
ffffe822
ffffdf8d
ffffe42d
ffffe716
fffff317
ffffebbc
ffffe5e3
ffffe303
ffffe3d6
ffffe99c
fffff09f
fffffa4e
fffff732
ffffe9ff
ffffeeab
ffffe370
ffffde59
ffffe84c
ffffed5c
ffffed4e
ffffe0c0
ffffdd98
ffffe943
ffffd9b1
ffffdb36
ffffcf1d
ffffe024
00000028
ffffda0c
fffff01e
000000d3
ffffea6b
ffffd56f
ffffdc0d
ffffe4c5
ffffe74d
ffffe8fd
ffffe2b3
ffffe659
ffffd9d3
ffffddc3
ffffe84d
ffffea5a
ffffee12
fffff2bf
fffff05c
ffffe7c9
ffffdc85
ffffdfc7
ffffeed5
fffff771
ffffdc4f
ffffe5bd
ffffdc16
ffffe1eb
fffff2ae
ffffe82e
ffffe04d
ffffec39
ffffefbb
ffffcf0c
ffffe618
fffffc5c
ffffef1c
ffffdbb1
ffffdd2f
ffffe34c
ffffeb60
ffffedfa
ffffe072
ffffedfa
ffffe9bf
ffffe3f8
ffffecea
ffffe5ce
ffffdca3
ffffd215
ffffd8cb
ffffe484
ffffde85
ffffde07
ffffe567
ffffeead
ffffe3f1
ffffdfbf
ffffe174
ffffdeb6
ffffd819
ffffd29c
ffffdb8f
ffffe412
ffffea6d
ffffe465
ffffd261
ffffecfa
ffffec13
ffffdae2
ffffd9ad
ffffe61b
ffffe5ad
ffffde84
ffffc560
ffffd316
ffffd2a0
ffffcc99
ffffcddc
ffffc63a
ffffc04c
ffffc07e
ffffc281
ffffc2eb
ffffc5c1
ffffbf91
ffffbebd
ffffc5f0
ffffc86f
ffffcbd7
ffffcb63
ffffc879
ffffc8d2
ffffc9aa
ffffc73f
ffffc4e4
ffffc86a
ffffc646
ffffba14
ffffc582
ffffcf8e
ffffc616
ffffc1fd
ffffdd00
ffffd5d4
ffffe2cd
ffffe14f
ffffe0da
ffffea17
ffffe5cd
ffffe722
ffffed34
ffffd58d
ffffdfab
ffffe5e2
ffffdeb2
ffffd4c5
ffffdfd9
ffffe227
ffffe208
ffffe0d5
ffffd91c
ffffea6b
ffffe61c
ffffebed
ffffea40
ffffdd73
ffffe46a
ffffee33
ffffe39a
ffffe17d
ffffd59e
ffffe178
ffffe94e
ffffe7cc
ffffe563
ffffec82
00000527
fffff793
fffff90a
fffff418
fffff679
fffff8be
fffff33c
fffff76d
fffff7b7
fffff5e3
fffff0c3
fffff413
fffff408
fffff184
fffff15b
fffffb43
fffff50c
ffffeffb
fffff07a
fffff0ac
fffff4ae
fffff610
fffff661
fffffc24
fffff8e1
fffff3fc
fffff149
fffffd8e
ffffff2b
fffff53b
ffffee12
fffffc68
00000ab8
fffffcb8
fffff8ec
fffff233
fffff778
fffff782
fffff4fa
fffffabc
fffff76e
fffff72e
fffff641
fffff90a
fffff8e8
fffff3f5
fffffa9d
fffffe52
fffffbe7
fffff218
fffff395
fffff7e8
fffffee1
fffff8cb
fffff972
00000038
fffff924
fffff1e4
fffff36d
fffffeee
fffffbf4
fffff172
ffffe479
fffff64b
00000244
fffff648
fffffd36
fffffb99
0000008b
0000025b
fffffb53
fffff93a
fffffc70
fffffe72
fffff96d
fffffe42
ffffff45
ffffffad
fffffc68
fffffda6
fffffe3d
fffffa7f
fffff6b8
fffffd78
00000446
fffffc3f
fffff43f
fffff9e7
fffff999
fffff952
fffffba2
00000245
000005fe
fffffd02
ffffe71f
fffffbda
ffffffb3
fffff7bc
fffffaae
fffffa0f
fffffb6c
00000283
ffffedff
ffffef5e
fffff523
fffff8fb
fffff88d
fffffb7f
fffffcde
fffffce9
fffff949
fffffa7b
fffff9e1
fffff837
fffff0a8
fffff52f
ffffff78
fffff8ca
fffff3e1
fffff9da
fffff976
fffffc8d
fffffe26
fffffab5
0000031a
fffffdb9
ffffe8ef
fffffbc1
000001a3
fffff8d8
fffff907
fffff744
fffff76b
fffff429
ffffef31
00000c35
ffffe2b0
ffffec64
fffff52f
fffffaf8
fffffe51
fffff8e4
fffff5c9
fffff703
fffff9fc
fffff500
fffff1bd
fffff709
fffffb31
fffff745
fffff83c
fffffbb2
fffff897
fffff819
fffff746
fffff59b
fffffced
00000245
ffffeb47
fffffc3b
00000133
fffff28f
fffff581
fffff184
fffff15c
ffffebe3
0000042b
fffffed7
fffffa2c
fffff6c9
fffffe22
0000007a
ffffffa0
fffff3a5
ffffef42
fffff2e6
fffff301
fffff75b
fffff3af
0000000c
00000276
fffff658
fffff0ed
fffffba1
fffff65d
fffff760
fffff528
fffff658
fffff672
fffffed9
ffffe86f
fffffab8
fffffe20
ffffec61
ffffeda0
fffff319
fffff878
ffffead6
fffffb00
ffffdf37
00000794
fffffaa0
fffffd40
000006bd
000003cc
ffffe9c9
ffffe864
fffff18a
ffffe982
fffff3b8
fffff8b8
00000186
fffffc01
fffff1d6
fffff190
fffff672
fffff0c5
fffff33a
fffff681
ffffee01
fffff120
fffff800
ffffe71a
fffff9b3
fffff4b7
ffffea00
ffffe4f4
ffffe2ab
ffffe5dd
ffffedec
fffff924
ffffec83
0000134f
00000126
fffffadd
fffffb03
0000029e
ffffeb8a
ffffea81
ffffeea7
ffffe77c
ffffec42
fffff680
fffff605
ffffeac0
ffffdddb
ffffe907
fffff3f7
ffffec5e
ffffe7fc
ffffec4f
ffffe551
ffffe2ea
ffffec67
ffffe405
fffffa36
fffffa5d
ffffdbd4
ffffe4d9
ffffe190
ffffe831
ffffd929
ffffe70a
ffffd690
ffffea87
0000010b
fffff5de
fffffb72
000000d5
ffffea2a
ffffdf13
ffffe8b4
ffffe0d9
ffffe9c5
ffffe643
ffffe117
ffffe01f
ffffdfee
ffffeb0b
ffffe7bf
ffffe4c4
ffffe0dd
ffffe73a
ffffdd79
ffffdf54
ffffe91d
ffffe397
fffffbe6
00000176
ffffed46
fffff4ab
ffffe396
ffffeab8
ffffde1a
ffffd80a
ffffbd50
ffffd0c1
ffffdf89
fffff412
ffffeda9
fffffb5f
ffffee8a
ffffd6d0
ffffd2b9
ffffe2ac
ffffe9f6
ffffdf38
ffffe55a
fffff00d
ffffff01
fffff70e
ffffec2a
ffffea0d
ffffeb46
fffff6cc
ffffe782
ffffe53e
ffffec91
ffffe579
fffffd3d
fffffe58
ffffef29
fffffca0
fffff4fb
ffffee6d
ffffd9c8
ffffd012
ffffcf7f
ffffcb6f
ffffc830
ffffed3d
fffff663
fffffddd
fffff367
ffffde38
ffffd670
ffffd936
ffffef79
ffffece0
fffff2fc
fffffc3b
000005bb
fffffcee
fffffc5d
fffff7ff
fffffe4f
00000040
fffff74b
fffff797
fffff4f1
ffffea5f
fffffa92
fffffa2f
ffffeb17
fffff57c
fffff55f
ffffea5b
ffffda7a
ffffe1aa
00000f22
ffffed34
ffffc222
ffffe3b0
000004d0
00000c22
fffffcc9
fffffa5b
ffffe26e
ffffc2f8
ffffbff7
ffffd0e7
ffffe598
fffff3a9
fffff458
ffffece8
ffffeb7f
fffff12f
fffff5d8
fffff7f5
fffff83a
fffff770
fffff894
ffffe598
fffff180
fffffa2d
ffffe77f
fffff2c5
fffff546
fffff1fb
ffffdb9d
fffff38d
00002581
0000075c
ffffe327
ffffeffc
00001b03
00000f80
000001b0
ffffee33
fffff516
ffffdf33
ffffbb2f
ffffb49a
ffffc517
ffffcbbe
ffffca2e
ffffcb7a
ffffd22b
ffffd39a
ffffe20f
ffffe571
ffffecd2
ffffef16
fffff11c
ffffdd5b
ffffee2e
fffff8cf
ffffea07
fffff056
fffff1b7
fffff3ee
ffffe5c1
ffffff30
00002afb
00000d3d
ffffefb9
fffffe05
00001484
0000098d
ffffe5fd
ffffe928
fffffd5f
ffffea66
ffffd852
ffffcf7a
ffffcf5f
ffffbdac
ffffb54b
ffffb721
ffffb4e9
ffffa90b
ffffbc7b
ffffc7e6
ffffdcdb
ffffed4e
fffff464
ffffd799
ffffef9f
fffff7ea
ffffe778
ffffeaf6
ffffe948
ffffea8d
ffffe842
00000483
00002e6d
00000dee
fffffa99
fffff3aa
fffffdfd
ffffe19f
ffffd642
fffff588
00000098
00000825
00000194
ffffe8ca
ffffe413
ffffd3d1
ffffcad2
ffffc785
ffffccca
ffffce85
ffffc5e4
ffffbb01
ffffda5b
ffffe46c
fffff1f7
ffffd241
ffffebb3
fffff5c6
ffffe1db
ffffe30f
ffffe388
ffffe674
ffffe2f4
fffffd5a
00002884
00000a14
fffff6ef
ffffe7f8
ffffde61
ffffc362
ffffe165
00000567
00000586
00000c41
000003e0
fffffa8e
fffff04e
ffffebda
ffffeefe
ffffe987
ffffe540
ffffe2e9
ffffe333
ffffd580
ffffde95
ffffe91c
ffffee8e
ffffc924
ffffe773
ffffef70
ffffd88f
ffffe089
ffffdf80
ffffe1b6
ffffe04e
fffff00e
00001eef
00000ad4
00000425
ffffde48
ffffd4cb
ffffd714
ffffed5e
fffffae7
000001cc
00000483
fffffa64
0000000f
fffff8b3
fffff3dc
fffff17a
ffffed07
ffffe8d3
fffff2f8
fffffcc9
fffff3f2
ffffe118
ffffe038
ffffdf9d
ffffc443
ffffe23e
ffffef9a
ffffdea0
ffffe13a
ffffe1af
ffffdcb5
ffffdc8c
ffffe5c7
00000f43
00000d92
000008e9
ffffdbbb
ffffcf48
ffffe196
0000015d
fffff95a
ffffff98
fffffde2
0000002f
fffffc84
fffff6d7
fffff66d
fffff49d
ffffee39
ffffebe7
ffffedfc
fffff8e5
fffff3ed
ffffdf20
ffffd350
ffffdac4
ffffc596
ffffe722
ffffef85
ffffe114
ffffe267
ffffe224
ffffddd4
ffffdd15
ffffdfd3
00000233
00000a9b
000002ba
ffffe34c
ffffe549
ffffe2a7
fffffe53
fffff8c0
fffffa10
fffff9d0
ffffff2b
fffff930
fffff6aa
fffff5b5
fffff31b
fffff70d
ffffec2a
fffff2d0
fffffa7f
fffff0c1
ffffea87
ffffe1bf
ffffe3ed
ffffce84
ffffea14
ffffef86
ffffe525
ffffe1d6
ffffe365
ffffe6e4
ffffe995
ffffea95
fffff6d0
00000a36
000001d1
fffff251
ffffe50d
ffffd57b
ffffe284
fffff2c4
fffffb48
fffffd02
fffffe05
fffffcaa
fffff77d
fffff6b5
fffff38a
fffff463
fffff100
fffff54b
fffff796
fffff30c
fffff630
ffffe5d4
ffffe3a8
ffffd47d
ffffeddf
ffffed70
ffffdd4b
ffffdfec
ffffe1ce
ffffe651
ffffed63
ffffdf50
ffffdf47
fffff1d7
fffff71d
fffff510
ffffef33
ffffc95f
ffffc5f7
ffffc465
ffffe980
ffffff0d
fffff8b4
fffffb9c
fffff8b4
fffff241
fffff268
fffff315
fffff1c2
fffff2a1
fffff467
fffffa9e
fffffea7
ffffe230
ffffe6a3
ffffd653
fffff31d
ffffec69
ffffdfe4
ffffe4cc
ffffe909
ffffeb12
ffffee5d
ffffe641
ffffd988
ffffdb4e
ffffd9c7
ffffe5cf
fffff1f0
ffffd477
ffffbb04
ffffbfef
ffffd438
fffff297
fffff79e
fffff950
fffff542
fffff131
ffffef7b
fffff694
fffff148
ffffef33
fffff50e
fffffbb7
0000009a
ffffe33d
ffffee39
ffffe00c
fffff61b
ffffef26
ffffe590
ffffe86a
ffffe9f9
ffffe8a8
ffffebf2
ffffeee8
ffffe01a
ffffd2ba
ffffd769
ffffdc49
fffff5ee
fffff301
ffffcdb3
ffffbeff
ffffcc04
ffffe2f8
ffffea70
ffffe8bb
ffffeb9b
ffffef80
ffffec94
fffff8c0
fffff9ed
fffff120
fffff6f7
0000019e
ffffff0f
ffffec72
fffff7c0
ffffe600
fffff84e
ffffedd4
ffffe8ea
ffffec60
fffff0f3
ffffecdb
fffff157
fffffdc7
fffff769
ffffe645
ffffdebd
ffffdb52
0000004c
000008dd
fffff49e
ffffdee0
ffffd20c
ffffde89
ffffdcb4
ffffe571
ffffe222
ffffd88e
ffffdeef
fffff27c
fffff469
fffff2e6
fffff4c8
0000013a
fffffbc3
ffffe6d7
fffffae2
ffffe4fe
fffff980
fffff813
fffff1e1
fffff65f
fffff525
fffff588
fffffb21
fffffa7a
fffffb92
fffff285
fffff1d8
fffff0b5
000012a6
000021ed
0000114f
fffff71d
fffff5c1
ffffda3a
ffffd263
ffffd74a
ffffd5cb
ffffd673
ffffdee1
fffff301
fffff1ea
ffffebdd
fffff6be
fffffc9f
fffffe6e
ffffdf52
fffff057
ffffddc5
fffff8c0
000002ae
fffffa80
fffff81d
fffff7a7
fffff13c
fffff38e
ffffec92
ffffe3ff
fffff40a
fffff9ed
ffffef15
0000078e
00001005
fffff087
fffff7e9
00001c17
00000128
ffffddb1
ffffe0c1
ffffda0c
ffffd49d
ffffdf88
ffffdfa8
fffff048
ffffeb92
fffffc21
fffff982
fffff1d6
ffffed53
ffffeee2
ffffe773
fffffa6d
fffffddf
ffffee98
fffff3f3
ffffea59
ffffe7b4
ffffe78d
ffffe127
ffffdeb1
fffff648
fffff1ed
fffff798
fffffc2c
fffffc2b
ffffd7d7
ffffed2f
000013fd
fffff7d7
ffffce73
ffffda89
ffffeb34
ffffdf60
ffffdf67
ffffe2b3
ffffe9f2
ffffefcc
fffff3b3
fffff162
ffffea97
ffffebd2
ffffeb58
ffffede2
fffff7c0
000002e9
fffff02b
fffff7f9
ffffee9b
fffff226
ffffe622
ffffe4b9
ffffe7a8
ffffea19
ffffe7b7
ffffeb8d
ffffe40c
ffffd980
ffffb6fb
ffffe420
00000f95
fffff070
ffffd4c7
ffffd825
ffffe563
ffffe847
ffffddfe
ffffd2bf
ffffdbb3
ffffeae9
ffffeec7
ffffef23
ffffdd3b
ffffe11d
ffffdc10
ffffe9a0
fffff7d8
fffffdff
ffffe170
ffffeb7b
fffff219
ffffdf37
ffffe18d
fffff402
ffffe89f
ffffdae2
ffffe36b
ffffebdb
ffffdae0
ffffd821
ffffc3a0
ffffe869
fffff5c3
ffffdd75
ffffe623
ffffe432
ffffe246
fffff67e
ffffeb7e
ffffe93d
ffffe75a
fffff0fd
ffffdc8c
ffffd797
ffffedc5
ffffea47
ffffe04f
ffffe29d
fffff1ef
000003f2
ffffec56
ffffe982
ffffef26
ffffea4c
ffffe5da
fffff8d0
fffff06d
ffffe34d
ffffe0e2
ffffd72f
ffffdf25
ffffe606
ffffea85
fffff6ac
ffffefd1
ffffe68d
fffff8fc
fffff138
ffffeeb7
fffff689
00000000
ffffff61
fffff3ae
fffff02c
ffffe450
ffffe46a
fffffcb1
00000352
ffffffc0
ffffea66
fffffeb0
00000a06
ffffe796
ffffdd5a
ffffe5ce
fffff149
ffffeb48
fffff54b
ffffed53
ffffecb3
ffffdadf
ffffd800
ffffcf8b
ffffd464
ffffe516
fffff469
ffffed37
ffffe290
00000529
000001a2
ffffec3c
ffffe935
ffffeccc
ffffe4fb
ffffec67
fffff3fc
ffffe401
ffffe40d
fffffbc2
fffff07a
ffffe2e8
ffffd206
fffff4f4
fffff69f
ffffd397
ffffccf1
ffffdf03
ffffe717
ffffe314
ffffe888
ffffda7a
ffffdd7a
ffffd94b
ffffd57d
ffffde24
ffffdbd5
ffffdd4e
ffffe91b
ffffe4ef
ffffd687
ffffe038
fffff3bc
ffffe367
ffffe46b
ffffe337
ffffd9ea
ffffdeb7
ffffe73c
ffffd85c
ffffe3f4
ffffe6fc
ffffdf63
ffffe3e7
ffffdd0a
ffffe049
fffff660
fffff83c
fffffa16
fffffa5d
fffff7ba
fffffbb7
fffffe21
fffffdef
fffffd39
fffffa98
fffffb52
fffffa03
fffff8fa
fffff6a8
fffff5f9
fffff933
fffffd66
fffffb4b
fffff63d
ffffee39
fffff564
fffffbea
fffff660
fffff25a
fffff73d
fffffd00
ffffef12
ffffed62
ffffeff8
fffff99a
fffff474
fffff73f
fffff7e1
fffffb30
fffff565
fffff71c
fffff834
fffffedf
00000148
0000022f
000002e1
00000131
00000122
0000043f
fffffe0b
fffffe48
fffff82e
fffff7f7
0000006e
00000739
ffffffbf
fffff782
0000046f
00000bc4
0000057d
fffff95a
fffff7c5
fffff9d2
fffff682
fffff159
fffff7e3
00000467
00000356
fffff7d9
fffff79c
fffffb05
fffffea7
000001f2
ffffffad
0000051e
00000367
00000510
0000097e
000009b1
000009d3
000005c0
000003cf
000001ac
fffff9c2
fffff72c
fffffaac
0000063a
fffffdfe
fffffabd
ffffff11
000005da
0000005a
fffffbf6
000000a2
000005e6
0000033b
ffffff3a
ffffff16
000006a6
000003d9
fffffb4a
fffff777
fffffd27
0000052b
000007d8
00000190
0000002c
fffffddc
fffff27f
00000bc1
000014a2
0000129c
00000849
00000e12
000007d3
fffffefd
000005f2
000005ea
00000367
fffff992
fffff38b
fffff75c
fffffdd8
fffff9f7
fffffe3e
000006f7
00000850
00000580
000004e9
0000034c
0000046d
00000584
fffffffd
ffffff82
fffffe5a
00000589
000005dd
fffffe02
ffffec97
ffffed67
ffffe3d1
fffff1e1
fffff68e
00000310
00000a23
00001276
0000081a
fffffc47
0000064b
00000c2b
00000796
fffffe37
fffff793
fffff7c0
fffffbb0
00000042
000004ab
00000510
000007ae
00000586
000003c4
00000386
000004f1
00000d4b
fffffbd2
0000016c
00000003
00000766
00000846
0000073d
fffff94f
ffffe622
ffffe37b
ffffe433
ffffea6b
fffffd37
000000e8
00000f26
0000072f
ffffffbf
000003ff
0000065a
000000b9
fffffc38
00000994
00000da8
0000094c
00000503
ffffff2e
000003e3
000007a5
00000ca1
00000627
00000104
000003bb
000007ac
fffff7c3
fffffe91
fffffc6d
00000408
000000e7
fffffe31
fffffba3
ffffe824
ffffe610
fffff225
fffff29a
0000041e
ffffff28
0000062b
fffff59b
fffff645
fffffce4
fffffc26
fffff223
fffff635
00000560
00001206
0000037e
00000291
fffffa4a
fffffc86
0000067a
000008af
000008c5
00000147
00000014
ffffff04
fffff978
ffffec0a
ffffdf28
ffffeacc
ffffea14
ffffecb6
fffff392
ffffe797
fffffb39
fffff47f
fffffd38
fffffe90
fffff70f
fffff0cf
ffffdb90
fffff387
fffff07b
fffff3a9
ffffeb50
ffffedcf
fffff920
fffffe14
ffffea2c
ffffeda4
ffffe925
fffff061
fffff374
fffff2de
fffff745
fffff654
fffff7d4
fffff75d
fffffb7b
ffffea3b
ffffe4e2
ffffebc1
ffffd818
ffffdc27
ffffd8e9
ffffd361
fffff0e8
fffff710
00000589
fffff268
ffffe631
ffffcd0c
ffffe150
ffffe8b6
ffffffaa
fffff363
ffffe125
ffffde73
ffffdad3
ffffdea4
ffffe3e1
ffffe178
ffffdac9
ffffdfa2
ffffe63e
ffffdffc
ffffe1f8
ffffe8a2
ffffebd3
ffffe5cb
fffffaac
fffff6ae
ffffed9f
000000f3
fffffa8e
ffffef66
ffffefe3
ffffd54f
ffffd43e
ffffd1fe
ffffeba2
ffffda5a
ffffd7bf
ffffd2ff
ffffdfe0
ffffcb78
fffff1ce
00000867
fffffcf4
fffffc74
fffffedc
000001b9
0000072f
00000243
fffff353
fffff790
fffffb19
fffffa76
fffff85e
fffffceb
00000068
fffff838
00000a58
fffff1c6
fffff3c4
00000b12
0000182d
00000aae
00000563
fffff2f4
ffffd779
ffffd0eb
ffffd853
ffffccea
ffffc812
ffffe52f
ffffea1b
ffffd7d0
ffffe417
000008a9
00001d5e
00002931
0000213f
000014bf
000007ad
000006c2
000007c5
000010d5
00000ee1
000011d6
000007ed
00001116
00001167
000012ed
00000783
ffffece6
ffffe92b
fffffecc
00000c79
000005b4
00000655
fffff5f7
ffffe785
ffffd3cd
ffffdb0e
ffffd574
ffffe1b0
fffff1cb
fffff5f2
ffffd7ad
ffffcc3e
ffffdcc1
ffffffa4
00001e23
00002143
00001b84
00001a90
000021ce
00001999
000010f1
00000d8f
0000087b
00000601
00000cc2
00000bfc
000013aa
00000028
fffff2ac
ffffea6f
00000203
00000486
0000031d
fffffa12
ffffeae9
ffffe0da
ffffeaea
fffff169
fffff522
ffffef7e
fffffa4e
fffff0c4
ffffcbaa
ffffc6f1
ffffd1e6
ffffe61f
ffffef85
000003c6
000006a8
00001323
00001b25
00001d8d
00001b27
0000188a
0000119e
000003a7
ffffff28
00000467
00000766
000003a0
fffff1f1
ffffebd9
0000016b
00000343
000002db
fffff28f
ffffe645
ffffe170
fffffde9
fffff2ed
ffffebd9
fffff322
ffffee93
ffffd9e5
ffffce84
ffffcaef
ffffef06
000000c8
fffff8e8
ffffee8e
ffffe16b
ffffea30
ffffe84e
fffff1e4
0000018b
00000640
00000b84
0000094a
fffffd4c
000001f0
000006b2
00000762
fffff75d
fffff091
ffffff34
000000d9
000001c4
fffff9e3
ffffe7b0
ffffeafd
fffffaf1
fffff128
ffffef8e
ffffe12e
ffffd679
ffffd626
ffffd192
ffffed74
fffffff5
000004b7
000006ca
fffffaba
fffff2b7
fffff349
fffff737
fffff729
00000498
ffffef8b
ffffec64
fffff3e6
000002e5
0000043b
00000c88
fffffdb4
fffffc6f
fffff3d6
fffffd66
00000157
000004ba
000005d9
ffffeb6e
ffffeea3
ffffff0c
fffffb92
fffff376
ffffe1cb
ffffca0d
ffffd8d8
ffffe997
fffffc52
000005c8
000000bd
0000051c
fffffbe7
fffffacd
fffffc21
00000126
fffffda0
00000261
0000014c
fffff90f
fffff675
ffffffec
ffffff49
0000043f
fffff871
fffffd2a
fffff1b3
ffffff78
00000599
00000522
000009ff
fffff574
fffff05f
00000757
fffff67d
fffff859
ffffe96b
ffffddee
ffffe6ee
fffffcb8
00000608
000004f8
fffffefe
000000fa
00000540
00000727
00000941
0000074f
00000621
fffffac0
0000041f
0000008d
000004f2
fffffbb0
ffffffcd
00000184
fffffd58
fffff988
fffff64d
fffffc40
000002d1
00000697
000003b5
fffff5b1
ffffe8af
ffffff01
ffffefd9
ffffed44
ffffe15f
fffff25a
fffffe7f
fffffeef
00000589
000004fc
0000022d
00000240
00000166
000003b6
0000036d
0000044f
00000586
000003f4
fffffea2
0000056b
00000218
ffffebfa
fffff909
0000058d
fffffd89
fffffd66
ffffff4a
00000497
000005b6
000003ee
fffffeb7
ffffff17
ffffe199
fffff5b5
fffff3cc
fffff388
ffffdbe1
fffff092
fffff921
00000566
000005ef
00000a1e
000004ca
000004ff
000002e5
000000d1
00000366
00000593
000006fe
000004fb
fffffefd
00000c61
00000463
ffffface
fffffe64
000003d6
fffff903
fffffc62
fffffce6
000001be
00000384
00000271
00000213
00000623
ffffed55
ffffee61
fffff41b
fffff872
ffffe33e
ffffe195
ffffed1d
000000ae
00000868
0000084b
000006a5
00000883
00000681
00000663
0000041e
000003f2
0000074c
000007d2
000000f0
00000c86
000006fc
fffff8e9
fffffbf5
ffffff20
fffffa25
fffffeac
fffffdd6
fffffdbd
fffffe96
fffffef8
ffffffbb
fffffb2b
ffffeb5c
ffffdcd6
fffff025
0000076c
ffffe155
ffffe390
ffffdf8f
fffff9ce
fffffc58
0000088a
00000899
00000b50
000003c5
0000044d
ffffff49
fffffe46
00000815
00000499
00000239
00000751
fffffecd
ffffedd4
fffff106
fffff70d
fffff751
fffffe57
ffffff7e
fffffdf9
0000029c
fffffe54
000000c9
fffffa22
fffff901
ffffd069
ffffc891
fffff054
fffff665
ffffef1c
ffffe57d
fffff544
ffffe7b8
fffffdac
fffffd3d
fffffebf
00000139
ffffff7f
ffffff15
fffffdce
00000429
00000344
000004c2
00000bc6
000004fd
fffffb23
fffff7b8
fffff637
fffff89c
fffff827
fffff6c8
fffff5f8
fffff748
fffff0d9
fffff046
fffff6eb
ffffeb67
ffffe640
ffffc5d2
ffffcac5
ffffedb0
fffff8d2
ffffea7f
ffffea1e
ffffdca5
ffffecfd
ffffee1f
ffffeefe
fffff5e2
fffff8a4
fffffecb
fffffd29
fffffec1
000004b7
00000078
00000c85
00000690
fffffac7
fffff88e
fffff6a7
fffffdca
fffff216
ffffeaaa
fffff4a6
fffff492
fffff4fb
fffff965
fffffded
0000018c
0000026d
fffff2b0
ffffdbda
ffffd542
fffff696
fffff9c6
fffff50d
ffffe437
ffffebdd
fffff4e0
ffffee32
ffffe21b
ffffe50a
ffffeb54
fffff809
ffffff46
0000057d
00000060
000001c6
000002bc
fffff29d
fffff729
fffff1b5
fffffece
fffffaf2
fffffd05
ffffff20
00000055
ffffff29
00000a83
00000bbb
000002f0
00000abe
00000587
ffffefde
ffffd18d
ffffe275
ffffe977
000009a9
fffff11f
fffff70c
fffffc79
fffff0c0
ffffe4a6
ffffe93d
ffffed0c
ffffe9e4
fffff443
00000215
0000029b
ffffff3f
00000580
fffff3ea
ffffef8d
fffff14f
000004d6
fffff8dc
fffff69c
fffff935
000001a0
00000435
0000071d
000001bd
fffff70f
0000015d
fffff889
fffff34d
ffffd643
ffffdd8a
ffffe238
ffffedc7
fffff41a
fffffb06
000000fb
fffffb12
fffffa64
fffffe2b
fffff1cc
ffffef22
ffffe635
ffffed46
fffff774
00000d28
00001d82
000002e6
fffffb12
00000acd
00000c66
fffff7e6
fffffe47
0000082c
00000403
000005d1
00000140
000003a8
fffffdb0
00000051
fffff0f9
fffffe8a
fffff691
ffffec86
ffffed94
ffffd5c5
ffffdc3b
ffffee1a
fffff373
fffff350
fffff48b
fffff6d5
fffff20e
fffff520
ffffe9f5
ffffecbe
ffffe1e8
000007e1
00000bc5
000001a9
fffffae0
0000032b
fffff7af
fffffb18
fffff2a9
fffff84b
fffff9be
00000659
00000a32
0000056b
00000301
00000b62
fffffd57
00000b5c
00000963
ffffff5f
fffff865
ffffd9c7
ffffdf23
ffffe3cc
fffff1a7
fffff3e7
fffff366
fffff66f
fffff39b
fffff3d5
000003b9
fffff69a
ffffdb8d
fffff19a
fffff0b1
ffffd9d5
ffffe350
ffffed5b
ffffefac
fffff389
ffffe5a7
fffff309
ffffed24
fffff100
fffffd30
fffff3fc
fffffd8f
fffff94e
ffffee50
ffffff3d
00000e1e
00000e43
000008ec
0000051b
ffffeafc
ffffe2c7
ffffdffa
ffffe92e
fffff0a6
00000340
0000039b
000001bb
0000163e
000001bd
ffffff94
0000024c
fffff47e
fffffc7f
000002c6
fffffcda
000000ca
fffff354
fffffd2e
00000937
ffffff11
00000291
0000052e
000005da
000005e0
00000265
fffffac4
00000029
fffff211
ffffefaf
fffffcc0
00000b40
fffffd0f
fffff317
fffff5c4
fffff90d
fffff20d
ffffe65a
fffff435
0000022d
fffffdae
fffffa28
00000c13
000007ab
fffff559
fffff696
000003dd
fffff614
fffffeb1
fffff7b7
00000a70
000012ec
00001692
00001d04
0000249c
000010b2
000009b3
00000906
000008f1
000009bf
00000d6c
00000319
000013e3
00001be8
000011dd
00001e8c
00001a0f
00002812
000026c3
0000107b
00000971
00000eb0
0000181e
00001236
00001439
0000069b
00000b97
0000100b
0000196b
000019ae
00000bb5
fffff379
ffffe486
fffffd9a
fffff6e4
fffff0ef
fffff081
ffffe9df
ffffec5c
ffffe2e6
fffff39f
fffff075
ffffedb2
fffff5c7
fffffa25
fffffc04
fffffb63
00000111
fffff8ee
fffff709
00000d84
0000046b
fffff7bf
ffffedd1
fffff22b
fffff662
fffff3aa
ffffee3b
fffff2f7
00000b07
00000eb7
000005d0
fffff372
fffffc1e
fffffd99
fffff98b
fffff905
fffff917
fffff785
fffff758
fffff653
fffff6eb
fffff3cb
fffff60e
fffff63f
fffffb6b
fffff8d9
fffff778
fffff59a
fffff5a5
fffff5e2
fffff471
fffff7af
fffff6a6
fffff72c
fffffa07
fffff947
fffff7a6
fffff699
fffffa8e
00000060
fffffd81
fffffbe6
fffff6e3
fffff156
00000063
fffff69d
fffff39d
ffffedd0
ffffec6a
ffffec13
fffff0aa
fffff1b5
ffffeb08
ffffea0e
ffffe797
ffffea56
fffff0aa
ffffed7e
ffffea12
ffffe945
ffffe9eb
ffffe90a
ffffe2b7
ffffe65b
ffffec87
ffffec50
fffff08b
fffff594
fffff084
ffffeb55
ffffeb5c
fffff526
fffffa11
fffff568
ffffebd2
ffffec3d
fffffeb7
fffff029
ffffecdf
ffffec32
fffff179
fffff3a5
fffff436
fffff625
fffff495
fffff1d8
ffffed3e
ffffedc9
ffffee3c
ffffec3a
ffffece8
ffffed01
ffffed68
ffffea7d
ffffe41d
ffffe7ea
fffff10b
fffff2eb
fffff181
fffff226
ffffee48
ffffea3c
ffffedf4
fffff344
fffff3c3
ffffefce
ffffe7b9
ffffe981
fffffa7c
ffffeaf6
ffffe97b
ffffe94e
ffffee98
ffffeee8
fffffbe6
00000739
00000edf
fffffa5b
fffffd1f
fffff649
ffffefc7
ffffea17
ffffeae0
fffff0c2
fffff1e1
ffffef11
ffffe81e
ffffebd5
fffff3c8
fffff66f
ffffef1c
ffffebd6
ffffe71a
ffffe588
ffffec92
ffffedf9
ffffe9c0
ffffe8d1
ffffe59b
ffffec61
fffff19c
ffffe7f3
ffffe9c8
ffffe86e
ffffe914
ffffecf2
00000972
00000edb
0000189d
00000bbb
fffff9b7
fffffb45
fffff76f
ffffedfc
ffffe42f
ffffe649
ffffec83
ffffeaab
ffffe9e1
ffffeac8
ffffefba
ffffef10
ffffece8
ffffebdb
ffffe9ef
ffffe5c6
ffffe875
ffffe946
ffffe63d
ffffe775
ffffe675
ffffea93
fffff232
ffffe9d9
ffffec36
ffffeed0
ffffe6ab
ffffe919
fffff36f
fffffc06
fffffbe6
fffffa47
00000567
fffffb6f
fffff6d2
ffffec60
ffffe8b9
ffffe384
ffffe8b5
ffffe701
ffffea33
ffffe7a9
ffffec8c
fffff04a
ffffecec
ffffea68
ffffea93
ffffec08
ffffecfb
ffffe9d4
ffffebe9
ffffe996
ffffe8f4
ffffec0c
fffff6e6
ffffef61
fffff1de
fffff201
fffff200
ffffece9
00000088
fffffad6
ffffed4a
000009e8
0000076f
fffffbd6
fffff353
fffff26a
ffffec84
ffffea5e
ffffe96a
ffffe589
ffffec81
ffffe891
ffffe8ad
ffffe7ed
ffffe5d8
ffffe4a5
ffffe78c
ffffea9b
ffffef87
ffffe775
ffffea6b
ffffec50
ffffeb22
ffffea5f
00000010
ffffee3d
ffffed83
fffff79a
fffff28a
000010c5
00000363
000012b9
ffffeb6c
ffffff4b
00000381
fffff3f3
fffff87c
fffffcaa
fffff488
ffffea4b
ffffed6b
ffffe93b
fffff3d1
fffff707
fffff3d2
fffff5d3
ffffeff4
fffff1f6
ffffeff5
ffffeeff
fffff0d4
fffff06e
ffffecc3
ffffee47
fffff069
ffffeed6
ffffffdd
fffff767
fffff162
fffffb8d
fffff612
000007bd
00001c93
00001a1e
ffffedc1
ffffe7ee
fffff3e9
fffffa85
0000069d
0000220f
000001e2
000002a6
fffff2d4
fffff4eb
00000327
0000068c
000002ff
fffff212
fffff364
fffff8c8
fffff4b4
fffffeab
fffffac1
fffffcc3
fffff324
fffff6ab
fffff688
ffffedb0
fffff3dd
ffffeac6
ffffeabe
ffffeba1
000000a3
000016fe
0000225f
000028fc
00000b42
fffffb36
ffffe856
00000360
00002231
00003346
00001a7b
00000952
000001c8
fffff34e
fffff680
fffff94f
fffff64e
ffffeb98
ffffe735
ffffe5ce
fffff06e
ffffee52
fffff27f
ffffed95
ffffee9e
ffffef2e
ffffeff7
fffff046
fffffad7
fffff09f
fffff09c
ffffeb76
fffff89d
000007d1
000011a1
00000bf8
000011c2
00000933
000006de
00001596
000011c4
00001641
00003464
00001d4c
000007da
000007ba
ffffffa7
fffff607
fffff377
ffffea94
ffffeaf1
ffffed19
fffff421
fffff0c6
ffffee35
ffffe88d
ffffee80
ffffef53
ffffec94
ffffef60
00000229
fffffbdf
fffff881
fffff495
fffff921
fffff063
fffff7b7
fffff611
000022e4
00001df4
00001731
00002042
00001513
00000952
00002b55
000030fb
00002bd4
0000249c
0000263b
000021ea
00001839
0000129b
000015c3
000010a4
0000093d
fffffe2f
fffffd17
fffff836
fffff969
fffff5d4
ffffef34
ffffecd0
00000223
fffffe2b
fffffca5
fffff946
fffffacc
fffff595
fffffb2f
00000765
00000f9e
00000b2b
0000102b
000009e4
00001110
00001271
00000b67
0000196d
00001520
0000164d
000014fa
000019e3
000027bc
0000293c
00002854
00002b9f
00002ddc
000020e5
0000122f
000003d0
fffffcc4
fffffb2c
fffff565
ffffed44
00000098
ffffffab
0000001e
fffffa2e
fffff4b2
fffff457
fffffecd
00000c97
00001c15
000011bd
0000116a
0000072e
000007fa
ffffed7b
ffffeebd
fffffed4
00000b36
000013dc
0000177e
00001ba0
00001b27
00000d8b
0000105a
000012fe
000015df
00001c54
00001482
000003c4
fffffbc0
fffffe54
fffffada
ffffee61
00000175
fffffea1
ffffff9c
fffffa25
fffff387
ffffebe8
fffffbf6
00000f8d
00001102
00000b6d
00000953
000007f6
0000060d
fffff514
fffff4b6
000003af
00000479
00000889
ffffffeb
fffffc04
00000440
000017b0
00001a45
00002042
0000142c
00000cb9
fffffe40
fffff273
00000106
000002d1
00000244
fffff2c8
fffff9b3
fffff8ae
fffff837
fffff775
fffff2a5
ffffead3
fffffe1d
00000d75
00000c42
0000039a
000001a3
ffffed4c
fffff7bc
fffffda1
fffffc4f
000005ef
fffffea7
fffffb21
fffff758
fffff920
0000018b
000009a5
00000a98
00000b82
00000ec7
00001416
00000add
fffffd13
fffffb92
fffffe7d
fffffcf8
fffff4f6
fffff5dd
fffff420
fffff2a1
fffff235
fffff479
ffffed38
fffff67d
00000ca9
00000f03
0000051d
fffff722
ffffd9f2
fffff2c2
ffffff7d
00000397
0000033d
fffffdfa
000000d0
00000373
00000099
00000122
0000045e
000007ee
000004e3
0000070c
00000814
00000727
fffff5f0
fffff530
fffffa87
fffffc45
fffff3ff
fffff30e
ffffeef0
ffffee5c
fffff1b4
fffff259
ffffedd5
fffff2b3
0000068c
000012ec
0000088a
000012bd
fffff853
fffffc62
00000211
0000011e
000001c6
000000db
00000596
0000068b
00000386
00000542
00000382
000004d7
0000074f
00000472
0000040a
00000202
fffffa34
fffff6ff
ffffef99
fffff5b1
fffff469
fffff686
fffff56c
fffff877
fffff4ea
fffff106
fffff11f
ffffedb3
000006b3
0000111b
000009de
000018cc
0000139b
00000b69
fffff626
fffffd92
fffffebf
000003fe
00000401
00000316
00000435
000004c2
0000000b
00000231
000002bc
000001c3
0000087b
fffffd34
fffff397
fffff2d7
ffffe96a
fffff36f
fffff388
fffff5b0
fffff239
fffff396
fffff011
ffffeecc
fffff089
ffffed30
fffffb00
00000b02
0000042b
00000c2d
00001285
00000973
ffffe573
fffff9ab
ffffff2a
00000385
000001d5
00000454
000004ec
0000042f
00000045
0000007f
00000560
0000040a
000009ec
fffffe49
fffff0cc
ffffebe9
ffffeb8f
fffff443
fffff53a
fffff687
fffff2b6
fffff06c
ffffeba2
ffffed6e
ffffed62
ffffee18
00000196
000017c0
00002131
000004e5
00000a2a
000017f2
000013b6
00001285
000007d6
0000056b
00000286
000004cf
00000527
000000c0
fffffcc2
ffffffab
000006eb
00000146
000004a6
fffffbe6
fffff21c
ffffe8b4
ffffe316
fffff0a4
fffff2d4
fffff68d
fffff08c
ffffefa7
ffffea8b
ffffeaef
ffffea10
ffffed0b
fffff244
000005c8
00001aa3
00000bf6
0000033c
0000295f
00002878
00002080
000012ad
fffffcb2
fffffb67
0000068d
000000b2
ffffff41
ffffffe2
00000329
0000061c
000004bb
00000245
fffffab4
fffff3f9
ffffef3b
ffffebaa
fffff215
ffffef9b
fffff8a5
fffff052
ffffef5c
ffffeac5
ffffe9e0
ffffe7fa
ffffec00
ffffe535
fffff2d9
00000256
000007da
fffff671
fffffb4b
00000a8c
00001837
00000c1b
00000027
fffffb2b
00000446
fffffba0
fffff6ad
00000307
00000014
00000028
ffffff49
000001df
fffffaab
fffff9b2
ffffea88
ffffe673
ffffede6
fffff150
fffff48f
ffffef5a
ffffee3d
ffffea63
fffff0d8
fffff0df
ffffeefb
ffffefc1
ffffee51
ffffff3c
00000be0
fffff6bb
fffffeec
fffffb7f
000007ab
00000b57
000004b4
fffffbae
000005ef
00000078
000000a0
fffff6e6
fffffe10
fffffcc7
00000021
000003ba
ffffffb2
fffff3a8
ffffe601
ffffdf6e
ffffeeeb
ffffed91
fffff082
ffffeaa4
ffffed0d
ffffebcd
fffff289
fffff382
fffff5cc
fffff56b
fffffe97
fffffd09
0000095f
00000360
fffffd0d
000003fd
0000044f
000012e4
00000700
fffffe46
0000068f
fffffd51
fffffecd
fffffe38
fffff689
fffffa3d
ffffffa8
000005cf
00000266
fffff6d8
fffff1cf
ffffe605
ffffefbe
ffffee2b
ffffecc0
ffffe929
ffffed9f
ffffe8c7
ffffee1b
fffff121
fffffd0e
fffff2b0
ffffef13
fffff3b4
00000572
0000133c
000016be
0000165a
00001359
00001777
fffffaab
ffffe269
fffffacf
0000011b
ffffff35
00000ec6
000003ee
fffff6d1
fffff25c
fffff987
fffffca0
fffff806
fffffc44
fffffd9f
fffffba8
fffff379
fffffe33
fffffc7b
000000b5
fffffe63
fffffa39
fffff638
fffff0b2
fffff2de
fffff948
0000027b
fffff6c8
00000d0d
00000302
ffffff7b
000009bb
00001afd
00000aee
fffffd33
0000056e
fffffd62
fffff4b0
fffff88d
00000a26
ffffecbf
fffff7b4
fffffb5c
fffff91f
fffff6fb
fffff5ef
fffffb6d
fffffa89
ffffec8b
fffff9f8
fffff5a9
fffffb12
fffff289
ffffef38
fffff695
fffffada
00000136
fffffc92
000007f5
fffffcf7
00001580
fffff85c
ffffeb9b
ffffead1
000011f8
000010ac
000007d8
ffffff13
fffff9c5
ffffed88
fffff2f8
00000aa9
000002ce
00000091
000014f2
0000075d
00000151
ffffe47c
ffffe63f
ffffe208
ffffe775
fffff90e
fffff155
ffffe4aa
ffffe5c3
ffffe684
ffffedda
fffff1e0
fffff7a2
fffff3b9
00000ce2
00000fac
000012ed
fffffd6c
ffffe80d
ffffedf8
0000004a
fffff593
ffffeee3
ffffeeaf
fffffe5c
0000076e
fffffaaf
0000085d
fffffd1b
fffff66f
00000d24
00000a74
0000135a
fffffffa
fffff310
fffff95c
fffff906
fffffc64
fffff46b
fffff29b
fffff550
fffff0d7
ffffee05
fffff6f8
fffffeed
000004d9
00000e93
00000734
fffff665
ffffe84a
fffff090
fffff4bb
fffffbd4
fffff115
fffffc27
fffff0c9
fffffb80
000004dc
ffffee32
ffffeccf
ffffef5c
fffff9bf
fffff7ca
000005ab
fffff7bd
fffff740
ffffed2b
fffff2b1
ffffe5f1
00001c71
00001446
0000126f
000015ef
00001acd
00002357
00001c6e
000016a9
0000164a
00001e95
000020b7
0000210f
00001ba9
00000f70
00000915
000018e3
000019f4
00001c07
0000159d
00001591
00001bad
000026f3
00001c6e
0000100b
00001a2a
0000094b
000008af
00000e2f
00001fda
0000105c
00001358
000015ef
00000a71
fffff755
fffff902
fffff488
fffffae4
fffff046
fffffb99
fffff48a
fffff793
000003cd
fffff9b8
fffff94a
fffff5c6
fffff85d
fffffa39
000001ec
fffff9b6
fffff912
0000075b
fffffe7c
00000884
00000186
fffff2d2
fffff2fc
fffffd33
fffffc08
fffffef6
000008cc
fffffff9
ffffff00
fffffd01
fffff063
ffffe8f6
fffff464
fffff77f
fffff69b
fffff6ed
fffffabd
fffff631
fffff9f2
fffffbf8
fffff747
fffff944
fffffcc8
fffff9c3
fffff631
fffff9d4
fffff8dd
fffff72b
fffff409
fffff705
fffff9a7
fffffa2e
fffffac1
fffff441
ffffeefc
fffff5c3
fffff3f4
ffffeeab
ffffefa0
fffffb3f
fffffcd9
ffffe8fe
0000049c
ffffe856
00000262
fffffe61
ffffff0c
fffffb4f
fffffbc6
fffff481
00000037
000002ee
000001b7
fffffee7
00000310
fffff9d9
fffffaa5
fffffe6d
ffffff98
fffffac6
fffff5be
fffffad9
fffff7cc
fffff8aa
fffffb3f
fffff851
fffff698
fffffc28
fffffa53
fffff62a
fffff79a
fffffa29
fffff3a8
ffffdcda
0000004a
fffff09e
00000aab
00000636
000006ee
000005c6
ffffff77
fffffc31
000002e6
0000002a
0000091e
00000b25
00000ae7
fffffd0a
fffffe42
0000043b
0000035a
00000362
fffffcd6
00000107
0000071d
00000753
0000096f
000004c4
000004ea
0000054a
0000082d
fffffe8c
fffffe5f
000001cb
fffff897
ffffe78f
0000096d
ffffe969
00000c03
000000cf
0000063c
0000013e
fffff224
ffffebde
fffff21f
fffffbc5
00000fa5
00000fad
00000a7e
00000572
fffffbde
000003c2
0000056e
000000f2
fffffec6
0000028a
00000b53
000014ca
00000ca1
00000708
000004ff
fffffdf1
00000554
00000444
0000033d
ffffffe6
00000236
ffffeaef
0000099c
ffffe62f
00000a8c
0000042e
000008c4
fffffb80
ffffd216
ffffc1cf
ffffee09
00000e6c
00001cd6
00001782
000015e9
00000fc3
00000422
00000109
000003b1
000001ef
ffffffa3
0000015c
00000a8d
00000e92
00000750
000002c2
0000032b
000004d4
0000070f
000005b5
00000728
00000166
000002c9
ffffeac5
0000091d
ffffe89b
00001075
00000aed
00000d27
00000143
ffffb898
ffff9f70
ffffc9d9
00001d6f
00002465
fffffe04
fffffab4
00000fbe
00000e40
00000597
0000096a
00000751
000007ce
00000408
00000d33
000001e4
fffffab4
fffffe0d
00000682
00000cc1
00000d11
00000944
000004aa
000000cf
00000563
ffffebef
00000a75
ffffecf0
00001869
000010ca
000007c0
fffff366
ffffb96a
ffff9120
fffff58a
00004294
0000086d
ffffedc2
ffffe9cf
00000539
00001593
00000f83
000015e2
00000f5c
00000e2f
0000017c
00000594
00000372
00000175
000008e3
00000dba
000011fe
00000bba
00000c0b
0000042e
000005a9
00000c7c
fffff3c1
00000e5b
ffffe6c9
000021b7
00001338
fffffa7d
ffffd90d
ffffce48
ffffc3b2
00000ed3
0000248a
fffff4a8
ffffecd6
ffffda46
ffffee78
00000b93
00000f87
0000185d
000012da
00001128
00000b44
00000600
00000914
00000586
00000605
00001524
00001915
000011b2
00000988
000010d6
00000de0
00000be0
fffff64c
00001011
ffffd24c
00001004
0000063c
ffffe159
ffffbbba
ffffdc88
fffff91a
000029b6
000018b3
ffffeaa7
ffffd4b1
ffffe1f7
ffffe25f
fffff248
00000c2d
00000858
000000e6
00000204
00000c5a
00000597
000003a8
000007dc
fffff25d
fffffe45
00000d69
00000ef6
000004bb
00000812
00000b33
0000097e
ffffed2d
000017e6
ffffc10d
0000018a
ffffe58f
ffffc3f1
ffffae31
ffffdb6b
00001485
00001cb4
00002a5a
ffffe30b
ffffcb1c
fffff303
ffffe2a7
ffffc1cc
fffff455
ffffff10
fffffeb7
fffff026
fffff34f
ffffed11
ffffe07a
ffffe0a6
ffffdbbf
ffffde0a
ffffdddc
ffffe973
ffffebd0
fffff2d7
fffff122
fffff450
ffffc965
000006fb
ffffd4cf
0000166d
ffffe82e
ffffcc1b
ffffbdbb
ffffb6e3
ffffceb1
000007e3
fffff102
ffffd6b2
ffffeb17
000011ec
fffff75b
ffffd0ac
ffffde15
ffffdff1
fffff9d2
fffff9d2
ffffdcb7
ffffcad3
ffffd398
ffffe20d
ffffe49c
ffffe406
ffffd4bf
ffffd7de
ffffdaa2
ffffe3c4
ffffe688
ffffe002
ffffb4bf
fffff291
ffffe446
0000293b
ffffffd1
fffff27c
ffffe4a4
ffffdb64
ffffc75e
fffff088
ffffcf3f
ffffd6bd
000003c2
ffffffb7
fffff024
ffffd0ce
ffffd654
ffffdd2e
00000b04
00001f08
00000ccd
fffff3ec
fffffba1
000003f4
000005e1
fffffd9a
fffff875
fffff3ae
fffff69e
ffffff88
fffffee4
fffffaee
ffffc325
fffffa95
ffffe58e
00002aa2
0000018c
ffffffb4
fffffc2d
ffffe7a1
ffffdcea
000002d1
fffff114
ffffdd41
fffff348
fffffc7e
ffffdd70
ffffcbb1
ffffe296
fffffcfd
00002341
0000189a
0000096e
000007d1
00000c0f
00000b76
00000ece
00000df7
0000108f
000013ce
00000ba2
000006a7
0000058f
000007e8
ffffcc64
000003e5
ffffdd69
00002390
ffffff61
0000005d
ffffff6c
ffffde28
ffffe5b1
00001478
00000324
ffffd378
ffffe9ea
fffffa53
ffffcc5a
ffffc823
00000465
000017f3
00000790
fffffe6f
fffffc61
fffffdd5
00000473
0000112f
00001547
00000865
00000b6d
00001326
000025b0
000017c1
00000b41
00000347
ffffc8f0
000003a1
ffffdfa0
00001ce0
fffffd41
00000234
fffffd26
ffffd8d8
ffffed00
000016c0
00000133
ffffc8e5
ffffda63
fffffadf
ffffdccb
fffff558
00001adc
000004ed
fffffb7d
ffffe1db
ffffe167
fffff8f1
00000c9d
00000270
0000044c
000001c1
000001ad
fffff9d8
00000e0f
0000206e
00000a80
ffffffcc
ffffd300
00000754
ffffe415
00000e8d
00000360
0000062f
00000350
ffffde43
ffffe640
0000174b
fffffab1
ffffcd00
ffffd63a
fffff721
fffff868
00001605
0000171e
fffffa17
fffff707
ffffe231
ffffe834
fffffcf4
fffffbd7
fffff72f
fffff929
fffff849
000001d3
ffffe4df
ffffee09
00001855
00000a96
00000451
ffffe02a
00000ff6
ffffe84e
0000127f
00000479
00000351
000001d8
ffffde13
ffffdddb
0000127c
0000026f
ffffd71e
ffffd0c0
ffffedeb
0000089c
000009ed
fffff670
fffff9c6
0000005d
fffff328
fffffbdb
ffffff16
ffffff50
fffffc73
fffff34d
ffffed6c
fffffb10
ffffe4e3
ffffd83b
00000def
00001405
00000390
ffffeedc
00001492
ffffeaca
00001282
ffffffc1
0000021b
00000212
ffffe31c
ffffd301
00000567
000004b0
ffffd2eb
ffffc5aa
fffff70a
0000226c
fffffd23
fffff2fc
fffffb1e
00000294
00000125
ffffff89
fffff8f8
fffffe48
000000c4
fffffa30
fffff40e
fffff70b
ffffed25
ffffdc26
00000234
000014d9
00000de7
fffff22d
00000e88
ffffedfd
00001307
00000272
00000372
00000529
ffffec7c
ffffc5f4
ffffed42
00000fdd
ffffd513
ffffd7e9
fffff9fe
00001752
0000019e
fffff5e6
fffffde4
ffffffee
ffffffa8
fffffe37
fffffff5
fffffd9f
000000d6
fffffda8
fffff3bc
fffffac0
fffff576
ffffe3fb
fffff9a4
000014a7
00000d30
fffff428
00000d50
ffffeb98
000012ea
00000a6b
00000c22
00000a10
fffff6ea
ffffc791
ffffdafe
0000126c
fffffc15
ffffdb55
ffffd7e9
000004c9
00001288
fffff969
000002c3
fffffe62
fffffd11
000000b4
000000a2
fffff81d
fffffba7
fffffde5
fffff60e
000001bc
fffff511
ffffe7e6
fffffded
00000e41
00000beb
fffff789
00000e0c
ffffec8c
00000dca
000007b5
00000d42
0000074f
fffffb06
ffffdc57
ffffc053
fffffc9a
0000187c
fffff3ab
ffffdd51
ffffe985
00000f45
0000132a
00001383
fffffa7a
fffff9d0
fffffcd5
fffffdd8
fffffccd
fffffdbb
00000417
fffff808
fffffd29
fffff64e
ffffe5f9
fffff73e
000007f9
00000f03
fffff9d7
00000d8c
fffff3bd
0000116f
000006d2
00000785
000005c4
0000021b
ffffef40
ffffc746
ffffd80c
000023b2
0000240b
ffffe8df
ffffea1f
0000011a
000019c7
000011b7
000004b3
0000036f
fffffbb1
fffffab9
fffffdc6
000003de
fffffe71
fffffe57
0000013d
fffff393
ffffea2a
fffff9f9
000007b0
0000102f
ffffee6f
00000c16
ffffef0f
0000118d
000007b4
00000b5d
0000072b
0000067f
fffffa39
ffffea3b
ffffc595
ffffeef2
00001dac
fffffdbd
fffff7d1
ffffe702
ffffebb1
fffffbe3
00000ac9
0000075f
fffffa98
fffff070
fffff8b2
000001c8
fffffe57
ffffffc4
00000350
fffff287
ffffe9bd
fffffb04
000008f1
00000f4d
ffffed01
000007f9
ffffe8f9
00000c59
000008cb
000009c9
0000042c
fffffa64
fffff6a1
fffff3be
ffffe353
ffffd40c
fffffe51
fffff426
00000646
fffff967
ffffe506
ffffec3d
00000fbb
00000ece
fffffd18
ffffeb7d
ffffed79
000004b0
000002cf
00000234
0000050e
fffff588
ffffe83a
fffff267
000009c3
000016b6
ffffe4c5
00000752
ffffeb07
000004ff
00000049
ffffffce
fffffec8
fffff783
fffff306
fffff62e
fffff924
ffffdb6d
ffffedef
ffffe560
fffff524
00000695
fffff000
fffff1c6
fffff66c
fffffe44
fffff198
ffffe526
ffffd8f9
000005d4
000001c7
fffffb68
00000548
fffff538
ffffd808
ffffee1c
0000090b
00001854
ffffdbbc
000003b3
ffffea0e
000008e3
fffff9d0
0000010f
00000335
fffff973
000003af
ffffffd9
000006d9
ffffebfe
ffffeaa9
ffffe6bf
fffff89a
fffff556
fffffa85
fffffe0d
ffffe532
ffffed95
fffff2fd
ffffe375
ffffdd35
fffffa17
00000839
fffff54f
00000a75
00000055
ffffd4a9
ffffe0f9
0000071f
0000173d
ffffcc7f
000000e8
ffffe86c
000008cb
ffffff5b
fffffd8c
00000a3c
00000af6
00000b18
000003a6
fffff96c
fffff06a
ffffe741
ffffdcf8
ffffe583
ffffe60e
00000b30
00000149
ffffefb3
fffff88c
fffff983
fffff11a
fffff6c3
ffffed5c
fffff47a
ffffde4f
ffffe811
00000d60
ffffcedc
ffffe6d5
0000164a
00000dda
ffffde4e
0000079f
ffffe333
00000f65
fffffd82
00000807
000015fc
00001565
00000d11
fffffe2b
fffff975
fffffc8d
ffffedbe
ffffe851
ffffe8f6
ffffd498
fffff33b
fffff6e5
fffff181
000008ec
000011bc
00001143
fffffe86
ffffe258
ffffdba3
ffffd78d
fffff76e
000009d5
ffffe696
ffffe731
00000e33
fffffd99
ffffec08
00001a17
ffffe240
00000cc4
fffff6b3
00000452
00000d7b
0000121c
00000913
fffff66c
ffffef11
fffffce7
fffffd9d
00000a9b
00000d92
fffff98f
fffff144
ffffee91
fffffa28
0000038c
00000a9e
00000a3e
00001009
fffffdb1
fffff284
ffffcdbd
ffffd935
000007c2
fffff2e5
ffffe74f
000017fa
ffffff75
ffffebfa
0000158d
ffffe5f9
0000108f
000002c9
00000ccd
00000471
fffffd7e
00000769
fffffb3a
ffffed8a
00000347
fffffdae
00000b3f
00001845
00001104
00000528
000000c7
00000a8c
00000674
000004e1
fffffa6f
fffffc3a
000006b1
fffffd7d
ffffd815
ffffe7e2
00000101
ffffe363
fffff64e
00000952
00001440
ffffe385
00001931
ffffd547
000017ba
00000d71
00001475
00000896
000000fc
fffff95c
00000675
fffff881
ffffea70
0000008d
00001074
00000e65
00000a4f
ffffffd0
fffff8e7
00000a36
00000163
000005f6
ffffffce
fffff9c2
0000124f
00000a89
00000459
fffff449
fffff3db
00000a77
000007f2
00000e15
000008f7
ffffe78e
00002385
ffffd421
000010b7
0000043c
000000cf
fffff797
fffffefc
fffff918
00000513
000005f7
fffff79e
fffff4fb
0000093d
0000073e
000009f7
00000eea
fffffa42
fffffa98
0000005a
0000057a
fffffc2b
fffff4ed
ffffed95
0000095e
00001341
000004e5
fffff971
00001362
00000e57
00000a31
fffff82f
ffffde85
00002073
fffff52a
fffff8b1
fffff8d0
fffff13f
fffff548
fffff9a0
fffff997
fffff88e
fffffa17
fffff657
fffff63b
fffffb2f
fffff902
fffff4b1
fffff744
fffffbab
000000f9
fffffaa8
fffff0cc
fffff5d1
fffffdae
fffffae3
fffff66f
fffffdc1
fffff9dd
fffff311
fffff1a8
fffff170
fffffa70
000002e5
ffffecf1
ffffff3b
ffffecd1
ffffe7b8
ffffefca
ffffe659
ffffeb21
ffffee52
ffffec0b
ffffedde
ffffeea0
ffffe8fe
ffffe769
fffff36e
fffff607
ffffe56c
ffffebed
fffff09c
fffff85f
ffffeddd
ffffdd07
ffffe904
fffff6a8
fffff49f
ffffeda0
fffff101
ffffed99
ffffe715
ffffebba
ffffedb7
fffff623
fffff161
ffffdda5
fffff1e1
fffff019
ffffe0ae
ffffec5f
ffffe4ac
ffffe5f7
ffffe07a
ffffe745
ffffe562
ffffdef1
ffffe17e
ffffeac9
fffff1a4
fffff60f
ffffe863
ffffe22b
ffffecb8
fffff6c4
ffffe995
ffffd8a5
ffffe236
fffff2c1
fffff51f
ffffeeb1
ffffea40
ffffe8df
ffffe57b
ffffeaca
ffffeed1
fffff3f7
fffff0a3
ffffd8a4
ffffeb24
ffffeafe
ffffdd34
ffffea4f
ffffe6ad
ffffddb5
ffffe348
ffffdd80
ffffc383
ffffd0e2
fffff1df
fffff0b0
ffffe655
ffffee18
ffffed2d
ffffe2f7
ffffe5c5
ffffec4c
ffffe412
ffffd680
ffffdf3d
ffffef2d
fffff699
ffffece4
ffffe9d4
ffffe91f
ffffe7f4
ffffe8ab
ffffed4f
ffffeea9
fffff018
ffffdca7
ffffe8e9
ffffeb2c
ffffdbe0
ffffea02
ffffe625
ffffdd53
ffffda32
ffffbbfb
ffffb525
fffff0cd
00000297
ffffe682
ffffe0a8
ffffeabb
ffffea64
ffffe36a
ffffe36d
ffffe885
ffffdcb2
ffffdc69
ffffe52b
fffff140
ffffec9d
ffffe52b
ffffe5a3
ffffeafd
ffffe846
ffffe656
ffffe341
ffffe859
fffff119
ffffdccc
ffffead5
ffffe3c2
ffffd686
ffffe61f
ffffe829
ffffe7d8
ffffda01
ffffc040
ffffbff6
ffffee52
ffffe6bf
ffffef5d
fffff4d7
ffffe971
ffffe40a
ffffe248
ffffe652
ffffdffe
ffffdae3
ffffe507
ffffebcf
ffffec0b
ffffe625
ffffdfb6
ffffe573
ffffeb1d
ffffe72c
ffffe61f
ffffe2be
ffffe55d
ffffee5b
ffffd8be
ffffeb66
ffffd99a
ffffd22b
ffffe3da
ffffe9d2
ffffdebe
ffffbef0
ffffc015
ffffe172
ffffed63
ffffe698
fffff178
fffff756
ffffdcff
ffffd39c
ffffe337
ffffe723
ffffde45
ffffe189
fffff28b
ffffefdd
ffffe434
ffffdabb
ffffd8ce
ffffe66b
ffffe506
ffffeaad
ffffe570
ffffe1f9
ffffe325
ffffeac6
ffffd9c4
ffffea40
ffffd222
ffffcda5
ffffe395
ffffdff4
ffffc450
ffffd20a
ffffccbd
ffffda22
fffff9ac
ffffee03
fffff24a
fffff1ac
ffffd872
ffffc6aa
ffffdfc8
ffffdcfe
ffffe03b
ffffe0fd
fffff7dc
fffff008
ffffe46c
ffffe006
ffffce19
ffffdf5a
ffffe53f
ffffed55
ffffdd9c
ffffddf3
ffffe51b
ffffe57a
ffffd774
fffff371
ffffd777
ffffca15
ffffe76c
ffffd86b
ffffc034
ffffeed4
fffff0ee
ffffdb6c
ffffe20a
00000daa
ffffece2
ffffd17e
ffffd4a4
ffffc1fb
ffffd432
ffffda57
ffffd9c7
ffffdda3
ffffee46
ffffec21
ffffe1f6
ffffe780
ffffd94b
ffffda82
ffffe00e
ffffe85e
ffffdea1
ffffe1ab
ffffe1be
ffffe79b
ffffd356
fffff6b0
ffffda5e
ffffca03
ffffe890
ffffdfeb
ffffb88d
ffffdd5d
00000c76
ffffe95f
ffffd780
0000027e
ffffebd9
ffffd80c
ffffee9e
ffffce14
ffffb905
ffffd143
ffffd765
ffffe24d
fffff10e
ffffea6f
ffffe299
ffffee85
ffffe49e
ffffe415
ffffe09c
ffffe605
ffffe83d
ffffe55f
ffffec67
ffffe435
ffffd612
ffffebe3
ffffd6c4
ffffbec7
ffffe0f6
ffffe39f
ffffc595
ffffd78b
00000686
00000519
ffffdbe4
ffffd453
ffffd73d
ffffed52
00000193
fffff8aa
ffffd96e
ffffb850
ffffc428
ffffd607
ffffecc4
ffffe984
ffffe233
ffffe4e5
ffffdda3
ffffdf9e
ffffde55
ffffe58c
ffffe05f
ffffe2da
ffffe9db
ffffe774
ffffd494
ffffe380
ffffddad
ffffc217
ffffe506
ffffe891
ffffd611
ffffd01b
ffffccf7
fffffe3e
fffff175
ffffdae3
ffffdeef
fffff1d4
ffffe734
fffff02a
00000b2e
fffff744
ffffbc32
ffffb50b
ffffcfea
ffffd4d8
ffffd878
ffffd60c
ffffe6c3
ffffe1f2
ffffe0e4
ffffdeb8
ffffe21c
ffffdf65
ffffe4cf
ffffe159
ffffd1a2
ffffdeee
ffffdfed
ffffc39a
ffffe8e0
ffffeefc
ffffe8c2
ffffd154
ffffc959
0000057f
fffffd34
ffffd878
ffffd9a1
ffffebc9
ffffda29
ffffe72d
00001b3c
00002033
ffffe6b1
ffffcc4a
ffffd958
ffffdd2f
ffffcf40
ffffd4b6
ffffd1f9
ffffc812
ffffd253
ffffdb62
ffffe4ed
ffffe8cd
ffffe35b
ffffdf91
ffffd16f
ffffe091
ffffdf1d
ffffc7ca
ffffe9c5
ffffe9d5
ffffe73c
ffffcd68
ffffcfae
00000bb4
fffffc1e
ffffd523
ffffe9c7
fffff6f9
ffffe87a
fffff748
000004b5
00000caa
fffff822
ffffea01
ffffe3b8
fffff133
fffff98d
ffffea75
ffffe0eb
ffffd741
ffffdb00
ffffd7ba
ffffe249
ffffe256
ffffe0cd
ffffdf8f
ffffd4f6
ffffe493
ffffe33d
ffffd0db
ffffe756
ffffe213
ffffe7f4
ffffcc13
ffffd4ba
0000083a
fffff263
ffffcedc
ffffe27d
fffffc85
ffffedb8
fffff36f
fffff581
ffffed0c
fffff006
fffff7bb
fffff8b5
fffff761
fffff96c
fffff1e0
fffff574
fffff036
fffff1f2
fffff835
ffffdf7f
ffffd8e1
ffffe03a
ffffe186
ffffd1bd
ffffe5d7
ffffea7d
ffffd75f
ffffe455
ffffe4cc
ffffeafb
ffffd4b9
ffffd9f7
00000827
fffff4a2
ffffdd39
ffffe5a1
fffffd61
fffff3d3
ffffee07
ffffeed4
ffffec25
ffffee4c
fffff3b9
fffff02e
ffffeaf3
ffffef2b
ffffedaa
fffff62e
00000039
fffffa69
00000aa8
ffffede3
ffffd2d9
ffffdc18
ffffe5ae
ffffd0ca
ffffe7a6
ffffee0f
ffffd831
ffffe40f
ffffea26
ffffeef9
ffffdbe0
ffffdde5
fffffbea
fffff417
ffffe4e6
ffffdd78
ffffe542
fffffab3
fffff7e9
fffff3e7
ffffe43b
ffffedb6
fffff232
ffffed33
ffffea46
ffffedcc
ffffec0d
fffff04a
ffffecf3
fffff5d3
00000bf6
00000101
ffffd60b
ffffd8ba
ffffe559
ffffd613
ffffe8d4
ffffeb67
ffffd5cc
ffffe49c
ffffee16
ffffeed6
ffffe3dc
ffffdb8c
fffff57d
fffff120
ffffe5dc
ffffe624
ffffcef9
fffff68d
0000017a
ffffe97b
ffffe8b5
ffffed9a
ffffef6d
ffffeb2e
ffffe9ec
ffffecd2
fffff0eb
fffff11e
ffffeafb
ffffec7d
00000528
0000025e
ffffea41
ffffe223
ffffe162
ffffd4b4
ffffe9cd
ffffe8b7
ffffd3f2
ffffea13
ffffee59
ffffed79
ffffec7f
ffffda6b
ffffeff2
fffff552
ffffe4aa
ffffec00
ffffdb68
ffffeda9
00000446
ffffea5d
ffffee95
ffffeec4
fffff18b
ffffef45
ffffed6a
ffffedeb
ffffed97
fffff120
ffffeeee
fffff049
fffffb29
fffffd69
ffffea96
ffffe896
ffffe4da
ffffd736
ffffebe0
ffffe894
ffffd7b2
ffffe9b9
ffffeb19
ffffec98
ffffed84
ffffdc25
ffffe323
fffff0d7
ffffe4dd
fffffa01
fffff80a
ffffed85
ffffedb6
ffffec6b
fffff3c0
ffffec54
fffff10f
fffff088
ffffefcb
ffffec0d
fffff00f
fffff2d4
ffffedbc
fffff32f
fffff5de
fffff915
ffffe912
ffffe6b6
ffffe26c
ffffd3c8
ffffea85
ffffed59
ffffd9e0
ffffe87b
ffffe50b
ffffea86
ffffed79
ffffe0a6
ffffd626
ffffee34
ffffe92e
fffff3ec
fffff92c
ffffe5dd
ffffd17f
ffffde7e
fffff3aa
fffffb95
fffff031
ffffef65
ffffeffa
ffffe8ed
ffffee48
fffff228
ffffef16
fffff21c
fffff55f
fffff934
ffffebf8
ffffe45f
ffffdbcc
ffffd101
fffff0aa
ffffed89
ffffdd80
ffffe51f
ffffe10e
ffffe766
ffffe9d6
ffffe1e8
ffffe1c9
ffffe7a9
ffffeb3c
ffffebc0
fffff642
fffffa7b
ffffdaf4
ffffc15c
ffffe4c2
00000324
fffff525
fffff1dc
fffff0e7
ffffe8c4
ffffe7bb
fffff879
fffff386
fffff197
fffff16c
fffff9c9
ffffedca
ffffdb58
ffffd795
ffffd58f
fffff6bc
ffffea69
ffffda95
ffffe5ad
ffffe15c
ffffe638
ffffe6e6
ffffe2eb
ffffe051
ffffe9db
fffffb2f
ffffec99
ffffdded
0000045a
fffffa02
ffffe53f
ffffdbcd
fffffa64
000000ea
fffff6d3
ffffe1ff
ffffe630
fffff01f
fffff542
fffff795
fffff1b3
fffff15e
fffff822
ffffe446
ffffdd3b
ffffd8f4
ffffda2e
fffff14c
ffffe8b8
ffffd378
ffffe5a7
ffffe642
ffffe752
ffffebe3
ffffe70c
ffffe6ee
ffffdcd7
ffffe0b6
ffffee09
ffffe841
000002a7
0000070a
00000307
fffff716
ffffeca3
ffffef38
fffff4e7
ffffe09c
ffffe1ca
fffffae5
fffffbc4
fffff3f0
fffff47e
fffff010
fffff42a
ffffe552
ffffd5a0
ffffd820
ffffdba8
ffffeb2a
ffffe74a
ffffdb5c
ffffea0c
ffffe7b5
ffffe9f5
ffffeddb
ffffe07b
ffffd7c9
ffffcf6c
ffffccf7
ffffd650
ffffe1a2
ffffebb0
fffff74f
fffffeeb
00000cc1
ffffe5ff
ffffd1e5
ffffe52b
ffffe45e
ffffd9ed
ffffed74
000003e4
ffffe789
ffffe88b
fffffb0e
fffff4ed
ffffd97e
ffffd09f
ffffda76
ffffd87c
ffffe5c7
ffffe73f
ffffdb5c
ffffe492
ffffe37b
ffffe8b1
ffffe3c0
ffffe055
ffffd5ee
ffffd398
ffffd283
ffffdab7
ffffe9d2
ffffd9b5
ffffe31e
fffff332
00000d82
ffffec7a
ffffd00b
ffffdbf4
ffffce7f
ffffd1b2
ffffe1b9
fffffda6
ffffec51
ffffd6a2
fffffd1d
fffff3ec
ffffd1fb
ffffd0e6
ffffd179
ffffd41d
ffffe917
ffffe032
ffffd7df
ffffde47
ffffd7f7
ffffe2e3
ffffe25a
ffffe65f
ffffe24d
ffffd9e4
ffffe098
ffffe320
fffff8bb
ffffceee
ffffd930
ffffe8dc
fffff7ce
ffffde81
ffffc499
ffffcdf3
ffffc703
ffffdfe8
ffffdc8a
fffffc11
fffff48d
ffffd9e2
ffffeeb7
0000005c
ffffdcb5
ffffca46
ffffc74b
ffffc63b
ffffe790
ffffdd57
ffffc875
ffffcd86
ffffd71b
ffffded0
ffffe8df
ffffe0c2
ffffe66a
ffffe350
ffffe3ff
ffffd7e1
ffffed74
ffffcc53
ffffc824
ffffe126
fffff2fc
ffffcc8a
ffffb6b1
ffffd318
ffffe07a
ffffe595
ffffeb8a
ffffe736
ffffe305
ffffdc75
ffffdf7b
fffff4d9
ffffebf7
ffffd89a
ffffce49
ffffd07a
fffff33a
ffffe197
ffffcc3d
ffffd99d
ffffe349
ffffdfba
ffffe4b3
ffffea53
ffffdb78
ffffcf17
ffffe3d7
ffffd87c
ffffe139
ffffd595
ffffc97e
ffffe2be
ffffebf5
ffffcdfd
ffffc644
ffffd6b2
ffffe13a
ffffd9c6
ffffdb8d
ffffe99b
ffffd532
ffffe565
ffffe77e
ffffe069
ffffe11f
ffffd73b
ffffd664
ffffcee8
fffff14f
ffffdbd9
ffffcaf6
ffffdfac
ffffe467
ffffe018
ffffdf24
ffffe12e
ffffd9b0
ffffcf79
ffffe0ea
ffffda0b
ffffd65d
ffffd0ec
ffffcf1e
ffffe01e
ffffe1ae
ffffd381
ffffe780
ffffe10c
ffffd81f
ffffce8d
ffffdca2
ffffe726
ffffd102
ffffd902
ffffd6f5
ffffc7cd
ffffd522
ffffdb2b
ffffe613
ffffcd3b
ffffe2f9
ffffbf80
ffffc46a
ffffd503
ffffd147
ffffc9cf
ffffc848
ffffcb3f
ffffd177
ffffd684
ffffd1e5
ffffc666
ffffcdab
ffffd5d2
ffffdb8a
ffffdae9
ffffd50c
ffffce41
ffffcf20
ffffdaf5
ffffd595
ffffd426
ffffd306
ffffc8c0
ffffcc81
ffffdbde
ffffce56
ffffc156
ffffca87
ffffe441
ffffdee6
ffffbaf3
ffffde11
fffff37b
ffffe30c
ffffe94e
ffffeb65
ffffea8f
ffffecbd
fffff441
ffffef51
ffffee13
ffffedcc
ffffd999
ffffdf7c
ffffec52
fffff0e9
ffffefea
fffff34c
ffffec06
ffffec2e
fffff248
ffffedd8
fffff804
fffff310
ffffe8c4
ffffec61
fffff70d
ffffebfc
ffffe931
fffff367
fffff571
fffff43c
ffffe3de
ffffe35f
000017a0
0000013e
00000bb6
00000715
00000129
00000233
00000047
000002dd
000007bf
0000062c
0000031e
fffffe7d
00000226
000006ec
000001ef
000003e2
000005eb
0000095d
00000125
00000174
00000279
0000079f
0000040b
000008c0
00000981
00000b41
fffffd99
0000035a
00000930
00000bc5
000004b5
fffff5bb
00000972
ffffedd3
fffffc69
fffff8a2
fffff136
fffff0fc
ffffeee5
fffff986
fffff72c
fffff195
ffffeec3
ffffef33
fffff2db
fffff963
fffff6d9
fffff126
fffff464
fffff6aa
fffff09b
ffffe783
ffffee72
fffff777
fffff6b8
fffffac0
fffffb49
fffff7e2
fffff3bc
fffff635
00000398
000000aa
ffffef4e
ffffe856
00000ce2
fffff957
fffff9e0
fffff8ee
fffff705
fffff7b5
fffffa51
fffffc4e
fffff67b
ffffebf9
ffffe808
fffff195
fffffac3
fffffdd4
fffff887
fffff89f
fffff715
fffff85a
fffff4a3
ffffec71
fffff37e
fffff998
fffff8bc
ffffff68
ffffff19
fffff605
fffff8d1
fffff4aa
fffffa47
fffff6dd
fffff2d8
fffff055
00001402
fffff1fe
fffff733
fffff473
fffff98b
00000f6a
000015f4
000009fc
ffffe140
ffffd0ba
ffffebf7
fffff10a
fffffa70
fffffe27
fffff89e
fffffa1e
fffff8f7
fffff8c5
ffffeb36
ffffed20
fffff732
000002ef
00000130
ffffff83
fffff7c1
fffff2b8
fffff3a3
fffff835
fffff973
fffffb58
fffff31a
ffffee5d
00000bee
ffffea79
fffff29c
fffff36f
fffffabc
00000b0c
0000281e
00002522
ffffc04a
ffffe420
fffff144
ffffed8a
fffffa9f
fffffb6a
fffff46d
fffff48b
fffff429
fffff314
ffffeb9d
fffff74a
000001e8
00000078
fffffdff
fffff431
fffff4bf
fffff5df
fffff849
fffff951
fffff6b5
fffff8f1
fffff05a
ffffea9d
00000d29
ffffe9d5
fffff21f
fffff9b2
000005f3
00001056
00004024
fffffd55
ffffe235
ffffe7cf
ffffef36
fffff260
fffff55c
fffff8ad
fffff498
fffff8d9
fffff21d
ffffefb0
ffffef8e
000000e2
000002e3
fffff91d
fffff2fe
fffff1c4
fffff543
fffff940
fffffe3f
fffff8de
fffff347
fffff8b6
fffff3da
ffffee16
0000127d
ffffef9b
fffff97c
fffffd2e
00000bd2
00000b3b
fffff1d1
ffffe700
fffff175
fffff302
000002c6
fffff60a
ffffefb0
fffff23d
fffffd13
fffffbc4
fffff43b
fffff11c
ffffefff
0000015c
000000a6
fffff72b
fffff674
fffffc3c
fffff33c
00000048
00000117
fffffdcf
fffff57b
fffffa25
fffff352
fffff216
000019c3
fffff2da
fffff9b6
000006a0
00000735
fffff2ef
ffffe24d
fffff273
00000ab8
00000b33
0000112b
00000a78
fffff257
ffffeb8a
00000859
fffffaa1
ffffefa6
ffffeed3
fffff397
000001c4
00000520
fffffffc
00000700
fffff779
fffff80c
00000373
fffffe1f
00000167
fffffbeb
fffffa09
fffff506
fffff3c7
00002b19
fffff6d3
fffff9c5
ffffefac
fffffa88
ffffd30e
ffffce84
ffffdec5
00001363
00001a81
00000f4d
00000187
ffffdd1b
fffff230
0000258c
fffffe97
ffffe952
ffffe89e
fffff558
000002ea
00000613
fffff91d
fffff48a
ffffeffd
fffffeb7
fffffc6b
fffffe55
fffffa30
fffff9f4
fffffba1
fffff23e
fffff6e1
00002a99
fffffa21
fffffd6d
ffffedf4
fffff21b
ffffdbed
ffffb390
ffffeb31
00002ae3
00002aff
0000012a
ffffedc9
ffffc826
0000053e
0000189e
0000114d
fffffb54
fffff495
ffffffce
00000db2
000004e5
fffffc4f
fffff65d
ffffff96
fffffdea
000000ae
00000147
fffff772
fffffa0b
fffffd62
fffff49a
fffff542
0000228a
fffff16e
fffff5ab
fffff75e
fffffb75
ffffe11c
ffffd3f0
ffffe60b
00002c0f
000023f0
00000a27
ffffc230
ffffdaec
fffff361
ffffff6a
000021f3
00001219
00000efb
ffffff83
ffffff15
fffffb55
fffff5b0
fffff763
fffffcae
ffffffd8
ffffffed
fffff870
fffff4bf
fffff194
fffff6a1
ffffedd7
ffffe720
00001ea3
fffff143
fffffa0d
fffffad7
0000017b
0000024f
ffffeef4
ffffe622
fffff129
00000aed
ffffde62
ffffce7c
fffff65a
fffff6da
ffffebb5
ffffefcd
0000123a
00001529
0000023f
fffffdbd
00000295
0000099b
000003f8
00000667
000007b0
000000cb
fffffc7e
ffffff7f
fffffb86
fffff8fe
ffffe862
ffffeb68
000022df
fffff843
ffffffec
fffffb5b
000000ac
fffff752
ffffebaa
ffffe83f
ffffef9e
ffffee8b
ffffd72d
ffffedc4
000001cd
fffff06b
ffffc9ac
ffffd353
ffffeaab
fffff93f
fffffb2f
000006a4
0000027d
00000e22
00001137
00000cbe
000001e9
00000ba0
00000b31
000004c0
0000012a
00000496
ffffef4d
fffff363
00002023
fffff885
000001ac
fffffeb2
0000003d
ffffe8ce
ffffe2c0
ffffe92a
ffffecc6
ffffe67e
ffffd88a
ffffec41
fffffb93
ffffdc1d
ffffdf79
ffffe77d
fffff71e
0000033d
00000786
fffffeb4
fffffc79
fffff9b2
fffff575
0000069b
00000aa2
0000080a
00000a46
00000bdf
0000042a
0000098f
ffffed7c
fffff407
0000127a
fffffd0b
000000f6
fffffe56
fffff8a8
ffffdf62
ffffdbc4
ffffe9e4
ffffefba
fffff08c
fffff2ff
fffff64b
ffffe7fb
ffffe333
ffffeb89
fffff22c
fffffcff
00000520
0000075e
0000073d
fffffd8b
000000bf
fffff658
fffff6dd
fffff9d0
0000019f
00000a95
00000a97
00000440
00000677
fffff7fc
fffff257
00000f97
fffff972
fffffd09
fffffd58
fffff308
ffffe285
ffffda0f
ffffe8ed
ffffefa1
ffffe963
00000515
0000077f
ffffec0b
ffffee94
fffffc93
00000093
0000019b
fffffdc3
000007ab
0000057d
00000025
000005fb
00000030
fffff11d
fffff72d
fffff82e
fffffcf0
00000612
00000092
0000038e
fffffa73
fffff4b3
00001167
fffff8ba
00000347
fffffe95
fffffb89
ffffeaa6
ffffd8bb
ffffe282
ffffee09
fffff251
00000085
0000192b
00000690
fffff21e
fffffcd8
000003d1
fffffefd
000003bc
00000ad3
00000630
0000062a
000002d3
ffffff27
fffffecb
fffffe57
fffff7e5
fffffc19
000003ae
0000010b
00000dca
fffffcf9
fffffdbe
0000120b
fffffb25
fffffc4a
ffffff51
fffffc8f
fffff14b
ffffe247
ffffdb65
fffff100
fffffa81
0000041b
00001f8e
00000476
000005f4
000001b0
fffffd3c
fffffdd3
000001cb
000006b6
000005d2
00000692
00000465
00000083
0000007d
00000163
fffffcb1
fffff6ff
ffffffec
fffffd61
00000480
00000045
fffff947
000012b4
fffff9a2
00000351
00000066
000001d2
fffff40b
ffffdd23
ffffd930
ffffe66d
fffff862
00000b40
00000044
fffffeef
0000101b
00000a9d
ffffff60
ffffffef
fffffe55
0000057d
00000693
00000815
000003f0
00000064
fffffb29
fffffe6b
fffffc42
fffff599
ffffffae
ffffffab
000007cd
fffffda3
fffff3b3
00000fd6
fffffa9d
0000048e
00000246
000000c5
fffff067
ffffdd2a
ffffcbe3
ffffd94c
fffff661
fffff1a6
ffffe2c4
fffff0dd
000014aa
00000ab8
fffffdc1
0000009f
fffffc31
000002db
000003a5
000004fb
00000399
00000291
00000098
000000d1
fffffa15
fffff2da
000002ad
000000af
00000749
fffffb61
fffff0d3
00000dd6
fffff974
00000213
00000353
fffffc19
fffff47a
ffffe757
ffffcddc
ffffca8a
ffffe5cb
ffffe66c
ffffdd30
ffffed4c
0000256f
0000143e
fffff232
fffff749
000000f1
00000464
00000478
000001c2
000005c8
000000a5
0000036f
0000060c
fffffd38
fffff273
00000085
fffffa2e
00000137
fffff87f
ffffed86
000011df
fffffaa4
0000001a
000003ec
fffffaa2
fffff823
ffffeafc
ffffe212
ffffd447
ffffc5f6
ffffe2b8
ffffe94b
fffffa6b
000023cb
00000d54
fffffcdc
000005c2
00000291
000003e8
000000c1
fffffe29
fffffc4b
fffffdef
000004b4
00000782
fffffd95
fffff2b1
fffffeb1
fffffdba
fffffefa
fffff21c
fffff23b
000011e8
fffff998
fffffcca
fffff937
fffff401
ffffef56
fffff632
ffffead1
ffffde9e
ffffd977
ffffd6b8
ffffe70e
fffffd87
fffffdb7
fffff80f
fffff764
00001f41
000014ef
0000078d
00000054
fffff927
fffffbb0
0000089d
0000055c
000005da
fffffc95
fffff615
fffff77b
fffff972
fffff96d
fffff4d6
fffff1e8
000011bc
fffff856
fffff730
fffff559
fffff0e3
fffff3ba
fffffda4
fffff126
fffff8b5
ffffe533
ffffd28b
ffffdb13
ffffebe8
ffffe2db
ffffe2c5
ffffe877
000024cb
000016ca
0000045b
ffffff0a
fffff973
fffff3da
ffffff2e
ffffff1e
0000026d
000000f8
fffffd3c
00000105
fffffa50
fffff141
ffffeeac
ffffefbc
00000f69
ffffedfd
fffff4f1
fffff04c
fffff5d1
fffff517
ffffeedf
ffffed7d
ffffe6e5
ffffe163
ffffe44c
ffffe848
fffffa6e
ffffee06
ffffe827
fffff359
00002253
00001aeb
fffffd5c
fffff528
ffffeda4
fffffa0e
fffffa08
000001f3
fffffcdc
000001ee
0000013c
000001c7
fffff5f9
fffff424
fffff300
fffff673
00000d35
ffffe22e
ffffeda9
ffffecbb
ffffec38
ffffebcd
ffffebd8
ffffe9ab
ffffea29
ffffe91a
ffffed7c
ffffe4f1
00000417
fffff706
ffffe3e9
fffff8e4
000011d4
00001a48
000006fc
fffffc00
fffff1db
fffff29a
00000049
00000ca6
00000e05
fffffd80
ffffee03
fffffe0f
fffff411
fffffb64
fffff1d7
ffffeca2
00001983
fffff659
000001a5
fffff67b
ffffed3c
fffff37a
fffff285
fffff7f3
fffff9b0
ffffec69
ffffeadf
ffffe193
fffff69c
ffffed50
ffffdc7b
fffff9d8
0000147a
000012a7
ffffef74
ffffe3e8
ffffe960
ffffe25a
00000a85
0000126f
000007c0
0000013b
fffff922
fffff652
fffff3fc
ffffe865
ffffebc7
ffffe19d
000010bb
ffffe943
fffff81e
fffff74f
fffff640
fffff4f8
fffff876
000002f7
fffffa49
ffffe674
fffff9fc
fffffc16
fffff94e
fffff20e
ffffe3f3
fffff682
fffffd5e
00000063
fffffb7f
fffffbed
fffff8b7
ffffff6f
00000955
00001132
ffffd773
ffffe9d3
fffffa24
fffffff0
fffff12a
ffffe46d
ffffeecd
ffffee9d
00001659
ffffe8d1
0000038c
fffffd46
fffff085
ffffe53c
fffffcf7
fffffc03
ffffec57
ffffedda
ffffed53
ffffe272
fffff895
fffffbc5
fffff691
ffffdfbd
fffff26b
00000685
fffffbfe
fffff77e
fffffa8e
fffff1d5
0000052b
fffff8b3
ffffdae4
fffffdaa
fffffeeb
ffffeb69
ffffec3b
ffffeaf0
ffffea6d
ffffeb56
00001db8
ffffec62
fffff2e6
fffff8a8
fffff301
ffffef4a
0000010b
fffff627
fffffcf3
fffffe9c
000005b9
fffff0f8
fffff7fc
fffff796
fffff784
ffffede1
fffff115
ffffec60
fffff243
ffffe79a
ffffefc4
fffffd4c
fffff9ef
ffffe382
ffffefc5
fffff8d9
ffffe882
ffffdce0
ffffe18d
ffffef31
ffffeb62
fffff10d
000021c2
fffff18f
fffff33c
fffff71c
fffff83a
fffff09d
ffffedb9
ffffeae8
fffffd49
00000309
00000a4c
0000046f
fffff28e
ffffea56
fffff7f0
fffffdfe
fffffc2e
fffff585
fffff8f7
fffff100
fffff3e3
00000905
fffffa43
ffffeeca
fffff129
ffffe8e3
fffff28c
00000586
fffff648
00000029
0000029a
ffffec65
00000f93
000009da
00000a89
00000a2c
00000a4e
00000304
ffffff06
00000a6e
00001a19
00001680
00000c49
00000d49
ffffffd8
fffffe73
00000158
0000089f
0000052d
00000a7c
00000edf
00000915
0000041b
fffffd5b
fffffbbb
00000353
fffffe47
00000528
00000630
0000037c
0000077a
fffffff1
000001b0
00000171
ffffece8
fffff513
fffff0a1
fffff58e
fffff4c8
fffff2fc
fffff4f7
fffff31a
fffff334
fffff83e
fffff326
fffff48e
fffff18d
fffff505
fffff01b
fffff1bb
fffff0ab
ffffef69
fffff5fd
fffff7c1
ffffeca7
ffffed3b
fffff719
fffff67e
fffff1c0
fffff217
fffff3b1
fffff249
ffffebe1
ffffe7fc
ffffefae
0000025e
fffff704
fffff4d8
fffffa23
000000eb
fffffea7
00000217
fffffc28
fffff8b1
fffff8ce
fffffba7
ffffffa4
000001d4
fffffc04
000000c8
fffffe59
ffffff5a
fffff697
fffffe15
00000753
00000733
00000004
fffffc95
000003d5
0000021d
fffffc4e
00000109
00000079
ffffff5d
fffffe22
000000c3
000004ed
00000f79
ffffe9ef
ffffee1b
fffff073
fffff416
fffffb0d
fffff80d
ffffe792
ffffe2c5
ffffe43d
fffff146
fffff438
fffff5af
ffffed15
fffff750
fffffbbc
fffff497
ffffec53
ffffe928
ffffffe5
0000032e
fffffc54
fffff043
ffffee3c
ffffef15
fffff486
fffff7d2
fffffca2
fffffe03
fffffc0d
fffff9cf
fffff5e2
00000b1e
ffffe80a
fffff340
fffffabd
fffffc3e
fffffdfe
fffff95d
ffffdd3e
ffffc65c
ffffdd63
ffffe3d1
fffff20a
fffff84d
fffff1f3
ffffef69
fffff972
fffff9f2
fffff358
fffff596
0000018f
fffffda2
fffff373
ffffe756
ffffe8ec
fffff29c
fffffa23
fffffceb
fffffcb9
fffffbe4
fffffc39
fffff34c
fffff1cc
000009ec
fffff0fa
fffffe71
fffffb10
fffff8b3
fffff8db
ffffdf69
ffffd88b
ffffd7bb
fffff6ae
fffff103
ffffe75d
ffffec63
ffffefb6
fffff2b4
fffffcb7
fffffd3c
fffffab7
000000b7
00000094
fffff6f5
fffff144
ffffebf7
fffff410
fffffc45
fffff7fd
fffff7d1
fffff770
fffffa07
fffffaf7
fffff251
fffff200
000008e4
fffff299
0000020f
fffffe2e
fffff73e
ffffef26
ffffd5fb
ffffd9dd
fffff245
00000439
0000057a
ffffd94a
ffffdc4d
ffffea98
fffffc66
fffffad4
fffff848
fffffad8
000001d4
000001b9
fffff82b
fffffbef
ffffff7d
0000044a
0000007e
fffff9a8
fffff56f
fffff22e
fffff7da
fffffc2a
fffff74d
fffff4fd
0000084a
fffff083
fffff7e0
fffff4d1
ffffe900
ffffe7cc
ffffd464
ffffd879
fffffedd
fffff377
fffff6a0
ffffe141
ffffd89f
ffffeb52
fffffecb
ffffed5e
fffff29e
fffff415
fffff865
fffff7ca
ffffedd0
fffff8cc
fffffe87
fffffcf9
fffff9e5
fffff77d
fffff03f
fffff179
fffff3b9
fffff931
fffff9ee
fffff49d
0000051b
ffffe26b
ffffe91f
ffffe42a
ffffd8a4
ffffe0c3
ffffcc51
fffff905
fffff439
fffff27f
ffffe95f
ffffec25
ffffcc9b
ffffe519
ffffec5a
ffffe050
ffffe7a4
ffffea71
fffff293
ffffe760
ffffdba4
ffffda0f
ffffe01c
ffffe218
ffffef08
ffffded9
ffffdb52
ffffe514
ffffe586
ffffe7f6
ffffe43f
ffffee45
fffff58b
ffffe136
ffffe8fe
ffffe399
ffffe30c
ffffd180
ffffbfa7
fffff33e
ffffefb5
ffffe942
ffffcfcd
ffffda7e
ffffea23
fffff754
ffffda47
ffffd80d
ffffda81
ffffefac
ffffea2f
ffffd94e
ffffc1f1
ffffc660
ffffd14f
ffffdc75
ffffeb21
ffffd9a2
ffffd8d7
ffffd555
ffffdc35
ffffd514
ffffd454
ffffe2b0
fffff18f
fffff224
fffff93c
fffffd80
ffffef9d
ffffe760
ffffdea5
ffffd9f9
ffffe76d
ffffe9d5
ffffc648
ffffc9df
fffffed5
00000238
ffffcabb
ffffe66e
ffffdbd3
fffff9aa
fffff72e
ffffe47d
ffffde0c
ffffef27
fffff10b
000002b9
fffff97a
fffffaf9
fffff1b2
fffff4ca
fffffa5d
ffffeae3
ffffefca
ffffe03f
00000178
ffffee48
fffffb2e
00000040
fffff2fc
00000283
fffff7ba
ffffe942
fffffb82
fffffc75
ffffda19
ffffdd10
000014a1
fffffafa
fffff087
fffffd81
fffff57f
fffff0d7
00000344
fffff849
0000016a
00000c00
00000773
000005a3
0000022a
00000418
000003c9
000007aa
00000afa
000000f3
ffffffa3
ffffe9e2
0000108a
ffffef90
fffffcba
fffff6cc
ffffefb8
fffffd05
0000005c
ffffff8e
00001372
000008ff
ffffee6b
00000e2d
0000056c
fffffa8f
00000e68
fffffbbb
fffff40f
ffffe8f7
fffff680
ffffe525
ffffea77
fffff3d3
fffff274
fffff061
ffffeed6
ffffef4a
fffff972
fffffe16
fffffc59
fffffa72
fffffa8d
ffffe97d
00000874
ffffef5c
ffffffca
fffffa94
fffff722
fffff526
fffffc1f
fffff982
ffffff4a
ffffee78
000006a7
00001b75
fffffa3f
fffffebc
fffffee2
fffff930
fffff383
ffffe46c
ffffd19f
ffffe181
fffff01b
fffff2f3
ffffe849
fffff076
ffffe937
ffffe543
ffffee7d
fffff930
fffff0b5
fffff833
fffffb4d
ffffe9b2
000000ed
ffffec4c
fffffbe2
fffff949
fffffbb1
fffff8a0
ffffffc5
00000275
000005d3
fffff9e0
0000113a
00000164
0000051a
fffffa68
00000b64
000021db
00000de5
ffffed6d
ffffe4ce
ffffe09b
ffffdc74
ffffe4f5
ffffded4
ffffe784
fffff325
ffffed0e
ffffe8ff
fffff60b
fffff6a8
fffff670
fffffa58
ffffea97
000001fa
ffffec24
fffff98f
fffff53c
fffff958
fffff77a
ffffffcf
00000658
00000601
fffff5cd
00000f3a
fffffd81
ffffff96
00000507
00001431
00002141
00000099
ffffedf4
ffffeec1
ffffde69
fffff19c
ffffee71
ffffea13
ffffe3d8
ffffe4cf
ffffddec
ffffc8c8
ffffdab1
00000412
fffff621
fffffeab
fffff104
000002f9
ffffecf6
fffffdae
fffff7b0
fffffbbd
fffff3cc
fffffbae
fffffead
00000485
fffff436
00000e90
000009b8
fffff272
fffffe6d
0000111a
00000323
fffff1f5
ffffebfa
ffffe5d0
ffffe985
fffff459
ffffef60
ffffefe4
ffffe8ca
ffffe14b
ffffe786
ffffd54e
ffffcb1a
fffff7df
fffffcdb
fffffb24
ffffefeb
0000026e
ffffed4e
fffff7e8
fffffc93
fffff9e9
fffff3ed
fffff8b3
fffff021
000001ff
fffff748
00001072
00000361
ffffedb7
ffffefe5
fffff6da
ffffea37
ffffeab7
ffffe2ed
ffffe2cc
ffffed58
ffffebf0
ffffece4
fffff3cd
fffff18d
ffffeaea
fffff0cd
ffffdc2a
ffffce3f
ffffefce
fffffe89
fffffee5
fffff113
000003f1
ffffef01
fffff9eb
fffffa0b
fffff8ad
fffff7b2
fffff9e5
ffffebd0
fffff99e
0000004f
fffffc22
ffffe7ae
ffffe926
ffffe48d
ffffee7b
ffffe55f
ffffe5f9
ffffe928
ffffea11
ffffed05
ffffee3e
ffffecfe
fffff02d
ffffedc2
ffffeda1
ffffebf9
ffffe3e3
ffffd8f8
ffffec9e
fffff435
fffff5f0
ffffefaf
00000599
ffffee6c
fffffbf8
fffffcd3
fffff9b0
fffff413
fffff926
ffffef17
ffffe811
fffffdbd
fffff66a
ffffef2f
000016f1
fffffcdf
fffff880
ffffee08
ffffeda1
ffffeb58
ffffefcd
ffffecaf
fffff034
ffffeee5
fffff17b
ffffef69
ffffee84
ffffec6f
ffffef14
ffffda2f
fffff5ef
fffff9b1
fffff9d7
fffff0b2
000005f3
fffff001
fffffe6a
fffffc64
fffffb3c
fffffbc3
fffff771
fffff460
ffffe623
fffff61d
fffffe91
0000010d
0000292b
00000d1d
ffffe7d7
ffffde41
ffffeb51
ffffee3a
ffffef92
ffffeee2
fffff4f1
fffff4a5
ffffefa2
fffff41f
fffff08b
ffffed94
fffff138
ffffe54a
fffffbb9
fffffa93
fffffeed
fffff726
0000082f
ffffef86
fffffd34
fffff856
fffffbaa
fffffcc2
fffff632
fffffb4f
ffffed5c
ffffdbf8
fffffecd
00000989
00001637
fffffd7d
ffffd79b
ffffc804
ffffe258
ffffdfb7
ffffef4e
ffffef78
ffffede3
ffffefc3
ffffef35
fffff2b8
fffff24c
ffffee7d
ffffef9e
ffffe63f
fffff602
fffff83b
fffffc95
fffff809
00000599
ffffecce
fffff62c
fffff6f6
fffff91f
fffff789
fffff8ee
fffff999
fffff1fe
ffffdbee
ffffe6a1
ffffff41
000009b7
fffff104
ffffe3cd
ffffe84f
ffffe60b
ffffdb2d
ffffead6
ffffe9fa
ffffe6bb
ffffea05
ffffefdf
ffffedef
ffffeaf0
ffffec26
ffffedbe
ffffe1ea
fffff092
fffff72c
00000221
fffff7d7
00000682
ffffee38
fffff2c7
fffff06b
fffff4da
fffff2c9
fffff088
ffffef8e
fffffd18
fffff2da
ffffd92d
fffff434
000009ce
00000866
0000170c
000021eb
000007d6
ffffed01
ffffd531
ffffd7c4
ffffe4af
ffffe875
fffff3f4
fffff6ca
ffffed13
fffff135
fffff13a
ffffe779
ffffeff7
fffff4d1
fffffd5e
fffffa31
00000934
ffffe95b
ffffef83
fffff138
fffff283
fffff125
ffffe629
ffffea69
fffff67d
fffff94b
ffffeffd
ffffeda1
00000879
00000073
000019a9
0000194b
000017ac
fffff7ad
ffffde81
ffffe13e
ffffe2ac
ffffe2ce
ffffdb93
ffffeca1
fffff412
fffff20a
ffffeeec
ffffeb13
ffffe208
fffff197
fffffc34
fffff0ff
00000931
ffffebc0
fffffa5d
fffffb7b
fffffaa9
fffff6b3
fffff36e
fffff310
fffff019
ffffef65
00000757
ffffe7c6
000002bf
fffff2c9
fffff46c
0000011c
00000be6
0000028c
ffffff8d
fffff6ed
ffffe26e
ffffe7b7
ffffe891
ffffdee8
fffff126
fffff029
ffffe10b
ffffe289
ffffe51c
fffff2f0
fffff2c8
ffffd8b5
ffffffa7
fffff102
fffff5c3
ffffef51
fffff05b
ffffef9c
fffff0fc
ffffefa3
fffff2e4
fffff19b
0000014b
ffffe627
fffff5f9
fffff447
ffffe8b0
fffff9af
000011f0
0000051d
000001a9
00000595
00000875
000000e1
fffff892
fffffbb9
ffffe352
ffffe77c
ffffe3b5
ffffcc1a
ffffe396
fffff08d
ffffefc5
ffffe225
00000483
ffffe7e0
ffffec13
ffffea8a
fffff781
ffffec89
fffff2c0
fffff159
ffffeb30
ffffee14
fffffc51
ffffdfd1
fffff239
ffffee18
ffffe265
fffff732
000002c1
fffff87c
fffff717
fffffc03
00000339
fffff987
fffffc8d
ffffe1dc
ffffc85e
ffffe41c
fffff7dd
ffffc2ed
ffffd768
fffff2bf
fffff6bb
ffffee90
00000973
fffff09f
fffff964
ffffecd7
ffffeed6
ffffeb38
fffff011
fffff5c7
ffffe3d0
ffffdf98
ffffeb97
ffffde57
fffff775
fffff1ea
fffff359
fffff19a
00000077
fffff857
ffffed61
ffffe8f8
ffffee32
fffff252
fffffcba
ffffd5eb
ffffcb65
ffffe9fb
ffffe2fc
ffffc4f3
ffffc2ec
ffffefe8
fffff963
ffffee9d
00000845
fffff2e2
fffff641
fffff1e0
fffff3fd
fffffbb8
ffffe683
ffffe6b4
ffffe420
ffffe4eb
ffffd9d7
ffffd904
ffffe5b6
ffffe938
fffffab5
fffff4e5
fffffc34
fffff9d5
00000617
fffff641
ffffe586
ffffeb18
ffffeb59
ffffd53e
ffffec9e
fffffbf3
ffffe258
ffffecb8
ffffe6e3
fffff848
fffff019
ffffebe3
ffffff09
fffff271
fffff412
ffffe66e
ffffec05
ffffec1f
ffffe3cc
ffffed3e
fffffc1c
fffffab2
ffffe242
ffffeb8e
ffffe2b3
ffffe8c5
fffffcea
fffff7dd
ffffec01
ffffe9ad
fffffd32
fffff993
fffff16e
fffff7c8
ffffee37
fffff6b9
00000338
000002b7
fffff87e
000006e9
00000573
00000254
ffffed1f
fffff37c
0000024b
ffffe69a
ffffe615
ffffd8ff
ffffe1ce
ffffeb23
ffffeb82
fffff22d
ffffefbe
fffff259
ffffdefb
ffffe2a7
ffffdc52
ffffe01d
ffffe574
fffff564
fffff7cc
fffff2f0
ffffed9f
fffffa64
fffff350
ffffeed1
ffffeb77
ffffef3d
ffffeb26
fffff583
fffff244
0000006b
00000442
fffff058
ffffe29c
ffffd743
fffff153
ffffdc92
ffffe5cc
ffffe50e
ffffec28
ffffef67
ffffe6a3
fffff19d
ffffe61f
ffffe94a
ffffe36c
ffffe385
ffffe27f
ffffea64
ffffe93c
ffffe48a
ffffe705
ffffdff3
ffffdeb9
ffffe6e7
ffffdc08
ffffe2c9
ffffe272
ffffe3aa
ffffef64
ffffeda8
ffffee01
ffffe709
ffffdf3d
ffffd8e3
ffffd88d
ffffdbf4
ffffeeb6
000005d7
000010c1
00000dc3
000006c0
000006df
000006ae
00000501
00000a70
00000cdc
00000965
000006ea
00000b93
0000086a
000009eb
0000094c
000009b0
00000bab
00000616
0000080a
00000bbe
000008c1
000008f2
00000e5d
0000153d
00000df0
00000638
00000b02
0000122d
00000bd5
00000ac0
00000ca6
00000cb7
fffff559
fffffc8e
fffffae8
fffff9ff
ffffff74
fffffd60
fffffce7
fffffa20
fffffee6
fffffa89
fffff3d6
fffffc16
00000138
ffffff9e
fffffb9c
fffffd09
fffffc6d
fffff6ed
fffff399
fffffb0a
fffffa7e
fffff880
fffffafa
fffffd52
fffff811
fffff65a
ffffff33
00000682
00000168
fffff1ec
fffff7ad
000004b1
fffffa23
fffffff2
fffffbe6
fffffd16
fffffd8f
fffffadf
fffffb40
00000204
fffffb3f
fffff87e
00000169
00000481
000004c8
000005bb
00000404
000003e0
00000575
ffffffa4
fffff7f5
fffffc22
000004f9
fffffcf2
fffffbb0
fffffc89
fffff7cc
fffffb8f
fffffce1
fffffd4e
fffffb87
fffff4d7
fffffa54
000004d1
fffffa17
00000075
fffffd20
fffff88d
fffff5e8
fffffa21
fffffd50
00000d32
fffffc38
000003e6
00000c52
000009f9
000000c2
0000015d
fffff743
fffff8ea
fffffc7a
fffff979
fffff989
ffffffae
000004f4
00000186
fffffc3a
fffffe71
fffffa3a
fffffb36
fffff8bb
ffffff22
0000011f
fffffef2
fffffb06
00000487
fffff3e7
fffff9df
fffffa29
fffffa17
fffffb2e
0000034d
00000087
0000013a
00003568
0000258a
0000151c
00000d92
00000487
fffff403
fffff0a8
fffff454
fffff69c
fffff4c1
fffff8ac
00000cf0
000010de
000008f1
fffffc39
fffff793
fffff79b
fffffc0c
fffffca3
fffffc70
ffffff06
fffffd7f
fffff84a
000003d9
ffffee57
fffff0c5
fffff15e
fffff88c
fffffc24
ffffffd5
ffffef70
ffffe481
0000513a
000022a0
000011b1
00000cf1
000003d5
fffff44a
fffff3ef
fffff853
fffff58d
fffffa72
0000006d
00000a81
000005dd
fffff83d
fffff8d2
fffff85c
fffff507
fffffa2e
fffffb41
fffff4da
fffff887
ffffff15
fffffb59
00000600
ffffe97f
fffff00d
fffff3a9
fffff482
fffff900
fffff83b
fffff1ff
ffffe9cd
000031f3
000014ef
000009b7
00000b91
000005d8
ffffef17
fffff26e
fffffd66
fffff3f7
0000027c
00000494
fffffdd6
fffff436
ffffea9c
fffffbc3
fffffb27
fffff3c6
fffff6a9
fffff41c
fffff4e1
fffffb04
00000028
fffffb5b
000003e4
fffffa7e
fffffdf0
000003a0
fffff19a
ffffef11
fffff332
fffff549
0000058a
00001e16
0000088c
00000826
00000294
00000a87
0000138e
000005c4
00000651
fffffb95
fffffcd1
fffff6c4
fffff263
fffff1a6
fffff98e
000006a6
0000043a
fffffe4b
fffff8d8
fffff1f4
ffffedb6
fffff5cb
fffffac2
fffff448
000002a7
000004de
00001635
00001455
00001283
00000bd8
fffffcf7
00000a8e
ffffff59
fffff395
0000014f
00000a9c
fffff4c2
fffffd28
00000cc9
0000066f
ffffffb5
00000fa2
00000ecb
000008d3
00000cf7
0000157b
00001475
00001598
00001852
000011de
00001321
00000fbc
000007bc
0000096b
00001394
000010f3
00001599
ffffec66
fffffb05
0000048b
00001861
0000143c
00000fd4
000020a3
0000103b
fffff881
ffffff61
0000052d
ffffeb8a
ffffeaef
00000468
ffffef79
ffffe170
fffffa18
0000124b
000016a0
00000d70
0000227e
00001567
00000f1c
0000146a
00001721
00001936
00001915
00001767
000013cd
00001621
00001ebf
00001734
ffffd2ba
ffffdec8
ffffe3f8
ffffeca3
ffffef37
fffffdeb
000012e2
0000271a
0000101a
ffffe6a8
ffffe43f
ffffea99
fffff669
fffff5f7
fffff4c0
ffffd854
ffffdc68
ffffe0fb
ffffefc7
ffffef56
fffff467
fffff208
ffffe89a
ffffe8ce
fffff405
ffffee33
fffff63f
fffff32b
fffff20d
fffff0b7
fffff630
000001d2
ffffd49a
ffffe337
ffffe906
ffffe8f6
ffffddd3
fffff382
000002c2
000001dc
fffff514
ffffd6e6
ffffd67c
0000009b
000004ed
ffffe6e8
fffffc7e
fffff8fb
ffffc6ed
ffffc82e
ffffcb47
ffffd85a
ffffd760
ffffd7bd
ffffd7b8
ffffd6ef
ffffdeb2
ffffdd45
ffffe162
ffffe279
ffffe4cb
ffffe63a
ffffe953
fffffd50
ffffd991
ffffe98e
ffffe8a3
ffffe907
ffffeb53
ffffef18
fffff9a9
fffffa30
fffff6eb
ffffe1f1
ffffdf00
00000173
ffffeff1
fffff2f6
00001317
000019ea
fffff559
fffff4ae
fffff705
fffff2b4
ffffe080
ffffd4c9
ffffd55d
ffffca2f
ffffccca
ffffd65f
ffffd690
ffffe415
ffffe932
ffffe75e
ffffee84
0000062a
ffffd4d4
ffffe99a
ffffea18
ffffea83
ffffea6e
fffff052
fffff99b
0000064a
fffff8c0
fffff35a
fffff426
0000122c
fffff755
ffffff63
000030fe
000030a8
00001591
00000cc0
00001158
000014dd
00000c3c
00000150
fffff8db
fffff209
fffff1b5
ffffeeee
ffffe1fd
ffffe41b
ffffec90
ffffe4db
ffffedaf
000008d9
ffffd583
ffffe37e
ffffe2c8
ffffe882
ffffec5b
fffff7a4
fffffd95
000006f4
fffffba8
000004a1
00000926
00001fcb
0000043c
0000144b
000033a1
00001b26
00000e70
000008d1
0000122b
000015ab
000013b9
00000eba
000009f7
00000ac5
00000c8e
000001cd
fffff097
ffffe7b7
ffffe885
ffffe40c
ffffe6f3
00000963
ffffdd7a
ffffea4a
ffffec10
ffffeb55
ffffefe8
fffffd5b
fffffd65
000007b5
ffffff91
00000d47
00000ba3
00001335
00001b3c
00001f54
00001b8d
0000097d
00000b30
00000161
000003e7
00000e3a
00000399
000009eb
00000324
0000061a
00000e83
000014fa
fffff90c
ffffe6dc
ffffe290
ffffea07
ffffe5c1
000008a2
ffffe2a5
ffffebf0
fffff036
fffff168
fffff339
fffffe34
fffff5ab
0000058d
fffffcdc
00000997
fffffb16
00001ac9
00001976
00001996
000010dc
00000572
00000308
ffffff4c
fffffff1
fffffe74
fffff977
0000005b
00000343
0000049f
0000091f
00001185
fffff42e
ffffe5f6
fffff013
ffffee5c
ffffef22
00000bf1
ffffe21c
ffffecf2
fffff06d
fffff637
fffff644
00000273
fffff2ef
fffffd39
00000071
fffffdfa
fffff4c7
00001d4d
0000214b
00001b8e
00000666
00000937
0000006c
000001e9
fffffa6e
fffff907
fffffa0e
fffffbdf
fffffe5a
ffffff2c
00000581
000009fb
000002c3
fffff11b
ffffee85
ffffef0c
fffff25a
00000658
ffffde71
ffffeaca
ffffed1e
fffff53c
fffff909
000002af
fffffb07
fffff53a
fffffda6
fffff52c
fffff8c5
0000022d
fffffff4
00001725
000000d8
00000a8f
000005a8
0000030e
fffffaab
fffffbac
fffffa9f
fffffb1f
fffffde6
fffffad4
00000057
00000114
fffffe24
fffff38c
fffff3e8
fffff507
fffff923
000004f9
ffffdf9a
ffffed8a
ffffefce
fffff46f
fffff79f
00000198
fffffcc0
ffffecdd
fffffaf8
fffffb72
fffff144
fffff639
ffffe8c4
fffffc24
0000079d
00000037
000001dc
00000109
fffffa3c
fffff9e7
fffff813
fffff748
fffffede
fffff8e2
fffffd13
000002c1
000002c7
fffffa67
fffff3b1
fffff99d
fffff3ef
000003bf
ffffe436
fffff047
fffff30b
fffff4c0
fffff4b6
fffffb65
00000318
fffff56a
ffffef5f
fffff92a
fffff4ef
fffff695
ffffeef7
ffffe3e7
ffffedc6
ffffff70
fffff8d5
00000160
fffffc81
fffff7a3
fffffc1a
fffffa9d
fffff9cb
ffffffd6
fffffec4
000003f1
00000abc
fffffb81
fffff0fe
fffff879
fffff31d
000006d4
ffffe75a
fffff370
fffff55d
fffff292
fffff3c0
fffff5bf
fffffcee
00000504
ffffece2
000003e6
00000ea9
fffffa48
fffff05a
ffffe350
ffffe8e6
0000035d
00000572
00000690
fffffe09
fffffb40
fffffb85
fffffa70
fffffaab
fffffe3a
fffffbcd
00000114
0000074f
fffff89b
fffff03f
fffffc79
fffff9ad
000009d9
ffffe9cd
fffff6b8
fffff6e8
fffff5f6
fffff5a7
fffffb0b
fffffb89
00000744
00000f8e
00000709
00000b60
00000537
fffff7c8
fffff46a
fffff2a9
fffffd57
fffffd65
00000ddd
00000410
fffffb9b
fffff889
00000422
0000049b
fffffdd0
fffffc50
00000130
000006fc
fffffafb
ffffe975
fffffce3
fffff901
000006bb
fffff209
fffff946
fffff42e
fffff2e3
fffff77e
fffff815
fffff488
0000033e
000005ca
000007b4
00000978
0000213f
00000698
fffffcb9
00000215
0000074f
ffffef2f
ffffe88b
fffff36f
fffff289
fffff7fe
00000a27
fffffdce
fffffa7a
fffffd3a
00000059
000006b3
00000042
ffffede3
fffff8c1
fffffcef
000009fe
ffffe621
ffffef41
fffff1ad
fffff1e9
fffff674
ffffef81
ffffe50e
ffffeb40
ffffeb49
fffff852
fffffedf
000032df
00001600
00000454
00001422
00001024
ffffee6a
ffffe155
fffffa8d
fffff590
00000265
00000ace
00000403
ffffefa8
fffffc2b
fffff8c6
fffffc9c
fffffdf0
fffffe02
fffff7d1
00000301
00000cd5
ffffec51
fffff596
fffff483
ffffef58
fffff5b5
ffffef57
ffffe11a
ffffe6ac
fffff1c9
fffffa1d
fffffab4
0000223f
00000346
ffffe5a9
0000146d
000017f9
ffffec39
ffffdb90
ffffe4a2
ffffe324
ffffef5a
0000106d
0000049d
00000ee3
0000164b
000005ef
fffff0f2
ffffe48b
fffff19e
fffff1cd
fffff939
0000034d
ffffeea5
ffffeada
fffff4b4
ffffef72
ffffef9b
ffffeef7
fffff57a
00000433
00000b51
00000f81
fffffeb5
00000818
fffff834
ffffe05f
000017b8
00001b1d
ffffe7ea
ffffcb21
ffffdd96
ffffe326
ffffe3c2
fffffd26
00000204
0000102a
00001d02
00000ee0
00000265
ffffe794
ffffdd72
ffffe94f
fffff3a1
000004fa
ffffe50e
fffff14d
ffffe449
ffffe5dd
fffff2af
fffff7a2
ffffff39
ffffeefa
fffff575
00000799
fffff4a0
fffff820
fffff068
ffffe655
000007e0
fffffd8f
ffffe367
ffffdbfb
fffff06e
000012ee
000007d5
0000036f
000009dd
ffffe7fc
ffffed56
fffff995
00000855
00000051
fffff705
fffff64f
00000c16
00000de2
ffffe917
fffff47c
fffffbad
fffffb96
fffffb94
00000408
fffffab7
ffffe92d
ffffe7b7
ffffece6
ffffe709
ffffed4d
ffffe667
fffffd0f
fffffd7b
ffffed4a
ffffffb5
000003d3
fffffe68
00000045
fffffc32
ffffed93
ffffdfe5
ffffdb85
ffffec4c
fffff5a3
fffff8fb
fffffa1a
fffff0e4
fffffa32
fffff64e
00000317
ffffe760
ffffe833
fffff3e8
fffff983
fffff88f
00000117
fffff67f
ffffed34
fffff745
fffffd1c
fffffa53
fffff1ba
ffffed02
fffff0a1
fffff557
fffff081
00000122
0000168b
fffff723
fffff4db
fffffcc9
fffffb3c
ffffe335
ffffed10
ffffe273
ffffe46f
ffffe23a
fffffa10
fffff493
fffffda4
00000694
00000690
ffffdbd9
ffffe731
ffffe954
ffffeec8
ffffe7c4
fffff100
ffffeaf9
ffffddc7
fffff2de
fffff657
fffff0be
fffff892
fffff84b
fffff40b
00000812
fffffb63
fffff3d3
000004f5
00000b4d
0000050e
000002ce
fffffef6
ffffea29
fffffdde
fffff9ad
ffffebd5
fffff57a
0000098f
000003f5
fffffbbb
fffff2f2
000010a9
fffffe1e
00001b7d
000010c7
000015f2
00001109
00001a23
000021c9
00001e5b
00002071
00001962
00000f58
00000fcb
00001c7e
0000198d
00002152
00001c0d
00001412
00001747
00001c12
000018cf
00001c12
00001040
00000cdc
000022a4
000027c5
00002034
00001b45
0000195b
00001757
00001563
00000f5b
000014be
00001346
00001818
000014bf
000014aa
000014df
000016a8
0000184a
00001841
0000159d
00001617
0000161f
000016f0
000015e2
0000127e
00001943
00001820
000019e6
00001794
0000156f
000016ff
0000183a
00001441
00001632
000016c5
00001382
00001226
000012f0
000016b9
00001a80
0000154e
0000160b
0000194d
00002d69
00002802
00002dac
00002790
00002806
00002c81
00002d02
00002c89
00003088
00002a59
00002888
00002c13
00002d3b
0000288a
00002af1
00002d14
00002b2e
00002a6c
00002991
00003095
00002f65
00002dc2
000028b5
0000286b
00002b1f
000027ea
0000247e
00003154
00002e85
00002ffa
000028b8
000029db
00001e47
000014e0
00001daf
00001866
00001792
00001cd8
0000177d
00001b34
0000159a
000013d6
00001b17
000021e6
000024b4
00001af8
00001b46
000019ea
0000186d
00001c6a
000018c9
00001a95
0000219e
00001e47
00001dac
00001d60
00001dbc
00001b0a
00001c18
00002214
000024fa
00002037
00001905
00001f63
00002196
00001240
00001a7e
00001c00
0000192a
00001c6c
00001f73
00001402
00000dc1
00001bef
00001ea1
000021e9
00001ef0
0000207c
00001e30
000018fb
00001611
00001778
00001af2
000019a3
00002130
00001ef1
00001f45
000019fd
0000192d
00001d7d
00001cee
00001d6a
00002099
00001f3f
00001d7d
00001ee9
00002420
0000162e
00001e99
00001fa8
00001e76
000022f4
00002859
00002585
00004bea
00003bea
00003198
00002507
00002688
00001f0c
0000208d
00001f85
00001aa7
00001c45
000020f4
000020e6
00002440
0000200b
00001a55
000019c5
0000189e
00001eb5
00001f59
00001c6f
00001d89
000022b8
00001f62
00002156
000026c9
00001390
00001aa7
0000214b
0000216d
00002dc3
0000541a
00006bb0
00006427
00004220
000030ad
00003a37
000037ea
0000265b
00001fa9
00001ff8
00002068
000021fd
0000254f
000027e9
00002bc8
00001fed
00001e2a
00001bfd
00001d0c
00001e43
00001fb3
00002026
00002008
000024af
00001bd7
0000237c
00002a2e
00001675
00001fbc
000021ea
00001929
000001e8
000035e3
00006ec0
0000683d
00003834
000026e4
00003243
000026eb
00002e77
000027b2
000020d8
00001f17
0000276e
0000290a
00002bdd
000028ed
00001e37
00001f91
00001d59
0000206a
0000218e
00001e72
00002063
000020da
000026cf
00001dbd
00001eee
00002382
00001227
00002209
00002d17
00003170
0000399b
000036a8
00006937
000066d6
0000311a
00001ab6
00002446
00001eef
00003324
000029cc
00001e58
00001998
0000214a
00002565
0000275d
000026b0
00001ec6
00001d97
000027aa
00002205
0000224f
000023a8
00002497
00002629
000024f0
000020d7
000024b3
00002b35
000014b6
00001a56
00001d14
00003cbe
0000604e
00003120
00003ea5
000044fb
0000332e
00001ed1
00000f7b
00001fe7
00002912
00002a86
00001b03
00000fd3
0000144f
00001cbe
0000144f
00001725
000016a8
00001452
000020a4
000020f4
0000237c
00001c8e
00001f2d
000023ab
0000203c
00001768
00001d8a
000034c8
00001970
00002015
00001fb9
0000121b
000049cf
000031ba
0000182a
00002960
00002a0b
00002357
00003287
00002421
0000259d
000020b6
000024a7
000015b3
0000171a
00002c65
00002099
000025ed
00001ba7
00002579
00002842
000029e5
0000271d
000025a3
000022ab
000028bf
00002340
00001b7e
00002520
000038c2
000011a1
000013a8
00001b5d
00000e3e
00002f18
00004d02
00002dfc
000043d9
00003b9c
00002c17
00003e6f
00000bd8
0000341a
0000341d
00001a2e
00002528
00001543
000010f4
0000168d
00001931
00001b9b
0000210b
00001add
00001ecc
00001d62
00001e8e
0000186a
00001c14
00001728
00001b99
000026b7
000036a1
000010b5
000013bb
0000156e
00001a65
00002263
00002e1c
00004489
000039a6
00004071
00003b8a
000022ea
000005e1
0000094e
0000346e
00004926
00004dcb
00004152
000029f8
00001f6d
00001101
0000160e
00000f1e
00001543
000018bb
00001b7d
00001d85
00001b8e
0000151a
0000153b
00000c63
0000258d
00003528
000011f0
00000ed1
000011cb
00001540
00001156
00001404
0000319c
00003453
00002b8e
0000276c
00000e20
fffff50d
fffffe95
0000282d
00004a61
000062ee
00005a35
00004fa8
00004013
00003368
00003172
00002ab5
0000297f
000028a4
00001edb
00001ade
00001e98
000019ed
000015af
00000a28
0000253c
00003816
00001526
00001096
000013fa
00001880
00001668
00001c12
00003407
000010ed
00000966
00001c67
00000f05
fffffaa3
0000081e
00002bcf
00002c9c
00003fc1
00004aa3
0000494e
00005559
00005382
00005948
00005074
00004db9
00004f4c
0000410b
000030cd
00002173
00001af9
0000196c
0000073f
0000235b
00003bc3
00002570
00001ff6
00001c62
00002518
00001cc9
0000272e
0000303c
0000048e
ffffff04
00003000
00003468
000010b2
00001384
00002e3e
000020b2
00001e0e
00001a6f
00002bf2
00002fba
00003830
00003f00
00004ae8
00004866
000061c4
00006d0d
000050d6
00003dad
00002356
000016d8
000009c9
00002595
000035e5
0000278d
00002237
0000215a
00002528
0000175d
00002b20
00002ffe
00000387
fffff845
00003016
00004e80
00002a93
00001eb3
000020e2
00001d5c
00001dd0
00001cbe
000021ae
000027ec
00002241
00001d1d
000023a2
00002f57
0000394f
00005796
0000636c
00004e19
000033ee
00002229
0000118b
0000256b
00002e64
00002757
0000248c
000025af
0000250f
00001fb1
0000312f
00003751
000002e6
fffff1ca
000014d0
0000443f
000034bc
000024eb
00001b04
00001a74
000023d8
00002250
00001e63
00002104
00001f30
00001fcd
00001d7d
00001cda
000029e2
000032e1
000050c4
0000536e
00003ef0
00002998
00001a52
00002966
0000275d
000020bd
000021f1
0000211d
00002354
000022f1
00003ac4
000049d4
00000e5d
fffff4c3
000003f2
000021a3
00004243
00002b6f
00002306
00001f6f
00002431
00001fcd
00001c53
00001d74
00001efb
000022e4
00001d26
00001848
00002687
000027ef
0000355d
00004495
000041ce
000035e3
00001d64
00002af2
000027c7
0000212c
00001d0a
00002060
00002329
000022dc
0000302a
00005272
00001d3a
0000062e
00001ea1
00002c6d
0000548e
000034fc
00002932
00002079
0000211c
00001dc4
00002023
00001fc1
0000223f
0000229a
00001f11
00001f97
00002700
000023a6
00002e10
000039d8
00003e6a
00003314
00002441
00002499
0000290b
00002851
000024c8
00002045
00002459
000020ee
000023de
00004794
00003298
00001bd9
00001bd3
00002446
000048b8
00003ac7
0000278c
000018db
00002373
00001f39
00001d5b
00001d9f
0000205e
00002345
000023c2
000021c1
000029b0
000022f5
00002cdb
0000343a
00003553
00002bff
00001fdd
00002377
00002948
00002965
00002a32
000025c3
00002478
0000213d
00001ae1
00002de1
0000499d
0000133b
000004c3
000004e4
000015b7
00002ce1
00001be1
00002080
00001a39
00001daa
00001d3d
00001dc6
00001e7d
0000249d
0000223d
0000193d
0000209f
00002237
00002c5a
000030e5
00002e85
00002d6b
0000237b
000026cf
0000261f
00002520
000028fa
000026d2
000025e3
00001f58
000017d9
0000233f
000052c5
00003578
fffffdc5
00000399
00000db1
00002911
00003520
000037e8
00002e5d
00002007
00001b8d
000019c3
00002197
000022bc
00002556
00001fd6
00002020
00001fc6
00002b2a
00003262
00002c1c
0000276c
00002287
0000254b
00002452
000020bb
000021c5
0000220b
000020b4
00001ee9
000019cc
00001273
000025a1
000049e6
00002aee
00001654
00002de9
000037ff
0000403a
00003526
00003853
00002c4e
00001964
000022d8
00002b68
00002442
00002756
00002090
00001fbc
00001d16
00002179
000034e2
000025ed
00002104
00001b9f
00002268
00001ee5
00001d9b
00002245
00001f55
00001e2e
000024b8
00001e33
000016d9
0000147b
00001df4
00003218
0000289e
00003667
0000313f
00002b89
0000241e
00003f23
000029e5
00001d40
00002444
000034d9
00003b2e
00002740
0000279f
00002336
00001d01
000020f4
00002eed
00001e2d
0000242c
0000178f
00001bb2
000025a8
00002859
000021a1
00001ef3
00001abe
00001b52
00002038
00001db6
00001aef
00000c0d
00002c51
00002612
00003afe
00001817
000013e2
000011e0
00003325
00002346
00001546
0000147b
00002c62
00004039
000037a5
000028cf
00002723
00001ec3
0000249f
000030b2
0000262b
00001edf
000015dc
00001c58
00001e82
0000189d
00001355
000014d6
000016ea
00001732
00001f16
00001e6f
00002423
00001e05
00002e73
00002c79
00003625
00001ddd
000009fb
00000a40
00001fd0
000027fd
00001dca
0000295f
0000270b
00003e86
00003dd7
00002fed
000034d1
0000365f
0000303e
0000417d
00003176
00001af4
00001512
000022e6
0000290e
000013e7
00001a1f
00001704
00001c23
00001923
00001d0a
00001bc6
0000182e
0000117a
000020c3
00002eb3
00003280
00003540
0000204c
00001961
00000f4a
00001f60
000026a0
00002256
000022fa
000039dd
000044a0
00004054
0000489d
0000469b
000038e6
000048fd
00002eef
00002fe0
000011ad
000023cb
00002d85
000015ec
000025ad
00002c75
0000294d
00002167
00002280
00001e82
000028cb
00001de6
00001ed2
00002134
000029ad
0000258f
00004023
00003e89
00001d15
00002e6c
00002cc8
00002b58
0000271a
00001c77
000024ff
0000389c
00002c85
000039d7
0000279d
0000412d
0000393a
00003263
00002476
00002add
00002b0b
00001cf6
000026af
00002889
00002c78
00002926
000022af
00001780
00001f34
00002eab
00001791
00002000
00002299
00000d44
0000282f
000031ec
00002d84
0000337c
00003641
000034a4
00002ca2
00002df4
00003e95
00003b0c
00002abf
0000368c
00001e1c
00003e94
00002a3c
00003022
00002f38
00002cb3
000030f1
000023be
00002c01
00002a7b
00002936
00003339
00002c4e
000026c8
00001e70
00003c46
00003284
00003a42
00002cdb
0000123a
00002602
00002833
000027e6
00002888
00002ea8
00003378
000024b6
0000310b
00002df5
00002dee
00002aaa
00004656
000027dd
00002ebe
00002db9
00002ad4
000024ad
000028a8
00002f90
00000c4a
00001b6e
000017de
000015e8
000025d4
000025a2
00002189
000021a1
00002c4e
00002a87
00002876
00002d2a
000026cf
000017a5
00001068
00000f6f
00001881
00000d87
000014e2
00001e1b
0000224f
00001b8a
00001c12
00002047
0000387f
00003720
00002d74
00002014
00001dde
00001812
000028a2
000042aa
00003c88
00003cb7
0000417f
00003c07
000042c2
00004802
0000455c
00004431
00005590
000057dd
00004f84
00003fee
00003f1e
00003927
00002d7e
0000348f
00004120
0000368d
0000398c
00003cff
00003ce9
00003cce
00004079
00003aff
00004096
00004e86
0000430b
00002e7d
000036bc
00003242
00003a3a
ffffe01a
ffffdc67
ffffe501
ffffe663
ffffe42f
ffffe72e
ffffe2d8
ffffe144
ffffe242
ffffe4c1
ffffe208
ffffe500
ffffe4fa
ffffe228
ffffe15a
ffffe3a8
ffffe69a
ffffe0d7
ffffdf26
ffffe2de
ffffdfbc
ffffe1f3
ffffe647
ffffe58a
ffffe57e
ffffe44c
ffffe593
ffffe5c2
ffffeaf3
ffffe4a6
ffffdf69
ffffdac3
ffffda9a
ffffd815
ffffe0d8
ffffe300
ffffe58a
ffffe62c
ffffe0c4
ffffe0a6
ffffe0ad
ffffe333
ffffe5d6
ffffe910
ffffe749
ffffe680
ffffe72c
ffffe3f1
ffffe76f
ffffe2fb
ffffe267
ffffe9f0
ffffe572
ffffe346
ffffe573
ffffe29f
ffffdf86
ffffe081
ffffe6a3
ffffe513
ffffe5bc
ffffe67b
ffffe2f6
ffffe0fe
ffffdeea
ffffdd36
ffffe471
ffffe1ee
ffffe2d2
ffffded2
ffffd20e
ffffdb0b
ffffdd2d
ffffdcf7
ffffe6b9
ffffec9e
ffffe7dd
ffffe819
ffffe7ed
ffffe530
ffffe638
ffffe30c
ffffe47d
ffffe7de
ffffec69
ffffe475
ffffe380
ffffe464
ffffe662
ffffe16a
ffffe7e5
ffffe475
ffffe1e1
ffffe56c
ffffe1b5
ffffe471
ffffdcd6
ffffe148
ffffe804
ffffe63b
ffffe3f4
ffffde0f
ffffc866
ffffb950
ffffbcf9
ffffd890
ffffe5dd
fffff0f4
ffffe448
ffffe5b6
ffffe167
ffffe73d
ffffea12
ffffe4fc
ffffe23d
ffffe020
ffffeb2c
ffffe65b
ffffe57f
ffffe54b
ffffe862
ffffe667
ffffe5ef
ffffea8f
ffffe384
ffffe632
ffffe140
ffffe78b
ffffddb1
ffffdec3
ffffe988
ffffe853
ffffdfe9
ffffdb77
ffffb762
ffff793b
ffffab52
ffffc7f7
ffffd38b
ffffd5bd
ffffe544
ffffe477
ffffe5c7
ffffe61f
ffffe72d
ffffe97c
ffffe387
ffffe77e
fffff17a
ffffebec
ffffe502
ffffe89b
ffffe67c
ffffe672
ffffe420
ffffea3b
ffffe6d8
ffffea99
ffffe4b9
ffffe623
ffffdd35
ffffe24e
ffffecd4
ffffe9fe
ffffe3f6
ffffdb34
ffffc006
ffff7944
ffffb7c3
ffffdebf
ffffc616
ffffccc8
ffffe17f
ffffe11b
ffffe9af
ffffeaa4
ffffe455
ffffec20
ffffebdb
ffffef7a
fffff0a7
ffffeb2d
ffffe50e
ffffe7fe
ffffe7a3
ffffe6b4
ffffe5b6
ffffeb07
ffffe741
ffffef30
ffffe4c1
ffffe7b2
ffffda5d
ffffda9e
ffffe76f
ffffde14
ffffdc30
ffffc380
ffffa5e5
ffff9f84
ffffd603
ffffef09
ffffcfc1
ffffd666
ffffd77d
ffffd4e4
ffffe339
ffffe9b7
ffffe1db
ffffebea
ffffed51
ffffe981
ffffe5fe
ffffe338
ffffe133
ffffe240
ffffe611
ffffe403
ffffe50d
ffffe722
ffffe541
ffffecee
ffffe37b
ffffe6da
ffffcc3d
ffffd995
ffffe6e1
ffffd3dc
ffffbb7c
ffffada2
ffffb9de
ffffc5db
ffffe14c
ffffe153
ffffdc14
ffffd927
ffffd407
ffffd391
ffffd868
ffffe717
ffffe452
ffffea07
ffffe6ac
ffffdd34
ffffd8e2
ffffd73b
ffffd4e0
ffffde9c
ffffde81
ffffdc6a
ffffdd73
ffffda14
ffffdbdf
ffffdd89
ffffde74
ffffdec9
ffffc947
ffffdf66
ffffe7c6
ffffd6c4
ffff9e88
ffff93ee
ffffad6c
ffffd60c
ffffdb98
ffffd03c
ffffd4ac
ffffca3c
ffffdbc8
ffffceb1
ffffcf6e
ffffea5b
ffffe223
ffffe609
ffffe3ed
ffffce22
ffffc71f
ffffd420
ffffddec
ffffde01
ffffe177
ffffe201
ffffdaaa
ffffdeef
ffffdf65
ffffdc62
ffffdb3b
ffffdcee
ffffcf4b
ffffdf50
fffff301
ffffe9d3
ffffb535
ffffacb7
ffffb378
ffffc981
ffffc5c1
ffffba1e
ffffcf76
ffffd9f5
ffffe35a
ffffdace
ffffc260
ffffd5cc
ffffef48
fffff296
fffff965
ffffe89a
ffffe4f9
ffffea5f
fffff1a4
ffffeb1d
fffff27d
fffff023
fffff000
ffffed5d
ffffeecb
ffffed2a
ffffdf70
ffffdbab
ffffd09d
ffffe458
ffffeea3
ffffe7c2
ffffdf68
ffffc7fe
ffffc7bd
ffffec5a
ffffe543
ffffb6ba
ffffbe1c
ffffed6a
ffffe456
ffffe5cf
ffffd2ec
ffffcc53
ffffccef
ffffeffe
fffff563
ffffe701
ffffe41e
fffff090
fffff352
fffff73d
ffffeeec
ffffef3d
ffffede2
ffffed59
ffffecd2
ffffeb1c
ffffe454
ffffd8cc
ffffd702
ffffe5d1
ffffe9aa
ffffea11
ffffe616
ffffd752
ffffd3c7
ffffe8c7
ffffe009
ffffd3f0
ffffdf03
ffffe729
ffffe6bf
ffffd3bb
ffffc4bd
ffffd951
ffffc8d3
ffffcbf6
ffffd249
ffffde91
ffffde4d
ffffe992
ffffed10
ffffedba
ffffec3b
ffffee3a
ffffecb8
fffff0b8
ffffe9ef
ffffec01
ffffe31c
ffffd857
ffffd8ca
ffffe746
ffffee66
ffffeec8
ffffeba1
ffffdd44
ffffd02c
ffffe5f4
ffffd80c
ffffd023
ffffca32
ffffd6d8
ffffd02c
ffffb589
ffffbe62
ffffcbf9
ffffd749
ffffc754
ffffbdda
ffffc4ff
ffffd710
ffffd38f
ffffde5c
ffffdd63
ffffdb69
ffffeb5d
fffff004
ffffef88
ffffe835
ffffe8e8
ffffdd1b
ffffd75c
ffffda92
ffffe744
ffffeadf
ffffeba2
ffffe6d1
ffffd780
ffffce91
ffffe995
ffffe392
ffffc6fa
ffffa868
ffffd4b2
ffffd3ca
ffffb373
ffffd281
ffffeebb
ffffed3c
ffffe297
ffffd3ee
ffffd317
ffffd4b8
ffffcc76
ffffd28a
ffffd775
ffffcab6
ffffd4b1
ffffeabf
ffffe0de
ffffe9f5
ffffebd0
ffffdfbd
ffffd9be
ffffe5ec
ffffe39d
ffffe5a2
ffffe7c9
ffffe3f2
ffffd83b
ffffcaa8
ffffe3ad
ffffe65e
ffffce43
ffffb567
ffffc48c
ffffd4ba
ffffd419
ffffed7e
ffffe1d1
ffffdf5f
ffffda68
ffffcc3f
ffffe169
ffffef6c
ffffeccf
ffffde49
ffffe594
fffff0d5
ffffe0b9
ffffdcb5
ffffd1c1
ffffe8fd
fffff068
ffffe1b7
ffffdf66
ffffece6
ffffe8a8
ffffe744
ffffe48c
ffffe494
ffffd6e3
ffffca00
ffffe001
ffffe515
ffffd8b0
ffffdcb0
ffffc38c
ffffd37f
ffffe07a
ffffeec4
ffffddc3
ffffd61e
ffffd906
ffffdb6a
ffffea2e
ffffe866
ffffe866
ffffde64
ffffde29
ffffea2a
ffffeda9
ffffd6db
ffffdf32
ffffe072
ffffef3b
ffffdaaf
ffffdac9
ffffeafa
ffffe6d0
fffff0db
fffff202
ffffef52
ffffd8e3
ffffbf43
ffffdccb
ffffe727
ffffdd2d
ffffcf0a
ffffcbd9
ffffd85f
ffffe254
ffffdec6
ffffdbfd
ffffd99c
ffffe36e
ffffe99c
ffffe6cb
ffffe621
ffffeda4
ffffe9d0
ffffe1d5
ffffe14f
ffffe0aa
ffffe77c
ffffe9c8
ffffe694
ffffed11
ffffdd7d
ffffde7c
ffffe7bb
ffffeac5
ffffeec7
ffffedf1
fffff0a6
ffffdc90
ffffc326
ffffce12
ffffddb4
ffffd50d
ffffbd71
ffffbe9e
ffffe253
ffffe92f
ffffd997
ffffe395
ffffe186
ffffeac4
ffffe96a
ffffe426
ffffe6b7
ffffe8af
ffffe45f
ffffe024
ffffe8cd
ffffe88e
ffffe4ae
ffffebcd
ffffe728
ffffe918
ffffe053
ffffe30c
ffffe8d4
ffffea30
fffff00f
ffffedb2
ffffefce
ffffe509
ffffc805
ffffc213
ffffd33a
ffffd5c3
ffffd3e4
ffffe175
ffffe86f
ffffde1f
ffffdb5d
ffffe2be
ffffe932
ffffee0a
ffffe9bf
ffffeb81
ffffeb22
ffffe897
ffffe85a
ffffe0a9
ffffe562
ffffe7c6
ffffdf44
fffff550
fffff052
fffff31c
ffffea6a
ffffe691
ffffeb70
ffffe5b7
ffffeb2c
ffffecf8
ffffee76
fffff173
ffffce7c
ffffbb96
ffffd60b
ffffe0b2
ffffd7c0
ffffd1e2
ffffdde6
ffffcbe1
ffffd4ee
ffffddd3
ffffe825
ffffe73f
ffffe897
ffffefbf
ffffeb4f
ffffe581
ffffe915
ffffe7d1
ffffe843
ffffec35
ffffe324
fffff870
ffffeda5
fffff0f1
ffffe6a4
ffffe65e
ffffed8c
ffffe867
ffffebd7
ffffe97a
ffffef4f
fffff264
ffffd94d
ffffb3d1
ffffbe11
ffffdd62
ffffd609
ffffcf92
ffffcd3d
ffffb653
fffface0
ffffdb22
ffffe577
ffffe3f7
ffffe51f
ffffe710
ffffe4e5
ffffe6eb
ffffea0f
ffffe8ce
ffffe50c
ffffe489
ffffe0c4
ffffed8d
ffffe49c
ffffec93
ffffe88e
ffffe560
ffffed8d
ffffe5f6
ffffe8b8
ffffe714
ffffea22
ffffeaf1
ffffe1ad
ffffc9a6
ffffaac8
ffffb88c
ffffdb43
ffffe31e
ffffd9c3
ffffcb74
ffffce76
ffffc5f8
ffffda43
ffffe2ad
ffffe042
ffffd978
ffffe3c3
ffffe64a
ffffe5bd
ffffe47f
ffffe6a0
ffffe678
ffffe2e3
ffffe9db
ffffdebb
fffff245
fffff0a4
ffffe481
ffffea3b
ffffe07c
ffffe749
ffffe8f3
ffffeac6
ffffeb60
ffffec74
ffffe349
ffffcf60
ffffafef
ffffd0ef
ffffe35b
ffffe4fa
fffff40a
ffffe628
ffffd76c
ffffd195
ffffd34e
ffffdcea
ffffd9e2
ffffdbf9
ffffeb99
ffffe816
ffffe48e
ffffe983
ffffe48e
ffffe169
ffffe285
ffffdd41
ffffe90f
ffffec5b
ffffe494
ffffe41c
ffffe174
ffffecc1
ffffecf7
fffff27c
fffff0cf
ffffeab6
ffffea38
ffffdf88
ffffe2f3
ffffd04f
ffffcf19
ffffcf78
ffffea99
ffffdd3a
ffffd3b7
ffffe08d
ffffd75b
ffffe1ce
ffffd544
ffffcde3
ffffdb9f
ffffdfee
ffffe30f
ffffec36
ffffe7aa
ffffe749
ffffdf05
ffffd845
ffffeba1
ffffe24d
ffffda59
ffffdf81
ffffe542
ffffed5b
ffffea47
ffffec29
ffffef6a
ffffe109
ffffde6c
ffffd1d6
ffffde3c
ffffd805
ffffd205
ffffc34d
ffffd41b
ffffe001
ffffe6b0
ffffe9d5
ffffed6c
fffff476
ffffe7f6
ffffda6d
ffffd74d
ffffd4df
ffffdd35
ffffdbf1
ffffde3d
ffffdb91
ffffd819
ffffce38
ffffe71e
ffffdc99
ffffd486
ffffdad2
ffffe24c
ffffe5d9
ffffdfed
ffffe34c
ffffe526
ffffd31e
ffffd580
ffffcb3f
ffffd6cb
ffffd558
ffffce60
ffffc319
ffffb7aa
ffffe07e
fffff2c2
ffffe048
ffffda61
ffffe263
ffffe821
ffffe0ec
fffff204
ffffd335
ffffd163
ffffc432
ffffd077
ffffc9af
ffffd944
ffffcdb9
ffffe648
ffffdf04
ffffd817
ffffda98
ffffdb92
ffffdf59
ffffdc08
ffffd91b
ffffdfce
ffffe02e
ffffdc6d
ffffd362
ffffdade
ffffcab8
ffffd94b
ffffd0e8
ffffbb48
ffffd4b3
ffffe474
ffffd02a
ffffd08d
ffffd3de
ffffd46c
ffffc9a8
ffffe3f1
ffffdc83
ffffc534
ffffc3c3
ffffc896
ffffc05e
ffffd046
ffffce7a
ffffd9a0
ffffd88c
ffffdc54
ffffe070
ffffd98b
ffffd713
ffffcbf7
ffffd829
ffffd8b7
ffffe448
ffffda04
ffffd85b
ffffdc9e
ffffdeaf
ffffdd70
ffffef34
ffffd9ec
ffffdb61
ffffe40a
ffffc2a1
ffffca5f
ffffcf08
ffffdbf6
ffffd908
ffffd7e7
ffffc181
ffffb8d0
ffffc03c
ffffdb12
ffffcb79
ffffc7e8
ffffd346
ffffd173
ffffd563
ffffd4ba
ffffe196
ffffe839
ffffe2bb
ffffd71c
ffffd906
ffffd45c
ffffe064
ffffd4a1
ffffd0c9
ffffca94
ffffc7dc
ffffcd84
ffffde75
ffffdfa6
ffffe0cd
fffff326
ffffda34
ffffdb41
ffffde3e
ffffd657
ffffcfd5
ffffc9de
ffffc2b1
ffffcef3
ffffcf3d
ffffd13f
ffffd18b
ffffd4e6
ffffd545
ffffd139
ffffd550
ffffd624
ffffd6b7
ffffdc2a
ffffd85a
ffffd3d8
ffffdcf4
ffffd840
ffffe367
ffffe391
ffffdd1c
ffffdeca
ffffca90
ffffc6aa
ffffd00d
ffffd3e4
ffffd6c2
ffffe381
ffffd910
ffffe0f4
ffffd6ab
ffffd922
ffffda28
ffffd0c6
ffffd9b6
ffffd197
ffffbee0
ffffd36c
ffffc8ab
ffffd5ff
ffffd863
ffffe431
ffffd963
ffffce0f
ffffcf6b
ffffd14e
ffffd4aa
ffffd085
ffffdcd5
ffffd340
ffffd751
ffffd338
ffffc7b6
ffffd454
ffffc87d
ffffcfe4
ffffd750
ffffdadb
ffffda92
ffffd8ca
ffffd299
ffffd016
ffffd31a
ffffcef7
ffffd981
ffffdebc
ffffd83d
ffffce64
ffffd2ec
ffffd696
ffffc770
ffffe1b8
ffffda08
ffffde0d
ffffc907
ffffd317
ffffea4a
ffffe1dd
ffffe3de
ffffdbc6
ffffe628
ffffdcdd
ffffe104
ffffda35
ffffd2df
ffffd9e4
ffffdbfa
ffffe7d8
ffffe182
ffffdc11
ffffd47a
ffffdd01
ffffda77
ffffcad4
ffffcce7
ffffcc79
ffffddff
ffffe060
ffffcf79
ffffd3d9
ffffdbce
ffffdad3
ffffdded
ffffddfa
ffffd401
ffffd2a8
ffffd1eb
ffffe281
ffffeb14
fffff370
fffff496
ffffef61
ffffedcc
fffff02e
ffffee8d
fffff154
fffff44d
fffff07c
ffffec36
ffffeedb
ffffefc6
ffffebf6
ffffeecb
fffff2f7
fffff22c
fffff15a
ffffef7a
fffff225
fffff2f0
fffff4c3
fffff2ca
fffff2f3
fffff481
fffff29e
ffffeeff
fffff697
fffff0f5
ffffef9e
ffffed1b
fffffca0
ffffe201
ffffe937
ffffec0e
fffff113
ffffefdd
ffffed4f
ffffeddf
ffffefcd
fffff054
fffff16e
ffffe883
fffff0f6
fffff348
fffff03e
fffff1a6
fffff316
fffff703
ffffef4d
fffff11a
fffff1fb
fffff21c
fffff1d7
fffff19d
ffffedc7
ffffec11
ffffef3a
ffffef95
fffff080
ffffeffe
fffff2b5
ffffeaac
fffff3ad
ffffe2d9
ffffe952
ffffe903
ffffebeb
ffffed2a
ffffea97
ffffec5a
fffff128
ffffe6f4
ffffe367
ffffe80e
fffff073
fffff237
fffff005
fffff425
ffffeeab
fffff389
ffffee59
ffffe8e1
fffff061
fffff2af
ffffe93b
ffffe981
ffffea27
ffffe8d2
ffffe9e6
ffffeed5
ffffed8f
ffffeed6
fffff2a2
ffffe515
fffff051
ffffe1b8
ffffecfe
ffffe981
ffffe8da
ffffe7a4
ffffebc8
ffffe852
ffffcd69
ffffc7a5
ffffe0fb
fffff177
fffff3bd
fffff12b
ffffe67a
ffffeecb
ffffe9ca
ffffee31
ffffeb6a
ffffe47e
ffffe6c4
ffffee46
ffffec15
ffffebb4
ffffef20
ffffeaf3
ffffec05
ffffeda6
ffffede1
ffffefc9
fffff0aa
ffffe74e
ffffee04
ffffde18
ffffe57d
ffffe8e8
ffffe73b
ffffe755
ffffea10
ffffcb25
ffffaa3e
ffffd8cd
ffffd6eb
ffffdf79
fffff128
fffff891
ffffe406
ffffe3a4
ffffe3ba
ffffe427
ffffe05f
ffffe3c5
ffffe737
fffff1ae
fffff4be
ffffeab1
ffffea3d
ffffec4b
ffffe8f3
ffffeb74
ffffedd8
fffff26e
ffffed22
ffffe7b9
ffffea1e
ffffd9dc
ffffdd74
ffffe58b
ffffe691
fffff095
ffffe677
ffffbf7e
ffff9bea
ffffcd22
ffffd964
ffffd4ea
ffffe82d
fffffd30
ffffe38e
ffffe0a2
ffffe433
ffffdfe8
ffffe187
ffffe4bc
ffffe768
ffffed99
ffffe815
ffffe563
ffffe413
ffffe94a
ffffe721
ffffe99b
ffffe946
ffffed73
ffffed8e
ffffe898
ffffeb41
ffffd351
ffffd7b6
ffffe4e7
ffffebc3
fffff744
fffff826
ffffc15d
ffffb73f
ffffe0f4
ffffedf4
ffffec82
ffffed95
ffffecc8
ffffda9f
ffffdaf1
ffffed62
ffffe516
ffffe99a
fffff24c
ffffea27
ffffea88
ffffdd38
ffffde37
ffffe84b
ffffed93
ffffe66f
ffffe852
ffffe35c
ffffeb1b
ffffedbf
ffffe91a
ffffeca6
ffffd46d
ffffe097
ffffeac3
ffffea33
ffffd575
ffffce63
ffffc9df
ffffd680
fffff896
ffffed94
00000135
fffff04a
ffffe216
ffffdfb0
ffffdc29
ffffec9b
ffffec14
ffffeb6e
ffffed7c
ffffe326
ffffe2e3
ffffdccd
ffffea45
ffffe97a
ffffe827
ffffe85f
ffffe7fd
ffffdc94
ffffe296
ffffec89
ffffe669
ffffeee7
ffffcc9f
ffffdec2
ffffed9c
ffffe3a4
ffffc9c9
ffffcd0d
ffffd76c
ffffec76
fffff24d
fffff571
fffffffc
ffffe505
ffffc1fa
ffffdded
ffffd030
ffffd242
ffffe4e0
ffffea39
ffffedeb
ffffde4b
ffffe253
ffffe7d8
ffffe5dc
ffffe5fa
ffffe313
ffffea5e
ffffe9bd
ffffe4cb
ffffe70e
ffffebb9
ffffe613
fffff054
ffffc2a5
ffffd9ba
ffffdf09
ffffdbb2
ffffc533
ffffb772
ffffdf9c
ffffed24
ffffea83
ffffe36c
ffffe0d2
ffffddeb
ffffcfc1
ffffc77a
ffffc4d3
ffffb63e
ffffc9a0
ffffcf61
ffffe162
ffffdb8b
ffffd747
ffffe1cc
ffffdb37
ffffdcbb
ffffdd71
ffffe7ad
ffffe0ec
ffffe39b
ffffe4d6
ffffe0ba
ffffdaff
ffffe9b7
ffffb485
ffffd3be
ffffdb8d
ffffdae7
ffffc39e
ffffc46e
ffffc938
ffffdfa8
fffff5e6
ffffdcd9
ffffb067
ffffdc49
ffffdce6
ffffc311
ffffd7c1
ffffc893
ffffbe55
ffffc3a9
ffffced2
ffffd4b9
ffffd717
ffffdf10
ffffdce4
ffffd712
ffffdd12
ffffda49
ffffdd57
ffffddf8
ffffdd82
ffffddba
ffffd6d6
ffffdc82
ffffb71b
ffffd92b
ffffe199
ffffe02d
ffffcb9b
ffffd5a0
ffffce67
ffffdfc9
ffffe58a
ffffd33c
ffffb96c
ffffdf31
ffffe7b8
ffffd683
ffffd443
ffffbe37
ffffa23b
ffffa530
ffffae1c
ffffbd62
ffffc69c
ffffc9a3
ffffd124
ffffcb74
ffffd094
ffffd113
ffffd65f
ffffdc77
ffffe042
ffffdd6e
ffffd41a
ffffd87d
ffffb988
ffffdc3c
ffffe566
ffffe8a9
ffffe1d9
ffffde65
ffffd92e
fffff35a
ffffe65f
ffffcb9a
ffffde85
fffff4eb
ffffecce
ffffd816
ffffd4ed
ffffccbf
ffffa035
ffff9d04
ffffac47
ffffb169
ffffb2a8
ffffaa60
ffffb230
ffffaad3
ffffb24a
ffffc5a3
ffffcfa4
ffffd772
ffffdd40
ffffdcee
ffffda41
ffffd794
ffffb667
ffffda5a
ffffe46a
ffffe56a
ffffe57d
ffffe15b
ffffe23a
ffffffdb
fffff030
ffffe09e
ffffe9f2
000000d5
ffffec3c
ffffdf10
ffffdf7c
ffffdc25
ffffc7ab
ffffc0d1
ffffbe90
ffffb959
ffffbb26
ffffb3e4
ffffb1d0
ffffa7e1
ffffa849
ffffb27f
ffffc5dd
ffffcd0f
ffffdf01
ffffdd65
ffffdafd
ffffdebe
ffffb4cf
ffffd522
ffffdd27
ffffdb7f
ffffe407
ffffe644
ffffe882
000007bb
fffff77a
ffffe78b
ffffdd56
fffff086
ffffe3ed
ffffe1f8
ffffe754
ffffea59
ffffefa0
ffffe7e5
ffffdb28
ffffd20c
ffffcb7a
ffffc5a1
ffffc18c
ffffbd7f
ffffbbdc
ffffb4a5
ffffcbf9
ffffd291
ffffdb05
ffffdd54
ffffd378
ffffdd8e
ffffc24c
ffffd8a7
ffffd652
ffffda76
ffffe3b1
ffffebe8
ffffed18
00000955
0000007d
ffffe607
ffffd913
ffffdba0
ffffdf08
ffffdee1
ffffee6e
fffff14c
fffff288
fffff1f3
ffffe481
ffffdf0f
ffffdfc0
ffffe437
ffffde84
ffffdb23
ffffdced
ffffd75f
ffffbee6
ffffdd76
ffffdf28
ffffd8f1
ffffd0b9
ffffdb6f
ffffd007
ffffd776
ffffdae5
ffffe14c
ffffe0e8
ffffed02
ffffe79b
000002ee
00000aea
fffff019
ffffe26d
ffffc9b7
ffffc86a
ffffe33e
ffffed48
fffff524
fffff2c2
ffffefb9
ffffe897
ffffeafe
ffffe605
ffffe6ed
ffffe2ed
ffffe407
ffffe577
fffffa29
ffffce52
ffffd9ec
ffffdbeb
ffffd20f
ffffcef3
ffffdbe1
ffffd445
ffffdbe3
ffffe258
ffffe28f
ffffe669
ffffe9fd
ffffde96
fffff5a9
00000a23
fffff0e6
ffffdc2a
ffffc737
ffffc8ce
ffffec18
ffffe987
ffffee1e
fffff0ef
ffffec55
ffffe9f0
ffffe921
ffffe805
ffffe967
ffffea8f
ffffe663
ffffe614
fffff4b2
ffffe47e
ffffd7e7
ffffe393
ffffd50a
ffffd3cc
ffffe18d
ffffd3e6
ffffd807
ffffe44f
ffffe11a
ffffe560
ffffeb40
ffffe25c
ffffe7f8
000010b7
ffffeca6
ffffd070
ffffd6ff
ffffe713
fffff32f
fffff3a4
ffffee65
ffffee84
ffffeeda
ffffebf8
ffffeb55
ffffe6de
ffffe879
ffffe9ad
ffffe909
ffffea68
fffff190
ffffebea
ffffdcf1
ffffea44
ffffdfbd
ffffda59
ffffe3dd
ffffd26a
ffffd416
ffffe0f5
ffffe468
ffffe78b
ffffec38
ffffec6e
ffffe228
00000487
ffffffc2
ffffd56f
ffffeaf6
ffffe991
ffffefc8
ffffe6e9
ffffe84f
fffff002
ffffef5d
fffff0cc
ffffeed7
ffffec50
ffffee02
ffffef7f
ffffea2e
ffffea3d
fffff0c4
ffffec70
ffffe679
fffff00d
ffffe1e8
ffffd9fd
ffffe474
ffffd618
ffffd69d
ffffdf8f
ffffe6ce
ffffeb5c
ffffef25
ffffeed6
ffffdbf6
ffffe63a
00000b8c
fffff956
fffff581
ffffe4f9
ffffc93f
ffffbe78
ffffd572
ffffe53f
fffff1ef
ffffef53
fffff11c
ffffedd3
ffffe710
ffffed8b
ffffe931
ffffe9d6
fffff076
ffffefe7
ffffeedd
fffff2bc
ffffe3c7
ffffdafc
ffffe904
ffffdb8c
ffffdf23
ffffe3c7
ffffe742
ffffebb9
ffffecda
ffffe2b2
ffffe23c
ffffced7
ffffe4f8
000005af
fffff75b
ffffd533
ffffc8dd
ffffbfc5
ffffc9c2
ffffde4e
fffff13f
ffffea97
ffffed12
ffffeae7
ffffe77e
ffffe5b3
ffffebb7
ffffe5a3
ffffebd9
ffffee2d
ffffebdd
ffffecca
ffffeabf
ffffe2b7
ffffeb33
ffffe010
ffffe0e1
ffffe835
ffffe9d4
ffffe7f4
ffffe307
ffffea8d
ffffeb5a
ffffd2a5
ffffd683
fffff2a0
fffffbc9
ffffd997
ffffdd5a
ffffd74c
ffffda29
ffffdb44
ffffe545
ffffdf5c
ffffe0ed
ffffde68
fffff357
fffff007
ffffeeea
ffffeed8
ffffeed5
ffffef40
ffffea0e
ffffe706
ffffead3
ffffecda
ffffed15
ffffe3fe
ffffe778
ffffea32
ffffeab0
ffffe9b9
ffffe62b
ffffe28b
ffffe92c
ffffe44b
ffffd2f5
ffffdeba
00000bed
fffff1d4
fffff694
ffffe430
fffff232
ffffed91
ffffdf5e
ffffda69
ffffdacd
ffffcf44
ffffdd69
fffff0d0
ffffec7e
ffffeef4
fffff01c
fffff129
ffffeb1b
ffffe717
ffffeb83
ffffe358
ffffea38
ffffe0e8
ffffdf3f
ffffe67e
ffffde76
ffffe29b
ffffe692
ffffd766
ffffd9be
ffffd246
ffffdc58
ffffd8dd
000013a8
fffff5ec
00000527
fffff7f8
fffffc5e
fffff118
ffffe267
ffffe2c9
ffffd263
ffffd2f9
ffffe5f3
fffff805
ffffebb9
ffffe7e5
fffff48d
fffff559
ffffe5ad
ffffe634
ffffee14
ffffe227
ffffe2dd
ffffe353
ffffde6f
ffffe34c
ffffe07e
ffffdb7b
ffffdc9e
ffffd016
ffffd2a2
ffffd3e9
ffffe0c2
ffffceff
fffffc6a
ffffec0a
ffffee8a
fffffb35
0000094c
ffffeb15
ffffda5a
ffffd8c9
ffffcf10
ffffd12b
ffffdd52
fffff3c6
ffffecea
ffffe6d7
ffffe804
ffffe453
ffffcf93
ffffdbce
ffffe1c4
ffffdfc2
ffffdfcd
ffffd493
ffffd977
ffffdf08
ffffdd69
ffffd4bc
ffffdd72
ffffd834
ffffd934
ffffe112
ffffed53
ffffcce7
ffffd428
ffffd167
ffffca8b
ffffe05b
fffffe24
ffffde67
ffffc769
ffffbe7e
ffffc4d6
ffffcc3a
ffffdfe5
ffffea53
ffffe046
ffffe649
ffffec3a
ffffd966
ffffc31c
ffffcb9f
ffffd0b0
ffffe373
ffffe0a0
ffffc618
ffffca9e
ffffcd14
ffffd31a
ffffd09c
ffffd713
ffffdf74
ffffd5a1
ffffd011
ffffd0a4
ffffd78c
ffffcc1b
ffffd634
ffffbf91
ffffc669
ffffd75a
ffffbe3a
ffffbcc0
ffffc2da
ffffcf8b
ffffd9d4
ffffd551
ffffe441
ffffd29f
ffffd4eb
ffffed70
ffffdc36
ffffc87e
ffffd7ea
ffffd3da
ffffd3ca
ffffee35
ffffcda7
ffffcba5
ffffd1f3
ffffdc07
ffffd276
ffffd565
ffffdb0a
ffffda7c
ffffc85d
ffffbf0a
ffffc9a1
ffffc021
ffffd3bb
ffffd718
ffffdbb7
ffffcd95
ffffc133
ffffd02b
ffffcae9
ffffd0f6
ffffd572
ffffc46a
ffffcc13
ffffda1e
ffffcfb4
ffffd197
ffffe04e
ffffc11d
ffffd991
ffffd393
ffffd719
ffffea16
ffffcae4
ffffcc05
ffffd5b9
ffffdc26
ffffd51e
ffffdd61
ffffd7e5
ffffced1
ffffc240
ffffc601
ffffbf02
ffffc693
ffffcca2
ffffdc47
ffffe8a6
ffffd3a4
ffffddad
ffffdea0
ffffdcb0
ffffcf67
ffffcf02
ffffdb98
ffffd10d
ffffd2fb
ffffcf3e
ffffbe34
ffffd4a0
ffffd7f7
ffffdc37
ffffd63d
ffffd590
ffffe393
ffffb496
ffffb3ee
ffffae7a
ffffba8e
ffffb8de
ffffc085
ffffc3aa
ffffc8cc
ffffc79e
ffffb662
ffffac20
ffffb56f
ffffaec7
ffffc247
ffffcd67
ffffc4d4
ffffbd90
ffffc63a
ffffca73
ffffc0d7
ffffb2d5
ffffc2f6
ffffb5b6
ffffc030
ffffc163
ffffc1c8
ffffc23d
ffffc4fc
ffffc053
ffffbb2d
ffffc5d6
ffffce1d
ffffba36
ffffc0c8
ffffc066
ffffcaed
ffffc7c9
ffffca1b
ffffc968
ffffcb7a
ffffc93b
ffffba78
ffffb335
ffffc1cf
ffffc18c
ffffcc8f
ffffd28b
ffffc83e
ffffc8fb
ffffcc88
ffffc94e
ffffcc35
ffffb76d
ffffbc3e
ffffc253
ffffcde3
ffffd139
ffffca2b
ffffcf79
ffffca3b
ffffc05c
ffffc7c7
ffffbe82
ffffcf0d
fffff574
00000723
0000013b
0000061c
000004dc
00000339
0000042c
fffffe20
fffffde4
000002b4
ffffff3a
0000012c
0000009d
0000061c
fffffe25
ffffffbd
00000456
000001a8
00000739
ffffff6a
fffffcfe
00000095
0000018b
fffffdaa
00000397
0000052e
000002a4
fffffdbb
ffffff80
ffffff44
00000ad4
fffffeb7
fffffba1
00000a04
0000016b
00000d34
0000062c
00000571
000005f5
ffffff62
fffffe6a
00000149
00000442
0000077f
0000018d
00000bc1
0000074d
000006da
000007dc
0000062b
00000de4
000008b8
ffffff84
000007e1
000009a7
0000075c
ffffff5c
00000973
0000023c
0000051c
00000708
000009f6
000010e6
00000c51
fffffa9e
00000554
000005d5
00000ca0
00000999
00000202
fffff5d1
fffff9da
fffff8b4
fffff58c
00000170
00000792
0000079f
00000fd4
00000b92
00000155
0000048e
00000945
00000f82
00000d5f
000004b0
000003ee
0000073c
00000749
0000064d
00000a8f
0000063b
000009cb
00000419
000008c7
00000ef0
00000add
ffffff05
00000c2a
00000a25
00000c71
00000dc6
000005e4
fffff28e
ffffc8bb
ffffd173
ffffe023
ffffef19
fffffffd
000005ce
00001531
00001590
00000d16
00000a2a
00000958
00001157
00000bfc
000006e8
00000681
000002f2
00000985
00000b69
0000093b
00000a1f
00000a9b
000008b4
000006ff
0000144e
00000dff
000003f8
0000101f
000007d3
0000074f
000006f5
00000aa8
ffffe221
ffffa8bb
ffffbbb4
ffffcf07
ffffebbe
fffff7ac
000004f1
00000fb3
00001455
00000f71
00000b60
00000cf1
00000f46
00000af3
00000543
000008ef
00000c33
00000cfb
0000071a
0000057a
000008d1
00000a2a
0000099a
000006ae
0000176b
00000c6f
00000635
000011fe
00000b84
00000a9a
0000068b
00000a08
ffffd295
ffffc2fc
ffffcccf
ffffe55d
fffffb6d
fffff78c
00000a90
00001735
00001002
00000a6a
00000bb9
00000875
00000cf7
000008be
000013ea
00001524
000010f5
00000973
00000901
00000677
00000932
00000a2d
00000a74
0000023f
00001278
00000d1d
000009a5
00001046
00000ead
00000264
ffffff20
fffff831
ffffd644
ffffde96
ffffe537
fffff9fd
0000038e
fffffd0c
fffffafe
00001832
000017fb
00000cc2
00000d9d
0000061a
000003cb
000005ed
00001867
0000170a
0000128a
0000035d
00000850
00000bae
00000e5a
000008de
00000ba7
ffffffd2
00000e8b
0000078d
ffffff11
0000082e
00000722
00000d23
fffff9a2
ffffeb43
00000d19
fffffb4e
00001315
fffffe78
fffffc5d
ffffe65d
ffffdb1b
00000556
0000203d
000010f5
0000137a
00001412
000009ff
00000ef1
00000d39
00000b6a
00000bb2
00000436
00000491
00000b4c
00000d60
00000d8c
00000a49
0000093c
00000f94
0000060a
00001584
0000158b
000008bb
00001ba6
000017aa
ffffcedd
00000e8e
000007f1
0000132e
00001b71
fffff625
ffffbe45
ffffda34
fffff4e4
000033d0
0000324a
000016af
00000d0f
000002e8
ffffff63
fffffc35
fffffa4a
00000eab
00001912
00000b1b
00000d93
00000477
00000b19
000001ad
00000549
000014b0
000000a6
00001c27
0000231a
0000125b
00001f9b
00003b62
00000b44
fffffae1
fffffff7
fffff89c
00000854
ffffd283
ffffaa99
ffffd53d
ffffcd8b
000007d5
00002336
00002b7f
000017e3
00001bc8
00001a2b
0000225a
00000c13
00001c4c
00001acb
00001f83
00001b64
000014fe
000019a2
00000e55
00001273
000022ba
00000d0f
00001466
00001040
000007c9
00000455
000028f5
0000403c
00000ac7
fffff06f
fffffb56
ffffded1
ffffc44b
ffffdd47
ffffdb60
ffffd26c
ffffd0be
fffffe99
000023b3
00002ca5
00001c3c
00001e4d
00002215
000005ef
00000027
00000565
0000168c
00000af7
0000115c
000004e8
000004bf
0000089c
0000148c
000010a3
000009cf
000001cb
fffff737
fffff4d0
00000975
00002ab5
000016b3
ffffe9ac
fffff7e7
ffffbda6
ffffecb9
ffffea29
ffffe776
ffffdd58
ffffae51
ffffba84
fffff6e3
000025a3
00000812
000004a7
000013a6
0000078c
000007ac
000007fc
00000c7a
0000018d
0000020b
fffffaba
fffff92f
fffff9e2
00000306
00000495
00000cec
00000887
fffff821
fffffbd5
fffffb00
00000ed5
fffffd9b
ffffef47
ffffee63
ffffe62f
fffffbb8
ffffe7b0
ffffe9a5
ffffc2a8
ffffae68
ffffb8f8
ffffcf88
0000008a
fffff632
ffffe440
fffff128
fffff432
fffff80c
0000009a
000004e1
00000abe
00000239
fffff2e1
fffff673
fffff82c
00000561
fffffadd
00000e7d
00000c66
0000002f
fffffeb1
000000cb
000013d4
fffffd8f
000002fc
fffffd9a
000000d4
ffffe9e1
ffffecbb
ffffcf12
ffffbc27
ffffcbe8
ffffe346
fffffd37
00000587
fffff440
ffffe28d
ffffe501
ffffe2ee
ffffe92d
fffffcfb
0000013f
00000d43
000018ed
fffffda1
fffff7f8
fffffa90
00000527
fffffc1a
00000cc2
0000092b
00000272
000005e6
00000a0a
000017eb
00000cdb
00000a44
0000030d
00000f56
fffff800
ffffe81c
ffffccb0
ffffbdf0
ffffdf62
fffff564
00000046
fffffd9e
fffff434
fffffb19
00000471
00000ce6
000003f3
0000040c
fffff848
fffff0a3
00000c94
00001e2f
00000860
00000a86
000001c8
fffff9df
000009a5
00001058
00000275
00000868
00001226
00001e40
000012eb
00000e3d
00000082
000010f9
00001563
fffff733
ffffe4df
ffffd738
ffffef79
fffffb03
fffffc98
fffff72a
fffff515
fffff750
000001f5
00000635
00000c8e
00000d4d
000012cd
000012ad
fffffd90
00002413
000010a0
00000599
00000157
fffff4f3
000006d6
000010e1
00000841
00001086
0000176d
0000260d
000012ac
00001860
fffffd55
0000099b
00001345
00000dc3
fffffe45
fffff4ee
fffff8e2
fffffa9d
fffffc7f
fffff4c7
fffffa72
fffffe34
fffffc4c
000001fd
00000c6e
0000100a
00000a80
00000d5c
000004a9
000022b5
000020c9
0000099d
00000e08
fffff96b
ffffff7e
00000af2
00000220
00000934
00000fab
00002bbd
00001a8d
00001a95
000007a2
fffffcfb
fffffa18
fffffb72
ffffffdc
000009fd
00000135
fffffe6e
00000426
fffffdec
fffff8df
fffffa26
fffff8c8
fffffca0
fffffb02
000000e9
00000600
0000086c
000005fe
000012c8
00000e06
000005f7
00000e7c
00000326
0000037b
00000b82
00000428
fffffef1
00000443
0000228b
000022b4
0000188a
00000c2d
fffff626
ffffe9ef
00000ccf
00000654
00001be6
00000ab9
000001ea
00000047
fffffd9b
fffff94b
fffff964
fffffad8
fffffd0c
fffffa97
fffffc76
ffffff19
000001b7
fffffb0c
00000eee
00000398
000001ab
000008b1
000001aa
0000028f
00000b4e
000003d6
fffffd9b
fffffc6a
000011cc
00002568
00002231
000011ed
00000281
fffff958
00000f68
0000069c
00000e04
00001e90
00000560
00000094
ffffffa1
fffffc38
fffffc47
fffffe6f
fffff679
fffffc5c
ffffff92
0000014c
000001d7
fffffafe
000009fd
00000235
fffffff8
00000be2
0000043f
ffffff60
00000a6b
000005dd
00000050
ffffff18
000007eb
000028a8
00002bab
00000a8a
00000b93
fffff9ed
00000915
00000858
fffffb56
00000543
0000031e
000009e7
000004e5
ffffffdf
fffffd9c
fffffb94
fffff4b1
fffffaad
fffffe5b
00000032
00000387
fffffc65
000001ed
fffff99a
fffff791
00000a7e
000003c3
fffffae8
000007db
000002ba
00000184
ffffff16
000001f2
00001e49
0000300c
000024ef
00000c5b
000002de
000003d1
fffff9a1
fffff7b0
fffff153
00000540
00000b0b
00000d95
00000083
fffffaa4
fffff90e
fffff7bb
fffffda0
fffffdcd
fffffa46
000004a5
fffffbfa
00000d42
0000024e
fffff78d
00000d5e
0000046d
fffff73b
000002cb
fffff62b
fffff782
fffff3c9
fffff625
fffffc75
00001c7f
00002f7c
000013c2
00000a83
000003eb
0000001b
fffffcf6
000003b6
000018c8
fffffdda
000015d9
fffff41c
fffffeae
fffffdff
00000c3d
fffff68a
fffffe25
fffff92e
00000145
fffff770
000005ef
00000437
fffff67e
00000c49
000007f9
ffffeedf
fffff96d
fffff53a
fffff839
fffff132
fffff4c5
fffff690
00000842
00001a3a
000035c2
00001fd8
00000d43
fffffac8
000003c0
000005f6
0000101d
00000779
00000d4e
fffff9ff
0000057e
00000708
00000835
00000b33
fffffd84
ffffff9a
fffffe68
fffffc0a
00000167
000005fe
fffffe33
00000c7c
00000611
fffff89e
000008c8
00000944
000006ea
000005e2
fffffc94
000002de
00000147
000002dd
0000207d
00001071
00001368
00000047
00000973
fffff4d5
00001002
00001688
000012c0
fffffa87
fffffe26
00001229
fffffb69
00000868
0000060e
ffffffca
ffffff87
000003da
00000787
00000344
fffffb87
00000e4d
00000565
fffff70b
000008e3
fffffcf6
fffffaa9
00000088
ffffff69
00000862
00000530
fffffd0a
000012be
000005d0
000021ff
00000bc8
000008e9
ffffe8ef
fffffe11
000009a9
00000b03
ffffffea
fffffd94
000022bc
00001496
00000477
00000ca3
000001c1
00000787
00000f83
00001ee3
000016ab
0000036d
00000cf7
00000db0
00000853
00000f69
ffffffdb
fffffebb
00000034
fffffce8
00000db1
00000cfd
fffffea3
00000c8d
ffffec7f
0000156b
00001828
00002490
fffff004
fffffb36
000003ea
000011ca
00000227
fffff8cd
fffffcd4
000018e8
00000bc9
fffff79d
00001707
000006d1
00002149
000020d6
00002945
000016c0
00000654
fffffeb6
000003b7
000010bc
00000725
000003bd
00000aa6
00000b1f
00000ce1
0000113f
00001383
0000183b
00000f9b
000011ca
00000660
00002263
0000026a
000008b5
fffff7c9
00001979
0000139b
00000a8a
fffffe81
00000201
00000668
fffff36a
0000127c
fffffbbb
00000f6b
00000122
00000c91
00000fe5
0000020f
fffffbcb
000004ee
00000f0a
fffffec7
000000dd
00000009
fffffde8
fffff34d
fffffffa
00000e3a
00000cda
0000006b
00000832
fffffe5f
00000d10
00000634
00001040
fffffc8b
00000208
00000c5c
00000c69
00000bcd
0000101c
fffff7db
00000124
00000aba
00000291
00000a7e
000009ed
000013a5
0000016c
00001236
000009f0
000009ce
000014a8
00000a95
00000039
fffffd58
ffffffa0
00000016
0000047f
00000b28
00001483
00000ae7
00000907
00000149
fffff7f8
fffffe61
000002e0
00000909
fffffca2
fffffd70
0000051b
0000085c
00000818
00000c8b
00000558
00000279
000005dd
00000669
fffffe73
000007e6
fffffc6d
00000c2d
00000a23
fffffbad
0000039c
00001021
0000087a
00001207
000002e4
fffffbe7
fffff6d0
fffff6a3
000008af
00000d29
0000006f
000002fb
000002c4
000007c9
00000c88
0000141d
0000089b
00000363
fffffeaf
00000562
00001302
00000983
00000174
fffff904
000002e0
0000061d
00000939
00000bcb
00000f9e
0000113c
00000981
00000792
000003ec
fffffd08
fffffe8c
fffffd9f
fffffe0b
ffffeb1e
fffff407
fffff2ee
fffff02d
0000082b
000010b8
fffffe2c
fffffe92
ffffff3d
fffffbdd
000004ef
fffffed0
00000028
ffffff68
00000121
00001356
00000424
fffffd6e
fffff907
fffff807
000001f0
000005e0
fffff8c5
fffff6f8
fffff6ef
ffffffad
00000842
fffffe6b
ffffff48
0000070a
000004d6
0000045b
000003be
fffffebb
fffffd90
00000078
fffffcdd
ffffff98
fffffd9f
00000280
0000011c
000001b4
fffffc4d
fffff86c
0000035c
0000017f
fffffe16
00000153
fffff9e7
fffffc82
00000021
00000569
0000003d
0000034d
00000562
fffffd12
fffffe90
00000817
0000055a
000000db
000001c2
00000569
00000b5b
00000909
00000d07
00000ed8
00000997
00000737
000002aa
00000236
00000447
000006b2
00000c8b
00000b88
000009e9
0000030b
000004d4
0000077d
00000445
00000339
000003af
fffffffd
fffffe0c
000004be
000004b3
00000061
000000e5
000003ba
000003a6
0000072b
0000043e
000001e1
fffffb14
00000158
000005d4
000008d9
000008ad
000002a4
000006b2
00000a8e
00000268
00000631
000004fd
000001fd
000003f6
00000416
000006da
0000061b
00000608
00000cc7
00000894
00000461
000003a8
000004f2
fffffc64
00000108
000002bc
000001b9
000002f5
0000014f
00000324
00000977
0000009e
0000016f
fffffa65
00000326
00000764
00000ee8
0000081b
00000dae
0000007f
0000041b
00000b92
00000ca2
0000069b
fffffc73
00000249
00000059
fffffdd5
000001b3
00000109
00000991
000006c9
0000077c
00000215
000003a3
fffffea5
0000015a
000006d0
00000260
0000078b
000005e8
00000a60
00000cdc
00000434
fffffb88
fffff9cb
fffffe85
00000474
00000e29
fffff534
fffff683
fffff3ec
fffffb89
00000809
000010ea
0000036d
000000ce
ffffff1f
00000096
00000138
fffffd57
fffffb33
000000af
000002ac
000008ec
000003fa
000001c0
00000114
00000190
000007ef
00000812
00000b56
000001f2
000008b9
00000b73
0000046a
fffffe90
0000023a
0000011c
000005b1
00001572
0000047e
fffff7c6
ffffe37b
ffffe0de
fffff2fa
00000993
00000a89
fffffb4d
fffffee0
000001a9
00000287
000004ea
0000022b
00000315
0000063d
00000196
fffffbbd
fffffc18
00000349
00000251
000006f2
0000076a
00000a4a
000001fb
0000054c
000009c1
0000089f
00000462
0000084f
00000d1f
000008ad
00001219
00001884
ffffdb1b
ffffe6db
ffffdf8d
fffff6ac
000006c5
000000a2
fffffcf3
00000812
00000699
00000934
00000d0d
00000bad
0000055f
000009b2
fffffd6e
fffffddd
00000477
00000afe
00000aec
00000c83
00000a5d
00000be9
00000674
00000993
00000c98
00000a3f
ffffff2f
000008e7
00001672
00002256
00001f49
00002843
fffff029
fffff264
000001e1
fffff2b5
00000feb
000002ae
ffffefc9
000008d0
00000960
00000db6
0000162a
00001731
00001394
000010c2
0000056b
00000c30
00000cc6
00000969
00000e99
00001147
00000e26
00000bdf
00000e9b
00001307
00000c95
fffffe81
fffff0ff
fffffa20
00000659
00002585
00002916
0000275e
00000b4a
000012c7
00000191
ffffec36
00000873
00000755
ffffd2e3
fffffa29
fffff55f
000000a4
00000c79
00000c58
00000aee
00000f23
0000014b
fffffbb7
fffff36f
fffffca6
00000486
0000043b
00000baa
00000498
00000fe7
000018e7
00001b05
fffff9ee
ffffe04c
ffffe653
ffffe8d1
fffffc4d
ffffe9b7
00000e83
00000e53
fffffcb9
ffffef6c
fffff190
fffff50c
fffffc6e
ffffd188
ffffd9e7
ffffd771
ffffe5e2
ffffef09
ffffe6d6
ffffe732
ffffe593
ffffe414
ffffe407
ffffdf97
ffffe5c0
ffffeb87
ffffebe7
ffffe7e0
ffffefd9
fffff479
000002e6
00000d6c
fffff5f9
ffffe838
ffffef3c
fffff041
ffffe032
ffffc7fd
ffffe3ad
ffffe98a
ffffd349
ffffe0c8
ffffed7e
ffffd82a
fffff4d2
0000020e
ffffbf5b
ffffc3ef
ffffe628
fffff71f
ffffec5a
ffffdb4e
ffffe375
ffffe3a0
ffffe8b8
ffffe75a
ffffeeb7
ffffe8f7
ffffe9b5
ffffe58e
ffffe936
ffffe98a
fffff8c4
fffffda2
fffff3f9
ffffeb79
fffffcc2
fffffce4
ffffe94e
ffffd306
ffffd87d
ffffec45
ffffefcd
ffffe073
ffffd9d7
ffffdd0d
fffffe68
00000378
fffffba1
ffffdbaa
ffffeeff
00000b1b
00000a25
ffffefe8
fffff0ff
fffffee9
fffffe28
fffffb5b
fffffd88
fffff9f6
fffff6b5
fffff7ad
fffffbd3
fffffcc1
0000007f
000002b5
fffff080
ffffede3
fffffaad
fffff9ab
fffff50c
ffffecf8
fffff934
00000b11
00001032
fffff0a1
ffffe2b0
fffff9ea
000000c3
fffff4ff
fffff80c
fffff69e
ffffd86f
ffffee67
00000be4
00000e94
000006a7
00000af7
00000e16
00000909
fffffab4
000001d4
0000007b
fffffc4d
fffffee3
fffffe41
00000b28
00000aa0
ffffec8d
ffffec01
fffffa15
fffffbf8
fffffe18
0000042f
00000d85
00000c9a
00000de1
00000452
fffffff9
00001320
00000cad
ffffef05
ffffd1ae
ffffd5b2
ffffd1d2
ffffdc27
ffffdef7
fffff0c8
fffff3bc
fffff326
fffff769
0000003c
00000335
fffffea8
000002ef
fffff82a
fffff66e
fffffc2b
00000808
00000a2e
ffffeb4c
ffffe555
fffffa97
fffff9c9
ffffff3b
00000b39
00000f95
00000d17
00000d01
00000bbd
000000d2
00000898
000004b9
ffffe64c
ffffd6dc
ffffe294
fffff5ca
fffff1a3
ffffef29
ffffe3ee
ffffceb7
ffffcbb9
ffffdf76
ffffe60f
fffff007
ffffe6c3
fffff521
fffffed2
fffff66a
fffffa30
0000057f
00000355
fffff12f
ffffeeaa
fffff86a
fffff60d
fffffb58
00000929
000011bf
00000fee
00000ff1
0000125a
ffffed9c
ffffed27
ffffe819
ffffd5a9
ffffe1b5
fffff9c6
00000516
0000004e
fffff172
ffffe023
ffffe1c3
ffffe832
ffffe4b8
ffffee3b
ffffe813
ffffe9bb
ffffed2d
000005ad
fffffb7e
fffff570
0000025a
ffffff7a
fffff8db
fffff83e
fffff47c
fffff4aa
fffff9e6
000004c3
000011a0
00000d7e
00000d9f
00000fb9
fffff0b5
ffffe78b
ffffdb04
ffffd461
fffff7a5
000006d8
000006d8
fffffe56
fffff2c8
fffff35e
fffff91c
fffff670
ffffe90a
ffffefa6
fffff1d6
fffffe72
fffffce3
fffffd04
ffffffa0
fffff22c
ffffff86
fffffdef
fffffbed
fffff71a
fffffa11
fffff78f
fffffb85
fffffad2
0000095c
00000aa3
00000abd
00001201
fffff81a
ffffe9f0
ffffd906
ffffe4fd
000005a7
000006a5
0000043b
0000006a
fffffb91
fffffd6d
fffffc0c
ffffff31
fffff86d
fffff7b0
fffff67d
fffff930
fffffc9d
fffff836
00000159
fffff698
fffff94a
fffffd77
fffffba9
fffff3a1
fffffb14
fffff6a5
fffff5a3
fffff3eb
0000018b
0000092b
00000d50
00001587
fffffdda
ffffe878
ffffe6fc
fffff999
ffffffb3
fffffd22
fffffc47
fffffd71
fffffd79
000000a8
fffffb66
ffffff91
fffffcd7
fffffd3a
ffffffc4
fffff5f2
0000005b
fffffaa7
fffff7c6
fffff527
fffff9d7
000001b1
fffffcbd
fffff65c
fffffed0
fffffbac
fffffaa8
fffffc7a
fffffd2a
00000446
00001278
00001060
fffffea4
00000dab
000000c0
000015bb
00000368
fffff68c
fffffd14
fffffdd8
fffffee9
00000193
fffffdd4
ffffff4b
fffffea8
fffffa92
000001ad
fffffc74
0000031a
fffffde6
0000030e
0000001a
fffffd84
0000024f
fffffc21
fffff5bc
fffffd4c
fffffdfa
000001ca
000001fe
fffffa01
fffff7a4
00000762
00001403
00000f58
000009a2
0000066b
00000322
fffffe8d
fffff6bf
fffffc32
0000019b
000000c1
00000317
00000620
000003f2
000003bd
fffffa57
fffffd10
fffffe04
00000198
000002ad
0000077d
ffffff61
fffffe82
000005bf
ffffffd7
fffff96e
fffffd33
00000212
000004c1
00000456
fffff965
fffff272
ffffea1f
fffffad2
fffffff4
00000d31
fffffac4
ffffda2c
ffffdc36
ffffe28f
fffff30f
000004fa
fffffd52
000000b8
0000063f
0000013f
fffff90e
fffffc3e
fffff768
fffffcd1
0000021c
0000014c
000002b7
fffffd08
00000272
000006a5
fffffed3
fffffb66
000004de
0000066c
00000652
000003e6
ffffff19
ffffee09
ffffd205
ffffd969
fffff26a
00000103
fffffeb7
ffffedd8
ffffd0d5
fffff2a8
ffffede9
0000015f
ffffff62
ffffffc5
00000615
00000053
fffffcef
fffffdcb
fffff9c4
fffffded
000002cb
00000485
00000720
000000c7
000007af
00000830
00000240
fffffafc
000000fe
ffffff80
ffffffd4
000001d2
00000510
00000164
ffffeef5
ffffd67a
ffffdf64
fffff929
00000b9e
00000b62
fffffe83
0000017d
ffffedcf
fffff663
ffffea34
fffff93f
00000416
00000823
00000166
fffffd86
fffff7bc
fffffe80
00000265
00000015
00000ecf
000007a1
00000a7e
00000b15
00000cda
00000084
fffffe1a
ffffff88
fffffea3
00000777
000009c7
00000b8f
00000faf
fffffa47
fffff9ac
0000081d
00000d78
00001a0a
000007cb
00000672
fffff190
fffffabf
ffffed0b
fffff50f
00000163
fffff294
000003e9
00000158
00000324
fffffca2
00000b50
00000121
00000a4c
00000662
0000108c
00000e6f
000010dd
0000025f
000004cd
0000046c
000001c7
fffff9b6
0000012d
ffffffc6
00000ba5
000009dc
00000ed9
00001a1e
00000707
00001bdc
00001859
0000052e
fffff9a4
fffff7ec
fffff736
fffff38d
000001ad
ffffec18
ffffefe7
fffff5c4
0000062f
00000311
0000146b
00000103
fffff9f9
000001d9
00001950
00000918
00000362
fffffd19
000009cd
0000026f
00000187
fffffc71
fffff615
fffffcf7
00000329
00001296
00001aa3
00001799
fffff779
00000baa
fffffdf3
ffffef6f
fffffc37
fffffe87
00000253
fffff90d
000002da
fffffabd
ffffeebc
fffff87e
00000e3f
ffffede7
000014c0
000002b2
fffffee7
fffffe5a
00000a38
00000424
0000054b
fffff173
fffffe8a
000001e5
fffff59d
fffffe96
fffff909
0000030f
000005f9
fffff8bc
000004bc
000001c4
ffffdd0d
ffffded0
ffffe00e
ffffefa6
fffff0ac
ffffec89
ffffea09
ffffe952
fffffd6b
00000502
000003ee
00000a32
00000d00
ffffda54
000007b7
fffff74e
ffffff1f
fffffd58
000006c1
0000042c
fffff9d0
fffff18b
00000017
00000bcb
000001cd
00000770
000009cf
000000a3
fffff7fa
fffff945
0000010d
00000008
ffffebd4
ffffdf49
ffffef65
fffff4c5
ffffe1d7
ffffeeb1
fffffda4
0000002e
fffffc41
000001fc
fffffb02
ffffea3b
fffff2fb
ffffdc74
fffff516
ffffeda5
fffff106
fffff850
00000963
00000b89
ffffff27
fffff731
000002b6
00000400
fffffcbc
00000617
00001411
fffffc79
fffff7f0
000003ae
fffff6b4
fffff7a1
0000027b
fffffb04
fffff7eb
fffff0ef
fffff80f
00000642
000001d3
00000aa5
000000f2
00000a68
00000d25
fffff829
fffff97b
fffff22f
fffff380
fffff73a
ffffff56
00000b4a
0000114d
00000fe1
00000386
fffff7ec
fffffd7c
0000054a
ffffff16
00000eea
00000710
00001262
000002ab
fffff232
000002ab
ffffffcb
00000c28
00000f47
00001045
fffffcc6
0000049f
000009d3
000009ba
000009b9
fffff963
00000a4c
000011d1
000011e6
00000d9e
fffffb4e
00000de0
fffffe77
00001262
00000360
000012bc
00000786
fffff0e7
ffffe6ec
ffffeec6
fffffd81
fffffa20
000000d0
0000074f
00000484
00000a33
fffff5c7
fffff69b
ffffee80
fffff40e
00000455
000007f1
fffffed7
fffff685
00000902
fffffb36
00000290
fffffc00
fffff277
fffff753
fffffbd4
000007c6
fffffe98
0000077c
00000f5f
0000044d
0000060d
00000d70
000006c0
0000018a
fffffed1
00000078
0000014a
fffffee7
fffffbba
fffffb05
ffffff6c
ffffff76
ffffff54
fffffe36
0000000f
000000d9
00000057
fffffdbd
ffffff7a
fffffdd4
fffffe48
000005d0
0000048f
fffffded
fffffe32
000005e1
0000085f
000000c2
fffffe89
ffffffc0
00000413
fffff734
fffff47e
fffffbae
fffffab0
fffffadf
000000b0
00000423
0000022c
0000006e
fffffdc8
fffffb60
fffff6d1
fffff7af
fffffbaa
fffffad1
fffffc0d
fffffe2b
00000022
ffffff39
fffffdbb
fffffbb9
fffffb0e
0000014b
0000044e
fffffdce
fffffa60
0000023f
000006fd
000001a2
ffffff84
00000130
00000a6c
ffffffe8
fffff4b6
fffffb98
fffffff4
fffff554
fffff514
fffffc39
fffffe38
fffffcf6
fffff857
fffffbfd
fffff5c9
fffff027
fffff59f
fffff3d0
fffff2eb
fffff794
ffffffca
fffffff4
fffffd97
fffff772
fffff640
fffff782
fffffbd5
fffffa6e
fffff5f8
fffff840
fffffd50
fffff9da
fffff8f6
fffff986
fffffefb
00000103
fffffad2
fffff900
ffffffab
fffff6db
fffff517
fffffa73
fffffa2a
fffff91f
fffffbaf
ffffff7d
ffffe90f
ffffe7e2
ffffec64
ffffef55
ffffeb73
fffff550
fffffc03
fffffe4e
fffff8d5
fffff9ab
fffff8a8
fffff808
fffffd42
fffff636
fffff151
fffff31d
fffff8dc
fffffae4
fffff6e1
fffff8ec
fffff825
fffffd68
fffff5c5
fffff859
fffffe05
fffff633
fffff351
fffffaec
fffff60c
fffff9d1
000007b3
fffffa30
ffffefa2
ffffed2b
ffffec31
ffffedae
ffffeac9
ffffeb6f
fffff29a
fffff52c
fffff7d7
fffffa3c
fffff8e3
fffff8bc
fffffc5a
fffff827
fffff543
fffff3a9
fffff695
fffff880
fffff4d3
fffff588
fffff52e
fffffa7d
fffff557
fffff55b
fffffcda
fffff3f1
fffff1be
fffff5df
fffff144
ffffef27
00000b00
fffff74f
00000824
fffffa40
fffffd2b
fffff78c
ffffee1e
ffffeb31
ffffeb25
fffff3ed
fffff657
fffff826
fffff2c8
fffff6d1
fffff3d2
fffffad3
fffffb19
fffffe4c
fffff84e
fffff3d1
fffff27e
fffff403
fffff315
fffff7c1
fffff275
fffff5d1
fffffae1
fffff15a
ffffeb45
fffff008
fffff1f2
fffff618
fffffecd
00001325
ffffe9c8
00000557
000000fd
fffff596
fffff4c6
fffff2ec
ffffe9b5
fffff2b0
ffffeec6
fffff012
ffffef47
fffff4b1
fffff485
fffff252
fffff93e
fffffc76
fffff846
fffff07a
fffff0a3
fffff12b
fffff08e
fffff711
fffff18d
fffff51f
fffffb06
fffff647
ffffea4f
fffff04a
fffff57a
000001bc
fffff839
ffffe987
ffffd796
ffffea4e
fffffca2
fffff40f
fffff11a
fffffab7
ffffee1b
ffffe1c5
ffffee65
fffff136
ffffefb5
fffff4f3
fffff187
ffffeb72
ffffe90f
fffff219
fffff30d
ffffe872
fffff06c
fffff017
ffffed63
ffffed94
ffffefee
fffff565
fffff5b9
0000074c
fffff0e6
fffff369
000000b0
00000a49
ffffdf61
ffffea3b
ffffe579
ffffc934
ffffe735
fffff8fa
fffff8c9
ffffffdf
fffff9ec
ffffe092
ffffec73
fffffaa8
fffff8b3
fffff673
ffffec96
ffffe8cb
ffffe009
fffffd51
fffff678
ffffe8b2
ffffecac
ffffed79
ffffec9c
ffffe5b9
ffffef86
fffff5ac
ffffeb2c
00000c43
000001aa
00000377
00000c55
0000206c
fffff483
fffff680
ffffe0de
ffffb96a
ffffd110
ffffeacc
fffff32a
00000750
00000857
fffffd65
ffffebd1
fffff2e1
00000500
fffff9a2
fffff147
0000005d
fffff56f
000006cc
00000c41
000002c5
fffffa88
00000122
00000125
fffffaaa
fffffe48
00000422
fffff8d2
000001d9
fffff76f
fffffe9b
00000b28
000019a4
0000183e
00000022
000000ec
ffffdc2c
ffffcd36
ffffd473
fffff31b
fffffe74
00000b9e
fffffd6f
fffff073
ffffebdb
fffffa96
0000007d
fffffaf0
000008ff
0000059a
fffffeef
00000265
000007c0
000003e1
00000993
00000970
00000589
00000426
00000aae
00000704
fffff935
ffffecb7
fffff3da
fffff82b
0000017a
000016ad
000006ee
000007b3
fffffe0a
ffffca5a
ffffe8d0
fffff9c3
fffff088
fffffd38
000002f3
00000898
ffffef04
ffffdc0b
ffffdc95
ffffdca9
ffffe9f5
fffff025
ffffe5fd
ffffe78f
ffffed45
fffff0a0
fffff417
fffff3fa
fffff604
fffff551
fffffdc6
fffffffe
fffffa56
ffffeac6
fffff2dc
fffff538
fffff838
00000444
00000079
fffff15a
fffffb5a
fffffcb1
fffff3ad
fffff691
fffff262
fffffd04
fffffee1
00000729
fffffa93
ffffeae1
ffffdad3
ffffe000
ffffe2a9
ffffdf1f
ffffdd46
ffffda49
ffffd597
ffffdd50
ffffe978
ffffef1e
fffff48f
fffff0f0
fffff422
fffff9ba
fffff8ed
ffffebac
ffffefdd
fffff382
fffff490
0000000d
ffffff18
fffff032
ffffeb43
0000003b
0000008f
fffff84c
fffff923
0000051f
fffffd22
00000875
000000ed
fffff594
fffff873
fffffc44
fffff517
ffffe948
ffffe682
ffffe234
ffffd6ea
ffffd62a
ffffdd3c
ffffe679
fffff194
fffff2ed
fffff31f
fffffb88
fffff364
ffffeb77
fffff00c
fffff46e
fffff611
00000118
00000153
fffff272
ffffee71
fffff9c3
fffff9c4
fffff521
fffffbfe
fffff9e3
fffffa55
000001fd
ffffffa2
fffffc43
000005c2
0000066c
00000703
fffffd32
fffffd14
00000050
fffff6a8
ffffe830
ffffd944
ffffde5b
ffffecfd
ffffee1e
fffff519
fffffb8f
fffff130
ffffe9f8
ffffede9
fffff13d
fffff056
fffffe08
00000197
fffff650
fffff274
fffff810
fffff7c7
ffffefd5
fffff430
fffff987
fffffbb3
fffff9e9
fffffb11
fffffedc
00000385
0000027e
0000013e
0000002e
fffffaaf
fffffd94
fffffec3
fffff900
ffffe9c5
ffffdfec
ffffeee5
ffffef2b
fffff5f8
fffff89e
fffff05b
ffffe6f2
ffffedc6
ffffef3f
ffffebcc
fffff9b7
fffffd4e
fffff68c
fffff69f
fffff322
fffffbdc
ffffe71c
ffffebe6
fffffc42
fffffb63
fffff624
fffff5ee
fffffa4c
fffffb3a
fffffba3
fffff8a9
fffff944
fffff8ae
fffff702
fffff82c
fffff5bb
ffffe84a
ffffebf0
ffffecee
ffffef6f
fffff20e
fffff63f
ffffee10
ffffe836
fffff390
fffff195
ffffeed5
fffff506
fffff396
fffff36b
fffffa8a
fffffee8
fffffc72
ffffdcf3
ffffe327
ffffefb3
fffff7f6
fffff5a3
fffff67d
fffff4d1
fffff7f3
fffffa8f
fffff6a7
fffff4ab
fffff4e3
fffff82e
fffff61b
fffff9e9
fffff2b1
ffffeb43
ffffefce
ffffee7f
fffff1e6
fffff858
ffffecba
ffffe9d2
fffff0e4
fffff08a
fffff0f7
fffff1c7
fffffb0a
fffff845
fffffd8d
00000741
fffffe46
ffffef77
ffffdc4b
ffffdc5e
fffff02b
fffff9c3
fffff72d
fffff874
fffff986
fffff71f
fffff545
fffff48d
fffff59f
fffffb08
fffffa50
fffff6c0
fffff110
ffffe7e1
ffffedde
ffffef56
fffff360
fffff8e4
ffffebe8
ffffe899
ffffee00
ffffec8a
fffff14e
fffff561
fffffcc9
fffffce3
fffffb39
00000661
0000063c
fffffe2e
ffffdb24
ffffd2a0
ffffe52f
fffff269
fffff51e
fffff691
fffff9bc
fffff712
fffff6d9
fffff458
fffff6be
fffff69e
fffff27d
fffff400
fffff079
ffffe653
ffffeef8
ffffee55
fffff0a3
fffff7e4
ffffedd8
ffffe8a0
ffffee5f
ffffed76
fffff0ee
fffff464
fffffb75
000003d2
00000326
fffffef0
00000017
00000a2e
fffff89a
ffffcb44
ffffd671
ffffe8a2
fffff222
fffff677
fffff890
fffff53c
fffff6bf
fffff94a
fffff859
fffff63f
fffff366
fffff392
fffff243
ffffe7f8
fffff3b8
fffff16f
fffff1d4
fffff8a2
ffffea1f
ffffe9a8
ffffefb5
fffff0b8
fffff2ea
fffff51c
fffff913
0000016e
0000000d
fffff635
fffff537
00000b56
00000bb0
ffffdcf3
ffffd6dd
ffffdc0c
ffffe280
fffff0bd
fffff6df
fffff6f2
fffff742
fffff9cf
fffff6c1
fffff58f
fffff0de
fffff3ca
fffff26f
ffffe7c2
fffff4d7
fffff670
fffff9c7
fffff8e3
ffffede4
ffffe968
fffff12e
fffff55b
fffff2e2
fffff6be
fffff613
00000517
00000379
fffff183
fffff2d4
00000554
00000c23
000004b3
ffffe87d
ffffddb7
ffffd1e6
ffffe354
fffff3e0
fffffa60
fffffd21
fffff50e
fffff4d4
fffff53d
fffff351
fffff26a
fffff3e1
ffffe753
ffffef58
fffff8de
fffffbc0
fffff9ba
fffff308
ffffeff3
fffff362
fffff795
fffff265
ffffede1
fffff4be
fffffcee
0000045c
fffffc2f
fffff9fb
0000088d
fffffab2
fffff84c
fffff9a6
ffffeefa
ffffc890
ffffdcd1
fffff7d3
00000048
000000c0
ffffed88
ffffe9fa
fffff8d9
fffff113
fffff1cd
fffff4cd
ffffebb0
ffffe9b1
fffff4fd
fffffd16
fffff9e1
fffff320
fffff214
fffffa06
fffff744
fffff4a1
ffffef4e
fffff318
fffffaee
0000024e
0000034d
fffff5a7
000004c2
fffff4ef
fffff0e8
fffff0e8
fffff6a5
ffffe833
ffffe997
fffff9c8
00000648
0000075e
ffffe355
ffffea10
fffff911
fffff1e8
ffffeab5
fffff5af
fffff6dd
fffff35e
fffff0d5
fffff37a
fffffa36
fffff87a
ffffefe9
fffff9fb
fffff1a2
fffff5da
fffff928
fffff2a7
fffff5fa
fffff4bb
fffffcd3
fffff14e
0000014d
fffff09b
fffffde2
fffff8db
fffff5da
fffff80b
fffff890
fffffe92
00000329
00000d24
ffffec2a
ffffec73
fffff6b3
fffff3cb
ffffe69d
ffffe8cf
fffff1e8
fffff50d
fffff6e1
fffff3d0
fffff8d7
fffff76f
fffff02c
fffff631
fffff458
fffff601
fffff135
ffffefbd
fffff53b
fffffce3
fffff74e
ffffe8ef
ffffeb1c
ffffeee5
000000bf
fffffc0c
000007a7
fffff3c9
ffffeeea
fffffb3c
fffff1bc
fffffd1d
fffffbc1
ffffe900
fffff1b9
fffffc9f
ffffeb2b
ffffe9bd
ffffe797
ffffe6aa
fffff79a
fffff65c
fffffe73
fffff741
fffff4dd
fffff55a
fffff3c6
ffffeccf
ffffea71
ffffed62
ffffea08
fffff3b7
fffffe0f
fffff1f8
ffffe991
fffff8d0
000002a2
fffffd94
0000038c
fffff8d7
ffffefde
ffffe98e
ffffee73
fffff46f
000000d9
ffffebfe
ffffdba7
fffffd8c
fffff722
fffff374
ffffd562
ffffe3f2
ffffe579
ffffef94
fffff933
fffff7b5
fffff161
fffff6bf
fffff406
ffffeeec
ffffeb71
fffff3cc
fffff4e5
fffff3c2
fffff241
fffff307
ffffea10
fffff662
fffffe6d
fffffa52
fffffa00
0000001c
fffffb50
ffffe0a7
ffffe579
ffffee53
fffff1c5
ffffeb1a
fffff144
ffffff6f
fffff997
fffff889
fffff2e3
ffffeccb
ffffea36
ffffebd2
fffff6c7
fffff69f
ffffe87e
fffff356
fffff5fa
fffff4b5
fffff05a
fffff16f
fffff4bd
ffffeeeb
ffffe88b
ffffe59c
ffffdf90
ffffeaf2
fffff269
ffffebf2
ffffe84d
fffffbfa
fffffc8c
fffff312
ffffeae2
ffffed93
ffffe4bf
fffff03a
fffffb0c
fffff3c2
fffff269
fffff938
fffff8f2
fffff2dc
ffffee02
ffffea11
fffff2ce
fffffdd0
ffffdd40
ffffdb49
ffffe22a
ffffeafe
ffffe9cb
ffffe4bd
ffffe2ef
fffff1ab
ffffeebc
ffffeb00
ffffe42c
ffffd744
ffffd9a9
ffffe1b2
ffffdfc7
ffffdff3
ffffed9d
ffffefaf
ffffe0d5
ffffec12
ffffebeb
ffffddb7
ffffe337
ffffe707
ffffe6fb
ffffeb5a
fffff5c5
ffffe303
ffffdb0e
ffffe358
ffffe39a
fffff43a
ffffe24e
ffffd836
ffffdf53
ffffe2e4
ffffea84
ffffe865
ffffe586
fffff0cf
ffffeba2
ffffe7f6
ffffe94d
ffffe14b
ffffe07c
ffffed17
fffff0d3
ffffe2e5
ffffe9c9
ffffef10
ffffea50
ffffed6e
ffffebde
ffffe556
ffffea81
ffffef78
fffff083
ffffed11
fffff28f
ffffe38f
ffffe73f
ffffe4a1
ffffe2d6
00000d63
00000506
00000437
000002e7
0000037b
000001d4
00000338
00000510
00000815
00000988
00000ac0
00000abc
000009c5
000009f6
00000a83
000005b6
00000915
00000cb9
000006e7
00000965
0000106e
00000a53
00000a5d
00000791
0000039c
00000149
00000482
000002e0
00000793
0000084d
00000596
000004de
0000125c
0000197e
000011f9
0000144d
000011b1
00000d7b
00000e4a
00000c40
000014c8
00001850
00001565
000015fa
00001427
000013dc
00001575
00000f6b
0000150c
0000106d
00001199
00001081
00000e83
00000e77
0000104a
00000fdc
000011c7
000011fb
000014a3
000011e2
0000117b
00000c50
00000487
00000f6a
00001ae6
00001978
00001a16
00001907
0000172f
0000188e
00001409
0000158d
00002bc0
0000251b
00001917
000018c4
00001866
00001681
00001615
000019a1
00001fb2
00001a28
000011ac
00000be1
000008bd
000013a2
00001869
000017a6
000017e9
0000160f
00001574
00001497
000014ca
00001461
00000bd6
00001270
00001af9
00001885
000016a0
0000138e
000015bf
00001816
0000222a
000033be
000027f1
00000f52
0000049b
000014ac
00001a6b
00001674
0000131e
000019a6
00001d30
00001b8a
00001596
00000d1e
00000f23
000016b4
00001888
00001936
00001391
000014fe
00001485
0000145e
0000119b
00000f2a
00000a53
00001197
0000193a
00001145
00001622
000012fb
000010e7
00001358
00002893
00002c07
fffffce4
ffffe372
fffff710
000008dd
00001b32
00001982
00000dd4
00001092
00001549
00001646
0000118b
00000e0d
000012d0
00001a86
0000164e
000015d7
0000147d
00001445
00001457
00001540
00001605
0000115f
00000c6e
00000efb
00001718
00000ccc
00000e54
00001295
00001407
00001613
0000244a
fffff90a
ffffcd80
ffffd66c
fffff191
00000b43
000017f6
00001c87
00000b22
00000aa2
00000d60
0000119f
00001006
00000b1d
00000c37
00001392
00001698
0000146e
00001095
00001251
000013de
00001467
00001648
00001295
00000c20
00000d74
0000185f
00000a36
00000cd5
00000af3
000014cb
00002914
000026da
00000366
ffffc816
ffffec8a
ffffffbf
000008ec
00002887
00002349
000015f1
000015e5
00000e51
000010a1
0000117e
000006ed
00000851
000010ce
0000126b
0000134a
000011ba
000010a1
00000f6c
00001024
000012c4
00000ecb
00000ea7
00000dfc
00001c4c
000018a0
00001539
000011f9
00001166
00002629
0000185d
00000f5a
ffffe8db
ffffef3f
00000b17
000023e8
00003c9e
000031ac
00001bfe
000019d0
00001ca3
00001611
000014e5
000015ce
00001eb7
000021e5
00001e8b
00001c05
00001978
00001acf
000016ad
000018b6
00001988
0000174c
00001438
00001206
00002667
0000164c
00001f5c
00001b9f
fffffad8
fffffb4e
fffffd36
000014d8
000009f1
0000093b
00001b72
00003ef4
00003d75
000046a8
00003035
00002a04
0000222b
000023ef
000025e3
00002809
00002ee5
00002d8e
0000243b
000028ca
000023e3
00002d09
0000261f
00001fea
000022f7
00002018
00001975
00001ad1
000021b9
0000139e
00001914
00001be0
00000b5f
fffffcb2
fffffa37
00001ded
0000327d
0000392b
00003cef
00003e72
000020b1
000043bd
00004a68
00003e6f
00002a66
00001d3c
00002853
000026a2
00002ce2
000024da
000022cc
00001e3b
00001adc
00001f8e
00002058
000021e3
00001e07
00001f47
000018b8
00001e2e
00002508
00000eab
00001453
00000e8c
00000309
ffffdb77
ffffd4ed
00001031
00003cec
00004b05
00003db2
00001df0
000007ff
000018de
0000338c
0000350c
00002202
000006d3
0000144e
0000195f
00001c18
000016ef
000016a5
00001078
00000f92
00000ea4
0000126d
00000e82
000010f5
00001701
00000f5e
0000198d
0000233e
000009dd
00000eeb
00000af0
fffffea4
fffff378
ffffd9ec
ffffec58
00000f31
00003d37
00001ac8
00000262
fffffb9e
fffff10e
fffff2c6
fffff851
00000189
00000e1c
000016c4
000011e2
00001452
00000dbb
00000c66
00000c37
0000126e
00000f14
00000edf
00000b01
00000c56
00000e57
0000019a
00001447
00002113
00000407
000006ff
00000623
00000453
ffffff1a
fffffd0a
fffff859
000001dd
000003db
fffff961
fffff0bc
fffff20a
ffffe921
ffffc487
ffffc0c9
ffffe1ef
fffffbec
fffff804
ffffec06
fffff552
fffff575
fffff7f4
00000a32
00000cff
0000002d
00000063
00000439
0000057a
00000a80
fffff7a7
00000c98
00001cc4
00000523
00000651
ffffffcf
0000017c
fffffc91
fffffaaa
fffff2cf
fffff658
fffff819
fffff0a4
ffffd40f
ffffdc58
ffffc726
ffff9e5a
ffffb509
ffffec7a
fffff82f
ffffee8c
ffffd36e
ffffd5f7
ffffd928
ffffd7bf
ffffe3c1
fffff12b
fffffcfa
ffffff7c
00000341
fffffea0
0000070f
fffff588
0000045c
00001652
000001c9
fffffe22
fffffd3d
fffffee8
fffff3eb
fffff471
ffffeefd
fffffa05
fffff451
ffffdf06
ffffb90e
ffffbf11
ffffb4fc
ffffac90
ffffd329
ffffe912
fffff7a9
ffffe872
ffffd94e
ffffddd8
ffffdce6
ffffdd48
ffffddfa
ffffe428
ffffee2d
fffffd02
ffffff7b
fffffe07
0000018f
fffff046
fffffeda
00000e92
fffffaa2
fffffaee
fffffa69
fffffa0a
fffff306
ffffeabd
fffff142
fffff80f
fffffe37
ffffe55c
ffffbbaf
ffffad06
ffffc58e
ffffda34
ffffee51
fffff537
fffff720
ffffeaab
ffffe313
ffffee46
fffff13e
fffff0bc
ffffeb56
fffff272
fffff2aa
000000b4
fffffe58
fffffcb0
fffff86c
ffffe7df
fffff83e
000012d5
0000002a
fffffefe
fffffd3a
fffff558
ffffef0f
ffffe494
fffff176
fffff966
00000d58
000003d5
ffffda32
ffffcc4a
ffffde6c
fffff359
fffff692
fffffbf0
fffff8bb
ffffff33
00000252
000003eb
fffffead
fffffcba
ffffeee7
fffff8cc
00000168
0000007b
0000115c
fffffae4
fffff2e7
ffffe8c0
fffff5f4
0000118a
00000843
000002b9
000000fe
fffffdd0
fffffaa1
ffffe3ed
fffff2b0
ffffef8f
00000fa3
00002b7a
00001c58
00000bbf
fffff0a2
fffff954
fffffd42
fffffd6d
fffffe01
00000438
00000ac4
000008fe
000008fd
0000060d
fffffc9d
ffffffd0
0000026a
0000000d
0000139d
00000482
fffff65e
fffff13d
fffffb77
00001133
00000a5b
00000551
0000059b
00000890
000008ab
ffffea3b
ffffec15
ffffef12
ffffff08
000022bb
00001e29
00002191
000007f3
fffff643
fffffd4f
ffffff1e
0000028a
000005f0
00000625
00000d0d
000009f4
0000086e
00000169
fffffff2
000002bf
000005a4
00000cfb
00000979
fffff909
fffff9dd
00000659
00000f38
000008ce
000004f4
000005d9
00000e99
00001453
fffffee8
ffffe558
ffffe691
ffffe880
fffffda9
00000103
00001ebb
00001504
000000cc
000006d6
00000126
0000036e
00000170
00000551
00000952
000009d4
000004c9
0000038d
000002fd
00000532
000004b3
00000bc5
00000a1b
fffffd45
ffffffc8
00000b45
0000109a
00000a35
00000938
00000a89
0000127a
0000140a
000008e4
ffffe24c
ffffe1af
ffffdfd0
ffffeaf6
fffffd04
000026a5
0000313e
0000384c
00001dc2
00000a8d
fffffc2f
000001de
00000112
00000a97
00000db7
00000870
00000646
000005df
000007f9
00000254
00000fe8
000012db
00000599
00000804
00000d8e
000014e0
000013ed
00001094
000013db
00001703
00001a45
00001511
fffffa18
ffffe125
ffffde73
ffffe17a
ffffefc6
0000140f
000040ec
00004fc6
000036b8
000015f1
fffffae0
0000031d
000003eb
00000ae4
00000ed5
00001091
0000072a
0000092d
000008a0
0000072d
00000ffe
00001288
00000d8e
00000d28
0000107c
000015e6
00001ac8
000019cd
00001e37
000020c4
000027e7
0000271e
00000f3f
fffff18f
ffffea7a
ffffe911
ffffe484
fffff38b
000002c7
00001ec4
00001c4d
0000191a
00000a57
000012af
000008e8
00000eb5
00000718
00000a77
00000954
00000a0d
00000c03
00000d69
00001287
0000174c
00000de5
00000e9c
000011af
00001bab
000022fa
000024c2
00001f62
000025a7
000025a8
00001e72
00001976
00000525
fffff1fb
fffffc50
ffffe8f7
fffff4c1
ffffee71
00000907
0000185f
00001cbb
00001de1
000022b3
00001c9b
00001c45
00001f27
0000104b
00000707
000009e9
00000a42
0000129f
00001b52
00001886
00000c19
00000ebe
00001685
000016f6
00001e14
000019a4
000016f8
000017c0
0000158f
000010d2
00000fef
000015e8
ffffffa4
0000127f
ffffefbf
fffff101
ffffe50f
0000013f
000005ff
00001174
00001274
00001d4f
00002afe
000021cc
00002940
00001324
fffff883
00000e7e
00000ee8
00000c59
00002527
00001fd9
000016ef
0000104d
00001e2c
00001bc9
00001910
00001b5b
000013a9
0000130e
00000bb7
00000854
0000030d
00000229
fffff5e3
000009cf
fffff6b8
fffff0aa
ffffe033
fffffe44
000004f6
00000310
fffffe79
00000a84
0000104a
0000129b
0000161d
0000205f
000006e9
0000137a
00001c5f
fffffecc
000011c6
000011f7
00001453
00000b06
00001ce8
00001f00
00001645
00001770
000010c8
00000f03
00000db3
00000a05
000007cb
fffffb10
0000062d
0000051e
fffffc0f
fffff098
ffffdb30
ffffeaeb
fffff886
0000066c
fffff336
fffffbe8
fffff852
fffffcf8
00001196
00001d07
00002434
0000250f
00001e8f
00000600
000011f8
00000d7a
0000099e
00000319
00001330
00001954
000011f2
00000fcb
0000063d
0000035b
000008cb
000013db
0000121e
00000eaf
00001518
fffffea2
ffffff6f
ffffebad
ffffdae7
ffffdd17
ffffec3e
000009cf
00000ae0
fffff934
fffff634
ffffedda
fffffd89
0000293c
00002262
00003100
00003688
00002942
0000240c
00000af5
0000012f
fffff651
00000414
00001c72
0000082f
00000559
0000029e
00000f23
00001147
00001a01
00002289
00001ad7
00000a03
00000651
00000eb2
fffffb75
fffff458
ffffe778
fffffbdc
ffffff6a
fffff90b
fffffd7d
000008cd
000011b8
000009e5
00001d9c
00002263
00001637
00002662
00001987
000021ef
0000168f
00000141
fffffc93
00000713
00001988
00001317
00001329
00000c1a
00000f7d
00001939
00001cc8
00001ba8
00000fa3
00000d80
000002e6
fffffede
fffffad3
00000602
00000922
000004f4
00000494
000004ac
00000599
00000b5c
00001187
00000afb
fffffc5c
0000060d
fffff3ae
0000034f
00000837
00001470
000008cb
00000bba
00000087
0000136c
00001f3b
0000128b
000018c8
000016f4
000012dd
000012ec
00000fa5
000003c5
fffff743
fffff9ab
00000b20
ffffff4f
0000049e
000007b3
ffffffd7
fffffd9d
0000053a
00000d16
00001364
00001174
000013f6
00000bfd
00000c0c
000001ed
fffff830
fffffc5e
fffff615
fffff3ec
000003c8
0000100b
00000664
00001814
00000399
fffffbd4
00000634
fffff851
fffff86e
fffff6ba
ffffeca7
fffff3dc
ffffe474
fffff482
fffffb10
fffffbce
00000143
fffff857
ffffed2d
ffffe994
fffff514
ffffeac2
fffff75b
0000036c
ffffffc6
fffffe73
fffffc08
fffff3aa
ffffe617
ffffedf2
ffffec06
ffffe8f9
fffffda4
00000335
fffffc40
00000783
ffffe2b1
ffffde89
ffffe0b4
ffffdff0
ffffddbb
ffffdbc3
ffffdc91
ffffdf9b
ffffdced
ffffdb70
ffffd8a4
ffffdba5
ffffdf36
ffffde5b
ffffdbc9
ffffdc03
ffffdd39
ffffe123
ffffe0ef
ffffe0c2
ffffe19f
ffffdfad
ffffe36a
ffffe5e1
ffffe28c
ffffde21
ffffe80e
ffffe1f2
ffffd5b2
ffffd4cb
ffffe44d
ffffec32
ffffdf18
ffffd7bf
ffffe1ff
ffffde69
ffffdde0
ffffda16
ffffdd2c
ffffde44
ffffdd51
ffffd6a7
ffffd625
ffffdda0
ffffe4b6
ffffe8c1
ffffe2f5
ffffe137
ffffde05
ffffdeaa
ffffdd13
ffffe1a6
ffffe48f
ffffe049
ffffdb4b
ffffdfc8
ffffdc92
ffffd65f
ffffdbe0
ffffe5eb
ffffe1fe
ffffdfea
ffffda5e
ffffe0a8
ffffea18
ffffd839
ffffe20d
ffffdbe7
ffffddc3
ffffd99b
ffffda2b
ffffd6a4
ffffcf03
ffffcb87
ffffcff4
ffffdd12
ffffe52a
ffffe597
ffffdc62
ffffdfec
ffffe2fa
ffffe0d2
ffffd7a1
ffffdd38
ffffe367
ffffdf31
ffffdf95
ffffe1bd
ffffdfcc
ffffdb6e
ffffda39
ffffe21a
ffffe289
ffffe594
ffffdd99
ffffe662
ffffed71
ffffd4b2
ffffd92f
ffffd331
ffffd60c
ffffcf25
ffffd2ab
ffffbf99
ffffac4d
ffffc93f
ffffe568
ffffe51d
ffffe062
ffffddc9
ffffd7e5
ffffdd78
ffffe1fe
ffffd811
ffffd420
ffffe0ee
ffffe4b3
ffffe1fd
ffffdfcc
ffffde75
ffffd977
ffffd569
ffffd94a
ffffe0ae
ffffe5c9
ffffe428
ffffdfdc
ffffe696
ffffe06e
ffffca62
ffffd74e
ffffd95a
ffffcf90
ffffd05c
ffffab2f
ffffad6e
ffffce69
fffff47b
fffff603
ffffe93a
ffffd7b3
ffffda2a
ffffd1e9
ffffdbb1
ffffdb9a
ffffd57a
ffffd707
ffffe531
ffffef63
ffffe8b2
ffffda09
ffffd3ee
ffffd470
ffffd9d0
ffffd93c
ffffd9c8
ffffdd88
ffffe016
ffffdcca
ffffe62a
ffffd80d
ffffc9e5
ffffdb56
ffffdfa2
ffffd5eb
ffffd906
ffffb358
ffffc4f1
ffffecaa
00000a1d
fffff265
ffffecf0
ffffd9ed
ffffc8ce
ffffcee4
ffffdeb7
ffffe27a
ffffd479
ffffdec1
ffffe5e3
ffffdf24
ffffd904
ffffd43b
ffffd357
ffffd796
ffffdb85
ffffd9df
ffffdac8
ffffdf72
ffffdeb5
ffffdba6
ffffe77e
ffffdb4c
ffffcf89
ffffe13b
ffffe3ce
ffffccb0
ffffa46e
ffff8789
ffffa11b
fffff82b
fffff723
ffffe6af
ffffdf7a
ffffce14
ffffb371
ffffccdb
ffffdf71
ffffe152
ffffdd96
ffffe53b
ffffea75
ffffd76d
ffffd06d
ffffda33
ffffd8dd
ffffddfc
ffffdd20
ffffddbf
ffffd959
ffffe432
ffffe742
ffffe198
ffffe8d6
ffffe193
ffffcb37
ffffe055
ffffe4ab
ffffc7db
ffff91e0
ffffd1b2
ffffca87
ffffe8a7
ffffe516
ffffdf4f
ffffd3d5
ffffc549
ffffb9b3
ffffc19d
ffffdda1
ffffd971
ffffdb01
ffffe38b
ffffe8d9
ffffcd9a
ffffd531
ffffdb95
ffffd2ac
ffffd919
ffffda88
ffffdc67
ffffcc4f
ffffd9e3
ffffe249
ffffdd19
ffffe215
ffffdb3e
ffffc7fb
ffffdab6
ffffe31e
ffffe0d8
ffffb859
0000001a
ffffe9b5
ffffdee9
ffffd9fb
ffffda75
ffffaac3
ffffaebc
ffffb140
ffffa212
ffffbbeb
ffffd726
ffffdaf8
ffffdeb3
ffffe489
ffffd76b
ffffcb1e
ffffd036
ffffce6c
ffffd132
ffffdd56
ffffd484
ffffcf76
ffffd1ce
ffffdc04
ffffdc0b
ffffd5cc
ffffbf9d
ffffae75
ffffcdc4
ffffd558
ffffe67d
ffffe75e
fffff3bc
ffffdf48
ffffbf6e
ffff983a
ffffa361
ffffaaa1
ffffd490
ffffc889
ffff9ca3
ffff838c
ffffa5fb
ffffcefb
ffffe13b
ffffe190
ffffdae4
ffffc27f
ffffc267
ffffc547
ffffd5a9
ffffd567
ffffcf98
ffffd10d
ffffd326
ffffd7d2
ffffdce9
ffffdb1e
ffffc6f9
ffffb580
ffffcc01
ffffc7a8
ffffcca1
ffffd000
ffffd30e
ffffdc57
ffffcb7a
ffff997b
ffff89d7
ffffbcae
ffffe3fa
fffffa35
ffffd59d
ffffad02
ffff8c57
ffffac61
ffffb93e
ffffb651
ffffb4c6
ffffb99e
ffffbedb
ffffc32f
ffffcbaa
ffffc26c
ffffc06f
ffffc1fd
ffffc669
ffffc9cd
ffffce07
ffffd8c2
ffffd4b5
ffffcdfb
ffffeb0e
ffffe1e5
ffffdbf0
ffffdbf7
ffffca17
ffffcb03
ffffd8bd
ffffb094
ffffc82c
ffffde70
ffffe80f
ffffec4b
00001179
fffff9c3
ffffb77a
ffffaad4
ffffb26c
ffffbbfe
ffffbc94
ffffc8d6
ffffd201
ffffd56f
ffffd572
ffffd19f
ffffd660
ffffda64
ffffdfba
ffffdac0
ffffd98c
ffffe739
ffffd7da
ffffd468
ffffec66
ffffeda1
ffffe445
ffffe8f6
ffffdf13
ffffe59f
ffffe58f
ffffee8f
fffffa50
00000182
fffffd44
fffff96e
00001e98
00002188
000003bd
ffffed87
ffffe12c
ffffe837
ffffd778
ffffda0b
ffffcfb1
ffffc80f
ffffc92d
ffffd640
ffffe627
ffffe80e
ffffeae1
ffffe624
ffffe7aa
fffff339
ffffd75d
ffffd0ce
ffffe482
ffffec9b
ffffe894
fffff553
ffffe59c
fffff6ca
ffffea85
ffffffb9
00000b55
ffffff28
0000029d
0000071d
00000f36
00002111
0000065d
000007ab
00000ae2
000019e2
00001122
00000f5d
ffffff7e
ffffec3b
ffffded9
ffffca81
ffffce68
ffffe0c4
ffffebf0
ffffe8a4
ffffe7b4
fffff1f8
ffffda74
ffffd4fa
ffffe9b0
ffffee11
fffff382
0000008c
fffff571
000006a2
fffff471
fffffea4
fffffe8d
fffff2ee
ffffff03
0000085c
00000d67
0000040b
ffffed26
fffff0e6
fffff2a4
ffffeed0
fffff95e
000009f1
000007c5
00000788
000010ce
00000322
ffffd363
ffffd1a8
ffffe4c7
ffffdfee
ffffe3db
fffff1aa
ffffe0f8
ffffda47
ffffec2b
ffffefa9
fffff7a0
00000094
fffff83b
000005a1
fffff48d
ffffef63
ffffef9d
fffffd5b
fffffbb5
0000043b
00000a0b
fffffc57
ffffec0e
ffffe73e
ffffe48e
ffffe0fa
ffffe2fc
ffffec5d
ffffedbb
fffffde4
fffff953
fffffd10
fffff12e
ffffda9f
ffffdbb0
ffffe5c6
ffffe0fa
fffff7d0
ffffde12
ffffda71
ffffea3e
ffffee24
fffff349
fffffcaa
fffff6ca
00000047
ffffed0f
ffffde91
ffffd2c5
ffffd7a8
ffffd286
ffffe772
fffff080
ffffeb63
ffffe7d8
ffffe521
ffffe212
ffffe1d5
ffffde82
ffffe376
ffffe280
ffffece9
ffffee42
fffff3c5
fffff006
ffffddae
ffffd948
ffffe390
ffffe3cb
fffffc1a
ffffd9f2
ffffd1ee
ffffe1ff
ffffe258
ffffe668
fffff3b5
fffff46d
fffffbdf
ffffe981
ffffc9a6
ffffc09a
ffffc203
ffffbd92
ffffd5fa
ffffeacd
ffffe76b
ffffea7f
ffffe709
ffffdf66
ffffdbcf
ffffd9b6
ffffdf01
ffffe2d8
ffffe5e0
ffffe401
ffffed02
ffffde88
ffffd54d
ffffd07b
ffffe2b0
ffffe3a0
fffff745
ffffdc63
ffffcf4d
ffffdd84
ffffdf02
ffffe0c0
ffffeb29
fffff567
fffffec8
ffffed79
ffffdcf7
ffffca9b
fffff2ab
ffffd980
ffffd98b
ffffe518
ffffe226
ffffdf39
ffffe6a6
ffffe5f9
ffffe851
ffffe1eb
ffffdf5c
ffffe507
ffffeb0d
ffffe525
ffffeba9
ffffe3c6
ffffdf23
ffffd662
fffff195
ffffe5d6
fffff2ab
ffffdc9a
ffffd39f
ffffdd34
ffffe06a
ffffe226
ffffeaea
fffffb52
00000b60
fffff747
ffffed82
ffffe63d
00000aa9
fffff5d3
ffffe180
ffffd3e6
ffffdf5f
ffffe280
ffffe868
ffffe900
ffffe8b1
ffffe725
ffffe261
ffffe6bc
ffffeb89
ffffeb4f
ffffebab
ffffe890
ffffe885
ffffd26d
ffffe5f3
ffffe1c0
ffffeab2
ffffdc07
ffffd4bd
ffffdd98
ffffdc22
ffffdda1
ffffe1eb
ffffedaa
fffffd18
fffffe6e
fffffa8b
fffff420
ffffecf0
ffffdf69
ffffbb79
ffff9d26
ffffc0e3
ffffdc82
ffffe8eb
ffffead4
ffffe66e
ffffe3c5
ffffdc1a
ffffe1cc
ffffe08b
ffffe14f
ffffec5d
ffffeb8a
ffffe5e8
ffffd027
ffffe263
ffffe13d
ffffebcd
ffffda26
ffffd343
ffffdb99
ffffda71
ffffdaaf
ffffd6b9
ffffd839
ffffea9e
00000445
fffff4f8
ffffeaf4
ffffe4fd
ffffd6f4
ffffd0e7
ffffbcfb
ffffc0ad
ffffc9aa
ffffd89c
ffffe42e
ffffe097
ffffe130
ffffd90e
ffffdb00
ffffdea5
ffffdb0b
ffffe97e
ffffec4e
ffffe8ca
ffffd3e8
ffffe15c
ffffe21f
ffffeb39
ffffd7fb
ffffcec2
ffffd4c2
ffffd163
ffffcc23
ffffcff2
ffffcf66
ffffca99
ffffd8a6
fffff6ad
ffffeb44
ffffdf47
ffffe111
00000274
fffff19b
ffffdf2e
ffffc6ca
ffffd39a
ffffdde3
ffffe09a
ffffdbc3
ffffe168
ffffe618
ffffe704
ffffdebd
ffffe70f
ffffe613
ffffdf6a
ffffd239
ffffe46d
ffffe261
ffffe81d
ffffdb0f
ffffd185
ffffd6d0
ffffd56e
ffffd565
ffffdb33
ffffd5e0
ffffd620
ffffcb71
ffffdbde
ffffdbca
ffffe9e5
ffffce3d
fffff24b
fffff5f6
fffff82a
ffffdf27
ffffcfec
ffffd757
ffffdc58
ffffd30a
ffffca3e
ffffd80e
ffffe218
ffffe088
ffffe2f3
ffffec5e
ffffe770
ffffcdc3
ffffd470
ffffde91
ffffe680
ffffdc9a
ffffd57c
ffffd989
ffffdca8
ffffe4ce
ffffe364
ffffd703
ffffd9c6
ffffd41b
ffffdb27
ffffcf55
fffff495
ffffd415
ffffec89
ffffe47a
fffffc77
fffff8bc
ffffdeca
ffffce6e
ffffd0cb
ffffddc6
ffffcdda
ffffcec7
ffffdb8d
ffffdc8d
ffffdd94
ffffecaa
ffffdc21
ffffc0d7
ffffc7a4
ffffd285
ffffe064
ffffd7e9
ffffc766
ffffcab8
ffffd3d0
ffffdb5e
ffffd9f3
ffffd66f
ffffe365
ffffde90
ffffed38
ffffd5d2
00001350
fffff646
000009bb
fffffc75
fffff279
ffffebde
ffffe2fc
ffffe250
ffffcaa0
ffffdb41
ffffdfc0
ffffdaf8
ffffe0bd
ffffd915
ffffd7c8
ffffd988
ffffd93f
ffffcba7
ffffdd9b
ffffd581
ffffdb5b
ffffe15c
ffffd57b
ffffd6ed
ffffd307
ffffd498
ffffd7b1
ffffdce3
ffffeafc
ffffe969
ffffdfdf
ffffcaac
fffff558
ffffe560
00000838
fffffc31
ffffebbc
ffffcaf1
ffffc97e
ffffe1e2
ffffd4b1
ffffc445
ffffcd98
ffffc516
ffffdbaa
ffffd133
ffffd278
ffffde2f
ffffcc74
ffffc1e7
ffffe02d
ffffdbfc
ffffe16f
ffffd693
ffffc460
ffffd3f8
ffffd34e
ffffda2f
ffffdc52
ffffdc5c
ffffd5cc
ffffe084
ffffe01a
ffffd3e5
ffffdcb6
ffffcc79
ffffdfa3
ffffe6df
ffffe8db
ffffcaa7
ffffc490
ffffd6f1
ffffdf2c
ffffd75f
ffffd59d
ffffd174
ffffaf85
ffffce97
ffffdc74
ffffe4ca
ffffc348
ffffb44d
ffffcd6c
ffffdc0a
ffffe5dc
ffffcec3
ffffd023
ffffdd07
ffffcfb9
ffffd439
ffffcd94
ffffdbff
ffffc7cb
ffffbc57
ffffc48c
ffffce86
ffffdc74
ffffcfd4
ffffd86f
ffffcd3d
ffffdc26
ffffe672
ffffe0fb
ffffd0c3
ffffc475
ffffbe7a
ffffc0f6
ffffe17c
ffffc13b
ffffc6b8
ffffda31
ffffe9e9
ffffd1ef
ffffc768
ffffd63a
ffffd9a8
ffffe081
ffffcf0b
ffffcb59
ffffda78
ffffd3a1
ffffdd20
ffffdd99
ffffcde6
ffffd07a
ffffd8b1
ffffd058
ffffce95
ffffc905
ffffcb5f
ffffda82
ffffd843
ffffe005
fffff26e
ffffec75
ffffeb59
ffffd9c5
ffffd1ba
ffffc763
ffffc727
ffffcb00
ffffcd35
ffffd727
ffffd922
ffffc6e2
ffffd13f
ffffe3c0
ffffe607
ffffde87
ffffc062
ffffa903
ffffc018
ffffbc23
ffffcee3
ffffcff4
ffffc536
ffffc9ff
ffffd31c
ffffcb84
ffffcac2
ffffc124
ffffc733
ffffceba
ffffd139
ffffcd54
ffffcd73
ffffc586
ffffc2a1
ffffc7a1
ffffda65
ffffe1eb
ffffd8d5
ffffcfe0
ffffd48b
ffffd5d2
ffffcc0e
ffffc9de
ffffc911
ffffc541
ffffd4ac
ffffd842
ffffdfda
ffffcef3
ffffd67b
ffffdc27
ffffe80b
ffffe3fa
fffff00a
fffff9f2
fffff848
fffff31e
ffffdf86
ffffcf99
ffffd1a2
ffffe16b
ffffe882
ffffebb4
ffffe038
ffffd81e
ffffd7b4
ffffddd5
ffffe37d
ffffdd66
ffffd295
ffffe6e9
fffff026
fffff32c
ffffef3c
ffffe330
ffffdf58
ffffe644
ffffcfc7
ffffdc76
ffffda45
ffffd7c9
ffffde9f
ffffdff8
ffffde46
ffffdd55
ffffdb82
ffffdc38
ffffdff0
ffffde34
ffffdbee
ffffdde5
ffffdee5
ffffe1eb
ffffe055
ffffe036
ffffded6
ffffe022
ffffe3b9
ffffddf0
ffffdd54
ffffe053
ffffdfbb
ffffdb58
ffffdfe2
ffffdfc8
ffffdc86
ffffdae4
ffffdeb0
ffffde9c
ffffead9
ffffe667
ffffd66e
ffffd2a6
ffffdd5f
ffffda30
ffffd7de
ffffd3dd
ffffd590
ffffd82b
ffffdb2b
ffffdb12
ffffda03
ffffd9c4
ffffdc86
ffffde96
ffffdcf4
ffffda55
ffffe01d
ffffdd2e
ffffe220
ffffdf1c
ffffd5ab
ffffd9c4
ffffdf9b
ffffdbed
ffffda83
ffffdc0b
ffffd9ad
ffffd3f4
ffffd831
ffffdc13
ffffe077
ffffe804
ffffe497
ffffdfcb
ffffdbed
ffffde1d
ffffda48
ffffd698
ffffd579
ffffd8b7
ffffdaaf
ffffdae0
ffffdbc4
ffffdff7
ffffde89
ffffe21a
ffffe258
ffffdd2d
ffffde55
ffffdf9b
ffffe44a
ffffe1b0
ffffe11b
ffffde01
ffffe07b
ffffe20d
ffffddfd
ffffdc70
ffffdc3c
ffffd913
ffffddd3
ffffe0bc
ffffe370
ffffe71b
ffffe5fc
ffffda64
ffffdc2e
ffffdcff
ffffdc8c
ffffdc35
ffffd63d
ffffd010
ffffd022
ffffd5df
ffffd8e7
ffffdb4e
ffffda45
ffffe1e8
ffffe41b
ffffdcfa
ffffdbb3
ffffdbb5
ffffdcc5
ffffddb2
ffffe328
ffffe3af
ffffe149
ffffe204
ffffdaf5
ffffdabe
ffffdc51
ffffdf3b
ffffddcb
ffffe06c
ffffe30f
ffffe2cd
ffffe258
ffffda31
ffffdeff
ffffda0a
ffffdb0f
ffffcf2a
ffffbe7c
ffff8d4a
ffffb785
ffffc23d
ffffc810
ffffcd21
ffffd90c
ffffde98
ffffe0ac
ffffdae3
ffffdd09
ffffd91a
ffffd7e7
ffffdbdc
ffffda71
ffffdcaf
ffffd901
ffffdf0b
ffffddb5
ffffd6af
ffffd7e7
ffffdf27
ffffdd48
ffffe0c6
ffffe384
ffffe447
ffffdd2c
ffffd694
ffffdf23
ffffddd4
ffffdb8c
ffffddf1
ffffbc8b
ffff82ae
ffffa6de
ffffd1d4
ffffd532
ffffc955
ffffd21f
ffffdac9
ffffddd5
ffffde29
ffffdf41
ffffdc2d
ffffdba3
ffffd7ce
ffffdaa4
ffffd783
ffffd679
ffffd960
ffffde10
ffffd96c
ffffd81b
ffffdaa1
ffffde8f
ffffdf43
ffffe08f
ffffe316
ffffe382
ffffd99e
ffffe3fc
ffffe2e2
ffffe010
ffffd3d8
ffffad04
ffffb287
ffffd193
ffffdef0
ffffd865
ffffdd9e
ffffd549
ffffe4dc
ffffe62f
ffffe5c7
ffffe8de
ffffe57a
ffffe0f5
ffffde9a
ffffde1f
ffffdf0a
ffffe5b2
ffffdc5e
ffffdce6
ffffdcff
ffffe00a
ffffd7f2
ffffde1f
ffffde80
ffffe2eb
ffffe5cc
ffffe260
ffffdd2f
ffffe6fd
ffffe6cf
ffffd3f7
ffffe4f0
ffffca6a
ffffbfc6
ffffd52d
ffffdf82
ffffe361
ffffe742
ffffc917
ffffda26
ffffde5c
ffffde78
ffffe805
ffffeedf
fffff122
ffffef88
ffffec38
ffffebb4
fffff1e3
ffffe687
ffffe978
ffffe8e0
ffffe923
ffffe58a
ffffe7aa
ffffebcc
ffffed93
ffffebf8
ffffcfae
ffffc672
ffffd3de
ffffdb55
ffffca46
ffffc656
ffffdfb9
ffffdf35
ffffe733
ffffe463
ffffe261
ffffe8c5
ffffd6e2
ffffd586
ffffcf9c
ffffd598
ffffd8d0
ffffe0c2
ffffe9f7
ffffe5c8
ffffde1e
ffffd9d1
ffffd706
ffffd829
ffffdc59
ffffd7f8
ffffdaef
ffffdb79
ffffdb06
ffffdadf
ffffdee2
ffffdbe1
ffffc5aa
ffffcd91
ffffd1d8
ffffc5fa
ffffc71e
ffffb810
ffffc61e
ffffe66c
fffff225
ffffe42f
ffffec98
ffffe67d
ffffdd35
ffffd6cb
ffffcf0a
ffffdf7e
ffffd6b0
ffffc7db
ffffcd8a
ffffc40c
ffffb8a9
ffffc322
ffffbf5e
ffffd2cd
ffffc987
ffffc24e
ffffc4ce
ffffc3d7
ffffc9cb
ffffc056
ffffcb28
ffffc52b
ffffccbe
ffffd3a0
ffffdc76
ffffe0eb
ffffcd93
ffffd945
ffffcee9
ffffc0ac
ffffe0b5
ffffed0e
ffffe3b6
ffffe133
ffffd747
ffffde56
ffffd10a
ffffc806
ffffd4d1
ffffd683
ffffd597
ffffd43f
ffffd54a
ffffdf37
ffffdad5
ffffdd4e
ffffd709
ffffd9f7
ffffd4a5
ffffd9e3
ffffdad5
ffffd22f
ffffd7c8
ffffd6d0
ffffd2ce
ffffd124
ffffdfb5
ffffdb90
ffffd09b
ffffe130
ffffe9e1
ffffd3c0
ffffd9a0
ffffcd51
ffffd3ac
ffffdcec
ffffe708
ffffe289
ffffe8cc
ffffc7f8
ffffafc3
ffffc873
ffffce2b
ffffd186
ffffd415
ffffd454
ffffd073
ffffcbde
ffffcf5a
ffffd886
ffffdbf5
ffffde6d
ffffd97e
ffffdb93
ffffda91
ffffdf10
ffffd0a0
ffffd0b7
ffffe024
ffffe05c
ffffe0d1
ffffdf7c
ffffed54
ffffec91
ffffc1fd
ffffd499
ffffce60
ffffe894
fffff445
ffffe838
ffffe954
ffffd198
ffffb004
ffffacac
ffffaccb
ffffbdce
ffffcbc1
ffffcb9f
ffffd0ae
ffffc94f
ffffcc99
ffffd9cc
ffffd6fd
ffffd646
ffffd7ee
ffffdcdf
ffffdbe0
ffffd7a8
ffffd1b1
ffffcfac
ffffdfdc
ffffe103
ffffe12a
ffffe211
ffffe643
fffff4b3
ffffd9d1
ffffd9b1
ffffe2a9
fffffe5a
fffff4ee
fffff089
fffff3bf
ffffed48
ffffcd35
ffffb704
ffffb7c6
ffffb7f9
ffffbb2d
ffffbfde
ffffc370
ffffb89b
ffffad98
ffffc179
ffffdcb7
ffffd107
ffffdc5e
ffffe1ad
ffffdf21
ffffdaeb
ffffd87c
ffffd308
ffffdecb
ffffe150
ffffe355
ffffe3da
ffffea72
fffff032
ffffe273
ffffe4e5
ffffea98
00000201
00000428
fffff856
fffff586
ffffe9b6
ffffdff7
ffffd6df
ffffd016
ffffcfb3
ffffd426
ffffd529
ffffd1d1
ffffc5d1
ffffc115
ffffad46
ffffc217
ffffcb17
ffffd7f1
ffffe386
ffffdd2e
ffffe01d
ffffdc6d
ffffd934
ffffdd7d
ffffe418
ffffe46b
ffffe08a
ffffeb8b
fffff256
ffffe69b
ffffdf5d
fffff5d5
fffffe3a
fffff26b
fffff234
ffffe9aa
ffffddc6
ffffda34
ffffdaf9
ffffd7dd
ffffdc09
ffffe48b
ffffe24f
ffffdfd3
ffffda72
ffffd744
ffffc6be
ffffbd8b
ffffc9d7
ffffced3
ffffdf37
ffffd8fa
ffffe040
ffffdc55
ffffdb04
ffffe08d
ffffe30b
ffffe298
ffffe132
ffffec8d
fffff642
ffffe592
ffffe848
fffff6cb
000004f6
fffff387
ffffeeff
ffffe1cd
ffffdb14
ffffd654
ffffddee
ffffdb29
ffffd854
ffffd8f0
ffffd79e
ffffe19c
ffffe4e8
ffffdcc9
ffffdb6f
ffffcde8
ffffc95b
ffffd15b
ffffdae2
ffffdbe1
ffffe118
ffffdedf
ffffdb01
ffffde78
ffffdffc
ffffdcdb
ffffdf62
ffffee87
fffff70a
ffffe90d
ffffe36c
fffff482
fffff12b
ffffe6b2
fffff061
ffffda92
ffffd0f1
ffffd65e
ffffd90f
ffffd660
ffffdb1d
ffffda9b
ffffd977
ffffd951
ffffdd50
ffffdaf9
ffffdde2
ffffe000
ffffd675
ffffd444
ffffd904
ffffdc69
ffffe57b
ffffdeac
ffffd684
ffffdf8e
ffffdc34
ffffdb4a
ffffdc03
ffffea91
fffff369
ffffe7c4
ffffd5e2
ffffda06
ffffe3f5
ffffdd1a
ffffe9da
ffffdb99
ffffd35d
ffffd824
ffffd781
ffffd887
ffffd983
ffffda4c
ffffd7a8
ffffd929
ffffd7e6
ffffdfc2
ffffdde0
ffffe30d
ffffe449
ffffd6a4
ffffda4c
ffffdc1e
ffffe548
ffffdcd8
ffffd02b
ffffda2e
ffffdd60
ffffdb9d
ffffdd94
ffffe829
fffff386
fffff41f
ffffdaae
ffffd292
ffffdf0e
ffffeb5c
ffffe5a1
ffffe461
ffffdd16
ffffdb93
ffffd9fc
ffffdbc1
ffffdd10
ffffd9db
ffffd956
ffffda7c
ffffde49
ffffdac9
ffffd8a9
ffffe432
ffffe8c8
ffffda5b
ffffdb34
ffffde2d
ffffe3a4
ffffdbdc
ffffd27c
ffffd9da
ffffdb5c
ffffdc69
ffffdf71
ffffe2d3
fffff47c
fffffb25
fffff0c8
ffffe1a2
ffffdc86
fffff42f
ffffeaac
ffffe5c2
ffffe57a
ffffe484
ffffdddc
ffffdae2
ffffdc64
ffffdb96
ffffdb5f
ffffddf8
ffffdc5a
ffffd84b
ffffd797
ffffe267
ffffe384
ffffdb52
ffffdedf
ffffe309
ffffe38c
ffffdd53
ffffd227
ffffdb81
ffffdc12
ffffdf80
ffffdf3a
ffffe2bd
ffffecd1
fffff3c8
fffff3f3
fffff7ca
ffffe313
ffffe4c0
ffffe035
ffffe8be
fffff12c
ffffe6f1
ffffe532
ffffdea7
ffffdc1f
ffffe05a
ffffdb8b
ffffde5d
ffffdd2e
ffffd9cc
ffffd9c1
ffffde9c
ffffe666
ffffd64d
ffffdbd8
ffffe292
ffffe3b1
ffffdff3
ffffd7e5
ffffe1ff
ffffdfeb
ffffe31b
ffffe1b7
ffffe114
ffffdfa8
ffffeefd
ffffedc3
fffff0a0
ffffe715
ffffce37
ffffce33
ffffcc9e
fffff586
fffff107
fffff132
ffffe788
ffffe590
ffffdf51
ffffeb0c
ffffde4c
ffffdc8d
ffffd982
ffffdcba
ffffdf53
ffffe4e6
ffffdda0
ffffd917
ffffe3f8
ffffe20c
ffffe306
ffffdcbf
ffffe3f3
ffffe3e5
ffffe35a
ffffe2a4
ffffdc97
ffffd39c
ffffd3b2
ffffe197
ffffe23a
ffffe44b
ffffdd95
ffffd7ba
ffffd66b
ffffe6c0
ffffe905
fffff320
fffff342
fffffaf0
ffffe9b3
ffffe617
ffffe38a
ffffd750
ffffdd8d
ffffdf87
ffffe4e4
ffffe063
ffffde2c
ffffd956
ffffe305
ffffe10d
ffffe3f7
ffffde72
ffffe31d
ffffe088
ffffd9c5
ffffd88b
ffffd2c3
ffffcc56
ffffcbd6
ffffce7d
ffffe0c7
ffffe3ff
ffffef05
fffff385
ffffd918
ffffd62b
ffffd9fa
ffffd1b0
ffffe0c8
ffffe1cb
ffffe915
ffffd8b7
ffffe59a
ffffe489
ffffdb9d
ffffdc21
ffffe383
ffffd8d7
ffffd61b
ffffd4d2
ffffe05d
ffffd597
ffffe50f
ffffdcfd
ffffe1c3
ffffd72d
ffffd16a
ffffcf19
ffffcb75
ffffcf48
ffffd233
ffffcd4c
ffffd671
ffffe645
ffffe6ef
ffffed7b
ffffdeb0
ffffd77e
ffffe2ec
ffffd3f0
ffffd8a4
ffffd9d4
ffffd079
ffffcf4b
ffffc6d4
ffffe026
ffffce27
ffffcf26
ffffe7cf
ffffd684
ffffccbf
ffffce36
ffffd6ff
ffffd07d
ffffdf28
ffffcf74
ffffce1f
ffffcdac
ffffca84
ffffd2db
ffffd378
ffffcf41
ffffd7b3
ffffce24
ffffccdb
ffffcdd9
ffffdb71
ffffe403
ffffd8a8
ffffdefb
ffffd840
ffffd41a
ffffcfc0
ffffcd5d
ffffc98d
ffffd52c
ffffd762
ffffd205
ffffda23
ffffd506
ffffe14a
ffffd973
ffffd31b
ffffc88d
ffffc6f2
ffffd530
ffffd92c
ffffcaee
ffffcd9b
ffffd0eb
ffffcbd3
ffffca37
ffffd10e
ffffce60
ffffd124
ffffcba2
ffffcb32
ffffca46
ffffd5f2
ffffdb00
ffffe63f
ffffdd30
ffffc950
ffffc88a
ffffcec5
ffffc141
ffffbd66
ffffb1ed
ffffc713
ffffc44c
ffffc69f
ffffd5ad
ffffdb53
ffffcad3
ffffcb9b
ffffd066
ffffce83
ffffdfe3
ffffd1de
ffffd10b
ffffcf65
ffffc656
ffffc0cc
ffffca6f
ffffd083
ffffd31d
ffffd49d
ffffcd91
ffffc389
ffffc087
ffffc3c8
ffffcf8c
ffffdad9
ffffdbc8
ffffce9c
ffffc51f
ffffc6b8
ffffd153
ffffc5a7
ffffb9ab
ffffbff4
ffffb88a
ffffb41c
ffffca61
ffffbdcf
ffffc416
ffffba7e
ffffcb29
ffffcc87
ffffdac3
ffffd24c
ffffc94b
ffffcdc8
ffffc4dc
ffffc06a
ffffc49b
ffffd0f6
ffffd3c4
ffffbc08
ffffbffa
ffffaff4
ffffbd2b
ffffcf9e
ffffd6a9
ffffd9ca
ffffda45
ffffd28a
ffffbc35
ffffbeb4
ffffc16e
ffffc8ed
ffffc7e9
ffffca12
ffffc52a
ffffc132
ffffc6c5
ffffbe35
ffffc167
ffffcf65
ffffc96b
ffffc0c2
ffffd394
ffffddd5
ffffcc70
ffffd22a
ffffcda8
ffffcfc9
ffffc89b
ffffd148
ffffce6c
ffffbbc5
ffffb237
ffffbfed
ffffcb5a
ffffd19b
ffffd4f9
ffffcc62
ffffd802
ffffd307
ffffc94c
ffffc477
ffffb9c0
ffffc4d7
ffffcd36
ffffbeae
ffffbfa2
ffffc929
ffffbe01
ffffc1f5
ffffcd61
ffffccbe
ffffd2c8
ffffc763
ffffcdca
ffffc7b4
ffffb82f
ffffbb6e
ffffc2a5
ffffc8a0
ffffc519
ffffc5cf
ffffcf6e
ffffbdc9
ffffbb32
ffffab1a
ffffab2a
ffffb14c
ffffbd03
ffffc1ea
ffffc46b
ffffc139
ffffc11b
ffffbc1e
ffffbab3
ffffbe44
ffffc1c5
ffffb648
ffffc273
ffffbe03
ffffc40c
ffffbf84
ffffbc51
ffffb3fa
ffffc371
ffffbe85
ffffc3d5
00000e07
fffffb9c
fffffd9d
00000268
00000123
00000339
000004fd
00000678
000006b6
00000997
00000940
000007ae
00000786
00000878
000005b1
00000910
0000051c
00000577
00000812
00000692
000008eb
0000050d
000002b7
000002e3
ffffff40
00000110
00000006
00000847
00000a98
00000525
fffffe5b
000006ed
00001339
00000638
000005f3
00000395
00000523
000002f7
00000172
000006f4
000009eb
00000a1f
00000c75
00000838
000005b8
00000249
000008a4
00000685
000006a3
0000045c
000009eb
00000a3d
00000a9b
00000874
00000b9d
00000d53
00000998
0000039b
000004a6
ffffff17
fffffc2f
fffffe2e
fffffd7c
00000d37
0000102a
00000eb3
00001039
00000a24
000011c0
00000d64
00000ade
00001464
0000158f
00001aff
00001739
000012d0
00000b60
00000473
00000e8c
000010ee
000009ec
000007b8
000009ca
00000ad5
000013c3
000010af
00000bc6
000011e0
000010cc
00000d55
000012e3
00001189
00000cf8
000005df
00000197
0000119e
00000c38
00000a3a
00000d0c
000010f1
00001253
00001cf9
000025f3
00002fff
00001e80
0000178a
000012a7
00001852
00001b6b
00000ce6
0000111a
00001116
00000f15
00000c66
00000b96
00000c29
000011c9
00000bb4
00000a8a
00000bcc
00000d33
000010a7
0000130b
00001610
000011aa
00000d43
000004f4
00000d98
00001283
00000e01
00001286
0000118a
00000cf3
00001b85
00003604
000040a0
00002b92
000014f1
000001b7
0000080e
0000192b
00001002
00000db7
0000101f
00001525
0000175f
00001138
00000e7a
00000b08
0000086a
0000094c
00000ee9
00000e6e
00000f67
00000e55
00000e8d
00000f66
00001238
000005fc
00000bb4
0000112d
00000c19
00001242
00000d21
00000e09
00000cb8
00002f49
00003e29
00002251
000010b0
0000037d
00000274
0000171e
0000139b
00000bf4
000013c4
000010b0
00000e81
0000108e
00000e97
000009a8
00000813
00000e76
000013ad
000011d1
00000fd4
00000f3e
00000d92
00000f80
0000124f
00000631
00000e4e
0000113f
000004cf
000007f4
000005db
00001099
0000102b
00003d2f
00004d1c
00001daf
00000455
00000ab3
000008de
00002975
0000229f
00001424
00000fe4
00000995
000009e6
000007e9
00000f45
00001083
00001209
000011c1
000012ae
00001066
00000df0
00000d61
00000add
000008e5
00000c98
000004a4
00000ef6
0000171c
00000de6
00000ae0
00000755
0000172b
00001a79
00002fe9
00005159
00000481
00000763
00000d04
000017b5
00003d3b
00004248
000016f4
0000174a
00001107
0000141c
00001956
00000f7c
00001058
00000ad9
00001256
00001950
00001891
000010f9
0000141a
00001441
000012de
000010e0
00000e95
00001797
000016b8
00000a5f
00000e18
00000f1e
000004da
fffff200
ffffe25a
0000273a
000023ff
00000f2d
00000efc
000020a2
00002a75
00004c60
00002728
0000146c
00001597
000019fe
00001e10
00001091
00000d88
00001439
000018c4
00001f3a
0000213f
000012fa
00001352
000013d4
00001789
000015d5
000010bd
00001f26
00001daa
000013c9
00001a84
00000ae1
000004a7
ffffe84d
ffffbff5
00000263
000031ae
0000288f
00001edc
000020c4
000010e2
0000345b
000043a7
00003723
00001669
00001ae9
000019db
000014fa
0000160e
00001975
00001344
00001d57
00000ed3
0000155f
0000107e
00000e65
00001345
0000111a
000006c8
00001dde
00002361
00001221
000016c3
0000133a
00000935
fffffa9c
ffffdd23
ffffe905
00002443
000034f5
000016a1
00001114
00000238
000003a8
00002d86
00003277
00002d8e
000019ea
00001442
000020c5
000026c2
000023d3
00001c58
0000197d
00000e81
000017aa
00001751
00001737
000019ff
0000196e
0000080b
00001bf6
00001e95
00000576
00000a01
00000c61
000007be
00000c95
ffffedd2
fffff66c
ffffff1c
0000191e
00000bce
00000380
fffff2b9
ffffe6a8
fffff971
000013a6
00001757
00000dc1
00000e3c
00001094
000016cb
00001020
00001210
00000efd
00000943
000009b2
00000f85
00000e3b
0000103d
00001116
00000072
00001712
00001a32
0000007a
000006c2
000004a3
000001ba
00000705
fffff9c7
00000045
ffffe1fa
ffffebf3
fffffd50
fffffc30
fffffdf5
fffff340
000000b7
000004e4
00000207
ffffe8ce
ffffe3a1
ffffe73a
fffff3af
fffff6a0
fffff833
000001fb
0000064a
000001d9
fffffdef
fffffd85
000003ca
00000b97
fffff265
0000110e
00001536
00000035
ffffff24
00000294
00000111
0000037b
fffff8cd
fffffb69
fffff644
fffffa5b
fffff84f
ffffe9cb
fffff6af
fffffc17
fffffdc7
fffff5b9
fffff716
ffffe9cc
ffffeb5c
ffffec4f
ffffe77a
ffffe5ac
ffffd4ef
ffffdf5b
ffffec71
ffffeecc
0000023d
0000037c
0000038d
00000862
fffff0a5
00000b2a
000016db
000000d9
fffffe99
fffffee5
fffffaed
fffff3e2
ffffed52
fffff15d
fffff6f4
0000058a
00000744
ffffdd4c
ffffd7a6
fffff662
000001dd
fffffb6c
fffffdce
000003b5
000005f7
fffffb98
fffff224
ffffeb11
ffffddd9
ffffd819
ffffeebb
fffff3e8
fffffc83
000006da
000000f5
fffffe84
ffffe978
00000600
00001346
fffffea3
00000507
fffffe5f
fffff96d
ffffec8d
ffffe6ad
ffffeffb
fffff3dc
fffffb97
00000fac
ffffe9bb
ffffdd96
fffff65f
fffffe88
0000032c
000006b9
0000029b
000010af
00000cf9
00000469
0000028f
00000009
fffff1cc
fffff358
fffff6f9
000007c2
000009f8
fffffe3c
fffffc87
ffffebf2
000000ed
00000ca7
fffffdc0
0000007b
00000072
fffffdcc
fffff0fb
ffffea0f
ffffec40
ffffee0c
fffff429
0000299f
000024a2
000006f2
00000179
fffffd1f
0000057f
00000585
0000065e
000010a0
00000bec
00000723
0000075a
000000ec
0000005e
fffffd0a
fffff8a1
fffffdc2
00000c91
fffff8a6
fffffb87
ffffef2f
ffffff41
00000d8a
0000053d
ffffffea
ffffff4b
00000175
fffff6ad
ffffea23
ffffef8b
ffffe7e4
fffffb4d
00002bd7
0000443d
000034ab
0000090e
ffffffaf
00000301
000000a6
0000076e
0000089f
000009b0
0000070e
000007c9
000004e9
fffffe8a
fffffe59
000002f1
fffff509
0000074e
0000054a
fffffe89
fffff35d
ffffff65
00000e8b
000003e1
0000031e
0000059c
00000213
fffffbca
ffffebd5
ffffeeb5
ffffe67b
fffff1eb
000013a8
00002ef2
00004ff3
00000cbd
fffffdc4
fffff9bb
fffffc0d
fffffe32
000004b4
000007bb
000006ac
0000068e
00000773
0000019f
000002c7
0000071a
fffff4f4
0000007b
00000967
0000048a
fffffe2d
00000473
0000128b
00000762
000005c1
000008e1
000007a4
000004ea
ffffef86
fffff007
ffffdd8a
ffffe403
ffffece8
fffffd7d
00003191
0000269a
00000a9f
00000678
ffffffef
00000177
0000005e
00000165
000003dd
00000910
0000082e
000004a5
000000b1
000001a5
fffff6b6
fffffc3c
0000071c
000007d5
00000112
000007a0
00000dab
0000026b
00000393
0000069f
000007f6
00000a59
0000006c
ffffea67
ffffe3a0
ffffda8c
ffffe2ff
ffffd9f1
000011b2
00003223
00002887
0000190d
ffffffb8
fffffe8b
00000353
00000193
0000086d
00000b59
00000881
00000358
fffffee5
fffffe26
fffff3b1
fffffab2
0000051e
00000c31
00000541
00000bb4
00000caa
000004ee
000009c0
00000c37
0000116b
000012f7
0000164b
ffffffbf
fffff285
ffffd854
ffffde5e
ffffe0ab
00000751
000027eb
000046a4
000039a3
00001695
0000059f
000003cc
00000344
00000b08
000013d5
00000938
00000595
00000062
000000fa
fffff95d
fffff92c
0000049a
00000c04
00000926
000012e3
00001023
00000c37
00000fbe
000010ba
00001a9c
00001909
00001c73
00001b75
00000f5b
000002fa
ffffdbde
ffffe552
ffffe704
ffffe8e6
000018fe
00003fae
00003a4e
000001ef
000003ca
fffffbf8
000004e2
0000097f
000011de
00000a97
0000053f
00000277
00000152
fffffe16
000007de
00000889
00000630
0000148a
00000ed1
000010dc
00001743
000013de
00001e1c
00001be8
00001974
00001e72
00001726
00002124
00000cb6
fffff642
fffff073
ffffd8d6
ffffdcdf
00000d15
00002937
00001d6a
000011ed
00001200
0000194b
00001123
0000089c
00000ad7
00000512
000002b7
00000052
000005d1
00000d51
00000daa
00000979
0000165e
0000139d
000015ff
000018e6
000018cc
000015b1
00001400
000013e2
00000e41
000011e9
0000145d
00001f46
00000da5
000007f9
ffffe77d
ffffd657
ffffdf5c
fffff798
00000e25
00002640
000022aa
00003325
00002edf
000007d0
00000dcf
000012cc
fffffed9
fffffae6
00000bab
000014f5
000013d4
00001072
00001eda
00001820
0000109f
00001ef0
00001bf1
00000d6c
00000c60
00000b0c
0000062d
000004e5
ffffff25
fffffca9
0000038a
00000471
ffffdaf4
ffffdfba
ffffe52d
fffff12c
fffff8d7
000002c2
000004f7
00000b21
0000202f
0000280e
000018d1
00002dd8
000011e4
fffffe5a
00000b3d
000010aa
000014cb
0000093c
00001975
00000e2f
00000969
0000103c
0000116e
00001b9d
000011d1
00000b0e
fffffd48
fffff93e
fffffb2b
fffff2e1
fffffae8
ffffffda
ffffe3ee
ffffd8c6
ffffe6ab
fffffdbe
000005d7
00000239
000005f3
000001fa
00000e28
00003957
000023ab
000036db
00002f9b
ffffff0b
00000897
000008bd
00001107
fffffdf9
00001737
00001b48
00000a2f
000013a2
00001c2c
0000173a
00000d09
00000b89
000015bd
00000285
fffff8c5
fffffa67
fffff42f
fffff88c
fffff1c8
fffffee0
fffff8a6
00000467
00000855
ffffffae
fffff3f5
fffff592
fffff1b0
00000d40
00001104
0000215c
00002e7e
00001522
000008eb
000005f5
000007ef
fffffe31
00000b2a
00001905
0000010b
000006a6
00001290
0000146f
0000143d
00001b2d
00002b0c
00002424
00001a00
00000347
fffff519
fffff10b
fffffaae
0000093e
00000004
fffffeee
ffffff5a
00001026
000007a3
000011bd
fffffb7b
0000087d
fffffd11
00000baf
00001d42
00000ab8
0000079a
00000222
000003d2
000006a2
000012f1
00001275
00000812
0000010d
00000d06
00001297
000012c4
000012ea
000012eb
000010d4
0000255e
000013d2
000013e8
0000088e
00000d68
00000c25
00000120
fffff206
fffff857
000005a5
00000c77
00001294
000019ea
00000f1b
0000066f
00000cce
000018b5
0000075a
00000e7d
000008df
00001131
00000999
00001865
00000d93
0000131e
0000134a
000010cd
000012b0
00000c4a
000002a8
00000485
fffffc88
00000650
fffffdfd
00000aa1
000009d2
00000c2f
000000aa
0000019a
0000049a
fffffcc9
ffffff88
fffff3aa
ffffee91
fffff2be
fffff723
fffffb1a
fffffd92
000004a8
fffffc66
ffffffc0
fffffdfd
000003b7
fffffe25
000018d9
00000691
fffff15b
fffffcae
fffff6bb
fffff37b
fffff350
ffffe39a
ffffe8d3
ffffecae
fffff5b1
fffff782
fffffd1e
fffff61d
ffffea88
fffff09c
fffff02f
fffff1cf
fffffa89
fffff7de
00000461
fffffccb
fffffa1d
fffff486
ffffecf9
ffffe69b
ffffe7f7
fffff8a4
fffffa8f
fffffdad
fffff5c5
ffffec7e
00000028
ffffe6e8
fffff25f
fffff50e
fffff643
fffffb0a
fffff8e8
fffff589
fffffa31
fffff892
fffff86e
fffffa05
fffffb0b
fffff7f9
fffff81b
fffff921
fffffce5
fffff644
fffffa05
fffff7de
fffff631
fffffb36
fffffa67
fffff08e
ffffefef
fffff35b
fffff428
fffff36b
fffff506
ffffef55
fffff60d
fffff224
0000026d
ffffef80
fffff400
fffffaa7
fffffc6c
00000017
00000579
00000211
000002d2
0000070c
000007e4
000008fd
00000912
00000041
000004bb
000003d5
000009a8
000004fc
000009ef
00000413
fffffd52
00000552
00000522
fffff5a4
fffff3f3
fffff389
fffffcab
fffff7e2
fffffe8b
fffff889
fffffb61
fffff92b
00000b5f
fffff5ee
fffffa19
fffffc9c
fffff655
ffffef29
ffffed38
ffffea6b
fffff934
fffff665
fffff47f
fffffba7
fffffbe7
fffff67b
fffffc4c
fffff1e9
fffff71a
fffffb63
00000023
fffffc5b
fffff7a9
fffffdf1
fffffddf
fffffbe0
fffff8e6
fffffbf8
fffff979
fffff564
fffff6b2
fffff6bd
fffff521
fffff585
0000092e
fffff809
fffffb02
ffffffb3
fffffbcd
ffffeeb3
ffffe1e8
ffffd25b
ffffd46a
ffffea8a
fffffd5c
fffff40d
ffffedb8
fffff47b
fffffb7d
fffff011
ffffef00
fffff414
fffff94e
fffff79f
fffff60d
fffffb77
000000db
ffffffc6
fffffe9c
fffffd57
fffffdbe
fffff945
fffffa0b
fffffb5b
fffff63c
fffff66f
00000b0e
fffff95e
fffff9a4
fffffb23
fffffac0
fffff8c3
ffffd286
ffffac12
ffffac7f
ffffef6f
fffffe21
fffff566
ffffe87f
fffff299
fffffb87
fffff51a
fffff81b
fffff86a
fffff2aa
fffff234
fffff508
fffffa3b
000000da
fffffe2d
fffffe7f
fffff8a8
fffffcc1
fffffaa9
fffff8ba
fffff6c6
fffff9b1
fffff89c
00000cf1
fffff81f
fffffbc4
fffff8a2
fffff73a
fffff5a3
ffffe993
ffffc5ff
fffff1aa
fffffb72
000003c3
fffffaa8
fffff550
fffff3c5
fffffc5a
fffff617
fffffadd
000001f6
fffff741
fffff5c8
fffff367
fffff35f
fffff1e6
fffffa6c
fffff967
fffff7e1
fffff852
fffff96d
fffff685
fffff448
fffff935
fffff6a6
00000ab4
fffff470
fffff852
fffff83a
fffff9f0
fffff3e1
ffffc50e
ffffd65c
00001e35
000013e6
ffffefad
fffff26b
fffff626
ffffef20
fffff248
fffff65b
fffffeed
0000042b
ffffff45
fffff5fd
fffffc1c
fffff7c2
fffff354
fffff7db
fffff9bf
fffffb50
fffffa9e
fffff892
fffff736
fffff5c4
fffffda6
fffffddb
00000a9e
fffff99d
000002b8
0000003f
fffff4d1
ffffedf0
ffffdde0
ffffefb8
fffff97c
fffffd90
ffffe855
ffffead9
ffffe8ce
ffffea9e
ffffebb0
ffffe702
000000ba
000002e5
fffffcb7
fffff66c
fffffc85
fffffad3
fffff7aa
fffffdb6
fffff764
fffffde2
00000007
fffffe09
fffffc4b
fffff9cb
0000026b
ffffff3b
000010a5
fffff1a2
fffff385
fffffcc3
fffff64a
ffffebf5
fffff037
00001a76
ffffe677
ffffec6a
ffffdd83
ffffe9d1
ffffe65b
fffff5d0
ffffd889
ffffdc56
fffff838
fffff4e6
fffff87f
ffffefdd
ffffff19
fffffd95
000003e5
00000b11
fffff1bd
ffffff3b
fffffe05
0000044d
ffffffb6
000000f3
00000ad8
ffffffd9
000017e5
fffff01a
fffff586
fffff8ab
ffffe7fb
ffffd982
00000a8d
00001cb9
ffffe08a
ffffc73c
ffffd77e
ffffeb5e
00000455
00000bea
ffffe0d0
ffffc6a8
ffffde20
fffff248
ffffec83
ffffea68
ffffef97
fffffa39
fffffe29
fffffde9
fffff8be
fffffbf1
fffff70f
ffffff4c
fffff986
fffffb17
fffffd42
ffffea06
00001180
fffffa07
fffff656
fffff60c
fffff27c
ffffed33
fffffe05
00001539
ffffef94
ffffd38c
ffffe4e9
000002b7
00003286
00000e7e
fffff6ed
ffffc6c1
ffffb06f
ffffd116
ffffe3c1
ffffe730
fffff8cc
00000083
00000156
fffffeb7
fffff74c
fffff637
fffff82d
fffffd03
fffff4b1
fffff9f5
fffffc80
fffff0f3
00000dc0
fffff9a8
fffff4ca
ffffefe9
ffffecde
fffffb77
fffff1eb
fffffb6f
00000a9e
000009d2
fffffb1d
00002b85
00001a1a
ffffe432
ffffd82f
ffffdcd7
ffffe291
ffffc2b2
ffffc21f
ffffd127
ffffe3a4
ffffdb15
ffffd813
ffffd994
ffffdd07
ffffdcbe
ffffe853
ffffea36
ffffe847
ffffed7b
ffffeea0
ffffebbb
00000d2a
fffff65c
ffffee7f
ffffe9b4
ffffede1
ffffeccb
ffffea95
ffffeb3b
000005c6
000006ac
00000ef6
00001902
fffff30d
ffffd1ac
ffffc374
ffffe62f
00000d81
fffffe4a
ffffec94
ffffde0a
ffffe727
ffffd7b0
ffffcb00
ffffca5d
ffffc5f9
ffffca28
ffffd608
ffffda13
ffffe08e
ffffe589
ffffe7d3
ffffe2f5
00000720
fffff2b3
ffffe7e7
ffffe80f
ffffec6a
ffffecd4
ffffea08
ffffeedf
00000854
fffff6fa
ffffe160
ffffeb6a
ffffdd36
ffffc23b
ffffe6b2
00000b1c
0000084b
fffff7f5
fffff292
ffffe8d1
ffffedba
ffffeed9
fffff1f0
ffffef0b
ffffe2b0
ffffd910
ffffd5e2
ffffcfd8
ffffdcfc
ffffe41f
ffffe008
ffffe0b1
00000659
fffff580
ffffe72e
ffffe33b
ffffe7f9
fffff091
ffffeda8
ffffee68
0000015f
fffff405
ffffd8d0
ffffd261
ffffdc3b
ffffdeed
fffffa0f
00000c20
fffffd5a
fffff4d3
ffffe500
ffffe555
fffff0d5
fffff323
fffff0f5
ffffef8d
ffffee75
ffffefd1
ffffe63e
ffffdd80
ffffda49
ffffe654
ffffe1aa
ffffdc88
0000014e
fffff39b
ffffeecb
ffffec22
ffffebd3
fffff21a
ffffece9
ffffe917
0000005f
fffff1b9
ffffdaaf
ffffd171
ffffe3cb
ffffed9a
00000637
fffffa88
fffff683
fffff3ed
fffff3b8
fffffaad
fffffd8a
fffff7e3
fffff771
ffffeda8
ffffec26
ffffe601
ffffdfeb
ffffe2cb
ffffe127
ffffe730
ffffe510
ffffde61
0000004e
ffffed1d
ffffefdc
fffff168
fffff2fa
fffff134
ffffed53
ffffe39f
00000000
ffffedd6
ffffdbaa
ffffc5c9
ffffee13
fffffd53
fffffd50
fffff673
fffff3d9
fffff91e
fffff7d7
fffffc04
fffff2f4
fffff65d
fffff5e4
fffff250
fffff208
ffffef30
ffffeab6
ffffed6c
ffffefd9
ffffe19c
ffffe803
ffffe16b
000004db
ffffed7b
fffff019
ffffefeb
fffff3b1
fffff2f8
fffff2e2
ffffe9b3
fffffd4d
fffff507
ffffd5ef
ffffbd6d
ffffd960
ffffec1e
ffffee28
ffffed9a
fffff57c
fffffcb5
fffffa74
fffff200
fffff0e9
fffff0ef
ffffeed0
fffff12f
fffff2e5
fffff0fb
fffff1ef
ffffff08
ffffeeaa
ffffea99
ffffee72
ffffe67c
0000078a
ffffe94b
ffffeca6
ffffe8c0
ffffef89
fffff197
fffff5da
fffff5e3
fffffabd
fffffc11
ffffedb7
ffffe1b0
ffffe40b
ffffdc0d
ffffd9cd
ffffdf2a
fffff814
fffffa2e
fffff987
fffff721
fffff02e
ffffefe6
fffff1e3
ffffefb5
fffff2a7
fffff219
ffffee47
fffff87a
fffff50f
ffffec2c
fffff006
ffffeee1
0000085a
ffffedf9
fffff09e
fffff0a4
fffff2ba
fffff6cd
fffffbf7
fffffaeb
fffffe21
ffffff14
fffff51e
fffffea1
fffff715
ffffd5fc
ffffde1d
ffffe024
fffff890
fffff617
fffff4aa
fffff438
ffffef99
ffffebbb
fffff062
fffff1fb
fffff1a8
fffff38e
fffff071
fffff389
fffff747
ffffebb1
ffffedc6
fffff193
00000951
ffffee7d
fffff955
fffff467
fffff70d
fffffb2f
fffffa6e
fffff995
fffff912
fffff110
ffffeb18
ffffef08
fffffa04
ffffcef6
ffffcb5d
ffffdb46
fffff2a7
fffff2d9
ffffe9d3
fffff102
ffffefaa
ffffef25
fffff1b8
fffff303
ffffed1b
fffff285
fffff54b
fffff57d
ffffff95
fffff3a7
fffffae0
fffff7b9
00001038
ffffec8f
fffff7af
fffff465
fffff759
fffff7fa
fffff8b6
fffffa95
ffffffa5
fffffde3
fffff908
fffffaf8
fffff645
ffffdaed
ffffe735
ffffdd81
ffffda5a
ffffe8b2
ffffeb26
ffffeed6
ffffefa4
fffff26b
ffffec30
fffff238
fffff3c3
fffff5b1
fffff32e
fffff8c1
fffffdd2
fffff0bd
fffff9c1
fffff28c
00000f0a
ffffed6d
fffffacf
fffffcf3
00000238
fffffa2c
fffffd21
fffffc03
ffffff31
00000991
0000100d
00000d6b
fffffddb
fffffcdc
00000d3b
ffffff52
ffffd28c
ffffdc79
ffffe5bb
fffff6de
fffff3ea
fffff56c
ffffed70
ffffea37
fffff2a7
fffff3e9
fffff580
fffff3e1
ffffff7d
fffff488
fffff9e4
ffffef36
00000cf6
ffffef3e
fffffdae
ffffff9d
ffffffc9
fffff48a
fffff622
fffff28f
ffffeeea
fffff2a8
ffffffa1
00000a03
000000be
fffff95c
000003d9
00000844
ffffe683
ffffe5c2
ffffe895
fffff888
fffff252
ffffec4f
ffffedd5
ffffe998
fffff0b0
fffff671
fffff13f
fffff2e5
ffffff7f
ffffff8f
00000110
fffff293
000010fb
fffff1c4
0000001a
fffffa58
fffff7d0
ffffef21
fffff11f
fffff670
ffffec6d
fffff0a8
fffffdcf
ffffe60a
ffffec35
ffffeadc
ffffef31
fffff8ef
ffffef0f
fffffabb
ffffee2e
ffffe608
ffffe83c
ffffdabc
ffffe755
fffff951
ffffe8e3
ffffee99
ffffebeb
ffffed37
ffffee7b
fffff5dd
fffffb4c
ffffed51
000010e4
fffff7bc
0000016d
fffff8ef
fffff738
fffff9f8
fffffa59
fffff729
fffffad3
fffff691
fffff506
ffffdf53
ffffdb2e
ffffdf97
ffffdc1c
fffff16b
ffffed12
ffffee29
ffffea91
ffffe42a
ffffe5d8
ffffe1e9
ffffda65
ffffe263
ffffdeec
ffffda67
fffff101
ffffea05
ffffea7e
ffffe3ff
ffffe782
ffffe16a
00001232
ffffea2b
ffffe7bc
ffffe77c
ffffe63a
fffff5d2
fffff748
fffff49c
fffff267
ffffe951
ffffeb13
ffffe5dd
fffff8b6
fffff35d
fffff085
ffffef71
ffffde07
ffffd9f1
ffffe8a7
fffffa2b
fffffa48
fffff907
fffff4dc
ffffdec2
ffffdc35
ffffd794
ffffe8d0
ffffe544
00000067
ffffedff
ffffe179
ffffe928
00000e9f
fffff3a5
fffff48a
ffffe2a5
ffffed15
ffffeb25
fffff359
ffffe811
ffffdff9
ffffeaa9
ffffe387
ffffe725
0000014f
00000c96
000007eb
00000048
fffff4ed
ffffdd1c
ffffe356
fffff180
fffff963
fffff844
fffff1f9
ffffda60
00000b56
fffffc00
ffffde35
fffff086
00000962
00000fae
fffffb78
fffff8a2
000011cb
fffffa64
fffffa35
fffff765
fffff50d
0000001f
00000356
fffff299
ffffeaf5
fffff0dd
fffff0c8
fffff78f
fffff872
fffffd1b
fffff769
fffffc14
00000f8f
00000190
0000021d
fffff13f
ffffef4d
ffffebb7
ffffec34
fffff483
00001192
00000414
fffffe5a
ffffea5a
fffff2cb
000001a6
fffff006
ffffed8a
00000fc6
ffffec87
ffffe234
ffffedcc
ffffe8a5
fffff797
fffff840
ffffefc3
fffff096
ffffeab2
ffffe2a1
fffff92c
000000bd
fffffec9
ffffee24
fffff78b
fffff988
fffff875
fffff5fd
000002a3
fffffdb0
fffffc0c
fffffe59
00000d0f
0000080a
00000461
00000989
00000124
fffffd86
00000d31
fffff9a5
fffff1ba
00001176
ffffe633
ffffe856
ffffeda8
ffffe3f9
ffffe021
ffffdcce
ffffe153
ffffdd67
ffffe284
ffffda12
ffffe8c1
ffffe9a8
fffff422
fffff67d
fffff608
ffffe69f
ffffecba
ffffe166
ffffe834
ffffe675
fffff26d
ffffe321
fffff05d
ffffed95
fffff939
fffff56c
fffff3ea
ffffefc3
fffff35d
ffffed1a
ffffda00
00000604
fffff696
fffff57c
fffff985
00000141
000004cc
ffffff7d
000008cf
00000416
fffffc9a
fffff91d
fffff9ec
fffff196
fffff23b
0000021c
00000779
000006e0
000001ea
fffffaff
fffffd0d
fffff7de
fffff833
fffffb63
fffff405
0000008c
000004c6
00000aa0
fffffb20
fffff935
fffff9ed
fffffec8
00000173
00000fe5
000013c3
000019bb
00001882
00001891
00001943
000014c5
00001282
000016d2
000015ee
000013ff
000016bd
000014bf
000014e3
00001547
00001889
00001505
0000151d
00001929
00001903
000015f1
00001ab5
00001ac9
000017fb
00001664
000019f0
00001956
00001c0c
00001e85
00001af9
000021b4
000021b3
000016ba
00000619
ffffffba
fffffcfc
0000011d
fffffc66
fffff906
fffffc90
fffffe51
ffffff86
fffffc21
fffff714
fffffb6f
fffff7c8
fffffb58
fffff89f
ffffff9a
fffffa14
ffffff4e
fffff8bb
fffff611
fffffba7
ffffff05
fffffc7d
fffffd3e
ffffffd0
00000319
000000ed
000001ad
00000031
00000847
00000d3c
00000232
000003d0
0000088a
00000951
0000085b
00000592
000001aa
fffffe91
00000187
00000787
000005e2
0000014d
00000708
00000a78
000004de
00000086
00000833
00000989
00000b0a
000005fe
ffffff32
fffffe8c
fffffd09
00000365
00000362
00000760
0000074c
000006b0
00000a70
000006da
00000679
00000742
000004f9
00000bb4
000007d6
000006f0
000003c3
00000336
fffff41d
fffff889
00000638
0000034f
00000436
000007dd
00000bdc
00000b99
00000c75
ffffffdb
00000666
00000bff
00000888
000004e7
0000014e
00000299
000007fb
00000942
000008b5
000007e2
000004fb
000006c4
00000567
0000066a
00000a2f
00000ad0
000008cd
00000d1b
00000501
000001ec
00000092
fffffe00
fffffd5c
fffff79a
00000bd8
000013d2
000003fe
00000955
000012d3
000009e7
00000981
fffffdf0
00000275
000007d2
00000507
fffffedb
fffffe55
000005ac
000007f5
000007b4
000004a8
000004b5
000004ec
0000028e
00000508
00000506
000006c8
000009b7
00000820
0000037d
fffffd37
fffffd1a
000002f0
fffffae9
fffff138
ffffe4a2
00000a6c
fffff9c3
fffff331
0000120b
000013fe
00000725
000002b6
ffffff3e
fffffae2
0000008d
00000023
fffff931
fffffe1a
000004d9
00000540
00000487
ffffff4a
00000157
0000059e
000003ba
000004d0
0000070f
000008c4
000009b5
00000696
fffff8e1
0000026c
fffffcfa
000006f6
000002f5
fffff625
fffffe0a
00000392
fffff0ab
00000935
000010c4
000015be
00000307
ffffeec7
00000426
00000530
000005e5
ffffff05
fffffaa5
fffffeed
fffffd0e
fffff898
fffff999
fffffc2b
fffffc6d
000004a5
00000249
0000046d
0000016b
000005c4
000008b0
00000602
000002c1
fffffe81
ffffff81
00000b73
00001a0d
000012a9
00001d7d
00000194
00000ef9
00000109
0000064b
00000b3a
00000e2c
fffff30e
00000e8f
00000d8d
00000871
00000061
00000026
0000059d
00000035
0000014f
00000add
ffffff01
fffffe89
0000069f
0000062c
00000462
00000259
00000cbe
00000924
00000cd0
00000871
00000920
ffffffc8
00000428
00001b5f
00001393
00001fec
ffffedb3
ffffffc4
000007f5
000009c6
00000b3f
000004b5
ffffff8b
0000078a
00001775
0000099e
0000012c
fffffdab
0000112c
0000148f
00000e53
000012c0
ffffff37
000005c4
000007b6
00000e47
000005f2
000008fb
00001376
000014a2
00001953
fffffb15
fffffb67
fffff824
000001c0
000001fb
00000a7e
00000e0a
000003f6
000014d9
00002392
000010bc
00000246
000000d5
fffffbe9
fffff040
00000bd5
00000c04
fffff90a
fffff975
00000ae5
00000a9b
000001bf
fffffb0e
ffffee5f
fffff663
00000313
00000411
fffffa0e
fffffd72
0000034f
00000f3d
0000178a
ffffe9ad
fffff2d5
fffff3ba
ffffeff0
ffffe2e5
fffff349
00000f8a
fffff9f3
000003f2
00001657
00002467
ffffff93
ffffe6b8
ffffe3ee
ffffd5f9
ffffdc45
000009f1
fffffdb8
fffff42a
fffff756
fffff081
ffffe970
ffffe5de
ffffe4b2
ffffea99
fffff006
ffffec8e
ffffe6ee
ffffe7b0
fffff069
fffffd5d
000009a9
ffffe902
ffffff83
0000048e
fffffd93
fffff83d
ffffeaa9
fffff75e
ffffe395
ffffe1ba
fffff28a
00001617
000008f9
ffffecd4
ffffe75a
ffffefc8
ffffda86
ffffcfaa
000002f9
00001439
0000050e
fffffb9d
ffffff68
0000050f
00000047
0000036e
0000022d
fffff98a
fffff840
fffffb74
fffffd7f
0000050b
00000d10
ffffec06
00000474
0000035f
000003ca
000000fa
00000c87
00001a03
0000029a
ffffe557
ffffee88
00000059
fffff65e
ffffffe6
000005d4
00000d31
fffff2ba
ffffcf54
ffffd9cc
ffffe805
fffff606
ffffe39a
000000a5
00000af1
00000b73
00000ff7
00000af8
000006b0
000003da
00000497
00000183
00000cfe
0000144d
ffffe864
00000338
000008c6
00000987
000007d8
00002264
00002ece
0000131e
fffffa5d
00000313
00001002
000000ef
00000ba7
00001010
00000779
ffffff34
ffffef3c
ffffd5a1
ffffcfe4
ffffde36
ffffdee7
fffff3a0
fffff367
ffffe7da
fffff095
0000000e
0000092d
000010d0
00000960
ffffffda
00000e37
00001542
ffffe5ea
fffffcc7
00000a61
000009dc
00000e1e
00002439
000030b1
00001890
00000dda
0000192b
00001671
00000bf1
00001c44
00000cf3
fffff98e
00000574
ffffffd7
fffff7f5
00000046
fffffd38
fffff9ab
fffffa3a
fffff5b9
ffffed4b
ffffe09f
ffffed58
fffff9d7
00000589
00000e4f
0000030f
00000db9
0000157f
ffffea69
fffffed9
00000021
00000453
00000d9f
000022ae
00003098
00001b0f
0000120f
000010f9
fffff400
fffff3c4
0000185c
00000ff3
00000107
000006b4
000001b8
00000323
00000471
000004a9
0000098d
00000dff
00000fa8
00001276
00000647
fffff56c
ffffffd2
fffff501
000008a6
000000d9
000009f1
0000114c
fffff322
000000eb
00000392
00000302
000004c6
00001c4f
000033a5
000024d0
00001932
000004ef
ffffe7d9
fffff4b7
00001171
00000bb2
000010d8
000009b8
00000339
00000728
0000038d
00000b19
00000b1b
00000d35
00000bf5
000010fd
00000bee
000009f8
00000831
fffff2cf
fffff482
ffffff14
000005ce
00001092
fffff37e
ffffff20
000003e2
fffffec9
000002c1
00001231
000024b1
000029a9
00001ee1
fffffeee
ffffef1a
000000bf
0000185f
00001353
00000f99
00000f40
000009fc
000008a9
00000b93
00000d2e
00000e23
00000e6f
0000102d
0000113c
00000dea
00000ebc
00000e8f
fffffbc3
ffffe60e
fffffbb3
00000068
00000fda
fffff3a3
0000020a
0000022a
00000076
0000076e
00000f2d
00001f93
00002c99
00001e9b
000003a8
fffff3ea
00000af9
000009ad
00000d86
000011f2
00000fbd
00000aec
000008d5
00000722
000009e3
00000a5c
00000c58
00000c63
0000159b
00001168
000015db
0000144c
000000cd
ffffe524
fffff455
000004f0
00000c01
fffff2cf
000000c4
0000014c
000001dc
0000078a
00000fb8
000018dc
000031bf
00002209
0000109b
fffff4a3
fffffc31
fffff663
00001233
00001e76
00001591
00000eaf
00000bac
000007d2
000008b2
00000843
000008cd
00000bcf
00000f0a
00000ec2
000011fc
00000e03
000001e5
ffffee8a
fffffc7c
000008e3
00000ac7
ffffefff
fffffcbc
ffffff33
000006a6
000008be
00000f66
0000195a
00002252
00002d52
00002af0
00000ee2
fffff875
ffffef6f
00000efb
00002aa2
00002c43
000018b4
00000e6f
00000b24
000009cf
0000089d
000007c7
00000bd4
00000d2d
00000f8c
00001526
000013ff
00000b8f
ffffee35
fffffd51
000009ce
00000b94
fffff33d
000001bf
000001d5
0000084a
000008ad
00000d8c
0000090e
00000e1f
000020b4
00003722
000028f3
000000d3
ffffe62a
0000021c
00001741
0000324c
00002a6a
000013ab
00000f7a
00001571
00001490
00000e2c
0000133e
0000136e
00000e9d
000015ca
00001777
00000d64
ffffefcd
ffffff03
000008c1
00000b4d
fffffae8
00000786
000006ef
00000616
000001c0
000009b6
0000080f
fffff782
fffff5b2
00001490
0000270c
00000bfe
ffffe3e2
fffff23e
fffff561
000007a7
0000160a
0000272a
00001a13
000019e1
00001148
00000df1
00000f77
0000127e
00001048
0000191f
000014bd
00000a3b
fffff0a1
000006a3
00000a2e
00000a6d
00000260
00000b30
000008bf
00000458
00000383
00000691
00000d41
000002e2
00000606
0000029b
00000cdf
00001ac1
000002e8
fffffdaf
ffffeaf6
fffff429
000001ba
0000163c
0000172d
00001558
000017dc
000010b6
0000168c
00000df6
00000fca
000012b6
00000edc
00000fad
fffff2dd
ffffffe2
00000a7d
000012e5
000008c3
00000a7c
00000b06
0000071e
000006f2
ffffff86
00000808
00000caa
00000c98
00000b8c
00000716
00002211
00001e74
00001bec
00000300
ffffeeb8
fffff1cb
fffff8db
00000677
000004f5
00000b57
00001f0e
00002198
000008e9
0000148b
00001756
000016b2
00001151
fffffea5
00000549
00000d22
0000157c
00000915
00000458
fffff7fd
fffffc5a
fffffc4e
ffffff75
0000023a
00000c11
00000d2f
00001606
0000124a
000028c8
00000e4d
00002723
00001b97
000003f2
ffffe10b
ffffe1bf
fffff51b
fffffc55
fffffc86
000006a6
00000e4b
000015f6
00002a67
0000338a
00002247
00000977
00000097
00000846
000009e5
00001475
000003f1
000000b6
000002ec
000006b9
00000178
00000145
fffffb7d
00000246
000004fd
00000580
0000076f
00001354
fffff49d
00001776
00002ec5
0000233c
fffff28a
ffffe989
fffffd01
fffff819
fffff393
ffffec33
fffffb26
00001a01
000015a6
000023f8
00002577
00000edf
fffffb36
000003b5
00000e31
00000638
fffff920
000004c0
fffffe49
00000374
fffff98f
fffffd85
ffffffef
fffffc74
00000bd1
00000e69
00000205
00000622
ffffee64
fffff20c
000016e5
0000085f
00000032
ffffff04
fffffdea
fffffc4b
ffffe2df
ffffe52c
fffff4c9
00001a63
00000712
00000d82
0000186d
00002093
fffff61b
ffffefeb
0000081c
000008af
fffff70f
fffff4e5
fffff8f7
fffff399
ffffec7e
fffff568
fffff8e0
fffff578
fffff0bf
fffff98a
fffff466
fffff6ec
fffff2cb
fffffa0d
fffffad9
ffffece0
fffffa5d
fffff3e2
ffffedbb
000000f0
ffffee24
ffffe830
fffff848
fffffaf1
fffffc0a
fffff590
00001af4
000019f8
fffff520
ffffec96
fffffe34
00000cb2
fffffb7c
fffff462
00000648
fffff7d6
fffff6ca
000001fc
00000302
fffff6a3
fffff211
fffff181
00000977
fffffad6
00000415
00000693
ffffff1a
fffff874
fffff8b9
fffff515
fffff30c
fffff7e7
fffffd3f
ffffeb62
fffff6d7
ffffe8c2
ffffdeac
ffffdc87
00000dad
0000057c
fffff64b
ffffecb1
00000337
0000050d
ffffe724
ffffee0e
fffff880
fffffd43
000000b1
0000031e
00000347
fffffaa5
fffff613
ffffdc14
ffffeeb7
fffff74e
fffffa89
000009a1
0000071a
0000033d
000004ff
0000034a
fffffa55
ffffecbb
fffff547
ffffe8f8
ffffef74
fffff940
ffffef24
ffffec39
fffff6e0
fffff6eb
fffff7ce
fffff3e9
00000550
000007b7
ffffebe1
ffffefe5
ffffee73
fffffdce
fffffa08
fffff6de
fffff802
ffffe8f2
ffffdf3b
ffffde21
ffffe951
fffff009
fffff7a1
fffffb81
fffff482
ffffedfe
fffff016
fffffb56
fffff994
ffffebd0
ffffecb0
ffffe588
ffffef0b
fffff724
fffff655
ffffe725
ffffe5d4
ffffdfb4
ffffe6f6
fffff288
fffff4e6
fffffa8c
ffffeb70
ffffedea
fffff0df
fffff44c
fffff8d5
fffff461
fffff0b9
fffff528
fffff201
fffff007
fffff2e8
fffff291
fffff061
fffff57a
fffff5a7
fffff53a
fffff02a
ffffedd9
fffff416
fffff084
fffff1a8
ffffef06
ffffe8b9
ffffe9dc
fffff046
fffff0a3
fffff29c
fffffab0
fffff714
fffff5a5
fffff03a
00000251
ffffeb18
ffffe9cf
fffff377
fffff360
fffff4c1
fffff5fe
fffff3ef
fffff8b4
fffff9e5
fffff5cf
fffff94b
fffffac6
fffff4aa
fffff6e5
fffffa48
fffff549
fffff8ac
fffff6ba
fffff7c1
fffff70b
fffff411
ffffef9f
ffffeaaa
ffffea7f
ffffefc6
fffff27e
fffff0de
fffff35f
fffff192
fffff042
ffffeb7d
fffffa91
ffffe8ef
ffffedfe
fffff0a7
fffff0b5
ffffede6
ffffee13
ffffeddb
fffff262
ffffed41
ffffeda8
fffff97a
fffff606
fffff40c
fffff410
ffffef7a
fffff2ad
fffff1ea
fffff4a4
fffff565
fffff452
fffff4a2
fffff30f
ffffeec7
ffffee87
fffff3a6
fffff066
ffffed49
ffffec47
ffffecd0
ffffed7b
fffff0dd
00000095
ffffec61
ffffeefc
fffff1b2
fffff26e
ffffec54
ffffe536
ffffe85d
fffff1a7
ffffe2ae
fffffebe
000003ac
fffff843
fffff191
fffff44f
ffffece2
fffff212
fffff042
ffffed02
fffff1f7
fffff636
fffffc28
fffff6b5
fffff456
ffffeef4
ffffefee
fffff2e7
ffffee78
ffffef6f
ffffef14
fffff399
fffff5b8
000000e8
ffffece6
ffffeb8e
fffff28d
fffff502
fffff125
ffffd671
ffffc592
ffffdb69
ffffecd7
000006be
00000ff6
00000394
fffff6f4
fffff559
ffffeebb
fffff27e
fffff974
fffff2e4
ffffee83
fffffaf4
fffffe9a
fffff336
ffffeee3
ffffece3
ffffef8a
fffff618
fffff44c
fffff2d3
ffffeec9
fffff5d4
fffff42b
0000020b
ffffec06
fffff13d
fffff5cc
fffff826
fffff39e
fffff135
ffffd568
ffffd158
00000644
0000097c
000019af
000005d4
ffffee49
fffff44a
fffff691
fffff823
00000013
fffffe43
fffff77f
fffffd6b
fffff675
ffffec23
ffffeba5
ffffebbd
fffff3d5
fffff709
fffff34c
ffffef9b
ffffed67
fffff49e
fffff422
0000041f
fffff03f
fffffd11
fffffed2
fffffbf7
fffff661
ffffea56
ffffd859
ffffeb5a
0000096b
fffff286
ffffffca
000006f0
fffff0da
fffff802
000008d7
00000350
0000048b
000001aa
fffff37b
fffff672
ffffef8a
fffff3f7
fffffc13
fffff767
fffff50a
fffff97d
fffff615
fffff3ed
fffff6e0
fffff9e2
fffff746
0000027b
fffff429
00000c9d
00000834
000003a5
ffffee1e
000004ef
ffffdde1
00000155
fffffc99
ffffeeec
fffff107
fffffcf2
ffffe6c7
ffffebd4
00000879
00000c45
000007fc
fffffafa
fffff41a
fffffefb
0000000f
00000354
00000c87
ffffff23
0000006a
00000412
ffffff6e
0000001d
fffffea6
00000647
fffffbfa
000004b7
ffffee28
00000015
fffffbd9
fffffb99
0000041d
0000122f
00000aec
ffffe999
00000089
fffff683
fffff696
fffff4b8
ffffdd3d
ffffe61a
00000301
00000d01
000003a4
fffffb1b
fffff728
00000008
000000f5
ffffff47
fffffca4
fffff9eb
000008d1
00000347
00000367
fffffd56
00000411
0000059d
fffffdfb
00000b30
ffffdfed
fffff691
ffffeaab
ffffedd4
000000f1
0000102e
0000089c
ffffea4a
ffffe57d
0000014b
ffffffa4
ffffef8a
ffffe4b6
ffffce8b
ffffe605
000002e9
00000362
fffffbf1
fffff7b2
fffff487
ffffea57
ffffee4b
ffffeaa1
fffff0c2
fffff33e
fffff595
fffffa33
fffff39d
fffff5e8
fffff238
ffffee55
0000045a
ffffe30f
fffff84a
ffffee00
ffffee1a
fffff924
fffffb28
000010f7
fffff853
ffffcfaa
ffffec70
000007fc
fffff334
ffffef19
ffffecaf
ffffc3d8
ffffd852
fffff5fe
fffffefe
ffffeecf
ffffec75
ffffea0e
ffffe907
ffffeec5
ffffee6e
ffffe921
ffffec04
ffffeb68
ffffefde
ffffeb67
ffffe883
ffffe78e
fffff999
ffffe2d0
fffffcc3
fffff158
fffff5be
fffff53f
fffff708
00001c65
000015ce
ffffe451
ffffe9ce
fffffe91
ffffed6a
ffffe661
ffffe76b
ffffd3b8
ffffdbba
fffff4e8
0000051c
000005b2
fffff348
ffffead2
ffffeddf
ffffea78
ffffeb22
ffffec70
ffffef60
ffffee71
ffffed2c
ffffedc1
ffffef2b
ffffeab7
0000037f
ffffe3e7
fffffbb4
fffff13f
fffff4d1
fffff85a
fffffc21
00000fd9
000008e8
fffffab8
fffff5dc
fffff6d1
ffffe9fd
ffffdb1e
ffffd225
ffffdfe1
fffffb6a
fffffc6b
0000039c
000002c3
000004a6
0000031b
0000069d
00000879
ffffff59
fffffbc3
fffff616
fffff23d
fffff4c5
fffff45a
fffff188
ffffec78
00000787
ffffe524
fffffa6e
fffff08a
fffff86a
fffffb2b
000002e0
00001343
00000762
ffffef7c
ffffe1e4
fffff0ce
fffff323
ffffd100
ffffdda5
00000392
00000b98
0000121b
fffffb60
ffffef28
fffff2bb
fffffd7d
00000f92
000015f9
000006f6
0000001d
00000341
0000075c
000004b6
fffffe16
ffffee6e
ffffe9c7
000007b4
ffffe9e7
fffff3c7
fffff3cd
fffffce4
00000154
00000872
00001720
00000376
ffffe934
ffffde81
fffff1a6
fffffac3
ffffe421
fffff6a5
0000068a
fffffce9
fffffc0d
ffffe330
ffffdf44
fffffa02
fffffe61
000002ed
000011fc
00000d0c
00000494
fffff7a2
ffffffcf
0000073c
000000ce
ffffed6d
ffffe932
00000a41
ffffed6b
fffff815
fffff6de
fffffc44
0000058c
00000bcc
000014fc
00000709
ffffea85
ffffe51a
ffffe2f3
ffffea8c
fffff4d7
00000332
fffff566
fffff618
fffff24c
ffffe290
ffffeec7
fffff6bf
fffff761
fffff66b
fffffde6
0000073e
000009f2
000003ee
fffffa55
fffff7cb
fffffa69
fffff393
ffffee36
00000de0
ffffe9d5
fffffa55
fffffb72
fffff98d
00000142
00000d52
0000120b
00001045
fffff17c
ffffe065
ffffd6f0
fffff93a
00000a0f
00000434
fffffab5
fffff7d6
fffff597
ffffeeea
fffff18d
fffff10c
fffff9b2
fffff786
fffff2de
fffffa2d
fffffc48
fffffb84
000003a7
fffff1e1
fffff9f3
fffffa1b
fffff509
00000b2a
ffffe973
fffff846
fffff4bf
fffff5a8
fffff8e9
000006d7
00001224
0000138d
fffff89a
ffffd9a9
ffffc963
fffffcb1
00000e40
fffffe96
fffffdfe
fffffda5
fffff86e
fffff670
fffff0b4
fffff24f
fffff547
fffff044
fffff12d
fffff8ed
fffff930
fffff6cb
000004d4
ffffeae2
ffffeb7a
fffffb12
fffff835
000008ea
ffffeab6
fffff66d
ffffed5b
fffff251
fffff8aa
000001d0
00000b3b
00000f40
00000202
ffffe93c
ffffe845
ffffeab8
00000192
fffffa7c
fffff60f
fffffb88
fffffa24
fffff7cd
fffff4ec
fffff15c
fffff30b
ffffef23
fffff14c
fffff7e9
fffff6f3
fffff225
fffffecc
fffff085
ffffe666
fffffb59
fffff9cd
00000657
ffffeaf3
fffff466
fffff432
fffff6be
fffff7bb
fffffdeb
0000077a
00000e57
00000f9d
0000074b
fffffa17
ffffe616
ffffe731
fffff76d
fffffcfd
fffffbfe
fffffa0a
fffff677
fffff8fe
fffff573
ffffedde
fffff155
fffff19c
fffff762
fffff6a0
fffff7af
00000249
ffffef11
ffffe67b
fffff84c
fffffb01
0000046f
ffffefb6
fffff74b
fffff827
fffff806
fffff52e
fffff77d
fffffe94
0000072b
000013b9
000018cf
fffff611
fffff142
ffffd3ee
ffffe704
000002fe
0000098c
fffffb1e
fffff705
fffff99e
fffff63e
fffff013
fffff568
fffff503
fffff561
fffff4cd
fffff7a6
000002c6
ffffe9e8
ffffdf97
fffff80a
fffff7be
00000135
ffffee4d
fffff913
fffff5c3
fffff53c
fffff462
fffff619
fffff950
fffffcbf
00000b87
0000216a
0000177b
fffffb75
ffffe263
ffffe7d1
fffffdee
00000267
0000037d
fffff8c1
fffff726
fffff8fb
fffff893
ffffefca
fffff642
fffff435
fffff5bb
fffff71b
0000009f
ffffead4
ffffe5af
fffff934
fffff379
000000ea
fffff06a
fffffaf0
fffffb39
fffff70e
fffff413
fffffb22
fffff5ec
fffff835
fffff894
000005bb
00001542
00001262
00001a14
000000f2
ffffe7e1
ffffe61a
000004bb
fffffab1
fffff709
fffffada
fffffd98
fffff68f
fffff627
fffff4b7
fffff474
fffff4c8
000001e4
ffffed19
ffffeb4c
fffff830
ffffec93
fffffd5a
fffff037
fffff8fe
fffff371
fffff34c
ffffed92
fffff33d
fffff098
fffff4b4
ffffff32
fffff6e8
000008e9
00001218
00001baf
00000c0b
fffff48f
ffffdb4c
fffff859
fffffef7
ffffef57
fffff273
fffff964
0000020e
fffff9ce
fffffa59
fffff948
fffff300
fffffc7f
ffffece8
ffffebbe
fffff613
fffff01c
0000017d
fffff141
fffff5f4
fffff36c
fffff558
fffff3a4
ffffef03
fffff5da
fffff855
000003a9
fffff95c
000004ca
fffff53a
fffffb32
00000ad6
fffffa27
ffffe661
ffffe5c8
fffff433
ffffee4b
ffffe54b
ffffe93a
fffffc48
fffff2a8
fffffa19
fffffe5e
fffff447
ffffefcc
ffffea4b
ffffeb25
fffffa15
ffffec76
000003d3
fffff262
fffff8e4
fffff0d0
fffff383
fffffa77
fffff2b7
fffff928
fffffe72
000009cc
fffffe79
fffffee8
ffffee44
ffffeac2
fffff1f1
000004ed
ffffe5d1
ffffdd88
fffff279
fffff8ee
fffff6b8
ffffeec1
fffffb13
ffffeaa8
fffffbe9
00000398
000007db
fffffefe
fffff1bf
fffff7b7
fffffb65
ffffebb6
fffffca4
ffffeb07
fffff14b
fffff256
ffffef7d
fffff86c
fffffd3e
fffff7cd
0000049e
ffffff12
fffffa80
fffff8a6
ffffdf84
ffffd8af
fffff7b3
00000591
ffffdfdf
ffffcfdd
ffffeffd
0000001a
00000298
000006f5
ffffea05
fffff213
00000069
ffffebce
fffff9c1
000002f7
000007bc
000005c7
0000023f
fffff87e
00000576
ffffee41
fffff8f1
fffff09a
fffffb0d
fffff7c3
000002ac
fffff692
ffffef2c
0000001a
000002c4
fffffecb
fffff10a
ffffe7ba
fffff8a3
000002f2
ffffe13b
ffffd63d
fffffb42
00000a88
000009c7
00000010
fffff070
ffffe07e
00000375
ffffe035
fffff1ee
fffffea5
ffffff07
fffffea2
fffff231
fffffcad
00000ba9
ffffe8c3
fffffa74
fffff339
fffff95e
fffff666
00000008
fffff5eb
ffffe78c
fffff23c
fffff3a1
fffff6f9
fffff6e1
00000111
ffffffbc
fffff885
fffff6fb
00000584
00000cae
0000054d
fffff945
fffff667
fffffdc6
fffff4bd
fffff23c
ffffe7f8
ffffe8bd
ffffed2f
fffff669
fffff5c2
ffffe91c
fffff077
000003a7
ffffe5bb
fffff256
000000b7
fffff2c5
fffff456
fffff9bd
fffff63b
fffff526
fffff544
fffff6a2
fffff7ed
fffffedf
00000a5f
000009d4
fffffca1
fffffa75
00000b70
00000181
ffffef33
fffff354
fffff4c5
000004e0
00000f77
fffff30e
fffffcfe
00000270
fffffc4c
fffffed9
fffff8f9
fffff594
ffffecbd
0000036b
ffffe1de
fffff41a
fffff7f1
000001e6
fffff91e
fffffadf
fffff537
fffff1e1
fffff83c
ffffeb99
000002df
fffffb73
fffffd52
0000021d
000002aa
fffff987
fffff64e
fffffe4c
fffff753
fffff23e
fffff820
fffff00c
fffff671
000005b9
fffffebe
fffffdcf
00000cfd
fffff4fb
fffff129
fffff30d
ffffe694
00000570
fffff985
0000086e
00000b38
00001137
00000e0d
000011dc
0000121e
00000d76
000012ad
00000a89
00000b2d
00000f59
00000acb
00000e0d
000008c9
000009bd
0000098b
000008c9
00000429
0000070d
00000934
fffffc92
000006a1
00000d4c
00000f4c
00000b48
0000103f
00000367
fffffef6
00000ad4
0000033e
00000a6f
fffff7b5
fffff428
fffff4db
fffff716
000003b7
00000590
00000af2
00000967
000005f8
000003c3
000008fb
0000088b
00000760
00000369
00000875
000006ff
00000410
000003c3
00000216
000008a5
00000c6e
000001d9
00000006
fffffa57
fffff601
fffff71b
00000758
000007b2
fffffab4
000000d2
000000f6
ffffffd4
00000702
00000326
00000397
000001db
0000103c
00000e18
0000195a
00001438
00000f0f
000010ad
00001644
000014fd
0000185d
000008fe
00000e8d
00000d7a
00000ffe
00000c30
00000a3d
00001bdc
00001746
0000080a
00000c47
00000c9a
000001c5
0000026b
0000116b
000010db
fffffefd
fffffb41
000007b6
00000d74
000006ec
ffffff6e
000008fc
00000878
000015ab
00001601
00001f9e
000017a0
00001365
00001ae9
00001d19
000016ca
0000199d
000006ad
00000b05
00000ac0
0000102b
00000a2c
000008b4
00001937
00001b70
00001261
00000f09
0000109e
000007fd
00000b66
0000163c
000014ac
00000aee
00000723
00000d78
00000e47
000002de
0000007e
00000cb3
00000a95
00001955
00001e3f
00003e6b
00001afc
00001b26
000008f4
000005bf
0000133e
0000123c
ffffffbe
0000080b
00001323
000012b1
00000986
00000c89
00001af0
000018a8
00001592
00000d8f
00000d76
00000e96
00000ee5
00001732
0000164a
000010c5
00000f9b
00001298
00001409
0000047d
0000031c
000013dd
00000fb7
00001795
00003517
000040d2
00000b76
fffff02d
ffffea3c
00000b50
00000c9c
00000840
fffffe39
000008bc
0000169f
0000180e
0000132a
00001669
00001d6f
000011b8
00000dab
00000cec
00000d49
000016f6
000011fc
0000141f
00001586
000017dc
000014ee
000013e3
0000149a
00000392
00000501
00001b97
00001b09
00001b7d
00003e63
000040cd
0000108b
ffffddba
fffff7c3
000010f7
00000afb
000006ad
00000807
00000dae
0000163e
00001945
00001841
00001f10
000017bb
00000b4d
00000e41
00000e36
0000103c
00001997
00001801
000015d5
000012e1
00001aaa
0000183e
000013ed
000011c8
00000726
00000c87
00001e63
00001f76
00002499
0000455c
000034ff
00001f4d
fffff92f
00000a15
000019d3
00000f7b
fffff79f
0000080e
0000146f
00001eb3
00001f62
00001a33
00002174
00000bfa
0000042a
00001749
00001654
00001775
00001a22
000018e7
000018a2
000014a0
00001f7f
00001991
00001b92
0000131a
00000063
000009c9
0000225c
00002fcf
00002810
00004f7f
00001b73
000007d5
fffff948
000009a4
000015f5
00001ff7
ffffffe1
00000e5f
00000378
00000bf3
00001dc6
00002108
00002e96
00001ceb
0000125a
00002819
00001d61
00001f80
000023c3
000027f2
00002296
00001d04
00002def
000025cd
00002aa2
00001dec
fffff790
00000713
00001015
00001ceb
00001fe4
00004537
00000332
00000d5f
0000002d
00001cf6
00001f4a
00000bec
00000c30
fffffb2b
ffffea26
ffffff9a
00000c88
0000116f
00001f37
00001ad2
00000f26
00001ff6
0000179c
000010cb
00001279
00002605
00001866
00001c56
00001c7d
00001fe3
000029b4
00001301
ffffef99
fffff93f
0000042c
00001644
00001d2f
000022d2
00001867
0000140b
00000eab
0000277e
00000734
00000a77
ffffee17
fffff454
ffffd8c8
ffffda5b
ffffed43
0000085b
00001703
0000125f
00000a2a
00000a8c
0000040d
00000ab9
fffffe7d
00000c15
000001bc
00000900
00000e3e
00000a74
0000196e
00000010
ffffed0f
fffff526
000006bb
00000a42
00000f49
000008fa
000018f3
000017a0
0000281c
000017ca
ffffe909
ffffeb72
ffffde19
fffffe30
fffff3ea
ffffb75b
ffffc61d
fffff846
000017a3
00000ea0
00000065
00000276
00000018
00000393
fffffcdd
0000044b
fffffa84
ffffff46
00000621
00000774
000015ea
0000091c
fffff1b6
fffff44a
00000886
00000906
00000650
00001723
000026f5
000018cd
0000157f
00000d6d
ffffec9f
ffffd517
ffffe870
fffffb9d
fffff158
ffffd5c1
ffffb877
ffffe635
00001d7c
000010e3
000004d7
000002f9
00000ae4
00000b2a
00000a1a
00000589
fffffe81
fffffd7e
00000196
000003c3
00001a0b
000011d5
ffffef55
fffff2d0
000007b6
0000070a
00000684
000016a7
00003828
000007ba
fffffc19
00000ab3
0000008d
ffffe9b3
fffff980
fffff3c4
ffffe12f
ffffe04a
ffffe858
fffff452
00000672
fffffd73
fffff298
fffff954
000000a3
0000117b
0000117f
00000a64
00000410
000008a0
00000720
00000578
00001c6b
00001232
fffff05b
ffffef3b
0000048b
00000147
0000048f
000015b2
00003305
000002f0
fffff109
00000395
0000083e
ffffea0d
ffffec80
fffff822
ffffed0f
00000a97
0000133d
0000126e
00000eb5
fffff184
ffffe782
ffffec5c
fffff502
fffffcee
fffff5f2
fffff3d1
fffffc8e
00000894
00000c45
ffffff60
000016f4
00000e9b
fffffa49
fffffb1d
00000559
000003a6
000008c9
00001655
00003281
000000f8
fffff7ac
000003dd
00000545
ffffe7b6
ffffe4e9
fffff577
0000034b
00001694
000015f4
00000ea9
00000b79
fffff58d
000004ea
000009c2
000004a0
00000840
000005fa
000006f3
fffff405
fffff74a
000008cd
000000f5
000011f6
000010ed
0000015f
0000024a
00000c4c
00000e40
00000ccc
00001796
00003352
000003bd
fffff3af
ffffff1e
00000936
fffff61d
fffff12b
00000711
00000ab8
00001769
00000e28
00000ae9
0000058a
00000620
00000eaf
00000e12
000006d5
000008e6
0000098b
00000f00
0000011c
ffffec6b
00000495
ffffff57
000015ac
00001741
00000559
00000afe
00001021
000012d0
00000dae
000014c7
00002fca
00000adb
fffff806
00000403
00001b96
0000026d
00001196
0000122f
0000116f
0000120f
00001176
00001000
00000fd6
00001104
00001072
00000b6b
00000bcb
000007ae
ffffffe5
00000a0b
00000521
ffffe426
00000266
0000028d
00001d60
00001b88
000005d7
00000e6e
000012f7
00000f28
000011a3
000010d0
00002757
000018dc
fffff577
00000680
00001a6d
0000054c
000004aa
fffffb1c
000005c3
00000ad3
00000cd6
00000d4c
00000f07
00000ac1
00000bc1
0000098a
00000e5b
00000c01
000004fe
000009e4
00000718
fffff0a7
00000a6a
00000c3b
00001df5
00001820
000009e9
000011cb
00001424
0000165b
000014d0
00001460
00001b26
00001c13
fffffa1a
fffff6b1
00000a92
00001029
fffff83c
fffff21d
00000865
000002b0
00000a56
000008b3
00000ba6
00000c80
00000d96
00000de1
00000b83
00000bbb
00000631
000008f3
00000a45
ffffefe9
00001430
00000fe6
00001e41
000016be
000009b2
00000b60
00001355
000017f7
000019c5
000017be
00001177
00001acb
0000005b
ffffed1d
000000ca
00000093
00000e7f
000007f2
00000cf1
00000950
000008ce
00000943
00000aa2
000009f6
0000101c
00000c42
00000bb7
00000e4a
00000910
00000bdc
00001193
ffffece7
00000ff6
00000e7f
00001e1e
000017bc
00000bfa
00000e76
000017a3
0000162b
000018e0
00001829
000012c5
00000f35
000009d1
ffffeb5d
fffff93e
fffffde9
00002b2b
00001ba1
00000c3c
00000903
00000b4c
000005b7
00000be2
000008c9
00000e19
00001163
00000dee
00000c63
0000046c
000009fe
00001152
ffffece5
00000c9d
000011ff
00001ee8
0000164c
00000d7e
00001559
00001bd5
000014d4
00001868
00001a13
00001405
00001123
00001433
0000018b
ffffefe7
000003e3
00001adb
00002138
00000ed3
ffffffb0
00000db6
00000219
00000835
00000458
000008ba
0000136d
00001354
00000bf9
00000811
00000d93
0000132e
fffff436
00000f28
00001699
00001a7f
0000104f
00000f6f
0000100b
00001843
000016d3
00001a3b
000022c5
00001617
0000193a
00001a08
00000c1a
0000094b
ffffffdc
0000119a
00001299
0000073b
0000136b
000005da
0000012b
0000090c
0000087f
0000058c
00000d0a
00000c1b
00000599
000004f5
00001035
000010ae
fffff893
00000e37
00001644
00001991
00001123
00001029
0000074d
0000107b
00000f05
00001949
00001ddc
00000d24
00000bf8
000017c2
000011ab
00002694
00000885
00000daa
fffff8c4
000007ec
00000ca3
0000085f
fffffc06
00000f32
00001ac6
00001194
00001dcd
000016ae
00000e52
00000998
00001107
00001644
fffff76b
00000c29
00001633
000027b1
000010c3
00000c9e
00000d6f
000013c7
00000ac7
00001176
000013e1
00000679
00000c4c
00001d15
00001648
00002fd0
0000083e
000009ea
fffff26c
fffff5f5
fffff782
fffffdc6
fffff885
000007dc
00000e3b
00002206
0000117b
00001b04
00000a92
000002c7
000011e6
000015da
fffff63f
00000785
00000eef
00002f56
00001831
00000392
0000064c
000014ac
00001233
00001586
000012c0
00000e72
00001909
000021d7
00000bf9
000034dd
00000ac2
0000004d
ffffe9c6
ffffed53
ffffe6e7
ffffeb2e
fffff386
0000008c
00000d10
00002809
00002eb7
00001dd6
00001aea
fffffa71
00000809
00000cc0
fffff552
000000e5
00000a5f
0000236c
00001272
fffffb42
00000338
000013a8
00000f52
00001255
000013fa
00001851
00001d1d
00000e33
0000038d
000022e6
0000040c
fffffa47
ffffef30
0000125c
ffffe73c
ffffe396
fffff61c
00001249
00001bf7
000021d8
0000358c
00003051
000020e2
000014df
00000bd9
000000f7
fffffe18
0000050e
00001a6b
00002135
00001b8c
00000072
000009df
000017b3
00001aee
000017c0
000020c6
00001aed
00001daf
00000f75
00001d19
00000f4d
00000703
000012db
000009a7
000027fc
00000e08
000002aa
00000f16
00001afc
00001d2d
00001303
00001bc8
00003aad
000008a0
00002245
00001f52
fffffdab
00000b95
00000662
00001935
00001cf4
0000123f
000002ff
0000018b
00001382
00001cdb
0000167e
000020f4
00001bc4
00002085
000018f9
00001d23
00000e66
000013d5
00001365
00002061
000020f5
00001374
00002073
00002448
0000185d
000023b5
00001acd
000020c4
00003d6c
000024a6
00000baf
00001e6a
0000165f
00001739
00000251
00001177
00002357
000012f6
fffffc82
fffffdaf
00001583
0000192c
00001409
00001fc0
00001e7a
00001cdc
00001c64
00001e98
0000122a
00001033
00001d65
000020f5
00001e79
00001c30
00002006
00002452
00000df9
00001bd1
000011b5
00000698
00001123
00002219
00001a96
00002456
00002f1b
0000226a
0000042d
00000c42
00001db2
00000e72
00000663
00000d53
00002126
00002797
00002423
000024f7
00001b00
000012fe
000014ff
000013e0
00001230
00002662
00002795
000029e7
00001fe3
00001683
000017e2
000026e1
00001492
0000165f
00001031
00000b20
00000d8d
00002523
00001eb8
00001253
0000204d
00001d93
000013da
00001c07
00002798
00001d84
0000048e
fffff644
00000508
0000056f
fffffe7a
000007f6
fffffc74
fffffd26
000005af
00001125
00000bc9
fffffdbb
000002f4
ffffffa3
00000531
ffffff88
00000188
000006b1
000002f4
fffffe9b
00000379
fffffdb8
fffffebf
fffffedf
000003f1
0000023a
00000736
000009fb
0000051c
000006ef
00001471
00000179
000006cb
00000f24
000006b9
00000553
000006c7
00000a2b
00000b01
000009ce
0000074b
00000667
00000928
00000838
00000a85
00000cca
00000a93
00000a42
00000b46
00000bd8
00000316
00000d08
00000bbd
00000918
00000b55
00000cad
000004e7
00000657
00000c1a
000009c7
000006d6
00000b0c
000010dc
fffff726
0000009f
000008ab
00000619
ffffffbc
000001ca
00000a18
0000094d
000006e8
00000266
000002dc
00000908
00000abd
00000ee9
0000086d
0000044f
000008d2
00000861
00000af3
000003de
000006ec
0000095a
0000066e
00000842
00000bb2
0000076b
fffffe8d
000006e4
000008a7
0000050c
0000021b
00000fa6
fffff8a8
fffffc11
0000012a
00000902
0000033d
000004e4
00001356
00000d3d
000007f0
00000bb1
0000000a
00000371
00000f1c
00001471
00000ac1
000000a2
00000945
00000ee6
000009c9
0000066c
000008b1
0000085f
0000095d
000004cf
000003eb
00000635
000002f5
00000591
00000bc5
00000828
0000000d
00000e02
fffff9bb
fffffdcb
00000148
0000067e
0000041a
00000c01
00001ae8
00001b05
00002ce2
00000de6
ffffedc9
fffff389
fffff618
00000c78
00000bc6
ffffff44
000001af
0000090f
00000558
000001fe
000005ad
00000d58
00001005
00000ac8
000004b8
00000623
000005e7
000007de
00000c6d
00000892
000001c4
000011db
fffff8a4
fffffb34
fffffeaf
00000044
000002ad
00000d50
00002167
00004f96
00003245
ffffd728
ffffe64c
000000f4
fffffd42
fffffe4b
0000040a
0000021b
000003ef
000000f4
0000035f
0000061a
00000642
00000e01
00000b57
00000a11
ffffff04
00000373
000005e2
000007a9
00000b67
0000054c
00000879
000013e2
fffffb5b
fffff5e7
fffff9b9
00000101
0000022d
0000063d
000022b8
00004888
00001c79
ffffc75d
ffffffe6
0000071a
fffffc9d
fffff94f
fffffc47
fffffaf4
00000160
0000009d
ffffffbf
00000a83
00000a67
00000911
fffffedd
000000cd
fffffe5a
0000038a
00000600
00000871
0000062d
000001a5
0000099e
00001166
fffffb42
fffff542
000002bd
00000825
00001664
0000131c
00001cd0
000023a9
fffff0de
fffffb98
00000a74
000007f4
00000080
fffffe80
fffffcd5
00000430
000008db
00000ad1
00000729
00000a18
00000a79
00000177
000004c0
000005ff
000003cc
00000615
00000afa
000009a8
0000092a
00000370
00000b32
0000136b
00000016
0000046f
000001c9
00000c28
00001c2f
00002452
00000564
ffffe4df
fffff995
0000186d
000016a9
00000cb0
00000941
0000042b
00000a64
00000b4f
00000dcb
000007cd
00000c5b
00000d3d
00001436
00000d55
000017fa
00001861
00001054
00000dbd
000016c1
0000161e
00000c96
00000dc4
00001243
000017f6
000003d7
000005b1
000004e6
00000e05
00001668
00001b15
ffffffca
ffffd04d
ffffeb8d
00000a3c
00001d46
0000122f
0000033b
00000531
00000ced
00000caf
00000973
00000c7d
00000fc8
00001875
0000246c
00001629
00000e9e
0000160a
00000c82
0000140c
000017e6
00001319
00000edc
000015f8
00001844
0000212d
fffffc96
fffff82b
ffffeee0
00000526
00000569
000005f4
00001561
000005a7
ffffee4b
0000110f
000026eb
000014ac
ffffde15
fffff033
000003f9
00000352
0000018c
fffff202
fffff813
00000634
00000e7a
fffff8d2
fffffc4d
00000069
000001c9
000007b4
000000dc
000002a1
fffff9e9
000008c5
0000095f
00001bf1
ffffed93
ffffe923
ffffe739
00000070
0000047a
fffff931
ffffff20
fffffee6
ffffdb74
000006f9
00002306
000007b7
fffff056
fffff82e
000002f8
00000009
fffff877
ffffe98b
ffffdb06
fffff237
fffff94e
ffffe892
ffffedcf
fffff3bf
0000027b
fffff9ac
fffff77c
fffffa5c
fffff08f
fffffc33
fffff8c7
0000155a
ffffe84b
ffffe362
ffffe98d
ffffff1d
fffffce0
00000753
00000392
fffff4fe
ffffe864
0000049f
ffffff4d
fffff523
fffff588
00000587
00001507
0000022a
ffffdc88
ffffdb1c
ffffe1d6
ffffeca8
ffffe285
ffffe7c1
ffffe576
ffffe5e9
fffff533
fffff293
fffff874
fffff717
fffff5d5
fffffe04
fffffcf0
00001acd
ffffeecc
ffffe592
ffffe718
fffffeb2
fffffd45
fffffa0e
00000e7c
fffffb4a
ffffeb81
fffff6c4
000017dd
fffffc67
fffff12a
000012e6
00000332
ffffe16d
ffffcebc
ffffeb91
fffff1a8
fffffee3
fffffbec
fffff124
ffffddcc
ffffe0c0
ffffeb63
ffffe100
ffffdbd9
ffffec40
fffff50c
fffffbeb
fffffc6b
000018de
fffff2d2
ffffe389
ffffe737
fffffcd2
fffff8c7
fffffc92
00000a88
000000fd
fffff643
fffffca9
0000226f
ffffff54
fffff984
000005f1
ffffe73e
ffffe1ea
ffffedc4
fffff267
00000be1
000002c5
ffffea60
ffffe12b
ffffdccb
ffffe749
fffff17a
ffffeeeb
ffffe437
ffffe1f8
ffffe940
fffff3c4
fffffb3b
000013b0
fffff2e5
ffffe033
ffffeacf
fffff3d4
fffff4f6
fffff799
00000347
000004e4
fffff777
fffffa4e
00000dc0
00001a13
000008b9
ffffe7bd
ffffdddd
fffffc25
00000a03
00000c9f
00000f4a
fffffaa1
ffffef55
ffffe98c
ffffe5e7
ffffe90d
ffffe582
ffffe57d
fffffbf9
ffffe223
ffffe43f
ffffecc6
fffff869
0000093a
fffff1e2
ffffe453
ffffeea3
fffff2de
fffff637
fffff3c5
000001d9
000004ab
fffff4be
fffff501
fffff86d
000014de
00000d12
ffffe532
ffffeffd
00001163
00000c30
00000c9f
000005a6
fffff89b
00000107
0000015e
00000101
00000150
fffff830
ffffe179
fffff4a8
ffffe780
ffffde48
ffffef6a
fffff5c0
00000583
fffff300
ffffe8f8
fffff27f
fffff9d9
fffff8af
fffff4e6
ffffffcc
0000046a
fffff23e
fffff53a
fffff753
000002ac
00001306
ffffffed
00000668
00000ab0
00000cc3
000004ad
fffffe39
00000536
0000084e
000005a0
0000063a
000002b9
0000035c
000004d2
ffffed51
fffff0b8
ffffe739
ffffe696
fffff12f
0000017c
fffff7b9
ffffebec
fffff9e9
000002d2
fffffada
fffff8fa
fffff7e6
00000101
fffff9bd
fffff0b2
fffff8c6
fffffcfa
000011ab
00000e1e
0000117e
00000861
0000050f
00000936
0000035f
00000729
0000069d
00000a6e
0000071e
000007ad
000003f4
00000506
fffff5e3
fffff5a6
ffffe7d0
ffffe8e1
fffff738
00000516
fffff97e
ffffee93
fffffbce
ffffff00
fffffb1c
fffffc31
fffff6ef
00000656
00000068
ffffe4d4
ffffefd1
ffffff9e
00000a11
00000942
00000839
00000ca5
0000023a
00000323
000003d6
0000022f
00000288
00000a5f
0000072e
00000989
00000850
0000027b
fffffef1
fffff9a3
ffffeba3
fffff1b7
fffff6a9
0000097b
fffffb98
ffffefab
fffffcf5
00000074
000000ba
0000020b
fffffed1
00000327
00000b74
ffffe7e1
ffffe588
000000be
fffff02e
fffffd02
00000dad
00000bc4
00000880
0000099c
000007ec
000000b5
000004f3
000007b3
000006e5
0000048b
000007e4
000001b8
ffffffe0
fffffadc
fffff517
fffff71e
ffffff3b
00000fda
fffffc29
ffffeec5
fffffaef
fffffe57
00000226
000002f6
00000537
fffffee0
00001015
fffff89d
ffffdf98
fffff840
ffffeeb3
ffffff67
00000e7e
000009cf
00000efb
00000d49
00000633
000003a5
00000468
000000ca
00000785
00000ac3
00000828
000007e1
00000416
fffff98b
fffff780
fffff608
000004b0
0000190a
00000048
fffff315
fffffef4
000002b0
00000562
00000567
000008b7
000004b0
000005c1
00001754
ffffefd7
ffffe1b0
fffff6a9
fffffa4f
00000ec5
000009c7
00002208
000010ec
00000cf1
00000762
0000081c
fffffffc
00000a29
00000c68
00000850
000005dc
00000347
fffffe29
fffff81e
fffff2f4
00000649
00001c02
0000034d
fffff9bd
000007d3
00000b66
0000085d
000009ee
00000f9e
00000d6f
ffffff83
00000eb0
00000c44
ffffe0bd
fffff2af
fffff40c
0000004a
fffffdc7
fffffa9b
00000861
00000f42
00000a50
00000e89
00000e52
000002da
00000bfa
000008d8
000006b3
0000075b
0000059d
fffff8c1
fffff640
00000abb
0000199d
0000021f
fffffc1b
000003ca
0000070e
000009fd
00000824
00000b3a
00000c70
ffffffa9
fffffcec
00000f4f
fffffbda
fffff8e2
fffff0dc
fffff6d6
00000994
fffffce1
00000ba3
0000124a
0000126f
00000de5
0000157c
00000bf5
00000e0a
00000b65
00000547
0000052d
00000b4f
00000120
fffff0ad
00000356
000022ad
00000304
fffff6b5
00000435
000003cc
00000427
00000454
000006c6
0000003e
fffffbec
fffff98f
ffffff1e
00000354
0000066a
fffff7d8
fffff4ef
fffff891
ffffef54
000015af
00000abf
00000a45
00000d1d
fffffea3
000014a8
00000c2d
00001285
000009de
00000b30
0000119f
00000066
fffff141
0000077b
00002abc
fffffb3d
fffffa40
000004d1
00000751
00000167
fffffcb9
fffffb7f
fffff519
fffffda9
fffff8eb
00000483
00000b30
000001db
fffff0bf
fffffe3a
ffffe0b1
fffffb28
00000d73
fffffba5
fffff9b5
ffffffe1
00000627
000008ab
00000c17
00001b05
00001a77
00000632
0000094a
fffff73e
ffffe5ed
fffffa23
00001f25
ffffff12
fffff24b
fffffde8
ffffff98
fffffefe
fffffe3f
fffff4eb
fffffc13
0000033b
fffff8ba
ffffffae
00000b2c
fffff896
fffff8ab
fffffefc
ffffeaf9
ffffed24
ffffe505
fffff1c5
fffffaf0
fffff04e
fffffedb
0000099b
0000101c
0000234f
00000b05
fffffb35
000001f2
fffff67f
ffffee44
fffffa3a
00000c5b
fffff369
fffff10e
fffffb03
fffffec7
ffffffea
fffffda4
fffff86a
fffffa16
00000699
ffffff34
fffff7cd
fffffea0
fffff50a
ffffea99
fffff143
ffffec4d
ffffdb6b
fffff1c6
fffff867
00000628
fffff7df
fffffb67
000008fb
00000ea6
00001592
fffffe41
fffff958
00000192
000001a9
ffffeceb
ffffee39
0000057d
fffff54a
ffffedb9
fffff22e
fffffb54
fffffebb
0000061e
fffffe56
000000c3
0000054d
0000047d
fffff7ed
ffffed21
ffffe888
ffffe17f
ffffebd0
fffff576
fffff4d1
fffff59d
fffffa17
fffff767
00000372
00000621
00000302
00000c27
000003e2
fffff739
fffffc9e
fffff17a
fffff475
ffffea48
fffffa79
00000bc8
fffffcba
ffffee36
fffff986
ffffffb4
0000033a
00000d0f
fffffecc
fffff898
fffffc0d
0000001c
fffffecd
fffffd2e
ffffefa4
ffffedf1
fffff09e
fffffd63
000007d9
0000012c
fffffe11
000007bd
fffffe5f
0000064c
fffffddb
0000072b
fffff565
fffff1b3
000008cd
fffffc23
fffff2c9
fffffb4a
fffff706
00001dba
fffffb75
fffff4c9
fffff39c
fffff784
ffffeead
fffffe62
fffffd8f
fffff4f8
fffff983
00000422
000002a6
fffff0c7
ffffedfc
ffffee16
fffff631
fffff6cb
fffff641
fffff443
fffff9f2
00000461
fffffe4b
fffff7c6
fffff063
fffff0a9
fffff6f0
fffffd51
fffff9a6
fffff0fa
fffffbf6
fffff7e1
ffffef2c
00000642
ffffdff3
fffff0fe
fffff527
fffffc8c
fffffd29
00000550
fffff6bb
fffff745
fffffbf7
fffffdec
00000627
00000399
fffffaa4
fffffc92
fffffc40
fffffd77
000004fb
fffffb0a
fffffbb7
00000285
fffffa90
fffffcef
0000011b
fffff518
fffff859
fffffaab
0000015b
fffff0de
000003ec
00000097
fffffa6f
00000bb5
fffff882
ffffeeac
fffff6d9
fffff6f6
fffff6f8
fffff9a9
fffff9f3
fffffd88
fffff8c1
fffff879
fffff825
fffffaed
fffffc84
fffff9b4
fffffa50
fffff8a3
fffffab1
fffffb64
fffff8f9
fffff7a5
fffff37f
fffff50e
fffff39f
ffffefe4
fffff3fb
fffff5a1
fffff262
fffff0a7
ffffefa0
fffff3df
ffffed2d
ffffed84
fffff33f
000008d3
000017a8
00000e9e
00000cb1
00000a54
00000e39
00001331
0000104f
000009e5
00000cab
000013de
000015f3
000012f0
00000fc6
00000e9c
00001026
00001530
00000f63
00000b6e
0000118a
000013a9
0000146a
000012d4
000013de
00000e88
00000954
000009b5
00000932
00000f78
00001142
000008f6
000000d2
fffff9db
00000571
fffffe20
fffffd8f
ffffffde
fffffec5
ffffff28
fffff88e
fffff746
fffffa6c
00000472
00000762
000009a8
000003d9
ffffff04
fffffe30
000003dc
000000f0
fffffa6e
0000063b
00000887
0000074e
000004c8
0000018e
00000227
00000345
000006d8
000009ea
00000b02
00000d94
000003a1
ffffff33
fffff82b
00000148
000001fe
000004b9
000004d5
00000423
ffffef46
ffffd1b3
ffffd1bd
ffffede1
fffff5c0
fffff952
fffffe32
ffffff6a
000000a6
00000503
0000029b
000000e8
fffffd35
0000048b
000001c6
fffffda7
fffffc53
00000086
00000189
00000416
000007a9
00000521
00000282
000003d3
00000361
fffffcb8
fffffc3f
000006fd
000008cb
000005b0
0000045c
fffffd87
ffffbd40
ffffbcc0
ffffda50
ffffd896
fffff653
fffff089
fffff302
fffffa6d
000001d5
00000a4d
000006df
0000039f
fffffe04
0000001d
fffffc51
fffffef9
fffffa1c
000002ae
000005bf
000000d1
000004fb
000004c0
00000022
00000524
00000329
00000009
fffffc17
00000d29
0000087d
000005cc
00000849
00000cbf
ffffde31
fffff059
ffffe5fd
ffffe001
fffff12b
fffff4ce
fffff281
fffffcf1
000007af
0000055c
00000328
0000011a
00000528
00000b35
00000990
000009ea
0000032e
0000064a
00000729
0000006b
0000038d
00000521
0000028b
000001b0
ffffffb9
00000043
fffffe03
0000120e
00000b07
00000301
fffff94e
0000026c
ffffc46b
ffffde07
fffff0df
ffffeec7
fffffd65
fffff63a
ffffecd0
fffff45d
00001099
0000037b
ffffff5f
fffffff8
00000695
00000510
000005f1
00000a70
fffffee8
fffffd70
000008d7
000004d9
00000552
0000030e
00000972
00000534
00000020
ffffff00
ffffe5a7
fffffd14
fffff85f
ffffefef
ffffebe5
fffff6e9
ffffd412
ffffe043
fffff757
0000055b
00000048
fffff90d
ffffcde7
ffffe8a0
fffffb18
fffff5fa
fffff771
fffff945
0000042c
000001ad
fffffce4
000001eb
fffff615
fffff0b1
fffffb6c
fffffb51
fffffeb6
fffffc32
000001ff
fffffd07
fffff834
fffffd46
ffffeaf2
ffffede2
ffffeb15
ffffe40e
ffffe40e
fffff6d6
fffff1bc
ffffd8da
ffffeb24
0000081b
fffffe78
ffffe782
ffffc9e5
ffffdfc6
ffffeac6
fffff79a
ffffeb4a
ffffe6c0
ffffeee0
ffffdd65
ffffdca1
ffffebf5
ffffe8c5
ffffeca4
ffffe68e
ffffe958
ffffe6af
ffffe68c
ffffeaf4
ffffe87f
ffffea6f
ffffeb09
fffffa54
00001227
000000c6
ffffffe1
fffff68a
ffffff63
fffffc4f
ffffe637
ffffd7ad
ffffd7a1
ffffe88d
ffffe3e0
fffffdd8
ffffe543
ffffe422
ffffee73
ffffffa4
fffff2b6
ffffffd8
fffff77d
fffffec4
00000a51
000005d6
00000576
fffffb24
fffff9ab
fffff83d
000002ce
fffffe63
fffff99c
fffffa4f
fffff142
000004ee
0000230e
00000ddd
000013e2
00000704
fffffbc3
ffffef8b
fffff2a1
ffffdf6b
fffff8b0
ffffef9e
ffffee33
00000bdc
00000455
fffff6ce
ffffebdf
fffff95a
fffffef9
00000745
000003c5
00000af0
00000f66
000010a2
0000129e
00001178
000010da
00000c3e
00000e75
00000bee
00000f5c
0000127f
fffffd3f
fffffec2
00001acb
00000942
0000115f
00000197
00000330
fffff976
00000780
00000440
00002010
fffffcd2
ffffea6f
ffffe967
ffffeb94
ffffe5f9
ffffdea2
00000978
00000dde
ffffff99
fffffc8e
0000003d
00000093
000002d0
00000a6a
00001354
00000f82
00000e5a
00000ce5
00000b46
000006ef
00000530
fffffaba
fffff85a
00000d40
fffffb97
ffffff45
fffffaf5
fffff9c2
fffff0b8
fffff9da
00000f85
0000111e
fffff0d6
ffffe972
ffffd349
ffffd1cd
ffffe1ef
ffffd98e
ffffefd6
00000e18
00001006
ffffff9d
fffffa4c
00000586
fffffbe5
fffff77d
000000ca
00000400
00000281
000004b1
fffffffc
fffffd27
fffffd27
fffff14c
fffff88c
00000c14
fffff9f5
fffffb9f
fffffa70
fffffc6d
fffff1cc
fffff20b
fffff757
ffffe584
ffffe6c2
ffffdc68
ffffc5a4
ffffc849
ffffc5b8
ffffe129
fffff04e
ffffee0f
ffffe444
ffffe693
ffffe6c3
fffff3e9
fffffdda
000002d8
000004da
0000031c
fffff8fd
fffff02d
fffffd16
fffff987
fffffbec
ffffef12
fffff8b2
00000b48
0000033f
fffffbdc
fffffb55
000002b0
fffff233
ffffecb9
ffffdf8a
ffffd5e6
ffffd77d
ffffe150
ffffcda7
ffffc901
ffffd49f
ffffea72
ffffec02
ffffdf3a
ffffdeed
ffffdd1e
ffffe2de
ffffe730
fffff089
fffff1a3
ffffec3e
ffffec12
ffffff90
fffff108
0000025b
fffffc61
000003f5
fffff4cf
fffff833
00000671
ffffffde
fffffc9a
fffffc63
ffffff92
fffff221
ffffed9b
ffffe077
ffffdc3c
ffffd660
ffffea5b
ffffdfeb
ffffdc6c
ffffe667
fffff6db
ffffef76
ffffea13
ffffe4a2
ffffe76f
ffffee11
fffff113
ffffebb4
fffff3cc
ffffee58
ffffece2
ffffeed6
ffffec62
fffff752
fffffd97
000001e3
fffff65a
fffffbb2
000006df
fffff947
fffffaa4
fffffc5f
fffff723
fffff6cc
ffffec9e
ffffde7a
ffffe431
ffffde71
ffffcc15
ffffe197
ffffe979
ffffecfd
fffff3af
fffff41b
ffffee1e
fffff086
fffff74e
fffffe61
fffffb2b
fffff3bd
fffff1a8
ffffef6b
fffffd06
fffff8d9
fffff970
fffff8cc
00000264
00000195
fffff817
fffffd34
00000744
fffff859
fffff7e1
fffff772
fffff443
fffff996
ffffedc4
ffffe155
ffffd8e5
ffffe3f3
ffffbf96
ffffd69e
fffff76b
fffffb8c
fffff85e
fffff622
fffff9e2
fffffb66
fffffd4d
fffffda7
fffffe1a
fffff86c
fffff8eb
fffff0af
fffff72a
00000058
ffffefe1
0000055e
00000136
000002a6
fffffc40
000001a8
0000070e
fffffd16
fffffdb0
fffff800
fffff547
fffff4f0
ffffe8cf
ffffeb2f
ffffe487
fffffc9c
ffffdf92
fffff152
00000401
000004d7
fffffb5c
fffffa35
000000ee
0000011d
00000346
00000119
000001b9
fffffe84
fffffe7d
fffff645
fffff533
00000471
fffff33f
000005c7
000004c9
00000263
fffffe74
00000324
000007fc
000003fa
ffffff7b
fffffe10
fffffdd9
fffffc13
ffffe996
ffffea6a
ffffe601
0000081c
00000619
fffff42c
ffffea87
0000018b
ffffff33
fffffb7f
00000112
00000251
000001ff
00000067
00000019
fffffe0c
fffffed4
0000003f
ffffff2b
00000906
fffff53c
00000644
000005ec
fffffe82
00000099
00000463
000005f3
00000288
00000001
00000012
ffffffa4
ffffedd6
ffffe37a
ffffdd9c
ffffe335
ffffe755
00000108
fffff998
ffffdf6c
ffffdf1e
ffffeb5e
000001c6
0000007c
fffffec6
00000101
fffffe27
fffffb35
ffffffb8
fffffea4
fffffd5f
0000002c
00000754
fffff25d
00000288
00000222
fffffe49
fffffdd7
0000047e
000007c8
0000051c
00000128
0000062b
fffffe10
fffff631
ffffee08
ffffe571
ffffe175
ffffd2da
ffffec86
000005f1
ffffeecc
ffffe73d
ffffe025
fffff169
000002af
fffff669
fffff71a
fffff484
fffff1c7
fffffdd7
fffffeaf
fffffd61
0000000d
00000671
fffff445
00000424
0000074e
ffffff0c
fffff945
00000270
0000054c
000001c1
fffffb49
0000015c
fffffb17
fffff0a6
ffffe332
ffffd1cd
ffffe1c7
ffffe0bb
ffffe2c9
0000121c
000011cf
fffffc62
ffffee5f
ffffe30f
fffffae0
ffffef3a
ffffedfe
fffff190
fffff5a3
fffff728
000001e2
fffffeaf
ffffffb0
00000818
fffff91d
000008a3
00000321
fffffeb6
fffffc62
fffffb05
fffffbec
fffffa85
fffff6eb
fffffad4
fffff9fd
fffff1ae
fffff031
ffffec7f
ffffd985
ffffe8b3
ffffdc74
fffff95a
00000d25
00000248
00000889
fffff464
000005de
fffffc44
fffff6fb
ffffec49
fffffcda
000002b0
00000667
00000429
0000047d
00000321
ffffea7d
fffff7b2
0000012d
0000001d
fffff73c
0000023d
00000531
000001c6
000002af
00000065
0000072d
000001ab
0000083c
0000013d
fffff36b
ffffe521
ffffd16c
ffffcc9d
fffff565
ffffe8a7
000004f2
000006e5
000009e2
ffffffbe
fffff003
ffffeb1d
ffffe621
fffff532
fffffcf9
fffff3cd
fffffbc4
00000591
ffffe9a3
fffff27c
fffff3f4
fffff1e7
fffff20c
fffffaa5
000001d5
fffff7b4
fffffbb7
fffffc7a
00000092
fffffbb8
fffffc14
fffffb19
ffffff45
ffffeaa2
ffffe185
ffffc028
ffffead8
ffffd905
ffffed22
00000893
00000e3b
00000d64
00001023
00001017
fffff8b1
ffffef1d
ffffeab6
ffffd7e9
ffffe412
00000de2
fffff586
fffff85b
fffffb13
00000575
00000063
fffff8a6
00000495
fffffa76
fffffa47
fffff269
fffff388
fffff071
fffff465
ffffef8f
fffff7e9
fffff72b
fffffe37
ffffe0bd
fffffaac
ffffdc6b
ffffcf23
fffff020
000002d6
000007d0
000005fa
00001110
00000523
fffff88a
ffffdf3b
ffffd628
ffffe33c
0000028a
0000018c
0000033d
000001bb
00000051
fffff9d6
000000ae
000009a1
fffffd63
fffff5b5
ffffeff6
fffff9d8
fffff42e
fffffa3f
00000406
fffff822
ffffff33
fffffa20
ffffe8da
fffff5b8
ffffec60
fffffbad
fffffdfa
fffff545
ffffecfb
ffffeddb
fffff355
fffff5ce
fffff9cf
fffffa55
fffff338
fffff331
ffffe9b4
ffffd965
ffffeea0
fffff45a
fffff02c
fffffb2e
fffff1d7
000002a2
ffffeab8
fffff014
fffff4b9
fffff3d2
ffffea93
ffffeea7
fffff027
ffffebfc
fffff3f3
fffff6ea
fffff657
ffffe977
ffffed1e
00000123
fffff685
fffffc71
0000023c
ffffec72
fffff9f9
00000ee2
00001f45
00001b24
00000815
00000437
fffffd4f
fffff9f2
fffffa72
fffff4ef
fffff21f
fffff747
fffff488
00001122
fffffcb7
fffff2b9
ffffef69
ffffed25
fffff1d5
000001f4
ffffffe6
fffffeb9
ffffe9a1
ffffee75
ffffe990
ffffefe0
ffffeff8
fffffc21
0000029e
fffff44a
fffffb4e
ffffee83
fffffcbd
0000021e
00000bd9
000000b6
fffffe72
00000f44
00001340
00000db8
00000019
000005b8
fffff29b
fffff6fd
ffffee43
fffff5b5
ffffed1a
ffffe9c8
fffff449
fffff059
ffffe7b3
fffff683
ffffe4a5
ffffdc16
ffffd651
ffffdc22
ffffdb58
ffffe4ee
ffffe68e
ffffede5
fffff472
ffffe25d
ffffe9d6
ffffe8b2
ffffeb64
ffffe51e
fffff093
ffffec9d
fffff092
ffffeed5
ffffee68
ffffecb8
ffffef28
ffffe5ac
ffffdde0
fffff4ae
000016ed
00002263
00001236
00000e47
000017cd
000016ba
00000ca7
00001753
00001675
00002501
0000215b
0000226a
0000142b
00000974
0000044a
00000341
00000b15
00000a4c
0000102f
00001845
00001faa
000017ca
00001057
00000b79
000004f0
0000046b
00000d59
0000135e
00000ec0
00001567
00001c7e
00001af0
fffffb73
fffff44c
ffffee58
ffffee91
ffffec5a
fffff070
fffff336
fffff2c4
fffff6fc
fffff50f
ffffefcc
fffff170
fffff456
ffffed73
ffffebd1
ffffee61
fffff33b
fffff503
fffff2fc
ffffec42
ffffea6a
fffff31f
fffff716
fffff071
ffffec35
ffffec6a
ffffecf6
ffffe218
ffffe378
ffffe7cc
fffff36b
ffffefbd
00000030
fffffe5c
fffff656
fffff262
fffff36e
fffff5a1
fffff41d
fffff819
fffffae7
fffff63f
fffff86a
fffffa43
fffff9b4
fffff3b8
fffff4b4
fffff0e7
fffff161
fffff977
fffffa2b
fffff3fd
fffff6ea
fffffca9
fffffae4
fffff601
fffff64e
fffff2f9
fffff117
fffff20a
fffff078
fffff490
fffffc56
fffff9de
0000061d
00000573
0000043f
000001e8
00000054
fffffcf1
fffff784
fffff9d6
fffffd7c
fffffe31
fffff701
fffffda5
fffffbaa
fffffdb6
fffff964
fffff9d4
fffff38e
ffffff79
000007b3
fffffa91
fffff89e
fffffca3
fffffefa
ffffff07
000001c3
000001d5
fffffe8c
fffffb59
fffffc8e
0000004e
000007a9
fffffe59
00000649
00000608
000003ab
000003f4
00000393
fffff7bb
ffffe48d
ffffe96f
ffffef79
ffffef91
fffff349
00000739
000002ce
00000217
0000040e
00000023
ffffff34
000006c8
000004bc
fffff61d
fffff087
fffff6b9
fffffb22
fffffe1a
000002b1
00000473
fffffd9f
ffffff1a
fffffdf0
000001d6
000009d7
0000001d
00000d75
0000057c
000002bb
0000065a
0000041c
ffffeec1
00000734
0000048d
ffffd971
ffffe71c
fffff938
00000521
0000048f
000009b6
00000b3e
00000725
0000060c
00000aff
000005c6
fffffaac
fffff3c7
fffff5b1
fffffd1e
00000095
0000021b
0000051d
ffffffc5
ffffffc1
fffffb69
00000398
00000a16
00000005
00001138
00000a90
0000060b
000007d0
000005f8
fffff6f4
00002267
ffffd8f6
ffffca34
fffff3d3
0000078d
00000b51
00001742
00001250
00000958
000008d1
00000a04
00000c4e
000001d5
0000001b
000003c6
00000503
00000271
000000d1
000000e0
00000291
000002ed
000004bd
ffffff8f
00000291
0000095e
fffffe45
00000f46
00000936
fffff947
fffffd88
fffff943
00000e14
00000957
ffffcc80
ffffba37
fffffc36
00000544
0000052b
0000117b
fffffe26
fffffab6
fffffbb3
000002ef
00000033
fffffd92
000002b3
00000b65
00000672
00000032
fffffc11
fffff778
fffffba0
000002d3
00000793
fffffbea
fffffe1e
00000445
fffffa15
00000022
fffff0b0
ffffeb7c
ffffe810
fffff6a4
fffff5e2
fffffb29
ffffc81c
ffffc6fe
fffff026
00000325
00000f53
0000064b
ffffe53d
ffffdd03
ffffec3f
fffff30f
ffffee0e
ffffe901
ffffec40
fffff601
fffff123
ffffe949
ffffe275
ffffe6fb
ffffe68e
fffff11b
ffffee45
ffffea23
ffffed1c
fffff10d
ffffeff9
0000032d
ffffe4a9
ffffe4e2
ffffe167
ffffdb01
fffff49a
fffff8ae
ffffa86b
ffffb931
ffffd56c
fffffb40
00001d10
fffff7b9
ffffde8d
ffffc966
ffffdb62
ffffe84a
ffffdc30
ffffd38b
ffffd5ac
ffffdc4d
ffffddd7
ffffe4fd
ffffd115
ffffdbb0
ffffd4fb
ffffe290
ffffd67d
ffffdd9e
ffffe01d
ffffde36
ffffe51d
000010ae
fffff848
fffff460
fffff4d3
ffffea48
fffffb73
ffffd320
ffffaf31
ffffc3a5
ffffc27e
ffffff20
000020e2
fffff08f
ffffd9be
ffffe40b
ffffe942
ffffe96e
ffffe6ca
ffffd9e5
ffffe536
ffffe4f5
ffffeead
ffffec70
ffffe6f7
ffffe53d
ffffe0c0
ffffe60c
ffffe0be
ffffe4eb
ffffe475
ffffeae8
ffffe97e
00001e48
00000681
000004db
0000052f
00001433
00000765
fffff81d
ffffdf2b
ffffc808
ffffd154
00000c9b
00000be3
fffff67d
fffff3bc
fffffef4
000009bb
fffffdbf
fffffb04
fffffda3
fffffd06
fffff5c1
00000284
fffffeae
fffffa9f
fffff85c
fffffb8a
fffff691
fffff714
fffff8b4
fffff7de
0000004a
fffffa5e
000028aa
00000a9a
000008f7
0000047b
00000f9c
00000c93
0000192f
00000ded
ffffdb28
ffffeb34
00000bb3
fffffe64
fffff53f
000003bb
fffff7ac
fffffff7
00000ffa
0000131e
000001f7
00000b2d
00001476
00000d17
00000add
0000041b
000004fd
000007d0
00000763
0000040b
00000246
00000397
00000a59
000002bd
00002913
00000e83
00000a84
00000912
00001123
00000b20
00001678
00001201
fffffe0a
fffff437
fffff90e
fffffb42
00000680
ffffea08
ffffd51f
fffff36b
000016d2
00001632
00001ce9
00001066
00000e6d
00001705
00001343
00000fd8
00001465
00001da3
000015ff
00000c34
000007ca
00000833
00000ef0
fffffd26
00002db0
000017b2
00000cfd
00000dbb
00000d92
0000107d
00000ccf
00001224
00000297
fffff84e
ffffe65b
fffff1f3
00000329
ffffceb5
ffffce3c
fffffe02
000019e1
00002408
00001371
0000055b
000010e1
000011d4
00000b29
00001963
00001bb5
00001769
000018fa
000013db
000006d4
00001156
00001295
fffff7c2
0000303c
00001b9c
000015c0
00001458
000014d9
0000141a
000013ff
0000114d
00000393
fffff4be
ffffd986
ffffe976
fffff0d4
ffffd14a
ffffe473
0000066a
00000e10
000012f5
00000033
000000d0
00000f85
000017ad
000018b0
0000184a
00001da0
0000211e
00002501
00001cee
000010e7
00001710
000013dd
fffff867
0000297c
000015f9
00001197
000012e9
00001572
00001a4b
00001c0f
00001a3b
00000c71
ffffefd2
ffffe12f
ffffe08c
ffffe9ff
ffffea51
fffffa2a
00000bba
000007a0
fffff859
fffff896
fffff924
fffffed9
00000575
00000b4b
00000e38
00001ad2
00003008
00003245
000029cf
00001a13
00001346
0000102a
fffff7a9
00001cd5
000010e9
000008f6
00000b9b
00001694
00001d97
00001cfb
00002226
00001688
fffff077
ffffc0bf
ffffc881
ffffe0c2
ffffedda
fffffedd
0000059a
ffffff72
fffffcc3
fffff879
fffffbc2
fffff8c5
fffff9aa
00000186
000005ba
000006e1
000010ca
000032a3
00003b04
00001910
0000114c
00000f72
fffff797
0000170c
00000b07
00000383
00000413
00000c61
00001be4
00002964
00002a6b
00001ec5
ffffebc4
ffffae71
ffffcf72
ffffcb9f
ffffe8d9
fffffa4d
fffff9c6
fffffb98
fffff765
fffffa32
fffff5dd
fffff339
fffff51c
fffff681
fffffd95
00000033
00000941
000022e5
00002e1a
00001733
000008f9
00000b90
fffffe15
00001487
00000d0a
000003de
0000027f
000009c4
00001720
00002937
00003100
000025cf
fffff72f
ffffd78b
ffffc659
ffffb4bc
ffffcf8a
fffff496
fffff5ad
fffffd7d
fffffca8
fffffae6
fffff64d
fffff8f9
fffff467
fffff638
fffff4b0
fffff73e
000001b6
000015e9
00002ab7
0000152e
0000053e
0000068b
fffffe2a
000012d8
00000b0d
00000118
00000193
00000433
00000bc7
000023dc
00002f05
000021b6
00000f16
fffff309
ffffcf2f
ffffb57f
ffffaf62
ffffd8dd
ffffefb1
fffffb04
fffffb8d
fffffd5d
fffffb4a
fffffbbd
fffff5b4
ffffefdf
fffff8aa
fffffb82
fffffe9d
00000d54
000026e8
00000ba9
fffffd0b
000001d0
fffffb93
000012a2
00000b90
00000202
000003d1
fffffc7e
000005b3
00001b3e
000027ba
0000251a
0000181a
000005a0
ffffe21c
ffffa4ee
ffffbf01
ffffc29e
ffffd549
ffffe414
fffff6ff
fffffab3
fffffc43
fffff8c3
fffff192
ffffef68
fffff623
fffffc52
fffffadb
00000c7a
000022ad
0000070e
fffffba8
ffffffe2
fffff623
00000f99
00000b06
00000300
00000488
ffffffd6
000000a3
00000e9f
00001b7b
0000228c
000011a7
00000905
fffff159
ffffc921
ffffbefe
ffffc17f
ffffcc5b
ffffc4d7
ffffe51b
fffff370
fffff351
ffffefb9
fffff059
ffffec12
ffffed7c
fffff77a
fffffaa2
00000d0f
0000238a
00000c7b
fffffb07
fffffae8
fffff2a2
00000963
0000005e
fffffc32
fffffb22
fffffa88
fffff81c
fffffe8f
00000ff5
0000141d
00001697
000010e5
0000061d
fffff097
ffffe8c8
ffffc7fb
ffffa963
ffffac36
ffffd2d0
ffffe7bc
ffffeb7d
ffffea61
ffffe630
ffffea19
ffffe93a
fffff1f9
fffff97a
000007e0
00001f3d
00000cb4
ffffffaf
fffff9c4
fffff19f
000003f7
000000ac
fffffaf9
fffffbc0
fffffafb
fffffd61
000003b7
000002ec
00000f60
00001d60
0000129b
000008ce
fffffccb
fffffa34
ffffe15d
ffffad5a
ffffac1c
ffffcda4
ffffe0e1
ffffe228
ffffd578
ffffce56
ffffdd17
ffffe7db
fffff0b0
ffffff7d
fffffde2
00001585
0000037f
fffffb8e
fffff6d3
fffff450
00000541
0000055d
ffffff66
00000487
00000316
00000ad5
00000da4
00000e35
00000997
00001686
00000953
0000007d
fffff9f8
fffffd8a
ffffec82
ffffdaba
ffffd971
ffffd97f
ffffdf78
ffffdca0
ffffcfa3
ffffd735
ffffce17
ffffdd42
ffffe15f
ffffef61
ffffff91
00001a4a
0000034d
fffff151
fffff135
fffff88b
000009ec
00000287
0000034f
000005be
000002f1
00000b6c
00000ff6
000006e9
000005e1
00001081
00000429
000007b8
00001315
00000482
ffffe89b
ffffecb7
ffffee7b
ffffef8c
fffff698
fffff8d3
ffffd82c
ffffd8c9
ffffd0ad
ffffccc2
ffffdaad
ffffd88c
fffff968
00001f8d
000019f1
fffffcfd
ffffff09
fffffb61
000017bd
00001841
00000f9b
00000cbc
00000208
0000012d
00000de6
00000851
00000770
00000c5f
000008b3
0000039e
000029a6
00000cee
fffff1ee
000000ff
000001ab
00000a1c
fffffc27
000000f4
ffffe31e
ffffc567
ffffcc66
ffffdb28
ffffe906
ffffdf27
fffff511
00001db0
000013ee
00000a86
00000365
fffff7cf
00002165
00001293
00000a74
fffffb24
fffffe5c
000000ba
0000039c
0000056e
00000d50
00001812
0000253e
000014e6
00001d02
000011d5
00000cce
00000e20
00000c0c
fffffcd6
0000023a
fffffc81
fffffcd0
ffffe4a1
ffffcc29
fffff110
ffffdd72
ffffde6b
ffffe843
000011ce
000007ca
ffffff83
00000484
ffffee61
00001ab7
00000f00
00000c41
fffffcdf
fffff977
fffff5d9
00000163
00000503
00000831
00001643
00001f9e
00000f2e
00000c86
0000163b
00001829
00001114
00000acd
fffff4a4
ffffec04
fffff943
fffffd7d
fffff4e2
fffff340
00000ca1
fffffcce
ffffe066
fffff82f
00000da5
00000e3f
000004d8
000004f6
fffff627
00001b50
00000cd1
00000571
fffffade
fffffc57
000006b8
00000aae
00000635
fffffbc9
00000495
00000451
ffffff0a
fffffa7b
000006d9
000007c3
00000ecf
fffffcd5
fffff7a8
fffffb6a
fffff671
fffff5e7
ffffeb96
ffffeeea
fffffada
0000072d
fffff3ca
0000033d
000008fe
00000051
fffff978
00000564
fffff2db
00000d08
00000945
000005aa
000005ea
00000ceb
000017c8
000018a8
0000097f
000000cc
00000289
fffffda3
fffff84b
ffffff91
fffffe6c
00000555
00000b15
00000698
000004ed
00000967
00000457
0000097b
ffffffc1
00000091
00000025
0000062b
00000aa7
fffffc8e
fffff9f8
00000557
000006d3
000006c4
fffff892
00000ea7
000009aa
000006ad
00000834
00000695
00000f2b
0000149f
00000153
00000382
00000c98
00000448
0000062e
00000693
00000327
fffff965
00000134
000002da
000006bb
000000be
0000033e
00000855
00001181
00000899
00000328
00000427
000006f3
fffffd64
fffffd24
00000642
00000c45
0000065a
000008b1
0000037b
00000440
000007a2
00000bf2
00000bb2
00000b4d
00000acb
00000e94
000009c1
0000066c
000009db
0000099f
000009b6
00000674
00000950
00000619
000009fa
00000a2d
000007e6
00000c76
00000624
0000035b
000003d0
000003a8
00000717
0000081a
00000816
000003d9
00000177
0000059a
ffffff3b
fffffc90
fffffb71
fffff2d5
fffff3ab
fffff2c1
fffff455
fffff8a4
fffffa0c
fffffb45
fffff8f9
fffff74e
fffff962
fffff8d3
fffff91a
fffff343
fffff7a4
fffff802
fffff77b
000000a1
fffffa44
fffffdcb
fffffc94
00000087
fffffcf6
fffffc0f
fffff53c
fffff194
fffff94c
fffff0d4
ffffec8b
fffffaba
fffff63a
fffff127
fffff875
fffff1a9
fffffdb0
fffffa0f
fffffc81
fffffdec
fffffe54
fffffe59
0000059e
ffffffc2
fffffd84
fffffe61
000001ae
fffffdec
fffffc6d
fffffcf0
fffffb88
00000301
ffffff6b
00000436
000006e4
00000425
ffffff67
fffffe34
fffffa8d
fffff95e
fffffe3e
fffffcc7
fffff8c9
fffffe31
fffffa8d
fffff4c9
fffffa6d
fffffa1d
000003da
0000060b
000003c2
fffff2ea
fffffcde
fffff46c
ffffed5f
ffffeee9
000002f2
0000076d
00000730
00000772
000002ae
00000797
ffffffe7
00000558
000004dd
000005f7
00000334
000000cb
000001ea
0000002c
0000056a
00000298
000005a5
0000032a
fffffd96
000000af
fffffb64
fffffaee
000001b1
fffffcf9
00000ace
000007af
fffffd83
ffffeddb
fffff9f1
ffffe9ca
ffffc7cb
fffff551
000008ae
00001000
000005c3
00000775
000003e8
00000fab
00001203
00000c51
00000768
0000021f
000000d7
fffffe8f
000003f3
00000153
0000063e
00000798
000003c4
0000061a
000002c1
00000005
fffffee9
fffffe61
0000054a
00000046
00000ad3
000008d9
fffff7d5
fffff0d5
ffffc7a7
ffffc84e
ffffcfc9
ffffe53e
fffff3ba
fffff734
0000015a
00000c3e
0000048d
00000322
000010d3
00000c5f
00000505
000005aa
0000065f
00000ade
00000f35
00000990
000008ab
00000920
00000568
00000557
00000852
0000018d
fffffe3a
fffffb6f
ffffffc2
fffffc1d
0000081b
00000eb6
0000040c
fffffbb5
ffffd13f
ffffc303
ffffc84e
ffffe74c
ffffe8f2
ffffee5d
fffff9bf
fffffb90
00000969
00000130
000001fa
000001e1
000002b8
000008b9
00000d27
00000b3b
000001a8
fffff781
0000020a
00000d44
0000051f
00000516
000002ee
0000025e
fffffc15
fffff73f
ffffebe1
ffffec97
fffff0e2
fffffea9
00001196
fffff9d8
ffffcb95
ffffdf43
ffffe094
ffffecd1
ffffe669
ffffe1fc
ffffe7c9
ffffdcba
000004bb
fffffd54
fffff584
ffffeec5
fffff854
fffffc7a
fffff4bf
fffff2a1
ffffea84
ffffed7a
ffffeded
fffffa06
fffff9dd
fffffcfd
fffff66c
fffff9c2
fffff49f
ffffef4d
ffffe766
ffffef00
ffffee40
ffffe81b
ffffe4d5
ffffdac5
ffffdb65
ffffcb54
ffffd9cc
ffffe00d
ffffe246
ffffdd6c
ffffe04f
ffffdfb9
00000148
000004d6
fffff371
ffffe8fe
ffffe75a
ffffe20a
ffffd9c6
ffffd95b
ffffe1e7
ffffede2
ffffe468
ffffe946
ffffe309
ffffe5a2
ffffea76
ffffe9f7
ffffe5e6
ffffe6b6
fffffa04
fffff48f
fffffbf7
fffff6ce
ffffe742
fffff2ca
00000c16
fffff146
fffff3d8
ffffd25a
ffffce18
ffffcfa8
ffffe722
fffffcaf
0000109a
0000134c
000001f8
fffff8ad
ffffeb78
ffffe418
ffffe201
fffff4c1
fffff9ef
ffffe6bb
fffff23f
fffff35b
ffffef15
ffffe9bc
fffff377
fffff4c8
ffffe7db
ffffeade
000002be
fffff5ca
00000492
000005d1
fffff18e
ffffe7c8
000009e9
000002bc
fffff3a2
ffffe9d2
ffffde70
ffffd835
ffffec7b
fffffdc8
00000244
000020c3
00002d03
0000201b
00000e24
0000099e
fffff6c9
ffffff54
ffffff02
fffffc7c
0000017b
ffffff23
fffffefb
fffff59c
fffff99e
fffffb41
fffff473
fffff03a
00000289
fffff9b7
00000a75
000008e0
000006ed
fffff441
000004df
fffff238
ffffeacb
ffffe06f
ffffeac2
ffffe7cc
fffff242
ffffe5f4
ffffe136
fffffe1f
00002973
000041d2
00003a58
00002ae9
00002093
00001f60
00001a00
0000151e
0000122a
00000bc3
000009b7
0000084f
00000912
00000b49
000001b7
fffff775
00000387
fffffb70
00000d2f
00000d19
000009e0
0000065a
00000294
fffff8d0
ffffec33
ffffef66
fffff5f3
ffffe534
fffff097
ffffe59d
ffffd8e8
ffffe66b
ffffed1d
ffffff69
000011d9
00002832
00002665
00003105
000037dd
00003d4b
00002d85
00001bfe
00001971
00001416
00000fae
00000a55
000003df
fffffda6
00000842
ffffff5b
00000da9
00001061
0000170f
00001249
00000081
fffffb68
fffff58f
fffff740
fffffd3c
fffff1ac
ffffe4e3
ffffe1ae
ffffe55a
fffff49a
ffffe493
ffffcf55
ffffd3cd
ffffd798
ffffea6e
00000144
0000063c
0000116d
000031c9
00003549
00002812
000021f6
00000f22
00000458
0000021e
0000015b
0000073a
fffff8a5
00000f1c
00001287
000010ab
0000125a
00000452
000003f3
fffff993
fffff104
0000029d
fffffe91
fffff96d
ffffe9c9
ffffef85
fffffe76
fffff4cc
ffffe521
ffffda42
ffffdff8
ffffe23c
ffffe337
ffffdc6d
ffffdd5a
ffffdd02
0000004f
0000164d
00002a54
00001a20
000009bd
00000ca6
00000835
0000005c
fffff3cc
00000667
000004cf
00000c79
0000138e
000006ad
00000560
fffffc62
ffffec79
ffffe70c
fffffada
00000e73
0000072c
fffffc96
fffff936
ffffefb8
ffffec31
ffffe7d6
ffffe291
ffffeff5
ffffee4e
ffffef7c
fffff076
ffffe93a
ffffed9b
ffffedb7
00000748
00001e69
00000e82
00000ba7
000008ca
ffffff32
fffffa65
00000559
00000277
00000bca
00001473
00000a93
00000b24
0000011a
fffff26f
ffffdc96
ffffe6dc
fffffb89
fffff371
fffff5ef
fffff795
ffffedee
fffff366
fffff2d4
ffffea9a
ffffef7d
ffffed41
ffffe664
ffffec74
fffff587
fffffc36
ffffeff0
fffff4de
00000911
00000e32
00000568
ffffff69
00000095
fffffa1f
00000340
ffffff02
00000604
00000eb9
00000993
00000970
00000150
fffff1d1
ffffe122
ffffe524
ffffe04b
ffffdcd5
fffff1e7
fffff38c
fffff3d5
fffff961
fffff4c6
fffff0a5
ffffef64
ffffeba1
ffffec91
ffffeba6
ffffe91e
fffff5a0
ffffed12
ffffed69
fffff560
00000a31
00000161
000000ab
000006aa
fffff625
fffffd70
fffffdd6
0000013c
fffffeb3
fffff863
00000795
ffffff47
fffff1d2
ffffe58a
ffffe020
ffffeb69
ffffe645
ffffeb5c
ffffef73
fffff0e3
fffff671
fffff31b
fffff12b
ffffefdc
ffffeb9b
ffffeed0
ffffebd8
ffffebc4
fffff60b
ffffee27
fffff74d
ffffec2d
fffffbeb
fffff849
fffffd8b
0000058d
fffffab2
00000377
00000121
00000027
fffffd74
fffffad3
000001e8
000005cd
ffffffda
ffffe762
ffffe89d
ffffe47f
ffffe69f
ffffe86c
ffffe671
ffffeff5
fffff3b9
fffff443
fffff171
fffff2ce
ffffed95
ffffec11
ffffec9e
ffffebad
fffff823
fffff0c2
fffff917
ffffef83
00000044
fffffcb0
fffff9bc
ffffff9f
fffff44f
fffffde2
fffffdc4
fffffd81
fffffce3
ffffff25
00000969
00001b60
00000e7a
00000092
fffffa40
ffffe922
fffff83a
ffffe59c
ffffdca4
ffffe67c
fffff2b7
fffff462
fffff72a
fffff111
ffffef1c
ffffeddc
ffffee1f
ffffed9c
fffff7e0
fffff2e0
fffff116
fffff182
fffffdb5
fffffa8e
fffff7f5
00000033
fffff67d
fffffa0b
fffffdbd
ffffff0a
ffffff68
fffffd46
fffffbe5
00001d9b
000025bb
00000c90
0000050c
fffff96d
fffff4b3
ffffeccd
ffffe422
ffffe46b
ffffe724
fffff2ed
fffff15e
fffff0e4
fffff0c7
ffffea05
ffffebdb
ffffeb22
fffff15a
fffff432
fffff35d
fffffa0b
fffff739
fffff532
fffff222
fffffd1a
fffff625
fffff5ab
fffff721
fffff945
fffffc61
fffff753
ffffe8bc
fffff0e0
00001142
00001e7f
00001400
fffff6f9
ffffeec3
ffffdf5f
ffffdbdd
ffffdcd5
ffffdf90
ffffdca8
ffffe649
ffffed5c
ffffe6d6
fffff1f2
ffffe9ab
fffff069
fffff0ba
fffff6e1
fffff0f2
fffffccb
00000074
fffff86b
fffff3d2
fffffd60
fffff52e
fffff234
fffff466
fffff6ed
fffff929
fffffad5
fffffbff
fffff123
fffff8bd
00001215
00001459
ffffff0d
0000006b
ffffdfde
ffffe1b5
ffffe72d
ffffe808
ffffe106
ffffe0bd
ffffe430
ffffe5d3
ffffebaf
fffff03a
fffff2b6
fffff623
ffffec99
ffffe997
fffff105
fffffcca
fffffb85
fffff6fb
000000a2
fffffbb0
0000039e
0000044d
000006d1
0000093a
00001175
00001958
000015be
00000fb4
0000055f
00000801
fffff970
00000bb1
ffffef64
ffffea08
fffff2ba
000013d6
fffff309
ffffe6fa
ffffd0b8
ffffde68
ffffeb92
ffffed17
fffff751
fffff4ee
fffff2ef
fffff6f1
ffffeca5
0000029f
fffff7d1
ffffef0c
fffffee1
fffffed4
ffffff63
000006a1
00000a2a
00001145
000015e7
00001928
00001bfc
00001627
00000c49
00001215
fffff6f8
00001877
00000973
0000099a
fffff5fa
000016e1
00001412
0000129e
fffffe99
ffffee31
ffffea0a
ffffe74e
ffffed96
fffff3e7
fffff1a2
fffffc54
fffffbc9
000003cc
00000259
fffff981
ffffff9d
00000160
00000dd4
00000cbb
00000fdd
00000bb7
00000b4b
00000847
00000107
0000098a
0000054e
00001b57
0000037e
00002a5a
00002347
000021e7
00000697
000019ee
0000216d
00001c1f
00000f69
000004db
fffff32a
ffffdc6a
ffffcd28
ffffdecf
ffffeaf1
ffffff50
00000cc3
000020e8
00000c13
000002ca
000008d3
00000b4f
00001af5
00001773
00001198
00000c8f
00000b1e
00000b64
00000e76
00000c2e
000000fb
00001bdf
000000d8
00001d1b
000018aa
00001b86
000020ad
00001d14
00001fc6
00000f0a
fffffb96
000004cc
00000993
ffffe40a
ffffd86f
ffffdbf8
ffffd2ea
ffffe023
ffffeae0
000009cb
00000644
fffffb4c
000001e8
000000cf
fffffe54
00000158
000008e3
000007c3
000003fc
0000083f
000009b0
00000ed7
00001a08
00002498
00001f40
00000af5
00000551
0000152d
00000d7e
fffff76c
0000061e
000017c7
00000fdb
000004f6
00000794
00001499
00000b79
00000698
fffff015
ffffece5
fffff4c9
ffffff0f
00000b01
00000141
00000247
000008d6
00000574
fffffc03
fffffc89
000006a6
000010a0
0000088a
0000062d
00000a91
00001941
0000212f
000024b9
000019c5
00000d0b
0000088f
00000b60
fffff946
fffff5cb
000014b6
000016dc
00000baa
0000178e
0000005b
0000017e
000019bd
00002574
00000d02
00000458
000008cf
00000bc9
ffffff18
000005a7
00000f9c
0000246e
000020a5
00001c88
0000235c
00002594
00001ef9
00001be0
0000132b
00001afe
00000b5c
000021f4
00002272
0000235f
000024cc
00002da0
00002a90
000011da
000014bd
00000fd1
000014f4
000025e4
0000204a
00001876
00002456
00001e82
0000164d
000020f6
00001cc8
000011db
00000b38
ffffe62c
ffffeb6a
000001bd
00000837
00000c7e
00000224
fffffe8a
fffff724
0000009e
fffff678
fffffeea
00000810
fffffce5
000003e2
000003f4
00000528
00000d07
000007a0
00000442
fffffaac
00000690
000002b0
00000006
fffff82f
ffffff27
fffffa73
00000189
fffff989
fffffc46
00000784
000000e8
00000be5
ffffff43
00000181
000007d2
00000a29
000006f7
000007b5
000006bf
00000551
0000054d
000006b0
00000a25
00000ab8
000007fe
00000855
0000079e
00000349
00000541
00000607
00000afe
00000a2b
0000048a
00000692
0000087c
0000087e
00000b45
00000d03
000008b2
000005c3
00000178
000003ad
00000685
0000005d
00000b11
00000616
00000f1f
0000133d
00001108
00001310
00000e74
00000ec7
000010ea
0000121d
00001201
00000ffb
00000d01
00001054
00000f19
0000134f
00000f4f
00000be4
00000d13
00000c72
000008d5
00000c72
00000d39
00000cc6
00000d16
000010fb
00000e3c
00001378
00000e28
00000ac5
00000bca
fffff7e9
00000a2d
0000084b
0000135f
00001568
000016c5
0000123a
00001051
00001577
00000f68
000010e6
00000b70
00000e2b
0000079d
00001017
00001253
000011d9
00001282
00000e05
000012aa
0000115c
00000e16
00000d9f
0000105b
00000e94
00001241
0000138f
00001088
00000d2f
00000e79
0000068d
00000829
fffff77a
00000c16
0000100c
00001054
000011cb
000013e7
000013f1
00001fec
00002794
000010c8
000008dc
00000239
000004a1
00000322
00000a74
00001437
0000135d
0000107a
000011f8
000016ba
00001490
00001318
00000bd8
00000fe9
00001278
0000102d
00000fcd
00000f5c
00000caf
00000d48
000008a8
000009a1
fffff833
0000098b
00000f20
00000ead
00000f1d
000014fe
00001bd5
000010e4
000002bc
000004b7
000008aa
00000941
000000f4
fffff8f3
00000c2b
000014b2
000011a6
00000a4b
00000e5c
00000acb
000011fa
000013b3
000017f3
000017b9
000015fe
00000f4a
00000f8c
00000fe7
0000139f
00000de5
00000a92
00000959
fffff95c
0000094a
00000e00
00000fb5
00000e97
0000111c
00001c41
00001620
fffff9f4
fffff824
00000d40
0000084c
ffffff3e
fffffd1e
0000068d
00000f7f
00000fae
00000ef8
00000a95
000006f8
00000acc
00000ce8
000015c7
000015c8
0000149f
00000f1f
00000ec7
00000e4c
0000113c
00000ddb
00000aad
0000065e
fffff8ea
00000e42
00000e98
00000f4f
000011e0
00001449
0000151c
fffff5be
ffffe422
0000162c
000006b1
000003f5
ffffffa7
fffff8d4
fffffb63
0000142f
00001306
00001103
00000c56
00000156
0000093f
00000969
0000134d
0000183e
0000157a
00001370
00001093
00000ffe
000011d0
000010f6
0000113c
00000b21
fffffb06
000014d7
00001893
00001dc1
0000197e
00000332
ffffd9de
ffffd531
ffffce37
000008f4
000006e5
00000464
fffffd91
fffff58e
fffff2de
00001607
00001cf9
00001b8e
00001acf
0000108d
0000150d
00001822
000017f0
00001af4
00001eea
000019dc
00001a73
000014ca
00001587
00001570
0000131f
00000f80
fffff83e
000017e9
000029ac
00002616
0000284c
00001dd9
ffffee4e
ffffda1f
ffffe323
fffff368
00000b17
fffffd91
fffff05a
00000204
fffff76b
00001001
00002157
000025a8
00002427
00001d23
00001f49
00001f3c
00001a09
00001ffe
00002488
000023b1
00001e92
00001aa4
00001fba
000019bb
00001d61
00001cad
fffffc14
00001082
00002002
00002019
00002320
000030fa
000022ae
00001225
fffff7e4
fffff1bf
ffffec6c
ffffea1b
fffff403
00000363
000007ac
fffffa46
00000efd
00001e70
00002fc5
000026df
00001f70
00002571
00001898
000019e9
000023ff
00002834
00002384
000024c9
00002bdd
0000265c
000025e7
0000211c
00000180
00000791
00001292
00001193
00001428
00002040
000029ac
00000ffd
000007e6
fffff1e7
ffffde63
ffffe9b1
fffffe7d
0000132e
00001a5e
fffff97e
ffffdfd7
00000a2a
00001c16
00001d8a
000010bb
00001355
0000176a
000013fa
00001779
00001661
000014ba
0000199c
00001d6f
00001be0
00001b84
000018b8
fffffc3f
000003ca
00000e51
000008d2
00000e70
00000fc8
0000162e
00000ec2
fffffef1
00000139
fffff10e
ffffff57
fffff909
0000097c
00000d2c
000005e7
ffffefe8
fffff704
000006de
000008d7
fffffb04
fffffec3
00000520
00000824
000009b7
00000cb0
00000c82
00000a5f
00000e25
00001431
00001167
00001149
fffff24f
0000033a
000009c6
000008f8
000007f9
00000617
00000932
fffff070
ffffec65
00000500
00001198
fffff35a
fffff19b
fffff73c
fffff65f
000006c2
00000999
00000ffa
0000085c
000004ec
0000018b
fffff306
fffff83b
fffff689
fffff4b0
fffffb0c
fffffb31
ffffffab
00000c15
00000d89
00000ae9
00000cfc
fffff46e
000002ea
000005ba
00000555
000007f7
000004e1
fffff80a
ffffe146
ffffde70
fffff469
fffffc62
ffffe1e0
ffffd7cc
ffffde57
ffffef01
0000100d
0000177a
00000f0a
00000f46
000008e9
00000c99
fffffeea
ffffffce
fffffcb6
fffffe8f
00000145
fffff7a2
fffff9c5
000008b3
000000a3
000000e8
0000091e
fffff622
fffffdbd
00000575
00000207
0000065c
000003d1
fffff2b9
ffffde38
ffffd33d
ffffe5dc
ffffed1c
ffffe0d3
ffffd922
ffffe053
0000006c
000013d8
00000b18
00000af0
000009d4
0000086e
00000d35
00000eb9
0000080b
000008b1
00000266
fffffc99
fffffb57
fffff259
fffffb27
00000528
00000259
00000727
fffffb6e
fffffe2d
000003b9
00000378
0000051a
fffffee6
fffff5aa
ffffdc20
ffffcd03
ffffdebc
fffff066
ffffebd4
fffff62b
fffffb51
00000fe9
00000b79
000003ff
000008d5
00000283
00000be1
00000f68
00000a87
00000ac8
00000881
00000443
00000384
fffff3f8
ffffefde
ffffe21f
00000241
0000005c
00000bc4
fffffde8
00000311
000007eb
00000933
000005d9
0000018e
fffffd05
ffffddae
ffffc390
ffffdc4b
fffffb7e
fffff37d
fffffef7
00000fcd
00000cf6
000003ce
000000cf
0000079d
000003e9
00000e4c
0000102b
00000b84
00000720
000001a8
00000568
00000861
00000089
fffff21d
ffffee65
fffff8b8
00000528
00000fb7
ffffff76
00000576
00000a84
00000e8c
00000ce0
0000098c
00000062
ffffe34d
ffffc42f
ffffd0a7
fffffa7e
000001a1
fffff9bb
ffffef32
fffffa57
000005cd
0000062a
0000084b
00000b3b
00000c57
00000a91
00000879
00000851
00000777
00000746
00000515
000002fd
fffffa20
fffff6ae
fffffc80
00000d99
00000d0c
ffffff20
0000045f
0000087d
00000a66
00000e0a
00000b8c
000001d0
ffffeccd
ffffca24
ffffc7d5
fffff2eb
00000ebc
fffff91b
ffffc983
ffffea07
000001ca
000007bd
0000096e
00000bce
0000099e
00000bd3
00000bff
00000b30
00000576
00000390
fffffe7a
fffffb4b
fffff9cb
fffff0f9
fffffafa
00000798
00000c8f
fffffc59
00000534
000009a3
00000cba
00000d23
00000d30
00000692
fffff3d6
ffffde27
ffffc250
ffffe615
00000ee4
ffffff23
ffffe05f
fffff13e
00000173
00000966
0000055d
00000741
00000704
00000952
00000735
0000088b
000003f6
000005f1
000009dd
fffffcd9
fffff8b6
fffff63e
fffffd58
00000ddc
00000e4b
fffffbd0
0000078a
00000a96
00000d96
00000e89
00000dfc
000008ca
00000536
fffff23f
ffffd365
ffffc664
fffff13c
00000f98
00000b06
0000028c
00000573
fffffcdd
fffffc98
0000008a
00000662
00000990
00000aa4
000007bb
000007fe
0000058f
00000b66
00000513
fffffb3b
fffff746
00000204
00001152
00000d31
fffffa2b
000008ae
00000bec
00000c9e
00001055
00000e5b
00000dbd
00000ea2
00000bc3
fffffefb
ffffe23e
ffffdf2e
fffffc11
0000180c
000007c7
fffff3af
ffffd7d9
ffffe255
fffffeb8
00000570
00000705
00000520
000000e7
00000657
00000527
00000824
00000719
fffffdf6
fffff8fb
0000059d
00000fed
000007b0
fffff6c7
00000af1
00000c24
00000e86
00001608
0000113e
000012cd
00000b8e
000011bb
00001439
00000124
fffff050
fffff55f
000009bf
000008aa
fffff791
ffffcdfe
ffffd8ad
fffffb56
00000f7e
00001257
0000071c
fffff6d6
fffff782
ffffff05
00000661
00000442
fffffbdf
fffffafd
000008df
00000ff8
00000c92
fffffa75
00000aad
0000077d
00000b77
00001149
00001391
000009f3
00000b15
00000db0
00000ec9
000012b4
fffffd62
fffff4cf
ffffef56
fffff408
000001ea
fffffbcf
ffffeb3f
00000712
0000162d
00001d82
0000153c
000001bd
fffff3c3
00000081
00000252
000004f1
00000039
0000007a
00000e71
00001b9a
00001339
fffff7f0
00000960
00000ba6
00000e91
000010cd
00001433
00000f69
000012fb
000016f9
00001406
00000141
fffff358
ffffdf00
ffffd767
ffffefbf
fffffaed
00001424
0000101f
00000e43
000007df
00000ec3
00001249
fffffa9a
fffff4c5
0000045e
fffffe2e
fffffc24
fffff2c7
fffffd10
00001350
000017a0
00001675
fffff8cf
00000d61
00001163
000010d2
000016d5
00001d2d
00001a95
0000124f
000010d7
000007bb
000002df
fffff513
ffffef71
ffffef5c
fffffcf8
ffffebc4
ffffffa9
00000c63
00000c6d
00000de8
0000118d
00001c1b
00000299
fffff6b7
0000056b
fffffd07
fffff51e
ffffeef0
fffff08c
00000202
000010d0
00000e43
fffff360
00000839
000011c9
000015f6
000011f4
0000105c
00000eb5
000010de
00000db6
00000cc9
000006ea
ffffff2a
fffffc57
0000008c
000020e4
fffff902
fffff5d7
000008ec
0000258c
00001cce
00000b2b
000016e9
00001148
fffffe1f
000005f3
fffffd3b
ffffec3c
ffffff51
fffffc5e
fffffcc7
00001075
00000b19
ffffea3e
00000ad0
00001743
000012a7
00000ba4
00000e38
000018b3
0000168c
00001d30
00001f80
00001a58
0000063b
00000e86
000012ca
000018ed
000009a0
fffff9c2
00000ee4
00000c2d
00000e28
000011c3
00001f18
000038de
00001ba1
00001d04
0000241e
ffffffbf
00000e87
fffffcf8
00000095
000012dd
0000141d
fffff5ad
0000028b
00001128
00001d83
00001fc0
0000223f
00001ead
00000e80
00000a63
00000df6
00001071
00001250
00001642
00000c74
0000186e
0000155e
00000619
000016aa
000012e0
00000cc8
00001390
0000135b
00001a37
00001cb4
000014c9
000015c2
00001957
00001b0f
000004e4
0000065e
00000cc5
00001165
fffff9da
000007d0
00001276
00001fb4
00001b43
00001a22
000014b1
00000bfb
0000028c
00000912
000019ac
00001852
00000a68
00001651
00000b48
fffffcfd
000001e3
000013f2
00001d06
000017f3
00001797
000011f7
00000a6f
00000f1f
000003f9
00001876
00001eb9
00000d8f
00000a43
00001043
000011df
00000a6e
fffff46e
00000690
0000070c
000010cb
0000144c
00000e8e
0000011f
fffffb1f
fffffe57
00000357
000007c1
00000e2e
00001022
0000084f
00000da2
0000055c
0000126d
000015f0
0000177a
00002144
00001996
0000233c
000023d0
00001bfa
00001323
0000112a
00000773
000010b7
00001154
00001ad9
00001ca6
00001882
fffff5f5
00000e0f
00000534
0000065c
00000905
0000019c
000006aa
00000770
00000867
0000100d
0000134a
00000a18
00000afc
00000b8d
00000ee0
0000136c
00000d34
00000d30
00000f35
000010a5
00000fae
00000f32
00000c3f
0000125f
00001359
00000fb8
00001270
0000102b
00001192
000013f7
000011c3
00000c94
00000841
ffffeb6a
fffff128
fffff746
fffff889
fffff85a
fffff937
fffff66e
fffff604
fffff51d
fffff49f
fffff464
fffff5bb
fffff485
fffff405
fffff149
fffff673
fffff401
ffffee53
fffff0ff
fffff0c4
ffffeba6
ffffef07
fffff07f
fffff3e9
fffff67c
fffff7c0
fffff4ca
fffffa77
fffff937
fffff20a
fffff028
fffff1cf
ffffe41a
ffffe9e8
fffff25d
fffff2ca
fffff51f
fffff4a4
fffff5f1
fffff507
ffffee62
fffff19b
fffff37b
fffff14c
ffffed64
fffff023
ffffea7e
ffffecf7
ffffedc6
ffffecee
fffff134
ffffedc0
ffffee52
ffffed38
ffffea32
ffffefd5
fffff551
fffff58f
ffffed15
ffffef1c
fffff1c2
ffffee54
ffffebac
fffff369
ffffe66b
ffffefba
ffffeeb0
ffffee59
fffff407
fffff2db
fffff6e0
ffffef2a
ffffe79d
fffff78c
fffff9cf
fffff575
ffffeba7
ffffee85
ffffea61
ffffec88
ffffeb89
ffffeec5
fffff1f8
ffffee48
fffff1e3
fffff04e
ffffec51
fffff432
fffff3de
fffff514
fffff028
ffffef5b
fffff486
fffff711
fffff41b
fffff80b
ffffe03b
ffffeb4a
ffffecde
fffff0ea
fffff116
fffff193
fffff354
ffffe98f
fffff166
fffff3b1
fffffb3c
fffffae2
ffffee9f
ffffede6
ffffe5b7
ffffe323
ffffe6a4
ffffed85
fffff182
fffff450
fffff345
ffffeca3
ffffeb56
ffffefd8
fffff528
fffff824
fffff49d
fffff216
fffffab1
fffffe43
fffff357
fffff8af
ffffde43
fffff2ae
fffff295
fffff911
fffff21c
fffff81f
ffffe5c3
ffffe466
fffffa89
00000abd
00000b19
fffff39b
ffffebb7
ffffeda6
fffff04b
fffff0bd
fffff063
fffff081
fffff428
fffff64e
ffffec17
ffffe7e1
ffffe1da
ffffee14
fffff900
fffffcbe
fffff92b
fffff4d8
fffffc57
fffffb2e
fffff443
fffffa35
ffffe376
fffff5b4
fffffb79
fffffaa5
fffff78b
fffffdf9
ffffc838
ffffda83
000000b6
00001b19
000004d9
ffffefbb
ffffe859
ffffed86
fffff517
fffffc36
fffffcf3
fffff8aa
fffffa80
fffff564
ffffe723
ffffe7b1
ffffed65
fffff599
fffffc5f
fffffc6a
fffffacc
fffff7ee
000000ab
fffffaf1
fffff80a
fffff8c7
ffffe7bb
fffff743
fffffc00
ffffeb27
fffff0d2
fffff7a1
ffffd1c4
ffffe834
00001a8a
00000d60
fffff85b
ffffec41
ffffe28f
ffffee0c
ffffedb0
fffff66f
fffff950
fffff897
fffffc34
fffff8ae
fffff4eb
fffff1dc
ffffef8c
fffff0fa
fffffcec
fffff774
fffff613
fffff581
fffffe57
fffff5c0
fffff3ca
fffff974
ffffe1fd
fffff0ce
fffff117
fffff168
fffff286
ffffd66b
ffffda9d
ffffed8b
00001317
00000221
00000284
fffff7e1
ffffce77
ffffef2b
ffffddb3
ffffee60
ffffea0f
ffffea36
ffffebc9
fffff1fa
fffff377
ffffeb15
ffffe52d
ffffe65b
ffffea0f
ffffeacb
ffffefd4
ffffed58
fffff1a5
ffffeb60
ffffedbb
ffffebb4
ffffc646
ffffd810
ffffd652
ffffe137
fffff0ed
ffffd8cc
ffffdb83
ffffdf6f
ffffe715
ffffef11
000007bc
fffff448
ffffde60
ffffbf38
ffffcb03
ffffd0bc
ffffe0d1
ffffdaeb
ffffdb1f
ffffce77
ffffdb35
ffffcabe
ffffd3e6
ffffd57f
ffffd079
ffffd710
ffffd607
ffffe34b
ffffdcfc
ffffdb06
ffffdab5
ffffdd20
ffffcd30
ffffd2f3
ffffe1b0
ffffcfd6
ffffe63f
ffffc5cd
ffffd28f
ffffe739
ffffd452
ffffe4f1
00000422
000002ef
fffff3a0
ffffca1e
ffffcd28
ffffca93
ffffd8e1
ffffde16
ffffcbb9
ffffbb7f
ffffce74
ffffcf36
ffffe28d
ffffd77e
ffffd95c
ffffcc5a
ffffd01d
ffffdbad
ffffd3a3
ffffd479
ffffcc1d
ffffd874
ffffdec1
ffffea22
fffffa83
ffffe9e7
ffffe8c6
ffffc362
ffffd521
ffffe3fd
ffffe391
ffffea5a
fffff3b4
00000416
0000088a
ffffe213
ffffde6c
ffffd8a1
ffffdfbe
ffffe529
ffffe07e
ffffdb65
ffffed33
fffff7b1
fffffde4
fffff73f
fffff722
ffffe50f
fffff01b
fffff3bd
ffffeb30
ffffe85d
ffffd782
fffff34d
ffffec14
fffffd24
00000989
00000250
fffffa34
fffff53a
fffff3d3
ffffeead
fffff6c0
fffff369
fffff90f
0000046a
00000c1d
fffff428
ffffee61
fffffeae
00000f0f
ffffffa9
ffffe8f2
ffffe82b
fffff2f5
fffffcf5
fffffea3
00000467
00000fee
00000a0d
00000d64
000008e6
000007c7
00000203
ffffeda8
ffffff10
ffffebbd
fffffbd4
00000871
00000923
00000407
00000954
00001123
00000bd6
00000c51
fffff1ca
000000c9
000008d0
000002be
fffffdb3
fffff119
00000fe6
00001d5b
00001149
00000e0b
00000b1c
00000fa1
00000f25
00000aab
00000814
00000014
000003cd
000009c0
00001125
00001019
00000b9c
fffff8d1
ffffff81
fffff2da
fffff8e9
0000045e
00000aa3
000007f8
00001060
00000d9a
0000019d
ffffff36
fffff86e
fffff6db
fffffdef
fffff37b
fffff6ff
fffff3bf
000004e4
fffffca2
fffff332
fffff0ff
ffffffd2
00001494
00001ac8
00001ce0
00002303
00000f1b
000007be
00000404
00000227
00001537
00000d2f
fffff5ba
00000287
fffffa70
fffffd17
000003e9
00000912
00000427
00000f05
00000312
fffff947
000000fd
0000057c
fffff8ef
ffffef87
ffffe8fa
fffffa81
00000ad6
00000495
fffff037
ffffe37f
ffffe7e4
fffff655
fffffe24
00000833
00000355
fffffef9
000008dc
00000a33
00000ecc
fffffd46
00000138
00000567
fffff674
0000064b
fffffbcb
ffffffc4
00000ce3
0000098b
0000070e
00000ec0
fffff9f0
fffff105
fffffb49
000004b3
fffffb2f
ffffeddc
ffffec5f
000002bf
000007dc
fffffea5
ffffef1a
ffffe7a3
fffff29d
00000454
000005b5
0000068f
ffffffe9
fffff691
fffff8b7
fffffd7a
fffffc7e
0000038a
fffffeaa
000006ef
fffffbb1
000005d3
fffff9a5
fffffed3
000008b4
00000621
000006eb
00001324
fffff767
ffffede2
fffffa81
00000007
ffffe85d
ffffe941
fffff1f2
00000627
00000510
fffffcf6
fffff513
ffffed89
fffffafd
000007d2
000003a2
00000404
00000369
000005d1
fffffcca
fffffa98
00000bc1
000001d9
fffffcb3
000004f4
fffffb7a
0000026a
fffff8af
000004ba
0000082c
00000569
00000647
00001c27
00000022
fffff1ed
fffff23e
fffff6f8
ffffe6df
ffffec4d
ffffec16
ffffff79
000001ec
fffffa24
fffff38d
fffff83a
00000068
0000059d
00000480
0000022f
0000037a
00000616
fffffe62
0000020a
00000999
00000317
ffffffbc
000009f6
fffffff4
fffffec5
fffff5bf
ffffff4a
000000df
000007a9
000006d7
000018b8
000009cb
ffffed83
fffff24c
000001d0
ffffeb23
ffffe3f2
ffffed58
fffffd74
00000af9
ffffff94
fffff75d
fffffc3e
fffffdd2
00000299
000001b5
00000275
000007d5
00000511
00000072
00000784
00000cc8
00000206
00000346
00000eee
000000ee
fffffe90
fffffcb1
000005ce
00000378
00000ad1
0000059e
0000105f
00000d92
ffffec6f
ffffed52
0000046e
fffff078
fffff375
fffff093
ffffe67a
fffff929
fffffe2a
fffffe74
ffffff89
fffffe1e
00000058
000000a3
000003d8
0000072d
00000799
00000126
0000093d
00000f01
fffffe5d
0000012f
00000e4b
fffffeb0
fffffcc7
fffffc40
0000055e
000007ca
00000681
00000453
000008f3
00000ed8
ffffeb11
ffffd699
ffffeeb0
fffff296
ffffefa9
ffffeda5
ffffd527
ffffcd26
ffffee09
fffff872
0000022d
00000384
fffffce3
00000008
00000042
000004de
00000692
00000380
00000c57
00000a68
fffffe50
00000428
00000bbd
fffffecd
fffffc7a
fffff99a
00000493
000004cf
000000b7
000000e2
fffffebd
000001ff
fffff928
ffffd711
ffffd029
ffffea38
ffffeaac
ffffec52
ffffcda9
ffffc56b
ffffde6a
fffff47b
00000577
0000030e
fffffb8e
fffffc23
ffffff3a
fffffe49
00000458
000003bc
00000e3b
000004eb
fffffb81
fffff84e
0000043a
fffffa25
fffff8e4
fffff6df
00000476
fffffefb
ffffff50
00000118
ffffffa2
fffff684
fffffb1f
ffffe709
ffffd45f
ffffe802
fffff4be
fffffa8b
ffffdf59
ffffd85c
ffffdad0
ffffe170
fffff2cb
fffff831
fffff2b7
ffffea99
fffff3e1
fffffa70
0000040a
00000289
00000dcc
0000050d
fffffdea
fffff646
fffffdb3
fffff068
fffff450
fffff3f1
fffffb1c
fffff84d
fffff90d
fffff940
fffff646
fffff079
ffffeffc
ffffe1bf
ffffd3d4
ffffe0fd
fffff9fb
fffff785
fffff34a
ffffed4d
ffffe389
ffffda3a
ffffdc6a
ffffe4e6
ffffeff9
ffffe732
ffffe7e3
fffff15a
fffffdfc
00000393
000006f2
0000024b
fffff2b9
fffff1ed
fffffbfa
fffff123
fffff413
ffffea72
fffff2d8
ffffefb9
ffffeee2
ffffef2c
fffff42e
ffffef94
fffff542
ffffefc3
ffffeebc
ffffeeb1
ffffea50
fffff492
ffffee40
fffff1fc
ffffe6c2
ffffdb0e
ffffd0ea
ffffe2b2
ffffd865
ffffdc73
ffffd9fe
fffff558
00000074
fffffc8a
ffffffc3
00000091
ffffe9c0
ffffed1e
fffff928
ffffe868
ffffeff0
ffffeaf5
ffffef45
fffff7a3
fffff5da
fffff11f
fffffc5f
fffffea3
00000314
0000047e
ffffffdf
ffffe43b
ffffd495
ffffed43
ffffd182
ffffe92a
ffffe688
ffffeba1
ffffe510
ffffe300
ffffd797
ffffcfa8
ffffd37d
ffffe537
fffffb96
fffff274
fffffdb8
fffff55d
ffffe9fc
ffffdca9
ffffebdb
ffffdf4e
ffffee6f
ffffe1f6
ffffe26a
ffffeaaa
ffffee19
fffff359
fffffaa6
fffffcf0
fffffb31
fffff6cd
0000020b
fffff2ea
ffffdb7b
ffffed74
ffffc58b
ffffe1b0
ffffde2c
ffffe991
fffff39d
ffffef0d
fffff941
ffffecb1
ffffdf3d
ffffec78
ffffd959
ffffdc99
fffff6bd
fffffabb
ffffe9ec
ffffdf1d
ffffe677
ffffe10f
0000032b
ffffe960
fffff2be
fffff9b8
fffff427
fffff85b
fffff260
fffff785
fffff1db
ffffe683
ffffecb8
ffffe7c0
ffffd5a7
ffffe768
ffffef1c
ffffe59c
ffffe745
0000038d
ffffffca
fffffd32
fffff06c
fffff575
ffffeafb
ffffe000
ffffbf6d
ffffc85e
ffffd91d
ffffe231
ffffec3c
fffff321
fffff994
fffff646
fffffe51
ffffe95d
fffff7d0
00000397
000005e3
000000bc
fffff852
fffff7da
fffffb49
fffff7ce
fffff521
ffffe672
ffffdba9
ffffedd9
0000038e
ffffe9e0
fffff0f6
00000b95
000007d7
fffff907
ffffe33a
fffff110
ffffea5b
ffffdf1b
ffffe241
ffffdae7
ffffcc88
ffffd134
ffffdfaf
ffffe9c3
fffff424
ffffe6cc
ffffeb90
ffffecab
ffffebfe
ffffedec
fffff33d
fffff65a
ffffef3a
ffffedc8
fffff480
fffff2ef
fffff218
ffffe7ac
fffff5df
000003e9
0000036c
fffff481
fffff6b0
ffffe79c
fffff5c4
fffff615
ffffe6d2
fffff21c
fffffda3
ffffeaae
fffffc18
ffffee52
ffffdba8
ffffe766
fffff088
fffffaf8
fffff6f6
ffffee91
fffffa4c
ffffedc4
ffffef26
ffffefe2
ffffe968
ffffe40a
ffffe9aa
ffffee46
fffff1e9
ffffed5e
ffffe1ad
ffffd3b2
ffffe629
fffff665
fffff041
fffffae8
fffff3ca
ffffe236
ffffe109
ffffeb14
ffffdf54
ffffe19f
ffffdf3b
ffffe41a
ffffecdc
ffffee3d
ffffee39
fffff11a
ffffeca9
ffffe473
ffffecbf
ffffd61a
ffffeda1
00000980
00000fb8
000010f0
00000cc5
00000f2f
0000113d
00001aad
000012a8
000015ac
00000590
00000838
000004ff
000012fb
000009b9
00000e28
00000c4a
0000093f
ffffff79
000003f2
0000042f
fffffb33
0000006f
00000c8a
00000e2b
00000199
000010da
000006bf
00000a2f
00000be9
00000b25
fffffe39
00000fa0
00001045
00001c31
00001964
000018fa
0000183d
00001d9a
00001447
00000f6a
0000141b
000018b5
000015d1
0000135d
000013c8
00001232
000015ba
00001c91
000019fe
0000190b
000012da
000010a0
00001b5b
00002105
000012ee
000016f1
000019bb
0000195f
00001208
000013a3
000026cc
00002c29
0000194a
00000e67
000005be
0000082d
00000d98
00000d19
00001379
000016ed
000008dd
00000d02
0000141d
00001247
00000e6c
00000acd
000009cb
00000be5
00001316
0000180e
000017a8
000011fc
00000b18
00000230
00000c1c
00000f6c
0000026b
fffffff3
00000ba5
00000a0b
00000886
000009c3
000016b8
00001ea2
000003d5
fffff849
00000580
00001014
00001171
0000073c
000004b9
00000936
00000188
0000068b
00001262
000010ac
0000061a
00000c16
0000099e
00000b2d
00000841
00001607
000016e7
000017a7
00000a10
00000144
00000870
00000b5e
fffffff6
00000201
00000ca9
00000532
fffffcb7
00000201
000003ae
000010b5
fffffc76
fffff1e1
00000e2c
00001657
00000d39
000006cf
fffffe6c
00000202
fffffd0a
00001a0f
0000246a
00000f5b
00000211
00000805
00000dad
00001331
00000589
00000353
00000883
00001257
00000224
fffff4ea
0000084d
00001921
000013fa
00000db0
00000bd9
000005a5
ffffff63
000002c6
00000a2c
00001144
ffffffb6
fffff047
00001026
00001320
0000010d
fffffe1b
fffffa7e
ffffee9b
fffffdf3
0000204c
00000e84
00000c07
fffff8fa
ffffffe6
000016bd
00001ec2
00000483
fffffbd5
fffffd78
000000d8
fffff848
fffff4bd
000009d6
00001d62
00001563
00000fb3
00000878
0000016c
fffffe51
00000321
0000093b
00000aab
00000114
ffffeea2
00001091
00000caf
00000079
fffffca4
fffffc4d
fffff045
ffffe8fb
000010fc
fffff649
0000200f
00000bb8
00000a68
00001e7c
00001af1
0000006b
fffffee0
fffffe20
fffff9c2
fffffa1a
00000156
000008a1
00000956
fffffd55
00000126
00000acf
00000194
0000001b
0000048c
00000139
000007c3
0000008b
fffff012
00000e1f
000008c6
000000d3
fffffed1
fffffe2e
ffffe8b2
fffff9f2
fffff946
00000777
000018ea
00001a62
00000240
00001190
00001bf9
000000e4
00000bb3
00000eba
000002bd
00000530
00000d9e
00000b28
fffffbb5
fffff3c4
00000810
0000141c
00000a6d
0000090f
00000472
ffffffbc
000005e5
00000066
fffff4c7
00001232
000016b5
000010c2
00000df7
0000059e
ffffebf0
fffff9a0
00000c5e
000020f5
00001147
000018ef
00000fce
000012da
00001af7
00000e99
00001379
00001108
000008a4
00001132
00001aef
00001c3d
000006f2
000008c8
000007b2
00001016
00001151
00001109
00000efe
00000694
00000ba7
00000048
00000130
000011f6
000010e5
000010e3
000003c1
00000ae1
fffffc3b
ffffff2e
00000e75
00002c34
00002419
00000bfe
000012d9
ffffff7e
00000c5c
000041a4
00001203
ffffffa4
fffffa89
00000b4d
00001bc4
0000223c
00001315
00000943
fffffe41
00001043
00000dea
00001584
000013e8
00000d48
000016a3
000004a1
00001a91
0000170d
000001d5
fffffc82
fffffaea
000000c0
000008cb
000003bf
fffffc4a
00003994
000042ab
00001867
00001a95
ffffee3e
fffff14e
000035ec
000033c0
fffffe7d
ffffef15
fffff9f0
00000465
0000093a
000010f4
000005e7
fffff5a5
00000600
000005c4
00001132
000006af
000006a5
00000c82
fffff9c9
0000103a
00001a75
fffff5ab
fffff833
ffffee69
ffffefd1
0000066a
ffffe344
ffffe245
00003434
00003789
00003f9c
00000008
fffff541
ffffeddd
000000d4
00002f63
000013c8
fffff031
ffffeff0
fffff4c2
fffffec0
ffffff83
00000492
fffff547
fffffaca
fffff994
fffffaa1
fffffaf9
fffffb23
fffffef1
ffffeaff
fffff74e
00002166
fffff967
fffffd79
fffff8ba
ffffec81
ffffeb9e
ffffd782
fffff310
00000a24
00002571
0000344d
0000080d
000006b8
fffffb62
fffff313
000012f6
0000145f
fffff1dc
fffff21e
fffff0c9
ffffee90
ffffeb47
fffff1fe
fffff374
ffffefd4
fffff55e
fffffb1c
fffff987
fffffc49
fffffe07
ffffe528
ffffe6c3
0000213f
fffffcae
000000bb
000002dc
fffffcaf
ffffe941
ffffd7d2
00001092
00001022
0000080d
0000098d
00000c45
00000b60
fffff618
ffffee00
fffffb94
fffff751
ffffeaaa
fffff579
fffffbd3
000000fd
fffffc06
fffff2f2
ffffeef1
ffffeabb
fffff07a
fffff579
fffff12e
fffff6f9
00000090
ffffee86
ffffe3a7
00001fe6
fffff7e7
00000303
0000008a
fffffe1c
fffff160
ffffdbd3
00001c9c
0000197f
000002b8
fffffc31
00000a69
00000b05
fffffaf2
fffffc53
000013a8
00001639
fffff893
fffffd82
000003c5
fffff9f6
fffffab3
fffff0fe
fffffd69
000009ab
0000041d
ffffffba
fffff52c
fffff309
000000d5
ffffe8d2
ffffe98f
00001aa6
fffff03e
fffffc83
fffffbae
fffff92b
fffff018
ffffd611
00001a92
00001b2d
fffffc34
000008d5
000005a7
ffffff03
fffff44f
fffffebe
000010f6
00000273
fffffe1c
000001d3
00000616
00000409
0000090d
000006a8
fffff928
000000fa
00000adf
00001191
00000db9
fffff666
000001e4
ffffe799
ffffe501
00001a2c
fffff438
fffffa80
fffff7c5
fffff76b
fffff159
ffffd648
00000f44
000016da
fffff8de
000003e6
00000d97
00000337
fffffb6d
000012e9
00000afa
00000250
ffffffab
000006c1
0000080c
00000566
fffffede
000007e7
fffffd79
00000292
00000d4f
0000111c
0000149c
fffffbdf
fffff952
ffffe76f
ffffe201
0000198a
fffffa0b
fffffd3f
00000011
00000116
fffff3ef
ffffd9b7
fffff691
00001138
fffff303
fffff0dd
000017a5
000021b3
000016c9
00000ade
0000059e
000004f7
fffffd3b
00000479
00000ad8
00000439
000003ef
00000730
000004fb
00000144
00000c8f
00001987
00000ce6
00000500
fffffa7d
ffffe9fe
ffffe20e
000014c5
fffff9e6
0000016f
ffffffbf
00000493
fffffee2
ffffe8f8
ffffe7d4
00000a36
fffff3b8
ffffef99
00001e9a
00002cef
00001efe
00000913
000006ab
000006e7
00000480
0000048f
000005b8
000003fa
000003ae
0000048e
000003e8
0000023d
0000153d
00001947
0000110d
fffff5b7
fffffbc9
ffffe765
ffffea31
000012ae
fffff172
fffffc68
ffffff93
00000011
00000456
fffffd4c
ffffeb57
000000fa
fffff5da
ffffe8c1
00000f53
00001bd2
000024c6
00001bb2
00000ca7
00000809
0000047f
00000538
000004c7
000007f3
000007f3
0000044e
0000048b
fffffe23
00000fa2
00001560
0000110c
fffff785
fffffb6e
ffffe706
ffffee41
0000146c
fffff20b
fffffa91
0000029b
00000351
000005d9
000006f7
ffffead3
fffff449
000002a5
fffff67c
fffff26b
000003c9
000028a2
00003735
000011ac
00000ed5
000002c4
fffffcc5
fffffec0
00000699
000005c5
0000048e
00000437
00000179
00000ac7
00000d22
0000155e
00000cb8
0000061f
fffff066
ffffed12
00001465
fffff82a
fffffb79
0000035b
00000756
000008f7
00000d0e
fffffc10
ffffe9fc
0000046a
000007fa
ffffe766
ffffe94a
00001492
00003886
00001ad1
000013e6
000000b9
ffffff14
fffffd71
fffffeab
000006af
0000086d
000004e3
000007ff
000007e8
00000cfd
00001736
00000e5c
00000754
fffff8e4
fffff45c
00001488
fffffcd7
fffffd0d
0000027a
00000782
000005d7
000006bd
0000088b
fffffdb9
fffff29b
00000974
fffff5d6
ffffd4db
fffffbd4
000018d8
000021db
00002789
000016ae
00000a7b
000007a7
00000985
0000088f
00000a2e
00000dc2
000009cf
0000097c
00000e0c
00001352
000005f1
fffff8a1
fffffe71
0000002a
000010b2
000002a0
00000a43
000009a7
00000df5
0000076b
00000f3f
00000ce6
000011c3
00000e99
fffffa1f
fffff7a0
fffff8e6
000006e0
00000290
0000156e
00002e1c
00003bf0
00002028
0000173d
00000a3a
000014a1
0000118f
0000121b
00000d67
00000526
000009b0
000010cb
00000757
fffff718
fffff786
fffffeb8
00000f88
000009f4
0000118e
0000099e
0000099f
000007b8
00000c53
000009af
fffff572
00000b80
fffff463
000001ef
000015a6
00001a05
fffff6c5
fffff790
00002777
000035f3
00001858
000010e1
00000fa1
000020a0
00001c7d
00000e23
00000b35
00000997
000006f0
00002158
0000175a
0000090b
fffff4da
fffffe6f
0000106a
000009a1
0000105e
00000e2e
00000588
00000bc0
00000877
fffff894
ffffe4e2
fffffa78
ffffef23
0000043c
00002355
00001683
fffffade
00000be8
00001cfa
000016f5
00000eb4
00000cac
00000272
00002324
00003081
00000d19
000002e6
00001942
00000a66
000018db
00000dc5
00000e9e
fffffdfd
000002c0
00001524
0000185a
00001186
0000116e
ffffffcb
000005ba
000008f8
fffff094
fffff014
00000237
fffffc7c
00000e31
0000279f
0000157e
fffffb18
00001173
0000263d
000006aa
ffffeecc
fffff11b
ffffe2a8
fffffa92
0000204d
00001d34
00002329
00003341
00001ab3
000003b0
fffff799
ffffef21
ffffeef5
fffff820
000014e3
00000d71
00000064
000005da
000003da
00000104
0000019e
fffff8f6
00000082
00000d7d
0000094e
fffff9b1
0000047a
fffff7d6
ffffd5d0
000018c9
000027d8
fffff8eb
ffffdf56
ffffe681
fffff0e0
fffff1c3
00000501
00002762
00002609
000031f9
0000410f
000013b2
fffffc46
ffffe77b
ffffe603
000001a6
000016ca
000001d8
fffff9da
00000070
00000c18
fffffcaf
000000d5
00001055
000008dc
fffff91c
00001789
00000423
fffffbc3
fffffac8
ffffe1ae
0000134d
fffff28a
ffffde54
fffff987
fffffbbd
000016bf
00000d23
0000128f
00002654
fffff25a
0000014e
00003ea4
00003c1f
0000229f
00000638
fffff294
000001b2
00002127
00000ac7
000009bb
00001be1
0000198d
00000956
00000929
00000ea4
fffffdbf
fffff303
ffffefa3
fffff010
ffffedd1
fffff05d
00000378
00000703
fffff59c
fffffb84
00002845
000007fc
0000004b
ffffecfe
fffffcfc
00002042
0000000f
fffff075
00000aa3
000015a4
00000bec
fffffd72
ffffef3e
fffff197
00001a65
00001243
000002dd
fffffd2f
00000708
00000298
00000ad7
0000075c
fffff70d
0000126d
0000112b
000013bc
00000dd2
fffffb66
fffffeb1
fffff4dd
ffffe94a
fffff122
00001b89
000011df
00000887
00000ff7
00001c10
00000a1b
fffffbdd
fffffdaa
ffffec07
00000faa
00001425
00000ca4
fffff308
fffffe7b
00000c87
fffffa17
fffffae9
ffffe2af
ffffee2d
ffffea2e
fffff852
0000011d
ffffee5f
fffffe32
ffffef9b
ffffffc0
000006fd
fffffebc
00000219
000009bf
ffffff4b
ffffe894
000003e3
00000e6d
ffffffdb
00000e37
00000493
00000408
ffffffd3
000010e9
fffff495
00000956
000015f5
000008eb
ffffe077
fffff19d
000013ac
00000489
00001350
000007b9
000007e4
00000a30
00000e60
000007d3
000008ab
00000130
fffffa61
00000555
000013b7
00001451
00000a38
0000098c
00000dfe
000004a5
00000828
00000595
fffffc4b
00000608
00000429
fffffc53
000002d8
000008cb
fffffdeb
0000059d
00000722
000009f3
fffff413
fffff712
00001258
00001208
000015e0
000012d7
00001450
000010be
00000ae7
00000b00
00000d7f
000011b4
000012b1
000011c3
00001050
0000114b
00000f9f
000012a8
00000fd9
000010f4
00001333
000018c7
00001404
00001390
0000141f
000018c2
000014a3
00001204
000012ab
00001206
00000fe5
00000b70
00001329
00001262
00000f6e
000013ee
00001c4d
00001b0b
00001b52
000016d2
00000f60
00001381
00001800
000019e1
0000165b
0000138b
000010cc
000014d3
00001954
000018a0
00001941
000014aa
00001a2e
000017cb
000014d0
00001044
00000dc1
0000128e
000018bb
00001639
0000192e
0000169b
00001554
00000b7b
00001067
000013a2
00001aa4
00001915
00001e36
00001e68
00001c14
0000159b
00001ece
000018c4
0000198a
000020dc
00001280
000012a2
0000106c
00001803
00001aae
00002148
000020d5
00001bd6
00001a53
0000195d
00001241
00001001
00001354
000014d1
000019f8
00001912
000017c1
0000183d
000018b3
000016e0
00000ed3
00001330
00001af9
00001867
00001e3c
0000173f
00001543
00000e77
0000158c
00002b1d
0000260b
00001f18
000011f7
00000d0d
00000f19
000016ec
00001855
00001d7f
00001bf0
00001aab
000018e6
00001b96
000015bc
00001032
00001888
00001800
00001867
000015bc
00001223
0000127c
0000160b
000019e9
00000e79
000013bd
000014a7
00001489
00001348
00001084
00000f6e
00000aaa
000009e1
000023cf
0000085d
00000cd6
00001082
00001789
00001301
00001955
0000106c
000012e2
00001010
000009f4
00000ef3
00001636
000017d5
000019d0
00001bf1
00001b12
00001398
00000fe6
000010f4
00001355
00001123
00001891
00000d70
00001442
000010ce
000011b1
00000c22
00000acd
00000736
00001017
fffff07c
fffffff2
00000b0b
00000fd9
00001413
00001a68
00001f00
00001185
0000087d
00000b64
00000d74
00000b71
00000828
00000e67
00000e97
0000134c
00001270
000015d0
00000e9d
00000cdd
00000ef4
00001180
00000e2c
000013fe
00000b33
000011b7
00000fb3
00000e9b
00000919
00000be1
0000097b
000001e5
00001bb8
000006fc
00000477
00000590
00000b29
000015a6
0000162d
00000df8
00000dd9
00000e1f
00000f8b
00001170
00000d56
00001020
00000abd
00000fc8
00000be8
00001679
000010d6
00000e3a
00000bd6
00000e93
000010c2
000012f2
00000cb8
0000139e
00001a6a
000019a9
00001304
0000154d
00001745
0000235f
00000883
ffffed95
fffffaf6
00000987
000004f6
00000c64
0000218f
0000059d
0000112a
00001945
0000148d
0000175b
0000145f
0000144f
00000fd1
00001281
00000efd
000019be
00001bbb
000012c8
000011d8
00000d6f
00001096
000010da
00001100
0000165b
000016f3
000016d3
00001d57
00001a90
0000334a
00004703
000046c6
ffffe75c
00000369
00000c34
000003ae
00000b56
0000295d
00000819
00001daf
000014d3
00001486
00002423
000020bd
000023a3
0000218f
00002192
00001c88
00001e9f
00001541
00001777
00001b53
00001964
00001b0c
00001a7a
00001f6c
000023a2
00000c98
000005eb
000008ca
00000955
00002a0b
00002fd0
0000630d
00001f00
000005b8
0000122b
00001f2a
00000f07
00002ad9
00000df7
00001335
000014fd
00000c96
00000ea9
00000dc0
000001f6
000006da
000014d9
00000fa2
00001089
0000003a
00000869
00000c11
00001238
000009f8
0000086e
000016a4
00002060
00000a57
fffff73e
00000139
00000ad8
000008ea
000018ce
0000408b
000036e1
000005a8
fffff2f2
000023b4
00001d13
00001494
00001fa4
00000a6c
00000958
00000d1f
000000cd
00000476
fffffd5a
00000141
0000071f
0000089e
00000414
fffffd7a
0000038a
00000068
00000a3e
00000764
00000231
00000587
0000108d
00001040
fffffd62
00000265
0000054a
00000948
00000578
00000656
00002cb7
00001197
fffff852
00001647
00001640
fffffdf6
0000104f
00001a62
000005bf
00000961
fffff588
fffff80f
fffffcc3
fffff5b2
fffffa38
00000079
fffff72e
fffff49e
fffff80b
fffffdad
fffffe82
0000043f
000003ff
000005fe
00000b8d
00001423
fffffca5
0000012a
000002c8
00000819
000004cc
00000c37
00002bee
000000c0
fffff871
00000c66
0000011b
fffff1b8
fffff6fe
00001822
0000199b
00000d00
00000276
fffff7d8
fffffe31
fffff5ee
fffff416
ffffefac
fffff336
ffffeef0
ffffe9e6
ffffeee1
fffff48e
fffffe24
00000349
ffffffbf
00000b89
00000dfa
fffffc4c
fffffe74
fffffefc
000005fd
0000070f
000015b1
0000271c
fffff922
fffffd9a
0000142f
00000584
fffff95c
00000aee
00001f8f
00001c05
00000a00
00000941
fffffdcd
00000d6b
0000092c
fffff9a1
ffffffd9
fffff7dd
fffff348
fffff8cf
ffffe71b
ffffeb16
fffff099
fffffc4c
fffffd81
00000771
00000861
fffff85d
fffff819
fffffc0e
0000000f
00000a5b
000018a0
00002970
fffff1b7
00000121
00000b31
00001a26
00000a11
000012e6
000016a7
00000dc5
0000023b
ffffffee
0000084c
000011ec
00001320
00000c2d
000010a1
00000e48
000008e9
000003fb
fffff9ee
ffffea7d
ffffef53
fffff675
fffff51d
ffffffc8
0000078a
fffffa32
fffff75c
fffff6e8
fffffd96
0000085e
00001e29
00002f5f
fffff864
00000aef
fffff649
0000136d
00001ae8
00001ba6
00000d5d
00000236
0000029d
ffffff36
000006d0
0000098c
000009dd
00000537
0000065b
000011d4
00001156
00000884
00000a78
fffffe43
fffff281
fffff9ed
ffffee89
00000016
00000757
fffffdcb
fffffa32
fffff8e1
fffff990
00000295
00001bd7
00002ed9
ffffff73
00000a48
fffffd21
0000156f
000028a2
00001e6d
00000379
fffffb03
00000005
0000038f
00000135
0000031c
000004e5
000002b0
fffffeaa
0000030c
0000098b
000005f9
00000b18
0000037c
fffff03f
fffff75f
ffffeee2
fffffdf2
00000724
00000086
00000047
0000025f
fffffe74
00000586
000016bd
0000333e
00000740
00000e3c
0000129a
000012c7
0000127c
00000d81
00000783
fffffe56
00000320
00000344
fffffd44
fffffcf3
0000023a
000003f4
00000398
000000c8
00000361
00000c7f
0000086c
00000ce7
fffff5de
fffffa30
fffff705
000000fb
00000577
fffffd46
fffffcb3
fffffe7c
00000106
000005ee
000013be
00002cf7
00001169
00001168
00001621
000004b1
ffffe891
00000236
ffffffea
00000809
000003b6
000002bd
fffffcaf
ffffffb2
00000101
00000320
00000348
000002b9
00000720
0000037d
000001b4
00001237
fffff319
fffffbc3
fffff86f
00000682
000005ec
fffffc8e
fffffdd4
fffffe1d
000003a1
00000831
000018ec
00002d9e
00002deb
00000ff1
0000145d
0000170a
fffff027
00000dbc
00000cec
0000144a
000002b1
000003e2
fffffde9
0000000c
fffffc95
00000286
fffffee9
000001c3
00000747
0000060f
00000432
000011ff
fffff7a6
fffffdcd
00000076
00000909
00000770
ffffff67
000000ed
00000045
000007ad
00000de4
000016b4
00003017
00004176
0000210e
00000c1b
00002bc0
000010e9
00000df6
00002694
00001f36
000008f4
fffffbcb
fffffe59
fffffeaa
00000121
00000523
00000a72
00000164
00000476
000006bc
00000688
000015e6
0000057e
000009d1
00000876
00000efe
00000805
00000293
000003ad
0000094f
00000e42
000010a7
00001226
00002af4
000041ee
0000337c
00001613
0000226c
00002b13
00000cae
000006d2
0000182b
00000de3
0000068c
00000190
00000802
00000d6a
00000860
00001041
000003e6
00000318
00000703
00000bd6
00001373
0000046d
000006c4
00000ddc
0000141c
00000a14
00000874
00000d56
0000162d
00001999
0000126f
00001a5d
00001ab4
00002f78
00003c58
00002210
00001b79
000027bf
000016c5
00000b80
fffffba2
00000ae3
000016ac
00001a18
00001d3b
000022bc
000015b9
00000838
00000bca
00000269
00000691
00000ab2
00001499
000000e2
00000adb
00000f80
0000137a
0000108f
0000147f
000014e5
00001957
0000165d
0000160b
000010cf
00000d99
000012bc
00002677
0000250c
000022fb
00002b50
00002b82
00001971
00001405
000000e5
00001a3c
00001d8b
00002266
000029c0
00002d9d
00000d51
0000086f
00000013
00000098
00000d9c
0000184f
000010b6
00001278
0000125b
00001b26
000013e3
0000198c
00000f10
00001405
00000e55
00000a58
0000060a
00000423
00000b42
0000207d
00001565
00002493
00001f2c
00004228
00001835
00002d03
000004f2
00000a6b
0000125e
000022e4
000027cf
0000293b
00001558
00000fde
000008e8
00000654
00000a94
000014f2
00001750
000019bd
00001970
000020e8
0000179e
00002203
0000187e
000015dd
00000c73
00000719
00000832
00000559
00000a0a
000020e5
00001022
000024de
00000bf5
00003af4
00001bfd
000028c3
000008a7
fffffccf
00000699
000001b2
00001881
00000685
000009dd
000010ff
00001904
000021be
000012e4
00000c8d
0000017e
ffffff7a
00000b3b
000013ee
00000dd7
00001008
00000989
00000de8
000010de
00000c9a
0000028d
000009be
00001576
000024a2
0000207a
0000342e
fffff9e9
0000245a
000024b1
0000244a
00001124
000003bf
00000d30
00000adc
00000c8c
00000846
fffffbdd
000012cf
00001f78
00001d70
00001a41
000016b0
fffffd8b
fffff0d3
0000037a
00000b29
000011f2
000008b1
00000957
00000e59
0000047d
000002f3
000005f9
00001137
0000179f
00001e47
00001470
000021e1
fffff17d
00001039
00001359
00001e1f
ffffffd8
ffffff4f
00000481
fffffd7d
00000f9d
00002511
00001882
0000116a
0000296b
000012d6
00002b41
00002f29
00001c1f
00000191
00000ac1
00000fad
000012bf
00000b7e
00000a01
00000bb7
000012ee
00000f55
00001b83
00000f94
000016f2
00001467
000011c5
00000e7d
fffff991
ffffff03
00000937
00002301
0000077d
00000204
000002e1
000006c4
0000126e
00000eb7
00001759
fffffab2
00002893
000011f1
00000af4
00000e61
00001450
000007e1
0000070f
0000128c
00001049
00000ee2
00000977
00000917
000017c3
000016b2
00001dc9
00000b35
fffffcf0
00000256
00000dc5
00000de6
0000078e
00000786
0000060e
0000103d
fffffe9d
00000820
0000200f
000006b3
00000b85
0000093c
000007c6
00000226
000016ca
00000065
fffffa84
000005fb
0000195f
00000839
00000bbf
0000185e
00000f2a
000004e2
fffffe5e
00000142
00000d66
000009b7
000010ec
00000da9
00000145
00000131
fffff650
fffff9ca
000006b6
00000a04
0000060d
00000d04
00000af9
000009df
00002083
00002085
00001dce
00000281
fffffdb9
00001050
0000114e
00000c66
0000027f
000004e4
000015d7
00000c2f
000005d5
00000ce2
00000339
ffffeac1
ffffea48
ffffeda8
fffff911
ffffece1
00000286
000003c2
fffff650
fffff697
fffff1a1
ffffe53a
ffffedaf
fffffd44
fffff848
00000482
fffff977
ffffeed4
fffffabb
fffffcad
0000047c
fffffc0f
ffffe8ca
fffffa91
00000153
00000698
fffff62c
fffff9f1
fffffe1d
00000102
fffff80c
fffffafa
00000132
0000017c
000002db
000001d2
00000481
000004b4
00000591
00000666
0000020b
000001b8
00000358
00000355
00000159
fffffd83
00000334
000000d2
000000b5
ffffff61
fffffea3
00000185
ffffffd9
ffffff30
fffffd23
fffffe02
00000496
000005de
00000172
00000063
000006e1
00000656
fffffe13
0000010f
000003e5
fffffc6e
fffff5af
fffff9da
fffffbbb
fffffec3
ffffffe5
ffffff6d
fffffde1
ffffffdd
fffffbc1
fffffb1f
fffffd0a
fffff7bf
fffffd27
ffffffa4
fffffe3d
fffff900
fffff69b
fffffb3a
00000009
00000033
fffffced
fffff983
fffff7df
fffffb25
fffff7e1
fffff409
fffffac1
ffffffcc
fffff321
0000038e
00001017
00000748
ffffffaa
00000456
000006ff
0000071e
0000061f
00000ed7
000004f4
000000ef
0000081e
000006f4
fffffc89
fffffe97
00000550
00000561
00000279
00000002
ffffff96
0000065a
00000e5e
00000910
00000507
0000050e
0000020c
000004b8
0000012b
fffffec0
fffffb05
000003c3
fffffad0
0000020c
00000ee6
00000322
000003b6
000005db
00000857
000008c8
000013a7
fffffba4
fffff83b
00000fbd
00001672
00000fa7
000001b7
fffff587
00000576
0000076e
00000537
000001bd
000006cb
00000c7d
00001014
0000081d
00000311
000002dd
00000193
0000040d
000004d0
000006dc
00000507
0000031d
fffff72c
0000026f
00000d64
00000986
00000799
000008dc
000005ae
000008e6
00001159
ffffe42c
00001d57
00002a96
00001415
0000114c
00000ae2
fffffc7a
00000337
000007af
0000078c
000006c5
00000e55
00000807
00000772
000007db
0000097d
0000098c
00000cbb
000005db
0000087c
000007ac
00000a85
00000593
fffff4ac
000003da
00000e7f
000010f2
00000d0b
00000bb4
00000906
fffff87b
ffffe61c
fffff2a9
00002708
0000212b
fffff982
0000078b
00000218
0000067a
00000b0a
00000c97
00000642
000008d2
00000cc9
000004de
0000029c
000007a1
00000e09
00000d1a
00000daf
00000d54
000005d8
000004b2
0000098d
0000048e
fffff935
00000619
000013c3
0000133e
00000cb0
00000cea
00000c7c
fffffe64
ffffc20f
00001360
00001c04
00000f75
fffff7c1
fffffdc5
fffffbdd
00000561
00000ad1
00000a78
00000289
00000476
000009b0
00000648
00000437
00000974
00000d1a
00001173
0000124b
00000eb9
000009a8
00000758
00000c55
00000b0e
00000018
0000050b
00001107
00001007
00000676
000006fb
000003ff
ffffe54b
ffffee7e
000019f1
00000fdf
0000033e
fffffb56
fffff78f
fffff323
0000021f
00000f4d
0000083a
000004f7
00000749
000009ed
000008ec
000008a9
000008d5
ffffffd8
00000cf2
00000bad
0000048e
00000756
00000a69
00000805
000005ee
fffffcd8
00000508
00000984
00000fdd
00000823
fffff8d3
ffffe82d
ffffdea9
fffffce5
000040b1
00002ac4
00000c02
fffff6f2
ffffcff2
ffffec29
000006f4
00001915
00000705
00000115
0000062f
00000b53
000000d5
fffffc69
fffffdcc
fffff282
00000cb7
00000bc4
000005a0
0000004f
00000656
00000a1a
fffffdd4
fffff7f2
00000711
fffff6ab
000009c3
000001b3
fffff246
ffffdb67
ffffd5c6
fffff8fe
00003487
00003883
fffffdd6
ffffd414
ffffbf4e
ffffeef6
00001b9d
000006e8
fffffaa1
fffffeb5
00000733
000009ee
ffffff7e
000004b9
000004bd
fffff500
fffff9cb
000009c7
00000c0b
0000011c
00000d04
00000d1a
000004a5
fffff8e5
00000ea3
fffffcf9
00000914
000003bb
fffff467
ffffe0f4
ffffe9bb
fffff3bd
0000017a
000037a9
000011c0
ffffb9ca
ffffdd27
fffff2fc
00001564
00002406
000007ad
fffffc3e
000003f1
00000051
fffffbfa
00000021
ffffffe3
fffffb77
fffff70b
00000128
ffffff44
ffffff41
00000232
0000057e
00000810
ffffeb06
00000a2d
00000353
00000ac9
000006a3
00000049
fffff55d
fffff122
ffffeda8
ffffd125
000007d3
000006f9
ffffe537
0000060c
000007e6
ffffee35
00001418
00002d9e
0000159e
00000825
000002a6
00000806
00000954
000009cc
00000ec9
00000977
00000780
fffffebe
00000536
000009d0
00000b75
00000c63
ffffed32
00000c1d
00000426
00000bb2
00000656
0000054a
0000069a
fffff5e4
ffffe507
ffffe76d
fffff382
fffff994
00000d78
00001993
000004d1
fffff7fe
00000d95
000022f2
00001e80
000005b9
00000707
00001017
000012b7
00000cc1
000017ba
00000f85
000007e1
ffffffd4
00000260
00000bc4
000011cf
00000d33
fffff319
00000f8f
00000519
0000065c
000006d1
000009b0
000009ab
fffff44b
ffffdec4
fffff3e9
00000466
fffff4c1
0000088c
00000e4a
fffffd73
00000830
000019ec
00001088
000008ba
fffffb8d
0000000d
00000f35
00000692
000007bc
000006ac
000010b1
00001596
000009fb
000002a1
000005eb
00000d28
000001e2
fffff131
00001669
000003b8
ffffffdc
00000513
00000363
0000034e
ffffecf6
ffffe0e2
fffff811
00000dd9
fffff7ca
00000203
fffff7a6
ffffffba
00001c2f
000020ad
00000903
0000045f
00000c50
00000844
0000029c
fffff848
fffff04f
fffff019
fffff88a
000002a5
fffffbb1
fffff8e1
000004d3
00000541
000000b7
fffff3a9
000017a0
00000268
000001b7
0000089d
ffffffbf
fffffed5
ffffe9f1
ffffe193
fffff822
00000617
fffffb0c
fffffcd6
fffffd11
ffffffd5
00001cb1
00001563
00000712
000003a8
00000a3b
00000a84
000002dd
ffffff1f
fffff72e
fffff77f
fffff96a
fffffcda
fffff8e0
fffffa5d
fffff0f8
fffff880
fffffeea
fffff970
00001675
00000786
00000655
000005ef
000003a4
000003d8
ffffedab
ffffe292
ffffed06
00000262
ffffffad
00000487
000016f0
fffff545
00000332
00000a47
00000aa1
000007d9
00000d1b
00000a81
00000663
0000033c
ffffff1f
fffffd54
fffff94e
fffffa10
fffff949
fffff633
ffffe51d
0000020d
0000053b
fffffa7f
00001422
00000b88
00000743
0000065d
00000a2e
000006f5
fffff124
ffffdc20
ffffde5c
fffffac7
fffffd6e
000020d2
00002203
0000009a
fffff2cc
00000412
00000851
00000999
00000abb
00000b59
000007b8
00000533
00000285
000000c7
fffffef9
fffffeb6
fffff6ac
ffffec99
fffff3e3
ffffff32
00000926
fffffa57
00000fcf
00000cc2
000004cb
00000bfe
00000ff9
000007e1
ffffee74
ffffd465
ffffd844
fffff63e
fffffa69
00000963
0000181e
00001b93
00000b90
00000837
00000336
000006ce
0000044b
00000adf
0000077a
0000050c
000006b5
000002c0
fffffe70
00000144
fffffb07
fffff035
fffff5de
fffffeb1
00000cb8
fffffa91
00000a80
00000d0b
0000073b
00000f35
00001250
000006dd
fffff2fa
ffffd43c
ffffd345
ffffeb44
fffff9e5
fffff749
00001496
00002f84
0000301a
00000b00
ffffffc4
000001b8
000003fd
00000467
000007bb
00000482
00000c43
00000686
fffffd8e
000002fa
fffffe49
fffff565
fffff457
000009c5
00001124
fffffcb0
000005df
00000ee1
00000a4c
00000de7
00000b70
0000066c
fffffe6a
ffffde00
ffffcde4
ffffddfd
fffff7a0
fffff9a5
0000007c
000030dc
00003f49
000004c7
fffff8f2
fffffe93
000004c8
00000405
0000072d
0000094d
000004c0
00000177
00000230
00000409
fffff90c
fffff3dc
fffff68f
000007a6
00000eef
fffff952
00000314
00000fa5
00000706
00000896
00000639
0000080f
00000194
fffff0aa
ffffd8e7
ffffd0c8
ffffea92
00000925
fffff758
00000de2
000033e1
000022dc
fffffd5b
fffffb56
0000060c
0000012a
00000482
000006cd
000004b1
ffffff26
0000038f
00000400
fffffbd6
fffff09b
fffff8bb
0000075e
00000df0
fffffbd4
00000591
00001097
00000a21
00000216
000004dc
000003b3
fffffe81
fffffac6
ffffe729
ffffd922
ffffdb94
fffff1b6
fffff712
ffffe704
fffffe18
00002c35
00002b5e
00002141
0000031a
fffff81d
fffff8a7
fffffdbb
00000600
000005f3
0000048d
000004b3
fffffcdf
fffff16a
fffff94f
00000b1c
0000090e
fffffb01
00000b55
00000d7c
00000114
fffffd69
000001a4
00000200
fffff871
fffffac1
ffffff6e
fffffd5c
ffffe845
ffffea25
fffff589
fffff44f
ffffe8df
fffffaff
000026ed
00003ff6
00000f0d
fffff886
fffff6d2
fffff0b7
fffffb11
00000ce2
0000057c
000005ce
00000074
fffff3eb
fffff75e
00000a94
00000cd0
fffffcd4
00000701
0000083f
fffffc8d
00000041
fffffcdb
00000143
fffffe4b
000005a8
00000bdc
00000a67
fffffb9b
fffff95b
ffffedad
fffff8ec
ffffefdd
fffff0b1
00000198
00002ea2
0000173b
fffffed0
fffff76e
000004b2
0000015c
fffffc72
00000961
00000681
ffffff1e
fffff294
fffff4db
00001047
00000f59
fffff7e0
ffffffeb
000006ac
fffffdef
fffffe62
000002ac
000006a5
00000a37
000009ff
000005e1
0000067e
0000021c
fffffa80
fffff341
fffff8f8
fffff518
00000a38
000000da
00000bdb
000016c3
00000a11
000004ec
00001086
00002037
00001318
00000d85
fffffb99
fffff7fb
ffffed17
ffffede2
00000e63
000010b7
fffff9ba
00000bba
000006c5
00000932
0000090f
00001260
00000caa
00000afa
00000f02
ffffff56
00000556
fffffb6f
ffffea1b
fffff128
fffffc30
fffffd10
fffffcdd
00000167
000016d7
000017e6
000007ab
00000b51
0000114a
000025dd
000020d8
0000034d
fffff27f
ffffff51
ffffe8e7
ffffea08
0000094c
00001287
fffffdd4
000014c3
0000057a
00000c96
00000c4d
00001559
00001791
0000107a
00001808
000007b6
fffffe3d
fffff865
ffffe582
fffff4a0
0000082d
000001aa
ffffe72d
ffffff8c
00002360
00001551
00000ab4
00000549
00000fbd
0000122c
00002602
ffffed80
fffff9b0
0000145c
fffff60d
ffffea05
fffff588
00001a18
fffffecc
00001447
000007b2
000006b1
000009f8
000017ed
0000196c
00001c41
00000e9c
00000a8d
fffff898
fffffc05
fffffb23
000011bd
000019a8
0000138f
fffff217
fffff668
00000aa5
000012d6
00001d51
00001981
00001109
000009ff
000000ba
00000263
00000426
000012a5
00000d44
00000c00
00000406
00001c4e
00000ad6
00000b8f
00000ef7
00001027
00001011
0000142a
00000cb4
00000f8c
0000035b
00000afa
00000d7e
00000fb6
00000cc4
000013a9
00001c19
00001169
00000c5c
00000268
0000060c
000014f1
0000175f
00001d79
00001925
00000f68
0000064c
000015af
00001479
0000143f
000016ab
0000077f
00001c51
000020b9
00000349
00000e68
0000142e
000018a3
00000be4
000012e0
00001073
00000454
fffffd25
00000cfd
00001d9e
000019aa
00002143
00001c78
000011d1
00000763
00000e05
00001692
00001394
0000146f
000013ee
000005fa
000013b7
00001bae
00001da0
0000174f
00001759
00001036
000023a6
0000174d
00001675
00001e09
000011e4
00001e8d
000000b7
00000e22
00000b95
00000681
fffffc3e
0000018a
fffffb7c
00000df1
00000a98
00000007
fffffeb1
0000066e
00000bb0
000008d6
00000a2b
ffffffdc
00000528
00000396
00000947
0000054a
fffff3fd
fffff3f6
00000a08
00001017
00000928
00000805
00000ca3
00001118
00001040
00000049
fffffd01
000011db
fffff1b1
ffffec47
fffff4b5
fffff3a3
ffffefbe
ffffee8d
ffffee42
fffff049
ffffef8b
ffffeeb3
ffffed60
ffffec7e
ffffecbf
ffffef76
ffffed2a
ffffecc8
ffffea68
fffff0b3
fffff06e
fffff2ec
ffffeb75
ffffee9a
fffff569
fffff9d5
fffff662
fffff6a0
fffff63a
fffff126
ffffeb1c
fffff0c1
fffffc9a
fffffd12
ffffe4c0
fffff250
fffff3de
ffffeeff
ffffedf6
ffffec37
ffffe9db
ffffeaa3
ffffe880
ffffe560
ffffe94c
ffffe705
ffffeb52
ffffea16
fffff15e
ffffeb46
ffffea6b
ffffea38
ffffea99
ffffe5f2
ffffe7fb
ffffea44
fffff312
fffff850
fffff840
ffffefaa
fffff36e
ffffec7d
ffffe7bc
ffffecb9
fffff296
fffffb46
ffffe4ba
ffffebdd
fffff004
ffffef78
fffff168
fffff3f4
fffff00b
ffffeee4
ffffe702
ffffe2a0
ffffe822
ffffeb79
fffff05c
fffff21b
fffff2b8
fffff443
ffffeff4
ffffee81
fffff05b
ffffecaa
ffffecd8
ffffed15
ffffed3f
ffffee39
ffffef91
ffffed9e
ffffeeed
fffff29d
fffff0bf
fffff236
fffff6ba
fffffdbd
ffffe678
ffffe824
ffffed96
ffffee61
ffffed28
fffff0a9
fffffb80
fffff45d
ffffe5bb
ffffedd5
ffffe8e3
ffffe49d
ffffef12
ffffedad
ffffed80
ffffea17
ffffeb4c
ffffefdb
ffffedd9
ffffedc7
ffffea03
ffffe94d
ffffee49
ffffedc6
ffffed5b
fffff029
ffffe911
ffffef8c
fffff24a
fffff462
fffff770
fffffa6c
ffffe3c6
ffffe30a
ffffe9ab
ffffe9bf
ffffe821
ffffdf6c
fffff4fd
ffffe573
ffffe6e2
fffff90a
fffff637
ffffe540
ffffe83e
ffffec2a
ffffead4
ffffeb1c
ffffed3c
ffffe5dd
ffffeb7f
ffffef59
ffffec6c
ffffeb03
ffffee14
ffffe997
ffffebed
ffffed25
ffffecac
ffffed7b
ffffee14
fffff0c5
fffff1e7
fffff7ee
ffffe061
ffffe32e
ffffea73
ffffe9d4
ffffe6db
ffffd66a
ffffcef6
ffffd76e
00000c45
00000798
0000016d
ffffe6c7
ffffe588
ffffe75b
ffffe9d7
ffffec7f
ffffea84
ffffe41e
ffffe8d1
fffff1a4
fffff2c4
ffffeda1
ffffe625
ffffe688
ffffea60
ffffeb45
ffffece0
ffffebb6
ffffe5ea
ffffea21
ffffef84
fffffa30
ffffe43b
ffffe76f
ffffed8b
ffffec75
ffffe638
ffffdd36
ffffd02f
ffffe076
fffff3c8
00000204
fffffc90
ffffeebf
ffffe9d4
ffffe82b
ffffeba9
ffffe920
ffffeccc
ffffe9aa
ffffedb7
fffff087
ffffeb9b
ffffe940
ffffefcc
fffff079
ffffeed1
ffffec00
ffffece1
ffffedb4
ffffed91
ffffec49
fffff28c
fffffaa7
ffffe3b4
ffffee47
ffffedb0
fffff097
ffffe57e
ffffc101
ffffb2b4
ffffcfe3
ffffe6c7
ffffeb0c
fffff21a
ffffeb85
ffffdac6
ffffe3a7
ffffeb0b
ffffed6a
fffff101
ffffea36
fffff1f2
ffffeefd
ffffec76
ffffef8b
fffff742
fffff1e4
ffffef41
ffffee53
ffffebc6
ffffed4a
ffffef68
ffffeded
fffff4b3
fffff844
ffffe11e
ffffe8a2
fffff64b
ffffe5d0
ffffdec7
ffffcb31
ffff9c92
ffffc270
fffff521
fffffab9
fffffa08
ffffda28
ffffb3b6
ffffc7e5
ffffd2a6
ffffebcd
fffff75f
ffffed1c
ffffec38
fffff2e5
fffff037
ffffe969
ffffe85a
ffffdd8d
ffffe62e
ffffe7ff
ffffe661
ffffddf4
ffffe640
ffffed8f
fffff32b
fffffdd3
ffffcfbe
ffffdf9c
ffffe860
ffffe842
ffffecce
fffff6a3
ffffb514
ffffba1f
ffffc7e0
ffffe2db
ffffeaa1
ffffc30d
ffff9990
ffffa6e6
ffffae51
ffffd103
ffffe842
ffffe201
ffffe1ec
ffffe39e
ffffe256
ffffee00
ffffe111
ffffdcff
ffffe370
ffffe8ad
ffffe7b3
ffffe079
ffffe313
ffffe81d
fffff3c0
fffffb05
ffffc78c
ffffdcd6
ffffe3a3
ffffe76d
ffffe740
fffff679
ffffe3db
ffff9aca
ffff8394
ffffaedf
ffffb939
ffffbd62
ffffbaac
ffff9bf8
ffffae43
ffffd727
ffffe588
ffffe45d
ffffe3ac
ffffdfa5
ffffdab4
ffffe51c
ffffe52d
ffffe5f6
ffffe5cf
ffffebe3
ffffe6c6
ffffec48
ffffe6d3
ffffe481
ffffe99d
fffff0b5
ffffcfbf
ffffe328
ffffeb50
ffffe781
ffffe383
ffffec7b
ffffec01
ffffbb16
ffff8b3f
ffff9c54
ffffb864
ffffe0cc
ffffecda
ffffe154
ffffca9d
ffffc77c
ffffcfd4
ffffcb82
ffffcdf9
ffffcc12
ffffd9aa
ffffe0ef
ffffe79f
ffffe806
ffffe5a5
ffffe8b1
ffffe9ea
ffffef4e
ffffecd1
ffffebce
fffff06a
fffff383
ffffd498
ffffe861
fffff0a8
fffff096
ffffee8c
fffff0fa
fffff73e
ffffd31b
ffffadce
ffffbfa2
ffffea5a
fffff76a
fffffc44
fffffd9c
ffffea7e
ffffce86
ffffbcc2
ffffbae2
ffffc8fa
ffffd474
ffffe2c8
ffffdb55
ffffdc6a
ffffd77a
ffffd8a5
ffffe069
ffffef0a
fffff27e
fffff14e
fffff0e1
fffffd55
fffff9d0
ffffd6c1
ffffe71f
ffffef8c
fffff5a6
fffff252
fffffac7
fffffcfa
ffffdd9c
ffffdc93
fffff888
000009c1
000001df
fffffbcb
00000d1d
00000ee6
ffffefbb
ffffde3f
ffffe4aa
ffffee9f
ffffee09
ffffdee9
ffffd5c5
ffffcb92
ffffcc62
ffffd34a
ffffdf7b
ffffe6bd
ffffead2
ffffeecf
ffffeee8
fffff567
fffff80d
ffffd442
ffffe7b7
fffff30a
fffff41d
fffff0a9
fffffcbb
00000164
ffffe9a6
ffffeaca
fffffafc
000012cf
00000229
ffffff77
00000096
00000199
00000201
fffff77b
fffff9aa
000003b7
fffff9fa
fffff162
fffff8ae
fffff45b
ffffe6d2
ffffda61
ffffd834
ffffe076
ffffe62e
ffffec19
ffffeb87
fffff461
fffff565
ffffd9e6
ffffe74a
fffff153
fffff15a
fffff6ab
00000612
00000c64
ffffeb72
ffffeb4d
ffffe791
fffffdbb
000006fa
00000928
000001a9
fffffc42
fffffcff
fffffced
fffff622
fffffa73
fffff8c5
fffffb55
fffffa0d
fffffe1f
fffffa12
ffffe5c4
ffffe905
ffffe66b
ffffe579
ffffed70
ffffee5b
fffff9fb
fffffe27
ffffe01d
ffffe59e
ffffec84
ffffeecb
fffff993
0000062c
0000107d
ffffed25
ffffe6f5
ffffdba8
ffffea69
000006a6
00000f48
fffffea1
fffffa60
fffffb7b
fffff2f4
fffff12a
ffffef3a
fffff355
fffff430
fffff242
fffff828
ffffff9b
fffff61f
ffffea15
ffffe78c
ffffdce6
ffffedfa
ffffee5c
fffffb02
fffffda8
ffffe1ac
ffffe50f
ffffecf5
fffff0e7
fffff2b3
fffffe33
00000ed7
ffffef58
ffffe7dd
ffffcd15
ffffbc28
ffffcaa8
ffffef61
fffffe8a
fffffd08
fffff76c
ffffef84
ffffedd9
ffffe87c
ffffedd5
fffff099
ffffee5a
fffff31b
fffff858
fffff45a
fffff5a6
ffffe840
ffffda65
ffffe691
ffffe6a3
fffff9f7
fffff9c7
ffffe2be
ffffe543
ffffed4d
ffffecb6
ffffeaf8
fffff081
0000067f
fffffa21
ffffe3f7
ffffc518
ffff9abd
ffffad03
ffffde7a
fffff247
000001d2
fffff703
fffff36a
ffffeeba
ffffea7e
ffffedaa
ffffedf8
ffffef12
fffff5a0
fffff53b
fffff0f3
fffff338
ffffeaa8
ffffdc3c
ffffe5ef
ffffee4b
fffff8ea
fffffc55
ffffe10a
ffffe602
ffffea11
ffffecd5
ffffeacb
ffffec94
000002ee
0000056e
ffffedf4
ffffd1b7
ffffb66a
ffffb4cf
ffffcdd4
ffffe8d5
ffffff0d
fffffad3
fffff908
fffff62e
fffff0d4
ffffee93
ffffeef9
ffffefdb
fffff186
fffff6c6
fffff0ec
fffff37c
fffff298
ffffe549
ffffeb07
ffffec61
fffff586
fffff8c4
ffffdcd0
ffffe09d
ffffe92c
ffffeb45
ffffe807
ffffed40
fffffb92
00000bef
fffffa4d
ffffe9c9
ffffe38a
ffffc2b6
ffffafe5
ffffc71d
ffffdcf1
fffff5a5
fffffced
fffffdc1
fffff700
fffff334
fffff1b3
fffff178
fffff132
fffff5e4
fffff0cc
fffff464
fffff4ca
ffffe373
ffffe37b
ffffe471
ffffef50
fffff6ec
ffffe0a0
ffffe16a
ffffeb11
ffffebe4
ffffea72
ffffe830
ffffeb03
ffffff01
00000830
fffff544
fffff5bd
ffffcd39
ffff9ce6
ffff8f00
ffffa733
ffffe29b
fffffc75
000000d0
fffffd85
fffff578
ffffea78
ffffeb85
ffffece6
ffffee9a
ffffef87
fffff650
fffff28e
ffffe3a8
ffffe3df
ffffe157
ffffefdc
fffffc10
ffffde31
ffffe4a0
ffffec6b
ffffe558
ffffe415
ffffdf28
ffffe1b4
ffffe7d8
fffff7cf
000001ee
fffff82c
ffffdf6b
ffffb013
ffff93ca
ffff8d53
ffffb932
ffffe628
fffffc85
fffff822
fffff597
ffffedae
ffffeb01
fffff2e9
fffff4ac
ffffef98
fffff3f0
fffff561
ffffe880
ffffe798
ffffe7f2
ffffefd5
fffff6d1
ffffdb8f
ffffdeda
ffffdf5f
ffffdca9
ffffde2a
ffffe286
ffffe08c
ffffe55d
ffffe92c
fffff588
fffff6fe
fffff55d
ffffe855
ffffceb4
ffffad13
ffffad17
ffffbd11
ffffdc07
ffffe73f
ffffef0a
ffffed80
ffffeaf7
ffffebd6
fffff03c
ffffec13
fffff021
fffff34a
fffff306
ffffed7f
ffffedb8
fffff542
fffffc03
ffffe0d9
ffffdbda
ffffe4cd
ffffe84b
ffffe49e
ffffeab0
ffffe571
ffffeb58
ffffdece
ffffdecd
ffffe418
fffff847
00000734
ffffee37
ffffd57f
ffffbe21
ffffbd7d
ffffd1e3
ffffd82f
ffffd70f
ffffd5d6
ffffe043
ffffe92b
fffff2af
fffff4fe
fffff30d
fffff49b
fffff2ba
ffffe4d9
ffffe93f
fffff324
fffff983
ffffe314
ffffe162
ffffe711
ffffe8f5
ffffe88e
ffffed37
ffffe81b
ffffe669
ffffe59b
ffffe877
ffffec7d
ffffeebd
00000550
ffffff74
ffffef46
ffffd716
ffffd97f
ffffe66c
ffffe07b
ffffcb59
ffffb951
ffffc631
ffffec30
fffffc92
000005a2
fffffbeb
fffff29c
ffffe067
ffffe2fc
ffffe22d
ffffe624
ffffe7f6
ffffe182
ffffe1a2
ffffe441
ffffe8fc
ffffea51
ffffe257
ffffe383
fffff2e4
fffffabe
fffff1d6
fffff0e5
ffffe47e
fffff946
0000036e
fffff6be
ffffebb4
ffffdd86
ffffdc4f
ffffdc71
ffffd311
ffffb6b6
ffffb334
ffffd0c6
ffffe566
ffffe63f
ffffeb6d
fffffdbd
ffffea42
ffffe5b7
ffffe8b9
ffffe628
ffffe9cc
ffffe033
ffffdd48
ffffe165
ffffd9c3
ffffe6ea
ffffe4d1
ffffeee8
fffffa39
fffff803
ffffea08
ffffef2d
ffffd73c
ffffdce5
ffffe490
ffffee4c
ffffe41f
ffffc9dc
ffffc57d
ffffd6dd
ffffde46
ffffe874
ffffcb8a
ffffbd3c
ffffb819
ffffb16f
ffffce4d
ffffe604
ffffe564
ffffd674
ffffde45
ffffe6c6
fffffa04
ffffd4b6
ffffdb55
ffffdd0b
ffffddd7
ffffe082
ffffe47b
ffffe34f
ffffd574
ffffd7e4
ffffdf89
ffffe06b
ffffd501
ffffda62
ffffe0c6
ffffed5d
ffffd2a5
ffffc240
ffffcafc
ffffc95b
ffffdd56
ffffdc38
ffffc7da
ffffbbae
ffffc59e
ffffc0a5
ffffbafa
ffffbdd3
ffffc7f7
ffffd775
ffffdf4d
ffffef69
fffff1fc
ffffd8f5
ffffebeb
ffffe7fd
ffffe205
ffffe235
ffffe341
ffffd010
ffffc915
ffffce33
ffffd6f1
ffffdbfc
ffffe6f5
ffffe2d0
ffffe7a1
ffffd875
ffffd800
ffffdf4a
ffffe2ff
ffffd844
ffffd207
ffffc21f
ffffc974
ffffd3dc
ffffce72
ffffcec7
ffffc388
ffffc6fc
ffffd176
ffffd90e
ffffe803
fffff055
fffff6f7
ffffd584
ffffcfc0
ffffd514
ffffd19a
ffffdc17
ffffddda
ffffd167
ffffd46a
ffffdb3a
ffffdb11
ffffcf23
ffffd158
ffffd4dc
ffffd085
ffffd59e
ffffe50d
ffffe84c
ffffe1c0
ffffe277
ffffe67d
ffffe0a5
ffffdb77
ffffd6b7
ffffd2e2
ffffd8fd
ffffd3c2
ffffdae5
ffffe2bd
ffffe537
ffffdbe9
ffffdbb4
ffffdf1f
ffffbbe2
ffffc634
ffffc9de
ffffd031
ffffcd6c
ffffd0e4
ffffd950
ffffd194
ffffd5c6
ffffcffa
ffffc52d
ffffca70
ffffcf83
ffffd4d1
ffffe073
ffffe1e5
ffffd0ab
ffffd437
ffffd624
ffffe09c
ffffdf0f
ffffd295
ffffd2d6
ffffe49b
ffffe09d
ffffdc98
ffffda41
ffffdda1
ffffdd29
ffffd275
ffffd3cc
ffffdcd2
fffff03c
ffffed62
ffffed78
ffffefaa
fffff18e
fffff372
fffff248
fffff3f2
fffff49d
fffff3ca
fffff2e9
fffff6cf
fffff57d
fffff331
fffff146
fffff101
fffff3b2
fffff411
fffff46a
fffffaa7
fffff621
fffff4cc
fffff535
fffff19e
fffff07a
fffff4f2
fffff162
ffffec76
ffffe977
fffff1af
fffff1ac
fffff7f0
fffff644
00000135
000003fa
00000390
0000076c
00000807
000003d8
fffffd92
0000001a
00000398
0000003b
00000122
fffffdec
ffffffbf
ffffffdc
00000237
00000675
fffffa0b
fffffaab
00000513
00000358
ffffffd3
ffffff54
fffffd5f
000003a4
00000350
00000518
0000058f
000002ac
fffffed6
fffff3ac
00000760
fffff1c7
fffff5b6
fffff465
fffffa7f
000002d0
000001da
00000430
000004bd
00000272
fffff647
ffffff58
ffffff91
fffff950
fffff327
fffff6f6
000003df
00000509
fffffb22
fffff70e
00000037
00000526
00000400
fffffb76
fffff6b4
fffff6e5
fffff853
000000a1
0000005d
00000092
fffffed5
fffff5cb
fffffaf8
ffffefef
fffffa02
fffff90c
fffff926
fffffb9d
0000093b
fffffa15
fffff65b
ffffde20
ffffd473
ffffe472
fffff9ee
ffffefd3
fffff530
fffff576
0000000e
000002d2
fffffbab
fffffa94
0000025c
00000890
00000104
fffff6cf
fffff45b
fffff930
fffffac7
fffff97d
fffffd26
fffffc06
fffffb24
fffff247
fffffd84
ffffec56
fffff931
fffffe18
fffffd77
fffffe99
000007b1
ffffea02
ffffc434
ffffc197
ffffe9f0
000001fe
fffff402
fffff276
ffffee90
fffff03a
fffff4ee
fffff5a8
fffff66b
fffff6fa
fffffbdf
fffffbcf
fffff870
fffffac8
fffff7c1
00000030
0000003a
fffffbd7
fffffe52
00000386
000001a5
fffff59c
fffff989
ffffece0
fffff395
fffffcb2
fffffcfb
ffffffc4
00000654
ffffe953
ffffa527
fffff39a
000027f4
0000097c
fffff710
fffff095
ffffebdd
fffff710
fffff719
fffff07f
fffff101
ffffefd2
fffff68b
fffff527
fffffba5
fffffc36
fffff9ec
fffffd29
fffffdc6
fffffd5e
fffffac8
fffffb4a
ffffff09
fffff356
fffff8fe
fffff19a
fffff9f0
0000010b
ffffff5e
000004d5
fffff9b7
ffffddc6
ffffd8c9
00001129
0000170a
ffffff26
fffff8e1
ffffe842
ffffe1cb
fffffe84
0000060c
fffffcce
fffffae6
fffffaae
fffff9c5
fffff163
ffffeee1
fffff729
00000118
fffffcfa
0000041f
ffffff4a
fffffa2d
000002c6
000002b0
fffff8f0
ffffff65
ffffe83a
ffffead2
ffffff3c
0000042e
fffffe38
ffffdeac
ffffd86a
ffffd712
0000036e
fffff76a
fffffcec
fffff3ed
ffffe5f2
ffffca30
ffffdc63
ffffef9e
fffffdff
00000987
0000141c
000016c4
00000cd3
fffff555
fffffe42
fffff7f9
00001002
00000f0b
00000989
00000414
0000081b
000010c0
00000056
00000966
ffffe10e
ffffec99
fffff62e
0000018a
fffffd05
ffffe31e
fffff874
000017d7
00000884
000006a8
fffffd5c
ffffe33c
ffffe0d1
ffffc93b
ffffdb5e
ffffda0d
ffffe73d
fffffda7
0000051d
000007b8
fffff280
ffffe512
ffffdc72
ffffe732
fffff8ed
fffff0ec
fffff372
ffffeb17
fffff671
fffff7e5
fffff2a2
fffff8b9
ffffceb6
ffffdfc5
ffffeeff
fffff9cd
00000712
0000099d
000021c1
00003a3e
00001530
fffff1e7
ffffe16c
ffffc2de
ffffd786
ffffe343
ffffc70c
ffffca9e
ffffcab8
ffffe64c
fffff1ff
ffffebf4
ffffe6eb
ffffe5b7
ffffdecd
ffffe7f9
ffffe8d7
ffffe7c4
ffffe3ce
ffffed4e
fffff5b5
fffff260
fffff192
fffff5f9
ffffce1e
ffffd837
ffffec15
ffffe958
fffff430
fffff3df
00000fbc
00001e6e
0000122e
ffffe142
ffffe90b
ffffba5d
fffffeb4
fffff511
ffffc5f8
ffffbc94
ffffad7a
ffffd535
ffffe893
ffffe02a
ffffdf31
ffffdb32
ffffde9e
ffffe131
ffffe261
ffffe515
ffffde16
ffffeb59
ffffeddb
ffffee9b
ffffefcd
ffffedb0
ffffd019
ffffdadf
fffff427
fffff09e
ffffe16e
ffffed3b
fffffa57
fffffac5
fffff75e
ffffe698
ffffc7b5
ffffefd5
000010e0
fffffed1
ffffd683
ffffd16c
ffffc7d9
ffffc70b
ffffd705
ffffda38
ffffdf30
ffffe445
ffffea74
ffffebae
ffffecb5
ffffe265
ffffe253
ffffeb2b
ffffe924
ffffed9b
ffffebc4
fffff451
ffffd395
ffffd6fc
ffffed7e
fffff12a
ffffefde
fffff4a9
fffff211
fffff72e
00000e6c
ffffde18
ffffe8b6
00000c0f
00000109
fffff1c0
fffffe5b
00000a3f
fffff855
ffffd3fd
ffffc979
ffffc28b
ffffc093
ffffbb3e
ffffc9d0
ffffd2bf
ffffd521
ffffde7f
ffffe3ee
ffffec07
ffffeab5
ffffed2f
ffffec6f
fffff926
ffffd5b5
ffffdb41
ffffed6b
ffffec1d
fffff112
fffff232
ffffec76
fffffae1
00000c5d
fffffa2d
fffff049
fffffdd8
ffffffb5
fffff54c
00000a4a
0000299a
00002521
fffffaee
0000027a
fffff410
ffffe99b
ffffe027
ffffde19
ffffd472
ffffc90b
ffffc955
ffffc7ac
ffffd7f9
ffffe520
ffffe347
ffffedb5
fffff9b4
ffffdbef
ffffd9d9
ffffec0b
fffff01f
fffff24a
fffff298
fffff1d2
000001a4
00000ff1
fffffcd9
ffffe913
000000a9
000003f1
00000c68
00001b08
00000eff
000003e3
00000426
00000a67
0000072d
0000187e
00001858
00000e29
00000b3c
000002ed
ffffd9ef
ffffc6b4
ffffc90e
ffffe441
ffffe946
ffffebd4
fffffaa2
ffffe400
ffffdecf
ffffefb2
ffffee6e
fffff244
fffff804
fffff379
00000185
000005d1
fffffe00
fffffd95
fffffb52
000006de
00000f97
00001705
fffffd90
000002c5
ffffffe5
fffff87a
fffffbb6
fffffe8c
fffffec8
00000240
00000010
00000b2e
00000741
ffffdbd4
ffffd24e
ffffd180
ffffe335
ffffea20
fffffbbd
fffff0a1
ffffecae
fffff60c
fffff0b8
fffff3af
fffff6f3
fffff3dd
fffff8f8
000001c8
0000050b
00000c3f
00000059
0000029a
00000a10
00000806
000001da
000003f0
0000008e
fffffb7a
fffff99f
fffff8b4
fffffa44
fffffb43
fffffce1
fffff91f
0000086c
ffffe747
ffffd118
ffffd791
ffffe2c0
fffff2ce
fffffd7e
ffffef1f
ffffeae8
fffff5d5
fffff7c1
fffffa65
fffffe00
ffffef92
ffffeb82
fffff3f4
00001791
00000e41
0000040a
ffffe498
ffffe263
fffff5cf
fffff90d
fffff751
fffff780
fffff608
fffffb5b
fffffd39
fffffb2b
ffffff22
00000210
00000058
00000696
fffffe9e
ffffea6d
ffffe6d4
ffffeff7
fffff036
fffffc99
fffff3b9
ffffec22
fffffae5
fffffd9d
00000291
000005f6
fffffb7e
ffffe9c3
ffffef54
00000abc
fffffd28
ffffe849
ffffd850
fffffc08
fffff316
fffff972
fffffe88
fffff930
fffff9ba
fffff881
fffffbe4
fffffa45
fffffc5b
fffffd21
fffffc3b
fffffde6
fffffea3
ffffeb1c
ffffe672
fffff0f5
ffffef05
fffffbc2
fffff129
ffffe7df
fffff5b2
fffffbd4
fffffcab
000005b9
000002c2
fffff0c5
fffff029
00000818
fffff2f7
0000021d
00000ea0
0000086d
fffff616
fffffb95
fffff968
fffff689
fffff791
fffffae3
fffff7ad
fffffa74
fffffe11
fffffcbe
fffffd27
ffffffa4
fffffaf1
ffffe930
ffffe9bc
fffff4a6
fffff4a1
fffffce6
fffff77e
fffff17f
fffff99b
fffffd02
fffffe8e
000002e8
000006f7
fffffaac
ffffef13
fffff8f8
000008a6
00002a5a
000041e1
00001364
00000fd2
fffffe85
fffff5f8
fffff849
fffffa12
fffffaff
fffffe41
fffffca6
ffffff8c
fffffe37
0000011e
000000b5
000002f4
fffff0a8
fffff136
fffffd9b
fffff542
fffffa79
fffff927
fffff68d
fffffd59
fffffc70
fffffc87
00000093
00000bc1
00000a8c
fffffe1e
fffff502
000007ff
00001778
0000256b
000010cc
ffffdecc
fffff523
fffff334
fffff1cb
fffffbb7
fffff9e9
fffffb0f
ffffff5f
00000242
fffffe9c
fffffe7c
0000029f
000002e4
fffff15b
fffff1c2
fffffb34
fffff412
000000dd
fffff86f
fffffa16
ffffff86
fffffc5a
000000f9
fffffe90
fffff65f
fffffe74
0000039b
fffff707
fffff7a7
fffffe23
00000437
fffff286
ffffef46
fffff763
0000002a
00000d76
000003f2
000004cb
fffff3d6
fffff8e7
fffff8b9
fffffab7
fffffe9d
000003c1
fffffed7
fffff034
ffffe91d
fffff7fa
fffffba4
000007d9
fffff8ab
fffff7a9
fffff402
fffffa85
fffffc13
fffff3f5
ffffeeff
fffff4ab
fffffd9c
fffffea8
fffff83b
000004a9
ffffff5a
00001313
00000dcb
00002345
00000b4b
00000b2c
0000149b
000017e5
000009f6
00001418
000007eb
00000282
fffffd40
000005e7
fffff975
ffffed53
ffffe839
fffff1b6
000002c8
00000331
fffff831
fffff7ca
0000009e
fffff95c
fffff9a2
fffff47d
fffff423
fffff387
fffff08b
ffffe42b
ffffe963
fffff942
ffffe79a
000005c4
000016a4
000024d4
000001c0
ffffe445
ffffea8f
fffff148
fffff9e6
00000167
fffff371
fffff295
fffffc94
fffffef9
fffff96e
ffffe9b8
ffffebf1
fffff9de
0000014e
00000387
fffff147
ffffeb3c
fffff607
fffff645
fffffbf2
fffff6ed
fffff63a
ffffef58
ffffeb69
ffffead1
fffffce9
ffffff8c
ffffdf51
fffffd7d
00000c6c
00001691
ffffeaa2
ffffdb39
ffffeb00
fffff1da
000005e3
00000fea
000005ca
fffff632
fffff8d7
ffffe33e
ffffeafb
ffffd16c
ffffd60f
fffff64c
fffff9b1
fffffc14
ffffee88
fffff2b0
fffffb94
fffff45d
fffff256
fffff178
fffff10f
fffff76c
fffff5bf
fffffca2
fffff7be
00000af3
fffffd86
00000129
00000117
00000821
fffff07a
ffffec8d
ffffe723
ffffdf34
ffffebd5
0000071b
00000939
00000bc8
fffff541
fffff7d4
000003c9
ffffd66c
ffffcd63
ffffe2a7
ffffe56a
fffff06d
ffffe094
ffffe703
ffffe826
ffffedbd
fffff291
fffffd31
fffffae7
fffff55f
ffffffec
000006f3
fffffd32
fffff2f5
ffffef44
ffffe3b0
ffffec6e
fffff3c9
fffff93f
fffff140
ffffe54b
fffff5f3
fffffb48
00000718
00001b41
ffffff5b
ffffe780
fffffff5
000013d4
ffffe6d8
ffffd0ec
ffffd978
ffffea0a
fffffe06
ffffe105
ffffe011
ffffe905
fffff2dc
fffff724
fffffece
fffff2fb
ffffe62b
ffffec67
ffffe6f7
fffff4dd
fffff31d
ffffeecd
fffff1fd
fffff637
ffffef98
ffffe479
ffffd873
ffffe4b2
0000014f
000012cf
00001f1e
00000c1c
ffffecf7
fffff937
fffff6c1
000005c2
fffff480
fffff2f9
fffffde6
00000028
00000cab
ffffe728
ffffea7e
fffffbbc
000009b4
0000047a
fffffdad
ffffeff9
fffff219
ffffec23
ffffdea8
ffffdbac
ffffd53f
ffffe26c
ffffec7b
fffff7bf
fffff910
000000db
fffffb5b
ffffffed
ffffef27
ffffdb00
ffffd5e0
ffffd49d
ffffe194
fffff7ac
ffffeda2
ffffe48a
ffffe658
fffff1ed
fffff691
ffffe344
ffffee2c
ffffe25a
ffffeeec
fffff46f
fffff9c8
ffffff7e
ffffeff1
ffffe742
ffffe5bd
ffffee5c
fffffc3c
fffffc27
000004c8
fffffc8e
fffff6dc
fffff6b7
ffffefae
fffff550
000008cb
00000be8
00000920
fffffe2c
00000719
000004c4
000001b8
fffff1ba
ffffeb31
ffffefee
000002e6
000003b2
00000da9
000002b8
ffffff34
ffffd794
ffffda12
ffffd26b
ffffd523
ffffdb90
ffffde47
ffffe3d3
fffff309
fffff63a
ffffe6bc
ffffd7b6
ffffd11f
ffffdc67
ffffe94c
ffffefae
ffffe721
ffffdfc4
ffffe247
ffffdefe
ffffe212
ffffd629
ffffdb13
ffffe333
ffffe7d9
fffff700
fffff499
ffffedde
ffffe24d
ffffea5a
ffffe700
ffffe2ae
ffffe3e0
ffffff40
fffff4f1
fffff63d
fffff58a
fffffca5
fffffbcc
fffffa69
fffffa6f
fffff7c1
fffff9db
fffffc83
fffffaba
fffffce3
fffffc8e
fffffd74
fffffce7
fffffc47
fffff98c
fffffb05
ffffffd9
fffffda5
fffff7bc
fffff64a
fffffa71
fffff86b
fffff4d1
fffff7eb
fffff3ca
fffff5cd
fffff4cd
fffff727
00000d6b
fffffa29
fffff798
fffffb30
fffffad5
00000248
fffffadd
fffff771
fffff9bf
fffff843
fffffdd2
0000016d
000002e0
00000180
fffffd34
0000034a
ffffffde
00000020
fffff9d4
ffffff00
000003f2
0000021c
fffffafe
fffff912
fffffa68
fffff963
fffff4f5
fffffc64
fffff54b
fffffc03
fffffc06
fffff459
00001a9e
fffffca0
fffffb5d
ffffff1d
fffffbb3
fffffe19
fffffce5
ffffeebb
ffffe5b7
fffff35a
fffff4ca
fffff39a
fffffbe1
fffff6b4
fffff5b0
fffff85b
fffffbf1
fffffb7a
fffff6b5
fffff2ac
fffffb33
fffff980
fffff748
fffff8c4
fffffbd9
fffffeda
fffffd54
fffffc9b
ffffffc4
00000376
ffffffde
fffff3b5
0000188c
fffffefa
fffff84e
fffff92d
fffff5c2
fffff8c7
fffff20e
ffffdbc6
ffffe5b9
fffff405
ffffeed2
ffffe9a5
ffffea04
fffff1bf
ffffebeb
fffff320
fffff8ef
fffff684
fffff6dc
fffff4e3
fffff9f8
fffffebd
fffffae0
fffffd6d
fffffcb0
fffffacc
fffff7d9
fffff897
fffffabc
fffffd92
fffffbf5
fffff30a
000018ad
fffffe02
fffff65b
fffff775
fffff535
fffff2c5
ffffed71
ffffca06
ffffe3fe
fffff413
fffff5aa
fffff00f
fffff2a9
fffff33f
ffffefd2
fffff0a2
fffff717
fffff65d
fffff512
fffff94a
fffff76f
fffffe9d
fffffa26
fffff9fa
fffff7a4
fffffa1a
fffff494
fffff592
fffff95b
fffff92a
fffff913
fffff262
00001696
fffffb17
fffff368
fffff7b9
fffff54d
fffff3a0
ffffe654
fffff241
000001c9
000007ff
0000025b
fffff70a
fffff030
fffff128
fffff2f2
fffff06c
fffff75e
fffff539
fffffd6b
fffffa35
fffff51e
fffff201
fffff619
fffff540
fffffd59
fffffb35
fffff57b
fffff47e
fffff87c
fffffbce
fffff8f9
ffffefbe
0000162f
fffff4f3
fffff141
fffff605
fffff5e6
ffffe902
ffffbf7e
ffffd28e
ffffee9e
fffff2ab
fffffc13
fffffc3d
ffffe514
ffffe816
fffff113
ffffe8c0
fffff565
fffff7b9
00000214
fffffe0a
fffff5b9
ffffeeb9
fffff114
fffff5e6
fffffaa1
fffff95d
fffff44a
fffff66b
fffff3e0
fffff8e1
fffffb16
fffff2eb
000018d8
fffff54e
fffff7e6
fffffa0c
ffffef7b
ffffe53c
ffffd887
ffffe663
0000053d
ffffe779
ffffeeae
fffff7da
ffffe994
ffffe0e4
fffff194
ffffe9d6
fffff196
fffff76c
fffffd07
fffff6be
ffffe84d
ffffeb4e
ffffed5e
fffff7ac
fffff7f1
fffff582
fffff804
fffff0e5
fffff2c1
fffff517
fffff8db
ffffefa0
000019ab
fffffb98
fffff7e4
ffffffb1
fffff0d4
000008c4
00000413
fffff4b1
fffff4d8
ffffef6d
fffff3e1
ffffe724
fffff502
ffffd544
ffffd4ad
ffffe549
ffffe654
ffffecf8
fffff63c
fffff3a5
ffffed5c
fffffa6d
fffffa2d
fffff875
fffffb9b
fffff943
fffff8c9
fffffc51
fffffaf5
fffffb84
fffffb45
fffff579
000024c1
fffff41f
ffffed09
fffff583
ffffe1ef
ffffecd8
000001bf
ffffefc6
ffffd5d1
ffffe70f
ffffe47b
ffffd1cc
ffffeae9
ffffea2d
ffffd01c
ffffe10c
ffffd6f0
ffffd63d
ffffe822
fffff631
fffffb4b
0000053d
00000a43
fffff15e
fffff3b5
fffff66c
fffff5a4
fffff97d
fffff8d7
fffffd64
fffff9c8
fffff3af
000028d1
fffff690
ffffee76
fffff0ae
ffffdee2
ffffd868
fffff3da
ffffe74e
fffffc09
00000283
ffffdc1a
ffffda44
fffffdae
fffff585
fffffc58
fffff4f9
fffff6a8
ffffd18b
ffffc8b8
ffffdb09
ffffeab0
ffffec65
fffff5ee
ffffea77
ffffe33c
ffffec87
ffffed30
fffff038
ffffee6b
ffffef6e
fffff0eb
ffffe2cb
00002341
fffff976
ffffef09
fffff0d5
ffffef8e
ffffe36f
ffffeac3
fffffb53
0000005c
fffffcbf
fffffedd
0000050c
00000079
fffff4d2
fffffe6c
fffffcd0
ffffef5d
ffffe678
ffffd8e5
ffffd93b
ffffdbf9
ffffd51b
ffffda05
ffffda90
ffffdd14
ffffe4b5
ffffec0e
ffffecf2
ffffec4e
ffffe821
ffffeddd
ffffdd6c
00001a0e
fffff759
ffffefba
ffffee82
ffffeb28
ffffed6f
fffff2d2
fffffceb
fffffac7
ffffefb3
00000aa7
0000056e
fffffe75
fffff12d
fffff21e
fffff57f
fffff408
ffffffde
0000101d
00001164
fffff120
ffffe129
ffffdc19
ffffc74c
ffffc9e3
ffffd5d4
ffffdc07
ffffe056
ffffe5fc
ffffe7e8
ffffef59
ffffe0ce
00001722
fffff465
ffffef81
ffffea7b
ffffe7f2
ffffe8f0
fffff3c1
fffff718
fffff892
ffffee0f
fffffd27
fffffd5c
ffffe3b7
ffffe5cc
ffffe510
ffffe87f
ffffffc5
0000038b
00000031
00000481
00000696
ffffffde
00000684
fffff5f4
ffffeba3
ffffe8dc
ffffddfa
ffffd6d3
ffffdd73
ffffe923
fffff15d
ffffded4
000014ac
fffff82e
ffffed5c
ffffe63e
ffffeb44
ffffed75
fffff638
fffffa8f
fffff423
ffffe7a1
ffffe3ed
ffffeec4
ffffd6a5
ffffd5e6
ffffe55a
fffff6f2
fffffb87
fffff370
ffffefb1
fffff0ef
fffff4f4
fffff274
fffff9ab
fffffc69
fffff88c
0000031b
ffffffbe
fffff052
ffffea0d
ffffe904
ffffe6df
ffffd80c
00000cc5
fffff6d8
ffffed71
ffffef53
fffff2c0
ffffefb1
ffffefd8
fffff5a5
ffffec7e
ffffe686
ffffe430
ffffe6a5
ffffda84
ffffdd84
fffff0cf
fffff9c5
fffff552
ffffef64
ffffed83
ffffed97
fffff4d0
fffff222
ffffef2f
fffff6ae
fffff7e0
fffffe78
fffff9a3
fffff78f
fffff958
ffffe71b
ffffe7be
ffffd973
00000ee4
fffff1d0
fffff15a
ffffef4c
ffffee29
ffffed8b
ffffe83f
ffffeee8
ffffe613
ffffd713
ffffdfb9
ffffcb32
ffffd3dc
ffffe471
fffffdf9
fffff50c
ffffef6b
ffffedc9
ffffecc5
ffffeffc
fffff350
fffff1ac
ffffed32
fffff358
ffffedcf
fffff0c7
fffff409
fffff20c
ffffeaa2
ffffe9ba
ffffe103
ffffe303
00001535
fffff297
fffff43a
fffff325
ffffedbf
ffffecfb
ffffe91e
fffff3bf
ffffe9b7
ffffe069
ffffd8a2
ffffca26
ffffde35
ffffef19
ffffe0f6
ffffec7c
ffffef16
fffff22c
fffff054
fffff45e
fffff3aa
fffff3d8
fffff403
fffff2ae
ffffedea
ffffeeaa
fffff3e5
ffffeab9
ffffebfa
fffffa80
ffffebf2
ffffecbd
0000166c
fffff16c
ffffebbc
fffff014
fffff134
fffff2ee
ffffef72
fffff3f5
ffffedac
ffffe5b3
ffffd396
ffffe961
000003a2
00000a31
ffffdf63
ffffe544
ffffedd9
fffff28a
fffff2c5
fffff4f5
fffff6c3
fffffb3c
fffff8c9
fffff6a8
fffff383
fffff321
fffff71c
ffffeefd
fffff15a
fffff7a2
fffff835
fffff046
0000190b
fffff08b
ffffecfe
fffff1b6
fffff4fc
fffffb1a
fffff1de
fffff2ab
ffffeb34
ffffea39
ffffd8e8
fffff768
000006ce
000000d9
ffffe7a3
ffffeab6
fffff095
fffff774
fffff267
fffff361
fffff373
fffff7a6
fffff95f
fffff27a
fffff106
fffff524
fffff93f
fffff73c
ffffeb8c
ffffef74
ffffedf9
ffffec74
00001a7f
fffff242
fffff12c
fffff816
fffffc64
fffff858
fffff48c
ffffe567
ffffe78a
ffffe382
ffffd921
ffffe0b4
fffff38e
ffffd4ac
ffffdbd9
ffffe191
fffff45b
fffff8a0
fffff1d3
fffff23a
fffff199
fffff28d
fffffd11
fffff577
fffff38b
fffff6c2
fffff6b4
fffffa91
ffffee1f
ffffecc1
fffff5f6
fffff4ff
00001cfe
fffff6a3
fffff226
fffff525
fffff537
fffff63f
fffff103
ffffe51f
ffffe4c6
ffffe942
fffff503
ffffe007
ffffdf3e
ffffd608
fffff6fa
fffff801
fffff7ed
ffffee33
ffffe5fd
ffffef7e
ffffef83
fffff114
fffff541
fffff9a6
fffff049
fffff44b
fffff63c
fffffb89
ffffeb53
ffffed13
fffff556
fffff917
00001e07
fffff1c5
fffff016
fffff944
fffff465
fffffa8b
fffff5c3
fffff20d
ffffe710
ffffea15
000002f4
000002e9
ffffefb1
ffffee94
000004c3
00000e0d
00000734
fffff194
ffffe54d
fffff845
fffff373
fffff2b3
fffff41c
fffff856
fffff4ef
fffff7d1
fffff652
fffff79b
ffffe863
fffff00c
fffff738
fffff41e
00001ad6
ffffef93
fffff4ac
fffffb35
fffff7ec
fffffc29
0000012b
fffff4f3
ffffedd4
ffffe601
000001a6
ffffff5d
fffff350
fffff3c4
ffffe6d4
fffff9f8
fffffdda
fffffe5b
ffffea5e
fffff2f3
ffffe884
fffff553
000000aa
fffff668
fffff23c
ffffef2c
fffff4ef
fffff83d
ffffe736
ffffea5e
fffff567
ffffecdb
00001d27
fffff820
fffff163
fffff822
fffff570
fffff52d
fffff96e
ffffea3a
ffffed51
ffffe9df
fffffab8
00000068
00000067
000007d2
fffff206
ffffe9c7
fffff5cd
fffffc9b
fffff0af
fffff191
ffffea4b
fffff571
00000928
fffff8fe
ffffe93f
ffffecd4
fffff7bb
ffffdedd
ffffdfed
ffffe5b9
fffff1c5
ffffec4f
00001fd5
fffff74a
fffff360
fffff41b
fffff1cb
ffffe9be
ffffe91d
ffffec4b
fffff218
fffff888
ffffef0d
fffffb8f
fffff051
fffffd48
ffffe497
ffffeddf
ffffea11
ffffeb84
ffffe391
ffffdfef
ffffe656
fffff590
0000128f
fffff513
ffffd52f
ffffe770
fffffb6f
ffffde48
ffffddc7
ffffecf2
fffff5ab
ffffed3f
00002482
fffff7ca
ffffea82
ffffeb2d
ffffe902
ffffedf5
fffff157
fffff222
fffff42c
fffff6e2
ffffe5f3
fffff39f
ffffebf7
ffffeaed
ffffe2b6
fffffa08
ffffe2ce
ffffced3
ffffda4d
ffffeea8
fffff407
fffff6c1
000001b7
fffff047
ffffd749
ffffed96
fffff85a
ffffd04e
ffffd31a
ffffe09c
ffffef46
ffffeda3
00001e5a
fffff89a
ffffea4f
fffff42a
fffff023
fffff768
ffffeef6
ffffe52f
ffffeb23
ffffe6aa
ffffde2b
fffff8f3
ffffe14e
ffffd1c6
ffffe355
fffffd50
fffff868
ffffdfe3
ffffe8c2
fffff74f
ffffee0f
ffffed83
ffffdfa7
fffffb3b
fffff71e
fffff45d
fffff9a0
ffffe0fa
fffff2a8
ffffe74d
fffff089
fffff913
00001a39
fffff6c9
ffffef16
ffffef3a
fffff5f2
fffff64a
fffff7a3
fffff1f0
ffffecda
fffff1c2
ffffeb90
ffffedc5
ffffea9c
ffffdf8d
ffffda72
fffff287
fffff1ce
fffff818
fffffcfe
00000156
ffffebc1
ffffe372
fffff011
fffff339
fffffb7d
ffffeac7
fffff002
ffffff1f
00001914
00000617
fffff28a
fffff27c
00001527
fffff3d5
ffffe9f5
ffffef83
ffffed4f
fffff3c3
fffffc2e
ffffff21
fffff462
ffffe79e
fffff58e
ffffeb3a
fffff363
fffff492
fffff0c8
fffff8d7
fffff3a4
fffffb0e
0000000c
fffff55d
ffffffba
fffffea7
00000177
fffffcb2
00000763
fffff87b
fffff367
fffff5d9
000008c5
fffff3b7
fffff34c
fffff212
00001fcd
ffffe214
ffffc3c4
ffffd541
ffffd352
ffffd847
ffffdd8e
ffffe32d
ffffdca6
ffffc974
ffffd44d
ffffd57b
ffffd809
ffffe3be
ffffdfa5
ffffd17b
ffffc703
ffffc8ee
ffffcc92
ffffc8cb
ffffcb41
ffffc213
ffffd5a0
ffffcf43
ffffd83b
ffffd8bd
ffffd749
ffffcf24
ffffc9f8
ffffd8f6
ffffcee5
ffffc13f
ffffff32
00000cf7
0000156b
000009a9
00000c17
00000023
00000cd7
00000daf
00000371
0000135e
00000b20
00001521
0000126b
0000137c
000008ed
000003e0
000008bd
00000453
00000a4a
00000dbb
0000105f
00001320
00000d88
00000962
00000ae6
00000ee1
0000053b
00001562
000016e4
00001f03
00000f46
0000036f
00002a10
00001574
00000b87
00000f16
00000fd1
00000da1
00001610
00001247
0000167b
0000185a
000014a5
00001177
00001386
0000131e
00001409
00001471
000017bf
00000e15
00001548
000013ec
000014d7
00001da3
00001933
00000f2f
00000d91
00001136
000011e8
00001052
00001700
00001296
000012ba
000016cd
00000e13
00001ced
000019c0
000020e4
00001b80
00001af3
00001b31
00001bc5
000024c5
0000243a
0000201a
00001b5a
00001d67
000019e9
00001fc9
00001a41
00001fb5
0000203e
00001990
00002021
00002250
0000239d
00002137
00001f84
00001c1c
00001fe3
00001eac
00001aa1
000018c2
00001672
00001468
00001432
000011b6
000022a1
00001980
0000263e
000024e9
000026b8
00002967
00002c00
00002982
000035f5
0000301f
00002a16
00002734
000024d7
000023e9
000022b5
000025f4
000026c4
00002884
00002110
00002424
0000280e
00002999
000027a3
000026f4
000021df
000025fe
00002566
00002320
00002986
00001fb7
00001cd8
000013a1
00002984
00001f26
000022f3
0000281d
00002aec
00003257
00003c46
00004dcd
000054f3
000030b2
00003417
00002b04
00002993
000026a9
00002907
00002ce2
00002d66
00002d4c
00002571
000029ad
00002e52
000029a9
0000255b
000025f4
00002220
000026b3
00002878
000026ec
000025ca
0000271f
0000268b
000014d2
00002644
00002095
0000269a
0000239c
000024c2
00002533
000064e8
00007942
0000411e
000034cd
000029df
00003031
00002e8a
00002911
0000239d
00002df8
0000307e
00002ca1
00002519
0000200d
000027b3
0000270c
000027c8
0000277c
000023fd
00002585
000024e9
00002aa6
00002345
0000279e
00001f3f
00000f82
000021ff
000020ed
00002aea
0000283d
00002301
00002161
00005370
00006a46
00003ef7
000028ea
00000f0c
00002352
00003798
000023ad
0000223f
0000217a
00002463
000026a0
000022d1
00002174
000027a4
0000261a
00002673
0000286f
00002b01
00002410
00002410
00002573
0000233d
00002861
000020cc
00000e86
0000269f
000023ac
00002a3b
00002dea
00003386
00003e1e
0000475f
00001653
0000322c
00001404
00000768
0000136e
00002e49
00003859
0000322b
00002fc0
000025cd
0000286a
0000215e
0000221a
00001f68
000021bc
00002dc8
00003354
00002e08
00002a37
00002ee9
000026f2
00002af4
00002a04
00002307
000013ab
00002bd4
000025ed
00002b0c
0000315e
00003a56
0000556e
0000250e
000029d4
0000243c
000019ad
00000fb0
000029cd
00003573
000033a8
00002061
0000377d
00002ea2
00003984
0000393e
000036bf
00003627
00003334
00004913
000038e5
000038f7
00003f05
000038be
000038f9
00002e76
000037cf
00002ec2
00001fa7
00002e48
000017a0
00001df7
00002390
00002d8d
00004c5a
00005182
00003586
00002b23
000018ef
000028d4
000041fd
00003659
00002ff3
00002334
000027b7
000024dd
00003197
00003873
00003f2d
00003a95
00003b85
00003443
00002731
000037e5
000033c6
00003024
0000303c
00002881
000035ad
00002cae
0000271e
00001c17
00002225
00001619
000013ee
000025a9
00002fc0
0000527b
00005170
00003cbe
00002212
00002b0b
00003d3d
00002c81
0000234c
000028bc
00001c39
00001a95
000020fa
0000229d
0000277d
0000209d
00001eb8
00000e1c
00001dab
000011eb
00001c29
000019c8
0000163e
000019e7
000019d4
000020ba
00001bad
00001966
00001aaf
00001b82
00001952
00000ca5
000003af
00000caa
000025fe
000034de
00002c32
00003477
0000165c
000026ce
0000202b
00001746
00001926
000014c0
00001836
00001324
000010b7
0000052e
000011d5
0000122d
0000108e
00000688
00000c51
00000eed
00000d51
000015e7
0000176c
00001b78
00000ce6
00001a94
00002537
000024c4
000023f6
000004fe
fffffcac
00000182
00001ee7
000026ae
000032d1
00002b2c
0000136f
000024f7
00003723
00004641
000033d2
00003107
00003a3b
000032f8
000022a9
0000249f
00002b52
00002c8e
00002ad8
00002173
00002074
00001d90
00002159
000022f3
0000259d
000020a1
00000dc6
00001a06
00001f3a
00002121
000020dc
00001759
00000b71
000015be
00003201
000025b0
000024d9
00001f7c
0000368c
000040d3
000049dc
00004d2f
000036bf
00000f64
000004d8
00000533
000024de
00002548
00002872
00002e54
00003414
00002adb
00002792
0000276b
000026b1
00002481
00002ad4
00001fa2
0000122c
000015f7
00002365
000022a2
00001ecf
00002003
00001162
00001cab
000030ea
00002853
0000203b
000030d8
000045cc
000047e0
00002ecc
0000270b
00001bed
00001141
fffffca6
fffffc55
ffffff24
fffffaa1
ffffed69
fffff77f
00000285
00000c4d
00001ae5
00002c1b
00001b25
00002413
0000225d
00001a0a
00000d4a
00000e95
00001b60
00002375
000023fb
00002275
00000c6b
00001e8d
00003713
00002be6
0000213a
00002151
00003fc5
00002454
0000128a
00001a9a
0000104b
0000179f
00001d91
00001367
000004ca
fffff9cb
ffffef6b
ffffe875
ffffed6d
ffffedf1
ffffe2ea
00001158
0000232d
000027c6
0000266b
00001c2b
00000b4d
00001091
000014d4
00001fb9
000023e3
00001e84
00000d6d
00001d3e
000039c0
000026e4
00001b44
00001bcb
00001ed6
00001225
00000e59
00001b58
00001774
00001b52
000017e6
00000e56
0000077a
00000535
00000881
0000017c
00000549
00000a38
fffff9e1
ffffff42
00002493
00001cc3
000024d2
0000195d
00000f8e
000012b0
000019c1
00001bc5
00001c77
000018d8
000007cb
000016f2
00003d73
00002831
00001994
00001e89
00001c3e
00000d1e
00000c29
0000171f
00001a15
00002136
000015bb
0000120b
00000fdb
0000114d
00000cc9
0000001d
0000001f
00000857
00000ed4
00000264
000026c5
000018d3
0000208a
0000128f
00000f77
000010b5
00001bd6
00001cc0
000016c7
000013ca
fffffe6e
00000837
00003876
00002e7e
000024bb
0000319f
000039f0
000011dd
00000249
0000117f
00001665
00001a10
000017bd
000013ea
0000136e
000014cd
00001377
00000e12
00000d74
00000a60
00000897
00000407
00000c3f
00001a3b
00001b91
000011f9
00000c43
00001602
00001f50
0000212e
00001b3a
0000181b
00000338
00000305
00002394
000033e4
0000201f
000027c8
00002f33
00001d07
00001fac
00000a02
00000bb4
000012db
00000ab0
00000ee6
00000e2f
00001217
0000111e
000012d6
00000d3b
00001012
00000651
00000b0d
0000132a
000014ae
00001663
000015ff
000008c0
00001408
00001a2b
000020bb
00001bd8
000019d8
000012d1
00000081
000014a2
0000376d
000022d2
000022d2
00001fe8
00002c63
00003733
00002205
00001a4f
0000144d
000011ed
0000138a
000012f5
00001184
00001199
0000120d
00000e27
00000f42
000009b6
00000eb7
00001944
000015e9
00001c38
0000196c
00000c2e
000010c2
00000f21
0000194a
00001cb4
00001e7e
00001e51
00000876
00000afa
00003b3e
000037dc
00003042
00002417
0000428f
00004cef
000037ee
000021fb
00001fa9
00001599
000017e2
00001616
0000179d
00001920
00001949
00001202
000010ab
00000869
00000ed3
00001e07
0000124c
00001e72
0000186c
00000f5b
0000143b
0000107d
000018f3
00001e36
00001fe0
00002423
00001b06
00000d3f
00001c07
00003ead
00003bb2
00000cd0
000020c8
00003eeb
00001c52
000010f4
000016a6
0000173e
0000111d
00001496
000019b8
00001487
000012e6
00001190
00000efb
000006a8
00000e36
00002186
00001a01
000022d3
000016d8
00001046
000019ef
0000157d
0000234e
000028bc
000025ff
000029e6
000023b4
000011cd
fffffec6
0000173a
00002d45
00001cb2
00001c13
00000fa1
000011eb
000019b5
00001e05
00001f1a
0000137a
0000158e
0000159d
0000196e
000012ff
000018d8
0000134b
000006cb
00000eea
00002622
00001d7c
00002cb5
000020d9
00001240
000019c7
00001b63
00002053
000022d4
00002362
00002c7c
000033c5
00002409
00001bc3
00000c75
000013b2
00001f70
000028e8
00001c13
0000119b
000010a0
00001f57
000021fa
00001924
00002786
0000240f
000030cb
000023b3
00001e1d
000016f0
00000cea
00000fce
00001cff
000026d8
00002f2d
00002612
00001a7d
00002804
00002470
0000291c
00003278
00003374
00003a6f
0000356a
00003bc1
000038ad
0000202d
00001e6a
00002242
0000341f
00002b26
0000242b
0000162b
000012de
0000052b
00001580
0000288e
00002bae
0000248a
00002687
00001f93
0000225b
00001d3e
00001be7
00003184
00002971
00003083
00002e29
000023eb
00002190
00002341
00002f8c
0000357b
0000326b
00003263
00002bd0
00002884
00002e9a
00002d1d
000028ff
00004dd3
00004795
000047d6
00003e6b
000029ce
000016ba
00000eee
00002cdf
0000301a
00003026
000038f0
0000279f
00002ac4
0000246c
0000258c
00001f79
000038a0
00003416
0000437a
000035bc
00001644
000028da
00002da3
0000368d
000031b1
00003c6c
00002c6e
0000217d
0000140a
000022fa
00002304
000029f6
00003883
00003b58
00002880
00002f80
000043d7
000027cd
0000218a
00002867
00003003
00002fd9
000029d7
00002539
00003bd5
00004d05
000021a0
00002033
000037ed
00003d0f
00003344
00003521
000017f8
00002617
000026ef
000035d0
00003716
0000343a
00003508
00002ed3
00002c6f
000033ae
00002e23
00003009
00001f36
00001538
fffff306
00001afd
00003ae1
00002b60
000034c4
000012d4
00001db8
00001e48
00001c46
00002f95
00004d06
000041c0
00003cb6
00003728
0000247c
00002324
00000e70
00002fbf
00001650
000017f2
00000cde
000017da
00002ebe
0000338d
00002fcc
0000351d
00002a3b
00002990
00003560
000044a8
00002fa4
00002185
00000bd4
00000def
00001d9a
00001485
00001bf8
00001e7b
00002d72
00003169
00002773
00004586
00002e63
0000328d
000045f4
00003976
000033b2
000023ed
00001fa9
00002170
00001d3b
00002375
0000212a
00002869
000024b8
00002c19
0000225e
0000382a
00002ff3
00002f86
000034d1
000028d9
000024a7
00003332
0000363c
000027dc
000021b7
00001c08
00001c96
00002759
00001f93
00002dd1
0000296a
000021db
0000214a
00002c3c
00003a26
000028ce
00003549
00003af9
0000296f
00001f95
00001f2e
0000330e
0000265f
00003703
00003a88
00003eb7
000035a6
00003706
00003b92
000029d2
00002d24
0000314e
0000233c
00002a90
00003552
00003a38
000034dc
0000371b
00003407
0000412d
0000278d
00002eca
0000361c
00002367
0000287c
00001ef5
00001ee3
00002447
00002e49
000031aa
000033b1
000034ec
00001c61
fffffe91
0000041b
00000716
00000de9
00000ab6
00000f36
0000108a
00000995
0000077e
00001228
00000802
00000cb7
00000d70
00000de9
00000b58
00000958
00000717
00000f35
00001dd4
00002289
00001389
00001258
00000e94
00001744
00000705
ffffff0d
fffffe9f
000013e0
000016c7
00001996
000014da
000007d2
00000869
00000748
00000197
000003f3
00000718
00000692
00000773
000007aa
000008d8
00000e1d
00000e72
00000a94
000008f8
0000081a
00000a87
00000784
00000888
00000ba7
00000c61
00000568
00000641
000008e9
000006cd
00000043
fffffd69
00000012
000002ab
00000381
fffffd48
000002c6
000009e2
ffffff79
fffff8da
0000010f
fffffbef
fffffdac
fffffb6f
fffff382
fffff779
fffff8ca
fffffcb0
00000197
0000024d
fffffa2c
fffffbd6
fffffdd7
fffff9a1
fffff22d
fffff4ca
fffffa42
00000523
00000017
fffff3b6
fffff2be
fffff345
fffff400
fffff8b9
fffffa90
fffffd11
fffffcbf
fffff539
fffff530
fffff886
0000032b
fffffda5
00000776
000003f0
000000c4
fffffd90
fffff9f0
ffffff19
000001ea
0000098a
00000419
fffffcf2
fffff787
00000388
000008bb
00000153
fffff655
fffff870
ffffff54
00000502
00000426
fffff621
fffff41f
fffffe2c
00000257
000001de
fffffe43
fffffee1
fffffd73
fffffd45
fffffc2b
0000032c
000006f7
00000532
000002ad
fffffa68
fffffdf7
0000010b
fffff0ea
fffff1e0
ffffffc1
fffff817
ffffed79
ffffe789
fffff8fa
00000313
000004f8
00000351
fffff8e8
fffff939
00000098
000001a7
fffffe9e
fffff478
fffff896
000003d8
00000137
fffffd6b
fffffe24
fffffd00
fffff95f
fffff93b
ffffffe9
000004b5
0000051d
00000511
000002fc
fffffe32
fffffbf6
000001a9
ffffee96
ffffffe0
ffffeda9
ffffdea4
ffffcbc9
ffffecb0
fffff91b
000008c9
000006e5
00000528
0000032d
ffffffba
00000161
000000ce
0000017e
fffff883
fffff43b
fffffc31
fffff7ee
fffffafa
fffffbcd
0000023e
fffffea0
fffffb58
ffffff47
00000779
000009e4
ffffffe2
fffffd1e
fffffc78
fffffc08
fffffc83
fffffc27
fffff209
ffffd472
ffffbbf5
ffffc7db
fffffa17
00000679
00000c4b
000005e8
fffffc05
fffffe93
0000062e
000004cb
fffffcca
ffffff65
00000116
fffffcee
ffffff5c
fffff6fb
fffff9d8
fffffcad
00000172
00000127
fffffc72
fffffab6
000001f0
0000081d
fffffe0f
fffff96f
fffffa0c
fffff586
fffff877
0000179b
fffffe01
fffff6b9
ffffe4b3
ffffe124
000001ec
00000266
00000dd8
00000e09
fffffa40
fffff4aa
000006af
000005b9
fffffa4a
fffffd0f
00000190
00000244
fffffad6
fffff624
fffff4a0
fffff95f
fffffadf
fffffcfc
fffffb84
fffff801
fffffb5e
00000688
fffff83d
fffff34b
fffff32d
fffff6bb
ffffff63
00001509
00000b9c
000015dc
00000269
ffffe537
fffffc6b
00000ea9
000011f7
000015fe
fffff823
fffff272
fffffb03
fffff86d
fffff335
ffffef89
fffff6bf
fffff847
fffff93a
ffffee66
ffffeb83
ffffefb8
fffff407
fffff6a7
fffff8ff
fffff66d
fffff737
000001c7
ffffffad
ffffec08
fffff104
fffff4d3
fffff196
00000a39
fffff26c
00000506
000001a5
ffffef86
00000074
0000270f
00002b5e
000025c2
00000bfc
fffff6e4
fffff6dd
ffffede5
ffffe9f9
ffffebd3
ffffebbe
fffff6ba
fffffc6d
fffff442
ffffe549
ffffe651
fffff1fd
ffffeb9d
fffff38f
fffff036
ffffe8f1
fffff2f5
ffffffdf
fffffd66
fffff9fe
fffffc1e
00000a18
00000635
ffffd85e
ffffe166
fffffe9a
0000031a
00001882
00003399
0000293f
0000258b
000022b2
000008e4
00000566
fffff813
fffff067
fffff48a
fffff423
fffff1f0
fffff615
00000514
fffff0d3
ffffef18
fffff45d
fffff480
fffff264
fffff203
fffff6a1
ffffedce
fffffbce
ffffeeec
fffff67a
0000016a
00001641
000010f6
ffffe0a3
fffff9d6
ffffe9a7
00000e15
00001f0a
00001db5
ffffffc9
00000d2a
000005c7
00000394
fffff9ca
fffffe13
fffff81a
fffffce5
fffffa4f
fffff962
fffff0eb
fffff4eb
fffff4c7
fffff75a
fffff398
fffff305
fffff593
fffff4ba
fffffea6
0000001f
fffffd66
fffff0ba
fffff538
fffffd8f
fffffa70
000003ee
00000903
fffff3dc
00000112
000017f7
0000063e
fffff392
fffff09f
000000bb
fffffa3c
fffff511
fffffacf
fffffc87
000007b2
fffffe0c
fffff9cf
fffff535
fffff046
ffffee8c
fffff1eb
fffff58b
ffffecde
ffffeb94
ffffe8f0
ffffede4
fffff593
ffffff48
fffffce0
fffff34e
fffff390
fffff612
fffff6d1
fffffbed
000018de
0000083c
00000cbc
00000d92
ffffe830
ffffea9c
ffffe697
fffff030
ffffdb2c
ffffd4f9
fffff059
000005c6
0000095f
ffffef35
fffff74a
fffff643
fffff681
fffffd73
fffffef9
fffff7a5
fffff933
ffffed9b
ffffec92
ffffee29
fffff684
fffffcc2
0000043d
fffff417
fffff4d9
fffff640
fffff87a
00000582
00001e80
00000308
fffff0e9
000001f7
fffffe3a
ffffecb4
ffffdeeb
ffffd872
ffffcaf9
ffffc41c
ffffdaab
ffffdf44
ffffe2d8
ffffe33c
ffffd790
ffffe936
ffffedd8
fffff5bb
fffffde8
fffff2b7
fffffde0
fffffc6c
fffff305
fffff95e
fffff8a0
fffffb37
00000c77
fffffd4f
fffff64d
fffffb4b
fffffcc2
00000613
00001e83
ffffff46
fffff38d
fffff8b1
000008cd
ffffde4c
ffffcfa4
ffffd4cc
ffffd205
ffffe384
ffffe9e8
ffffde3f
ffffe4aa
ffffd905
ffffd772
ffffdb36
ffffe10b
ffffe3bf
ffffec66
fffff6bc
fffffb59
000009ba
fffffc46
fffff821
fffff7ed
fffff990
00000240
fffffb8f
fffff7ec
fffffde3
000000a7
00000746
000024f3
00000560
fffff65e
fffff627
00000b72
ffffeffa
ffffd06f
ffffe053
ffffe105
fffff20d
fffff511
ffffea8a
ffffe8e6
ffffe4c7
fffff092
fffff283
fffff739
ffffed0a
ffffec30
fffff38e
fffffd54
00001a4a
00000f32
fffff0c0
fffff661
fffff6c0
fffffdc0
fffffec1
fffff747
fffff897
fffffa2c
0000016f
00002622
00000ba7
fffffdcd
fffff5c7
fffff902
fffff9c4
ffffe0e3
ffffec1c
ffffe730
fffffa1a
fffff9ac
fffff2b5
fffff21e
fffff17f
fffff2f2
fffff0ce
fffff645
fffffcc6
fffff866
fffffea4
00000ace
000012e7
00000c31
ffffe8d0
fffff4a3
fffff9b5
fffffc03
00000095
fffff9b1
fffff28f
fffff763
ffffff0b
000024fa
00001501
00000338
fffff5e5
fffffbe4
000008b1
ffffef22
fffff2d5
fffff745
fffffa31
fffff723
fffff5e6
fffff692
fffff556
fffff92a
fffff304
fffff4dc
fffff851
fffffbce
fffffbce
00000bd3
00000ed1
000017bc
fffff016
fffffaad
fffffd52
fffffc86
fffffa72
fffff518
fffff09b
fffff7b6
00000094
0000252d
000025d8
00000971
00000396
00000ba4
0000012e
fffff148
fffff386
00000171
fffffa3f
fffffa71
fffff6ce
fffff559
fffff55b
fffff6a6
fffff470
fffff4e4
fffff8b5
fffff753
fffff885
00000a63
00000956
00000dcf
fffff077
fffffae9
00000447
fffffeda
fffffc5e
fffff2fc
fffff394
fffff965
fffffed9
00001a7f
00002ac9
00000c92
000005af
fffff7ec
ffffe583
fffff711
00000874
fffffed9
fffff518
fffffb66
fffff50b
fffff423
fffff4d0
fffff5b4
fffff417
fffff018
fffff6c6
fffff6b9
fffff66d
00000892
0000011b
0000062c
ffffedc4
fffffa70
00000714
fffff9a8
fffffc04
fffff789
fffff9ab
fffffa62
fffffd42
0000111e
00002854
00001a1a
fffffaea
fffff647
fffff75f
fffffe4e
000010eb
00000b4e
0000031c
fffff578
fffff439
fffff603
fffff352
fffff5ce
fffff88c
fffff4dd
fffff6fd
fffff9e6
fffff4cd
00000e20
00000028
000009a9
fffff671
ffffffa0
00000729
fffffb2c
fffffd55
fffffc69
ffffff00
fffffd82
fffffeab
0000085a
00002046
0000275f
000002f6
fffff989
fffffd74
000007c4
00001533
000006fd
00000310
fffffa86
ffffefec
fffff6ac
fffffbc6
fffffdae
fffffce1
fffff628
fffff6fc
fffff7ef
fffff956
00001022
000003c2
00000c83
fffff637
fffffb5e
0000011e
fffff9ca
fffffc30
0000010d
000002ae
00000087
00000350
000002b6
00000b51
000018e6
0000161f
fffff419
fffffc99
fffffc25
fffff5be
ffffe269
ffffec99
fffff9ca
fffff0a9
fffff643
fffff94f
fffff9a5
ffffee10
fffff824
fffff175
fffff6b1
fffff818
00000f4b
000008f4
00001229
fffffa6e
fffff878
fffffe93
fffffdef
00000565
000004aa
00000155
fffffc5e
0000008a
fffffd6d
fffff4b8
fffffd32
000012c0
fffffd24
fffff8f0
fffff4b1
fffff404
ffffedf6
ffffe9e9
ffffff07
fffff23d
ffffeddf
fffff2a4
fffff36b
fffff6a1
ffffefad
fffffa32
fffff154
fffff7ab
0000055f
000006e5
000007db
fffffacd
fffff430
00000150
00000c38
000005f4
fffffec0
fffff686
fffff649
fffffb63
fffff8f4
fffffd69
00000314
000008c6
000012c8
ffffff42
fffff8dd
ffffe9d8
fffff17c
fffff8e3
00000850
ffffe64a
ffffe4ba
fffff1ce
ffffe953
fffff101
fffff04a
fffff51f
fffff466
fffff849
000006cd
00000da8
0000015f
fffff06b
fffff763
ffffffd7
fffffcff
000006e5
fffffdf4
fffffbce
fffffc57
fffff8d6
0000007f
00000817
00000c8f
0000084d
0000204c
00000d12
000009c4
fffff405
ffffe5a9
ffffec3b
0000043b
fffffc4d
fffff420
fffff768
fffff645
ffffe824
ffffe5e3
ffffe7ba
ffffeef0
fffff7c4
00000423
000014de
00000bb3
fffff423
fffffa97
0000061c
00000366
fffffe2a
fffffc8d
fffffce8
fffffbf1
fffffa86
fffff875
fffffc57
0000013f
fffff4f4
00001c44
00001b0e
000015be
fffffe82
fffff451
ffffdf98
ffffff13
0000020b
000003fe
00000852
00000b48
fffffc5c
ffffe514
000001d7
fffff416
0000035d
0000026a
0000175a
00001b46
000001fa
fffff9cc
000002d5
0000061b
00000beb
00000a0e
fffffa91
fffffc35
fffff48b
ffffec54
fffffa4c
00000a69
fffffde2
000010e1
00000382
00000cea
fffffc38
00001107
fffff77c
0000056e
00001839
00000c2a
000002f6
fffff48b
ffffeb87
fffffb3a
00000a95
000004d7
fffff885
fffffbac
000006ca
00001c79
000013f4
fffffaeb
fffffeff
000004ea
0000048b
000003a7
0000002b
fffff1de
fffffefb
fffffaad
0000121f
00001cb7
000017e9
00001a68
00000c28
fffff73c
fffff16a
0000106f
000002ae
00000905
00000595
00000a82
000006c4
000009c1
00000715
00001c00
00001b46
000006ca
00000480
fffffdd9
000008e4
0000019e
000007c6
fffff52f
fffff927
000008ba
000002a0
fffff924
fffff351
fffff507
000002fe
fffffdec
00000458
00000190
fffff6d0
fffff457
00000493
fffffe75
00000182
00001526
000008f0
00000ba6
fffff851
0000009a
00000aab
00000288
000000da
000004d9
00000da4
000001d9
000007b2
ffffff48
000010ab
fffff318
fffffae6
fffffdf5
000006f8
00000204
0000002d
00000549
fffffe76
fffff924
ffffff05
000004f1
fffff8dd
fffffd9c
fffff1ac
ffffea59
fffff80b
fffff252
fffff6c8
fffff0d0
fffff4c0
fffff8d0
fffff4cb
ffffe815
fffffc1d
fffff6ae
fffffa23
ffffe646
ffffe9a3
fffff235
fffff821
fffffaa1
fffff4a6
fffff14a
fffff0a1
fffff2d0
fffff459
00000579
fffff64c
fffffa30
000000f0
fffff90c
000009b8
fffffda2
fffff7b7
fffffc83
00000163
fffffe99
fffffba2
fffff3f8
00000057
fffffefd
fffffd58
ffffff42
fffffcca
fffff451
fffffe1c
0000000a
000003bc
00000101
000001cb
fffffd16
fffffa96
00000147
ffffeec9
fffff8ce
000001dd
00000de0
00000cbb
fffffc32
fffff850
fffffa89
fffff841
fffff988
fffff577
fffff50a
fffff477
fffff766
fffff6e3
fffff607
fffff826
fffffbd3
fffff85b
fffffa41
fffff600
fffffa65
fffff991
fffff695
ffffff38
fffffac1
fffff89e
000001c5
00000263
fffffdb2
fffffa7e
fffffb91
fffffd39
fffff98a
fffff8a4
fffff77e
fffff2f3
fffff3a8
00000002
fffffb4b
fffffbdf
fffffdf7
fffffb28
fffff997
fffff542
fffff403
fffff619
fffff4ba
fffff70a
fffffc8c
fffff9b3
fffffef1
fffff950
fffff769
fffff7a7
fffff693
fffffb52
fffffb85
fffff736
00000458
0000059c
fffffefe
fffffb32
000003bf
00000579
ffffff4b
ffffffbb
fffffb10
fffff802
fffff8c1
00000137
ffffffc8
fffff9b9
00000223
000003bf
fffffcc6
fffff5e2
fffffc75
fffff3fa
fffff4eb
fffffd5c
fffffbe9
fffffbd5
000006ed
000007e2
0000052d
ffffff7b
fffff9ae
fffffc81
fffffd2f
fffffb00
000000ee
000003bb
fffffefe
fffffa9b
00000391
0000048d
fffffafb
fffff884
fffffc57
fffff6da
fffff79b
ffffffbf
fffffde9
fffff9ea
00000256
00000572
00000524
fffff4d0
fffff1cb
ffffe460
ffffebb7
ffffff80
fffffa9d
fffff6a3
fffffd52
000005d4
000006e9
00000101
fffffbab
0000032f
000000e6
ffffff0d
000000b0
0000012a
fffffd6f
fffffa31
fffffaf3
000000bd
ffffff89
fffff54f
fffff886
fffff5d2
fffff0f0
fffff9dc
fffffc96
fffffbc7
ffffffc8
00000d53
0000151a
ffffd151
ffffd17f
ffffde7d
ffffee19
fffff110
fffff83f
fffff9e4
fffff983
fffff9aa
fffffdc0
fffffb3c
fffffb59
00000089
000006b4
0000050a
00000420
fffffe81
ffffff53
fffffada
fffffc06
00000106
0000021f
fffff87d
fffff69d
fffff37f
ffffee6f
fffff8d3
fffff980
fffff9d8
00000023
00000ae4
00000b66
ffffbbf5
ffffcc68
fffff29c
fffff17f
ffffea99
ffffeb8e
fffff46c
fffffa70
fffff63d
fffff44c
fffff715
fffffd5a
fffff855
fffffa4a
0000036b
000002f4
ffffff70
fffff97b
fffff8f6
fffffb84
000000d0
0000018a
fffff8ea
fffff7b7
fffff5c5
ffffeff6
fffff8fc
fffffd36
fffffe40
fffffc39
00000de2
fffff972
ffffd52c
ffffd917
000002d2
fffff78a
ffffeb36
ffffdb9a
ffffe850
fffffa30
fffff9e1
fffff8e0
fffffbc1
0000028c
fffff466
fffff038
fffff686
fffffc4a
000000b9
fffff985
fffff8d8
fffffaba
fffffa47
00000091
fffffaf2
fffffbb2
fffff789
fffff9f4
ffffffb6
fffffe68
00000759
ffffff0d
ffffec6a
ffffe3b6
ffffde0a
ffffe98d
fffff2c0
fffffd82
ffffea9d
ffffd4ce
ffffe344
ffffff97
0000015f
00000076
00000262
000007d7
fffffba5
fffff9a5
ffffff2c
000004fb
00000229
ffffffcd
ffffff6c
fffffdbf
fffff970
fffffee5
fffffd8d
000000cc
fffff6e6
fffffe05
00000faa
000011c6
00001be9
00000712
ffffe8f2
ffffd79e
00000b1d
fffff53f
fffff2e7
fffff7f4
ffffdec8
ffffd65b
fffff0db
ffffefdf
000007c6
00001088
000012b9
000014d6
00001460
0000130a
00000a1e
00000a61
00000b39
00000914
00000ba3
00000eb3
000007d0
000009ee
00000948
00000f13
fffff5d6
ffffeeac
fffffdd6
00000dff
00001981
000020d2
00001d51
00000f0a
00001546
00000d70
fffff0a6
ffffd24f
ffffc061
ffffe2bc
00001802
fffffa60
ffffeb64
00000322
0000143c
00001b23
000015a1
00001232
0000105b
000004c2
00000614
00000f03
000013e5
00000f26
00000d04
000010e3
00000d1a
00001958
fffffc42
ffffe5e1
fffff368
00000151
00000659
00000415
00001492
000019af
00000cd0
00000924
fffffcdc
ffffc2ad
ffffc4da
fffff0f4
fffffaf1
00001024
ffffe6ab
ffffd59e
fffff6f3
00000a43
0000042a
fffffe2c
000000a3
fffffe62
fffffb0e
0000029e
000006bb
00000218
000002d8
000001ca
000009ba
000010c1
fffff401
ffffe37d
fffff39c
ffffff5e
0000019f
fffff6a3
000005d0
ffffff47
ffffda7e
fffffb33
00000253
ffffcea4
ffffeb5e
fffffdea
fffff942
fffff849
ffffef37
ffffd17d
ffffd6b4
fffff231
fffff0c1
fffffb67
fffff82f
fffffd52
fffffdca
0000018d
fffffb62
fffffe16
fffffd5e
fffffcce
00000177
000009aa
fffff007
ffffe21c
fffff2a1
000000bc
fffffba3
fffff94d
fffffb3e
fffffc72
ffffe10a
ffffeef3
ffffea01
fffff59a
fffffb44
000007c5
0000061a
fffff3d4
ffffecc3
ffffe2d5
ffffd827
ffffe87a
ffffdee1
ffffebf1
ffffe6b0
ffffeb62
fffff6da
fffff07b
fffff403
fffffe3c
fffffeeb
ffffff40
fffffae5
0000076d
fffff25d
ffffe4a5
ffffef1e
fffffeae
fffffbfa
fffffce9
fffffd95
fffffcc8
ffffe05f
fffff2cf
0000021e
ffffeeea
fffff790
00000e8d
fffffe10
fffff8a0
000006a1
fffff471
fffff45e
fffffb4e
ffffe8da
ffffe902
ffffdfc7
ffffdf31
ffffead2
ffffe233
ffffdc49
ffffe84e
fffff58e
fffff9c7
fffff8f5
0000093f
fffff388
ffffe4aa
fffff120
fffff945
fffff807
fffff97a
fffffda4
fffffd4d
ffffe75f
fffff6f7
00000a7f
fffffd18
fffff615
000010bb
000008d7
0000045c
0000030f
ffffff79
00000729
000002ed
ffffee78
ffffef86
ffffecf5
ffffeee7
fffff3c7
fffff264
fffff19f
ffffd7f1
ffffdc91
fffff24c
fffffa83
00000942
fffff6e1
ffffe740
fffff27d
fffff450
fffff290
fffff509
ffffffa4
00000492
ffffeacd
fffffac9
00000bd9
000004e7
fffff0ba
fffffd12
00000c5f
0000098a
fffff78a
fffffbb9
00000618
0000009c
fffffc83
00000008
ffffff6a
fffffda6
fffff3a1
fffff03a
fffff680
ffffdc8c
ffffd5ce
ffffee58
fffff604
000004c1
fffff7be
ffffeda3
fffff458
fffff898
fffff6ba
fffff71e
00000028
0000004a
ffffe993
fffffea1
00000b89
000008d7
ffffee8c
fffff15d
00000064
00000109
fffffa87
fffffcbf
000004b0
00000724
000001df
fffffd63
fffffbd0
fffffe03
fffffb60
fffffb1a
000004a0
ffffe6a2
ffffd65f
ffffe3e8
ffffeeec
0000033b
fffff6bd
fffff02a
fffffb24
fffffde8
fffff90c
fffff7d1
fffffc0e
fffff1ae
ffffe29f
fffff2aa
00001223
00000cd2
fffff534
ffffe365
fffff3dd
fffff95f
fffffb6f
fffffd4d
0000012d
000003b3
00000194
0000019f
fffffc61
ffffffaf
fffffc7b
fffffca9
000002b7
ffffeaf3
ffffdb18
ffffeaa8
ffffea50
fffffedd
fffff63a
ffffeff9
fffff8f2
000000d6
fffffee8
fffff7fb
fffff930
fffff4e9
ffffe519
ffffec47
00000dfc
000005a3
fffff2aa
ffffe783
ffffe85d
fffff8ca
fffff764
fffffe85
0000015b
00000170
0000045d
00000503
fffffd9c
00000002
fffffc95
fffffc55
fffffeb8
ffffef54
ffffd643
fffff291
ffffec3f
fffff978
fffff720
fffff109
fffff4d0
fffffabb
fffffd53
fffff94e
fffff942
fffffb97
ffffeb44
ffffeb5a
fffff944
fffffb7d
ffffffb8
ffffffb1
ffffeec8
fffff20d
fffff81a
fffffda3
ffffffb7
fffffe27
00000119
000004b6
ffffffbe
fffffe8a
000000a9
fffffc6a
fffffbe1
fffff2c5
ffffdcfd
fffff280
ffffede1
fffff9a2
fffff690
ffffef32
fffff65b
fffffa30
fffff7ab
fffff940
fffffb07
000000d7
fffff9bb
fffff1a2
fffff259
00000971
00000c43
000018c8
00000a13
fffff17c
fffff562
fffffd20
fffffaa3
fffffd7c
fffffcb1
0000006b
000000b0
fffffd7c
00000024
fffffc51
fffff8e3
fffff274
ffffe079
fffff713
ffffef39
fffff63c
fffff2f5
fffff1b2
fffff606
fffffb7c
fffff834
fffffa9f
fffff9d6
fffff7fa
000002b5
ffffffaf
fffff58c
000006e9
00000f70
00001696
00000990
fffff365
fffffbfb
fffff056
fffff7de
fffffcae
fffffc15
fffffa78
00000232
ffffff7e
fffffec7
fffffd17
fffffcc6
fffff185
ffffe473
fffff61d
fffff596
fffffd98
fffff481
fffff24d
fffff73c
fffffa74
fffff9de
fffffea6
fffff990
fffff568
fffffab2
000003a5
fffffd33
fffff8a3
fffffffc
fffff25c
ffffe9f4
fffffbcc
fffffffd
fffff6bd
fffff8c1
000008c9
00000418
fffff865
fffffe21
000003fa
fffffb4f
fffffc33
fffffe5f
fffff2fc
ffffe19c
fffff302
fffffa09
00000575
fffff822
fffff750
fffff94a
fffffa0c
fffffea5
000002ef
000002ab
fffffce7
fffff913
000005b9
fffff897
fffff89a
fffff7a6
ffffea79
ffffe131
fffffdbb
00001149
00000d0a
fffffd71
000009e7
00000c77
00000438
fffffcef
fffffc99
fffff77f
fffffa2b
00000015
fffff7f9
ffffe7bf
ffffee18
fffff728
00000525
fffff6dd
fffff3f3
fffffa73
fffffe6f
fffffb49
000000d5
00000370
fffffbf8
000000f8
fffffa38
fffff43b
fffff804
ffffffae
fffff6ac
ffffe698
ffffff7a
000007c6
00000498
000003db
000009b5
00001190
00000c15
00000f09
fffff6e6
fffff179
fffff6c9
fffffde3
fffff6b3
ffffea0d
fffff5b7
fffffdd7
00000c91
fffff4af
fffff028
fffff3e6
fffffe7a
fffff8e9
fffff826
fffffbec
fffff5b2
fffff951
fffffa1a
ffffee6c
000002d7
00000215
fffffe9a
fffff355
00000b8a
000010aa
fffff13d
ffffec84
fffffc4d
0000000d
0000061d
000017e4
00000bb6
fffff557
fffffa5a
ffffeebe
ffffe8da
ffffddcc
fffff8c5
0000085c
000010ee
fffff469
fffff0ef
fffffe97
0000056b
fffffcfe
fffffafc
fffff8b6
fffffbfb
fffffd98
0000049c
00000334
000012c7
00000224
0000031e
fffff2a3
000015f7
00001397
fffff4cd
ffffe53b
fffff1ea
fffffb8a
fffffb51
000008a9
00001723
fffff26d
ffffed02
fffff865
ffffe8c7
ffffdb41
ffffe61d
fffff53b
00000591
fffff054
ffffe7f2
fffff05c
fffffa6d
ffffeeb8
fffff208
fffff452
0000039e
0000028c
00000387
00000a8e
000008ad
fffff494
000002e9
fffff7bc
000004d3
00000000
fffff6b7
ffffe8b8
ffffebca
fffffa3c
fffffe43
00000cf1
00001d67
fffff825
fffff3e4
000008f8
0000057a
ffffec77
ffffd474
ffffec43
fffff0bc
fffff1f3
ffffe966
fffff0ce
fffff9ee
fffff964
ffffee4b
fffff527
fffff9bc
fffff0fc
ffffe84a
fffff47c
fffff756
ffffef63
fffffc77
fffffb4a
fffffc64
ffffefc8
fffff35c
ffffea70
ffffe9a6
fffff203
fffffbe8
ffffffb4
fffffe4d
00000404
fffffc2c
00000171
00000cdc
fffff362
ffffeeee
fffff675
000004cc
fffff4e4
ffffe9f0
fffff3b3
0000028a
00000890
0000007c
00000458
fffff288
ffffecec
fffff33a
fffff688
ffffeb59
ffffee33
ffffe80b
ffffefff
fffff458
fffff418
00000561
00000ae9
fffffee4
fffffb83
fffff3d8
ffffef72
ffffdf99
fffff2d7
ffffeede
ffffe737
fffffb35
fffffc94
fffff030
fffffe32
fffffc41
ffffeec5
ffffed7a
fffff879
fffffcab
fffffb97
fffffc4b
00000351
fffffa6d
ffffeefb
fffff53e
000002ff
ffffef8e
000000a9
fffffce5
fffff61a
fffff6d8
fffffbdb
0000019b
00000f7b
ffffff74
00000a32
00000008
00000e91
000002a6
00000cd1
fffffdfb
ffffefb6
ffffef10
0000078c
00000861
000003f7
00000385
ffffef73
fffff810
ffffeaff
fffff079
ffffede0
ffffec8f
ffffead4
ffffe5b2
fffff428
fffff999
fffff6f2
fffff424
fffff3b3
ffffed9a
ffffe6d1
fffff989
fffffc7a
fffff9a8
fffff797
fffff4c8
fffff752
fffff731
fffff5cf
ffffe910
fffff338
fffff6e6
fffffde6
0000011c
fffffb0e
fffffb85
fffff84d
fffffe9d
ffffeb27
fffffb13
fffffc0f
fffffa9b
000000ae
00000513
00000a32
00000702
0000037c
00000263
0000020c
fffffedc
000000b4
000000e8
fffffffd
00000412
00000388
000004fd
fffffee7
fffffa18
ffffffd4
fffffdaa
fffffb36
fffff691
fffff7ae
fffff80f
ffffffa7
fffffc2a
fffffe7e
000001b7
0000021d
fffffa3d
fffffd7e
ffffee28
ffffee4c
ffffedb0
fffff0f6
fffff51d
fffffcfd
fffff8c0
fffff95e
fffff6d1
fffff6a2
fffff084
fffff7a8
fffff675
fffff1e5
fffff1fd
fffff2fc
fffff7ea
fffff44a
fffff03c
fffff08a
fffff23a
ffffee4d
ffffe960
ffffea12
fffff054
ffffee02
ffffee14
fffff114
fffff3c0
fffff1f9
ffffe979
ffffefcf
ffffed1c
ffffea05
ffffe9a0
ffffe63a
ffffeda2
fffff463
fffff9b4
fffff595
fffff361
ffffed43
ffffe97b
fffff6da
fffff649
ffffeadd
ffffeb1a
ffffed1a
fffff28d
ffffee86
ffffee38
ffffee37
fffff5a9
fffff47e
ffffec68
ffffe901
ffffe9e8
ffffe853
ffffe6d3
ffffebcc
ffffeda6
fffff225
ffffe8f4
fffff243
ffffed8b
ffffe2fc
ffffe468
ffffe7b6
ffffe654
fffff1d7
fffff143
ffffd487
ffffdfc1
ffffe343
fffff4fe
fffff1f2
fffff48c
ffffeb54
ffffe732
ffffe06c
ffffe4f7
ffffe2a9
ffffe20d
ffffedb6
fffffc01
fffffdaf
fffff0b2
ffffebb3
ffffe80d
ffffe929
ffffe773
ffffec4d
fffff409
fffff338
ffffeaff
ffffee84
ffffed50
ffffe193
ffffe988
ffffed71
ffffefef
000002cc
000008d9
ffffd60b
ffffd519
0000064e
00001004
fffffe18
fffff9ff
ffffeddf
ffffe818
ffffe1c9
ffffe567
ffffe47e
ffffeaff
fffff2da
fffff7e3
fffff0be
ffffe8c1
ffffe7d9
ffffeb5b
ffffedbd
ffffefa7
ffffece6
fffff318
fffff467
ffffeb84
ffffef7e
ffffefee
ffffe3f9
fffff167
fffff04f
fffff95f
fffff6f2
ffffed20
ffffd84c
0000121e
00002358
0000189f
0000049e
fffff89a
ffffe835
ffffe9b8
fffff055
fffff14b
ffffef05
fffff9a4
fffff9bb
fffff279
ffffe3e7
ffffe1f7
ffffec6b
fffff2b6
fffff275
fffff568
fffff156
ffffed95
fffff3f7
ffffed96
fffff175
ffffedaa
ffffe1d5
fffff6ab
fffffbd4
fffffa92
ffffe94c
ffffcc41
fffff7fb
000022bf
00000ee8
00000587
000009aa
fffffce0
ffffe301
ffffe491
fffff2f3
fffff907
fffff8fb
00000263
fffffe39
fffff734
ffffe306
ffffe60c
fffff1cf
fffff2a0
fffff01a
fffff274
ffffecc5
ffffea9a
ffffef80
ffffef2a
fffff38d
ffffe9d1
ffffdfd8
fffff6d2
00000003
00000db5
fffff5f6
ffffe1f1
ffffff06
000026ce
00000575
0000029e
fffffac1
ffffeee0
ffffea5b
ffffeb81
ffffe898
ffffeabd
ffffee44
fffff4e6
ffffee2b
ffffefd5
ffffe521
ffffe07c
ffffe4ae
ffffee4b
fffff0a1
ffffef0e
ffffe896
fffff0d2
ffffebee
ffffeb1e
fffff458
ffffdbff
ffffd5a7
ffffed53
ffffef22
00000847
fffffe32
ffffed92
00000677
00000542
0000034e
fffff1e5
ffffdd52
ffffcb8e
ffffd5cc
ffffddb6
ffffd0e1
ffffdb38
ffffdd3d
ffffe76a
ffffeb3b
ffffeada
ffffe4f0
ffffda86
ffffdee0
ffffe56a
ffffe65a
ffffe8a5
ffffe690
ffffec27
ffffe80d
ffffe934
fffff6b3
ffffd51a
ffffbe7e
ffffdcc5
ffffe4c9
ffffe8f7
00000034
fffff8e2
ffffe71d
ffffe1e0
fffff742
ffffd938
ffffc0b8
ffffd4d3
ffffdec6
ffffbef2
ffffc025
ffffc64c
ffffd73b
ffffe351
ffffd457
ffffd21c
ffffd267
ffffd6b9
ffffdfd2
ffffdd2d
ffffdfb0
ffffd971
ffffe39c
ffffe1f2
ffffde83
ffffdbe3
ffffe8e3
ffffd5b8
ffffb9cc
ffffdaf8
ffffd9cc
ffffd829
ffffec12
000016a7
fffffbbd
ffffd4a7
ffffd187
ffffd111
ffffceeb
ffffff18
fffff6ec
ffffdb72
ffffbd60
ffffb61d
ffffc26a
ffffcb32
ffffc03b
ffffc8bf
ffffcdba
ffffd601
ffffd73c
ffffd4b3
ffffd67e
ffffd743
ffffe095
ffffdc41
ffffd62b
ffffd295
ffffd7d7
ffffdbb0
ffffc3f4
ffffe581
ffffead2
ffffebfe
fffff2b3
ffffff87
000009da
fffff42a
ffffc94f
ffffbf56
fffff3d5
00000881
fffff72b
ffffde88
ffffe0bf
ffffcbd0
ffffbec2
ffffd00c
ffffc5ff
ffffcc52
ffffccb1
ffffd078
ffffd14c
ffffcec3
ffffd1a9
ffffda1a
ffffe026
ffffe40a
ffffdf99
ffffd78d
ffffdfc3
ffffe39c
ffffcb8e
ffffed10
ffffed79
fffff235
ffffffce
fffff184
000008e1
000012ed
ffffe827
ffffe580
0000028e
00000395
ffffef50
ffffff9f
000017cd
00001c16
00000543
fffff85b
ffffee33
ffffe659
ffffd778
ffffd581
ffffd1c7
ffffcc5f
ffffc93f
ffffd5d1
ffffdb2f
ffffe33d
ffffeab8
ffffde46
ffffece2
ffffe12f
ffffc8d5
ffffe5a8
ffffeb78
fffff06b
fffff54b
fffff9c9
00000cfa
00001939
fffffcb1
fffffb66
00000687
fffff383
fffffa2f
00001af7
00002a7e
00002504
00001e69
0000171b
00000fc2
00001807
0000147d
000012b1
000004bd
fffff70e
ffffd903
ffffd76b
ffffde34
ffffe360
ffffe7e5
ffffde3f
ffffee16
ffffe706
ffffd1b8
ffffe390
ffffe72c
fffff1a6
fffff8cb
00000398
0000110f
00000c30
00000299
00000c3b
00000aa7
ffffef4d
00000555
00002519
00001e39
00000834
00000b0b
000006c0
00000d69
00001330
0000144f
00001f7a
00001fae
00001eb8
0000202c
fffffa4d
ffffdd18
ffffe096
ffffdceb
ffffd90f
ffffe9d6
fffff4b5
ffffdd15
ffffeca2
ffffeda6
fffff282
0000006c
0000087d
00000bc3
0000043a
000000e7
00000e2c
0000126a
fffff683
0000084c
0000187f
00000979
0000033e
000001a1
000005a9
00000715
ffffff56
fffffe31
0000069a
00000dee
0000134f
00001fb0
000003c2
fffff224
ffffe4ce
ffffe073
ffffdcf7
ffffec30
fffff9e4
ffffe26c
fffff52c
fffff4fc
fffff5b9
00000599
00000bea
0000092b
fffffca7
fffff3d9
fffffeb7
0000046b
00000149
00000357
0000038c
000005f8
0000019d
fffffb2a
fffffb49
fffff6d1
fffff8e0
fffffd99
fffffbb3
000004fb
00000516
0000106b
fffffd62
fffff443
ffffe83d
ffffe827
ffffe316
fffff361
fffff7c4
ffffe353
ffffefcf
fffff7c1
fffff827
0000092a
0000109b
000004c8
fffff936
fffff115
ffffe8dc
ffffeef3
fffff879
000006b2
00000497
00000375
000001e5
fffffcf0
fffff53e
fffff4d8
fffff548
fffff7e8
fffffb0f
fffffbfd
fffffce5
0000086c
000000c4
fffff9cf
fffff1a6
ffffee9e
ffffeb74
fffff561
fffff564
ffffde47
ffffecb6
fffff4cd
fffff61b
00000406
0000129c
0000078f
fffff94a
fffffde4
fffff0c7
ffffe355
fffff1b4
00000ad4
00000122
fffffe67
000002db
ffffff09
fffff85d
fffff641
fffff965
fffff7a5
fffff5e2
fffffe22
ffffff0c
0000091d
000005b0
fffffc6c
0000024e
fffff4bd
ffffec4d
fffff368
fffff740
ffffe10e
fffff155
fffff66e
fffff406
fffffce3
00000779
00000c3e
fffffe68
000001de
fffffa7d
fffff1cc
fffff769
fffffdcf
fffff13a
fffff5b2
fffffe50
fffff964
fffffa6a
fffff824
fffff6cd
fffff5b1
fffff90f
fffff870
fffff9d2
000002ea
00000417
fffffb1b
ffffffdd
fffff2b0
ffffeb61
fffff0c6
fffffc18
ffffe838
fffff126
fffff495
fffff36d
fffff2f5
fffffc5b
00000806
0000015f
ffffef3f
fffff398
ffffffb1
ffffde8e
ffffcc45
ffffdb5d
ffffe3f6
fffff397
fffff954
fffffd0b
fffff6ab
fffff220
fffff402
fffff523
fffff692
fffff842
00000363
00000592
fffffd8f
fffffff4
fffff2ff
ffffeeff
fffff0cc
fffffc10
ffffea8c
fffff256
fffff17a
fffff02c
ffffee45
fffff018
000000e7
00000343
ffffea6c
ffffec28
00000996
fffffec3
ffffd751
ffffcc1a
ffffe51c
fffff566
fffffa8b
fffffb7f
ffffff09
fffff600
fffff339
fffff66b
fffff8a9
fffff721
0000010f
000002b3
fffff954
fffffb39
ffffeba6
ffffead8
fffff6df
fffff873
ffffe497
ffffed55
ffffe9b9
ffffed4e
ffffe8a8
ffffec94
0000029d
000006b8
fffff714
ffffe8f4
000010d3
000019bd
fffff7be
ffffeeab
ffffe499
ffffeac1
fffff5cb
ffffec94
fffff3db
ffffef61
ffffeedc
fffff797
fffff708
fffff616
0000013e
fffffc7e
fffff917
fffff57a
ffffe8b9
ffffe8fc
fffff0de
fffff7dd
ffffe5cb
ffffeaad
ffffe949
ffffe8be
ffffe851
ffffe204
ffffebc7
fffff837
fffffe88
ffffebb2
00000a04
00001bda
00000d0f
fffff386
fffff13d
ffffe407
ffffe794
ffffd6ea
ffffddc4
ffffe320
ffffe884
fffff0e7
fffff7b2
fffff4c9
fffffc8c
fffff925
fffffd5c
ffffef34
ffffe464
ffffe30a
ffffeef0
fffff568
ffffdf20
ffffe3f7
ffffe6e5
ffffe379
ffffdb39
ffffd63a
ffffdac3
ffffe38f
fffff744
fffffb99
00000997
00001741
0000029e
0000074a
fffffb42
ffffe377
ffffd1b8
ffffcfd8
ffffd6a4
ffffd67f
ffffe210
fffff2ea
fffff819
fffff3b4
00000071
fffff7ca
ffffee4f
ffffe5ec
ffffe4b6
ffffea6a
ffffed31
fffff4fc
ffffe265
ffffe82f
ffffe789
ffffe30a
ffffe3bf
ffffe84f
fffff1a5
fffffabe
000008fe
fffff287
ffffe8c1
fffffec4
ffffe8ec
ffffdcb7
fffff1d0
ffffecb4
ffffd96c
ffffcc19
ffffcd2a
ffffd2e2
ffffd258
fffffba4
fffff672
fffff8fd
fffffdfe
fffffd8a
ffffe504
ffffdc14
ffffd7dd
ffffdd24
ffffe096
ffffebfa
ffffd8e3
ffffe34c
ffffe545
ffffeb88
fffff4bd
fffffa06
fffff780
000000a8
00000a18
fffff45d
ffffec6f
ffffe8ca
ffffda19
ffffce7e
ffffe8bc
ffffd95a
ffffcf16
ffffd41f
ffffe71b
ffffff9c
ffffe68d
fffff2a2
fffff0c3
ffffdaaf
ffffe72c
00000482
ffffdfde
ffffdd86
ffffdcb6
ffffdc92
ffffe8e7
ffffe37d
ffffd59a
ffffec29
fffff847
fffffcc5
fffff2dd
fffff5e3
ffffed4d
ffffe600
ffffed55
ffffee7b
ffffe77a
ffffe8a1
ffffea40
ffffe491
ffffe570
ffffd955
ffffe948
fffffdb5
000001df
000010a3
0000052d
ffffe1ef
ffffe143
ffffcb9b
ffffcc37
fffff0bf
fffff2a0
fffff690
fffff371
ffffee8a
fffffa7d
fffff3a5
ffffe614
fffffa25
fffff8c6
fffffb66
fffffe96
fffffe1f
fffff183
ffffe2c9
ffffe866
ffffd6b6
ffffe526
ffffe9cd
fffff8d7
fffff5fd
ffffee2b
fffff47f
00000c39
00000ab1
000008a1
ffffff36
00000562
fffff273
ffffd3a2
ffffdd84
ffffda9e
ffffd37d
ffffd905
ffffffee
fffffff4
ffffec8d
fffff293
fffff16d
ffffe536
ffffefc5
00000249
00000368
fffffcb8
ffffefd1
fffff6f0
fffffa92
fffff5f3
fffff8dd
fffffb0c
fffff317
fffffb91
fffff9be
000003ba
fffffa06
0000104e
00000b8d
000005e1
fffff991
00000954
00000952
ffffeb23
0000032e
ffffed01
ffffcb63
ffffd588
ffffffaf
000007b5
fffff4ed
fffff347
ffffdc1f
ffffce8b
ffffd412
ffffd688
ffffdcec
ffffe5ec
ffffdca7
ffffe8c9
fffffe2b
ffffef5c
ffffd90b
ffffe583
ffffe5bd
ffffe849
ffffef9d
ffffeabb
ffffdeea
ffffe80c
ffffec87
ffffedb8
ffffdc0f
ffffe036
ffffe736
fffff140
000005ba
000004d0
fffff186
ffffeeea
fffff3e7
fffff67f
ffffd693
ffffe43a
00000463
00001035
00000f94
00000a97
000009db
0000094c
00000a4f
000015fa
000021d6
00001491
000011f2
00000dda
00001063
00000e39
00002066
000022e4
000016ff
00001287
000012ee
0000104b
00000fd9
000007ec
000002cd
00000a87
00001e36
00002291
000021ed
0000213e
0000207e
000014a8
fffffeab
fffff562
000008a7
000003cd
00000144
0000000d
fffffbef
ffffff81
fffffca2
000000e4
0000038a
00000540
00000044
0000036e
00000341
0000033d
0000041a
0000045a
000000c9
000002e0
000000ad
000001b9
000006c0
0000012d
0000012b
000002b8
ffffff15
fffffbcb
ffffff61
000009d0
0000030b
000000c3
fffffc0e
fffffaec
0000018b
fffffd94
fffff517
ffffef4b
fffff1d3
fffff2f1
fffff3b0
fffff55e
fffff6a5
fffff970
fffff2cf
fffff708
fffffab2
fffff848
fffff33e
fffffb7f
fffff5cf
fffff622
fffff107
fffff067
fffff5db
fffff31b
fffff556
fffffcad
fffff658
fffff0f7
ffffefe0
fffffc09
ffffec58
ffffeb06
ffffecde
fffff596
00000d0f
000008c5
0000067f
fffffd1c
fffffa75
00000137
000001aa
ffffff31
fffffad7
fffff7dd
00000183
0000075a
000007e9
00000537
fffffbe2
000003cd
000007dc
00000396
fffffec8
fffffc3e
000002c7
00000262
00000310
0000081f
0000023f
ffffff2b
fffff96d
00000109
fffffed4
fffff52d
fffff5a8
ffffff44
000007ec
0000018d
00000192
0000014c
fffffd4a
00000adc
00000096
fffff8c6
fffff499
fffff579
fffff939
000002b5
000006de
000009ac
fffffcc4
fffffbab
ffffff72
00000550
00000189
000005a5
00000818
00000869
000006c4
00000391
fffffedd
00000107
ffffff25
fffffe67
00000893
0000046b
fffff9fb
fffffff7
00000798
fffffb54
fffffe4d
00000379
000006c6
0000199c
0000148f
fffff731
ffffeff7
000001f1
fffffd68
fffffa2b
fffffa71
000009de
0000019f
fffffc20
fffffbc2
00000049
000005ad
000007ad
000004dc
00000461
000001fd
fffffe1b
ffffff76
000006ed
000001c5
fffffd84
0000071f
00000703
fffffcad
ffffffea
000003b4
fffffd09
fffffc59
000000f9
00000ff7
000005b1
0000088a
fffffa37
00000058
000002be
00000043
fffffd39
fffffd11
fffffd18
00000469
00000578
000000c6
000000bc
00000521
00000465
fffffd8e
fffff5c6
fffffc40
0000021d
fffffd4a
00000318
000003fe
fffffce5
ffffff66
0000057c
000001b5
fffffd56
00000553
000002bf
00000035
00000485
00000bf5
ffffff6c
fffff4b0
00000513
000000ca
ffffff38
00000446
000005a9
00000042
000002da
00000a47
00000e25
000007ae
00000329
0000070a
00000539
000002e2
fffff9bd
ffffffbe
00000441
000004be
00000334
00000469
fffffd56
ffffffdc
000001b6
000001f7
00000002
000011f4
00000d51
000007a3
00000df1
00001079
fffffe94
00000c8d
00000508
fffffca1
fffff9bc
ffffff5d
00000119
00000aa6
00001962
00001d51
000014fb
0000087b
0000091a
00000641
00000bb5
000010f9
00000ebb
00001333
00001184
00000a1f
00000f41
00000c55
00000706
000001e9
00000733
0000009b
fffffe2f
000011f9
000006de
00000830
00000c84
00000f28
fffff10c
fffff838
fffffc57
00000d0b
00001d60
000000e7
ffffe3b8
00000541
00000e41
00000277
00001520
00000b87
00000e51
000011d1
00001b5b
000020dc
000011ce
00001eef
000008c5
00000c4f
00001331
00001798
0000115e
000008af
00001611
00000b4b
00000852
fffffe2f
fffff501
fffff4c8
fffff949
fffff659
ffffde44
fffff617
ffffef5e
00000c08
00001964
00000078
ffffea65
fffff8c2
fffffb3b
ffffe950
fffff385
ffffffbb
00000403
fffffe6b
ffffff7b
00000404
fffff07c
fffff74a
ffffee9f
ffffec05
fffff880
fffff9c9
fffff9ae
fffff463
fffffe21
fffffe3d
fffffc58
fffff359
ffffe950
ffffedfd
fffff2e0
ffffefb4
ffffe483
ffffefe2
fffff08c
ffffe808
ffffe0dc
ffffe442
ffffe90c
ffffe2d2
ffffde37
ffffe7ea
ffffe62c
ffffeb79
ffffe5c3
ffffdd84
ffffde01
ffffdecf
ffffdfe3
ffffe291
ffffe508
ffffe362
ffffdcd2
ffffe568
ffffdf83
ffffdac1
ffffe3bc
ffffe24b
fffff429
fffff9bf
fffff378
fffffb8d
fffffaf9
fffffe84
ffffed21
ffffdaa9
ffffd242
ffffcf0b
ffffc4d1
ffffcf38
ffffe290
ffffe85c
ffffdccd
ffffed02
fffffb9d
ffffe8cf
ffffd4f8
ffffd2fa
ffffdd01
ffffe5d4
ffffe5b4
ffffeaf5
ffffed6b
fffff126
ffffee68
fffff1fb
fffff04d
fffff3b7
fffff2a1
ffffe7f9
fffff96f
fffffb8e
fffff75b
fffffd19
ffffff5e
00000459
fffffea2
ffffed74
ffffe51d
ffffdef3
ffffbb3d
ffffbb68
ffffe21b
ffffe83b
00000026
fffff3ca
000010ad
00000637
ffffe152
ffffdb9c
ffffe6a7
ffffe3c1
ffffe723
ffffe350
ffffe305
ffffdc43
ffffe6be
fffff195
fffffa01
000000be
fffff62e
fffff28e
fffffed1
fffffbb0
fffff5cd
fffffebc
0000035d
00000418
fffffe23
ffffefd5
ffffed78
ffffe767
ffffdc20
ffffe573
ffffee2c
000000bc
00000f46
00000b78
fffffa1d
fffff60c
fffffc89
fffff482
fffff682
fffffc0c
fffff8bd
fffff06f
ffffe407
ffffe7e6
fffff219
ffffeb76
fffff2a8
ffffff54
fffffba6
ffffef93
ffffff5b
fffffc2e
fffff022
fffffdd3
fffffc74
000002e8
fffffee4
fffff54b
fffff4a3
ffffef29
00000420
ffffff63
fffffeb4
ffffffbc
00000efe
00000420
fffff6bc
fffff5fc
00000259
00000901
00000885
fffffd69
fffff5fe
fffff276
fffffa5a
0000039b
0000054f
fffff8a8
ffffed43
fffff962
000004a6
ffffe832
fffffb3f
fffffcb0
fffff66c
00000352
fffffb37
fffffe6a
fffffd19
fffff88d
ffffface
fffff8ca
000000b0
0000114a
000015c3
000000a4
fffff67b
fffff42f
fffff455
fffffde0
000007ae
000011cd
00000499
fffffaee
00000395
0000023a
0000019a
000001ba
000005f3
00000820
ffffedb7
fffffbb3
00000856
ffffed26
fffff6c3
0000012c
fffffef8
00000159
000004f0
00000324
000001d7
fffff950
00000013
fffffa91
fffffd70
00000cae
0000176f
0000175f
fffff790
fffff4e8
fffffcb6
000001b5
000005b7
000004bc
fffffdcb
fffffce4
ffffff6c
fffffd87
fffffe1d
fffff9aa
00000482
fffffeb6
fffffdad
fffff5b9
00000901
fffff4fe
fffff613
000002fd
fffffd3d
00000382
000006e8
000002db
0000092b
fffffa35
fffffd1c
fffff943
0000050a
fffffef5
000014a5
000015c0
00000f74
fffffd6b
fffffe6b
00000001
00000351
fffffbd3
fffffb93
fffffe9d
fffffea3
fffffadd
fffffbbd
ffffff1a
0000024b
fffffb4d
ffffff29
ffffff6b
000009bf
fffff4fd
fffff8ef
fffffc6e
fffffbec
000001f3
00000599
00000358
000005fd
fffffbaf
fffff56e
ffffff2b
00000e8d
fffff2fa
ffffe4d8
ffffffb3
000018fd
0000030a
fffffbef
fffffbe4
fffffc04
fffffc90
fffffe12
ffffff89
fffffeea
fffffe1e
fffffebe
00000214
0000066c
000001b5
00000341
00000508
00000843
fffffd54
fffffc4a
fffffdb6
fffffeb7
00000122
00000319
00000097
ffffff2a
0000012e
fffffa50
000001d6
000008bc
ffffe31f
ffffd207
ffffeeee
000012cb
0000115f
000003ec
fffffd92
fffffc4d
fffffdb7
fffffa30
fffffcf6
fffffc42
ffffff09
fffffdad
fffffe98
0000026e
ffffffb7
00000493
ffffffe0
00000898
fffffb83
fffffa7a
fffffb41
000000ce
000003e9
ffffff99
fffffead
00000501
000006d2
fffffb16
fffff53b
fffffd07
fffff9a0
fffff32d
ffffe6c1
fffff6e5
0000030c
0000102a
00000e13
fffffe35
fffffd69
fffffc2e
fffffbe1
fffffc65
0000002c
fffffcea
fffffdf4
ffffff1b
fffffe30
0000081a
000003a2
0000076f
fffff899
fffffda5
fffffb11
fffffffc
000000b2
000001c4
000001f7
00000662
0000055c
00000b2a
fffffb58
fffff114
fffff7d7
00000c80
fffff487
ffffeb64
ffffe99d
fffffec4
00001960
000008c1
000004f5
0000025a
0000013d
000000f4
000003e4
ffffff8f
fffffc92
ffffff34
fffffcae
000001a1
fffffa3e
0000074c
fffffd82
00000054
00000029
00000192
000004f6
0000091e
000004ca
00000886
00000a1d
00001104
00000ee5
ffffec85
fffff791
00000282
ffffe799
ffffd01c
ffffd7b3
ffffe5bf
00000e98
0000113d
00000bf7
00000797
000000e0
00000381
00000a28
000003ab
ffffffda
fffffe9d
fffffe3e
000004bc
fffff975
00000794
fffffb63
ffffff9e
000002f8
000004c0
0000043d
000007e1
00000345
00000323
00000429
fffffe1b
00000d76
fffffe63
ffffebb7
ffffff63
ffffef39
ffffda90
ffffddc1
ffffdffb
fffffe62
000005c0
ffffffd3
0000068a
00000130
00000bfb
000009bf
00000169
fffffe5a
0000017c
00000109
00000749
fffffbbc
00000421
00000000
000004f8
00000390
fffffa9b
fffffc00
fffff9bd
fffffa63
fffffb6d
fffff63c
fffff37b
fffff2f1
fffff4b5
ffffe5cc
000006e3
000006f8
ffffec25
fffffd0d
ffffefc4
ffffe25e
ffffe6b9
fffff968
00000634
000009fc
00000b26
00001816
000002e9
fffffe2f
00000495
00000369
00000824
fffffc40
00000a9a
0000040f
000006c9
00000a24
0000029f
0000020e
ffffffca
fffff858
00000191
fffffa50
fffff383
fffffd32
fffff5ec
ffffdc3d
fffff4a3
ffffec1c
ffffe549
000008ad
00001239
ffffe850
ffffd9db
ffffe5c2
ffffe576
ffffe5dc
fffff772
000014d5
00001da5
0000065d
0000141a
00000796
fffff9b7
fffff669
ffffff6e
fffffa94
000005ab
00000602
fffffefb
fffffc6a
fffffea9
000000e8
000003a0
000004a1
fffffa73
0000016e
000003ad
ffffee54
ffffeb4e
fffff7fb
ffffe9e8
fffff50e
0000014a
fffff840
ffffec89
fffff13e
fffff2d4
ffffddeb
ffffe10c
00000476
000019cb
0000154b
000010fe
0000088c
00000b98
fffff323
fffff355
ffffec40
fffff8b5
000004c5
00000143
fffffdb7
fffff58c
fffff2c7
fffff555
000006b7
00000017
ffffff8b
fffffd2b
ffffe331
ffffebc6
0000089c
fffff642
ffffe0fe
fffff694
0000031d
fffff3fd
ffffeb46
fffff3c6
fffff1c8
ffffe82b
ffffe9a6
ffffef31
fffff1ba
0000063b
00002080
00001ec8
00000365
fffff061
ffffeec2
fffff305
00000ae2
fffffa96
fffffa4a
fffffb49
fffff3c6
00000039
000003b6
fffffed1
fffffdc2
ffffee95
fffff4ed
ffffe564
fffff091
ffffedab
fffff03f
ffffff09
fffffb78
fffff7cc
ffffe228
ffffedb2
ffffeeba
fffff36d
ffffd7e5
ffffcd42
ffffe256
ffffe290
ffffedf5
ffffef44
fffff696
ffffec09
ffffe874
ffffefd8
0000083f
fffff6ec
fffff4b2
fffffe9e
fffff923
fffff8a0
fffff913
fffff783
fffff544
fffff498
000002ad
fffffdee
ffffee26
ffffe530
00000139
fffffa61
ffffe91c
fffffc7e
ffffe4fe
ffffe5c4
fffffdab
fffff9b7
ffffe9f0
ffffe998
ffffe908
ffffcf50
ffffcfc1
ffffe35b
fffff62b
fffff915
fffff941
00000055
000002b3
ffffefa0
ffffe71e
ffffe84e
ffffed59
ffffe9f8
ffffedcb
ffffedc1
fffffd81
ffffed08
ffffef81
ffffeac8
ffffe47c
ffffe11f
fffff284
ffffeaf3
ffffdba1
ffffeb6c
ffffe81a
ffffde5c
ffffdb54
ffffd6cd
ffffdc3f
ffffe33f
ffffe9e9
ffffea4f
ffffdf43
ffffe4b7
ffffe680
ffffe912
ffffe6a1
fffff04c
00000403
fffff672
fffff4b0
fffffb84
fffffab0
fffff822
000000f5
ffffeed0
fffff626
fffff58e
ffffec1a
ffffed41
ffffedbd
fffff134
0000008c
fffffda6
ffffefe2
fffff45c
fffffe5a
fffff425
fffff366
ffffec8b
ffffe646
fffff0dc
ffffff03
fffff6a8
ffffef07
ffffff9c
fffff773
fffff46a
ffffeccb
ffffe60f
00000c4b
00001278
00000e4a
00000bcc
00000c22
000005d4
00000bc1
000009d6
00000b42
00000d3c
00001024
00000cab
00000c53
00000f11
000010fd
00000a86
00000dc6
00000f96
0000143d
00001016
00000d5e
00000c8c
00000de6
00000c99
00000d49
00000c55
000008be
fffffe04
000004ad
000009d9
00000937
00000ece
00001999
00001b17
000013d9
00000df5
00000b90
000006b2
000002cd
0000054c
00000d6b
00000a47
00000bf6
0000092b
00000aef
00000feb
000014e2
00001096
00000b0c
00000da7
00000d2f
000004a6
000006c0
00000f14
00000c65
00000dc6
00001191
00000f79
000009a0
00000cb7
00000e3d
00001417
0000131a
00001425
00001cdf
0000219d
00001e4b
00001c7b
00000f6f
000006ac
00000a12
0000033a
000004af
000005b8
00000307
00000c42
000012b2
0000169c
00001b89
0000197a
000016a6
00001b18
000014eb
00000bbb
00000928
000011b7
0000123a
00001177
00001868
00001869
00000feb
0000113e
00001340
00001006
00000ca6
00000e62
00001e27
00002507
000018f6
00001237
000004e6
ffffff67
fffff845
ffffe747
ffffe24d
ffffe6b1
fffff8e4
00000327
00000edd
00001d6a
00001903
000013da
000014e3
00001c57
00001617
000007b9
00000876
000016c5
000018ae
0000188a
00001552
00000fd4
00000737
000007d4
00000f8c
00000d05
0000088f
0000106e
00001c2a
000020b9
00000f7d
00001089
0000066d
fffffb0b
ffffd572
fffff3cf
ffffe8c4
fffff013
000009f7
fffff57b
00001395
00001e45
000018b0
00000a25
00000d01
00000ece
00000cdc
00000856
00000e48
00001d0b
00001a84
00001936
00000fe3
00000896
0000094d
000006b8
00000f87
00000bb0
00000d8e
000012a2
00001bfd
0000176e
00000602
00000c06
000006b9
fffff1e4
ffffe5f8
00001a83
00001bef
000018e1
000019f6
000012f4
00001d88
00001ed1
000014e2
00000ac2
00000d1d
0000070e
0000019d
00000b46
00001163
00001c7d
00001370
00000cbe
000006bf
00000945
00000b8a
00000836
00000bac
00000c5c
00000b2e
00000da5
000023c4
0000169e
00000c59
00000644
fffffbf0
ffffdb28
ffffccd3
00002664
00003bcf
000029d8
00001ac8
0000170a
00001cd0
00001e58
00001655
000015a0
000011be
000005dd
000002f5
00000dc2
000017f8
000017ff
00001284
000010cb
00000f39
000011a5
00001100
00000c9b
000007a0
00000b8c
00000cd3
00000fd5
00001fb6
000019c6
00000db4
fffffe19
fffffcea
ffffea4a
fffffa14
0000292b
00005138
00001a59
00000809
fffff94e
00000d5a
00001cb4
00001e35
00001bd9
00001845
00000ba9
00000ee0
00001f27
00002378
00001606
00000ce6
00001505
0000172b
00001b79
00000c96
00000fed
00000964
0000108d
00000ec5
0000100e
00002582
00002a5b
00001361
000006bb
fffffd66
00001704
fffff588
00003369
0000505f
000023b5
fffff8fd
fffffdcd
00000fef
000016a1
00002754
00002515
00001506
00000624
00000c3e
00001af6
00001f7f
00001f03
00001066
00001e4d
00001275
00001bf3
00000a0e
00000e4b
000010dc
00000edb
000004f2
00000c70
00003454
0000295c
00000c4a
000012d1
fffff7cd
0000314e
fffff899
fffffd07
000013a6
00000bb1
fffffbe0
000009c9
ffffee91
000006c8
00003522
00000856
00000f9f
fffffe3f
00001214
000019fd
00002860
00002457
00001c88
00001cce
000015aa
00001adf
00001432
000019ad
0000160d
000017ed
000007ba
00001759
00003394
00002401
000007f6
00000afb
fffffe27
00002a2b
000008ee
ffffee30
fffff9ca
0000201e
00002233
00001b39
ffffed1a
ffffdd5e
00001e97
00000482
000009e6
ffffed7a
00000104
000008b5
00001af6
00000b8c
000010e3
00000842
00000d17
00000eaf
00000ce2
00000e58
00000afb
00001128
0000062d
00001908
000030d7
00001cfd
000005f9
0000052c
00000fcb
00001b44
fffff4bd
ffffea0a
ffffd440
00002304
000040d7
00002258
fffff18a
ffffe2d8
ffffe89c
00000953
00001246
ffffefc2
ffffe2cf
fffff9ff
fffff877
fffff5f9
fffffae8
ffffffc4
00000952
0000045b
000009de
0000047a
000002ed
00000704
fffffe17
00000f3a
00002c91
00001b8b
fffffece
000003d8
0000055e
fffff917
fffffaac
fffff91c
ffffecc1
00000e37
000035e1
000003a7
fffff689
ffffe72a
fffff65a
000014ef
00002a0e
00000a06
fffff50d
ffffec37
ffffe72f
fffff26e
ffffe47f
ffffe785
fffff72a
fffff70f
000000e6
000008df
00000335
000002e4
fffff892
00000c43
00002cdf
00001934
00000076
0000042a
000001ef
fffff594
fffffc52
0000061f
fffffa8e
ffffff35
0000186b
0000000f
ffffed87
0000049d
00001e3b
000028cc
0000232c
000014b6
00000aa7
000006a5
0000058d
fffffaed
ffffee76
ffffe849
fffff196
fffff02b
fffff3ec
0000051e
000000c6
000005e2
fffffb25
00000b0e
00002787
00001ef6
00000845
00000b07
00000795
fffff678
fffffcf4
00000b5e
0000049b
fffff301
00001176
00000f34
fffff113
00001239
000031c9
000026d3
00001837
000012de
00001599
000025a0
00001b71
0000155e
00001707
00000c28
0000156f
00000b6f
000004a9
00000d6b
00000b4e
00000915
ffffff13
00000e22
00001e54
00001699
000002fd
00000b5d
0000018a
fffff043
fffff708
00000f83
00000671
ffffe9d7
00001d43
0000315f
0000146c
00001931
00002069
00001ea3
0000162b
000013ac
000020b4
00002229
0000167f
000011b5
000012a4
00000cb4
00000b22
000012d8
00001862
000027e9
0000164c
0000046f
fffffb6d
00000da6
0000177e
000011f2
0000039b
000007c0
0000036e
ffffeebe
fffff664
00000b6e
fffffeb6
ffffe835
0000114f
00002862
00002bc5
00001052
00001688
0000151b
0000166b
00001362
00001aab
000015a8
00000d00
0000092a
00000b49
00000c36
0000072e
0000060a
000019be
00002599
00001629
ffffff43
fffffc72
0000103f
00001671
00000f1f
000002ba
0000010c
000002d2
fffff233
fffffa39
00000b8c
fffffde9
ffffdb2f
fffff612
00001ed9
00001e92
000019d7
0000157d
0000181f
0000167d
00000fe6
00000d7a
00000ffb
000005b6
00000668
000004d1
00000340
00000907
000003f4
00000eb0
00001a12
00001d54
000008fc
00000190
00000f73
000012da
00000a75
000002bd
0000012f
000003d3
fffffe1a
0000006a
00001056
0000098b
ffffdbf0
fffffa2f
00001bcd
00001d8b
00001f44
000018cf
000015c8
0000121f
00000f7e
00000962
00000a06
00000b48
00000b97
00000695
0000080d
000002e9
0000084d
00000f99
00001246
00001cb8
00000da8
00000378
00000eae
00001084
00000821
fffffdf1
ffffff8c
00000731
00000793
000001ee
00000a76
00000d88
ffffeec0
fffff24d
ffffead1
000021ed
00002bac
00002ac8
00001b58
00001122
00000cbd
00000997
00000601
00000327
00000688
000005fb
0000062d
000003b4
00000506
00000e7d
00000e63
00001664
00000a17
00000176
00000c5f
00000d19
00000b2f
00000257
0000003b
00000512
00000618
0000042e
00000436
000003d1
fffffd9d
fffff263
ffffe48b
fffffaab
00001338
00002c8a
00000c17
0000126b
0000061f
000003fc
00000189
fffffe24
00000586
00000325
000002e4
000003f9
000000f9
00000d41
00000e4d
0000199c
00000b82
00000128
00000ca6
00001027
00001154
00000846
00000cf1
000006ef
000007ff
000006b0
00000a20
00001036
0000025a
fffff97f
ffffe94e
ffffe412
00000695
00002722
00000e25
00000459
000009f7
0000031f
000003c3
fffffed8
0000028e
0000051a
0000044d
000006a0
0000051b
00001196
0000147a
000027fe
00001050
00000581
00000ccd
00000e8b
00000dbd
00000508
00000437
000001ed
00000262
0000097a
000001e6
000012db
00001ace
000010b8
ffffe4a5
ffffdff0
ffffe8d7
fffffa01
0000130c
0000152c
000022f9
000012d3
0000147d
00000c18
00000935
00000010
00000c79
000004b5
0000060d
00000f92
0000129e
0000236f
00000bda
0000043b
00000d6d
00000d85
00000dab
00000980
00000841
00000684
00000757
00000bf5
000012ac
00000c57
00001a5d
000016eb
fffff35f
ffffed85
ffffe8aa
ffffe009
00000864
00002dc3
00003d40
00001805
00000acc
00000687
fffff933
000004bb
00000a4a
00000bb6
00000155
000014eb
000020d0
00001f77
000012ba
00000155
00000e3b
00001336
00001d4f
00000ef6
0000097a
000005a7
00000ae2
00001209
000010b2
00000601
fffff76f
ffffff7c
000006b1
0000198b
000009f2
fffff2d1
fffffecf
00002757
000034ce
000004a8
fffff4d7
00000903
fffffce8
0000126d
00000adb
00000257
000000f1
00000b72
00002213
000025fe
0000119f
fffff9e1
00000c04
0000151e
00001345
000006bf
0000054d
00000aa0
000007d6
00000b31
fffffe0f
fffffc05
ffffefd0
0000020b
0000060b
0000337c
000025d5
00001330
00000960
00001b01
0000216e
00000034
fffff99c
fffff31d
fffffe04
0000159f
00000d6d
00000296
fffffd3e
0000090e
00001cc1
000030a5
00001084
00000501
000017dc
0000213a
0000207c
00000cdf
00000f0e
0000083a
00000c9e
000004e1
000002c2
00000883
ffffffbc
0000049e
00001143
00004adb
000027f4
00001368
00000a89
00001b47
000023dd
00000b44
fffff6f0
fffff126
ffffee3e
000018f5
00001dc3
00002674
000016df
0000279d
00001496
00002020
000003d5
fffff119
00000a94
000020b6
000019ba
fffffff9
000001ae
0000055c
00000b6b
00000256
00000c66
00000ee1
00000eb2
00000a60
000023ba
000036f4
00003414
00001c9c
000013e8
00002ec9
0000203f
00001723
fffffffb
000002ff
fffff4ff
00000f0c
000025cf
000037f4
0000297d
00002e47
00001e7d
00001dd1
00000c87
fffff2ab
00000b64
00001c39
000015c0
00000238
00000251
00000b90
fffffd06
fffffcb3
000007ac
00000ac5
000009c6
ffffff34
00001251
00000e5e
00001821
00001db5
000017c4
0000222c
00000d38
00001126
0000117f
0000121f
00000391
0000126b
00002a7d
00000c56
00001a7f
00002866
000028d0
000033a7
00001fea
0000089b
00001ece
00002297
00002154
00001027
000011d8
000018e9
0000103f
ffffff99
00000808
000007a2
000012c1
00000cc3
00000de8
00000524
00000917
000008c9
000014e9
000011db
000017ba
00001d58
00001ad3
000011a6
00000c43
000008d5
00000db9
fffffe21
00000b80
000010e9
0000127f
0000162d
00000d73
0000064a
000016ec
0000183e
00000641
fffffc32
ffffff76
fffff750
fffff974
fffff22a
fffff027
fffff979
0000032a
000007c2
0000098e
00000082
fffff6fd
fffff7f3
fffff3a4
fffff9e3
ffffff2f
fffff701
fffff9c2
fffffc79
0000084e
00000f65
fffffa4f
fffff6a5
000000fb
fffffa21
0000008c
fffffa54
fffffa42
000003c4
000012c6
00002048
00001acc
000011b1
00000f90
fffffb72
fffffcb3
fffffde8
fffff31f
0000065e
0000184d
00001eea
00001a53
00000f9f
0000081d
0000064f
00000962
00000507
000006f6
0000000d
00000d2f
00000bd2
0000144b
00001520
000003b3
fffffc64
00000655
00000950
fffffe42
00000a0b
00001297
00000847
00002c71
fffffc81
fffff913
ffffff71
000001a4
000001c9
000005b1
000003a0
000007b7
000008b1
0000063a
00000808
00000a92
00000770
00000566
00000946
00000954
000005f2
00000530
000007bd
00000abc
0000081a
000005a9
fffffe94
fffff9fa
fffffc1c
ffffffc7
000002e8
000006b3
000002bb
fffffc74
fffff9ca
0000001c
fffffba4
fffff9b6
000003f9
000004f0
000001fe
0000011e
0000017d
000005cf
000005da
00000c09
00000dc8
00000ac9
00000870
000009de
0000078c
000008d1
0000066e
00000902
00000a40
00000a0b
000009dc
00000961
fffffed1
fffffc46
000001ba
00000528
00000045
000001f7
000004b7
00000407
fffffecb
ffffffca
fffffe8a
fffffb9f
00000314
00000393
0000028a
fffff7c3
fffffdf6
fffffd51
fffff997
0000024b
0000066e
ffffffc6
0000000d
000003fa
00000098
fffffd7a
fffffb0e
ffffffca
000001c8
fffffec1
ffffff83
000000b8
ffffff7e
000000b8
0000027e
000004e8
000001f0
ffffffcd
00000331
000003c8
fffffbd5
fffffc33
000001f4
fffffed4
00000261
0000060f
00000163
fffff5a6
fffffb8f
fffffb6b
fffff0cd
fffff209
fffffd84
fffffefb
fffffbdb
000004fa
00000384
00000048
0000016d
000001ea
000001fe
00000076
fffffedb
fffffcf5
00000122
00000061
00000181
000005cc
000004fd
000000d6
ffffff0d
0000012b
fffff84d
fffffb0d
000003a8
ffffff8e
000004ab
00000585
00000050
00000024
fffff3eb
ffffee5f
ffffdf70
ffffe70b
fffff38c
fffffb7f
fffff761
ffffff61
00000466
0000026f
0000075d
00000ae2
00000345
0000016c
fffffea2
fffffe84
0000049b
0000008e
000000f0
000003ab
ffffffb0
fffffb04
fffffb49
fffffd93
fffff540
fffffab5
000002d2
fffffeea
0000027d
000002e9
00000028
fffffedf
ffffeeb0
ffffda53
ffffe084
ffffd4dd
ffffe920
fffffaa8
fffffdef
ffffff80
0000021d
000001a9
000006bb
000007bf
fffffbda
fffff7fa
fffffc34
00000555
0000097a
000003f1
00000091
00000228
0000007f
fffffce4
fffffe42
fffffdad
fffff4b8
fffff82c
000001bb
00000172
00000252
fffffc57
00000175
fffffed8
ffffdbbd
ffffdec4
ffffecd8
ffffee2c
ffffece2
fffffdeb
00000974
00000553
000003de
000005a7
00000713
000002b1
fffff641
fffffa18
fffffe03
000007bf
00000799
00000527
000004db
0000040d
ffffffef
ffffffc3
00000005
fffffcf1
fffff573
fffff983
00000415
000001a3
000003be
0000031e
000002c3
0000108f
ffffeab0
ffffe4d1
fffff5fd
ffffffc3
fffff4d7
fffffdd4
00000b85
000003b9
00000094
00000660
00000db9
00000613
fffff932
ffffff52
0000023f
000003e9
00000793
000009e6
000005b5
00000ce0
00000661
000007f6
000001bf
0000064a
00000031
00000024
ffffffaa
ffffff7f
00000483
00000155
fffffd6e
0000078d
00000469
ffffe8e4
ffffe810
fffffd7d
fffffb49
00000bbd
00001ae6
ffffffc7
fffff79b
00000106
00000d2c
000007fa
ffffffa8
ffffff64
000003a3
000005fb
00000bc9
00000a9b
00000ca1
00000abd
00000f00
00000c8e
00000699
00000a83
fffffd13
fffffe2e
ffffff64
00000616
00000597
fffffdd1
ffffea9f
ffffe7de
fffff801
00001067
fffff004
ffffe20d
00000275
0000164e
00001473
00001746
000007b5
fffff96c
ffffff07
000005ba
00000d92
000009e7
00000a03
00000774
000010d5
00000cd8
000006d1
0000096a
00000add
00000b19
00000988
0000076e
fffffb65
fffffd40
00000106
00000431
0000050c
000008ea
fffff4e6
ffffdf3d
000004d9
00001cfc
00000f88
fffff359
00000a74
00000c0b
00000c46
000021ec
00000fdc
fffff863
fffff9d9
fffff34f
000004c2
00000e6e
00000a3b
00000732
000004ac
fffffe15
0000017c
0000033b
00000728
000008d0
00000928
00000846
fffff5d3
000004fe
000000bc
fffffdb4
fffffd3a
fffffddf
000001fd
ffffeeca
fffffdb6
000017ce
0000226b
00000c1f
00000b44
00000138
fffff8b9
fffff52e
fffffac4
fffff291
fffffaa6
fffff173
ffffed6b
fffff27c
fffff1f6
fffff49c
fffff14c
fffff3b4
fffff8c9
fffff95a
fffff9b9
fffffa6e
fffff9db
fffffc69
ffffe9ef
fffffef4
fffffff1
fffffa1e
fffff8da
fffffc03
000001e6
fffff768
fffff464
ffffffc9
00001171
00000ffc
00000c55
00000014
ffffda87
ffffcf22
ffffc749
ffffdbd8
ffffff39
fffff37f
ffffe51e
ffffe79e
ffffe152
ffffe447
ffffe1b0
ffffe587
ffffee5d
ffffebdf
ffffebcf
fffffa0b
fffffb03
fffff7de
ffffe46d
fffff9b4
fffffef9
fffff62d
fffff1ff
fffff7c5
ffffff81
fffff89d
fffff958
fffff90a
fffffd62
ffffeb79
fffff5bc
ffffe6a1
ffffc306
ffffbea4
ffffc7d3
ffffc815
ffffe649
ffffdbfe
ffffc854
ffffcf1f
ffffd7b5
ffffd89b
ffffe62c
ffffe4ec
ffffe29a
ffffe8ae
ffffe877
ffffef22
0000008b
fffff8fd
ffffe1b3
fffff38a
00000295
fffff55b
fffff55b
fffffaef
fffffde5
fffff348
fffff2fe
fffff256
fffff760
ffffdad1
ffffcd3a
ffffc7da
ffffb4b1
ffffc614
ffffd39e
ffffe551
ffffeaba
ffffddcc
ffffd3aa
ffffd16d
ffffc9cb
ffffcee3
ffffd3ad
ffffd44c
ffffdd29
ffffe793
ffffef5c
ffffee1c
fffffc3b
fffff600
ffffdf58
ffffefc5
fffffbf4
fffff4b9
fffffc20
fffffa50
fffff7b8
ffffe7b9
ffffe86b
fffff103
fffff63f
ffffda18
ffffc01b
ffffbd5a
ffffc566
ffffd52b
ffffdc88
ffffebc9
ffffeea8
ffffe833
ffffea3a
ffffe873
ffffeccd
ffffebd2
ffffe7d8
ffffe641
ffffe3e8
ffffe150
fffff41a
ffffecd2
fffff90f
fffff43c
ffffe017
fffff146
fffff7dc
fffff4c5
fffff91f
fffff5a3
fffff30c
ffffe0df
ffffe2e1
ffffeef6
fffff209
ffffedd7
ffffd6b7
ffffc9a6
ffffdfea
ffffde92
ffffe659
fffff162
ffffefc6
ffffefce
fffff423
fffff745
fffffb33
fffff65b
ffffefe8
fffff0e0
ffffec3e
ffffdbd6
fffff531
ffffef95
ffffe9a1
fffff198
ffffe514
fffff210
fffffba2
fffff964
fffff7ad
fffff790
fffff345
ffffdf1e
ffffdd95
ffffeee7
fffff272
fffff8f3
fffff6b7
ffffe581
ffffe592
ffffe94c
ffffee10
fffff431
fffff5c9
ffffface
fffffccf
fffffc00
fffffa20
fffff918
fffff3fe
fffff5c0
fffff1c4
ffffe19d
ffffebb4
fffff0aa
ffffed7b
fffff58a
ffffeb9e
fffff365
fffffd6b
fffffb67
fffff95f
fffff928
fffffbe8
ffffe61f
ffffdb0a
ffffedcf
fffff816
0000006a
00001438
0000064e
ffffeac9
fffff514
fffffc6d
fffff5b1
fffff691
fffff88a
ffffff3a
fffffdc0
fffffd51
fffffadf
fffff95e
fffff8d9
fffff989
ffffed9e
fffff57b
fffff6b3
fffff350
fffff8d4
ffffef9e
fffff5d4
fffffdfd
fffffa35
fffffb12
fffffcd1
fffffe6e
fffff304
ffffdf97
ffffe3c2
fffff43a
fffffed8
00001409
00001674
fffffb7d
ffffee9e
fffffba2
fffff540
fffff884
fffff907
fffffd17
0000000a
fffffebc
fffffe82
fffffbbe
fffffb1f
fffff913
fffff1b1
fffffa79
fffff36b
ffffec50
fffffd09
fffff39d
fffff8af
fffffdbf
fffff9d4
ffffffef
fffffe68
0000000c
fffffd26
ffffe74e
ffffd719
ffffeb0a
fffff51b
fffff769
0000139c
00000c8a
fffff5fd
fffffa79
fffff1f1
fffff4d5
fffff6c6
fffff932
fffffd28
fffffdb7
fffffd8e
fffffb42
fffff64d
fffff843
ffffef2d
fffff787
ffffee8f
fffff021
ffffff3c
fffff872
fffffcac
fffffea2
fffffd40
00000339
000003db
00000454
0000038f
fffff987
ffffe32a
ffffe359
ffffe80e
ffffea25
000006b4
000022f2
000020c0
0000117f
fffff598
fffff683
fffff8f7
fffff34c
fffff5ac
00000222
fffffec9
fffffdd5
fffffa30
fffff973
ffffee92
fffff5dc
fffff1a3
fffffb7a
000005ce
fffff7d2
fffff860
00000325
0000003f
000006b5
00000827
00000748
000008fa
00000a12
fffff2a8
ffffe540
ffffe5b8
fffff5c0
fffffde4
00002658
00002ca8
0000262d
000000ec
fffff561
fffffb3a
fffff0f6
fffff5d9
00000044
fffffdf7
fffffdb8
0000006c
fffffd3c
fffff40a
fffff898
fffff6c0
fffffc71
000008d0
fffffb10
fffff9b7
00000100
00000372
00000930
0000099c
00000610
0000068a
00000864
00000737
fffffb88
ffffed80
fffff87a
fffff058
fffffeac
0000131a
0000200a
00001065
fffff6d4
00000310
fffffd5c
000005d9
00000c1b
000001c1
fffffb82
00000421
00000218
fffff6d6
fffff295
fffff5bf
fffffefc
00000418
fffffbc9
ffffffb3
00000853
00000cdb
00000b00
0000096c
000009e9
0000044e
000001a2
000003b1
000015e9
fffffe7f
fffffa3e
ffffe29f
ffffe56e
fffff644
0000055d
00000bde
000004e8
000011a7
00000ec3
00001133
00001724
00000399
000000c1
00000628
fffffcb2
fffff643
fffff392
ffffff08
0000050b
00000474
fffff54c
fffffa8c
0000022e
0000037c
0000069f
ffffff89
fffffe60
fffffdc7
000003d4
0000019d
00000ae7
fffff528
fffff2b7
ffffdc3d
ffffd92f
ffffeb78
fffff580
fffff467
fffffbe0
00000d33
00001006
00001d10
00001bf2
00000a52
fffff9a0
00000a44
000006ff
fffff47f
fffffb93
000006bb
0000062b
00000f77
fffff7ab
fffffd68
0000019c
000000b6
00000152
fffffd47
00000152
0000044a
fffffde5
ffffeeb0
ffffed7b
ffffe8e3
ffffdd70
ffffd612
ffffc9d4
ffffe330
ffffe9ee
ffffeccf
fffff1ab
fffffe0a
00000a22
0000123a
000011ee
00000ba7
fffffa0f
000006b4
00001a05
fffff7f3
fffff938
000005bd
fffff920
00000e5c
fffff548
00000025
000001cc
00000421
00000465
000004c1
00000140
000003eb
fffffb77
ffffef50
fffff22e
fffff290
ffffe0f4
ffffeb2d
ffffe1f8
ffffe8a0
fffff07d
fffff127
000008d2
000006d2
fffffc14
fffff6c2
fffff8e6
00000152
ffffef9f
00001028
00001345
000000f4
fffff38c
00000643
fffffe61
0000003e
ffffed18
fffff230
fffffb45
fffffef5
ffffff03
fffffa94
fffff4e7
fffffb93
00000713
000006ae
00000784
fffffed7
fffff1bf
ffffef21
fffffa28
fffff71e
fffff0bb
fffffd3a
00001281
00000e20
fffff30a
fffffe64
fffffb4a
000001d7
00000a0c
000010cc
00000f52
00000e48
00000657
0000130f
0000047d
fffff83d
ffffe3ac
fffff1d0
fffffe7c
fffff86c
fffff61a
fffff9f1
fffffe47
ffffffa4
00000513
00000b01
00000207
fffffa66
fffff59a
fffff8a0
00000481
00000118
000000eb
00000391
fffff7da
00000528
000002db
000002fa
00000302
00000577
00000f2c
000016f7
00000b06
00000fc7
0000156e
0000114f
000002c6
fffff73b
ffffefc1
fffff4ca
fffff8e1
ffffefce
ffffed5e
fffff374
fffff24b
fffff21d
fffff646
ffffeee7
fffff22e
ffffe784
ffffe86d
ffffea3d
ffffef36
ffffee4b
ffffe8b5
ffffe6d4
ffffdd46
ffffdffb
ffffe5f7
ffffe162
ffffea4c
ffffdca0
ffffe72b
ffffe839
ffffe7c1
ffffea9f
ffffed1b
ffffe329
ffffde0d
ffffe807
ffffe244
ffffebfd
00000677
fffffd30
fffff39e
fffff501
fffff44a
ffffee81
fffff365
ffffe902
ffffe6a8
fffff087
fffffafb
fffff760
ffffebf8
ffffe868
ffffe116
ffffed22
ffffe65f
ffffe69f
ffffe970
ffffec54
ffffebc6
ffffed3a
fffff1b0
ffffea42
ffffe3ed
ffffeb8a
ffffe675
ffffed02
ffffeb35
ffffed8e
ffffe9df
fffff450
0000006b
ffffefd3
fffff1a4
fffff317
fffff8ab
fffff9e1
fffffa3a
fffffbf0
fffff9b3
fffff635
fffff736
fffff695
fffff829
fffff766
fffffb7e
fffffd51
fffff7cf
fffff0ff
ffffebb2
fffff64b
fffff8c3
ffffef6a
ffffe95c
ffffec45
ffffed51
ffffee53
fffff0c6
fffff59c
fffffd33
fffff4d2
ffffea62
fffff373
00000d3d
fffffd0b
fffffbef
fffffaaa
fffffe69
00000368
00000578
000003e2
00000327
000002e9
000003dd
000000d8
fffffd4e
fffffa57
fffffeba
fffffe41
ffffff25
fffffc0b
fffffcd2
fffffda5
fffffd86
fffffc29
fffff747
fffffa30
fffffb60
fffffa5f
fffffb32
fffff308
fffff772
fffff2a0
fffff73d
000006e3
0000131c
000004b7
00000216
fffffdde
fffffedf
00000a52
00000756
00000b83
00000711
fffffa5b
000007e2
00000afb
000000e3
fffff9d8
fffffa9d
fffffd59
ffffffa6
fffffdec
000002c4
000007fe
00000aa6
00000936
000009ab
000005a9
000003d9
00000124
000000aa
fffff9d0
fffffacc
fffffe9a
00000513
00000bd5
00000d6d
fffffc09
fffffedb
00000064
000003d9
000009ff
00000f78
00001ff2
fffffc94
000007bf
00000c03
00000c5c
000004d9
fffffe07
fffffbbb
fffffbf5
fffff984
fffffaeb
00000242
00000d5a
00000fd2
00000c66
00000a1c
00000107
0000019e
00000320
000002ca
00000490
00000201
00000610
000007c6
00000b3c
00000bf9
fffffd2b
000006d8
00000c9b
00000c77
00001158
0000161a
ffffeee2
ffffeca8
00000563
0000114a
00001546
00000525
0000012f
000003a0
000001cb
fffffe12
00000900
000009a9
0000050c
0000030d
fffffca6
fffffbf2
000000e6
000003e0
00000a21
00000863
0000083e
00000464
00000a1c
000006ed
00001037
0000140e
000006f5
00000bf0
000010af
00000c75
00000e63
0000308f
fffff14d
fffff6f7
00000884
0000122d
00001963
000004cd
ffffff45
00000a64
00000cde
00000aee
000013c9
00001797
00000645
fffff99e
fffff356
fffffb65
00000936
00000c08
00000bda
00000a14
000008df
00000868
00000e2c
00000b91
00001239
0000182d
00000ef6
000011f6
000015ef
00001442
00001b35
000015bf
0000189a
00001114
ffffffdf
00000480
00000c62
00001401
000001aa
00001592
00001192
0000107c
000017d6
00001693
00001074
000007a9
000006e1
00000af1
00000e13
00000ef5
0000093a
00000a7d
00000cce
00000859
00000cfb
00000cc4
000011d1
00001709
00000e9a
000010be
0000131b
00001f7f
00000d25
0000062a
00001b0f
fffff468
00000408
000009c6
0000110b
00000890
fffff5ec
00000253
000009ae
00000643
00001314
00000aea
00001355
0000133e
00001268
0000073c
00000b2c
000019f5
00000f70
000013ac
000011b7
000010ae
00000bdc
000012a3
0000166b
fffff6f5
ffffe2c4
ffffec2c
ffffec24
0000092d
000029a8
00001f9b
0000084b
000000b6
fffffc9b
00001090
fffffe3a
fffff7fd
fffff742
ffffdeee
ffffdf02
ffffe48a
000000c0
00000545
000001d4
000001b9
000001de
fffff323
fffff126
fffffdb2
00000457
000000a1
00000477
00000768
fffffef3
ffffffb9
00000d9f
fffff868
ffffde71
ffffdf20
ffffd66b
ffffdcb1
0000151e
00000a56
00001857
00000dd1
fffffbff
00000632
ffffeca2
fffff65b
00000a74
fffff92b
ffffe2b4
ffffdaac
ffffdc06
ffffe12b
ffffd3a7
ffffce64
ffffda94
ffffd7f0
ffffde7f
ffffd3d8
ffffd63e
ffffd5a1
ffffdad0
ffffe1bf
ffffd786
ffffdb33
ffffefe2
000010bc
fffff89f
fffffe02
fffff514
fffff24f
ffffe1c1
ffffde61
000003d4
0000009d
00000130
fffff22c
ffffef87
fffff33e
fffffb9b
0000046c
fffff78c
ffffedab
ffffdd1c
ffffe352
ffffdcb8
ffffd8cf
ffffed4a
ffffeab9
ffffeaf1
ffffe455
ffffe02d
ffffe51b
ffffe2f6
ffffee43
ffffe7bb
fffff079
fffff5dc
00001506
fffffd76
00000479
00000516
00000487
00000489
fffff2b2
fffffbea
fffff3b3
fffffc0f
fffff4f2
fffff927
fffff474
fffff337
ffffeae6
fffffddc
0000233d
000010ad
00000af6
00000bab
00000281
ffffff27
fffffc28
fffff92c
fffff990
fffffae1
fffffecc
fffffcfd
ffffff55
fffffe3d
00000937
000010d8
00000f1f
fffff856
fffffcbe
fffffc42
ffffff21
000008ea
00000ddc
000007ce
fffff739
fffffb75
fffff2b5
0000060a
0000027f
fffff0e1
ffffefee
fffffcc7
000038e0
00004960
00003937
000034a9
00002ef7
00001e38
00001b60
000019a5
00001091
000004ab
00000399
000001ea
fffffd92
0000013a
00000398
0000116e
000013b0
fffff703
fffff748
fffffa4c
0000014b
000006c1
00001495
00001397
fffff305
fffff5ea
fffff005
fffffb7b
fffffe01
ffffee0b
fffffc34
fffffb9d
00000fed
0000297b
000019c9
00000b2a
00001781
000024dc
0000329a
00003b7b
00002fda
00002159
ffffffd6
0000033c
fffffe70
0000045a
000003fd
00000ad3
00001748
0000006e
ffffffae
fffffd60
00000466
00000abb
00001d14
000015cb
fffff969
fffffc05
fffffbc5
fffff987
fffffa12
000002e6
0000037b
fffff729
000000cc
0000006d
fffff880
fffff3a6
fffffd65
00000104
0000052e
00001137
00001e2e
00002971
0000171a
fffffb00
ffffff29
fffffd96
000005ec
00000c77
00001750
00000532
0000090d
000004df
00000932
00000c63
0000185e
00000ef9
fffff605
000004ca
00000363
ffffffb4
fffff5ab
0000018e
0000020d
000000f9
00000639
000003e9
000006ef
0000093d
000002d4
00000129
00000137
fffffb21
000004ad
00000c99
000024a2
0000064b
fffffe0a
00000969
00000c43
000011de
000012ed
00000438
000002a4
00000674
00000510
000009dc
00001561
00001093
fffff467
000004a6
000009ef
000010a1
fffffe7b
fffffb1f
ffffffa0
00000bed
00000950
000008ec
00000682
00000171
000003be
000003e7
000002c5
00000167
00000517
0000051a
000014a4
00001ea9
fffffc0c
00000cf1
0000074a
00001283
000011f9
0000076a
000000cb
00000535
0000036d
0000071f
00001678
00001bea
fffffbce
0000043c
00001960
00001022
fffffe81
0000033e
00000598
000008be
00000b97
00000308
000004f3
0000053b
00000661
0000034c
000002bb
00000254
00000788
000003a4
00000abb
00001608
00000b86
00000920
00000bf2
00000dfb
000012d6
00000441
000002ae
00000412
0000070e
000006c9
00001576
00001b25
0000069f
fffffb9c
00000e69
fffff834
ffffefc5
fffff489
fffffb43
000002b0
0000040b
0000014b
00000449
00000574
000005ae
00000335
000003bb
0000010c
000007d2
0000039e
00000ee7
00001644
00000d53
00000c21
00000bb7
00000da6
00001475
000005ab
000009a7
00000573
00000675
0000040d
00001286
000018bc
00000f05
ffffed6d
fffff6d3
ffffee8a
fffffa15
fffffe80
fffff439
fffffea8
ffffff79
0000011a
ffffffd3
000003f5
00000150
000003f2
00000169
0000007d
0000031f
00000200
00000965
00001677
00000595
00000889
000007ca
00000f89
0000189d
00000719
00000ae8
00000605
00000321
ffffffb0
00000338
00001094
00000b98
fffff3a4
fffff749
fffff83d
00001551
00001542
fffff983
fffffc7d
fffffd6f
ffffff38
00000308
0000038e
000003ce
00000611
00000173
0000022f
000002e4
00000552
0000080d
000014a2
00000a3c
00000b1b
00000bcf
00000ead
0000158e
000008da
00000a50
000006bd
00000784
000002da
00000245
00000615
000012ae
00000b83
fffffb36
fffff909
00001349
00000f3e
0000050c
fffffd53
fffffaaa
00000145
0000000e
000002b3
0000034d
000004b4
00000832
00000428
000005f4
000002d2
00000846
00000c65
000006e5
000009fe
00000a31
00000bd6
0000141f
0000095d
00000916
000007e5
00000604
000004c5
0000020c
fffffc4a
0000011a
000005be
fffff9e6
fffffa47
00000030
fffff6e8
fffffb25
ffffec25
fffffb73
fffffa03
fffffe0f
fffffc18
00000372
fffffded
00000028
0000009d
000001cf
000003d5
0000095c
00000aee
000008ae
000005e0
000008c3
0000091f
000014ab
0000021b
00000025
fffffb61
ffffff02
fffffc28
fffff748
ffffef5e
fffffadb
fffff8f0
00000025
fffff892
0000002a
fffff086
ffffe923
ffffef5b
fffff6e4
fffff335
fffff1b6
fffff70a
fffffcfe
0000066e
fffff85f
fffffed7
00000068
0000025c
00000990
00000690
00000729
00000171
00000562
000009b9
000007bc
fffffdee
fffff225
fffff2a9
fffff33f
fffff29e
fffffc75
fffffd80
00000663
000008f2
00000fec
000000fb
00000c93
fffffd7e
fffff7d3
ffffebf1
ffffe11c
ffffd62e
ffffe692
ffffe9b1
fffff1fe
000005a0
00000320
00000238
00000b31
00000072
fffffe5d
ffffee16
fffffd5e
00000341
0000013f
000005d1
00000958
000001a2
0000006c
fffffce6
fffffe33
ffffff2d
00000471
00000f89
00000e05
0000128e
00000b49
fffff28c
ffffe3fa
fffff099
ffffe772
ffffee48
ffffe650
ffffdb65
ffffe249
ffffddce
ffffefdc
fffff478
fffff039
00000556
00000197
ffffffe4
000004ed
ffffff83
fffff83d
00000019
00000411
00000bc7
0000095a
fffff908
fffffeee
00000614
000000cf
00000638
00000748
000007f6
0000030e
00000e75
00000bdf
00000336
ffffe4fa
ffffea49
fffff162
ffffe54d
fffff0a9
ffffef76
0000016d
00000770
000006b3
000015b1
fffff7dd
0000080c
ffffe942
ffffe54e
fffffd25
00001b62
fffffd6e
fffff8d7
00000dc8
00001514
00000ece
ffffff18
00000b9b
00000eef
00000714
00000817
000009de
fffff88d
ffffee14
00000202
000007ae
000003f2
fffffbcc
0000017a
fffff9cf
ffffed16
0000029d
000013b0
00000cfe
00000f95
000000ec
00000561
fffffd27
ffffe663
fffff681
ffffeab5
ffffec07
00001b98
00000fa5
00000217
00000be0
00000a62
0000159c
00000596
00000938
0000108d
00000c4a
00000894
000007ab
000005e5
0000076e
000000a3
fffff9e7
000002b0
000001cc
0000042c
000001d9
000006ca
00000eec
00002be8
00001d81
00000390
00000453
fffff4e7
fffffcb5
ffffe9b6
fffff3c5
ffffe9aa
ffffcd2d
fffff733
00000aa3
00000e16
00000ac0
00000b08
00001374
00000342
fffffeb7
0000062d
000008fc
00000b41
0000095b
0000033a
000014cc
00000f2f
00000969
00000a84
0000066a
0000041e
0000052f
00000ebd
000006db
00000961
000019a9
00000f31
00001da9
00000e27
00001024
00000c5d
000004c6
0000038d
fffff73b
000007ea
0000122a
00001141
00000ec5
0000102b
00001f35
00001a73
00001979
00000ea9
0000128a
0000101a
00001e3c
00001196
0000122e
00001199
00000f1b
000013bf
0000175f
00001b85
00001ec2
00001ddf
0000142b
00000974
00001645
00000bc7
00000e81
00000471
000012ab
0000164d
000027e2
000020ac
00001c83
0000220a
000013ae
00000f5e
000008bb
00000ec6
00003324
00003bf6
0000394b
000030d5
00003497
00003181
00002da5
00003f93
00002495
00002f28
000036e7
000032fb
000030a1
00002d7b
000022c9
00002937
00002f46
0000246a
000028ac
0000284e
00002998
00002ace
00002aff
0000290e
000025f4
00002c97
00002cfa
00002807
00003102
00002cda
00003633
000031a2
00001130
00000daf
00000dbe
00000e45
00000a01
00000610
00000471
000004e4
00000638
000008c9
00000760
000005cf
0000081f
00000a37
00000b7f
00000d18
0000088d
0000076b
00000ba8
00000a4c
00000d7a
00000f97
00000f16
00001071
0000118e
00001023
00000916
000006f1
00000c95
00000a90
00000b9f
00000a19
0000099f
fffff5f1
fffffbde
ffffff4a
ffffff71
fffff718
fffff1a5
fffff248
fffff951
fffffbbb
fffff725
fffff228
fffff365
fffff72b
fffffda9
fffffda1
fffff856
fffff487
fffff297
fffff3f1
fffff349
fffffb0b
fffffa39
fffffc24
fffffe2c
ffffffae
ffffff2e
fffff879
fffff7f2
0000017c
fffff957
0000098c
00001277
000000eb
fffffffd
00000009
000002df
fffffe2d
fffff2ad
fffff0e7
fffff8d1
000002ab
0000008d
ffffff7a
fffff823
fffffaf2
0000046f
00000424
000002d6
000000d8
fffff8fe
fffff5dc
fffff7d2
fffff547
fffffabf
000001a2
fffffe4b
fffffdeb
000000e2
fffffba4
fffffc32
fffffc09
fffff063
0000038a
000015db
00000456
00000153
fffffb08
fffffc80
fffffd9a
fffff658
00000626
fffff4a4
00000308
fffff90c
fffff719
fffff8e3
fffff7e4
00000123
0000001c
00000028
fffffed3
fffffac0
fffff701
fffff8ab
fffffbf7
000000f1
0000061e
00000089
fffff9d9
fffff9c4
fffff9d4
fffffe9c
fffff80a
ffffeebc
00000167
00001065
fffffc54
fffff8d1
fffff274
fffff3af
ffffe80e
ffffeaff
ffffe532
ffffeda4
ffffe96c
ffffd53a
ffffe813
fffff647
fffff74e
fffff6d5
fffff415
fffff327
fffff40e
fffff4b2
ffffee34
fffff483
0000015a
0000052e
00000603
fffffc17
fffff46c
fffff66e
fffff971
fffffbef
fffff4a8
ffffeab1
fffffd7b
00000daa
fffff453
fffff2bd
fffff1be
fffff62d
ffffee91
ffffcafb
ffffda3d
ffffe687
ffffee1a
ffffd6bc
ffffe08c
fffff4dd
0000004c
fffff72d
ffffebda
ffffe80f
ffffebb5
ffffeaed
ffffed64
fffff21c
fffff683
fffffd91
fffffcb0
fffff6b4
fffff197
fffff4e0
fffff80e
fffff7c8
fffff6ea
ffffec12
fffffe12
00001053
fffff3da
fffff29a
fffff252
ffffef8f
ffffd280
ffffbd5b
fffff9f7
fffff331
ffffe893
ffffe74c
ffffdf02
fffff1ce
000009ad
000004cf
fffffc57
fffff1ad
fffff411
fffff2b3
ffffedf1
ffffeea4
fffff2a5
fffff425
fffffc4a
fffff9bd
fffff765
fffff626
fffff968
fffff63a
fffff485
ffffee27
fffffee1
00001a96
00000003
fffffcf4
fffff840
ffffecc7
ffffb790
ffffd46c
00000818
ffffff65
ffffe8e6
ffffee9a
ffffe0b6
ffffe720
00000516
00000e8c
00000ae9
00000a5c
00000846
000005b5
00000367
0000060d
00000171
0000053b
00000f8e
0000063f
00000266
00000354
00000551
fffffe25
fffffe12
fffffe1d
00000b72
0000244c
00000679
00000630
fffff9ff
ffffce73
ffff954d
ffffc3f7
ffffee01
fffffc8e
fffffa5d
ffffe892
ffffdad5
ffffe0a5
00000d00
000015df
00000321
0000021f
00001051
000011e6
0000123d
00001a2a
00001278
0000069e
0000096b
00000673
00000ff6
00000917
00000d79
00000dac
00000bae
00000535
00001862
00001917
fffff722
fffff549
ffffe50a
ffffd0f1
ffffaff3
ffffb2ec
ffffe6d4
000000ce
fffff899
ffffdd00
ffffd662
ffffef83
fffff33b
fffff931
00000d43
fffffda6
fffff179
ffffebfd
fffff6f9
0000083a
000001c1
fffff549
ffffec63
ffffee7a
fffff63d
fffff933
fffff80d
fffff663
fffffbed
fffff0d3
00000ed2
00001251
fffff185
fffff23a
ffffe5d0
ffffcddf
ffffc0a1
ffff99fe
ffffba18
fffff67c
00000109
ffffcf9f
ffffed9f
ffffeb84
ffffd8b7
ffffe825
00000140
fffffcf0
ffffedbc
ffffe0ea
ffffeb20
fffff699
fffff86a
ffffec54
ffffee30
ffffef11
ffffec95
fffff3fb
fffff41d
fffff179
fffff4f1
ffffe184
ffffffc2
000013e5
fffff3d3
fffff6d8
ffffebee
ffffe7aa
ffffcbe8
ffffaec0
ffff9891
ffffb68f
ffffd7dd
ffffde84
fffffeb6
fffff032
ffffd92f
ffffdfe6
ffffe7a9
ffffefef
ffffec5e
ffffd844
ffffded1
ffffeda3
fffff589
fffffb14
fffffc9e
fffff9a3
fffff997
fffff7c7
fffffb41
fffffa92
fffffa19
ffffe127
0000033d
00001227
fffff30f
fffff6f0
fffff3c1
ffffedd1
ffffdd95
ffffc31d
ffffbea7
ffffb6f8
ffffbfb5
ffffe6d9
00000305
fffff7fa
ffffed3f
ffffe2a3
ffffe08e
ffffbde3
ffffab0a
ffffc32e
ffffd47e
ffffd784
ffffdde8
ffffe40a
ffffe43e
ffffe336
ffffef4f
fffff3d4
fffff68f
fffff715
fffffd5a
ffffe46e
0000019c
000007da
ffffea64
fffff611
fffff281
ffffe900
ffffd768
ffffb78b
ffffcb08
ffffd767
ffffd68a
ffffe5a3
fffff20a
fffff470
fffff497
fffff21b
ffffedec
ffffdc00
ffffd93d
ffffccec
ffffc3d3
ffffb938
ffffbcb1
ffffb949
ffffbb45
ffffc343
ffffd244
ffffe12a
ffffe865
ffffecf5
fffff850
ffffe55b
00000290
0000004e
ffffe2b6
fffff061
ffffebf0
ffffe50b
ffffcc17
ffffaecd
ffffc89a
ffffe2f5
ffffebfa
ffffe8b7
ffffda26
ffffeb43
fffff71d
fffff0c8
ffffe3ac
ffffdd83
ffffe874
ffffeaf2
ffffe3c8
ffffea26
ffffe1a6
ffffd07f
ffffc80c
ffffc9cb
ffffb7a4
ffffd7c5
ffffedb2
ffffe618
fffff441
ffffe194
ffffff59
00000258
ffffe758
ffffecef
ffffe77f
ffffe313
ffffcd2d
ffffadc2
ffffbd4b
ffffe41e
fffff52e
fffff1e9
ffffd0cf
ffffdc22
fffff35f
ffffee10
ffffe35c
ffffe94f
fffff1fc
fffffca1
fffffd2c
fffff704
ffffef25
ffffe50a
ffffda5c
ffffe124
ffffd516
ffffca67
ffffe248
ffffe6c1
fffff1dd
ffffde68
fffff8be
000006c1
ffffebe7
ffffef98
fffff01b
ffffe7e3
ffffcc06
ffffa305
ffffb1b3
ffffde8a
fffff85f
fffff098
fffff182
ffffef08
fffff4c6
ffffee6c
ffffef97
ffffebda
fffff68b
00000013
ffffff9f
fffffa1e
fffff9f8
fffff29f
ffffe86d
ffffe9c3
ffffe17d
ffffd0c9
ffffddcc
ffffeb7a
ffffead2
ffffdb7b
fffff9e5
000007ae
ffffeeae
fffff2d4
fffff194
ffffeb1a
ffffd242
ffffa372
ffffa269
ffffd376
fffff12e
fffff8bd
fffff48f
000009c6
fffff888
ffffefc1
ffffedbc
fffff0a2
fffff95b
00000202
000001d2
ffffff4d
fffffb4f
fffffafe
fffff1ee
fffff25a
ffffeec3
ffffdb45
ffffdd32
ffffe9af
ffffeb14
ffffdd71
fffffc12
0000056b
ffffefba
fffff63e
fffff46b
ffffef2b
ffffde2c
ffffab9f
ffff9cf8
ffffbd31
ffffdf4a
ffffd5a8
ffffe6fb
000009aa
00000326
fffff7cf
ffffed1b
fffff21f
fffff75b
fffffc8e
fffffdc9
fffffd80
fffffd4f
fffffc99
fffff69e
fffff8f8
fffff814
ffffde6b
ffffec35
fffff2c5
ffffeb91
ffffe57c
fffffa1b
fffffea3
ffffe7c0
fffff0a9
fffff2c5
ffffeffb
ffffeb83
ffffc1df
ffff9e5b
ffffaaff
ffffc96a
ffffc109
ffffdd94
ffffff14
000009e8
00000a39
fffffa21
fffffb29
fffffa34
fffff865
fffffbe9
fffffddc
fffffec4
fffffb40
fffff56b
fffff85b
fffff135
ffffdaff
ffffe665
fffff61e
ffffec2f
ffffe713
fffffb51
000001e2
ffffe8d2
ffffec10
fffff191
fffff49c
fffff681
ffffda69
ffffb178
ffff9ccf
ffffc6ed
ffffdcbb
ffffd925
fffff462
00000667
00000aa3
00000b51
00000132
fffff74e
fffff64a
fffff6e0
fffffaeb
ffffff74
fffffd75
fffffb7d
fffff7a0
ffffedd1
ffffdc8b
ffffe879
fffff714
fffff0ff
ffffea35
fffffdd7
000004be
ffffef2f
fffff12d
fffff598
fffff759
fffff6cb
ffffede5
ffffcc5a
ffffa1b2
ffffa986
ffffd3b3
ffffdaa8
ffffcdc7
ffffdf9b
fffff22f
00000b82
0000125c
0000003d
fffff5f0
fffff1db
fffffc35
fffffebc
000002af
fffffef4
fffffcc7
fffff6f3
ffffe1bc
ffffed09
fffff971
fffff3a2
ffffefb1
00000264
000008c6
fffff9bd
fffffb20
fffffeef
000001f2
fffff782
000000fa
ffffe790
ffffd21d
ffffbc29
ffffc5e3
ffffc81d
ffffa8a7
ffffb2f1
ffffe680
00000ddc
00001f74
00000e13
00000cba
ffffff90
fffffcfb
fffffe68
000004ca
00000156
fffffeea
fffff86c
ffffe333
ffffe87f
ffffee03
ffffea42
ffffed2e
0000073f
00000814
fffffbfd
00000361
000003ae
00000536
fffffc34
ffffff41
fffffd60
ffffe668
ffffd595
ffffd130
ffffcd91
ffffc84c
ffffb1f3
ffffbbe4
ffffed9a
00001376
00000eec
00001e7d
00000b0a
00000303
00000626
ffffff2b
fffff8f1
fffffc4b
fffff9f7
ffffea1c
ffffef8a
fffffe78
fffff838
ffffe650
000004fa
000009fe
fffffa47
fffffa2e
fffffd70
fffff63e
fffff2f7
fffff11a
ffffe476
ffffd80d
ffffd81d
ffffddc2
ffffdc65
fffff397
ffffd70c
ffffdc28
ffffdaff
ffffec6a
fffffd1f
00001130
00000c45
00000814
000013a9
00000b10
fffff3ed
fffffcc8
fffff55e
ffffe732
fffff4d6
00000e96
0000054d
fffff36d
00000912
00000946
fffff868
fffff99d
fffff229
ffffed50
ffffeb1f
ffffe76b
ffffdf33
ffffd89e
ffffd6ab
ffffca8b
ffffd684
ffffeff1
ffffdc35
fffff5ad
fffffa6d
ffffeb79
ffffd553
ffffde28
ffffe653
fffff0a3
fffff7d8
fffffb14
fffff17e
ffffedb7
000002fd
ffffdd6a
ffffdce9
fffff7b9
fffff311
fffff59a
0000052d
00000ccb
fffff23b
fffff506
fffff490
fffffcdf
fffff0cc
ffffed34
ffffed9b
ffffe45a
ffffda0c
ffffcc0d
ffffd72f
ffffe872
ffffc1a6
ffffd358
ffffef52
fffffbc9
ffffe537
ffffd2b7
ffffcb0f
ffffca85
ffffdba0
fffff53a
ffffe96a
00000131
000015e3
ffffdb91
ffffcd6b
ffffd17e
ffffd4bf
ffffd7eb
fffff710
000002a5
ffffdb22
ffffe4fe
ffffe9a3
ffffe132
ffffe1a5
fffff130
fffff53b
ffffda52
ffffde01
ffffe2de
ffffeaef
ffffe77f
ffffceb1
ffffd248
ffffd1a6
ffffde90
ffffdf9d
ffffdd9a
ffffd94e
ffffda6c
ffffd0c4
ffffecc2
ffffe0c2
fffffb3b
000018d6
ffffffc3
fffffb29
ffffe49f
ffffda62
ffffe3e8
fffff4d4
00000e99
ffffe842
ffffeb4d
ffffef97
ffffe8cf
ffffeb61
ffffe4db
ffffea46
ffffe915
ffffe6ea
ffffd2cf
ffffe125
ffffe20e
ffffdefb
ffffdc3c
ffffd608
ffffdd19
ffffd58e
ffffdce5
ffffe18c
ffffe1a7
ffffd2ff
ffffc86f
ffffd016
ffffe3ca
ffffe883
ffffe9a0
00000333
ffffe3ca
fffff0ba
ffffe22f
fffff86d
00000b4e
ffffe6f7
ffffe9d4
ffffea21
ffffe6b6
ffffe774
fffff0ca
ffffe67e
ffffe32b
ffffe72c
ffffe537
ffffe7c9
ffffe552
ffffe2ea
ffffe421
ffffd8ed
ffffd964
ffffdb15
ffffd95e
ffffddae
ffffde73
ffffde58
ffffd7c8
ffffd582
ffffc7e7
ffffd01c
ffffca5d
ffffde23
ffffde90
ffffe12c
ffffdb51
000001b3
00000d32
ffffe252
ffffeb9e
ffffe014
ffffe061
ffffdde2
ffffcf9e
ffffd0d3
ffffcd40
ffffd217
ffffe717
ffffef8c
fffff094
ffffe8a8
ffffe6ca
ffffe507
ffffe67e
ffffe4f3
ffffe484
ffffd84c
ffffd504
ffffe734
ffffe82c
ffffd36c
ffffd3a7
ffffce1a
ffffdf10
ffffdd1d
ffffe34d
ffffdf88
ffffe477
fffff4d7
ffffda31
ffffc55f
ffffcbd7
ffffcdd5
ffffc33a
ffffc2fe
ffffbc34
ffffc1ff
ffffbce6
ffffaa21
ffffb54e
ffffc131
ffffc24e
ffffcc9b
ffffd07d
ffffc401
ffffcab9
ffffd159
ffffcdca
ffffd043
ffffc06a
ffffbe6e
ffffcb5c
ffffca9b
ffffcc43
ffffc8eb
ffffc896
ffffc63a
ffffd0a2
ffffd189
ffffc252
ffffe3e1
000001c6
fffffe1c
fffffd2a
fffff803
fffff3cf
fffff4df
fffff803
fffffe75
fffffdd6
fffff957
fffffccc
fffffbe6
fffffd9e
fffff6a2
fffffce0
fffffafc
fffffbfd
0000049e
fffffe4e
fffff98e
fffffc9f
00000497
000003b3
000003ef
fffffa5c
fffff802
fffff859
ffffef07
ffffedd7
fffff194
fffffd55
000006bb
fffff214
fffff22c
fffff4b2
fffff366
ffffee5f
ffffef4f
fffff2d0
fffff5a6
fffff4a9
fffff114
fffff267
fffff715
fffffb6b
fffff60f
fffff5d9
fffff11b
fffff46a
fffff878
fffff828
fffff2a7
fffff9d3
fffffc0e
fffff8ac
fffff742
fffff373
fffff432
fffff4af
fffff4b1
fffff335
fffff92f
fffffdcd
00000185
fffff13f
fffffa41
fffffeba
ffffff2b
fffff460
fffff37e
fffff391
fffff3e7
ffffed44
fffff6ba
fffff5d7
fffff0dc
0000020b
0000028f
fffff618
fffff2df
fffff518
fffffa3d
fffffda6
fffff5d4
fffff440
fffff720
fffff9e5
fffff987
fffffded
fffffc77
fffffd40
fffff9e4
fffff21f
fffff0a2
fffffd3a
00000641
fffffdc7
fffffe48
00000038
fffffc33
fffff681
fffff21d
ffffeb89
fffff6b1
0000136c
00001914
fffff842
ffffe21e
fffff947
fffffb16
fffff89f
fffff6c8
fffffab2
fffffa4f
fffff5f1
fffff724
fffff026
fffff856
fffffe83
fffffd57
fffffcb1
fffffb87
fffff79d
fffff6d7
fffff60e
fffff5da
00000057
00000673
fffffb2f
fffff4e0
fffff4a1
fffff668
fffff633
fffff27f
000011d6
000047e6
000042e2
00001994
fffff75c
ffffeb6a
fffff1d6
fffff505
fffff555
fffff7f8
fffff627
fffff0d4
fffff5f0
fffffc59
0000007b
0000029e
fffffd0c
fffff975
fffff574
fffff6b4
fffffa0b
fffff994
fffff689
fffff520
fffffc88
0000033b
fffff31b
ffffedec
fffff0a6
fffff774
ffffffe5
fffff5b3
00003680
00004ceb
00001cd0
fffffd6c
fffffd81
fffff9ff
ffffef7c
ffffec2b
ffffeec6
fffff688
fffff257
ffffed43
fffffb57
000005aa
0000041d
fffffd92
fffff8c5
fffff02d
fffff3bf
fffff938
ffffface
fffff880
fffff31b
fffff541
fffffc64
00000788
ffffe8a1
ffffe865
ffffec03
fffff0fd
ffffeb44
fffff599
fffff99f
000001c7
00000424
fffff85c
fffff8b9
fffff938
ffffe84e
ffffe0f0
ffffe3e1
ffffe801
fffff07b
ffffeea5
fffff6d3
fffffc03
fffff43e
fffff1d5
ffffefb4
fffff856
fffff253
fffff57c
fffff659
fffff8eb
fffff65e
fffff904
fffffdd6
000005cd
ffffe729
ffffe563
ffffe790
ffffe6cc
ffffe106
fffff6c4
ffffd383
ffffd5ac
ffffea93
ffffe9f0
ffffeefd
fffff8a3
fffff3de
ffffe673
ffffe3a3
fffff069
fffff26a
ffffe2e4
ffffe264
ffffde9a
ffffdab1
fffff201
fffff377
fffff3a4
ffffe847
ffffecfb
ffffe169
ffffe35d
ffffe908
ffffe9fc
fffff19f
fffffa96
000001ee
fffff63f
0000084d
fffffa67
ffffec38
fffff465
ffffc148
ffffac0d
ffffd166
ffffdd5a
fffff7fb
000014dd
ffffee36
ffffdaa5
ffffe595
ffffef7e
fffffb56
ffffeb0f
ffffe318
ffffea26
fffff1c7
00000fa9
00001286
fffffaf5
fffff6b0
fffff841
fffffa7a
ffffedb1
fffff68d
fffff936
ffffef3b
00000036
0000030c
fffff230
00000c89
00000999
fffff681
fffff2d3
ffffcd0d
ffff948c
ffff9ff5
ffffd55d
00000eb5
00003105
fffff25f
ffffccf3
ffffcea0
ffffd73b
fffffd27
fffffeae
000001b8
000015f4
0000094f
00000fbd
00000a1b
00000a86
00000bc3
00000fad
00001025
00000955
00000fc1
00000edd
000006b7
00000a90
fffff5ed
ffffe579
fffff84a
000004d2
00000322
fffff4dc
ffffebcc
ffffc9bc
ffffadd5
ffffe27e
00002a3b
000010cd
fffff76e
ffffec82
ffffeeea
fffff1dd
ffffe5b5
ffffe0a7
fffff514
fffffe2d
fffff8bc
fffff015
fffff732
000000b2
fffffb61
0000037b
fffffd7c
fffffcbd
000000df
00000309
00000304
fffffdea
fffff03f
ffffe0f8
fffff634
fffff6fe
fffffe1e
ffffeffe
fffff540
ffffed15
ffffd78b
00000703
00000bf5
fffffeb9
fffff62e
00000aed
00002650
00000f2c
fffff3e3
ffffc26a
ffffcc67
ffffe3a8
ffffed00
ffffe781
ffffeb72
ffffee94
ffffee9f
fffff07b
fffff417
fffffa57
fffffa0c
fffff37d
fffff610
fffffe59
ffffeebe
ffffe557
fffff475
fffff32f
fffff2d7
fffff2cb
fffffedb
000005dd
0000064c
fffff754
000009d6
00000011
00000c3a
0000329b
00004118
00000e61
ffffdfde
ffffdbd3
fffff27c
ffffef80
fffff487
ffffdc52
ffffc8de
ffffc944
ffffd28a
ffffdfe0
ffffed80
fffff413
fffff246
fffff16d
fffff53b
00000201
fffff130
ffffe687
fffff596
fffff722
fffff346
fffff16b
000005c6
00000169
ffffff2c
fffff2d5
000008d0
00000982
00001d98
00003b98
00002ed6
00000386
fffff635
ffffffcf
00000afb
0000188b
0000028f
ffffe406
ffffda47
ffffd36a
ffffd7bb
ffffd830
ffffcdba
ffffeacf
ffffeaa4
fffff2d7
fffff848
0000034f
ffffeb9a
ffffe596
ffffefb2
fffff04c
fffff00c
ffffee9f
fffff8c2
fffffbcb
fffffcc3
ffffe1f0
ffffff97
0000073e
00001ca2
00001ece
0000145b
00000d01
000007fb
0000101d
00001b16
00000848
ffffeb37
ffffec57
fffff197
ffffee9f
ffffe008
ffffe181
ffffd85f
ffffe5ab
ffffed64
fffff385
fffff7fd
000000a2
ffffe568
ffffe4a1
ffffec7f
ffffeb54
ffffebca
ffffe372
fffff8c7
fffff82e
fffffa0f
ffffcadb
ffffe037
fffffb35
00000a83
ffffff1d
000001c9
00000570
00000b5a
00000920
0000079e
fffff88d
fffffca9
fffff314
fffff565
fffff076
ffffe135
ffffe501
ffffebb1
ffffe6f4
ffffe6a0
ffffe80d
fffff373
fffffe1d
ffffe8c6
ffffe1ab
ffffead4
ffffeadc
ffffe87e
ffffde30
fffff13b
fffff3cb
fffff264
ffffc51f
ffffb94d
ffffca37
ffffe0f2
ffffef15
fffffa0a
fffffcf7
00000579
0000010f
fffff7f2
fffff55a
fffff2ec
ffffef3d
fffff317
fffff406
fffff590
ffffe666
ffffee43
ffffdc2f
ffffe642
ffffe44d
fffff360
0000000f
ffffebb4
ffffe20a
ffffecd6
ffffec2d
ffffe5ee
ffffd824
ffffed5c
ffffefd6
fffff0cd
ffffc5c3
ffffb70b
ffffbe7a
ffffe568
ffffe1ce
fffff732
fffff903
fffffd63
fffff86c
fffff32d
ffffedc2
ffffee9d
fffff0e1
ffffee39
fffff001
fffff182
ffffeadb
ffffe8ab
ffffe194
ffffe428
ffffe64f
fffff773
00000380
ffffee2a
ffffea82
fffff188
ffffed13
ffffed15
ffffe54f
ffffe9a3
fffff5c6
fffff205
ffffeca6
ffffe7ae
ffffc21b
ffffcc04
ffffcca8
ffffec0f
fffff72d
fffffac5
fffff6b8
fffff487
fffff39f
fffff003
fffff277
fffff495
fffff16d
ffffeec2
ffffe98c
ffffeb98
ffffedd3
ffffee6e
fffff39e
fffffd81
00000589
ffffec3c
ffffeaa8
ffffeee5
fffff321
fffff6f5
fffff0ca
ffffe9f6
ffffeee1
ffffefe2
fffff985
fffff728
ffffbbcb
ffffa517
ffffb8ba
ffffd927
fffff4fb
fffff776
fffff948
fffffa2b
fffff4be
fffff34d
fffff480
fffff3a8
fffff29a
ffffef0a
ffffefea
fffff09f
fffff40d
fffff479
fffff395
00000079
000008cd
ffffe7d5
ffffec6a
fffff337
fffff782
ffffffda
fffff410
ffffec92
fffff21a
ffffefe3
ffffebea
ffffee57
ffffc8a5
ffff8c6a
ffffab7a
ffffbdb9
ffffdf64
ffffe7c8
fffff486
fffff7a0
fffff473
ffffeebf
fffff10e
ffffef7f
ffffecee
fffff079
ffffee17
fffff5d5
fffff486
fffff00b
fffff0d3
00000060
00000a47
ffffec06
ffffeef0
fffff7c8
fffff6b1
fffffa83
fffff69a
fffff147
ffffebaf
ffffeafd
ffffe6ea
ffffef0e
ffffe212
ffffc1d2
ffffbb64
ffffa533
ffffb125
ffffcb28
ffffe2a3
ffffef9c
ffffef73
ffffea7d
ffffe992
ffffe9fe
ffffeb3d
fffff193
fffff14e
fffffb02
fffff9e5
fffff971
fffffb16
00000212
00000976
ffffeb5a
ffffeee3
fffffb72
fffff6a2
fffff7e7
fffff803
fffffa14
fffff433
fffff136
ffffef95
fffff442
ffffee50
fffff21a
ffffe87a
ffffca9a
ffffa5d4
ffffc49f
ffffcea0
fffff120
fffff253
fffff1a6
ffffe09d
ffffea4d
ffffec76
fffff224
fffff109
fffff785
fffff69b
fffff940
fffffe37
000006d3
000008a8
fffff063
fffffa33
0000063b
ffffff83
fffff913
000004e9
00000b3f
000009d6
00000799
ffffffba
fffff735
ffffea4f
fffff1f1
ffffe489
ffffdf9c
ffffb3d0
ffffc843
ffffd311
ffffe6d9
ffffd17f
ffffcdfa
ffffc683
ffffdf30
ffffedc8
ffffee7a
fffff2ce
fffff98e
fffff3b4
fffff9bb
ffffff2c
fffffe19
000001cf
fffffeb6
ffffff32
fffffc4f
fffffec4
00000211
00000520
00000044
fffff868
fffff6fe
ffffecdf
fffffcce
fffff2b9
fffffeae
fffff52f
fffff846
ffffe548
ffffec91
fffffad0
fffff9d5
ffffedc4
ffffc538
ffffcaad
ffffd2ae
ffffde17
ffffe3eb
ffffe3c3
fffff63b
fffff9e8
fffff989
fffff62f
fffff6dc
000008f3
fffff929
fffff182
fffff7d0
fffff245
fffff926
fffff01b
ffffe795
ffffed64
ffffe9f7
ffffea37
00000ee6
00000479
0000092f
00000809
00001084
ffffee5f
fffff068
fffffff0
000005bb
fffffc69
ffffdc73
ffffc650
ffffe45a
ffffcf32
ffffd48c
ffffd525
ffffef83
fffffeeb
fffff510
00000002
000005c6
00000d4a
00000370
000003f3
fffffbc2
fffff7ae
fffff221
ffffe99d
ffffeb36
fffff91a
000003f6
fffff446
000001ab
fffffecf
fffff6c2
fffffed2
00000598
fffff10d
fffff497
fffff49b
ffffed4a
ffffe29d
ffffe773
ffffc376
ffffce4e
ffffe5bd
ffffdc5b
ffffd061
ffffcaf8
ffffdbd0
ffffde79
ffffef51
fffff2ac
00000430
fffff2d8
ffffe66e
ffffef0b
ffffe93a
fffff37c
ffffee5e
fffff1e5
fffffbe2
fffffc8c
fffff30f
fffff41a
fffff4b4
ffffe2fd
fffff44e
fffff6a4
fffff3cc
ffffd9eb
ffffd6d5
ffffe8da
fffff6ae
00000190
ffffe998
ffffe2d9
00002266
ffffe1a6
ffffcd11
ffffc282
ffffd0b6
ffffe3c7
fffff175
fffff307
000007ac
ffffe883
ffffea11
fffff7c1
fffff20f
fffff1c8
fffff079
ffffea28
ffffe795
ffffe766
fffff3a8
ffffe835
ffffea5e
ffffeb55
fffff7a9
000000a9
ffffe745
ffffdf4e
ffffee6e
fffff923
fffff27e
ffffe92f
fffff58c
0000028f
fffffb9f
ffffef54
ffffe8b5
fffffa45
ffffe77e
fffff1de
00000277
00000136
000003fe
ffffe964
ffffed21
fffffbaf
fffffc30
ffffff93
fffffac3
fffff502
fffff07e
000005da
ffffef46
ffffd983
ffffe1a8
ffffd7cb
ffffefa1
fffff090
fffff4ac
000000f3
ffffff33
fffffb69
fffffd58
ffffec11
ffffeb3a
ffffeb02
ffffee2b
fffffcd7
fffffab1
fffffb02
ffffe9c0
ffffeb34
fffff69e
fffff9a2
fffffe23
ffffdd57
ffffd14a
ffffe185
ffffeab9
fffff466
fffff1a8
ffffeb94
ffffea6c
fffff390
fffff3c8
ffffe106
ffffdf82
ffffe22d
ffffe61c
ffffe1fc
ffffe76f
fffff044
ffffe8fd
ffffdfe6
ffffe9cd
fffff067
fffff5be
ffffebaf
ffffec50
ffffef67
ffffea14
ffffe038
ffffe9d2
ffffdbf9
ffffe253
fffff899
000001d5
ffffee1b
ffffefcf
000000d5
fffff8b2
fffff994
fffffb76
fffff8b1
fffff559
00000aa9
00000d15
ffffff07
fffff983
fffff4f5
fffffec1
000003e9
00000559
000000f0
0000025e
00000749
00000c75
00000a51
fffff7b6
fffff2ea
fffffc11
00000547
00000519
00000f64
000007c7
fffffca2
ffffff09
0000064e
fffff5fe
000004b5
00000899
00000963
00000a64
000007c1
00000b59
000006a0
000008ce
00000be9
00000b20
00000c2a
00000c00
000008f6
000009e4
00000833
00000b72
00000897
0000094a
00000abe
000008af
000008c2
00000a91
000006de
0000070f
00000a56
00000b3e
0000075a
00000645
00000889
00000b2b
00000612
000001de
0000029b
00000eca
00001028
0000106b
00000ecd
00000ff1
00000d6e
0000104f
0000124a
00001183
00001326
00001074
00000d81
00000cc0
00000f2c
00001278
00000db4
00000e8f
00000ea4
00000a60
000009f1
000010bf
00000ccd
00000891
00000ce2
00000e29
00000adc
00000950
00000ddd
00001042
000008a2
0000074c
00000074
00000708
00000708
0000097c
00000823
000001fa
fffffd38
000003ff
00000a93
0000086d
0000080e
000005ed
000003da
0000066f
000006c0
000008a2
00000606
0000067f
000007b4
00000551
000003b3
00000728
00000621
000003d4
000006f3
00000761
000005ad
000004f1
00000328
00000670
000002ae
00000268
0000028e
00000b15
000009da
00000c18
0000095d
fffffcf7
000002cd
000006c3
000003ec
00000417
00000926
000006c6
000003bc
00000ad5
00000ac6
0000085d
0000062b
000006b0
000005ce
0000029e
000002cd
0000035a
00000505
00000613
000007fe
00000b37
00000765
00000628
000000c1
000004da
000000e0
0000017d
000001fb
00000bfe
000008e1
0000098a
000007be
fffff5f7
fffff8d5
0000053c
fffffaaf
0000079f
00000ece
000006ed
000007bb
00000a73
00000a24
000006c2
000006b6
000006ff
000004d1
00000269
00000474
00000367
00000919
000009ab
00000979
00000a30
0000071a
00000419
fffffe1b
0000032e
fffffff1
0000017e
000001eb
00000f05
000006fe
000006af
00000373
ffffec25
ffffedf6
00001065
00000ccd
0000034d
000007d0
00000785
00000d46
00000aef
00000b12
0000084d
0000075f
000004f0
fffffe5c
00000267
00000505
000009bd
0000086b
00000659
000007fe
00000714
00000957
000006f1
fffffe74
00000364
00000015
00000365
000001bc
00000eb8
0000075b
000000b4
fffffedf
ffffe50d
ffffe006
0000036f
000007d5
0000023f
000000e8
000001f2
00000b47
0000088d
0000082e
000008c9
0000065a
000000eb
fffff95b
0000005e
00000885
000009b0
00000b11
000007b7
00000465
0000082b
0000087f
00000a43
0000017e
000003f4
ffffffde
000003a1
000001fc
00000e56
000006dd
fffffb8c
fffff63a
fffff745
ffffea31
fffff41a
0000087c
00000481
ffffff27
fffffc67
00000156
00000523
00000904
00000a11
000006fb
00000033
fffffe06
000005ec
000008ce
00000a4d
00000819
000001a6
000008ce
0000050d
000006ee
000008b8
000005c6
00000521
fffffd2e
000004e9
0000002b
00001632
00000999
fffffbc0
ffffe5b9
fffff273
ffffeaf1
ffffece7
fffffe78
ffffff73
fffff886
fffff583
ffffff04
fffff6f8
00000a49
000014be
00000b2f
ffffff68
fffffc56
0000049c
0000032c
00000888
000007c8
00000416
00000514
00000329
00000721
000006ae
00000827
0000082a
fffffc4b
0000066f
00000117
00001913
00000c47
0000031a
ffffeebd
fffff46a
ffffe647
ffffdf6c
ffffef05
ffffe972
fffff81b
00000321
00000082
fffff4db
fffffb12
000014bb
00001408
000005fe
000006c4
00000c18
00000736
00000da6
000010fc
00000c61
0000079a
000009d1
00000df9
00000c58
00000dcb
00000a4b
fffffe20
0000017e
000001ad
00001f96
00000a50
0000047e
0000085c
fffffc55
fffff01b
ffffe3db
ffffd8a2
ffffddaa
00000e85
000017ac
000000b8
fffff301
ffffe4df
fffffa64
00000ec3
0000150f
00000b26
00000d38
00001000
00000e79
00000a3c
00000ed2
000008d8
00000f03
00000f23
0000107b
0000105e
00000e74
fffffd51
00000025
000000fd
000018e5
00000643
000005a6
000011e2
00000819
ffffeb6c
ffffea59
ffffeadc
fffff127
00001889
000019e4
fffff9d8
ffffea61
ffffebf6
fffff8ce
00001626
0000122f
00000331
000003a0
00000718
0000099b
000008e1
00000e3c
00000c3a
00000b23
00000d6d
00000f97
00000c04
00000dfc
fffffbab
ffffff7b
000002ca
00001c4c
00000860
00000852
00000b03
fffffdc3
ffffec8a
fffff638
fffff21f
000001c9
000012df
000001fb
ffffef5f
ffffe482
ffffe43a
ffffed29
000015e0
0000190d
000003f4
00000424
00000785
00000aeb
0000096c
000006f1
000002e8
000009fd
00000a1a
00000ab6
00000806
00000cfc
fffffa61
fffffd0c
000001cc
00001a3e
000006e9
000007c7
0000060c
fffff3f2
fffff106
fffffec4
0000005a
fffff1bf
fffff9b6
fffff58b
ffffec00
ffffe727
fffff048
fffffcb4
000009d1
00000c77
00000787
00000768
00001136
0000118b
0000115e
00001442
00000daf
00000817
000010c5
00000dbe
0000088f
00000c18
fffffc8b
fffffbe1
000004bc
0000178a
000008b7
00000939
0000043e
ffffefb5
ffffeb84
ffffffb5
fffffcc2
ffffdbe3
ffffde40
ffffeaef
fffff122
fffff25b
fffffab5
0000008a
000005d6
0000022d
00000507
00000bc7
00000aa5
000006e3
00000c58
000011bd
0000114a
00000f2e
000014fa
0000130a
00000b39
00000cf2
ffffffe7
fffffd83
00000636
00001656
0000099d
000009bb
000004ee
ffffefbc
ffffe7b4
0000005a
fffffb95
ffffced3
ffffcbf1
ffffde41
ffffed02
fffffb3b
00000159
00000109
0000043a
00000211
0000018f
0000055f
00000467
0000022f
00000360
000007bb
000005a0
fffffccd
00000501
0000195d
000008fa
00000ca5
000000f2
0000007b
0000033d
0000140f
00000c5d
00000b3a
00000905
ffffef73
ffffe89a
fffffe73
fffffad1
ffffcc2b
ffffccf1
ffffe787
fffff9c1
fffffac0
fffffff3
000002e8
00000296
fffffd8b
00000412
00000453
000006ff
000007d1
00000536
000003b1
fffffe72
fffff068
fffffb3d
000012f2
0000129f
00000e58
00000626
0000035f
00000171
000011ee
00000882
000009d7
00000bc7
fffff0d1
ffffe7a2
fffff8da
0000001d
ffffe0d9
ffffd025
ffffd724
fffff610
00000265
00000161
00000766
000007aa
0000044f
00000456
000002ff
000005f6
00000702
0000061b
00000435
000004f0
fffff938
fffffb2a
00000dab
00000eaa
00000d18
000004b3
00000199
000000ff
00001005
00000a37
00000872
00000aae
fffff7cf
ffffe325
fffff4f8
ffffffd4
ffffef5f
ffffdbf4
ffffd906
ffffebdb
fffffac8
0000036e
0000091c
000007ae
00000555
00000501
00000567
000005d2
0000075d
0000044b
000003d6
00000503
ffffff6f
fffff9a8
00000a65
00000a0e
00000a8c
000002f4
00000278
0000018f
00000e53
000009b6
0000090e
0000076d
00000106
ffffe631
ffffeeca
0000018e
fffffec1
fffff35c
ffffdbcf
ffffd99a
fffff5d3
0000075b
000008f6
0000087f
0000049e
00000436
0000060a
00000408
000001f4
00000476
00000454
0000057c
ffffff31
fffffa0f
0000098b
000007a4
000008f5
000005ff
0000038b
00000459
00000e6a
0000083d
0000089b
0000053e
000004b7
fffff5d1
ffffe44d
fffffac2
000008c5
fffffb30
ffffd998
ffffd3ef
ffffeb46
000000f8
000007bc
0000086c
000003e0
0000045e
00000676
00000532
00000456
000005a5
0000033c
0000032a
fffffbee
fffffb1a
000004ba
0000039d
00000495
000003bf
0000033a
000003cf
00000bd4
0000084b
0000082b
0000059f
000008a2
000005c0
ffffebcd
ffffee49
00000418
00000549
ffffef2e
ffffdd44
ffffe8a5
fffff040
fffff704
00000731
0000063f
00000511
00000522
0000057a
000003b6
000004ff
000007e6
0000073e
fffffec0
fffffb20
00000406
000003f7
00000516
0000003b
00000244
0000017d
00000d89
00000a8a
00000a67
00000647
00000792
00000e66
ffffffb7
fffff3ad
fffff72d
00000498
fffff6a8
fffff9e2
0000029d
fffff0d6
ffffea31
fffff802
00001286
00000a57
000004e0
00000520
0000055d
000003c7
0000079e
00000685
00000147
fffffe5e
00000706
00000448
00000751
ffffff5f
000000be
fffffef9
00000ad1
000007fa
00000d1a
0000083a
00000589
00001173
000012fa
00000874
fffffe14
fffffbf0
ffffefe5
fffff50d
000002b4
ffffee15
ffffd967
ffffefea
000005f7
00000a7a
00000631
00000173
00000834
000000da
000005b6
000007a1
00000333
fffffbcc
00000c80
000009d6
0000086d
fffff9a9
00000224
0000014a
00000ed0
00000ead
0000135f
00000bec
00000828
00001017
00000eba
00000ea8
000004bf
fffff4c7
ffffebf3
ffffebeb
ffffffcc
ffffe82e
ffffe79c
fffff440
0000083d
000005f2
0000054c
fffff721
fffff5a4
fffffe71
000001e7
0000057d
fffffff5
fffffc8b
00000d94
00000722
00000e87
fffffa3e
0000003d
fffffe33
00000cf4
00000778
00000918
000009cb
000009e5
000011a6
00000a7f
00000605
fffffdce
fffff456
fffff3f8
fffff004
00000be0
fffff443
fffff0b4
ffffee2c
000008d8
00000837
00000370
fffffb7f
fffff04d
fffff1bb
000002a9
00000972
000001e5
fffff880
00000cb6
00000dae
00001573
fffffb58
fffffc93
fffffece
00000fbb
00000f3d
0000114b
0000129f
00000f4a
00000cf4
00000855
00000045
fffff50e
ffffeea8
fffff1c9
fffffa9f
00000b9b
fffffe18
ffffff81
fffffe6f
0000101c
00000be6
00000745
fffff914
ffffe5ff
ffffe5f6
fffffe50
fffffd57
fffffa9b
00000113
00000f7d
00001399
00000a66
fffffbad
00000055
fffffed9
000011d1
0000047b
000008ca
0000109a
00000f6e
00000c77
0000066a
00000a8a
00000a07
000009b9
00000316
00001028
00000a22
fffffc62
ffffff97
fffff949
000004ea
00000542
00000598
0000041c
fffff21e
ffffea3c
fffffb13
0000031a
000000e9
00000003
00000dca
000019a5
00000830
fffffe0c
000002db
000001a8
000017a5
00000a69
00000d82
00000d11
000003b3
0000066e
0000030a
fffffb28
00000596
00000995
00000d89
00001819
00001007
ffffffa2
000003d0
000009ce
00000459
000003ee
fffff783
fffffe9e
fffff6ed
fffff7af
fffffeb1
00000404
00000cf6
fffffe73
000007ff
0000160f
00000773
fffff724
fffffd05
000000b7
00001615
0000079b
00000a87
0000104c
0000064c
000005ef
00000cd3
00000f9e
000011e4
00000f57
00000f35
00001000
00000712
fffff8ac
000001f2
00000644
fffffc09
000003c8
00000721
00000103
fffffdb8
0000090f
00000705
00000101
00000605
fffffebf
000005a7
0000046e
00000909
fffff98f
ffffff66
fffffabe
00000dbe
000005f2
000003d9
000003e7
fffffc8c
fffff614
fffff958
fffff2d7
00000456
0000054a
00000898
0000087b
00000805
00000365
0000027a
000000b8
0000024a
000003a4
000002fc
fffffb19
0000000b
fffffe45
00000324
fffffd3b
fffffe8f
fffffd70
0000028b
000003da
000002cf
fffff91e
fffffb43
000001ef
000011d8
000003a6
fffffe88
00000054
fffffe2c
fffffea6
00000080
0000010f
ffffff2d
000002fe
000002d6
ffffffad
fffffeac
ffffffc3
000003f5
000003c4
000000d1
000007a2
00000086
fffffeb4
fffffcf2
fffffef9
fffffcf3
fffffeda
fffffb50
fffffeb7
000001b3
fffffd3d
fffff988
fffffa06
fffffffa
00001002
000001a0
00000ac1
000003bf
000000a8
fffffe00
fffffdc0
00000418
0000025c
fffffde9
fffffb66
fffffea0
fffffef6
fffffdfb
fffffbf4
fffffc0b
fffffe84
000000f9
fffffc75
fffffb8b
fffffe37
fffffe42
000002b0
00000844
000009e4
00000284
00000729
00000605
ffffff12
00000034
fffffbd9
fffff9c6
0000000a
00000048
000006ff
0000077a
0000053f
00000264
00000b46
000008eb
0000084e
000008a3
fffffe59
0000027f
0000052c
00000591
000001a8
ffffff19
0000048f
0000011b
00000028
00000184
000001fa
00000212
00000650
00000a4f
0000099d
00000708
00000713
000008d3
00000a56
fffff907
fffff89f
000000fa
00000408
fffff7b8
fffff965
ffffffb8
00000475
0000045e
00000f34
00001284
00000d43
00000d20
00000120
00000432
00000a40
00000a80
00000422
fffffd47
00000105
fffffd06
fffffd0d
00000338
0000015d
00000197
00000a46
000004af
fffffcb2
0000010a
00000572
ffffffa4
00000092
00000123
000001ec
00000408
00000289
fffff935
fffffbc8
fffffffd
0000010d
000005e2
0000267f
000031fa
00002520
00001ccd
0000149a
00001130
00000878
ffffff59
00000107
fffffda3
fffffeac
fffff950
fffffbbd
0000045c
0000034f
00000023
fffffede
ffffff4f
fffffcb9
00000025
00000284
00000058
000001ac
00000575
000000a6
00000211
fffffcc7
fffff3ca
fffffe57
000003f2
00000266
000009fe
00001777
00003759
00001431
00000c2c
00000d30
00001e36
0000077c
fffff5fe
fffffbd7
0000037e
ffffff8e
fffff8f6
fffffe9d
00000e40
000008b3
00000147
fffff714
fffff971
00000260
000005ce
00000757
000002f0
00000534
00000264
fffffe5e
000001d0
fffffd7d
fffff0c5
fffffb68
fffffe89
00000733
00001b6a
00001eb9
000002fb
ffffdc80
ffffd640
fffffde2
00000eb6
00000da7
ffffedbd
fffff727
000001a8
000001f0
fffffb04
000004d9
0000110d
000007dd
fffffed8
fffff98a
fffffe15
000001f9
00000314
000007f6
000003c1
0000007e
fffffc2a
fffffee0
000002b3
fffff865
ffffed7d
fffffdfd
0000009b
00001128
00003232
00003b31
ffffdfce
ffffb989
ffffeac8
fffffd1b
00000b41
00000f3f
fffff575
ffffefd3
fffffa67
00000083
0000059d
00000730
0000071a
00000217
fffff87e
00000100
00000344
00000047
fffffe4c
ffffff75
000002ba
00000315
ffffff3c
00000009
000001ff
000001e7
ffffef31
00000135
0000025c
00000d62
00003b4a
000028ce
ffffcbb3
ffffc35c
fffff686
00000689
00001e93
00001118
fffff8bc
ffffecd7
fffff9bb
fffffc86
ffffffdb
000002e1
fffffa88
0000000d
00000ab5
0000060e
fffff861
fffff9bd
fffffd9d
fffffcad
fffff98c
000001b4
fffffc72
fffff746
000001ca
00000bb9
fffff4bd
00000634
fffffaa9
00001076
0000152e
fffffc16
ffffd239
ffffc3a0
fffff07a
00002464
00002916
00000a54
fffff8ca
fffffcb5
ffffed78
fffffc8e
0000028c
0000039f
ffffff9c
00000492
000002e5
00000203
fffff7df
fffff5f5
00000546
0000041e
fffffc31
fffffcd0
0000023f
fffffd78
fffffdc5
0000101a
ffffea6a
000005fb
00000128
00000326
ffffe490
ffffec2a
ffffe5f9
ffffcc97
fffff5b7
00003486
0000290f
fffff669
ffffe5ea
fffff8eb
fffffb64
fffffc24
fffffcd0
000009c9
ffffff8d
fffffccd
fffff9de
fffffa98
000000ea
fffff983
000000ce
ffffffb5
fffffef5
00000660
0000000d
000004c6
fffffc41
000008ab
ffffde66
000003d8
000006d2
fffffa4d
ffffe8f1
ffffe0b5
0000097b
ffffe8de
ffffd3c7
000010b9
ffffff17
ffffedef
ffffef85
fffff623
fffff4df
000004da
fffffcb4
00000663
fffff769
fffff41e
fffffe8c
fffffbc0
0000037b
00000094
fffffe73
fffffcbb
0000007d
00000838
fffffd6d
fffffe2a
00000065
0000021f
ffffd7dd
fffffd48
fffffdcb
fffff956
fffff936
000007a9
00001f9c
000007e0
ffffe8d4
ffffde17
ffffe403
fffffddd
00000c76
fffff850
fffff04b
000004db
fffffe0a
00000b6d
00000bfa
00000c79
00000609
fffffce6
fffff9e3
ffffff6a
fffffad9
fffffc8b
ffffffb0
00000092
fffffc47
fffffd4d
000003dc
000003e8
ffffdbdf
fffffae9
fffff6f6
fffff742
fffffcbb
0000151e
000027ec
000013d9
fffff2eb
ffffdeb0
fffffdf6
0000096c
00000d2f
ffffeb06
ffffbaaf
ffffc6ea
fffff500
00000850
0000007b
00000d55
00000d26
000003bb
00000207
0000033e
000003df
fffff87b
fffff59b
00000189
0000026c
fffff6cf
ffffff73
00000476
ffffe0ba
fffffdbd
fffffdd7
fffffc87
ffffff90
000018e8
000019df
00000d93
fffff6ad
ffffee76
00000236
00000da7
fffff6e6
ffffcd03
ffffcdec
ffffce77
ffffdd52
fffff093
ffffeff0
fffff053
ffffef0b
fffff1bd
000001fa
000007bf
00000a08
0000031c
fffffac4
fffffe8b
fffffea6
fffff4da
fffffae7
fffffa75
ffffe03e
fffffc06
fffff927
fffffb16
ffffff65
000016c8
00001c2b
00000a1e
00000850
ffffea64
fffff933
00000262
ffffdff0
ffffcd8c
fffff469
fffff656
fffffbbe
00000293
ffffe1b2
ffffe73f
ffffe4cc
ffffe916
ffffecb7
ffffea30
00000000
000016ac
fffff548
ffffeeb3
fffff74a
ffffee5a
fffffc44
fffff544
ffffdde3
fffff2e3
fffff0f8
fffff7f1
fffffcbf
000017ee
00001afd
00000fca
00000f55
ffffe4d2
ffffe619
fffff127
ffffdbd2
ffffe8c4
ffffffb9
00000415
000002a8
fffff16d
ffffecd8
fffff83f
fffff638
fffff785
fffffc95
fffff2b1
ffffe71f
00000b09
0000014f
ffffe03d
fffff73a
ffffef5c
fffffbbd
fffff99f
ffffe9b5
ffffef69
ffffee59
fffff121
fffff9d1
00001315
00001ef7
0000102e
00000fb0
fffff67f
ffffdfbe
ffffdc81
ffffee37
fffff949
fffffdcf
00000029
ffffff2f
fffff49e
fffffa0b
00000018
fffffc2f
fffffc82
ffffff2a
00000582
00000824
fffffcfe
ffffff58
ffffe349
fffff027
ffffef4f
fffff52d
fffffdd2
fffff11b
fffff4e7
fffff945
fffff3a3
fffffdd5
00000cbc
00001f96
000016cc
0000084b
00000573
ffffe7a1
ffffe370
ffffedd4
0000046f
ffffff79
fffffaec
fffffc63
fffffa5d
fffffa79
fffffe37
00000057
00000095
fffffec9
0000055f
000000cf
fffff4b5
fffffa68
ffffe7d6
ffffeea1
fffff3d0
fffff82b
fffffdbb
fffff358
fffff60d
fffff8d8
fffffa54
fffffc21
0000057c
00001621
0000115e
00000616
00000765
ffffe6f8
ffffd1ec
ffffe78f
fffff83d
fffffef1
fffffb5c
ffffffab
ffffff48
000000f7
fffffd91
ffffffbf
fffffe49
fffffc20
000002e0
fffffd9b
ffffff47
fffffc37
ffffe8e9
ffffee32
fffff5c6
fffffe44
ffffface
ffffef02
fffff84c
fffffa94
fffffbae
fffff94a
fffffe2c
00000887
000013b1
00000b90
00000de0
ffffea6e
ffffd552
ffffd5cd
ffffef04
fffffeae
fffffe79
0000020c
00000507
000003bc
00000296
00000086
000000b5
fffffe0f
000005a8
0000023c
0000057a
00000903
fffff5b1
fffff1e7
fffff9f2
fffffede
fffff9d7
fffff3d5
fffffd27
00000074
fffffd00
fffffcb7
fffffa85
0000036e
000014ce
00000a48
fffffb1a
fffff0ad
ffffe98d
ffffd536
ffffec36
fffff52e
fffff732
000005c8
00000540
00000814
000008bf
000000c2
0000029b
ffffff8f
000001df
00000544
00000463
000003cd
fffff6d0
ffffee2f
fffffd56
00000280
fffffb05
fffff626
fffffff5
ffffffb6
000000bc
000001e8
fffff5c2
fffffb98
fffffe83
0000012e
0000036b
ffffff3e
00000682
ffffde63
ffffce99
ffffeb10
fffff37e
fffffd33
00000601
00000710
000002ef
fffff956
fffffb02
fffffe37
fffffd45
000002f7
00000754
00000124
fffffa90
fffff54d
fffffb53
000001bc
fffffd07
fffffb7e
000002b7
000002bc
00000258
0000055f
ffffff29
fffff631
fffffa19
ffffff9a
fffff84f
000002ad
000019d2
fffff112
ffffd262
ffffd37b
ffffcb9f
ffffecd8
fffff904
fffffdda
fffffc10
0000039c
00000136
fffffeeb
fffffac4
0000002a
0000041d
00000643
fffffb07
fffffd8c
fffffd14
ffffff0e
00000897
0000008f
ffffff4c
fffffebc
000004c8
000006fc
0000009f
fffff96b
fffff6b8
ffffec61
fffffced
000000e5
00000ed0
000001fb
fffff222
ffffe2fd
ffffb593
ffffc65b
ffffeb54
fffff6a3
fffff440
fffffb37
fffffd3e
fffffc10
fffffe00
0000041e
00000356
00000876
fffff9ea
fffff83b
00000368
00000574
000008a2
ffffff04
00000155
00000785
000004fe
fffffeb5
fffffa92
fffffd06
000009ca
fffff81e
000008f9
00000bfc
0000039d
0000107d
fffffce6
fffff86c
ffffde59
ffffd1e2
fffff6c6
fffff319
fffff0a0
ffffe613
ffffef6b
fffffc1f
ffffff6a
00000886
00000e5d
0000061c
fffff45d
ffffff52
000003a0
00000647
00000983
fffffd89
0000010f
0000009e
fffffedc
fffffb76
fffff9fa
fffff90d
0000025b
00000622
000010ca
000008e0
fffff00f
ffffea19
fffff28a
fffff808
ffffe24d
ffffe6ba
fffffc2e
fffff260
ffffed3c
ffffe92a
ffffeafb
0000038f
00000e59
fffffcf2
000014b8
00000afa
fffff344
ffffff6f
fffffb2b
000002de
000005f1
fffff32b
0000054e
000000df
fffffb72
fffff8e0
fffffbba
00000081
00000b67
0000099c
00000ecd
ffffeb02
ffffc2bc
ffffd3b3
ffffeba1
fffffe67
ffffef9d
ffffe12a
fffff1e9
0000004d
fffff8f8
fffff792
ffffec64
fffff543
fffffd33
ffffdacd
fffff46e
000001f6
fffff143
fffff288
00000188
fffffcfe
00000136
ffffe719
0000016e
fffffc9a
000000bd
fffffe43
000008db
00000732
000005b7
000008cb
0000083f
ffffddc1
ffffd1fd
ffffd918
ffffefc5
fffff78a
ffffdd18
ffffd9c3
fffff6fa
00000951
000005a0
fffff3d4
00000d8f
ffffd318
ffffd8ba
ffffd842
ffffd04c
fffff646
ffffe9cf
ffffedb5
0000002a
00000269
00000048
ffffe824
00000290
000001e3
00000174
0000036b
00000cb1
000000ee
fffff0d0
fffffd90
ffffeece
ffffe9f2
ffffec63
ffffeb61
fffff43f
ffffeeba
ffffe8ae
fffff832
ffffffa5
fffff88a
000000ad
ffffffb1
000008be
ffffe1f7
ffffd984
ffffe05c
ffffccb9
ffffd2d2
ffffec1a
ffffee7a
fffff984
fffffb6e
00000827
ffffee48
00000555
000003ec
fffffbe4
00000827
000005a5
ffffff21
fffff518
fffffebe
ffffefbe
ffffef08
fffff56d
fffff66b
fffff57f
fffff984
fffff806
00000179
000004bf
fffff03e
00000685
0000006e
fffff3ee
ffffedf6
fffffc61
ffffebc2
ffffed03
ffffe9fe
fffff237
0000069d
00000255
000000a8
00000214
fffff0c0
0000023e
ffffff72
ffffff20
00000721
00000e59
00000076
fffff46f
fffff48c
ffffe98b
fffff9ea
000001d6
fffffb97
fffffd13
0000040f
fffffcb7
0000005e
00001192
00000efa
00000e89
0000075b
fffff8d5
fffff6e2
fffff657
fffff4dd
fffff838
00000cd5
00000cd0
fffffc3d
ffffedd9
ffffffd2
fffffa58
fffff614
fffff745
fffff920
fffffa86
fffffc27
fffffe50
fffff9aa
fffff9d1
fffff77c
fffffa1f
ffffe8ae
fffff7ee
fffffde2
000002f9
000004b2
00000193
00000645
000008d2
000009f0
000003f4
fffff8e3
fffff0ed
000001ac
fffffd98
00000730
0000023a
00000d5d
000005fc
fffffe29
fffff936
fffffbed
fffff950
ffffe62e
fffff21d
ffffef98
fffff57e
fffff511
fffff3ef
fffff1ba
ffffee4e
ffffeec4
fffff15e
ffffef22
fffff120
fffff126
ffffefff
fffff107
fffff00a
ffffef70
ffffeb0d
ffffeffe
fffff3b5
ffffed15
ffffed06
fffff0e6
fffff3bb
fffff334
fffff53a
fffff179
fffff7d9
ffffef75
ffffe93f
00000075
fffff9b1
ffffe5f5
fffff35b
ffffee4a
fffff7f7
fffffcd2
fffffb5d
fffff993
fffff0b7
fffff209
fffff9b5
fffffa01
fffff774
fffff38e
fffff50c
00000055
fffffb73
fffff875
fffff0d9
fffffa43
fffffd70
fffffa9e
ffffee60
fffff189
fffff0ac
ffffee21
fffff2e5
ffffef6b
fffffd97
fffffb04
ffffe977
000009d7
fffffcfa
ffffeacb
fffff603
ffffefba
fffff545
fffffbdf
fffffb07
ffffe989
ffffec6b
fffff3fb
fffffcf2
fffffd89
fffff887
fffff182
ffffef1f
fffffc9a
fffff73e
fffff8ca
fffff51c
fffffba4
fffffe0f
fffffd6c
fffff1d7
fffff6bb
fffff655
fffff2ad
fffff6d8
fffff533
fffffc71
fffff924
ffffed4c
00000976
fffffeac
ffffe77a
fffffa54
fffff4de
fffff6f8
fffffb9d
ffffdc0d
ffffde33
ffffed28
ffffecc5
ffffe680
fffff74f
fffff3d3
fffff41a
ffffee26
fffff92a
fffff240
fffff1be
fffff9d1
fffff8b6
ffffffd1
fffff962
fffff17d
fffff2d4
fffffa25
fffff68a
fffff9a6
fffff6b0
fffffa37
00000097
fffff280
00000845
fffffa3a
ffffe9d4
fffff7e1
fffff5ff
fffff4b1
fffff44d
ffffd004
ffffd42a
ffffb903
ffffeb8f
ffffef5d
fffff63b
fffff18f
fffff04a
fffff830
fffffaa8
fffff5f4
fffff1ed
fffff5ad
fffff791
fffff6aa
fffff6b4
fffff626
fffff61a
fffffa57
fffffa99
fffff82e
fffff970
fffff92b
fffffef5
fffff0e8
000009a0
fffffebe
fffff296
0000003f
fffffd7d
fffff426
ffffd8d2
fffff7f7
ffffe77a
ffffbdec
ffffefba
00000522
fffffa73
fffff615
fffff7c0
fffff77b
fffffc96
fffff9c3
fffffa09
fffffccb
fffff793
fffff29e
fffff152
fffff0f2
fffff964
fffff9b0
fffffae5
fffff56b
fffff6cc
fffff913
fffffd23
fffff0e7
00000934
000000f7
fffff6b7
fffffdd9
fffffa31
fffff2a8
ffffbd0d
fffff413
0000196a
ffffc16f
000005be
fffffdbb
fffff61e
fffff11d
fffffbd4
fffff47e
fffffa40
fffff64e
fffffa81
00000035
fffffd92
fffff585
fffff9bc
fffff80e
000001bd
ffffff83
fffffe6b
fffff8c3
fffffb78
fffff6a4
fffffc86
fffff570
00000925
0000015b
fffff3e6
fffff6c3
fffff6c7
00000579
ffffe2da
ffffe7d1
fffff66a
ffffd41f
fffff61d
fffff276
ffffe2b1
ffffeb7f
ffffe5b2
ffffed55
fffff2af
fffff733
ffffff1b
00000730
fffffaf5
fffff8cb
ffffef8d
ffffef7f
fffff3d5
fffff3cc
fffff8bc
fffff344
00000214
fffff365
fffff969
fffff165
00000ac6
fffff45e
ffffe192
ffffef02
ffffe311
00000328
00001c8a
00000497
fffff8d4
ffffe97c
fffff829
ffffe5ff
ffffd6e3
ffffe99b
ffffd7fb
ffffecd9
ffffe5cb
ffffe8cf
fffff185
fffff5da
ffffe201
ffffea2d
ffffe26a
ffffe101
ffffe94b
fffff148
ffffe75c
ffffed9d
fffff00d
ffffede8
ffffef21
ffffeae7
0000107b
ffffee79
ffffdac0
ffffeaa5
ffffd84e
ffffdc54
0000278d
fffff4e8
ffffe97b
ffffe89e
ffffcfe8
ffffda5f
ffffd925
ffffbb28
ffffcd11
ffffcf60
ffffe747
ffffdf89
ffffe350
ffffeb31
ffffdc43
ffffd968
ffffe4fe
ffffd746
ffffe5cd
fffff028
ffffe506
ffffe724
ffffe45c
ffffefd4
ffffe0df
ffffd901
0000132e
000007d0
ffffde55
fffff00e
ffffe71c
ffffe757
0000042c
0000020e
ffffe56c
ffffe8a1
ffffc1bc
ffffdba3
ffffe3a1
ffffc418
ffffdc04
ffffec95
ffffd96d
ffffd9f2
ffffe20d
ffffecf5
ffffefd3
ffffe07f
fffff590
fffff2f0
ffffed64
ffffec93
fffff1da
ffffebad
ffffea2f
fffff3d2
ffffeff5
ffffd478
00001048
000018b8
ffffdf02
fffff6b1
fffff183
fffff7ae
fffff562
ffffff9e
fffff9a4
ffffe842
fffff05a
ffffe1b3
ffffe3ff
ffffe38a
ffffe70a
ffffdf9c
fffff00b
ffffe80a
ffffc7db
ffffc956
ffffe30a
ffffe6ff
fffff7f4
fffff9cd
fffff468
ffffef6d
fffff5b1
fffff72c
fffff8b6
ffffef60
fffff587
ffffdeb0
0000152a
00001b08
ffffe5ad
fffffb4c
fffffae7
fffffe9e
ffffed37
fffff6f0
000007b0
ffffdc19
00000002
00000587
fffff877
ffffef94
fffff3ba
ffffd1a7
ffffe1bf
fffff8b9
fffff02c
ffffe6e4
fffff575
ffffef5f
ffffee53
ffffdc3a
ffffe062
ffffe608
ffffeaf7
fffff414
fffff696
fffff3de
fffffc86
ffffe6af
00001473
00001d18
ffffe5e0
fffff9d3
fffffd52
fffffcdd
fffff3a8
ffffff3f
00000d40
ffffed9a
fffff259
00001f75
ffffef53
fffff241
ffffe76d
ffffe2c1
fffff56d
00000f12
fffffaf3
fffff83f
fffff7a9
fffffcc5
0000059e
fffffac4
fffff9e8
fffff9ce
fffff1b1
ffffec41
ffffed84
fffff371
ffffff69
ffffe7b6
00000f45
00002347
ffffec97
fffffa4a
fffffe3c
fffffc9f
fffff95c
000008fb
00001499
ffffed82
ffffe91b
00001350
00000969
fffff1ea
ffffeb1f
ffffe778
00000802
00000633
000009dc
00000256
ffffff3d
0000074f
00000a60
000004e7
000008f3
000000c6
00000771
0000023a
fffff57d
fffff06d
000004e1
ffffe505
00000764
00002162
fffff64a
00000389
0000030b
000000a9
fffffed4
00000f92
00001fbb
fffff15f
ffffe0d8
fffffeed
000007a8
fffffa38
fffff4cd
fffffb9e
00000894
000000d4
fffffd90
fffff8c6
fffff790
000001ef
fffffb76
00000364
000006c9
00001043
0000048b
00001d98
000000a9
fffff056
000009b9
ffffebbc
000006dd
00001355
fffff864
000003ba
000004ec
000003a4
fffff95d
00001842
00001e85
fffff3be
ffffdd44
fffff0a5
fffffda7
00000176
0000027d
000007f2
0000048a
fffffdcc
ffffffe7
fffff7d9
fffffa55
fffffdbf
fffff38e
fffffd5f
fffffef7
000000e8
fffff6da
000015d9
0000163a
fffff47b
00000882
fffff159
0000064e
00000c99
fffff2b5
000001a8
0000033a
0000020e
fffff4d5
000011d1
0000230a
fffff85d
ffffd885
ffffd858
ffffd9b3
fffff43a
fffff9c0
00000375
0000036d
fffffeef
fffffeaf
fffff8b8
fffff6d6
fffff6f2
fffff43e
fffff634
fffffb72
fffffca0
fffffc82
000001da
00001727
fffff55d
00000696
fffff23d
0000080e
00000a2b
ffffeee5
fffff8be
fffff94f
fffffb9c
fffff20d
000002c8
0000319c
00000610
ffffd738
ffffdfe5
ffffdfaa
fffffad3
ffffe8e5
fffff313
fffffa91
fffffb7d
fffffb44
fffffaee
fffff4dd
fffff8e4
fffffc89
fffffa3d
fffffa21
fffffd75
fffffe24
fffff7e3
00000e31
fffff011
fffffd84
ffffede8
00000506
00000aa5
fffff2f8
fffff75b
fffff63e
fffff6e1
fffff1b8
fffff66d
00002e68
00001e97
ffffe855
fffffaa3
ffffee30
000010c7
ffffe936
fffff32d
fffffefc
fffff9bc
fffffdc4
fffffcf9
fffff568
fffff865
fffff9ad
fffff4d2
fffffa98
fffffdab
fffffa49
fffff8e3
0000067a
ffffec82
fffff594
ffffed3c
000004a6
000009bb
fffff3b4
fffff999
fffffaf6
fffff43e
fffff234
ffffef7d
00001f89
00003dbf
fffffec4
fffff0ae
ffffe8aa
ffffeff8
ffffe1cf
ffffe8a7
ffffed59
ffffff0b
fffff927
fffff9f2
fffffa92
fffff5ff
fffffbac
fffffa01
fffff8d6
fffff834
fffff5d5
fffffa08
000003c0
ffffe957
fffff2af
fffff09f
000003f5
000007d5
fffff027
fffff649
fffff7de
fffff17f
ffffed88
ffffeef8
ffffe5b8
0000306c
00002622
fffff9e2
ffffe025
ffffd7b6
ffffcfad
ffffc90c
ffffe639
fffff9ca
fffff548
fffffe7a
fffff41e
fffff5ab
fffff435
fffffe52
fffff74e
fffffa55
fffff420
fffffb5b
0000048e
ffffea19
ffffed82
ffffeb6a
0000078a
00000331
ffffea31
fffff113
ffffefbd
fffff49b
ffffee5e
ffffef16
ffffe47a
000000ca
00002dd7
000016d7
fffffaff
fffff58b
fffff12f
ffffe201
fffff50e
fffff3c7
ffffe5f4
fffff6e9
fffff899
000000e9
fffffaa7
fffffc09
fffff8c7
fffff540
fffff113
fffffdbd
ffffff5f
ffffe704
ffffe881
ffffe850
00000a23
fffffa6a
ffffe7cc
ffffea7d
ffffe955
ffffeebd
fffff1d4
fffff5f4
ffffeb26
ffffdfa1
0000104b
000016c1
00001404
0000136e
fffff8bb
ffffe88f
fffff9b6
fffff2bc
ffffd418
ffffe524
ffffeccd
000004a7
00000483
0000069c
fffff93c
fffff481
fffff645
fffff3a2
00000053
fffff078
fffff28e
ffffe94a
00000e58
fffffa53
ffffe901
fffff63f
fffff951
fffff3fe
fffff49b
fffffe04
fffff244
ffffef32
fffff9b7
00000253
fffff7cd
00001f35
00000f0b
ffffe5dc
ffffeaa2
000000c7
ffffedd1
ffffdf6c
ffffd4f8
fffff51e
0000052b
00000660
ffffffd5
fffff59f
fffffd61
ffffeb60
fffff7f5
ffffe1de
ffffee34
ffffe737
00001532
fffff6d0
ffffeab3
fffff4b3
fffffd51
fffff4f3
fffffeab
0000055a
fffff3a2
fffff4ac
fffff7c6
ffffff1a
fffff4eb
00001a97
00001faf
ffffe800
ffffdb8c
fffff135
ffffec1f
ffffe302
ffffda22
ffffd3aa
00000867
fffffa96
ffffef6b
ffffff59
0000053f
000002ad
fffff568
ffffe7c7
ffffef1e
ffffd4ab
00000f8c
fffffd71
ffffe419
fffff39c
fffffcf6
fffff83b
fffff6ff
0000029f
fffffe06
fffff8fe
ffffeee5
ffffff61
00000169
fffffc18
00001717
fffff5bb
ffffeee8
ffffebb5
fffff502
ffffe91a
fffff110
ffffd79c
fffff7de
00000584
ffffd5d5
fffffaf9
fffff74f
fffff753
00000c77
ffffefd2
fffff050
ffffdfe4
00001064
0000024e
ffffeac6
fffff257
fffff1ad
fffff984
fffff3b7
fffff6f0
fffff2e9
ffffee46
fffff6d4
00000619
00000580
000005ca
fffffef2
000005f0
0000094e
fffff0db
ffffdfee
ffffea51
ffffe9d4
fffffb57
fffff160
fffff8f4
ffffe6b5
ffffeaf3
00000818
ffffdaf5
00001314
fffff46e
ffffef4e
fffff2b5
000016ea
000006a4
fffff1c7
fffffa9d
0000010f
0000057c
ffffefea
fffff38a
fffff04a
fffff41c
fffff765
0000082d
fffffdf0
fffff8e7
fffff0a9
0000038a
00000ed9
ffffff0a
ffffee67
fffff4b6
ffffe5a7
fffff369
ffffe207
fffff828
ffffe9f5
ffffd52c
fffff41d
ffffc6ec
000008cc
fffff9cf
fffff193
ffffe722
0000105c
0000068f
ffffe4ff
ffffeec2
fffff3c7
fffff5bb
ffffef8c
00000170
fffff8b5
ffffe53a
fffff922
00000087
fffff93d
00000bdc
fffff56a
fffff150
0000084c
fffff037
ffffed13
00000c6f
fffff346
fffff467
ffffeac0
ffffef12
ffffef48
fffff731
00000003
ffffe3a2
fffffd10
fffffd54
fffff0b1
ffffeb45
00001691
00000b05
ffffe057
ffffefef
ffffeb96
fffffa42
ffffe2a1
000001a6
fffff625
ffffe14d
fffff3a0
ffffeff8
ffffe99f
ffffffb9
00000168
fffff22c
0000097b
fffff90b
ffffe415
fffff6e3
ffffe56a
fffff9fe
ffffef16
ffffe9b6
fffff79d
0000017e
00000295
ffffdfa4
fffff021
fffffb2c
00000b88
ffffd98f
fffff985
000001dc
fffff28a
ffffef52
ffffe5d4
fffff5a5
ffffebfc
fffffb92
00000123
ffffec47
fffffc13
fffff0bd
ffffeade
ffffef63
fffff680
fffff13d
fffffe3a
fffffc0a
fffff012
fffffc6d
ffffef36
fffff78d
fffff972
fffff1d3
ffffecae
fffff8f8
000008f7
fffffe66
ffffff5d
fffff83f
fffff1d8
ffffee93
000007c8
fffffd1a
00000073
fffff976
fffffab8
fffff8c3
fffff758
fffff7c1
fffff6d5
fffff6d1
fffff5b2
fffff3d7
fffff4f6
fffff2c0
fffff333
fffff3c5
fffff387
fffff351
fffff1df
fffff9ac
fffff4af
fffff025
fffff445
fffffb6a
fffffe03
fffffd2f
fffffe4e
fffffb1f
fffffa79
fffff223
ffffec06
fffff5b3
00000426
000003bc
000007e6
000001b9
0000045a
000001bb
000002f2
00000724
000002b4
ffffff57
00000019
fffffa1a
00000097
00000077
00000064
0000016a
fffffe2b
000003b3
fffffc51
00000545
00000414
000000a2
000002de
0000096f
000006cd
000003d9
000001ab
00000223
fffff9ef
fffffd77
fffff1f5
ffffff63
00000eb3
fffff961
000004e8
fffffef7
fffffe97
0000069d
000005d9
0000084e
fffffda3
fffff74f
fffff6a3
fffffe61
00000285
00000264
000000cb
000002bf
00000128
fffffe92
fffffffa
000009f7
00001099
000006f8
000007db
00000677
0000093c
ffffff5e
00000162
0000041b
00000066
000002c8
000000ae
00000867
0000190c
fffff755
00000282
ffffffb0
000007c6
00000c31
00001a60
00000519
ffffedbc
fffff85c
fffffa7d
00000e00
00000f81
000000c5
00000281
000004ff
0000094a
0000017f
ffffffea
00000a14
00000f3b
000004c2
ffffff4f
fffffe06
0000052d
000000e8
00000524
00000914
00000972
00000c57
0000076a
00000ee7
00001b13
fffff812
00000652
00000539
00000a47
00000fa9
0000112d
00000658
fffff878
0000204e
00002492
000027bd
0000146f
00000357
ffffff2c
00000b85
00000fbe
000009c5
000009eb
00000b9c
000015b3
00000b3e
ffffffe9
fffffc2e
00000572
00000747
00000a45
00000e16
00001051
000009e5
00000920
000010d6
00001a42
00000052
00000bf4
0000106e
00000a88
00000ec8
000015e3
000025ff
000020e8
000053eb
00002452
00000d7a
00000bb5
000000da
0000031b
00001046
000014b1
00000fd0
00001269
00001382
0000142b
000011c8
0000075e
0000024b
0000087b
00000a6e
00000ade
000008e4
00001043
00000be3
000009a3
00000f81
00001d36
ffffffdc
00000b53
00000dbc
0000099d
00000eb1
ffffec7e
0000085d
00000e0e
000033eb
fffffae9
fffff6cb
fffff862
fffff6fa
fffff4e3
00000933
000004fc
000002ac
0000128e
00000edd
00001207
00001139
00000e87
00000e83
0000117c
00000e56
000009bf
000009f8
000011d6
00001472
00000fb4
000010cc
000018aa
fffff229
ffffff12
00000076
fffffadc
ffffed15
fffff316
fffffa07
fffffabd
0000056e
000010ff
fffff7fd
fffff87e
fffff0ed
ffffe20a
0000027f
fffffbf7
fffff503
00000585
00000348
fffffc98
0000043a
00000084
fffffb57
fffff64a
fffff406
fffff8ea
fffff78f
fffffef8
000001be
ffffff9c
ffffff38
0000093c
ffffed9c
fffff518
fffff1eb
ffffecca
fffff545
000013c1
000010a7
0000020d
fffff714
00000ba6
ffffef7f
ffffe445
ffffd353
ffffd7cf
ffffe8a9
fffff38c
fffff61a
fffff630
ffffec05
ffffddbf
ffffe6c2
ffffe8d5
ffffebc0
ffffe30b
ffffde4b
ffffe52c
ffffe21b
ffffeef6
ffffe904
ffffee63
fffff1ba
00000216
fffff671
fffffe66
00000091
fffff227
000004ef
00000eb0
00000455
fffffe86
ffffc9da
ffffdae5
ffffdefb
ffffd4d5
ffffd59d
ffffeebf
ffffcb3e
ffffe991
00000087
000007f4
fffff814
ffffe952
fffff2d5
ffffeb76
fffff905
fffff7eb
fffff873
fffff06b
fffff111
fffff549
fffff554
fffff3e3
fffff892
00000e38
fffffd29
000008fd
00000adc
00000a4d
0000180e
00000c7c
00000a0e
0000007a
ffffcdd5
ffffb6ab
ffffc531
ffffd023
fffffa33
00000343
fffff6f8
ffffe5e1
000002a8
00001fcf
00000cd7
00000302
0000095b
00000a43
00000bd9
00000dc8
00001052
00000abf
00000b2b
000005f3
00000704
000003b4
00000f6f
00001fd8
fffffd6c
00000e95
00000725
00000eb6
0000144f
00001924
00001eab
000011d0
ffffeefe
ffffca16
ffffcf31
ffffe546
fffff733
00001483
000022cc
00001a19
00000d78
00001173
000016dc
00000b5d
00000980
00001709
00001593
0000186b
000016b3
000015e7
000014f8
000013de
0000130e
00000ead
00001917
000028e4
00000024
00001109
00000bce
00000b14
00000bbd
00001401
00001c65
000002b0
fffffdaf
fffff1c5
0000005e
fffffd08
0000085d
00001f35
00003ea5
000047b1
00003304
00003952
0000389d
00002f1b
000024e8
00002628
00002200
000014af
00001606
000019f2
00001aa8
00001e00
00001449
000018ea
0000161b
00003075
000003bc
00001750
00000e47
00001019
00000db3
00000b33
000024e2
000007c6
fffff724
000007f5
00000f27
0000173f
000023c3
00003777
000042c9
000027d5
00001e21
000022ea
00003bc5
00004868
00004c6f
00004ac0
00004169
000040ee
000032c8
00001fcf
00002262
00001bc6
0000151d
00001638
00001868
00003130
000006ba
000016c7
00000e38
00001118
00000c86
000012d2
00002bcc
00000d57
fffffa69
0000069d
00001c33
0000317b
00004873
000037d5
00002e4a
00001609
0000130f
00001837
000027e2
00002b56
000028bb
00002768
00002208
00002dcd
00003264
00002c10
0000269f
00002073
00001373
00001553
00002278
00002ec5
00000d8a
00001588
00001336
000011b5
000010ab
00001761
000038b2
000017ae
fffff718
00000e2e
000028fd
000035d7
000040ac
0000306c
00001875
00000a6f
00001672
000011a6
00001338
000010ef
00000543
00000622
000006f6
00000873
0000182d
0000174e
0000110a
000018a2
00001049
0000188b
0000281f
00002c7b
00001164
0000120a
00001068
00000f30
000014d4
00001b40
00003386
00002078
fffffbfb
00000a91
00001d66
000019aa
00001f27
00000caf
000007c8
0000066a
00000f77
0000094d
000005f4
000000e0
00000040
00000186
00000022
000000cb
00000909
00000aca
00000c99
00001e40
00001766
00002103
00002936
0000268a
00000a3a
0000154e
00000bbe
0000101c
000011ae
00001861
00002601
000029fe
0000048c
00000052
fffffc13
ffffdc7a
ffffea79
fffffca0
000006c6
00000611
00000198
00000145
fffffbeb
fffffdb0
fffffa4e
00000026
fffffe6a
fffffb6d
0000037d
00000495
00000144
00001ced
00001b6f
00001702
00002253
00001d60
0000043a
00001105
00000ae8
00000c02
00000cc0
00000c62
00001564
00002b53
00000a77
fffffc3c
ffffee9b
ffffd9d7
ffffe21b
fffffcd7
00000520
000002ec
ffffff0a
000000da
ffffff0b
fffffd70
fffffbbc
0000004e
fffffe36
fffffa69
000000f2
fffff9d9
fffffd70
00000cc5
000018c2
000012c7
00001dcd
00001b8e
0000046c
00001592
00001001
00000dd8
00000997
00000682
00000774
00002a05
00001b52
fffffe2f
0000021d
00000910
00000025
fffff754
fffffe85
fffffdab
fffffc05
ffffff50
fffffe72
fffffef7
fffffdc9
fffffd21
0000012a
fffffa98
0000043e
000001ab
000001ea
0000101b
00001d84
00000eeb
00001388
0000161b
000006de
000013a1
00001135
00000d48
000007f4
000001a5
0000048f
0000198e
0000301b
00000740
00000703
00000bdf
fffffd0e
ffffcfb6
ffffda56
ffffebcc
fffff877
fffffef3
0000055d
0000037c
000003a3
00000184
fffffe6c
fffffa69
ffffffe4
00000046
ffffff43
000011d1
00001747
00000921
00000d1d
00000eb4
000006af
00000b08
00000b64
000009ba
00000735
00000487
00000157
00000159
000021f4
00002248
00000eff
fffffa98
fffff03c
ffffc43a
ffffabd4
ffffcab9
ffffee6e
00000034
fffffd74
fffffbab
fffffbb9
fffff51a
fffff254
fffff98c
fffffbd9
ffffff6b
fffffd2e
000010b9
00000dd6
00000c9a
0000088a
00000d12
0000020f
000000d6
ffffff4e
ffffff58
fffffe6d
fffffc1b
fffff450
fffffb67
000002a0
0000155b
000008a9
000007cd
00000f55
fffff208
ffffe114
ffffd735
ffffe580
fffff49e
fffff261
fffff1a2
fffff7c9
fffff815
fffff6b2
fffff973
fffff887
fffffb81
fffffb8f
00000f32
00000891
00000f0b
00000c2a
00000f08
fffffd65
fffffa3a
fffff548
fffff51b
fffff746
fffffe91
fffffe35
000005e1
fffffbd0
00000d06
00000985
00000511
00001931
00000c53
fffff5b3
fffffda3
ffffd853
ffffe6bc
ffffdd69
ffffdc23
ffffec1a
ffffecf0
fffff4b5
fffff66c
fffff947
fffffd03
fffff57d
000006fe
000004e4
00000ddb
00000be9
00000e94
fffff9c5
fffffc60
fffff85a
000000e3
00000552
000007fe
00000df3
00000a22
00001312
0000091b
0000208e
000000dc
00001723
00000cac
000004e8
00000c24
fffffa4f
fffff694
ffffee20
ffffe268
ffffe7a3
ffffe76e
ffffeb91
fffff2ff
fffff467
fffff82d
fffff36a
000001e0
fffffb82
0000024d
000007a2
000014bd
fffffb03
00000570
0000026b
00000bbc
00000cc6
00000d5f
00000c44
00001153
00001a8c
00001a0a
00002e99
00001330
00002bff
0000296e
000022e4
00000a7e
00000e42
00001463
00000dc0
00000147
fffffd4e
ffffffa0
ffffe95e
ffffee40
fffff111
fffff317
fffff9fc
000008b5
000007f2
00000d46
00000b58
000013c5
fffffcad
00000787
00000cfa
00000a0f
00000a3c
0000046a
00000d94
00001ba4
000020d8
00001ae4
000022dd
00003a2b
00003b88
000040df
0000417a
00001b36
0000125f
0000259f
000019a4
00001498
00000e0e
00000f2b
ffffea0a
ffffdba5
fffff045
ffffe726
fffff987
0000060d
000013db
00000f0e
00001b9f
000022f4
ffffffb8
00000278
00000d33
000005ca
00000f2b
00000f3b
00001251
00001055
000013da
00001128
000019d2
000022c8
000032da
00002b90
00003a50
0000175e
000002ab
0000103d
000010d1
00002235
00002121
0000220e
fffffac9
ffffdcea
fffff6bb
ffffd4c0
ffffdd0f
ffffe9a7
00000c43
00001ed8
0000267b
00002dd9
ffffffd7
00001183
00001ef4
00001e81
00001217
000012c6
00001760
fffff6e8
fffffb34
00001424
00001903
00002649
00002aa4
00001f97
00002277
00000ff0
0000190a
00001e37
00001201
0000005c
ffffff92
000006c8
000006d1
ffffe823
fffffd7f
00000338
ffffe818
fffff194
fffff296
00000c8a
00001e79
00002140
fffffb56
00000be9
0000141a
00001986
00000ae0
000010f4
0000098e
fffffd55
00000627
00000bcc
00000ece
00002dff
00001ad1
00000d69
00000301
00001344
00001d67
00001747
0000094d
00000c1f
fffff879
0000124f
00000de0
000015b4
0000138b
000018d9
00000bd1
00000f43
00000649
000018d4
00002763
00002886
ffffe8ca
fffff40b
fffffea9
fffffe24
fffff962
0000053e
00000db8
00000b22
00001cfb
00002137
000007fb
000007f6
fffffaf0
00000424
00000c2b
00000d9b
00000cef
000001df
00000312
00001115
000010f2
0000086f
0000078c
00000ec6
00001773
00001bf4
00001aac
0000085b
000001df
00001c49
0000135b
0000217e
00000c2a
00001325
0000237e
00002112
000028a9
00004196
000042eb
00004594
00004599
00003659
00002e87
000022d0
00002eae
00003404
000036ef
00002808
00003039
00002cc4
000025fe
000028e9
00002f5c
000031e0
0000364c
000038ee
00003932
00003554
000035e0
00002bf3
00002f00
00003204
00003941
0000355a
00002140
0000172e
00001441
000014b4
00001099
00001178
00001086
00001558
000013cd
000014f5
000016d0
00001426
00001545
00001441
000015d6
000013ec
000012a6
000017f9
00001884
000015d4
00001993
00001a43
00001ac3
0000189d
00001352
0000115c
000018f7
00001802
0000176b
00001519
00001878
00000fdb
00001a68
00001400
000017fa
0000187c
000017fe
00001124
00000c88
00001135
000011db
00000e31
000011b3
00000de2
00000fbf
00001464
00001452
00000f03
00000a93
00001023
00001621
00001950
00001281
00000e41
000011db
00001a08
00001ab0
00001887
000018ed
00001886
00000b49
00000689
00001317
000018ee
0000223f
00001cf2
00001c6b
00002230
000024ac
00001d3d
0000194a
00001930
00001c46
00002156
000019da
000016fd
0000183c
00001ee8
0000273c
000025b8
0000197a
000017f0
00001d2f
00001dcd
00001d1c
0000180c
00001620
00001c87
00001fda
00001b89
00001e5d
000017c3
000012cb
000011b6
00001ca2
00001f5c
0000264f
00002030
00001cb7
00001e77
000022d9
000019e0
00002343
00003299
00002f90
00002731
000031a0
00002a80
000020b7
00001ad5
00002328
00002697
0000232c
00002128
0000236d
00001ec5
00001f3e
00001b67
00001cbe
00001b2b
00001c61
00001d73
00001d4a
00001e99
000018fe
0000187a
00001e00
00001ba1
000024f3
00001ed6
00001f31
00001cb9
00001e32
00002256
0000479d
000076b8
00004155
0000389f
00002adc
00002887
000028dc
00001e4c
00001a22
00001d37
0000244d
000024c6
00002be5
00002cab
00002546
00001db4
00001ca2
00001bfc
00001f01
00001e4e
00001af0
00001877
00001a70
0000190d
00001cb1
00001bde
00002494
00001f41
00001a53
00001c34
00001705
00000d11
000026fe
000049a2
00004191
00003434
00001bb7
00000bd1
00001a54
000021eb
00001c56
000017e3
00001b6d
00001c0c
000022ab
000021f3
00002178
00001ef0
000021dc
00002065
00001f96
00001aa0
000019dc
00001819
00001e93
00001cd3
0000252e
00001e96
0000257f
00001abc
000011b5
00001126
000013c4
00002197
00002799
00003f5e
00001c55
00001abc
000021fd
00000790
00000ea8
000028b1
000024a2
00001c04
00001cee
0000135e
00001796
000016eb
000014a9
00001e21
00002891
00002520
00001972
000014d1
000018c3
00001904
00001b1b
00001993
000021bf
000019d3
0000371c
00002d96
00002123
000017d3
00001ab7
00001e1d
00002fab
00003296
00000ea0
000011ad
000011dc
00000cf7
00001831
000039d9
00003b69
00002d99
00002498
00001a24
0000184b
0000138b
0000170f
00001ea5
00002ac4
00002f95
00002296
00001ddf
00001ae9
00001ea8
00001e6f
00001f4e
000021aa
00001ed0
00004449
00003648
00002e42
00003034
00002df9
00001c3b
00000ec0
fffff8ec
0000067e
fffffd3b
fffffd51
00000567
000010ed
0000367f
000051f4
00003ca6
000037d7
00002de3
0000336f
00003a50
00003cda
000038f4
00003a88
000033f0
00004064
0000366b
00003c28
0000311e
0000352d
0000371c
00003bdf
00003186
000033cc
000035d6
000028d6
000034e7
000053dd
00002be6
fffff6f4
000004a5
000022fd
0000164e
0000087b
00001113
fffff40a
00000a4e
000044bb
00005119
0000468c
000033fa
00003094
00003984
00003d8f
0000361b
00002653
00002b2d
000033e6
000037fb
00003ab7
00002ba0
00002d01
000030ff
00003e82
00003215
00002d71
00001f3d
00001438
00001b68
00003876
00003ece
0000094e
fffffe93
000018ba
00002dbf
00001e31
000004f1
fffff315
ffffe289
00000513
000034d9
00004784
0000329f
00002301
000023f5
00002dd3
00002905
00001e3d
00001768
00001ca2
00001db9
00001dd5
00001c69
00001ce9
00001d6a
00002daa
000031e4
00002ea3
000016d1
00000b27
00000b5d
00001113
00002c39
00002004
fffffe09
fffffb39
00000ede
0000233f
0000093e
fffffade
ffffe8ff
ffffeee7
0000102c
0000290a
000031bb
00002e66
00001de3
000024e9
00002409
00001a74
00001218
000012ef
00000fa1
00000f29
000011e3
00001007
000012c3
00001f08
00002a41
00002d4c
00001890
00000d3d
000009d9
00000c03
000013f2
00001b70
0000039c
fffff097
fffff659
000002ab
000009c6
00000a56
00001081
ffffff0d
000005fa
000011b7
000013e6
000011c9
000012dc
0000101a
000017c3
000019ae
00001ef9
00001ed0
0000185b
0000129b
00000ebc
0000100f
00000ef5
00001ff9
0000201c
00002d2b
0000187a
00000bc9
000009a2
000008e5
00001c3a
000018d3
00001092
fffffce7
0000067c
00001468
00000b86
00001908
00002186
00001d59
000027df
00001136
00000ad4
00000578
0000017f
00000558
00000a04
000000e0
00000916
000010d6
000014f6
00001ea6
000019c9
0000113c
00000e43
00001d41
00001c9c
00002747
0000125c
00000c18
00000b86
00000880
000019b6
0000143f
000014f1
00000ed2
000020f6
000024d2
00000e2e
000021fb
0000252f
00001f03
00002086
00001a34
00001599
000018e3
00001f4a
00001fdd
0000129c
0000042c
00000477
000000e7
00001049
00001804
000024a7
00000e79
00000a7c
00001c20
00001b86
00001b52
00000c7a
00000868
00000d31
00000d0e
00001b1b
00001206
00000ad0
00001184
000014d5
000019b4
000011e3
00002c2e
00002627
00002014
000025c3
000016da
00001523
000023f9
00001eca
00001c40
00001d01
00001acc
000019c5
00001329
0000062a
00001245
000010bf
00001928
00000c57
00001c3b
0000197e
00001899
00000afe
00000b97
00000a23
00000cd0
000012bd
00000c60
00000709
000018b7
00000748
000010e5
0000154c
00002acc
00001ee1
00001b36
00002082
000016fc
00001983
00001a6a
000016b9
000016dc
0000151c
00001602
000016f2
0000158f
000014c2
0000111b
0000056f
00001280
00000d4f
00001573
00001245
00001c4c
00000dd8
00001082
00000d7c
00000ea8
000012ce
00000f14
ffffffe3
000012f2
fffff95f
00000b44
00002cce
00002dd4
00001c6d
000019cb
000019ab
00001468
00001384
000013d5
0000163e
000013ae
000011e7
000010c3
00001727
00000fc4
000012c4
00000a62
000003fb
00000d43
00000f5c
000012d6
00001428
00001acb
00001098
00000fc4
00001207
0000142b
00001434
00001172
00000422
000007dc
fffff7f9
00000117
00001279
00002c63
00001ce3
0000194b
000017f3
00001393
00000f97
00000e5e
00000f07
000011cd
00000db1
00000dad
0000126a
0000102f
00001367
000008f9
000006b9
00001021
00000e6f
000012ce
0000152c
00001885
00000e1c
00000ed3
00001140
0000110b
00000e8a
00001844
0000036a
fffff8e0
00000ffc
ffffed30
ffffdad0
00000339
00001a86
00001d2b
000012ea
0000143f
00001261
00000dff
00000d4f
00001036
000012ba
0000101d
0000146f
00000e58
00000e39
00000694
0000089c
00000ebf
00001408
000017bb
0000155b
000017c8
00000a9b
000007b8
00000d11
00000e1d
00001214
0000214c
00000e2d
00000275
0000198a
00000e40
ffffe88c
ffffe8ea
00001964
00002d79
00002149
000010e9
00000fa4
00000fba
00000e15
00000f9c
000011d4
00000fce
0000139e
0000109f
00000d15
00000b49
00000869
00000dc7
0000128d
00001a89
00001980
0000179d
000010f3
00000e89
00000ed2
0000125f
000018c9
00001ea5
00002020
00000fee
0000151b
0000247f
fffff972
ffffee28
00000fb2
0000368c
00003674
000021b4
00001446
00001320
000010ca
00001191
000013fc
000010ab
00001382
00000fda
00000ded
00000d45
00000453
00001554
00001419
0000216d
00001c19
00001958
00001361
0000152e
00001344
0000180a
00001c00
0000254b
00003e02
00002c57
00001955
00002852
00000f7f
fffff038
fffff4e8
fffff597
00001f7d
00002b17
0000160f
00000f1b
000009d8
00000f82
000014a0
00001fa6
00001370
00000b22
00000e85
00000f25
0000007b
000018f2
000017ef
00001f9b
00001cd4
00001c89
00001a31
0000199b
0000175f
00001c6a
00002158
0000219b
000029de
00003b5b
00003743
000022dd
000026c6
00000d54
fffffcb2
ffffd5c5
ffffea83
000014e1
0000188d
00000eb8
000012e3
00001217
000016cd
000017d1
000010b5
00000f3e
00000e48
00000d68
00000d10
000018d3
00001631
00002264
000024b0
00001b21
000017e1
00001fcb
00002070
000024f2
00002249
00001e97
000029a0
000024fc
0000350d
00003b6b
00003fd6
00002a9a
00001a74
fffff333
fffff828
fffffaa4
0000112d
0000270d
000032a8
0000461c
00003d60
000020f5
0000107b
000011b0
00000ed4
000011cc
00002390
00002b3a
00002744
00002d8c
00002e7a
00001ff8
00001e2c
000024ad
00002452
00001ebe
00001fa2
00002032
0000271f
00001f60
00002b7c
000028f2
00004235
00003868
0000365f
0000152a
0000041a
fffffc47
000008eb
000016c1
000021f4
00003a56
00003d23
0000375f
000028fb
00003157
00001dc2
00000f0f
00001648
00003ced
00003622
000029bb
00002d44
00002be8
0000273b
00002a0e
000026ea
00002589
00002185
00001a55
0000227c
00001902
00001d9a
00001ffd
00001d6d
00002dea
000038e2
00002629
00002f38
0000164e
000017a3
00001afe
00002210
00002740
0000199c
00002f2e
00002ba1
0000340f
000037c8
000012cc
00000f5e
0000273a
000032b6
00003442
0000319f
000028b3
00002857
0000271f
00002aff
000026b6
00002150
00001d7c
00002313
00002394
0000233c
00001f5c
00001dd1
00002b1f
0000395c
000024ba
00002604
00001f69
00002cbb
000036b4
000023b6
00001849
000005c0
000019cb
00002bf5
00001ab0
00003802
00004311
000026d7
00001d31
00001aa8
00002ff3
00001cd2
00002d01
000025d6
00001f18
00001cd8
00002288
00001b5e
0000245e
000022e7
00002910
0000319d
00003165
00001dea
00001ee1
0000351e
00001ab0
00001e6c
00002617
000020cf
00001e6e
00002537
00002747
00000c37
000011d6
00002340
00001e3f
00002e20
000041da
00003aab
00001e22
00001933
00002b60
00001d2d
00002d6c
00002340
000022eb
000019eb
0000238e
00002186
00001b31
000028a5
00002880
00003986
000039fd
00002a5e
00002098
00002a07
00001f7a
00001cd2
0000253b
0000198c
00001085
00001281
0000259c
000028b1
00001f33
00002177
00001a08
00001a05
0000341c
00003bf5
00002be6
000020cb
00002d1d
000026d9
0000354a
00002c27
00002eed
00002a9a
00002e8e
000031f5
00002ff5
00002e19
00002eb5
000037c1
00003f45
00003107
0000246e
0000276f
00001ea4
00002852
00002d0a
00002f7f
00002810
00001c98
000020d6
00002462
00001da4
00002080
00001c8f
00001d37
00002976
00002e60
00002598
00002425
00003cc3
0000340c
000015ad
000014e9
00001820
00001578
000019c4
00001cd3
0000193d
00000aea
000006bb
00000eff
0000104a
0000286e
000028c9
000021b8
00001664
00001712
00001595
00001da7
00001f7a
0000193e
0000109f
00001ddd
000026cb
0000225e
00001bac
000013d6
00000d99
00001864
0000155c
0000194e
000017d3
000029d2
fffffe0c
000006fe
000004fd
00000bb9
00000ee7
00000dc1
00000f45
00000da4
00000af4
00000dc9
00000d0a
00000e29
00000ec4
000009ac
00000b24
00000df4
00000df3
000007b2
0000064e
000010c8
00000d89
00000a62
00000795
0000055c
00000403
00000d82
00000e6d
0000107a
00001004
00000baf
ffffff0d
00000998
fffffe39
000005ad
fffffed1
00000637
00000bd9
0000090d
00000774
0000093a
00000767
00000ee6
00000efa
00000c16
0000054a
000006bc
000003a9
000003cb
00000af3
0000060d
000002bc
00000bbd
00000aea
000004bc
000005a3
00000697
00000417
000005c1
00000a59
000003dc
0000047b
0000015d
0000012d
00000441
fffff71d
fffffbdc
fffffb5d
00000164
00000c48
00000d6b
00000fdb
00000a89
00000702
000008c4
00000683
000007c1
00000522
fffff888
000001e9
000001c4
fffffffe
ffffff76
0000009a
00000b46
000010a7
00000b10
00000135
fffffc83
fffffec9
ffffffa8
00000462
000002cd
00000734
0000062a
000001ba
000003f8
fffff5c4
fffff9f0
00000175
000002f3
00000bfd
00000f80
000014bf
00000536
000009e5
00000636
00000a3d
00000b80
00000a6b
fffff0e4
fffff96c
00000201
000005a7
0000022a
0000080e
00000ba9
0000094f
0000047a
fffffca3
0000002d
000007a4
0000028c
000009ce
000008d8
0000086c
0000070d
ffffff4b
fffffbcf
fffff979
0000008d
00000b67
000009de
00000c8b
0000189c
00001c91
fffffb57
000017c1
00001511
00000023
0000047b
00000354
fffff900
fffffe74
0000095c
00000928
000009c4
00000eef
00000aec
000001e0
000000f0
0000011c
000005d6
00000e61
000009e0
0000053a
0000072f
00000970
00000640
000000ff
0000000e
fffffac8
ffffffa4
00000873
000009ba
00000d7c
00001ff5
ffffea6a
00000190
000015d1
00002105
00000b65
fffffee2
fffffbd2
0000020c
00000d1d
00000c72
00000bf7
00000a6c
00000e48
00000494
ffffff4b
00000147
000008ba
00000da1
00000f8f
00000944
00000b40
00000630
00000442
00000295
00000801
000002b1
fffffb10
0000038e
000005aa
000003f2
000002e1
00000d8b
000025c3
ffffff4c
000001e4
00000b14
00001764
00001045
00000356
fffff643
fffffd66
00000162
00000725
00000749
00000ce2
fffffaa1
fffffd4d
0000062c
00000aa0
00000db2
0000069b
00000388
000003f7
0000065d
000003f0
00000636
00000641
00000303
000005b7
fffffed6
000001d8
00000430
fffff965
ffffe26e
00000aa7
00000970
ffffd4d7
fffffb26
00001ab8
00000a40
ffffefdf
ffffeed1
ffffec84
fffffa57
00000122
000003fb
00000017
ffffef7e
fffffa8c
fffffa59
fffffbd8
00000193
fffffd3c
fffffefb
00000446
00000679
00000489
00000016
000004fb
00000090
fffff5af
fffff402
000004ea
00000b67
fffff6d9
ffffd536
ffffd424
ffffed1f
ffffe9f0
fffff081
00000c8f
fffff074
ffffe14c
fffffc35
ffffeff4
ffffe955
00000239
0000001e
fffff906
fffff0b3
fffff966
fffffcc2
ffffee4d
fffffba0
fffffd43
00000099
fffffe57
0000036c
000004ca
fffffe40
00000282
00000241
fffff23f
fffffb3e
0000082f
00000edf
00001bae
fffffe72
ffffc0ed
ffffef47
fffff4ee
fffffed4
ffffcf18
ffffdeb9
ffffed52
ffffebfe
0000092d
fffff6f3
fffffce5
fffffb22
fffffa03
fffffdf5
00000690
0000070a
000000b1
00000a86
0000047a
00000000
000002b9
00000791
0000063c
00000748
000007c1
000001d9
ffffef8e
fffff26e
000010ad
0000142f
0000209c
00003263
0000190d
ffffe036
ffffec72
ffffebe6
ffffb93a
ffffe1c1
ffffe00a
ffffdba2
0000011c
fffff946
fffff189
00000ae2
00001376
00000f23
000019d4
00001bc7
0000142e
000012d9
00001320
00001160
000012af
00001952
00001848
00000ef6
00000ff0
000007c0
fffff02e
ffffeb33
00000423
00000b54
00001c34
000032f0
00001ad8
fffff04c
fffffa43
ffffe8ed
ffffe960
ffffed63
ffffe9ea
ffffd153
ffffd40a
fffff2b9
ffffff7f
fffffa1b
000009b5
00000adb
fffffea9
fffff7ff
ffffff3e
fffffc9d
fffffe19
00000143
00000101
00000193
000007fa
000008ad
00000aaf
0000046b
fffff3cf
ffffedd2
000005fc
000009dc
00000f2e
00001d92
000009b7
fffff633
ffffec01
fffff162
fffff948
fffff3f5
ffffe184
ffffc4e7
ffffc3f0
00000d26
000018ac
0000088c
ffffff19
fffff868
fffffab1
fffff8ed
fffffdbf
ffffffdb
000001d6
fffffc0c
fffffd2d
fffff902
000001d2
000001ee
0000049e
fffffebc
fffff39e
ffffeb34
000001ca
00000176
0000041b
000007a0
0000029c
fffff6e6
ffffee32
ffffed08
ffffe9c4
ffffde5f
ffffd523
ffffddd6
fffffce6
00001257
000016c0
00002453
00001611
00000437
00000572
fffffdc9
fffff9ac
0000007b
fffffc31
fffff9a7
fffffc7b
0000040c
000001a4
000003a3
fffffff8
fffffe6f
fffff98b
fffff758
00000284
00000300
000004eb
00000279
000001c0
ffffefca
ffffedfd
fffff320
ffffddf5
ffffb7ee
ffffd75c
000005db
00001523
00001650
0000121a
00000b52
00000d48
00000d17
00001a45
00000cfb
000008b2
000017a1
00001635
000005ed
ffffffaf
fffff230
fffff1c7
fffffc82
00000508
ffffff53
ffffff86
ffffffcc
00000bdf
00000af0
0000065c
00000620
00000216
ffffe5d1
ffffe86c
fffff41f
ffffe1c9
ffffc83f
ffffdea4
00001450
000014d6
000010c3
0000089a
0000109a
0000171c
000015c7
0000118e
00000e54
00000fcf
000002f7
00000c0b
0000109d
ffffff56
fffff1e3
fffff7dd
0000025d
00000803
00000489
0000047d
000003c9
00000b1b
000010cc
000008f9
0000095b
000004cf
ffffe428
ffffe4fe
ffffe3f5
fffff621
ffffe95d
fffff6c5
00000528
00000dcb
000009b1
00000a00
00000b79
00000afd
00000d7b
00000da4
00000f31
00001462
000012cd
000005f8
00000855
fffffd32
fffff5bc
fffff986
0000088c
00000817
000004bc
00000398
00000096
00000c98
00000eff
00000eed
0000138b
000007fb
ffffe176
ffffe25b
ffffdc23
fffff116
ffffdec5
fffff511
fffff3a0
0000065c
000003e0
00000942
00000c7d
00000e7c
00000d80
0000094e
0000067c
00000c13
00000f2c
00000cd9
00000feb
0000086f
fffffbec
fffffa99
000001ba
00000840
00000277
fffffc55
fffffc77
00000a89
00000c90
00000fd1
00001420
0000055c
ffffe482
ffffd853
ffffe84a
ffffdf55
ffffd73b
ffffe6bd
ffffe2a6
fffff8c1
0000060d
00000b08
00000873
0000068a
00000ab5
00000698
000008c0
0000093b
00000565
00000846
00000c7d
00000661
fffff57f
fffffa05
ffffff58
00000742
000004fd
fffffd37
fffffd7b
00000625
000008e5
00000ae1
000010a2
00000a65
fffff3b8
ffffd800
ffffeeba
ffffdc41
ffffda2a
ffffe3cd
ffffe4c5
ffffec9d
00000570
000004c0
000004c5
000002f6
0000047e
00000e1a
000008a3
00000750
000008d7
0000016e
0000055f
000007a0
ffffef9d
fffff15e
fffffdd3
00000612
000002d3
00000566
000005e6
00000521
000000ae
00000400
00000d47
00001299
fffffff5
ffffd30f
ffffe614
fffff06a
ffffd69f
ffffe2a0
ffffe13f
ffffeabe
000003e1
fffff983
00000154
000001cb
000005f7
00000dd7
000005e5
0000046e
0000089f
00000516
000007d6
000007c4
fffff4d7
fffff1dc
fffff916
000006d4
00000449
000004e3
000007a0
000006dd
000002f7
000007a8
00000941
00001787
00001689
fffffa21
ffffdfe4
fffffc18
ffffea7b
ffffe756
ffffdef5
0000013d
00000682
fffff1d5
fffff7e9
00000532
00000546
000007df
00000e6b
000005e7
000006be
00000841
000009b2
00000be0
fffff0d4
fffff292
fffff76b
00000a3b
00000436
000004e2
00000366
000001f0
000003ae
0000028c
000004e6
00000eaf
00002762
000029c0
000001d5
fffff116
fffffbf2
ffffe424
ffffe6ee
fffff1fe
000001d9
fffff2e1
ffffdb56
fffffa86
fffffc8e
fffffe24
0000046d
00000c44
000002a6
00000329
00000d87
00000c24
fffff52a
fffff2da
fffff485
00000385
00000304
fffffdf1
fffff9a2
000000ef
fffffd57
00000076
fffffdcf
fffff747
00000789
0000203e
000028c8
0000184e
000004a0
fffff21e
ffffe8c9
ffffd662
ffffe620
ffffe07b
ffffe454
fffff973
0000076b
00000bd7
000003a8
fffffa51
ffffff51
000000f1
00000c85
00000692
fffffb24
fffff3f7
fffff767
000004c9
000005c4
fffff690
fffff11e
fffffb51
fffff648
fffffa2c
ffffff30
fffffaed
00000304
00000d57
000026cb
00001be4
00000d1e
ffffe500
ffffd4ba
ffffd35f
ffffd2ed
ffffcf74
ffffe5ae
000003c1
00000092
00001443
000013ef
fffff46d
fffffc79
000005ee
00000998
fffffdeb
ffffeea6
fffff6e4
fffffbd9
00000326
000003f9
fffff73e
ffffff47
00000c13
00000841
0000085c
00000e8a
000013d2
0000158a
00001189
000015bf
fffffcd6
fffff16c
ffffe424
ffffdabd
ffffd869
ffffee3d
ffffe715
ffffeb2a
ffffec87
ffffeeda
00000c5a
0000097d
00001078
fffff8e2
00000d22
00000c4f
fffff2a4
ffffe4fc
ffffe5eb
fffff663
0000044f
000006d1
ffffef02
ffffefa3
fffffd23
00000fbb
00000ec9
0000147f
00001280
00000c0c
00000479
00000da5
fffff735
fffff800
fffff445
fffff5b5
ffffe704
fffff79c
fffff650
fffff8a9
00000660
00000bb0
000007a4
00000c80
0000197b
ffffe60c
fffff9e5
00001269
fffff676
ffffefeb
ffffe31e
fffffef6
00001592
000005fe
fffff3f5
000001e6
0000121d
00001ab3
00000e77
00000ac9
00001238
000011db
fffff947
000002d9
00000445
000019fd
00002614
00002cb3
00000616
000003bf
00000b22
00001b45
00001d7b
00001681
000003e8
fffffc8e
fffff9f5
ffffe910
ffffebde
00000daf
00001a3d
00000ef3
fffff34c
00000c0f
000014b0
00000729
000004ff
0000028c
000017d8
00001871
00001234
00001803
000015cc
00001b7e
00000f90
00000ef8
00001225
00001c68
00002090
00002518
0000261d
00001293
00001d38
00002116
000012fc
00001876
00001509
00000527
00000d40
0000060c
0000041d
fffffbc4
00001c9d
00001788
0000139e
000007ef
000005a0
00000342
fffff841
fffffe14
000009ae
000014aa
00000d80
00000585
0000091b
fffffac8
ffffff38
00001102
000025ac
00001e7c
000013e0
00001e9e
0000187c
00000c5c
00000903
000015ec
00001056
fffffe85
0000014d
00000f7e
00001bae
0000232b
000028b6
00001031
00001c23
00001820
000018a0
00000ed1
000011ad
00000229
fffff750
000008c9
000003b1
00000a58
00000d5a
000014de
00000a65
00000c30
000023b1
00001924
00001883
00002313
00001274
000002a5
fffffe26
000006ad
000009fd
0000065d
00001040
0000128c
00000050
0000068b
00000b4f
00000bb2
000022f7
00001f00
00001e2a
000022b2
0000146c
00000603
00001122
00000d2e
fffffbd8
0000190f
00001484
00001900
0000174f
00001d5c
000022fe
0000140b
00000fdd
00000a66
00000db6
00001232
00001fc6
00001ea1
00002156
00001f2f
000011eb
00001d4e
00001c4b
00001c8a
00000f94
00000df0
00001a1a
000025cf
00001e88
00001b0d
000013b1
00001bec
0000249b
00001a73
00000d57
0000044e
000001ac
0000038c
ffffffd1
ffffffd7
fffffd0e
fffffd31
fffffde6
fffffd3e
fffffd46
fffffd04
fffffffa
fffffd87
fffffacd
ffffff6b
ffffff53
0000009d
fffffdb8
fffff9b1
00000439
ffffff1d
fffffac3
0000003a
fffffdf6
ffffff5b
00000167
000001af
fffffa8a
fffff772
fffff823
fffff9cb
000001c5
00000b91
000005ec
00000024
ffffffb0
fffffbf4
fffff66c
fffffafd
fffff4b4
fffff721
fffffaea
fffffb04
fffffa16
fffffaee
fffff713
fffffaac
fffffc43
fffffe04
fffff9f9
fffff76b
fffffc6b
fffff80c
fffff698
fffffde2
fffffcec
fffffdc8
fffffc4c
fffffc76
fffff558
fffff4df
fffff825
fffff797
000001b5
ffffff6c
000004bf
ffffffeb
000003dc
000001bc
fffffebc
fffffd35
fffff7fa
fffffd6f
fffffb13
fffffee7
fffffb57
fffffe81
fffffd33
000000b9
fffffe90
fffffbff
fffffc67
00000061
00000406
fffffc47
fffff8ea
ffffffa5
0000001a
ffffff5f
ffffffb3
00000326
fffffcf9
fffffc02
00000227
00000353
00000488
ffffffb6
00000058
00000559
0000006e
000000b7
fffffd48
fffff720
ffffff15
fffffb72
fffffde9
000003c3
fffffccb
fffff897
fffffb45
00000442
0000040f
ffffff71
fffffcff
0000017a
000004a7
fffffb40
fffff7f6
fffffbaa
fffffcbc
000000cc
000000a6
ffffff06
fffffbcb
fffffc18
0000027e
00000194
00000267
000001bc
000003ef
000002b8
fffffb07
fffffbfb
fffff61a
fffff5d1
ffffe34e
00000a04
00000a69
ffffff2a
00000054
000001ea
fffffaf4
00000426
0000011c
fffffcce
fffffd24
000000f6
fffffc53
fffff839
fffff25d
fffffc61
0000020a
000004c3
fffffce2
fffffb2f
fffffc67
fffffb19
fffffe5f
fffffd20
000000d8
fffffe0c
00000357
ffffff19
fffffca0
fffff9dd
fffff6a6
ffffee7c
ffffd83e
ffffffae
fffffa81
ffffecc9
fffff4dc
fffff8e9
ffffff06
00000bbb
ffffff93
fffff6de
fffffc51
00000017
fffff64b
fffffc1d
fffffbc2
fffffd7a
00000013
fffffef1
fffffc6f
fffffa0a
fffff9b9
fffffb10
fffff9c8
fffffa96
fffffe9f
fffffd6e
00000827
000005d8
00000064
fffff9d1
fffff6b0
ffffdfc1
ffffecf9
ffffe594
fffffc6a
ffffe6ce
fffff56b
ffffff79
000000bf
00000ca1
000006cd
0000027d
fffffdb9
00000095
fffff573
fffffd34
000001d2
000002ba
000003ac
0000027d
000002c0
000000ce
000000cd
00000132
fffffd05
fffffbde
ffffffd7
ffffffbf
fffffcad
00000c41
00000318
fffffcf5
0000054d
fffffeac
fffff917
fffff3b8
00000542
fffff83f
fffff38a
fffff5ff
fffffa9d
000004e0
00000de7
000005fc
00000419
00000a26
00000237
00000a85
00000867
000007f8
000002e0
00001178
00000739
00000b10
00000433
00000e74
0000046c
000001a2
000004c7
000004e7
fffff928
000007bb
fffff3c2
ffffea97
ffffef24
0000061b
fffffb20
fffff54c
00000d28
000013ee
fffff240
ffffe921
fffff16e
ffffeda1
00000c26
00000650
fffff927
fffffaba
fffff868
ffffff84
00000450
00000038
fffffd42
fffffe08
fffff982
00000339
fffff3b1
fffffe55
fffff819
fffffb4c
000001ed
00000836
fffff690
fffff9f8
ffffeb84
ffffddc1
ffffdbaa
ffffe35f
fffff4d6
ffffe57f
fffffb43
ffffff32
ffffee92
ffffee78
ffffef05
ffffcfd6
ffffe209
00000286
fffffba9
fffff548
ffffe91e
ffffec87
fffff95b
fffff0f9
fffff0a5
ffffe114
ffffe79e
ffffeaad
ffffefd0
fffff1ec
ffffe54f
fffff188
ffffed78
0000059d
fffffbb3
fffffdf3
fffff151
ffffe5bb
ffffdacc
ffffcab9
ffffd873
ffffd403
ffffe03c
ffffd729
fffff2ce
fffff166
ffffedeb
ffffe857
ffffe1ac
fffff252
00001286
fffffea3
ffffec3a
ffffea2c
ffffef5e
ffffefd8
ffffec49
ffffeb92
ffffee3c
ffffeac9
fffff10b
ffffed99
ffffeb6a
ffffefe1
ffffeceb
fffffdb6
ffffffa0
00000542
fffff8d9
fffff8c5
ffffec17
ffffce32
ffffd138
ffffda72
ffffd0fa
ffffbacc
fffff1c8
fffff123
fffff820
0000014d
000002bc
fffff0f4
00000c70
00000a10
fffff9e9
fffff2e3
fffff78b
fffffbac
fffff9b6
fffffeb4
fffffc7d
fffffa8c
fffffc85
fffff7d5
fffff9a5
fffff94b
fffff9e9
fffffc2c
000002d7
000004b1
fffff935
fffffcb6
fffff712
ffffea1b
ffffe4e1
ffffe32c
ffffd8cf
ffffe405
fffff51e
fffffb5c
000004ee
000007bb
ffffff32
ffffe9af
ffffed18
ffffec75
fffffaea
fffffd1e
fffff888
00000069
fffffcdb
fffff497
fffff7fa
fffffed9
fffffe3d
fffffdcb
fffffb64
0000003c
fffffdda
fffffcd9
00000155
0000019d
fffffa7f
fffffbe2
fffffc62
fffff3f6
ffffef3d
ffffe93c
ffffec6a
fffff831
00000928
000010e5
fffffff2
ffffedba
ffffdc98
ffffda0d
ffffe7f9
ffffe58e
ffffe210
ffffef20
ffffeafc
fffff1a3
fffff28b
ffffecd6
fffff6bb
fffffe83
0000038f
000001cc
fffff995
fffffe83
fffff746
fffff934
000000f8
fffffcd1
fffffabf
fffffc59
fffffd5f
fffff356
fffff26d
ffffe7a3
fffff4e4
fffff3c7
00000ace
00000dcb
fffffacc
ffffd47d
ffffd3bf
ffffe843
fffff36f
fffff858
fffff22a
ffffeedc
ffffe218
ffffdec2
ffffe9e3
ffffe153
ffffdbf2
ffffe9eb
fffffb34
00000e45
0000007c
ffffff03
fffff969
fffff493
00000232
fffff821
fffff6e5
fffffdf7
fffffa39
fffff4aa
ffffec09
ffffe81a
fffff684
fffff45a
fffff082
fffff738
ffffee21
ffffdac7
ffffe88e
fffff0c1
fffffe28
fffff173
ffffebab
fffff0ac
ffffe9ca
ffffe9b1
ffffea50
fffff591
fffff109
ffffea26
fffff417
000002af
000001bd
fffffbdc
fffff95d
fffff4b6
00000015
fffff5df
fffff5a1
fffff60f
fffff727
ffffee95
ffffed29
ffffedb1
fffff685
fffffbab
ffffe89e
ffffec64
ffffe6cb
ffffed86
fffff810
fffff5cc
fffffba0
ffffed82
fffff454
fffffaab
fffff885
fffff698
ffffedb0
ffffedbd
fffff439
ffffed61
fffff811
fffffc1d
ffffffdb
fffff773
fffff4e9
fffff70b
fffffe26
fffff504
fffff845
fffff61f
fffff56e
ffffedef
ffffed87
fffff038
fffff218
fffffb4e
ffffd8cb
ffffe9a4
00000200
00000386
fffff5de
fffffa80
fffff32b
fffff39e
fffffaa9
fffff860
fffff60a
fffffcb1
fffff78f
fffff5fe
fffff46e
ffffec15
fffff773
fffffb9e
ffffeec7
fffff84f
fffff7e1
fffffa9b
ffffff93
fffffbcc
fffff792
fffff805
fffff500
ffffeb79
ffffea5c
ffffedf5
ffffee85
fffff70a
ffffd8c3
fffff904
000015ea
00001738
000007df
fffff8c0
fffff386
fffff5b3
fffff6f2
fffff855
fffffa7f
fffffd51
fffffaaa
fffff83f
fffff99d
fffff28f
fffffcab
fffffebd
fffff3ff
fffff6e7
fffffb84
fffff9ab
fffffdd9
fffffac3
fffffc0c
fffff951
fffff9c3
fffff650
ffffe997
fffff0cd
ffffee03
ffffecbb
fffff1dd
fffff8a9
ffffffd9
00001833
00001001
00000072
fffff746
fffffa96
fffffa8d
fffff9c9
fffff9e7
fffffc22
fffffade
fffff5b8
fffffdc2
fffff3f2
fffffd55
000007ce
fffffa6a
fffffa5f
fffffb80
fffffce2
fffffd7f
fffff789
fffff83f
fffff91c
fffffb01
fffff879
ffffed84
ffffe9b8
ffffef8f
fffff396
fffffff2
fffffaad
ffffe108
fffffb6e
000004eb
000009b9
000007a2
0000021e
fffffb9e
fffffc02
fffffa81
fffffbf1
fffffc70
fffff90d
fffff895
fffff4c4
fffffa62
00000440
fffff275
fffff868
fffffd8b
fffffe37
fffffdfb
fffff9d7
fffffb03
fffffc44
fffffc36
fffff869
fffff2d7
ffffdef6
ffffeba6
fffff445
fffff69c
fffffb98
ffffe151
ffffd803
ffffef8d
00000bc3
000012a6
00000a25
fffff900
fffff849
fffff31f
fffffa5f
fffffc23
fffffbf1
fffffb82
fffff601
fffffc0d
00000503
fffff5e8
fffff900
fffffb4d
fffffd13
fffffc8b
fffffbbd
fffffa45
fffffb30
fffff77c
fffffa02
fffff4b2
ffffe20c
ffffcde7
ffffd979
fffff6f8
fffff4f0
ffffecea
ffffdf9c
ffffdf9b
ffffff94
00000ea3
0000048c
fffff6b9
fffff8df
00000014
0000052f
000000be
0000022e
fffffb84
fffff7c3
fffffce0
0000052c
fffffe0c
fffffdfc
fffffaf0
00000136
fffff7f7
fffff536
fffffa0b
fffff754
fffff145
fffff231
fffffa40
fffff780
ffffdca6
ffffd79d
ffffe600
ffffec71
000004a2
fffff56c
ffffeeac
ffffe983
fffff147
fffffdc4
fffffa65
fffff6f6
00000cce
00000a98
000010c5
00000412
ffffffe4
fffff638
fffffb8d
0000027e
000000da
000003aa
fffffdcc
000001c8
fffffb00
fffffdad
fffffa0f
fffffce9
fffff4db
fffff4b0
fffffbe0
fffff62e
fffff27b
ffffe630
ffffea79
ffffd470
0000048b
000004a9
000003e3
fffff837
fffff1aa
fffff840
fffff37a
ffffec6b
fffff67e
000000e0
0000058d
00000aa2
00000460
ffffff3a
fffffc14
00000b18
000005f0
fffffd32
fffff806
000007b8
fffffc69
fffffd42
fffff2b0
fffff96f
fffffd12
fffff5d7
fffff8ab
fffff2f8
fffff632
fffff0a4
fffff357
ffffe2e5
000006d5
00000704
000005d2
fffffe7d
ffffffda
ffffff62
ffffef6d
fffff4ec
ffffee55
fffff612
00000214
00001325
00000f22
00000da8
00000777
00000c74
ffffff95
fffff9e8
fffff5b9
0000035a
ffffff6a
000002e5
fffffbd7
fffff800
fffff9f0
fffff44f
fffff591
fffff5b0
ffffef81
ffffec15
fffff2d0
ffffe94f
fffff06e
fffff827
fffff972
fffffb69
00000cde
00000cd0
fffff9ea
fffff688
ffffea0c
ffffe223
ffffe656
fffff670
000013a6
0000139e
0000102e
000007bb
00000359
ffffff47
ffffff17
fffff83b
00000444
000001ad
fffffac4
fffff88b
fffffe2e
fffffe0f
fffff4bc
fffffdaa
000005bf
fffffc16
fffff0cd
ffffebe4
ffffcecb
ffffc921
ffffdf14
fffff32f
000005c4
fffff1a9
fffff72e
ffffef41
ffffec1a
ffffec7d
ffffd6f9
ffffeab1
00000c79
ffffed7f
fffff816
000003c5
fffff912
ffffef4e
fffffa73
fffff9d0
fffffa96
fffff804
ffffedba
ffffeae3
fffff866
fffff447
fffff227
fffff076
fffff409
fffff773
fffff223
ffffff7b
ffffec7a
ffffdf4d
ffffdefd
ffffeda4
ffffedb1
ffffe40a
ffffead8
ffffece0
fffff001
fffff8f0
ffffddf5
fffff078
fffff1fd
ffffddb1
fffff0d2
0000006f
fffff91f
ffffec68
fffff579
fffff7a9
000000b7
0000047a
fffff99a
ffffed0b
ffffe88b
ffffe81c
fffffd87
fffffb7e
ffffe842
fffff17b
fffff130
fffff365
fffff9d2
fffffb0a
fffff018
fffff194
ffffebe3
ffffedd2
ffffe3e5
ffffed5a
ffffeb34
ffffeef4
fffff419
fffff9a2
ffffe542
fffff4d4
ffffecf0
ffffee69
fffff37a
fffff7f6
fffffa54
fffffd4d
ffffffd9
fffffe77
fffff5c0
fffff184
ffffefc3
fffff1eb
fffff17c
ffffeef0
ffffea08
ffffdf7d
ffffece6
ffffe801
ffffecde
ffffef49
ffffec98
ffffe9d3
fffff06c
ffffee96
ffffed42
ffffefcc
ffffee4e
fffff013
fffffac9
fffff203
ffffea07
ffffe867
ffffee68
ffffe8f8
fffff0f8
ffffeac9
fffff304
000003b3
fffff11c
ffffe02d
ffffdbd8
ffffde98
ffffdc2d
ffffdce1
ffffe022
ffffd6a8
ffffd769
ffffd531
ffffdb43
ffffd655
ffffdd04
ffffd8f3
ffffdc8a
ffffddd1
ffffd9d4
ffffe0fb
ffffe4f8
ffffe837
ffffea2e
ffffded0
ffffdf6d
ffffe037
ffffdf99
ffffd974
ffffdb37
ffffdfe4
ffffe882
ffffe90b
ffffde0c
ffffe693
0000035d
00000bf1
000009ed
000008c0
000005d7
0000019d
00000482
00000246
0000021f
000005a0
000002f1
00000464
00000312
000006e0
000003ab
000001ee
000007ca
ffffffe6
000003cc
00000751
00000601
00000431
00000a0e
00000cbc
00000803
0000045d
00000bb7
00000f91
00000b2b
00000005
fffff87d
00000388
0000046a
0000145b
00000f30
00000f71
00000b59
00000bd6
00000735
000003a1
000005bc
0000050c
00000676
000007c9
00000ab8
0000103a
00000a2b
00000bad
00000b6c
000005ad
ffffffa8
00000cb8
0000093f
00000858
000009c6
000011e5
00000da9
00000b71
00000d8d
000013c0
00000fd6
0000091d
ffffffad
00000517
00000216
00000fe9
00001038
00000ee3
00000b00
00000d55
00000abe
ffffff61
fffff4f7
000001ea
0000078e
0000063f
0000095a
00000a87
00000ba2
000008ed
00000b49
000009e4
0000042e
00000794
000007e1
000005ea
000009a1
00000dea
00000d31
00000a11
00000c65
000011c2
00001249
00000ced
00000666
00000867
fffffff1
000008bd
0000069e
00000440
00000280
000001ef
00000638
fffff324
fffffbd4
fffffdec
00000737
0000053d
0000097a
00000202
ffffff51
0000082c
0000092d
0000004c
00000282
00000c94
00000c0b
0000088f
00000579
0000043d
0000091f
000005e1
00000970
00000ffb
00000ea4
00000d11
00000412
00000684
fffffcf5
0000007d
000003bb
00000318
00000033
000012ce
fffffddf
ffffffb2
00001850
0000092b
000003f7
0000048b
00000997
00000511
fffff924
fffffd16
fffffeb4
fffffdc3
00000402
00000fc3
00000fd3
00000b1c
00000537
ffffffd6
000000bd
000002da
0000074a
000005ca
0000093f
000007b7
fffffef1
000006fc
fffff7b3
0000014d
ffffffa1
ffffff3e
00000075
00000794
ffffdab6
00000e67
0000414c
00002466
00000e5a
fffffc01
fffff9dc
fffff67c
ffffffd0
fffffb96
fffff685
fffffeca
000008d4
00000ad4
000005ca
fffffed7
000001ce
00000589
00000492
000002f7
000004ae
ffffff07
000008df
000008d8
000004af
000007f9
fffff62e
fffff9fc
fffffad7
fffffa9f
fffff81f
fffff69e
fffffefd
00003bd8
00004f96
00001e74
000009d2
0000029d
fffff3e3
ffffec56
fffffd47
fffff9f6
fffff364
fffff943
000008a9
000004a9
fffffd5f
fffffb68
0000076c
00000633
000000f4
fffffcb7
fffffefc
fffffaa5
0000046d
00000511
000000d5
00000506
000000c7
fffffac0
fffffa22
fffff400
ffffec5a
ffffbea3
00000377
00003b81
00003e68
00001cfc
00000936
ffffeeed
fffff509
000004e2
00000a7d
fffffb5d
fffff2eb
fffff7c5
ffffff8b
ffffff72
fffff2ca
fffff16a
ffffee39
fffffbb1
fffff4d9
fffff7bb
fffff0d5
ffffeb4f
fffff710
fffff7b2
fffffb66
fffffcc6
fffffe33
0000025c
ffffff2e
00000248
fffff4e7
ffffdfa8
00000cf4
00003d42
00001ec0
00000b35
00000666
ffffcd34
0000006e
00001a7c
fffff23c
fffff391
fffff978
ffffff2a
0000031f
000001f3
0000059e
fffffdff
ffffef2d
0000026a
fffff9dc
00000479
fffff85e
fffffbc8
ffffff4d
fffffdfe
00000713
00000757
ffffee7b
fffffc35
fffffd08
00000859
0000143e
fffffe69
00000d4a
00002c4c
0000084f
fffff0fe
ffffcd29
ffffd21d
00001d93
00003536
00000cc3
ffffdd2e
fffff0c4
ffffffaa
000003b1
fffff9df
fffffe0e
fffffc49
00000723
000004d9
0000009b
00000397
0000028b
000009fa
fffffda4
000004d1
00000aa7
000004af
ffffeace
00000031
00000bf6
00000cea
0000145b
fffffb71
ffffefb4
00000656
00001d5d
ffffebdf
ffffc2d2
fffffe06
00001c09
00002782
00003341
000004dd
ffffeba9
fffff459
0000031d
fffffed1
0000006f
0000056f
000010e0
00000bf0
00000dd8
000006be
00000d2d
00000e37
00000621
00000b4b
00000a66
00000c3d
ffffe5e9
fffff814
000001a3
00000b47
00000e4a
fffff991
ffffe304
ffffee8b
00002f36
0000081f
00000451
00000965
00000bcf
00000527
00002275
00001515
ffffeb9e
ffffd545
ffffdd70
fffff155
fffff7e7
fffffe25
000007b1
0000070f
000009f3
0000065d
0000093a
000007c4
00000955
00000893
00000a9e
00001520
ffffe252
fffff650
fffffced
000003ac
000005ed
ffffff14
ffffed84
fffffe97
000018ac
00001d71
0000160e
00000562
000001c3
00001009
0000274f
000031f8
0000197b
ffffef1c
ffffedc2
fffff62e
ffffe041
ffffd7af
ffffddfb
ffffe4d9
ffffe271
ffffe4ae
fffff85e
00000229
0000028b
fffff75b
0000017f
000012ef
ffffe017
fffff0bb
fffffce4
fffffecc
000001c7
00000161
fffffb93
00000163
00000dee
000019a9
0000152f
00000500
00000ad0
000025d0
0000324c
00000b93
00000a01
000002a7
ffffff3c
fffff42b
fffff714
ffffe6aa
ffffeb16
ffffe311
ffffd622
ffffd2da
ffffdc03
fffff177
fffffd17
fffff8c9
000002bc
00001211
ffffdd7a
fffff1de
fffff602
fffff3cf
fffffd24
fffffe2d
fffffeff
fffffe03
00000370
00001e59
00000f4a
00000cba
00000d54
00002c66
000026b7
00000248
0000011a
00000371
00000789
00000470
0000018a
fffff258
ffffefed
fffff133
fffff27b
fffff37c
ffffd81b
ffffe0df
fffff7d9
fffff482
000001ac
00000cf1
ffffe2eb
fffff704
fffff56d
fffff194
fffff4b5
0000016a
fffffd9c
fffff6a9
00000429
00002a41
00002275
000018b4
0000120a
00002016
0000113b
000005d0
000007f2
00000d22
00001a10
000015ad
00000879
000005f1
fffff8de
fffff311
fffff4de
000007b1
ffffdd85
ffffdb50
fffff3c8
fffff316
fffffe24
00000c40
ffffe89e
fffff167
fffff425
fffff429
ffffefef
fffffae2
fffff493
fffff480
000005d0
000024e3
00003e13
00001e8a
00000383
0000021d
00000bde
00000632
00000b4c
00000acc
00001405
00001354
00000c5b
00000b74
00000345
ffffff03
fffff935
000002fd
fffff1ea
ffffeb2b
ffffef69
fffff219
fffff455
000002ff
ffffee76
ffffeff2
fffffa80
fffffaa8
fffff301
fffff350
fffff21f
ffffe810
fffffa15
00001dcd
000032f1
000024e3
000017d3
00001091
00000cb6
00000b1b
00000d84
00000e1f
00000f85
00000dc6
00000710
00000a18
000007ca
000009a8
000006e4
ffffffec
fffff99c
ffffe99b
ffffefa1
fffffb6c
fffff60f
000002cc
ffffecc5
ffffefdb
fffffa84
fffff814
fffff705
fffff5d4
fffff6b1
ffffe5f3
fffff5f5
00002ac5
00002d53
000031fc
000029c1
000030b2
000016dc
00000c4e
0000088d
00000a48
00000cac
00001104
00000b75
00000c80
00000a6a
000009c1
00000b2d
0000065b
fffff9b2
ffffef86
fffff978
00000020
fffffc53
00000037
ffffeec4
fffff3df
fffffecd
fffffcb1
fffffecc
fffffee6
00000188
ffffed20
fffff3b1
00001888
00001bc3
000039bc
0000447a
0000346e
00001b41
00000b67
00000824
00000a8d
00000c0e
00000e0b
000010e6
00000d0e
00001031
00000bec
00000b87
00000b4a
00000061
fffff268
fffff98c
000000b2
fffffc11
ffffffb3
fffff415
fffff6e5
fffffc95
fffff85b
fffffe93
fffffbf7
fffffe6e
fffff390
ffffe270
fffffefa
00000b43
00002045
00003008
000013db
00000068
00000192
0000007e
00000a53
00000666
000007c4
00000a62
000005e2
00000cee
00000bcd
00000643
000008ed
0000079f
fffffc7b
fffffce4
000004c4
ffffff4f
00000361
fffff087
fffff699
fffffb1c
fffffbef
fffffd6f
fffff6f5
fffffd52
fffff877
ffffdba6
ffffe3bf
fffff672
00000ce9
00002456
000011eb
0000075d
0000079e
00000ac4
00000ec2
0000068c
000008b9
00000816
00000fb7
00000ef6
00000c4f
000006ee
00000b3c
00000497
fffff7dd
0000035e
000006b4
0000079e
00000642
fffff2d9
fffff4c4
fffff888
fffff944
fffff704
fffff9f6
fffffd46
00000c60
fffff5dc
ffffce85
ffffe67c
00000b44
00000e7b
00001816
00000d95
00002be7
00001422
00000e10
0000062d
00000943
00000470
00000f46
00000c8d
0000127e
00000811
00000bf5
0000082e
fffff38b
fffffb8f
00000bfb
00000c2e
000006b6
fffff5b5
fffff3aa
fffff94c
fffff7ae
fffffebd
fffffb3d
0000003f
00000a36
00000cea
ffffeeff
ffffe689
0000001d
fffffe06
00001070
00001c06
00003d62
000033bc
0000154b
fffffcd5
fffffdbd
fffffbe3
00000518
000007d2
000012d7
00000acf
0000058d
000009f3
00000172
fffffa21
00000520
00000954
000009fd
fffff87c
fffffb18
fffff8fd
fffff761
ffffff7f
fffffb27
fffffaa6
ffffff6d
0000036b
000007db
fffffb34
00001471
fffffff7
00000f29
00002572
00003edc
000038fc
00001b20
000003ea
fffffebf
00002296
000015dc
000016e9
0000186e
00000d74
ffffff4b
0000077b
fffffd69
fffff9ab
fffffd44
0000018e
00000988
fffff840
fffffe92
fffffea3
fffff586
ffffff71
fffff706
fffff2ec
fffff717
fffffec9
00000df4
fffff481
000015d3
fffff3f2
0000116b
000014b3
00002de5
00002f31
000011e1
00000587
ffffed42
00000587
000018d9
00001e80
00002023
000010eb
00000a93
fffff88b
ffffe84a
fffffb8e
00000918
00000774
00000421
fffff168
fffff516
fffff5d5
fffff951
fffff5be
fffff530
fffff266
00000080
000002e8
00000397
fffff376
00000e1c
fffff709
0000029e
ffffff05
0000214a
000010f8
fffffc31
0000061c
00000da9
000010bb
00001a94
000025cf
00000624
000010cf
00000686
000007ed
ffffe61d
ffffdc31
fffffc8a
00000cfb
0000179e
ffffedd0
fffff2a1
fffff92f
00000240
fffff6d3
fffffef7
fffffad0
fffff2a8
fffff357
fffff8fc
fffff93d
000013d0
fffff573
fffff323
ffffedd6
00000396
00000e2d
00000a31
fffff700
000008f8
00000f70
0000117a
00001db9
fffff85a
000015bb
00002051
000020b3
fffffdd7
ffffe63b
fffff301
00000047
00000fef
ffffef4a
0000012f
0000037f
fffffcac
fffff7f4
fffff84b
fffffdde
fffff533
ffffebe2
ffffedfe
ffffeed8
fffffb47
fffffcec
000003ae
fffff536
fffff9d6
00001937
000019e8
fffffae3
fffff09e
fffffc3f
00000a91
00000614
fffff991
000018d4
00001c43
00000e92
00000595
00000a26
00000147
fffff66f
00000c2a
fffff584
000000df
fffffbf1
000000f2
00000b25
fffffb09
fffff478
00000370
0000104d
fffff4d8
fffff195
fffff8b1
ffffec73
fffffd28
fffffc9a
fffffc9c
000013e6
0000224a
00001cd9
00000324
00001322
00000ce5
000016aa
00000a55
00000ccb
00000314
00001067
00000d32
00000db0
00000c7e
0000079f
00001173
ffffeb73
ffffe2b9
ffffd2ec
ffffe487
ffffece7
ffffe68e
ffffe56e
fffffa85
0000017d
ffffe783
ffffe97e
ffffdfc8
ffffd41f
ffffe468
fffff507
ffffec78
ffffdb32
ffffeb3a
000002e0
fffff62f
ffffe9ef
ffffe2f0
ffffea72
fffffb25
fffffc0d
fffff1c9
fffffad0
fffff4be
ffffee37
ffffe2a7
ffffefca
fffff568
ffffec9a
fffff40d
ffffe7a8
ffffe7cd
ffffee4b
ffffea9d
fffff550
fffff9af
fffff74c
fffff895
ffffe55e
fffff4a6
ffffed66
fffff327
fffff953
fffffa31
ffffef50
ffffe6cb
fffff1b2
fffffef8
fffff125
fffff356
ffffef4a
fffffab2
fffffff7
00000419
fffff843
0000032f
fffffb34
fffff840
fffffe96
fffffbec
00001118
0000179e
000006f7
000006da
00000416
00000479
0000042f
0000022d
00000268
00000050
ffffffa9
00000109
000002ed
000000ac
00000074
0000039c
ffffff98
fffffebb
000002be
fffffd0e
000000f8
000006e9
00000a8d
000007e3
00000530
000007f5
000007eb
000008d2
000004da
000006fd
00000fb7
fffffd88
00000e5c
0000106c
00000457
00000451
000000eb
0000049b
ffffff0b
fffffe27
ffffff45
fffffcec
fffffbc0
fffffac5
fffffd0f
fffffff8
fffff820
fffffc33
fffff889
00000099
fffffb2d
fffffe8e
fffffbb7
fffffebe
0000033c
000001f0
00000121
00000608
0000058a
00000a67
ffffff6c
fffffe58
00000f3d
ffffffbf
00000bec
00000eeb
fffffd27
000000a9
ffffff5c
0000000d
fffffef4
00000144
000008b0
00000ed9
00000418
0000030a
000006dd
0000052e
000001cd
fffffd85
fffffda9
0000055a
000006ff
0000045c
00000594
0000054f
00000b6b
000005e4
00000028
00000123
000000cf
000003d5
fffffc6c
fffffbc3
0000154d
000007ae
00000729
00000a80
fffffcb3
fffffd93
00000126
fffff1d5
0000000a
00000521
00000fe1
fffffaaa
00000449
0000148d
0000110f
000006d9
fffffdf9
fffffedc
00000428
00000220
00000a26
0000061e
0000069c
0000095e
0000065e
0000043a
fffffea2
fffffd2b
00000306
000005bd
ffffffb4
fffffe67
000018e0
000009ce
000002e1
0000059a
fffffdd1
00000467
0000042c
000000b5
000017f0
0000216a
000019fd
fffff3a9
00000cca
0000166b
00001ac7
000006a3
0000017d
ffffff40
ffffffa5
00000533
00000ad2
00000c99
000004fa
00000216
fffffd2d
fffffeba
00000188
00000314
00000967
000007e3
0000045a
0000045c
000019d2
00000af7
0000080b
00000b84
fffffd8e
000006cf
ffffffcb
ffffffbc
00000750
00003505
0000141a
0000121a
00000ac1
00001a00
00001cfd
00000f15
0000084b
000003e5
000005eb
0000085e
00000fcd
00000e6c
00000bf1
000000a3
ffffffa3
fffffe57
00000232
0000076c
00000cde
000007b0
00000311
0000047c
00001f68
00000db6
00000940
00000e51
0000036d
fffffc08
fffff7ad
00001248
00004e92
00004913
00002f30
00001295
00000006
00000e8c
00002799
000020b6
00000e14
0000069d
00000bf4
00000b88
00000f24
00000df9
00000ce5
00000852
00000b0a
00000545
00000538
0000052a
000009e0
0000097b
0000035f
000005b8
00001bf5
00000c95
00000a8b
00000370
000008f4
ffffff66
000000b8
00000b8f
00004b13
00003485
00003260
00000a67
fffff0fd
fffff64e
00001a7a
00002722
000018c6
0000089a
000004e3
00000b19
00000c21
00000bd4
000007ef
00000a94
0000076b
ffffffa2
0000083f
00000012
00000a6a
0000038e
00000c12
00000936
00001588
00000ead
000005ac
fffffd6e
fffff593
fffff976
fffff788
00001242
00003490
00001aa4
00000ed9
00000079
fffff62d
fffffa81
000019d7
00001709
00002720
00001e26
fffffe37
fffffdea
000000a6
000001e4
fffffc09
fffffd3c
fffff7a2
fffff089
fffff740
fffff91e
fffffc5a
fffff8e0
00000158
fffffe90
00000dac
fffffe21
000001e9
fffffe58
ffffedfe
fffff642
ffffeeeb
000011fb
0000153c
000000ad
000009a1
00000977
0000012d
00000f86
fffffad0
fffff92e
000026e7
00002fb8
000011e9
fffff1c6
ffffe686
fffff0f8
ffffece8
ffffe4fc
ffffee98
ffffe74f
ffffec12
ffffe752
ffffefa6
ffffe721
ffffe9c7
ffffef69
00000161
fffff496
0000033e
00001041
fffff9ce
fffff58d
00000658
00000816
00000eb2
fffff3d5
fffff249
ffffec78
00000e59
0000183c
fffff7b6
ffffdcc3
ffffebb2
00001bf9
00001e42
000013ce
fffffeff
fffff79a
fffff4e6
ffffeb28
fffff296
fffffcb8
fffff7e9
fffff45d
fffff288
ffffee0d
fffff39a
ffffef36
0000080b
fffff851
000001aa
000010cb
fffff873
fffffae9
0000059b
00000447
000008f8
000003d0
fffff0a3
ffffd1ea
000000e5
00000005
000013e3
0000005d
ffffdf31
fffff8a3
000010f7
00002b4f
00001ec3
00001a92
00001388
00000e81
00000386
00000547
000000ef
00000194
fffff860
fffff5b6
fffffb64
fffffa85
00001a66
000008c8
00000440
0000137d
fffffd9e
fffffc94
fffffe2c
0000072a
00000d40
0000273c
00000f61
fffff3d6
fffff3b5
00001061
000015a9
00000ea1
00000135
fffff1fe
00000ea2
00002131
00001c0c
00001cd1
0000150a
0000105f
000013b6
00001da6
00001ff3
00001b07
00000b6c
ffffff9d
00000060
00000036
00002031
00000f58
0000046b
0000158b
000003c0
fffffca5
fffffd48
00000c23
00001383
00002f33
00002297
0000154e
00000eb2
00002504
00002db3
00001c95
0000199d
000014f2
00001ed3
0000299e
000024b6
000017c7
000008fe
0000117d
000018ec
00002215
00001b0e
00001f98
00002073
000017a9
00000549
00000746
00001ef4
00000df8
fffffeaf
0000156c
00000619
fffffffb
ffffffe4
0000093a
00001cee
00003789
0000355e
00002107
00002d01
0000351f
00003e14
0000278a
000017cc
00001c18
00001cb3
000022f9
000024a5
00001330
000021f4
00001dd0
00001e6a
00002ab1
000022a3
000018f6
00002553
000025bd
00001350
000006a5
00001e27
00000d6d
00000500
00001659
00000469
000002e3
0000044c
00000c4b
00001f31
00003e16
00003a22
00003106
0000254a
0000388d
00003bfc
00001ab2
00001ad0
00001d80
00001f01
00002445
000020af
00001802
00001895
000017f4
000014c4
0000173f
00001808
000016ea
000024d3
00002ba4
000021cf
000008fc
000023f4
00000dbb
00000981
000012c6
000007f0
00000a39
000004a7
00000ae5
00001e1a
000042f1
000044fa
0000246f
0000239e
000033c5
00002b1c
00001ad1
00001836
00001efb
00002223
000023f9
00001505
0000125e
000011b1
00001849
000016c1
0000182b
00001939
00001069
0000100d
0000222c
00002353
0000117c
000023c4
00001044
0000080e
0000123a
000008cc
000007a6
00000853
0000054e
00001a9a
00003ec4
00004bb2
00001dcc
00000f9a
000018d0
00001f09
00001c0e
00001795
00001c66
00001af1
000017a7
00001404
000010f6
0000117a
00001515
00001328
000012df
00001dd4
000012a4
00001142
000022e4
00001a35
000012b1
00001f88
0000113a
0000072e
0000118b
000008ce
00000484
000007ca
00000944
00001595
000036fe
0000472a
00002142
ffffec50
fffff251
000009c6
000029c3
000021bc
0000157e
00001aca
00001597
00001155
00000bbc
00000851
00000fb4
00000e1d
0000114e
000016b3
000010ce
00000627
00001a37
000012bc
0000068e
00001aa1
00001058
00000326
000010f9
00000785
000000f6
000003b9
00000474
000008a5
00002750
00004540
0000376f
000000f2
fffff236
fffff921
00001f8c
0000235e
0000122a
0000175d
000011f9
00000e4d
00000e96
00000ceb
00000f1f
00001076
00000dc6
000011b0
000007a8
000000af
00001727
00000ebf
000006d9
00001be3
00001198
00000819
00001337
000009b3
000004d1
00000626
000005a9
0000096a
00001f0a
000039b2
00004901
000030b1
00000844
000000f9
000018da
000029d4
0000219d
00001e24
000015f7
00000dbd
00000e93
00001410
00000e1e
0000112e
000011f0
00001100
00000a20
000004f8
00001abb
0000149e
000009fe
00001fc7
00000c4c
0000063e
00000f3c
00000a76
0000083e
000004aa
00000445
00000a87
00000c91
000027b8
00003827
000044c3
00001b4d
fffff470
ffffdfa4
ffffffc1
00001df3
00002888
00001eb8
0000118a
00000f8e
000012cf
000011da
00000a2a
00001334
00000e6a
000009e7
000008b6
00001a46
00001554
000007a7
00002096
0000095b
000006bf
00000bd9
0000068d
000004e9
fffffead
0000041a
000008ec
00000f51
00001f3f
0000299a
00002dd2
00002cb4
000004ec
ffffe47b
ffffd0b6
fffffbe5
00001dae
00001f1b
00000826
000009ac
0000085a
00001594
00000bc8
00000deb
00000a21
0000070e
000006d2
00001562
00000c9c
00000909
00001636
00000576
000005cd
000006e2
0000016c
fffffb08
fffff615
fffff497
fffffda2
fffffde8
fffffe89
00001a24
000024ae
00003592
00002acb
000022ba
fffff6e6
ffffe7af
fffff52b
ffffff89
ffffef64
fffff8ff
fffffdc3
00000e22
00001605
00000c2c
00000b0d
00000251
fffffff2
00001a95
00000dec
00000d23
00001a42
0000027e
000000cd
000001c2
fffff9f8
fffff224
fffff54e
fffff347
fffff289
fffff12a
fffffde1
00000877
00001cf4
0000429d
000034fb
000031c2
0000294e
fffff966
ffffe9c5
ffffebf5
fffff204
fffff7ca
0000045f
000005dc
000011b5
00001793
00000e00
00000aa3
0000098e
00001c45
00001859
00000840
00002112
00000a57
000003eb
000006c5
fffffeb3
fffffa4b
fffffe5d
ffffffa9
00000006
00000906
0000086e
00001bb2
00001c27
00003425
000025f7
0000311e
00001cb4
00001141
fffffb18
ffffef21
ffffe7be
fffff261
fffffb5d
000008ae
00000aba
00002209
000027fe
000012f6
000013c1
00001749
00000e38
000005ae
000010b7
0000053d
00000a77
00000736
fffffbcd
00000a0b
00000219
000006a1
00000cc9
000016f9
000015f0
00001df4
000020e9
00002759
00000feb
00001ed6
0000126e
00001fd0
00001231
0000065f
000002e5
fffffebd
00000a92
000004d2
fffff986
0000179a
000017b4
0000100e
00001330
0000126d
0000160f
000014a8
0000198d
00000a88
fffffef2
0000098b
fffffde1
000008b1
00000994
000008b8
00000680
00000b06
000001c9
00000f02
000021d8
000028f0
00001c7f
00001828
00001125
00001959
00000d80
00001450
0000245d
00003138
000019ce
000010a1
fffff1b2
fffff1cc
fffff5b0
fffff7d0
00000cb4
00001720
00001d5d
00002316
00002ed6
00001218
00000c95
000021ac
000011ca
0000080f
00000a87
00000f34
00000a60
0000136f
00000e27
00001701
00001331
00001d16
00001251
0000186d
00002147
000021e6
000016b6
00000cda
000016e4
00002728
0000227e
0000198e
fffffcfb
fffff985
fffffdf3
fffff6b7
fffff83b
fffff5d9
00001795
0000223d
000031e4
00001679
00000c41
000019fc
00000e06
0000098c
000005de
00000375
00000019
000003a1
000002e5
000010bc
00001ded
000014fa
00001662
0000121b
00000ead
0000199f
00001bda
000011f4
00000511
ffffffdf
00000a76
00000d31
00001375
00000242
0000091b
00000f8c
0000084f
fffff325
000005ec
00000c99
0000274e
00000eef
00000c8e
0000230e
00001123
00001290
00000e64
00000f15
00001410
00001018
00001db4
00001f33
00002d9e
00002c55
00001e74
0000195d
00000fe5
000012b7
00001940
00001655
000015ed
0000164a
0000192b
00001879
000022a2
00001bcd
000019bc
00001e04
0000238f
00003742
00001cf0
000015bf
00003a16
0000298b
fffff7e3
fffffbbb
0000052a
00000495
000003fe
00000564
000006e5
00000d28
fffffdb8
fffffbd0
fffff485
fffff58e
00000378
00000f2d
00001102
000008aa
00001047
000009f3
0000055d
0000007d
000005f1
fffffdfc
fffffd70
0000154e
0000140c
00000e20
000016ee
00000bef
0000091c
ffffff6c
0000125d
00000ab2
ffffea4f
ffffe530
ffffe4a9
ffffe4ce
ffffe6b2
ffffe79f
ffffe3fc
ffffe1ea
ffffe6ea
ffffe697
ffffe2fc
ffffe2d2
ffffe4ff
ffffe425
ffffe33e
ffffe692
ffffe620
ffffe461
ffffe109
ffffe291
ffffe2c7
ffffe650
ffffe549
ffffe55e
ffffe50a
ffffe45e
ffffe288
ffffdf1a
ffffe20a
ffffe6a5
ffffe6f1
ffffde17
ffffe4c9
ffffd7e9
ffffdd64
ffffdf99
ffffe0f6
ffffe383
ffffe025
ffffdf5f
ffffe2fa
ffffe4dd
ffffe311
ffffe033
ffffe2d4
ffffe081
ffffe172
ffffe2ed
ffffe40e
ffffe1e1
ffffe1b5
ffffe1ca
ffffe01d
ffffe121
ffffdff0
ffffdc8b
ffffd9f0
ffffdbe2
ffffd626
ffffd60a
ffffdd55
ffffe73f
ffffe3b3
ffffd093
ffffe9b9
ffffe0b2
ffffe2bf
ffffdedd
ffffe10c
ffffe563
ffffe2b4
ffffe396
ffffe85c
ffffeb3f
ffffe58e
ffffe45c
ffffe32e
ffffdfa9
ffffe3d5
ffffe335
ffffe430
ffffe6c8
ffffe40e
ffffe38e
ffffe100
ffffe01c
ffffe040
ffffe366
ffffe3be
ffffe06b
ffffdc86
ffffdbc1
ffffdb8f
ffffe2f1
ffffe4fb
ffffcfdc
ffffe998
ffffe384
ffffe68f
ffffe07c
ffffe234
ffffe36a
ffffe318
ffffeb54
ffffe871
ffffea96
ffffe68d
ffffec8b
ffffe61a
ffffddd4
ffffe54a
ffffe59f
ffffe434
ffffe708
ffffe3a0
ffffdd1d
ffffdecd
ffffe28d
ffffe3a4
ffffe48f
ffffe441
ffffe035
ffffdfd5
ffffe003
ffffde72
ffffdf9f
ffffe041
ffffcfbf
ffffea70
ffffe135
ffffe386
ffffe362
ffffe07b
ffffd7c8
ffffd5e8
ffffc1dc
ffffc377
ffffc975
ffffd3e6
ffffe2b4
ffffe090
ffffe58b
ffffe235
ffffdfd9
ffffdfad
ffffe37d
ffffde06
ffffdbd1
ffffdd35
ffffe843
ffffe7b4
ffffe49a
ffffe417
ffffe187
ffffdfcd
ffffe304
ffffe2fe
ffffe360
ffffe096
ffffcf9c
ffffe9aa
ffffe193
ffffe632
ffffe452
ffffe48f
ffffd8e9
ffffba9d
ffff936f
ffff9bb1
ffffc3b7
ffffd334
ffffceef
ffffdd9b
ffffe793
ffffe256
ffffdf2a
ffffdd4f
ffffe418
ffffde53
ffffdcac
ffffdb8d
ffffe4a1
ffffe203
ffffe11a
ffffe26b
ffffe260
ffffdf66
ffffe165
ffffe2d3
ffffe2b7
ffffe23e
ffffd0d4
ffffe605
ffffe24a
ffffe494
ffffe3db
ffffe9e9
ffffe779
ffffbed8
ffff88ac
ffff911c
ffffca13
ffffda24
ffffce15
ffffd3e0
ffffddc0
ffffdc5c
ffffe15d
ffffe4f2
ffffe4cd
ffffe220
ffffdf68
ffffe0fb
ffffe0e5
ffffd938
ffffdf86
ffffe45b
ffffe176
ffffe0d9
ffffe24f
ffffe20e
ffffe1a2
ffffe14a
ffffd1b7
ffffdf9a
ffffdc37
ffffe351
ffffdc3c
ffffde08
ffffdd73
ffffc162
ffff9f1f
ffffb22d
ffffcd35
ffffe24f
ffffda3b
ffffcd4f
ffffd6f5
ffffd87d
ffffdd92
ffffe23d
ffffe423
ffffdd37
ffffdfc3
ffffde30
ffffe1fe
ffffd902
ffffda3e
ffffdc9f
ffffdc2c
ffffdf2e
ffffdb3d
ffffdbdc
ffffda24
ffffdc64
ffffd228
ffffe13e
ffffdd77
ffffde52
ffffebc0
ffffca28
ffffc16f
ffffbf09
ffffbcb1
ffffdb71
ffffd5c3
ffffdc14
ffffe453
ffffcc5f
ffffce8b
ffffdfc6
ffffdb82
ffffe003
ffffe12f
ffffd891
ffffdf1e
ffffdb13
ffffe068
ffffde9a
ffffdf73
ffffd9e6
ffffdb97
ffffdb69
ffffe185
ffffda6e
ffffdae7
ffffdc29
ffffca4b
ffffd830
ffffde8c
ffffddfd
ffffe157
ffffd7e0
ffffc2ac
ffffc641
ffffd03c
ffffef59
ffffe0a5
ffffd2e5
ffffd7c5
ffffdb8a
ffffc287
ffffda6d
ffffe1e4
ffffdf8a
ffffe0c3
ffffdf37
ffffe0ad
ffffd761
ffffde01
ffffd62c
ffffd8f1
ffffd7ad
ffffdd0c
ffffd822
ffffe392
ffffdd1a
ffffda71
ffffdb83
ffffc340
ffffdee7
ffffe885
ffffe6f2
ffffdd2b
ffffd534
ffffcfa1
ffffc417
ffffc214
ffffe43b
ffffee07
ffffd8ea
ffffdbbd
ffffe567
ffffda25
ffffdcce
ffffde14
ffffe10a
ffffe0a4
ffffe1f1
ffffe491
ffffd90e
ffffdfac
ffffe3c0
ffffdda7
ffffdcd4
ffffdfdb
ffffdce8
ffffe0c2
ffffe02b
ffffe126
ffffde68
ffffbde5
ffffdf72
ffffe900
ffffec69
ffffea3a
ffffdc64
ffffdeb0
ffffda2a
ffffbc27
ffffe5eb
ffffe2d9
ffffd0d1
ffffd44b
ffffe103
ffffea08
ffffea1b
ffffd32c
ffffd334
ffffe6f0
fffff64f
fffff1c8
ffffef45
fffff279
fffff18a
ffffe971
ffffea68
ffffe9d0
ffffe7f3
ffffe81f
ffffe94e
ffffe943
ffffe8b8
ffffbee6
ffffdfed
ffffe720
ffffeb21
ffffe82d
ffffe7fe
ffffeb9e
ffffdd18
ffffd40f
ffffdc8a
ffffdc83
ffffe063
ffffdb2c
ffffea70
ffffea3e
ffffe319
ffffe461
ffffdb07
ffffdaa0
ffffe4b1
ffffe4fd
ffffea9f
fffff54b
fffff241
fffff513
fffff802
fffff606
ffffecae
ffffe9b9
ffffe709
ffffe9af
ffffed0d
ffffbeb4
ffffde44
ffffe6df
ffffeaa0
ffffe746
ffffe9c4
ffffe77d
ffffd770
ffffd6f4
ffffe642
ffffdfde
ffffd8d5
ffffda49
ffffebad
ffffd99b
ffffd69b
ffffd80a
ffffe5b3
ffffe7c2
ffffe7e1
ffffe316
ffffe233
ffffeb6c
ffffeaaf
ffffed8a
ffffe6dc
ffffe85e
ffffebef
ffffeeac
ffffe5f6
ffffe7b0
ffffef7a
ffffc34f
ffffe1db
ffffdf07
ffffe5c8
ffffe6c1
ffffe827
ffffe406
ffffd272
ffffd60c
ffffe10b
ffffe51e
ffffc9a4
ffffd238
ffffea15
ffffda7d
ffffd191
ffffd41a
ffffdd35
ffffe545
ffffdbb9
ffffd1fe
ffffdb3e
ffffe1a8
ffffe428
ffffec2b
ffffe919
ffffd82b
ffffdbe0
ffffdac9
ffffe226
ffffec0f
ffffee03
ffffc8ec
ffffe9ac
ffffdf1d
ffffe1ec
ffffe28a
ffffe574
ffffe552
ffffd4a2
ffffd545
ffffe330
ffffea84
ffffd251
ffffcc7a
ffffd11f
ffffd314
ffffd9f8
ffffd87e
ffffddd9
ffffddeb
ffffd3b0
ffffd208
ffffd2da
ffffdb5c
ffffe175
ffffdb02
ffffe98d
ffffe387
ffffc558
ffffc814
ffffdbff
ffffe591
ffffe8b2
ffffcb67
ffffedf8
ffffe144
ffffe14e
ffffe40c
ffffe61f
ffffe5c3
ffffd4d4
ffffcedf
ffffe21d
ffffe8b7
ffffe1bb
ffffd35c
ffffbf53
ffffcd92
ffffd751
ffffdc34
ffffe073
ffffdbe0
ffffdb31
ffffdc64
ffffda21
ffffe26f
ffffe3bb
ffffe06c
ffffd968
ffffe636
ffffce53
ffffcbd1
ffffdd68
ffffe07b
ffffe63b
ffffcc91
ffffef07
ffffe1b4
ffffe38b
ffffe260
ffffe475
ffffe8e9
ffffd3f4
ffffc5d8
ffffdc7c
ffffe955
ffffe0a9
ffffe568
ffffcd32
ffffccac
ffffda4b
ffffdcf4
ffffe163
ffffddcd
ffffdf11
ffffdf0e
ffffe011
ffffe27d
ffffe401
ffffe32b
ffffe0e3
ffffe4f3
ffffe3cd
ffffd772
ffffdd3e
ffffdf36
ffffe289
ffffceae
ffffef99
ffffe3bb
ffffe6a8
ffffe2b6
ffffe28e
ffffe951
ffffdbe1
ffffc459
ffffd55d
ffffe9b6
ffffd8ad
ffffdfbb
ffffd267
ffffd806
ffffdb09
ffffd81d
ffffdea4
ffffe0f2
ffffe3d1
ffffe3d4
ffffe3d2
ffffe2fc
ffffdf5c
ffffdd31
ffffde85
ffffe28a
ffffe423
ffffe150
ffffe2ca
ffffe128
ffffe03f
ffffd19d
ffffeecb
ffffdeb9
ffffe38f
ffffe389
ffffe0d7
ffffe44f
ffffe383
ffffce2b
ffffd150
ffffe3d2
ffffe121
ffffe5fe
ffffcf4a
ffffd78c
ffffd642
ffffdc06
ffffe095
ffffe22b
ffffe253
ffffe67a
ffffe80f
ffffe207
ffffdda5
ffffe155
ffffe049
ffffe3a5
ffffe1fa
ffffe3cf
ffffe593
ffffe251
ffffe189
ffffd335
fffff1d1
ffffe131
ffffe1d9
ffffe21e
ffffe3b3
ffffe1fb
ffffe7e7
ffffd436
ffffc6d2
ffffe048
ffffe285
ffffe972
ffffdb3a
ffffdf04
ffffd834
ffffddfc
ffffe22e
ffffe233
ffffe49e
ffffe5bf
ffffe5f2
ffffdec0
ffffe2c0
ffffe4f7
ffffe2bb
ffffe10b
ffffdfe1
ffffe00f
ffffe2a0
ffffe309
ffffdec5
ffffd0f2
fffff271
ffffe108
ffffe171
ffffe023
ffffe308
ffffe015
ffffe667
ffffdad7
ffffbfdf
ffffc67c
ffffe67f
ffffeb19
ffffe2a4
ffffeb28
ffffd758
ffffdec2
ffffd642
ffffdacc
ffffe0e1
ffffe183
ffffe56b
ffffe126
ffffdf34
ffffe108
ffffe440
ffffe075
ffffdf7e
ffffe2f6
ffffe609
ffffe183
ffffe01a
ffffce21
ffffef1d
ffffdc14
ffffe18d
ffffe0a6
ffffe1bf
ffffddc8
ffffde37
ffffe312
ffffd083
ffffb6b5
ffffcc1d
ffffe8f5
ffffe2fd
ffffe956
ffffe42d
ffffcf27
ffffcda8
ffffd536
ffffe4eb
ffffe0b7
ffffe041
ffffe222
ffffddc2
ffffde59
ffffe35e
ffffe422
ffffe00d
ffffe0a3
ffffe1dd
ffffe080
ffffe336
ffffcf79
ffffeed0
ffffde6c
ffffe549
ffffe6fc
ffffe4cb
ffffe2a6
ffffdc91
ffffddee
ffffe486
ffffd848
ffffc136
ffffcaab
ffffddbb
ffffdf4a
ffffed46
ffffde88
ffffdaf4
ffffe170
ffffe95c
ffffe6f3
ffffd59a
ffffd91b
ffffda28
ffffdadf
ffffe2bd
ffffe5fc
ffffdfa9
ffffde32
ffffe335
ffffdede
ffffdb3c
ffffc661
ffffe998
ffffdee6
ffffe118
ffffe10d
ffffe570
ffffe3d1
ffffd8fc
ffffda4b
ffffdb2f
ffffe041
ffffcdc0
ffffc4b2
ffffca71
ffffd9ab
ffffe4ee
ffffe4d4
fffff316
fffff5c6
ffffeeea
ffffeb0d
ffffd64e
ffffc415
ffffce7a
ffffd90e
ffffd7c3
ffffe369
ffffe11c
ffffdb6b
ffffdac6
ffffd832
ffffdf09
ffffc064
ffffea56
ffffe0b5
ffffdf03
ffffe0a8
ffffdc6b
ffffdaeb
ffffd7bb
ffffda01
ffffd39c
ffffdb10
ffffc8da
ffffc94c
ffffcc4a
ffffd152
ffffd9bf
ffffe94d
fffff350
ffffe887
ffffe51e
ffffe699
ffffde73
ffffcddc
ffffc61b
ffffd1be
ffffc5e7
ffffd341
ffffd6bf
ffffd67d
ffffd304
ffffd9af
ffffe496
ffffc334
ffffedb5
ffffe8ad
ffffe4ba
ffffe25a
ffffdd19
ffffde4a
ffffe24b
ffffdd70
ffffd195
ffffe092
ffffcb49
ffffbcf6
ffffc5aa
ffffc19f
ffffc447
ffffde01
fffff53c
ffffea8d
ffffd77c
ffffe2f5
ffffcf4e
ffffd63a
ffffc65e
ffffb9b8
ffffb2dc
ffffc314
ffffc432
ffffcfec
ffffcc64
ffffd61e
ffffe7b8
ffffc07b
ffffe520
ffffdc45
ffffd8df
ffffd495
ffffd8fa
ffffdbd5
ffffdeab
ffffe1f2
ffffd779
ffffdaf5
ffffdc93
ffffcd56
ffffcdd9
ffffca1d
ffffb910
ffffc954
ffffd516
ffffd6c4
ffffda24
ffffd67e
ffffd47a
ffffd754
ffffd026
ffffcc33
ffffc5b5
ffffc28b
ffffcca3
ffffc821
ffffc67b
ffffd3e2
ffffd19b
ffffbef9
ffffe61f
ffffe17e
ffffd9eb
ffffd647
ffffd34c
ffffd3a2
ffffda31
ffffda5f
ffffd7fb
ffffcd20
ffffda02
ffffd69a
ffffda8b
ffffde73
ffffcabc
ffffc495
ffffcbb3
ffffd3a7
ffffd5f5
ffffd599
ffffd549
ffffd1df
ffffcffb
ffffd3fa
ffffbef2
ffffc43f
ffffde16
ffffcbd6
ffffd419
ffffd8a6
ffffd503
ffffbe43
ffffe192
ffffdf27
ffffdb63
ffffd713
ffffd98b
ffffd5e8
ffffde44
ffffd9ae
ffffdcf5
ffffd7a1
ffffcb73
ffffc52d
ffffcb7d
ffffd9ef
ffffdc6d
ffffd288
ffffd7fb
ffffd663
ffffdc1a
ffffd593
ffffd2b5
ffffd2f8
ffffd075
ffffced7
ffffd21a
ffffcc70
ffffcfdc
ffffccf7
ffffd3ed
ffffd1ae
ffffda47
ffffbc43
ffffec4d
fffff737
fffff3db
ffffefc6
fffff0bb
ffffefa0
ffffe998
ffffe1a9
ffffe049
ffffe067
ffffdd23
ffffe24c
ffffe969
ffffe63e
ffffe8cc
fffff087
ffffecf7
ffffe76b
ffffef9f
fffff52b
ffffea38
fffff219
fffffc5e
fffff2d1
ffffe4a5
ffffdcad
ffffd60f
ffffdc2b
fffff058
ffffeaa4
ffffef5d
ffffc8e4
ffffe8e8
ffffdcd0
ffffe4fa
ffffde49
ffffdd08
ffffdb49
ffffda76
ffffd5e9
ffffdf0c
ffffd5aa
ffffd0da
ffffd4b7
ffffd8e4
ffffd459
ffffd650
ffffe307
ffffe00c
ffffd97f
ffffd829
ffffde70
ffffd845
ffffe00b
ffffd732
ffffdb05
ffffdae5
ffffd82b
ffffd4fd
ffffdda2
ffffddca
ffffdc33
ffffd926
ffffc1c3
fffff2e4
fffff811
fffffa7f
fffffdd9
fffffd6e
00000318
ffffff4b
000000bc
00000402
00000308
0000022d
00000409
ffffff7e
ffffff6b
00000211
fffffecf
000002fa
00000110
ffffff98
000001a0
fffffee6
000001e5
fffffde7
fffff32e
fffff835
fffffd49
fffff965
fffff3a9
fffffad3
fffffb62
fffffb91
fffff3dd
ffffff00
0000079b
0000038c
000008c1
000007a7
00001157
00000bcd
00000eec
000010ef
000010a8
00000cec
00001035
00000c1f
00000b69
00000baf
00000d9c
00000d91
00000984
000011da
0000103e
0000014a
00000e08
00000ccc
00000734
00000259
000008d8
0000055c
000002b4
fffffd87
00000367
000008cd
ffffffc1
00000567
000003ba
000009e7
0000109e
00000a0a
00000fc1
00000f25
00000aff
00001746
00001432
00000c8c
00001108
00000c40
00000dbe
00000c5b
00000d86
00000bef
00000b86
00000f6c
0000105a
00000a17
00000e1a
00000ce3
00000a1d
000006a1
00000d69
000007f1
000007a0
0000027a
00000149
00001034
fffffb14
0000036c
00000449
00000b2f
0000108d
00001041
0000115e
00000049
00000d1f
fffff726
fffffa62
00000d4b
00000f06
00000810
00000fbd
00000ead
00000ad0
00000ace
000003bd
00000c3f
000007d7
000011ca
00001100
00000618
00000647
00000a01
00000d50
00000d1d
00000c9a
00000af5
000009ab
00000f50
fffffb50
000000a3
000009c9
00000b88
00000d51
00000f96
000015ae
000006ea
00000ec1
fffff374
fffffb45
00001dfa
000010f2
00000970
00000c8e
00000716
0000052c
00000afa
00000a53
0000079d
00000a1a
00000d71
00000a9f
000005c9
00000c4f
00000e65
00000d23
00000dc7
00000e8a
00000e3c
00000ba6
000013c0
fffffe6a
00000440
00000d60
00000f04
00000f0f
00000db9
00000e97
00001b44
0000154b
000020d7
00002eb2
000028ac
00001864
00000d5b
00000dea
00000870
0000082d
000008ca
00000ed4
0000080d
00000b4a
00000e1a
000006e0
0000026e
000009d1
00000c73
00000e92
00000b24
00000c59
00000b67
00000a70
000012ca
fffffaed
00000119
000000d0
00000863
00000e31
00000b99
00000a2a
000007f3
00000a95
00002ebe
000025e3
000012af
000011ea
0000173c
00000a71
000008d5
00000c48
00000d4e
00000d85
00000461
000005f8
00000d53
00000c2c
00000d18
0000111d
0000077b
00000d7c
00000cad
00000c9b
0000059b
00000985
00001088
fffffafa
00000009
fffffdab
00000add
fffffd9b
fffff734
000003db
00001667
ffffeadd
00002ae0
000018fd
00000f39
0000142f
000015c7
fffff1ff
000003ad
000010e0
00001211
000014fe
000009cd
00000851
00000aef
fffffc4f
000004a5
000007ce
000009cd
00000bc0
0000037c
00000b5b
000003e8
00000e3b
00000d40
fffffe43
fffffbe6
000003e4
00000720
fffffd2c
00000150
000014fd
00000155
ffffe6b2
00000466
000015f2
00000045
0000120c
00000d7e
ffffd8ed
000005b5
00000911
0000058f
0000097e
000004af
00000131
fffffa08
fffffdaf
00000365
00000662
00000578
000006b6
0000034b
fffffef1
000009d9
0000076f
00000afd
fffffd29
fffff68f
00000cc1
000004f4
00000b8a
00001e17
00001cb6
00001114
ffffde65
fffff4a1
fffff616
000012ea
00000020
ffffef64
ffffd9ed
ffffe0b1
ffffefde
000010cf
000004f8
00000268
fffff8d4
fffffc71
fffffdc3
00000f9e
00000d10
000005ff
000003e4
ffffffcd
00000782
00000447
0000036f
000005f6
fffff52b
fffff8b2
fffffb8b
0000076c
00000a59
00000ffc
000020b7
00001284
00000799
ffffe698
fffff278
00001584
0000035a
fffff122
ffffe931
ffffd53b
ffffb7d9
ffffe0c9
fffffbdf
000007c6
fffff510
00000567
000006de
00000c89
ffffff40
00000720
0000029e
00000d6a
00000915
00000f41
00000b25
00000a75
fffff90b
fffff688
ffffefcb
fffffa38
00000092
fffffdb0
0000198b
00001c55
00001094
ffffed88
ffffe17d
000016f8
00000499
fffffc22
ffffeaac
ffffcb33
ffffc109
ffffd018
ffffcfb0
ffffdeca
ffffe4c2
fffff293
fffffb94
fffffb77
fffff287
fffff574
fffff483
00000161
0000021a
00000459
000002a2
00000839
fffff7f5
fffff4c7
fffff2e7
fffff77f
fffffeec
00000271
fffffd1a
00000a03
000015bb
fffffc1d
ffffecf7
000011f8
000001b7
00000094
ffffe304
ffffead5
fffff3f7
fffffd39
ffffe686
ffffe14b
ffffd933
ffffd98e
ffffd56c
ffffdb89
ffffd6f3
ffffd6e5
ffffddb8
fffff1db
fffff431
fffff37a
000000cc
000003a3
fffff3c1
fffff2c1
ffffe796
fffff65b
fffff80f
000002ca
fffffa2c
00000521
000014fb
0000008d
fffff52d
fffff3e6
00000b47
fffffc52
ffffe149
000008b4
00003098
00003b7d
000018c7
fffffceb
ffffff38
fffff85e
ffffe7f2
ffffef24
ffffe3e8
ffffd78b
ffffd366
ffffdc9e
fffff0cf
ffffeb4b
fffffbed
fffffdc9
fffff989
fffff9c2
ffffe813
ffffeb96
fffff326
fffffc35
fffffcb4
00000d49
000016f2
fffffe13
fffff9a6
ffffe512
00000caa
fffffa13
fffffa05
00001924
00002269
0000211f
00001efe
00001603
0000217a
000030d0
000012e6
000018fb
00001b1c
000005d0
fffff302
ffffde3d
fffff203
ffffee40
fffff614
fffff69b
fffff88f
00000267
ffffee76
ffffef71
fffff746
fffff8e6
0000032d
00000a49
000016c8
fffffa29
000001a8
fffff5e7
00000548
00000280
0000077d
00001fc2
000012f4
000019aa
00001284
00001985
00001ff9
00001783
00000fb2
00000dec
00001247
00001ec1
00000971
fffff416
fffff38c
fffff3ac
fffff44f
fffff491
fffff0c8
000005cc
ffffeed1
fffffb6d
fffffcb1
fffffb8c
ffffff1d
0000061e
00001778
000004a5
fffff529
ffffec43
00000a10
00001c54
000008f4
000018b6
0000154c
00001a4f
00000b40
00000d0f
00001356
000007c2
00000e21
00000a98
0000090c
000013e1
00000d9b
00000408
000000ce
fffff10a
fffff776
fffff75e
fffff5a2
0000035b
fffff221
0000007a
fffffb71
fffffc81
0000051a
fffffda8
0000173f
00000626
ffffef89
fffffa3f
00000592
00001339
00000e2d
00000f02
0000104e
000012dc
00000b98
000006a6
00000579
000003c0
0000080e
00000222
000008ce
00000f21
00000684
00000652
00000e4c
ffffefaa
00000024
fffffc9f
fffff801
ffffff29
fffff475
fffffe80
ffffff4e
00000449
00000674
000009b7
0000191d
000007dd
fffff0ac
fffff513
fffff853
ffffe8cc
00000469
fffffe14
000011ff
00000c66
00000b5a
00000540
00000280
000004b8
000005c9
000003ee
0000068b
00000c91
00000450
00000a17
000019f7
fffffbe6
00000194
00000460
fffff52e
000000b5
fffff310
fffffb26
0000027b
00000564
000005eb
00000d0f
00000be6
0000144e
fffffa57
ffffef19
fffff3e5
ffffde5c
fffff1a9
000006ef
000016b7
00000848
000008dc
00000445
000007ae
000000bf
00000274
0000065c
0000038b
00000be1
0000028c
000004dd
00001910
0000012f
000001b1
00000781
fffff5bf
0000049f
fffff99d
fffffc83
000003fb
00000682
000001da
0000092e
0000017c
00001243
000008ca
fffff72a
fffffa30
ffffed71
ffffe189
00000d5c
0000077a
00000668
00000070
0000027c
0000033f
00000476
00000158
000007c2
000002a4
0000067b
0000006c
00000487
00001cdc
00000057
00000628
00000b78
fffff5aa
000005e9
fffffc62
000003f9
00000734
0000060e
00000796
00000ea8
00000994
fffffa58
0000017a
fffffce2
fffff8b3
fffff91f
ffffe6d3
ffffe9f9
fffff462
ffffeae0
00000166
000001cd
0000053e
00000bbd
00000167
000001ab
0000066f
000005ed
00000544
0000062b
00001965
0000074d
0000098a
00000c5c
fffff6f2
00000479
fffffd9f
000007e4
00000b2d
00000936
000008b0
00000f96
00001b8b
000013c8
00000cba
000004cb
fffff9d6
00000073
ffffefd2
ffffdca9
ffffedc6
ffffecbe
00000e38
00000046
fffffe7b
000004c9
000008ca
000001cd
00000878
0000045d
0000014f
0000055f
00001493
000002be
000003cb
000008c2
fffff76a
00000497
0000015a
00000498
00000d18
00000ad1
000003cb
00000db0
0000152e
00001d08
000011d3
00000808
00000843
000006b9
00000b52
ffffe0a6
ffffece6
fffff84b
0000167d
000002a9
fffff836
fffff9e8
00000224
000000dd
00000347
000007e5
00000389
00000714
00001ac1
00000203
00000eed
000004d1
fffff5cc
000003d3
0000068e
000004ca
00000b9d
00000b50
ffffff2d
00000a1d
0000025e
00001090
000013bb
00000e61
00000c20
00000230
0000235f
ffffebb9
fffff029
ffffe903
000003f8
fffffb34
0000052a
0000037b
ffffff06
00000a13
0000019c
0000050b
00000356
ffffff88
0000150a
00000997
00000f3d
00000cf0
fffff754
fffffdd0
00000d75
00000bdd
00000a7d
0000097d
ffffffe8
0000013e
fffffa6b
fffff913
00000ca6
fffffe99
fffffdb2
fffff1da
00001d9d
ffffe7a1
ffffeeb0
ffffe3a1
ffffef73
fffff39e
ffffec46
fffff85b
fffff426
fffffb4e
fffffe9d
000006ae
fffff300
00000766
00000b93
00001052
00000bff
00000921
fffffb9f
fffffde2
000002ae
00000733
00000ba3
00000284
000004f9
000001ed
000001f7
0000095f
00000d08
0000042e
00000bcc
fffffb24
00000960
ffffe8a4
ffffea9b
ffffda55
fffff0f2
fffff337
fffff9f2
fffff978
000002a2
fffff7d5
000008dd
000014f9
ffffef38
00000c9b
0000082d
fffffaea
fffff195
fffffdce
fffff989
fffff9fb
fffff834
fffff99f
00000114
00000554
0000042b
000004d1
fffff9f8
fffffc54
00000a55
00000602
00000ced
00000496
00000aa1
00000530
fffffc54
ffffe665
ffffeff5
fffffdef
00000670
00000bd5
00000132
fffff878
fffff631
00002001
fffff6cb
00000571
00000dd7
0000075f
fffff5d5
00000294
fffffe8a
fffffe54
00000097
0000040a
000007e1
00001399
00000986
00000e73
00000610
00000400
fffff962
fffff0f4
000003fe
fffffc33
00000dfc
00000bc5
00001145
ffffffa1
fffffab1
000007dc
00000620
000005d8
00000920
fffffea4
fffff0c4
fffffdc4
fffff8d1
fffff888
00000325
00001991
00000c53
00000b0b
ffffffa8
fffffe99
0000018a
000008b8
00000e81
00001a38
000010a5
00000c75
00000bcf
000001da
0000022d
0000019f
fffff5f9
fffffe2e
0000066f
000003d8
000005c1
0000109b
00000ab8
00001689
00000b2f
000007e7
fffff613
000000a5
00000847
fffff3b0
000003e0
fffffa39
fffff861
0000184c
00000c62
000004b5
fffffcfd
ffffea89
ffffe94e
fffff340
fffff92d
000004f9
fffff8f6
0000002a
fffffbb1
fffff71b
00000173
0000022b
fffffc58
fffff640
00000634
fffffcf7
fffffda9
fffff633
0000018a
00000d9a
000005ac
fffffdf1
fffff07a
ffffeabd
00000183
00000479
0000039d
fffffb7e
000006e4
00000166
000004a8
0000048e
ffffea46
000006a9
fffff684
0000005b
fffff95a
000003eb
000004a9
00000a6a
000012d4
000015a7
00001682
00000436
000009fa
00000862
00001099
000008a6
00000bd1
000007f0
0000060f
000010d8
00001840
00000cba
000004e0
fffffd86
000008c7
00000aeb
000016d1
00000b6b
0000120e
0000061b
000016a5
00001801
0000060f
ffffff6d
fffffea2
00000125
00000810
00000a6b
00000c71
00000870
0000044b
0000000e
0000011f
000000a7
00000059
ffffff32
00000210
0000040f
000005b5
00000183
fffffb92
fffffd80
0000038d
ffffff50
fffffc13
fffffb9f
fffffc4b
00000106
00000520
0000062d
00000af4
00001064
000000bf
00000206
fffff6b9
fffff32f
fffff218
ffffea5b
ffffee59
fffff135
fffff2d1
fffff89a
fffffd25
fffff385
fffff58d
fffff3b5
fffff4ce
ffffee97
fffff002
fffff4c9
fffff551
fffff1b1
ffffee2c
fffff6cd
fffff8ca
fffff740
fffff406
fffff38e
fffff0f4
ffffe920
ffffea60
ffffecda
ffffdf84
ffffe350
ffffe9c2
fffff2f9
ffffeeab
fffff3aa
fffffd05
fffff5c9
fffff0cf
fffff89f
fffffcae
000002a0
ffffff35
fffffd59
00000852
000005a4
00000027
fffffd4f
fffff7e3
fffffb7e
fffff79f
fffff0c1
ffffef10
fffffb50
000002c4
000001fc
fffffbe8
fffffa94
fffff899
fffff5f1
ffffedb0
fffff2d6
ffffed6a
ffffefb9
fffff269
fffff8fd
fffff961
fffff62c
fffffaf3
fffff716
fffff8bd
0000016a
000008d8
00001727
00001177
00001424
00000f60
00000f9a
000007d4
fffffe94
fffffa04
fffffa19
ffffee19
fffff00d
fffff291
fffff960
000007db
000000c0
fffffc9e
fffff746
fffff61a
fffff67b
fffff671
fffff90f
fffff4c2
fffffc1e
fffffbf8
fffffe2f
fffff41b
fffff5a5
fffffe88
fffff90b
fffff774
fffff972
00000f2c
000004de
00000709
00000b87
00000e55
00000161
000002dd
fffff913
fffff674
0000019d
fffff9a5
fffff4b0
fffff9b1
fffffd73
fffffd90
fffff678
ffffef09
fffff1d6
fffff7ed
fffff92e
fffff7a8
fffff6ef
fffff8eb
fffffc2a
fffff7ad
fffffb4d
fffff6dc
ffffefcc
fffffc9a
fffffb21
fffffa4e
fffff73e
0000002d
ffffe8b0
fffff37a
fffff9a9
ffffe2c9
ffffe976
000001c4
fffff53e
fffff54f
fffffafb
fffff357
fffff4e6
fffffa98
000007af
fffffbec
fffff6c9
ffffed3d
fffff3dd
fffffab9
fffffdd5
fffff90c
fffff2c7
fffff462
fffff985
fffff7e3
fffff975
fffff9e8
fffff9a7
00000213
0000013b
ffffffef
fffffac3
fffffab3
fffff5c8
fffffc33
fffffbbd
ffffe71c
fffff384
fffffb2a
0000052c
00000ac1
00000a86
fffff8e4
fffff92a
fffffc0c
000000f9
fffffebc
fffffa4b
fffffbdf
fffffa83
fffffcbe
fffffc17
fffffc28
fffff7a7
fffffa68
fffff85d
fffff6b3
fffffb28
fffff90d
fffffc42
00000b45
000003df
000011bf
000014a8
ffffeab8
fffff72b
00000126
fffffbd5
00000542
fffffc87
fffff5bf
fffff681
00000afa
0000101d
00000417
0000012e
00000ba6
00000e6d
00000b6c
00000610
00000734
000004e9
000006f9
00000b44
ffffffb1
0000070d
0000092b
000001e6
fffffe34
00000348
fffffb8c
ffffef45
ffffed4d
ffffec5e
ffffee03
00000438
ffffde3c
ffffe895
fffffc9a
fffff8fd
00000d48
fffff034
ffffe763
fffff91b
00000668
000007ef
00000872
fffffaff
00000818
000008fc
fffffc10
fffff87c
ffffee95
ffffeea3
fffffed6
fffffee9
fffff61f
fffffc86
fffffc63
0000008e
fffff816
fffffe55
fffff8b6
ffffe842
ffffea3f
ffffe835
ffffe1a6
ffffdf10
ffffd8f5
ffffda26
fffff609
0000069f
fffff55b
fffff562
ffffdf34
ffffe8a2
ffffe207
ffffe5c4
000000ea
0000023e
fffff5f0
ffffe965
ffffdf16
ffffe15a
ffffd617
ffffde8e
ffffe3e4
ffffe3fb
ffffdfa8
ffffe51a
ffffe6a2
ffffe931
ffffe3ba
ffffea1c
ffffe41f
ffffe37e
ffffe57e
ffffe3b1
ffffde8f
ffffd980
ffffcafe
ffffd1ef
ffffce52
ffffe4f9
ffffd38d
ffffe07b
ffffe227
ffffeebc
ffffb80c
ffffbfb7
ffffe95a
fffff9c0
fffffedd
ffffe3a4
ffffd0d6
ffffe46f
ffffe7a3
ffffdf0c
ffffe5dc
ffffdf2a
ffffdf03
ffffdbc9
ffffe18b
ffffe382
ffffe147
ffffec60
ffffe575
ffffe7a0
ffffee5e
ffffeb02
ffffdee2
ffffd36d
ffffddda
ffffbbed
ffffd861
ffffe734
ffffbdb2
ffffcd03
fffff2b6
fffff32b
ffffef21
ffffe5f3
fffffd15
00001e92
00001092
0000000f
fffff807
fffffed2
fffffe33
fffff1fa
ffffedd7
ffffe74f
ffffe874
ffffe99f
ffffed15
ffffef06
ffffee7e
fffff252
fffff2b0
ffffe4e1
ffffef22
ffffedf2
ffffebfa
ffffe3ed
ffffe5dc
ffffe22a
fffff8ca
ffffed23
ffffc2c1
ffffce62
00000617
00000a80
000015b4
00001236
ffffe159
ffffde79
ffffecd8
fffffaf5
0000023a
000013d7
00001578
000017f8
0000128d
ffffff2d
fffff989
fffff48c
ffffebf0
ffffeb48
fffff198
fffff33b
fffff391
ffffe917
ffffefe3
ffffec46
fffff155
ffffed3a
ffffeff5
ffffed7e
0000041b
ffffee0b
fffff1f8
00000358
000012f3
00001488
00001741
00000142
ffffe9eb
ffffd5f4
ffffd4b0
ffffd276
ffffd1d7
ffffe25b
ffffe04e
ffffed53
ffffffea
00000619
0000008f
00000247
fffff5f4
ffffe5f9
fffff0b5
fffff19a
fffff295
ffffe611
fffff27f
ffffee26
ffffec66
ffffe797
ffffeba5
ffffef5e
00000548
00000291
0000134d
000029b2
000018f0
0000100b
fffffea0
ffffed6c
ffffe8f9
fffffa1a
fffff815
fffff57a
ffffe738
ffffdcf9
ffffd4d3
ffffcf66
ffffd1a2
ffffcf71
ffffd475
fffff391
fffff4ba
ffffe425
ffffefcd
fffff62c
fffff0d0
ffffe7bc
fffff3d0
ffffedd6
ffffef29
ffffee9f
ffffedd8
ffffec0e
00000490
fffffe10
0000019d
000022f2
00001b34
ffffffed
ffffea1d
fffff4f6
fffffb1e
fffffe72
fffffd15
fffff10d
ffffe9bc
fffff586
fffff486
fffff3ca
fffff8ac
ffffe8e7
ffffdc7b
ffffd796
fffff342
ffffedcc
fffff63f
fffff8f0
ffffeffb
ffffedcb
fffff083
ffffec45
fffff192
fffff39b
fffff0d1
ffffed3e
00000708
00000236
fffffe85
000016b9
00001a71
fffffe49
fffff5dd
fffffc44
0000081d
fffffdd8
fffffe3d
fffff3a0
fffff465
fffff92f
fffff2cd
fffff638
fffffa4a
ffffff9b
fffff264
ffffe6fc
fffff824
fffff1dd
fffff80b
fffff34a
ffffe958
ffffebb1
fffff464
ffffec8f
fffff076
ffffef46
ffffec10
fffff03f
0000013c
0000084a
fffffd1d
00000cad
ffffede4
fffff449
00000e3c
0000029c
ffffff7f
fffffd2a
fffffc15
fffffd55
fffffb47
fffffcbd
fffff937
fffff7d1
fffff707
fffffc64
fffffd0d
ffffe8bb
fffffc33
fffff4f5
ffffed59
ffffed49
ffffe9a4
fffff010
fffff04c
ffffee92
ffffeb9e
ffffe77d
ffffe7bb
ffffe26d
fffff9c8
fffffce4
000001cf
ffffdd96
ffffe6d5
00000978
00001759
00000712
fffff7ba
fffff560
fffff5c7
fffff867
fffff6d6
fffff63f
fffff6c1
fffff944
fffff411
fffffa22
fffffd43
fffff58a
fffffd53
fffff99a
ffffeb83
ffffeead
ffffee9e
fffff48e
fffffaef
fffff428
ffffede4
ffffe831
ffffe8e0
ffffe0fb
fffff5c7
0000058d
fffffd0a
ffffd56a
ffffddeb
0000155c
00001122
00000a33
fffffcc2
fffff918
fffffa0f
fffffa45
fffff7a8
fffffa1e
fffff907
fffff635
fffff9c0
fffff8d8
fffffa7e
fffff906
000008b8
000006fe
fffff68e
fffff3c8
fffff244
ffffef77
fffff236
ffffef8d
ffffecb1
ffffeda0
ffffee68
ffffea74
fffff008
fffffb14
00000261
fffff46c
ffffe7d6
000008c1
000010d5
fffff73d
0000014f
00000841
00000511
fffffdbb
000000ce
ffffff7b
fffffd92
fffffd36
fffffa32
fffff864
fffff775
fffff786
fffffff7
00000c16
fffff391
fffff9af
fffff569
ffffee5f
ffffed69
ffffeb4f
ffffeeba
ffffef9e
fffff176
fffff32c
ffffe719
fffff7fd
fffff8a3
000001af
fffff9b8
fffffc2b
ffffccd6
ffffe48d
00000f56
00001c3d
0000100b
0000022e
0000016d
fffffaa8
fffffbf7
fffff9b6
fffffaba
fffff99f
fffff87e
fffffa42
00000287
ffffff98
ffffea12
fffff81f
fffff5f2
fffff4d5
fffffad3
fffff881
fffff752
fffff585
fffff457
fffff2e6
ffffeb53
ffffddf5
ffffe4a6
ffffebba
fffff43f
ffffe5be
ffffcb16
ffffc0d7
fffffde1
000012d2
ffffffb7
ffffeec5
fffff389
fffff9a6
000004fc
fffffcd5
fffffaae
fffff659
fffff7e9
fffff8a6
00000773
00000340
ffffefe4
fffff61c
ffffed94
ffffef33
fffff6d2
ffffefbe
fffff2f6
ffffefce
ffffe27c
ffffef67
ffffe809
ffffd5ae
ffffd60c
ffffea5e
00000369
ffffea55
ffffed31
ffffcbd1
ffffe166
ffffef2f
fffff026
ffffef64
fffffbc0
00000e06
0000045d
000003f5
fffffb29
fffff9ab
fffff870
fffff1ff
00000271
000006fe
fffff806
fffffbd3
fffff28e
fffff3c2
fffff406
fffff317
fffff708
ffffedd3
ffffdf59
ffffe780
ffffea37
ffffe7f4
ffffed08
fffff4cc
000006c7
fffff94c
fffff5a5
ffffde97
ffffe6b6
ffffddfe
ffffeccc
fffff125
fffff207
ffffe4ae
fffff583
000002ed
000012b2
00000501
ffffff8e
00000351
0000057b
fffff273
fffffb23
fffffcb6
fffff05c
fffff702
fffffb2f
fffffc41
fffff283
ffffee81
ffffeec7
fffff296
fffff46c
ffffee32
fffffe33
fffff27b
fffff90f
ffffe846
fffffa63
ffffe0ba
fffff240
fffff3e0
ffffee7d
ffffec4c
ffffef96
fffff687
ffffe786
00000058
00000773
00000c57
00000574
00000a0d
00000e6c
ffffe44b
fffff010
fffff52d
ffffed3b
fffff3d5
ffffefed
ffffe66b
fffff72f
fffff025
fffff16c
ffffeeae
ffffe708
ffffe649
ffffe41b
ffffe096
ffffe9b4
ffffdb57
ffffe073
ffffe5a2
fffffa0e
00000151
fffff576
ffffef08
fffffa94
000003c8
000001ff
0000063f
fffff43a
ffffd7c1
ffffeb55
fffffe63
00000852
00000307
fffff7e3
ffffff12
ffffff01
fffff720
00000265
00000739
00000b0b
000002fb
fffff230
fffff846
fffff8c6
ffffe729
ffffdc9b
ffffd3e3
ffffd5cb
ffffe719
ffffd159
ffffdc51
ffffefd5
00000554
00000e2a
00000746
fffff28c
ffffde9c
ffffdedd
ffffd17e
ffffcaea
ffffcf02
ffffe9a6
ffffeaee
ffffd774
fffff60f
ffffff40
fffff5a1
fffffec9
ffffe8b5
fffff5d9
fffff6d7
fffffbad
fffffc1b
fffff18a
fffff65b
000000dc
fffff7e5
fffffe26
ffffe8d1
ffffd80b
ffffea34
ffffda27
ffffd69f
ffffddd4
ffffeb4e
fffffd60
00000800
ffffffc0
fffff543
ffffe74c
ffffe61c
ffffcabd
fffff910
ffffe3f7
ffffd2da
ffffcb59
ffffe43d
ffffeee0
ffffe64e
ffffee2c
fffff423
fffffa38
ffffdfc9
ffffe088
ffffdc0f
ffffda5a
ffffe1f4
ffffea7c
fffff6f5
fffffd94
fffff0cf
fffff674
fffffdee
fffff9fc
ffffecb3
ffffeef7
ffffe93e
ffffc93f
ffffe1b4
ffffe7ba
fffffce5
000005a5
fffffb41
fffff050
fffff2e4
ffffedc8
ffffea4c
fffff9b9
fffff982
0000021d
fffffbc3
ffffffa8
000009d2
00001bea
0000064f
00000353
fffffcea
fffff520
fffffc8b
0000091a
fffffde0
fffff771
ffffe3b0
fffff4aa
fffff509
fffffa6f
ffffff8e
00000b31
00000e4b
fffffd98
ffffebfd
ffffe67d
ffffea6f
fffff406
fffff4f9
fffff370
fffff40a
fffffc20
fffff7f4
0000148e
fffffae5
fffffb9b
fffff165
ffffeddd
ffffec3f
ffffedef
ffffe423
ffffe379
fffff243
fffff406
ffffe031
fffff5a0
ffffe0c4
ffffd82b
ffffc9ab
ffffda65
ffffd86b
ffffe1ef
ffffea88
ffffe61e
ffffee05
fffff093
ffffe9ed
ffffde50
ffffdb45
ffffe787
ffffe3e0
ffffeb5c
ffffdb2c
ffffe5c2
ffffec02
ffffe9f4
ffffdf67
ffffdf09
ffffe98f
ffffeef5
000004cd
0000216d
00001b95
000010a3
000012ea
0000123c
000010f7
000015a4
00001587
000013f0
00001430
0000110a
000014e6
00000e62
00001601
000014cd
00001c69
000019fb
00001031
0000139d
00001bc8
00001930
000014be
00001442
00001952
00000f9a
00001145
00000be4
00001202
00001855
00000ab3
00000b33
fffff0ec
fffffbb7
ffffff5c
fffffadd
fffff656
fffff8ef
fffff7b9
fffffd9e
00000224
fffffbcb
fffff6db
fffff940
fffffcd8
fffff9b6
fffff360
fffffcbb
fffffbdc
000001a2
fffff74b
fffff233
fffffe4b
fffffdbe
fffff853
fffffb9c
fffffefd
fffff6c3
fffff7ba
fffffa85
fffff66c
fffff968
fffffb73
fffff830
fffffcbd
00001426
00000ca3
0000061b
fffffe06
fffffc28
00000d20
00001883
000009b0
000002f8
00000389
000003af
00000d0e
00000b03
00000106
000006ab
0000071b
00000ba6
000000e2
fffffb2d
00000198
0000034b
000007e3
000008c1
00000a04
00000520
0000007a
0000040a
ffffff13
000002d0
0000005b
000005de
fffffe16
00001227
00000c62
00000416
fffff86f
fffff9ca
000013d9
000019b7
fffffc8b
000018aa
000010c3
000002cc
000007fe
000009c2
fffffd63
fffffef6
00000498
000004a3
fffffd52
fffffdc3
00000882
00000c95
00001079
00000a50
00000807
00000314
fffffea7
0000025f
00000428
00000774
00000581
00000560
fffffa64
00000c55
00000338
000005a7
fffffede
ffffee4b
fffff4ea
fffff8ea
000012e3
00001099
00000297
00000352
0000087f
00000569
0000009b
000000d0
fffffd14
ffffff75
0000028d
000008e3
00000b5f
00000c4d
00000aee
00000366
ffffff9d
00000425
0000005d
ffffffe5
fffffe58
00000bd2
0000022d
00000605
fffff737
00000901
00000298
000001b6
000000f6
fffffd34
ffffc495
ffffe2c3
fffff84b
00001f17
000002b9
000000e1
00000153
fffffe12
00000596
00000a1d
fffffe99
fffffbd8
00000590
00000d63
0000056b
00000135
0000003d
ffffffc8
00000634
00000534
00000368
ffffff72
fffffe50
000008d6
0000024e
00000776
ffffee7e
00000c3b
ffffffe3
00001076
000011c4
fffff242
ffffc224
fffff18d
000009a9
0000141a
fffffad1
0000084b
0000084e
fffff7cc
ffffffc2
00000ef7
0000084d
fffffe29
00000597
00001305
00000509
fffffff2
ffffff02
00000257
00000bc5
00000773
00000515
0000013e
fffffb48
00000567
000001ca
00000937
fffff581
0000104e
00000c5b
000007a8
0000112c
00000c5c
fffff109
00000234
0000093d
000011b8
00000618
fffffa04
000006b0
0000083a
000003a6
0000146e
000009d6
00000109
0000075d
0000129a
00000cba
000010d3
0000039d
000003f4
00000b20
000007d0
00000841
00000007
000009c0
00000b72
0000021a
000015b3
fffff7ab
00002339
0000112d
00000c8c
000007a0
ffffeb10
ffffece6
00000372
fffff8f2
000000b6
00000ff3
ffffef4d
fffffac1
00002b30
00000caf
000006b4
000001d2
000001a5
00000bb4
000018e8
00001392
000021c5
000011eb
0000037a
0000093b
0000155a
00001336
00000e5e
000017f7
00000ede
00000639
000016e2
fffff779
0000134b
000005b0
0000069c
ffffe8e4
ffffd99b
fffff8aa
00000234
000013a2
0000271b
00000a4a
ffffd9de
fffff906
000029c1
000020c0
00001129
fffff93a
fffffe52
000004b7
00001038
00000397
00000d5b
00000d83
fffffd80
fffffe5b
00000bee
00000b96
0000030a
00000581
00000be4
0000005e
0000024b
fffff4a6
00001863
00000260
0000011a
fffffd8b
ffffe64a
fffffe96
fffff6a5
0000006b
00002896
ffffedbf
fffff249
0000055f
fffff30b
00001f98
000030f7
0000191f
fffff9c8
fffffbe2
000006be
fffff907
fffff70e
fffffe50
000004bf
fffffde4
ffffffd2
000000f8
00000216
fffffe5a
ffffffdf
fffffe93
fffffd46
fffff231
00001748
fffffdfa
0000007b
00000891
fffff32c
fffff778
fffff229
ffffeddb
ffffea5d
ffffe50d
fffffa79
fffff5a9
ffffe8af
000006ca
0000201c
00001357
0000039f
00000766
000006e8
fffff4f8
fffff588
fffff5c7
fffffce1
fffff653
fffff813
fffff2d1
fffff9e6
fffff918
fffff9bd
fffffc21
00000a26
fffff485
000016e8
00000065
0000060a
0000092a
00000a5c
fffff990
ffffeba6
ffffea7a
ffffd581
ffffe17c
ffffea8e
ffffe53f
ffffe6f8
fffffcc4
00000eb7
00001ffd
000003bf
00000275
00000a2a
00000508
00000664
ffffffa9
00000369
00000922
00000020
fffff63f
fffffb43
0000020c
fffff7fd
fffff927
00000e65
fffff683
00001338
00000193
ffffffa9
000002f8
00000501
fffff4b9
ffffe69d
fffff088
ffffd70c
fffff677
fffff561
ffffeaaa
000000dd
00000e1a
0000105c
fffffd01
fffff96b
0000018f
000005da
00000866
00000ea4
00000cf7
000001b9
000014a5
00001795
000006bc
fffffd20
0000096e
fffffb5d
fffffcd8
00000e8f
fffff1ba
00000ac3
00000339
fffffeca
000001df
00000768
fffff440
ffffe7df
fffff4e7
ffffe00e
fffff994
fffff867
00000330
00000db9
00001b11
00000603
fffff559
fffff5c2
000002f3
00000885
00000a51
000012c1
0000063a
00000186
00000278
00001dff
00001354
000002ec
000006e9
fffff5d3
fffffb48
00000e8f
fffff083
00000df8
000000c9
0000021c
000007d0
00000b41
ffffffc2
ffffe7e1
fffff2a3
ffffe79e
fffffdfc
000014a7
00001b0d
00000dd6
00000ce4
0000018b
fffff249
fffffa59
fffff7c9
00000844
00000aab
000006e3
00000310
fffffd14
fffff462
00000a3d
00000811
fffff0f5
fffffb4a
fffff57a
fffffb3d
00000e1a
fffff662
00000791
000003bf
00000332
0000068a
00000fd6
0000056a
ffffe8a2
ffffeece
fffff051
0000029d
000022ea
000020db
00000f87
0000009f
fffff79d
fffff39a
fffff73f
fffffe1f
fffffd74
fffffc9c
000001f1
00000542
0000018e
fffff7bc
fffffccd
0000032a
fffff784
fffffe8d
00000422
fffffe81
00000ee6
fffffb07
000008ff
000003ec
0000048e
00000a05
00000fba
00000c49
ffffeead
fffff28d
ffffffdf
000009d8
00001913
00001fbb
00000d75
fffff9db
ffffefb4
fffff868
fffff502
fffff9c3
fffffb32
fffffaa9
fffffa9a
00000097
fffffe0f
fffffbae
000001d4
00000fd0
fffffdee
fffffc7a
0000094c
0000049a
000009e0
fffffa82
00000b2b
00000418
00000751
00000bf7
0000150f
00000fe4
fffffadf
fffff23e
fffff72e
ffffeb2c
ffffeb26
000010ce
000006b2
00000434
fffff7d0
fffff5ae
fffffb26
fffff7d1
fffff744
fffff4c9
fffff8e9
fffff826
fffffa94
fffffbc1
000004ba
00000b48
fffff749
000000b6
00001324
00000a9a
00000974
fffff766
00000311
00000238
00000613
00000a96
000010d8
00000f30
0000026f
fffff0c7
fffff865
ffffe1bb
ffffd81b
00000513
00000b69
00000666
fffff524
fffffb18
fffff570
fffff901
fffff9a6
fffff8be
fffffa35
fffff8af
fffff65c
fffff818
fffffecb
000003e9
00000013
00000516
000011e5
00000ad0
0000083e
fffffada
00000b82
0000048b
000009d1
00000786
00000c4a
00001517
000011df
fffffdaa
fffff514
ffffe9a1
fffff087
fffff00c
00001591
0000192f
fffffcd5
fffffcdf
fffffcee
fffff793
fffffcfd
fffff972
fffff936
fffffcb1
fffffbb2
fffffc5b
fffffe80
000002a6
0000026d
00000151
00001595
00000a11
00000b26
fffffa32
00000cf2
000008e8
0000079c
000007c9
00000ada
00001438
0000153c
000005dc
000000d6
fffffac3
0000092c
fffff050
00000769
00001098
00001c22
0000079b
000003ff
0000001e
000002cd
fffffee3
fffffc63
fffffc88
ffffff1c
fffffc2e
ffffffbf
00000378
ffffff5c
00000149
0000157b
00000957
00000d6f
fffffb0b
00000ffc
00000bc9
00000d4a
00000a9f
00000f69
0000149e
000023d2
00002791
00001470
fffffd72
00000921
fffff8d4
fffff51d
ffffffe0
00000389
0000166a
00001312
000007b9
000007fd
000004cb
00000609
0000057b
0000003a
fffffee1
fffffe8b
00000213
fffffd1d
fffff89d
0000101e
000003ac
00000880
000003a4
00001609
00000d66
00000dfc
000009d1
00000b80
00000745
00000a93
00001c75
00000c65
ffffffee
000001ce
fffff826
ffffe500
ffffe2d1
ffffe132
00000825
00000d7c
0000157b
00000cbd
00000562
00000214
0000052b
ffffff2f
fffffeee
fffffce8
00000133
00001054
fffffec0
0000134a
00000620
00000b20
fffffd53
00000de4
000007e0
000002bf
fffff9f6
fffffad3
fffff297
ffffec6c
fffffa8c
0000077e
fffffcdf
00000585
fffffd27
ffffe5d4
00000282
ffffe9bd
fffff5e9
fffffd1f
000017fd
000009c1
fffffdc7
00000094
ffffff86
00000649
fffffe2c
00000569
000009cf
00000c2c
00000151
0000199e
00000edf
00000eb1
fffffea2
00001624
000004bd
000001c3
fffffc73
fffffdb7
fffff528
fffffcce
00000285
000006de
00000737
fffff97b
fffff482
ffffded3
000000ff
00000643
00000395
fffffb3a
fffffb4e
fffffd3a
ffffeba9
fffff35f
fffffc3e
0000086e
ffffffa0
fffffb38
0000064e
fffff756
fffff465
fffffea9
0000007d
00000ca3
fffff7ab
00000717
fffffd9c
fffff803
fffffd7f
00000821
000009c7
00000ce3
0000105e
000002b9
fffffe09
ffffeb20
fffff97f
ffffe68a
fffffce6
00000a7f
00000a9e
fffffe59
fffff811
fffff556
fffffbc5
ffffee27
00000266
000010ac
ffffeba3
0000087a
00000338
fffff847
ffffe658
fffffacb
000000ae
00000f7d
fffff038
00000365
fffff384
000000f2
00000b8c
00000237
0000075a
00000860
0000048e
fffff4bd
00000610
fffff1f1
0000103a
0000136f
00001283
fffff843
fffff453
000004f4
00001b0b
00001414
00000db1
000005e2
fffff880
fffff099
ffffe271
fffffff6
fffffc2e
00000d83
00000988
00000cad
0000096f
00000f09
fffffcac
00001db3
00000b10
ffffff7b
000006c6
00000ab1
00001205
00001224
00000905
000005ad
fffff96e
ffffeea8
00000f78
00001969
00001f26
0000030d
00000488
0000105a
00000fc8
000001da
fffff703
fffff351
ffffeee1
ffffe33c
fffff081
fffffa5c
fffff56a
00000893
fffffe09
00000cd9
00000257
000011de
fffff5ca
00000e21
ffffffdb
fffffb94
0000080e
00000765
fffffa1d
fffffd57
00000546
00000176
000009e8
00000b09
fffffdcb
fffffacc
0000054a
ffffffb7
00000369
fffffeaf
000001ec
fffff9c6
000001d5
00000b05
00000db1
fffff1aa
fffff375
ffffea3d
ffffe8a2
ffffe9f9
fffff36e
fffffd8a
00000059
00000561
ffffef09
0000191e
000007b4
fffffabf
fffff702
fffff932
fffff08d
fffff3b5
00000496
fffffc8c
00000046
000010ec
000008f9
fffffef8
0000091c
00000541
fffffe68
fffffe6f
fffffe0b
00000328
fffff84d
ffffeea0
fffffdf3
fffff293
fffffc48
000000ee
fffffe44
00000583
00000bf1
00000267
000005c1
00001b21
ffffe292
fffffd74
fffff900
fffff6f6
fffff9c4
fffff537
fffff38b
ffffed1c
ffffed2c
ffffe0e4
ffffdbe7
ffffe602
fffff468
fffff4d9
fffff85d
fffffb0e
fffffca2
fffff260
fffff5fc
ffffec4f
ffffed36
ffffeb13
fffff127
ffffef63
fffffdb3
fffffa76
fffff56c
fffffa0c
fffffe03
fffff207
fffff0c5
000000b7
000001d3
fffffb39
fffffbd5
fffffb08
fffffc94
fffff70b
fffffa70
fffffe2c
fffffb6d
fffffe7e
fffffc51
fffff95e
fffff8fb
fffffce4
fffffa9f
fffff8bc
fffff9c2
fffffd61
fffffd45
fffffb85
fffffdb3
fffff78f
fffffa7b
fffffef4
fffffe70
fffffa74
fffffcd1
fffffef5
fffff90e
fffff956
fffff7b9
fffff5e8
ffffff2d
fffffe96
fffffdf1
fffff9c0
fffff9c3
fffff7d1
fffffab7
fffffafc
fffffa03
fffffbca
fffff80d
fffff741
fffffb39
ffffff32
000001be
fffff875
fffff5eb
fffffef4
fffffa32
fffffb92
fffffd96
fffff7d4
fffffc62
00000105
fffffc99
fffffb4e
fffffef9
fffffc41
fffff646
fffff2f6
fffff64d
fffffff7
00000074
00000590
fffff879
fffff7c7
fffffbc4
fffff938
fffffeac
ffffffa5
ffffebf7
ffffeb32
fffff646
fffffb85
fffffbcd
fffffbbf
0000004c
fffff9fe
fffff7cc
fffff560
fffff692
00000277
ffffffec
fffff7e6
00000050
00000398
fffffdd2
fffff7ba
fffffbf4
fffff775
fffff519
fffff567
fffffb21
0000014e
00000120
00000201
fffff8e6
fffff7be
fffffea1
00000853
0000047c
ffffe62b
ffffdce5
ffffe774
fffff916
00000148
fffffc33
fffff1b0
fffff81b
fffff93c
fffff86a
fffff7c0
fffff9c1
000007b1
0000017d
fffff9bb
fffffcc1
fffffb90
fffffa5d
fffff74a
fffffdd1
ffffff42
fffffc8c
fffff546
fffff21e
fffffe06
fffffceb
fffffeb9
fffffe28
fffffdb0
00000970
00001c58
fffff092
fffff0a7
000005d5
00000548
fffffb39
fffff3ba
ffffe8c1
ffffe88a
fffff8a1
fffffa21
fffff5fd
fffffaf9
fffffd47
00000572
00000675
fffffa8c
fffffb18
fffffa6b
fffff9c3
fffffbc0
00000127
00000267
000002d8
fffff5b2
ffffef48
00000039
fffff8e2
00000011
fffffdac
fffffceb
000009d7
00000e6f
ffffff5d
fffff8b6
00002b11
00000ca8
ffffea7c
ffffe9ef
ffffd92b
ffffddfe
ffffffbe
fffffaa2
fffff5ad
fffffcb1
000002dd
0000027f
fffff586
fffffa69
000001f4
0000004d
fffffffb
000000b6
fffffb01
fffffb9e
0000021e
fffff7d9
fffff324
00000496
fffff9da
fffffab2
fffffb1b
0000020f
00000f62
0000025d
fffffb11
0000137e
00001b27
ffffe98a
ffffebaa
ffffe15a
ffffd4cb
ffffe2e4
000003c1
fffff8fa
fffff1a4
fffff861
fffffc07
fffff77f
ffffedc2
fffff978
000003d0
fffffee1
fffffb2b
fffff71c
fffff3aa
fffff667
00000094
ffffffd1
fffff958
00000316
0000031a
fffffced
fffff7a9
fffffdca
fffff917
ffffd4f9
fffff3f5
00001717
ffffcb06
ffffe9a4
fffffa71
ffffe7f5
ffffce0c
ffffdd77
ffffed91
fffffd0a
fffff175
fffff6d8
fffff413
ffffeaa8
ffffec07
fffff354
fffffcfb
fffff91b
fffff6a8
fffff275
fffff154
fffff317
fffff8a6
fffff90d
fffff2a4
fffff235
00000b3d
000000b1
fffffcf1
fffff056
ffffe0b0
ffffc7a8
ffffea1f
00000fca
ffffc49d
ffffdff2
fffff381
ffffe03c
fffff10c
fffffa37
ffffd22f
fffff06e
fffff7ef
00000023
fffff745
ffffeddb
fffff56a
fffff8eb
fffff588
00000132
00000104
fffff273
fffff59c
fffff4dc
fffff79d
fffff358
fffff064
ffffeacf
00000487
000009c7
00000748
000000bf
ffffe2a6
ffffcb8d
ffffedae
000004ee
ffffdf02
ffffda18
ffffd91e
ffffccbd
0000005f
fffff972
ffffdc65
ffffccbd
fffff78c
00000e7f
00000630
fffffaf2
fffffec4
fffff9c9
fffff5e0
0000069b
000010f7
00000219
0000083b
000002bb
000004c7
0000010a
fffffd24
fffff558
fffff4f1
00000225
000000d3
ffffff19
fffff0f7
ffffecb7
ffffe844
00000286
00000f58
ffffd7e9
ffffc0fc
ffffdc0a
000007c3
ffffea52
ffffcf7e
ffffc225
ffffdbff
ffffff81
00000521
fffff713
00000065
000002fb
fffff6da
000004a1
00000286
00000818
ffffff52
00000393
0000058a
00000119
fffffc1f
fffffaa9
ffffec64
fffff9b6
fffff9ab
fffff905
ffffec0a
fffff9e2
fffffc07
fffff7b5
ffffff32
fffffc26
ffffd61a
ffffe955
fffff246
fffff341
ffffe959
fffff274
ffffdff8
ffffdddd
ffffebf3
ffffee86
fffff2ea
fffffbd1
fffff89a
fffffe3c
fffffd02
fffffd57
fffffa8e
fffffcb9
fffffc6c
fffffc96
fffffd26
000003ba
ffffe859
fffff3f3
fffff8ca
fffff578
fffff3cf
000007fa
00000169
ffffe5c6
fffff9fa
fffffafa
ffffd632
fffff3d3
fffffa62
fffff974
00001cdb
00000df0
ffffe638
ffffcfd8
ffffe757
ffffe3f4
ffffdcf6
ffffebae
ffffe885
ffffe582
ffffe9ff
ffffefc2
fffffac1
000001da
000000c2
fffff96d
fffff788
00000a75
ffffe89f
fffff0d1
fffff81c
fffffaf3
fffff707
fffffee5
fffff306
ffffdbc8
fffff1d0
fffff017
ffffe911
ffffe7ad
000003c2
00002316
00003405
00001fa1
fffff0be
ffffddc4
fffffb10
fffff0f3
ffffe7c0
fffff127
ffffe757
ffffdf1e
ffffe022
ffffe56a
ffffe64f
00000641
00000279
fffff34c
fffffdfe
00000c9e
ffffe55d
fffff07c
fffffb4d
fffff743
ffffefd7
fffff6d6
ffffe969
ffffdada
fffff6b0
fffffcc5
ffffe50f
ffffda6d
00001174
00003ff1
00002baa
0000016f
fffffbc1
000002b6
00000755
0000073f
000000b8
ffffff13
ffffec3e
ffffe572
ffffe717
ffffe356
ffffdfef
ffffe600
fffff526
ffffeae6
0000046a
00001449
ffffe54e
ffffee0f
fffffa3e
fffff137
ffffee2a
fffff04c
ffffde59
ffffda29
fffff379
00000cdf
fffff60b
ffffda14
000014df
0000322a
000002f3
fffff604
fffffe9d
00000856
00001721
00000a71
fffffc3e
fffff6b2
ffffef80
fffff051
ffffec97
ffffe5ef
ffffd436
ffffd099
ffffe57b
fffff299
00000b1f
00001b4a
ffffe836
fffff92c
fffffa09
fffff31b
fffff038
ffffec42
ffffda26
ffffd09e
ffffebb7
000016aa
00001347
ffffe36d
fffff5c2
00000e66
fffff3ab
fffffb3e
fffffb21
00000ca5
00000d82
fffff8f6
fffffaa6
fffff494
fffff1c4
ffffee72
ffffeff0
ffffee30
ffffdb91
ffffc0a0
ffffe3fa
fffff978
00000ab9
00001683
ffffeef5
fffffd36
fffff882
fffff735
fffff3f7
ffffeda5
ffffdb65
ffffc6b2
ffffe59c
00001abb
00002235
ffffef4b
ffffd759
ffffe168
fffff492
fffffa01
fffff71a
000006cf
00000348
fffffd7c
fffffa0a
fffff395
fffffb87
fffff72d
fffff407
fffff334
ffffe2dd
ffffce39
fffff7a5
fffffc3e
00000630
00000e53
fffff3a5
fffffa11
fffff963
000001f3
fffff8d6
fffff1dd
ffffdd04
ffffbb0c
ffffdc61
000009d9
00001ef5
00000562
ffffdb87
ffffc8aa
ffffecb4
fffff307
fffff83e
fffffdb3
00000062
fffffd35
fffff9aa
fffff77c
fffff741
fffff60e
ffffefcd
fffff411
ffffe76f
ffffd9f2
fffffc22
0000022c
fffffe5d
00000b12
fffff1ca
fffff8eb
00000012
00000473
fffffd6e
fffff35e
ffffdd89
ffffc549
ffffcd8a
fffff029
00000dd0
00000817
0000069b
ffffd340
ffffd369
ffffe5dd
fffff28b
fffff604
fffffecd
fffffc1f
fffffd74
fffffdcc
fffffa82
fffff4c5
fffff008
fffff5fe
ffffeddf
ffffe233
00000498
00000665
fffffb2b
0000062b
fffff554
fffffc81
0000012e
0000023e
fffffeee
fffff615
ffffdb99
ffffcbaa
ffffb903
ffffd7de
fffff31c
00001612
0000207e
ffffd549
ffffbec4
ffffdd49
ffffe583
fffff43b
fffff96c
ffffff81
00000209
00000021
fffff601
fffff86e
fffff2fe
fffff994
fffff1b9
ffffe446
00000cfe
00000984
fffff966
ffffffef
fffff5ac
ffffff09
fffffd10
fffffc23
fffff9df
fffff8d8
ffffe7a0
ffffcd7b
ffffc05e
ffffccd2
ffffe452
0000052b
00001400
ffffece1
ffffda0d
ffffca42
ffffcdc1
ffffdfe5
fffff996
fffffe86
fffffd9b
fffff720
ffffef4f
fffff2cd
fffff4a3
fffff95d
fffff10a
ffffdfaf
00000dea
00000ae0
fffff75a
ffffff86
fffffdef
000003ce
fffffd2c
fffff672
fffff726
fffff835
ffffefbd
ffffe50c
ffffd1fc
ffffcf2f
ffffd965
ffffeac2
fffffcbc
ffffedc7
fffffb49
ffffebf0
ffffc83d
ffffca52
ffffef05
fffff300
ffffec3b
ffffea8f
fffff038
ffffefa7
fffff763
fffffae4
ffffee84
ffffddcf
00000709
00000de0
fffffbdb
ffffffe3
00000557
0000013c
fffff555
fffff0dc
fffff5d3
ffffed1c
fffff061
fffffba6
fffff127
ffffde35
ffffef24
ffffe3f0
ffffe91b
ffffe393
00000951
000009a6
ffffe485
ffffd36d
fffff074
ffffeec7
ffffe93c
ffffdad4
ffffe7d2
ffffeceb
fffff158
fffffb11
ffffed3d
ffffe481
fffffd87
fffffdc0
fffffe9f
ffffffdd
fffffee1
fffff6a4
fffff325
ffffeb80
ffffef79
fffff0ee
fffff05d
fffff8e3
fffff8c9
ffffedc2
ffffee85
ffffebc3
ffffe51d
ffffe1b9
fffffb5e
00000c7d
fffff823
ffffe29e
fffff1df
fffff0a6
ffffeb0e
ffffd8c2
ffffcb35
ffffef25
ffffeacf
ffffefc9
ffffeec0
ffffe977
fffffb39
000000e0
fffff98f
fffff784
fffff953
ffffee85
fffff385
ffffea66
fffff5cd
ffffeef1
ffffea9f
fffff64d
fffff76a
ffffeb74
fffff931
ffffe0a0
ffffdbb9
ffffdc55
00000589
0000079c
fffff33e
fffff009
00000080
000002d0
0000053a
fffff5d6
ffffed31
ffffe7f4
ffffdad7
ffffd62b
ffffd1d2
ffffd2fe
ffffede1
ffffffd0
fffffe1d
fffffa7c
fffff1fc
fffff142
fffff6b7
fffff809
fffff48f
fffff184
ffffec63
fffff337
ffffef67
ffffdc8d
ffffe9d3
ffffe1d7
ffffdbf9
ffffdfe6
00000f25
00000692
ffffff4e
fffffb40
fffff7db
0000013b
000003d1
00000622
000004a2
ffffe4af
ffffcb89
ffffbdfd
ffffbdb4
ffffb7c8
ffffd610
fffff193
fffffda9
000005cd
ffffee64
fffff5ec
fffffe6c
fffff72f
ffffe9d7
fffffb09
fffffabd
ffffed79
ffffe451
ffffe368
ffffd05d
ffffe159
fffffee2
000002f6
00000434
fffff194
00000681
fffffd15
fffff53a
ffffff0d
fffff59c
ffffff34
00000b8c
ffffe246
ffffe474
ffffed56
ffffc3c4
ffffb6fc
ffffc99c
fffff92a
00000136
000007fc
fffff133
fffff373
00000036
ffffff73
fffff4b2
fffff9d2
fffff31e
ffffefd8
ffffd6e5
ffffe0e4
ffffd039
ffffee39
00001177
00000c47
fffff609
ffffec52
00000c5c
00000b04
00000467
ffffefee
ffffee93
fffffc5c
fffff865
ffffe6a5
ffffdddc
00000498
fffff362
ffffd811
ffffe18c
0000056b
fffffa6e
0000000f
fffff727
fffffd4d
ffffff43
ffffff90
fffff4c0
fffff797
ffffe484
ffffebf8
fffff496
ffffdf7f
ffffde82
fffff3b5
fffffcff
fffff685
ffffeb9a
fffff420
00000a69
00000764
fffff448
ffffedbd
ffffecc8
ffffe965
fffff2f7
ffffea31
fffff519
fffff8b2
fffffb21
ffffed4d
ffffee2a
ffffffcc
fffff7d9
00000141
fffff415
fffff28c
fffff93c
000001a2
fffff186
ffffee86
ffffe844
fffff96e
fffffb1f
fffffa8e
000003f6
000008f8
fffff24b
ffffe809
fffff722
fffff441
ffffff26
000004c6
fffff060
fffff8f3
fffffc9d
000004a5
00000136
fffff409
ffffebc1
fffff767
00000814
fffffcec
fffff63f
ffffffdf
000001d5
0000092b
fffffd01
fffff0e2
fffff3ee
fffff5d4
fffff465
fffffbdc
fffff85b
00000cdf
00000e62
00000363
fffffb1c
fffffad3
fffff01b
fffff9c2
fffffd75
fffff456
ffffff51
fffffe71
fffff795
fffff3be
fffff497
fffff59e
000002e9
0000000d
000005ec
000003ea
00000688
ffffede8
fffff3c6
fffff8bd
fffffe9f
000015b9
