000042ab
00005163
00004a4e
00004a0f
0000455a
000040f2
00005a8e
0000678b
000069f8
0000626d
0000547e
00006276
00005b1e
00006332
000073f0
0000554c
000057c4
00006062
0000833d
00009c30
000067de
00006b43
00005fc8
00005b97
00006a15
00006e99
00006594
00007bba
00005f70
00007a17
000085ba
00007714
00004a50
00006717
00007a2a
00009005
00007da6
000060f7
000050a6
00004056
00004820
000057c5
000063bd
00004db4
00004831
00006190
00006aa0
00006ce2
00007177
00007460
00005079
00004ebd
00003341
00004c7a
0000496c
00006d48
00007b4d
00007a38
00007eaf
00006e3f
00005c60
0000795a
000068e3
00006935
00005f02
00006c20
0000190f
00005325
00007760
0000894c
00003308
0000890b
000083d4
00007c9f
00007936
00006914
000051ad
00006a18
00004f1e
00005baf
00004c6f
00004ada
00000142
00003e61
0000834f
00009e47
000069f8
00007540
00008737
0000595f
00003044
00003310
00002e91
0000301c
00001c36
00003193
000049c3
00005a49
00003632
00005d23
00009ce6
000079c9
00009d1f
0000a3be
0000b628
0000819f
000058cd
000070cf
00006459
000055be
00003e97
00004748
00004d89
000056d2
00004520
00006ab6
00008fcc
0000678a
0000a4ea
0000acdf
0000a580
0000949d
000077fc
000089ce
00008cfb
00007a26
00003f85
00004bef
000058b5
000067df
000055d3
00007421
0000932e
000075af
00009bfe
00008360
00006dea
000066de
0000640d
00007e47
0000789d
0000760d
00004918
00005626
00005de1
00006adb
000055db
00005eb5
00004dc1
00007465
00007262
000054e9
00002af8
00002e86
00003cda
00004d86
000046d2
00006148
00004b85
00005b66
00005fb5
00007333
00007902
00007b44
0000596c
00008f75
00008a8c
00008ba5
000060a7
00004d27
00004bc2
00005128
00004ea4
00007013
000056fd
00006244
00006ccf
000084b9
000077f6
00007a37
00008fe8
0000a2c7
0000bb3e
000080de
0000ab09
00009a9c
00007861
00008aec
00007e88
00009175
00006903
000070ed
0000651a
0000634f
00004a41
00002d1b
00005a2a
00007da3
000082c9
00005e61
000074c2
00006fb5
0000712c
0000959e
00008b42
00008c7f
000053ae
00005b19
0000575d
00005067
00003abf
00004b6e
000038f3
00004136
000039d5
00003c25
00004d5e
00004651
00004009
000044fc
0000525c
00005d6d
00004220
00004b40
00002dda
00001584
000005ca
000033df
00001832
000011d7
ffffff2c
000016b1
00001911
00002706
00003e54
00002ae1
ffffff0f
0000136c
000016fb
0000478d
00005a41
00005ca6
00004f55
0000546d
000058c3
00004dcc
000052c1
0000543f
00005143
00005585
0000520b
00005421
000050da
000053ca
000055fb
000045ce
ffffdeef
ffffe820
ffffdf5c
fffff4ed
fffffd90
ffffe71b
ffffc929
ffffd049
ffffd9ff
ffffe0fe
ffffd797
ffffe4c4
ffffe4b5
ffffd3db
ffffc8bc
ffffe913
ffffdc5e
ffffd4fc
ffffc8fd
ffffc61b
ffffc76e
ffffaa4a
ffffc264
ffffd737
ffffcd15
ffffd485
ffffd108
fffff1e7
ffffeedf
ffffd96b
ffffd0d0
ffffd8dd
ffffd144
ffffd1c6
ffffd675
00001499
fffff35f
ffffe292
ffffec78
ffffdac9
ffffdc63
ffffdf01
ffffe5af
fffffe27
fffff801
ffffe938
ffffe120
fffff438
ffffc701
ffffd23b
000003cd
00001657
00000d22
ffffee70
ffffda4a
ffffc6d5
ffffdd7d
fffff5d8
000006df
fffff0d4
ffffe41c
ffffef90
ffffe51c
00000714
ffffd908
ffffdd82
00002425
00004235
0000445b
00003501
fffff83d
fffffc8f
00001432
000016f1
000012ca
fffff32d
fffffbd2
00000215
00000415
000022da
ffffcbb6
ffffbf48
ffffcf95
000008cb
00004fd1
00001d95
fffffb1d
0000302b
00003c8b
00002963
00003441
00000436
fffff2f0
000007a5
0000047c
00002501
ffffbebf
ffffafd1
ffffb455
ffffbd63
00000986
ffffef52
ffffe179
fffff788
00001a51
00001021
fffff7b1
fffff3d0
ffffdc46
ffffcdcb
ffffd3a4
fffff44c
ffffc30b
ffffb4cc
ffffd050
ffffcb52
fffff8b3
ffffeb86
ffffe786
ffffc89d
ffffc7f6
ffffb47f
ffffc1a8
ffffc27f
ffffc70c
ffffd5e2
ffffdca9
fffff2e3
ffffbdbd
ffffa9ba
ffffbec8
ffffde02
ffffed25
ffffe47f
00000b24
ffffe90f
fffff1ba
ffffda63
ffffd5b7
ffffc45f
ffffcf52
ffffe546
ffffc50a
ffffdd32
ffffcca7
ffffc191
ffffc2b0
ffffeb48
ffffe8dc
000028f7
00002b82
00002d15
000016d3
fffff291
00000125
ffffeb84
ffffef48
ffffeb1e
ffffb683
ffffd640
ffffdba1
ffffeb36
ffffd5f5
ffffe1bc
fffff806
000016c1
00002076
000010b8
0000145f
00000d29
000009a6
fffff58c
fffff23b
ffffeb17
ffffc87b
ffffe7ec
fffff230
0000011f
fffff8e3
ffffd6ed
00000544
ffffc64e
ffffc9ed
fffff3f6
00002ae5
0000214c
00000c33
fffff99e
fffff3e3
ffffea56
ffffc80f
ffffed46
fffff237
00000675
0000127c
00000a38
fffffea5
fffffdad
ffffe55b
ffffc16d
00000a18
00001148
000033d3
000005cc
fffffa32
fffffafe
ffffdafb
fffffd1f
ffffdd3f
ffffe8af
fffffbf1
00001a5b
00002bf7
00001d2a
0000072f
ffffec47
ffffdaf6
000014b8
000035d4
00005b73
00004c6f
0000189d
ffffecf4
0000002c
ffffd6d2
fffff08d
0000132d
00002a16
00003db7
00001f30
000007b2
00000042
000007b6
00001154
000029df
00004010
000048f9
000035a5
ffffe7db
fffff5fd
0000082f
ffffff46
0000163d
0000248e
00001414
00000dff
00001fc0
00001862
00001499
00001cc2
00001abb
000009de
000019c2
00001d59
000010a6
00001f93
00000b81
ffffe795
ffffc77e
ffffcc0b
ffffcd61
ffffd451
ffffe32c
ffffcc42
ffffda6c
ffffe30e
ffffed0a
ffffefa4
ffffebcf
fffff036
fffff0f3
fffff007
ffffd4c8
ffffa4d9
ffffa2f3
ffffa46d
ffffad8b
ffff7058
ffff99ff
ffff84ce
ffff8a2d
ffff95c5
ffffa185
ffffa2a4
ffffa0fe
ffff9917
ffff9a73
ffffd197
ffffd71f
ffff991c
ffffcd84
ffffe1c6
fffff304
ffffb06b
ffffac1c
ffff9ff6
ffffb3dc
ffffc5a3
ffffd1dc
ffff9a73
ffffa63c
ffffbf38
ffffab04
fffff303
ffffd3de
ffffa03e
ffffa57c
ffffb767
ffffd368
ffffb4a6
ffff883a
ffff7899
ffff8cc6
ffffa914
ffffca7d
ffffab3a
ffffa6c9
ffffbaa2
ffff9d46
ffffe5b8
ffffd222
ffff97f4
ffff9a74
ffff6991
ffff8634
ffff8509
ffff5a20
ffff5654
ffff5c73
ffff8a35
ffff9fec
ffffab14
ffffba53
ffffc15d
ffffa1b0
ffffebe6
ffffd730
ffff8ec0
ffff9eb1
ffff8163
ffff8152
ffff55b0
ffff4783
ffff818f
ffff5877
ffff7400
ffff7acd
ffff7ab1
ffff8feb
ffff96d3
ffff9614
ffffd8a5
000001c2
ffffcf35
ffffc16e
ffffa580
ffffd39c
ffff9fa6
ffff9e32
ffffd8b2
ffffcfe1
fffff7ea
ffffd568
ffffd2e2
ffffcb01
ffffc9eb
ffffcfd3
000005c1
00000cd9
ffffd952
ffffd37f
ffff9182
ffffb659
ffffe0fd
00000eda
ffffefc7
00001654
0000216c
000015ff
00000b72
fffffb4e
fffff504
ffffd4d9
000006fd
00001232
ffffe48b
ffffd0ad
ffff99a1
ffffb17d
ffffd07f
ffffeeee
fffff6e1
00000497
00001d31
000017c3
000009fc
000005b5
00000a88
ffffe982
000006b0
000006f3
ffffd9d5
ffffc2a2
ffff9bc7
ffff89c5
ffffaabd
ffffa7e2
ffffa348
ffffbb5e
ffffcd19
ffffea66
fffff3d4
ffffe279
ffffef93
ffffe00b
000008fb
fffff47f
ffffcbb4
ffffa676
ffffa08f
ffff7c01
ffff752e
ffffa433
ffff8f32
ffff90ff
ffffa98f
ffffc587
ffffdba9
ffffd8ed
ffffcb48
ffffcb8d
fffffd39
ffffdfd0
ffffb7bd
ffffa1b0
ffffaecf
ffffbe57
ffff98d1
ffffab18
ffff97d0
ffff7947
ffff7d9e
ffff888c
ffffb449
ffffbe2c
ffffaa1e
ffffa7ea
ffffe231
ffffd3fa
ffff9651
ffffa46d
ffffab33
ffffaf19
ffff96d8
ffffb28d
ffff8029
ffff72c9
ffff528a
ffff6b70
ffffab6f
ffffa307
ffff9253
ffff7ef7
ffffd4e4
ffffde2d
ffffa9f4
ffffbb24
ffffbdfa
ffffac08
ffff8eac
ffff8806
ffff6a80
ffff6bc0
ffff6725
ffff918f
ffff947b
ffff6f54
ffff6a1e
ffff8561
ffffd5fb
ffffe72b
ffffbcd7
ffffbe1c
ffffbc80
ffffaf15
ffff93d4
ffff7d69
ffff8526
ffff9224
ffff96fb
ffff8ae6
ffff8bc3
ffff56d1
ffff66a2
ffff5f5a
ffffcf67
0000102b
000013ae
0000254f
00003672
000020d7
00001f32
00001a5f
00001277
000004d2
00000540
fffff7a9
fffffd82
fffff614
fffff47b
ffffe89d
000032c6
00000833
000009df
000017aa
00001212
00000d05
000005dd
fffffc55
fffffa14
ffffff3e
0000117e
0000096d
00000ae0
0000061d
0000072e
000014df
0000214a
fffff8c2
0000029c
000009ac
00000ebb
000023ac
000026bc
00000e12
fffff316
ffffef4f
ffffffb1
fffff84c
ffffef58
ffffe06e
ffffe25b
fffff292
000000d8
00001272
000038ce
00004220
000020c5
00003358
00002d37
00002943
00001243
000018ee
00000e51
00000f85
000006a4
fffff9dc
00000c73
000013a7
00000df2
00001432
00002a0e
00001bf0
ffffe382
fffff015
ffffe810
fffff761
00001c0d
00003337
00000896
00000fcd
00000af7
00000b9e
0000232f
0000298d
00001f23
000008f0
000014fb
000012ad
fffff265
ffffe38b
ffffcd1d
fffff2d1
00001230
000025ea
000008ce
00000149
000005d0
fffffc0b
00000945
00002359
000031f3
00001e7a
00002546
00000bf3
ffffd6d5
ffffb7f0
ffffbe6a
ffffe6cb
ffffe168
00000f95
00002073
000022cd
000024aa
000018ab
000010ea
000030cc
0000219d
0000109f
00000a18
00000863
ffffd1b1
ffffc57c
ffffd694
ffffd87c
ffffe278
000006e9
00001931
0000198b
000027e3
00003bce
00002dd7
000033d8
00001005
fffff687
ffffe1be
fffff85e
ffffe50d
ffffe8be
ffffe053
ffffe095
ffffbe64
ffffab9a
ffffbe21
ffffd907
ffffe565
000002d7
00000ac5
000024b8
0000027c
fffffd27
ffffdaf4
ffffe586
ffffd483
ffffdc0f
ffffdee8
ffffc5ff
ffffd05e
ffffc049
ffffc2d3
ffffbe7c
ffffc02b
ffffce93
ffffde35
000004f0
00000143
000003be
ffffe7ae
ffffdb19
ffffcc05
ffffc607
ffffc124
ffffc03d
ffffdf6e
fffff353
ffffebd5
ffffe23d
ffffd59e
ffffc555
ffffe496
00000657
0000066b
000004a7
ffffe87d
ffffdcbf
ffffc77c
ffffc712
ffffba43
ffffcccf
ffffdf38
00000370
000001d4
ffffee55
fffff316
ffffedc2
fffff46b
00000e38
00000a1d
fffff199
ffffe508
fffff14a
ffffdca1
ffffd0a0
ffffc0f7
ffffbd9b
ffffbf29
ffffe113
fffff27e
ffffefbb
fffffc32
fffff737
fffff9d2
00000c7e
000013ca
fffffc77
fffffd8b
fffffac8
fffffc42
fffff059
ffffb555
ffffa210
ffffb3e1
ffffc522
ffffe0ac
ffffe736
ffffef95
fffffb8a
fffffeb5
000022dd
000018c2
00001629
00000ff1
00001229
00000a20
fffff17d
ffffcbac
ffffc0ba
ffffcb8e
ffffe086
000003f5
000000d7
ffffdefd
ffffd5a8
fffff351
000014aa
00001990
00002366
00002345
00003238
00002725
0000090b
fffff31c
fffff2be
fffff900
fffffdbf
0000277c
000023ba
00000788
fffff58d
00000cce
000028ae
00002527
0000222f
000038e8
00004841
00003bbb
00003428
000033ca
000032b6
000026d5
00001fd1
000022bf
00002cc8
0000305b
00001f97
0000342f
00002b41
00002199
000024a3
fffff009
ffffd820
fffff7d2
fffffdad
000003ab
00000ae7
0000153d
00000ed6
fffff711
00000b79
00001149
000014f8
000011ce
00000930
ffffe53d
00001a0b
ffffcae8
ffffb76c
00000e09
00003e17
000004e2
fffffc1a
fffff5bd
fffff8dc
ffffecaa
00000206
00000519
00000e70
fffff55c
ffffeaac
ffffe716
00000a27
ffffbb4b
ffffe03a
000092fc
00009ddb
00001579
000010a5
fffffb69
ffffdc01
fffffd21
00001597
00000f3c
000012de
fffffb58
ffffde64
fffff0cf
00002f42
ffffbf5f
00002092
0000a28b
00006407
0000259a
000067fa
000036f7
ffffddd5
000018a1
00003f45
00000b89
00001f3d
00000b3b
ffffe5c4
00000050
0000407a
00001149
000055f7
00007725
0000368c
00004b33
00006c75
000079d3
00003be4
00001d12
00006fad
0000509d
00004b54
00004721
00001c17
00002146
0000492e
00000635
00002cce
00004274
000041c3
000072cf
00003534
000079a4
00006102
000010de
00004682
0000483c
00003fdd
000036a9
00001dd3
0000118a
00003db5
00000232
000002f1
00000804
ffffcc72
0000064d
000037ec
00003dc8
00003e6d
0000174f
000016de
fffffeb0
00000691
00001064
ffffe394
ffffdab2
000036b9
0000008c
00000223
ffffe063
ffffba2e
ffffef71
fffff44d
ffffd5e5
00001391
0000286f
000022bb
00001feb
00001488
000011cd
fffff227
ffffe11a
000025c9
00000516
00000ad4
ffffe6e3
ffffcd0b
ffffefff
000015a3
ffffe84a
00002532
00001081
00001061
0000191a
00002d3d
00001b9e
fffff20c
ffffd7eb
00001c70
fffff32f
0000124c
ffffebf2
ffffe01e
ffffe208
000044c7
00003426
00001883
0000082f
00001683
00002025
00001c20
00001873
ffffed12
ffffd5d1
00001729
ffffe0b3
fffffed9
000004ec
fffffe26
ffffe434
0000019a
000047aa
00002662
ffffec9e
fffffe76
000014d4
000016f1
00000878
ffffe6e3
ffffdbcb
00001889
ffffeb2d
00000c07
00003bfb
000013c1
00000d8f
000010a7
00004899
00003f67
00000adf
00000952
00000e00
0000179d
00000dd0
fffff2f6
ffffd2a1
000009e1
ffffe8a7
00001327
000021e7
000016f3
00001d17
00000c0c
00000048
00000e10
00001aaf
00000069
0000508a
000038df
00002a12
00000cb8
ffffed3d
00000bf3
ffffde2f
00001ca8
00000882
fffffa34
00001417
00000497
ffffe27c
0000059a
fffff666
fffff474
00004493
00008a02
00005548
ffffff54
ffffe723
00001496
ffffdf29
fffff9a5
00000f94
00000d13
fffffee6
fffff80b
ffffe505
fffff3f1
fffffd2d
ffffd778
fffff7fa
00001818
00001e15
0000098d
ffffee27
0000191d
ffffe04f
fffffbe7
0000034b
000010bf
00000aa9
fffff9f1
fffff492
fffff889
00000246
fffff7d3
fffff430
000003a8
fffffc90
fffffefd
ffffec03
ffffbd7e
ffffbee5
ffffd0c8
ffffc404
ffffb913
ffffac76
ffffca0c
ffffc9f9
ffffc2c6
ffffc641
ffffca5b
ffffcca4
ffffd0e8
ffffbea5
ffffaa97
ffffcfd3
ffffa3dd
ffff998d
ffffad84
ffffa7af
ffffa2d4
ffff7ee5
ffff9393
ffffa4aa
ffff9bae
ffffa076
ffffa154
ffff99d1
ffffa8cb
ffff940c
ffff754a
ffffb2a4
ffff9e2e
ffff8ab4
ffffb5d2
ffffd1b4
ffffff3c
ffffd213
ffffbeb9
ffffcc59
ffffb7eb
ffffadd6
ffffb355
ffffb5b2
ffffb328
ffffa6fe
ffff84b7
ffffc2e9
ffffae3a
ffffc4cb
ffffff4e
00001eaf
00003edb
00002a60
000010fb
fffff53f
ffffebdf
ffffdc07
ffffefa0
ffffe394
ffffe004
ffffd3e3
ffffb686
ffffd60b
ffffa024
ffffd5c7
00000e8f
fffffab0
ffffdde1
fffffc45
ffffff76
ffffc773
ffffb7a1
ffffb7be
ffffc559
ffffd553
ffffdb38
ffffce7f
ffffcb6a
ffffd7e4
ffffbc95
ffffbae1
ffffd892
ffffaa44
ffffacf3
ffffdae8
ffffb83b
ffffa710
ffff9e80
ffffba7c
ffffb2d5
ffffc60f
ffffdce3
ffffc8fa
ffffce6a
ffffe41e
ffffc4ef
ffffb18a
ffffba58
ffff96e0
ffffa6e2
ffff9290
ffff76e7
ffff8186
ffffbbd0
ffffbaaf
ffffcad7
ffffc67d
ffffbd4d
ffffa986
ffffb983
ffffd39b
ffffb47f
ffffb20e
ffffb24b
ffff8308
ffff91fa
ffff5c34
ffff6977
ffff937e
ffffafda
ffffd2c1
ffffe928
ffffe665
ffffc5fa
ffffb9d6
ffffc2a0
ffffd049
ffffb6ab
ffffa88b
ffffa38f
ffff8ce3
ffffa133
ffff6382
ffff8af9
ffff9c6b
ffffc8de
ffffe2ba
ffffe9d9
fffff383
ffffd931
ffffc7f4
ffffc993
ffffd4d2
ffffb3fe
ffffa368
ffff97d3
ffffa3f5
ffffa214
ffff92ce
ffff991b
ffffb4a9
ffffe3a1
fffff6df
ffffe5bf
fffff4fa
ffffdfd2
ffffcbe6
ffffa7a9
ffffc6ef
ffffbaa6
ffffb0bc
ffffa1c6
ffffaf5c
ffff8771
ffff8c10
ffff8984
ffffb924
ffffded6
ffffe7c3
ffffdc42
ffffdf28
ffffbfab
ffffc353
ffff9ba2
ffffc15f
ffffbbef
ffffb7ad
ffffb6b3
ffffae01
ffff841f
ffffac98
ffff84f0
ffffab89
ffffb618
ffffcebd
ffffc65b
ffffb669
ffffb4b0
ffffb521
ffffa3b7
ffffca1c
ffffc2d9
ffffb49c
ffffbdbe
ffffc717
ffffa4e4
ffffb13a
ffffcc82
ffffa91b
ffff94f3
ffffa74a
ffffb19c
ffffc133
ffffaa15
ffffc007
ffffad3c
ffffb896
ffffb41a
ffffa28b
ffffb187
ffffc6d4
ffffc9e1
ffffb355
ffffac87
ffffae29
ffffaf6b
ffffc0db
ffffc668
ffffdd02
000003de
ffffdbd7
ffffbe7a
ffffbf66
ffffb5a6
ffffb2aa
ffffb998
ffffa09c
ffffa962
ffff9f83
ffff97ca
ffff9758
ffffb0ce
ffffac72
ffffae47
ffffab09
ffffc213
ffffa597
ffff815a
ffff9ca6
fffff349
000008c2
00000871
ffffffa3
0000127b
000005c8
fffff4f1
fffff11a
0000071c
fffff293
fffffd8e
fffff63a
fffffca0
fffff8c7
ffffe566
ffffe13a
00000c6e
00000bd9
000013c8
00001952
000011c2
000016dd
00000bfd
00001391
00001d01
00002008
00001817
0000125b
000011ec
00001c63
00001d59
00001c54
00001e7b
000031a4
00003ae3
000068b5
00007936
0000429b
00001fd3
000022b1
0000307e
0000329f
00003349
00002b70
000021b9
000029e4
00003e6b
00002e16
00002018
0000452f
00004821
00004526
00004b51
000045ec
00004609
00002d74
000031ab
0000207e
00001e8b
00002955
00002f17
000024d5
00001e7f
00001be2
000038af
0000811d
000073a6
00000800
ffffa6aa
ffffb636
000012b2
00002523
0000441c
00003e35
00003140
000047c9
000046c2
0000449c
00003412
000028c3
00003120
00005d4e
00003ccd
fffffcd0
ffff7a1c
ffff9436
00001f5a
00002a33
00002ccd
00002e3d
00002181
00003708
00002449
000035e9
00003f81
00002cb2
00001a53
000017f5
000002e3
fffff62a
ffffd4c1
ffffd956
000014be
00000dad
000011de
fffffdef
0000167c
0000034e
fffffcb5
000012dd
000008b5
00000a10
0000182e
fffff8ae
fffff4e3
ffffe0f1
ffffea97
ffffe5a5
ffffe780
ffffeab0
fffff5d2
0000147d
000006d0
ffffe4b9
ffffe8e9
fffff752
fffff7d2
fffff1ef
00001f28
00000127
0000008d
ffffe8f3
00000a37
fffff51e
ffffe6a2
ffffb8af
ffff8364
ffff8690
ffff9f45
ffff9e09
ffffc51f
ffffe346
ffffe6f9
fffffac9
0000101a
fffffd17
fffffc47
fffff7e8
00001229
ffffffc7
ffffd724
ffffb0df
ffffa083
ffffb9d0
ffffbb13
ffffba0d
ffffc4c4
ffffe080
ffffea79
fffffeb1
00000de8
ffffffa7
00000ef7
00000843
00001193
ffffe67e
ffffdf58
ffffd24c
ffffd7fd
ffffe86b
fffff7a4
fffff45f
ffffe09b
000001f6
0000074e
00000b55
000005da
ffffed9c
000005ef
000012ec
00001d95
fffffb80
fffff294
ffffee59
ffffedf8
fffff2f7
00001bd5
00001889
00000174
00000dbe
00001ffe
000011c7
00000258
fffffa4e
00000611
00002288
00001d26
0000091e
fffffd9b
ffffd884
ffffe993
00000d45
000034a5
000030fc
0000037b
000014b5
00001927
00000dab
000007e7
00001778
00000cab
00000b30
00001ff8
ffffee99
ffffee05
fffffb57
fffff667
ffffff52
000028b9
00005753
0000129b
00002627
00000bd6
00000326
00000e5e
00001f24
0000229f
00001976
00000026
ffffebd7
ffffd8de
00000f23
00001408
00001901
0000174a
00002e46
0000250a
000038e9
000046ef
0000167e
000015c9
000018e0
00002726
0000251d
00000d36
fffff315
ffffeb83
ffffeca8
00000c67
00001116
0000143e
ffffeecd
ffffea89
fffff816
000003f6
fffff70b
0000367e
0000380b
00003f84
0000367a
000041da
0000398e
000028aa
00001d1d
00002769
00001359
00001ef9
00001b2e
00000870
000007c9
0000198b
0000180f
00000a2f
00002662
fffff02d
ffffde8d
fffff895
000009c3
000018e5
000013fd
00001928
00001a8f
00001a28
000025ae
00001ff5
0000156f
00000402
00000790
00001305
000040c7
0000013b
ffffe843
fffff1c7
fffffb2d
00001501
00002756
0000201c
000029c5
000032c2
0000399a
00003e32
00003bd8
000026a8
00002d62
fffff5e7
ffffebe8
ffffe47e
fffff33b
ffffd5c6
ffffd0bc
fffff265
fffffb64
ffffe896
fffffa9c
00000e91
00000aff
00000e41
0000077c
fffffe44
000014c1
fffff007
fffff2f2
ffffc91b
ffffe7a4
ffffdc0f
fffffe71
000012dc
ffffd702
ffffe920
00000d14
00002c3d
000023ee
00001c03
000011a0
fffff8cf
00000ae7
000004b4
000019e6
fffffc23
fffff392
00000191
0000511f
00002381
ffffc778
ffffe639
fffffcdc
000016d7
000021c9
000024a2
000021fa
0000094d
00001597
0000142e
00002054
ffffff08
fffff9ee
00001fe1
0000194d
000039b9
00001e7e
00001075
fffffcb3
00000b46
00001c4f
00002b9a
00002664
00001085
00002a1e
fffff603
fffff989
ffffe2ac
fffff307
0000088a
00000b85
00002431
00001d44
fffff56f
fffff991
ffffe773
ffffd035
ffffd5c2
ffffe594
ffffd1bf
000016b7
fffffe0f
00000254
ffffd7f2
fffff055
fffff74c
0000012a
fffff269
000003f3
00001492
000018cc
00000afa
ffffe736
ffffe998
00000c31
ffffe394
00000cd2
000009be
00000edb
ffffe830
00000184
00001f59
000024b2
fffffcd3
00000c19
00001a29
00001671
00000fee
fffffd1a
00000408
0000256a
00000021
00000c0d
0000132e
00001e5f
ffffe63e
fffff50b
00000fa5
00004224
00004763
00002f2e
ffffeef0
ffffeb2a
fffffaf5
fffff71d
fffff6a5
0000322f
00000f15
000006d1
00000f8c
00002aad
fffff737
fffff843
000002f0
fffffa24
000039b8
00002568
fffffabe
ffffe91a
ffffe55e
ffffe7ac
ffffe9dc
00001fc3
00001e49
00000e00
00000a8c
000037d6
0000121b
ffffffaa
00001e88
000017dd
00001b34
00002192
00002e03
000023fa
fffffff9
ffffe093
ffffcb40
00000276
00002010
00001f7a
00000fec
000033c1
00000156
fffff9b0
000016c4
0000357c
00004213
000027e8
000030e0
00003316
00002745
00000d92
fffff815
fffffe1a
00001172
000017c4
000000df
00002235
ffffedf5
ffffed36
fffffc07
00000c32
0000227d
0000381f
00002de9
000010c4
fffff75e
0000392a
00002563
00001d70
000012cc
0000142c
ffffdcfe
ffffe670
ffffaf88
ffffa46c
ffffb1ba
ffffc81b
ffffc802
ffffe224
00000293
ffffd527
ffffe184
ffffea15
fffff545
ffffff47
fffffdb8
000013f8
fffffc36
fffffe22
ffffe34d
fffff926
fffff12d
ffffedae
fffff78d
000007c5
0000131d
00000229
000008f7
0000099c
00000ee2
000015a3
00001300
00001b27
00005499
000045d6
00003bcf
000029f6
000035a9
00004057
00003bca
00003eb7
00003db2
00003e6d
000038ff
00003ea5
000037c6
0000449d
00005126
000040dc
000069a2
0000436a
000043aa
00003d37
00004d2b
00004348
00003fe4
0000474d
00004190
00004d17
00004daf
00005343
000044b7
0000406a
000057c5
000050fe
00005ae0
00002d49
fffff8ef
00001b66
00004a68
000018c1
000018da
00001516
00001d5c
0000316f
00003330
0000297f
000020f6
000012d5
00003e72
000036f6
00005d9f
000049d5
00002b1a
0000483e
00005303
00001899
000038a9
0000319e
0000416a
00004385
0000404a
0000352a
00002e38
00002965
000042ce
00004206
000054e4
00004086
00006aa7
000068d3
000082f2
000077d3
00006607
00005f75
00003cea
000035b7
000037b8
00002d10
00002a4e
00003503
00003d46
00004345
000040bc
00004b46
000077ad
00008db6
000097dc
00007f3a
00009aed
00008f55
00004140
000034c4
00003d93
00004196
00001c90
000027a6
00003421
00004108
000052a2
00003f37
00007644
00008e61
00007e31
00008299
0000a263
0000a520
000056e4
00004b8c
00003e8f
0000503d
0000327b
00002208
00002a2d
00004350
000054b6
00004be3
0000606b
00006aef
00003bc2
00005e2f
0000739b
00006e56
0000722e
000076b6
00007862
00008229
00007080
000032e8
00001fe4
0000328f
00004cde
00005114
0000574d
00005c15
00003c5c
000048d6
00004843
00004272
0000474d
00004ecc
00005904
0000725b
00007161
00004372
00002af8
000034a6
0000451e
00004296
00004b84
000057ac
000049de
00006576
000068cb
00003fb2
00002b82
00002959
0000334c
00004200
000050f6
00003d5b
0000482e
0000453e
00004b8f
00004732
000041cb
000054ae
000063b6
00006f69
000080ca
00009535
000064bb
000043fa
000035f3
000037a3
000044d8
00003a40
0000528b
00004ec0
00004ac7
00002c77
00002277
0000263e
00003eaf
0000517c
00008eea
0000991c
00007337
000054f8
0000425f
0000313a
00002fad
00002fb9
00004c0f
00005243
000034b2
fffffd76
fffff4c3
ffffef6b
00001206
00003938
00005ab4
00006bd3
00003c32
000038b5
00003f89
00002d01
000038ce
0000359a
000034df
00004ee7
000020a2
00000310
ffffec3b
ffffecdb
fffffedf
000014c1
00003b58
000039e6
00003a4e
00000f3a
000000fc
00001e2b
00003019
0000415f
00002d39
00003ea8
0000318a
00001a5e
00000a10
fffffde1
00000851
00000d28
00001f20
0000313d
00002c0b
00000d50
000005a7
00003783
00003c39
000049f0
00004595
00004c63
00004cff
000039fb
00003caa
000048bf
000038c4
00003a5e
0000388d
00004ba0
0000452b
00004f46
00004062
00004eb4
00005a63
00005a16
000065f9
000056b8
000021d8
000030e4
000029d9
00000e40
00001498
00002880
000026b7
00002bc8
000021a3
0000360b
00003334
00001edd
0000239d
00002bb4
000026ef
00001cbe
00003836
000036e0
0000495c
00001220
000010d6
000002fc
00000aa3
000025fc
00002c1d
00001e41
000024b5
00002a6d
0000295a
00003ac5
00003bbe
000036d3
00004c12
000056aa
000064fc
000042e2
00002327
ffffe64d
0000015b
000054f3
00005a21
00003fb7
00002b62
0000371c
00003c24
000053cd
00004fff
00003c50
00003814
00003b3e
000054b5
00001701
fffffc2d
ffffe883
00002465
00004975
00004e4c
00003892
000034a8
00003751
0000406c
000042ce
00004d09
0000326d
00003372
00000f48
fffff9aa
ffffe089
ffffe979
00000c58
000038d8
00002a00
00001836
00000557
000004b5
fffffe7c
00000aed
00000681
00000bf1
000011f5
000033bc
000013cd
fffff94d
ffffefd5
fffffd74
00000910
ffffe937
00001107
000010cb
fffffe69
ffffedee
fffffac4
0000013f
00000184
00001b09
00001304
00003201
00000835
0000203c
000013a5
fffffc2b
ffffea0c
ffffe6fb
0000034b
00000561
ffffedae
ffffde3b
fffff36c
00001153
00001b86
00002abe
0000274a
00003f41
00000ee0
000025e9
00002117
0000174b
fffff634
000006b0
00000f66
ffffeb7d
fffff6d1
00000090
0000025b
00001b83
00001461
000027e8
00002c46
00003f51
000013da
0000174d
00003d2c
00002cf9
0000262b
fffff4d5
fffff75f
ffffda73
ffffe7f1
ffffebbc
ffffe13f
00000e9d
000026c4
000034b2
0000378e
00004050
000020ac
00001659
00004007
00004136
00003db9
000003d5
ffffffcd
ffffff70
fffff6c0
fffffaf1
fffff1de
ffffe9d5
000012b7
00002fbc
00003dcb
000042fc
0000371f
00003557
00003f43
00004fbf
000013b5
0000140b
00000a7e
000011b5
0000199c
00001861
000015ef
fffff79b
00002239
00002ab8
0000338b
0000527b
0000459d
00003691
00003670
00003cea
00003132
000001ec
fffffe38
000023f7
00002be9
00003487
00002c31
00000da8
000023d9
00003559
00003172
000048e5
00002d35
00002140
00001dd7
00002d57
0000194d
0000036c
ffffe61b
00000bf2
000028e1
00003a37
00002956
00002cec
0000368e
00002f5c
000029b8
00003caa
000022a1
0000210d
0000156e
00002485
0000045b
ffffe5cc
00000082
0000088f
00002073
00003603
0000230a
00000ef9
00003ddd
0000323f
0000286d
00004339
00001550
000007c8
fffff8f4
fffff52b
fffffc9d
fffffbd8
00000805
00000d81
fffffbc6
fffffa26
000003d7
ffffdb20
ffffedbb
fffffc26
ffffffb0
000040e1
00002471
00001986
00000b52
000000bd
00000095
000003ca
00000a68
fffffe20
fffffa9c
fffff372
ffffff11
ffffea90
fffff6fa
fffffda5
000001ee
ffffcb23
ffffc0e1
ffffc756
ffffd081
ffffc8c3
ffffd8ef
ffffe1fc
ffffd4d6
ffffe255
ffffd88a
ffffdd16
ffffdaa4
ffffe0fa
ffffef57
ffffdf9b
ffffeafd
ffffd18c
fffface4
ffffa617
ffffaa0b
ffffbb66
ffffbb55
ffffb4e2
ffff9e72
ffffa704
ffff9a57
ffffad07
ffffa48b
ffffbe04
ffffc1c2
ffffbb9f
ffffbaf6
ffffbb47
ffffbdb4
ffffbf83
ffffc92a
ffffe1c9
fffff974
ffffa9d1
ffff897b
ffff9c32
ffffa0cd
ffff9f55
ffffa212
ffffb226
ffffa733
ffff9c66
ffffc8f7
ffffb04e
ffffa702
ffffd722
ffffafbf
ffffe9b0
fffff702
ffffa0b3
ffff8a19
ffff67b0
ffff8201
ffff8ef0
ffff7f8a
ffff8d96
ffff90cc
ffff91c7
ffffbfd2
ffffdfe1
ffffe66b
ffffe1ed
ffffcaa2
ffffdc68
ffffdde6
ffffc88c
ffffd9fb
ffffa2ae
ffffaeab
ffffb88f
ffffc002
ffffd3a2
ffffe5d0
ffffe040
ffffed73
ffffe5b7
00000811
000008d6
00002f6e
000050b9
0000381d
0000428f
00001bba
fffffbf0
00000d0a
ffffef5b
ffffe077
ffffe4bd
ffffea9b
ffffde06
fffff277
ffffd87b
fffff8eb
000037f5
0000567a
000043de
000004b5
00002caf
0000387e
000044e5
00001772
0000018c
fffffcb8
ffffee07
ffffede5
ffffed3f
fffff8b2
ffffd5d4
ffffe96a
00000367
0000046a
000001c2
ffffdc43
ffffe114
00002102
00005838
00003d1b
0000509b
0000378b
0000249d
fffff51c
ffffff0d
fffffa40
ffffe25d
fffff4f2
00000c1c
0000049d
00000e5c
00000e45
ffffe389
fffff4c1
ffffe753
fffff3fc
00000a73
000008c0
000026bc
fffff827
fffffc50
fffffe2c
ffffd1e9
ffffe301
fffff7b9
ffffdec1
ffffe9c5
ffffef1c
fffff1d1
ffffd7ef
ffffbced
ffffd102
ffffcd4c
ffffe39d
000005dd
ffffde9f
ffffdd1a
fffffc37
ffffcb0c
ffffc0ac
ffffe0a4
ffffd907
ffffe74f
00000ad8
00003670
fffff52a
ffffd04a
ffffa91d
ffffabc0
ffffd0ae
ffffe3c0
ffffd608
ffffd227
ffffed5d
ffffd047
ffffba61
ffffe417
fffffc78
fffffb76
0000408b
0000711e
00003e9f
00001467
ffffd0df
ffffc267
ffffc8c0
ffffcc1a
ffffa48a
ffffaa69
ffffe303
ffffcacb
ffffbc89
ffffb5c1
ffffc8c4
ffffbef9
ffffaa3a
ffffdfed
ffffebbc
00000259
fffff5b8
ffffaa7f
ffffcb05
ffffa506
ffffb27e
ffffad22
ffffef98
ffffbfc3
ffffb389
ffffc22b
ffffbfd7
ffffc2cf
ffffbb9b
ffffa82b
ffffd253
ffffd35e
ffffeac5
ffffde06
ffffbf4e
ffffaf24
ffffb5ba
ffffc274
ffffeac8
ffffea2d
ffffd9d8
fffff618
0000156a
000000e4
00000a69
00001c3b
0000133c
000015f9
00001382
00000739
ffffecf3
ffffe397
fffffea7
000002c1
00000704
00002bd7
0000328a
000047dc
00004937
0000437f
00004201
000051fe
00005043
00006694
000050ee
0000534d
00005346
00004815
00004353
00004ae9
00002e6d
000045c2
00003ea1
00002ad9
0000196f
fffff87b
0000067d
00001e8e
000028d2
000026ab
00002c41
000033ec
00004304
00003c7d
000042fe
0000336d
000020a9
00004904
00004f45
00004c0c
0000521e
00001d82
00000934
00002812
00002c0d
00003346
00003a35
00003372
000032f2
000035f7
0000392d
00003108
00003e92
00001aaa
000015f3
00002241
0000838d
000078fd
0000209b
00001afd
000023f2
00001450
000030e0
00002e43
00000ce4
0000116b
000019a0
0000158b
00003879
000031ed
00001392
000026c9
00008352
00009fd9
00004d33
00001be5
000011a2
000007a4
00001a4b
00002c73
00000dd7
00000b2e
00000c3e
ffffffcb
000026ff
00005284
000060b0
00007cb6
000093c3
00009c27
00006561
00004648
0000359b
00002389
00004539
00006181
00005630
00005a4b
000055d4
00004eaf
000052f2
00002427
00003723
000057a9
00009511
000075c5
00003745
00007b08
0000850a
00004075
0000202c
00003406
00002d42
00002701
00002929
00002c16
00005810
000027aa
00001c34
000018bc
00004cc3
00004ae3
00006403
000071d9
00007276
000077a8
000079e5
000061bb
000053b5
0000247d
00000694
fffff316
0000328f
00002460
00001b2a
0000155b
00003324
00005c53
00004b02
00002251
00002301
00003f26
0000577a
00006c63
000081ec
00006bc1
000042a3
000009bb
00003a4f
000020a8
000023e7
00001d69
000041a4
00006ac9
00004aeb
0000554a
0000359e
00001c65
0000326c
00003bed
00005220
00004842
00004b81
000019ce
000028ef
00001b2d
0000191a
00001f04
000027d4
00003022
00004a34
00007130
00005b40
0000403e
000021e6
0000253a
00004284
00003c79
0000304d
00000214
00001c03
00001927
000011c3
00001802
00001779
00000f08
000019f6
000034a9
000068d9
0000576b
0000393a
000026ed
0000337e
000025f6
000028e3
00000f04
000025c7
00001997
00001d9e
00001707
00001e38
00001dc8
00002946
00004a24
0000386e
000045b0
0000502e
000034d5
00003313
00002010
0000197e
fffffe8d
00002992
00001e5b
00000d54
000010eb
000038d9
000049ef
00004f24
00006691
00005d23
0000328b
00003b56
00006033
00006410
0000521c
00003fc7
00001771
0000390e
00003789
0000201c
00001290
00002208
00002c8c
000056d8
000069cf
00006e45
00003ccf
00003825
00005146
00006fc9
000090af
00006a08
000021f2
0000362a
00002af8
00001968
00000476
000011ea
00001717
00001558
00001c7f
000021c0
00001830
0000175a
000033c9
00002c38
000065d1
00003b76
00001836
000022d7
0000519c
00008ce0
00008e47
00008b22
00008a60
00006dc1
000073d3
000089e1
000092a6
00009bf0
00009018
000096c5
000094b2
0000a2bc
00009937
00007e97
fffff0ab
ffffe600
fffff7a0
00000ddf
00000750
ffffef7c
fffff18f
ffffe8d3
ffffe474
ffffea4f
fffff0b8
ffffecbd
fffff17f
ffffea7b
ffffe1e5
fffff4aa
ffffeb57
ffffd51c
fffff08f
ffffc6ee
fffff327
ffffe59a
ffffeec4
ffffe558
ffffd109
ffffebdd
ffffd9ac
ffffcd12
ffffd967
ffffd963
ffffd2e6
ffffeee3
ffffeb90
ffffdc79
ffffd9f7
ffffd5cf
0000079f
000012df
00000409
ffffea20
ffffe483
fffff301
ffffe0f1
ffffde43
ffffef33
ffffe590
ffffd8e5
00000592
ffffe2a9
ffffc618
ffffd69f
fffffa81
0000469d
00002d55
ffffdf06
ffffdb28
ffffc251
ffffce88
ffffd5e5
ffffc5c3
ffffc9c5
ffffc1ed
ffffaf58
ffffe875
ffffd5b9
ffffa7ff
ffffebe2
00001a06
00003a68
00002af6
fffff7f1
fffff016
ffffd0f1
ffffd279
ffffcb66
ffffd995
ffffd031
ffffc80e
ffffb76b
ffffe89a
ffffea4d
ffffedcc
000024f1
00003887
0000289f
00000a02
0000089f
0000153c
fffff343
00001f97
00003059
00002a9e
000017fc
0000055e
ffffe246
fffffaf1
0000098b
fffffc2e
00002a91
00003ab4
000038aa
00000d90
ffffee07
0000200c
00002d53
00002ef7
00002e79
00003f8a
00002564
00000db1
00000921
fffffbe9
00000feb
00000477
0000208b
00003214
00001ae1
0000055e
0000109c
0000526c
00004da2
00002d2a
00003e29
00006069
00004b9f
00001cab
0000010c
fffff9fc
0000143f
00000d73
00002a8f
00003a62
00001317
000005e3
000013fe
00003eae
00003b90
000033e4
00003ae2
00006cc5
00006a82
00003e57
fffff732
fffff04e
00000006
ffffefd5
00001170
00002f8b
fffffdc1
ffffeb35
ffffe9a7
000021cd
00002030
00000803
00000e5e
0000370e
00004eb2
00003fad
fffff6f4
fffff8d0
fffff3db
ffffd85d
fffff5b4
00001369
00001170
00000f7c
00000810
fffffd2b
00000761
00000296
000005d5
00001f74
000022f3
00001984
ffffdedc
fffff161
ffffe5dc
ffffbf5f
fffff409
00000c05
000036b8
00001ea3
ffffee92
ffffef8d
fffff0d1
ffffd9d5
ffffdf34
000009cd
0000182f
00000944
ffffc168
ffffe6e9
ffffeb7f
ffffc07f
ffffe856
fffff7f0
00000eb2
00001bfe
000008d2
fffff068
ffffded0
ffffc9b1
ffffea3d
ffffe48d
ffffed84
fffffd5d
ffffb964
ffffe476
fffffeb6
ffffcb88
ffffe687
000001df
fffffdd0
0000116d
000019f1
000000d1
ffffeaed
ffffd544
ffffd158
ffffe206
ffffe231
ffffefeb
ffffcf77
ffffded5
0000253c
000012bc
00002504
00003b90
00003e55
00003792
0000314e
000032d1
00002644
00000a07
0000122b
00000d49
00002908
0000346b
00000823
000001ed
00002519
000020f6
00002bbf
00003816
00003bf0
00003579
00002c7c
00002f57
000023d7
000012ec
00001930
0000173d
00002654
0000184f
00001719
00000e11
0000318d
0000314b
0000141c
00000c4f
0000071b
000026de
00002f7e
00002a2c
00003936
0000353d
000038af
00002dd5
00002c80
00002f90
0000271e
0000162a
0000292c
0000021e
fffff092
ffffd0c7
ffffdb55
fffff84e
fffff345
0000017d
ffffeaff
fffff137
fffff85c
000005e2
000001b0
fffffbc5
fffffbc2
0000010d
00001d43
fffff3cf
fffff415
fffff33f
00000157
00000775
ffffe934
ffffe3de
ffffd478
ffffdbc2
ffffe57b
ffffdd0a
ffffe9da
ffffee6b
ffffd5a5
ffffe829
fffff53b
ffffcf6a
ffffe359
ffffd6ec
00001b0c
00002a9f
00001576
fffff5a8
ffffa677
ffffa6b9
ffffc98e
ffffc24b
ffffcb3c
ffffcc3e
ffffad1b
ffffc8bb
00001186
000000d9
ffffeaf4
ffffdae8
0000389d
00005936
000027c8
fffff546
ffffd679
ffffb560
ffffbe70
ffffca42
ffffd8ac
ffffd5c6
ffffca36
fffff5c0
00000fdd
00000dd3
000005bf
0000281b
00005036
0000212f
00003399
0000366e
0000219c
ffffde95
ffffe9c0
ffffedad
ffffd9f0
ffffdf0d
ffffd1bc
000004a5
00001c09
00001b34
00001589
0000187e
fffff4ef
fffff1d9
000008e1
0000436d
000045c5
00004763
00005425
000049fa
0000177c
00000c49
ffffdf61
fffff008
0000359b
0000361c
00002051
ffffeae8
ffffd01d
ffffca15
ffffb51a
ffffa80a
ffffe302
00002178
00004d35
00003294
0000484e
00003b7f
fffffcbd
fffff907
00002418
0000214d
00003c3f
0000080b
fffffbe4
ffffe0ac
ffffccdd
ffffc220
ffffbf09
fffff56b
00000048
fffff8e4
00001dec
000014a3
000005da
00000118
00001f2f
00000f78
00001f57
fffffe8a
ffffee7c
000009eb
00001435
00001d9f
fffff79e
ffffe7d9
fffff965
fffffcf6
fffffd6f
ffffe271
ffffe935
fffffaa9
0000261e
fffff8e6
fffff329
fffff3f9
ffffcaa8
ffffe507
00003bb9
00004f88
00002cca
ffffde6d
ffffd227
ffffe4ce
fffff706
ffffe04e
ffffe15b
ffffec52
0000173a
ffffd7c9
ffffcc7b
ffffd59f
ffffdf55
ffffbd70
ffffdbe1
00001fd5
00000df8
00000523
ffffd1ce
ffffd3c4
ffffdf8f
ffffae49
ffffbc38
ffffede4
0000020f
ffffce1a
ffffc03f
ffffd9d0
fffff4a6
ffffcbe0
ffff9435
ffffa0b7
fffff299
00000a12
ffffebd7
000001f4
fffff3f4
ffffda5a
ffffbf54
ffffe48d
fffffda9
ffffd4a9
ffffc2cf
ffffd7d7
ffffd849
ffffd15f
ffffc2ac
ffffae30
ffffe0d7
ffffed53
ffffe46b
0000111f
00001c16
ffffe9f5
ffffd1d0
fffff787
ffffff4e
ffffe408
ffffd35c
ffffd649
ffffb942
ffffb0f0
ffffb705
ffffb313
ffffc54e
ffffaa3e
ffffc61f
ffffe95d
ffffe112
ffffc99a
ffffc09d
fffffb03
00005519
00004c2b
00005194
0000530b
00003dbc
00003ce5
00003bdb
00002a25
00002a3c
0000401f
00005c08
000043fd
000041d0
00003496
000034c2
000044d3
0000244e
000036bc
000020ed
000021c7
00001b36
00002e5c
000025da
0000252d
00002db9
000023db
00001fff
00002e2e
000031e9
00002ec8
000022e6
0000249a
00002f15
000013f3
ffffefa5
000013b0
000059eb
000059c4
000030c8
00002336
000016b6
000024f8
000011ca
00002c6e
00002cc2
00001e33
000017ab
00002043
00002ce9
00001775
00000233
00001714
00006ac9
0000564c
00003149
00003aa2
00001cd2
00001d35
00002bae
000021ac
0000185f
000023d2
00002281
00002ef4
00002c7e
00002ecf
00000ed3
000028f9
000048a7
00001382
00001bb9
00004526
00001d16
00000451
000028b8
00002c0b
00001e46
00003203
00002f41
00003cd4
00002884
0000327e
000012d5
0000014d
0000006b
00001ed0
00002b91
00001fe9
00002d38
ffffe203
00000d2d
0000141c
0000090b
00001b9d
00003392
0000471b
000053c9
00004da5
00003179
fffff45e
ffffeb28
0000458f
000003f7
ffffff79
00002404
000014e9
00001c5c
fffffed6
00001d34
00002ae9
000028e6
00003987
00004dac
00005dee
00004b87
000026fd
fffff520
00002185
00001574
000015db
fffffc2f
00002804
00002de0
000022d8
00004b9b
00005127
00004368
00002dec
00004df6
00005ad3
00003eb9
000027de
ffffe11d
00002dea
00006a95
000043a5
000030cc
00001876
00000670
ffffefc3
000002ff
00002e47
00004713
00002536
00004223
00004a25
000043ca
00003346
fffff577
00001861
00007188
000081ae
00008076
00005b9e
0000470b
000051f8
000019a9
00002adb
000027bf
000021e5
00003aa5
00004029
0000456a
00005200
00000ce6
fffff642
000000f5
0000400f
00005853
0000460c
0000303d
00004112
00004034
00002a22
00001e0a
00002c27
000028b9
000023a7
00001f59
00005a16
00003300
fffff5d0
ffffc9ea
00000f4d
00002cce
00002ccf
00002361
00002579
0000174c
00002387
000028dc
00003d59
00002406
000029c5
00003bc3
00004d28
00005b14
00003ea7
000022b2
00002a38
00001574
00002254
0000186c
00002179
000025e4
00003648
0000298d
00002bb0
0000306f
00001f62
000021c9
000035dd
000055aa
00004519
00002dc1
00003c8f
00003b85
0000072f
ffffe300
fffff47a
fffffb9a
000034c9
00003806
00003949
00002083
00000414
fffffd09
00001b41
000022ac
00003242
00003a85
000019b9
000018b2
00000a25
ffffef6b
ffffd38e
fffff809
fffff77e
00002290
0000218c
0000000e
ffffe4ca
ffffc200
ffffe904
00001518
000006e6
00001494
00000cd9
ffffe7d3
fffff7c3
000003f4
ffffe30c
ffffdd6c
ffffdf4d
ffffefb8
00001a85
00000e89
00000012
fffffb57
00000ced
00002563
00000fe0
00001b76
000021c1
00000c07
00000985
00000e47
00000f3a
00001974
00001718
00000ef5
00002971
000000fb
ffffeea4
ffffe641
ffffd92a
ffffc90e
ffffd3d7
ffffe3a7
fffff1f2
ffffef46
fffff536
fffff8e1
fffff8b1
fffff0ee
fffff5c0
fffffa0f
00000bd4
000006d9
ffffe882
ffffdd76
ffffdc7d
ffffc6bf
ffffbd44
ffffcfc2
ffffd4cf
ffffe245
ffffdbbf
ffffe328
ffffd8f2
ffffe346
ffffe3b3
fffffaaa
00001a3f
00000034
ffffd867
ffffd301
ffffd003
ffffe434
ffff9fc5
ffff9f15
ffffc4d1
ffffe3c1
ffffe2a4
ffffd5ca
ffffcd6b
ffffd3bb
ffffd37f
ffffd10a
00000076
ffffe09c
ffffcdf0
fffff3ed
fffff364
ffffc3c3
ffff7e6b
ffff8382
ffff9fab
ffffbb15
ffffbdc2
ffffc232
ffffbba1
ffffb9f2
ffffb301
ffffb17c
fffff2a8
ffffef3d
ffffdb07
ffffe1da
ffffb33b
ffff9fba
ffff9697
ffff5a86
ffff97f8
ffff9006
ffffba51
ffffaed4
ffffb28c
ffffba6c
ffffc40b
ffffc7a8
fffffa01
000004e9
ffffd50b
ffffcfcf
ffffd590
ffff92d1
ffffac8d
ffff616d
ffff7c47
ffff8460
ffffa9ab
ffffb3ba
ffffbe77
ffffd3cb
ffffecfe
ffffe42d
0000126f
fffffb63
ffffbbc6
ffff9788
ffffb21b
ffffb669
ffffbb5c
ffff7dcb
ffff88ba
ffff745a
ffff8eb3
ffff88fc
ffff7d5c
ffff8dc1
ffffbb16
ffffd7c9
00000206
fffff8e2
ffffc6f5
ffffa8fe
ffff97d3
ffffa332
ffffb0fd
ffff9616
ffff955b
ffff880a
ffff9aed
ffff931f
ffff71a0
ffff703e
ffff9f47
ffffc7d9
000004e2
fffffab3
ffffcad2
ffffa35e
ffffa292
ffffabda
ffffcf6f
ffffac94
ffff85fe
ffff8180
ffffb95d
ffffa718
ffff97f6
ffff99cd
ffffb00f
ffffc582
ffffff0a
fffffbdd
ffffce86
ffff9ecc
ffffa052
ffff9f8b
ffff91f2
ffff982a
ffffa1f4
ffff9698
ffffb64b
ffffc01f
ffffbe69
ffffb449
ffffcd71
ffffbc6a
fffff49d
fffff2c6
ffffcc0c
ffffb448
ffffac3d
ffffb3f7
ffff90cf
ffff8d71
ffffae44
ffffaf52
ffffbafa
ffffc469
ffffd173
ffffbe6a
ffffd776
ffffc131
fffff9ae
fffff148
ffffd007
ffffc595
ffffc3be
ffffc72f
ffffbb7b
ffff9633
ffff5d86
ffff72bf
ffff994f
ffffd472
ffffd6ad
ffffc17d
ffffd83c
ffffc133
fffff839
fffff923
ffffdabe
ffffd605
ffffcc14
ffffb91d
ffffabd2
ffffadd0
ffff9f18
ffffa0da
ffff93a0
ffffc58e
ffffedc2
ffffe12e
ffffdcb6
ffffb0e9
ffffefc8
ffffff15
fffff212
ffffe9dc
ffffcb11
ffffc1c0
ffffc078
ffffc41f
ffffe144
ffffc008
ffffb457
ffffb5be
ffffd7aa
ffffcd23
ffffe326
ffffdd99
000001bf
000005f2
ffffe1a2
ffffe304
ffffbbe3
ffffbd1f
ffffc3a3
ffffc81b
ffffc20d
ffffae17
ffffc348
ffffc7b7
ffffe9cc
ffffbd05
ffffd8ba
ffffc207
ffffdb8b
0000188f
00002172
00001d01
fffffe59
fffff9f3
0000093e
fffffefe
fffffed7
00000a9c
000005a5
fffff8bd
fffff224
fffff4c2
0000019c
fffffc67
000010e1
ffffe434
ffffec02
ffffdd94
ffffd078
ffffcd72
ffffd53f
ffffdf58
ffffe28f
ffffe579
ffffe327
ffffdd91
ffffe75e
ffffe2a5
ffffe68e
ffffdac8
fffffea9
fffffafd
0000118c
ffffee9c
ffffedf3
ffffdc6c
ffffca93
ffffd8c9
fffff566
fffffd1e
ffffe899
ffffef5d
0000046b
fffffb55
fffff422
fffffa8b
00002597
00000733
000014a4
ffffece0
ffffe163
ffffe80e
ffffcdcf
fffff6de
fffffc43
0000034f
ffffeb76
fffffc6d
00000194
fffff8b9
ffffe4a1
ffffe398
00000c3f
fffff2f3
00000fa2
00001300
ffffe741
ffffaef0
ffffab5c
ffffef01
ffffe552
00000ca4
000007bc
000005dd
fffff033
fffff4bb
fffff3f4
fffff4dd
00001af0
00000253
00001b40
000019ca
ffffd9e8
ffffc94f
ffffb7a8
ffffd823
ffffe4a8
ffffe099
fffff525
fffffea8
fffff6c8
fffffe6a
00000279
00000086
000022c3
000005cd
0000218a
000031a8
000003a9
fffff842
ffffb19b
ffffb581
ffffeaef
00000000
fffff0de
ffffed89
000000f8
fffffec5
000005f7
000018c6
00002a15
ffffe3b6
fffff12d
000017ac
00000bce
fffffc15
ffffc49e
ffffbcc7
ffffdb3b
ffffe5c8
ffffdcd9
ffffd7cb
ffffcced
ffffcca5
ffffdbfc
fffff072
00000baf
ffffeb1d
ffffffb3
00001873
00001a16
000019ff
ffffdaab
ffffa677
ffffac5f
ffffcfe3
ffffece1
fffff679
ffffdb45
ffffe0c9
ffffe6ae
fffff412
00001254
ffffe816
00000220
00001838
00001ebf
00001f4e
000014f6
ffffc1d6
ffffc1ca
ffffcb6f
ffffd6d1
ffffd085
ffffceb1
ffffd350
ffffe88f
00000c22
00001fd6
ffffef6b
00000487
0000177f
0000165a
00000ec7
00001725
000001ed
ffffc62b
ffffe3e4
ffffe303
ffffdd88
ffffde60
ffffc645
ffffcca6
000001f1
000016a4
fffffa32
00000b16
00001370
00000db2
00001955
fffffe6f
00000770
fffff14b
ffffcb0e
ffffd9b9
ffffdd3b
ffffdffa
ffffe055
ffffd0d6
fffffcfa
0000130e
fffffc5c
0000054a
fffffe4d
00000876
00001895
fffffbbe
fffffaac
ffffe606
ffffcb3c
ffffdfbf
ffffe48a
ffffe152
ffffe803
ffffdc53
00000888
0000205f
fffff91e
000008e6
ffffec11
fffff967
000003de
ffffea0e
ffffc587
ffffc029
ffffccc8
ffffdb70
ffffe51f
fffffadb
00000305
ffffe1b6
fffffd74
000006ca
ffffea66
0000107a
0000102d
fffff9f4
000014b6
00000fd8
fffff564
ffffe812
fffffda4
fffff1f9
ffffd7f1
fffff077
fffff28d
ffffbf75
ffffed93
000001b7
ffffefce
fffff7c2
fffff8e7
fffff91d
000001ab
ffffec47
fffffda1
ffffdaa0
ffffea6d
ffffda1a
ffffd182
ffffef16
ffffe711
ffffd5f4
fffff399
000007e7
00000fae
00002489
000023c0
00001585
000020d7
000020c3
00002ddd
00001748
00002154
00002bcf
00001f06
00000f7a
00001d08
00001bdb
00002cde
0000379f
0000280d
00000833
000007a4
000016b9
ffffe7f9
ffffdc7a
fffff2f2
fffff9af
fffffadd
fffff165
fffff670
00000afc
00000910
00000c4d
00000d63
00001b20
00002e93
fffffcd5
000025e9
00000515
ffffcfa4
ffffe60c
fffffb72
fffffaff
ffffface
0000008e
fffffab0
00000ad5
fffff4d7
fffff521
00000520
00001e6a
00000edc
ffffe8ca
ffffeddb
ffffc30f
fffffb38
000000ae
ffffef2e
ffffd518
ffffda82
ffffed87
fffff63e
ffffed62
ffffdf77
ffffe811
fffff4da
0000180c
0000225e
00000898
ffffebc9
ffffe710
00003c6c
00001e25
fffff7ed
ffffd720
ffffe0f8
fffffe63
00000722
fffff5a7
ffffface
000002bd
0000165f
000028be
00001bdd
0000046b
00002d31
00003462
00004df1
00001b4b
00000570
ffffef42
00000e82
00001d29
fffffead
fffff462
00000908
000006ff
00001f0d
00002890
00001711
ffffec87
00002ff3
0000621a
000061c1
000007d8
ffffee61
fffff15f
0000256f
00000ff0
ffffe281
ffffed55
fffff193
ffffe1f9
00000d6c
00002e2a
00002dcb
ffffdd62
000021bb
00003a95
00004367
fffffed3
000006df
000016c7
00003928
00001ae7
fffffa82
0000229d
00002923
00000bf8
0000107f
00003701
000035fe
fffff0a6
0000331a
00001f02
000015e2
00000976
ffffeab2
000011ef
000015d3
00000879
00000f77
00003063
000045ba
00003752
00002fab
00003884
00003414
fffffb61
00002e1d
00002ce1
00001e1d
0000385a
0000212c
0000306e
fffff74e
fffffbd5
00000254
00000e9f
000025bd
000024ee
00002a34
000037e3
00002e12
fffff95b
0000157f
00003719
00001c02
00001e43
00003eed
000026b8
fffffee6
ffffff20
ffffff8f
00000865
00001836
000018fc
0000121d
00002fd8
000026ad
fffffc21
00000603
000010dd
000021de
00002a61
0000446c
000043f2
00003be7
00003185
00001718
000004bd
000009d8
0000014a
00000016
000025d5
000026c0
fffff468
00000446
fffff909
000018be
000017cf
0000124a
00003613
00004fdb
00003452
000012c1
ffffeabf
fffffda0
ffffee5e
fffff345
000024cf
00002c53
ffffed46
fffff41b
fffff23a
0000019a
0000073c
fffff49b
00002f73
00003f07
0000243f
00000798
0000058f
00000381
0000089e
00001119
0000236e
0000445f
fffffced
fffffcba
000015f1
00001079
00001943
0000051f
00001755
00002ffe
00003614
00000982
00000833
00000601
00001411
00000761
000013f0
00004616
00000a98
00000924
00001203
000023ce
00001265
0000008a
00000d50
00000a4f
00000c7d
0000057e
00000a00
00000009
000021b6
0000141c
00000f4c
00003f00
00002854
00003835
00003e21
00002bc2
000014ef
00002919
00002c46
00002adb
00003035
000032b2
00002d38
00002439
00001fde
000021b6
00002bc6
00002047
00004ee4
00006482
00004a75
00003871
000043c2
000048db
00004bc0
00004db0
00005825
00004601
00004673
00005ab7
00004ee5
00004baa
000035dc
fffff0ce
fffff714
00000170
fffffa90
fffff387
fffff761
fffff692
fffff074
fffff2a0
ffffd8c2
ffffe250
fffff9fc
fffffd67
fffff86f
ffffea96
ffffebba
00000162
00000646
00000298
000027e1
00006765
000066bd
0000272c
00000431
00002790
fffff5e7
00000b99
000020db
000004a7
0000192a
000012fc
0000038a
00000d6b
00002ae0
00002508
000045fa
000055e9
0000a42d
000059b8
00000a7f
0000203d
00001068
00001f65
0000422c
000025df
00003325
00003614
00000efd
000016f7
000043b1
00005c26
000060a4
0000053e
00008c90
00009234
fffffce7
ffffe800
000022ed
000024c2
0000562f
000051eb
00005b17
00005a1f
000043b3
ffffff18
00000446
00001762
0000218f
ffffc626
00001ce0
000035a4
00001074
ffffd712
ffffff9d
ffffdc01
ffffedd0
0000051f
0000142b
00002a9c
0000242f
fffffbe4
000016b3
00000137
ffffe79b
ffffd0c5
fffff6af
ffffee3e
00003083
000032a7
000048cc
00003c08
00003302
00000adc
ffffe016
000009bb
00000e1c
000006cd
00000fa6
000014fb
ffffee53
ffffeef1
000012a0
00000923
00002508
00001849
00003d69
000066c9
00008557
00005d12
0000148a
fffff94a
fffffb90
00000393
000010e8
0000192d
fffff9e1
000002bd
ffffe550
ffffe94c
00000fff
0000149c
000028d8
00002d86
000045b7
000047e6
000024cf
fffff92f
ffffffa3
fffffad5
00000d72
00002644
0000135b
00000d53
000022f1
fffffe65
00002d3e
00001365
00001ba1
00001b68
00002201
00001edf
0000023f
ffffe9f6
000001da
00000270
00001079
00002809
00002717
00001ee6
00001859
000011bb
fffffcbb
00000dc9
00004360
00003aad
0000193c
000011ae
fffffe5f
fffff587
00001761
000009ef
00002069
000023ce
000018ea
00001e0e
00000269
00001b94
00000191
fffffea2
00005725
00005138
00002320
fffffc5c
ffffe49e
ffffeabe
000021c6
fffffd89
0000028c
0000161a
0000211f
00000373
00000c2e
0000265b
fffff877
ffffdc8b
00000402
000034ab
00002d7a
00001ebd
fffffbbd
fffffa9b
ffffef58
fffff1e2
fffffaa0
00000920
0000270a
fffff4be
ffffcb7d
ffffe6b1
ffffd6ae
ffffbfb6
ffffe6ec
00001355
0000307c
000023cb
fffffba6
ffffd0ed
fffff24f
fffff3d7
fffff66a
fffff642
ffffe503
ffffc5fa
ffffc718
fffface5
ffffc4fb
ffffd4de
ffffe32e
fffffffa
fffffd03
ffffd6dc
ffffb133
ffffafed
ffffdc1a
ffffffe9
000019a2
00002209
000039df
00002011
00001f05
000017d6
00000e23
000003ca
fffffc7c
00002a7e
000023ea
000015aa
00000254
fffffeb0
00001663
00001953
00002e57
00001df5
00002cce
000029c9
00002bed
00003b04
00003762
00003d81
00002919
000029d1
00003007
00003b5a
0000385d
000035ae
00001a35
fffffe60
00000fcd
00000b3a
000012eb
000018a6
000010fc
00001640
00001fa6
00001bbe
000007fb
00001f7d
00002259
0000101b
00001219
00000e0e
00000a54
fffff89d
00000f7a
ffffead1
fffff415
000018d3
00003c7a
000012c4
00001253
00000439
fffff0e4
00000e57
0000051c
fffff3db
fffff988
fffff095
fffff2e3
00000e82
00002b93
ffffcb55
ffffc270
fffff30b
00003fe1
00002179
00000255
fffff7d0
000001ce
000015a1
000018b4
00000c0b
000010e7
00001079
000006d4
0000147d
00005aae
00000561
ffffdd99
ffffe598
000013b2
0000173d
fffff74e
000004f8
000019ad
000028e8
00002d2f
00002ab1
00003374
00003be3
0000166d
00000699
00001f65
00000d15
fffff359
ffffea54
ffffea87
ffffcf5c
ffffd02b
ffffebeb
ffffd6e0
ffffcfce
ffffd56a
00000531
fffffea6
00002060
00000f66
ffffec06
fffff19c
ffffcf7a
ffffc91b
ffffd3ee
ffffcc5a
ffffaf2e
ffffd13e
ffffcb92
ffffd106
ffffc97c
ffffb612
ffffc702
ffffc3de
ffffea36
00000313
fffff32b
fffff5b1
fffffad9
ffffc628
ffffc74c
ffffde5c
ffffb83a
ffffbceb
ffffd8ee
ffffe91d
fffff0bc
00000826
00001e46
fffff5c4
ffffe806
00000062
fffff2e5
000003d9
0000168a
fffffd22
ffffe2af
ffffceb3
ffffd63c
ffffe742
fffff1d6
ffffe83d
ffffe52c
ffffe694
00000c50
00002424
fffffee4
000008a2
ffffe815
ffffef48
00001756
00001353
ffffc097
ffffcfba
ffffe748
ffffec1b
fffff493
000006ad
00000351
0000027e
ffffffc7
00000b77
ffffff78
fffffecb
ffffee32
ffffe48e
000000c7
00003275
ffffdfac
ffffbd8a
ffffe851
ffffd620
fffff9a7
00001252
0000013a
00000509
00000a83
00001024
fffffab7
ffffefa1
ffffebb1
fffff261
000002bb
000034f3
0000314d
ffffea44
fffffa7b
00000ca5
0000215e
00002a1b
00000c7d
00000ca2
00001b1a
00000f5d
00000bc2
000003d6
fffff02f
0000013d
0000021b
00001134
00001d28
00000782
000001c4
0000144e
00004845
000051cf
0000334b
00001f63
000026e5
00001abe
00000c3b
ffffe968
00000a9f
00001451
00000e8d
00001d84
00001fb5
00003076
000017f6
00001b19
00000037
00001eee
00004027
00003aa6
00004302
00000c54
000003a5
fffff0bd
000005f5
00000d08
fffff78e
00000254
ffffff37
ffffef29
ffffe7e5
fffff3c5
000008fb
fffffa16
00000dbd
00000a3a
0000274e
fffff5e4
fffff64e
ffffe691
fffffe56
00000877
fffffdcc
fffffc99
fffff655
fffff282
fffff400
ffffe145
fffff732
ffffff4f
00001748
ffffe998
ffffef21
ffffe3da
ffffea13
ffffe8bc
000022f4
fffffbf2
ffffd44e
fffff27b
0000058c
ffffe122
ffffeaed
fffff380
fffffe11
fffff020
fffff7b4
fffff682
fffff530
fffff203
fffffc6f
ffffe89e
00004bb2
0000075f
ffffdbcf
000004ae
000006bb
fffff1f9
000014c2
000016d2
00001ec1
00000123
00001ac5
000011c8
00000191
0000007d
000001d4
0000042e
000039cb
fffff148
ffffbee5
ffffdb72
ffffd3bf
ffffeb94
000024fc
00001414
ffffec4f
fffff222
fffff579
fffff585
fffff8e9
ffffd817
ffffd8be
fffff2af
00000b4b
ffffd2e2
ffffc768
ffffdb6b
ffffaaa5
ffffcac9
0000102b
ffffff87
ffffafbf
ffffdf0f
ffffe503
ffffde80
ffffe6e4
ffffc939
ffffba82
ffffecdf
0000010d
ffffbe82
ffffe2e8
fffff646
ffffa810
ffff9e70
ffffcdf3
ffffe97b
ffffa8f9
ffffd81d
fffff6e6
ffffd7f8
ffffe381
ffffcd3f
ffff9f55
ffffe4c6
00002291
ffffed77
fffffa91
ffffc906
ffffc06b
ffffb4b1
ffffb4da
ffffd58e
ffffa73e
ffffee93
00000d20
fffffa0b
0000084e
ffffe56a
ffffbeb1
ffffeea8
00003319
000015d0
fffff1cd
ffffe42e
ffffd0a8
ffffedad
ffffce73
ffffb2bf
ffffac78
ffffe7fe
ffffea49
ffffe8e0
00000e36
00000729
ffffef05
fffff6bb
00003a0d
000012d2
ffffea7e
ffffd690
ffffd87b
0000011c
ffffeea8
ffffa272
ffffb31c
ffffd2c7
fffff284
fffff261
ffffede1
fffff431
fffff3fa
fffffede
0000336d
00001aa6
fffff83f
ffffe512
ffffe036
fffffeda
ffffbaad
ffffa7fb
ffffb8b0
ffffcc25
ffffdf3f
ffffee75
ffffdff0
ffffd5a4
fffff471
fffff283
00002ff8
000009c8
ffffdd09
ffffe3ec
ffffc8df
ffffd707
ffffdebd
ffffc559
ffffa9e0
ffffc597
ffffe26d
ffffdafb
ffffe2f6
fffff3f2
ffffe2da
fffff45b
00002a53
fffff35f
ffffcd82
ffffe60d
fffff996
ffffe86c
fffff19b
ffffe75b
ffffbd28
ffffbeeb
ffffdd18
ffffe249
ffffe6d3
ffffea04
ffffd00e
ffffd92f
00001ec4
ffffd119
ffffb32d
ffffed29
ffffe09c
ffffe404
ffffcb61
ffffd664
ffff9ed1
ffffb98a
ffffd3fb
ffffe741
ffffda6f
ffffeb68
ffffc6f3
ffffe296
00001034
fffff0c1
ffffed6d
ffffee25
ffffd459
ffffda3c
ffffd9a7
ffffdf82
ffffebc8
ffffd527
fffff5ae
000015d0
fffff527
ffffdaca
ffffcfa1
ffffff14
000016cc
000021d7
00001f2d
fffff470
00000251
00000eae
00000ebb
00003715
000025ff
00000ab8
fffff159
00001f56
00002106
fffffb4e
ffffde63
fffffa3a
000017df
fffffd7b
ffffef17
fffffb07
00000e77
000032d6
ffffff96
00001a8b
fffff981
ffffdbb9
fffff019
fffff592
000029aa
000004f1
ffffe567
00000f99
00000839
000007ef
fffff6f4
0000119f
00002220
00000d00
00000469
000002fb
fffffdf3
000008d1
00001970
00001246
00002199
000006d8
000015cf
00001a9b
00000a4c
ffffc728
ffffdcab
ffffe9e9
ffffff3f
fffff08f
ffffe917
ffffec10
ffffe47b
ffffe79a
ffffe607
ffffe037
ffffdcb9
ffffdcda
ffffd99b
ffffe906
00000254
ffffb3f8
ffffe68b
fffffbc9
000023ab
00000eb1
ffffebad
ffffea21
ffffe50d
ffffde0f
ffffdb46
ffffd7dc
ffffdb0f
ffffdef0
ffffc8ee
ffffe01d
0000090f
ffffb344
fffff0e6
000010b1
00006712
00004ccf
000017a3
00000391
00000453
ffffebc4
ffffee2f
ffffeb65
ffffed13
ffffe3f5
ffffc860
ffffdccb
fffffcbc
ffffb87d
ffffebc4
ffffd286
00003b5e
00006066
00001caa
0000072c
ffffee87
ffffe7cc
fffff5c2
ffffeed6
ffffe3b6
ffffdc18
ffffb5cb
ffffe86a
fffffcd7
ffffb9fd
ffffbbc7
ffffc4ca
00000492
00004e2e
00001a8e
000012bb
fffff486
ffffe9d6
fffff642
ffffed14
ffffda27
ffffcd8b
ffffb6bc
ffffe605
00000fd5
ffffa9f8
ffffbaf4
ffffc526
fffffe67
00001fcd
000017ea
00001bf3
000003f0
ffffe9dc
ffffe605
ffffe218
ffffd953
ffffbfdf
ffffb56c
ffffe269
000021e8
ffffdbff
ffffd9c8
ffffd766
ffffd7c0
00002b7d
00001a87
000017a6
00001e2c
00003964
00003648
00003b66
00003569
000003c1
ffffc110
fffff1fe
000027c1
ffffed8f
fffff08e
fffff3aa
fffff667
000022e8
00004e02
00005cc0
00003e2b
0000411f
00003c20
00005071
00006606
00003f7d
ffffdb97
fffffe3d
00002557
ffffed16
00000577
fffffa7b
ffffd792
00000ded
00003034
000058d4
00004282
00001ffc
00003094
0000438a
0000381f
00001da8
ffffcb48
ffffed24
000024b8
fffff099
fffff9c7
ffffd630
ffffbc5e
fffff943
0000103d
00002bb6
00001e87
00001674
0000056a
00000fc3
00002895
00000e15
ffffd0f5
ffffe603
00001983
ffffce02
fffff708
ffffea68
ffffe8cd
ffffed6a
000015e7
0000404a
00000df9
000022f0
000007db
00000cb2
00002b33
000010d2
ffffd70c
ffffeae7
0000141b
ffffc961
ffffe7a9
ffffe916
000004c5
00000086
00002bf6
0000384c
0000120b
000014b1
0000124e
0000251f
00003f25
00001eca
ffffe2df
fffff179
000017f8
ffffddce
fffffcbe
ffffe62e
ffffdc3d
ffffdcd3
ffffe9cb
ffffdc8c
ffffc516
ffffe695
00000788
00000a41
00003b17
00003279
ffffe917
fffffbf8
00000eec
ffffcf32
ffffda9e
ffffd0e1
ffffdd7f
ffffcbad
ffffc6b0
ffffc932
ffffbc3d
ffffc2f2
ffffcc64
ffffe9d2
000008d8
00000875
ffffc2ab
fffffe41
fffff5bf
ffffb9cc
ffffc5cb
ffffc0c5
ffffc417
ffffb8b0
ffffa369
ffffc4c9
ffffb87d
ffffd547
ffffc157
ffffb7dc
ffffbca9
ffffa25f
ffffa0ba
ffffdcf9
0000361f
00000ec6
00000db0
00001fb5
00001f71
00001a62
000017c6
00001859
00000186
00002b4e
000027c2
000012ae
fffff723
fffffb61
000006e7
000003f5
00000c2a
00000db3
00001e07
00002b4a
00002646
00000c98
00000452
0000046f
fffff64f
00000503
00000467
0000081d
fffffc84
000006ee
fffff7b9
000014ba
ffffca17
ffffc426
00000ec1
0000281b
00002637
0000129d
fffffab9
ffffdc23
ffffce6b
ffffd69a
ffffd971
ffffd5ed
ffffc945
ffffc7d7
ffffad01
fffff673
ffffe030
ffffe290
0000116c
00003e14
00004a58
000018e4
000002ce
fffffdaa
fffffc27
fffffeb4
fffffde0
fffff906
ffffede6
ffffeca0
ffffd088
000010d3
fffff122
ffffe475
00001f10
00003449
000024b8
fffff10c
ffffe2e4
fffffe38
00000f12
fffffb1a
fffff8d9
000006e0
00000469
fffffb34
ffffe4ee
00002980
ffffcefc
ffffd45d
ffffc8f8
ffffcce1
ffffd6d4
ffffd624
fffff4a7
ffffe0e9
fffff533
ffffe5f3
ffffbab4
ffffd4dc
ffffdfa3
ffffd69d
ffffbfdd
00000380
ffffce96
ffffc1ba
ffffb352
ffffbddf
ffffbc49
ffffd887
fffff340
fffff1a0
fffff7ff
000003e7
fffffe1f
fffff9cc
fffff37b
fffff314
ffffcd2c
00000c75
ffffdb20
ffffb86b
ffffc237
ffffdd7c
ffffd425
ffffe458
00000af4
00000303
0000182c
fffffe22
000001b7
ffffff5f
fffffaa9
fffff511
ffffe394
00000d01
ffffd26c
ffffb889
ffffcee6
fffff59a
000001e3
00000760
00001bc9
fffffc80
ffffd4a6
ffffc1df
ffffd6d2
ffffff02
00000358
00000117
ffffe814
00000d88
ffffce0e
ffffb382
ffffc13e
ffffdb67
ffffe492
ffffd716
ffffece4
ffffe1c7
ffffc8a9
ffffb227
ffffaa63
ffffb09b
ffffb369
ffffa6b3
ffffbbcc
00000252
ffffd03e
ffffb604
ffffc314
ffffbbe1
ffffea97
ffffe35a
ffffd87f
00000590
000013eb
00000220
ffffdfd3
ffffcd44
ffffbead
ffffa971
ffffb67e
000004fc
ffffdcaf
ffffc0e0
ffffc7be
ffffbc2a
ffffbeb0
ffffdd69
ffffd1b1
fffff5b8
00001051
00001cfe
00001137
fffff66a
ffffd90f
ffffcab5
ffffc0b5
00000783
ffffdd38
ffffc48f
ffffc663
ffffb96a
ffffc083
ffffcb09
ffffdaa7
ffffc5be
ffffee5e
ffffdfad
fffff5f7
0000095c
000000ee
ffffd726
ffffbd60
fffffd89
ffffe9ed
ffffcb6c
ffffdb26
ffffc80b
ffffbfac
ffffc0f2
ffffa6d5
ffff8836
ffff9fe0
ffffb780
ffffd80c
ffffe429
000000a5
ffffe244
ffffd7a5
00000785
ffffe729
ffffc748
ffffcfab
ffffd0f7
ffffb903
ffff8200
ffff6566
ffff89b5
ffffa995
ffffd43b
ffffdf4e
ffffc6be
ffffc6f4
ffffc145
ffffcbe4
00001395
00000b4c
000011d3
00001a37
000011b5
fffff364
ffffb8fe
ffffb07f
ffffc6f7
fffff353
000003a9
fffff127
ffffbe72
ffffb51d
ffffcbd6
ffffcee8
000011ab
fffff628
fffffa2a
fffffb09
ffffffee
000004b7
0000013a
fffff513
ffffe1ee
ffffe1c6
ffffe6b1
ffffe98b
ffffe416
ffffd8ec
ffffe99c
ffffdafc
fffffb77
00002828
fffff3ae
00000c4b
000008e0
fffffccc
fffff4c6
fffff0c5
fffffcca
fffff515
ffffefba
fffff2b6
000000be
fffff75f
fffff47e
00000740
00000c12
00001c7a
fffff417
00002de7
00003b5d
00002af4
00004427
00002388
00001147
00000767
000001f8
00001566
fffffba6
fffffafb
fffff5c6
ffffff38
00001d6e
000023fd
0000352c
00005a47
00005572
00007050
00005c08
00005189
00005787
00001f52
00002630
00001d78
0000208f
0000204a
00001139
000017e7
00002ea5
00002568
00003d9b
00007657
000068dd
00004ca3
00001c94
0000301a
00005c6f
000034de
0000328b
0000263d
00001b4f
00001e29
00001745
00002050
000040d8
000032ad
00003038
00003ec9
00002a26
000039ab
fffff111
00000fa8
000041a4
000037cb
00001303
00002670
000017b7
00001db9
00001bdc
000040bb
0000397b
00005b19
00003061
00000d15
ffffcbd0
fffff5ef
ffffffa3
ffffe57a
00002c86
00006233
00003987
000027e9
00004859
00003e27
0000146d
00002d8e
00001f5c
00004df5
000028c9
00000d11
ffffcabe
00000186
ffffe4d6
fffff77c
00000ff5
0000594f
0000488c
00004f27
00006057
00007113
00003678
000029d0
0000072a
00003e7c
000016f4
000010a1
00000167
000029da
000009ce
fffffe11
0000318f
000022cf
00002242
0000199e
00003764
00004edc
00003fe2
00002ab6
000015ac
00003b47
00001326
0000124f
00000603
000024f0
00002b94
0000199e
00003795
000009fb
0000216c
00001402
0000197e
00000d4c
ffffe94e
000007cc
00002977
00003f53
00001b1a
000012c6
00000e9c
00002375
000033e4
00003988
00002194
000008ee
000027c2
00001a11
0000254e
000004f0
ffffdedb
0000107d
00003f78
00003b5f
000014c9
00000d46
000014df
00001ef5
fffff871
00000224
00000ab9
00000db4
00000a54
000004df
00000e1d
fffffad1
ffffe91c
000020b4
000044df
0000264f
00000cd3
00003d0e
00003169
0000254e
fffffb20
ffffe6c4
ffffd83d
fffff7a2
00000123
000011dc
00001e80
00001968
000005d5
00002b56
0000435a
00004bb0
00003110
00004d88
00003aeb
00002cf9
0000114f
ffffe509
ffffcf6d
000003a1
000013b6
000006ed
00002a84
0000249d
00002ab5
0000387c
00003795
00005d6f
00003308
0000293d
00003f54
0000323f
000015b2
00001c77
00001dcc
00004063
000039c8
00000c4b
000000f2
00000ddc
00000c5c
00001bf3
0000226b
000084d7
00005459
00005830
00006800
0000513c
00003a7f
0000368f
00003bb1
0000434a
000051af
00004281
0000309f
0000065d
00000dee
00001f56
000015e9
00004ec6
000059a8
000053b8
000038c0
00004602
00003bef
000036e9
00004346
0000448e
00004631
0000485f
00003ecd
000013b6
00001e50
00002a7a
00002a72
000008a5
ffffe99a
00000366
00000807
fffff855
ffffe58f
ffffdb45
ffffeac2
fffff41c
fffff17e
fffff60a
000001e6
ffffff1e
00000771
fffffc0d
00000912
fffff742
ffffc12f
ffffbd55
fffff082
ffffdcf6
ffffb77a
ffffb6a4
ffffb50d
ffffbe3d
ffffbb9f
ffffac73
ffffd170
ffffe16d
ffffc777
ffffba14
ffffee86
00000d28
ffffbd7f
ffffa496
fffffdf6
00001ebd
fffffdf8
ffffe995
ffffccfc
ffffc85d
ffffe1e3
ffffd996
ffffeac0
ffffeeb9
ffffd939
ffffbf8e
ffffe303
00001007
ffffc1e4
ffffe9d9
00000c10
00002b80
00002574
00002bce
ffffd39b
ffffc791
ffffe2fe
00000259
fffff327
fffff021
ffffdc9d
ffffc0f3
fffff167
00000be7
ffffd8c1
fffff001
ffffcbe7
ffffd972
fffff87b
00004345
000004e6
ffffe936
ffffec5e
00000225
00000222
fffffe1a
fffffbf9
ffffdf68
000017c2
00000a22
ffffd824
ffffed89
ffffb14b
ffffc0cd
ffffe5fe
00002fbe
00000948
00003f73
ffffff29
fffff5dc
fffffc0b
ffffefb5
fffff35d
ffffd4a0
00001950
000020cf
ffffd584
ffffe832
ffffae0a
ffffd136
fffffba3
0000112d
000010ed
00005e62
00003c4a
00002a11
00000966
ffffef1e
ffffd550
ffffa896
fffff6d2
00002dab
ffffdaf7
ffffd86f
ffffb02e
ffffe5c2
ffffe45f
ffffcb37
000002ad
00002b86
00001c3b
00003138
00003ab9
00002be8
fffffd58
ffffbbb0
ffffe98f
00003544
ffffed07
ffffd676
ffffc4c9
ffffbecf
fffff722
ffffed97
fffff2a2
ffffed65
ffffde66
fffff076
00000732
00002adc
000024f9
ffffcd61
ffffe238
000032a7
fffff00b
ffffd5e6
ffffc00e
ffffb97c
fffff20a
ffffff01
00001e0e
ffffe942
ffffe39f
fffff167
fffff399
00000f4e
000019d8
ffffc41c
ffffd5e3
00002a9d
ffffdacc
ffffd88e
ffffcc05
ffffbea3
ffffb933
ffffcc1c
ffffd6ae
ffffe7f2
ffffe4c0
fffff424
fffff209
ffffea31
00000502
ffffd020
ffffe16f
00001f5c
ffffde27
fffff980
fffffc11
ffffdb78
ffffd8a8
ffffbfd7
ffffbc52
ffffbe3b
ffffc721
fffff134
fffff156
ffffd883
ffffdf1d
ffffc6ed
ffffecba
000012a8
fffff291
00000ec6
0000126f
fffff030
ffffd56c
ffffe6b5
ffffbbe9
ffffc4d4
ffffe5c4
ffffead4
ffffe401
fffff269
0000046d
ffffd265
ffffecb9
000017ef
ffffefbd
ffffffdb
00000811
0000086b
00000bb7
ffffd0d1
ffffd5d2
ffffe137
fffffbfd
ffffe511
000001b7
0000153f
00002923
ffffe5ec
fffff05f
000041a9
ffffffac
fffffd34
fffff6e9
fffff812
ffffff63
fffffa93
ffffebf0
ffffff28
ffffdd48
ffffeaa2
ffffefdf
ffffea95
ffffee77
ffffd3ac
fffff3d6
00005edd
00004da2
00004bef
0000443b
00005034
000040d5
00004765
00004c00
0000357f
00003e78
0000415f
0000410f
0000353e
00003ee2
00002866
000021a9
00002bb8
0000011b
000000a9
000008a0
00002610
00001fd0
00000d32
fffffe43
0000029a
fffffce6
fffffb89
0000093e
000003bf
fffff805
00000655
00001851
000078aa
0000177a
00002190
0000122e
00000456
000009eb
000034aa
00002088
00000369
00000da8
000014d3
00001109
00000ea6
00001ba6
000031a7
00001551
00006763
fffff1bf
ffffebbd
ffffe75a
ffffe3b9
ffffeb63
00002396
000027a1
0000095d
ffffe4ed
ffffed37
000003eb
000002df
000006f4
000026bb
0000171a
00005630
ffffd378
ffffb36c
fffff31d
0000215b
000045ae
000043ab
0000260f
0000042a
0000042b
000006ed
fffffe1d
fffff16d
fffff037
00000b94
000013ed
00004e6d
ffffe182
ffffc348
00000173
00006a97
00005be7
00003077
00002090
00002465
00000ffc
ffffe141
fffffaf2
ffffe8a9
ffffd745
fffffb4c
00000ab8
0000469e
00000434
00002263
00001f27
00001cef
000029a3
0000568d
00002564
000004d9
fffffe6c
fffff1c3
00000c0c
000009ca
fffff6b4
00000805
00001b63
00005e65
000015b0
00003f59
0000299b
fffff98e
00000282
00004555
00006023
00003051
000016db
000015b3
00000e78
00000e42
00001b5f
00002560
00002ddd
000062b6
00000ce0
000023af
0000224a
ffffe341
000013c9
00005d22
00004de2
00004fe1
00004e83
000048f6
000059fd
00003eee
00003cdf
00002378
00002cde
00006927
000023a3
00002abf
00002d5b
ffffe81f
00002704
00003262
000015a8
000038d9
00002fb9
00002b4f
00005b66
00005824
00006101
000037ae
0000208e
00006585
00001fce
00001c1a
0000152f
fffffe8b
0000181c
0000205f
00003ed5
00001fa9
00000fcb
0000059d
00002a38
00004c74
000056a0
0000343e
00001426
000069bb
00000cc8
00000cd1
00001412
00001968
000032a9
00002c07
000014c1
000002fa
fffffe9e
fffff5b9
00000cec
0000368c
00003c53
00003078
00000e9f
00005acd
fffff190
ffffff02
00000d5a
000024c1
00003174
00000f10
00000953
00000043
0000010f
fffff65d
fffff310
000020f2
0000417e
00003786
000022ab
00005783
ffffecbf
fffffa47
00000d1e
000025c5
00003286
00000dd8
000021fc
00000155
000009f7
00000b59
000005b1
00000150
00003ca9
000033c5
00002ec1
0000571f
ffffeb97
fffff29e
0000140f
00002825
00002fba
00002eaf
00002a63
ffffe034
ffffe4d6
00000a35
00000f73
000011e2
000022b3
00001ade
00002425
000053d1
fffffe94
ffffeead
0000127a
00001123
000005f6
000019d5
000030ca
0000024a
ffffe713
00001100
00000471
000011d7
00000f39
000006c6
00003c81
00004418
fffffeca
ffffd207
ffffd731
ffffddc6
fffff5dc
ffffedf2
ffffffbe
fffffdd2
ffffe21e
ffffe8c0
ffffe06c
ffffec17
ffffef9e
fffff667
fffffb1a
00000154
fffff661
ffffff84
000003b0
000004ed
000007f9
0000066a
fffffa00
00000216
0000046f
00000729
00000956
000003f6
00000923
00002106
00002a16
00000546
fffffa29
00000884
fffff25e
fffff84c
00000fde
0000114e
fffffa7f
fffff71d
fffff887
fffff6c2
000003de
fffffc3a
00000da9
00002a40
00001fcb
fffffa4a
00000bc8
00000cd3
fffff941
fffff885
00000299
00000971
fffff8f5
000000b9
00000311
00000c37
fffff41e
fffff29f
00000767
00001e2c
000017f4
0000012c
00001446
ffffd547
ffffe3dc
ffffd379
ffffef93
fffff556
fffff394
ffffed9f
ffffe96b
00000512
fffff590
ffffeedb
000001d9
00001bf2
00000b35
00001ba8
00001f1c
ffffbb09
ffffb8e4
ffffcb11
ffffeadf
ffffdc7d
ffffddf2
00001dd1
0000005d
00000574
000001f2
fffff32b
fffffdb5
00001bd7
00001146
00000a8c
00000b2f
fffff08d
ffffeaff
ffffe93e
ffffe058
ffffda36
ffffc457
fffff9dc
ffffe26d
ffffd2c7
ffffe528
ffffd6b1
ffffdbb9
00000146
000000b6
fffff78c
fffff3b2
ffffdfb5
ffffedd6
00000f3a
ffffed7c
ffffd59d
ffffe4c1
ffffe5d7
ffffeb16
ffffd2e2
ffffd4d4
ffffd77b
ffffe9d2
fffff00d
00000096
0000017e
fffff4b8
ffffe7b1
ffffed1c
00001edc
00002ae8
00000952
ffffea3b
ffffffa0
fffff47f
ffffff20
ffffff08
fffffc4e
000004e8
00000ab2
00000679
00000c3e
00000bc8
fffff9f6
ffffe974
00000b23
000038de
00003816
000001cd
ffffda2b
ffffec8a
00000407
fffffffb
000001b1
0000203b
00002946
00000fbe
00000432
00000870
fffffd50
ffffe07b
fffff34b
00000d13
00001379
fffffc8d
ffffdce0
fffff277
00000fb9
00000825
0000025a
000019cc
0000370e
00001a48
fffffd29
000001c8
00000ef9
ffffee19
ffffdea3
ffffee6f
000007c2
ffffe3f6
ffffed2a
fffffcbf
00000d13
00000fe6
000014bc
00001c0c
0000312b
00001aa7
fffff91b
ffffef43
ffffee90
fffff36c
ffffeb4d
ffffee0e
fffff787
ffffcc3d
ffffe1cd
0000099f
00000751
0000097b
00001e3d
00000d0a
00001f5c
00000c83
ffffe3f3
ffffeb20
ffffdb3c
ffffd7aa
ffffdca7
ffffbc61
ffffc36b
ffffc4c7
ffffd288
fffff524
fffff273
00001307
0000062e
fffff13d
00001283
00000047
fffff673
ffffefbb
ffffd473
ffffd212
ffffd419
ffffbe6d
ffffc0f7
ffffc411
ffffdacb
ffffe9ed
fffffdeb
fffff013
ffffe35a
ffffdd70
0000024d
000001ad
fffff1f1
fffff3f5
ffffd6b0
ffffe22e
ffffc696
ffffbd87
ffffc38f
ffffca92
ffffd52a
ffffddf2
ffffef29
ffffd1db
ffffc79c
ffffcacc
fffffdbd
fffffac0
0000284e
00005020
000037f2
000033f4
00002231
00001fa2
00001ea5
00002556
0000361e
00002ddb
00002bad
0000328a
0000225a
00001c2e
0000312b
0000202c
fffff315
ffffea08
ffffe86e
ffffdbfa
ffffdecb
ffffec03
fffff4ee
fffff8c8
fffff5ce
ffffff22
00000827
fffffec2
fffffd01
0000023e
0000057b
00001b6e
ffffecea
fffff471
ffffee8f
ffffeee0
00000397
fffff45d
ffffdc2a
ffffe407
fffff4a6
fffffe58
fffff2d7
fffff029
ffffee33
fffff5f5
00000e7b
00002398
fffff0f9
00000954
000006de
00001439
000001a8
ffffedbf
ffffd56b
fffff7f6
00000d9f
ffffff40
fffffb47
ffffe89e
fffff0b9
fffff53b
00001dae
00004406
fffff6eb
00001994
0000354e
000032d1
0000112c
fffff9f9
ffffe0a5
fffffe64
00000323
000012f3
00001cf0
00000563
00001758
00000fb5
0000350b
000060e3
ffffe53b
00000c9b
00002819
000009cc
fffff73f
00001962
fffffeeb
ffffda88
ffffd164
fffffdad
fffffdb3
ffffe4be
0000048e
000000f7
00002805
00005799
ffffed36
fffff030
0000126c
000019ee
00000022
00000ad7
00003746
ffffe1b4
ffffb4e7
ffffdfc3
ffffd764
ffffc61c
ffffe343
ffffec9a
00001660
0000470a
fffffc7e
0000033b
00002261
00003978
fffffa1f
00000271
000046ff
000021b9
000001dc
00000b99
00000c58
0000155c
00000550
ffffe9f5
000010bb
00004bd6
fffff695
00000125
000028af
0000358a
0000053a
fffffeee
000005e2
00002c29
00002218
fffffff9
000007df
0000296d
00001a84
ffffddc3
0000079f
00004733
ffffeb1a
fffff1c4
000020cd
00004617
00002c39
fffff8fe
ffffe93a
0000080a
fffff6de
ffffe97d
fffff412
000017a7
00001144
ffffde8e
00000693
000048e7
fffff3ad
ffffe789
00000e6e
00002b8c
00004476
fffff36d
ffffe0f0
fffff733
fffff8a6
fffff4d8
fffffa6a
ffffff16
fffff4a8
fffff07d
00001563
00004409
fffff0ed
ffffe248
fffffa81
000019bc
00003e42
00000b04
fffff622
000016d8
0000033c
fffff33d
00000775
fffff91a
ffffff83
00000764
00002797
00004a8a
fffff0de
ffffe466
ffffe7da
ffffde5f
0000116f
00001733
00002027
fffff67d
ffffdb91
fffff389
00000aa0
fffffafa
fffff7da
fffff7a2
00001e0b
00004adf
ffffe6d8
ffffcccf
ffffe7fa
ffffe30e
ffffe6e8
00000391
00000e2f
ffffecb4
ffffbaae
ffffd971
000003b4
000003c0
fffff785
fffff0c1
00000958
00004a96
ffffd30f
ffffc9dd
ffffda00
ffffedfb
ffffeda0
fffff10f
00000102
fffff8cf
ffffe669
ffffe12d
ffffdf59
fffff0f8
ffffe289
ffffedc9
000006f3
000048ce
ffffccea
ffffcd77
ffffda49
ffffd3d3
ffffcb69
ffffc99f
ffffe0e8
fffff8b0
ffffeb15
ffffdd51
ffffc887
ffffdbbf
ffffc7c9
ffffddd3
ffffe2e1
00003dfe
0000156b
00001982
00001cce
0000180f
00001072
000018bf
0000096f
0000235e
000030cd
00002276
00000f71
00001175
00001be6
0000155d
000021a5
00002e26
0000015a
fffffcbf
ffffef6b
ffffe848
fffff00a
fffffaf9
fffff767
ffffedbf
ffffee22
ffffe39d
ffffe9d5
ffffe73c
fffff07a
fffff55f
ffffee1f
fffff602
0000015f
ffffe028
ffffdd7e
000013a0
0000208d
00001078
0000016b
ffffedbe
ffffe69a
ffffec21
fffffc6a
ffffee6a
ffffdffa
ffffe323
ffffe2a5
ffffdb89
fffff64a
ffffdb8b
ffffe51a
000001cb
ffffe75e
ffffd3a8
ffffcef2
ffffeba7
ffffeb78
ffffdfaf
ffffd405
ffffd892
ffffdfae
ffffe0e8
ffffd68c
ffffd590
fffff152
ffffe60d
00000b8f
00000f3b
ffffdd66
ffff92fb
ffff9e0a
ffffccdb
ffffddb5
ffffe00d
ffffd29b
ffffc78d
ffffd2c1
ffffd3db
ffffd111
ffffe59c
fffff18f
ffffc85c
ffffe2fc
00000790
00000729
ffffa62a
ffff96af
ffffd5a1
ffffd402
ffffe684
ffffc529
ffffc1dc
ffffd023
ffffcc1b
ffffd052
ffffe100
00000ba1
ffffe9e1
fffffa01
00000100
00001282
ffffe5eb
ffffdc26
ffffec03
ffffdb26
fffff099
fffffb04
fffff3f8
fffffce4
0000001b
fffff5ed
fffffb0e
00000e70
ffffecfc
00000f7c
00000108
000005a2
ffffeeea
ffffd364
ffffc912
ffffb5a0
ffffe451
ffffef78
fffff3bf
fffffad0
00000889
000005cf
00000955
00000afd
ffffdf0a
fffffd3e
fffff802
ffffdc8a
ffffd783
ffffcb4a
ffffd64c
ffff9c41
ffffb777
ffffc36b
ffffc9d1
ffffd99b
ffffec4a
fffff10b
00000165
0000068d
ffffd863
ffffe5eb
fffffa61
ffffe8e5
000008b5
ffffe594
ffffce24
ffffaadd
ffffbf8f
ffffc73a
ffffce19
ffffb671
ffffcf1f
ffffcfe1
fffff843
000004fc
ffffd894
ffffce94
ffffe996
fffff37f
fffff6ba
ffffc97f
ffffc30c
ffffd266
ffffebb8
fffff021
ffffecc9
ffffdd54
ffffdda7
ffffce71
fffff7c6
fffffd72
ffffdb27
ffffc6ae
ffffd5e6
fffff37e
fffff688
ffffe5e7
ffffca2c
ffffd7e6
fffff011
fffff6d1
fffff0e5
ffffe46c
fffff222
ffffd150
fffff4b3
0000078b
ffffedd7
ffffe260
ffffd1eb
ffffe264
ffffd6c2
ffffd3cf
ffffbc9f
ffffd965
ffffe025
ffffd920
ffffe447
ffffd65c
ffffe912
ffffdf7f
fffff633
0000180f
000000f7
ffffed2e
ffffe92f
ffffee8b
ffffe06e
ffffd191
ffffee1d
00000e69
ffffe62c
ffffd177
ffffc670
ffffb622
ffffcc96
ffffb81a
fffff232
0000035c
fffffa08
ffffeda5
fffff5e7
ffffec6c
ffffeee6
fffff2db
ffffeb69
fffffc32
fffff8f9
ffffdff0
ffffd0d8
ffffa686
ffffceca
ffffd7de
fffff55f
ffffffa1
ffffe63b
ffffe79d
ffffe78b
ffffe8e0
ffffe336
00000201
ffffea03
ffffea0f
fffff3d5
ffffff56
000002c2
ffffde51
ffffea14
ffffd2e8
fffff983
0000066b
fffffe79
ffffff24
fffff852
fffff726
fffffa90
fffffa03
000002da
00000807
fffffb06
fffffac2
fffffe16
0000025b
000003f7
ffffedf3
0000009e
00003f88
0000419b
00002fc1
00005150
00004d36
0000553c
00004c08
000043b3
0000329a
0000319f
00003a3d
000037ed
00002f42
00002b3f
00002d61
000023e6
00005e8a
00007a06
000063ce
00009699
0000b211
000096dc
00007eb6
00006b59
00006410
00007c96
00008550
0000718a
0000630b
000062ef
000069e8
000052cf
00004c54
00005ea6
00004f34
00006055
00007f38
000098fb
00007fd4
00004db7
0000436f
00004105
000048ca
000028d8
0000310d
00002b6c
0000321a
00003b65
00005899
00006f66
00004ac9
00001ffa
00005e08
00005d1d
00006e7d
0000739f
00005b52
000051c8
000053e8
0000405d
000056d7
00004893
000047e8
000046bf
00004fc6
0000669e
00002a8b
ffffffde
00003284
000060f9
00007262
00008827
00005bf7
00004ee0
0000358d
00004fb5
00004200
0000380f
0000264f
00002d15
00005525
00008279
00005ec8
0000372f
000032fd
0000437e
000070e4
00004cfb
00003a9d
000033cc
000031d0
000028e6
0000341f
00003be8
00002fa2
000035ab
00003f16
00007033
00003ec3
00004e64
00001525
000023b8
000061a2
00005edc
00004cd6
00006df8
000061d3
00004bdb
00004ba8
0000439b
00003062
00002902
000036c1
00006b1b
00003101
000034a1
00000038
00003157
00004320
000032d7
00000915
000015ec
00002e3a
00003054
00003cc9
00003cbf
00003a92
000024f9
000030c4
000059d6
00002e7e
00000ee1
fffff1e0
ffffe912
00000b62
fffffb41
fffffa52
0000025b
00001b86
00002a42
000031d2
00002917
000037fd
00003059
000034f1
00005ec8
00004fb4
0000234e
fffff3ac
ffffc5c7
000000ac
00002b11
00001d77
000018b5
000012d3
00001a4f
0000343c
00003aa5
00003a0b
00003479
00003a2b
00005f81
00005b7a
00004cef
00001700
fffff499
fffffec6
00001d60
0000440b
00002a9b
00001f4c
00001db0
000041ce
0000558f
00005537
00003d14
00003d87
00005b82
00004b05
00004260
00004d1d
00004044
000045d8
00003977
00005707
00003bc4
000037c6
00004156
000050b2
00005351
000048d1
00003df3
00003a7a
000060e8
000033d1
00004333
00006dda
000061aa
00006056
00004aa4
00004870
00001c4d
00002a8f
00004aff
0000675d
00005f75
000039e5
00004189
000037d5
000064a8
000042cf
00004d96
00004bc2
00003c43
0000258b
00004217
00002215
000016f2
0000333c
000025a4
00005a4f
000081f7
00006c51
00005971
00002352
00003a2e
000024f6
0000320d
00001d78
000019e2
000018e0
000020c8
00001a7c
00002efd
00002392
00002399
00002654
00004b52
00003b91
00005482
00004410
00005447
0000448f
00004b9c
00004da7
00003c1b
00003e09
00005f64
00005c59
00004bb9
000044fa
000046ee
000050d9
00005a47
0000589a
00003b23
0000031f
000016ac
fffffe9e
fffff06e
ffffe964
fffff410
0000010f
ffffebba
00000559
00000233
fffff8b9
ffffec65
fffff254
000006a7
000030f2
00002db3
000022b7
00003ef3
000026de
00000ba6
ffffdb50
ffffdcb8
0000020c
00000341
00000ca3
ffffeaa1
ffffe966
fffff590
fffff8da
00000ab1
00004634
000031ee
000028c3
00004dc1
00002b4a
ffffda4c
ffffc676
ffffe82a
ffffef68
ffffebcd
ffffef25
ffffe000
ffffd722
ffffd692
ffffd4a8
fffff16f
000006de
ffffede6
00002447
00004e20
00002c03
ffffb12b
ffffaf0c
ffffdb21
ffffa5a2
ffffd876
ffffbd94
ffffbe12
ffffd108
ffffc7d6
ffffc7d3
ffffe05f
fffff1c1
ffffdccf
000025d5
00005b01
ffffd814
ffff8a63
ffffadce
ffffcfb2
ffff79a5
ffffcc7b
ffffda7f
ffffc4d6
ffffad31
ffffced8
ffffc31b
ffffe779
ffffffbc
fffff456
00000bc6
00003ee3
fffff562
ffffc341
ffffe750
ffffb936
ffff7121
ffffb6f1
ffffddb5
ffffbf64
ffffca80
ffffdfc8
ffffec44
00000955
000016c9
0000001b
000013d7
00001940
fffffe32
ffffee77
fffff010
fffffc36
ffffc2ec
ffff9954
ffffdccb
ffffef64
ffffc54c
ffffd404
fffff61c
000029f4
0000303e
000005b8
00002e7c
00002b63
0000156a
00001f0c
ffffff18
fffff8ee
ffffbe7c
ffffa9f1
ffffeda8
ffffdaeb
ffffe5bb
ffffe805
000003b0
00003995
00003e67
0000066b
000019ac
0000226d
00003891
000046fa
0000148b
fffffc39
ffff998f
ffffb3db
ffffd6b9
ffffd259
ffffe716
ffffe1e9
fffff04e
00002729
00004326
0000161d
000013df
000015c0
00003321
00004087
00000dd8
ffffcb43
ffffc88c
ffffbe9f
ffffc7ff
ffffd666
ffffe693
ffffd025
ffffd832
00001932
00003d6a
0000205c
000015c5
00000b54
00000a14
00002916
0000223a
ffffc659
ffffe0aa
ffffbfcd
ffffe05d
ffffcf6e
ffffcc09
ffffe052
ffffe18b
ffffff1e
00002e0d
0000113f
00001aed
fffffbb7
ffffecb0
000013eb
00003653
00000e54
ffffe9b3
ffffc27a
fffff79f
ffffcdf0
ffffc761
ffffbef2
ffffdc25
ffffe6c9
00001113
00001270
00000ece
fffffa58
ffffcd33
ffffc990
ffffff10
fffffd56
ffffca1f
ffffb76c
000007a9
fffff7d1
ffffc17f
ffffb0dc
ffffb577
ffffca3b
fffff87f
fffffd52
000013ab
00000279
ffffd66b
ffffd985
ffffd610
ffffecae
ffffd40c
ffffdb07
ffffef37
fffffaa2
ffffbbe3
ffffb19d
ffffab75
ffffcdae
00000851
00000724
0000210d
00002da0
000015ab
000016cd
0000000c
ffffe2e6
fffff19f
0000051d
fffff6f0
00000a25
fffff64c
ffffe200
ffffcdd8
ffffde24
00000f06
00001a5a
0000234e
00002de1
00002e51
0000265f
000000d3
00001446
00002546
000007e8
000000dd
00001010
0000147a
00000a41
ffffe277
fffff18a
00000fec
000028e5
00002094
00001111
000027d4
00004073
00003237
00002224
000006ec
00000b62
000008c8
00000b72
0000156e
00001054
00000fb5
00000870
00002289
00004a41
00001ce9
00000e29
00002de7
000030c4
000033d4
00001b99
ffffe949
fffffb21
0000004f
000002bc
fffff335
ffffe6e4
fffff306
fffff226
0000119d
00004365
000024ce
0000119d
00002c6a
00000a5f
00004c74
000021c6
0000046c
fffff99a
fffff955
00000478
00000b71
fffff852
ffffe402
fffff19c
000012ce
00004661
00002c74
00000a1f
00000ffe
00001dc1
0000673e
000031b2
0000163a
00000f0d
00001b7b
0000146e
000000a2
fffff5b3
ffffe744
ffffe1ec
00000ad9
00004566
00002322
0000140e
0000452f
00002cc5
00004dbe
00002079
0000380b
00004680
0000477e
00003906
00002156
00001e60
00001463
00000b9b
00002885
000065a2
00002cf8
00001f15
00005c49
00006b35
00004950
000025a6
00004902
00003233
00005595
00004c44
00002102
00002acd
00002027
0000158a
00003d61
000070a2
00002cc5
00001253
00003a11
00005c5d
00004ecb
00002e1d
00003204
00005180
0000796e
00004a20
00002cce
00001cda
00001591
00001290
00002ea3
00005a87
00002703
000009b6
00002799
00002dee
0000290c
000056b8
000059b8
00005620
00003f5b
000014f5
0000180a
00002b61
000021ed
00000ef2
00002366
000055e3
0000252a
fffffea1
00001888
0000289a
00002893
00003c45
00005814
0000573b
00003659
000017cf
00000207
00001838
0000342e
000020ae
00003113
00005609
00001d1a
ffffee74
00000bf2
00002847
000040a4
0000242c
0000362d
000046c4
00006b1a
00003dff
0000168c
00001e4f
0000340f
00002b11
00003782
00004904
00002c03
fffff2f6
fffff576
000009e6
00004681
00004ab7
00002b2c
00002846
00006eb1
00004b2e
00002812
00001f25
00002b40
000020bf
00002e27
00004e51
0000304b
fffffb50
ffffeb51
fffffc37
00003ef7
0000592e
00004fc2
00000d8c
000026b3
00002d6d
000030c7
000031d1
000036d8
00002983
000028a9
00004788
000023cf
fffff634
fffff14d
00000dd4
00003388
00004686
00003bc8
00002a5b
000011f4
000007da
000032c1
0000225b
00003c47
00001e99
00002b2c
00005a88
00002acd
00001060
ffffffce
00000ca3
0000226d
00003daf
0000442e
00001aed
00001ae3
00000801
00001ba3
00000644
00001165
0000390b
00005295
00005f57
00004ae6
000031c8
0000343f
00003681
00005012
00005109
000055e0
00002f0d
00002873
0000240f
000027dd
000041c3
00003383
000040bb
00005b0d
000069ad
00007611
00007619
0000816a
00007cd1
00007c28
0000719b
000072f9
0000739a
00007099
00006bcd
00006c86
0000796d
00007f87
00007d3e
000083ef
000063e9
ffffe4e4
ffffd679
000003c4
00000cec
ffffe385
ffffe82d
fffff1fe
ffffeaf4
ffffdf38
ffffedc8
ffffe987
fffff0c0
ffffe863
fffff1ee
ffffe707
000006a9
ffffbc5b
ffffc614
00001f7e
000016cb
ffffc348
ffffcb02
ffffa86e
ffffb3d0
ffffcea2
ffffe8c3
ffffc919
ffffc47c
ffffbffa
ffffd836
ffffdbf3
fffffa49
ffffb8ee
fffffaca
00004dcc
00001d7e
fffff617
ffffa1bd
ffff7227
ffff91a9
ffffd45b
ffffea7c
ffffc1a3
ffffc172
ffffc5a9
ffffd993
fffff3ab
000018fa
ffffc72b
00001c4d
00002f91
ffffdd4f
fffffe78
ffffa725
ffff7211
ffff9361
ffffe32d
ffffebda
ffffb6b2
ffffbdaa
ffffcc32
ffffdca9
fffffca5
00001b67
ffffb2f4
00000b90
fffff549
ffffb73e
fffff5ef
ffffcba5
ffffac67
ffff9677
ffffaad6
ffffe766
ffffc8b2
ffffc20c
ffffcda6
ffffd096
fffffea8
000022f0
ffffb52e
ffffe0c6
ffffec3c
ffffcb8e
ffffe9ef
ffffddc8
ffffc1a5
ffff9620
ffff9925
ffffb600
ffff9b24
ffffa60d
ffffafa6
ffffb797
fffff048
0000132a
ffffb901
ffffbd5d
ffffe2c0
ffffc09f
ffffb6d5
ffffef39
ffffcd07
ffffcd9f
ffffc3e4
ffffc126
ffffa46e
ffff98b8
ffff9a1a
ffff9699
ffffe380
000009df
ffffbadb
ffffbca6
ffffda95
ffffe31e
ffffcb1f
ffffcca0
ffffc3e9
ffffebfb
ffffe1f1
ffffd0d1
ffffcc46
ffffbd20
ffffba21
ffff9612
ffffcf78
00000082
ffffbade
ffffc031
ffffde59
ffffe41d
ffffdb5e
ffffc9ad
ffffdafc
ffffe4ab
ffffb2bc
ffffcc2c
ffffda63
ffffdaba
ffffd430
ffffa253
ffffcd15
000009e4
ffffbb40
ffffb9a2
ffffe9a4
fffff478
ffffc9d9
ffffcb7a
ffffd5dc
ffffc5cc
ffffbf17
ffffe73a
ffffea8f
fffff52d
ffffe703
ffffc1ea
ffffd6cc
000014c1
ffffb968
ffffba46
ffffe51a
0000097e
ffffe291
ffffb85e
ffffa75a
ffffbf96
ffffc996
ffffe50b
fffff2d3
ffffeb74
ffffebc4
ffffd320
ffffcd62
00001e8e
ffffb5ce
ffffb8d4
ffffe0c0
fffff76e
ffffeb5d
ffffd53c
ffffabf9
ffffa53d
ffffc177
ffffdd70
fffff73c
fffff12f
ffffe779
ffffc8b0
ffffc22b
00002780
ffffbbfe
ffffbd14
ffffd95b
ffffed02
fffff359
ffffbe4d
ffffa882
ffffafa0
ffffa58d
ffffd113
0000087d
000000ba
ffffd06b
ffffa9ca
ffffafd0
00000c19
ffffbcd3
ffffb065
ffffd30d
ffffdbd8
ffffe144
ffffbe57
ffffd259
ffffae90
ffffa92f
ffffc428
00000603
fffffa12
fffff0b7
ffffccdf
ffffca69
00001265
ffffcca8
ffffbcc7
ffffe139
ffffe1de
ffffd90b
ffffc8aa
ffffdcdf
ffffcecc
ffffba04
ffffd108
ffffe7cf
fffff92f
ffffda9e
ffffdd0c
ffffe354
0000094d
fffffec8
ffffe1b8
fffff2cf
ffffec31
ffffde30
ffffd241
ffffe42e
ffffeb79
ffffea4d
ffffeb27
ffffe7e3
fffff7b9
ffffe279
ffffea40
ffffe0cc
ffffee13
00002ea6
00001d69
000039f5
000038cd
0000231e
000019fc
00001434
00001e2d
00001f77
000032a8
00003c9d
000030ed
000017bc
00002a1b
00002fae
00002456
fffffb72
ffffeaa8
fffff7d9
00001160
fffff01f
ffffdad4
ffffd119
ffffe64e
fffff123
000005d5
fffff6cf
ffffd8ba
ffffe310
fffff193
ffffea60
fffff997
0000448a
00003c83
00000c52
ffffe93f
ffffbf6b
00000275
00003792
00002e9b
00004872
00004799
0000455c
00001f9d
0000222e
00002e5a
00003f0f
000031d0
00005b8b
00003c3e
00000c13
fffff8b1
000017f6
ffffff31
000000ca
00002c00
00006122
00004b0d
00003f83
00002ce7
00002fe2
00003c71
00005022
00004127
0000140c
ffffe8a1
00002588
000025ab
fffff1a9
ffffe130
ffffe37f
000015b4
00001c05
00000689
ffffe73a
ffffe7b0
fffff8f3
00000799
000011d4
00002ca9
00001044
ffffef17
00005027
00001bea
ffffe4ce
ffffcd85
ffffe6dc
ffffcab2
fffffed0
0000101d
ffffe44a
ffffec49
fffff0e6
fffff374
fffffbfb
00002118
00002587
000005fb
000059b5
00002d2e
000006a8
ffffd612
ffffee9a
ffffc531
ffffd3c4
fffff074
fffff454
00000ba3
00000d59
00000786
0000104d
00002a90
00001861
0000006e
00003dc8
00002359
ffffe261
000023f2
0000294f
fffff0fb
ffffc028
ffff862a
ffffa220
ffffb963
ffffe5ab
000008e9
00001924
00003781
0000159c
00000287
00004443
000028b3
ffffaf6d
fffffbbc
000014cf
000035d0
00000e6b
ffffe282
fffff387
ffffed23
ffffe87c
fffff8b1
0000151c
00003afb
00001af8
000002dc
00002f2f
00001858
ffffe199
ffffc83d
fffff817
00002856
000026bc
00001362
0000033f
0000132c
000013ac
0000021a
00000ef0
00003cbd
00002aa6
ffffffe1
0000238a
000011fb
00001cda
ffffca4e
ffffe5fa
fffffceb
00002ac8
00002441
00001642
00002cf7
000037ee
00001329
000026a8
00003f11
00000f4d
ffffeabe
000012d7
00000c2b
0000478c
000039c4
0000193b
ffffe22b
ffffdcf2
fffff08c
0000241d
00004c5d
00005e7c
00001d3d
00000a9a
00002b5f
000001d5
ffffda4d
000010ef
00002dd5
000034e3
000032cd
00002984
ffffec07
ffffc138
ffffe634
00001838
00001812
00004a26
0000374b
0000123f
00003591
fffff5f8
ffffd981
000005c2
00001a44
00000ec6
000022f1
00002115
00000079
fffff9b5
00000aba
00000b87
ffffd653
ffffd9b1
fffff649
fffffcd1
000033a4
00000a9c
ffffed33
000002f5
00000762
000003b9
000015db
000019e6
00000c7a
fffffcfe
fffff716
fffffacb
00000d75
ffffdfea
ffffd782
ffffc198
00000150
0000086a
fffff42f
000013f3
00000756
00000e03
00001215
000024c1
00002599
0000141a
0000054a
fffffac3
000001de
00001662
000012d4
000004ba
00001844
000016ca
ffffe5ce
ffffd2a3
ffffc6b4
ffffc6f7
ffffce18
ffffd02b
ffffdbfc
ffffe1bd
ffffdd7a
ffffe5ba
ffffef36
ffffe440
ffffe47e
ffffcc38
ffffb9bd
00002079
ffffe269
ffffbbb3
ffffbfa9
ffffb21c
ffffd8e7
ffffe973
fffff247
ffffe7b7
fffffb1e
fffffd2f
000008a0
000004cb
fffffd52
fffff196
ffffe974
fffffe44
ffffba0d
ffff9812
ffffc236
ffffcc5e
ffffeaf1
ffffe101
ffffd56a
ffffd00b
ffffedb4
fffff433
ffffe2ff
fffff277
ffffee1b
ffffe58d
fffff105
fffff142
ffffac3b
ffffaf65
fffffb0b
0000247e
0000115f
ffffe637
ffffc480
ffffca51
ffffd915
ffffe4bf
ffffd741
ffffdec6
ffffe069
ffffd259
fffff688
00001090
ffffe961
ffffe757
fffff8a2
00003b48
00001815
ffffe557
ffffd586
ffffc8ee
ffffc9e2
ffffec41
fffff35c
fffff317
fffffb7e
ffffe780
0000043a
000016ab
fffff7c1
00000401
fffff570
00000584
ffffee8e
ffffd53b
ffffcee7
ffffc141
ffffe93c
ffffec4e
ffffeca9
fffff266
fffffbb7
ffffeddd
00001543
00000e8d
ffffe209
ffffd5c1
fffffb5b
ffffe545
ffffc7ff
ffffd953
ffffec81
0000016c
ffffff7b
ffffeab1
ffffe2cf
ffffd502
ffffcf6a
ffffcf97
fffffde4
00000a5c
ffffd497
ffffd069
ffffec4a
ffffdffc
ffffd22b
ffffd161
fffff705
fffffe83
00001531
00001421
00000a51
0000094e
ffffe6c0
ffffd0d6
ffffef42
00000b86
ffffe070
ffffc804
ffffd916
ffffe13f
ffffe976
ffffef9b
fffff5e8
fffff1cf
fffff515
00000867
00000221
00000f4d
fffff879
ffffd1cf
ffffdd9f
00001699
fffff821
fffff627
ffffdadf
ffffe98c
ffffe379
000018f4
000000d1
ffffe2fd
ffffed52
fffff7e4
0000055a
00001039
fffff3d9
ffffcc8e
ffffdc82
0000182c
fffffb1c
000012f7
ffffed6a
ffffe160
ffffdd05
fffff7a6
ffffee94
ffffee4c
ffffe4a8
ffffeb1b
fffffcbe
fffff380
fffff98a
ffffdda7
ffffea30
00002187
000005a3
00001638
0000143f
ffffef86
fffff562
ffffec57
fffff9c2
0000034b
ffffe973
ffffcc25
ffffde52
ffffdfd0
ffffe0eb
ffffd197
fffffcad
000011cf
fffff377
000005c6
00000bef
00001d8b
000033f2
00001c45
00000953
000000eb
fffff055
fffff0e7
fffffee9
ffffe8bd
fffff09f
ffffd75f
fffff5d5
fffff794
ffffddab
fffff254
fffff64f
00000088
00001991
00001abf
fffff1ff
fffff5ad
00000962
00001f24
00002ccc
00000c2a
fffff66b
ffffe20c
fffffc9c
fffff440
ffffcebc
ffffd9e7
ffffe51d
ffffef95
fffff235
fffff523
ffffefba
fffffae6
ffffff3a
00001201
000007b4
0000238a
00000e04
ffffeb0c
fffff8f5
00000e60
000005ec
00000cdb
0000140e
000015aa
000012d9
000015f9
000020fd
00001849
00001916
000022f5
00001d22
000022f1
00002385
000019fa
00001b2e
00004b60
000063e4
000062f3
000070a2
00005809
00004387
000038eb
00002e44
00004677
00003a00
00004af8
000049b9
00003e79
00004a00
000057fc
000039ca
000012eb
000016ea
00002deb
00004a3f
0000290d
00001067
00000f4c
ffffe6dd
00000cff
fffffd8a
00000568
00000be2
fffff891
fffffb9f
fffffa05
0000031b
00002dd2
00002f65
00004ea1
000060e6
000059b1
0000585f
00004705
0000253d
00002f8d
000043ec
00003641
000036a5
00002b55
00002ef2
00003887
00003749
00002b02
0000522f
00005896
00004515
0000531b
00002d35
00004ea7
00003b77
0000234e
00005e5f
0000350c
00002ae5
00003f7b
000039f6
00003f18
00004dbc
000015f1
00002c54
00003264
00003b4a
00007242
000007a6
000055ec
000041a4
000013e7
00002853
0000120b
000006d7
00000e5f
00000cf7
000016c1
0000491c
fffff5bb
ffffeea1
000005b9
00003a4f
00004188
ffffed1f
00002472
000035d8
fffff563
00000088
fffffd60
ffffe22b
ffffe82a
ffffd421
ffffe713
0000257b
ffffed6b
ffffd107
ffffe61e
fffffe9a
00001fcd
fffff95b
00000324
00002205
0000093f
00000f92
00003a82
00002818
000026c3
000001df
fffff3a9
00002569
fffffd6b
ffffe412
fffff583
ffffff84
0000224e
0000256c
00001491
fffff032
ffffb963
ffffd42b
000000cb
fffffffd
00003296
00002d17
ffffff56
00001d8a
000000fb
ffffffb4
fffffeac
000005de
000014aa
000046ce
00004798
ffffef09
ffffc318
ffffe16a
ffffef49
ffffde09
ffffea90
00000b69
ffffe0d3
00001b0b
00000b09
000010ac
0000184c
000015dc
00001818
000053e3
000042c9
00001bc1
000000a7
fffffc78
00000b89
fffffcaa
ffffe901
fffff4fa
ffffe7cc
0000254d
00001007
000014ec
000026f4
00002fc4
00001278
00002459
0000624b
000048ce
0000377c
00003a24
000043c7
00003a7a
0000152a
00000a6b
000007d6
0000384a
00000c4d
000008da
00001b65
000027e6
0000174d
fffffed8
00001a10
00002df1
00001f5b
000031aa
000055b2
000061c2
00002b17
000010c4
00000c41
00003cb7
00000f2c
00000310
00001d08
00001c44
00001de0
fffff501
ffffd106
000026a1
00002c75
00001109
00004954
0000656b
0000442a
00003547
fffffcbd
00003f8c
00000efb
fffff6e0
00000abb
000004d4
0000086f
00000ff8
fffff7cd
00001a2c
0000091a
fffff1e5
00002ed3
00003aba
00002938
000037a9
00000834
0000372b
fffff48a
ffffefec
0000092d
00000c65
fffff080
ffffe4e7
fffffd16
00001096
ffffe873
ffffd15d
fffffdb9
00002493
0000178b
00000708
ffffe782
000022bc
fffff4c5
ffffe79b
fffffd17
ffffeb1a
ffffdaf4
ffffde61
fffff30c
ffffe8e6
ffffe865
ffffdd9d
ffffd22d
ffffe088
ffffebf2
fffff954
ffffe507
00002755
0000323e
0000211d
00002d10
00001b99
00001a7b
ffffff55
fffffeb6
000001c3
00000277
ffffff8c
0000021c
00001993
00001359
00000b80
00000461
00000adb
00002c32
ffffec72
00002c36
00003fde
00003014
000008ca
000022a6
fffff689
ffffefa0
ffffe6cf
ffffe50b
fffffb54
fffffbf6
ffffefdf
ffffe957
fffffa3e
000023d0
fffff3f9
00003e76
000069a7
000034b8
000031dc
00002e81
000006f5
0000087b
000009d9
00000fc5
00000367
fffffa71
00000524
000006c4
00000e02
00002950
fffff5c9
00003627
00005399
00003f68
000029f3
ffffff00
ffffe51b
ffffe5ed
000000f1
00001bb2
fffff1a5
ffffed47
000002dc
fffff668
00000edc
000040db
00001f1b
00001c2d
ffffefb8
00002ff6
00000384
ffffe0f0
ffffebd7
ffffec85
ffffecff
0000067e
0000050d
000005ad
00001410
00000d88
000012e1
00003fe9
00003e37
00002fbb
ffffe089
ffffe617
ffffd36b
ffffe7b7
ffffe0cd
00002fb8
0000441e
0000450a
00004be7
00004901
00003ad8
00002185
00001818
00001f3a
000009ae
00001d7a
00000499
000001bd
ffffd7aa
0000101e
ffffc818
00000ce8
000009e9
00000a76
000010f8
00002448
000037c5
00001042
000008b5
00001f0b
fffffaf6
fffff6a9
0000067c
00002662
00001267
00001458
ffffec3d
fffff5a7
ffffe4b4
ffffe448
ffffd8b2
ffffe333
00000c32
00000d1a
0000097f
00002338
00000a74
fffffccf
0000068b
0000208a
00002a83
000001ca
00000857
fffff766
fffffa62
ffffdfbc
ffffc6c6
ffffadd7
ffffe9c6
fffff5ee
00000031
00002075
00000f79
00001ad3
00000f17
0000101c
fffff957
00001135
00001dbb
0000072a
00001304
00000046
fffff23a
ffffdc06
ffffecc1
00000113
00000580
00001dae
fffffc52
000020fb
00001853
00001e0c
ffffeb20
ffffec90
00001cfd
00001587
000023ff
ffffe686
ffffe2a1
ffffe2db
ffffeb18
00000a33
00000089
00001dd9
ffffde86
0000160b
00001e3c
000000ad
ffffeb82
fffff764
ffffda22
00000547
fffff94b
ffffc86e
ffffd0e1
ffffe0bc
fffff1bf
00000c8b
fffff45e
000013e5
ffffcc57
ffffee83
00001570
0000008d
ffffee12
ffffdf28
ffffea0a
000017dc
ffffed92
ffffc0b2
ffffd38a
ffffda2e
ffffe411
ffffff32
000002f9
00001108
ffffd365
ffffe9a1
fffffec1
ffffe8a7
00001d20
00000d3c
000015e3
00001e99
00000415
ffffe815
ffffd6ea
ffffc496
ffffce06
ffffd3ea
fffff475
000033ae
000007de
0000181e
00003057
000038db
00004d55
00004f32
000047b3
00003f44
00003a55
000044a5
0000233e
000016e3
0000162f
00001a6e
00002565
0000299b
ffffff11
00000b69
00000994
00000eb8
000006b5
0000101b
00001f6b
0000220b
00000ed3
00000d7b
00002084
00001221
000018a8
00001636
00001efc
fffffff6
ffffe9b8
fffff079
ffffea1d
ffffd882
ffffe616
fffff359
000002c5
fffff967
000001a8
fffffc50
ffffe9d0
ffffedb4
ffffe241
fffff9bd
00000f65
00001bd9
ffffd314
ffffd29c
ffffce20
ffffa88b
ffffb228
ffffbfd3
ffffcedf
ffffc5eb
ffffcaa6
ffffd285
ffffe4b6
ffffd36d
ffffdacf
ffffd2d3
fffff0a9
000029df
000002a2
fffff1b3
00000758
fffff812
ffffe9b6
ffffe941
ffffec16
ffffee73
ffffdeda
ffffea70
ffffea5e
ffffda76
ffffdc0b
ffffe0fb
fffffa9b
0000222f
000004ca
00001fdf
00002005
00005a51
0000584e
0000357b
0000098b
00001144
00000d50
ffffe79f
fffff2fc
ffffef91
fffff4d8
ffffecdc
0000050d
0000330c
fffffa4f
000008bb
0000159d
000027db
00004fea
00002d9e
ffffeb8e
fffff8fa
fffffc9b
000004be
00001bb8
00000a76
00000432
ffffebe5
0000153d
00002945
fffff321
fffffffb
00000091
00001d12
00002606
000005ea
ffffef25
ffffd57e
ffffcf76
ffffb8b9
ffffcdb3
ffffd7d4
ffffe041
ffffefab
00001c36
00002777
fffffe74
fffffddc
00000df4
00001e0f
00000053
ffffe09a
000012d3
fffffc3f
fffffe49
fffff44b
ffffe85e
ffffcad0
ffffc702
ffffd6d2
000004d7
00003e48
00000995
00000692
ffffef00
ffffef15
ffffffb2
fffff439
00002788
0000541c
00004280
0000316f
00003023
00002bed
0000125c
fffffa55
00000efa
000032c1
ffffff60
00000128
ffffefba
ffffe471
fffff915
fffff2e4
000039fd
000056fc
00003d8b
00002cd4
0000418b
00005af6
000039b5
fffffd73
000006e7
00002c8d
ffffeafd
ffffefdd
ffffddad
ffffe119
00000174
000003ed
00002dfd
00002ff7
00001fc1
000003be
00001c6a
00003b1f
00003245
ffffef4f
fffff0b5
00002dba
ffffe345
ffffe595
ffffd4b4
ffffde02
fffff0d7
ffffdcdc
00000222
00001833
00000245
fffff3b7
ffffffa2
00001c37
00000ef6
ffffe29a
fffff581
0000287b
ffffdc7e
ffffd6d6
ffffd771
ffffc057
ffffe5a5
00000a26
00001a00
0000115e
00000c90
ffffef5c
00000925
000020d8
00001497
ffffe285
ffffee00
00001c73
ffffd585
ffffe0d5
fffff660
ffffe087
ffffdcca
fffff661
00000180
fffff40a
ffffd1cf
ffffddce
fffffe07
00003745
0000171e
ffffe749
ffffe4d7
0000182e
ffffc6ff
ffffc82a
ffffd75e
ffffe1e3
ffffcdbf
ffffc1ad
ffffc343
ffffc05a
ffffc9e7
ffffdd83
fffffafb
000026af
000028bd
000000df
00000096
000019bf
ffffaf96
ffffab0b
ffffb425
ffffbc84
ffffb120
ffff959d
ffff9c0d
ffffa1bb
ffffa12f
ffffbd75
ffffbfc6
ffffdbce
ffffd7a5
ffffdcd4
ffffc319
00003882
0000160e
00000ff4
00002826
0000202a
00000a00
000008dd
00000e70
0000061f
00001250
fffff399
fffffc94
fffff88b
00000e14
ffffffcb
fffff8c3
ffffdae9
fffffa7a
ffffee27
ffffd736
ffffd712
ffffe47a
ffffe9ea
ffffe9d2
ffffeeaf
ffffe7a9
ffffe1e8
ffffe7f0
ffffe186
ffffdad4
ffffeaf1
fffffc38
ffffe670
00000fb5
ffffe64f
ffffdacc
ffffd21f
ffffe2b2
fffff1a2
fffffbba
fffffb21
ffffd8b1
ffffe814
fffff4d8
fffffb5f
fffff1f6
fffff75b
fffffb0f
ffffeb52
00000006
ffffe54b
ffffe58d
ffffd219
ffffd33c
ffffd06b
fffff1d5
fffff27d
ffffc94e
ffffe9d4
000003cd
fffff8b2
00000825
fffff80a
fffff0f5
ffffd53d
ffffe535
ffffbb06
ffff8395
ffff9449
ffffa248
ffffaa57
ffffce36
ffffc9ed
ffffb395
ffffbdb4
ffffc6e7
ffffe1bb
ffffe7e4
ffffeac9
ffffdc25
ffffce75
ffffd35c
ffffb4f9
ffff8607
ffff9aa2
ffffa26b
ffff895a
ffffa530
ffffbabe
ffffb47a
ffffa883
ffffaef5
ffffbcc5
ffffc6ef
ffffdc66
ffffe985
ffffc7ca
ffffc52d
ffff9de5
ffff856f
ffffbb19
ffffe091
ffff9283
ffff9f0d
ffffc930
ffffa710
ffff9ff9
ffff9a53
ffffb281
ffffcc50
ffffdf3f
ffffe9bc
ffffbfb2
ffffd89c
ffffc1fc
ffff8f98
ffff94d4
ffffd2cb
ffff9d11
ffffad05
ffffb944
ffffb5ea
ffffcadb
ffffa77d
ffffc33e
ffffdc91
fffff346
fffff32c
ffffc0e0
ffffe3a5
ffffdcb3
ffffc71e
ffffacc0
ffff9bdc
ffffbafe
ffff8c2f
ffff7ec1
ffffa03f
ffffb572
ffff9032
ffff8872
ffffb74f
fffff386
fffffb4f
ffffc501
ffffda47
ffffd647
ffffdcf5
ffffd007
ffff88d3
ffffabcb
ffffa8a9
ffffa00e
ffffad40
ffff9c65
ffff85ed
ffff7dcb
ffffb370
ffffea42
00000244
ffffd4b4
ffffe691
ffffd5f1
ffffe92c
ffffda49
ffff9ea2
ffffb570
ffffb570
ffffc7ff
ffffd25e
ffffc96b
ffffc4aa
ffffc18f
ffffc844
ffffd7cb
fffff2ed
ffffd937
ffffeecd
ffffdd0e
ffffcfc9
ffffea26
ffff9af3
ffffa337
ffffe5ab
ffffd88c
ffffc848
ffffc832
ffffd75f
ffffd538
ffffd67b
ffffd33a
fffff22b
ffffe86d
000010b8
fffffbb1
ffffd60a
ffffbea1
ffffab29
ffff9785
ffffb76d
ffffe57a
ffffef9a
ffffc151
ffffbcf1
ffffe054
ffffe7ab
ffffe070
ffffefed
fffff40f
00001b85
0000169f
00001b1d
fffffffa
ffffd868
ffffa007
ffffb444
ffffeee6
000013d2
ffffe198
ffffc965
ffffce5f
ffffe69d
fffff771
fffff7a8
ffffe1c3
00000aba
0000102c
00000ce1
00000478
00000405
ffffe65c
ffffca43
ffffe2c4
ffffdeaf
ffffd301
ffffd039
ffffee2a
ffffda91
ffffe4e6
00000642
ffffb453
ffffd1f9
ffffd8b0
ffffead3
ffffeba9
ffffd9bc
ffffd221
ffffbef5
ffffcfcb
ffffd320
ffffeeed
ffffca79
ffffb9b2
ffffd08d
ffffe96c
ffffeda5
fffff56a
000004a2
00000e88
0000124d
000013bb
00001775
00001e92
00000a80
000004a6
00000cac
00001b2f
00000a57
fffffdc0
fffffb07
00000275
000017f7
ffffebc9
ffffc214
ffffd7f1
ffffdf74
ffffd3f0
ffffc8db
ffffc93a
ffffccac
ffffcfd3
ffffd2af
ffffd089
ffffc8b6
ffffc5b8
ffffc104
ffffca1b
ffffe89c
ffffe6ed
ffffbfbe
ffffca72
ffffc62d
ffffba0d
ffff9edb
ffffbf19
ffffc3e5
ffffc74a
ffffc890
ffffc9b0
ffffc62f
ffffc39a
ffffc57e
ffffc0b8
ffffdca5
00000855
ffffda87
ffffd89b
ffffb21f
ffffc5ac
ffffc473
ffffde33
fffff9c8
fffffa22
fffff986
fffff8bf
fffffcb5
ffffeffc
ffffeda4
ffffed14
fffffeb4
000004d8
ffffe5ba
ffffdc20
ffffd017
ffffe873
ffffdb4d
ffffd79a
fffff42f
0000021d
00000c6c
0000092f
fffff962
fffff100
fffff050
ffffe656
000002b8
00000091
ffffde14
ffffdfc6
ffffaf56
ffffbbe9
ffffd4e4
ffffb757
ffffd807
ffffe7af
0000048c
fffff963
fffff4c6
fffff7e5
ffffeb94
ffffe2a3
fffffc9b
00000f20
ffffe342
ffffe4eb
ffffb352
ffffa742
ffffe00c
ffffcf53
ffffdf74
fffff56c
0000029f
000006ea
fffffba3
000015df
00000b53
000009da
000014b0
0000135e
ffffe278
ffffe9ac
ffffd5ef
ffffdb96
fffff268
ffffe730
ffffe5e0
ffffcd4d
ffffdc0a
ffffe819
ffffdeab
ffffeda5
ffffee61
fffff5ff
00000557
00000887
ffffd64e
ffffde45
ffffd071
ffffe4f8
0000014f
00000511
ffffe2d0
ffffb539
ffffac7c
ffffa8d4
ffffab10
ffffc065
ffffd133
ffffe2fe
0000013a
fffffeac
ffffc45f
ffffd020
ffffc7e1
ffffd114
ffffc725
ffffe0e3
ffffeb38
ffffe028
ffffc7a7
ffffc134
ffffba48
ffffba0c
ffffcffe
ffffdd61
fffff913
fffffc50
ffffb7dc
ffffc2bc
ffffc4d0
ffffbf9b
ffffba12
ffffd95a
ffffe503
ffffde67
ffffdcc2
ffffcdf4
ffffd65c
ffffd545
ffffd85d
ffffd66d
ffffef09
fffffd92
ffffb7c5
ffffb9f2
ffffccee
ffffbe50
ffffc473
ffffb7a1
ffffba35
ffffc8a7
ffffd05c
ffffc7d3
ffffd0a2
ffffda49
ffffe2db
ffffd7bd
fffff299
ffffef38
ffffb5ee
ffffb635
ffffba34
ffffca98
ffffca21
ffffc7ee
ffffa9bf
ffffa83e
ffffaff4
ffffc7ef
ffffe3ca
fffff042
ffffed5f
ffffe35c
fffff700
fffff333
ffffc37b
ffffd316
ffffd9b7
ffffd9b1
ffffd27b
ffffc8a4
ffffad1b
ffff97b2
ffffc4cb
ffffe44d
fffffc2d
fffffb87
ffffe3d2
ffffe03f
fffff13b
fffff577
ffffd081
ffffd7f8
ffffd258
ffffc6a4
ffffc502
ffffbbfa
ffffbe22
ffffb9a6
ffffd52f
fffff9b0
00000dab
ffffe0f2
ffffdbcf
ffffdf74
fffff56d
fffff69c
ffffda0d
ffffdb47
ffffd014
ffffca9e
ffffcf14
ffffcf9c
ffffc0cb
ffffca73
ffffd7f6
ffffdb1a
fffff601
ffffea02
ffffdaf6
ffffd69d
fffffc8b
0000000c
ffffe414
ffffe0c1
ffffd7c0
ffffd7d5
ffffdb2e
ffffd990
ffffe1d4
ffffecae
ffffe240
ffffdece
ffffe860
ffffe659
ffffe7ba
ffffe663
fffffd5f
00002286
00001518
000011e2
00000630
fffffca5
fffff758
00000089
fffffda8
ffffff3f
000003b7
0000036c
000005d6
fffffcce
000001b3
0000229b
00001732
00000392
fffff822
00001782
00002e40
00003291
ffffdf4a
ffffbcda
ffffd0c9
fffff093
ffffe091
ffffda4b
ffffc863
ffffc516
ffffd8b8
0000086d
0000052e
00002d00
000010f2
00001be0
0000305c
00005397
ffffd057
ffffde1a
fffffb33
fffff95e
ffffe924
fffff4d3
ffffe22b
ffffd7c4
ffffe959
00001008
00001027
00003e41
000039cc
00002def
000014ce
ffffd5f0
ffff6475
ffffcf4d
0000104e
000000c1
0000197f
00000e60
ffffe986
fffff3c3
000007f2
0000267e
000019af
00002992
00001a93
000035fb
00001606
ffffc372
ffff7628
ffffb8b0
00000d76
ffffd80c
ffffdd5e
ffffe109
ffffe329
ffffed42
fffff8c9
000020fb
00003518
00001fe6
ffffef95
00000481
ffffdebb
ffffc428
ffffb167
ffffb1f9
fffffca4
ffffe957
ffffecc4
ffffdaa3
ffffbcae
ffffc63a
ffffdda2
00000398
00001fa8
00000b85
ffffd25a
fffff754
ffffeb4a
ffffd1a1
ffffc561
ffff7b92
ffffd21d
ffffcde3
ffffff0e
00001bb5
000006d3
fffffe7c
ffffd337
fffff790
00001632
ffffff82
ffffccd1
fffff773
fffff1c6
ffffc885
ffffa6c1
ffff98b8
ffff8341
ffff5a5d
ffff8da7
ffffb09b
ffffc25c
fffff111
ffffde85
00001662
00001bee
ffffef48
ffffc1a0
fffff581
fffff51a
ffffc2f0
ffffb36f
ffffa0b4
ffff8187
ffff4dcf
ffff7d63
ffff7d39
ffff9ad5
ffffb660
ffffc5f4
fffff9a7
00001d73
fffff3fc
ffffc04e
fffff944
00000c70
ffffc45b
ffffae5b
ffff8bb8
ffff7e34
ffff8476
ffffb69f
ffffbf51
ffffc1cd
ffffbf0d
ffffb5bc
ffffe750
00001bc0
fffffb93
ffffcd81
ffffe61d
fffffa7c
ffffe073
ffffb361
ffff9e01
ffffa190
ffffb2be
ffffc84d
ffffcca2
ffffc03a
ffffda3e
ffffe2e7
0000022e
00001d94
ffffffda
ffffd63a
ffffe508
fffffcd2
fffffa62
ffffcba4
ffffb922
ffff8cb9
ffffb4c9
ffffceb2
ffffdfe8
ffffd6bc
ffffda40
ffffc963
fffff45d
00001e3d
00000362
ffffd58a
fffff244
0000059f
000018eb
ffffd716
ffffd510
ffffaab3
ffffb219
ffffc680
fffff977
00000673
00000781
ffffda2e
ffffef21
00001308
00001b85
ffffe87b
fffffbb1
0000042f
0000005b
fffff3f6
000000bf
ffffe2f9
fffff901
fffff077
000010df
000005c8
00000c0b
fffffd7c
0000157b
00002ba7
00002d16
ffffe839
fffff8d5
fffff776
000003a2
ffffe15b
ffffe1c8
ffffe1a0
ffffe3a0
fffff0b4
ffffff2a
000008a9
ffffe51a
ffffec55
ffffeea1
fffff77b
000035f1
000037f0
00004333
000037ad
000030e3
0000307a
000031f7
00003feb
00003f85
00002fd7
00002c56
0000413e
00003653
00002fac
00002956
00003a27
00002c0a
fffffb54
ffffee46
ffffec02
000003b0
fffff2bc
fffff983
000001ad
00000758
fffffc77
000008dd
00000afc
000002d9
fffff904
000009a5
fffffc5c
000034d3
ffffd704
ffff9694
ffffa639
fffffe6d
fffff191
ffffcb0e
ffffcf12
ffffbbfe
ffffc9d6
ffffdc5e
ffffe1dc
ffffe283
ffffccf8
ffffc852
ffffc208
00004115
ffff98ee
ffff6d08
ffffbae4
fffffe1b
fffff3d9
00000696
ffffd058
ffffaf4c
ffffcd40
ffffe4f0
ffffcbf8
ffffce1e
ffffca03
ffffb87e
ffffc2ad
00003fc1
ffff96ef
ffff8fb2
ffffcd05
ffffcd03
ffffd174
fffff36c
000006be
ffffcc71
ffffcf22
fffff837
fffff0bd
00000112
fffff5f9
ffffdb1e
ffffd223
000057dd
ffffc408
ffffd88b
ffffef14
ffffbf73
fffff304
000000f7
00004237
00001df0
ffffe24c
fffffcca
00000a44
00000a76
00000652
ffffdfe0
ffffde06
00004564
ffffcb74
ffffd263
ffffd36f
ffffad1e
00000552
ffffff57
00001768
0000385f
ffffdf86
00001025
00001ac8
fffffb24
fffff4fa
ffffd580
ffffd814
000038c9
ffffc8c8
ffff9fd5
ffffc614
ffffc908
ffffe2ae
ffffc2e3
ffffd165
ffffefe5
ffffc551
ffffeab0
ffffeb49
ffffd850
ffffe552
ffffce01
ffffc3cc
00002f06
ffffcd81
ffffa7c4
ffffb326
ffffc37f
ffffe3de
ffffe7ed
ffffc2f6
ffffcce3
ffffda90
ffffd5c4
ffffbb6d
ffffcff9
ffffefc1
ffffd2a5
ffffd098
000032f9
ffffc6d0
ffffb6cb
ffffa185
ffffbaaa
000004fa
00002665
ffffd5ef
fffff03b
ffffff6c
ffffe80e
ffffbf33
ffffd60b
0000135f
ffffe972
ffffc9d2
0000317d
ffffbdb7
ffffb7fc
ffff9344
ffffb9c3
fffff21a
fffffa09
0000009d
ffffed2f
ffffd683
ffffd044
ffffd406
ffffedf4
fffff6dd
ffffd44a
ffffb4a7
00003434
ffffc56d
ffffbd59
ffffb257
ffff8e3a
ffffc619
fffff541
000017a1
000007d9
ffffd6b1
ffffca22
ffffe77f
ffffe6f3
ffffef1b
ffffd722
ffffaf9b
00002ffd
ffffc6c2
ffffaf9e
ffffb5ef
ffff8f50
ffffb372
ffffeecb
fffff8eb
00000105
fffffaeb
ffffd0f7
ffffc9ad
ffffe6e9
fffff2c1
ffffd532
ffffaf52
00002f08
ffffd5bb
ffffce54
ffffb929
ffff9571
ffffb8b7
fffff010
ffffe084
ffffdc34
ffffd244
ffffb65c
ffffdd59
fffff32f
fffff8e1
ffffdc40
ffffb9bc
00003134
ffffd411
ffffcc2c
ffffbd15
ffffba33
ffffd800
ffffd24e
ffffd4f4
ffffe383
ffffe4d4
ffffc94e
ffffd434
ffffe9e1
ffffe3a1
ffffe086
ffffd221
00003d0e
ffffd45e
ffffb386
ffffa27b
ffffd219
ffffe2f6
ffffd3f7
ffffa423
ffffa36f
ffffe536
fffff33a
ffffe93a
ffffe038
0000000b
ffffe382
ffffcd91
00001efd
ffffdc6e
ffffca6a
ffffd609
ffffea15
ffffe990
ffffd61d
ffffce9b
ffffe016
ffffe6bd
ffffed64
ffffeafd
ffffec5d
ffffebcd
ffffec89
fffff057
000044b9
00003d64
0000411b
00005bf5
000044c4
00003d20
00003fee
00004bbb
00004ea0
00004c71
0000549d
00004c7f
000041c2
00004c13
00005017
00003fde
00004664
00003c48
0000596b
0000af49
0000aabc
000071e3
0000517e
0000377a
0000429e
00005d3c
00005c07
00005cac
00003be4
00003afc
00004985
00005336
0000448f
00004471
00009839
0000d2c4
0000de7a
0000b207
00007f06
00005411
000054c8
0000674a
000051de
00005914
00004087
0000393a
00004a0d
00005e99
000062f2
00006eb7
0000be33
0000f2d1
0000b689
0000d172
0000c44f
00008704
00007b6e
00009b67
00008ec5
00008d72
00008b32
00008703
0000929c
00008f91
000062f4
00009491
0000cec1
0000fb80
0000caf7
0000bd3c
0000a6a3
0000ad5f
00008eb0
000095db
00008acd
000083b2
000087bd
00008a4a
000094fd
00008d6e
00004a94
0000628e
0000837a
0000b100
0000a1bc
0000bf58
0000ac66
0000bb52
0000a8ad
0000a513
000086a4
00006c0d
00006545
0000584f
00004a97
00006586
00004402
00003b0c
00005154
00007ba0
000087f0
0000a190
00009e96
00008f7d
00008fac
000092c6
000078b7
0000712c
00007f81
00005f7b
000028e5
000045be
00004637
00004b68
00004d06
000078d0
00009d85
0000be8a
0000b452
00009ca6
00009c3d
00009cc8
00007edb
00008866
000097e7
00009056
00004be3
00005156
00004ba1
000053bd
00005ed9
00008254
0000a361
0000c6f9
0000cb6c
0000a5f8
0000a2d9
00007e01
00008262
000097b2
00009526
0000895e
00006742
000056a3
00005465
00005322
00005ae1
00007bb0
000089eb
0000a37f
0000c44c
0000bfae
00008bad
000057ac
00005853
000079fe
00008147
00007f4a
000062b7
00005ebd
00005685
00005312
00004dda
00008465
00008792
0000ad2d
0000b8ef
0000e07a
0000a4b3
00006a56
00006721
00006dcf
00006bdc
00007344
000063fe
000067fc
00004ae8
000041f3
00003c64
00005612
000095a8
00009cd7
0000bf76
0000e12e
0000b7ef
0000a2f2
0000ac67
0000a491
0000954c
00007001
000061c0
00005e53
0000405e
000034ea
00003835
00002f75
00005f0c
00008aca
00009bc2
00009d21
000065e0
00007a90
00009d30
0000bb5e
0000bc68
00009310
00007929
0000643c
00003dff
00004000
00003f3e
00002dbf
000031f5
0000454c
0000547c
00006d06
00005682
00006f01
0000860b
0000a89f
0000c0b3
0000a145
00008737
00006721
000065bd
0000816a
00007db6
00007341
00007ede
00008600
00006fcc
00007ec5
00008344
000086fd
00008126
00008584
0000abaa
0000a47c
00009234
0000798b
00004676
00006f27
00005cf6
00006b3c
000072d2
00007589
00006be6
00006e0b
00005b3d
00006393
00005a9b
00006517
00006ae5
00007397
00007034
0000593d
00000b3b
00002d88
00002a1a
00001572
000006f7
00001763
00001901
00002285
0000336a
00002f6c
00002018
00002401
00003061
00003c00
00003b5e
000027fc
fffffb62
00002e10
00003544
00000488
ffffd70f
ffffc29a
ffffec44
00000f0c
00002105
00002081
00001392
000024e7
000023eb
00001f40
00003510
0000205f
ffffdf81
fffffe59
ffffeac3
ffffb57d
ffff7390
ffff858d
ffffa925
ffffc320
ffffec4a
fffffcc3
ffffed14
ffffffe5
fffffe03
fffff641
00000baf
00000d31
ffffec6e
00000699
ffffd27a
ffff96cb
ffff7809
ffffa1ba
ffffa521
ffff9b0a
ffffa7d6
fffff500
000015a1
000001f4
0000090f
000008fa
00001130
00000d89
ffffeb4f
fffff6fc
ffffd6f1
ffffcdd1
ffffbfd0
ffffd377
ffff980c
ffff92c2
ffffabea
ffffd5d2
fffffca0
ffffe360
00000398
00000125
0000138d
0000067f
ffffd7db
ffffe8b4
ffffd4e1
ffffe0a6
ffffcd7e
ffffb8f4
ffffa084
ffffa6fd
ffff843d
ffff8840
ffff9944
ffff926d
ffffa134
ffffb8db
ffffdf44
fffff62c
ffffe821
ffffe806
ffffcbae
ffffbec5
ffffee4e
ffffde50
ffffcc1d
ffffe59b
ffffb2e5
ffff9d3d
ffff8f4c
ffffa55e
ffff8ebb
ffffa21d
ffffc664
fffff381
ffffee4c
fffff412
ffffe13c
ffffda88
000016fd
00000e9c
ffffec37
fffffad3
00000293
ffffd87f
ffffd35b
ffffd238
ffffaf3c
ffffb408
ffffc752
fffff81a
fffff1e7
fffffdd7
fffff3fb
fffff3f6
000021f3
00003a7d
00001a81
00000106
00000700
000001df
fffff494
ffffe79a
ffffdb48
ffffe24b
fffff2cf
fffffcd4
ffffe0cf
ffffe4ba
ffffcd05
ffffdf8d
00000dca
000012f2
fffffd50
ffffcdbc
ffffd10f
ffffdf44
fffff128
ffffe52b
ffffd2d7
ffffeaa6
fffff5a7
fffff911
ffffda0c
ffffe122
ffffdba6
ffffeb9a
fffffcd9
fffffba6
000010d7
ffffd7fb
ffffb743
ffffd38e
fffff3ed
fffff4bd
ffffe3ab
ffffd786
fffff53d
fffff496
ffffdd7d
fffff461
ffffedfd
ffffccad
ffffef8d
fffff86a
ffffe46c
ffffe4cb
ffffdaa1
ffffe74e
ffffef09
ffffec5c
ffffdd14
ffffc57f
fffff3f7
000008b6
ffffd3e9
ffffe414
ffffdfc9
ffffc34c
ffffc176
ffffdf04
ffffd3af
ffffdc0e
fffffa88
fffff4ed
ffffe8bf
0000062d
fffff500
ffffd1a5
ffffd8aa
ffffe0e8
ffffe261
fffff3eb
ffffdca7
ffffd1f2
ffffb76c
ffffa9a8
ffffc92a
ffffe6eb
fffff4ab
ffffd2b9
ffffc491
0000074a
ffffe826
ffffc910
ffffc596
ffffc7aa
ffffdeb5
ffffe2bb
ffffc123
ffffa2b0
ffff8c00
ffff9694
ffff9adc
ffffa312
ffffc78f
ffffa639
ffffb004
ffffcd67
ffffb9e0
ffffbd8a
ffffc19f
ffffbe43
fffff41d
ffffe3b7
ffffcdb4
ffffbfa6
ffffae03
ffffb538
ffffb69b
ffffbb9c
ffffd956
ffffe5b9
ffffdd89
ffffd5bb
ffffcb8a
ffffba39
ffffd580
ffffd0a8
ffffe53a
ffffc55d
ffffca53
ffffbdee
ffffc7d2
ffffbeb8
ffffcd15
ffffcf55
ffffd28e
ffffd08e
ffffd44e
ffffcaa6
ffffc4ff
ffffc8e7
ffffcade
ffffc9f6
ffffe1a5
ffffc88a
ffffc0f5
ffffc839
ffffcea3
ffffc872
ffffd364
ffffb002
ffffc4bc
ffffb914
ffffc840
ffffcc94
ffffb664
ffffc44c
ffffbfe6
ffffc80a
fffff469
ffffe12f
ffffecda
0000236f
0000162b
ffffe85b
ffffd894
ffffb545
ffffd144
ffffc49e
ffffc5ba
ffffc14e
ffffc624
ffffca55
ffffd0cb
ffffd557
000017ff
fffff280
ffffe0c1
000031f4
ffffeb82
ffffdc9a
ffffbdb3
ffff7f48
ffffa2cd
ffffe582
ffffe661
ffffdac3
ffffd602
fffff113
ffffe33a
ffffe4a8
00000a14
ffffc9ab
ffffb16b
000016f9
ffffc1f5
ffffb2b7
ffff8555
ffff7208
ffff6695
ffff8584
ffffbbe3
ffffb66f
ffffc24e
ffffd415
ffffbd73
ffffcf2b
00000cd7
ffffd580
ffffaf00
ffffb5f5
ffffb038
ffffd001
ffffa25f
ffffa692
ffff8e48
ffffa02b
ffffa9aa
ffffab21
ffffc696
ffffd08f
ffffd8cd
ffffdabb
000002ab
ffffec71
ffffcf8c
ffffea87
00000ca8
fffff4d3
ffffe952
000003a5
fffffd8c
00000f6a
000006f1
fffff762
fffff2b2
00000a16
ffffed6e
ffffed6e
00000bd3
ffffee04
ffffcd72
ffffe385
00002ea3
0000190e
00003770
00002ff4
00003a77
00001d39
0000197a
00001bd6
00000eaf
000014cb
ffffe4ae
ffffe969
0000006e
ffffe8bf
ffffcf8d
ffffd3a7
00000703
00000e2d
ffffe7eb
fffff073
00002aa9
00001af0
fffffa57
000000cc
fffffeac
00001cf5
fffff49c
ffffdac1
ffffe9ea
ffffcee7
ffffc159
ffffbb72
ffffd585
000012bc
ffffc079
ffffc6c0
ffffe0ec
ffffe2ac
ffffdefa
ffffd7c9
ffffe4ed
000002b3
ffffe66e
ffffcd69
ffffdda3
ffffbbb2
ffffc314
ffffb437
ffffcf53
ffffed27
ffffbe8e
ffffd06e
ffffac84
ffffaff5
ffffce32
ffffc987
ffffe1d1
ffffe922
ffffdfe0
ffffc103
ffffcbe2
ffffa8a4
ffffbea9
ffffd044
ffffeab6
fffff517
00000f6d
fffff0d2
ffffac6f
ffffa3ad
ffffb1a2
ffffcd54
ffffdc36
ffffe625
ffffeadd
ffffbac5
ffffdb30
ffffb0cb
ffffceca
ffffe7cd
ffffec14
000008c7
fffffa21
ffffe10b
ffff9238
ffff89d0
ffffb90e
ffffd698
ffffe80c
ffffbe74
ffffc8b6
ffffb79a
ffffdf8f
ffffc8c6
ffffee7c
fffff427
ffffd6e3
ffffe272
ffffe616
ffffc17d
ffffc78d
ffffc05e
ffffbadf
ffffce25
ffffe9dc
ffffcc5a
ffffdaa3
ffffcf51
ffffee75
ffffee02
ffffde5c
fffff50c
0000082d
fffffe4c
00000fe7
fffff9e1
000004e2
ffffdd4f
0000056f
fffffb0b
ffffbecc
ffffb84e
ffffd4f4
ffffe26d
0000272a
00004012
00003db4
000047c4
00004338
00004ab6
0000546e
00004019
00003090
00002611
000031b0
00002f91
000024c1
0000291f
00003cf5
000031e8
00001296
00000db7
00001576
00001283
fffff08b
ffffdf36
fffffc64
00000756
0000090d
00000806
0000234f
000031b1
00002629
000014ec
0000043f
00000f02
00001894
00000227
ffffef62
ffffe392
ffffc1b4
ffffe85f
00001590
000002c8
fffffef3
0000077e
00001b2d
00002acb
000028b0
00001311
00000dda
000037e3
00001fdb
0000295c
00001552
0000120d
00002251
00005584
00004447
00001c96
00001b21
00003016
000033d9
000039c3
00003a1b
00002f22
00001f3d
0000545f
00000c19
000027fa
00002524
000046a1
0000c1f7
00009072
00003db5
00002b1c
00002678
00003c79
00004061
00003043
00002baa
00003b5d
00003261
000069a1
00001f43
00005cd4
000056d1
0000551e
00009620
00005f10
000034de
000044aa
00001a75
0000200b
000035f5
00004a8c
0000448f
00004844
00004abe
00007a60
00004947
00007a5a
00004529
00001be5
00002b7b
000032f7
00003f7d
00004143
00004f5c
000038b1
00002f66
00005997
00004d62
0000496b
0000510d
00008563
00002f63
0000412d
000003ea
fffff5e7
0000124f
00001511
0000174c
00003b8a
000034bc
0000009d
ffffffcd
00000673
000017db
00002018
000010b4
0000553e
0000220a
0000245f
fffff863
000008d3
0000227d
00004a0f
00002421
00004f34
000059ae
000056d3
00003345
00000abd
000002f6
0000314f
000007d6
00004595
000021f4
00002942
0000089a
00001dde
00000da9
00005f7c
00007482
00006bdb
00006d77
00006777
0000607d
00004aec
0000294b
00003f3f
00001451
00003aaf
00002251
00002263
00001465
000023f7
fffff743
00003d28
00007d85
00007192
00005bf3
000055c5
00005400
00005227
000032d2
00003735
00000d69
00003cf7
000015b0
00001cdb
000010fb
00001cd0
fffffc0d
fffff0ba
00003270
0000648e
000072a6
0000599c
0000331e
000043f7
00002328
0000180a
0000128f
00005299
0000080e
00000fc6
000029e9
00002c19
00000f49
ffffe31b
ffffde03
00001b5b
000073b4
00006356
00002d11
00005216
00003a7d
0000183c
00000676
0000574f
00000650
000006fe
00001ef2
00002ad7
00000851
ffffe5f5
ffffc1d5
fffff407
000027f2
0000186d
00003bc4
00005443
00003daa
000011e1
000019f6
000054e1
fffff51e
fffffa35
fffff6d6
00000697
fffff3c0
fffff94a
ffffe930
ffffe8ef
00001117
00000de2
000026fe
000045bb
00001dea
fffff61c
ffffdf7d
00003479
fffff4e0
fffffc79
fffff060
ffffe74f
ffffe698
ffffe9bb
00001310
0000095c
fffff061
ffffea75
00002f84
00003da5
0000181c
00000abc
fffff45d
00004628
fffff540
fffff55e
ffffdb03
ffffe28d
ffffee9b
ffffe84a
fffff2a2
ffffe982
ffffe82a
fffff834
ffffefd7
fffffabc
00000390
0000125c
00000f54
00003e5f
00001e8a
0000066b
fffffca6
0000252a
000028de
00001141
000010b8
000026f4
00000dec
0000212b
000024e7
00001946
00001eb3
00001037
00000522
0000124f
00002166
ffffce48
ffffd54d
00000acd
00004abf
00004aac
000022e5
00000648
ffffee88
000006e3
00001b5b
00000dc4
ffffff45
ffffed3d
ffffd4c8
ffffe2ac
00000a33
ffffa5f8
ffffd3e5
00002051
00004a0d
00007587
00002e4c
00000560
fffff060
fffff2f1
00001caf
00000eba
fffff8ee
ffffe862
ffffc97a
ffffef23
fffff576
ffff9431
0000176d
00002368
000018e4
00003e5e
00002e97
ffffe24e
ffffedb6
fffffa83
00000c5b
00001a0a
0000095c
fffff5f7
ffffd556
fffffa69
fffffc7f
ffffb15d
0000521f
000059fd
fffffd32
000014df
00002dad
ffffe5a9
00000484
0000192e
00001155
00001e56
00001a2a
000012db
ffffddda
00000b2b
000003e7
ffffab67
00002d4f
0000338a
fffff91c
00000866
00000680
fffff937
0000071f
000025ec
000030c7
00001781
00000e0f
fffffdac
ffffd280
fffff43c
00001a03
ffffd130
fffff332
000011be
00000541
0000009e
00000955
00001ab8
0000259f
000048e5
00004fb2
00002121
00000f89
fffffb72
ffffe0e4
ffffea0f
00001ac1
ffffcf82
ffffd051
fffff9f4
000016fc
00001305
00002be1
00003ffa
0000402d
00004975
00003b00
0000299d
00000bb2
000006e7
ffffea55
ffffe619
00002492
ffffdfe3
ffffb647
ffffed11
00003af3
00000d79
fffffa59
000021b4
00005dc9
00002aba
00002425
0000379f
000021d8
00000986
ffffec13
ffffdf90
0000332c
ffffe75b
ffffad80
ffffc07e
000029ed
00002fbe
ffffe182
000000aa
00001824
00000a79
00000ca7
00001983
00001b5b
0000124c
ffffdf4f
ffffd8cb
00002b0a
ffffdbd0
ffffbbe0
ffff9f49
00000e86
00003f44
00001c1d
ffffe028
ffffd413
fffff10f
00000454
000018a0
000005ef
000013e4
ffffe6d6
ffffe1a9
00002af6
ffffdb29
ffffd9d3
ffffe025
00000a4b
00004a33
00006b8d
0000246c
ffffdf76
fffff57e
fffff69e
fffffde3
ffffe81a
0000144d
fffff443
ffffeaec
00002017
fffff231
fffff96d
ffffd8a9
ffffe825
00002341
00006de5
0000530d
00000057
ffffde24
ffffcb32
fffff37b
000001cb
00001415
0000036d
fffff351
00000b33
fffff6fa
fffffe04
ffffd639
ffffe6bd
000004c5
0000100d
00002eca
00000ed9
fffff5cc
fffff932
000007aa
00000bbc
fffffdfe
fffffdb7
fffffbaf
fffffdce
fffffc5b
fffffc91
fffff437
000000bf
00001d0d
0000055f
000013c7
000007e6
0000127d
00002a25
00001e12
00002d40
000002ee
fffffc79
00000b9b
00000a76
000008dc
00001099
00001339
00001fd8
00001f13
00000915
000004c3
0000234b
00001888
00003629
00001c76
0000166e
0000194c
0000175f
00000653
ffffffa7
fffff5e9
ffffe3fd
fffff112
fffff506
ffffe769
ffffee46
fffff3e9
fffff641
fffff2ed
ffffe8ea
ffffe97e
ffffe3f4
ffffdd58
ffffe006
00000699
00000495
ffffe79b
ffffdd85
ffffd57c
ffffd991
ffffdd3e
ffffe30a
fffff81f
fffff6e9
fffff34e
fffff1a7
fffff786
fffff999
ffffe4aa
ffffe733
00002ee7
ffffeeed
ffffe478
fffffabc
ffffe3ec
ffffeb78
fffff18c
ffffea9f
00000657
ffffeca8
fffffe3e
00001a12
000009d4
ffffff8e
fffffce6
fffff516
0000416c
fffff1f1
ffffd0d8
ffffefb4
ffffef81
0000019d
fffff5c0
fffff32c
0000111d
fffffddf
fffff4ff
000018a0
ffffefc0
fffff4fa
fffff398
ffffe008
00003caf
000014cd
00002b03
00004aa8
000005be
00002229
00002023
00000ee2
00001dcb
00004713
000048cf
000064c7
000048e3
000042a3
00003c0c
000011ea
00005bab
00001322
00002399
00002923
00001d83
00002dfc
0000435b
00001ff8
ffffeb0e
00000bc5
00000c7d
000011f2
00001233
00001cff
00001d60
00000921
00004eab
00000a31
00000652
ffffe7b9
fffff441
fffff550
000006ac
00000dd4
000005e8
fffff26e
ffffe9fe
ffffd994
ffffd95d
ffffe50a
00000106
ffffed63
000041e6
fffffb1b
fffff90b
ffffe206
fffff9f9
fffffbde
fffff764
000014d2
00000135
ffffebc0
fffff158
ffffdb49
ffffcf5c
ffffd181
fffff176
0000017a
00004397
000005eb
fffff66d
ffffec6d
ffffefe6
fffffa1c
ffffe69e
000020fd
00001fa9
000012b4
00000ef9
00000828
fffff836
00000092
00000217
fffff3a0
000038f5
000000ed
fffff295
fffff24d
ffffe8c5
fffffedd
ffffe2e4
000005e5
000011ac
0000053a
00000147
00000828
0000094c
000006ef
0000056c
fffff01f
00002a77
ffffffff
fffff26c
fffff53d
ffffe677
000005d9
000003cb
00000247
ffffff20
000004da
fffffdeb
0000005f
00000d6d
fffff968
00000008
fffff5cc
00002e45
00001272
000003ba
000009cd
0000169c
fffffe97
000005ee
0000003f
fffff74d
00001cdd
000028a0
00000ed5
0000135c
fffffeb9
00000a64
fffff63c
00003529
000019f6
00000a69
00001104
0000158e
00000ca5
00000c7e
000013de
fffffae3
00000a0d
000032a0
000029f5
00003cde
00001be9
000029cb
00000714
00004812
000015b5
00001733
0000178d
0000239c
00002708
00003064
00003088
00001794
0000031f
00002865
00003279
00005566
00004cf5
0000389e
fffffdd0
00003f14
ffffeea4
ffffe33f
ffffdeb3
fffff03a
fffff1db
ffffeb2c
ffffd3d5
ffffddea
fffff4f6
000002b7
00000a32
0000192f
0000292d
00000dd3
fffff024
00003261
fffffd65
fffff5e0
fffffe54
0000130a
00000a89
fffff563
ffffed39
fffffd71
000011f5
00001afe
000021f7
000020aa
00001655
fffffae7
fffffdd0
00003a67
00001169
000007ff
000007c2
00002145
00002edc
00002fbf
00002c0a
00001569
0000131e
00000e69
0000149b
00000fad
00000860
00000662
000006b7
00000beb
ffffe8b6
ffffb934
ffffd83d
ffffef19
00001848
000009dc
fffff9b4
ffffe642
ffffdacb
ffffe4cd
ffffec5d
ffffe459
ffffc879
ffffc0ea
ffffbe07
ffffe30e
00001347
fffff935
ffffeaa1
00000637
fffff2d0
000010ce
0000147c
00000d44
00001c7f
00001ec2
0000234c
000014a9
00000bb0
000002b8
00000a34
000009e8
000024f3
000030d2
00002e8d
fffff918
ffffb99d
fffff389
00001f34
00002579
00002c1e
00001dfb
00001864
000022d7
00001cd3
000026fd
00002fb6
0000277e
00000526
fffff40f
fffffcfb
ffffad7f
ffff77d6
ffffdf42
fffff24f
00000b96
00000ad5
0000099e
00001093
00001d1b
000004ec
00000303
00000225
00001690
ffffe605
ffffcb91
ffffce88
ffffadc7
ffff7aac
ffffd33f
ffffbd91
ffffcf2e
ffffd26d
ffffc8ef
ffffb107
ffffbb49
ffffb7b1
ffffca76
ffffca18
ffffee05
ffffd969
ffffc0ce
ffffbeef
ffffe141
ffffdaf1
ffffecdc
ffffebb0
ffffbb22
ffffc487
ffffd913
ffffc210
ffffb17d
ffffb0ff
ffffb8f5
ffffbb8a
ffffed36
ffffd846
ffffc15f
ffffdc84
00000a63
ffffe6a1
fffffeef
000005f1
ffffdefa
ffffc257
ffffc467
ffffc259
ffffc3a6
ffffd8de
ffffe6a0
ffffb80b
ffffec45
ffffe1d5
ffffc23b
ffffd37f
0000061d
ffffd2cb
ffffd471
fffff0bb
fffff3c5
fffff3de
ffffdb68
ffffd2ce
ffffc4c7
ffffce4c
ffffebd3
ffffcf9b
fffff64b
ffffe373
ffffc773
ffffd263
00001693
fffffb98
ffffc8d2
ffffba71
ffffbc29
ffffe89c
00000203
00000153
ffffee9d
ffffda27
00000226
ffffdd3a
0000036e
fffff755
ffffe71a
fffffddc
000021cb
00002d48
ffffcea2
ffffa3e8
ffffb32e
ffffdede
00001e98
000023c3
00000106
fffff313
000005d1
fffffb8d
000002c1
00000b20
fffffe27
00001935
00000ed0
000025e9
0000202d
ffffeb4a
ffffdc94
ffffdb1b
fffff121
00000c37
0000038b
0000105b
0000320a
00000ed7
000008d1
00000474
fffff99c
0000055b
fffff6bf
ffffef41
00001681
ffffe57c
ffffe8f5
ffffe6a8
ffffd7ad
ffffeffc
fffff90b
ffffffb4
000043b0
00000318
0000051c
00000c7e
000007d6
00000102
ffffedc1
ffffeb25
ffffe860
ffffd351
fffff9c8
ffffeaa1
ffffe70b
fffff36f
fffffef8
ffffd3cb
0000175c
ffffe79e
ffffffa4
fffff910
ffffe4c4
ffffd2b6
ffffd558
ffffd564
ffffc571
ffffb05b
ffffbc52
ffffc651
ffffd020
ffffd3b2
ffffd3a3
ffffa7e4
ffffd1c9
ffffabdf
ffffe8ff
fffff0ee
ffffd85c
ffffcbbc
ffffccdc
ffffd185
ffffe6ca
ffffd9bb
ffffd80e
ffffd300
ffffcbd9
ffffd50c
ffffd1d1
ffffdb7e
fffff010
ffffd812
ffffec91
00002127
ffffe1ac
ffffe66a
ffffd6fa
ffffcd51
ffffd626
ffffeec5
000002ac
fffffbb0
fffffae2
fffff5bb
fffffcd0
fffffb30
fffffeb2
0000054e
00000e94
000048f1
fffff7d1
000010af
ffffe8c9
ffffaf49
ffffbec9
ffffdf00
00001613
000019c4
000020ec
000027c2
000011e1
00000ed4
0000176b
000032c2
00002d09
0000317e
ffffefb6
fffffde5
fffffb8c
ffffecba
ffffe1a5
ffffd0d6
ffffe7b7
ffffe363
fffffae8
fffffbbe
ffffec70
ffffee64
fffffa56
0000121e
00001814
00003241
ffffe778
000004b5
000016bd
00002da3
0000031d
ffffdfda
fffff7d1
00000c8c
000012c9
000011a3
fffffffe
ffffec4f
fffff2e0
fffffc8b
00000f63
000050df
00001028
00003e50
000038d4
00003584
000030e4
0000022d
fffffaf5
00002e29
00002a9b
00004d9f
000045e3
000036f0
00002d09
000036bf
00002da0
000066d2
0000456b
000062f2
00006379
000017a2
00000c40
ffffdda3
fffff999
0000095b
00001e39
00003368
00004846
000049b6
000046db
00003e6b
00004b05
00004b6a
000019dc
00002af2
00002a25
fffffd8e
ffffe560
ffffe9fc
00001511
00000bbe
ffffec96
ffffe24c
fffff570
fffff405
00000efa
000016da
00004269
00004903
0000093d
000017af
ffffff0f
fffffb08
fffffdd3
0000121d
00000a13
000001b7
00001b6c
0000141c
000001a9
00000426
fffffdca
00001693
00004131
00004a51
00000afe
00001afd
0000055c
00001da6
00002d9c
00002370
000027d9
00002229
00002f1c
000027a6
000030a8
000042ba
00003a52
00002ee6
00003c42
000045a7
000000c3
000011e9
fffff52c
fffff729
000001c1
00000d48
0000232e
0000027f
00000149
000002f4
00001aad
00004a65
000049cb
0000387a
00002e0b
0000423f
fffff4c6
00000866
fffff0c8
fffff33c
ffffe777
ffffe61b
fffff370
fffff7ed
0000018d
fffff2ad
000001a5
00001e1a
00002eec
00000bd3
0000117c
0000412c
fffff03c
00000bbf
00000fc1
00000c42
000016c9
0000069d
fffff399
00002a5a
00003c7d
000017ca
fffff52e
fffffa7b
00000604
00000df4
00000dae
0000337b
ffffe615
ffffeaea
00000bc3
00000fe6
00001e2d
0000393c
00000165
000010fb
0000228d
0000262b
0000232d
fffffb83
00000756
00000fb6
000020ff
000031cc
fffff13f
000005c2
00002575
00002aeb
00002565
000032be
000027a7
000005df
00003907
00003b56
00004ca6
00004bd6
00002ee1
0000215a
00002024
000048f9
000012e2
00001e90
0000299b
00001f92
00000e94
00000112
000011fc
00001298
0000349b
00003664
0000256d
00001c56
00000c81
000008de
000025e2
00003f2b
000030b1
00003a43
00002b42
00003726
00002a70
00001f8c
00002339
0000347e
00002cd9
00002bb1
00003565
0000260c
00002a5e
00003938
00002906
000056c8
000025a9
00002549
000044c9
00002bf8
00002751
000033db
00002f5e
0000370d
00002afc
00003e26
00002e81
00002873
0000346e
000047f1
000013f8
00002ff0
ffffdc67
00001037
00006b7f
000035a2
000013d4
00000924
ffffe584
ffffeb80
fffff99d
00000227
ffffee2a
ffffe814
ffffd8cc
fffff585
ffffec7f
00003253
ffffe9db
000027f2
00009863
000060ce
00005886
00004921
fffff4b8
ffffde46
0000077c
000004c1
0000045b
00000434
ffffe8fb
fffff8bd
fffff61e
000040e5
fffffd3f
00005131
00007324
000052db
00004e12
00007101
00003c44
fffff1fc
0000076e
0000258d
000000dd
00001801
00000e82
00000968
00001099
0000477a
fffff375
000046ee
00005530
00008260
000062cf
000078ec
00007a2b
00000b30
000012fc
00004a4f
000021e2
000025dd
00002688
00001f38
00003469
000048b0
ffffe4b0
ffffdf0c
00002af5
00009b8b
00008a8c
0000640a
00006f0a
00003097
000003ff
000011d5
000006fc
fffffb88
ffffeba9
ffffe065
0000036d
0000493d
fffff5fb
ffffd6b9
fffffa77
0000425b
000034bb
00002a4a
00004b3b
000060dd
000048a7
00003bad
00003673
00001b36
00000673
ffffdd3a
fffff84c
0000395d
fffff2a1
ffffd8f3
ffffe919
00000897
000029b4
00001adf
00001a5a
0000431d
00004d47
00003f0c
0000424c
00004aa1
00003e88
fffff5b8
fffff7b1
00002e03
ffffef37
ffffe057
ffffd763
00001a00
00004f4d
00003a83
00000b16
000015ed
00001187
000014d4
00000e4c
00001bd2
00001bfb
ffffeff3
fffff30d
000023b0
ffffea6b
ffffe741
ffffd98c
0000176d
000048df
00006d51
00004e9c
00000a35
fffff5ea
00000e14
000003d3
fffffddf
fffffd92
ffffe243
ffffee10
0000305c
ffffe5a4
ffffe998
ffffcc75
ffffd846
00000b48
00006f14
00008f29
00003857
000001cb
ffffff97
0000158e
00000dae
00000d91
fffff63c
fffff38e
0000385d
ffffeb3c
fffffdfb
ffffedf4
ffffd60c
000008fa
000046d9
00008421
000067eb
000024d3
00000827
00002267
000028b1
00002006
fffff371
ffffec61
00003df8
fffff7a7
fffffc17
fffff8d8
ffffcd7f
fffff0cf
00001e03
000035be
00003e01
00000796
00000179
00003e51
0000482f
000033cd
fffff5bf
fffff635
00003e6c
fffff9c4
ffffe514
fffffaa9
00000223
fffff0d9
fffff1bd
0000118e
00003f37
000019c9
fffffe51
00003447
00006287
0000454d
000017e4
fffff67c
000053af
00000725
00001245
000035c6
000014d6
0000066b
0000017e
00000d2e
000025fc
0000325e
00002a14
00002a11
00005023
00003e1b
00002961
00001822
00002212
fffff302
fffffa54
0000109a
0000046d
fffff4d4
000007a9
00000e65
000007d4
00000f51
00001933
0000182a
00000a84
000011cc
00000942
00000c6f
00002e1e
00002940
00000b9e
00003416
00004fd2
0000344d
0000237c
00000f02
000022c5
00000620
00001a9e
00002840
00001f80
00002048
000032ba
0000355b
00000be7
ffffe3b6
ffffce78
00003811
00004f24
00002cb6
0000135d
ffffdcfd
ffffccc0
ffffd8ca
ffffe532
ffffe29a
ffffcfc6
ffffc72e
ffffd128
fffff6ca
fffffea6
ffffe1e7
fffffc8b
000062e7
00004e87
0000599c
000037f2
00000190
ffffdab7
fffff817
000002a1
ffffe2b6
ffffe572
ffffd7d7
ffffd618
ffffff9f
00000ab4
ffffe25d
ffffef8b
0000270c
000048f0
00006cdd
000040d4
00001ce1
ffffe248
ffffde47
00001021
fffff27b
ffffe35c
ffffe12b
ffffe0ea
000017ad
00000d2e
ffffe738
ffffe096
ffffd513
000005b6
00003fd5
00002f85
0000387d
00002f2a
000011e3
0000138f
fffffe72
fffff82e
fffff5ad
ffffe0c3
00001347
fffff4da
ffffac24
ffffb401
ffffd35a
ffffcb7f
ffffeb18
fffffb97
ffffeab7
00000027
fffff51d
ffffeb77
ffffcab8
ffffcf82
ffffce84
ffff9fdd
fffff240
00000f03
ffffb01d
ffff94d1
ffffd11c
ffffe184
000006ea
fffffaa2
ffffe7de
00001b45
000010e5
00000162
ffffec33
fffff0b7
fffff264
ffffcb7c
fffff711
000009e1
ffffe853
ffffbc49
ffffe17e
ffffe95f
000016cd
fffffbe6
ffffef55
000011b7
0000255b
0000353b
00001712
00002f9e
000031c1
fffffa9f
fffffe28
00000041
ffffe980
ffffd75e
ffffe474
ffffeb69
fffffeb8
00001b11
fffffca5
ffffebec
ffffece2
fffff497
ffffeebe
ffffec97
00000d51
ffffe5d8
0000024b
fffff337
ffffdf73
ffffccd9
ffffc8db
ffffc0ea
fffff1bd
00000374
0000306f
00000544
fffff083
fffff75d
ffffdc7d
ffffdc02
fffff5b7
ffffd514
0000019e
fffff859
ffffde8c
ffffc9c3
ffffe53a
ffffb2ea
ffffd303
ffffd191
fffff669
00000f87
000013b9
0000039b
fffff4d7
ffffedab
fffffd95
ffffe0d6
fffffc78
00000407
ffffe47e
ffffc955
ffffe39b
ffffe1e9
ffffd288
ffffeed6
fffffeaa
00000eb9
000014ff
ffffe151
fffffef1
00000e24
00000642
fffff2a8
00000a15
00000fbd
ffffe9bd
ffffd0a4
ffffc961
ffffe6a3
ffffedd3
0000019b
00000d03
000005d6
fffffe9b
ffffd3a7
fffff894
fffffc82
000020c8
00000003
00000c3e
00001d42
0000016d
fffffa1f
ffffff4b
fffff5cb
fffff53d
fffffd14
00000a59
00000df2
ffffe8fb
ffffe1c2
ffffe99f
fffffce1
000012f6
000010ab
000029b6
000019aa
00002a62
000006ce
00000d4a
00001701
fffff33f
ffffe1ad
00000880
000019d3
00000139
fffff27d
ffffeafa
fffffb35
0000150f
fffffd37
00002978
fffffb2f
fffff59c
ffffef72
fffff956
fffff799
fffff2a0
ffffe6b3
ffffe3d1
fffffb79
00000550
fffff4e8
ffffe963
ffffdf4d
fffff2c5
ffffdc98
000016f4
ffffe7c2
000009ba
000031d3
00004ae8
0000317c
00001b47
0000024d
fffff4d9
fffffab3
00000ab7
fffffb87
fffff40a
ffffef4e
ffffead2
fffff77a
0000091f
ffffd3e1
0000156f
000038c2
00004060
00000656
000019cc
00000226
ffffe5eb
fffff535
fffff301
ffffca80
ffffced7
ffffd6ff
ffffd166
ffffdbbc
00001d7a
000029a7
000060b8
000052c5
000016d6
fffff3e9
00003e1f
0000560e
00004342
00004bab
000037b1
0000261e
00003bfa
00002af5
00001b43
00001b4b
00003449
00000e40
0000320a
00003a30
00002519
00000608
00004658
00005868
00005810
00004f30
0000377a
00002179
00002316
00001ec4
00001ec4
0000159c
00002af9
ffffcf0e
fffff189
00002b84
00001018
fffffd95
000003ea
00002377
00003c46
000022a9
00001091
0000011e
00000005
ffffe6cd
fffff3d8
ffffe0e4
00001c99
ffffce7e
ffffc126
000007bc
ffffec49
ffffd85e
0000314d
00002597
00001874
00003342
00002578
fffffbe5
000009b4
fffffab6
ffffdb35
ffffcc5a
00000bfd
ffffe41f
ffffc3dd
0000032c
ffffefe0
ffffdfe2
00001d90
fffff398
000038b0
00003186
0000254c
00001be2
00002b5d
00001644
ffffebcd
ffffce7b
000011a6
fffff7e5
ffffecfa
00000750
00000e54
00000cf2
000034fa
00002914
00002669
00000955
0000084f
000013d1
000024ce
00002974
00000eb4
ffffd7b1
0000241e
fffffd45
ffffed19
ffffff0b
00001f4c
00000401
000028fc
000017be
00001037
fffffda8
ffffe4bf
ffffd265
ffffee57
00000ee4
00003313
fffffd84
0000300a
000004ce
ffffefc3
ffffee4b
00000f75
0000233b
fffff3c5
00000c7f
00002f9f
00002835
000012f8
ffffea33
ffffdd46
fffffd6a
000033a9
00000f49
00002f14
00001286
fffff62b
ffffe6ae
ffffeb59
000037c8
00001cde
fffffe05
00001c97
0000151c
000025c1
0000151b
fffffd0c
00000296
000033e3
00000c72
00002f9b
000000fe
ffffea1d
ffffdb10
ffffcd12
fffffcb6
000027b2
fffff539
ffffdec1
ffffbfb0
00000a40
00001f01
000023e5
0000291c
00004005
00000480
00002bc3
fffffb07
0000084d
00000bb5
0000041f
ffffe978
ffffdc8e
ffffe3fe
ffffde40
ffffddb4
00000535
00002f9d
00001b24
00000e07
00003549
00001b09
00002bf7
00000bca
00000f59
000014e8
000017d5
00000c01
00001b25
00000dc5
000019e1
0000274b
00001559
00000991
ffffeb72
fffffcdb
00003196
00002168
0000321e
00002db5
000048b2
00004475
00002dfb
0000398b
00004439
00003401
00004f67
00003a5c
000019f3
00001435
00000903
000000a4
00000910
0000285a
00003355
0000157b
00003884
00003523
00002570
000036ce
0000375e
0000296c
00003da9
00003c12
00003d8c
000016f6
0000110e
00000cd2
00001ae5
00001243
00001621
00001fd9
000023bb
00002252
00003e1f
000030d7
000024d3
00002de0
000036e6
00003546
000029ab
0000386f
00003fa7
0000330f
00002d54
000029ca
00001ba1
0000034d
ffffefff
000012f9
0000203b
00001d31
00002f38
00001e4c
00000d38
000009da
00000ce0
00001868
00001721
000016e9
00000339
fffffdef
00002033
00001cdd
0000201f
000039c4
00003344
000032f0
00006131
000054fb
0000373e
00003f12
00003f2a
0000470e
000046fd
000039f8
00002a53
000020a5
00004c1f
000024c7
000055cb
0000553d
00002d88
0000157a
000052f1
00005e5f
0000585a
00006f69
00006bf0
00006a1c
000055fe
000058c6
00005204
00003c76
0000554c
00001e7d
00003f2e
000042b3
0000260e
00000b4d
00003ec3
000047ab
00002a59
000031b9
000035bc
000033c4
0000357a
00002e14
00002f69
000026d6
00004295
00001d17
000022a9
00000d71
00002dd8
000038ec
00004b6a
00003d15
00005cf5
00005f25
00004833
00001d97
00002397
00001c30
00001b22
0000123d
0000283e
fffffcc8
00001cc2
00003d99
000039c6
00001e9f
00003358
0000248a
00004a20
00005aa4
00007019
00004d9e
0000407a
00002de8
000020eb
000002ff
00002428
fffff28f
fffffd11
0000264a
00001917
fffffdf6
000014f8
00001854
000039b8
000058f7
00005913
000033ac
000040a3
00004600
0000294a
000008bf
00002aa1
fffffc1b
ffffff88
0000279d
00002a10
00000776
00001248
00001971
000058ff
000046dc
00002bed
000024c8
00002c37
00004475
0000382f
00001330
00003574
0000010b
00000d56
000037a1
00003f10
00003404
000030ef
00004520
00004fcf
0000553e
00004394
000029fb
000022ce
000037b7
00002b55
00000860
000035a6
000007e0
00001469
000035f9
00002625
00002daf
0000213d
000035c0
000036b1
00004c79
00005c5e
00003a5e
0000328f
00003a7f
0000322e
00001c01
000041e6
000019b4
000014b0
00003aeb
000014d1
000007c3
00003ddb
0000607e
00003d37
00002b9d
0000349d
000040b2
00005754
000066df
0000497c
00001855
00003542
000016af
00000fc1
00003317
00003b76
00002a85
0000137f
00001bb9
00002c5e
00002497
00001b98
000026f7
00005c74
00006949
0000634a
000018ae
0000313c
000006c6
00001020
00002f4f
000023e2
00001daf
000003fa
ffffea04
00001581
00001ada
000032a9
00001040
0000129e
00001185
00003847
00001aa8
000029fd
ffffff56
000002ea
0000029f
00000613
00001688
000036a7
000026d7
00001994
0000285f
00002c69
00000ff4
000001fc
fffffbc0
00001b38
fffffbae
0000118d
00002e16
00003a23
00003e8c
000045bb
0000418f
00004597
00004a96
0000628a
00005fbb
000048d4
00003e31
00002559
00002f18
00004491
000025ba
00002a9a
00001f75
ffffef9e
00000743
0000051c
00000ca0
00001ba5
00000d02
0000005b
fffffb06
00000712
fffffbfb
00000c46
00000120
fffffcd6
fffff025
000012dc
00001126
ffffe678
00000084
ffffef66
ffffed93
ffffff5c
fffff468
fffffcd8
ffffe4e8
ffffe071
ffffd9cd
ffffec3c
ffffdf98
ffffdf9b
ffffceab
00000e2a
00002500
000016d0
00001f4b
00001ff8
00002ed1
00003642
00001217
00000702
000009f3
000025c2
00000e21
00000dc9
00000e23
0000022b
fffff160
0000184c
000025cf
0000186e
00002c3e
0000045b
00005d6b
00007e7b
00001637
00000072
00001120
0000055f
00000739
000010e5
fffffd41
00000c61
ffffe5b0
00001215
0000364c
00002fa8
00001814
ffffa9a0
00000731
00003916
000021dc
fffff8f6
00001adf
000006c6
0000031f
00001e35
000025e8
000024db
fffffbba
000021a4
000027de
00001d7d
00003d1f
ffffeb6d
fffffa2c
fffff282
00000944
0000306a
000026f0
0000158e
fffffa45
00002772
000018c5
00001754
fffffb17
000019bf
0000276a
fffffd5b
00002a5d
00002d07
fffffce5
fffff1dc
ffffe46c
0000356d
00005b3f
0000370d
00002fc5
00003d29
00001c82
00000079
ffffd703
00000d91
0000271d
fffff5c0
fffffd26
000018ac
000003b6
ffffef94
00000644
00003f3c
000069a5
00003533
00004af5
00005d82
000052eb
00002a2c
ffffdaf7
0000050c
00002885
00000336
fffff678
00000622
000001d7
00001340
000007d3
0000416d
0000361e
000039fe
00003562
00003d67
000055fb
00003182
fffff024
00000ae5
00002a01
00000e80
000019f2
00000b2e
000009d1
00001611
fffff5f9
0000218b
00004669
000032b6
000026ba
00001a86
00001fe8
00002d4f
00000376
00001ce9
000038af
00000ef5
000015d8
fffffd11
fffffce7
000012a9
00000de7
000006c5
00002251
000043b2
0000369e
000019b9
00001399
00001936
0000049d
00001a61
00002a84
ffffeed2
fffff4db
fffff976
ffffe692
00000d2d
000017a6
00000280
fffff9be
00002663
00000d3e
00000b9d
0000152c
0000197a
ffffe65d
00000d63
00001933
ffffdaa8
ffffe7ab
ffffdb74
ffffe94c
ffffe6aa
ffffee5c
fffffb19
fffff9b7
000001a3
ffffec31
ffffd77b
000002c9
000018a0
ffffe572
00001509
00001328
ffffc93f
ffffc72c
ffffebbe
ffffeb5f
ffffe371
ffffee3e
fffffc05
fffff41a
fffff2e2
fffffa88
fffff0c5
ffffe277
fffff63a
ffffe12d
000008b9
000032ee
00000792
fffff217
fffff428
ffffefec
ffffee99
000002fb
fffff7cc
fffff1c5
ffffed30
ffffea27
fffff11b
ffffc974
ffffe280
ffffda63
000003a4
00004362
00005ef1
000058a2
000042d0
00004969
00005fbe
00005d9f
0000490d
000047a3
0000351a
00001bf5
00002a16
00002274
00003dc4
000029ae
000039c0
000030a2
000007f5
ffffef24
00000098
0000132a
0000106d
00001014
000013ab
00000c84
00000e69
00001918
00001f98
00001c90
00000c89
00000fa4
000003c2
0000265f
ffffdd0d
ffffc1cf
ffffd146
fffff5b9
fffffc1d
00001028
ffffe997
ffffe426
fffff469
000007fc
00000857
fffff8e6
ffffe5b5
ffffe496
fffff9fb
00002d67
ffffe199
00000095
0000190b
000025c1
000060d1
00005a76
00000082
fffffc42
000004f4
00001c73
00001934
0000101e
fffff7da
fffff93e
00000d5d
000021ea
ffffddd7
00003cb3
000076a4
00006e9d
000096be
00006f50
00000916
0000057f
00000d15
00004a62
00002d3f
00001f9b
00000fbd
00000af1
00001844
00002115
fffff023
00003550
000049f3
000064ce
00007efe
00004fab
00002185
00001a11
00000997
00003322
00001f76
000018c6
00001c80
00000157
00000d69
000028d7
000015af
000036fe
00003444
000062c5
00006f8c
00006684
00002430
00002126
fffffbd9
000012cf
0000081e
00000fee
00001229
000000af
00001c34
0000316c
00000f11
00002b17
00003120
00005eea
00006766
00006881
0000471f
00005c70
00005c20
0000604d
00005262
000026d6
00001111
0000032d
0000096b
00002ee2
00001d2d
00001ad2
0000262a
00005951
00005954
00004ed8
00007050
00007feb
00008207
000081e6
00008078
0000655c
00004a97
00000f7b
000009e4
00002da2
000011d4
00001220
0000262a
000049d1
000051a1
0000654a
00007ef8
0000932b
00006cf6
00006c03
0000818a
0000740e
00006a87
00003215
000007a7
00001cc1
00000263
00000473
0000187d
00004660
000047c4
00006093
0000624f
00005478
00004b5e
00004ef0
00004e8b
000061cb
000064d0
0000257f
000003fa
00001cfc
ffffffc5
00000748
00000ba9
000027ef
000051b6
00005652
000063c7
00004efe
00004b48
00004b8e
00004ba1
0000576e
00005134
00002aeb
00000109
00002310
00000612
0000029f
fffff176
fffffa84
00001f0e
00005983
00006a82
00004458
00003717
00002879
0000459c
00005899
00005363
00002887
fffffd52
00001a28
0000002c
ffffeff2
ffffeb9f
ffffe7e7
000021f5
0000337a
00001ebe
000003c1
000005ec
ffffeb63
000025da
00004ee0
000048e7
00002e01
fffff485
00001452
ffffef9e
ffffdeba
fffff461
fffff502
0000108d
0000044b
fffff98e
00000285
ffffe55d
ffffd806
0000124f
00002e78
00002aeb
000007ce
fffff7c2
00001cec
00000bc0
fffff290
fffffdaa
00000821
000004a0
0000004b
000006a8
fffffa4e
ffffef93
fffffbb9
00000351
000016af
fffffc00
fffffd84
fffffa6d
00002229
00002b53
00002ab6
0000257f
00002e20
0000377f
00003486
00002c6b
00002c76
00003872
00002d2f
000027fd
000027ed
0000398e
00002bb0
00002276
00000fb6
00001a1d
fffffe8b
fffffd61
0000120f
00000fcb
00000a5a
00000deb
00000c8a
0000043d
0000106f
fffff8b2
0000064a
00000557
00000d7b
00000954
00000364
fffffa71
ffffd666
ffffe6b1
000001b2
000004ad
fffffbcb
ffffe97d
ffffed78
ffffebf4
fffff909
ffffdff1
ffffec26
ffffed9e
ffffeed8
fffffd63
0000280c
ffffeb03
ffff9cd0
ffffc8db
ffffdf5d
000020c5
00001bff
ffffeea1
ffffe69e
fffff11a
fffffb0b
ffffe7e6
ffffdec8
ffffe3ba
ffffe533
ffffe5d7
000016a4
ffffd7d6
ffff9960
ffffa219
ffff9e3d
00001514
000037d4
0000085b
fffff216
fffff38c
ffffe3cc
fffff336
fffff0cd
fffff3e8
fffff0c3
ffffe6e0
000005ee
ffffd6ad
ffffcd2a
ffffef13
ffffbe8e
ffffd826
00000929
000026da
000003cb
ffffeacd
ffffeab5
0000014e
fffffad3
fffff325
ffffd905
ffffff87
fffffe23
ffffb73a
ffffdf5c
0000010e
ffffc245
ffffdb39
ffffc534
fffff9e4
ffffeace
ffffe29a
ffffe5ab
ffffcb37
ffffe240
ffffeb52
ffffc824
0000015c
000004ef
ffffd9fb
ffffda1f
ffffeccd
ffffcf46
ffffdb2e
ffffe423
ffffd1df
ffffc2a2
ffffdb67
ffffe36c
ffffcce7
ffffcb97
ffffdab8
ffffd53f
fffff871
0000122e
fffff854
ffffeb5c
ffffdea3
ffffcd2e
000015f6
00001b16
ffffe65d
ffffbce5
ffffd2d4
fffffdaf
fffff3f1
ffffce98
ffffef36
ffffe740
fffffbfb
000011d5
fffff167
fffff6e7
ffffd8fe
ffffb4c4
fffff718
0000128e
ffffe5c9
ffffde8d
ffffe524
ffffe82a
fffffb6a
ffffef1f
000005ca
ffffeeb0
fffffab5
00000f8a
ffffe585
fffff05c
ffffd686
ffffc2e5
ffffe14c
ffffe36a
ffffef0e
ffffdadf
ffffc804
ffffdd49
ffffe0bc
ffffffb1
fffff39f
ffffe4d4
fffff8ee
00001ce3
fffff89e
fffff5cd
ffffeffd
fffff949
ffffe5ad
ffffeafa
ffffe914
ffffe11e
ffffe744
ffffecd5
ffffe50e
fffff305
fffff38a
ffffe9f8
ffffe4c8
00001a85
ffffea73
ffffdc95
ffffde4a
fffff151
000009e1
00000921
ffffe3cf
ffffe364
fffff56e
fffffc61
ffffeea2
ffffdf98
ffffe46c
fffff0f8
ffffe88a
00000462
ffffe224
ffffe3b9
ffffde67
ffffe4e5
00001a8d
0000193e
ffffe973
ffffe14f
ffffe3ec
00000336
00000252
ffffed34
ffffd4e7
ffffdb0e
fffffd98
ffffed25
ffffdddb
ffffd2a7
ffffe50e
ffffe5a9
fffff474
fffff673
ffffe09c
ffffdaf8
ffffe03b
fffff27d
fffff00d
fffffc9d
fffff33a
ffffd9ee
0000056a
ffffe250
ffffdd50
ffffc979
ffffed5b
fffff46a
ffffe8cc
ffffde67
ffffe064
ffffcf3f
ffffeb36
fffffceb
fffff1fb
fffff48e
00000188
fffff952
00001f50
ffffea74
ffffd9a5
ffffd247
ffffe0d1
ffffe4f1
ffffee08
fffff349
ffffe204
ffffe0e6
ffffd8f1
ffffe46e
ffffea34
fffff467
ffffec3c
ffffdf47
000018e8
0000200f
00000b38
000018f4
00005841
000044c7
00000ebc
0000064c
00000c81
00000ebd
00000551
00000f13
00000597
000008dd
00000521
00000441
00000099
00000c7d
0000021f
00001d59
00005ce7
00003370
000038a0
000020bd
ffffffbb
fffffc77
ffffebed
0000009d
ffffffdb
00000155
ffffefe6
ffffe2fd
fffffd5c
00001d15
000012bc
00003fa0
00003e9c
00003318
0000919f
00005869
00000d70
fffffde4
000008c0
00001094
00001073
fffff9d0
fffffe29
ffffe149
0000064d
00000fcc
0000188f
00005356
0000351d
0000251b
00009bb7
00005e0f
00002c22
00001f90
00002985
00002dea
000019b1
0000129d
0000270d
fffff86c
0000197e
00001042
00001a21
0000522c
00004ca9
0000107e
00004174
00003425
0000375e
0000184d
0000190b
00001d67
00002154
00000974
0000177c
ffffeb5e
0000216d
00001783
ffffff93
000020f5
00002a87
000028cf
0000198f
ffffdd85
fffff8d7
00004316
00005c85
0000542b
000036bd
00003329
000031b6
fffffb4b
00002f45
000004fa
fffff5de
000002e2
000022c3
000010bf
ffffc0e1
ffffab85
ffffb202
ffffeaf3
000009b6
0000278a
00001b29
00003b1d
00003066
fffff158
0000234b
000004a3
fffff8b6
00001030
00000161
ffffd6d2
ffffc7c7
ffffce7a
ffffa040
ffffac0a
ffffdb5d
ffffe991
ffffea52
00001963
00002bf2
000008f7
000022c3
ffffffa1
ffffeb62
fffffeea
00000531
ffffef16
ffffd44f
ffffd670
000001f3
ffffefe3
ffffe3de
ffffda4e
ffffd740
fffffba5
00001d40
00000b13
00002454
0000062a
ffffe4f7
ffffffcb
000015b9
00000c9a
fffff648
00000270
00003880
0000177d
00000906
fffffa4b
ffffffa0
000015b1
00002001
ffffee8d
00000b30
000010d1
ffffebfb
ffffdf5c
00000d20
00001a5f
000006ac
000003e7
fffffa14
00002cd2
00003df7
0000287c
000009f8
00000c7d
000023e8
ffffd5a7
fffff3ee
00000a03
ffffddc4
ffffdc1f
ffffeb5b
00000d7d
00000d6c
fffff270
ffffeeb5
0000094d
00003fc8
00003a50
00001f46
0000259c
00001c8f
ffffcd54
fffff48f
00001105
00000106
000005fd
00000822
00002049
00001fcf
00001988
00001276
00002a19
000019de
000021f3
00003fff
00005840
00004c8c
fffffe44
00000474
00001851
0000138e
0000231d
0000320c
0000331a
0000265d
000033f3
00001e84
00002871
000023ec
00004665
00005ca0
00005613
000054be
000017e1
00001e70
00002e55
00003301
00004783
00005f98
000067b3
000068a9
00005791
000017f2
00001f7d
000039dd
00005833
00004464
000060da
00003f92
000025ab
00002fb4
fffffae1
000003c7
00000be9
00001ab8
000018d4
00000515
00001028
fffff91e
fffffdd7
ffffffa3
0000199b
ffffffb6
000014f6
0000092f
fffffca1
0000184a
ffffe4b9
ffffdae7
ffffedef
fffff221
fffff0ef
ffffefed
ffffd27d
ffffd616
ffffd833
ffffdd43
ffffd6cb
ffffd442
ffffddf2
ffffdfb7
ffffcbad
ffffbf7e
ffffd2b4
ffffa5bc
ffffc21b
ffffccb3
ffffc55b
ffffc01b
ffffbd36
ffffb426
ffffcb77
ffffba20
ffffab1f
ffffc213
ffffc8f3
ffffc512
ffffb1be
ffffa6e9
ffffe9f5
ffffbc51
ffffcab2
ffff99e2
ffff7a6c
ffff9954
ffffbd8e
ffffca0d
ffffea4c
ffffdc93
ffffce6a
ffffe122
fffff460
ffffee09
ffffe560
ffffd4e0
ffffd0fe
ffffb56f
ffffb337
ffff8622
ffff62a6
ffff728d
ffff9442
ffffb1d3
ffffb57c
ffffbf32
ffffb569
ffffd0ef
ffffdda8
ffffd7bc
ffffe4d7
ffffe28f
ffffab03
ffff7cf1
ffff7e17
ffff6a9e
ffff83e5
ffff9eab
ffffa10f
ffffaf2c
ffff985d
ffffaabf
ffffa7df
ffffa8c3
ffffb4bc
ffffb966
ffffbb8f
ffffd368
ffffb1ad
ffff7428
ffff7d62
ffff60cb
ffff7535
ffff9294
ffff9e43
ffff6da2
ffff46cc
ffff7891
ffffab94
ffff9f36
ffffa821
ffffa7ba
ffffa66e
ffffc3e0
ffffddaa
ffffa9bf
ffffba81
ffff9951
ffff9804
ffff7d67
ffff8c05
ffff685d
ffff607f
ffff8949
ffffa47d
ffffa981
ffffb92d
ffffb4e6
ffffceae
ffffe065
ffffd201
ffffa478
ffffb550
ffff925f
ffff9f6d
ffff9cf7
ffff92f0
ffffa56c
ffff9e9f
ffffa12b
ffffa5e8
ffffa2e2
ffffa0b7
ffff8b36
ffff9e95
ffffc799
ffffd78e
ffffac28
ffffafa5
ffff8c2f
ffff91e4
ffffa112
ffffa051
ffffa35c
ffffb2e1
ffffbac2
ffffc188
ffffba94
ffffa57d
ffff63b6
ffff7e6b
ffffba9a
ffffe0f7
ffffb4b7
ffffbc29
ffff916e
ffffa3ec
ffff99db
ffff9222
ffff9dcc
ffffb09a
ffffc293
ffffca81
ffffc762
ffffb662
ffff930d
ffff96bb
ffffc140
ffffe16e
ffffbc47
ffffc977
ffffb373
ffff9a40
ffffa5be
ffffb53d
ffff9eca
ffff9535
ffffb48e
ffffd7db
ffffcb43
ffffc26f
ffffa819
ffffb75c
ffffcf6f
ffffeee5
ffffda13
ffffe5a4
ffffc58a
ffffb44d
ffffae9d
ffffc435
ffffab35
ffff80f4
ffff9621
ffffbe13
ffffd39a
ffffd1e1
ffffb77e
ffffbd6f
ffffda0c
fffff0ef
ffffd683
fffff6c3
ffffd663
ffffbe51
ffffaefb
ffff91ae
ffff8901
ffff9421
ffffa3e1
ffffc340
ffffc16b
ffffc4ef
ffffb9cc
ffffb64b
ffffecff
ffffce9d
ffffb08f
ffffdb21
ffffd4e5
ffffc181
ffff9773
ffff7d30
ffff805a
ffff7b5e
ffffb1d7
ffffc2d7
ffff9be4
ffff7d73
ffff8e6b
ffff9ced
ffffdada
ffffb76a
ffff8c9f
ffffb50a
ffffa93a
ffffa1f7
ffff994d
ffff8b7f
ffffa607
ffffa3b3
ffffb7a1
ffffaa7e
ffffa1b0
ffff7eaf
ffff8a1e
ffff8d37
ffffc1fc
ffffd50a
ffffa494
ffffbaa4
ffffbd80
ffffb643
ffffbe5c
ffffc043
ffffca56
ffffcf1e
ffffc8cf
ffffc14e
ffffc166
ffffbb0f
ffffcc0c
ffffc4b7
ffffe051
ffffe5c8
ffffb56b
ffffc836
ffffe77b
ffffcf4a
ffffbaf6
ffffbefd
ffffb77f
ffffc3e3
ffffb82c
ffffcaab
ffffb92e
ffffb1d4
ffffaa27
ffffbb52
ffffdd82
fffff5c3
ffffa632
ffffde2c
ffffe5d7
ffffb6a4
ffffa864
ffffbfe0
ffffaaf0
ffffb6c1
ffffaf8d
ffffb9cb
ffff9d9f
ffffa298
ffff9087
ffff9ede
fffff259
fffffaa0
ffffb645
ffffe2d3
000002cb
fffffba1
ffffc677
ffffc545
ffffb0dd
ffffaa4e
ffffbd31
ffffad18
ffffaa46
ffffbd08
ffffa19b
ffffa533
00000825
fffffb2c
ffffa74b
ffffbe79
ffffdb66
ffffe2ac
ffffb18e
ffffc241
ffffade8
ffffa691
ffffd524
ffffd1fb
ffffb6f7
ffffbdd7
ffffb1c1
ffffa117
00000a3c
fffffd92
ffff94ef
ffffa923
ffffed3c
ffffecb7
ffffb488
ffffe75d
ffffddd2
ffffb0eb
ffffdce7
ffffec2d
ffffbfcd
ffffc3d5
ffffb2ec
ffffb1f4
fffffd8f
00000fd5
ffffb2a3
ffffb39f
ffffeaea
00001f61
ffffe8d4
ffffdc0b
ffffc399
ffffc31c
ffffda8f
ffffed27
ffffed5f
fffff006
ffffd506
ffffd373
00001ff9
00001312
ffffc2c6
ffffaed6
ffffcded
0000166c
fffff050
ffffd52a
ffffbeee
0000023e
fffffce8
fffff8e9
fffff882
fffff543
ffffe86f
ffffd522
00002203
00000add
ffffbed3
ffffabbd
ffffbf08
0000092c
ffffe47c
fffff94c
ffffd780
ffffdea3
ffffedca
00001104
000008f5
000008ee
00000325
ffffd129
000021e1
000006d3
ffffca6e
ffffbfc6
ffffcf9f
ffffeac0
ffffef3f
ffffda09
ffffbace
ffffd418
ffffd381
ffffebbe
fffff845
fffffe56
00000562
ffffdb21
000010cd
fffff99f
ffffb1dd
ffffad30
ffffd0a6
ffffdf2c
ffffb134
fffff069
ffffbc14
ffffbfd5
ffffbb2a
ffffc5cc
ffffe192
ffffe693
fffff0cb
ffffcc4f
00000aef
ffffed9f
ffff9f6e
ffffae0c
ffffd1c7
ffffead1
ffffc442
fffff114
ffffef69
ffffd056
ffffaf14
ffffc112
ffffd197
ffffd859
ffffd508
ffffb5c3
fffffa96
00000545
ffffb412
ffffb131
ffffb2a3
ffffdbb4
fffff72b
ffffddcd
00002401
000002b3
ffffae9b
ffffce43
ffffd3e8
ffffd905
ffffde83
ffffb575
ffffffde
00002a68
ffffdca7
ffffddab
ffffc824
ffffac2f
ffffec8d
ffffd1c1
ffffd9a5
ffffe5e3
ffffb76d
ffffd909
fffffe41
ffffd563
ffffefda
ffffd8ef
00000a69
00002b48
ffffdcdd
ffffd928
ffffe21f
ffffc297
ffffdc53
ffffcae7
ffffcfa4
ffffcdc3
ffffd009
ffffdc1d
000002be
ffffed81
fffffd8a
ffffcd82
00001a90
0000195c
ffffc788
ffffbf61
ffffc7f6
ffffc758
ffffc4b8
ffffc6bb
ffffc16a
ffffe50d
ffffe080
ffffc9fb
ffffba4f
ffffc9d2
ffffda21
ffffc677
00000362
0000467d
000017e7
00000841
00001b2d
00001e8d
00001831
00001920
00001092
000020ff
000028d3
00001b13
00001008
000006a0
0000158d
0000155a
00002751
000005e9
ffffe6c2
ffffe8e1
ffffe5a6
ffffe42d
ffffdd4d
ffffe0ec
ffffe888
ffffdebf
ffffeb55
fffff2ac
fffff4fb
fffff33b
fffff39c
ffffe375
000002ba
00001086
ffffd4eb
ffffc8c2
ffffb416
ffffa9a1
ffffd179
ffffc83f
ffffd637
ffffc7b6
ffffd941
ffffd5bc
ffffd990
ffffe396
ffffdbef
ffffdd13
fffff7b4
00000f6a
ffffc2f4
ffffe1e7
ffff9097
ffff987d
ffffbba3
ffffbc46
ffffc1d0
ffffd857
ffffea9a
ffffe7e9
ffffdfcc
ffffe165
ffffdf43
ffffdc05
fffff983
fffff552
ffffbb9e
ffffd3e5
ffffc298
ffffd290
ffffedb8
ffffc044
ffffa143
ffffbf37
ffffb31b
ffffb509
ffffc481
ffffc092
ffffaca4
ffffad57
ffffd760
ffffec8b
ffffc750
fffff3f6
ffffde3b
fffff0f8
fffff49d
ffffe329
ffffc38c
ffffd525
ffffb9d5
ffff9da9
fffface7
ffffb90d
ffffa524
ffffac9b
ffffd908
fffffe90
ffffdb87
00003316
000018a3
00000e90
00002217
000007dc
ffffd1da
fffff6ca
00001191
fffff6b7
fffff524
00000aeb
ffffe252
ffffdcdf
00000540
00002c10
ffffff1e
000032de
000061a3
000049d4
00004fca
00001fea
000000ec
ffffdef2
ffffd1f7
ffffd2f0
ffffd4cb
0000011c
000007ea
fffffde4
0000162d
00002ae1
ffffff0b
000012ea
00002884
000015b7
00001a84
0000033e
00000de0
00002235
00000c9a
fffff4b8
fffff138
ffffd39c
ffffdc06
ffffecfb
00000fa3
00001a3b
fffff30f
00000c8d
000011ae
fffff6a2
00000eab
ffffe622
00001aee
00003ce9
00002415
00002de1
000032ed
000014b3
00000ec8
fffff0df
000004f0
000005c2
ffffd118
ffffefba
000018c7
0000163b
00002555
fffffb6b
00000b89
0000197c
00001292
000010ac
000022af
00001ce2
00002108
fffff271
fffff6c2
fffffe42
ffffb0cc
ffffc6f1
fffff80c
000012b8
ffffefc1
fffffea9
00000693
00001184
000016c0
fffffd2a
00000a5e
000007c6
fffffae9
ffffd973
ffffebe7
fffff8d9
ffffac86
ffffab34
ffffd6f0
0000067a
000006d2
000009a1
ffffe6e8
ffffdee0
fffffdab
ffffedc3
ffffdd18
ffffdf18
ffffe9f3
ffffc5e4
ffffce3c
fffffdb3
ffffbeaf
ffffd22b
ffffca9f
0000027c
00000ab7
00001a51
fffffbe0
ffffde91
ffffe88f
fffff049
ffffcb13
ffffd428
ffffd804
ffffebdf
ffffef06
000006fa
ffffe045
ffffe998
ffffe78f
fffff97e
ffffff4a
00000e75
00000c45
fffffb19
ffffe155
ffffe1a5
ffffe8b9
ffffd923
ffffd016
ffffdb81
fffff22f
0000148c
fffff58a
ffffdec9
ffffef0f
00000508
00000ee9
00000ba6
000006d0
ffffe15e
ffffe907
ffffe3b5
ffffefd9
fffff696
0000096e
fffffa72
0000180f
000008ec
ffffe37a
ffffe656
fffff544
ffffeb84
fffff66a
fffff0f5
fffffe6b
fffff8b4
fffffc6b
fffffe99
000006a8
000008d6
ffffff0f
fffff5d5
00000fe7
fffffaf1
fffff04f
ffffcb4f
ffffbccf
ffffc156
ffffc8ca
ffffc579
ffffb68b
ffffc399
ffffc3ab
ffffcd21
ffffd307
ffffd58f
ffffcb05
ffffb9e3
ffffd0b0
00000d34
fffff182
ffffc8c4
ffffa413
ffffc7a6
ffffc61f
ffffcc1d
ffffc890
ffffb1fb
ffffc266
ffffbfa5
ffffcf58
ffffcd53
ffffcaf3
ffffbea5
ffffd321
00000af4
ffffe16b
ffffec1e
ffffe666
fffffc73
ffffc661
ffffaebd
ffffc806
ffffc969
ffffbf7e
ffffbec6
ffffb43a
ffffc191
ffffcb7a
ffffd073
fffff660
fffff214
ffffda6f
ffffeee2
fffffd21
000015df
ffffb22c
ffff86d5
ffffa7e7
ffffc87a
ffffbc14
ffffbce4
ffffa7e2
ffffb2cc
ffffb8ba
ffffc6d4
ffffff8c
00000204
00000bb5
00000c44
0000185a
ffffdcbe
ffffc8dd
ffffb787
ffff9e7e
ffffbf5a
ffffcaee
ffffc2df
ffffdd40
ffffe1e9
ffffd7fc
ffffef92
00001e4c
000007ca
00000003
000016f5
fffff536
ffff9ac4
ffffd785
ffffd672
ffffb5d8
ffffd96a
fffff043
ffffff92
fffff02b
fffff751
ffffeb5a
fffff914
00002321
fffffcbc
ffffe10d
00000267
fffff778
ffffb463
ffffc252
ffffcb91
ffffda17
ffffaeab
ffffcf3d
fffff281
ffffcd15
ffffcf10
ffffdf5e
000008d8
0000228f
fffffd9a
ffffe0ed
ffffee1a
00000ff2
ffffdf2d
ffffabe0
ffffb9bc
ffffbcf0
ffff9ca4
ffffcf76
ffffca70
ffffbe1e
ffffb808
ffffd3b2
fffffbdd
00001dee
fffffc56
ffffe2ba
fffff8c9
000004d6
ffffdc91
ffffbf2e
ffffdbc3
ffffc62f
ffffd5aa
ffffe3c9
ffffd1a7
ffffe9a5
ffffdf97
ffffcebd
ffffd53f
00001275
fffffc67
ffffe710
000003ff
00000a0d
ffffdc9f
ffffe2d8
ffffed1d
ffffedb2
ffffd51b
ffffd838
ffffdabd
ffffef7a
fffff796
ffffe579
ffffc97d
000011f4
fffff299
ffffe1e2
ffffebeb
00000096
ffffdae2
ffffbad0
ffffbbbf
ffffc96e
fffff864
ffffec55
ffffd1f9
ffffdc1a
ffffdca4
ffffdcfd
ffffccf0
00000ae0
ffffe862
ffffca94
ffffe68b
fffff5a0
00000050
ffff9e67
ffff70f5
ffff9a97
ffffcd67
ffffd72c
ffffc0e3
ffffa751
ffff9d21
ffffb531
ffffce05
00001274
ffffea11
ffffc0ac
ffffe0c1
ffffdac4
ffffe85c
ffffe268
ffffb7ff
ffff9117
ffff8fb1
ffffc3c5
ffffd402
ffffb485
ffffafc1
ffffd782
ffffdbd3
0000166a
ffffe9c5
ffffc988
ffffd07f
ffffce2a
ffffd960
ffffe9a1
fffff5f8
ffffd859
ffffad19
ffffd1a3
ffffeeff
ffffda28
ffffd1e4
ffffe136
ffffde9d
00001b60
fffff270
ffffddd4
ffffd203
ffffc57f
fffff3be
ffffe62d
ffffe5d9
ffffe3e8
ffffb3a9
ffffaa27
ffffc719
ffffd868
ffffd11f
ffffdb6f
ffffbae0
00000c6f
00000ee6
fffff4bb
ffffee15
ffffe243
ffffec7c
fffff9ec
fffffd16
fffffa4a
ffffff72
ffffdf3d
ffffd847
ffffe850
ffffdc4f
ffffedb7
ffffe411
00000843
fffff13d
ffffdf1f
ffffe41f
ffffe57e
ffffcc44
ffffca7f
ffffd406
ffffe345
ffffe8d6
fffff2be
fffff592
fffff2b7
fffffc71
ffffeea5
ffffd66c
fffff9aa
ffffe0d2
ffffb35c
ffffb8c9
ffffcd96
ffffc82e
ffffb5c2
ffffb0b3
ffffcb59
ffffcd61
ffffdd21
ffffd60c
ffffe2c4
ffffe94c
ffffcc5b
ffffb4e9
ffffdd78
ffffdd5a
ffffc98c
ffffc370
ffffef38
ffffff29
ffffc34e
ffffdb79
00000421
fffff901
ffffe26c
ffffec71
ffffff73
fffffd24
ffffe06c
ffffc792
fffffc76
ffffcd47
ffffa669
ffffa560
fffff3af
00001a5e
ffffdd13
ffffe787
ffffec93
ffffe333
ffffe8bb
fffffa0e
fffffa52
ffffff90
ffffde3f
ffffd799
fffff904
fffff03b
ffffbf51
ffffa41b
ffffc693
fffffc0d
ffffcc2e
ffffb438
ffffe10f
ffffd8a1
ffffe0b5
ffffe81d
fffff9ba
fffffa99
ffffe960
ffffdd64
fffff476
000001c2
ffffbfa4
ffffb5fc
ffffcc35
ffffcbeb
ffff9688
ffffc5a0
00001ce5
00000365
fffff27b
ffffd976
fffff595
fffff802
ffffe560
ffffd782
fffff8f2
00000009
ffffa86f
ffff89ca
ffff9456
ffffca7f
ffffca20
fffff794
00003c57
00003f69
00000a11
fffffad5
00000cba
ffffee59
ffffdfd1
ffffd855
ffffec9f
0000084f
ffffa67c
ffff988c
ffff89b8
ffffec30
000025ec
fffffe1e
000014bf
00001e9b
00000948
0000030b
0000063b
ffffef9e
ffffeb60
ffffe7ae
ffffec5d
fffffe33
ffffb8f9
ffffa38d
ffff9c3e
fffff04d
00003416
00002234
0000268e
00000d8e
0000036a
fffff2c3
ffffe834
ffffdf6e
ffffd927
ffffd895
ffffefef
00000086
ffffc531
ffff958a
ffff8c00
ffffc65a
0000095b
00003452
00002acf
00000b1b
00000829
fffff319
ffffe998
ffffc599
ffffd047
ffffd7c5
fffff6dc
0000001b
ffffbe77
ffffb9d9
ffff98b2
ffffa43f
ffffbbf2
00001129
00001d3a
00002314
000014a5
fffff53c
ffffec4e
ffffc70a
ffffc462
ffffc72b
ffffeea4
ffffe117
ffffab3b
ffffb9da
ffffaa26
ffffaed6
ffffa642
ffffd856
00000c34
00000fb6
ffffeb90
fffffda5
fffff437
ffffcba3
ffffbb7b
ffffd382
fffffcf2
ffffd90f
ffffc323
ffffcdd0
ffffc360
ffff9565
ffff8a62
ffffa2d8
ffffdb81
fffffbe7
fffff6b2
ffffe324
ffffec06
ffffda2c
ffffcce8
fffff48d
ffffefea
ffffeee9
ffffe841
ffffe7bb
ffffc3aa
ffffbca2
ffffb6c6
ffffd22f
ffffe816
000015e0
000020a6
ffffe3d4
ffffd246
ffffb347
ffffd6ec
fffff22b
ffffe071
00000615
ffffe760
ffffd507
ffffbad8
ffffbcd2
ffffcd62
ffffd98a
ffffdd61
000009c8
ffffee53
ffffb19a
ffffc8dd
ffffdc2f
ffffe5ca
ffffd36c
ffffdd1c
00002665
0000187a
00000ff2
00000a32
0000207b
00002f34
000016b1
00000efb
00001f9c
00002701
00001820
0000103a
000000b1
00001a0e
0000309a
00000be3
fffff4be
0000074b
fffff6cf
ffffe7db
ffffd9ab
ffffe3ed
fffff5a9
000002c4
fffffa50
00000372
ffffff2e
fffff9a3
fffffb26
fffffd2a
fffff76e
00001fb2
00000200
000034bf
fffff82c
ffffdb5a
ffffc6e7
ffffd6db
ffffea22
00001347
000009e9
00000a1d
000010c1
00001c7d
00002474
00001bfe
0000223e
000045b7
ffffeafb
000010ed
ffffd1cf
ffffc586
ffffd235
ffffc54a
ffffbcaa
ffffe634
ffffdf57
ffffe8e7
ffffebb7
fffff572
fffff036
fffff5ac
ffffff62
000014e7
fffff8e1
00000782
fffffbdb
ffffeabd
ffffecf6
ffffecb8
ffffcbd4
ffffde0e
ffffeb3c
ffffe559
fffff103
ffffe8c6
ffffe316
ffffede6
fffff171
00000e9e
00001800
00001a28
000011a8
00000ec7
00001055
000017d4
ffffeb88
ffffc475
ffffcaa3
fffff2a5
00000495
fffff3f2
fffff7c0
0000014e
00000424
00001c95
000011d2
00002a2b
fffff80c
000010ce
00002a84
00002883
00000058
00000afe
ffffc766
ffffde9b
ffffdbc0
ffffdff6
fffffd78
00001275
000024a4
00002d65
fffffe32
00001d4e
fffff21c
fffff44e
00000847
0000178e
00001415
0000177b
ffffebea
ffffff93
ffffdac4
ffffc914
ffffcb8c
ffffd898
00000a77
00002a15
fffffe41
000024eb
00000f54
00000363
000014c3
000013a2
ffffe1c7
000002aa
00000544
00002670
000013e0
00001fc6
0000199c
fffffe06
000012f2
00002dca
fffff5f8
00001868
00000534
000019ae
000023bf
00000a32
ffffdc8b
fffff700
ffffe1c3
fffff155
fffff9a4
000008b7
00002174
00001718
00001602
00002b60
fffff4c9
00001ba6
00000699
000027fa
0000238e
00002397
fffffdcf
fffff80c
ffffebd4
ffffe677
ffffeae3
fffff3ed
000003df
fffffe5a
0000105b
00002886
ffffff59
00002484
000005ba
00000a56
0000142a
000003b8
00000b6f
fffff705
ffffe02b
fffff9cd
ffffe98f
ffffd77e
fffff1fb
fffffecc
0000116d
0000309c
00000391
00002a36
ffffff62
000004be
0000038b
00001c30
0000317b
00000afb
00000dd0
000021db
0000127a
ffffe4ad
ffffe4ea
ffffe957
0000147a
000033a0
00000112
0000333a
fffff921
ffffff98
00000c77
00001696
00004c5d
00004044
000030ea
00002d8a
00001a2e
fffffada
00000d2f
00000ac6
000016d4
000027ba
fffff463
0000215c
fffffe6b
fffffcab
00001a67
00001ad6
0000417b
000034f5
000029b7
00003010
00001de2
00002409
0000353a
000047ac
00003c2c
00003d90
ffffe657
fffff7b8
ffffdb34
ffffda00
ffffec13
ffffe5c6
fffffa88
fffff62b
ffffff63
000003ff
fffffbcb
00000537
00000d10
000004f7
00001c85
000025f5
000013df
0000397c
00001fb0
00001c03
00001935
00001074
0000114e
00002a9a
0000237f
0000163e
00002239
000023e6
00001c6e
000013a8
000028da
000039a5
000019d1
00002e2c
00002efd
0000445b
000045a8
00002979
0000262c
00002023
00002335
0000240c
00002a85
00003536
00003005
00002670
00002cab
00003f84
fffffbb2
ffffeb3e
00000cf1
00003681
00003ff3
00002e59
00000bd5
fffff072
ffffe9bf
ffffe903
fffff8fa
00000558
ffffdfcf
ffffd60e
ffffd4f5
00000768
000018d7
00002b08
0000338d
000041dd
00005110
00003901
00001e56
fffff91e
00000e8a
000003c2
00001991
000015b9
00000692
fffffade
fffff21e
000007b2
00002960
00005f7c
00004f44
000011e6
00002cb0
000053b4
00003731
000014db
00003720
000016d7
000028e0
00002fbe
000020e2
00002b60
00001f4d
0000322f
00000efe
0000237f
00000d0e
000004cd
00003a75
00000fef
000026e1
00002c03
000040b2
00000425
00000d69
000015ae
00001095
000013eb
000014d4
0000345c
fffffd98
ffffe92e
ffffcddc
ffffd865
fffff390
00001701
000030c2
00002b47
000014a7
fffff23f
ffffeedb
00000160
fffff822
ffffe94b
fffff896
00001cbb
00000519
00000b08
fffffc10
fffff007
ffffdef5
00001367
00003c1e
00002201
00004435
00002df3
00001a73
000020ed
00003646
00000a7c
00000dd7
000028dc
000007cd
000008ef
00000aae
fffff7ce
ffffe3f8
fffff69d
00001f59
00004262
000063dd
00004efb
00003ddc
000057df
000077f9
000035b5
00001a0f
0000262e
0000069e
fffffdf0
00000eeb
ffffeb8d
ffffe224
fffff1b1
00001229
00004253
00001f34
00000376
00000919
00002224
000048f0
0000257d
00000678
0000149c
000003c1
fffff2da
ffffef87
ffffe2aa
ffffd705
ffffe191
ffffff81
00000d45
0000221a
00001f03
000006c1
00000175
000019d6
00001639
0000001a
00001aff
000003ba
ffffe8e4
ffffe02f
ffffe600
ffffe048
ffffe413
00000aa9
ffffff8c
0000169d
00003a6a
0000318a
00001eed
00000b58
00000426
00000d22
0000137a
000001f5
fffff0c7
ffffe7f1
ffffdc5b
ffffbb43
ffffd984
fffff115
000017f3
0000272c
00003960
00000968
000017cb
000027bd
00000d57
fffffec3
00001c94
0000071e
fffffcba
fffff703
fffff034
ffffe3f0
ffffd8f8
00000604
00000e41
00000e87
0000058c
00000243
00000372
00001209
00000949
00001b6c
000018b2
00000a2d
fffff6a1
ffffe917
ffffeea7
0000015f
ffffcfd9
ffffaf3f
ffffcbde
ffffd021
ffffead7
fffff412
fffff029
000007ae
ffffeb45
fffff3a1
00000c7a
00002a8c
000011c0
00000b72
00000cf3
fffff9d0
ffffddde
ffffd000
ffffdcb0
ffffd5cc
00000ea7
00002f4b
fffffab3
ffffe9db
ffffe90f
fffff9f3
00001d22
000010a4
00000a44
000001e6
00000da1
00000890
00000999
00000b38
00000044
ffffed25
ffffffe4
000002a5
000008da
fffffb73
fffff2ed
ffffefc7
000009f7
00001b08
00001839
00002624
00001e04
000012a0
0000036f
00000553
000003ce
00000598
00001581
00001a22
00002730
00001ae0
0000177b
ffffffcb
000008ad
ffffff95
ffffe0c5
00000abc
000023ed
00002fc1
00001bcc
00000365
ffffe494
ffffeadb
fffff01f
00000848
0000003e
ffffed25
ffffe3fe
ffffd751
00000667
00001719
00000bd3
00000dd1
000032d3
00002230
00003963
000032bd
fffff3cd
00000e00
00000c06
0000176a
00000be3
00000cd9
00000157
ffffef2a
00001815
00002c1f
000020ce
00004415
00007096
00004387
00003809
000040ee
000018ab
00001e83
00002e80
00004520
000046d7
000028ae
000029de
00001a56
000030e8
00000808
0000007d
00005d43
00005a31
00005086
00002717
000014c4
fffff356
000008df
ffffff99
fffff262
ffffedd7
fffff806
000001ff
fffff47b
00001c8d
fffffb99
ffffeb1c
00002bf3
000043ea
00004210
fffffd32
00000b5d
ffffeb77
ffffffd7
00000d06
fffffa7d
ffffe7af
ffffec9e
fffff3a0
ffffdf55
000001fe
fffff967
ffffe938
00000a69
00001a2d
00002d3a
000011f9
000026c7
00002e7b
00002d62
0000373e
00002567
00001dc3
000020a1
00000fb6
ffffe719
000009d6
fffff217
fffff1ea
000014a9
00001fc9
0000351e
0000500e
00004692
0000346b
000036ce
00000922
00000a17
00001ac6
00001f9d
00001f1c
fffffd17
00000266
ffffff24
fffffb33
00001013
00002494
00003f11
00004436
00002d0f
00002851
00001c15
000003e4
fffff7ef
00000d65
00000b6f
0000176c
00000026
00000295
000006ef
0000062b
00000b06
00001927
000024fd
00003930
00002772
00003745
0000262e
00001623
0000158f
0000117e
000015dc
00001f9d
fffffd77
ffffff8f
00000ab0
000002b2
00000c93
fffffced
000034ff
00004fae
00003edc
00004486
00003bc1
000035ab
000014b5
00001661
00001e58
000025bd
00000d24
00000412
00000d1e
fffff316
00000016
ffffffb6
00002709
00004b0d
00005143
00003fbd
000035a2
00001674
00001721
00003a8c
00002b3f
00001f8b
fffffdf4
0000017a
000006eb
ffffdcca
fffff039
0000077c
000006cf
00002686
00004158
000012a6
00000b6d
00000433
000012f2
00002e0f
000045a1
00002743
000004c5
00000022
fffff3d6
ffffd4b9
ffffeae6
00000291
ffffe68a
ffffea4f
fffff5ca
fffffdb2
000005c4
00000b71
000008ff
fffff363
ffffedaf
fffff75c
ffffe4f3
ffffff22
fffff972
00000009
fffff00f
000004cb
00000471
0000103d
00002135
00002009
00003d28
00002650
fffffd57
fffff9bc
ffffe7d4
fffffcea
fffff220
000021e8
000008f1
00000568
00000918
00000f52
00000bda
0000067c
0000141a
00002438
000023d2
000018c0
00000784
000008a9
fffff83d
00000519
ffffe07a
00000360
0000340b
000034f0
00003872
000058ce
000037a1
00001a01
000018d6
000026d2
00002359
00002b96
00002a8d
000028bb
00002b2f
0000309b
00003946
00002531
00000527
ffffca2c
ffffeaf4
000006fe
ffffff01
ffffd2a9
ffffcfcc
ffffe9e7
ffffe56e
ffffded5
ffffe7cc
ffffddb7
ffffd4f8
ffffdbbb
ffffe877
fffff5ed
000017a5
fffff95d
00001442
000008c6
fffff17d
ffffcc7b
ffffde54
fffff59e
fffffe9f
0000062e
00001953
fffff055
fffff0be
fffffee3
00001157
0000163a
00000ff8
000026b9
00005ce4
00006617
00002d2a
ffffe917
fffffd40
000008f4
000017a2
000002ce
ffffe2b9
ffffe7ee
fffff8fe
fffffb5b
0000149c
00002688
fffffdb8
fffffe9e
000030b7
00002da5
00000168
0000089a
000013d8
000015fb
000005a9
ffffec30
ffffdc1f
ffffd844
ffffdfc7
ffffec2a
000005e5
00002bfe
fffff3fe
ffffc83a
00000d49
0000221d
00001cd9
00002d24
000000f2
ffffecf4
ffffd783
ffffcab2
ffffe27f
ffffce5a
ffffe1ca
ffffde27
00000df6
000018cb
0000028b
ffffe718
fffffede
00000cfb
ffffe748
00001134
fffff37d
ffffc660
ffff842e
ffffba76
ffffc168
ffffa8b7
ffffad73
ffffcfd7
00000e5a
000016a7
fffffd66
ffffd7de
fffff16b
fffffcc8
ffffef7e
00000249
ffffd985
ffffa157
ffffaa3f
ffffba2c
ffffb596
ffffc664
ffffc297
ffffd15e
00000c12
00001e54
fffff514
ffffc7d2
fffff9a7
0000021f
fffff48a
000003c1
0000033a
ffffd7dc
ffffce91
ffffca37
ffffc06d
ffffda63
fffffa32
ffffe101
00000352
00001bcc
fffff9f9
ffffd587
fffffe9b
00001973
0000236c
00001378
fffff7b8
00000f19
000018d4
00000c32
fffffed3
fffffae4
000006fb
ffffef15
000008e8
00001b11
000002e6
ffffde58
fffff265
00000736
00002a0f
0000110a
ffffe835
00001dbd
00002359
0000339a
000033bf
00000ec8
00001883
000009e2
00001d78
000025b3
000009cc
ffffdb7e
ffffcc36
ffffd952
ffffe2d0
00000546
fffffffd
000004a2
ffffdb64
fffffb35
00001afc
000019c2
000020f7
00001c46
00001fec
00001c52
fffff888
ffffd45f
ffffd1ef
ffffe646
ffffdba5
ffffc503
fffff2f6
0000146c
00000208
ffffe528
ffffde2b
00000c14
00003289
00001216
00001fef
00001c05
fffff47f
ffffd61f
ffffe6b6
ffffe975
fffff941
ffffc50a
ffffcedc
ffffe2c3
ffffedf5
fffff97e
000010a7
00000d31
00002607
fffff8ed
00001a1b
000019e1
00000017
ffffd167
ffffc890
ffffd928
ffffc85d
ffffba04
ffffce85
ffffb453
ffffadce
ffffe1c7
fffff784
fffff1d2
0000021d
ffffe5f6
ffffe46f
000000e5
0000083e
ffffd65a
ffffddcf
ffffd8df
ffffcfc6
ffffd52a
ffffdd84
ffffe06f
fffff2fc
ffffea76
ffffdc01
ffffe7ba
ffffed15
ffffe996
ffffeabb
fffffb4d
fffffa9e
0000032b
fffff8dd
ffffe6a7
ffffe0e5
fffff11e
0000031b
00000d44
00001398
000006a9
00000658
00000723
00000193
000001c6
fffff876
00000be5
fffff913
fffff71b
ffffe79c
ffffdbd0
00000123
000030a8
00001479
fffff658
fffff10a
ffffec4f
000013ee
0000146c
00000cd8
0000053c
fffffc9e
fffffdc3
ffffe17b
ffffe944
ffffb902
ffffd4c2
0000219d
000042c9
00000060
ffffe8fc
ffffdc6e
ffffd368
ffffdfbd
fffff15d
fffff03e
ffffeffb
ffffdd28
fffff0d1
ffffbdae
ffffeb5a
ffffc889
ffffa116
ffffeec3
000024ad
ffffe3da
ffffc7a5
ffffbd7e
ffffbc72
ffffd2d4
fffff747
ffffe397
ffffe9e6
ffffdcc5
000001ae
ffffd69d
ffffdf05
ffffd769
ffffdd37
ffffd0f6
0000067b
ffffedf0
ffffb5c1
ffff9bdf
ffff99c9
ffffb49c
ffffbb1f
ffffc309
ffffc865
ffffc8ab
fffff2a8
ffffeb2f
000015d8
ffffef1e
ffffd757
ffffe3d2
000002bf
fffff01e
ffffd931
fffff1d0
ffffdf33
ffffd529
ffffd4cd
ffffce0d
ffffdb50
ffffe259
fffff997
ffffddd4
000008c4
ffffe6c4
ffffd114
ffffcef8
ffffeddc
ffffc055
ffffe12e
000000dd
fffff8ca
ffffe7b8
ffffebfe
fffff63b
ffffdf72
ffffd431
ffffdd29
ffffd790
ffffe427
ffffe9fe
ffffcadc
ffffa464
ffffd30a
ffffeff7
fffff6a3
ffffed28
ffffd341
ffffd67c
ffffc4ec
ffffdaa9
ffffcc3c
ffffc38f
ffffd97b
ffffcc7c
ffffd779
ffffeebe
fffff6c4
ffffbcf3
ffffd537
fffff71b
fffff034
fffff077
ffffe127
fffff035
ffffe1b3
ffffda2b
ffffc423
ffffb9c4
ffffe076
ffffc918
ffffccf2
fffff582
000014be
ffffe69a
ffffc99e
ffffde48
fffff432
00000c58
ffffe1fd
ffffe2e7
fffff62a
fffffc68
ffffc56c
ffffbb0c
ffffed87
ffffc6fd
ffffd200
00000656
00001ce4
00001cba
ffffda94
ffffd431
ffffc252
ffffde57
ffffe8af
ffffefc9
fffff600
fffff759
ffffd28e
ffffbaa2
fffff1f4
ffffd5fe
ffffdd91
00000957
00001627
00001b63
ffffec50
ffffc05e
ffffa4e8
ffffcc0c
ffffe9f5
ffffeb3b
fffff5c8
fffff479
ffffcef8
ffffb588
ffffea4c
ffffe853
ffffeb9f
fffff413
0000148e
00001659
000011ce
ffffd4e6
ffffdab3
ffffe6a7
ffffe60b
ffffeb5c
ffffd8f2
ffffe4a3
ffffd36a
ffffc443
ffffddd2
ffffd5fc
ffffe391
fffff2e5
00000ad4
ffffff06
ffffe941
ffffe97b
ffffe449
ffffdc69
000002b7
ffffe240
ffffe7b4
ffffe60f
ffffd82f
ffffe4eb
fffff304
ffffd81f
ffffe1cc
fffffcad
00000b4c
fffff179
fffff4a6
fffff725
ffffe460
ffffe010
fffffe3a
00000d72
ffffee19
00000b17
fffff1d2
ffffe55f
ffffe803
ffffb5a6
ffffc50f
ffffcbe7
ffffcbbf
ffffbaf0
ffffbbd6
ffffc6da
ffffb660
ffffb3a3
ffffafdd
ffffc8e6
ffffc5b5
ffffcd83
ffffaeee
ffffaee6
ffffdc21
00002e28
00001ee3
000020f5
00001703
ffffefab
fffff5b3
00001ccf
0000257e
000026ca
00001648
00001da7
00001959
000023b7
000034d8
00003a9c
00000d55
00005ca3
00004f14
000042cf
0000236b
00001c68
00002329
00002b72
0000274a
00003847
00003382
00003215
0000306e
00003426
00003f0b
00005879
000029f9
00004203
00003b15
000054f5
000057c3
000079dc
00003c93
fffff375
ffffe5e2
0000135c
00002203
0000150a
000005de
000009a1
00000c45
0000357e
0000270a
00005e0d
000061c4
00004211
000058a2
00006f14
00003d5b
ffffdb7a
ffffd6cb
00000a18
00003d4b
00001aa2
00000dc9
00001768
00001ade
00004681
00002e64
000060e2
0000772d
0000662f
000069ed
00005a56
0000334a
000020ba
00000e92
fffff04e
0000180e
00000b36
00002f9c
00003bab
000027a8
000060f0
000058eb
00005f5c
000089a4
0000b6dc
00007418
00003bd5
0000256a
000037e1
000036be
00000289
00000f64
00000416
000024e6
00004205
00004032
00007a80
000073d5
00005cbe
00005308
000090ad
00008734
000046fd
00003100
00004adc
00008d86
0000579c
000034fe
00003505
00002d87
000026f2
00003057
000055d3
00005fd1
00006371
00004632
00006183
000092bc
0000643f
00003a35
00004563
00006927
000050ad
00005ae7
00005e55
00004082
0000307b
000022b5
00002a42
000045c5
0000573f
00003fde
000062b4
00006810
000042c5
00003a87
0000327a
00004db9
00004294
000069d3
00006b26
00007686
000062d0
00003771
00002966
0000350e
00004bf7
00003295
000062ef
00007724
0000643d
0000376e
00001598
0000182d
00001425
00001b8a
00002ab9
000056c0
000057e7
000030ed
00002bd6
00002bb7
00004149
0000233d
00004dcf
00007f06
00006d48
000047c0
00002944
00000fd3
00001afd
000016b5
00001a63
0000304c
00002cd0
000023ec
0000295d
00003513
000047d2
00001620
000034f2
00006e48
00007b89
0000869b
00003565
ffffff7e
00001492
00003932
00004c8a
00004789
0000146c
00000a41
0000252a
00003811
00004500
00000ee8
00002965
000069e5
00006deb
000088fb
00004108
0000274d
00000b48
00000eb0
00003ff6
0000664b
000024af
000002c5
fffffc1c
0000260c
000040e8
00002233
000024eb
00004708
000031cc
00004f10
000050ce
00003fbc
00002294
00002737
0000598d
0000573f
00002124
00000e52
0000034e
00002802
00004c35
000028c4
00001f95
00002c35
00001e22
0000284f
000034ae
00003f9e
0000303a
0000499b
000068c3
00006b76
000023cc
00001e22
00001f65
00004ab4
00007576
0000647c
00006ad5
00006a69
00007129
00005b80
00005c82
00008262
00007ef9
00006e8f
00007850
000083e9
00007d6a
000072a4
000073b7
00006162
00000026
ffffeebc
00000a98
000003c9
fffff49f
fffff8d7
fffff184
fffff1b5
fffff6d7
fffff5f8
ffffe97d
fffff4f9
ffffeec9
fffff31d
ffffe2e6
ffffe1b4
ffffff8a
ffffb4a7
ffffb80b
ffffba6a
ffff9f17
ffffad60
ffffbd59
ffffc17e
ffffc681
ffffc719
ffffbbe4
ffffbf61
ffffc242
ffffb95c
ffffa9c5
ffffca70
ffffef67
ffffa3d7
ffff8bc7
ffff88ff
ffff9041
ffff923b
ffffaa6b
ffffb238
ffffbc81
ffffc3aa
ffffbc77
ffffc7cb
ffffc55f
ffffb7b7
ffffaff5
ffffda50
fffff575
ffffaeba
ffff9f3a
ffff8925
ffffafd1
ffffd3e8
ffffdb13
ffffbc58
ffffac4f
ffffbcf6
ffffb933
ffffba4d
ffffc1e1
ffffbc9a
ffffad8a
ffffdf16
00000ac1
ffffd766
ffffce95
ffffb597
ffffcfb8
ffffe0d9
ffffee3f
ffffd4a6
ffffc8e2
ffffdcb9
ffffde73
ffffe72e
ffffe49e
ffffe398
ffffc1ee
ffffe84c
0000024e
ffffc811
ffffc846
ffffb3d2
ffffab1f
ffff8c93
ffffb7c2
ffffe3e5
ffffba78
ffffd932
fffff514
fffff4e9
ffffed4e
ffffdee1
ffffb687
ffffe78a
00002265
ffffded5
ffffe4f0
ffffb5d9
ffffcc07
ffffaa9a
ffffa178
ffffbab6
ffffbe10
ffffd086
ffffe80a
ffffdd28
ffffe01e
ffffd801
ffffb593
ffffe103
00002188
ffffdc97
ffffca06
ffffc53f
ffffe8c2
ffffd019
ffff960d
ffffaed3
ffffe587
00000635
fffff5f6
fffffe47
0000111b
ffffe3af
ffffa467
ffffdf84
0000268c
ffffe8fa
ffffd66a
ffffcb16
ffffc584
ffffcfff
ffffca3b
ffffddff
000003e3
fffffcfb
000009ef
0000130d
00002bf9
000009f6
ffffb1b3
ffffddb0
00001e06
ffffe74e
ffffe17d
ffffcb8a
ffffbb25
ffffe261
ffffdf0f
ffffc39b
ffffd591
ffffc9aa
ffffd993
fffff035
00000839
fffffba8
ffffcb3f
ffffe60c
00001a4f
ffffda5f
ffffed4a
ffffd3c3
ffffcdc3
ffffbfbc
ffffbe3d
ffffaf0a
ffffa95d
ffffb91b
ffffb2c0
ffffcc76
ffffe542
ffffe073
ffffbb8a
ffffe1d9
00001770
ffffd5a1
ffffe8b6
ffffe51c
fffff0f7
ffffbc0e
ffffc741
ffffcf74
ffffa609
ffffa3c8
ffffb868
ffffae33
ffffb21a
ffffd668
ffffb919
ffffeb6a
00000d6a
ffffd9d4
ffffeb6c
ffffeea9
fffff318
ffffe8ef
ffffe09a
fffff835
ffffd2ac
ffffb950
ffffcce4
ffffc999
ffffaab6
ffffcf47
ffffb480
fffff0fd
00000749
ffffdaf5
fffff066
fffff79b
fffff962
fffff8c5
00000d73
000028f5
00000952
ffffee94
ffffeae5
ffffeecc
ffffcfff
ffffdf75
ffffb907
ffffeabe
0000088a
ffffe7a9
ffffe5e0
ffffdf34
ffffeaa6
fffffc0a
000010d8
00000944
00001b01
fffff517
ffffeffb
fffffeb2
fffff773
00001bdc
ffffef39
00000202
000008ad
ffffd657
ffffcfba
ffffd4cb
ffffdf16
ffffe944
ffffe8ca
fffff07e
ffffea32
ffffe1dc
ffffe5de
ffffea83
fffffb27
fffffb7f
fffff11d
000001aa
000009cc
00001d0c
000021a5
00002650
00000eee
fffffbdf
00000631
00000bc6
000018ed
0000074d
00001321
00000e6b
00000fa5
00000e97
00001075
00001b24
000000ed
0000151c
00000699
00000a3e
fffffe82
fffffa18
000003bd
ffffffb7
00000154
fffffaca
fffff74b
fffffaf7
000003ce
fffff467
00000438
000010a3
0000100f
00001b23
000018ae
0000412b
0000234c
000017e8
000016ce
00000b11
000004f7
00000db1
000002bf
00000fc8
00001456
000006d5
000017cb
00001920
00000962
00001d4e
00004013
00006521
000052d2
000031e8
000012ae
00001f5d
0000130f
000020ba
00002922
00000d12
00001044
00001975
00002701
0000262c
00000ec6
00003925
000033de
000072d3
000066f3
00004cb7
000007a4
000010ad
00002331
00001d60
00001766
0000017c
00000ba8
00001041
00001f55
00002bd4
00002565
000047ca
0000373a
00005762
0000782b
00006232
000036b7
00000ff8
000021d7
0000356b
00003144
00002cb6
00001abf
00001e57
0000312f
000027dd
00002007
00003f0c
0000116e
00002a55
00005fff
00005b0e
00004107
0000122d
00002f15
00002e14
0000234e
00001979
000018a6
00001f95
000044f7
00002fb4
0000137f
0000309a
00001670
00000a6a
00003e2a
00002cb5
000046d7
0000291e
000025fb
00002c00
00003903
00001f58
00000add
000011ba
0000483a
00003abd
00000e2f
00002c0d
00001ff7
00000eb0
000039f1
00002172
0000514c
00003804
00002853
00002824
00001f2a
0000242f
00000902
00000f98
00002566
0000316a
00000509
00001e06
00001ac2
000018be
000038b7
00005275
00002ccf
0000590d
00003dbf
00002135
000019c7
00002baa
00001978
000011c1
00000a21
00001c55
00000720
00001c53
00002145
00002faf
00002368
00004b73
00003df4
0000486e
0000471f
00003353
00002c41
00002945
00001979
fffffb6e
00000725
00001d2e
00000ec9
000020f9
0000282f
000034e5
00001fd2
00004abd
00004b57
00004031
0000386e
00004848
00002fbc
00004125
00002d89
ffffff3a
00001ef9
0000281c
00001cf8
000033cf
000031c7
000033ee
00003199
000025d8
0000287e
00003655
0000472f
000047f0
0000296e
000025cc
000032a7
00001b20
0000217c
00002eba
00001ff0
000031cc
000028c5
00003205
00002592
00002b3f
00001b56
00001974
00002464
000046b0
00002c35
00003403
00003faa
00001737
00003e43
00002de5
0000196c
00003a26
00002f1a
00003e57
00004109
00003052
000034a7
000036af
000028ba
00003f54
00004d59
000054ff
00005974
00003e50
000050f0
00003b35
000011f1
000033f5
000031e1
000040e5
00002a2b
0000131d
00002181
00002f9e
00003d1d
00003790
00003cc1
00003925
000034e2
00001ff2
00002fe9
00003564
000016c7
0000236c
00000c44
00001590
000039bf
00002fb1
000018ae
00001e59
000013b0
00000d83
00001c4f
00001a2c
000024cc
00001a7d
000013f0
000007d5
00000a53
fffffd6e
ffffc88e
ffffedfe
00004700
00003d46
00001ae4
0000120f
00000031
fffffbdf
ffffeb93
ffffeaed
00000129
ffffedf9
fffff5a0
fffff54f
00002299
00000448
ffffd8bd
000020e2
00006a0f
00007f64
00002cc7
0000229e
000010f8
000009b4
00001fb1
00002b74
00002b13
00001a27
0000211d
00000fb4
00001ee4
fffff222
00000876
00002e61
0000493b
00006137
00005a00
0000185f
00001df1
0000105d
00000346
00000903
0000278a
00002346
00001cdc
00001ea3
fffff604
ffffc761
00000b39
00001948
ffffd5d2
ffffdd5b
0000228c
000014e0
ffffeb2e
ffffcdd4
fffff4c8
00000517
fffffb29
00000ae4
00000490
0000161f
fffff4f4
ffffa021
fffff0c3
ffffc1d0
ffffa3ce
0000093a
fffff58c
fffff3c7
ffffe791
ffffca00
ffffd2ea
ffffd10d
ffffc501
ffffd327
ffffc4cd
ffffeda3
00001fa0
ffffd871
fffff7bd
fffff389
ffffcec6
00000ff8
0000094f
00000dfa
000028e9
00000a58
00002abf
fffffe68
ffffdead
ffffd85a
ffffce2b
ffffe472
00002285
fffff757
fffff737
00002921
fffff44f
fffffe87
fffff0b3
0000221a
00004532
00007688
00006a01
00004029
00001708
ffffff96
ffffdad1
ffffe1d6
00001f90
00000680
fffff5d9
00001caf
ffffe1c6
fffff0c2
00000670
00003517
00004720
00003bd7
00003065
000030c3
000028ba
00003407
fffffb2d
ffffe4e1
0000255e
000008a6
00001572
00001828
00001f77
ffffe327
00002d09
000055fb
00005dd9
00002e5d
00001e18
00001bda
00001add
00002261
000006c3
fffff191
00003308
0000187c
0000125c
fffff7b3
000011f9
ffffd510
ffffdf7a
00003519
00003d77
00002af3
00002ae1
00000d20
000002c2
00002b3a
00001623
fffffc4c
00002b33
00000fad
00000eca
ffffeac8
0000081d
fffff607
ffffd97e
00000240
fffff5d0
00001396
00000d38
fffffadc
fffff9a1
00001911
00000f41
000000f9
000012a8
fffffc5d
00000a89
00000ce1
00001816
00001d3c
000011ca
00000347
ffffe0e3
ffffcec2
ffffd6c3
ffffe4da
ffffe384
00000f88
000021b9
00000663
fffff6e5
ffffefb1
fffff06e
fffffc28
000004a7
000011ed
0000204c
ffffe1c8
ffffe7ec
ffffceb1
ffffc9d3
ffffd0ec
00000495
00001761
fffffa54
fffff5e6
fffff7dd
0000062e
00001aa7
fffffe96
00001554
00002533
00000c2c
ffffecb0
fffffd6d
00000075
ffffde6f
ffffc00c
ffffdd75
fffffe42
00002a8a
00002226
00001088
0000137c
00000421
000019cc
00003518
00004f0e
00003426
00001264
fffff1e0
00000456
fffffd45
00000168
00000885
000012af
00000055
0000056a
0000048a
ffffe59e
ffffc279
ffffc50c
ffffc4d6
ffffe19b
ffffe26e
ffffd8a9
ffffda91
ffffdc88
ffffd875
ffffe4fd
ffffe14c
ffffd289
ffffbd19
0000016f
fffff282
ffffde20
ffffd57c
ffffd444
ffffb2b5
ffff9f4c
ffffb8c6
ffffce83
ffffbe98
ffffc92b
ffffcf2e
ffffe867
ffffe74b
ffffd433
ffffc586
00001b95
ffffd5d2
ffffb50c
ffffe5a4
ffffdae5
ffff8861
ffff7931
ffff9049
ffffc4b0
ffffaac5
ffffbe8e
ffffd0c5
ffffd136
ffffd5f1
ffffcfda
ffffaa6f
00000810
ffffca24
ffffbb48
fffff7d2
ffffd045
ffffd853
ffffa09e
ffff9833
ffffd550
ffffd089
ffffcb09
ffffebc7
ffffe265
ffffe17a
ffffdf97
ffffaf03
000013d5
fffff1ef
ffffdfeb
00001b62
ffffa9f4
ffffbf4e
ffffdf2d
ffff9c4b
ffff960f
ffffcf6b
ffffda85
fffff2cc
ffffe8ad
ffffe909
fffffae4
ffffc363
0000074a
ffffe7e2
ffffb03e
ffffedb2
fffff13e
ffffef64
ffffe455
ffffe716
ffffbda0
ffff8f24
ffff9bb7
ffffccb7
ffffc48b
ffffc476
ffffea51
ffffc98f
00000848
ffffdbea
ffff9e2c
ffffb7c5
ffffe27e
ffffdc50
ffffeed5
ffffe7d6
ffffd926
ffffba1a
ffffbf95
ffffa6b2
ffff9239
ffff673f
ffff9b17
ffffa5fe
ffffff44
ffffe835
ffffcec6
ffffd136
ffffcff2
ffffad88
ffffd7e5
ffffd149
ffffd0e9
ffffe9df
ffffe2a8
ffffd1c3
ffffab22
ffffa2e5
ffffa3ca
ffffb3d8
000010bd
ffffe47b
ffffce45
ffffcdb2
ffffe4fc
ffffe61a
ffffe106
ffffb7e9
ffffbcea
ffffe834
ffffd8e9
ffffc8e7
ffffb09c
ffffd15c
ffffbf0d
ffffc329
00001a39
ffffe42d
ffffd685
ffffdd7e
ffffdc68
00000884
ffffcf96
ffffa1cd
ffffea92
ffffe6c7
ffffdd85
ffffd75b
ffffcc1f
ffffce43
ffffceb5
ffffd692
00001649
fffff952
ffffe4d1
ffffd192
ffffe67e
fffffaae
ffffe63b
fffff51d
ffffe50d
ffffedb5
ffffe51e
ffffcef0
ffffcffe
ffffcda7
ffffda22
ffffd387
fffffd98
fffffca2
ffffe59c
ffffcc4b
ffffc7c6
ffffef68
ffffdce4
000006a3
ffffe8e6
ffffed24
000006f0
ffffc70a
ffffb01a
ffffb71c
ffffdb1e
ffffdc19
000007c7
ffffdf6e
ffffc21c
ffffb220
ffffa28b
ffffc69a
ffffed8c
00000275
ffffc5a5
ffffd057
ffffec9c
ffffabb8
ffffb4a8
ffffbb6f
ffffd2ca
ffffd152
00001ac7
ffffd41b
ffffc3ab
ffffcac0
ffffbe2c
ffffd721
ffffe6e9
000005ab
ffffe2db
ffffc461
ffffd7d5
ffffcd4a
fffff822
ffffd579
ffffeda5
fffffb73
000028c6
ffffcc3c
ffffdbef
ffffd388
ffffba13
ffffd26a
ffffdc39
ffffe111
ffffe58f
fffff128
ffffe6f9
ffffc4d9
ffffd54f
ffffd3a5
ffffebb2
fffff0a7
000028cf
ffffd880
ffffcaa0
ffffe47d
ffffd5f7
ffffe3be
fffff7f2
ffffe995
ffffdb14
ffffeaf8
ffffedc2
ffffd8c8
ffffde0b
ffffdf00
ffffeded
fffff240
00001afd
fffff84b
00001262
fffff32a
fffff025
ffffe6fd
ffffe281
ffffef6c
fffff2cb
fffff9e1
fffff35d
000001bd
000005bc
00000024
fffff0c7
00000cb6
000015ba
ffffee5a
00000817
ffffd934
ffffd73a
ffffdf9a
ffffd88c
ffffdb1c
fffff45f
fffffa36
ffffde19
fffffd5a
00000c0c
000001a4
fffff131
00001237
000020b1
ffffdd65
fffff016
ffff9fbb
ffff8257
ffff962c
ffffbe3e
ffffb940
ffffe3be
ffffe76f
ffffd9b4
ffffec83
ffffdfc2
ffffef21
ffffe8c7
fffff240
000005ec
ffffd65d
ffffeaf1
ffffad0c
ffff4d84
ffff87ff
ffffbf04
ffffb2ba
ffffee11
fffff742
ffffd6bf
ffffe6e5
ffffe57a
ffffdec1
ffffe1ed
ffffe044
00000850
ffffd46f
ffffe6f4
ffffacc0
ffff5dcf
ffff943e
ffffaabb
ffffbfc3
fffff83a
ffffe492
ffffdba7
ffffd29f
ffffcabd
ffffd698
ffffe311
ffffd06a
ffffff35
ffffdbfd
ffffc506
ffffaa43
ffff8016
ffff98b9
ffff9c86
ffffb733
ffffe2c7
ffffd8b3
ffffc709
ffffb458
ffffc5c1
ffffc6cc
ffffd1e0
ffffd3f2
ffffff14
ffffe200
ffffd6cf
ffffb271
ffffa210
ffffa224
ffffb1cd
ffffb5e6
ffffb3d1
ffffbcab
ffffaea6
ffff973f
ffffa6d1
ffffc228
ffffc432
ffffde87
fffffd2e
ffffe9a3
ffffe9bd
ffffd81f
ffffbb70
ffff8278
ffff8f3f
ffffa377
ffffc7d4
ffffa5ff
ffff8fcf
ffff96fb
ffffa15b
ffffbb50
ffffcbe2
ffffe4cf
000003cf
ffffe31e
ffffe89c
ffffd605
ffffc707
ffff90f9
ffffa887
ffffac85
ffffbec6
ffffa31e
ffffb09c
ffff93c5
ffff844a
ffffbd13
ffffe543
ffffe14a
000009ae
ffffe87d
fffff4a5
ffffdca2
ffffbadd
ffffc54c
ffffa64d
ffffd28c
fffffaee
fffffe77
fffff5b8
ffffc749
ffffac88
ffffca81
ffffdc4c
ffffd45f
0000046a
ffffebc2
fffff35e
ffffd650
ffffb84b
ffffb7a8
ffff955d
ffffcfe3
ffffdcef
00001b6d
00001a8e
ffffeb4e
ffffd3e8
ffffdfc8
ffffd431
ffffd92f
fffff9dd
ffffe66f
ffffe6d7
ffffb9dc
ffffa0f8
ffff85e7
ffff65d5
ffff933f
ffff9b37
fffff2ab
fffff491
ffffc5d1
ffffd99c
ffffe2d8
ffffee5b
ffffdd76
00000030
ffffe794
ffffe4ee
ffffbe87
ffffb238
ffffa7ca
ffff8a14
ffff9bae
ffffc374
ffffdec3
ffffc21e
ffffa1ce
ffffc667
ffffdb33
fffff66b
ffffe9d3
00000a4b
ffffd8d5
ffffebca
ffffc582
ffffce4f
ffffcff0
ffffc076
ffffa7f6
ffffc619
ffffeb6e
ffffd1db
ffffac82
ffffceb6
ffffdac6
000029e6
00001774
00000db4
ffffe720
ffffe0f0
ffffcc3b
ffffcdbb
ffffc28d
ffffcc51
ffffa9d0
ffffb1a9
ffffc512
ffffde33
ffffc7a3
ffffcd69
ffffc48d
fffff079
ffffe833
fffffa2d
ffffdc74
ffffd471
ffffc0d3
ffffb010
ffffa791
ffffc456
ffffc301
ffffb826
ffffbf3a
ffffb205
ffff9d38
ffffa15b
ffffb3f5
ffffc339
ffffc41c
ffffe878
ffffeb54
ffffd33c
ffffba0c
ffffaf01
ffffb113
ffffb53a
ffffc075
ffffbdde
ffffbf43
ffffaedb
ffffbc0f
ffffcccc
ffffbf0e
ffffba1d
ffffa7a4
ffffe079
ffffea90
ffffbb90
ffff9cfe
ffffb6ba
ffffd196
000003e6
ffffe97d
ffffd541
ffffc5ee
ffffbaf7
ffffd47b
ffffdc59
ffffd237
ffffc3ce
ffffa334
ffffde1d
ffffd734
ffffa5bd
ffff9fd1
ffffb02a
ffffe855
00000c88
fffff794
ffffd2ef
ffffbf54
ffffd261
ffffcce2
ffffd0f1
ffffdeed
ffffce29
ffffa7c5
fffff888
ffffca6b
ffffa01f
ffffaad1
ffffe5ef
fffff109
ffffd41f
ffffce4b
ffffc5d5
ffffb251
ffffdcec
ffffc875
ffffbff4
ffffe003
ffffd293
ffffa44c
00000c03
ffffd795
ffff97ee
ffffd73a
00002150
ffffff01
ffffaf30
ffffa6d8
ffffbcf6
ffff9f5f
ffffc61e
ffffcae8
ffffc234
ffffdd02
ffffd07c
ffffab99
000015ea
fffff870
ffffaca2
ffffa585
ffffd65f
ffffed0d
ffffce46
ffffaf04
ffffc304
ffffcefa
ffffc5ab
ffffdc2f
ffffd1a3
ffffcb3b
ffffcee2
ffffb875
0000124b
fffff2dc
ffffc52f
ffff9dd7
ffffac4b
ffff959e
ffff9025
ffff8d16
ffff9d8e
ffffbe9c
ffffccb0
fffffd78
fffff960
ffffeba4
ffffd893
ffffba48
fffffee5
000000ba
ffffdde8
ffffce1b
ffffb055
ffff82cd
ffffa1b0
ffffb69b
ffffbc95
ffffb200
ffffb3c3
ffffbda9
ffffd48f
ffffed4c
ffffcb0a
ffffc8ad
00000671
fffffd0a
ffffe659
ffffcb02
ffffcddb
ffffbb2c
ffffcde1
ffffde27
ffffc000
ffffe011
ffffd870
ffffcfef
ffffc00c
ffffc8b3
ffffbb2b
ffffb129
00000430
fffff8a2
ffffe1b2
ffffc4d2
ffffd724
ffffc646
ffffd265
ffffe537
ffffea9f
ffffe2bf
ffffe584
ffffe2d5
ffffea1d
ffffe4be
ffffc787
ffff9d95
fffff5af
fffff6e6
ffffdefe
ffffc314
ffffd384
ffffd9f8
fffff382
fffff1bd
00001fd5
fffff01b
ffffcc1a
ffffd78a
ffffe171
ffffdd27
ffffc4ea
ffff8d87
fffff428
fffff1af
ffffdc6e
ffffd19d
ffffc61e
ffffc08f
ffffd164
ffffde2a
ffffe9d5
000002b9
ffffe60b
ffffcf80
ffffe8c1
ffffe907
ffffd480
ffff9559
fffffd15
fffff59a
ffffdb9d
fffff58a
fffff3bb
ffffe3c2
ffffd410
ffffbe0f
fffff3be
fffffdd9
ffffd69e
ffffd91e
ffffff0b
ffffe920
ffffd612
ffffa391
0000026f
ffffdd7f
ffffcb34
ffffdf3c
ffffef01
ffffdf5f
fffff11f
ffffed79
ffffe1dc
ffffbcc5
ffffa8bc
ffffc6a6
fffff893
fffff679
ffffdd6a
ffffad4d
00000e50
ffffe514
ffffc41c
ffffe233
00000130
00000212
fffffd63
fffff9c5
ffffdfaa
ffffd19f
ffffdee6
fffff2df
fffff3be
ffffef64
fffffd83
ffffd0cb
00000906
ffffcdc7
ffffa3e5
ffffbdd5
ffffd292
ffffd480
ffffcf87
ffffd1f2
ffffdcd1
ffffcf82
ffffd228
ffffca1f
ffffb90d
ffffc960
ffffc579
ffffb51d
ffffea25
000022df
00003d29
000017cd
00001e93
00000024
00002f68
00003977
00002e34
00002289
00003924
00003f63
00003c69
00003cff
00002d46
00002be4
00003c36
fffff973
000020b8
00000485
ffffd9a4
ffffe9b0
0000222f
00001981
0000294e
00001b06
00001a5f
0000080c
00000af5
0000118e
0000081f
00002220
000035ec
fffff324
00001702
ffffe5dc
ffffd9a4
00000b2b
000037b4
00000b83
00003158
00002585
00000fb5
0000326e
00002033
00000a43
0000155b
00001cc2
00003122
fffff576
ffffd844
ffffd124
ffffed86
00005ef2
00008d62
00003b1e
0000536b
000030ef
00001367
00000b91
0000041d
fffffe5b
fffffa7a
000003f4
00001969
00000425
00002796
000033fd
00001dff
00003b13
00008dc3
00005b1d
0000498b
0000394c
0000245f
00001b18
000018d2
00002b25
00002237
00002df6
000039be
00000c71
00003618
000050e6
00008606
00004a6e
000056ac
00003834
00005f9f
00003864
fffffd95
000006e3
000012f8
00001a8e
00002429
000036dc
00004830
00000e93
00005f59
00005d7a
000064d8
00002b7f
00003d76
00006998
0000842d
00005a7c
0000386c
00001fbf
000030dc
000022fe
000038c6
00004ec0
000031ce
0000075c
00003598
000057dc
00001ebf
ffffffde
000032e1
000044fa
00003c3c
00004a55
00005870
00004f11
00003f98
00004ab9
000034bd
00004f29
00002b74
fffffdcd
00002295
0000546a
000019d9
ffffeb42
fffff9c8
0000499d
000072a8
00004a49
000034f9
0000480a
00003adb
00003532
000020a8
00004efc
00003eeb
fffff983
0000224f
00004eb4
00003464
00001045
00000f51
000047aa
00006dcc
00006c63
000043a0
00002cdc
0000339b
00003433
00000253
000018df
0000413c
fffff610
000012af
000021e0
000025ea
00000a25
000003c2
00004096
000073d4
00009632
00004a47
00002122
00001e11
00002754
00000283
00000ca2
000045a7
ffffde03
ffffecda
ffffe080
ffffd6ff
000018c2
fffff8dd
000031d2
000067d3
000045c1
00000914
fffffd08
00000e3f
00001cab
fffffd36
fffffdf0
00003c61
ffffceeb
ffffbeeb
ffffc988
fffff84c
0000162a
00001d12
000019c8
0000053f
fffff8c7
00000d18
ffffe8cd
fffff4f4
00001394
000020f2
00000b7d
00002c49
ffffea01
ffffdf97
ffffe4c4
000004b6
00001b2a
00001211
000011c4
fffff949
ffffdf1b
fffff42b
ffffe266
ffffdc37
fffff979
0000128d
ffffffd3
00001468
fffff1c7
ffffd82a
ffffef5b
ffffd28e
ffffd14e
ffffd9e0
ffffda20
ffffe8c4
ffffd896
ffffddd9
ffffbcc4
ffffb9ba
ffffd545
ffffe9a4
fffff06e
00000005
fffff6b9
fffff92d
00002d30
00002613
000016e8
00000e45
00000876
000011df
00000ed8
0000246e
000025f0
00002c97
00003534
00001d34
00004503
000011e6
00002596
fffff5ee
ffffe92e
00000793
00000081
00000e3f
000018a2
000013a1
000019be
000011b9
000024c4
0000254f
00001b85
0000176f
00002d57
00001c58
000008f4
ffffbf09
ffffd24b
ffffe8c5
ffffd31c
ffffcef2
ffffe2b6
ffffe703
ffffe960
ffffe153
fffff368
fffffc47
fffff1ad
ffffdf87
fffffac4
00001dd5
ffffe38c
ffff9f4a
ffffc8a4
ffffaddc
ffff98ed
ffff9017
ffffb3c5
ffffc06a
ffffb654
ffffc6e1
ffffd332
ffffdbae
ffffdea1
ffffc25b
ffffcf4f
00001132
ffffd54b
ffff836f
ffffa539
ffffa42f
ffffad43
ffffa5d4
ffffa990
ffffa9e4
ffff9c6a
ffffa92c
ffffdbe7
ffffcb3d
ffffc99d
ffffbc56
ffffc3d3
000018b0
ffffe3b2
ffff8fb3
ffffa6e9
ffffce23
fffffb3c
ffffe256
ffffba60
ffff96e9
ffff8961
ffff98dc
ffffc5a9
ffffbff5
ffffc1ce
ffffc21c
ffffbf4a
000007de
fffff1a9
ffffaed6
ffffb695
ffffcd93
ffffed96
0000004d
ffffd1a3
ffffb4af
ffffaa4b
ffff9756
ffffc02e
ffffb953
ffffbf0b
ffffb790
ffffc76d
0000096d
0000064d
ffffb622
ffffd33c
ffffeb6c
fffff76f
ffffec50
ffffcdb6
ffffdf83
ffffd169
ffff9cc3
ffff980b
ffffbf82
ffffd8b0
ffffe0c5
ffffd466
00000507
00000155
ffffb072
ffffcd85
ffffda59
fffffbcd
ffffb154
ffff9ebd
ffffb5a0
ffffca97
ffffc3c6
ffffaaa8
ffff9abb
ffffdb8b
ffffdb45
ffffc1cb
00000029
00000011
ffffa97a
ffffc56e
ffffc18b
fffffad1
ffffca28
ffffc2c6
ffffb5f1
ffffc0a4
ffffccd6
ffffb1a1
ffff9684
ffffbded
ffffc7c5
ffffd97f
000002ca
fffffee2
ffffa652
ffffbdc7
ffffb806
fffff41c
ffffec84
ffffff29
ffffd1a4
ffffcbb2
ffffca80
ffffca85
ffffb35a
ffffb9a4
ffffcad3
ffffe724
00001162
00000645
ffffbcbd
ffffd2c1
ffffc8b8
ffffe07c
00000f23
0000157e
ffffea55
ffffe3b7
ffffdf8e
ffffd985
ffffcba3
ffffbb1e
ffffccf1
ffffd952
00000b45
000004e5
ffffbc1e
ffffafb8
ffffaae5
ffff88c6
ffffcb32
ffffc6d1
ffffd8f1
ffffe42a
ffffddde
ffffd901
ffffc467
ffffb26d
ffffadb1
ffffba3b
00000590
fffff161
ffffaee0
ffff981f
ffff94a9
ffff8f46
ffffa17d
ffffa679
ffffd4fb
ffffccb0
ffffbbc2
ffffb694
ffffc487
ffffacd6
ffffab2f
ffffa611
ffffe7c0
0000062a
ffffa97d
ffffab35
ffffbc99
ffffada6
ffffa1ae
ffffb6dc
ffffdf82
ffffcf6b
ffffc4bd
ffff9c5f
ffffa91a
ffffa899
ffffb6b2
ffff9ec8
ffffe063
00000d6e
ffffaf60
ffffaaab
ffffaa6f
ffffafd6
ffffbc8b
ffffbfb1
ffffc5bb
ffffbf4e
ffffa375
ffff9a65
ffff9f5b
ffffadce
ffffb80e
ffffc50f
ffffdae7
fffff3f0
ffffb2ef
ffffaf46
ffffb6ad
ffffb5fb
ffffb183
ffffb116
ffffbbea
ffffafcb
ffffb864
ffffcc8f
ffffd302
ffffcb0f
ffffc3a7
ffffbce0
ffffd533
00000a39
ffffeee0
ffffd534
ffffc731
ffffd81c
ffffec27
fffff7ba
fffff1c2
ffffff07
ffffec5f
fffff371
fffff9d7
00000fec
000000a5
fffff6cf
fffff2a3
0000440d
00001691
fffffc11
00001807
00001423
00001def
00001692
000014ba
00001e64
00000e61
00001eae
00001c76
000024b7
000026b5
0000203e
fffff6cd
0000234c
fffff4b1
ffffdf76
00001474
0000104c
00002173
00000488
fffffbb4
fffffb86
fffffb77
ffffdfd4
ffffeceb
fffff59b
fffff9a1
fffff88a
ffffddf9
00001e15
ffffe3c1
ffffe9b3
00003449
00004a8d
00005c99
00002816
ffffeea9
ffffd90c
ffffddd1
fffff1c6
ffffe6e2
ffffe939
fffff452
ffffeccd
ffffd2b9
000040f8
00001011
00001bf2
00000cb5
000031f6
00003ceb
ffffe8eb
ffffcd7e
ffffedf3
fffff6b3
00001633
00002d7b
00002f3f
00003005
00001855
fffffc79
0000275a
00000e87
00005b58
fffffdb6
ffffaa31
ffffd33d
ffffd94b
ffffebdc
00001355
ffffe8aa
ffffe104
fffff538
ffffee0b
fffff64b
ffffed68
fffff022
0000354a
00001fb3
00006e5f
000033da
ffffc548
ffffdf39
0000252d
00004e71
00003251
00003e79
00004a33
00004dc3
00003d32
000022df
0000097d
000009ca
00003431
000014d8
0000317a
000028f7
ffffe956
ffffe819
00000d61
00002f3a
00004a17
00005a0d
00004d1e
00003dae
00003705
00000906
000004b6
0000066b
000039c0
00002a0b
00002fe7
00003120
fffff066
00000f3c
000014a9
fffffd3a
00000e04
00003def
00004a22
000035da
000025b0
000002e1
00000609
00000c20
00003534
00002675
00002e37
0000182f
fffff30b
ffffdb45
000003c1
ffffee64
ffffc502
ffffd932
00000399
00000e92
00001401
000015ed
00000dec
000001ce
00003736
00002391
00002961
000015bf
fffff1ba
ffffeb03
ffffe610
00000738
ffffdec7
ffffd47f
ffffcc18
ffffdd11
fffff4ff
0000119d
000008d2
fffff18f
000027e4
00000340
00000ed1
00002d67
000001fd
ffffc995
ffffc3c1
ffffa730
ffffdaaf
fffff0db
ffffc6a2
ffffb779
ffffa8a7
ffffe01b
fffff1f2
ffffeab6
fffffe17
ffffd3bd
fffffdc7
ffffff8d
00000dc3
ffffe8cd
fffff62b
ffffd792
ffffc9b6
fffffcba
ffffd612
ffffe8c9
ffffd08f
ffffd515
ffffcebd
ffffe509
0000062b
fffff10e
00002501
000018b3
00000ab3
00002800
00003a12
00002ca8
000034b3
fffffa83
ffffdf2f
ffffd91a
ffffcba5
fffff4ec
ffffcb8d
ffffce60
000017cd
fffff541
fffff86a
0000049f
0000042d
00001a8d
0000155a
000010ee
fffff5c9
ffffeb99
ffffdea3
ffffee00
ffffdfbd
ffffef37
fffff2ce
ffffe934
00003bb0
0000328a
00005326
0000531b
0000529e
000058aa
00004541
00005339
000054a0
000042fc
00004b37
00005766
000065f7
0000580b
00004a2f
00002752
ffffce80
ffffa835
ffffacd2
ffffa4ce
ffff83e7
ffff9499
ffff9e53
ffffaa60
ffffa140
ffffab65
ffffa9cf
ffffc304
ffffca5e
ffffb613
ffff9dd2
ffffb5a4
ffffcc27
ffff85c1
ffff7c96
ffff846e
ffff7ef2
ffff8a44
ffff9597
ffffa1f2
ffff8eca
ffff960a
ffffadc7
ffffc28d
ffffb9bb
ffffae93
ffff8d10
ffffba20
ffffbb0c
ffff7b95
ffff8b90
ffffadb2
ffffaf44
ffffb24f
ffffadff
ffffbc6b
ffffae90
ffffbe7d
ffffbe73
ffffc351
ffffca0c
ffffbbc0
ffffa661
ffffddec
ffff9e07
ffff5482
ffff7f61
fffffb08
ffffddd6
ffffa044
ffffc640
ffffad8c
ffff9c78
ffffa46a
ffffa7d8
ffffa4d6
ffffa904
ffff9fa6
ffff9067
ffffd05a
ffffa5cf
ffff541a
ffff9714
00000fc5
ffffe05f
ffffac8d
ffffebb4
ffffa71d
ffff9959
ffff8846
ffff84f4
ffff9170
ffff9cfd
ffff954e
ffff87dc
ffffbc29
ffffc48f
ffff74a0
ffff9f80
ffffd6ae
fffff89c
ffffd245
ffffd3cc
ffffb733
ffffaf00
ffffaa61
ffffa857
ffff9de2
ffffa9cb
ffffaa80
ffff9c87
ffffb2b6
ffffe4e9
ffffae27
ffffb327
ffffc8ec
ffffd923
ffff9dfa
ffffc219
ffffff00
ffffe228
ffffcaa6
ffffe5cd
ffffe58e
ffffd138
ffffcd79
ffffbdf0
ffffd248
ffffd090
ffffb415
ffffbfd1
ffffbe3b
ffffdb32
ffffc22b
ffffd98c
fffff998
ffffe3e3
ffffe586
fffff32b
fffff04d
ffffe7e5
ffffdd49
ffffcb80
ffffe1c5
ffffd0e6
ffffab2e
ffffba24
ffffd0d7
ffffeefc
ffffec6a
ffffc3fe
ffffd341
fffff08f
ffffe38d
ffffd6f9
ffffd745
ffffdbfa
ffffc150
ffffaf55
ffffd0da
ffffda83
ffffa60e
ffffb4c7
ffffbfcf
fffffb61
fffff239
ffffd3ba
ffffdc51
ffffe6e1
ffffe577
ffffd6f3
ffffe432
ffffd014
ffffb28b
ffff9b50
ffffca2d
ffffdbd1
ffffa8e6
ffffad69
ffffa88a
ffffdaef
0000051d
ffffff29
ffffeacd
ffffd380
ffffd6ed
ffffd256
ffffd68d
ffffcdee
ffffb8af
ffffa5bc
ffffc836
ffffdbdc
ffffb2e5
ffffaf1b
ffff8a06
ffff884e
ffffaffc
ffffe787
000006bc
ffffd0e6
ffffb52e
ffffc2de
ffffc599
ffffa685
ffffb8d6
ffff99d3
ffffc384
ffffd985
ffffadb3
ffffbd7b
ffff8f76
ffff80ce
ffff6b7e
ffff9054
ffffe26e
ffffe23d
ffffa7e3
ffff9109
ffffa8c0
ffffa8d0
ffffae64
ffff9d49
ffffbe2f
ffffc429
ffff933b
ffffad41
ffffc019
ffffb3df
ffff9b28
ffff96fb
ffffb337
ffffb0d8
ffffa47a
ffffa5e4
ffffa858
ffff8043
ffff91f7
ffff7dc0
ffffb504
ffffa75a
ffff6da7
ffff84e4
ffff97ef
ffff9fa0
ffff9a8d
ffff94c1
ffff92d9
ffff9e86
ffffa2fd
ffff9970
ffff9a75
ffff9d82
ffff877b
ffff805b
ffffa702
ffffaef4
ffff9035
ffff96e5
ffff9df4
ffffa6dd
ffff99b6
ffff965b
ffff9cd1
ffffb01b
ffffa945
ffffaed6
ffffa40c
ffffa98e
ffffb8c3
ffff8173
ffffbcca
00003353
00004b8c
000058e8
000045b6
00002e5c
000045be
0000594a
00005dbd
00005e3e
00005d9d
00005511
00006049
00005fcf
00006ce7
00008060
00007bec
0000291d
000024a1
00003fb1
0000410b
00002ca4
00004185
00003001
000038eb
000038e7
000031ee
00004450
00004ca1
00003234
00002ecc
00005c97
0000723d
0000297a
00002fde
00000f9e
00001c9e
000019c8
00004280
00001c32
000012af
0000279b
0000355d
00003608
0000244f
000020e1
00000c7b
00004127
00006d88
0000214a
000033ee
00003fd8
00003ee6
00003db2
00004c61
00004314
0000268a
000030d9
00004c12
00005028
000033d0
000029d9
00002705
00003ee8
0000844a
0000148d
00000ce5
000050d2
00006438
00006a39
00004e25
00005746
00002197
0000200a
000036ea
0000302f
00002c62
000028e2
00001f8b
00001ea8
00008a56
000009ab
0000156c
00006e0d
00008265
00003e1a
000019e2
000074bc
00006526
00003a44
000017da
00001b01
00002fcd
000011f3
00001c9f
0000159b
00008ecf
00000e5d
00001acf
00005462
0000a390
0000525e
00002c82
00006323
000079b4
00006893
00002d2b
00002090
00004c62
00003cee
00003208
000022f1
00008174
00000fcc
00000f23
00002bd7
00008265
00004aa2
000000f0
000011b8
00006a16
00003296
000023bd
00002eff
00002be1
0000508f
00001b73
00000830
00006102
00001906
00001727
00002445
00005882
00002298
ffffe5f6
000005ea
00001c6d
0000063b
000008b8
0000121e
00001912
00005690
0000262e
00001e11
00005c77
00001b9a
00000b45
00002630
00003390
00003eb6
00000838
00001291
fffffd52
00000c25
0000112d
00000ca9
00000773
00003863
00003fb3
00002836
0000587d
00002153
00000fe1
00003451
000027b1
00003c52
00006544
00003993
0000260a
000041b5
000039b0
000034ac
00001754
00002484
0000485d
0000333a
00006a6a
00001ffb
000002bf
00001476
000026d1
00001d98
00006e5d
00002afc
fffff977
000017fa
000030d5
000041ea
00002e34
000016ee
00004d06
000016f3
00006ae8
00000b7d
ffffe6ef
fffff042
00000d73
00001b77
00003b32
00003184
0000078e
fffff029
fffff370
000039f8
00003af4
00001242
00003961
fffffbcf
00005b9e
0000075d
ffffdd7b
fffff68f
0000115e
00000c2d
00002fb2
00002f73
00005544
000022fb
fffff6e9
ffffec13
00000dbd
fffff63c
00001875
0000018c
0000553f
00001543
ffffde55
fffffe55
00001544
0000186a
0000292d
00002084
00002a86
00002191
000001ab
00001232
0000273c
000028f9
0000351d
00002da8
00006651
000017e2
0000034e
000016bb
0000236b
000020e3
0000192d
00002774
00003dcf
000041e1
00003d63
00002cf7
00002c06
00003c71
0000369e
000028ae
00005671
fffff2f5
ffffb845
ffffa3d4
ffffc889
ffffe973
ffffd032
ffffbe6b
ffffbf46
ffffc14b
ffffc09e
ffffcea9
ffffce3b
ffffca7e
ffffbdf6
ffffd159
ffffd0aa
ffffd384
ffffa58c
ffffa21d
ffffd6f8
0000090b
00000040
ffffd576
ffffbd90
ffffbedc
ffffc1a6
ffffc4bc
ffffa99a
ffffb8f8
ffffb72e
ffffbc4d
ffffb6d1
ffffc829
ffffaef4
ffffded3
00001173
00001591
ffffdec7
ffffc627
ffffcb1c
ffffd231
ffffd20b
ffffcae4
ffffc322
ffffce5f
ffffce42
ffffcfe6
ffffd9fc
ffffb9fa
ffffaec3
fffffa3f
00002777
ffffe91f
ffffb82a
ffffa623
ffffbffa
ffffce5c
ffffbf8c
ffffc00a
ffffb690
ffffc6af
ffffc912
ffffccdc
ffffe6f5
ffffcb82
ffffb356
ffffe4d2
fffff416
ffffb99b
ffff9b54
ffffad6a
ffffbd4b
ffffc431
ffffd62f
ffffe3b1
ffffd7a2
ffffe335
ffffe756
ffffefc5
fffff303
ffffd999
ffffa261
ffffc70b
ffffbf57
ffffa443
ffff7578
ffff7661
ffff9693
ffff9a8a
ffffde88
ffffeae8
ffffded8
ffffe178
ffffddd2
ffffd9f4
ffffca54
ffffe8cc
ffffb921
ffffc337
ffffbcd2
ffffa720
ffff7b0e
ffff81a1
ffffa29c
ffff9cd7
ffffacd1
ffffd401
ffffddc8
ffffd557
ffffe0ff
ffffd6c1
ffffc747
ffffd81d
ffffaec9
ffffbb10
ffffcea7
ffffc392
ffffaac1
ffffca9b
ffffc321
ffffa90b
ffffb451
ffffbbc6
ffffce86
ffffdee2
ffffd5a9
ffffca8a
ffffc289
ffffd2a5
ffffa2c2
ffffbb6d
ffffd821
ffffd6b6
ffffcb09
ffffba8c
ffffafbe
ffffa8a9
ffffaf23
ffffb7aa
ffffb9b8
ffffb5d9
ffff9be3
ffffa174
ffffbf5f
ffffd550
ffffa255
ffffa115
ffffb93d
ffffc7ba
ffffce57
ffffb170
ffffd354
ffffce52
ffffca53
ffffd14b
ffffcd99
ffffb63e
ffff98c1
ffffa5e5
ffffc6d0
ffffcc74
ffffa617
ffff9603
ffffa185
ffffb0d2
ffffccd6
ffffb27a
ffffbebb
ffffc59d
ffffc974
ffffdeb6
ffffd361
ffffc8cd
ffffae43
ffffab33
ffffc1a8
ffffc3c9
ffffa78d
ffffa527
ffffb1ee
ffffa87b
ffff9f3d
ffffa39f
ffffba6d
ffff988c
ffff8d2d
ffffb966
ffffdf6c
ffffceef
ffffb6db
ffffa1cf
ffffc273
ffffc8f4
ffffb767
ffffd177
ffffc2a4
ffffb83a
ffff7a4f
ffff7fcf
ffffb395
ffffa69c
ffff7f04
ffffc1ec
ffffdb11
ffffcfa0
ffffbc05
ffffaf8d
ffffcfbb
ffffcd1e
ffffb582
ffffd919
ffffcd59
ffffcebf
ffffa65c
ffffc02b
ffff9674
ffff99c8
ffffa6c1
ffffd31c
ffffbf1e
ffffaf6e
ffffc05e
ffffb264
ffffcef2
ffffe646
ffffe514
000016ff
0000105e
fffff904
fffff789
fffff56c
ffffd615
ffffd7cb
ffffe674
ffffe97f
ffffe518
ffffeb80
fffff746
ffffe047
ffffefe2
fffff0e6
fffff588
00001bab
00001e9c
00002104
00001aad
fffffeac
0000004b
fffff84e
fffffaaf
fffff8f9
00000513
00001265
00000290
fffff1ea
fffff532
fffffcae
ffffe3a6
ffffe48c
fffff4bf
000029d6
000019b6
000011c9
fffffd3f
fffff236
fffffcf7
fffffe92
00000ca5
fffffc65
fffffc09
ffffed29
fffff40e
ffffd698
ffffa548
ffffc8db
00001b88
000036f1
00000ca4
fffff35e
ffffdac0
ffffd387
fffffa8e
fffff5ab
ffffd4d9
ffffd3ae
ffffdc2c
ffffbb7b
ffffe639
fffff1ea
ffffc696
fffff210
00002fb4
00002393
00000f59
0000100e
fffffa92
ffffffc5
00000564
00000d78
ffffff9b
fffff925
fffffbea
fffff3f8
000006cb
fffff0cc
ffffe1e2
000012da
00000902
fffff72f
00001fbe
00000e44
fffffb25
00000b7c
fffff873
00000ca8
00001ea9
000015bd
00000f32
00000ee3
00001971
ffffe659
ffffeb07
fffffaa7
ffffadce
ffffdab0
fffffea8
fffff497
ffffeb61
fffffe71
000003c5
000010b8
00001c23
00001360
00000504
fffff7c3
00000ba4
ffffdbb3
ffffe9e2
000003b8
ffffeacd
fffffa6f
00001721
fffff4dd
ffffb5f7
ffffbb68
fffff43c
ffffdfca
ffffd0a1
ffffec27
fffff20b
ffffd016
00000694
ffffe6fa
fffff396
00000454
000016cd
000028fe
00002bef
00000962
ffffc9bd
ffffb5d8
00000982
00000c34
ffffe137
ffffda08
00000e91
ffffe9b8
000002cd
fffff426
fffff857
ffffe83e
000008e4
0000062d
00000ea1
00001534
000004be
00001572
00004354
000036bd
00001661
fffffdcb
000013dd
ffffef94
fffff513
fffff220
fffffd0e
ffffdfe0
ffffd8d7
ffffbb5c
00000198
00001a00
00003714
00002928
00000ecd
0000300f
00003e14
00001264
000007b3
fffff524
fffffb1e
ffffe3dc
fffff0f0
ffffe910
ffffc70c
ffffb96d
ffffc398
ffffd184
ffffeca7
fffff08d
00000b45
00001d3d
0000297b
00001da0
ffffee86
ffffebda
0000092d
ffffd9a5
ffffe9b8
ffffff92
fffff32e
ffffdcd0
ffffcf0e
ffffddd2
ffffee4f
ffffcc44
fffff389
00000e8f
000023a7
00001322
ffffec98
ffffe8bc
00000352
ffffdfff
ffffed09
00000632
fffff450
fffff336
000005c1
000014ba
ffffe631
ffffbf5c
ffffd572
0000172c
00001f77
00001f49
fffffb92
ffffe5c5
fffff2ad
ffffdce4
ffffef5b
ffffffb5
ffffe981
fffffc85
000012c4
000004fb
ffffbda8
ffffaebb
ffffe3e8
00001f5f
00002a69
00000a2b
ffffddbf
ffffcfa4
fffffe19
ffffca25
ffffe1dd
ffffda81
ffffd471
ffffee24
fffff273
ffffea5d
ffffa4f1
ffffa36b
ffffc67a
ffffe448
00001a39
ffffcc9b
ffff9dba
ffff9430
fffff698
ffffaf3b
ffffcbd1
ffffd9cb
ffffeec6
ffffeca6
ffffdeb7
ffffccaf
ffffcdb1
ffffc7f1
ffffc513
ffffe03e
fffff2bb
ffffdba7
ffffd4f0
ffffbb29
00001219
ffffcba7
ffffe78c
fffffd39
fffff329
fffff712
0000021c
fffffffc
fffffc6e
fffffa55
fffff35e
fffff077
fffff331
ffffef31
fffff462
ffffd30b
000018a9
00004d8a
000067cc
00002e5c
ffffff61
00001415
000024c9
00004840
00005072
00004799
00005522
0000470d
00004e96
000061f8
00006b27
00006e18
000033a8
000069c5
00007fa2
00004e1b
00001bab
00000e8f
00000362
00002808
00005daf
0000587a
00005e20
00005115
000047f0
000057c7
00007406
00007821
00004ac4
00001e33
000011b5
fffff858
fffff837
0000305e
ffffc6d4
ffffcf90
00000e31
0000002c
0000015d
000012c8
fffff9ac
fffff370
ffffff97
0000221d
0000017c
00004476
000048c2
00002135
00001850
000055ad
00002172
fffffca2
000021ea
00003d12
0000226f
0000370a
000022c5
00000f92
00001a55
00002b40
fffff873
000063e4
000089d5
0000a27e
00004823
00007bcd
00007c6b
0000515f
00003fe8
00005536
0000360e
000041a7
00003c2a
00003803
0000477c
00006575
00000aa9
00004d30
000062db
00009a4f
00007b89
00006577
000092e3
00006679
00006b0c
00003dae
00002817
0000142d
000027d0
00002fe2
0000424e
00007460
0000200a
000048b5
00003fa6
000076cc
000081ee
00004d39
00006132
000056a0
00005d25
00001e20
ffffeb26
ffffe66d
ffffe61b
ffffd3c3
ffffec94
00003f5c
00000cf1
00005d86
00005558
000073c7
00006979
0000394b
000059ad
00004a50
000044c4
00004050
0000408a
00003a95
000051a2
00003e8d
0000164c
00005258
0000259c
00005412
00005842
00007425
0000822a
00006041
0000571f
000053a9
00006e41
00005f15
000042dc
000040c2
00006e9f
0000a3f7
0000581b
00005de0
0000211b
000046c0
00004bca
00007084
000070fb
0000679a
00006c2f
00007383
00007126
00004704
0000272f
0000264b
00005024
000086a0
00005a44
00004491
00001b7f
00003f36
000031cc
00005198
00006fa9
00006d72
00007104
00004157
0000622c
00006338
00004a6d
00003ed1
00003e39
00005901
00004a61
00003f79
00000e39
0000426f
000046bc
00003c80
000069b2
00008a20
000092ce
000077f6
00005bca
00008b4a
00009563
000062b1
00003c14
00004570
000044fc
00004408
0000158b
00005022
0000315e
0000260b
00003b0e
000095f2
0000b3fb
0000d26c
0000a135
00005f22
00007bcf
0000859b
00004994
00006d62
00006eab
0000699c
00001ef8
00005558
00002dca
000003d6
00001614
000046c4
00007ab2
0000c2db
000096b9
00003a6b
00005949
0000504d
00006329
0000cb22
0000bd69
00008e69
00002314
00005c8f
000034ff
0000295c
00001ea6
00003c5c
000047e6
000043ed
00003fce
00001cc1
000030ec
00003913
00003ea4
00007cf0
0000658b
000069c0
0000175e
00007909
000071d5
00005992
000041fe
00004e7b
00004af9
00003902
000058d1
00004040
00003e01
00004819
000059bb
00005a6b
00004ed0
00005607
00001de1
fffff8e0
ffffe742
fffffa90
fffff466
ffffdd8a
ffffeabd
fffff353
fffff573
fffff2f3
fffffb91
fffffbe5
fffff801
ffffe97e
ffffe5d2
ffffdfb9
00000aa7
fffff721
ffffd9fd
000010a5
ffffefbc
ffffdd33
ffffd7c2
ffffe2a5
0000016a
00000801
00000c84
00000b47
fffff58c
fffffe9e
fffff7d3
fffff722
0000330d
fffff129
ffffe0d9
000009f0
00000411
ffffe2cd
ffffd541
ffffeb51
fffffd49
00000935
00000082
000012d1
000005ce
0000099d
fffff9e2
00001207
000036b6
fffff2ad
ffffbb67
00000694
ffffd351
ffffe60a
0000261a
00000bfe
fffff594
00000f4e
00001294
0000079c
00000e95
0000137a
fffff142
00000bd0
000034a5
fffff974
ffffe765
fffffbc8
00000041
000000a7
00005860
00004848
ffffd87c
00000eac
00001c49
00001cbd
000018b9
000014ed
fffffbae
0000044b
00003ef7
fffffebf
fffffe46
00001dfd
00001988
00003471
000046bb
000043a9
00002d25
fffff9aa
00000536
00000459
fffffbf1
fffff2cc
ffffffef
00001c62
000042a7
fffff102
ffffe480
000015fe
000035a1
00003bfc
00002dfe
00004109
0000296d
fffff813
fffff35d
ffffd5a9
ffffb8d1
ffffc026
ffffd2f3
0000083e
00003500
000004c0
ffffe807
ffffe067
00000705
0000362b
00003fb1
00006026
00006e65
0000882f
00004bb6
00002115
00001b7f
0000001f
ffffe45b
0000150b
00003802
00001487
00000296
ffffe3f0
00000454
00003adf
00007078
000060cf
00008831
00008651
00005f1a
00005550
000069d8
00006044
00001167
000013fb
00002988
00000658
fffffe49
ffffdfdc
ffffeb25
00000928
000046d9
000020bc
00001a46
000029c2
00001c93
00000ab4
000027f2
00003cb5
00001cad
0000115b
000026ee
00000cba
0000038e
000009b3
00001097
000028ad
0000229c
0000439a
000029de
00000b8a
ffffe397
ffffe5ed
fffff385
00000e96
0000021f
00000dec
00002f56
0000174b
fffffc9c
000012ab
00003e10
0000573a
00006fc8
00007d8a
0000822b
00000ffb
000013f6
000013ca
00001643
00001643
0000109b
00000a21
00002fc0
00000c50
fffff977
0000040b
00001d5c
00003b15
00005d5a
00005e88
000051f7
00001c80
00005141
00006158
00004404
0000244f
00002007
00001e69
00004012
fffff617
fffff5ad
ffffff89
fffffc16
000024c9
00002758
00001d89
00000c00
00000de7
000028f5
000055b7
00006d97
00004284
00000fc7
000005ef
000033bc
fffff2de
ffffd596
ffffd03b
ffffd395
fffffa01
fffff766
fffff089
fffffded
fffff4f3
00000821
00001f81
00002bbc
0000235c
fffff8aa
ffffeab7
00001cd8
fffffba7
ffffd78b
ffffd186
ffffd43b
ffffec98
fffffa17
ffffed2b
ffffedee
ffffed31
00000027
fffff962
000008dd
00000661
000001a6
ffffff8c
00001adb
00001927
00000b34
000003d6
00000de6
000006c1
fffffeaf
000003ac
00001231
0000164f
00001270
000016a1
00001d88
0000193d
00000fd6
00000463
00000126
000028a5
0000076b
fffff53c
000016fa
000013f2
ffffffba
fffff2e0
00000dfa
00000de1
0000116b
000017ea
0000257d
00001eab
00001733
0000103b
00001ec3
000024e2
fffff5de
00000f48
000021a9
000001b7
000006d6
00000170
00000a56
fffff368
fffffa8c
000006bb
00000e3a
000009a3
0000056e
fffffc57
00000fa4
000019e7
fffffd04
0000052b
0000136c
00002022
00004683
0000251d
0000241c
fffffe44
000003bf
0000158b
00000a4d
00000a73
00001396
fffff67a
00000b07
000036c5
00002df6
00002979
00001df4
00003859
0000400b
000001d9
00002a82
0000300b
0000200a
00002805
0000087a
00000c69
000018bb
000009dd
00002589
000030c1
000022c8
00002099
000000d8
fffff07d
0000211b
ffffe0f7
0000050d
00002a39
00003023
000035d1
00002a0d
00002a38
000027a4
000004f0
00001bd0
000018fa
fffff59a
ffffd860
ffffe818
ffffbd74
ffffeb76
ffffcc7d
ffffca5b
ffffecec
ffffe563
ffffdd35
ffffd529
ffffe351
00000d1c
ffffe27d
fffffb30
0000131a
ffffe3c5
ffffbfa2
ffffd756
ffffd527
ffffe607
ffffe5c8
ffffb846
ffffda37
ffffd852
ffffc0d1
ffff9efa
ffffa873
ffffdfe4
ffffe835
fffffecd
00001496
ffffde0a
ffffc4b5
ffffc98f
ffffd8e0
000004da
00002bf7
00001b8d
00001795
0000081b
000008b4
fffff4a8
ffffd8b1
fffff931
ffffefeb
000002cc
000024a9
0000042c
ffffe6ed
ffffd359
ffffd697
000007c3
000022ef
000038cb
00001607
0000021c
00000d64
00000ef3
00001684
00000e97
fffff20f
fffffa70
00002c24
ffffff9b
ffffee89
ffffcd85
ffffb947
ffffcbe2
ffffcfa8
00000ea2
000022e1
00001010
0000045f
000004d6
00001334
0000191e
ffffff39
fffffed0
000025a8
ffffec1b
fffff6a2
0000032a
ffffe6e5
ffffdc41
ffffc597
ffffe4a4
00001a4b
00003317
000018bc
000012f4
000022a0
000019e4
fffffec6
fffffb59
00001cdb
fffffaf0
00000a8c
00001c52
00001f82
00001704
000022b8
00001a74
000044cb
00003db4
00001d0e
00002a0a
00003b60
00003ede
00002310
00000d43
00001e2a
0000073c
00000f2b
00001b0a
00002737
00002aae
00003503
00002933
00002e48
00002289
000031bb
00003d3f
00006859
000065d1
000043c0
00001dd2
00002954
0000157e
00000472
00000233
00000fb1
00002006
00000c1e
00000c24
000013b3
000013da
000014f7
00001180
00004343
00003107
000025bc
000026dd
000043f3
00002ed0
00001380
00000faa
00000c13
000014fd
00001bd3
00001fad
00002214
00001f5b
000015f8
0000012b
0000028f
000012d6
00002345
00001e0a
000016d3
00000c0f
ffffecaa
fffff0ea
000007e0
0000057b
fffff3f7
ffffea72
ffffee00
fffff0be
fffff688
fffff16c
fffff478
ffffeb35
fffff6c2
fffff169
000010b7
000006b8
ffffdcd7
fffff796
00001a82
00001c26
00001419
fffffa2e
fffff917
fffff829
fffffe06
fffffe05
fffff743
fffff1f8
fffffa1c
fffffbb3
00001d0f
000008d1
ffffe8da
0000111e
000011e0
00000b54
000019ef
00000ebb
fffff4c4
ffffe5b0
fffffc4c
fffffa6d
fffff466
ffffee42
fffff885
00000195
fffffea9
fffff5cc
ffffeb48
00002c36
00003467
00001ad4
00002092
ffffe11e
ffffe578
ffffd49c
ffffdd9a
ffffdfe6
ffffd7a1
ffffc93e
ffffd8c2
fffff011
fffff798
ffffd849
ffffca7b
000027fa
00003fc3
00002d59
00000783
ffffc94a
ffffe4bd
fffff950
ffffdb96
ffffcfd2
ffffce6f
ffffc4e2
ffffc9ad
ffffdd29
00000cba
ffffe436
ffffc0d5
0000014e
00000fca
fffff04d
ffffeb61
ffffae21
ffffa6d1
ffffc852
ffffd5ca
ffffd2b8
ffffcc95
ffffd0a2
ffffd3cc
ffffdf1e
0000214a
fffffd9c
ffffd661
ffffe0ea
00002ee6
00001991
00000790
ffffc5e7
ffffc74f
ffffddd0
ffffe362
ffffdeac
ffffdee5
ffffecf0
00001590
00000167
00001536
fffff0a6
ffffcc02
ffffdeb7
00005dba
00005531
000039e3
00001190
00001278
fffffeb1
00000225
ffffe90d
ffffeed4
ffffeaf5
fffffebf
ffffef6a
000011be
fffff368
ffffba92
ffffdc37
00004c93
00002dde
00003ef0
000016db
0000290c
000017da
000010aa
0000116b
00001072
000010a5
00000546
ffffe8e6
00000f71
fffff439
ffffbb44
ffffd1dd
00001fde
00003e5d
0000255e
fffff02e
00000108
fffff759
fffff7cb
fffffe46
fffffe6f
00001e7e
00000178
ffffec4d
00000506
ffffffb6
ffffd58f
ffffce63
00000063
00001d0b
0000121a
ffffce67
ffffe9eb
00000049
0000030f
fffff5be
ffffed03
000005d3
00000203
ffffeff6
00000de8
000006bc
ffffef6f
ffffdc6a
ffffec43
00002034
00003779
ffffff41
ffffecfb
fffff6e5
00000543
fffffe68
fffff271
fffff7ee
00000bb3
fffff6c4
00001390
00000415
ffffefe5
fffff790
ffffec09
00000b36
000039ae
00002d86
00002675
00000dfc
0000044f
00000d53
000009fa
000014d7
0000132b
fffff067
00001c8e
00001487
fffff9ee
fffff472
0000004c
ffffeaa3
fffff52c
00000e5a
00002bae
000000e5
000006b9
000003c2
000009da
fffff2fa
fffff4be
ffffe93b
fffffdad
00000733
fffff4c4
ffffdde2
ffffd5ed
ffffde5e
ffffd8e7
ffffeba6
ffffecb4
ffffcee0
ffffe1ef
ffffdd26
ffffe07e
ffffbbe9
ffffe529
fffff1ad
000010c9
00001bd7
00001b0e
0000188a
00000e82
00000e70
00001a7e
000008e9
0000125d
00000f8b
000006a1
00000c0d
00000ad3
0000068d
00001511
00000be1
000033ac
000023fd
00001ecb
00001a69
ffffff03
00000e3d
000020bd
00003503
000030a4
000036f9
0000396b
00003e39
000035ed
00003440
00003608
00003022
0000209f
ffffffce
ffffed38
ffffd6c6
fffff58a
fffff1f0
fffffcc4
fffffd5e
000000d7
000004ba
00000c8e
00001773
000013e0
00000b8a
000007d1
0000104f
00001e3a
000003be
fffff3c2
ffffef5f
00000a13
fffff815
fffff4a1
00000104
0000088b
000007fa
00000e00
00001110
0000201f
00001324
00000a39
0000106a
00001ac9
000004b7
ffffff02
00001571
0000119c
fffff587
fffff30e
fffff64a
fffff391
fffffe4f
000020ce
00002862
00001f3b
00001643
00000877
0000045a
000018b7
fffff718
00000349
000023f8
00000ff5
00003de4
000006e7
ffffda3b
ffffd350
ffffc76a
ffffede9
ffffff84
0000037c
fffffe7c
000004f3
00000052
00002bba
00000ab1
000012a5
0000224c
000005ef
000009fc
00000374
ffffe48e
ffffd4db
ffffdb2b
ffffebfb
fffff776
fffffdce
fffff9ef
0000102a
00000dc3
00003221
00000152
00001cdd
000012dc
ffffe7d5
ffffee02
ffffed21
00000f34
ffffe9d5
ffffef5c
fffff5ca
000009e6
000003a1
fffff622
0000021b
000005dc
000026cb
fffffc08
00000a5f
ffffe48a
ffffe8b3
00000b8d
fffff79b
ffffe8d9
fffff357
00000466
0000026d
fffff2e1
fffffcd1
ffffee83
ffffe2f6
fffff750
00002724
fffff7b1
00000823
fffff274
fffff766
fffff630
ffffee4d
fffffe50
000009b8
0000140d
00001d5a
0000105e
000015ed
00000366
fffff99a
ffffec21
00001a52
ffffed26
00000771
0000005e
00000093
00000ee3
00000080
000017aa
000006d6
000004bb
000015f3
00001861
0000144b
00000a5a
fffffc58
fffff11a
000014b8
ffffefaa
00000925
000005c5
fffffd29
0000238e
00000c93
fffffda1
00000396
ffffffc3
000013ab
000016f4
00000f05
fffffeba
fffffa42
fffffee0
00001d61
00000274
00000f17
00000989
fffff526
00001249
000027ec
000015f1
fffff8cf
000005af
00001e00
000028fa
00001ae1
fffff15d
ffffe682
fffff4a7
00001a34
fffff4ec
00000060
000007ad
00001146
00000bc0
00000f7a
000010b8
ffffd60e
ffffe8b9
00000951
00001664
00002aaf
0000077c
ffffeb88
ffffecc5
0000122a
ffffdc5a
fffff4ff
0000073e
ffffea05
ffffe044
ffffe22e
ffffed51
ffffd143
ffffffff
ffffff04
00000176
fffff441
ffffe86c
ffffe3a1
ffffe66d
000008ab
ffffce77
ffffda40
ffffe188
ffffded0
ffffd1df
ffffe01a
ffffdd62
ffffd815
ffffd775
ffffcfed
ffffe6df
ffffd89c
ffffb815
ffffcdd5
ffffd2f8
ffffefd3
ffffe6c9
fffffc29
fffff9a0
fffff229
ffffeca8
ffffe654
fffff036
ffffeb71
ffffee4d
fffffb09
fffffa1d
fffff9b6
ffffeba8
fffff68f
fffffbb7
00000e4f
fffff767
ffffeef5
ffffe64c
ffffd90d
fffff001
000002c8
00000c06
00000d85
00000306
fffff6fe
fffff899
fffff67a
000003bb
fffff6c5
ffffddac
00000871
fffff90f
ffffdb5d
ffffc244
ffff8cc9
ffffb110
ffffe6e1
ffffeed7
ffffef76
ffffe99b
ffffde28
fffffd4b
00000741
00000c52
fffffd38
fffff0ba
00000ec5
ffffe95c
ffffd7be
ffffcd69
ffff7f49
ffffab35
ffffe790
fffff39d
ffffe893
fffffb2b
fffffde5
ffffffb5
00000acb
00000f8d
fffffd78
fffff068
0000150a
fffff8e6
ffffcb3d
ffffb07f
ffff8048
ffffb0fa
fffff41e
fffff05b
ffffd12a
fffff271
fffff360
fffffc66
fffffd26
00000143
ffffefd0
ffffd397
000027cc
000028bb
ffffe2b4
ffffa27e
ffffaaac
ffffb998
ffffc235
ffffeb04
ffffa107
ffffb329
fffff440
000010b9
fffffd48
000003bf
ffffe702
ffffdb92
000027f9
0000280f
ffffea43
ffffb330
ffffc9ba
ffffb5a8
ffffabc7
ffffe2cf
ffffb2c0
ffffcbe5
ffffc1c0
ffffd4ca
fffff88f
fffffac0
fffff1d8
ffffe25e
00000222
00001273
0000023c
ffffd39c
ffffc829
ffffbbea
ffffef33
ffffe81a
ffffc425
ffffe727
fffff008
ffffde8f
ffffee3d
fffff620
ffffe618
ffffef01
00000ce1
00000736
fffff642
ffffc4b9
ffffa9f3
ffffeaa6
fffffb91
ffffde50
000012f4
00001a96
0000131e
fffff409
ffffdf7c
ffffeb95
ffffd541
ffffe54e
00000859
00000ff3
00000a02
ffffd004
ffffb262
ffffd78a
ffffad9c
ffffbcbc
fffff1bf
fffffe71
00000865
000001e5
fffff0fd
ffffe95b
ffffe774
ffffeba7
00000039
00000daf
00001c89
fffffc4a
ffffd24b
ffffbb31
ffffb1b8
ffffbd0c
ffffc054
ffffca71
ffffeb53
ffffe742
ffffde91
ffffd956
ffffed9b
ffffe716
00000dbb
0000083b
000029d1
000023ed
fffffb07
ffffad5b
ffffb81a
ffffe587
ffffab2b
ffffae39
ffffce7c
ffffd566
ffffd90d
ffffd8cd
ffffe167
ffffe2e3
00001b65
00000ef3
00002974
00001fba
00002595
0000055e
ffffeab6
fffffea7
ffffd9a4
ffffd684
ffffd472
ffffe0c9
ffffcfa3
ffffdf92
ffffea70
ffffe31f
0000194a
00000b3b
00000c98
00001203
00001f0d
0000383b
00001b71
fffff0b0
fffff744
fffff120
ffffe6e4
ffffeba3
ffffdb53
ffffeda6
ffffbcd6
ffffe1db
00001ee3
00000917
00001571
0000275a
00000d3f
000024a5
00001fba
fffff57e
ffffde5a
00000acf
fffffb39
fffffab1
fffffa4c
fffff651
ffffec8a
ffffea8c
ffffffe2
ffffd5dd
ffffcd89
fffff66c
ffffe2f2
ffffdbed
ffffea32
ffffe795
ffffec71
fffff8f0
fffffbec
ffffece6
ffffcf27
ffffc3e4
ffffc49b
ffffea12
fffff267
ffffd78c
ffffd5b4
ffffe876
ffffe588
ffffe08c
ffffd7a0
ffffdaa9
ffffdfd4
ffffd8b0
fffff612
ffffe23f
ffffe3bf
ffffc9d8
ffffcddf
ffffec83
00006554
00009431
000098ce
00009596
00008312
0000894a
00008ed2
00008dec
000088af
00008618
00008082
0000853f
000086f6
00008de5
0000a6cc
00007952
00005567
00007ccc
0000a1b7
0000b6b4
0000bb32
00009af1
00008b8b
0000869c
00006bfc
00006b54
000068e3
000078e4
00006169
00006645
00008365
000058a9
00005bcd
0000886e
0000a3d6
0000b4f8
00008bf9
000076c9
00008dc5
00008255
00007fa2
00007ab7
00007c3f
00006b40
000056f8
00005e72
0000736f
0000481b
00005a93
000091ce
0000b28b
0000a2dd
00005ac6
00003d94
00007209
00008355
000086e4
00006e03
000070ca
00008030
000061e8
00007628
00007f47
00006017
00003824
00003e96
000054f1
0000708e
00003231
00003951
00005f76
0000805d
00007d31
00004efe
000056ff
00005225
0000527a
00005b0c
000066b6
000051fd
00002a12
0000352f
00004ee8
00005129
00002eae
000020e0
00001527
000051d0
0000343b
00000ef1
00000b2b
00001625
0000174b
0000215a
0000357f
00002250
00003ba4
00003aee
00004020
00003f31
000053eb
00003b2b
00004345
00007f88
00005d58
00006b20
0000401b
00003efe
00004140
000040dd
000041cc
00002f07
00004532
00004c02
00007772
000069cd
0000796f
00006d15
00006395
0000621a
0000674a
0000653d
00006416
000062ba
0000718b
0000623f
00005596
00002c7b
00004002
00005683
000073a8
00006405
00006e5c
00007057
00006714
00006173
00004f0e
00004dad
00004997
00005755
00004fcb
000064b3
00005d0e
00003a85
00003a79
00004d0e
0000694d
00007414
000072ed
000040cb
00004a9e
00006784
000070c8
00006149
00005ad7
000042fe
00003334
00005575
0000651b
0000487d
00003608
000044fb
000055be
00005541
0000539f
0000515c
00004c22
00005b6e
00007aa4
0000976e
00009515
000063de
00005424
000059a4
00007256
00004b2f
000032e4
00003e7e
00003367
00002265
00003d3f
00004743
00006660
00006add
00006ee2
00006a05
00008a49
00007b3b
00007594
00007e3f
00008125
00004561
00002e0b
00003e7a
000023f2
00000247
000014fd
0000234e
00003b64
00005359
0000430e
00002186
00003e3c
00005702
00006e4d
000074a0
00007232
00003e98
00003848
0000506b
00004731
0000323e
000025eb
00003af3
00001e80
0000196f
00002036
0000064e
00001cfa
00001b5a
00003e67
000044ed
000064f6
00002cc6
00004854
00005be5
000034bc
0000131a
00000f30
00000c83
fffffb9b
fffffa39
00000cd7
000014fa
00001a2e
fffff7a8
ffffe3e1
fffffe7e
00003655
00001e95
00002b3c
0000487b
00003e5e
00003380
00003865
000035d9
0000281f
0000280f
00003476
00003479
00003003
000038c2
00002740
000037a2
0000421e
000026a3
fffff80a
00000511
fffffd41
00000777
000000f7
ffffe516
ffffec24
fffff1d7
ffffef07
ffffeb29
ffffe7aa
000001ce
00000296
000000f8
ffffe9cc
ffffe3a1
ffffda87
ffffbe9f
ffffda3b
0000069c
000008b0
fffff0bc
fffff533
ffffd0b7
ffffd353
ffffd83b
ffffe9ff
fffffaf0
fffff2df
ffffe559
ffffc0b3
fffff552
ffffc7a3
ffff9fba
ffffc6cf
00003f82
00006c76
000059f8
00002f5e
ffffe1e8
ffffe52f
fffff9f6
fffff05c
fffff9d6
fffff053
ffffdd56
ffffbf17
fffffc92
ffffd455
ffffcf60
fffffa56
00007f53
00009f1d
00008d3b
000069e7
00000408
fffff13d
000012ed
000016c3
000015b2
000004be
ffffec5d
ffffcca4
fffffdce
ffffbf7d
ffffbcc1
0000036c
00006f73
0000a984
00009100
0000637e
00002a39
000001ba
fffff1d7
00000a86
00000998
000003ea
fffff9f0
ffffd718
fffff65a
ffffc9c2
ffffc6a6
fffff804
00003371
00006b67
000032b5
000028e1
00002dcb
00001565
ffffe57e
00000b61
000011aa
0000036f
fffff760
ffffdcae
000011e4
fffff3e6
ffffe1f5
00000524
0000209d
00006355
00000731
00003aa3
00005436
00005253
00002336
00001da5
00001f0b
00000103
00000312
ffffd45a
00000447
000001f3
000009ae
0000107c
0000159d
00005290
00004220
00007b2b
00005b97
00007338
000062b4
0000587d
0000601c
00004e61
00003a1d
ffffe2b5
00000191
fffffb6a
00000c22
00001271
00001337
000027f2
00007182
0000adfa
00008171
00008326
00007340
000060e5
00008283
00007665
000064ee
ffffeea8
fffff7ce
000001e2
00001503
00001063
00002d32
00001b18
00006c10
000087e6
00009006
0000698e
00005155
00004a41
00005c58
00006f04
000056fa
fffff511
ffffed94
fffff3ae
00000fcd
fffff1c8
0000084c
000035fb
00003f19
00005295
00006434
00005d6f
0000636f
0000517c
00004f65
00003db9
00003869
0000002a
fffff0dd
fffffd97
0000007b
ffffe2e2
ffffd45b
fffffab8
000041a4
000039ae
00003ebf
000033ce
00003b70
0000569e
0000551a
0000471f
000036dc
fffffa0e
fffffb5a
ffffdf40
ffffd3b1
ffffc976
ffffcb43
ffffd6ea
00002681
00003a48
0000337b
fffff9db
ffffc2e6
00001296
0000590b
00006755
000034a9
fffff9c3
ffffea13
ffffc442
ffffca14
ffffc62c
ffffdd40
ffffde23
ffffe80c
ffffe2b8
fffff4ee
ffffdd1b
ffffb9f0
ffffce34
00001751
0000250c
00001edd
ffffe0c5
ffffd771
ffffc45a
ffffc2e0
ffffa4d2
ffffa1d1
ffffbb49
ffffb2b3
ffffa696
ffffbf2d
ffffcf2e
ffffb012
ffffaded
ffffb1ac
ffffc327
ffffc211
ffff9e66
ffffbfcf
fffff45a
ffffdfd0
ffffd5fb
ffffd809
ffffebe6
ffffdf72
ffffe294
ffffdc2c
ffffed46
ffffd4a8
ffffd031
ffffc41d
ffffdce9
fffff0b6
ffffd27a
ffffd1d0
fffff595
ffffddda
ffffb5cc
ffff8e2f
ffff888c
ffffa9a1
ffffb0be
ffffbbcc
ffffb8c7
ffffb892
ffffbba5
ffffc372
ffffced4
ffffc490
ffffc87a
ffffc39a
ffffda4c
ffff8d1b
ffff56d6
ffff2212
ffff3f7f
ffff3f1a
ffff5c93
ffff7eb4
ffff6ceb
ffff656d
ffff7e6e
ffff73de
ffff78b1
ffff7b1c
ffff8ae1
ffff9064
ffffc13d
ffff62b7
ffff210b
ffff3c40
ffff8ca7
ffff86a2
ffff6a08
ffff630d
ffff64ad
ffff5ee1
ffff6016
ffff5c5e
ffff681e
ffff6117
ffff7a14
ffff8d44
ffffbc32
ffff4a1e
ffff3933
ffff7929
ffffad10
ffffca73
ffff8e79
ffff51bc
ffff36b3
ffff4a3e
ffff5b22
ffff6ba7
ffff681b
ffff5f49
ffff789c
ffff7e02
ffffc5d0
ffff6969
ffff7e8a
ffff9f17
ffffaf3c
ffffedc2
ffffd1a4
ffff5961
ffff46ee
ffff4e97
ffff67dc
ffff859f
ffff985d
ffff8cee
ffffad65
ffffa2aa
ffffc811
ffff8a39
ffff9d56
ffff9b25
ffff96be
ffffa631
ffff774f
ffff5b47
ffff6b1f
ffff3c48
ffff6842
ffff78c3
ffff6bfb
ffff8616
ffffb4d6
ffffb0cb
ffffcb52
ffff9b1c
ffff8a9a
ffff63d9
ffff80b9
ffff64c8
ffff7f83
ffff8ef0
ffff9180
ffff772d
ffff981c
ffff6692
ffff4094
ffff6092
ffffa4c8
ffffb551
ffffd9af
ffffa52e
ffff75d5
ffff55b0
ffff9aad
ffff811b
ffff8e02
ffff80d7
ffffb7d4
ffffdf33
ffffcbea
ffffb0fb
ffff8b6f
ffff7a8c
ffff9bda
ffffbe13
ffffded1
ffffa9ae
ffff8bc9
ffff61c0
ffffb741
ffffa646
ffff82de
ffff9109
ffffbb8e
ffffe63f
ffffc3b6
ffffbd6b
ffffc585
ffffb8be
ffffc15d
ffffc4bf
ffffdf24
ffffab4c
ffff87ff
ffff7cbf
ffff73bc
ffff9980
ffffa1fd
ffff7f56
ffff9e7c
ffffb537
ffffaed2
ffffb84c
ffffc25f
ffffb574
ffffc906
ffffbf52
ffffe791
ffffba9f
ffff9f98
ffff9075
ffff62b3
ffff8e5e
ffffa260
ffff9f38
ffff9d5f
ffff99e8
ffff9835
ffffa5e8
ffffc273
ffffb93f
ffffbce4
ffffb8f0
ffffe4a0
ffffc506
ffffa13f
ffff81a0
ffff6b01
ffff62e1
ffffb465
ffffafdf
ffff910d
ffff9d04
ffff7302
ffff6b4f
ffff8918
ffff8fb3
ffffa68e
ffffb25a
ffffd99e
ffff9d3f
ffff7027
ffff6b75
ffff5e8e
ffff6375
ffff84f8
ffff7c26
ffff6da3
ffff74fc
ffff5335
ffff6311
ffff80c5
ffff85de
ffff966a
ffffa4e5
ffffd951
ffffa13e
ffff74cd
ffff726f
ffff6f19
ffff73d8
ffff6732
ffff73e0
ffff64cf
ffff74be
ffff747a
ffff72a1
ffff8af3
ffff8184
ffff933b
ffffaf9a
ffffda3d
ffff9e96
ffff7b6a
ffff7525
ffff89dd
ffff8e43
ffff7f59
ffff6b14
ffff8995
ffff6ddd
ffff6b5a
ffff89dd
ffff691f
ffff82ba
ffff8ccd
ffff9341
ffffd889
ffffca99
ffffc43c
ffffb9d8
ffffb962
ffffb65d
ffffbecc
ffffb584
ffffb759
ffffad33
ffffb781
ffffaec8
ffffbcbe
ffffb3ae
ffffba9f
ffffc0f5
00000959
ffffd4ba
ffffdd93
ffffea78
ffffe2d3
ffffdd95
ffffe611
ffffecb9
fffff67f
ffffebb9
ffffef58
ffffedb1
ffffe720
ffffe3d8
fffff6ac
000000df
fffffd2b
ffff9b53
ffffc18e
ffffee51
ffffe78a
ffffd072
ffffc6bc
ffffb6d9
ffffc507
ffffc508
ffffcdcc
ffffc350
ffffbd78
ffffbfa5
ffffcbaf
ffffddc5
fffff35f
ffffa036
ffffd888
00000bb8
ffffdaf6
ffffbd78
ffffdb0d
ffffd69e
ffffdd68
ffffcc17
ffffd4a9
ffffca48
ffffd23b
ffffcfc1
ffffd1a2
fffff16f
fffff929
ffffd2ae
ffffe16f
ffffb489
ffff8bec
ffffb0cd
ffffd263
ffffe33f
ffffd936
ffffe062
ffffe090
ffffdecd
fffff318
ffffe2b2
ffffe635
000007f4
ffffedf0
ffffc2f8
ffffb72d
ffffb7aa
ffffbae9
ffffbf06
ffffc9b6
ffffe330
ffffbea8
ffffbc8b
ffffaf11
ffffbf2a
ffffc9be
ffffbe9a
ffffcb84
ffffea03
fffffef4
ffffa66b
ffffbbd8
ffffb9ee
ffffbf0f
ffffd62c
ffffe50d
ffffecbb
ffffc2d3
ffffafa3
ffff992c
ffff97cb
ffff9cb1
ffff9cbb
ffffab0c
ffffe50d
0000091d
ffffbb68
ffffd62f
ffffd1ba
ffffd458
ffffd900
fffff11e
fffff1ee
fffffd25
0000146a
fffff3bc
ffffdfea
ffffdac1
ffffc151
ffffc762
fffff173
fffff6f2
ffffb482
ffffdd2a
ffffdcfc
ffffe991
ffffd8fe
ffffd719
ffffe3bd
ffffe68d
fffff2ab
fffff003
00000658
000008e2
ffffe357
ffffd717
fffff768
fffff50e
ffffbd4e
ffffee37
ffffdaf1
ffffe332
ffffe986
ffffc309
ffffb0d3
ffffb2eb
ffffc0cc
ffffcc8c
ffffec33
ffffecb7
ffffd6df
ffffcd33
fffff314
fffff5fa
ffffc010
fffff3af
ffffe7f2
ffffe766
ffffdee9
ffffcdfd
ffffa178
ffffa84f
ffffb86c
ffffc3ac
ffffd611
ffffd47b
ffffb0f1
ffffbb2c
fffff552
fffff710
ffffbd80
fffff792
ffffff51
fffff023
ffffde2b
ffffe68f
ffffcbb7
ffffb46c
ffffb8ae
ffffc960
ffffd571
ffffddfa
ffffbb47
ffffc7dc
fffff965
fffffd74
ffffb7c2
ffffe4e6
fffff2a1
ffffdfc7
00000972
ffffe4cb
ffffcaba
ffffbcfc
ffffb6ed
ffffd68f
ffffe9d2
ffffef01
ffffc60f
ffffc5c0
ffffefca
00000bc8
ffffbd4b
ffffd755
ffffdf6b
ffffd846
ffffe8ee
ffffd376
ffffad3f
ffffbb4e
ffffb229
ffffce8d
fffff3f2
fffff3d5
ffffd916
ffffaf46
ffffdeb3
000000c1
ffffb4cf
ffffd1a9
ffffd137
ffffd883
ffffd16c
ffffac68
ffffb285
ffffce38
ffffd7d0
fffff29c
ffffefdb
ffffe5ff
ffffbd90
ffffa43d
ffffdd48
fffffa08
ffffa5ac
ffffbd11
ffffc1f5
ffffba47
ffffb2f2
ffffa3ca
ffff9e3e
ffff9bb3
ffffc665
ffffcf29
ffffd249
ffffaa41
ffffb661
ffff9453
ffffd54c
00000d84
ffffeb78
ffffe6eb
ffffea27
ffffe7e8
ffffe68c
ffffe72f
ffffe998
fffff396
fffff186
fffffa5a
fffffd71
fffff306
ffffe492
ffffc23e
ffffe988
00000f7d
ffffeaa0
fffffe2e
00000f78
00000950
fffffa25
ffffeccd
fffff407
fffff88e
fffff0ba
ffffeb67
00000be7
fffffe87
fffff6b6
ffffecd5
ffffe6ac
0000188f
ffffc182
ffffd46d
ffffcda3
ffffd28d
ffffccda
ffffc8de
ffffd37a
ffffd3f2
ffffc995
ffffc122
ffffdc41
ffffd696
ffffd39d
ffffbe5d
ffffb136
00003597
ffffe24f
ffffe7c0
fffff37f
000013d8
000045e1
00000af3
ffffe793
fffff759
0000075b
00001668
fffffb9d
fffff4cd
fffff803
ffffef07
ffffd792
000042c5
ffffef45
00001014
000034dc
0000707d
0000800b
0000396e
000010dd
fffffff9
00000e43
000022cf
000002c6
00000299
00000e94
0000019f
ffffe234
00004d09
00001758
00002b2c
00002a37
00004cbe
000071a9
000074d3
00004980
00003bbf
00001dd7
00001a6a
00002ef1
00002819
00001c88
0000158d
fffffee9
000026d7
fffff676
00004a56
000047f4
00003a15
00001b68
00002a44
00003182
000052e0
000010bd
000000de
0000233a
000002c2
fffff8bb
fffffe67
000000c5
00000c06
ffffd18a
000017bc
000018c3
ffffd5ca
ffffae14
ffffee75
00000690
0000181b
00000403
00000a5e
000018ee
ffffe6b4
ffffc97f
ffffc719
ffffe115
00002571
ffffdf2a
00000897
ffffe85f
ffffbe86
ffffe406
00001e11
00002612
00001ec9
00002bfc
000045e3
000052a9
00003e54
00000d3b
ffffe358
ffffe1a4
0000291c
ffffdcd6
0000158e
00000a2d
ffffcf62
00000c36
0000304b
00002069
00000d75
fffff54a
000004e3
00003a1a
0000520b
00001a6f
ffffec87
ffffd748
00002e1a
ffffe591
000022e7
00001d6e
ffffd140
00000118
000030af
0000407d
000013d8
00000b0f
fffffa10
00000d29
00004243
00000e6b
ffffdb06
ffffca3f
000036f2
ffffd994
000015fe
00002b91
fffff477
fffff3d9
00001842
000033e4
00002042
000026e5
00000096
000003e2
00002979
00000bce
fffff0e0
ffffc3c3
0000340f
ffffc3bb
fffffd76
00002198
fffffe71
ffffe299
0000004e
0000272e
00002df7
000022c2
ffffe76b
000003ec
00001fce
00001b74
ffffdd96
ffffc094
000012b3
ffffad58
ffffe04e
00000973
fffff045
ffffcb6a
ffffdf91
000000db
0000144f
000002ed
ffffde9f
ffffe92a
00001123
00002bfd
ffffdf5b
ffffd9ed
000001ac
ffff9943
ffffcfff
ffffe030
ffffd857
ffffdd6f
ffffd730
ffffe266
ffffda1a
ffffe86c
ffffeb7f
00000f67
00000ea3
00000730
ffffe991
ffffd29b
000024e4
ffffa6bc
ffffc4a2
ffffcadb
ffffdcfe
ffffd11f
ffffe7ae
ffffe8aa
ffffd243
ffffc7ba
ffffee4a
fffff9f8
fffff86a
fffff3dd
ffffce30
ffffca61
0000222e
ffffd538
ffffec61
fffff2f4
ffffefbc
fffff832
fffffe79
ffffffe4
fffffa95
fffff10d
ffffe929
ffffee75
fffffb49
ffffff64
fffff167
fffff96c
000023df
00001c83
00002b4f
00003843
00001a4e
00001f01
000012d1
000020cf
000024f5
00002a47
00002299
00000fe6
00000e44
000017bb
00002570
00002496
0000113a
fffff29c
00001684
00000ea0
ffffe830
ffffcb4e
ffffe503
fffffa32
fffff946
fffffae0
ffffeb61
ffffe76b
fffff033
ffffed3e
ffffff03
000015b1
fffffb5a
ffffe195
fffff562
ffffed55
ffffd319
ffffb5b7
ffffcd6d
ffffdb32
ffffdc18
ffffef5f
ffffed3c
ffffcf12
ffffdf02
ffffdc61
ffffdc4c
ffffedd7
0000036c
ffffd181
ffffc60d
ffffe9a1
00001111
000007aa
fffffa2a
fffff006
fffff745
fffffbca
ffffe12a
ffffe3f7
ffffe69e
ffffe250
ffffde0c
ffffef74
000018e8
ffffdca2
ffffc7f5
ffffe6e6
0000304f
000032e8
00001ca4
000029d4
00002de8
00001eb2
00000c95
0000043e
fffffbc3
fffff04b
ffffe63b
fffff145
0000269d
ffffebbf
ffffcd9e
00000df0
00002357
0000292a
000010b8
00002a25
00002eaa
00002dc2
0000296d
0000210e
00000741
000002c2
fffff097
000004f8
00001a75
fffff5db
ffffd7ae
00000c29
000027d8
0000159d
00002b3d
000008a6
00003339
0000084c
00000a4a
fffffea7
000001c1
00000a1d
fffff6de
000009df
000014f5
ffffe899
ffffe335
ffffeb6e
0000003f
fffffde1
00000bb6
fffff062
00001000
00000059
00000319
00000243
fffffc90
00000398
fffff8b7
00000a35
000012af
ffffda8f
ffffd036
ffffc042
fffff02e
fffff825
000012fd
00001a3b
000012e1
0000014a
00000d48
0000100e
00000a3f
fffffef7
fffff1bc
fffff7f5
0000087f
ffffcfd1
ffffc88b
ffffbd54
ffffdd8f
000002ea
00002e52
000034b7
00002302
000004a3
000005e8
00000eee
000007c6
000000e5
ffffefd9
fffff1ad
00001087
ffffd848
ffffd6d8
ffffbcc3
ffffdddf
ffffed1f
00000f23
00001504
00002707
00000f33
00000a03
00000d40
00000117
ffffebe5
ffffdd59
ffffed7b
00001e0e
ffffee62
fffff1cd
ffffd1dd
ffffd141
fffffa4a
fffff62a
00002296
00001e18
000011a3
00002523
000025e6
00001d44
fffff476
ffffd605
ffffeabc
0000263b
0000034b
fffff9ab
ffffea44
ffffe8da
00002344
00000918
fffffdfd
00001a08
000005e7
00001b35
000026c2
00001f89
0000143d
fffff9be
fffff863
000035d6
0000103c
00000a0e
000014a0
00002d22
0000079e
fffff425
ffffefbd
00001128
00001b15
000049d3
0000480d
00002f9b
00001dbf
0000096c
00000d8e
000046e4
0000338d
00004290
00003f08
00002ef0
00001adb
00000c90
0000045b
00001f6b
000043b3
00004f49
00004e6c
000042c7
00004503
000029bb
00001865
00002f40
00002bed
00004a67
00004d12
0000434f
00003d60
000034b6
0000250d
00003679
00004d5d
00005178
00005330
000045c4
00005167
00003ad2
00000a32
00000795
00000629
fffff701
fffffcc9
fffffaff
ffffe295
fffff104
000006ae
fffffa77
000006a9
00001097
00001759
00001bc4
00001136
00000cbc
000001b6
0000096b
fffff800
0000169b
00001efe
00003eea
00001241
fffffc03
00000bcd
00000288
0000262a
00003e36
0000248a
0000290a
000012b4
00001eef
000021a9
fffff56f
fffffb2e
00004c35
00003c75
000050f6
000043ce
00001520
000023ae
000012c2
00001410
000021d9
00001968
0000190c
000008b4
00002127
00002e3d
fffffaef
00000d57
00004b69
000010a8
00000fef
00003d39
00002280
000017ed
00003625
000032a0
00003f43
00001996
0000347b
00001f46
0000324e
00003fb8
000000c5
000006f9
0000347e
0000141a
00003477
00003a59
00004565
0000322b
000020d6
0000311d
0000249b
000004d8
00001b28
000010f7
00003185
0000309e
0000154d
0000075b
000030c4
00001e3a
00001e23
00003639
00005475
00001c88
00000479
000006f1
ffffffb0
ffffffdf
fffffdc7
000007a6
000036a8
0000244a
000007a5
00001737
000048c5
0000436a
000017c3
000003d1
00004e5c
00004c5f
0000239d
00001901
000019be
00002816
00000ee5
00000b03
0000357d
0000201c
ffffef9e
ffffecdc
00001b64
00003092
0000459b
00000dce
0000260a
00003b31
fffffc8d
fffffecd
fffffe64
00001e0f
00001008
fffff7ab
00002922
00002003
fffffc91
fffff265
fffffe57
00001774
00004aaf
0000357d
fffffaf2
000015f0
00000308
000006b5
00000d65
00001e5f
00000c75
ffffdef7
00000148
00001437
fffffcf4
fffffd03
fffff31c
fffff8de
00005808
00005b52
000034ea
000020e9
000003d6
00000b10
0000095d
000019ec
000006d5
ffffe0b7
000009b4
000017c5
fffff9aa
fffff342
fffffdb7
ffffe177
00001bda
000033f4
000055ba
0000432c
00001e73
00000e95
000006fc
00001de8
00000184
ffffea75
00001ce6
00002454
000008cc
00000157
00001258
fffff48e
fffff78a
00002082
00003dc7
000042c3
00004370
00002b7f
00001f54
00002f34
00000ea5
00000571
00000ab6
0000273c
00000cb2
000001f8
000009e6
000009f1
00001868
ffffffa0
00001440
0000104b
00001e5d
00001571
000022a1
00003647
000042b9
00002df3
00003261
00002716
ffffed0f
ffffe524
fffff97a
fffff67d
fffff8a7
ffffdfe8
ffffcd40
ffffe1d2
ffffff40
00002156
ffffff59
000011e4
00000cee
fffffc79
000014d5
00001e25
ffffda96
ffffbc64
ffffcd6b
ffffc541
ffffb4cb
ffff9ea8
ffff9bdc
ffffbf01
ffffd437
0000092b
ffffe8b2
ffffc738
ffffb477
ffffb6b0
ffffd3a9
ffffdb68
000032c6
00004b82
000043dd
00003e91
00005054
000044e8
00003440
000040f6
0000496e
0000641a
000051a2
00004d2b
000043ac
00004842
00006500
00004435
00001819
fffff407
ffffe02b
ffffe2c0
fffff5ec
ffffe972
ffffe799
fffff0de
fffff294
ffffed0b
fffff842
fffffb4c
fffffec2
fffffcd6
fffff4c9
ffffecaa
ffffed1b
ffffb5f3
ffff7c4e
ffff890a
ffffbddd
ffffb7cf
ffffa18d
ffff9f53
ffff971c
ffff998d
ffffb322
ffffb60a
ffffbefb
ffff9e86
ffffba3e
ffffc3d2
fffff083
ffffb43d
ffff71eb
ffff80f8
ffffae3b
ffffcc94
ffff9c50
ffff9d35
ffff9f2e
ffff9d7c
ffffaa28
ffffa8f9
ffffaa3c
ffff9555
ffffa127
ffffc8d6
ffffdf3b
ffff8a99
ffff96c2
ffff6d57
ffff8c87
ffffac42
ffff9821
ffff6d83
ffff679e
ffff8a17
ffff9f07
ffff81b0
ffff96ae
ffff9545
ffff8d6f
ffffcd10
ffffee96
ffffab6d
ffffbd9c
ffff8a4e
ffff7e5f
ffff9353
ffff7674
ffff5e7e
ffff5a82
ffff78e1
ffffa857
ffff8f36
ffffb2fe
ffffb12b
ffff9690
ffffd18b
fffff700
ffffc761
fffff61b
ffffc3c7
ffff9aa0
ffff9898
ffff8202
ffff986d
ffff6405
ffff64a1
ffff8cf6
ffff88cc
ffff926c
ffffa7bf
ffffb34e
ffffd2fc
fffff0c1
ffffb8f1
ffffe752
ffffd2ce
ffffb881
ffffafda
ffffc01a
ffffeb33
ffffb170
ffff9b40
ffffa061
ffffaae7
ffff7c70
ffff7492
ffffb46f
ffffe933
000001e3
ffffd6ea
fffffa5b
ffffed57
ffffbae0
ffffd407
ffffd5ec
ffffcae1
ffffce73
ffffd72b
ffffedbb
ffffecf7
ffffcedc
ffff8a7e
ffffa969
ffffec3f
000000d9
ffffe97a
000005d4
ffffde3b
ffffc5a9
ffffc086
ffffbe6d
ffffbb5c
ffffd9ae
ffffdd3f
ffffd435
ffffdfcc
fffffac5
ffffddce
ffffccf0
ffffe91f
fffff220
ffffd0aa
ffffe966
ffffcc34
ffffb29a
ffff9816
ffff9b89
ffffc87f
ffffcf80
ffffcfed
ffffcc4f
ffffcc96
ffffee31
ffffddf2
ffffc6f7
ffffdd39
fffff740
ffffba20
ffffd1d6
ffffc95d
ffffc994
ffffbc57
ffffbf97
ffffbf03
ffffb653
ffffd2b4
ffffc1dc
ffffb9a3
ffffd5e8
ffffc7c5
ffffb3d4
ffffc91f
ffffeb92
ffff9fa2
ffffab06
ffffc3f6
ffffab4b
ffffac78
ffff99e1
ffff7e88
ffffa539
ffffa11f
ffff9de1
ffffad1c
ffffb23d
ffffb09b
ffff9f3c
ffffc4f7
ffffd062
ffff9334
ffff8eb2
ffffa418
ffff8bb2
ffff5fb5
ffff7959
ffff80af
ffffa32c
ffff9094
ffff71dd
ffffa8cf
ffff9de3
ffff9719
ffff7b7e
ffffbd8f
ffffe0ac
ffff9dc8
ffffa040
ffff9b71
ffff9416
ffff8a1d
ffff8dbe
ffff7d8b
ffff8a83
ffff767e
ffff59f6
ffff7e63
ffff7ab0
ffff8890
ffff7aa6
ffffb871
ffffd169
ffff892a
ffff825e
ffff8abd
ffff9235
ffff9173
ffff8d39
ffff78be
ffff8f48
ffff7a05
ffff85a3
ffff9a09
ffff8241
ffff93ab
ffff7f3f
ffffb09a
fffff035
ffffc1a1
ffffbfc0
ffffcadc
ffffc4d1
ffffc9e1
ffffd0d2
ffffc998
ffffcbcd
ffffc467
ffffc72b
ffffce93
ffffbdd4
ffffb470
ffffd1d4
ffffd19b
fffff4ea
ffffccc8
ffffcfba
ffffdf6d
fffff389
ffffdd0e
ffffd9c8
ffffdda8
ffffec12
ffffee94
ffffe4cb
ffffe0ac
ffffe593
ffffda62
ffffdf0a
000010fc
00000f88
ffffdeea
000000ce
000005c7
ffffeed9
ffffc0c0
ffffd278
ffffdafa
ffffe283
ffffe209
ffffe268
fffff57c
fffff7bd
ffffe091
ffffe4ef
000014ec
00000ba3
ffffc904
ffffe907
fffffbdb
ffffbcd2
ffffc221
ffffeb1b
ffffeb23
ffffdb44
ffffe7ec
ffffe932
ffffeb6d
ffffe2ae
ffffd39b
ffffd30f
000007ba
00000370
ffffd714
fffff18f
ffffe45b
ffffde53
00000473
000007d3
ffffe530
ffffdf36
fffffc09
00001208
00000f57
fffff62c
ffffe8a7
ffffd785
00000f67
000015ef
00001043
fffff713
ffffb436
ffffdb5a
00004ef0
00001923
00000154
000014af
000016be
0000045c
00000be1
000008de
fffff0d1
ffffee4b
0000154f
000013f9
000004c1
00001977
fffff252
000014fb
00002dd0
00004a31
0000530f
0000112e
00002420
00001b7c
00001355
00001910
000017cd
00000713
000038b5
00000d64
fffffec1
00001f59
000015c2
00000fcc
0000053c
000052f6
00004c09
0000094d
000023ae
00001a21
00002bca
00001bd8
00001943
00000c45
00003ae8
00000851
ffffeb04
0000049c
ffffd5f1
fffffe3a
fffff11e
fffff627
ffffeeb0
ffffecf8
fffffd50
00000038
00001bbd
0000182d
00000b63
000013dd
00002c24
000000b1
ffffdd17
fffff53a
ffffe384
0000075c
ffffd9e5
ffffc514
ffffc7f1
ffffd0c7
ffffce72
ffffd684
fffff4cf
00000a69
00000b19
00000200
00001a4d
fffff511
ffffc764
ffffe5a9
fffff59a
0000118b
00000bff
ffffc88c
ffffeab6
ffffd54a
ffffdc3a
ffffdabd
ffffe4ba
0000010b
000004e8
fffff016
000016c0
fffff545
ffffb9df
ffffcd44
00000f10
ffffffc3
00002042
00000432
fffff21b
ffffe792
ffffda43
fffff62f
fffff32c
ffffddad
ffffef3f
ffffe5bc
00001459
00000332
ffffca1f
ffffc037
ffffde7d
ffffdc7e
ffffe58c
00002283
000015b8
fffffe74
00001b4d
000006de
00000d11
fffffe07
fffff8a5
ffffe339
000009f5
00001026
ffffe30f
ffffd2c4
ffffbe29
ffffda2c
ffffdcc3
ffffdbfd
ffffebf9
fffffe5b
0000004d
00000908
0000049a
00000b28
00001412
ffffe8bf
00000007
00000da3
ffffe23e
ffffd213
fffff48f
fffff3db
ffffef44
ffffdd8c
fffff5fc
fffffb24
ffffe7a3
fffff424
00000892
fffff736
000009b0
fffff1df
00000f0f
00000bce
ffffdba8
ffffb4ac
ffffe3a8
ffffe8b1
ffffc3bb
ffffc25e
ffffedfc
fffff21b
ffffd63c
ffffcc10
ffffca2d
ffffd02b
ffffda1b
ffffc0d9
ffffe629
0000335c
00001a71
00002d03
00003fb0
00003c44
00002aaa
000029bc
0000376e
00003fec
0000307f
00002c7d
00002780
00001ffe
0000267e
00001e32
000042c9
00004e2e
0000227f
0000247f
00002a95
000020d2
00002199
00002ec7
00004911
00004601
0000446b
000046fb
00005ea7
00005108
00004a3a
00004636
0000361e
000045d7
ffffd8f5
ffffdd1c
fffff153
00000004
00001640
000031ac
00001f33
000012cf
00002b7f
0000421f
00004f53
00003c99
000034d6
00003758
0000429c
00002f27
ffffda56
000009b4
0000257a
00003f9a
0000554e
00004127
000017b8
00001424
0000315c
00004352
00004354
00003449
00001f60
0000380f
0000534b
00003b26
00003838
00005fd5
00006325
0000679f
00007270
00005eaf
000017bd
00001f49
00004fd4
00005329
000044f5
00004485
00003375
00003a9e
000055a9
00004b5a
00004505
0000a5d4
00008bde
000087df
00007847
00008258
000065b2
00002966
00003547
000046d1
00005190
00005aec
00005295
0000437a
00005cb9
00002d17
00000c85
00007072
00007872
00007c1d
00007dde
0000b85f
00009829
000040cf
00002c68
00003bfe
000037d8
00002dec
0000264d
000041eb
0000605f
00003834
0000119a
0000627a
00006c7b
000074ab
00009195
0000aafc
00008777
000056e1
000029c6
000035a8
00002720
fffff6d2
ffffe45a
00000c8c
00003b34
0000476f
00002bc2
0000537c
000043d3
000051e0
00009392
000094ee
00008f56
0000a576
00008a7e
000081f0
000087c5
00006249
000020f7
0000235c
000034aa
00004537
00002f4a
000064f3
00003d70
00002727
00004b98
00007678
0000a8e4
0000b0a7
00008515
00009509
0000c806
0000d7b9
0000624f
00002a34
00002784
00003e29
00002550
00006e45
000065b1
0000597b
00007325
00007306
00006661
00006bef
00004db7
000052f0
00008343
000099c1
00005f72
00003bf6
00003797
00003d61
000017d2
000056aa
00007ec4
0000880d
0000727b
00003d0d
00002575
00004a6f
00006296
00005546
00006982
00006602
00004f6b
000047de
000048db
000050db
000022da
0000492b
00005fe1
00006b4c
000097a0
0000996e
00008582
00004af5
00005996
00004fb8
0000606c
000070d3
00005061
00003b0c
00003d8f
000045b7
00000ed5
000035c8
00004da5
0000696d
00009589
0000b9b2
00008dd3
00004dac
00003167
00004d20
00007aad
000088b8
000062d8
00003f46
000037f8
00001fc0
ffffe969
00000af5
000019a3
00002d30
0000489c
00005754
00004206
00003100
00003bad
000046ab
0000787f
000074dd
00004682
0000264b
0000256c
00001dbb
ffffd6dc
ffffdba4
fffff310
fffffe3d
000006d6
0000033d
00001eda
00001564
fffffe44
0000137a
0000327f
000039a6
000020c2
00000483
000006ec
00002302
fffffc81
0000073b
00000f1a
00000d7d
00000d92
0000166e
00001878
fffffe9c
000012a6
00001d41
0000057f
0000125e
00000d02
000017db
000013bb
0000011e
fffffffa
ffffe010
ffffc7d5
ffffbbe2
ffffdf79
fffff4e4
fffffa28
fffff48b
fffff623
fffff58f
fffff64a
fffff543
00000240
fffffbf0
00001362
ffffe18d
ffffd8e9
ffffa9d7
ffff92da
ffff90d7
ffffa700
ffffc39b
ffffd521
ffffdfe7
ffffe0cf
ffffd8f9
ffffde1a
ffffd3f0
ffffd5d3
ffffdb38
fffff904
ffffd8a9
ffffb3c9
ffff666d
ffff41bf
ffff723c
ffff8d24
ffffade9
ffffae36
ffffad6e
ffffabc5
ffffbab7
ffffc0fe
ffffbeb3
ffffb961
ffffb953
ffffdbab
ffffdd6f
ffffcaed
ffff8e45
ffff63ef
ffff6d47
ffff7d6d
ffff9b25
ffff8de9
ffffae3a
ffffc143
ffffce07
ffffdaf5
ffffd0e5
ffffc67d
ffffc039
ffffeb39
ffffcd7b
ffffb66b
ffffc3fd
ffffae02
ffff9d1a
ffff8481
ffff85f0
ffff9bb0
ffff8eb9
ffffa8c0
ffffa692
ffffb07d
ffffbadb
ffffbc18
ffffbae6
fffffd32
ffffdfe5
ffffcf60
ffffeab3
ffffc41a
ffffd144
ffffc3b7
ffff8ac7
ffff90f9
ffff7d5a
ffff8e79
ffff9a1d
ffff9c8c
ffffb212
ffffbbe2
ffffd179
fffffcff
fffffc19
ffffed81
fffffd97
ffffd17c
fffff203
fffff0e1
ffffa0a7
ffff84a5
ffff9353
ffffaf19
ffffabdf
ffffb312
ffffc8e4
ffffdb0b
fffff2c6
00000a3e
00000020
ffffffba
00000888
fffff965
0000099d
ffffd303
ffffb897
ffffe06f
fffff3c3
ffffde57
ffffdbdf
ffffe541
ffffe17e
ffffeda7
fffffdba
00000b78
000003bb
000003a9
000017fb
0000041d
ffffef6b
ffffe25d
ffffd811
00000151
00002c6a
000025d2
00001730
00001466
00000560
fffff63b
fffff62d
00000c4a
fffffaa3
fffff1de
0000002d
fffff5ea
ffffe761
ffffcf5d
ffffc25a
ffffbe2c
ffffeb1f
00000a66
0000111a
000012d9
00000afc
fffff9bb
fffff4b0
00000590
ffffe74a
ffffe51f
ffffedda
ffffee9f
fffffe64
ffffcd9d
ffffe71a
ffffda75
ffffc8ef
ffffe2c5
ffffff6d
ffffff4c
fffffae7
ffffe504
ffffd5c8
fffff751
ffffe3fc
ffffdf13
ffffee07
ffffde1f
00000419
fffff978
fffffede
00001465
ffffd6f1
ffffc531
ffffd4f6
ffffd60f
ffffef9b
ffffd5e8
ffffd979
fffffe6a
ffffe320
ffffd281
ffffe01b
ffffe315
ffffedaa
fffffedc
00002baa
00001ef5
ffffed81
ffffb6b7
ffffcffc
ffffcbc1
ffffda8d
ffffd399
ffffd956
fffff4c8
ffffe64b
ffffe0eb
ffffd939
ffffd9a8
ffffe2d4
ffffede2
ffffe700
ffffe7f4
ffffcc59
ffffb8ff
ffff9b0d
ffffa7e9
ffffbeae
ffffb7e6
ffffc278
fffff04b
ffffd224
ffffd344
ffffc794
ffffc850
ffffe760
ffffdbca
ffffd930
ffffc09c
ffffbad5
ffffaf91
ffffae95
ffffbfcd
ffffa8a9
ffffba07
ffffbdb3
ffffed9d
ffffdedb
ffffd82f
ffffd38d
ffffcc36
ffffd45c
ffffdddc
ffffe2c0
ffffde28
ffffdb19
ffffd05f
ffffd866
ffffd4fb
ffffd103
ffffcd84
ffffd147
fffff83f
ffffd8e7
ffffc519
ffffdce9
ffffe791
ffffe5ab
ffffe83e
ffffbafe
ffffbaa7
ffffbb6d
ffffcaf8
ffffc7b2
ffffba7f
ffffb5c9
ffffc30c
ffffc0fc
ffffe5fa
ffffc981
ffffab74
ffffc8d9
ffffc86f
ffffe30e
ffffc4d4
ffffbc42
ffffc174
ffffd403
ffffc04b
ffffb588
ffffb3f1
ffffb70d
ffffbd51
ffffc91d
ffffe350
ffffdbd0
ffffdbb3
ffffc598
ffff9d47
ffff9987
ffff8b6f
ffffe7b6
ffffd75f
ffffd4b8
ffffdac3
ffffe05f
ffffddd8
ffffd7a1
ffffd133
ffffe167
ffffedcf
ffffd8d1
ffffc208
ffffb307
ffffb217
ffff7ea7
ffff538e
ffffc18e
ffffba7b
ffffc25a
ffffcbf5
ffffb1e8
ffffce72
ffffc19e
ffffbb1e
ffffc23d
ffffdd9b
ffffec12
ffffabc1
ffffbc67
ffffc4f5
ffff9c3e
ffff56bb
ffff932c
ffffb694
ffffdfba
ffffeff9
ffffdadb
ffffbb18
ffffbb9e
ffffb3a5
ffffbbb6
ffffcaa8
ffffee3a
ffffbff1
ffffe20b
ffffdbfb
ffffb2ce
ffff83b5
ffff5a9f
ffff8e80
ffffc816
ffffe29a
fffff892
ffffea7a
ffffe61d
ffffdfcc
ffffd20c
ffffd3c0
ffffea07
ffffc017
ffffdc34
ffffedfc
ffffeb46
ffffd66c
ffffbf3a
ffff9314
ffff7626
ffff9a66
ffffb5fa
ffffd418
000005fe
0000038f
fffff8a5
ffffef2a
fffff417
ffffd202
fffff992
00001981
00002b4d
00003412
00000376
ffffd124
ffffbde2
ffff92f0
ffff903b
ffff97f6
ffffbfe7
fffff62a
00000414
fffffd81
fffff68e
ffffdd00
ffffefdb
00001bd6
00003f36
0000409c
00000ab4
fffff385
fffff331
ffffdc58
ffffd584
ffffc524
ffffb7ba
ffffd3fa
fffffd29
00000534
00000173
ffffe801
ffffef5d
fffffc56
00001f90
00000c3f
ffffdcea
ffffbfd9
ffffe0df
ffffe1eb
ffffec4b
ffffe1ff
ffffd5c5
ffffeb46
ffffeb84
fffff53e
fffff177
ffffd5b6
ffffe87d
ffffeb0b
000018fa
00000e26
ffffdfb1
ffffb2cd
ffffafac
ffffc99a
ffffec56
ffffe54e
ffffe02b
ffffe81d
ffffed03
ffffeb52
ffffe765
ffffcc75
ffffc436
fffff08a
000015ad
00002501
fffffe24
ffffdb58
ffffa383
ffffb25e
ffffe862
fffff479
fffff097
ffffe8ac
fffff805
ffffee20
fffff0dc
ffffe19e
ffffc65e
ffffd0e2
fffff061
00000994
fffff811
fffff853
ffffde96
ffffc5f8
ffffd9b6
ffffcc44
ffffbac7
ffffdbc1
fffff588
fffff308
fffffd32
fffff0a7
ffffe2ec
ffffc775
ffffdd36
ffffe7a3
fffff9c4
fffff239
ffffeb36
ffffe343
ffffd540
ffffc652
ffffc467
ffffc8b3
ffffcc01
ffffe6dc
000007f7
fffff831
ffffff24
ffffdd84
ffffe4d2
fffffdd5
000006e8
000003f9
00000218
fffff24d
ffffdc45
ffffec1a
ffffcc88
ffffe0e4
ffffd40d
ffffdef2
ffffed44
ffffd97a
ffffe65c
ffffd478
ffffd718
ffffe070
ffffe866
fffff588
ffffe90f
ffffe3da
ffffd2e0
ffffe14d
ffffd459
ffffdef5
ffffe7e6
ffffd8a4
ffffdddf
ffffca5f
ffffded3
ffffed52
fffff410
ffffef3f
ffffdffe
ffffdfce
ffffe0f3
ffffec81
ffffe5bf
ffffdfb3
ffffe05b
ffffd7f6
ffffddbc
00000de3
ffffd624
ffffc5f1
ffffd8bf
ffffcfe8
ffffcfd3
ffffc680
ffffbad3
ffffc876
ffffd014
ffffd1c6
ffffc875
ffffc1df
ffffcc64
ffffc966
ffffc91a
0000105b
ffffe4e1
ffffed8d
fffffbb1
fffff782
ffffead3
ffffba70
ffffca2f
ffffcfc0
ffffde77
ffffdbea
ffffcdad
ffffde12
ffffda71
ffffcf68
ffffd412
00001c15
ffffd827
ffffcf76
fffff499
000008d0
0000094b
ffffcf95
ffffe9db
ffffe006
ffffe4c1
ffffe7df
ffffdda7
ffffdd87
ffffd8dd
ffffca39
ffffd8d7
00002548
ffffd5bd
ffffc9a7
000002f9
00001d35
000005cb
ffffec0d
ffffea76
ffffd054
ffffdc4c
ffffe2b5
ffffe274
ffffde2f
ffffd038
ffffc662
ffffd894
00001fe5
ffffddc8
ffffea44
00000dd9
00002c12
00001c4b
fffffcbe
ffffe01e
ffffb078
ffffb266
ffffc303
ffffc93b
ffffc272
ffffc8fc
ffffd1ff
ffffddac
00003029
ffffd93d
ffffe245
fffff22b
ffffef60
ffffefee
000000ab
fffff3c8
ffffd546
ffffdbb2
ffffdc3e
ffffdbae
ffffc991
ffffc9de
ffffd145
ffffd5b4
0000217e
ffffe16b
ffffe263
ffffdd4a
ffffd208
ffffef7e
00001bd1
00003064
fffffbd3
ffffecec
fffff2df
ffffde2a
ffffd61b
ffffc341
ffffc48b
ffffe0cd
000026d1
ffffeb0f
ffffdf90
ffffdd3f
ffffd6c7
ffffe285
0000114b
00001b36
00000d13
000001ed
fffff707
fffff275
fffff2b6
ffffe624
ffffdf5a
ffffee24
00002916
ffffdeb7
ffffd97d
ffffd363
ffffe37b
ffffe33c
0000030f
fffffa5b
00000bd2
000017dc
000000e6
fffffcc1
0000048a
fffffe71
ffffef5d
ffffebd4
00001cda
ffffe403
ffffdab9
ffffdd45
ffffee18
fffffb6d
00001af9
00000912
000018b5
0000084f
000005c6
00000a67
00000276
fffff938
ffffe9e0
ffffdd8c
000014c8
ffffdfe7
ffffd18b
ffffd357
ffffd9ed
ffffe5ee
ffffee56
fffffff6
fffff682
fffff30f
fffff23d
0000036b
00000e2f
00000cd8
ffffd2c4
ffffd6d3
00000919
ffffc5fb
ffffb9b6
ffffc918
ffffdd50
ffffe66c
ffffc4bd
ffffcea8
ffffc254
ffffc96e
ffffd626
fffff9cd
000003aa
fffffa07
ffffd365
ffffce2c
00000b2a
ffffbcd8
ffffaf11
ffffb69b
ffffc10c
ffffbeac
ffffbcd1
ffffc17a
ffffae7d
ffff964f
ffffb700
ffffdcbe
ffffef28
ffffe3f9
ffffc879
ffffcea3
0000255e
ffffc3df
ffffc055
ffffc5e2
ffffcc03
ffffd5f3
ffffddf0
ffffba3c
ffffa90c
ffffaa1a
ffffb9c7
ffffc538
ffffd245
ffffcd1d
ffffc4e9
ffffc969
00001066
ffffe99d
ffffeed8
ffffe6bf
ffffe7b8
fffffb7a
fffff023
ffffe3d8
fffff53b
ffffeee9
fffff347
ffffda4d
ffffe646
ffffe8d2
ffffe3fe
ffffd463
fffffcd1
000037bb
00002a0a
00004b39
0000648f
00004e9a
00002d7e
00001b55
00002764
0000262d
00001ff6
00001cac
000024f0
00001fb5
00000caf
000017dc
0000103f
00001b62
ffffcde0
000000de
000030c1
00001431
ffffedb7
fffff5ae
fffffae5
ffffe7ec
fffff5fe
0000051c
fffffeda
ffffeab2
ffffecc9
ffffdc28
00000a30
00002c1b
fffff3db
0000091c
00001dd9
00000727
fffffb35
00002b1d
00001e61
fffffea3
00001957
000027fa
00001ebb
00001614
000021ec
0000048d
000029fd
0000354c
00001110
00005bd6
00003fba
00002577
000014c4
00005e72
00004752
0000265a
0000684d
00005c3e
000031ca
00003d1e
000037d2
0000261c
00004a20
00001b31
ffffefaf
00004916
00004f25
000041b9
0000349d
0000360b
0000470d
00003ade
00003115
0000290f
00001ba2
0000150b
00000236
fffffd3c
00002d07
0000138c
ffffc2db
fffff721
00000e1d
00001582
00002326
fffff63a
fffffa41
00001728
00001230
00001995
00001078
00000ffa
ffffeea1
ffffdee8
000024e8
fffff8ae
ffffac98
ffffc723
fffff389
fffffcc2
fffff3d4
ffffd83b
ffffd56a
ffffdfed
ffffea52
fffffe83
ffffe961
ffffe7f5
ffffeaa2
ffffcf16
000010a0
00000ee4
ffffc44b
ffffe1c8
00000929
00000734
00000c3a
00000e3d
fffff1ec
ffffd1a4
ffffe22e
fffff840
ffffec36
ffffee09
fffff132
ffffe263
000012a0
000017b4
ffffcf13
ffffe73a
00001c6c
00001f8e
00002773
00002d22
00000d21
00000567
fffff282
ffffe20c
ffffe20e
00000a7a
00000bd8
ffffe272
0000144e
00001406
ffffceff
ffffdeee
0000180a
0000262a
000034a2
00005852
000067a9
00003ba5
00002896
000019e7
00001399
00002383
000021cb
ffffeffa
000013bc
0000283f
ffffe3a1
ffffefd0
000018b3
00003052
0000322f
000019d5
00004b58
00004d1a
00004390
00003db6
00002adc
000031bf
00003c52
fffff2e1
00001525
00002ebd
ffffefd9
fffff7ce
00000ced
00002188
00001acb
0000083c
00000abf
00003aed
00004ee4
000064c6
000054a1
00004fe7
00005221
000010d7
00001b39
0000271e
fffffca2
00000360
fffff8b6
000010b3
00002f94
0000331a
00001579
000023e1
00001dd1
00003fe8
000078b2
00007979
00005797
00000a99
00000705
000031ac
ffffee6b
0000063b
ffffff4a
00001955
00003a19
00001ad4
fffffd65
00000023
fffffe51
00001b60
00005821
0000815e
000072e1
00001655
00000a61
00003f33
fffff501
fffffb02
00000bac
000025b5
0000255a
000011a2
00001a2d
00000e77
000003f5
0000173a
000024ae
00001860
00001f43
00000146
000015b0
00000127
ffffd354
ffffd757
ffffdd6c
ffffedc4
ffffe446
ffffe41d
ffffdfa8
ffffd69a
ffffd0b8
ffffd5c6
ffffcd7a
ffffcb1c
ffffdbbe
ffffc15c
ffffdb19
00000ce0
ffffc3b2
ffffb730
ffffb8a6
ffffb295
ffffc157
ffffd736
ffffd720
ffffd8f4
ffffe3de
ffffe501
ffffe600
ffffdf7c
ffffdc2a
ffffda79
0000075f
00000829
ffffafd4
ffff754f
ffff9b4e
ffffb0e5
ffff98f7
ffffae77
ffffb1ee
ffffbb41
ffffcabd
ffffca22
ffffc867
ffffc3e7
ffffd0b0
ffffd91a
00000b2c
fffffa03
ffff9d55
ffff7e71
ffffc008
ffffaac8
ffff8d4e
ffffaa5b
ffff9d25
ffffa14b
ffffcca6
ffffbfe6
ffffc26d
ffffaef7
ffffb4f7
ffffce09
00001179
fffff4fe
ffff7b48
ffffa82a
ffffcc20
ffffd0ce
ffffc2af
ffffac73
ffff81af
ffff8a55
ffffb9cb
ffffc3e0
ffffc065
ffffb526
ffffadbf
ffffb8c2
00001185
000006fa
ffffa7b2
ffffbb00
ffffd2ad
ffffb308
ffffadb2
ffff7f3e
ffff7c24
ffff85b8
ffffa36d
ffffc922
ffffc9d4
ffffd6cd
ffffcf0e
ffffcf3c
00001f0b
00000963
ffffc955
ffffce4f
ffffd773
ffffcbdc
ffff8c18
ffff6589
ffff9267
ffff74e6
ffff9e72
ffff9e7c
ffffad09
ffffb2c7
ffffbc15
ffffd461
00001d2b
00001d0d
ffffca92
ffffe7e6
fffff1b8
ffffcf8d
ffffaeb0
ffffb9a1
ffffce1b
ffffa2c8
ffff9836
ffff81ed
ffffa055
ffffae44
ffffcdec
ffffcb36
000016e9
000031a3
ffffedd2
ffffe205
ffffdcca
ffffe8dd
ffffed7c
0000125c
00003161
0000217f
00000fe7
ffffe23a
ffffd874
ffffcd19
ffffd3b5
ffffe097
00001eb8
00002e5a
ffffe23d
ffffea17
fffff848
ffffe39e
fffff465
00001804
00003bb3
0000444a
0000377d
00001c0d
00002534
000024dd
0000123a
fffff748
00001657
00001de3
ffffdbf9
ffffd6c4
ffffe510
ffffd584
ffffd095
ffffb0b5
ffffd372
ffffed68
ffffe578
fffff2b1
00001ade
0000234e
00000e23
fffff199
00001073
000011c6
ffffcef6
ffffc14e
ffffd89e
ffffe3f2
ffffcdf3
ffffaee6
ffff9380
ffff9691
ffffb446
ffffd4f2
ffffebc5
fffff260
ffffff11
ffffda44
00000ebf
00000e7f
ffffc1c3
ffffbc07
ffffdf17
fffff0cd
00001a00
000000fc
ffffcb80
ffffbd13
ffffb22c
ffffc9c1
ffffd8f8
ffffded1
ffffef7f
ffffc444
00000088
fffff85f
ffffa602
ffffa113
ffffb9e4
fffffb89
00001a04
00002915
ffffff66
ffffbb43
ffff8936
ffffb8f2
ffffd360
ffffc6bd
ffffcc4f
ffffb229
fffffaf0
fffff6c5
ffffa943
ffffa44f
ffffac03
ffffb823
ffffd4e2
ffffd9cd
ffffda12
ffffbed8
ffff88f0
ffff90b9
ffffdbbd
ffffc891
ffffc32f
ffffb98d
fffff713
0000134e
ffffce0d
ffffc65a
ffffcdfd
ffffe996
ffffda47
ffffc740
ffffccd7
ffffc8a4
ffffb10e
ffffbdd3
ffffd5f3
ffffa0f2
ffffc7b1
ffffd711
fffffd6f
ffffef06
ffffbfd6
ffffc90a
ffffc773
ffffc815
ffffca8c
ffffc578
ffffb542
ffffb331
ffffbc27
ffffb44f
ffffc2f2
ffffa641
ffffa4df
ffffba2c
fffff57b
fffffc38
000000b0
00002c6e
00002fa8
00002ea4
00001026
000007db
00001634
00000a2d
00001067
00001134
00001942
000010f2
0000114c
ffffeade
ffffec49
ffffc956
ffffb756
fffffe0f
fffff0c9
fffff0c9
ffffd229
ffffc11d
ffffdb3c
ffffcd54
ffffc9ac
ffffc845
ffffd88a
ffffe0e2
ffffd7e3
ffff9346
ffffbd73
ffffc295
ffffa69b
fffff48d
ffffe5cb
fffff5e6
fffff912
ffffe28b
fffff5ac
ffffdfb5
ffffd6f0
ffffdaa5
fffff157
fffff6df
fffff2dd
ffffb16a
ffffd527
ffffc7b4
ffffa0a6
00000e9f
00001f05
00003a34
00002a01
00002ca8
0000218e
00001eba
00000dd9
fffffde0
00000fbc
000014a6
0000133a
ffffccb8
ffffdec5
ffffbc9d
ffff9e43
fffff73c
00002071
000033c7
000035ae
00002bc0
00000a14
000019fb
fffff7d7
fffff829
fffff9b5
ffffec27
ffffeeb6
ffffb55b
ffffd945
ffffa9ec
ffff7788
ffffb711
ffffed55
ffffe3bf
ffffed34
ffffe6f9
ffffe779
ffffe8dc
ffffc453
ffffd866
ffffdf8e
ffffdc7a
ffffcc56
ffff8fe3
ffffcb7d
ffffc119
ffff9283
ffffaf1a
ffffd77a
ffffaa08
ffffa5d4
ffffbe16
ffffd6e6
ffffd2ba
ffffe437
ffffe9ac
fffff63b
0000051e
ffffe34c
ffffaa19
ffffe6c4
ffffb283
ffff8310
ffffa6f3
ffffc545
ffff9b3c
ffff9a2c
ffff9de8
ffffcff9
ffffdcbd
000003f8
000009ce
00001002
000011f5
ffffe25d
ffff9c03
ffffdf8c
ffffb760
ffff8349
ffff9e86
ffffc83b
ffffb399
ffffa779
ffffae26
ffffc383
ffffd07a
ffffdc29
ffffd88f
ffffe2bb
ffffefb9
ffffd7d9
ffff8a51
ffffc657
ffffbdb5
ffff9aa1
ffffa8a6
ffffb2ea
ffffc045
ffffe2c5
ffffd9db
fffff96e
fffffc02
fffff504
ffffe822
ffffdfb8
ffffeba8
ffffc187
ffff74b3
ffffb603
ffffd16e
ffffc9e0
ffffc298
ffffa04f
ffffa325
ffffae5f
ffffcfa5
ffffff69
000013ba
00000b46
00000c38
fffffd95
fffff3c6
ffffd444
ffff8b26
ffffb98a
ffffddcc
ffffc70b
ffffe42a
ffffaa53
ffff919c
ffff9522
ffffc94e
ffffdbe7
ffffe719
ffffffc5
00000627
fffffa02
fffffb92
ffffe658
ffff9dd1
ffffc1a3
ffffe074
ffffc139
fffff456
ffffdb2b
ffffb53e
ffffa336
ffffc436
ffffcf69
ffffba12
ffffcffd
fffff9f3
fffff502
00000b40
00000847
ffffb949
ffffceba
ffffcee8
ffffb5d7
fffff14d
ffffe786
ffffe0d6
ffffd074
ffffac81
ffffa922
ffffbf09
ffffd353
fffff48c
fffff577
00001a11
000001d9
ffffb85b
ffffd16d
ffffb053
ffffaba8
ffffcf63
ffffd460
ffffcbab
ffffa951
ffff96f9
ffff95a1
ffffb165
ffffd0e6
ffffdb6d
ffffd15e
ffffe09c
ffffd635
ffff9e05
ffffbcc2
ffffc957
ffffb36c
ffffda88
ffffd89c
ffffdc99
ffffca8b
ffffcab9
ffffc495
ffffd472
ffffdd28
ffffe461
ffffd963
ffffcfd9
ffffce16
ffffa96b
ffffca9c
000030d9
0000441d
00002b29
0000241f
00001634
00001e1a
00002b29
00002eb5
000035f8
00002aae
00001f3c
0000213e
000027bb
00003191
000046f7
00001966
000051da
00006785
00004cac
000030cc
00003e6b
000055c3
00004faa
00004dc8
00005447
0000453d
00004458
00004517
00004751
00005bcf
00006679
00002c0e
00004aef
00003f55
00001c92
00000653
0000269c
00002fef
000004f2
00001109
000019c3
00002dd8
00001dd0
000015a6
00001a45
00002729
00003b21
000007e2
0000602d
00005116
fffffa7b
ffffd83a
ffffc66c
ffffd6b1
ffffe7ea
00001d12
00000544
00000caf
fffff8ec
00000142
0000063c
000012c0
00002f51
fffff507
00006045
00005235
0000057b
ffffb1d9
ffffa738
ffffceb5
ffffd591
000018a7
00001716
00000258
000014c3
00002a31
0000311e
00003737
000045da
ffffffc9
00004b04
000049cb
00002ad2
ffffed66
ffffb8c7
ffffd8a4
ffffe21a
00000ad1
00001ef8
ffffea64
fffff6aa
fffff6e0
000001f3
000005cf
0000296e
fffffa39
00003f7b
00003e14
00003c9d
000027bd
fffff15a
000018e9
00001318
00004780
00004731
0000335f
00002650
00000a5a
fffffbad
000002f0
00001a8e
00000256
00003994
00003aad
00003eaa
00002770
fffffae2
000011df
00003519
00002915
00003faf
00004448
00005252
00003de3
00002de4
000026fe
0000218f
fffffdcd
000041d3
000048c3
0000551a
00002696
ffffdf91
fffffce1
fffffed1
ffffdeb0
ffffeb5d
000010ea
000010de
000009bd
00001ae5
00001afe
00002c65
00000c05
00003515
00004220
00005d82
00002fef
ffffd242
ffffd35e
ffffd9d4
ffffd3e3
ffffe69e
fffff70e
00000c3e
00000b49
00001539
00002197
000031a6
0000173c
00003609
000038f2
000059a7
000051fa
00002079
ffffdd60
ffffd0b3
ffffe3c0
ffffdd80
ffffe9ed
fffffa16
00000bc7
00001d89
00001e85
00003856
00001440
00004962
00003d9e
00004fc5
000062a5
000054b1
00002dbf
00000c4c
0000081d
00000cab
fffffbbf
fffff1f5
fffff42c
00000440
00002139
00004f80
000015a8
0000389d
00002701
00002886
000041a4
00005e40
000042ea
00003270
00002f29
00003e5d
00003bbb
00002df4
0000233c
00000515
0000034b
00002fcf
0000100d
00002e34
00002eea
00003eba
00003a12
00004480
000043f5
00005116
000039c7
000023de
00003787
000043e9
00002de7
fffffa36
00000eb8
0000352d
00001273
00003519
000041e0
00003e55
00003661
00003921
00004fd7
00004570
00004a6e
00004c12
00005995
000053d6
00004374
0000231a
0000333f
0000581b
0000270e
00005f16
000059b6
0000545a
000058e1
00005390
0000684d
00005836
00005ea3
00005271
000056d4
0000592b
00006a0c
0000608e
00005ac3
00006988
00003634
00001b65
0000129c
00000c2e
0000102f
000009c8
00000244
fffffd1a
fffffd09
000009cb
fffffce2
00000096
000008d1
0000095b
00000fbb
000005cb
000019ff
00001195
ffffe6a7
ffffe625
fffff2f8
ffffd355
ffffde76
ffffdd1d
ffffcfe8
ffffd163
ffffd7b7
ffffe2cf
ffffdac3
ffffd7dc
ffffd468
ffffcff9
ffffeb15
fffff878
ffffdc72
ffffd1c3
ffffa1a7
ffffa0de
ffffd520
ffffeb85
ffffd741
ffffd884
ffffc496
ffffc280
ffffd070
ffffd43f
ffffd7ee
ffffcafc
ffffec87
000015b6
fffff828
ffffce9b
ffffab16
fffff08e
00001d2f
ffffff0e
fffff722
0000053d
ffffee08
ffffe8d2
ffffea9a
ffffeb6d
fffff53a
ffffdd2d
00000452
fffff6b4
ffffc476
ffffb5c4
fffff2f5
00001773
00002318
ffffff85
fffff559
00000897
ffffd53d
ffffcd00
ffffc226
ffffd0bc
ffffd476
ffffc56f
fffff414
ffffe75b
ffffbb0f
ffff9c64
ffffe330
00001027
00002538
000015f9
ffffbcdd
ffff9f1d
ffffa5c6
ffffa536
ffffa97a
ffffac7c
ffffb742
ffff9986
ffffdc39
00000db8
ffffe1e4
ffffb4c3
fffff15f
00001f52
00000a8a
ffffd201
ffffa39a
ffffad75
ffffb56c
ffffbbdd
ffffc30f
ffffc872
ffffd8b0
ffffcc35
fffffec6
00001ca6
fffff9f7
ffffd566
000000cc
000006d3
fffffa32
fffff442
ffffbc3a
ffffcec3
ffffd2af
ffffd21f
ffffd04d
ffffe5e8
00000e4a
fffff8c5
000016ee
00001a92
00000340
ffffdd43
fffff65a
0000078d
000029f8
000035eb
00000888
0000018e
000007d3
0000109e
fffffc4c
fffff182
0000094d
ffffdf58
0000011f
0000145d
fffff585
ffffd7b2
fffff303
00000328
00000c22
00003bc4
00003e68
00002589
00001995
00001339
0000074a
00000d35
000002a7
ffffd1a3
fffff5d7
0000113c
ffffeb09
ffffd36f
ffffd27b
ffffe95f
000007a6
000002b4
00000f80
00003090
000022f3
00000b70
00000a41
fffffeb3
ffffede5
ffffe271
fffff932
00000aea
ffffe94f
ffffd44b
ffffbb54
ffffce06
ffffeebb
fffff5d1
fffff47e
000012a4
000026fc
000023f2
00001a46
00000cb3
fffff065
ffffc9df
fffffbfd
000003d8
ffffd3d4
ffffd17e
ffffc389
ffffd756
fffff8de
fffffafd
fffff5ee
ffffd39f
fffff2ff
00000767
00001741
00001772
fffff8ff
ffffcfd1
000007e7
ffffecb3
ffffc3e8
ffffa731
ffffb75c
ffffd4fb
ffffdc7e
ffffcc03
ffffc6ad
ffff90ea
ffffaaa8
ffffe4df
ffffe973
00000114
000008be
ffffc657
fffff3c4
ffffed96
ffffc92f
ffffabb5
ffffbc78
ffffb8f9
ffffb1ec
ffffa7bd
ffffaf0f
ffff9e7e
ffff9a37
ffffc072
ffffc9e5
ffffc8ed
ffffe5e7
ffffbdac
fffff502
ffffdfde
ffffc532
ffffb6b6
ffffbf61
ffffc5bc
ffffbc2e
ffffc5e7
ffffb630
ffffa7ec
ffffa8b1
ffffb1f9
ffffb571
ffffb4d3
ffffbbf9
ffffb1d7
ffffe6bc
fffff641
ffffe8a8
fffff52d
000002d0
00000e6f
fffffec6
fffffa6d
ffffe271
ffffea8c
ffffe964
ffffdeca
ffffe15e
ffffe4fe
ffffd5b8
fffff901
00002833
000005fa
ffffdb46
ffffe77c
ffffe95d
ffffd352
ffffeabb
ffffeb8d
ffffecaf
fffffac4
ffffe21c
ffffe042
fffff1be
ffffe0c2
ffffda18
ffffedbb
0000352e
fffff037
fffff668
ffffdfd8
ffffad8b
ffff80a4
ffff93cf
ffffd42e
ffffe4eb
fffff361
ffffe66a
ffffee40
fffff588
ffffe5de
ffffdb73
fffff2c1
00003257
ffffecd5
fffffab6
ffffc9a0
ffff8838
ffff77b3
ffffa950
ffffbbde
ffffc3b1
ffffc552
ffffc9b4
ffffd633
ffffdb67
ffffc9f2
ffffca38
ffffde98
0000388d
fffff920
ffffe5c0
ffffaa05
ffff7d43
ffff753d
ffffac06
ffff9c10
ffff972f
ffffaee3
ffffca6a
ffffcaa4
ffffbd90
ffffb401
ffffaf84
ffffc2fb
00000a23
00000b10
000006f7
ffffbbfc
ffff8aaf
ffff9ada
ffffbd51
ffff9b73
ffffab26
ffffa766
ffffa5f2
ffffaef6
ffffc5ab
ffffc7a1
ffffd967
ffffe466
00001994
00000edc
ffffe7cd
ffffd0a1
ffffaf08
ffffb9e4
ffffe0d9
ffffc8a3
ffffc4e8
ffffb5e9
ffffbe42
ffffa133
ffffad3a
ffffc6b1
ffffd644
fffff6d6
00002dd2
ffffffda
ffffe0aa
ffffc2db
ffffbd72
fffff22c
ffffee4a
ffffd436
000007a8
fffffb24
ffffd9d2
ffffc57b
ffffccdb
ffffc89e
ffffc1b4
ffffd1e1
0000252c
fffffcb0
ffffe53d
ffffd4bf
ffffa7be
fffff478
00000c76
ffffda43
ffffcb08
ffffe203
ffffe74c
ffffdb57
ffffe681
ffffee94
ffffe992
ffffed27
00003531
fffff967
ffffd88c
ffffddf4
ffffb8a9
ffffbc6b
ffffe086
ffffb0eb
ffff8b88
ffffb82b
ffffdbc9
ffffd71a
ffffbc36
ffffc1f7
ffffd15b
fffffb0e
000043fb
fffff6ff
ffffd720
ffffe7ef
ffffd7f4
ffffb9a4
ffffcef6
ffffc409
ffff971d
ffff7f96
ffffadd8
ffffca39
ffffb97c
ffffb2c8
ffffbb86
fffffc8f
00003f7c
fffffbc3
ffffd3de
ffffd98e
ffffedd4
ffffc38f
ffffc714
ffffbe8d
ffffa56c
ffffa348
ffffc0a3
ffffc7fd
ffffbaa5
ffffd60a
ffffe0ba
fffff8a5
00004178
00000bff
fffff70b
ffffe12b
fffff72a
ffffc4b5
ffffb086
ffff898c
ffffafbf
ffffe82b
ffffff5e
ffffb64c
ffff97d6
ffff8d2f
ffffb6f0
ffffe5cb
000025ed
000026e7
00000aca
fffffa22
fffffc43
ffffef84
ffffc023
ffff98b6
ffffc8e9
ffffebaa
00001ce5
ffffcaa7
ffffb273
ffff83de
ffff8b63
ffffbc1d
0000083a
00002503
000020b1
fffff632
fffff2c3
fffffdb8
ffffdd5a
ffffd508
ffffec5e
0000044c
00000696
fffff584
ffffcdeb
ffff9cad
ffffb8c9
ffffcfad
00001992
00002214
00001066
fffff738
ffffef13
ffffec83
ffffebb4
fffff34b
fffff88d
00000525
000005c0
fffffe54
fffff4da
ffffdbdb
ffffdad3
fffff26e
00001fd5
ffffe0af
ffffe5b9
ffffec82
fffff17d
ffffff47
ffffebbf
ffffdd17
ffffd1fb
ffffc6ec
ffffc906
ffffbeb5
ffffc267
ffffd4bd
ffffd240
ffffc9d9
ffffebfa
ffffee13
ffffea4d
fffff942
0000029a
0000211b
00000ece
fffff7b9
ffffeee8
ffffdfa8
ffffcf3c
ffffd272
ffffde5b
ffffd617
ffffd4c8
ffffdf4e
00000717
fffffd32
00000664
fffff28f
fffffa45
000000ad
00000bd2
00002a9a
00000f71
fffff1e9
ffffeb4d
ffffe32e
ffffdfb9
ffffe56a
ffffeda9
fffff0f2
00001620
fffff68d
0000157a
000028ad
00001a70
00001b9d
00004121
00004fc9
00003f3c
000013f6
0000061d
fffff4de
00000592
fffff11d
fffff2dc
fffff5af
000018eb
fffff602
0000010c
fffff719
fffff57f
00001398
0000597d
00004730
000034aa
00001c55
00000e24
fffffc5c
fffffe77
ffffe6e4
fffffb37
fffff010
00001cb5
fffffd36
fffff0f5
ffffe365
ffffe86d
ffffd922
fffff09b
ffffdae9
00000d99
000013c5
00001bd2
00001b5a
00001e2b
000012a1
00001369
fffffd4d
00002d37
ffffdef8
fffff381
ffffe655
fffffc07
ffffb6ad
ffffb81f
ffff9dac
ffffb4ce
ffffd4fc
00000f09
000000df
fffff928
fffffa5f
0000046b
fffffb80
000022f1
ffffe70a
ffffd5d1
ffffdc05
ffffe35b
ffffbaf4
ffff9d7c
ffff9cff
ffffad0b
ffffec1d
000007fe
fffffdb3
000007e3
000011a5
000004bf
fffffa0f
000023e9
ffffebee
ffffe019
ffffe6a1
fffff4ff
ffffc8fb
ffffb59d
ffffb5c4
ffffbc0d
ffffe2dd
000007fd
fffffe94
fffff2ed
fffff5ba
ffffed6f
fffff6dc
00002409
000001f4
ffffef82
fffff350
ffffed43
ffffd559
ffffcd88
ffffccb7
ffffe29e
fffffb23
00000da2
000004ce
fffff443
ffffe8af
ffffe94c
00000429
00002024
00000f38
00000c60
fffffda7
fffff6f9
ffffe6f4
ffffd551
ffffbf4c
ffffe7cc
fffffd52
00001255
0000062d
ffffddb2
ffffdba0
ffffe97d
000009ca
00002280
00001d1b
00001506
ffffff5a
00000a92
ffffeca8
fffff0cc
ffffc378
ffffe52e
fffff43c
fffff84e
ffffdeb7
ffffd227
ffffe249
00000548
000018bd
00004474
00001ec8
0000080e
fffffdb3
000004c5
000002e0
ffffdcc1
ffffef67
ffffd827
00001dad
000019bf
fffff1c3
ffffc743
ffffc8dd
fffff592
000003ea
0000390a
00000326
fffff53f
ffffe366
fffffc36
000020f9
0000045f
ffffe72c
fffffc93
000018e6
00002aa0
00000956
ffffff6b
fffff576
fffffea6
0000059d
0000387e
00000745
00000edf
00000184
00001029
0000016d
000000fb
0000117f
00002024
00001fff
00002b2d
0000250b
00000b79
00000bce
00001daf
00000720
000035bf
00002dd9
00002e39
0000357d
0000459e
00003cf6
000037a3
0000408d
000047bb
0000554a
000047f2
00004e0d
000041e9
00004e35
000057c0
00006ad7
00005799
000037b9
000016d8
000031f7
0000575f
00003856
00001ba6
000025da
0000245e
00002b29
00002438
00002ff9
00002d94
0000317d
00002f23
0000372e
00001b86
00002fd9
fffff263
000009f4
00004e35
00003565
000013ab
00001e80
00001994
000014f8
0000218b
00001ad1
00001264
000019f0
00000487
00002735
00001747
00003ee3
fffff09b
00001df5
00006aee
00004e0e
00004f49
00006676
000023d5
00001962
00003e26
00003494
00003220
000031b5
00002234
00003317
000041e4
00003eb9
fffffb64
0000143e
00003796
0000690c
00005083
000056d4
00001b40
0000051d
00003566
0000443d
0000269e
0000307e
00002766
0000298f
00004203
0000217f
ffffe4a1
00002520
00002bdc
00004cea
000023a7
00004e2f
00003fe7
fffff128
00002c0c
000036b1
000019b3
00001e6d
00000e86
00000129
000023e5
00002121
ffffce99
000021c1
000038e8
00001b69
0000033a
0000572f
00005095
ffffe680
fffff3dc
00000574
000019c5
00001ca1
00001458
fffff7a0
0000216f
00003e02
ffffd231
00000d3d
000020e0
000041b4
00005cae
0000522b
00006013
00004479
000019c5
000019bb
00001700
000025f6
00000800
00000cc0
00003122
000040f5
fffff6bd
00001f59
000025b3
000066d2
00007a7d
0000341c
00006ff5
00007ee9
00005744
00006a4d
0000759c
00004e15
00001f18
000013a7
000019fd
00003fe8
00000c88
00002d73
000020c8
00003b04
00004c1e
00004a0b
00006227
00005387
000046ee
0000674c
00008529
0000649d
00003fba
000001be
00001639
00003ddd
00000dd8
00004476
000043d4
00004d0d
000055ca
00003adf
00003458
00002681
00002e85
00003755
00003e0c
00004719
00003e56
00000c58
00002bce
0000346f
ffffefed
00002f3c
00004565
00003a00
000048f5
00003fa4
00001b11
00001d92
00002ceb
00003ee4
00003d6d
00003638
00004444
000019b0
00002dcc
000027de
ffffe307
000022f4
00003c6c
00004291
00004016
00005448
0000483c
00001531
00000821
00002c01
00004898
00004650
00004268
00002a71
0000325a
000029bd
00000406
00002691
00002410
00002045
000035d1
0000534f
0000582f
00004aca
0000109f
fffffb74
00001211
0000271a
0000369b
00001af7
000021b0
0000342f
fffff380
fffff6fd
000017ee
0000285e
00002f2d
00003823
000033d5
00004ce5
00000fa5
ffffffd9
00000996
0000135b
00001baa
fffffb1d
fffffe9e
00003d95
fffffd83
000005a0
00001e65
0000227e
00001a44
000017a0
00002890
0000334b
00001282
000009fc
0000223e
000023a8
00000ce4
fffff34e
000014d7
00003382
fffffe9b
00000689
000017f3
000013ab
0000106e
00001757
00002250
0000212b
00000b02
0000149b
00000eb7
00000d4b
000028a4
000009dc
000015bd
fffff3c3
0000102e
fffff32d
ffffdf84
ffffe0cc
fffff029
fffff52b
fffffc2b
fffffcf4
fffffe0e
fffff981
ffffff92
fffff39c
ffffed25
ffffe73d
00001926
fffffa4a
00002ecd
0000126c
fffff9d6
ffffdc15
ffffffed
00001646
000020c3
000016b7
000020b3
000012ae
0000063e
000004a1
fffff316
fffffefd
00002974
fffff7ef
00001f1b
ffffe479
ffff7dfa
ffff7798
ffffd3d4
fffff12e
000005c3
fffffebb
ffffebe6
ffffeb91
fffffdec
00000493
00000677
fffff9ac
000017fa
fffffb85
00000040
fffff1b1
ffff58ef
ffff7a61
ffffe5e1
ffffff99
00000699
fffff08d
ffffd87a
ffffe8d0
fffff884
000002b6
000008d2
fffff45e
fffffe4c
ffffe754
ffffe9bd
00000991
ffffd891
ffffee19
ffffea2d
ffffe88d
ffffeaf6
ffffd4f5
ffffb03c
ffffab7e
ffffcb84
ffffcc91
ffffe4ec
ffffd49c
fffff146
ffffd527
ffffde7a
fffff31f
ffffe6b4
ffffe06a
fffff491
ffffd9ef
ffffbbe7
ffffd95f
ffffc942
ffffb747
ffffccd1
ffffb462
ffffce02
ffffb40c
fffff0ef
ffffe3e6
ffffef01
ffffe622
ffffd33d
ffffc13b
ffffe57e
ffff74ff
ffff85b7
ffffd577
ffffd75a
fffff198
00000047
ffffec3d
ffffd73a
ffffd7d3
fffff67b
ffffd2d8
ffffe7ea
ffffd67c
ffffeb42
ffffc45b
ffffc2b2
ffff708a
ffff6fc6
ffffa979
ffff9f12
ffffa489
ffffbe38
ffffd8e9
ffffe303
ffffed8e
fffffd91
ffffd812
ffffd86a
ffffcad7
ffffe738
fffff041
ffffd18b
ffff9aa2
ffff835e
ffffa439
ffffaafd
ffffa417
ffff8e37
ffffa4d7
ffffe201
fffff28c
00000490
ffffe973
ffffe4d9
ffffd09f
fffff979
fffffafa
fffff919
ffffd952
ffffd414
ffffdaa0
ffffd63d
ffffda6f
ffffb4f7
ffffb43a
ffffe825
fffff175
fffff9f5
fffff9e4
00000dde
ffffe159
ffffe62b
fffffd16
fffff79a
00000b06
0000006a
ffffeeaf
ffffe32b
ffffcb42
ffffd139
ffffcf9e
fffff917
ffffec0f
fffffdd6
000007bf
0000268f
0000039c
ffffdb17
ffffe9f5
ffffdfab
ffffdd27
ffffd689
ffffe115
fffff08c
ffffe06b
ffffcc09
ffffd904
fffff688
ffffd890
fffff23a
000001f7
000024ae
ffffffa9
00000482
fffff5bf
ffffeebc
fffff660
ffffb390
ffffea2f
0000221f
fffffe1d
fffff8de
fffff2b7
00000053
ffffdf3e
ffffeb40
fffff0da
fffff988
ffffe2b3
ffffe690
00001373
fffff43c
fffff177
ffffe4b2
00000b3a
ffffeb07
ffffea1d
fffff316
00000bd0
00000d47
ffffff5e
fffffc38
ffffcfe4
ffffcd2d
ffffd8e2
ffffd71e
ffffd619
ffffe6fe
ffffe260
ffffe2f8
ffffd406
ffffd36e
ffffc972
ffffdf29
ffffee00
fffff3b9
fffffa77
ffffea4d
ffffeed7
fffffa35
ffffed99
fffff7bc
ffffeb92
000002e1
000008de
fffff2d2
ffffe834
fffff4d1
fffff997
fffff06f
ffffe861
fffffcdf
000004ee
ffffeeb4
fffffeb5
fffff95c
ffffde83
ffffd0ae
ffffe436
fffffece
00000719
00000a20
000005e8
fffff604
000002a3
fffff41b
00000572
fffffbaa
000018ba
00000c47
000009a8
fffff035
ffffb29c
ffff8245
ffff96e1
ffffbda5
ffffd8c7
ffffdded
ffffe14c
ffffdf0d
ffffe39b
ffffddde
fffff2f5
ffffff8c
00000016
fffff781
ffffe938
ffffdcf4
ffffd823
ffffbaf0
ffffac50
ffffaf57
ffffc01d
ffffbf7e
ffffb603
ffffd2d1
ffffcf14
ffffd06a
ffffcabc
ffffcece
ffffe3bc
ffffe57e
00000be2
fffffe53
0000341d
fffff598
ffffd699
ffffe6bf
ffffd86f
ffffb25c
ffffc4e3
fffff057
ffffe576
ffffdb0c
ffffea8d
ffffe29d
ffffe58e
ffffe46b
00002e8a
00002ced
0000496a
00002426
fffff319
00000f5e
ffffecc0
ffffcff0
fffff774
000016e2
00003fa6
000022a7
00003044
00002d1e
0000251c
fffffc90
00002731
00001ec1
00002724
000014f1
00002b0f
00001520
ffffe08f
ffffcb2c
ffffd6b6
ffffdc86
ffffde14
fffff753
00001595
0000219a
00003dc8
00000f88
0000292d
00001e01
00001fcf
0000116b
000024b5
ffffee19
ffffee42
ffffd5bd
ffffd3ba
ffffb4ea
ffffbc49
ffffca8b
ffffd92a
fffffcc7
00002048
00000fcc
00002b56
00002f65
00001eb3
00000e0b
0000169d
ffffd41a
ffffcb76
fffff79a
00002d16
00004165
00002f55
00000aa6
ffffffad
00001d67
00002bf0
00001477
0000249f
00001f0b
00001fd4
00001560
00002bc1
fffffc0b
ffffcc7a
00000131
000027dc
000029c3
00002db0
00001a32
000029f0
00004fc1
0000412c
00000eef
000014a6
000010b6
000006f4
000022ff
0000349f
000008c4
ffffd9bf
ffffbcb8
ffffd1cb
ffffe7be
fffffac8
fffffd70
00001359
00004557
000037fe
0000061e
000008a4
00000500
ffffe470
0000134c
0000266a
fffff739
ffffe002
ffffa572
ffffb3d9
ffffc08b
ffffd115
ffffde84
ffffee23
00000d7b
0000190b
00000032
00000d47
00001f3b
0000016f
00000aaa
ffffffac
0000190f
fffff000
fffff933
fffff89f
ffffe363
ffffced0
ffffc026
ffffbc97
fffff4c9
00001223
fffff07d
000013b3
00001f7a
000005e4
00000177
00000add
0000356b
00004e73
00004c5f
00002ad5
fffff5df
ffffe122
ffffc092
ffffb756
ffffd6bf
fffff2c8
ffffe679
00001224
00000fd0
0000060c
00000986
000019d3
00002019
000039a9
00001fa7
0000306f
fffff8f4
ffffed7d
00000011
ffffd6c8
fffffc98
000001c0
ffffebae
00000f99
fffff64a
ffffdad5
ffffcaae
ffffdb93
000000d6
0000019e
ffffe8ee
fffff81f
ffffd540
ffffeac4
fffff2a4
ffffe750
fffff301
00000596
ffffd9a0
00000dbe
fffffaba
ffffdc7d
ffffe1f4
ffffd5a1
ffffd718
ffffe5fd
fffff012
fffff0c1
fffffac2
ffffea1f
ffffe553
ffffe5b5
0000009a
000010ce
fffff9f6
ffffec27
ffffcd37
ffffec4c
000002c3
000003da
fffff428
ffffe106
ffffe838
ffffe6d4
ffffec15
ffffedf6
ffffef32
ffffee83
ffffebe8
ffffd272
ffffe363
ffffca7a
ffff88a3
ffff7cfb
ffffb241
ffffb7c9
ffffb4d2
ffffad7f
ffffaa54
ffffa867
ffffbbea
ffffcada
ffffc32e
ffffc1ba
ffffad46
ffff8d60
ffffaaec
ffffc7e9
ffff859e
ffff8e9a
ffffa447
ffffcb23
ffffc5d4
ffffcfc0
ffffb86c
ffffb1f8
ffffce9a
ffffdc76
ffffd240
ffffd416
ffffc382
ffffbc83
ffffd0b3
ffffd3b9
ffff984d
ffffadb2
ffffe1f2
ffffebe7
fffff31a
ffffd71a
ffffabdb
ffffd30e
ffffdb70
ffffdd3f
ffffd639
ffffd40f
ffffd081
ffffc915
ffffdaab
ffffbdbd
ffff881b
ffffb4dc
fffff612
fffffac5
ffffeca2
ffffeec5
ffffc14e
ffffccb6
ffffcfc4
ffffc27d
ffffc73e
ffffbc98
ffffbf89
ffffc8c5
ffffda9f
ffffcab2
ffff9725
ffffceca
ffffe40d
ffffe44d
ffffcf4d
00000b1f
ffffd39f
ffffaab6
ffffbdd7
ffffccae
ffffcaa6
ffffc6ba
ffffbcb5
ffffbd7e
ffffd617
ffffe5b0
ffffba2d
ffffe426
ffffe6c1
000003d4
00000498
00000f62
00001a6e
fffff569
fffff48a
fffff147
ffffe88d
ffffe3e6
ffffc37b
ffffd7f2
ffffe778
ffffd028
ffffa708
ffffc344
ffffd693
fffffcd5
fffffb19
fffff8a0
00001b5a
00002b3d
000016d8
00000d12
00001332
00001025
ffffe5e2
ffffcd95
ffffe2c7
ffffd890
ffffa350
ffffaaae
ffffb964
ffffc86b
ffffcdd8
fffff6c4
000020c5
00000dbc
fffff89d
00000232
00002368
00001fd2
fffff8a9
ffffc4dc
ffffc726
ffffd7f7
ffffa690
ffff9bae
ffffa8af
ffffd7ba
ffffe2a7
fffff031
000001bb
00001255
fffffd0a
fffff7df
00000578
00000f61
fffffad9
ffffbcf4
ffffc825
ffffd694
ffffac95
ffff9e73
ffff8b40
ffffb4b9
ffffd436
ffffeab1
ffffc37d
ffffd5e9
fffff3e6
00000847
000004b3
fffff204
ffffe46a
ffffcdb3
ffffe035
ffffd1ac
ffffb2c2
ffffae47
ffff8c1f
ffff9964
ffffd7b6
fffff285
ffffe166
ffffae6f
ffffd16b
fffff660
fffffde7
ffffeba6
ffffe19b
ffffc4c5
ffffce9f
ffffdaff
ffffbeeb
ffffc6cc
ffffc83f
ffffda5b
ffffcd6a
fffff682
0000096b
ffffc52b
ffffc59c
ffffccd9
ffffdb1d
ffffc97d
ffffc95f
ffffbfc5
ffffc4b8
ffffc98a
ffffa7d5
ffffac68
ffffc594
ffffd293
ffffd403
ffffd57e
ffffb34d
ffffb319
ffffb2d7
ffffe766
ffffd9bd
ffffafcb
ffffa19d
ffffa463
ffffc1da
ffffc1f9
ffff8a24
ffff952c
ffff9655
ffff9273
ffff9973
ffffa832
ffff8fab
ffffa047
ffffa81d
ffffbe26
ffffbe48
ffffb0d0
ffffae78
ffffab1d
ffffaefa
00000593
00000b8e
0000236b
00002d6c
00003a55
00002941
0000317f
00002b8f
00002f53
00002646
00001c2f
00002b2b
00002b19
00002de0
000018f9
00000a42
fffffb8b
00000040
000015a2
0000262c
00001c87
000012e9
000002f0
fffffe15
fffff8bb
fffffcb0
fffffa48
fffff7d8
fffffe42
fffff9ef
fffffcf4
00001010
0000065d
00000771
00000f48
00000332
fffffcbe
fffff396
00000568
00000ae9
fffffb19
0000045b
fffff564
fffff89b
fffffb58
fffff9c2
000007dd
00000ede
00002287
0000330b
00000f19
00001cf9
000005ab
ffffeba9
00001bcf
0000207e
00001cc7
0000286e
00002714
0000206c
00001db3
000022eb
00003028
000027ef
000025fe
00004c18
0000370f
00003c94
00002a22
00001bd6
00002bd6
000032ec
00004a12
00004c2f
00002571
00001e5b
00001183
00001f98
00003690
00002f94
00001904
00003c1c
000051ed
00004341
00000caa
00001cd9
fffff958
00001325
00003561
00003df1
0000385d
000030fd
000012d6
000024aa
00002a9d
00003cdc
000019b9
00001932
00002445
000012a4
ffffe496
00000970
ffffea68
ffffe759
ffffdda0
fffffcb4
00002742
0000315c
00002dec
00003a0c
000033a6
000033fa
fffff83f
0000068e
00001e8d
fffffbf3
ffffea83
fffffdbd
fffff61f
ffffcdb9
ffffbc6a
ffffdcb7
ffffe48e
ffffe4fc
ffffe636
fffff3da
00001a12
00001d10
00000251
000009f0
000020b4
000017b1
0000105d
000005b2
ffffff4e
ffffe5bf
ffffbf4f
ffffea64
00000082
fffff603
ffffddcc
fffff9f0
00001177
00001b64
00000c12
000009ad
0000136f
00000f43
000002a1
fffff7b3
00003591
00002b81
00002901
00001d5b
0000221f
000027f9
0000061f
000004fe
00001427
000019c2
0000165f
00001592
0000164d
000022e6
000007f4
0000073a
00000fdc
00003b5f
000046d0
000037fe
00003987
000039e3
00002c51
00002433
00000d82
00001fab
00000e38
00000d4a
000014f2
00001934
0000190a
00000606
ffffea21
0000227f
00004203
000043a9
00003907
000028de
000022a2
00002395
000015a9
00001e40
000009e0
fffff792
00001106
0000058a
00000bf5
000005e6
ffffe688
fffffe28
00001e2e
00002515
00001c0e
000022a3
00003517
00003197
00001530
0000269a
ffffec1c
ffffd6f7
fffffffa
00001415
000005ef
00001fdb
00001b96
ffffede6
fffff8cf
00000e46
0000235f
000022a0
000038b6
00002c3e
00000550
00001889
ffffeeec
ffffd7d4
ffffeb44
fffff79a
0000060a
000017f2
000025c8
00000695
ffffda22
ffffec3d
fffff9c6
0000230e
00002f52
0000284d
00000db5
000015c3
fffffc1d
ffffdbdb
ffffe78d
ffffe25c
ffffe9d3
ffffed62
fffff91d
00000615
ffffe2b4
ffffe1b4
ffffe590
ffffeea8
ffffee97
ffffe68c
ffffd5b6
00000657
000025f6
00002948
000027ee
00002ae7
000030fb
000033a1
000038a6
000037d6
000026c3
000012fb
000010b7
00001675
00002222
0000344e
00003573
00002b3e
000029ee
0000092b
fffff8e2
00000fee
000038e8
00001e74
000019df
00001beb
00000bce
000010fa
00000bad
00001949
0000183e
00000c5c
00001055
fffff769
00002805
ffffd163
ffffb928
fffff754
00001644
000007d1
000011b5
ffffe6fc
ffffd87d
ffffe596
fffff91b
ffffeecd
ffffe0e1
ffffe837
ffffda41
ffffdf75
00002464
ffffbc1b
ffffe430
0000386b
00003ac6
00003c1d
00004699
fffff2b3
fffff6b1
00000ddf
00002b6e
00000db9
fffff6fa
fffff1d6
ffffe09d
00000675
000009d8
ffffa9aa
0000126f
00007175
0000448a
00004fb2
000055a4
ffffea0a
ffffd7a5
fffffb60
000019a0
ffffec6e
ffffe4c9
ffffde6b
ffffbc7e
fffffb7f
00001067
ffffc665
0000308d
000058ed
00001510
00002fe6
00004ed3
00002aec
ffffff70
00000b83
00001df3
00000e4b
00000ddf
0000025d
ffffcebe
fffffdfc
00002c8a
000004ad
00006d48
00006a3c
0000511c
00005cdd
000063c9
0000653e
000038f6
00003039
00004cb8
000035c7
00002db1
00002661
fffff97a
00001fb0
00002be6
fffff4e1
00002c8e
00005434
00007c7d
0000592f
000039fa
0000586e
00004ada
00002b44
00002d87
0000119c
fffff8f1
fffff155
ffffe4e0
0000079b
00002f6e
fffffe2a
00000abb
000026d6
00003ac3
00004529
00002aab
00003ea8
0000521f
00005186
0000660a
00005682
0000382b
00003002
ffffede0
0000025f
0000303b
00000539
00000f1c
000010b7
000031b5
000048df
00003196
000022a5
0000400a
00003309
00003fe9
000047f3
00005942
000066ba
000010c7
fffffdfa
000023b1
ffffeb7e
00000168
00000024
000038e8
00003c41
000043fd
0000321f
00001413
0000248c
00002b7f
00002e16
00004a93
00004d42
000009fd
fffff4b2
000020e4
ffffd6ea
ffffe223
ffffec7d
000025d3
0000503d
00004aa3
00002c21
00000779
000012f1
00001107
000022d7
000026ef
000024e8
ffffeffc
ffffe809
00001679
ffffcb10
ffffcf87
00000563
00001709
00005777
00006531
000065d7
000023a1
0000025d
000006f2
000016b0
00001c3a
000026a2
ffffef03
ffffe02e
00000f63
ffffe63d
fffff4ea
00000a87
fffff993
0000236b
00005c4c
00005e82
00003cf2
0000014e
00000051
00002058
00001ebe
00001349
000006d5
ffffeb0a
000018fd
ffffff82
00000d17
000008a7
000008ef
00003f64
000041e7
000044ba
0000301b
00001a47
00001169
0000285a
0000494c
00003a57
fffff937
fffff062
00003f62
00002a2f
00002365
0000257c
000049a6
000070fc
000049e6
00004e70
00005576
00002962
00002542
00004aee
00004edc
00004b06
0000241b
00000ba2
00002963
00001254
0000122d
000028ec
00003aba
00002217
00000ae5
00002273
00001fc2
00001362
00002e04
00002669
000028ae
0000225f
0000108a
00001574
0000049f
00003ac9
0000262a
00000e5d
00000daa
000011be
0000048b
00000de6
00001975
00001872
000001ed
00000dfb
00001d41
000020d1
00001c9a
00002967
00002846
00003790
0000123f
00001d5a
0000111a
00000cd2
fffff92b
ffffff01
0000075f
0000003e
fffffaa7
0000113e
00000a42
00001470
fffffbfc
000021e9
00001ab4
00000daa
ffffaf28
ffffe0d9
ffffe57d
000001d2
fffff9f9
00000253
ffffed57
fffff349
fffffd62
fffff934
00000458
fffff2e4
ffffefac
00001a91
00000cb8
fffff680
ffffb345
ffffde45
fffffd04
ffffc93d
ffffd212
0000235d
000000e7
ffffea1d
fffff49f
fffff64e
fffffcc9
fffff881
ffffe5e0
000023c1
fffffd33
00000f6f
ffffd0ba
000021c8
000030c4
ffffebb5
ffffe993
00003028
00003986
fffff965
ffffe044
fffffa3e
fffffd52
fffffa24
ffffeeaf
000032a6
ffffe49f
ffffe8d0
ffffbf32
00001067
00001628
fffff78d
fffff8b7
000016b0
00004cd0
fffff88a
ffffe318
fffff542
ffffed52
ffffde1f
ffff9c04
00001bd3
00000826
000019bd
ffffce56
00001413
00000727
fffff7d0
ffffe14f
000019ec
00000a37
00000be7
0000079a
ffffff42
0000034c
00000c83
ffffbea0
00001f2f
0000243c
000035a6
ffffe64b
000003eb
00000313
000009eb
ffffcfc7
ffffd8c4
ffffd065
ffffff2c
fffffe97
ffffed89
fffffee7
00001a81
ffffe7d2
00003621
000025be
00004866
00000dce
000008a0
ffffd75f
00002295
00003c9b
ffffe877
ffffcbc2
fffff140
ffffffde
ffffe0ee
ffffe75c
0000161f
fffff4fe
000035c2
000023d9
00004554
000028a9
fffffb73
ffffc28e
00000980
00005408
00003dae
ffffe8c6
ffffdf2b
fffff5ea
fffff80d
fffffc10
fffff592
ffffe652
00003d54
00001ee5
00003b6d
0000249d
00000a84
fffff328
fffff283
00001b6e
00004b08
0000407c
000000b3
fffff5bf
00000d05
000010dc
fffff2c4
ffffe77a
0000316d
0000106b
0000238a
000006cf
ffffef37
fffff5e6
fffff7f4
ffffe44e
fffff7c3
00004217
00003fce
00002353
00002d82
fffffc8d
ffffd9ff
ffffc5f5
00002a6b
fffffa6f
00000ceb
0000015b
ffffec48
ffffe028
00000ba3
ffffe999
ffffd365
fffff24c
000018f0
00003434
000052e2
000024c6
00000343
ffffbac1
00003dc8
fffffbfe
00001815
000011ef
00000d43
fffff2b5
000028d6
000004e3
00000ae5
ffffec80
00001433
ffffff29
00004191
000055ae
00002b19
fffff537
000054e2
000005c0
00002ab2
fffffc9c
00000688
0000305b
00001bd9
00000f56
00003eac
fffff81b
00000fe7
fffffca5
00000142
0000263b
0000362d
00001936
0000607c
000023b7
00003db8
00001a10
00001f2e
00003571
0000365d
00003ce3
00002065
00001195
000007b6
000004fa
000007f3
00000c8b
00001c05
000000a7
00005284
00002cb9
00004166
000036ab
00003071
00002491
0000259b
0000370e
00003b7d
00003ba5
000039eb
00003bbd
00002d85
00002e07
00003704
0000435d
00004235
00002a84
00003a41
000020d4
0000384d
000031e2
000034d5
00002f10
0000376e
00003792
00003c9e
000039f5
00003c6e
000033aa
00003e35
000045a5
00005e52
00002163
000020c7
00002f21
0000152e
00002cc3
0000421c
0000316f
00002810
00000b60
0000253d
00003404
00002f1a
00001c8c
0000196d
0000350a
00004e8e
000010ff
000015ce
000045e0
000018d3
00004b2f
00006dfb
00004db1
00002131
00001403
0000272d
00003fbd
00003ea2
000040da
000038cc
00005ef1
000074e1
000018a1
0000121d
00004762
00005b9b
00008e37
00006e9f
00008734
00003e97
00001bfc
0000187f
00002e1a
000024f1
00002beb
00002a38
000052c6
00006861
00001ba6
00000692
00002d44
0000995c
0000cd19
00009828
000074a1
00002a29
00002c6a
000004cb
000000c9
00000f3d
0000247b
00001722
0000493f
0000533a
000002ea
00000160
00000653
00004c75
00006bfc
000062cf
000062ba
000044b9
0000350e
ffffeef7
fffff967
00000246
0000005b
fffff776
000017cc
00003aea
00001709
00002872
000027a2
00003e05
000045d1
000066f5
0000629b
0000792f
00005b77
00004092
00003b1d
00003f2d
0000300e
00000bd2
00003231
00003efb
00001bf1
0000246a
00002bf5
000056ac
000070df
00007fee
000082b8
0000918e
00005b52
00003939
000035ba
00003cac
00005350
00003d1e
00004613
000047cf
00001a9c
00002989
00002787
00006538
00008d61
0000a55a
00009d69
00007556
000062a8
00004886
00002e03
00002d83
00003f02
0000415a
00003ec1
000049f2
00001983
00002dde
0000229b
0000524d
00007803
0000acc8
0000b2ad
00008cc9
00005900
000052f1
0000551a
00004357
00004008
00003792
00004923
0000514e
00001c1e
00003c79
00001cb4
00002482
0000478a
000090b7
0000d0f5
0000b902
00007828
000070b3
00007182
0000672c
000055ce
000028cf
00005b56
0000588f
000026c2
0000370f
000015e8
00000b39
0000252d
00001d8b
0000609f
00009c0d
0000885e
0000635e
00004d1b
00004bc8
00004940
000032f5
0000548d
000045cf
00000bba
00001212
ffffdb54
ffffd951
fffff793
0000021c
fffff712
00001233
00003580
00002341
0000220a
00003108
00003aaa
00002762
00002a5e
00003ce9
00000a80
000001f8
fffff830
ffffeb0a
fffff84d
fffff050
ffffec67
00000b97
000007b9
000007bd
000010ce
0000212e
00002769
00001ebb
00002e68
00003dca
ffffe1d0
ffffecf7
ffffdb68
ffffedb8
fffff05a
ffffdce6
ffffe846
fffff2d0
fffff4bb
fffff165
fffffb39
fffffa5d
fffff799
fffff796
00000438
000026dc
0000206c
00001b8f
00000737
0000205a
00002d88
00002380
000022de
00001f6f
00002328
00002b05
000018da
000023ef
00001806
00001357
00000bda
00003be3
0000040b
ffffed8e
ffffe649
ffffe177
00000046
0000163a
00001697
ffffe440
ffffd144
ffffeec7
fffff200
fffffaaf
ffffee1f
ffffd058
ffffc8a1
00001bd9
00000ab7
ffffefca
fffffada
ffffd72a
ffffda90
00003eeb
000034e3
ffffe6dd
fffff90a
000000bc
00000ad1
00000567
fffffbc8
ffffeb76
ffffda48
00001f60
ffffef58
fffff020
00001c71
ffffcb5d
ffffdfb2
00005f70
0000260d
ffffea55
fffffac5
fffffe45
00000787
000009c5
00000b1b
00000322
ffffed87
0000250f
fffffc88
ffffef40
000007af
ffffb0a8
ffffef84
00007679
00003ef6
00000ed4
00001568
000010d9
0000242a
00002d48
0000270b
0000197c
ffffffbd
00003ab6
0000089c
0000059f
00001b89
fffffa9a
00000a54
000055ed
00004719
0000404a
000020fc
000008b2
000012d0
00000f75
000007bb
000005b6
ffffee16
0000307a
000005d5
000015a1
000014c5
00000402
00000059
0000173f
000027c9
00002175
000038a9
00004d5e
000038d9
00002a81
00000c1e
00000778
ffffe5b2
0000248e
000006c3
0000087e
0000052a
fffff999
ffffe753
0000139c
000008dd
000010b1
000038fa
00003f21
00002de4
00004141
00004399
0000276f
ffffee45
0000287e
00000d96
00000085
fffffed8
fffffd6c
ffffe093
ffffee04
ffffeff4
00001741
0000419d
00002de2
000019ec
00002a85
00004d96
000036f9
00000702
00002c2a
00000550
fffffd20
ffffee86
0000036a
00000472
ffffef0a
ffffe51e
000017aa
000012bc
00002318
00001c52
00000ba6
000033c5
000032d4
000010e1
00002929
00001550
00000265
ffffdb98
fffff040
00000c59
00001e07
00003351
00002d5e
fffffda7
00001e7d
000029cc
00001163
000026ed
0000159d
00000ce6
00002812
000026a5
00001488
ffffe9cc
ffffd893
ffffd897
fffffe1f
000045a8
00002fa5
00000e72
0000071f
ffffefad
fffffff0
000021f6
00001f43
fffffe8b
000012f5
0000152b
000003f5
ffffef9e
ffffdba5
ffffec7f
ffffde5a
fffff79d
ffffe8a9
000001be
fffff354
ffffd369
ffffedcd
0000151d
000006bc
fffffcd5
00001193
00000564
fffffcab
ffffea67
ffffe052
ffffec1e
ffffe435
ffffc3e7
ffffe0c9
fffffa56
fffff69e
ffffeca4
fffff4e4
fffff0b2
ffffdd9f
ffffdcd3
00000afb
00000d2b
00001eea
00000da4
00001b70
000012ab
000003dc
fffffbc0
fffff1e9
fffffec7
000026d7
00003153
000034d7
00000ab9
00001f3a
fffffe18
00003427
00000748
00001e05
000020b4
000027c5
00003761
00003b8e
00002a51
00002ca5
0000300e
00002c87
00003808
00003a0d
00002ee4
0000322f
00001dc9
00003350
00000203
ffffeaf3
fffff786
000004f3
ffffef9d
ffffe08e
ffffe277
ffffe2ee
ffffd7cc
ffffd943
ffffe61a
ffffe6d2
fffff650
ffffe83e
ffffe04d
ffffe96e
fffff177
ffffb892
ffffc015
ffffd111
ffffcd12
ffffb459
ffffb01a
ffffb9a4
ffffb4f6
ffffc54c
ffffadc2
ffffb859
ffffc62c
ffffbace
ffffa6a7
ffffc386
ffffec19
ffff8fc9
ffffbefe
ffffc35f
ffffdfc8
ffffc7ad
ffffbdc1
ffffcb57
ffffdad7
ffffe9c5
ffffed59
ffffd260
ffffd2f1
ffffebd2
ffffcfae
fffff8b3
fffff6ce
ffffa654
ffffd205
ffffd5f8
0000153f
ffffeae8
ffffc3c9
ffffd57c
ffffe5af
ffffe708
ffffe1ac
ffffcff9
ffffc3bb
ffffc0fa
ffffb9ee
ffffe838
000000ec
ffffcd47
ffffdd37
ffffde20
00001ae8
000004ad
ffffffd8
ffffd9fd
fffffe54
fffff3cf
ffffe1e8
ffffe25f
ffffd9b4
ffffd8fa
ffffc41d
00000140
000007bb
ffffc692
ffffc821
ffffc50a
ffffb713
ffffba0d
000003e2
ffffd714
000013ca
00000d21
00000149
00001f6d
00001909
fffff979
ffffe0f0
ffffff2a
000008a3
ffffaa40
ffffd051
ffffe57c
ffffd970
ffffed49
ffffc5cc
ffffa467
ffffbd3b
ffffc624
ffffdc29
ffffc479
ffffc8a1
ffffe464
ffffd8b5
0000007e
000007ab
ffffaff2
ffffcf3b
fffff749
00000fa6
ffffdf92
ffffb474
ffffcb42
ffffdc22
ffffce8e
ffffeb1b
ffffe234
ffffcd81
ffffda70
ffffd350
fffff7af
00000f98
ffffbafc
ffffc3aa
ffffe875
00000a54
ffffd3fe
000000f8
000019cd
00000cf3
ffffee32
00000381
00000b43
fffffef0
ffffda00
ffffc0e7
ffffe3b2
000014f1
ffffcd45
ffffc017
ffffe420
fffffd30
000001a3
0000067f
00000e1a
ffffffe3
ffffffa5
00000067
000013c1
00001275
fffff5cb
ffffc056
ffffdec6
fffffef0
ffffc366
ffffc7ec
ffffc9f4
ffffdd8d
ffffd4c6
ffffa485
ffffb529
ffffdd3b
fffffcd6
fffffbf5
fffff3ae
fffff60e
fffff797
ffffd226
fffff09f
ffffed35
ffffb670
ffffe0f1
ffffe967
ffffdabe
ffffd604
ffffc966
ffffa29e
ffff8eba
ffffbdac
ffffd34c
ffffd3ad
ffffe49f
ffffd9a1
ffffe145
fffff8a7
ffffeb17
ffffc97b
ffffedc6
00000c56
000018bb
000011d0
00002799
fffffe77
ffffbe23
ffffc552
ffffe659
ffffc6ce
ffffe54e
ffffd7ab
ffffe933
00000325
fffffc23
ffffca5b
ffffe2f1
ffffe813
fffffbbe
00001919
00001cd3
fffff2f9
ffffd617
ffffdd6c
00000230
ffffe5b2
ffffe16a
ffffd88e
ffffcc26
fffffad7
00001b17
ffffeb58
fffff05f
ffffebd8
ffffe986
fffff01b
ffffec06
000002fb
ffffe740
ffffcf70
ffffefe6
ffffe603
ffffe086
ffffc942
ffffc40a
0000043d
00001930
ffffee27
fffff1b4
fffffa7a
fffffdb2
000002d7
000000e6
0000037b
fffff80f
ffffeda0
ffffe3cf
ffffe15b
ffffdece
fffff266
ffffe9ec
ffffff3f
00001c54
00001da7
0000253b
00002dc6
00001bb4
00000277
0000061f
000019e1
000023df
000015e0
000005c1
000006d1
0000032a
fffffcf0
00000810
00002fa2
0000112c
0000074a
00000e4c
00001db0
fffff9f3
ffffc87f
ffffee3b
fffff29a
fffff672
fffff879
000003d8
00000416
fffffad8
ffffe65a
ffffffac
0000151b
00004009
000037a0
00003780
00002b63
ffffd9ce
ffffa824
fffff504
0000262c
00000975
fffffce7
0000147c
000021be
00001e55
00001026
00002478
00003a3a
00005771
00007e8c
00006ed3
00006345
fffff067
ffffd044
000012bd
0000477b
00004667
00005628
00004bd3
00002e29
000038dd
00003c41
00005a55
000064c8
00003661
0000588d
00009cf9
0000b4bc
0000636e
00000830
00001576
00006b08
00003476
000052fa
0000430a
00001296
00001a0d
000020c2
00003d39
00005ab6
00002e0f
fffffc58
00002357
00004de0
000035a9
00003fcf
0000398e
00001c31
000005b5
000005c0
00001104
ffffee17
fffff730
00000885
0000199b
0000205b
00001b1e
00000ec6
0000042e
000022ff
00001a36
00006586
000029ff
ffffe97e
fffff090
fffffa96
fffff3b7
ffffcc20
ffffd4ae
fffff608
00000663
000016d8
000015e3
00002980
00001f58
00003222
00003fdb
00006e41
0000634c
00001128
00001b0b
000026f0
00000ad0
000010ee
ffffe822
0000090e
00001e06
000031d0
00000f63
000033e7
00004b33
00003a94
00003f43
00005828
000051ef
00002152
00002b8d
000037bc
00001d5d
00002a3a
00002fa9
00002aca
000029fa
0000327b
000016ec
00003241
00006900
00007659
000063b9
0000643b
00003e9b
00004698
00003776
000023b8
00002051
000030b2
00002694
000017d4
00004641
000034ad
0000223b
000034fa
000060da
00008590
00009128
00006762
0000539e
00004e65
00005501
00004d17
00003e42
00003304
00002497
00000912
00003d8c
0000341d
0000302f
000027d5
00003b50
00005b8a
00007233
00006509
000065b9
00004c37
00005cfd
0000670d
00005ffc
00005abe
00003f2e
00002c05
00006f1d
00004b8f
00002bbf
000024db
00003c37
0000505d
00004163
00004b6c
00005d33
00006080
0000634d
000037de
00004d5c
00007045
00004d10
000027bb
0000636d
00005d69
00002795
000029a9
00002061
0000330a
00003044
000029a2
00004102
00005795
000053f1
000061c7
0000541d
00006abf
00006c50
000059aa
00006c7b
00006721
00001985
0000227a
0000094f
0000192b
000038c0
00004412
000041e5
00003ef7
0000546c
00004a9a
00004880
0000633e
00004bc5
00004d52
00005dde
00005e34
00001653
00002323
000004ee
0000000e
000008e2
000019e2
0000189b
00002319
00002e5a
00002599
00000ad3
00000fa1
00000696
0000059e
00001cfa
000033b5
fffffd3b
ffffde4d
ffffdf8a
fffff1cf
ffffedc1
ffffe89f
ffffe765
ffffedea
fffff2e1
ffffec19
ffffe980
ffffec7e
fffffaef
fffff046
ffffe45f
ffffe298
ffffea24
ffffbf20
ffffdde3
0000123a
00002c9e
fffff01d
ffffdb90
fffff168
ffffe4a4
ffffe51f
ffffcae8
ffffdb06
ffffe73a
ffffe791
ffffc6c9
ffffdb51
fffffb45
ffffbf89
00000494
0000568b
00002927
fffff767
ffffdbfc
fffffa47
ffffe9dd
ffffe9bb
ffffe403
fffff2ae
fffff1bb
ffffeebe
ffffd8be
ffffe596
fffff9fe
ffffb4d2
00001523
00003b7d
fffff2ca
ffffcb0e
ffffe5bb
ffffeb63
ffffe506
ffffe207
fffff00a
ffffed4d
ffffea23
ffffe1bd
ffffd6e5
ffffde2b
fffffd9a
ffffb789
0000248b
00002afc
ffffdae8
0000100c
000000a4
fffff5af
ffffec26
ffffdacd
ffffe897
fffff1e4
ffffee1c
ffffe4b3
ffffe2a1
ffffe8e3
ffffde99
ffffa493
ffffec52
00002af7
00001440
00004371
00001fb9
fffff889
0000093c
fffffb1a
fffff1e2
fffff6dc
fffffe34
ffffe3a3
ffffe369
ffffe458
ffffcf67
ffffa0ab
ffffe523
000035a0
0000123a
fffff38d
fffff85f
fffff27f
ffffd2a4
ffffcba7
fffff008
ffffe88b
ffffe240
ffffcb2e
ffffcdd9
ffffde43
ffffdc27
ffffb5fe
00000c67
00002d12
00000d4e
fffff5f1
fffff6bd
ffffcb8a
ffffc043
ffffe1cf
fffff1c5
ffffeefe
ffffd282
ffffc663
ffffe1fa
ffffefea
ffffdb86
ffffb355
00000b4f
0000259c
0000271c
00000d94
00000429
ffffd76e
ffffcc5d
ffffcaf6
ffffd1ac
ffffda70
ffffd304
ffffc4cb
ffffbd49
ffffe0e5
ffffd55e
ffffa8ec
ffffec38
000021f1
00003541
00001ec9
00000a52
fffff0ff
ffffe7e0
ffffd870
ffffcf93
ffffe1d9
ffffe9ed
ffffcd05
ffffafcc
ffffc900
ffffd710
ffffa146
ffffcab0
ffffee90
fffff75b
000007d9
ffffce94
ffffe5ef
fffff0d4
fffffe00
ffffe05d
ffffd437
ffffdb25
ffffe4db
ffffc1bc
ffffc75e
ffffdb2a
ffffa6f7
ffffcd31
ffffde1e
fffff4c1
ffffeb65
ffffe609
ffffcd23
ffffd21e
fffffe12
fffffee2
ffffdee7
ffffce0b
ffffcdb2
ffffc23e
ffffc0ed
fffff0aa
ffffbb62
ffffe6d2
ffffd574
ffffd827
ffffd92c
ffffefa7
ffffcb32
ffffb80a
ffffde01
fffff449
ffffdd7f
00000121
fffff924
ffffdf05
ffffd024
ffffe0cf
ffffa374
ffffbcbd
ffffbfb5
ffffc3b9
ffffc8fd
ffffdfa3
ffffddfb
ffffba19
ffffce35
ffffc343
ffffeb6a
0000144a
00000589
ffffd1db
ffffbf39
ffffe9ac
ffff8ee7
ffffa5cf
ffffaf81
ffffa467
ffff9e0b
ffff956a
ffff98e4
ffff96aa
ffff9082
ffffb3a5
ffffb96d
ffffbccd
ffffaf0d
ffffa021
ffffbaf1
ffffefcc
ffffc305
ffffc6df
ffffc42b
ffffbef4
ffffbe9a
ffffb9fa
ffffc54d
ffffd050
ffffc5bf
ffffd931
ffffd7e6
ffffc386
ffffb0a0
ffffa0a9
ffffc8ca
00000614
fffffabc
00001ce4
00003d6e
00004473
00002f3d
000027f2
00001f52
000023b0
0000227b
000024b2
00001cd1
00001765
0000191a
00001427
000012d5
000016ac
00000129
0000138a
000052a7
00005467
000040cd
00003c48
00002b11
00002ee1
000046a4
000036af
0000324c
0000272d
00002880
00001e58
00001d87
000014f3
ffffff2c
000017c1
00005464
000014a6
00000801
00003d9e
00001c96
000028cb
00003171
00002878
0000430f
00003273
00002c8c
00001c79
00002d30
00000e33
fffff199
00003b3f
000057b7
ffffe439
00000098
0000199a
fffff8cc
fffffcbb
00001e94
00001b9c
00001c77
000013d3
000011d8
00001150
0000255b
ffffe7db
ffffe165
000007cd
000041ba
fffff77a
00001845
00002f1c
00000062
ffffdca1
fffff58a
ffffff7d
fffff9d6
fffff87f
ffffff87
fffffa90
00000bb3
0000094c
ffffffde
fffff51d
00001593
00001d1e
00003d2a
00004409
00002bb3
ffffcb72
ffffd1f1
ffffe9db
ffffe65b
ffffe95d
ffffe8cb
fffff377
00000c19
000014e2
000009e8
00001818
0000353b
000046a9
00007731
00005c14
00003caa
000008df
0000220a
00000a15
fffff905
ffffff54
fffffa43
fffff688
000019bd
000010c2
00000620
fffff43f
0000273e
0000472d
0000801b
00005a40
00002822
00002947
00002eec
00001cb8
00001136
0000044c
fffffc23
ffffdd8e
0000112c
00001001
00000753
ffffe35c
00000890
000034bd
000035e0
000017aa
00000992
000044d9
00003da4
000028d0
00002209
0000145e
00002759
0000026d
00000a82
00000a63
ffffff49
fffffd55
fffff99a
00002b21
00003adb
000001d3
fffff650
00001ceb
00001fe6
00003343
00002fea
00001cda
00002f9d
000010c9
00001127
000009e2
000003ef
00002643
000010bc
000028ae
000049b2
00002ad3
fffff14a
ffffc746
fffff5ad
00003fc6
00003654
000019c6
00003875
00002985
0000227f
000013ee
00000f8f
00003c7d
00002bfb
000026d7
00005223
00005688
000023d7
ffffd464
ffffef15
00002256
00003184
00003887
00003c63
00002cab
00002036
0000135a
00000d28
00002689
00003eea
000030e0
000038b8
00002946
000054cb
00000fb0
000011ba
00001602
00002a0d
00000b96
00000d25
00000785
00000234
000006a4
0000182e
00001fb2
0000262e
00001f74
0000265b
00001da4
000018e3
000033af
00000f87
0000101a
00001559
00000e71
ffffff33
ffffebd0
fffff6c1
ffffeaf5
ffffeabb
ffffdec8
ffffe7a3
fffff779
ffffff28
00000277
fffff360
fffff5e2
ffffeacd
fffff29b
fffff607
ffffebfb
ffffdc43
ffffd753
ffffec8f
fffff7b7
ffffed8d
ffffdfd2
ffffef68
000004de
fffffa1d
ffffeafd
ffffeb7e
fffff3c2
fffff0eb
000009e3
00000640
fffffb9c
ffffe9a5
fffff18f
fffff549
00003df0
00002a24
0000460a
0000462c
00004c3a
00004b13
00004b18
00004d99
000042e0
00004358
0000391b
00003720
00002b4a
000040df
000039e9
000052ce
00003961
00003013
00003a63
00006dcb
000064c4
00004be8
000032e4
00002fd0
000035c7
00004cc0
000041af
0000320b
00001af9
0000242b
00002634
00003e59
000032d6
00001b6b
00001590
000036de
000040cb
000037a5
000010fc
ffffff1d
00000b6d
0000252e
00000914
000007d7
00000b92
000000a9
fffffddb
00002425
00002f6a
000013e1
00001abe
00000984
00001051
000003bb
fffff28d
ffffef1b
0000035d
00000e3a
00001efb
00001191
000019b4
000013c9
00000265
00003501
00002c40
00001668
0000340c
00000938
00000ad0
00000950
ffffd38a
00000a9c
0000046e
00001e08
0000402a
00002ad1
00003182
000025c1
00000ee9
0000298a
00003040
000014de
000021e0
00001cce
000020f7
00003f46
00002423
fffff105
ffffecc6
00001d6b
00000d49
00000565
00000a2b
0000097d
fffff2cd
000011a8
00004156
00001dd6
000009be
0000266d
0000390a
00004b78
0000381e
00001b7b
00002c6c
0000337c
00002c87
00003618
00000d07
0000108f
000006c6
00000cf5
0000411d
000035a2
00001600
00002025
000022a2
00006815
0000365b
00003177
000019d2
00000c81
00003272
000039dc
000019e7
fffff41f
ffffeb03
00001259
0000385f
000036c6
00001f87
00002a17
0000220c
00004fd6
00005345
00001aa5
00000b9f
00001f13
00002e56
00002509
000024da
000002b8
fffff1ba
000025bf
0000298e
000024d8
00000e6c
0000290a
0000348d
fffffb64
00001d50
00003901
00000926
000003c3
0000123d
000024b3
00002825
000015d4
0000094e
00002e80
00002aca
00001def
00001eef
0000373a
00005dd4
000034df
00002130
000032f2
000016c1
00000da7
000025ac
00001e89
00002ad2
0000270a
0000022c
0000254c
00002509
00001b23
00001e90
0000202b
00005469
00004cc3
000041d1
fffff9dd
00000e89
0000227b
00003da9
00002776
000023e5
00000ffe
0000009c
000027c8
0000276b
00002b64
000027f3
0000115c
00000718
00002fd7
00003f0f
00002a35
00001476
00000a13
00002ac4
000022d6
00001915
ffffe05f
ffffdac9
000009c1
000041c0
00004a02
00004075
000037a8
00003078
00001976
00002977
00003565
00001cde
00002384
fffffa92
000002fa
00001531
0000016a
00000211
000015e7
000052ed
00005389
0000585c
000058aa
00005396
00003e90
0000420f
00002dda
000044c2
00003daa
00004f11
00005457
0000317a
000037b1
00002a67
000035f2
00000eb8
00001e43
00001e27
00001179
00001407
00000f0e
00001c39
00001305
00000e56
000011e8
000015ba
000019ac
ffffff9a
0000073b
00000c38
00000d71
ffffcd1c
ffffcada
ffffe2f1
ffffd30a
ffffd571
ffffdde9
ffffe193
ffffd9dd
fffff057
ffffe6e1
ffffe077
ffffd96c
ffffd9f8
ffffed97
00001354
00000d0e
ffffcf19
ffffe100
00000ac6
00000d9f
fffffcba
ffffd09b
ffffcc20
ffffe63c
fffff5f0
ffffed80
ffffe952
ffffcd50
ffffd7e7
fffff6ad
00002996
0000299f
ffffe0dd
ffffeffa
00001412
00003b7d
ffffff14
ffffa951
ffffa4fb
ffffdc47
ffffdbcd
ffffdf98
ffffd0c6
ffffcd5a
ffffd3d6
ffffd610
00001dea
00002188
ffffebd7
00000c02
00002218
fffffda7
ffffa4c2
ffff9971
ffffacc9
ffffe186
fffff3de
fffff121
ffffe130
ffffe8d7
ffffe6e6
fffff1a6
00002ed3
00002ca1
ffffcf17
fffff49d
00001f3e
0000064f
ffffbbf4
ffffd3df
ffffd8bc
ffffd8cd
000011dd
ffffff7b
ffffed71
ffffec4c
fffff6ca
fffffbb2
00003834
00004365
ffffd2d8
ffffe340
000034fc
000038e7
000028ef
ffffdf99
ffffce91
ffffdcb3
fffff60c
fffffddb
ffffef43
ffffd364
ffffd814
ffffe289
000026c1
00002bf0
ffffda77
ffffe14e
00002c5f
00004f54
00002734
ffffd63e
ffffea8c
0000061d
ffffe367
fffff672
fffff8e0
fffff5e3
fffff4f1
ffffdffe
0000199f
00001ec7
ffffdf1e
ffffdfd7
000008bc
0000320b
000002b9
ffffd091
ffffc9ce
ffffc901
ffffe097
ffffd520
ffffda9c
ffffeeb4
ffffd7a9
ffffc87f
00000b89
000025b2
ffffd396
ffffcc3f
00000403
000018a6
fffff328
fffff1c1
ffffd02d
ffffc9f7
ffffcb20
ffffcaf7
ffffcb55
ffffcd30
ffffc644
ffffb9a1
00001691
00002288
ffffcbe1
ffffcce7
fffff8e4
00001ccd
00001400
00001422
ffffc10d
ffffe486
ffffe9aa
ffffd929
ffffe8a1
ffffda0d
ffffd55c
ffffc90b
00000f78
000023e2
ffffd4fa
ffffd499
ffffe36e
fffffb60
00002abe
00000e33
fffff05b
ffffe1fd
ffffdbd1
ffffd5f7
ffffd863
ffffd37c
fffff027
ffffc9ba
00001db5
0000313f
ffffdd38
ffffd0dd
ffffd158
ffffed93
000017ca
00003faa
00002472
ffffec57
ffffc71a
ffffe95c
fffff339
ffffe3f3
ffffe18a
ffffb685
000009e4
000031a7
ffffca16
ffffb4d5
ffffcbe0
ffffe428
fffffe1b
00001877
ffffe825
ffffd39d
ffffcd63
fffff76a
0000226a
fffffbf5
ffffe25c
ffffb31a
fffff413
00002e47
ffffbb1c
ffffbdc1
ffffe2f4
ffffeaae
ffffec44
ffffd6ca
ffffe2bf
ffffd1ba
ffffd7d7
fffff818
00000957
fffffd00
ffffd418
ffffb40b
0000069c
000029c6
ffffe99a
fffff1e7
00000dab
000018db
00001214
00000f1f
00000cfc
00000e41
00001aa5
00002827
00002203
00002a17
000008d4
00000747
00003517
000030e1
00000757
00001cec
00002f2e
00002d8f
00001e6b
00001537
00001c01
00001a0d
000028b7
0000351a
00002dd5
00003308
00002778
00002bc5
000020ca
00002891
ffffe9d2
ffffebd8
ffffe642
ffffdcd3
ffffdc78
ffffe9c6
fffff277
fffff245
ffffe8ea
fffff59c
fffffc99
fffff771
fffff863
fffffc53
fffff870
00001417
ffffee17
ffffea87
fffff484
fffff5ad
fffff1a5
fffff060
fffff5f2
ffffe9e9
ffffe09c
00000001
ffffec0f
ffffe37b
fffff0a2
fffffbfa
00000047
000017f1
00000ec3
000018b5
00004499
000072e1
000072fa
00001fed
000024e6
00000c2f
00000b27
000017d8
00001cc3
0000131a
000009db
00000ac4
00001cba
000029e5
000004c7
fffff1dd
00003ae2
00007456
0000b710
00006d1a
00003253
000006d1
000013c3
ffffed1a
fffff8f4
ffffe8ce
fffff462
ffffeca0
00000002
00001202
0000210e
00002ec1
000031f5
000053bb
00006eea
000061c9
000039c5
00001515
00000dff
ffffff79
000010ed
000014fd
00001fe9
000018cb
00002c7a
00002520
00001b73
00001b21
0000414b
000054bf
00007ec5
000092c1
00008e10
00004c0d
000041ae
00001c20
ffffeef2
ffffff4d
fffff725
00000bb8
00002fa4
00003147
00002368
000019ee
00005560
00004dd9
0000657a
000096ee
0000af75
00009c5c
00007d1a
0000408d
00002819
00002152
00001e6e
00000d6b
00001ebd
00002426
00002678
000025f3
00002f53
0000541e
00006433
0000977b
0000c0db
0000ba0d
0000a9b9
00008361
0000733b
00006d77
0000495c
000034c9
00002cd9
00002753
00001dae
00001e79
00002d22
00004263
000044be
00006cd6
0000a63d
0000a4ff
00007f94
00005c06
00005511
00006afc
00005693
000048be
00002d91
00002506
00000db1
00000a59
000010a3
00000f80
00003b14
0000598e
00005703
00007660
00004ea3
000044bb
00003b4d
00005215
00004eb3
000032a1
00002a92
000021f9
000001b4
fffff9ab
fffff88c
0000159e
000030ff
00005a28
00007bf6
000093e6
00005174
00002a9e
00002b72
00003f5b
000032c4
0000159c
00002877
000018bf
fffffec4
ffffef39
ffffefdb
00000688
00002039
00004abb
000082a5
000090a2
000069c1
00003692
00003e36
0000441a
000045d5
000007f1
00001498
00000c2a
fffff6bd
ffffe545
ffffde24
ffffec0c
fffffa2f
ffffff41
00002d4a
00001a29
00002162
000036ec
0000354b
00003f32
00003b71
0000147e
000019d4
00000641
fffff1e6
ffffd0d2
ffffb7a2
ffffd28b
ffffdfb0
ffffdd79
fffffdd3
ffffe7fe
ffffc1a8
ffffd058
00000f35
00002350
000038c0
00000fdd
0000016c
fffff705
00000cf6
fffff4d6
ffffe189
fffff812
fffffe12
fffff3a5
0000066e
ffffffa4
ffffd57b
ffffdd5f
00000d29
00000cf5
00003799
000037f9
000020c3
00001397
0000169d
fffffcaf
fffffca5
fffffad0
fffffecc
fffff559
fffff2d6
000003ae
00000e25
fffffff4
ffffff80
00000a7e
00000f62
0000137f
00000284
00000a2e
ffffea99
ffffd70f
ffffd0b3
ffffda83
ffffca26
ffffb71f
ffffc852
ffffc9e9
ffffcc3d
ffffc670
ffffbfee
ffffc849
ffffd1dc
ffffdb97
ffffd18a
fffff02b
ffffdce9
ffffbe57
ffffc274
ffffcf15
ffffbaf3
ffff9d8f
ffff9d4f
ffffacc3
ffffa3a5
ffffac0a
ffffa6e3
ffffc0df
ffffbe6d
ffffa9f5
ffffb861
ffffee08
ffffc9d6
ffffd296
ffffcddb
ffffcda5
ffffdfb6
ffffb1db
ffffbb41
ffff9ed7
ffff946e
ffffb890
ffffb7b0
ffffc35e
ffffcbd0
ffffb1a5
ffffb379
ffffdf6e
ffffd9f2
fffff2fb
ffffe359
ffffcd19
fffffa7c
ffffeaf6
ffffef05
ffffb86d
ffffc208
ffffc3d1
ffffd583
ffffc9fd
ffffbde3
ffffbd7c
ffffb7d9
ffffe523
fffff2a8
00000311
00000444
00001a78
000024cb
fffff5eb
000011e5
fffff95d
fffff67b
fffff8d4
000003d4
ffffe8d7
fffff20b
fffff2c1
ffffe321
0000046d
ffffe679
ffffe05f
fffff130
000004a5
000049e4
00004249
000040dd
000035a1
000017a8
fffffe80
ffffe6a5
ffffdec2
ffffe2cf
ffffd643
ffffd3e7
0000185d
fffffa18
ffffe8e0
ffffdffc
fffff623
00000df7
00000bde
fffffd48
fffff291
fffffabe
ffffdd82
ffffd56a
ffffe7b9
ffffd32c
ffffbf3b
ffffdd3c
0000060e
0000161b
0000123d
00000642
0000025d
0000090a
ffffc065
ffffb407
ffffdfd0
ffffcbd6
ffffaf36
ffffd4d3
ffffe73c
fffff5f3
ffffeac8
fffff554
fffffdad
00000c8c
00000fdc
00000975
0000023b
00000689
fffff35f
fffff593
ffffd578
ffffbd45
ffffd8f3
ffffd220
ffffcafc
ffffe3de
000000b5
ffffff91
fffff0ee
00000211
ffffffd9
ffffeefb
000010d8
000014cc
00000c26
fffffebf
ffffedcc
ffffe496
ffffda8f
ffffcd85
ffffcc92
ffffd813
fffffaef
fffff281
ffffe430
0000004a
ffffecbf
ffffdba5
fffff6cf
00003345
0000474d
000039d8
000017b9
000007f3
ffffecae
ffffd545
ffffd4f7
ffffb72c
ffffddb4
ffffd1f7
ffffe0f2
0000006f
ffffede8
ffffde14
ffffe7ee
fffff0c0
00000882
ffffeebf
ffffff2d
0000135d
ffffffe4
ffffde0f
ffffd1c5
ffffb9de
ffffcc0e
ffffc29f
ffffed33
fffffddf
fffff776
ffffcac6
ffffb8e1
ffffd02e
ffffcab4
ffffd48a
000022a8
0000245c
ffffed86
ffffc7ed
ffffe69d
ffffdde1
ffffdead
ffffd523
ffffeed1
000008c0
fffff4f5
ffffd2c1
ffffdedc
ffffe3e0
ffffcb03
ffffc042
fffff01f
fffffbee
ffffe55d
ffffc8ea
fffff573
ffffffcd
000002f6
00000114
fffff6df
00001eea
fffff763
ffffdba2
ffffed37
ffffe862
ffffc5bd
ffffcea9
ffffef38
fffff0ea
ffffda27
ffffe8fe
fffff8dd
ffffd5ba
ffffee96
fffff4c7
fffff9ed
fffff8d5
ffffe754
ffffd843
ffffdd8e
ffffcc7d
ffffbc8d
ffffd261
ffffd10a
ffffe23a
ffffe46b
ffffd724
ffffd7dc
ffffcab3
ffffd7ea
ffffef19
000001ee
fffffd87
fffff030
00001599
00002538
0000298a
00001593
00000fee
00000f9b
00001023
00001578
00000942
00001071
000016d0
00001793
00001678
000007d6
ffffd722
ffffaa72
ffffd57f
000012ea
00002503
fffff89f
ffffd21b
ffffcae5
ffffeaf1
ffffdbad
ffffdb2b
ffffe063
ffffd1c8
ffffd599
ffffdc0c
ffffcfa1
ffffc9bc
ffff95de
fffff60b
00001e79
00004186
00000e5d
ffffd65e
ffffb33f
ffffd5d4
ffffd0f2
fffff535
ffffcaa8
ffffbdd4
ffffc902
ffffe43c
ffffdd69
ffffced9
ffffb1ba
ffffed38
00002104
00004ff5
000044a4
ffffd408
ffffa797
ffffd94f
ffffe36a
ffffdd79
ffffc962
ffffcab8
ffffce9f
ffffe9e6
ffffe488
fffff239
ffffe03b
00000a02
00003e49
00005087
00004dcf
00002161
ffffe112
00000ecf
00001890
00000ce5
fffffd4b
fffffc9a
0000058d
000025cd
00001e04
ffffe7c8
ffffd2c5
00000942
000018df
0000123e
000022d0
0000329a
fffffb65
00002119
00001b47
000008f7
fffffbe8
fffff0b9
fffff8dd
00001858
00000fda
ffffebf9
ffffc198
ffffeea9
fffff027
000006d8
0000000f
000002cd
fffffd73
00001457
00000e8c
ffffffdc
ffffe741
ffffc496
ffffd15d
00000094
fffffbdb
fffff159
ffffbb9a
ffffc4c5
ffffec18
00001c1f
000003fb
fffff965
00000dc8
00001b8a
00000440
00000bf6
00000994
ffffd6c2
ffffd93e
fffff037
ffffead8
fffff3df
ffffc5d8
ffffcd09
ffffc55c
ffffe404
00001f21
00002f0d
00002c42
00002067
00000d8f
00002be2
000035f1
00000829
ffffdf42
ffffdaba
ffffe51a
fffff54c
ffffd878
ffffd24d
ffffb19d
ffffe208
00002d12
000000b3
00001a10
000006bc
000010d6
000022e1
00003433
0000184f
ffffe54c
ffffdd03
ffffe51b
ffffee5b
ffffc708
ffffde23
ffffaafb
ffffa637
ffffe2fc
fffffc8c
fffffeaa
00000b4f
00001d35
00001871
000014bb
000011cb
ffffec8c
ffffef02
ffffeaf8
ffffdc07
ffffb2e4
ffffe4bd
ffffce3e
ffffb988
ffffe846
fffff389
ffffede6
fffffd40
00000708
000015bf
ffffffb3
fffff438
ffffdd4f
ffffeeeb
fffff133
ffffdc90
ffffc1e1
ffffe9e1
fffff6e9
ffffba88
ffffd86e
ffffdfcf
ffffdfe9
fffff9fe
fffff1fd
00001691
fffff3c1
000006c0
ffffd076
ffffe97e
fffff767
ffffd02b
ffffb8f8
ffffdf55
ffffe05f
ffffdb62
ffffd054
ffffc756
ffffc792
ffffc687
ffffe2c2
00001817
00001169
fffff075
ffffbad4
ffffd471
ffffe4d2
ffffccd7
ffffbf60
ffffe4b5
ffffd296
ffffc3fc
ffffbc38
ffffae1f
ffff99e8
ffff9a23
ffffc345
fffff07f
000007a1
ffffe06a
ffffbfc3
ffffcb49
ffffdecf
fffff7af
ffffdd93
ffffea8c
fffff611
ffffe38d
ffffdc27
ffffe5e2
ffffe2ac
ffffec0b
00000287
fffff70c
ffffea95
ffffe177
ffffe2b4
fffff72d
ffffeebf
0000385b
000015b9
00002c92
00002131
fffff597
fffff70a
0000155d
00001f42
0000157c
00001b58
00001802
000019bb
00002704
00002f6f
00002479
000023f7
00001d71
fffffa5a
00002d75
00002158
00002d7a
00000fa5
fffff95c
fffff07a
000000f2
fffff104
fffff9aa
0000033d
ffffffc3
fffff7ed
00000b00
000019fb
00004438
00002115
0000554d
00005300
00008c1f
0000557d
00001e13
ffffe94c
00001e80
000011bd
000013f9
000008f8
ffffff09
000007a6
00002103
00002d25
000044b6
00002c1c
0000528e
00004bb8
000068a2
00004c33
00001df7
ffffe14c
00000960
000017ea
000002a1
fffff53e
fffffe37
fffffb93
0000144d
0000226b
00002c66
0000028f
000019da
000011c5
ffffe5ff
00001bd1
00000ff6
fffffaaa
ffffeaee
fffff0a1
fffff325
fffff686
000010ce
fffffce6
0000187f
000022dc
00002fbd
00000f37
000024a7
000010d5
00000e3d
00002b8b
00004374
00004afd
000021c6
fffffc9c
0000149e
00002360
00001fff
00001815
00003e73
00003bff
0000407f
000029e6
00004748
0000409d
0000504f
00004d06
00004c9c
00004ecb
0000645d
00005274
00005a80
0000564b
00002e6d
000002b8
000027a1
0000434f
00003ba6
0000280b
00004220
000044b9
00004a82
000025d1
00002d1e
00001aa4
00005a01
0000504d
00005abe
00006b36
000051ec
00001d1e
000009e9
00002eb0
00003723
00001b63
0000302c
00003e7b
000021e0
000015f1
0000245c
00003549
00005736
000044c8
00003dcb
000046f9
00003a80
00002a56
00000e2d
00001ec3
000029d4
fffffd9f
000019b4
00002e64
00001952
000014fa
00001ce2
00002758
0000334a
00003b4b
0000327f
00004a55
00004123
00002f46
00000b1d
00001f2c
00001d7b
ffffe299
ffffecc6
0000038f
00001a9f
fffff453
00000cb4
00000f44
000016c0
0000355b
000030bb
00003bdf
00003677
000022a8
00001134
000015d8
0000205e
ffffdfd9
fffff571
ffffe77b
fffff921
00000924
00002953
000012d0
000008e7
00000720
000018e3
000036f2
000043f2
00001504
000016b6
0000089d
000026a2
ffffcfc2
00000feb
00001117
fffffd51
0000027a
00000a2e
ffffe17c
ffffd4f2
ffffe5eb
000018c2
00001a0d
00003b1d
000011d5
0000049b
00000b88
00002b63
ffffea98
00000c93
000003dd
ffffee9e
ffffe2b2
ffffc976
fffff30c
ffffdd61
fffff061
fffffcb1
00000b14
000008e8
fffff036
ffffe6fa
00001872
00003627
fffffa65
000001f8
ffffffb3
fffff371
fffff48d
ffffef57
fffff5fe
ffffecc7
ffffd49f
fffff1d2
fffff74f
ffffe8ef
fffffe97
fffff7f7
000007d0
00005316
00003bab
0000546e
00005d3e
000047fb
000044e0
00004306
0000329c
000033b6
0000396b
0000483d
000053d3
000050cb
000045a8
00005d98
0000385d
000027e4
00002698
000045ad
00002cad
00001bfb
00002404
00001df2
000024fa
000020ab
00003cea
00002141
00001a05
00001288
00002451
00002286
00002b27
000000a9
fffff545
0000249c
000012dc
ffffe6c1
00000297
ffffbb67
ffffc9ac
ffffe747
fffff2a6
ffffd679
ffffd702
ffffcfa4
ffffe841
ffffe8f4
00001248
000030be
00004f61
00008b29
00005dc7
000037f9
000033c1
fffff069
ffffe1a8
00002973
0000270b
0000160c
00001101
0000023d
000016bc
00002afa
0000414c
00004354
00009287
00008596
000053a3
0000336d
00002194
fffff2ce
ffffce1f
000016a1
00002e35
ffffffe1
0000141d
00001197
0000243c
00003560
000038e6
00002505
00007731
00008486
00003727
000038c6
00000141
00001766
ffffe20c
ffffd2e3
fffffd78
ffffe2c1
fffff194
0000058b
00000910
0000283b
0000371e
000016e3
0000273e
00006a1f
00007ffb
000066c6
00001b1b
00004a19
00004062
fffffc03
000006bb
000001e1
ffffeec5
fffffae4
ffffff95
00002ff8
000043b4
00002824
000022cf
00005f55
0000a8a1
00008091
00005f1c
00005ab7
0000704a
00005b46
00006091
0000705b
00006fce
00004f88
00001cf4
00002195
00004420
00003ca9
000030bd
000050fe
0000814a
0000722a
00006f3b
00003f12
0000771e
00006a00
00006767
00006be7
00007559
0000762a
0000284b
0000201c
00003d39
000037bb
00002c62
000049dd
000074dd
00003a57
00005306
000042a4
0000516c
00004810
000034a2
00004088
00006a6d
00007017
00002f92
000018c3
000044c1
00002bda
00001fc5
00004457
00009a18
00005190
000063e0
00003df3
000013cc
000007a3
00001f78
0000285c
00002f51
000040d8
00002595
000019ec
00004143
00002dce
000018e4
00002079
000088c0
00006913
000059ad
00004d72
0000215c
fffff4ca
000013ee
00002ba0
00001fc1
00003155
00003215
00002514
0000492f
00002fcd
000014e6
fffffac6
00001d2d
00005b1f
00005bf0
00007eed
00004aa6
ffffecc8
00000693
0000361e
000040bd
000031ef
000028ab
000016ed
00002b78
000030f4
fffff482
ffffee85
ffffff04
00003f04
00005082
0000502e
0000259b
ffffe97a
ffffe316
00002005
00002072
00001964
00000f5a
00000cd7
0000141a
00002188
fffffa30
ffffeefd
00000dee
00001ff6
00000b88
00001a27
00002d3f
fffff098
fffff594
00001cf8
00001c78
0000058f
ffffdcae
ffffe370
00001ce7
00003803
0000043c
00000153
00000596
00000cad
0000254d
00002f62
000030eb
fffffcfb
fffff575
000020eb
000038f8
00002a08
00002ade
fffffa80
00000561
00004aa7
00003e52
0000504a
00004c0a
0000375d
0000488a
00005697
000051c7
000047b2
00002aae
00003b51
0000525c
00004b3d
000050cc
00003ad7
00004d72
