000010dd
00001344
00001cd7
00002170
00002467
00002392
000021a7
00001ff0
00001eaf
00002064
00002179
00001e60
000017df
00001905
0000208c
000022b8
0000224d
00001c5a
00001a50
00001f54
00001efb
00001e9d
0000176e
00001558
00001d12
00001f65
00001a9f
00001f3d
000028d7
00001c82
00001064
00000e9b
00000f35
00000d9f
0000118b
000019e7
0000228c
00001d51
00001b8c
0000243b
00002265
00001ea4
000021a1
000022e5
000011f4
00001184
000020da
00002776
0000255b
00001c97
00001b2b
00001ab0
00001c72
000023e8
00001c26
00000fcc
00001220
000016e1
0000167e
00000e7f
0000177b
0000226f
00001283
000011cb
000011b8
00001a92
000017e8
000020ea
00002009
00001bc3
00002187
000017f8
0000050b
00000a1b
00001c96
0000237a
00001a61
00001852
00001b18
00001eed
00002146
00001c82
00001a48
00001bf4
000024e7
0000245b
00001b54
00001639
00001a4a
00001f32
00001c70
00000dbf
000011cc
00001cd1
00000ee5
00000f07
000014fc
00002307
00002192
00002307
00001fd3
00002b3d
00001ef9
ffffe29f
ffffc1b3
fffffbab
00001ddf
0000259a
00001bd8
00001c48
00001a23
000016aa
00001b63
00002022
00001863
00001792
00001f65
00001ed6
00001e6b
00001d2f
000022f6
000021e8
000020f5
00001c07
00001b90
000024bb
00000f80
00001074
0000196c
00002537
0000242f
000020ad
00002074
0000204f
fffff9a6
ffffb31e
ffffd1ca
000007fc
0000189e
00002436
00002374
00001dae
00001c70
00001c0e
00001e1f
00001cd1
000014db
00000d4d
00000ef1
00001845
000022e5
00002889
000025cb
0000207b
00001dd0
00002175
0000205c
000020cf
00000dd7
000013f6
00001cc9
00002776
00002c33
00002a3d
00002b91
000010dd
fffff2b8
ffffdb89
00001b8f
00001b4e
000006e9
0000114b
00003029
00002a64
000021c1
000028be
00002a78
00001ee6
000018b7
00000fad
00000ba9
00001500
00001d77
0000232a
000025d8
00002173
00001c10
00001738
00001c18
00001df2
00000df2
00001259
00001cb0
000025ef
00003022
000036af
00002f26
000012f5
ffffdd34
00001db0
00002dc8
00001995
000002c8
00000f8d
00002318
00002ef7
00002a4d
00002fb8
00002bcb
000025ea
00002644
000028bb
00002ab8
0000268d
00001787
00001a48
00002d6d
000030be
00002529
00002082
000022d1
0000291c
00001f8c
000018c7
00001ecd
000023c2
00002575
0000227d
00001d42
00000980
000002f5
00004085
00004b43
00001b24
0000166f
00000bfd
00001147
000031d5
00002d9f
0000327b
00002c59
00002e64
0000350d
00003762
00003257
00001e9b
00001497
00001db0
0000321a
00003640
00003170
00003148
00002dd3
00002faf
00002184
0000138d
00001cd0
000020b2
0000139f
fffff220
fffffba8
000009a2
00002293
000059c2
000067c2
00002af2
0000139a
ffffee5b
00000400
00002c77
00003bb1
00002fc8
00001957
00001d34
00002e68
000015dc
0000074d
00000942
000008f7
00001621
00002372
00001eb1
000018ed
00001ba9
0000238d
000016d8
00000b11
00001170
0000173e
0000114a
000002f2
ffffe6d6
ffffc6c6
fffff432
00001bd2
0000594a
00006f8e
0000316c
0000044d
ffffee19
fffff2fe
00001e7f
00002ff0
00002555
00000f42
000005c0
00000eed
00000254
fffff9b2
000005e4
000008f7
000003d6
ffffffe7
0000047d
000002a0
00000597
00000c35
00000205
ffffedc3
0000065e
00002178
00002055
000006f5
fffff3bf
ffffd5ac
ffffdc3b
00000cff
00002ef0
00003cd0
00002109
fffffe9c
000006c2
fffff80e
fffff05e
ffffedd2
00000219
0000127c
000010a0
fffff6f0
fffff783
ffffff96
00000374
000000f9
0000037c
fffffcfa
fffffb4e
fffffd74
fffff9bf
fffff926
fffff9f2
ffffdcd4
fffff9cd
000029de
00002c14
00001a24
00000e3f
000010b4
fffff894
fffffbb2
fffffa0e
00000371
0000003e
fffff98f
00000b5d
ffffe89e
ffffbc5f
ffffc6c1
fffffc4d
00002654
000018b3
000007fb
0000005a
00000aa9
000009bb
00000f87
00001d0e
00001986
00001462
00000b54
000012f6
00001332
00001553
ffffea8b
0000026a
00002403
00002f08
00001b9f
00001626
00002463
00001c74
00000d6c
00000683
0000027c
ffffe922
ffffee5d
fffff659
ffffd84c
ffffb4e6
ffffe164
000020ec
00002dbc
00001946
00000591
fffff8ae
fffffcea
00000880
00001da5
0000234b
00001b76
00001eb4
00002170
00001a0d
0000216b
00001ec9
ffffefa9
00000946
00001fad
000029f9
00001beb
00001a9a
00002031
00001bdf
000023a8
00001756
0000069a
ffffe880
ffffed1d
ffffe468
ffffd551
ffffdca3
00000fbc
000021a0
00000d77
fffff90b
ffffff79
00000d28
000021d5
00003165
00002b05
00002469
00002c91
00002a40
00003059
00002833
0000221d
000014ea
fffff118
00000d0f
0000206a
00002799
00001c9c
00001e7c
000020ab
00001c27
000029bb
000024b8
0000164a
fffffe55
fffffc37
ffffe31f
ffffe4d1
00000e2f
000027b8
0000032a
ffffedbd
ffffec29
fffffd3d
000016fa
000019b5
000023a4
000024c2
00001ad6
00002394
000033c6
00003b8a
00002d7d
00001f4c
0000135f
fffff8c5
00001595
000021f6
00002cdf
000024af
00002469
000024ca
00001eb5
00002aee
00002ba9
00002483
000009c9
00000bbf
00000387
00000c39
000026ef
00001516
fffffde5
fffff7c2
fffffd70
00000d7b
000015db
00001afb
0000168d
0000153e
00001391
00001d4b
000016da
00001fd7
000033ee
000025ee
0000125c
0000025f
00001624
0000245d
00002c1e
00002582
00002d5a
00002b95
00001dfa
0000250f
00002b5f
000026d5
000015b4
00001789
00002357
0000250f
00001ced
00000640
0000069d
00000571
000010bc
000016b2
00001849
00001a1c
000016b8
00001354
00001052
000015cd
00000b99
0000112e
00003066
00002891
000016a9
00000ba5
0000183e
00002598
00002df3
00002474
00002c36
00003036
0000221a
00002026
000026f3
000026dd
000016f6
00001fae
000035da
0000282d
00001304
0000072c
00000884
0000169b
000018eb
000016d0
000012ad
0000186d
000015a0
00001730
00000d5a
00001038
0000108f
00000c5e
00002372
00002833
000017ac
000009f8
0000157d
00002226
00002905
00002148
00002490
00002e09
0000214a
00001456
000025ac
00002b50
00000cf1
00000bd4
00002bd6
00004eb3
00002b96
000009f2
000012ad
000014b0
00001205
000015f0
000013b9
00000f63
00001377
00001509
000011da
00001322
00001345
00000cc1
000017a1
000021d9
00001d6c
00001069
0000142a
00001f79
00002bae
0000223a
00002138
0000279b
0000267a
000009ca
00001e3d
0000316b
0000194b
0000098c
00002293
00006638
00005129
0000248f
0000188e
000016b8
000013e1
00001154
0000127a
00000e62
000013d1
00001203
00001354
000010da
000011c6
000012ef
0000116d
00002491
000023da
000012d2
00001029
0000204f
00002961
000024a3
00002299
00002a79
00003097
00001129
0000129d
00002dcc
00002eab
0000163e
00001aa1
000047a2
000058f3
00003859
00001e2e
0000166f
000016ea
00001797
0000157d
000010f0
00001940
00001dc1
0000140a
00000dcc
00001000
00000f1b
00000fb4
00002175
000020b9
00000ca2
00000d42
000025bd
00002dd1
00001e88
00002313
00002c8f
00003466
00001f0c
ffffff52
0000260c
00003aaa
00003046
00001b2e
00001bb5
000030c4
000046ac
00004059
0000348d
000025be
00001896
00001092
0000127b
00001516
0000177d
00001a91
000012ce
00000f6e
000009aa
00000cb2
00001a68
00001f49
00000c60
000010e1
000026e0
00002c7c
000020ab
000023c3
00002a6b
00002d63
000023db
00000950
fffffa0e
00002876
00003dba
00002aac
00001f58
00002036
0000348a
000058f9
000051fc
000035c7
000020e0
00001679
00001b53
00002346
00001a43
00001c26
00001dea
00001691
00000d0c
0000068e
0000131d
00001d76
00001131
00000f11
00001e16
00002791
000027cc
000024a9
0000165f
00000f39
000014f1
00002330
fffffe79
0000061d
00002c99
000025a0
00001040
000013e7
00001888
000046e2
00005847
000038f1
0000204c
0000192c
00002d85
00002aef
00001ca1
0000198e
0000223f
00001a8c
00000af1
00000770
00001ab4
00002dd6
000010ec
000008f3
000016d5
000021db
0000236b
00001933
00000cdb
00000c12
00000ece
000018a5
000016e2
00000bb9
000005ae
fffff486
fffff7b1
fffffcb6
ffffffd5
00001c33
00003bfa
00003384
0000217a
000015d6
00001b4d
00002bb2
00002286
000024bb
000022d1
00001a54
000010e4
000007a7
00001658
00002adc
ffffff63
fffffda5
00000b55
00001790
0000191d
00000a65
00001242
00001613
000015a4
00000af4
ffffffe7
00000167
fffffb7f
ffffe9c8
ffffef47
fffffbe9
0000163e
00001046
00000dc2
00001197
000015ea
00000b1f
00000384
000025fa
000032b9
0000291a
00002457
00001712
00000ba3
0000095f
00001571
0000171d
ffffeff4
000006d1
00001128
00000e81
00000fe4
00001535
00001e01
00001fa8
00001807
000003e8
fffffd59
fffff99e
fffff088
fffff0eb
fffffa97
00000950
0000198d
0000071b
00000ad9
00001b4e
00000ed3
0000099f
fffff476
0000151f
00002938
00000ceb
00002749
00002a6b
000017dd
00000d9b
00001590
00000b13
ffffefee
00000c69
0000128e
000009ff
0000055d
00001391
00001968
000025eb
000021cc
00000bd8
0000069c
fffff4f6
ffffeaf8
00000105
00001cf9
000007c2
00000ec2
00000a79
00001ad9
000024fe
0000150f
00000aa9
0000064c
00000e44
00000b78
fffff87b
00001a42
00003649
00000d04
000001d3
0000094a
00000840
ffffffb1
0000197c
00001699
00000c26
00000db9
00001525
00002082
00002172
00002405
000014b0
00000cff
000000ea
fffffd81
00000db3
0000300c
000015a4
00000a8b
0000099d
00001ab1
0000106f
00001951
00001453
000004b5
fffff7ad
fffffbdf
fffff1b9
0000001c
00001f1c
000004f2
fffffde1
000011f0
00000cb7
fffffaef
0000193c
000010b6
00001835
00001680
00000f3d
000014d9
00000fe3
0000074b
00000852
0000033c
00000654
000011df
00002ede
00003ae7
000021eb
0000105e
00000c27
00000a50
00000ae6
00001156
0000123c
0000145a
00000968
0000064f
00000c20
00000386
0000100d
00000834
00000815
000010d6
0000173e
00000a52
00001579
000005c6
00000af9
00000291
fffff85c
ffffece4
ffffe67b
ffffe2be
ffffeb2b
ffffe7e0
ffffe4e9
fffff7f6
fffffd15
fffffa2f
fffffb21
fffffa0f
fffff560
fffff693
ffffe6da
ffffd2e9
ffffdf45
ffffe18a
fffff05a
ffffebf9
ffffe887
ffffe4b6
fffff1f7
fffff656
ffffe3be
ffffe4ad
fffff827
ffffe9cf
00000c1a
00001293
00002225
00001bb9
00001b0c
000012c3
000010e2
00000f3b
000012d0
00001d89
00001b19
00001af0
00001bd0
0000126f
000014d6
000017a7
00001710
0000140f
000012b9
000004d0
00000ac8
00000d46
00001c92
00001993
00000d98
00000f02
00001bc4
00001fe6
000015d2
00000cc3
00000b78
00000b7b
00001b17
00000877
00000881
ffffff8d
fffffdc0
fffffffe
0000024e
00000121
00000393
0000050b
0000021b
00000258
00000259
fffffc9f
fffff719
ffffffe7
00000141
00000436
fffff85b
fffff6ee
0000035b
fffffd5c
ffffffec
000003f9
ffffffeb
fffff9b8
fffffe55
00000177
fffffba7
fffff90f
000001e1
fffff772
00000fcb
fffffa22
00000206
fffffdc7
fffff9c7
fffffe26
fffffc95
fffffe45
fffffa32
00000379
00000242
00000111
ffffffe3
fffffaa8
ffffee3f
fffffa10
fffffe66
fffffc1e
ffffef5d
fffff14f
000000bf
fffff8ef
fffff96c
ffffff78
fffffd9a
fffff902
fffffa60
fffffc78
ffffefd6
ffffef1b
fffff47f
fffff257
00001059
00000665
000000f7
000006c7
fffffcd5
00000026
fffffd1e
fffffa25
fffff660
fffffe78
00000318
00000884
ffffff5f
fffffbbd
ffffed7b
fffffa91
00000431
fffffa91
ffffec38
fffff3a9
fffffdcd
ffffee12
ffffec32
fffff394
fffffbd3
fffff835
fffffb16
fffffc21
fffff3cd
ffffeecf
fffff31c
ffffefbe
00000faa
00000abe
0000045d
00001104
000002fa
00000236
000006be
fffff85b
ffffe43d
fffff829
fffffba1
000003f0
000009ec
fffffa0a
fffff7c3
000006b5
00000ee4
000003bb
fffff5fa
fffff87a
ffffff13
fffff7c9
fffff820
fffffa4c
000001e3
000004af
fffffe52
0000028e
fffffac1
fffffb51
fffff5c3
fffff087
0000101f
00000b82
0000048a
00000d25
fffffd73
000004a3
0000044b
ffffc892
ffffcbaf
ffffe3f5
00000157
000000e6
0000005e
fffff96e
fffffe97
00000711
00000362
fffff8af
fffff93b
00000136
fffffe78
fffffc2d
00000152
fffffcdc
00000059
00000296
fffffad5
ffffffe2
fffffc23
fffffc53
fffff2ad
ffffefeb
00000e01
000005ef
00000d47
0000109b
00000086
0000000e
fffffcd4
ffffcba3
ffffbe5c
ffffff00
00000cb7
000012a7
00000660
fffffafb
00000611
00000ec8
fffffd8b
fffff2e3
fffffcd6
fffff8e6
fffff2eb
ffffffe7
000002b4
fffffc2f
fffffd27
fffffc1a
fffffdb2
fffffc51
00000049
fffffc44
fffff424
ffffee42
00000c21
00000449
00000a55
000014e0
00000151
fffffd90
ffffe508
ffffb813
ffffc935
fffff979
000018fc
000002f2
fffffd86
fffff4fa
fffffdbb
00001243
00000448
ffffff6a
ffffffc6
fffffd32
ffffe2ab
fffff485
fffffedc
fffff8ae
fffff92d
fffffda2
fffffcd2
fffffa4c
fffffc06
fffffe92
fffff201
ffffea08
00000cf1
00000165
0000026a
00001b11
00000255
fffffc2c
ffffd667
ffffc98a
ffffce25
fffff8c8
00001747
fffff614
ffffee91
ffffe768
fffff742
00000002
000005e2
00000820
00000a02
fffffae3
ffffeb56
fffff48d
0000063e
fffffd2f
ffffff91
00000183
0000002c
fffffce4
fffff5d0
000000c8
fffff601
fffff5d6
0000118b
fffffaed
ffffff2d
000013e1
00000461
fffff9be
ffffdf2f
ffffecba
fffff453
0000017b
000007fc
ffffea58
ffffe1e1
ffffe938
ffffebf8
ffffea97
000005b2
00000b70
0000064c
fffffb7d
fffff4a7
fffffe63
fffffbc9
fffff9da
fffff83e
fffffd1a
000002a8
fffffb59
fffffbfe
fffffc1f
000000d9
fffffd8d
0000078e
fffffe54
000008fe
0000106c
00000172
fffff908
ffffe325
fffff5a2
fffff411
fffff974
00000347
ffffdde8
ffffe53c
fffff9f8
ffffe06c
ffffd8d4
ffffedd4
0000043d
000011e3
0000076c
fffff960
fffff67e
fffff381
fffffa02
fffffd98
000000b1
fffffabe
fffff6b8
fffffdb8
fffffe5e
000007f9
fffff45f
fffffa30
fffff8c5
00000f59
00001289
000000fd
00000458
fffff4e1
ffffea90
ffffeae6
fffff7e6
ffffefa5
ffffd683
ffffe9cf
00000691
fffff4de
ffffcad8
ffffccc9
ffffe993
000019f5
000015a2
fffffdb5
0000016a
0000095d
0000058b
000004e4
000007c8
fffffb42
000000fa
00000849
0000036a
00000a62
fffffc9a
fffffc0d
fffff9e8
00000bd2
0000129f
fffff816
fffff175
00000440
fffff5eb
ffffec95
ffffe84f
ffffdd11
ffffd457
fffff6b0
00000021
fffffe1d
ffffe55d
ffffb67c
ffffb77d
fffffbe6
0000067f
fffffcd9
00000845
00001710
00001347
00001117
0000149d
000009e4
000008fc
0000035b
ffffffb1
00000351
fffffc74
0000027b
fffffcd2
00000e70
0000131e
fffff3b6
fffff4de
00000424
fffff6f0
ffffeca2
ffffec04
ffffdd20
ffffdfc7
fffffdb1
fffff310
ffffe3fd
ffffe8fb
ffffcebf
ffffb652
ffffe546
fffff9dd
ffffef96
ffffdfda
fffff127
fffff462
fffff301
fffffd89
00000427
000007aa
0000014e
fffffd53
fffff9bf
000000e1
00000496
fffffb60
00000c3f
00000fb2
fffff1c9
fffff042
00000172
fffff476
ffffea23
ffffee5b
ffffecbf
ffffd6b9
fffff666
ffffef91
ffffd9b2
ffffe4d1
ffffe5d8
ffffde33
ffffe882
ffffdfb2
ffffd73e
ffffda9c
ffffdaf9
ffffe081
ffffe088
ffffdda7
ffffe83c
fffff0fb
0000041d
0000074f
00000032
000004e6
000003eb
00000026
000006f9
00000a97
fffff181
fffff3c5
ffffff07
ffffef3e
ffffe3c4
ffffef11
ffffe827
ffffc91c
ffffdbf4
fffff3cb
ffffe039
ffffe8ff
fffffd0f
fffff838
fffff47a
ffffe125
ffffdfe5
ffffe401
ffffe181
ffffdc03
ffffdd47
ffffd995
ffffd9cb
ffffd259
fffffc1a
00001007
0000003b
00000521
000007dd
000008cf
00000895
0000044f
fffff31d
fffff33a
ffffff04
fffff256
ffffe017
ffffec1f
ffffe727
ffffdafd
ffffd3f7
ffffe716
ffffea61
fffff7cd
fffffae2
fffffdc7
fffffc92
fffff83c
fffffe46
00000061
ffffffd5
fffff4d9
fffff69c
ffffef65
ffffe718
ffffcd17
ffffe804
0000152f
fffffebe
00000207
000006f9
00000b51
000002bc
000000b9
fffff16e
ffffeec1
fffffaec
fffff69d
ffffe187
ffffef34
fffff303
ffffee13
ffffd759
ffffe717
fffff7ff
00000548
fffff6da
fffff994
0000006d
ffffff89
000005d1
00000013
000001e9
ffffff36
ffffff40
fffff889
00000265
ffffedcb
ffffe7a9
00000c6f
000001c5
fffff88b
000005c4
00000d06
00000788
0000079b
fffff489
ffffec05
fffff5c8
ffffef37
ffffe4a2
ffffe933
fffff4a6
ffffebc0
ffffe8cb
ffffef43
00000bcc
fffff81a
fffffa38
000001f1
000002e8
0000012a
00000359
fffff9bb
fffffbce
fffff9f0
fffff5a9
fffff216
000002dd
fffff725
fffff29c
0000084f
fffffd66
fffff3f6
0000073b
000009f1
00000629
000008d7
fffffa42
fffff160
fffff67e
fffff262
ffffead9
ffffe5bf
fffff825
ffffe737
ffffe25d
ffffdb96
fffffd7e
00000250
ffffff97
00000785
0000063a
0000014d
00000078
fffffbe1
fffff9f8
fffffcf5
fffffb86
fffff7cc
fffffe87
fffffe0b
fffffd7f
00000e72
fffffed6
fffff5bf
00000788
00000687
ffffffc0
0000075b
fffffa8d
fffff1f2
fffff2e5
fffff9b6
fffff993
ffffe6f6
000001d5
ffffe3c5
fffff4fa
ffffe44a
fffffaf8
000009c0
fffffec9
00000d85
0000097c
00000361
000003f7
ffffffda
fffffaf8
fffffe68
fffffc2d
fffff6ab
fffffab8
fffff559
fffff6c1
00000384
fffffb4f
ffffeda5
00000751
0000077a
00000188
00000622
fffff8d0
fffff8c3
fffff33c
fffff918
fffffc50
ffffe435
fffff087
fffff472
ffffec94
fffff1d5
ffffed3e
000002dc
00000484
000006dd
000003e5
fffffd0c
fffffdf7
fffffb4c
fffffa74
fffffb36
fffffa60
fffff3b5
fffff9fb
fffff2c1
fffff4dc
00000179
fffffbe3
ffffef52
00000587
00000780
fffffc13
00000204
fffff4bc
fffff882
ffffeff0
ffffef2f
00000014
ffffe6b9
ffffd25c
fffff124
fffff732
ffffe2c5
ffffdc43
ffffdc27
fffff542
000003bf
0000071f
fffffdf1
fffff986
fffff753
fffffb80
fffffcd6
fffff9b8
fffff81a
fffff9b4
fffff3f2
fffffa59
000006bf
00000287
fffff1a3
00000214
000007d3
fffff8d6
00000397
fffff924
fffff82f
fffff2c2
ffffeaef
fffffc8e
ffffffdc
ffffd966
ffffe62b
fffffec1
ffffe493
ffffd87a
ffffd2ac
ffffeaf8
ffffe70f
000004c4
000006fe
fffff8da
fffff7fe
fffffd12
fffff944
fffffb9f
ffffffa8
fffffe39
fffff007
fffff5e6
00000760
00000b9a
fffff71f
0000014b
00000774
fffffb19
00000996
0000041f
000005dd
fffffbdd
fffffcaf
00000c19
00001802
fffffc20
ffffe20c
fffff7a6
ffffe702
fffff25f
ffffda5b
ffffebfe
ffffe1f7
000000ec
00000d94
fffffffd
fffff886
fffff770
fffff714
fffff9f2
000001f2
00000494
ffffef04
ffffef75
00000676
00000bbe
fffffdb2
fffffd75
000006d4
fffff8ca
00000abd
fffffd33
00000554
fffff862
fffff190
00000494
000005c6
000002da
ffffed65
fffff3bc
ffffea86
ffffff57
fffffa39
ffffef6a
ffffe415
fffffe96
fffffce9
fffff6dc
fffff8a8
fffff136
fffff1bd
fffff699
000004df
00000a41
00000390
fffffc90
00001351
0000178d
00000538
fffffa80
00000446
00000835
00000ac3
fffff5c0
fffff9b8
fffffb73
fffff004
fffffe77
fffff99a
0000008c
fffff119
ffffe850
ffffed40
0000021b
00000859
00000415
ffffdf4e
fffff01c
fffff9b1
fffff5a8
fffffa7f
fffff340
ffffe6a8
ffffe2af
fffff1f3
00000ced
00000b5c
fffffe9b
00001dee
000011c7
000008eb
fffffb63
000002d5
00000b20
000011e3
fffffd98
00000357
000006b3
fffffc1c
000006a2
000000b3
00000436
fffff93e
ffffe939
ffffe726
fffff183
ffffe86a
ffffe5b2
ffffe1ae
ffffee8e
fffff799
fffff3a3
fffffb5e
fffffcd9
ffffeb4f
ffffdb12
ffffe929
00000848
00000229
fffff1a8
00000a24
00001121
000002f0
ffffffc5
fffffced
00000ab7
00000805
fffff882
fffff7a3
0000034b
fffff6cd
fffff0c4
fffff902
000008ba
fffffd1f
fffffa9d
fffff520
ffffeed0
ffffe19d
ffffd836
ffffed5c
fffff46c
ffffed26
fffff7b1
ffffef90
fffffeb4
ffffebfc
ffffe0eb
fffffad8
0000031d
0000017d
fffff544
00000429
000008b3
fffff819
00000410
fffffc08
00000fcc
00001343
fffff937
fffff971
000006b9
fffffb0e
fffff920
fffffd21
ffffff99
fffff81f
fffffa5c
fffffb93
fffffb66
ffffed8b
ffffe497
fffff489
fffffcaf
ffffe64d
fffff620
fffffb9a
fffffeef
ffffec0d
ffffe852
fffff43a
fffff600
000002c0
fffff7f7
fffffed4
00000878
fffff6cd
000004ce
00000752
00001d10
000027f9
00001348
00000a58
0000115c
0000020e
00000632
00000a2b
fffffdb4
ffffffcf
000003e0
000008d2
00001465
00001305
00000644
00000e6c
00001c3d
000004bc
0000124f
000006fb
00000361
000006a1
00000194
fffff880
fffff458
00000cda
00000482
00000f0b
000015ec
00001452
0000097c
00000091
00000b4e
00000cf0
00000069
fffff747
fffff72b
ffffebea
ffffe2f8
fffff2fa
ffffe9d3
ffffec0f
000000b5
fffffba6
fffffc7d
00000068
fffff148
ffffec37
fffffec5
fffffcc0
fffff605
fffff2bf
ffffe928
ffffff14
fffff5be
ffffe9fa
ffffe35f
ffffe71a
fffff358
fffff968
fffff9ad
fffff9f7
000000b9
0000065c
000004b1
000015c9
0000020d
00000810
00000078
00000243
ffffffad
0000092d
00000333
fffffe45
000007d1
00000376
ffffff39
00000059
00000045
fffff8e9
00000480
00000441
00000449
ffffffe2
fffffaf1
fffffe78
00000465
000005a0
fffff99e
fffffc1b
00000c00
00000b03
000001fe
fffffdc2
000007af
0000076e
ffffe999
fffff043
ffffed11
ffffef49
ffffea34
ffffe8f2
fffff050
fffff615
fffff6fc
fffff35e
fffff368
fffff357
ffffecc1
ffffee76
ffffec4f
fffff5f2
fffff6d9
fffff019
ffffeee7
ffffed57
fffff1ab
fffff4c6
ffffedfe
ffffe9b3
ffffea79
ffffeea9
ffffe4cb
ffffe01c
ffffee58
fffff145
00000888
00001af2
ffffeaca
ffffefe4
ffffe678
ffffebc9
ffffe62d
ffffe350
ffffe658
ffffe463
ffffed1a
ffffed7d
fffff1a1
ffffec3c
ffffe302
ffffe7cd
ffffe5cb
ffffe8b6
ffffed8b
ffffe870
ffffed85
ffffe992
ffffe764
fffff2d4
fffff120
ffffe9bc
ffffe446
ffffefc2
ffffeb5d
ffffe6e7
ffffe905
ffffeed0
00000994
00001a6f
ffffedeb
fffff565
ffffe103
ffffdcf5
ffffd0c9
ffffc798
ffffbe18
ffffc625
ffffe315
ffffe818
ffffede9
ffffe97c
ffffe074
ffffe2b4
ffffe851
ffffec74
ffffe842
ffffe774
ffffec2b
ffffe610
ffffe31d
ffffe73c
ffffeddf
ffffeb59
ffffe899
ffffea35
ffffee32
ffffed17
ffffe7c2
fffff05b
000008ff
00001c41
ffffe86f
fffff276
ffffe781
ffffdde3
ffffb97e
ffffa037
ffff95cf
ffffa4cf
ffffc91d
ffffce76
ffffe0bc
ffffebf8
ffffe79b
ffffdfed
ffffe7fd
ffffeaf9
ffffe436
ffffe545
ffffe70c
ffffe76d
ffffe962
ffffe69d
ffffea8c
ffffeec7
ffffe721
ffffe7c7
ffffe8d1
ffffe8be
ffffe82b
fffff1f1
00000dd9
00001668
ffffe343
ffffecc8
fffff013
ffffdeaa
ffffcc04
ffffa6eb
ffff84f4
ffffab3b
ffffc306
ffffc8ec
ffffe769
ffffed3f
ffffec61
ffffe612
ffffeaa0
ffffedc1
ffffee36
ffffe9da
ffffea0a
ffffeafe
ffffe9e1
ffffe3d4
ffffe376
ffffe6cb
ffffe974
ffffe7de
ffffe661
ffffe6f4
ffffe3e0
ffffec7b
00000d09
00000dfd
ffffdd09
ffffeb49
ffffe97b
ffffdaae
ffffe5eb
ffffd196
ffffc595
ffffcc42
ffffc416
ffffd575
fffff2b4
ffffec6e
ffffddd1
ffffe0fa
ffffe946
ffffea3c
fffff601
fffff1c2
ffffea59
ffffe163
ffffe257
ffffde06
ffffe3d4
ffffe3d1
ffffe21e
ffffe15f
ffffe23d
ffffe921
ffffe7b2
ffffeee5
00000ff5
00000b21
ffffdd45
ffffe535
ffffd2dd
ffffd052
ffffd34b
ffffe29e
ffffcba4
ffffb7be
ffffb2e4
ffffd576
fffff8ed
ffffe017
ffffc117
ffffcafd
ffffde05
ffffe1ef
ffffeec8
ffffe6a8
ffffd0f3
ffffc69f
ffffc953
ffffd19c
ffffd587
ffffd401
ffffce4e
ffffcd77
ffffd948
ffffdfc2
ffffdac4
ffffe325
0000066d
fffffe85
ffffc27e
ffffd9f8
ffffc293
ffffc778
ffffe244
ffffe510
ffffce69
ffffab74
ffffaa8d
ffffeb1d
fffff287
ffffe0a1
ffffaf46
ffffa5c6
ffffc49e
ffffd266
ffffda01
ffffc9bd
ffffb1f4
ffffb115
ffffbdac
ffffc3bb
ffffc5af
ffffcab8
ffffbefb
ffffbfbc
ffffc958
ffffcdae
ffffc090
ffffc962
00000616
000001ec
ffffc312
ffffdc12
ffffc3cd
ffffd1cf
fffff21a
ffffe4d7
ffffd143
ffffaeaf
ffffaf8a
ffffe032
fffff240
ffffe003
ffffbe7b
ffffa317
ffffaa9b
ffffcde9
ffffcf87
ffffc4b0
ffffb562
ffffbbda
ffffd33a
ffffd16c
ffffca0c
ffffc913
ffffca0a
ffffc787
ffffce65
ffffd358
ffffc3ff
ffffc60e
000009c1
00000983
ffffd03d
fffff393
ffffe575
ffffee35
fffff3df
fffff265
ffffe098
ffffd72e
ffffc458
ffffe1d3
fffff32c
ffffe523
ffffe60d
ffffc589
ffffc6b1
ffffcd4c
ffffd7e1
ffffdf30
ffffd2d9
ffffdc4e
ffffe476
ffffeca5
ffffebaf
ffffe742
ffffe60f
ffffe699
ffffe3cc
ffffe8d8
ffffe264
ffffdeee
00000eac
00001699
ffffe264
fffffe89
00000002
fffff7a2
00000080
000000c1
fffffd4c
ffffe9b8
ffffe2a8
fffff555
fffff292
ffffe9d4
fffff249
ffffd75c
ffffbfb7
ffffc5b1
ffffd1e0
ffffe8ff
ffffe89f
fffff4cf
fffffba1
fffffd40
0000005d
ffffffbb
fffffc38
fffff89f
fffff393
fffff62f
ffffedbf
fffff56d
00000caa
0000185c
ffffe4a8
fffff6aa
fffffad8
fffffdde
000006d7
0000186b
000006b3
ffffee6b
fffff202
fffff7e3
ffffe46c
ffffe09f
ffffe6fd
ffffe3da
ffffd0fd
ffffb65b
ffffccb2
fffff387
ffffe0df
ffffe2e4
ffffe3dc
ffffe6c3
ffffed05
fffff499
0000023d
fffffe75
fffff60e
ffffee90
ffffe7e7
fffff64e
00000ed7
0000164c
ffffe098
fffff473
ffffef24
fffff78d
ffffff38
0000145d
00000ccf
fffff013
fffff437
ffffe207
ffffd5f4
ffffd98d
fffff3ab
fffff318
ffffd64f
ffffe575
0000025e
000010ea
fffffaba
ffffe5bf
ffffde28
ffffd3eb
ffffd71e
ffffd906
ffffde3d
ffffecbd
fffff31d
ffffecae
ffffe38f
fffff65c
000010a2
000016a8
ffffdc75
fffff580
ffffeaca
ffffef5c
fffffc63
00000c1f
fffff4d2
ffffd9c3
ffffdac5
ffffd1f6
ffffd228
ffffedda
fffff572
ffffe033
ffffc2cc
ffffe079
00000504
000008c5
fffff6c2
fffff5f9
fffffed7
fffffe45
fffffc19
fffff82a
ffffeec6
ffffe5bf
ffffedfb
fffff4cf
ffffec94
fffff5f7
00000c13
00001f09
ffffe019
fffff357
ffffe8c5
ffffeb05
fffff9f6
00000a4d
fffff112
ffffcff6
ffffd0e2
ffffd017
ffffcdc7
ffffe3d3
ffffebb4
ffffc5ec
ffffbd2c
ffffd66a
fffffa84
fffff7f3
ffffebfc
ffffeb29
ffffec5d
fffff7c6
00000477
00000d8b
00000822
00000174
fffff1c7
fffff63b
ffffef81
fffff671
00000aa7
00002300
ffffe894
fffff30e
ffffe62d
ffffea07
fffff925
00000c67
ffffef75
ffffd5f0
ffffd194
ffffc09b
ffffbd21
ffffd717
ffffe1d2
ffffcd31
ffffcd51
ffffe5e5
fffff36e
ffffe954
ffffda71
ffffe58e
ffffeb7f
ffffe9de
fffff89e
000000f0
0000050b
fffffde9
ffffe370
ffffe6ff
fffff5cf
fffff8ce
00000f8b
00001d05
ffffe6a8
ffffefff
ffffe52c
ffffe662
fffff4fc
00000d8a
fffff3b7
ffffe013
ffffd13e
ffffb0cb
ffffa536
ffffb59c
ffffcf02
ffffd235
ffffe22a
ffffe9ef
ffffec95
ffffe961
ffffdee9
ffffdef7
ffffe976
ffffeb23
ffffede4
fffff344
00000915
00000c0a
fffff4d8
ffffed70
fffff494
00000210
00001174
00001a26
ffffebce
fffff25a
ffffe790
ffffe6f5
ffffee77
000008f1
fffffcb1
ffffe96f
ffffdd0b
ffffbf15
ffffb6cc
ffffb797
ffffc7fb
ffffcd60
ffffe459
fffff0f9
fffff19d
ffffe83b
ffffe34d
ffffe36a
ffffe442
ffffe76e
ffffe372
ffffe73b
fffffc8b
000008a9
0000038c
ffffef5d
fffff063
fffffcd1
00000ff0
0000178c
ffffee4b
ffffeece
ffffece4
ffffe90e
fffff4a6
00000756
000001ef
ffffefe8
ffffead6
ffffdbf9
ffffcf6d
ffffbad1
ffffae42
ffffb6aa
ffffe1d5
ffffef5a
fffff2c8
ffffec39
ffffe813
ffffe573
ffffe704
ffffe42e
ffffddab
ffffe615
fffffa98
00000337
0000023f
fffff8b9
fffff0e9
fffff9c5
00000f87
000018a1
fffff0b7
fffff69a
fffff37d
ffffed9f
fffff15a
000004c3
000004ef
fffff75e
ffffef31
000000bc
ffffe16b
ffffbff7
ffffa6d6
ffffa523
ffffc2e2
ffffe2b3
ffffeee4
ffffe9d2
ffffe62a
ffffe9a0
ffffe607
ffffe1bc
ffffe00d
ffffe6d6
fffff057
fffffe6d
fffffbd9
fffff5d3
ffffe8b1
ffffeec7
00000c8d
00001d37
fffff793
fffffb2a
fffff6b7
ffffedfc
ffffe94d
fffff5cf
00000143
fffff29e
fffff4d9
00000adc
ffffeb5a
ffffc1cc
ffffbb4a
ffffb190
ffffae23
ffffc628
ffffda02
ffffe41d
ffffe195
ffffe515
ffffe553
ffffdfa9
ffffdd30
ffffe62e
ffffef7d
000002a2
fffffcf8
ffffed54
ffffe7e5
ffffe874
00000db7
00001ce2
fffff82c
fffff73a
ffffe938
ffffe030
ffffdb12
ffffda66
ffffefba
ffffee2d
ffffe769
00000377
00000644
ffffea7b
ffffe2d4
ffffd2db
ffffc4cf
ffffc7f4
ffffc88d
ffffdb03
ffffdcf2
ffffe24a
ffffe7d9
ffffe14f
ffffda92
ffffe384
ffffee94
fffffabd
fffffca3
fffff03f
ffffeb74
ffffe815
00000ca3
00001ef6
fffffa9e
fffff6c6
ffffe8b9
ffffe52a
ffffe297
ffffd8ea
ffffe974
fffff11f
ffffee39
fffff3e5
000007cc
00001007
0000101a
ffffe6dc
ffffc6cd
ffffbe05
ffffb5ab
ffffcc8a
ffffd1d4
ffffcd1d
ffffd6e2
ffffddd6
ffffde5e
ffffe82c
fffff1cb
fffff604
fffff4cf
ffffeeb2
ffffec69
ffffe20d
000006bb
00001917
ffffec8b
ffffecbb
ffffe623
ffffe6f0
ffffe927
ffffe30d
ffffea09
fffffe54
ffffef4d
ffffe69d
ffffebdc
fffffb5b
00000034
fffff271
ffffc6b3
ffffbb48
ffffb154
ffffba4f
ffffc27f
ffffcb7b
ffffd0fb
ffffd582
ffffd282
ffffdc3f
ffffebd1
ffffeeca
ffffe8be
ffffe292
ffffdf3a
ffffd25b
fffffd06
00001821
ffffe4fe
ffffe552
ffffdde7
ffffeb63
ffffec53
ffffdefa
ffffdfbc
fffff2d4
000002ca
ffffef26
ffffdc7e
ffffd0b7
ffffdb30
ffffd7e6
ffffcaa2
ffffc796
ffffca4b
ffffda94
ffffd16b
ffffce50
ffffcd1f
ffffc062
ffffb1d3
ffffc6d3
ffffe123
ffffecdd
ffffe1cf
ffffd0b7
ffffd033
ffffd9a2
00000124
00000ff9
ffffde4a
ffffe0f5
ffffde5c
ffffe484
ffffe999
ffffe580
fffff32c
00000697
00000519
000004b7
ffffefe3
ffffd70f
ffffd319
ffffe568
ffffd38b
ffffca4e
ffffd9c1
ffffe8ba
ffffedf3
ffffe6e4
ffffd7dd
ffffc00c
ffffa3ff
ffffacd2
ffffc8e1
ffffd6fb
ffffe0b6
ffffcd2f
ffffd47f
ffffe8cf
00000945
00000c6b
ffffd6d6
ffffe1aa
ffffd76e
ffffe085
ffffeeb6
fffff2c1
fffff88b
fffffd7f
ffffff44
00000d01
fffffd7a
ffffe235
ffffd22a
fffff047
ffffce67
ffffcbbf
ffffc6bc
ffffd99e
ffffef50
ffffff3a
ffffea9b
ffffceb3
ffffbab3
ffffadc8
ffffc35e
ffffcf72
ffffe5ae
ffffdbf7
ffffe270
fffff882
00001760
00001074
ffffda6f
ffffe1f4
ffffd54c
ffffde02
ffffe8e9
ffffe83f
ffffe135
ffffdf21
ffffe402
ffffeda1
fffff1e3
ffffe463
ffffe39f
fffff2ac
ffffe059
ffffd0f1
ffffd264
ffffdc3d
ffffedd3
fffff0ee
ffffeeac
ffffef34
ffffd38a
ffffca59
ffffc602
ffffcc39
ffffec29
ffffe667
ffffecfa
0000041b
00001bf8
00000f4c
ffffe8c9
fffffe46
ffffedc5
ffffeb91
ffffe8ce
fffff5dc
ffffe90c
ffffe2e0
ffffe092
ffffe319
ffffdfc8
fffff7e6
fffff7ea
00000778
fffff4f2
fffff29c
fffffb93
fffff54c
ffffec22
ffffe590
ffffe866
fffff14b
fffff459
ffffe285
ffffdcbf
ffffd957
fffff034
ffffe41b
ffffe0c6
ffffee7b
0000091d
00000862
ffffd4f5
ffffed96
ffffe2f6
ffffdf92
ffffe8dc
fffff513
ffffe955
ffffea9b
ffffdebf
ffffe0a4
ffffe67d
ffffed4f
fffff5b6
fffffc33
fffff83e
fffffcc0
fffff864
ffffef8b
ffffeadc
fffffaa8
fffff8b1
fffffa73
fffffa28
fffff254
ffffebda
ffffee48
fffff8e6
ffffe791
ffffe0b0
ffffeb0f
fffffd2a
0000062b
ffffe006
fffff224
ffffe8aa
ffffe492
fffff259
fffff15c
ffffed5b
ffffed9a
ffffe1eb
ffffe721
fffff0a9
fffff952
fffffab1
fffffae1
fffff30f
ffffe7d6
ffffeb4a
ffffe461
ffffeef9
ffffed64
ffffeb41
ffffeb0d
fffffc90
fffffbe7
0000014c
fffff6c0
fffff02b
ffffed64
ffffebf6
ffffeee2
00000655
00002b5c
0000258e
00003a9b
000033b2
000037a1
00003871
00003dcb
0000307e
00003afa
0000387e
00002c97
000034ce
00002d24
00002e1e
0000265c
000029ed
00002519
00002535
00002547
0000240c
00002613
00002181
00001e79
00002bff
00003acc
000039b6
00002ce7
00002ca3
000027f8
00002f33
000036b5
000022c1
fffff773
fffffeca
ffffff67
fffffbcc
fffffa4a
fffffe61
000001ec
00000065
ffffff72
fffffb74
fffffe64
00000018
fffffc6b
fffffd30
fffffc8d
fffff9a3
fffff8ea
fffffd7b
fffffe66
fffff977
fffffcea
fffff40d
fffff14f
fffffbc1
00000040
fffff9ff
fffffa91
fffffb7b
fffff6e3
fffff813
000005ae
00000037
fffffc0f
fffff057
fffff68d
fffff566
fffff127
fffff63d
fffffbb2
fffff6ea
fffffbbf
fffff683
ffffede6
fffff199
fffff0d1
fffff004
ffffee12
fffff3f2
fffff0ec
ffffed03
fffff312
fffff34b
fffff164
ffffef7e
ffffe551
ffffeae3
fffff8ac
fffff597
ffffe9d1
fffff383
fffff855
ffffec0a
fffff0e0
fffffa18
0000023d
ffffe736
ffffee44
fffff05a
ffffeaa1
ffffeabd
fffff134
fffffb0f
000001c6
fffff783
ffffe773
ffffe2d1
ffffe534
ffffe9ab
ffffe9c3
ffffec2e
ffffefcf
ffffead9
ffffef94
fffff1b5
ffffe7ac
ffffea7a
ffffee25
ffffe29d
ffffeb24
fffff298
ffffe46a
ffffe853
fffff3bf
ffffe95e
ffffe4d9
fffff17d
00000641
fffff91e
fffff235
fffff429
ffffec83
ffffda30
ffffdc26
0000037d
00000435
fffffaa7
ffffff02
fffff1cf
ffffe2ba
ffffefc3
fffff488
fffff395
fffff02c
fffff333
fffff7d7
fffff654
ffffed92
ffffe89d
fffff478
fffff527
fffff0d8
fffff507
ffffecb9
ffffe8b8
fffff1a2
ffffedf2
ffffe9a0
fffff256
0000014e
fffffa60
fffff4c1
fffff390
ffffdefb
ffffbfa4
ffffc6ac
fffff82b
fffff914
0000096e
00002456
000007b9
ffffeba9
ffffe916
fffff6a4
fffff5e6
fffff1fa
ffffef21
fffff261
fffff905
ffffefd2
fffff30b
fffff3aa
fffff7f9
fffff3d9
fffff3e2
fffff1d8
ffffec00
ffffeed6
ffffeba6
ffffec66
fffff148
ffffffc8
fffff9ee
fffff9bc
fffff3a9
ffffe3cf
ffffbcba
ffff99fd
ffffca97
fffff438
000004ce
00001b2d
000015dd
fffff9fb
ffffeade
fffff200
fffff2f6
fffff911
ffffefe7
ffffe8be
fffff0a9
ffffeff5
fffff45a
fffff474
fffff9f3
fffff59a
fffff1f1
ffffef64
fffff3a5
fffff26a
ffffeae8
ffffed07
ffffefd7
000002ff
fffffc1a
fffffac3
fffff4f9
fffff4df
ffffc6a9
ffffa026
ffffacd6
fffff93b
fffffcf2
0000105a
00000ea5
fffffcd5
ffffe64f
ffffeef5
fffffa15
fffff68d
fffff12d
ffffe398
ffffe972
fffff699
fffff5b4
fffff7d5
fffff2c1
fffff337
fffff4c9
fffff1fe
fffff3e7
fffff93e
ffffeb24
ffffe9de
fffff302
0000080a
00000412
fffff93f
ffffef79
fffffde7
ffffde1f
ffffc98e
ffffcefe
ffffefbe
00000161
ffffff32
fffff8fb
ffffed5c
ffffde15
ffffefce
00000b3c
fffffc2f
fffff1a7
ffffe318
fffff0d2
fffffc12
ffffee4a
ffffed74
fffff04b
fffffb70
fffff5ec
fffff42b
fffff0d7
fffff3f6
ffffec68
ffffed06
fffff301
fffffe88
fffffb8c
fffff56e
ffffe717
fffff5c7
fffffd92
fffffc66
ffffd7f3
ffffdf07
00000202
0000026d
ffffe3be
ffffd340
ffffe34e
ffffeacd
fffffd0b
fffff9d6
fffff4a6
ffffe683
fffff011
fffff78e
ffffedeb
ffffe97b
fffff52c
fffffd0d
fffff6a1
fffff2c8
fffff3dd
fffff0dd
ffffef84
fffffb4d
fffff9d0
fffff436
ffffee5f
ffffea33
ffffde81
ffffe4d8
ffffff86
0000187b
ffffedae
ffffd05a
ffffeb29
0000065f
ffffe611
ffffd64b
ffffdb7d
ffffe6ff
ffffeb1e
ffffe12d
ffffe763
ffffe980
ffffe600
ffffefaf
ffffeb80
ffffea06
ffffead1
ffffed07
ffffeddc
fffff037
fffff0c0
ffffeea1
ffffe4c8
fffff5e2
00000517
fffff250
ffffe933
ffffde1b
ffffd642
ffffd225
fffff47b
00000d54
00000404
ffffd662
ffffd259
ffffea54
ffffe82e
ffffeaaf
ffffe35a
ffffd4e6
ffffdd20
ffffe3c1
fffff50e
ffffeb49
ffffd81e
ffffdd5d
ffffe097
ffffdf2b
ffffd6f5
ffffdb05
ffffe088
ffffe056
ffffe33e
ffffe275
ffffd904
ffffe16e
fffffc52
fffff7ef
fffff3cf
ffffef1e
ffffe0a1
ffffd379
ffffe87f
000005bf
fffff966
ffffe090
ffffe1cf
ffffe3ce
ffffe516
ffffede5
ffffed15
fffff1bb
ffffd925
ffffe85c
0000049c
fffffae1
ffffeb5c
ffffe7ea
fffff279
ffffee9c
ffffebf8
ffffe6ca
ffffdf7d
ffffe083
ffffe46f
ffffe662
ffffdb8b
ffffdcc6
ffffefbf
fffffc4b
fffff9a8
fffffd2a
fffff38c
ffffe4db
ffffea10
fffff7f2
ffffeb3e
ffffd8b0
ffffe354
fffff92c
ffffe46f
ffffe2b6
ffffe7d5
ffffe250
ffffe45b
ffffe5a1
fffff9db
00000369
ffffff91
fffff9b3
000004f4
ffffffe5
fffffd17
ffffffb5
fffffa34
fffff341
fffff7df
fffff618
ffffedf5
ffffea23
fffff588
fffffac8
fffffa58
ffffff69
fffffeac
fffff76a
fffff11f
fffff5c4
ffffecdb
ffffd26f
ffffe36d
000002c8
fffff1e4
ffffd22e
ffffd75d
ffffe1fa
fffff4c9
fffff64a
fffff32b
fffff9cb
fffff266
fffff9af
fffff9a6
fffffc15
fffff5d5
fffff856
fffff993
00000058
fffffe4a
fffffcbf
fffff393
ffffeef6
fffff816
fffff57b
fffff89c
fffffe41
ffffffee
ffffff9c
fffff2df
fffff63f
ffffea47
ffffcc08
ffffd332
fffff6af
000003ab
ffffd5ff
ffffc95a
ffffe75e
fffffab5
fffff204
ffffdcce
ffffe05c
ffffef28
0000018f
ffffffeb
00000309
fffffd30
fffff216
fffff6ef
fffff99c
fffffc66
ffffff82
fffff2e4
ffffeadf
fffff816
fffff638
fffff400
fffffd6e
fffffe1a
fffffc6c
fffff926
fffff8a3
ffffea24
ffffcd03
ffffcdbc
ffffdb52
fffffd1f
fffff10d
ffffd889
ffffee5c
fffff242
ffffee68
ffffd619
ffffd91a
fffff472
fffff801
fffffba6
0000022b
000006da
fffffc76
fffffa24
fffffb73
fffff57e
fffffbe9
fffff7a3
ffffea9d
fffff6f6
fffff9f1
fffff5cb
fffffb65
fffffcc8
fffffdc6
000000b6
fffffb91
fffff34b
ffffd82e
ffffd07d
ffffcac7
ffffea28
0000060a
fffff83e
fffff0ac
ffffebb8
ffffefb1
ffffe022
ffffe13f
fffff323
fffff7bf
fffff81f
fffff887
00000062
000003b1
fffffbfa
ffffff2b
fffff73f
fffff713
fffff2c5
ffffed92
fffff694
fffffb2d
fffff465
fffffa41
fffffd6d
fffffdd0
0000048a
00000106
fffffb90
ffffdd3e
ffffd1f4
ffffd069
ffffe370
0000007d
000001c4
fffff952
fffff6a2
ffffed83
ffffeef9
ffffe9ac
ffffef65
fffff4b1
fffffabf
fffff6db
fffff609
fffffa3a
fffffe6e
0000018f
fffff0f5
fffff199
ffffeff6
ffffeb60
fffff5f9
fffffc33
fffff40f
fffff5f8
fffffc3b
fffffb85
fffffc86
0000010e
00000176
ffffe2eb
ffffcd72
ffffd80d
ffffe8bf
ffffee5c
fffff335
fffff2ca
fffffd25
fffff1f5
fffff385
ffffec5e
ffffeb11
fffff4d2
fffff84a
fffff1ae
fffff790
fffffc0f
fffff98d
fffffe63
ffffeed9
ffffedbd
ffffee62
fffff421
fffff74d
fffffb27
fffffbd6
fffff970
fffffcdc
fffffbad
fffff658
fffff8ec
000001df
fffff446
ffffd066
ffffce9e
ffffe4ed
ffffe44a
ffffed26
fffff688
fffffc2b
ffffece9
fffff098
fffff43f
fffff22a
fffff13b
fffff409
fffff428
fffff4ce
00000145
00000080
ffffff0a
fffff1e1
ffffeb7f
ffffebdd
fffff7eb
fffffb3b
fffff7ea
fffffb09
fffffa4d
fffffe2a
fffffbbf
fffff4a8
fffff273
fffff8d4
000005bc
ffffea11
ffffdba3
ffffdd6d
ffffe2b8
ffffe81a
fffff21a
fffff7e0
fffff4e6
fffff238
fffffb9d
fffffe68
fffff3c0
fffff1b7
fffff6ec
fffff3d0
fffffacd
00000649
000001a5
fffff40a
ffffef66
ffffea80
fffff323
fffff9b2
fffff9f3
fffffa25
fffffa5a
fffff533
fffff9e7
fffff7a5
ffffecc2
ffffe852
fffffdd2
000009c4
ffffec4b
ffffddc8
ffffdea8
ffffe059
ffffe5e6
ffffec42
fffff80d
fffffe2b
fffffd6f
0000084a
ffffff89
ffffee75
fffff11e
fffff595
fffff173
ffffff83
00000436
fffff77e
ffffeed2
ffffea1f
ffffec79
fffff62c
ffffff83
fffff73a
fffff2ca
fffff1bc
ffffefd2
fffff3ce
ffffe8df
ffffe2a0
ffffee4e
00000492
0000096f
ffffeed9
ffffdb78
ffffd534
ffffdd68
ffffddc2
ffffe79c
fffffe83
fffffe17
000004ae
0000067e
fffff951
ffffe818
fffff560
fffff33e
fffffa92
0000013d
fffffa15
ffffecb2
ffffea4a
ffffea69
fffff69f
0000010e
fffff12e
fffff242
ffffefb8
ffffef23
ffffeb41
ffffea79
ffffed35
ffffe3f7
fffffe8a
0000103f
ffffff4c
ffffe3da
ffffe2ff
ffffd9fd
ffffd938
ffffdfbf
fffff980
fffff2cf
ffffeac8
fffff246
0000022d
fffff429
fffff1a8
fffff886
fffff9a2
fffffe17
fffff880
ffffeed8
ffffe65b
ffffec08
fffff714
fffffe98
ffffec8a
ffffee56
fffff1d4
fffff094
fffff1b7
fffff292
fffff9a5
fffff7fc
ffffec01
fffff8fe
fffffabb
ffffea99
fffff567
ffffd90c
ffffcf36
ffffddb4
fffff13a
ffffeb59
ffffe13e
ffffe9c8
fffff679
fffffe6d
fffff33b
fffffdaf
fffffbd1
fffffbb0
fffff7e2
fffff289
ffffec2d
ffffeb2d
fffff9fd
000003ac
fffff0f3
ffffef02
fffff6cc
fffff7bb
fffff822
fffff640
ffffff34
fffffac3
ffffe504
ffffdf96
fffff248
ffffede5
fffffc05
ffffede1
ffffdc4c
ffffdf72
fffff6e0
fffff756
ffffed56
ffffe6f0
ffffe12b
fffff44c
ffffff06
fffff5e5
fffff89d
fffffedc
fffff7c0
fffff960
fffff3dd
ffffe680
fffff5a2
000006b0
fffffa60
fffffa90
fffff541
0000009d
000003e0
fffff59b
fffff9b0
00000139
fffff1e8
ffffdce1
ffffe895
ffffe3cb
fffff680
fffffe1f
fffffbd7
ffffe9ce
fffff8d2
00000488
fffff8fb
ffffe6ce
ffffddb2
ffffdf4a
00000118
00000455
fffff54a
00000172
fffff5a5
fffff7d1
fffffaa3
ffffeeb0
ffffeaf4
00000370
fffffcb7
fffffc9b
fffffaa3
00000a03
00000ec0
fffff3ce
ffffecf5
fffffd2b
fffffd62
fffff0de
fffff2b3
ffffe92e
fffff1e6
fffffd12
fffff91c
fffff66a
fffff9cf
00000c7d
00000274
fffff54b
ffffebbd
ffffe217
ffffeb28
000005bd
fffff2c0
00000cb1
0000001b
fffffada
fffff744
fffff9a3
fffff200
000000b2
fffff89d
fffffce4
fffff98d
000000c4
000004a6
fffff4da
ffffe5e9
fffff151
000001a8
00000371
000004d3
ffffefb4
fffff39c
fffffd7e
fffff0e8
fffff747
fffff033
00000068
fffffa5e
fffff4bb
fffff522
ffffeac5
ffffe245
fffff972
000001f9
00000116
fffffe9b
fffffdd9
fffff1ec
fffff5c1
fffffc38
fffffe66
fffff5f0
fffffa8f
fffff1db
ffffeef1
0000031c
fffffff0
ffffefe5
ffffe865
fffff94a
00000049
000008bd
fffffe2a
fffff99a
fffff98c
fffff2dc
fffff21a
fffff4e9
fffffa53
fffffbc7
fffff4e7
fffff8d8
fffff9e0
fffff024
fffff4e4
fffffa47
fffff1e6
fffff422
fffffd15
fffff222
fffff3ac
fffffab5
00000409
0000018a
000009c8
fffffeef
fffffb23
000006db
00000524
fffffb28
fffff82e
fffff78b
fffffc8b
0000082a
00000b4f
00000eca
0000066e
fffffecb
fffffa64
fffffec0
000000bf
000001df
fffffb55
fffffb2c
fffffd80
fffffcf9
fffffb3a
fffffa98
fffffa29
fffff0a1
00000036
fffff906
ffffefb0
ffffff62
fffffe5a
ffffff63
ffffffee
ffffff1e
fffffb3d
fffff80b
fffff86f
fffff698
fffff688
fffff2aa
fffff59a
ffffff08
00000709
000003af
00000597
fffffdca
fffffca9
fffff574
fffff939
fffff9ef
fffffc0d
fffffb66
ffffff22
fffffbec
fffffc23
fffff7ce
fffff809
fffffd77
fffffd99
fffff9b8
fffff106
fffffcd7
00000b4b
00000768
000010b4
00001236
00001198
000015a7
00000dd8
00000a2a
00000bd9
00000e6c
00000b30
000005b8
0000025f
00000498
00000783
00000e16
00000a78
000011c9
00000926
0000012b
00000da2
00000ff1
00000856
00000bba
00000e18
0000103c
000009ab
0000095f
00000e3f
0000128a
00000d82
fffffef7
fffffc4b
ffffeb28
fffffc41
fffff7a1
fffff1eb
fffff706
fffff838
fffff766
fffffa0e
fffffcff
fffff20a
ffffe6b5
ffffeeb5
fffff517
fffff592
fffff61a
fffffa9a
0000008b
fffffe32
fffffa25
fffff9ce
fffff82e
fffff463
fffff7ee
fffff64a
fffff5c9
fffff3f2
fffff4d4
fffffb54
fffffe58
fffff817
fffffb7f
00000089
ffffe8db
fffff4bf
ffffef3f
ffffe5ec
ffffe42f
ffffde8c
fffff213
00000013
fffffe41
ffffe52a
ffffdba0
ffffef8a
fffff4de
ffffeae3
ffffe7d6
ffffedf6
fffff68a
ffffef85
fffff377
ffffea20
ffffe097
ffffe3a0
fffff0b2
fffff0f8
ffffed29
ffffec52
ffffec16
fffff29f
ffffeed3
ffffe507
fffff202
00000654
ffffef61
fffffad8
fffff166
ffffeb74
ffffe3ad
ffffde1f
fffff94d
ffffe4af
ffffef8a
ffffe567
ffffeb6b
fffff3c7
fffff919
fffff511
ffffedd6
ffffef30
fffff554
ffffedce
ffffde59
ffffde6d
ffffeb55
fffff75d
fffffe6d
fffff265
fffff381
fffff011
ffffec46
fffff004
ffffeee9
ffffec01
ffffef60
0000096a
ffffee8a
ffffec20
ffffdfbd
ffffe312
ffffd328
ffffce07
ffffdc16
ffffb742
ffffccbd
ffffd679
ffffebe5
ffffed5d
ffffee1b
fffff1ab
fffff012
ffffe537
ffffe814
ffffe96a
ffffd85a
ffffe74b
ffffeeef
fffffcad
fffffb97
ffffebb0
ffffe4f1
ffffecda
ffffeae4
ffffe6a7
ffffedca
ffffed47
fffff337
fffffc42
ffffe256
ffffdf27
ffffdae7
ffffd705
ffffc427
ffffc53c
ffffa832
ffff98dc
ffffc1f4
ffffde7f
ffffe5e4
ffffe845
ffffe23a
ffffd88f
ffffd92d
ffffdab9
ffffdd2a
ffffe2b2
ffffe880
fffff146
fffff1b2
fffff313
ffffe738
ffffe5c7
ffffdf3f
ffffe355
ffffe9b2
ffffe6e4
ffffef09
fffff407
fffff55b
fffff52c
ffffcb90
ffffc98f
ffffd528
ffffe291
ffffd953
ffffc7cc
ffff8ce8
ffffae41
ffffe1ac
ffffecfc
ffffe626
ffffdc11
ffffc3dc
ffffbc8f
ffffc0d0
ffffd0ff
ffffcfe9
ffffd228
ffffd9b2
ffffdfe0
ffffde6b
ffffcce5
ffffc908
ffffc206
ffffd132
ffffd2b3
ffffda97
ffffd84b
ffffe25d
ffffe5d4
ffffea06
fffff41d
ffffb8ee
ffffca18
ffffd4db
ffffe95c
ffffd59d
ffffdf91
ffffab2a
ffffbaed
fffff061
ffffe9f7
ffffe5c6
ffffd753
ffffb6d3
ffffb5aa
ffffbc93
ffffc5b8
ffffc5af
ffffc220
ffffc23a
ffffca67
ffffbfaf
ffffc774
ffffb3ac
ffffae84
ffffba0e
ffffc38c
ffffc6dd
ffffc08e
ffffd752
ffffd5ac
ffffeb45
fffffda6
ffffcc69
ffffdfa1
ffffd802
ffffe773
ffffd763
ffffebf5
ffffbd1c
ffffc933
ffffe770
ffffe573
ffffee86
ffffdcb1
ffffcdee
ffffcd07
ffffce57
ffffc88e
ffffbddc
ffffc3b6
ffffc816
ffffcdf7
ffffcb56
ffffd1bf
ffffc3bd
ffffc93d
ffffc816
ffffce5e
ffffd1a9
ffffd0bb
ffffe086
ffffd6dc
fffff2bc
000001c8
ffffee5b
ffffefe1
fffff54c
ffffefb9
ffffe01b
ffffc566
ffffc345
ffffbca0
ffffdc4c
fffff91d
00000a62
ffffe912
ffffd7da
ffffd136
ffffc985
ffffd704
ffffd35b
ffffdd12
fffff393
fffff705
fffff837
fffff168
fffff847
fffff3cd
fffff31b
0000017e
fffffa69
fffffc1f
fffff819
fffff971
000000fa
fffffc0e
ffffe823
ffffe208
ffffe6b1
fffff901
ffffe7d8
ffffca78
ffffd461
ffffcfbd
ffffea37
000017cc
fffffe6a
ffffe642
ffffea6c
ffffcf47
ffffe4be
ffffd4d5
ffffdc6f
ffffdb3f
fffff115
fffffb04
fffff652
fffff25a
fffffb25
fffff40a
fffffbdc
fffffbe8
fffffa36
fffff9ea
fffff0f1
fffffb31
000000ce
fffffa66
ffffd8a0
ffffe3f2
ffffd9b6
ffffe3e5
ffffe118
ffffd7d4
ffffff95
ffffde0a
fffffd87
fffffa8b
ffffe6ce
ffffd92e
ffffe598
ffffd657
ffffcb0e
ffffcaf9
ffffc96a
ffffcb26
ffffdd08
ffffdf8e
ffffdd3c
ffffdee5
ffffe071
ffffe3d0
ffffecca
ffffea09
ffffecf2
ffffe747
ffffdb65
ffffe7ba
fffff364
fffffea6
ffffd876
ffffe610
ffffddbc
ffffcf98
ffffdb0a
ffffdd47
fffffa87
ffffd36b
fffff6d9
ffffe730
ffffca6f
ffffd375
ffffcabe
ffffb76e
ffffb017
ffffae57
ffffc107
ffffc9e5
ffffe5eb
ffffdd3d
ffffd66c
ffffd7ad
ffffdb73
ffffd762
ffffdbc2
ffffdfa3
ffffe0de
ffffeaab
ffffdf23
ffffe280
fffff0e3
00000097
ffffd875
ffffdf8c
ffffd274
ffffd2c6
ffffdd6f
ffffd189
fffff323
ffffdd8a
ffffe5aa
ffffc6df
ffffb7ff
ffffc7c1
ffffc2da
ffffa5c6
ffffc0fd
ffffcf36
ffffd19e
ffffcc60
ffffc426
ffffa965
ffffa58d
ffffa88a
ffffb700
ffffcc95
ffffd549
ffffd471
ffffd159
ffffd92f
ffffdc14
ffffdd90
fffff36f
fffffeef
ffffd695
ffffd9b8
ffffc96c
ffffc7cd
ffffd92f
ffffcbca
ffffee03
ffffd7e7
ffffd7fb
ffffc1b8
ffffbc88
ffffce78
ffffccb9
ffffc9dd
ffffe1f8
ffffdf7b
ffffd4c6
ffffc9c5
ffffce38
ffffcdc1
ffffc149
ffffac85
ffffa3c6
ffff9ab0
ffffab4c
ffffceaf
ffffcb70
ffffd1bb
ffffe621
ffffdca6
fffff643
fffffdc6
ffffd7fb
ffffd80e
ffffc787
ffffc4ac
ffffd0f0
ffffc839
ffffeefd
ffffd67e
ffffe401
ffffc342
ffffc7f2
ffffd43e
ffffd306
ffffdfbf
ffffe6bc
ffffd95d
ffffe12a
ffffdd09
ffffe15a
ffffe249
ffffd762
ffffc445
ffffb8aa
ffffadf4
ffffb366
ffffd1bf
ffffcfa5
ffffd07b
ffffe94d
ffffda92
fffff0ec
fffffb2d
ffffd64b
ffffda92
ffffcfad
ffffc78a
ffffd09e
ffffc426
fffff395
ffffe577
ffffe9a8
ffffc28c
ffffccc3
ffffd54d
ffffcdd7
ffffd300
ffffe0d6
ffffe482
ffffe913
ffffe9c6
ffffe707
ffffe22c
ffffe096
ffffe11c
ffffda9a
ffffd8e1
ffffd6ca
ffffe5cb
ffffe714
ffffdb41
ffffebc0
ffffd7d0
ffffeda1
fffff6e4
ffffdb1e
ffffdc93
ffffd071
ffffcd96
ffffd22e
ffffcc44
fffff1a6
fffff1f7
ffffe071
ffffc110
ffffbbfe
ffffc715
ffffd984
ffffe3f6
ffffe0a0
ffffe774
fffff111
ffffea86
ffffe942
ffffe7a0
ffffe709
ffffe4fe
ffffe3df
ffffe2d5
ffffec06
ffffed19
ffffeca5
ffffd313
ffffe687
ffffd4eb
fffff122
fffffab0
ffffdfbd
ffffe624
ffffd74d
ffffd355
ffffd6c7
ffffcf51
fffff3af
ffffe588
ffffd733
ffffd2f7
ffffc540
ffffba5e
ffffd962
fffff8d3
ffffe58c
ffffe9ce
fffff0ca
ffffe917
ffffe510
ffffebca
ffffeda5
ffffe396
ffffe58d
ffffe2f0
ffffea2c
ffffea3c
fffffb56
ffffe4e7
ffffebfd
ffffd960
fffff1c6
fffffb31
ffffe3ee
ffffe9b0
ffffe1e5
ffffdcaa
ffffe0fe
ffffd792
ffffeba1
ffffdf69
ffffd667
ffffd826
ffffcfe5
ffffb480
ffffc8fe
ffffdd10
ffffe2c2
ffffe90a
ffffe4f0
ffffe5cf
ffffe8ad
ffffec00
ffffed23
ffffeb5d
ffffe97a
ffffea7e
ffffed66
ffffe6ff
fffff932
ffffee02
ffffed5d
ffffe618
fffff4d4
fffff824
ffffde31
ffffdfe8
ffffe03c
ffffde68
ffffe6af
ffffe09d
ffffd89f
ffffdd67
ffffd230
ffffc9ec
ffffd653
ffffc86f
ffffc682
ffffbeb5
ffffcee1
ffffe049
ffffdfce
ffffe27f
ffffe953
ffffea4c
ffffec87
ffffeb76
ffffe9ec
fffff050
ffffeeb9
ffffe86c
fffff64c
ffffe6c7
ffffef41
ffffec7f
fffff1d4
fffff4d9
ffffda28
ffffdd7b
ffffe6f5
ffffe19c
ffffe35c
fffff06c
ffffdcc0
ffffd561
ffffc53a
ffffc663
ffffd1d4
ffffc44a
ffffbc65
ffffbffb
ffffb705
ffffce67
ffffdbf2
ffffdef5
ffffeab4
fffff4e9
ffffe33f
ffffe7e8
ffffe721
ffffe7c0
ffffe877
fffff319
fffffda5
ffffeee7
fffff59f
ffffefa4
fffff54e
fffff2d6
ffffd84d
ffffe7c9
ffffe7ab
ffffe3bd
ffffe1b9
fffff0f7
ffffe24b
ffffdf7d
ffffd711
ffffc079
ffffc0b7
ffffc2d6
ffffc1db
ffffbf00
ffffb4da
ffffc023
ffffd8f3
ffffe1c8
ffffe46f
fffff019
ffffe4b8
ffffed2f
ffffe98d
ffffe7f9
ffffe6e7
ffffef44
fffffce4
fffffcfb
fffff619
ffffeb84
fffff842
ffffface
ffffe5ff
ffffec1f
ffffe7f4
ffffe8c7
ffffebdd
ffffeeeb
ffffe485
ffffdc3b
fffff3fc
ffffd543
ffffcdd4
ffffc5d5
ffffd9a6
ffffc7f5
ffffc045
ffffd86f
ffffd8b2
fffff293
ffffef01
ffffd174
ffffd87a
ffffeb4b
ffffe3a1
ffffdfcf
ffffed68
fffff1b6
fffff1b0
fffffa9d
ffffebc8
ffffe3b8
fffff4cc
0000070f
ffffec1f
fffff4d9
fffff504
ffffed2d
fffff719
fffff2e1
ffffe252
ffffe712
ffffea17
ffffe19b
fffff0c4
ffffdb4f
ffffee24
ffffd73e
ffffe815
fffff7b8
ffffed92
ffffef51
ffffe979
ffffcf79
ffffc96d
ffffe5f3
ffffd8c8
ffffd6e5
ffffec83
fffff77c
fffff4f3
fffff15a
ffffdb2b
ffffe4ab
fffff443
000007c4
ffffea59
ffffed44
ffffea59
ffffd9f2
ffffe024
ffffe5a2
ffffe2e1
ffffe600
fffff620
fffff302
000003da
ffffdc26
fffff269
ffffd998
00000485
0000157e
fffff7d4
ffffeb42
fffff0d4
ffffeb4c
ffffe421
ffffd996
ffffce8c
ffffc7b6
ffffd3bd
fffff19f
fffff74e
ffffe99f
ffffd471
ffffe55a
fffffc95
fffffdb5
ffffe566
ffffe4fe
ffffe4f3
ffffd4b9
ffffced5
ffffd51b
ffffd7a6
ffffe818
00000169
0000004e
00000698
fffff463
00000d6c
ffffde8c
00001941
fffffe1e
fffff02f
ffffe013
ffffe76a
fffff814
ffffe954
ffffd716
ffffd99c
ffffd4fc
ffffd34d
ffffe63b
fffffe25
fffff7d8
fffff27d
ffffed95
fffffe67
00000403
ffffef78
fffff316
fffff55b
ffffe100
ffffcb0b
ffffd3a0
ffffd87a
ffffddda
fffff649
00000435
0000095a
000000d3
00000b1d
ffffeedf
00000d53
ffffe7f8
ffffe81a
ffffdf5e
ffffe652
ffffe68e
ffffd69e
ffffdfb5
fffff080
ffffe808
ffffd5d9
ffffd7fa
fffffb23
ffffecb2
ffffebe0
fffff2e5
ffffef70
000002dd
ffffe890
ffffeec4
fffff027
ffffe1a2
ffffd3a0
ffffda42
ffffdb45
ffffd668
ffffe57a
ffffefed
ffffe822
ffffecae
ffffef51
ffffe811
fffffa08
ffffdf97
ffffd9b5
fffff847
fffff1df
ffffea32
ffffd58c
fffffcaf
ffffe6f0
ffffe0b0
ffffeb2c
ffffeff8
00000949
fffff788
ffffec71
fffff75c
fffff397
fffffe4d
ffffda77
ffffd9b6
ffffd1a6
ffffd564
ffffd1ab
ffffe8f8
ffffe43f
ffffe9ad
fffff011
ffffe38f
ffffcae6
ffffd285
ffffd4ce
ffffd9a7
ffffebe1
ffffdb0c
ffffca3f
ffffe1d6
ffffeb72
ffffeccd
ffffe786
fffff9f9
fffff85d
ffffe725
ffffe752
ffffeceb
fffff6d8
fffff35d
ffffe773
fffff67a
ffffefde
00000012
ffffddab
ffffe7a7
ffffe5f5
ffffe968
ffffe65a
fffffa04
fffff617
ffffe6c3
ffffe6ae
ffffe62f
ffffd58f
ffffda4f
ffffdefb
ffffe055
fffffc70
fffff044
fffff13b
fffffd7c
ffffe967
fffff2f2
fffff148
ffffef26
ffffec81
ffffe9aa
ffffe8de
fffff52b
fffffd89
ffffea84
ffffe949
fffffe78
fffff310
ffffea6b
ffffda8e
ffffd295
ffffd37e
ffffd45a
ffffd635
ffffdb74
ffffda83
ffffdbf1
ffffdd7b
ffffd681
ffffda6c
ffffde3b
ffffdf56
ffffd04f
ffffd589
ffffce3a
ffffd61c
ffffd47d
ffffd133
ffffd9ad
ffffd92c
ffffd955
ffffd599
ffffcd95
ffffd367
ffffd096
ffffd7bf
ffffd1db
ffffdd3d
ffffe6d7
fffff0fb
fffff334
ffffe85e
ffffee1c
ffffe2ea
ffffe783
ffffec11
fffff08f
ffffef64
ffffe592
ffffe342
ffffe782
ffffeb62
ffffeaca
ffffe931
ffffea24
fffff15f
fffff34a
ffffeca9
ffffebb3
ffffeecd
ffffeeb0
ffffef13
ffffec7b
ffffeb14
ffffe60b
ffffe394
ffffe86c
fffff0ed
fffff04f
ffffecab
ffffdf8d
ffffffc1
fffff8c8
ffffef88
ffffe8d0
ffffdf8b
ffffe9ec
fffff3ce
fffff8f6
fffffa2c
ffffed11
fffff1ae
ffffedcc
fffff2f5
fffff794
fffff07a
fffff2e3
fffff1e3
fffffa2c
fffff4bb
fffff0ef
fffff5f8
fffff911
fffff2d3
ffffecb5
ffffe9f4
ffffe4e1
ffffdd42
ffffe5c4
ffffe913
ffffeb0b
fffff4a9
ffffdf6b
000000cf
fffff3f7
ffffec29
ffffebef
ffffe3af
fffff3b2
fffffa1c
0000038b
fffffb2d
fffff732
fffffdcd
fffffd93
00000195
000000e3
fffff16c
fffff30c
ffffeb22
fffff5b1
fffffacc
ffffff6f
00000082
ffffff47
fffff697
ffffefbd
ffffea9d
ffffe4fa
ffffe503
ffffea03
ffffea54
ffffec1b
fffff850
ffffe556
0000035b
fffffbf7
fffffb40
fffffc0b
fffff066
fffffec0
00000d2a
00000a46
ffffff49
fffffacf
000000d3
000001ef
00000340
000009e6
fffff96f
ffffef19
ffffed30
fffff468
fffffcb5
ffffff6e
00000499
fffffe18
fffffa25
fffffef2
fffffcea
fffff72a
fffff4e1
fffff452
fffff36c
fffff20a
fffffe9d
ffffedd6
00000b67
ffffff29
fffffc91
fffffb41
fffffca0
0000050e
00000640
ffffdd5c
ffffbff6
ffffc3ee
ffffe80d
fffff0a2
fffffe34
00000471
fffffeca
fffff30f
ffffed17
fffff2b2
fffff617
fffffcc3
00000f60
000000db
fffff9a9
00000013
ffffff69
0000016b
fffffc2d
fffff9a0
fffffebf
000005f1
0000097c
fffff7ce
00000e3b
0000041e
ffffff09
00000263
0000131b
00001ad9
000015a0
ffffe3f7
ffffa12b
ffff9749
ffffc61d
ffffee3e
00000142
00000081
00000502
ffffff54
fffff1fd
fffffcc7
fffffe58
00000dff
00001344
fffff7d1
fffff417
fffff28c
fffff837
000001fe
0000024b
00000340
fffffeed
00000432
00000f6a
fffff9a9
0000136d
00000bae
00000262
0000130a
0000280f
00001f45
00002919
fffff35e
ffffb2df
ffffc5ab
ffffdb54
00000394
000000dd
fffff945
00000691
00000f36
fffffee6
000006fa
00000420
00001383
00000f30
fffff7a3
fffff324
fffff401
fffffd01
00000570
0000093f
000006e0
fffffb5d
0000027f
00000882
fffff410
0000106c
00000294
fffffb2f
00000c5f
00002066
00001246
00000b23
ffffecbb
ffffe847
fffff06a
ffffee62
fffffec4
fffff986
fffff1c3
fffffa84
00000e62
fffffe79
00000255
000003ea
00000aaa
0000099e
00000b59
000010e7
ffffffa4
000002ae
0000076b
00000e87
0000059c
000001bb
000002c6
0000082a
00000732
00001b38
000000d3
ffffeee9
00000787
fffffcfe
ffffefbd
ffffedb5
ffffef78
00000c69
00000801
00000602
fffff581
ffffe7c6
ffffd80f
ffffdae7
fffffef5
00000741
fffffeb1
fffffbf7
fffffc0c
fffff5bc
fffff25a
00000244
fffffb8f
fffffc7f
000001b0
00000959
0000026f
fffffcb2
000001b8
000006f8
fffffc5c
00001d4c
fffffa0a
ffffdf3e
fffff108
ffffeeca
ffffea66
ffffe5bf
ffffea5d
ffffe9cd
00000ca1
000006c1
ffffe909
ffffdfe3
ffffcd4b
ffffd29b
ffffdce1
fffff820
fffffc6a
ffffed69
ffffe336
ffffdc55
ffffe23b
fffff3c7
fffff82c
fffff83a
ffffef87
fffffc5e
fffffb5d
fffff832
fffff414
fffff91f
ffffe029
000013df
fffffaa6
ffffe67d
ffffea83
ffffe87a
ffffd60a
ffffdae9
ffffe1cd
ffffee07
fffff617
fffff0a1
ffffdd46
ffffe64f
ffffe202
ffffd72d
ffffdaae
fffff1b4
ffffff69
fffffbab
ffffef68
ffffdca6
ffffde09
ffffe303
ffffdc28
ffffe597
ffffe4c3
ffffe506
ffffddc8
ffffdb6c
ffffde14
ffffe394
ffffca6b
00000237
000000e5
fffff571
ffffefcc
fffffa17
ffffe11e
ffffde96
ffffeb10
000001c1
ffffe3eb
ffffd875
ffffe166
ffffec34
ffffedb6
ffffe65e
ffffe8a9
ffffd9bd
ffffe9ab
ffffe66f
fffff685
fffff4f0
fffff11a
fffff39f
fffff3c0
fffff5c1
fffff4fb
fffff07a
ffffe4b8
ffffe35b
ffffe2b6
ffffeec6
ffffd3c3
000001d8
0000052e
fffff77a
fffff2fb
fffffba7
fffff768
fffffd7c
0000146e
00000dac
ffffe306
ffffcc4e
fffff10b
fffffd6f
ffffe623
ffffde51
ffffccf7
ffffc0c2
ffffc88c
ffffc530
ffffe2bf
fffff9da
fffffa37
fffff662
ffffeeb2
ffffeb92
ffffee66
fffff3b9
fffff063
ffffeb90
ffffe86d
fffff397
ffffdf7e
00000cc7
00000525
fffff6ec
fffff3a9
fffffa41
fffff520
fffff8f7
00001eaa
00000d21
ffffecb5
ffffde5b
ffffe664
ffffdeca
ffffcf6d
ffffbc05
ffffb2d1
ffffcbb6
ffffdcc6
ffffd4ce
ffffdb0f
ffffd8a3
ffffd088
ffffd4ec
ffffde24
ffffe06e
ffffe685
ffffedd7
ffffec98
ffffef4f
fffff16a
fffff225
ffffe37a
00000b4a
00000789
fffff7d6
ffffefeb
fffff6aa
fffff211
ffffee49
0000127a
00000e1a
ffffed9f
ffffd4d4
ffffc3e1
ffffbc20
ffffc247
ffffc57d
ffffcfd3
fffff188
fffffb33
fffff583
ffffda4e
ffffcbf9
ffffcc1b
ffffd013
ffffdaea
ffffdbae
ffffdd59
ffffe16f
ffffe97a
fffff803
fffffe16
fffff690
ffffef8d
000009b0
00000bd9
fffff9c8
fffff428
fffff27e
fffff13a
ffffe854
00000f9f
00000fc3
fffff48a
ffffdeb6
ffffca43
ffffb31a
ffffc289
ffffe4aa
fffff913
000001b4
000002c0
fffff27a
ffffe626
ffffe101
ffffe73f
ffffe624
ffffe2bf
ffffe13a
ffffeca6
fffff12d
ffffee25
fffff4ad
fffffbc6
ffffee95
ffffea45
00000202
00000c8e
00000028
fffff6dd
fffff9be
fffff423
ffffe8c9
00000677
00000c7b
0000095d
fffffe78
ffffee06
ffffd329
ffffe23b
fffffa3c
00000adf
00000008
fffffdcd
000002d2
fffffc6c
fffff849
fffff53f
ffffeacc
ffffe4cc
fffff577
fffff792
00000126
000003d2
fffff99f
fffff998
fffff22e
ffffe561
fffffee4
00000aa9
00000524
fffffb4c
000001ca
fffff930
ffffed77
fffffad2
000008ca
000016da
0000142e
ffffffe9
fffff329
fffff49f
fffffee7
000003ac
00000348
fffffdaf
0000059a
fffffda0
fffff150
fffff02c
fffff16e
ffffef9b
ffffefa5
fffff1e9
fffffd8f
00000878
00000a1f
00000320
fffff724
ffffe558
0000011f
00000b75
00000572
00000249
000003b0
fffffe73
fffff375
fffff622
000005c0
00001d82
00000ab1
ffffeca1
ffffe2e0
fffff0de
fffff3dd
fffff496
fffffe33
000002d4
00000455
fffffbd4
fffff0a4
ffffe9a9
ffffef9b
fffff0a0
ffffed28
ffffeee7
fffffd86
00000df4
0000096a
00000bbe
00000085
ffffedbd
00000761
000004a4
00000094
00000327
0000033f
ffffff68
fffff64b
fffff8d4
fffff50d
00001639
000008bd
ffffef8a
ffffd2fe
ffffdffd
ffffeb80
fffff4ad
fffffccf
00000255
000007fd
00000041
fffff386
ffffef67
ffffeec6
ffffef1c
ffffee76
fffff1d2
fffffae4
000012fd
0000142f
0000137c
0000062f
ffffeb0f
00000aa4
00000018
fffffb20
000000c9
fffffcfb
fffffc4a
fffff6bd
fffff3e4
ffffe5c8
fffff7a0
fffffcaf
0000069f
ffffeb6c
ffffdbbd
ffffe205
ffffed8f
fffff96a
00000614
0000003e
fffffd2f
fffff5b8
ffffed3e
ffffea62
ffffee1f
ffffeff7
ffffea2c
fffff0fc
00000ba4
00000fa2
000013e8
000007de
ffffec9b
000009a8
000006f2
ffffff3c
0000012e
fffff861
fffff82a
fffffa00
fffff523
fffff3d0
ffffd063
ffffeed9
000013a0
00000a10
ffffe53a
ffffc727
ffffc22f
ffffe013
ffffeab2
ffffe760
ffffeb91
fffff152
fffff51e
fffff79c
fffff1c3
fffff6b2
ffffe819
ffffeda0
00000f25
00000fd9
00001823
00000c1b
fffff2b4
00000bce
000003fe
fffff9c8
fffffd83
ffffee56
fffff21d
000003d2
0000007c
000004e7
ffffe202
ffffda11
0000085c
00001d70
0000006a
ffffc03c
ffffbb56
ffffdf01
ffffdac8
ffffcdc6
ffffccb6
ffffdf43
ffffebfd
fffffd9a
00000572
ffffff33
ffffe9db
ffffefbe
00000cf0
000009bd
00000b1e
00000aed
ffffeb2b
00000f6a
fffffe73
fffff0fb
fffff881
fffff2ff
fffff4d7
fffffef3
00000e60
00000c44
00000437
fffff343
0000081f
00001779
00001004
fffffe6c
ffffdfe4
fffff04d
ffffe83a
ffffe280
ffffcd49
ffffcb12
ffffde10
fffff706
0000152c
00000f4f
fffff2bb
fffffdee
00000f1e
00000177
000008b3
00000940
ffffe94a
00000b59
fffffc1f
ffffed71
fffff781
fffff62f
fffff1d0
fffffa26
fffff939
ffffffa9
fffffdee
fffffd52
000000fe
00000323
00000d86
0000104d
000007f8
00000bfc
000003db
fffffe7e
ffffebee
ffffd85d
ffffd1c8
ffffe676
00000e50
00000d3d
fffffdaf
00000d01
0000167a
ffffffd6
fffffed8
0000055d
ffffee6a
00001248
fffff947
fffff27b
fffff6aa
fffff058
ffffee2a
fffff2cd
ffffebd8
ffffeb15
fffff832
fffffa3e
fffffb63
fffff0cb
ffffed9a
fffff0d6
000002b6
00001daf
00001292
fffffb7d
ffffecb2
ffffed96
ffffe30b
ffffeaae
00000c7b
fffff59a
ffffee96
000007a7
00001457
fffffefe
fffff3cd
00000830
ffffec4c
00001698
fffffff3
fffffb2d
fffffe59
fffff0bb
fffff350
fffff3c8
ffffeea7
fffff727
fffff729
fffff785
ffffffc4
ffffe64c
ffffdb58
ffffcdd4
0000001a
000018ce
00000c3e
00000709
fffff2d4
fffff2ee
ffffe8d6
fffff120
00000806
ffffe2b1
ffffd413
ffffe9f4
00000ca2
0000089d
fffff896
fffffcd0
ffffee35
00001429
00000164
fffff1c9
ffffee37
ffffe80d
fffff4b5
fffff95e
fffff64b
ffffef89
fffff90a
fffffad1
000002aa
fffff03d
fffff24e
ffffdd07
fffff185
00000060
000004c7
fffffd5f
ffffefc2
ffffebd5
fffff1c6
fffff181
ffffee72
ffffe8ce
ffffec38
ffffdd90
fffff249
00000e79
00000c24
fffffb15
ffffeec3
000010ea
00000412
fffff4a8
ffffec7c
ffffe92e
ffffedf2
fffff891
fffffd11
fffffe50
fffff1ee
fffff663
fffffb55
0000009c
000012c0
00000ea2
0000113e
fffffd39
fffff5ae
fffffa32
fffff6e6
fffffa97
000001e6
fffffb05
ffffe2a8
ffffe02b
ffffe05c
ffffd842
ffffe29c
00000bef
00001912
fffffc6c
ffffe7cb
000011da
00001791
00000595
fffff99d
fffff859
fffff2a5
fffff9bd
0000025f
000001c3
fffffeda
fffffe5e
fffffc03
0000088d
00001b06
00001e65
00001444
0000108d
00000b38
fffffe8e
fffffcf6
ffffefec
fffff975
fffffaa8
ffffee75
ffffed89
fffff721
ffffe9f6
ffffe8c6
fffff518
fffff810
00000acd
ffffef3b
00000b1b
00000c53
fffff7a7
fffff8f9
fffff7d9
ffffee64
fffff16f
fffff093
fffff44f
fffff7ba
fffff890
fffff988
0000021d
fffffe9f
00000422
00000639
00000715
fffffa9a
fffff9ce
fffff56b
ffffecc1
ffffef6c
fffffacb
fffff678
fffffb80
fffff86d
fffffce8
fffff42d
fffffc1a
ffffeb5f
fffff9ef
fffff1df
000008d3
0000063f
fffffd89
00000915
00000efc
00000fc2
000010d0
00000e9a
0000081f
000004bc
000004af
000006a9
00000d9b
00000c0f
00000e4c
000010db
00000ff0
00001047
00000845
ffffff05
000002e2
00000681
00000672
000009fd
00000ab0
0000058a
00000a55
000001b8
00000126
000006e0
00001868
00000e0a
000018dc
000013a8
000020cc
000021d3
00001905
00001aba
00001c1b
000014b9
00001c4a
00002168
00001bdc
00001bec
00001ce2
00001a90
00001486
0000198f
00001c23
00001a35
0000181e
0000142c
00001444
00001a29
0000211a
00001cb3
00002041
00001c82
00001af5
0000179e
00001fed
00002489
00001db7
000018fa
00001098
00001388
00001d12
00002024
000012e2
00000ea3
000010a6
00000ee0
000015f3
000017e9
00001a46
00001d8a
00001dd8
00001e31
0000126a
00000ddb
0000161e
000016a6
00001754
0000146e
000009d5
00000f24
0000192a
000019fc
00001d14
00001b5a
00001552
00001264
00001075
00001331
00000c16
00001125
00000b86
000017c5
00001e49
000021c7
00001c7b
00001ec1
0000189e
00001b1d
00001739
00001621
0000168e
00002420
00002282
000025c0
000021d0
00001588
0000163b
00001c75
00002167
00001ac0
00001749
00001e0f
0000228e
00001cb3
00001ae8
00002103
00001f36
00001c04
00001c85
00002173
00001a99
000016e3
000007f4
000011db
000014dd
00001a7c
00001ec7
000016f0
00001211
0000282e
0000229f
00000d55
00000d9d
00001405
00001d10
00002044
000025da
00001a45
00000baf
00000d83
00001889
00001e91
00002016
00001bc2
00001873
00001a00
000017cf
00001969
00001c10
00001cc7
0000194b
00001d48
00001a07
0000191c
0000078c
0000148f
00001a21
00001c76
00001f66
000013fe
0000152f
00000a44
00000617
000027be
000030e3
00002863
00001ca2
00001958
0000205b
00001c0a
00000c3d
00000c99
000015db
00001f4d
00002249
00001853
0000146e
00001892
00001925
00001b49
00001d57
00001ff2
000017fb
000015aa
0000166e
00001971
000005af
0000188d
00001b2d
00001bce
00001f49
00001ecf
00000eb1
000005e9
0000216a
00005b11
00004f11
00003f68
00001eb7
00001184
00001fb3
000026b5
00001f55
00001698
00001b9a
00002246
00002778
0000207d
000011b8
000012a8
000017c3
00001a18
000020ae
000026ed
0000198b
000011b1
00000fcd
00001a19
00000865
00001a2d
00002436
00001a3d
00000fe3
00001b86
00000dfc
fffffed9
000034bd
00004fa6
000047c6
00003796
00001c7e
000011b6
0000236c
00002ebd
00002de6
0000247d
00001f88
00002359
00002b77
00002b46
00001db9
00001352
00001e9c
00001eab
00001ebf
00001c81
00001b80
00000fb6
00000e92
00001bf7
00000e90
00002838
0000332a
00002391
00000b81
00001318
ffffff71
ffffdf9d
000016f9
000035c7
000040d9
0000238a
00000de5
00001043
0000306a
000040bb
0000385c
000028b0
00002524
000029b3
000031c5
00003d9c
000028c5
00001825
00001f11
00002789
000026dc
00002327
000026ec
000023ca
00001dba
000020d7
00001291
000025d3
0000325b
00002ab6
0000155a
00000993
00000071
ffffefb5
00000b11
00003587
00003b67
00002bfa
00000aa9
0000021b
00003033
00004acb
00003ab3
00002bcb
00001db8
000017de
00001c6a
00002860
000029c7
0000224e
00001a15
00002068
0000220b
000029dc
00001c0c
00001d78
00001a0e
000008ed
000009ce
000024fe
0000248e
00001fae
00002737
00001922
00000af9
00000857
00000a32
00002578
00003ef1
000034b2
00001481
fffff62b
00001ed5
0000418d
00003ae1
00002ad9
00002288
00001239
00001240
00002055
0000278b
00001e8f
000028fb
00001f0f
0000218b
00002741
000019c5
00001950
00001862
00000e9c
00000785
000030bb
00002851
000022b7
00002908
000024c9
00001bf5
00002815
00000b92
00000cb2
00001b7f
00003276
00001756
fffffbb1
00000e0d
000024b3
000028de
00003368
0000212d
000013ab
00001970
00002000
00002453
0000220a
00002e2b
0000281b
0000293c
0000267e
00002074
000018ed
000018ea
0000120f
00000741
00003035
00002269
000029ff
0000237e
000027bd
00001fd4
00001f51
00001331
fffff0ae
fffff834
0000122d
000010ec
00000923
00000c6a
0000218f
000031d8
00003499
000005b7
fffffaee
0000053d
00000e81
000012d9
00001761
00002137
00002550
00002394
000024de
00001f8b
00001e10
0000167c
0000136a
0000062d
000031c3
00001f64
0000273b
00001eb5
00002709
000024fd
00002302
0000197d
fffffcaa
fffff9f4
00000404
000004ff
00000932
00001631
00003408
00004e48
0000513c
00001cf4
fffffc5d
00000b2b
00000d06
0000063b
00000685
000006db
00000a3c
0000120a
00001414
000018e0
00001d81
000017db
00000f51
000006c8
00002fb6
00001d94
00002595
00001ab6
000025c7
00001797
00001b3c
00001167
000015cb
00001513
0000151b
0000059f
00000897
0000335a
000053c6
00004ced
00004504
00003d73
000026c3
000023b1
00003414
00002e12
00002c51
00002ab0
000029e6
00001722
000008c5
00001ea2
0000284b
00001b3e
0000105a
00000609
00002d6d
000018ec
0000239f
00002277
00002530
00001a52
00001fb1
00001640
0000204d
00001931
00001f27
00000d79
000009d3
000047e4
0000637c
0000477e
000034f9
00002ec4
00003368
000035d2
00004c1a
00004b6c
000041ee
00005166
00004e00
00003144
000014d0
00001986
000021ca
000010d4
00000c57
000001f5
00002b32
00001bc9
00002d3e
000029c3
00002edc
000022e2
00002230
00001152
00000fd3
0000127e
00001b92
00001a80
00001e08
0000394f
00003c7d
00003118
00002072
00001d43
00002b96
0000346b
00003b01
00003c79
000037b2
00003711
0000477e
00004b0e
00002d5a
00000b3a
0000152e
00000d0a
00001130
000001f1
00002945
00001e32
00002cf0
00002f2d
0000347c
000029af
00001f46
00000172
000004a7
0000084c
0000167e
00002c85
0000491e
00003304
00001c3c
00001faf
00001bb5
0000167c
00001bcc
00002169
00002526
000023b8
00002732
000026c0
000039f3
00003d85
000030db
00001192
00001320
00001472
00001c94
0000065a
0000281a
0000221b
00002b1c
00003093
00003d01
0000305b
00002307
fffffc4d
fffffa9b
fffffaef
00000372
000014c7
00003d9f
000033e5
00001f3b
00001541
00001a3f
00001541
000014a9
00001ba4
00001c9e
0000194a
00001c15
00001a96
00002ac3
00002ece
00002c2d
00001bf8
00001226
00001970
000020ac
000006c0
0000247b
00002010
00002764
000029b8
00003a1a
000031ae
00002696
000003b5
fffff475
fffff66d
00000340
0000085f
00001ce3
000038e9
00002d05
00001a25
00001efb
00001557
00001577
000015ac
00001338
000014c1
000018bb
0000178a
00002391
0000201a
000024ed
00001b47
000016ae
00001e14
000024fd
00000918
00002415
00001bff
0000257c
0000221c
00002eae
0000358a
00002b40
0000142b
fffff22c
fffffe7c
000017cf
00000fc6
00000bd9
00001db6
00002d68
00002b75
000027e4
00001781
000016c1
00001214
0000116e
0000144f
000018aa
000018de
00001a7e
00001a21
00001f4a
00001a3b
00001681
00001d62
000024d8
00000e61
00002857
00001efd
00002562
000020e9
000026ac
00002efd
00003350
00002648
00000379
000000de
00002ed2
000018fd
00000449
fffffe1e
00001d86
00003926
00002ffd
0000214d
00001665
00001724
000010e8
0000157d
00001801
00001b8d
00001c7b
00002148
0000205f
000014cd
0000155a
000016b8
00002347
00001110
000025d4
000021dd
00002c23
00002240
00001e1b
000023c7
00003643
000036cb
00002451
fffff834
00001830
00001ee7
000010fb
00000058
00000355
000022e6
00003c8c
000033f7
0000193a
00000e62
00000c53
000019b8
0000184f
00001f0d
0000246e
00001e59
00001901
0000102b
000014ae
000015b4
00001f6b
000013eb
000022cc
00001f77
00002a05
00001fce
00001c95
00001975
000023b3
00002eb2
00003c43
00000e44
00000a4c
00001514
0000200c
0000149a
0000193d
00001836
00003118
00003a0e
00002705
00000d79
000015da
0000166d
000017d4
00001d00
000021df
00001c23
00001559
00000c39
00001196
000013c9
00001de6
00001430
00001c6c
00001e58
0000242b
00001ee9
0000153e
000007d7
00001387
00001b6f
00001c94
00001c40
000012ad
00002281
00002d5e
000025fe
00003153
000012bb
00001429
000021dc
00002333
0000134d
000018de
00001fd8
0000079a
00000ca7
000020e8
0000223f
000012cd
00001621
0000185d
000014b8
00002302
0000143a
0000172f
00001284
0000180f
000010be
00000bad
000002a4
00000331
00000770
00001332
00001742
000014c8
0000138c
00001206
00000c5b
00003dc7
000028ca
00000ea4
000008a7
00001056
000002a9
fffffb27
00000f44
00000c4d
00000c16
00001fe8
000024c4
00000d3f
0000142f
000017e2
00001d3f
0000222b
00001475
00001746
000016e8
00001476
00000a9d
00000e4d
000013df
00000dc9
00000bee
00001358
00000de8
00001314
fffffdf3
fffffd62
ffffe80e
00001811
00002643
00002000
000016a3
00000836
0000081c
000000b8
fffff6ed
00000684
00000e47
00001de4
000021c7
00001045
00000b18
0000055f
00001269
00000cff
000009f1
000013a3
000008af
00000167
0000044c
00000e95
00001d5f
0000211f
000020eb
00001f38
00001712
000013a9
ffffff8b
00000132
fffff46b
fffffe96
00000764
00001bef
00001fec
00001da2
00001f7f
00000ead
ffffff74
00000379
fffff6d2
fffffdad
000023da
0000287f
0000124b
000008fb
000003d4
000009c6
000002ba
00001cc7
00000f36
0000012a
00000b26
00001373
00001aaf
0000220b
00001f1a
00001cbd
000018fd
00000229
fffffafb
0000154b
00000fd7
000014fa
fffff72d
000000a0
0000153e
0000180f
00002417
000029e7
00001b27
fffffbf4
fffffb8c
fffff584
0000003f
0000102d
0000215c
00001266
fffffed8
0000109b
00000739
00002720
00001530
0000151e
000011e7
000017d6
00001a2f
0000150a
0000141c
000010ce
000005d5
00000124
fffff816
00000e7b
00001c58
00001aa9
0000034c
00000c48
00002115
00001637
00000f1c
00001e7e
00001364
000002e5
fffffd18
fffff339
ffffea72
ffffeb90
000009aa
00000c9e
0000112b
00001341
00000354
0000214a
000018e4
00001686
000018d2
00001e69
0000191b
0000026c
00000601
00000c79
00000a62
00001098
000017eb
00000f8a
0000128c
0000145a
000003ed
000013c9
00002afc
00002239
00000d62
00000d47
00001567
0000084e
000010af
00000595
fffffa7c
fffffbff
0000035f
00000a20
00000e07
0000151b
00000581
00001847
00000dc1
0000079d
000005e0
00000d5d
00000fa2
fffff3fe
fffffa23
00001300
0000046b
0000000a
00001404
00000c7d
00000a68
00001300
00001406
00000c30
000012d7
00001278
000011fe
00000258
fffffa65
000005b2
00000c2a
00001973
00001413
000018d4
0000190a
0000143f
00000241
fffff73f
fffff5ac
00000be3
00000d71
0000199f
00001470
000014f7
00001438
00001244
00001136
000017c5
0000196f
00000ecd
000011a6
000013aa
00001538
00001cae
0000214c
00001101
00000ae8
00001085
00001155
00001073
0000009e
00000351
000011e6
00001b31
00002391
00001d74
00001c18
00001662
0000069c
00000368
fffff812
ffffee16
fffff445
ffffe834
ffffea95
ffffeb21
ffffebff
fffff1c2
ffffeed1
ffffe902
ffffea39
ffffeb38
ffffef6f
ffffefc8
ffffef93
ffffe95a
ffffe563
ffffed61
fffff4ff
fffff4d3
fffff3d3
ffffed22
fffff015
fffff798
ffffedf6
ffffe24c
ffffeac0
fffff048
ffffedf6
ffffe56a
fffff4e8
fffffc1e
ffffef5f
ffffe4b0
ffffedbd
ffffdb71
ffffe01c
ffffde0d
ffffdf35
ffffdf62
ffffddf6
ffffd739
ffffdd09
ffffdfd8
ffffe0f3
ffffe329
ffffe102
ffffe06c
ffffd945
ffffdfeb
ffffe685
ffffee2f
ffffea26
ffffe1ce
ffffe5db
ffffee75
ffffe2e2
ffffda5f
ffffe10a
ffffe562
ffffe2b6
ffffe10c
ffffec24
fffff361
ffffe99d
ffffe408
ffffe23e
ffffdb30
ffffdf6a
ffffe120
ffffd6da
ffffcce4
ffffd242
ffffcc18
ffffc39a
ffffc9d3
ffffcdb7
ffffddc7
ffffe171
ffffe364
ffffdce9
ffffe048
ffffdecb
ffffdb7b
ffffdabf
ffffd30d
ffffd535
ffffdf15
ffffdaa2
ffffdcc6
ffffdd98
ffffe14e
ffffe379
ffffdc96
ffffdf62
ffffe812
ffffe431
fffff0b2
ffffed82
ffffe3a4
ffffe796
ffffed23
ffffea18
ffffe67b
ffffcb58
ffffb072
ffffa77e
ffffaf30
ffffc3a0
ffffdf99
ffffee5f
fffff031
ffffed3a
ffffeab8
ffffeac8
ffffe9bf
ffffdee9
ffffcfbb
ffffd21d
ffffdd91
ffffd9e9
ffffdef2
ffffdd94
ffffe4f7
ffffe993
ffffe86a
ffffee20
fffff666
ffffe8e3
ffffeb0f
ffffe9f2
ffffd644
ffffe1c9
fffff550
fffffae0
fffffbb5
ffffdccb
ffffbe4a
ffff93f3
ffffa872
ffffc555
ffffd87e
ffffe6d3
ffffec28
ffffe76f
ffffe8c1
ffffea7b
ffffed42
ffffe7ff
ffffe081
ffffdad0
ffffdf93
ffffd465
ffffda35
ffffde91
ffffe44f
ffffe531
ffffe5b3
ffffef1f
ffffefa9
ffffe79f
ffffde98
ffffe1c1
ffffd22d
ffffdeae
ffffe75a
fffff183
ffffea17
ffffd87e
ffffd2db
ffffa50a
ffffc5c0
ffffcdbd
ffffcfd8
ffffd341
ffffdb89
ffffd743
ffffdd09
ffffe29d
ffffe3fa
ffffe078
ffffe28d
ffffe502
ffffdd16
ffffcf96
ffffcc36
ffffdc1d
ffffe417
ffffe7c8
ffffe5c1
ffffe8c2
ffffe609
ffffe72c
ffffd73f
ffffcf5d
ffffc3a3
ffffd40a
ffffd8c8
ffffe959
ffffd6fc
ffffb721
ffffb477
ffffbd5b
ffffdba1
ffffe83c
ffffd5b6
ffffc78f
ffffd041
ffffc3a6
ffffcbbe
ffffd84c
ffffddcd
ffffd6bc
ffffd661
ffffe1f3
ffffda34
ffffcd98
ffffc74f
ffffd8dc
ffffd5fc
ffffdc80
ffffe213
ffffe35e
ffffdca3
ffffe571
ffffe9b3
ffffcfcc
ffffc4c6
ffffd79c
ffffd7d5
ffffda94
ffffd4e5
ffffde09
ffffb6d0
ffffc8de
ffffdd28
ffffe346
ffffdcac
ffffd5f8
ffffd106
ffffdd7d
ffffd1af
ffffd5a8
ffffde08
ffffd7aa
ffffce0c
ffffdbca
ffffd2bb
ffffc43a
ffffc818
ffffcad3
ffffd059
ffffcb4a
ffffd864
ffffd700
ffffd358
ffffd106
fffff8df
ffffefcd
ffffe512
ffffef4c
ffffe6c6
ffffea96
ffffdb0d
fffff01a
ffffce60
ffffd9f0
fffff227
ffffd3e8
ffffcfc7
ffffe020
ffffd91f
fffff7c3
fffffac8
ffffe428
ffffe78d
fffff06c
ffffeec5
ffffe48e
ffffe1f0
ffffecaa
ffffdf9e
ffffd4cf
ffffdac6
ffffd817
ffffe030
ffffe8d5
ffffee25
ffffcf98
fffff310
fffffa2a
ffffe52d
0000061e
00001d76
0000109c
fffff362
ffffd635
ffffc500
ffffd601
fffffcf5
ffffdebe
ffffe33f
ffffec9d
ffffe5cd
fffff144
00000ed5
000000d5
fffffdad
00000121
fffffb79
ffffe739
ffffe501
fffff4e7
fffff47b
ffffe735
ffffe070
ffffe33c
ffffe323
fffff38c
ffffff3f
ffffdc1f
ffffe27f
ffffec42
ffffdc2c
fffff7de
0000121a
0000194d
fffff174
ffffcfa4
ffffc2cd
ffffdb12
fffff27f
fffff02a
fffff886
fffff403
ffffe6db
ffffe242
ffffef00
fffffc30
fffffaf0
fffffcdb
fffffcbe
ffffeeaa
ffffe4fa
ffffeebd
fffff0eb
ffffefea
ffffe66e
ffffe6ad
ffffe189
fffff357
fffff28e
ffffe716
ffffdb7b
ffffe2a9
ffffcc35
ffffe6fb
fffff84a
0000148b
fffff125
ffffc96a
ffffc9f5
ffffe7e9
ffffdee4
ffffd42a
ffffde59
fffffa16
ffffe039
ffffc1de
ffffc62b
ffffe778
ffffec1e
ffffec95
ffffe680
ffffe415
ffffe204
ffffe89a
fffff207
fffff1a3
ffffe5ef
ffffe049
ffffd59d
ffffe2fa
ffffe71c
ffffe90c
ffffe3fa
ffffe633
ffffd105
ffffe7fc
ffffece7
fffff8ee
ffffec05
ffffbf6f
ffffd2e0
ffffedf7
ffffd9b9
ffffd029
ffffe23e
ffffddf1
ffffc625
ffffa74c
ffffb114
ffffccd6
ffffda37
ffffd8a0
ffffc74f
ffffc886
ffffce3e
ffffd8a4
ffffe234
ffffe825
ffffe97c
ffffe022
ffffdbe0
ffffeb33
ffffe7d2
ffffe8c3
ffffea86
ffffee6b
ffffd4cb
ffffeab4
fffff223
ffffeb5c
ffffeb56
ffffcb91
ffffd1d6
ffffec26
ffffe2e6
ffffe535
ffffddc9
ffffd7f6
ffffb8ef
ffffbabc
ffffc494
ffffc981
ffffe34b
ffffd2f4
ffffbacb
ffffb540
ffffb4a1
ffffb18b
ffffbe0b
ffffcaf0
ffffd174
ffffd939
ffffe38d
fffff101
ffffea88
ffffe80d
ffffea47
fffff3f6
ffffd899
ffffe98c
ffffe9fc
ffffead2
ffffebc8
ffffc9c6
ffffd2e4
ffffed2a
ffffec10
ffffef3a
ffffda16
ffffc9f1
ffffbe95
ffffb760
ffffcdc4
ffffdab3
ffffe3ba
ffffe118
ffffe571
ffffdf09
ffffcb1e
ffffc55a
ffffc889
ffffcfeb
ffffd971
ffffd692
ffffe649
ffffedca
ffffe50b
ffffe749
ffffeacf
fffff665
ffffdf3a
ffffed0c
ffffe95c
ffffee6b
ffffed93
ffffd6cc
ffffd356
ffffdf3c
ffffe12c
ffffdd2c
ffffd772
ffffd29d
ffffcd94
ffffcb34
ffffdc64
ffffe0f4
ffffdfc2
ffffebf1
ffffeba2
fffff4ac
fffff4d0
fffff42b
ffffec85
ffffdf62
ffffd9ca
ffffe509
ffffe820
ffffeb38
ffffe287
ffffe714
ffffe88a
ffffefee
ffffe31d
ffffed9d
ffffe9a7
ffffed04
fffff0b7
ffffe01c
ffffd73f
ffffd0e5
ffffd6ab
ffffdbda
ffffd10e
ffffdae5
ffffd478
ffffdd89
ffffe442
ffffe104
ffffe3da
ffffec9c
ffffea39
fffff184
fffffb21
fffffc83
fffffc62
fffff5fe
fffff185
fffff253
ffffe952
ffffe8e8
ffffe6b2
ffffe6c2
ffffe363
ffffef59
ffffde8f
ffffe4d4
ffffe78d
ffffec39
fffff110
ffffe08c
ffffdbe8
ffffd3ad
ffffd4b5
ffffde1d
ffffca40
ffffc9c2
ffffdfe7
ffffe3d9
ffffe263
ffffde62
ffffe32e
ffffe687
ffffe45e
ffffe7ba
ffffefbf
fffff60d
fffffa75
fffff4d8
fffff7d4
fffff042
ffffe643
ffffe072
ffffe610
ffffe537
ffffe242
ffffeb6a
ffffda16
ffffdcaa
ffffdce3
ffffeb37
fffff7d1
ffffee76
ffffe0f0
ffffea53
ffffd86b
ffffd6a6
ffffbcb7
ffffc912
ffffe311
fffff096
ffffe196
ffffe07c
ffffe068
ffffe4f0
ffffe5f0
ffffe858
ffffef3d
fffff30c
fffff51f
fffff0bb
fffff399
ffffe8b4
ffffddc5
ffffda64
ffffe2dc
ffffe70b
ffffe0f9
ffffe9f6
ffffd5f5
ffffdbeb
ffffd731
ffffe9ec
fffffae0
fffffa4f
ffffe36c
ffffef41
ffffece9
ffffdfae
ffffcc55
ffffcc1e
ffffecb6
fffff73c
ffffe14b
ffffe21e
ffffdef1
ffffe257
ffffe451
ffffe56d
fffff168
fffff57d
fffff3eb
fffff28e
ffffee29
ffffd872
ffffd568
ffffd6cd
ffffdf37
ffffe1ed
ffffddf8
ffffebae
ffffd680
ffffd870
ffffd3bc
ffffe19a
fffffe8a
0000051f
ffffefbf
ffffe6ad
ffffee4f
ffffe7fe
ffffd101
ffffd53c
ffffd4d6
ffffeb6d
ffffdfd4
ffffe3e3
ffffe36a
ffffe3ea
ffffe89c
ffffebb5
ffffebdc
ffffeeb0
ffffeac3
fffff1b8
fffff3eb
ffffdc5d
ffffd66c
ffffd689
ffffd691
ffffdcae
ffffd775
ffffe2f1
ffffd347
ffffd11e
ffffd09e
ffffd6c3
fffff287
00000690
fffffe73
ffffea50
ffffe5dc
ffffde8b
ffffd19a
ffffcf28
ffffd336
ffffc91f
ffffdec1
fffff100
fffff13e
ffffeee7
ffffec35
ffffe5d6
ffffe0e0
ffffe4d5
ffffe5d5
ffffec9b
fffff4c6
ffffe236
ffffd99c
ffffdb59
ffffd2c3
ffffd834
ffffddce
ffffe129
ffffd2d5
ffffcf4c
ffffd4d0
ffffd8a1
ffffe89c
000000fb
0000091a
fffff48a
ffffcc76
ffffc5a1
ffffb6af
ffffc14a
ffffd112
ffffc761
ffffc4e0
fffff28e
0000006a
fffff3d4
ffffeac9
ffffe342
ffffe525
ffffe8df
ffffe74a
ffffef97
fffff53c
ffffe1af
ffffd6df
ffffdca2
ffffd57a
ffffd692
ffffe38e
ffffe261
ffffd549
ffffda31
ffffe02c
ffffe79b
ffffe910
fffffd6f
000013b8
000006d5
ffffeee7
ffffca05
ffff9acf
ffffb75f
ffffccab
ffffc16a
ffffd0b5
ffffd996
fffff48f
fffff978
fffff0a9
ffffe686
ffffde80
ffffe73e
ffffe08c
ffffe8f3
fffff0b7
ffffe6b2
ffffd4d1
ffffdb9b
ffffd8d3
ffffd8be
ffffe696
ffffe4d2
ffffe0ae
ffffe0f6
ffffeac8
ffffef65
fffff1ac
fffff19b
fffff60d
00000773
0000047d
fffff93d
ffffd15d
ffffdb70
ffffd7be
ffffca5c
ffffcc58
ffffe05a
ffffed55
fffff8e3
0000023e
fffff04f
ffffeb0a
ffffdcdd
ffffc4dd
ffffd360
fffff097
fffff9a9
ffffe7c2
ffffee9c
ffffe064
ffffe40d
ffffea66
ffffeecf
ffffe06a
ffffe7e6
ffffeb51
fffff2dc
ffffee66
fffff46a
fffff1e6
ffffee38
00000c6a
00001341
00001bb5
00001c07
00000686
ffffd3fa
ffffcc7e
ffffdb7d
ffffe9ad
ffffeb60
0000036c
fffffe13
fffff3d4
fffff050
ffffe153
ffffe166
ffffe476
ffffff19
fffff589
fffff837
ffffe465
ffffdd42
ffffe90c
fffff145
ffffe1be
ffffecc9
ffffe4c2
ffffeaf0
ffffeb9b
fffff08e
fffff85d
ffffe9f1
0000004d
00001026
000021a3
00001059
00001768
ffffe5a3
ffffd77f
ffffdaaa
ffffe574
ffffda04
ffffddf8
ffffe970
ffffee19
ffffffa7
fffff2c5
fffffdda
fffff6e6
ffffef95
ffffeb32
fffff511
ffffe09c
ffffde43
ffffe2f4
fffff3be
ffffe564
ffffe918
ffffdfe6
ffffe0f6
ffffdb8b
ffffe7ec
fffff5b8
fffffa64
fffff740
000000dc
00000493
fffffcec
00000598
ffffe642
ffffdb0b
ffffd69d
ffffd2bc
ffffe0e4
ffffe1a8
ffffed0f
fffffa46
000000ad
00000580
00000f93
0000078b
000000cd
ffffed09
fffff87c
ffffee17
ffffe7da
ffffe3f9
fffff081
fffff18f
fffff2b6
ffffe0ca
ffffdbf1
ffffe19c
fffff1b8
fffffe16
fffffd72
fffff908
ffffeaa8
ffffe819
ffffde72
fffff17b
ffffed3c
fffff6ad
ffffd41f
ffffd120
ffffda7c
ffffebcb
ffffe55f
ffffeea3
fffff6e1
fffffa23
fffffd6f
000011a9
00000e42
ffffe940
ffffe8a7
ffffea91
ffffd837
ffffdf01
ffffecfe
ffffeafa
fffff5bb
fffff086
fffff1ad
fffffaba
000007df
00000d92
0000007f
fffffa0f
ffffeeb1
ffffdcc2
ffffef90
fffffe95
fffffcde
000007f1
fffff7c3
ffffe8a4
fffff064
fffff738
ffffef23
fffff904
fffffefb
fffff3ee
fffffaf8
00000727
00000217
fffff451
fffff798
fffff32b
ffffe7c8
ffffe01a
ffffe8b7
ffffd9db
ffffe992
ffffe4fc
ffffeaaf
ffffe458
ffffdc67
ffffd910
ffffd968
ffffde4e
ffffe983
ffffddf0
ffffd743
ffffda98
ffffd484
ffffdb3c
ffffe76d
ffffd08e
ffffdafd
ffffdbf5
ffffe39c
ffffd634
ffffd43b
ffffbef4
ffffb322
ffffbb42
ffffd2fd
ffffd50f
ffffe95d
ffffee41
ffffe56f
000001c5
fffffa66
ffffe780
fffff27b
fffff453
0000033d
0000031c
fffffb9a
fffff7ac
ffffee07
fffff0bd
fffff743
fffff147
fffff20d
fffff571
ffffed3a
ffffee51
fffff7a0
fffff5f0
fffff037
fffff621
ffffec84
ffffeb88
ffffeb42
ffffeec6
ffffe370
ffffe5f4
ffffe2b4
ffffe1c9
ffffe9d0
fffff202
fffff490
fffff4eb
fffff670
fffff2bb
fffff58a
fffff73e
ffffee61
ffffee10
fffff1b5
fffff100
fffff144
ffffeec0
ffffecbe
ffffeea1
fffff0b7
fffff262
fffff10c
ffffee30
ffffed0e
fffff160
fffff47d
fffff371
ffffefae
fffff5a3
fffffcb2
fffff5e2
fffff41e
fffff562
fffffc29
fffff51f
fffff1c4
fffff9bc
fffff64c
ffffc025
ffffc4bb
ffffca3a
ffffc5ae
ffffbf88
ffffc0d5
ffffc399
ffffc5cc
ffffc004
ffffc527
ffffcad0
ffffbaa5
ffffbef3
ffffc3cd
ffffc3d2
ffffbd2d
ffffb9ea
ffffc1af
ffffc3d1
ffffbda9
ffffbf4f
ffffbebf
ffffb9ca
ffffbffd
ffffc3d4
ffffc37f
ffffc17e
ffffc893
ffffc149
ffffc363
ffffcef9
ffffd9ef
ffffc089
ffffc8d5
ffffd307
ffffcaee
ffffc870
ffffc660
ffffd4b5
ffffe890
ffffe43f
ffffd942
ffffd58f
ffffc981
ffffc764
ffffc9a0
ffffbf4d
ffffbb73
ffffbd4b
ffffc981
ffffc325
ffffc3f2
ffffc4d2
ffffc036
ffffbca7
ffffc449
ffffcd15
ffffcaeb
ffffc5ad
ffffc727
ffffcd7e
ffffcd03
ffffcca5
ffffd74f
ffffbd98
ffffbdb0
ffffc576
ffffbf28
ffffbf14
ffffb700
ffffcc67
fffff9c7
fffff4ba
ffffe6a0
ffffc862
ffffc041
ffffc317
ffffc953
ffffba7e
ffffb610
ffffb6e7
ffffc58e
ffffc797
ffffbc74
ffffbde9
ffffc18e
ffffbdba
ffffbeff
ffffbf57
ffffbacc
ffffb918
ffffbae0
ffffc6a9
ffffc85f
ffffbf9f
ffffd209
ffffbe74
ffffbc97
ffffc2de
ffffba3b
ffffaf9d
ffffa311
ffffd371
ffffcf4c
ffffd484
ffffd680
ffffbd1b
ffffb3d3
ffffba39
ffffc679
ffffc3f2
ffffbbd7
ffffb878
ffffc085
ffffcb77
ffffc281
ffffb9a9
ffffb709
ffffbc20
ffffbef9
ffffbc68
ffffb6f8
ffffb77d
ffffb1fc
ffffb93f
ffffc1d6
ffffbd6b
ffffd5d8
ffffc302
ffffbc6c
ffffc318
ffffbeb8
ffffb0c0
ffffb281
ffffa76c
ffffa285
ffff8ca6
ffffc25c
ffffcd9d
ffffbf81
ffffbbe7
ffffcde7
ffffcc9f
ffffc5fa
ffffc3ae
ffffbc76
ffffc83c
ffffc611
ffffc335
ffffbdd1
ffffbc3b
ffffba77
ffffbbd1
ffffbda4
ffffbd2c
ffffb31a
ffffb4c8
ffffbf00
ffffc270
ffffd867
ffffcbb3
ffffc4fc
ffffcbff
ffffc72b
ffffb21c
ffffa65c
ffffa8ec
ffff7188
ffff7de6
ffffce0c
ffffd48b
ffffc55b
ffffd059
ffffd664
ffffcb4b
ffffc635
ffffc663
ffffc300
ffffc659
ffffc97d
ffffcc0b
ffffd15e
ffffc658
ffffc0fc
ffffbfe6
ffffc3bf
ffffc55b
ffffc0f4
ffffc02d
ffffbe41
ffffc0af
ffffd7c5
ffffca3d
ffffc4fe
ffffd436
ffffd3a2
ffffc801
ffffb2ed
fffface4
ffff7303
ffffa572
ffffc399
ffffc9ea
ffffcd8b
ffffdcd5
ffffd681
ffffc97f
ffffc015
ffffb862
ffffc0d9
ffffc712
ffffca4b
ffffd178
ffffd945
ffffd71a
ffffc6cd
ffffc28e
ffffca0c
ffffcb59
ffffce2c
ffffc8e0
ffffc869
ffffc9a5
ffffdb85
ffffc28f
ffffbe4c
ffffc772
ffffd593
ffffbefe
ffff90c9
ffff86e1
ffff85a8
ffffc4aa
ffffd804
ffffc8f1
ffffd584
ffffdbfa
ffffdd08
ffffcee4
ffffbb69
ffffb947
ffffad2a
ffffaa9f
ffffb56a
ffffc476
ffffbd98
ffffc9b2
ffffbe2b
ffffacdb
ffffc114
ffffc385
ffffc662
ffffc00e
ffffc868
ffffc38c
ffffd4f1
ffffbb29
ffffc260
ffffcf03
ffffcb05
ffffb92b
ffff9d67
ffff7812
ffff8853
ffffca0c
ffffd223
ffffc8cb
ffffcb09
ffffb654
ffffbec1
ffffe19f
ffffd40f
ffffc5fe
ffffa863
ffff97f6
ffffa32e
ffffb5da
ffffb6b4
ffffbb62
ffffbdb6
ffffb864
ffffbcfa
ffffc317
ffffc4e5
ffffbc66
ffffc165
ffffc204
ffffd054
ffffb6eb
ffffbe54
ffffd797
ffffcec2
ffffbe8b
ffffc872
ffff9af7
ffff9604
ffffac12
ffffc52e
ffffafb9
ffffafae
ffffaeac
ffffc015
ffffec42
fffff1e8
ffffe1b6
ffffb6e3
ffffb090
ffffb682
ffffbca1
ffffbda0
ffffbfc3
ffffbba0
ffffc0cb
ffffc035
ffffc42e
ffffc77b
ffffc31a
ffffc223
ffffc841
ffffd642
ffffafdf
ffffb12e
ffffda8b
ffffcde8
ffffcddf
ffffd830
ffffc321
ffffa3af
ffffa418
ffffa338
ffffb11b
ffffb1a5
ffffcee3
ffffdf44
ffffe960
fffffba5
ffffe789
ffffcb72
ffffcc3e
ffffceb7
ffffc7a7
ffffba10
ffffb968
ffffbb93
ffffbb7f
ffffb9ec
ffffba52
ffffbef9
ffffc503
ffffc311
ffffc8ac
ffffd6eb
ffffaef3
ffffaf4d
ffffd36e
ffffc365
ffffd087
ffffc9f9
ffffceb1
ffffbc1e
ffffb1c7
ffffbe07
ffffcd3f
ffffcba9
ffffda7a
ffffd8f4
ffffca95
ffffcb36
ffffba83
ffffb2bb
ffffc8e9
ffffd803
ffffd6ac
ffffc4a6
ffffc050
ffffb98b
ffffbb95
ffffb781
ffffb13a
ffffb352
ffffc260
ffffc3e7
ffffc2aa
ffffd90e
ffffb0bc
ffffb00d
ffffcecf
ffffbc63
ffffc3e7
ffffbfba
ffffb197
ffffa174
ffffafb6
ffffcd96
ffffe80c
ffffb8af
ffffb771
ffffb414
ffffac8b
ffffa41d
ffffa216
ffffb852
ffffd48f
ffffd4d0
ffffbf5d
ffffb62c
ffffba4d
ffffb2dd
ffffb603
ffffbcf8
ffffac53
ffffb53f
ffffc24e
ffffc03f
ffffb908
ffffd787
ffffb768
ffffba89
ffffceee
ffffc3c1
ffffbe01
ffffaf44
ffff9981
ffff9546
ffffac9d
ffffbdfb
ffffe31a
ffffacb7
ffff9723
ffffa051
ffffba85
ffffb7bd
ffffac15
ffffba56
ffffc245
ffffb240
ffff9fa5
ffffadc7
ffffb2f5
ffffb349
ffffbec6
ffffc09b
ffffb02c
ffffaab9
ffffbb95
ffffba6c
ffffb3ea
ffffd680
ffffba25
ffffbb8a
ffffcf6b
ffffc624
ffffbcfd
ffffa8ab
ffff9118
ffff8b6e
ffff9a88
ffffc41a
ffffe7ac
ffffe332
ffffb938
ffffa1cf
ffffb777
ffffb712
ffffb1b4
ffffb8a1
ffffb73e
ffffbda5
ffffbe8a
ffffc646
ffffbf8b
ffffb04d
ffffb019
ffffb3cf
ffffa7ce
ffffaae6
ffffbe05
ffffc0db
ffffb321
ffffd648
ffffc090
ffffbfac
ffffd139
ffffc2ce
ffffbbc2
ffffa987
ffff9689
ffff8a61
ffff9e8d
ffffc9ad
ffffe454
00000d74
fffff4da
ffffcb42
ffffb3bf
ffffb3e5
ffffb04d
ffffb493
ffffbd56
ffffc7ea
ffffc937
ffffcc4d
ffffd3f4
ffffca4a
ffffc04f
ffffbaf2
ffff9cfe
ffffa4e5
ffffc154
ffffc787
ffffba0c
ffffd9be
ffffc453
ffffc4df
ffffd62f
ffffc536
ffffc58d
ffffb5f4
ffffa52b
ffff908c
ffffa103
ffffc433
ffffc69e
fffff088
00000076
fffffc34
ffffccbd
ffffba0b
ffffb19e
ffffb4c2
ffffb9f1
ffffc7b0
ffffcd11
ffffcd1a
ffffd48b
ffffd2f7
ffffcd5f
ffffbc73
ffffa744
ffff9d7a
ffffb52e
ffffd027
ffffc714
ffffde3e
ffffc576
ffffc297
ffffcf77
ffffc726
ffffced7
ffffbf60
ffffa8be
ffff941d
ffff9c1a
ffffb847
ffffb0a1
ffffcb9d
ffffddad
fffff372
ffffe369
ffffc7fe
ffffb5af
ffffb8ad
ffffbb0f
ffffc3f7
ffffc953
ffffc684
ffffcbf9
ffffcdb3
ffffcc6f
ffffc7e6
ffffae9e
ffffabbe
ffffb72f
ffffda5c
ffffd05e
ffffe288
ffffca1d
ffffc53f
ffffcac1
ffffc472
ffffcda5
ffffc429
ffffadad
ffffa95b
ffff91fb
ffffac70
ffffc9ec
ffffba48
ffffad83
ffffc75f
ffffed20
ffffdbed
ffffc7d5
ffffbeb9
ffffbf7f
ffffbfaf
ffffc75a
ffffc7a6
ffffca06
ffffcc1b
ffffc483
ffffc7b6
ffffb6bf
ffffae94
ffffb479
ffffd6bb
ffffd3bf
ffffe13a
ffffc834
ffffc506
ffffcc8c
ffffc92d
ffffc6d6
ffffc9bf
ffffb71d
ffffb908
ffff9885
ffff9c8f
ffffc3f2
ffffb713
ffff96dd
ffffabe0
ffffdf40
ffffeb88
ffffd9e4
ffffcc16
ffffc788
ffffc421
ffffc56d
ffffca98
ffffcaa7
ffffca80
ffffc62a
ffffc86d
ffffb842
ffffa58a
ffffb01c
ffffd445
ffffd942
ffffdfe8
ffffc691
ffffc827
ffffcf16
ffffcf94
ffffc75b
ffffcf29
ffffd2f7
ffffd2b5
ffffbfaf
ffffa497
ffffb4c5
ffffb5c3
ffff9dc0
ffff9a22
ffffc92b
ffffef86
ffffec9f
ffffdde4
ffffd40e
ffffd0a4
ffffce69
ffffcf8b
ffffccf1
ffffcbdd
ffffcbfc
ffffc9cd
ffffbb43
ffffa766
ffffb45b
ffffc9ef
ffffdacd
ffffe0f4
ffffca0b
ffffceab
ffffd684
ffffd570
ffffcdc9
ffffd55e
ffffdfb3
ffffde6b
ffffd698
ffffbc5e
ffffbcdb
ffffc823
ffffa92b
ffffae51
ffffb3c8
ffffc7cf
ffffcea4
ffffdfa6
ffffdade
ffffdd6b
ffffde04
ffffd2f6
ffffcdf6
ffffc7ac
ffffc90b
ffffc2f0
ffffbd7a
ffffacae
ffffb4c8
ffffd077
ffffd7c0
ffffd8eb
ffffc7eb
ffffcea7
ffffce98
ffffc82f
ffffc451
ffffca14
ffffc7d6
ffffcabc
ffffc562
ffffcc5f
ffffc85c
ffffe300
ffffc0e5
ffffb8a0
ffffbd5f
ffffa0de
ffffa8d5
ffffd463
ffffe924
ffffefc5
ffffe9de
ffffc67f
ffffc52e
ffffcd06
ffffd05a
ffffc743
ffffc302
ffffc2bf
ffffba40
ffffced7
ffffd6e7
ffffdb8a
ffffcd59
ffffd5c7
ffffd125
ffffc471
ffffbd7a
ffffb5a3
ffffb1a5
ffffb63d
ffffaec0
ffffceca
ffffc265
ffffd7fa
ffffbd19
ffffa059
ffffb4ce
ffffabd5
ffffa7c9
ffffd625
ffffd537
ffffd4e4
ffffc146
ffffaecc
ffffc750
ffffe48d
ffffe4e7
ffffd157
ffffc4a2
ffffc1d3
ffffb7a9
ffffb65e
ffffcb7e
ffffd8cc
ffffcbfc
ffffcc55
ffffcbc1
ffffc51f
ffffb8f5
ffffbeaf
ffffc4ab
ffffc78c
ffffcdb5
ffffce83
ffffbefe
ffffb2bd
ffff9d45
ffff85d3
ffff9d42
ffffc1cc
ffffc532
ffffe507
ffffd072
ffffc2cb
ffffac12
ffffabac
ffffc6b6
ffffdd9d
ffffe0f7
ffffd391
ffffc2f8
ffffb3d6
ffffacd3
ffffb245
ffffb8bc
ffffdb4c
ffffc2f0
ffffc3b9
ffffc9f0
ffffd205
ffffd49d
ffffc81b
ffffd67e
ffffdb5c
ffffdee7
ffffbfd5
ffffaae4
ffff8e83
ffff8cb0
ffff8988
ffff911e
ffffadd8
ffffc836
ffffed9c
ffffe2f5
ffffd8fa
ffffc2cb
ffffb908
ffffbbcd
ffffb9c3
ffffbd8a
ffffbdf6
ffffc07b
ffffa979
ffffb51d
ffffc995
ffffc168
ffffd16b
ffffc432
ffffc1aa
ffffd36d
ffffd3ad
ffffd4b4
ffffc886
ffffe451
ffffe5c5
ffffdec3
ffffc995
ffffb56f
ffffa28b
ffffb016
ffffc473
ffffb136
ffffae78
ffffb77a
ffffeec1
fffff5ac
ffffeeac
ffffd9d0
ffffb25f
ffffa3e2
ffffa17c
ffffa0e3
ffffa9f7
ffffb5ef
ffff9f83
ffffc573
ffffddc8
ffffcd82
ffffcc62
ffffc80e
ffffcb56
ffffdb98
ffffcea6
ffffce73
ffffca2c
ffffd5a2
ffffd87d
ffffe0ba
ffffcffd
ffffc6b8
ffffb4dc
ffffbec0
ffffd840
ffffd77a
ffffb9b4
ffffb398
ffffd89e
ffffe7fd
ffffe9ea
fffff635
ffffc59a
ffffb152
ffffbefb
ffffacec
ffff965e
ffffad0b
ffffb914
ffffc744
ffffde87
ffffd46e
ffffd771
ffffcfc9
ffffd239
ffffda0d
ffffcb64
ffffc5b2
ffffbbb8
ffffc24f
ffffd199
ffffdd2e
ffffd605
ffffccf5
ffffbc29
ffffc9fa
ffffd465
ffffd424
ffffc2be
ffffb9c7
ffffbccd
ffffcb51
ffffcd76
ffffd833
ffffcaaf
ffffc4a9
ffffd828
ffffd105
ffffbb8f
ffffb3c9
ffffc24d
ffffbc49
ffffc644
ffffbf43
ffffd406
ffffd3b9
ffffd76a
ffffe86f
ffffd164
ffffd51f
ffffc7f8
ffffcc11
ffffcc43
ffffd8ca
ffffdf28
ffffd877
ffffd756
ffffdb91
ffffcf7e
ffffd3d1
ffffde0d
ffffcb26
ffffc77e
ffffd721
ffffdb35
ffffd3d9
ffffce49
ffffce9b
ffffdeac
ffffe005
ffffd576
ffffcfe9
ffffd401
ffffc6bc
ffffbf50
ffffb477
ffffcb56
ffffd137
ffffce7d
ffffd7b2
ffffd7ef
ffffd1e5
ffffce7a
ffffd08f
ffffd664
ffffd803
ffffde16
ffffdcc0
ffffdcf9
ffffdff2
ffffda3d
ffffdf1a
ffffe51f
ffffd810
ffffd398
ffffda72
ffffd87b
ffffd252
ffffd7e5
ffffd997
ffffe021
ffffe42f
ffffddb3
ffffd677
ffffda8a
ffffda11
ffffcc73
ffffb5f5
ffffe08f
fffff40a
ffffef8d
fffff1e9
ffffef99
fffff161
fffff065
ffffea2a
fffff16b
fffff188
ffffeca3
ffffebc8
ffffebc2
ffffef2a
fffff06a
ffffef5d
fffff37a
ffffeceb
fffff125
fffff19b
fffff2e0
ffffefbf
ffffefc3
ffffef9c
fffff57a
fffff441
fffff632
fffff77b
fffff99a
fffff142
fffff622
fffff73c
00000423
fffff067
ffffed45
ffffebab
ffffed2b
fffff440
fffff4cd
fffff4f7
fffffd69
fffff5a9
fffff253
fffff26a
fffff8fb
fffff658
fffff53c
fffff657
fffff677
fffff547
fffff887
fffffeb6
fffffb70
fffff0cc
ffffee06
ffffeff2
fffff237
ffffedb5
ffffef58
ffffeddf
ffffe6c7
ffffe1b9
ffffe8c0
fffffddf
000015c1
fffffc64
fffffb51
fffff7a3
fffffa31
000004f0
00000f30
00001b7e
0000120d
fffff987
fffffce4
fffffc22
fffff35c
fffff76c
fffff44e
fffff4f6
fffff2ac
ffffef87
fffffaff
0000043b
00000e0e
00000d48
00000396
fffff9df
fffff917
fffff36a
fffff61f
fffff5b2
fffff6f7
fffffbd9
000004b1
00000fdc
000019fe
fffff0bf
ffffee97
ffffe8f7
ffffede3
fffff9aa
00000289
fffff664
ffffcc1a
ffffbc46
ffffcd2e
ffffd57e
ffffd8c3
ffffdb5b
ffffdaa6
ffffdc72
ffffd386
ffffcf65
ffffd705
ffffe690
fffff6ff
fffff997
ffffec57
ffffe2d2
ffffe959
ffffedce
fffff0af
fffff426
fffff7ab
ffffffc3
00000bd9
00000bb7
000018d8
ffffec0d
ffffe4f6
ffffdf89
ffffe559
ffffe4f4
ffffd4f9
ffffaa55
ffff86d7
ffff907a
ffffc3f6
ffffd652
ffffd610
ffffceec
ffffd0a2
ffffd39e
ffffd880
ffffd1a5
ffffdcd4
ffffe6e4
ffffe96c
ffffd803
ffffca87
ffffcfd2
ffffe1a2
ffffeb28
ffffe13a
ffffe262
ffffe183
ffffefc8
000001d6
00000347
000014d4
fffff3ad
ffffee1c
fffff3fd
fffffc1b
ffffe321
ffffcfd0
ffff97a4
ffff96bd
ffffc5e9
fffff630
fffffadf
ffffe46a
ffffdfd8
ffffe46d
ffffee3b
ffffeeec
ffffed8c
fffff13d
fffff040
ffffee33
ffffd6e5
ffffcf2e
ffffe043
ffffead6
fffff33a
ffffe7a4
ffffdeda
ffffdbf1
ffffe7ef
fffffef2
00000174
000016d7
0000055c
000008b8
00000b72
000005c8
ffffddbd
ffffaf85
ffffc6ef
ffffd0e5
00000f16
0000340a
00001b42
fffff6a2
ffffe954
ffffeb27
fffffb3d
fffffa54
fffffcdc
00000688
00000b2d
0000136f
00000d0f
000008a0
00000756
0000098e
000009a5
0000038a
fffffbda
fffff956
00000202
00000e50
00001525
00002747
fffff3f5
fffff1f7
ffffef3b
ffffe2c5
ffffc5cc
ffffbf5c
ffffc329
ffffd897
0000079b
0000129d
fffffb8d
ffffe161
ffffd466
ffffddf0
ffffe56a
ffffe35c
fffff0f5
0000002f
00000f86
000011bf
00000575
fffffb0b
fffff01c
fffff1a3
fffff62a
fffff2f5
fffff69b
fffffb9c
00000455
00000974
000011ba
00002786
ffffd6e4
ffffcc3a
ffffc665
ffffcce4
ffffce40
ffffda69
ffffd48e
fffff2c2
0000192b
ffffe985
ffffd279
ffffc3a1
ffffbd87
ffffb6b7
ffffbaa9
ffffb4b9
ffffc283
ffffc8ae
ffffc68b
ffffc972
ffffbfa6
ffffc3e1
ffffbfec
ffffb550
ffffb005
ffffbc4a
ffffc056
ffffc6be
ffffd1f7
ffffd9cb
ffffe7ac
000011fb
ffffd487
ffffc387
ffffb7d4
ffffbda7
ffffb6a2
ffffccc2
ffffe02b
ffffe6f7
ffffee3f
ffffc92b
ffffabe5
ffffd142
ffffc36d
ffff9695
ffff9d57
ffffa09a
ffffa6f8
ffffa2ad
ffff8fee
ffff9ab5
ffffa822
ffffbc3e
ffffc3ad
ffffb8ba
ffffae0d
ffffb080
ffffb176
ffffb2ed
ffffb05c
ffffb6f0
ffffced1
fffffec6
ffffe43f
ffffd356
ffffc280
ffffc2f1
ffffc40a
ffffd0fc
ffffcd91
ffffd870
ffffca06
ffffa182
ffffb95e
ffffe454
fffff9fa
ffffdbc0
ffffb728
ffffae49
ffffadbe
ffff9ce6
ffff9c88
ffffabc9
ffffbc7f
ffffca35
ffffc74b
ffffbd51
ffffba17
ffffb6e8
ffffc34d
ffffc305
ffffbe0b
ffffc38e
ffffe358
000005e1
ffffebca
ffffdcf6
ffffd681
ffffdc45
ffffdcde
ffffe7d5
ffffdd71
ffffe2d9
ffffd0ca
ffffc3ab
ffffd946
0000036f
000025d4
000010ec
ffffe95e
ffffb896
ffffb93d
ffff9ec5
ffffa2d9
ffffb18a
ffffbb03
ffffc547
ffffb738
ffffb072
ffffb381
ffffb83f
ffffbe06
ffffc6f0
ffffcae5
ffffd721
ffffed6b
00000aab
ffffea9f
ffffdeb5
ffffdc8e
ffffde1b
ffffe4a0
ffffe3ce
ffffe081
fffff9e7
ffffff4c
fffffbe2
00000cf9
000025ce
00001a68
00000d8a
00000d5f
ffffea60
ffffc915
ffffccaa
ffffb8a3
ffffab03
ffffaab6
ffffab26
ffff9a19
ffff99ea
ffffac8f
ffffb4de
ffffb6fd
ffffb749
ffffc30e
ffffdb0b
ffffe581
00000ba1
ffffe61e
ffffdc13
ffffde26
ffffdaf8
ffffddb6
ffffdda1
ffffded3
ffffff17
00000688
000029b2
00003c0b
00002d8b
000015a2
0000103a
00002015
00002bad
00001fbb
00000373
00000183
ffffebd6
ffffc5fb
ffffb417
ffffa86f
ffff9d1d
ffffa64a
ffffb82f
ffffba6b
ffffb973
ffffc44f
ffffd987
ffffe919
000005a6
ffffe993
ffffd7c9
ffffe6ed
ffffe4c3
ffffe178
ffffe2be
ffffe087
000004a9
0000039f
0000119e
00002384
00001d12
000015f8
00002851
00004396
00004c70
00002c01
0000173f
00002265
0000213a
00001fd8
00000ffb
fffff756
ffffe501
ffffd400
ffffc476
ffffc4ab
ffffc25b
ffffcbbd
ffffda40
ffffee48
00000a72
fffff228
ffffe613
fffff4fa
ffffee60
ffffea9c
ffffe77e
ffffe81a
fffffe8a
fffff72f
000005d1
00001c3f
000026e5
00002708
000046d2
000049bb
00003070
00000a1f
00000509
00000d9b
00001423
00001bb1
00001989
000010f6
0000133f
00000c05
ffffe883
ffffd719
ffffcd92
ffffcef9
ffffd9ce
ffffeb31
00001232
fffff2f7
ffffeaef
fffffc9d
fffffd79
fffff3f2
ffffe797
ffffe606
fffff23d
fffff598
00000689
00003530
000025fb
00001531
000027bb
000024c2
00000329
fffff5ec
ffffef73
fffff2c5
fffffa5d
fffffa91
fffffe7c
00000a13
00000f69
00000d12
fffff40d
ffffe3bf
ffffd277
ffffd8b4
ffffdc19
fffff268
00001930
ffffebed
ffffe069
fffff609
fffff7fb
fffff4e8
fffff3b5
ffffe88c
ffffe661
ffffdfbe
ffffe8e5
fffff362
fffff20e
fffff3cf
fffffb4f
000004fd
fffff0b6
ffffe1d8
ffffdc85
ffffddc4
ffffdf43
ffffe389
ffffe730
fffff2b2
fffff931
fffff442
ffffe6a4
ffffe177
ffffdc97
ffffde28
ffffed89
fffffd39
00001d18
ffffe895
ffffdeae
ffffe993
ffffee83
fffff539
fffff96d
fffff475
ffffeaee
ffffe06f
ffffdc5d
ffffd0b3
ffffd616
fffff3a3
fffff1dc
ffffedea
fffff127
ffffe613
ffffd91e
ffffdb54
ffffd9fe
ffffdb7b
ffffdcaf
ffffe42d
ffffeba7
ffffecb9
ffffdf67
ffffe9b1
fffff07b
ffffec06
fffff90d
00000148
00001897
ffffe6e7
ffffdc71
ffffe976
fffff028
fffff2f5
fffffdf7
000004df
fffff434
ffffeb29
ffffe9e5
fffff9ad
00000546
000005c5
00000a3f
fffff519
fffff36d
fffff125
ffffeac0
ffffe745
ffffe2ea
ffffe95f
ffffed34
fffff0a6
fffff19c
ffffedc6
ffffe689
fffff0b3
fffff72c
fffff87b
000003f9
00000b2f
00001946
ffffe797
ffffe027
fffff0ea
fffff2d3
fffff75d
000004dd
00001319
0000001a
fffff0d3
ffffec46
00000daa
00001a68
fffffcf1
ffffd443
ffffe0e8
fffff25d
fffffaa1
fffffae4
fffff182
ffffec81
ffffeaa3
ffffec76
ffffecb8
ffffedc8
ffffe8d7
ffffe5b8
ffffedb8
ffffec45
ffffe714
fffffd48
00001195
00001d0a
ffffeac2
ffffefad
fffffb5c
fffffe50
fffffcc7
000005a6
00002435
000023e5
000000cd
fffff590
fffff457
ffffe6f5
ffffd671
ffffa826
ffffb6f9
ffffd6f9
fffff62e
fffff680
fffffc16
fffff7f4
fffff3fa
fffff7a4
fffff3bd
ffffeba1
ffffe889
ffffe795
fffff0ac
ffffea2a
ffffe36c
fffff666
00000b97
00001d5e
ffffece8
ffffedb1
fffff3e3
fffff2cb
fffff22b
fffff95e
00000631
000017b2
00001374
fffff8f9
fffff1db
ffffebf8
ffffeb2c
ffffea0e
ffffe1e9
ffffdec9
fffff18d
ffffe634
fffff668
00000708
000012d0
00001477
00000512
ffffef9b
ffffe88d
ffffeacb
fffff8a4
fffff7d3
fffff6fd
000004a2
000010ab
00002791
ffffe349
ffffe9fb
ffffe5a9
ffffe32b
ffffd8de
ffffd9ea
ffffd8ca
ffffe1fa
fffff717
fffffffb
000006da
0000072d
00001560
00002402
000016f5
fffff203
ffffe488
ffffc951
ffffd4e5
fffff670
fffff8e9
fffffcf1
000001c3
0000029d
fffff878
fffffd9e
fffffe9d
fffffde9
fffff67b
000008c4
0000195a
00002722
fffff133
fffff59c
fffff416
ffffe862
ffffd93d
ffffcd6f
ffffd1ce
ffffcb40
ffffe4be
ffffed8f
fffff785
fffff6ea
000003a1
00000793
000009a0
00000321
ffffdc99
ffffbce7
ffffb9ea
ffffcf0a
ffffd1d8
ffffe6d4
fffffd6d
000002f6
0000019f
000002dd
fffff375
ffffe5a0
ffffcb52
ffffd3be
fffff83b
00001091
fffff11c
ffffe7bc
ffffdabc
ffffd62a
ffffd9ae
ffffcdb7
ffffccd9
ffffcd37
ffffdeb4
ffffe997
ffffe9b9
ffffd50a
ffffe69a
ffffe0d8
ffffea40
fffffbb3
fffff140
ffffc7f2
ffffbbbc
ffffc9c2
ffffd101
ffffe317
fffffe8c
ffffed85
ffffe970
ffffe9e5
ffffdb95
ffffcf6a
ffffb713
ffffb49e
ffffdaed
0000092c
ffffdff8
ffffcb06
ffffc987
ffffd0bc
ffffd226
ffffd4e0
ffffdfc7
ffffe625
ffffea9b
ffffd397
ffffd679
ffffd5dc
ffffe75d
ffffe4c4
ffffd301
ffffdafd
ffffdcaf
ffffc6a7
ffffd5d4
ffffde12
ffffec42
ffffe37a
ffffd5be
ffffd390
ffffbfde
ffffe59d
ffffec08
ffffe272
ffffcedf
ffffcaec
ffffe13b
00000b54
ffffe471
ffffcbac
ffffca94
ffffd88c
ffffdcbd
ffffde4b
ffffde0b
ffffe3ca
ffffd747
ffffc81b
ffffc38c
ffffc724
ffffd3ee
ffffdef0
ffffdc6b
ffffcf67
ffffc6ca
ffffc801
ffffd208
ffffd8f8
ffffd4df
ffffc750
ffffad4c
ffffaaf7
ffffa066
ffffcb10
ffffd960
ffffdebc
ffffd88a
ffffd3b5
ffffe5b8
00001032
ffffe303
ffffd50c
ffffcab1
ffffd055
ffffd24d
ffffd14a
ffffcd5f
ffffcc2f
ffffc9a7
ffffce8c
ffffd0a0
ffffc619
ffffc459
ffffd9d6
ffffea78
ffffe98b
ffffd0c2
ffffbdcd
ffffc675
ffffc2a3
ffffcb90
ffffbb6f
ffffafe2
ffffb7f9
ffffba90
ffffb343
ffffbd5b
ffffd5b2
ffffdedb
ffffe24c
ffffeb98
00001cdd
fffff1de
ffffdaa2
ffffc1dd
ffffc4cb
ffffbe78
ffffc3c5
ffffcb95
ffffd60c
ffffd062
ffffd077
ffffcac5
ffffc1ed
ffffc569
ffffcf76
ffffe223
ffffd17b
ffffd00e
ffffd345
ffffd2bc
ffffbc83
ffffc160
ffffbb71
ffffc070
ffffc039
ffffcb19
ffffbbc7
ffffcf52
ffffed97
ffffe6a4
ffffd3f0
ffffe556
00000287
ffffe0e2
ffffc43d
ffffb228
ffffc31b
ffffb5cf
ffffb30c
ffffc394
ffffd86d
ffffd243
ffffbd8c
ffffbfcc
ffffbdf9
ffffbd75
ffffc799
ffffcc40
ffffc5e2
ffffc2d5
ffffd5ac
ffffd61d
ffffc90c
ffffb7ac
ffffb233
ffffbe13
ffffd103
ffffd2d8
ffffd59d
ffffd5a7
ffffcfcf
ffffd469
ffffbfb8
ffffb84b
ffffecdf
ffffeaee
ffffce5c
ffffc40c
ffffc345
ffffc7c4
ffffc837
ffffc9df
ffffcc46
ffffcf54
ffffcc67
ffffcafb
ffffcc8c
ffffc9e9
ffffc893
ffffcd9b
ffffc9d7
ffffbf3b
ffffc860
ffffd086
ffffd5d7
ffffcabd
ffffc83b
ffffc625
ffffc84d
ffffd11b
ffffcf0b
ffffcd87
ffffd021
ffffc8b7
ffffc108
ffffc298
ffffe10e
ffffec05
ffffe2b5
ffffe844
ffffde5b
ffffdbbf
ffffe01c
ffffe3ce
ffffe238
ffffdf36
ffffd7e0
ffffd634
ffffd3f8
ffffd406
ffffd445
ffffd28f
ffffd5d9
ffffdae3
ffffdaf1
ffffdc7c
ffffd984
ffffd73a
ffffdc14
ffffdea3
ffffe498
ffffea50
ffffe1d6
ffffdce8
ffffdebc
ffffd865
ffffdeb6
ffffe5b2
ffffeffd
ffffd654
ffffd076
ffffdea4
ffffdbb3
ffffd188
ffffda56
ffffe944
ffffdc96
ffffd9ec
ffffd034
ffffc707
ffffcebd
ffffd52a
ffffcff2
ffffc763
ffffcc84
ffffcc9b
ffffd320
ffffdfeb
ffffdbc7
ffffd5b1
ffffdd67
ffffdba7
ffffd4cf
ffffda9c
ffffd966
ffffd310
ffffda51
ffffd8ca
ffffd832
ffffdd63
ffffecd3
ffffd53b
ffffd59b
ffffe3d2
ffffe7c2
ffffdae2
ffffddc0
ffffe884
ffffe1d1
ffffdf13
ffffdd3a
ffffd8c4
ffffd01b
ffffd6b1
ffffe508
ffffdbcf
ffffd641
ffffd406
ffffdc61
ffffe71b
ffffe3f5
ffffd477
ffffd547
ffffd68b
ffffd293
ffffddfd
ffffe913
ffffe0a7
ffffdf70
ffffe1bd
ffffe1f4
ffffde1a
ffffee6d
ffffde6f
ffffe8d8
fffffdcd
fffff692
ffffe12e
ffffcca2
ffffd069
ffffd441
ffffeca1
fffff2f0
ffffee64
ffffe1f7
ffffdcd7
fffff2e0
fffffc21
fffff5e8
ffffe96c
ffffe7a1
ffffeeda
ffffe665
ffffd321
ffffce47
ffffd73b
ffffe400
ffffebd6
fffff24a
ffffe92c
ffffe51f
ffffee05
ffffec1b
ffffe583
fffff2d6
ffffe563
ffffee3d
fffff588
ffffe6b0
ffffcbb4
ffffacae
ffffb270
ffffd13a
0000058e
ffffee4d
fffff381
ffffeb00
ffffe0ee
ffffed93
00000231
fffffab6
ffffeed8
ffffe768
ffffed62
fffff8c3
ffffe318
ffffd5fc
ffffe0f8
ffffec67
ffffeeb4
ffffe957
ffffe4ac
ffffda57
ffffe618
ffffe7db
ffffe556
ffffec2e
ffffe13d
ffffede9
ffffee25
ffffe12a
ffffdccb
ffffdad4
ffffbfb1
ffffc695
00000a41
fffff3ac
fffffb53
ffffec96
ffffe04d
ffffd735
fffff664
ffffea30
ffffddc4
ffffd919
ffffe6ab
0000042e
fffffaea
ffffed9e
ffffece4
ffffe893
ffffe614
ffffe26d
ffffe5c9
ffffe173
ffffde21
ffffd7ed
ffffdece
ffffe981
ffffd3d3
ffffdfb5
ffffd5f6
ffffc86d
ffffd6c1
ffffd4f7
ffffa51b
ffffbea9
00000d57
fffffd5f
fffffb7a
ffffeb04
ffffd39f
ffffc6f9
ffffe3c5
ffffdee5
ffffd3d5
ffffc613
ffffc9c8
ffffdfac
ffffe569
ffffd59e
ffffdc08
ffffd7bc
ffffd488
ffffd75d
ffffdb88
ffffddcb
ffffd2df
ffffce34
ffffcf26
ffffe74d
ffffcb5c
ffffd789
ffffcad8
ffffbcf8
ffffce91
ffffdb79
ffffc0da
ffffc1ce
fffffeca
000006cf
ffffffd1
ffffdcce
ffffcb26
ffffd3cc
ffffddf6
ffffe173
ffffd54a
ffffc949
ffffb97b
ffffc24e
ffffcf52
ffffc12e
ffffc12e
ffffbd8b
ffffc145
ffffc26f
ffffbfcf
ffffc218
ffffbdc4
ffffbc53
ffffbb31
ffffe69b
ffffe53a
fffff0ac
ffffe35f
ffffddd0
ffffd57b
ffffe633
ffffc9b9
ffffb3e6
ffffcf39
fffff635
ffffef18
ffffd1e1
ffffbffb
ffffdaf1
ffffddf8
ffffeab3
ffffeb74
ffffd3ac
ffffc18b
ffffbed5
ffffc918
ffffcb45
ffffcef8
ffffc9af
ffffd047
ffffca52
ffffc32f
ffffc9a6
ffffc251
ffffc39d
ffffc5c8
ffffe929
ffffe8e0
fffffdfb
fffff3cd
fffff621
fffff01b
ffffd73c
ffffd1e6
ffffb477
ffffacd1
ffffc4a5
ffffd349
ffffc3bc
ffffdd34
ffffd586
ffffd191
fffff459
000002e6
00000155
fffff8e7
ffffe4b9
ffffe8b9
fffff610
ffffff1a
fffff866
fffff2f3
ffffed60
ffffeccd
ffffefcb
ffffe659
ffffe208
ffffe34c
ffffeb1f
ffffe7d1
000002b7
fffffcc8
fffff87f
fffff146
ffffeaaf
ffffea03
ffffc866
ffffb480
ffffc20e
ffffd36b
ffffd6cb
ffffeeef
fffff622
fffff4fb
ffffeafd
000001f8
00000bbc
000018aa
00000236
000000e2
00000150
fffffdd6
fffff935
fffff605
fffff295
fffff303
fffff356
fffff174
ffffebe0
ffffe2dc
ffffe7b9
ffffdf27
fffffd6e
fffff71c
fffff695
fffff75f
ffffeeb4
ffffe372
ffffc0c0
ffffb603
ffffaf6f
ffffcffb
ffffe491
ffffd851
ffffecfd
fffffdf6
ffffe8d9
ffffd868
ffffd935
ffffde10
ffffe467
fffff2c9
00000498
fffffa9d
fffff551
fffff717
fffff033
fffff54c
fffff38d
fffff184
ffffeb9c
ffffded4
ffffec52
ffffe7a3
00000835
fffff7c1
fffff2c9
ffffe66d
ffffdc60
ffffd120
ffffb736
ffffbfef
ffffbe21
ffffec0f
ffffeeca
ffffc738
ffffcf02
ffffe8c6
ffffdf55
ffffd8e5
ffffc543
ffffaecb
ffffbb67
ffffbebb
ffffc63e
ffffc340
ffffc732
ffffd93d
ffffec11
ffffed17
fffff000
ffffed6e
ffffdea7
ffffd99b
ffffebdd
ffffeaac
0000088d
fffff952
ffffeffe
ffffe63f
ffffd938
ffffdb22
ffffc315
ffffd098
ffffdb8a
00000852
ffffeace
ffffc72a
ffffcd5d
ffffe804
fffff058
ffffece5
ffffe837
ffffe393
ffffe1e8
ffffdd5a
ffffc85e
ffffb551
ffffb7d5
ffffcb4c
ffffd809
ffffdce7
ffffe16b
fffff5b7
ffffe175
ffffd930
ffffe803
ffffe7ae
00000259
fffffadd
fffff33c
ffffeb7f
ffffe4d3
ffffdb18
ffffc681
ffffd17e
ffffd16f
ffffe777
fffff1bc
ffffcc53
ffffcb90
ffffe20a
fffff0e5
fffff333
ffffe220
fffff326
0000006d
00000150
fffffa1a
ffffe3ae
ffffdc6b
ffffdef4
ffffd52b
ffffde02
ffffe647
ffffff90
fffff1f9
ffffdb7f
ffffe63a
ffffebc1
fffffdc5
fffffc20
fffff9a0
fffff454
ffffedf4
ffffdcae
ffffc86d
ffffd72a
ffffcdb7
ffffdb83
ffffffb7
ffffebec
ffffdeb9
fffff394
fffff807
ffffec5c
ffffda81
ffffe280
ffffea23
ffffee39
fffff25d
fffff58c
fffff90f
fffff804
fffff09e
ffffdfc3
ffffe692
ffffef16
ffffebb0
ffffcebb
ffffdcb9
ffffe9e9
fffff83d
00000053
00000474
fffffff0
fffff2e9
ffffd78b
ffffc95d
ffffcaed
ffffc485
ffffd8a5
ffffee76
ffffee5a
fffff425
fffff62e
fffff2dc
ffffe7b2
ffffdebc
ffffe6e3
ffffebc3
ffffeeec
fffff07c
ffffefda
fffff2e5
ffffeef3
ffffe5fe
ffffdbdc
fffff7c0
fffffbb7
ffffedad
ffffd3bf
ffffdbdf
ffffe7e5
ffffefbf
fffff570
fffff62a
fffffcc2
ffffeb3c
ffffd83c
ffffc9fd
ffffc2f4
ffffbbbc
ffffcc45
ffffe748
fffff3de
000007a7
000009f4
fffff86b
ffffe8d8
ffffde4e
ffffdede
ffffdfcd
ffffe2fc
ffffe3ea
ffffe115
ffffe803
ffffe91f
ffffe0e6
ffffe11d
ffffe7f8
fffff5a3
ffffe4b6
ffffd28a
ffffdd1c
ffffecfc
fffff92c
fffff5f3
ffffeee7
fffff047
ffffe3b4
ffffcfe0
ffffc226
ffffc23f
ffffc226
ffffcc42
ffffdc2e
ffffe976
fffffeb6
ffffffc0
fffff773
ffffebc9
ffffe2a2
ffffe3d5
ffffdf1f
ffffdf58
ffffe106
ffffe0e5
ffffe96a
ffffeda2
ffffe353
ffffe009
ffffe535
fffffdcb
ffffed8e
ffffd90a
ffffdfb3
ffffebed
ffffeee1
ffffee0c
ffffe4d6
ffffe402
ffffddb9
ffffdaeb
ffffd25b
ffffcd10
ffffc894
ffffcfb8
ffffd853
ffffcb2a
ffffd758
ffffda41
ffffe6ce
ffffee8f
fffff1f3
ffffec06
ffffe540
ffffdf38
ffffdd2e
ffffe4dc
ffffef80
fffff725
ffffe9ac
ffffe18e
ffffde8c
fffff5d9
ffffed7b
ffffdc86
ffffe5c9
ffffe935
ffffe873
ffffe05d
ffffda73
ffffdd66
ffffdef2
ffffe948
ffffe73f
ffffd8a0
ffffc5a7
ffffba0c
ffffbaa9
ffffbec8
ffffc0e1
ffffb592
ffffd332
ffffeb00
fffffc96
fffff248
ffffe842
ffffdd52
ffffd09f
ffffda3f
ffffe6fb
ffffeafa
ffffe935
ffffdfad
ffffcc85
ffffe0fe
ffffd6dc
ffffd117
ffffe650
ffffd980
ffffd9ac
ffffdd4b
ffffd944
ffffd5dd
ffffd8e4
ffffe68f
fffff91b
fffff7c3
ffffced3
ffffba04
ffffb65f
ffffb40f
ffffb568
ffffbf47
ffffd05b
ffffd6fb
ffffe8f2
ffffdc58
ffffdde0
ffffded7
ffffdc48
ffffdd4e
ffffe6b7
ffffe628
ffffe6f6
ffffe4a7
ffffd3c8
ffffe718
ffffdcb6
ffffd630
ffffe838
ffffd5f4
ffffcf71
ffffcd99
ffffce72
ffffca44
ffffcefb
ffffd541
ffffdfd3
fffff455
ffffea50
ffffd333
ffffc51a
ffffcd46
ffffdd16
ffffd0a7
ffffda33
ffffddf5
ffffd9b7
ffffd3a4
ffffcf28
ffffe06a
ffffe6f4
ffffe795
ffffed60
ffffe6de
ffffdda2
ffffda98
ffffcebb
ffffe318
ffffe551
ffffdc25
ffffeb59
ffffd759
ffffd1ff
ffffd416
ffffe1dd
ffffe08a
ffffe4a2
ffffee2c
fffff66d
fffff431
ffffea5b
fffff024
ffffe239
ffffd2dd
ffffd239
ffffdc6a
ffffdfe0
ffffe321
ffffe2f8
ffffcbd4
ffffc901
ffffc0d0
ffffcd3d
ffffdf81
fffff1c0
ffffee82
ffffe766
ffffe947
ffffe24b
ffffe1f1
ffffe06a
ffffd724
fffff17e
ffffe366
ffffe813
fffff6e9
fffffdc6
00000527
fffffc54
fffff67f
fffffa2b
fffff72e
ffffe465
ffffdc41
ffffcf49
ffffc108
ffffce09
ffffcafa
ffffd261
fffff7e7
fffffb25
ffffe512
ffffda6c
ffffce2a
ffffbfc1
ffffc769
ffffe8a9
ffffe319
ffffe445
fffff26f
fffff31c
ffffe7f5
ffffdfe2
ffffd5e3
fffff04b
ffffe994
ffffebd7
ffffed59
ffffeb6c
fffff0c3
ffffeaa3
ffffe827
ffffe689
ffffef37
ffffe8d4
ffffecd4
ffffe2ff
ffffe275
ffffef71
ffffd86c
ffffc932
fffff4eb
000001dc
fffff2d2
fffff27a
ffffef1c
ffffcc9d
ffffc721
ffffec8d
ffffdd91
ffffd484
fffff172
fffff794
fffff2d9
fffffcf9
ffffe9bb
ffffeafd
ffffef33
000002a3
00000731
fffffc28
fffff3e7
ffffefd8
fffff254
fffff937
fffff9ff
ffffe3de
ffffead2
ffffe562
fffffab6
0000005f
fffff03c
ffffcdd6
fffff2e4
00000135
ffffe961
ffffdca0
ffffdbde
ffffcf15
ffffc3c1
ffffd6cf
ffffd735
ffffc68a
ffffcd6d
ffffe7b1
fffff0d6
fffff679
ffffddc9
ffffdfec
ffffea58
fffffaeb
fffff153
ffffeaf3
fffffc44
0000022a
fffff6fa
fffff20c
00000551
ffffff68
fffffbb2
ffffea1b
ffffead4
fffffbcd
fffff8ca
ffffd360
ffffe1e4
ffffdbba
ffffddaf
ffffea19
ffffe1cf
ffffd9f4
ffffc6e3
ffffcb0e
ffffd9f3
ffffd0a5
ffffcd4c
ffffd904
ffffe2e7
ffffdc5c
ffffcc43
ffffe493
ffffe4eb
fffffd43
fffff1e5
ffffe08b
ffffe9ce
ffffe7ea
ffffe0b2
ffffcf4e
ffffdbde
ffffd440
ffffeb47
ffffe1d0
ffffecb0
ffffeda5
fffff0d1
ffffcea5
ffffcab1
ffffcf46
ffffcec0
ffffe011
ffffde04
ffffd4eb
ffffcdb4
ffffca73
ffffe6d9
ffffe7a8
ffffd358
ffffcf28
ffffeef3
fffffaa6
ffffdc99
ffffed2c
ffffe244
00000154
fffffce9
ffffefd5
ffffef40
fffff923
ffffed1c
fffff4c7
fffffad2
ffffef5a
fffff0dd
ffffdffe
ffffcc25
ffffcfe5
ffffe044
ffffcd89
ffffe14e
ffffe441
ffffe285
ffffe639
ffffdb47
ffffd586
ffffc8de
ffffcced
ffffd638
ffffe326
ffffdb58
ffffe1af
fffff324
fffff38d
ffffdc59
ffffe10e
ffffdcef
ffffe5d9
ffffde71
ffffdfe2
ffffe5c4
ffffeb59
ffffd188
ffffcc86
ffffd6aa
ffffd46d
ffffd462
ffffda16
ffffd75f
ffffd49a
ffffdda9
ffffd9aa
ffffe683
ffffe99d
fffff4ab
fffffd6d
ffffe878
ffffe664
ffffe91a
ffffe908
ffffd1c5
ffffcc86
ffffd202
ffffe62e
ffffee7c
ffffe782
ffffcd2b
ffffddd9
ffffdb80
ffffdd22
ffffcca6
ffffc512
ffffbe50
ffffbe87
ffffb65c
ffffc027
ffffca7d
ffffc898
ffffc7a2
ffffce79
ffffca01
ffffc107
ffffc1c4
ffffbf92
ffffc6a8
ffffc45a
ffffcd93
ffffd6a2
ffffd3a3
ffffcbb0
ffffca87
ffffc8ba
ffffc251
ffffbe89
ffffc347
ffffc713
ffffc455
ffffc176
ffffb71f
ffffca91
fffff8ce
fffff0c3
fffff7a2
fffff6ff
fffff162
ffffed5f
ffffe7ff
ffffea72
ffffeec1
ffffec0d
ffffe918
ffffe643
ffffea4a
fffff138
fffff69c
fffff394
ffffeb49
ffffefea
ffffef3d
ffffed2e
fffff334
fffff064
ffffeb27
fffffbb2
0000011a
ffffef0e
ffffe3ba
fffff52a
0000035e
fffff7ff
fffff560
fffffdb3
000002a6
00000452
fffffebd
fffff4b8
ffffeb9c
ffffe608
ffffe328
ffffeb99
ffffe998
ffffe587
ffffdf56
ffffdd38
ffffe4d7
fffff23b
fffff9d3
fffff726
fffff1d8
ffffefb7
ffffe737
ffffe415
ffffefd0
fffff1f7
fffff0a3
0000053c
0000065e
fffff06c
ffffe3a3
fffffe5d
00000510
ffffed25
ffffef7a
ffffff3e
00000c59
00000c05
00000499
fffff175
ffffe33b
ffffe57b
fffff53f
fffff71f
ffffedb7
ffffea7f
ffffe2e8
ffffdc4f
ffffebda
fffff8ff
fffff860
fffff491
fffff7dc
fffff757
ffffe653
ffffe568
fffff9d3
ffffff53
0000067d
00000a59
000001e7
ffffeea1
ffffe1f9
fffff7c9
0000006f
ffffecc2
ffffeba0
00000052
000007c3
00000224
fffff5c3
fffff0f2
ffffe1bc
ffffdaee
ffffe786
ffffe9f4
fffff432
fffff103
ffffed8d
ffffe775
fffff563
00000021
fffff623
ffffec36
ffffedd2
fffff634
ffffe4b4
ffffec4d
00000400
00000cff
000009c1
fffffffd
fffff340
ffffebfb
ffffe656
fffff734
ffffffe1
ffffee45
ffffea17
000003b9
00000781
fffff508
ffffe7c5
ffffe56e
ffffdfeb
ffffe28a
ffffe684
ffffd8fc
ffffe6ab
00000365
fffff92f
fffff28b
fffffdc3
fffffb4e
ffffec20
ffffe5b3
ffffeb25
ffffec8f
ffffe25e
fffff166
fffff976
0000061c
0000008a
fffff877
ffffea2a
ffffe699
ffffec15
fffff2d0
fffff93e
ffffed18
ffffe601
00000585
0000017b
fffff078
ffffe092
ffffe67f
ffffe785
ffffce13
ffffe850
000000de
00001726
00000def
fffff58c
fffffdb3
00000064
fffff351
ffffe515
ffffdddd
ffffe37b
ffffe59c
ffffeb4b
fffffb6b
fffff995
fffff03b
ffffebdc
fffff591
ffffeb17
ffffe4fe
ffffecad
ffffebd0
ffffeba7
ffffe8b2
ffffec1b
00000d19
000000a4
fffff1e5
ffffe195
ffffea76
fffff0ef
ffffd5c9
ffffe530
00000fc4
00001955
00000213
ffffe7aa
fffffcef
fffff2dc
ffffe3ad
ffffe818
ffffe3bb
ffffe700
ffffe44c
fffff502
000001a3
fffff2df
ffffdfb4
ffffe5e4
fffff1f4
ffffe8f3
ffffe4fe
ffffea3c
ffffe600
ffffe23a
ffffe43c
fffff556
0000102d
00000158
00000057
ffffe0d6
ffffe04f
fffffa02
ffffe6bd
ffffe37a
000009a1
00001376
000006a4
fffff967
fffff31b
ffffeb81
fffff31e
ffffe982
ffffe6f4
ffffec61
ffffebcd
fffff11e
fffffed2
fffff616
ffffe953
ffffe8aa
ffffeffb
ffffee93
ffffe4f4
fffffa56
fffff51e
ffffe8f5
ffffdfb1
fffffc2b
00001777
000008ad
ffffffbb
ffffe351
ffffdb0b
ffffe4e5
ffffed22
00000d07
00001074
00001c08
00001fd5
000000cd
fffffb35
ffffe9af
fffffd0a
000005d9
fffff164
ffffe607
ffffea1a
ffffeaf5
fffff8e4
fffff5a9
ffffeddf
fffff82e
fffff4a2
ffffea37
ffffeb3a
ffffff4e
fffff76f
ffffe3a7
ffffe238
fffffc6d
00001c05
00000f2f
fffffe23
ffffdbcc
ffffe9a9
fffff0db
fffff04d
00004064
00002cb2
0000187c
00001690
00000f2e
000009e9
fffff164
000009bf
00001449
00000687
ffffe83b
ffffdf65
ffffe61e
fffff68c
fffff4b3
ffffee0a
ffffeaa5
ffffeff5
fffff083
fffff233
fffffef7
fffff673
ffffe92b
ffffe86a
0000056a
0000237c
00000df6
fffffb3a
ffffe07b
fffff368
fffff146
fffff739
000018f0
000020ef
00000bc8
0000063d
00000d43
000008bf
fffffab7
fffffaa9
000001bd
00001479
fffff011
ffffd7cd
ffffd726
ffffedd5
fffff1a8
fffff107
ffffe6d9
ffffeaec
fffff004
fffff6d6
fffff29d
ffffefb8
ffffea48
ffffe420
00000020
00001a8a
00000ac2
fffff838
ffffdc61
ffffeb05
fffff108
ffffed57
ffffff08
fffffe5d
fffffb48
00000b0c
00000511
fffffb3c
ffffeebb
ffffdc74
fffff8a8
fffffa48
00000569
fffff1fa
ffffe8a4
ffffea06
fffff33f
ffffefe4
ffffe839
ffffe95b
ffffe512
ffffe730
ffffe988
ffffef90
ffffed69
ffffe2d9
fffff489
00000fad
00000664
fffff646
ffffde72
ffffe6bc
ffffe309
ffffe510
fffff8fc
fffffd89
ffffff51
ffffee9d
ffffebc8
ffffddd9
ffffd5bb
ffffe1db
0000183f
0000271b
fffffb1e
ffffd75d
ffffe76b
fffff058
fffff9d1
000000d6
fffff5c3
fffff3ca
fffff28f
ffffe107
ffffe41b
fffff3d5
fffff78b
ffffe298
ffffee96
00000fa2
00000550
fffff793
ffffe27d
ffffe241
ffffd93d
ffffccef
fffff5aa
000011f5
fffffe62
ffffd28f
ffffe576
ffffc40a
ffffd0f2
fffffe78
00001d4e
00002c4a
fffff854
ffffd946
ffffed61
fffff6ff
fffff0af
ffffeeea
ffffe890
ffffebf8
fffff82f
ffffefb7
ffffee9f
ffffefff
fffff340
ffffdb80
ffffee39
00001282
00000125
fffff2c2
ffffe76a
ffffe0aa
ffffd454
ffffc69d
fffff3c3
00001115
fffff7e5
ffffe11e
fffff0b5
ffffd631
ffffe8d5
fffffae4
00001abb
000006ce
ffffe6f1
ffffe766
fffff206
fffff9a9
fffff73b
fffff045
ffffef3d
ffffecc1
fffff728
fffffcc4
fffff504
fffff36d
fffff14c
ffffd50b
fffff100
0000103d
ffffffb4
fffff05b
ffffe92e
ffffdfe1
ffffd253
ffffc59e
ffffebf1
0000093b
fffff94b
ffffea10
fffff5fc
ffffe9fe
00000615
00000e5f
fffff9f3
fffff261
fffff20b
fffffbf3
00000b7d
000007a8
fffff24b
ffffed47
ffffe41a
ffffeaf3
fffff041
000000b5
fffff723
fffff3c7
ffffec1e
ffffdaa9
fffff5c3
00000f90
fffffd28
ffffeec0
ffffe838
ffffe355
ffffd5ec
ffffc6c9
ffffdfe3
fffff2bf
ffffffff
fffff616
fffffbc7
fffffc42
000000d2
fffff930
fffff72f
fffff070
fffffb1b
000008f3
00000c66
0000007f
fffff7fc
fffff632
fffff3eb
ffffee71
fffff3b1
000004cb
0000041e
fffff1da
fffff863
ffffeac8
fffff46b
00000b31
fffffda0
ffffeb63
ffffebb4
ffffebfa
ffffe460
ffffd105
ffffd777
ffffe6eb
000003e4
000005ab
0000084f
000007fe
00000526
fffff4c2
fffff128
ffffeee4
fffff993
00000649
00000598
0000027c
fffffd26
fffffa18
fffff51b
fffff7c3
fffff79d
00000a25
00000791
ffffeb27
fffff574
fffff4ff
fffff294
00000b28
fffffd0c
ffffeabe
ffffeec8
ffffeb84
ffffe586
ffffd35d
ffffce32
ffffdd57
fffff660
0000138a
00000f40
00000d96
0000110b
00000972
fffffcd1
fffff1d3
fffffc92
00000242
ffffff8b
fffffef2
ffffff47
fffffbdc
fffff535
fffffb38
fffffd48
fffffbe0
fffffdb1
ffffe7e6
ffffed2a
ffffebc8
ffffefee
0000097a
fffffbfc
ffffe950
fffff0a2
ffffee12
ffffe1c0
ffffd9cd
ffffd20e
ffffdc5e
ffffe69e
00000460
000000cb
00000c67
000010f3
00001b17
0000123a
fffff8fa
fffff523
fffff786
fffffe5c
fffffb77
000000fe
00000033
fffffb88
ffffff2f
0000005f
fffff682
fffff536
ffffe9a9
fffff066
ffffe589
ffffeadc
00000985
fffffe3e
ffffeb15
ffffedae
ffffe6b8
ffffe00d
ffffde49
ffffd472
ffffe060
ffffdbb9
ffffecc4
fffff94c
0000112c
000017de
00001d90
00000c6e
00000651
0000029b
fffffccd
fffffdea
fffffdc6
ffffff42
fffffac6
fffff9e9
0000028a
fffffbf6
fffff1b0
fffff444
ffffee6b
fffff990
ffffde9a
ffffe730
00000d8b
fffffc93
ffffe636
ffffea0a
ffffe387
ffffdf12
ffffdf67
ffffdd0f
ffffceef
ffffe251
ffffe9e8
fffff7bc
00000874
000013f1
000011d1
00000c89
00000e9f
00001617
00001027
00000b3f
000004a8
ffffffe6
fffff319
ffffffe7
0000056a
fffffe6a
ffffed87
fffff46d
fffff405
ffffef4b
ffffd711
ffffe9e0
0000100e
fffffda9
ffffebc4
ffffeb66
ffffe839
ffffe190
ffffdd78
ffffe451
ffffd43e
ffffdc6b
ffffe916
ffffdf28
fffff636
ffffedff
fffffb14
0000070c
000022e1
000033de
00002628
00000cfe
ffffffe7
fffffb31
000000c9
fffffaf4
00000a8c
fffffc60
ffffef7e
ffffeec7
fffffb84
fffff153
ffffd6ad
ffffea5a
0000150b
fffffd5a
ffffec86
ffffed8f
ffffe8ec
ffffdcd6
ffffe02d
ffffdc99
ffffd037
ffffddb6
ffffdcae
ffffbdb6
ffffd919
ffffe2c8
ffffd882
fffffa4b
000017eb
00002e77
00002440
00000fec
ffffef3e
fffff03a
00000417
000002fc
ffffff47
fffffe7b
ffffee09
fffff88b
000004d8
fffff444
ffffd4e1
ffffe564
000010e7
fffff643
ffffea95
ffffe7f2
ffffe18e
ffffce34
ffffe03b
ffffe78a
ffffd808
ffffe52b
ffffdec5
ffffbcf6
ffffe025
ffffee65
ffffd12a
ffffe5d9
00000e4f
0000185c
00000fa0
fffff54e
ffffec55
ffffeffb
fffffa37
ffffff79
ffffee67
fffffc8f
fffff53e
fffff9dc
000002eb
ffffeb4c
ffffd56e
ffffe940
0000149b
fffffa79
ffffe56b
ffffe166
ffffddd5
ffffd645
ffffddfa
ffffde95
ffffd572
ffffe1bb
ffffdd2d
ffffd249
fffffdd7
000001d6
ffffd1fc
ffffeb7f
00000c8d
00001726
fffff185
ffffe3b2
ffffe062
ffffe612
ffffede3
fffffade
fffff863
fffff371
fffffbf8
fffff91e
000000a2
ffffe5bf
ffffdace
ffffea5a
00001078
fffffb65
ffffe92c
ffffdd65
ffffe1cf
ffffdb6e
ffffdea1
ffffd93a
ffffd7d1
ffffe4fa
ffffdf3b
ffffedb1
00000a8f
00000090
ffffe592
fffff4db
0000182d
00001539
ffffe5fe
ffffd707
ffffdc21
ffffe125
ffffeebe
fffff5ea
00000982
00000122
fffffc68
fffff62f
00000108
fffff991
ffffe331
ffffefdd
00000ee0
fffff661
ffffeb89
ffffedda
ffffef7d
ffffe42e
ffffe50f
ffffe6ca
ffffe4b0
ffffe87f
ffffe630
ffffec6e
ffffe89e
ffffea16
fffff0fb
fffffb82
00000bba
000008c2
fffff4bf
ffffe096
ffffe8dd
fffff060
ffffe37b
ffffe2b6
fffffc3f
fffff814
ffffecf2
fffffc07
00000894
00000520
ffffeac1
fffff5b8
000012bf
fffffceb
ffffef54
ffffe5e1
fffff48a
fffff4de
ffffedae
ffffdccb
ffffdf9d
ffffe5f1
ffffe438
ffffd956
ffffe9b0
ffffe9e2
ffffe1d5
ffffecf0
ffffe2f2
ffffea3f
000005d7
00000923
fffff822
fffff324
ffffe9d9
ffffd864
00000334
ffffeba9
ffffdfec
fffff668
fffffc78
ffffecc0
ffffe4f8
fffff7d0
00001295
fffff619
ffffee4d
ffffe898
ffffecc5
ffffde98
ffffe373
ffffd7d9
ffffca25
ffffcefd
ffffd224
ffffd67e
fffff920
ffffed12
ffffdba2
ffffd7ef
ffffcb6c
ffffd738
fffff091
fffff0e2
ffffe3a3
ffffe714
ffffdba2
ffffd42b
ffffda59
ffffe066
ffffc8fd
ffffd1a5
ffffeaf6
ffffeb9c
ffffe002
ffffde53
000002c8
00000a6c
00000878
fffff782
fffffa9e
ffffec10
ffffea04
ffffeb50
ffffe71a
fffff19f
ffffedfc
ffffee0d
fffff6f2
ffffef77
ffffe1ab
ffffedba
fffff8c0
ffffee58
000002a1
fffff860
fffff1d7
fffff6fe
ffffffac
ffffe6d6
ffffe0b6
ffffe42e
ffffdbdb
ffffe322
000002f3
00001312
fffff077
fffff51a
0000177b
fffff48e
fffffa81
fffff1e0
ffffefb9
ffffe8b1
ffffefd2
fffff8e8
000003f0
00000061
fffffbd7
fffffd3b
fffff3fd
ffffe946
fffff104
fffff720
fffff6bc
fffff8b4
fffff5a8
fffff174
fffffa4e
fffffb67
fffffd3a
fffff0ef
fffff566
0000034a
fffff8d8
0000010a
00000855
ffffff4f
ffffe381
fffffda0
000015c8
fffff7ea
ffffd203
ffffd864
ffffcb61
ffffca26
ffffcd7e
ffffcfdc
ffffd46b
ffffd5b9
ffffd1c3
ffffcf5c
ffffc93d
ffffcee7
ffffd310
ffffd41a
ffffce15
ffffce00
ffffcc60
ffffcd57
ffffd891
ffffd16f
ffffcd9e
ffffcafa
ffffd5da
ffffd1bd
ffffcd70
ffffccb6
ffffd5c8
ffffdb03
ffffcbce
ffffd615
ffffe986
fffff04d
ffffd0e6
ffffd6cb
ffffc2ae
ffffc1a6
ffffc210
ffffcc59
ffffcc70
ffffca8c
ffffc3df
ffffbee9
ffffba44
ffffbbcb
ffffc221
ffffc525
ffffc19a
ffffc053
ffffc0f6
ffffc078
ffffc58c
ffffbfde
ffffbde6
ffffc3e6
ffffd12d
ffffce88
ffffc9fe
ffffc892
ffffd127
ffffd13a
ffffbfb8
ffffd04e
ffffeb72
ffffed39
ffffbdb7
ffffb8bc
ffffaf11
ffffb104
ffffbc06
ffffc6c5
ffffc7d5
ffffaf12
ffffb5a6
ffffb718
ffffb062
ffffb15c
ffffb65a
ffffbb8e
ffffbd10
ffffb77d
ffffbcd8
ffffb350
ffffb6bc
ffffbd4a
ffffb5c1
ffffb666
ffffbb15
ffffb95e
ffffb079
ffffb5ce
ffffbc17
ffffb83c
ffffb179
ffffbf2e
ffffe5b9
ffffe714
ffffb439
ffffaea7
ffffa48b
ffff9e6d
ffffb57f
ffffb2a9
ffff9420
ffffa0d7
ffffba5a
ffffb231
ffffaab2
ffffac9b
ffffb2b0
ffffadff
ffffb080
ffffaca2
ffffb238
ffffaef6
ffffb588
ffffb4f7
ffffb17c
ffffaa76
ffffa795
ffffa881
ffffa284
ffffa379
ffffb502
ffffb619
ffffad22
ffffb253
ffffe491
ffffe34a
ffffae0b
ffffb2df
ffffa9c5
ffffa635
ffffb811
ffffa783
ffff940b
ffffbf12
ffffb97f
ffffac35
ffffc3cd
ffffc20b
ffffbb63
ffffa938
ffffa3f0
ffffa56d
ffffad08
ffffaf69
ffffb4cf
ffffa70a
ffffad7e
ffffa968
ffffa95d
ffffacaf
ffffa800
ffffa89a
ffffb013
ffffb84f
ffffaee0
ffffb050
ffffe4a6
ffffe592
ffffaf72
ffffa9f9
ffffaf63
ffffb2b9
ffffa7e2
ffff98f0
ffff9b23
ffffe3a4
ffffbff2
ffffcb9a
ffffdbc8
ffffcbb1
ffffb683
ffffba32
ffffa9bf
ffffa234
ffffa93d
ffffb7ed
ffffb2e7
ffffa476
ffffab97
ffffacb3
ffffa882
ffffa9bd
ffffa462
ffffa826
ffffa6e4
ffffaf34
ffffada4
ffffb20a
ffffe56f
ffffed07
ffffaf88
ffffa2f5
ffffa998
ffffbea6
ffffb270
ffff9b79
ffffe0a4
ffffdc77
ffffbe75
ffffcf4b
ffffdc21
ffffd0e9
ffffb8be
ffffba3d
ffffa8be
ffff99fb
ffff998d
ffffa77c
ffffaa3f
ffffa398
ffffa62a
ffffa3a8
ffffa7ab
ffffa52f
ffff9cb2
ffffa438
ffffa3ba
ffffa9de
ffffa8da
ffffb5cb
ffffe6f8
ffffeb87
ffffb088
ffff9708
ffffa4cc
ffffbd1a
ffffbc34
ffffb8fc
ffffe487
ffffc392
ffffadbd
ffffd01f
ffffc8d3
ffffc163
ffffb451
ffffa0cb
ffff9e52
ffff9c54
ffffa2be
ffffabf2
ffffa8d1
ffffa7ea
ffff97e1
ffff9bb8
ffffaaa7
ffffa249
ffff9b23
ffff9b95
ffffa475
ffffa1b2
ffff98d4
ffffb29b
ffffe4ad
ffffe914
ffffb266
ffff9a65
ffff9fba
ffffafe6
ffffbf5b
ffffcf53
ffffd1ed
ffffa7f3
ffffc724
ffffcd7e
ffffb4ea
ffffb901
ffffc5b1
ffffa105
ffff9261
ffff91a6
ffff9bfc
ffffa99c
ffffa9f8
ffffb08a
ffffa233
ffff9964
ffff9a48
ffff9838
ffff9aae
ffff9d50
ffffaa62
ffffa307
ffff922f
ffffad7e
ffffdc54
ffffe781
ffffac1c
ffffa59d
ffff983a
ffff9dc7
ffffeacc
fffff560
ffffcf18
ffffae72
ffffc7ac
ffffc9ec
ffffacfa
ffffb2d6
ffffcf59
ffffa1da
ffff89da
ffff85a5
ffff8b4f
ffff953c
ffff96ff
ffff98c8
ffffa3ab
ffff9b39
ffff9e7f
ffff9a99
ffffa2a0
ffff9fe4
ffffa8ba
ffffa9de
ffff9089
ffffabc2
ffffda07
ffffe9ea
ffffa386
ffffa513
ffffae4a
ffff9585
ffffceb6
ffffe4a5
ffffc1a9
ffffba5a
ffffcdf6
ffffd63e
ffffc5b0
ffffb85a
ffffacd3
ffff93b8
ffff934b
ffff9364
ffff7d9e
ffff91f4
ffff976c
ffff9480
ffff9b79
ffffa147
ffffa2c0
ffffa08c
ffffaaf5
ffffb035
ffffb35a
ffffaf69
ffff9fc4
ffffb37a
ffffd78f
ffffef46
ffffa632
ffff9e61
ffffb798
ffffa9c8
ffffc381
ffffd3e2
ffffd0ef
ffffd2ac
ffffde17
ffffd38e
ffffc71e
ffffbbdb
ffffb16d
ffffbf2d
ffffa596
ffff9ccc
ffff838e
ffff95ed
ffffa6a4
ffffa5d6
ffff9de1
ffff9947
ffff9670
ffff93f7
ffff9494
ffffa2dc
ffffadd3
ffffade1
ffff9f76
ffffb3f8
ffffdc1a
fffff67b
ffffb5f2
ffffafc6
ffffba6a
ffffb89b
ffffbf61
ffffc2ed
ffffd579
ffffc8cb
ffffcc8c
ffffc599
ffffbe72
ffffb01f
ffffca4f
ffffdb95
ffffbd11
ffff8ad3
ffff89a1
ffff9259
ffffaab5
ffffafbe
ffffab9b
ffffa68f
ffff9d4b
ffff9388
ffff94c7
ffffa36f
ffffaa21
ffffb1f9
ffffa54f
ffffbe57
ffffecac
fffffb49
ffffbfd8
ffffc1a1
ffffc3ac
ffffba62
ffffb79e
ffffc407
ffffc5d7
ffffc4a8
ffffc115
ffffd20d
ffffb97e
ffffb3b2
ffffd27a
ffffe2c9
ffffbeaf
ffffa659
ffffb166
ffffba96
ffffc316
ffffbaa5
ffffaa6d
ffff9ef0
ffffa66f
ffffa645
ffffae2b
ffffa6da
ffffa402
ffffb61d
ffffb467
ffffc91f
fffff26b
fffff9e4
ffffc38d
ffffc5df
ffffbed9
ffffb57e
ffffae82
ffffc5b9
ffffd24f
ffffd2c1
ffffd04c
ffffe1fd
ffffca32
ffffd276
ffffe859
ffffcda2
ffffaad7
ffffbd77
ffffdf3f
ffffe919
ffffe17a
ffffd13e
ffffd0c6
ffffcabc
ffffd0c2
ffffcf8d
ffffc68b
ffffb33f
ffffaedf
ffffc67b
ffffc0c7
ffffcdf3
fffff1ce
fffff862
ffffc3ef
ffffc14b
ffffbb4d
ffffb46b
ffffb2bd
ffffc86c
ffffd93e
ffffd30b
ffffd589
fffff2e4
ffffe441
ffffd407
ffffe20d
ffffbf4a
ffffa78f
ffffbf1d
ffffdac5
ffffe8a6
ffffddd9
ffffd1f3
ffffd648
ffffd89a
ffffddbf
ffffec3d
ffffe7f8
ffffd4ad
ffffbb88
ffffbc63
ffffc095
ffffc9d0
ffffe855
fffff873
ffffc52f
ffffc800
ffffc36a
ffffb25c
ffffacc6
ffffc1f5
ffffde3d
ffffd8aa
ffffe28c
ffffffcf
ffffef67
ffffd7df
ffffdcf2
ffffc490
ffffc1e6
ffffcb8e
ffffce4f
ffffcfd3
ffffc63f
ffffc69a
ffffc71f
ffffd0b9
ffffd807
ffffe26e
fffff0cd
ffffd5c8
ffffcb36
ffffbc81
ffffc2d8
ffffc793
ffffe2ef
fffff82b
ffffc506
ffffcda1
ffffd040
ffffb9fa
ffffadf4
ffffb883
ffffe024
ffffda4d
ffffed45
fffff66f
ffffe4f1
ffffc491
ffffcaf9
ffffc396
ffffcb30
ffffc9f0
ffffc5ea
ffffc318
ffffc1d6
ffffc71d
ffffc6d1
ffffcb15
ffffd329
ffffdafb
ffffe5e6
ffffd591
ffffd317
ffffc8d6
ffffbf82
ffffbeaa
ffffdcc1
fffff419
ffffc3b2
ffffd2b9
ffffd1e5
ffffbedc
ffffafba
ffffaf0b
ffffda3c
ffffe500
ffffe544
ffffebea
ffffcc73
ffffcbbf
ffffcf1b
ffffc8d1
ffffcc1e
ffffc9d9
ffffc06a
ffffc1a2
ffffbe33
ffffc1b1
ffffc712
ffffc8fe
ffffcc8f
ffffd5d0
ffffd9ce
ffffd31a
ffffcf5e
ffffcfe8
ffffbccd
ffffba65
ffffd7b0
fffff0d0
ffffc22e
ffffcda1
ffffc925
ffffb6ab
ffffb1c3
ffffa7ce
ffffd064
ffffe725
ffffdd16
ffffda65
ffffda83
ffffd08d
ffffbf4f
ffffbb68
ffffbc92
ffffc68e
ffffc196
ffffc34f
ffffc196
ffffc385
ffffcb4d
ffffc7d2
ffffc97b
ffffd198
ffffd3e8
ffffce06
ffffcd3e
ffffd6f6
ffffc7d2
ffffbae5
ffffdc4c
fffff689
ffffc428
ffffc7b5
ffffc007
ffffb940
ffffaf4b
ffffab1d
ffffb980
ffffe653
ffffec03
ffffdcad
ffffebc4
ffffe7a0
ffffbb0d
ffff9dd5
ffffa6fb
ffffbd62
ffffc5a2
ffffcb89
ffffcb22
ffffd174
ffffcc02
ffffc846
ffffcbb1
ffffcee3
ffffcbda
ffffc63d
ffffcedb
ffffe005
ffffc53a
ffffbbd6
ffffe173
fffff532
ffffc105
ffffbda0
ffffb6e6
ffffbab0
ffffb777
ffffafca
ffffb471
ffffc90d
ffffe183
ffffe699
ffffdcbb
ffffd4ba
ffffb3f8
ffffa292
ffffb1ac
ffffcb0e
ffffc8bf
ffffcef3
ffffd236
ffffcf89
ffffce00
ffffca58
ffffce35
ffffcc55
ffffcba3
ffffc87d
ffffcbdc
ffffd873
ffffbf19
ffffc09f
ffffe2b9
fffff3f0
ffffc178
ffffbc19
ffffb972
ffffbab3
ffffbbf2
ffffb763
ffffb2d0
ffffbc32
ffffc802
ffffd5ba
ffffdbf3
ffffd4ed
ffffca8b
ffffbb7b
ffffc01b
ffffdbd5
ffffcec5
ffffca6a
ffffc7c7
ffffc76e
ffffd5b5
ffffcb52
ffffcee0
ffffc736
ffffc121
ffffc278
ffffc707
ffffcdae
ffffb580
ffffc5fa
ffffe3a9
fffff38e
ffffc4a1
ffffbbeb
ffffb2da
ffffaed1
ffffb2f3
ffffb67d
ffffba8d
ffffbcb9
ffffc06b
ffffca83
ffffda77
ffffebaf
fffff6f2
ffffeb90
ffffdd2f
ffffd800
ffffc342
ffffbe87
ffffc67d
ffffd4b3
ffffd15b
ffffd9d7
ffffd937
ffffc8cf
ffffc145
ffffc685
ffffd007
ffffca5d
ffffabfb
ffffc135
ffffe62f
ffffeec8
ffffc2bf
ffffc0c1
ffffb647
ffffac4a
ffffb20e
ffffb536
ffffbc67
ffffb849
ffffaf9b
ffffb253
ffffb5da
ffffc81f
ffffdd90
ffffeff3
ffffd0d6
ffffc345
ffffae55
ffffa800
ffffa535
ffffafb5
ffffbf50
ffffc9ca
ffffe272
ffffd4d6
ffffcc85
ffffcdcc
ffffd1e1
ffffcce4
ffffb133
ffffb56e
ffffe410
ffffe799
ffffc00d
ffffc2ab
ffffb9c6
ffffb6c2
ffffb7c0
ffffb2d4
ffffb18d
ffffb24c
ffffb97c
ffffafe4
ffffaff2
ffffb6fc
ffffd0c5
ffffd91c
ffffc22a
ffffbd7f
ffffbc78
ffffadfc
ffffae95
ffffa3fa
ffffbb7b
ffffcc58
ffffd978
ffffdcfd
ffffd400
ffffd895
ffffd659
ffffc086
ffffb25f
ffffb80e
ffffe5b2
ffffeea5
ffffbdda
ffffbb91
ffffbe61
ffffc293
ffffb80c
ffffadf9
ffffa713
ffffbcf2
ffffb8cd
ffffb257
ffffaada
ffffae78
ffffaeb7
ffffab34
ffffbe2f
ffffc119
ffffb770
ffffabb6
ffffb700
ffffaf18
ffffb7e4
ffffc0ad
ffffb077
ffffca31
ffffcf11
ffffd503
ffffdb90
ffffb038
ffffa536
ffffbd7f
ffffdd88
ffffe4d0
ffffb5bd
ffffb2e0
ffffb8ed
ffffbb6d
ffffbbfe
ffffc34b
ffffbbd3
ffffc397
ffffb9f4
ffffbda2
ffffc00c
ffffb713
ffff9504
ffff8edf
ffffb30a
ffffcf18
ffffb802
ffff9808
ffffb209
ffffbdfa
ffffb26c
ffffb0ce
ffffa19c
ffffb13d
ffffca72
ffffcda4
ffffe2a8
ffffc97d
ffffaa26
ffffbace
ffffe56e
ffffee1d
ffffb61a
ffffb542
ffffbbeb
ffffc98f
ffffbc92
ffffba2f
ffffad24
ffffa924
ffffa888
ffffb339
ffffb8a0
ffffb999
ffff9eaa
ffffa211
ffffbe72
ffffc318
ffffb89b
ffffa9ec
ffffbe90
ffffd068
ffffb1ad
ffffa912
ffffacfd
ffff9f44
ffffabfd
ffffb71e
ffffc4eb
ffffcea5
ffffc1d2
ffffc0bd
ffffeb6a
ffffec7a
ffffba71
ffffbdf3
ffffc364
ffffbd21
ffffb11e
ffffa25b
ffffa5c9
ffffa3ad
ffff9cef
ffffa2e6
ffffa8e7
ffffa5df
ffff9bc9
ffffa941
ffffa604
ffffaa3b
ffffad81
fffface5
ffff9da6
ffff978a
ffff862c
ffff9433
ffffaae6
ffffa87f
ffffa2b5
ffff975c
ffff9a5f
ffffa8f4
ffff9749
ffff9e84
ffffd764
fffffd78
ffffcd09
ffffb25d
ffffb65a
ffffb730
ffffb5e1
ffffbfa5
ffffc8be
ffffd042
ffffc7eb
ffffcd7d
ffffcbe0
ffffb629
ffffa97e
ffffb8cc
ffffb4aa
ffffbb41
ffffc5f8
ffffcc78
ffffc4e3
ffffc336
ffffbb86
ffffb3d6
ffffc4d4
ffffc5d1
ffffb9ef
ffffac72
ffffc20b
ffffbe59
ffffb951
ffffb3d3
ffffe55a
fffff128
ffffc541
ffffb9d1
ffffb14a
ffffb85f
ffffbe63
ffffc70c
ffffd11f
ffffcf4f
ffffc5b6
ffffb7b0
ffffc1a8
ffffc2fa
ffffc7a2
ffffd4d8
ffffc93b
ffffbba2
ffffc3f5
ffffcc83
ffffd439
ffffc650
ffffc3cf
ffffc4ea
ffffd3e6
ffffd550
ffffd3fd
ffffcb66
ffffd80f
ffffccd3
ffffb8f9
ffffc017
ffffe4aa
fffffe19
00000295
0000022a
0000017c
fffffaa2
fffffc9a
fffffa62
fffff6f5
fffff9e2
fffffa52
fffff710
fffff703
fffff819
fffffbc3
fffff700
fffff796
fffffcf1
0000044e
000003c9
fffffe1c
fffff80c
ffffff9e
000003d0
000005ea
0000061b
00000654
fffffadd
fffff264
fffff6c3
00000ceb
000008d9
00000cd4
fffffa9d
fffff972
fffff941
000000d7
fffffd02
fffffe6d
fffff4c6
ffffee1d
fffff8fd
fffff926
fffff220
ffffed97
fffff2da
fffffd61
fffffd4f
fffffa76
fffffdc9
000000dc
00000280
fffffc36
fffff962
0000010a
fffffa62
fffffbe9
000004c1
0000026e
fffffb3b
fffff465
000004c4
000013e8
0000080e
000012b0
fffff408
ffffef5b
fffff942
fffffae9
fffff7a0
fffff34c
ffffef9c
fffff575
00000060
fffffa29
fffffff4
fffffe2a
fffffc53
0000053b
000006c6
000004f1
fffffedc
000005bd
00000a24
fffffc7b
fffff235
fffff97f
fffff2da
fffff810
ffffffdf
fffff900
fffff2a6
ffffef1f
fffffb72
00000897
fffffd8e
00000dac
00000486
fffffffa
000003a3
fffffe46
fffff3f4
ffffe930
ffffd9e8
fffff81c
00000405
00000026
000008be
0000056a
000001b2
00000e5f
00001025
00000ae7
0000069b
00000ab9
00000224
fffff4d1
fffff59e
00000227
fffffde1
ffffff5e
000001a6
fffff5ba
fffff135
fffff1c6
fffff4e6
fffffc3b
ffffff49
00000ed2
00000872
00000763
0000051c
fffffde7
ffffe894
ffffcce4
ffffd22a
fffff679
00000ac6
0000157d
000015e3
00000c41
00000ef4
00001360
000009b3
00000094
000001c6
00000776
fffff89d
fffff2e4
00000d67
00001d36
00000a1e
00000128
fffffb6b
fffff780
fffff754
fffffb78
fffff92f
fffffe41
fffffffc
00000dbc
00000cc2
00000a53
000005fa
fffff810
ffffe2e9
ffffd932
ffffdabe
ffffe64a
000003f3
00000c39
0000121b
00000eba
000017e7
00000cc3
fffffa88
fffff582
fffffce4
00000221
fffff959
fffffea3
000026dd
00002900
000009d7
fffffc7f
fffffa4f
fffff75f
fffffc1d
00000338
fffffa92
fffffd33
fffffa3b
00000c4d
0000073e
000004ee
00000373
fffffc67
ffffee77
ffffd45e
ffffce05
ffffce9c
ffffee75
0000227d
000013c3
00000c6d
00000185
fffff16b
fffff907
0000020f
000007f1
0000048c
fffff9ef
fffffcdb
0000184d
0000062c
fffff590
fffffb15
fffffafb
fffff6da
fffffd7c
000003d6
fffffbea
fffffda0
fffff964
00000b6f
fffffa82
fffff4f2
00000185
ffffff28
000002a5
fffffe10
fffff0da
ffffdfb5
ffffebe7
00001511
00000585
fffff31c
ffffdd66
ffffd524
ffffeae9
00000899
0000085b
00000290
fffff6c1
fffffcb8
00000818
fffff151
ffffe92c
ffffefa8
fffff396
ffffecff
fffff389
fffff450
ffffe951
fffff256
ffffecda
00000d55
00000877
00000bcf
00000e2a
fffffb53
00000df2
00000a40
fffff708
ffffe032
ffffe75c
ffffe95d
ffffee6f
fffff3fd
ffffcf5a
ffffc9e3
ffffe2f9
fffffb73
00000779
fffff7d3
ffffec66
fffff36d
fffffc64
fffffa56
000001ab
fffff984
fffff4f6
fffff100
fffff870
ffffee5d
ffffe4bf
fffff567
ffffebdb
00001219
000006a7
00001245
00000ee4
000007e2
000013ee
00000b59
000002e8
ffffe6d0
ffffd971
ffffc89d
ffffe67f
fffff26a
ffffd57b
ffffc1dd
ffffd876
ffffebe5
0000011b
000019b7
00001545
000011ae
00000e39
0000085b
00000be9
00000e9d
00000e48
00001055
0000188d
000013aa
0000073c
000012be
00000170
000017e0
0000031c
00000be3
fffff83d
fffffe59
000009a5
0000038e
00001255
fffffc22
fffff013
ffffe13a
ffffe27e
ffffed52
fffff2e2
ffffdf16
ffffdb95
ffffec4a
fffff89d
00000c10
000009c0
ffffff47
fffffbf9
0000060b
0000056d
ffffff4e
00000306
0000077e
0000089a
00000474
0000025f
000009fc
fffffa09
00001047
0000061f
00000a70
fffff9f4
fffff821
fffffe4f
ffffff8a
fffffab7
ffffef01
fffff537
fffff65c
ffffefa9
fffff283
00000ac8
00000bfb
ffffe034
ffffea3f
fffff733
000005a3
00000f09
00000a46
00000909
000009e7
00000f2b
00000625
fffffda9
0000025a
0000088f
000004bf
fffffd56
00000166
ffffee1d
00000687
00000584
00000b21
00000176
000006a3
00000273
fffffa25
ffffea4e
ffffecb9
00000a78
ffffff15
0000006a
00000cb2
0000162a
00000918
fffffa53
fffff9ad
fffff971
fffff261
ffffeeb3
fffff522
fffffbe5
000000b6
00000318
00000444
fffffee1
fffffce5
00000309
0000061b
fffffe7a
0000059c
fffff89d
00000a10
00000445
00000989
00000606
00001297
00000bfe
fffffdde
ffffea77
00000141
000020ee
0000162c
00000278
00001a0f
0000221e
fffff4ab
fffff829
0000116b
00001731
00000f9f
000007a8
0000032d
00000890
fffffe3f
fffffb7e
000002af
00000092
fffffa46
000001ad
000000e9
00000051
00000fb4
fffffd9d
000006df
000007d6
00000809
00000539
00000d14
00000f07
00000639
fffff5f6
00000fbd
00002a07
000013cd
ffffffcf
000018bb
000015b1
fffffcce
00000d55
0000279a
0000239c
00000ba4
fffffd9a
00000a7b
00001309
00001441
000011b1
000013c2
00001059
00000695
fffffdf3
ffffffa9
0000091a
00001496
fffffeff
0000057d
00000b90
0000053b
00000210
00000aff
00000d82
000006bf
fffffcb9
00001330
0000276c
000010e4
fffffa6d
000001ac
00001ab2
00001ca1
00001b1c
0000205a
00001315
fffffa16
fffff702
000005d3
00000a61
00000a3d
000010b4
000013fe
00001383
00001074
00000c68
000001e3
000003a8
00000f3c
fffffddb
000003b2
00000f03
00000782
ffffff9d
00000da9
000011ab
0000077f
ffffff33
000012b0
000022ed
000006c8
ffffe24c
ffffe6fd
00000d56
00001f88
0000233a
000012ba
000002d5
fffffbc4
fffffe46
00000072
000007bf
0000065b
00000d5e
00000f62
00000b2d
00000f12
00000ee7
0000093a
fffff7d3
000006ab
fffffb5d
0000060a
00000ec1
0000063d
0000009f
00000ba5
00000d9c
0000026f
000002b0
00000d17
0000185a
fffffd60
ffffe785
fffff62d
00000625
000015d3
00001f39
00001201
000005eb
fffffe82
fffffcad
fffffe09
fffffeaf
0000033a
000005ed
00000450
000002a7
00000a37
000017a2
00000da8
00000502
ffffff15
fffffe6e
00000a58
0000116a
0000050b
fffffbdb
00000330
000001c3
00000154
00000422
00000bcf
00000b8b
0000007f
fffff9f9
fffffed2
fffff485
fffff541
00000d12
00001015
00000d8c
000004d7
0000005b
fffffd77
ffffffa6
fffffee7
fffffd22
000001c0
00000026
00000676
0000168c
00000c96
000008a4
fffffd83
fffffb49
00000c5f
000012bd
000002a7
fffffa83
fffffa7b
fffff9fa
fffffc7c
0000048f
000003ef
00000ec9
000008f8
00000950
fffff894
ffffcc4d
ffffcfb5
ffffe9d2
fffffbf6
000008bf
00000e93
00000c70
000007b1
00000155
fffffaa4
fffffb57
00000322
00000468
000001c7
0000114d
000012dd
00000fb4
000004dc
fffffd1e
00000d69
00000d8b
fffffd1d
fffff1e3
fffff5c4
fffff9af
fffffb19
ffffff92
00000b20
0000112c
00001698
00001bb5
0000043a
ffffca44
ffffbcf0
ffffd239
ffffe370
00000037
00000c5f
00000d94
00000b9f
0000013e
fffff8ce
fffff883
fffffec2
00000371
fffffc7c
00000883
00000c2c
00000a60
00000157
fffff976
00000ed6
00000d10
fffff2eb
ffffe5eb
ffffef53
ffffed09
fffff096
fffff1ff
000002c0
00000bd0
00001289
00001eb4
00000c85
ffffea81
ffffdf01
ffffde59
ffffd2a2
ffffe6af
fffffdcd
00000c81
000009a0
0000019c
fffff959
fffff9c1
fffff8e6
000000d4
fffff602
0000069a
00001336
00000ba2
00000391
fffff904
00001103
00000601
ffffeb7c
ffffe833
ffffebbe
ffffef18
ffffe915
ffffe8a0
fffff3c7
000009a9
0000162e
00001f7b
0000045b
000003be
0000017f
fffff286
ffffca9e
ffffd55d
fffff8bb
00000752
0000063d
000002e9
fffff690
fffff965
fffffb46
fffffe33
fffff408
fffffd57
00000778
000007fa
0000023a
fffffa46
000011bd
00000266
fffff09b
fffff5f6
fffff910
fffff292
fffff3da
ffffff36
00000007
00000482
00000c36
00000e55
ffffff67
0000174d
00002504
0000072b
ffffd916
ffffde60
00000476
000002e7
fffffc9e
fffff354
fffff295
fffffae8
000005b1
000003b9
fffff7fb
00000059
000004ea
00000108
fffffab2
fffff0ac
00000ccb
000005e6
fffffe0c
00000304
0000036d
fffffea5
fffffbe5
00000007
fffffcb1
fffff522
fffff78f
fffff581
ffffef13
00002219
00001ac2
00000bab
fffff36c
00000fc3
000014a6
000006c1
ffffeaee
ffffd97b
ffffd71b
ffffe519
fffff3ea
0000023f
00000410
0000109c
00001462
00000877
fffff9b5
ffffec8b
000001be
00000373
fffffb60
fffff492
fffffa60
fffff705
fffff763
fffff232
ffffeec7
fffff6e8
fffffb70
fffff4db
000001b8
00002abd
0000286b
0000175b
00000a79
00001788
000013ab
00000ae6
0000046a
fffff1bb
ffffe1d2
ffffded8
ffffdbf2
fffff1d0
000002f7
00001ab4
00000fa7
00000c3b
000001cc
fffffc21
00000656
00000cf8
0000096a
fffffed5
fffffb9a
fffff5af
fffff1e9
fffff453
fffff2f1
fffff98f
fffffc56
fffff58d
000009f9
000010e6
000008c4
fffffeef
000014ff
00001bd7
fffffe61
fffff7ca
fffff454
fffff473
ffffdacf
ffffc71e
ffffda1e
fffff0a4
fffff5a3
fffff7f8
fffff891
fffff636
fffff56a
ffffe256
ffffffdf
0000047f
fffffb54
ffffee2b
fffff1a0
fffff51d
fffff2c3
ffffec3d
ffffec26
fffffc0f
fffffd8c
fffff130
fffff17f
ffffe7bd
ffffef88
fffff5b2
000007d7
0000035d
ffffe874
ffffec8a
ffffee52
ffffee6e
ffffdcb1
ffffd274
ffffef8b
ffffe643
ffffd2c1
ffffead2
fffff166
fffff335
ffffeb6f
ffffe0f6
000003a4
0000010b
fffff921
ffffe8b7
fffff08d
ffffec06
ffffe79e
ffffe124
ffffebdc
ffffed37
ffffe946
fffff2ca
fffff4e0
fffff140
ffffec8b
ffffeb7b
00000126
ffffe78d
ffffe85e
ffffefb0
fffff7de
fffffa8a
ffffee3d
ffffde6b
fffffa28
ffffe124
ffffdb2a
ffffeacf
fffff410
fffff993
fffff3e8
ffffdf47
00000ddc
00001025
000012cc
fffff7b4
fffffab4
fffff375
fffff2d5
fffffc49
fffffc93
fffff27b
ffffe79b
ffffe962
ffffef1f
ffffed38
fffff261
000002c8
00000e3f
fffffdc5
fffff991
00000594
fffffdb7
ffffed4e
ffffe72e
fffff0ba
fffff431
fffff208
ffffe8b1
ffffe691
ffffed44
fffff4aa
fffff63a
ffffe727
00000719
000005b5
00000b3d
ffffffe6
00000318
0000002f
fffffab3
00000118
fffff40c
fffff9c3
00000036
0000010c
0000052e
ffffff53
ffffff90
000002ed
000005d7
0000031e
000004aa
00001155
00000c88
0000069e
000012ae
00000e4d
fffff82d
ffffee73
fffff50e
fffff2e1
fffffa4a
0000108c
00000a79
fffff63b
000004c1
000004ed
00000731
fffffce4
fffffcfb
fffffea5
fffffb72
fffffc30
fffffb62
fffff501
fffffcf0
ffffff95
ffffffa4
0000047d
00000486
0000008d
00000112
000001ff
fffffb2b
00000b04
00000883
00000482
000003ed
fffffb7f
fffff52c
0000023d
00000365
000000f4
00000147
000006aa
fffff7e7
fffff19e
0000008e
ffffff4e
00000575
00000230
0000040e
00000485
000003b9
000007c0
00000c9c
00000d36
0000090f
0000091f
00000979
0000098f
00000ac1
000006da
00000827
00000935
000011fd
00000e10
000005b6
00000d99
00000c85
000008c1
000001ef
ffffffc6
00000229
00000224
000003cf
00000304
00000d9c
00001214
00000606
fffffd37
00001140
00000e00
00000566
ffffff80
00000771
00000f37
0000173c
0000182a
00001341
000010b5
000010b5
0000150c
00000df9
00000022
000000e4
000004af
00000fbc
00001127
00000a72
00000779
00000c7a
00000bf0
0000061b
00000607
000009b3
0000050d
000001b0
fffffc8b
00000a1b
00000bc8
0000086e
ffffffb9
00000cb4
00000797
fffffcff
fffff5ac
00000357
00000fcc
000022d3
00002770
00001cd1
00000f75
00000c3f
00001100
00000a51
fffff39e
fffff075
fffffb73
fffffe8f
fffffe1f
fffff806
fffff5f7
fffffe44
000008c3
000005a1
000005b0
000001e2
fffffd65
fffffcd8
fffffcbe
00000048
00000aac
000004f2
000006cb
00001143
00000280
000001c2
00000b61
00002200
00003e47
00004a39
000043af
00002d62
00001dbd
000015fc
00001ce5
00001b57
00000dc9
0000056c
0000036f
00000900
000010bd
0000093c
00000264
00000cba
00001317
00000e31
ffffff9b
fffffe87
0000030f
0000029d
00000427
00000a19
00001513
00000b75
000001d4
00000b61
000001f2
000008d4
00001d97
00003765
00003fc5
000050c5
0000356c
00000ad9
000010b4
00000d0b
00000e2c
00001337
00000fac
00000aa2
0000086e
00000d6a
0000186a
0000140c
00000b8c
000007e2
000005bc
ffffffe2
fffffc3b
000005d5
0000057e
000003fc
ffffff95
000009d2
0000122b
00000c6e
fffff9fb
00000b30
00000c0b
00001c2d
0000329c
00004030
0000338f
000011d9
ffffe960
ffffde87
00000004
00000a79
000003f2
000011e9
00000fcb
000012fe
0000134c
00001341
0000150c
000011d5
00000a7f
00000437
fffffb04
00000098
00000021
00000f0b
000010fb
00001109
00000697
00000c44
00000cca
00000b0c
fffffd0f
00000f5e
00001369
00003093
0000468f
00005230
00001d7e
ffffebb6
ffffc598
ffffd0fb
0000023f
00000793
0000068a
000011ce
0000199e
0000141f
00001594
00001ce1
00001a36
00001d98
000018da
000018bf
00001939
00001218
00000f07
00001ab0
00001bd5
00001b80
000010c6
00001280
00001092
00000f58
fffffbfa
00000ec1
00001067
00002c20
00004ba5
000047f4
00001a8f
ffffe534
ffffeaae
fffffd41
0000173b
00001d27
00001231
00001ef1
00002486
0000164d
00000ea7
000013d4
000016a6
00001e94
00001671
00001ff4
0000192d
000012b0
00000686
00001348
0000168c
0000148c
00001454
0000179a
0000152d
000015a6
fffff61f
fffffd4d
0000071c
00001e39
0000221d
000008f7
00000323
fffff486
000007a7
0000385f
00003fd6
00002f93
00000f5e
000011c7
000015b9
00001ca0
00000a0b
000009cc
000005a7
000017ca
00001ee6
0000178c
00000f57
0000074d
0000034a
00000f72
0000098f
00000aa4
00000a06
00001295
0000128c
0000148c
ffffeb59
fffffbdf
000009e7
0000038f
ffffebf9
ffffedb4
fffff468
fffff79c
00001288
00004fb0
0000635d
000027ca
00001256
000006ec
00000c26
00002b63
000029ea
0000146d
00000924
0000116d
00000b95
000000e2
fffffc1f
fffff1db
fffff42a
fffff5a8
fffff925
fffff2c6
ffffefbd
000001d5
fffffc9a
00000109
ffffe896
ffffff03
0000068f
0000006e
ffffea87
fffffb06
0000094d
fffffdfe
00000f1b
000045ec
0000410a
00000b3f
00000c8c
00000a76
00001179
000022a6
0000270e
00002073
00001d72
0000268a
000012cf
00000285
fffff94c
fffff56c
ffffeffb
ffffefe9
ffffef68
ffffebf8
ffffec5e
fffffdb5
fffff828
fffffb12
ffffe385
000003c9
00000586
000000ba
00000504
000008c1
000016a4
fffffe96
fffff918
ffffffb7
0000038a
ffffef4d
fffff310
00001859
00001c3a
000000d5
fffff986
000002c5
00000d90
00001abc
000017d3
0000154d
000017a8
00001027
00000f04
0000078d
fffffa71
fffff26d
ffffedd2
fffff835
fffffca2
fffffed0
ffffe490
00000948
00000581
000000b8
00001220
00001f74
00001c35
0000030d
fffff488
ffffe60e
ffffee92
fffff066
000008cf
00001f5f
00001b91
ffffef62
ffffeb32
000002f2
000010df
00001798
00000d8c
00000da1
00000d0e
00000d6e
00000bb4
00000fed
00000f10
00000671
00000325
00000342
00000b67
000007e6
ffffe5f5
00000940
000005ed
000006ea
000016e4
00002c00
00001d7b
00000642
fffff718
fffff659
000005a5
00000dbb
00001876
00001fb2
00000550
ffffdbd7
ffffd9a3
fffff9ed
0000008d
00000654
fffffaba
ffffffc2
000006e2
00000403
00000407
00000652
000007d7
00000a4e
00000a48
000010d0
00000f15
00000893
ffffebde
00000fd9
000009e1
00000e78
00001b45
000023ea
00001865
0000028e
fffffd10
00000262
000009e2
00001bca
00002015
00000777
ffffe424
ffffcf59
ffffdd1a
fffffdbb
0000047e
fffff607
ffffee95
fffff43f
00000330
fffffede
fffffebe
000007b4
ffffff6e
0000042b
0000030b
00000b43
00000d4d
000005ba
fffff10b
00000eba
00000692
00000f8e
0000189a
000026f6
00001dee
0000108e
0000009f
00000074
00000d4e
000027f3
00002209
fffffbc2
ffffe952
fffff1e3
00000514
0000062a
fffff883
ffffea75
ffffeea5
fffffc3c
00000e52
000011ae
00000eee
000005b9
fffffad5
fffffaab
00000526
00000772
00000de3
000005c7
fffff22f
00000bb8
000005b0
0000061b
000014fd
00002f5e
00002f87
00001c2d
fffffebf
0000063c
000005d7
000010a8
000029ac
00001b36
fffffda7
fffff880
000008d5
0000047a
fffffec3
fffffc25
000001d0
00000ad4
000011c7
000017bd
000015b9
0000158e
000010cf
00000559
000001ea
0000009e
00000c91
0000076b
fffff607
00000d11
0000097b
00000964
000015c5
00002def
00003446
00001da1
000004e6
0000085b
000001dc
fffffb5f
00002997
00002bb6
00001420
000002c7
000005af
0000018c
000001d9
00000209
00000686
00000b2a
000010ce
000014e8
00001de0
00001ecf
000018a1
0000087a
00000123
00000592
00000cbc
00000d52
fffff59f
00000a20
000006e7
00000c25
0000194d
000027eb
000031ef
00002959
000013e9
00000d46
000001a4
fffff23a
000007eb
000027e3
00002384
000011a9
000005c3
0000061d
0000073c
0000067a
00000bcb
00000e45
00000f9d
0000115b
00001581
00001f9e
00001c0a
0000125c
00000558
0000082a
00000e12
00000f49
fffff32f
0000096a
000003d1
0000098e
00001595
00001fe3
00002d8f
00002e1f
00001a3b
000005d5
ffffffde
ffffee97
fffff3fa
000016e9
00002f7b
00002358
000015bb
00001717
00000d30
00000d2a
00000c93
00000fa5
00000f74
000010f4
00001480
000019bd
0000170e
00000aa3
000002c0
00000525
00000dc2
00000ce6
fffff252
00000567
00000393
00000854
00000c28
00001409
000022f2
00003572
00002461
00000d75
fffffce9
fffff0c5
ffffee27
00000546
0000218b
00003f1d
0000351c
00002682
00001a10
000017fc
00001163
000010b9
0000120c
00000c25
00001324
00001e07
000017e2
00000e92
00000413
00000419
000009c9
00000c63
fffff379
00000a51
000003ab
00000766
0000092c
00000c7a
00001d9a
00002bd1
000033dc
00001916
000008b1
000009f9
fffffd16
00000133
00002024
00003871
000036ed
00003279
00002879
00002166
00001d6b
00001757
000016d5
00001108
00001611
00001c59
000013a7
00001802
000005ae
0000062f
0000060b
0000080b
fffff937
00001178
00000806
000009f7
00000960
00001302
000012d6
00000e49
00001bcc
00002af1
00001da9
000015d8
000005d4
fffffaab
fffff82c
0000081a
00001e02
00003103
0000321b
000023cc
00001f04
00001d39
00001b4a
00001823
00001554
00001ac4
00001553
000017eb
000009a5
00000f78
00000333
00000906
fffffcb3
0000150a
000008cb
00000986
0000088f
000008c2
00000c19
ffffff15
fffffa42
000015ed
00002291
000011ba
fffff933
ffffdfcf
ffffe7f6
fffff024
fffff6b8
000013a8
00001f54
0000100e
00000d0e
00001413
00002483
00001a6c
00001f78
00002212
00001f37
00002002
00000353
000006ca
000008b3
00000d67
000005e1
00001460
000006be
00000a37
0000098e
00000106
ffffffa6
0000040d
00000cc2
0000116f
00001c89
00000f20
fffff965
ffffeca1
ffffebc6
ffffeb7e
ffffeafb
00000230
000011a5
00000bec
00000c3d
00001401
00002696
0000254a
000022f7
00002ec7
00002f8f
00002766
000002f9
000005f1
000008db
00000dad
0000033c
00001127
000002c7
0000003e
ffffff93
fffff787
000002f6
00000a50
0000118d
0000084e
000012ce
fffffed9
fffff410
fffff4a0
fffff695
fffff6d8
fffffab5
0000069c
00000849
00000d98
00000811
000003b8
00001827
00002545
00002ed7
0000389a
000036bc
000020b6
00000e8f
00001871
000010ea
00000b15
fffffe41
00001310
00000dd2
00000bad
0000080a
00000207
00000c05
000014b6
0000148b
000004e1
00000b5c
fffff7fb
ffffe9d7
000003cf
0000054a
fffff6ba
fffffa82
00000c87
00000fc4
00001220
000001eb
00000227
0000125d
00001bf4
000012a5
0000188d
000024cd
000010d1
000008d8
00001e04
00000c52
00000121
fffffb79
000013e5
000015db
000008b7
000006b8
0000062f
0000055b
000010d6
000018ec
0000167c
00000e43
0000072d
fffff1b2
00000b74
00001782
fffff726
fffff82b
00001543
00001d47
000011d5
00000619
fffffeea
00001019
00000e6a
fffff574
fffff53b
00001087
00001574
000015e0
000017d7
00000685
00000308
fffff61a
000013e6
00001484
fffffe66
fffff9c4
00000746
00000f49
000016f8
00002669
0000244a
00001174
00000be5
000005b9
0000099a
00001234
000003f9
00000570
00000f77
00000a00
00000d39
00000621
000015e5
00000a98
00000d16
ffffff3e
00000798
00000b0c
0000090e
000013cb
ffffffcb
fffff913
fffffa09
000003e1
00002603
00002169
00000ea4
000011fb
00001775
0000234b
00002716
00002760
0000241c
000019c6
00001903
000025d9
00001d95
0000248b
000025c6
00001db1
00000fe8
00000b7d
000011ed
000017e7
00001a85
00001a33
00000fad
00001071
00000e27
00000f02
00000c1a
00000ea2
00000c06
0000031a
00000f96
fffffdaf
000015d3
000018da
00001588
00000e44
00000b5e
00001099
00001045
000008d3
00000264
000000b4
0000028d
0000090c
00000a71
00001227
00001565
00000d66
00000314
fffffacf
000005de
ffffff81
fffff30a
fffff53d
ffffffd2
fffff6d2
fffff4e6
fffff536
fffff2da
fffff686
0000016f
fffffd09
fffffb17
00000d59
000022e7
00001f9d
00001db1
00001912
00001c18
000016fa
00000df7
000006a4
ffffff7e
fffffa34
000009bb
00000a1d
00000d2e
000011d6
00000ef5
000011f3
00000fbe
00000ec4
00000dbd
0000090d
00000527
0000088a
00000c6d
00000880
fffffaec
fffff691
0000006e
00000cdc
0000062d
fffffc32
00000445
ffffee2b
fffff515
ffffef99
ffffec98
ffffecc4
ffffe71f
ffffe161
ffffd8bb
ffffd95d
ffffda37
ffffdef3
ffffdbd9
ffffe738
ffffe831
ffffe834
ffffe2dc
ffffdf13
ffffecda
ffffe6f6
ffffe5b8
ffffe6eb
ffffe361
ffffeaca
fffff85d
fffff4b3
ffffeffb
fffff4c1
fffff5e1
ffffee75
fffff4d7
fffff82a
fffff853
fffff2fb
fffffe69
fffffaff
fffff629
fffff5e1
fffffb44
fffff02a
ffffe6fc
ffffdc49
ffffd607
ffffe318
ffffdfe2
ffffea53
fffff36b
fffffb6c
fffff877
ffffec5f
fffffbc2
fffffae3
fffff2cb
fffff673
ffffeade
ffffea5e
fffff811
fffff91c
fffff5fe
fffffb0d
00000047
fffff7c2
fffffbc1
00000c16
00001238
ffffebc3
fffff550
fffff8a2
fffff2ac
ffffea33
fffff62f
ffffe674
ffffe2e9
ffffd7e6
ffffd8f7
ffffdb85
ffffd2cd
ffffea24
fffff5ed
ffffec28
fffff656
fffff200
0000023d
0000009b
fffff71c
fffff3d1
ffffe94f
ffffe5ad
fffff1a4
fffff8e1
ffffe765
ffffe5cb
fffff836
fffffafd
fffff6ba
0000012c
00000c0f
ffffee2f
fffff5d0
fffff89e
fffff523
fffffc13
0000044d
fffff8f1
ffffe3cf
ffffd334
ffffdb73
ffffcb8d
ffffcbc3
fffff200
00000055
fffff22c
ffffeb75
fffff51f
0000019c
000007bc
00000526
fffff90e
fffff77e
fffffaac
fffffab8
fffff73b
ffffef1c
ffffe7ae
fffffa8d
00000614
00000076
00000436
00000e46
fffff430
fffff2ba
ffffe90b
ffffed1c
fffffa6c
fffffcb8
00000def
ffffe6e9
ffffd3ff
ffffd19b
ffffe835
ffffdde1
ffffe587
fffff78d
fffff9e4
fffff1e5
ffffeed3
fffff7bd
00000187
fffffe3c
fffff453
fffff81e
ffffff1a
fffffbe3
fffff4de
fffff32c
fffff1d0
fffff5c1
00000056
00000728
0000088b
00001109
fffff6c8
fffff2da
ffffe4ea
ffffec11
ffffee6a
ffffe22a
000006e3
000002ba
ffffcbcc
ffffe4fa
0000020c
fffffcae
ffffe6a3
fffff23d
fffff8ed
fffff39c
fffff755
fffffba8
00000656
00000146
fffff1ed
ffffe9b3
fffff9d3
fffff3ea
fffff45b
fffff16f
ffffed86
fffff546
fffffb1a
00000565
00000863
000012e6
fffff522
fffff300
ffffede9
0000074e
ffffeebc
ffffe7e7
00000588
00000372
ffffd644
fffff46c
ffffff4c
fffff979
ffffeb7f
000000ff
fffff916
ffffeb21
ffffff28
fffffd66
00000da7
00000fbd
fffff1b7
fffff099
fffff318
fffff815
fffff636
fffff937
fffffa72
fffff4ef
fffff222
fffffd57
0000032e
0000129c
fffff1fa
fffff5c3
fffff143
00002686
0000274e
000009b5
ffffec55
ffffe158
fffff420
ffffec88
fffff058
fffff46c
ffffe472
ffffffc1
0000032a
fffffd35
fffffb9b
fffffe99
0000052a
00000abf
fffff431
fffff83e
fffffe6b
00000012
fffff485
fffff183
fffffa8f
fffff3ad
ffffeff3
fffff5be
fffffaf0
00000f5e
ffffeb39
fffff067
fffff0cc
00003b22
00004502
00002416
fffff84d
ffffe1ed
fffff72d
000003ec
ffffe7be
ffffec32
ffffe13b
fffff15c
fffffebc
000000f6
000001c9
00000414
000007e6
00000bf1
fffffc09
fffffd89
ffffffc8
00000a10
0000091e
0000056b
0000084c
fffffee3
ffffff0d
00000542
00000fcf
00001385
ffffdb77
ffffe18b
ffffdfc1
00001269
00001fec
000020bd
0000014d
ffffd475
ffffe81f
0000187b
ffffe72a
ffffec7c
ffffdad9
ffffcf5c
fffffc6a
00000bdb
fffff775
ffffddb3
ffffde96
fffff4b5
ffffef0d
fffff291
ffffead8
ffffec18
fffff6e6
fffffca9
fffffa5f
ffffed35
ffffed6a
fffffc4c
00001a62
00001539
ffffd62f
ffffd9b4
ffffd42d
ffffefbd
fffffa76
00000195
ffffebac
ffffd5d5
ffffe72e
000001b5
ffffe6c1
ffffdec2
ffffeb29
ffffe036
ffffed1f
00001041
00000746
ffffd530
ffffc483
ffffdd9b
ffffd21d
ffffd1f2
ffffce41
ffffd1e1
ffffd8c3
ffffdee0
ffffdb77
ffffd57a
ffffd06e
ffffdf0e
000006ab
0000108d
ffffe0e6
ffffe844
ffffd8d0
ffffe936
fffff217
fffff72a
fffff588
ffffd8bd
ffffdb62
ffffe3c2
fffff723
ffffde66
fffff868
00000b35
ffffeb99
ffffefa6
ffffed4c
fffff344
ffffe3e9
ffffe424
ffffd572
ffffd286
ffffc46c
ffffc0a6
ffffca7d
ffffd951
ffffd827
ffffd47c
ffffd524
ffffd4c1
fffff781
00000dec
ffffe799
fffff0a6
ffffdf4b
fffff71e
fffff7a9
fffff9dd
000003c5
fffff05a
ffffe847
fffff868
fffff8f5
ffffe99e
0000055e
000003fc
fffffb7d
ffffdc97
ffffdef9
fffff3b9
0000019d
fffff5b3
ffffe135
ffffdf3a
ffffdff4
ffffd56b
ffffccb1
ffffcb41
ffffd191
ffffdc5c
ffffe60e
ffffe6bb
fffffc16
00000f3f
fffff27a
fffff793
ffffea18
fffffde9
00000495
0000017c
fffffa71
fffff71b
fffffb2d
00001d53
00001022
fffff1ee
fffffb64
000003cb
fffff1a9
ffffcfc2
ffffdfd2
fffff1c8
fffff1ec
ffffeeb2
ffffd898
ffffd980
ffffe53a
ffffee5a
fffff026
ffffe644
ffffdfa8
ffffe7e4
fffff1d6
ffffef4b
000002a8
0000119d
fffffa0b
000001c5
ffffefd1
000001ef
00000a02
00000655
0000015b
0000026b
fffff80e
00001474
000029a7
ffffff21
ffffea90
ffffefe0
fffff3e6
fffff10e
ffffed23
000000c1
00000486
ffffe80a
ffffde5d
fffff137
ffffebe1
ffffe44d
ffffed38
0000120c
00000ae8
fffffeb5
fffff98e
fffff01b
fffffcdb
00000cd1
fffffb05
0000021a
fffff243
000005da
00000734
000007b5
00000b48
00000a14
ffffe9a2
0000014c
00001aeb
0000083a
ffffe089
ffffd9fe
ffffff85
0000032f
fffffe4f
0000001d
ffffff75
fffff1ef
fffff236
fffff9bc
000002f9
fffffd54
ffffeec8
0000161e
000019dc
00000d2e
00000797
ffffef50
fffff81f
00000838
fffff6be
fffff95b
fffff713
00000098
0000055f
000011fb
000022ea
00000c17
ffffe92d
fffffcd9
00000362
0000017b
ffffec82
fffff3d8
0000005a
ffffff7c
fffffa7e
fffffe9f
fffffe4d
000001e8
fffff9f6
fffff7f8
000002a8
00000cb7
00000287
00000635
0000226e
0000120d
00000473
fffff124
fffff763
00000aca
ffffeff6
fffff65f
fffff6bd
ffffff54
fffffeee
000014a5
000034e8
000015b1
ffffef66
fffffafd
00000bd1
fffff9b5
fffff828
00000d79
00000243
fffffa54
fffff6ea
fffff03c
fffff891
fffffe1a
fffffef2
fffff64e
fffffac9
000005e6
000000dc
fffffc19
000011ba
00000a69
fffffbe2
fffff4e6
fffffcb4
0000125f
fffff09a
ffffef7b
ffffe955
fffff350
fffff79d
00000e3a
00003410
00002c18
0000001f
ffffedcf
00000dd3
000007f7
fffffd85
00000f41
0000134f
fffffad5
ffffebc1
fffff041
fffff1d0
fffff20f
fffffe7d
fffffb65
fffffb86
000000bf
fffffa8e
fffff419
000007fd
00000613
fffff355
fffff223
fffffc7f
000017cd
fffff1e7
fffff3b6
ffffe781
ffffeec1
fffff581
000007c4
00002ca8
000047b3
000006b3
fffff1e4
0000038f
00001019
00000450
00000977
000018c0
00000280
fffffb73
fffff626
ffffedc6
ffffeee7
fffff735
fffffbac
fffffc43
000002d9
ffffface
fffff497
fffffe94
0000008c
fffff217
fffff332
fffffc46
0000146d
ffffeb87
ffffeec4
ffffec57
fffff2ec
ffffef39
fffff757
00001f29
000053a0
00002abd
ffffea1e
fffff49e
00000e35
00000038
ffffed36
fffffb79
00000580
00000b64
0000049d
fffffb09
fffff4c4
fffff6b1
fffffd0b
fffffd7f
fffffe10
fffffcf8
fffff41c
fffffd9e
fffffff7
ffffebb3
ffffefca
0000053e
0000157e
ffffe9d7
ffffe733
ffffe612
ffffeca1
ffffe5b3
ffffe610
ffffffaf
000021d6
000042a6
000004ca
ffffdaff
ffffeba0
fffff3b3
fffffa17
fffff0ce
fffffcc6
0000061c
000001ed
000005cb
000005b2
fffff9b6
000000e1
00000618
fffffbfa
fffff8d6
fffff346
00000487
ffffff7f
ffffe2dd
ffffed3a
00000a64
00001c79
ffffe71d
ffffe6ea
ffffe1b0
ffffe8c4
ffffeba5
fffff1df
ffffece0
fffffaf4
00002a49
00002cdf
fffff4b0
ffffdd65
ffffe4c2
fffff025
ffffead6
fffff789
00000256
fffffdc8
fffffcd8
0000165b
00001097
0000079a
000003af
ffffffc8
fffff2fa
fffff72d
00000637
00000029
ffffe7a8
ffffeecd
0000051a
00001988
ffffe35e
ffffed21
ffffe18b
ffffe761
ffffe3d7
fffff595
ffffec2e
ffffd93c
fffff212
00001733
00000a9b
fffff356
ffffecc5
ffffebb1
fffffbd2
fffff268
fffff888
fffff170
fffff551
00000edd
000014a1
000008b1
00001025
000008d1
fffff6f1
fffff984
00000650
ffffffe5
ffffe46f
ffffe976
ffffff9a
000017eb
ffffe7f6
ffffef86
ffffea77
ffffea90
ffffe105
fffff398
fffff53b
ffffe2f8
ffffe59e
fffffd04
00000e8c
00000d67
00000e1d
ffffe48b
ffffeed9
000000fb
fffff96b
ffffed45
fffff12a
0000023f
00000ac0
00001304
000020b8
000013b5
000000e6
000006a5
00000fb1
fffffc31
ffffe485
ffffe089
000007d4
00001461
fffff1d8
fffff2f8
ffffe81a
ffffeae2
ffffe3d3
ffffe8a4
ffffeddb
ffffeeb1
fffffe17
fffffd2a
00001ac6
000015d2
00002287
fffff821
ffffdb2f
ffffff4b
000012dd
fffff19c
ffffe070
ffffe63b
fffff396
00000637
00001ee0
00001e94
000004d0
00001118
00002203
0000075d
ffffee88
ffffe12f
fffffdcb
0000154f
fffff9e8
fffffd13
ffffea2a
fffff20b
ffffd8d7
ffffda8c
ffffec6d
fffff872
fffffed2
fffff1c2
0000148e
00001232
0000093f
0000075f
ffffed3a
00000324
000009b4
fffffa18
ffffea86
ffffec78
fffff32c
fffffaa7
00000db4
00001b86
fffff6d0
000006e6
00003089
00000e4c
fffff8ab
ffffe6bd
ffffed7d
00000af0
fffff8e1
00000210
fffff45b
ffffee8c
ffffe59e
ffffd549
ffffdf30
fffff379
000003c3
ffffefa5
fffff466
ffffda8d
ffffc9d9
fffff215
0000008c
0000053e
fffff460
000001fc
0000000c
ffffe9a0
ffffef6d
ffffee7a
fffff8e4
000017de
ffffee1c
ffffff02
000012e8
000014f6
fffff8e6
fffff4ea
fffff51f
00000495
fffff4d2
fffffd77
ffffef48
fffff17b
ffffee0f
ffffe006
ffffdb17
ffffeb4e
0000050c
000004cc
fffff40b
ffffd263
ffffc745
ffffd387
00000443
fffff326
ffffeab3
0000014b
00000905
fffffca6
ffffeae1
ffffe054
ffffe927
0000073e
fffff1cb
ffffe0a6
fffff1c8
00000376
ffffe872
ffffe5eb
ffffef70
fffffebc
fffffa4e
ffffed5f
ffffcb76
ffffda20
ffffded5
ffffea38
ffffe727
ffffe85a
fffff7f2
fffff160
ffffe586
ffffdc35
ffffd59f
ffffd889
fffff672
ffffef7b
ffffdcdd
ffffe1de
fffff080
fffff2fc
ffffec9b
ffffe51e
ffffe39a
ffffec64
fffff164
ffffde42
ffffe6da
fffff7ff
ffffe741
ffffd247
ffffea4b
fffffcb3
00000c22
000003cf
ffffee06
fffff40e
fffff47e
fffff371
00000052
ffffee38
ffffe6b2
fffff04f
ffffefe8
fffff18f
fffff91d
ffffef9f
fffff43d
fffff438
fffff4d1
ffffed78
ffffe5dc
ffffe6f2
fffff1f4
ffffed03
fffff103
ffffe6fa
ffffeaef
fffff1dd
ffffecfc
fffff1bd
ffffe080
ffffe4a0
ffffebbc
fffff20b
fffffd85
fffff853
fffff6ef
0000004e
fffff983
fffff4b7
fffff9f4
ffffee50
ffffec60
fffff126
fffff91f
fffffa8f
fffff332
fffff55b
ffffeeb5
fffff763
fffff657
fffff48e
ffffec65
ffffdece
ffffe2a0
fffff294
ffffec3f
ffffe46a
ffffe917
ffffefa3
fffff115
fffff4f3
ffffe891
ffffe6a7
ffffffcb
00000bf2
00000bac
00001bed
00001ca1
0000219e
000023d4
00001faa
000016b1
00001ea5
00001f00
00001f51
00002840
0000245b
000021ed
00001c25
000020eb
000021bd
00002322
00002904
00002780
00002c13
000028a0
00002604
0000239e
000025ef
00001bf1
00001d50
00002176
00001cad
00001c00
00001fcc
0000185a
000021b9
fffff48f
00000a44
0000119f
00001212
0000128d
0000111c
000007ba
000012d4
0000183c
000012b1
0000180b
000013e5
00001656
000010da
0000108a
0000128f
000010ee
0000144d
00001dbd
00001a00
00001d87
00001ab6
0000139a
000017d2
0000187b
00000f01
000015e1
0000167e
000017a9
0000193e
00001ace
00002805
00000861
00001512
000021bc
000016bb
00000c18
000010fc
0000175e
00001ae9
0000146e
00001720
00001250
00000afe
000019c5
00001b51
000012a5
00001e73
00001cda
000020e1
000015e5
0000110e
000013bd
00001037
000009f1
000016ca
00001fc6
000015a5
00001507
00001dde
000020a8
00000dff
0000154f
0000214c
00000966
00001397
00001d80
00001714
00000c71
000004ae
00001bb8
000003b6
fffffd36
00000325
fffffb98
ffffe702
0000049b
00001861
00001623
0000217a
000023b3
00001d43
00001760
00000a62
00000d69
00000e56
00001134
0000130a
00001734
00001177
00000ed8
000019ce
0000211e
000015e8
0000129a
00001da3
00000e3f
0000120f
0000193a
0000101b
00000261
fffff6f3
00000fab
ffffeb3f
ffffd660
ffffecd8
ffffdd5c
ffffdd53
fffff536
00000d10
00001586
000012f9
00001286
00000d27
000008bf
0000091b
00001686
00001def
0000217d
0000192d
000015e1
00000a6d
00000caa
00000f23
000012c6
0000163e
00001181
000019e7
000004d7
00001217
00000cd6
0000029a
fffffc6f
0000064a
000005d9
00000aa6
fffffaff
fffffaae
ffffe4eb
fffff68d
fffff822
00000114
00000387
00000849
0000062a
fffffaa0
fffffd64
000000d6
00000b2a
0000178d
000015d3
00000ecf
00000837
000007bb
00000901
000006e8
00000b80
000014f8
00000ec2
00001872
fffffd5e
00000134
fffff3e9
fffff5a2
fffff9e2
fffff060
fffff78e
00000f93
00000d40
ffffe28a
fffff748
0000084c
00000933
fffff4ca
fffff46e
fffff837
0000014a
fffffdd9
0000024e
00000262
fffffcf1
000005ae
00000053
fffffadf
fffffa02
fffffdc1
0000007b
0000015d
0000039a
0000075a
00000e3c
00001762
fffff6cb
0000092b
fffff33f
ffffffc0
00000aa9
ffffe998
fffff057
000004de
fffffc15
fffff424
00000264
00000c20
00001c04
00001443
00000085
0000027d
00000567
0000072e
00000f69
00000893
ffffe938
ffffedd4
fffffa31
00000953
0000062f
fffffc42
fffff5aa
fffff8a3
fffffce5
fffff9b0
000003b6
00000fd8
000000c3
00001ef0
000011d7
00002658
00001c4b
00001c0d
fffff724
000004ab
ffffe68f
00000fbb
00000cc7
000015a4
00001ec9
000029ec
00000e97
00000a7a
0000142a
00001c83
0000224b
0000237e
000010a3
000014b4
000018ef
000025c1
00001ec5
00001793
00001a81
00001bff
00001a05
000015a9
00001ab0
00001d70
fffff959
0000130f
00001442
00002785
00002c41
000040b2
000028bb
fffffd5a
000002d6
00002776
0000219e
00001665
00001dbc
00002328
00002e91
fffffd21
000004d5
000017cf
000024e0
00002def
000029c7
000030c5
00001e37
00002623
00001a86
00001ac0
00002154
000024a9
0000223f
0000202c
00002fdc
000030b2
00000409
00001096
00000d47
000028bb
0000344a
00002f3d
0000338d
000014d4
00001752
00002daa
00001d57
00000512
000018d1
00000efb
000021e4
00001cb1
000009e7
000014e7
000018a7
000028d1
00002cfe
00002644
00001fff
00001f7f
0000124f
00001844
00001be0
0000191d
0000174d
00001a9e
00002a74
000025b6
00000443
0000014a
ffffeff0
00000e0e
0000186d
00001856
000010ee
fffffea8
000006d3
00001656
00000f51
fffffc81
fffffac6
000007f9
0000050a
000009c1
fffff598
ffffde55
ffffec89
000005f0
000014c1
00001403
000016cc
00001ee3
00001d9a
000011bd
00000df5
00000879
00000803
000006d0
00001b4d
00001cd8
00000431
fffffbc9
ffffe953
fffff831
fffffd64
0000074e
000003fc
00000434
00000670
000010e1
fffffa8b
fffff6fc
ffffecf7
fffffab0
000012dd
0000270a
000010f5
ffffea4e
ffffd8f9
ffffe9d1
ffffef62
ffffe7cd
ffffdd5d
ffffe809
fffff8f1
fffffb17
fffff043
ffffeddd
ffffeeaf
ffffe630
000001de
00001439
00000480
fffff14e
ffffe8f5
fffff4ff
fffff516
00000175
fffffce2
fffff84c
ffffef91
000007b3
ffffff40
fffffb7b
ffffef47
fffff97d
00001fe7
000023de
00000ab1
000000c1
fffff0df
fffffbf7
ffffff6b
fffffaf3
ffffee87
ffffe3b2
ffffeb91
fffff1ff
ffffdde3
ffffdaab
ffffe1db
ffffe403
fffff91c
00000f81
000007dc
fffff23e
ffffe9c9
fffff70f
fffffa8f
fffffed3
0000031d
00000736
fffff904
0000037c
0000139f
0000171b
fffffde6
00000d66
00001ce2
fffffb54
ffffe1fe
ffffeaf0
ffffeb73
fffff4fb
fffffcb8
fffffbc1
fffff800
fffff501
ffffee9c
fffffcb5
ffffe3f1
ffffdba0
ffffe325
ffffe469
fffff8eb
00000c86
00000895
fffff603
fffff115
fffff51a
fffffaf7
ffffff09
00000672
00000f1b
000000ec
00000bd4
000021ad
00002c61
00000d55
0000089b
fffffab3
ffffdd05
ffffe005
ffffe90b
fffff7cc
0000020e
000004d1
00000033
fffffe55
00000415
fffff05e
fffff5a9
fffff6e8
ffffe37f
ffffdf00
ffffe202
fffff195
00000838
00000622
fffff7d2
fffff1f7
fffff595
fffff87f
fffff8e7
00000d6b
00000dae
fffff1ed
00000587
0000185a
000028ca
00001227
ffffff42
ffffe3ce
ffffe3e5
ffffe5fd
fffff303
00000361
0000015f
0000065f
000000d7
0000037f
000004bf
fffff590
fffffef5
0000094b
fffff05e
ffffe18c
ffffe186
fffff5d6
00000c85
000006b9
fffffb7b
fffff113
fffff3e5
fffff373
fffff5c0
00000d55
00001347
fffff1c8
000003b4
00001886
00002150
00000efd
00000483
ffffe607
ffffecaa
fffff278
fffffa7f
fffffe95
0000001b
000001b1
fffff9d3
fffffc9f
fffffd39
fffffa2d
0000049e
000006f5
fffff90d
ffffe51b
ffffdfa9
fffff466
00000d03
000006d3
fffff927
ffffef81
fffffb2c
fffffa6d
fffffb0f
0000074f
00001b7d
fffffd30
fffffe02
000014c2
00001095
000008f9
00000373
fffffa07
ffffe6d0
fffff5f6
fffff878
fffffc99
0000038d
00000486
ffffff11
00000213
000004cb
0000004f
00000b4d
00000bd5
ffffffe0
fffff6f5
ffffee49
fffffc83
00000f30
000005a4
fffff7d3
ffffecbb
fffff5ea
fffffda0
00000ae3
000011c7
00002843
00001cb2
fffffd8e
00001828
00001324
000014b3
000012b3
00000c81
ffffef3c
ffffefaf
fffff50d
fffffada
fffffc87
fffffc8b
000000fd
fffffe7f
000005ff
000004f4
000005fb
00000b28
fffff81b
fffff718
fffff7b6
0000047f
000011a4
00000891
fffffa06
fffff4dd
fffff870
0000050e
00001191
00001d85
00002f29
00003c9d
00000ae1
000007f2
000017cb
000017f1
0000259c
00002c8b
00000bb9
fffff659
ffffed3f
fffff820
fffff707
fffff267
ffffff4a
000000aa
00000039
00000250
00000001
00000545
fffffbf8
00000026
00000062
00000d9b
00001611
00000272
fffffba3
fffffd45
000003d9
00000a97
00001584
00001dcd
000027a0
00004245
000037f5
00001166
00001b50
000015a5
00001f0a
000026df
00002003
00000487
fffff9c0
ffffed41
fffffc9c
fffffcd0
00000367
000003cc
fffffbaf
fffffcdc
0000040a
000001e2
fffffc7a
00000701
000008b0
00001307
00001f29
0000006e
00000746
00000772
0000165b
0000164f
0000161d
00001314
000017f8
000031eb
0000431c
00002d61
000018b0
00001d97
00000d0e
000008ae
000014c8
000028e2
0000149b
00001541
00001fa3
00001efb
00000dec
000007e2
0000058b
0000012b
000003ef
00000464
fffff5d9
fffffac2
0000010f
000010f3
00001e87
000007f3
000019ef
000019ad
00001e8e
00001949
00000df9
00000c32
00000b73
000015b9
00002bdb
00001839
00000173
00000b75
fffff9fe
fffffc8b
000007f8
00002869
000030ec
00003bad
00004146
0000360d
000014c5
000001fa
000001ae
00000314
fffffe2d
ffffff66
fffff481
fffff369
fffffa05
000012aa
00001836
00000cf4
00001a22
00001896
000015cf
00000b8b
00000734
0000046b
000006a9
000001af
0000016c
0000072a
ffffea0d
0000014f
fffff78c
fffffd31
00000d01
00000919
00001630
00003101
000036c4
00003687
00002bcd
00000dd3
00000bbe
fffff13c
fffff30d
ffffefe7
fffffe4c
000003c8
fffff4fa
00000cd0
0000229e
00000a9b
00001721
00000b3b
00000afc
fffffe72
fffffc1b
fffffe0f
fffff120
fffffa98
fffff4c2
000003ed
fffff75b
fffff3f3
00000970
fffff543
00000d6b
fffff282
fffff564
000003ae
00000cdf
000010e2
00001460
00001e60
000019eb
fffffcf3
fffffaa4
fffffc3e
ffffeffd
fffffff2
ffffec14
ffffff24
00001de2
ffffff84
00000621
fffffda0
00000431
fffffedf
fffff03c
fffff41a
ffffefc1
ffffff1f
fffff200
00000d40
00000ae6
000005a5
000014d8
00000e6a
00001eb0
00000250
fffffe51
fffffc1f
fffff55c
fffffe77
fffff3c4
00000db8
000018a8
00000499
000010ee
00000f8c
fffff4c9
ffffe84f
ffffebd1
fffffa43
000011a3
fffff7af
fffff366
ffffe924
fffff537
fffff4f9
ffffe91e
ffffeb41
fffffc23
00000633
00000559
00000688
000005c5
0000020d
000003f2
00001023
00001a86
00000754
ffffebe9
ffffebab
fffff742
fffffb09
00000363
00001cda
0000272e
00001b65
0000209c
00001a99
00001130
ffffe95f
ffffe767
ffffff8b
00001163
fffffc90
fffffc2c
ffffef8a
000003dd
00000051
fffff08f
ffffee17
fffffaf2
ffffffcd
fffffbfd
fffff666
ffffed69
ffffeae5
fffff267
fffffce9
00000c42
0000064b
fffff63a
ffffec02
ffffee83
fffff114
fffffb89
00000854
000011dc
000015fd
000015e5
000011d6
00001b8d
fffff03a
ffffdcbf
0000023e
000011e6
00000673
00000ce4
fffffd79
000014da
000019a5
00000819
00000108
fffffd91
fffff75b
fffff8b3
fffff0f0
ffffead9
ffffe9ee
ffffe5aa
fffffd68
00000e15
00000d00
00001780
00000d7d
000011ba
000014c8
00000f66
0000144d
0000048c
0000027f
000004f1
00000cbd
00002707
0000014f
fffff6a4
000013c7
00001579
00000497
fffff307
ffffdeab
fffff1b4
ffffefd1
fffff0ff
ffffec31
ffffd86b
ffffdc84
ffffe27c
ffffe6dd
ffffe09b
ffffe326
ffffe538
ffffe782
fffff24a
ffffe93c
fffffce1
00000885
0000070d
000007ff
00000075
fffff58c
ffffed91
ffffead9
ffffe397
ffffec58
fffff2d1
fffff326
ffffe68d
fffff87c
00000e7d
00000f91
0000059b
fffff0a6
fffff6bd
fffff3b4
fffff7f6
fffffc1e
fffff2e3
fffffb2c
000000db
fffffe8e
fffffad5
fffffbb6
fffff4b4
fffff7f8
fffffe67
fffff6c5
fffff1d4
fffffdc1
fffffa28
0000047d
00000099
fffff6ea
ffffec26
fffff994
fffff8e4
00000195
ffffff86
00000043
fffff54f
ffffff89
000000da
fffffc9d
fffffcc9
fffffc4d
fffff638
fffff45a
fffffa62
000002c9
0000038e
fffffcd7
fffff486
fffff3b2
fffffc80
00000131
fffffcf4
fffffa42
fffffd4d
000004da
fffffd88
fffff46b
fffffd28
0000035b
00000004
fffffd8d
fffffcee
fffffbcb
fffff647
fffff8ff
ffffff29
000006b8
00000411
fffff1b7
fffff480
fffff675
ffffe766
ffffe593
ffffe8d3
ffffed2b
fffff139
fffff598
fffff889
fffff3a5
ffffea3b
ffffee63
fffff7ee
fffffde1
fffff6b8
ffffed76
fffff067
fffff8bf
fffff5e4
ffffe7a1
fffff160
fffff681
fffff2a7
ffffefca
ffffeb2d
ffffe8c0
ffffe552
ffffed9b
fffff74d
ffffffa3
fffff76b
ffffe389
ffffe7f2
fffff66a
ffffe77c
ffffdf88
ffffe06f
ffffe212
ffffe47f
ffffe933
fffffc00
ffffee6b
ffffec68
fffff4d0
fffff113
fffff1e1
ffffee16
ffffe519
ffffe405
ffffebec
ffffedb2
ffffe5d0
ffffeb14
fffff869
fffff313
ffffec0f
ffffe30c
ffffde5c
ffffe071
ffffe8ba
fffff33e
fffff3fc
fffff0e1
ffffe583
ffffea82
fffff807
ffffe64f
ffffe583
ffffe3c3
ffffe4bc
ffffe907
0000000c
fffffc44
fffff9fe
ffffeb63
00000082
fffffa78
ffffef03
ffffe9d0
ffffe479
ffffe35a
ffffe3b8
ffffe86a
ffffe794
fffff150
fffffd0f
fffff967
ffffef77
ffffe44f
ffffe530
ffffe4a0
ffffe919
ffffefdf
ffffee18
ffffec6e
ffffe610
ffffed9c
fffffa95
ffffe6c0
ffffe9fc
ffffea12
ffffec12
ffffee76
fffffd11
ffffe826
fffff081
ffffe7a6
fffffc10
000006d1
fffffaad
ffffe860
ffffe84f
ffffe8cd
ffffe623
ffffefe8
fffff206
fffff720
fffffa66
fffff0c8
ffffe8b2
ffffe49c
ffffe8ac
ffffe99f
ffffe4e6
ffffe7d5
ffffe516
ffffe82e
ffffe9bc
ffffee1b
ffffff19
ffffee3e
fffff60e
fffff680
fffff306
fffff848
fffff497
ffffeddc
fffffa90
ffffe631
fffffc87
00000bcb
000000d2
ffffe7a1
ffffe2ee
ffffed98
ffffef6a
fffff92e
00000183
fffff966
ffffed6c
ffffe9b3
ffffe634
ffffe882
ffffeb7c
ffffea79
ffffe8b7
ffffe804
ffffeaae
ffffee24
ffffebb5
ffffef43
fffffb3b
ffffe85c
fffff924
000006e6
00000f51
fffff1d6
ffffeada
fffff289
ffffe204
ffffe221
fffffa1b
fffff520
fffff8ad
ffffeef5
ffffe762
fffff1b0
ffffe8c7
fffff2d6
fffffed7
fffffa8f
fffff59b
ffffee13
fffff600
fffff28a
ffffee5a
fffff043
fffff102
ffffeb17
ffffec6b
fffff1eb
ffffeb77
fffff544
fffffaca
ffffee66
fffff2b3
00000228
0000056b
00000bd1
ffffec62
ffffedfe
ffffce31
ffffee26
0000000b
ffffea7a
ffffe9e3
fffff5a9
ffffe486
ffffeb23
ffffe811
ffffea9c
fffff623
00000119
fffffd72
fffff5eb
fffff034
ffffe93f
fffff11c
fffff889
fffff710
fffff281
ffffeab0
fffff36e
ffffeed5
fffffbf2
fffff6ff
ffffef5f
ffffedf8
ffffeacd
ffffe7e8
fffffeb3
000004d3
fffff245
ffffcdf4
ffffdf5e
fffff24e
ffffdbf3
ffffda78
fffff5ef
ffffde33
ffffdb5e
ffffe2ee
ffffee9e
fffff629
fffff8c9
fffff0d6
fffff151
ffffe466
ffffeaf9
fffff4f4
fffff317
fffff0e0
ffffecaf
fffff0fc
fffff024
ffffeac0
fffff43c
00000084
ffffec06
ffffed59
ffffeaea
ffffe661
ffffedaf
000008fa
fffffe03
ffffe95a
ffffe0fb
ffffe48b
ffffe10a
ffffe662
00000214
fffff505
ffffdd42
ffffdf0e
ffffe857
ffffe674
ffffe4a1
ffffd247
ffffdc38
fffff23b
ffffeff0
ffffeb60
ffffe6b0
ffffe71a
ffffe293
ffffe37b
ffffe50c
ffffdbed
ffffec1b
0000031e
fffff298
fffff0d4
fffff55a
ffffec35
ffffe250
fffffda0
0000167c
00000459
ffffe7fa
ffffdc79
ffffeea3
fffff638
000000bf
00000c8f
fffff87f
fffff729
fffff2a0
ffffee3f
fffffb17
ffffe6dd
ffffed43
ffffefc4
ffffefa7
ffffed1b
ffffef43
fffff190
ffffea0a
ffffe8fb
ffffea86
ffffe7c0
fffff167
0000007c
fffff04d
ffffe70d
ffffedca
fffff7fd
ffffe873
000007be
00001dc0
00000ec5
ffffec6c
ffffeb54
fffff484
00000518
00000b32
00001694
00001576
00001002
ffffffe3
fffff236
fffff6ee
ffffeb82
ffffe34b
ffffe19d
ffffe4fd
ffffdf4f
ffffe1e2
ffffdd9b
ffffdf9c
ffffdf64
ffffe00f
ffffe9bf
fffff524
0000012d
ffffedc4
ffffeb8f
ffffe8b9
fffff45c
ffffe6a0
fffffa72
00001005
00000ba5
ffffff86
00000771
fffffe77
00000412
000003f3
000010cc
00000def
00000c66
00000624
00000538
00000eb2
000013c7
00000799
0000007b
fffff744
ffffe43c
ffffdf73
ffffd9cf
ffffdd7d
ffffe249
ffffde96
ffffdfef
ffffec2a
0000016e
ffffeb57
ffffeb56
ffffe815
ffffef73
ffffe27e
fffff7a4
00001349
000011e1
000007c5
00000390
0000107e
00000249
fffff9e7
fffffcd3
fffff42f
0000046d
00000dbf
000009f9
00000f50
0000193e
000017e0
0000156a
00001978
00001472
00000374
fffff066
ffffdf62
ffffe659
ffffe08b
ffffd99a
ffffe636
000003bd
ffffeb9d
ffffec99
ffffeaee
ffffee86
ffffe524
fffffde3
0000188e
000010b4
fffffc8a
ffffed01
fffffb41
fffff3ee
ffffe871
fffff443
ffffeef4
00000dca
0000068e
fffff64d
fffff2e5
fffff6c1
fffffc6c
000002a3
000010d9
00002567
00003041
00001afe
fffff0e8
ffffe6c0
ffffe380
ffffdaf5
ffffe79d
00000271
ffffed98
ffffed53
ffffecc3
ffffed0d
ffffe1a0
fffffa66
000014c2
00000f9c
fffffa42
ffffe326
ffffe517
ffffe76e
ffffe9c9
ffffe99d
fffffacf
00000023
fffff355
ffffebd6
ffffe762
ffffeff8
fffff635
fffff69c
000003f2
000018e0
00003607
00001eb7
000001cc
ffffe606
ffffe3e5
ffffd9a5
ffffe587
fffffdff
ffffeb48
ffffef95
ffffeffd
ffffefa3
ffffdf9d
ffffef08
00000a42
00000841
fffff950
ffffda3e
ffffde2b
ffffe574
ffffe6f9
fffff1bb
fffffc61
fffff33f
ffffee96
ffffe779
ffffdff6
ffffe9b9
ffffee25
fffff187
fffff9c7
00001090
00001c05
00001c14
0000029b
ffffee0a
ffffe8e2
ffffdbc4
ffffe3d5
fffffd39
ffffed56
ffffef59
ffffef3a
fffff59f
ffffe34e
ffffedbf
000006cc
000005e8
fffff3ff
fffff317
ffffeb57
ffffef51
fffff315
ffffed58
fffff3c3
fffff10d
ffffede8
ffffe489
ffffe040
ffffe6b3
ffffedf3
ffffef71
fffff153
00000169
00000883
00000ec8
ffffff6d
ffffee13
ffffea5e
ffffdccd
ffffe690
ffffffba
ffffee1c
ffffef63
ffffec4a
fffff598
ffffed29
ffffeb21
00000216
0000034f
fffffab8
fffffcbd
ffffffa9
fffff79d
fffff2c6
ffffdfc0
ffffe757
fffff271
fffff1ab
ffffef2e
ffffeb4d
ffffec5f
ffffee39
ffffee0b
ffffedfa
ffffff5f
00000311
00000815
ffffff91
ffffeff8
ffffed32
ffffe258
ffffed05
0000016e
ffffeea6
ffffee56
ffffebe3
fffff252
fffff312
ffffe6e2
fffff134
fffffc80
fffffda2
00000642
00000b1f
000003cd
ffffde00
ffffc54f
ffffd88f
fffff458
fffff77a
fffff5b3
fffff472
ffffef1f
ffffee64
ffffedfa
fffff00b
fffff6c5
fffffd48
00000344
00000160
fffff092
ffffeb8c
ffffe430
fffff1c0
ffffff26
fffff1af
ffffef94
ffffecec
ffffeb5d
ffffeae0
ffffdfb0
ffffdd76
ffffec1d
fffff327
000000f5
000008d9
fffffb50
ffffe474
ffffcfe4
ffffd4f4
ffffecf6
fffff860
fffff4d3
fffff3e5
ffffefb6
ffffe851
ffffeec8
fffff254
fffff23a
fffff787
00000233
ffffffff
ffffee9f
ffffea29
ffffe905
fffff5c7
fffffc5c
ffffed40
ffffee85
ffffebde
ffffe57a
ffffe765
ffffe40c
ffffe064
ffffe209
ffffec7f
fffff6b5
000005a3
000009ad
00000566
ffffe10e
ffffdb51
ffffe124
ffffe5e5
ffffe958
ffffed99
fffff3fa
fffff5c1
fffff41a
fffff3d5
fffff195
fffff047
fffffe11
fffffa9b
ffffebf2
ffffec3f
ffffee4a
fffff951
fffffb45
ffffe980
ffffe7be
ffffe49f
ffffe348
ffffed2e
ffffefd7
ffffe6a1
ffffe47b
ffffe4d4
fffff11b
00001326
00002467
0000233d
0000091c
fffffbb0
ffffe67e
ffffdc4b
ffffe08b
ffffe40c
fffff144
00000602
00000335
ffffff1e
fffff647
ffffec33
fffff84e
fffff2e6
ffffe669
ffffe57d
ffffed44
fffffc2a
fffff76b
ffffe26f
ffffe529
ffffe1f3
ffffe6e2
ffffea02
ffffede7
ffffef0f
ffffe958
ffffdfe6
fffffae1
00001424
000017a2
00002048
00002a00
00001ffa
fffffd8b
ffffe2e9
ffffdc01
ffffda06
ffffe932
000003e5
000009ee
fffffc8f
fffffc31
fffff7cf
fffffea0
fffff879
ffffe6b3
ffffdf90
ffffe9ff
fffffbe6
fffff2c7
ffffe4af
ffffe8cd
ffffed8d
ffffe9d1
ffffedfb
ffffebb4
ffffeb79
000000fe
fffffd0a
00000660
0000038b
ffffe663
fffffda5
00001752
00001cd8
fffffc2a
ffffe639
ffffe63f
ffffecf8
fffff6bc
000005ef
0000004b
fffff857
fffffcfe
ffffffb3
0000058f
fffffdf0
ffffe6b6
ffffe61e
ffffe7a8
fffff472
fffff5f4
ffffedf6
fffff0ea
fffff038
ffffec4f
fffff251
fffff365
ffffeeca
fffffbb3
000003cc
fffffdec
fffffcda
ffffdaa9
ffffe719
00000276
00000e23
fffff0b3
ffffe8f7
ffffee9a
fffff732
fffff628
000008c1
fffffe9e
fffff433
fffff059
ffffe8a1
fffff745
fffffe87
ffffea53
ffffe939
ffffec8f
fffff000
fffffb45
ffffed56
fffff415
fffff428
fffff1af
fffff52e
ffffee77
ffffe979
fffff23e
fffff379
ffffeeb0
ffffebad
ffffd5ea
ffffd4ec
ffffee7e
fffffa71
fffff024
ffffef55
fffff726
00000a6f
00000275
00000a4d
00000485
ffffea1d
ffffe1d7
ffffdfb2
fffff0a7
fffff9ee
fffff7e1
ffffeca2
fffff5d1
fffff8fa
00000565
fffff3b1
fffff278
fffff15a
ffffec3a
fffff2bf
fffff05b
ffffe211
ffffe9e9
ffffefe5
ffffe99a
ffffe9d5
ffffe3b3
ffffe233
ffffed83
fffff177
ffffeb42
fffff016
ffffefb4
fffffdcd
fffffad2
0000001d
0000001a
ffffe43c
ffffe5ec
ffffeb3f
fffff671
000001d4
ffffff32
fffff6de
fffff53c
fffff4ab
00000316
fffff609
fffff46e
fffffc14
fffffb37
fffff454
fffff2a2
fffff558
fffff332
fffff0e1
ffffed06
ffffe74c
ffffe563
ffffe33f
fffff20e
fffff8b2
fffff96b
00000a09
0000017f
fffffb90
fffff70f
fffff2de
ffffef66
ffffed8f
ffffe0e1
ffffed33
ffffdcd2
ffffec96
fffff106
ffffeb5f
fffff17b
fffff2c3
000003da
fffff5a5
ffffee49
ffffe47f
ffffeb00
ffffe8e5
fffff118
fffff431
fffffa04
fffffea2
fffff5b9
fffff4c3
fffff476
ffffec12
ffffeffb
fffff65a
fffff247
fffffa95
fffffb14
ffffff08
fffffb45
fffff6ee
fffff546
ffffed6d
fffffc13
fffff096
ffffee27
fffffc42
fffff79f
ffffebad
ffffea95
ffffee7a
00000783
fffffbc3
ffffec0e
ffffe7b0
ffffe95c
ffffedd6
fffff262
fffff25d
fffffb14
fffffca1
fffffbd2
fffffa81
fffff1e0
ffffedd3
fffff39c
fffff1a0
ffffea30
ffffde73
ffffe82f
ffffecb7
fffff404
fffff1fc
ffffe4b2
ffffe40b
fffff8cc
fffff7cc
fffff3d7
ffffed87
ffffec83
ffffe003
ffffe67b
ffffeb50
00000eb2
00001f05
00002531
000021e8
00001e04
00001e50
000021af
0000210d
000021e4
00001df9
00001d14
000017b9
00001ae2
0000203a
00002106
000024b9
000022d9
00001955
000016b5
00001a6a
00001eb7
00001d40
00001386
000011c5
00001a88
00001da1
00001a62
000018eb
00001eda
000017de
000011fd
000007c2
fffffca7
fffff7a7
000003d2
0000079d
00000a15
00000e79
00000c37
000009b4
00000a85
00000cda
000012ce
00001460
00001238
0000103d
0000103a
00001209
00000d63
000010bb
00001518
0000177a
00000c1e
0000104b
00000c49
0000082a
000000de
00000488
000007a9
0000082e
000003da
000008fd
000011b2
00001514
ffffed5b
ffffd928
ffffe8b8
ffffe7b0
ffffea5a
ffffe7ab
ffffdb7a
ffffdae1
ffffde93
ffffe57f
ffffed41
fffff030
ffffec21
fffff64a
fffff24c
ffffe9af
ffffe428
ffffede2
fffffba3
fffffd92
fffff548
fffff09d
ffffec3d
ffffeb87
ffffeb64
ffffede6
fffff03d
fffff1ec
fffff185
fffff33d
00000220
00000d3d
fffffdf1
ffffeece
fffffc61
fffffcdb
fffffd46
ffffe847
ffffd30d
ffffd0d0
ffffcc20
ffffe529
ffffed2d
ffffe9df
ffffe595
fffffb6a
ffffffa8
fffff781
ffffebb2
fffff0ec
fffffa6d
fffffe3f
fffff293
ffffe985
ffffecfb
fffff5ce
fffffad7
fffffcf1
000001b1
ffffff57
ffffff7f
fffff88a
00000659
000010bb
000005b5
fffffbef
00000196
fffff925
fffff58a
ffffe959
ffffc528
ffffb425
ffffba9c
ffffd9e6
ffffe105
ffffdbf4
ffffd9be
fffff26b
fffffdf8
fffffcc7
fffffaf2
fffffde7
fffff57d
fffff605
fffff2ab
ffffebc4
fffff6bd
00000077
ffffff36
fffff79e
fffff84e
000000f3
fffffb7b
fffff55b
0000012e
00000fcc
00000867
ffffff08
00000027
fffff289
ffffeece
ffffeebe
ffffccd3
ffffb975
ffffd2df
ffffd787
ffffd18b
ffffd12b
ffffd8c3
fffff219
fffff966
fffff7b8
fffffece
00000401
fffff870
fffff803
fffffa44
fffff97b
00000051
fffffdb5
fffff521
ffffed8e
fffff020
fffff9c0
fffffa52
fffff0c3
00000064
00000e2e
0000033f
fffff70f
fffffc14
ffffedd1
ffffeb65
fffffdda
ffffdf9e
ffffc6bb
ffffe08c
ffffea63
ffffea74
ffffdb8c
ffffe1f9
ffffe669
fffff1de
ffffeca5
fffff7d8
fffffdb6
ffffeff5
ffffed17
fffff4e3
fffffc29
0000025b
fffff8d5
fffff1ae
ffffeff7
fffff10a
fffff825
fffffc80
fffff891
000004dc
00000f30
fffffc37
ffffe9c5
fffff40f
ffffed15
ffffde5b
ffffe0b1
000000ba
fffff3da
fffff7c4
000006b9
00000015
fffff1fd
ffffe8b0
ffffe181
ffffe451
ffffe490
fffff282
fffffb93
ffffe3bb
ffffddc2
ffffddd8
ffffe560
fffff095
ffffeaf8
ffffe0ee
ffffe599
ffffe40f
ffffeaf9
ffffef32
fffff1bd
ffffffab
000007fd
fffffd18
ffffeb61
ffffeac1
fffff086
ffffef4b
ffffd1e3
000005f9
fffffb77
fffff77f
0000000d
ffffee7e
ffffecdb
fffff210
ffffe124
ffffe5df
ffffeaf4
fffff0b2
fffff2a3
ffffdc8a
ffffda0b
ffffd6fa
ffffd69e
ffffec7b
ffffefc7
ffffe7a8
ffffe294
ffffe883
ffffecd9
ffffeefd
fffff56d
000001fd
000003fe
000006fb
fffff639
fffffc37
fffff4c4
fffff79f
ffffd5da
fffffb3d
ffffe7a1
ffffde7a
ffffd36b
ffffcdec
ffffe7eb
0000122a
ffffefaa
ffffeee6
ffffe961
fffff264
00000000
fffff678
fffff74b
fffffacb
fffff783
000002d1
000009e4
00000689
fffffe99
00000103
00000337
fffffdc9
ffffff79
00000c5e
000007a2
00001029
00000050
00000f22
00000848
00001862
000002a6
00001d83
0000134c
fffffa73
ffffd1b8
ffffe1e2
00000426
00002544
0000147b
ffffff69
fffff0ee
ffffebaa
fffff8cf
ffffffdb
00000e23
00001974
00001a74
0000114a
000010ac
000011a6
00000af7
00001054
000005f6
000008b7
00000abd
00001b60
00001329
00000d8a
fffff7e2
fffffffa
000004f9
00002838
000028fa
00002a3b
00001f9f
000009d3
ffffed33
00000665
000010ba
00001337
00001790
00000e99
ffffef62
ffffdc96
ffffe123
ffffdede
fffff755
0000025c
ffffff08
fffff9f7
ffffff0e
000006e2
000005d2
00000836
0000019d
000001db
00000785
00001743
00001675
00000d18
fffff162
fffff503
fffff21b
00000cf2
00001f14
000012d5
000012c2
00000e59
000010cf
00001a1c
000014ef
000000a6
fffff7e3
0000028e
000001d8
ffffe054
ffffcdf2
ffffc83c
ffffd555
ffffd0f7
ffffd6e5
ffffd2a1
ffffd4f2
ffffdd8a
ffffeb21
ffffed4d
ffffecfd
ffffef60
fffff444
00000caa
00001358
000010f3
fffff46a
fffff44d
fffff09d
fffffa1e
00000efa
fffffb79
0000084f
fffffe09
00001924
00001b28
0000103e
fffff97f
fffff1b7
000006ee
000019ef
fffff288
ffffcc0b
ffffbe97
ffffd279
ffffd135
ffffcec2
ffffcdb8
ffffccf6
ffffc5eb
ffffcf06
ffffd669
ffffe08d
ffffe5d7
fffff171
0000012f
000013e0
0000114b
fffff30a
fffff4e4
ffffef3a
fffff577
000005d0
fffff3ec
fffffc22
fffffa93
0000187a
0000165b
00000443
fffff49e
00000495
00000f24
00001842
00000aac
fffff74b
ffffe52f
ffffec31
ffffe8c1
ffffdfa7
ffffd7ec
ffffd48b
ffffcd23
ffffc73c
ffffcbbe
ffffdbdd
ffffe7f9
fffff908
0000015a
00001597
0000120b
fffff85a
fffffacf
fffff6b1
fffffa99
000001dd
fffff6db
000000b6
fffffa2c
000009fd
00000386
fffff5f7
fffff3ca
000015c1
000021b5
00002260
00001faa
0000106d
00000a3c
000006fc
0000074a
00000a09
fffffead
fffff98e
ffffede7
ffffd9d0
ffffd12f
ffffd8b8
ffffe685
fffff905
fffffcf8
00001500
00001074
fffffc03
000000f0
ffffffb7
000000d0
000004e0
fffffd20
000006ec
ffffecbe
00000312
fffffa25
ffffebc8
fffffbc0
00001b38
00001949
0000126a
000012ec
00001328
00001851
0000185a
00001bd3
00001c5f
000016d5
0000165a
00000bc7
000007f7
fffff6f1
ffffe965
ffffec33
fffff9e0
fffffd5e
00001660
000009cd
fffffc31
0000027f
000000a0
00000120
000008ec
00000037
00000a37
ffffe7b0
000002ce
fffff8a2
ffffe9ee
ffffedcb
000003ab
0000080d
00000972
0000098e
00000faf
00000ddd
00000602
0000022d
00000260
0000041e
00000bff
00000f95
00001894
00001d45
00000722
ffffeeb7
fffff72d
00000149
000018b6
00000854
fffff912
00000099
fffffe8c
fffffc22
000005e8
fffffef8
00000939
ffffeb67
fffffdf7
000009e1
0000081d
fffff5cf
fffffa11
fffffd2d
00000a06
00000886
00000c26
0000086f
0000015c
fffffbe1
fffff807
fffffaa7
fffffc0b
fffffe88
0000074e
000019fa
00001938
fffff92a
fffffebc
00000674
000019a4
0000067e
fffff6ee
fffffcfb
fffffc2c
fffffebd
00000a47
00000b09
00001574
00000382
fffffde1
00002017
00002963
fffff9b3
ffffdd7a
ffffecd2
00000046
0000033e
000002d6
ffffffda
fffffcf6
fffffa5b
fffff6df
fffff6b1
fffffc8d
0000026b
0000029e
00000ce9
0000155b
fffff944
ffffffaf
00000580
00001674
0000050e
fffff324
fffffaa8
fffffa2a
fffffc29
00000a7d
0000140b
00001805
00001392
fffffb14
00000a96
000026d6
fffffc3c
ffffd55d
ffffd730
ffffe4fb
fffff44c
fffff9b8
fffffa84
fffff787
fffff66d
fffff97f
fffff89e
fffff699
fffff740
fffff7c6
000003b3
0000074f
fffff0b5
fffffddd
0000044e
000014a9
000001ad
ffffef95
fffff2f6
fffff78e
fffff59d
000002da
00000c95
0000120f
00001bb1
000002a9
fffff4da
00001afd
00000d9d
ffffee8f
ffffe705
ffffe152
ffffde2c
ffffe7e6
ffffece7
ffffed27
ffffefad
fffff3b8
fffff1eb
fffff21a
fffff1ab
fffff60e
fffffbd5
00000544
fffff015
fffffcf3
0000071b
00001246
ffffff25
fffff306
fffff193
fffff5e5
ffffeef9
fffff0f0
fffffd1e
000004d1
00000e2a
00000e5a
00000e19
000016d2
0000284b
00002892
00001b45
fffff332
ffffde8e
ffffd9d8
ffffe383
ffffe8d9
ffffefb1
fffff2f2
fffff106
fffff2e0
fffff350
fffff6c5
fffffb6e
0000060f
fffff6ce
0000034a
000008c6
0000148c
fffffda8
ffffee47
fffff202
fffff422
ffffed33
ffffe9aa
fffff941
00000579
00000eca
00001198
00000647
0000097a
00001527
00001faa
00001721
000004ae
ffffe9e0
ffffe1ca
ffffdea6
ffffe661
ffffeb32
ffffeea6
ffffe917
fffff14b
fffff410
fffff587
fffff6e3
00000088
fffff96f
000002ac
0000097f
00000f30
fffffb85
fffff2d4
fffffc7d
fffff98c
fffff5fd
fffff173
fffff760
00000672
00000ee5
00001bc5
000001a4
fffff420
ffffee57
ffffffd0
00000b35
00000e36
0000031e
fffffd86
fffff931
fffff10d
ffffe9e4
ffffe0a3
ffffde3e
ffffec6a
ffffe840
ffffef25
fffff165
fffffa1f
fffff02b
fffff670
fffffd57
000009cd
fffff801
ffffef44
fffff152
ffffeb7d
ffffee1e
fffff0e1
fffff374
fffff2ed
000006b0
000014b2
fffff5ab
000000df
ffffe6b4
fffffc73
fffff67b
0000111d
00000647
00000ccc
00000c2c
00000ffa
0000153f
0000020f
ffffea53
ffffdeef
ffffd8de
ffffe3b0
ffffeea9
fffffeb9
fffffc73
fffff946
000003f7
00000cf0
fffff560
ffffe8f5
fffff0b9
ffffe44a
ffffe68d
ffffeaf7
fffff40d
ffffec8c
fffff036
fffffcfd
ffffe846
ffffff6d
ffffdcbc
fffffe11
fffff50d
fffff3a5
ffffe6f2
fffff6ab
fffff80d
000006bf
00001217
000008f6
ffffeca4
ffffcd66
ffffc75d
ffffc90b
ffffe170
00000051
fffffe64
0000010e
000008aa
000010db
fffffcbc
ffffedff
fffff3a3
ffffec49
ffffeddc
fffff5d1
fffff237
ffffeefe
ffffe932
fffffcc0
ffffecdf
00001293
fffffaaf
00000f8c
fffffd87
fffff7cb
ffffe043
ffffdf55
ffffe2cc
ffffeceb
0000049c
00001791
0000003d
ffffdcd6
ffffe2c4
ffffcb38
ffffe2f7
ffffe94a
fffffc74
ffffff4c
00000a5b
00000fa7
000006fa
fffff36f
fffffa79
fffff7f2
fffff4dc
fffff088
ffffe961
ffffe6f8
fffff1ee
fffffec7
fffff7db
000012f4
00000c39
00001df9
00000001
ffffff7a
fffff70c
fffffb64
fffff6a4
ffffefb5
fffff632
00000be8
00000647
00001215
0000145b
fffff5a6
00000751
000000eb
0000028d
fffff5c2
0000050a
00000a59
000001c9
ffffed8f
fffff3cb
ffffe95a
ffffe7de
ffffee92
fffff7f7
fffff6d6
ffffff62
00000adc
0000001d
0000020a
000008d9
0000123a
00000257
00000ce7
00000526
fffffcd6
fffff507
fffffc98
0000073d
00000af0
0000167b
000018b2
0000205c
00001b17
000020ee
0000234c
00001b13
00000f2b
00001069
00000bee
ffffffe8
ffffe4b3
ffffeef4
fffff587
fffffc65
fffff442
fffff2ec
fffff3c5
fffffce7
fffff8a2
fffff683
fffff15e
fffff5c5
0000004f
00000053
00000749
000006a1
00000619
ffffff67
fffffa51
fffffeaa
fffffdd3
000001bd
00000382
00000b42
00000062
00000d3b
0000080b
000009a8
00000624
00000ad5
00000602
00000d67
fffff603
ffffedf7
fffff8ed
fffff707
fffff0b7
ffffec93
ffffe46d
fffff161
fffff0de
fffff762
fffffa61
ffffeed2
ffffe65e
ffffedbf
fffff7f3
000000b6
fffffa57
fffff1f6
ffffe868
ffffeac2
ffffea25
ffffecf0
ffffef09
fffff378
fffff41e
fffffaa5
ffffedf3
ffffebfd
ffffe84d
fffffaeb
00000a29
fffffb16
ffffe7c4
ffffe4f1
ffffeb1e
ffffea4f
ffffe5a2
ffffe699
ffffdd65
ffffe98c
ffffef91
fffff896
fffff470
ffffeaa9
ffffe634
ffffe2cf
ffffe725
ffffe756
ffffe6be
ffffe374
ffffe5bc
ffffefdf
fffff36c
ffffe97e
ffffe61e
ffffec70
fffff2dd
ffffee44
ffffe563
ffffe8b1
fffff4db
fffff7e5
fffffc6c
ffffef71
fffff161
ffffe5b6
ffffe42b
ffffe09e
ffffe917
fffff0fb
ffffe825
ffffe2f1
ffffe52d
ffffe6f4
ffffe9d1
ffffde6c
ffffe144
ffffdd18
ffffde12
ffffe388
ffffdf60
ffffe2c4
ffffe465
ffffdcc6
ffffdbc9
ffffe4b1
ffffe666
ffffe24e
ffffe819
ffffeb8e
ffffd7ab
ffffcd11
ffffd738
ffffe988
fffffd8a
ffffe3aa
ffffea2b
ffffe955
ffffe9db
ffffe99d
fffff2e8
fffff8a6
fffff18f
ffffec07
ffffe73b
ffffdae3
ffffe2b4
ffffd971
ffffd642
ffffd3b1
ffffd909
ffffdd80
ffffd8de
ffffe3e9
ffffe709
ffffd425
ffffd762
ffffeac7
ffffedd1
ffffe899
fffff22b
fffff110
ffffe020
ffffd03c
ffffd67a
fffff218
00000e67
ffffee11
fffff176
ffffe99d
ffffe84b
fffff16b
0000017f
00001419
00000f1e
fffff608
ffffe5b2
ffffd8ac
ffffdb3c
ffffd6be
ffffd3ad
ffffda05
ffffe183
ffffe0d5
ffffdbf5
ffffeae0
fffff228
ffffda3d
ffffd819
ffffee0f
fffff369
ffffef56
ffffefed
ffffe6e5
ffffe0f0
ffffd5a8
ffffd74c
ffffee1e
000009b7
ffffeb66
fffff172
ffffe957
ffffefc7
ffffff1e
00002642
00002d18
000006ee
fffffcf7
ffffeb7c
ffffef26
ffffe104
ffffcdd5
ffffd448
fffff3ba
fffff936
ffffe8d4
ffffe6c6
fffff33e
fffff3e6
ffffe39f
ffffe42e
ffffee0e
fffff252
ffffefdd
ffffee94
ffffef92
fffff033
ffffeac3
ffffe613
fffff287
00000853
ffffe1a3
ffffe7e2
ffffe86f
ffffefaf
fffffb5e
00003136
00001b26
fffff768
ffffdf0f
ffffce79
ffffe2aa
fffff0ea
ffffd799
ffffd044
fffff574
fffff3cd
ffffe8ae
fffff13d
fffff661
ffffec34
ffffd73a
ffffdd4f
ffffea89
ffffefe8
fffff1eb
ffffe9fe
ffffebf0
ffffec1d
fffff3f6
ffffe43a
fffff240
000004fa
ffffe8f2
ffffee72
fffffb43
fffff60a
fffffec2
00001a3b
fffff5f5
ffffe392
ffffc04f
ffff9776
ffffccdb
fffffedc
ffffe11e
ffffdaf2
fffff04d
ffffef40
ffffe91b
fffff3e7
ffffeca8
ffffd5f1
ffffccc8
ffffe2f9
fffff6e5
fffff2ee
ffffeff3
ffffebe1
ffffe9de
ffffed1f
fffff9e2
ffffef4a
fffff454
0000004a
ffffe3f6
fffff01b
000001af
00000bc6
00000e07
000002d9
fffff077
ffffc8e2
ffff9fa0
ffff8d5e
ffffd8ff
fffffa43
ffffdbdb
ffffcca2
ffffda0a
ffffe86f
ffffecea
fffff808
ffffe685
ffffdb9e
ffffeba4
fffffbb8
000000f8
fffff6be
ffffefad
fffff072
fffff240
fffff985
000003bb
fffff570
fffffa9d
000003a0
ffffdfe5
fffff99c
0000000a
000006df
00001d24
fffffac3
fffff48d
ffffb46e
ffff7610
ffffc530
fffff93f
ffffeeec
ffffebaa
ffffc2d4
ffffca39
ffffec0b
fffff738
ffffffbc
ffffed13
ffffe42b
fffffca3
00000022
fffff490
fffffa30
ffffeb3e
ffffefaa
ffffe927
fffff915
fffffa03
ffffee7b
000000ad
fffffea5
ffffdb34
fffff98e
000005d4
fffffa21
000015fa
000004f7
0000159b
ffffd9dd
ffff7d2d
ffffe429
00000935
ffffe7d8
ffffef44
ffffc163
ffffac67
ffffe83b
fffffff2
00000cfc
00000e19
fffff7d3
00000b15
000001a1
fffffa81
0000004f
fffffd99
fffff719
ffffef0b
000009cd
0000045a
fffff73c
00001128
000006cb
ffffcef2
ffffde94
fffffdfe
fffff026
fffffcd8
fffff33c
00000934
ffffea06
ffffb086
ffffdd73
fffffe65
ffffeb76
ffffe2dd
ffffc791
ffffa3eb
ffffcee5
fffff980
00000367
000002f4
fffff46b
fffff687
ffffe1ba
ffffe47c
ffffe4e1
ffffebf3
ffffe56e
ffffe417
fffff2b3
fffff288
fffff3e3
fffffd1e
00000a8e
ffffcc80
ffffd7c8
ffffe9a2
ffffdf80
ffffe771
fffff42f
ffffeec1
ffffebdb
ffffd525
ffffd5fe
ffffe744
ffffe25c
ffffdc5a
ffffebe0
ffffc555
ffffa583
ffffcb0a
fffff112
ffffeffa
ffffe172
ffffe6f8
ffffd2a8
ffffd172
ffffd2b1
ffffd75f
ffffdb4a
ffffdfbc
ffffdfdd
ffffe167
ffffe59e
fffff743
0000104b
ffffce8c
ffffdaef
ffffe2e2
ffffd5af
ffffc5ea
fffff077
fffff506
ffffec3f
ffffcf93
ffffbb2c
ffffc9bc
ffffc257
ffffcfba
fffffdf4
fffff599
ffffcb52
ffffc6c7
fffff62e
000005e2
ffffe879
ffffe8aa
ffffe8b9
ffffe477
ffffd770
ffffd454
ffffdaff
ffffdf4a
ffffdf88
ffffe286
ffffeb42
000009a6
00000dbe
ffffd2f6
ffffe427
ffffee3c
ffffdc5a
ffffc3eb
ffffe937
ffffe4a9
ffffbef7
ffffb82b
ffffbfa4
ffffb8b3
ffffc370
ffffdf4f
fffffdfa
ffffe819
ffffd23c
ffffc5c6
ffffea5d
fffffdf5
fffff22d
ffffe54d
ffffea20
fffff132
fffff71d
ffffed6f
ffffe655
ffffec95
ffffeb68
ffffe7c0
fffff06d
00000ee4
00000db9
ffffd498
ffffe417
ffffec14
ffffe48f
ffffd7c5
fffff5a4
ffffe2d2
ffffbaab
ffffb7fc
ffffcff4
ffffcfde
ffffdf4b
fffffdec
000012a6
ffffdc92
ffffb172
ffffc3c3
ffffff39
00000365
ffffed01
ffffe371
ffffe88f
ffffeb3b
ffffeb6a
fffff06b
ffffe915
ffffed67
fffff420
ffffe17b
ffffed1b
00001098
0000123f
ffffd436
ffffe302
ffffe5db
ffffe4ad
ffffdc42
fffff0e5
ffffe4ba
ffffc5e6
ffffc16c
ffffe03a
ffffe76a
fffffbbe
00000c26
00000277
ffffbb90
ffffae23
ffffd051
ffffe40d
ffffe4cd
ffffe66c
ffffd9ee
ffffdd61
ffffe783
fffff096
ffffecc9
ffffee84
ffffe3e9
ffffefb1
ffffe326
fffff287
0000100d
000015af
ffffd759
ffffe3fd
ffffdcbf
ffffdb91
ffffd538
fffff2dd
ffffef06
ffffdc67
ffffdb9f
ffffef78
00000ae8
fffffae2
00000993
fffff810
ffffbf36
ffffcef0
ffffe07a
ffffe30f
ffffe054
ffffd23e
ffffcb96
ffffd4cc
ffffd596
ffffe26b
ffffe538
ffffe000
ffffdcc4
ffffeac8
ffffdd02
ffffef64
00000f66
0000147f
ffffd542
ffffed32
ffffe35b
ffffded7
ffffd8a7
fffffa3a
ffffff03
ffffed6b
ffffed5b
fffffa8e
000007cf
ffffda56
ffffdcfd
ffffe393
ffffd493
ffffdfde
ffffe38a
ffffe19d
ffffdb79
ffffd320
ffffd756
ffffe56a
ffffe40c
ffffe547
ffffda7e
ffffe2d4
ffffda82
ffffd994
ffffd7b9
ffffe6fe
00000987
0000115a
ffffd9e8
ffffe965
ffffe3ae
ffffe350
ffffdb9b
fffff685
00000014
fffff1a5
fffff8fa
fffffa98
fffff841
ffffdac4
ffffc0f9
ffffcdd1
ffffe32f
ffffeb6d
ffffe32a
ffffdfee
ffffd866
ffffdbde
ffffdf70
ffffe3bd
ffffe603
ffffe5bc
ffffe07d
ffffe433
ffffead7
ffffcdd8
ffffd61a
ffffdf10
fffffa98
00000e21
ffffdd32
ffffef59
ffffe9a6
ffffe62a
ffffdcf7
ffffe6f0
fffff784
ffffea7d
fffff840
fffff3ad
ffffde60
ffffd97c
ffffb4c8
ffffa7fe
ffffdabd
ffffeaab
ffffdc69
ffffdef4
ffffda84
ffffdfee
ffffe7f5
ffffea58
ffffe2ab
ffffe214
ffffe1c6
ffffe282
ffffe6d6
ffffdef6
ffffd6f3
ffffd985
fffff22f
00000ac3
ffffde49
fffff024
fffff039
fffff11a
ffffe074
ffffd214
ffffebb9
ffffe7de
ffffe075
ffffdf17
ffffc4ba
fffff66a
ffffde55
ffffa46c
ffffd0b5
ffffe9fa
ffffdfba
ffffe442
ffffe09d
ffffe50b
ffffedba
ffffea24
ffffe444
ffffe1b8
ffffe9e8
ffffe94d
ffffe5ce
ffffe2dc
ffffddfb
ffffe1c8
fffff547
000002b8
ffffe46c
fffff590
ffffee05
fffff2c3
ffffea19
ffffd9f3
ffffe860
fffff1cc
fffff152
ffffdf7e
ffffc1da
ffffdd51
fffff40e
ffffbad4
ffffc5d6
ffffd451
ffffdb3e
ffffee16
ffffeb5e
ffffeafe
ffffee98
ffffe8c1
ffffe2b8
ffffe60d
ffffe72d
fffff174
ffffe86e
ffffe516
ffffed4a
ffffe4d5
fffff21f
fffffe00
ffffe84e
fffffef8
ffffec31
ffffea80
fffff0c8
ffffe65c
ffffe0b7
fffff77a
fffff257
00000614
ffffebcb
ffffdf44
ffffe627
ffffd393
ffffcfac
ffffc2b2
ffffc3fc
ffffe97f
fffff8b6
ffffff45
fffff312
ffffe7c6
ffffdaa5
ffffe2c5
ffffe40d
ffffedca
ffffed24
fffff02b
fffff733
ffffe843
ffffefc4
fffff79e
ffffef04
fffffa73
ffffe913
ffffe9e5
fffff678
fffff14d
ffffe24b
ffffe8b3
ffffec5a
fffffb48
fffff7b5
ffffee6a
ffffcf18
ffffdbc8
ffffdc78
ffffd598
ffffad48
ffffd52f
000002f5
00000cab
00000078
fffff7c9
ffffde05
ffffd9bc
ffffdf41
ffffeb2f
ffffeb6e
ffffe71c
fffff32d
ffffe9cf
fffff53d
fffffeeb
ffffedbf
fffff541
ffffee2b
ffffeeb8
fffff9b1
ffffeec2
ffffdc54
ffffe4ad
ffffdf33
fffff879
ffffde21
ffffda25
ffffa81b
ffffc41d
ffffc9af
ffffd4a7
ffff9db2
ffffc51b
ffffef8c
fffffb12
fffffd7a
ffffe2a0
ffffe449
ffffe486
ffffe15b
fffff1e6
fffff5bd
ffffec38
fffff3ab
ffffeab0
fffffeac
00000837
ffffe9a9
fffff443
ffffedb8
fffff2c8
ffffff53
ffffeda9
ffffec15
ffffec86
ffffe8aa
fffff9cc
ffffd13c
ffffc70b
ffffb63d
ffffd50d
ffffc19b
ffffc2d2
ffffb5f4
ffffd37f
ffffefb1
ffffff33
000011b7
ffffe4c1
ffffdbeb
ffffe3de
ffffd615
ffffe91e
fffff3c8
ffffe8ed
ffffeea6
ffffef7f
0000047b
00000a0c
ffffe939
fffff7d0
fffff3f4
fffff2d9
fffff16a
ffffeab6
fffff310
fffff870
ffffea2e
fffffd07
ffffe1d5
ffffddad
ffffe3d9
00000423
ffffeb57
ffffc0b9
ffffb656
ffffdabb
fffff633
000005ca
00000eda
fffff68d
ffffd59c
ffffd7ca
ffffce6f
ffffc280
ffffe69a
fffffeda
ffffedbf
fffff6f9
0000078a
0000177f
ffffeb70
00000747
00000f64
fffffe16
fffff447
ffffea35
fffff521
000002cd
ffffff48
00000133
fffff134
fffff265
fffff157
0000038a
fffffee8
ffffdf74
ffffcf13
ffffe0f4
fffffe38
fffff375
fffff473
000011df
ffffeff5
ffffc8f0
ffffde73
ffffc19a
ffffd773
fffffb7b
fffff1d2
fffffd21
000009d1
00000105
ffffdb56
fffffaae
fffffd69
fffff3c4
fffff73c
fffffcbb
fffff615
fffffac2
00000842
00000d7c
00000870
000005f2
ffffebd1
0000012c
000002f3
fffff0fe
fffffa64
ffffefc9
fffff7e4
fffff247
ffffee4d
0000179e
fffff6d7
ffffd523
fffff976
ffffd39c
ffffd7b1
ffffe8c9
fffffb28
fffffc0e
00000475
fffffb75
ffffe436
0000033f
00000ad2
000000ad
00000217
ffffffd3
fffff29b
fffff7cd
fffff5a2
ffffffa6
fffff3dd
ffffeb7e
ffffd5d9
ffffeaaf
ffffe7bf
fffff47b
fffff81f
ffffdb61
ffffe564
ffffebce
ffffee89
fffff75c
ffffee38
ffffdd95
fffff39f
ffffe804
ffffcd94
ffffd459
ffffe3dc
ffffef14
fffffdc1
fffffd80
ffffe5b4
fffffa26
000005d3
fffff709
fffffe70
fffff751
fffffce3
0000030a
ffffedbb
fffff17d
ffffee5f
ffffe602
ffffe8c1
fffff1fa
ffffde8f
ffffde29
fffff236
ffffef08
fffff14a
00000163
fffff2c8
ffffec2a
fffff2d0
fffff3fa
ffffe237
ffffee15
ffffead7
ffffe34c
ffffdbb0
ffffef4a
0000080b
0000023c
fffff314
000003c0
000001cb
fffffd52
000006d6
00000730
00000122
00000211
fffff591
fffff09b
fffff079
ffffee39
ffffead4
ffffff45
fffff979
ffffeeff
00000028
ffffffdb
fffffa57
00000321
fffffb09
fffffae6
00000772
00000ab7
fffff9a9
fffff302
fffff6af
ffffe568
ffffec1c
00000878
00001f48
00000bb9
fffff81f
00000362
000003bd
00000066
fffffbb7
000002fa
fffff337
ffffeef1
fffff31a
ffffeb6e
ffffeeed
ffffef40
fffff49c
fffff5f7
fffff70d
fffff9de
0000081c
000008bc
000002c0
00000860
0000000a
00000187
0000096d
00000161
fffffea9
fffff613
fffff384
fffff67c
000000fb
00000237
00000786
00000250
fffffb89
fffff026
ffffef84
ffffee4b
ffffeede
ffffece6
ffffe4e0
ffffe1da
ffffe3c3
ffffe663
ffffe446
ffffe2ed
ffffe495
ffffe764
ffffeaa1
ffffe9f6
ffffe34c
ffffe4ee
ffffe557
ffffe3a4
ffffe1e3
ffffe1c3
ffffeb51
fffff005
ffffee3a
fffff29f
fffff408
fffff3e2
ffffeae5
ffffefc0
ffffefe6
fffff431
fffffdb3
fffff43f
ffffed97
ffffed59
ffffe983
ffffe669
ffffdebc
ffffddad
ffffe411
ffffe413
ffffe0e2
ffffdb8b
ffffd64d
ffffdf78
ffffea13
fffff043
ffffe8d4
ffffe9ff
ffffecab
ffffe0a8
ffffd834
ffffdccc
ffffe9dc
ffffecb7
ffffe3d5
ffffe648
ffffe91f
ffffe794
ffffdb45
ffffdb97
ffffddc5
ffffeae7
ffffffe9
fffff383
ffffe7e3
ffffe2f9
ffffec15
ffffe549
ffffe129
ffffed7a
fffffd7c
ffffe342
ffffd9a3
ffffd99a
ffffd565
ffffdc4b
ffffe89b
ffffee31
ffffeb76
ffffe5cd
ffffee95
ffffe20d
ffffdbad
ffffde10
ffffe528
ffffe374
ffffde08
ffffdeed
ffffe289
ffffdcd9
ffffd854
ffffceda
ffffd39c
ffffe9f8
00000222
fffff362
ffffe6c2
ffffebab
fffffb16
fffff092
fffff835
00000131
fffffddc
ffffe60e
fffff28e
fffff36e
ffffea86
ffffee9d
ffffecd2
ffffeaae
ffffe944
ffffe2c3
ffffebb8
ffffef05
ffffe92c
ffffe971
fffff1b7
ffffef84
ffffe38e
ffffe2cd
ffffea1a
ffffeb2a
ffffe61f
ffffd8d0
ffffdbaf
ffffedb3
fffffb4c
ffffea9c
ffffe435
ffffe06f
fffff43b
ffffe906
fffff64f
fffffef5
00000af4
fffffa1b
000006fd
fffffa6f
fffff373
ffffeaa2
ffffe33c
ffffe31b
ffffe698
ffffe0d8
ffffe590
ffffe95a
ffffe3f7
ffffe7f7
ffffec88
ffffe83a
ffffe0fc
ffffdd53
ffffe29e
ffffe922
ffffebb4
ffffdb9c
ffffdcdc
ffffeef6
fffff243
ffffe899
ffffe55f
ffffdead
fffff787
fffff6cf
ffffeca4
00000f61
ffffff3b
fffffc7e
fffff392
ffffeebf
ffffea91
ffffe114
ffffe37e
ffffe711
ffffecb9
ffffe348
ffffe1e4
ffffdeaf
ffffe0c9
ffffdf32
ffffe6dc
ffffe354
ffffdb72
ffffd5cb
ffffdcf6
ffffe7ce
ffffeaef
ffffdc58
ffffdd27
ffffecb1
fffff52f
ffffec03
ffffe756
ffffe54d
ffffe5c2
ffffed1a
ffffdde9
fffff9e0
00000e17
fffff5e2
fffff147
fffffb76
ffffefa4
ffffe133
ffffe20b
ffffe52b
ffffeb17
ffffe880
ffffdd99
ffffdd1d
ffffe03c
ffffe77b
ffffeb1b
ffffe336
ffffe2f2
ffffde97
ffffe24e
ffffe57e
ffffe98c
ffffd6b2
ffffdae5
ffffee94
fffff872
fffff0a8
fffff363
ffffeba4
ffffe847
ffffe7f7
fffff9af
fffffab3
fffff9e3
ffffec0d
fffffcf2
000005ec
ffffeeae
ffffe722
ffffdf88
ffffecaa
fffffcea
fffff9f5
fffff451
ffffee6c
fffff32d
ffffe739
ffffe804
fffff31b
fffff17b
ffffec07
ffffe4b4
ffffe844
ffffec7e
ffffe1b5
ffffe320
fffff3d7
fffff7e1
ffffe528
ffffef9d
fffff86b
fffff2ab
00001040
000004a6
fffff781
ffffe678
00001162
00001263
00000c76
fffff223
ffffe59c
ffffdd12
ffffeb03
fffffb83
00000043
fffff711
fffff02a
ffffe246
ffffda9b
ffffe27b
ffffe54f
ffffed13
ffffe28c
ffffe30c
ffffddfc
ffffe23b
ffffe411
ffffe0fe
fffff9af
ffffeb29
ffffe30e
fffff43e
ffffef7b
ffffed66
000002a2
00001422
fffff3e6
ffffef88
00000372
00001402
000001a0
ffffeedf
ffffe6cd
ffffdd7d
ffffd145
ffffd6ef
ffffe77a
ffffe19e
ffffdd38
ffffe03f
ffffea4a
ffffe12d
ffffdf21
ffffd995
ffffe30b
ffffe020
ffffde3b
ffffe196
ffffddab
ffffec94
ffffffba
ffffeae7
ffffe487
fffff6d1
ffffe942
ffffe2de
fffff03f
00001aaf
0000036f
ffffe14c
fffff1b9
000017a2
fffff1a4
fffffca6
ffffe7b1
ffffddc0
ffffcf1a
ffffcb7e
ffffcca2
ffffd70e
ffffd91f
ffffe7d8
ffffeff8
ffffea4e
ffffe2b3
ffffe455
fffff026
ffffe7e8
ffffe92b
ffffec40
ffffeeaa
ffffeb04
0000078a
ffffef4d
ffffeb0d
fffff867
ffffe07f
ffffd90b
ffffed96
00001440
fffffca4
ffffd891
ffffdd0e
fffff135
ffffe942
ffffe6d6
ffffef39
ffffe908
ffffb363
ffffc4c1
ffffddc1
ffffe22d
ffffede6
ffffeac8
ffffe29c
ffffdee7
ffffdaef
ffffd943
ffffdcde
ffffe8ec
fffff065
fffff2d0
fffff1b5
ffffec66
0000076e
fffff192
ffffe829
fffffabc
fffff031
ffffe609
ffffef81
00000278
ffffe491
ffffcf66
ffffd704
ffffe3bf
ffffdb32
ffffd20d
ffffe6e1
ffffeffa
ffffc1aa
ffffb7e0
ffffd449
ffffd2db
ffffdcbb
ffffe17f
ffffea9a
fffff761
ffffef87
ffffe3ab
ffffe132
fffff0a7
fffff94c
fffff8df
fffff598
ffffed44
00000b42
fffff32d
ffffec26
fffff957
fffff440
ffffea11
fffff1db
00000656
fffff348
ffffd8d8
ffffccee
ffffdea8
ffffca14
ffffcc83
ffffe975
ffffe604
ffffe684
ffffbad3
ffffbeaa
ffffbbc1
ffffc27e
ffffc320
ffffc777
ffffce72
ffffc366
ffffc2ee
ffffd17d
ffffe34d
ffffef6f
fffff704
ffffeedb
fffff014
00000cee
fffff235
fffff0d1
fffff6ab
fffff192
ffffe973
fffff1ee
fffffd38
ffffe335
ffffc9a0
ffffd211
ffffd12c
ffffbb15
ffffcd18
ffffde94
ffffec53
ffffe6f1
ffffc837
ffffbcc7
ffffcddd
ffffd93b
ffffd98d
ffffce6a
ffffc496
ffffbf81
ffffbde7
ffffbcbe
ffffcd93
ffffe05f
ffffef9e
ffffec94
fffff1d1
00000a6a
fffff446
ffffeffc
fffff244
ffffe74b
ffffe1f6
ffffeb62
fffff138
ffffe21b
ffffcbcc
ffffd303
ffffb708
ffffb819
ffffd03d
fffffacd
fffff188
ffffdb49
ffffd814
ffffe23a
fffff6b2
fffff9a3
ffffefda
ffffddfe
ffffd75c
ffffd8c9
ffffd2e8
ffffced1
ffffd147
ffffded7
ffffe244
ffffe6b9
ffffee71
000001ae
fffff17a
fffff153
ffffec82
ffffe1a6
ffffd68c
ffffd846
ffffe866
ffffe3a0
ffffd6b4
ffffe456
ffffdb48
ffffe222
fffffb51
00001064
ffffe6b4
ffffe207
ffffe51b
fffff17d
fffffe36
fffffdd4
fffffae8
ffffeeb6
ffffebdf
fffff521
ffffee5e
ffffe735
ffffda61
ffffe299
ffffe456
ffffe2ae
ffffe712
fffffece
fffff1cc
ffffef0f
ffffe82e
ffffe382
ffffd7b3
ffffd3d6
ffffde94
ffffe4c5
ffffd781
ffffe7ae
fffff03c
ffffeb37
fffff8b3
fffff1e0
ffffe235
ffffe910
ffffe85e
fffff808
fffff85f
fffff91d
fffff91a
fffff00b
ffffecf0
ffffefb5
fffff30a
ffffef8b
ffffe484
ffffde31
ffffd991
ffffdb0a
ffffe520
fffff93e
fffff298
ffffebac
ffffe573
ffffe7ce
ffffdab3
ffffd18c
ffffd4c2
ffffdf89
ffffda93
ffffe78e
fffff5a1
fffff368
ffffe94c
ffffde28
ffffec5a
ffffec52
ffffecbd
fffff48e
fffff36d
fffff898
fffff5d9
fffff069
ffffee73
ffffed34
ffffef4c
ffffef8b
ffffeb37
ffffe76c
ffffe123
ffffde74
ffffe9a6
fffff645
ffffef02
ffffe9f1
ffffe597
ffffec22
ffffe195
ffffd5fe
ffffd581
ffffe505
ffffe761
ffffe20d
fffff258
fffff08b
ffffe58b
ffffd81f
fffffb5a
fffffef2
fffff42c
ffffefa6
fffff34c
fffff4f5
fffff629
fffff742
fffff449
fffff54b
fffff709
fffff596
ffffee6b
ffffe914
ffffe48d
ffffdf6e
ffffe64c
fffff325
fffff07a
ffffe9ff
ffffe55a
ffffe37a
ffffe080
ffffda81
ffffd347
ffffdb58
ffffed23
ffffe933
ffffeaf7
ffffef6e
ffffdb3f
ffffd49d
ffffee2d
fffff63a
ffffeb1d
ffffee60
fffff3d4
fffff483
fffffa79
fffffdff
fffff335
fffff395
fffff445
fffff733
fffff66b
ffffe8b6
ffffdf5f
ffffdab1
ffffe148
fffff15e
fffff2ae
ffffee0b
ffffe90f
ffffe2fe
ffffe443
ffffde3f
ffffd318
ffffd26e
ffffd934
ffffdc80
ffffe3b1
ffffe946
ffffd7c4
ffffcb4c
ffffe15d
fffff0a4
ffffeb35
fffff11a
fffffd37
fffffe52
fffffbec
ffffef6e
ffffe3e7
ffffe3fa
fffff199
fffff9c0
fffffb77
ffffed65
ffffe33d
ffffd937
ffffdd7b
ffffec60
fffff52b
ffffee75
ffffe2d3
ffffe483
ffffea71
ffffe006
ffffddd0
ffffcde3
ffffcfc5
ffffd7f0
ffffebe1
ffffd92a
ffffc78c
ffffc28a
ffffde47
ffffddad
fffff112
00000c5d
0000092c
00000067
fffff864
ffffef73
fffff1d8
ffffe7e8
ffffec5a
fffff78b
fffffa4a
ffffe9fe
ffffe76f
ffffdc0c
ffffde03
fffff012
fffff2dd
ffffe39c
ffffdde8
ffffe56e
ffffed34
ffffe935
ffffe7e2
ffffe012
ffffdf93
ffffe861
ffffe7bb
ffffc4ee
ffffc7b1
ffffbb01
ffffd4bb
ffffd330
ffffe527
000003d2
0000033b
fffff53a
000005c2
0000042d
fffff3a3
ffffe2b9
ffffe1f9
ffffef2d
ffffee79
ffffe418
ffffee85
ffffe1fa
ffffe6a7
fffff6ca
fffff703
ffffed35
ffffec46
fffff057
fffff3f9
fffff184
fffff2e9
fffff718
ffffed46
ffffe605
ffffec88
ffffbea1
ffffd680
ffffd02f
ffffe482
ffffe009
ffffd181
ffffe9cf
fffff1bc
ffffed1e
ffffeafb
00000119
ffffe8a5
ffffdf5a
ffffe328
fffff133
fffff6c9
ffffe7e4
ffffe828
ffffee4c
ffffeba5
fffffc2f
000001de
fffff5bb
fffff2d9
fffff133
ffffef31
ffffeea3
ffffe728
ffffefa5
fffff0f6
ffffe8c4
ffffec3d
ffffe833
ffffe8c8
fffffd15
00000f3f
ffffefeb
ffffd657
ffffee8c
fffff318
ffffec1a
ffffeaed
fffff1d0
ffffe83e
ffffe723
fffff6a5
fffffc3a
fffff561
fffff49e
ffffec7f
ffffefd3
ffffeb59
000004fa
000002f6
fffff999
fffff05b
ffffe2cd
ffffe70f
ffffdf12
ffffdd91
ffffe3af
ffffedf5
fffff113
fffff443
fffff87a
ffffe103
ffffff22
0000155e
fffffbb8
ffffe69d
ffffeb3b
ffffeb50
ffffdfaf
ffffe5a5
ffffeb23
fffff266
fffff47e
fffff3ca
00000804
fffff3e4
fffffd52
fffff5f4
ffffe4d9
fffff2ab
00000228
fffff617
fffff3ee
fffff6f3
ffffedc8
ffffedc7
ffffe519
ffffde7d
fffff374
fffff5b2
fffff523
fffff094
fffff115
ffffd2c4
ffffe75c
0000017d
fffff21e
ffffd948
ffffe6fa
ffffe49d
ffffe057
ffffdb85
ffffe55e
ffffe051
fffffe61
fffff2e5
fffff411
fffff21e
ffffe9ad
ffffdf8b
ffffd4db
ffffe444
fffff561
fffff005
ffffe12f
fffff1f7
ffffecf0
ffffe2ef
ffffe876
ffffe912
ffffe3cd
fffff001
ffffee97
fffff4b0
ffffe735
ffffd6d8
ffffe514
ffffe985
fffff349
ffffe64e
ffffe344
ffffd7ee
ffffde2e
ffffdc68
ffffe3f2
ffffdf7a
ffffe5f0
fffff9b4
ffffe99b
fffff067
ffffe24c
ffffd9d8
ffffd17b
ffffdd1e
ffffeb53
ffffea0b
ffffd6ac
ffffdf8c
ffffe25a
ffffe032
fffff21c
fffff6b9
ffffe538
ffffdb8a
ffffd76c
ffffdf80
ffffd805
ffffda93
ffffe48c
ffffe900
ffffe571
ffffcb8d
ffffd5d1
ffffd551
ffffd79e
ffffe4b2
ffffe856
ffffed53
ffffe9b5
ffffe1d7
ffffd602
ffffe453
ffffda15
ffffd723
ffffcfba
ffffd7fc
fffff181
ffffecbe
fffff276
00000481
000000a8
000001d4
00000a6d
00000b52
fffff8e4
fffff100
ffffdd45
ffffdcbd
ffffe675
fffff34d
fffffa75
ffffed0a
ffffe2c3
fffff19a
fffff31c
ffffea17
ffffed8e
ffffe7fe
ffffe60e
ffffe676
ffffe512
ffffe006
ffffd6f6
ffffd86f
ffffdcea
ffffe09d
ffffd8d2
ffffe42b
00000025
fffff144
ffffecd1
fffff099
fffff498
fffff532
fffffb4d
fffffca1
fffff74b
ffffea7f
ffffdc36
ffffe1bd
ffffe977
fffff11a
fffff04c
fffff38b
ffffe504
ffffe587
ffffe97d
fffff205
ffffee79
fffff0de
ffffe281
ffffe65e
ffffeaba
ffffeb1d
ffffd9f0
ffffdb53
ffffd9da
ffffe2ea
ffffdab8
ffffecc2
000009f8
fffff7c2
fffffe7b
fffff98a
fffffbec
00000107
ffffff25
fffffe51
000002ed
00000369
00000006
00000568
00000626
000000c6
0000048d
000006ed
00000abe
00000520
ffffffd0
fffff7d2
ffffff5d
00000c9b
ffffffd8
fffff761
fffff4a7
fffffa19
fffff517
fffff852
0000021f
000006a2
fffffed1
fffff2c4
ffffeceb
fffff41c
fffff763
fffff1e8
fffff814
fffffcbc
0000021d
ffffffe1
0000031a
000004cc
000004db
000008db
00000642
fffffe45
00000095
00000409
00000fab
00000ed5
fffffd22
ffffeaa8
fffffaa1
00000a72
fffffb3e
ffffee5f
ffffed7c
fffff23a
fffff840
fffffc3a
000006bd
00000b36
fffffda2
ffffed3b
ffffe648
fffff199
fffff4a2
ffffe9eb
ffffedd4
ffffea91
ffffe2da
ffffe4f0
ffffedd8
fffff33c
ffffebe3
ffffed6e
ffffec0c
ffffeefb
ffffe0d8
ffffe760
fffff3e2
fffffb70
ffffe8d4
ffffe04f
ffffe70f
fffff85b
ffffef22
ffffecc5
ffffec55
ffffeaca
ffffef0c
fffff0ee
fffff562
fffff13c
ffffead9
ffffec28
ffffe805
00000037
00000cb6
fffff4ae
ffffecce
ffffe25a
ffffe95d
ffffeeb9
ffffed14
ffffea39
ffffe2a0
ffffda3a
fffff423
00000c2d
ffffe553
ffffec18
fffff89c
0000005b
ffffed79
ffffe491
ffffef4d
000007be
00000b28
000003ee
0000052f
fffffb66
fffff2ad
fffff683
fffff654
fffffaf7
fffff521
fffff9dc
ffffec4b
fffffa42
fffffb5e
ffffe8fe
ffffe350
ffffe698
ffffe437
ffffe642
ffffec80
ffffdd47
ffffc8ff
ffffc57b
ffffe39e
fffffecd
fffff00b
ffffe7d4
fffff092
ffffebf2
ffffe2c8
ffffe724
ffffff8a
00000e45
000009f1
000004d7
fffff9c2
fffff4c2
fffff22e
fffff75f
fffff6d6
fffffc5b
fffffad9
fffffa37
ffffe91e
ffffeff9
fffff5ed
ffffed05
ffffe6a7
ffffdeb3
ffffef4e
0000007b
ffffe0f7
ffffada1
ffffcbfd
ffffcb1e
ffffe335
fffff4fd
fffff9db
ffffec87
fffff1ba
ffffe911
fffff047
fffff727
fffff5a9
fffff4d3
ffffe036
ffffe99e
fffff4d3
0000018f
fffffc7e
fffff88c
fffff660
00000087
fffffefe
fffffcbf
ffffefa7
ffffed64
fffffd4d
fffff5f5
fffff793
ffffe421
ffffecc3
000002e9
ffffe4e5
ffffccf6
ffffd520
ffffe386
ffffeede
ffffff92
00000aa6
00000348
fffffba8
fffff9cc
000006f4
00000d78
fffff826
ffffdf0a
ffffd866
fffff4d9
0000000b
000013fc
00000d6a
00000558
fffffa7c
0000054c
00000b8b
0000058a
fffff3c3
fffff15b
fffffd03
0000068f
fffffa19
ffffeaaf
fffffafe
fffff506
fffffea1
000000c7
ffffeb93
ffffdc80
fffff96f
00000be0
0000269f
000010f6
fffffc2d
00000346
0000114c
00002309
00001222
000004ce
00000678
00000265
000003e1
000018db
000015f6
0000148c
00000798
000011ef
000011fa
000010f5
00000b3f
fffff88b
fffffa74
fffff4a9
fffff99b
fffff222
00000c9a
00001309
00001999
0000149f
ffffedce
ffffd759
000007d4
000010d4
000025b5
00001693
000001da
fffff30d
0000064c
0000179e
00001c60
00001397
00002366
000011bd
fffffcb7
0000166f
00001044
00001176
000004ac
0000117e
00000b63
00001520
000018d9
fffff3a6
fffff361
fffff089
ffffd438
ffffed29
fffff4ec
00001944
00001cb9
00001e0c
0000022b
fffffef3
00000803
0000220a
00000f40
fffff7c3
000003ee
ffffd7a7
fffff093
0000069d
00001313
00000bce
00000903
ffffffc0
fffffba7
00000143
fffffdde
000001fe
ffffff8d
00000a95
fffff75c
0000039f
00000087
ffffed0f
fffff47e
ffffe613
ffffc9fb
ffffcfae
ffffc9a1
ffffe5c6
00000c3e
000020eb
00001a71
000014e5
fffffba1
fffffefb
00001b48
ffffe176
ffffc8ee
ffffc489
ffffc393
ffffd43b
ffffe343
ffffd20d
ffffdfcb
ffffe2c9
ffffe4dc
ffffe0a3
ffffdb55
ffffdbf8
ffffdd73
ffffe9f8
ffffe263
ffffdec5
ffffec15
ffffee6f
fffffca3
ffffe545
ffffdbf8
ffffd045
ffffa38f
ffffc67c
fffff747
00001661
00000f7a
0000079e
fffff156
ffffe346
00000904
fffff7e2
ffff9fae
ffff9be9
ffffbcb5
ffffcab6
ffffc6d0
ffffbdfc
ffffcc7f
ffffd00d
ffffcea7
ffffcd85
ffffd2a9
ffffd099
ffffd15b
ffffd893
ffffdd5b
ffffdb76
ffffedd8
fffff463
00000752
ffffe9ce
ffffe572
ffffdb06
ffffc630
ffffbfb6
ffffe2b7
00000482
fffff32c
ffffe847
ffffeeb5
ffffec9b
ffffe836
ffffe666
ffffb53f
ffff9315
ffffa80f
ffffbd51
ffffc48b
ffffbc26
ffffc68a
ffffcede
ffffc9b7
ffffc970
ffffd7b1
ffffde4b
ffffe0ea
ffffe37a
ffffe704
ffffe29d
fffff039
fffff0aa
00000790
ffffed53
fffff2fa
ffffeeb5
ffffd26d
ffffcfea
ffffeaf2
ffffe8a1
ffffe27b
ffffebdd
ffffe968
ffffda8d
ffffc8ac
ffffbfaa
ffffc2fc
ffffea17
ffffeb75
ffffe484
ffffdd18
ffffc45b
ffffb2af
ffffb1dc
ffffb0b1
ffffa632
ffffb359
ffffd872
ffffed26
ffffeb44
fffff16a
ffffe985
fffff0e3
fffff198
000000f1
ffffe812
ffffef49
ffffea46
ffffc5e6
ffffc269
ffffe42c
ffffddf1
ffffe538
ffffd189
ffffce0e
ffffd3b6
ffffd3b7
ffffd101
ffffef0e
00000825
000007d9
fffffecd
fffff13e
fffff231
ffffe82d
ffffd30d
ffffca0c
ffffb5a4
ffff9d88
ffffa713
ffffdd0a
ffffe6ca
fffff39f
ffffe9ad
fffff47b
fffff61c
fffffe1a
ffffe5e3
ffffedb0
ffffe453
ffffbc00
ffffb28d
ffffd48b
ffffc863
ffffd8f2
ffffd5b5
ffffd0cc
ffffd684
ffffe9a3
fffff7fe
00000605
00000a12
000001e0
0000053b
00001088
00001761
00000526
fffff298
ffffe3cc
ffffe7d1
ffffcc2d
ffffb93c
ffffc9e9
ffffe334
ffffed6b
ffffe4bb
ffffee2d
fffffb33
00000094
ffffee24
fffff87d
ffffe7e9
ffffb70b
ffffa42e
ffffbd04
ffffc504
ffffd63f
fffffa81
000004bb
ffffed8d
ffffef7c
000005a4
000009b0
ffffff7e
fffffac4
00000416
00000fba
000013c4
00000c11
0000005a
fffffa51
fffffd36
ffffdc56
ffffd075
ffffd6f6
ffffe9d4
fffff24d
ffffe2b4
ffffeb0d
fffffec8
00000264
fffff6bc
000002ba
ffffeef7
ffffc27d
ffffa066
ffffaa16
ffffc7a2
ffffd616
00000468
00001174
00000ee1
00000025
00000051
000004e3
00000552
fffffb60
000006b3
00000d81
00000be0
00000fb6
00000aef
fffffd4e
fffffb84
fffff0e9
ffffdd61
ffffe145
ffffea76
fffff51d
ffffe824
ffffedec
000000e0
000006d2
fffff9b5
000001b5
000002bb
ffffdde3
ffffb1aa
ffffa893
ffffca55
ffffe668
00000b37
fffffef3
fffffb65
fffff7d7
fffff538
0000021f
0000057f
fffffed2
00000450
0000050a
00000729
00000d07
000007f2
000003c0
000006a3
fffffbc9
ffffe33e
ffffe48b
fffff5fb
fffff55a
ffffefaa
fffff213
fffffd10
00000150
fffff4fb
0000041a
00000abf
ffffef09
ffffc673
ffffb5ad
ffffbc60
ffffe470
fffff02f
ffffea8f
fffff6ad
00000a40
ffffff44
00000c30
00000159
fffffc73
ffffff54
fffffee2
00000569
00000ccd
00000d62
000004fb
00000a8d
fffffec3
ffffe757
ffffedd7
fffffc2b
fffff9d6
0000001a
fffff6f9
fffffb75
0000048f
fffff98f
00000709
00000931
fffff5f1
ffffde82
ffffc56f
ffffbfbe
ffffd29e
ffffd7bd
ffffea5c
00001178
00001bf3
000000a5
00001757
00000165
fffff626
fffff06f
fffff13e
ffffffd9
00000481
00000ef2
000006ea
00000716
fffffbaf
ffffe2cf
ffffeba2
fffff53a
fffffb9c
000005b8
fffff9cf
fffffeeb
00000846
00000352
00001021
00000e1b
000006bd
fffff51c
ffffdfa3
ffffcd91
ffffd1de
ffffd804
ffffed38
00001b51
00002cfc
ffffffa5
00000ada
00000826
fffff231
fffff3d3
fffff16a
fffff56e
00000e52
000015e8
00000dea
000006c5
fffff82e
ffffe843
ffffed78
fffffa4a
00000329
00000db0
0000000c
ffffffb3
00000cc3
000005d5
00000dae
00000846
00001762
fffffb1c
ffffea63
ffffee80
ffffd61b
ffffcbee
ffffd534
00000f41
00001d55
fffffd8e
ffffe89e
0000070f
ffffffaa
fffffd3d
fffff970
00000575
00001746
000018b6
00001353
00000f81
fffffa79
ffffec43
fffff4c5
0000009d
00000ab3
00000c0b
000002a0
000008f5
0000137c
00000f9e
00001254
00001283
000017dd
0000153c
fffff925
ffffea93
ffffedcb
ffffdc17
ffffceb2
ffffe084
fffffcf6
00000db0
fffff5df
fffffe39
0000010b
00000df4
ffffff13
000007e6
00001852
00001537
00000b76
0000119e
fffffdee
ffffe87e
fffff89b
000002ad
000008be
000006b1
000002e3
00000737
0000131a
00000f38
00000f1f
0000141b
00000821
ffffff19
fffff1d3
fffff3bb
ffffd429
ffffe13f
ffffe534
ffffe023
ffffe5f5
fffffabd
fffff5e2
00000df6
fffff765
00000873
000009af
000005ec
00001da7
00001a86
fffffdd1
00001351
000004d9
ffffec14
ffffea92
fffffe40
00000bc5
fffffe5e
fffffe4d
fffff79c
fffffd34
fffff50e
fffffdb1
00000112
fffff069
ffffe26a
ffffd975
ffffdc1e
ffffe1b9
fffff1ae
fffff637
ffffe900
ffffe754
ffffe671
ffffdeef
fffffb5e
ffffefc3
fffffa66
fffffedb
0000090f
fffffe90
0000163f
000006c6
00000da4
000018d3
fffff384
ffffd8b6
ffffff89
00000295
fffff5ad
fffff91b
fffff433
fffff850
fffff779
fffff733
fffffa17
fffff5a1
fffff270
ffffefe3
ffffeaff
ffffe321
ffffefb9
ffffe645
ffffd35b
ffffd9a2
ffffd563
ffffdc82
ffffdc7d
ffffd8da
ffffe11c
ffffed0d
fffffd43
fffff2af
00000710
000017ba
fffffbc7
00001a62
fffff79b
ffffde22
ffffed7f
ffffecf6
ffffe8a6
fffff676
fffff269
fffff1cc
ffffe344
fffffb4b
fffffabc
00000534
fffffe69
fffff6cb
ffffe8a0
ffffe38d
fffff4c7
ffffec59
ffffdc76
ffffd7f0
ffffd70f
ffffd102
ffffcc15
ffffdee5
ffffedd7
ffffedfd
ffffef8c
fffffafc
00001f0c
00002c21
00001294
00001bbb
fffff165
00000964
fffff721
ffffe332
ffffed75
fffff2b7
fffff02d
fffff698
ffffe65b
fffff0f8
fffff397
fffffbbf
000004fe
fffffd02
ffffee83
ffffe82a
ffffe7c2
ffffefd8
ffffe7c0
ffffdd1f
ffffe3e5
ffffecb6
ffffecdb
ffffff06
fffff63c
fffffdbc
fffff3e9
00000242
000011b8
fffffa1d
00000f87
00001f3b
fffffb02
00000dad
00001495
fffff490
fffff03b
fffffa81
ffffe78f
fffff523
ffffe487
fffff2c3
ffffeefc
ffffe844
fffff386
0000011b
fffff0a6
ffffdc88
ffffd890
ffffe246
ffffe3ef
ffffedd0
fffff5ab
ffffef37
fffff06e
fffff6f2
fffffbf9
fffff9da
fffff65a
ffffe9c5
ffffe15c
ffffdbc1
ffffef6c
ffffe74f
ffffd691
ffffe9d7
000005d4
ffffe988
ffffeaf8
fffff443
ffffe224
ffffe891
ffffe089
ffffe664
ffffdf9b
ffffda22
ffffe1c2
ffffe510
ffffde09
ffffcb30
ffffde04
ffffe9f5
ffffeecb
ffffef41
fffff121
ffffdffb
ffffd81a
ffffce7e
ffffe5a5
ffffe6c0
ffffec0d
ffffda3e
ffffdca2
ffffdca7
ffffd256
ffffc2c8
ffffbe5c
ffffd922
ffffeae0
ffffeca3
ffffec67
0000015f
000000f8
fffff41c
ffffeede
ffffeb8d
ffffe257
ffffdfd9
ffffea5a
ffffea98
ffffe950
ffffdcb3
ffffda4e
ffffe69a
fffff074
ffffff02
fffff879
fffff199
ffffdd83
ffffde5c
ffffdc74
ffffd9ce
ffffe23e
ffffe0ce
ffffdf8d
ffffeb75
ffffef23
ffffe68d
ffffdf78
ffffec21
fffff12f
ffffea90
fffff1f9
ffffeab4
ffffe7da
ffffdf37
ffffe882
ffffe60f
ffffe757
ffffea9f
ffffe3ff
ffffe0ab
ffffdf6d
ffffdc2a
ffffe4ec
ffffe96d
ffffebf1
ffffeaf9
ffffea1a
ffffe5ef
ffffe114
ffffe6c7
ffffe711
ffffe587
ffffe284
ffffe725
ffffe1f4
ffffe1a2
ffffe624
ffffe455
ffffe3e9
ffffe3e9
ffffe69d
ffffe63a
ffffe56f
ffffedb6
ffffd80a
ffffd342
ffffd8e2
ffffd989
ffffd4b8
ffffd4d4
ffffca07
ffffc15e
ffffc389
ffffced7
ffffd362
ffffd08b
ffffd758
ffffd849
ffffd409
ffffcf7e
ffffced0
ffffdac5
ffffdbc8
ffffd48c
ffffd2b4
ffffd426
ffffcafe
ffffce01
ffffdca7
ffffda2e
ffffd703
ffffd3cc
ffffcb22
ffffc935
ffffc1e4
ffffd754
ffffe7ce
ffffe0b5
ffffeb0f
ffffe9e6
ffffe3e8
ffffdeb1
ffffd601
ffffc853
ffffe223
ffffdde0
ffffd9ad
ffffced1
ffffd581
ffffe164
ffffe43a
ffffe3ba
ffffdde9
ffffe2d3
ffffe69d
ffffd905
ffffe287
ffffeeca
ffffe8e2
ffffe40d
ffffe7f7
ffffde9e
ffffdcbc
ffffdf32
ffffdf99
ffffd77d
ffffcced
ffffdd3f
ffffdf87
ffffdbe2
ffffe473
ffffe496
ffffd22e
ffffcbcb
ffffd568
ffffe427
fffff1d0
ffffe40a
ffffda66
ffffcac6
ffffcc1d
ffffdc6f
ffffdf27
ffffe41c
ffffe165
ffffe433
ffffe473
ffffda2f
ffffda23
ffffe862
ffffeae2
ffffe5a4
ffffddd7
ffffde97
ffffd44e
ffffd36f
ffffcd76
ffffc9c9
ffffc496
ffffdc91
ffffec80
ffffec71
fffff1e6
ffffeede
ffffd46e
ffffd19d
ffffdc1e
fffff885
ffffdedf
ffffe984
ffffe19c
ffffd024
ffffcd97
ffffe150
fffff0f8
ffffecb1
fffff1fa
fffff27a
ffffeaa3
ffffdf56
ffffe114
ffffe5f7
ffffeac6
ffffe699
ffffe657
ffffe16e
ffffd31e
ffffd27a
ffffceab
ffffc90b
ffffc74e
ffffe618
fffff2c4
fffff291
fffff218
ffffec50
ffffdb76
ffffbd8e
ffffac64
ffffb232
ffffb7e6
ffffc170
ffffcdf8
ffffbe0d
ffffc9a0
ffffe3ba
fffff1ad
fffff489
fffff414
ffffef3e
ffffde6e
ffffd948
ffffddb9
ffffea7f
fffff06c
ffffed06
ffffe49b
ffffe56d
ffffe949
ffffe78c
ffffdee2
ffffd85d
ffffce55
ffffe773
ffffe806
ffffe91b
ffffe5ce
ffffdf4c
ffffea4f
ffffcb47
ffffb6d1
ffffaf83
ffffaf85
ffffa65c
ffffa9c7
ffffb821
ffffb9c0
ffffd816
ffffe59c
ffffef20
ffffe9a9
ffffe724
ffffd804
ffffde33
ffffedd3
fffff1e3
fffff16b
fffff14e
ffffdb9f
ffffe75a
ffffec81
ffffed3e
ffffdc52
ffffd872
ffffce50
ffffe52e
ffffefdb
fffff892
ffffe6a1
ffffdc77
ffffeca3
ffffed91
ffffcf3e
ffffac49
ffffb8c3
ffffc3b7
ffffae7b
ffffb345
ffffafaf
ffffbbc3
ffffda4d
ffffe824
ffffe559
ffffdc1b
ffffcb1b
ffffd860
ffffebc0
ffffe22f
ffffe5de
ffffe1ae
ffffdd50
ffffe5b0
ffffe8de
fffff3ba
ffffda28
ffffd70f
ffffcd07
ffffe747
fffff0a6
ffffe87c
ffffe5e7
ffffdc2c
ffffee82
ffffcd1e
ffffbf6c
ffffa35f
ffffa235
ffffa353
ffff9b46
ffffac68
ffffbecc
ffffba03
ffffca06
ffffcd0b
ffffeb91
ffffe5a7
ffffdf3c
ffffef89
ffffec42
ffffe439
ffffe72e
ffffe5e8
ffffe876
fffff06c
fffff1cc
fffff1f0
ffffe77f
ffffe724
ffffcd89
ffffeaf4
000006da
000001a4
00000931
00000470
00000707
ffffda97
ffffcdff
ffffb8bb
ffffa374
ffff9aee
ffffb4b7
ffffb8a4
ffffcccd
fffff502
fffff4f2
fffff389
ffffe86c
ffffe9de
ffffe2ec
ffffed28
ffffe453
ffffdc81
ffffeab8
ffffeaad
ffffee35
ffffeb17
ffffec69
ffffe1e0
ffffe39b
ffffe2e6
ffffca77
ffffdce0
00001178
00000f27
00001c66
0000291a
00001cdc
000011eb
fffff6f0
ffffc1a2
ffffa3e9
ffffa95c
ffffc771
ffffc8ed
ffffddb1
00000d00
00001b71
0000128f
fffff114
ffffff7d
fffffd2c
00000a5f
000005e2
00000d5f
00000e35
0000117b
00000a5f
00000eb7
00000eea
00000c08
000008a2
000010de
fffff70a
ffffed8a
000005fa
ffffffc5
000008ee
00000c67
00001e50
00000773
0000007e
ffffb560
ffffb677
ffffd4d2
ffffdff8
ffffdff4
ffffee29
ffffd373
fffff477
00000c41
000018a7
00002dd2
00003501
000021f0
0000086f
fffff12d
fffff0a9
fffffddf
00000063
00000945
fffffe38
fffffd74
fffffc94
00000493
fffffe3b
fffff9b7
fffff6f5
ffffe88a
ffffef28
ffffe5ac
fffff308
ffffdb18
ffffcb0f
ffffba29
ffffde79
ffffe884
fffff54f
ffffd2a9
ffffc1cd
ffffc8da
ffffc6dc
fffff80c
00002535
00003a7f
00004889
000045ae
0000310e
00001e85
00001c92
00000fed
00000077
fffff32f
ffffeccb
ffffe911
ffffe956
ffffe3c9
ffffda5a
ffffe57f
fffff33a
ffffdb3d
ffffd948
ffffccb9
ffffc8a3
ffffc2e8
ffffa8c7
ffffa071
ffffc826
ffffb6b8
ffffc70a
ffff9bae
ffffa188
ffff9e91
ffff9627
ffffb665
ffffe5b5
ffffedd4
00000e4f
00001910
00001db1
000022f6
00002cb3
00002cd3
00002d2d
00000601
ffffed0c
ffffe9c7
ffffe478
ffffda7f
ffffc9b6
ffffde86
fffff6ea
ffffe5b1
ffffd9e9
ffffcc92
ffffc718
ffffbd7f
ffff9815
ffff8b4a
ffffaec4
ffffa2a9
ffffab70
ffff8d64
ffff8d12
ffff831d
ffff8a75
ffffa673
ffffbd31
ffffc052
ffffc6e9
ffffc679
ffffc218
ffffcaae
ffffdbc3
fffff884
00001579
00001120
ffffec9b
ffffec83
ffffdcc3
ffffcca3
ffffc545
ffffe099
ffffef63
ffffe361
ffffe181
ffffd188
ffffc7de
ffffadae
ffff8a14
ffff8361
ffffa3ce
ffff94c7
ffffa03a
ffff9a4b
ffffa376
ffff8bfe
ffff9653
ffffa6a2
ffffacc6
ffffbfae
ffffd2bc
ffffdf2c
ffffdd0f
ffffd074
ffffcd60
ffffc7bc
ffffc84b
ffffd242
ffffd321
ffffe4d0
fffff039
ffffea31
ffffd1d4
ffffe96d
ffffed0f
ffffda92
ffffd871
ffffc4a1
ffffbf62
ffffaa77
ffff8da0
ffff845b
ffffa0ce
ffff967f
ffff966c
ffffa548
ffffa9a5
ffffa699
ffffb2ea
ffffb490
ffffbe52
ffffc99b
ffffd268
ffffd9d2
ffffdc85
ffffd977
ffffcf8f
ffffc95f
ffffbfff
ffffc65a
ffffd085
ffffc704
ffffe28a
ffffe1fb
ffffc8ab
ffffe6f6
fffff416
ffffe4cc
ffffdb1e
ffffc81b
ffffb9c2
ffffaddb
ffff98f1
ffff8a2f
ffffa437
ffffb009
ffffb69a
ffffb84b
ffffa584
ffffb116
ffffbd2f
ffffc468
ffffce78
ffffdc58
ffffe2bf
ffffe1fc
ffffe0ed
ffffe0e7
ffffde9f
ffffda20
ffffc951
ffffc5d9
ffffd098
ffffd43f
ffffe34e
ffffec7d
ffffcc0f
ffffe73a
fffff1ad
ffffdeee
ffffdecb
ffffcdd4
ffffc71d
ffffb1aa
ffffa38d
ffff95d2
ffffa6ff
ffffc14d
ffffbf4b
ffffbf56
ffffa326
ffff99aa
ffffb96e
ffffca90
ffffcc4a
ffffda8f
ffffe396
ffffe3d8
ffffe50b
ffffe3ef
ffffdda8
ffffdf5c
ffffd8f4
ffffcf65
ffffc96a
ffffd2dc
ffffda2a
ffffe401
ffffcad3
ffffe9bd
fffff168
ffffe3ee
ffffd64a
ffffd2c0
ffffd13e
ffffbb1b
ffffa67b
ffff98f0
ffff9794
ffffc257
ffffc372
ffffb72b
ffff9c4d
ffffa235
ffffb0f5
ffffb7c8
ffffcff8
ffffd695
ffffdc2b
ffffdc92
ffffdd27
ffffdb29
ffffd69e
ffffd7c3
ffffcf2d
ffffc7c5
ffffbeaf
ffffc4f6
ffffc902
ffffca7a
ffffc5e7
ffffe3f9
fffff09d
ffffe812
ffffd962
ffffd0ba
ffffd083
ffffbff4
ffffa8c9
ffff9a30
ffff8cdc
ffffb1f7
ffffb153
ffffa828
ffffa2c4
ffffb6f8
ffffb42e
ffffa9af
ffffb709
ffffc822
ffffd10a
ffffd845
ffffd9e2
ffffd46c
ffffd551
ffffda4d
ffffd98a
ffffc747
ffffbdda
ffffc5ee
ffffd540
ffffd115
ffffcf5b
ffffea97
ffffecef
ffffe277
ffffda2e
ffffd288
ffffc6cf
ffffc59d
ffffb1b0
ffffa03c
ffff961c
ffffa418
ffffb174
ffffd27a
ffffcd67
ffffee1d
fffff3d6
ffffc352
ffffb109
ffffbef5
ffffcd89
ffffd496
ffffdaa3
ffffd948
ffffd9a0
ffffe115
ffffe068
ffffc5a5
ffffb249
ffffbd48
ffffcbcd
ffffd218
ffffcba0
ffffeabf
ffffeae9
ffffe0a2
ffffe237
ffffdccf
ffffd621
ffffd920
ffffe627
ffffdee6
ffffc867
ffffb89d
ffffb536
ffffd3f2
ffffdd25
ffffd4ce
ffffd6aa
ffffbf54
ffffbaf7
ffffb4c5
ffffb4f8
ffffc421
ffffbd09
ffffc26b
ffffca86
ffffd490
ffffdb64
ffffc791
ffffbbe7
ffffc9c5
ffffd018
ffffcfdf
ffffbea2
ffffdbeb
ffffe103
ffffdbb0
ffffde47
ffffe536
ffffdff0
ffffdbe6
ffffe068
ffffe085
ffffe15d
ffffd5f1
ffffafc6
ffffa2d9
ffffb845
ffffb4fe
ffffae03
ffffa478
ffffc6eb
ffffe1e2
ffffe0df
ffffdbef
ffffc3a2
ffffaa0a
ffffb99b
ffffc205
ffffd014
ffffc3ed
ffffb7be
ffffdb24
ffffd114
ffffd0e9
ffffbcca
ffffd80b
ffffd51c
ffffd2ec
ffffcfc4
ffffd530
ffffdb02
ffffd9d3
ffffdd51
ffffe996
fffff19c
fffff15e
ffffcfc4
ffff9e89
ffffa37e
ffffa3b2
ffffac8e
ffff9fc1
ffffc71b
fffff53c
000004bf
fffffe8b
fffff27b
ffffcd93
ffffb79c
ffffc072
ffffc711
ffffc204
ffffb324
ffffe56c
ffffe4cc
ffffe5e2
ffffd73f
ffffe17f
ffffee15
fffff457
fffffbbf
fffffb8f
fffffabc
fffffa88
00000282
00000bfe
00000ef0
ffffedf7
ffffd2e7
ffffb18a
ffffa7b5
ffff9a7c
ffffb36b
ffffa9d3
ffffd5c2
ffffe6fe
fffff48a
fffff689
ffffe23b
ffffcaf7
ffff98d7
ffffa2e0
ffffa55d
ffffa1ab
ffffad18
ffffd908
ffffee48
fffff0a4
ffffd2d6
ffffe5de
ffffedf5
ffffe491
fffff006
fffff0aa
fffffec9
000000cb
fffff72b
ffffebcd
fffff091
ffffe766
ffffed38
ffffd729
ffffd7ac
ffffb355
ffffb102
ffffb111
ffffcbbc
ffffe739
00000269
00001a16
000009e1
ffffd9ff
ffffaec9
ffffb392
ffffa96a
ffff926a
ffffb565
ffffcec8
fffff01d
ffffffdc
ffffe72f
fffff5c2
fffffa89
000003ca
0000037e
fffff3c2
ffffe38e
ffffe3a9
ffffda68
ffffd0a4
ffffd831
ffffdac4
ffffe548
fffff944
0000169e
fffffbe2
ffffef04
ffffd404
fffffb99
000001cd
00001a07
000003b0
fffff98b
ffffd336
ffffc3eb
ffffe0fd
ffffcd44
ffffdfba
ffffdce5
ffffed85
00000091
00001938
ffffe4f9
fffff11c
fffff98e
ffffffc9
000003e2
fffff8ae
fffff977
fffffd42
0000013e
000009fd
000015d9
00001130
00000374
fffffc58
00001739
fffffe93
00000199
fffff053
00001708
000008e4
00001295
000006e2
000002ca
fffff661
0000009f
000013dd
ffffef4f
ffffecfd
ffffeb9f
ffffe672
ffffe6ac
000000d6
ffffe056
ffffeacd
fffff1cc
fffffdb1
0000065d
fffffa3c
fffff833
fffff588
fffff260
ffffeedd
000007da
000011e2
000017b5
00000ed7
00000e79
0000093b
00000387
00000004
fffff696
fffff153
fffff897
00001198
000017e6
00001ffd
000019e0
00002a47
00001fff
00001681
00001653
000009fd
0000012a
00000ae5
ffffeaf6
fffff070
000014d1
00002324
0000250c
000017af
000010f6
0000177d
00000f08
00000d87
00001bd2
00002311
00002750
0000254c
00001e9f
000007b6
fffffb54
000002a9
fffffde9
fffffbbc
fffff258
ffffff26
00000054
0000106d
00000a65
00000969
00001275
000011c0
00001d2b
0000103d
0000064c
0000037d
ffffe59a
fffff5ac
00000ad6
00002b3f
00003788
00003bdf
00003ea0
00003fc8
0000396d
00002564
00002bda
00002bc5
000034dd
000039f8
0000344b
00002c36
00002bab
00003933
0000394c
000042ce
000039b5
000038d9
00003c36
00004314
00004a79
00003306
000028ba
00001f5d
00002a45
00003470
00004306
00004178
00002ba2
00001f50
fffffd89
fffffa79
fffff705
fffff6bb
fffff49b
fffff49e
fffff5fd
fffff634
fffff3c9
fffff1da
fffff0e7
ffffec3e
ffffeac5
fffff38b
fffff094
fffff59b
fffff972
fffff6e9
ffffea6b
ffffed0d
fffff6dc
fffff32e
fffff11b
fffffe26
000000fc
fffff987
fffff258
fffff8aa
ffffff48
fffff984
ffffef0d
fffff35b
fffff399
fffff1ba
ffffeef6
fffff162
ffffed84
fffff74d
000003b1
000005e5
fffffab8
fffff42b
fffff29c
ffffeee8
fffff134
ffffee92
fffff1dd
fffffae5
000001ce
fffff79c
ffffeb59
ffffe97a
fffff551
fffff4d4
ffffee5d
fffff5e0
fffff876
ffffef87
fffff3c9
fffff783
fffffb28
fffff2e9
ffffe2c3
fffff64e
fffff23d
ffffeb7e
ffffe929
ffffe677
ffffe23f
fffff943
0000170a
0000227e
0000212c
00000e4a
fffffb0e
fffff462
fffff640
ffffed2f
ffffe479
fffff2c9
fffff88b
fffff2da
ffffe87d
ffffeabc
fffff6ff
fffffb8d
fffff5c4
fffff64d
fffff2e1
ffffea5a
ffffe5f0
ffffed8c
fffff696
ffffeee4
ffffe743
fffff6f2
fffff52b
ffffe752
ffffeb37
ffffe72f
ffffde49
fffffba3
000029aa
00003822
0000267d
00001077
000006e0
fffff74e
fffff9a1
ffffef13
ffffe5d2
ffffec3e
fffff137
ffffe9b2
ffffe6bd
fffff26d
fffffbaa
ffffff5f
fffff5af
fffff185
fffff272
ffffeab2
ffffe2ec
ffffe9a7
fffffa94
fffff5d1
ffffeb1d
fffff7c2
fffff1e3
ffffdd42
ffffe228
ffffdf71
ffffd56e
ffffeb3e
0000103d
00000d24
fffffc00
fffff2e5
fffffd90
0000006b
fffff94f
ffffe883
ffffe2da
ffffeaff
ffffe87c
ffffdf96
ffffe637
fffff0db
fffff365
ffffea4a
ffffe7a2
ffffeb07
fffff086
ffffeeca
ffffe587
ffffe81b
fffff803
fffff815
fffff0f3
fffffa0d
fffff048
ffffe1cb
ffffe688
ffffdf21
ffffe020
ffffe148
ffffe1ba
ffffda12
ffffcbcc
ffffdb7e
000008b7
00000363
fffff49a
ffffe3bb
ffffeb88
fffff271
ffffe858
ffffdf5e
ffffed0d
fffff9e5
fffff0ae
ffffe1a8
ffffdf0b
ffffef08
fffff717
fffff085
ffffeb52
ffffe507
ffffeee9
fffff36a
ffffef35
fffffcb9
fffffeff
ffffff69
fffffabf
fffff9c0
000002e0
ffffeccc
ffffc4e2
ffffbde8
ffffc6fa
ffffd8d0
000007de
00000b8f
fffffb72
fffff516
0000029f
00000300
fffff9c5
ffffe9d1
fffff84e
00000950
fffffad7
fffff568
fffffc2a
000002a6
000002a9
fffffe5f
fffffb48
fffff60d
fffff7d2
fffff6af
fffff7d9
000005a7
000003c7
00000bf2
000002cb
000010d5
00001420
fffffc1d
ffffcece
ffffc6d8
ffffc3dc
ffffe528
000016a7
00000105
fffff63e
fffffc44
00001599
00001244
00000275
00000103
00001330
000023aa
00001e6d
00001c4a
00000d2b
00001519
00001542
00001410
000013e8
000010ac
0000131f
00000e76
000017ef
00001fe4
0000068e
fffffa0d
fffff73a
0000104f
00001d85
000019c2
ffffe526
ffffe623
ffffedae
000016e7
000010e6
ffffea0d
ffffd75b
ffffef85
00000a08
00000afa
fffffb84
fffffb86
000011b5
0000180b
0000156f
0000129f
00000539
ffffff18
fffffbd2
00000791
000008e5
0000041b
00000aad
000008b9
00002266
00001f01
fffffa73
ffffe2ed
ffffe123
fffff9c4
000005a3
0000053a
00000bc7
00000056
00000f7e
000019e6
0000000d
ffffd842
ffffc79b
ffffdf72
ffffe9af
000001bc
00000ad3
fffffb12
fffffa8a
00000089
fffff38d
fffff0bc
ffffefbb
ffffeeaf
fffff09e
fffffa4e
fffff7e0
fffff74e
fffffb94
fffff80a
00000aab
00000dbd
ffffec35
ffffcda0
ffffd054
ffffeb5b
ffffefad
fffffdee
000004c3
fffff068
fffff2c6
fffff7ed
ffffd055
ffffb2bc
ffffd872
ffffe163
ffffe665
ffffeb07
fffff0ff
fffff203
ffffe5a4
ffffe7f0
ffffdf60
ffffdfa5
ffffe12a
ffffdfbf
ffffde7f
ffffe2ce
ffffdddd
ffffdb86
ffffdd71
ffffdf81
ffffed9c
000001dc
ffffe7d8
ffffd583
ffffd35b
ffffe2c5
ffffe0a9
fffff23d
fffffc00
ffffe917
ffffe782
ffffda21
ffffb3ed
ffffb5dd
ffffdb5f
fffff1c9
00000344
ffffefa0
ffffdbcb
ffffd9f0
ffffe04c
ffffdf8b
ffffdf3e
ffffe48b
ffffd5b3
ffffd648
ffffd410
ffffd821
ffffd647
ffffdd0d
ffffda49
ffffda9a
ffffe878
000003db
ffffea2b
ffffd8ea
ffffd927
ffffe7b1
ffffe248
ffffe3e6
ffffeb51
ffffdf27
ffffe21d
ffffc651
ffffc2e5
ffffd380
ffffe27e
ffffe09c
ffffe761
ffffedd3
ffffdb68
ffffcc6a
ffffdc86
ffffe8d6
ffffe360
ffffe8e5
ffffdc97
ffffde1b
ffffd9a7
ffffda29
ffffd978
ffffde89
ffffd788
ffffd6da
ffffe8a8
000000da
ffffe1e6
ffffd29e
ffffdffe
ffffefae
ffffe6aa
ffffe484
ffffd2f2
ffffdb9c
ffffd534
ffffe020
ffffe684
ffffe775
ffffe181
ffffdb0e
ffffe11f
ffffeeec
ffffda3a
ffffcebc
ffffe386
fffff15d
fffff1f5
ffffef6d
ffffe5dc
ffffe00b
ffffe1ac
ffffdf75
ffffe039
ffffe73e
ffffd5d7
ffffd574
ffffe809
000000ac
ffffda42
ffffcf14
ffffda9e
ffffe823
ffffea9a
ffffe56f
ffffd3ec
ffffda77
ffffdbb2
ffffed1d
fffff8a0
fffffb74
ffffec02
ffffea44
ffffe6e5
fffff041
ffffe2c4
ffffec56
00000311
00000513
0000002d
fffffe9d
ffffeffa
ffffdfde
ffffdf7f
ffffda53
ffffda43
ffffdbea
ffffce75
ffffd0e5
ffffe407
ffffff4a
ffffe2ba
ffffdb5d
ffffdd48
ffffeb6b
fffff46a
fffff0fb
ffffe055
ffffdfcb
ffffe58a
ffffe475
ffffff18
0000108a
0000085a
fffffc61
fffff5a1
fffff1de
fffff464
fffff9af
000007b1
00000bea
00000b18
000009ba
00000794
0000001d
fffff531
ffffeea4
ffffd463
ffffc954
ffffc2a5
ffffd289
ffffe53c
00000042
ffffe89f
ffffe246
ffffe121
fffff517
00000274
00000052
ffffea04
ffffda99
ffffdee4
ffffdf22
fffffd9d
0000272e
000023f4
00000387
fffffea7
000001cb
fffff9bf
fffff920
fffffedc
fffffe5d
fffffefc
000008bf
00000600
00000ba4
000008c6
00000b5c
ffffe601
ffffcba3
ffffc748
ffffd351
ffffe4c0
fffffcde
ffffeb26
ffffe134
ffffe289
fffffa0d
00000971
00000cb6
ffffeb77
ffffd277
ffffcc93
ffffdcb5
fffff0ef
000009da
fffffc33
000001ac
00000946
0000091e
fffff9d3
fffff5ab
fffff943
fffff94d
fffffd24
000000f0
ffffffb7
0000038b
000004e1
00000c14
fffff2a2
ffffc748
ffffd142
ffffd670
ffffea76
fffffca3
ffffefca
ffffe24b
ffffe556
fffff60a
00000016
0000060f
ffffed06
ffffcc33
ffffcf0e
ffffe427
ffffda18
ffffd89f
ffffd121
ffffebc1
00000c15
0000078e
fffff7c9
fffff9f2
fffff8b2
fffff3c0
fffff673
fffffb15
fffffc1e
fffffd34
00000287
000006c9
fffffa2e
ffffd8db
ffffd806
ffffdb7f
ffffe667
fffffd10
fffff10b
ffffe378
ffffe810
fffff463
fffff90d
fffffdf0
fffff77f
ffffd0f5
ffffddeb
ffffe57e
ffffd736
ffffc685
ffffd55a
fffff9ac
00001592
0000066b
fffffe76
00000359
fffffd0f
fffff4da
fffff7b4
fffffae3
fffffee5
00000318
00000c25
00000d07
fffffa88
ffffdeca
ffffe41b
ffffe545
ffffea5b
fffffcc4
fffff2c7
ffffe4b4
ffffe4b5
ffffedf2
fffff581
fffffb35
fffffeae
ffffeb90
ffffe706
ffffeaf3
ffffeb66
ffffe45e
ffffee6e
00000583
00000e84
00000371
00001130
00001395
00000b18
0000046c
fffffdc9
fffffbc6
fffffdf6
00000442
000008c2
00000c26
fffff777
ffffdc2e
ffffe86e
ffffe33e
ffffe908
fffffe9c
fffff68e
ffffee12
ffffea95
fffff03a
fffff280
fffffb85
fffffe7b
000009df
fffff9ac
ffffee0e
fffff6bf
00000625
fffffd0f
000003e6
ffffdf12
ffffe186
00000b4a
00001f89
00001374
00001613
0000048a
fffffd05
0000020e
00000740
0000016e
000005b1
fffff67f
ffffe244
ffffe2cd
ffffd570
ffffe33f
fffffe3c
fffff986
fffff184
ffffeddb
ffffec7e
fffff578
fffff86f
ffffff79
000009f3
0000080b
fffff953
fffff190
00000035
00000613
fffffb23
ffffd6b4
ffffd905
ffffec45
000005e8
fffffa4d
00000b04
0000086b
000007df
000004ee
000007d6
fffff9a5
ffffff63
00000017
ffffeecf
ffffecef
ffffdc97
ffffea4e
000004bf
fffff932
ffffef17
ffffe84d
ffffe985
ffffedf2
ffffecd6
fffff19b
fffffa12
000001bf
fffffce5
fffffb8e
00000184
00000040
ffffef5a
ffffe1f3
ffffdb35
ffffddcc
ffffdf29
ffffe4a4
fffffd3c
00000f35
00000f84
00001148
000009a0
00000458
00000259
00000a10
fffff4c3
fffff012
ffffe6d5
fffff82b
000014d2
fffff8e4
ffffec4d
ffffe508
ffffebf1
ffffe8e1
ffffe36c
ffffe553
ffffea50
ffffea67
ffffea65
fffff39e
ffffffeb
0000033d
fffff380
ffffe5d5
ffffe488
ffffe82b
ffffda90
ffffd89f
ffffeb2a
fffff1b3
0000003d
0000144d
00002123
00002416
00001328
00000f0d
fffff56c
ffffe91c
ffffe3d3
fffffa27
000011e2
fffff5c3
ffffe294
ffffe2d0
fffff1f8
fffff15b
fffff3ab
ffffea63
fffff3c6
fffff41d
ffffebb5
ffffecc7
fffff168
ffffeeeb
fffff142
ffffed18
fffff3ed
ffffeef6
ffffe2a4
ffffe471
ffffe5f0
ffffe8cf
ffffeba6
000005f5
00002890
000023b3
000022ef
00000a76
fffff403
ffffe0f2
ffffd910
ffffeded
00000998
fffff4ed
ffffe0c3
ffffe7c8
fffff701
fffff592
ffffef92
ffffefb8
fffffd64
00000621
fffff972
ffffedbb
ffffe4f3
ffffeebc
fffff390
fffff2e4
ffffe838
ffffe93e
ffffe09d
ffffeb05
fffff416
ffffe063
ffffddba
00000689
00001756
fffff729
000002d2
00000b1d
000001db
ffffebdc
ffffd482
ffffec7c
0000018f
fffff1be
ffffdf13
ffffe1b8
ffffef77
fffff4e2
fffff6ff
fffff88a
00000a21
0000058c
ffffeff2
ffffe967
ffffe35a
ffffeb42
ffffec42
ffffeecc
ffffe575
ffffe5d5
ffffeba3
ffffeabb
ffffe748
ffffde9a
ffffe030
00000170
fffffe44
ffffe3d9
fffff124
ffffec9f
fffff061
ffffe3f3
ffffd1d7
ffffed0f
00000230
fffffac7
ffffe54e
ffffe4c5
fffff29e
fffff622
fffff786
fffff69f
fffffb09
ffffed93
ffffef52
fffff6da
fffff1e4
ffffe360
ffffeb22
ffffe559
ffffe1b9
ffffe471
ffffea45
ffffe85f
ffffe14b
ffffec2b
fffffaad
fffff6bb
ffffe45c
ffffdfdf
ffffeae0
ffffe9b5
ffffe1dd
ffffdf85
ffffe2e1
ffffedfa
000001f5
ffffeee5
ffffe1ef
ffffe1da
ffffdde1
ffffe49f
ffffe888
fffff384
fffff122
ffffeae5
ffffec5f
ffffef19
ffffe3b6
ffffe66c
fffff293
ffffed5d
ffffdb0d
ffffded6
ffffd76f
ffffe25b
ffffe7ab
ffffe6d2
ffffe4dd
ffffe1bf
ffffd137
ffffe7e6
ffffe277
ffffd958
ffffd912
ffffd436
ffffdad3
ffffee98
000009a8
fffff42b
fffff135
ffffedb8
ffffee8e
fffff4b3
fffffb06
fffff156
fffff109
ffffef0f
fffff79c
fffffcaa
fffffea5
fffffa11
ffffff69
fffff87e
ffffeec4
fffff7fe
fffff98a
fffffaf3
fffffeaf
fffff612
fffff364
ffffef0e
fffff5aa
fffff52e
fffff0be
ffffefa7
ffffef05
ffffeefa
ffffed3f
fffffbd9
00000124
fffff7fd
ffffec2c
fffff13e
fffff6b5
fffff80b
fffffb8b
fffff386
ffffefcd
fffff8c0
fffff878
fffff608
fffff84a
fffff4f4
fffff629
fffff8db
00000032
000002d1
00000137
00000250
ffffffab
fffff409
ffffed64
fffff290
fffff583
fffffb0c
fffff7e7
fffff2e3
fffff2a6
fffff9a0
fffff9bd
0000003c
fffff4ed
ffffebdf
ffffebaa
ffffe52e
ffffe18d
ffffdf23
ffffdd0a
ffffdd19
ffffde95
ffffe092
ffffdd0f
ffffd960
ffffddf2
ffffe273
ffffe218
ffffdfdb
ffffdd85
ffffdeff
ffffdd16
ffffdca0
ffffe0d3
ffffdc9c
ffffd979
ffffe0c4
ffffe56f
ffffe1c0
ffffe111
ffffe384
ffffe2b3
ffffe6dc
ffffe02b
ffffce12
ffffdd3b
ffffd6c4
ffffde15
ffffdcce
ffffdd08
ffffda21
ffffdce8
ffffe1d7
ffffe5cf
ffffe2d2
ffffd936
ffffdb52
ffffdca3
ffffe029
ffffe56f
ffffe276
ffffdd00
ffffdc5c
ffffd7f7
ffffd785
ffffd297
ffffd2aa
ffffd15e
ffffd882
ffffdce0
ffffdbd8
ffffd534
ffffdad7
ffffd7f0
ffffdd2e
ffffd8f6
ffffc95d
ffffe224
ffffd2bc
ffffca6a
ffffce4c
ffffcb43
ffffcfbc
ffffdbdd
ffffe4a2
ffffe3a5
ffffd9db
ffffbf86
ffffc381
ffffcebc
ffffd3b8
ffffd77f
ffffdaa4
ffffd4fd
ffffceae
ffffce6f
ffffc44c
ffffc447
ffffce68
ffffd39b
ffffcef2
ffffd2d7
ffffd189
ffffcbd8
ffffccb5
ffffcd20
ffffc8b3
ffffcd5c
ffffc7c2
ffffda90
ffffcc68
ffffcac4
ffffd11a
ffffd210
ffffda57
ffffebeb
ffffeed5
ffffd663
ffffc3e2
ffffbfd9
ffffd51a
ffffdfaf
ffffdf10
ffffd65b
ffffd93d
ffffd71b
ffffd14f
ffffceb4
ffffd03e
ffffcc10
ffffdb50
ffffe146
ffffd36e
ffffcd38
ffffd105
ffffcff3
ffffcbf1
ffffce87
ffffc824
ffffd0ad
ffffce1a
ffffe351
ffffcad7
ffffc596
ffffcbe5
ffffd555
ffffdedd
ffffe041
ffffe505
ffffcd1b
ffffb257
ffffd605
ffffde24
fffff29b
ffffe988
ffffcef5
ffffd190
ffffd421
ffffce49
ffffd111
ffffda2f
ffffd9be
ffffe600
ffffdd04
ffffccc1
ffffc572
ffffcc94
ffffd211
ffffcef5
ffffcb80
ffffc5f7
ffffd264
ffffd3c9
ffffe39f
ffffd35e
ffffcf2d
ffffd2ba
ffffd9f0
ffffe27a
fffff254
ffffce1d
ffffc111
ffffb34e
fffff757
ffffedf6
ffffe5ae
ffffe630
ffffd51c
ffffdc35
ffffe831
ffffe044
ffffda22
ffffdcde
ffffe50a
ffffe32c
ffffdaf0
ffffd2ee
ffffcb17
ffffc864
ffffcfa3
ffffd79d
ffffd31c
ffffc4a6
ffffcee9
ffffcefe
ffffe008
ffffdb95
ffffd736
ffffe707
ffffee1c
fffff54c
ffffe998
ffffdd09
ffffbea1
ffffb593
fffff0be
fffffe75
ffffe6ad
ffffde3b
ffffe930
ffffe8e9
fffff2bd
ffffe438
ffffdab0
ffffd752
ffffe2da
ffffeaab
ffffe934
ffffe82a
ffffe1c2
ffffd930
ffffd805
ffffdd1d
ffffdbf7
ffffd6ab
ffffd8f0
ffffd853
ffffe608
ffffdf45
ffffe71e
fffff0ed
fffffe4e
ffffe8d9
ffffd6b8
ffffd0b9
ffffbe7e
ffffb248
ffffd97d
fffffc66
ffffece7
fffff5f5
fffffe13
fffffeff
fffff90f
fffff2f5
ffffe039
ffffe363
ffffe68b
ffffe9ac
ffffebb2
ffffeb39
ffffebf4
ffffe2c1
ffffeb29
ffffe963
ffffeb69
ffffe3de
ffffea0d
ffffe656
ffffeed1
ffffe058
ffffe9b9
fffffc14
0000048d
ffffef61
ffffde85
ffffbb3a
ffffc0b8
ffffc663
ffffee76
ffffeb80
ffffdf61
fffff1ab
00000f60
00000e22
fffffbd1
fffff71c
ffffe82b
ffffe7fc
fffff151
fffff1e7
fffff576
fffff195
fffff72c
fffff15a
fffff3c5
ffffeed8
fffff530
fffff24c
fffffb0a
fffff816
fffff8c4
ffffd8e4
ffffd9a2
ffffee19
fffff005
fffff982
fffff2d2
ffffbec2
ffffb5da
ffffdd48
ffffe24b
ffffc9ba
ffffc558
ffffde7b
00000087
00000ca7
fffff023
fffff520
ffffeed2
ffffebf6
ffffe67d
ffffe55a
ffffeac7
ffffe599
ffffe97a
fffff21d
fffff5f7
fffff65d
fffff1b4
ffffef53
fffff8a2
fffff6a0
fffff7bc
ffffe07b
ffffcf27
ffffe2c6
ffffe199
ffffe5a6
fffff75b
ffffc89c
ffffb820
ffffdccc
ffffd8e7
ffffc1ed
ffffb949
ffffcf8e
ffffdae1
fffff198
fffff06c
ffffe4de
ffffe5a8
fffff51b
ffffeda3
ffffdb1d
ffffe25d
ffffde96
ffffdd5d
ffffe0c7
ffffdfd1
ffffe007
ffffd9e1
ffffdca0
ffffde8b
ffffe2ad
ffffeb83
ffffdc76
ffffc9e8
ffffd58a
ffffd6e8
ffffe4e6
fffff974
ffffda84
ffffc72a
ffffd5ee
ffffd281
ffffc92d
ffffc276
ffffc900
ffffc393
ffffc9c2
ffffc4f6
ffffdc9d
ffffd873
ffffe0dd
ffffdee6
ffffd750
ffffd2fd
ffffd9b6
ffffdc92
ffffdc83
ffffd7ae
ffffd18b
ffffd2e8
ffffd4ab
ffffd58e
ffffd66f
ffffe29a
ffffe023
ffffcf43
ffffd559
ffffd0c1
ffffdee9
ffffdc0a
ffffcbfd
ffffcb94
ffffd4f6
ffffcadd
ffffd1b5
ffffc212
ffffc87c
ffffb13e
ffff9a30
ffffad78
ffffc832
ffffd1d2
ffffcc59
ffffd643
ffffdde2
ffffd601
ffffd733
ffffd8a0
ffffcc18
ffffd23a
ffffd322
ffffd765
ffffd3e3
ffffd9e6
ffffd827
ffffdfd4
ffffe296
ffffd5d8
ffffd7a7
ffffd1bd
ffffd93a
ffffd651
ffffb7fe
ffffbe4c
ffffd3b2
ffffd7a1
ffffd22b
ffffc9b2
ffffc6a1
ffff96ea
ffff8f5d
ffffb9ca
ffffd267
ffffcd92
ffffd1b9
ffffda0e
ffffdf64
ffffda39
ffffd5af
ffffd3b1
ffffcf1e
ffffd770
ffffdc37
ffffd610
ffffd9d5
ffffe373
ffffd720
ffffdefb
ffffdaf7
ffffd7eb
ffffd830
ffffd2a7
ffffd943
ffffde00
ffffbd4a
ffffbf4a
ffffc55d
ffffbe4d
ffffd28c
ffffe10a
ffffc020
ffff9f51
ffffb6ae
ffffd1a0
ffffd901
ffffda29
ffffc7bb
ffffcdf4
ffffd1e3
ffffce3d
ffffd33f
ffffcd8d
ffffd0d6
ffffd29e
ffffe40d
ffffd5c0
ffffdc1b
ffffe628
ffffda2e
ffffdb9e
ffffdad9
ffffd1df
ffffdc32
ffffd5d3
ffffd83d
ffffe1c9
ffffcb21
ffffc099
ffffc2d2
ffffb651
ffffdcd8
fffffae3
ffffd9c2
ffffbb5d
ffffcf1e
ffffe0ac
ffffd7b5
ffffd74f
ffffce9b
ffffd2aa
ffffd49a
ffffcdd6
ffffcffb
ffffc6d0
ffffc2d5
ffffcd2a
ffffcea0
ffffd0e3
ffffccc5
ffffe4c3
ffffd9e1
ffffda3b
ffffdb2f
ffffd1bd
ffffda51
ffffd6c0
ffffd5d6
ffffd9f1
ffffd3ab
ffffc686
ffffc0e1
ffffb922
ffffd9ee
fffff5e7
fffff101
ffffe126
ffffe47e
ffffdf0b
ffffde3c
ffffd4dc
ffffd52e
ffffd9f4
ffffe10e
ffffd9bf
ffffd7c8
ffffd756
ffffc94e
ffffc7d2
ffffbbb3
ffffc624
ffffcabb
ffffe2ce
ffffdd71
ffffdd93
ffffd8e7
ffffd170
ffffd3a7
ffffcd80
ffffce23
ffffd257
ffffd446
ffffd135
ffffc286
ffffcb3f
ffffdce5
fffff20e
ffffeb5c
fffff1da
fffff926
ffffe888
ffffdbb8
ffffd024
ffffd0eb
ffffd919
ffffdc7c
ffffd526
ffffd232
ffffd57c
ffffd19c
ffffc593
ffffbe4a
ffffcb6d
ffffcc17
ffffd983
ffffdb0b
ffffe077
ffffdb20
ffffd43a
ffffd52e
ffffcc70
ffffc3e5
ffffc556
ffffcc70
ffffcee4
ffffcaac
ffffd1ac
ffffd0ac
ffffc692
ffffe0b2
ffffe66e
fffff3bb
ffffebfc
ffffdde7
ffffd520
ffffd6ae
ffffd596
ffffd2e2
ffffce05
ffffce55
ffffcf7f
ffffc994
ffffc75c
ffffc0e9
ffffc735
ffffc7ce
ffffd611
ffffd675
ffffe21c
ffffdc00
ffffd3bc
ffffd08c
ffffcb47
ffffc05f
ffffc40f
ffffc7ec
ffffd12a
ffffd768
ffffca88
ffffd665
ffffac28
ffffbc47
ffffcbc8
ffffe1d1
ffffecea
ffffe676
ffffe1b4
ffffd5b3
ffffd4ea
ffffd061
ffffcd7f
ffffd011
ffffd3ac
ffffce78
ffffc67f
ffffc7e0
ffffc9e6
ffffcaa2
ffffd486
ffffd3b3
ffffe385
ffffde6a
ffffd3ee
ffffd4b1
ffffcee3
ffffc8c9
ffffc892
ffffc96e
ffffc6b9
ffffd9ee
ffffcefc
ffffd0a0
ffffb1ee
ffffc0f2
ffffd9e4
ffffe529
ffffe90e
ffffecc7
ffffeb2b
ffffe40d
ffffdbee
ffffd7a3
ffffd3ce
ffffd4ce
ffffd29c
ffffcd9e
ffffc2a9
ffffc910
ffffce68
ffffc9a0
ffffd10e
ffffd341
ffffe5b8
ffffd921
ffffd3af
ffffd64c
ffffd7cd
ffffd2ea
ffffcd7f
ffffd0db
ffffca42
ffffcf9e
ffffd383
ffffbdce
ffffbbd1
ffffca4a
ffffd333
ffffd7fd
ffffda51
ffffe15d
ffffe3db
ffffec8c
ffffded2
ffffdb6e
ffffda22
ffffd95f
ffffd5f3
ffffd008
ffffc5d6
ffffcb9c
ffffd68c
ffffcdcf
ffffcfc4
ffffd6d6
ffffe0f6
ffffd611
ffffd69e
ffffd8da
ffffd939
ffffdcae
ffffd97c
ffffddf1
ffffd778
ffffd921
ffffd3de
ffffc3ab
ffffbe39
ffffd2f4
ffffca15
ffffca5e
ffffd7ea
ffffda61
ffffd3ac
ffffe7df
ffffe3c5
ffffddc1
ffffd902
ffffdf04
ffffdbd9
ffffcf24
ffffc583
ffffcf57
ffffda05
ffffd291
ffffd59e
ffffda23
ffffe397
ffffd829
ffffda37
ffffdb1a
ffffd933
ffffdb4b
ffffdfd3
ffffe16b
ffffeca5
ffffddc0
ffffe0c0
ffffd3bf
ffffdb01
ffffeea4
ffffcd67
ffffbed1
ffffb9d4
ffffd011
ffffccbb
ffffd537
ffffdcfe
ffffde78
ffffd9c4
ffffd9aa
ffffe449
ffffdfab
ffffd51e
ffffe167
ffffe130
ffffd758
ffffda8b
ffffe2ee
ffffe636
ffffd8d0
ffffdf86
ffffe1ff
ffffdc4b
ffffd90e
ffffe0c3
ffffe3fc
ffffe8cf
ffffdc85
ffffe60e
ffffe13a
ffffd446
ffffe670
ffffc26e
ffffb05b
ffffb507
ffffc09d
ffffd7ca
ffffd864
ffffd780
ffffd90b
ffffce8a
ffffd823
fffff13a
fffff937
ffffe401
ffffeaf3
ffffeb67
ffffdddc
ffffe253
ffffe1d9
ffffe620
ffffde35
ffffe40f
ffffe0b5
ffffe1bb
ffffd795
ffffdf43
ffffe72b
ffffecc6
fffff261
ffffe903
ffffd768
ffffd518
ffffd1a5
ffffce87
ffffc675
ffffc139
ffffc52e
ffffd1f5
ffffdbf3
ffffda20
ffffd5ed
ffffe3e5
ffffe02f
ffffeef6
fffffaae
ffffe1d6
ffffdc85
ffffefce
ffffee74
ffffedd9
ffffe2fd
ffffe32f
ffffdd58
ffffe4eb
ffffebf9
ffffea3a
ffffeb14
ffffe0aa
ffffee80
ffffeb63
fffff2fc
ffffef12
ffffd361
ffffc517
ffffb96f
ffffc6bb
ffffc492
ffffc857
ffffd2e9
ffffe4a6
fffff089
ffffec99
ffffe0bf
ffffd9aa
ffffe6c9
ffffd060
ffffe58f
ffffdb4f
ffffd9da
ffffe895
ffffe93a
ffffe8e4
ffffda47
ffffdfe9
ffffda21
ffffdc7e
ffffe950
ffffde01
ffffdaf0
ffffdd0d
ffffe673
fffff109
fffff61b
ffffeb0e
ffffdd9c
ffffce47
ffffc57f
ffffdad7
ffffd41d
ffffc43f
ffffc009
ffffdc46
fffff131
fffff345
ffffeb2c
ffffdc1a
ffffd6ef
ffffd06b
ffffd1be
ffffd57b
ffffdefa
ffffd7a3
ffffdd7e
ffffe67a
ffffd4a6
ffffded1
ffffe555
ffffe2d3
ffffee23
ffffe781
ffffe4fb
ffffe739
ffffdfe8
ffffe4e7
ffffee52
ffffe1d6
ffffe4e8
ffffd77c
ffffd22c
ffffdc16
ffffda4a
ffffd73d
ffffd5aa
ffffdc20
ffffece2
ffffdb30
ffffe32e
ffffd756
ffffd822
ffffe41a
ffffd094
ffffc84d
ffffc0f2
ffffcc34
ffffd858
ffffd918
ffffd71d
ffffe576
ffffde3b
ffffe2cc
ffffde9f
ffffd629
ffffe234
ffffd110
ffffd82c
ffffe806
ffffe04e
ffffe516
ffffd8ea
ffffdbfe
ffffce76
ffffd4e0
ffffd514
ffffd976
ffffde3c
ffffd7cd
ffffe05e
ffffd4f8
ffffd844
ffffd173
ffffcd42
ffffdaf7
ffffd4e8
ffffd03c
ffffbdbb
ffffd577
ffffcf28
ffffce17
ffffd219
ffffda5e
ffffdb2c
ffffd865
ffffe212
ffffd294
ffffddea
ffffd560
ffffd0f5
ffffe872
ffffde23
ffffed8e
ffffe41d
ffffda6b
ffffdd61
ffffe5a9
ffffd7a3
ffffdcb9
ffffe0fb
ffffddfb
ffffe36d
ffffd5bd
ffffdc77
ffffe91a
ffffdf08
ffffdc78
ffffd51d
ffffe0ca
ffffccf6
ffffdf8b
ffffd9be
ffffc956
ffffd7ad
ffffe436
ffffe2af
fffff035
ffffeebe
ffffea5b
ffffeb05
ffffe334
ffffecef
fffff133
fffff221
fffff3f7
ffffec67
ffffeff3
fffff2da
fffff220
fffff075
ffffed5c
ffffe62d
ffffe094
ffffe5c5
ffffdb70
ffffde43
ffffdfdd
ffffe144
ffffe8ec
ffffee1b
ffffebb0
ffffe87c
ffffe517
ffffe0d8
ffffdfcb
ffffe575
ffffff92
ffffe5db
ffffdff2
ffffdd6d
ffffdb74
ffffdf24
ffffdd53
ffffe228
ffffe2fe
ffffd7d1
ffffd8d9
ffffdca6
ffffdbb0
ffffdd1a
ffffdccc
ffffdaf9
ffffd32a
ffffd3a5
ffffdda0
ffffd7fd
ffffd6d2
ffffdb5c
ffffd99d
ffffe0b8
ffffe146
ffffdc48
ffffdff4
ffffe784
ffffe4ab
ffffd638
ffffd4c7
ffffde21
ffffe445
ffffd6d2
ffffd6b4
ffffc949
ffffc467
ffffc6e3
ffffc5b0
ffffc889
ffffcbf0
ffffc0cc
ffffc13b
ffffc2e3
ffffc7ef
ffffc70b
ffffc91f
ffffc44f
ffffbbdc
ffffba01
ffffc264
ffffc853
ffffcaf4
ffffd441
ffffcbba
ffffd771
ffffdbb2
ffffd760
ffffcc15
ffffd053
ffffd3ca
ffffc471
ffffc2f7
ffffd2c4
ffffe2fb
ffffd78a
ffffd1a4
ffffd24e
ffffd988
ffffda52
ffffde67
ffffd923
ffffcabc
ffffc4d3
ffffca3f
ffffc45f
ffffd123
ffffdc28
ffffde64
ffffd4ca
ffffceaf
ffffcf0b
ffffd5bd
ffffd1e4
ffffd421
ffffdbae
ffffdad5
ffffd4f7
ffffd604
ffffd421
ffffd677
ffffd337
ffffe055
ffffdc40
ffffd484
ffffd854
ffffe821
ffffd9a9
ffffd238
ffffd2ae
ffffde99
ffffe99c
fffff8aa
fffff760
ffffe049
ffffe102
ffffc806
ffffbbf3
ffffc5be
ffffddcf
ffffe207
ffffe4a8
ffffdd10
ffffe35b
ffffe5d2
ffffe13f
ffffe34c
ffffd58f
ffffcc63
ffffca7b
ffffca68
ffffcf61
ffffdc05
ffffd9c3
ffffdadd
ffffda06
ffffdd1d
ffffdd39
ffffe6eb
ffffdd59
ffffddcb
ffffd1c8
ffffda5c
ffffe4b5
fffff028
00000c33
fffff5ef
ffffdb51
ffffbf3d
ffffc626
ffffd6d2
ffffd1b9
ffffe138
ffffe5b6
ffffe61a
ffffe577
ffffe934
ffffeaa2
ffffe41e
ffffcf40
ffffcedd
ffffd102
ffffd226
ffffd3d1
ffffdc3c
ffffde61
ffffd5c0
ffffd404
ffffcfaf
ffffd48f
ffffe65f
ffffddb6
ffffdb74
ffffcc9c
ffffd77d
ffffcf21
ffffe32f
fffffa2a
00001625
ffffd9f7
ffffbfd3
ffffd417
ffffdbcd
ffffdffe
ffffdd6a
ffffdc77
ffffd2ea
ffffd289
ffffd518
ffffd946
ffffdb82
ffffd955
ffffeb68
ffffe9d5
ffffd895
ffffd09b
ffffd2fc
ffffd801
ffffd7d0
ffffd586
ffffd4ca
ffffd56c
ffffe379
ffffde78
ffffd91f
ffffca48
ffffceec
ffffb1e6
ffffca55
ffffed0c
fffffc8f
ffffb961
ffffd4d8
ffffe01e
ffffd509
ffffdeb5
ffffe4f9
ffffd5a0
ffffc452
ffffc6b4
ffffc3c8
ffffcb11
ffffd077
ffffda31
ffffe6c9
ffffeafc
ffffd746
ffffcf1b
ffffd09b
ffffd7a6
ffffdbd0
ffffd4ec
ffffd1b6
ffffd305
ffffe05b
ffffe3fd
ffffd72f
ffffc66c
ffffcddc
ffffb4d9
ffffae6e
ffffba15
ffffd13f
ffffd274
ffffceba
ffffc901
ffffdee2
ffffd77c
ffffde7a
ffffd080
ffffce47
ffffcc60
ffffc53f
ffffccbb
ffffce4e
ffffc898
ffffd945
ffffe34a
ffffd6cd
ffffd810
ffffcb06
ffffdc47
ffffd302
ffffd33d
ffffcc10
ffffca50
ffffd9b4
ffffe8b9
ffffe249
ffffd3e7
ffffd777
ffffce9e
ffffb2d6
ffffb384
ffffc1a4
ffffda07
ffffb13d
ffffc67f
ffffca98
ffffca47
ffffd739
ffffd7e0
ffffe44c
ffffe631
ffffd581
ffffd067
ffffdc4f
ffffdb66
ffffd4ab
ffffcfe1
ffffe2ac
ffffe091
ffffd99a
ffffd71a
ffffcf83
ffffd1aa
ffffd281
ffffcc8c
ffffd14a
ffffdbf0
ffffeab1
ffffd8a5
ffffed70
fffff08d
fffff0c3
ffffd630
ffffc699
ffffbca5
ffffab14
ffffb2a4
ffffc145
ffffc8f0
ffffce99
ffffd576
ffffdd39
ffffee75
ffffe93c
ffffe0e7
ffffede9
ffffdea8
ffffd30a
ffffd141
ffffe639
ffffe547
ffffe673
ffffd48a
ffffd8ef
ffffd679
ffffd633
ffffe729
ffffdd07
ffffd56b
ffffe012
ffffc5f1
ffffe3d1
fffff918
ffffff63
fffff3a3
ffffde7f
ffffbcb7
ffffae1c
ffffa655
ffffb258
ffffe37e
ffffe4ba
ffffe4c5
ffffcc8f
ffffd825
ffffdae5
fffff6fc
fffff8a1
fffffbb9
ffffea24
ffffe1a9
ffffe04f
ffffe4ce
ffffe632
ffffde32
ffffe1bc
ffffd983
ffffe063
ffffeddc
fffff178
ffffe071
ffffe144
ffffcf76
ffffd66b
ffffe1c4
ffffe40f
ffffe0a9
ffffc956
ffffcddc
ffffd211
ffffa967
ffffbf86
ffffdf9f
00000ca5
000012df
ffffe856
ffffc89d
ffffdbb2
ffffe421
ffffe027
ffffe3dd
ffffe14e
ffffe2d2
ffffe067
fffff24e
ffffedb6
ffffec25
ffffddc7
ffffe096
ffffdc42
ffffdf94
fffff5f3
ffffe47f
ffffe812
ffffd6b4
ffffe363
ffffd028
ffffcb63
ffffcab8
ffffc1e9
ffffce62
ffffdfb7
ffffdbca
ffffcd21
ffffea03
00002139
00001cfb
ffffec40
ffffd276
ffffe0f4
ffffe73a
ffffdeab
ffffd9d0
ffffd9d4
ffffd8d4
ffffd783
ffffd450
ffffd7f4
ffffead9
ffffe665
ffffea18
ffffdfec
ffffe49b
fffff291
ffffe932
ffffeca7
ffffddb6
ffffe7c0
ffffd2be
ffffbeff
ffffb824
ffffb66e
ffffc54d
fffff3bf
00000ca7
ffffe624
fffff869
00000217
ffffde6d
ffffdb22
ffffffcb
00000331
0000114d
fffffd7c
ffffe5c7
ffffe65e
ffffdbaa
ffffd98e
ffffdc39
ffffd918
ffffe3ba
ffffe7a2
ffffe63e
ffffdc7c
ffffe8e0
ffffea59
ffffe92c
ffffeeb9
ffffe1b8
ffffe3e4
ffffd3a2
ffffc43e
ffffc328
ffffc1df
ffffc8b5
00000257
00001f1b
fffff032
ffffe639
ffffdb62
ffffba7a
ffffe318
00000ba6
00000c25
00000b35
fffff87a
fffff284
fffffd37
fffff6e9
fffff18f
ffffe96a
ffffdfae
ffffee5c
ffffe521
ffffeb40
ffffe476
ffffe8c5
ffffebfd
ffffe73d
ffffee4b
ffffe714
ffffe803
ffffd5ac
ffffc99b
ffffcbbd
ffffc54f
ffffc551
ffffe4df
fffff68f
ffffee7f
ffffca81
ffffbd34
ffffdaac
fffffe90
fffffed1
00000422
fffff0d8
ffffe094
ffffe4c6
ffffecbb
fffff8d1
ffffffb9
fffff67d
fffff1d2
ffffe6ca
ffffee0e
ffffefec
ffffe82f
ffffe906
ffffec53
ffffe626
ffffe6b7
ffffe1e3
ffffe916
ffffdb43
ffffcbaf
ffffc3b9
ffffc69b
ffffc21a
ffffd795
ffffe462
ffffd60e
ffffbcfa
ffffc507
ffffe43c
fffffef7
fffffc2f
fffff504
ffffdecd
ffffe1f9
ffffdbf8
ffffd7c1
ffffe053
ffffec8c
ffffe923
ffffe243
ffffe95b
fffff1fb
fffff3cf
ffffe4eb
ffffe510
ffffe84d
ffffe0d9
ffffe029
ffffdecf
ffffdfcb
ffffd658
ffffcb4e
ffffc392
ffffc9cf
ffffc7cf
ffffdd5a
ffffe009
ffffc7c8
ffffb526
ffffb88c
ffffe3c0
ffffe663
fffff544
ffffeb5a
ffffe417
ffffe02b
ffffda40
ffffd6b7
ffffdc03
ffffdf6b
ffffd7f0
ffffd3c7
ffffe3f4
ffffe603
ffffe1f5
ffffd587
ffffd5a2
ffffe673
ffffddad
ffffdd10
ffffd859
ffffd6c5
ffffc6ec
ffffbb87
ffffbf85
ffffcc71
ffffc1dc
ffffe3fe
ffffeb88
ffffd6f5
ffffc554
ffffbe60
ffffd28b
ffffe138
ffffe2a5
ffffe10a
ffffdbb7
ffffd529
ffffd3e3
ffffdafd
ffffde1f
ffffe35c
ffffd5bd
ffffc872
ffffcfeb
ffffd4bd
ffffd47a
ffffccce
ffffc9ba
ffffe3c9
ffffdc75
ffffe01f
ffffd67d
ffffd164
ffffbdbf
ffffb6e8
ffffb995
ffffd338
ffffbb24
ffffd992
ffffe8c2
ffffe5c0
ffffdeb3
ffffcbe9
ffffbd6f
ffffd105
ffffd974
ffffdec1
ffffd9f4
ffffd427
ffffe071
ffffe0bf
ffffd8cb
ffffdea6
ffffd53a
ffffc766
ffffc749
ffffd17d
ffffd566
ffffd10d
ffffc9e0
ffffdfaa
ffffd84f
ffffda0e
ffffd840
ffffcd98
ffffc15e
ffffc0e6
ffffc5d2
ffffdeb2
ffffcd08
ffffb759
ffffd5bf
ffffe064
ffffefb7
ffffd642
ffffb6be
ffffbf07
ffffcc06
ffffdb2e
ffffdca3
ffffda63
ffffe104
ffffdcc8
ffffdaa9
ffffe15b
ffffd446
ffffc97e
ffffcd79
ffffd63e
ffffd5ff
ffffc971
ffffc744
ffffdec1
ffffd72f
ffffd43a
ffffce6f
ffffca4f
ffffc11f
ffffbe7a
ffffc4b0
ffffd5ef
fffff21c
ffffc77b
ffffb827
ffffd587
ffffe643
ffffce77
ffffb092
ffffbd33
ffffcb32
ffffc539
ffffd2d2
ffffd263
ffffc8fd
ffffd010
ffffd4e0
ffffd5bd
ffffc93e
ffffc70e
ffffcfda
ffffdcdd
ffffd3a7
ffffc923
ffffc879
ffffdfb5
ffffd5d2
ffffd1c6
ffffc69b
ffffc255
ffffbfd6
ffffbfa7
ffffc8b6
ffffc3b0
fffff098
ffffee05
ffffc45f
ffffdf52
ffffe18d
ffffde21
ffffd152
ffffd996
ffffb883
ffffa9d6
ffffbce2
ffffce80
ffffcb15
ffffc030
ffffd040
ffffd7d5
ffffca52
ffffc6b1
ffffcc5f
ffffd702
ffffd888
ffffd394
ffffc7a8
ffffe23f
ffffd40b
ffffcac7
ffffbbed
ffffc10b
ffffc1c5
ffffda0e
ffffd288
ffffd71e
ffffd550
fffff1ba
ffffec2a
ffffe1ce
ffffb979
ffffc58d
ffffe5df
ffffeab2
ffffbba5
ffffa667
ffffb15d
ffffcd7d
ffffd9eb
ffffd76f
ffffc734
ffffd593
ffffc98e
ffffc898
ffffc788
ffffdc25
ffffd96b
ffffd38f
ffffce50
ffffe974
ffffd1e6
ffffc3e1
ffffcfcc
ffffe03b
ffffe225
fffff68f
fffff3dd
fffff198
ffffe3c9
ffffeeb8
ffffe78e
ffffdc20
ffffbbf4
ffffb84a
ffffd2f8
ffffe528
ffffdd76
ffffce7a
ffffc7d0
ffffceb8
ffffd575
ffffd9b3
ffffd8ff
ffffd36c
ffffc7bb
ffffb964
ffffc929
ffffef6e
ffffe32e
ffffe06c
ffffd766
ffffe80e
ffffcfe3
ffffd7d0
ffffe6f3
fffff46a
fffff734
000000a4
00000315
fffffd05
ffffe6b0
ffffdf87
ffffeb7b
ffffe5f2
fffff094
ffffe655
ffffd165
ffffd820
fffffade
fffff25f
ffffe391
ffffda6e
ffffe403
ffffdea9
ffffec39
ffffd78f
ffffb811
ffffb061
ffffb7a5
ffffea8d
fffff74b
ffffe4f0
ffffde9d
ffffe500
ffffdfdb
ffffe8cc
ffffe2ed
fffffe83
fffff8bf
fffffbb7
fffffdac
fffff51c
ffffd978
ffffd017
ffffe9b2
fffff3f5
00001793
00000a86
fffff7b6
ffffea67
fffff900
ffffecd6
fffff810
00000570
fffff82a
ffffebbb
ffffee77
ffffe86f
ffffc290
ffffc514
ffffb4b9
ffffd207
fffffa0c
fffff426
ffffeff2
ffffef56
ffffe61f
fffffc49
fffffed7
000004c1
fffff673
ffffe798
ffffed04
ffffeeff
ffffec42
fffff3a7
fffffbad
fffff758
00000a19
00000cac
00000185
fffff7e4
fffff008
fffff872
fffff59b
ffffeeac
ffffee73
ffffe963
ffffeeb7
ffffddba
ffffd8cf
ffffcd29
ffffd0c3
ffffd0d5
ffffdeed
fffff4b4
ffffed11
ffffe8bd
ffffe1e5
ffffebc3
fffff3c6
fffff25f
ffffeeba
ffffe7f4
ffffe041
ffffe8c4
fffff4ef
fffffa19
fffffcf4
fffffa35
fffff9fa
ffffe97a
ffffee12
fffff036
0000064f
ffffe957
ffffe053
ffffd96f
ffffd867
ffffd40f
ffffda49
ffffd97d
fffffb54
ffffddd8
ffffe059
ffffe408
ffffd798
ffffe807
ffffdfa3
ffffecaa
ffffe0cf
ffffe8dd
fffff219
fffff4ff
fffff2e9
fffff245
ffffeefb
fffff70c
fffffc6e
00000131
00000d55
000010db
fffff8cb
fffff215
ffffeb68
fffff1f5
000001a6
ffffebe0
ffffe1c1
ffffe3fe
ffffed96
ffffe55c
ffffd567
ffffeda6
ffffef1c
fffff372
fffff938
fffffcd4
fffff271
fffff1ef
fffff897
000000e5
ffffd36d
ffffe59b
ffffe0e3
ffffed43
ffffe9c5
fffff168
ffffeb05
fffff943
fffff1c0
ffffeb53
ffffdfe2
ffffe0d3
ffffdcfe
ffffe2a2
fffff1f4
fffff6a8
fffff55f
fffff25f
ffffe7ab
ffffeb25
ffffe36f
ffffdec8
ffffd88f
ffffde25
ffffecc4
fffff355
ffffe161
ffffdfb3
ffffec78
ffffeec6
ffffee41
ffffe1db
ffffde30
ffffe103
ffffdeea
ffffdf8b
ffffe066
ffffe4d3
ffffe64d
ffffe9a0
ffffe60e
ffffdcf3
ffffe0ec
ffffe159
ffffe736
ffffe5e1
ffffe65d
ffffeb74
ffffebce
ffffebe4
ffffdd97
ffffe6b8
ffffe49f
ffffef21
fffffb64
fffff0f3
ffffe41b
ffffeb63
ffffdc31
ffffdbb2
ffffdf86
ffffdd52
ffffe0dd
ffffe087
fffff122
fffff639
fffff596
fffff4b7
fffff756
fffff91e
fffff665
fffff8a8
fffff36f
fffff353
fffff752
fffffe63
fffffcf0
fffff57c
fffff722
fffff9de
fffffcb2
fffff9c5
fffffea9
00000263
fffff873
ffffef96
fffff1b3
fffff232
fffff0af
fffff373
fffff5ba
fffff1c3
fffff3b9
ffffebf9
ffffe696
000012cf
fffffa16
000000c5
fffffc81
ffffff3c
fffffb6f
fffffa4d
fffffeb5
00000001
fffff560
fffff9ba
fffffe81
000008c1
0000035c
00000045
00000242
fffffc69
fffffee8
0000020e
00000d35
00000f84
0000022d
fffffc4c
fffffa67
fffffe9c
fffffbd0
ffffff3f
fffff8b8
fffff617
fffffb4a
fffffdcc
fffff6d5
00002d0e
fffff8c0
00000172
00000032
00000289
ffffff31
fffffa11
fffff4af
ffffef1e
ffffe520
ffffee5b
fffffccb
00000150
00000628
000005c3
000007d0
fffffe01
fffff5e2
000001a5
00000b47
0000109e
000007a4
0000027f
fffffd78
00000287
0000012b
00000619
0000024a
fffffe6e
00000981
00000fea
fffff841
00002743
fffff226
00000461
00000208
000007e4
00000317
00000221
fffff37b
ffffddc7
ffffde26
ffffebd7
ffffedd5
fffff844
fffffe2c
00000367
00000b33
00000496
fffffaf9
0000026a
000011a1
000014a2
000003c4
fffffa9d
fffff5ef
fffffece
000004f8
000007ad
0000097c
000002d8
00000be7
0000134a
fffffca8
00002a8a
fffff56a
00000d7e
00000a5c
00000982
00000464
fffff8f3
ffffd4be
ffffcfbc
ffffe464
ffffee18
fffff2cd
fffff6a6
fffff8c7
fffffc86
000011b2
0000110b
000003d9
00000b0e
00001386
00000c50
fffffd1d
fffffa7f
fffffb04
000009a0
00000ac7
000008cc
00000658
000002d5
00000a3f
000012f8
000001b5
00002c33
fffff85c
00000ef1
0000107d
00000ebe
000011d3
fffffd52
ffffe1c6
ffffdd3a
00000bd5
ffffff66
000005f9
fffff4d5
ffffeb81
0000030b
00000f46
000012e8
00000bcb
00000f4b
00000b69
00000459
00000950
00000dfb
00000a5b
00000b71
00000677
0000072b
0000025c
00000361
000006a6
00000c5b
ffffffa7
00002abb
fffff173
00000500
00000c18
00000996
00000d2e
0000028a
ffffe7c9
fffff36a
0000137b
000014b1
00001847
00000357
fffffb43
000000f3
00000bd4
000006e1
00000822
000009ed
fffffd75
fffffaa7
00000ba1
0000127c
0000069a
fffffe97
fffffa76
000001fb
fffffd8d
0000077d
000002d0
000003e5
fffff996
0000251a
fffff04c
00000563
0000020d
fffff43c
fffffd6b
fffff26b
ffffe7ae
fffffc71
0000101a
00001f95
0000135f
00000c20
00000c19
fffff9ea
00001806
0000102e
00000596
fffffdd7
ffffef79
ffffe0b8
fffff334
00000091
fffffa10
ffffffdd
fffff95d
fffff519
fffff1c1
fffff64a
fffff4d1
fffff8a7
ffffe458
000017b2
fffff8f8
00000fb6
00000c93
00000b14
00000fc6
fffffcbb
ffffe1a4
ffffd9d9
00000720
000021f3
00001b73
000012f5
00001056
0000073b
000019f6
00002869
00001736
00000aad
0000003a
ffffe86b
ffffea9d
fffff07c
fffff90e
00001542
00000fb1
000003da
fffffd32
fffffeb5
00000422
fffffcaf
ffffdaaf
000010cd
ffffed5a
000004a9
0000036c
000007fa
00001550
000017ea
fffffe80
ffffe762
00000845
0000184d
00000c10
000018ad
00001626
00001255
00000aee
000025c1
00001798
000015c2
fffff55a
ffffe9e4
fffff505
fffffc95
fffffdf0
00000916
000005ee
000006e2
fffffad5
fffffb57
fffff6df
fffffc29
ffffdf4a
00001dda
ffffeafe
00000468
000007e9
0000022e
000000a9
00001b05
0000195e
fffffc59
fffffc06
fffffceb
0000040e
0000149e
00001d65
000011bc
00001394
00000b42
00001bf2
00002388
00001a4b
00000595
0000014e
00000396
fffff53d
ffffff51
000003f3
000004de
000001b9
ffffff87
fffff3dd
fffff4a4
ffffe1a6
00001e0f
ffffe89f
fffffe88
00000103
00000509
fffffdb7
0000132a
000021b8
00002638
00000103
fffff422
000002e2
00000ef7
00000942
00000a1f
00000fee
000005b2
00001407
00001079
00000e25
fffff278
ffffef38
fffff094
fffff590
fffff538
fffffdce
fffffbd8
fffff4d5
fffff745
fffff600
fffffd9c
ffffe34a
00000ef6
ffffe838
fffffb9f
fffffc2c
00000831
00000591
00000dcf
00001751
00003289
00001179
fffff422
ffffffdb
00000d9f
fffff411
fffff69a
00000894
00000a69
000012bd
000007cf
ffffff35
fffff6fd
ffffe809
ffffe6f9
ffffedf3
fffff485
fffff432
fffff46b
fffffc89
fffff9f3
fffffdf7
00000226
ffffe1dc
00000c2f
ffffebce
fffffd32
fffff722
00000b3b
0000116b
000010a7
00001a4f
00002b16
0000110a
fffff7da
0000016d
000001a7
fffff2e2
fffff779
00001143
00000e16
fffff8ac
fffff3c3
fffff485
fffff93a
fffffbc1
fffff9f1
fffff603
ffffee3d
fffffdb8
fffffc0f
ffffffbb
00000afa
0000086d
000003e0
ffffe6ac
00000c62
fffff296
fffffdf5
000001a6
00001075
00001357
000012a5
000013f1
000020b7
00000613
fffff3b5
00000603
00000f09
fffffb33
00000c26
0000255a
0000198a
00000226
ffffeaef
ffffeafb
fffff62d
0000027e
00000a85
00000a3d
fffffe02
000002f2
00000da4
00000e1c
00001ce5
00001197
000008a3
ffffef99
00001068
fffff3aa
000003af
00000c46
000014bb
000013e5
0000191c
00000ccf
00001cd7
00000687
0000009d
000009ec
00000dbb
00001049
000010d1
00001a9d
00000272
fffff0b3
fffff3b1
fffff486
fffff679
00000444
000014b0
00001f04
0000110f
0000162f
0000119c
000012ca
00001104
00001502
00000e2f
fffff82d
00001162
fffff424
0000060d
00000a63
00001326
00001178
0000218e
000011b6
00001c71
0000124b
00000c52
0000056d
00000306
0000142a
000014a9
000004b1
fffff5e3
fffff715
fffff9bc
fffff823
fffffcdd
fffff770
fffffe40
00000977
00000c23
00000ef1
000017d2
00000adf
00000f67
00000cdb
000011f9
fffffe51
0000192e
fffff4a4
000006ea
0000054b
00000c8a
00000cc9
000027d5
0000252d
00001d5d
00001788
00001fe4
00000df2
fffff460
00000d28
000009d6
ffffff9d
fffff4e9
fffff9e9
fffff9de
fffff87b
fffff4af
ffffeef3
fffff428
fffffbdb
fffffd44
fffffe1a
00000f5c
0000031e
000005b5
000005e9
00001547
000001b2
00002137
fffff4e4
000004a2
00000114
000006b5
00000ea7
00001ee7
00002d77
00001da7
00001b4e
00002151
000011de
fffffa96
00000c7c
00000ba3
00000862
fffff5c8
fffff2c3
fffff68e
fffff9d0
fffff343
fffff1db
fffff785
fffffa62
fffff70b
fffff6cc
0000061f
000007cb
fffffe59
0000074e
0000129a
000007ba
000026bc
fffff675
00000644
00000894
00000cd0
00000e0c
00001b49
00002d91
00002816
00001d88
00001c71
00001d26
000014dd
00000543
00000cdf
000004ab
fffff4a8
fffff7be
fffff99c
fffffa4d
fffffa16
fffff6e7
fffff7fc
fffff6d5
fffff85b
fffff74e
0000073c
00000a00
fffffbe5
00000913
000019d3
00000d2a
00002bd5
fffff71a
0000099f
00000fe1
0000120f
0000138d
000018a9
00002bf8
00003793
000024bc
00001428
00001908
00002337
00000c60
000000b0
00000107
ffffef30
fffff44a
00000101
00000127
fffffd78
fffff6f5
fffff703
fffff716
fffff5f1
fffff9bb
000004c8
00000904
000002c4
00000b86
00001ef5
00000a55
00002b47
fffff90b
00000eee
00000e11
00001180
000014f4
00000f0d
00002088
00003bfb
00003da2
00002366
00001596
0000226e
00001210
ffffff9e
00000ed1
fffff948
fffffdbc
fffffd70
fffff58e
fffff69c
fffff754
fffff88f
fffff958
fffff52a
fffff607
0000002c
0000084a
0000071f
000009d8
00001c56
0000006e
00002b16
fffffe54
00000cd9
00000a17
00000a42
00000f89
00000b7c
00000c86
00002292
00003b49
00003345
0000323d
00002f11
00002841
000003ea
00000770
000000bd
0000039c
fffff2fe
ffffe9a7
ffffec7c
fffff21e
fffffb90
fffff9cc
fffff997
fffff8c2
000004bd
00000c32
00000380
000004d5
00001d55
fffff44a
00002621
fffffe85
00000c59
00000a1d
00000ac5
00000758
fffffe80
fffffc10
00000526
0000164d
00003578
00003c36
0000367a
00002e8b
00001da6
00001465
fffffe67
fffffc55
fffffe05
fffff4c7
fffffcf7
00000189
fffff91a
ffffffc0
ffffff82
fffffd92
00000a41
fffffed2
fffff7a9
0000020d
000011b8
ffffef72
000018bd
fffff910
00000dd1
00000c86
0000072f
0000043d
000001ea
0000037d
000009c0
00000d26
00001cb4
00002542
000023fc
00003a4a
00001bbb
00000e8d
fffffabf
fffff043
000004ff
00000b95
00001022
00001454
00000618
fffffacc
fffffc2d
fffff8e6
fffffe54
fffffc9a
fffff9ea
fffffe29
00000d6b
ffffe3cb
0000176c
fffffd53
00000d9b
00000770
ffffff00
fffffb2a
00000365
0000069a
00000d0d
00000212
0000054b
000000f6
00000be2
00001a63
00000a0e
000001ea
fffff944
fffffc7d
00001650
00001035
000018b4
0000113a
00000757
00000f83
fffff558
fffff61d
000004b3
0000052b
fffffe0d
00000990
00000bf7
ffffe3ef
00001be4
fffff84e
00000ab0
000002ab
000001fe
00000103
fffffcbb
fffffe59
000002a0
fffffb0f
fffff622
fffffcde
fffff077
000009db
00000b4e
00000b0a
00000a7a
00001038
0000265c
00002f52
00002313
000012f6
000008b5
00000a34
ffffff5a
00000256
0000114b
00000791
0000032a
00000ce6
00001846
fffffa41
0000166e
fffff6a0
00001003
00000a4b
000001a1
00000318
000001a2
0000041a
000009ba
0000154c
000010c7
fffff794
ffffea32
ffffef7b
0000099c
00001b8f
000015d4
00001368
00002bac
00002fc5
00001a29
00000be4
00000b60
000001de
fffffdf3
00000436
00001152
00000947
000001ff
00000cf5
00001570
000004cd
00001742
fffffca4
00000e89
00000d74
000001ed
0000006c
fffffff8
000002b5
00001083
00001e8e
00001ab6
000006b8
fffffbc6
0000034d
0000067e
00001ba9
00001f82
00001b35
00001178
00001374
00001484
00000fec
0000113a
ffffff93
00000caf
00000a79
ffffff9a
fffffca7
000001f6
fffffe3a
0000039a
ffffe8e1
000021b1
ffffee29
00000904
fffffcff
fffff4fc
ffffefbf
fffff877
fffffb4a
0000041c
00000d1a
00000e8b
000009a9
00000f61
000009cc
00000ad3
000010fd
00000914
00000978
00000073
ffffed15
fffff377
000002c5
00000a1d
fffffc06
fffff826
000002b9
0000002d
00001180
0000060d
fffff750
fffffc2d
ffffea18
00001df0
ffffed4c
00000302
fffffb42
00000010
fffff8ef
fffff5e0
fffff1de
fffff298
fffffd03
fffffb57
000006d8
000009f3
000007df
ffffff14
ffffff49
fffffc2f
00000ba5
00000dc1
ffffeeec
ffffec85
ffffeeef
fffffbbc
000005dd
ffffff55
fffff199
00000578
0000078f
fffffabe
ffffe74e
fffff580
ffffe088
00001740
000006b7
000005b2
000000f4
0000024e
0000046b
ffffffd7
fffff8c8
fffffe66
00000313
00000b9a
00000dfa
000016f1
00000e77
000000c6
ffffffd8
ffffff45
0000047f
000002e9
fffff711
fffff46a
fffff153
00000808
0000105e
00000619
ffffff91
000001db
00000c1a
0000098c
0000044b
fffffad3
00000576
00001028
000008ff
0000130c
0000191f
00001b33
00001de1
0000184e
00000db8
00000b20
00000f60
0000195d
00001987
00001307
00000f43
000013e9
00001e94
00001c40
00001a5b
000017c4
00000ec8
00001107
00001231
00000e26
00000497
00000731
000013a1
000014b2
00001033
00001485
000021dd
000022f7
0000164e
00000b3f
00000a00
00000983
00000adc
fffffcd5
fffffa08
fffff505
fffff3e9
fffff719
fffffffe
0000018b
fffff5d2
fffff11a
fffff347
fffffae2
00000701
0000082b
00000a5e
000009d5
fffff746
fffff4a9
ffffeffb
ffffebdd
ffffe67a
ffffe925
fffff88f
fffff9ad
fffff15e
fffff2ed
00000147
000008c3
fffff8c2
fffff969
00001266
0000110b
fffffa80
ffffeb99
ffffdb92
ffffda74
ffffe543
fffff766
fffffdc9
ffffee52
ffffdce4
ffffde4f
ffffdce7
ffffe50a
ffffe60d
ffffe87b
fffff3cf
fffff518
ffffe52a
ffffdb17
ffffd801
ffffdf02
ffffe84b
ffffeb8c
fffff240
ffffe755
ffffda81
ffffdc50
ffffe94e
ffffeae7
ffffdcd0
ffffeb72
00001d18
000012b5
fffffb24
ffffe6ec
ffffd0bd
ffffcd3e
ffffeedb
000006db
00000152
ffffedff
ffffe147
ffffe1c9
ffffe821
fffff65f
fffff4c6
ffffe732
ffffec3d
fffff52b
ffffeb06
ffffe42d
ffffdfc9
fffff133
00000349
fffff9bb
fffff29f
ffffe357
ffffd938
ffffd2e3
ffffddbd
ffffe4db
ffffd8ef
ffffe76e
00001c95
00000a05
fffff42b
ffffdc21
ffffc909
ffffcc6f
ffffdebc
fffff459
00000d3c
ffffff88
fffff3b0
fffff4d7
fffff6a1
fffffded
00000533
ffffed36
ffffe110
ffffede9
ffffe96b
ffffdbdf
ffffdc84
fffff196
00000049
fffff9ac
ffffe971
ffffdcdf
ffffd712
ffffd657
ffffda83
ffffdb52
ffffd64d
ffffe8fa
0000147a
0000050e
ffffe40b
ffffd05b
ffffccd8
ffffd0f4
ffffd8f0
ffffec8c
00000363
ffffec23
ffffe558
00000541
00001619
fffffcd6
fffffefe
ffffe984
ffffdd6c
ffffe8cd
ffffe31b
ffffd2e9
ffffd335
ffffe482
fffff5bd
fffff961
ffffe766
ffffd87c
ffffdc1e
ffffdc24
ffffda34
ffffdb6b
ffffd8da
ffffeba5
000012d6
00000b6a
ffffdf17
ffffcedb
ffffd3a4
ffffd150
ffffd446
ffffe3b9
ffffee35
ffffc7d4
ffffdea1
00000c2f
00001481
00000504
ffffffd5
fffff4f5
ffffe4fc
ffffe4e7
ffffda93
ffffdc85
ffffe264
ffffdecf
ffffe6b1
ffffec83
ffffe3e3
ffffe032
ffffe428
ffffe0b4
ffffd945
ffffd895
ffffd312
ffffecfd
00001809
00001b50
fffff5de
ffffda97
ffffe30f
ffffe62b
ffffe4e6
ffffed37
ffffe07a
ffffead5
ffffff7b
0000145a
00001045
0000184d
00001b49
00001c74
fffffb61
ffffee53
ffffe1fb
ffffef3a
00000455
fffffd8d
ffffec87
fffff2b8
ffffee66
fffff411
fffffccd
fffff6f0
ffffeed1
ffffe50f
ffffe6b8
fffffa68
00001e93
0000223b
fffffe62
ffffd737
ffffd97e
ffffee48
ffffdc6a
000000ca
0000017d
00000ef0
0000393d
00000935
0000156a
00003789
00004789
00003b5f
00001279
fffffabd
fffff4d9
fffff8cb
000019cc
00001bec
00000b29
0000047a
000007f0
000010a7
00001180
0000163e
0000081f
ffffef09
fffff262
00000423
00002da3
00001f4b
fffffebb
ffffdc0c
ffffd231
ffffd604
ffffe799
00001714
00002f5e
0000446c
00005c2c
00001720
00000892
0000329f
00004893
000048df
00001ea7
fffff6ff
fffffa0d
0000045a
0000196e
00002200
0000142a
fffffc52
000004bf
00001034
000013db
00000e89
00000880
fffff31f
ffffe4e7
fffff978
00002cf1
00001a5e
ffffebd5
ffffde4a
ffffd7dc
ffffc94b
ffffe165
00000663
000028b6
00004e3a
0000529b
00001946
fffff6f0
00001b72
00003c56
00002e4d
00000a71
ffffe2d0
ffffd598
ffffdb16
ffffec78
ffffe84c
ffffe0c3
ffffdb5c
ffffe6c1
ffffe97a
fffff27c
ffffee81
ffffec04
ffffdad5
ffffd95e
ffffec30
00002db6
00002691
fffff108
ffffed6f
ffffe86c
ffffcc7d
ffffcdd9
ffffdfc2
fffff99d
000023b5
000026e3
fffff74b
ffffc93b
ffffe3fe
fffff8c5
00001c35
00001342
ffffef18
ffffc843
ffffb896
ffffc22d
ffffc1ab
ffffb804
ffffbceb
ffffc9be
ffffd2cf
ffffd9a2
ffffde62
ffffdbd0
ffffd4a6
ffffd2b4
ffffe745
00002e00
0000275a
fffff2a5
ffffeed3
ffffe094
ffffd0c0
ffffc4d7
ffffc428
fffff3bb
00000e56
000006ce
ffffd24d
ffffce41
ffffd488
ffffdde9
000010ec
00002605
000010d2
000006b8
fffff92b
fffff13a
ffffe4f7
ffffd919
ffffcfb1
ffffc5ca
ffffc851
ffffd336
ffffe1e9
ffffedea
ffffe0bc
ffffda0e
ffffe65a
00002d75
00001c16
ffffec67
ffffea82
ffffe05d
ffffd2d4
ffffcca1
ffffc489
ffffd4d0
fffff313
ffffdab9
ffffc4d0
ffffd51a
ffffcc16
ffffd1b3
fffffa89
fffff89e
00000225
fffffe00
fffffbe3
0000030c
0000053f
fffffe5c
00000654
0000076c
fffff251
ffffe136
ffffdaa7
fffff315
ffffe612
ffffd9f4
ffffe70d
00002eeb
00001d72
fffff5bb
ffffeb4f
ffffddcf
ffffcc80
ffffc682
ffffc1a3
ffffcdd6
ffffe743
ffffe1a5
ffffcb02
ffffd716
ffffbdb4
ffffc263
ffffc1bc
ffffd563
ffffe166
ffffe683
ffffef42
fffff5c3
ffffeecd
fffffcd2
00000739
00000d5a
00000ef3
000011d3
fffff038
ffffee08
ffffe6ef
ffffd0f9
ffffe17a
00002612
000017e2
fffff2f5
fffff07c
ffffde48
ffffcb3b
ffffc08b
ffffbb7a
ffffc578
ffffdff6
ffffe059
ffffddf5
ffffd41e
ffffb83e
ffffbcff
ffffbf31
ffffd336
ffffd6ac
ffffdd42
ffffe0fc
ffffdf01
ffffdec0
ffffe503
fffff6f2
fffffc01
00000b48
0000157a
00000de6
fffff676
fffff1cf
ffffd28e
ffffdf06
00001e03
00000ea1
ffffec74
ffffe964
ffffdbad
ffffd512
ffffc6a9
ffffbe84
ffffb2d3
ffffd967
ffffdcdd
ffffeb01
ffffe991
ffffce98
ffffd14f
ffffdd95
ffffdfe5
ffffdcb0
ffffdc79
ffffdf3a
ffffe251
ffffe3a7
ffffe008
ffffea73
fffff739
00000c96
00002656
0000142f
fffff6d4
ffffe577
ffffd207
ffffe065
00001f00
00000a1d
ffffe800
ffffe5b6
ffffdb53
ffffdc41
ffffd717
ffffcd81
ffffae6d
ffffcde6
ffffebf8
000007d6
000005cc
fffff69e
fffffd47
ffffedfe
ffffeb71
ffffeacd
ffffe661
ffffeb1c
fffff13e
ffffee6d
ffffe817
ffffe572
ffffebbd
00000875
00001fe4
00001296
fffff870
ffffe136
ffffcfe7
ffffdd34
00001b39
000007b4
ffffe721
ffffead9
ffffe534
ffffe60c
ffffe8e3
ffffdd60
ffffbcec
ffffd726
fffffd13
000015f2
00001f91
000007fc
00001591
0000006a
ffffe9a9
ffffeb40
ffffe8eb
ffffef00
fffff276
fffff3a2
ffffee22
ffffebc9
ffffeb54
fffff464
00000bc5
000011d4
fffff9f2
ffffdf4c
ffffcf13
ffffe233
00001da4
000008f6
ffffe79b
ffffe2df
ffffe1f3
ffffe76a
fffff1d2
ffffe388
ffffbf04
ffffcf7a
ffffeda2
fffff8d7
00000ec1
00001a1a
0000228a
00000deb
ffffec5f
ffffe488
ffffe346
ffffe593
ffffee27
fffff0ff
ffffefb6
ffffebf4
ffffebdd
ffffec1b
0000008b
000004b2
ffffefdf
ffffd678
ffffd043
ffffe7bf
00001c02
00000995
ffffea8c
ffffe46f
ffffe2f9
ffffe80e
ffffee6e
ffffdc21
ffffb791
ffffa754
ffffc4ed
ffffe45b
00000de6
00002c06
00002c1f
000012a3
fffff87c
fffff2fe
ffffe5fc
ffffe5ee
ffffed52
ffffe7e6
ffffef44
ffffec43
ffffeb30
fffff00c
fffffcd1
fffffd74
ffffeff0
ffffde88
ffffd6ca
ffffef47
00001b55
00000b49
ffffef19
ffffea52
ffffea64
ffffefeb
ffffed47
ffffe420
ffffd41f
ffffba72
ffffb5f0
ffffd0ac
00000810
00003b39
000038d2
00002cd3
00001a74
00001931
0000038e
fffff93f
fffff300
fffff1e5
fffff670
fffffd6b
fffff1fd
ffffeea1
fffffd53
fffffc7a
ffffeda1
ffffe140
ffffd505
fffff26f
00002208
0000172f
0000002e
fffff852
fffff467
fffffde5
fffff8b4
ffffec1f
ffffd290
ffffc39d
ffffb5ef
ffffc379
000003a1
0000273c
00002bae
000035fe
00003a66
00003c82
00001b09
fffffdef
fffff017
ffffedca
fffff87e
fffff9fe
fffff04b
ffffec94
fffffaf7
0000069d
fffff9bb
ffffdf75
ffffc721
ffffee9a
00001ead
000013c1
0000082a
fffffdbf
fffff4bf
fffff2e5
fffff2f2
ffffeaf8
ffffdeb7
ffffc87f
ffffc1bb
ffffb16d
ffffda3f
ffffeffb
fffff31a
00001c78
000031b0
00003d25
00002a2b
fffffc38
fffffb0c
00000307
000000a0
fffff42c
ffffeea5
ffffead1
fffffbc4
00000a41
000006a4
ffffe673
ffffc268
ffffed94
00001cf4
00001037
0000021d
fffff71d
ffffeaa3
ffffe8a4
ffffe56a
ffffe342
ffffe913
ffffd8b8
ffffbb90
ffffb28d
ffffbd64
ffffcd9e
ffffde0c
000005e8
00001f2b
000019d8
00001799
ffffefae
ffffe872
000007a8
00000687
00000686
ffffff33
fffff7aa
00000166
fffffcfb
00000250
fffff5ea
ffffc748
ffffe842
0000185c
00000b02
fffff705
ffffecdf
fffff08e
ffffee7e
ffffe8cc
ffffed3c
ffffecaf
ffffe633
ffffcf82
ffffc438
ffffc5bd
ffffb021
ffffb3a2
ffffe5ea
00000356
0000092c
fffff31f
ffffe3e2
ffffe222
fffff357
fffff26c
00000a36
00001b01
000011e0
00001755
00000c96
fffffea2
ffffedaa
ffffdc46
fffff547
00001bda
00000b42
fffff832
fffff217
ffffe7cf
ffffee32
ffffe8e8
ffffe2a0
ffffdabb
ffffdf02
ffffe53d
ffffea4e
ffffe3b9
ffffcfe0
ffffc064
ffffc69d
ffffeb53
0000005f
ffffe2ca
ffffe73f
ffffe1e3
ffffe353
ffffeb29
000007cb
00000cd9
00001174
00002a92
000041f2
000012b9
fffff705
ffffee88
fffffa27
00002a63
00002325
00000746
fffffe82
ffffef08
ffffea50
ffffeda8
ffffe30c
ffffe6f3
ffffef7b
ffffe95c
ffffe9c2
ffffe04c
ffffd48d
ffffcb2f
ffffcbcb
ffffefea
00001053
fffff4ea
ffffdc44
ffffddc9
ffffe9ca
ffffe6c7
fffff7bc
00000ccc
00000320
0000125d
00003ffd
0000225a
00000302
ffffdfa5
ffffe77e
0000295b
00002362
fffffd0d
fffff710
fffff6f1
fffff785
fffff73b
fffff83f
ffffffb6
fffffe33
ffffeec7
fffff5b9
ffffdcff
ffffd63d
ffffcd63
ffffca47
ffffe2cf
00000733
00000c92
fffff568
ffffdf78
fffff2de
0000000e
fffffb3e
0000035a
fffff8c7
fffffce5
000024bc
0000129b
fffff3aa
ffffd800
ffffe4cc
00002049
00000aeb
ffffe295
ffffd07c
ffffdde1
ffffde61
ffffeb7a
ffffeb95
00000134
0000029e
fffffdb4
fffff3d0
ffffd7e2
ffffca01
ffffc5e8
ffffc6f0
ffffb851
ffffccd5
ffffe4ad
fffff62c
ffffe664
fffff0c5
fffff7b8
ffffeae5
ffffe645
ffffe899
ffffe75e
fffff640
fffff638
ffffd689
ffffc6bf
ffffd97b
00001b9b
0000157e
fffff866
ffffe29d
ffffe5ca
fffff035
ffffef68
fffff66c
fffff876
fffff393
ffffee25
ffffed99
ffffe073
ffffd948
ffffe2d1
ffffe549
ffffddce
ffffd356
ffffdd9e
ffffe57c
ffffeb53
ffffe5e3
ffffe46c
ffffe7e0
ffffed3f
ffffe678
ffffde24
ffffd7bd
ffffe19b
ffffdce2
ffffd126
ffffe780
000006ae
00000468
fffffa44
fffff274
ffffedc9
ffffecd3
fffff137
fffff417
fffff91f
ffffeac8
ffffe508
ffffe908
ffffe869
ffffeb84
ffffeb2b
fffff3d5
ffffe96c
ffffdd31
ffffdb58
ffffda61
ffffdfb5
ffffe952
ffffe218
ffffe7d2
ffffeb4d
ffffede0
ffffde89
ffffdf01
ffffe070
ffffe619
ffffdb97
ffffe048
00000d21
00000bc3
0000198c
00000f04
00001177
00001397
00000df0
000009f8
000006d3
0000058f
000004bb
0000017a
000000cc
00000405
00000d0d
00000bc0
00000812
0000024e
00000298
0000090b
000005df
000001c7
0000058d
00000d58
00001170
00000eb7
000010a4
0000110c
00000e43
000007e5
0000025a
00001263
00000374
000005a8
00000356
fffffce0
fffffcf2
00000439
0000057e
fffffea9
fffff7a9
ffffed73
ffffe58c
ffffea27
ffffe7a6
ffffeb80
fffff2c8
fffffa34
fffffad8
ffffe9ef
ffffeeb6
ffffecbc
ffffef59
ffffeb97
fffffa08
fffffcfd
00000030
fffff899
fffff7b8
fffff838
fffffefc
fffff99c
fffffa65
00000cb2
00000cc3
00000067
ffffff3e
fffff71a
fffffbc2
00000f71
00001e67
00000ffa
000000fe
fffffdc1
fffff216
fffff1b5
ffffead7
ffffe9d1
fffff1e5
fffff4ad
fffff9d7
ffffef25
fffff70f
fffffcdd
fffff9e6
fffff792
fffffe87
fffff9cb
fffffaf4
fffffcf0
fffff9ff
fffff70d
000004a8
000004f5
fffff87a
000007c5
ffffff02
fffff60a
fffff229
fffff8ec
00000398
00001615
00001c6a
0000143c
00002058
0000112a
000003a5
fffffaf1
fffff329
fffff538
fffffeb5
fffff46d
fffff27a
fffff345
0000003f
00000aae
00000b1a
fffffeea
fffffe07
fffff6ab
fffff8aa
fffffc6b
fffff26a
fffff5e4
fffffe49
00000526
fffff90d
0000056e
fffffd50
fffff6ed
ffffef61
ffffe623
fffff9bc
00000206
000004f1
000002db
0000212b
00001e64
00001904
00001933
000004ac
fffffae5
00000458
fffff6d0
ffffe99c
fffff08a
fffffa0c
fffff7e7
fffff547
fffff32f
fffff2a2
fffff709
fffff9d3
fffff2ef
ffffed6c
fffff4c6
fffff950
fffff897
fffff49a
0000065c
ffffffe7
fffffe17
fffff264
ffffea6c
00000050
fffffa6f
fffffa6d
00001850
00003671
00002cfa
000027dc
00002dbf
000012cf
fffff262
000002f6
fffff57e
ffffe977
ffffebe7
fffff5d9
fffff98b
fffff6dc
fffff77d
ffffefe9
ffffff7e
fffffdb0
fffff2ce
fffff2e0
fffffa0d
fffffbe2
fffff5bb
ffffea9a
00000285
00000963
00000a0a
00000320
00000d1c
00002176
00000a79
ffffe440
ffffeb0f
0000119d
0000337f
00002f08
00002caf
00000b87
fffff5cc
00000a54
000003e1
fffff264
ffffff17
00000387
00000413
0000095f
fffffc80
fffffe54
0000087b
000008b7
000001c5
000004e1
ffffff7b
fffffe7f
fffff4f4
ffffeef8
0000086d
000013a7
0000151a
000008cb
000012c1
00001a22
0000045c
ffffdb00
fffff026
00000a17
00004c4c
00003e76
00000e64
ffffeee5
ffffedd0
fffff9d7
00000a51
fffffcfb
00000c14
00001516
00001bf2
00002c4f
0000183e
00001314
00001066
00000c6e
00000af1
00001788
00000e70
00000c5d
00000938
00001105
00001d33
00000275
fffffe89
fffffbeb
fffffde1
fffffb01
fffffe9a
ffffeae0
00000a17
00002c67
0000447c
000027af
ffffdb91
ffffbf98
ffffcec8
ffffdc02
fffffbde
fffff77c
fffffc47
fffffcad
fffffd0c
00000b6d
ffffff8e
ffffeff6
ffffeffc
ffffedd4
fffff28b
fffff9ad
00000012
fffffaff
fffff9e2
00001177
000020ad
fffffa79
ffffe6e7
ffffded6
ffffe25b
ffffe547
ffffedde
00000ed4
0000267e
00002c92
0000121e
ffffe71a
ffffb0a7
ffff9bb9
ffffa8a8
ffffc928
ffffe090
ffffebb1
ffffe6b3
ffffd03e
ffffc742
ffffd2de
ffffd90f
ffffcb54
ffffca28
ffffcc7e
ffffd5fe
ffffca5b
ffffd785
ffffcf75
ffffd342
ffffef11
0000116a
000004ff
fffff152
ffffd505
ffffdebc
ffffe6a8
fffffae9
00001883
00000c33
ffffeb78
ffffbaae
ffffb38b
ffffb1b0
ffffab15
ffffae2b
ffffcc7c
ffffe2f0
fffff1e0
fffffa4d
ffffe9aa
ffffd7a7
ffffe3b7
ffffe15f
ffffcf0c
ffffc9c6
ffffd6bf
ffffe014
ffffd480
ffffd347
ffffc95a
ffffdc11
ffffec3a
00000bc8
00001714
0000004d
ffffe358
ffffe3f0
ffffe473
0000025e
00000634
fffff2a1
ffffcd29
ffffa43b
ffffadb7
ffffd4c4
ffffc7f6
ffffd217
ffffeae1
000001b5
00001005
00001029
fffffdb5
ffffe981
ffffed22
ffffe757
ffffe7b8
ffffea19
ffffeb9e
ffffe889
ffffe9a4
ffffe409
ffffd9d8
ffffe793
ffffeae7
0000022b
00002171
00000b75
fffff769
fffff417
fffff95c
0000035e
000002a3
ffffeeb6
ffffc377
ffffb993
ffffd002
fffff019
fffff3e0
ffffef49
000002c3
00000cdb
fffffd8a
000016bc
00001bf1
00001753
00001617
00000711
fffffc3a
fffffdea
fffff60b
fffffac3
fffffc6d
fffff6dd
ffffedec
fffff342
fffff2e0
00000353
0000234a
00001068
00000126
000000db
fffffa1a
fffff828
fffff394
fffffc74
ffffdf9d
ffffe105
fffff9e6
00000b76
000002b7
ffffeccb
fffffcb2
00001076
0000037b
000007ea
000013d9
00001a10
00001586
00000524
0000014d
00000a65
000017d5
00001f86
0000165d
0000060c
fffff98e
fffff447
fffff83a
fffffdac
00001e4e
00000d4b
fffffc6f
fffffe28
fffff5a3
fffff730
fffffa77
00001119
fffffe0d
fffff822
00000b50
00001a3d
00000b7f
ffffe789
0000018a
00002053
000031a0
00002e96
00002719
00001d68
00000825
fffffefa
000006a0
00000552
000016d2
00002cd8
000030c1
0000112d
00000c9a
00000248
fffffcd1
fffffb5d
00001955
00000844
fffff58f
fffff5ad
fffff46e
000000f3
000008d9
00001c92
00000798
ffffec7e
fffff9ff
00001d40
00000658
00000a53
00001791
00002f06
00002da4
0000222c
000010b8
00000cda
00000baa
00000b12
00001238
00001e40
00001f36
00003331
0000324d
00001b48
00000a84
000004e7
fffff3a3
fffff8bb
0000117d
00000201
ffffedb3
fffff743
fffff6e3
0000044b
00001278
00002317
000008aa
fffff1f9
fffffb78
000003b5
000004b9
0000225a
00002acb
000024e4
00002262
00001490
0000021f
0000021a
000003fb
000000fc
0000018a
00000b50
0000192f
000033fb
00002c06
000019fc
0000110e
000000ff
fffff003
fffff8df
00000fc1
fffff845
fffff29e
fffffbc1
fffff8df
ffffffa5
000011d1
00002c69
00000bb2
00000760
fffff1f3
fffff4c6
fffffea8
00002026
00003127
0000217a
000016c7
00000b43
fffffbbe
fffff92b
fffffac0
fffffaa7
0000009f
00000328
00000feb
00001d4c
00001853
00000cc7
00000f27
fffff4fd
ffffeb85
fffff8a3
00000cca
fffff538
fffff6cd
fffffcec
fffff609
ffffee37
00000609
000022c6
00001837
fffffc5c
ffffd076
ffffe1c3
00000094
00002115
000030db
000024ca
000013d8
00000943
fffff8a5
fffff151
fffff6d8
fffff9a5
fffff92f
fffffe90
0000078a
00000cc1
00000510
000007fc
00000012
ffffed07
ffffe488
fffff9b9
000010b3
fffffa09
fffff68b
fffff473
ffffeba6
ffffe34b
fffff5f3
000021fa
00002726
ffffee58
ffffce2c
ffffdb02
fffff1d7
000017e6
000017a3
0000261e
00001b1a
00000d88
fffffe7b
fffff5fd
fffff559
fffff6b8
fffff2b9
fffff4ff
000000f1
00000704
fffffd46
00000ddb
0000000b
ffffe76f
ffffd7a6
fffff9fc
00001186
fffff959
fffff73b
ffffeedd
ffffeb00
ffffe12a
ffffddf3
00000ed2
00002a0c
fffff593
ffffdc82
ffffe1fd
fffff3cd
000007ea
00000194
00000f56
00002693
00001d00
00000aaa
00000170
fffffc3e
fffffb18
fffffc14
fffff964
fffffb7e
00000133
000006de
00000fc7
fffffcad
ffffdfee
ffffcfa9
fffffcfe
00001128
fffff44e
fffff169
ffffe932
ffffed93
ffffe56c
ffffda6f
fffff8ab
000026bc
0000224a
fffff78c
ffffe2c6
ffffdbb8
ffffc817
ffffc8c7
ffffdbf1
000012fc
00002123
00001eaf
00000ec2
00000690
00000228
00000466
00000592
fffffec2
fffffed3
0000066c
00000dd6
fffffe89
ffffe098
ffffd6c6
0000016b
00000e44
ffffefcc
ffffe5f6
ffffde63
ffffdea4
ffffd72c
ffffde2b
ffffdb34
00000537
00002739
00001a10
0000052c
ffffc950
ffffb4be
ffffae75
ffffcf9b
fffff90b
00000c5a
000014a6
00000bde
000016be
000018e0
000011c9
00000603
fffffc05
fffffcf2
00000452
000013b6
000008d7
ffffec09
ffffe63b
00000be1
0000055f
ffffdfe2
ffffd744
ffffce88
ffffc751
ffffc752
ffffd6b5
ffffe660
ffffe5ce
00000ddb
0000257a
000027d5
00000855
ffffcab9
ffffb6e7
ffffe256
ffffe6dd
ffffebea
fffff212
ffffee62
00000bd3
00003143
00002d5d
00001558
fffffb52
00000549
00000c0d
0000131b
000019d3
fffffdab
fffff9d2
00001592
fffff99f
ffffe113
ffffdc52
ffffdaf0
ffffd7da
ffffde23
ffffe931
fffffe24
fffff221
000007a3
0000266f
0000327b
00003dd5
00000fec
ffffea88
fffff7ce
fffff55a
fffff1cc
ffffdfd0
ffffd821
ffffdff1
00001141
00001e1e
000030dc
00002625
000026a5
00001648
0000132d
00000c07
fffffbac
fffff228
00000d31
fffffe12
fffff406
ffffedeb
ffffe978
ffffed4c
fffff38f
ffffeee6
fffff0ec
ffffeb75
fffffe9e
00000399
00001f67
00003222
00002ba5
0000285f
00001184
00001498
00000888
ffffe7a6
ffffd23c
ffffd53b
fffffdaf
00000e9a
000029c5
00003ca1
000037d8
000023f2
0000136c
fffffadf
ffffef7a
ffffef5c
00000439
fffffcc8
fffff996
fffff556
fffff40f
fffff935
fffff5ed
fffffd07
00000109
00000730
00000afc
000002a1
00000ef7
00002ba0
00001fba
0000398b
000021f4
000011de
000015b9
ffffffd7
ffffecfd
ffffd9cd
fffffdc2
00001105
0000141e
00001c57
00001f6c
000029be
00003f65
0000184b
00000583
fffff1ca
0000014f
00001295
00000dcf
000005d3
00000071
fffffdfb
fffffecb
000004aa
00000623
00000ac0
000011f7
0000080e
00000a5d
00000fdd
00000e31
00001a46
000029cc
00001745
000006a4
ffffed13
ffffe75d
ffffeaf6
000003e7
fffff9c7
ffffd55b
fffffe3d
fffff23f
00000b6f
000019fa
00001514
0000084e
fffff20f
00000648
000014c1
000004be
fffffda2
fffffd72
fffffc10
00000396
00000500
ffffeb17
fffff083
0000015c
00001f5a
00001763
000007f0
00000091
00000a42
00001046
ffffed66
fffff699
00000b1c
00000546
fffff7bb
fffff1f6
ffffdfd1
ffffce42
ffffec5a
ffffe5c5
fffff19f
fffff341
0000013f
fffffd78
fffffb15
000016a9
00000979
000008cc
fffff458
ffffefa8
ffffefdc
fffff941
fffff951
ffffde2f
ffffe0dc
fffff378
00000c90
00001d13
000009c5
fffff448
fffff30f
ffffef16
ffffddf5
ffffe403
000000c0
000006e5
ffffffb2
ffffeaff
ffffdbdb
ffffce31
ffffd6fe
ffffe770
ffffe131
00000162
00000616
000013ca
000015fe
000014bd
0000112e
0000012e
fffffee1
fffffbd5
000000ee
00000301
00000758
fffff66f
ffffee8a
fffff8fc
fffff3c8
fffffa94
000006f2
0000042c
fffffa6a
fffffd5c
00000360
fffff8f7
0000006c
fffffa44
ffffec9e
ffffe8d1
ffffe7b6
fffff46a
fffff22e
fffff65a
ffffe010
ffffe732
000003c8
00001068
00000718
fffffda8
00000317
fffff575
fffff377
fffff242
fffffa60
fffffbdf
fffffc85
000003ab
fffffc45
ffffffc8
000009bd
000006de
ffffffc0
fffff87c
fffffaba
000000e9
000005c2
ffffff60
fffff7b5
ffffed5c
fffff4b5
00000582
00000246
ffffffc8
000000f4
ffffff1d
00000412
00000ddf
0000063a
fffffd66
fffffef5
fffff680
fffff70c
ffffe407
ffffeaf9
ffffea3c
ffffdb39
ffffda3e
ffffd60d
ffffd955
ffffdcf5
ffffd9e5
ffffd62a
ffffd741
ffffdb7a
ffffdeaf
ffffd993
ffffd5bd
ffffd293
ffffdbfd
ffffe6e4
ffffdd52
ffffd8e9
ffffd9c8
ffffd88b
ffffe05e
ffffec24
ffffe831
ffffdf2b
ffffe574
ffffdfec
ffffd61e
ffffe291
ffffe139
fffffb76
ffffe3f3
ffffeee7
ffffee7a
ffffed48
ffffecf4
ffffe69c
ffffe34c
ffffe0eb
ffffd903
ffffd742
ffffd2c1
ffffd45a
ffffe24b
ffffeab5
ffffe7b0
ffffdeba
ffffde14
ffffde84
ffffe1f7
ffffdfb4
ffffe655
ffffda21
ffffded7
ffffea58
ffffed4d
ffffe66b
ffffed7a
0000046d
fffff90b
ffffe989
ffffe094
ffffeadf
ffffcd9f
ffffc7ae
ffffcea4
ffffca5f
ffffc1cb
ffffb555
ffffbc61
ffffc2ae
ffffc200
ffffc5be
ffffc20a
ffffc078
ffffc4e5
ffffcf5e
ffffd4e1
ffffd59b
ffffd421
ffffd0f8
ffffd146
ffffc9c3
ffffcb08
ffffbeb0
ffffc226
ffffc7b7
ffffcd7e
ffffca5e
ffffc9b6
ffffdc8b
ffffd629
ffffd254
ffffcfd8
fffff286
ffffdd18
ffffd3e6
ffffcd00
ffffbe69
ffffa023
ffff90d9
ffffade4
ffffcdbe
ffffdd1c
ffffe8fe
ffffdbdc
ffffd16a
ffffc6f3
ffffc402
ffffc97d
ffffd316
ffffd920
ffffd204
ffffd442
ffffcebb
ffffce67
ffffc5d6
ffffcb82
ffffce5f
ffffccac
ffffceec
ffffcaa1
ffffd550
ffffd539
ffffd84c
ffffd10e
fffff1e3
ffffda18
ffffcedd
ffffc671
ffffc28a
ffff87e6
ffff678e
ffffa515
ffffec29
ffffe077
ffffe041
ffffe680
ffffe16c
ffffd202
ffffca82
ffffc841
ffffc8f4
ffffc75f
ffffbf19
ffffc428
ffffe10c
ffffeccf
ffffe2e3
ffffd3c6
ffffce2e
ffffcde0
ffffd06a
ffffdb9d
ffffd6e8
ffffd1d2
ffffd55f
ffffce20
fffff0a8
ffffd900
ffffc732
ffffba7c
ffffb81c
ffff8cbd
ffff78c1
ffffb79c
ffffd0d4
ffffd1bc
ffffc22a
ffffe3e6
ffffe879
ffffc9c9
ffffbc38
ffffc082
ffffc114
ffffc069
ffffba6f
ffffc440
ffffd525
ffffd1f9
ffffc739
ffffc58a
ffffc24b
ffffc06f
ffffc341
ffffcc48
ffffcf96
ffffca9b
ffffd33a
ffffcd82
ffffe43a
ffffca62
ffffbdd8
ffffb34e
ffffb8d7
ffff952a
ffffa6d9
ffffa69d
ffffb522
ffffb837
ffffd944
ffffdd89
ffffced2
ffffadc2
ffffb063
ffffb1d8
ffffb32f
ffffb57f
ffffb8f4
ffffbcee
ffffb53e
ffffa2bc
ffff9663
ffffb1ea
ffffc499
ffffb7bb
ffffb510
ffffba0b
ffffc4e2
ffffc258
ffffca3a
ffffc4c4
ffffe330
ffffbe67
ffffbd1d
ffffc41a
ffffbd34
ffffae7b
ffffaf04
ffffadf6
ffffa670
ffffba30
ffffd594
ffffe1a2
ffffd148
ffffa9a7
ffffb5bc
ffffb5ed
ffffb877
ffffb374
ffffae46
ffffa96d
ffffa451
ffff90c3
ffffa397
ffffb048
ffffb15f
ffffb32c
ffffaa32
ffffae27
ffffa900
ffffad33
ffffb174
ffffb8ce
ffffeb3f
ffffd25a
ffffcc5f
ffffd184
ffffe074
ffffdbb0
ffffc502
ffffb780
ffffa8f6
ffffabb7
ffffc006
ffffe1f5
ffffcd6c
ffffb584
ffffbd4e
ffffb04c
ffffb179
ffffc555
ffffc9bb
ffffc7f4
ffffc52f
ffffbe08
ffffc5db
ffffcd0d
ffffd078
ffffc9cc
ffffcf94
ffffd5a5
ffffca5c
ffffcf1b
ffffdae2
ffffdb63
ffffe2ec
ffffc692
ffffafbb
ffffb350
ffffc772
ffffe0b3
ffffd2a6
ffffd517
ffffbe6e
ffffae72
ffffb24a
ffffc706
ffffb5ea
ffffc310
ffffc539
ffffae1a
ffff949e
ffffab8a
ffffb4f8
ffffb7f2
ffffc008
ffffc824
ffffc1a3
ffffb6c8
ffffbd33
ffffc737
ffffd21c
ffffcffc
ffffc9d6
ffffc731
ffffddb2
fffff3bc
ffffe353
ffffc923
ffffab1a
ffffb588
ffffa08d
ffffbf82
ffffcd17
ffffda24
ffffe3fb
ffffe296
ffffc887
ffffc45e
ffffa746
ffffb266
ffffbe36
ffffd357
ffffcc06
ffffa475
ffff938b
ffff99ed
ffffa310
ffffb2cc
ffffaa79
ffffa8f0
ffffa842
ffffa7df
ffffa743
ffffa177
ffffa695
ffffa12c
ffffbaa5
ffffd709
ffffec7d
ffffe096
ffffbfdd
ffffcf4d
ffffca01
ffffb23d
ffffb73b
ffffc860
ffffd030
ffffe225
ffffd645
ffffc2d7
ffffafbb
ffffa26d
ffffac2e
ffffcb54
ffffe5d0
ffffd338
ffffb10f
ffffb1c6
ffffb8a8
ffffbce4
ffffb56b
ffffbb9c
ffffb052
ffffb358
ffffb6e6
ffffb9af
ffffbb4d
ffffb534
ffffb3b6
ffffc9f1
fffff690
ffffef9f
ffffca83
ffffd1f4
ffffe113
ffffc0ec
ffffb1ec
ffffbe6c
ffffd501
ffffd0cb
ffffcfca
ffffc6cd
ffffadfb
ffffb162
ffffafd5
ffffa677
ffffaff1
ffffc273
ffffccde
ffffccf4
ffffc4fe
ffffc3fc
ffffb3cd
ffffb584
ffffb6f4
ffffbab0
ffffb9be
ffffc27a
ffffc19c
ffffc3a7
ffffc1c3
ffffd642
fffffafd
fffff778
ffffd950
ffffdf40
ffffe42b
ffffd2b8
ffffbc60
ffffc36e
ffffc83c
ffffba8b
ffffc971
ffffc24b
ffffbd6b
ffffb832
ffffc152
ffffb757
ffffa79f
ffffb6f6
ffffc79c
ffffc9bd
ffffcccc
ffffc341
ffffb85c
ffffc060
ffffcb69
ffffdb5c
ffffcd49
ffffc573
ffffc2e7
ffffc7aa
ffffc962
ffffdde7
fffff506
ffffefdf
ffffda0f
ffffe276
ffffe143
ffffcc46
ffffc7b0
ffffd774
ffffe674
ffffc8ac
ffffbe16
ffffbc31
ffffcb74
ffffbd02
ffffb7fd
ffffb25e
ffffc87e
ffffd10d
ffffcf00
ffffdc9d
ffffc9ab
ffffcce4
ffffcac8
ffffc710
ffffc39c
ffffd9c7
fffff26e
ffffe083
ffffd873
ffffcce8
ffffd0bd
ffffd83f
fffff4ab
ffffe5ab
ffffd299
ffffd934
ffffe0e0
ffffcee3
ffffc648
ffffdfa0
fffff616
ffffd3e3
ffffa917
ffffb3df
ffffc2e5
ffffc158
ffffbab0
ffffc038
ffffdb21
ffffda63
ffffce91
ffffcb3f
ffffc92d
ffffd48a
ffffd2c7
ffffd4ca
ffffd799
ffffd5c0
ffffed8c
ffffed95
ffffd611
ffffd2f7
ffffcd60
ffffd0ce
fffff5fd
ffffe0f2
ffffce42
ffffd6be
ffffde0f
ffffcb6e
ffffc371
ffffe3b3
fffff9ff
ffffd09e
ffffa1ab
ffffa9f3
ffffbd4c
ffffc599
ffffca6e
ffffdc4f
ffffddb7
ffffdc6d
ffffd965
ffffd0f9
ffffd074
ffffd108
ffffcfe0
ffffd648
ffffe65b
ffffe15b
ffffd838
ffffe7df
ffffcac6
ffffca21
ffffccb6
ffffd252
fffff843
ffffdd16
ffffd1b4
ffffd766
ffffdf88
ffffc6d0
ffffbac4
ffffe340
fffffb96
ffffd95f
ffffc968
ffffd0fd
ffffc3da
ffffcd35
ffffd2ec
ffffdfaa
ffffe17a
ffffd901
ffffd639
ffffce57
ffffd649
ffffd9f7
ffffd7a9
ffffd756
ffffe341
ffffe1a2
ffffcf00
ffffd21a
ffffcce5
ffffc3d7
ffffc968
ffffcff8
fffff837
ffffdddb
ffffcbf2
ffffd32f
ffffe2d0
ffffce6c
ffffbe05
ffffd720
fffff4cb
ffffd8a6
ffffe0d0
fffff0fd
ffffd033
ffffc707
ffffc3c0
ffffc998
ffffd4b5
ffffd51f
ffffd57e
ffffd3ae
ffffd5dc
ffffdcca
ffffd8ef
ffffd6d9
ffffe4b6
ffffe595
ffffd40c
ffffc720
ffffc427
ffffbf24
ffffcbda
ffffd06a
fffffb60
ffffe59d
ffffd5cb
ffffcf0b
ffffd964
ffffd970
ffffbce3
ffffd246
ffffefbd
ffffd668
ffffd332
ffffdebf
ffffcaad
ffffcd45
ffffb6bb
ffffb4f9
ffffc672
ffffcc8f
ffffd311
ffffd388
ffffcd96
ffffd566
ffffd4c1
ffffd488
ffffe7ee
ffffe7ff
ffffdbed
ffffcde9
ffffd3e5
ffffc285
ffffccd5
ffffd242
fffffa57
ffffdd76
ffffd508
ffffd20e
ffffd84e
ffffe114
ffffc31c
ffffc54b
ffffeacd
ffffe7d1
ffffde4c
ffffcabc
ffffb857
ffffc712
ffffbb11
ffffae7d
ffffb743
ffffc5de
ffffd319
ffffd94c
ffffd433
ffffd5a1
ffffd750
ffffcb1f
ffffdd73
ffffe445
ffffdc50
ffffdcc3
ffffdbb2
ffffc58e
ffffc96f
ffffd04c
fffffbbf
ffffd497
ffffc4f1
ffffc75c
ffffced7
ffffce31
ffffba45
ffffab05
ffffd040
ffffee1f
ffffefc8
ffffc853
ffffb18f
ffffcdbb
ffffd1c8
ffffba07
ffffc734
ffffb9d5
ffffb92b
ffffcf31
ffffceb7
ffffcdd4
ffffcbf8
ffffce81
ffffd52a
ffffd924
ffffd943
ffffdc14
ffffddc1
ffffcd06
ffffd1d8
ffffd8f5
fffffe47
ffffd175
ffffc57f
ffffc4e0
ffffc1f5
ffffc998
ffffcdba
ffffb75f
ffffb1e1
ffffeca2
00000ee1
ffffdf59
ffffaaa7
ffffbf2e
ffffd077
ffffcbbb
ffffd1a3
ffffce40
ffffbcca
ffffcb4a
ffffd1e6
ffffcbc1
ffffd099
ffffd8b6
ffffd9b9
ffffd638
ffffdbf1
ffffcfb3
ffffc880
ffffcaf4
ffffd56e
ffffd78e
fffff5e9
ffffd043
ffffcb1b
ffffc644
ffffc029
ffffca1a
ffffea37
ffffe5da
ffffc7d2
ffffd0a8
fffff0fe
fffff05e
ffffd778
ffffc579
ffffc325
ffffd924
ffffdfdd
ffffdef5
ffffbb48
ffffbf3b
ffffd2cc
ffffd92a
ffffda47
ffffd8f9
ffffd9c2
ffffd0e3
ffffd1fb
ffffd003
ffffccf2
ffffc7e0
ffffc548
ffffcc81
ffffeec4
ffffc686
ffffc6e6
ffffc94d
ffffcb45
ffffd720
ffffe326
ffffeeac
ffffdcc5
ffffbe57
ffffd060
ffffdb49
fffff801
ffffe762
ffffd061
ffffb9cd
ffffc669
ffffd690
ffffd450
ffffcc87
ffffd3b3
ffffd973
ffffdfcc
ffffcdf6
ffffcd61
ffffc543
ffffd45b
ffffd7b0
ffffdbb7
ffffd0a8
ffffcb9e
ffffd817
fffff436
ffffd62c
ffffd337
ffffd528
ffffd148
ffffcf6f
ffffce57
ffffc899
ffffdad9
ffffc210
ffffce91
ffffd728
fffff332
fffff7db
ffffdec7
ffffbdac
ffffb169
ffffd119
ffffd17c
ffffe0f2
ffffd9ab
ffffd8b9
ffffd451
ffffc24a
ffffd2b3
ffffda0f
ffffd381
ffffc04b
ffffc526
ffffcf55
ffffce3a
ffffd74c
fffff3c0
ffffe245
ffffdbb7
ffffd56f
ffffd436
ffffcd77
ffffc3c3
ffffc7c7
ffffead9
ffffe21c
ffffe212
ffffda6b
ffffcd0b
ffffe748
ffffe47d
ffffea6c
ffffe4bd
ffffeba5
ffffcb23
ffffcd16
ffffbf9d
ffffcb65
ffffbdfb
ffffc89e
ffffe453
ffffdbcd
ffffd20c
ffffb74b
ffffaf2d
ffffc073
ffffca76
ffffd943
fffff0f9
ffffd05d
ffffc8a8
ffffcd27
ffffd1c7
ffffcd06
ffffcc24
ffffd28a
ffffdc24
ffffd321
ffffdf64
ffffe013
ffffb963
ffffb88c
ffffcdf6
fffff407
ffffe031
ffffc2fb
ffffbc55
ffffd0b4
ffffea42
ffffe85e
ffffd01a
ffffe7b7
ffffe3e9
ffffe6c7
ffffe879
ffffea2a
ffffd7c1
ffffc9e5
ffffdce8
ffffe316
fffff273
ffffddce
ffffd5ed
ffffe3c0
ffffde95
ffffd778
ffffcb63
ffffc5b5
ffffb631
ffffb747
ffffc9d5
ffffd4ef
ffffc716
ffffbfa4
ffffcfc3
ffffdba3
ffffd0bc
ffffcbc5
ffffcce1
ffffd9f9
ffffd6d1
ffffc494
ffffb0fc
ffffca27
ffffbe69
ffffd856
ffffe948
fffff1ce
ffffd837
ffffc46c
ffffe0b7
ffffe6d2
ffffef9c
ffffdc8a
ffffc9ce
ffffc951
ffffca73
ffffd302
ffffe469
ffffcf40
ffffc543
ffffd111
ffffd209
ffffcd17
ffffd2c0
ffffc655
ffffbf6d
ffffbf9b
ffffc9af
ffffceea
ffffd803
ffffd426
ffffcccf
ffffd086
ffffca81
ffffbbcc
ffffb2f7
ffffd056
ffffb58d
ffffcee8
ffffd474
ffffc7bd
ffffc721
ffffd3f2
fffff176
ffffd68e
ffffc24a
ffffb4d5
ffffba58
ffffc082
ffffcb28
ffffd4a9
ffffcb75
ffffd4bd
ffffdebc
ffffd797
ffffd38f
ffffdb84
ffffc92c
ffffcd51
ffffd052
ffffc081
ffffcbd5
ffffce27
ffffd859
fffff32e
ffffef56
ffffd313
ffffcd6e
ffffcf8b
ffffcc8c
ffffd6bd
ffffdc7a
ffffd40f
ffffd316
ffffdbab
fffff51c
ffffe47f
ffffd865
ffffd8b0
ffffd7f0
ffffcfdb
ffffd14d
ffffdc75
ffffda74
ffffd412
ffffd7c5
ffffd653
ffffd630
ffffde95
ffffd88d
ffffd76f
ffffd9c4
ffffccda
ffffd0ae
ffffc723
ffffc4e5
ffffc87c
ffffc341
ffffc5df
ffffcf86
ffffde51
ffffdff3
ffffd4ef
ffffd447
ffffc447
ffffcd8f
ffffdce0
00000e59
00000d68
00000b77
00000a6d
00000d1c
00000a96
0000084c
00000984
00001278
00000a90
000006db
00000900
00000f6e
00000a1f
000010e2
0000120d
000009b7
ffffff9b
fffffad8
00000398
0000046e
00000143
ffffff3f
0000013e
00000193
0000029a
000007e7
00001164
00000fec
0000065d
fffffc6b
fffffc0f
fffff05c
ffffd8b0
ffffd835
ffffd7a1
ffffdfea
ffffe130
ffffdfba
ffffdfba
ffffdcc2
ffffe246
ffffe6cb
ffffe346
ffffe8d7
ffffda64
ffffdfcd
ffffe567
ffffe707
ffffdb03
ffffc872
ffffd302
ffffd306
ffffcaae
ffffca1e
ffffca4b
ffffcda9
ffffcdac
ffffd640
ffffdb71
ffffe16e
ffffd97e
ffffc863
ffffdb58
00000bd1
fffffb3d
fffff0f9
ffffe666
fffffa8c
fffff4d3
fffff9c5
fffffab8
fffff453
fffffde8
000006eb
ffffff1a
fffffe8c
ffffec7f
ffffed93
fffff40f
fffffa67
fffff528
fffff30f
fffffbf7
00000076
fffff735
fffffaba
fffff4f6
ffffeb78
ffffe41e
ffffef2e
ffffee6a
fffff4ff
fffff2f4
ffffe86c
ffffeefb
fffff3b6
ffffd8f3
ffffd3bd
ffffd541
ffffeadd
ffffd8a1
ffffc448
ffffc9bb
ffffcf91
ffffe915
fffffaa7
000005cd
fffff36b
ffffd939
ffffc652
ffffc771
ffffcd38
ffffd2f2
ffffd977
ffffe4ef
fffff39d
ffffef92
ffffe738
ffffdcc1
ffffd739
ffffd8f1
ffffe32f
ffffe93f
ffffe8c0
ffffe445
ffffdd89
ffffea1c
ffffe776
ffffd115
ffffd8a3
ffffe62a
ffffec27
ffffbe68
ffff989a
ffff8fc9
ffffb027
ffffd395
ffffe679
ffffff71
fffffd88
ffffe86a
ffffd547
ffffcfa5
ffffd44f
ffffded9
ffffdb79
ffffd291
ffffd19a
ffffcdc0
ffffcf97
ffffd260
ffffde11
ffffe4a4
ffffe05f
ffffe683
ffffe762
ffffe530
ffffdbc0
ffffecab
fffff2d0
ffffe795
fffff1e7
fffffaa3
ffffdff7
ffffc20b
ffff9e57
ffff8846
ffffa1ca
ffffd35c
ffffdff5
fffff40f
fffffac0
fffffd1d
fffffbb8
fffffbdd
fffff979
fffffca7
fffff360
ffffd8c1
ffffc44d
ffffc2c5
ffffd435
ffffe23a
ffffec2a
ffffebdb
ffffe3cb
ffffe3c5
ffffeab6
ffffeee7
ffffe3e0
fffff2a1
000002fb
fffffc89
000002b6
fffffcb9
ffffe3c7
ffffcb10
ffffec76
ffffe3cb
ffffc0fc
ffffd3e3
ffffd592
ffffe2b6
00000278
00000b24
00001042
00000dc7
0000072a
00000473
00000906
000001d0
ffffed0b
fffff2bf
ffffec3d
fffffb01
fffffbba
fffffe6b
fffff555
ffffee8c
fffff364
fffff32a
ffffec6f
fffffa50
00000959
fffff974
ffffff9c
ffffebb1
ffffcbb5
ffffd4b7
fffff945
00000d5e
ffffe545
ffffcf3e
ffffde71
ffffd9c5
fffff4a2
000008b2
00000424
fffff0e7
fffff1f4
ffffec4f
ffffefcf
fffffb47
fffff9f4
ffffffe9
ffffee4c
ffffe4df
ffffe941
fffff434
fffffa74
fffff0b1
fffff53b
fffff4e1
fffff1ab
ffffff36
ffffecae
ffffc6ed
ffffcd9d
ffffc702
ffffc3e8
ffffd7e6
ffffdea4
fffff5f0
fffff425
ffffde9d
ffffcda4
ffffdec2
ffffe123
fffff9b9
ffffe481
ffffdd2e
ffffd57c
ffffcde6
ffffc891
ffffc846
ffffc51f
ffffcfd1
ffffc469
ffffbca1
ffffc11e
ffffcac2
ffffd99e
ffffd999
ffffded5
ffffd2f7
ffffcc68
ffffe85f
ffffdfb3
ffffb402
ffffb394
ffffb6bc
ffffad69
ffffb3cb
ffffa9c2
ffffba3e
ffffd204
ffffcd6e
ffffbb5c
ffffdff0
ffffd514
ffffe348
ffffe0d2
ffffda0e
ffffcace
ffffb5b7
ffffa982
ffffa0f0
ffff97e9
ffffa555
ffffae11
ffffb93b
ffffb00b
ffffb4d5
ffffbabc
ffffb809
ffffc059
ffffb1f0
ffffb15b
ffffc9ef
ffffedb4
ffffd97e
ffffe1de
ffffd6f1
ffffc002
ffffb1e1
ffff9b1c
ffffa8e9
ffffbf37
ffffc0cd
ffffc501
ffffc97a
ffffcf58
ffffe1ba
ffffe702
ffffdedd
ffffcfb9
ffffd66f
ffffd4a4
ffffcf14
ffffbafa
ffffc6c8
ffffcf86
ffffd293
ffffc473
ffffc6d3
ffffc296
ffffc919
ffffce50
ffffbe7f
ffffbdce
ffffd5a0
fffff439
ffffe056
fffffbb3
fffff54f
ffffee40
ffffd791
ffffcb99
ffffda60
ffffda01
ffffd0f6
ffffc4e9
ffffc872
ffffd7e7
ffffd6ea
ffffe435
ffffe65a
ffffeea0
ffffe41b
ffffeae6
fffff01e
fffff26c
fffff12d
ffffedab
ffffec32
ffffeead
ffffe6d1
ffffe0da
ffffe662
ffffe72f
ffffdf72
ffffe8aa
fffff4bb
fffff430
ffffdb43
fffff806
fffff1f3
fffff9cd
ffffeaf4
fffff4f6
000007e9
00000ad2
ffffec97
ffffd8d4
ffffd45b
ffffd4e9
ffffc7c1
ffffd2a7
ffffd7c4
ffffff5c
ffffff13
fffff2f6
fffffc94
fffffdf6
000006f2
fffffdad
ffffe9fa
ffffe8ac
ffffed38
ffffe826
ffffe6c4
ffffeaad
ffffdf49
ffffe4ec
ffffef1f
ffffefe4
ffffd4dd
ffffece8
ffffdb5d
ffffdbff
ffffd7ad
ffffdb34
fffff8b2
fffffb87
ffffdb48
ffffd516
ffffb7c8
ffffc4ef
ffffba8e
ffffa944
ffffb1fc
ffffddea
fffff8e9
fffff9e9
fffff477
fffff83b
00000339
00000f12
00000201
ffffeefa
ffffe5d2
ffffd98f
ffffda3d
ffffead2
ffffd6c2
ffffd7d6
ffffe7c5
fffff2c2
ffffd422
ffffe191
ffffd759
ffffcfda
ffffcab5
ffffc987
ffffe592
fffff705
ffffdee7
ffffc10c
ffffa39f
ffffae83
ffffa5be
ffff8904
ffff9e02
ffffbe01
ffffe994
ffffe239
ffffd5cd
ffffde04
ffffeeb9
fffffdf7
00001167
00001260
fffffa96
ffffe4b9
ffffce46
ffffdfaa
ffffd1ff
ffffd35f
ffffe419
fffffb4f
ffffddbe
ffffebc9
ffffdc01
ffffd1c3
ffffc536
ffffbd4a
ffffd785
fffff302
fffffb4f
ffffd622
ffffadd3
ffff99d4
ffff914a
ffff90a9
ffffac85
ffffc2bb
ffffd813
ffffcfbd
ffffc405
ffffcf5f
ffffdd6d
ffffe221
ffffed5d
0000001e
00000937
ffffeff4
ffffdd74
ffffdd3f
ffffd43e
ffffcf36
ffffe02d
0000017c
ffffed26
fffffa4d
ffffe8bd
ffffdac3
ffffbe26
ffffb362
ffffc8ae
ffffefb8
00000b68
fffff7c7
ffffd18e
ffffb91e
ffffa828
ffffbc0b
ffffc796
ffffd797
ffffdc2b
ffffd5ce
ffffcde9
ffffdbec
ffffe688
ffffe93d
ffffe405
fffff311
fffff7eb
fffffa5b
ffffe42f
ffffdead
ffffdb28
ffffcf7b
ffffdf39
00000445
fffff270
fffffd80
fffff2f2
ffffe90b
ffffd066
ffffb0d3
ffffc4e8
ffffeb40
00000321
fffff6e8
ffffda3c
ffffe481
ffffd95c
ffffd8c6
ffffde6c
ffffe856
ffffe462
ffffe4bc
ffffe8b7
ffffeed7
fffff108
fffff40c
ffffebc6
fffff1d2
fffff700
fffff3de
fffff468
ffffec74
ffffefd4
ffffd842
ffffdf1f
fffffe16
ffffef0d
fffffa8c
fffff367
ffffef3f
ffffe4b9
ffffbb08
ffffc398
ffffe264
fffff509
ffffee30
ffffd8e7
fffff3a8
fffffd0b
ffffeb56
ffffecfc
ffffefe5
fffff1d8
fffff41b
fffff48e
fffff0af
ffffeef7
ffffef52
ffffed99
fffff59b
fffffb50
fffff0cd
fffffccd
fffff58c
fffff5b7
ffffdf4b
ffffe371
ffffff95
ffffef4b
fffff5e8
ffffee4e
ffffefc9
ffffe716
ffffc16b
ffffb212
ffffd21f
fffff4d5
00000a97
fffff226
fffff3fb
fffff409
fffffccf
fffffc01
fffff658
ffffefde
fffff470
fffff527
fffff858
fffff40e
fffff4d0
ffffef3a
ffffeab2
fffff435
fffff2fb
fffffd35
fffff9f1
fffff1bd
ffffdba3
ffffe7fa
00000502
fffff785
fffff989
ffffeb7e
ffffef77
ffffe838
ffffca5a
ffff94b8
ffffadfb
ffffdb7d
fffffda3
fffff483
ffffcd62
ffffbd5e
ffffe1a7
0000097b
000005ef
fffff98b
fffff6aa
fffff4ca
fffff6d6
fffff93f
fffff6a0
fffff200
fffff179
fffff3a8
ffffeea8
fffffa12
fffff7c5
fffff234
ffffe1a5
ffffea3e
00000864
000000a3
000002a8
fffff1dc
ffffef98
ffffebec
ffffdde9
ffffac2c
ffff8e07
ffffa712
ffffd38a
ffffdfaf
ffffcb7c
ffffb37e
ffffcadc
ffffeace
00000434
fffffe82
fffffa9b
fffff499
fffff473
fffffb25
fffff5ef
fffff845
fffff7ab
ffffeffb
ffffe422
ffffed54
ffffecd2
ffffec21
ffffe051
ffffe618
000004d1
fffffaef
0000019e
fffff4a1
ffffef6f
ffffefdc
ffffec8f
ffffd916
ffffb427
ffff878c
ffff9e4a
ffffd913
ffffff49
ffffec57
ffffe315
fffffc20
0000004d
ffffe22f
ffffe007
ffffe185
fffff162
0000085c
00000901
fffffb8b
fffff659
fffff831
ffffe875
fffff20e
ffffecd4
ffffe1d5
ffffdd47
ffffe624
fffffee3
fffff4ba
ffffef11
ffffdd9b
ffffddf5
ffffd97e
ffffcfda
ffffd0c7
ffffc337
ffffa2c3
ffffa5be
ffffe3a9
000012a5
00001dd5
00000fa3
fffffa7a
ffffeb16
ffffbc30
ffffb88f
ffffcb96
ffffd9e0
fffffab7
fffffdad
fffff7ca
fffff167
fffffd07
ffffec24
fffff096
fffff4a9
ffffe785
ffffd91c
ffffe1a3
fffff3db
ffffe3c4
ffffd043
ffffc82b
ffffca73
ffffc45c
ffffb90f
ffffc9b8
ffffd958
ffffd9f0
ffffd1e8
ffffcfc4
ffffe912
fffff9d4
00001475
fffff7f5
ffffd2f4
ffffb3ac
ffffbb4b
ffffc982
ffffced9
ffffeb1b
fffff36b
000000dc
00000564
00000c30
ffffe6f2
ffffdb1c
ffffcfba
ffffdb1c
ffffd3c4
ffffda5e
fffff3db
ffffe130
ffffdefd
ffffd57f
ffffd9e3
ffffe235
ffffd8f0
ffffdd7d
ffffe098
ffffd9b3
ffffd164
ffffa2da
ffff8b68
ffff91f2
ffffd042
ffffec89
ffffddbf
ffffc1d5
ffffc092
ffffd0d8
ffffcbac
ffffd7c0
ffffdcb9
ffffe8c3
fffffb7a
00000b2e
ffffea4e
ffffda74
ffffbd7b
ffffc7de
ffffc98f
ffffe1c0
ffffe6e3
ffffd51d
ffffe1f1
ffffe00d
ffffe5b3
fffff0ca
ffffeea6
ffffe2c1
ffffdd13
ffffd186
ffffbdf6
ffff9be3
ffff886e
ffff6fa2
ffff88ba
ffffaebc
ffffc8b6
ffffd9ab
ffffd929
ffffe086
ffffdacc
ffffd878
ffffd23a
ffffced1
ffffd52f
0000024d
ffffff24
fffff28c
ffffdbb4
ffffd5a7
ffffd696
fffff0c8
ffffed9c
ffffd82e
ffffe1f9
ffffd5ea
ffffe3e6
ffffe4d5
ffffde0e
ffffd06a
ffffc0fa
ffffc175
ffffc54f
ffffc2ad
ffffbcda
ffffa2b6
ffff8fc5
ffff9f59
ffffcb14
ffffefc7
ffffe86c
ffffe98c
ffffdfd5
ffffc6fd
ffffc46a
ffffb46a
ffffb59c
ffffe835
fffff267
fffffb90
fffff2b9
ffffeb8e
ffffdeb0
fffff135
fffffa57
ffffdd48
fffff618
ffffddd3
ffffe44e
ffffd910
ffffdf68
ffffeb18
ffffda96
ffffcd8b
ffffcf96
ffffcfdd
ffffdadd
ffffce3a
ffffcc62
ffffcaea
fffff122
fffff109
ffffeb8d
ffffd957
ffffcfd5
ffffc253
ffffc1a8
ffffacb5
ffffb16a
ffffba5d
ffffbd76
ffffd075
ffffdca1
ffffd69c
ffffd2d5
ffffe3e3
fffff974
ffffd900
ffffe051
ffffd9c5
ffffcff2
ffffcf22
ffffdca2
ffffe546
ffffdeef
ffffd8f6
ffffdc6b
ffffe090
ffffdcde
ffffe621
ffffe45e
ffffcd11
ffffce3c
ffffda98
ffffda4a
ffffd722
ffffe5df
ffffe496
ffffe556
ffffdc04
ffffcf57
ffffc124
ffffc17a
ffffcab3
ffffcecf
ffffcc1c
ffffd4ee
ffffe742
000002cc
ffffea74
fffff6aa
ffffdca9
ffffd713
ffffd7df
ffffe9e6
fffff118
fffffcc0
fffff758
ffffef6d
ffffe8dc
ffffef1f
fffff8a8
fffff57b
ffffe917
ffffd735
ffffc628
ffffcdb2
ffffdacd
ffffde83
ffffe274
ffffe921
00000072
000005a9
fffffacf
fffff61c
ffffea3a
ffffd78b
ffffdb04
ffffd9b3
fffff206
fffffed2
fffff294
0000013e
fffff89d
fffffabf
fffffae0
000001bc
fffffbee
fffffafb
fffffc2f
ffffef52
fffff8e9
fffffde1
0000025d
fffff970
fffffbf9
fffff3f6
ffffecca
ffffe7e9
ffffe31b
ffffe6d4
ffffe5f6
ffffe952
fffffd38
00000799
000002f1
fffff7b7
fffffcee
fffff59a
ffffea1f
ffffdb33
ffffea27
ffffeb5f
ffffd267
ffffd1b5
ffffc657
ffffc87c
ffffcb77
ffffd21e
ffffd59f
ffffd029
ffffcd02
ffffcd3d
ffffcb76
ffffcc28
ffffcd3b
ffffc93f
ffffc483
ffffc458
ffffcaf3
ffffc9fb
ffffc2d1
ffffc278
ffffc75f
ffffc952
ffffc24e
ffffc668
ffffcb16
ffffd141
ffffca80
ffffc90a
ffffcb65
ffffceda
ffffc976
ffffe9b6
ffffd3f8
ffffc052
ffffb082
ffffb214
ffffb8b2
ffffcc09
ffffd3bc
ffffcdc2
ffffcb23
ffffc944
ffffc54b
ffffbdc0
ffffc083
ffffbc9f
ffffb2e8
ffffafe6
ffffb548
ffffc0e5
ffffbbea
ffffb6c7
ffffc026
ffffc47a
ffffb9ac
ffffb868
ffffbd71
ffffbcdf
ffffb1cb
ffffb16c
ffffb80f
ffffbdc2
ffffbcd8
ffffe2ef
ffffc5e6
ffffbdef
ffffae75
ffffb5ec
ffffb93a
ffffd475
ffffe980
ffffe680
ffffe87c
fffff14c
ffffec30
ffffd587
ffffc29b
ffffb77f
ffffad19
ffffaeba
ffffb251
ffffc1b0
ffffc8cc
ffffca00
ffffca23
ffffce2f
ffffc0e0
ffffbbfd
ffffbeac
ffffc4e9
ffffb421
ffffaab7
ffffbc6e
ffffc494
ffffc395
ffffe14d
ffffcba3
ffffc3f1
ffffc5a7
ffffcb3d
ffffd11e
fffffd76
fffff7c8
00000231
00000e3d
00000f7b
0000104e
ffffee4a
ffffcb13
ffffbeea
ffffc2e6
ffffbc9c
ffffbbfa
ffffd0b6
ffffdf81
ffffdafe
ffffcf2b
ffffcc20
ffffc7f6
ffffc530
ffffd124
ffffd271
ffffc964
ffffb8e2
ffffccb3
ffffcb79
ffffc7f8
ffffe1aa
ffffd5b7
ffffd2a7
ffffd214
ffffcdf2
ffffe22e
fffffb2c
00000bb5
fffff155
000014b0
000009b0
fffffb4b
ffffe7d8
ffffccd7
ffffcb9d
ffffd600
ffffd3a1
ffffd2da
ffffe69f
ffffec09
ffffd2ae
ffffba49
ffffb8a8
ffffc85e
ffffd003
ffffd77a
ffffe032
ffffd9fa
ffffcf04
ffffdca6
ffffd468
ffffcf4b
ffffe28c
ffffe055
ffffe0d4
ffffe0a5
ffffec18
fffff775
00000cbc
000002d7
fffff039
ffffdb03
ffffd96d
ffffdc17
ffffe572
ffffde0a
ffffdaed
ffffe1da
ffffdf8b
ffffe8f6
fffff5c3
fffff9a6
ffffd457
ffffc242
ffffbc66
ffffd152
ffffdd1b
ffffdcd2
ffffda8a
ffffd813
ffffd579
ffffe49e
ffffdc6b
ffffd731
fffff20a
fffffb0f
fffff534
ffffe43e
fffff08a
00000a2f
ffffed5f
fffffc85
ffffde3a
ffffb5fb
ffffc6c3
ffffd3ba
ffffebac
fffff4b4
0000006d
fffff819
ffffe600
ffffe1b5
ffffdc2f
ffffcdc9
ffffcf81
ffffde02
ffffdc7f
ffffdcaf
ffffe360
ffffe335
ffffd77f
ffffd629
ffffe03f
ffffe886
ffffde46
ffffd609
ffffe711
fffff5b8
fffff7fd
fffff355
ffffeda1
fffffeb1
ffffe4e0
ffffe916
ffffca48
ffff9eb8
ffffc9d0
ffffe230
ffffe50c
0000044f
00000fe7
00000244
fffff093
ffffe559
ffffe26a
ffffcee3
ffffda91
fffff7d3
ffffe944
ffffe073
ffffed4d
ffffee6d
ffffee00
ffffea02
fffff43c
fffff709
ffffe8c1
ffffde90
ffffec00
ffffdf16
ffffe9c4
ffffe457
ffffd1ec
ffffd8a8
ffffc9e5
ffffbdd3
ffffab72
ffffba6a
ffffdba9
ffffe391
ffffe00b
ffffee95
00000777
00000f85
fffff1e8
ffffe525
ffffd710
ffffc975
ffffd375
ffffe7a4
ffffe175
ffffe2a1
ffffe460
ffffef8b
ffffe7f6
ffffe76e
ffffedce
fffff26c
ffffeab8
ffffdfc4
ffffe643
ffffe306
ffffde2b
ffffd625
ffffb9f8
ffffa8ec
ffffaba7
ffff9033
ffff936d
ffffc70f
ffffe2ec
ffffcbac
ffffd23a
ffffb921
ffffd556
00000621
00000d2a
ffffe587
ffffdd99
ffffd1b8
ffffcdae
ffffdf9c
ffffdc38
ffffdd32
ffffe198
ffffeaf6
ffffdde8
ffffdf9a
ffffdf8a
ffffe503
ffffdfdc
ffffd346
ffffd80f
ffffeabd
ffffe172
ffffcdf3
ffffb984
ffffb14a
ffffae39
ffff9f73
ffffa48b
ffffbef5
ffffd0b1
ffffb783
ffffc817
ffffb4b4
ffffa16a
ffffce11
000013ee
00000b02
fffff271
ffffe3bb
ffffdf12
ffffdae8
ffffda87
ffffddd9
ffffda15
ffffdeef
ffffd484
ffffd3b6
ffffd32c
ffffdd2b
ffffd6e2
ffffcfd0
ffffdf61
ffffecba
ffffdde8
ffffc8fd
ffffbf33
ffffcbdb
ffffdf4f
ffffc0f2
ffff950e
ffffbadf
ffffbbcf
ffffc802
ffffdbf4
ffffca57
ffffad6d
ffffb612
000000a8
00000ffb
fffff5e2
ffffeb06
ffffeff2
ffffea65
ffffe925
ffffe652
ffffe207
ffffdd2d
ffffd388
ffffd2cf
ffffd8e2
ffffe417
ffffd21f
ffffd969
ffffe20e
ffffe746
ffffdeb0
ffffd6fd
ffffc9c8
ffffc6bb
ffffec36
ffffdfdb
ffffb743
ffffbf3d
ffffcc6e
ffffd132
ffffd8e9
ffffcc5a
ffffb296
ffffb39e
ffffe0de
fffffa84
00000d46
fffffd2b
fffff7ac
fffff7ed
ffffed48
ffffed54
ffffef5a
fffff102
ffffe135
ffffd72c
ffffe24c
ffffecf8
ffffd510
ffffd83d
ffffe107
ffffe4be
ffffd640
ffffd8b9
ffffd10d
ffffd449
ffffdff0
ffffc4e1
ffffbeb8
ffffca3c
ffffcf83
ffffc9d3
ffffd085
ffffc72f
ffffb3dd
ffffa01f
ffffb118
ffffd12c
ffffebc6
ffffed47
ffffe842
fffff076
fffff7e2
fffffa34
fffff924
00000115
fffff5e6
ffffdd43
ffffded3
ffffe046
ffffd768
ffffd729
ffffe097
ffffd908
ffffd49f
ffffd71d
ffffcb51
ffffd01c
ffffd674
ffffbc9c
ffffb200
ffffd2b0
ffffc848
ffffca4e
ffffc3f1
ffffc472
ffffb64a
ffffa604
ffffb83a
ffffc872
ffffbe9d
ffffb9b5
ffffc398
ffffc852
ffffdc28
ffffdb5e
ffffdff2
ffffee08
000001ee
ffffed36
ffffdd74
ffffdff7
ffffd84c
ffffdc23
ffffe06b
ffffd642
ffffdad4
ffffd73a
ffffc6dc
ffffca5b
ffffd152
ffffb52b
ffffb02f
ffffd170
ffffcd7b
ffffcc4a
ffffbcda
ffffc119
ffffb335
ffffb7f3
ffffc8fe
ffffc317
ffffb7a2
ffffc35a
ffffc885
ffffb781
ffffb6ed
ffffbb7f
ffffbbf7
ffffbceb
ffffd2f0
ffffe9a0
ffffd6e7
ffffe163
ffffd7a0
ffffe08a
ffffe463
ffffde6b
ffffdada
ffffd84c
ffffcbb5
ffffc709
ffffcefe
ffffbd09
ffffb133
ffffc686
ffffd66a
ffffdec7
ffffd0d6
ffffba7b
ffffc161
ffffc944
ffffd4f6
ffffc952
ffffcd82
ffffd26e
ffffd4e3
ffffd0a5
ffffca1b
ffffc91b
ffffc140
ffffb195
ffffae49
ffffd30a
ffffd32d
ffffe215
ffffe02f
ffffda55
ffffe7be
ffffe3d8
ffffd7a5
ffffd4ad
ffffd266
ffffd111
ffffd90e
ffffc9cf
ffffb72a
ffffcab4
ffffd9ca
ffffd141
ffffe3a7
ffffcb2e
ffffcb26
ffffd358
ffffd932
ffffd45b
ffffd49b
ffffd41a
ffffd3c2
ffffd22c
ffffd08a
ffffd166
ffffc9d5
ffffb4cd
ffffb4fd
ffffcc0e
ffffdb33
ffffe492
ffffe696
ffffd5ed
ffffec66
ffffe8ab
ffffdc97
ffffd6d0
ffffd51c
ffffd3ea
ffffd9e9
ffffd317
ffffb083
ffffc6d9
ffffcf3d
ffffc876
ffffcf8b
ffffc853
ffffbc48
ffffd29b
ffffd416
ffffd4e8
ffffd377
ffffd384
ffffcec9
ffffd28e
ffffd0f1
ffffd285
ffffc8aa
ffffba7e
ffffc0c1
ffffc5f2
ffffd9ce
ffffeb35
ffffe81d
ffffd574
ffffee68
ffffec4c
ffffe09b
ffffdda3
ffffd6cf
ffffd2ba
ffffd013
ffffc0de
ffffaffd
ffffaf50
ffffb11d
ffffa8d3
ffffa49a
ffffb93d
ffffbd50
ffffd3f7
ffffcf2b
ffffcd63
ffffd330
ffffd088
ffffccb9
ffffd1f7
ffffcfdb
ffffca5c
ffffc96c
ffffc448
ffffc946
ffffce53
ffffe429
fffff745
ffffecb9
ffffd57a
ffffeb16
ffffe930
ffffe64c
ffffdde0
ffffd946
ffffd43e
ffffcdf8
ffffb0b4
ffffa17b
ffffa94a
ffffac4c
ffffa881
ffff98b8
ffffb642
ffffcf12
ffffe3dc
ffffd9e9
ffffcf4b
ffffcec0
ffffd5ad
ffffd46b
ffffd4a4
ffffcde2
ffffc3d2
ffffc43a
ffffc140
ffffcba0
ffffc221
ffffdf80
fffffcc9
fffff162
ffffd4e8
ffffea37
fffff1c5
ffffed24
ffffdfef
ffffe062
ffffdf3a
ffffdd04
ffffbbeb
ffffab1d
ffffa737
ffffb0cf
ffffac79
ffffb321
ffffa684
ffffd30c
ffffdff5
ffffdd22
ffffc3e9
ffffc1e2
ffffccef
ffffda12
ffffd540
ffffd26f
ffffc576
ffffc64d
ffffc2dd
ffffc830
ffffc36e
ffffe3af
000003b0
fffff3b8
ffffcbec
fffff489
fffffff6
fffff98b
ffffe4fb
ffffe64e
ffffe5af
ffffe411
ffffda1f
ffffbbec
ffffb18e
ffffaee5
ffffb99f
ffffb80a
ffffa549
ffffcd80
ffffd4a8
ffffc9b4
ffffb471
ffffaa00
ffffb34c
ffffc80d
ffffcdbc
ffffc3ec
ffffc4ce
ffffc02c
ffffc3a6
ffffc506
ffffbf53
ffffe461
ffffffc5
ffffe9d6
ffffcbe4
fffff4ba
fffff89b
ffffea5c
ffffddff
ffffddd3
ffffdd0d
ffffde05
ffffe325
ffffd696
ffffbd45
ffffcc2a
ffffcd2c
ffffcd4b
ffffb9f8
ffffb45e
ffffb555
ffff9733
ffffa1dc
ffffb21c
ffffcdf8
ffffc9ff
ffffd00f
ffffc22f
ffffc5aa
ffffcbee
ffffd190
ffffc1bf
ffffc145
ffffe1d7
fffffe8c
ffffe543
ffffce23
fffff436
ffffe8b2
ffffe14e
ffffddd5
ffffccb1
ffffca1c
ffffce8f
ffffdb7d
ffffe6db
ffffd473
ffffefba
ffffcf0e
ffffb35d
ffffaac3
ffff8a00
ffff9139
ffff72bd
ffffa647
ffffcc21
ffffd489
ffffc39c
ffffb9b3
ffffbe62
ffffd840
ffffdddb
ffffd3db
ffffc77a
ffffc6f3
ffffdb1c
ffffff76
ffffe59d
ffffd3fc
ffffe03a
ffffda70
ffffd5f9
ffffd60a
ffffd4b1
ffffd37b
ffffd271
ffffd87f
ffffe43c
ffffed35
fffff1c2
ffffc2e5
ffff97c2
ffff91e7
ffff8aad
ffff8611
ffff71be
ffffb250
ffffd999
ffffe211
ffffdf4c
ffffc776
ffffc4f3
ffffd649
ffffd4d6
ffffc54a
ffffc217
ffffc551
ffffe3c3
fffff912
ffffeb93
ffffe649
ffffe581
ffffd515
ffffd9ad
ffffe136
ffffe48f
ffffdd36
ffffdad1
ffffe495
ffffd978
ffffda0c
ffffc2b9
ffff9d73
ffff8a36
ffffa52b
ffffa4b4
ffff8ce3
ffff8853
ffffc612
ffffe27a
ffffe190
ffffe2ab
ffffd16e
ffffc5d5
ffffc978
ffffc0f2
ffffbeb2
ffffbb6e
ffffc75c
ffffe6f7
ffffed6a
fffff368
fffff0f6
ffffe5df
ffffd76d
ffffd728
ffffe33f
ffffee0f
fffff275
fffff037
ffffe94d
ffffe057
ffffd558
ffffb486
ffffa396
ffffa5a3
ffffc04f
ffffcc42
ffffa79b
ffffa49c
ffffde50
ffffff72
fffff69e
ffffe4af
ffffc5c7
ffffaec1
ffffa133
ffffcbd8
ffffbce6
ffffb0d6
ffffb86a
ffffdb7d
fffff293
fffff533
ffffe6b2
ffffe838
ffffe050
ffffd89d
ffffe333
ffffea89
ffffefab
fffff1be
ffffe248
ffffe184
ffffcd1d
ffffc16f
ffffcf2b
ffffdce6
ffffe129
ffffe010
ffffce30
ffffbfce
ffffe5d7
00000d95
fffff716
ffffead2
ffffdea1
ffffb1b3
ffffae5d
ffffc3e8
ffffb9d9
ffffc12d
ffffc217
ffffdd92
fffff7f0
fffffcda
ffffe631
fffff585
000003e6
fffff217
ffffe497
ffffe08c
ffffe1cd
fffff4f0
ffffebf1
ffffebf7
ffffeca4
ffffe04e
ffffebb3
fffff343
ffffec9d
ffffe427
ffffe3cf
ffffe23c
ffffd42f
ffffd87f
ffffd79a
ffffddfd
ffffddee
ffffceea
ffffcae0
ffffd21e
ffffdd74
ffffd6b0
ffffd809
ffffdecc
fffff6c9
ffffe4a1
fffff050
ffffe5c4
ffffee8c
fffff84e
fffff629
fffff275
ffffe7f5
ffffed19
0000015e
00000a7d
00000368
fffffe69
fffff6bf
fffff9e1
fffffcd6
fffffd6f
fffff9b6
fffff079
ffffdea4
ffffd27e
ffffd20f
ffffd8d6
ffffe00c
ffffe54e
fffff3c9
fffffafa
00000af5
000008c6
fffffee4
fffff8ee
fffff17b
fffff410
fffffb0c
fffff9c9
fffffd85
fffffe46
fffffe8e
000000f7
0000025a
fffff647
000003a4
fffffc29
fffff60d
fffffd39
0000061d
ffffff58
000003b6
00000850
fffffe69
fffffb37
fffffad9
fffff386
ffffe6bb
ffffe17a
ffffe72c
fffff954
00000092
ffffffc8
000005d0
00000ae7
fffffec6
ffffe87d
ffffe9c4
fffffd2c
00000300
fffffb26
fffffee4
fffff1e2
fffff597
fffffd78
fffffe77
00000669
00000309
00000282
000001d7
fffffca5
fffffcfc
fffffd16
ffffffc2
fffffd82
fffffb05
000008f3
fffffd9b
fffff9f4
fffffd5d
00000390
ffffff82
fffffa32
fffff207
fffff4db
fffff78e
fffff968
00000244
000005c9
fffffd31
fffff0f1
ffffe94a
ffffe975
ffffe63c
ffffd106
ffffdef6
ffffe40c
ffffea10
fffff254
ffffecef
ffffe893
fffff1c1
fffff8db
ffffee5f
ffffe70a
ffffeadb
ffffedef
ffffe795
fffff21e
ffffe979
ffffdee9
ffffe835
ffffec93
ffffe8ae
ffffe501
ffffda99
ffffd984
ffffe223
ffffe4ad
ffffe36b
ffffeb07
fffff4ee
ffffde35
ffffe650
ffffef3a
fffffa67
ffffddc0
ffffe259
ffffddad
ffffe037
ffffe523
ffffe2cd
ffffe7ce
fffffc29
ffffff0d
fffff5d5
ffffee90
ffffe39e
fffff04b
ffffec8e
fffff89c
fffff36e
ffffe68d
ffffec06
fffff12f
ffffeb31
ffffe750
ffffe4e5
ffffe681
ffffe6ef
ffffe8e8
ffffe41f
ffffe0e3
fffff3c4
ffffe7f0
ffffe393
ffffe94a
ffffec0f
ffffd92e
ffffd82d
ffffd1df
ffffccac
ffffada9
ffffa1a1
ffffd3bb
ffffdbdf
ffffd741
ffffdf8e
ffffed9a
ffffe0a7
ffffdd1c
ffffe03a
ffffdfd2
ffffdc56
ffffd9fb
ffffe0f0
ffffe727
ffffec02
ffffdd3b
ffffd84a
ffffe33e
ffffdf25
ffffe2bb
ffffe630
ffffe83f
fffff010
ffffe746
ffffdb00
ffffe476
ffffe706
ffffd75f
ffffda6a
ffffd0ee
ffffcf6c
ffff92a5
ffff679f
ffffa960
ffffad59
ffffbc16
ffffd2d9
ffffeaab
ffffe42d
ffffd282
ffffd982
ffffd137
ffffccf9
ffffcd7c
ffffd81c
ffffdf18
ffffe0ea
ffffd083
ffffd044
ffffe0a5
ffffe242
ffffe05b
ffffe120
ffffe6db
ffffebc5
ffffe694
ffffd8c9
ffffed89
ffffe4cc
ffffd40f
ffffd6e7
ffffcd4e
ffffbff1
ffffbfcc
ffffa1b8
ffffc87a
ffffd372
ffffe669
ffffe88e
ffffe3a5
ffffe174
ffffdc28
ffffd36d
ffffd4f9
ffffd01b
ffffd9a5
ffffd98e
ffffdbc4
ffffd57a
ffffc79a
ffffc80a
ffffe417
ffffddfa
ffffd768
ffffd43b
ffffe1ba
ffffe591
ffffdc65
ffffd7c8
fffff147
ffffe813
ffffd264
ffffc605
ffffbb84
ffffb3b5
ffffa9e1
ffffe022
fffffddb
000003f1
00001291
fffff5dd
ffffea10
ffffeb15
ffffe5ef
ffffd51f
ffffcf69
ffffce85
ffffdbdb
ffffd864
ffffdb4b
ffffdc74
ffffc876
ffffc97e
ffffdd2e
ffffd1dd
ffffcea3
ffffc78d
ffffdd4e
ffffd4a8
ffffd282
ffffd4f3
fffff1db
ffffe37b
ffffc172
ffffcfa7
ffffa5c6
ffffa7ac
ffffbb52
fffff398
fffff806
fffff587
00000291
fffff561
fffff263
ffffe37c
ffffe73f
ffffd159
ffffc392
ffffcd04
ffffdda7
ffffd9d3
ffffdab3
ffffe090
ffffcdf5
ffffc7c0
ffffd236
ffffd7fb
ffffc742
ffffc94b
ffffd3e9
ffffd3d3
ffffd46b
ffffd7dd
ffffe831
ffffda8b
ffffb728
ffffc82b
ffffb225
ffffafe9
ffffdcc0
00000a23
ffffe7b4
fffff1eb
ffffe399
ffffe1ed
fffff0c3
ffffdfda
ffffd992
ffffdab4
ffffc641
ffffcd05
ffffcdfd
ffffbdd4
ffffbecf
ffffc4ca
ffffb928
ffffbacd
ffffc5a5
ffffc4c5
ffffbd26
ffffcb14
ffffce58
ffffcb20
ffffc924
ffffc4b2
ffffe0f3
ffffd57d
ffffb0eb
ffffb52e
ffffac71
ffffc635
ffffd9be
ffffecac
ffffd041
ffffe8b6
ffffde05
ffffe0f7
fffff24b
fffff252
ffffb402
ffffd5f6
ffffcdd6
ffffbf1a
ffffbee4
ffffa8c9
ffffa8c7
ffffbe7c
ffffc9a0
ffffc560
ffffce47
ffffbb16
ffffb94d
ffffc52b
ffffc617
ffffc154
ffffbdc5
ffffbc67
ffffe348
ffffe695
ffffcbde
ffffcb2c
ffffb16e
ffffd0a1
ffffcc1a
ffffc644
ffffd8f0
ffffdef0
ffffdfa0
ffffe004
fffff05d
ffffd8b5
ffffb7b8
ffffc9e4
ffffd2c9
ffffcb6c
ffffcc17
ffffc13c
ffffb7b1
ffffce92
ffffe031
ffffd850
ffffd8e1
ffffd204
ffffd0f4
ffffd0d6
ffffd4ab
ffffcefb
ffffc2d1
ffffc1ee
ffffe097
ffffec63
ffffc897
ffffdde3
ffffbbfe
ffffd54b
ffffdb21
ffffe10f
fffffe4f
fffffa98
ffffd5e5
ffffe605
fffffc1c
ffffd9b5
ffffc2f6
ffffc150
ffffc2e2
ffffb4ef
ffffc04a
ffffd195
ffffd8f2
ffffe42f
ffffebbd
ffffe117
ffffdbf9
ffffde43
ffffdd7f
ffffddee
ffffdd29
ffffd69d
ffffcd41
ffffcaa2
ffffde3a
ffffe7d5
ffffcc7e
ffffec33
ffffd346
ffffd716
ffffdb3a
ffffed1e
000008ac
fffff607
ffffd423
fffff9df
fffff7b3
ffffd937
ffffc47a
ffffaa63
ffffa111
ffff98c5
ffff9d03
ffffba5e
ffffd1db
ffffda09
ffffd956
ffffd8b8
ffffdbe0
ffffe192
ffffe0b5
ffffdf4f
ffffdd21
ffffdc7a
ffffd216
ffffc72d
ffffde35
ffffe43b
ffffd27d
ffffe952
ffffeb07
ffffdd4b
ffffcf1a
ffffe295
00001fd1
fffffdf4
ffffd7b3
fffff279
fffff379
ffffcba2
ffffd6dd
ffffcb1a
ffffd238
ffffbf2c
ffffb51b
ffffae46
ffffa80b
ffffa1d2
ffff99aa
ffffa10d
ffffb0cb
ffffbca0
ffffcbe1
ffffce69
ffffcf8c
ffffe35a
ffffda33
ffffcaa4
ffffddd0
ffffe77a
ffffd3bc
ffffe8b1
fffff243
ffffdafb
ffffc87a
ffffd984
0000207d
00000d17
ffffe2c6
ffffeef8
ffffeba5
ffffe277
ffffe958
fffff57c
00000ce7
fffff9df
ffffe84e
ffffe81b
ffffeb41
ffffe90f
ffffcfd9
ffffb484
ffffa65b
ffffae61
ffffb6c0
ffffc420
ffffcca6
ffffe1c4
ffffe199
ffffd001
ffffe3b0
ffffe9b7
ffffd255
ffffeaea
ffffedc1
ffffde0e
ffffc184
ffffd379
000015c6
00002037
00000216
ffffe1cd
ffffe401
fffff3e7
fffff5b4
00000091
000008d9
fffffc4b
fffff373
ffffff6e
00000377
0000095b
00000545
ffffebdb
ffffe5ad
ffffec3f
ffffd8bb
ffffd144
ffffcf60
ffffcfc1
ffffda94
ffffcad4
ffffea7a
ffffeeb8
ffffd8dd
ffffee0e
ffffea11
ffffe2d8
ffffb8da
ffffc812
000005d6
00001778
fffffdac
fffff318
ffffee56
fffff8d8
fffffbdb
00000f7a
00000093
fffff4c2
fffff73c
fffffc34
fffffb11
fffff568
000000db
00000167
00000058
fffffdc6
ffffeb2a
ffffe53e
ffffda72
ffffd0cf
ffffd7e5
ffffc65e
ffffea18
ffffefe1
ffffd77e
ffffe8f5
ffffe944
ffffe8dc
ffffbca5
ffffb7fd
fffff869
0000080f
fffff036
ffffe4ba
ffffe41d
fffff6a6
fffff1f8
0000001c
fffff58c
ffffef58
fffff3e3
fffff51d
fffff72b
fffff337
fffff5ad
fffff968
fffffa5d
ffffff15
fffff27c
ffffe9ba
ffffe601
ffffd2cc
ffffd639
ffffcbe3
ffffebcf
ffffeb75
ffffd84c
ffffe38c
ffffe136
fffff1ce
ffffd6b5
ffffb29c
ffffe56a
00000590
ffffe754
ffffdb2f
ffffd2f5
ffffeebe
ffffe9a2
ffffefc9
fffff70a
fffff2a5
fffff6a7
fffff6f3
ffffeed8
fffff42c
fffff97d
fffff498
fffff742
00000024
ffffffd5
ffffeedf
ffffecb8
ffffdc8f
ffffd601
ffffce99
ffffebd7
ffffea6e
ffffd699
ffffdee0
ffffdd20
fffff2b5
ffffe827
ffffc0f9
ffffdfe0
00001026
ffffefba
ffffe349
ffffe07a
ffffda83
ffffeed7
ffffef0b
fffff2b5
fffff2ee
fffff669
fffff321
ffffef66
fffff1d6
fffffcae
fffffac7
fffff8ec
fffffa2e
fffff9bd
ffffeadc
ffffee87
ffffe4e2
ffffd5b9
ffffd212
ffffeabc
ffffea23
ffffd777
ffffdf40
ffffe4c4
ffffe8c4
ffffed78
ffffd7db
ffffdb33
000003d1
00000842
fffff790
fffff095
ffffcb51
ffffe109
ffffe938
ffffe5fa
ffffe9b4
ffffefd4
fffff03f
ffffee6d
fffff141
fffff75a
fffff928
fffff239
fffff8c6
fffff08c
ffffeaac
fffff1eb
ffffeb2a
ffffd951
ffffd3c7
ffffec3e
ffffeec2
ffffda76
ffffe32b
ffffeb70
ffffec94
ffffeb3d
ffffeaf8
ffffdf16
ffffeccc
00000b7b
00000449
fffff0d0
ffffc10b
ffffb8db
ffffd674
ffffda76
ffffe225
ffffe019
ffffecb5
fffff011
fffff7f2
ffffecf7
fffff620
fffff0c2
fffffaac
fffff286
fffff23f
fffff618
ffffe7fd
ffffd70f
ffffd22f
ffffee77
ffffecad
ffffdd62
ffffe10f
ffffe8c8
ffffe98e
ffffdbf9
ffffe6b5
ffffd7cc
ffffd47e
fffffbf2
0000076f
fffff4ec
ffffd796
ffffc31e
ffffcf35
ffffc603
ffffe2c8
ffffe85d
fffff222
ffffe738
fffff71f
fffff2d9
fffff38e
fffff29e
fffff4e6
fffffb44
fffff389
fffff7db
ffffe901
ffffdcba
ffffd3ac
fffff744
fffff527
ffffe21c
ffffdb64
ffffdf4a
ffffe53f
ffffdc3d
ffffddf5
ffffd2ac
ffffcd00
ffffef35
00001285
000007c3
000017b9
00000ab1
fffff963
ffffe570
ffffeb0d
ffffee39
fffff08a
ffffe834
ffffe790
fffff95e
fffff580
fffff61f
fffff3fc
fffff8bf
ffffef7c
fffff387
ffffe8e5
ffffd8df
ffffd013
fffffb6b
fffffa67
ffffe561
ffffe37f
ffffe575
ffffe5f0
ffffe2ab
ffffe2d2
ffffd744
ffffcce9
ffffdf69
fffff59f
00000a54
00001aa1
00002c14
fffffffd
fffff2d4
fffff1c0
ffffeb55
ffffe37b
ffffe04e
ffffd75a
fffff7b4
fffffe6e
ffffe179
ffffebc4
fffff6d1
ffffe91e
ffffe564
ffffd670
ffffd15b
ffffc474
fffff53b
fffff94b
ffffd766
ffffe3e8
ffffe2ba
ffffdea2
ffffd883
ffffda65
ffffcec2
ffffd2ab
ffffe514
ffffe320
00000580
fffff9ff
00000eac
fffff17b
fffff782
fffff512
ffffed8a
ffffe4b6
ffffdb73
ffffdebd
ffffe79c
fffffb9d
ffffdac8
ffffeb5f
fffff619
ffffdb24
ffffd2cc
ffffcbbb
ffffc34b
ffffbf00
fffff316
ffffe61b
ffffc845
ffffdb69
ffffda69
ffffd40d
ffffcf90
ffffcfe4
ffffcb4f
ffffd2ae
ffffced0
ffffd3cc
fffff28b
ffffe1b2
ffffe941
ffffe79f
00000151
fffff2fc
ffffe50f
ffffe635
ffffd6a9
ffffdf6e
ffffef12
ffffe1bf
ffffff78
ffffec77
ffffff17
ffffdd8a
ffffd5cc
ffffc1bc
ffffbec8
ffffcb16
ffffea01
ffffdf92
ffffc4ee
ffffd3c1
ffffd4dd
ffffd772
ffffc481
ffffc766
ffffcb31
ffffc6d9
ffffd09d
ffffd394
ffffde80
ffffceed
ffffd7ee
ffffe36c
ffffec3c
ffffdd41
ffffcb02
ffffd61a
ffffd6d1
ffffc957
ffffdbbb
ffffd282
ffffe8af
ffffecc3
fffffc4d
ffffe527
ffffddc6
ffffc25a
ffffc4b2
ffffcef9
ffffeadf
ffffe049
ffffc6e3
ffffcbf7
ffffc14e
ffffc449
ffffbc60
ffffd11c
ffffd019
ffffcb30
ffffd093
ffffd523
ffffbb67
ffffc4cc
ffffcfd8
ffffd82c
ffffe057
ffffcdf4
ffffc0c9
ffffcb2b
ffffd41e
ffffcb1e
ffffc275
ffffbf58
ffffd9d1
ffffd438
ffffcfa4
ffffd9a9
ffffec60
ffffd70d
ffffd67e
ffffd570
ffffe6ba
fffff140
ffffc5a2
ffffc87b
ffffc985
ffffcade
ffffc75c
ffffdd0b
ffffd689
ffffc7ad
ffffcdb7
ffffd17d
ffffc708
ffffc881
ffffd9b4
ffffd301
ffffdd77
ffffc847
ffffd36d
ffffdfcd
ffffe0a8
ffffd914
ffffd8d3
ffffc03e
ffffc7db
ffffcbcb
ffffc4ca
ffffcc97
ffffe9f7
ffffdd84
ffffcf89
ffffde48
ffffdde5
ffffd6e3
ffffbf75
ffffbd56
ffffc879
ffffb9d5
ffffc9a0
ffffcf2c
ffffcae7
ffffc263
ffffbfdf
ffffcb4f
ffffca5e
ffffd23f
ffffd4bd
ffffd34c
ffffd03e
ffffc3b1
ffffc7eb
ffffd069
ffffce4d
ffffd2d7
ffffcd07
ffffc89b
ffffceb4
ffffc32a
ffffb4ae
ffffca16
ffffcf4f
ffffd17f
ffffc36e
ffffcb0f
ffffdfd8
ffffd619
ffffbd4b
ffffbe0b
ffffbb70
ffffba57
ffffbadb
ffffd03d
ffffcdce
ffffd1fe
ffffd114
ffffc9d8
ffffc096
ffffc865
ffffc077
ffffba14
ffffc3a0
ffffb812
ffffb078
ffffbc74
ffffb8f1
ffffb9c3
ffffb714
ffffb62f
ffffb053
ffffc3ed
ffffc9df
ffffb0a3
ffffba79
ffffba8a
ffffcd24
ffffd518
00000d57
00000fea
00000f8b
0000052a
0000080a
000001f1
000001e3
000003ba
000005ca
000002ba
0000034a
00000720
0000034a
0000022d
000009d8
000009bc
00000944
000003ec
00000384
000008e5
00000841
00000129
0000033a
00000b62
00000b1f
0000033d
00000265
0000085f
00000a40
00000322
00000220
000004da
ffffe555
ffffddf3
ffffe398
ffffe027
ffffdd35
ffffd863
ffffd91c
ffffd26f
ffffd196
ffffcfb9
ffffc884
ffffcdca
ffffcea6
ffffd54c
ffffd8b6
ffffd768
ffffdcd2
ffffcdda
ffffcdbe
ffffd69c
ffffcd4a
ffffcae4
ffffd9d1
ffffdcd1
ffffdd63
ffffd6e2
ffffddd5
ffffe3b8
ffffeb33
ffffd5ea
ffffd3db
ffffe2b6
ffffecd1
ffffdfca
ffffcfd1
ffffc7ef
ffffca0d
ffffc56e
ffffcb66
ffffc4d9
ffffc26d
ffffbb07
ffffad80
ffffb502
ffffc134
ffffcce6
ffffd3e9
ffffce9d
ffffcdb1
ffffc393
ffffc20b
ffffcc4b
ffffc557
ffffc26c
ffffd199
ffffd41c
ffffcc80
ffffc8ea
ffffccb1
ffffcf0d
ffffd58b
ffffc9ab
ffffc891
ffffdf0f
ffffe65e
ffffd22e
ffffc267
ffffbd9e
ffffc226
ffffc340
ffffc403
ffffc3c2
ffffc0cb
ffffc950
ffffcae9
ffffcdb6
ffffc0f3
ffffc71e
ffffcd74
ffffc731
ffffc31c
ffffbd1f
ffffc0fe
ffffc599
ffffcb96
ffffca49
ffffd33a
ffffcd61
ffffc552
ffffc1b1
ffffc31c
ffffc86e
ffffcac8
ffffc772
ffffbed3
ffffdf40
ffffdf0d
ffffc644
ffffbc6c
ffffb955
ffffc990
ffffc829
ffffc5a0
ffffd7ae
ffffe31b
ffffcb11
ffffcd04
ffffe425
ffffc923
ffffc33b
ffffc5a6
ffffbb17
ffffb8bc
ffffbbbf
ffffbad1
ffffbd6e
ffffc844
ffffc5a5
ffffc7a5
ffffc75a
ffffc082
ffffbf8e
ffffc269
ffffcb13
ffffc63b
ffffc125
ffffba19
ffffe061
ffffd981
ffffc715
ffffbc70
ffffc03b
ffffc8ea
ffffbf69
ffffd089
ffffd72e
ffffeeb3
ffffcbce
ffffe171
fffff110
ffffcc8d
ffffbc9d
ffffcc79
ffffb9ed
ffffbaa7
ffffc585
ffffbfd0
ffffc5c2
ffffc20e
ffffc2cf
ffffc51f
ffffc582
ffffbf0f
ffffc01a
ffffc9f8
ffffcb68
ffffc680
ffffc11a
ffffbea9
ffffdf21
ffffdce3
ffffc7e3
ffffc385
ffffc88a
ffffd08d
ffffc1c4
ffffca6d
ffffcafd
ffffe0b6
ffffe4d7
fffff4e7
ffffe9d1
ffffbc87
ffffbbfc
ffffd3e7
ffffcc38
ffffc1b0
ffffc7ae
ffffc686
ffffc33b
ffffc6ca
ffffc7d7
ffffc64c
ffffcd8c
ffffbff0
ffffc582
ffffd1a0
ffffced8
ffffcc97
ffffc787
ffffcdc8
ffffe477
ffffe1c5
ffffd2f6
ffffd1e1
ffffccac
ffffdb41
ffffe8d7
ffffd97c
ffffd52a
ffffe67a
00000e16
ffffec07
ffffc021
ffffb6b6
ffffb14d
ffffc958
ffffda88
ffffd02e
ffffca44
ffffc809
ffffbfe6
ffffd3ad
ffffcd59
ffffcf7a
ffffca7b
ffffb913
ffffc1f4
ffffd1ed
ffffd285
ffffcbe3
ffffcad6
ffffd9ce
ffffe96b
ffffef36
ffffd640
ffffc6f8
ffffc8ab
ffffd501
fffff5e7
fffff7ad
ffffd41d
ffffe2d2
00001158
ffffe370
ffffba6d
ffffba99
ffffba20
ffffc493
ffffd339
ffffc965
ffffb9a2
ffffb44c
ffffbd4f
ffffd59c
ffffd838
ffffc47e
ffffb94a
ffffbb03
ffffba92
ffffc454
ffffc452
ffffc202
ffffc0e1
ffffd08a
ffffe3c9
ffffe3fa
ffffd99f
ffffc5e3
ffffc132
ffffd6a0
ffffe3d3
fffffee2
ffffd908
ffffc4b3
ffffc87a
ffffcfde
ffffca20
ffffbd83
ffffb717
ffffb523
ffffbd91
ffffc4df
ffffca2c
ffffbef2
ffffc175
ffffcbfe
ffffc4c4
ffffb9ef
ffffc401
ffffc30a
ffffc5fc
ffffc0ba
ffffc019
ffffc177
ffffbbf6
ffffce60
ffffd9c3
ffffd533
ffffd76d
ffffc1db
ffffcc97
ffffd738
ffffdee8
ffffda8b
ffffd608
ffffa576
ffffab36
ffffc666
ffffce7e
ffffbef4
ffffb63c
ffffadeb
ffffbb38
ffffc123
ffffbed0
ffffc84d
ffffb808
ffffc0ca
ffffbd0e
ffffb791
ffffc59d
ffffcb22
ffffcaa7
ffffc3f3
ffffc5c5
ffffbf67
ffffba62
ffffc4c3
ffffd68e
ffffcf48
ffffd248
ffffbfdc
ffffbb51
ffffc4cf
ffffc6a5
ffffbf75
ffffd340
ffffaee8
ffffbe5a
ffffbd01
ffffd17c
ffffc27e
ffffbd15
ffffb7c5
ffffb93f
ffffbdbd
ffffd0f3
ffffc3e7
ffffafcc
ffffb992
ffffb573
ffffbb01
ffffbaa7
ffffba80
ffffb5fa
ffffb780
ffffbe20
ffffb77e
ffffb2ba
ffffb985
ffffd2ef
ffffd1bf
ffffd286
ffffc80f
ffffbd72
ffffb659
ffffaaf5
ffffb5dc
ffffd547
ffffc4c6
ffffb78f
ffffc30c
ffffccb1
ffffc5f8
ffffc3f2
ffffc76a
ffffb7ee
ffffac8d
ffffd405
ffffde58
ffffd1d9
ffffc936
ffffc57a
ffffc6d3
ffffbc15
ffffb44e
ffffb2fa
ffffb742
ffffbd5a
ffffc040
ffffbbec
ffffbc80
ffffd201
ffffd159
ffffd5e5
ffffc1a6
ffffb64e
ffffabcb
ffffa3c6
ffffbeaf
ffffd29b
ffffbfbc
ffffaeff
ffffbf45
ffffc90a
ffffbcb9
ffffb3f7
ffffb2ce
ffffb054
ffffd0c4
ffffd640
ffffd698
ffffcfc0
ffffcc75
ffffc3a7
ffffc37a
ffffc78a
ffffc8e1
ffffbd53
ffffb79b
ffffbb13
ffffc41f
ffffbe73
ffffbe28
ffffd236
ffffcfad
ffffd278
ffffc297
ffffb408
ffffa591
ffff9d19
ffffb892
ffffd4bc
ffffc4fd
ffffbf8e
ffffb8b4
ffffb9c2
ffffb4f6
ffffa7f4
ffffa443
ffffb112
ffffd95c
ffffe986
ffffe5f2
ffffe375
ffffd605
ffffc74e
ffffd578
ffffe870
ffffd8a0
ffffc773
ffffc9ee
ffffc1ce
ffffd327
ffffc9b6
ffffbd67
ffffcd4b
ffffd409
ffffd09b
ffffc5ff
ffffbab7
ffffab05
ffff97da
ffffa8b5
ffffcfda
ffffc683
ffffb9d7
ffffa9d0
ffffb14f
ffffb32d
ffffaea5
ffffb450
ffffd2bb
ffffe889
fffff0a3
fffff079
ffffe53e
ffffddd8
ffffd822
ffffd8c8
ffffe441
fffff2fb
ffffd203
ffffbae0
ffffc860
ffffd676
ffffca5b
ffffb883
ffffcb4f
ffffd720
ffffd007
ffffcd1b
ffffc3bd
ffffabff
ffff9a00
ffff9ac4
ffffca3c
ffffccc3
ffffc075
ffffbd6e
ffffad6d
ffffc08a
ffffc3e6
ffffd5be
ffffe5ab
fffff15c
fffff871
fffff1ad
ffffee79
ffffedf0
ffffebb2
ffffe64e
ffffdf7e
ffffec13
ffffe53e
ffffc81c
ffffc845
ffffd596
ffffd43f
ffffba40
ffffd0c0
ffffda55
ffffd160
ffffd227
ffffc935
ffffb1dc
ffffa226
ffff9650
ffffc06f
ffffda90
ffffd974
ffffc83a
ffffbd96
ffffcca9
ffffd772
ffffe9a9
fffff212
fffff565
fffff551
ffffeb4c
ffffef84
fffff24a
fffff0ea
ffffec30
ffffe71c
fffff1de
ffffeddb
ffffcf98
ffffbfdb
ffffc666
ffffcb60
ffffb6f0
ffffd46c
ffffda42
ffffd3fd
ffffd8dc
ffffcb8f
ffffb8c4
ffffaae6
ffff96bd
ffffbb46
ffffdf92
ffffe1a2
ffffdac1
ffffb8e7
ffffcc77
fffff26c
00000697
00000693
fffffa15
fffff0e7
ffffeb1c
ffffe96b
ffffee73
fffff478
ffffeddf
ffffee01
fffff366
ffffeaae
ffffcdbe
ffffc709
ffffc4a9
ffffc1df
ffffbf92
ffffdc1d
ffffd84a
ffffcfe1
ffffd554
ffffc9e9
ffffbdcc
ffffb10d
ffff9e97
ffffad68
ffffd24a
ffffe170
ffffdbe5
ffffc3ee
ffffbcf5
ffffda4e
fffffb59
00000ed1
fffffe05
ffffeff7
ffffe73c
ffffea8e
ffffe9d9
ffffec97
ffffecb7
ffffebae
ffffeee4
ffffe5ea
ffffd397
ffffcfbb
ffffc65e
ffffbe16
ffffbddc
ffffde52
ffffdd45
ffffd117
ffffcf86
ffffcaff
ffffc3e2
ffffbaca
ffffa858
ffff9e36
ffffb5e4
ffffdcb2
ffffd1e3
ffffcf11
ffffc109
ffffb02f
ffffd63b
ffffef65
fffff81f
fffff96f
ffffeb48
ffffeb44
ffffea1c
ffffe8cb
ffffef0f
fffff1e8
ffffedb1
ffffe74d
ffffda85
ffffd3a0
ffffc58f
ffffbc55
ffffc20b
ffffe250
ffffdf23
ffffcad5
ffffc9f1
ffffc768
ffffc262
ffffc1b3
ffffb054
ffffa433
ffff9965
ffffba02
ffffc9b7
ffffc3cb
ffffc600
ffff9bba
ffffb17a
ffffcd18
ffffef2e
fffff918
ffffff87
fffff390
fffff042
ffffe5f6
ffffee1c
fffff4ac
fffff0bb
ffffe92c
ffffe374
ffffd541
ffffcea0
ffffc01f
ffffc8be
ffffe0b7
ffffdd0d
ffffc450
ffffcb29
ffffc308
ffffb9e9
ffffb8d2
ffffc9ae
ffffb72b
ffffa1e7
ffffa112
ffffbba0
ffffb5d4
ffffc85b
ffffa999
ffff9af3
ffffad23
ffffdb5e
fffffac3
00000358
ffffe443
ffffed28
fffff82d
fffffc9a
fffff73d
fffff000
ffffe78c
ffffe1e3
ffffd25a
ffffd79c
ffffc288
ffffc60c
ffffdec1
ffffdcc2
ffffc161
ffffc21b
ffffb80f
ffffb7a8
ffffba34
ffffc0c9
ffffcd0c
ffffc246
ffffb3ff
ffffb67c
ffffb4f5
ffffcc21
ffffcc9d
ffffb5e3
ffffb5b4
ffffc1f7
ffffe676
ffffe396
ffffd14b
ffffd591
fffff4ac
fffff73b
fffff286
ffffeac4
ffffeb2a
ffffe15d
ffffd933
ffffdfbd
ffffbd92
ffffc972
ffffdfa1
ffffd7e2
ffffc7a1
ffffc160
ffffbd3a
ffffc1e8
ffffbf1a
ffffc3b9
ffffd1b7
ffffcb2b
ffffc037
ffffbe9b
ffffcfab
ffffc4ab
ffffdeaf
ffffdf8d
ffffcb17
ffffab2d
ffffc46d
ffffb572
ffffa6cf
ffffb567
ffffdcae
ffffe068
ffffdd38
ffffef37
fffffb4e
fffff7b4
ffffe405
ffffdd56
ffffcd4f
ffffcd9d
ffffdc2f
ffffd374
ffffc5bf
ffffc3d0
ffffc301
ffffc803
ffffc773
ffffc513
ffffcb2a
ffffc9a0
ffffc8d0
ffffcbff
ffffe612
ffffcb56
ffffd033
ffffe885
ffffe621
ffffc896
ffffc7f0
ffffbbe6
ffffb621
ffffc719
ffffddc6
ffffd2bf
ffffdeca
fffff63c
000000bc
fffff81e
fffff04c
ffffe8e7
ffffd604
ffffd5b3
ffffdfee
ffffd65c
ffffce52
ffffd511
ffffd1f8
ffffd942
ffffd260
ffffc878
ffffc360
ffffcea1
ffffdd32
ffffc815
ffffd100
ffffc230
ffffb6fc
ffffd49c
ffffea09
ffffd214
ffffce2e
ffffc5e0
ffffc815
ffffc432
ffffd0bf
ffffd029
ffffd71e
fffff485
ffffeb8f
ffffeee9
fffffafd
fffff80e
ffffe516
ffffd3d0
ffffd86f
ffffdcf3
ffffd5d4
ffffd77b
ffffd8c9
ffffce62
ffffd304
ffffc833
ffffca5d
ffffd2c1
ffffdf65
ffffd512
ffffda56
ffffcdab
ffffb044
ffffaf8b
ffffce03
ffffcc23
ffffd450
ffffd125
ffffdfc2
ffffd2f6
ffffd787
ffffc546
ffffbbc8
ffffedf3
ffffe04f
ffffe60b
fffff372
ffffe924
ffffe0e7
ffffcef2
ffffd91c
ffffe25a
ffffd72d
ffffd89b
ffffd642
ffffc8a9
ffffc85b
ffffc34f
ffffbb33
ffffca20
ffffd10b
ffffd01d
ffffda94
ffffd4fa
ffffc33f
ffffc0d0
ffffc9db
ffffd468
ffffd328
ffffd1dc
ffffdea3
ffffda73
ffffc0d6
ffffdbed
ffffc5fe
ffffcbb8
ffffd84d
ffffdd0a
ffffdc43
ffffe3cd
ffffd94a
ffffcee6
ffffdf46
ffffdcd6
ffffd4b5
ffffd228
ffffccee
ffffc774
ffffbb46
ffffc47a
ffffc7b9
ffffd219
ffffe8a0
ffffea85
ffffcf86
ffffbcf1
ffffc4b7
ffffbcae
ffffb80c
ffffc8d3
ffffd3a5
ffffc2f3
ffffc162
ffffc40c
ffffc513
ffffc86c
ffffc79b
ffffc529
ffffc4fe
ffffd0f3
ffffbf84
ffffc764
ffffc148
ffffba14
ffffd4ff
ffffebfb
ffffdf02
ffffd882
ffffd438
ffffd897
ffffd08b
ffffd4c0
ffffe438
ffffe359
ffffefa7
fffff13e
ffffe3c4
ffffd7fb
ffffdf24
ffffd735
ffffd074
ffffd98b
ffffe656
ffffe064
ffffd24d
ffffd45a
ffffd9b8
ffffda40
ffffdd3d
ffffd290
ffffc297
ffffdaea
ffffe883
ffffda74
ffffd7f3
ffffd0e3
ffffe1e8
fffff735
ffffeedc
ffffee51
ffffed34
fffff41b
fffff501
fffff4ce
fffffd95
00000311
0000013f
0000014b
0000015b
fffff8fc
fffff753
fffff5c9
ffffef05
ffffe7d3
fffff3de
fffff710
fffff24b
fffff0e9
ffffec6d
ffffebd2
fffffbba
fffffa93
ffffef25
fffff015
fffff966
ffffea3a
ffffe5d8
ffffdc4d
ffffeceb
fffff3eb
ffffe941
ffffe8c2
ffffedca
ffffee26
ffffef02
fffff0ef
ffffefa5
ffffedee
ffffefc0
ffffed79
ffffea21
ffffe4d0
ffffe4a4
ffffe73a
ffffe4a1
ffffe14b
ffffe3c4
ffffee4c
ffffec5e
ffffdec0
ffffdf3a
ffffe382
ffffe3c9
ffffe82e
ffffec6c
ffffe9d8
ffffde1a
ffffd548
ffffde53
ffffea08
ffffedef
fffff146
ffffef1b
fffff276
fffff896
fffffa59
fffff1fd
fffff63c
fffff73b
00000524
00000b0f
ffffff98
ffffea9e
ffffe4b2
ffffebb4
fffff10e
ffffe80a
ffffe0f0
ffffec0c
fffff8b1
fffff870
ffffece7
ffffe494
ffffe78d
ffffec2d
fffff174
fffff272
ffffeba0
ffffdf5b
ffffdb1b
ffffe975
fffff946
fffffacf
fffff168
ffffebff
fffff484
fffff3dc
fffff5ba
fffff34d
fffff8cd
000003e3
000007d0
00000dbe
00000ac5
ffffeee4
ffffe65f
ffffe87a
ffffee89
ffffebba
ffffe315
ffffecfb
fffff070
fffff097
ffffe62b
ffffda40
ffffddce
ffffe910
fffff147
ffffedda
ffffe89e
ffffe2df
ffffde83
ffffea5c
ffffed75
fffff31d
fffff888
fffff75e
fffff7c8
fffff031
ffffec06
ffffe8fa
ffffe6c8
ffffe9f3
fffffdee
fffffc3a
fffff014
ffffe865
ffffea20
fffff321
fffff1bc
ffffef8f
ffffeee9
fffff72e
fffff2d7
ffffe8e6
ffffdf7f
ffffd881
ffffe65f
fffff3bd
fffff67a
ffffe8f2
ffffe928
ffffeb2d
ffffe745
ffffe903
ffffedc4
fffff410
fffffb12
fffffab9
fffff9eb
ffffeac9
ffffe9b5
ffffd878
ffffc795
ffffb684
ffffd111
ffffce84
ffffda96
ffffe03e
ffffec64
fffff2ae
fffff40d
ffffef76
ffffeb73
fffff58a
ffffe647
ffffdaca
ffffdbd0
ffffe5ad
fffff400
fffff51a
fffff44f
ffffe913
ffffe915
ffffedca
ffffecb9
fffff0fe
ffffeed6
fffff296
fffffd9b
fffffb62
fffff599
ffffee39
ffffe5b5
ffffd4fb
ffffc619
ffffcd9e
ffffdf7b
ffffcfe9
ffffcdb3
ffffdfe6
fffffd22
00000460
0000009e
fffff31c
ffffea10
ffffe983
ffffdaa9
ffffd6b8
ffffedeb
fffff446
fffff7f9
fffff181
ffffe821
ffffe77b
ffffe8a3
ffffea20
ffffee43
fffff0f7
ffffe6f3
ffffee41
fffffcc6
fffffaa8
fffff7b2
ffffe907
ffffe69d
ffffd535
ffffe05e
ffffdd00
ffffee14
ffffe78b
ffffe74c
ffffdfa7
fffff1ec
fffffd2b
fffffe4b
fffffdef
fffff29d
ffffe84f
ffffe242
ffffe82f
fffffb7a
fffffcef
fffff4a2
ffffefbe
ffffee81
fffff0a3
fffff026
fffff41e
fffff65f
fffffa3d
ffffee70
fffff455
fffff0cf
ffffec76
ffffe79f
ffffd640
ffffcf54
ffffc03d
ffffc350
ffffd868
ffffd28e
ffffe1d8
ffffe305
ffffeab4
000001d9
fffffa08
ffffef97
fffff593
fffff577
ffffed60
ffffe902
ffffe3be
ffffe5c3
ffffe4e2
ffffe2d3
ffffe456
ffffea25
ffffe727
ffffe6cf
ffffe91e
fffff012
ffffeeb8
ffffe2bf
ffffe819
fffff7af
fffff1ce
ffffe80a
ffffd5cb
ffffc4a9
ffffbfc6
ffffc464
ffffc8ba
ffffc991
ffffd18b
ffffe730
fffff279
fffff4e5
ffffe9e2
ffffe0d6
fffff288
fffff4a2
ffffe48f
ffffe1aa
ffffdc89
ffffd8bd
ffffdeb3
ffffe493
ffffe202
ffffe0d6
ffffdda1
ffffe24c
ffffdfb0
ffffe7cc
ffffe1ed
ffffd514
ffffd5d9
fffff4f4
fffff6f7
ffffe3d8
ffffd66c
ffffc911
ffffc718
ffffcc81
ffffc822
ffffb331
ffffcf22
fffff050
ffffe93d
ffffcd5b
ffffcb5a
ffffc800
ffffdb81
ffffdf91
ffffe21a
ffffd95d
ffffdac1
ffffe43a
ffffe8ab
ffffe7e2
ffffe699
ffffdd7c
ffffd8aa
ffffe4f1
ffffe2a1
ffffe326
ffffdd08
ffffd4f7
ffffd536
fffff1d6
ffffeed6
ffffe11e
ffffd89b
ffffd52a
ffffdd19
ffffd41e
ffffccb5
ffffc424
ffffc93f
ffffeb5a
fffff243
ffffcf0b
ffffc382
ffffbcd7
ffffe2c9
ffffeefd
ffffe7dc
ffffe723
ffffe7d4
ffffe6a8
ffffea12
ffffe3d2
ffffe4f4
ffffe34a
ffffe23f
ffffe728
ffffe5a7
ffffe755
ffffdfff
ffffe358
ffffdde0
ffffeb26
ffffe7e5
ffffdfc2
ffffdc63
ffffdba4
ffffd982
ffffde6f
ffffdc59
ffffca7d
ffffced3
ffffeedb
ffffee34
ffffe13a
ffffc2b6
ffffc105
ffffd369
ffffdf27
ffffea60
fffff48c
fffff995
fffff95b
fffff799
fffff837
fffff861
ffffef96
ffffec2d
ffffe4e7
ffffe2c6
ffffe5c2
ffffdd62
ffffdac0
ffffda22
ffffe912
ffffe31f
ffffe20f
ffffdb04
ffffd584
ffffd206
ffffe10c
ffffe7f6
ffffd2a1
ffffd3e4
ffffda1e
ffffe363
ffffe8f2
ffffc979
ffffcbf4
ffffe37e
ffffd24c
ffffcd90
ffffd84a
ffffe1cb
ffffe4ea
ffffeaf8
fffff6ef
fffff8d0
fffff912
fffff18f
ffffec0f
ffffe7bb
ffffe5b5
ffffdaca
ffffd7a9
ffffdcbf
ffffe843
ffffe161
ffffe263
ffffdda9
ffffd531
ffffce18
ffffd005
ffffdfd1
ffffd66a
ffffd806
ffffd34b
ffffe003
ffffda7d
ffffd580
ffffe012
ffffe5e4
ffffdb51
ffffcbc9
ffffca3b
ffffd055
ffffd4b7
ffffcc12
ffffd5b1
ffffdc48
ffffdfc7
ffffde16
ffffdbc6
ffffdfcb
ffffeac7
ffffda33
ffffdb51
ffffe666
ffffe8cc
ffffe264
ffffe2f0
ffffdc4b
ffffd37c
ffffcc5e
ffffcfa6
ffffd6f4
ffffd605
ffffdc8b
ffffd34e
ffffd5de
ffffd319
ffffe119
ffffe953
ffffe4f6
ffffe389
ffffdfa3
ffffea0d
fffff851
ffffef3e
ffffe161
ffffcf75
ffffcc25
ffffc946
ffffc978
ffffc768
ffffd15d
ffffed1c
ffffe0f2
ffffddb4
ffffeb57
ffffeb85
ffffe376
ffffe467
ffffda14
ffffd155
ffffc7dd
ffffd0f8
ffffda7b
ffffe3d6
ffffe468
ffffe249
ffffdafd
ffffe382
ffffe5eb
ffffe6f6
ffffe52d
ffffe3f4
ffffe278
fffff039
fffffb81
fffff6e8
fffff19e
ffffea24
ffffe59d
ffffdc58
ffffc6ac
ffffc692
ffffd27b
ffffea68
ffffe7bf
ffffdd36
ffffee69
fffff1ea
ffffeca4
ffffeb94
ffffe18f
ffffd8e8
ffffc837
ffffd072
ffffdd65
ffffe374
ffffec3d
ffffdf7f
ffffe0f3
ffffe2b6
ffffe3a9
ffffe7e8
ffffec76
ffffeabc
fffff187
fffff4d5
fffff785
fffff2a1
fffff3c8
fffff3e7
fffff16b
ffffe85d
ffffd236
ffffcddd
ffffdb03
ffffe2ce
ffffe924
ffffdca8
ffffee6c
fffff57a
fffff411
fffff36d
ffffebf8
ffffe67e
ffffd254
ffffcb4f
ffffdbfb
ffffe037
ffffde60
ffffd0bd
ffffd18e
ffffd8cc
ffffe313
ffffda4d
ffffea70
ffffec18
fffff069
ffffee0b
ffffedc8
ffffece0
ffffea3c
ffffead5
ffffe9f9
ffffe98a
ffffdf17
ffffdf0d
ffffea4b
ffffeab4
ffffe7a1
ffffe65a
ffffeff4
fffff4d1
fffff1fb
ffffef4a
ffffed62
ffffecc3
ffffd6d9
ffffc487
ffffca6e
ffffdb37
ffffd2ae
ffffc3a3
ffffca30
ffffce73
ffffda7d
ffffe0e5
ffffecfa
ffffeee5
ffffed67
ffffec3c
ffffec57
ffffed44
ffffe587
ffffe6b2
ffffe649
ffffe9c3
ffffe6a6
ffffe737
fffff29b
ffffeefa
ffffefd1
ffffed1f
fffff1a0
fffff5d7
fffff283
ffffeb3e
ffffec7f
ffffee90
ffffe155
ffffc0d3
ffffbd8f
ffffcb3c
ffffc847
ffffc61b
ffffd5a3
ffffd4f7
ffffd516
ffffed2c
fffff209
fffff331
ffffec02
ffffeee8
fffff08b
fffff2e0
ffffeb05
ffffea7d
ffffea53
ffffe972
ffffe8b4
ffffe570
fffff1f8
fffff85e
fffffa9f
fffff044
fffff298
fffff850
fffff33a
ffffec6c
ffffefb8
fffff5c4
fffff56a
ffffd861
ffffbd31
ffffb926
ffffc66d
ffffd156
ffffda0b
ffffdf7e
ffffd5a9
ffffefab
fffff7df
fffff790
ffffec71
fffff0d5
fffff110
fffff88b
fffff608
ffffeb61
ffffee55
ffffedfe
ffffe8a8
ffffeb03
fffff6f5
000001e2
fffffeb1
ffffedc6
ffffed26
fffffb1d
fffff60c
fffff65e
fffff6aa
fffffb79
00000070
fffff621
ffffd48e
ffffb8d0
ffffbb84
ffffc87c
ffffd3a6
ffffd3d7
ffffcd29
ffffcf96
ffffe41b
ffffe3c5
ffffe1b1
ffffdfca
ffffea56
fffff2ee
fffff248
ffffe396
ffffe3eb
ffffeb53
ffffe929
ffffec4d
fffff9d3
000003df
fffffc93
ffffe723
ffffe50f
fffffbd3
fffffc75
fffffdb7
fffffb93
fffffb8b
fffffe23
fffffc30
fffff335
ffffe4ff
ffffcd0f
ffffc9cf
ffffc5f1
ffffc322
ffffc765
ffffbc38
ffffc714
ffffcb83
ffffe179
ffffebbd
fffff56b
ffffedd1
ffffe223
ffffd7aa
ffffe16e
ffffee62
ffffebe3
ffffe4e7
fffff1e0
00000119
ffffff87
ffffe7a1
ffffe7a3
fffffd36
fffffc19
fffff88b
fffff23b
ffffee5f
ffffeb07
ffffecaf
ffffebb6
ffffe911
ffffee29
ffffd5d1
ffffc974
ffffc11a
ffffd5b7
ffffc93d
ffffbea5
ffffbf94
ffffe7a9
00000751
00000581
ffffed63
ffffd7b0
ffffd8c6
ffffe917
fffff6a2
ffffeef5
ffffe5c0
fffff2c0
00000631
000001a6
ffffed9c
ffffe3d6
fffffba4
000003a0
fffffba1
ffffefe2
ffffe9bd
ffffebcf
ffffed8d
ffffeeb5
fffff1ca
ffffebfd
ffffd7e5
ffffc80d
ffffb9f4
ffffd125
ffffc5fd
ffffc107
ffffd405
ffffea9d
fffff71b
ffffeaf0
ffffdbbd
ffffcbc9
ffffc330
ffffd51c
ffffdc2f
ffffdac9
ffffeda2
0000023b
00000db3
fffff634
ffffe3cb
ffffdec7
fffff9f5
fffff94d
fffff583
ffffea3c
ffffebb0
ffffedb5
ffffe07b
ffffd6cc
ffffe331
ffffe30c
ffffd08d
ffffd644
ffffced4
ffffd828
ffffcd25
ffffc652
ffffdd58
fffff105
fffff3ab
fffff09a
ffffe969
ffffdbc5
ffffbd5e
ffffbcb1
ffffb94d
ffffbe99
ffffe438
fffff780
fffff9c4
ffffeff6
ffffec58
ffffe77d
fffff3a8
fffff4e7
fffff631
fffff0bb
ffffedfe
ffffe8c0
ffffe054
ffffd214
ffffe0fa
ffffd3c7
ffffd834
ffffe2c0
fffff7d3
ffffe92a
ffffde3e
ffffe54a
fffffb16
00000728
0000084e
fffff7ec
ffffe4ba
ffffdcc4
ffffc0c0
ffffc6da
ffffea05
ffffdfbf
ffffd485
ffffdaf8
ffffe2b0
fffff46c
ffffea1e
ffffe2f4
fffff013
fffff390
fffff4f3
ffffee40
ffffea39
ffffed06
ffffef16
ffffea0e
fffff2fa
ffffdfc3
ffffdf88
ffffe7e2
000000d1
ffffea90
ffffeb57
fffff549
fffffdae
fffffd35
ffffefb0
ffffeefe
ffffe4f6
ffffdc8c
ffffd1cc
ffffd6a1
ffffeea6
fffff01b
ffffe460
ffffe334
ffffec3c
fffff3f0
ffffe6f5
ffffe51d
ffffebbb
ffffeafa
fffff0c6
fffff126
fffff333
ffffec57
ffffe5c1
ffffea47
fffff27e
ffffea61
ffffe36f
ffffe88c
fffff89f
ffffe3c8
fffff73d
ffffe80f
ffffe6eb
ffffda37
ffffdd0b
ffffebda
ffffef38
ffffdb58
ffffecd6
ffffe7e6
ffffe5b7
ffffe83e
ffffed26
fffff272
ffffeff4
fffff84f
fffff019
ffffec9f
fffffd14
00000478
0000010f
fffff3b2
ffffe941
ffffe8fc
ffffeb36
fffff17b
fffff17a
fffff069
ffffecf0
ffffef37
ffffec93
ffffe595
fffff050
ffffe81d
ffffe857
ffffe161
ffffe185
fffff4fd
fffff451
ffffe66e
ffffe8b0
ffffea6d
ffffe34f
fffff3b3
ffffffee
fffffc8e
fffff038
ffffefdd
ffffefbe
ffffec06
fffff6a2
ffffed95
fffff2b6
fffff200
ffffec70
ffffdfb7
ffffddd6
ffffe1fd
ffffe9a9
ffffec88
ffffec59
ffffefd1
ffffe7d9
ffffe9fc
ffffef78
ffffeb18
ffffe630
fffff18c
ffffe4c2
ffffe3bb
ffffea34
fffff537
fffff935
fffff53f
ffffe70e
ffffe288
ffffe48b
ffffea82
ffffe445
ffffed39
ffffe990
ffffe467
fffff311
fffff7c3
ffffe72f
ffffeb50
ffffe362
ffffe154
ffffe21f
ffffe818
fffff02e
fffff7b0
fffffa8f
fffff6d7
ffffecfe
ffffe8b3
ffffed70
ffffe7e7
ffffe710
ffffeaf4
ffffe797
ffffe86c
ffffee2d
ffffed57
ffffe9c3
ffffe9da
ffffe9af
ffffe8e2
fffff041
ffffee20
ffffee79
ffffec56
ffffec83
ffffed16
fffff9fb
000009f7
00000a7d
00001115
00000315
fffffe1b
ffffff16
fffffa46
fffffe15
00000433
000001cf
fffffd92
fffffe23
000006c9
000001c2
000002f9
0000022c
00000a85
00000d02
000001ea
fffffc6e
00000517
000009e8
00000d20
0000139b
000011b3
0000069b
00000833
00000730
00000218
00001118
00001223
fffffbec
000010fe
000010c8
00001c52
00001305
00000793
000003d0
000004ee
000005d1
000001b7
0000002f
fffff990
ffffff09
0000173e
00001274
0000072e
00000c08
00000d30
000010d2
000011e6
00000f08
000007d1
00000ccb
0000115a
00001660
0000166b
00000f7b
000015b5
00001ad2
0000112d
00000dc8
00000ce3
ffffe724
fffffdd1
fffffea2
000006e1
fffffefd
fffff285
ffffe184
ffffea54
fffff63f
fffff7be
00000008
ffffead9
ffffe0c5
fffffe24
0000081d
fffffddb
fffff0d6
fffff21e
fffff40f
fffff837
fffff4c5
ffffe70d
ffffebe2
fffffa42
fffffff3
0000003e
fffff977
fffffd8c
00000005
fffff751
fffffbd8
00000381
fffff667
00000a24
0000042b
fffff6f1
fffff74d
fffff3b9
fffff35b
fffff944
0000099e
00002141
00000b5f
ffffeb37
ffffe732
fffff161
000004ca
0000048f
fffffac4
fffff309
fffff02a
fffff97b
fffff84d
fffff937
fffffd6d
000002fb
00000051
fffff6d0
fffff133
fffff1ef
fffff6ea
fffff1be
fffff59c
00000051
fffff9a5
0000077d
fffff609
ffffe627
fffff1f2
ffffeafa
ffffefff
0000077f
00001bfb
00001e08
00000202
fffff0db
fffff65f
fffff27b
fffff5f8
fffffdc5
fffff7e1
ffffe927
ffffe87c
fffffc52
00001020
00000c8e
fffffe12
fffffddd
fffff34a
ffffeca3
ffffeea1
fffff5b0
ffffef7d
ffffe55c
fffff3bc
fffffb42
fffff10f
fffffb11
ffffe9a2
ffffde99
ffffec3a
fffff2cb
ffffdd12
ffffe2af
fffff203
0000176d
00000fe5
fffffea0
fffff98f
fffff027
ffffef04
fffff28a
ffffecbd
ffffe423
ffffe650
00000088
000017a7
000006f7
fffff914
fffff515
fffff246
fffff120
ffffef42
fffff591
fffff21e
ffffe580
fffff1b5
fffffcc9
fffff2bd
fffffe4c
fffff798
ffffeab2
ffffe45b
ffffddff
ffffd688
ffffa81e
ffffc7fd
00000cc9
00001d00
000009fb
ffffe955
ffffec2d
fffff17d
ffffed41
fffff00e
fffff65c
fffff5d8
fffff855
fffffc64
fffff7db
fffffbec
00000134
fffffb45
fffff6a9
fffff7af
fffff539
fffff86f
fffff47a
fffff29d
fffff9ce
fffffe05
fffffd82
000005aa
00000704
ffffe5ab
ffffc5d2
ffffda15
ffffc30d
ffffd3f3
ffffffbc
000011bb
000009c6
ffffe5b2
ffffe16c
000007a4
00000632
fffff4d7
fffff54d
fffff2a6
ffffe522
ffffdf11
ffffe469
000002be
fffffee7
fffff9c2
fffff246
fffff499
ffffeec0
ffffee79
fffff3d1
ffffef72
fffff1fa
00001077
000012a7
00000c03
00002050
000006f3
ffffe561
ffffdef0
ffffe43c
ffffde8b
ffffeff3
0000003d
00000638
ffffedfc
ffffe82f
00000c9c
00000a2e
0000068e
fffffb5d
fffff95b
fffff967
fffffa90
fffffd69
00000bca
00000276
0000036f
fffffe0c
000000c9
fffffc14
fffffbce
0000022d
000006a0
fffffc4f
00001b59
0000207c
00000826
00000825
0000329f
00001b21
fffff4ae
fffff159
ffffee15
ffffeab0
fffff2b3
fffffdc3
fffff0a1
fffffe66
fffff857
000012fb
00000c5d
0000061e
000003f9
00000fc2
00001e4d
00000fe6
00000a3a
0000078f
00001ba3
00000e7b
00000fd7
00000e72
00000b15
00000e22
00001c12
00001098
00000815
000006f5
fffff741
ffffec9e
00001ff3
000032ed
00000924
ffffe954
fffff25f
fffff66f
fffffd75
fffffc25
ffffe694
ffffe4ad
fffff333
0000229a
00001d6e
fffff94d
ffffdcfe
fffff37f
0000012a
fffff0be
fffff133
fffff8b2
0000082e
00000357
000002fd
0000069e
000008ae
fffffe50
00000640
00000a6c
fffff949
fffff1af
ffffec83
ffffe67b
fffff5cf
000016c4
000010e0
fffff2ff
ffffec1e
000006e2
000007a4
fffff828
ffffeed0
fffff056
00000711
0000293c
0000123e
ffffeb8d
ffffcecc
ffffca74
ffffcfac
ffffd18c
ffffd5e9
ffffd30c
ffffd4b0
ffffdc39
ffffe2c0
ffffe5f3
fffff082
ffffe16e
ffffd97e
fffff4fe
fffffc4e
fffff8e4
fffff18d
ffffed68
ffffed4f
fffff2e1
fffff837
fffff34f
ffffee26
fffff398
fffff859
fffff62f
0000046e
00000fa4
00002a57
00002321
ffffe169
ffffeb90
ffffebc9
ffffe3d7
ffffe9d7
ffffe6e3
ffffd634
ffffbf53
ffffc18d
ffffd713
ffffe129
ffffddbe
ffffe687
ffffe1e1
ffffe110
fffff3a0
fffff8db
fffffaee
fffffd78
fffff7b8
fffff856
fffffd0c
fffff8a9
fffffb22
fffffaac
fffffb47
fffff428
00000bdf
000016b8
00001cc4
00003195
000014a4
ffffe6c6
ffffd876
ffffec8b
000003a3
0000038b
fffff9cf
ffffecfc
ffffd806
ffffcca7
ffffdd4d
fffff155
ffffe846
ffffe126
ffffea61
ffffecfb
fffff8df
fffff0ee
fffffde3
ffffff2c
fffff776
fffffe41
0000056c
fffffff2
fffffa67
fffff885
fffffda5
ffffdf2d
fffff571
0000156f
000019ba
00001d44
0000141f
000007b7
fffffde0
00000343
00000a61
fffffd9d
00000248
00000030
ffffee64
ffffe5c9
ffffe1fb
fffffd74
fffffcd5
ffffe6df
ffffe73a
ffffef4f
fffff9dc
ffffec4a
fffffd30
fffff5ec
fffff74d
000006e2
00000442
fffffe08
fffffe13
fffff31e
fffff87f
ffffdb57
ffffe3b8
000010e6
00001b1c
000015cc
00000f31
000009cc
00000d32
00000d17
00000720
0000017d
00000a28
000011b0
000007b2
fffff839
ffffe580
ffffe84e
fffffb9f
fffff8c7
ffffe796
fffff2b1
ffffff8c
ffffede0
fffff9c2
fffff260
fffffbba
00000de9
00000495
fffff804
fffff840
ffffefab
ffffe4ba
ffffdb2f
ffffe28a
ffffffd5
000010d1
000013be
ffffffac
fffffc1b
00000896
0000062b
0000007f
fffffabd
fffffd18
000004fd
00000d18
00000af2
00000085
ffffe924
ffffe6eb
fffffa54
ffffed76
fffff338
00000344
ffffee2c
fffff6bf
fffff68e
fffff981
00000463
00000617
fffff93a
fffff52a
ffffefed
ffffe575
ffffe2b2
fffff048
ffffe892
00000aff
0000156b
000001d8
fffffbd3
ffffff55
fffffda9
fffffe0e
fffff4d5
fffff5bb
fffff91b
000002f4
00000752
000003c4
ffffeb24
ffffdf04
ffffecb8
ffffed1b
fffff8a9
000006c4
ffffea42
fffff216
fffff075
fffff2f6
fffff60b
00000253
00000082
fffff9c2
fffff3b0
fffff132
fffffc01
00000ae2
ffffe446
ffffefad
00001148
00000f8f
00000314
fffffe97
fffffc9d
fffffc52
fffff8d2
fffff98a
fffffdc9
fffffa4c
000000ae
000003d3
ffffee58
ffffe01a
ffffe9a5
ffffed99
fffff658
0000030d
ffffedf4
fffff62f
fffff083
fffff286
fffff7e5
0000039d
00000b5d
fffffff0
fffff697
fffff93f
fffffd1c
000005c1
ffffe8b1
ffffd9ab
000000a3
0000042b
00000205
00000121
fffffb47
fffff99e
fffffae5
fffff918
fffffddc
fffffcda
fffffd68
000004ee
ffffeb3e
ffffe44e
ffffefe1
ffffeddf
fffff150
fffffd11
ffffeafa
fffff84a
ffffef83
fffff35d
fffff7e3
fffffacc
00000337
00000db9
00000e7c
0000062f
fffff99d
fffff908
fffff162
ffffef2d
fffff351
fffffb00
fffffdd9
00000640
ffffffed
fffffba8
fffffeda
fffff746
fffff71f
fffffc78
fffffe40
fffffe4b
fffff0de
ffffee36
fffff0a3
fffff237
fffff6eb
0000031e
ffffe799
ffffecff
ffffeee5
fffff94d
fffff6bd
ffffeef0
fffff529
00001379
000013ba
000014fa
00000d0a
fffff6ce
ffffec83
fffff8cf
fffffdb6
fffff516
fffff09d
00000198
0000046e
00000250
00000195
fffffcf8
fffffbf5
fffffb0e
fffffe67
00000036
fffff563
ffffefd3
fffff46e
fffff5fb
fffffcbe
00000913
ffffeb04
ffffef8e
fffff33f
fffffb11
fffff506
fffff2cd
ffffed9b
000001af
00001c4d
00002dc7
00001b71
000001fa
ffffea4d
fffff213
ffffee3c
fffff10b
ffffe908
000000e8
00000fbe
0000104e
00000049
ffffff4a
0000075c
000001e9
0000008d
ffffff16
ffffee69
fffff381
fffff77c
fffffe6f
0000060d
00000b26
fffff10c
0000017f
fffff9e4
fffff830
fffff403
fffff6d7
fffffa21
fffff5af
ffffffd7
00001355
0000094c
0000023b
fffff4fd
ffffe64b
ffffd9cc
ffffeb46
fffffe52
000000d3
ffffffce
00000f0a
fffffc79
ffffe3fb
fffff871
00000b7e
fffffe66
fffff8f2
fffff947
fffff790
fffff84c
fffffeb2
000002a7
00000799
fffff83c
00000525
fffffdb6
fffff951
fffff5c9
00000038
00000184
fffff546
ffffe404
fffff355
fffff13d
00000b8c
00000df4
ffffff6e
fffff36d
fffff50f
ffffffd0
fffffdcf
fffff6db
fffff998
00000989
fffffb39
ffffee29
00000394
0000003c
fffff800
0000063a
00000266
00000514
ffffec99
ffffeec3
fffffdd7
fffff9b7
000006ca
fffff8c5
fffff29f
fffff497
fffff4c2
fffff2c6
fffff3cc
fffff421
ffffedc6
ffffe6ab
fffffb43
0000156a
00001c35
00000dbe
ffffe933
fffff67b
00000469
fffff63d
ffffe359
ffffeb71
00000479
ffffeaf4
fffff808
00000573
fffff3c7
fffffdd2
ffffff88
000009cc
ffffef54
fffff36e
fffff57f
fffffd5a
00000259
fffffe2c
fffffcd5
fffff5bf
ffffec32
ffffeec6
fffff8ac
00000e9b
000004b6
ffffeec4
fffff1f9
0000086b
00001bb6
00001437
fffff872
00000063
fffffa71
ffffe865
ffffe2bd
ffffebd9
fffff4ff
ffffe88b
ffffeb50
fffffeeb
fffffbf6
fffffba7
ffffdff5
ffffeb30
fffff40b
fffff235
fffffabe
fffffa1f
0000013e
000002ec
fffffcfa
fffff8bc
fffff98e
fffffe28
fffffab0
fffffbc5
ffffec33
ffffead7
ffffea8b
fffff46d
0000002e
000006ea
00000e03
ffffec3c
ffffecef
fffff496
fffff098
fffff8c6
ffffea41
ffffe5c9
fffff531
ffffe7fd
fffff414
fffffc51
ffffea27
ffffe391
fffff4c4
fffffcba
00000412
fffff134
fffffe67
00000787
00000d1c
00000936
00000271
fffff46a
ffffec13
ffffecff
ffffebcb
ffffea5c
fffff1bd
ffffef29
ffffe462
ffffe688
ffffedc8
ffffe46e
ffffe874
fffff88f
fffffd52
fffff644
fffff6bb
fffff57f
fffff2e8
ffffe9fc
fffff95a
000008d1
fffff8a9
ffffe9b2
ffffed2d
ffffff61
00000058
fffff3a4
ffffff0b
00000189
fffffa34
fffffb56
ffffee86
ffffe36f
ffffdd89
ffffecd5
fffffd79
fffffca9
fffffb4a
ffffefb4
ffffdb56
ffffda51
ffffe61c
ffffeefc
ffffef97
ffffea72
ffffe607
fffff433
fffffa3d
ffffe3cb
ffffc94b
ffffe342
ffffecd9
ffffe420
ffffedf3
fffff513
ffffee00
ffffecdf
fffff010
ffffeb5c
ffffebdb
ffffee0f
ffffede8
ffffe976
ffffe3fb
ffffe36c
ffffeae8
ffffe599
fffff9c8
fffffd8e
fffffef3
fffff09a
ffffe78b
ffffe17c
ffffe439
ffffeab3
ffffea32
ffffe452
ffffe819
fffff0b8
000001f6
fffff15e
ffffdf36
ffffec50
ffffebe7
ffffd039
ffffde16
ffffed34
ffffdf34
ffffe36b
ffffeebe
ffffffd5
fffff9fb
00000038
fffffbb7
ffffef4a
ffffeac0
ffffec81
ffffece8
fffff86a
fffff9e3
fffffea5
fffff896
fffffaa9
fffffdda
fffff90b
fffff4b1
fffff6bb
fffffbe7
ffffffe6
fffffc98
fffffda9
fffffd65
fffffc29
fffffebe
ffffffd0
fffff390
fffff451
fffffd5f
00000452
fffff99a
ffffee34
ffffe7ea
fffff405
ffffdc30
ffffde9e
ffffe01e
ffffdd3a
ffffd36a
ffffcc28
ffffd8c2
ffffd2dc
ffffd38e
ffffd4cd
ffffd41a
ffffd34e
ffffd6bd
ffffd81c
ffffd3c0
ffffccc8
ffffd300
ffffd3a3
ffffd346
ffffcff8
ffffd235
ffffd021
ffffd4ac
ffffd934
ffffde92
ffffde78
ffffdcec
ffffd58d
ffffceb8
ffffd928
ffffeaf8
fffff279
ffffef32
000000cf
000002ad
0000059d
fffffb03
fffff8f7
fffff880
fffff169
fffff8b8
fffff267
ffffe19a
ffffd871
ffffeb86
fffff8f3
ffffef5b
fffff05c
fffff043
fffff537
ffffeae8
ffffe04d
ffffe6f4
ffffebc3
ffffef24
fffff5a3
0000041e
ffffffe1
fffff6cf
ffffef34
fffff010
ffffff8a
00000829
fffff476
ffffee82
fffff8f1
fffffb4d
ffffff9a
00000198
0000116b
00001068
00000bb9
0000155e
000007dc
fffff654
ffffee06
fffff4f9
fffffe7f
fffffe91
fffffba2
00000b05
00001157
00000770
fffff7fe
fffff5ef
00000050
fffffa01
fffff726
fffff7b9
fffff997
ffffe841
ffffe65d
fffff6cb
000008d3
00000455
ffffeb64
ffffdf0d
ffffe6b2
fffff105
fffff6e0
ffffeb07
ffffe883
0000071d
000029b0
000012f4
00000b91
00001033
000000b8
fffffafb
ffffeff0
ffffecac
fffff0d8
000002d1
000003a6
fffffcac
fffff295
ffffee1f
fffff2b0
ffffec91
ffffeadd
fffff36d
fffff09f
ffffe686
ffffe1d8
fffff203
00000611
fffffaca
fffff07b
ffffea56
fffff17e
fffff546
ffffe1c1
ffffcb83
ffffe1b6
00000e18
00000b33
ffffe4a8
fffff634
00001315
00000646
fffff9f9
fffff87a
ffffed07
fffff3a2
fffffa5d
ffffee58
ffffe9ab
ffffd658
ffffe4db
fffff5e8
fffff6e7
fffff8d0
fffff718
fffff61a
fffff090
ffffed7e
fffff17c
0000063c
fffffe53
fffffd32
ffffefce
fffff00b
ffffea53
ffffd4eb
ffffd8c8
fffff253
ffffd316
ffff98ee
ffffa470
ffffd54f
fffff984
00000e4f
00000c68
000005a5
fffff970
fffff886
fffff53c
ffffed4b
ffffe871
ffffd87f
ffffe8aa
000000b5
0000066e
ffffffc8
fffff796
fffff60a
fffff295
ffffec09
fffff229
00000763
00000219
000007d5
fffffac9
ffffffd0
fffff2df
ffffe9f0
fffff43a
00001ee8
ffffb23c
ffff7771
ffff87ee
ffffc269
ffffeddd
00001191
00001ee4
00001166
fffffff4
fffffcd2
fffffe79
fffff5a1
fffffb28
ffffff38
00000811
00000613
00000942
0000043c
0000031f
000005e5
00000264
fffffba7
fffff7b4
00001028
0000054b
fffffe2f
00000546
000008aa
fffff8ce
00000244
000039ad
000016bf
ffffc228
ffffb2e5
ffffb5c5
ffffcf28
000007c4
00002ada
000028c3
00001bce
00000f3a
00000fbe
000009f9
fffff857
fffff911
000009c4
00000c5f
00001532
000010c3
0000072a
00000516
00000f07
000017a5
0000075e
000002f6
000018fc
00000d22
ffffeda2
ffffef3c
fffffb6d
fffffe07
00000b34
00001a78
000005c8
fffffc14
ffffeefc
ffffec1b
fffff436
00002c17
00001a21
fffffff9
000029ba
0000257f
00001b8e
00000ff8
00000248
fffff7e7
00000828
00001069
fffffbd3
000001b4
00000080
000000db
00000f2c
0000086c
00000a06
0000013f
00001201
00001f4f
ffffe53e
ffffe6bf
ffffe62e
ffffdd65
fffff6ac
ffffdf6f
ffffb539
ffffcc11
fffff899
000000b8
00003787
00003581
ffffda40
ffffdd42
00001f28
00003be2
00001d58
ffffe72b
ffffd071
ffffd3dc
ffffe714
ffffe8d0
ffffdc35
ffffda3a
ffffd074
ffffe168
ffffeef2
ffffe4be
ffffeafb
ffffe136
fffff661
000013fc
fffff1e7
ffffe37c
ffffe2ac
ffffd8ab
ffffdc96
ffffc36c
ffffb61d
ffffbd68
ffffb7fb
fffff9a0
00003c0b
fffffc1d
ffffac99
ffffafe1
ffffcb98
00001db1
00002dfd
ffffed46
ffffc726
ffffcbbd
ffffd925
ffffdc4b
ffffd41f
ffffd129
ffffc7ce
ffffd002
ffffd5b2
ffffd89f
ffffdef8
ffffd37b
ffffead6
00000087
ffffef57
ffffe561
ffffeb46
ffffe326
ffffce97
ffffc5a9
ffffda9b
ffffc146
ffffbc50
fffff845
00000a4b
ffffeb3a
ffffe477
ffffc168
ffffa1d2
ffffbee1
00000e03
000030bc
0000218d
0000025f
fffff399
ffffec41
ffffd8e1
ffffd189
ffffcd00
ffffd17b
ffffcced
ffffdf15
ffffe0db
ffffe4c4
ffffe767
fffff963
ffffebf5
ffffdce2
ffffe410
ffffd7ad
ffffc785
ffffd98b
00000b04
fffff19d
ffffe06a
ffffdd2e
ffffecee
ffffee40
ffffed70
ffffe5a6
ffffa23c
ffff7c37
ffffb5d9
fffff4f2
fffff8a7
fffffadc
0000054b
00000594
ffffffa7
0000069f
fffff70e
ffffecd5
ffffd843
ffffd674
ffffd868
ffffe63f
ffffe40b
fffff306
ffffe527
ffffddf9
ffffe981
ffffddaf
ffffda75
ffffeef3
00001869
fffff15c
ffffd8f7
ffffdc2c
ffffec6e
ffffe78d
fffff923
ffffd702
ffff81a3
ffff5fc6
ffff9174
ffffb4f2
ffffbd0c
ffffc69f
ffffc4a0
ffffc959
ffffe3f2
ffffeb9c
ffffeb7c
fffff9fd
00000d48
ffffe692
ffffd8c4
ffffdfe8
ffffe020
ffffec74
ffffe1d1
ffffd22f
ffffe1ff
ffffe3a5
ffffe39a
fffff757
00000a75
ffffef01
ffffe6ff
fffff25e
ffffe766
ffffe7fb
ffffea8e
ffffc0c6
ffff8616
ffff9aa5
ffffbaa4
ffffbfb8
ffffc30a
ffffa39c
ffff9bf1
ffffab35
ffffb24b
ffffb969
ffffb096
ffffc5d6
fffff7eb
00000593
ffffdfef
ffffe25e
ffffe36b
ffffe96e
ffffda7c
ffffce07
ffffdeee
ffffda94
ffffdfe4
fffff15c
0000095b
fffff8fe
fffff1c5
00000248
fffff8bb
ffffddd3
ffffcd3d
ffffac6d
ffffb297
ffffcd46
ffffd1be
ffffcd45
ffffbe5e
ffffb356
ffffc5c3
ffffcc67
ffffc047
ffffbf37
ffffa6f2
ffff98c1
ffffc167
fffffc13
ffffe6d9
ffffeb51
ffffdf77
ffffeab4
ffffe578
ffffd9b0
ffffe08d
ffffd4b2
ffffd5cf
ffffe400
000003f4
00000ccb
000001ae
fffffc7b
000001f9
fffffd62
ffffe2b8
ffffb255
ffffc7bc
ffffe8b8
ffffdf46
ffffc798
ffffc395
ffffc764
ffffd6f8
ffffd59c
ffffd65c
ffffd539
ffffca4b
ffff9c1c
ffffab91
ffffcde4
ffffeb0d
ffffe805
ffffe2fa
ffffe053
ffffe91b
ffffdac6
ffffda16
ffffd841
ffffd366
ffffde5b
fffff982
00001466
00001501
ffffee9b
ffffedcc
000006b0
fffff96f
ffffd0a9
ffffc4ff
ffffe52f
ffffd26c
ffffcda1
ffffca02
ffffdbaa
ffffe087
ffffe421
ffffe387
ffffeb1a
ffffe1d6
ffffbe7b
ffffb643
ffffc6cf
ffffce0a
ffffdf91
ffffe449
ffffe4b8
ffffec1f
ffffdc7c
ffffd535
ffffcdf9
ffffd17f
ffffdd71
fffff28b
00000a5a
00000c90
ffffebc0
ffffcad3
ffffc56b
ffffe7d4
fffff892
ffffe51c
ffffe59a
ffffda1d
ffffd3bd
ffffd33c
ffffd9c8
ffffdd48
ffffde55
ffffe14f
ffffdd45
ffffdc61
ffffc7d1
ffffc68b
ffffd4ef
ffffb810
ffffcaa6
ffffe7bf
ffffebc0
ffffef57
ffffe01d
ffffde02
ffffd6ab
ffffca50
ffffdbd4
ffffee87
fffff4e7
00001ad7
00001007
ffffca02
ffffad5a
ffffd54b
00000a10
00001f12
00000aa2
ffffe0e6
ffffd6b0
ffffdb54
ffffd721
ffffdc51
ffffe27b
ffffe1de
ffffdc38
ffffda4c
ffffd071
ffffdd8e
ffffe79e
ffffc913
ffffd2cc
ffffef27
fffff1e4
ffffe9e1
ffffda1a
ffffe44d
ffffe3f1
ffffdf13
ffffe298
fffff1fa
fffff24f
00001704
00002810
00000187
ffffbbae
ffffbf42
fffffd83
000049de
00003138
fffff7b8
ffffe283
ffffe478
ffffe8ad
ffffeec9
ffffe8ca
ffffe6ce
ffffe734
ffffe3f9
ffffdefd
ffffdc0a
ffffe880
ffffd48c
ffffdea3
fffff7a3
fffff676
ffffebc3
ffffda7f
ffffe716
ffffec42
ffffef6d
fffff579
fffffe7d
fffff8ea
ffffe69b
00001468
00002f5b
ffffe1ee
ffffbfa5
ffffd37d
00000d32
0000314c
00001861
fffff5d5
fffff7bd
fffffc7a
00000458
fffff39f
ffffe564
ffffe774
ffffdc0f
ffffdcea
ffffd7ee
ffffe827
ffffdaf5
ffffdcb8
fffff94a
fffffcf0
ffffed46
ffffe771
fffff79d
fffff7c5
fffff7e1
fffff8cb
ffffffb6
fffffc46
ffffe62c
ffffe87f
0000126a
00001fea
ffffdcda
ffffa7d0
ffffb682
ffffeffd
000004bf
fffffb5a
fffff28b
fffff5b4
00000382
fffffb67
ffffe241
ffffe436
ffffdb2c
ffffdd71
ffffe682
fffff3ae
ffffec8b
ffffe4e4
fffffde3
0000020b
fffff29c
fffff951
0000061f
fffffd9f
fffff724
fffff106
fffff138
ffffe9e3
fffff36e
ffffe82d
fffff2be
00001792
fffff2a7
ffffe9b7
ffffb710
ffffa7dd
ffffb9ad
ffffe035
ffffed84
fffff953
00000d4f
00000cff
fffff221
ffffe39b
fffff1a0
ffffe2f9
ffffe614
fffff984
00000072
fffff39f
fffff7db
00000dae
fffffdbc
ffffeff6
fffff967
000000e3
fffff8fa
fffff188
ffffeff0
ffffea6f
ffffef7f
ffffd9d7
ffffe571
ffffffe8
ffffff12
00000c56
ffffe8f8
ffff9eb9
ffff90c2
ffffcd30
ffffefcf
fffff4da
fffff575
00000470
000009d6
00000735
00000da6
fffffd12
ffffdc35
fffff231
000002d5
fffffdf8
00000957
00000f8b
fffff800
fffff7b8
00000ce2
000011ef
00000508
fffff7ef
fffff6df
fffffc7d
fffffb7a
fffffc25
ffffe44a
ffffecf1
fffff3a8
ffffed76
ffffee64
ffffd14b
ffffc741
ffffef4d
ffffedd5
ffffd829
ffffc823
ffffd88c
fffff5dc
00000e93
00001832
00001990
fffff882
00000328
fffff521
fffff8ab
000009ce
00000362
fffffc8c
ffffef29
fffffd56
fffff7b6
00000122
fffffe6a
fffff26b
fffff2d2
fffffde4
00000b8e
00000b39
ffffefc9
ffffd762
ffffc8e2
ffffd9c9
ffffecd9
000004df
fffffb75
00000093
fffff847
ffffeacd
ffffc9ae
ffffd3ad
ffffe1ee
000004f2
00001af8
00001e21
000017bb
ffffff2a
fffff631
000008c4
000002ad
ffffefd4
ffffd91c
ffffef50
00000368
000003fa
fffff276
fffff8e6
000009b7
ffffff69
00000655
000002b4
ffffe0f8
ffffcd73
ffffc37d
ffffc90c
ffffd06c
ffffeaee
000014a2
000022b3
00000c53
ffffea74
ffffb8a6
ffffbde9
ffffda7f
ffffd6da
ffffe2a8
000002a6
00002237
00000a2b
fffff2df
00000a65
fffff72a
fffffc95
ffffeda6
ffffeb5c
ffffeb7d
ffffee56
fffff219
0000038b
00000c59
000006c2
000005d3
fffff1f7
ffffdd2f
ffffd475
ffffe34d
ffffe303
ffffd2cd
ffffd93f
ffffef90
00000112
00000bc6
0000041c
ffffeb39
ffffd683
ffffe5f8
ffffd888
ffffc387
ffffbf6c
fffffa75
000001e2
ffffe696
fffffca8
fffffa79
fffffac4
ffffe6e6
ffffe1d0
ffffda69
ffffd1c1
ffffcf78
ffffe9e1
ffffed7e
ffffdb20
ffffe412
ffffea80
ffffdd23
ffffdf84
ffffe7b7
ffffeef4
ffffe32a
ffffcb9d
ffffb234
ffffc9e8
ffffd598
fffff93b
00000a78
fffff91a
fffff1a6
fffff127
ffffd523
ffffdd6d
ffffd4ad
ffffd979
ffffdfd9
ffffeb08
ffffed7c
ffffe818
fffff24f
fffff9dd
ffffe4dc
ffffe1c4
ffffe6da
fffff854
fffffa65
ffffdf4b
ffffdd49
fffff02b
ffffeff6
ffffe851
fffff237
ffffe7de
ffffed29
ffffe566
ffffdc60
ffffe082
ffffeca0
fffff50f
fffffbaa
0000016f
fffff821
ffffed02
fffff8a1
ffffffb3
fffff9cf
ffffe01c
ffffe091
fffff998
000001de
ffffe39a
ffffecf5
fffffbe0
fffff414
fffff92e
fffff7cd
ffffe932
ffffe7a2
ffffed24
ffffddac
ffffd6ae
ffffea25
fffff261
fffffcda
fffff948
fffff842
ffffffc3
ffffffcb
000002a7
fffffe02
ffffec34
ffffe469
fffff670
fffff661
ffffe811
ffffe94b
fffff0ef
fffff41d
fffff4a1
fffff239
fffff3eb
ffffe881
ffffec9d
ffffd2c1
ffffd0b9
ffffcafa
ffffc9bf
ffffcd3f
ffffcf34
ffffced8
ffffc9bb
ffffcbe8
ffffcd43
ffffcaa1
ffffd067
ffffd1b7
ffffd005
ffffd1ea
ffffcf0e
ffffcfed
ffffd4eb
ffffd41f
ffffd076
ffffcd6c
ffffc77f
ffffcbf5
ffffcb2b
ffffc915
ffffc725
ffffcbcc
ffffd308
ffffc87a
ffffcaad
ffffd949
ffffe254
ffffcdcd
ffffd0cf
ffffcac4
ffffbd69
ffffbb20
ffffbce6
ffffbdbb
ffffbd49
ffffc2f6
ffffc215
ffffb49f
ffffbe60
ffffca97
ffffc804
ffffbdda
ffffc45d
ffffcff4
ffffd31a
ffffcbaf
ffffc473
ffffc4b9
ffffc524
ffffcd0d
ffffce82
ffffc9ce
ffffc86d
ffffc9ae
ffffcb22
ffffc866
ffffc946
ffffdb07
ffffe943
ffffd0ec
ffffd87f
ffffcf16
ffffc34c
ffffab36
ffffa072
ffffa782
ffffc3d6
ffffcbc0
ffffc1ad
ffffb10c
ffffbbf3
ffffd018
ffffd2ed
ffffc802
ffffc6dd
ffffd599
ffffd25a
ffffce52
ffffc72e
ffffc784
ffffc688
ffffd10e
ffffd24c
ffffcce8
ffffcc8c
ffffc972
ffffcd59
ffffd925
ffffd269
ffffd944
ffffe5c7
ffffc6ae
ffffcaaa
ffffbc76
ffffacf1
ffff8dd9
ffff973b
ffffbd1a
ffffda80
ffffd47c
ffffc45e
ffffbff2
ffffb594
ffffc465
ffffcd9f
ffffcc7b
ffffcc55
ffffc5c4
ffffc443
ffffc27c
ffffbe37
ffffb3c9
ffffbebb
ffffbfc1
ffffc3ab
ffffbb92
ffffbfa6
ffffc416
ffffc5c9
ffffc891
ffffc45a
ffffd8a5
ffffef91
ffffcf27
ffffc5eb
ffffb654
ffff9e0a
ffff9362
ffffb706
000000d0
fffffb6b
ffffdf8f
ffffcfac
ffffd20a
ffffc8b0
ffffc3f4
ffffc5a2
ffffcdb3
ffffcff6
ffffc830
ffffc6cb
ffffc570
ffffc710
ffffba17
ffffc739
ffffc689
ffffc058
ffffb806
ffffbda3
ffffbff8
ffffc02b
ffffbfdc
ffffc186
ffffd4b9
ffffed47
ffffca0d
ffffb544
ffffa168
ffff8e30
ffffacff
ffffe4ea
fffff40b
fffff1fc
ffffb9d8
ffffbfd7
ffffc996
ffffce88
ffffbe95
ffffb942
ffffc09d
ffffc553
ffffbdc9
ffffc1b4
ffffcd0e
ffffd0e8
ffffcb89
ffffc173
ffffc1f3
ffffb7b4
ffffb58c
ffffb90f
ffffc136
ffffbb1d
ffffbd28
ffffbda8
ffffd6ca
ffffe41a
ffffbce2
ffffa428
ffff97c3
ffff96a3
ffffb64e
fffff47e
ffffdf92
ffffe393
ffff9a4a
ffffa114
ffffb522
ffffcbe8
ffffc01c
ffffb07e
ffffa743
ffffad70
ffffa59e
ffffaf16
ffffb5b6
ffffb3ab
ffffb1c9
ffffb103
ffffb10a
ffffae69
ffffacab
ffffa97d
ffffb49d
ffffb22e
ffffb781
ffffb2bd
ffffd2ab
ffffdd25
ffffb3c1
ffff9920
ffffac68
ffffbc54
ffffec46
ffffd503
ffffd9a6
ffffb594
ffff851b
ffff9562
ffffbb04
ffffc75a
ffffb865
ffffb895
ffff98dc
ffff992b
ffff95ad
ffff98b5
ffff9ed2
ffffa981
ffffae05
ffffb4ee
ffffae47
ffffaa67
ffffa6c5
ffffaa98
ffffafce
ffffa69a
ffffabd3
ffffb1a0
ffffd475
ffffecd1
ffffc127
ffffaac2
ffffbbe9
ffffdb43
ffffda00
ffffce93
ffffb33a
ffff86f4
ffff7d7a
ffffa7b0
ffffda44
ffffdd64
ffffc776
ffffb99a
ffffa26c
ffffa188
ffffaad1
ffffa60f
ffffac5d
ffffb320
ffffc35c
ffffc056
ffffc799
ffffb70d
ffffb423
ffffb6be
ffffb502
ffffb1ae
ffffa965
ffffbdac
ffffdb89
ffffecf9
ffffc83e
ffffcbd3
ffffdd3a
ffffdfb9
ffffe0b8
ffffe725
ffffbaaf
ffff8acd
ffff7dc0
ffffc4a3
ffffddfb
ffffd7de
ffffd5af
ffffb830
ffffab56
ffffb472
ffffb9f1
ffffc3db
ffffc971
ffffc98e
ffffcfb3
ffffd25a
ffffdc3d
ffffd980
ffffd43f
ffffd05a
ffffd4cf
ffffd6b5
ffffc7ec
ffffe08e
ffffe6e5
ffffe98f
ffffc96c
ffffc952
ffffdf70
ffffccb2
ffffe6e1
fffffa39
fffff05d
ffffc4e9
ffffb69c
ffffcef1
ffffca00
ffffd4cb
ffffdfae
ffffd0e8
ffffc31f
ffffc1dd
ffffa16b
ffffaf4c
ffffbf65
ffffc27e
ffffc9ad
ffffc8f6
ffffcbc0
ffffce19
ffffd2d0
ffffd840
ffffd81e
ffffd599
ffffd568
ffffe6a1
ffffe8ed
fffff21f
ffffccef
ffffb76a
ffffc0ce
ffffb6b3
ffffc542
ffffd83f
fffff075
ffffdb13
fffffbab
ffffd072
ffffc058
ffffc8b0
ffffd984
ffffe3fd
ffffd544
ffffd756
ffffcce6
ffffb979
ffffc008
ffffbbda
ffffa99d
ffffa6cf
ffffa8a0
ffffb6cd
ffffbab4
ffffbad7
ffffc3c1
ffffc28a
ffffbe97
ffffca45
ffffd676
fffff5eb
ffffc65a
ffffb4ca
ffffc2b8
ffffb7ff
ffffa5a2
ffffbd16
ffffd3fe
ffffdddc
ffffda4a
ffffd7df
ffffc02f
ffffbe50
ffffdf15
ffffe6ea
ffffce96
ffffcaad
ffffd01a
ffffcde3
ffffdbb4
ffffd982
ffffd0b4
ffffc245
ffffba74
ffffb203
ffffbb62
ffffb53f
ffffb5e2
ffffbeeb
ffffb980
ffffbaf6
ffffd5cb
fffff6f8
ffffcd98
ffffb599
ffffc03a
ffffb6b5
ffffa716
ffffb77b
ffffbc06
ffffc0f0
ffffcb15
ffffccd2
ffffc14d
ffffcd2d
ffffd064
ffffc2ae
ffffb6dd
ffffaba6
ffffbd56
ffffe5ec
fffff3c8
ffffdd06
ffffcf3b
ffffc557
ffffc88d
ffffc517
ffffc212
ffffbb1e
ffffb629
ffffbe27
ffffbb6c
ffffbd92
ffffd963
fffff604
ffffce20
ffffbdd0
ffffc859
ffffb80e
ffffa958
ffffaed5
ffffbea0
ffffb961
ffffd0a6
ffffce51
ffffca6f
ffffc08b
ffffcb57
ffffbef9
ffffa741
ffffa03b
ffffbe76
ffffd733
ffffd992
ffffd2e0
ffffc172
ffffbfdb
ffffcb5b
ffffd594
ffffce2d
ffffcf9b
ffffc3a9
ffffbcef
ffffb74b
ffffc42c
ffffd9c0
fffff027
ffffcb87
ffffc35d
ffffc56e
ffffad41
ffff9a00
ffffaddc
ffffbd5d
ffffb2ac
ffffd67c
ffffd8e1
ffffc384
ffffbfdd
ffffbfb9
ffffb633
ffff9a1a
ffffa908
ffffbd14
ffffba8a
ffffc37a
ffffb6a4
ffffafab
ffffb51a
ffffb299
ffffafa4
ffffb9f2
ffffc729
ffffde13
ffffc4cb
ffffbb94
ffffbefe
ffffd6cd
ffffea7f
ffffc27a
ffffbb7b
ffffb8ab
ffffa7f1
ffff929b
ffffa9bb
ffffc47a
ffffaead
ffffc076
ffffcf0e
ffffcd73
ffffba06
ffffc38a
ffffb269
ffffac7a
ffffb368
ffffb1b9
ffffb2f0
ffffabc9
ffffab8b
ffffad13
ffffadc8
ffffb16c
ffffa651
ffffaa03
ffffaf2f
ffffd3cf
ffffc42e
ffffbf6d
ffffba9b
ffffd224
ffffeb0c
ffffc384
ffffb61f
ffffb45b
ffffa7e5
ffff94e1
ffffa914
ffffc75b
ffffb49a
ffffc320
ffffe205
ffffd1f8
ffffaff0
ffff9f53
ffffa4d5
ffffb32b
ffffb537
ffffb069
ffffb8f1
ffffb394
ffffb688
ffffb292
ffffb168
ffffb738
ffffb16c
ffffb0d6
ffffac87
ffffcb40
ffffc32a
ffffbaa9
ffffba85
ffffd072
ffffeb30
ffffc4ed
ffffb950
ffffb387
ffffafa3
ffff96cd
ffffa11d
ffffc2c9
ffffbacc
ffffd0fc
ffffee0f
ffffdfb1
ffffa252
ffff916a
ffff9c1c
ffffaf46
ffffb534
ffffb314
ffffb6f7
ffffb373
ffffb745
ffffb7c7
ffffb69c
ffffbc3d
ffffb52e
ffffb25b
ffffabf3
ffffbc13
ffffc567
ffffb8cf
ffffb8ac
ffffd063
ffffedcd
ffffc6d2
ffffbbfa
ffffb32c
ffffada5
ffff98f1
ffff983e
ffffb51c
ffffbe42
ffffc6e1
ffffdfcf
ffffd694
ffff9d6f
ffff8cf0
ffff8bb5
ffffa821
ffffb1c6
ffffad32
ffffafd7
ffffb5a5
ffffb549
ffffb918
ffffb313
ffffb35a
ffffb206
ffffb0d4
ffffaf64
ffffbafc
ffffc4db
ffffbabd
ffffb8fe
ffffd2cc
ffffebc4
ffffc41e
ffffbff0
ffffb81d
ffffb01c
ffffabea
ffffa1e5
ffffb723
ffffc4c8
ffffc129
ffffce88
ffffcaec
ffffb496
ffffa5e2
ffff7cef
ffff8b7e
ffffa781
ffffa272
ffffa668
ffffb863
ffffbaa2
ffffb8a2
ffffbb56
ffffbace
ffffb44c
ffffad9a
ffffb819
ffffbafc
ffffcd98
ffffc290
ffffbce3
ffffd894
ffffe14e
ffffb67b
ffffb9cf
ffffbd65
ffffb9ed
ffffbac9
ffffb13f
ffffc329
ffffd72a
ffffd406
ffffc3b0
ffffd5e6
ffffe5c5
ffffdbf8
ffffbd4c
ffff98ea
ffff8fa0
ffff8c17
ffffa150
ffffbb0e
ffffc908
ffffc3b6
ffffbd05
ffffb73e
ffffb1eb
ffffaf79
ffffb961
ffffbb17
ffffcb46
ffffc43f
ffffc42d
ffffdb6c
ffffdca5
ffffbbaa
ffffbcd2
ffffc29a
ffffc1f5
ffffc213
ffffc800
ffffc261
ffffe7c7
ffffecc5
ffffd0f5
ffffcf14
ffffea89
ffffe02a
ffffdca9
ffffaddb
ffff8f8a
ffff82e7
ffff91ff
ffffb035
ffffc629
ffffbf19
ffffbde2
ffffbda4
ffffaf3c
ffffa513
ffffb3a7
ffffba3e
ffffca63
ffffc3ca
ffffc919
ffffdd4c
ffffec3f
ffffc9ff
ffffc794
ffffc642
ffffc940
ffffd3de
ffffd80a
ffffcf52
ffffcef7
ffffe524
ffffe53d
ffffd241
ffffdc70
fffff38f
ffffde04
ffffc9cb
ffffac61
ffff98ec
ffffa0eb
ffffccca
ffffcc69
ffffc27a
ffffc05c
ffffc075
ffffae4d
ffffa78c
ffffab15
ffffb5e7
ffffcddc
ffffb9ff
ffffcb95
ffffe0aa
ffffeed4
ffffd84f
ffffdab5
ffffde53
ffffd6e4
ffffe38c
ffffe6d2
ffffdffa
ffffdb29
ffffc6e2
ffffdf76
ffffe28e
ffffdfda
ffffea70
ffffd707
ffffdced
ffffc462
ffffbe0a
ffffc1ac
ffffdf24
ffffd79a
ffffc4b2
ffffb1b1
ffffb81a
ffffaf9d
ffffa903
ffffc351
ffffc670
ffffccd2
ffffc10d
ffffc4fc
ffffe66f
fffff711
ffffe580
ffffdef1
ffffe225
ffffde6e
ffffddb9
ffffd832
ffffdba3
ffffe131
ffffda99
ffffddba
00000387
ffffea7c
ffffde55
ffffca51
ffffdde7
ffffdc21
ffffe2ea
ffffdb8a
fffff2fe
ffffeab7
ffffc633
ffffa808
ffffb2a1
ffffc56a
ffffbc79
ffffcff2
ffffdb80
ffffcd35
ffffc472
ffffd2e0
ffffe8a8
fffff690
ffffdaef
ffffd555
ffffd696
ffffd249
ffffc297
ffffb344
ffffbe3d
ffffcd4f
ffffdc2e
fffff88d
0000005b
ffffee03
ffffec80
ffffd742
ffffe11c
ffffd37d
ffffdcb4
ffffe173
ffffeb03
ffffdc11
ffffc3e8
ffffc314
ffffc815
ffffd161
ffffc3ec
ffffb821
ffffd13b
ffffd95d
ffffc7cb
ffffd926
ffffe6a9
fffff1db
ffffd466
ffffc7d0
ffffdb49
ffffc980
ffffc3ac
ffffb838
ffffc31f
ffffd68b
ffffd78a
ffffdcda
ffffe5ce
ffffe64a
ffffe6cf
ffffee89
ffffed8d
ffffcd71
ffffd71e
ffffc60a
ffffd98c
ffffd4e7
ffffc46c
ffffcbb7
ffffdedb
ffffda60
ffffbb8c
ffffb855
ffffd286
ffffd94d
ffffd30a
ffffe20b
ffffe38c
ffffee90
ffffca69
ffffc68e
ffffe130
ffffd2b0
ffffd05d
ffffd15c
ffffca4f
ffffceb0
ffffc0a2
ffffc4fa
ffffc863
ffffc32f
ffffb27d
ffffd0f9
ffffd9e5
ffffcff4
ffffc99a
ffffc7f6
ffffca4e
ffffd62f
ffffd880
ffffdd17
ffffe2fe
ffffcf61
ffffd532
ffffd2e8
ffffd074
ffffca82
ffffce2a
ffffe6a8
ffffee2e
ffffd96a
ffffbfc1
ffffb645
ffffc61b
ffffca54
ffffc849
ffffccf0
ffffbfd3
ffffc9e6
ffffd82a
ffffd080
ffffc3dd
ffffbb18
ffffa850
ffffaf01
ffffb472
ffffa158
ffffb156
ffffb5ad
ffffcab4
ffffbfab
ffffcac0
ffffc3f9
ffffd717
ffffe41c
ffffdd50
ffffce7b
ffffc873
ffffbcc6
ffffc329
ffffcc02
ffffe861
ffffeb11
ffffcd89
ffffc2b0
ffffce00
ffffce1f
ffffdb1f
ffffe894
ffffec11
fffff29d
fffff07b
ffffe8d4
ffffdf6c
ffffd8ac
ffffcb94
ffffc554
ffffcc63
ffffc7fa
ffffd2ae
ffffddcb
ffffe496
fffff2fa
ffffeac6
ffffdcac
ffffdcdc
ffffe5d6
ffffef3d
ffffe769
ffffe784
ffffe5da
ffffd638
ffffdf3e
fffff22b
fffff9a6
ffffe9cf
ffffe005
ffffe16b
ffffe449
ffffe329
ffffe3f8
fffff2bd
fffff61f
ffffef9e
ffffebbf
ffffe863
ffffe900
ffffec34
ffffebf3
ffffe857
ffffec91
fffff0aa
fffff689
fffff776
fffffca8
fffff4b2
fffff450
ffffe76c
ffffe698
ffffea51
fffff574
fffff378
fffff084
ffffe9d9
ffffe6c5
ffffe7b5
ffffe549
ffffda19
ffffd99f
ffffdcd3
ffffd5c3
ffffd898
ffffd765
ffffd8a4
ffffdcf1
ffffd652
ffffd668
ffffd383
ffffd8f2
ffffd534
ffffd2b0
ffffd584
ffffd29a
ffffd535
ffffd9a4
ffffd528
ffffd1c9
ffffd621
ffffced9
ffffd210
ffffdd3c
ffffdc06
ffffd984
ffffda73
ffffded9
ffffd0de
ffffc157
ffffe117
ffffe55d
ffffcca6
ffffd3b3
ffffd70c
ffffcfde
ffffd250
ffffd262
ffffd70f
ffffddb4
ffffd84d
ffffcf64
ffffc201
ffffcaa1
ffffc52d
ffffc99b
ffffc74a
ffffc190
ffffc7f4
ffffcab1
ffffc9a0
ffffc978
ffffc6b1
ffffc1ad
ffffc86f
ffffd6d4
ffffd081
ffffcdaa
ffffd4cc
ffffddac
ffffcbaa
ffffb818
ffffc85e
ffffe349
ffffcb39
ffffd61d
ffffdb4b
ffffd678
ffffd559
ffffda25
ffffdcfe
ffffe156
ffffe82d
ffffdcc6
ffffcf7b
ffffd4be
ffffd528
ffffd1c4
ffffcbae
ffffc74d
ffffd116
ffffd5a0
ffffcc33
ffffc455
ffffc168
ffffc3b2
ffffc8a6
ffffd0e2
ffffd25d
ffffd62e
ffffd929
ffffde77
ffffd2bf
ffffc381
ffffcd32
ffffdebb
ffffcf00
ffffd28c
ffffd599
ffffd151
ffffca99
ffffca28
ffffc8cc
ffffcc2b
ffffdd01
ffffde16
ffffd8a1
ffffd9a6
ffffda04
ffffd661
ffffd161
ffffcfef
ffffdb47
ffffd748
ffffc94f
ffffc72c
ffffc259
ffffc2a4
ffffcd0c
ffffd15c
ffffce3f
ffffcd79
ffffd3ae
ffffd670
ffffd499
ffffc762
ffffd23c
ffffe3e8
ffffce83
ffffcfef
ffffd17a
ffffcb1a
ffffb090
ffff979d
ffff9feb
ffffd243
ffffefd7
ffffe440
fffff19b
ffffec7e
ffffdf52
ffffd16f
ffffcc53
ffffd549
ffffda90
ffffcf10
ffffca8b
ffffd141
ffffd1a9
ffffccb5
ffffcf0d
ffffd378
ffffd2b9
ffffcf0a
ffffd26b
ffffd6a8
ffffd669
ffffc548
ffffcdae
ffffe5fd
ffffc287
ffffc6af
ffffc84c
ffffcb08
ffffbbc2
ffffb212
ffffb5da
ffffcb9f
fffff37c
fffff1e3
000000f9
00000044
ffffe1e4
ffffc72b
ffffc22e
ffffc58a
ffffca64
ffffc1e6
ffffc94d
ffffd94d
ffffdf83
ffffd199
ffffcd96
ffffcdb4
ffffd286
ffffce9b
ffffcce6
ffffd075
ffffcded
ffffbe1f
ffffcb3e
ffffe3a4
ffffbdc8
ffffc31e
ffffc2bc
ffffd4b1
ffffd7cd
ffffc787
ffffc656
ffffe7ae
000003a2
fffff33e
fffffd1d
0000010f
ffffdb03
ffffc62d
ffffc953
ffffcb31
ffffcc27
ffffc2a0
ffffbed5
ffffb883
ffffbacf
ffffc403
ffffcd18
ffffccd6
ffffc76d
ffffc1c7
ffffc6ef
ffffc626
ffffc613
ffffb98a
ffffc785
ffffdb20
ffffafa6
ffffbed2
ffffcd8c
ffffdf9c
00000a12
ffffe0d9
ffffc7f2
ffffd63f
ffffed22
ffffd5ee
fffff3d7
fffff2e2
ffffe134
ffffc332
ffffb8a1
ffffc170
ffffc941
ffffbd62
ffffb528
ffffa55f
ffffabeb
ffffb86e
ffffcc83
ffffc8b2
ffffbda3
ffffbaac
ffffb917
ffffbfe6
ffffc275
ffffbfc5
ffffce43
ffffdf17
ffffbf4a
ffffd176
ffffe4eb
ffffe4ab
fffff65d
ffffd481
ffffccd9
ffffaae5
ffffb774
ffffc8f2
fffffcdf
fffff941
fffff20f
ffffbe33
ffffaaef
ffffc020
ffffcaf2
ffffb9d8
ffffa81a
ffffa5c1
ffffb59f
ffffc86c
ffffca97
ffffcc36
ffffc176
ffffc453
ffffc625
ffffbe76
ffffc3e1
ffffba55
ffffd209
ffffddea
ffffb287
ffffcee0
fffff55e
fffff0ca
fffffaf5
ffffdbba
ffffded0
ffffb84a
ffff9e14
ffffb9dc
fffffc32
00000792
00000e41
ffffd7b2
ffffac7a
ffffba84
ffffc7d3
ffffc689
ffffbd26
ffffad26
ffffc7aa
ffffd784
ffffd095
ffffd168
ffffc559
ffffd30e
ffffcc57
ffffca45
ffffcd96
ffffbeb3
ffffe7eb
ffffe21d
ffffb6fc
ffffc8cb
ffffee27
fffffffc
fffffb4f
ffffeb91
fffffcdc
fffff634
ffffaaad
ffffb847
fffff0b7
fffff9bb
fffffa4b
ffffeeec
ffffbba2
ffffa3ac
ffffa919
ffffb840
ffffcc65
ffffbb16
ffffd00e
ffffcf11
ffffd241
ffffc97a
ffffcba4
ffffcd04
ffffc8aa
ffffcec6
ffffd2a0
ffffd30a
ffffee42
ffffecb7
ffffc3ec
ffffd222
ffffe610
fffff580
ffffeb51
ffffeef0
fffff469
fffffed3
ffffd57e
ffffd92b
ffffd31a
ffffd7b7
ffffbe30
ffffd35e
ffffcd21
ffffba4c
ffff9d57
ffffbcf3
ffffd142
ffffbddc
ffffc517
ffffc3bf
ffffc67c
ffffc618
ffffcc8d
ffffcccb
ffffd398
ffffd000
ffffd145
ffffd189
ffffe707
fffff20a
ffffbef7
ffffd080
ffffddfe
fffff396
ffffe432
ffffe555
ffffe7e3
fffff07e
ffffe43d
ffffe85a
ffffcad9
ffffb00d
ffff96ce
ffffac1b
ffffd442
ffffdac3
ffffb6e1
ffffc021
ffffcbd9
ffffc994
ffffc5c7
ffffbe65
ffffbb79
ffffba86
ffffc5ec
ffffbf19
ffffcf3c
ffffcd88
ffffcc1b
ffffc6c4
ffffde1b
fffff6e5
ffffc295
ffffd5a7
ffffdb3c
ffffe9fc
ffffda98
ffffe31b
ffffdf80
ffffe391
ffffd3de
ffffc461
ffffb325
ffff93d2
ffff87e1
ffffa4a5
ffffc56d
ffffe2f9
ffffe099
ffffcd64
ffffddf9
fffff071
ffffe450
ffffd723
ffffd959
ffffd849
ffffd768
ffffcf24
ffffd0a8
ffffd526
ffffc9a5
ffffb8df
ffffd8eb
fffffbc0
ffffcb7d
ffffdb6b
ffffdd1a
ffffe3d7
ffffd31d
ffffd6c7
ffffdbf8
ffffe160
ffffcfef
ffffb13c
ffff94df
ffff8aed
ffff9464
ffffacfb
ffffd8ae
ffffed39
ffffe96b
ffffdde1
fffff0b8
fffff374
ffffe487
ffffe586
ffffe0fa
ffffebe3
fffff836
fffff860
ffffdfdc
ffffdda8
ffffc590
ffffb97a
ffffd9ff
fffff6a1
ffffcdb9
ffffdfb8
ffffdd8e
ffffe33a
ffffd949
ffffd98d
ffffd3e4
ffffdc7e
ffffd397
ffffba5d
ffff943a
ffff8baf
ffff9a75
ffffc415
ffffdf01
ffffe41d
ffffdb8a
ffffdb66
fffff133
fffff849
fffff074
ffffeea3
ffffe749
ffffe9c8
fffffbba
00000d58
fffff170
ffffd67a
ffffc8c0
ffffb9b7
ffffdbff
ffffedbb
ffffc877
ffffe3c2
ffffdcc4
ffffe2d8
ffffe37a
ffffddd7
ffffcd19
ffffd220
ffffd5f4
ffffca34
ffffa579
ffffa4a2
ffffc21d
ffffdfa5
ffffe179
ffffe085
ffffda47
ffffe172
ffffe694
ffffe2bf
ffffe598
ffffe6ca
ffffe40b
ffffebbe
ffffea6a
00000cb7
ffffe973
ffffd3ce
ffffcc2c
ffffbc06
ffffd8cf
ffffec71
ffffcdb1
ffffe040
ffffde30
ffffe7c8
ffffecd1
ffffe88a
ffffd98e
ffffda0c
ffffda37
ffffe685
ffffc7fb
ffffbf82
ffffd728
ffffd2ff
ffffdcf1
ffffd919
ffffd755
ffffdcbc
ffffd71c
ffffd10e
ffffd915
ffffe01e
ffffe0c5
ffffe142
ffffdd8f
fffff9f0
ffffe97a
ffffd2f4
ffffd2f0
ffffb8d6
ffffd4a7
ffffeb75
ffffcbe0
ffffdebe
ffffdafb
ffffef98
fffff818
ffffecfe
ffffe3c9
ffffe24e
ffffe3e8
ffffee19
ffffdc44
ffffcd6f
ffffc471
ffffbffe
ffffc726
ffffd2c2
ffffd748
ffffda61
ffffd27e
ffffd126
ffffd625
ffffdc4c
ffffdb56
ffffdf66
ffffdde9
ffffed3d
ffffe41b
ffffd612
ffffd5d7
ffffbbb0
ffffd3d7
ffffea3b
ffffc753
ffffd246
ffffd160
ffffeb8b
fffffc76
fffff1c1
ffffdc14
ffffdd6b
ffffdfbd
ffffe5ea
ffffe247
ffffc689
ffffadba
ffffa5d7
ffffb042
ffffcdc2
ffffcfaa
ffffd044
ffffd305
ffffd27b
ffffd257
ffffd308
ffffd24f
ffffd7eb
ffffd4cd
ffffe4a8
ffffdf68
ffffd0f7
ffffccb5
ffffbaea
ffffd2b6
ffffeb25
ffffcb38
ffffd4a2
ffffd12a
ffffde5a
fffff8de
0000021b
ffffe189
ffffd4c4
ffffcace
ffffca94
ffffbe9b
ffffcd78
ffffb77a
ffff979f
ffffae0d
ffffc04d
ffffc0c0
ffffc7c4
ffffd74f
ffffd47d
ffffd2e1
ffffd239
ffffcc16
ffffcf40
ffffcff3
ffffe2d4
ffffe7a7
ffffd13e
ffffc76a
ffffbb15
ffffd2d7
ffffe9bb
ffffca77
ffffdbd0
ffffd18a
ffffd4fd
fffff030
000004af
fffff720
ffffdc49
ffffc447
ffffc54f
ffffc361
ffffe956
fffff05e
ffffc6f9
ffffc283
ffffb484
ffffa7e4
ffffb645
ffffcf1f
ffffe0ee
ffffdeb1
ffffd113
ffffce47
ffffd081
ffffd12a
ffffdebb
ffffeba7
ffffd9fc
ffffcc87
ffffbe31
ffffcf74
ffffe663
ffffc4f1
ffffd6cd
ffffcdec
ffffc9bb
ffffe161
fffffad7
000003cd
ffffe8b8
ffffdba5
ffffe174
ffffdd2c
ffffed16
fffff2e3
ffffebca
ffffda77
ffffad04
ffff91f2
ffffa98a
ffffc9eb
ffffd979
ffffd2d1
ffffc7c9
ffffc7a3
ffffce7b
ffffcb8c
ffffd7b1
ffffeb9d
ffffd184
ffffd4ef
ffffc8d2
ffffd19e
ffffe630
ffffc95b
ffffd159
ffffcffb
ffffd171
ffffcecb
ffffe92f
fffffcd6
000001b6
ffffeec3
ffffe6a1
ffffde29
ffffe24d
ffffd647
ffffde30
ffffcc5b
ffffbb5e
ffff9101
ffffaded
ffffd73f
ffffdc51
ffffd6e6
ffffcff0
ffffc981
ffffd01d
ffffcbef
ffffd6ab
ffffefc8
ffffd8af
ffffd4b0
ffffccc1
ffffd30c
ffffe8ed
ffffd566
ffffd7e9
ffffd525
ffffd28d
ffffd759
ffffddf8
ffffe795
00000642
ffffea9b
ffffe40d
ffffca37
ffffdb59
ffffc441
ffffb8a1
ffffb296
ffffc2de
ffffabff
ffffb78f
ffffd715
ffffded6
ffffd4f0
ffffd8a0
ffffd0da
ffffcde1
ffffcefa
ffffd9d4
fffff337
ffffe386
ffffca68
ffffc09e
ffffd7fd
ffffe5c2
ffffc7de
ffffd3cb
ffffd8d8
ffffd73e
ffffe622
ffffe113
ffffe11e
fffffc57
ffffe3aa
ffffe0f9
ffffd070
ffffe24c
ffffab5b
ffffae88
ffffabb1
ffffc16b
ffffb701
ffffc9f2
ffffe548
ffffdf37
ffffe4be
ffffd07c
ffffd197
ffffd3c1
ffffd8c5
ffffdcc2
ffffe14a
ffffd687
ffffcccc
ffffc457
ffffd550
fffff0b1
ffffdbed
ffffec7a
ffffe352
ffffe52b
fffff24b
ffffe7b9
ffffdfc0
fffff461
ffffea80
ffffe700
ffffdd8c
ffffdac4
ffffae2a
ffffa473
ffffcb2c
ffffebfc
ffffbfcb
ffffc820
ffffe05f
ffffe42a
ffffee07
ffffd67a
ffffcb9a
ffffe1b5
ffffe280
ffffd829
ffffd086
ffffc486
ffffcec9
ffffc4c2
ffffd989
fffff128
ffffd2cf
ffffe7e2
ffffe0ef
ffffe5a3
fffff09e
ffffef7f
ffffed5f
fffff87d
fffff4df
fffff30d
ffffd9c2
ffffdf36
ffffc630
ffffd484
fffff8fd
0000015a
ffffce25
ffffce0e
ffffded8
ffffedad
ffffde2a
ffffc572
ffffd7d8
ffffe659
fffff0d5
ffffd4b4
ffffe65d
ffffef26
ffffdfbf
ffffc7b0
ffffe051
ffffec53
ffffd216
ffffe7c3
fffff0dd
ffffe499
ffffe821
fffff74f
fffff4e3
ffffeac8
fffff767
fffff544
ffffd7e4
ffffe9c3
ffffefc9
fffff5db
ffffe59e
ffffedf8
fffff0b9
fffff2b6
ffffeadb
ffffedbc
ffffd962
ffffd713
0000050d
ffffe78d
ffffebf2
ffffe1a2
fffff52c
ffffe9f4
ffffe788
ffffda25
ffffe9e2
ffffeb88
ffffcc1d
ffffe27f
ffffe75b
ffffe747
ffffe856
fffffac8
ffffeecf
ffffe67c
ffffe4a4
ffffde45
ffffd3c4
ffffde22
ffffea8a
ffffe152
ffffdf94
ffffdfbf
ffffefa5
fffff470
fffff134
ffffdf6e
ffffc81d
ffffcb37
ffffdb55
ffffe031
ffffdacf
ffffe606
fffff44b
ffffd694
ffffd949
ffffcc06
ffffd7c5
ffffdcbd
ffffb700
ffffc746
ffffd373
ffffcdfc
ffffd6fa
ffffd7c5
ffffc6b7
ffffc264
ffffc793
ffffc60e
ffffcb61
ffffd372
ffffdec1
ffffdcf5
ffffd98a
ffffc2fc
ffffd683
ffffda36
ffffc4f4
ffffdb63
ffffda6a
ffffced3
ffffd26b
ffffc88d
ffffc7a5
ffffc321
ffffc9d1
ffffd4a0
ffffc67f
ffffbc99
ffffd368
ffffe2f1
ffffd23b
ffffdd6a
ffffe01a
ffffdf8f
ffffd6bf
ffffe0f4
ffffd12e
ffffc39c
ffffcc8c
ffffd897
ffffdbbc
ffffda45
ffffdc08
ffffd8aa
ffffde0a
ffffd96f
ffffdb9b
ffffe23d
ffffd768
ffffdffa
ffffdff3
ffffd662
ffffd24a
ffffd580
ffffdb7a
ffffd12d
ffffdf9f
ffffda90
ffffcfb7
ffffd11c
ffffe753
ffffede2
ffffe914
ffffe417
ffffed69
ffffee40
ffffec69
fffff14b
fffff7ac
fffff4d2
ffffecc8
fffff0bf
fffff15f
fffffa77
fffff449
ffffef68
ffffe9e9
ffffedbe
fffff313
fffff260
fffff5c8
fffff1c1
ffffe8aa
ffffed32
fffff1a2
ffffed8c
ffffedb5
fffff886
fffff5e2
ffffe71a
ffffe62d
ffffed93
fffff4e2
fffff539
ffffe5cf
ffffd965
ffffe493
ffffe680
ffffee3e
fffff4d2
fffffbfb
fffff360
ffffe6ed
fffff2c6
fffff4c1
fffff76d
fffff540
ffffec98
ffffe83b
ffffe9d7
ffffef5e
ffffee38
fffff8c4
fffffd4d
fffff171
ffffebe0
fffff370
ffffe8d0
ffffe852
fffff11a
fffff8de
ffffed22
ffffe157
ffffeedd
fffffad3
fffff375
ffffe576
ffffd9fc
ffffe856
fffff1d7
fffffbd0
fffffdc0
fffffabb
ffffe456
ffffe65b
fffff6b2
fffff603
fffff5e8
ffffee86
ffffe4bf
ffffe9b7
ffffe31d
ffffec9c
ffffece6
fffffa7a
ffffff6a
fffff7d1
ffffe507
ffffecf7
ffffed81
ffffee0e
fffff3b6
fffffbba
fffff6be
fffff058
fffff2d3
00000112
ffffe87c
ffffd7bb
ffffd61c
ffffe609
fffff47b
fffffaa3
000003db
fffff0ae
ffffdab5
ffffdc14
ffffe4be
ffffe99a
ffffe590
ffffe35d
ffffdaef
ffffe742
ffffe871
ffffe130
ffffe4d3
ffffeb14
fffff1d3
ffffecf2
ffffdd1b
ffffd646
ffffe8b3
ffffee46
ffffeb8d
fffff2f8
fffff5cc
fffff355
fffff976
00000701
ffffe87a
ffffd510
ffffd9a3
fffff2dd
fffff858
00001049
00001077
ffffff2a
ffffdb60
ffffd313
ffffefc7
ffffe327
ffffd691
ffffd65f
ffffd1f4
ffffea45
fffffaf5
fffff031
ffffe616
ffffe9b2
ffffec2a
ffffe6d2
ffffdb13
ffffd7cf
ffffe450
fffff0b5
ffffee57
ffffef22
fffff6db
fffff049
fffff62e
00000756
ffffe62a
ffffdc75
ffffe9bc
0000072a
fffff8bc
0000162b
00002d8f
00001931
ffffb96e
ffffb5c3
ffffe8f0
ffffeaeb
ffffd32a
ffffd2d2
ffffc993
ffffe0a2
fffff893
fffff213
fffff5b8
ffffee12
ffffea9c
ffffec2d
ffffe2d3
ffffe333
ffffe810
fffff0ea
ffffeed9
fffff444
fffffb55
fffff24e
fffff86d
00000a37
ffffe365
ffffd813
ffffe0e0
00000821
000009f1
00000e5b
00002e94
ffffee1d
ffff98c9
ffff9240
ffffe598
000000e6
ffffdc6b
ffffb848
ffffb6b8
ffffd369
ffffe9d5
ffffee49
fffff9ac
ffffee7a
ffffde2d
ffffe15b
ffffe715
ffffe2f5
ffffe449
ffffe579
ffffe50f
fffff5b5
fffff99e
fffff5ac
ffffee77
00000284
ffffd9e5
ffffc494
ffffc897
fffffff8
000026a0
00002f9b
00001b98
ffffd610
ffff811a
ffff9178
ffffea2c
00001ff0
fffff79d
ffff9b73
ffff7b2f
ffffa80a
ffffcf06
ffffe3c8
ffffec66
ffffdf79
ffffb618
ffffbf3f
ffffd54d
ffffde6f
ffffd9dc
ffffcd54
ffffd195
ffffe0a7
ffffe410
ffffdc3a
ffffd634
fffff57c
ffffd08f
ffffc28a
ffffb5a5
ffffeea0
00002a39
00004bec
000031a0
ffffdfee
ffff803e
ffff8b1d
ffffebd4
00002409
fffffe16
ffff9611
ffff4cfe
ffff751c
ffffabbc
ffffc9ef
ffffd80d
ffffd309
ffffb61c
ffffc072
ffffcf9d
ffffd769
ffffcef1
ffffc86a
ffffc46e
ffffcafb
ffffd451
ffffceeb
ffffcb7d
ffffeace
ffffd52a
ffffc91b
ffffc8b0
ffffe256
00000d75
00005145
000055ee
fffff8e5
ffffa4d7
ffffa3a1
ffffdbbf
0000090d
fffff615
ffffd3dc
ffff85ac
ffff5a0a
ffff8768
ffffbd8e
ffffdbc0
ffffeb34
ffffdd30
ffffcbb2
ffffd994
ffffd8a4
ffffe0aa
ffffd753
ffffda22
ffffd66e
ffffddfb
ffffdae6
ffffd4e9
ffffec21
ffffdcd3
ffffcdfc
ffffdf2d
ffffe447
ffffdb5a
00002fcd
0000502b
0000256c
ffffe749
ffffcb9b
ffffd0f5
ffffeaa8
000005be
00000acc
ffffe168
ffffb618
ffff99fb
ffffb55b
ffffda2d
ffffe100
ffffdd2f
ffffdc6f
ffffe553
ffffe0f1
ffffe37f
ffffe4e9
ffffdfcc
ffffe1c0
ffffe8d9
ffffdfd1
ffffe4ca
fffffa93
ffffe57f
ffffda16
ffffe2bc
ffffeb3b
ffffe0ef
00001754
00004429
0000301f
00002952
ffffee0b
ffffd750
ffffeb65
000008ae
00001eac
00001949
fffffcfd
ffffe2a5
ffffe0be
ffffef46
ffffeca9
ffffe7c7
ffffecec
fffff180
ffffe4be
ffffe56a
ffffebf8
ffffef9b
ffffec94
ffffeba4
ffffe342
fffff7af
000014ea
ffffe4a1
ffffdeb2
ffffe63c
fffff5cf
fffffa94
00001848
000030f5
0000321f
000031ae
000008bf
fffffec3
ffffea5c
00000be2
00002c6e
00002750
00000a71
00000ce8
00001290
00001acb
0000222e
000027b4
00002652
00002225
0000122d
00000169
fffff206
fffffee7
000003f6
fffff349
ffffed13
00000a7d
00001aaa
ffffe643
ffffe10c
ffffe8fc
ffffff93
00001402
00003699
0000422e
00003ecf
000021be
000005d7
00000d12
fffffd82
00001126
0000278a
000001ed
fffff7f4
00000dcc
00002dca
00003d0f
00002a4b
00002143
00002ba1
0000323c
00002757
000023b3
0000118d
000003b2
ffffff3f
fffff1b8
fffff312
00001533
0000153d
ffffee18
ffffe8b2
fffff46a
00000ed6
00001640
00003740
000045f7
00003d7a
00001156
fffff9ef
0000024c
00000520
000003a5
0000074c
fffff2cb
ffffe0bc
fffff559
000012e4
00001a40
000001ae
0000063a
000020fa
00002eba
00002eee
00003089
000023ec
00000a36
fffff5bf
ffffe7b9
fffff717
00001ae5
00001a6c
ffffed69
fffff229
fffff407
00000bfb
0000127c
00003170
00004c35
00003735
00000d20
fffff468
ffffe082
ffffddc0
fffff8aa
fffff725
ffffea01
ffffe8b1
00000019
000008a3
fffff737
ffffe4ad
ffffe9c7
fffff852
000008b6
00000fae
00001b20
00003645
00002524
ffffeecd
ffffdb73
fffff67b
000022b3
00002472
ffffeb48
ffffe9ee
ffffe6f7
fffff67f
0000059e
00002e88
00004fd7
00003adf
0000196f
00000af0
ffffdcc9
ffffba62
ffffbfdb
ffffd437
ffffe526
fffff5b7
00000711
fffff877
ffffeec8
ffffeb0f
ffffec4d
fffff097
fffffd25
0000053a
000003fa
00001d36
000020d5
fffff596
ffffe1f9
ffffef47
00001cab
00002116
ffffe896
ffffe889
ffffe3e0
ffffea9f
fffffcab
00002268
000048e8
00004288
00002224
000017fe
ffffe7fe
ffffc100
ffff9ec0
ffffa6e0
ffffd10d
ffffecef
fffff94e
fffff9a8
fffff9de
fffff116
fffff124
fffff273
fffffcf9
00000889
00000740
00000e72
000014a8
fffffa8a
ffffe7d7
ffffe851
00000f62
000020ca
ffffee4c
ffffedf8
ffffe8c3
fffff0cf
fffff732
000016e8
00003f1d
00004f39
000034c7
000024d6
00000d1a
ffffeda1
ffffaa28
ffff7f33
ffffa69d
ffffd8bb
ffffec94
fffffa65
0000008a
fffffb9b
fffffc51
fffffe60
fffffefb
000003ef
00000319
00000dee
000010fa
0000048b
fffff965
ffffe7f7
000003d5
00001963
fffff47b
fffff2d7
fffff138
fffffcfa
fffffba6
0000085b
0000285e
00004f63
00004ad1
00002bf4
00001cd2
00000df3
ffffd521
ffff84b8
ffff862a
ffffbe10
ffffdd9f
fffffa10
000008bb
00000794
00000183
000003b9
00000189
fffffe7f
00000358
00001370
000013bd
000009fc
fffffd69
ffffe41d
fffff977
00000d84
fffff684
fffffc73
fffff5d1
0000005b
fffffdad
fffff438
000003d1
000037b6
00005564
000034b0
0000208f
000025e2
0000052c
ffffb83b
ffffa4ed
ffffa218
ffffb5d6
ffffdfcb
00000051
00000911
00000687
00000549
fffffceb
fffffbb8
000007b6
00001200
00001036
00000e95
00000233
ffffe21c
fffff71a
00000b86
fffffc35
00000292
fffff6bc
fffffede
fffff9ba
ffffea92
ffffe4ec
00000475
00003fea
0000447a
0000205b
00003987
00003a58
0000139c
ffffd058
ffffa510
ffff95f9
ffffb3c8
ffffe597
00000252
00000194
fffffc14
fffff928
fffff8a7
0000016a
00001090
000012db
00001055
00000325
ffffe412
fffff1d0
00000a13
fffffe21
000003d6
ffffef4c
fffff5ee
fffff513
ffffeb32
ffffcf80
ffffd2ea
00000af8
00003148
00002c95
0000325a
000049a3
00002a90
fffffb26
ffffbd90
ffff898c
ffff901c
ffffc5fc
fffff2e5
fffff875
ffffee36
ffffedf1
fffff453
ffffff04
00000e16
00000ea8
00000a6a
fffff68f
ffffe1bd
fffff0d4
00000552
fffffa8f
fffffce5
ffffe80c
ffffe845
fffff036
fffff2ba
ffffd7a8
ffffc37f
ffffd983
00000d5f
0000234a
00001ec2
00003272
00002951
00001143
ffffd482
ffffa1c3
ffffa158
ffffcae0
fffff327
fffff336
ffffe014
ffffde53
fffff139
fffffb26
0000054b
00000a55
fffff817
ffffdd15
ffffd62e
ffffe00a
fffffa5c
fffff9ce
fffff595
ffffe06b
ffffe98c
ffffefcd
fffffb85
fffffe30
ffffe4e0
ffffd76c
fffff0ca
00000f18
fffffc01
00000f1e
00002063
00001e12
ffffebde
ffffbe6d
ffffb9af
ffffe4a7
fffff557
00000002
ffffdaab
ffffc80e
ffffd456
ffffe96e
fffff380
fffff833
ffffebb2
ffffcf3a
ffffc399
ffffd0d3
fffff3f4
fffff159
ffffec2a
ffffd85f
fffff251
ffffeccf
ffffe9d0
00000632
00000d8f
fffffb86
fffff8b7
00000a76
ffffec1e
ffffffc5
00001180
00001a59
ffffdc8b
ffffd2b2
ffffcef9
fffffe2c
0000069b
fffffb40
ffffeb53
ffffd596
ffffcb23
ffffc102
ffffbd0e
ffffe090
ffffe888
ffffd50e
ffffc591
ffffd81e
fffff58a
ffffe796
ffffe32d
ffffdcc2
ffffe525
ffffdc84
ffffda36
ffffec65
fffffc56
fffffc2f
fffff9aa
000011cb
fffffb93
fffff7ac
00000935
000015de
ffffdcfa
ffffe4e4
ffffdd55
fffffffc
0000080e
00000056
ffffe8cc
ffffe82b
ffffdd58
ffffc2a9
ffffbc6b
ffffbf6a
ffffcb99
ffffcffb
ffffd244
ffffd904
0000103a
ffffe8c4
ffffe462
ffffe32a
ffffe9c9
ffffdfd6
ffffd816
ffffdac5
fffff019
fffff210
ffffec81
fffff590
ffffee2c
ffffe66c
fffff115
0000163f
000005ca
fffffed1
ffffde69
ffffec5f
ffffecee
fffffa3c
ffffee55
00000542
fffff69c
ffffd021
ffffc5ee
ffffbc00
ffffc46a
ffffc936
ffffd36f
ffffe241
00000ea4
ffffd8e1
ffffd809
ffffe4aa
ffffed37
ffffe074
ffffd870
ffffe62b
fffff531
fffff00d
ffffe01e
ffffe53c
ffffe5f6
ffffdd30
ffffdfcb
fffff8bc
00000c41
00001021
ffffef14
ffffe905
ffffe8af
fffff936
ffffff1d
00000194
ffffff93
ffffe5e9
ffffee8e
ffffd6c0
ffffdc95
ffffd005
ffffcbe8
ffffdbf6
ffffff8d
ffffe77e
ffffda55
ffffe5c7
fffff0e6
ffffe517
ffffed70
fffff631
fffffa88
ffffe328
ffffdce2
ffffdeed
ffffe450
ffffe803
ffffecd6
fffff23a
00000551
000009f2
fffff4be
ffffe50e
ffffe295
fffff005
000000e2
fffff909
000000d9
000013a8
00000f61
fffff5c5
ffffe5d0
ffffe119
ffffdcee
ffffe618
fffffa6a
000000e7
fffffcda
fffffbda
00000202
0000007c
0000070f
00001783
000019e2
fffffc4f
fffff022
ffffef5d
fffff40a
fffffc10
fffff3b7
fffff675
00000dc8
00000dc7
000006aa
000001e5
00000095
fffffb6b
fffffa3b
fffff951
fffff80c
00000b12
00002066
000009af
fffff524
fffffbed
fffff43b
fffff0e0
fffff60a
00001256
00000ef4
0000114d
00001716
0000215e
000029ab
00003816
000031a2
0000234d
00002023
00001a61
00001ad0
00001f47
00002422
00001740
0000176f
00002223
00001e52
00001de5
00002531
000025f0
00001f9a
000021b0
00001da9
000020e0
00002fed
00001ed3
00000fdb
00001230
00002732
00002406
000016e4
fffff3f7
fffff6db
fffffa52
fffffce3
ffffff32
000001cb
ffffff06
fffffd1b
ffffff04
fffffb64
fffffada
fffffe91
fffffe82
fffff72d
fffff963
fffffc30
fffffddc
fffffa74
fffffa18
fffffb95
fffffb0d
fffffc94
fffffcd7
fffff6d1
fffff92b
fffffc00
fffffe24
fffffd09
fffffcc6
000005ed
fffff153
000001ac
ffffef2e
fffff24d
fffff575
fffff0d0
fffff5d9
fffff61a
fffff631
fffff952
fffffb47
fffff902
fffff887
fffff74f
fffffa6c
ffffee2d
ffffefc5
ffffec91
fffffa02
fffff444
ffffeeed
fffff28e
fffff9a9
fffffd87
00000277
fffff6dc
fffffb40
fffff71f
fffffb36
ffffeed3
fffff0d1
000009a4
fffff37d
00000477
ffffea06
ffffe5ad
ffffe2b8
ffffe7cf
fffff9bf
fffffc68
00000708
000008ac
000007fa
fffff4ba
fffff60b
fffffbe1
fffffb49
ffffece8
fffff155
ffffe99b
ffffed08
ffffecc4
ffffe8ef
fffff2cc
fffffe1b
fffff834
fffff299
ffffe9e2
ffffe942
ffffecbe
fffff256
ffffebee
ffffeb4b
00000281
ffffec28
fffffd11
ffffeced
fffff56c
fffff338
fffffa27
00000c73
00000c7e
000020db
0000188b
00001cf4
00001a72
00001c1b
0000154a
000009e7
fffffa0c
fffff8e1
fffff4ce
fffff319
fffffbd7
fffff9a5
fffffcf7
000001b2
fffffa92
fffff2de
ffffed44
fffff77f
fffff88b
fffffc32
fffff5e6
ffffefeb
00000709
fffff7ce
000002a3
ffffee53
fffff7f0
ffffff2d
00000141
00000b15
00001724
0000233a
00000f31
000021e9
00003849
000021da
00000f67
0000083c
ffffff54
fffff4de
fffff43f
fffffcbb
0000041c
0000001a
fffffedc
ffffff04
fffff45a
fffff248
fffff4b2
00000083
fffffe93
fffff935
fffffd30
fffffb28
00000891
fffff5e7
000003bb
fffff0a5
fffff478
fffffe96
00000117
fffffc2f
00000987
00001106
0000038e
00001209
000004e1
ffffeb39
ffffec10
000002b1
000008cc
0000002b
000000d3
fffffb91
fffffd9c
fffffe55
ffffff3c
0000019b
00000348
fffff386
fffff52f
fffffae7
fffffda1
fffffa83
fffffcd3
fffffb12
000009d6
ffffefc1
0000019b
ffffef43
fffff9f1
00000144
000006f8
fffffcb3
00001a4a
00000d08
ffffe3bf
ffffdfd8
ffffdc47
ffffe2d7
fffff745
000003bf
00000069
fffffdf1
fffffb7f
fffff3db
fffff871
0000072b
00000659
00000734
fffffab2
ffffefa3
fffff910
00000163
0000029d
fffffcd4
fffff8e3
fffffc30
0000086d
ffffef4a
fffffca8
ffffeff7
fffffa1c
0000072c
00000db2
000005e7
000022a4
000000bf
ffffe943
ffffdd7e
ffffe8ff
fffff31f
fffffe7c
0000005b
0000077d
000006b0
000004b4
fffffbb1
fffff9d8
000003d7
ffffff7e
fffff5ff
fffffd18
ffffff16
fffff79c
0000004f
fffffe0a
000000a8
fffff75b
fffffa51
0000087f
ffffeb1f
0000000e
ffffef66
fffffaf5
00000dd6
00000e6a
ffffef8e
00000d39
ffffeffd
ffffeffb
ffffe37c
fffff093
fffff725
000008b2
fffff018
ffffe6d1
ffffe4d0
ffffffb9
000009f6
00000b69
0000049d
fffffca5
fffff937
0000090b
00000700
000007b0
000004d2
ffffffb0
00000668
fffffff8
0000013c
00000d77
ffffeefd
00000e1f
ffffe7b9
ffffef16
fffff4dc
ffffeb24
ffffd4f0
ffffe097
ffffec2f
fffff84f
00000271
ffffe8ce
fffffc1a
0000000e
ffffe497
ffffd9ef
ffffca03
ffffecf7
0000058c
00000922
fffffe7b
ffffe986
ffffe677
fffff96b
fffff182
fffff8a3
fffff2c2
fffff347
fffff5a0
ffffeec2
fffff64f
ffffff75
ffffdc77
00000430
ffffefa8
fffff81a
ffffe818
ffffd5d8
ffffc8c1
ffffcd7d
ffffda95
fffff308
00000042
ffffe6e4
fffffa38
ffffdef2
ffffdf40
ffffceff
ffffdaba
ffffdd4e
00000049
00000549
000006f0
ffffefbf
ffffe805
fffff5a0
fffff87c
ffffeba7
ffffedf9
ffffef92
ffffed20
ffffec81
ffffea54
fffff1e6
ffffd782
fffff609
ffffeb61
fffffad8
fffff80c
ffffec94
ffffd581
ffffcda4
ffffd3d2
ffffef0f
ffffebef
ffffeb16
ffffd7b7
ffffe165
ffffeb8f
ffffca37
ffffdebc
ffffe9d5
fffffdaa
fffffdd1
00000eae
0000043b
fffffdc7
ffffff75
00000bfb
000002f3
00000028
fffffea3
fffff7d2
fffff6eb
fffff618
fffffc44
ffffdb7b
ffffee00
ffffecda
000004db
000002ef
fffff946
fffff342
ffffda80
ffffe214
fffff702
fffff1e9
ffffcd8a
ffffcd23
ffffe460
ffffe5f2
ffffda9f
fffffc63
fffffb74
fffffa54
ffffe471
ffffe68a
ffffef89
ffffefef
fffffe15
0000064a
00000690
000008e4
00000a01
00000aec
000005b5
ffffff92
000008b4
ffffe4b5
fffff35b
ffffedfd
000007d4
00000419
0000033a
0000002f
ffffe484
ffffe662
00000891
00000517
ffffe12a
ffffefc2
00000204
00000c3c
ffffeb2e
ffffe57c
ffffd3cf
ffffc9b3
ffffc27d
ffffcf16
ffffdfaf
fffff542
fffffa1f
fffff2ee
ffffe964
fffffa3e
000003f9
000006d8
00000bc9
0000066e
00000a37
fffff1cd
fffff6bb
ffffed2a
0000021a
000002ff
000000c9
fffffab5
ffffe4c6
ffffe074
0000036f
00000665
fffff470
fffffa1e
000017bc
00000f3f
ffffe39e
ffffc861
ffffc519
ffffc8e6
ffffd31c
ffffd7dd
ffffe581
ffffe78d
ffffdb9c
ffffdf62
ffffd8da
ffffe4ff
fffffbac
000000d5
000000f1
00000959
00000ada
fffffa10
fffffc05
fffff432
00000340
00000425
0000006b
fffffbdc
ffffe670
ffffe50b
00000865
00001353
fffffe3d
fffff528
00000b6a
00000299
ffffe136
ffffdd99
ffffe654
fffffce2
fffffce3
ffffe719
ffffd9f7
ffffd5d4
ffffdbf2
ffffdf80
ffffd227
ffffdd77
ffffec59
fffff062
fffff89d
0000040d
000007cf
fffff781
fffff97c
fffff901
00000857
00000311
ffffffe2
000002dd
fffff0b1
ffffeb97
00000cd9
00001178
fffff6f8
ffffea5a
fffffa36
fffffa2d
fffff2de
fffff065
fffffe58
00000654
fffffd20
ffffea1c
ffffe9e1
fffff844
fffffb9c
fffffb60
ffffeefe
ffffe244
ffffed5d
fffff168
fffffa7a
0000065f
00000a4c
fffff1ff
fffff742
fffff9dd
000005b8
000002c7
00000452
00000aed
fffff5df
ffffe9b4
00000650
0000077c
fffff52c
ffffdaae
ffffed71
000006ec
00001094
00000d00
00000924
0000039f
ffffff41
fffffe64
fffffcd4
fffffe14
fffffc58
ffffff70
ffffff00
fffff632
fffff605
fffff726
ffffffd6
000006d7
00000c5f
fffff33d
fffffcbe
fffffa4a
0000066a
000003b7
00000095
0000012a
fffff2e7
ffffdda9
0000004d
000007a1
fffffee1
ffffdfdf
ffffde04
00000149
00001643
000008b3
00000b97
00000b02
000001b3
fffffe23
00000247
ffffffba
fffffd42
000000aa
fffffed5
fffffa56
fffff859
fffffc50
0000005b
00000ba1
000004e4
fffff32e
fffffe97
fffffa08
00000519
000002f6
000001f4
fffffaee
fffff268
ffffe48f
ffffebc1
00000916
fffffae8
ffffe320
ffffd656
ffffdea0
ffffee15
fffff767
000005d8
000007e6
000005b9
0000051d
ffffff3e
fffffe6e
fffffb8e
000002ff
0000017e
fffffa25
fffffc51
00000028
00000373
000010fd
000010b8
fffff379
fffffea7
fffffa4b
fffffed5
fffffa25
fffff6b2
fffff567
fffffa4d
ffffeee7
ffffe56d
00000bd7
fffffccb
fffff4c9
ffffd910
ffffd43c
ffffd248
ffffee1e
000000dc
00000884
00001192
00000e39
00000308
fffffe6e
fffffebb
ffffff32
000001f2
fffffb73
fffff6af
ffffffb7
000006b3
00000c9b
00000a17
ffffeb90
ffffffc1
fffff4de
fffff6bc
fffff745
fffff902
fffffb50
fffff6af
fffff618
fffff1fe
fffff468
00000258
fffff8dd
ffffe0d1
ffffd024
ffffd49c
fffff5d8
fffff8ba
00000733
00001595
00001398
00000638
000002a3
ffffff37
fffffd6e
fffffebc
fffffe59
fffff139
fffff4c4
00000009
000001e6
fffffff2
ffffe846
fffffa24
fffff27b
fffff42b
fffff901
fffff883
fffffde7
fffff790
ffffec06
ffffe892
ffffe927
fffff800
fffffda7
fffff328
ffffe556
ffffe4b9
fffff392
fffff42a
fffffbf6
00000144
000008e3
fffffe87
fffffde1
00000399
00000383
00000090
00000455
fffff800
fffff2e0
fffff6ba
fffffeb2
ffffffd8
ffffea4b
fffffc87
fffff702
fffffeab
fffffa2d
fffff89a
fffffae1
fffff56c
ffffeacb
ffffda2f
ffffde11
ffffecb1
00000090
00000346
fffffd19
ffffea1d
ffffed3b
ffffeea3
ffffec95
ffffecd5
fffff025
ffffef04
ffffeb12
000001e9
0000032c
000003b0
00000282
0000007e
fffff6c4
fffff9f3
fffff8c0
000007d7
fffff0fe
fffffdea
fffff69d
fffff834
fffffae4
fffff583
fffff43e
fffff904
fffff4de
ffffec56
ffffe2d1
ffffd95a
fffff4ee
fffffa16
ffffeb92
ffffde75
ffffe212
ffffe6be
ffffe1f5
fffff2d2
fffffb27
fffff230
ffffe1c4
fffff382
000007ef
00000d0a
00000b8d
00000f92
fffffe2a
000007f5
fffffeec
00000f74
ffffe74e
fffff613
ffffefd7
fffff1c2
ffffeb84
fffff13a
fffff143
fffff98f
fffff290
ffffe6cf
ffffe40c
ffffd9b5
ffffe2d9
ffffe4a1
ffffed22
ffffe3b9
ffffe812
ffffef1b
ffffe253
fffff2d8
fffff64a
ffffeadf
ffffd677
ffffed42
0000077a
00001daa
00000e3d
00000f93
000005ca
00000060
fffffd7e
00000aec
ffffe6c6
fffff86b
ffffeceb
fffffa7e
00000431
fffffc93
fffffa0f
fffff336
ffffeeff
ffffe509
ffffe5e7
ffffe16f
ffffda64
ffffdd65
ffffeda6
ffffd8a4
fffff0c4
fffff3dd
fffff393
fffff7a4
00000208
ffffef69
ffffd6f6
ffffe2e6
ffffeab2
ffffeeee
ffffe52b
fffff4bd
fffffc76
fffff16c
fffff430
fffffba8
ffffe0ae
fffffe4e
fffff1e2
fffff7dd
fffff778
fffff7db
fffff20d
fffff5ae
fffff578
fffff6fb
fffff3f9
ffffeaac
ffffdce9
ffffd73f
ffffdddd
ffffd03a
ffffe5e2
ffffe811
fffff434
fffffcc5
fffff74b
fffff352
ffffec69
ffffedba
ffffe369
ffffdb37
ffffe7a9
ffffdb8f
ffffd932
ffffd210
ffffeb85
fffff2a1
ffffde35
fffffc81
fffff13a
fffff2d2
fffff0be
fffff03c
ffffeac2
fffff888
ffffff4a
fffff7a3
ffffebcc
ffffe686
ffffea6a
ffffecf9
ffffec6e
ffffdb9f
ffffeae5
ffffeea6
ffffdf27
ffffd7e6
ffffe55b
ffffec21
ffffe784
ffffd7eb
ffffe426
ffffe960
ffffe3d0
ffffd868
ffffc78f
ffffda8b
fffff2cf
fffff3a8
ffffe0e8
ffffff84
fffff021
ffffff18
fffffb93
fffff803
ffffee73
ffffebf7
fffff730
ffffec35
ffffef02
fffff89f
fffff2cb
fffff0f6
fffff18b
ffffec14
ffffefa2
fffff30f
ffffdf69
ffffdb99
ffffdeeb
ffffe634
ffffebd2
ffffe792
ffffdabb
ffffdfb1
ffffe3a0
ffffe470
ffffdcbf
ffffe332
ffffed22
00000379
ffffdd31
fffff7ed
ffffff51
0000146e
00000bf1
00000a5a
00000076
000000fa
0000157e
00001987
00000d4d
00001022
00000538
00000134
ffffffb2
000001c6
000002a1
00000c0a
fffffc19
fffff26b
fffffd71
000005b9
00000a8e
00000696
ffffee44
fffff185
fffffc5d
00000593
fffffa25
fffff685
00000729
00000fb1
fffff754
000007c3
ffffe386
ffffe768
ffffe347
ffffe53b
ffffdcec
ffffdf48
ffffe76f
ffffdfaa
ffffd7df
ffffd5ac
ffffdb67
ffffd9a1
ffffe6af
ffffe8c9
ffffed02
ffffef04
ffffe2f6
ffffdcdb
ffffddff
ffffde89
ffffe976
ffffe86e
ffffe527
ffffdb52
ffffe3ef
ffffd626
ffffd6c6
ffffd46e
ffffdc0c
ffffdd66
ffffd0e2
ffffed5b
00001290
fffffd3e
00000677
fffff8cc
fffffbcc
fffff9c7
fffffd7d
ffffff78
fffffa8e
fffffa3a
fffff886
fffff677
fffff6f3
fffff5ba
fffffc5d
fffff7f8
fffff9db
fffff925
fffff1d0
fffff465
fffffa02
fffff6d1
fffff718
fffff819
fffff5bd
fffff832
fffffa5a
fffff85f
fffffa9a
ffffff8a
000000c2
ffffee78
fffff48f
ffffbe1e
ffffd736
ffffc7ec
ffffcffc
ffffcf77
ffffd0aa
ffffd311
ffffcf04
ffffccca
ffffce33
ffffca5d
ffffcc13
ffffc4e8
ffffca9e
ffffcb87
ffffce80
ffffcf50
ffffc310
ffffbf82
ffffc4b9
ffffc779
ffffc00a
ffffbf01
ffffbd3f
ffffc37e
ffffc9aa
ffffcc03
ffffcd87
ffffcecb
ffffd0aa
ffffcaa9
fffffe89
ffffd067
ffffe597
ffffcfbd
ffffcf1a
ffffcc03
ffffc9cb
ffffd09b
ffffd4b9
ffffda71
ffffd3db
ffffd0b0
ffffd77b
ffffcfb3
ffffcef5
ffffd2c2
ffffdb83
ffffd9a3
ffffd375
ffffcb94
ffffce5e
ffffceb2
ffffcff9
ffffcdf8
ffffca58
ffffcc20
ffffcb61
ffffcb83
ffffcd13
ffffca8f
ffffdbb5
ffffd3b9
00000222
ffffbf48
ffffd6ae
ffffbd8c
ffffb567
ffffabd1
ffffac7e
ffffa96b
ffffb951
ffffc7f9
ffffc0ea
ffffc93b
ffffcd61
ffffcc77
ffffc045
ffffbe90
ffffc106
ffffc09e
ffffc1a6
ffffc067
ffffc2f5
ffffc4f9
ffffd07a
ffffcb90
ffffc564
ffffc4f8
ffffc4a8
ffffc0b0
ffffc3f5
ffffc154
ffffd92d
ffffd4c8
fffffaaf
ffffbe6c
ffffd68a
ffffc30a
ffffc14f
ffffa490
ffff9f7e
ffff87b2
ffff8c5b
ffff9f1b
ffffbe13
ffffc5e0
ffffcc05
ffffd81a
ffffcc31
ffffc5b8
ffffbe06
ffffba16
ffffbea5
ffffc6b7
ffffcb74
ffffc72e
ffffcd6f
ffffc5d8
ffffc255
ffffc72e
ffffc9d2
ffffc339
ffffc2ce
ffffc267
ffffd038
ffffd5a9
fffffdbd
ffffca54
ffffda86
ffffc960
ffffbe17
ffffa555
ffff949f
ffff6c49
ffff7ae9
ffff9bd2
ffffcb59
ffffd691
ffffc862
ffffd8c9
ffffd6c4
ffffd3aa
ffffc8e9
ffffbfd9
ffffc374
ffffc91d
ffffc740
ffffbd56
ffffc556
ffffc2c5
ffffc460
ffffd39e
ffffd33e
ffffcb04
ffffc778
ffffca53
ffffd338
ffffd98c
fffffe3e
ffffce44
ffffd8ea
ffffc730
ffffc90a
ffffb589
ffffa6cc
ffff8da5
ffff8518
ffffa064
ffffd20c
ffffd167
ffffcca7
ffffd2ad
ffffdbbe
ffffd1e3
ffffcb56
ffffcc5a
ffffd1a0
ffffd4a2
ffffc9b4
ffffc69d
ffffc76d
ffffc936
ffffca48
ffffd605
ffffd187
ffffd1fb
ffffcdaa
ffffcd23
ffffd3b5
ffffd6f7
000002f8
ffffcbca
ffffcfe2
ffffc64f
ffffcee6
ffffcb9c
ffffc2c6
ffffb774
ffffbd36
ffffba1c
ffffc122
ffffcfbf
ffffca39
ffffcebe
ffffde92
ffffcee7
ffffc49d
ffffc1c1
ffffc879
ffffd3d1
ffffd244
ffffccd7
ffffc8b6
ffffb4dd
ffffb9bf
ffffc40a
ffffc5f9
ffffc1a4
ffffc7b0
ffffc44c
ffffcc8d
ffffd328
000001b5
ffffb388
ffffc71e
ffffb404
ffffc1ae
ffffbe35
ffffc60a
ffffa263
ffffc472
ffffc4f9
ffffbba2
ffffbb76
ffffb97b
ffffcabe
ffffd7cf
ffffc8e0
ffffb45b
ffffb70d
ffffb478
ffffc4dd
ffffcb99
ffffc1da
ffffb20e
ffffa81c
ffffb10b
ffffb8ce
ffffbcdb
ffffbca9
ffffc491
ffffbc94
ffffcb18
ffffca88
ffffefbc
ffffac30
ffffbc03
ffffa7a1
ffffb3e9
ffffb08a
ffffc8a6
ffffa610
ffffc311
ffffd65c
ffffbd8c
ffffab79
ffffb3cb
ffffbdb9
ffffd253
ffffdfa5
ffffbbe1
ffffacd2
ffffa388
ffffaa1c
ffffa29c
ffff99e5
ffff9935
ffff9ddc
ffffa8ca
ffffadd3
ffffabc1
fffface9
ffffaf16
ffffa95c
ffffb637
ffffba14
fffff53e
ffffbc93
ffffd3c1
ffffbea2
ffffbbda
ffffb194
ffffb31c
ffffa5d0
ffffba8e
ffffe591
ffffcda5
ffffaa0a
ffffb9c1
ffffcbbd
ffffc34b
ffffd978
ffffcd9c
ffffc721
ffffbdad
ffffb674
ffffb341
ffffb62f
ffffb801
ffffc2e2
ffffc3d9
ffffc301
ffffbdf2
ffffb784
ffffbba1
ffffae0a
ffffbb78
ffffb71b
fffffe31
ffffbf02
ffffdabf
ffffcb08
ffffc2fa
ffffbec9
ffffb5a6
ffffa660
ffffa680
ffffccb2
ffffd6f9
ffffb617
ffffc45f
ffffc932
ffffc7cc
ffffbdbc
ffffc27a
ffffcc50
ffffce17
ffffc40c
ffffc277
ffffbec4
ffffbd94
ffffc109
ffffc9b4
ffffc88f
ffffc5c4
ffffbe59
ffffbf18
ffffb782
ffffce3d
ffffca3a
00000341
ffffc520
ffffddf3
ffffd04d
ffffcb85
ffffc172
ffffbeeb
ffffbb10
ffffa5ae
ffffd20f
ffffda91
ffffc6d2
ffffbc96
ffffb7a8
ffffb9ac
ffffb5bf
ffffaa4b
ffffbe2c
ffffc6ca
ffffc5b4
ffffc456
ffffc762
ffffc346
ffffc4bc
ffffc892
ffffc7f6
ffffc67d
ffffc2c5
ffffc22e
ffffbd21
ffffd524
ffffcf50
0000025d
ffffc843
ffffe3ee
ffffd033
ffffcb5a
ffffc5b7
ffffb36d
ffffac8a
ffffa8f9
ffffcdd3
ffffcd44
ffffbd6b
ffffb6eb
ffff9f58
ffff906d
ffffa5c1
ffffc5a9
ffffdf60
ffffe803
ffffdf43
ffffd0d8
ffffcb2c
ffffc6ad
ffffc829
ffffc972
ffffc4d7
ffffbb2b
ffffcc53
ffffcec9
ffffc316
ffffd321
ffffcda9
fffffe47
ffffcbd8
ffffe3f7
ffffcfd9
ffffce84
ffffc695
ffffb2f5
ffffabd1
ffffad71
ffffd0f9
ffffc7be
ffffb84a
ffffadd5
ffff906d
ffff878e
ffffaac5
ffffcca6
ffffe062
ffffda00
ffffd744
ffffd83c
ffffebce
ffffec20
ffffeaf3
ffffdeb7
ffffda92
ffffc75c
ffffca4f
ffffd6e5
ffffc9f3
ffffd44a
ffffcf93
00000074
ffffccc6
ffffe352
ffffd553
ffffd74a
ffffcd5f
ffffb510
ffffaa57
ffffabb9
ffffc95e
ffffbadd
ffffc672
ffffbaa5
ffff9e5c
ffffa3fb
ffffb988
ffffc3c8
ffffca18
ffffc11a
ffffc362
ffffd495
ffffe47d
ffffece8
ffffeb59
ffffee44
ffffed31
ffffdbf5
ffffc86f
ffffe03d
ffffcf4c
ffffd3b2
ffffd429
000003df
ffffd05b
ffffe509
ffffda4d
ffffdc03
ffffd46c
ffffb975
ffffac96
ffffa410
ffffca1f
ffffbff4
ffffca9c
ffffc0d0
ffffb2bf
ffffc160
ffffc856
ffffc948
ffffc412
ffffc70a
ffffc7fe
ffffcf5f
ffffd6fc
ffffdbb2
ffffdbf5
ffffe24c
ffffe950
ffffe3bd
ffffcc0f
ffffdb66
ffffd8c1
ffffd947
ffffd960
00000203
ffffd6f8
ffffe8c6
ffffdc5f
ffffdcfc
ffffdb66
ffffc6e6
ffffb956
ffffa5bd
ffffc714
ffffce7c
ffffdc5d
ffffc81a
ffffc318
ffffd3f5
ffffd520
ffffd934
ffffd302
ffffcf09
ffffd117
ffffd2c5
ffffd8c0
ffffe1a1
ffffe0b3
ffffdeed
ffffe146
ffffe8b0
ffffd9e4
ffffd87d
ffffdce5
ffffdc25
ffffdbb9
ffffff32
ffffd326
ffffe35a
ffffd8a5
ffffdc5b
ffffe505
ffffdbec
ffffcc49
ffffa37b
ffffc153
ffffc756
ffffcd9f
ffffb86d
ffffc57e
ffffd8c0
ffffdd2d
ffffda2b
ffffd7a4
ffffd710
ffffd3d8
ffffd221
ffffd1e1
ffffd95f
ffffdd98
ffffdf28
ffffe380
ffffe506
ffffdb4c
ffffd31a
ffffdc64
ffffdd30
ffffdccf
fffffd50
ffffd2da
ffffde44
ffffd5b6
ffffd8b6
ffffe043
ffffe455
ffffd492
ffffa55a
ffffbaa8
ffffd2cf
ffffd973
ffffb710
ffffce06
ffffdd3b
ffffddf5
ffffd6d7
ffffd5dc
ffffd794
ffffd480
ffffd336
ffffd0f3
ffffd02b
ffffd448
ffffd690
ffffdaf4
ffffe1c3
ffffe130
ffffcfee
ffffdc3a
ffffdb9b
ffffd8f7
ffffff28
ffffd65e
ffffe207
ffffd830
ffffd52d
ffffd75a
ffffdfde
ffffddd3
ffffbeb7
ffffab13
ffffc4c3
ffffcffc
ffffb64f
ffffcd51
ffffd5e5
ffffcd7f
ffffcc11
ffffcd3b
ffffd48a
ffffd3d9
ffffd01d
ffffd58a
ffffd309
ffffd55f
ffffdb7c
ffffda28
ffffe553
ffffe5cf
ffffd37f
ffffdab4
ffffdb0c
ffffd9aa
00000015
ffffd5ca
ffffe520
ffffd692
ffffcf7c
ffffcd6c
ffffcde7
ffffd575
ffffcfe7
ffffaa74
ffffb45d
ffffcad0
ffffbe1b
ffffc939
ffffc67c
ffffbf3d
ffffccb5
ffffcfc7
ffffd909
ffffdb44
ffffd5bb
ffffd185
ffffd297
ffffcfae
ffffd94c
ffffda2b
ffffe1e1
ffffe198
ffffd237
ffffdd55
ffffd92c
ffffd9c3
ffffff80
ffffd769
ffffe004
ffffcf66
ffffca67
ffffc85f
ffffccfe
ffffd6d0
ffffda80
ffffc48b
ffffac83
ffffc357
ffffc494
ffffbc99
ffffbb95
ffffb73a
ffffd181
ffffd868
ffffdcf4
ffffd1fc
ffffdaa5
ffffd4a8
ffffd6e1
ffffd70e
ffffdcc6
ffffd879
ffffde3d
ffffdf0e
ffffd341
ffffd7d6
ffffd290
ffffd2bb
00000361
ffffd589
ffffd98a
ffffc6dc
ffffc652
ffffcd5f
ffffcc58
ffffd109
ffffcebd
ffffc6b3
ffffb35c
ffffca3e
ffffccc9
ffffcecf
ffffd6fd
ffffc63d
ffffc661
ffffcd3e
ffffcf34
ffffc4cb
ffffc595
ffffca86
ffffc9a5
ffffce60
ffffd4cc
ffffd0ec
ffffd7e0
ffffe534
ffffd77d
ffffd2e2
ffffd5b1
ffffd1ba
fffffe17
ffffcaa5
ffffd323
ffffc88d
ffffc7ca
ffffc95e
ffffc2a1
ffffc916
ffffc981
ffffc28c
ffffc78e
ffffd70f
ffffdcaf
ffffd9dd
ffffdc58
ffffcc03
ffffbcaf
ffffc9bd
ffffc7f5
ffffbfe7
ffffbb6e
ffffbd80
ffffbb8c
ffffc6ea
ffffd4c5
ffffd4c6
ffffdc3a
ffffe430
ffffe232
ffffd1ac
ffffd6b8
ffffd22c
ffffff63
ffffcc6c
ffffde41
ffffd3db
ffffcbf9
ffffd1c0
ffffcaee
ffffd3a7
ffffd4c7
ffffcb0a
ffffcb36
ffffd0fb
ffffc188
ffffbb35
ffffb3cd
ffffbb47
ffffb92e
ffffd800
ffffc177
ffffbc1f
ffffad32
ffffa92c
ffffb13e
ffffcba8
ffffce54
ffffde6d
ffffdc81
ffffd811
ffffd0e7
ffffc097
ffffc86f
ffffc154
fffffd1e
ffffc28d
ffffd701
ffffd0bf
ffffd7e4
ffffe502
ffffdd44
ffffe45d
ffffddb5
ffffd2e4
ffffc56c
ffffcbbb
ffffc407
ffffb137
ffff9dfd
ffffa497
ffffb40b
ffffdcdd
ffffced3
ffffcf13
ffffc48b
ffffc453
ffffb313
ffffd2f4
ffffcd43
ffffd3fa
ffffd8b8
ffffdf9f
ffffd2ce
ffffc8bb
ffffc9f6
ffffc7cf
fffff7d8
ffffc365
ffffd84f
ffffcecb
ffffd7a8
ffffdd63
ffffd8e7
ffffd919
ffffd62b
ffffc918
ffffc53e
ffffc93c
ffffcf47
ffffc840
ffffb167
ffffa996
ffffa7c2
ffffd08f
ffffd0ef
ffffe15a
ffffe6d9
ffffe0c8
ffffd829
ffffcdca
ffffcfdf
ffffce87
ffffe82f
ffffef76
ffffdec2
ffffe839
ffffea02
ffffdbd5
00000380
ffffcd3d
ffffeeda
ffffdc91
ffffdfff
ffffe947
ffffe07b
ffffd672
ffffdb95
ffffda97
ffffdbaa
ffffd5ff
ffffcf50
ffffd2f1
ffffcbf8
ffffca31
ffffcb6e
ffffd317
ffffd3f0
ffffec9b
ffffdccf
ffffd0c1
ffffc51b
ffffc108
ffffc61a
ffffb71b
ffffcb3c
ffffd5a0
ffffcd5b
ffffe0ba
ffffeb64
ffffd2de
ffffffb0
ffffd0d1
ffffe803
ffffdc57
ffffdaa9
ffffdf6c
ffffd6b4
ffffd2a2
ffffe4ec
ffffdfc2
ffffe624
ffffe11a
ffffda3c
ffffe17f
ffffe27c
ffffdc1c
ffffda37
ffffde67
ffffd733
ffffe898
ffffdf16
ffffe636
ffffd8a5
ffffda57
ffffde8e
ffffcf9a
ffffca07
ffffc505
ffffcb5f
ffffda89
ffffe47b
ffffd6f6
ffffffd4
ffffcdce
ffffe0fb
ffffd15e
ffffce0e
ffffcda4
ffffc926
ffffc224
ffffdb01
ffffd85d
ffffdde3
ffffdba5
ffffdd1e
ffffd01c
ffffced9
ffffd108
ffffc395
ffffd4c4
ffffc9e0
ffffd3c9
ffffd9ae
ffffd201
ffffd602
ffffd561
ffffcd43
ffffc9d0
ffffc42a
ffffc559
ffffce83
ffffcd81
ffffdc88
ffffd272
fffffa00
ffffd55d
ffffe246
ffffdd29
ffffdc6f
ffffdc0d
ffffdc1d
ffffd92f
ffffe47d
ffffdc07
ffffd9d8
ffffdc5a
ffffdf20
ffffe22e
ffffe41c
ffffe501
ffffd6da
ffffe143
ffffdafc
ffffdab1
ffffdaac
ffffd71e
ffffd994
ffffe608
ffffe822
ffffe497
ffffe180
ffffdf7d
ffffde9c
ffffd961
ffffd6a2
ffffd3d7
000005be
00000ef6
00000fd7
000014ec
000010bc
00000ae2
00000d55
00000b1f
00000fca
00000d12
00000e54
000014ef
0000101c
00000fb4
00000f83
00001265
000010bf
000007ee
00001388
00001072
000005d8
00001093
00001940
00000fd4
00000e3b
000012d6
00001219
00000e82
000013aa
00000bb7
0000114f
00000869
fffff2ff
fffffca7
fffffb15
00000978
000004b4
fffffec0
fffff7c2
ffffefa6
fffff231
fffffb61
000007cc
00000a4b
0000061b
00000c38
000008da
00000558
00000388
fffff8d6
00000962
000009a9
fffff7b7
fffffba2
0000054f
fffff5d1
fffff6f7
fffffdee
fffffeeb
fffffb98
ffffff77
fffff0c4
00000235
fffff20c
fffffc26
00000bb7
00000668
0000151f
00000ec7
0000045c
ffffed9e
ffffe367
ffffe2eb
00000538
000009cf
000008a5
00000464
000011c0
00001944
00000d19
00000d37
0000066f
00001375
00001028
0000062d
0000095d
00000cf3
0000043d
000004c6
00000d82
00000e3d
000009ff
00000b99
fffffff8
00001254
fffffa0f
fffff8dc
000006f5
fffffff0
00000641
fffffb48
ffffd92e
ffffb34f
ffffc20e
ffffd2c9
fffff1cc
fffff7b3
fffff1ff
ffffedb7
fffffe4e
0000133a
00000260
0000008c
fffff72a
fffff48f
00000090
000000c5
fffffed0
000003d1
000002af
0000017a
00000357
000004e1
000002c3
fffffd8a
fffff41e
000006c3
fffff1f4
fffff4b0
00000a90
000006e4
000004b5
fffffcb6
ffffd49e
ffffb2ba
ffffb57e
ffffd726
fffff37f
fffff316
ffffeda2
fffff1b7
fffffa62
0000144b
00000884
00000053
fffff732
fffff636
fffffa5a
00000695
000000f0
0000002e
00000521
000003d2
00000038
00000604
000003fd
fffff6dd
fffff15a
fffffba2
ffffed0c
fffff5c9
00001544
000010d2
00000417
ffffedff
ffffc906
ffff958a
ffffb5be
ffffff12
00001f18
00000df4
fffffc2a
ffffed95
fffff13d
00000c98
00000899
00000796
00000332
fffffac4
fffff794
000003e4
000005f2
000002ea
000003d4
00000548
00000406
000007a9
0000062c
fffffaee
fffff3cf
fffffb52
fffff05c
fffff2d6
00000e11
000009a3
ffffed75
ffffce2a
ffffbb8f
ffffa52f
ffffb551
00001ac2
00002e5a
fffffccd
ffffeba7
ffffde59
ffffeaa3
000004b2
000007c7
00000385
00000639
fffff82c
fffff4eb
0000022b
000008de
0000002e
fffffdab
000006ae
fffffe5c
000001bd
fffffece
fffffd75
ffffeec7
ffffefb0
ffffee50
fffff725
0000000f
fffff280
ffffeb05
ffffd7bb
ffffc7c5
ffffb9ad
ffffd652
00000b42
00001299
ffffda14
ffffed6e
ffffe74f
ffffe114
ffffecc7
00000714
fffff396
000001f6
fffff55a
ffffe8ac
ffffe9d7
ffffee5b
ffffed37
ffffeab0
fffff159
fffff29f
fffff10c
fffff2eb
fffff3bd
ffffe6d2
ffffec1d
ffffdee9
fffff320
fffffb3b
fffff98e
fffff7e4
ffffe5cb
ffffd505
ffffe28b
ffffd2b1
ffffeb30
ffffd5ae
ffffcba6
ffffeacf
fffff907
ffffedc8
ffffce72
fffff41f
fffffe7e
fffffffb
ffffe88d
ffffda21
ffffd49c
ffffe180
fffff378
fffffdef
fffff49a
ffffee7b
ffffeecc
fffff644
fffff5fc
ffffebfc
ffffecbc
ffffd04f
fffff9b2
00001714
00000ca1
000018c0
000005f4
ffffe078
fffff8b0
ffffe7d4
ffffd004
ffffc237
ffffcb0e
00000935
0000236c
0000002b
ffffe142
ffffe3f2
fffff63b
00000e05
fffffb69
ffffe621
ffffe958
fffff547
00000a99
00001831
000009d9
0000060b
00000849
00000c83
000002d7
fffffe31
fffffd06
ffffcb39
ffffff9c
000032c2
00002208
000027e5
000021d9
00000141
fffff324
ffffe745
ffffda3e
ffffd62e
ffffdbcf
00000f3f
000024ab
00001a82
fffff0a6
fffff99e
fffff6cb
0000183f
00000a28
00000060
00000e8a
0000152f
00001ac8
00002464
00002446
000018d7
00001634
00002452
00001d6d
000014f7
00000927
ffffd074
fffff4f1
00002be0
00001c83
00001f86
00002a82
000020b8
ffffef34
ffffdb98
fffff010
ffffe129
ffffe398
00001b01
00002674
000022f2
000002ce
ffffe211
fffff4b2
00000704
fffffd02
fffff0f5
ffffff43
0000119b
00000aff
0000124b
00001487
0000215f
00001fdd
0000222e
00001fae
0000195f
00001596
ffffda50
ffffeb00
00001a2f
00000e61
000015dc
00001996
000013f1
ffffefc5
fffff3fd
00000563
00000e70
fffffffc
00002622
00001bf1
00000028
00000818
fffff405
ffffee0c
fffff690
ffffed26
ffffebe2
fffffafa
fffffa55
fffff2a6
fffff4b3
fffff806
fffffda3
000009d1
00000967
00000cdc
00000745
000005fc
ffffd898
ffffee94
00001423
0000031f
0000089b
00001128
00000785
ffffddd1
ffffe9d4
000001cd
00001785
fffffd88
00000ad0
fffff1c9
ffffdf4f
00000b16
0000217d
00001f17
00000914
00000476
000002ac
00000e8a
000007bf
00000042
ffffff24
fffff36a
ffffe449
ffffed5d
fffff691
000004ce
0000059b
ffffffac
ffffd72e
fffff1b6
00000cf9
fffffe1f
0000092d
000011d1
fffffe6e
ffffd184
ffffd8b3
ffffeb7c
ffffec31
ffffe580
ffffeaa1
ffffdfa0
ffffd03e
00000145
00000a31
00000bc6
00000b0d
000007eb
00001f8d
00002ffa
000028d5
00002685
000021ea
00000ac5
fffff22f
ffffdd61
fffff073
00000795
ffffff6e
ffffff39
ffffd83b
fffff85b
0000099a
0000071e
000010ba
00001670
fffffbb5
ffffc7f0
ffffc8ac
ffffd68e
ffffde68
ffffda40
ffffdd58
ffffe154
ffffde81
ffffec7f
fffff00a
fffff699
fffffd5c
fffff8df
000012ac
00001904
00001b17
00001f1f
00002862
000023bd
0000055c
ffffe147
fffff1bd
000005e4
fffff899
fffffb83
ffffdf1f
fffffee3
00000d42
00000a01
0000117c
000012cd
fffffafa
ffffc73e
ffffb9bf
ffffc562
ffffda2d
ffffd972
ffffd9be
ffffde91
ffffe854
ffffea8a
ffffe995
fffff998
000000fc
00000282
00000c1f
00000ee4
0000121a
000010e8
000009f3
00001a4e
0000047e
ffffed34
ffffe741
00000c4f
fffffaf3
fffffc93
ffffe5d1
000002d8
00001028
00000da9
000009f4
00000e75
ffffffe8
ffffcef9
ffffb2bb
ffffc197
ffffd485
ffffdc37
ffffe031
ffffe1d2
ffffed58
fffff755
00000282
0000023e
000005b8
00000731
000006aa
00000499
00000ed3
00000ccf
0000010a
00000f0c
0000043f
ffffe7e1
ffffe5c9
00000745
fffffee6
000003af
ffffe7ea
00000647
00000f31
00000bcd
000004e6
00000ba7
00000db8
ffffec8e
ffffbc04
ffffc8ab
ffffe408
fffff29b
ffffdaa9
ffffd5cd
ffffe94a
fffffd12
000008ab
00000cca
00000778
000009c9
00000d75
000008cb
0000045b
00000974
0000079b
00000f8e
000008fa
fffff2dc
fffff541
00000a76
0000042d
0000014f
ffffebca
0000065f
00000cc5
00000958
00000082
00000a31
000015f2
000001d2
ffffd49e
ffffce72
ffffe1f9
fffff4ca
ffffe53a
ffffc993
ffffcb2f
ffffdce5
00000087
00000a90
00000c3d
0000082b
00000da9
0000002b
fffffead
00000b25
000007b0
0000070f
000004b8
fffff0eb
fffff1b2
fffffb18
fffff653
fffffbf5
fffff181
000007f7
00000908
0000039b
fffffd53
000003e3
00000f8a
000005dd
ffffea72
ffffdbef
ffffdef7
fffff138
ffffef0b
ffffced3
ffffc8ce
ffffd10f
fffff5f8
fffff5ac
000002b7
000001d8
fffffda3
fffff86d
fffffa00
000004e0
000001fc
000002ae
0000065d
ffffeb3c
ffffe9e6
fffff68d
fffff22d
fffffa1b
ffffefa6
000005ff
0000049f
00000420
000000ce
ffffff32
000001ea
00000294
ffffed9c
ffffcc19
ffffd827
ffffe4ba
fffff639
fffffcec
fffff3d1
ffffe15d
ffffeb0d
ffffd8ba
fffff41a
fffff5d3
fffff4dc
fffffd54
000008be
00000182
0000036e
000009ee
000008a8
ffffee83
ffffe7ae
fffffa4c
fffff968
00000100
ffffeda5
fffffd5b
fffffa3d
fffffe04
0000069e
fffffded
ffffff31
000008e8
000009ff
ffffdb37
ffffba32
ffffe290
fffff245
fffffed7
000009a9
fffff03b
ffffdd05
ffffd214
ffffe943
fffff436
fffff574
fffffeaf
000004df
fffffb59
0000025c
00000e18
00000976
ffffeec5
ffffed83
fffffef4
ffffff12
00000439
ffffe52d
fffffba3
00000341
0000053e
00000ea7
0000092b
00000515
00000e96
000019cb
000000a3
ffffd409
ffffcffe
ffffea78
fffff2cc
0000134e
00001128
fffff5a0
ffffe4c9
fffff721
ffffff4c
fffff2ec
ffffe4da
ffffdee3
ffffe027
fffff9c2
0000092a
ffffffb6
fffff253
ffffe798
ffffea60
fffff77b
fffff940
ffffd39e
fffffdfe
000008a8
00000979
00000f4a
000012bd
000001d0
fffffe7a
00001386
000005ea
ffffed58
ffffcc1b
ffffd5fb
ffffeb54
0000088b
0000094e
00000333
ffffef9e
0000069c
00001bd7
00000515
fffffa99
ffffcf3a
ffffcc07
ffffedda
000000e9
fffff89f
ffffefc3
ffffe7a1
ffffe6c2
fffff72a
fffff3d5
ffffcdf8
000001fe
000013ea
00000298
fffff91a
0000080f
00000a2b
00000558
00000c69
000000c3
fffff616
ffffcfc0
ffffcf6d
ffffd00f
fffff012
ffffe354
ffffe3db
ffffef38
000009e5
00001880
0000193d
00000015
ffffda2f
ffffbbfb
ffffde35
fffff38a
ffffee51
fffff00e
fffff796
fffff543
fffffbf4
fffff2b6
ffffc224
fffffbdd
00001110
fffffde1
ffffface
00000e83
000016da
00000a43
00000c01
000001a5
fffffee0
ffffce1c
ffffd022
ffffda53
ffffd6f8
ffffd29f
ffffce3f
ffffd39e
00000110
0000025a
000001f5
000003a9
fffff1ed
ffffc07a
ffffc064
ffffe4f6
ffffe147
ffffd9a4
ffffe87e
fffffbc6
fffff717
ffffeb12
ffffd6a5
fffff561
000005e6
fffff22f
fffff2a5
0000019e
00000521
fffff96d
fffff0eb
fffff99b
fffff72c
ffffe387
fffff0f6
fffffbf3
ffffd92c
ffffc237
ffffc8da
ffffdf4c
ffffee0c
ffffe78c
fffff173
0000020a
00000caf
ffffe26d
ffffde74
fffffff2
fffff512
ffffdca5
ffffd836
fffff525
ffffeab3
ffffe0e1
ffffdd51
ffffe99b
00000533
0000029f
fffffb0e
ffffff5e
fffff9e7
fffff823
ffffe964
fffff183
ffffe91d
ffffdc3d
ffffe815
fffff800
ffffeda4
ffffddc0
ffffe3f0
fffff2ad
fffff6b3
ffffeca9
fffff4f1
fffff894
fffff7de
ffffec19
ffffdaf7
000012e4
000003c5
ffffcf00
ffffd10c
ffffef0d
fffffc95
ffffef61
ffffe24c
fffff2b5
00000be3
0000022f
00000030
00000fbd
000001a7
000001f5
fffff7a0
fffff4f7
fffff276
ffffe5e9
ffffe8a1
fffff6ec
0000017b
fffff374
fffff7ca
ffffffe0
0000023c
00000873
fffffacd
fffffe79
00000b62
00000a68
fffffa1c
00000032
fffffe42
ffffeb4a
ffffea1a
fffffcb3
fffffe68
ffffe605
ffffd3c3
fffff079
fffff994
fffff147
fffff173
fffff8f9
ffffe9d0
ffffdc17
ffffde6b
ffffe32b
ffffe629
ffffeff1
fffff009
ffffec1b
fffff1b1
ffffecca
ffffe3f5
ffffef2c
ffffe4f6
fffff476
ffffeb01
fffffac4
0000068e
00000a5b
fffffd10
ffffff69
fffff40f
ffffe48a
fffff32a
fffff6d3
ffffe21e
ffffdf80
ffffcf86
ffffffad
00000cbc
00000074
00000022
000003d7
fffff7af
ffffed23
fffffc9c
00000758
0000053d
00000adc
00000c52
ffffff03
fffffd22
fffff8c4
fffff835
fffff8b5
fffff212
fffff9c2
fffff856
ffffef91
fffff8ec
fffffefd
fffffc33
fffffaf6
fffffd4b
fffffbe6
00000440
fffffbaa
ffffea44
ffffea50
ffffe48e
fffff0f9
ffffea99
ffffe021
ffffe1ba
ffffe6e4
ffffe84c
ffffec7a
ffffe71d
ffffdf46
ffffe38f
ffffdec1
ffffe119
ffffe365
ffffe697
ffffe5bd
ffffe4ef
ffffeb85
ffffde59
ffffdc13
ffffe68a
ffffe80d
ffffd8ca
ffffe4e1
ffffec83
ffffe40f
ffffdfc4
ffffe84b
ffffef30
ffffed10
ffffda1f
ffffe5a1
fffff2cc
ffffe37c
ffffdcb9
ffffc0a8
ffffcbab
ffffd63b
ffffda3e
ffffea97
ffffd786
ffffccef
ffffdcd8
ffffd42e
ffffd801
ffffdd66
ffffddb6
ffffd9b7
ffffd7b6
ffffe22b
ffffd0d2
ffffcd76
ffffe13d
ffffdf06
ffffc7fe
ffffd26c
ffffdc3f
ffffd072
ffffcb86
ffffdcec
ffffe40c
ffffdd30
ffffc0cc
ffffcf1e
fffff457
ffffe61f
ffffe3d3
ffffd297
ffffd0d3
ffffe1d5
ffffeef6
fffff9cf
fffff266
ffffddc6
ffffd8b3
ffffd215
ffffd9ad
ffffe308
ffffd70e
ffffdb55
ffffd8a5
ffffe0ff
ffffd47e
ffffd412
ffffef47
ffffe7da
ffffdad5
ffffe0e4
ffffeadd
ffffe012
ffffd3ba
ffffde6d
ffffde02
ffffdcef
ffffcb69
ffffd429
000001b7
ffffe4db
ffffdfc7
ffffd0af
ffffd26c
ffffe71e
00000790
00000e27
fffff5d6
ffffd78e
ffffc5d8
ffffca4b
ffffe184
ffffd559
ffffc589
ffffd508
ffffdb94
ffffd928
ffffd0c5
ffffd55e
ffffeeb2
ffffe15f
ffffddc3
ffffe02c
ffffe392
ffffded7
ffffd8e0
ffffddbe
ffffde7d
ffffe3bd
ffffd461
ffffd8e3
00000182
ffffdb48
ffffd5e9
ffffd223
ffffd7d2
ffffefaf
00001301
0000120a
ffffdd8c
ffffbe97
ffffbac3
ffffbeee
ffffdc6f
ffffcafe
ffffb61d
ffffd297
ffffe171
ffffd71a
ffffd94d
ffffee54
fffff1d2
ffffdb86
ffffd8e8
ffffd95d
ffffdbc7
ffffe0b9
ffffd9a4
ffffdc15
ffffdf9a
ffffed7f
ffffdd07
ffffdc02
000000a4
ffffddf3
ffffd81d
ffffd963
ffffe861
fffff64c
000027c6
00003409
ffffdd6c
ffffb8f5
ffffcf24
ffffd250
ffffe3f2
ffffc94a
ffffbe44
ffffdea6
ffffe272
ffffd66d
ffffe663
00000385
ffffee7a
ffffcef4
ffffcfb2
ffffdb29
ffffdfd4
ffffe325
ffffdbba
ffffda51
ffffdef4
ffffea61
ffffe14c
ffffe6ea
00000296
ffffe87a
ffffd36e
ffffdc73
fffffc13
00000b3a
0000205c
00001cbd
ffffc7d8
ffffb818
ffffe453
ffffe46f
ffffe57b
ffffdc10
ffffc594
ffffd64c
ffffd7e6
ffffcf51
ffffe927
00000699
ffffeae9
ffffd1f4
ffffdc6e
ffffe620
ffffe7b0
ffffe63b
ffffdbc6
ffffe06f
ffffe2c0
ffffec6b
ffffe101
ffffef17
00000852
ffffecc9
ffffc9f3
ffffde61
000005c2
00000e9d
fffffe71
fffff5de
ffffc89d
ffffc186
fffff31c
fffff14e
fffff138
ffffec4f
ffffd961
ffffd000
ffffc2bc
ffffd03b
ffffe962
fffff6fb
ffffe6d4
ffffdf65
ffffe051
ffffe361
ffffe5f0
ffffdd9e
ffffd74b
ffffdbc5
ffffdab7
ffffe506
ffffdbdd
fffff626
00000729
ffffef6c
ffffcfcd
ffffea07
fffffd7f
00000b41
ffffd485
ffffd8a1
ffffd46c
ffffd8ea
fffff56c
ffffefd6
ffffe93e
ffffef6f
fffff022
ffffd51c
ffffc33a
ffffc6a3
ffffe998
fffff727
ffffe589
ffffecc8
ffffef8c
ffffe78c
ffffebb1
ffffe277
ffffec40
ffffe137
ffffe631
ffffe977
ffffe3b4
00000cb8
ffffface
ffffe5bb
ffffceae
ffffe72b
ffffef9f
fffff53a
ffffe15e
ffffc5bd
ffffe7e1
ffffda2b
fffffc3f
ffffede5
ffffd60d
ffffed27
000004bb
ffffeb3d
ffffccd5
ffffd18a
ffffe32c
000000ab
fffff45b
ffffef20
ffffdab6
ffffde7a
fffff78b
fffff8b7
fffff987
ffffe5ec
fffff4cb
fffff56d
ffffedb8
00001775
fffff65e
ffffd9f1
ffffb826
ffffd70a
ffffe8a2
ffffee12
00000750
ffffd601
ffffe6b6
ffffea57
fffff8dd
ffffcdef
ffffd6a2
ffffe964
fffff9fc
00000594
ffffe573
ffffb332
ffffcb23
ffffee95
ffffea84
ffffe9b0
ffffdff7
ffffdd90
ffffddaf
ffffe9e5
ffffe5d2
ffffdbf8
ffffe1f2
ffffe950
ffffe91a
00000fe4
00000175
ffffd882
ffffabf6
ffffd1ed
ffffdf5f
ffffd8f0
fffffceb
ffffea79
ffffd86b
fffff86d
ffffeed4
ffffbbfd
ffffd714
ffffe5de
ffffde03
00000349
fffff036
ffffb7a5
ffffbfe3
ffffe32f
ffffe49c
ffffe550
ffffdec7
ffffd320
ffffd350
ffffd2b1
ffffd027
ffffd108
ffffd5ac
ffffdc4f
ffffda63
00000320
00000b94
ffffdb02
ffffae0c
ffffd879
ffffe158
ffffd8ba
ffffec9c
fffff4af
ffffd592
ffffe2ad
ffffed3a
ffffd557
ffffd29a
ffffda3d
ffffe1ef
ffffdb20
ffffda84
ffffcdce
ffffd878
ffffdd3d
ffffdb19
ffffd8ba
ffffcc84
ffffcb51
ffffd5bc
ffffcde1
ffffc891
ffffc677
ffffcd1d
ffffd285
ffffd120
fffffa1a
00000b15
ffffdb3b
ffffb4d2
ffffd91b
ffffda72
ffffd29b
ffffe002
ffffe6cb
ffffd537
ffffcf48
fffff2f7
ffffdd8e
ffffc6ba
ffffd68c
ffffd716
ffffcdf2
ffffce49
ffffd41e
ffffeedb
000003cd
ffffeb1c
ffffdf6d
ffffcd7e
ffffbf2e
ffffcad7
ffffd03e
ffffd667
ffffc7de
ffffbd72
ffffca48
ffffd289
fffff6a9
00000732
ffffdca9
ffffc107
ffffd6a4
ffffcfb6
ffffcd40
ffffd70a
ffffdab1
ffffc3fa
ffffc183
ffffe7e2
ffffe18a
ffffc0bc
ffffd6aa
ffffd1dd
ffffd264
ffffe431
ffffe58c
fffff053
fffffbd6
ffffdb3a
ffffddea
ffffe04c
ffffcfd7
ffffd9b9
ffffead8
ffffede5
ffffd857
ffffb7fa
ffffc475
ffffd51a
fffff85a
000003d3
ffffe28d
ffffd57f
ffffdc8e
ffffcf03
ffffce90
ffffd09b
ffffde9c
ffffc53c
ffffb4c2
ffffe263
fffff8e9
ffffe5fd
ffffd7e1
ffffd60b
ffffe201
fffff102
ffffef1a
fffff442
ffffeb93
ffffe32b
ffffe53f
ffffea1e
ffffe3e2
ffffde1a
ffffeb37
000005d7
fffff09f
ffffb89b
ffffc3c7
ffffd20d
fffff2e8
fffffce3
ffffe229
ffffdaec
ffffe393
ffffde6e
ffffd237
ffffcfc4
ffffe236
ffffc800
ffffb1a1
ffffd961
000009ec
00000cd4
ffffd7c1
ffffd080
ffffed1e
ffffef20
ffffe55e
ffffeb8f
ffffe7c1
ffffe91a
ffffe866
ffffe7f6
fffff0b6
ffffec61
ffffe8c0
fffffcc8
fffff32a
ffffd473
ffffce7e
ffffd700
fffff17c
fffffa22
ffffe218
ffffde8e
ffffe784
ffffe701
ffffdbb2
ffffd873
ffffe505
ffffd09b
ffffb72f
ffffd78e
00000709
ffffff2d
ffffcd32
ffffd9af
ffffe31a
ffffe0bc
ffffdd7a
ffffe870
ffffe72b
ffffedeb
ffffeea1
ffffe88c
ffffeea7
fffff091
ffffeec5
ffffee7e
ffffe3f4
ffffe527
ffffdb8a
ffffd8ff
ffffed49
fffffcc2
ffffe08d
ffffdfd7
ffffe696
ffffe7af
ffffde77
ffffd9d7
ffffe455
ffffda95
ffffc173
ffffcc2c
fffff096
ffffeaa5
ffffccf9
ffffd754
ffffe37f
ffffd3c1
ffffdbe8
ffffea23
ffffe7e6
ffffeaed
fffff094
ffffebdc
ffffe6ff
ffffe73c
ffffec12
ffffef92
ffffdbda
ffffe390
ffffe5f7
ffffdeef
ffffeb61
fffffd36
ffffdeb0
ffffdd70
ffffe602
ffffe851
ffffe0dd
ffffda5f
ffffdd35
ffffec45
ffffc408
ffffb5ab
ffffcc2c
ffffe530
ffffe24a
ffffe1f9
ffffe907
ffffd813
ffffde43
ffffe921
ffffe35f
ffffe63e
fffff82e
fffff480
ffffe9ef
ffffeb6f
ffffee2e
ffffef98
ffffd645
ffffe359
ffffedcd
ffffe368
fffff234
0000043e
ffffe307
ffffe36a
ffffe574
ffffe2be
ffffe2d9
ffffde85
ffffd961
fffff05c
ffffce91
ffffa0fa
ffffabff
ffffcd56
0000027f
ffffe637
ffffdd30
ffffcfce
ffffd98e
ffffe218
ffffe758
ffffe981
fffff4d3
fffff202
ffffed0d
ffffeedf
ffffed7d
fffff023
ffffda5a
ffffdf06
ffffee45
ffffdbe1
fffff587
0000087e
ffffe736
ffffe413
ffffe58f
ffffe3d4
ffffe4e1
ffffe7cc
ffffe032
fffff043
ffffe273
ffffa6b6
ffff98fa
ffffc1d3
0000000b
ffffe91d
ffffcbf8
ffffce7f
ffffd589
ffffe082
ffffea7f
fffff6cb
fffff0bc
ffffeca6
ffffe8a3
ffffe5a1
ffffe7b6
fffff0c4
ffffded5
ffffdeaf
ffffe737
ffffd7c6
fffff58b
00000276
ffffed18
ffffea23
ffffe0ee
ffffe836
fffff1fa
fffff950
ffffec5e
ffffee9e
0000031e
ffffe22a
ffffae2d
ffffc252
ffffda5c
ffffebd3
ffffe34a
ffffe117
ffffcf51
ffffd2a2
ffffe0bb
fffff83f
fffff319
fffff420
ffffeeb5
ffffe1a9
ffffdb8c
fffff27c
ffffe572
ffffe1f6
ffffe7ee
ffffd181
fffff985
000004a0
fffff552
ffffe994
ffffdd56
ffffe502
fffff409
fffff956
ffffe8ca
ffffe5af
fffff744
fffffbd4
ffffcc5f
ffffdbce
ffffc0ba
ffffcdb0
ffffced4
fffff535
ffffcde1
ffffc210
ffffd845
ffffee99
fffff94b
ffffea72
ffffe308
ffffd8f7
ffffda12
fffff5f8
ffffed86
ffffdcb8
ffffdf5b
ffffceeb
00000449
0000069c
ffffeef0
ffffde98
ffffdd57
ffffe02d
ffffe76f
ffffed68
ffffd9b7
ffffd299
ffffd7a2
000003d2
fffff21f
ffffdee1
ffffbb88
ffffb083
ffffc020
fffff4b3
ffffe491
ffffd55d
ffffe58d
ffffde89
fffff932
ffffe723
ffffe848
ffffe3d6
ffffdef2
ffffeb63
ffffe690
ffffd163
ffffcd79
ffffc60e
000008ff
0000019b
ffffe6cc
ffffd8f4
ffffe5f2
ffffe1f6
ffffdcc0
ffffe4a3
ffffdda3
ffffdd5f
ffffe369
fffff751
fffff099
ffffdb64
ffffb5b6
ffffbc70
ffffb9db
ffffe26f
ffffe0a6
ffffdbb5
ffffe440
ffffe4d1
fffff5cb
ffffffef
ffffff1b
ffffe260
ffffdefa
ffffd06f
ffffda84
ffffce9e
ffffcbe3
ffffc895
0000023c
fffffe06
ffffe312
ffffd609
ffffe697
ffffe58d
ffffd17d
ffffd630
ffffe5e5
ffffefed
ffffe86e
ffffeffc
ffffedc1
ffffd201
ffffba34
ffffcb09
ffffb5fb
ffffdc6e
ffffc7e3
ffffe2b8
ffffdd9e
ffffe01d
ffffe53d
000014c0
000012f4
ffffe65d
ffffe2ea
ffffcaae
ffffe593
ffffdc17
ffffcfa2
ffffd211
00000505
fffff81d
ffffde4b
ffffd8a9
ffffeadb
ffffe5c5
ffffd263
ffffceb7
fffff211
ffffe8c7
ffffe0a1
ffffe026
ffffe9a5
ffffd034
ffffc6f4
ffffe66d
ffffdea3
ffffd296
ffffc352
ffffe7d4
ffffe25b
ffffe6c2
ffffdba5
ffffff24
00002058
ffffd74d
ffffe1e1
ffffcdcb
ffffdf43
ffffd8f8
ffffd560
ffffe9c4
00000712
fffff442
ffffe90c
ffffdc27
fffff4b2
ffffecd9
ffffdeab
ffffe36b
fffff7fe
ffffee0f
ffffe6f8
ffffe9fe
ffffed4f
ffffcf6e
ffffc93a
ffffdd15
ffffe7ba
ffffde46
ffffe0d7
00000455
fffff98b
ffffe781
ffffe832
ffffe116
fffff79c
ffffcbce
ffffdd3e
ffffd78b
ffffdf89
ffffda0b
ffffcd3e
ffffe073
000004d3
ffffeb80
ffffed78
ffffdc68
ffffe361
ffffe5f1
ffffde40
ffffea25
fffff126
ffffebd3
fffff2ca
fffff487
ffffe28a
ffffd2e8
ffffd06c
ffffdc37
ffffedf5
ffffe9b5
ffffdb30
ffffe97b
fffffb30
fffff2d5
fffffb41
ffffed67
ffffebae
fffff8e0
fffff8ee
ffffe62c
ffffdf6b
ffffe8bc
ffffd638
ffffddb5
00000286
ffffee5c
ffffefd4
ffffe3be
ffffed20
ffffeb02
ffffe0eb
ffffeadf
ffffec8f
ffffe858
ffffedce
ffffff68
fffff7cf
fffff01c
ffffe7e7
ffffd8e4
ffffe582
fffffb08
ffffeb5e
ffffea3d
fffff540
ffffee9d
fffff77d
fffff680
ffffe6cc
ffffe7f2
000002bb
fffffca2
ffffe710
fffff9b1
ffffe4b1
ffffe7fc
0000013c
fffff0a4
fffffc05
fffffa6c
ffffff1d
fffffc01
0000007d
0000070b
00000868
00000672
fffffdd0
00000e00
00000a21
00000455
fffffdc0
fffff898
fffffa31
00000733
0000082b
0000064b
fffffd2b
ffffff5d
00000164
0000086a
00000284
fffffd81
00000f06
00000f41
000005bd
00000741
000001b1
fffffd5e
00001029
00000374
ffffe851
ffffe72f
ffffec91
fffff06f
ffffe3fd
ffffe433
ffffec7c
fffff1cd
fffff1c2
ffffee35
ffffea53
ffffe733
ffffe813
fffff008
ffffeb33
ffffeee6
ffffe935
ffffeaaa
fffff2cf
ffffee8d
ffffe55e
ffffe726
ffffe360
ffffe847
ffffee60
fffff44e
ffffe98e
ffffecf4
ffffe828
ffffd79a
fffff088
0000043f
ffffec6a
ffffcfea
ffffdebe
ffffe412
ffffda5e
ffffd668
ffffddb5
ffffe2b4
ffffe9b4
ffffe3b0
ffffdd8d
ffffd6f3
ffffddd5
ffffeabb
ffffebca
ffffe00e
ffffdcd0
ffffd7c9
ffffe5fe
ffffee46
ffffd83b
ffffd0df
ffffd2e0
ffffd4bb
ffffd69b
ffffe309
ffffd799
ffffd468
ffffd7b4
ffffce54
ffffd755
ffffef0b
fffff01e
ffffe30b
ffffea13
ffffea04
ffffe757
ffffdce3
ffffd9be
ffffeb84
ffffede6
ffffedc4
fffff611
fffff0cf
ffffe8a2
fffff1ac
fffff30c
ffffe021
ffffd84a
ffffdb19
ffffe97b
ffffec40
ffffeb7f
ffffde14
ffffe423
ffffe677
ffffe953
ffffec5c
ffffefec
ffffe8dc
fffff215
ffffe501
ffffee14
fffff991
ffffee35
ffffe117
ffffe0db
ffffdbf3
ffffd2fd
ffffc176
ffffbdb3
ffffcd79
fffff5a5
fffffb29
fffffc23
fffffd14
ffffebef
ffffe130
ffffea05
ffffe37e
ffffd527
ffffd6b2
ffffe134
ffffebe1
ffffe76e
ffffe3cf
ffffdd96
ffffe519
ffffe692
ffffe433
ffffe6cc
ffffe4f9
ffffe828
ffffdd38
ffffeb05
fffff271
fffff00a
ffffdeaa
ffffe5f8
ffffdc8d
ffffcd14
ffffb877
ffffae17
ffffc124
ffffe5af
00000874
fffff77c
fffffc0b
ffffed25
ffffe80a
ffffeab9
ffffebdc
ffffe5e4
ffffe093
ffffe06d
ffffef1e
ffffeff3
ffffdf9c
ffffd296
ffffdb53
ffffe4bc
ffffe42c
ffffe5ae
ffffeb28
ffffe767
ffffdc68
ffffe967
fffff4da
ffffecfc
ffffdc4a
ffffe3ae
ffffe309
ffffd635
ffffd19e
ffffc243
ffffa8d8
ffffd76c
0000170e
00000552
00000015
fffff7f6
ffffebff
ffffeb40
ffffeb5b
ffffeb53
ffffed4b
ffffe536
ffffee7c
fffff2df
ffffe85f
ffffdaee
ffffdc66
ffffe83c
ffffe74d
ffffea61
ffffe9d7
ffffe808
ffffdb36
ffffe3ab
ffffee25
fffff3c2
ffffe4b6
ffffe76a
ffffd9dd
ffffedd3
ffffd581
ffffced8
ffffc7c4
ffffea09
000024e7
00000cb1
fffffe50
ffffef92
ffffead3
fffff435
fffffa38
ffffe916
ffffe51e
ffffd2e8
ffffd924
ffffe60a
ffffe99b
ffffebb2
ffffeb29
ffffddc9
ffffdb23
ffffe492
ffffdad9
ffffdbc5
ffffda9f
ffffe353
ffffe518
ffffee5e
ffffe7b7
ffffd96e
ffffce69
ffffc9f3
ffffd34c
ffffbcae
ffffc74c
ffffd863
fffffc42
00000512
00000038
ffffe05f
ffffd7b1
ffffeb3d
fffff0d8
ffffe2ce
ffffd64a
ffffbe1f
ffffc5bc
ffffd72a
ffffe030
ffffe745
ffffe80d
ffffdd83
ffffdb9e
ffffe363
ffffe0f7
ffffdb72
ffffdbac
ffffe841
ffffebd9
ffffee3c
ffffda36
ffffc703
ffffc44a
ffffc02e
ffffb8ae
ffffb0a4
ffffc492
ffffbdf0
ffffdec2
fffff8cc
fffffac0
ffffe4f5
ffffca29
ffffd18c
ffffee90
ffffdad7
ffffce2a
ffffbab4
ffffb6e9
ffffd48c
ffffd554
ffffcf03
ffffcbcd
ffffd75c
ffffdb74
ffffd282
ffffd889
ffffd111
ffffc652
ffffd716
ffffeac3
fffff528
ffffdc84
ffffceb7
ffffbd91
ffffc15e
ffffb26f
ffffbbde
ffffc1d0
ffffc65b
ffffcb78
ffffe875
fffff82c
ffffe704
ffffdf6d
ffffc7ce
ffffdd6a
fffff1bc
ffffe701
ffffc2b3
ffffb1c2
ffffbcdc
ffffc39f
ffffca7d
ffffcfe0
ffffd907
ffffd34f
ffffcdee
ffffce8f
ffffc827
ffffadfc
ffffb920
ffffd476
fffff3d8
ffffeb91
ffffee56
ffffdf64
ffffcb98
ffffdbcd
ffffcfef
ffffc6e7
ffffd3dd
ffffb1ec
ffffcb5d
ffffe265
ffffdbed
fffff55c
ffffe0a3
ffffbb77
ffffe1be
fffff61f
ffffee80
ffffdf51
ffffe0ba
ffffedb3
ffffe5b0
ffffe5d7
ffffe434
ffffe423
ffffe276
ffffe005
ffffdf98
ffffc573
ffffc466
ffffe2f6
fffff8a3
fffff47e
fffff3f8
fffffb6a
ffffeb00
fffff5a0
fffff647
ffffeefe
ffffe004
ffffd63a
ffffd54c
ffffeca9
fffff05a
fffffdca
00000ae5
ffffdc4e
ffffa069
ffffc022
ffffd4dc
ffffdc12
ffffe08e
fffff11e
fffff2ee
ffffe6ef
ffffe784
fffff0f5
fffff321
fffff6b2
fffff633
ffffe1df
ffffe1ec
fffff12c
fffffe1b
fffff7b5
fffff7b0
0000015d
fffff930
fffffa53
0000056b
00000a75
ffffe46b
fffff459
fffffe59
00000939
fffffc3f
000002f2
00001f59
000019c8
ffffd831
ffffbf8d
ffffd6b9
ffffe849
ffffe570
ffffde84
ffffd978
ffffcbd5
ffffcbc3
ffffe0bb
fffff095
fffff709
fffffe39
ffffe57e
fffff0c7
ffffee79
ffffff1d
fffff59b
00000448
00000111
fffffa44
fffff02c
ffffee8a
fffffa0d
ffffe2cf
fffff28b
fffffefd
000009d7
fffff068
ffffed5c
00001f31
0000340f
00001b65
00000015
00000199
00001435
000010ac
fffffb6f
ffffeaa0
ffffe2b6
ffffd527
ffffd4a0
ffffe5fe
fffff4ba
fffffbf8
ffffec2b
ffffeec9
ffffefe4
00000407
fffff520
fffffd8c
fffff901
fffff89c
ffffe86d
ffffe8ce
fffff235
ffffdfc9
ffffde69
ffffd35e
ffffe7ba
fffffb95
00000205
00001aee
0000323d
00003b2e
00003505
00002615
000035ef
0000309e
000023f7
000015ba
00000ad4
00000342
ffffd71b
ffffd467
ffffea71
fffff59c
fffff4d2
ffffecd7
ffffefdd
00000204
fffff985
0000042f
ffffffea
fffffd0f
ffffed60
ffffec72
ffffef31
ffffe11b
ffffc7e6
ffffb3ec
ffffd240
fffff721
00000b30
00001554
00001c80
00002594
00002040
00001ca7
00002ab0
00002c36
000029ce
00002482
000029f6
00002c18
00000875
ffffdb7a
ffffe067
fffff281
fffffa7e
ffffeeba
ffffea96
00000287
fffffa5c
0000052f
00000801
000006eb
fffff4fd
ffffe351
ffffe47d
ffffe134
ffffcf5f
ffffbd30
ffffc0ba
ffffe45b
00000e2c
00001e4f
000012cb
00001671
00000dac
00000c9d
00000842
000001d4
000002ce
00000433
0000155d
00002f8b
000016b7
fffff1cd
ffffde76
fffff168
fffff580
fffff47e
ffffebef
00000289
fffff48f
000001ab
00000cde
00000e42
fffff901
ffffd825
ffffd2d1
ffffd9ab
ffffd8b1
ffffc051
ffffc966
ffffbeda
ffffddef
0000114e
00001905
00000cca
0000074d
000001e8
fffff848
fffff62d
fffffc39
fffff694
fffffc0a
00000a75
000004dd
ffffffe1
fffff32d
fffffc39
000001d0
fffff82f
fffff3ba
0000017c
ffffef4a
fffffb1b
000005a2
00000ac8
fffffb53
ffffcfb3
ffffd2bf
ffffe1c7
ffffeaf2
ffffe080
ffffe663
ffffb75f
ffffbef0
fffff25f
00001557
00000fff
00000b37
0000047f
fffffa32
fffff344
fffff76a
fffffb16
fffffd63
000007f8
fffffe1c
fffff444
fffff303
00000368
fffff70d
fffff378
ffffef05
00000096
ffffed91
fffffa72
0000032c
00000b53
fffff70d
ffffd865
ffffd036
ffffeb98
fffff797
fffff904
ffffeaf2
ffffc015
ffffa055
ffffbe7a
fffff6e2
00000fb3
00000cfe
00000c81
000003af
fffffd74
fffff7c9
fffffa4d
fffff39b
ffffff2a
fffffca2
fffff2b0
fffff497
0000043d
fffff1d8
ffffec0e
ffffeac3
fffffc2b
ffffeab1
fffff4ed
fffff7a4
000000da
ffffeddf
ffffda40
ffffbb75
ffffce8d
ffffe78a
fffffa86
fffff4ff
ffffd220
ffffb0a2
ffffa70a
ffffd759
fffff2c0
000011ad
00000c5e
000008d1
ffffffa0
fffff2ab
ffffef74
fffff54f
fffff928
fffff9dd
fffff256
ffffec3b
fffff3a8
ffffef50
fffff05f
ffffec74
ffffffe5
ffffed16
fffff3b1
ffffede2
ffffeaa6
ffffef97
ffffe4d4
ffffd66c
ffffbfa7
ffffbfba
ffffebaf
fffff89c
ffffeb7d
ffffe907
ffffae7f
ffff9f92
ffffb4e8
ffffe252
fffff63c
fffff1ec
fffffa98
fffffe26
fffff10a
fffff8f3
fffffb67
fffff6cf
ffffefb2
ffffe6d9
ffffed42
ffffe805
ffffeb72
ffffe83a
00000403
ffffed9c
fffff43d
ffffede5
ffffe2e7
ffffe991
fffff6cc
ffffee10
ffffcdfd
ffffbe54
ffffcbc3
fffff9b3
00000b78
00000326
ffffd980
ffffb4df
ffff94dd
ffffb0b3
ffffccfc
ffffc7c8
ffffda09
ffffe83d
ffffeb28
fffff899
fffffc6a
fffff249
fffff1d1
fffff3ba
00000367
ffffea09
ffffec10
ffffec57
fffffc74
ffffeba1
ffffe85b
ffffdf9e
ffffdf10
ffffe0d7
fffff43b
fffff0be
ffffde95
ffffc191
ffffce59
00000b1d
000028a6
00001cee
fffffd9b
ffffdac6
ffffc79d
ffffb75d
ffffbf67
ffffb7ec
ffffb25d
ffffbc5f
ffffddd9
fffffac7
fffffb6f
fffff0fe
fffff3c7
ffffea09
00000b14
ffffe93e
ffffe6ea
ffffef7b
fffffe97
ffffed72
ffffe79f
ffffe45c
ffffe2f2
ffffdf02
ffffe82a
fffffbe1
fffffdbd
ffffe76b
ffffd13d
fffff29f
00000e34
00001cd6
000011b3
ffffe786
fffff621
ffffe75f
ffffd22d
ffffc0c8
ffffc217
ffffaa08
ffffb515
ffffea62
0000079c
fffff17c
ffffefb5
ffffe51b
fffffdee
ffffdce6
ffffd091
ffffdbd4
fffff28d
ffffe6f2
ffffe7e7
ffffe7ed
fffff1e6
ffffeaac
ffffed52
fffffbd9
0000004e
fffffa7a
ffffe3c4
ffffcd61
ffffcbc8
ffffeed6
000002b5
ffffef51
fffffcbe
000000d5
ffffeeb9
ffffda58
ffffcfea
ffffbbda
ffff9bbb
ffffb3f6
ffffdc91
ffffd6e6
ffffdd45
ffffe76d
fffff028
ffffe490
ffffdd70
ffffdda8
fffff348
ffffe47b
ffffed6c
ffffedb1
fffff443
fffff858
ffffe854
ffffede0
fffff1f2
ffffe246
ffffde33
ffffd68d
ffffdfdf
ffffea05
fffff0fe
ffffd5b1
ffffed94
000001b7
000000a9
fffff927
ffffe928
ffffd453
ffffb6f6
ffffb3d4
ffffc4ba
ffffb68e
ffffc344
ffffe624
fffffd65
ffffeceb
ffffed07
ffffe6b4
0000034d
fffffcb1
fffff2e0
ffffed2c
ffffed95
fffffad0
ffffeeef
ffffecd4
ffffef4f
ffffe738
ffffe34f
fffff089
0000025c
fffffba8
fffff347
ffffdaf1
ffffdeb1
ffffe462
ffffe90c
ffffdf5d
ffffdcf6
ffffd25e
ffffb769
ffffc0ae
ffffc763
ffffbbf0
ffffb9a9
ffffcf6b
fffff8e2
ffffee63
fffff188
ffffe5a5
fffff853
fffff1f3
ffffed9a
ffffe229
ffffe818
fffff752
fffff85d
fffff1ea
ffffef4c
fffff855
fffff64a
000007f8
00000912
00000088
fffff440
fffff243
ffffecef
ffffde38
ffffd4bc
ffffd81f
ffffe23f
ffffe7dd
ffffcb3b
ffffcf66
ffffd5c9
ffffd96c
ffffd1da
ffffd72d
ffffe611
ffffed75
ffffeb23
fffff017
000002b1
fffff222
fffff1b3
ffffe1b7
ffffdcdc
ffffe834
fffff569
fffff885
fffff294
fffffc34
000009a2
000009c9
00000cdb
ffffff90
fffff864
ffffe7b8
ffffee02
ffffd503
ffffca8f
ffffd561
ffffdd53
ffffdade
ffffdd97
ffffd3b7
ffffd3ee
ffffd910
ffffec42
ffffe416
ffffe159
ffffe07d
ffffdcf6
fffff0aa
ffffe686
ffffc2a6
ffffcd60
ffffd78f
ffffdc50
ffffd6dc
ffffd8e1
ffffe469
ffffe9ca
ffffea23
ffffed11
ffffe50d
ffffdf86
ffffddb6
ffffdde0
ffffdc4e
ffffd81e
ffffcfeb
ffffc973
ffffc3dc
ffffccc1
ffffc82f
ffffbfe0
ffffd47c
ffffe6cb
ffffe1de
ffffd49a
ffffc7a7
ffffc905
ffffc6c0
ffffcfdd
ffffcea4
fffff5bd
ffffe709
fffff0d9
fffff69e
00000186
ffffffde
fffffbea
fffff8d3
000002a4
fffffea5
fffff9d0
0000022a
fffff8d7
fffff5e7
fffff77e
fffff759
fffff6cb
fffff853
fffffaab
fffff6ad
fffff316
fffff7a3
fffff0b7
fffffb3a
fffffbe0
0000049e
fffff2d0
fffff894
fffff5c2
fffffa00
fffff7d4
ffffdcf7
ffffeefe
fffff05b
ffffef57
fffff498
fffff404
fffff342
ffffed1a
ffffecd2
fffff061
ffffea70
ffffeb0b
ffffe64c
ffffee1a
ffffeeb1
ffffee87
ffffeeff
ffffec9f
ffffe80c
ffffeaaa
fffff0a5
ffffec31
ffffe8ea
ffffeba3
fffff17b
fffff5e9
fffff1b6
fffff878
000006b1
0000020a
fffff228
ffffe824
fffffec7
ffffe8b7
ffffe26e
ffffe444
ffffe50f
ffffe7bc
fffff136
fffff2a4
fffff489
ffffefd0
ffffebf4
ffffe5c5
ffffdc47
ffffe5d5
ffffe05e
ffffe349
ffffec80
ffffe346
ffffe1c1
ffffe470
ffffeac6
ffffe63e
ffffe479
ffffdd63
ffffe517
ffffe672
ffffe558
ffffea8d
fffff744
fffff2a2
ffffdda3
ffffceae
ffffebca
ffffdc98
ffffd0dd
ffffcdc5
ffffcc81
ffffd88a
ffffe547
fffff34a
fffff062
ffffe76f
ffffecc5
fffff4dd
ffffe29d
ffffda10
ffffd421
ffffd39f
ffffda42
ffffdd44
ffffdd26
ffffe79a
ffffeedb
fffff981
ffffe786
ffffd801
ffffd788
ffffce5b
ffffcace
ffffd14f
ffffd8e1
ffffd312
ffffcb10
ffffcc37
ffffe59b
ffffd859
ffffd239
ffffd88d
ffffd5df
ffffe692
ffffee46
fffff6d3
ffffdb05
ffffd008
ffffe62f
ffffeab6
ffffdf91
ffffd8f5
ffffd36c
ffffd2af
ffffd083
ffffc970
ffffd1b3
ffffe00d
ffffef01
fffffbd7
fffff1a1
ffffdfa4
ffffd331
ffffd5fc
ffffcc9d
ffffcf54
ffffd711
ffffd215
ffffd08a
ffffc98f
ffffe121
ffffda62
ffffd21e
ffffe1fc
ffffdfb7
ffffee72
00000235
ffffe615
ffff905b
ffffadd0
ffffd903
ffffe9fe
fffffc73
ffffe2ad
ffffd6e7
ffffd623
ffffcf19
ffffcbfe
ffffcfc2
ffffd869
ffffdd18
ffffe05e
ffffdd98
ffffda3f
ffffd72f
ffffe5fe
ffffe16b
ffffdf2b
ffffdcb7
ffffdfde
ffffdf3b
ffffd2c5
ffffe46d
ffffe80e
ffffd8de
ffffe88c
fffff08f
0000006b
00001723
ffffe20e
ffffc114
ffffd83e
ffffe1d3
fffff61d
00000de0
fffff5c7
ffffea9c
ffffe1e9
ffffe57b
ffffeb68
ffffefe9
ffffec8f
ffffe5ce
ffffd440
ffffcd7f
ffffcde0
ffffd666
ffffe0c9
ffffe461
ffffdc97
ffffd568
ffffe3a0
ffffe651
ffffd821
ffffec0b
fffff8e5
fffff34e
fffffea6
0000081c
fffffc4f
000006cc
ffffe8c9
0000024f
ffffff7e
fffffc58
000009b7
00001135
00000862
fffffb11
fffff81b
fffffe41
ffffff42
fffffa0f
fffff6d0
fffff882
ffffe3f9
ffffdd68
ffffdca1
ffffe7e7
ffffeb9e
fffff31a
ffffec89
ffffe58d
ffffe677
ffffec1c
ffffdb53
ffffef67
ffffe9d2
ffffedb4
fffff8fd
000014b1
000008fa
000000d1
ffffff0e
0000219c
00000aea
00000d00
fffffdd6
ffffffb4
000008ab
fffff861
ffffed2a
ffffe422
fffff703
fffffb1d
000007a4
00000a2a
fffff421
ffffef2b
ffffe099
fffff67c
fffff873
00000372
fffffa89
fffff889
ffffef9d
ffffeb8c
ffffdef8
ffffe9eb
ffffd6a2
ffffca96
ffffda37
fffff172
ffffe6ef
00000fc3
00001fd2
00001cff
000009f3
00001d42
fffff491
00000177
00000571
00000154
ffffd93a
ffffbd00
ffffd99a
ffffe68c
ffffec0e
ffffe059
ffffd0fd
ffffd109
ffffd603
ffffe01d
ffffd907
ffffe500
ffffe690
ffffe4d5
ffffe141
ffffdeca
ffffcc60
ffffdb5d
ffffcd24
ffffb058
ffffc268
ffffcf8a
ffffbc3a
ffffe3e7
00001fc3
0000113f
fffff858
ffffe7fa
ffffde4e
fffff26e
fffff7b4
ffffe9cc
ffffc4c6
ffffb22f
ffffb806
ffffbe63
ffffbf51
ffffb6a2
ffffb343
ffffc01d
ffffd447
ffffd039
ffffc09d
ffffc98a
ffffd583
ffffd2ed
ffffd017
ffffcf2a
ffffbfcc
ffffd3b8
ffffd327
fffface0
ffffc08b
ffffd424
ffffa527
ffffb03b
fffff509
00000553
fffff43c
ffffd26c
ffffcf85
ffffe9e8
ffffe764
ffffe780
ffffcc6e
ffffb4af
ffffbdd5
ffffa3d1
ffffa985
ffffafff
ffffb0a8
ffffbb03
ffffcb3c
ffffca55
ffffc258
ffffc0c4
ffffc5f2
ffffc37a
ffffc5dc
ffffc0f1
ffffaae9
ffffc59c
ffffdb2a
ffffb7ed
ffffcd4a
ffffe18c
ffffc094
ffffb2f7
ffffd5df
fffff60a
fffff4d3
ffffc121
ffffe131
fffff005
000003e1
ffffdd41
ffffe2c4
ffffeab2
fffff3ec
ffffbf28
ffffca7d
ffffd1a4
ffffd048
ffffda9c
ffffe188
ffffdc48
ffffcee8
ffffcf93
ffffd1fe
ffffcff7
ffffd2d7
ffffccb4
ffffbbe6
ffffca4d
ffffdee2
ffffb43e
ffffd0fe
ffffdecc
ffffd7b3
ffffc846
ffffc8f0
0000019d
0000077d
ffffcf37
ffffcc17
ffffef37
fffff7ab
ffffe11f
fffff77f
000024d9
0000281c
fffffaec
fffff252
fffff424
fffff296
fffff84a
fffff4e8
ffffe8d2
ffffdbcd
ffffceb4
ffffca49
ffffcfde
ffffd6eb
ffffd038
ffffca51
ffffd9da
ffffe3f8
ffffb692
ffffd05d
ffffdc40
ffffd9a4
ffffc9c5
ffffe062
00001286
000011d9
ffffd45d
ffffe24f
ffffe20a
ffffe6fa
fffff56a
00000732
00001f74
00001b3a
000009fd
ffffe666
ffffe953
00000162
0000103b
00002096
000023cf
0000063a
ffffe637
ffffd0d8
ffffc49f
ffffcc19
ffffcd1b
ffffceb0
ffffe0d8
ffffea5a
ffffbf81
ffffd0b8
ffffd4d7
ffffd405
ffffc3e9
ffffe2e4
00000f80
000020b8
ffffeefe
000008a5
fffff9c7
ffffea7d
fffff00e
fffffa52
fffff891
0000103a
0000084c
ffffef6e
fffff358
fffffa70
fffff740
00000b11
00001aeb
00000e22
fffffb78
ffffda53
ffffce5f
ffffcba1
ffffcb6f
ffffce7c
ffffe2a8
ffffef75
ffffd1b7
ffffe0eb
ffffd9aa
ffffd084
ffffbdbd
ffffcecb
00000170
0000207c
00001b66
00002531
00001985
fffff45d
ffffed87
fffff4d6
00000015
00000328
000001ae
ffffff17
fffff7ad
fffff205
ffffeef3
ffffecb3
0000062d
0000099c
fffff582
ffffeeef
ffffd089
ffffccf7
ffffce25
ffffd0ca
ffffe4ca
fffff34c
ffffe15d
ffffea7d
ffffe1fc
ffffd1cf
ffffb957
ffffc94a
fffff9ee
00001994
0000347e
000041a3
00001d91
00000388
000002a8
00000f06
00000316
00000334
00000418
000004d5
fffff76a
fffffafa
ffffec82
ffffe857
ffffeb94
fffffba3
fffff3b8
fffff545
ffffe9cc
ffffdec3
ffffdd7a
ffffcbda
ffffe0d2
fffff70e
ffffe0d6
fffff0e6
fffff28b
ffffe2d2
ffffc015
ffffc94b
fffff990
00001135
000034e8
000036f7
00000b28
fffffd8a
0000050c
00000d71
000000b4
000004b8
000000f4
0000003a
fffff88a
fffffa83
fffff2ad
ffffeb30
ffffe9c7
fffff5b2
fffff508
fffff48a
fffff616
ffffe5a4
ffffe89d
ffffce17
ffffdcb2
fffffa33
ffffe095
fffff085
fffff1bc
ffffebdb
ffffd3d7
ffffbee8
ffffebd4
00001127
00001fb7
00000e59
ffffef6c
ffffff23
00000414
fffffa36
fffff51d
fffffa25
fffffb5e
fffff76a
fffff44f
fffff1ed
ffffea42
ffffe778
ffffee78
fffff488
fffff130
fffffa0b
00000587
fffffb81
fffff3c0
ffffd364
ffffdff0
fffffb7a
ffffe27c
ffffeea2
ffffed1d
ffffebf1
ffffdfef
ffffc061
ffffda84
000011d5
00001250
00000097
ffffed90
00000adb
fffffa11
ffffef1d
fffff2f9
fffff775
fffff635
fffff482
fffff026
ffffea3a
ffffe44e
ffffe76d
fffff1b0
fffff66e
ffffed82
fffff381
0000070f
00000794
fffffa51
ffffdcf6
ffffe303
fffffb4e
ffffe2dd
ffffe8cb
ffffe214
ffffea02
ffffec17
ffffd115
ffffc71a
000006df
0000086f
00000d85
00000917
00001e26
fffffd44
ffffe0a4
fffffd3a
fffffcf7
fffff976
fffff3ff
fffff578
fffff667
ffffefe3
ffffec67
fffff556
ffffedec
ffffe5d0
ffffe68f
fffffc9d
000009f8
fffffe75
ffffe311
ffffeb5a
fffffa05
ffffe944
ffffee68
ffffeb39
fffff079
fffff92f
ffffe4cb
ffffc494
ffffe1db
0000003a
000015c9
00001b68
00001ed4
ffffe774
ffffcb5c
fffff9cb
00000714
ffffff3f
fffff136
fffff8e9
fffffdc2
fffffa4d
fffff098
fffff15e
ffffea02
ffffe137
ffffe586
fffff961
00000387
fffffc5c
ffffe5c5
fffff034
fffffcbb
fffff0ad
fffff7eb
fffffb1d
fffff4ca
fffff8d0
fffff580
ffffd6e4
ffffb50d
ffffd99a
fffff737
000012d0
00000d88
ffffeab1
ffffcb46
ffffe59a
000005d9
fffffafe
fffffc4c
fffffdfe
00000a41
00000043
fffff42c
ffffee1b
ffffec04
ffffe447
ffffe8b1
fffff28f
fffff5a0
ffffef8a
ffffdeea
ffffe8af
ffffefdc
ffffebfc
ffffecb0
fffff18d
ffffe30f
ffffe3ca
ffffe789
ffffd5d1
ffffb5c0
ffffa536
ffffc4af
ffffee6c
00000377
fffffd08
000002f7
ffffef24
ffffe1fd
ffffdfc7
fffff75a
fffff271
ffffff84
ffffef2b
ffffefd3
fffff9eb
fffff518
ffffe63c
ffffe2e7
ffffecb7
fffff258
ffffe55e
ffffdd1e
ffffe4f0
ffffef5b
fffff0c9
fffff006
ffffe6c6
ffffd8fc
ffffcda6
ffffd207
ffffd106
ffffc5b4
ffffac3f
ffffa81d
ffffb9e2
ffffcf36
ffffedfe
fffff989
fffff1f0
ffffe8a1
ffffcf8a
ffffd0f8
ffffd535
ffffc846
ffffc565
ffffda1c
fffffae2
ffffedf3
ffffdddc
ffffe1eb
ffffe8ef
ffffe0c8
ffffd48e
ffffca3e
ffffe07a
ffffe468
ffffe55f
ffffdcbd
ffffd705
ffffd548
ffffd50f
ffffdd6b
ffffdb7d
ffffddd1
ffffda36
ffffd198
ffffb558
ffffae28
ffffc11c
ffffdd36
fffff169
ffffec7c
ffffdc47
ffffc7b1
ffffdd11
ffffca98
ffffc5ef
ffffe56b
fffff673
ffffe26c
ffffd711
ffffe647
ffffeaf4
ffffcb7a
ffffc0b7
ffffb046
ffffd435
ffffe2cf
ffffd230
ffffd90f
ffffdb4c
ffffdac9
ffffdd87
ffffda90
ffffd47b
ffffe25f
ffffdb14
ffffde31
ffffbd66
ffff9cce
ffffa1eb
ffffd316
fffff280
ffffeae4
ffffdade
ffffcb9b
ffffe799
ffffe732
ffffdfd1
ffffecbe
ffffd011
ffffd421
ffffd082
ffffe95b
0000062d
ffffd7cd
ffffce0a
ffffc0dc
ffffd70f
ffffe0db
ffffcea8
ffffdcd0
ffffe506
ffffe788
ffffe9e3
ffffdd97
ffffc444
ffffc69e
ffffc42a
ffffcabe
ffffc076
ffffa386
ffff8c20
ffffb40d
ffffd92d
fffff218
ffffef21
ffffe919
fffff2be
ffffedaa
ffffe0f6
ffffc66b
ffffbb05
ffffcb5e
ffffbc98
ffffbf49
fffff083
ffffefca
ffffde03
ffffcb9f
ffffdecf
ffffec65
ffffd278
ffffe750
ffffeeea
fffff484
ffffdf29
ffffcb37
ffffc4d9
ffffbb37
ffffb56c
ffffb421
ffffbfa6
ffffb870
ffffaf1c
ffffb760
ffffe07a
0000093a
0000038b
ffffff20
fffff60b
ffffefa4
ffffd6bc
ffffc2dc
ffffc57b
ffffcd0b
fffface4
ffff920c
ffffc980
ffffeb85
ffffea80
ffffcf6f
ffffd3cd
fffff770
ffffdfc8
ffffe4da
ffffda69
ffffd6e0
ffffcc0b
ffffd347
ffffd94f
ffffd55e
ffffcf99
ffffcc9d
ffffda94
ffffdee3
ffffd798
ffffdb39
ffffea66
fffff3fe
ffffee45
ffffef9b
fffff64b
fffff120
ffffeca2
ffffe6d2
ffffe20a
ffffde05
ffffca09
ffffb2b9
ffffd168
ffffdb6c
ffffe4e0
ffffcee7
ffffda2f
000004e9
ffffefc3
ffffdf4f
ffffeac6
ffffe3c5
ffffd378
ffffdadd
ffffee0c
fffff052
ffffe7f9
ffffec16
ffffe8f0
fffff292
000000aa
ffffffab
fffff989
ffffe83f
ffffebf4
ffffe7ad
ffffebaf
ffffe6bc
ffffe163
ffffe93f
fffffae6
fffff14a
fffffb12
00000a44
ffffff50
fffff1ef
ffffe922
ffffcec3
ffffd229
000020cc
0000149d
0000103a
000010ee
00001386
00000cad
0000142e
0000191a
0000160f
000012ca
00001196
00001686
000019a7
00001de2
000018d0
0000180b
00000331
00000693
0000009a
fffff48c
fffff38e
fffff420
0000012e
00000764
0000157e
00001997
0000205e
00002196
000009c8
ffffffae
fffff90a
ffffea1d
00000bf3
00001b36
00002a94
000027f8
000023d5
00001cf2
00001406
000015c8
00001b31
00001beb
00000e30
000010b7
000019ce
00001d43
00001da2
00001ea1
00001c9e
000015c7
000013d8
000016e1
00001812
000017d5
000017e0
00002c09
000032b6
00002729
0000196d
00002ec2
000035d4
00002af4
00000e09
00001492
fffff584
fffffef8
000005db
00000aa3
0000140b
00001189
00000897
0000018c
ffffff00
000005cd
00000030
00000423
00000e19
00001a92
00001d43
000015a2
00000e89
0000096a
000007a8
00000b1e
000000e1
fffff8e3
fffff6dc
000007b0
00000b26
000007d1
00000240
0000138e
00001a04
00000dd2
fffff33e
00000c44
fffffc5e
00000e60
000005ed
fffffefd
00000456
00000dd7
000006aa
00000cec
00000f83
00001373
00001b6c
00000b58
00000898
00000b75
0000118b
00001271
000013cf
00000dd6
00000a0a
00000cea
00000b8f
fffffe45
0000021e
00000bc4
00000566
fffffc88
fffff927
0000030a
000008bb
000007bb
fffff46a
00000dcb
fffffe6c
000008da
000004f8
ffffff57
0000045d
ffffff8c
ffffea33
fffff81f
00001313
00000bca
00000395
00000e68
00000558
fffffd87
fffff6cc
fffff583
fffffd87
000000c2
fffffe24
0000104c
0000208a
00001d46
00001349
00000e1e
000002a2
fffffb1e
fffffd81
ffffff2d
00000822
0000018b
ffffe9ef
000005d5
fffff910
00000471
fffffebd
fffffd51
0000109f
00000f6b
ffffdc73
ffffdf0c
fffff752
ffffef8b
ffffe1c1
fffff3c7
00000469
0000005a
fffff9af
ffffef7a
ffffedc0
fffff9ee
fffff854
00000fa0
00002459
00001686
000007a6
000003ba
00000349
fffffb72
00000361
000007f0
00000b91
fffffec3
ffffe8cb
00000414
fffff46b
00000718
000007b1
000008d5
00001f48
00002646
fffff29d
ffffc9bb
fffffdd1
00002bba
00000f05
fffff88d
ffffe89e
fffff667
00000215
fffffe63
fffffff3
00000f56
00000d16
00000bdc
0000053d
ffffef0e
ffffeea1
0000049a
00000e85
fffffbaf
ffffff30
000003bc
00001074
00000637
ffffeef8
00000d47
fffff6d6
00000a46
0000146a
00000d37
00001b3d
00001e6a
fffffb55
ffffd3bd
00001cf7
00003f92
000022d1
ffffff00
ffffec52
fffff584
000010d5
00000f8b
00000ffd
00001866
000011c2
000000b5
fffff493
ffffeab7
fffff822
000009fe
000005ae
fffffaef
fffff5d7
fffff53a
fffffdb6
000003f2
fffff0a5
00000b7c
00000692
00002925
00003775
000031bb
00000cbd
ffffe59e
ffffdc8d
ffffd38c
00000b60
000023ad
00001b01
0000055d
ffffebd2
fffff044
0000224c
00001aee
0000237e
000022a6
00002190
0000196c
00000f81
00000ed9
0000101b
00001170
000013ea
0000191c
00001db1
00000f11
000006cf
0000183c
000001f3
0000162f
00000550
00001804
00002844
00002d4d
00001eb6
ffffe264
ffffe682
ffffe39b
fffffaa2
fffffc2d
0000046e
fffff83b
ffffea2c
ffffe868
0000187c
00001033
000013d1
0000269e
00002898
00002831
00002827
00002817
000020a7
00001685
0000190a
00002888
00003f38
00002d1b
00002110
00002e4a
00001a7f
00001c4e
fffffc17
00000bc4
00000245
fffffe1a
00001257
ffffdf76
ffffe906
0000092d
000017db
000004de
fffff2f7
ffffe6b1
ffffe0ba
ffffd352
fffff6c7
0000096b
fffffee4
fffff3f9
fffff2d9
fffff37b
fffffcaa
00000c7c
000014d1
00000071
0000009e
00000681
00001a27
000011c8
000005d5
0000130e
00000630
00000e5c
fffff2d8
00001068
00000c60
ffffff13
000001df
ffffe217
ffffcc85
fffff611
00000e3f
ffffff5d
fffffcde
ffffd682
ffffdd39
ffffc4c4
ffffcae1
ffffec96
fffff29a
ffffed0e
ffffe239
ffffdff4
ffffe403
fffffb39
fffff9df
fffffcde
00000836
fffffcb9
0000039a
00000bb2
00000a73
00000430
fffff126
000001a5
ffffefc0
000015b2
00001212
00000a2b
00000a89
fffffe23
ffffd7ab
fffffb84
fffff635
fffffda6
fffff517
fffffac8
fffffc05
ffffe49c
ffffdb3d
ffffdbd3
ffffd079
ffffcf6a
ffffd029
ffffcaea
ffffcbdb
ffffe318
ffffe0e2
ffffe457
ffffeb5e
fffff62e
fffffcd2
0000062d
0000094d
000002bd
fffff6d3
000003cd
fffff3db
00001741
000018ae
0000152f
00000973
00000318
ffffee02
00000dc2
000006e7
fffff4b1
0000031a
000012c6
000009a8
fffff0b6
ffffe0eb
fffffa88
fffff783
ffffec5b
fffffb5d
fffff22e
ffffe589
ffffdb4d
ffffd040
ffffd307
ffffd626
ffffdfab
ffffeed5
fffff644
0000028d
000009fb
ffffff37
ffffffe6
fffff040
00000d26
000013f9
00000471
fffffe6e
fffff6ee
ffffed2e
00001895
00000f6f
00000717
fffff888
00000af8
0000073d
fffffef4
fffffa91
0000213c
00001ae1
000001f3
000006f4
fffff99f
000002ab
ffffff04
fffff9b3
fffff472
fffff443
ffffe635
ffffda41
ffffe974
fffffadb
00000cdd
00000258
fffffe81
fffff32e
00000924
00000a78
fffffe17
fffffdaf
fffff9cb
fffff99b
00001627
000015ed
00001aa6
fffffb70
fffffedb
000008b6
00000165
00001765
000026a6
0000266a
00001d97
000010ab
0000138d
0000104f
000013cb
000010a2
00000b4c
000004c1
fffffcfe
ffffe259
ffffe39a
ffffffec
0000008b
fffffc3a
fffffd3a
fffffdde
00001024
00001453
00000459
00000221
fffffcf0
ffffeed0
0000096a
00000e4a
00003274
00000c9b
ffffeeb4
000008d9
00001c38
00002a58
00002220
00001452
00000da4
00000703
000013aa
0000130e
00000f93
00000bfd
00000e34
000017bb
00001b79
ffffea09
ffffd8af
fffffa18
000000aa
fffff83b
ffffff08
0000045a
0000169c
00001b05
000012b6
00000b26
0000008b
ffffe0a8
ffffeabe
00000162
0000240a
00000b9b
fffff876
0000050c
00002676
0000297e
00000f2a
000000f5
00000781
00000c71
00001230
00000f5d
000014a8
00001420
00000a12
00000ed2
000017e6
000004b2
ffffe960
00000047
000006b0
fffff9a9
fffffd17
000004cf
000018ee
00001b13
000015c0
00000f89
0000056b
ffffe776
ffffd944
fffff316
000018d1
000009c1
ffffefb4
ffffecb9
00002a1a
000023d3
00000b6f
000006cc
000009ee
0000111e
00001757
00000d61
00000f42
00001159
00000c93
00000965
000014bb
000004f1
ffffef44
00000581
00000a10
fffff706
00000592
000003fd
00000f11
000016ee
00000f6c
00000e1f
00000e78
fffff467
ffffcc69
ffffe298
0000013e
fffffe16
fffff9cf
ffffd780
00001107
000010e6
00000adf
0000082f
00000af8
00001243
00001ae4
00001565
00000f17
00000f19
00000d2d
000010d4
00000eee
00000c60
fffffdc6
0000164b
00001bc4
fffff647
00000b13
000003a3
00000b1b
000009dd
000006fb
00000c55
000017dd
00000bc0
ffffdcf1
ffffdecb
fffff86f
fffffe89
fffff065
ffffd40e
ffffe1df
fffff622
0000002f
00000e11
00000d15
00000f38
00001378
000012e2
00000d41
000011f4
000013af
00000fb6
00000b1c
000012b3
00000822
00001329
00001728
ffffecb0
00000e70
0000067a
00000d6d
00000a5e
0000058f
00000ace
00001134
0000137b
ffffebe9
ffffccd4
ffffdc16
fffffc06
0000156e
ffffdb73
ffffdc5d
ffffe792
fffffe51
00001015
0000147b
00000bcf
00000d43
00000a8d
000005b1
00000c97
00000e69
00000a55
00000676
00000875
00000721
00000b45
00001870
fffff4f1
000012c9
0000043a
000007ce
000008fb
0000088d
0000066d
000011f1
000008bf
fffffbd4
ffffdefe
ffffd720
fffff6f4
00000fa2
fffff666
ffffe90f
ffffdddf
ffffe70e
00001108
00001e3b
000010c1
00000f11
00000afc
000008d7
00000e90
00000fd5
00000e44
000003a0
000007a5
fffffdbf
00000778
00002065
fffffdff
0000156c
0000089a
00000c3d
000014c1
00001603
00001504
00001ce7
00001359
00000e25
fffff2bf
ffffda5d
ffffec22
ffffffba
0000019f
fffff171
fffff22c
fffff935
00000565
00001f1c
0000156a
00000bae
fffff94f
00000743
00001312
00000f91
00001277
0000083f
00000f82
00000407
fffffc99
000014df
fffffb8a
00000e3a
00000a5d
00000dd3
000015cf
0000151a
00001264
0000181b
00000cad
000002fe
fffff2cb
ffffd859
ffffd1b4
000012d5
0000115c
fffffb04
0000057a
000009a0
000011dc
00001c87
0000160d
000012d8
000001fe
00000651
00000cc0
fffffb61
ffffff47
00000cba
0000160c
00000ae5
fffffbe3
00000efe
fffff586
00000ee7
00000554
000003ea
00000922
00000405
fffffaf8
0000009d
fffff12f
ffffdf6c
ffffe7c4
ffffe389
ffffcdb6
00001402
000007c8
ffffdfe2
ffffee95
00001e2e
000018cb
00001a50
000016ec
00001cd7
000003e9
0000053f
000010f1
ffffff67
fffffe33
00000ee9
00000db5
fffff1e0
ffffefc9
00001101
ffffffc7
00000a35
0000055e
0000093d
00000fcc
00000025
fffff680
fffffbc8
ffffef5d
ffffeea5
0000010d
00000710
ffffe049
00000170
fffff4b4
ffffd203
ffffcfef
0000248f
00001540
fffff53b
ffffe6a7
fffff7a9
fffff000
ffffff01
00001340
fffffddd
000001af
000010aa
fffffd29
ffffc7cb
ffffd41f
ffffff2a
fffff278
fffffb82
fffffffd
fffffe18
fffffd38
fffff9c5
ffffec69
00000167
fffffb35
fffff942
00000664
00000838
fffff0f7
fffff522
ffffe5e9
ffffd0da
ffffc7c4
ffffffa2
fffffae2
ffffe1a2
ffffdc00
fffff9b0
00000d4e
fffffd73
fffffcfe
0000009d
ffffe6da
000004a9
00002822
ffffe4f4
ffffdbac
ffffef53
ffffee68
00000604
fffffcc0
00000cbf
000002a6
fffffa10
ffffeac3
fffff990
fffff3a8
ffffe228
ffffe454
ffffeb0e
ffffe16e
ffffdd63
ffffdfc0
ffffd9fc
ffffd29b
fffffe4a
ffffe0ed
ffffe67e
ffffe7cf
fffffedc
0000052a
fffff503
ffffe6db
fffff83e
ffffde89
fffff73e
00002ddf
00000d6b
fffff74e
ffffe3ef
ffffe87e
fffff8bf
0000074a
00001507
000011c1
000001b7
fffff321
fffff624
fffff845
ffffe5e3
ffffe984
ffffed23
ffffe769
ffffd6b6
ffffd21f
ffffe108
ffffeab5
fffff0e9
fffff428
00001acd
fffffdbe
fffff16d
ffffe971
ffffea64
ffffe6ef
ffffe9b1
ffffd56c
ffffca6a
000003ed
fffffc7b
0000036d
ffffe1bc
ffffde41
fffff414
fffffa47
fffff928
fffff057
ffffead4
ffffe407
fffff1bb
ffffeb2b
ffffe3b2
ffffeab6
ffffdbc9
ffffe84c
ffffead9
ffffe19a
ffffd8ec
ffffe9b9
ffffdec3
ffffe455
000000f9
00000821
fffff630
fffffa6a
00001800
00000260
ffffede8
ffffe98e
ffffc135
ffffdd8c
00000177
00000e31
fffff1f9
ffffd765
ffffed18
fffffeca
000002bf
fffffcd2
fffff371
ffffe05b
ffffe4d6
ffffe6d5
ffffe149
fffff00c
ffffeaca
fffff039
fffff73a
fffffe5c
fffff2c6
000000fd
fffff34c
ffffeb2a
fffffd38
00000154
fffff3d3
fffff083
fffff263
ffffe164
fffff0b1
0000029b
fffff0c9
ffffefda
00001020
00000b64
ffffe33f
ffffc3fa
ffffe856
00001643
00001c86
00001551
00001dd3
0000133c
000017bb
0000221f
000013ed
000015f2
000014e0
000013f4
00001805
00002252
00001bcc
000019d6
00001a0d
000006d9
00000511
00000529
000000aa
0000086b
00000cc5
0000096a
0000102c
000026ac
000014ab
00001179
00001608
00001804
0000030e
ffffffb2
00000266
ffffe8cb
ffffe298
ffffd744
ffffd50e
ffffd4d8
ffffdbdb
ffffe116
ffffdd01
ffffd999
ffffd7a4
ffffd6e0
ffffde47
ffffe2ee
ffffe06a
ffffe035
ffffd93c
ffffda33
ffffdee0
ffffd49f
ffffd7a8
ffffde18
ffffd50e
ffffd1b8
ffffd7bc
ffffd9e8
ffffd442
ffffd89c
ffffdb1d
ffffdbbc
ffffdbbd
ffffd38d
ffffdec9
ffffed8f
ffffd810
ffffd02d
ffffc87b
ffffc598
ffffca6e
ffffcd0e
ffffcd6c
ffffcf45
ffffc3ca
ffffc085
ffffca2e
ffffd77e
ffffd078
ffffc7a7
ffffc5ea
ffffc994
ffffcd1d
ffffc4b7
ffffca52
ffffccd9
ffffc4ac
ffffca25
ffffd2e1
ffffcf4c
ffffc79e
ffffcced
ffffd389
ffffd069
ffffc1d5
ffffc9df
ffffd148
ffffe8ea
ffffda9b
ffffcb28
ffffc77a
ffffbfd6
ffffc83d
ffffd968
ffffdaa8
ffffd749
ffffbea5
ffffc138
ffffc38e
ffffc8d8
ffffc474
ffffb87f
ffffb9bc
ffffc324
ffffc1f9
ffffbaeb
ffffbd2c
ffffc49b
ffffd06e
ffffd3f7
ffffd30d
ffffd1b8
ffffc70a
ffffc738
ffffcfa4
ffffd364
ffffba6a
ffffc618
ffffd913
ffffe343
ffffcc9a
ffffc115
ffffca3e
ffffc820
ffffd944
fffff96b
fffffff6
ffffeb2c
ffffe5af
ffffde87
ffffd5bb
ffffc48b
ffffc4a8
ffffc05a
ffffc486
ffffc983
ffffc538
ffffc467
ffffc531
ffffcbde
ffffd61b
ffffd1c2
ffffc477
ffffc2ae
ffffc994
ffffc0e0
ffffc93f
ffffcef9
ffffc122
ffffcc04
ffffd8ce
ffffe51c
ffffc682
ffffc585
ffffca16
ffffc72b
ffffcf09
00001057
00002703
00000ae3
fffffd79
000008d1
ffffed42
ffffcf23
ffffbe47
ffffc52b
ffffce69
ffffcde9
ffffcffa
ffffcd29
ffffcbb9
ffffca2e
ffffc8aa
ffffc1bd
ffffbeee
ffffc427
ffffca95
ffffc555
ffffc692
ffffc931
ffffc3ad
ffffcd59
ffffda65
ffffe329
ffffd0aa
ffffce27
ffffd02d
ffffce42
ffffd125
fffff890
00000c38
000015ea
fffffad9
fffff49f
fffff3b6
ffffdfd8
ffffb82f
ffffbfa2
ffffce76
ffffd4f5
ffffd1b7
ffffd342
ffffd8e2
ffffd0a2
ffffbec8
ffffc407
ffffc9f6
ffffccb5
ffffd071
ffffcd1b
ffffcbc7
ffffc7af
ffffca7e
ffffcee9
ffffdb0c
ffffdd55
ffffc72e
ffffbfe5
ffffd821
ffffe1da
ffffd2a2
ffffdc96
0000038b
00002076
fffff2da
ffffded7
fffffb16
ffffdfc2
ffffc744
ffffc78d
ffffc834
ffffc20c
ffffc03f
ffffcae6
ffffd6f8
ffffd4a6
ffffca49
ffffcf7f
ffffc6ed
ffffc4ed
ffffce7a
ffffd604
ffffce60
ffffcb2b
ffffcbdb
ffffd329
ffffdc82
ffffdb3c
ffffca9d
ffffbcea
ffffd0e8
ffffe7c6
ffffe8cf
ffffe610
ffffeb88
fffffb54
ffffd050
ffffe6b7
ffffefdc
ffffe5ff
ffffc952
ffffc98b
ffffc3fd
ffffb8d5
ffffb13d
ffffbd77
ffffcda8
ffffcbc5
ffffc32d
ffffc19d
ffffc46e
ffffc380
ffffcdf3
ffffd466
ffffcdbc
ffffd292
ffffc96a
ffffcb7c
ffffdbc6
ffffe25a
ffffce0e
ffffbb15
ffffcb88
ffffe1e8
ffffdca2
ffffca89
ffffcef2
ffffc8f1
ffffe3ca
fffff3e6
ffffebf4
ffffdb26
ffffde36
ffffcae4
ffffbb87
ffffb45a
ffffb075
ffffb745
ffffcbc7
ffffc4f7
ffffbfd4
ffffcb1d
ffffce55
ffffd0e4
ffffca73
ffffc26b
ffffcb33
ffffc880
ffffbdb5
ffffce09
ffffdd0a
ffffe181
ffffcfb0
ffffc91d
ffffd98e
ffffcbb4
ffffcb88
ffffe048
ffffc944
ffffad96
ffffe00b
00000533
ffffe309
ffffe2dc
ffffee31
ffffcb09
ffffbbab
ffffb4e3
ffffb4aa
ffffbeda
ffffd47f
ffffd4a3
ffffd21d
ffffd5ed
ffffcfbd
ffffd4c9
ffffd1e4
ffffc8a2
ffffc615
ffffcc24
ffffbf38
ffffdc32
ffffe7bc
ffffe423
ffffdc43
ffffcf41
ffffd8fc
ffffdcf7
ffffd8df
fffff362
ffffebfa
ffffccae
ffffd138
ffffe849
ffffcfe8
ffffe67d
00000da9
0000025a
ffffd07f
ffffb4eb
ffffbe8b
ffffc5b3
ffffcec5
ffffd1f2
ffffcdca
ffffc8a8
ffffc8f8
ffffc6ae
ffffd1b4
ffffce0b
ffffd372
ffffce86
ffffcc79
fffff15d
fffff5a7
ffffea27
ffffe01c
ffffd646
ffffd97f
ffffdbda
ffffd8bb
ffffeaff
ffffe701
fffff14f
ffffe9b2
ffffd05e
ffffb4ca
ffffd1c6
fffff0f1
000005e5
ffffeea9
ffffd024
ffffd401
ffffd9b9
ffffdda2
ffffcc39
ffffc6a0
ffffc371
ffffc00d
ffffb6f1
ffffbf3e
ffffc728
ffffd0bb
ffffcc87
ffffc45e
ffffebef
fffff88b
ffffec1d
ffffe4fc
ffffd44e
ffffd388
ffffcca9
ffffca4e
ffffd2ec
ffffd1f7
fffffb5a
fffff745
ffffcc88
ffffac0d
ffffbae0
ffffc02e
ffffeaf1
00001594
00001c9f
00001e6f
0000262b
0000167f
00000910
00000706
fffff89b
ffffe8ae
ffffe04f
ffffcf94
ffffcabc
ffffd782
ffffd6d8
ffffca01
ffffea74
fffff56f
ffffeb38
ffffe4f7
ffffd0d3
ffffd3fc
ffffcea2
ffffcc31
ffffc27c
ffffc1f2
ffffd2ee
ffffca2b
ffffbe89
ffff9ebf
ffffa116
ffffc005
ffffed38
00000174
fffffa48
00000933
00000ee8
00000d13
00001fe1
000022b9
00001cbe
00001e17
00001371
fffff64b
ffffe7d7
ffffdc80
ffffd860
ffffc420
ffffe4e2
fffff06f
ffffed6b
ffffe460
ffffd364
ffffcdc1
ffffcae0
ffffbf93
ffffb251
ffffb405
ffffbe6c
ffffbac7
ffffb5c0
ffffb015
ffffaf3e
ffffc3ca
ffffe02e
ffffdba4
ffffd99e
ffffefd2
fffffcf0
000002ba
00000155
fffff432
fffff922
00000661
0000150c
0000155f
00000355
ffffd86f
ffffd3cf
ffffbf16
ffffda6f
ffffe759
ffffe8ca
ffffdf21
ffffd138
ffffcfd1
ffffc128
ffffb437
ffffa903
ffffa595
ffffae0f
ffffb249
ffffb7f9
ffffc2cd
ffffc2f3
ffffbc6f
ffffbc44
ffffc329
ffffd05d
ffffdd8b
ffffec62
ffffef6e
ffffe5df
ffffe286
ffffe49a
fffffaba
fffffa3e
000002db
fffff8a6
ffffe4da
ffffcc33
ffffc5bc
ffffdbd7
ffffe586
ffffe6b2
ffffd796
ffffcd4f
ffffc775
ffffbc8d
ffffac34
ffffa7ae
ffffa440
ffffa9b1
ffffb3f5
ffffc168
ffffd3b4
ffffd1e7
ffffce3d
ffffca14
ffffcff1
ffffd5ca
ffffd741
ffffda65
ffffdb79
ffffdae9
ffffd928
ffffd4fa
ffffddc7
ffffe8e2
fffff1da
ffffef69
ffffe46f
ffffcbd5
ffffc455
ffffd649
ffffe637
ffffe9a9
ffffd43e
ffffc59f
ffffc7d3
ffffc37d
ffffbb50
ffffb3be
ffffaf3d
ffffb1be
ffffbe40
ffffd02c
ffffd6d2
ffffc770
ffffcfaa
ffffd4f1
ffffd364
ffffd212
ffffd402
ffffd4f4
ffffd7ab
ffffe05f
ffffdd90
ffffdb9a
ffffdb9c
ffffddc4
ffffdfdf
ffffd92a
ffffd94b
ffffd046
ffffc1ef
ffffcfe4
ffffe5dc
ffffe84e
ffffd51e
ffffc654
ffffc9a5
ffffc8e8
ffffc216
ffffb6d1
ffffb087
ffffb993
ffffc7b4
ffffec0f
ffffeb9c
ffffd36b
ffffd890
ffffcfeb
ffffcbfa
ffffd28e
ffffd6ae
ffffd2ed
ffffd424
ffffdd40
ffffdcc4
ffffd843
ffffdf03
ffffdbc9
ffffdb59
ffffd28d
ffffd624
ffffd43d
ffffbd07
ffffcdfa
ffffe71d
ffffec38
ffffdca1
ffffcce0
ffffcd27
ffffd15c
ffffc431
ffffadd7
ffffa8dc
ffffae39
ffffc24b
ffffde7b
ffffe2f0
ffffd5ab
ffffc768
ffffc72f
ffffcf46
ffffcdff
ffffcde4
ffffcec7
ffffcfc6
ffffd3ec
ffffd8a3
ffffdb34
ffffde11
ffffde18
ffffd948
ffffcc4c
ffffd372
ffffce15
ffffb4e3
ffffd1c3
ffffeb92
ffffee75
ffffda70
ffffce4a
ffffd0f5
ffffcf19
ffffc35e
ffffa40d
ffff9ade
ffffa235
ffffb017
ffffbb82
ffffc891
ffffd1a7
ffffc945
ffffc3ad
ffffccd3
ffffdbc1
ffffd166
ffffd500
ffffd815
ffffd6a0
ffffd98f
ffffdb0e
ffffde7d
ffffe1b2
ffffde5c
ffffd441
ffffd3c4
ffffce3c
ffffb8e5
ffffd490
ffffeef1
ffffef04
ffffd9a3
ffffd2a1
ffffd0e4
ffffcc84
ffffd08c
ffffb1a4
ffff9955
ffffa78e
ffffac5d
ffffaa09
ffffb48a
ffffdc84
fffff16e
ffffd50c
ffffbafe
ffffce58
ffffd5af
ffffd9b6
ffffe6d2
ffffde09
ffffd2c2
ffffddb7
ffffe16a
ffffe217
ffffdea9
ffffd030
ffffd3ca
ffffcd4b
ffffb99f
ffffd64e
ffffed97
fffff1a5
ffffdac4
ffffd19c
ffffcf00
ffffcd7b
ffffd5ad
ffffd11d
ffffabf6
ffffaf20
ffffb6b9
ffffb552
ffffb8fe
ffffe29a
fffffc86
ffffeb58
ffffdeec
ffffdc53
ffffda88
ffffd173
ffffddab
ffffd670
ffffdadd
ffffde93
ffffdea0
ffffd903
ffffdc8f
ffffcca8
ffffd067
ffffc930
ffffb435
ffffd2b3
ffffe821
ffffee06
ffffd3bb
ffffcebf
ffffcf61
ffffcfdc
ffffd88c
ffffd63b
ffffc0fd
ffffbcb6
ffffc179
ffffc70a
ffffb69c
ffffc40c
ffffc787
ffffd157
ffffe61f
ffffda76
ffffcf6f
ffffcb40
ffffcfaf
ffffd45b
ffffdc5a
ffffdf78
ffffd895
ffffd369
ffffd735
ffffd504
ffffd192
ffffc36a
ffffb55f
ffffce7f
ffffe573
ffffeb51
ffffd52d
ffffcea1
ffffcea5
ffffce11
ffffd923
ffffd58c
ffffd5d6
ffffd63c
ffffd618
ffffe1a6
ffffbacb
ffffa90f
ffffb0db
ffffbacf
ffffc293
ffffc52e
ffffc779
ffffc217
ffffcf8f
ffffe036
ffffe530
ffffdab9
ffffda28
ffffde02
ffffd68e
ffffd434
ffffd6cc
ffffc4ed
ffffbaf7
ffffd3c4
ffffe22b
ffffe5ba
ffffcf75
ffffd317
ffffd649
ffffd4f4
ffffda18
ffffde75
ffffe675
ffffdf76
ffffd8ff
ffffd381
ffffa846
ffff9e6f
ffffa87a
ffffb97a
ffffb048
ffffb41e
ffffbcbf
ffffd2dd
ffffdbe2
ffffdb78
ffffdd4b
ffffcdb6
ffffe441
ffffe090
ffffc65b
ffffd5e2
ffffde65
ffffd9a8
ffffc2bf
ffffe23c
ffffee5a
ffffea24
ffffe61f
ffffdd57
ffffdbbc
ffffd070
ffffd17f
ffffd206
ffffcf69
ffffd5e5
ffffce61
ffffca38
ffffc19c
ffffafda
ffffc11d
ffffc58d
ffffbf08
ffffbe2c
ffffc51c
ffffc96f
ffffd345
ffffcae6
ffffdaf6
ffffd3e8
ffffebe9
ffffd740
ffffbe89
ffffcae0
ffffdb79
ffffd3df
ffffc4dd
ffffd8ea
ffffecdc
ffffed48
ffffe20e
ffffe10a
ffffe244
ffffd8e8
ffffd6b6
ffffd5af
ffffdd0c
ffffdcbb
ffffd1ac
ffffcffd
ffffc346
ffffc2b3
ffffbbf1
ffffd623
ffffd4a1
ffffd186
ffffd6c2
ffffde20
ffffe414
ffffcab7
ffffce99
ffffd991
ffffd8b3
ffffd6c3
ffffd4e6
ffffcdf5
ffffd595
ffffd14e
ffffd1bf
ffffd872
ffffec6c
ffffe8c5
ffffd35b
ffffd351
ffffd96a
ffffe046
ffffe390
ffffe6f0
ffffda2d
ffffe179
ffffd15c
ffffd614
ffffcbb3
ffffca0c
ffffbe73
ffffd03a
ffffdc1e
ffffe812
ffffe690
ffffea7f
fffff002
ffffd406
ffffce94
ffffe647
ffffd2ba
ffffd90e
ffffe74a
ffffdace
ffffdddd
ffffd1b8
ffffd21c
ffffe08c
ffffecc1
ffffe561
ffffd02c
ffffc1c9
ffffcdba
ffffd438
ffffe516
ffffe251
ffffdd09
ffffd413
ffffd85e
ffffdc9c
ffffd147
ffffcf57
ffffce21
ffffc85e
ffffc8a4
ffffc778
ffffd1a2
ffffc861
ffffe2cb
ffffdbfa
ffffd466
ffffd4e9
ffffcc6f
ffffd657
ffffda38
ffffd57c
ffffcafe
ffffcd10
ffffbfbe
ffffddc4
ffffdf8d
ffffda4b
ffffe6ef
ffffeebf
ffffedc2
fffff301
fffffc45
fffff7a2
fffff479
fffff485
fffff2b5
fffff1ea
ffffeee6
ffffec21
ffffeb7e
ffffe345
ffffdc2f
ffffdd36
ffffe15b
ffffdbc9
ffffddd4
ffffe968
ffffe6b4
ffffdbb5
ffffe50f
ffffebce
ffffedb2
ffffe9dd
ffffd592
ffffd973
ffffd974
ffffe7d7
fffff76c
00001178
00001f99
0000205c
000021df
0000265f
0000293b
00002a00
00001c93
0000160f
000013b8
00001213
00001ae2
00001c55
00001a1f
00001b58
00001b3a
00001c26
00002224
000025f2
0000244f
00001dc3
000013b6
00001131
000015df
00001aea
000015e4
0000125b
000025b7
0000204f
000014d9
000014d6
000011d1
ffffe68f
ffffedf6
ffffef86
ffffeed0
fffffc75
fffffa2d
fffff9b3
fffffc58
fffffc63
fffffce7
fffffc1c
fffffa5c
fffffa21
fffff936
fffffbe9
fffff7bf
fffff8e6
fffff451
ffffeff1
fffff297
fffff702
fffff22e
ffffec84
ffffe96b
ffffe9ac
ffffe8b4
fffff48a
fffffe9b
fffffa62
ffffef4d
ffffef22
ffffe932
ffffe053
ffffd764
ffffd3c6
ffffe0ce
ffffde7d
ffffdcbf
ffffe012
ffffdf24
ffffe406
ffffe3a6
ffffe0be
ffffda6b
ffffd70e
ffffdacf
ffffdb9e
ffffd6db
ffffd7b9
ffffd8c0
ffffd9b6
ffffda7e
ffffd603
ffffd0e5
ffffd1e2
ffffd45b
ffffd496
ffffd7ca
ffffdc0f
ffffdce0
ffffd5cf
ffffc01c
ffffd5aa
ffffd473
ffffe617
ffffdb21
ffffdcdc
ffffde63
ffffdd24
ffffd751
ffffe2aa
fffffa02
fffff5fa
ffffdd11
ffffdd69
ffffd153
ffffcd5b
ffffcf74
ffffc855
ffffc6ed
ffffc9eb
ffffcdc4
ffffcff2
ffffd1d1
ffffd5aa
ffffd9ce
ffffdc7c
ffffde9a
ffffd654
ffffdc79
ffffda76
ffffd904
ffffccc9
ffffc402
ffffd64e
ffffd4de
ffffd9e8
ffffc711
ffffc9e7
ffffceb4
ffffda78
ffffdfde
fffffc7b
00000818
ffffe113
ffffcb01
ffffd2e7
ffffdca2
ffffd351
ffffd164
ffffcd33
ffffc794
ffffcd29
ffffc6bb
ffffd257
ffffdbdf
ffffe655
ffffe32e
ffffde20
ffffd3c4
ffffd19a
ffffcde0
ffffd50c
ffffd10a
ffffcbbd
ffffc62c
ffffd0ca
ffffd833
ffffe049
ffffcfaa
ffffcda0
ffffd81f
ffffda88
fffff32e
fffff479
ffffdf07
ffffce6a
ffffe23e
ffffe7f1
ffffe12f
ffffd505
ffffd7cf
ffffd1f2
ffffcffa
ffffd61f
ffffd605
ffffda92
ffffd7ab
ffffd3e3
ffffc305
ffffcb35
ffffcb44
ffffcd95
ffffd0d4
ffffd570
ffffcd6c
ffffc803
ffffc5b4
ffffdbec
ffffded4
ffffe5e8
ffffd80a
ffffd642
ffffded6
ffffde3c
fffff2fc
ffffeb90
ffffda55
00000778
000013a6
000001bc
ffffe5b9
ffffdb7e
ffffd8c0
ffffd59b
ffffd9c6
ffffeaf4
ffffed14
ffffdee9
ffffd21e
ffffc096
ffffc363
ffffd0f5
ffffd716
ffffd4a6
ffffe0c7
ffffdeac
ffffd406
ffffd2ac
ffffd220
ffffdff7
ffffdeb4
fffff04b
ffffe4cd
ffffe6b7
ffffe2ad
ffffd5d5
ffffdee0
ffffeb47
fffff919
000028d3
fffff94a
ffffd5fe
ffffe042
ffffdf70
ffffeb78
ffffe23d
ffffee44
fffff59c
ffffe76b
ffffde11
ffffd682
ffffd6de
ffffe752
fffff15c
ffffe0f5
ffffe3b3
ffffecb1
ffffebb0
ffffdec8
ffffdb43
ffffdc84
ffffe173
ffffe415
fffff33f
ffffe941
fffff493
ffffebf0
ffffe274
ffffe020
ffffe36d
ffffefbc
00000543
ffffdd7b
ffffd2c8
ffffd776
ffffd3d3
ffffdd15
ffffe6ee
ffffe033
ffffe543
ffffe705
ffffea69
fffff844
fffff829
fffff5ab
fffff11c
fffff2eb
fffff26c
fffffdee
00000441
fffff87b
fffffc4c
fffffc33
fffffba0
fffff650
ffffe1ee
ffffce76
ffffc9d1
ffffdc8a
ffffef95
ffffe7da
ffffebf7
ffffff30
ffffe7ae
ffffc7af
ffffd388
ffffd5fe
ffffc7c6
ffffc85a
ffffd929
ffffc6e3
ffffc0b0
ffffcf1b
ffffdb3c
ffffe716
ffffe23d
ffffd8a7
ffffcf95
ffffe367
ffffdba0
ffffe3a0
ffffe69c
ffffe5e1
ffffebd5
ffffe333
ffffe60e
ffffda01
ffffe12f
ffffd104
ffffc2b2
ffffc71f
ffffd99b
ffffceaf
ffffe8e1
fffff594
ffffee4e
ffffdaa8
fffff100
ffffcc6e
ffffc2cc
ffffbb97
ffffc0a1
ffffd1e0
ffffbcb2
ffffc60b
ffffbb2d
ffffbf91
ffffc3d2
ffffb7b4
ffffb9ff
ffffc49f
ffffbddf
ffffb7a5
ffffb31a
ffffc2d1
ffffbff9
ffffb6df
ffffc920
ffffb5c0
ffffde8f
ffffd46d
ffffd373
ffffdbe3
ffffeb77
ffffd79d
ffffd9e3
ffffeaeb
ffffd5a5
ffffea9d
ffffdefe
ffffc1be
ffffc5ae
ffffc507
ffffc51f
ffffbc50
ffffcd5c
ffffca8b
ffffc445
ffffcc8a
ffffd5c1
ffffc43c
ffffc8fe
ffffc81a
ffffcdbe
ffffc8d0
ffffc7e3
ffffd50e
ffffce0c
ffffcc43
ffffd5e0
ffffc989
ffffdc1d
ffffceae
ffffd24a
ffffce8c
ffffdd37
ffffe0d0
ffffe3d0
ffffd757
ffffde61
ffffedf1
ffffd1bd
ffffd934
ffffca2b
ffffdc74
ffffc618
ffffc11e
ffffdf05
fffff994
ffffea5c
ffffe9e2
ffffe874
ffffdc25
ffffd019
ffffcca1
ffffd13c
ffffcc9a
ffffcf02
ffffc7e3
ffffca69
ffffcaab
ffffd90d
ffffe137
ffffdfcd
ffffd156
ffffd0e0
ffffcc47
ffffcd0f
ffffe5cd
ffffed24
ffffcd9e
ffffca04
ffffef73
ffffd666
ffffbea3
ffffcaef
ffffc71e
ffffcd57
00000a23
00002349
00002f5d
00001ba8
000015ff
fffffeb0
fffffc8a
00000820
00000221
fffff8f7
ffffefb3
ffffdbad
ffffd479
ffffdb23
ffffd02d
ffffd02f
ffffe03f
ffffe353
ffffd970
ffffd262
ffffc97a
ffffc4d7
ffffe480
ffffead1
ffffcf22
ffffb748
ffffda32
ffffc564
ffffba63
ffffb774
ffffc1a7
ffffedd8
00001789
00000c83
00000210
fffffa9a
fffffb2b
000002fe
000004e8
00001a09
00001cbb
00000760
0000006a
fffff7a1
ffffeef5
ffffebfc
ffffd432
ffffd786
ffffe15d
ffffe75d
ffffdc02
ffffd6e3
ffffce48
ffffca8e
ffffdd4b
ffffe296
ffffce04
ffffb42f
ffffdbd6
ffffd865
ffffda26
ffffc8f7
ffffdfe1
0000049b
ffffee14
ffffcb77
ffffd224
ffffdc03
fffff519
fffffa50
fffff1bf
ffffeffc
00000022
fffff10a
fffff1e5
fffff371
ffffe9a7
ffffe53d
ffffd721
ffffdabb
ffffe80e
ffffe55d
ffffdaf7
ffffd704
ffffd504
ffffc92d
ffffced3
ffffda19
ffffbfa4
ffffac62
ffffd8cb
ffffe1dd
fffff5fc
fffff0f9
ffffe507
ffffded1
ffffbd18
ffffd0dd
ffffd818
ffffe4c0
0000027b
fffff602
ffffea3d
ffffe4f3
ffffe1bb
ffffe343
ffffee5c
ffffec94
ffffe3f5
ffffe280
ffffdc3a
ffffdf37
ffffefe8
ffffe5c4
ffffdb22
ffffd12d
ffffcd26
ffffbe33
ffffc81c
ffffd5b1
ffffc34e
ffffab23
ffffda96
ffffeee4
fffffee2
000007ee
fffffa50
ffffcf68
ffffcf47
ffffdf1a
ffffd761
ffffd65b
ffffdfcc
ffffd52a
ffffdce1
ffffe215
ffffe85f
ffffe1bd
ffffe6d1
ffffe0f1
ffffdfac
ffffe0a8
ffffd78c
ffffe378
ffffece8
ffffe755
ffffdb96
ffffd4a5
ffffcda3
ffffc45e
ffffcfa1
ffffd825
ffffcb18
ffffacc9
ffffd3b5
ffffea12
ffffe31b
ffffe3b9
ffffeb0c
ffffce74
ffffd81c
ffffdf4e
ffffd9a7
ffffda9f
ffffd8ba
ffffd6b5
ffffda49
ffffdbcc
ffffe22f
ffffe1ea
ffffe40e
ffffe5ab
ffffdff0
ffffdd43
ffffd515
ffffe1cd
ffffe89d
ffffe508
ffffdc78
ffffd478
ffffd34a
ffffcc1a
ffffd8d3
ffffdb4a
ffffca7b
ffffb4a5
ffffd0fc
ffffe563
ffffd16f
ffffb83c
ffffd817
ffffe199
ffffdc5c
ffffdc26
ffffd693
ffffd274
ffffd1ab
ffffd777
ffffdc14
ffffdc3d
ffffddf7
ffffdfe7
ffffdf44
ffffe917
ffffe0a1
ffffd9b7
ffffc8e6
ffffdf8d
ffffe832
ffffe6db
ffffdbcb
ffffd836
ffffd2ff
ffffcb82
ffffd40c
ffffd60a
ffffc25a
ffffafd8
ffffc40f
ffffd817
ffffe1e2
ffffce79
ffffe7bd
ffffe007
ffffde3c
ffffd91e
ffffcee8
ffffc8e4
ffffceb0
ffffcd88
ffffd662
ffffd83a
ffffd794
ffffdb6d
ffffd61b
ffffdc0a
ffffda16
ffffc7a7
ffffc3dd
ffffe073
ffffe866
ffffe4f9
ffffe0c4
ffffdf22
ffffdac0
ffffd158
ffffcbf2
ffffcea3
ffffc319
ffffa8c0
ffffbd39
ffffcc89
ffffe789
fffff829
ffffec92
ffffe702
ffffe47d
ffffd34d
ffffcc7d
ffffc94b
ffffcee6
ffffd09c
ffffd6c7
ffffe21c
ffffdd69
ffffd853
ffffd750
ffffdc77
ffffd5dc
ffffcbf6
ffffd4a9
ffffe88d
ffffe696
ffffe295
ffffdc49
ffffdffb
ffffdc32
ffffd6ad
ffffd9b7
ffffdbaa
ffffe2a4
ffffc580
ffffd28c
ffffceff
ffffe375
fffff6e9
ffffeceb
ffffc33b
ffffdeef
ffffe48c
ffffe24d
ffffd5f2
ffffdd65
ffffe28b
ffffe6f5
ffffe766
ffffe7e5
ffffddde
ffffe083
ffffda72
ffffd1bb
ffffca94
ffffcf4d
ffffdfb9
ffffdcd2
ffffe2aa
ffffe119
ffffe001
ffffe190
ffffd9c4
ffffdf48
ffffdcd0
ffffd5df
ffffdec4
ffffcebc
ffffda39
ffffe5a5
ffffde21
ffffe0ab
ffffccd3
ffffcf16
ffffe846
fffff9b8
ffffe849
ffffe4b4
ffffd948
ffffd4ee
ffffd55e
ffffda1f
ffffdd60
ffffdd3b
ffffda10
ffffd79c
ffffcb25
ffffcf9e
ffffdbd1
ffffda38
ffffe499
ffffdb86
ffffdf46
ffffddbe
ffffd3cb
ffffd4ff
ffffc72b
ffffc449
ffffd051
ffffc015
ffffd0a4
ffffeb46
ffffc21d
ffffc214
ffffc9a2
ffffe3ac
ffffd444
ffffe237
fffff35b
ffffebab
ffffea88
ffffe6b8
ffffdccf
ffffd38f
ffffdfd6
ffffddde
ffffd5db
ffffcbb1
ffffce7b
ffffd1ab
ffffe551
ffffe1bd
ffffdd3b
ffffd6be
ffffd739
ffffd139
ffffd2d0
ffffd1f0
ffffd022
ffffd327
ffffccbf
ffffd76e
ffffc99f
fffff696
ffffc47c
ffffb74f
ffffbf25
ffffdf67
ffffcb34
ffffb7d4
ffffc54e
ffffce5a
ffffd7a3
ffffe666
ffffe09e
fffff704
fffff352
ffffd790
ffffd122
ffffc526
ffffdc1f
ffffe030
ffffdc6a
ffffd902
ffffd8d0
ffffd946
ffffe16f
ffffe7af
ffffeb91
fffff0b8
fffff6e4
ffffff4e
fffff5e9
ffffeacc
ffffcd6d
ffffd2c7
ffffb3cc
ffffb312
ffffba5b
ffffdb02
ffffbf86
ffffc180
ffffcb40
ffffbb74
ffffcfb8
ffffc782
ffffce73
ffffea64
ffffec4c
ffffde5f
ffffd73c
ffffd017
ffffe2c8
ffffd24d
ffffd247
ffffd548
ffffdb14
ffffcb64
ffffd4b1
ffffe57c
fffff594
0000006a
fffffa4b
fffff5ce
ffffe142
fffff08c
ffffd78a
ffffe40e
ffffcf87
ffffd1ac
ffffe5d9
ffffd9cd
ffffbfc2
ffffd98e
ffffef56
fffffda3
fffff543
ffffec25
ffffebd6
ffffe2a7
ffffd329
ffffeabd
fffff26a
fffff56d
fffff27e
ffffda70
ffffedc8
ffffeae8
ffffe7c6
ffffe494
fffff249
ffffff1a
fffffdc2
fffffc9c
fffff02b
ffffe8d4
ffffe606
fffff942
ffffdf67
fffff6f6
fffff7c6
fffff52e
fffffeff
ffffde27
ffffe9c5
00000710
00000c08
000007ab
ffffe8c3
ffffe8a0
fffff544
ffffcb5c
ffffd9eb
ffffec94
ffffed34
fffff22d
ffffea16
ffffece3
fffffb33
fffff52b
ffffeccc
ffffe0ae
fffff372
0000031c
0000016a
fffffc9f
fffff6c2
fffff1f2
0000017f
00000ee1
fffff157
fffffc42
fffff050
ffffe736
ffffecaf
ffffefd5
00000165
000017e2
00000a41
00000b8c
00000f85
000010e3
000000f4
ffffdbe1
ffffee36
ffffdda1
ffffde8d
ffffed73
ffffee87
ffffec76
fffffd3a
ffffefb6
ffffea3e
ffffd5c6
fffff24f
000005d8
fffffffe
fffff734
fffff095
ffffea28
ffffefab
ffffefc5
fffffa9a
00000383
fffffa43
fffffcdf
fffff735
fffff337
ffffe60e
ffffffad
fffff549
00000aef
00000fff
00000a2e
fffffda5
fffffe44
ffffffce
fffffa03
0000012c
fffff8f0
fffff272
ffffe162
fffff88f
ffffece0
fffff91d
fffffd85
000011c6
000018cf
000007d8
000000a3
fffffc53
0000002a
000002f6
fffffa66
fffffc81
00000ec7
00001054
00001030
00000f9a
000006c7
00000391
00000c6e
00000054
fffffd45
fffffe2f
ffffeddc
fffff607
000004ec
00000c3b
000006b2
0000104a
fffffbd3
fffffdc0
fffff512
0000028b
00000032
00000cd6
000012ac
00001de1
000016ae
00001e79
00001952
00001fa2
00001e15
00001a92
00000765
00000caa
00001643
0000180d
000019b8
00001f30
00001a07
00001da1
00001824
00001569
00000cc6
00000ff7
00001278
000022cf
00001ed6
00002179
00001881
00001517
00001265
00001133
0000198b
00001c0c
00000e8f
fffff3af
ffffebff
ffffe9e9
ffffe533
ffffea3d
ffffe654
ffffebc7
ffffedb4
ffffe70a
ffffe492
ffffe830
ffffedda
fffff093
fffff586
fffff64f
ffffe9f0
ffffea0c
ffffea32
fffff3aa
fffff9df
fffff347
ffffe46e
ffffeda0
fffff36d
ffffee98
ffffe739
fffff07d
fffff714
ffffeb25
ffffe1a4
ffffee9c
0000000f
fffff147
fffff790
ffffe944
ffffe7f9
ffffe5f4
ffffdf41
ffffe02b
ffffda8c
ffffd82d
ffffd80d
ffffd8a8
ffffdf4b
ffffe8ce
fffff208
fffff253
ffffe7f4
ffffe0c0
ffffdf75
ffffe6ca
fffff4ca
ffffeb1a
ffffdccc
ffffe9ec
fffff8ce
fffff448
ffffedb5
fffff03e
fffffcfa
fffff65c
ffffdc53
ffffe6c6
00000e0a
fffffa7f
00000126
fffff6c4
fffff831
fffffd82
fffff40e
ffffe114
ffffda09
ffffdf4e
ffffdb5b
ffffd5aa
ffffe0f7
ffffeca6
fffff3f7
fffffbdf
00000038
fffffed5
fffff7ce
fffff15e
fffff9aa
fffff5f8
ffffeeff
fffff78a
0000055a
fffffead
fffff9c2
fffffaff
000001c6
000002aa
ffffef83
fffff322
000015c2
fffff01f
fffff14a
ffffedd5
fffff399
00000309
0000083d
ffffeaa1
ffffe7c8
ffffea3b
ffffde5e
ffffdae9
ffffdded
ffffe478
ffffe70f
fffffc93
00000b09
00000887
fffff9c7
fffff8d6
ffffffe6
00000256
fffff854
fffff095
fffff4bb
fffff5d5
fffff158
fffff67d
00000249
0000080a
fffff4b4
fffff3c7
00001982
ffffe7e6
ffffe881
ffffef07
fffff286
fffff653
0000055c
fffffcaa
fffffce1
ffffe986
ffffe77e
ffffe6c2
ffffef24
ffffe7ab
ffffdd67
fffff011
ffffff54
00000139
fffff814
fffff92e
ffffffb7
00000639
000003fb
fffff799
fffff05d
fffff0ff
ffffeef9
fffff039
ffffff2f
000004f4
fffff558
fffff193
00001736
ffffe883
ffffe85f
fffff23a
fffff19b
ffffe007
fffff263
ffffea3c
ffffd520
ffffe8fb
ffffea1d
ffffeeea
ffffed2b
ffffdff0
ffffd518
ffffe49a
fffff11e
fffff458
fffff546
fffff6f0
fffff096
fffff434
fffffe9e
fffffa63
fffff630
ffffefbf
ffffe9bb
ffffe93c
fffff542
00000433
fffff946
fffff043
000014cc
ffffe246
ffffde9f
ffffe861
fffff91f
ffffe908
ffffe21d
ffffdd97
ffffe00e
ffffe3ed
fffff367
ffffe7e0
ffffedae
ffffe55c
ffffdf19
ffffe012
ffffeaee
ffffe445
ffffe3f8
ffffed55
ffffe535
ffffe0f4
ffffe4de
fffff56f
fffff001
ffffe87c
ffffe39a
ffffe6c9
ffffe4b0
fffff47d
fffff0e2
ffffe7da
00000d3b
ffffea28
ffffed86
fffff380
0000090d
000004bb
fffffcf6
ffffd41f
ffffdd86
ffffe689
ffffe14c
ffffe266
fffffcf4
ffffefcd
ffffdb33
ffffd6c7
ffffef43
fffff262
fffff16d
fffff135
ffffeda1
ffffeb03
ffffeff1
fffff8c0
ffffff43
fffffa3f
fffff4c7
fffff5d8
ffffecdb
fffff048
fffff179
fffff3a1
000010a7
ffffe7d0
fffffb47
00000064
00000a04
00001825
fffff83a
ffffd496
ffffdc0c
ffffd86e
ffffda67
ffffedb9
fffff895
ffffe767
ffffeac0
ffffcddd
ffffda1b
000000bb
00000e78
00000d0d
00000c15
0000064e
fffffdc7
fffff83e
00000959
000007f5
0000057e
000001e4
fffffc40
fffffc61
fffff6b9
00000e93
000019aa
ffffd0cb
ffffe5f5
fffff308
00000240
00000ffb
000010e9
fffffc62
ffffedf2
ffffe6db
ffffd828
fffffd4c
ffffe24e
ffffec02
000002d9
ffffd2f4
ffffb8be
ffffccc4
fffff738
000014ac
00000f1f
00000713
fffff6d7
ffffe6fc
ffffea13
fffffcb7
00000765
fffffd99
fffffac6
fffff9f6
fffff168
00001ccc
00002a84
ffffd3d1
ffffcf85
ffffe296
ffffed55
ffffebf8
0000180c
0000275b
000010a5
fffffc63
fffffd30
ffffd941
ffffcac5
ffffe810
00000197
00000d64
ffffce11
ffffa16c
ffffba4b
ffffeafb
ffffe019
ffffe196
ffffe75a
ffffdead
ffffd390
ffffe2b7
fffff005
ffffea52
ffffe9a4
ffffe79b
ffffe98f
000007bf
00002a94
ffffdf35
ffffd7e0
ffffe6d0
fffff2ee
ffffe1dc
fffffcfe
0000284b
000004e2
00000720
0000009d
ffffd9c7
ffffd349
ffffd94c
fffff735
0000206c
fffffe13
ffffc409
ffffcc62
fffff09e
ffffe71c
ffffdec7
ffffe0d3
ffffe10b
ffffd670
ffffddad
ffffeb04
fffff5b7
fffff8b6
fffff3fb
fffff280
00000fc0
00002a6d
ffffe19d
ffffdbf1
ffffe50b
fffff81f
ffffee11
fffffa57
00001b89
fffffbf6
ffffe66e
fffff3c3
fffff99e
ffffddb7
fffff71f
00000bdb
ffffff69
ffffe8cd
ffffd098
ffffd2d7
fffffcdb
00000b8e
00000314
fffffd32
fffff052
ffffe752
ffffe292
ffffd7da
ffffe568
fffff33c
fffff4ba
ffffef4a
00000c8f
00002721
ffffe6a0
ffffe04f
ffffe518
fffff7fa
fffff82a
00000222
00000e2d
fffff252
ffffda16
ffffefcd
000005a6
ffffeca9
00000556
00000544
ffffeddf
ffffe5d5
ffffd381
ffffdd84
fffff4e6
fffff736
ffffebaa
ffffea72
ffffed60
ffffe85e
fffff53e
ffffe9ca
ffffe364
ffffe316
ffffe8d2
ffffec78
0000081e
0000243c
ffffe32c
ffffe91f
ffffeae7
fffff189
fffff5a9
ffffff0b
0000192a
0000052f
ffffe011
fffff2ca
00000744
00000491
fffff867
fffff790
fffff561
fffff8ed
fffff28c
fffff658
fffff55e
ffffe13f
ffffdd9d
ffffdd3d
ffffe0bd
ffffdb3f
ffffe45b
ffffecbf
ffffded8
ffffdae2
ffffe760
ffffed7c
0000051f
000022bb
ffffde02
ffffeb49
ffffe62c
ffffeb04
ffffeb94
fffffff1
00001ce0
000006fe
ffffdaeb
ffffec02
0000038c
fffff9b8
fffff12e
ffffe8d3
fffff70d
fffff47d
fffff838
fffffdfd
fffff9cc
fffff0a0
ffffea51
ffffe85a
fffff588
fffff618
ffffeeaf
ffffecb2
ffffe763
ffffd36c
ffffe7e8
fffff08f
00000749
000022ec
ffffdc16
ffffe810
ffffe4d2
ffffe519
ffffe313
fffffe34
00001a78
00000fff
ffffdf17
ffffe8f9
00000510
fffff52c
ffffd908
ffffe984
fffff776
fffff322
fffff3f6
fffff287
ffffed85
fffff334
ffffe8a4
ffffe6d3
ffffebfd
fffff4d6
ffffef80
fffffcb9
ffffe5ec
ffffdb0b
ffffeac9
ffffe9ca
fffffc15
0000201e
ffffe105
ffffe685
ffffe83f
ffffe53a
ffffdd20
fffff399
00000957
00001afc
ffffef3d
ffffe9f0
00000957
fffffdd3
ffffe992
ffffd849
fffff1ba
fffff351
ffffeed6
ffffed05
ffffed86
fffff0ad
fffff118
ffffed33
ffffee8b
fffff3a9
ffffed00
ffffec0d
ffffdde1
ffffd832
ffffe647
ffffe20a
fffff5dd
00001e07
ffffe4d7
ffffe77c
ffffe9e4
ffffee3c
ffffdc27
ffffe119
fffff759
000015a9
0000015c
fffff0ed
000005d4
ffffff64
fffff387
ffffd384
ffffdb75
ffffecf8
ffffe9c0
ffffecf4
ffffee9c
ffffeafa
fffff2b3
fffff4d9
ffffeb39
fffff26d
fffff4de
ffffed0b
ffffe3cd
ffffd684
ffffe15d
ffffe38a
ffffee04
00001825
ffffe4aa
ffffe89c
ffffec84
ffffefc9
ffffe10b
ffffd9dd
ffffe7f7
00000c29
0000131a
ffffe7b1
ffffece8
fffff779
fffff2c7
ffffd644
ffffd363
ffffe34f
ffffe9b6
ffffef7a
ffffedc8
ffffec28
fffff35f
ffffef97
ffffe840
ffffedc1
fffff1c3
ffffee31
ffffed32
ffffdbc5
ffffdb6e
ffffdaca
ffffec62
00001215
ffffe1c1
ffffe545
ffffea28
ffffedff
ffffe338
ffffd993
ffffdcf4
0000038e
00001a1c
fffff7b7
ffffdbfd
ffffea11
fffffd07
ffffeb47
ffffd296
ffffd7b8
ffffe5a7
ffffe89f
fffff134
fffff0ad
ffffefdf
ffffe997
ffffe98e
ffffe8cd
ffffe6ea
ffffee4c
fffff369
ffffe368
ffffdeef
ffffdf28
ffffeaff
00000f07
ffffe4c6
ffffe422
ffffe718
ffffe737
ffffe778
ffffdf39
ffffd92a
fffff126
000012bf
00001af8
fffff3e9
ffffe25c
00000816
00000595
ffffeb24
ffffe1f7
ffffd5f5
ffffdbc8
ffffed77
fffff8d0
fffff42b
ffffedc0
ffffeb53
ffffea48
ffffe344
ffffe9e3
fffff211
ffffecc2
ffffe540
ffffe41d
ffffedd0
00000c2c
ffffe948
ffffe88c
ffffe350
ffffe2f7
ffffed59
fffff098
ffffdf53
ffffd54c
fffff766
000017db
0000170b
fffffd44
ffffff95
fffff223
fffff733
fffffecf
ffffd954
ffffc999
ffffe06a
fffffc46
fffffd0e
ffffff61
ffffef50
ffffe759
ffffdd5f
ffffe94a
fffff243
ffffed0a
ffffe03b
ffffe60c
fffff49b
000012c4
fffff2d8
ffffee23
ffffe93f
ffffe7bb
ffffee62
fffffdbd
ffffe702
ffffe8b5
fffff163
fffff766
00001a60
000012a5
fffff41c
ffffdbc7
ffffd80d
fffffef4
fffff747
ffffe1bd
ffffef85
000007f1
00000a1b
000002b7
ffffee64
ffffdd4c
ffffdd70
ffffe887
fffff6d9
fffffb58
ffffe10e
ffffdd33
fffff513
00001ebc
fffff00e
ffffe991
ffffee74
ffffea10
ffffef01
fffffdac
fffff6a0
fffff6bc
fffff96e
fffff722
00000e9e
0000289c
00000f95
fffff3a6
ffffdbcb
ffffeee6
fffff9c1
fffffcfe
00000938
000006d1
00001beb
0000143f
fffff723
ffffe17b
ffffe47b
ffffec76
fffff6c4
fffff4e9
ffffeab8
ffffe2d8
fffffdca
00001fe7
fffff1ae
fffff137
fffff49a
ffffed84
ffffecc9
fffff3be
fffff2f0
fffffe27
00000014
fffff65d
00000397
00001f8a
000012ab
00001b8f
000007c6
ffffed1d
ffffdb56
fffff78e
0000101d
00000031
000013ba
0000198f
00000bed
000000fc
fffffd06
ffffe79e
fffff493
ffffe538
fffff0dc
fffff68a
fffffdd2
0000188e
fffffb19
fffffd60
fffffd84
fffff0bf
ffffeb3c
ffffe64e
ffffe598
fffff48c
fffffeea
fffffbc3
fffff503
fffff75e
fffff4f0
00000db1
000023d0
0000227d
ffffe166
ffffe1cd
fffff9d1
fffff783
fffff639
000004f4
00000f26
000008cb
00000398
fffff706
fffff016
ffffe6a4
ffffdcf6
fffff597
0000020e
000010f1
ffffe66a
fffff4e6
00000027
fffffcdf
ffffe982
ffffe949
ffffeda7
fffffc96
00000684
000012e4
fffff9d3
ffffe9e5
ffffd5e1
fffff828
00001e24
00001581
fffff81e
ffffe7f7
fffff525
ffffed6e
ffffe4cf
fffff4fd
000020b5
0000074e
ffffefae
00000346
ffffffff
fffff0ea
ffffd548
ffffe86d
fffff67f
000012b9
ffffe0d9
ffffe131
fffff0d1
fffff059
ffffdd0b
ffffec8a
fffff1f3
fffff0d9
fffff172
ffffff70
fffff4f5
fffff630
ffffdd27
ffffe02c
fffff611
fffff41d
fffff66d
fffff7fe
ffffe6a7
ffffee8d
fffff069
fffff626
000000cd
fffff2d4
ffffecd0
0000066e
00001892
00000758
ffffdc36
ffffd96a
fffff08d
00001742
ffffd925
ffffd34e
ffffe4ef
ffffec98
ffffe862
fffff9c6
ffffefb0
ffffe7a6
ffffde3e
ffffe54d
ffffea7d
fffff332
ffffe819
ffffe263
ffffe61e
ffffdd90
ffffe12e
fffff467
ffffe39e
ffffe180
fffff42f
ffffec92
ffffe7a7
fffff79c
ffffec30
ffffea0b
fffff083
ffffe039
ffffdead
ffffe14c
fffffa37
00001a66
ffffea39
ffffe787
fffff316
ffffffd8
fffff90e
000004c1
00000bf0
fffff9e5
fffff3c3
fffff781
fffffed0
0000013e
fffffb5c
fffffe72
fffff04a
ffffef8c
fffffb06
000003ab
fffff4e5
ffffed7c
fffffccc
000003eb
0000046c
000002b7
fffffe5e
fffff49b
fffff7cb
fffff50f
fffff089
fffff57e
000003bb
00001548
fffff6fe
fffffaeb
ffffeb17
fffff681
fffffbcd
fffffd80
fffffed4
00000042
fffff447
ffffee8a
fffff548
fffffdd5
fffff834
fffff4d2
fffff3e8
fffff261
fffffccf
000006a3
0000080b
fffffe3c
fffff723
ffffffcd
000004b5
0000057f
0000001a
fffff808
fffff7f7
fffffd11
fffff017
fffff7ac
fffffbfb
00000ebd
ffffdaef
ffffd363
ffffd158
ffffd600
ffffd45e
ffffd6cb
ffffddd4
ffffdda6
ffffd6a6
ffffd1ab
ffffd2e0
ffffdd55
ffffe180
ffffd60b
ffffcf74
ffffcc9d
ffffcf1e
ffffd5f8
ffffd268
ffffd42f
ffffd7a2
ffffd3b9
ffffe216
ffffe6a5
ffffdd81
ffffde17
ffffe92d
ffffdffb
ffffc99b
ffffd200
ffffd27a
ffffffe6
ffffcd54
ffffc5f0
ffffc569
ffffc880
ffffd724
ffffe04d
ffffdddb
ffffdd44
ffffd067
ffffcb53
ffffd1eb
ffffe3b1
ffffe452
ffffd243
ffffcc42
ffffd1b4
ffffd0c9
ffffcfac
ffffce5a
ffffda36
ffffe00d
ffffe122
ffffec2f
ffffebc3
ffffda18
ffffd383
ffffe2a9
ffffe5d4
ffffca07
ffffcf0a
ffffc990
0000098e
ffffc62c
ffffc5fb
ffffd428
ffffe4b6
fffff254
fffffc59
fffffe31
fffff0dc
ffffe2ba
ffffe751
ffffe8f6
fffff7a1
fffff9ca
ffffecdc
ffffe8ee
ffffea0c
ffffe66a
ffffe853
ffffe11e
fffff229
fffff90d
fffff4c7
fffff15d
ffffea52
ffffe00f
ffffe232
fffff227
fffffcff
fffff7ca
fffff134
ffffdc21
00001556
ffffbe16
ffffbf9b
ffffd5f0
ffffef07
fffffadf
0000050e
fffff732
ffffdf20
ffffcdaa
ffffe2d1
ffffe9de
fffff21f
ffffe95b
ffffdf48
ffffe1be
ffffe9d3
ffffe8f6
ffffe7b5
ffffe4f6
ffffec41
ffffefeb
ffffdc41
ffffda71
ffffdd8c
ffffe22e
ffffef18
fffffb47
fffffa2b
fffff94f
00000009
ffffe075
000018a0
ffffba06
ffffbe12
ffffdb87
fffff3e4
fffff54a
ffffea9b
ffffdff0
ffffcb65
ffffb6dd
ffffc048
fffff108
ffffef8c
ffffd693
ffffcbfe
ffffdbac
fffff375
fffffab0
fffff564
ffffedca
ffffe663
ffffdcc7
ffffd536
ffffd500
ffffdaa7
ffffe6db
fffff2cc
fffff448
fffff425
fffff43d
00000269
ffffde7d
00001a3b
ffffb917
ffffc579
ffffe73a
fffff69f
fffff1c5
fffffa27
fffff780
ffffc14c
ffff8e9a
ffffd082
fffff2b4
ffffe497
ffffd0cc
ffffc5bd
ffffd762
ffffec8a
fffff89d
fffff7ed
ffffede8
ffffebd8
ffffe8a6
ffffe649
ffffe799
ffffe676
ffffe6f2
ffffe9c5
ffffea2c
ffffef82
fffff762
00000939
ffffe27e
00001a07
ffffc0b7
ffffcd0a
ffffe9d4
fffff72c
fffff29f
ffffeec3
0000024b
ffffa422
ffff92c6
ffffd941
fffffcc1
fffff2ea
ffffeaf0
ffffcb77
ffffc0b3
ffffd3c7
ffffe77f
ffffef7f
fffff12f
ffffea3f
ffffefb7
fffffd4f
fffff285
ffffe485
ffffe20b
ffffedc1
fffff3be
fffff7fb
fffffd74
00000964
ffffec1a
00001e39
ffffb976
ffffbe43
fffff345
fffff4be
fffff173
000018c7
fffff8b4
ffffaf4b
ffff9a1d
ffffd40d
ffffead3
ffffdeb2
fffff708
ffffc4d9
ffffa274
ffffbd0a
ffffe41b
fffff4b4
ffffff5b
fffff41a
ffffee68
fffff1a3
fffff0ba
ffffdf66
ffffe598
ffffed95
fffff5f4
fffff71d
fffff9d3
00000ce7
ffffe92b
0000152c
ffffa180
ffffa3bb
ffffdb01
ffffecbc
ffffec1d
00000fc3
ffffeac1
ffffc1b9
ffffb634
ffffc0da
ffffbdde
ffffe550
fffff416
ffffd225
ffff9a79
ffffa1fa
ffffcbad
ffffeaa3
fffff4ca
ffffdef0
ffffcd74
ffffd357
ffffd7b9
ffffd5a2
ffffd8d3
ffffdaaf
ffffdc11
ffffd58b
ffffe088
fffff8ad
ffffe623
00000a13
ffff9bc6
ffffb1a4
ffffe234
00000033
ffffee17
fffff508
ffffeced
ffffcef5
ffffc450
ffffa62e
ffffa3a9
ffffe360
fffff822
ffffced7
ffffb119
ffffa5dc
ffffb428
ffffd11c
ffffe575
ffffe04c
ffffc9ae
ffffcf48
ffffdedd
ffffe369
ffffd790
ffffd676
ffffd894
ffffd36a
ffffdc4b
fffffb16
ffffe860
000009d3
ffff9e0d
ffffc2fe
ffffeaf5
00000ed2
000003ed
fffff2f9
fffff22d
ffffdbfa
ffffc5a5
ffff8d50
ffff84e7
ffffdfd7
00000671
fffff1ed
ffffc839
ffff9e30
ffffa6e7
ffffdb6f
fffff0f0
fffff55a
ffffe81f
ffffe83a
fffff02e
fffff356
ffffef46
ffffe702
ffffec32
ffffe723
fffff01c
0000090f
00000073
00001906
ffffa27e
ffffc367
ffffef63
fffffb8d
000001d9
fffffd17
00000230
0000043c
ffffe668
ffffb213
ffff9af1
ffffe7e2
00000afb
fffffa40
ffffe1e7
ffffae29
ffff869f
ffffcae9
fffff316
ffffef65
ffffde68
ffffdf95
ffffd73c
ffffe3a6
ffffe922
ffffe64a
ffffe2cd
ffffe8d2
fffff02b
00000657
fffff9f8
00001ca4
ffffa7a7
ffffc0be
ffffed66
ffffeaed
ffffef6f
ffffe6ad
ffffed60
fffff9c9
ffffffbd
ffffe642
ffffd592
ffffee8f
fffff489
ffffeb30
ffffce7b
ffffa35a
ffffa794
ffffa859
ffffc491
ffffcd99
ffffcb35
ffffd329
ffffda6e
ffffdcac
ffffddca
ffffd852
ffffd512
ffffdef5
ffffe858
0000022a
ffffea31
00001707
ffffab41
ffffc4b9
ffffecc3
ffffe8f3
ffffe411
ffffd798
ffffd9d4
ffffef2f
fffff767
ffffeb08
fffffba1
ffffed78
ffffeb08
ffffc649
ffffb207
ffffcd9a
ffffde4d
ffffcb0b
ffffbba5
ffffb1ca
ffffabe9
ffffb57c
ffffb5e9
ffffafc8
ffffb571
ffffc3b6
ffffcd8c
ffffd9d6
ffffe1eb
fffff9bc
ffffded4
00000f2c
ffffb673
ffffc552
ffffe911
ffffe883
ffffe375
ffffd934
ffffdf9c
fffff141
ffffede1
ffffe9b5
ffffe848
ffffee9f
ffffcd96
ffffa45e
ffffce28
00001c9c
00000d7e
fffff2ea
ffffd5d0
ffffca3e
ffffd53f
ffffd137
ffffd1b7
ffffbf2d
ffffaa9b
ffffb30e
ffffb062
ffffbd3c
ffffdb35
ffffedfe
ffffde5e
0000117c
ffffc44c
ffffd3e1
ffffeb68
ffffee21
ffffe7cb
ffffdb22
ffffe77d
fffff89d
ffffec81
ffffe6d0
ffffd3ad
ffffd4b0
ffffbdf6
ffffbda0
fffffd48
000019f7
0000049c
fffff32b
ffffe572
ffffe9f9
fffffb94
00000229
fffffc09
fffff800
ffffe340
ffffcfcb
ffffb4a8
ffffab08
ffffc72d
ffffeba9
ffffdc24
00000e36
ffffc8c2
ffffddfa
fffff22a
ffffef87
ffffe7ad
ffffdba8
ffffeba4
00000858
fffff730
ffffeb8a
ffffda5b
ffffbe13
ffffa910
ffffd1f7
fffffa22
fffffbae
ffffec5e
ffffedc8
ffffe31b
ffffecc4
fffff800
ffffff16
00000151
00000844
fffff721
fffff2e0
ffffd872
ffffbfbd
ffffc9ca
ffffe65f
ffffd99d
0000099f
ffffc983
ffffdfc0
fffff2f7
fffff59c
ffffe8d0
ffffd9fa
ffffe357
0000039f
ffffed78
ffffdc53
ffffc9a6
fffface3
ffffb327
ffffc878
ffffdeb3
ffffed58
ffffecf3
ffffef6e
ffffe9f9
ffffec0d
fffff202
fffff398
fffff9a8
fffffbf0
fffff618
ffffe9d8
ffffe190
ffffcb7f
ffffcabb
ffffea5d
ffffdac3
00001061
ffffc7f1
ffffd9de
ffffe562
ffffeb42
ffffe8e0
ffffccde
ffffd55f
fffff403
ffffe9e6
ffffcfb8
ffffd85d
ffffbc12
ffffbd40
ffffb56e
ffffc608
ffffe2e1
ffffedcc
fffff055
ffffe972
ffffe7fa
fffff061
fffff092
fffff379
fffff87c
fffff185
ffffe7a6
ffffe2b1
ffffcbf2
ffffcad6
fffff1dc
ffffdc5d
000018c1
ffffcf31
ffffdd75
ffffeab5
ffffeca0
ffffec99
ffffd6d2
ffffd82e
fffff39e
fffff455
ffffdd4c
ffffeb22
ffffdecc
ffffd2db
ffffcfc8
ffffbd7f
ffffd755
fffff63a
fffff86a
fffff63d
fffff565
fffff8dc
fffff73c
fffffc32
fffffbd5
fffff54a
ffffed91
ffffec2c
ffffd342
ffffd69a
fffff6bf
ffffe416
00001db4
ffffce0c
ffffda1c
ffffe859
ffffe851
ffffeee8
ffffe968
ffffde43
ffffef9e
ffffff58
fffff0c1
ffffee53
ffffd832
ffffcdbc
ffffcc7b
ffffcd0f
ffffcbe2
ffffe639
fffff1b5
fffffd6d
fffffcb0
fffff30c
fffff9d9
fffffff6
fffffcdf
fffff426
ffffeecd
ffffeef4
ffffd3a7
ffffc792
ffffef25
ffffded7
000018d5
ffffcf18
ffffdcaf
ffffe4b2
ffffe642
fffff2e4
fffff5af
ffffdcb2
ffffdba7
fffffb96
00000735
fffff097
ffffd492
ffffc8cb
ffffb634
ffffcf19
ffffd159
ffffcd52
ffffd456
fffff691
fffff270
ffffe7a9
ffffe789
ffffed5a
ffffe80a
ffffe8eb
ffffea50
fffff7aa
ffffd8ed
ffffc686
ffffe6ab
ffffde97
0000172e
ffffd0b9
ffffd754
ffffdf59
ffffe5ea
fffff5f7
fffff847
ffffdfd2
ffffd685
ffffe6bf
fffff7fb
fffff308
ffffe458
ffffe08f
ffffd2a4
ffffd52e
ffffba97
ffff996c
ffff9f91
ffffccf0
ffffec84
fffff206
ffffe999
ffffeac5
ffffe5fd
ffffe51f
fffff3c0
fffffdca
ffffde55
ffffc8b5
fffff208
ffffebf0
00001d52
ffffc29c
ffffc39c
ffffcf26
ffffe1f5
ffffea84
fffff380
ffffe6f4
ffffd902
ffffdbd9
fffff9d3
fffff8de
ffffe95b
ffffe0cd
ffffde9c
ffffdb04
ffffaf74
ffff8ae3
ffff87f1
ffffba70
ffffe962
fffff013
ffffeb5f
ffffe01d
ffffe6ef
ffffe56d
fffff331
fffff25b
ffffdbbf
ffffc680
fffffb55
fffff939
00001fc7
ffffbe1f
ffffc9c4
ffffdc4d
ffffeeeb
fffff67d
fffffe41
fffff2a7
fffff2ab
ffffefd2
ffffeec8
fffffecc
ffffe221
ffffd1a6
ffffdbb6
ffffe106
ffffccba
ffffa89d
ffffa4e2
ffffc525
ffffdeeb
ffffe767
ffffe71c
ffffec85
ffffe229
ffffe30a
ffffdadb
ffffe3fc
ffffd05a
ffffbc28
ffffe8a5
ffffee32
00001118
ffffbdfd
ffffd952
ffffeb62
fffff489
fffffe5f
0000027e
fffffcf7
fffffadd
fffff3cf
ffffec67
fffff647
fffff971
ffffd0a9
ffffdd13
fffff416
fffff77e
ffffc7c7
ffffc3a6
ffffdf80
fffff9fb
fffff845
ffffed40
ffffef91
ffffcafe
ffffc289
ffffbfa3
ffffcfd3
ffffc9d3
ffffbf16
ffffe54b
ffffddf9
000010d0
ffffb9b3
ffffc6c0
ffffe678
ffffe718
ffffe83a
fffff0dd
fffff4bb
ffffebbe
ffffe5bb
ffffd72a
fffff16d
00000068
ffffd9ac
ffffe454
fffff2d7
fffffa3b
ffffbb6d
ffffbd48
ffffe9bb
fffffe80
000002ef
000005ed
ffffec98
ffffbf8a
ffffbdf5
ffffc263
ffffbc88
ffffc91b
ffffd68f
ffffffb6
ffffe115
00001436
ffffbcce
ffffcecc
ffffea65
ffffe705
ffffe43e
ffffe855
ffffec9a
fffff041
fffff075
fffff046
fffff7b7
fffff03a
ffffe3b1
ffffe5ff
fffffd8f
ffffe905
ffffae3c
ffffc98c
ffffd8cc
ffffde77
ffffda70
ffffe62c
ffffe0f8
ffffe470
ffffdf51
ffffcfbd
ffffb5bc
ffffb356
ffffc7c6
fffff033
ffffcf56
000006b3
ffffb04c
ffffc212
ffffd8a9
ffffd84f
ffffdcfe
fffff031
ffffeeaf
ffffec51
ffffedcf
fffff0f6
ffffe7e0
ffffd77d
ffffe05d
ffffe286
fffff2bd
ffffebfe
ffffdbab
ffffc4c1
ffffc073
ffffd31e
ffffcb2c
ffffc6be
ffffd6ca
ffffec44
fffff4c2
fffffd79
ffffdb35
ffffc034
ffffb12f
ffffd256
ffffbcdf
fffffe71
ffffb8fe
ffffbee3
ffffdb01
ffffdbc3
ffffdc6c
ffffeacf
ffffff09
ffffeff7
ffffe6bc
ffffe2ff
ffffd3fb
ffffd770
fffffa92
fffff40f
fffff72d
ffffee75
ffffe579
ffffd1b2
ffffd2d3
ffffe205
ffffea96
ffffe1e1
fffff581
00000743
fffff9a6
fffff9a0
ffffebbf
fffff41b
ffffda5c
fffff7eb
ffffe50e
000010ad
ffffb821
ffffb9c4
ffffd6ae
ffffdc1d
ffffdacd
ffffdecb
ffffe458
ffffe37f
ffffcf5a
ffffc1c0
ffffb22f
ffffad96
ffffc92a
ffffde00
ffffe1ca
ffffdf85
ffffde22
ffffdc38
ffffd6f9
ffffd220
ffffcfec
ffffc0c3
ffffca63
ffffdc85
ffffdfb9
ffffd38f
ffffdaff
ffffc5a6
ffffc2a9
ffffe3ca
ffffcd42
fffffe4e
ffffcc1e
ffffd208
ffffe54e
fffff792
fffffcf2
0000024d
fffffada
fffff0ce
ffffe8d5
fffff0c8
ffffe8b2
ffffeca0
fffff063
fffffa09
fffff12b
ffffeb9e
fffff3fe
fffff1f1
fffff5dc
fffffbfe
ffffff45
fffffaf9
fffff7a8
fffff307
fffff40f
ffffebd4
ffffedd7
fffff0bb
ffffe94a
fffff9ff
ffffe344
00000ca8
00001353
00000dcc
00001912
000015dd
000016fc
000019ff
00001984
0000125c
0000169d
0000191b
000016c0
00000c42
000011c0
0000078b
00001212
00001259
000019fc
00001c13
0000130c
000008c1
000005ef
0000123b
00001b33
00000f92
00000c82
00001794
00001917
00000828
0000071f
00002771
00002847
0000143a
fffff49f
ffffde09
ffffe8bb
ffffe505
ffffe16d
ffffecfc
ffffef53
ffffe460
ffffefaa
fffffc8a
fffff48e
fffff7c4
0000029d
ffffef0b
ffffeefc
ffffe97e
ffffefbe
00000083
00000503
fffff4fc
ffffe4c1
fffff381
fffffee7
ffffe916
ffffd8d4
ffffe4d5
ffffee26
ffffe522
ffffd55d
fffff303
000004d5
00000214
ffffffa6
fffff33d
fffff007
ffffec2b
ffffecc1
ffffe4fb
ffffe66d
ffffe337
ffffe245
ffffee3b
fffff1aa
fffffcb9
000011a6
00000225
fffff03c
ffffe4bb
ffffeb59
fffffaef
00000505
fffff706
ffffdf89
ffffef12
0000000b
fffff888
ffffe64b
ffffec84
fffffbf1
fffff03d
ffffe191
ffffead0
000004cd
00000b2a
0000047e
fffff33a
fffffa4e
fffff57f
00000654
ffffd8e1
ffffc1d7
ffffcd3b
ffffd9c4
ffffd53d
ffffdf85
fffff42d
000008a3
00001315
fffffdf1
ffffe7e5
ffffe332
ffffee1f
fffff7c4
ffffea96
ffffd8e1
fffff53e
00000370
fffffc41
fffff1d8
fffff245
ffffff11
fffffd80
fffff4cd
ffffefd7
00000a1b
00000ee4
fffffb6c
ffffee5d
fffff507
ffffef00
fffffd21
ffffd663
ffffc0c5
ffffc497
ffffbfbe
ffffbdbc
ffffda4f
ffffccce
ffffee67
00001092
00000662
ffffee87
ffffe696
ffffea88
fffff619
fffff547
ffffee0b
fffff50c
fffff9d6
fffff294
ffffed36
ffffeefd
fffff798
fffff49a
fffff3b4
ffffee92
0000078b
000011a4
fffff79d
fffff330
fffff60b
ffffebfe
fffff0ed
ffffdff8
ffffc65f
ffff9572
ffffa4b2
ffffe174
fffffb0e
ffffcaa6
ffffd086
00000757
00000305
fffff26b
fffff078
ffffedf0
fffff2f4
ffffeffe
fffffe09
0000014f
ffffedc4
ffffe486
ffffe7a3
fffff27a
fffff5de
fffffb10
fffff0be
ffffee2c
000005e9
00001350
fffff833
fffff2c3
000002c8
fffff1da
ffffd641
ffffe368
ffffbf53
ffff9ffd
ffffc6b8
fffff1e0
ffffed95
ffffd6ef
ffffcdff
fffff697
00000843
fffff454
fffffcf3
fffff625
fffffc60
ffffea20
fffffda6
0000024b
ffffee2d
ffffe70f
ffffe01d
fffff93a
fffff3f5
ffffff76
fffffd2d
fffff4e4
000000e7
00000ace
fffffe7f
fffff0b9
00000bf6
fffff3eb
ffffd4cb
ffffec58
ffffc1d6
ffff9305
ffffe393
00000d4d
ffffdc06
ffffe794
ffffc7a3
ffffdc93
0000135b
00000ff4
ffffff37
ffffe773
fffff076
ffffe6b2
ffffe831
fffffa52
fffff19b
ffffde05
ffffda2c
ffffefbb
ffffeb54
ffffea3f
fffff626
fffffe84
fffffd41
000003e0
00000674
ffffec40
fffffbb9
fffff8ac
ffffde31
ffffc849
ffffab96
ffff8a9f
ffffd1fb
00000f29
ffffe283
ffffe975
ffffb203
ffffa4d0
ffffdfa2
00001dfc
00000de8
ffffe024
ffffda95
ffffe9c8
ffffe9ae
fffff3fd
fffff0ca
ffffe0ac
ffffd4f4
ffffec6b
fffff011
ffffe6fa
ffffebbc
fffffed7
fffff47c
fffff70f
fffff827
fffff089
fffff2b3
fffffcbc
000001b9
ffffc399
ffff9e91
ffff9b9c
ffffb35b
00000dee
00000947
ffffe550
ffffc857
ffff968a
ffff7cb5
ffffd86e
00001fe4
00000dc9
ffffeaba
ffffeb96
ffffed55
ffffe746
fffff300
fffff07d
ffffe909
ffffefdd
fffff313
ffffea1e
ffffde9f
ffffedfe
ffffeadc
ffffe0ec
ffffe346
fffff4b9
fffff240
fffff3fe
00000392
ffffdaa0
ffffa9f2
ffffc9e4
ffffb1ae
ffffdcbf
fffff9ae
ffffe117
fffffbf7
ffffd14c
ffff8d04
ffff8757
ffffdbf5
00001693
fffffdfa
ffffe98a
ffffedbf
ffffe7aa
ffffed14
ffffffc1
fffffeca
fffff3e3
fffff3b4
fffff314
ffffea40
fffff21d
fffff07a
ffffd8b7
ffffda7b
fffff1c7
fffff86d
ffffe566
fffff085
ffffef32
ffffcbff
ffffca6e
ffffd709
ffffcf67
ffffc0b7
ffffe8b9
00000c7e
fffffd01
ffffcd48
ffff8239
ffff8712
ffffd2fd
ffffee7a
ffffdf03
ffffe0ad
ffffdd7c
ffffdbfe
ffffeb8a
ffffeef2
ffffeedd
fffff278
fffff314
ffffe081
ffffef91
fffffc77
ffffe24f
ffffdfd8
fffff592
ffffffc5
ffffe6b2
ffffeccb
fffff962
ffffefd6
ffffd235
fffff555
ffffe512
ffffd834
fffff3c8
000014d0
000001dc
ffffe0c3
ffffabd4
ffff9c76
ffffa263
ffffa2db
ffffb2cf
ffffb190
ffffc271
ffffd8d8
ffffe122
ffffe5ed
ffffefbe
fffff6a7
fffff3ea
ffffe8bc
ffffe9bb
fffffd7f
fffff15e
ffffde9e
ffffeeda
fffffc14
ffffeac1
fffff673
000006e8
fffff697
ffffc2d7
fffffa6c
00001bdf
00000072
fffff52b
00001c22
fffff2cc
ffffbde0
ffffe615
ffffefd5
ffffe3c3
ffffcf77
ffffcbcc
ffffb80d
ffffaff9
ffffb4b7
ffffa9dd
ffff9fca
ffffb3cb
ffffe2c9
000008f4
0000019f
ffffec7a
ffffff57
fffff54c
ffffdf87
ffffede3
fffff48e
ffffe8f9
fffff867
00000f42
ffffecfd
ffffbf62
fffffbde
00002346
fffff715
fffffac8
00000e7d
ffffd8ac
ffffd235
ffffe5e1
ffffe3e1
ffffefd3
ffffe748
ffffdd88
ffffebb1
ffffeb2e
ffffdb7d
ffffc9fd
ffffaf51
ffff9e32
ffffa9b3
fffff072
000009f6
fffff78c
000000d8
fffff831
ffffed17
fffff358
fffff6de
ffffeaf9
fffff8e5
000014c4
fffff4da
ffffbdf0
ffffed67
0000118f
ffffe6ae
ffffff3a
ffffffef
ffffd1cd
ffffe744
fffff1eb
ffffef47
fffff789
ffffe8a5
ffffe59a
ffffea29
ffffee96
ffffea79
ffffdc6b
ffffc819
ffffc3ed
ffffb399
ffffc951
00000369
ffffff9b
ffffff32
fffff58d
fffff0c8
fffffb6d
00000232
ffffefb4
fffffaea
00001494
ffffffdd
ffffc865
ffffe630
fffff72a
ffffcebb
ffffdd61
fffff6f8
fffff377
fffff032
fffff3a0
fffffb04
fffffe43
fffff288
fffff419
fffff34f
fffff66d
ffffffee
fffff36f
ffffe2a1
ffffe80e
ffffdbb9
ffffccd2
ffffffa6
00000a14
000003d7
fffff959
fffff329
fffff871
fffff5e0
ffffe949
fffff520
000009e8
00000393
ffffcccd
ffffcdfa
ffffebaa
ffffb7bc
ffffa1ae
ffffec6c
0000209b
000008ca
fffff977
fffffee7
00000291
fffff79b
fffff8e2
fffff459
fffff40d
00000051
fffff743
ffffea1d
fffff119
ffffed4e
ffffe748
ffffefd5
00000298
0000077d
fffffef1
fffff499
fffff987
fffffb09
ffffe8da
ffffec04
00000167
00001077
ffffe0a5
ffffc1a8
fffff7a6
ffffcbc4
ffff9118
ffff9ef0
00001e25
0000261b
fffffe8d
00000c34
000007f4
fffff94d
fffff9f3
fffff2dd
ffffefae
fffffd61
fffffa30
ffffeb1a
fffff2a7
ffffee47
fffff7cf
00000293
0000052d
00000530
0000027a
fffff28f
fffff663
fffffd64
fffff49e
fffff2bb
000002ff
00001ff0
fffff8f8
ffffc6ee
ffffeed2
fffff33e
ffffc90d
ffff80ac
ffffddf6
000024b8
000010db
00001460
00000a34
00000039
fffffe3a
fffff634
fffff533
0000007f
fffffc3c
fffff7e1
fffff5aa
ffffe76a
fffff7f3
0000086f
0000076d
0000092d
0000056f
ffffef1b
fffff075
fffff873
fffff243
fffff19e
fffffe05
000019d0
00001103
ffffcaf6
ffffc807
000002c2
fffff489
ffffa0de
ffff965f
ffffebb9
000017ba
00002a34
0000178a
0000018d
fffff4ec
fffff544
fffff848
fffffa8a
fffffb59
fffffc69
fffffd7b
ffffece2
ffffed10
ffffff4a
00000152
000006cb
00000576
ffffed62
ffffef34
fffffc03
ffffebd8
ffffe9ef
fffff021
0000058f
000017e7
ffffe0df
ffffb077
ffffddf0
00000716
ffffcf1d
ffff8efa
ffffa1f3
ffffd01b
000019bc
00002622
00000b6a
fffffef4
fffff94b
fffff493
00000030
fffffb91
ffffff83
00000338
fffff528
fffff9b6
00000167
fffffc76
fffff944
00000516
ffffeb6d
ffffe943
fffff938
ffffea43
ffffdff0
ffffdbbd
ffffea75
fffffb19
fffffeed
ffffcef9
ffffc184
ffffe6d4
fffff018
ffffd549
ffffb893
ffff891f
ffffcb44
00002216
000015e3
fffffc34
ffffee1d
fffff877
000006b8
ffffff4b
000001a8
0000036e
ffffefbc
fffff8db
00000637
00000eef
000002fa
fffff8c1
fffff6c5
ffffe8a7
ffffee66
ffffef26
ffffe693
ffffdf06
ffffdaf8
ffffe51f
fffffa6f
ffffd4a5
ffffdb95
ffffdfcf
ffffe95b
fffffef3
0000002f
ffffcbc1
ffffaa9b
ffffe520
fffffa41
fffff3a7
ffffc95f
ffffdc8a
00000514
00000502
ffffffa6
00000af4
fffff3dc
fffff005
ffffffd2
00000a31
00000bb7
fffff5fc
0000016d
ffffed3e
fffff32a
ffffef4f
fffff626
ffffec26
ffffe6ef
ffffe96e
fffff1cc
ffffe52b
ffffee03
ffffe908
ffffeae3
ffffe724
fffffdfb
000007b2
ffffe5fa
ffffe4c2
ffffdc76
ffffe810
ffffb62e
ffffb0bb
fffff11f
fffffeb3
00000766
00001999
000002da
ffffe838
ffffec59
fffff779
0000078b
fffff519
fffff4ec
ffffd865
ffffe2e8
ffffde0e
ffffe85c
fffff24a
ffffe800
ffffef6e
ffffed26
ffffeb68
00000010
ffffe6c8
fffffdc3
ffffd4c1
ffffd083
fffffccf
0000027f
00000deb
fffff42b
ffffe92e
ffffd917
ffffa61b
ffffc426
ffffec38
fffff735
00001c6e
00001fa2
fffffca4
fffffb78
00000331
fffffe5f
ffffedc2
fffff633
ffffe77b
ffffe923
ffffd9bd
ffffe7e8
fffffccd
fffff628
000002f0
fffff6a3
ffffe116
fffffedd
ffffebe2
fffffc11
fffff436
ffffcfe3
ffffe9cb
fffff38f
00000191
00000219
fffff031
fffff36e
ffffcf73
ffffadd5
ffffd7f8
ffffc8a1
ffffdd3e
00000603
fffff3d8
00000842
00000d06
fffff614
fffff92b
fffff54f
fffffd58
ffffed1e
ffffe698
fffff54b
fffff0f9
fffff1ba
fffffd76
fffff0e3
fffff3ed
ffffeeba
ffffe142
fffff6d4
00000553
ffffe2f3
ffffcc67
ffffc377
ffffdf1f
fffff2b5
00000910
fffff3cd
ffffee1e
ffffe98f
ffffce19
ffffcbb8
ffffc2a1
ffffe361
ffffe9ba
ffffee76
fffffb1f
fffff3ed
fffffb4f
fffff3fd
00000271
fffff971
ffffd861
ffffd5df
ffffdda9
ffffed4c
ffffe5f0
ffffe5ab
fffff278
ffffe376
ffffdfe0
fffff60e
0000031c
fffff184
ffffde3e
ffffd7f6
ffffcbe1
ffffc7b1
ffffe2ba
ffffe73d
fffffcc0
fffff937
ffffd8d1
ffffebb9
ffffe5b6
ffffe276
ffffd01b
ffffdaa0
000001ea
00000467
fffff5f9
ffffe39f
ffffe465
fffff662
ffffe57a
ffffdcb0
ffffe0e8
ffffdf70
ffffedf0
fffff6b9
ffffe9f1
ffffeb89
ffffde84
ffffe9f6
ffffef35
fffff336
ffffff64
fffffcdd
ffffecc6
ffffc967
ffffe3d7
ffffdd7a
ffffe994
fffff1c7
ffffeeb0
ffffea0f
fffff350
000002e3
ffffe621
ffffe6c0
fffff5a2
000005d1
fffff3d1
ffffdbd9
ffffda5b
fffff004
ffffee80
ffffea14
ffffe824
ffffdf91
ffffe24b
fffff846
ffffea70
ffffdfde
ffffe1b6
ffffee3f
ffffe96e
ffffeb90
ffffecc2
ffffdea7
fffffb76
ffffe0b9
ffffed03
fffff3ed
ffffe299
ffffe738
fffffe14
ffffe4ce
ffffd6ed
ffffee06
ffffe105
ffffd9d1
ffffebd9
fffff090
ffffffc8
ffffef4d
ffffcdc8
ffffe215
ffffe2d9
ffffe6e9
ffffe753
ffffe36c
ffffe970
fffff662
ffffef21
ffffe0d5
ffffe334
ffffdf18
ffffea89
ffffecd5
ffffed7f
ffffdf3e
ffffe744
ffffe045
ffffe6c2
ffffe619
ffffdd69
ffffe63a
ffffec8b
fffff3a7
ffffec8b
ffffea1c
ffffddac
ffffd53b
ffffe858
ffffedbe
ffffde71
ffffef64
fffff02d
fffff2ed
ffffee43
ffffeb5e
ffffeb14
ffffec55
ffffef23
ffffeea8
ffffed69
ffffee20
ffffee7e
ffffec15
ffffefc3
ffffed3d
ffffec93
ffffebff
ffffeda5
ffffe8a3
ffffe9d7
ffffef56
ffffec13
ffffe715
ffffec1d
ffffeef3
fffff05b
ffffedcd
fffff22d
fffff1f1
ffffe7fc
ffffe8f7
fffff2e2
fffff3fc
fffff38f
fffff19e
ffffe9bb
ffffe23d
ffffe3a0
ffffee9e
ffffe6c6
ffffe320
ffffe2a9
ffffdbf7
ffffe254
ffffe8c1
ffffe844
ffffe02f
ffffdfcc
ffffe7e5
ffffe627
ffffe076
ffffe760
ffffe8f2
ffffe7e1
fffff02e
fffff433
fffff175
ffffeaa8
ffffedbf
fffff1f2
fffff3c7
ffffe8e1
ffffe32b
fffff74c
fffff6cf
ffffed36
ffffe3ee
ffffdc48
ffffdc04
ffffde5c
ffffe200
ffffdf69
ffffde06
ffffd6db
ffffce1a
ffffdd7f
ffffe4cf
ffffe2ed
ffffd587
ffffdd99
ffffe7b6
ffffe41b
ffffd7dd
ffffdd50
ffffe26d
ffffe9d6
fffff6c3
fffff161
ffffe7f2
ffffe8c2
ffffeb9a
fffff066
fffff0bc
ffffe7b8
ffffe957
ffffff2d
fffff420
ffffeea0
ffffe2bd
ffffde8b
ffffdaa0
ffffd464
ffffe10b
fffff4ce
ffffd8b1
ffffc328
ffffcdac
fffff306
fffff702
ffffe910
ffffdd45
ffffe6e0
ffffec1a
ffffe8ce
ffffe52e
ffffe99c
ffffeeb6
fffff271
fffff302
ffffefd3
ffffe27d
ffffe9cf
ffffed07
fffff029
ffffef4d
ffffe4c4
ffffe88f
000000e2
ffffecbe
ffffe692
ffffe7d1
ffffed00
ffffea26
ffffdd63
ffffeea9
fffffc4d
ffffcc37
ffffd662
ffffef2b
0000066f
fffff58d
ffffe224
ffffe3e4
ffffe84e
ffffe830
ffffe814
ffffeb51
fffff1f2
fffff0d9
fffff055
ffffecbd
ffffe6cd
ffffe3dd
ffffeab0
ffffeec1
ffffef90
fffff105
ffffea14
ffffee36
0000023c
ffffe854
ffffe308
ffffe988
ffffec66
ffffeb83
ffffe9d3
fffff11f
ffffebbf
fffffc72
00001b8f
000014d5
fffff556
ffffe7d1
ffffd47a
ffffdf2b
ffffed09
ffffe96c
ffffed96
fffff6ca
fffffd0b
ffffeb45
ffffe236
ffffe227
ffffea73
ffffecea
ffffeb21
ffffefb9
fffff091
fffff1e0
ffffef67
fffff1ad
00000244
ffffe630
ffffe1ad
ffffe269
ffffe1f5
fffff985
fffff85e
ffffe8c3
fffff4a3
00001227
00002f33
0000088b
fffff2aa
ffffe329
ffffcc7e
ffffd363
ffffe0d5
ffffdf41
ffffe5e1
fffff092
fffff6b4
ffffe857
ffffd75e
ffffd805
ffffe267
ffffe36f
ffffeaba
ffffeeb4
ffffeb25
ffffeb6c
ffffecc8
fffff5b7
00000adb
ffffdd63
ffffd3cd
ffffd2c6
ffffdb56
ffffe84e
ffffedb8
ffffe235
ffffeaed
00000dba
000015be
0000082a
fffffbbf
ffffed09
ffffdd0a
ffffd2f1
ffffcd43
ffffcfbd
ffffd767
ffffde14
ffffe705
ffffe77f
ffffd31e
ffffc73d
ffffcd47
ffffd4c5
ffffe187
ffffe2cf
ffffe006
ffffe1ba
ffffe3fd
ffffedf8
00000c2c
ffffd643
ffffcf85
ffffd98a
ffffcc30
ffffd323
ffffd860
ffffd463
fffff724
0000161f
00000c51
00000928
00000067
fffff039
fffff6c2
ffffeed4
ffffce95
ffffcd43
ffffd8f2
ffffd806
ffffe1c1
ffffe621
ffffdf16
ffffd11b
ffffd3ae
ffffd3a5
ffffdce2
ffffda6c
ffffd53a
ffffd5a6
ffffcf7d
ffffd6b3
00000046
ffffe4bf
ffffe4cb
ffffecb6
ffffde6a
ffffdb83
ffffd7ff
ffffdabe
000004a9
00003218
000022eb
000014f8
00000051
ffffec56
fffff683
00000134
ffffed1d
ffffd3ba
ffffd82d
ffffea36
fffff542
fffff7d7
fffff4b6
ffffee7f
ffffe5be
ffffe950
fffff042
ffffead1
ffffe3a3
ffffe27a
ffffdf59
ffffe86d
00000ebb
ffffef72
fffff0fe
fffffcd1
fffffacc
ffffe7f1
ffffdbe4
ffffe84a
fffff3c0
000019ea
000018c3
fffffff4
ffffef7c
ffffe2a1
ffffe939
000004ad
fffff41b
ffffdcdf
ffffe411
ffffefe7
fffff668
fffffbad
fffff5a9
fffff5af
fffffba4
fffffcc6
fffffebd
fffffad3
fffff4c4
fffff480
fffff45f
fffff58c
000017e9
ffffeead
fffff0d2
fffff806
fffffb28
ffffed03
ffffd0bf
ffffe34a
fffff052
fffff399
fffffa54
ffffe580
ffffcfca
ffffc4cc
ffffd362
ffffdc62
ffffda1f
ffffdb08
fffff32d
fffff907
fffff121
ffffeb97
ffffe4e9
ffffdb51
ffffe99a
ffffedf6
ffffedc0
ffffe9dc
ffffe8db
ffffe475
ffffe122
ffffe7c5
00000cdc
ffffeef9
fffff24e
fffff15e
ffffec5b
ffffe536
ffffd610
ffffe01b
ffffdc74
ffffdd48
ffffe488
ffffdad3
ffffb9e3
ffffc4c8
ffffc9df
ffffb584
ffffc7fc
fffff252
00000b2d
0000027a
fffff19a
ffffdd81
ffffdc96
ffffdcfc
ffffe73a
ffffea25
ffffe4af
ffffe3cc
ffffe65c
ffffebd8
ffffe350
ffffe1c6
000004f3
fffff425
fffff79d
fffff63b
ffffed54
ffffdb8e
ffffcadb
ffffcaf4
ffffcb78
ffffd839
ffffd4ff
ffffca89
ffffc141
ffffca37
ffffc4e1
ffffcdb4
ffffeac6
fffff85f
fffff52a
fffff3ab
ffffddf9
ffffde02
ffffe407
ffffe193
ffffe91f
ffffeec9
ffffe39b
ffffdffe
ffffe502
ffffee2d
ffffe85b
ffffe049
0000024b
fffff411
fffff6ff
fffff2b8
ffffe7c4
ffffd3e8
ffffc38b
ffffc768
ffffd2ce
ffffda85
ffffdb0e
ffffdc95
ffffd76a
ffffde86
ffffe066
00000468
0000148d
00000156
fffff770
fffff768
fffff33a
ffffea78
ffffe3dc
ffffdfdb
ffffe6b9
fffff36e
ffffee30
ffffe8db
ffffe56d
ffffebab
ffffe58e
ffffdd74
00000080
fffff7cf
fffff1c2
ffffec86
ffffdcf7
ffffcc08
ffffc207
ffffc8b9
ffffd364
ffffde15
ffffdc4c
ffffe8fd
ffffefdf
fffff193
fffff9e6
000015ae
0000164d
00000010
fffffea9
000004f3
000009b4
000004ab
fffffbda
fffff3fe
ffffef15
fffff39b
fffffbee
ffffef92
ffffefc5
ffffeeb2
ffffe868
ffffde72
fffffbdf
fffff779
fffff328
ffffefed
ffffe04a
ffffce4d
ffffc722
ffffc8d9
ffffd626
ffffdd11
ffffe329
fffff86a
000005a9
fffffc02
fffff669
00000040
00000132
ffffff33
00000757
00000733
000005de
000002e6
ffffffff
fffff4e4
fffff498
fffffca8
000007e3
fffffae9
fffff858
fffff2b0
ffffea4d
ffffdfbc
fffff9d5
fffff6fc
fffff593
fffff34c
ffffede0
ffffdbc3
ffffd06f
ffffd0e9
ffffdb69
ffffdf94
ffffeb28
00000769
000009a4
fffffac2
ffffef00
fffffd71
fffffecd
0000007c
00000449
ffffff85
fffffc19
fffffbba
fffffb91
fffff8b3
fffffc5b
00000051
fffffc54
fffff723
fffff533
fffff631
fffff0a8
ffffe5fb
fffffacb
fffff820
fffff0bb
fffff266
fffff1f0
ffffe4f5
ffffd8b0
ffffdbe2
ffffdb36
ffffda82
ffffedd0
0000009c
ffffe87a
fffff5bd
fffffcae
00000310
fffff93b
fffffb82
fffffd68
fffff581
fffff3b2
fffff7a2
fffffa4b
fffff552
fffff802
fffff93a
fffff1c3
fffff3e0
ffffecf3
ffffefb6
ffffebab
ffffe823
fffffddd
fffff95c
fffff5ad
fffff54c
fffff491
ffffed11
ffffe074
ffffdd6a
ffffd635
ffffcca7
ffffda82
ffffe897
ffffd2aa
fffff539
00001b4b
00000fe7
fffff3f5
fffff48e
fffff49e
fffff101
fffff155
fffff545
fffff7d6
fffff81c
fffff8e5
fffff828
fffff307
fffff26b
ffffee15
fffff1ac
ffffeb10
fffff00f
00000346
fffff9eb
fffff69b
fffff5c7
fffff790
fffff09c
ffffe013
ffffdb35
ffffd0b9
ffffc5ce
ffffd737
ffffdb2a
ffffd9e1
fffff7e8
00001c0d
0000120e
fffff61d
ffffed37
fffff3bb
fffff47d
fffff49e
fffff68c
fffff661
fffffcab
fffffd0f
fffffbde
fffff94f
fffff79c
fffff3f5
fffff4d0
ffffee13
fffff0b7
000001e3
fffff68a
fffff435
fffff45e
fffff3c0
ffffeeca
ffffea6f
ffffe067
ffffd417
ffffbc8e
ffffc451
ffffda55
ffffdc93
ffffef98
0000094e
fffffe43
ffffef60
ffffea67
fffff0ac
fffff522
fffff781
fffff92b
fffff1a1
fffff3bd
fffffb6e
fffff531
fffff7fb
fffffd26
ffffee8c
ffffefd1
ffffe995
ffffeddd
000003d8
fffff5fc
fffff366
fffff347
ffffec9e
ffffed1c
ffffed7b
ffffe2e6
ffffd44b
ffffc960
ffffc28e
ffffd07f
ffffd578
ffffdf6e
ffffe157
ffffe408
ffffef36
fffff999
0000015a
fffff89d
fffff361
ffffed99
ffffe854
ffffec07
fffff4da
fffff550
fffff489
fffff6f7
ffffe5c1
ffffeaae
ffffe1ea
ffffecba
00000c9b
fffff3ba
ffffeb5e
ffffe57a
ffffe14e
ffffe8aa
ffffed27
ffffe8df
ffffe172
ffffe1d8
ffffdb81
ffffc50a
ffffbfda
ffffc2d5
ffffd482
ffffd6bd
ffffef53
00000d83
00000a73
fffff281
ffffe33b
ffffe2db
fffff104
fffff516
ffffebb4
ffffee61
fffff2ed
ffffe9c8
ffffe5cb
ffffdad7
ffffd2af
ffffe245
0000149a
ffffecbf
ffffe63b
ffffe266
ffffe315
ffffed4e
fffff18f
ffffe6b4
ffffea1a
fffff0d1
ffffeb38
ffffd882
ffffd38c
ffffc3a9
ffffd3ee
ffffd738
fffff049
000004de
0000094f
ffffe8a7
ffffd1df
ffffd44b
ffffef46
fffff075
ffffe77c
ffffecc3
ffffecf1
ffffe165
ffffddf7
ffffd766
ffffdb82
ffffe805
00001202
ffffea42
ffffdcec
ffffdff3
ffffe071
ffffefb9
ffffed14
ffffe22e
ffffddf2
ffffdbea
ffffda4c
ffffde87
ffffe4f8
ffffc597
ffffcf91
ffffdfa8
fffff9c2
fffff52a
fffff0bf
ffffe93f
ffffda0c
ffffd45c
ffffee5d
fffff6d8
ffffe415
fffff20a
ffffe440
ffffdb7a
ffffcfb4
ffffd833
ffffea48
ffffee86
000011f5
ffffe69a
ffffdf22
ffffe79b
ffffe329
ffffe434
ffffdf67
ffffdbfc
ffffd8dd
ffffd48e
ffffeadd
ffffefde
ffffee10
ffffe175
ffffdcad
ffffee6f
fffff8d7
ffffe594
ffffeaa6
ffffed84
ffffe1cb
ffffd9c2
ffffe49b
fffffff6
fffff717
ffffe221
ffffd996
ffffdf4e
ffffddbd
ffffd33e
ffffe244
fffff308
000009ff
ffffeef8
ffffef3f
ffffeb45
ffffe08d
ffffdb9b
ffffe55b
ffffe979
ffffe8c1
fffff0f6
ffffffe6
fffff9f3
fffff609
ffffdf11
ffffdf0e
ffffe6ce
ffffe55c
ffffdf26
ffffe5f6
ffffe293
ffffd807
ffffe21c
ffffeef1
00000cbf
0000088e
ffffeadb
ffffea34
ffffebf8
fffff066
ffffd8a7
ffffd84a
ffffe370
00000487
fffff0d7
ffffe56a
ffffdbb0
ffffd692
ffffe982
fffff398
fffffc70
ffffecbe
ffffe4a9
ffffe79d
fffff1da
ffffebb8
ffffe31c
ffffe5ab
fffff4c1
ffffe4af
ffffdf50
ffffdc37
ffffef1e
ffffee10
ffffee53
ffffffb8
00000266
000000e8
ffffea70
fffff41e
fffff8ec
fffff288
ffffe789
ffffdc1a
ffffdfb9
00000bbd
ffffe3bc
ffffdc16
ffffd685
ffffd984
ffffeeb9
fffffa3a
fffff6fd
fffff4ea
ffffe6b9
ffffe065
ffffdf0c
ffffd1a6
ffffd1a0
ffffdec9
fffff110
ffffdf35
ffffd131
ffffd7ce
fffffad8
fffff8bc
ffffe50f
ffffe9d9
ffffed24
ffffdd56
ffffe08c
ffffe19d
ffffdfd1
ffffe55e
ffffe3e0
ffffe59b
ffffe252
00000793
ffffef71
fffff2ee
fffffb20
fffff326
ffffffd8
00000b93
fffffe2e
fffff603
ffffec94
ffffeb5f
ffffeff7
fffff103
ffffee2b
fffff53f
fffff426
ffffe511
ffffede1
fffff3d6
0000001f
000001ad
ffffedf0
ffffece7
fffff5c2
fffffab6
fffff565
ffffed27
ffffe0a6
ffffe84d
ffffed7b
fffff5ba
fffff375
00001695
fffff9f0
00000937
000003c2
fffffe76
000000fb
00000321
fffffeb0
fffffe62
000006a1
0000029c
0000020e
00000351
ffffffdf
fffffbfa
ffffff9d
0000022f
fffffcf7
fffffccd
0000017e
00000465
fffffca2
fffffc88
fffffe36
fffffd66
00000265
fffffd08
000004a4
000011ca
000013a2
00000a5d
fffff750
00001428
00000af8
0000160f
00000fbf
000009cd
00000b40
0000048f
00000dde
00001247
000015df
000015be
00001605
00001b25
00001a95
000017c7
000014a4
00000f65
00001335
00001754
00001a64
00001a23
00001745
00001506
000020b9
00002306
0000113f
00000b40
00001777
00001837
000003b7
0000000f
0000045b
00001ebe
000002f5
000019ab
0000117d
00000763
0000052d
fffffa1d
fffffc58
0000045d
00000bf9
00000778
000005a3
000011d1
00001bc9
00001bae
0000137c
0000074c
00000495
00000b6e
000009c7
00001088
000014e1
00000e13
00001b76
0000263e
00001874
00000941
0000165f
00001d1d
ffffff05
fffff11a
fffff562
000016e3
fffffd16
000022d4
00002462
0000212a
00001913
00000d41
000014cb
0000137f
00000852
000005be
00001be4
00002996
000031bd
00002efc
00002605
000020aa
00001d79
00001e73
0000161f
0000120b
000015be
00001b77
000023f7
00002ad7
00002953
00001f9e
0000236a
00002e08
00002343
00000a57
00000584
00002103
ffffff70
0000218c
00002393
00001e58
00001357
000007f7
ffffff9e
000010a3
0000123f
000010c1
00001a93
00001d85
00003047
0000277d
000019bf
00001ddd
00002591
000020b3
00001c1a
0000133d
00000a9c
0000197e
00002133
00002848
000023f5
00001c93
00001a55
00002291
0000287f
000019ab
00001363
000025b2
fffffea6
00001679
00002038
00001e17
00001070
fffffca2
ffffff40
00003067
000032a4
000021a9
00000f24
00000dab
00001d31
00001992
0000107f
00001a25
000022a8
000018b4
000021cd
0000221a
000022d7
0000235e
00001f70
00001bf0
00001aca
00001ca7
000019e4
00001e78
00002877
00001cf2
00001494
00002674
fffff405
00000c49
00000ef0
000015ec
00001d84
00001343
00001ae0
00003867
00003fca
00001cbe
fffffca3
fffffc5c
00000cec
0000083c
0000072d
0000161b
00001ad8
000015fa
00002129
00002d1b
00002c6a
00001ea6
000014af
000011c2
00001509
00001852
00001d30
00001923
00001b47
00001704
00001984
0000284b
ffffebd1
00000856
000007d0
000014be
00001848
00001132
00001c13
00003152
00002377
00000315
ffffff8c
0000014e
0000050d
00000950
00000afc
00001720
00001797
0000111c
000016f4
0000176d
000010f5
00000b0c
00000b19
00001272
00000df0
000008ec
0000115a
00000f5c
00001133
00000f88
000016fa
00002970
ffffed26
00001135
000017e3
00001cc4
00000f36
fffff59f
fffffeb1
00000758
000012e7
fffffd90
00000b47
000008f8
00000f5f
0000147b
000011d8
00001563
00001b73
00000c9f
00001301
00000fb7
000004e9
00000cb7
00001cea
00002386
00001428
0000168f
00001340
00000f45
000015a8
000019d0
000015c2
00002a31
fffff626
00001897
00002d57
00002caf
00000dd1
ffffe892
ffffe2a8
ffffd041
ffffe8a0
0000042c
00001358
00001762
00001303
000025c9
000019a9
00000837
000019f3
00001d6a
000021b6
000028d9
000027df
00002d0c
0000304c
00002ca6
00002319
00002ca1
00002569
0000188f
000024bc
00003000
000021c5
00002a9c
fffff96f
000011db
00003ba2
00003d85
00001e16
000006d6
fffffb6e
ffffd31c
ffffd2b0
000000bd
00002454
00002833
00001fdc
00002a75
00001a83
fffff981
00000e77
00001e5b
00002c9a
000032db
00003dcb
0000422e
00003d7b
00003305
00002d8a
000037fd
00003f30
00002eef
0000302b
00003ea5
000034f2
000025c9
fffff641
000009ce
00002b87
0000335e
00001f08
000007fd
00000dd1
0000012f
ffffdcae
00000d0a
00001963
00002276
00001c08
000008b4
00002139
00000e99
000002c2
00000408
00000e81
00001b74
00002273
000022d2
00002794
00002531
00002684
00002351
00002809
00002432
0000266c
00003226
000028fd
00001ccc
ffffea2c
00000617
00002439
00002fcb
00002b27
00000cce
000004b1
000007cf
fffff001
00000c74
0000072b
00000218
00000067
fffffd54
0000141d
00002990
000000d8
fffffb2c
000000b3
00000e03
00001678
00000ec3
00001304
00001bcd
00001c09
00001753
00001cc9
00001cd9
00001fad
000021ed
00002184
00001e61
ffffe42d
ffffffe1
00001a03
000021c7
00002725
000020cf
00001047
00001167
00000861
0000093d
fffff1be
ffffec9a
0000069e
00000e90
000024d0
0000312e
fffff6a8
ffffe81f
fffff5f1
fffffce7
0000052c
fffffd79
fffff62e
ffffffc7
00000aa2
000007c5
00000963
0000124f
000018c3
00001054
000017a9
00001d12
ffffe914
fffffcc3
000014ca
000017b3
0000207e
00001d3e
00000ff6
fffffd64
fffffe52
00000929
fffffe33
fffff6d9
000019e2
00002231
000020be
00001799
ffffe9a0
ffffdeb6
ffffed98
fffffe11
000009a1
0000025b
ffffee6c
fffff591
00000682
fffff965
fffff4d9
fffffda0
00000a84
000008cb
000011a3
0000171c
ffffedc8
0000095e
0000128e
00000d19
00001968
00001493
00000633
fffff2ac
fffffb5f
00000414
fffff4c2
00000691
000029f2
0000214a
00001d35
00000142
ffffeecc
fffff242
fffff74f
fffffda5
0000011e
fffff730
fffff25f
ffffec4f
fffffc2f
00000ad2
ffffee3d
fffff026
fffffeab
00000588
00000d56
00000fcc
ffffece3
00000f62
00000fca
00000eaa
000019f3
00000ffc
fffffae7
fffff78f
00000268
fffffd22
ffffe7b4
00000cb4
000025fd
00001d5f
00000690
00000734
00000975
00000f41
0000105e
00000cba
00000261
000004fc
fffffda2
ffffeed3
fffff104
00000720
fffff3a5
ffffe6f4
fffffd00
00000350
00000a2b
00000c5c
fffff12b
000014f9
000010b8
000012b6
00001cc1
00000f68
fffff6cd
fffffb03
00000b7a
000003ac
ffffee42
00000cd5
0000294f
00000fba
000008f2
000005d6
0000118d
00001dd7
00001593
00001016
00000fbf
00001102
00000d7d
00000128
fffffbd0
00000f0c
0000027a
ffffe5db
fffffb58
000000b8
00000463
00000d69
fffff625
0000153a
00001268
00001917
00001b5a
00001084
fffff7ac
fffff532
00000ef9
000010e1
fffffb19
00001142
00002f10
00001158
00000796
000000cb
00000c97
0000164c
00001575
0000149a
0000132d
00001675
000017b1
00000ed5
0000072d
0000119b
00000db8
fffff7f6
00000a9f
00000a8d
00000755
000014a4
fffff7fb
00000f64
0000121c
00001b22
00001ce2
00001685
fffffd32
ffffeeef
000008d2
000010b3
000002e6
00000647
00000f4f
00000f9b
000005df
fffffbde
00000e93
000015a9
00001533
0000156b
000015f1
000012cb
00001673
00001443
00001289
00001498
00000e73
fffffa1f
000012a7
0000119b
000011a0
00001e13
fffff7a6
00001255
00000df5
00001232
00001b98
00001c2a
00000cd7
ffffeee3
fffff972
000000a0
000012a2
ffffebcf
ffffd529
fffffe6f
00000651
fffff7c3
000010ab
00001af4
000017f8
00001349
000013fb
000014af
0000160b
0000180a
000015e0
0000120f
00001016
fffffa55
000013c8
000015b4
0000154a
000026a8
fffff673
00001512
00000fb4
00000fd4
00001c57
0000250c
0000215a
00000cc9
fffff5d9
ffffebdc
00000d5f
000004d5
ffffcd61
ffffebdd
00001152
0000129f
00001221
0000199b
00001894
000013aa
000010da
000013c1
00001644
000014c1
000015eb
00001547
00001211
fffffc7a
000012f9
000019b2
000018a6
00002c08
fffff30f
00001458
000016ec
00001c59
0000239c
000025e1
0000282b
000023a6
000012fe
fffffae9
00000260
00001472
ffffe8b8
ffffe864
0000117a
00001f7c
00000f71
00000c05
00000e99
00000cae
000005a7
00000dd1
00001579
00001112
000014b4
0000152e
00001403
0000005b
00001302
00001c40
00001867
00002c4c
fffff30c
00001a72
00001f8b
000026e7
00002d26
00002932
00002557
00002adf
000020eb
0000192a
0000026e
00000363
fffff38a
ffffefe7
ffffff28
ffffffd0
00000845
00000451
00000766
00001111
0000047b
fffffd43
00000bb3
00001137
00001315
000015c6
00001533
00000577
00001002
00001c82
00001a58
00002675
fffff676
00001b39
00002161
000024f5
00002b54
00002d93
000027e7
00002578
00002591
00001b06
00000d1a
0000072c
ffffeec4
ffffeb45
fffffa44
ffffebd0
ffffefb3
00000425
0000134a
000023c3
00001a1f
00000086
fffff7fb
00000912
0000131a
00001161
00001c80
00000b08
0000071f
00001d3b
00001c60
00002661
fffffb11
00001834
00002046
000016ee
00001a34
00002715
00001ba7
000016d0
000013a6
00000a95
fffffc66
000012db
ffffe5b0
ffffd99c
0000013c
0000078b
ffffecae
fffff7e3
0000146a
0000292c
00001932
00001ae4
00000120
ffffff41
00000bcf
0000063a
00000e4d
000003d6
00000082
00001052
00001ea1
00002de4
fffffbd3
00000b39
000014fc
000011b2
0000147f
000013bf
00000f1f
000005ae
00000911
00000021
00000c41
00001c7f
fffff605
ffffde1a
00000bbc
00001cbe
ffffeac8
fffff815
00001273
00001f19
000008ac
00000e77
000017b6
000002eb
00000d65
ffffff54
fffff5de
ffffe8bc
ffffff19
00000c6e
00001503
000023f0
ffffff37
000006e5
000008c8
0000015c
0000065d
00000ab6
00000e61
00000b6f
000010ca
ffffff5f
000007f6
00001105
00000cf0
000009be
00002b64
00001e6a
ffffef20
fffff70d
0000019d
00000570
fffff566
ffffe3ed
fffff6e6
fffffd41
00000450
00000af3
ffffef2a
ffffcfd6
fffff8a1
000008d3
00001032
00001890
fffffb03
0000060d
fffffe1b
fffff841
000000b6
00000c0f
0000130a
00001d72
00002730
0000102b
fffffa28
fffff439
0000119e
000010ed
00002ee5
000018f6
fffff08b
ffffe20a
fffffe75
000003fe
fffffc38
ffffe13e
fffff573
000005d7
ffffedbd
00000263
00000a55
ffffe643
ffffe181
fffffb26
00000457
00001397
ffffef62
000001a2
fffffc0d
ffffed09
fffff5d4
00000eaf
00000323
00000a10
000012c7
00000fb9
fffffab4
fffffbf4
00000ef2
0000180f
00001a70
00000677
0000026d
fffff7d6
ffffed34
fffffb57
00000457
ffffedb7
fffffa90
000003bc
ffffeedc
00000643
000019ca
fffff76f
ffffe6ad
fffff25a
0000083b
00001895
ffffeedd
000006c6
00000f0e
fffff4ac
fffff7c7
000007be
fffff69d
fffff590
00000282
fffffe16
fffff1d9
fffffadd
00000652
000000a6
00001001
00000b9e
0000097b
00000686
ffffe127
ffffe466
fffff551
fffff57d
fffff342
fffff912
fffff526
fffffdf0
fffffa72
fffffc03
ffffeeb8
ffffea9a
fffff732
00001614
ffffe6e0
fffff72f
fffffd4c
fffffd54
fffffa31
00000566
fffff5f7
fffff5d7
fffffaaf
fffff5a6
fffff5f6
fffff988
fffff8a4
ffffefb3
00000201
fffffc2b
fffffce9
fffff8af
ffffed18
fffff6c1
fffffe05
0000061f
ffffefc3
fffff37b
fffff181
fffff0b9
fffff409
fffff6dd
fffff5a9
ffffef7f
0000042e
00002017
ffffef76
fffff39a
fffffc75
00000282
00000210
00000df7
00000a32
000000ea
00000328
00000537
fffffc91
fffffcbb
fffffe3f
fffffb72
0000006b
00000198
fffffb53
fffffa60
fffffaff
000007a3
0000108c
000004a9
fffff282
fffffe96
00000480
fffffd9b
fffffb3f
ffffff40
fffffa43
fffffb3f
00000731
0000131b
fffff28a
ffffe1e2
ffffe366
ffffe67b
ffffeec5
ffffedf3
ffffea52
ffffe5db
ffffe7b0
ffffebd1
ffffee07
fffff1fc
fffff1b9
ffffef92
fffff420
fffff203
ffffeb82
ffffe6f0
ffffec11
fffff6d5
ffffebe8
ffffe731
ffffe2f1
ffffe293
ffffdd6c
ffffe831
ffffefbf
ffffee64
ffffeaaf
ffffe7e1
ffffee36
000008e6
00000461
ffffed6b
ffffe896
ffffe6a3
fffff226
fffff157
ffffeec4
ffffefc2
ffffeffa
fffff238
fffff8e5
fffffb31
fffff600
fffff2b3
0000002a
fffff98f
fffff88b
ffffed3b
ffffef9f
fffffc26
fffffd9c
ffffee55
ffffeb5b
ffffe4c0
ffffe081
ffffe50c
ffffecba
ffffebb7
ffffeac7
ffffe6e0
ffffedb4
00000645
000004c3
fffff218
ffffec39
ffffe84c
fffff461
fffff57b
ffffeb3a
fffff351
ffffeec8
fffff496
fffff330
fffff564
ffffedb6
ffffeb29
fffff694
fffff8f2
fffff43d
ffffec67
fffff069
00000219
0000011f
fffff8be
fffff2b6
ffffebe4
ffffe734
ffffe954
fffff1e9
fffff14e
fffff270
ffffe8f5
ffffea8e
000002c9
ffffffd9
fffff2b3
ffffee34
ffffee1f
fffffadb
fffff2e0
ffffdeeb
ffffde3c
fffff407
fffff9e0
ffffede8
ffffed63
ffffe5ae
ffffe2a3
ffffea96
fffff54d
fffff074
fffff3d9
fffff2a0
000004c9
000000a7
fffffb46
fffff44c
fffff2aa
ffffeb18
ffffed13
fffff47f
fffff941
fffff973
ffffefcf
ffffeadb
000000c1
fffffd84
ffffefc5
fffff03d
fffff277
fffff3f6
ffffd581
ffffcd7c
fffff60b
00000e8b
00001f84
ffffffb9
ffffeea5
ffffe847
ffffe3b0
ffffea9f
fffff392
fffff38f
fffff629
fffff517
ffffeeda
ffffea84
ffffeb3e
ffffecfa
fffff4e0
fffff1d1
ffffec73
fffff155
fffff2cd
fffff364
fffff242
ffffeb79
00000154
fffffc05
fffff2c7
fffff4cd
fffff5c3
ffffedc2
ffffcaae
ffffdac0
00001c7e
00003645
00002799
00000d4d
fffff6e1
ffffed83
fffff5e3
fffffd3a
fffffcbc
fffffe9e
00000394
fffffa9c
ffffe552
ffffe066
ffffe9de
fffff8b5
0000002d
fffffc3c
fffff1b6
ffffed29
ffffef4e
fffff2ad
fffffa22
fffff424
0000052d
000006ea
000005fe
00000dbd
0000021c
ffffe3fd
ffffcb0e
ffffeb37
00000925
00001d77
00001850
0000059c
ffffec95
fffffcdd
000014c6
000015ba
00000b3f
000010a8
00001712
0000064a
fffff175
ffffeecd
fffffb8c
00000cae
00000eb4
000009bd
00000491
00000329
00000229
000009df
00000d6f
0000069c
000013e2
00000676
000007c3
000019ba
00000a28
ffffe2a3
ffffde93
0000088f
00001b7b
00001313
00000c47
ffffeb93
ffffe083
0000011e
00002a13
00002ba0
000024fb
00001e42
00001eeb
00001525
ffffff74
0000028f
00000d32
000018e6
0000263b
00001d19
00001ad0
000018ef
000015b9
00001863
00001bd2
00001540
00001865
fffffa27
ffffff9e
00001362
00000f68
00000437
00000f71
000027b5
00000c35
000005e9
fffff232
ffffd86a
ffffe077
00001109
0000193e
00001e7e
00002331
000022af
000022a6
00001db8
00000fbc
00001077
00000f60
0000161d
000022b8
00002259
0000253a
00001e32
00001d09
00001c3a
0000213f
0000191c
00002437
ffffed10
ffffe77c
ffffeeae
ffffeb84
fffffc06
00000da4
000023ed
0000071c
00000eae
ffffe6d4
ffffce78
fffff066
0000052b
00000c94
00000b25
00000953
00000376
000002b4
fffff8c8
fffff8f7
00000624
00000c70
fffffd29
000003e5
00000231
000000e7
fffffdf5
fffff9f8
0000010c
00000879
0000059b
00001b36
ffffe7d8
ffffdfc8
ffffe0cb
ffffde96
ffffdf35
fffffc66
fffff3e0
ffffebe5
fffff9ce
ffffde8a
ffffd775
fffff9ee
fffff662
fffffe5e
00001399
fffff1a2
ffffcf62
ffffc8d6
ffffceea
ffffd74a
ffffe085
ffffe84f
ffffd849
ffffd821
ffffd20f
ffffd4dc
ffffd5cf
ffffd883
ffffde80
ffffe2e8
fffff1c2
00000c33
ffffeeb0
ffffea02
ffffe801
ffffe5a7
ffffd616
ffffe2ac
ffffdf81
ffffea37
ffffe192
fffff7bb
fffff6d0
00000441
fffff910
fffffe71
000010c6
0000029b
ffffdadd
ffffca50
ffffc838
ffffc1fb
ffffc12e
ffffbf78
ffffba00
ffffbc64
ffffbf9f
ffffc341
ffffc423
ffffcfb7
ffffd3d3
ffffdaf5
ffffeb13
fffffff3
ffffee5c
ffffe423
ffffea1c
ffffe2fa
ffffdfc8
ffffd677
ffffd673
ffffed2a
ffffebaf
00000355
00000f85
00000d58
000003f4
00001863
00001b39
00000cee
fffffc22
fffff21f
fffff73b
ffffeca1
ffffde77
ffffd329
ffffc89f
ffffc0ae
ffffba0b
ffffbce7
ffffc1b7
ffffcc0a
ffffcf3d
ffffddd2
fffff27f
0000032a
ffffe8ef
ffffdb76
ffffe0b8
ffffdcbe
ffffe43f
ffffdb78
ffffe3ec
fffff196
ffffe20e
0000020e
0000175e
00001e08
000014b2
0000239b
00001fd5
00000df8
fffff96d
fffff04c
fffff352
fffffe30
fffffe0c
fffffea9
fffff7f5
ffffe451
ffffd856
ffffc058
ffffbbbc
ffffc523
ffffd479
ffffdd8b
fffff0a9
000000e5
ffffec34
ffffdabb
ffffe03d
ffffe24d
ffffed35
ffffe9bf
fffff0c1
ffffeefb
ffffdc16
fffff8d0
000019e5
00001ff8
00001f2c
00001446
00000e81
0000080d
00000114
fffff450
fffff438
fffffa64
fffff735
fffffb8b
0000003e
fffff483
fffff2fe
ffffd4c6
ffffc008
ffffc562
ffffd61f
ffffdcce
ffffef40
fffff96d
ffffefb7
ffffdf9d
ffffeb1e
fffff510
fffffc8c
fffff129
fffff251
ffffe820
ffffdc29
ffffec1e
00000f07
00001d57
00001409
00000aac
0000020a
00000061
ffffff2b
fffff9b4
ffffec2a
ffffe8a3
ffffe70a
ffffed44
fffff6cf
fffffbb5
fffff615
ffffdcd2
ffffba7d
ffffc6e7
ffffdae1
ffffe0a9
fffff23b
fffffadc
fffff147
ffffe0b7
ffffef6a
fffff87c
fffffd1c
fffff526
ffffefe8
ffffe1dc
ffffdc34
ffffe5f9
fffff93e
00000910
00000a37
fffffe50
fffffbbb
fffffe47
fffffb79
fffff4a1
ffffe412
ffffdf0c
ffffe8ba
ffffeb37
fffff5c5
fffff60f
fffffdee
ffffe7d1
ffffc4b8
ffffba7b
ffffd702
ffffddc0
ffffed82
ffffffe9
fffff1b5
ffffe128
ffffe9fd
ffffeee1
ffffef4b
fffff4ab
fffff3cb
ffffe1db
ffffd798
ffffe707
ffffe253
00000513
000018cb
000007d8
fffff815
fffffc1a
fffffaa4
fffff2bf
ffffe728
ffffe810
ffffecb3
ffffec00
ffffee2b
ffffede7
fffff866
fffff10a
ffffce5d
ffffbd02
ffffd9f6
ffffded9
ffffec8d
000000a5
fffff150
ffffdd6e
ffffe3e5
ffffe459
ffffe6fb
fffff4c6
fffff8ce
ffffe7ee
ffffe2ea
ffffe504
ffffee74
00000dcf
000025bd
00000bc8
fffff6eb
fffff7bb
fffff6ef
ffffee0f
ffffe9a6
ffffeb96
fffff0e1
ffffefb1
fffff271
ffffeebc
fffffa1f
fffff1b0
ffffd5ec
ffffc4b7
ffffda6a
ffffdc8b
fffff1b9
0000044d
fffff2d7
ffffe24f
ffffe51e
ffffe458
ffffec8a
fffff4c3
fffffe04
fffff366
ffffe8c1
ffffdbfe
fffffdbd
000013b7
000022eb
00001080
fffffe43
0000061e
fffffa12
ffffec71
ffffe83d
ffffe866
ffffecc6
fffff23d
fffff2bc
ffffefcd
fffff563
fffff2aa
ffffe178
ffffca35
ffffdbed
ffffdd11
fffff390
00000a3a
fffff16a
ffffdfde
ffffe2cc
ffffe5af
fffff0f2
fffffdd2
00000615
fffffe71
fffff35a
ffffe75b
00000064
00000bdf
00000515
00001645
00001190
0000192a
00000a84
fffff46c
ffffe989
ffffe97c
ffffee43
fffff8c7
fffff4ec
ffffec3f
ffffefc0
ffffef24
ffffe803
ffffd371
ffffdb7f
ffffe5fa
fffff92d
0000100f
fffff7c7
ffffe715
ffffeade
fffff3aa
000001b8
000003a3
00000d15
00000c9a
fffffda2
000005e4
0000016c
fffff680
ffffea02
00000e7e
00002c64
00002d48
00001323
fffffa6c
fffff829
fffff414
fffff937
00000567
fffffc09
ffffed55
ffffedf3
fffff22d
ffffe9f4
ffffd325
ffffe02c
ffffec9b
fffffcff
00001435
fffffdcb
fffff3e4
00000040
000003dd
00000845
00000481
00000808
000004e4
fffffdbb
00000360
0000034f
fffff764
ffffe966
00000815
00003207
000034fb
000018eb
fffff8e4
0000018a
fffffe5c
00000832
0000128b
00000819
fffff1be
fffff1cb
fffff4eb
fffff269
ffffe421
fffff43d
fffff71c
fffffe0f
000011c4
fffff384
fffff403
ffffffd6
fffffdef
fffffbc7
fffff8cc
fffff0e8
ffffebe3
ffffede1
fffffb28
00000343
ffffff6e
00000b07
fffffe87
00001436
000012b0
0000110c
fffffb31
fffffefd
00000987
000013db
00001ce9
00001026
fffff60e
fffff747
fffff98a
fffff03c
ffffdfbd
fffffca0
fffffc50
00000029
00001472
fffff4b1
fffff80f
fffffd33
fffff69e
fffff551
fffff773
ffffe93e
ffffe953
ffffeee4
fffff3ff
0000019c
00000922
0000170d
000004dc
00000cbd
fffffe8f
ffffec20
fffff2d4
fffff2fb
0000052e
00001bb4
00003473
00002049
ffffffb0
fffffd5e
000001bf
ffffe3b8
ffffdcd9
ffffeeba
fffff690
fffff2bf
00000f1a
fffff66a
ffffe9fe
ffffed86
ffffed85
fffff42f
fffff853
fffff6b2
fffff882
000001b8
fffff384
fffff733
fffffafe
00001659
000009d4
00000626
ffffe741
ffffd4ba
ffffe3a1
ffffeafe
00000134
00001446
00003b59
00001d30
00000209
00001b28
00001519
ffffec03
ffffe7e0
fffff4e7
fffffb8b
000004ba
000010ed
fffff1db
ffffeb29
fffff68a
fffff646
fffffcd7
fffffc82
fffffb6f
fffff967
fffffe5a
ffffe4b3
ffffeeaf
ffffe800
000009d0
0000085f
00000bd8
ffffe508
ffffce93
ffffdc3d
ffffedfd
fffffb59
00000f86
000022d5
00000ec8
ffffffa9
00002475
000031d9
00000b41
fffff7d9
0000045b
00000afb
00001333
00000f8f
fffffb0e
ffffed45
fffff6ae
fffffccf
00000852
0000047d
fffffbcc
fffff6bb
fffff422
ffffe2e2
ffffe59a
ffffda03
ffffec74
ffffe183
ffffee89
fffff07e
ffffe83f
fffff105
00000489
000005c7
00000674
fffffc42
ffffef81
fffffe5a
000023bb
00002f41
00000f1c
fffff52e
fffffea6
0000028e
000004e5
0000140e
fffff14f
ffffe792
fffff4c4
fffffeb2
000000f6
ffffff91
fffffe8d
fffff310
fffffcf4
fffffd85
fffff592
ffffeb8d
ffffeba2
ffffdf2a
ffffe91e
fffff095
fffffbb5
000005f8
00001109
00000275
ffffff51
fffff0f3
fffff237
000009d0
00000a35
0000286e
00001744
fffffff8
fffffda7
fffffa71
fffff7bc
00000f21
fffff159
ffffdf20
ffffe646
ffffea7f
ffffe9cb
ffffe82a
ffffe5fb
fffff6d8
fffffef5
fffffe9a
fffffb29
fffff940
fffffc64
ffffefd8
fffff442
fffff51b
fffffb75
fffff8a2
fffff2c5
ffffef1a
fffff95d
fffffe21
00000293
fffff9b7
fffff6f8
00000574
00000fbe
00000756
00000535
fffffec0
ffffed9a
000003fa
ffffed38
ffffdc54
ffffdbd9
ffffdf69
ffffdf6d
ffffe673
ffffe77e
fffff672
fffff6b4
ffffecba
fffff52d
fffff6df
fffff4ea
fffff624
fffffb69
ffffec6a
ffffe9c9
ffffdd57
ffffd4fe
ffffd754
ffffda6c
ffffed8d
ffffefb1
fffffda5
000000bd
00000326
ffffffb6
fffff085
ffffe189
ffffd71e
ffffdcaa
fffff9a7
ffffff6a
fffffeb6
0000066e
000009e5
0000095c
00000b93
00000945
0000076e
00000a74
0000036d
00000d18
00000bd0
0000137c
00000d79
00000b0f
fffffd9b
fffff8b5
fffff715
fffff3c4
fffff2fe
fffff1e0
fffff36f
fffffa62
00000a46
000014d0
00000789
00000283
fffff9d0
fffff4e6
fffff36a
00000111
000005ce
000009f8
000012d6
00000b2c
000007f1
00000e5b
00000c14
00001235
00001098
00000932
00000647
00000d86
00000aae
00000ce7
00000a82
0000097b
00000d9b
00000e8e
00000c50
fffffeca
00000da0
00001573
00000853
00000b0c
000018d3
000011d6
000008d2
00000efd
00001465
00000f48
00000a7f
00000894
000011b5
00000328
00000b9f
000008f0
000001d3
00000e01
00000f6f
000010e4
000009b2
000001f8
0000051c
00000da4
00000c97
00001019
00000788
00000afe
00000e1e
00000d3d
00000660
fffff51a
00000677
00001a89
000006fd
fffffeed
00001155
00000f50
000000f8
00000dac
00001f97
00001abc
00000a36
fffffdb9
0000175f
fffff758
fffffea1
ffffff1c
fffffae6
00000206
0000054f
0000167a
000011e7
000005a4
0000003c
000001e9
0000035b
000009e0
00000089
ffffff6b
000007ce
000006c9
00000388
fffff405
00000107
00001101
000000b6
fffff5df
fffffd31
000009ec
fffffe0f
00000182
0000117f
000018ef
000004f3
fffff702
000016a4
fffffb3e
00000210
000006bb
fffff799
fffff3ee
0000047a
00002e54
00002385
000000bf
0000069d
0000025d
fffffa95
00000260
fffff8f0
fffffa62
0000070a
0000082c
000004a6
ffffff5f
0000061d
00000bb4
fffffab3
00000264
ffffff49
00000ca5
0000026e
fffffb0f
000006b4
000013d6
000009ba
fffff879
000014b6
fffffe70
fffffce9
000003a6
fffffeb4
ffffe93f
ffffff4a
00002f29
00001e33
00000ffe
000001a2
fffffe01
fffffb2b
00000141
fffff764
fffffbd3
ffffff8c
000008d1
000005b9
00000c02
000011ca
00000533
fffffae2
000009da
000002d7
00000cab
00000728
fffffd56
fffffd10
00000ea4
00000a94
fffff74e
0000122d
ffffffac
fffff6ea
fffff8b4
fffff3c7
ffffe228
00000233
00002a39
fffffcd7
fffff1a5
ffffeafe
ffffff8f
fffffdf4
000007a1
fffff99a
fffffad6
fffffe59
fffffe02
000000f1
00000fc5
0000100c
fffffcb3
fffffcd4
00000d2f
0000084d
00000827
00000531
fffffb6e
fffffa64
0000074f
00000a39
fffff832
0000152e
0000060e
fffffaa7
ffffe580
fffff0a7
ffffe860
00001036
00001a3e
0000042a
ffffd1f8
ffffd42b
fffff9f6
00001697
00001c10
00000326
000000a3
fffffd94
fffff9f4
fffffc87
00000f9a
00000bd2
ffffeee9
fffff65b
0000046b
00000a30
fffffe9a
fffffd66
fffff6de
fffff900
fffffb0e
fffffacc
fffff394
00001535
0000044a
000001fb
ffffecd8
fffff442
fffffb72
000018ab
00000bbd
0000112d
ffffe41e
ffffe5e5
00000698
0000157a
00001fc8
0000199c
000003d3
000000d9
fffffb73
fffffd11
0000115d
000015a4
000005a0
000006b8
00000501
00000796
000004a0
0000003d
fffffef2
fffffc6f
fffffe1e
fffff8e8
fffffc12
0000188c
00000d09
00001121
0000002c
fffff7c2
00000dcb
00002b36
fffffa4f
fffffde5
ffffe360
fffffdec
000011ff
00000def
0000176e
000025e3
000019cd
00000e02
000002fd
00000349
000010c7
00001260
00001425
000014ff
00001088
00001163
00000e3a
000007fa
00000b7b
00000644
00000821
ffffff42
00000e8d
00001fd5
000008b9
00000440
fffffe64
0000081b
00000d3e
00002bd6
00001030
00000344
ffffea54
fffff3f2
000006c0
00000966
00000bf2
00002894
00002bf7
00001888
00000f45
00000163
00001964
000019b1
00001310
00001ff8
0000138a
00000e6e
00001937
00000f2d
000018ef
00001248
000018cc
00000a6c
00001cc1
00002a00
0000098c
fffffb9d
ffffee8e
00000119
0000076e
00000cb4
000017f4
000014bd
00000039
000002da
0000026b
00000ab5
00000157
00001d26
000033fe
00002a6e
00000f86
fffff66f
fffffd99
00000dcf
00000720
00001053
00000aa3
ffffff73
000003e9
00000268
000005f5
0000028f
00000680
fffff4f5
00000e00
000022d0
00000e8d
fffffb92
fffff3f5
00000244
00000642
fffff7b0
00002635
00001c6c
00000a6a
000004db
00000583
000003d9
fffffca1
00000d77
0000232d
00002fe5
000012bb
ffffefeb
fffff146
fffffddd
fffff9b2
fffffd11
fffff68f
fffff5a1
fffffa33
fffffd78
fffffa7e
fffffe71
000000b7
fffff092
000003e3
000022ee
00001220
000002e1
fffffcd4
00000a9d
000004ce
fffff3d0
00001eb9
0000128a
0000085a
00001b28
00001690
fffffa40
fffffba0
ffffff96
fffffe63
0000126f
00000fd1
fffff713
ffffefe1
fffff9a4
00000171
fffff9f7
fffff62c
fffff8e3
fffffc0e
fffffc4e
fffff84b
fffffa82
00000046
fffff74d
fffffc9c
00001c97
000011eb
00000500
fffffe33
00000b0e
00000010
fffff094
000023c4
00000c7a
fffffb05
00001934
000019ce
ffffebbc
fffff345
fffff722
ffffe455
fffff0ba
fffff381
fffff4d2
fffffe75
fffffe0e
00000787
000001e3
fffff911
fffff8dc
00000ce7
00000c2c
fffffe19
fffffa1f
fffffca5
fffff6f3
fffffa5e
000015cb
00000cd4
000003f1
00000311
0000070e
fffffb08
ffffeadc
00001d20
00000a62
fffff1f0
fffffffc
00000397
ffffed4f
ffffd9d6
ffffe1e6
ffffdb64
ffffe47b
ffffe628
ffffeb83
fffff75e
fffff367
fffffdab
fffff8fe
fffff650
fffff222
0000055f
00001e0d
000018f8
fffffe74
fffffd44
fffff558
fffffac5
000012bd
00000a0a
00000699
0000045e
00000c06
fffffecd
ffffe420
000010b6
00000729
ffffeeb8
0000000f
fffffbb8
ffffec0c
ffffdd61
ffffdfc6
ffffe3d6
ffffecc4
ffffedf4
ffffedc6
fffff596
fffff6ee
fffff9a5
fffff1d5
fffff6ca
fffff522
fffff786
00001207
00001fd6
00000401
fffff578
fffff0d8
fffff976
000010c6
000002a3
000007c6
00000ad6
000012e7
0000088b
ffffe477
00000700
0000066f
ffffe6af
fffffda0
fffffcc2
fffff653
fffff6b9
ffffecf7
ffffecc0
fffff550
ffffeb64
fffff564
00000237
fffffe0c
0000059a
fffffbf9
00000003
00000043
fffffbd1
00000668
00002097
00000d4d
ffffffa0
fffff53f
fffff868
000012aa
0000006a
000009bd
000007b8
00001455
00000fa9
ffffe8dc
fffffdd6
0000074a
ffffe5b1
ffffef76
00000c69
00000c42
000010f9
ffffff0d
00000bdb
fffffd9f
fffff624
fffff91b
0000047a
0000025e
00000d48
00000653
000006de
00000559
0000046b
00000a36
00001f32
00000849
0000023f
fffff884
fffff793
000012ef
000003c8
00000b8b
000004a1
0000123b
000010ad
fffff688
ffffebe6
00000229
ffffe9a3
ffffeb5e
000016bd
000018d9
00001ae3
000001ea
00001376
000006bc
fffffd2b
0000010a
0000064d
0000067f
00000faf
00000e49
000008b4
00000b1c
00000853
000009d1
00001dc5
0000033c
0000088d
fffffc3a
fffff518
00001534
00000565
00000d08
0000044e
00000eb8
00000b2a
000002de
ffffeb98
fffff84d
fffff50b
ffffeeea
000010d8
00000b30
fffffb46
fffffdea
0000025e
00000718
fffffc99
0000063a
00000717
000003c6
0000068f
000010a8
000009de
00000cbd
00000d59
00000b85
00001c92
fffffc31
000008aa
fffffda6
fffff4db
0000173f
00000510
00000df5
0000045f
000008de
0000031f
0000030f
fffff016
fffff153
fffff608
ffffe9a0
ffffec6e
fffff4f9
000001a0
ffffff11
ffffff52
00000621
00000204
00000805
0000083f
000000b2
000001b9
00000d31
00000e4a
00000baf
00000e44
00000911
00001b91
fffff4c6
000002c4
fffff9b2
fffff8a1
00001896
0000034b
00000b23
fffffdb0
00000342
fffffdf2
000001e2
fffffc5a
fffff46b
00000b64
fffff963
ffffda91
ffffdbc5
00000b3b
00000b41
0000067d
0000052c
000004e8
000001c8
0000090b
ffffffb9
ffffff01
00000478
00001423
00000da5
00000c83
00000716
00001b4f
fffff5df
fffffe68
fffff9b3
fffff999
00001e5b
000000c1
000006c6
fffff592
fffffb7c
fffffd38
0000033a
fffffda7
fffff50c
00000b30
000013e0
fffff343
ffffe450
00001eb6
00001b92
00001201
ffffff80
00000790
fffff6fd
fffffcd0
00000112
000006ac
000002db
000012d0
000015d3
000006c6
00000ad0
00001cea
fffff5ab
fffffc33
ffffed42
fffff701
00001c96
fffffd6d
000002d3
fffff4fe
ffffff0b
00000285
00000b13
fffffd3f
fffff06d
00000120
00000d05
00001a83
fffffd33
0000124d
000015be
00000e67
ffffffca
fffff468
ffffecb3
fffff57c
fffffdde
000016b0
00001305
00000d59
00000d78
00000002
000005c9
00001e19
00000254
fffffc4f
ffffe576
fffff8a6
00001ea0
fffffc55
000004a9
fffffeca
00000462
fffffcee
0000061b
fffffbd3
ffffe4a1
fffff967
fffff313
00001508
000004a8
000004cc
000004c5
000007f1
000017f7
fffffc94
fffff42e
fffff940
fffffd79
00000ae8
0000290f
0000182c
00001307
0000036f
00000460
000013e5
0000000e
fffff936
ffffe689
fffff97d
000023da
fffff85a
fffffda0
fffffb82
00000335
0000013b
0000005a
00000223
fffffa4b
00000322
ffffed69
00000e56
fffff90f
fffff966
fffff33f
fffffde1
00001dc4
000007fb
fffffa1b
00000220
00000297
000004d7
00001cc7
00002c4f
00002037
00001d1a
00000be5
00000678
0000007a
fffff2ed
ffffeaf1
fffffab4
00002554
fffffcd9
ffffff71
000001fd
00000aa4
ffffffea
00000291
000005fc
0000076b
00000456
ffffeeed
0000083f
00000092
fffff6a2
ffffe9b3
fffff65d
00000dce
000005cf
fffffb96
fffffc21
fffff699
ffffee2a
0000025a
00002121
00000e22
00000a22
00001bbf
00001529
00000fcf
fffff4c2
ffffe8cf
fffffc74
00001f8b
0000027d
fffffaf7
fffffa43
000017e1
00000aba
00000524
00000274
0000072b
00000522
fffff60d
00000a88
00000616
fffff4d2
ffffef73
0000016b
0000013f
000007cc
0000082e
fffffc47
000004f4
fffff662
fffff57a
00001c9c
000015f3
0000015a
000002e9
000001ec
00001c8a
fffffc8a
ffffe7b7
fffff994
000020d2
00000bec
ffffff7c
fffffab7
000011c2
000006a3
000000cc
00000449
0000051e
000000be
fffffe9e
0000043f
fffff6bd
fffff59c
ffffed80
0000035f
00000405
000007cc
00001505
00000420
0000004f
fffffb00
ffffe7a4
fffff5b3
00000f27
0000013d
00000025
fffffd7b
0000284c
00000221
ffffe635
fffffc67
00001935
0000065f
fffff273
ffffeec9
0000024b
fffff91f
fffffdde
0000096f
00000c4b
0000055c
00000566
ffffff9d
fffff531
fffff0b3
fffff616
00000058
fffff6fa
fffff8a3
00000bb1
fffffedf
fffff7a8
00000425
fffff3fc
fffff7ce
00000bb4
00000adb
fffffdd1
ffffed99
000013a3
fffffd46
ffffe1b7
fffffcf9
00000de0
00000531
fffff79c
ffffe7a7
fffff587
ffffed66
fffffee6
00000301
fffffaa3
fffff7ef
fffffd98
fffffede
00000306
000000bf
fffffca6
fffff837
fffff7a6
fffff724
fffff69c
0000002a
fffffd4e
00000255
fffffedc
000000a5
fffffe99
00000023
fffff89c
fffffb93
000003a6
00000685
ffffefd4
fffffe3f
00001964
00000529
00000441
fffffdf1
00000564
fffff954
fffffe71
000000b9
fffff582
ffffebac
fffff603
fffff96b
fffffd37
00000085
00000232
fffff84c
000000f8
fffffdcb
fffff83a
fffff8ad
fffffc13
00000277
fffffd9f
fffff8cc
fffff636
fffffe11
fffff282
fffff58f
fffff063
fffffd90
fffff542
fffff474
000005fd
fffff3e8
ffffed42
ffffe0f7
ffffd96f
ffffd99f
ffffde4a
ffffdea5
ffffe27e
ffffdade
ffffd44b
ffffdbb2
ffffe0a8
ffffdd9e
ffffdbe0
ffffd9c3
ffffdc35
ffffda0b
ffffd753
ffffde9f
ffffe24e
ffffe474
ffffe1cc
ffffdcee
ffffe947
ffffe8c6
ffffdef8
ffffdb9b
ffffe394
ffffec88
ffffdb74
ffffecec
ffffd791
ffffd6ec
ffffb632
ffffafa9
ffffb450
ffffb610
ffffbe31
ffffc101
ffffbf01
ffffaf63
ffffac21
ffffb915
ffffaf56
ffffaf94
ffffb619
ffffc096
ffffbaa8
ffffb055
ffffad81
ffffb5c1
ffffb081
ffffb9f2
ffffc1cd
ffffb63f
ffffafdb
ffffb51d
ffffb56b
ffffb212
ffffbb2a
ffffc00a
ffffae91
ffffbff5
ffffbbd6
ffffdca1
ffffbcb6
ffffbf00
ffffbf09
ffffc279
ffffc1b7
ffffc619
ffffae53
ffffbba1
ffffc272
ffffc9bc
ffffc649
ffffb6f9
ffffbf17
ffffc4cb
ffffc154
ffffc1d1
ffffbfcd
ffffbeea
ffffc3d3
ffffc918
ffffd349
ffffc635
ffffc1ee
ffffc554
ffffc859
ffffc31f
ffffc7bb
ffffcd4b
ffffc907
ffffcff3
ffffc194
ffffd038
ffffba3b
ffffb659
ffffbc46
ffffb65b
ffffb45a
ffffba1d
ffffbc6e
ffffced9
ffffebef
ffffe337
ffffcc17
ffffb0fe
ffffae17
ffffb64c
ffffc0cc
ffffbe03
ffffbc9f
ffffc134
ffffce17
ffffd3ad
ffffcb27
ffffc035
ffffbd76
ffffbfab
ffffc85a
ffffcea4
ffffc900
ffffc838
ffffc83a
ffffcaab
ffffbf1d
ffffd52b
ffffc2fa
ffffc1f3
ffffbcec
ffffab73
ffff9fad
ffffa519
ffffcc9c
ffffe291
000014f4
fffff65b
ffffd99f
ffffc155
ffffae12
ffffab79
ffffc4f5
ffffcd70
ffffc1d3
ffffc001
ffffcb4f
ffffcefe
ffffc5da
ffffc586
ffffca67
ffffc6b8
ffffc763
ffffcadf
ffffca3c
ffffc77a
ffffbaad
ffffc324
ffffbf02
ffffe0d0
ffffcd14
ffffc45d
ffffb842
ffffa28a
ffff930c
ffffa419
ffffdd23
0000149e
0000018f
ffffeb80
ffffd34f
ffffd861
ffffbdc8
ffffa563
ffffb1b6
ffffc7e0
ffffc560
ffffc9a8
ffffc7b9
ffffc088
ffffc334
ffffc770
ffffce41
ffffcde1
ffffc765
ffffc668
ffffc905
ffffca05
ffffbd3a
ffffc8a2
ffffbd6a
ffffdfba
ffffc941
ffffb52c
ffffa5b8
ffffaaf8
ffffa3c1
ffffbd50
ffffda1d
ffffff7f
ffffe4c6
ffffd899
ffffb994
ffffc170
ffffc579
ffffb130
ffffb379
ffffbc49
ffffb5e7
ffffb4f0
ffffac48
ffffaabc
ffffb6e8
ffffb931
ffffc7f5
ffffc513
ffffadb6
ffffb51b
ffffbfb6
ffffc249
ffffad41
ffffc805
ffffb674
ffffdeaa
ffffd70e
ffffbc6e
ffffbeff
ffffc2f5
ffffbd6a
ffffb405
ffffc03d
ffffbc7c
ffffa0d0
ffffb596
ffffb381
ffffb083
ffffaec7
ffffaa36
ffffa494
ffffbe1a
ffffc118
ffffb1aa
ffff9e9b
ffffa7a0
ffffa766
ffffb0d9
ffffcc0a
ffffcb93
ffffb8ed
ffffb3e8
ffffc69b
ffffbc15
ffffafd9
ffffd2de
ffffbed1
ffffcb8d
ffffc8b4
ffffb433
ffffcf4a
ffffec7f
fffff1f1
ffffd4f3
ffffa447
ffff924c
ffff8212
ffff7e07
ffff98e4
ffffb4d7
ffffab26
ffffb7d7
ffff923c
ffff9cef
ffffba3d
ffffc4e4
ffffb0dc
ffffb9be
ffffaefe
ffffbb19
ffffc87d
ffffc856
ffffc674
ffffc2a7
ffffd318
ffffc9c0
ffffc87d
ffffee0a
ffffe6a5
ffffc625
ffffc6c1
ffffba4f
ffffc713
fffff73f
ffffeadd
fffff011
ffffd8ff
ffffb405
ffff73e9
ffff5b99
ffff8db3
ffffb4b9
ffffbf6b
ffffae8b
ffffa9c6
ffff9d3b
ffffb3d0
ffffc182
ffffad78
ffffbd65
ffffc796
ffffc5c7
ffffc06b
ffffcc7a
ffffcd32
ffffc78f
ffffcefd
ffffcc41
ffffc49e
fffff566
00000284
ffffe06a
ffffd8c6
ffffc5de
ffffcc3f
ffffcc57
ffffe2f8
ffffd371
ffffeae0
ffffb99e
ffffa0aa
ffff802b
ffff9f8c
ffffb9aa
ffffd632
ffffc3d6
ffffb6c8
ffffd3b5
ffffc81f
ffffc1cc
ffffc708
ffffd224
ffffe00a
ffffd672
ffffd02e
ffffd7b0
ffffda42
ffffe17a
ffffdfd7
ffffe004
ffffdc3e
fffff2cc
fffff90b
ffffe7fa
ffffd91a
ffffc3c0
ffffcffb
ffffb833
ffffc9cf
ffffd9a1
ffffce97
ffffbb9f
ffffc6d1
ffffbff9
ffffb051
ffffb8b9
ffffaab9
ffffa8ee
ffffda33
ffffea8e
fffff38d
ffffdecb
ffffd62a
ffffd79d
ffffcd37
ffffc3f1
ffffc806
ffffcaf3
ffffc973
ffffc97b
ffffd225
ffffd94d
ffffdd32
ffffeac1
ffffdd0e
ffffeb22
ffffd4e6
ffffbd05
ffffcb4c
ffffbcf9
ffffb859
ffffc165
ffffabbd
ffffb9ee
ffffe182
ffffdd5b
ffffc2e5
ffffaa2a
ffff8d10
ffffaad8
ffffe394
ffffea98
ffffe4ed
000003ff
00000481
fffffacf
ffffe24f
ffffd4ec
ffffe133
ffffd06b
ffffc0d7
ffffb5b8
ffffb3e6
ffffc9ac
ffffd3bb
ffffd9b5
ffffd561
ffffe59e
ffffce4f
ffffb7b6
ffffc195
ffffb484
ffffad76
ffffae99
ffff9683
ffff9ccd
ffffc1b7
ffffd43c
ffffb819
ffff8993
ffff8cce
ffffa2a2
ffffc339
ffffdd02
ffffe294
ffffdac5
ffffea7b
ffffe57c
ffffdc2f
ffffcff3
ffffd8fc
ffffdd8a
ffffdfe3
ffffd7f8
ffffbb09
ffffb952
ffffb8fd
ffffcdf0
ffffd4b4
ffffdd62
ffffc27d
ffffbbe6
ffffc603
ffffa79e
ffffa529
ffffa807
ffff8d78
ffff931e
ffffb594
ffffc7f8
ffffbd4b
ffff8a35
ffff9604
ffffb1e2
ffffb8ce
ffffbd04
ffffc210
ffffce1c
fffff2d8
fffff39e
ffffdef8
ffffd42b
ffffc537
ffffbd00
ffffd022
ffffde08
ffffd65e
ffffb762
ffffb7e6
ffffcbae
ffffd4f2
ffffd8aa
ffffb62c
ffffb8fa
ffffbe04
ffffa98d
ffffa37a
ffff996d
ffff8133
ffff9082
ffff9a47
ffffa05b
ffffa16e
ffffae35
ffffaae1
ffffbff5
ffffb763
ffffbce4
ffffbba2
ffffcb7a
ffffd8f9
ffffc2b9
ffffc2aa
ffffc42b
ffffc845
ffffce9d
ffffc7e5
ffffb619
ffffc7ba
ffffbc52
ffffb73c
ffffda44
ffffd1e1
ffffd5e6
ffffb644
ffffb8a3
ffffb67d
ffffa73b
ffffa3be
ffff9aae
ffff88df
ffff8ed7
ffff985b
ffff9854
ffffab05
ffffab69
ffffbb93
ffffc149
ffffc96d
ffffbeef
ffffbcd9
ffffca1f
ffffd128
ffffc845
ffffbfa2
ffffba76
ffffc126
ffffb640
ffffbd1b
ffffaa31
ffffb61b
ffffc068
ffffb81e
ffffd9b5
ffffcc41
ffffdae5
ffffba64
ffffb48d
ffffb618
ffff9f2d
ffff9fc9
ffffa075
ffff913a
ffff8ac0
ffffa5cd
ffffb8cd
ffffb9d4
ffff9c55
ffff9b5f
ffffb3fa
ffffc7f9
ffffc7b6
ffffce27
ffffcb67
ffffc988
ffffc9b6
ffffc843
ffffc60a
ffffccca
ffffbd0a
ffffaf08
ffffa9d9
ffff9df8
ffffa9f7
ffffbdaf
ffffd3bc
ffffc94c
ffffe0de
ffffc040
ffffb595
ffffb549
ffffa582
ffff9b87
ffff9cd1
ffff89d0
ffff830f
ffffa9c1
ffffcfda
ffffc7fc
ffffa984
ffff8a24
ffff910b
ffffbc43
ffffca39
ffffd023
ffffce46
ffffcbd8
ffffc861
ffffcbb5
ffffcc7d
ffffd161
ffffc278
ffffb93c
ffffaf2a
ffffa71e
ffffa7b3
ffffb935
ffffd20a
ffffc3a4
ffffdfec
ffffc3a7
ffffc656
ffffc14a
ffffadf1
ffff9d27
ffff9bff
ffff97f4
ffff8992
ffff97d3
ffffc08f
ffffb75e
ffffa2b5
ffff94e9
ffff7835
ffff896d
ffffbedc
ffffc54d
ffffc568
ffffc91a
ffffc59c
ffffcc11
ffffc53c
ffffc448
ffffbda5
ffffc2fe
ffffb56c
ffffa5ca
ffffa345
ffffb737
ffffd02f
ffffbf36
ffffe51a
ffffc24f
ffffc9de
ffffc2f5
ffffb73a
ffffa2c1
ffff8bed
ffff9d7e
ffff9f9c
ffffa1ce
ffff90d9
ffffa562
ffffaa9c
ffffa4d0
ffff9e29
ffff8017
ffff9a27
ffffadde
ffffb7ef
ffffc272
ffffc2ef
ffffcec0
ffffc3a2
ffffbd7c
ffffbd1a
ffffbfa4
ffffc0a6
ffffa719
ffffaecc
ffffb9a0
ffffdc13
ffffc586
ffffe3ff
ffffc2dd
ffffbf64
ffffb8c9
ffffb1f4
ffffa5eb
ffff8e33
ffff96cf
ffffbade
ffffc803
ffffa7a5
ffff9d75
ffffbf23
ffffbbd2
ffffc301
ffffa7dd
ffff918d
ffff89a9
ffffa536
ffffbaed
ffffc6a6
ffffcec6
ffffc4f2
ffffc2db
ffffbce0
ffffbd31
ffffbbff
ffffa694
ffffafef
ffffb496
ffffd72e
ffffc826
ffffe330
ffffc362
ffffbc7b
ffffbd3e
ffffbbd7
ffffb70a
ffffab00
ffff9e5f
ffffba79
ffffcee5
ffffdbe8
ffffc5a5
ffffb9f8
ffffb167
ffffcc6e
ffffb50d
ffff8b12
ffff7d9b
ffff7c5d
ffffa38d
ffffc4e9
ffffc285
ffffbc51
ffffbc48
ffffb89a
ffffbab3
ffffbb0b
ffffa91d
ffffb1f4
ffffb535
ffffd083
ffffcac1
ffffdc98
ffffc179
ffffba9d
ffffbc98
ffffc14f
ffffc0e3
ffffbf65
ffffbc83
ffffaa3a
ffffc43f
ffffda0c
fffff4d4
ffffe1c6
ffffbcc5
ffffb9b1
ffffb53a
ffff94fd
ffff9487
ffff8ba1
ffffba33
ffffcd07
ffffcf05
ffffb32c
ffffb7d1
ffffb144
ffffb2ee
ffffb185
ffffaa46
ffffbd69
ffffb59b
ffffd491
ffffd13e
ffffd109
ffffbe54
ffffbca5
ffffce91
ffffc7d5
ffffd14e
ffffd887
ffffdaaf
ffffd0e7
ffffc9f2
ffffc93e
ffffe623
ffffe373
ffffbcdb
ffff982d
ffffae91
ffffa1d7
ffffb5af
ffffa737
ffffc414
ffffcea2
ffffd9a2
ffffc09a
ffffbde4
ffffc431
ffffb3ef
ffffa86b
ffffa95a
ffffc3fc
ffffc022
ffffd325
ffffe038
ffffd8a1
ffffcc8b
ffffcc0e
ffffdd57
ffffdb40
ffffe3ac
ffffe7a5
ffffe843
ffffe1e5
ffffd57c
ffffc38a
ffffbf09
ffffce18
ffffbac6
ffff9ed7
ffffbbb6
ffffb19d
ffffc6e7
ffffc5cc
ffffc575
ffffd2d1
ffffd1fd
ffffcad3
ffffc21b
ffffccfe
ffffbcd4
ffff9b46
ffff9924
ffffb343
ffffb6de
ffffd28a
ffffec60
ffffd385
ffffbf5d
ffffca3e
ffffe0ce
ffffedc4
ffffde30
ffffcdc0
ffffd38e
ffffcff4
ffffcc65
ffffb6fc
ffffb1ee
ffffaa94
ffffc973
ffffc667
ffffcf6a
ffffc041
ffffc877
ffffdd6e
ffffde02
ffffdd4d
ffffdd3d
ffffc323
ffffb3f4
ffffca46
ffffb6cc
ffff98d0
ffff9cfc
ffffbf3d
ffffca42
fffff8b7
ffffef8f
ffffd7f5
ffffc770
ffffcb18
fffff117
fffff0d8
ffffd764
ffffcfd4
ffffd12d
ffffd120
ffffd359
ffffcf80
ffffbf4e
ffffa0da
ffffd636
ffffc3b6
ffffe2f5
ffffb922
ffffc9ba
ffffdee5
ffffe051
ffffd7e2
ffffccda
ffffc19b
ffffc14d
ffffd6aa
ffffb872
ffffc662
ffffb8fc
ffffc326
ffffcbc5
00000028
ffffecfe
ffffd92b
ffffc9f5
ffffc1bf
ffffe828
fffffacd
fffff031
ffffe368
ffffd031
ffffcac7
ffffc7ce
ffffdf25
ffffe461
ffffcdd7
ffffcb2b
ffffd22a
ffffdbd4
ffffd398
ffffd1c1
ffffe287
ffffdcb0
ffffe3df
ffffd34c
ffffb5e2
ffffdc69
ffffdd4e
ffffcb14
ffffd4d2
ffffcb91
ffffc0f5
ffffc850
fffff6b7
ffffdfe5
ffffd5af
ffffc5a2
ffffb70f
ffffcf7d
ffffdee3
ffffe964
ffffe884
ffffd264
ffffbf56
ffffd6e4
ffffe595
ffffee86
fffff145
ffffdafc
ffffc538
ffffb98b
ffffbe33
ffffd625
ffffd69b
ffffd89c
ffffe250
ffffea5b
ffffe20f
ffffddbc
ffffd25b
ffffe51b
ffffe8d5
ffffecb2
ffffe2f9
ffffd834
ffffe67d
ffffed8a
fffff01e
ffffddce
ffffea3b
ffffedc4
fffffad6
fffff45c
fffff728
fffffaae
fffff184
fffff837
00000ddb
00000944
000009ed
fffff44c
ffffee9c
ffffe628
ffffe591
ffffeb21
fffffe4c
fffff7e4
fffff946
ffffff2e
fffffd85
fffff6e9
000002b0
00001375
fffffcfb
00000196
fffff81e
fffff33b
000000f6
fffff921
00000455
0000049d
000004d2
00000b63
0000107e
00001e00
00001b12
0000178d
00001b1c
000013db
00002442
00001e9d
00001a6c
00001127
00001369
0000067e
00000766
00001197
00001caf
00001cf1
00001284
00001799
0000250f
00002606
000024b5
00002260
00001b19
00001b66
00001a1f
00000964
00001c0e
0000191c
0000002a
00000718
00000143
fffffd1d
fffffe01
fffffe6e
000000ce
000000c6
fffffe3e
fffffd0d
fffff780
fffff3bf
ffffffd3
000004d0
00000324
0000009c
000003d7
00000578
fffffa42
fffff750
00000141
000000c9
fffffeff
fffffd45
00000260
fffffb0b
fffffca1
ffffffe0
00000ad3
00000ec5
fffff944
fffff116
ffffe411
ffffe958
ffffe7db
ffffe654
ffffe0a7
ffffe4f5
ffffeae8
ffffde96
ffffe17d
ffffdec0
ffffda59
ffffdcea
ffffe995
ffffe8b8
ffffe293
ffffe19a
ffffebca
ffffeed5
ffffdb5e
ffffd378
ffffe1c1
ffffdf61
ffffdb67
ffffe2f3
ffffe83b
ffffe719
ffffe500
ffffe29b
ffffe9ff
ffffecb2
ffffdf4c
ffffdf25
ffffe94f
ffffeb32
ffffe74e
ffffe44b
ffffe6ff
fffff04e
fffff8a7
ffffefd8
ffffe993
ffffdcb6
ffffe33d
ffffebef
fffff04b
ffffe755
ffffe166
ffffe1a9
fffff450
fffff138
ffffdc91
ffffcf2c
ffffd708
ffffe195
ffffe35b
ffffe217
ffffe97a
ffffeb0d
ffffebfd
ffffea30
ffffe67f
ffffecec
ffffd9bd
ffffd88c
ffffe514
ffffe88c
ffffde30
ffffe055
ffffdfd6
ffffefb5
000015eb
fffffb4b
ffffdae7
ffffbc9c
ffffd179
ffffe806
fffff205
ffffe1a9
ffffda2a
ffffe351
fffff0c9
ffffe921
ffffe40a
ffffda55
ffffe618
fffff957
fffff330
ffffe3c8
ffffe14b
ffffe024
ffffe6da
ffffe57f
ffffe63b
ffffedb1
ffffdd15
ffffd597
ffffe155
ffffdd08
ffffd864
ffffe1a6
ffffe099
ffffeb43
ffffd483
ffffe099
ffffc9b4
ffffbe12
ffffc7ab
ffffcb74
ffffdc78
ffffe285
ffffd540
ffffd4db
ffffd694
ffffd60d
ffffe580
ffffeeaa
fffff5ca
fffff6c8
ffffe9a0
ffffd9bf
ffffdef1
ffffe1a4
ffffe3b0
ffffe2b9
ffffe2ad
ffffeec3
ffffddf0
ffffd799
ffffd855
ffffd1bd
ffffc778
ffffdfd3
ffffefc8
ffffe93b
ffffb5c1
ffff9318
ffff96c0
ffffd2d2
ffffddcd
ffffd453
ffffd51b
ffffd143
ffffcf35
ffffcab6
ffffc646
ffffc878
ffffe324
fffff47f
ffffec1a
ffffe108
ffffd520
ffffd6eb
ffffdde7
ffffe84d
ffffe5d4
ffffe2d9
ffffdebf
ffffe775
ffffd9b5
ffffd776
ffffd8c0
ffffcfb7
ffffc45f
ffffd4e1
ffffe1c5
ffffd73d
ffffa2e5
ffff9249
ffffb95f
ffffcb16
fffff998
fffff7f5
ffffd552
ffffd784
ffffda8c
ffffd496
ffffca9d
ffffc590
ffffd5ec
ffffd7ce
ffffc9c5
ffffc896
ffffc136
ffffca76
ffffd330
ffffcf97
ffffd596
ffffcdf3
ffffc637
ffffd00e
ffffc76a
ffffcf2a
ffffda5f
ffffec0d
ffffe28b
fffff546
ffffdc7d
ffffbaeb
ffff959d
ffffc923
ffffe7c8
ffffde88
00000017
0000022e
ffffd9da
ffffeae8
fffff623
ffffe2e7
ffffe4d2
ffffd8af
ffffdf81
ffffddff
ffffd049
ffffd0b5
ffffd7ab
ffffe073
ffffe0bb
ffffdf3e
ffffdbd1
ffffd911
ffffdaa4
ffffe28d
ffffd7b6
ffffdd2f
ffffe815
fffffbb9
ffffefd7
00000709
ffffd774
ffffb565
ffff8e70
ffffa704
ffffca82
ffffe289
ffffff33
ffffeda9
ffffd127
ffffe7d9
fffffd39
ffffeb8d
ffffe8bc
fffff326
ffffffc4
000006a3
fffff79a
fffffa54
fffff35a
fffff1d5
fffffec3
0000019b
fffffa5d
fffffdb3
fffffe1f
0000025e
fffff7ba
fffff1af
ffffd5f3
ffffe721
ffffdf6b
ffffe44a
ffffc986
ffffafd9
ffffc2c1
ffffcfe8
ffffda19
000010a5
fffff803
ffffc490
ffffc57d
ffffdc88
ffffdd60
00000398
fffff868
ffffe840
fffff865
fffff4e1
ffffeb88
fffff2e6
ffffe8f8
ffffdfa9
ffffe4c3
ffffe799
ffffe6a9
ffffe9a5
ffffefab
ffffed1f
fffff2c8
ffffead1
ffffd195
ffffdfe8
ffffd683
ffffdca9
ffffc311
ffffb9af
ffffd64f
ffffd8c3
ffffed54
00000ff7
ffffe971
ffffb28d
ffffc60a
ffffcb07
ffffd496
ffffef34
fffffe2b
ffffd856
ffffdac1
ffffd77a
ffffca25
ffffd9cb
ffffe4ed
ffffe0bb
ffffdfa8
ffffd98b
ffffd741
ffffdb59
ffffdc49
ffffde23
ffffccf0
ffffd13a
ffffd08e
ffffe584
ffffc9ff
ffffdbfd
ffffcbc9
ffffb681
ffffcca8
ffffd596
ffffe2d3
ffffe7fa
ffffd517
ffffca2f
ffffe19f
ffffc76a
ffffc4e8
ffffc7bf
ffffc552
ffffc6c3
ffffb658
ffffc81a
ffffd52e
ffffdb7e
ffffe1e0
ffffe367
ffffdc20
ffffda63
ffffd75f
ffffdb45
ffffdb66
ffffd876
ffffc258
ffffc840
ffffda33
fffff16b
ffffd197
ffffe352
ffffe140
ffffce24
ffffb29b
ffffbd09
ffffdf8b
ffffe037
ffffd6db
ffffd13c
ffffe4f8
ffffd15b
ffffaaeb
ffffa0a2
ffffa356
ffffb276
ffffc2c8
ffffc563
ffffb9ad
ffffb3d7
ffffbc4b
ffffbbe6
ffffc13b
ffffce3f
ffffd6db
ffffd06b
ffffced9
ffffd733
ffffc73f
ffffd3c2
ffffd87e
fffff546
ffffd9d7
ffffe4d7
ffffe2e5
ffffdb8a
ffffbbb0
ffffb6ff
ffffd94d
ffffe73c
ffffe1af
ffffc791
ffffd14b
ffffcb73
ffffb37e
ffff9dbe
ffffa9be
ffffbb56
ffffc183
ffffb8e1
ffffaef5
ffffa1d7
ffffa020
ffffa5e4
ffffafa1
ffffc64c
ffffd7b9
ffffcc9a
ffffd7c6
ffffe179
ffffd747
ffffe0da
ffffd4b0
fffff31b
ffffdb98
ffffdc8f
ffffdbe9
ffffd40b
ffffad12
ffffb26b
ffffe17c
ffffe684
ffffe94f
ffffe630
ffffdaca
ffffbdc3
ffffc729
ffffbd4d
ffffc6f3
ffffd2d5
ffffd362
ffffca61
ffffc272
ffffb44a
ffffb90a
ffffaaa6
ffffae6a
ffffc122
ffffe034
ffffd8ed
ffffd462
ffffe0e4
ffffd2b0
ffffd8a8
ffffd7e2
ffffe858
ffffcf96
ffffd6c3
ffffde74
ffffd477
ffffb0c9
ffffb528
ffffdd74
ffffe8ea
ffffe0c8
fffff2ab
ffffd249
ffffb5a2
ffffc3a3
ffffd821
ffffe5c7
ffffe2fd
ffffdbac
ffffddff
ffffcd02
ffffcf76
ffffd27b
ffffc845
ffffd399
ffffe311
ffffe6ce
ffffd89c
ffffd8a7
ffffdf3f
ffffcc07
ffffd300
ffffdd31
ffffe875
ffffd543
ffffd7e0
ffffddef
ffffd791
ffffb63e
ffffbb06
ffffcf78
ffffd7c8
ffffe1b2
ffffe30e
ffffdac6
ffffdda6
ffffe148
ffffec4c
ffffe999
ffffe23e
ffffdcc6
ffffd68c
ffffe0b1
ffffe285
ffffe266
ffffe149
ffffda63
ffffdd03
ffffe409
ffffd8fe
ffffd39d
ffffde08
ffffcc31
ffffd5a3
ffffe18a
ffffe736
ffffd3ca
ffffdb2b
ffffd913
ffffd82b
ffffb8e1
ffffba50
ffffc63e
ffffdaf0
ffffdd93
ffffd4b0
fffffed8
00000d9b
ffffffd5
fffff1b2
ffffe829
ffffe363
ffffe6e0
ffffdf97
ffffe39a
ffffe3a9
ffffe2db
ffffe887
ffffe6b1
ffffe0ef
ffffe69b
ffffcfc1
ffffd7b8
ffffe5d2
ffffcf7f
ffffd62a
ffffe5b7
ffffec2d
ffffdbc0
ffffe2c6
ffffdc20
ffffdcf1
ffffbe75
ffffad3e
ffffcc09
ffffd782
ffffdbc3
ffffc463
ffffe4b9
000009af
fffff56a
ffffef48
ffffe354
ffffe491
ffffde2b
ffffe243
ffffe6e8
ffffe7c4
ffffe649
ffffe7ad
ffffe64c
ffffe634
fffff039
ffffd60b
ffffe269
ffffe395
ffffd1a8
ffffd4f2
ffffdeee
ffffe643
ffffdcb3
ffffdfa5
ffffdc43
ffffe0f3
ffffc5dd
ffffafe6
ffffbf5d
ffffcc78
ffffcc20
ffffb970
ffffc0f8
ffffdf41
ffffcc75
ffffd1f7
ffffe00b
ffffe4f1
ffffe0de
ffffe2fd
ffffe0f1
ffffdedb
ffffe4ff
ffffe63e
ffffe68f
ffffe9cc
ffffed60
ffffd94c
ffffdaa3
ffffddb3
ffffd160
ffffd72d
ffffe40b
ffffe73a
ffffe0fa
ffffe3da
ffffe3a2
ffffdf63
ffffd0db
ffffb6a8
ffffaed9
ffffc13a
ffffb730
ffffb849
ffffcab5
ffffbc72
ffffc27e
ffffd912
ffffda22
ffffdeed
ffffe295
ffffdeea
ffffdf92
ffffda53
ffffe376
ffffe274
ffffe394
ffffe82b
ffffec73
ffffe033
ffffe0bd
ffffde46
ffffd939
ffffdd49
ffffe0e2
ffffe934
ffffe470
ffffe3b6
ffffe194
ffffe38c
ffffe16e
ffffcd82
ffffb548
ffffbbdc
ffffcc03
ffffd395
ffffc9e8
ffffc3bf
ffffd85b
ffffe90d
fffff65a
ffffe90e
ffffe2f3
ffffe580
ffffdcec
ffffe246
ffffee86
ffffed30
ffffe90d
ffffe93b
ffffeb8f
ffffdf9d
ffffe0ae
ffffe2ed
ffffdee3
ffffe39f
ffffe465
ffffecb9
ffffe181
ffffe698
ffffe436
fffff677
fffff262
ffffe66f
ffffd56a
ffffcb7c
ffffddb6
ffffd76d
ffffcdcd
ffffc91a
ffffcf69
ffffd182
fffff2f9
fffff67f
ffffe772
ffffe787
ffffd3e9
ffffd2bd
ffffe571
ffffebde
ffffe4f3
ffffe8e8
fffff042
ffffe876
ffffe3c1
ffffdbed
ffffdf27
ffffe073
ffffeb4c
ffffece6
ffffece0
fffff4ce
fffffd09
000002f0
fffffcbc
ffffe8ff
ffffe2ad
ffffd7a1
fffff8cd
ffffe8d9
ffffd049
ffffd219
ffffd3f0
ffffd1b7
ffffe3b6
ffffe757
ffffe4ae
fffff917
ffffee45
fffff326
fffff43a
fffff1e4
ffffe617
ffffeb96
00000168
ffffef9b
ffffe171
ffffdf88
ffffdb4f
ffffde0e
fffff248
fffff0c5
ffffeae3
ffffead7
ffffef63
fffff1ed
ffffe3f6
ffffc659
ffffc938
ffffc82c
fffff069
fffffefe
fffff187
ffffefc5
ffffda7f
ffffe6b5
ffffe340
ffffd7a2
ffffdc27
ffffec02
ffffe6b6
000002a5
000016b4
00000c4d
fffff167
ffffe7a1
00000374
ffffe962
ffffe709
fffff008
ffffe9b5
ffffe6fa
fffff01f
ffffefa2
ffffe9e9
ffffe94e
ffffe157
ffffdbc8
ffffd700
ffffd551
ffffd128
ffffd25b
ffffcd2d
ffffbea9
ffffda23
ffffe778
ffffdf78
ffffec6f
ffffe9ec
ffffcc5b
ffffcdf1
ffffccbf
ffffc131
ffffc4cf
000005dd
00001b7e
00000d0a
00000dba
00000260
ffffd187
ffffcaa4
ffffe6db
ffffdfed
ffffdf7f
ffffefe1
fffff369
ffffe34c
ffffeba8
ffffe482
ffffe705
ffffe9d5
ffffee25
ffffe1fa
ffffdfa9
ffffcc89
ffffafc9
ffffbde8
ffffca3a
ffffd2b3
ffffdf1b
ffffe1c9
ffffc7ab
ffffb9bf
ffffc4dc
ffffd14c
ffffd8bc
fffff34e
00000a05
ffffe7a9
00000b7f
00000ea1
ffffce00
ffffbd58
ffffc15f
ffffbb35
ffffc6f9
ffffe0a4
ffffebdc
ffffcec8
ffffde19
ffffd875
ffffe132
ffffeae1
fffff58a
ffffee3f
ffffe875
ffffdd3b
ffffc746
ffffc177
ffffbd0d
ffffc0f8
ffffbdb7
ffffbd83
ffffb610
ffffcf92
ffffdce5
ffffccac
ffffd181
ffffda5a
ffffd235
ffffbba9
ffffd3ee
fffffd40
ffffdc47
ffffd1bf
ffffc5ab
ffffbefb
ffffcd08
ffffe8d7
fffff45a
ffffd61e
ffffdadd
ffffdd97
ffffdd6c
ffffecee
fffff398
fffffb4b
ffffec07
ffffe32c
ffffce1a
ffffc7dc
ffffc011
ffffbe51
ffffba27
ffffbb85
ffffc8ab
ffffd763
ffffe407
fffff873
fffffd48
fffff7cb
ffffd9eb
ffffc308
ffffc462
ffffdacc
ffffdd40
ffffefc6
ffffddbd
ffffd58d
ffffd573
ffffe858
fffff497
ffffdb6a
ffffe0b6
ffffec53
fffff50c
fffff5af
ffffec1c
ffffe722
ffffdf91
ffffd782
ffffc256
ffffbf7b
ffffc4d8
ffffcd88
ffffe6ef
ffffdcf8
ffffd6e3
ffffdd3f
ffffe316
ffffe716
fffff376
ffffe299
ffffcd68
ffffd26e
ffffce8f
ffffb7c4
ffffc212
ffffdc2d
ffffda2f
ffffca13
ffffda24
ffffd3d3
ffffde67
ffffcf32
ffffd649
ffffd57b
ffffcba1
ffffc4bf
ffffd9df
ffffd597
ffffd868
ffffd5fe
ffffd9da
ffffd9c0
ffffcf5e
ffffd05c
ffffd95f
ffffdddd
ffffd0cc
ffffe029
ffffd744
ffffd0d8
ffffcfb1
ffffc959
ffffbbbe
ffffd2da
ffffc81a
ffffc143
ffffbaf4
ffffcbf4
ffffcd4b
ffffc2f4
ffffcd08
ffffd4a5
ffffe1c7
ffffd904
ffffd2de
ffffce1a
ffffcb98
ffffcb4f
ffffd007
ffffd4eb
ffffd22d
ffffd4f4
ffffdfbb
ffffe0e2
ffffdf32
ffffd3cc
ffffd0e7
ffffcfbb
ffffd0ab
ffffcef9
ffffda4b
ffffdf0e
ffffd61a
ffffccc7
ffffd408
ffffd83d
ffffd39f
ffffcca9
ffffcf20
ffffd570
ffffd96e
ffffcd53
ffffd5bd
ffffefa1
ffffee2d
ffffeb7d
ffffee01
ffffeabc
fffff7c7
fffff72a
fffff475
fffff42d
fffff17e
fffff4b7
ffffef7a
fffff3eb
fffff582
ffffef84
ffffeb5b
fffff27c
fffffc86
ffffed33
ffffde61
fffff079
fffff70c
ffffe844
ffffe5e0
fffff638
ffffee6d
ffffe892
ffffe652
fffff1a4
000002d8
00000029
fffff01f
00000952
00001e37
00001fb4
000016f4
00001621
00001e6f
00001a7d
00001bb3
000021b7
00002105
00002b03
000024c9
000031ea
000029ea
00002405
000026ba
00002eea
000037a7
00002385
00001862
00002902
00003470
000017c1
0000101a
00001ebf
00001838
00000e14
0000164d
00002286
0000306d
0000200c
00000064
000001ac
0000176f
0000163c
0000130d
000006ff
00000074
ffffe8c2
fffffb71
00000e82
0000178a
00001b09
00000df5
00001879
00001978
000010c8
000011a2
00001d9e
000024a5
00001783
0000083a
00002079
0000294e
00001c70
00000f5f
000017c1
00000f00
00000759
00001241
000015a8
000020ad
0000183e
fffffc92
000007e0
0000154f
00001265
00000b7e
fffff48b
ffffd45b
ffffd582
ffffee85
00000bb1
00000c72
00000807
000000f0
00000c05
00000f34
fffffe84
000001dd
00000607
00000e3d
000001b6
00000491
00001cd6
00002ace
000018a0
000011fe
00000edb
00000ecf
00000876
00001147
000005af
00001387
00001489
fffff6b0
00000972
00000fcd
00000fae
000013c2
fffffd94
ffffde98
0000078a
000023c1
00001329
fffff9a9
00000308
fffff72e
00000afc
00000e81
0000025a
00000334
00000369
fffff9e8
fffffa3a
00000f20
00002c04
0000272e
000016f8
00000937
00000d72
000013ac
00000eaf
00000f31
00000159
0000109e
0000168b
fffffdd2
00000ad4
0000144c
000008ff
0000050f
fffff788
fffffcf9
00001373
00001551
00000b4d
00000271
0000054d
fffffb7c
ffffff07
000003cc
fffffc1c
00000da6
00000d6d
00000278
00000035
0000145f
00001b7c
000013bb
000005c7
00000257
00000de6
00000ba1
00000c56
00000dd4
00000a2a
000014f9
00001bb1
000000c5
00000eb4
00001df1
000009d2
ffffee5f
ffffebf9
fffff436
fffff519
00001847
000012a8
000009e4
ffffff7f
ffffec4d
fffff84f
00000683
fffffa71
00001667
00001288
000005c4
0000090b
000013e5
00000d9c
0000028f
fffffe73
00000415
00000e7a
00000b7e
0000098f
00000318
000007c9
000013ba
00001137
0000015e
0000108e
00002e2e
00001e20
000005af
ffffed54
fffff742
000000e8
0000152f
000011c5
fffffaf5
fffff262
ffffe3e4
ffffd9ab
fffff1de
00000903
00001f89
00001509
fffffc03
00000642
00001db2
00001834
00000e0a
00000804
000003e9
00001484
00001917
0000110c
000004cf
00000bf5
0000140d
00000a1b
00000940
000007d4
00001e86
000011c3
00001575
00001c90
000025b9
00002117
00001efa
ffffefd7
ffffe2f8
ffffe376
ffffe45f
ffffbeb9
ffffde40
ffffed0e
00000ba3
00000bfc
0000047e
000015ee
0000299b
00002941
0000210a
00001a90
00001008
00001a1c
00001ecc
00001d81
0000168a
000015ff
00001ed6
00001326
00000b8e
00001001
000017c1
fffffec8
000003da
000011ef
0000265f
00004fee
0000288d
ffffe405
ffffeffd
00000b11
ffffe401
ffffcd34
ffffe496
ffffdd1d
ffffea5a
fffff961
fffffdea
000017fb
00001ea1
00001449
00001a66
00001d25
0000160f
000014dc
00001345
000013d2
00001349
00001abb
00001be4
00000c9c
0000064d
00001468
00001b46
0000009a
fffff71d
fffffc65
fffffde2
00001d4e
00001f46
00000563
00001f3c
0000289b
000004a1
fffff4a9
ffffe85e
ffffdae5
fffff408
fffffc41
ffffe1d3
ffffec87
fffffda5
fffff3a6
00000645
00001d86
00001797
0000146f
00000f54
00000eb2
00000dc3
0000118d
00000f2d
ffffffc1
fffffb54
000014e2
000017d1
000002c7
0000031b
ffffec25
ffffe6c6
fffff30b
fffffaec
00001ff9
00003aba
00002c33
00001351
0000136a
ffffeb03
ffffdf11
fffffbb3
00002847
00000930
fffff2cd
fffff5b7
ffffe9ea
ffffe777
fffff46a
fffff506
000004ea
000006fe
00000bde
00000e7c
00000dcb
000005fa
fffff958
fffff9e4
00000d39
00000ecb
fffff95d
fffff997
ffffef60
ffffdfe7
ffffde44
fffff2d0
00002670
00002cdd
00002b6c
000012c6
0000022a
fffff5e6
ffffe909
fffffe1a
0000396c
00002c0d
00000edd
00000826
000007ad
000002eb
000000d7
fffff0d2
fffff4ed
fffff935
fffffb8d
fffff484
fffff7a4
fffff9de
fffff718
fffff2a1
00000eeb
0000027e
fffffaf7
fffff804
fffff3ed
ffffe898
ffffd80d
fffff0bb
00001f43
00001179
00001205
00000d97
ffffff4a
fffff895
ffffef0d
000005c9
00001e99
00001d4f
00001552
00001a05
00001079
00000f4d
000017cb
0000099d
00000060
00000465
fffffbfa
fffff553
fffff7f7
fffff7e3
fffff424
fffff430
00000bac
0000071f
fffffd17
fffff9b2
fffff96b
fffff305
ffffe129
ffffeb56
00001745
0000021d
fffff6eb
00000522
00000f5b
00000058
000003ef
00000d47
00000960
fffffedd
000002a2
0000014b
fffffac0
ffffff65
000002dd
0000022e
fffffdcc
000007d3
000010b2
ffffff26
ffffef06
fffff212
fffff8d0
fffff8bc
00000787
00000c8a
fffffbee
ffffffa3
fffff93d
ffffed8c
ffffdfc4
ffffe5a8
00001252
fffffc05
ffffeeb1
ffffff32
00001878
00001aa0
00001972
000007b2
fffffd27
ffffff14
fffffd76
0000035a
00000202
ffffff71
fffffa66
fffff28d
ffffe58f
ffffff4e
0000178f
000019c7
fffff892
fffff9bf
00000440
00000035
00000488
0000079f
fffffe88
fffffe9a
fffff2ea
ffffe344
ffffcfe8
ffffdb8f
ffffffff
ffffec68
ffffde30
fffff11f
00000db0
00001a2a
0000144d
00000396
0000004e
ffffffa0
00000123
0000064a
fffffa55
fffff529
fffff7d1
fffff3a6
ffffe472
ffffedf7
00001298
0000166e
000005a6
fffff74a
00000a33
000005c0
000001ee
000005a6
fffffa7b
fffff72b
ffffeaf4
ffffe0da
ffffd07a
ffffd707
fffff877
ffffe0fe
fffff83e
fffff54e
fffff9e6
00000688
00000804
00000b80
00000bbc
00000478
00000a72
00000524
0000017b
fffffede
fffff890
fffff9b9
ffffeb0e
ffffe842
000000c9
00000a9b
00000acb
00000181
00001494
000007b7
000005a1
fffffd78
fffff86b
fffff59f
ffffee91
ffffe88c
ffffd83e
ffffd519
ffffe9e1
ffffeaaa
00000d85
ffffff6d
ffffe8aa
fffff299
fffff8e8
00000319
00000940
00000591
00000789
000008c0
000006c6
00000408
0000010e
fffffc91
fffff1f7
ffffefc5
fffffebf
00000116
00000b1b
0000073f
000011ef
000003b6
00000afd
000006cf
ffffff48
fffffd88
fffffa5e
fffff6c8
ffffe35c
ffffcd28
ffffeafe
0000001a
0000005f
fffff679
ffffe479
ffffe75e
fffff89c
ffffef90
fffffc7c
fffffd85
00000639
00000654
000001f8
ffffffeb
0000044a
ffffffc1
fffffefd
fffffc3f
000005c5
0000017f
0000085c
00000efc
0000154e
0000037c
000004f6
000008a6
00000480
00000487
fffff951
ffffef61
ffffec5a
ffffd2df
ffffea2b
000010c8
00000ec2
fffff3af
fffff8e3
fffffafc
ffffe748
ffffea2e
fffff251
fffff861
fffff956
00000210
fffffaf2
fffffb02
fffffdf7
000002bd
00000108
fffffe7d
00000670
000003d4
00000cb1
000014bf
00001217
000004d0
fffffff2
000005c4
000005ff
0000061d
fffffa26
ffffecb6
ffffe93a
ffffdd6d
fffff23e
00001b28
00002369
00000115
0000027e
0000114c
fffff458
ffffd0b3
ffffe3f8
fffff597
ffffeee6
fffff357
fffff495
fffff511
fffff917
000004cf
ffffffb7
fffffc13
00000106
00000707
000008d4
00001136
000010c7
00000659
fffffb20
00000408
000006b7
00000226
00000025
fffffc3b
ffffee95
ffffe1f5
ffffeca7
000019ca
00001b74
00000754
00000698
00000ae4
fffff831
ffffd5d8
ffffdf64
fffffdee
fffff0f8
ffffe709
ffffe290
fffff1de
fffff8bd
000006b1
00000006
fffff719
00000003
000010aa
0000143c
00001273
00000dfb
fffffeb7
000000fc
00000df6
0000059c
000003a7
000003fc
00000d80
00000921
ffffee27
ffffeca6
fffff12e
0000081e
00000179
000013b9
0000068b
000012db
fffff295
00001cac
00001087
00000091
ffffee75
ffffdd97
fffff53a
0000099c
00000053
fffff935
fffff532
fffffc20
000009d8
00000be3
00000d2d
000002f0
000001fa
00000184
00000b04
0000097d
00000cd4
00000e62
000012e6
000012cd
000000af
ffffeb37
ffffd9ca
fffff76b
00000328
00001542
00001740
00002c6a
00000bce
000032e3
0000118a
ffffff79
fffffd6e
ffffeeb6
fffff8c9
00001009
fffff761
ffffeb81
ffffee6b
fffff914
00000705
ffffffe3
000004ab
00000424
00000501
0000071c
0000136d
00000427
00000aa9
00000550
0000036a
0000074f
000002cb
fffffd37
ffffec0b
fffff34c
00001814
0000217e
00000c91
00001dc2
00000d18
00002f39
0000165a
00001034
000005cb
ffffe8c8
ffffe9bc
fffff62d
0000035c
ffffdf0c
fffff9fa
0000054f
00000bdb
fffff8e1
ffffff5b
fffff9ed
000005d8
00000a07
0000007e
ffffeea1
fffff50f
fffff653
fffff73f
ffffefe0
fffff01b
0000034b
fffff7d5
fffffd4f
00001c71
00002cde
00000caf
00000d93
00000faa
000029b3
000015b8
00000ca4
00001936
00000f02
fffff330
fffff1f3
000027aa
fffff256
ffffecc5
fffffb1a
00000e7e
000007d8
fffff552
00000014
00000ffa
000008a6
0000058b
fffff70e
ffffffb8
00000d34
fffff510
ffffe0c8
ffffdc35
ffffda2e
ffffe1df
fffff7b2
000003e5
00000b7d
ffffee22
00000cac
00000c7f
00001a75
000002c3
0000027d
00000663
00000cbe
fffff6e1
00002338
00004655
00000764
0000008b
00001467
00002adb
00001073
fffffd6e
ffffff6b
0000126e
0000046a
00000d10
0000032a
00000fdc
00001808
fffffba5
ffffe974
ffffeb16
ffffdecf
ffffdd57
ffffeff2
00000357
ffffef6c
ffffdfda
ffffe52c
00000bb8
00001aa5
000005d0
00000291
fffff8ba
000000f7
000001de
0000272c
00001cb1
0000038c
000011a8
00000e70
0000255f
00001a4e
0000017e
00000594
00000f11
fffff8e9
fffff91a
fffff2de
ffffffff
000005a8
fffff66b
fffffb3e
fffffc9d
000002db
fffffb44
fffff984
00000724
0000026d
fffff3c5
fffff4ec
000001ac
00000b4b
00001286
000016d3
000019d6
0000125d
00001d0d
00002230
00001d41
00001690
00001ca7
0000025f
00000acd
00002051
00000f7b
00000003
00000c8a
0000123d
00001ac7
00000519
00000674
00000507
00000928
0000132e
00001bc9
0000104b
000014d0
000016a4
00001969
000021f2
00001591
00000edb
00000c45
00000931
00000e84
0000189d
00001cfd
00001ee9
000026fc
0000244d
00002096
0000297d
00002439
000025b7
0000144d
000024dc
00001656
00001955
00001b0a
0000281d
00003100
00001e50
00001905
000010ad
00000d9c
00001673
00001e5f
00002294
00001fc2
00001de2
00002006
00002672
0000241c
00001fa9
0000196d
0000159e
00001453
0000171e
000017ae
00001a1c
00001961
00001575
00000fd7
00000d59
00001b89
000024b6
00002768
0000282d
00001887
00002613
00001b2f
00000671
ffffe4fc
ffffe5ba
ffffd768
ffffd00e
ffffd155
ffffd3bb
ffffdaed
ffffd96c
ffffd7ac
ffffd65e
ffffd61b
ffffdb79
ffffdcf3
ffffd94b
ffffd167
ffffcf34
ffffd992
ffffd8ff
ffffd211
ffffd652
ffffd8b3
ffffd510
ffffdae5
ffffdf48
ffffd491
ffffd036
ffffde3f
ffffe20a
ffffde1a
ffffdf15
ffffd89a
0000168e
fffffe72
fffff1d6
ffffe0a8
ffffd5fa
ffffd305
ffffd926
ffffe51d
ffffde77
ffffe374
ffffd81f
ffffdb01
ffffdeab
ffffe90c
ffffe216
ffffd528
ffffd8ab
ffffd2f5
ffffd3ea
ffffcfff
ffffd791
ffffd7fc
ffffe00a
ffffea68
fffff38b
ffffe510
ffffda5d
ffffe0ee
ffffec8f
ffffdd3e
ffffe44f
ffffdb44
000019c6
00000256
fffff2d7
ffffe40e
ffffdbf6
ffffd9f0
ffffe6a5
ffffed6f
ffffec88
ffffe948
ffffda5a
ffffde8e
ffffe466
ffffef38
ffffeaba
ffffde62
ffffe252
ffffe0bb
ffffdad0
ffffd65c
ffffde4a
ffffec57
fffff10f
fffff365
ffffef11
ffffe638
ffffdaaf
ffffe08a
ffffeaa4
ffffe46d
ffffe9f5
ffffdeac
000018ca
fffffca3
ffffe28b
ffffe0fb
ffffe0e7
ffffeaf4
fffff759
fffff4f1
0000006a
00000287
ffffef39
fffff561
fffff221
fffff352
ffffeebf
ffffe745
ffffec4a
fffff004
fffff322
ffffeb10
fffff245
fffff83b
fffff481
ffffe92b
ffffdd0a
ffffe3d0
ffffde3b
ffffdb82
ffffe4c7
ffffe74f
ffffeca0
ffffde82
00001410
fffff7a6
ffffe7e4
ffffe79c
ffffe1e1
ffffdd80
ffffe3e2
ffffed03
00000ab4
000016c0
000004f1
000006ac
0000023f
fffffa24
fffff406
ffffe64e
ffffe931
ffffeb6a
ffffed8d
fffff12c
fffff8e1
fffff494
ffffedab
ffffe4e1
ffffe5b3
ffffe805
ffffe9f9
ffffe16d
ffffe5fd
ffffe5a5
ffffec41
ffffdf38
000017a0
fffff84e
ffffe846
ffffe0c5
ffffe055
ffffc048
ffffc645
ffffdb2c
fffff908
fffffe57
fffffad3
00001589
00001755
00000ad0
fffff897
ffffe74f
ffffe26b
ffffdf8d
ffffe18c
ffffe767
fffff321
ffffef2e
ffffeba3
ffffe5b3
ffffe221
ffffe6c6
ffffef4f
ffffe8ca
ffffe845
ffffe3fb
ffffec10
ffffdaa2
00001a18
ffffff32
ffffe3ce
ffffe2ae
ffffe64b
ffffd7b4
ffffd0f6
ffffda9c
ffffe759
ffffddfa
ffffe496
000004f9
000025bc
00002701
00000fba
ffffee9f
ffffdf56
ffffdb42
ffffde89
ffffef11
fffff537
ffffeb61
ffffea9d
ffffe859
ffffe323
ffffe559
fffff1e7
ffffe6da
ffffeb5a
ffffe0f7
ffffea0e
ffffd823
00002925
00000fe5
fffff4be
ffffede5
ffffe316
ffffd076
ffffcb40
ffffd7fe
ffffe887
ffffe60e
ffffe51d
fffff7a6
00001df2
00003ec8
0000374b
000008b8
fffff1cc
ffffe7dc
ffffe6b4
fffff7cb
00000884
ffffff3d
fffffb82
fffffc78
000003c4
00000078
0000018b
fffffe25
fffff296
ffffeb3f
fffff4ad
ffffd808
00002982
00000776
fffff839
ffffe0a5
ffffe88f
ffffda02
ffffabc1
ffffd079
fffff234
ffffd986
fffff0e9
ffffe0ac
fffffb14
0000209f
000028c8
000019b1
00000ba9
fffffa86
00000957
00001211
000019ce
00000df3
000005c4
00000a6d
00000d29
000006e1
0000073b
00000118
fffffe97
fffffd60
0000054e
ffffe888
000023ff
ffffefb2
ffffd6b8
ffffca0c
ffffd431
ffffbe71
ffffbace
ffffde35
00000ea2
ffffeef7
ffffef44
ffffe21e
ffffbe74
ffffe957
0000140f
00000380
fffffa6c
fffff09f
ffffed01
fffff915
fffff674
ffffe32c
ffffde1a
ffffe10d
ffffea6d
ffffeb26
ffffe66e
ffffded4
ffffde10
ffffddf9
ffffec30
ffffe662
00001d4d
ffffee03
ffffcc51
ffffc187
ffffbe11
ffffc8f0
ffffd3c8
fffff1f3
00000523
fffffb3b
ffffeca8
ffffcc24
ffffac33
ffffbee9
ffffe7ad
fffffb72
ffffe15e
ffffccc5
ffffcfcd
ffffdf36
ffffe5cb
ffffdca2
ffffd570
ffffd796
ffffd9ce
ffffda83
ffffd6f9
ffffd40b
ffffcc89
ffffc5d2
ffffd40d
ffffe02c
00002888
fffffecb
ffffd9ac
ffffd424
ffffc339
ffffb6e7
ffffbe75
ffffd475
ffffd955
fffff570
ffffeadd
ffffbee5
ffffa84f
ffffa32f
ffffa64d
fffff28f
00000d32
ffffdfc0
ffffdec2
ffffd8e5
ffffdbbd
ffffcbf4
ffffcee5
ffffd7aa
ffffde38
ffffe33a
ffffdbce
ffffdf38
ffffdbf4
ffffd674
ffffd8f3
ffffd9dd
0000231e
fffffdd2
ffffdd60
ffffe1ea
ffffce5f
ffffc242
ffffab73
ffffba66
ffffc37b
ffffd921
ffffc618
ffffb318
ffffac34
ffffb396
ffffa656
ffffd50d
00000ab9
00001aaf
00001012
00000c3f
00000f30
0000020b
fffff2ba
fffff48f
fffff42d
ffffef16
ffffe639
ffffe3cc
ffffef32
ffffe609
ffffdf3f
ffffdd76
00001f89
fffffef5
ffffe0c6
ffffe849
ffffdaea
ffffc47e
ffffac60
ffffa88b
ffffac8e
ffffbd1b
ffffa550
ffffa438
ffffb53b
ffffc351
ffffc782
ffffc343
ffffd6ab
fffff27f
00000a07
00000e50
00001f2d
000021de
00001641
000012fa
000019e9
00000ccd
fffffd7c
ffffeae4
ffffecd5
ffffe20a
ffffdc96
ffffdd1e
00001a59
0000015f
ffffe352
ffffedc8
ffffd92e
ffffc3a7
ffffa690
ffffa2e3
ffffa5e1
ffffc6f8
ffffd1fb
ffffd898
ffffcd96
ffffc12c
ffffce44
ffffd431
ffffe101
ffffe70a
ffffe515
ffffea1c
ffffe602
ffffe801
fffff7a0
000008ec
0000189d
000031fc
00001fd2
fffffb5d
ffffe749
ffffe1e0
ffffdc9c
ffffdfb1
00000e62
fffff2a6
ffffe769
ffffe76b
ffffdad1
ffffc6f5
ffffabe0
ffffa8b2
ffffa794
ffffc783
ffffef9f
00001126
fffff753
ffffd60f
ffffc664
ffffd9c4
ffffdf79
ffffeb4f
ffffebd2
ffffee9e
ffffe65c
ffffe0db
ffffea4a
ffffed6c
ffffe546
000002c8
00001881
000002af
fffff272
ffffea71
ffffed72
ffffe238
00000cbc
ffffec84
ffffdcf2
ffffdf01
ffffd85d
ffffd507
ffffbe09
ffffb4f4
ffffb59f
ffffbeb2
ffffed1f
00001f74
00001927
fffffa99
ffffe079
ffffe4ee
ffffeb18
ffffe63f
ffffe06f
ffffe05f
ffffdf6a
ffffd7d8
ffffdb59
ffffe4b3
ffffe785
ffffee86
00000105
00000579
ffffec00
ffffe8f3
ffffeff1
ffffe37c
00001171
fffff394
ffffdf9c
ffffdf92
ffffdaef
ffffdc9f
ffffd07e
ffffca95
ffffcc7a
ffffd013
ffffe43e
00001ca8
00001d6a
000000c9
fffff12b
ffffea5e
ffffef5d
ffffebdf
ffffe269
ffffe50d
ffffe9ae
ffffe98a
ffffe4c4
ffffe1a8
ffffee92
ffffe8b5
ffffebe3
fffff9bc
fffffc1f
ffffebdb
ffffede6
ffffdf7f
0000105f
fffff474
ffffe2b5
ffffe38d
ffffd885
ffffd4df
ffffd463
ffffca5b
ffffc623
ffffcb56
ffffcf27
ffffec13
00000266
000000ae
fffff43f
ffffea6e
ffffec90
ffffe7a1
ffffe074
ffffe4a5
ffffe9f8
ffffeba9
ffffe654
ffffe95f
ffffebf4
ffffe610
ffffe5f7
ffffe940
fffff1d5
ffffea35
ffffec8e
ffffe091
000010f2
fffffdbe
ffffeb94
ffffeda2
ffffde13
ffffce08
ffffcec7
ffffbe6c
ffffaf5d
ffffb450
ffffa22d
ffffa8c0
ffffdf83
00000268
fffff3a2
fffff454
ffffe7a9
ffffe698
ffffe318
ffffe4b0
ffffe80e
ffffe815
ffffe4b9
ffffe51d
ffffe544
ffffe62f
ffffea2a
ffffeec1
ffffec0e
ffffe2b1
ffffea30
ffffe0c6
00000e67
fffffa0f
fffff133
ffffeb97
ffffe1a9
ffffd010
ffffcdc7
ffffccde
ffffc17a
ffffad97
ffffa6cb
ffff954d
ffffbb89
0000012e
00000b63
0000089e
fffff790
ffffed3b
ffffec26
fffff0b7
ffffef93
ffffeaa8
ffffe768
ffffe9ca
ffffe9ec
ffffe815
ffffeff8
fffffa4c
fffffb8b
ffffe8d2
ffffe68f
ffffdfca
00001249
fffffbc3
ffffefbd
ffffe998
ffffe6da
ffffdbf2
ffffcbbc
ffffd05b
ffffde51
ffffd289
ffffc682
ffffbeb1
ffffd754
fffff6a1
00000fdb
00001d61
00000c2d
fffff89d
fffff508
fffff4ee
fffff62b
fffff4d3
ffffeb5f
ffffed50
ffffe30e
ffffe18d
ffffe53f
fffff5b3
fffff8fd
ffffe565
ffffe3c4
ffffda51
00001594
000001db
fffff816
ffffeba5
ffffeb25
ffffe840
ffffdc10
ffffcb93
ffffd5b7
fffff084
ffffe7b6
ffffcfcc
ffffcd34
ffffc3ae
ffffce77
0000009c
000017aa
fffffd65
ffffebad
ffffe3ff
ffffe8b3
fffff053
ffffeb77
ffffeabc
ffffe1cd
ffffddbe
ffffef5c
fffff7ed
fffffbc8
ffffe050
ffffe033
ffffdab5
00001524
00000090
fffff595
ffffe6a0
ffffdf78
ffffde06
ffffd29c
ffffc03c
ffffba3b
ffffd29b
ffffd083
ffffdb47
ffffc60c
ffffb261
ffff9c7e
ffffc991
fffffada
0000035a
ffffee6a
ffffeb19
fffff7a2
fffff8ae
fffff391
fffff029
ffffe2cd
ffffe015
fffff165
0000020d
0000078d
ffffe352
ffffe2aa
ffffde39
0000123b
fffff49b
ffffea9c
ffffe07b
ffffdc3e
ffffe2ae
ffffdec2
ffffd78d
ffffc435
ffffcbc2
ffffba34
ffffd841
ffffd009
ffffc18e
ffffa29b
ffffaead
ffffd2b2
fffffc2e
fffff858
ffffe8c7
fffffb76
0000035f
ffffffcf
fffffa7d
fffffa3b
ffffe987
ffffe788
000002fa
000008cd
ffffea76
ffffe207
ffffe17e
000018d9
ffffef19
ffffe59a
ffffe85b
ffffe3d8
ffffe7ee
ffffec2c
ffffe88b
ffffd591
ffffc476
ffffb08e
ffffca70
ffffe104
ffffd380
ffffb0c7
ffffb213
ffffca9a
ffffdc44
ffffe0a0
ffffe20a
ffffd687
ffffe7a2
fffff292
0000094b
00001d63
000008e1
fffff888
fffff30b
fffffd13
ffffeb0a
ffffde03
ffffdc8a
0000199b
fffff91f
ffffe5e3
ffffedc6
ffffe606
ffffdbb9
ffffdf0c
ffffd516
ffffcf16
ffffdca6
ffffc365
ffffc5a7
ffffd002
ffffde61
ffffcf79
ffffdb97
ffffeab2
ffffe4fb
ffffdf04
ffffea5a
ffffd3ec
ffffd00a
ffffe013
fffff4c6
00000a09
00000c96
00000b87
fffffbbe
fffff0ba
ffffed2c
ffffdef1
ffffdbf7
0000151a
fffff514
ffffe224
ffffe532
ffffdbbd
ffffd9f4
ffffeb88
ffffe84a
ffffeb5f
fffff4a7
ffffdebc
ffffd47f
ffffcbb4
ffffd561
ffffd808
ffffe511
ffffe9b0
fffff8bb
ffffde32
ffffdfbe
ffffe81c
ffffd13e
ffffdf33
ffffe571
fffff4a3
ffffeedd
000002b6
0000132b
000000b2
fffff257
ffffe3f7
ffffd686
00001ed7
ffffef60
ffffd717
ffffdd8b
ffffde29
ffffe099
ffffecc0
ffffef5e
fffffab2
ffffe868
ffffdf65
ffffd980
ffffd037
ffffc5df
ffffcbef
ffffdfa7
ffffe25a
ffffe3d4
ffffe36f
ffffde94
ffffece3
ffffe43b
ffffd3f6
ffffda7f
ffffd81a
ffffd12f
ffffe293
ffffeb7f
ffffe369
ffffd23e
ffffe2e7
ffffdd7c
00000fb6
ffffe9f2
ffffc865
ffffca2b
ffffc63d
ffffd2c1
ffffd692
ffffcd0b
ffffd8eb
ffffd19e
ffffd382
ffffdc18
ffffd37f
ffffc50c
ffffcb3c
ffffcb3a
ffffbb8a
ffffab5e
ffffc8f4
ffffc60d
ffffdcb7
ffffdcb0
ffffca83
ffffc35e
ffffbeab
ffffc038
ffffc365
ffffca18
ffffc328
ffffc9b4
ffffe17c
ffffe154
000015c5
000003d0
ffffee50
ffffe840
ffffe937
ffffe7dd
fffff27c
ffffe5d0
ffffe292
ffffe855
ffffeb41
ffffee30
ffffe674
ffffdc81
ffffe05f
ffffea52
ffffd57a
ffffcb56
ffffd746
ffffdbd3
ffffd77d
ffffea0d
ffffd62c
ffffd256
ffffcc48
ffffe1fb
ffffdbf0
ffffd5b4
ffffcf0b
ffffdb09
ffffe15f
ffffe74b
000017ce
000022a2
00001bc4
00001b3e
000019c0
00001b2e
00001ba1
0000175c
00000c06
000007c9
00000f3d
00001078
00001532
0000186b
000014e7
00001b43
0000208d
00001dd4
00001c41
00001515
00001a1c
00001b9a
00001a51
00000ea6
000009c7
00001165
000017dd
00001c64
00001dbd
00001637
00001b89
0000045c
fffff6c0
000000ad
fffffaa2
fffff3b7
fffff08c
fffff282
fffff8b7
fffff6b2
fffff35c
ffffecee
ffffefb2
fffff303
fffff19d
fffff835
fffff4d7
fffff673
fffff6cd
ffffee15
ffffecaf
fffffdc3
fffffc41
ffffefda
fffff689
000001ec
fffffe08
fffff77e
fffffbfd
00000322
ffffff1a
ffffe4f1
ffffe714
fffff0e7
fffff6e9
ffffffdd
fffff51e
fffff1eb
fffffb92
00000470
0000049a
fffffc3c
fffff476
ffffec68
ffffec9c
fffff868
fffff4cf
fffff88c
fffffc4e
ffffff70
fffffaf1
ffffe98d
ffffe2d7
fffffe01
000001db
fffff36e
fffff446
fffffe58
fffffc34
fffffab5
00000687
00000b4a
00000113
ffffe8ee
ffffe6eb
fffffa67
fffff4b8
fffffdbe
fffff5cd
ffffefab
fffffb28
00001929
00001638
00000882
fffff970
ffffea37
fffff06c
000001bf
fffffc98
fffff282
fffff87e
00000cf5
00000bdf
fffff55f
ffffea7d
fffff9a3
000005d6
000003a1
fffffaf4
00000057
fffffd94
fffff806
ffffffe6
0000015c
fffffec4
ffffec2d
ffffea78
000007cc
fffffc97
000002f2
fffffef9
ffffef7a
fffff8b0
00001150
000016b6
fffffdb3
ffffeb84
ffffdf5c
fffff9b8
fffffc57
fffff298
ffffea0c
ffffef5d
00000acb
0000102c
fffffd6a
fffff737
00000b27
00001474
00000add
000003da
000004e0
000000c4
fffffb40
fffff921
000002c7
00000abf
fffff65f
fffff392
00000398
fffff60c
fffffb43
000000b3
ffffff0d
00000a00
000016ba
fffff50f
ffffd261
ffffead4
00000968
fffffdd7
ffffe6a4
ffffd8d5
ffffdbee
ffffe7c7
fffff9c2
fffffbab
fffff153
00000415
00001d1c
00001da4
000015ca
00000769
00000320
000006a1
00000372
fffffc50
00000b0d
0000130a
000001ba
fffff860
00000262
fffff017
fffff13d
fffffc47
00000a5b
00001ec3
0000371d
fffff341
fffff15d
00000b0c
00002dc9
00001d23
ffffe364
ffffbe7a
ffffc224
ffffe86a
fffffb5f
fffff05e
fffff423
00000996
00000c74
fffffd0b
fffff019
fffff29f
fffffd1d
ffffff5d
fffffe02
00000380
00000664
00000a76
000002da
ffffff82
00000212
ffffee1e
ffffef39
fffffff9
00001bfa
0000372a
00000cf4
ffffd81d
fffff34f
00001cd2
00002f00
00002124
fffff728
ffffb1b2
ffffbf76
fffff306
0000047c
fffff322
fffff9d5
000006b4
fffff964
ffffdd07
ffffd684
ffffe9ca
fffffa2f
00000164
fffff6e4
fffff6e4
fffff7da
ffffffa6
0000018c
00000aa3
00000a31
fffff1d8
0000025b
00000d3a
000016b7
00001bdf
ffffeaf7
ffffb75b
fffff6dd
00002bf4
0000150e
00001d4e
ffffeb1c
ffffc1d1
ffffd7fd
000000c4
000006c1
0000043c
00000282
0000080d
00000072
fffff696
fffff031
ffffee07
000001d0
000007a9
00000784
fffffc4c
fffffc54
00000904
00000853
00001992
0000153b
ffffff42
00000c89
00001d94
000018aa
000018b4
0000040b
ffffdaf9
fffff8a1
000022d9
00000c56
fffffc91
ffffd70f
ffffcf54
fffff9b5
000014e7
000002b2
fffffb3a
0000200e
000024a6
00002039
00001d3f
00001c4c
00000f16
00001448
00001d74
0000287c
00001317
0000141c
00001eff
00000f7a
00002cc1
00001c65
fffff28e
fffffa9d
00001c3b
00001f2a
000027a9
000043ea
0000258d
00001eee
00002b2b
00002c72
fffff8bb
ffffbce3
ffffe8d9
fffff015
00000b88
fffff257
ffffffc7
00001bc8
000032ce
00002759
0000234b
00001f1c
000010ca
00001325
00001b40
00002a2f
00001934
00001eb7
000020e5
00001c15
0000317f
0000259a
ffffe278
ffffdd34
00000a29
0000051f
000009f3
00004195
00003f9e
00001311
000010b0
00001d3e
ffffec84
ffffc53e
ffffdda2
ffffda79
ffffd458
ffffc1ce
ffffceb9
fffff411
00000b08
000002c6
000009d1
00000e6e
00000034
00000054
00000822
00000293
fffffceb
fffffed8
00000584
00000ab4
000014f3
0000180d
ffffe1f1
ffffd5a1
fffffeed
fffff502
ffffee59
00002cf0
00002c3c
ffffe2bb
ffffcd7d
ffffe9e3
ffffd6de
ffffc641
ffffdea4
ffffdf27
ffffd2bb
ffffc256
ffffa7a3
ffffbe41
ffffe287
fffff863
fffff33f
fffffffb
000002d7
00000365
fffffee6
fffff80f
fffff4a2
fffff241
fffff360
fffff88c
fffffe05
00000fd8
ffffe8c2
ffffd3c1
fffff856
ffffeb87
ffffe33a
00000592
000011b4
ffffeadf
ffffc84d
ffffe734
ffffe793
ffffd3cc
ffffdb0d
ffffef0d
ffffeec5
ffffefeb
ffffe678
ffffd976
ffffe38a
ffffdf88
ffffd23a
ffffd420
ffffdaec
ffffdcd5
ffffdb00
ffffdf6a
ffffe6cc
fffff43c
ffffe82f
ffffec90
fffffd20
000009ed
ffffe5de
ffffd23e
fffff56e
ffffe410
ffffe45f
fffffb84
00000db2
ffffe1e4
ffffb0c5
ffffd516
ffffea31
ffffd0a1
ffffce85
fffff601
00002545
0000258f
00000587
fffff771
0000013f
fffffbb7
fffff1b3
ffffee6b
ffffe5cf
ffffe167
ffffdbf8
ffffcacd
ffffc613
ffffd8d1
ffffe116
ffffeaa1
00000478
00000f4e
ffffe24b
ffffd1be
ffffee54
ffffe37f
ffffea82
0000050e
00000aa1
ffffd194
ffffab85
ffffc329
ffffdcc9
ffffd7eb
ffffd647
00000d22
0000374a
000026dc
0000000a
0000005a
00000a2c
00000d89
000008ee
00000468
fffff8a4
ffffeec1
ffffe921
ffffdb05
ffffbf0d
ffffb8f7
ffffd170
ffffecb3
000007e5
00000d84
ffffe6e4
ffffd5e5
ffffef1f
ffffe8fa
fffff9a8
00000e42
00000715
ffffc6dd
ffffa9f4
ffffd05e
000002d8
fffffb32
fffff033
000015a6
00002be3
000018a3
fffffebb
00000856
00000d90
000016cd
00000f54
000008f3
00000ac5
00000446
fffffc96
ffffeac5
ffffc117
ffffb103
ffffc9ac
fffff3ec
0000088a
00000bdf
ffffedff
ffffe0dd
fffff739
fffff969
000003e3
00000fd4
00000918
ffffbd7a
ffff9dfe
ffffe087
000019bd
00001f95
00001504
00000f89
00001889
00000283
fffffe13
0000068f
000013c9
00001ca0
0000108f
00000a71
00000c8f
00000f50
00000f96
00000459
ffffdc98
ffffba14
ffffc189
ffffef43
00000504
000007d1
fffff44f
ffffea79
fffffbf7
000003ac
000007cc
00000ff4
0000121d
ffffbf27
ffff9ca8
fffff649
00002d5e
00002be2
00001871
00000b20
00000564
00000371
fffffff9
00000b81
00001089
00001234
00000adf
00000b7e
00000eff
000010e1
00001174
0000074c
ffffe6e8
ffffd10f
ffffd11d
fffff433
000004dc
000005bd
ffffefec
ffffeb76
fffffd08
0000069f
00000c87
00000f2c
000015a0
ffffce40
ffffa7ed
ffffebb2
ffffffae
fffff3c9
fffffc03
fffffbbf
fffff990
fffffe69
fffffe23
00000bb3
00000e3a
000011a4
0000116b
0000127a
00000f32
00000475
00000eea
00000fea
ffffeeb0
ffffe16f
ffffd66f
fffff369
000001e5
0000041d
ffffeafc
ffffe7c1
fffff5b9
fffffcef
0000059f
00000940
00000fe1
ffffebfb
ffffbb8f
ffffb776
ffffcd21
ffffd160
00000a40
00001537
000009ae
ffffe698
fffff5ef
00000b4e
0000031d
0000038d
00000cce
00000deb
00000ba0
00000a10
00000bf0
00000db5
fffff1c3
ffffddd0
ffffd5a6
fffff0f2
00000249
000004c1
ffffef19
ffffe994
fffff71d
fffff367
000000d3
00000cfb
00000fc0
000009f9
ffffcc1e
ffffa112
ffffc1dc
ffffec33
00002c0f
00003a8f
00000e17
fffff17f
ffffeecf
fffff244
fffffdb1
fffffffe
fffffcd4
0000060c
000007e6
00000a55
0000099a
00001520
fffffcec
ffffe590
ffffdab0
fffff03e
ffffff3d
0000060c
ffffef3b
ffffee16
fffff49a
fffff318
fffffef6
00000f89
00000f37
00000f88
ffffeeb8
ffffc0ce
ffffcd58
00000003
00001686
0000188f
fffff61e
fffff1e2
fffffdc6
ffffef12
fffff0bf
fffffb04
fffff3bd
fffffd9c
00000807
0000087d
00000628
00001992
ffffff63
ffffed9d
ffffe10c
fffff545
00000666
00000afc
fffff628
fffff45a
ffffed9c
fffff361
fffffed7
000003e9
00000bc3
000010ef
000018a9
fffff678
ffffef23
ffffff89
ffffe497
ffffc5b1
ffffbbcb
fffffcde
00001d3b
00000b22
fffff9e2
fffffc65
fffff8ca
fffff54f
00000432
00000af1
000003dd
0000194d
00000ae6
ffffea0d
ffffd933
ffffed32
00000ba4
0000133a
fffffc9a
fffffb54
fffffb07
0000013e
00000601
00000bb3
00000882
000012a2
000015a8
00001a05
fffffd32
ffffedaf
ffffd69c
ffffbd5d
ffffd474
0000099d
00003482
00002581
00000f2b
00000549
00000695
0000053e
fffff103
ffffefd2
000006fd
000009fb
00000994
ffffe841
ffffd857
ffffe7df
0000047d
000014fd
fffff429
ffffe9f5
fffff49d
fffff882
0000023d
000001e0
fffff55f
000000ca
fffff9ce
000007b4
fffffa01
ffffea33
ffffdec9
ffffca76
ffffddf9
fffff808
00001a2d
000012aa
00000552
fffffedb
00000875
00001e24
000010cf
ffffef6d
00000029
fffff649
fffff387
ffffdbfa
ffffd6a8
fffff64b
0000127f
00001533
fffff0f7
fffff02d
fffff88f
fffff616
fffff583
fffff4d3
fffff05d
fffffb08
fffff697
fffff3cf
fffff2da
ffffed55
ffffe86c
ffffdc72
ffffe9ae
fffff24f
ffffe951
ffffec5b
fffff9fe
ffffefb2
fffffe51
00002019
00001715
fffffcc8
fffff24e
fffff543
ffffdab8
ffffbfd6
ffffd684
fffffa10
000015c3
00001146
fffff829
fffff84a
fffffd6c
ffffef3c
ffffeba2
fffff662
fffffd61
00000748
000008cb
000013cc
00001a93
fffffb6d
ffffed03
000004f4
fffffa6b
fffff4fa
ffffe427
ffffe631
fffff240
ffffe8a3
fffff2d6
000012bf
00004292
00000889
ffffeff2
fffffa01
00000b9d
ffffda53
ffffc37b
ffffec5f
0000046d
000008cd
ffffee15
ffffe723
ffffef39
ffffdc16
ffffe515
fffff7e9
00000254
00000456
00000fda
00001004
00001431
0000015b
000003d1
0000189d
00000657
ffffeed3
ffffe16d
ffffeca1
fffff365
ffffe9f6
fffffb90
0000244c
0000352c
000014a9
fffff205
00000f7b
00002ec6
000000c9
ffffe237
fffff4ec
000001af
000000ad
ffffeba6
ffffe8f8
fffff72e
ffffebd0
fffff575
0000055a
000002b0
fffff7f7
fffffeb5
fffff936
fffffb9f
fffff582
fffffea0
0000122b
00000250
ffffebe6
fffff8e7
000009f2
00000839
fffff88a
fffff8d1
00000bf6
000010d3
fffff0a8
ffffe8e6
ffffff4b
00001bc7
000002a2
fffff108
fffffc67
00000fa7
000003ae
fffff367
fffff112
000007be
00000874
00001f33
00001e0a
000007d7
fffff109
ffffebf2
fffff76f
fffff95a
00000250
0000021f
fffffded
0000095e
0000092e
00000977
00002ae6
000028cd
000010c2
000003d3
0000107f
00000f3a
000008f4
00000a93
00000053
fffff3c7
fffff96f
000003a6
0000075e
000011cc
0000146d
fffff596
fffff8cb
00000568
000002ca
000005dd
ffffff9a
ffffe8f8
ffffe2c8
ffffe03c
ffffeef2
fffffcc5
0000077f
0000084c
fffffe18
fffffcbe
fffffd89
00000328
000010d1
00000914
fffffb21
000006c6
00000be4
000019f5
00001907
00001704
00000004
ffffea6a
ffffffda
00001224
00000c82
00000519
00000805
00000082
000009af
00001343
00000e75
000018a2
0000157a
00001376
000009a1
000012b1
00000c14
0000100f
000019c8
0000185a
00001324
000013f1
00001059
000012a4
00001155
000016bd
0000102b
00000a00
00000750
00001a04
00001fe7
00002279
000015d3
00000915
00001e3b
00001dff
00001244
00001620
000011c8
ffffff35
000002ec
0000011b
000008f1
00000595
0000097f
00000f58
0000136e
00000e8e
0000093e
000007d9
00000b63
00000a8e
00000e35
00001030
000011b5
000010e9
00001399
0000088f
00000b33
00000d45
00000f6a
00000a51
0000079f
00000595
000006fb
000004b5
000008fc
00000ad5
00000b80
00000fcf
00002766
000002cf
0000055b
00000134
fffff533
fffff48f
fffffdca
ffffffef
00000b6e
00000245
fffff97a
fffff681
000002dc
000003f7
00000240
ffffff5c
00000408
00000908
00000684
fffffae2
ffffee9f
fffffee8
00000243
00000366
000000c0
00000585
fffffa4b
fffff87a
fffffad7
0000006b
fffffbb6
00000a41
00002f11
000007f5
000003a7
ffffffe1
ffffeff8
ffffe812
ffffedb7
fffff9d5
000001d3
ffffef5f
ffffea47
ffffe85e
fffffceb
000003a6
fffff600
fffff4d3
fffff39e
fffff77c
fffff56f
ffffe8ad
ffffe6a9
fffffd8a
00000567
000005bb
00000537
0000007e
fffffbb7
fffff987
fffffdc5
0000089e
00000157
00000b92
000031db
fffffd07
fffff96f
fffff687
ffffee63
ffffe746
ffffdc6d
ffffec50
ffffda5a
ffffc54e
ffffd795
ffffe034
ffffeece
fffffd9f
fffff467
ffffee50
ffffe3fe
ffffe65a
ffffe6a0
ffffe56a
fffff05b
00000c13
00000f61
00000fcf
0000031b
fffffb3c
fffff74f
fffff443
fffffd88
00000593
00001176
00000ba2
00003501
fffff071
ffffe69f
ffffebb7
fffff0ca
ffffe999
ffffee86
ffffddea
ffff91ef
ffff9c7d
ffffe7ac
000000ef
fffff20a
ffffe945
ffffecf6
ffffe801
ffffde63
ffffdd7f
ffffda91
ffffe001
fffff5ff
000003c7
fffffd23
fffff794
ffffee89
fffff2ba
fffff3fb
ffffed0c
fffff478
ffffff62
000011e3
00000cb9
000038bd
ffffec35
ffffe2a9
ffffe5b2
fffffb25
fffff4c5
000003a1
ffffdda0
ffffba8f
ffffd0ef
000015a5
000038ee
000018fb
fffff593
ffffdb5d
ffffec50
ffffea72
ffffe9b6
ffffed7d
fffff1fc
fffffeac
fffff437
ffffe92a
ffffe4d0
ffffe5b7
fffff01b
fffff8ac
fffff70b
fffff1ca
fffff356
00000a44
00000bc4
00003861
ffffef37
ffffefc1
ffffffe2
00000a11
000018a5
00000acd
fffff7c9
ffffea6e
ffffeed3
00003be0
00003145
000030bc
fffffd68
ffffdcd7
fffff754
00000404
fffffe9b
00000055
00000885
00001456
fffffab2
ffffe9cf
ffffebe1
fffff2ce
fffff014
fffff947
fffff648
fffff43a
fffff1c1
000003a7
00001349
000040f9
fffff49a
fffff82b
00000c96
000012f7
00001175
fffff5f6
fffff1f2
00000728
0000298e
00004b5f
00003a3a
000021d7
fffff1ff
ffffca52
ffffe961
000006b9
fffffc8e
fffffb70
0000053c
00001730
00001a27
00000fb1
00000096
fffff735
0000018f
0000073f
00000b80
0000022c
00000a57
00000cc9
000025c6
0000560a
ffffe304
ffffea0a
fffff499
ffffe1fb
ffffe5df
fffff692
ffffe082
00000af3
00003df5
00004be2
000037ba
fffff6bb
ffffdbe4
ffffd416
ffffcb59
ffffed44
fffff891
ffffec7f
fffffb1f
00000455
00000fe4
00000c41
fffff7a9
ffffe9b0
ffffee89
ffffff36
000002e8
00000484
000009f8
0000004e
00001b0d
00004d1c
ffffde4c
ffffda01
ffffd9b4
ffffca94
ffffc82f
ffffe718
ffffe911
00002481
00003dbf
00003f9b
00001e11
ffffdfe4
ffffdedf
ffffeb16
ffffd393
ffffd6b2
ffffe41e
ffffdfbd
ffffe0a4
ffffe1f0
ffffeca0
ffffebfa
ffffd6fc
ffffdb96
ffffdde2
ffffe47e
ffffddf1
ffffe261
ffffe613
ffffdbbf
ffffea6b
00002c9d
ffffdcb1
ffffd494
ffffd568
ffffdc14
ffffc86c
ffffe8c0
fffff1b1
000008c6
0000113f
00000a15
fffff736
fffffb1b
fffff924
00000b27
ffffea5a
ffffb0b4
ffffb042
ffffc5c9
ffffd446
ffffcea5
ffffd164
ffffd574
ffffd10d
ffffd421
ffffd719
ffffe1aa
ffffcf83
ffffd2be
ffffd56d
ffffd56c
ffffe3c4
0000213a
ffffd87d
ffffd534
ffffdbc6
fffff023
ffffe568
fffff0d5
00000261
00000602
00000434
ffffedf1
fffff2cf
fffff2e4
00000433
000002e3
ffffe57e
ffffdd97
ffffc0b2
ffffb2a1
ffffc972
ffffc222
ffffb516
ffffb8fd
ffffc065
ffffcccf
ffffd39d
ffffdefe
ffffd296
ffffd439
ffffd0a8
ffffdae9
fffffadf
00002c95
ffffd858
ffffd20c
ffffda28
ffffea82
ffffeee4
fffffdae
0000150b
00001aee
000004ce
000002ab
00000397
00000c13
00001a15
0000016e
000000dd
00000ada
0000064a
ffffef0a
fffff430
fffff6d6
ffffe692
ffffdd58
ffffd037
ffffc397
ffffc402
ffffc836
ffffd652
ffffe0bd
ffffd9f0
ffffe78e
fffffe49
000036aa
ffffde4e
ffffd3fb
ffffdb29
ffffeb6b
ffffedcd
fffff9ae
00001778
000025ce
00001678
00000d58
00000e92
00002477
0000251c
0000067f
000022b2
0000320a
00003042
00001788
fffffe6f
fffff64a
fffff4e8
fffffce0
fffffb27
fffff42a
fffff0f0
ffffd833
ffffd8cd
ffffed06
ffffecd8
fffff830
ffffff31
00003474
ffffe74e
ffffdd71
ffffdf71
ffffe918
ffffef72
fffffdca
000012ac
0000286f
000020ed
00000849
00002328
000025cd
000021cf
00001534
000032b1
00004a79
0000302b
000020e1
00001b8b
00000a57
000014c3
00001219
00001099
0000056b
00000bf3
fffff772
ffffdfb6
ffffd957
ffffec0d
fffff15b
fffff9ed
000032d3
ffffeacc
ffffe04e
ffffe39d
ffffe829
fffff41e
00000b87
00001aaa
00002b56
00001dc6
00000f44
000023d0
00002c6e
000021dd
000029b2
000040aa
000040e4
00002ae6
000024b8
00002205
00001321
000014d6
00001d8c
0000282e
0000237c
00002485
00001a8a
fffff7cd
ffffcc95
ffffe0ba
ffffecad
fffff687
00003485
ffffed80
ffffe42b
ffffea4a
ffffee56
fffff811
000015fe
00002049
00002526
00001ced
00001427
000020ea
00001e42
000027a8
00002d3a
000045fc
00002f9f
00002763
000023d3
00001a92
0000158e
00000d91
00000c8b
00001093
0000177a
000017bf
00001eb0
00001edb
ffffeaaa
ffffe1f6
fffff1fa
ffffff3f
00003ac4
ffffed45
ffffe210
ffffec4b
fffff0c3
fffff2ad
00000df6
000020fd
0000187b
000020b6
000022d1
000021a7
0000155b
0000202b
00002ecb
00003e69
00002aef
00001fa1
00001c1f
00001745
000011f0
0000099d
0000076f
000007d3
00000f15
00001386
00001efb
00001d97
fffffe8b
ffffeb44
fffffb01
00000566
00003c4a
ffffe6d7
ffffdf13
ffffecca
fffffac7
fffff76b
00000711
000021f4
00001cbf
000021f0
000026b4
00000bb1
fffffe20
0000047f
0000266e
00003b08
00002d54
00001adb
00001b5d
00000f95
000009dd
00000561
000007b7
000009ce
00000d9e
00001461
00001ba2
00002119
00000f6c
fffffb13
ffffffeb
00000d0c
00003980
ffffe525
ffffe2cd
fffff242
000000c3
fffffb67
0000074d
000020ce
00002924
00001abf
00002b86
ffffff19
ffffebff
fffffa7f
000022e3
00003294
00002ef1
00001bab
00002180
00000eae
00000499
000003c2
0000044b
00000714
000009bd
00000c28
00001657
00001ee2
00000a7b
fffff8fb
00000027
000008ad
0000380a
ffffe785
ffffe8c0
fffff8ed
000003e1
fffffdf1
00000146
00000b5d
0000079b
000006f1
00000560
00000c04
00000244
0000190f
000015d3
000029b0
00003203
00002a5f
00002935
00002184
00000ea6
0000099a
0000023a
000005eb
00000c17
00000b10
00001574
00002595
00001232
00000384
fffffc0e
000005a6
000037ee
ffffeeee
fffff16c
00000315
00000203
fffffb07
fffffdcc
000004c7
fffffc1c
00000463
00000951
00002948
000012c6
00000ec0
fffffccf
0000000f
00000a61
000020e6
00002cb9
00002998
0000158d
00000ee2
00000f44
0000146c
00001412
00000eb0
000014ff
00002850
0000110f
00000868
fffffaaf
000007a8
0000373d
fffffa49
fffffb56
000004f3
fffffc23
fffff7d2
fffff960
fffffcc3
fffff5ec
ffffe7de
fffff763
0000128f
00002639
00000e0d
fffff6c4
ffffeb27
fffff07b
000008c9
000020f4
00001d15
00000e3f
00000711
00000181
00001744
00001877
00000e6a
00001891
00002d36
00001969
000009f6
fffffc9a
00000648
00003a85
fffff56e
fffff32f
fffff3b4
ffffefdf
ffffe3d1
ffffdde2
ffffdfc3
ffffdb29
ffffdb77
ffffebf2
fffff5a2
00002ae4
00003338
0000170b
fffffa65
0000000f
00001068
00000af5
00000541
fffff3d4
ffffefd0
0000070f
000014d4
00001f6f
00001bc0
00001646
000033c0
00001a1e
00000510
fffff91c
000008a3
00003d72
fffff25b
ffffe84d
ffffe077
ffffd4e8
ffffd1e8
ffffcd26
ffffcda1
ffffce5c
ffffd4c7
ffffe12f
ffffe5e3
00001033
00003079
0000245b
00000438
00000109
000008fa
000004d4
ffffe380
ffffc42a
ffffcdb8
ffffee82
000014a4
00001abb
00002bd3
00002672
0000300d
00000ba3
ffffea77
ffffe2db
fffffe83
0000375d
ffffeae4
ffffd498
ffffcdc6
ffffc589
ffffcb64
ffffd2e2
ffffd308
ffffea06
ffffec0a
ffffee56
ffffe8ba
ffffdb23
fffffbb1
00000dc6
00000036
ffffff3c
000005f7
ffffeee5
ffffcb0f
ffffbb68
ffffc525
ffffd5c6
fffff902
000006e3
0000185f
00002a6b
000028d8
fffffe3e
ffffce88
ffffd471
ffffed60
00002ed6
ffffe1be
ffffd433
ffffc3c2
ffffcce2
ffffd079
ffffdb62
ffffe1a0
fffff657
ffffefd9
fffff527
fffff3ee
ffffe6df
ffffee66
fffff312
fffffb2d
00000249
fffff4a8
ffffe231
ffffcc79
ffffda79
ffffe080
fffff394
00000617
000000ab
ffffe9e6
fffffa01
000025f7
000019e0
ffffe832
ffffd90a
fffff463
0000328a
ffffe32e
ffffdda4
ffffd4e9
ffffd337
ffffd7e6
ffffe60e
ffffec51
fffff342
ffffeb87
ffffec69
ffffdeea
ffffe6a4
fffff3d5
fffff5f9
ffffe874
fffff31f
fffff4bd
ffffe50c
ffffdb66
ffffdf56
ffffeaae
fffff549
fffff67d
ffffe6fa
ffffd822
ffffe0e7
000001fd
000013a4
00000da7
ffffe563
fffff660
0000383b
ffffe539
ffffe4c9
ffffe459
ffffe059
ffffee53
fffff47c
fffff408
ffffe661
ffffdb79
ffffdef1
ffffe326
ffffe184
ffffff2a
fffffb6c
fffff439
ffffec0c
ffffff09
fffff780
fffffaf5
fffff3af
00000187
fffff65e
fffff4ca
fffff0e1
ffffdaab
ffffd759
ffffe069
ffffefed
00000505
fffff679
fffffbf7
00003cc7
ffffdb7e
ffffd8aa
ffffd9f0
ffffd8e2
ffffdf55
ffffd517
ffffd60a
ffffd7fe
ffffcecf
ffffcdda
ffffde5b
ffffdf32
ffffeb7e
fffff810
fffff2a6
ffffe9af
ffffee72
fffff12b
000007fe
fffff581
fffff2f4
ffffef1b
fffff3f4
ffffe47b
ffffe9cc
ffffcefd
ffffd86a
ffffde35
ffffeabc
fffff9b2
fffff7be
00003618
ffffe1c1
ffffd5b3
ffffcc45
ffffd160
ffffd889
ffffd5b7
ffffc77e
ffffd46e
ffffda6e
ffffd650
ffffd28b
ffffd8e5
ffffd549
ffffeb0d
ffffe9e7
ffffe1d0
ffffe9ed
ffffebad
fffff144
ffffdcd0
ffffd272
ffffc973
ffffdf6c
ffffefca
ffffedf7
ffffe02b
ffffdeb2
ffffe076
ffffda97
ffffe42e
ffffe115
00001822
000009dd
00001522
00001b35
0000185d
00002555
000021ac
000028f1
000030ea
00003b34
0000315d
000024a2
00001f75
0000197f
00001e98
00002913
00002d9d
00002a21
00002f96
00002c5b
00002120
00001bb5
00000f5f
00001839
00002502
00002fae
00002f69
00002ac0
000038d8
00003438
000032b8
000030ff
0000279e
fffff0f7
ffffe187
ffffe6e4
ffffdec9
ffffe124
ffffe65a
ffffe6ad
ffffece3
ffffec96
ffffef36
ffffec09
ffffed08
ffffeb29
ffffe73a
ffffe865
ffffe9ac
ffffeb39
ffffe85b
ffffe802
ffffe760
ffffe888
ffffe4e6
ffffdb82
ffffd7c2
ffffdabf
ffffd69c
ffffd420
ffffd944
ffffdace
ffffdaeb
ffffdfdb
ffffec35
fffffc77
fffffad5
fffffb5c
fffff04e
ffffe7b4
ffffe2ce
ffffe9f6
ffffed3d
fffff1b6
fffff82c
ffffed94
ffffef26
ffffe8ff
ffffe407
ffffe12f
ffffe4ce
fffff1fc
fffff3ff
ffffece7
ffffe746
ffffeb79
fffff3d0
ffffeb0f
ffffe9e6
fffff369
ffffed16
ffffe1d9
ffffdda6
ffffe55c
ffffe1b1
ffffdce0
ffffe573
fffffe15
fffffbbe
000003e9
00000119
fffff857
ffffe9d2
ffffeb3c
ffffe480
ffffebf0
ffffe42a
ffffdf81
ffffe076
ffffefe9
fffff574
ffffef1c
ffffe951
ffffedc6
fffff94e
fffff6af
ffffec40
ffffec5b
fffff704
fffff7f0
fffff92e
0000010d
fffffd10
fffff3fa
fffff0fb
fffff8c4
fffff8a8
ffffefaf
ffffee59
000000bb
fffff83e
fffffa6e
fffff209
ffffeb7d
ffffe50a
ffffdcfc
ffffda26
ffffd936
ffffd680
ffffd33f
ffffcdc3
ffffe581
fffffc7a
fffff670
ffffeba6
ffffee66
ffffefd7
ffffe9a3
ffffdeba
ffffd652
ffffe040
ffffee8e
fffff36b
fffff684
fffff0dd
ffffeeb2
fffff006
fffff540
ffffff63
fffffbac
ffffeee7
fffffce1
fffff02f
fffff3ac
ffffebb2
ffffe1b9
ffffd1bf
ffffcdf4
ffffd322
ffffcf71
ffffccbd
ffffcb0b
ffffdbe6
ffffeccb
fffff7a7
ffffef7e
ffffea9e
fffff0c8
ffffed4e
ffffe145
ffffd732
ffffd0e5
ffffd987
ffffe725
ffffea75
ffffee15
ffffeb8f
ffffe9e0
ffffefbf
ffffefda
fffff42e
fffff6e1
ffffe93a
fffffd42
fffff60a
fffff22a
ffffe987
ffffd0ab
ffffb1b4
ffffc177
ffffc04b
ffffbf3b
ffffb788
ffffb6ed
ffffd9b6
fffff414
fffffb47
fffff225
fffff21e
ffffed30
ffffe3a4
ffffe32d
ffffe1d9
ffffe47c
ffffeb3b
ffffeb6f
ffffedef
fffff00d
fffff031
fffff410
fffff1a4
ffffec3a
ffffeb1a
fffff5b6
ffffe855
fffffaaa
fffff784
fffff2a3
ffffe845
ffffdeae
ffffcdf3
ffffd02f
ffffd47f
ffffc82d
ffffba6d
ffffaa27
ffffd640
fffff8ce
fffffd3e
fffff156
ffffee6b
ffffeed0
ffffe7e5
fffff1f5
fffffe8e
fffffdb2
fffff71b
fffff557
fffffdad
fffffd86
fffffc95
00000085
ffffff16
fffffd5f
fffff42e
ffffff97
ffffeec6
fffff2c6
ffffdd5c
ffffd52c
ffffd50b
ffffe858
fffff9b0
ffffe892
ffffe3a6
ffffdcbd
ffffcf1c
ffffbea7
ffffcb74
ffffefc0
fffff43c
ffffe771
ffffcd92
ffffe192
ffffe109
ffffeffa
fffff29b
fffff373
ffffe800
ffffe902
ffffeda6
ffffea8e
ffffe806
ffffeebc
fffff44d
fffff3e2
ffffeee2
fffffa04
fffff168
ffffede6
ffffcbd8
ffffc4bf
ffffbbe0
ffffd5bb
ffffec02
00000975
ffffe15c
ffffdccb
ffffca2c
ffffd81c
ffffd7b4
ffffddc9
ffffe774
ffffe6a1
ffffc691
ffffc089
ffffcc3d
ffffce9a
ffffcf82
ffffd4e3
ffffd302
ffffd92d
ffffd3cc
ffffc5fa
ffffba8d
ffffca1c
ffffca9f
ffffcd90
ffffc9b6
ffffdcad
ffffe428
fffff50c
ffffdb22
ffffcf0e
ffffce00
ffffcddf
ffffd003
fffff22d
ffffd6d0
ffffb41d
ffffb644
ffffe82d
ffffebab
ffffed52
ffffe022
ffffdf69
ffffd03b
ffffcce1
ffffc9d2
ffffd6c8
ffffd916
ffffd565
ffffd30c
ffffd79a
ffffce68
ffffca6c
ffffc5e7
ffffcc88
ffffcf90
ffffcb98
ffffc5c9
ffffd808
ffffdbbb
fffffa5d
ffffe218
ffffd5c8
ffffd7fe
ffffd3ee
ffffc5b5
ffffccd8
ffffbae4
ffffabca
ffffd14d
fffff39a
000003a8
fffff7ce
ffffde36
ffffe789
ffffde9d
ffffd902
ffffcb0e
ffffce89
ffffd160
ffffd47e
ffffd76c
ffffddd5
ffffd8b1
ffffd606
ffffd021
ffffd150
ffffd0d6
ffffd331
ffffce1a
ffffda18
ffffdda0
fffff310
ffffe380
ffffe40b
ffffe69d
ffffeb67
ffffda30
ffffb385
ffffbf7f
ffffc58b
ffffdc37
ffffe5f8
fffff5db
ffffe4a1
ffffe212
ffffea18
fffffe4a
fffff4ef
ffffda49
ffffd588
ffffe031
ffffe786
ffffe790
ffffe8ea
ffffe671
ffffeb68
ffffe413
ffffe63d
ffffe02b
ffffdcda
ffffdb6a
ffffe785
ffffead1
fffff326
ffffe7e2
ffffe5ee
ffffde46
ffffe4fd
ffffe1b5
ffffbcdb
ffffc998
ffffdaca
ffffe467
ffffe766
ffffe59e
ffffd54b
ffffd456
ffffca62
ffffcdd5
ffffd7a1
ffffe71d
ffffd81a
ffffe243
ffffe8c5
ffffe42a
ffffdb19
ffffdcb1
ffffe62e
ffffecaf
ffffe88d
ffffe762
ffffe181
ffffddde
ffffe3cd
ffffe8b8
fffff5af
fffff0d7
ffffe91f
ffffdf54
ffffdb7b
ffffd61e
ffffc68b
ffffd312
ffffc7a1
ffffd866
fffff057
ffffe88f
ffffde37
ffffbc00
ffffae1c
ffffbdde
ffffb4c2
ffffce39
ffffe4f6
ffffe13b
ffffd9dc
ffffd37d
ffffc77e
ffffd18f
ffffe098
ffffecb7
ffffe741
ffffde8c
ffffe53c
ffffde9a
ffffe280
ffffdc3d
fffff4b3
fffff125
fffff29d
ffffe8cc
ffffdb62
ffffd1ed
ffffbc12
ffffcd70
ffffc5af
ffffd1af
ffffd367
fffff135
ffffe5a2
ffffb7be
ffffa5c9
ffffab78
ffffa657
ffffc127
ffffd8de
ffffdf4a
ffffe14a
ffffd332
ffffca5e
ffffd002
ffffd763
ffffe4b1
fffff048
ffffdfe9
ffffeb3c
ffffe4d5
ffffe59e
ffffdae1
fffff5c9
ffffee85
fffff2b6
ffffe984
ffffe233
ffffd4d6
ffffbc54
ffffce8f
ffffc9f2
ffffce5d
ffffccfa
ffffd936
ffffedfc
ffffcbd0
ffffbbd3
ffffbe8c
ffffcb9a
ffffdf4c
ffffdc9d
ffffde36
ffffda16
ffffd57f
ffffcc02
ffffc93f
ffffc765
ffffcfe1
fffff511
fffff7bd
ffffe7ca
ffffeb57
ffffe84e
ffffdcb7
fffff348
ffffed78
ffffef17
ffffeb77
ffffe355
ffffd2ca
ffffbe51
ffffd375
ffffd41a
ffffe046
ffffe09f
ffffda1d
ffffe23b
ffffd17b
ffffcd12
ffffcf2e
ffffe23b
ffffeb83
ffffe7f6
ffffe925
ffffe7ed
ffffe90e
ffffdf41
ffffcfbc
ffffc1ea
ffffd7b3
ffffe408
0000028e
fffff2ee
ffffee89
ffffe6ef
ffffdb18
fffff400
ffffea95
ffffed01
ffffef57
ffffe6c6
ffffd5e2
ffffbcd3
ffffd667
ffffe22c
ffffe3d7
ffffe07d
ffffe2d3
ffffd13c
ffffd0d9
ffffd76d
ffffd73f
ffffdf9c
ffffe3f3
ffffe463
ffffe5aa
ffffe8fc
ffffee51
ffffed0b
ffffe9c5
ffffdd56
ffffe4ec
ffffe63c
fffff31b
fffff78a
ffffeff7
ffffe71d
ffffdba7
fffff31a
ffffedb1
ffffef4a
ffffeb61
ffffef87
ffffe57e
ffffc8a5
ffffd61e
ffffe472
ffffddbf
ffffcd06
ffffce98
ffffceef
ffffe4e9
ffffe1a1
ffffdfeb
ffffe15b
ffffdbda
ffffe34b
ffffe1bb
ffffe44d
ffffe751
ffffeb30
ffffea93
ffffea21
ffffe511
ffffe5d4
ffffed65
ffffee9e
ffffec60
ffffe678
ffffdf53
fffff0ae
ffffecfd
fffff330
ffffe99a
ffffe895
ffffecf5
ffffd2cc
ffffc8e7
ffffe356
ffffd849
ffffdda0
ffffdf18
ffffce37
ffffe92f
fffff4f5
ffffecf0
ffffe374
ffffe463
ffffe3a5
ffffdf73
ffffe2dd
ffffe6b4
ffffe8a6
ffffe955
ffffe855
ffffe8d2
ffffe96c
ffffead9
fffff05d
ffffef68
ffffe7d2
ffffe3e7
fffff314
ffffeef5
fffff8bd
ffffede8
ffffed60
fffff76b
ffffeb5c
ffffdb24
ffffeb48
ffffd96a
ffffd555
ffffe429
ffffd693
ffffe2a3
ffffe692
ffffefaa
ffffeb5c
ffffe886
ffffe7fe
ffffe919
ffffe8dd
ffffee25
fffff49e
fffff0f8
ffffeb8c
ffffeb80
ffffec7f
fffff1c6
fffff66c
ffffeab6
ffffe6f4
ffffe9d4
fffff3f2
ffffede8
fffff9a8
fffff3cf
fffffb8a
fffffba6
000002c6
fffff599
ffffdd9e
ffffe559
ffffd2e4
ffffc4ef
ffffb95a
ffffb7c7
ffffc9e8
ffffdb3a
fffff26b
fffff000
ffffef81
fffff1b0
ffffefde
ffffe9af
ffffeefc
fffff265
ffffee2b
ffffedd2
ffffed85
fffff83a
fffff685
ffffed26
ffffe695
ffffe5c8
ffffef9e
ffffe9fb
fffff5df
fffff1ec
fffff0a7
ffffedc4
fffffb29
fffff6ff
ffffe552
ffffdb8d
ffffd45e
ffffc50f
ffffbaa9
ffffc4b2
ffffae5a
ffffc93a
ffffe1ea
ffffe877
fffff000
fffff4ba
000003a2
fffff975
ffffec19
fffff1c5
ffffecc7
ffffea32
ffffeaff
fffff6b4
fffffa1c
fffff21b
ffffee71
ffffe4b9
fffff1fa
ffffebfb
fffff463
ffffeb35
ffffe3f5
ffffead4
fffff1ee
fffff8ec
fffff2d2
ffffe6f9
ffffccb8
ffffc4fb
ffffb5bd
ffffd976
ffffc910
ffffbabc
ffffb7cf
ffffc584
ffffd830
ffffea76
fffff714
0000083b
fffff870
fffff73c
ffffee9e
ffffea7c
ffffec9d
fffff77f
0000048b
fffff4e9
fffff5eb
fffff08b
fffff75c
ffffef70
fffff912
fffff72a
ffffedf7
fffff2ae
fffff549
fffff4e0
ffffe8a1
ffffe415
ffffc3a0
ffffd3c2
ffffca14
fffff19c
ffffd856
ffffd387
ffffbe19
ffffb24d
ffffc519
ffffcebc
ffffcf39
ffffdc75
ffffedd5
ffffee5a
ffffeb80
ffffefb7
fffffa0d
fffff849
00000024
fffff08b
fffff284
fffff3b4
fffffb04
fffff07e
fffff358
fffff5b9
fffff9f5
fffff7e1
fffff6cf
ffffed3e
ffffdb75
ffffe615
ffffddf1
000006e3
ffffea1b
fffff981
ffffd67f
ffffd25f
ffffd197
ffffd1a5
ffffda1d
ffffe417
ffffd4a7
ffffcb61
ffffe2c7
fffff133
fffff418
fffffaa6
00000675
0000002c
fffffa29
ffffed22
ffffe44a
ffffe0aa
fffffaff
fffff4a8
fffff6b9
ffffedcd
fffff4b8
fffff39d
ffffef6e
ffffee4a
ffffdfb4
ffffe24c
ffffe6b1
00001482
fffffc9a
fffff8c3
ffffd6a3
ffffe9d8
fffff16d
ffffecdc
ffffe69d
ffffdf99
ffffd439
ffffc478
ffffcaa0
ffffd069
fffff07f
fffff920
000006e8
00000e27
fffff844
ffffe276
ffffeba1
ffffe607
fffff65c
ffffe9e8
fffff02d
fffff469
fffff6ec
fffff56c
fffff2ec
fffff076
fffff85a
fffffe20
fffffa6e
000011c1
0000040d
ffffef8d
ffffd903
fffff51d
fffff913
fffff4f8
ffffdb37
ffffe05a
ffffed68
ffffdfcf
ffffd6a0
ffffe42a
ffffe7a0
ffffe62d
ffffebc5
fffff000
0000025b
fffff553
fffff557
ffffeccd
fffff598
ffffee94
ffffef1e
ffffeff5
ffffe9d5
ffffeaa3
fffff470
fffff133
fffff4c1
fffff9c0
0000011e
ffffff99
ffffffb2
fffff703
ffffeaa6
000000ee
ffffe248
ffffd9f7
ffffd325
ffffdb9a
ffffec74
ffffe83b
ffffdac7
ffffe9b9
fffff3c8
ffffe684
ffffef59
ffffe875
ffffff8f
fffff468
fffff7ef
ffffea5b
fffff0ae
fffff031
fffff048
fffff1da
fffff0be
ffffea26
fffff0d5
fffff10c
fffff44a
fffff4f7
ffffee31
ffffe8e4
ffffe34f
ffffef62
ffffe47e
ffffed4a
ffffd635
ffffd215
ffffe072
ffffdfd0
ffffdb97
ffffd97d
ffffdde0
fffff322
fffff309
ffffec26
ffffe205
ffffd1df
ffffeaa2
ffffe6c4
fffff5a3
ffffe5f1
ffffef96
ffffe459
ffffdd30
ffffdb25
ffffd88f
ffffdd47
ffffe547
ffffe911
ffffd9aa
ffffdabe
ffffd9f9
ffffd025
ffffd1d1
ffffddbc
ffffe3a1
ffffe974
ffffdc78
ffffd425
ffffde99
ffffe079
ffffdf05
ffffe25e
ffffde68
ffffde61
ffffd8aa
ffffd99e
ffffd812
ffffdb88
ffffe702
ffffe5a9
ffffefc6
ffffe098
ffffe590
ffffdcc5
ffffcba2
ffffc01b
ffffc717
ffffc92a
ffffcafa
ffffceb8
ffffcd70
ffffc9c2
ffffc9ab
ffffc8f9
ffffc4fa
ffffc39c
ffffc7b0
ffffcdbc
ffffcc6a
ffffcddc
ffffd40e
ffffdd56
ffffdb97
ffffe258
ffffd161
ffffca64
ffffc45f
ffffc5fa
ffffc12d
ffffd241
ffffd429
ffffce0f
ffffd6e0
ffffd86e
fffff683
ffffffed
fffff90f
fffff26b
fffff2d8
fffff242
fffff8a2
fffff8db
fffffd0d
fffff9b2
fffffa45
fffff901
fffff9a5
fffff39f
fffff2d6
fffff012
fffff7f9
fffffb25
fffff7de
ffffefc7
ffffefc6
fffff586
fffff949
ffffeb98
ffffee3d
fffff16b
fffff783
ffffe3e3
ffffe541
fffff488
fffff704
ffffecb3
fffff46f
00000393
ffffecb1
ffffe495
ffffda57
ffffdce6
ffffe3de
ffffe4d0
ffffefbf
ffffe711
ffffecfc
ffffe52a
ffffe789
ffffdd19
ffffdba8
ffffd7b5
ffffdc80
ffffe9b3
ffffed27
ffffda9a
ffffd536
ffffe858
fffff35d
ffffeb94
ffffed10
ffffe576
ffffe619
ffffd325
ffffc7ce
ffffdd06
ffffe78f
ffffe2c8
fffffe1d
000018ab
00000bbc
000005d0
fffff35d
fffff00f
fffff3a5
ffffe39b
fffffccc
fffffbe2
ffffffe1
fffff98a
00000207
fffffb49
fffff2fd
fffff2c4
fffff3fe
fffffc7c
00000838
fffff2f9
ffffeb26
fffff84b
fffffe17
fffffbff
000004cb
fffffcaa
fffffbf8
fffffbc3
ffffec83
fffff603
fffffc7e
ffffeb73
ffffebd6
fffff95f
000000bb
0000018a
ffffec55
ffffcf97
ffffbea3
ffffc797
ffffef84
00000e4b
fffffb61
ffffe8ba
fffff4aa
00000177
fffffb81
ffffe2ed
ffffe223
ffffece7
fffffcb2
ffffec85
ffffdf42
ffffdde7
ffffebbe
ffffe9cc
fffff785
fffffb57
fffff592
fffff6d3
fffff6af
ffffff4d
fffffb3a
ffffe779
fffff3bc
0000032d
000002b0
0000040d
ffffea74
ffffb8bb
ffff95b1
ffffb8ca
00000d11
000010f8
ffffffda
fffff220
fffff6a8
000000a0
000009d9
fffff1c0
ffffe9cd
fffff505
ffffff92
ffffedda
ffffd287
ffffd301
ffffdd76
ffffed5d
fffff7c4
fffffa04
fffff5bd
ffffeb19
ffffe9ad
fffff9fa
fffff6a5
ffffe5a8
fffffa72
00000fd2
fffffc19
fffff203
ffffda59
ffffa3da
ffff852b
ffffe924
00002bf5
00000082
fffff8e9
00000582
fffffedb
000002d5
000007c1
fffff8c1
fffff34c
ffffebb0
fffff921
ffffeea3
ffffe1b9
ffffe765
ffffe4f1
fffff59f
fffff7dc
fffff61e
ffffef6f
ffffeb75
ffffe9fa
ffffed6f
ffffedc1
ffffe501
fffff5ad
000013e7
fffff8a1
ffffdd00
ffffd277
ffff9c4e
ffff93e5
ffffebd6
00001e8b
ffffe339
ffffd92d
ffffee47
00000529
000003d7
00000109
fffff74c
fffff197
ffffe5f2
ffffecd1
ffffea94
fffffb04
fffffb83
ffffecc6
ffffef14
fffff568
fffff16a
ffffecde
fffff3b0
ffffefc0
ffffe1a9
ffffe534
ffffe198
ffffeb4a
00000356
ffffe76a
ffffcf17
ffffb882
ffffb466
ffffbcbd
ffffe839
ffffece0
ffffe17f
ffffc72f
ffffeafc
000003b8
000000f6
ffffe754
fffff59a
ffffebab
ffffe14b
ffffdb53
ffffd196
ffffe65c
ffffee5c
ffffdca7
ffffe904
fffff357
ffffe488
ffffe226
ffffe8c6
ffffeb8f
ffffd763
ffffcd10
ffffdfd1
ffffd148
ffffea54
ffffe173
ffffd282
ffffbcce
ffffc5f3
ffffce76
ffffd351
ffffd458
ffffc2ae
ffffd4b5
ffffe927
fffff0bb
ffffff6b
ffffc27d
ffffde06
fffff4ae
ffffe477
ffffcede
ffffb54f
ffffc3c9
ffffe392
ffffd7c1
ffffe5cf
ffffdb09
ffffd214
ffffcfc4
ffffd4e5
ffffdfa8
ffffcadf
ffffbff3
ffffd29d
ffffe879
fffff41d
ffffebd1
fffff4b4
ffffc5f5
ffffbed0
ffffc826
ffffc62d
ffffbca2
ffffbd43
ffffe52b
fffffa41
ffffe45a
fffffa0a
ffffd1e5
ffffcdae
ffffe5ec
ffffd8f8
ffffc9de
ffffb2e5
ffffbc6f
ffffe4aa
fffff7d7
ffffecd3
ffffcff3
ffffd653
ffffd451
ffffd36d
ffffd1e1
ffffd639
ffffc411
ffffc69d
0000058f
00000c4b
fffffbe7
000012ad
ffffe49d
ffffe1c9
ffffd9cb
ffffbd3b
ffffb1c9
ffffd060
ffffd547
fffff5ac
ffffeed2
ffffd673
ffffe297
ffffd262
ffffefd8
fffff463
ffffdf64
ffffe456
ffffe77d
fffff9cd
00000dd0
00000533
fffff986
fffffb40
fffff91d
fffffc14
ffffed1b
fffff85b
ffffe0eb
ffffca1a
ffffffa2
00001130
fffff552
ffffffcd
00000278
fffff54f
ffffe84d
ffffc882
ffffbf3e
ffffc8fe
ffffccb2
ffffff76
fffff6b4
ffffdfbc
0000050f
fffffa5c
ffffe6b8
fffff463
ffffec7d
fffffffb
00000665
0000036c
0000041b
000003b3
fffffe12
fffffd29
ffffffe2
0000047a
fffffb48
ffffffcc
ffffef9b
ffffdc90
fffff721
00000d3c
fffff346
fffff169
00000567
ffffedbb
ffffd4cf
ffffd2c2
ffffe8db
ffffc17b
ffffdb7f
fffffb11
fffff418
fffffcef
00000ce4
fffff3f0
ffffe0cc
ffffd1b7
ffffc871
ffffda92
fffffa4d
fffffabf
fffffb1c
00000346
000003e7
fffff713
ffffea66
fffff7d6
fffff615
fffff282
ffffe2b9
ffffd3ca
fffffc45
000010e7
fffff26b
ffffedda
fffff59c
ffffdb2e
ffffbdb9
ffffc104
ffffd5ea
ffffd8ec
ffffe56f
ffffeec8
fffff163
00000d4a
fffffbc1
ffffcdd9
ffffca25
ffffcf39
ffffd3fb
ffffe5ff
fffff644
ffffe6c6
ffffd98d
ffffddd8
ffffe783
fffff32a
ffffe7d6
ffffdec6
fffff41f
ffffecd4
ffffdf44
ffffd36a
fffffb77
0000099a
fffff6a7
fffff319
fffff418
ffffdc8f
ffffb5f0
ffffb709
ffffcc13
ffffe33d
fffff0fb
ffffec15
ffffdde6
ffffe402
ffffe889
ffffd22f
ffffcb7c
ffffd416
ffffe81f
fffff118
ffffed15
ffffdc0b
ffffd68b
ffffda5b
ffffe245
ffffe230
ffffecb3
ffffdaf9
ffffef1e
ffffee40
ffffe399
ffffdece
fffff825
00000466
fffff2dc
fffff5fb
fffff384
ffffdc36
ffffbbdb
ffffb0b7
ffffc44c
ffffe004
ffffefc2
ffffe4cb
ffffd658
ffffc341
ffffca62
ffffd4d1
ffffdc63
ffffe4ee
ffffe455
fffff55d
fffff1c1
ffffe059
ffffe3e5
ffffe22e
ffffd539
ffffdc53
ffffe7fb
fffff41b
ffffe726
ffffee65
ffffe9f4
ffffe36f
fffffc38
ffffff17
ffffe73e
fffff02a
fffff3c9
ffffe0a0
ffffc66b
ffffac62
ffffb878
ffffda75
ffffe714
ffffe56f
ffffd5d9
ffffd455
ffffd2f3
ffffdc4d
ffffe48d
ffffe38f
ffffe03c
ffffe9f3
ffffeb7d
ffffe2f8
ffffe168
ffffe30e
ffffda5a
ffffe10d
ffffe09f
fffff716
ffffecea
ffffe3d9
ffffe7e0
ffffdf9e
00000119
fffffbdd
ffffe7fc
ffffe957
ffffefa9
ffffe593
ffffc7d8
ffffafb6
ffffb961
ffffda1a
fffff028
ffffe8db
ffffe875
ffffe9a5
ffffdf27
ffffec2b
ffffed1a
ffffdd52
ffffdde4
ffffe3a9
ffffe5ad
ffffe63c
ffffe5e8
ffffe4e0
ffffdf59
ffffdd0e
ffffe4ed
fffffaa9
fffffb23
ffffe47e
ffffe844
ffffdf2b
000002c0
ffffff47
ffffef59
ffffee36
ffffefed
fffff617
ffffcdba
ffffb403
ffffc42c
ffffc7fc
ffffe4c0
ffffe4b9
ffffeb83
ffffee66
ffffd428
ffffe658
ffffe980
ffffe26d
ffffe649
ffffe331
ffffdfcb
ffffe493
ffffe8ec
ffffea26
ffffe17e
ffffe135
ffffedeb
fffffb0d
fffffe1f
ffffeadc
ffffe6be
ffffe462
000006c1
000001e2
fffff698
fffff230
ffffeebe
fffff9fc
ffffe09f
ffffb7dc
ffffb7ab
ffffc3ed
ffffde56
ffffe3c5
ffffeecb
ffffebd2
ffffd19d
ffffe773
ffffec17
ffffed49
ffffebc7
ffffe819
ffffdc0c
ffffe0b7
ffffe4fb
ffffe683
ffffde5f
ffffe19f
ffffea95
fffff558
000004b1
ffffec5f
ffffe756
ffffe64c
000004c1
00000228
fffff4f1
fffff1af
ffffedb2
fffff8c2
fffff294
ffffd09d
ffffb141
ffffb889
ffffd942
ffffdf34
ffffd3bf
ffffd705
ffffd906
ffffd39b
ffffe546
ffffedda
fffff433
ffffed3d
ffffe3de
ffffde04
ffffea96
ffffe0ad
ffffe386
ffffe9ca
ffffed57
fffff8cf
000009c5
ffffeeab
ffffe5d9
ffffde90
ffffff44
0000018b
fffff2dd
fffff13c
ffffef32
ffffe84f
fffff901
ffffee9a
ffffbcf9
ffffb288
ffffdcc1
ffffde7e
ffffc27b
ffffc79c
ffffe7ad
ffffd8b6
ffffd994
ffffe1a6
ffffe23d
ffffe540
ffffe4a1
ffffdae0
ffffdc01
ffffe038
ffffe6a9
ffffeb0c
ffffeb65
fffffd9a
00000788
ffffec54
ffffdd3a
ffffdbf3
fffffb6b
fffffdf7
fffff305
ffffefc4
ffffe70a
ffffdc97
ffffe3ef
ffffe931
ffffd534
ffffb7d2
ffffddec
ffffe4e0
ffffd2fd
ffffbcde
ffffce5f
ffffe668
ffffdd05
ffffde5b
ffffe2e1
ffffdec0
ffffdb6a
ffffd4fb
ffffcfe5
ffffe6ae
ffffe715
ffffe92e
ffffe4e0
fffffccc
00000a11
ffffedc2
ffffdcf2
ffffd41f
fffff670
fffff3e3
ffffed1b
ffffe2bb
ffffdf12
ffffdd4c
ffffe15d
ffffedae
ffffdeb4
ffffbf46
ffffd9be
ffffd990
ffffd60b
ffffe75d
ffffdf6a
ffffe011
ffffccc0
ffffdb2d
ffffda7a
ffffdaac
ffffcc92
ffffc781
ffffd296
ffffe749
ffffe2fa
ffffe6e9
ffffe3e8
fffff3f3
000002cd
fffff8ee
ffffe0e1
ffffced5
ffffeecf
ffffe7c6
ffffe3be
ffffe809
ffffe097
ffffdad8
ffffe1f8
fffff4a4
ffffefc9
ffffd25d
ffffce05
ffffb9e2
ffffb64e
ffffe969
fffff20d
ffffd201
ffffaf45
ffffca8f
ffffe6c8
ffffdc16
ffffbfb0
ffffc2fd
ffffd9f6
ffffe887
ffffd550
ffffe887
ffffe710
ffffef4b
fffff253
fffffc13
ffffddc2
ffffcb90
fffff4a9
fffffb6f
ffffe71c
ffffe6fc
ffffe9ed
ffffea0c
ffffec8d
ffffed53
ffffe4a6
ffffe1b0
ffffd8f3
ffffc6b3
ffffb250
ffffd621
ffffd9f7
ffffd29d
ffffcb0d
ffffdb0e
ffffe8a1
ffffe7e1
ffffc618
ffffae8f
ffffcd95
ffffdf8b
ffffcb6b
ffffdc4a
fffff68b
0000040f
fffff717
ffffe3a9
ffffcf29
ffffd248
fffff5aa
fffff56f
ffffe146
fffff0c2
fffff7d6
fffff52a
fffff168
ffffe8a5
ffffe232
ffffdddf
ffffd655
ffffc068
ffffce81
ffffd173
ffffc49f
ffffd7c4
ffffdc2c
fffffc3c
fffffad9
fffffe77
ffffdb8a
ffffbbc3
ffffbe85
ffffcad5
ffffc65a
ffffd53d
ffffeabd
00000532
0000083d
ffffd631
ffffd4ae
ffffde26
fffff56a
fffff6a6
ffffdbfd
ffffe891
fffff885
fffff16b
ffffe9dc
ffffe50b
fffff98e
ffffed21
ffffd7e5
ffffbea8
ffffdf99
ffffdc80
ffffd625
ffffd19f
ffffe18b
fffff915
ffffee74
fffff274
ffffe6e3
ffffd21a
ffffd099
ffffc6c4
ffffd8f8
ffffd2fc
ffffd196
ffffe98f
0000190e
ffffee51
ffffd926
ffffdc47
fffff4d8
0000005b
ffffdc2a
ffffe06c
ffffed5a
ffffe5f6
fffff0ac
fffff43b
fffff83e
ffffe449
ffffd065
ffffc843
ffffcb70
ffffde95
ffffde6e
ffffcfb0
ffffe2a5
ffffde63
ffffdcbe
ffffe090
ffffe787
ffffe325
ffffb9af
ffffcf2b
ffffeb4c
ffffc9fa
ffffa4ee
ffffc05d
fffff5c6
fffff264
ffffd3c2
ffffe341
fffff27b
00000b27
ffffec28
ffffe922
fffff2e2
ffffe687
ffffdcbf
ffffe6c4
ffffdf3e
ffffcee5
ffffcb29
ffffdbb6
ffffdbea
ffffea4d
fffff2a0
ffffeb7d
ffffdfeb
ffffd0f7
ffffdf9c
ffffe502
ffffef75
ffffe914
ffffd49b
ffffd9e0
ffffdfeb
ffffdaf8
ffffb978
ffffcae1
ffffdbcf
ffffe8a9
ffffde29
ffffd689
ffffef4e
00000de7
fffff0aa
ffffeafc
ffffe56f
ffffdca6
ffffe98b
ffffecd3
ffffe75c
ffffd368
ffffc6d7
ffffce03
ffffd586
ffffe5f7
ffffde1d
ffffe4e0
ffffd38a
ffffc823
ffffce27
ffffd413
ffffe0a1
ffffd3dc
ffffd4d9
ffffdb47
ffffde08
ffffe2e3
ffffd692
ffffbe16
ffffd4e8
ffffdbb4
ffffd8d4
ffffef9b
ffffdf6b
fffff894
ffffefaf
fffff128
ffffe9f0
ffffe35e
ffffe41d
ffffdf0b
ffffe400
ffffe133
ffffd978
ffffd782
ffffe0da
ffffdc1f
ffffe79c
ffffeec9
ffffef9c
ffffe8fa
fffff2b8
fffff6e1
ffffebb5
ffffe6b8
ffffe3e6
ffffda68
ffffd468
ffffe29b
ffffde7b
ffffdc4e
ffffdc9b
ffffe756
ffffdf54
ffffe829
