Copyright 1986-2022 Xilinx, Inc. All Rights Reserved. Copyright 2022-2025 Advanced Micro Devices, Inc. All Rights Reserved.
-----------------------------------------------------------------------------------------------------------------------------------------------------------------------------------------------------------------------------------------------------------------
| Tool Version      : Vivado v.2025.2 (lin64) Build 6299465 Fri Nov 14 12:34:56 MST 2025
| Date              : Thu Jun  4 10:28:48 2026
| Host              : pah-PC running 64-bit Ubuntu 24.04.4 LTS
| Command           : report_timing_summary -max_paths 10 -routable_nets -report_unconstrained -file tpu_top_axi_lite_timing_summary_routed.rpt -pb tpu_top_axi_lite_timing_summary_routed.pb -rpx tpu_top_axi_lite_timing_summary_routed.rpx -warn_on_violation
| Design            : tpu_top_axi_lite
| Device            : xczu7ev-ffvc1156
| Speed File        : -2  PRODUCTION 1.30 05-15-2022
| Design State      : Routed
| Temperature Grade : E
-----------------------------------------------------------------------------------------------------------------------------------------------------------------------------------------------------------------------------------------------------------------

Timing Summary Report

------------------------------------------------------------------------------------------------
| Timer Settings
| --------------
------------------------------------------------------------------------------------------------

  Enable Multi Corner Analysis               :  Yes
  Enable Pessimism Removal                   :  Yes
  Pessimism Removal Resolution               :  Nearest Common Node
  Enable Input Delay Default Clock           :  No
  Enable Preset / Clear Arcs                 :  No
  Disable Flight Delays                      :  No
  Ignore I/O Paths                           :  No
  Timing Early Launch at Borrowing Latches   :  No
  Borrow Time for Max Delay Exceptions       :  Yes
  Merge Timing Exceptions                    :  Yes
  Inter-SLR Compensation                     :  Conservative

  Corner  Analyze    Analyze    
  Name    Max Paths  Min Paths  
  ------  ---------  ---------  
  Slow    Yes        Yes        
  Fast    Yes        Yes        


------------------------------------------------------------------------------------------------
| Report Methodology
| ------------------
------------------------------------------------------------------------------------------------

Rule       Severity          Description                                 Violations  
---------  ----------------  ------------------------------------------  ----------  
TIMING-17  Critical Warning  Non-clocked sequential cell                 1000        
DPIR-2     Warning           Asynchronous driver check                   375         
SYNTH-6    Warning           Timing of a RAM block might be sub-optimal  18          
SYNTH-9    Warning           Small multiplier                            128         
SYNTH-10   Warning           Wide multiplier                             16          

Note: This report is based on the most recent report_methodology run and may not be up-to-date. Run report_methodology on the current design for the latest report.



check_timing report

Table of Contents
-----------------
1. checking no_clock (9980)
2. checking constant_clock (0)
3. checking pulse_width_clock (0)
4. checking unconstrained_internal_endpoints (27147)
5. checking no_input_delay (39)
6. checking no_output_delay (37)
7. checking multiple_clock (0)
8. checking generated_clocks (0)
9. checking loops (0)
10. checking partial_input_delay (0)
11. checking partial_output_delay (0)
12. checking latch_loops (0)

1. checking no_clock (9980)
---------------------------
 There are 9980 register/latch pins with no clock driven by root clock pin: s_axi_aclk (HIGH)


2. checking constant_clock (0)
------------------------------
 There are 0 register/latch pins with constant_clock.


3. checking pulse_width_clock (0)
---------------------------------
 There are 0 register/latch pins which need pulse_width check


4. checking unconstrained_internal_endpoints (27147)
----------------------------------------------------
 There are 27147 pins that are not constrained for maximum delay. (HIGH)

 There are 0 pins that are not constrained for maximum delay due to constant clock.


5. checking no_input_delay (39)
-------------------------------
 There are 39 input ports with no input delay specified. (HIGH)

 There are 0 input ports with no input delay but user has a false path constraint.


6. checking no_output_delay (37)
--------------------------------
 There are 37 ports with no output delay specified. (HIGH)

 There are 0 ports with no output delay but user has a false path constraint

 There are 0 ports with no output delay but with a timing clock defined on it or propagating through it


7. checking multiple_clock (0)
------------------------------
 There are 0 register/latch pins with multiple clocks.


8. checking generated_clocks (0)
--------------------------------
 There are 0 generated clocks that are not connected to a clock source.


9. checking loops (0)
---------------------
 There are 0 combinational loops in the design.


10. checking partial_input_delay (0)
------------------------------------
 There are 0 input ports with partial input delay specified.


11. checking partial_output_delay (0)
-------------------------------------
 There are 0 ports with partial output delay specified.


12. checking latch_loops (0)
----------------------------
 There are 0 combinational latch loops in the design through latch input



------------------------------------------------------------------------------------------------
| Design Timing Summary
| ---------------------
------------------------------------------------------------------------------------------------

    WNS(ns)      TNS(ns)  TNS Failing Endpoints  TNS Total Endpoints      WHS(ns)      THS(ns)  THS Failing Endpoints  THS Total Endpoints     WPWS(ns)     TPWS(ns)  TPWS Failing Endpoints  TPWS Total Endpoints  
    -------      -------  ---------------------  -------------------      -------      -------  ---------------------  -------------------     --------     --------  ----------------------  --------------------  
        inf        0.000                      0                17836          inf        0.000                      0                17836           NA           NA                      NA                    NA  


There are no user specified timing constraints.


------------------------------------------------------------------------------------------------
| Clock Summary
| -------------
------------------------------------------------------------------------------------------------


------------------------------------------------------------------------------------------------
| Intra Clock Table
| -----------------
------------------------------------------------------------------------------------------------

Clock             WNS(ns)      TNS(ns)  TNS Failing Endpoints  TNS Total Endpoints      WHS(ns)      THS(ns)  THS Failing Endpoints  THS Total Endpoints     WPWS(ns)     TPWS(ns)  TPWS Failing Endpoints  TPWS Total Endpoints  
-----             -------      -------  ---------------------  -------------------      -------      -------  ---------------------  -------------------     --------     --------  ----------------------  --------------------  


------------------------------------------------------------------------------------------------
| Inter Clock Table
| -----------------
------------------------------------------------------------------------------------------------

From Clock    To Clock          WNS(ns)      TNS(ns)  TNS Failing Endpoints  TNS Total Endpoints      WHS(ns)      THS(ns)  THS Failing Endpoints  THS Total Endpoints  
----------    --------          -------      -------  ---------------------  -------------------      -------      -------  ---------------------  -------------------  


------------------------------------------------------------------------------------------------
| Other Path Groups Table
| -----------------------
------------------------------------------------------------------------------------------------

Path Group    From Clock    To Clock          WNS(ns)      TNS(ns)  TNS Failing Endpoints  TNS Total Endpoints      WHS(ns)      THS(ns)  THS Failing Endpoints  THS Total Endpoints  
----------    ----------    --------          -------      -------  ---------------------  -------------------      -------      -------  ---------------------  -------------------  


------------------------------------------------------------------------------------------------
| User Ignored Path Table
| -----------------------
------------------------------------------------------------------------------------------------

Path Group    From Clock    To Clock    
----------    ----------    --------    


------------------------------------------------------------------------------------------------
| Unconstrained Path Table
| ------------------------
------------------------------------------------------------------------------------------------

Path Group    From Clock    To Clock    
----------    ----------    --------    
(none)                                    


------------------------------------------------------------------------------------------------
| Timing Details
| --------------
------------------------------------------------------------------------------------------------


--------------------------------------------------------------------------------------
Path Group:  (none)
From Clock:  
  To Clock:  

Max Delay         17836 Endpoints
Min Delay         17836 Endpoints
--------------------------------------------------------------------------------------


Max Delay Paths
--------------------------------------------------------------------------------------
Slack:                    inf
  Source:                 u_tpu_top/u_datapath/u_accumulator_array/read_data_flatten_o_reg[1]/C
                            (rising edge-triggered cell FDCE)
  Destination:            u_tpu_top/u_datapath/u_vector_processing_unit/u_post_process/GEN_BIAS_REQUANT.u_bias_requantize/data_flatten_o_reg[22]/D
  Path Group:             (none)
  Path Type:              Max at Slow Process Corner
  Data Path Delay:        10.730ns  (logic 4.366ns (40.691%)  route 6.364ns (59.309%))
  Logic Levels:           37  (CARRY8=21 DSP_A_B_DATA=1 DSP_ALU=2 DSP_M_DATA=1 DSP_MULTIPLIER=1 DSP_OUTPUT=2 DSP_PREADD_DATA=1 FDCE=1 LUT2=4 LUT3=1 LUT4=1 LUT5=1)

    Location             Delay type                Incr(ns)  Path(ns)    Netlist Resource(s)
  -------------------------------------------------------------------    -------------------
    SLICE_X64Y319        FDCE                         0.000     0.000 r  u_tpu_top/u_datapath/u_accumulator_array/read_data_flatten_o_reg[1]/C
    SLICE_X64Y319        FDCE (Prop_HFF_SLICEM_C_Q)
                                                      0.079     0.079 r  u_tpu_top/u_datapath/u_accumulator_array/read_data_flatten_o_reg[1]/Q
                         net (fo=2, routed)           0.749     0.828    u_tpu_top/u_datapath/u_vector_processing_unit/u_post_process/GEN_BIAS_REQUANT.u_bias_requantize/(null)[0].shifted_value0__11_1[1]
    SLICE_X68Y322        LUT2 (Prop_B6LUT_SLICEL_I0_O)
                                                      0.148     0.976 r  u_tpu_top/u_datapath/u_vector_processing_unit/u_post_process/GEN_BIAS_REQUANT.u_bias_requantize/(null)[0].shifted_value0__1_i_17/O
                         net (fo=1, routed)           0.009     0.985    u_tpu_top_n_892
    SLICE_X68Y322        CARRY8 (Prop_CARRY8_SLICEL_S[1]_CO[7])
                                                      0.186     1.171 r  u_vector_processing_unit/u_post_process/GEN_BIAS_REQUANT.u_bias_requantize/(null)[0].shifted_value0__1_i_2/CO[7]
                         net (fo=1, routed)           0.026     1.197    u_vector_processing_unit/u_post_process/GEN_BIAS_REQUANT.u_bias_requantize/(null)[0].shifted_value0__1_i_2_n_0
    SLICE_X68Y323        CARRY8 (Prop_CARRY8_SLICEL_CI_CO[7])
                                                      0.015     1.212 r  u_vector_processing_unit/u_post_process/GEN_BIAS_REQUANT.u_bias_requantize/(null)[0].shifted_value0__1_i_1/CO[7]
                         net (fo=1, routed)           0.026     1.238    u_vector_processing_unit/u_post_process/GEN_BIAS_REQUANT.u_bias_requantize/(null)[0].shifted_value0__1_i_1_n_0
    SLICE_X68Y324        CARRY8 (Prop_CARRY8_SLICEL_CI_CO[7])
                                                      0.015     1.253 r  u_vector_processing_unit/u_post_process/GEN_BIAS_REQUANT.u_bias_requantize/(null)[0].shifted_value0_i_3/CO[7]
                         net (fo=1, routed)           0.026     1.279    u_vector_processing_unit/u_post_process/GEN_BIAS_REQUANT.u_bias_requantize/(null)[0].shifted_value0_i_3_n_0
    SLICE_X68Y325        CARRY8 (Prop_CARRY8_SLICEL_CI_CO[7])
                                                      0.015     1.294 r  u_vector_processing_unit/u_post_process/GEN_BIAS_REQUANT.u_bias_requantize/(null)[0].shifted_value0_i_2/CO[7]
                         net (fo=1, routed)           0.026     1.320    u_tpu_top/u_datapath/u_vector_processing_unit/u_post_process/GEN_BIAS_REQUANT.u_bias_requantize/(null)[0].shifted_value0__0_0[0]
    SLICE_X68Y326        CARRY8 (Prop_CARRY8_SLICEL_CI_O[0])
                                                      0.056     1.376 f  u_tpu_top/u_datapath/u_vector_processing_unit/u_post_process/GEN_BIAS_REQUANT.u_bias_requantize/(null)[0].shifted_value0_i_1/O[0]
                         net (fo=18, routed)          0.619     1.995    u_tpu_top/u_datapath/u_vector_processing_unit/u_post_process/GEN_BIAS_REQUANT.u_bias_requantize/(null)[0].shifted_value0/B[16]
    DSP48E2_X7Y130       DSP_A_B_DATA (Prop_DSP_A_B_DATA_DSP48E2_B[16]_B2_DATA[16])
                                                      0.151     2.146 r  u_tpu_top/u_datapath/u_vector_processing_unit/u_post_process/GEN_BIAS_REQUANT.u_bias_requantize/(null)[0].shifted_value0/DSP_A_B_DATA_INST/B2_DATA[16]
                         net (fo=1, routed)           0.000     2.146    u_tpu_top/u_datapath/u_vector_processing_unit/u_post_process/GEN_BIAS_REQUANT.u_bias_requantize/(null)[0].shifted_value0/DSP_A_B_DATA.B2_DATA<16>
    DSP48E2_X7Y130       DSP_PREADD_DATA (Prop_DSP_PREADD_DATA_DSP48E2_B2_DATA[16]_B2B1[16])
                                                      0.073     2.219 r  u_tpu_top/u_datapath/u_vector_processing_unit/u_post_process/GEN_BIAS_REQUANT.u_bias_requantize/(null)[0].shifted_value0/DSP_PREADD_DATA_INST/B2B1[16]
                         net (fo=1, routed)           0.000     2.219    u_tpu_top/u_datapath/u_vector_processing_unit/u_post_process/GEN_BIAS_REQUANT.u_bias_requantize/(null)[0].shifted_value0/DSP_PREADD_DATA.B2B1<16>
    DSP48E2_X7Y130       DSP_MULTIPLIER (Prop_DSP_MULTIPLIER_DSP48E2_B2B1[16]_V[43])
                                                      0.609     2.828 f  u_tpu_top/u_datapath/u_vector_processing_unit/u_post_process/GEN_BIAS_REQUANT.u_bias_requantize/(null)[0].shifted_value0/DSP_MULTIPLIER_INST/V[43]
                         net (fo=1, routed)           0.000     2.828    u_tpu_top/u_datapath/u_vector_processing_unit/u_post_process/GEN_BIAS_REQUANT.u_bias_requantize/(null)[0].shifted_value0/DSP_MULTIPLIER.V<43>
    DSP48E2_X7Y130       DSP_M_DATA (Prop_DSP_M_DATA_DSP48E2_V[43]_V_DATA[43])
                                                      0.046     2.874 r  u_tpu_top/u_datapath/u_vector_processing_unit/u_post_process/GEN_BIAS_REQUANT.u_bias_requantize/(null)[0].shifted_value0/DSP_M_DATA_INST/V_DATA[43]
                         net (fo=1, routed)           0.000     2.874    u_tpu_top/u_datapath/u_vector_processing_unit/u_post_process/GEN_BIAS_REQUANT.u_bias_requantize/(null)[0].shifted_value0/DSP_M_DATA.V_DATA<43>
    DSP48E2_X7Y130       DSP_ALU (Prop_DSP_ALU_DSP48E2_V_DATA[43]_ALU_OUT[47])
                                                      0.571     3.445 f  u_tpu_top/u_datapath/u_vector_processing_unit/u_post_process/GEN_BIAS_REQUANT.u_bias_requantize/(null)[0].shifted_value0/DSP_ALU_INST/ALU_OUT[47]
                         net (fo=1, routed)           0.000     3.445    u_tpu_top/u_datapath/u_vector_processing_unit/u_post_process/GEN_BIAS_REQUANT.u_bias_requantize/(null)[0].shifted_value0/DSP_ALU.ALU_OUT<47>
    DSP48E2_X7Y130       DSP_OUTPUT (Prop_DSP_OUTPUT_DSP48E2_ALU_OUT[47]_PCOUT[47])
                                                      0.122     3.567 r  u_tpu_top/u_datapath/u_vector_processing_unit/u_post_process/GEN_BIAS_REQUANT.u_bias_requantize/(null)[0].shifted_value0/DSP_OUTPUT_INST/PCOUT[47]
                         net (fo=1, routed)           0.014     3.581    u_tpu_top/u_datapath/u_vector_processing_unit/u_post_process/GEN_BIAS_REQUANT.u_bias_requantize/(null)[0].shifted_value0__0/PCIN[47]
    DSP48E2_X7Y131       DSP_ALU (Prop_DSP_ALU_DSP48E2_PCIN[47]_ALU_OUT[3])
                                                      0.546     4.127 f  u_tpu_top/u_datapath/u_vector_processing_unit/u_post_process/GEN_BIAS_REQUANT.u_bias_requantize/(null)[0].shifted_value0__0/DSP_ALU_INST/ALU_OUT[3]
                         net (fo=1, routed)           0.000     4.127    u_tpu_top/u_datapath/u_vector_processing_unit/u_post_process/GEN_BIAS_REQUANT.u_bias_requantize/(null)[0].shifted_value0__0/DSP_ALU.ALU_OUT<3>
    DSP48E2_X7Y131       DSP_OUTPUT (Prop_DSP_OUTPUT_DSP48E2_ALU_OUT[3]_P[3])
                                                      0.109     4.236 r  u_tpu_top/u_datapath/u_vector_processing_unit/u_post_process/GEN_BIAS_REQUANT.u_bias_requantize/(null)[0].shifted_value0__0/DSP_OUTPUT_INST/P[3]
                         net (fo=1, routed)           0.436     4.672    u_tpu_top/u_datapath/u_vector_processing_unit/u_post_process/GEN_BIAS_REQUANT.u_bias_requantize/(null)[0].shifted_value0__0_n_102
    SLICE_X72Y327        LUT2 (Prop_F6LUT_SLICEL_I1_O)
                                                      0.035     4.707 r  u_tpu_top/u_datapath/u_vector_processing_unit/u_post_process/GEN_BIAS_REQUANT.u_bias_requantize/data_flatten_o[5]_i_27/O
                         net (fo=1, routed)           0.011     4.718    u_tpu_top/u_datapath/u_vector_processing_unit/u_post_process/GEN_BIAS_REQUANT.u_bias_requantize/data_flatten_o[5]_i_27_n_0
    SLICE_X72Y327        CARRY8 (Prop_CARRY8_SLICEL_S[5]_CO[7])
                                                      0.155     4.873 r  u_tpu_top/u_datapath/u_vector_processing_unit/u_post_process/GEN_BIAS_REQUANT.u_bias_requantize/data_flatten_o_reg[5]_i_24/CO[7]
                         net (fo=1, routed)           0.026     4.899    u_tpu_top/u_datapath/u_vector_processing_unit/u_post_process/GEN_BIAS_REQUANT.u_bias_requantize/data_flatten_o_reg[5]_i_24_n_0
    SLICE_X72Y328        CARRY8 (Prop_CARRY8_SLICEL_CI_CO[7])
                                                      0.015     4.914 r  u_tpu_top/u_datapath/u_vector_processing_unit/u_post_process/GEN_BIAS_REQUANT.u_bias_requantize/data_flatten_o_reg[31]_i_76/CO[7]
                         net (fo=1, routed)           0.026     4.940    u_tpu_top/u_datapath/u_vector_processing_unit/u_post_process/GEN_BIAS_REQUANT.u_bias_requantize/data_flatten_o_reg[31]_i_76_n_0
    SLICE_X72Y329        CARRY8 (Prop_CARRY8_SLICEL_CI_CO[7])
                                                      0.015     4.955 r  u_tpu_top/u_datapath/u_vector_processing_unit/u_post_process/GEN_BIAS_REQUANT.u_bias_requantize/data_flatten_o_reg[31]_i_146/CO[7]
                         net (fo=1, routed)           0.052     5.007    u_tpu_top/u_datapath/u_vector_processing_unit/u_post_process/GEN_BIAS_REQUANT.u_bias_requantize/data_flatten_o_reg[31]_i_146_n_0
    SLICE_X72Y330        CARRY8 (Prop_CARRY8_SLICEL_CI_CO[7])
                                                      0.015     5.022 r  u_tpu_top/u_datapath/u_vector_processing_unit/u_post_process/GEN_BIAS_REQUANT.u_bias_requantize/data_flatten_o_reg[31]_i_73/CO[7]
                         net (fo=1, routed)           0.026     5.048    u_tpu_top/u_datapath/u_vector_processing_unit/u_post_process/GEN_BIAS_REQUANT.u_bias_requantize/data_flatten_o_reg[31]_i_73_n_0
    SLICE_X72Y331        CARRY8 (Prop_CARRY8_SLICEL_CI_O[0])
                                                      0.056     5.104 r  u_tpu_top/u_datapath/u_vector_processing_unit/u_post_process/GEN_BIAS_REQUANT.u_bias_requantize/data_flatten_o_reg[5]_i_6/O[0]
                         net (fo=132, routed)         2.030     7.134    u_tpu_top/u_layer_controller/u_tile_controller/DI[2]
    SLICE_X73Y325        LUT2 (Prop_A6LUT_SLICEM_I0_O)
                                                      0.150     7.284 r  u_tpu_top/u_layer_controller/u_tile_controller/data_flatten_o[5]_i_22/O
                         net (fo=1, routed)           0.013     7.297    u_tpu_top/u_datapath/u_vector_processing_unit/u_post_process/GEN_BIAS_REQUANT.u_bias_requantize/data_flatten_o_reg[5]_0[0]
    SLICE_X73Y325        CARRY8 (Prop_CARRY8_SLICEM_S[0]_CO[7])
                                                      0.192     7.489 f  u_tpu_top/u_datapath/u_vector_processing_unit/u_post_process/GEN_BIAS_REQUANT.u_bias_requantize/data_flatten_o_reg[5]_i_4/CO[7]
                         net (fo=1, routed)           0.026     7.515    u_tpu_top/u_datapath/u_vector_processing_unit/u_post_process/GEN_BIAS_REQUANT.u_bias_requantize/data_flatten_o_reg[5]_i_4_n_0
    SLICE_X73Y326        CARRY8 (Prop_CARRY8_SLICEM_CI_CO[7])
                                                      0.015     7.530 f  u_tpu_top/u_datapath/u_vector_processing_unit/u_post_process/GEN_BIAS_REQUANT.u_bias_requantize/data_flatten_o_reg[14]_i_3/CO[7]
                         net (fo=1, routed)           0.026     7.556    u_tpu_top/u_datapath/u_vector_processing_unit/u_post_process/GEN_BIAS_REQUANT.u_bias_requantize/data_flatten_o_reg[14]_i_3_n_0
    SLICE_X73Y327        CARRY8 (Prop_CARRY8_SLICEM_CI_CO[7])
                                                      0.015     7.571 f  u_tpu_top/u_datapath/u_vector_processing_unit/u_post_process/GEN_BIAS_REQUANT.u_bias_requantize/data_flatten_o_reg[5]_i_3/CO[7]
                         net (fo=1, routed)           0.026     7.597    u_tpu_top/u_datapath/u_vector_processing_unit/u_post_process/GEN_BIAS_REQUANT.u_bias_requantize/data_flatten_o_reg[5]_i_3_n_0
    SLICE_X73Y328        CARRY8 (Prop_CARRY8_SLICEM_CI_CO[7])
                                                      0.015     7.612 f  u_tpu_top/u_datapath/u_vector_processing_unit/u_post_process/GEN_BIAS_REQUANT.u_bias_requantize/data_flatten_o_reg[30]_i_4/CO[7]
                         net (fo=1, routed)           0.026     7.638    u_tpu_top/u_datapath/u_vector_processing_unit/u_post_process/GEN_BIAS_REQUANT.u_bias_requantize/data_flatten_o_reg[30]_i_4_n_0
    SLICE_X73Y329        CARRY8 (Prop_CARRY8_SLICEM_CI_CO[7])
                                                      0.015     7.653 f  u_tpu_top/u_datapath/u_vector_processing_unit/u_post_process/GEN_BIAS_REQUANT.u_bias_requantize/data_flatten_o_reg[31]_i_19/CO[7]
                         net (fo=1, routed)           0.052     7.705    u_tpu_top/u_datapath/u_vector_processing_unit/u_post_process/GEN_BIAS_REQUANT.u_bias_requantize/data_flatten_o_reg[31]_i_19_n_0
    SLICE_X73Y330        CARRY8 (Prop_CARRY8_SLICEM_CI_CO[7])
                                                      0.015     7.720 f  u_tpu_top/u_datapath/u_vector_processing_unit/u_post_process/GEN_BIAS_REQUANT.u_bias_requantize/data_flatten_o_reg[30]_i_3/CO[7]
                         net (fo=1, routed)           0.026     7.746    u_tpu_top/u_datapath/u_vector_processing_unit/u_post_process/GEN_BIAS_REQUANT.u_bias_requantize/data_flatten_o_reg[30]_i_3_n_0
    SLICE_X73Y331        CARRY8 (Prop_CARRY8_SLICEM_CI_CO[1])
                                                      0.042     7.788 f  u_tpu_top/u_datapath/u_vector_processing_unit/u_post_process/GEN_BIAS_REQUANT.u_bias_requantize/data_flatten_o_reg[31]_i_18/CO[1]
                         net (fo=2, routed)           0.177     7.964    u_tpu_top/u_datapath/u_vector_processing_unit/u_post_process/GEN_BIAS_REQUANT.u_bias_requantize/data_flatten_o_reg[31]_i_18_n_6
    SLICE_X73Y331        LUT3 (Prop_E6LUT_SLICEM_I0_O)
                                                      0.100     8.064 r  u_tpu_top/u_datapath/u_vector_processing_unit/u_post_process/GEN_BIAS_REQUANT.u_bias_requantize/data_flatten_o[31]_i_278/O
                         net (fo=3, routed)           0.279     8.344    u_tpu_top/u_datapath/u_vector_processing_unit/u_post_process/GEN_BIAS_REQUANT.u_bias_requantize/data_flatten_o[31]_i_278_n_0
    SLICE_X74Y329        LUT4 (Prop_B6LUT_SLICEM_I3_O)
                                                      0.037     8.381 r  u_tpu_top/u_datapath/u_vector_processing_unit/u_post_process/GEN_BIAS_REQUANT.u_bias_requantize/data_flatten_o[31]_i_285/O
                         net (fo=1, routed)           0.016     8.397    u_tpu_top/u_datapath/u_vector_processing_unit/u_post_process/GEN_BIAS_REQUANT.u_bias_requantize/data_flatten_o[31]_i_285_n_0
    SLICE_X74Y329        CARRY8 (Prop_CARRY8_SLICEM_S[1]_CO[7])
                                                      0.190     8.587 r  u_tpu_top/u_datapath/u_vector_processing_unit/u_post_process/GEN_BIAS_REQUANT.u_bias_requantize/data_flatten_o_reg[31]_i_181/CO[7]
                         net (fo=1, routed)           0.052     8.639    u_tpu_top/u_datapath/u_vector_processing_unit/u_post_process/GEN_BIAS_REQUANT.u_bias_requantize/data_flatten_o_reg[31]_i_181_n_0
    SLICE_X74Y330        CARRY8 (Prop_CARRY8_SLICEM_CI_O[4])
                                                      0.086     8.725 f  u_tpu_top/u_datapath/u_vector_processing_unit/u_post_process/GEN_BIAS_REQUANT.u_bias_requantize/data_flatten_o_reg[31]_i_180/O[4]
                         net (fo=4, routed)           0.516     9.240    u_tpu_top/u_datapath/u_vector_processing_unit/u_post_process/GEN_BIAS_REQUANT.u_bias_requantize/data_flatten_o_reg[31]_i_180_n_11
    SLICE_X74Y327        LUT2 (Prop_D6LUT_SLICEM_I1_O)
                                                      0.099     9.339 r  u_tpu_top/u_datapath/u_vector_processing_unit/u_post_process/GEN_BIAS_REQUANT.u_bias_requantize/data_flatten_o[31]_i_142/O
                         net (fo=1, routed)           0.025     9.364    u_tpu_top/u_datapath/u_vector_processing_unit/u_post_process/GEN_BIAS_REQUANT.u_bias_requantize/data_flatten_o[31]_i_142_n_0
    SLICE_X74Y327        CARRY8 (Prop_CARRY8_SLICEM_S[3]_CO[7])
                                                      0.163     9.527 f  u_tpu_top/u_datapath/u_vector_processing_unit/u_post_process/GEN_BIAS_REQUANT.u_bias_requantize/data_flatten_o_reg[31]_i_45/CO[7]
                         net (fo=1, routed)           0.026     9.553    u_tpu_top/u_datapath/u_vector_processing_unit/u_post_process/GEN_BIAS_REQUANT.u_bias_requantize/data_flatten_o_reg[31]_i_45_n_0
    SLICE_X74Y328        CARRY8 (Prop_CARRY8_SLICEM_CI_CO[5])
                                                      0.077     9.630 f  u_tpu_top/u_datapath/u_vector_processing_unit/u_post_process/GEN_BIAS_REQUANT.u_bias_requantize/data_flatten_o_reg[31]_i_6/CO[5]
                         net (fo=28, routed)          0.927    10.557    u_tpu_top/u_datapath/u_vector_processing_unit/u_post_process/GEN_BIAS_REQUANT.u_bias_requantize/data_flatten_o_reg[31]_i_6_n_2
    SLICE_X76Y328        LUT5 (Prop_C6LUT_SLICEL_I0_O)
                                                      0.123    10.680 r  u_tpu_top/u_datapath/u_vector_processing_unit/u_post_process/GEN_BIAS_REQUANT.u_bias_requantize/data_flatten_o[22]_i_1/O
                         net (fo=1, routed)           0.050    10.730    u_tpu_top/u_datapath/u_vector_processing_unit/u_post_process/GEN_BIAS_REQUANT.u_bias_requantize/p_8_out[22]
    SLICE_X76Y328        FDCE                                         r  u_tpu_top/u_datapath/u_vector_processing_unit/u_post_process/GEN_BIAS_REQUANT.u_bias_requantize/data_flatten_o_reg[22]/D
  -------------------------------------------------------------------    -------------------

Slack:                    inf
  Source:                 u_tpu_top/u_datapath/u_accumulator_array/read_data_flatten_o_reg[1]/C
                            (rising edge-triggered cell FDCE)
  Destination:            u_tpu_top/u_datapath/u_vector_processing_unit/u_post_process/GEN_BIAS_REQUANT.u_bias_requantize/data_flatten_o_reg[11]/D
  Path Group:             (none)
  Path Type:              Max at Slow Process Corner
  Data Path Delay:        10.725ns  (logic 4.365ns (40.701%)  route 6.360ns (59.299%))
  Logic Levels:           37  (CARRY8=21 DSP_A_B_DATA=1 DSP_ALU=2 DSP_M_DATA=1 DSP_MULTIPLIER=1 DSP_OUTPUT=2 DSP_PREADD_DATA=1 FDCE=1 LUT2=4 LUT3=1 LUT4=1 LUT5=1)

    Location             Delay type                Incr(ns)  Path(ns)    Netlist Resource(s)
  -------------------------------------------------------------------    -------------------
    SLICE_X64Y319        FDCE                         0.000     0.000 r  u_tpu_top/u_datapath/u_accumulator_array/read_data_flatten_o_reg[1]/C
    SLICE_X64Y319        FDCE (Prop_HFF_SLICEM_C_Q)
                                                      0.079     0.079 r  u_tpu_top/u_datapath/u_accumulator_array/read_data_flatten_o_reg[1]/Q
                         net (fo=2, routed)           0.749     0.828    u_tpu_top/u_datapath/u_vector_processing_unit/u_post_process/GEN_BIAS_REQUANT.u_bias_requantize/(null)[0].shifted_value0__11_1[1]
    SLICE_X68Y322        LUT2 (Prop_B6LUT_SLICEL_I0_O)
                                                      0.148     0.976 r  u_tpu_top/u_datapath/u_vector_processing_unit/u_post_process/GEN_BIAS_REQUANT.u_bias_requantize/(null)[0].shifted_value0__1_i_17/O
                         net (fo=1, routed)           0.009     0.985    u_tpu_top_n_892
    SLICE_X68Y322        CARRY8 (Prop_CARRY8_SLICEL_S[1]_CO[7])
                                                      0.186     1.171 r  u_vector_processing_unit/u_post_process/GEN_BIAS_REQUANT.u_bias_requantize/(null)[0].shifted_value0__1_i_2/CO[7]
                         net (fo=1, routed)           0.026     1.197    u_vector_processing_unit/u_post_process/GEN_BIAS_REQUANT.u_bias_requantize/(null)[0].shifted_value0__1_i_2_n_0
    SLICE_X68Y323        CARRY8 (Prop_CARRY8_SLICEL_CI_CO[7])
                                                      0.015     1.212 r  u_vector_processing_unit/u_post_process/GEN_BIAS_REQUANT.u_bias_requantize/(null)[0].shifted_value0__1_i_1/CO[7]
                         net (fo=1, routed)           0.026     1.238    u_vector_processing_unit/u_post_process/GEN_BIAS_REQUANT.u_bias_requantize/(null)[0].shifted_value0__1_i_1_n_0
    SLICE_X68Y324        CARRY8 (Prop_CARRY8_SLICEL_CI_CO[7])
                                                      0.015     1.253 r  u_vector_processing_unit/u_post_process/GEN_BIAS_REQUANT.u_bias_requantize/(null)[0].shifted_value0_i_3/CO[7]
                         net (fo=1, routed)           0.026     1.279    u_vector_processing_unit/u_post_process/GEN_BIAS_REQUANT.u_bias_requantize/(null)[0].shifted_value0_i_3_n_0
    SLICE_X68Y325        CARRY8 (Prop_CARRY8_SLICEL_CI_CO[7])
                                                      0.015     1.294 r  u_vector_processing_unit/u_post_process/GEN_BIAS_REQUANT.u_bias_requantize/(null)[0].shifted_value0_i_2/CO[7]
                         net (fo=1, routed)           0.026     1.320    u_tpu_top/u_datapath/u_vector_processing_unit/u_post_process/GEN_BIAS_REQUANT.u_bias_requantize/(null)[0].shifted_value0__0_0[0]
    SLICE_X68Y326        CARRY8 (Prop_CARRY8_SLICEL_CI_O[0])
                                                      0.056     1.376 f  u_tpu_top/u_datapath/u_vector_processing_unit/u_post_process/GEN_BIAS_REQUANT.u_bias_requantize/(null)[0].shifted_value0_i_1/O[0]
                         net (fo=18, routed)          0.619     1.995    u_tpu_top/u_datapath/u_vector_processing_unit/u_post_process/GEN_BIAS_REQUANT.u_bias_requantize/(null)[0].shifted_value0/B[16]
    DSP48E2_X7Y130       DSP_A_B_DATA (Prop_DSP_A_B_DATA_DSP48E2_B[16]_B2_DATA[16])
                                                      0.151     2.146 r  u_tpu_top/u_datapath/u_vector_processing_unit/u_post_process/GEN_BIAS_REQUANT.u_bias_requantize/(null)[0].shifted_value0/DSP_A_B_DATA_INST/B2_DATA[16]
                         net (fo=1, routed)           0.000     2.146    u_tpu_top/u_datapath/u_vector_processing_unit/u_post_process/GEN_BIAS_REQUANT.u_bias_requantize/(null)[0].shifted_value0/DSP_A_B_DATA.B2_DATA<16>
    DSP48E2_X7Y130       DSP_PREADD_DATA (Prop_DSP_PREADD_DATA_DSP48E2_B2_DATA[16]_B2B1[16])
                                                      0.073     2.219 r  u_tpu_top/u_datapath/u_vector_processing_unit/u_post_process/GEN_BIAS_REQUANT.u_bias_requantize/(null)[0].shifted_value0/DSP_PREADD_DATA_INST/B2B1[16]
                         net (fo=1, routed)           0.000     2.219    u_tpu_top/u_datapath/u_vector_processing_unit/u_post_process/GEN_BIAS_REQUANT.u_bias_requantize/(null)[0].shifted_value0/DSP_PREADD_DATA.B2B1<16>
    DSP48E2_X7Y130       DSP_MULTIPLIER (Prop_DSP_MULTIPLIER_DSP48E2_B2B1[16]_V[43])
                                                      0.609     2.828 f  u_tpu_top/u_datapath/u_vector_processing_unit/u_post_process/GEN_BIAS_REQUANT.u_bias_requantize/(null)[0].shifted_value0/DSP_MULTIPLIER_INST/V[43]
                         net (fo=1, routed)           0.000     2.828    u_tpu_top/u_datapath/u_vector_processing_unit/u_post_process/GEN_BIAS_REQUANT.u_bias_requantize/(null)[0].shifted_value0/DSP_MULTIPLIER.V<43>
    DSP48E2_X7Y130       DSP_M_DATA (Prop_DSP_M_DATA_DSP48E2_V[43]_V_DATA[43])
                                                      0.046     2.874 r  u_tpu_top/u_datapath/u_vector_processing_unit/u_post_process/GEN_BIAS_REQUANT.u_bias_requantize/(null)[0].shifted_value0/DSP_M_DATA_INST/V_DATA[43]
                         net (fo=1, routed)           0.000     2.874    u_tpu_top/u_datapath/u_vector_processing_unit/u_post_process/GEN_BIAS_REQUANT.u_bias_requantize/(null)[0].shifted_value0/DSP_M_DATA.V_DATA<43>
    DSP48E2_X7Y130       DSP_ALU (Prop_DSP_ALU_DSP48E2_V_DATA[43]_ALU_OUT[47])
                                                      0.571     3.445 f  u_tpu_top/u_datapath/u_vector_processing_unit/u_post_process/GEN_BIAS_REQUANT.u_bias_requantize/(null)[0].shifted_value0/DSP_ALU_INST/ALU_OUT[47]
                         net (fo=1, routed)           0.000     3.445    u_tpu_top/u_datapath/u_vector_processing_unit/u_post_process/GEN_BIAS_REQUANT.u_bias_requantize/(null)[0].shifted_value0/DSP_ALU.ALU_OUT<47>
    DSP48E2_X7Y130       DSP_OUTPUT (Prop_DSP_OUTPUT_DSP48E2_ALU_OUT[47]_PCOUT[47])
                                                      0.122     3.567 r  u_tpu_top/u_datapath/u_vector_processing_unit/u_post_process/GEN_BIAS_REQUANT.u_bias_requantize/(null)[0].shifted_value0/DSP_OUTPUT_INST/PCOUT[47]
                         net (fo=1, routed)           0.014     3.581    u_tpu_top/u_datapath/u_vector_processing_unit/u_post_process/GEN_BIAS_REQUANT.u_bias_requantize/(null)[0].shifted_value0__0/PCIN[47]
    DSP48E2_X7Y131       DSP_ALU (Prop_DSP_ALU_DSP48E2_PCIN[47]_ALU_OUT[3])
                                                      0.546     4.127 f  u_tpu_top/u_datapath/u_vector_processing_unit/u_post_process/GEN_BIAS_REQUANT.u_bias_requantize/(null)[0].shifted_value0__0/DSP_ALU_INST/ALU_OUT[3]
                         net (fo=1, routed)           0.000     4.127    u_tpu_top/u_datapath/u_vector_processing_unit/u_post_process/GEN_BIAS_REQUANT.u_bias_requantize/(null)[0].shifted_value0__0/DSP_ALU.ALU_OUT<3>
    DSP48E2_X7Y131       DSP_OUTPUT (Prop_DSP_OUTPUT_DSP48E2_ALU_OUT[3]_P[3])
                                                      0.109     4.236 r  u_tpu_top/u_datapath/u_vector_processing_unit/u_post_process/GEN_BIAS_REQUANT.u_bias_requantize/(null)[0].shifted_value0__0/DSP_OUTPUT_INST/P[3]
                         net (fo=1, routed)           0.436     4.672    u_tpu_top/u_datapath/u_vector_processing_unit/u_post_process/GEN_BIAS_REQUANT.u_bias_requantize/(null)[0].shifted_value0__0_n_102
    SLICE_X72Y327        LUT2 (Prop_F6LUT_SLICEL_I1_O)
                                                      0.035     4.707 r  u_tpu_top/u_datapath/u_vector_processing_unit/u_post_process/GEN_BIAS_REQUANT.u_bias_requantize/data_flatten_o[5]_i_27/O
                         net (fo=1, routed)           0.011     4.718    u_tpu_top/u_datapath/u_vector_processing_unit/u_post_process/GEN_BIAS_REQUANT.u_bias_requantize/data_flatten_o[5]_i_27_n_0
    SLICE_X72Y327        CARRY8 (Prop_CARRY8_SLICEL_S[5]_CO[7])
                                                      0.155     4.873 r  u_tpu_top/u_datapath/u_vector_processing_unit/u_post_process/GEN_BIAS_REQUANT.u_bias_requantize/data_flatten_o_reg[5]_i_24/CO[7]
                         net (fo=1, routed)           0.026     4.899    u_tpu_top/u_datapath/u_vector_processing_unit/u_post_process/GEN_BIAS_REQUANT.u_bias_requantize/data_flatten_o_reg[5]_i_24_n_0
    SLICE_X72Y328        CARRY8 (Prop_CARRY8_SLICEL_CI_CO[7])
                                                      0.015     4.914 r  u_tpu_top/u_datapath/u_vector_processing_unit/u_post_process/GEN_BIAS_REQUANT.u_bias_requantize/data_flatten_o_reg[31]_i_76/CO[7]
                         net (fo=1, routed)           0.026     4.940    u_tpu_top/u_datapath/u_vector_processing_unit/u_post_process/GEN_BIAS_REQUANT.u_bias_requantize/data_flatten_o_reg[31]_i_76_n_0
    SLICE_X72Y329        CARRY8 (Prop_CARRY8_SLICEL_CI_CO[7])
                                                      0.015     4.955 r  u_tpu_top/u_datapath/u_vector_processing_unit/u_post_process/GEN_BIAS_REQUANT.u_bias_requantize/data_flatten_o_reg[31]_i_146/CO[7]
                         net (fo=1, routed)           0.052     5.007    u_tpu_top/u_datapath/u_vector_processing_unit/u_post_process/GEN_BIAS_REQUANT.u_bias_requantize/data_flatten_o_reg[31]_i_146_n_0
    SLICE_X72Y330        CARRY8 (Prop_CARRY8_SLICEL_CI_CO[7])
                                                      0.015     5.022 r  u_tpu_top/u_datapath/u_vector_processing_unit/u_post_process/GEN_BIAS_REQUANT.u_bias_requantize/data_flatten_o_reg[31]_i_73/CO[7]
                         net (fo=1, routed)           0.026     5.048    u_tpu_top/u_datapath/u_vector_processing_unit/u_post_process/GEN_BIAS_REQUANT.u_bias_requantize/data_flatten_o_reg[31]_i_73_n_0
    SLICE_X72Y331        CARRY8 (Prop_CARRY8_SLICEL_CI_O[0])
                                                      0.056     5.104 r  u_tpu_top/u_datapath/u_vector_processing_unit/u_post_process/GEN_BIAS_REQUANT.u_bias_requantize/data_flatten_o_reg[5]_i_6/O[0]
                         net (fo=132, routed)         2.030     7.134    u_tpu_top/u_layer_controller/u_tile_controller/DI[2]
    SLICE_X73Y325        LUT2 (Prop_A6LUT_SLICEM_I0_O)
                                                      0.150     7.284 r  u_tpu_top/u_layer_controller/u_tile_controller/data_flatten_o[5]_i_22/O
                         net (fo=1, routed)           0.013     7.297    u_tpu_top/u_datapath/u_vector_processing_unit/u_post_process/GEN_BIAS_REQUANT.u_bias_requantize/data_flatten_o_reg[5]_0[0]
    SLICE_X73Y325        CARRY8 (Prop_CARRY8_SLICEM_S[0]_CO[7])
                                                      0.192     7.489 f  u_tpu_top/u_datapath/u_vector_processing_unit/u_post_process/GEN_BIAS_REQUANT.u_bias_requantize/data_flatten_o_reg[5]_i_4/CO[7]
                         net (fo=1, routed)           0.026     7.515    u_tpu_top/u_datapath/u_vector_processing_unit/u_post_process/GEN_BIAS_REQUANT.u_bias_requantize/data_flatten_o_reg[5]_i_4_n_0
    SLICE_X73Y326        CARRY8 (Prop_CARRY8_SLICEM_CI_CO[7])
                                                      0.015     7.530 f  u_tpu_top/u_datapath/u_vector_processing_unit/u_post_process/GEN_BIAS_REQUANT.u_bias_requantize/data_flatten_o_reg[14]_i_3/CO[7]
                         net (fo=1, routed)           0.026     7.556    u_tpu_top/u_datapath/u_vector_processing_unit/u_post_process/GEN_BIAS_REQUANT.u_bias_requantize/data_flatten_o_reg[14]_i_3_n_0
    SLICE_X73Y327        CARRY8 (Prop_CARRY8_SLICEM_CI_CO[7])
                                                      0.015     7.571 f  u_tpu_top/u_datapath/u_vector_processing_unit/u_post_process/GEN_BIAS_REQUANT.u_bias_requantize/data_flatten_o_reg[5]_i_3/CO[7]
                         net (fo=1, routed)           0.026     7.597    u_tpu_top/u_datapath/u_vector_processing_unit/u_post_process/GEN_BIAS_REQUANT.u_bias_requantize/data_flatten_o_reg[5]_i_3_n_0
    SLICE_X73Y328        CARRY8 (Prop_CARRY8_SLICEM_CI_CO[7])
                                                      0.015     7.612 f  u_tpu_top/u_datapath/u_vector_processing_unit/u_post_process/GEN_BIAS_REQUANT.u_bias_requantize/data_flatten_o_reg[30]_i_4/CO[7]
                         net (fo=1, routed)           0.026     7.638    u_tpu_top/u_datapath/u_vector_processing_unit/u_post_process/GEN_BIAS_REQUANT.u_bias_requantize/data_flatten_o_reg[30]_i_4_n_0
    SLICE_X73Y329        CARRY8 (Prop_CARRY8_SLICEM_CI_CO[7])
                                                      0.015     7.653 f  u_tpu_top/u_datapath/u_vector_processing_unit/u_post_process/GEN_BIAS_REQUANT.u_bias_requantize/data_flatten_o_reg[31]_i_19/CO[7]
                         net (fo=1, routed)           0.052     7.705    u_tpu_top/u_datapath/u_vector_processing_unit/u_post_process/GEN_BIAS_REQUANT.u_bias_requantize/data_flatten_o_reg[31]_i_19_n_0
    SLICE_X73Y330        CARRY8 (Prop_CARRY8_SLICEM_CI_CO[7])
                                                      0.015     7.720 f  u_tpu_top/u_datapath/u_vector_processing_unit/u_post_process/GEN_BIAS_REQUANT.u_bias_requantize/data_flatten_o_reg[30]_i_3/CO[7]
                         net (fo=1, routed)           0.026     7.746    u_tpu_top/u_datapath/u_vector_processing_unit/u_post_process/GEN_BIAS_REQUANT.u_bias_requantize/data_flatten_o_reg[30]_i_3_n_0
    SLICE_X73Y331        CARRY8 (Prop_CARRY8_SLICEM_CI_CO[1])
                                                      0.042     7.788 f  u_tpu_top/u_datapath/u_vector_processing_unit/u_post_process/GEN_BIAS_REQUANT.u_bias_requantize/data_flatten_o_reg[31]_i_18/CO[1]
                         net (fo=2, routed)           0.177     7.964    u_tpu_top/u_datapath/u_vector_processing_unit/u_post_process/GEN_BIAS_REQUANT.u_bias_requantize/data_flatten_o_reg[31]_i_18_n_6
    SLICE_X73Y331        LUT3 (Prop_E6LUT_SLICEM_I0_O)
                                                      0.100     8.064 r  u_tpu_top/u_datapath/u_vector_processing_unit/u_post_process/GEN_BIAS_REQUANT.u_bias_requantize/data_flatten_o[31]_i_278/O
                         net (fo=3, routed)           0.279     8.344    u_tpu_top/u_datapath/u_vector_processing_unit/u_post_process/GEN_BIAS_REQUANT.u_bias_requantize/data_flatten_o[31]_i_278_n_0
    SLICE_X74Y329        LUT4 (Prop_B6LUT_SLICEM_I3_O)
                                                      0.037     8.381 r  u_tpu_top/u_datapath/u_vector_processing_unit/u_post_process/GEN_BIAS_REQUANT.u_bias_requantize/data_flatten_o[31]_i_285/O
                         net (fo=1, routed)           0.016     8.397    u_tpu_top/u_datapath/u_vector_processing_unit/u_post_process/GEN_BIAS_REQUANT.u_bias_requantize/data_flatten_o[31]_i_285_n_0
    SLICE_X74Y329        CARRY8 (Prop_CARRY8_SLICEM_S[1]_CO[7])
                                                      0.190     8.587 r  u_tpu_top/u_datapath/u_vector_processing_unit/u_post_process/GEN_BIAS_REQUANT.u_bias_requantize/data_flatten_o_reg[31]_i_181/CO[7]
                         net (fo=1, routed)           0.052     8.639    u_tpu_top/u_datapath/u_vector_processing_unit/u_post_process/GEN_BIAS_REQUANT.u_bias_requantize/data_flatten_o_reg[31]_i_181_n_0
    SLICE_X74Y330        CARRY8 (Prop_CARRY8_SLICEM_CI_O[4])
                                                      0.086     8.725 f  u_tpu_top/u_datapath/u_vector_processing_unit/u_post_process/GEN_BIAS_REQUANT.u_bias_requantize/data_flatten_o_reg[31]_i_180/O[4]
                         net (fo=4, routed)           0.516     9.240    u_tpu_top/u_datapath/u_vector_processing_unit/u_post_process/GEN_BIAS_REQUANT.u_bias_requantize/data_flatten_o_reg[31]_i_180_n_11
    SLICE_X74Y327        LUT2 (Prop_D6LUT_SLICEM_I1_O)
                                                      0.099     9.339 r  u_tpu_top/u_datapath/u_vector_processing_unit/u_post_process/GEN_BIAS_REQUANT.u_bias_requantize/data_flatten_o[31]_i_142/O
                         net (fo=1, routed)           0.025     9.364    u_tpu_top/u_datapath/u_vector_processing_unit/u_post_process/GEN_BIAS_REQUANT.u_bias_requantize/data_flatten_o[31]_i_142_n_0
    SLICE_X74Y327        CARRY8 (Prop_CARRY8_SLICEM_S[3]_CO[7])
                                                      0.163     9.527 f  u_tpu_top/u_datapath/u_vector_processing_unit/u_post_process/GEN_BIAS_REQUANT.u_bias_requantize/data_flatten_o_reg[31]_i_45/CO[7]
                         net (fo=1, routed)           0.026     9.553    u_tpu_top/u_datapath/u_vector_processing_unit/u_post_process/GEN_BIAS_REQUANT.u_bias_requantize/data_flatten_o_reg[31]_i_45_n_0
    SLICE_X74Y328        CARRY8 (Prop_CARRY8_SLICEM_CI_CO[5])
                                                      0.077     9.630 f  u_tpu_top/u_datapath/u_vector_processing_unit/u_post_process/GEN_BIAS_REQUANT.u_bias_requantize/data_flatten_o_reg[31]_i_6/CO[5]
                         net (fo=28, routed)          0.924    10.554    u_tpu_top/u_datapath/u_vector_processing_unit/u_post_process/GEN_BIAS_REQUANT.u_bias_requantize/data_flatten_o_reg[31]_i_6_n_2
    SLICE_X76Y328        LUT5 (Prop_D6LUT_SLICEL_I0_O)
                                                      0.122    10.676 r  u_tpu_top/u_datapath/u_vector_processing_unit/u_post_process/GEN_BIAS_REQUANT.u_bias_requantize/data_flatten_o[11]_i_1/O
                         net (fo=1, routed)           0.049    10.725    u_tpu_top/u_datapath/u_vector_processing_unit/u_post_process/GEN_BIAS_REQUANT.u_bias_requantize/p_8_out[11]
    SLICE_X76Y328        FDCE                                         r  u_tpu_top/u_datapath/u_vector_processing_unit/u_post_process/GEN_BIAS_REQUANT.u_bias_requantize/data_flatten_o_reg[11]/D
  -------------------------------------------------------------------    -------------------

Slack:                    inf
  Source:                 u_tpu_top/u_datapath/u_accumulator_array/read_data_flatten_o_reg[1]/C
                            (rising edge-triggered cell FDCE)
  Destination:            u_tpu_top/u_datapath/u_vector_processing_unit/u_post_process/GEN_BIAS_REQUANT.u_bias_requantize/data_flatten_o_reg[25]/D
  Path Group:             (none)
  Path Type:              Max at Slow Process Corner
  Data Path Delay:        10.598ns  (logic 4.389ns (41.414%)  route 6.209ns (58.586%))
  Logic Levels:           37  (CARRY8=21 DSP_A_B_DATA=1 DSP_ALU=2 DSP_M_DATA=1 DSP_MULTIPLIER=1 DSP_OUTPUT=2 DSP_PREADD_DATA=1 FDCE=1 LUT2=4 LUT3=1 LUT4=1 LUT5=1)

    Location             Delay type                Incr(ns)  Path(ns)    Netlist Resource(s)
  -------------------------------------------------------------------    -------------------
    SLICE_X64Y319        FDCE                         0.000     0.000 r  u_tpu_top/u_datapath/u_accumulator_array/read_data_flatten_o_reg[1]/C
    SLICE_X64Y319        FDCE (Prop_HFF_SLICEM_C_Q)
                                                      0.079     0.079 r  u_tpu_top/u_datapath/u_accumulator_array/read_data_flatten_o_reg[1]/Q
                         net (fo=2, routed)           0.749     0.828    u_tpu_top/u_datapath/u_vector_processing_unit/u_post_process/GEN_BIAS_REQUANT.u_bias_requantize/(null)[0].shifted_value0__11_1[1]
    SLICE_X68Y322        LUT2 (Prop_B6LUT_SLICEL_I0_O)
                                                      0.148     0.976 r  u_tpu_top/u_datapath/u_vector_processing_unit/u_post_process/GEN_BIAS_REQUANT.u_bias_requantize/(null)[0].shifted_value0__1_i_17/O
                         net (fo=1, routed)           0.009     0.985    u_tpu_top_n_892
    SLICE_X68Y322        CARRY8 (Prop_CARRY8_SLICEL_S[1]_CO[7])
                                                      0.186     1.171 r  u_vector_processing_unit/u_post_process/GEN_BIAS_REQUANT.u_bias_requantize/(null)[0].shifted_value0__1_i_2/CO[7]
                         net (fo=1, routed)           0.026     1.197    u_vector_processing_unit/u_post_process/GEN_BIAS_REQUANT.u_bias_requantize/(null)[0].shifted_value0__1_i_2_n_0
    SLICE_X68Y323        CARRY8 (Prop_CARRY8_SLICEL_CI_CO[7])
                                                      0.015     1.212 r  u_vector_processing_unit/u_post_process/GEN_BIAS_REQUANT.u_bias_requantize/(null)[0].shifted_value0__1_i_1/CO[7]
                         net (fo=1, routed)           0.026     1.238    u_vector_processing_unit/u_post_process/GEN_BIAS_REQUANT.u_bias_requantize/(null)[0].shifted_value0__1_i_1_n_0
    SLICE_X68Y324        CARRY8 (Prop_CARRY8_SLICEL_CI_CO[7])
                                                      0.015     1.253 r  u_vector_processing_unit/u_post_process/GEN_BIAS_REQUANT.u_bias_requantize/(null)[0].shifted_value0_i_3/CO[7]
                         net (fo=1, routed)           0.026     1.279    u_vector_processing_unit/u_post_process/GEN_BIAS_REQUANT.u_bias_requantize/(null)[0].shifted_value0_i_3_n_0
    SLICE_X68Y325        CARRY8 (Prop_CARRY8_SLICEL_CI_CO[7])
                                                      0.015     1.294 r  u_vector_processing_unit/u_post_process/GEN_BIAS_REQUANT.u_bias_requantize/(null)[0].shifted_value0_i_2/CO[7]
                         net (fo=1, routed)           0.026     1.320    u_tpu_top/u_datapath/u_vector_processing_unit/u_post_process/GEN_BIAS_REQUANT.u_bias_requantize/(null)[0].shifted_value0__0_0[0]
    SLICE_X68Y326        CARRY8 (Prop_CARRY8_SLICEL_CI_O[0])
                                                      0.056     1.376 f  u_tpu_top/u_datapath/u_vector_processing_unit/u_post_process/GEN_BIAS_REQUANT.u_bias_requantize/(null)[0].shifted_value0_i_1/O[0]
                         net (fo=18, routed)          0.619     1.995    u_tpu_top/u_datapath/u_vector_processing_unit/u_post_process/GEN_BIAS_REQUANT.u_bias_requantize/(null)[0].shifted_value0/B[16]
    DSP48E2_X7Y130       DSP_A_B_DATA (Prop_DSP_A_B_DATA_DSP48E2_B[16]_B2_DATA[16])
                                                      0.151     2.146 r  u_tpu_top/u_datapath/u_vector_processing_unit/u_post_process/GEN_BIAS_REQUANT.u_bias_requantize/(null)[0].shifted_value0/DSP_A_B_DATA_INST/B2_DATA[16]
                         net (fo=1, routed)           0.000     2.146    u_tpu_top/u_datapath/u_vector_processing_unit/u_post_process/GEN_BIAS_REQUANT.u_bias_requantize/(null)[0].shifted_value0/DSP_A_B_DATA.B2_DATA<16>
    DSP48E2_X7Y130       DSP_PREADD_DATA (Prop_DSP_PREADD_DATA_DSP48E2_B2_DATA[16]_B2B1[16])
                                                      0.073     2.219 r  u_tpu_top/u_datapath/u_vector_processing_unit/u_post_process/GEN_BIAS_REQUANT.u_bias_requantize/(null)[0].shifted_value0/DSP_PREADD_DATA_INST/B2B1[16]
                         net (fo=1, routed)           0.000     2.219    u_tpu_top/u_datapath/u_vector_processing_unit/u_post_process/GEN_BIAS_REQUANT.u_bias_requantize/(null)[0].shifted_value0/DSP_PREADD_DATA.B2B1<16>
    DSP48E2_X7Y130       DSP_MULTIPLIER (Prop_DSP_MULTIPLIER_DSP48E2_B2B1[16]_V[43])
                                                      0.609     2.828 f  u_tpu_top/u_datapath/u_vector_processing_unit/u_post_process/GEN_BIAS_REQUANT.u_bias_requantize/(null)[0].shifted_value0/DSP_MULTIPLIER_INST/V[43]
                         net (fo=1, routed)           0.000     2.828    u_tpu_top/u_datapath/u_vector_processing_unit/u_post_process/GEN_BIAS_REQUANT.u_bias_requantize/(null)[0].shifted_value0/DSP_MULTIPLIER.V<43>
    DSP48E2_X7Y130       DSP_M_DATA (Prop_DSP_M_DATA_DSP48E2_V[43]_V_DATA[43])
                                                      0.046     2.874 r  u_tpu_top/u_datapath/u_vector_processing_unit/u_post_process/GEN_BIAS_REQUANT.u_bias_requantize/(null)[0].shifted_value0/DSP_M_DATA_INST/V_DATA[43]
                         net (fo=1, routed)           0.000     2.874    u_tpu_top/u_datapath/u_vector_processing_unit/u_post_process/GEN_BIAS_REQUANT.u_bias_requantize/(null)[0].shifted_value0/DSP_M_DATA.V_DATA<43>
    DSP48E2_X7Y130       DSP_ALU (Prop_DSP_ALU_DSP48E2_V_DATA[43]_ALU_OUT[47])
                                                      0.571     3.445 f  u_tpu_top/u_datapath/u_vector_processing_unit/u_post_process/GEN_BIAS_REQUANT.u_bias_requantize/(null)[0].shifted_value0/DSP_ALU_INST/ALU_OUT[47]
                         net (fo=1, routed)           0.000     3.445    u_tpu_top/u_datapath/u_vector_processing_unit/u_post_process/GEN_BIAS_REQUANT.u_bias_requantize/(null)[0].shifted_value0/DSP_ALU.ALU_OUT<47>
    DSP48E2_X7Y130       DSP_OUTPUT (Prop_DSP_OUTPUT_DSP48E2_ALU_OUT[47]_PCOUT[47])
                                                      0.122     3.567 r  u_tpu_top/u_datapath/u_vector_processing_unit/u_post_process/GEN_BIAS_REQUANT.u_bias_requantize/(null)[0].shifted_value0/DSP_OUTPUT_INST/PCOUT[47]
                         net (fo=1, routed)           0.014     3.581    u_tpu_top/u_datapath/u_vector_processing_unit/u_post_process/GEN_BIAS_REQUANT.u_bias_requantize/(null)[0].shifted_value0__0/PCIN[47]
    DSP48E2_X7Y131       DSP_ALU (Prop_DSP_ALU_DSP48E2_PCIN[47]_ALU_OUT[3])
                                                      0.546     4.127 f  u_tpu_top/u_datapath/u_vector_processing_unit/u_post_process/GEN_BIAS_REQUANT.u_bias_requantize/(null)[0].shifted_value0__0/DSP_ALU_INST/ALU_OUT[3]
                         net (fo=1, routed)           0.000     4.127    u_tpu_top/u_datapath/u_vector_processing_unit/u_post_process/GEN_BIAS_REQUANT.u_bias_requantize/(null)[0].shifted_value0__0/DSP_ALU.ALU_OUT<3>
    DSP48E2_X7Y131       DSP_OUTPUT (Prop_DSP_OUTPUT_DSP48E2_ALU_OUT[3]_P[3])
                                                      0.109     4.236 r  u_tpu_top/u_datapath/u_vector_processing_unit/u_post_process/GEN_BIAS_REQUANT.u_bias_requantize/(null)[0].shifted_value0__0/DSP_OUTPUT_INST/P[3]
                         net (fo=1, routed)           0.436     4.672    u_tpu_top/u_datapath/u_vector_processing_unit/u_post_process/GEN_BIAS_REQUANT.u_bias_requantize/(null)[0].shifted_value0__0_n_102
    SLICE_X72Y327        LUT2 (Prop_F6LUT_SLICEL_I1_O)
                                                      0.035     4.707 r  u_tpu_top/u_datapath/u_vector_processing_unit/u_post_process/GEN_BIAS_REQUANT.u_bias_requantize/data_flatten_o[5]_i_27/O
                         net (fo=1, routed)           0.011     4.718    u_tpu_top/u_datapath/u_vector_processing_unit/u_post_process/GEN_BIAS_REQUANT.u_bias_requantize/data_flatten_o[5]_i_27_n_0
    SLICE_X72Y327        CARRY8 (Prop_CARRY8_SLICEL_S[5]_CO[7])
                                                      0.155     4.873 r  u_tpu_top/u_datapath/u_vector_processing_unit/u_post_process/GEN_BIAS_REQUANT.u_bias_requantize/data_flatten_o_reg[5]_i_24/CO[7]
                         net (fo=1, routed)           0.026     4.899    u_tpu_top/u_datapath/u_vector_processing_unit/u_post_process/GEN_BIAS_REQUANT.u_bias_requantize/data_flatten_o_reg[5]_i_24_n_0
    SLICE_X72Y328        CARRY8 (Prop_CARRY8_SLICEL_CI_CO[7])
                                                      0.015     4.914 r  u_tpu_top/u_datapath/u_vector_processing_unit/u_post_process/GEN_BIAS_REQUANT.u_bias_requantize/data_flatten_o_reg[31]_i_76/CO[7]
                         net (fo=1, routed)           0.026     4.940    u_tpu_top/u_datapath/u_vector_processing_unit/u_post_process/GEN_BIAS_REQUANT.u_bias_requantize/data_flatten_o_reg[31]_i_76_n_0
    SLICE_X72Y329        CARRY8 (Prop_CARRY8_SLICEL_CI_CO[7])
                                                      0.015     4.955 r  u_tpu_top/u_datapath/u_vector_processing_unit/u_post_process/GEN_BIAS_REQUANT.u_bias_requantize/data_flatten_o_reg[31]_i_146/CO[7]
                         net (fo=1, routed)           0.052     5.007    u_tpu_top/u_datapath/u_vector_processing_unit/u_post_process/GEN_BIAS_REQUANT.u_bias_requantize/data_flatten_o_reg[31]_i_146_n_0
    SLICE_X72Y330        CARRY8 (Prop_CARRY8_SLICEL_CI_CO[7])
                                                      0.015     5.022 r  u_tpu_top/u_datapath/u_vector_processing_unit/u_post_process/GEN_BIAS_REQUANT.u_bias_requantize/data_flatten_o_reg[31]_i_73/CO[7]
                         net (fo=1, routed)           0.026     5.048    u_tpu_top/u_datapath/u_vector_processing_unit/u_post_process/GEN_BIAS_REQUANT.u_bias_requantize/data_flatten_o_reg[31]_i_73_n_0
    SLICE_X72Y331        CARRY8 (Prop_CARRY8_SLICEL_CI_O[0])
                                                      0.056     5.104 r  u_tpu_top/u_datapath/u_vector_processing_unit/u_post_process/GEN_BIAS_REQUANT.u_bias_requantize/data_flatten_o_reg[5]_i_6/O[0]
                         net (fo=132, routed)         2.030     7.134    u_tpu_top/u_layer_controller/u_tile_controller/DI[2]
    SLICE_X73Y325        LUT2 (Prop_A6LUT_SLICEM_I0_O)
                                                      0.150     7.284 r  u_tpu_top/u_layer_controller/u_tile_controller/data_flatten_o[5]_i_22/O
                         net (fo=1, routed)           0.013     7.297    u_tpu_top/u_datapath/u_vector_processing_unit/u_post_process/GEN_BIAS_REQUANT.u_bias_requantize/data_flatten_o_reg[5]_0[0]
    SLICE_X73Y325        CARRY8 (Prop_CARRY8_SLICEM_S[0]_CO[7])
                                                      0.192     7.489 f  u_tpu_top/u_datapath/u_vector_processing_unit/u_post_process/GEN_BIAS_REQUANT.u_bias_requantize/data_flatten_o_reg[5]_i_4/CO[7]
                         net (fo=1, routed)           0.026     7.515    u_tpu_top/u_datapath/u_vector_processing_unit/u_post_process/GEN_BIAS_REQUANT.u_bias_requantize/data_flatten_o_reg[5]_i_4_n_0
    SLICE_X73Y326        CARRY8 (Prop_CARRY8_SLICEM_CI_CO[7])
                                                      0.015     7.530 f  u_tpu_top/u_datapath/u_vector_processing_unit/u_post_process/GEN_BIAS_REQUANT.u_bias_requantize/data_flatten_o_reg[14]_i_3/CO[7]
                         net (fo=1, routed)           0.026     7.556    u_tpu_top/u_datapath/u_vector_processing_unit/u_post_process/GEN_BIAS_REQUANT.u_bias_requantize/data_flatten_o_reg[14]_i_3_n_0
    SLICE_X73Y327        CARRY8 (Prop_CARRY8_SLICEM_CI_CO[7])
                                                      0.015     7.571 f  u_tpu_top/u_datapath/u_vector_processing_unit/u_post_process/GEN_BIAS_REQUANT.u_bias_requantize/data_flatten_o_reg[5]_i_3/CO[7]
                         net (fo=1, routed)           0.026     7.597    u_tpu_top/u_datapath/u_vector_processing_unit/u_post_process/GEN_BIAS_REQUANT.u_bias_requantize/data_flatten_o_reg[5]_i_3_n_0
    SLICE_X73Y328        CARRY8 (Prop_CARRY8_SLICEM_CI_CO[7])
                                                      0.015     7.612 f  u_tpu_top/u_datapath/u_vector_processing_unit/u_post_process/GEN_BIAS_REQUANT.u_bias_requantize/data_flatten_o_reg[30]_i_4/CO[7]
                         net (fo=1, routed)           0.026     7.638    u_tpu_top/u_datapath/u_vector_processing_unit/u_post_process/GEN_BIAS_REQUANT.u_bias_requantize/data_flatten_o_reg[30]_i_4_n_0
    SLICE_X73Y329        CARRY8 (Prop_CARRY8_SLICEM_CI_CO[7])
                                                      0.015     7.653 f  u_tpu_top/u_datapath/u_vector_processing_unit/u_post_process/GEN_BIAS_REQUANT.u_bias_requantize/data_flatten_o_reg[31]_i_19/CO[7]
                         net (fo=1, routed)           0.052     7.705    u_tpu_top/u_datapath/u_vector_processing_unit/u_post_process/GEN_BIAS_REQUANT.u_bias_requantize/data_flatten_o_reg[31]_i_19_n_0
    SLICE_X73Y330        CARRY8 (Prop_CARRY8_SLICEM_CI_CO[7])
                                                      0.015     7.720 f  u_tpu_top/u_datapath/u_vector_processing_unit/u_post_process/GEN_BIAS_REQUANT.u_bias_requantize/data_flatten_o_reg[30]_i_3/CO[7]
                         net (fo=1, routed)           0.026     7.746    u_tpu_top/u_datapath/u_vector_processing_unit/u_post_process/GEN_BIAS_REQUANT.u_bias_requantize/data_flatten_o_reg[30]_i_3_n_0
    SLICE_X73Y331        CARRY8 (Prop_CARRY8_SLICEM_CI_CO[1])
                                                      0.042     7.788 f  u_tpu_top/u_datapath/u_vector_processing_unit/u_post_process/GEN_BIAS_REQUANT.u_bias_requantize/data_flatten_o_reg[31]_i_18/CO[1]
                         net (fo=2, routed)           0.177     7.964    u_tpu_top/u_datapath/u_vector_processing_unit/u_post_process/GEN_BIAS_REQUANT.u_bias_requantize/data_flatten_o_reg[31]_i_18_n_6
    SLICE_X73Y331        LUT3 (Prop_E6LUT_SLICEM_I0_O)
                                                      0.100     8.064 r  u_tpu_top/u_datapath/u_vector_processing_unit/u_post_process/GEN_BIAS_REQUANT.u_bias_requantize/data_flatten_o[31]_i_278/O
                         net (fo=3, routed)           0.279     8.344    u_tpu_top/u_datapath/u_vector_processing_unit/u_post_process/GEN_BIAS_REQUANT.u_bias_requantize/data_flatten_o[31]_i_278_n_0
    SLICE_X74Y329        LUT4 (Prop_B6LUT_SLICEM_I3_O)
                                                      0.037     8.381 r  u_tpu_top/u_datapath/u_vector_processing_unit/u_post_process/GEN_BIAS_REQUANT.u_bias_requantize/data_flatten_o[31]_i_285/O
                         net (fo=1, routed)           0.016     8.397    u_tpu_top/u_datapath/u_vector_processing_unit/u_post_process/GEN_BIAS_REQUANT.u_bias_requantize/data_flatten_o[31]_i_285_n_0
    SLICE_X74Y329        CARRY8 (Prop_CARRY8_SLICEM_S[1]_CO[7])
                                                      0.190     8.587 r  u_tpu_top/u_datapath/u_vector_processing_unit/u_post_process/GEN_BIAS_REQUANT.u_bias_requantize/data_flatten_o_reg[31]_i_181/CO[7]
                         net (fo=1, routed)           0.052     8.639    u_tpu_top/u_datapath/u_vector_processing_unit/u_post_process/GEN_BIAS_REQUANT.u_bias_requantize/data_flatten_o_reg[31]_i_181_n_0
    SLICE_X74Y330        CARRY8 (Prop_CARRY8_SLICEM_CI_O[4])
                                                      0.086     8.725 f  u_tpu_top/u_datapath/u_vector_processing_unit/u_post_process/GEN_BIAS_REQUANT.u_bias_requantize/data_flatten_o_reg[31]_i_180/O[4]
                         net (fo=4, routed)           0.516     9.240    u_tpu_top/u_datapath/u_vector_processing_unit/u_post_process/GEN_BIAS_REQUANT.u_bias_requantize/data_flatten_o_reg[31]_i_180_n_11
    SLICE_X74Y327        LUT2 (Prop_D6LUT_SLICEM_I1_O)
                                                      0.099     9.339 r  u_tpu_top/u_datapath/u_vector_processing_unit/u_post_process/GEN_BIAS_REQUANT.u_bias_requantize/data_flatten_o[31]_i_142/O
                         net (fo=1, routed)           0.025     9.364    u_tpu_top/u_datapath/u_vector_processing_unit/u_post_process/GEN_BIAS_REQUANT.u_bias_requantize/data_flatten_o[31]_i_142_n_0
    SLICE_X74Y327        CARRY8 (Prop_CARRY8_SLICEM_S[3]_CO[7])
                                                      0.163     9.527 f  u_tpu_top/u_datapath/u_vector_processing_unit/u_post_process/GEN_BIAS_REQUANT.u_bias_requantize/data_flatten_o_reg[31]_i_45/CO[7]
                         net (fo=1, routed)           0.026     9.553    u_tpu_top/u_datapath/u_vector_processing_unit/u_post_process/GEN_BIAS_REQUANT.u_bias_requantize/data_flatten_o_reg[31]_i_45_n_0
    SLICE_X74Y328        CARRY8 (Prop_CARRY8_SLICEM_CI_CO[5])
                                                      0.077     9.630 f  u_tpu_top/u_datapath/u_vector_processing_unit/u_post_process/GEN_BIAS_REQUANT.u_bias_requantize/data_flatten_o_reg[31]_i_6/CO[5]
                         net (fo=28, routed)          0.772    10.402    u_tpu_top/u_datapath/u_vector_processing_unit/u_post_process/GEN_BIAS_REQUANT.u_bias_requantize/data_flatten_o_reg[31]_i_6_n_2
    SLICE_X77Y325        LUT5 (Prop_C6LUT_SLICEL_I0_O)
                                                      0.146    10.548 r  u_tpu_top/u_datapath/u_vector_processing_unit/u_post_process/GEN_BIAS_REQUANT.u_bias_requantize/data_flatten_o[25]_i_1/O
                         net (fo=1, routed)           0.050    10.598    u_tpu_top/u_datapath/u_vector_processing_unit/u_post_process/GEN_BIAS_REQUANT.u_bias_requantize/p_8_out[25]
    SLICE_X77Y325        FDCE                                         r  u_tpu_top/u_datapath/u_vector_processing_unit/u_post_process/GEN_BIAS_REQUANT.u_bias_requantize/data_flatten_o_reg[25]/D
  -------------------------------------------------------------------    -------------------

Slack:                    inf
  Source:                 u_tpu_top/u_datapath/u_accumulator_array/read_data_flatten_o_reg[1]/C
                            (rising edge-triggered cell FDCE)
  Destination:            u_tpu_top/u_datapath/u_vector_processing_unit/u_post_process/GEN_BIAS_REQUANT.u_bias_requantize/data_flatten_o_reg[29]/D
  Path Group:             (none)
  Path Type:              Max at Slow Process Corner
  Data Path Delay:        10.591ns  (logic 4.341ns (40.989%)  route 6.250ns (59.011%))
  Logic Levels:           37  (CARRY8=21 DSP_A_B_DATA=1 DSP_ALU=2 DSP_M_DATA=1 DSP_MULTIPLIER=1 DSP_OUTPUT=2 DSP_PREADD_DATA=1 FDCE=1 LUT2=4 LUT3=1 LUT4=1 LUT5=1)

    Location             Delay type                Incr(ns)  Path(ns)    Netlist Resource(s)
  -------------------------------------------------------------------    -------------------
    SLICE_X64Y319        FDCE                         0.000     0.000 r  u_tpu_top/u_datapath/u_accumulator_array/read_data_flatten_o_reg[1]/C
    SLICE_X64Y319        FDCE (Prop_HFF_SLICEM_C_Q)
                                                      0.079     0.079 r  u_tpu_top/u_datapath/u_accumulator_array/read_data_flatten_o_reg[1]/Q
                         net (fo=2, routed)           0.749     0.828    u_tpu_top/u_datapath/u_vector_processing_unit/u_post_process/GEN_BIAS_REQUANT.u_bias_requantize/(null)[0].shifted_value0__11_1[1]
    SLICE_X68Y322        LUT2 (Prop_B6LUT_SLICEL_I0_O)
                                                      0.148     0.976 r  u_tpu_top/u_datapath/u_vector_processing_unit/u_post_process/GEN_BIAS_REQUANT.u_bias_requantize/(null)[0].shifted_value0__1_i_17/O
                         net (fo=1, routed)           0.009     0.985    u_tpu_top_n_892
    SLICE_X68Y322        CARRY8 (Prop_CARRY8_SLICEL_S[1]_CO[7])
                                                      0.186     1.171 r  u_vector_processing_unit/u_post_process/GEN_BIAS_REQUANT.u_bias_requantize/(null)[0].shifted_value0__1_i_2/CO[7]
                         net (fo=1, routed)           0.026     1.197    u_vector_processing_unit/u_post_process/GEN_BIAS_REQUANT.u_bias_requantize/(null)[0].shifted_value0__1_i_2_n_0
    SLICE_X68Y323        CARRY8 (Prop_CARRY8_SLICEL_CI_CO[7])
                                                      0.015     1.212 r  u_vector_processing_unit/u_post_process/GEN_BIAS_REQUANT.u_bias_requantize/(null)[0].shifted_value0__1_i_1/CO[7]
                         net (fo=1, routed)           0.026     1.238    u_vector_processing_unit/u_post_process/GEN_BIAS_REQUANT.u_bias_requantize/(null)[0].shifted_value0__1_i_1_n_0
    SLICE_X68Y324        CARRY8 (Prop_CARRY8_SLICEL_CI_CO[7])
                                                      0.015     1.253 r  u_vector_processing_unit/u_post_process/GEN_BIAS_REQUANT.u_bias_requantize/(null)[0].shifted_value0_i_3/CO[7]
                         net (fo=1, routed)           0.026     1.279    u_vector_processing_unit/u_post_process/GEN_BIAS_REQUANT.u_bias_requantize/(null)[0].shifted_value0_i_3_n_0
    SLICE_X68Y325        CARRY8 (Prop_CARRY8_SLICEL_CI_CO[7])
                                                      0.015     1.294 r  u_vector_processing_unit/u_post_process/GEN_BIAS_REQUANT.u_bias_requantize/(null)[0].shifted_value0_i_2/CO[7]
                         net (fo=1, routed)           0.026     1.320    u_tpu_top/u_datapath/u_vector_processing_unit/u_post_process/GEN_BIAS_REQUANT.u_bias_requantize/(null)[0].shifted_value0__0_0[0]
    SLICE_X68Y326        CARRY8 (Prop_CARRY8_SLICEL_CI_O[0])
                                                      0.056     1.376 f  u_tpu_top/u_datapath/u_vector_processing_unit/u_post_process/GEN_BIAS_REQUANT.u_bias_requantize/(null)[0].shifted_value0_i_1/O[0]
                         net (fo=18, routed)          0.619     1.995    u_tpu_top/u_datapath/u_vector_processing_unit/u_post_process/GEN_BIAS_REQUANT.u_bias_requantize/(null)[0].shifted_value0/B[16]
    DSP48E2_X7Y130       DSP_A_B_DATA (Prop_DSP_A_B_DATA_DSP48E2_B[16]_B2_DATA[16])
                                                      0.151     2.146 r  u_tpu_top/u_datapath/u_vector_processing_unit/u_post_process/GEN_BIAS_REQUANT.u_bias_requantize/(null)[0].shifted_value0/DSP_A_B_DATA_INST/B2_DATA[16]
                         net (fo=1, routed)           0.000     2.146    u_tpu_top/u_datapath/u_vector_processing_unit/u_post_process/GEN_BIAS_REQUANT.u_bias_requantize/(null)[0].shifted_value0/DSP_A_B_DATA.B2_DATA<16>
    DSP48E2_X7Y130       DSP_PREADD_DATA (Prop_DSP_PREADD_DATA_DSP48E2_B2_DATA[16]_B2B1[16])
                                                      0.073     2.219 r  u_tpu_top/u_datapath/u_vector_processing_unit/u_post_process/GEN_BIAS_REQUANT.u_bias_requantize/(null)[0].shifted_value0/DSP_PREADD_DATA_INST/B2B1[16]
                         net (fo=1, routed)           0.000     2.219    u_tpu_top/u_datapath/u_vector_processing_unit/u_post_process/GEN_BIAS_REQUANT.u_bias_requantize/(null)[0].shifted_value0/DSP_PREADD_DATA.B2B1<16>
    DSP48E2_X7Y130       DSP_MULTIPLIER (Prop_DSP_MULTIPLIER_DSP48E2_B2B1[16]_V[43])
                                                      0.609     2.828 f  u_tpu_top/u_datapath/u_vector_processing_unit/u_post_process/GEN_BIAS_REQUANT.u_bias_requantize/(null)[0].shifted_value0/DSP_MULTIPLIER_INST/V[43]
                         net (fo=1, routed)           0.000     2.828    u_tpu_top/u_datapath/u_vector_processing_unit/u_post_process/GEN_BIAS_REQUANT.u_bias_requantize/(null)[0].shifted_value0/DSP_MULTIPLIER.V<43>
    DSP48E2_X7Y130       DSP_M_DATA (Prop_DSP_M_DATA_DSP48E2_V[43]_V_DATA[43])
                                                      0.046     2.874 r  u_tpu_top/u_datapath/u_vector_processing_unit/u_post_process/GEN_BIAS_REQUANT.u_bias_requantize/(null)[0].shifted_value0/DSP_M_DATA_INST/V_DATA[43]
                         net (fo=1, routed)           0.000     2.874    u_tpu_top/u_datapath/u_vector_processing_unit/u_post_process/GEN_BIAS_REQUANT.u_bias_requantize/(null)[0].shifted_value0/DSP_M_DATA.V_DATA<43>
    DSP48E2_X7Y130       DSP_ALU (Prop_DSP_ALU_DSP48E2_V_DATA[43]_ALU_OUT[47])
                                                      0.571     3.445 f  u_tpu_top/u_datapath/u_vector_processing_unit/u_post_process/GEN_BIAS_REQUANT.u_bias_requantize/(null)[0].shifted_value0/DSP_ALU_INST/ALU_OUT[47]
                         net (fo=1, routed)           0.000     3.445    u_tpu_top/u_datapath/u_vector_processing_unit/u_post_process/GEN_BIAS_REQUANT.u_bias_requantize/(null)[0].shifted_value0/DSP_ALU.ALU_OUT<47>
    DSP48E2_X7Y130       DSP_OUTPUT (Prop_DSP_OUTPUT_DSP48E2_ALU_OUT[47]_PCOUT[47])
                                                      0.122     3.567 r  u_tpu_top/u_datapath/u_vector_processing_unit/u_post_process/GEN_BIAS_REQUANT.u_bias_requantize/(null)[0].shifted_value0/DSP_OUTPUT_INST/PCOUT[47]
                         net (fo=1, routed)           0.014     3.581    u_tpu_top/u_datapath/u_vector_processing_unit/u_post_process/GEN_BIAS_REQUANT.u_bias_requantize/(null)[0].shifted_value0__0/PCIN[47]
    DSP48E2_X7Y131       DSP_ALU (Prop_DSP_ALU_DSP48E2_PCIN[47]_ALU_OUT[3])
                                                      0.546     4.127 f  u_tpu_top/u_datapath/u_vector_processing_unit/u_post_process/GEN_BIAS_REQUANT.u_bias_requantize/(null)[0].shifted_value0__0/DSP_ALU_INST/ALU_OUT[3]
                         net (fo=1, routed)           0.000     4.127    u_tpu_top/u_datapath/u_vector_processing_unit/u_post_process/GEN_BIAS_REQUANT.u_bias_requantize/(null)[0].shifted_value0__0/DSP_ALU.ALU_OUT<3>
    DSP48E2_X7Y131       DSP_OUTPUT (Prop_DSP_OUTPUT_DSP48E2_ALU_OUT[3]_P[3])
                                                      0.109     4.236 r  u_tpu_top/u_datapath/u_vector_processing_unit/u_post_process/GEN_BIAS_REQUANT.u_bias_requantize/(null)[0].shifted_value0__0/DSP_OUTPUT_INST/P[3]
                         net (fo=1, routed)           0.436     4.672    u_tpu_top/u_datapath/u_vector_processing_unit/u_post_process/GEN_BIAS_REQUANT.u_bias_requantize/(null)[0].shifted_value0__0_n_102
    SLICE_X72Y327        LUT2 (Prop_F6LUT_SLICEL_I1_O)
                                                      0.035     4.707 r  u_tpu_top/u_datapath/u_vector_processing_unit/u_post_process/GEN_BIAS_REQUANT.u_bias_requantize/data_flatten_o[5]_i_27/O
                         net (fo=1, routed)           0.011     4.718    u_tpu_top/u_datapath/u_vector_processing_unit/u_post_process/GEN_BIAS_REQUANT.u_bias_requantize/data_flatten_o[5]_i_27_n_0
    SLICE_X72Y327        CARRY8 (Prop_CARRY8_SLICEL_S[5]_CO[7])
                                                      0.155     4.873 r  u_tpu_top/u_datapath/u_vector_processing_unit/u_post_process/GEN_BIAS_REQUANT.u_bias_requantize/data_flatten_o_reg[5]_i_24/CO[7]
                         net (fo=1, routed)           0.026     4.899    u_tpu_top/u_datapath/u_vector_processing_unit/u_post_process/GEN_BIAS_REQUANT.u_bias_requantize/data_flatten_o_reg[5]_i_24_n_0
    SLICE_X72Y328        CARRY8 (Prop_CARRY8_SLICEL_CI_CO[7])
                                                      0.015     4.914 r  u_tpu_top/u_datapath/u_vector_processing_unit/u_post_process/GEN_BIAS_REQUANT.u_bias_requantize/data_flatten_o_reg[31]_i_76/CO[7]
                         net (fo=1, routed)           0.026     4.940    u_tpu_top/u_datapath/u_vector_processing_unit/u_post_process/GEN_BIAS_REQUANT.u_bias_requantize/data_flatten_o_reg[31]_i_76_n_0
    SLICE_X72Y329        CARRY8 (Prop_CARRY8_SLICEL_CI_CO[7])
                                                      0.015     4.955 r  u_tpu_top/u_datapath/u_vector_processing_unit/u_post_process/GEN_BIAS_REQUANT.u_bias_requantize/data_flatten_o_reg[31]_i_146/CO[7]
                         net (fo=1, routed)           0.052     5.007    u_tpu_top/u_datapath/u_vector_processing_unit/u_post_process/GEN_BIAS_REQUANT.u_bias_requantize/data_flatten_o_reg[31]_i_146_n_0
    SLICE_X72Y330        CARRY8 (Prop_CARRY8_SLICEL_CI_CO[7])
                                                      0.015     5.022 r  u_tpu_top/u_datapath/u_vector_processing_unit/u_post_process/GEN_BIAS_REQUANT.u_bias_requantize/data_flatten_o_reg[31]_i_73/CO[7]
                         net (fo=1, routed)           0.026     5.048    u_tpu_top/u_datapath/u_vector_processing_unit/u_post_process/GEN_BIAS_REQUANT.u_bias_requantize/data_flatten_o_reg[31]_i_73_n_0
    SLICE_X72Y331        CARRY8 (Prop_CARRY8_SLICEL_CI_O[0])
                                                      0.056     5.104 r  u_tpu_top/u_datapath/u_vector_processing_unit/u_post_process/GEN_BIAS_REQUANT.u_bias_requantize/data_flatten_o_reg[5]_i_6/O[0]
                         net (fo=132, routed)         2.030     7.134    u_tpu_top/u_layer_controller/u_tile_controller/DI[2]
    SLICE_X73Y325        LUT2 (Prop_A6LUT_SLICEM_I0_O)
                                                      0.150     7.284 r  u_tpu_top/u_layer_controller/u_tile_controller/data_flatten_o[5]_i_22/O
                         net (fo=1, routed)           0.013     7.297    u_tpu_top/u_datapath/u_vector_processing_unit/u_post_process/GEN_BIAS_REQUANT.u_bias_requantize/data_flatten_o_reg[5]_0[0]
    SLICE_X73Y325        CARRY8 (Prop_CARRY8_SLICEM_S[0]_CO[7])
                                                      0.192     7.489 f  u_tpu_top/u_datapath/u_vector_processing_unit/u_post_process/GEN_BIAS_REQUANT.u_bias_requantize/data_flatten_o_reg[5]_i_4/CO[7]
                         net (fo=1, routed)           0.026     7.515    u_tpu_top/u_datapath/u_vector_processing_unit/u_post_process/GEN_BIAS_REQUANT.u_bias_requantize/data_flatten_o_reg[5]_i_4_n_0
    SLICE_X73Y326        CARRY8 (Prop_CARRY8_SLICEM_CI_CO[7])
                                                      0.015     7.530 f  u_tpu_top/u_datapath/u_vector_processing_unit/u_post_process/GEN_BIAS_REQUANT.u_bias_requantize/data_flatten_o_reg[14]_i_3/CO[7]
                         net (fo=1, routed)           0.026     7.556    u_tpu_top/u_datapath/u_vector_processing_unit/u_post_process/GEN_BIAS_REQUANT.u_bias_requantize/data_flatten_o_reg[14]_i_3_n_0
    SLICE_X73Y327        CARRY8 (Prop_CARRY8_SLICEM_CI_CO[7])
                                                      0.015     7.571 f  u_tpu_top/u_datapath/u_vector_processing_unit/u_post_process/GEN_BIAS_REQUANT.u_bias_requantize/data_flatten_o_reg[5]_i_3/CO[7]
                         net (fo=1, routed)           0.026     7.597    u_tpu_top/u_datapath/u_vector_processing_unit/u_post_process/GEN_BIAS_REQUANT.u_bias_requantize/data_flatten_o_reg[5]_i_3_n_0
    SLICE_X73Y328        CARRY8 (Prop_CARRY8_SLICEM_CI_CO[7])
                                                      0.015     7.612 f  u_tpu_top/u_datapath/u_vector_processing_unit/u_post_process/GEN_BIAS_REQUANT.u_bias_requantize/data_flatten_o_reg[30]_i_4/CO[7]
                         net (fo=1, routed)           0.026     7.638    u_tpu_top/u_datapath/u_vector_processing_unit/u_post_process/GEN_BIAS_REQUANT.u_bias_requantize/data_flatten_o_reg[30]_i_4_n_0
    SLICE_X73Y329        CARRY8 (Prop_CARRY8_SLICEM_CI_CO[7])
                                                      0.015     7.653 f  u_tpu_top/u_datapath/u_vector_processing_unit/u_post_process/GEN_BIAS_REQUANT.u_bias_requantize/data_flatten_o_reg[31]_i_19/CO[7]
                         net (fo=1, routed)           0.052     7.705    u_tpu_top/u_datapath/u_vector_processing_unit/u_post_process/GEN_BIAS_REQUANT.u_bias_requantize/data_flatten_o_reg[31]_i_19_n_0
    SLICE_X73Y330        CARRY8 (Prop_CARRY8_SLICEM_CI_CO[7])
                                                      0.015     7.720 f  u_tpu_top/u_datapath/u_vector_processing_unit/u_post_process/GEN_BIAS_REQUANT.u_bias_requantize/data_flatten_o_reg[30]_i_3/CO[7]
                         net (fo=1, routed)           0.026     7.746    u_tpu_top/u_datapath/u_vector_processing_unit/u_post_process/GEN_BIAS_REQUANT.u_bias_requantize/data_flatten_o_reg[30]_i_3_n_0
    SLICE_X73Y331        CARRY8 (Prop_CARRY8_SLICEM_CI_CO[1])
                                                      0.042     7.788 f  u_tpu_top/u_datapath/u_vector_processing_unit/u_post_process/GEN_BIAS_REQUANT.u_bias_requantize/data_flatten_o_reg[31]_i_18/CO[1]
                         net (fo=2, routed)           0.177     7.964    u_tpu_top/u_datapath/u_vector_processing_unit/u_post_process/GEN_BIAS_REQUANT.u_bias_requantize/data_flatten_o_reg[31]_i_18_n_6
    SLICE_X73Y331        LUT3 (Prop_E6LUT_SLICEM_I0_O)
                                                      0.100     8.064 r  u_tpu_top/u_datapath/u_vector_processing_unit/u_post_process/GEN_BIAS_REQUANT.u_bias_requantize/data_flatten_o[31]_i_278/O
                         net (fo=3, routed)           0.279     8.344    u_tpu_top/u_datapath/u_vector_processing_unit/u_post_process/GEN_BIAS_REQUANT.u_bias_requantize/data_flatten_o[31]_i_278_n_0
    SLICE_X74Y329        LUT4 (Prop_B6LUT_SLICEM_I3_O)
                                                      0.037     8.381 r  u_tpu_top/u_datapath/u_vector_processing_unit/u_post_process/GEN_BIAS_REQUANT.u_bias_requantize/data_flatten_o[31]_i_285/O
                         net (fo=1, routed)           0.016     8.397    u_tpu_top/u_datapath/u_vector_processing_unit/u_post_process/GEN_BIAS_REQUANT.u_bias_requantize/data_flatten_o[31]_i_285_n_0
    SLICE_X74Y329        CARRY8 (Prop_CARRY8_SLICEM_S[1]_CO[7])
                                                      0.190     8.587 r  u_tpu_top/u_datapath/u_vector_processing_unit/u_post_process/GEN_BIAS_REQUANT.u_bias_requantize/data_flatten_o_reg[31]_i_181/CO[7]
                         net (fo=1, routed)           0.052     8.639    u_tpu_top/u_datapath/u_vector_processing_unit/u_post_process/GEN_BIAS_REQUANT.u_bias_requantize/data_flatten_o_reg[31]_i_181_n_0
    SLICE_X74Y330        CARRY8 (Prop_CARRY8_SLICEM_CI_O[4])
                                                      0.086     8.725 f  u_tpu_top/u_datapath/u_vector_processing_unit/u_post_process/GEN_BIAS_REQUANT.u_bias_requantize/data_flatten_o_reg[31]_i_180/O[4]
                         net (fo=4, routed)           0.516     9.240    u_tpu_top/u_datapath/u_vector_processing_unit/u_post_process/GEN_BIAS_REQUANT.u_bias_requantize/data_flatten_o_reg[31]_i_180_n_11
    SLICE_X74Y327        LUT2 (Prop_D6LUT_SLICEM_I1_O)
                                                      0.099     9.339 r  u_tpu_top/u_datapath/u_vector_processing_unit/u_post_process/GEN_BIAS_REQUANT.u_bias_requantize/data_flatten_o[31]_i_142/O
                         net (fo=1, routed)           0.025     9.364    u_tpu_top/u_datapath/u_vector_processing_unit/u_post_process/GEN_BIAS_REQUANT.u_bias_requantize/data_flatten_o[31]_i_142_n_0
    SLICE_X74Y327        CARRY8 (Prop_CARRY8_SLICEM_S[3]_CO[7])
                                                      0.163     9.527 f  u_tpu_top/u_datapath/u_vector_processing_unit/u_post_process/GEN_BIAS_REQUANT.u_bias_requantize/data_flatten_o_reg[31]_i_45/CO[7]
                         net (fo=1, routed)           0.026     9.553    u_tpu_top/u_datapath/u_vector_processing_unit/u_post_process/GEN_BIAS_REQUANT.u_bias_requantize/data_flatten_o_reg[31]_i_45_n_0
    SLICE_X74Y328        CARRY8 (Prop_CARRY8_SLICEM_CI_CO[5])
                                                      0.077     9.630 f  u_tpu_top/u_datapath/u_vector_processing_unit/u_post_process/GEN_BIAS_REQUANT.u_bias_requantize/data_flatten_o_reg[31]_i_6/CO[5]
                         net (fo=28, routed)          0.814    10.445    u_tpu_top/u_datapath/u_vector_processing_unit/u_post_process/GEN_BIAS_REQUANT.u_bias_requantize/data_flatten_o_reg[31]_i_6_n_2
    SLICE_X76Y329        LUT5 (Prop_A6LUT_SLICEL_I0_O)
                                                      0.098    10.543 r  u_tpu_top/u_datapath/u_vector_processing_unit/u_post_process/GEN_BIAS_REQUANT.u_bias_requantize/data_flatten_o[29]_i_1/O
                         net (fo=1, routed)           0.048    10.591    u_tpu_top/u_datapath/u_vector_processing_unit/u_post_process/GEN_BIAS_REQUANT.u_bias_requantize/p_8_out[29]
    SLICE_X76Y329        FDCE                                         r  u_tpu_top/u_datapath/u_vector_processing_unit/u_post_process/GEN_BIAS_REQUANT.u_bias_requantize/data_flatten_o_reg[29]/D
  -------------------------------------------------------------------    -------------------

Slack:                    inf
  Source:                 u_tpu_top/u_datapath/u_accumulator_array/read_data_flatten_o_reg[1]/C
                            (rising edge-triggered cell FDCE)
  Destination:            u_tpu_top/u_datapath/u_vector_processing_unit/u_post_process/GEN_BIAS_REQUANT.u_bias_requantize/data_flatten_o_reg[26]/D
  Path Group:             (none)
  Path Type:              Max at Slow Process Corner
  Data Path Delay:        10.586ns  (logic 4.279ns (40.420%)  route 6.307ns (59.580%))
  Logic Levels:           37  (CARRY8=21 DSP_A_B_DATA=1 DSP_ALU=2 DSP_M_DATA=1 DSP_MULTIPLIER=1 DSP_OUTPUT=2 DSP_PREADD_DATA=1 FDCE=1 LUT2=4 LUT3=1 LUT4=1 LUT5=1)

    Location             Delay type                Incr(ns)  Path(ns)    Netlist Resource(s)
  -------------------------------------------------------------------    -------------------
    SLICE_X64Y319        FDCE                         0.000     0.000 r  u_tpu_top/u_datapath/u_accumulator_array/read_data_flatten_o_reg[1]/C
    SLICE_X64Y319        FDCE (Prop_HFF_SLICEM_C_Q)
                                                      0.079     0.079 r  u_tpu_top/u_datapath/u_accumulator_array/read_data_flatten_o_reg[1]/Q
                         net (fo=2, routed)           0.749     0.828    u_tpu_top/u_datapath/u_vector_processing_unit/u_post_process/GEN_BIAS_REQUANT.u_bias_requantize/(null)[0].shifted_value0__11_1[1]
    SLICE_X68Y322        LUT2 (Prop_B6LUT_SLICEL_I0_O)
                                                      0.148     0.976 r  u_tpu_top/u_datapath/u_vector_processing_unit/u_post_process/GEN_BIAS_REQUANT.u_bias_requantize/(null)[0].shifted_value0__1_i_17/O
                         net (fo=1, routed)           0.009     0.985    u_tpu_top_n_892
    SLICE_X68Y322        CARRY8 (Prop_CARRY8_SLICEL_S[1]_CO[7])
                                                      0.186     1.171 r  u_vector_processing_unit/u_post_process/GEN_BIAS_REQUANT.u_bias_requantize/(null)[0].shifted_value0__1_i_2/CO[7]
                         net (fo=1, routed)           0.026     1.197    u_vector_processing_unit/u_post_process/GEN_BIAS_REQUANT.u_bias_requantize/(null)[0].shifted_value0__1_i_2_n_0
    SLICE_X68Y323        CARRY8 (Prop_CARRY8_SLICEL_CI_CO[7])
                                                      0.015     1.212 r  u_vector_processing_unit/u_post_process/GEN_BIAS_REQUANT.u_bias_requantize/(null)[0].shifted_value0__1_i_1/CO[7]
                         net (fo=1, routed)           0.026     1.238    u_vector_processing_unit/u_post_process/GEN_BIAS_REQUANT.u_bias_requantize/(null)[0].shifted_value0__1_i_1_n_0
    SLICE_X68Y324        CARRY8 (Prop_CARRY8_SLICEL_CI_CO[7])
                                                      0.015     1.253 r  u_vector_processing_unit/u_post_process/GEN_BIAS_REQUANT.u_bias_requantize/(null)[0].shifted_value0_i_3/CO[7]
                         net (fo=1, routed)           0.026     1.279    u_vector_processing_unit/u_post_process/GEN_BIAS_REQUANT.u_bias_requantize/(null)[0].shifted_value0_i_3_n_0
    SLICE_X68Y325        CARRY8 (Prop_CARRY8_SLICEL_CI_CO[7])
                                                      0.015     1.294 r  u_vector_processing_unit/u_post_process/GEN_BIAS_REQUANT.u_bias_requantize/(null)[0].shifted_value0_i_2/CO[7]
                         net (fo=1, routed)           0.026     1.320    u_tpu_top/u_datapath/u_vector_processing_unit/u_post_process/GEN_BIAS_REQUANT.u_bias_requantize/(null)[0].shifted_value0__0_0[0]
    SLICE_X68Y326        CARRY8 (Prop_CARRY8_SLICEL_CI_O[0])
                                                      0.056     1.376 f  u_tpu_top/u_datapath/u_vector_processing_unit/u_post_process/GEN_BIAS_REQUANT.u_bias_requantize/(null)[0].shifted_value0_i_1/O[0]
                         net (fo=18, routed)          0.619     1.995    u_tpu_top/u_datapath/u_vector_processing_unit/u_post_process/GEN_BIAS_REQUANT.u_bias_requantize/(null)[0].shifted_value0/B[16]
    DSP48E2_X7Y130       DSP_A_B_DATA (Prop_DSP_A_B_DATA_DSP48E2_B[16]_B2_DATA[16])
                                                      0.151     2.146 r  u_tpu_top/u_datapath/u_vector_processing_unit/u_post_process/GEN_BIAS_REQUANT.u_bias_requantize/(null)[0].shifted_value0/DSP_A_B_DATA_INST/B2_DATA[16]
                         net (fo=1, routed)           0.000     2.146    u_tpu_top/u_datapath/u_vector_processing_unit/u_post_process/GEN_BIAS_REQUANT.u_bias_requantize/(null)[0].shifted_value0/DSP_A_B_DATA.B2_DATA<16>
    DSP48E2_X7Y130       DSP_PREADD_DATA (Prop_DSP_PREADD_DATA_DSP48E2_B2_DATA[16]_B2B1[16])
                                                      0.073     2.219 r  u_tpu_top/u_datapath/u_vector_processing_unit/u_post_process/GEN_BIAS_REQUANT.u_bias_requantize/(null)[0].shifted_value0/DSP_PREADD_DATA_INST/B2B1[16]
                         net (fo=1, routed)           0.000     2.219    u_tpu_top/u_datapath/u_vector_processing_unit/u_post_process/GEN_BIAS_REQUANT.u_bias_requantize/(null)[0].shifted_value0/DSP_PREADD_DATA.B2B1<16>
    DSP48E2_X7Y130       DSP_MULTIPLIER (Prop_DSP_MULTIPLIER_DSP48E2_B2B1[16]_V[43])
                                                      0.609     2.828 f  u_tpu_top/u_datapath/u_vector_processing_unit/u_post_process/GEN_BIAS_REQUANT.u_bias_requantize/(null)[0].shifted_value0/DSP_MULTIPLIER_INST/V[43]
                         net (fo=1, routed)           0.000     2.828    u_tpu_top/u_datapath/u_vector_processing_unit/u_post_process/GEN_BIAS_REQUANT.u_bias_requantize/(null)[0].shifted_value0/DSP_MULTIPLIER.V<43>
    DSP48E2_X7Y130       DSP_M_DATA (Prop_DSP_M_DATA_DSP48E2_V[43]_V_DATA[43])
                                                      0.046     2.874 r  u_tpu_top/u_datapath/u_vector_processing_unit/u_post_process/GEN_BIAS_REQUANT.u_bias_requantize/(null)[0].shifted_value0/DSP_M_DATA_INST/V_DATA[43]
                         net (fo=1, routed)           0.000     2.874    u_tpu_top/u_datapath/u_vector_processing_unit/u_post_process/GEN_BIAS_REQUANT.u_bias_requantize/(null)[0].shifted_value0/DSP_M_DATA.V_DATA<43>
    DSP48E2_X7Y130       DSP_ALU (Prop_DSP_ALU_DSP48E2_V_DATA[43]_ALU_OUT[47])
                                                      0.571     3.445 f  u_tpu_top/u_datapath/u_vector_processing_unit/u_post_process/GEN_BIAS_REQUANT.u_bias_requantize/(null)[0].shifted_value0/DSP_ALU_INST/ALU_OUT[47]
                         net (fo=1, routed)           0.000     3.445    u_tpu_top/u_datapath/u_vector_processing_unit/u_post_process/GEN_BIAS_REQUANT.u_bias_requantize/(null)[0].shifted_value0/DSP_ALU.ALU_OUT<47>
    DSP48E2_X7Y130       DSP_OUTPUT (Prop_DSP_OUTPUT_DSP48E2_ALU_OUT[47]_PCOUT[47])
                                                      0.122     3.567 r  u_tpu_top/u_datapath/u_vector_processing_unit/u_post_process/GEN_BIAS_REQUANT.u_bias_requantize/(null)[0].shifted_value0/DSP_OUTPUT_INST/PCOUT[47]
                         net (fo=1, routed)           0.014     3.581    u_tpu_top/u_datapath/u_vector_processing_unit/u_post_process/GEN_BIAS_REQUANT.u_bias_requantize/(null)[0].shifted_value0__0/PCIN[47]
    DSP48E2_X7Y131       DSP_ALU (Prop_DSP_ALU_DSP48E2_PCIN[47]_ALU_OUT[3])
                                                      0.546     4.127 f  u_tpu_top/u_datapath/u_vector_processing_unit/u_post_process/GEN_BIAS_REQUANT.u_bias_requantize/(null)[0].shifted_value0__0/DSP_ALU_INST/ALU_OUT[3]
                         net (fo=1, routed)           0.000     4.127    u_tpu_top/u_datapath/u_vector_processing_unit/u_post_process/GEN_BIAS_REQUANT.u_bias_requantize/(null)[0].shifted_value0__0/DSP_ALU.ALU_OUT<3>
    DSP48E2_X7Y131       DSP_OUTPUT (Prop_DSP_OUTPUT_DSP48E2_ALU_OUT[3]_P[3])
                                                      0.109     4.236 r  u_tpu_top/u_datapath/u_vector_processing_unit/u_post_process/GEN_BIAS_REQUANT.u_bias_requantize/(null)[0].shifted_value0__0/DSP_OUTPUT_INST/P[3]
                         net (fo=1, routed)           0.436     4.672    u_tpu_top/u_datapath/u_vector_processing_unit/u_post_process/GEN_BIAS_REQUANT.u_bias_requantize/(null)[0].shifted_value0__0_n_102
    SLICE_X72Y327        LUT2 (Prop_F6LUT_SLICEL_I1_O)
                                                      0.035     4.707 r  u_tpu_top/u_datapath/u_vector_processing_unit/u_post_process/GEN_BIAS_REQUANT.u_bias_requantize/data_flatten_o[5]_i_27/O
                         net (fo=1, routed)           0.011     4.718    u_tpu_top/u_datapath/u_vector_processing_unit/u_post_process/GEN_BIAS_REQUANT.u_bias_requantize/data_flatten_o[5]_i_27_n_0
    SLICE_X72Y327        CARRY8 (Prop_CARRY8_SLICEL_S[5]_CO[7])
                                                      0.155     4.873 r  u_tpu_top/u_datapath/u_vector_processing_unit/u_post_process/GEN_BIAS_REQUANT.u_bias_requantize/data_flatten_o_reg[5]_i_24/CO[7]
                         net (fo=1, routed)           0.026     4.899    u_tpu_top/u_datapath/u_vector_processing_unit/u_post_process/GEN_BIAS_REQUANT.u_bias_requantize/data_flatten_o_reg[5]_i_24_n_0
    SLICE_X72Y328        CARRY8 (Prop_CARRY8_SLICEL_CI_CO[7])
                                                      0.015     4.914 r  u_tpu_top/u_datapath/u_vector_processing_unit/u_post_process/GEN_BIAS_REQUANT.u_bias_requantize/data_flatten_o_reg[31]_i_76/CO[7]
                         net (fo=1, routed)           0.026     4.940    u_tpu_top/u_datapath/u_vector_processing_unit/u_post_process/GEN_BIAS_REQUANT.u_bias_requantize/data_flatten_o_reg[31]_i_76_n_0
    SLICE_X72Y329        CARRY8 (Prop_CARRY8_SLICEL_CI_CO[7])
                                                      0.015     4.955 r  u_tpu_top/u_datapath/u_vector_processing_unit/u_post_process/GEN_BIAS_REQUANT.u_bias_requantize/data_flatten_o_reg[31]_i_146/CO[7]
                         net (fo=1, routed)           0.052     5.007    u_tpu_top/u_datapath/u_vector_processing_unit/u_post_process/GEN_BIAS_REQUANT.u_bias_requantize/data_flatten_o_reg[31]_i_146_n_0
    SLICE_X72Y330        CARRY8 (Prop_CARRY8_SLICEL_CI_CO[7])
                                                      0.015     5.022 r  u_tpu_top/u_datapath/u_vector_processing_unit/u_post_process/GEN_BIAS_REQUANT.u_bias_requantize/data_flatten_o_reg[31]_i_73/CO[7]
                         net (fo=1, routed)           0.026     5.048    u_tpu_top/u_datapath/u_vector_processing_unit/u_post_process/GEN_BIAS_REQUANT.u_bias_requantize/data_flatten_o_reg[31]_i_73_n_0
    SLICE_X72Y331        CARRY8 (Prop_CARRY8_SLICEL_CI_O[0])
                                                      0.056     5.104 r  u_tpu_top/u_datapath/u_vector_processing_unit/u_post_process/GEN_BIAS_REQUANT.u_bias_requantize/data_flatten_o_reg[5]_i_6/O[0]
                         net (fo=132, routed)         2.030     7.134    u_tpu_top/u_layer_controller/u_tile_controller/DI[2]
    SLICE_X73Y325        LUT2 (Prop_A6LUT_SLICEM_I0_O)
                                                      0.150     7.284 r  u_tpu_top/u_layer_controller/u_tile_controller/data_flatten_o[5]_i_22/O
                         net (fo=1, routed)           0.013     7.297    u_tpu_top/u_datapath/u_vector_processing_unit/u_post_process/GEN_BIAS_REQUANT.u_bias_requantize/data_flatten_o_reg[5]_0[0]
    SLICE_X73Y325        CARRY8 (Prop_CARRY8_SLICEM_S[0]_CO[7])
                                                      0.192     7.489 f  u_tpu_top/u_datapath/u_vector_processing_unit/u_post_process/GEN_BIAS_REQUANT.u_bias_requantize/data_flatten_o_reg[5]_i_4/CO[7]
                         net (fo=1, routed)           0.026     7.515    u_tpu_top/u_datapath/u_vector_processing_unit/u_post_process/GEN_BIAS_REQUANT.u_bias_requantize/data_flatten_o_reg[5]_i_4_n_0
    SLICE_X73Y326        CARRY8 (Prop_CARRY8_SLICEM_CI_CO[7])
                                                      0.015     7.530 f  u_tpu_top/u_datapath/u_vector_processing_unit/u_post_process/GEN_BIAS_REQUANT.u_bias_requantize/data_flatten_o_reg[14]_i_3/CO[7]
                         net (fo=1, routed)           0.026     7.556    u_tpu_top/u_datapath/u_vector_processing_unit/u_post_process/GEN_BIAS_REQUANT.u_bias_requantize/data_flatten_o_reg[14]_i_3_n_0
    SLICE_X73Y327        CARRY8 (Prop_CARRY8_SLICEM_CI_CO[7])
                                                      0.015     7.571 f  u_tpu_top/u_datapath/u_vector_processing_unit/u_post_process/GEN_BIAS_REQUANT.u_bias_requantize/data_flatten_o_reg[5]_i_3/CO[7]
                         net (fo=1, routed)           0.026     7.597    u_tpu_top/u_datapath/u_vector_processing_unit/u_post_process/GEN_BIAS_REQUANT.u_bias_requantize/data_flatten_o_reg[5]_i_3_n_0
    SLICE_X73Y328        CARRY8 (Prop_CARRY8_SLICEM_CI_CO[7])
                                                      0.015     7.612 f  u_tpu_top/u_datapath/u_vector_processing_unit/u_post_process/GEN_BIAS_REQUANT.u_bias_requantize/data_flatten_o_reg[30]_i_4/CO[7]
                         net (fo=1, routed)           0.026     7.638    u_tpu_top/u_datapath/u_vector_processing_unit/u_post_process/GEN_BIAS_REQUANT.u_bias_requantize/data_flatten_o_reg[30]_i_4_n_0
    SLICE_X73Y329        CARRY8 (Prop_CARRY8_SLICEM_CI_CO[7])
                                                      0.015     7.653 f  u_tpu_top/u_datapath/u_vector_processing_unit/u_post_process/GEN_BIAS_REQUANT.u_bias_requantize/data_flatten_o_reg[31]_i_19/CO[7]
                         net (fo=1, routed)           0.052     7.705    u_tpu_top/u_datapath/u_vector_processing_unit/u_post_process/GEN_BIAS_REQUANT.u_bias_requantize/data_flatten_o_reg[31]_i_19_n_0
    SLICE_X73Y330        CARRY8 (Prop_CARRY8_SLICEM_CI_CO[7])
                                                      0.015     7.720 f  u_tpu_top/u_datapath/u_vector_processing_unit/u_post_process/GEN_BIAS_REQUANT.u_bias_requantize/data_flatten_o_reg[30]_i_3/CO[7]
                         net (fo=1, routed)           0.026     7.746    u_tpu_top/u_datapath/u_vector_processing_unit/u_post_process/GEN_BIAS_REQUANT.u_bias_requantize/data_flatten_o_reg[30]_i_3_n_0
    SLICE_X73Y331        CARRY8 (Prop_CARRY8_SLICEM_CI_CO[1])
                                                      0.042     7.788 f  u_tpu_top/u_datapath/u_vector_processing_unit/u_post_process/GEN_BIAS_REQUANT.u_bias_requantize/data_flatten_o_reg[31]_i_18/CO[1]
                         net (fo=2, routed)           0.177     7.964    u_tpu_top/u_datapath/u_vector_processing_unit/u_post_process/GEN_BIAS_REQUANT.u_bias_requantize/data_flatten_o_reg[31]_i_18_n_6
    SLICE_X73Y331        LUT3 (Prop_E6LUT_SLICEM_I0_O)
                                                      0.100     8.064 r  u_tpu_top/u_datapath/u_vector_processing_unit/u_post_process/GEN_BIAS_REQUANT.u_bias_requantize/data_flatten_o[31]_i_278/O
                         net (fo=3, routed)           0.279     8.344    u_tpu_top/u_datapath/u_vector_processing_unit/u_post_process/GEN_BIAS_REQUANT.u_bias_requantize/data_flatten_o[31]_i_278_n_0
    SLICE_X74Y329        LUT4 (Prop_B6LUT_SLICEM_I3_O)
                                                      0.037     8.381 r  u_tpu_top/u_datapath/u_vector_processing_unit/u_post_process/GEN_BIAS_REQUANT.u_bias_requantize/data_flatten_o[31]_i_285/O
                         net (fo=1, routed)           0.016     8.397    u_tpu_top/u_datapath/u_vector_processing_unit/u_post_process/GEN_BIAS_REQUANT.u_bias_requantize/data_flatten_o[31]_i_285_n_0
    SLICE_X74Y329        CARRY8 (Prop_CARRY8_SLICEM_S[1]_CO[7])
                                                      0.190     8.587 r  u_tpu_top/u_datapath/u_vector_processing_unit/u_post_process/GEN_BIAS_REQUANT.u_bias_requantize/data_flatten_o_reg[31]_i_181/CO[7]
                         net (fo=1, routed)           0.052     8.639    u_tpu_top/u_datapath/u_vector_processing_unit/u_post_process/GEN_BIAS_REQUANT.u_bias_requantize/data_flatten_o_reg[31]_i_181_n_0
    SLICE_X74Y330        CARRY8 (Prop_CARRY8_SLICEM_CI_O[4])
                                                      0.086     8.725 f  u_tpu_top/u_datapath/u_vector_processing_unit/u_post_process/GEN_BIAS_REQUANT.u_bias_requantize/data_flatten_o_reg[31]_i_180/O[4]
                         net (fo=4, routed)           0.516     9.240    u_tpu_top/u_datapath/u_vector_processing_unit/u_post_process/GEN_BIAS_REQUANT.u_bias_requantize/data_flatten_o_reg[31]_i_180_n_11
    SLICE_X74Y327        LUT2 (Prop_D6LUT_SLICEM_I1_O)
                                                      0.099     9.339 r  u_tpu_top/u_datapath/u_vector_processing_unit/u_post_process/GEN_BIAS_REQUANT.u_bias_requantize/data_flatten_o[31]_i_142/O
                         net (fo=1, routed)           0.025     9.364    u_tpu_top/u_datapath/u_vector_processing_unit/u_post_process/GEN_BIAS_REQUANT.u_bias_requantize/data_flatten_o[31]_i_142_n_0
    SLICE_X74Y327        CARRY8 (Prop_CARRY8_SLICEM_S[3]_CO[7])
                                                      0.163     9.527 f  u_tpu_top/u_datapath/u_vector_processing_unit/u_post_process/GEN_BIAS_REQUANT.u_bias_requantize/data_flatten_o_reg[31]_i_45/CO[7]
                         net (fo=1, routed)           0.026     9.553    u_tpu_top/u_datapath/u_vector_processing_unit/u_post_process/GEN_BIAS_REQUANT.u_bias_requantize/data_flatten_o_reg[31]_i_45_n_0
    SLICE_X74Y328        CARRY8 (Prop_CARRY8_SLICEM_CI_CO[5])
                                                      0.077     9.630 f  u_tpu_top/u_datapath/u_vector_processing_unit/u_post_process/GEN_BIAS_REQUANT.u_bias_requantize/data_flatten_o_reg[31]_i_6/CO[5]
                         net (fo=28, routed)          0.871    10.501    u_tpu_top/u_datapath/u_vector_processing_unit/u_post_process/GEN_BIAS_REQUANT.u_bias_requantize/data_flatten_o_reg[31]_i_6_n_2
    SLICE_X76Y329        LUT5 (Prop_D6LUT_SLICEL_I0_O)
                                                      0.036    10.537 r  u_tpu_top/u_datapath/u_vector_processing_unit/u_post_process/GEN_BIAS_REQUANT.u_bias_requantize/data_flatten_o[26]_i_1/O
                         net (fo=1, routed)           0.049    10.586    u_tpu_top/u_datapath/u_vector_processing_unit/u_post_process/GEN_BIAS_REQUANT.u_bias_requantize/p_8_out[26]
    SLICE_X76Y329        FDCE                                         r  u_tpu_top/u_datapath/u_vector_processing_unit/u_post_process/GEN_BIAS_REQUANT.u_bias_requantize/data_flatten_o_reg[26]/D
  -------------------------------------------------------------------    -------------------

Slack:                    inf
  Source:                 u_tpu_top/u_datapath/u_accumulator_array/read_data_flatten_o_reg[1]/C
                            (rising edge-triggered cell FDCE)
  Destination:            u_tpu_top/u_datapath/u_vector_processing_unit/u_post_process/GEN_BIAS_REQUANT.u_bias_requantize/data_flatten_o_reg[27]/D
  Path Group:             (none)
  Path Type:              Max at Slow Process Corner
  Data Path Delay:        10.586ns  (logic 4.278ns (40.410%)  route 6.308ns (59.590%))
  Logic Levels:           37  (CARRY8=21 DSP_A_B_DATA=1 DSP_ALU=2 DSP_M_DATA=1 DSP_MULTIPLIER=1 DSP_OUTPUT=2 DSP_PREADD_DATA=1 FDCE=1 LUT2=4 LUT3=1 LUT4=1 LUT5=1)

    Location             Delay type                Incr(ns)  Path(ns)    Netlist Resource(s)
  -------------------------------------------------------------------    -------------------
    SLICE_X64Y319        FDCE                         0.000     0.000 r  u_tpu_top/u_datapath/u_accumulator_array/read_data_flatten_o_reg[1]/C
    SLICE_X64Y319        FDCE (Prop_HFF_SLICEM_C_Q)
                                                      0.079     0.079 r  u_tpu_top/u_datapath/u_accumulator_array/read_data_flatten_o_reg[1]/Q
                         net (fo=2, routed)           0.749     0.828    u_tpu_top/u_datapath/u_vector_processing_unit/u_post_process/GEN_BIAS_REQUANT.u_bias_requantize/(null)[0].shifted_value0__11_1[1]
    SLICE_X68Y322        LUT2 (Prop_B6LUT_SLICEL_I0_O)
                                                      0.148     0.976 r  u_tpu_top/u_datapath/u_vector_processing_unit/u_post_process/GEN_BIAS_REQUANT.u_bias_requantize/(null)[0].shifted_value0__1_i_17/O
                         net (fo=1, routed)           0.009     0.985    u_tpu_top_n_892
    SLICE_X68Y322        CARRY8 (Prop_CARRY8_SLICEL_S[1]_CO[7])
                                                      0.186     1.171 r  u_vector_processing_unit/u_post_process/GEN_BIAS_REQUANT.u_bias_requantize/(null)[0].shifted_value0__1_i_2/CO[7]
                         net (fo=1, routed)           0.026     1.197    u_vector_processing_unit/u_post_process/GEN_BIAS_REQUANT.u_bias_requantize/(null)[0].shifted_value0__1_i_2_n_0
    SLICE_X68Y323        CARRY8 (Prop_CARRY8_SLICEL_CI_CO[7])
                                                      0.015     1.212 r  u_vector_processing_unit/u_post_process/GEN_BIAS_REQUANT.u_bias_requantize/(null)[0].shifted_value0__1_i_1/CO[7]
                         net (fo=1, routed)           0.026     1.238    u_vector_processing_unit/u_post_process/GEN_BIAS_REQUANT.u_bias_requantize/(null)[0].shifted_value0__1_i_1_n_0
    SLICE_X68Y324        CARRY8 (Prop_CARRY8_SLICEL_CI_CO[7])
                                                      0.015     1.253 r  u_vector_processing_unit/u_post_process/GEN_BIAS_REQUANT.u_bias_requantize/(null)[0].shifted_value0_i_3/CO[7]
                         net (fo=1, routed)           0.026     1.279    u_vector_processing_unit/u_post_process/GEN_BIAS_REQUANT.u_bias_requantize/(null)[0].shifted_value0_i_3_n_0
    SLICE_X68Y325        CARRY8 (Prop_CARRY8_SLICEL_CI_CO[7])
                                                      0.015     1.294 r  u_vector_processing_unit/u_post_process/GEN_BIAS_REQUANT.u_bias_requantize/(null)[0].shifted_value0_i_2/CO[7]
                         net (fo=1, routed)           0.026     1.320    u_tpu_top/u_datapath/u_vector_processing_unit/u_post_process/GEN_BIAS_REQUANT.u_bias_requantize/(null)[0].shifted_value0__0_0[0]
    SLICE_X68Y326        CARRY8 (Prop_CARRY8_SLICEL_CI_O[0])
                                                      0.056     1.376 f  u_tpu_top/u_datapath/u_vector_processing_unit/u_post_process/GEN_BIAS_REQUANT.u_bias_requantize/(null)[0].shifted_value0_i_1/O[0]
                         net (fo=18, routed)          0.619     1.995    u_tpu_top/u_datapath/u_vector_processing_unit/u_post_process/GEN_BIAS_REQUANT.u_bias_requantize/(null)[0].shifted_value0/B[16]
    DSP48E2_X7Y130       DSP_A_B_DATA (Prop_DSP_A_B_DATA_DSP48E2_B[16]_B2_DATA[16])
                                                      0.151     2.146 r  u_tpu_top/u_datapath/u_vector_processing_unit/u_post_process/GEN_BIAS_REQUANT.u_bias_requantize/(null)[0].shifted_value0/DSP_A_B_DATA_INST/B2_DATA[16]
                         net (fo=1, routed)           0.000     2.146    u_tpu_top/u_datapath/u_vector_processing_unit/u_post_process/GEN_BIAS_REQUANT.u_bias_requantize/(null)[0].shifted_value0/DSP_A_B_DATA.B2_DATA<16>
    DSP48E2_X7Y130       DSP_PREADD_DATA (Prop_DSP_PREADD_DATA_DSP48E2_B2_DATA[16]_B2B1[16])
                                                      0.073     2.219 r  u_tpu_top/u_datapath/u_vector_processing_unit/u_post_process/GEN_BIAS_REQUANT.u_bias_requantize/(null)[0].shifted_value0/DSP_PREADD_DATA_INST/B2B1[16]
                         net (fo=1, routed)           0.000     2.219    u_tpu_top/u_datapath/u_vector_processing_unit/u_post_process/GEN_BIAS_REQUANT.u_bias_requantize/(null)[0].shifted_value0/DSP_PREADD_DATA.B2B1<16>
    DSP48E2_X7Y130       DSP_MULTIPLIER (Prop_DSP_MULTIPLIER_DSP48E2_B2B1[16]_V[43])
                                                      0.609     2.828 f  u_tpu_top/u_datapath/u_vector_processing_unit/u_post_process/GEN_BIAS_REQUANT.u_bias_requantize/(null)[0].shifted_value0/DSP_MULTIPLIER_INST/V[43]
                         net (fo=1, routed)           0.000     2.828    u_tpu_top/u_datapath/u_vector_processing_unit/u_post_process/GEN_BIAS_REQUANT.u_bias_requantize/(null)[0].shifted_value0/DSP_MULTIPLIER.V<43>
    DSP48E2_X7Y130       DSP_M_DATA (Prop_DSP_M_DATA_DSP48E2_V[43]_V_DATA[43])
                                                      0.046     2.874 r  u_tpu_top/u_datapath/u_vector_processing_unit/u_post_process/GEN_BIAS_REQUANT.u_bias_requantize/(null)[0].shifted_value0/DSP_M_DATA_INST/V_DATA[43]
                         net (fo=1, routed)           0.000     2.874    u_tpu_top/u_datapath/u_vector_processing_unit/u_post_process/GEN_BIAS_REQUANT.u_bias_requantize/(null)[0].shifted_value0/DSP_M_DATA.V_DATA<43>
    DSP48E2_X7Y130       DSP_ALU (Prop_DSP_ALU_DSP48E2_V_DATA[43]_ALU_OUT[47])
                                                      0.571     3.445 f  u_tpu_top/u_datapath/u_vector_processing_unit/u_post_process/GEN_BIAS_REQUANT.u_bias_requantize/(null)[0].shifted_value0/DSP_ALU_INST/ALU_OUT[47]
                         net (fo=1, routed)           0.000     3.445    u_tpu_top/u_datapath/u_vector_processing_unit/u_post_process/GEN_BIAS_REQUANT.u_bias_requantize/(null)[0].shifted_value0/DSP_ALU.ALU_OUT<47>
    DSP48E2_X7Y130       DSP_OUTPUT (Prop_DSP_OUTPUT_DSP48E2_ALU_OUT[47]_PCOUT[47])
                                                      0.122     3.567 r  u_tpu_top/u_datapath/u_vector_processing_unit/u_post_process/GEN_BIAS_REQUANT.u_bias_requantize/(null)[0].shifted_value0/DSP_OUTPUT_INST/PCOUT[47]
                         net (fo=1, routed)           0.014     3.581    u_tpu_top/u_datapath/u_vector_processing_unit/u_post_process/GEN_BIAS_REQUANT.u_bias_requantize/(null)[0].shifted_value0__0/PCIN[47]
    DSP48E2_X7Y131       DSP_ALU (Prop_DSP_ALU_DSP48E2_PCIN[47]_ALU_OUT[3])
                                                      0.546     4.127 f  u_tpu_top/u_datapath/u_vector_processing_unit/u_post_process/GEN_BIAS_REQUANT.u_bias_requantize/(null)[0].shifted_value0__0/DSP_ALU_INST/ALU_OUT[3]
                         net (fo=1, routed)           0.000     4.127    u_tpu_top/u_datapath/u_vector_processing_unit/u_post_process/GEN_BIAS_REQUANT.u_bias_requantize/(null)[0].shifted_value0__0/DSP_ALU.ALU_OUT<3>
    DSP48E2_X7Y131       DSP_OUTPUT (Prop_DSP_OUTPUT_DSP48E2_ALU_OUT[3]_P[3])
                                                      0.109     4.236 r  u_tpu_top/u_datapath/u_vector_processing_unit/u_post_process/GEN_BIAS_REQUANT.u_bias_requantize/(null)[0].shifted_value0__0/DSP_OUTPUT_INST/P[3]
                         net (fo=1, routed)           0.436     4.672    u_tpu_top/u_datapath/u_vector_processing_unit/u_post_process/GEN_BIAS_REQUANT.u_bias_requantize/(null)[0].shifted_value0__0_n_102
    SLICE_X72Y327        LUT2 (Prop_F6LUT_SLICEL_I1_O)
                                                      0.035     4.707 r  u_tpu_top/u_datapath/u_vector_processing_unit/u_post_process/GEN_BIAS_REQUANT.u_bias_requantize/data_flatten_o[5]_i_27/O
                         net (fo=1, routed)           0.011     4.718    u_tpu_top/u_datapath/u_vector_processing_unit/u_post_process/GEN_BIAS_REQUANT.u_bias_requantize/data_flatten_o[5]_i_27_n_0
    SLICE_X72Y327        CARRY8 (Prop_CARRY8_SLICEL_S[5]_CO[7])
                                                      0.155     4.873 r  u_tpu_top/u_datapath/u_vector_processing_unit/u_post_process/GEN_BIAS_REQUANT.u_bias_requantize/data_flatten_o_reg[5]_i_24/CO[7]
                         net (fo=1, routed)           0.026     4.899    u_tpu_top/u_datapath/u_vector_processing_unit/u_post_process/GEN_BIAS_REQUANT.u_bias_requantize/data_flatten_o_reg[5]_i_24_n_0
    SLICE_X72Y328        CARRY8 (Prop_CARRY8_SLICEL_CI_CO[7])
                                                      0.015     4.914 r  u_tpu_top/u_datapath/u_vector_processing_unit/u_post_process/GEN_BIAS_REQUANT.u_bias_requantize/data_flatten_o_reg[31]_i_76/CO[7]
                         net (fo=1, routed)           0.026     4.940    u_tpu_top/u_datapath/u_vector_processing_unit/u_post_process/GEN_BIAS_REQUANT.u_bias_requantize/data_flatten_o_reg[31]_i_76_n_0
    SLICE_X72Y329        CARRY8 (Prop_CARRY8_SLICEL_CI_CO[7])
                                                      0.015     4.955 r  u_tpu_top/u_datapath/u_vector_processing_unit/u_post_process/GEN_BIAS_REQUANT.u_bias_requantize/data_flatten_o_reg[31]_i_146/CO[7]
                         net (fo=1, routed)           0.052     5.007    u_tpu_top/u_datapath/u_vector_processing_unit/u_post_process/GEN_BIAS_REQUANT.u_bias_requantize/data_flatten_o_reg[31]_i_146_n_0
    SLICE_X72Y330        CARRY8 (Prop_CARRY8_SLICEL_CI_CO[7])
                                                      0.015     5.022 r  u_tpu_top/u_datapath/u_vector_processing_unit/u_post_process/GEN_BIAS_REQUANT.u_bias_requantize/data_flatten_o_reg[31]_i_73/CO[7]
                         net (fo=1, routed)           0.026     5.048    u_tpu_top/u_datapath/u_vector_processing_unit/u_post_process/GEN_BIAS_REQUANT.u_bias_requantize/data_flatten_o_reg[31]_i_73_n_0
    SLICE_X72Y331        CARRY8 (Prop_CARRY8_SLICEL_CI_O[0])
                                                      0.056     5.104 r  u_tpu_top/u_datapath/u_vector_processing_unit/u_post_process/GEN_BIAS_REQUANT.u_bias_requantize/data_flatten_o_reg[5]_i_6/O[0]
                         net (fo=132, routed)         2.030     7.134    u_tpu_top/u_layer_controller/u_tile_controller/DI[2]
    SLICE_X73Y325        LUT2 (Prop_A6LUT_SLICEM_I0_O)
                                                      0.150     7.284 r  u_tpu_top/u_layer_controller/u_tile_controller/data_flatten_o[5]_i_22/O
                         net (fo=1, routed)           0.013     7.297    u_tpu_top/u_datapath/u_vector_processing_unit/u_post_process/GEN_BIAS_REQUANT.u_bias_requantize/data_flatten_o_reg[5]_0[0]
    SLICE_X73Y325        CARRY8 (Prop_CARRY8_SLICEM_S[0]_CO[7])
                                                      0.192     7.489 f  u_tpu_top/u_datapath/u_vector_processing_unit/u_post_process/GEN_BIAS_REQUANT.u_bias_requantize/data_flatten_o_reg[5]_i_4/CO[7]
                         net (fo=1, routed)           0.026     7.515    u_tpu_top/u_datapath/u_vector_processing_unit/u_post_process/GEN_BIAS_REQUANT.u_bias_requantize/data_flatten_o_reg[5]_i_4_n_0
    SLICE_X73Y326        CARRY8 (Prop_CARRY8_SLICEM_CI_CO[7])
                                                      0.015     7.530 f  u_tpu_top/u_datapath/u_vector_processing_unit/u_post_process/GEN_BIAS_REQUANT.u_bias_requantize/data_flatten_o_reg[14]_i_3/CO[7]
                         net (fo=1, routed)           0.026     7.556    u_tpu_top/u_datapath/u_vector_processing_unit/u_post_process/GEN_BIAS_REQUANT.u_bias_requantize/data_flatten_o_reg[14]_i_3_n_0
    SLICE_X73Y327        CARRY8 (Prop_CARRY8_SLICEM_CI_CO[7])
                                                      0.015     7.571 f  u_tpu_top/u_datapath/u_vector_processing_unit/u_post_process/GEN_BIAS_REQUANT.u_bias_requantize/data_flatten_o_reg[5]_i_3/CO[7]
                         net (fo=1, routed)           0.026     7.597    u_tpu_top/u_datapath/u_vector_processing_unit/u_post_process/GEN_BIAS_REQUANT.u_bias_requantize/data_flatten_o_reg[5]_i_3_n_0
    SLICE_X73Y328        CARRY8 (Prop_CARRY8_SLICEM_CI_CO[7])
                                                      0.015     7.612 f  u_tpu_top/u_datapath/u_vector_processing_unit/u_post_process/GEN_BIAS_REQUANT.u_bias_requantize/data_flatten_o_reg[30]_i_4/CO[7]
                         net (fo=1, routed)           0.026     7.638    u_tpu_top/u_datapath/u_vector_processing_unit/u_post_process/GEN_BIAS_REQUANT.u_bias_requantize/data_flatten_o_reg[30]_i_4_n_0
    SLICE_X73Y329        CARRY8 (Prop_CARRY8_SLICEM_CI_CO[7])
                                                      0.015     7.653 f  u_tpu_top/u_datapath/u_vector_processing_unit/u_post_process/GEN_BIAS_REQUANT.u_bias_requantize/data_flatten_o_reg[31]_i_19/CO[7]
                         net (fo=1, routed)           0.052     7.705    u_tpu_top/u_datapath/u_vector_processing_unit/u_post_process/GEN_BIAS_REQUANT.u_bias_requantize/data_flatten_o_reg[31]_i_19_n_0
    SLICE_X73Y330        CARRY8 (Prop_CARRY8_SLICEM_CI_CO[7])
                                                      0.015     7.720 f  u_tpu_top/u_datapath/u_vector_processing_unit/u_post_process/GEN_BIAS_REQUANT.u_bias_requantize/data_flatten_o_reg[30]_i_3/CO[7]
                         net (fo=1, routed)           0.026     7.746    u_tpu_top/u_datapath/u_vector_processing_unit/u_post_process/GEN_BIAS_REQUANT.u_bias_requantize/data_flatten_o_reg[30]_i_3_n_0
    SLICE_X73Y331        CARRY8 (Prop_CARRY8_SLICEM_CI_CO[1])
                                                      0.042     7.788 f  u_tpu_top/u_datapath/u_vector_processing_unit/u_post_process/GEN_BIAS_REQUANT.u_bias_requantize/data_flatten_o_reg[31]_i_18/CO[1]
                         net (fo=2, routed)           0.177     7.964    u_tpu_top/u_datapath/u_vector_processing_unit/u_post_process/GEN_BIAS_REQUANT.u_bias_requantize/data_flatten_o_reg[31]_i_18_n_6
    SLICE_X73Y331        LUT3 (Prop_E6LUT_SLICEM_I0_O)
                                                      0.100     8.064 r  u_tpu_top/u_datapath/u_vector_processing_unit/u_post_process/GEN_BIAS_REQUANT.u_bias_requantize/data_flatten_o[31]_i_278/O
                         net (fo=3, routed)           0.279     8.344    u_tpu_top/u_datapath/u_vector_processing_unit/u_post_process/GEN_BIAS_REQUANT.u_bias_requantize/data_flatten_o[31]_i_278_n_0
    SLICE_X74Y329        LUT4 (Prop_B6LUT_SLICEM_I3_O)
                                                      0.037     8.381 r  u_tpu_top/u_datapath/u_vector_processing_unit/u_post_process/GEN_BIAS_REQUANT.u_bias_requantize/data_flatten_o[31]_i_285/O
                         net (fo=1, routed)           0.016     8.397    u_tpu_top/u_datapath/u_vector_processing_unit/u_post_process/GEN_BIAS_REQUANT.u_bias_requantize/data_flatten_o[31]_i_285_n_0
    SLICE_X74Y329        CARRY8 (Prop_CARRY8_SLICEM_S[1]_CO[7])
                                                      0.190     8.587 r  u_tpu_top/u_datapath/u_vector_processing_unit/u_post_process/GEN_BIAS_REQUANT.u_bias_requantize/data_flatten_o_reg[31]_i_181/CO[7]
                         net (fo=1, routed)           0.052     8.639    u_tpu_top/u_datapath/u_vector_processing_unit/u_post_process/GEN_BIAS_REQUANT.u_bias_requantize/data_flatten_o_reg[31]_i_181_n_0
    SLICE_X74Y330        CARRY8 (Prop_CARRY8_SLICEM_CI_O[4])
                                                      0.086     8.725 f  u_tpu_top/u_datapath/u_vector_processing_unit/u_post_process/GEN_BIAS_REQUANT.u_bias_requantize/data_flatten_o_reg[31]_i_180/O[4]
                         net (fo=4, routed)           0.516     9.240    u_tpu_top/u_datapath/u_vector_processing_unit/u_post_process/GEN_BIAS_REQUANT.u_bias_requantize/data_flatten_o_reg[31]_i_180_n_11
    SLICE_X74Y327        LUT2 (Prop_D6LUT_SLICEM_I1_O)
                                                      0.099     9.339 r  u_tpu_top/u_datapath/u_vector_processing_unit/u_post_process/GEN_BIAS_REQUANT.u_bias_requantize/data_flatten_o[31]_i_142/O
                         net (fo=1, routed)           0.025     9.364    u_tpu_top/u_datapath/u_vector_processing_unit/u_post_process/GEN_BIAS_REQUANT.u_bias_requantize/data_flatten_o[31]_i_142_n_0
    SLICE_X74Y327        CARRY8 (Prop_CARRY8_SLICEM_S[3]_CO[7])
                                                      0.163     9.527 f  u_tpu_top/u_datapath/u_vector_processing_unit/u_post_process/GEN_BIAS_REQUANT.u_bias_requantize/data_flatten_o_reg[31]_i_45/CO[7]
                         net (fo=1, routed)           0.026     9.553    u_tpu_top/u_datapath/u_vector_processing_unit/u_post_process/GEN_BIAS_REQUANT.u_bias_requantize/data_flatten_o_reg[31]_i_45_n_0
    SLICE_X74Y328        CARRY8 (Prop_CARRY8_SLICEM_CI_CO[5])
                                                      0.077     9.630 f  u_tpu_top/u_datapath/u_vector_processing_unit/u_post_process/GEN_BIAS_REQUANT.u_bias_requantize/data_flatten_o_reg[31]_i_6/CO[5]
                         net (fo=28, routed)          0.871    10.501    u_tpu_top/u_datapath/u_vector_processing_unit/u_post_process/GEN_BIAS_REQUANT.u_bias_requantize/data_flatten_o_reg[31]_i_6_n_2
    SLICE_X76Y329        LUT5 (Prop_C6LUT_SLICEL_I0_O)
                                                      0.035    10.536 r  u_tpu_top/u_datapath/u_vector_processing_unit/u_post_process/GEN_BIAS_REQUANT.u_bias_requantize/data_flatten_o[27]_i_1/O
                         net (fo=1, routed)           0.050    10.586    u_tpu_top/u_datapath/u_vector_processing_unit/u_post_process/GEN_BIAS_REQUANT.u_bias_requantize/p_8_out[27]
    SLICE_X76Y329        FDCE                                         r  u_tpu_top/u_datapath/u_vector_processing_unit/u_post_process/GEN_BIAS_REQUANT.u_bias_requantize/data_flatten_o_reg[27]/D
  -------------------------------------------------------------------    -------------------

Slack:                    inf
  Source:                 u_tpu_top/u_datapath/u_accumulator_array/read_data_flatten_o_reg[1]/C
                            (rising edge-triggered cell FDCE)
  Destination:            u_tpu_top/u_datapath/u_vector_processing_unit/u_post_process/GEN_BIAS_REQUANT.u_bias_requantize/data_flatten_o_reg[28]/D
  Path Group:             (none)
  Path Type:              Max at Slow Process Corner
  Data Path Delay:        10.584ns  (logic 4.333ns (40.941%)  route 6.251ns (59.059%))
  Logic Levels:           37  (CARRY8=21 DSP_A_B_DATA=1 DSP_ALU=2 DSP_M_DATA=1 DSP_MULTIPLIER=1 DSP_OUTPUT=2 DSP_PREADD_DATA=1 FDCE=1 LUT2=4 LUT3=1 LUT4=1 LUT5=1)

    Location             Delay type                Incr(ns)  Path(ns)    Netlist Resource(s)
  -------------------------------------------------------------------    -------------------
    SLICE_X64Y319        FDCE                         0.000     0.000 r  u_tpu_top/u_datapath/u_accumulator_array/read_data_flatten_o_reg[1]/C
    SLICE_X64Y319        FDCE (Prop_HFF_SLICEM_C_Q)
                                                      0.079     0.079 r  u_tpu_top/u_datapath/u_accumulator_array/read_data_flatten_o_reg[1]/Q
                         net (fo=2, routed)           0.749     0.828    u_tpu_top/u_datapath/u_vector_processing_unit/u_post_process/GEN_BIAS_REQUANT.u_bias_requantize/(null)[0].shifted_value0__11_1[1]
    SLICE_X68Y322        LUT2 (Prop_B6LUT_SLICEL_I0_O)
                                                      0.148     0.976 r  u_tpu_top/u_datapath/u_vector_processing_unit/u_post_process/GEN_BIAS_REQUANT.u_bias_requantize/(null)[0].shifted_value0__1_i_17/O
                         net (fo=1, routed)           0.009     0.985    u_tpu_top_n_892
    SLICE_X68Y322        CARRY8 (Prop_CARRY8_SLICEL_S[1]_CO[7])
                                                      0.186     1.171 r  u_vector_processing_unit/u_post_process/GEN_BIAS_REQUANT.u_bias_requantize/(null)[0].shifted_value0__1_i_2/CO[7]
                         net (fo=1, routed)           0.026     1.197    u_vector_processing_unit/u_post_process/GEN_BIAS_REQUANT.u_bias_requantize/(null)[0].shifted_value0__1_i_2_n_0
    SLICE_X68Y323        CARRY8 (Prop_CARRY8_SLICEL_CI_CO[7])
                                                      0.015     1.212 r  u_vector_processing_unit/u_post_process/GEN_BIAS_REQUANT.u_bias_requantize/(null)[0].shifted_value0__1_i_1/CO[7]
                         net (fo=1, routed)           0.026     1.238    u_vector_processing_unit/u_post_process/GEN_BIAS_REQUANT.u_bias_requantize/(null)[0].shifted_value0__1_i_1_n_0
    SLICE_X68Y324        CARRY8 (Prop_CARRY8_SLICEL_CI_CO[7])
                                                      0.015     1.253 r  u_vector_processing_unit/u_post_process/GEN_BIAS_REQUANT.u_bias_requantize/(null)[0].shifted_value0_i_3/CO[7]
                         net (fo=1, routed)           0.026     1.279    u_vector_processing_unit/u_post_process/GEN_BIAS_REQUANT.u_bias_requantize/(null)[0].shifted_value0_i_3_n_0
    SLICE_X68Y325        CARRY8 (Prop_CARRY8_SLICEL_CI_CO[7])
                                                      0.015     1.294 r  u_vector_processing_unit/u_post_process/GEN_BIAS_REQUANT.u_bias_requantize/(null)[0].shifted_value0_i_2/CO[7]
                         net (fo=1, routed)           0.026     1.320    u_tpu_top/u_datapath/u_vector_processing_unit/u_post_process/GEN_BIAS_REQUANT.u_bias_requantize/(null)[0].shifted_value0__0_0[0]
    SLICE_X68Y326        CARRY8 (Prop_CARRY8_SLICEL_CI_O[0])
                                                      0.056     1.376 f  u_tpu_top/u_datapath/u_vector_processing_unit/u_post_process/GEN_BIAS_REQUANT.u_bias_requantize/(null)[0].shifted_value0_i_1/O[0]
                         net (fo=18, routed)          0.619     1.995    u_tpu_top/u_datapath/u_vector_processing_unit/u_post_process/GEN_BIAS_REQUANT.u_bias_requantize/(null)[0].shifted_value0/B[16]
    DSP48E2_X7Y130       DSP_A_B_DATA (Prop_DSP_A_B_DATA_DSP48E2_B[16]_B2_DATA[16])
                                                      0.151     2.146 r  u_tpu_top/u_datapath/u_vector_processing_unit/u_post_process/GEN_BIAS_REQUANT.u_bias_requantize/(null)[0].shifted_value0/DSP_A_B_DATA_INST/B2_DATA[16]
                         net (fo=1, routed)           0.000     2.146    u_tpu_top/u_datapath/u_vector_processing_unit/u_post_process/GEN_BIAS_REQUANT.u_bias_requantize/(null)[0].shifted_value0/DSP_A_B_DATA.B2_DATA<16>
    DSP48E2_X7Y130       DSP_PREADD_DATA (Prop_DSP_PREADD_DATA_DSP48E2_B2_DATA[16]_B2B1[16])
                                                      0.073     2.219 r  u_tpu_top/u_datapath/u_vector_processing_unit/u_post_process/GEN_BIAS_REQUANT.u_bias_requantize/(null)[0].shifted_value0/DSP_PREADD_DATA_INST/B2B1[16]
                         net (fo=1, routed)           0.000     2.219    u_tpu_top/u_datapath/u_vector_processing_unit/u_post_process/GEN_BIAS_REQUANT.u_bias_requantize/(null)[0].shifted_value0/DSP_PREADD_DATA.B2B1<16>
    DSP48E2_X7Y130       DSP_MULTIPLIER (Prop_DSP_MULTIPLIER_DSP48E2_B2B1[16]_V[43])
                                                      0.609     2.828 f  u_tpu_top/u_datapath/u_vector_processing_unit/u_post_process/GEN_BIAS_REQUANT.u_bias_requantize/(null)[0].shifted_value0/DSP_MULTIPLIER_INST/V[43]
                         net (fo=1, routed)           0.000     2.828    u_tpu_top/u_datapath/u_vector_processing_unit/u_post_process/GEN_BIAS_REQUANT.u_bias_requantize/(null)[0].shifted_value0/DSP_MULTIPLIER.V<43>
    DSP48E2_X7Y130       DSP_M_DATA (Prop_DSP_M_DATA_DSP48E2_V[43]_V_DATA[43])
                                                      0.046     2.874 r  u_tpu_top/u_datapath/u_vector_processing_unit/u_post_process/GEN_BIAS_REQUANT.u_bias_requantize/(null)[0].shifted_value0/DSP_M_DATA_INST/V_DATA[43]
                         net (fo=1, routed)           0.000     2.874    u_tpu_top/u_datapath/u_vector_processing_unit/u_post_process/GEN_BIAS_REQUANT.u_bias_requantize/(null)[0].shifted_value0/DSP_M_DATA.V_DATA<43>
    DSP48E2_X7Y130       DSP_ALU (Prop_DSP_ALU_DSP48E2_V_DATA[43]_ALU_OUT[47])
                                                      0.571     3.445 f  u_tpu_top/u_datapath/u_vector_processing_unit/u_post_process/GEN_BIAS_REQUANT.u_bias_requantize/(null)[0].shifted_value0/DSP_ALU_INST/ALU_OUT[47]
                         net (fo=1, routed)           0.000     3.445    u_tpu_top/u_datapath/u_vector_processing_unit/u_post_process/GEN_BIAS_REQUANT.u_bias_requantize/(null)[0].shifted_value0/DSP_ALU.ALU_OUT<47>
    DSP48E2_X7Y130       DSP_OUTPUT (Prop_DSP_OUTPUT_DSP48E2_ALU_OUT[47]_PCOUT[47])
                                                      0.122     3.567 r  u_tpu_top/u_datapath/u_vector_processing_unit/u_post_process/GEN_BIAS_REQUANT.u_bias_requantize/(null)[0].shifted_value0/DSP_OUTPUT_INST/PCOUT[47]
                         net (fo=1, routed)           0.014     3.581    u_tpu_top/u_datapath/u_vector_processing_unit/u_post_process/GEN_BIAS_REQUANT.u_bias_requantize/(null)[0].shifted_value0__0/PCIN[47]
    DSP48E2_X7Y131       DSP_ALU (Prop_DSP_ALU_DSP48E2_PCIN[47]_ALU_OUT[3])
                                                      0.546     4.127 f  u_tpu_top/u_datapath/u_vector_processing_unit/u_post_process/GEN_BIAS_REQUANT.u_bias_requantize/(null)[0].shifted_value0__0/DSP_ALU_INST/ALU_OUT[3]
                         net (fo=1, routed)           0.000     4.127    u_tpu_top/u_datapath/u_vector_processing_unit/u_post_process/GEN_BIAS_REQUANT.u_bias_requantize/(null)[0].shifted_value0__0/DSP_ALU.ALU_OUT<3>
    DSP48E2_X7Y131       DSP_OUTPUT (Prop_DSP_OUTPUT_DSP48E2_ALU_OUT[3]_P[3])
                                                      0.109     4.236 r  u_tpu_top/u_datapath/u_vector_processing_unit/u_post_process/GEN_BIAS_REQUANT.u_bias_requantize/(null)[0].shifted_value0__0/DSP_OUTPUT_INST/P[3]
                         net (fo=1, routed)           0.436     4.672    u_tpu_top/u_datapath/u_vector_processing_unit/u_post_process/GEN_BIAS_REQUANT.u_bias_requantize/(null)[0].shifted_value0__0_n_102
    SLICE_X72Y327        LUT2 (Prop_F6LUT_SLICEL_I1_O)
                                                      0.035     4.707 r  u_tpu_top/u_datapath/u_vector_processing_unit/u_post_process/GEN_BIAS_REQUANT.u_bias_requantize/data_flatten_o[5]_i_27/O
                         net (fo=1, routed)           0.011     4.718    u_tpu_top/u_datapath/u_vector_processing_unit/u_post_process/GEN_BIAS_REQUANT.u_bias_requantize/data_flatten_o[5]_i_27_n_0
    SLICE_X72Y327        CARRY8 (Prop_CARRY8_SLICEL_S[5]_CO[7])
                                                      0.155     4.873 r  u_tpu_top/u_datapath/u_vector_processing_unit/u_post_process/GEN_BIAS_REQUANT.u_bias_requantize/data_flatten_o_reg[5]_i_24/CO[7]
                         net (fo=1, routed)           0.026     4.899    u_tpu_top/u_datapath/u_vector_processing_unit/u_post_process/GEN_BIAS_REQUANT.u_bias_requantize/data_flatten_o_reg[5]_i_24_n_0
    SLICE_X72Y328        CARRY8 (Prop_CARRY8_SLICEL_CI_CO[7])
                                                      0.015     4.914 r  u_tpu_top/u_datapath/u_vector_processing_unit/u_post_process/GEN_BIAS_REQUANT.u_bias_requantize/data_flatten_o_reg[31]_i_76/CO[7]
                         net (fo=1, routed)           0.026     4.940    u_tpu_top/u_datapath/u_vector_processing_unit/u_post_process/GEN_BIAS_REQUANT.u_bias_requantize/data_flatten_o_reg[31]_i_76_n_0
    SLICE_X72Y329        CARRY8 (Prop_CARRY8_SLICEL_CI_CO[7])
                                                      0.015     4.955 r  u_tpu_top/u_datapath/u_vector_processing_unit/u_post_process/GEN_BIAS_REQUANT.u_bias_requantize/data_flatten_o_reg[31]_i_146/CO[7]
                         net (fo=1, routed)           0.052     5.007    u_tpu_top/u_datapath/u_vector_processing_unit/u_post_process/GEN_BIAS_REQUANT.u_bias_requantize/data_flatten_o_reg[31]_i_146_n_0
    SLICE_X72Y330        CARRY8 (Prop_CARRY8_SLICEL_CI_CO[7])
                                                      0.015     5.022 r  u_tpu_top/u_datapath/u_vector_processing_unit/u_post_process/GEN_BIAS_REQUANT.u_bias_requantize/data_flatten_o_reg[31]_i_73/CO[7]
                         net (fo=1, routed)           0.026     5.048    u_tpu_top/u_datapath/u_vector_processing_unit/u_post_process/GEN_BIAS_REQUANT.u_bias_requantize/data_flatten_o_reg[31]_i_73_n_0
    SLICE_X72Y331        CARRY8 (Prop_CARRY8_SLICEL_CI_O[0])
                                                      0.056     5.104 r  u_tpu_top/u_datapath/u_vector_processing_unit/u_post_process/GEN_BIAS_REQUANT.u_bias_requantize/data_flatten_o_reg[5]_i_6/O[0]
                         net (fo=132, routed)         2.030     7.134    u_tpu_top/u_layer_controller/u_tile_controller/DI[2]
    SLICE_X73Y325        LUT2 (Prop_A6LUT_SLICEM_I0_O)
                                                      0.150     7.284 r  u_tpu_top/u_layer_controller/u_tile_controller/data_flatten_o[5]_i_22/O
                         net (fo=1, routed)           0.013     7.297    u_tpu_top/u_datapath/u_vector_processing_unit/u_post_process/GEN_BIAS_REQUANT.u_bias_requantize/data_flatten_o_reg[5]_0[0]
    SLICE_X73Y325        CARRY8 (Prop_CARRY8_SLICEM_S[0]_CO[7])
                                                      0.192     7.489 f  u_tpu_top/u_datapath/u_vector_processing_unit/u_post_process/GEN_BIAS_REQUANT.u_bias_requantize/data_flatten_o_reg[5]_i_4/CO[7]
                         net (fo=1, routed)           0.026     7.515    u_tpu_top/u_datapath/u_vector_processing_unit/u_post_process/GEN_BIAS_REQUANT.u_bias_requantize/data_flatten_o_reg[5]_i_4_n_0
    SLICE_X73Y326        CARRY8 (Prop_CARRY8_SLICEM_CI_CO[7])
                                                      0.015     7.530 f  u_tpu_top/u_datapath/u_vector_processing_unit/u_post_process/GEN_BIAS_REQUANT.u_bias_requantize/data_flatten_o_reg[14]_i_3/CO[7]
                         net (fo=1, routed)           0.026     7.556    u_tpu_top/u_datapath/u_vector_processing_unit/u_post_process/GEN_BIAS_REQUANT.u_bias_requantize/data_flatten_o_reg[14]_i_3_n_0
    SLICE_X73Y327        CARRY8 (Prop_CARRY8_SLICEM_CI_CO[7])
                                                      0.015     7.571 f  u_tpu_top/u_datapath/u_vector_processing_unit/u_post_process/GEN_BIAS_REQUANT.u_bias_requantize/data_flatten_o_reg[5]_i_3/CO[7]
                         net (fo=1, routed)           0.026     7.597    u_tpu_top/u_datapath/u_vector_processing_unit/u_post_process/GEN_BIAS_REQUANT.u_bias_requantize/data_flatten_o_reg[5]_i_3_n_0
    SLICE_X73Y328        CARRY8 (Prop_CARRY8_SLICEM_CI_CO[7])
                                                      0.015     7.612 f  u_tpu_top/u_datapath/u_vector_processing_unit/u_post_process/GEN_BIAS_REQUANT.u_bias_requantize/data_flatten_o_reg[30]_i_4/CO[7]
                         net (fo=1, routed)           0.026     7.638    u_tpu_top/u_datapath/u_vector_processing_unit/u_post_process/GEN_BIAS_REQUANT.u_bias_requantize/data_flatten_o_reg[30]_i_4_n_0
    SLICE_X73Y329        CARRY8 (Prop_CARRY8_SLICEM_CI_CO[7])
                                                      0.015     7.653 f  u_tpu_top/u_datapath/u_vector_processing_unit/u_post_process/GEN_BIAS_REQUANT.u_bias_requantize/data_flatten_o_reg[31]_i_19/CO[7]
                         net (fo=1, routed)           0.052     7.705    u_tpu_top/u_datapath/u_vector_processing_unit/u_post_process/GEN_BIAS_REQUANT.u_bias_requantize/data_flatten_o_reg[31]_i_19_n_0
    SLICE_X73Y330        CARRY8 (Prop_CARRY8_SLICEM_CI_CO[7])
                                                      0.015     7.720 f  u_tpu_top/u_datapath/u_vector_processing_unit/u_post_process/GEN_BIAS_REQUANT.u_bias_requantize/data_flatten_o_reg[30]_i_3/CO[7]
                         net (fo=1, routed)           0.026     7.746    u_tpu_top/u_datapath/u_vector_processing_unit/u_post_process/GEN_BIAS_REQUANT.u_bias_requantize/data_flatten_o_reg[30]_i_3_n_0
    SLICE_X73Y331        CARRY8 (Prop_CARRY8_SLICEM_CI_CO[1])
                                                      0.042     7.788 f  u_tpu_top/u_datapath/u_vector_processing_unit/u_post_process/GEN_BIAS_REQUANT.u_bias_requantize/data_flatten_o_reg[31]_i_18/CO[1]
                         net (fo=2, routed)           0.177     7.964    u_tpu_top/u_datapath/u_vector_processing_unit/u_post_process/GEN_BIAS_REQUANT.u_bias_requantize/data_flatten_o_reg[31]_i_18_n_6
    SLICE_X73Y331        LUT3 (Prop_E6LUT_SLICEM_I0_O)
                                                      0.100     8.064 r  u_tpu_top/u_datapath/u_vector_processing_unit/u_post_process/GEN_BIAS_REQUANT.u_bias_requantize/data_flatten_o[31]_i_278/O
                         net (fo=3, routed)           0.279     8.344    u_tpu_top/u_datapath/u_vector_processing_unit/u_post_process/GEN_BIAS_REQUANT.u_bias_requantize/data_flatten_o[31]_i_278_n_0
    SLICE_X74Y329        LUT4 (Prop_B6LUT_SLICEM_I3_O)
                                                      0.037     8.381 r  u_tpu_top/u_datapath/u_vector_processing_unit/u_post_process/GEN_BIAS_REQUANT.u_bias_requantize/data_flatten_o[31]_i_285/O
                         net (fo=1, routed)           0.016     8.397    u_tpu_top/u_datapath/u_vector_processing_unit/u_post_process/GEN_BIAS_REQUANT.u_bias_requantize/data_flatten_o[31]_i_285_n_0
    SLICE_X74Y329        CARRY8 (Prop_CARRY8_SLICEM_S[1]_CO[7])
                                                      0.190     8.587 r  u_tpu_top/u_datapath/u_vector_processing_unit/u_post_process/GEN_BIAS_REQUANT.u_bias_requantize/data_flatten_o_reg[31]_i_181/CO[7]
                         net (fo=1, routed)           0.052     8.639    u_tpu_top/u_datapath/u_vector_processing_unit/u_post_process/GEN_BIAS_REQUANT.u_bias_requantize/data_flatten_o_reg[31]_i_181_n_0
    SLICE_X74Y330        CARRY8 (Prop_CARRY8_SLICEM_CI_O[4])
                                                      0.086     8.725 f  u_tpu_top/u_datapath/u_vector_processing_unit/u_post_process/GEN_BIAS_REQUANT.u_bias_requantize/data_flatten_o_reg[31]_i_180/O[4]
                         net (fo=4, routed)           0.516     9.240    u_tpu_top/u_datapath/u_vector_processing_unit/u_post_process/GEN_BIAS_REQUANT.u_bias_requantize/data_flatten_o_reg[31]_i_180_n_11
    SLICE_X74Y327        LUT2 (Prop_D6LUT_SLICEM_I1_O)
                                                      0.099     9.339 r  u_tpu_top/u_datapath/u_vector_processing_unit/u_post_process/GEN_BIAS_REQUANT.u_bias_requantize/data_flatten_o[31]_i_142/O
                         net (fo=1, routed)           0.025     9.364    u_tpu_top/u_datapath/u_vector_processing_unit/u_post_process/GEN_BIAS_REQUANT.u_bias_requantize/data_flatten_o[31]_i_142_n_0
    SLICE_X74Y327        CARRY8 (Prop_CARRY8_SLICEM_S[3]_CO[7])
                                                      0.163     9.527 f  u_tpu_top/u_datapath/u_vector_processing_unit/u_post_process/GEN_BIAS_REQUANT.u_bias_requantize/data_flatten_o_reg[31]_i_45/CO[7]
                         net (fo=1, routed)           0.026     9.553    u_tpu_top/u_datapath/u_vector_processing_unit/u_post_process/GEN_BIAS_REQUANT.u_bias_requantize/data_flatten_o_reg[31]_i_45_n_0
    SLICE_X74Y328        CARRY8 (Prop_CARRY8_SLICEM_CI_CO[5])
                                                      0.077     9.630 f  u_tpu_top/u_datapath/u_vector_processing_unit/u_post_process/GEN_BIAS_REQUANT.u_bias_requantize/data_flatten_o_reg[31]_i_6/CO[5]
                         net (fo=28, routed)          0.814    10.445    u_tpu_top/u_datapath/u_vector_processing_unit/u_post_process/GEN_BIAS_REQUANT.u_bias_requantize/data_flatten_o_reg[31]_i_6_n_2
    SLICE_X76Y329        LUT5 (Prop_B6LUT_SLICEL_I0_O)
                                                      0.090    10.535 r  u_tpu_top/u_datapath/u_vector_processing_unit/u_post_process/GEN_BIAS_REQUANT.u_bias_requantize/data_flatten_o[28]_i_1/O
                         net (fo=1, routed)           0.049    10.584    u_tpu_top/u_datapath/u_vector_processing_unit/u_post_process/GEN_BIAS_REQUANT.u_bias_requantize/p_8_out[28]
    SLICE_X76Y329        FDCE                                         r  u_tpu_top/u_datapath/u_vector_processing_unit/u_post_process/GEN_BIAS_REQUANT.u_bias_requantize/data_flatten_o_reg[28]/D
  -------------------------------------------------------------------    -------------------

Slack:                    inf
  Source:                 u_tpu_top/u_datapath/u_accumulator_array/read_data_flatten_o_reg[1]/C
                            (rising edge-triggered cell FDCE)
  Destination:            u_tpu_top/u_datapath/u_vector_processing_unit/u_post_process/GEN_BIAS_REQUANT.u_bias_requantize/data_flatten_o_reg[6]/D
  Path Group:             (none)
  Path Type:              Max at Slow Process Corner
  Data Path Delay:        10.537ns  (logic 4.378ns (41.547%)  route 6.159ns (58.453%))
  Logic Levels:           37  (CARRY8=21 DSP_A_B_DATA=1 DSP_ALU=2 DSP_M_DATA=1 DSP_MULTIPLIER=1 DSP_OUTPUT=2 DSP_PREADD_DATA=1 FDCE=1 LUT2=4 LUT3=1 LUT4=1 LUT5=1)

    Location             Delay type                Incr(ns)  Path(ns)    Netlist Resource(s)
  -------------------------------------------------------------------    -------------------
    SLICE_X64Y319        FDCE                         0.000     0.000 r  u_tpu_top/u_datapath/u_accumulator_array/read_data_flatten_o_reg[1]/C
    SLICE_X64Y319        FDCE (Prop_HFF_SLICEM_C_Q)
                                                      0.079     0.079 r  u_tpu_top/u_datapath/u_accumulator_array/read_data_flatten_o_reg[1]/Q
                         net (fo=2, routed)           0.749     0.828    u_tpu_top/u_datapath/u_vector_processing_unit/u_post_process/GEN_BIAS_REQUANT.u_bias_requantize/(null)[0].shifted_value0__11_1[1]
    SLICE_X68Y322        LUT2 (Prop_B6LUT_SLICEL_I0_O)
                                                      0.148     0.976 r  u_tpu_top/u_datapath/u_vector_processing_unit/u_post_process/GEN_BIAS_REQUANT.u_bias_requantize/(null)[0].shifted_value0__1_i_17/O
                         net (fo=1, routed)           0.009     0.985    u_tpu_top_n_892
    SLICE_X68Y322        CARRY8 (Prop_CARRY8_SLICEL_S[1]_CO[7])
                                                      0.186     1.171 r  u_vector_processing_unit/u_post_process/GEN_BIAS_REQUANT.u_bias_requantize/(null)[0].shifted_value0__1_i_2/CO[7]
                         net (fo=1, routed)           0.026     1.197    u_vector_processing_unit/u_post_process/GEN_BIAS_REQUANT.u_bias_requantize/(null)[0].shifted_value0__1_i_2_n_0
    SLICE_X68Y323        CARRY8 (Prop_CARRY8_SLICEL_CI_CO[7])
                                                      0.015     1.212 r  u_vector_processing_unit/u_post_process/GEN_BIAS_REQUANT.u_bias_requantize/(null)[0].shifted_value0__1_i_1/CO[7]
                         net (fo=1, routed)           0.026     1.238    u_vector_processing_unit/u_post_process/GEN_BIAS_REQUANT.u_bias_requantize/(null)[0].shifted_value0__1_i_1_n_0
    SLICE_X68Y324        CARRY8 (Prop_CARRY8_SLICEL_CI_CO[7])
                                                      0.015     1.253 r  u_vector_processing_unit/u_post_process/GEN_BIAS_REQUANT.u_bias_requantize/(null)[0].shifted_value0_i_3/CO[7]
                         net (fo=1, routed)           0.026     1.279    u_vector_processing_unit/u_post_process/GEN_BIAS_REQUANT.u_bias_requantize/(null)[0].shifted_value0_i_3_n_0
    SLICE_X68Y325        CARRY8 (Prop_CARRY8_SLICEL_CI_CO[7])
                                                      0.015     1.294 r  u_vector_processing_unit/u_post_process/GEN_BIAS_REQUANT.u_bias_requantize/(null)[0].shifted_value0_i_2/CO[7]
                         net (fo=1, routed)           0.026     1.320    u_tpu_top/u_datapath/u_vector_processing_unit/u_post_process/GEN_BIAS_REQUANT.u_bias_requantize/(null)[0].shifted_value0__0_0[0]
    SLICE_X68Y326        CARRY8 (Prop_CARRY8_SLICEL_CI_O[0])
                                                      0.056     1.376 f  u_tpu_top/u_datapath/u_vector_processing_unit/u_post_process/GEN_BIAS_REQUANT.u_bias_requantize/(null)[0].shifted_value0_i_1/O[0]
                         net (fo=18, routed)          0.619     1.995    u_tpu_top/u_datapath/u_vector_processing_unit/u_post_process/GEN_BIAS_REQUANT.u_bias_requantize/(null)[0].shifted_value0/B[16]
    DSP48E2_X7Y130       DSP_A_B_DATA (Prop_DSP_A_B_DATA_DSP48E2_B[16]_B2_DATA[16])
                                                      0.151     2.146 r  u_tpu_top/u_datapath/u_vector_processing_unit/u_post_process/GEN_BIAS_REQUANT.u_bias_requantize/(null)[0].shifted_value0/DSP_A_B_DATA_INST/B2_DATA[16]
                         net (fo=1, routed)           0.000     2.146    u_tpu_top/u_datapath/u_vector_processing_unit/u_post_process/GEN_BIAS_REQUANT.u_bias_requantize/(null)[0].shifted_value0/DSP_A_B_DATA.B2_DATA<16>
    DSP48E2_X7Y130       DSP_PREADD_DATA (Prop_DSP_PREADD_DATA_DSP48E2_B2_DATA[16]_B2B1[16])
                                                      0.073     2.219 r  u_tpu_top/u_datapath/u_vector_processing_unit/u_post_process/GEN_BIAS_REQUANT.u_bias_requantize/(null)[0].shifted_value0/DSP_PREADD_DATA_INST/B2B1[16]
                         net (fo=1, routed)           0.000     2.219    u_tpu_top/u_datapath/u_vector_processing_unit/u_post_process/GEN_BIAS_REQUANT.u_bias_requantize/(null)[0].shifted_value0/DSP_PREADD_DATA.B2B1<16>
    DSP48E2_X7Y130       DSP_MULTIPLIER (Prop_DSP_MULTIPLIER_DSP48E2_B2B1[16]_V[43])
                                                      0.609     2.828 f  u_tpu_top/u_datapath/u_vector_processing_unit/u_post_process/GEN_BIAS_REQUANT.u_bias_requantize/(null)[0].shifted_value0/DSP_MULTIPLIER_INST/V[43]
                         net (fo=1, routed)           0.000     2.828    u_tpu_top/u_datapath/u_vector_processing_unit/u_post_process/GEN_BIAS_REQUANT.u_bias_requantize/(null)[0].shifted_value0/DSP_MULTIPLIER.V<43>
    DSP48E2_X7Y130       DSP_M_DATA (Prop_DSP_M_DATA_DSP48E2_V[43]_V_DATA[43])
                                                      0.046     2.874 r  u_tpu_top/u_datapath/u_vector_processing_unit/u_post_process/GEN_BIAS_REQUANT.u_bias_requantize/(null)[0].shifted_value0/DSP_M_DATA_INST/V_DATA[43]
                         net (fo=1, routed)           0.000     2.874    u_tpu_top/u_datapath/u_vector_processing_unit/u_post_process/GEN_BIAS_REQUANT.u_bias_requantize/(null)[0].shifted_value0/DSP_M_DATA.V_DATA<43>
    DSP48E2_X7Y130       DSP_ALU (Prop_DSP_ALU_DSP48E2_V_DATA[43]_ALU_OUT[47])
                                                      0.571     3.445 f  u_tpu_top/u_datapath/u_vector_processing_unit/u_post_process/GEN_BIAS_REQUANT.u_bias_requantize/(null)[0].shifted_value0/DSP_ALU_INST/ALU_OUT[47]
                         net (fo=1, routed)           0.000     3.445    u_tpu_top/u_datapath/u_vector_processing_unit/u_post_process/GEN_BIAS_REQUANT.u_bias_requantize/(null)[0].shifted_value0/DSP_ALU.ALU_OUT<47>
    DSP48E2_X7Y130       DSP_OUTPUT (Prop_DSP_OUTPUT_DSP48E2_ALU_OUT[47]_PCOUT[47])
                                                      0.122     3.567 r  u_tpu_top/u_datapath/u_vector_processing_unit/u_post_process/GEN_BIAS_REQUANT.u_bias_requantize/(null)[0].shifted_value0/DSP_OUTPUT_INST/PCOUT[47]
                         net (fo=1, routed)           0.014     3.581    u_tpu_top/u_datapath/u_vector_processing_unit/u_post_process/GEN_BIAS_REQUANT.u_bias_requantize/(null)[0].shifted_value0__0/PCIN[47]
    DSP48E2_X7Y131       DSP_ALU (Prop_DSP_ALU_DSP48E2_PCIN[47]_ALU_OUT[3])
                                                      0.546     4.127 f  u_tpu_top/u_datapath/u_vector_processing_unit/u_post_process/GEN_BIAS_REQUANT.u_bias_requantize/(null)[0].shifted_value0__0/DSP_ALU_INST/ALU_OUT[3]
                         net (fo=1, routed)           0.000     4.127    u_tpu_top/u_datapath/u_vector_processing_unit/u_post_process/GEN_BIAS_REQUANT.u_bias_requantize/(null)[0].shifted_value0__0/DSP_ALU.ALU_OUT<3>
    DSP48E2_X7Y131       DSP_OUTPUT (Prop_DSP_OUTPUT_DSP48E2_ALU_OUT[3]_P[3])
                                                      0.109     4.236 r  u_tpu_top/u_datapath/u_vector_processing_unit/u_post_process/GEN_BIAS_REQUANT.u_bias_requantize/(null)[0].shifted_value0__0/DSP_OUTPUT_INST/P[3]
                         net (fo=1, routed)           0.436     4.672    u_tpu_top/u_datapath/u_vector_processing_unit/u_post_process/GEN_BIAS_REQUANT.u_bias_requantize/(null)[0].shifted_value0__0_n_102
    SLICE_X72Y327        LUT2 (Prop_F6LUT_SLICEL_I1_O)
                                                      0.035     4.707 r  u_tpu_top/u_datapath/u_vector_processing_unit/u_post_process/GEN_BIAS_REQUANT.u_bias_requantize/data_flatten_o[5]_i_27/O
                         net (fo=1, routed)           0.011     4.718    u_tpu_top/u_datapath/u_vector_processing_unit/u_post_process/GEN_BIAS_REQUANT.u_bias_requantize/data_flatten_o[5]_i_27_n_0
    SLICE_X72Y327        CARRY8 (Prop_CARRY8_SLICEL_S[5]_CO[7])
                                                      0.155     4.873 r  u_tpu_top/u_datapath/u_vector_processing_unit/u_post_process/GEN_BIAS_REQUANT.u_bias_requantize/data_flatten_o_reg[5]_i_24/CO[7]
                         net (fo=1, routed)           0.026     4.899    u_tpu_top/u_datapath/u_vector_processing_unit/u_post_process/GEN_BIAS_REQUANT.u_bias_requantize/data_flatten_o_reg[5]_i_24_n_0
    SLICE_X72Y328        CARRY8 (Prop_CARRY8_SLICEL_CI_CO[7])
                                                      0.015     4.914 r  u_tpu_top/u_datapath/u_vector_processing_unit/u_post_process/GEN_BIAS_REQUANT.u_bias_requantize/data_flatten_o_reg[31]_i_76/CO[7]
                         net (fo=1, routed)           0.026     4.940    u_tpu_top/u_datapath/u_vector_processing_unit/u_post_process/GEN_BIAS_REQUANT.u_bias_requantize/data_flatten_o_reg[31]_i_76_n_0
    SLICE_X72Y329        CARRY8 (Prop_CARRY8_SLICEL_CI_CO[7])
                                                      0.015     4.955 r  u_tpu_top/u_datapath/u_vector_processing_unit/u_post_process/GEN_BIAS_REQUANT.u_bias_requantize/data_flatten_o_reg[31]_i_146/CO[7]
                         net (fo=1, routed)           0.052     5.007    u_tpu_top/u_datapath/u_vector_processing_unit/u_post_process/GEN_BIAS_REQUANT.u_bias_requantize/data_flatten_o_reg[31]_i_146_n_0
    SLICE_X72Y330        CARRY8 (Prop_CARRY8_SLICEL_CI_CO[7])
                                                      0.015     5.022 r  u_tpu_top/u_datapath/u_vector_processing_unit/u_post_process/GEN_BIAS_REQUANT.u_bias_requantize/data_flatten_o_reg[31]_i_73/CO[7]
                         net (fo=1, routed)           0.026     5.048    u_tpu_top/u_datapath/u_vector_processing_unit/u_post_process/GEN_BIAS_REQUANT.u_bias_requantize/data_flatten_o_reg[31]_i_73_n_0
    SLICE_X72Y331        CARRY8 (Prop_CARRY8_SLICEL_CI_O[0])
                                                      0.056     5.104 r  u_tpu_top/u_datapath/u_vector_processing_unit/u_post_process/GEN_BIAS_REQUANT.u_bias_requantize/data_flatten_o_reg[5]_i_6/O[0]
                         net (fo=132, routed)         2.030     7.134    u_tpu_top/u_layer_controller/u_tile_controller/DI[2]
    SLICE_X73Y325        LUT2 (Prop_A6LUT_SLICEM_I0_O)
                                                      0.150     7.284 r  u_tpu_top/u_layer_controller/u_tile_controller/data_flatten_o[5]_i_22/O
                         net (fo=1, routed)           0.013     7.297    u_tpu_top/u_datapath/u_vector_processing_unit/u_post_process/GEN_BIAS_REQUANT.u_bias_requantize/data_flatten_o_reg[5]_0[0]
    SLICE_X73Y325        CARRY8 (Prop_CARRY8_SLICEM_S[0]_CO[7])
                                                      0.192     7.489 f  u_tpu_top/u_datapath/u_vector_processing_unit/u_post_process/GEN_BIAS_REQUANT.u_bias_requantize/data_flatten_o_reg[5]_i_4/CO[7]
                         net (fo=1, routed)           0.026     7.515    u_tpu_top/u_datapath/u_vector_processing_unit/u_post_process/GEN_BIAS_REQUANT.u_bias_requantize/data_flatten_o_reg[5]_i_4_n_0
    SLICE_X73Y326        CARRY8 (Prop_CARRY8_SLICEM_CI_CO[7])
                                                      0.015     7.530 f  u_tpu_top/u_datapath/u_vector_processing_unit/u_post_process/GEN_BIAS_REQUANT.u_bias_requantize/data_flatten_o_reg[14]_i_3/CO[7]
                         net (fo=1, routed)           0.026     7.556    u_tpu_top/u_datapath/u_vector_processing_unit/u_post_process/GEN_BIAS_REQUANT.u_bias_requantize/data_flatten_o_reg[14]_i_3_n_0
    SLICE_X73Y327        CARRY8 (Prop_CARRY8_SLICEM_CI_CO[7])
                                                      0.015     7.571 f  u_tpu_top/u_datapath/u_vector_processing_unit/u_post_process/GEN_BIAS_REQUANT.u_bias_requantize/data_flatten_o_reg[5]_i_3/CO[7]
                         net (fo=1, routed)           0.026     7.597    u_tpu_top/u_datapath/u_vector_processing_unit/u_post_process/GEN_BIAS_REQUANT.u_bias_requantize/data_flatten_o_reg[5]_i_3_n_0
    SLICE_X73Y328        CARRY8 (Prop_CARRY8_SLICEM_CI_CO[7])
                                                      0.015     7.612 f  u_tpu_top/u_datapath/u_vector_processing_unit/u_post_process/GEN_BIAS_REQUANT.u_bias_requantize/data_flatten_o_reg[30]_i_4/CO[7]
                         net (fo=1, routed)           0.026     7.638    u_tpu_top/u_datapath/u_vector_processing_unit/u_post_process/GEN_BIAS_REQUANT.u_bias_requantize/data_flatten_o_reg[30]_i_4_n_0
    SLICE_X73Y329        CARRY8 (Prop_CARRY8_SLICEM_CI_CO[7])
                                                      0.015     7.653 f  u_tpu_top/u_datapath/u_vector_processing_unit/u_post_process/GEN_BIAS_REQUANT.u_bias_requantize/data_flatten_o_reg[31]_i_19/CO[7]
                         net (fo=1, routed)           0.052     7.705    u_tpu_top/u_datapath/u_vector_processing_unit/u_post_process/GEN_BIAS_REQUANT.u_bias_requantize/data_flatten_o_reg[31]_i_19_n_0
    SLICE_X73Y330        CARRY8 (Prop_CARRY8_SLICEM_CI_CO[7])
                                                      0.015     7.720 f  u_tpu_top/u_datapath/u_vector_processing_unit/u_post_process/GEN_BIAS_REQUANT.u_bias_requantize/data_flatten_o_reg[30]_i_3/CO[7]
                         net (fo=1, routed)           0.026     7.746    u_tpu_top/u_datapath/u_vector_processing_unit/u_post_process/GEN_BIAS_REQUANT.u_bias_requantize/data_flatten_o_reg[30]_i_3_n_0
    SLICE_X73Y331        CARRY8 (Prop_CARRY8_SLICEM_CI_CO[1])
                                                      0.042     7.788 f  u_tpu_top/u_datapath/u_vector_processing_unit/u_post_process/GEN_BIAS_REQUANT.u_bias_requantize/data_flatten_o_reg[31]_i_18/CO[1]
                         net (fo=2, routed)           0.177     7.964    u_tpu_top/u_datapath/u_vector_processing_unit/u_post_process/GEN_BIAS_REQUANT.u_bias_requantize/data_flatten_o_reg[31]_i_18_n_6
    SLICE_X73Y331        LUT3 (Prop_E6LUT_SLICEM_I0_O)
                                                      0.100     8.064 r  u_tpu_top/u_datapath/u_vector_processing_unit/u_post_process/GEN_BIAS_REQUANT.u_bias_requantize/data_flatten_o[31]_i_278/O
                         net (fo=3, routed)           0.279     8.344    u_tpu_top/u_datapath/u_vector_processing_unit/u_post_process/GEN_BIAS_REQUANT.u_bias_requantize/data_flatten_o[31]_i_278_n_0
    SLICE_X74Y329        LUT4 (Prop_B6LUT_SLICEM_I3_O)
                                                      0.037     8.381 r  u_tpu_top/u_datapath/u_vector_processing_unit/u_post_process/GEN_BIAS_REQUANT.u_bias_requantize/data_flatten_o[31]_i_285/O
                         net (fo=1, routed)           0.016     8.397    u_tpu_top/u_datapath/u_vector_processing_unit/u_post_process/GEN_BIAS_REQUANT.u_bias_requantize/data_flatten_o[31]_i_285_n_0
    SLICE_X74Y329        CARRY8 (Prop_CARRY8_SLICEM_S[1]_CO[7])
                                                      0.190     8.587 r  u_tpu_top/u_datapath/u_vector_processing_unit/u_post_process/GEN_BIAS_REQUANT.u_bias_requantize/data_flatten_o_reg[31]_i_181/CO[7]
                         net (fo=1, routed)           0.052     8.639    u_tpu_top/u_datapath/u_vector_processing_unit/u_post_process/GEN_BIAS_REQUANT.u_bias_requantize/data_flatten_o_reg[31]_i_181_n_0
    SLICE_X74Y330        CARRY8 (Prop_CARRY8_SLICEM_CI_O[4])
                                                      0.086     8.725 f  u_tpu_top/u_datapath/u_vector_processing_unit/u_post_process/GEN_BIAS_REQUANT.u_bias_requantize/data_flatten_o_reg[31]_i_180/O[4]
                         net (fo=4, routed)           0.516     9.240    u_tpu_top/u_datapath/u_vector_processing_unit/u_post_process/GEN_BIAS_REQUANT.u_bias_requantize/data_flatten_o_reg[31]_i_180_n_11
    SLICE_X74Y327        LUT2 (Prop_D6LUT_SLICEM_I1_O)
                                                      0.099     9.339 r  u_tpu_top/u_datapath/u_vector_processing_unit/u_post_process/GEN_BIAS_REQUANT.u_bias_requantize/data_flatten_o[31]_i_142/O
                         net (fo=1, routed)           0.025     9.364    u_tpu_top/u_datapath/u_vector_processing_unit/u_post_process/GEN_BIAS_REQUANT.u_bias_requantize/data_flatten_o[31]_i_142_n_0
    SLICE_X74Y327        CARRY8 (Prop_CARRY8_SLICEM_S[3]_CO[7])
                                                      0.163     9.527 r  u_tpu_top/u_datapath/u_vector_processing_unit/u_post_process/GEN_BIAS_REQUANT.u_bias_requantize/data_flatten_o_reg[31]_i_45/CO[7]
                         net (fo=1, routed)           0.026     9.553    u_tpu_top/u_datapath/u_vector_processing_unit/u_post_process/GEN_BIAS_REQUANT.u_bias_requantize/data_flatten_o_reg[31]_i_45_n_0
    SLICE_X74Y328        CARRY8 (Prop_CARRY8_SLICEM_CI_CO[5])
                                                      0.077     9.630 r  u_tpu_top/u_datapath/u_vector_processing_unit/u_post_process/GEN_BIAS_REQUANT.u_bias_requantize/data_flatten_o_reg[31]_i_6/CO[5]
                         net (fo=28, routed)          0.369     9.999    u_tpu_top/u_datapath/u_vector_processing_unit/u_post_process/GEN_BIAS_REQUANT.u_bias_requantize/data_flatten_o_reg[31]_i_6_n_2
    SLICE_X71Y325        LUT5 (Prop_D5LUT_SLICEM_I4_O)
                                                      0.135    10.134 r  u_tpu_top/u_datapath/u_vector_processing_unit/u_post_process/GEN_BIAS_REQUANT.u_bias_requantize/data_flatten_o[6]_i_1/O
                         net (fo=1, routed)           0.403    10.537    u_tpu_top/u_datapath/u_vector_processing_unit/u_post_process/GEN_BIAS_REQUANT.u_bias_requantize/data_flatten_o[6]_i_1_n_0
    SLICE_X75Y325        FDCE                                         r  u_tpu_top/u_datapath/u_vector_processing_unit/u_post_process/GEN_BIAS_REQUANT.u_bias_requantize/data_flatten_o_reg[6]/D
  -------------------------------------------------------------------    -------------------

Slack:                    inf
  Source:                 u_tpu_top/u_datapath/u_accumulator_array/read_data_flatten_o_reg[1]/C
                            (rising edge-triggered cell FDCE)
  Destination:            u_tpu_top/u_datapath/u_vector_processing_unit/u_post_process/GEN_BIAS_REQUANT.u_bias_requantize/data_flatten_o_reg[30]/D
  Path Group:             (none)
  Path Type:              Max at Slow Process Corner
  Data Path Delay:        10.483ns  (logic 4.341ns (41.411%)  route 6.142ns (58.589%))
  Logic Levels:           37  (CARRY8=21 DSP_A_B_DATA=1 DSP_ALU=2 DSP_M_DATA=1 DSP_MULTIPLIER=1 DSP_OUTPUT=2 DSP_PREADD_DATA=1 FDCE=1 LUT2=4 LUT3=1 LUT4=1 LUT5=1)

    Location             Delay type                Incr(ns)  Path(ns)    Netlist Resource(s)
  -------------------------------------------------------------------    -------------------
    SLICE_X64Y319        FDCE                         0.000     0.000 r  u_tpu_top/u_datapath/u_accumulator_array/read_data_flatten_o_reg[1]/C
    SLICE_X64Y319        FDCE (Prop_HFF_SLICEM_C_Q)
                                                      0.079     0.079 r  u_tpu_top/u_datapath/u_accumulator_array/read_data_flatten_o_reg[1]/Q
                         net (fo=2, routed)           0.749     0.828    u_tpu_top/u_datapath/u_vector_processing_unit/u_post_process/GEN_BIAS_REQUANT.u_bias_requantize/(null)[0].shifted_value0__11_1[1]
    SLICE_X68Y322        LUT2 (Prop_B6LUT_SLICEL_I0_O)
                                                      0.148     0.976 r  u_tpu_top/u_datapath/u_vector_processing_unit/u_post_process/GEN_BIAS_REQUANT.u_bias_requantize/(null)[0].shifted_value0__1_i_17/O
                         net (fo=1, routed)           0.009     0.985    u_tpu_top_n_892
    SLICE_X68Y322        CARRY8 (Prop_CARRY8_SLICEL_S[1]_CO[7])
                                                      0.186     1.171 r  u_vector_processing_unit/u_post_process/GEN_BIAS_REQUANT.u_bias_requantize/(null)[0].shifted_value0__1_i_2/CO[7]
                         net (fo=1, routed)           0.026     1.197    u_vector_processing_unit/u_post_process/GEN_BIAS_REQUANT.u_bias_requantize/(null)[0].shifted_value0__1_i_2_n_0
    SLICE_X68Y323        CARRY8 (Prop_CARRY8_SLICEL_CI_CO[7])
                                                      0.015     1.212 r  u_vector_processing_unit/u_post_process/GEN_BIAS_REQUANT.u_bias_requantize/(null)[0].shifted_value0__1_i_1/CO[7]
                         net (fo=1, routed)           0.026     1.238    u_vector_processing_unit/u_post_process/GEN_BIAS_REQUANT.u_bias_requantize/(null)[0].shifted_value0__1_i_1_n_0
    SLICE_X68Y324        CARRY8 (Prop_CARRY8_SLICEL_CI_CO[7])
                                                      0.015     1.253 r  u_vector_processing_unit/u_post_process/GEN_BIAS_REQUANT.u_bias_requantize/(null)[0].shifted_value0_i_3/CO[7]
                         net (fo=1, routed)           0.026     1.279    u_vector_processing_unit/u_post_process/GEN_BIAS_REQUANT.u_bias_requantize/(null)[0].shifted_value0_i_3_n_0
    SLICE_X68Y325        CARRY8 (Prop_CARRY8_SLICEL_CI_CO[7])
                                                      0.015     1.294 r  u_vector_processing_unit/u_post_process/GEN_BIAS_REQUANT.u_bias_requantize/(null)[0].shifted_value0_i_2/CO[7]
                         net (fo=1, routed)           0.026     1.320    u_tpu_top/u_datapath/u_vector_processing_unit/u_post_process/GEN_BIAS_REQUANT.u_bias_requantize/(null)[0].shifted_value0__0_0[0]
    SLICE_X68Y326        CARRY8 (Prop_CARRY8_SLICEL_CI_O[0])
                                                      0.056     1.376 f  u_tpu_top/u_datapath/u_vector_processing_unit/u_post_process/GEN_BIAS_REQUANT.u_bias_requantize/(null)[0].shifted_value0_i_1/O[0]
                         net (fo=18, routed)          0.619     1.995    u_tpu_top/u_datapath/u_vector_processing_unit/u_post_process/GEN_BIAS_REQUANT.u_bias_requantize/(null)[0].shifted_value0/B[16]
    DSP48E2_X7Y130       DSP_A_B_DATA (Prop_DSP_A_B_DATA_DSP48E2_B[16]_B2_DATA[16])
                                                      0.151     2.146 r  u_tpu_top/u_datapath/u_vector_processing_unit/u_post_process/GEN_BIAS_REQUANT.u_bias_requantize/(null)[0].shifted_value0/DSP_A_B_DATA_INST/B2_DATA[16]
                         net (fo=1, routed)           0.000     2.146    u_tpu_top/u_datapath/u_vector_processing_unit/u_post_process/GEN_BIAS_REQUANT.u_bias_requantize/(null)[0].shifted_value0/DSP_A_B_DATA.B2_DATA<16>
    DSP48E2_X7Y130       DSP_PREADD_DATA (Prop_DSP_PREADD_DATA_DSP48E2_B2_DATA[16]_B2B1[16])
                                                      0.073     2.219 r  u_tpu_top/u_datapath/u_vector_processing_unit/u_post_process/GEN_BIAS_REQUANT.u_bias_requantize/(null)[0].shifted_value0/DSP_PREADD_DATA_INST/B2B1[16]
                         net (fo=1, routed)           0.000     2.219    u_tpu_top/u_datapath/u_vector_processing_unit/u_post_process/GEN_BIAS_REQUANT.u_bias_requantize/(null)[0].shifted_value0/DSP_PREADD_DATA.B2B1<16>
    DSP48E2_X7Y130       DSP_MULTIPLIER (Prop_DSP_MULTIPLIER_DSP48E2_B2B1[16]_V[43])
                                                      0.609     2.828 f  u_tpu_top/u_datapath/u_vector_processing_unit/u_post_process/GEN_BIAS_REQUANT.u_bias_requantize/(null)[0].shifted_value0/DSP_MULTIPLIER_INST/V[43]
                         net (fo=1, routed)           0.000     2.828    u_tpu_top/u_datapath/u_vector_processing_unit/u_post_process/GEN_BIAS_REQUANT.u_bias_requantize/(null)[0].shifted_value0/DSP_MULTIPLIER.V<43>
    DSP48E2_X7Y130       DSP_M_DATA (Prop_DSP_M_DATA_DSP48E2_V[43]_V_DATA[43])
                                                      0.046     2.874 r  u_tpu_top/u_datapath/u_vector_processing_unit/u_post_process/GEN_BIAS_REQUANT.u_bias_requantize/(null)[0].shifted_value0/DSP_M_DATA_INST/V_DATA[43]
                         net (fo=1, routed)           0.000     2.874    u_tpu_top/u_datapath/u_vector_processing_unit/u_post_process/GEN_BIAS_REQUANT.u_bias_requantize/(null)[0].shifted_value0/DSP_M_DATA.V_DATA<43>
    DSP48E2_X7Y130       DSP_ALU (Prop_DSP_ALU_DSP48E2_V_DATA[43]_ALU_OUT[47])
                                                      0.571     3.445 f  u_tpu_top/u_datapath/u_vector_processing_unit/u_post_process/GEN_BIAS_REQUANT.u_bias_requantize/(null)[0].shifted_value0/DSP_ALU_INST/ALU_OUT[47]
                         net (fo=1, routed)           0.000     3.445    u_tpu_top/u_datapath/u_vector_processing_unit/u_post_process/GEN_BIAS_REQUANT.u_bias_requantize/(null)[0].shifted_value0/DSP_ALU.ALU_OUT<47>
    DSP48E2_X7Y130       DSP_OUTPUT (Prop_DSP_OUTPUT_DSP48E2_ALU_OUT[47]_PCOUT[47])
                                                      0.122     3.567 r  u_tpu_top/u_datapath/u_vector_processing_unit/u_post_process/GEN_BIAS_REQUANT.u_bias_requantize/(null)[0].shifted_value0/DSP_OUTPUT_INST/PCOUT[47]
                         net (fo=1, routed)           0.014     3.581    u_tpu_top/u_datapath/u_vector_processing_unit/u_post_process/GEN_BIAS_REQUANT.u_bias_requantize/(null)[0].shifted_value0__0/PCIN[47]
    DSP48E2_X7Y131       DSP_ALU (Prop_DSP_ALU_DSP48E2_PCIN[47]_ALU_OUT[3])
                                                      0.546     4.127 f  u_tpu_top/u_datapath/u_vector_processing_unit/u_post_process/GEN_BIAS_REQUANT.u_bias_requantize/(null)[0].shifted_value0__0/DSP_ALU_INST/ALU_OUT[3]
                         net (fo=1, routed)           0.000     4.127    u_tpu_top/u_datapath/u_vector_processing_unit/u_post_process/GEN_BIAS_REQUANT.u_bias_requantize/(null)[0].shifted_value0__0/DSP_ALU.ALU_OUT<3>
    DSP48E2_X7Y131       DSP_OUTPUT (Prop_DSP_OUTPUT_DSP48E2_ALU_OUT[3]_P[3])
                                                      0.109     4.236 r  u_tpu_top/u_datapath/u_vector_processing_unit/u_post_process/GEN_BIAS_REQUANT.u_bias_requantize/(null)[0].shifted_value0__0/DSP_OUTPUT_INST/P[3]
                         net (fo=1, routed)           0.436     4.672    u_tpu_top/u_datapath/u_vector_processing_unit/u_post_process/GEN_BIAS_REQUANT.u_bias_requantize/(null)[0].shifted_value0__0_n_102
    SLICE_X72Y327        LUT2 (Prop_F6LUT_SLICEL_I1_O)
                                                      0.035     4.707 r  u_tpu_top/u_datapath/u_vector_processing_unit/u_post_process/GEN_BIAS_REQUANT.u_bias_requantize/data_flatten_o[5]_i_27/O
                         net (fo=1, routed)           0.011     4.718    u_tpu_top/u_datapath/u_vector_processing_unit/u_post_process/GEN_BIAS_REQUANT.u_bias_requantize/data_flatten_o[5]_i_27_n_0
    SLICE_X72Y327        CARRY8 (Prop_CARRY8_SLICEL_S[5]_CO[7])
                                                      0.155     4.873 r  u_tpu_top/u_datapath/u_vector_processing_unit/u_post_process/GEN_BIAS_REQUANT.u_bias_requantize/data_flatten_o_reg[5]_i_24/CO[7]
                         net (fo=1, routed)           0.026     4.899    u_tpu_top/u_datapath/u_vector_processing_unit/u_post_process/GEN_BIAS_REQUANT.u_bias_requantize/data_flatten_o_reg[5]_i_24_n_0
    SLICE_X72Y328        CARRY8 (Prop_CARRY8_SLICEL_CI_CO[7])
                                                      0.015     4.914 r  u_tpu_top/u_datapath/u_vector_processing_unit/u_post_process/GEN_BIAS_REQUANT.u_bias_requantize/data_flatten_o_reg[31]_i_76/CO[7]
                         net (fo=1, routed)           0.026     4.940    u_tpu_top/u_datapath/u_vector_processing_unit/u_post_process/GEN_BIAS_REQUANT.u_bias_requantize/data_flatten_o_reg[31]_i_76_n_0
    SLICE_X72Y329        CARRY8 (Prop_CARRY8_SLICEL_CI_CO[7])
                                                      0.015     4.955 r  u_tpu_top/u_datapath/u_vector_processing_unit/u_post_process/GEN_BIAS_REQUANT.u_bias_requantize/data_flatten_o_reg[31]_i_146/CO[7]
                         net (fo=1, routed)           0.052     5.007    u_tpu_top/u_datapath/u_vector_processing_unit/u_post_process/GEN_BIAS_REQUANT.u_bias_requantize/data_flatten_o_reg[31]_i_146_n_0
    SLICE_X72Y330        CARRY8 (Prop_CARRY8_SLICEL_CI_CO[7])
                                                      0.015     5.022 r  u_tpu_top/u_datapath/u_vector_processing_unit/u_post_process/GEN_BIAS_REQUANT.u_bias_requantize/data_flatten_o_reg[31]_i_73/CO[7]
                         net (fo=1, routed)           0.026     5.048    u_tpu_top/u_datapath/u_vector_processing_unit/u_post_process/GEN_BIAS_REQUANT.u_bias_requantize/data_flatten_o_reg[31]_i_73_n_0
    SLICE_X72Y331        CARRY8 (Prop_CARRY8_SLICEL_CI_O[0])
                                                      0.056     5.104 r  u_tpu_top/u_datapath/u_vector_processing_unit/u_post_process/GEN_BIAS_REQUANT.u_bias_requantize/data_flatten_o_reg[5]_i_6/O[0]
                         net (fo=132, routed)         2.030     7.134    u_tpu_top/u_layer_controller/u_tile_controller/DI[2]
    SLICE_X73Y325        LUT2 (Prop_A6LUT_SLICEM_I0_O)
                                                      0.150     7.284 r  u_tpu_top/u_layer_controller/u_tile_controller/data_flatten_o[5]_i_22/O
                         net (fo=1, routed)           0.013     7.297    u_tpu_top/u_datapath/u_vector_processing_unit/u_post_process/GEN_BIAS_REQUANT.u_bias_requantize/data_flatten_o_reg[5]_0[0]
    SLICE_X73Y325        CARRY8 (Prop_CARRY8_SLICEM_S[0]_CO[7])
                                                      0.192     7.489 f  u_tpu_top/u_datapath/u_vector_processing_unit/u_post_process/GEN_BIAS_REQUANT.u_bias_requantize/data_flatten_o_reg[5]_i_4/CO[7]
                         net (fo=1, routed)           0.026     7.515    u_tpu_top/u_datapath/u_vector_processing_unit/u_post_process/GEN_BIAS_REQUANT.u_bias_requantize/data_flatten_o_reg[5]_i_4_n_0
    SLICE_X73Y326        CARRY8 (Prop_CARRY8_SLICEM_CI_CO[7])
                                                      0.015     7.530 f  u_tpu_top/u_datapath/u_vector_processing_unit/u_post_process/GEN_BIAS_REQUANT.u_bias_requantize/data_flatten_o_reg[14]_i_3/CO[7]
                         net (fo=1, routed)           0.026     7.556    u_tpu_top/u_datapath/u_vector_processing_unit/u_post_process/GEN_BIAS_REQUANT.u_bias_requantize/data_flatten_o_reg[14]_i_3_n_0
    SLICE_X73Y327        CARRY8 (Prop_CARRY8_SLICEM_CI_CO[7])
                                                      0.015     7.571 f  u_tpu_top/u_datapath/u_vector_processing_unit/u_post_process/GEN_BIAS_REQUANT.u_bias_requantize/data_flatten_o_reg[5]_i_3/CO[7]
                         net (fo=1, routed)           0.026     7.597    u_tpu_top/u_datapath/u_vector_processing_unit/u_post_process/GEN_BIAS_REQUANT.u_bias_requantize/data_flatten_o_reg[5]_i_3_n_0
    SLICE_X73Y328        CARRY8 (Prop_CARRY8_SLICEM_CI_CO[7])
                                                      0.015     7.612 f  u_tpu_top/u_datapath/u_vector_processing_unit/u_post_process/GEN_BIAS_REQUANT.u_bias_requantize/data_flatten_o_reg[30]_i_4/CO[7]
                         net (fo=1, routed)           0.026     7.638    u_tpu_top/u_datapath/u_vector_processing_unit/u_post_process/GEN_BIAS_REQUANT.u_bias_requantize/data_flatten_o_reg[30]_i_4_n_0
    SLICE_X73Y329        CARRY8 (Prop_CARRY8_SLICEM_CI_CO[7])
                                                      0.015     7.653 f  u_tpu_top/u_datapath/u_vector_processing_unit/u_post_process/GEN_BIAS_REQUANT.u_bias_requantize/data_flatten_o_reg[31]_i_19/CO[7]
                         net (fo=1, routed)           0.052     7.705    u_tpu_top/u_datapath/u_vector_processing_unit/u_post_process/GEN_BIAS_REQUANT.u_bias_requantize/data_flatten_o_reg[31]_i_19_n_0
    SLICE_X73Y330        CARRY8 (Prop_CARRY8_SLICEM_CI_CO[7])
                                                      0.015     7.720 f  u_tpu_top/u_datapath/u_vector_processing_unit/u_post_process/GEN_BIAS_REQUANT.u_bias_requantize/data_flatten_o_reg[30]_i_3/CO[7]
                         net (fo=1, routed)           0.026     7.746    u_tpu_top/u_datapath/u_vector_processing_unit/u_post_process/GEN_BIAS_REQUANT.u_bias_requantize/data_flatten_o_reg[30]_i_3_n_0
    SLICE_X73Y331        CARRY8 (Prop_CARRY8_SLICEM_CI_CO[1])
                                                      0.042     7.788 f  u_tpu_top/u_datapath/u_vector_processing_unit/u_post_process/GEN_BIAS_REQUANT.u_bias_requantize/data_flatten_o_reg[31]_i_18/CO[1]
                         net (fo=2, routed)           0.177     7.964    u_tpu_top/u_datapath/u_vector_processing_unit/u_post_process/GEN_BIAS_REQUANT.u_bias_requantize/data_flatten_o_reg[31]_i_18_n_6
    SLICE_X73Y331        LUT3 (Prop_E6LUT_SLICEM_I0_O)
                                                      0.100     8.064 r  u_tpu_top/u_datapath/u_vector_processing_unit/u_post_process/GEN_BIAS_REQUANT.u_bias_requantize/data_flatten_o[31]_i_278/O
                         net (fo=3, routed)           0.279     8.344    u_tpu_top/u_datapath/u_vector_processing_unit/u_post_process/GEN_BIAS_REQUANT.u_bias_requantize/data_flatten_o[31]_i_278_n_0
    SLICE_X74Y329        LUT4 (Prop_B6LUT_SLICEM_I3_O)
                                                      0.037     8.381 r  u_tpu_top/u_datapath/u_vector_processing_unit/u_post_process/GEN_BIAS_REQUANT.u_bias_requantize/data_flatten_o[31]_i_285/O
                         net (fo=1, routed)           0.016     8.397    u_tpu_top/u_datapath/u_vector_processing_unit/u_post_process/GEN_BIAS_REQUANT.u_bias_requantize/data_flatten_o[31]_i_285_n_0
    SLICE_X74Y329        CARRY8 (Prop_CARRY8_SLICEM_S[1]_CO[7])
                                                      0.190     8.587 r  u_tpu_top/u_datapath/u_vector_processing_unit/u_post_process/GEN_BIAS_REQUANT.u_bias_requantize/data_flatten_o_reg[31]_i_181/CO[7]
                         net (fo=1, routed)           0.052     8.639    u_tpu_top/u_datapath/u_vector_processing_unit/u_post_process/GEN_BIAS_REQUANT.u_bias_requantize/data_flatten_o_reg[31]_i_181_n_0
    SLICE_X74Y330        CARRY8 (Prop_CARRY8_SLICEM_CI_O[4])
                                                      0.086     8.725 f  u_tpu_top/u_datapath/u_vector_processing_unit/u_post_process/GEN_BIAS_REQUANT.u_bias_requantize/data_flatten_o_reg[31]_i_180/O[4]
                         net (fo=4, routed)           0.516     9.240    u_tpu_top/u_datapath/u_vector_processing_unit/u_post_process/GEN_BIAS_REQUANT.u_bias_requantize/data_flatten_o_reg[31]_i_180_n_11
    SLICE_X74Y327        LUT2 (Prop_D6LUT_SLICEM_I1_O)
                                                      0.099     9.339 r  u_tpu_top/u_datapath/u_vector_processing_unit/u_post_process/GEN_BIAS_REQUANT.u_bias_requantize/data_flatten_o[31]_i_142/O
                         net (fo=1, routed)           0.025     9.364    u_tpu_top/u_datapath/u_vector_processing_unit/u_post_process/GEN_BIAS_REQUANT.u_bias_requantize/data_flatten_o[31]_i_142_n_0
    SLICE_X74Y327        CARRY8 (Prop_CARRY8_SLICEM_S[3]_CO[7])
                                                      0.163     9.527 f  u_tpu_top/u_datapath/u_vector_processing_unit/u_post_process/GEN_BIAS_REQUANT.u_bias_requantize/data_flatten_o_reg[31]_i_45/CO[7]
                         net (fo=1, routed)           0.026     9.553    u_tpu_top/u_datapath/u_vector_processing_unit/u_post_process/GEN_BIAS_REQUANT.u_bias_requantize/data_flatten_o_reg[31]_i_45_n_0
    SLICE_X74Y328        CARRY8 (Prop_CARRY8_SLICEM_CI_CO[5])
                                                      0.077     9.630 f  u_tpu_top/u_datapath/u_vector_processing_unit/u_post_process/GEN_BIAS_REQUANT.u_bias_requantize/data_flatten_o_reg[31]_i_6/CO[5]
                         net (fo=28, routed)          0.706    10.336    u_tpu_top/u_datapath/u_vector_processing_unit/u_post_process/GEN_BIAS_REQUANT.u_bias_requantize/data_flatten_o_reg[31]_i_6_n_2
    SLICE_X77Y325        LUT5 (Prop_B6LUT_SLICEL_I0_O)
                                                      0.098    10.434 r  u_tpu_top/u_datapath/u_vector_processing_unit/u_post_process/GEN_BIAS_REQUANT.u_bias_requantize/data_flatten_o[30]_i_1/O
                         net (fo=1, routed)           0.049    10.483    u_tpu_top/u_datapath/u_vector_processing_unit/u_post_process/GEN_BIAS_REQUANT.u_bias_requantize/p_8_out[30]
    SLICE_X77Y325        FDCE                                         r  u_tpu_top/u_datapath/u_vector_processing_unit/u_post_process/GEN_BIAS_REQUANT.u_bias_requantize/data_flatten_o_reg[30]/D
  -------------------------------------------------------------------    -------------------

Slack:                    inf
  Source:                 u_tpu_top/u_datapath/u_accumulator_array/read_data_flatten_o_reg[1]/C
                            (rising edge-triggered cell FDCE)
  Destination:            u_tpu_top/u_datapath/u_vector_processing_unit/u_post_process/GEN_BIAS_REQUANT.u_bias_requantize/data_flatten_o_reg[7]/D
  Path Group:             (none)
  Path Type:              Max at Slow Process Corner
  Data Path Delay:        10.482ns  (logic 4.341ns (41.415%)  route 6.141ns (58.585%))
  Logic Levels:           37  (CARRY8=21 DSP_A_B_DATA=1 DSP_ALU=2 DSP_M_DATA=1 DSP_MULTIPLIER=1 DSP_OUTPUT=2 DSP_PREADD_DATA=1 FDCE=1 LUT2=4 LUT3=1 LUT4=1 LUT5=1)

    Location             Delay type                Incr(ns)  Path(ns)    Netlist Resource(s)
  -------------------------------------------------------------------    -------------------
    SLICE_X64Y319        FDCE                         0.000     0.000 r  u_tpu_top/u_datapath/u_accumulator_array/read_data_flatten_o_reg[1]/C
    SLICE_X64Y319        FDCE (Prop_HFF_SLICEM_C_Q)
                                                      0.079     0.079 r  u_tpu_top/u_datapath/u_accumulator_array/read_data_flatten_o_reg[1]/Q
                         net (fo=2, routed)           0.749     0.828    u_tpu_top/u_datapath/u_vector_processing_unit/u_post_process/GEN_BIAS_REQUANT.u_bias_requantize/(null)[0].shifted_value0__11_1[1]
    SLICE_X68Y322        LUT2 (Prop_B6LUT_SLICEL_I0_O)
                                                      0.148     0.976 r  u_tpu_top/u_datapath/u_vector_processing_unit/u_post_process/GEN_BIAS_REQUANT.u_bias_requantize/(null)[0].shifted_value0__1_i_17/O
                         net (fo=1, routed)           0.009     0.985    u_tpu_top_n_892
    SLICE_X68Y322        CARRY8 (Prop_CARRY8_SLICEL_S[1]_CO[7])
                                                      0.186     1.171 r  u_vector_processing_unit/u_post_process/GEN_BIAS_REQUANT.u_bias_requantize/(null)[0].shifted_value0__1_i_2/CO[7]
                         net (fo=1, routed)           0.026     1.197    u_vector_processing_unit/u_post_process/GEN_BIAS_REQUANT.u_bias_requantize/(null)[0].shifted_value0__1_i_2_n_0
    SLICE_X68Y323        CARRY8 (Prop_CARRY8_SLICEL_CI_CO[7])
                                                      0.015     1.212 r  u_vector_processing_unit/u_post_process/GEN_BIAS_REQUANT.u_bias_requantize/(null)[0].shifted_value0__1_i_1/CO[7]
                         net (fo=1, routed)           0.026     1.238    u_vector_processing_unit/u_post_process/GEN_BIAS_REQUANT.u_bias_requantize/(null)[0].shifted_value0__1_i_1_n_0
    SLICE_X68Y324        CARRY8 (Prop_CARRY8_SLICEL_CI_CO[7])
                                                      0.015     1.253 r  u_vector_processing_unit/u_post_process/GEN_BIAS_REQUANT.u_bias_requantize/(null)[0].shifted_value0_i_3/CO[7]
                         net (fo=1, routed)           0.026     1.279    u_vector_processing_unit/u_post_process/GEN_BIAS_REQUANT.u_bias_requantize/(null)[0].shifted_value0_i_3_n_0
    SLICE_X68Y325        CARRY8 (Prop_CARRY8_SLICEL_CI_CO[7])
                                                      0.015     1.294 r  u_vector_processing_unit/u_post_process/GEN_BIAS_REQUANT.u_bias_requantize/(null)[0].shifted_value0_i_2/CO[7]
                         net (fo=1, routed)           0.026     1.320    u_tpu_top/u_datapath/u_vector_processing_unit/u_post_process/GEN_BIAS_REQUANT.u_bias_requantize/(null)[0].shifted_value0__0_0[0]
    SLICE_X68Y326        CARRY8 (Prop_CARRY8_SLICEL_CI_O[0])
                                                      0.056     1.376 f  u_tpu_top/u_datapath/u_vector_processing_unit/u_post_process/GEN_BIAS_REQUANT.u_bias_requantize/(null)[0].shifted_value0_i_1/O[0]
                         net (fo=18, routed)          0.619     1.995    u_tpu_top/u_datapath/u_vector_processing_unit/u_post_process/GEN_BIAS_REQUANT.u_bias_requantize/(null)[0].shifted_value0/B[16]
    DSP48E2_X7Y130       DSP_A_B_DATA (Prop_DSP_A_B_DATA_DSP48E2_B[16]_B2_DATA[16])
                                                      0.151     2.146 r  u_tpu_top/u_datapath/u_vector_processing_unit/u_post_process/GEN_BIAS_REQUANT.u_bias_requantize/(null)[0].shifted_value0/DSP_A_B_DATA_INST/B2_DATA[16]
                         net (fo=1, routed)           0.000     2.146    u_tpu_top/u_datapath/u_vector_processing_unit/u_post_process/GEN_BIAS_REQUANT.u_bias_requantize/(null)[0].shifted_value0/DSP_A_B_DATA.B2_DATA<16>
    DSP48E2_X7Y130       DSP_PREADD_DATA (Prop_DSP_PREADD_DATA_DSP48E2_B2_DATA[16]_B2B1[16])
                                                      0.073     2.219 r  u_tpu_top/u_datapath/u_vector_processing_unit/u_post_process/GEN_BIAS_REQUANT.u_bias_requantize/(null)[0].shifted_value0/DSP_PREADD_DATA_INST/B2B1[16]
                         net (fo=1, routed)           0.000     2.219    u_tpu_top/u_datapath/u_vector_processing_unit/u_post_process/GEN_BIAS_REQUANT.u_bias_requantize/(null)[0].shifted_value0/DSP_PREADD_DATA.B2B1<16>
    DSP48E2_X7Y130       DSP_MULTIPLIER (Prop_DSP_MULTIPLIER_DSP48E2_B2B1[16]_V[43])
                                                      0.609     2.828 f  u_tpu_top/u_datapath/u_vector_processing_unit/u_post_process/GEN_BIAS_REQUANT.u_bias_requantize/(null)[0].shifted_value0/DSP_MULTIPLIER_INST/V[43]
                         net (fo=1, routed)           0.000     2.828    u_tpu_top/u_datapath/u_vector_processing_unit/u_post_process/GEN_BIAS_REQUANT.u_bias_requantize/(null)[0].shifted_value0/DSP_MULTIPLIER.V<43>
    DSP48E2_X7Y130       DSP_M_DATA (Prop_DSP_M_DATA_DSP48E2_V[43]_V_DATA[43])
                                                      0.046     2.874 r  u_tpu_top/u_datapath/u_vector_processing_unit/u_post_process/GEN_BIAS_REQUANT.u_bias_requantize/(null)[0].shifted_value0/DSP_M_DATA_INST/V_DATA[43]
                         net (fo=1, routed)           0.000     2.874    u_tpu_top/u_datapath/u_vector_processing_unit/u_post_process/GEN_BIAS_REQUANT.u_bias_requantize/(null)[0].shifted_value0/DSP_M_DATA.V_DATA<43>
    DSP48E2_X7Y130       DSP_ALU (Prop_DSP_ALU_DSP48E2_V_DATA[43]_ALU_OUT[47])
                                                      0.571     3.445 f  u_tpu_top/u_datapath/u_vector_processing_unit/u_post_process/GEN_BIAS_REQUANT.u_bias_requantize/(null)[0].shifted_value0/DSP_ALU_INST/ALU_OUT[47]
                         net (fo=1, routed)           0.000     3.445    u_tpu_top/u_datapath/u_vector_processing_unit/u_post_process/GEN_BIAS_REQUANT.u_bias_requantize/(null)[0].shifted_value0/DSP_ALU.ALU_OUT<47>
    DSP48E2_X7Y130       DSP_OUTPUT (Prop_DSP_OUTPUT_DSP48E2_ALU_OUT[47]_PCOUT[47])
                                                      0.122     3.567 r  u_tpu_top/u_datapath/u_vector_processing_unit/u_post_process/GEN_BIAS_REQUANT.u_bias_requantize/(null)[0].shifted_value0/DSP_OUTPUT_INST/PCOUT[47]
                         net (fo=1, routed)           0.014     3.581    u_tpu_top/u_datapath/u_vector_processing_unit/u_post_process/GEN_BIAS_REQUANT.u_bias_requantize/(null)[0].shifted_value0__0/PCIN[47]
    DSP48E2_X7Y131       DSP_ALU (Prop_DSP_ALU_DSP48E2_PCIN[47]_ALU_OUT[3])
                                                      0.546     4.127 f  u_tpu_top/u_datapath/u_vector_processing_unit/u_post_process/GEN_BIAS_REQUANT.u_bias_requantize/(null)[0].shifted_value0__0/DSP_ALU_INST/ALU_OUT[3]
                         net (fo=1, routed)           0.000     4.127    u_tpu_top/u_datapath/u_vector_processing_unit/u_post_process/GEN_BIAS_REQUANT.u_bias_requantize/(null)[0].shifted_value0__0/DSP_ALU.ALU_OUT<3>
    DSP48E2_X7Y131       DSP_OUTPUT (Prop_DSP_OUTPUT_DSP48E2_ALU_OUT[3]_P[3])
                                                      0.109     4.236 r  u_tpu_top/u_datapath/u_vector_processing_unit/u_post_process/GEN_BIAS_REQUANT.u_bias_requantize/(null)[0].shifted_value0__0/DSP_OUTPUT_INST/P[3]
                         net (fo=1, routed)           0.436     4.672    u_tpu_top/u_datapath/u_vector_processing_unit/u_post_process/GEN_BIAS_REQUANT.u_bias_requantize/(null)[0].shifted_value0__0_n_102
    SLICE_X72Y327        LUT2 (Prop_F6LUT_SLICEL_I1_O)
                                                      0.035     4.707 r  u_tpu_top/u_datapath/u_vector_processing_unit/u_post_process/GEN_BIAS_REQUANT.u_bias_requantize/data_flatten_o[5]_i_27/O
                         net (fo=1, routed)           0.011     4.718    u_tpu_top/u_datapath/u_vector_processing_unit/u_post_process/GEN_BIAS_REQUANT.u_bias_requantize/data_flatten_o[5]_i_27_n_0
    SLICE_X72Y327        CARRY8 (Prop_CARRY8_SLICEL_S[5]_CO[7])
                                                      0.155     4.873 r  u_tpu_top/u_datapath/u_vector_processing_unit/u_post_process/GEN_BIAS_REQUANT.u_bias_requantize/data_flatten_o_reg[5]_i_24/CO[7]
                         net (fo=1, routed)           0.026     4.899    u_tpu_top/u_datapath/u_vector_processing_unit/u_post_process/GEN_BIAS_REQUANT.u_bias_requantize/data_flatten_o_reg[5]_i_24_n_0
    SLICE_X72Y328        CARRY8 (Prop_CARRY8_SLICEL_CI_CO[7])
                                                      0.015     4.914 r  u_tpu_top/u_datapath/u_vector_processing_unit/u_post_process/GEN_BIAS_REQUANT.u_bias_requantize/data_flatten_o_reg[31]_i_76/CO[7]
                         net (fo=1, routed)           0.026     4.940    u_tpu_top/u_datapath/u_vector_processing_unit/u_post_process/GEN_BIAS_REQUANT.u_bias_requantize/data_flatten_o_reg[31]_i_76_n_0
    SLICE_X72Y329        CARRY8 (Prop_CARRY8_SLICEL_CI_CO[7])
                                                      0.015     4.955 r  u_tpu_top/u_datapath/u_vector_processing_unit/u_post_process/GEN_BIAS_REQUANT.u_bias_requantize/data_flatten_o_reg[31]_i_146/CO[7]
                         net (fo=1, routed)           0.052     5.007    u_tpu_top/u_datapath/u_vector_processing_unit/u_post_process/GEN_BIAS_REQUANT.u_bias_requantize/data_flatten_o_reg[31]_i_146_n_0
    SLICE_X72Y330        CARRY8 (Prop_CARRY8_SLICEL_CI_CO[7])
                                                      0.015     5.022 r  u_tpu_top/u_datapath/u_vector_processing_unit/u_post_process/GEN_BIAS_REQUANT.u_bias_requantize/data_flatten_o_reg[31]_i_73/CO[7]
                         net (fo=1, routed)           0.026     5.048    u_tpu_top/u_datapath/u_vector_processing_unit/u_post_process/GEN_BIAS_REQUANT.u_bias_requantize/data_flatten_o_reg[31]_i_73_n_0
    SLICE_X72Y331        CARRY8 (Prop_CARRY8_SLICEL_CI_O[0])
                                                      0.056     5.104 r  u_tpu_top/u_datapath/u_vector_processing_unit/u_post_process/GEN_BIAS_REQUANT.u_bias_requantize/data_flatten_o_reg[5]_i_6/O[0]
                         net (fo=132, routed)         2.030     7.134    u_tpu_top/u_layer_controller/u_tile_controller/DI[2]
    SLICE_X73Y325        LUT2 (Prop_A6LUT_SLICEM_I0_O)
                                                      0.150     7.284 r  u_tpu_top/u_layer_controller/u_tile_controller/data_flatten_o[5]_i_22/O
                         net (fo=1, routed)           0.013     7.297    u_tpu_top/u_datapath/u_vector_processing_unit/u_post_process/GEN_BIAS_REQUANT.u_bias_requantize/data_flatten_o_reg[5]_0[0]
    SLICE_X73Y325        CARRY8 (Prop_CARRY8_SLICEM_S[0]_CO[7])
                                                      0.192     7.489 f  u_tpu_top/u_datapath/u_vector_processing_unit/u_post_process/GEN_BIAS_REQUANT.u_bias_requantize/data_flatten_o_reg[5]_i_4/CO[7]
                         net (fo=1, routed)           0.026     7.515    u_tpu_top/u_datapath/u_vector_processing_unit/u_post_process/GEN_BIAS_REQUANT.u_bias_requantize/data_flatten_o_reg[5]_i_4_n_0
    SLICE_X73Y326        CARRY8 (Prop_CARRY8_SLICEM_CI_CO[7])
                                                      0.015     7.530 f  u_tpu_top/u_datapath/u_vector_processing_unit/u_post_process/GEN_BIAS_REQUANT.u_bias_requantize/data_flatten_o_reg[14]_i_3/CO[7]
                         net (fo=1, routed)           0.026     7.556    u_tpu_top/u_datapath/u_vector_processing_unit/u_post_process/GEN_BIAS_REQUANT.u_bias_requantize/data_flatten_o_reg[14]_i_3_n_0
    SLICE_X73Y327        CARRY8 (Prop_CARRY8_SLICEM_CI_CO[7])
                                                      0.015     7.571 f  u_tpu_top/u_datapath/u_vector_processing_unit/u_post_process/GEN_BIAS_REQUANT.u_bias_requantize/data_flatten_o_reg[5]_i_3/CO[7]
                         net (fo=1, routed)           0.026     7.597    u_tpu_top/u_datapath/u_vector_processing_unit/u_post_process/GEN_BIAS_REQUANT.u_bias_requantize/data_flatten_o_reg[5]_i_3_n_0
    SLICE_X73Y328        CARRY8 (Prop_CARRY8_SLICEM_CI_CO[7])
                                                      0.015     7.612 f  u_tpu_top/u_datapath/u_vector_processing_unit/u_post_process/GEN_BIAS_REQUANT.u_bias_requantize/data_flatten_o_reg[30]_i_4/CO[7]
                         net (fo=1, routed)           0.026     7.638    u_tpu_top/u_datapath/u_vector_processing_unit/u_post_process/GEN_BIAS_REQUANT.u_bias_requantize/data_flatten_o_reg[30]_i_4_n_0
    SLICE_X73Y329        CARRY8 (Prop_CARRY8_SLICEM_CI_CO[7])
                                                      0.015     7.653 f  u_tpu_top/u_datapath/u_vector_processing_unit/u_post_process/GEN_BIAS_REQUANT.u_bias_requantize/data_flatten_o_reg[31]_i_19/CO[7]
                         net (fo=1, routed)           0.052     7.705    u_tpu_top/u_datapath/u_vector_processing_unit/u_post_process/GEN_BIAS_REQUANT.u_bias_requantize/data_flatten_o_reg[31]_i_19_n_0
    SLICE_X73Y330        CARRY8 (Prop_CARRY8_SLICEM_CI_CO[7])
                                                      0.015     7.720 f  u_tpu_top/u_datapath/u_vector_processing_unit/u_post_process/GEN_BIAS_REQUANT.u_bias_requantize/data_flatten_o_reg[30]_i_3/CO[7]
                         net (fo=1, routed)           0.026     7.746    u_tpu_top/u_datapath/u_vector_processing_unit/u_post_process/GEN_BIAS_REQUANT.u_bias_requantize/data_flatten_o_reg[30]_i_3_n_0
    SLICE_X73Y331        CARRY8 (Prop_CARRY8_SLICEM_CI_CO[1])
                                                      0.042     7.788 f  u_tpu_top/u_datapath/u_vector_processing_unit/u_post_process/GEN_BIAS_REQUANT.u_bias_requantize/data_flatten_o_reg[31]_i_18/CO[1]
                         net (fo=2, routed)           0.177     7.964    u_tpu_top/u_datapath/u_vector_processing_unit/u_post_process/GEN_BIAS_REQUANT.u_bias_requantize/data_flatten_o_reg[31]_i_18_n_6
    SLICE_X73Y331        LUT3 (Prop_E6LUT_SLICEM_I0_O)
                                                      0.100     8.064 r  u_tpu_top/u_datapath/u_vector_processing_unit/u_post_process/GEN_BIAS_REQUANT.u_bias_requantize/data_flatten_o[31]_i_278/O
                         net (fo=3, routed)           0.279     8.344    u_tpu_top/u_datapath/u_vector_processing_unit/u_post_process/GEN_BIAS_REQUANT.u_bias_requantize/data_flatten_o[31]_i_278_n_0
    SLICE_X74Y329        LUT4 (Prop_B6LUT_SLICEM_I3_O)
                                                      0.037     8.381 r  u_tpu_top/u_datapath/u_vector_processing_unit/u_post_process/GEN_BIAS_REQUANT.u_bias_requantize/data_flatten_o[31]_i_285/O
                         net (fo=1, routed)           0.016     8.397    u_tpu_top/u_datapath/u_vector_processing_unit/u_post_process/GEN_BIAS_REQUANT.u_bias_requantize/data_flatten_o[31]_i_285_n_0
    SLICE_X74Y329        CARRY8 (Prop_CARRY8_SLICEM_S[1]_CO[7])
                                                      0.190     8.587 r  u_tpu_top/u_datapath/u_vector_processing_unit/u_post_process/GEN_BIAS_REQUANT.u_bias_requantize/data_flatten_o_reg[31]_i_181/CO[7]
                         net (fo=1, routed)           0.052     8.639    u_tpu_top/u_datapath/u_vector_processing_unit/u_post_process/GEN_BIAS_REQUANT.u_bias_requantize/data_flatten_o_reg[31]_i_181_n_0
    SLICE_X74Y330        CARRY8 (Prop_CARRY8_SLICEM_CI_O[4])
                                                      0.086     8.725 f  u_tpu_top/u_datapath/u_vector_processing_unit/u_post_process/GEN_BIAS_REQUANT.u_bias_requantize/data_flatten_o_reg[31]_i_180/O[4]
                         net (fo=4, routed)           0.516     9.240    u_tpu_top/u_datapath/u_vector_processing_unit/u_post_process/GEN_BIAS_REQUANT.u_bias_requantize/data_flatten_o_reg[31]_i_180_n_11
    SLICE_X74Y327        LUT2 (Prop_D6LUT_SLICEM_I1_O)
                                                      0.099     9.339 r  u_tpu_top/u_datapath/u_vector_processing_unit/u_post_process/GEN_BIAS_REQUANT.u_bias_requantize/data_flatten_o[31]_i_142/O
                         net (fo=1, routed)           0.025     9.364    u_tpu_top/u_datapath/u_vector_processing_unit/u_post_process/GEN_BIAS_REQUANT.u_bias_requantize/data_flatten_o[31]_i_142_n_0
    SLICE_X74Y327        CARRY8 (Prop_CARRY8_SLICEM_S[3]_CO[7])
                                                      0.163     9.527 f  u_tpu_top/u_datapath/u_vector_processing_unit/u_post_process/GEN_BIAS_REQUANT.u_bias_requantize/data_flatten_o_reg[31]_i_45/CO[7]
                         net (fo=1, routed)           0.026     9.553    u_tpu_top/u_datapath/u_vector_processing_unit/u_post_process/GEN_BIAS_REQUANT.u_bias_requantize/data_flatten_o_reg[31]_i_45_n_0
    SLICE_X74Y328        CARRY8 (Prop_CARRY8_SLICEM_CI_CO[5])
                                                      0.077     9.630 f  u_tpu_top/u_datapath/u_vector_processing_unit/u_post_process/GEN_BIAS_REQUANT.u_bias_requantize/data_flatten_o_reg[31]_i_6/CO[5]
                         net (fo=28, routed)          0.706    10.336    u_tpu_top/u_datapath/u_vector_processing_unit/u_post_process/GEN_BIAS_REQUANT.u_bias_requantize/data_flatten_o_reg[31]_i_6_n_2
    SLICE_X77Y325        LUT5 (Prop_A6LUT_SLICEL_I0_O)
                                                      0.098    10.434 r  u_tpu_top/u_datapath/u_vector_processing_unit/u_post_process/GEN_BIAS_REQUANT.u_bias_requantize/data_flatten_o[7]_i_1/O
                         net (fo=1, routed)           0.048    10.482    u_tpu_top/u_datapath/u_vector_processing_unit/u_post_process/GEN_BIAS_REQUANT.u_bias_requantize/p_8_out[7]
    SLICE_X77Y325        FDCE                                         r  u_tpu_top/u_datapath/u_vector_processing_unit/u_post_process/GEN_BIAS_REQUANT.u_bias_requantize/data_flatten_o_reg[7]/D
  -------------------------------------------------------------------    -------------------





Min Delay Paths
--------------------------------------------------------------------------------------
Slack:                    inf
  Source:                 u_tpu_top/u_datapath/u_mxu/u_systolic_array/GEN_PE_ROW[0].GEN_PE_COL[0].u_pe/weight_shadow_reg[3]/C
                            (rising edge-triggered cell FDCE)
  Destination:            u_tpu_top/u_datapath/u_mxu/u_systolic_array/GEN_PE_ROW[0].GEN_PE_COL[0].u_pe/weight_active_reg[3]/D
  Path Group:             (none)
  Path Type:              Min at Fast Process Corner
  Data Path Delay:        0.072ns  (logic 0.039ns (54.167%)  route 0.033ns (45.833%))
  Logic Levels:           1  (FDCE=1)

    Location             Delay type                Incr(ns)  Path(ns)    Netlist Resource(s)
  -------------------------------------------------------------------    -------------------
    SLICE_X75Y282        FDCE                         0.000     0.000 r  u_tpu_top/u_datapath/u_mxu/u_systolic_array/GEN_PE_ROW[0].GEN_PE_COL[0].u_pe/weight_shadow_reg[3]/C
    SLICE_X75Y282        FDCE (Prop_HFF_SLICEL_C_Q)
                                                      0.039     0.039 r  u_tpu_top/u_datapath/u_mxu/u_systolic_array/GEN_PE_ROW[0].GEN_PE_COL[0].u_pe/weight_shadow_reg[3]/Q
                         net (fo=1, routed)           0.033     0.072    u_tpu_top/u_datapath/u_mxu/u_systolic_array/GEN_PE_ROW[0].GEN_PE_COL[0].u_pe/weight_shadow[3]
    SLICE_X75Y282        FDCE                                         r  u_tpu_top/u_datapath/u_mxu/u_systolic_array/GEN_PE_ROW[0].GEN_PE_COL[0].u_pe/weight_active_reg[3]/D
  -------------------------------------------------------------------    -------------------

Slack:                    inf
  Source:                 u_tpu_top/u_datapath/u_mxu/u_systolic_array/GEN_PE_ROW[0].GEN_PE_COL[0].u_pe/weight_shadow_reg[5]/C
                            (rising edge-triggered cell FDCE)
  Destination:            u_tpu_top/u_datapath/u_mxu/u_systolic_array/GEN_PE_ROW[0].GEN_PE_COL[0].u_pe/weight_active_reg[5]/D
  Path Group:             (none)
  Path Type:              Min at Fast Process Corner
  Data Path Delay:        0.072ns  (logic 0.039ns (54.167%)  route 0.033ns (45.833%))
  Logic Levels:           1  (FDCE=1)

    Location             Delay type                Incr(ns)  Path(ns)    Netlist Resource(s)
  -------------------------------------------------------------------    -------------------
    SLICE_X75Y289        FDCE                         0.000     0.000 r  u_tpu_top/u_datapath/u_mxu/u_systolic_array/GEN_PE_ROW[0].GEN_PE_COL[0].u_pe/weight_shadow_reg[5]/C
    SLICE_X75Y289        FDCE (Prop_HFF_SLICEL_C_Q)
                                                      0.039     0.039 r  u_tpu_top/u_datapath/u_mxu/u_systolic_array/GEN_PE_ROW[0].GEN_PE_COL[0].u_pe/weight_shadow_reg[5]/Q
                         net (fo=1, routed)           0.033     0.072    u_tpu_top/u_datapath/u_mxu/u_systolic_array/GEN_PE_ROW[0].GEN_PE_COL[0].u_pe/weight_shadow[5]
    SLICE_X75Y289        FDCE                                         r  u_tpu_top/u_datapath/u_mxu/u_systolic_array/GEN_PE_ROW[0].GEN_PE_COL[0].u_pe/weight_active_reg[5]/D
  -------------------------------------------------------------------    -------------------

Slack:                    inf
  Source:                 u_tpu_top/u_datapath/u_mxu/u_systolic_array/GEN_PE_ROW[2].GEN_PE_COL[0].u_pe/weight_shadow_reg[1]/C
                            (rising edge-triggered cell FDCE)
  Destination:            u_tpu_top/u_datapath/u_mxu/u_systolic_array/GEN_PE_ROW[2].GEN_PE_COL[0].u_pe/weight_active_reg[1]/D
  Path Group:             (none)
  Path Type:              Min at Fast Process Corner
  Data Path Delay:        0.072ns  (logic 0.039ns (54.167%)  route 0.033ns (45.833%))
  Logic Levels:           1  (FDCE=1)

    Location             Delay type                Incr(ns)  Path(ns)    Netlist Resource(s)
  -------------------------------------------------------------------    -------------------
    SLICE_X77Y297        FDCE                         0.000     0.000 r  u_tpu_top/u_datapath/u_mxu/u_systolic_array/GEN_PE_ROW[2].GEN_PE_COL[0].u_pe/weight_shadow_reg[1]/C
    SLICE_X77Y297        FDCE (Prop_HFF_SLICEL_C_Q)
                                                      0.039     0.039 r  u_tpu_top/u_datapath/u_mxu/u_systolic_array/GEN_PE_ROW[2].GEN_PE_COL[0].u_pe/weight_shadow_reg[1]/Q
                         net (fo=1, routed)           0.033     0.072    u_tpu_top/u_datapath/u_mxu/u_systolic_array/GEN_PE_ROW[2].GEN_PE_COL[0].u_pe/weight_shadow[1]
    SLICE_X77Y297        FDCE                                         r  u_tpu_top/u_datapath/u_mxu/u_systolic_array/GEN_PE_ROW[2].GEN_PE_COL[0].u_pe/weight_active_reg[1]/D
  -------------------------------------------------------------------    -------------------

Slack:                    inf
  Source:                 u_tpu_top/u_datapath/u_mxu/u_systolic_array/GEN_PE_ROW[2].GEN_PE_COL[1].u_pe/weight_o_reg[6]/C
                            (rising edge-triggered cell FDCE)
  Destination:            u_tpu_top/u_datapath/u_mxu/u_systolic_array/GEN_PE_ROW[3].GEN_PE_COL[1].u_pe/weight_shadow_reg[6]/D
  Path Group:             (none)
  Path Type:              Min at Fast Process Corner
  Data Path Delay:        0.072ns  (logic 0.039ns (54.167%)  route 0.033ns (45.833%))
  Logic Levels:           1  (FDCE=1)

    Location             Delay type                Incr(ns)  Path(ns)    Netlist Resource(s)
  -------------------------------------------------------------------    -------------------
    SLICE_X85Y294        FDCE                         0.000     0.000 r  u_tpu_top/u_datapath/u_mxu/u_systolic_array/GEN_PE_ROW[2].GEN_PE_COL[1].u_pe/weight_o_reg[6]/C
    SLICE_X85Y294        FDCE (Prop_HFF_SLICEL_C_Q)
                                                      0.039     0.039 r  u_tpu_top/u_datapath/u_mxu/u_systolic_array/GEN_PE_ROW[2].GEN_PE_COL[1].u_pe/weight_o_reg[6]/Q
                         net (fo=1, routed)           0.033     0.072    u_tpu_top/u_datapath/u_mxu/u_systolic_array/GEN_PE_ROW[3].GEN_PE_COL[1].u_pe/weight_shadow_reg[7]_0[6]
    SLICE_X85Y294        FDCE                                         r  u_tpu_top/u_datapath/u_mxu/u_systolic_array/GEN_PE_ROW[3].GEN_PE_COL[1].u_pe/weight_shadow_reg[6]/D
  -------------------------------------------------------------------    -------------------

Slack:                    inf
  Source:                 u_tpu_top/u_datapath/u_mxu/u_systolic_array/GEN_PE_ROW[2].GEN_PE_COL[2].u_pe/weight_o_reg[6]/C
                            (rising edge-triggered cell FDCE)
  Destination:            u_tpu_top/u_datapath/u_mxu/u_systolic_array/GEN_PE_ROW[3].GEN_PE_COL[2].u_pe/weight_shadow_reg[6]/D
  Path Group:             (none)
  Path Type:              Min at Fast Process Corner
  Data Path Delay:        0.072ns  (logic 0.039ns (54.167%)  route 0.033ns (45.833%))
  Logic Levels:           1  (FDCE=1)

    Location             Delay type                Incr(ns)  Path(ns)    Netlist Resource(s)
  -------------------------------------------------------------------    -------------------
    SLICE_X97Y285        FDCE                         0.000     0.000 r  u_tpu_top/u_datapath/u_mxu/u_systolic_array/GEN_PE_ROW[2].GEN_PE_COL[2].u_pe/weight_o_reg[6]/C
    SLICE_X97Y285        FDCE (Prop_HFF_SLICEL_C_Q)
                                                      0.039     0.039 r  u_tpu_top/u_datapath/u_mxu/u_systolic_array/GEN_PE_ROW[2].GEN_PE_COL[2].u_pe/weight_o_reg[6]/Q
                         net (fo=1, routed)           0.033     0.072    u_tpu_top/u_datapath/u_mxu/u_systolic_array/GEN_PE_ROW[3].GEN_PE_COL[2].u_pe/weight_shadow_reg[7]_0[6]
    SLICE_X97Y285        FDCE                                         r  u_tpu_top/u_datapath/u_mxu/u_systolic_array/GEN_PE_ROW[3].GEN_PE_COL[2].u_pe/weight_shadow_reg[6]/D
  -------------------------------------------------------------------    -------------------

Slack:                    inf
  Source:                 u_tpu_top/u_layer_controller/u_tile_controller/bias_flatten_q_reg[64]/C
                            (rising edge-triggered cell FDCE)
  Destination:            u_tpu_top/u_layer_controller/u_tile_controller/vpu_bias_flatten_o_reg[64]/D
  Path Group:             (none)
  Path Type:              Min at Fast Process Corner
  Data Path Delay:        0.072ns  (logic 0.039ns (54.167%)  route 0.033ns (45.833%))
  Logic Levels:           1  (FDCE=1)

    Location             Delay type                Incr(ns)  Path(ns)    Netlist Resource(s)
  -------------------------------------------------------------------    -------------------
    SLICE_X87Y320        FDCE                         0.000     0.000 r  u_tpu_top/u_layer_controller/u_tile_controller/bias_flatten_q_reg[64]/C
    SLICE_X87Y320        FDCE (Prop_HFF_SLICEL_C_Q)
                                                      0.039     0.039 r  u_tpu_top/u_layer_controller/u_tile_controller/bias_flatten_q_reg[64]/Q
                         net (fo=1, routed)           0.033     0.072    u_tpu_top/u_layer_controller/u_tile_controller/bias_flatten_q_reg_n_0_[64]
    SLICE_X87Y320        FDCE                                         r  u_tpu_top/u_layer_controller/u_tile_controller/vpu_bias_flatten_o_reg[64]/D
  -------------------------------------------------------------------    -------------------

Slack:                    inf
  Source:                 u_tpu_top/u_datapath/u_mxu/u_systolic_array/GEN_PE_ROW[1].GEN_PE_COL[2].u_pe/weight_shadow_reg[4]/C
                            (rising edge-triggered cell FDCE)
  Destination:            u_tpu_top/u_datapath/u_mxu/u_systolic_array/GEN_PE_ROW[1].GEN_PE_COL[2].u_pe/weight_active_reg[4]/D
  Path Group:             (none)
  Path Type:              Min at Fast Process Corner
  Data Path Delay:        0.074ns  (logic 0.039ns (52.703%)  route 0.035ns (47.297%))
  Logic Levels:           1  (FDCE=1)

    Location             Delay type                Incr(ns)  Path(ns)    Netlist Resource(s)
  -------------------------------------------------------------------    -------------------
    SLICE_X87Y280        FDCE                         0.000     0.000 r  u_tpu_top/u_datapath/u_mxu/u_systolic_array/GEN_PE_ROW[1].GEN_PE_COL[2].u_pe/weight_shadow_reg[4]/C
    SLICE_X87Y280        FDCE (Prop_FFF_SLICEL_C_Q)
                                                      0.039     0.039 r  u_tpu_top/u_datapath/u_mxu/u_systolic_array/GEN_PE_ROW[1].GEN_PE_COL[2].u_pe/weight_shadow_reg[4]/Q
                         net (fo=1, routed)           0.035     0.074    u_tpu_top/u_datapath/u_mxu/u_systolic_array/GEN_PE_ROW[1].GEN_PE_COL[2].u_pe/weight_shadow[4]
    SLICE_X87Y280        FDCE                                         r  u_tpu_top/u_datapath/u_mxu/u_systolic_array/GEN_PE_ROW[1].GEN_PE_COL[2].u_pe/weight_active_reg[4]/D
  -------------------------------------------------------------------    -------------------

Slack:                    inf
  Source:                 u_tpu_top/u_datapath/u_mxu/u_systolic_array/GEN_PE_ROW[2].GEN_PE_COL[0].u_pe/weight_active_reg[0]/C
                            (rising edge-triggered cell FDCE)
  Destination:            u_tpu_top/u_datapath/u_mxu/u_systolic_array/GEN_PE_ROW[2].GEN_PE_COL[0].u_pe/u_multiplier/b_s1_reg[0]/D
  Path Group:             (none)
  Path Type:              Min at Fast Process Corner
  Data Path Delay:        0.074ns  (logic 0.039ns (52.703%)  route 0.035ns (47.297%))
  Logic Levels:           1  (FDCE=1)

    Location             Delay type                Incr(ns)  Path(ns)    Netlist Resource(s)
  -------------------------------------------------------------------    -------------------
    SLICE_X76Y297        FDCE                         0.000     0.000 r  u_tpu_top/u_datapath/u_mxu/u_systolic_array/GEN_PE_ROW[2].GEN_PE_COL[0].u_pe/weight_active_reg[0]/C
    SLICE_X76Y297        FDCE (Prop_GFF_SLICEL_C_Q)
                                                      0.039     0.039 r  u_tpu_top/u_datapath/u_mxu/u_systolic_array/GEN_PE_ROW[2].GEN_PE_COL[0].u_pe/weight_active_reg[0]/Q
                         net (fo=1, routed)           0.035     0.074    u_tpu_top/u_datapath/u_mxu/u_systolic_array/GEN_PE_ROW[2].GEN_PE_COL[0].u_pe/u_multiplier/b_s1_reg[7]_1[0]
    SLICE_X76Y297        FDCE                                         r  u_tpu_top/u_datapath/u_mxu/u_systolic_array/GEN_PE_ROW[2].GEN_PE_COL[0].u_pe/u_multiplier/b_s1_reg[0]/D
  -------------------------------------------------------------------    -------------------

Slack:                    inf
  Source:                 u_tpu_top/u_datapath/u_mxu/u_systolic_array/GEN_PE_ROW[0].GEN_PE_COL[2].u_pe/weight_shadow_reg[1]/C
                            (rising edge-triggered cell FDCE)
  Destination:            u_tpu_top/u_datapath/u_mxu/u_systolic_array/GEN_PE_ROW[0].GEN_PE_COL[2].u_pe/weight_active_reg[1]/D
  Path Group:             (none)
  Path Type:              Min at Fast Process Corner
  Data Path Delay:        0.077ns  (logic 0.039ns (50.649%)  route 0.038ns (49.351%))
  Logic Levels:           1  (FDCE=1)

    Location             Delay type                Incr(ns)  Path(ns)    Netlist Resource(s)
  -------------------------------------------------------------------    -------------------
    SLICE_X83Y282        FDCE                         0.000     0.000 r  u_tpu_top/u_datapath/u_mxu/u_systolic_array/GEN_PE_ROW[0].GEN_PE_COL[2].u_pe/weight_shadow_reg[1]/C
    SLICE_X83Y282        FDCE (Prop_HFF_SLICEM_C_Q)
                                                      0.039     0.039 r  u_tpu_top/u_datapath/u_mxu/u_systolic_array/GEN_PE_ROW[0].GEN_PE_COL[2].u_pe/weight_shadow_reg[1]/Q
                         net (fo=1, routed)           0.038     0.077    u_tpu_top/u_datapath/u_mxu/u_systolic_array/GEN_PE_ROW[0].GEN_PE_COL[2].u_pe/weight_shadow[1]
    SLICE_X83Y282        FDCE                                         r  u_tpu_top/u_datapath/u_mxu/u_systolic_array/GEN_PE_ROW[0].GEN_PE_COL[2].u_pe/weight_active_reg[1]/D
  -------------------------------------------------------------------    -------------------

Slack:                    inf
  Source:                 u_tpu_top/u_datapath/u_mxu/u_systolic_array/GEN_PE_ROW[0].GEN_PE_COL[3].u_pe/weight_shadow_reg[1]/C
                            (rising edge-triggered cell FDCE)
  Destination:            u_tpu_top/u_datapath/u_mxu/u_systolic_array/GEN_PE_ROW[0].GEN_PE_COL[3].u_pe/weight_active_reg[1]/D
  Path Group:             (none)
  Path Type:              Min at Fast Process Corner
  Data Path Delay:        0.077ns  (logic 0.039ns (50.649%)  route 0.038ns (49.351%))
  Logic Levels:           1  (FDCE=1)

    Location             Delay type                Incr(ns)  Path(ns)    Netlist Resource(s)
  -------------------------------------------------------------------    -------------------
    SLICE_X88Y277        FDCE                         0.000     0.000 r  u_tpu_top/u_datapath/u_mxu/u_systolic_array/GEN_PE_ROW[0].GEN_PE_COL[3].u_pe/weight_shadow_reg[1]/C
    SLICE_X88Y277        FDCE (Prop_HFF_SLICEM_C_Q)
                                                      0.039     0.039 r  u_tpu_top/u_datapath/u_mxu/u_systolic_array/GEN_PE_ROW[0].GEN_PE_COL[3].u_pe/weight_shadow_reg[1]/Q
                         net (fo=1, routed)           0.038     0.077    u_tpu_top/u_datapath/u_mxu/u_systolic_array/GEN_PE_ROW[0].GEN_PE_COL[3].u_pe/weight_shadow[1]
    SLICE_X88Y277        FDCE                                         r  u_tpu_top/u_datapath/u_mxu/u_systolic_array/GEN_PE_ROW[0].GEN_PE_COL[3].u_pe/weight_active_reg[1]/D
  -------------------------------------------------------------------    -------------------





