Copyright 1986-2022 Xilinx, Inc. All Rights Reserved. Copyright 2022-2025 Advanced Micro Devices, Inc. All Rights Reserved.
-----------------------------------------------------------------------------------------------------------------------------------------------------------------------------------------------------------------------------------------------------------------
| Tool Version      : Vivado v.2025.2 (lin64) Build 6299465 Fri Nov 14 12:34:56 MST 2025
| Date              : Mon Jun  1 10:40:01 2026
| Host              : pah-PC running 64-bit Ubuntu 24.04.4 LTS
| Command           : report_timing_summary -max_paths 10 -routable_nets -report_unconstrained -file design_1_wrapper_timing_summary_routed.rpt -pb design_1_wrapper_timing_summary_routed.pb -rpx design_1_wrapper_timing_summary_routed.rpx -warn_on_violation
| Design            : design_1_wrapper
| Device            : xczu7ev-ffvc1156
| Speed File        : -2  PRODUCTION 1.30 05-15-2022
| Design State      : Routed
| Temperature Grade : E
-----------------------------------------------------------------------------------------------------------------------------------------------------------------------------------------------------------------------------------------------------------------

Timing Summary Report

------------------------------------------------------------------------------------------------
| Timer Settings
| --------------
------------------------------------------------------------------------------------------------

  Enable Multi Corner Analysis               :  Yes
  Enable Pessimism Removal                   :  Yes
  Pessimism Removal Resolution               :  Nearest Common Node
  Enable Input Delay Default Clock           :  No
  Enable Preset / Clear Arcs                 :  No
  Disable Flight Delays                      :  No
  Ignore I/O Paths                           :  No
  Timing Early Launch at Borrowing Latches   :  No
  Borrow Time for Max Delay Exceptions       :  Yes
  Merge Timing Exceptions                    :  Yes
  Inter-SLR Compensation                     :  Conservative

  Corner  Analyze    Analyze    
  Name    Max Paths  Min Paths  
  ------  ---------  ---------  
  Slow    Yes        Yes        
  Fast    Yes        Yes        


------------------------------------------------------------------------------------------------
| Report Methodology
| ------------------
------------------------------------------------------------------------------------------------

Rule    Severity  Description                Violations  
------  --------  -------------------------  ----------  
DPIR-2  Warning   Asynchronous driver check  277         

Note: This report is based on the most recent report_methodology run and may not be up-to-date. Run report_methodology on the current design for the latest report.



check_timing report

Table of Contents
-----------------
1. checking no_clock (0)
2. checking constant_clock (0)
3. checking pulse_width_clock (0)
4. checking unconstrained_internal_endpoints (0)
5. checking no_input_delay (0)
6. checking no_output_delay (0)
7. checking multiple_clock (0)
8. checking generated_clocks (0)
9. checking loops (0)
10. checking partial_input_delay (0)
11. checking partial_output_delay (0)
12. checking latch_loops (0)

1. checking no_clock (0)
------------------------
 There are 0 register/latch pins with no clock.


2. checking constant_clock (0)
------------------------------
 There are 0 register/latch pins with constant_clock.


3. checking pulse_width_clock (0)
---------------------------------
 There are 0 register/latch pins which need pulse_width check


4. checking unconstrained_internal_endpoints (0)
------------------------------------------------
 There are 0 pins that are not constrained for maximum delay.

 There are 0 pins that are not constrained for maximum delay due to constant clock.


5. checking no_input_delay (0)
------------------------------
 There are 0 input ports with no input delay specified.

 There are 0 input ports with no input delay but user has a false path constraint.


6. checking no_output_delay (0)
-------------------------------
 There are 0 ports with no output delay specified.

 There are 0 ports with no output delay but user has a false path constraint

 There are 0 ports with no output delay but with a timing clock defined on it or propagating through it


7. checking multiple_clock (0)
------------------------------
 There are 0 register/latch pins with multiple clocks.


8. checking generated_clocks (0)
--------------------------------
 There are 0 generated clocks that are not connected to a clock source.


9. checking loops (0)
---------------------
 There are 0 combinational loops in the design.


10. checking partial_input_delay (0)
------------------------------------
 There are 0 input ports with partial input delay specified.


11. checking partial_output_delay (0)
-------------------------------------
 There are 0 ports with partial output delay specified.


12. checking latch_loops (0)
----------------------------
 There are 0 combinational latch loops in the design through latch input



------------------------------------------------------------------------------------------------
| Design Timing Summary
| ---------------------
------------------------------------------------------------------------------------------------

    WNS(ns)      TNS(ns)  TNS Failing Endpoints  TNS Total Endpoints      WHS(ns)      THS(ns)  THS Failing Endpoints  THS Total Endpoints     WPWS(ns)     TPWS(ns)  TPWS Failing Endpoints  TPWS Total Endpoints  
    -------      -------  ---------------------  -------------------      -------      -------  ---------------------  -------------------     --------     --------  ----------------------  --------------------  
      1.767        0.000                      0                14954        0.013        0.000                      0                14954        3.500        0.000                       0                  5377  


All user specified timing constraints are met.


------------------------------------------------------------------------------------------------
| Clock Summary
| -------------
------------------------------------------------------------------------------------------------

Clock     Waveform(ns)       Period(ns)      Frequency(MHz)
-----     ------------       ----------      --------------
clk_pl_0  {0.000 5.000}      10.000          100.000         


------------------------------------------------------------------------------------------------
| Intra Clock Table
| -----------------
------------------------------------------------------------------------------------------------

Clock             WNS(ns)      TNS(ns)  TNS Failing Endpoints  TNS Total Endpoints      WHS(ns)      THS(ns)  THS Failing Endpoints  THS Total Endpoints     WPWS(ns)     TPWS(ns)  TPWS Failing Endpoints  TPWS Total Endpoints  
-----             -------      -------  ---------------------  -------------------      -------      -------  ---------------------  -------------------     --------     --------  ----------------------  --------------------  
clk_pl_0            1.767        0.000                      0                10690        0.013        0.000                      0                10690        3.500        0.000                       0                  5377  


------------------------------------------------------------------------------------------------
| Inter Clock Table
| -----------------
------------------------------------------------------------------------------------------------

From Clock    To Clock          WNS(ns)      TNS(ns)  TNS Failing Endpoints  TNS Total Endpoints      WHS(ns)      THS(ns)  THS Failing Endpoints  THS Total Endpoints  
----------    --------          -------      -------  ---------------------  -------------------      -------      -------  ---------------------  -------------------  


------------------------------------------------------------------------------------------------
| Other Path Groups Table
| -----------------------
------------------------------------------------------------------------------------------------

Path Group         From Clock         To Clock               WNS(ns)      TNS(ns)  TNS Failing Endpoints  TNS Total Endpoints      WHS(ns)      THS(ns)  THS Failing Endpoints  THS Total Endpoints  
----------         ----------         --------               -------      -------  ---------------------  -------------------      -------      -------  ---------------------  -------------------  
**async_default**  clk_pl_0           clk_pl_0                 6.191        0.000                      0                 4264        1.610        0.000                      0                 4264  


------------------------------------------------------------------------------------------------
| User Ignored Path Table
| -----------------------
------------------------------------------------------------------------------------------------

Path Group    From Clock    To Clock    
----------    ----------    --------    
(none)                      clk_pl_0      
(none)        clk_pl_0      clk_pl_0      


------------------------------------------------------------------------------------------------
| Unconstrained Path Table
| ------------------------
------------------------------------------------------------------------------------------------

Path Group    From Clock    To Clock    
----------    ----------    --------    


------------------------------------------------------------------------------------------------
| Timing Details
| --------------
------------------------------------------------------------------------------------------------


---------------------------------------------------------------------------------------------------
From Clock:  clk_pl_0
  To Clock:  clk_pl_0

Setup :            0  Failing Endpoints,  Worst Slack        1.767ns,  Total Violation        0.000ns
Hold  :            0  Failing Endpoints,  Worst Slack        0.013ns,  Total Violation        0.000ns
PW    :            0  Failing Endpoints,  Worst Slack        3.500ns,  Total Violation        0.000ns
---------------------------------------------------------------------------------------------------


Max Delay Paths
--------------------------------------------------------------------------------------
Slack (MET) :             1.767ns  (required time - arrival time)
  Source:                 design_1_i/tpu_mnist_ip_0/inst/u_tpu_top/u_datapath/u_accumulator_array/read_data_flatten_o_reg[18]/C
                            (rising edge-triggered cell FDCE clocked by clk_pl_0  {rise@0.000ns fall@5.000ns period=10.000ns})
  Destination:            design_1_i/tpu_mnist_ip_0/inst/u_tpu_top/u_datapath/u_vector_processing_unit/u_post_process/GEN_BIAS_REQUANT.u_bias_requantize/data_flatten_o_reg[3]/D
                            (rising edge-triggered cell FDCE clocked by clk_pl_0  {rise@0.000ns fall@5.000ns period=10.000ns})
  Path Group:             clk_pl_0
  Path Type:              Setup (Max at Slow Process Corner)
  Requirement:            10.000ns  (clk_pl_0 rise@10.000ns - clk_pl_0 rise@0.000ns)
  Data Path Delay:        7.988ns  (logic 4.331ns (54.220%)  route 3.657ns (45.780%))
  Logic Levels:           32  (CARRY8=17 DSP_A_B_DATA=1 DSP_ALU=2 DSP_M_DATA=1 DSP_MULTIPLIER=1 DSP_OUTPUT=2 DSP_PREADD_DATA=1 LUT2=4 LUT3=2 LUT6=1)
  Clock Path Skew:        -0.140ns (DCD - SCD + CPR)
    Destination Clock Delay (DCD):    1.742ns = ( 11.742 - 10.000 ) 
    Source Clock Delay      (SCD):    2.050ns
    Clock Pessimism Removal (CPR):    0.168ns
  Clock Uncertainty:      0.130ns  ((TSJ^2 + DJ^2)^1/2) / 2 + PE
    Total System Jitter     (TSJ):    0.071ns
    Discrete Jitter          (DJ):    0.250ns
    Phase Error              (PE):    0.000ns
  Clock Net Delay (Source):      1.842ns (routing 0.569ns, distribution 1.273ns)
  Clock Net Delay (Destination): 1.574ns (routing 0.512ns, distribution 1.062ns)

    Location             Delay type                Incr(ns)  Path(ns)    Netlist Resource(s)
  -------------------------------------------------------------------    -------------------
                         (clock clk_pl_0 rise edge)
                                                      0.000     0.000 r  
    PS8_X0Y0             PS8                          0.000     0.000 r  design_1_i/zynq_ultra_ps_e_0/inst/PS8_i/PLCLK[0]
                         net (fo=1, routed)           0.180     0.180    design_1_i/zynq_ultra_ps_e_0/inst/pl_clk_unbuffered[0]
    BUFG_PS_X0Y80        BUFG_PS (Prop_BUFG_PS_I_O)
                                                      0.028     0.208 r  design_1_i/zynq_ultra_ps_e_0/inst/buffer_pl_clk_0.PL_CLK_0_BUFG/O
    X1Y2 (CLOCK_ROOT)    net (fo=5377, routed)        1.842     2.050    design_1_i/tpu_mnist_ip_0/inst/u_tpu_top/u_datapath/u_accumulator_array/s_axi_aclk
    SLICE_X64Y8          FDCE                                         r  design_1_i/tpu_mnist_ip_0/inst/u_tpu_top/u_datapath/u_accumulator_array/read_data_flatten_o_reg[18]/C
  -------------------------------------------------------------------    -------------------
    SLICE_X64Y8          FDCE (Prop_DFF_SLICEM_C_Q)
                                                      0.078     2.128 r  design_1_i/tpu_mnist_ip_0/inst/u_tpu_top/u_datapath/u_accumulator_array/read_data_flatten_o_reg[18]/Q
                         net (fo=2, routed)           0.438     2.566    design_1_i/tpu_mnist_ip_0/inst/u_tpu_top/u_datapath/u_vector_processing_unit/u_post_process/GEN_BIAS_REQUANT.u_bias_requantize/(null)[0].shifted_value0__4_0[18]
    SLICE_X55Y7          LUT2 (Prop_C6LUT_SLICEL_I0_O)
                                                      0.050     2.616 r  design_1_i/tpu_mnist_ip_0/inst/u_tpu_top/u_datapath/u_vector_processing_unit/u_post_process/GEN_BIAS_REQUANT.u_bias_requantize/(null)[0].shifted_value0_i_18/O
                         net (fo=1, routed)           0.010     2.626    design_1_i/tpu_mnist_ip_0/inst/u_tpu_top/u_datapath/u_vector_processing_unit/u_post_process/GEN_BIAS_REQUANT.u_bias_requantize/(null)[0].shifted_value0_i_18_n_0
    SLICE_X55Y7          CARRY8 (Prop_CARRY8_SLICEL_S[2]_CO[7])
                                                      0.155     2.781 r  design_1_i/tpu_mnist_ip_0/inst/u_tpu_top/u_datapath/u_vector_processing_unit/u_post_process/GEN_BIAS_REQUANT.u_bias_requantize/(null)[0].shifted_value0_i_3/CO[7]
                         net (fo=1, routed)           0.026     2.807    design_1_i/tpu_mnist_ip_0/inst/u_tpu_top/u_datapath/u_vector_processing_unit/u_post_process/GEN_BIAS_REQUANT.u_bias_requantize/(null)[0].shifted_value0_i_3_n_0
    SLICE_X55Y8          CARRY8 (Prop_CARRY8_SLICEL_CI_O[5])
                                                      0.116     2.923 f  design_1_i/tpu_mnist_ip_0/inst/u_tpu_top/u_datapath/u_vector_processing_unit/u_post_process/GEN_BIAS_REQUANT.u_bias_requantize/(null)[0].shifted_value0_i_2/O[5]
                         net (fo=2, routed)           0.428     3.351    design_1_i/tpu_mnist_ip_0/inst/u_tpu_top/u_datapath/u_vector_processing_unit/u_post_process/GEN_BIAS_REQUANT.u_bias_requantize/(null)[0].shifted_value0/B[12]
    DSP48E2_X4Y4         DSP_A_B_DATA (Prop_DSP_A_B_DATA_DSP48E2_B[12]_B2_DATA[12])
                                                      0.151     3.502 r  design_1_i/tpu_mnist_ip_0/inst/u_tpu_top/u_datapath/u_vector_processing_unit/u_post_process/GEN_BIAS_REQUANT.u_bias_requantize/(null)[0].shifted_value0/DSP_A_B_DATA_INST/B2_DATA[12]
                         net (fo=1, routed)           0.000     3.502    design_1_i/tpu_mnist_ip_0/inst/u_tpu_top/u_datapath/u_vector_processing_unit/u_post_process/GEN_BIAS_REQUANT.u_bias_requantize/(null)[0].shifted_value0/DSP_A_B_DATA.B2_DATA<12>
    DSP48E2_X4Y4         DSP_PREADD_DATA (Prop_DSP_PREADD_DATA_DSP48E2_B2_DATA[12]_B2B1[12])
                                                      0.073     3.575 r  design_1_i/tpu_mnist_ip_0/inst/u_tpu_top/u_datapath/u_vector_processing_unit/u_post_process/GEN_BIAS_REQUANT.u_bias_requantize/(null)[0].shifted_value0/DSP_PREADD_DATA_INST/B2B1[12]
                         net (fo=1, routed)           0.000     3.575    design_1_i/tpu_mnist_ip_0/inst/u_tpu_top/u_datapath/u_vector_processing_unit/u_post_process/GEN_BIAS_REQUANT.u_bias_requantize/(null)[0].shifted_value0/DSP_PREADD_DATA.B2B1<12>
    DSP48E2_X4Y4         DSP_MULTIPLIER (Prop_DSP_MULTIPLIER_DSP48E2_B2B1[12]_V[40])
                                                      0.609     4.184 f  design_1_i/tpu_mnist_ip_0/inst/u_tpu_top/u_datapath/u_vector_processing_unit/u_post_process/GEN_BIAS_REQUANT.u_bias_requantize/(null)[0].shifted_value0/DSP_MULTIPLIER_INST/V[40]
                         net (fo=1, routed)           0.000     4.184    design_1_i/tpu_mnist_ip_0/inst/u_tpu_top/u_datapath/u_vector_processing_unit/u_post_process/GEN_BIAS_REQUANT.u_bias_requantize/(null)[0].shifted_value0/DSP_MULTIPLIER.V<40>
    DSP48E2_X4Y4         DSP_M_DATA (Prop_DSP_M_DATA_DSP48E2_V[40]_V_DATA[40])
                                                      0.046     4.230 r  design_1_i/tpu_mnist_ip_0/inst/u_tpu_top/u_datapath/u_vector_processing_unit/u_post_process/GEN_BIAS_REQUANT.u_bias_requantize/(null)[0].shifted_value0/DSP_M_DATA_INST/V_DATA[40]
                         net (fo=1, routed)           0.000     4.230    design_1_i/tpu_mnist_ip_0/inst/u_tpu_top/u_datapath/u_vector_processing_unit/u_post_process/GEN_BIAS_REQUANT.u_bias_requantize/(null)[0].shifted_value0/DSP_M_DATA.V_DATA<40>
    DSP48E2_X4Y4         DSP_ALU (Prop_DSP_ALU_DSP48E2_V_DATA[40]_ALU_OUT[47])
                                                      0.571     4.801 f  design_1_i/tpu_mnist_ip_0/inst/u_tpu_top/u_datapath/u_vector_processing_unit/u_post_process/GEN_BIAS_REQUANT.u_bias_requantize/(null)[0].shifted_value0/DSP_ALU_INST/ALU_OUT[47]
                         net (fo=1, routed)           0.000     4.801    design_1_i/tpu_mnist_ip_0/inst/u_tpu_top/u_datapath/u_vector_processing_unit/u_post_process/GEN_BIAS_REQUANT.u_bias_requantize/(null)[0].shifted_value0/DSP_ALU.ALU_OUT<47>
    DSP48E2_X4Y4         DSP_OUTPUT (Prop_DSP_OUTPUT_DSP48E2_ALU_OUT[47]_PCOUT[47])
                                                      0.122     4.923 r  design_1_i/tpu_mnist_ip_0/inst/u_tpu_top/u_datapath/u_vector_processing_unit/u_post_process/GEN_BIAS_REQUANT.u_bias_requantize/(null)[0].shifted_value0/DSP_OUTPUT_INST/PCOUT[47]
                         net (fo=1, routed)           0.014     4.937    design_1_i/tpu_mnist_ip_0/inst/u_tpu_top/u_datapath/u_vector_processing_unit/u_post_process/GEN_BIAS_REQUANT.u_bias_requantize/(null)[0].shifted_value0__0/PCIN[47]
    DSP48E2_X4Y5         DSP_ALU (Prop_DSP_ALU_DSP48E2_PCIN[47]_ALU_OUT[11])
                                                      0.546     5.483 f  design_1_i/tpu_mnist_ip_0/inst/u_tpu_top/u_datapath/u_vector_processing_unit/u_post_process/GEN_BIAS_REQUANT.u_bias_requantize/(null)[0].shifted_value0__0/DSP_ALU_INST/ALU_OUT[11]
                         net (fo=1, routed)           0.000     5.483    design_1_i/tpu_mnist_ip_0/inst/u_tpu_top/u_datapath/u_vector_processing_unit/u_post_process/GEN_BIAS_REQUANT.u_bias_requantize/(null)[0].shifted_value0__0/DSP_ALU.ALU_OUT<11>
    DSP48E2_X4Y5         DSP_OUTPUT (Prop_DSP_OUTPUT_DSP48E2_ALU_OUT[11]_P[11])
                                                      0.109     5.592 r  design_1_i/tpu_mnist_ip_0/inst/u_tpu_top/u_datapath/u_vector_processing_unit/u_post_process/GEN_BIAS_REQUANT.u_bias_requantize/(null)[0].shifted_value0__0/DSP_OUTPUT_INST/P[11]
                         net (fo=1, routed)           0.327     5.919    design_1_i/tpu_mnist_ip_0/inst/u_tpu_top/u_datapath/u_vector_processing_unit/u_post_process/GEN_BIAS_REQUANT.u_bias_requantize/(null)[0].shifted_value0__0_n_94
    SLICE_X53Y8          LUT2 (Prop_F6LUT_SLICEM_I1_O)
                                                      0.123     6.042 r  design_1_i/tpu_mnist_ip_0/inst/u_tpu_top/u_datapath/u_vector_processing_unit/u_post_process/GEN_BIAS_REQUANT.u_bias_requantize/data_flatten_o[18]_i_27/O
                         net (fo=1, routed)           0.022     6.064    design_1_i/tpu_mnist_ip_0/inst/u_tpu_top/u_datapath/u_vector_processing_unit/u_post_process/GEN_BIAS_REQUANT.u_bias_requantize/data_flatten_o[18]_i_27_n_0
    SLICE_X53Y8          CARRY8 (Prop_CARRY8_SLICEM_S[5]_CO[7])
                                                      0.159     6.223 r  design_1_i/tpu_mnist_ip_0/inst/u_tpu_top/u_datapath/u_vector_processing_unit/u_post_process/GEN_BIAS_REQUANT.u_bias_requantize/data_flatten_o_reg[18]_i_7/CO[7]
                         net (fo=1, routed)           0.026     6.249    design_1_i/tpu_mnist_ip_0/inst/u_tpu_top/u_datapath/u_vector_processing_unit/u_post_process/GEN_BIAS_REQUANT.u_bias_requantize/data_flatten_o_reg[18]_i_7_n_0
    SLICE_X53Y9          CARRY8 (Prop_CARRY8_SLICEM_CI_CO[7])
                                                      0.015     6.264 r  design_1_i/tpu_mnist_ip_0/inst/u_tpu_top/u_datapath/u_vector_processing_unit/u_post_process/GEN_BIAS_REQUANT.u_bias_requantize/data_flatten_o_reg[18]_i_33/CO[7]
                         net (fo=1, routed)           0.026     6.290    design_1_i/tpu_mnist_ip_0/inst/u_tpu_top/u_datapath/u_vector_processing_unit/u_post_process/GEN_BIAS_REQUANT.u_bias_requantize/data_flatten_o_reg[18]_i_33_n_0
    SLICE_X53Y10         CARRY8 (Prop_CARRY8_SLICEM_CI_CO[7])
                                                      0.015     6.305 r  design_1_i/tpu_mnist_ip_0/inst/u_tpu_top/u_datapath/u_vector_processing_unit/u_post_process/GEN_BIAS_REQUANT.u_bias_requantize/data_flatten_o_reg[31]_i_73/CO[7]
                         net (fo=1, routed)           0.026     6.331    design_1_i/tpu_mnist_ip_0/inst/u_tpu_top/u_datapath/u_vector_processing_unit/u_post_process/GEN_BIAS_REQUANT.u_bias_requantize/data_flatten_o_reg[31]_i_73_n_0
    SLICE_X53Y11         CARRY8 (Prop_CARRY8_SLICEM_CI_O[0])
                                                      0.056     6.387 r  design_1_i/tpu_mnist_ip_0/inst/u_tpu_top/u_datapath/u_vector_processing_unit/u_post_process/GEN_BIAS_REQUANT.u_bias_requantize/data_flatten_o_reg[18]_i_6/O[0]
                         net (fo=125, routed)         0.375     6.763    design_1_i/tpu_mnist_ip_0/inst/u_tpu_top/u_datapath/u_vector_processing_unit/u_post_process/GEN_BIAS_REQUANT.u_bias_requantize/data_flatten_o_reg[18]_i_6_n_15
    SLICE_X52Y5          LUT2 (Prop_A6LUT_SLICEL_I0_O)
                                                      0.124     6.887 r  design_1_i/tpu_mnist_ip_0/inst/u_tpu_top/u_datapath/u_vector_processing_unit/u_post_process/GEN_BIAS_REQUANT.u_bias_requantize/data_flatten_o[6]_i_28/O
                         net (fo=1, routed)           0.009     6.896    design_1_i/tpu_mnist_ip_0/inst/u_tpu_top/u_datapath/u_vector_processing_unit/u_post_process/GEN_BIAS_REQUANT.u_bias_requantize/data_flatten_o[6]_i_28_n_0
    SLICE_X52Y5          CARRY8 (Prop_CARRY8_SLICEL_S[0]_CO[7])
                                                      0.190     7.086 r  design_1_i/tpu_mnist_ip_0/inst/u_tpu_top/u_datapath/u_vector_processing_unit/u_post_process/GEN_BIAS_REQUANT.u_bias_requantize/data_flatten_o_reg[6]_i_12/CO[7]
                         net (fo=1, routed)           0.026     7.112    design_1_i/tpu_mnist_ip_0/inst/u_tpu_top/u_datapath/u_vector_processing_unit/u_post_process/GEN_BIAS_REQUANT.u_bias_requantize/data_flatten_o_reg[6]_i_12_n_0
    SLICE_X52Y6          CARRY8 (Prop_CARRY8_SLICEL_CI_CO[7])
                                                      0.015     7.127 r  design_1_i/tpu_mnist_ip_0/inst/u_tpu_top/u_datapath/u_vector_processing_unit/u_post_process/GEN_BIAS_REQUANT.u_bias_requantize/data_flatten_o_reg[6]_i_3/CO[7]
                         net (fo=1, routed)           0.026     7.153    design_1_i/tpu_mnist_ip_0/inst/u_tpu_top/u_datapath/u_vector_processing_unit/u_post_process/GEN_BIAS_REQUANT.u_bias_requantize/data_flatten_o_reg[6]_i_3_n_0
    SLICE_X52Y7          CARRY8 (Prop_CARRY8_SLICEL_CI_CO[7])
                                                      0.015     7.168 r  design_1_i/tpu_mnist_ip_0/inst/u_tpu_top/u_datapath/u_vector_processing_unit/u_post_process/GEN_BIAS_REQUANT.u_bias_requantize/data_flatten_o_reg[6]_i_2/CO[7]
                         net (fo=1, routed)           0.026     7.194    design_1_i/tpu_mnist_ip_0/inst/u_tpu_top/u_datapath/u_vector_processing_unit/u_post_process/GEN_BIAS_REQUANT.u_bias_requantize/data_flatten_o_reg[6]_i_2_n_0
    SLICE_X52Y8          CARRY8 (Prop_CARRY8_SLICEL_CI_CO[7])
                                                      0.015     7.209 r  design_1_i/tpu_mnist_ip_0/inst/u_tpu_top/u_datapath/u_vector_processing_unit/u_post_process/GEN_BIAS_REQUANT.u_bias_requantize/data_flatten_o_reg[14]_i_2/CO[7]
                         net (fo=1, routed)           0.026     7.235    design_1_i/tpu_mnist_ip_0/inst/u_tpu_top/u_datapath/u_vector_processing_unit/u_post_process/GEN_BIAS_REQUANT.u_bias_requantize/data_flatten_o_reg[14]_i_2_n_0
    SLICE_X52Y9          CARRY8 (Prop_CARRY8_SLICEL_CI_CO[7])
                                                      0.015     7.250 r  design_1_i/tpu_mnist_ip_0/inst/u_tpu_top/u_datapath/u_vector_processing_unit/u_post_process/GEN_BIAS_REQUANT.u_bias_requantize/data_flatten_o_reg[18]_i_4/CO[7]
                         net (fo=1, routed)           0.026     7.276    design_1_i/tpu_mnist_ip_0/inst/u_tpu_top/u_datapath/u_vector_processing_unit/u_post_process/GEN_BIAS_REQUANT.u_bias_requantize/data_flatten_o_reg[18]_i_4_n_0
    SLICE_X52Y10         CARRY8 (Prop_CARRY8_SLICEL_CI_CO[7])
                                                      0.015     7.291 r  design_1_i/tpu_mnist_ip_0/inst/u_tpu_top/u_datapath/u_vector_processing_unit/u_post_process/GEN_BIAS_REQUANT.u_bias_requantize/data_flatten_o_reg[30]_i_3/CO[7]
                         net (fo=1, routed)           0.026     7.317    design_1_i/tpu_mnist_ip_0/inst/u_tpu_top/u_datapath/u_vector_processing_unit/u_post_process/GEN_BIAS_REQUANT.u_bias_requantize/data_flatten_o_reg[30]_i_3_n_0
    SLICE_X52Y11         CARRY8 (Prop_CARRY8_SLICEL_CI_O[1])
                                                      0.076     7.393 f  design_1_i/tpu_mnist_ip_0/inst/u_tpu_top/u_datapath/u_vector_processing_unit/u_post_process/GEN_BIAS_REQUANT.u_bias_requantize/data_flatten_o_reg[31]_i_18/O[1]
                         net (fo=7, routed)           0.462     7.854    design_1_i/tpu_mnist_ip_0/inst/u_tpu_top/u_datapath/u_vector_processing_unit/u_post_process/GEN_BIAS_REQUANT.u_bias_requantize/data_flatten_o_reg[31]_i_18_n_14
    SLICE_X49Y6          LUT3 (Prop_E6LUT_SLICEM_I1_O)
                                                      0.037     7.891 r  design_1_i/tpu_mnist_ip_0/inst/u_tpu_top/u_datapath/u_vector_processing_unit/u_post_process/GEN_BIAS_REQUANT.u_bias_requantize/data_flatten_o[31]_i_244/O
                         net (fo=1, routed)           0.240     8.131    design_1_i/tpu_mnist_ip_0/inst/u_tpu_top/u_datapath/u_vector_processing_unit/u_post_process/GEN_BIAS_REQUANT.u_bias_requantize/data_flatten_o[31]_i_244_n_0
    SLICE_X51Y7          CARRY8 (Prop_CARRY8_SLICEL_CI_CO[7])
                                                      0.151     8.282 r  design_1_i/tpu_mnist_ip_0/inst/u_tpu_top/u_datapath/u_vector_processing_unit/u_post_process/GEN_BIAS_REQUANT.u_bias_requantize/data_flatten_o_reg[31]_i_162/CO[7]
                         net (fo=1, routed)           0.026     8.308    design_1_i/tpu_mnist_ip_0/inst/u_tpu_top/u_datapath/u_vector_processing_unit/u_post_process/GEN_BIAS_REQUANT.u_bias_requantize/data_flatten_o_reg[31]_i_162_n_0
    SLICE_X51Y8          CARRY8 (Prop_CARRY8_SLICEL_CI_O[7])
                                                      0.116     8.424 r  design_1_i/tpu_mnist_ip_0/inst/u_tpu_top/u_datapath/u_vector_processing_unit/u_post_process/GEN_BIAS_REQUANT.u_bias_requantize/data_flatten_o_reg[31]_i_161/O[7]
                         net (fo=4, routed)           0.288     8.712    design_1_i/tpu_mnist_ip_0/inst/u_tpu_top/u_datapath/u_vector_processing_unit/u_post_process/GEN_BIAS_REQUANT.u_bias_requantize/data_flatten_o_reg[31]_i_161_n_8
    SLICE_X49Y9          LUT2 (Prop_F6LUT_SLICEM_I1_O)
                                                      0.123     8.835 r  design_1_i/tpu_mnist_ip_0/inst/u_tpu_top/u_datapath/u_vector_processing_unit/u_post_process/GEN_BIAS_REQUANT.u_bias_requantize/data_flatten_o[31]_i_111/O
                         net (fo=1, routed)           0.022     8.857    design_1_i/tpu_mnist_ip_0/inst/u_tpu_top/u_datapath/u_vector_processing_unit/u_post_process/GEN_BIAS_REQUANT.u_bias_requantize/data_flatten_o[31]_i_111_n_0
    SLICE_X49Y9          CARRY8 (Prop_CARRY8_SLICEM_S[5]_CO[7])
                                                      0.159     9.016 f  design_1_i/tpu_mnist_ip_0/inst/u_tpu_top/u_datapath/u_vector_processing_unit/u_post_process/GEN_BIAS_REQUANT.u_bias_requantize/data_flatten_o_reg[31]_i_31/CO[7]
                         net (fo=1, routed)           0.026     9.042    design_1_i/tpu_mnist_ip_0/inst/u_tpu_top/u_datapath/u_vector_processing_unit/u_post_process/GEN_BIAS_REQUANT.u_bias_requantize/data_flatten_o_reg[31]_i_31_n_0
    SLICE_X49Y10         CARRY8 (Prop_CARRY8_SLICEM_CI_CO[5])
                                                      0.077     9.119 f  design_1_i/tpu_mnist_ip_0/inst/u_tpu_top/u_datapath/u_vector_processing_unit/u_post_process/GEN_BIAS_REQUANT.u_bias_requantize/data_flatten_o_reg[31]_i_5/CO[5]
                         net (fo=22, routed)          0.226     9.345    design_1_i/tpu_mnist_ip_0/inst/u_tpu_top/u_datapath/u_vector_processing_unit/u_post_process/GEN_BIAS_REQUANT.u_bias_requantize/data_flatten_o_reg[31]_i_5_n_2
    SLICE_X48Y10         LUT3 (Prop_D5LUT_SLICEL_I1_O)
                                                      0.110     9.455 f  design_1_i/tpu_mnist_ip_0/inst/u_tpu_top/u_datapath/u_vector_processing_unit/u_post_process/GEN_BIAS_REQUANT.u_bias_requantize/data_flatten_o[18]_i_2/O
                         net (fo=18, routed)          0.433     9.888    design_1_i/tpu_mnist_ip_0/inst/u_tpu_top/u_datapath/u_vector_processing_unit/u_post_process/GEN_BIAS_REQUANT.u_bias_requantize/data_flatten_o[18]_i_2_n_0
    SLICE_X52Y4          LUT6 (Prop_H6LUT_SLICEL_I5_O)
                                                      0.099     9.987 r  design_1_i/tpu_mnist_ip_0/inst/u_tpu_top/u_datapath/u_vector_processing_unit/u_post_process/GEN_BIAS_REQUANT.u_bias_requantize/data_flatten_o[3]_i_1/O
                         net (fo=1, routed)           0.051    10.038    design_1_i/tpu_mnist_ip_0/inst/u_tpu_top/u_datapath/u_vector_processing_unit/u_post_process/GEN_BIAS_REQUANT.u_bias_requantize/data_flatten_o[3]_i_1_n_0
    SLICE_X52Y4          FDCE                                         r  design_1_i/tpu_mnist_ip_0/inst/u_tpu_top/u_datapath/u_vector_processing_unit/u_post_process/GEN_BIAS_REQUANT.u_bias_requantize/data_flatten_o_reg[3]/D
  -------------------------------------------------------------------    -------------------

                         (clock clk_pl_0 rise edge)
                                                     10.000    10.000 r  
    PS8_X0Y0             PS8                          0.000    10.000 r  design_1_i/zynq_ultra_ps_e_0/inst/PS8_i/PLCLK[0]
                         net (fo=1, routed)           0.143    10.143    design_1_i/zynq_ultra_ps_e_0/inst/pl_clk_unbuffered[0]
    BUFG_PS_X0Y80        BUFG_PS (Prop_BUFG_PS_I_O)
                                                      0.025    10.168 r  design_1_i/zynq_ultra_ps_e_0/inst/buffer_pl_clk_0.PL_CLK_0_BUFG/O
    X1Y2 (CLOCK_ROOT)    net (fo=5377, routed)        1.574    11.742    design_1_i/tpu_mnist_ip_0/inst/u_tpu_top/u_datapath/u_vector_processing_unit/u_post_process/GEN_BIAS_REQUANT.u_bias_requantize/s_axi_aclk
    SLICE_X52Y4          FDCE                                         r  design_1_i/tpu_mnist_ip_0/inst/u_tpu_top/u_datapath/u_vector_processing_unit/u_post_process/GEN_BIAS_REQUANT.u_bias_requantize/data_flatten_o_reg[3]/C
                         clock pessimism              0.168    11.910    
                         clock uncertainty           -0.130    11.780    
    SLICE_X52Y4          FDCE (Setup_HFF_SLICEL_C_D)
                                                      0.025    11.805    design_1_i/tpu_mnist_ip_0/inst/u_tpu_top/u_datapath/u_vector_processing_unit/u_post_process/GEN_BIAS_REQUANT.u_bias_requantize/data_flatten_o_reg[3]
  -------------------------------------------------------------------
                         required time                         11.805    
                         arrival time                         -10.038    
  -------------------------------------------------------------------
                         slack                                  1.767    

Slack (MET) :             1.794ns  (required time - arrival time)
  Source:                 design_1_i/tpu_mnist_ip_0/inst/u_tpu_top/u_layer_controller/u_tile_controller/vpu_bias_flatten_o_reg[32]/C
                            (rising edge-triggered cell FDCE clocked by clk_pl_0  {rise@0.000ns fall@5.000ns period=10.000ns})
  Destination:            design_1_i/tpu_mnist_ip_0/inst/u_tpu_top/u_datapath/u_vector_processing_unit/u_post_process/GEN_BIAS_REQUANT.u_bias_requantize/data_flatten_o_reg[33]/D
                            (rising edge-triggered cell FDCE clocked by clk_pl_0  {rise@0.000ns fall@5.000ns period=10.000ns})
  Path Group:             clk_pl_0
  Path Type:              Setup (Max at Slow Process Corner)
  Requirement:            10.000ns  (clk_pl_0 rise@10.000ns - clk_pl_0 rise@0.000ns)
  Data Path Delay:        8.032ns  (logic 4.397ns (54.741%)  route 3.635ns (45.259%))
  Logic Levels:           34  (CARRY8=19 DSP_A_B_DATA=1 DSP_ALU=2 DSP_M_DATA=1 DSP_MULTIPLIER=1 DSP_OUTPUT=2 DSP_PREADD_DATA=1 LUT2=4 LUT3=2 LUT6=1)
  Clock Path Skew:        -0.069ns (DCD - SCD + CPR)
    Destination Clock Delay (DCD):    1.749ns = ( 11.749 - 10.000 ) 
    Source Clock Delay      (SCD):    1.986ns
    Clock Pessimism Removal (CPR):    0.169ns
  Clock Uncertainty:      0.130ns  ((TSJ^2 + DJ^2)^1/2) / 2 + PE
    Total System Jitter     (TSJ):    0.071ns
    Discrete Jitter          (DJ):    0.250ns
    Phase Error              (PE):    0.000ns
  Clock Net Delay (Source):      1.778ns (routing 0.569ns, distribution 1.209ns)
  Clock Net Delay (Destination): 1.581ns (routing 0.512ns, distribution 1.069ns)

    Location             Delay type                Incr(ns)  Path(ns)    Netlist Resource(s)
  -------------------------------------------------------------------    -------------------
                         (clock clk_pl_0 rise edge)
                                                      0.000     0.000 r  
    PS8_X0Y0             PS8                          0.000     0.000 r  design_1_i/zynq_ultra_ps_e_0/inst/PS8_i/PLCLK[0]
                         net (fo=1, routed)           0.180     0.180    design_1_i/zynq_ultra_ps_e_0/inst/pl_clk_unbuffered[0]
    BUFG_PS_X0Y80        BUFG_PS (Prop_BUFG_PS_I_O)
                                                      0.028     0.208 r  design_1_i/zynq_ultra_ps_e_0/inst/buffer_pl_clk_0.PL_CLK_0_BUFG/O
    X1Y2 (CLOCK_ROOT)    net (fo=5377, routed)        1.778     1.986    design_1_i/tpu_mnist_ip_0/inst/u_tpu_top/u_layer_controller/u_tile_controller/s_axi_aclk
    SLICE_X49Y20         FDCE                                         r  design_1_i/tpu_mnist_ip_0/inst/u_tpu_top/u_layer_controller/u_tile_controller/vpu_bias_flatten_o_reg[32]/C
  -------------------------------------------------------------------    -------------------
    SLICE_X49Y20         FDCE (Prop_DFF2_SLICEM_C_Q)
                                                      0.080     2.066 r  design_1_i/tpu_mnist_ip_0/inst/u_tpu_top/u_layer_controller/u_tile_controller/vpu_bias_flatten_o_reg[32]/Q
                         net (fo=1, routed)           0.259     2.325    design_1_i/tpu_mnist_ip_0/inst/u_tpu_top/u_datapath/u_vector_processing_unit/u_post_process/GEN_BIAS_REQUANT.u_bias_requantize/(null)[0].shifted_value0__4_1[13]
    SLICE_X53Y20         LUT2 (Prop_A6LUT_SLICEM_I1_O)
                                                      0.150     2.475 r  design_1_i/tpu_mnist_ip_0/inst/u_tpu_top/u_datapath/u_vector_processing_unit/u_post_process/GEN_BIAS_REQUANT.u_bias_requantize/(null)[0].shifted_value0__5_i_18/O
                         net (fo=1, routed)           0.013     2.488    design_1_i/tpu_mnist_ip_0/inst/u_tpu_top/u_datapath/u_vector_processing_unit/u_post_process/GEN_BIAS_REQUANT.u_bias_requantize/(null)[0].shifted_value0__5_i_18_n_0
    SLICE_X53Y20         CARRY8 (Prop_CARRY8_SLICEM_S[0]_CO[7])
                                                      0.192     2.680 r  design_1_i/tpu_mnist_ip_0/inst/u_tpu_top/u_datapath/u_vector_processing_unit/u_post_process/GEN_BIAS_REQUANT.u_bias_requantize/(null)[0].shifted_value0__5_i_2/CO[7]
                         net (fo=1, routed)           0.026     2.706    design_1_i/tpu_mnist_ip_0/inst/u_tpu_top/u_datapath/u_vector_processing_unit/u_post_process/GEN_BIAS_REQUANT.u_bias_requantize/(null)[0].shifted_value0__5_i_2_n_0
    SLICE_X53Y21         CARRY8 (Prop_CARRY8_SLICEM_CI_CO[7])
                                                      0.015     2.721 r  design_1_i/tpu_mnist_ip_0/inst/u_tpu_top/u_datapath/u_vector_processing_unit/u_post_process/GEN_BIAS_REQUANT.u_bias_requantize/(null)[0].shifted_value0__5_i_1/CO[7]
                         net (fo=1, routed)           0.026     2.747    design_1_i/tpu_mnist_ip_0/inst/u_tpu_top/u_datapath/u_vector_processing_unit/u_post_process/GEN_BIAS_REQUANT.u_bias_requantize/(null)[0].shifted_value0__5_i_1_n_0
    SLICE_X53Y22         CARRY8 (Prop_CARRY8_SLICEM_CI_O[5])
                                                      0.116     2.863 f  design_1_i/tpu_mnist_ip_0/inst/u_tpu_top/u_datapath/u_vector_processing_unit/u_post_process/GEN_BIAS_REQUANT.u_bias_requantize/(null)[0].shifted_value0__3_i_3/O[5]
                         net (fo=2, routed)           0.420     3.283    design_1_i/tpu_mnist_ip_0/inst/u_tpu_top/u_datapath/u_vector_processing_unit/u_post_process/GEN_BIAS_REQUANT.u_bias_requantize/(null)[0].shifted_value0__3/B[4]
    DSP48E2_X4Y6         DSP_A_B_DATA (Prop_DSP_A_B_DATA_DSP48E2_B[4]_B2_DATA[4])
                                                      0.151     3.434 r  design_1_i/tpu_mnist_ip_0/inst/u_tpu_top/u_datapath/u_vector_processing_unit/u_post_process/GEN_BIAS_REQUANT.u_bias_requantize/(null)[0].shifted_value0__3/DSP_A_B_DATA_INST/B2_DATA[4]
                         net (fo=1, routed)           0.000     3.434    design_1_i/tpu_mnist_ip_0/inst/u_tpu_top/u_datapath/u_vector_processing_unit/u_post_process/GEN_BIAS_REQUANT.u_bias_requantize/(null)[0].shifted_value0__3/DSP_A_B_DATA.B2_DATA<4>
    DSP48E2_X4Y6         DSP_PREADD_DATA (Prop_DSP_PREADD_DATA_DSP48E2_B2_DATA[4]_B2B1[4])
                                                      0.073     3.507 r  design_1_i/tpu_mnist_ip_0/inst/u_tpu_top/u_datapath/u_vector_processing_unit/u_post_process/GEN_BIAS_REQUANT.u_bias_requantize/(null)[0].shifted_value0__3/DSP_PREADD_DATA_INST/B2B1[4]
                         net (fo=1, routed)           0.000     3.507    design_1_i/tpu_mnist_ip_0/inst/u_tpu_top/u_datapath/u_vector_processing_unit/u_post_process/GEN_BIAS_REQUANT.u_bias_requantize/(null)[0].shifted_value0__3/DSP_PREADD_DATA.B2B1<4>
    DSP48E2_X4Y6         DSP_MULTIPLIER (Prop_DSP_MULTIPLIER_DSP48E2_B2B1[4]_V[34])
                                                      0.609     4.116 f  design_1_i/tpu_mnist_ip_0/inst/u_tpu_top/u_datapath/u_vector_processing_unit/u_post_process/GEN_BIAS_REQUANT.u_bias_requantize/(null)[0].shifted_value0__3/DSP_MULTIPLIER_INST/V[34]
                         net (fo=1, routed)           0.000     4.116    design_1_i/tpu_mnist_ip_0/inst/u_tpu_top/u_datapath/u_vector_processing_unit/u_post_process/GEN_BIAS_REQUANT.u_bias_requantize/(null)[0].shifted_value0__3/DSP_MULTIPLIER.V<34>
    DSP48E2_X4Y6         DSP_M_DATA (Prop_DSP_M_DATA_DSP48E2_V[34]_V_DATA[34])
                                                      0.046     4.162 r  design_1_i/tpu_mnist_ip_0/inst/u_tpu_top/u_datapath/u_vector_processing_unit/u_post_process/GEN_BIAS_REQUANT.u_bias_requantize/(null)[0].shifted_value0__3/DSP_M_DATA_INST/V_DATA[34]
                         net (fo=1, routed)           0.000     4.162    design_1_i/tpu_mnist_ip_0/inst/u_tpu_top/u_datapath/u_vector_processing_unit/u_post_process/GEN_BIAS_REQUANT.u_bias_requantize/(null)[0].shifted_value0__3/DSP_M_DATA.V_DATA<34>
    DSP48E2_X4Y6         DSP_ALU (Prop_DSP_ALU_DSP48E2_V_DATA[34]_ALU_OUT[47])
                                                      0.571     4.733 f  design_1_i/tpu_mnist_ip_0/inst/u_tpu_top/u_datapath/u_vector_processing_unit/u_post_process/GEN_BIAS_REQUANT.u_bias_requantize/(null)[0].shifted_value0__3/DSP_ALU_INST/ALU_OUT[47]
                         net (fo=1, routed)           0.000     4.733    design_1_i/tpu_mnist_ip_0/inst/u_tpu_top/u_datapath/u_vector_processing_unit/u_post_process/GEN_BIAS_REQUANT.u_bias_requantize/(null)[0].shifted_value0__3/DSP_ALU.ALU_OUT<47>
    DSP48E2_X4Y6         DSP_OUTPUT (Prop_DSP_OUTPUT_DSP48E2_ALU_OUT[47]_PCOUT[47])
                                                      0.122     4.855 r  design_1_i/tpu_mnist_ip_0/inst/u_tpu_top/u_datapath/u_vector_processing_unit/u_post_process/GEN_BIAS_REQUANT.u_bias_requantize/(null)[0].shifted_value0__3/DSP_OUTPUT_INST/PCOUT[47]
                         net (fo=1, routed)           0.014     4.869    design_1_i/tpu_mnist_ip_0/inst/u_tpu_top/u_datapath/u_vector_processing_unit/u_post_process/GEN_BIAS_REQUANT.u_bias_requantize/(null)[0].shifted_value0__4/PCIN[47]
    DSP48E2_X4Y7         DSP_ALU (Prop_DSP_ALU_DSP48E2_PCIN[47]_ALU_OUT[3])
                                                      0.546     5.415 f  design_1_i/tpu_mnist_ip_0/inst/u_tpu_top/u_datapath/u_vector_processing_unit/u_post_process/GEN_BIAS_REQUANT.u_bias_requantize/(null)[0].shifted_value0__4/DSP_ALU_INST/ALU_OUT[3]
                         net (fo=1, routed)           0.000     5.415    design_1_i/tpu_mnist_ip_0/inst/u_tpu_top/u_datapath/u_vector_processing_unit/u_post_process/GEN_BIAS_REQUANT.u_bias_requantize/(null)[0].shifted_value0__4/DSP_ALU.ALU_OUT<3>
    DSP48E2_X4Y7         DSP_OUTPUT (Prop_DSP_OUTPUT_DSP48E2_ALU_OUT[3]_P[3])
                                                      0.109     5.524 r  design_1_i/tpu_mnist_ip_0/inst/u_tpu_top/u_datapath/u_vector_processing_unit/u_post_process/GEN_BIAS_REQUANT.u_bias_requantize/(null)[0].shifted_value0__4/DSP_OUTPUT_INST/P[3]
                         net (fo=1, routed)           0.246     5.770    design_1_i/tpu_mnist_ip_0/inst/u_tpu_top/u_datapath/u_vector_processing_unit/u_post_process/GEN_BIAS_REQUANT.u_bias_requantize/p_0_in[37]
    SLICE_X55Y15         LUT2 (Prop_F6LUT_SLICEL_I1_O)
                                                      0.049     5.819 r  design_1_i/tpu_mnist_ip_0/inst/u_tpu_top/u_datapath/u_vector_processing_unit/u_post_process/GEN_BIAS_REQUANT.u_bias_requantize/data_flatten_o[50]_i_36/O
                         net (fo=1, routed)           0.011     5.830    design_1_i/tpu_mnist_ip_0/inst/u_tpu_top/u_datapath/u_vector_processing_unit/u_post_process/GEN_BIAS_REQUANT.u_bias_requantize/data_flatten_o[50]_i_36_n_0
    SLICE_X55Y15         CARRY8 (Prop_CARRY8_SLICEL_S[5]_CO[7])
                                                      0.155     5.985 r  design_1_i/tpu_mnist_ip_0/inst/u_tpu_top/u_datapath/u_vector_processing_unit/u_post_process/GEN_BIAS_REQUANT.u_bias_requantize/data_flatten_o_reg[50]_i_24/CO[7]
                         net (fo=1, routed)           0.026     6.011    design_1_i/tpu_mnist_ip_0/inst/u_tpu_top/u_datapath/u_vector_processing_unit/u_post_process/GEN_BIAS_REQUANT.u_bias_requantize/data_flatten_o_reg[50]_i_24_n_0
    SLICE_X55Y16         CARRY8 (Prop_CARRY8_SLICEL_CI_CO[7])
                                                      0.015     6.026 r  design_1_i/tpu_mnist_ip_0/inst/u_tpu_top/u_datapath/u_vector_processing_unit/u_post_process/GEN_BIAS_REQUANT.u_bias_requantize/data_flatten_o_reg[50]_i_7/CO[7]
                         net (fo=1, routed)           0.026     6.052    design_1_i/tpu_mnist_ip_0/inst/u_tpu_top/u_datapath/u_vector_processing_unit/u_post_process/GEN_BIAS_REQUANT.u_bias_requantize/data_flatten_o_reg[50]_i_7_n_0
    SLICE_X55Y17         CARRY8 (Prop_CARRY8_SLICEL_CI_CO[7])
                                                      0.015     6.067 r  design_1_i/tpu_mnist_ip_0/inst/u_tpu_top/u_datapath/u_vector_processing_unit/u_post_process/GEN_BIAS_REQUANT.u_bias_requantize/data_flatten_o_reg[50]_i_33/CO[7]
                         net (fo=1, routed)           0.026     6.093    design_1_i/tpu_mnist_ip_0/inst/u_tpu_top/u_datapath/u_vector_processing_unit/u_post_process/GEN_BIAS_REQUANT.u_bias_requantize/data_flatten_o_reg[50]_i_33_n_0
    SLICE_X55Y18         CARRY8 (Prop_CARRY8_SLICEL_CI_CO[7])
                                                      0.015     6.108 r  design_1_i/tpu_mnist_ip_0/inst/u_tpu_top/u_datapath/u_vector_processing_unit/u_post_process/GEN_BIAS_REQUANT.u_bias_requantize/data_flatten_o_reg[63]_i_73/CO[7]
                         net (fo=1, routed)           0.026     6.134    design_1_i/tpu_mnist_ip_0/inst/u_tpu_top/u_datapath/u_vector_processing_unit/u_post_process/GEN_BIAS_REQUANT.u_bias_requantize/data_flatten_o_reg[63]_i_73_n_0
    SLICE_X55Y19         CARRY8 (Prop_CARRY8_SLICEL_CI_O[0])
                                                      0.056     6.190 r  design_1_i/tpu_mnist_ip_0/inst/u_tpu_top/u_datapath/u_vector_processing_unit/u_post_process/GEN_BIAS_REQUANT.u_bias_requantize/data_flatten_o_reg[50]_i_6/O[0]
                         net (fo=125, routed)         0.311     6.501    design_1_i/tpu_mnist_ip_0/inst/u_tpu_top/u_datapath/u_vector_processing_unit/u_post_process/GEN_BIAS_REQUANT.u_bias_requantize/data_flatten_o_reg[50]_i_6_n_15
    SLICE_X54Y13         LUT2 (Prop_B6LUT_SLICEM_I0_O)
                                                      0.125     6.626 r  design_1_i/tpu_mnist_ip_0/inst/u_tpu_top/u_datapath/u_vector_processing_unit/u_post_process/GEN_BIAS_REQUANT.u_bias_requantize/data_flatten_o[38]_i_27/O
                         net (fo=1, routed)           0.016     6.642    design_1_i/tpu_mnist_ip_0/inst/u_tpu_top/u_datapath/u_vector_processing_unit/u_post_process/GEN_BIAS_REQUANT.u_bias_requantize/data_flatten_o[38]_i_27_n_0
    SLICE_X54Y13         CARRY8 (Prop_CARRY8_SLICEM_S[1]_CO[7])
                                                      0.190     6.832 r  design_1_i/tpu_mnist_ip_0/inst/u_tpu_top/u_datapath/u_vector_processing_unit/u_post_process/GEN_BIAS_REQUANT.u_bias_requantize/data_flatten_o_reg[38]_i_12/CO[7]
                         net (fo=1, routed)           0.026     6.858    design_1_i/tpu_mnist_ip_0/inst/u_tpu_top/u_datapath/u_vector_processing_unit/u_post_process/GEN_BIAS_REQUANT.u_bias_requantize/data_flatten_o_reg[38]_i_12_n_0
    SLICE_X54Y14         CARRY8 (Prop_CARRY8_SLICEM_CI_CO[7])
                                                      0.015     6.873 r  design_1_i/tpu_mnist_ip_0/inst/u_tpu_top/u_datapath/u_vector_processing_unit/u_post_process/GEN_BIAS_REQUANT.u_bias_requantize/data_flatten_o_reg[38]_i_3/CO[7]
                         net (fo=1, routed)           0.026     6.899    design_1_i/tpu_mnist_ip_0/inst/u_tpu_top/u_datapath/u_vector_processing_unit/u_post_process/GEN_BIAS_REQUANT.u_bias_requantize/data_flatten_o_reg[38]_i_3_n_0
    SLICE_X54Y15         CARRY8 (Prop_CARRY8_SLICEM_CI_CO[7])
                                                      0.015     6.914 r  design_1_i/tpu_mnist_ip_0/inst/u_tpu_top/u_datapath/u_vector_processing_unit/u_post_process/GEN_BIAS_REQUANT.u_bias_requantize/data_flatten_o_reg[38]_i_2/CO[7]
                         net (fo=1, routed)           0.026     6.940    design_1_i/tpu_mnist_ip_0/inst/u_tpu_top/u_datapath/u_vector_processing_unit/u_post_process/GEN_BIAS_REQUANT.u_bias_requantize/data_flatten_o_reg[38]_i_2_n_0
    SLICE_X54Y16         CARRY8 (Prop_CARRY8_SLICEM_CI_CO[7])
                                                      0.015     6.955 r  design_1_i/tpu_mnist_ip_0/inst/u_tpu_top/u_datapath/u_vector_processing_unit/u_post_process/GEN_BIAS_REQUANT.u_bias_requantize/data_flatten_o_reg[46]_i_2/CO[7]
                         net (fo=1, routed)           0.026     6.981    design_1_i/tpu_mnist_ip_0/inst/u_tpu_top/u_datapath/u_vector_processing_unit/u_post_process/GEN_BIAS_REQUANT.u_bias_requantize/data_flatten_o_reg[46]_i_2_n_0
    SLICE_X54Y17         CARRY8 (Prop_CARRY8_SLICEM_CI_CO[7])
                                                      0.015     6.996 r  design_1_i/tpu_mnist_ip_0/inst/u_tpu_top/u_datapath/u_vector_processing_unit/u_post_process/GEN_BIAS_REQUANT.u_bias_requantize/data_flatten_o_reg[50]_i_4/CO[7]
                         net (fo=1, routed)           0.026     7.022    design_1_i/tpu_mnist_ip_0/inst/u_tpu_top/u_datapath/u_vector_processing_unit/u_post_process/GEN_BIAS_REQUANT.u_bias_requantize/data_flatten_o_reg[50]_i_4_n_0
    SLICE_X54Y18         CARRY8 (Prop_CARRY8_SLICEM_CI_CO[7])
                                                      0.015     7.037 r  design_1_i/tpu_mnist_ip_0/inst/u_tpu_top/u_datapath/u_vector_processing_unit/u_post_process/GEN_BIAS_REQUANT.u_bias_requantize/data_flatten_o_reg[62]_i_3/CO[7]
                         net (fo=1, routed)           0.026     7.063    design_1_i/tpu_mnist_ip_0/inst/u_tpu_top/u_datapath/u_vector_processing_unit/u_post_process/GEN_BIAS_REQUANT.u_bias_requantize/data_flatten_o_reg[62]_i_3_n_0
    SLICE_X54Y19         CARRY8 (Prop_CARRY8_SLICEM_CI_O[1])
                                                      0.076     7.139 f  design_1_i/tpu_mnist_ip_0/inst/u_tpu_top/u_datapath/u_vector_processing_unit/u_post_process/GEN_BIAS_REQUANT.u_bias_requantize/data_flatten_o_reg[63]_i_18/O[1]
                         net (fo=7, routed)           0.509     7.648    design_1_i/tpu_mnist_ip_0/inst/u_tpu_top/u_datapath/u_vector_processing_unit/u_post_process/GEN_BIAS_REQUANT.u_bias_requantize/(null)[0].rounded_product[63]
    SLICE_X51Y16         LUT3 (Prop_G6LUT_SLICEL_I1_O)
                                                      0.050     7.698 r  design_1_i/tpu_mnist_ip_0/inst/u_tpu_top/u_datapath/u_vector_processing_unit/u_post_process/GEN_BIAS_REQUANT.u_bias_requantize/data_flatten_o[63]_i_244/O
                         net (fo=1, routed)           0.325     8.023    design_1_i/tpu_mnist_ip_0/inst/u_tpu_top/u_datapath/u_vector_processing_unit/u_post_process/GEN_BIAS_REQUANT.u_bias_requantize/data_flatten_o[63]_i_244_n_0
    SLICE_X53Y16         CARRY8 (Prop_CARRY8_SLICEM_CI_CO[7])
                                                      0.153     8.176 r  design_1_i/tpu_mnist_ip_0/inst/u_tpu_top/u_datapath/u_vector_processing_unit/u_post_process/GEN_BIAS_REQUANT.u_bias_requantize/data_flatten_o_reg[63]_i_162/CO[7]
                         net (fo=1, routed)           0.026     8.202    design_1_i/tpu_mnist_ip_0/inst/u_tpu_top/u_datapath/u_vector_processing_unit/u_post_process/GEN_BIAS_REQUANT.u_bias_requantize/data_flatten_o_reg[63]_i_162_n_0
    SLICE_X53Y17         CARRY8 (Prop_CARRY8_SLICEM_CI_O[6])
                                                      0.103     8.305 r  design_1_i/tpu_mnist_ip_0/inst/u_tpu_top/u_datapath/u_vector_processing_unit/u_post_process/GEN_BIAS_REQUANT.u_bias_requantize/data_flatten_o_reg[63]_i_161/O[6]
                         net (fo=4, routed)           0.234     8.539    design_1_i/tpu_mnist_ip_0/inst/u_tpu_top/u_datapath/u_vector_processing_unit/u_post_process/GEN_BIAS_REQUANT.u_bias_requantize/data_flatten_o_reg[63]_i_161_n_9
    SLICE_X52Y18         LUT2 (Prop_E6LUT_SLICEL_I0_O)
                                                      0.123     8.662 r  design_1_i/tpu_mnist_ip_0/inst/u_tpu_top/u_datapath/u_vector_processing_unit/u_post_process/GEN_BIAS_REQUANT.u_bias_requantize/data_flatten_o[63]_i_112/O
                         net (fo=1, routed)           0.007     8.669    design_1_i/tpu_mnist_ip_0/inst/u_tpu_top/u_datapath/u_vector_processing_unit/u_post_process/GEN_BIAS_REQUANT.u_bias_requantize/data_flatten_o[63]_i_112_n_0
    SLICE_X52Y18         CARRY8 (Prop_CARRY8_SLICEL_S[4]_CO[7])
                                                      0.153     8.822 f  design_1_i/tpu_mnist_ip_0/inst/u_tpu_top/u_datapath/u_vector_processing_unit/u_post_process/GEN_BIAS_REQUANT.u_bias_requantize/data_flatten_o_reg[63]_i_31/CO[7]
                         net (fo=1, routed)           0.026     8.848    design_1_i/tpu_mnist_ip_0/inst/u_tpu_top/u_datapath/u_vector_processing_unit/u_post_process/GEN_BIAS_REQUANT.u_bias_requantize/data_flatten_o_reg[63]_i_31_n_0
    SLICE_X52Y19         CARRY8 (Prop_CARRY8_SLICEL_CI_CO[5])
                                                      0.077     8.925 f  design_1_i/tpu_mnist_ip_0/inst/u_tpu_top/u_datapath/u_vector_processing_unit/u_post_process/GEN_BIAS_REQUANT.u_bias_requantize/data_flatten_o_reg[63]_i_5/CO[5]
                         net (fo=22, routed)          0.425     9.351    design_1_i/tpu_mnist_ip_0/inst/u_tpu_top/u_datapath/u_vector_processing_unit/u_post_process/GEN_BIAS_REQUANT.u_bias_requantize/data_flatten_o_reg[63]_i_5_n_2
    SLICE_X50Y14         LUT3 (Prop_D5LUT_SLICEM_I1_O)
                                                      0.097     9.448 f  design_1_i/tpu_mnist_ip_0/inst/u_tpu_top/u_datapath/u_vector_processing_unit/u_post_process/GEN_BIAS_REQUANT.u_bias_requantize/data_flatten_o[50]_i_2/O
                         net (fo=18, routed)          0.423     9.870    design_1_i/tpu_mnist_ip_0/inst/u_tpu_top/u_datapath/u_vector_processing_unit/u_post_process/GEN_BIAS_REQUANT.u_bias_requantize/data_flatten_o[50]_i_2_n_0
    SLICE_X56Y15         LUT6 (Prop_H6LUT_SLICEM_I5_O)
                                                      0.090     9.960 r  design_1_i/tpu_mnist_ip_0/inst/u_tpu_top/u_datapath/u_vector_processing_unit/u_post_process/GEN_BIAS_REQUANT.u_bias_requantize/data_flatten_o[33]_i_1/O
                         net (fo=1, routed)           0.058    10.018    design_1_i/tpu_mnist_ip_0/inst/u_tpu_top/u_datapath/u_vector_processing_unit/u_post_process/GEN_BIAS_REQUANT.u_bias_requantize/data_flatten_o[33]_i_1_n_0
    SLICE_X56Y15         FDCE                                         r  design_1_i/tpu_mnist_ip_0/inst/u_tpu_top/u_datapath/u_vector_processing_unit/u_post_process/GEN_BIAS_REQUANT.u_bias_requantize/data_flatten_o_reg[33]/D
  -------------------------------------------------------------------    -------------------

                         (clock clk_pl_0 rise edge)
                                                     10.000    10.000 r  
    PS8_X0Y0             PS8                          0.000    10.000 r  design_1_i/zynq_ultra_ps_e_0/inst/PS8_i/PLCLK[0]
                         net (fo=1, routed)           0.143    10.143    design_1_i/zynq_ultra_ps_e_0/inst/pl_clk_unbuffered[0]
    BUFG_PS_X0Y80        BUFG_PS (Prop_BUFG_PS_I_O)
                                                      0.025    10.168 r  design_1_i/zynq_ultra_ps_e_0/inst/buffer_pl_clk_0.PL_CLK_0_BUFG/O
    X1Y2 (CLOCK_ROOT)    net (fo=5377, routed)        1.581    11.749    design_1_i/tpu_mnist_ip_0/inst/u_tpu_top/u_datapath/u_vector_processing_unit/u_post_process/GEN_BIAS_REQUANT.u_bias_requantize/s_axi_aclk
    SLICE_X56Y15         FDCE                                         r  design_1_i/tpu_mnist_ip_0/inst/u_tpu_top/u_datapath/u_vector_processing_unit/u_post_process/GEN_BIAS_REQUANT.u_bias_requantize/data_flatten_o_reg[33]/C
                         clock pessimism              0.169    11.917    
                         clock uncertainty           -0.130    11.787    
    SLICE_X56Y15         FDCE (Setup_HFF_SLICEM_C_D)
                                                      0.025    11.812    design_1_i/tpu_mnist_ip_0/inst/u_tpu_top/u_datapath/u_vector_processing_unit/u_post_process/GEN_BIAS_REQUANT.u_bias_requantize/data_flatten_o_reg[33]
  -------------------------------------------------------------------
                         required time                         11.812    
                         arrival time                         -10.018    
  -------------------------------------------------------------------
                         slack                                  1.794    

Slack (MET) :             1.821ns  (required time - arrival time)
  Source:                 design_1_i/tpu_mnist_ip_0/inst/u_tpu_top/u_datapath/u_accumulator_array/read_data_flatten_o_reg[18]/C
                            (rising edge-triggered cell FDCE clocked by clk_pl_0  {rise@0.000ns fall@5.000ns period=10.000ns})
  Destination:            design_1_i/tpu_mnist_ip_0/inst/u_tpu_top/u_datapath/u_vector_processing_unit/u_post_process/GEN_BIAS_REQUANT.u_bias_requantize/data_flatten_o_reg[4]/D
                            (rising edge-triggered cell FDCE clocked by clk_pl_0  {rise@0.000ns fall@5.000ns period=10.000ns})
  Path Group:             clk_pl_0
  Path Type:              Setup (Max at Slow Process Corner)
  Requirement:            10.000ns  (clk_pl_0 rise@10.000ns - clk_pl_0 rise@0.000ns)
  Data Path Delay:        7.934ns  (logic 4.282ns (53.971%)  route 3.652ns (46.029%))
  Logic Levels:           32  (CARRY8=17 DSP_A_B_DATA=1 DSP_ALU=2 DSP_M_DATA=1 DSP_MULTIPLIER=1 DSP_OUTPUT=2 DSP_PREADD_DATA=1 LUT2=4 LUT3=2 LUT6=1)
  Clock Path Skew:        -0.140ns (DCD - SCD + CPR)
    Destination Clock Delay (DCD):    1.742ns = ( 11.742 - 10.000 ) 
    Source Clock Delay      (SCD):    2.050ns
    Clock Pessimism Removal (CPR):    0.168ns
  Clock Uncertainty:      0.130ns  ((TSJ^2 + DJ^2)^1/2) / 2 + PE
    Total System Jitter     (TSJ):    0.071ns
    Discrete Jitter          (DJ):    0.250ns
    Phase Error              (PE):    0.000ns
  Clock Net Delay (Source):      1.842ns (routing 0.569ns, distribution 1.273ns)
  Clock Net Delay (Destination): 1.574ns (routing 0.512ns, distribution 1.062ns)

    Location             Delay type                Incr(ns)  Path(ns)    Netlist Resource(s)
  -------------------------------------------------------------------    -------------------
                         (clock clk_pl_0 rise edge)
                                                      0.000     0.000 r  
    PS8_X0Y0             PS8                          0.000     0.000 r  design_1_i/zynq_ultra_ps_e_0/inst/PS8_i/PLCLK[0]
                         net (fo=1, routed)           0.180     0.180    design_1_i/zynq_ultra_ps_e_0/inst/pl_clk_unbuffered[0]
    BUFG_PS_X0Y80        BUFG_PS (Prop_BUFG_PS_I_O)
                                                      0.028     0.208 r  design_1_i/zynq_ultra_ps_e_0/inst/buffer_pl_clk_0.PL_CLK_0_BUFG/O
    X1Y2 (CLOCK_ROOT)    net (fo=5377, routed)        1.842     2.050    design_1_i/tpu_mnist_ip_0/inst/u_tpu_top/u_datapath/u_accumulator_array/s_axi_aclk
    SLICE_X64Y8          FDCE                                         r  design_1_i/tpu_mnist_ip_0/inst/u_tpu_top/u_datapath/u_accumulator_array/read_data_flatten_o_reg[18]/C
  -------------------------------------------------------------------    -------------------
    SLICE_X64Y8          FDCE (Prop_DFF_SLICEM_C_Q)
                                                      0.078     2.128 r  design_1_i/tpu_mnist_ip_0/inst/u_tpu_top/u_datapath/u_accumulator_array/read_data_flatten_o_reg[18]/Q
                         net (fo=2, routed)           0.438     2.566    design_1_i/tpu_mnist_ip_0/inst/u_tpu_top/u_datapath/u_vector_processing_unit/u_post_process/GEN_BIAS_REQUANT.u_bias_requantize/(null)[0].shifted_value0__4_0[18]
    SLICE_X55Y7          LUT2 (Prop_C6LUT_SLICEL_I0_O)
                                                      0.050     2.616 r  design_1_i/tpu_mnist_ip_0/inst/u_tpu_top/u_datapath/u_vector_processing_unit/u_post_process/GEN_BIAS_REQUANT.u_bias_requantize/(null)[0].shifted_value0_i_18/O
                         net (fo=1, routed)           0.010     2.626    design_1_i/tpu_mnist_ip_0/inst/u_tpu_top/u_datapath/u_vector_processing_unit/u_post_process/GEN_BIAS_REQUANT.u_bias_requantize/(null)[0].shifted_value0_i_18_n_0
    SLICE_X55Y7          CARRY8 (Prop_CARRY8_SLICEL_S[2]_CO[7])
                                                      0.155     2.781 r  design_1_i/tpu_mnist_ip_0/inst/u_tpu_top/u_datapath/u_vector_processing_unit/u_post_process/GEN_BIAS_REQUANT.u_bias_requantize/(null)[0].shifted_value0_i_3/CO[7]
                         net (fo=1, routed)           0.026     2.807    design_1_i/tpu_mnist_ip_0/inst/u_tpu_top/u_datapath/u_vector_processing_unit/u_post_process/GEN_BIAS_REQUANT.u_bias_requantize/(null)[0].shifted_value0_i_3_n_0
    SLICE_X55Y8          CARRY8 (Prop_CARRY8_SLICEL_CI_O[5])
                                                      0.116     2.923 f  design_1_i/tpu_mnist_ip_0/inst/u_tpu_top/u_datapath/u_vector_processing_unit/u_post_process/GEN_BIAS_REQUANT.u_bias_requantize/(null)[0].shifted_value0_i_2/O[5]
                         net (fo=2, routed)           0.428     3.351    design_1_i/tpu_mnist_ip_0/inst/u_tpu_top/u_datapath/u_vector_processing_unit/u_post_process/GEN_BIAS_REQUANT.u_bias_requantize/(null)[0].shifted_value0/B[12]
    DSP48E2_X4Y4         DSP_A_B_DATA (Prop_DSP_A_B_DATA_DSP48E2_B[12]_B2_DATA[12])
                                                      0.151     3.502 r  design_1_i/tpu_mnist_ip_0/inst/u_tpu_top/u_datapath/u_vector_processing_unit/u_post_process/GEN_BIAS_REQUANT.u_bias_requantize/(null)[0].shifted_value0/DSP_A_B_DATA_INST/B2_DATA[12]
                         net (fo=1, routed)           0.000     3.502    design_1_i/tpu_mnist_ip_0/inst/u_tpu_top/u_datapath/u_vector_processing_unit/u_post_process/GEN_BIAS_REQUANT.u_bias_requantize/(null)[0].shifted_value0/DSP_A_B_DATA.B2_DATA<12>
    DSP48E2_X4Y4         DSP_PREADD_DATA (Prop_DSP_PREADD_DATA_DSP48E2_B2_DATA[12]_B2B1[12])
                                                      0.073     3.575 r  design_1_i/tpu_mnist_ip_0/inst/u_tpu_top/u_datapath/u_vector_processing_unit/u_post_process/GEN_BIAS_REQUANT.u_bias_requantize/(null)[0].shifted_value0/DSP_PREADD_DATA_INST/B2B1[12]
                         net (fo=1, routed)           0.000     3.575    design_1_i/tpu_mnist_ip_0/inst/u_tpu_top/u_datapath/u_vector_processing_unit/u_post_process/GEN_BIAS_REQUANT.u_bias_requantize/(null)[0].shifted_value0/DSP_PREADD_DATA.B2B1<12>
    DSP48E2_X4Y4         DSP_MULTIPLIER (Prop_DSP_MULTIPLIER_DSP48E2_B2B1[12]_V[40])
                                                      0.609     4.184 f  design_1_i/tpu_mnist_ip_0/inst/u_tpu_top/u_datapath/u_vector_processing_unit/u_post_process/GEN_BIAS_REQUANT.u_bias_requantize/(null)[0].shifted_value0/DSP_MULTIPLIER_INST/V[40]
                         net (fo=1, routed)           0.000     4.184    design_1_i/tpu_mnist_ip_0/inst/u_tpu_top/u_datapath/u_vector_processing_unit/u_post_process/GEN_BIAS_REQUANT.u_bias_requantize/(null)[0].shifted_value0/DSP_MULTIPLIER.V<40>
    DSP48E2_X4Y4         DSP_M_DATA (Prop_DSP_M_DATA_DSP48E2_V[40]_V_DATA[40])
                                                      0.046     4.230 r  design_1_i/tpu_mnist_ip_0/inst/u_tpu_top/u_datapath/u_vector_processing_unit/u_post_process/GEN_BIAS_REQUANT.u_bias_requantize/(null)[0].shifted_value0/DSP_M_DATA_INST/V_DATA[40]
                         net (fo=1, routed)           0.000     4.230    design_1_i/tpu_mnist_ip_0/inst/u_tpu_top/u_datapath/u_vector_processing_unit/u_post_process/GEN_BIAS_REQUANT.u_bias_requantize/(null)[0].shifted_value0/DSP_M_DATA.V_DATA<40>
    DSP48E2_X4Y4         DSP_ALU (Prop_DSP_ALU_DSP48E2_V_DATA[40]_ALU_OUT[47])
                                                      0.571     4.801 f  design_1_i/tpu_mnist_ip_0/inst/u_tpu_top/u_datapath/u_vector_processing_unit/u_post_process/GEN_BIAS_REQUANT.u_bias_requantize/(null)[0].shifted_value0/DSP_ALU_INST/ALU_OUT[47]
                         net (fo=1, routed)           0.000     4.801    design_1_i/tpu_mnist_ip_0/inst/u_tpu_top/u_datapath/u_vector_processing_unit/u_post_process/GEN_BIAS_REQUANT.u_bias_requantize/(null)[0].shifted_value0/DSP_ALU.ALU_OUT<47>
    DSP48E2_X4Y4         DSP_OUTPUT (Prop_DSP_OUTPUT_DSP48E2_ALU_OUT[47]_PCOUT[47])
                                                      0.122     4.923 r  design_1_i/tpu_mnist_ip_0/inst/u_tpu_top/u_datapath/u_vector_processing_unit/u_post_process/GEN_BIAS_REQUANT.u_bias_requantize/(null)[0].shifted_value0/DSP_OUTPUT_INST/PCOUT[47]
                         net (fo=1, routed)           0.014     4.937    design_1_i/tpu_mnist_ip_0/inst/u_tpu_top/u_datapath/u_vector_processing_unit/u_post_process/GEN_BIAS_REQUANT.u_bias_requantize/(null)[0].shifted_value0__0/PCIN[47]
    DSP48E2_X4Y5         DSP_ALU (Prop_DSP_ALU_DSP48E2_PCIN[47]_ALU_OUT[11])
                                                      0.546     5.483 f  design_1_i/tpu_mnist_ip_0/inst/u_tpu_top/u_datapath/u_vector_processing_unit/u_post_process/GEN_BIAS_REQUANT.u_bias_requantize/(null)[0].shifted_value0__0/DSP_ALU_INST/ALU_OUT[11]
                         net (fo=1, routed)           0.000     5.483    design_1_i/tpu_mnist_ip_0/inst/u_tpu_top/u_datapath/u_vector_processing_unit/u_post_process/GEN_BIAS_REQUANT.u_bias_requantize/(null)[0].shifted_value0__0/DSP_ALU.ALU_OUT<11>
    DSP48E2_X4Y5         DSP_OUTPUT (Prop_DSP_OUTPUT_DSP48E2_ALU_OUT[11]_P[11])
                                                      0.109     5.592 r  design_1_i/tpu_mnist_ip_0/inst/u_tpu_top/u_datapath/u_vector_processing_unit/u_post_process/GEN_BIAS_REQUANT.u_bias_requantize/(null)[0].shifted_value0__0/DSP_OUTPUT_INST/P[11]
                         net (fo=1, routed)           0.327     5.919    design_1_i/tpu_mnist_ip_0/inst/u_tpu_top/u_datapath/u_vector_processing_unit/u_post_process/GEN_BIAS_REQUANT.u_bias_requantize/(null)[0].shifted_value0__0_n_94
    SLICE_X53Y8          LUT2 (Prop_F6LUT_SLICEM_I1_O)
                                                      0.123     6.042 r  design_1_i/tpu_mnist_ip_0/inst/u_tpu_top/u_datapath/u_vector_processing_unit/u_post_process/GEN_BIAS_REQUANT.u_bias_requantize/data_flatten_o[18]_i_27/O
                         net (fo=1, routed)           0.022     6.064    design_1_i/tpu_mnist_ip_0/inst/u_tpu_top/u_datapath/u_vector_processing_unit/u_post_process/GEN_BIAS_REQUANT.u_bias_requantize/data_flatten_o[18]_i_27_n_0
    SLICE_X53Y8          CARRY8 (Prop_CARRY8_SLICEM_S[5]_CO[7])
                                                      0.159     6.223 r  design_1_i/tpu_mnist_ip_0/inst/u_tpu_top/u_datapath/u_vector_processing_unit/u_post_process/GEN_BIAS_REQUANT.u_bias_requantize/data_flatten_o_reg[18]_i_7/CO[7]
                         net (fo=1, routed)           0.026     6.249    design_1_i/tpu_mnist_ip_0/inst/u_tpu_top/u_datapath/u_vector_processing_unit/u_post_process/GEN_BIAS_REQUANT.u_bias_requantize/data_flatten_o_reg[18]_i_7_n_0
    SLICE_X53Y9          CARRY8 (Prop_CARRY8_SLICEM_CI_CO[7])
                                                      0.015     6.264 r  design_1_i/tpu_mnist_ip_0/inst/u_tpu_top/u_datapath/u_vector_processing_unit/u_post_process/GEN_BIAS_REQUANT.u_bias_requantize/data_flatten_o_reg[18]_i_33/CO[7]
                         net (fo=1, routed)           0.026     6.290    design_1_i/tpu_mnist_ip_0/inst/u_tpu_top/u_datapath/u_vector_processing_unit/u_post_process/GEN_BIAS_REQUANT.u_bias_requantize/data_flatten_o_reg[18]_i_33_n_0
    SLICE_X53Y10         CARRY8 (Prop_CARRY8_SLICEM_CI_CO[7])
                                                      0.015     6.305 r  design_1_i/tpu_mnist_ip_0/inst/u_tpu_top/u_datapath/u_vector_processing_unit/u_post_process/GEN_BIAS_REQUANT.u_bias_requantize/data_flatten_o_reg[31]_i_73/CO[7]
                         net (fo=1, routed)           0.026     6.331    design_1_i/tpu_mnist_ip_0/inst/u_tpu_top/u_datapath/u_vector_processing_unit/u_post_process/GEN_BIAS_REQUANT.u_bias_requantize/data_flatten_o_reg[31]_i_73_n_0
    SLICE_X53Y11         CARRY8 (Prop_CARRY8_SLICEM_CI_O[0])
                                                      0.056     6.387 r  design_1_i/tpu_mnist_ip_0/inst/u_tpu_top/u_datapath/u_vector_processing_unit/u_post_process/GEN_BIAS_REQUANT.u_bias_requantize/data_flatten_o_reg[18]_i_6/O[0]
                         net (fo=125, routed)         0.375     6.763    design_1_i/tpu_mnist_ip_0/inst/u_tpu_top/u_datapath/u_vector_processing_unit/u_post_process/GEN_BIAS_REQUANT.u_bias_requantize/data_flatten_o_reg[18]_i_6_n_15
    SLICE_X52Y5          LUT2 (Prop_A6LUT_SLICEL_I0_O)
                                                      0.124     6.887 r  design_1_i/tpu_mnist_ip_0/inst/u_tpu_top/u_datapath/u_vector_processing_unit/u_post_process/GEN_BIAS_REQUANT.u_bias_requantize/data_flatten_o[6]_i_28/O
                         net (fo=1, routed)           0.009     6.896    design_1_i/tpu_mnist_ip_0/inst/u_tpu_top/u_datapath/u_vector_processing_unit/u_post_process/GEN_BIAS_REQUANT.u_bias_requantize/data_flatten_o[6]_i_28_n_0
    SLICE_X52Y5          CARRY8 (Prop_CARRY8_SLICEL_S[0]_CO[7])
                                                      0.190     7.086 r  design_1_i/tpu_mnist_ip_0/inst/u_tpu_top/u_datapath/u_vector_processing_unit/u_post_process/GEN_BIAS_REQUANT.u_bias_requantize/data_flatten_o_reg[6]_i_12/CO[7]
                         net (fo=1, routed)           0.026     7.112    design_1_i/tpu_mnist_ip_0/inst/u_tpu_top/u_datapath/u_vector_processing_unit/u_post_process/GEN_BIAS_REQUANT.u_bias_requantize/data_flatten_o_reg[6]_i_12_n_0
    SLICE_X52Y6          CARRY8 (Prop_CARRY8_SLICEL_CI_CO[7])
                                                      0.015     7.127 r  design_1_i/tpu_mnist_ip_0/inst/u_tpu_top/u_datapath/u_vector_processing_unit/u_post_process/GEN_BIAS_REQUANT.u_bias_requantize/data_flatten_o_reg[6]_i_3/CO[7]
                         net (fo=1, routed)           0.026     7.153    design_1_i/tpu_mnist_ip_0/inst/u_tpu_top/u_datapath/u_vector_processing_unit/u_post_process/GEN_BIAS_REQUANT.u_bias_requantize/data_flatten_o_reg[6]_i_3_n_0
    SLICE_X52Y7          CARRY8 (Prop_CARRY8_SLICEL_CI_CO[7])
                                                      0.015     7.168 r  design_1_i/tpu_mnist_ip_0/inst/u_tpu_top/u_datapath/u_vector_processing_unit/u_post_process/GEN_BIAS_REQUANT.u_bias_requantize/data_flatten_o_reg[6]_i_2/CO[7]
                         net (fo=1, routed)           0.026     7.194    design_1_i/tpu_mnist_ip_0/inst/u_tpu_top/u_datapath/u_vector_processing_unit/u_post_process/GEN_BIAS_REQUANT.u_bias_requantize/data_flatten_o_reg[6]_i_2_n_0
    SLICE_X52Y8          CARRY8 (Prop_CARRY8_SLICEL_CI_CO[7])
                                                      0.015     7.209 r  design_1_i/tpu_mnist_ip_0/inst/u_tpu_top/u_datapath/u_vector_processing_unit/u_post_process/GEN_BIAS_REQUANT.u_bias_requantize/data_flatten_o_reg[14]_i_2/CO[7]
                         net (fo=1, routed)           0.026     7.235    design_1_i/tpu_mnist_ip_0/inst/u_tpu_top/u_datapath/u_vector_processing_unit/u_post_process/GEN_BIAS_REQUANT.u_bias_requantize/data_flatten_o_reg[14]_i_2_n_0
    SLICE_X52Y9          CARRY8 (Prop_CARRY8_SLICEL_CI_CO[7])
                                                      0.015     7.250 r  design_1_i/tpu_mnist_ip_0/inst/u_tpu_top/u_datapath/u_vector_processing_unit/u_post_process/GEN_BIAS_REQUANT.u_bias_requantize/data_flatten_o_reg[18]_i_4/CO[7]
                         net (fo=1, routed)           0.026     7.276    design_1_i/tpu_mnist_ip_0/inst/u_tpu_top/u_datapath/u_vector_processing_unit/u_post_process/GEN_BIAS_REQUANT.u_bias_requantize/data_flatten_o_reg[18]_i_4_n_0
    SLICE_X52Y10         CARRY8 (Prop_CARRY8_SLICEL_CI_CO[7])
                                                      0.015     7.291 r  design_1_i/tpu_mnist_ip_0/inst/u_tpu_top/u_datapath/u_vector_processing_unit/u_post_process/GEN_BIAS_REQUANT.u_bias_requantize/data_flatten_o_reg[30]_i_3/CO[7]
                         net (fo=1, routed)           0.026     7.317    design_1_i/tpu_mnist_ip_0/inst/u_tpu_top/u_datapath/u_vector_processing_unit/u_post_process/GEN_BIAS_REQUANT.u_bias_requantize/data_flatten_o_reg[30]_i_3_n_0
    SLICE_X52Y11         CARRY8 (Prop_CARRY8_SLICEL_CI_O[1])
                                                      0.076     7.393 f  design_1_i/tpu_mnist_ip_0/inst/u_tpu_top/u_datapath/u_vector_processing_unit/u_post_process/GEN_BIAS_REQUANT.u_bias_requantize/data_flatten_o_reg[31]_i_18/O[1]
                         net (fo=7, routed)           0.462     7.854    design_1_i/tpu_mnist_ip_0/inst/u_tpu_top/u_datapath/u_vector_processing_unit/u_post_process/GEN_BIAS_REQUANT.u_bias_requantize/data_flatten_o_reg[31]_i_18_n_14
    SLICE_X49Y6          LUT3 (Prop_E6LUT_SLICEM_I1_O)
                                                      0.037     7.891 r  design_1_i/tpu_mnist_ip_0/inst/u_tpu_top/u_datapath/u_vector_processing_unit/u_post_process/GEN_BIAS_REQUANT.u_bias_requantize/data_flatten_o[31]_i_244/O
                         net (fo=1, routed)           0.240     8.131    design_1_i/tpu_mnist_ip_0/inst/u_tpu_top/u_datapath/u_vector_processing_unit/u_post_process/GEN_BIAS_REQUANT.u_bias_requantize/data_flatten_o[31]_i_244_n_0
    SLICE_X51Y7          CARRY8 (Prop_CARRY8_SLICEL_CI_CO[7])
                                                      0.151     8.282 r  design_1_i/tpu_mnist_ip_0/inst/u_tpu_top/u_datapath/u_vector_processing_unit/u_post_process/GEN_BIAS_REQUANT.u_bias_requantize/data_flatten_o_reg[31]_i_162/CO[7]
                         net (fo=1, routed)           0.026     8.308    design_1_i/tpu_mnist_ip_0/inst/u_tpu_top/u_datapath/u_vector_processing_unit/u_post_process/GEN_BIAS_REQUANT.u_bias_requantize/data_flatten_o_reg[31]_i_162_n_0
    SLICE_X51Y8          CARRY8 (Prop_CARRY8_SLICEL_CI_O[7])
                                                      0.116     8.424 r  design_1_i/tpu_mnist_ip_0/inst/u_tpu_top/u_datapath/u_vector_processing_unit/u_post_process/GEN_BIAS_REQUANT.u_bias_requantize/data_flatten_o_reg[31]_i_161/O[7]
                         net (fo=4, routed)           0.288     8.712    design_1_i/tpu_mnist_ip_0/inst/u_tpu_top/u_datapath/u_vector_processing_unit/u_post_process/GEN_BIAS_REQUANT.u_bias_requantize/data_flatten_o_reg[31]_i_161_n_8
    SLICE_X49Y9          LUT2 (Prop_F6LUT_SLICEM_I1_O)
                                                      0.123     8.835 r  design_1_i/tpu_mnist_ip_0/inst/u_tpu_top/u_datapath/u_vector_processing_unit/u_post_process/GEN_BIAS_REQUANT.u_bias_requantize/data_flatten_o[31]_i_111/O
                         net (fo=1, routed)           0.022     8.857    design_1_i/tpu_mnist_ip_0/inst/u_tpu_top/u_datapath/u_vector_processing_unit/u_post_process/GEN_BIAS_REQUANT.u_bias_requantize/data_flatten_o[31]_i_111_n_0
    SLICE_X49Y9          CARRY8 (Prop_CARRY8_SLICEM_S[5]_CO[7])
                                                      0.159     9.016 f  design_1_i/tpu_mnist_ip_0/inst/u_tpu_top/u_datapath/u_vector_processing_unit/u_post_process/GEN_BIAS_REQUANT.u_bias_requantize/data_flatten_o_reg[31]_i_31/CO[7]
                         net (fo=1, routed)           0.026     9.042    design_1_i/tpu_mnist_ip_0/inst/u_tpu_top/u_datapath/u_vector_processing_unit/u_post_process/GEN_BIAS_REQUANT.u_bias_requantize/data_flatten_o_reg[31]_i_31_n_0
    SLICE_X49Y10         CARRY8 (Prop_CARRY8_SLICEM_CI_CO[5])
                                                      0.077     9.119 f  design_1_i/tpu_mnist_ip_0/inst/u_tpu_top/u_datapath/u_vector_processing_unit/u_post_process/GEN_BIAS_REQUANT.u_bias_requantize/data_flatten_o_reg[31]_i_5/CO[5]
                         net (fo=22, routed)          0.226     9.345    design_1_i/tpu_mnist_ip_0/inst/u_tpu_top/u_datapath/u_vector_processing_unit/u_post_process/GEN_BIAS_REQUANT.u_bias_requantize/data_flatten_o_reg[31]_i_5_n_2
    SLICE_X48Y10         LUT3 (Prop_D5LUT_SLICEL_I1_O)
                                                      0.110     9.455 f  design_1_i/tpu_mnist_ip_0/inst/u_tpu_top/u_datapath/u_vector_processing_unit/u_post_process/GEN_BIAS_REQUANT.u_bias_requantize/data_flatten_o[18]_i_2/O
                         net (fo=18, routed)          0.431     9.886    design_1_i/tpu_mnist_ip_0/inst/u_tpu_top/u_datapath/u_vector_processing_unit/u_post_process/GEN_BIAS_REQUANT.u_bias_requantize/data_flatten_o[18]_i_2_n_0
    SLICE_X52Y4          LUT6 (Prop_G6LUT_SLICEL_I5_O)
                                                      0.050     9.936 r  design_1_i/tpu_mnist_ip_0/inst/u_tpu_top/u_datapath/u_vector_processing_unit/u_post_process/GEN_BIAS_REQUANT.u_bias_requantize/data_flatten_o[4]_i_1/O
                         net (fo=1, routed)           0.048     9.984    design_1_i/tpu_mnist_ip_0/inst/u_tpu_top/u_datapath/u_vector_processing_unit/u_post_process/GEN_BIAS_REQUANT.u_bias_requantize/data_flatten_o[4]_i_1_n_0
    SLICE_X52Y4          FDCE                                         r  design_1_i/tpu_mnist_ip_0/inst/u_tpu_top/u_datapath/u_vector_processing_unit/u_post_process/GEN_BIAS_REQUANT.u_bias_requantize/data_flatten_o_reg[4]/D
  -------------------------------------------------------------------    -------------------

                         (clock clk_pl_0 rise edge)
                                                     10.000    10.000 r  
    PS8_X0Y0             PS8                          0.000    10.000 r  design_1_i/zynq_ultra_ps_e_0/inst/PS8_i/PLCLK[0]
                         net (fo=1, routed)           0.143    10.143    design_1_i/zynq_ultra_ps_e_0/inst/pl_clk_unbuffered[0]
    BUFG_PS_X0Y80        BUFG_PS (Prop_BUFG_PS_I_O)
                                                      0.025    10.168 r  design_1_i/zynq_ultra_ps_e_0/inst/buffer_pl_clk_0.PL_CLK_0_BUFG/O
    X1Y2 (CLOCK_ROOT)    net (fo=5377, routed)        1.574    11.742    design_1_i/tpu_mnist_ip_0/inst/u_tpu_top/u_datapath/u_vector_processing_unit/u_post_process/GEN_BIAS_REQUANT.u_bias_requantize/s_axi_aclk
    SLICE_X52Y4          FDCE                                         r  design_1_i/tpu_mnist_ip_0/inst/u_tpu_top/u_datapath/u_vector_processing_unit/u_post_process/GEN_BIAS_REQUANT.u_bias_requantize/data_flatten_o_reg[4]/C
                         clock pessimism              0.168    11.910    
                         clock uncertainty           -0.130    11.780    
    SLICE_X52Y4          FDCE (Setup_GFF_SLICEL_C_D)
                                                      0.025    11.805    design_1_i/tpu_mnist_ip_0/inst/u_tpu_top/u_datapath/u_vector_processing_unit/u_post_process/GEN_BIAS_REQUANT.u_bias_requantize/data_flatten_o_reg[4]
  -------------------------------------------------------------------
                         required time                         11.805    
                         arrival time                          -9.984    
  -------------------------------------------------------------------
                         slack                                  1.821    

Slack (MET) :             1.835ns  (required time - arrival time)
  Source:                 design_1_i/tpu_mnist_ip_0/inst/u_tpu_top/u_datapath/u_accumulator_array/read_data_flatten_o_reg[18]/C
                            (rising edge-triggered cell FDCE clocked by clk_pl_0  {rise@0.000ns fall@5.000ns period=10.000ns})
  Destination:            design_1_i/tpu_mnist_ip_0/inst/u_tpu_top/u_datapath/u_vector_processing_unit/u_post_process/GEN_BIAS_REQUANT.u_bias_requantize/data_flatten_o_reg[5]/D
                            (rising edge-triggered cell FDCE clocked by clk_pl_0  {rise@0.000ns fall@5.000ns period=10.000ns})
  Path Group:             clk_pl_0
  Path Type:              Setup (Max at Slow Process Corner)
  Requirement:            10.000ns  (clk_pl_0 rise@10.000ns - clk_pl_0 rise@0.000ns)
  Data Path Delay:        7.918ns  (logic 4.320ns (54.556%)  route 3.598ns (45.444%))
  Logic Levels:           32  (CARRY8=17 DSP_A_B_DATA=1 DSP_ALU=2 DSP_M_DATA=1 DSP_MULTIPLIER=1 DSP_OUTPUT=2 DSP_PREADD_DATA=1 LUT2=4 LUT3=2 LUT6=1)
  Clock Path Skew:        -0.142ns (DCD - SCD + CPR)
    Destination Clock Delay (DCD):    1.740ns = ( 11.740 - 10.000 ) 
    Source Clock Delay      (SCD):    2.050ns
    Clock Pessimism Removal (CPR):    0.168ns
  Clock Uncertainty:      0.130ns  ((TSJ^2 + DJ^2)^1/2) / 2 + PE
    Total System Jitter     (TSJ):    0.071ns
    Discrete Jitter          (DJ):    0.250ns
    Phase Error              (PE):    0.000ns
  Clock Net Delay (Source):      1.842ns (routing 0.569ns, distribution 1.273ns)
  Clock Net Delay (Destination): 1.572ns (routing 0.512ns, distribution 1.060ns)

    Location             Delay type                Incr(ns)  Path(ns)    Netlist Resource(s)
  -------------------------------------------------------------------    -------------------
                         (clock clk_pl_0 rise edge)
                                                      0.000     0.000 r  
    PS8_X0Y0             PS8                          0.000     0.000 r  design_1_i/zynq_ultra_ps_e_0/inst/PS8_i/PLCLK[0]
                         net (fo=1, routed)           0.180     0.180    design_1_i/zynq_ultra_ps_e_0/inst/pl_clk_unbuffered[0]
    BUFG_PS_X0Y80        BUFG_PS (Prop_BUFG_PS_I_O)
                                                      0.028     0.208 r  design_1_i/zynq_ultra_ps_e_0/inst/buffer_pl_clk_0.PL_CLK_0_BUFG/O
    X1Y2 (CLOCK_ROOT)    net (fo=5377, routed)        1.842     2.050    design_1_i/tpu_mnist_ip_0/inst/u_tpu_top/u_datapath/u_accumulator_array/s_axi_aclk
    SLICE_X64Y8          FDCE                                         r  design_1_i/tpu_mnist_ip_0/inst/u_tpu_top/u_datapath/u_accumulator_array/read_data_flatten_o_reg[18]/C
  -------------------------------------------------------------------    -------------------
    SLICE_X64Y8          FDCE (Prop_DFF_SLICEM_C_Q)
                                                      0.078     2.128 r  design_1_i/tpu_mnist_ip_0/inst/u_tpu_top/u_datapath/u_accumulator_array/read_data_flatten_o_reg[18]/Q
                         net (fo=2, routed)           0.438     2.566    design_1_i/tpu_mnist_ip_0/inst/u_tpu_top/u_datapath/u_vector_processing_unit/u_post_process/GEN_BIAS_REQUANT.u_bias_requantize/(null)[0].shifted_value0__4_0[18]
    SLICE_X55Y7          LUT2 (Prop_C6LUT_SLICEL_I0_O)
                                                      0.050     2.616 r  design_1_i/tpu_mnist_ip_0/inst/u_tpu_top/u_datapath/u_vector_processing_unit/u_post_process/GEN_BIAS_REQUANT.u_bias_requantize/(null)[0].shifted_value0_i_18/O
                         net (fo=1, routed)           0.010     2.626    design_1_i/tpu_mnist_ip_0/inst/u_tpu_top/u_datapath/u_vector_processing_unit/u_post_process/GEN_BIAS_REQUANT.u_bias_requantize/(null)[0].shifted_value0_i_18_n_0
    SLICE_X55Y7          CARRY8 (Prop_CARRY8_SLICEL_S[2]_CO[7])
                                                      0.155     2.781 r  design_1_i/tpu_mnist_ip_0/inst/u_tpu_top/u_datapath/u_vector_processing_unit/u_post_process/GEN_BIAS_REQUANT.u_bias_requantize/(null)[0].shifted_value0_i_3/CO[7]
                         net (fo=1, routed)           0.026     2.807    design_1_i/tpu_mnist_ip_0/inst/u_tpu_top/u_datapath/u_vector_processing_unit/u_post_process/GEN_BIAS_REQUANT.u_bias_requantize/(null)[0].shifted_value0_i_3_n_0
    SLICE_X55Y8          CARRY8 (Prop_CARRY8_SLICEL_CI_O[5])
                                                      0.116     2.923 f  design_1_i/tpu_mnist_ip_0/inst/u_tpu_top/u_datapath/u_vector_processing_unit/u_post_process/GEN_BIAS_REQUANT.u_bias_requantize/(null)[0].shifted_value0_i_2/O[5]
                         net (fo=2, routed)           0.428     3.351    design_1_i/tpu_mnist_ip_0/inst/u_tpu_top/u_datapath/u_vector_processing_unit/u_post_process/GEN_BIAS_REQUANT.u_bias_requantize/(null)[0].shifted_value0/B[12]
    DSP48E2_X4Y4         DSP_A_B_DATA (Prop_DSP_A_B_DATA_DSP48E2_B[12]_B2_DATA[12])
                                                      0.151     3.502 r  design_1_i/tpu_mnist_ip_0/inst/u_tpu_top/u_datapath/u_vector_processing_unit/u_post_process/GEN_BIAS_REQUANT.u_bias_requantize/(null)[0].shifted_value0/DSP_A_B_DATA_INST/B2_DATA[12]
                         net (fo=1, routed)           0.000     3.502    design_1_i/tpu_mnist_ip_0/inst/u_tpu_top/u_datapath/u_vector_processing_unit/u_post_process/GEN_BIAS_REQUANT.u_bias_requantize/(null)[0].shifted_value0/DSP_A_B_DATA.B2_DATA<12>
    DSP48E2_X4Y4         DSP_PREADD_DATA (Prop_DSP_PREADD_DATA_DSP48E2_B2_DATA[12]_B2B1[12])
                                                      0.073     3.575 r  design_1_i/tpu_mnist_ip_0/inst/u_tpu_top/u_datapath/u_vector_processing_unit/u_post_process/GEN_BIAS_REQUANT.u_bias_requantize/(null)[0].shifted_value0/DSP_PREADD_DATA_INST/B2B1[12]
                         net (fo=1, routed)           0.000     3.575    design_1_i/tpu_mnist_ip_0/inst/u_tpu_top/u_datapath/u_vector_processing_unit/u_post_process/GEN_BIAS_REQUANT.u_bias_requantize/(null)[0].shifted_value0/DSP_PREADD_DATA.B2B1<12>
    DSP48E2_X4Y4         DSP_MULTIPLIER (Prop_DSP_MULTIPLIER_DSP48E2_B2B1[12]_V[40])
                                                      0.609     4.184 f  design_1_i/tpu_mnist_ip_0/inst/u_tpu_top/u_datapath/u_vector_processing_unit/u_post_process/GEN_BIAS_REQUANT.u_bias_requantize/(null)[0].shifted_value0/DSP_MULTIPLIER_INST/V[40]
                         net (fo=1, routed)           0.000     4.184    design_1_i/tpu_mnist_ip_0/inst/u_tpu_top/u_datapath/u_vector_processing_unit/u_post_process/GEN_BIAS_REQUANT.u_bias_requantize/(null)[0].shifted_value0/DSP_MULTIPLIER.V<40>
    DSP48E2_X4Y4         DSP_M_DATA (Prop_DSP_M_DATA_DSP48E2_V[40]_V_DATA[40])
                                                      0.046     4.230 r  design_1_i/tpu_mnist_ip_0/inst/u_tpu_top/u_datapath/u_vector_processing_unit/u_post_process/GEN_BIAS_REQUANT.u_bias_requantize/(null)[0].shifted_value0/DSP_M_DATA_INST/V_DATA[40]
                         net (fo=1, routed)           0.000     4.230    design_1_i/tpu_mnist_ip_0/inst/u_tpu_top/u_datapath/u_vector_processing_unit/u_post_process/GEN_BIAS_REQUANT.u_bias_requantize/(null)[0].shifted_value0/DSP_M_DATA.V_DATA<40>
    DSP48E2_X4Y4         DSP_ALU (Prop_DSP_ALU_DSP48E2_V_DATA[40]_ALU_OUT[47])
                                                      0.571     4.801 f  design_1_i/tpu_mnist_ip_0/inst/u_tpu_top/u_datapath/u_vector_processing_unit/u_post_process/GEN_BIAS_REQUANT.u_bias_requantize/(null)[0].shifted_value0/DSP_ALU_INST/ALU_OUT[47]
                         net (fo=1, routed)           0.000     4.801    design_1_i/tpu_mnist_ip_0/inst/u_tpu_top/u_datapath/u_vector_processing_unit/u_post_process/GEN_BIAS_REQUANT.u_bias_requantize/(null)[0].shifted_value0/DSP_ALU.ALU_OUT<47>
    DSP48E2_X4Y4         DSP_OUTPUT (Prop_DSP_OUTPUT_DSP48E2_ALU_OUT[47]_PCOUT[47])
                                                      0.122     4.923 r  design_1_i/tpu_mnist_ip_0/inst/u_tpu_top/u_datapath/u_vector_processing_unit/u_post_process/GEN_BIAS_REQUANT.u_bias_requantize/(null)[0].shifted_value0/DSP_OUTPUT_INST/PCOUT[47]
                         net (fo=1, routed)           0.014     4.937    design_1_i/tpu_mnist_ip_0/inst/u_tpu_top/u_datapath/u_vector_processing_unit/u_post_process/GEN_BIAS_REQUANT.u_bias_requantize/(null)[0].shifted_value0__0/PCIN[47]
    DSP48E2_X4Y5         DSP_ALU (Prop_DSP_ALU_DSP48E2_PCIN[47]_ALU_OUT[11])
                                                      0.546     5.483 f  design_1_i/tpu_mnist_ip_0/inst/u_tpu_top/u_datapath/u_vector_processing_unit/u_post_process/GEN_BIAS_REQUANT.u_bias_requantize/(null)[0].shifted_value0__0/DSP_ALU_INST/ALU_OUT[11]
                         net (fo=1, routed)           0.000     5.483    design_1_i/tpu_mnist_ip_0/inst/u_tpu_top/u_datapath/u_vector_processing_unit/u_post_process/GEN_BIAS_REQUANT.u_bias_requantize/(null)[0].shifted_value0__0/DSP_ALU.ALU_OUT<11>
    DSP48E2_X4Y5         DSP_OUTPUT (Prop_DSP_OUTPUT_DSP48E2_ALU_OUT[11]_P[11])
                                                      0.109     5.592 r  design_1_i/tpu_mnist_ip_0/inst/u_tpu_top/u_datapath/u_vector_processing_unit/u_post_process/GEN_BIAS_REQUANT.u_bias_requantize/(null)[0].shifted_value0__0/DSP_OUTPUT_INST/P[11]
                         net (fo=1, routed)           0.327     5.919    design_1_i/tpu_mnist_ip_0/inst/u_tpu_top/u_datapath/u_vector_processing_unit/u_post_process/GEN_BIAS_REQUANT.u_bias_requantize/(null)[0].shifted_value0__0_n_94
    SLICE_X53Y8          LUT2 (Prop_F6LUT_SLICEM_I1_O)
                                                      0.123     6.042 r  design_1_i/tpu_mnist_ip_0/inst/u_tpu_top/u_datapath/u_vector_processing_unit/u_post_process/GEN_BIAS_REQUANT.u_bias_requantize/data_flatten_o[18]_i_27/O
                         net (fo=1, routed)           0.022     6.064    design_1_i/tpu_mnist_ip_0/inst/u_tpu_top/u_datapath/u_vector_processing_unit/u_post_process/GEN_BIAS_REQUANT.u_bias_requantize/data_flatten_o[18]_i_27_n_0
    SLICE_X53Y8          CARRY8 (Prop_CARRY8_SLICEM_S[5]_CO[7])
                                                      0.159     6.223 r  design_1_i/tpu_mnist_ip_0/inst/u_tpu_top/u_datapath/u_vector_processing_unit/u_post_process/GEN_BIAS_REQUANT.u_bias_requantize/data_flatten_o_reg[18]_i_7/CO[7]
                         net (fo=1, routed)           0.026     6.249    design_1_i/tpu_mnist_ip_0/inst/u_tpu_top/u_datapath/u_vector_processing_unit/u_post_process/GEN_BIAS_REQUANT.u_bias_requantize/data_flatten_o_reg[18]_i_7_n_0
    SLICE_X53Y9          CARRY8 (Prop_CARRY8_SLICEM_CI_CO[7])
                                                      0.015     6.264 r  design_1_i/tpu_mnist_ip_0/inst/u_tpu_top/u_datapath/u_vector_processing_unit/u_post_process/GEN_BIAS_REQUANT.u_bias_requantize/data_flatten_o_reg[18]_i_33/CO[7]
                         net (fo=1, routed)           0.026     6.290    design_1_i/tpu_mnist_ip_0/inst/u_tpu_top/u_datapath/u_vector_processing_unit/u_post_process/GEN_BIAS_REQUANT.u_bias_requantize/data_flatten_o_reg[18]_i_33_n_0
    SLICE_X53Y10         CARRY8 (Prop_CARRY8_SLICEM_CI_CO[7])
                                                      0.015     6.305 r  design_1_i/tpu_mnist_ip_0/inst/u_tpu_top/u_datapath/u_vector_processing_unit/u_post_process/GEN_BIAS_REQUANT.u_bias_requantize/data_flatten_o_reg[31]_i_73/CO[7]
                         net (fo=1, routed)           0.026     6.331    design_1_i/tpu_mnist_ip_0/inst/u_tpu_top/u_datapath/u_vector_processing_unit/u_post_process/GEN_BIAS_REQUANT.u_bias_requantize/data_flatten_o_reg[31]_i_73_n_0
    SLICE_X53Y11         CARRY8 (Prop_CARRY8_SLICEM_CI_O[0])
                                                      0.056     6.387 r  design_1_i/tpu_mnist_ip_0/inst/u_tpu_top/u_datapath/u_vector_processing_unit/u_post_process/GEN_BIAS_REQUANT.u_bias_requantize/data_flatten_o_reg[18]_i_6/O[0]
                         net (fo=125, routed)         0.375     6.763    design_1_i/tpu_mnist_ip_0/inst/u_tpu_top/u_datapath/u_vector_processing_unit/u_post_process/GEN_BIAS_REQUANT.u_bias_requantize/data_flatten_o_reg[18]_i_6_n_15
    SLICE_X52Y5          LUT2 (Prop_A6LUT_SLICEL_I0_O)
                                                      0.124     6.887 r  design_1_i/tpu_mnist_ip_0/inst/u_tpu_top/u_datapath/u_vector_processing_unit/u_post_process/GEN_BIAS_REQUANT.u_bias_requantize/data_flatten_o[6]_i_28/O
                         net (fo=1, routed)           0.009     6.896    design_1_i/tpu_mnist_ip_0/inst/u_tpu_top/u_datapath/u_vector_processing_unit/u_post_process/GEN_BIAS_REQUANT.u_bias_requantize/data_flatten_o[6]_i_28_n_0
    SLICE_X52Y5          CARRY8 (Prop_CARRY8_SLICEL_S[0]_CO[7])
                                                      0.190     7.086 r  design_1_i/tpu_mnist_ip_0/inst/u_tpu_top/u_datapath/u_vector_processing_unit/u_post_process/GEN_BIAS_REQUANT.u_bias_requantize/data_flatten_o_reg[6]_i_12/CO[7]
                         net (fo=1, routed)           0.026     7.112    design_1_i/tpu_mnist_ip_0/inst/u_tpu_top/u_datapath/u_vector_processing_unit/u_post_process/GEN_BIAS_REQUANT.u_bias_requantize/data_flatten_o_reg[6]_i_12_n_0
    SLICE_X52Y6          CARRY8 (Prop_CARRY8_SLICEL_CI_CO[7])
                                                      0.015     7.127 r  design_1_i/tpu_mnist_ip_0/inst/u_tpu_top/u_datapath/u_vector_processing_unit/u_post_process/GEN_BIAS_REQUANT.u_bias_requantize/data_flatten_o_reg[6]_i_3/CO[7]
                         net (fo=1, routed)           0.026     7.153    design_1_i/tpu_mnist_ip_0/inst/u_tpu_top/u_datapath/u_vector_processing_unit/u_post_process/GEN_BIAS_REQUANT.u_bias_requantize/data_flatten_o_reg[6]_i_3_n_0
    SLICE_X52Y7          CARRY8 (Prop_CARRY8_SLICEL_CI_CO[7])
                                                      0.015     7.168 r  design_1_i/tpu_mnist_ip_0/inst/u_tpu_top/u_datapath/u_vector_processing_unit/u_post_process/GEN_BIAS_REQUANT.u_bias_requantize/data_flatten_o_reg[6]_i_2/CO[7]
                         net (fo=1, routed)           0.026     7.194    design_1_i/tpu_mnist_ip_0/inst/u_tpu_top/u_datapath/u_vector_processing_unit/u_post_process/GEN_BIAS_REQUANT.u_bias_requantize/data_flatten_o_reg[6]_i_2_n_0
    SLICE_X52Y8          CARRY8 (Prop_CARRY8_SLICEL_CI_CO[7])
                                                      0.015     7.209 r  design_1_i/tpu_mnist_ip_0/inst/u_tpu_top/u_datapath/u_vector_processing_unit/u_post_process/GEN_BIAS_REQUANT.u_bias_requantize/data_flatten_o_reg[14]_i_2/CO[7]
                         net (fo=1, routed)           0.026     7.235    design_1_i/tpu_mnist_ip_0/inst/u_tpu_top/u_datapath/u_vector_processing_unit/u_post_process/GEN_BIAS_REQUANT.u_bias_requantize/data_flatten_o_reg[14]_i_2_n_0
    SLICE_X52Y9          CARRY8 (Prop_CARRY8_SLICEL_CI_CO[7])
                                                      0.015     7.250 r  design_1_i/tpu_mnist_ip_0/inst/u_tpu_top/u_datapath/u_vector_processing_unit/u_post_process/GEN_BIAS_REQUANT.u_bias_requantize/data_flatten_o_reg[18]_i_4/CO[7]
                         net (fo=1, routed)           0.026     7.276    design_1_i/tpu_mnist_ip_0/inst/u_tpu_top/u_datapath/u_vector_processing_unit/u_post_process/GEN_BIAS_REQUANT.u_bias_requantize/data_flatten_o_reg[18]_i_4_n_0
    SLICE_X52Y10         CARRY8 (Prop_CARRY8_SLICEL_CI_CO[7])
                                                      0.015     7.291 r  design_1_i/tpu_mnist_ip_0/inst/u_tpu_top/u_datapath/u_vector_processing_unit/u_post_process/GEN_BIAS_REQUANT.u_bias_requantize/data_flatten_o_reg[30]_i_3/CO[7]
                         net (fo=1, routed)           0.026     7.317    design_1_i/tpu_mnist_ip_0/inst/u_tpu_top/u_datapath/u_vector_processing_unit/u_post_process/GEN_BIAS_REQUANT.u_bias_requantize/data_flatten_o_reg[30]_i_3_n_0
    SLICE_X52Y11         CARRY8 (Prop_CARRY8_SLICEL_CI_O[1])
                                                      0.076     7.393 f  design_1_i/tpu_mnist_ip_0/inst/u_tpu_top/u_datapath/u_vector_processing_unit/u_post_process/GEN_BIAS_REQUANT.u_bias_requantize/data_flatten_o_reg[31]_i_18/O[1]
                         net (fo=7, routed)           0.462     7.854    design_1_i/tpu_mnist_ip_0/inst/u_tpu_top/u_datapath/u_vector_processing_unit/u_post_process/GEN_BIAS_REQUANT.u_bias_requantize/data_flatten_o_reg[31]_i_18_n_14
    SLICE_X49Y6          LUT3 (Prop_E6LUT_SLICEM_I1_O)
                                                      0.037     7.891 r  design_1_i/tpu_mnist_ip_0/inst/u_tpu_top/u_datapath/u_vector_processing_unit/u_post_process/GEN_BIAS_REQUANT.u_bias_requantize/data_flatten_o[31]_i_244/O
                         net (fo=1, routed)           0.240     8.131    design_1_i/tpu_mnist_ip_0/inst/u_tpu_top/u_datapath/u_vector_processing_unit/u_post_process/GEN_BIAS_REQUANT.u_bias_requantize/data_flatten_o[31]_i_244_n_0
    SLICE_X51Y7          CARRY8 (Prop_CARRY8_SLICEL_CI_CO[7])
                                                      0.151     8.282 r  design_1_i/tpu_mnist_ip_0/inst/u_tpu_top/u_datapath/u_vector_processing_unit/u_post_process/GEN_BIAS_REQUANT.u_bias_requantize/data_flatten_o_reg[31]_i_162/CO[7]
                         net (fo=1, routed)           0.026     8.308    design_1_i/tpu_mnist_ip_0/inst/u_tpu_top/u_datapath/u_vector_processing_unit/u_post_process/GEN_BIAS_REQUANT.u_bias_requantize/data_flatten_o_reg[31]_i_162_n_0
    SLICE_X51Y8          CARRY8 (Prop_CARRY8_SLICEL_CI_O[7])
                                                      0.116     8.424 r  design_1_i/tpu_mnist_ip_0/inst/u_tpu_top/u_datapath/u_vector_processing_unit/u_post_process/GEN_BIAS_REQUANT.u_bias_requantize/data_flatten_o_reg[31]_i_161/O[7]
                         net (fo=4, routed)           0.288     8.712    design_1_i/tpu_mnist_ip_0/inst/u_tpu_top/u_datapath/u_vector_processing_unit/u_post_process/GEN_BIAS_REQUANT.u_bias_requantize/data_flatten_o_reg[31]_i_161_n_8
    SLICE_X49Y9          LUT2 (Prop_F6LUT_SLICEM_I1_O)
                                                      0.123     8.835 r  design_1_i/tpu_mnist_ip_0/inst/u_tpu_top/u_datapath/u_vector_processing_unit/u_post_process/GEN_BIAS_REQUANT.u_bias_requantize/data_flatten_o[31]_i_111/O
                         net (fo=1, routed)           0.022     8.857    design_1_i/tpu_mnist_ip_0/inst/u_tpu_top/u_datapath/u_vector_processing_unit/u_post_process/GEN_BIAS_REQUANT.u_bias_requantize/data_flatten_o[31]_i_111_n_0
    SLICE_X49Y9          CARRY8 (Prop_CARRY8_SLICEM_S[5]_CO[7])
                                                      0.159     9.016 f  design_1_i/tpu_mnist_ip_0/inst/u_tpu_top/u_datapath/u_vector_processing_unit/u_post_process/GEN_BIAS_REQUANT.u_bias_requantize/data_flatten_o_reg[31]_i_31/CO[7]
                         net (fo=1, routed)           0.026     9.042    design_1_i/tpu_mnist_ip_0/inst/u_tpu_top/u_datapath/u_vector_processing_unit/u_post_process/GEN_BIAS_REQUANT.u_bias_requantize/data_flatten_o_reg[31]_i_31_n_0
    SLICE_X49Y10         CARRY8 (Prop_CARRY8_SLICEM_CI_CO[5])
                                                      0.077     9.119 f  design_1_i/tpu_mnist_ip_0/inst/u_tpu_top/u_datapath/u_vector_processing_unit/u_post_process/GEN_BIAS_REQUANT.u_bias_requantize/data_flatten_o_reg[31]_i_5/CO[5]
                         net (fo=22, routed)          0.226     9.345    design_1_i/tpu_mnist_ip_0/inst/u_tpu_top/u_datapath/u_vector_processing_unit/u_post_process/GEN_BIAS_REQUANT.u_bias_requantize/data_flatten_o_reg[31]_i_5_n_2
    SLICE_X48Y10         LUT3 (Prop_D5LUT_SLICEL_I1_O)
                                                      0.110     9.455 f  design_1_i/tpu_mnist_ip_0/inst/u_tpu_top/u_datapath/u_vector_processing_unit/u_post_process/GEN_BIAS_REQUANT.u_bias_requantize/data_flatten_o[18]_i_2/O
                         net (fo=18, routed)          0.376     9.830    design_1_i/tpu_mnist_ip_0/inst/u_tpu_top/u_datapath/u_vector_processing_unit/u_post_process/GEN_BIAS_REQUANT.u_bias_requantize/data_flatten_o[18]_i_2_n_0
    SLICE_X52Y4          LUT6 (Prop_C6LUT_SLICEL_I5_O)
                                                      0.088     9.918 r  design_1_i/tpu_mnist_ip_0/inst/u_tpu_top/u_datapath/u_vector_processing_unit/u_post_process/GEN_BIAS_REQUANT.u_bias_requantize/data_flatten_o[5]_i_1/O
                         net (fo=1, routed)           0.050     9.968    design_1_i/tpu_mnist_ip_0/inst/u_tpu_top/u_datapath/u_vector_processing_unit/u_post_process/GEN_BIAS_REQUANT.u_bias_requantize/data_flatten_o[5]_i_1_n_0
    SLICE_X52Y4          FDCE                                         r  design_1_i/tpu_mnist_ip_0/inst/u_tpu_top/u_datapath/u_vector_processing_unit/u_post_process/GEN_BIAS_REQUANT.u_bias_requantize/data_flatten_o_reg[5]/D
  -------------------------------------------------------------------    -------------------

                         (clock clk_pl_0 rise edge)
                                                     10.000    10.000 r  
    PS8_X0Y0             PS8                          0.000    10.000 r  design_1_i/zynq_ultra_ps_e_0/inst/PS8_i/PLCLK[0]
                         net (fo=1, routed)           0.143    10.143    design_1_i/zynq_ultra_ps_e_0/inst/pl_clk_unbuffered[0]
    BUFG_PS_X0Y80        BUFG_PS (Prop_BUFG_PS_I_O)
                                                      0.025    10.168 r  design_1_i/zynq_ultra_ps_e_0/inst/buffer_pl_clk_0.PL_CLK_0_BUFG/O
    X1Y2 (CLOCK_ROOT)    net (fo=5377, routed)        1.572    11.740    design_1_i/tpu_mnist_ip_0/inst/u_tpu_top/u_datapath/u_vector_processing_unit/u_post_process/GEN_BIAS_REQUANT.u_bias_requantize/s_axi_aclk
    SLICE_X52Y4          FDCE                                         r  design_1_i/tpu_mnist_ip_0/inst/u_tpu_top/u_datapath/u_vector_processing_unit/u_post_process/GEN_BIAS_REQUANT.u_bias_requantize/data_flatten_o_reg[5]/C
                         clock pessimism              0.168    11.908    
                         clock uncertainty           -0.130    11.778    
    SLICE_X52Y4          FDCE (Setup_CFF_SLICEL_C_D)
                                                      0.025    11.803    design_1_i/tpu_mnist_ip_0/inst/u_tpu_top/u_datapath/u_vector_processing_unit/u_post_process/GEN_BIAS_REQUANT.u_bias_requantize/data_flatten_o_reg[5]
  -------------------------------------------------------------------
                         required time                         11.803    
                         arrival time                          -9.968    
  -------------------------------------------------------------------
                         slack                                  1.835    

Slack (MET) :             1.838ns  (required time - arrival time)
  Source:                 design_1_i/tpu_mnist_ip_0/inst/u_tpu_top/u_layer_controller/u_tile_controller/vpu_bias_flatten_o_reg[32]/C
                            (rising edge-triggered cell FDCE clocked by clk_pl_0  {rise@0.000ns fall@5.000ns period=10.000ns})
  Destination:            design_1_i/tpu_mnist_ip_0/inst/u_tpu_top/u_datapath/u_vector_processing_unit/u_post_process/GEN_BIAS_REQUANT.u_bias_requantize/data_flatten_o_reg[37]/D
                            (rising edge-triggered cell FDCE clocked by clk_pl_0  {rise@0.000ns fall@5.000ns period=10.000ns})
  Path Group:             clk_pl_0
  Path Type:              Setup (Max at Slow Process Corner)
  Requirement:            10.000ns  (clk_pl_0 rise@10.000ns - clk_pl_0 rise@0.000ns)
  Data Path Delay:        7.989ns  (logic 4.360ns (54.572%)  route 3.629ns (45.428%))
  Logic Levels:           34  (CARRY8=19 DSP_A_B_DATA=1 DSP_ALU=2 DSP_M_DATA=1 DSP_MULTIPLIER=1 DSP_OUTPUT=2 DSP_PREADD_DATA=1 LUT2=4 LUT3=2 LUT6=1)
  Clock Path Skew:        -0.068ns (DCD - SCD + CPR)
    Destination Clock Delay (DCD):    1.750ns = ( 11.750 - 10.000 ) 
    Source Clock Delay      (SCD):    1.986ns
    Clock Pessimism Removal (CPR):    0.169ns
  Clock Uncertainty:      0.130ns  ((TSJ^2 + DJ^2)^1/2) / 2 + PE
    Total System Jitter     (TSJ):    0.071ns
    Discrete Jitter          (DJ):    0.250ns
    Phase Error              (PE):    0.000ns
  Clock Net Delay (Source):      1.778ns (routing 0.569ns, distribution 1.209ns)
  Clock Net Delay (Destination): 1.582ns (routing 0.512ns, distribution 1.070ns)

    Location             Delay type                Incr(ns)  Path(ns)    Netlist Resource(s)
  -------------------------------------------------------------------    -------------------
                         (clock clk_pl_0 rise edge)
                                                      0.000     0.000 r  
    PS8_X0Y0             PS8                          0.000     0.000 r  design_1_i/zynq_ultra_ps_e_0/inst/PS8_i/PLCLK[0]
                         net (fo=1, routed)           0.180     0.180    design_1_i/zynq_ultra_ps_e_0/inst/pl_clk_unbuffered[0]
    BUFG_PS_X0Y80        BUFG_PS (Prop_BUFG_PS_I_O)
                                                      0.028     0.208 r  design_1_i/zynq_ultra_ps_e_0/inst/buffer_pl_clk_0.PL_CLK_0_BUFG/O
    X1Y2 (CLOCK_ROOT)    net (fo=5377, routed)        1.778     1.986    design_1_i/tpu_mnist_ip_0/inst/u_tpu_top/u_layer_controller/u_tile_controller/s_axi_aclk
    SLICE_X49Y20         FDCE                                         r  design_1_i/tpu_mnist_ip_0/inst/u_tpu_top/u_layer_controller/u_tile_controller/vpu_bias_flatten_o_reg[32]/C
  -------------------------------------------------------------------    -------------------
    SLICE_X49Y20         FDCE (Prop_DFF2_SLICEM_C_Q)
                                                      0.080     2.066 r  design_1_i/tpu_mnist_ip_0/inst/u_tpu_top/u_layer_controller/u_tile_controller/vpu_bias_flatten_o_reg[32]/Q
                         net (fo=1, routed)           0.259     2.325    design_1_i/tpu_mnist_ip_0/inst/u_tpu_top/u_datapath/u_vector_processing_unit/u_post_process/GEN_BIAS_REQUANT.u_bias_requantize/(null)[0].shifted_value0__4_1[13]
    SLICE_X53Y20         LUT2 (Prop_A6LUT_SLICEM_I1_O)
                                                      0.150     2.475 r  design_1_i/tpu_mnist_ip_0/inst/u_tpu_top/u_datapath/u_vector_processing_unit/u_post_process/GEN_BIAS_REQUANT.u_bias_requantize/(null)[0].shifted_value0__5_i_18/O
                         net (fo=1, routed)           0.013     2.488    design_1_i/tpu_mnist_ip_0/inst/u_tpu_top/u_datapath/u_vector_processing_unit/u_post_process/GEN_BIAS_REQUANT.u_bias_requantize/(null)[0].shifted_value0__5_i_18_n_0
    SLICE_X53Y20         CARRY8 (Prop_CARRY8_SLICEM_S[0]_CO[7])
                                                      0.192     2.680 r  design_1_i/tpu_mnist_ip_0/inst/u_tpu_top/u_datapath/u_vector_processing_unit/u_post_process/GEN_BIAS_REQUANT.u_bias_requantize/(null)[0].shifted_value0__5_i_2/CO[7]
                         net (fo=1, routed)           0.026     2.706    design_1_i/tpu_mnist_ip_0/inst/u_tpu_top/u_datapath/u_vector_processing_unit/u_post_process/GEN_BIAS_REQUANT.u_bias_requantize/(null)[0].shifted_value0__5_i_2_n_0
    SLICE_X53Y21         CARRY8 (Prop_CARRY8_SLICEM_CI_CO[7])
                                                      0.015     2.721 r  design_1_i/tpu_mnist_ip_0/inst/u_tpu_top/u_datapath/u_vector_processing_unit/u_post_process/GEN_BIAS_REQUANT.u_bias_requantize/(null)[0].shifted_value0__5_i_1/CO[7]
                         net (fo=1, routed)           0.026     2.747    design_1_i/tpu_mnist_ip_0/inst/u_tpu_top/u_datapath/u_vector_processing_unit/u_post_process/GEN_BIAS_REQUANT.u_bias_requantize/(null)[0].shifted_value0__5_i_1_n_0
    SLICE_X53Y22         CARRY8 (Prop_CARRY8_SLICEM_CI_O[5])
                                                      0.116     2.863 f  design_1_i/tpu_mnist_ip_0/inst/u_tpu_top/u_datapath/u_vector_processing_unit/u_post_process/GEN_BIAS_REQUANT.u_bias_requantize/(null)[0].shifted_value0__3_i_3/O[5]
                         net (fo=2, routed)           0.420     3.283    design_1_i/tpu_mnist_ip_0/inst/u_tpu_top/u_datapath/u_vector_processing_unit/u_post_process/GEN_BIAS_REQUANT.u_bias_requantize/(null)[0].shifted_value0__3/B[4]
    DSP48E2_X4Y6         DSP_A_B_DATA (Prop_DSP_A_B_DATA_DSP48E2_B[4]_B2_DATA[4])
                                                      0.151     3.434 r  design_1_i/tpu_mnist_ip_0/inst/u_tpu_top/u_datapath/u_vector_processing_unit/u_post_process/GEN_BIAS_REQUANT.u_bias_requantize/(null)[0].shifted_value0__3/DSP_A_B_DATA_INST/B2_DATA[4]
                         net (fo=1, routed)           0.000     3.434    design_1_i/tpu_mnist_ip_0/inst/u_tpu_top/u_datapath/u_vector_processing_unit/u_post_process/GEN_BIAS_REQUANT.u_bias_requantize/(null)[0].shifted_value0__3/DSP_A_B_DATA.B2_DATA<4>
    DSP48E2_X4Y6         DSP_PREADD_DATA (Prop_DSP_PREADD_DATA_DSP48E2_B2_DATA[4]_B2B1[4])
                                                      0.073     3.507 r  design_1_i/tpu_mnist_ip_0/inst/u_tpu_top/u_datapath/u_vector_processing_unit/u_post_process/GEN_BIAS_REQUANT.u_bias_requantize/(null)[0].shifted_value0__3/DSP_PREADD_DATA_INST/B2B1[4]
                         net (fo=1, routed)           0.000     3.507    design_1_i/tpu_mnist_ip_0/inst/u_tpu_top/u_datapath/u_vector_processing_unit/u_post_process/GEN_BIAS_REQUANT.u_bias_requantize/(null)[0].shifted_value0__3/DSP_PREADD_DATA.B2B1<4>
    DSP48E2_X4Y6         DSP_MULTIPLIER (Prop_DSP_MULTIPLIER_DSP48E2_B2B1[4]_V[34])
                                                      0.609     4.116 f  design_1_i/tpu_mnist_ip_0/inst/u_tpu_top/u_datapath/u_vector_processing_unit/u_post_process/GEN_BIAS_REQUANT.u_bias_requantize/(null)[0].shifted_value0__3/DSP_MULTIPLIER_INST/V[34]
                         net (fo=1, routed)           0.000     4.116    design_1_i/tpu_mnist_ip_0/inst/u_tpu_top/u_datapath/u_vector_processing_unit/u_post_process/GEN_BIAS_REQUANT.u_bias_requantize/(null)[0].shifted_value0__3/DSP_MULTIPLIER.V<34>
    DSP48E2_X4Y6         DSP_M_DATA (Prop_DSP_M_DATA_DSP48E2_V[34]_V_DATA[34])
                                                      0.046     4.162 r  design_1_i/tpu_mnist_ip_0/inst/u_tpu_top/u_datapath/u_vector_processing_unit/u_post_process/GEN_BIAS_REQUANT.u_bias_requantize/(null)[0].shifted_value0__3/DSP_M_DATA_INST/V_DATA[34]
                         net (fo=1, routed)           0.000     4.162    design_1_i/tpu_mnist_ip_0/inst/u_tpu_top/u_datapath/u_vector_processing_unit/u_post_process/GEN_BIAS_REQUANT.u_bias_requantize/(null)[0].shifted_value0__3/DSP_M_DATA.V_DATA<34>
    DSP48E2_X4Y6         DSP_ALU (Prop_DSP_ALU_DSP48E2_V_DATA[34]_ALU_OUT[47])
                                                      0.571     4.733 f  design_1_i/tpu_mnist_ip_0/inst/u_tpu_top/u_datapath/u_vector_processing_unit/u_post_process/GEN_BIAS_REQUANT.u_bias_requantize/(null)[0].shifted_value0__3/DSP_ALU_INST/ALU_OUT[47]
                         net (fo=1, routed)           0.000     4.733    design_1_i/tpu_mnist_ip_0/inst/u_tpu_top/u_datapath/u_vector_processing_unit/u_post_process/GEN_BIAS_REQUANT.u_bias_requantize/(null)[0].shifted_value0__3/DSP_ALU.ALU_OUT<47>
    DSP48E2_X4Y6         DSP_OUTPUT (Prop_DSP_OUTPUT_DSP48E2_ALU_OUT[47]_PCOUT[47])
                                                      0.122     4.855 r  design_1_i/tpu_mnist_ip_0/inst/u_tpu_top/u_datapath/u_vector_processing_unit/u_post_process/GEN_BIAS_REQUANT.u_bias_requantize/(null)[0].shifted_value0__3/DSP_OUTPUT_INST/PCOUT[47]
                         net (fo=1, routed)           0.014     4.869    design_1_i/tpu_mnist_ip_0/inst/u_tpu_top/u_datapath/u_vector_processing_unit/u_post_process/GEN_BIAS_REQUANT.u_bias_requantize/(null)[0].shifted_value0__4/PCIN[47]
    DSP48E2_X4Y7         DSP_ALU (Prop_DSP_ALU_DSP48E2_PCIN[47]_ALU_OUT[3])
                                                      0.546     5.415 f  design_1_i/tpu_mnist_ip_0/inst/u_tpu_top/u_datapath/u_vector_processing_unit/u_post_process/GEN_BIAS_REQUANT.u_bias_requantize/(null)[0].shifted_value0__4/DSP_ALU_INST/ALU_OUT[3]
                         net (fo=1, routed)           0.000     5.415    design_1_i/tpu_mnist_ip_0/inst/u_tpu_top/u_datapath/u_vector_processing_unit/u_post_process/GEN_BIAS_REQUANT.u_bias_requantize/(null)[0].shifted_value0__4/DSP_ALU.ALU_OUT<3>
    DSP48E2_X4Y7         DSP_OUTPUT (Prop_DSP_OUTPUT_DSP48E2_ALU_OUT[3]_P[3])
                                                      0.109     5.524 r  design_1_i/tpu_mnist_ip_0/inst/u_tpu_top/u_datapath/u_vector_processing_unit/u_post_process/GEN_BIAS_REQUANT.u_bias_requantize/(null)[0].shifted_value0__4/DSP_OUTPUT_INST/P[3]
                         net (fo=1, routed)           0.246     5.770    design_1_i/tpu_mnist_ip_0/inst/u_tpu_top/u_datapath/u_vector_processing_unit/u_post_process/GEN_BIAS_REQUANT.u_bias_requantize/p_0_in[37]
    SLICE_X55Y15         LUT2 (Prop_F6LUT_SLICEL_I1_O)
                                                      0.049     5.819 r  design_1_i/tpu_mnist_ip_0/inst/u_tpu_top/u_datapath/u_vector_processing_unit/u_post_process/GEN_BIAS_REQUANT.u_bias_requantize/data_flatten_o[50]_i_36/O
                         net (fo=1, routed)           0.011     5.830    design_1_i/tpu_mnist_ip_0/inst/u_tpu_top/u_datapath/u_vector_processing_unit/u_post_process/GEN_BIAS_REQUANT.u_bias_requantize/data_flatten_o[50]_i_36_n_0
    SLICE_X55Y15         CARRY8 (Prop_CARRY8_SLICEL_S[5]_CO[7])
                                                      0.155     5.985 r  design_1_i/tpu_mnist_ip_0/inst/u_tpu_top/u_datapath/u_vector_processing_unit/u_post_process/GEN_BIAS_REQUANT.u_bias_requantize/data_flatten_o_reg[50]_i_24/CO[7]
                         net (fo=1, routed)           0.026     6.011    design_1_i/tpu_mnist_ip_0/inst/u_tpu_top/u_datapath/u_vector_processing_unit/u_post_process/GEN_BIAS_REQUANT.u_bias_requantize/data_flatten_o_reg[50]_i_24_n_0
    SLICE_X55Y16         CARRY8 (Prop_CARRY8_SLICEL_CI_CO[7])
                                                      0.015     6.026 r  design_1_i/tpu_mnist_ip_0/inst/u_tpu_top/u_datapath/u_vector_processing_unit/u_post_process/GEN_BIAS_REQUANT.u_bias_requantize/data_flatten_o_reg[50]_i_7/CO[7]
                         net (fo=1, routed)           0.026     6.052    design_1_i/tpu_mnist_ip_0/inst/u_tpu_top/u_datapath/u_vector_processing_unit/u_post_process/GEN_BIAS_REQUANT.u_bias_requantize/data_flatten_o_reg[50]_i_7_n_0
    SLICE_X55Y17         CARRY8 (Prop_CARRY8_SLICEL_CI_CO[7])
                                                      0.015     6.067 r  design_1_i/tpu_mnist_ip_0/inst/u_tpu_top/u_datapath/u_vector_processing_unit/u_post_process/GEN_BIAS_REQUANT.u_bias_requantize/data_flatten_o_reg[50]_i_33/CO[7]
                         net (fo=1, routed)           0.026     6.093    design_1_i/tpu_mnist_ip_0/inst/u_tpu_top/u_datapath/u_vector_processing_unit/u_post_process/GEN_BIAS_REQUANT.u_bias_requantize/data_flatten_o_reg[50]_i_33_n_0
    SLICE_X55Y18         CARRY8 (Prop_CARRY8_SLICEL_CI_CO[7])
                                                      0.015     6.108 r  design_1_i/tpu_mnist_ip_0/inst/u_tpu_top/u_datapath/u_vector_processing_unit/u_post_process/GEN_BIAS_REQUANT.u_bias_requantize/data_flatten_o_reg[63]_i_73/CO[7]
                         net (fo=1, routed)           0.026     6.134    design_1_i/tpu_mnist_ip_0/inst/u_tpu_top/u_datapath/u_vector_processing_unit/u_post_process/GEN_BIAS_REQUANT.u_bias_requantize/data_flatten_o_reg[63]_i_73_n_0
    SLICE_X55Y19         CARRY8 (Prop_CARRY8_SLICEL_CI_O[0])
                                                      0.056     6.190 r  design_1_i/tpu_mnist_ip_0/inst/u_tpu_top/u_datapath/u_vector_processing_unit/u_post_process/GEN_BIAS_REQUANT.u_bias_requantize/data_flatten_o_reg[50]_i_6/O[0]
                         net (fo=125, routed)         0.311     6.501    design_1_i/tpu_mnist_ip_0/inst/u_tpu_top/u_datapath/u_vector_processing_unit/u_post_process/GEN_BIAS_REQUANT.u_bias_requantize/data_flatten_o_reg[50]_i_6_n_15
    SLICE_X54Y13         LUT2 (Prop_B6LUT_SLICEM_I0_O)
                                                      0.125     6.626 r  design_1_i/tpu_mnist_ip_0/inst/u_tpu_top/u_datapath/u_vector_processing_unit/u_post_process/GEN_BIAS_REQUANT.u_bias_requantize/data_flatten_o[38]_i_27/O
                         net (fo=1, routed)           0.016     6.642    design_1_i/tpu_mnist_ip_0/inst/u_tpu_top/u_datapath/u_vector_processing_unit/u_post_process/GEN_BIAS_REQUANT.u_bias_requantize/data_flatten_o[38]_i_27_n_0
    SLICE_X54Y13         CARRY8 (Prop_CARRY8_SLICEM_S[1]_CO[7])
                                                      0.190     6.832 r  design_1_i/tpu_mnist_ip_0/inst/u_tpu_top/u_datapath/u_vector_processing_unit/u_post_process/GEN_BIAS_REQUANT.u_bias_requantize/data_flatten_o_reg[38]_i_12/CO[7]
                         net (fo=1, routed)           0.026     6.858    design_1_i/tpu_mnist_ip_0/inst/u_tpu_top/u_datapath/u_vector_processing_unit/u_post_process/GEN_BIAS_REQUANT.u_bias_requantize/data_flatten_o_reg[38]_i_12_n_0
    SLICE_X54Y14         CARRY8 (Prop_CARRY8_SLICEM_CI_CO[7])
                                                      0.015     6.873 r  design_1_i/tpu_mnist_ip_0/inst/u_tpu_top/u_datapath/u_vector_processing_unit/u_post_process/GEN_BIAS_REQUANT.u_bias_requantize/data_flatten_o_reg[38]_i_3/CO[7]
                         net (fo=1, routed)           0.026     6.899    design_1_i/tpu_mnist_ip_0/inst/u_tpu_top/u_datapath/u_vector_processing_unit/u_post_process/GEN_BIAS_REQUANT.u_bias_requantize/data_flatten_o_reg[38]_i_3_n_0
    SLICE_X54Y15         CARRY8 (Prop_CARRY8_SLICEM_CI_CO[7])
                                                      0.015     6.914 r  design_1_i/tpu_mnist_ip_0/inst/u_tpu_top/u_datapath/u_vector_processing_unit/u_post_process/GEN_BIAS_REQUANT.u_bias_requantize/data_flatten_o_reg[38]_i_2/CO[7]
                         net (fo=1, routed)           0.026     6.940    design_1_i/tpu_mnist_ip_0/inst/u_tpu_top/u_datapath/u_vector_processing_unit/u_post_process/GEN_BIAS_REQUANT.u_bias_requantize/data_flatten_o_reg[38]_i_2_n_0
    SLICE_X54Y16         CARRY8 (Prop_CARRY8_SLICEM_CI_CO[7])
                                                      0.015     6.955 r  design_1_i/tpu_mnist_ip_0/inst/u_tpu_top/u_datapath/u_vector_processing_unit/u_post_process/GEN_BIAS_REQUANT.u_bias_requantize/data_flatten_o_reg[46]_i_2/CO[7]
                         net (fo=1, routed)           0.026     6.981    design_1_i/tpu_mnist_ip_0/inst/u_tpu_top/u_datapath/u_vector_processing_unit/u_post_process/GEN_BIAS_REQUANT.u_bias_requantize/data_flatten_o_reg[46]_i_2_n_0
    SLICE_X54Y17         CARRY8 (Prop_CARRY8_SLICEM_CI_CO[7])
                                                      0.015     6.996 r  design_1_i/tpu_mnist_ip_0/inst/u_tpu_top/u_datapath/u_vector_processing_unit/u_post_process/GEN_BIAS_REQUANT.u_bias_requantize/data_flatten_o_reg[50]_i_4/CO[7]
                         net (fo=1, routed)           0.026     7.022    design_1_i/tpu_mnist_ip_0/inst/u_tpu_top/u_datapath/u_vector_processing_unit/u_post_process/GEN_BIAS_REQUANT.u_bias_requantize/data_flatten_o_reg[50]_i_4_n_0
    SLICE_X54Y18         CARRY8 (Prop_CARRY8_SLICEM_CI_CO[7])
                                                      0.015     7.037 r  design_1_i/tpu_mnist_ip_0/inst/u_tpu_top/u_datapath/u_vector_processing_unit/u_post_process/GEN_BIAS_REQUANT.u_bias_requantize/data_flatten_o_reg[62]_i_3/CO[7]
                         net (fo=1, routed)           0.026     7.063    design_1_i/tpu_mnist_ip_0/inst/u_tpu_top/u_datapath/u_vector_processing_unit/u_post_process/GEN_BIAS_REQUANT.u_bias_requantize/data_flatten_o_reg[62]_i_3_n_0
    SLICE_X54Y19         CARRY8 (Prop_CARRY8_SLICEM_CI_O[1])
                                                      0.076     7.139 f  design_1_i/tpu_mnist_ip_0/inst/u_tpu_top/u_datapath/u_vector_processing_unit/u_post_process/GEN_BIAS_REQUANT.u_bias_requantize/data_flatten_o_reg[63]_i_18/O[1]
                         net (fo=7, routed)           0.509     7.648    design_1_i/tpu_mnist_ip_0/inst/u_tpu_top/u_datapath/u_vector_processing_unit/u_post_process/GEN_BIAS_REQUANT.u_bias_requantize/(null)[0].rounded_product[63]
    SLICE_X51Y16         LUT3 (Prop_G6LUT_SLICEL_I1_O)
                                                      0.050     7.698 r  design_1_i/tpu_mnist_ip_0/inst/u_tpu_top/u_datapath/u_vector_processing_unit/u_post_process/GEN_BIAS_REQUANT.u_bias_requantize/data_flatten_o[63]_i_244/O
                         net (fo=1, routed)           0.325     8.023    design_1_i/tpu_mnist_ip_0/inst/u_tpu_top/u_datapath/u_vector_processing_unit/u_post_process/GEN_BIAS_REQUANT.u_bias_requantize/data_flatten_o[63]_i_244_n_0
    SLICE_X53Y16         CARRY8 (Prop_CARRY8_SLICEM_CI_CO[7])
                                                      0.153     8.176 r  design_1_i/tpu_mnist_ip_0/inst/u_tpu_top/u_datapath/u_vector_processing_unit/u_post_process/GEN_BIAS_REQUANT.u_bias_requantize/data_flatten_o_reg[63]_i_162/CO[7]
                         net (fo=1, routed)           0.026     8.202    design_1_i/tpu_mnist_ip_0/inst/u_tpu_top/u_datapath/u_vector_processing_unit/u_post_process/GEN_BIAS_REQUANT.u_bias_requantize/data_flatten_o_reg[63]_i_162_n_0
    SLICE_X53Y17         CARRY8 (Prop_CARRY8_SLICEM_CI_O[6])
                                                      0.103     8.305 r  design_1_i/tpu_mnist_ip_0/inst/u_tpu_top/u_datapath/u_vector_processing_unit/u_post_process/GEN_BIAS_REQUANT.u_bias_requantize/data_flatten_o_reg[63]_i_161/O[6]
                         net (fo=4, routed)           0.234     8.539    design_1_i/tpu_mnist_ip_0/inst/u_tpu_top/u_datapath/u_vector_processing_unit/u_post_process/GEN_BIAS_REQUANT.u_bias_requantize/data_flatten_o_reg[63]_i_161_n_9
    SLICE_X52Y18         LUT2 (Prop_E6LUT_SLICEL_I0_O)
                                                      0.123     8.662 r  design_1_i/tpu_mnist_ip_0/inst/u_tpu_top/u_datapath/u_vector_processing_unit/u_post_process/GEN_BIAS_REQUANT.u_bias_requantize/data_flatten_o[63]_i_112/O
                         net (fo=1, routed)           0.007     8.669    design_1_i/tpu_mnist_ip_0/inst/u_tpu_top/u_datapath/u_vector_processing_unit/u_post_process/GEN_BIAS_REQUANT.u_bias_requantize/data_flatten_o[63]_i_112_n_0
    SLICE_X52Y18         CARRY8 (Prop_CARRY8_SLICEL_S[4]_CO[7])
                                                      0.153     8.822 f  design_1_i/tpu_mnist_ip_0/inst/u_tpu_top/u_datapath/u_vector_processing_unit/u_post_process/GEN_BIAS_REQUANT.u_bias_requantize/data_flatten_o_reg[63]_i_31/CO[7]
                         net (fo=1, routed)           0.026     8.848    design_1_i/tpu_mnist_ip_0/inst/u_tpu_top/u_datapath/u_vector_processing_unit/u_post_process/GEN_BIAS_REQUANT.u_bias_requantize/data_flatten_o_reg[63]_i_31_n_0
    SLICE_X52Y19         CARRY8 (Prop_CARRY8_SLICEL_CI_CO[5])
                                                      0.077     8.925 f  design_1_i/tpu_mnist_ip_0/inst/u_tpu_top/u_datapath/u_vector_processing_unit/u_post_process/GEN_BIAS_REQUANT.u_bias_requantize/data_flatten_o_reg[63]_i_5/CO[5]
                         net (fo=22, routed)          0.425     9.351    design_1_i/tpu_mnist_ip_0/inst/u_tpu_top/u_datapath/u_vector_processing_unit/u_post_process/GEN_BIAS_REQUANT.u_bias_requantize/data_flatten_o_reg[63]_i_5_n_2
    SLICE_X50Y14         LUT3 (Prop_D5LUT_SLICEM_I1_O)
                                                      0.097     9.448 f  design_1_i/tpu_mnist_ip_0/inst/u_tpu_top/u_datapath/u_vector_processing_unit/u_post_process/GEN_BIAS_REQUANT.u_bias_requantize/data_flatten_o[50]_i_2/O
                         net (fo=18, routed)          0.422     9.869    design_1_i/tpu_mnist_ip_0/inst/u_tpu_top/u_datapath/u_vector_processing_unit/u_post_process/GEN_BIAS_REQUANT.u_bias_requantize/data_flatten_o[50]_i_2_n_0
    SLICE_X56Y15         LUT6 (Prop_A6LUT_SLICEM_I5_O)
                                                      0.053     9.922 r  design_1_i/tpu_mnist_ip_0/inst/u_tpu_top/u_datapath/u_vector_processing_unit/u_post_process/GEN_BIAS_REQUANT.u_bias_requantize/data_flatten_o[37]_i_1/O
                         net (fo=1, routed)           0.053     9.975    design_1_i/tpu_mnist_ip_0/inst/u_tpu_top/u_datapath/u_vector_processing_unit/u_post_process/GEN_BIAS_REQUANT.u_bias_requantize/data_flatten_o[37]_i_1_n_0
    SLICE_X56Y15         FDCE                                         r  design_1_i/tpu_mnist_ip_0/inst/u_tpu_top/u_datapath/u_vector_processing_unit/u_post_process/GEN_BIAS_REQUANT.u_bias_requantize/data_flatten_o_reg[37]/D
  -------------------------------------------------------------------    -------------------

                         (clock clk_pl_0 rise edge)
                                                     10.000    10.000 r  
    PS8_X0Y0             PS8                          0.000    10.000 r  design_1_i/zynq_ultra_ps_e_0/inst/PS8_i/PLCLK[0]
                         net (fo=1, routed)           0.143    10.143    design_1_i/zynq_ultra_ps_e_0/inst/pl_clk_unbuffered[0]
    BUFG_PS_X0Y80        BUFG_PS (Prop_BUFG_PS_I_O)
                                                      0.025    10.168 r  design_1_i/zynq_ultra_ps_e_0/inst/buffer_pl_clk_0.PL_CLK_0_BUFG/O
    X1Y2 (CLOCK_ROOT)    net (fo=5377, routed)        1.582    11.750    design_1_i/tpu_mnist_ip_0/inst/u_tpu_top/u_datapath/u_vector_processing_unit/u_post_process/GEN_BIAS_REQUANT.u_bias_requantize/s_axi_aclk
    SLICE_X56Y15         FDCE                                         r  design_1_i/tpu_mnist_ip_0/inst/u_tpu_top/u_datapath/u_vector_processing_unit/u_post_process/GEN_BIAS_REQUANT.u_bias_requantize/data_flatten_o_reg[37]/C
                         clock pessimism              0.169    11.918    
                         clock uncertainty           -0.130    11.788    
    SLICE_X56Y15         FDCE (Setup_AFF_SLICEM_C_D)
                                                      0.025    11.813    design_1_i/tpu_mnist_ip_0/inst/u_tpu_top/u_datapath/u_vector_processing_unit/u_post_process/GEN_BIAS_REQUANT.u_bias_requantize/data_flatten_o_reg[37]
  -------------------------------------------------------------------
                         required time                         11.813    
                         arrival time                          -9.975    
  -------------------------------------------------------------------
                         slack                                  1.838    

Slack (MET) :             1.872ns  (required time - arrival time)
  Source:                 design_1_i/tpu_mnist_ip_0/inst/u_tpu_top/u_datapath/u_accumulator_array/read_data_flatten_o_reg[18]/C
                            (rising edge-triggered cell FDCE clocked by clk_pl_0  {rise@0.000ns fall@5.000ns period=10.000ns})
  Destination:            design_1_i/tpu_mnist_ip_0/inst/u_tpu_top/u_datapath/u_vector_processing_unit/u_post_process/GEN_BIAS_REQUANT.u_bias_requantize/data_flatten_o_reg[1]/D
                            (rising edge-triggered cell FDCE clocked by clk_pl_0  {rise@0.000ns fall@5.000ns period=10.000ns})
  Path Group:             clk_pl_0
  Path Type:              Setup (Max at Slow Process Corner)
  Requirement:            10.000ns  (clk_pl_0 rise@10.000ns - clk_pl_0 rise@0.000ns)
  Data Path Delay:        7.881ns  (logic 4.283ns (54.343%)  route 3.598ns (45.657%))
  Logic Levels:           32  (CARRY8=17 DSP_A_B_DATA=1 DSP_ALU=2 DSP_M_DATA=1 DSP_MULTIPLIER=1 DSP_OUTPUT=2 DSP_PREADD_DATA=1 LUT2=4 LUT3=2 LUT6=1)
  Clock Path Skew:        -0.142ns (DCD - SCD + CPR)
    Destination Clock Delay (DCD):    1.740ns = ( 11.740 - 10.000 ) 
    Source Clock Delay      (SCD):    2.050ns
    Clock Pessimism Removal (CPR):    0.168ns
  Clock Uncertainty:      0.130ns  ((TSJ^2 + DJ^2)^1/2) / 2 + PE
    Total System Jitter     (TSJ):    0.071ns
    Discrete Jitter          (DJ):    0.250ns
    Phase Error              (PE):    0.000ns
  Clock Net Delay (Source):      1.842ns (routing 0.569ns, distribution 1.273ns)
  Clock Net Delay (Destination): 1.572ns (routing 0.512ns, distribution 1.060ns)

    Location             Delay type                Incr(ns)  Path(ns)    Netlist Resource(s)
  -------------------------------------------------------------------    -------------------
                         (clock clk_pl_0 rise edge)
                                                      0.000     0.000 r  
    PS8_X0Y0             PS8                          0.000     0.000 r  design_1_i/zynq_ultra_ps_e_0/inst/PS8_i/PLCLK[0]
                         net (fo=1, routed)           0.180     0.180    design_1_i/zynq_ultra_ps_e_0/inst/pl_clk_unbuffered[0]
    BUFG_PS_X0Y80        BUFG_PS (Prop_BUFG_PS_I_O)
                                                      0.028     0.208 r  design_1_i/zynq_ultra_ps_e_0/inst/buffer_pl_clk_0.PL_CLK_0_BUFG/O
    X1Y2 (CLOCK_ROOT)    net (fo=5377, routed)        1.842     2.050    design_1_i/tpu_mnist_ip_0/inst/u_tpu_top/u_datapath/u_accumulator_array/s_axi_aclk
    SLICE_X64Y8          FDCE                                         r  design_1_i/tpu_mnist_ip_0/inst/u_tpu_top/u_datapath/u_accumulator_array/read_data_flatten_o_reg[18]/C
  -------------------------------------------------------------------    -------------------
    SLICE_X64Y8          FDCE (Prop_DFF_SLICEM_C_Q)
                                                      0.078     2.128 r  design_1_i/tpu_mnist_ip_0/inst/u_tpu_top/u_datapath/u_accumulator_array/read_data_flatten_o_reg[18]/Q
                         net (fo=2, routed)           0.438     2.566    design_1_i/tpu_mnist_ip_0/inst/u_tpu_top/u_datapath/u_vector_processing_unit/u_post_process/GEN_BIAS_REQUANT.u_bias_requantize/(null)[0].shifted_value0__4_0[18]
    SLICE_X55Y7          LUT2 (Prop_C6LUT_SLICEL_I0_O)
                                                      0.050     2.616 r  design_1_i/tpu_mnist_ip_0/inst/u_tpu_top/u_datapath/u_vector_processing_unit/u_post_process/GEN_BIAS_REQUANT.u_bias_requantize/(null)[0].shifted_value0_i_18/O
                         net (fo=1, routed)           0.010     2.626    design_1_i/tpu_mnist_ip_0/inst/u_tpu_top/u_datapath/u_vector_processing_unit/u_post_process/GEN_BIAS_REQUANT.u_bias_requantize/(null)[0].shifted_value0_i_18_n_0
    SLICE_X55Y7          CARRY8 (Prop_CARRY8_SLICEL_S[2]_CO[7])
                                                      0.155     2.781 r  design_1_i/tpu_mnist_ip_0/inst/u_tpu_top/u_datapath/u_vector_processing_unit/u_post_process/GEN_BIAS_REQUANT.u_bias_requantize/(null)[0].shifted_value0_i_3/CO[7]
                         net (fo=1, routed)           0.026     2.807    design_1_i/tpu_mnist_ip_0/inst/u_tpu_top/u_datapath/u_vector_processing_unit/u_post_process/GEN_BIAS_REQUANT.u_bias_requantize/(null)[0].shifted_value0_i_3_n_0
    SLICE_X55Y8          CARRY8 (Prop_CARRY8_SLICEL_CI_O[5])
                                                      0.116     2.923 f  design_1_i/tpu_mnist_ip_0/inst/u_tpu_top/u_datapath/u_vector_processing_unit/u_post_process/GEN_BIAS_REQUANT.u_bias_requantize/(null)[0].shifted_value0_i_2/O[5]
                         net (fo=2, routed)           0.428     3.351    design_1_i/tpu_mnist_ip_0/inst/u_tpu_top/u_datapath/u_vector_processing_unit/u_post_process/GEN_BIAS_REQUANT.u_bias_requantize/(null)[0].shifted_value0/B[12]
    DSP48E2_X4Y4         DSP_A_B_DATA (Prop_DSP_A_B_DATA_DSP48E2_B[12]_B2_DATA[12])
                                                      0.151     3.502 r  design_1_i/tpu_mnist_ip_0/inst/u_tpu_top/u_datapath/u_vector_processing_unit/u_post_process/GEN_BIAS_REQUANT.u_bias_requantize/(null)[0].shifted_value0/DSP_A_B_DATA_INST/B2_DATA[12]
                         net (fo=1, routed)           0.000     3.502    design_1_i/tpu_mnist_ip_0/inst/u_tpu_top/u_datapath/u_vector_processing_unit/u_post_process/GEN_BIAS_REQUANT.u_bias_requantize/(null)[0].shifted_value0/DSP_A_B_DATA.B2_DATA<12>
    DSP48E2_X4Y4         DSP_PREADD_DATA (Prop_DSP_PREADD_DATA_DSP48E2_B2_DATA[12]_B2B1[12])
                                                      0.073     3.575 r  design_1_i/tpu_mnist_ip_0/inst/u_tpu_top/u_datapath/u_vector_processing_unit/u_post_process/GEN_BIAS_REQUANT.u_bias_requantize/(null)[0].shifted_value0/DSP_PREADD_DATA_INST/B2B1[12]
                         net (fo=1, routed)           0.000     3.575    design_1_i/tpu_mnist_ip_0/inst/u_tpu_top/u_datapath/u_vector_processing_unit/u_post_process/GEN_BIAS_REQUANT.u_bias_requantize/(null)[0].shifted_value0/DSP_PREADD_DATA.B2B1<12>
    DSP48E2_X4Y4         DSP_MULTIPLIER (Prop_DSP_MULTIPLIER_DSP48E2_B2B1[12]_V[40])
                                                      0.609     4.184 f  design_1_i/tpu_mnist_ip_0/inst/u_tpu_top/u_datapath/u_vector_processing_unit/u_post_process/GEN_BIAS_REQUANT.u_bias_requantize/(null)[0].shifted_value0/DSP_MULTIPLIER_INST/V[40]
                         net (fo=1, routed)           0.000     4.184    design_1_i/tpu_mnist_ip_0/inst/u_tpu_top/u_datapath/u_vector_processing_unit/u_post_process/GEN_BIAS_REQUANT.u_bias_requantize/(null)[0].shifted_value0/DSP_MULTIPLIER.V<40>
    DSP48E2_X4Y4         DSP_M_DATA (Prop_DSP_M_DATA_DSP48E2_V[40]_V_DATA[40])
                                                      0.046     4.230 r  design_1_i/tpu_mnist_ip_0/inst/u_tpu_top/u_datapath/u_vector_processing_unit/u_post_process/GEN_BIAS_REQUANT.u_bias_requantize/(null)[0].shifted_value0/DSP_M_DATA_INST/V_DATA[40]
                         net (fo=1, routed)           0.000     4.230    design_1_i/tpu_mnist_ip_0/inst/u_tpu_top/u_datapath/u_vector_processing_unit/u_post_process/GEN_BIAS_REQUANT.u_bias_requantize/(null)[0].shifted_value0/DSP_M_DATA.V_DATA<40>
    DSP48E2_X4Y4         DSP_ALU (Prop_DSP_ALU_DSP48E2_V_DATA[40]_ALU_OUT[47])
                                                      0.571     4.801 f  design_1_i/tpu_mnist_ip_0/inst/u_tpu_top/u_datapath/u_vector_processing_unit/u_post_process/GEN_BIAS_REQUANT.u_bias_requantize/(null)[0].shifted_value0/DSP_ALU_INST/ALU_OUT[47]
                         net (fo=1, routed)           0.000     4.801    design_1_i/tpu_mnist_ip_0/inst/u_tpu_top/u_datapath/u_vector_processing_unit/u_post_process/GEN_BIAS_REQUANT.u_bias_requantize/(null)[0].shifted_value0/DSP_ALU.ALU_OUT<47>
    DSP48E2_X4Y4         DSP_OUTPUT (Prop_DSP_OUTPUT_DSP48E2_ALU_OUT[47]_PCOUT[47])
                                                      0.122     4.923 r  design_1_i/tpu_mnist_ip_0/inst/u_tpu_top/u_datapath/u_vector_processing_unit/u_post_process/GEN_BIAS_REQUANT.u_bias_requantize/(null)[0].shifted_value0/DSP_OUTPUT_INST/PCOUT[47]
                         net (fo=1, routed)           0.014     4.937    design_1_i/tpu_mnist_ip_0/inst/u_tpu_top/u_datapath/u_vector_processing_unit/u_post_process/GEN_BIAS_REQUANT.u_bias_requantize/(null)[0].shifted_value0__0/PCIN[47]
    DSP48E2_X4Y5         DSP_ALU (Prop_DSP_ALU_DSP48E2_PCIN[47]_ALU_OUT[11])
                                                      0.546     5.483 f  design_1_i/tpu_mnist_ip_0/inst/u_tpu_top/u_datapath/u_vector_processing_unit/u_post_process/GEN_BIAS_REQUANT.u_bias_requantize/(null)[0].shifted_value0__0/DSP_ALU_INST/ALU_OUT[11]
                         net (fo=1, routed)           0.000     5.483    design_1_i/tpu_mnist_ip_0/inst/u_tpu_top/u_datapath/u_vector_processing_unit/u_post_process/GEN_BIAS_REQUANT.u_bias_requantize/(null)[0].shifted_value0__0/DSP_ALU.ALU_OUT<11>
    DSP48E2_X4Y5         DSP_OUTPUT (Prop_DSP_OUTPUT_DSP48E2_ALU_OUT[11]_P[11])
                                                      0.109     5.592 r  design_1_i/tpu_mnist_ip_0/inst/u_tpu_top/u_datapath/u_vector_processing_unit/u_post_process/GEN_BIAS_REQUANT.u_bias_requantize/(null)[0].shifted_value0__0/DSP_OUTPUT_INST/P[11]
                         net (fo=1, routed)           0.327     5.919    design_1_i/tpu_mnist_ip_0/inst/u_tpu_top/u_datapath/u_vector_processing_unit/u_post_process/GEN_BIAS_REQUANT.u_bias_requantize/(null)[0].shifted_value0__0_n_94
    SLICE_X53Y8          LUT2 (Prop_F6LUT_SLICEM_I1_O)
                                                      0.123     6.042 r  design_1_i/tpu_mnist_ip_0/inst/u_tpu_top/u_datapath/u_vector_processing_unit/u_post_process/GEN_BIAS_REQUANT.u_bias_requantize/data_flatten_o[18]_i_27/O
                         net (fo=1, routed)           0.022     6.064    design_1_i/tpu_mnist_ip_0/inst/u_tpu_top/u_datapath/u_vector_processing_unit/u_post_process/GEN_BIAS_REQUANT.u_bias_requantize/data_flatten_o[18]_i_27_n_0
    SLICE_X53Y8          CARRY8 (Prop_CARRY8_SLICEM_S[5]_CO[7])
                                                      0.159     6.223 r  design_1_i/tpu_mnist_ip_0/inst/u_tpu_top/u_datapath/u_vector_processing_unit/u_post_process/GEN_BIAS_REQUANT.u_bias_requantize/data_flatten_o_reg[18]_i_7/CO[7]
                         net (fo=1, routed)           0.026     6.249    design_1_i/tpu_mnist_ip_0/inst/u_tpu_top/u_datapath/u_vector_processing_unit/u_post_process/GEN_BIAS_REQUANT.u_bias_requantize/data_flatten_o_reg[18]_i_7_n_0
    SLICE_X53Y9          CARRY8 (Prop_CARRY8_SLICEM_CI_CO[7])
                                                      0.015     6.264 r  design_1_i/tpu_mnist_ip_0/inst/u_tpu_top/u_datapath/u_vector_processing_unit/u_post_process/GEN_BIAS_REQUANT.u_bias_requantize/data_flatten_o_reg[18]_i_33/CO[7]
                         net (fo=1, routed)           0.026     6.290    design_1_i/tpu_mnist_ip_0/inst/u_tpu_top/u_datapath/u_vector_processing_unit/u_post_process/GEN_BIAS_REQUANT.u_bias_requantize/data_flatten_o_reg[18]_i_33_n_0
    SLICE_X53Y10         CARRY8 (Prop_CARRY8_SLICEM_CI_CO[7])
                                                      0.015     6.305 r  design_1_i/tpu_mnist_ip_0/inst/u_tpu_top/u_datapath/u_vector_processing_unit/u_post_process/GEN_BIAS_REQUANT.u_bias_requantize/data_flatten_o_reg[31]_i_73/CO[7]
                         net (fo=1, routed)           0.026     6.331    design_1_i/tpu_mnist_ip_0/inst/u_tpu_top/u_datapath/u_vector_processing_unit/u_post_process/GEN_BIAS_REQUANT.u_bias_requantize/data_flatten_o_reg[31]_i_73_n_0
    SLICE_X53Y11         CARRY8 (Prop_CARRY8_SLICEM_CI_O[0])
                                                      0.056     6.387 r  design_1_i/tpu_mnist_ip_0/inst/u_tpu_top/u_datapath/u_vector_processing_unit/u_post_process/GEN_BIAS_REQUANT.u_bias_requantize/data_flatten_o_reg[18]_i_6/O[0]
                         net (fo=125, routed)         0.375     6.763    design_1_i/tpu_mnist_ip_0/inst/u_tpu_top/u_datapath/u_vector_processing_unit/u_post_process/GEN_BIAS_REQUANT.u_bias_requantize/data_flatten_o_reg[18]_i_6_n_15
    SLICE_X52Y5          LUT2 (Prop_A6LUT_SLICEL_I0_O)
                                                      0.124     6.887 r  design_1_i/tpu_mnist_ip_0/inst/u_tpu_top/u_datapath/u_vector_processing_unit/u_post_process/GEN_BIAS_REQUANT.u_bias_requantize/data_flatten_o[6]_i_28/O
                         net (fo=1, routed)           0.009     6.896    design_1_i/tpu_mnist_ip_0/inst/u_tpu_top/u_datapath/u_vector_processing_unit/u_post_process/GEN_BIAS_REQUANT.u_bias_requantize/data_flatten_o[6]_i_28_n_0
    SLICE_X52Y5          CARRY8 (Prop_CARRY8_SLICEL_S[0]_CO[7])
                                                      0.190     7.086 r  design_1_i/tpu_mnist_ip_0/inst/u_tpu_top/u_datapath/u_vector_processing_unit/u_post_process/GEN_BIAS_REQUANT.u_bias_requantize/data_flatten_o_reg[6]_i_12/CO[7]
                         net (fo=1, routed)           0.026     7.112    design_1_i/tpu_mnist_ip_0/inst/u_tpu_top/u_datapath/u_vector_processing_unit/u_post_process/GEN_BIAS_REQUANT.u_bias_requantize/data_flatten_o_reg[6]_i_12_n_0
    SLICE_X52Y6          CARRY8 (Prop_CARRY8_SLICEL_CI_CO[7])
                                                      0.015     7.127 r  design_1_i/tpu_mnist_ip_0/inst/u_tpu_top/u_datapath/u_vector_processing_unit/u_post_process/GEN_BIAS_REQUANT.u_bias_requantize/data_flatten_o_reg[6]_i_3/CO[7]
                         net (fo=1, routed)           0.026     7.153    design_1_i/tpu_mnist_ip_0/inst/u_tpu_top/u_datapath/u_vector_processing_unit/u_post_process/GEN_BIAS_REQUANT.u_bias_requantize/data_flatten_o_reg[6]_i_3_n_0
    SLICE_X52Y7          CARRY8 (Prop_CARRY8_SLICEL_CI_CO[7])
                                                      0.015     7.168 r  design_1_i/tpu_mnist_ip_0/inst/u_tpu_top/u_datapath/u_vector_processing_unit/u_post_process/GEN_BIAS_REQUANT.u_bias_requantize/data_flatten_o_reg[6]_i_2/CO[7]
                         net (fo=1, routed)           0.026     7.194    design_1_i/tpu_mnist_ip_0/inst/u_tpu_top/u_datapath/u_vector_processing_unit/u_post_process/GEN_BIAS_REQUANT.u_bias_requantize/data_flatten_o_reg[6]_i_2_n_0
    SLICE_X52Y8          CARRY8 (Prop_CARRY8_SLICEL_CI_CO[7])
                                                      0.015     7.209 r  design_1_i/tpu_mnist_ip_0/inst/u_tpu_top/u_datapath/u_vector_processing_unit/u_post_process/GEN_BIAS_REQUANT.u_bias_requantize/data_flatten_o_reg[14]_i_2/CO[7]
                         net (fo=1, routed)           0.026     7.235    design_1_i/tpu_mnist_ip_0/inst/u_tpu_top/u_datapath/u_vector_processing_unit/u_post_process/GEN_BIAS_REQUANT.u_bias_requantize/data_flatten_o_reg[14]_i_2_n_0
    SLICE_X52Y9          CARRY8 (Prop_CARRY8_SLICEL_CI_CO[7])
                                                      0.015     7.250 r  design_1_i/tpu_mnist_ip_0/inst/u_tpu_top/u_datapath/u_vector_processing_unit/u_post_process/GEN_BIAS_REQUANT.u_bias_requantize/data_flatten_o_reg[18]_i_4/CO[7]
                         net (fo=1, routed)           0.026     7.276    design_1_i/tpu_mnist_ip_0/inst/u_tpu_top/u_datapath/u_vector_processing_unit/u_post_process/GEN_BIAS_REQUANT.u_bias_requantize/data_flatten_o_reg[18]_i_4_n_0
    SLICE_X52Y10         CARRY8 (Prop_CARRY8_SLICEL_CI_CO[7])
                                                      0.015     7.291 r  design_1_i/tpu_mnist_ip_0/inst/u_tpu_top/u_datapath/u_vector_processing_unit/u_post_process/GEN_BIAS_REQUANT.u_bias_requantize/data_flatten_o_reg[30]_i_3/CO[7]
                         net (fo=1, routed)           0.026     7.317    design_1_i/tpu_mnist_ip_0/inst/u_tpu_top/u_datapath/u_vector_processing_unit/u_post_process/GEN_BIAS_REQUANT.u_bias_requantize/data_flatten_o_reg[30]_i_3_n_0
    SLICE_X52Y11         CARRY8 (Prop_CARRY8_SLICEL_CI_O[1])
                                                      0.076     7.393 f  design_1_i/tpu_mnist_ip_0/inst/u_tpu_top/u_datapath/u_vector_processing_unit/u_post_process/GEN_BIAS_REQUANT.u_bias_requantize/data_flatten_o_reg[31]_i_18/O[1]
                         net (fo=7, routed)           0.462     7.854    design_1_i/tpu_mnist_ip_0/inst/u_tpu_top/u_datapath/u_vector_processing_unit/u_post_process/GEN_BIAS_REQUANT.u_bias_requantize/data_flatten_o_reg[31]_i_18_n_14
    SLICE_X49Y6          LUT3 (Prop_E6LUT_SLICEM_I1_O)
                                                      0.037     7.891 r  design_1_i/tpu_mnist_ip_0/inst/u_tpu_top/u_datapath/u_vector_processing_unit/u_post_process/GEN_BIAS_REQUANT.u_bias_requantize/data_flatten_o[31]_i_244/O
                         net (fo=1, routed)           0.240     8.131    design_1_i/tpu_mnist_ip_0/inst/u_tpu_top/u_datapath/u_vector_processing_unit/u_post_process/GEN_BIAS_REQUANT.u_bias_requantize/data_flatten_o[31]_i_244_n_0
    SLICE_X51Y7          CARRY8 (Prop_CARRY8_SLICEL_CI_CO[7])
                                                      0.151     8.282 r  design_1_i/tpu_mnist_ip_0/inst/u_tpu_top/u_datapath/u_vector_processing_unit/u_post_process/GEN_BIAS_REQUANT.u_bias_requantize/data_flatten_o_reg[31]_i_162/CO[7]
                         net (fo=1, routed)           0.026     8.308    design_1_i/tpu_mnist_ip_0/inst/u_tpu_top/u_datapath/u_vector_processing_unit/u_post_process/GEN_BIAS_REQUANT.u_bias_requantize/data_flatten_o_reg[31]_i_162_n_0
    SLICE_X51Y8          CARRY8 (Prop_CARRY8_SLICEL_CI_O[7])
                                                      0.116     8.424 r  design_1_i/tpu_mnist_ip_0/inst/u_tpu_top/u_datapath/u_vector_processing_unit/u_post_process/GEN_BIAS_REQUANT.u_bias_requantize/data_flatten_o_reg[31]_i_161/O[7]
                         net (fo=4, routed)           0.288     8.712    design_1_i/tpu_mnist_ip_0/inst/u_tpu_top/u_datapath/u_vector_processing_unit/u_post_process/GEN_BIAS_REQUANT.u_bias_requantize/data_flatten_o_reg[31]_i_161_n_8
    SLICE_X49Y9          LUT2 (Prop_F6LUT_SLICEM_I1_O)
                                                      0.123     8.835 r  design_1_i/tpu_mnist_ip_0/inst/u_tpu_top/u_datapath/u_vector_processing_unit/u_post_process/GEN_BIAS_REQUANT.u_bias_requantize/data_flatten_o[31]_i_111/O
                         net (fo=1, routed)           0.022     8.857    design_1_i/tpu_mnist_ip_0/inst/u_tpu_top/u_datapath/u_vector_processing_unit/u_post_process/GEN_BIAS_REQUANT.u_bias_requantize/data_flatten_o[31]_i_111_n_0
    SLICE_X49Y9          CARRY8 (Prop_CARRY8_SLICEM_S[5]_CO[7])
                                                      0.159     9.016 f  design_1_i/tpu_mnist_ip_0/inst/u_tpu_top/u_datapath/u_vector_processing_unit/u_post_process/GEN_BIAS_REQUANT.u_bias_requantize/data_flatten_o_reg[31]_i_31/CO[7]
                         net (fo=1, routed)           0.026     9.042    design_1_i/tpu_mnist_ip_0/inst/u_tpu_top/u_datapath/u_vector_processing_unit/u_post_process/GEN_BIAS_REQUANT.u_bias_requantize/data_flatten_o_reg[31]_i_31_n_0
    SLICE_X49Y10         CARRY8 (Prop_CARRY8_SLICEM_CI_CO[5])
                                                      0.077     9.119 f  design_1_i/tpu_mnist_ip_0/inst/u_tpu_top/u_datapath/u_vector_processing_unit/u_post_process/GEN_BIAS_REQUANT.u_bias_requantize/data_flatten_o_reg[31]_i_5/CO[5]
                         net (fo=22, routed)          0.226     9.345    design_1_i/tpu_mnist_ip_0/inst/u_tpu_top/u_datapath/u_vector_processing_unit/u_post_process/GEN_BIAS_REQUANT.u_bias_requantize/data_flatten_o_reg[31]_i_5_n_2
    SLICE_X48Y10         LUT3 (Prop_D5LUT_SLICEL_I1_O)
                                                      0.110     9.455 f  design_1_i/tpu_mnist_ip_0/inst/u_tpu_top/u_datapath/u_vector_processing_unit/u_post_process/GEN_BIAS_REQUANT.u_bias_requantize/data_flatten_o[18]_i_2/O
                         net (fo=18, routed)          0.377     9.831    design_1_i/tpu_mnist_ip_0/inst/u_tpu_top/u_datapath/u_vector_processing_unit/u_post_process/GEN_BIAS_REQUANT.u_bias_requantize/data_flatten_o[18]_i_2_n_0
    SLICE_X52Y4          LUT6 (Prop_B6LUT_SLICEL_I5_O)
                                                      0.051     9.882 r  design_1_i/tpu_mnist_ip_0/inst/u_tpu_top/u_datapath/u_vector_processing_unit/u_post_process/GEN_BIAS_REQUANT.u_bias_requantize/data_flatten_o[1]_i_1/O
                         net (fo=1, routed)           0.049     9.931    design_1_i/tpu_mnist_ip_0/inst/u_tpu_top/u_datapath/u_vector_processing_unit/u_post_process/GEN_BIAS_REQUANT.u_bias_requantize/data_flatten_o[1]_i_1_n_0
    SLICE_X52Y4          FDCE                                         r  design_1_i/tpu_mnist_ip_0/inst/u_tpu_top/u_datapath/u_vector_processing_unit/u_post_process/GEN_BIAS_REQUANT.u_bias_requantize/data_flatten_o_reg[1]/D
  -------------------------------------------------------------------    -------------------

                         (clock clk_pl_0 rise edge)
                                                     10.000    10.000 r  
    PS8_X0Y0             PS8                          0.000    10.000 r  design_1_i/zynq_ultra_ps_e_0/inst/PS8_i/PLCLK[0]
                         net (fo=1, routed)           0.143    10.143    design_1_i/zynq_ultra_ps_e_0/inst/pl_clk_unbuffered[0]
    BUFG_PS_X0Y80        BUFG_PS (Prop_BUFG_PS_I_O)
                                                      0.025    10.168 r  design_1_i/zynq_ultra_ps_e_0/inst/buffer_pl_clk_0.PL_CLK_0_BUFG/O
    X1Y2 (CLOCK_ROOT)    net (fo=5377, routed)        1.572    11.740    design_1_i/tpu_mnist_ip_0/inst/u_tpu_top/u_datapath/u_vector_processing_unit/u_post_process/GEN_BIAS_REQUANT.u_bias_requantize/s_axi_aclk
    SLICE_X52Y4          FDCE                                         r  design_1_i/tpu_mnist_ip_0/inst/u_tpu_top/u_datapath/u_vector_processing_unit/u_post_process/GEN_BIAS_REQUANT.u_bias_requantize/data_flatten_o_reg[1]/C
                         clock pessimism              0.168    11.908    
                         clock uncertainty           -0.130    11.778    
    SLICE_X52Y4          FDCE (Setup_BFF_SLICEL_C_D)
                                                      0.025    11.803    design_1_i/tpu_mnist_ip_0/inst/u_tpu_top/u_datapath/u_vector_processing_unit/u_post_process/GEN_BIAS_REQUANT.u_bias_requantize/data_flatten_o_reg[1]
  -------------------------------------------------------------------
                         required time                         11.803    
                         arrival time                          -9.931    
  -------------------------------------------------------------------
                         slack                                  1.872    

Slack (MET) :             1.873ns  (required time - arrival time)
  Source:                 design_1_i/tpu_mnist_ip_0/inst/u_tpu_top/u_datapath/u_accumulator_array/read_data_flatten_o_reg[18]/C
                            (rising edge-triggered cell FDCE clocked by clk_pl_0  {rise@0.000ns fall@5.000ns period=10.000ns})
  Destination:            design_1_i/tpu_mnist_ip_0/inst/u_tpu_top/u_datapath/u_vector_processing_unit/u_post_process/GEN_BIAS_REQUANT.u_bias_requantize/data_flatten_o_reg[2]/D
                            (rising edge-triggered cell FDCE clocked by clk_pl_0  {rise@0.000ns fall@5.000ns period=10.000ns})
  Path Group:             clk_pl_0
  Path Type:              Setup (Max at Slow Process Corner)
  Requirement:            10.000ns  (clk_pl_0 rise@10.000ns - clk_pl_0 rise@0.000ns)
  Data Path Delay:        7.880ns  (logic 4.282ns (54.342%)  route 3.598ns (45.658%))
  Logic Levels:           32  (CARRY8=17 DSP_A_B_DATA=1 DSP_ALU=2 DSP_M_DATA=1 DSP_MULTIPLIER=1 DSP_OUTPUT=2 DSP_PREADD_DATA=1 LUT2=4 LUT3=2 LUT6=1)
  Clock Path Skew:        -0.142ns (DCD - SCD + CPR)
    Destination Clock Delay (DCD):    1.740ns = ( 11.740 - 10.000 ) 
    Source Clock Delay      (SCD):    2.050ns
    Clock Pessimism Removal (CPR):    0.168ns
  Clock Uncertainty:      0.130ns  ((TSJ^2 + DJ^2)^1/2) / 2 + PE
    Total System Jitter     (TSJ):    0.071ns
    Discrete Jitter          (DJ):    0.250ns
    Phase Error              (PE):    0.000ns
  Clock Net Delay (Source):      1.842ns (routing 0.569ns, distribution 1.273ns)
  Clock Net Delay (Destination): 1.572ns (routing 0.512ns, distribution 1.060ns)

    Location             Delay type                Incr(ns)  Path(ns)    Netlist Resource(s)
  -------------------------------------------------------------------    -------------------
                         (clock clk_pl_0 rise edge)
                                                      0.000     0.000 r  
    PS8_X0Y0             PS8                          0.000     0.000 r  design_1_i/zynq_ultra_ps_e_0/inst/PS8_i/PLCLK[0]
                         net (fo=1, routed)           0.180     0.180    design_1_i/zynq_ultra_ps_e_0/inst/pl_clk_unbuffered[0]
    BUFG_PS_X0Y80        BUFG_PS (Prop_BUFG_PS_I_O)
                                                      0.028     0.208 r  design_1_i/zynq_ultra_ps_e_0/inst/buffer_pl_clk_0.PL_CLK_0_BUFG/O
    X1Y2 (CLOCK_ROOT)    net (fo=5377, routed)        1.842     2.050    design_1_i/tpu_mnist_ip_0/inst/u_tpu_top/u_datapath/u_accumulator_array/s_axi_aclk
    SLICE_X64Y8          FDCE                                         r  design_1_i/tpu_mnist_ip_0/inst/u_tpu_top/u_datapath/u_accumulator_array/read_data_flatten_o_reg[18]/C
  -------------------------------------------------------------------    -------------------
    SLICE_X64Y8          FDCE (Prop_DFF_SLICEM_C_Q)
                                                      0.078     2.128 r  design_1_i/tpu_mnist_ip_0/inst/u_tpu_top/u_datapath/u_accumulator_array/read_data_flatten_o_reg[18]/Q
                         net (fo=2, routed)           0.438     2.566    design_1_i/tpu_mnist_ip_0/inst/u_tpu_top/u_datapath/u_vector_processing_unit/u_post_process/GEN_BIAS_REQUANT.u_bias_requantize/(null)[0].shifted_value0__4_0[18]
    SLICE_X55Y7          LUT2 (Prop_C6LUT_SLICEL_I0_O)
                                                      0.050     2.616 r  design_1_i/tpu_mnist_ip_0/inst/u_tpu_top/u_datapath/u_vector_processing_unit/u_post_process/GEN_BIAS_REQUANT.u_bias_requantize/(null)[0].shifted_value0_i_18/O
                         net (fo=1, routed)           0.010     2.626    design_1_i/tpu_mnist_ip_0/inst/u_tpu_top/u_datapath/u_vector_processing_unit/u_post_process/GEN_BIAS_REQUANT.u_bias_requantize/(null)[0].shifted_value0_i_18_n_0
    SLICE_X55Y7          CARRY8 (Prop_CARRY8_SLICEL_S[2]_CO[7])
                                                      0.155     2.781 r  design_1_i/tpu_mnist_ip_0/inst/u_tpu_top/u_datapath/u_vector_processing_unit/u_post_process/GEN_BIAS_REQUANT.u_bias_requantize/(null)[0].shifted_value0_i_3/CO[7]
                         net (fo=1, routed)           0.026     2.807    design_1_i/tpu_mnist_ip_0/inst/u_tpu_top/u_datapath/u_vector_processing_unit/u_post_process/GEN_BIAS_REQUANT.u_bias_requantize/(null)[0].shifted_value0_i_3_n_0
    SLICE_X55Y8          CARRY8 (Prop_CARRY8_SLICEL_CI_O[5])
                                                      0.116     2.923 f  design_1_i/tpu_mnist_ip_0/inst/u_tpu_top/u_datapath/u_vector_processing_unit/u_post_process/GEN_BIAS_REQUANT.u_bias_requantize/(null)[0].shifted_value0_i_2/O[5]
                         net (fo=2, routed)           0.428     3.351    design_1_i/tpu_mnist_ip_0/inst/u_tpu_top/u_datapath/u_vector_processing_unit/u_post_process/GEN_BIAS_REQUANT.u_bias_requantize/(null)[0].shifted_value0/B[12]
    DSP48E2_X4Y4         DSP_A_B_DATA (Prop_DSP_A_B_DATA_DSP48E2_B[12]_B2_DATA[12])
                                                      0.151     3.502 r  design_1_i/tpu_mnist_ip_0/inst/u_tpu_top/u_datapath/u_vector_processing_unit/u_post_process/GEN_BIAS_REQUANT.u_bias_requantize/(null)[0].shifted_value0/DSP_A_B_DATA_INST/B2_DATA[12]
                         net (fo=1, routed)           0.000     3.502    design_1_i/tpu_mnist_ip_0/inst/u_tpu_top/u_datapath/u_vector_processing_unit/u_post_process/GEN_BIAS_REQUANT.u_bias_requantize/(null)[0].shifted_value0/DSP_A_B_DATA.B2_DATA<12>
    DSP48E2_X4Y4         DSP_PREADD_DATA (Prop_DSP_PREADD_DATA_DSP48E2_B2_DATA[12]_B2B1[12])
                                                      0.073     3.575 r  design_1_i/tpu_mnist_ip_0/inst/u_tpu_top/u_datapath/u_vector_processing_unit/u_post_process/GEN_BIAS_REQUANT.u_bias_requantize/(null)[0].shifted_value0/DSP_PREADD_DATA_INST/B2B1[12]
                         net (fo=1, routed)           0.000     3.575    design_1_i/tpu_mnist_ip_0/inst/u_tpu_top/u_datapath/u_vector_processing_unit/u_post_process/GEN_BIAS_REQUANT.u_bias_requantize/(null)[0].shifted_value0/DSP_PREADD_DATA.B2B1<12>
    DSP48E2_X4Y4         DSP_MULTIPLIER (Prop_DSP_MULTIPLIER_DSP48E2_B2B1[12]_V[40])
                                                      0.609     4.184 f  design_1_i/tpu_mnist_ip_0/inst/u_tpu_top/u_datapath/u_vector_processing_unit/u_post_process/GEN_BIAS_REQUANT.u_bias_requantize/(null)[0].shifted_value0/DSP_MULTIPLIER_INST/V[40]
                         net (fo=1, routed)           0.000     4.184    design_1_i/tpu_mnist_ip_0/inst/u_tpu_top/u_datapath/u_vector_processing_unit/u_post_process/GEN_BIAS_REQUANT.u_bias_requantize/(null)[0].shifted_value0/DSP_MULTIPLIER.V<40>
    DSP48E2_X4Y4         DSP_M_DATA (Prop_DSP_M_DATA_DSP48E2_V[40]_V_DATA[40])
                                                      0.046     4.230 r  design_1_i/tpu_mnist_ip_0/inst/u_tpu_top/u_datapath/u_vector_processing_unit/u_post_process/GEN_BIAS_REQUANT.u_bias_requantize/(null)[0].shifted_value0/DSP_M_DATA_INST/V_DATA[40]
                         net (fo=1, routed)           0.000     4.230    design_1_i/tpu_mnist_ip_0/inst/u_tpu_top/u_datapath/u_vector_processing_unit/u_post_process/GEN_BIAS_REQUANT.u_bias_requantize/(null)[0].shifted_value0/DSP_M_DATA.V_DATA<40>
    DSP48E2_X4Y4         DSP_ALU (Prop_DSP_ALU_DSP48E2_V_DATA[40]_ALU_OUT[47])
                                                      0.571     4.801 f  design_1_i/tpu_mnist_ip_0/inst/u_tpu_top/u_datapath/u_vector_processing_unit/u_post_process/GEN_BIAS_REQUANT.u_bias_requantize/(null)[0].shifted_value0/DSP_ALU_INST/ALU_OUT[47]
                         net (fo=1, routed)           0.000     4.801    design_1_i/tpu_mnist_ip_0/inst/u_tpu_top/u_datapath/u_vector_processing_unit/u_post_process/GEN_BIAS_REQUANT.u_bias_requantize/(null)[0].shifted_value0/DSP_ALU.ALU_OUT<47>
    DSP48E2_X4Y4         DSP_OUTPUT (Prop_DSP_OUTPUT_DSP48E2_ALU_OUT[47]_PCOUT[47])
                                                      0.122     4.923 r  design_1_i/tpu_mnist_ip_0/inst/u_tpu_top/u_datapath/u_vector_processing_unit/u_post_process/GEN_BIAS_REQUANT.u_bias_requantize/(null)[0].shifted_value0/DSP_OUTPUT_INST/PCOUT[47]
                         net (fo=1, routed)           0.014     4.937    design_1_i/tpu_mnist_ip_0/inst/u_tpu_top/u_datapath/u_vector_processing_unit/u_post_process/GEN_BIAS_REQUANT.u_bias_requantize/(null)[0].shifted_value0__0/PCIN[47]
    DSP48E2_X4Y5         DSP_ALU (Prop_DSP_ALU_DSP48E2_PCIN[47]_ALU_OUT[11])
                                                      0.546     5.483 f  design_1_i/tpu_mnist_ip_0/inst/u_tpu_top/u_datapath/u_vector_processing_unit/u_post_process/GEN_BIAS_REQUANT.u_bias_requantize/(null)[0].shifted_value0__0/DSP_ALU_INST/ALU_OUT[11]
                         net (fo=1, routed)           0.000     5.483    design_1_i/tpu_mnist_ip_0/inst/u_tpu_top/u_datapath/u_vector_processing_unit/u_post_process/GEN_BIAS_REQUANT.u_bias_requantize/(null)[0].shifted_value0__0/DSP_ALU.ALU_OUT<11>
    DSP48E2_X4Y5         DSP_OUTPUT (Prop_DSP_OUTPUT_DSP48E2_ALU_OUT[11]_P[11])
                                                      0.109     5.592 r  design_1_i/tpu_mnist_ip_0/inst/u_tpu_top/u_datapath/u_vector_processing_unit/u_post_process/GEN_BIAS_REQUANT.u_bias_requantize/(null)[0].shifted_value0__0/DSP_OUTPUT_INST/P[11]
                         net (fo=1, routed)           0.327     5.919    design_1_i/tpu_mnist_ip_0/inst/u_tpu_top/u_datapath/u_vector_processing_unit/u_post_process/GEN_BIAS_REQUANT.u_bias_requantize/(null)[0].shifted_value0__0_n_94
    SLICE_X53Y8          LUT2 (Prop_F6LUT_SLICEM_I1_O)
                                                      0.123     6.042 r  design_1_i/tpu_mnist_ip_0/inst/u_tpu_top/u_datapath/u_vector_processing_unit/u_post_process/GEN_BIAS_REQUANT.u_bias_requantize/data_flatten_o[18]_i_27/O
                         net (fo=1, routed)           0.022     6.064    design_1_i/tpu_mnist_ip_0/inst/u_tpu_top/u_datapath/u_vector_processing_unit/u_post_process/GEN_BIAS_REQUANT.u_bias_requantize/data_flatten_o[18]_i_27_n_0
    SLICE_X53Y8          CARRY8 (Prop_CARRY8_SLICEM_S[5]_CO[7])
                                                      0.159     6.223 r  design_1_i/tpu_mnist_ip_0/inst/u_tpu_top/u_datapath/u_vector_processing_unit/u_post_process/GEN_BIAS_REQUANT.u_bias_requantize/data_flatten_o_reg[18]_i_7/CO[7]
                         net (fo=1, routed)           0.026     6.249    design_1_i/tpu_mnist_ip_0/inst/u_tpu_top/u_datapath/u_vector_processing_unit/u_post_process/GEN_BIAS_REQUANT.u_bias_requantize/data_flatten_o_reg[18]_i_7_n_0
    SLICE_X53Y9          CARRY8 (Prop_CARRY8_SLICEM_CI_CO[7])
                                                      0.015     6.264 r  design_1_i/tpu_mnist_ip_0/inst/u_tpu_top/u_datapath/u_vector_processing_unit/u_post_process/GEN_BIAS_REQUANT.u_bias_requantize/data_flatten_o_reg[18]_i_33/CO[7]
                         net (fo=1, routed)           0.026     6.290    design_1_i/tpu_mnist_ip_0/inst/u_tpu_top/u_datapath/u_vector_processing_unit/u_post_process/GEN_BIAS_REQUANT.u_bias_requantize/data_flatten_o_reg[18]_i_33_n_0
    SLICE_X53Y10         CARRY8 (Prop_CARRY8_SLICEM_CI_CO[7])
                                                      0.015     6.305 r  design_1_i/tpu_mnist_ip_0/inst/u_tpu_top/u_datapath/u_vector_processing_unit/u_post_process/GEN_BIAS_REQUANT.u_bias_requantize/data_flatten_o_reg[31]_i_73/CO[7]
                         net (fo=1, routed)           0.026     6.331    design_1_i/tpu_mnist_ip_0/inst/u_tpu_top/u_datapath/u_vector_processing_unit/u_post_process/GEN_BIAS_REQUANT.u_bias_requantize/data_flatten_o_reg[31]_i_73_n_0
    SLICE_X53Y11         CARRY8 (Prop_CARRY8_SLICEM_CI_O[0])
                                                      0.056     6.387 r  design_1_i/tpu_mnist_ip_0/inst/u_tpu_top/u_datapath/u_vector_processing_unit/u_post_process/GEN_BIAS_REQUANT.u_bias_requantize/data_flatten_o_reg[18]_i_6/O[0]
                         net (fo=125, routed)         0.375     6.763    design_1_i/tpu_mnist_ip_0/inst/u_tpu_top/u_datapath/u_vector_processing_unit/u_post_process/GEN_BIAS_REQUANT.u_bias_requantize/data_flatten_o_reg[18]_i_6_n_15
    SLICE_X52Y5          LUT2 (Prop_A6LUT_SLICEL_I0_O)
                                                      0.124     6.887 r  design_1_i/tpu_mnist_ip_0/inst/u_tpu_top/u_datapath/u_vector_processing_unit/u_post_process/GEN_BIAS_REQUANT.u_bias_requantize/data_flatten_o[6]_i_28/O
                         net (fo=1, routed)           0.009     6.896    design_1_i/tpu_mnist_ip_0/inst/u_tpu_top/u_datapath/u_vector_processing_unit/u_post_process/GEN_BIAS_REQUANT.u_bias_requantize/data_flatten_o[6]_i_28_n_0
    SLICE_X52Y5          CARRY8 (Prop_CARRY8_SLICEL_S[0]_CO[7])
                                                      0.190     7.086 r  design_1_i/tpu_mnist_ip_0/inst/u_tpu_top/u_datapath/u_vector_processing_unit/u_post_process/GEN_BIAS_REQUANT.u_bias_requantize/data_flatten_o_reg[6]_i_12/CO[7]
                         net (fo=1, routed)           0.026     7.112    design_1_i/tpu_mnist_ip_0/inst/u_tpu_top/u_datapath/u_vector_processing_unit/u_post_process/GEN_BIAS_REQUANT.u_bias_requantize/data_flatten_o_reg[6]_i_12_n_0
    SLICE_X52Y6          CARRY8 (Prop_CARRY8_SLICEL_CI_CO[7])
                                                      0.015     7.127 r  design_1_i/tpu_mnist_ip_0/inst/u_tpu_top/u_datapath/u_vector_processing_unit/u_post_process/GEN_BIAS_REQUANT.u_bias_requantize/data_flatten_o_reg[6]_i_3/CO[7]
                         net (fo=1, routed)           0.026     7.153    design_1_i/tpu_mnist_ip_0/inst/u_tpu_top/u_datapath/u_vector_processing_unit/u_post_process/GEN_BIAS_REQUANT.u_bias_requantize/data_flatten_o_reg[6]_i_3_n_0
    SLICE_X52Y7          CARRY8 (Prop_CARRY8_SLICEL_CI_CO[7])
                                                      0.015     7.168 r  design_1_i/tpu_mnist_ip_0/inst/u_tpu_top/u_datapath/u_vector_processing_unit/u_post_process/GEN_BIAS_REQUANT.u_bias_requantize/data_flatten_o_reg[6]_i_2/CO[7]
                         net (fo=1, routed)           0.026     7.194    design_1_i/tpu_mnist_ip_0/inst/u_tpu_top/u_datapath/u_vector_processing_unit/u_post_process/GEN_BIAS_REQUANT.u_bias_requantize/data_flatten_o_reg[6]_i_2_n_0
    SLICE_X52Y8          CARRY8 (Prop_CARRY8_SLICEL_CI_CO[7])
                                                      0.015     7.209 r  design_1_i/tpu_mnist_ip_0/inst/u_tpu_top/u_datapath/u_vector_processing_unit/u_post_process/GEN_BIAS_REQUANT.u_bias_requantize/data_flatten_o_reg[14]_i_2/CO[7]
                         net (fo=1, routed)           0.026     7.235    design_1_i/tpu_mnist_ip_0/inst/u_tpu_top/u_datapath/u_vector_processing_unit/u_post_process/GEN_BIAS_REQUANT.u_bias_requantize/data_flatten_o_reg[14]_i_2_n_0
    SLICE_X52Y9          CARRY8 (Prop_CARRY8_SLICEL_CI_CO[7])
                                                      0.015     7.250 r  design_1_i/tpu_mnist_ip_0/inst/u_tpu_top/u_datapath/u_vector_processing_unit/u_post_process/GEN_BIAS_REQUANT.u_bias_requantize/data_flatten_o_reg[18]_i_4/CO[7]
                         net (fo=1, routed)           0.026     7.276    design_1_i/tpu_mnist_ip_0/inst/u_tpu_top/u_datapath/u_vector_processing_unit/u_post_process/GEN_BIAS_REQUANT.u_bias_requantize/data_flatten_o_reg[18]_i_4_n_0
    SLICE_X52Y10         CARRY8 (Prop_CARRY8_SLICEL_CI_CO[7])
                                                      0.015     7.291 r  design_1_i/tpu_mnist_ip_0/inst/u_tpu_top/u_datapath/u_vector_processing_unit/u_post_process/GEN_BIAS_REQUANT.u_bias_requantize/data_flatten_o_reg[30]_i_3/CO[7]
                         net (fo=1, routed)           0.026     7.317    design_1_i/tpu_mnist_ip_0/inst/u_tpu_top/u_datapath/u_vector_processing_unit/u_post_process/GEN_BIAS_REQUANT.u_bias_requantize/data_flatten_o_reg[30]_i_3_n_0
    SLICE_X52Y11         CARRY8 (Prop_CARRY8_SLICEL_CI_O[1])
                                                      0.076     7.393 f  design_1_i/tpu_mnist_ip_0/inst/u_tpu_top/u_datapath/u_vector_processing_unit/u_post_process/GEN_BIAS_REQUANT.u_bias_requantize/data_flatten_o_reg[31]_i_18/O[1]
                         net (fo=7, routed)           0.462     7.854    design_1_i/tpu_mnist_ip_0/inst/u_tpu_top/u_datapath/u_vector_processing_unit/u_post_process/GEN_BIAS_REQUANT.u_bias_requantize/data_flatten_o_reg[31]_i_18_n_14
    SLICE_X49Y6          LUT3 (Prop_E6LUT_SLICEM_I1_O)
                                                      0.037     7.891 r  design_1_i/tpu_mnist_ip_0/inst/u_tpu_top/u_datapath/u_vector_processing_unit/u_post_process/GEN_BIAS_REQUANT.u_bias_requantize/data_flatten_o[31]_i_244/O
                         net (fo=1, routed)           0.240     8.131    design_1_i/tpu_mnist_ip_0/inst/u_tpu_top/u_datapath/u_vector_processing_unit/u_post_process/GEN_BIAS_REQUANT.u_bias_requantize/data_flatten_o[31]_i_244_n_0
    SLICE_X51Y7          CARRY8 (Prop_CARRY8_SLICEL_CI_CO[7])
                                                      0.151     8.282 r  design_1_i/tpu_mnist_ip_0/inst/u_tpu_top/u_datapath/u_vector_processing_unit/u_post_process/GEN_BIAS_REQUANT.u_bias_requantize/data_flatten_o_reg[31]_i_162/CO[7]
                         net (fo=1, routed)           0.026     8.308    design_1_i/tpu_mnist_ip_0/inst/u_tpu_top/u_datapath/u_vector_processing_unit/u_post_process/GEN_BIAS_REQUANT.u_bias_requantize/data_flatten_o_reg[31]_i_162_n_0
    SLICE_X51Y8          CARRY8 (Prop_CARRY8_SLICEL_CI_O[7])
                                                      0.116     8.424 r  design_1_i/tpu_mnist_ip_0/inst/u_tpu_top/u_datapath/u_vector_processing_unit/u_post_process/GEN_BIAS_REQUANT.u_bias_requantize/data_flatten_o_reg[31]_i_161/O[7]
                         net (fo=4, routed)           0.288     8.712    design_1_i/tpu_mnist_ip_0/inst/u_tpu_top/u_datapath/u_vector_processing_unit/u_post_process/GEN_BIAS_REQUANT.u_bias_requantize/data_flatten_o_reg[31]_i_161_n_8
    SLICE_X49Y9          LUT2 (Prop_F6LUT_SLICEM_I1_O)
                                                      0.123     8.835 r  design_1_i/tpu_mnist_ip_0/inst/u_tpu_top/u_datapath/u_vector_processing_unit/u_post_process/GEN_BIAS_REQUANT.u_bias_requantize/data_flatten_o[31]_i_111/O
                         net (fo=1, routed)           0.022     8.857    design_1_i/tpu_mnist_ip_0/inst/u_tpu_top/u_datapath/u_vector_processing_unit/u_post_process/GEN_BIAS_REQUANT.u_bias_requantize/data_flatten_o[31]_i_111_n_0
    SLICE_X49Y9          CARRY8 (Prop_CARRY8_SLICEM_S[5]_CO[7])
                                                      0.159     9.016 f  design_1_i/tpu_mnist_ip_0/inst/u_tpu_top/u_datapath/u_vector_processing_unit/u_post_process/GEN_BIAS_REQUANT.u_bias_requantize/data_flatten_o_reg[31]_i_31/CO[7]
                         net (fo=1, routed)           0.026     9.042    design_1_i/tpu_mnist_ip_0/inst/u_tpu_top/u_datapath/u_vector_processing_unit/u_post_process/GEN_BIAS_REQUANT.u_bias_requantize/data_flatten_o_reg[31]_i_31_n_0
    SLICE_X49Y10         CARRY8 (Prop_CARRY8_SLICEM_CI_CO[5])
                                                      0.077     9.119 f  design_1_i/tpu_mnist_ip_0/inst/u_tpu_top/u_datapath/u_vector_processing_unit/u_post_process/GEN_BIAS_REQUANT.u_bias_requantize/data_flatten_o_reg[31]_i_5/CO[5]
                         net (fo=22, routed)          0.226     9.345    design_1_i/tpu_mnist_ip_0/inst/u_tpu_top/u_datapath/u_vector_processing_unit/u_post_process/GEN_BIAS_REQUANT.u_bias_requantize/data_flatten_o_reg[31]_i_5_n_2
    SLICE_X48Y10         LUT3 (Prop_D5LUT_SLICEL_I1_O)
                                                      0.110     9.455 f  design_1_i/tpu_mnist_ip_0/inst/u_tpu_top/u_datapath/u_vector_processing_unit/u_post_process/GEN_BIAS_REQUANT.u_bias_requantize/data_flatten_o[18]_i_2/O
                         net (fo=18, routed)          0.376     9.831    design_1_i/tpu_mnist_ip_0/inst/u_tpu_top/u_datapath/u_vector_processing_unit/u_post_process/GEN_BIAS_REQUANT.u_bias_requantize/data_flatten_o[18]_i_2_n_0
    SLICE_X52Y4          LUT6 (Prop_D6LUT_SLICEL_I5_O)
                                                      0.050     9.881 r  design_1_i/tpu_mnist_ip_0/inst/u_tpu_top/u_datapath/u_vector_processing_unit/u_post_process/GEN_BIAS_REQUANT.u_bias_requantize/data_flatten_o[2]_i_1/O
                         net (fo=1, routed)           0.049     9.930    design_1_i/tpu_mnist_ip_0/inst/u_tpu_top/u_datapath/u_vector_processing_unit/u_post_process/GEN_BIAS_REQUANT.u_bias_requantize/data_flatten_o[2]_i_1_n_0
    SLICE_X52Y4          FDCE                                         r  design_1_i/tpu_mnist_ip_0/inst/u_tpu_top/u_datapath/u_vector_processing_unit/u_post_process/GEN_BIAS_REQUANT.u_bias_requantize/data_flatten_o_reg[2]/D
  -------------------------------------------------------------------    -------------------

                         (clock clk_pl_0 rise edge)
                                                     10.000    10.000 r  
    PS8_X0Y0             PS8                          0.000    10.000 r  design_1_i/zynq_ultra_ps_e_0/inst/PS8_i/PLCLK[0]
                         net (fo=1, routed)           0.143    10.143    design_1_i/zynq_ultra_ps_e_0/inst/pl_clk_unbuffered[0]
    BUFG_PS_X0Y80        BUFG_PS (Prop_BUFG_PS_I_O)
                                                      0.025    10.168 r  design_1_i/zynq_ultra_ps_e_0/inst/buffer_pl_clk_0.PL_CLK_0_BUFG/O
    X1Y2 (CLOCK_ROOT)    net (fo=5377, routed)        1.572    11.740    design_1_i/tpu_mnist_ip_0/inst/u_tpu_top/u_datapath/u_vector_processing_unit/u_post_process/GEN_BIAS_REQUANT.u_bias_requantize/s_axi_aclk
    SLICE_X52Y4          FDCE                                         r  design_1_i/tpu_mnist_ip_0/inst/u_tpu_top/u_datapath/u_vector_processing_unit/u_post_process/GEN_BIAS_REQUANT.u_bias_requantize/data_flatten_o_reg[2]/C
                         clock pessimism              0.168    11.908    
                         clock uncertainty           -0.130    11.778    
    SLICE_X52Y4          FDCE (Setup_DFF_SLICEL_C_D)
                                                      0.025    11.803    design_1_i/tpu_mnist_ip_0/inst/u_tpu_top/u_datapath/u_vector_processing_unit/u_post_process/GEN_BIAS_REQUANT.u_bias_requantize/data_flatten_o_reg[2]
  -------------------------------------------------------------------
                         required time                         11.803    
                         arrival time                          -9.930    
  -------------------------------------------------------------------
                         slack                                  1.873    

Slack (MET) :             1.888ns  (required time - arrival time)
  Source:                 design_1_i/tpu_mnist_ip_0/inst/u_tpu_top/u_layer_controller/u_tile_controller/vpu_bias_flatten_o_reg[32]/C
                            (rising edge-triggered cell FDCE clocked by clk_pl_0  {rise@0.000ns fall@5.000ns period=10.000ns})
  Destination:            design_1_i/tpu_mnist_ip_0/inst/u_tpu_top/u_datapath/u_vector_processing_unit/u_post_process/GEN_BIAS_REQUANT.u_bias_requantize/data_flatten_o_reg[34]/D
                            (rising edge-triggered cell FDCE clocked by clk_pl_0  {rise@0.000ns fall@5.000ns period=10.000ns})
  Path Group:             clk_pl_0
  Path Type:              Setup (Max at Slow Process Corner)
  Requirement:            10.000ns  (clk_pl_0 rise@10.000ns - clk_pl_0 rise@0.000ns)
  Data Path Delay:        7.939ns  (logic 4.344ns (54.715%)  route 3.595ns (45.285%))
  Logic Levels:           34  (CARRY8=19 DSP_A_B_DATA=1 DSP_ALU=2 DSP_M_DATA=1 DSP_MULTIPLIER=1 DSP_OUTPUT=2 DSP_PREADD_DATA=1 LUT2=4 LUT3=2 LUT6=1)
  Clock Path Skew:        -0.068ns (DCD - SCD + CPR)
    Destination Clock Delay (DCD):    1.750ns = ( 11.750 - 10.000 ) 
    Source Clock Delay      (SCD):    1.986ns
    Clock Pessimism Removal (CPR):    0.169ns
  Clock Uncertainty:      0.130ns  ((TSJ^2 + DJ^2)^1/2) / 2 + PE
    Total System Jitter     (TSJ):    0.071ns
    Discrete Jitter          (DJ):    0.250ns
    Phase Error              (PE):    0.000ns
  Clock Net Delay (Source):      1.778ns (routing 0.569ns, distribution 1.209ns)
  Clock Net Delay (Destination): 1.582ns (routing 0.512ns, distribution 1.070ns)

    Location             Delay type                Incr(ns)  Path(ns)    Netlist Resource(s)
  -------------------------------------------------------------------    -------------------
                         (clock clk_pl_0 rise edge)
                                                      0.000     0.000 r  
    PS8_X0Y0             PS8                          0.000     0.000 r  design_1_i/zynq_ultra_ps_e_0/inst/PS8_i/PLCLK[0]
                         net (fo=1, routed)           0.180     0.180    design_1_i/zynq_ultra_ps_e_0/inst/pl_clk_unbuffered[0]
    BUFG_PS_X0Y80        BUFG_PS (Prop_BUFG_PS_I_O)
                                                      0.028     0.208 r  design_1_i/zynq_ultra_ps_e_0/inst/buffer_pl_clk_0.PL_CLK_0_BUFG/O
    X1Y2 (CLOCK_ROOT)    net (fo=5377, routed)        1.778     1.986    design_1_i/tpu_mnist_ip_0/inst/u_tpu_top/u_layer_controller/u_tile_controller/s_axi_aclk
    SLICE_X49Y20         FDCE                                         r  design_1_i/tpu_mnist_ip_0/inst/u_tpu_top/u_layer_controller/u_tile_controller/vpu_bias_flatten_o_reg[32]/C
  -------------------------------------------------------------------    -------------------
    SLICE_X49Y20         FDCE (Prop_DFF2_SLICEM_C_Q)
                                                      0.080     2.066 r  design_1_i/tpu_mnist_ip_0/inst/u_tpu_top/u_layer_controller/u_tile_controller/vpu_bias_flatten_o_reg[32]/Q
                         net (fo=1, routed)           0.259     2.325    design_1_i/tpu_mnist_ip_0/inst/u_tpu_top/u_datapath/u_vector_processing_unit/u_post_process/GEN_BIAS_REQUANT.u_bias_requantize/(null)[0].shifted_value0__4_1[13]
    SLICE_X53Y20         LUT2 (Prop_A6LUT_SLICEM_I1_O)
                                                      0.150     2.475 r  design_1_i/tpu_mnist_ip_0/inst/u_tpu_top/u_datapath/u_vector_processing_unit/u_post_process/GEN_BIAS_REQUANT.u_bias_requantize/(null)[0].shifted_value0__5_i_18/O
                         net (fo=1, routed)           0.013     2.488    design_1_i/tpu_mnist_ip_0/inst/u_tpu_top/u_datapath/u_vector_processing_unit/u_post_process/GEN_BIAS_REQUANT.u_bias_requantize/(null)[0].shifted_value0__5_i_18_n_0
    SLICE_X53Y20         CARRY8 (Prop_CARRY8_SLICEM_S[0]_CO[7])
                                                      0.192     2.680 r  design_1_i/tpu_mnist_ip_0/inst/u_tpu_top/u_datapath/u_vector_processing_unit/u_post_process/GEN_BIAS_REQUANT.u_bias_requantize/(null)[0].shifted_value0__5_i_2/CO[7]
                         net (fo=1, routed)           0.026     2.706    design_1_i/tpu_mnist_ip_0/inst/u_tpu_top/u_datapath/u_vector_processing_unit/u_post_process/GEN_BIAS_REQUANT.u_bias_requantize/(null)[0].shifted_value0__5_i_2_n_0
    SLICE_X53Y21         CARRY8 (Prop_CARRY8_SLICEM_CI_CO[7])
                                                      0.015     2.721 r  design_1_i/tpu_mnist_ip_0/inst/u_tpu_top/u_datapath/u_vector_processing_unit/u_post_process/GEN_BIAS_REQUANT.u_bias_requantize/(null)[0].shifted_value0__5_i_1/CO[7]
                         net (fo=1, routed)           0.026     2.747    design_1_i/tpu_mnist_ip_0/inst/u_tpu_top/u_datapath/u_vector_processing_unit/u_post_process/GEN_BIAS_REQUANT.u_bias_requantize/(null)[0].shifted_value0__5_i_1_n_0
    SLICE_X53Y22         CARRY8 (Prop_CARRY8_SLICEM_CI_O[5])
                                                      0.116     2.863 f  design_1_i/tpu_mnist_ip_0/inst/u_tpu_top/u_datapath/u_vector_processing_unit/u_post_process/GEN_BIAS_REQUANT.u_bias_requantize/(null)[0].shifted_value0__3_i_3/O[5]
                         net (fo=2, routed)           0.420     3.283    design_1_i/tpu_mnist_ip_0/inst/u_tpu_top/u_datapath/u_vector_processing_unit/u_post_process/GEN_BIAS_REQUANT.u_bias_requantize/(null)[0].shifted_value0__3/B[4]
    DSP48E2_X4Y6         DSP_A_B_DATA (Prop_DSP_A_B_DATA_DSP48E2_B[4]_B2_DATA[4])
                                                      0.151     3.434 r  design_1_i/tpu_mnist_ip_0/inst/u_tpu_top/u_datapath/u_vector_processing_unit/u_post_process/GEN_BIAS_REQUANT.u_bias_requantize/(null)[0].shifted_value0__3/DSP_A_B_DATA_INST/B2_DATA[4]
                         net (fo=1, routed)           0.000     3.434    design_1_i/tpu_mnist_ip_0/inst/u_tpu_top/u_datapath/u_vector_processing_unit/u_post_process/GEN_BIAS_REQUANT.u_bias_requantize/(null)[0].shifted_value0__3/DSP_A_B_DATA.B2_DATA<4>
    DSP48E2_X4Y6         DSP_PREADD_DATA (Prop_DSP_PREADD_DATA_DSP48E2_B2_DATA[4]_B2B1[4])
                                                      0.073     3.507 r  design_1_i/tpu_mnist_ip_0/inst/u_tpu_top/u_datapath/u_vector_processing_unit/u_post_process/GEN_BIAS_REQUANT.u_bias_requantize/(null)[0].shifted_value0__3/DSP_PREADD_DATA_INST/B2B1[4]
                         net (fo=1, routed)           0.000     3.507    design_1_i/tpu_mnist_ip_0/inst/u_tpu_top/u_datapath/u_vector_processing_unit/u_post_process/GEN_BIAS_REQUANT.u_bias_requantize/(null)[0].shifted_value0__3/DSP_PREADD_DATA.B2B1<4>
    DSP48E2_X4Y6         DSP_MULTIPLIER (Prop_DSP_MULTIPLIER_DSP48E2_B2B1[4]_V[34])
                                                      0.609     4.116 f  design_1_i/tpu_mnist_ip_0/inst/u_tpu_top/u_datapath/u_vector_processing_unit/u_post_process/GEN_BIAS_REQUANT.u_bias_requantize/(null)[0].shifted_value0__3/DSP_MULTIPLIER_INST/V[34]
                         net (fo=1, routed)           0.000     4.116    design_1_i/tpu_mnist_ip_0/inst/u_tpu_top/u_datapath/u_vector_processing_unit/u_post_process/GEN_BIAS_REQUANT.u_bias_requantize/(null)[0].shifted_value0__3/DSP_MULTIPLIER.V<34>
    DSP48E2_X4Y6         DSP_M_DATA (Prop_DSP_M_DATA_DSP48E2_V[34]_V_DATA[34])
                                                      0.046     4.162 r  design_1_i/tpu_mnist_ip_0/inst/u_tpu_top/u_datapath/u_vector_processing_unit/u_post_process/GEN_BIAS_REQUANT.u_bias_requantize/(null)[0].shifted_value0__3/DSP_M_DATA_INST/V_DATA[34]
                         net (fo=1, routed)           0.000     4.162    design_1_i/tpu_mnist_ip_0/inst/u_tpu_top/u_datapath/u_vector_processing_unit/u_post_process/GEN_BIAS_REQUANT.u_bias_requantize/(null)[0].shifted_value0__3/DSP_M_DATA.V_DATA<34>
    DSP48E2_X4Y6         DSP_ALU (Prop_DSP_ALU_DSP48E2_V_DATA[34]_ALU_OUT[47])
                                                      0.571     4.733 f  design_1_i/tpu_mnist_ip_0/inst/u_tpu_top/u_datapath/u_vector_processing_unit/u_post_process/GEN_BIAS_REQUANT.u_bias_requantize/(null)[0].shifted_value0__3/DSP_ALU_INST/ALU_OUT[47]
                         net (fo=1, routed)           0.000     4.733    design_1_i/tpu_mnist_ip_0/inst/u_tpu_top/u_datapath/u_vector_processing_unit/u_post_process/GEN_BIAS_REQUANT.u_bias_requantize/(null)[0].shifted_value0__3/DSP_ALU.ALU_OUT<47>
    DSP48E2_X4Y6         DSP_OUTPUT (Prop_DSP_OUTPUT_DSP48E2_ALU_OUT[47]_PCOUT[47])
                                                      0.122     4.855 r  design_1_i/tpu_mnist_ip_0/inst/u_tpu_top/u_datapath/u_vector_processing_unit/u_post_process/GEN_BIAS_REQUANT.u_bias_requantize/(null)[0].shifted_value0__3/DSP_OUTPUT_INST/PCOUT[47]
                         net (fo=1, routed)           0.014     4.869    design_1_i/tpu_mnist_ip_0/inst/u_tpu_top/u_datapath/u_vector_processing_unit/u_post_process/GEN_BIAS_REQUANT.u_bias_requantize/(null)[0].shifted_value0__4/PCIN[47]
    DSP48E2_X4Y7         DSP_ALU (Prop_DSP_ALU_DSP48E2_PCIN[47]_ALU_OUT[3])
                                                      0.546     5.415 f  design_1_i/tpu_mnist_ip_0/inst/u_tpu_top/u_datapath/u_vector_processing_unit/u_post_process/GEN_BIAS_REQUANT.u_bias_requantize/(null)[0].shifted_value0__4/DSP_ALU_INST/ALU_OUT[3]
                         net (fo=1, routed)           0.000     5.415    design_1_i/tpu_mnist_ip_0/inst/u_tpu_top/u_datapath/u_vector_processing_unit/u_post_process/GEN_BIAS_REQUANT.u_bias_requantize/(null)[0].shifted_value0__4/DSP_ALU.ALU_OUT<3>
    DSP48E2_X4Y7         DSP_OUTPUT (Prop_DSP_OUTPUT_DSP48E2_ALU_OUT[3]_P[3])
                                                      0.109     5.524 r  design_1_i/tpu_mnist_ip_0/inst/u_tpu_top/u_datapath/u_vector_processing_unit/u_post_process/GEN_BIAS_REQUANT.u_bias_requantize/(null)[0].shifted_value0__4/DSP_OUTPUT_INST/P[3]
                         net (fo=1, routed)           0.246     5.770    design_1_i/tpu_mnist_ip_0/inst/u_tpu_top/u_datapath/u_vector_processing_unit/u_post_process/GEN_BIAS_REQUANT.u_bias_requantize/p_0_in[37]
    SLICE_X55Y15         LUT2 (Prop_F6LUT_SLICEL_I1_O)
                                                      0.049     5.819 r  design_1_i/tpu_mnist_ip_0/inst/u_tpu_top/u_datapath/u_vector_processing_unit/u_post_process/GEN_BIAS_REQUANT.u_bias_requantize/data_flatten_o[50]_i_36/O
                         net (fo=1, routed)           0.011     5.830    design_1_i/tpu_mnist_ip_0/inst/u_tpu_top/u_datapath/u_vector_processing_unit/u_post_process/GEN_BIAS_REQUANT.u_bias_requantize/data_flatten_o[50]_i_36_n_0
    SLICE_X55Y15         CARRY8 (Prop_CARRY8_SLICEL_S[5]_CO[7])
                                                      0.155     5.985 r  design_1_i/tpu_mnist_ip_0/inst/u_tpu_top/u_datapath/u_vector_processing_unit/u_post_process/GEN_BIAS_REQUANT.u_bias_requantize/data_flatten_o_reg[50]_i_24/CO[7]
                         net (fo=1, routed)           0.026     6.011    design_1_i/tpu_mnist_ip_0/inst/u_tpu_top/u_datapath/u_vector_processing_unit/u_post_process/GEN_BIAS_REQUANT.u_bias_requantize/data_flatten_o_reg[50]_i_24_n_0
    SLICE_X55Y16         CARRY8 (Prop_CARRY8_SLICEL_CI_CO[7])
                                                      0.015     6.026 r  design_1_i/tpu_mnist_ip_0/inst/u_tpu_top/u_datapath/u_vector_processing_unit/u_post_process/GEN_BIAS_REQUANT.u_bias_requantize/data_flatten_o_reg[50]_i_7/CO[7]
                         net (fo=1, routed)           0.026     6.052    design_1_i/tpu_mnist_ip_0/inst/u_tpu_top/u_datapath/u_vector_processing_unit/u_post_process/GEN_BIAS_REQUANT.u_bias_requantize/data_flatten_o_reg[50]_i_7_n_0
    SLICE_X55Y17         CARRY8 (Prop_CARRY8_SLICEL_CI_CO[7])
                                                      0.015     6.067 r  design_1_i/tpu_mnist_ip_0/inst/u_tpu_top/u_datapath/u_vector_processing_unit/u_post_process/GEN_BIAS_REQUANT.u_bias_requantize/data_flatten_o_reg[50]_i_33/CO[7]
                         net (fo=1, routed)           0.026     6.093    design_1_i/tpu_mnist_ip_0/inst/u_tpu_top/u_datapath/u_vector_processing_unit/u_post_process/GEN_BIAS_REQUANT.u_bias_requantize/data_flatten_o_reg[50]_i_33_n_0
    SLICE_X55Y18         CARRY8 (Prop_CARRY8_SLICEL_CI_CO[7])
                                                      0.015     6.108 r  design_1_i/tpu_mnist_ip_0/inst/u_tpu_top/u_datapath/u_vector_processing_unit/u_post_process/GEN_BIAS_REQUANT.u_bias_requantize/data_flatten_o_reg[63]_i_73/CO[7]
                         net (fo=1, routed)           0.026     6.134    design_1_i/tpu_mnist_ip_0/inst/u_tpu_top/u_datapath/u_vector_processing_unit/u_post_process/GEN_BIAS_REQUANT.u_bias_requantize/data_flatten_o_reg[63]_i_73_n_0
    SLICE_X55Y19         CARRY8 (Prop_CARRY8_SLICEL_CI_O[0])
                                                      0.056     6.190 r  design_1_i/tpu_mnist_ip_0/inst/u_tpu_top/u_datapath/u_vector_processing_unit/u_post_process/GEN_BIAS_REQUANT.u_bias_requantize/data_flatten_o_reg[50]_i_6/O[0]
                         net (fo=125, routed)         0.311     6.501    design_1_i/tpu_mnist_ip_0/inst/u_tpu_top/u_datapath/u_vector_processing_unit/u_post_process/GEN_BIAS_REQUANT.u_bias_requantize/data_flatten_o_reg[50]_i_6_n_15
    SLICE_X54Y13         LUT2 (Prop_B6LUT_SLICEM_I0_O)
                                                      0.125     6.626 r  design_1_i/tpu_mnist_ip_0/inst/u_tpu_top/u_datapath/u_vector_processing_unit/u_post_process/GEN_BIAS_REQUANT.u_bias_requantize/data_flatten_o[38]_i_27/O
                         net (fo=1, routed)           0.016     6.642    design_1_i/tpu_mnist_ip_0/inst/u_tpu_top/u_datapath/u_vector_processing_unit/u_post_process/GEN_BIAS_REQUANT.u_bias_requantize/data_flatten_o[38]_i_27_n_0
    SLICE_X54Y13         CARRY8 (Prop_CARRY8_SLICEM_S[1]_CO[7])
                                                      0.190     6.832 r  design_1_i/tpu_mnist_ip_0/inst/u_tpu_top/u_datapath/u_vector_processing_unit/u_post_process/GEN_BIAS_REQUANT.u_bias_requantize/data_flatten_o_reg[38]_i_12/CO[7]
                         net (fo=1, routed)           0.026     6.858    design_1_i/tpu_mnist_ip_0/inst/u_tpu_top/u_datapath/u_vector_processing_unit/u_post_process/GEN_BIAS_REQUANT.u_bias_requantize/data_flatten_o_reg[38]_i_12_n_0
    SLICE_X54Y14         CARRY8 (Prop_CARRY8_SLICEM_CI_CO[7])
                                                      0.015     6.873 r  design_1_i/tpu_mnist_ip_0/inst/u_tpu_top/u_datapath/u_vector_processing_unit/u_post_process/GEN_BIAS_REQUANT.u_bias_requantize/data_flatten_o_reg[38]_i_3/CO[7]
                         net (fo=1, routed)           0.026     6.899    design_1_i/tpu_mnist_ip_0/inst/u_tpu_top/u_datapath/u_vector_processing_unit/u_post_process/GEN_BIAS_REQUANT.u_bias_requantize/data_flatten_o_reg[38]_i_3_n_0
    SLICE_X54Y15         CARRY8 (Prop_CARRY8_SLICEM_CI_CO[7])
                                                      0.015     6.914 r  design_1_i/tpu_mnist_ip_0/inst/u_tpu_top/u_datapath/u_vector_processing_unit/u_post_process/GEN_BIAS_REQUANT.u_bias_requantize/data_flatten_o_reg[38]_i_2/CO[7]
                         net (fo=1, routed)           0.026     6.940    design_1_i/tpu_mnist_ip_0/inst/u_tpu_top/u_datapath/u_vector_processing_unit/u_post_process/GEN_BIAS_REQUANT.u_bias_requantize/data_flatten_o_reg[38]_i_2_n_0
    SLICE_X54Y16         CARRY8 (Prop_CARRY8_SLICEM_CI_CO[7])
                                                      0.015     6.955 r  design_1_i/tpu_mnist_ip_0/inst/u_tpu_top/u_datapath/u_vector_processing_unit/u_post_process/GEN_BIAS_REQUANT.u_bias_requantize/data_flatten_o_reg[46]_i_2/CO[7]
                         net (fo=1, routed)           0.026     6.981    design_1_i/tpu_mnist_ip_0/inst/u_tpu_top/u_datapath/u_vector_processing_unit/u_post_process/GEN_BIAS_REQUANT.u_bias_requantize/data_flatten_o_reg[46]_i_2_n_0
    SLICE_X54Y17         CARRY8 (Prop_CARRY8_SLICEM_CI_CO[7])
                                                      0.015     6.996 r  design_1_i/tpu_mnist_ip_0/inst/u_tpu_top/u_datapath/u_vector_processing_unit/u_post_process/GEN_BIAS_REQUANT.u_bias_requantize/data_flatten_o_reg[50]_i_4/CO[7]
                         net (fo=1, routed)           0.026     7.022    design_1_i/tpu_mnist_ip_0/inst/u_tpu_top/u_datapath/u_vector_processing_unit/u_post_process/GEN_BIAS_REQUANT.u_bias_requantize/data_flatten_o_reg[50]_i_4_n_0
    SLICE_X54Y18         CARRY8 (Prop_CARRY8_SLICEM_CI_CO[7])
                                                      0.015     7.037 r  design_1_i/tpu_mnist_ip_0/inst/u_tpu_top/u_datapath/u_vector_processing_unit/u_post_process/GEN_BIAS_REQUANT.u_bias_requantize/data_flatten_o_reg[62]_i_3/CO[7]
                         net (fo=1, routed)           0.026     7.063    design_1_i/tpu_mnist_ip_0/inst/u_tpu_top/u_datapath/u_vector_processing_unit/u_post_process/GEN_BIAS_REQUANT.u_bias_requantize/data_flatten_o_reg[62]_i_3_n_0
    SLICE_X54Y19         CARRY8 (Prop_CARRY8_SLICEM_CI_O[1])
                                                      0.076     7.139 f  design_1_i/tpu_mnist_ip_0/inst/u_tpu_top/u_datapath/u_vector_processing_unit/u_post_process/GEN_BIAS_REQUANT.u_bias_requantize/data_flatten_o_reg[63]_i_18/O[1]
                         net (fo=7, routed)           0.509     7.648    design_1_i/tpu_mnist_ip_0/inst/u_tpu_top/u_datapath/u_vector_processing_unit/u_post_process/GEN_BIAS_REQUANT.u_bias_requantize/(null)[0].rounded_product[63]
    SLICE_X51Y16         LUT3 (Prop_G6LUT_SLICEL_I1_O)
                                                      0.050     7.698 r  design_1_i/tpu_mnist_ip_0/inst/u_tpu_top/u_datapath/u_vector_processing_unit/u_post_process/GEN_BIAS_REQUANT.u_bias_requantize/data_flatten_o[63]_i_244/O
                         net (fo=1, routed)           0.325     8.023    design_1_i/tpu_mnist_ip_0/inst/u_tpu_top/u_datapath/u_vector_processing_unit/u_post_process/GEN_BIAS_REQUANT.u_bias_requantize/data_flatten_o[63]_i_244_n_0
    SLICE_X53Y16         CARRY8 (Prop_CARRY8_SLICEM_CI_CO[7])
                                                      0.153     8.176 r  design_1_i/tpu_mnist_ip_0/inst/u_tpu_top/u_datapath/u_vector_processing_unit/u_post_process/GEN_BIAS_REQUANT.u_bias_requantize/data_flatten_o_reg[63]_i_162/CO[7]
                         net (fo=1, routed)           0.026     8.202    design_1_i/tpu_mnist_ip_0/inst/u_tpu_top/u_datapath/u_vector_processing_unit/u_post_process/GEN_BIAS_REQUANT.u_bias_requantize/data_flatten_o_reg[63]_i_162_n_0
    SLICE_X53Y17         CARRY8 (Prop_CARRY8_SLICEM_CI_O[6])
                                                      0.103     8.305 r  design_1_i/tpu_mnist_ip_0/inst/u_tpu_top/u_datapath/u_vector_processing_unit/u_post_process/GEN_BIAS_REQUANT.u_bias_requantize/data_flatten_o_reg[63]_i_161/O[6]
                         net (fo=4, routed)           0.234     8.539    design_1_i/tpu_mnist_ip_0/inst/u_tpu_top/u_datapath/u_vector_processing_unit/u_post_process/GEN_BIAS_REQUANT.u_bias_requantize/data_flatten_o_reg[63]_i_161_n_9
    SLICE_X52Y18         LUT2 (Prop_E6LUT_SLICEL_I0_O)
                                                      0.123     8.662 r  design_1_i/tpu_mnist_ip_0/inst/u_tpu_top/u_datapath/u_vector_processing_unit/u_post_process/GEN_BIAS_REQUANT.u_bias_requantize/data_flatten_o[63]_i_112/O
                         net (fo=1, routed)           0.007     8.669    design_1_i/tpu_mnist_ip_0/inst/u_tpu_top/u_datapath/u_vector_processing_unit/u_post_process/GEN_BIAS_REQUANT.u_bias_requantize/data_flatten_o[63]_i_112_n_0
    SLICE_X52Y18         CARRY8 (Prop_CARRY8_SLICEL_S[4]_CO[7])
                                                      0.153     8.822 f  design_1_i/tpu_mnist_ip_0/inst/u_tpu_top/u_datapath/u_vector_processing_unit/u_post_process/GEN_BIAS_REQUANT.u_bias_requantize/data_flatten_o_reg[63]_i_31/CO[7]
                         net (fo=1, routed)           0.026     8.848    design_1_i/tpu_mnist_ip_0/inst/u_tpu_top/u_datapath/u_vector_processing_unit/u_post_process/GEN_BIAS_REQUANT.u_bias_requantize/data_flatten_o_reg[63]_i_31_n_0
    SLICE_X52Y19         CARRY8 (Prop_CARRY8_SLICEL_CI_CO[5])
                                                      0.077     8.925 f  design_1_i/tpu_mnist_ip_0/inst/u_tpu_top/u_datapath/u_vector_processing_unit/u_post_process/GEN_BIAS_REQUANT.u_bias_requantize/data_flatten_o_reg[63]_i_5/CO[5]
                         net (fo=22, routed)          0.425     9.351    design_1_i/tpu_mnist_ip_0/inst/u_tpu_top/u_datapath/u_vector_processing_unit/u_post_process/GEN_BIAS_REQUANT.u_bias_requantize/data_flatten_o_reg[63]_i_5_n_2
    SLICE_X50Y14         LUT3 (Prop_D5LUT_SLICEM_I1_O)
                                                      0.097     9.448 f  design_1_i/tpu_mnist_ip_0/inst/u_tpu_top/u_datapath/u_vector_processing_unit/u_post_process/GEN_BIAS_REQUANT.u_bias_requantize/data_flatten_o[50]_i_2/O
                         net (fo=18, routed)          0.369     9.816    design_1_i/tpu_mnist_ip_0/inst/u_tpu_top/u_datapath/u_vector_processing_unit/u_post_process/GEN_BIAS_REQUANT.u_bias_requantize/data_flatten_o[50]_i_2_n_0
    SLICE_X56Y15         LUT6 (Prop_D6LUT_SLICEM_I5_O)
                                                      0.037     9.853 r  design_1_i/tpu_mnist_ip_0/inst/u_tpu_top/u_datapath/u_vector_processing_unit/u_post_process/GEN_BIAS_REQUANT.u_bias_requantize/data_flatten_o[34]_i_1/O
                         net (fo=1, routed)           0.072     9.925    design_1_i/tpu_mnist_ip_0/inst/u_tpu_top/u_datapath/u_vector_processing_unit/u_post_process/GEN_BIAS_REQUANT.u_bias_requantize/data_flatten_o[34]_i_1_n_0
    SLICE_X56Y15         FDCE                                         r  design_1_i/tpu_mnist_ip_0/inst/u_tpu_top/u_datapath/u_vector_processing_unit/u_post_process/GEN_BIAS_REQUANT.u_bias_requantize/data_flatten_o_reg[34]/D
  -------------------------------------------------------------------    -------------------

                         (clock clk_pl_0 rise edge)
                                                     10.000    10.000 r  
    PS8_X0Y0             PS8                          0.000    10.000 r  design_1_i/zynq_ultra_ps_e_0/inst/PS8_i/PLCLK[0]
                         net (fo=1, routed)           0.143    10.143    design_1_i/zynq_ultra_ps_e_0/inst/pl_clk_unbuffered[0]
    BUFG_PS_X0Y80        BUFG_PS (Prop_BUFG_PS_I_O)
                                                      0.025    10.168 r  design_1_i/zynq_ultra_ps_e_0/inst/buffer_pl_clk_0.PL_CLK_0_BUFG/O
    X1Y2 (CLOCK_ROOT)    net (fo=5377, routed)        1.582    11.750    design_1_i/tpu_mnist_ip_0/inst/u_tpu_top/u_datapath/u_vector_processing_unit/u_post_process/GEN_BIAS_REQUANT.u_bias_requantize/s_axi_aclk
    SLICE_X56Y15         FDCE                                         r  design_1_i/tpu_mnist_ip_0/inst/u_tpu_top/u_datapath/u_vector_processing_unit/u_post_process/GEN_BIAS_REQUANT.u_bias_requantize/data_flatten_o_reg[34]/C
                         clock pessimism              0.169    11.918    
                         clock uncertainty           -0.130    11.788    
    SLICE_X56Y15         FDCE (Setup_DFF_SLICEM_C_D)
                                                      0.025    11.813    design_1_i/tpu_mnist_ip_0/inst/u_tpu_top/u_datapath/u_vector_processing_unit/u_post_process/GEN_BIAS_REQUANT.u_bias_requantize/data_flatten_o_reg[34]
  -------------------------------------------------------------------
                         required time                         11.813    
                         arrival time                          -9.925    
  -------------------------------------------------------------------
                         slack                                  1.888    

Slack (MET) :             1.894ns  (required time - arrival time)
  Source:                 design_1_i/tpu_mnist_ip_0/inst/u_tpu_top/u_layer_controller/u_tile_controller/vpu_bias_flatten_o_reg[32]/C
                            (rising edge-triggered cell FDCE clocked by clk_pl_0  {rise@0.000ns fall@5.000ns period=10.000ns})
  Destination:            design_1_i/tpu_mnist_ip_0/inst/u_tpu_top/u_datapath/u_vector_processing_unit/u_post_process/GEN_BIAS_REQUANT.u_bias_requantize/data_flatten_o_reg[35]/D
                            (rising edge-triggered cell FDCE clocked by clk_pl_0  {rise@0.000ns fall@5.000ns period=10.000ns})
  Path Group:             clk_pl_0
  Path Type:              Setup (Max at Slow Process Corner)
  Requirement:            10.000ns  (clk_pl_0 rise@10.000ns - clk_pl_0 rise@0.000ns)
  Data Path Delay:        7.933ns  (logic 4.344ns (54.756%)  route 3.589ns (45.244%))
  Logic Levels:           34  (CARRY8=19 DSP_A_B_DATA=1 DSP_ALU=2 DSP_M_DATA=1 DSP_MULTIPLIER=1 DSP_OUTPUT=2 DSP_PREADD_DATA=1 LUT2=4 LUT3=2 LUT6=1)
  Clock Path Skew:        -0.068ns (DCD - SCD + CPR)
    Destination Clock Delay (DCD):    1.750ns = ( 11.750 - 10.000 ) 
    Source Clock Delay      (SCD):    1.986ns
    Clock Pessimism Removal (CPR):    0.169ns
  Clock Uncertainty:      0.130ns  ((TSJ^2 + DJ^2)^1/2) / 2 + PE
    Total System Jitter     (TSJ):    0.071ns
    Discrete Jitter          (DJ):    0.250ns
    Phase Error              (PE):    0.000ns
  Clock Net Delay (Source):      1.778ns (routing 0.569ns, distribution 1.209ns)
  Clock Net Delay (Destination): 1.582ns (routing 0.512ns, distribution 1.070ns)

    Location             Delay type                Incr(ns)  Path(ns)    Netlist Resource(s)
  -------------------------------------------------------------------    -------------------
                         (clock clk_pl_0 rise edge)
                                                      0.000     0.000 r  
    PS8_X0Y0             PS8                          0.000     0.000 r  design_1_i/zynq_ultra_ps_e_0/inst/PS8_i/PLCLK[0]
                         net (fo=1, routed)           0.180     0.180    design_1_i/zynq_ultra_ps_e_0/inst/pl_clk_unbuffered[0]
    BUFG_PS_X0Y80        BUFG_PS (Prop_BUFG_PS_I_O)
                                                      0.028     0.208 r  design_1_i/zynq_ultra_ps_e_0/inst/buffer_pl_clk_0.PL_CLK_0_BUFG/O
    X1Y2 (CLOCK_ROOT)    net (fo=5377, routed)        1.778     1.986    design_1_i/tpu_mnist_ip_0/inst/u_tpu_top/u_layer_controller/u_tile_controller/s_axi_aclk
    SLICE_X49Y20         FDCE                                         r  design_1_i/tpu_mnist_ip_0/inst/u_tpu_top/u_layer_controller/u_tile_controller/vpu_bias_flatten_o_reg[32]/C
  -------------------------------------------------------------------    -------------------
    SLICE_X49Y20         FDCE (Prop_DFF2_SLICEM_C_Q)
                                                      0.080     2.066 r  design_1_i/tpu_mnist_ip_0/inst/u_tpu_top/u_layer_controller/u_tile_controller/vpu_bias_flatten_o_reg[32]/Q
                         net (fo=1, routed)           0.259     2.325    design_1_i/tpu_mnist_ip_0/inst/u_tpu_top/u_datapath/u_vector_processing_unit/u_post_process/GEN_BIAS_REQUANT.u_bias_requantize/(null)[0].shifted_value0__4_1[13]
    SLICE_X53Y20         LUT2 (Prop_A6LUT_SLICEM_I1_O)
                                                      0.150     2.475 r  design_1_i/tpu_mnist_ip_0/inst/u_tpu_top/u_datapath/u_vector_processing_unit/u_post_process/GEN_BIAS_REQUANT.u_bias_requantize/(null)[0].shifted_value0__5_i_18/O
                         net (fo=1, routed)           0.013     2.488    design_1_i/tpu_mnist_ip_0/inst/u_tpu_top/u_datapath/u_vector_processing_unit/u_post_process/GEN_BIAS_REQUANT.u_bias_requantize/(null)[0].shifted_value0__5_i_18_n_0
    SLICE_X53Y20         CARRY8 (Prop_CARRY8_SLICEM_S[0]_CO[7])
                                                      0.192     2.680 r  design_1_i/tpu_mnist_ip_0/inst/u_tpu_top/u_datapath/u_vector_processing_unit/u_post_process/GEN_BIAS_REQUANT.u_bias_requantize/(null)[0].shifted_value0__5_i_2/CO[7]
                         net (fo=1, routed)           0.026     2.706    design_1_i/tpu_mnist_ip_0/inst/u_tpu_top/u_datapath/u_vector_processing_unit/u_post_process/GEN_BIAS_REQUANT.u_bias_requantize/(null)[0].shifted_value0__5_i_2_n_0
    SLICE_X53Y21         CARRY8 (Prop_CARRY8_SLICEM_CI_CO[7])
                                                      0.015     2.721 r  design_1_i/tpu_mnist_ip_0/inst/u_tpu_top/u_datapath/u_vector_processing_unit/u_post_process/GEN_BIAS_REQUANT.u_bias_requantize/(null)[0].shifted_value0__5_i_1/CO[7]
                         net (fo=1, routed)           0.026     2.747    design_1_i/tpu_mnist_ip_0/inst/u_tpu_top/u_datapath/u_vector_processing_unit/u_post_process/GEN_BIAS_REQUANT.u_bias_requantize/(null)[0].shifted_value0__5_i_1_n_0
    SLICE_X53Y22         CARRY8 (Prop_CARRY8_SLICEM_CI_O[5])
                                                      0.116     2.863 f  design_1_i/tpu_mnist_ip_0/inst/u_tpu_top/u_datapath/u_vector_processing_unit/u_post_process/GEN_BIAS_REQUANT.u_bias_requantize/(null)[0].shifted_value0__3_i_3/O[5]
                         net (fo=2, routed)           0.420     3.283    design_1_i/tpu_mnist_ip_0/inst/u_tpu_top/u_datapath/u_vector_processing_unit/u_post_process/GEN_BIAS_REQUANT.u_bias_requantize/(null)[0].shifted_value0__3/B[4]
    DSP48E2_X4Y6         DSP_A_B_DATA (Prop_DSP_A_B_DATA_DSP48E2_B[4]_B2_DATA[4])
                                                      0.151     3.434 r  design_1_i/tpu_mnist_ip_0/inst/u_tpu_top/u_datapath/u_vector_processing_unit/u_post_process/GEN_BIAS_REQUANT.u_bias_requantize/(null)[0].shifted_value0__3/DSP_A_B_DATA_INST/B2_DATA[4]
                         net (fo=1, routed)           0.000     3.434    design_1_i/tpu_mnist_ip_0/inst/u_tpu_top/u_datapath/u_vector_processing_unit/u_post_process/GEN_BIAS_REQUANT.u_bias_requantize/(null)[0].shifted_value0__3/DSP_A_B_DATA.B2_DATA<4>
    DSP48E2_X4Y6         DSP_PREADD_DATA (Prop_DSP_PREADD_DATA_DSP48E2_B2_DATA[4]_B2B1[4])
                                                      0.073     3.507 r  design_1_i/tpu_mnist_ip_0/inst/u_tpu_top/u_datapath/u_vector_processing_unit/u_post_process/GEN_BIAS_REQUANT.u_bias_requantize/(null)[0].shifted_value0__3/DSP_PREADD_DATA_INST/B2B1[4]
                         net (fo=1, routed)           0.000     3.507    design_1_i/tpu_mnist_ip_0/inst/u_tpu_top/u_datapath/u_vector_processing_unit/u_post_process/GEN_BIAS_REQUANT.u_bias_requantize/(null)[0].shifted_value0__3/DSP_PREADD_DATA.B2B1<4>
    DSP48E2_X4Y6         DSP_MULTIPLIER (Prop_DSP_MULTIPLIER_DSP48E2_B2B1[4]_V[34])
                                                      0.609     4.116 f  design_1_i/tpu_mnist_ip_0/inst/u_tpu_top/u_datapath/u_vector_processing_unit/u_post_process/GEN_BIAS_REQUANT.u_bias_requantize/(null)[0].shifted_value0__3/DSP_MULTIPLIER_INST/V[34]
                         net (fo=1, routed)           0.000     4.116    design_1_i/tpu_mnist_ip_0/inst/u_tpu_top/u_datapath/u_vector_processing_unit/u_post_process/GEN_BIAS_REQUANT.u_bias_requantize/(null)[0].shifted_value0__3/DSP_MULTIPLIER.V<34>
    DSP48E2_X4Y6         DSP_M_DATA (Prop_DSP_M_DATA_DSP48E2_V[34]_V_DATA[34])
                                                      0.046     4.162 r  design_1_i/tpu_mnist_ip_0/inst/u_tpu_top/u_datapath/u_vector_processing_unit/u_post_process/GEN_BIAS_REQUANT.u_bias_requantize/(null)[0].shifted_value0__3/DSP_M_DATA_INST/V_DATA[34]
                         net (fo=1, routed)           0.000     4.162    design_1_i/tpu_mnist_ip_0/inst/u_tpu_top/u_datapath/u_vector_processing_unit/u_post_process/GEN_BIAS_REQUANT.u_bias_requantize/(null)[0].shifted_value0__3/DSP_M_DATA.V_DATA<34>
    DSP48E2_X4Y6         DSP_ALU (Prop_DSP_ALU_DSP48E2_V_DATA[34]_ALU_OUT[47])
                                                      0.571     4.733 f  design_1_i/tpu_mnist_ip_0/inst/u_tpu_top/u_datapath/u_vector_processing_unit/u_post_process/GEN_BIAS_REQUANT.u_bias_requantize/(null)[0].shifted_value0__3/DSP_ALU_INST/ALU_OUT[47]
                         net (fo=1, routed)           0.000     4.733    design_1_i/tpu_mnist_ip_0/inst/u_tpu_top/u_datapath/u_vector_processing_unit/u_post_process/GEN_BIAS_REQUANT.u_bias_requantize/(null)[0].shifted_value0__3/DSP_ALU.ALU_OUT<47>
    DSP48E2_X4Y6         DSP_OUTPUT (Prop_DSP_OUTPUT_DSP48E2_ALU_OUT[47]_PCOUT[47])
                                                      0.122     4.855 r  design_1_i/tpu_mnist_ip_0/inst/u_tpu_top/u_datapath/u_vector_processing_unit/u_post_process/GEN_BIAS_REQUANT.u_bias_requantize/(null)[0].shifted_value0__3/DSP_OUTPUT_INST/PCOUT[47]
                         net (fo=1, routed)           0.014     4.869    design_1_i/tpu_mnist_ip_0/inst/u_tpu_top/u_datapath/u_vector_processing_unit/u_post_process/GEN_BIAS_REQUANT.u_bias_requantize/(null)[0].shifted_value0__4/PCIN[47]
    DSP48E2_X4Y7         DSP_ALU (Prop_DSP_ALU_DSP48E2_PCIN[47]_ALU_OUT[3])
                                                      0.546     5.415 f  design_1_i/tpu_mnist_ip_0/inst/u_tpu_top/u_datapath/u_vector_processing_unit/u_post_process/GEN_BIAS_REQUANT.u_bias_requantize/(null)[0].shifted_value0__4/DSP_ALU_INST/ALU_OUT[3]
                         net (fo=1, routed)           0.000     5.415    design_1_i/tpu_mnist_ip_0/inst/u_tpu_top/u_datapath/u_vector_processing_unit/u_post_process/GEN_BIAS_REQUANT.u_bias_requantize/(null)[0].shifted_value0__4/DSP_ALU.ALU_OUT<3>
    DSP48E2_X4Y7         DSP_OUTPUT (Prop_DSP_OUTPUT_DSP48E2_ALU_OUT[3]_P[3])
                                                      0.109     5.524 r  design_1_i/tpu_mnist_ip_0/inst/u_tpu_top/u_datapath/u_vector_processing_unit/u_post_process/GEN_BIAS_REQUANT.u_bias_requantize/(null)[0].shifted_value0__4/DSP_OUTPUT_INST/P[3]
                         net (fo=1, routed)           0.246     5.770    design_1_i/tpu_mnist_ip_0/inst/u_tpu_top/u_datapath/u_vector_processing_unit/u_post_process/GEN_BIAS_REQUANT.u_bias_requantize/p_0_in[37]
    SLICE_X55Y15         LUT2 (Prop_F6LUT_SLICEL_I1_O)
                                                      0.049     5.819 r  design_1_i/tpu_mnist_ip_0/inst/u_tpu_top/u_datapath/u_vector_processing_unit/u_post_process/GEN_BIAS_REQUANT.u_bias_requantize/data_flatten_o[50]_i_36/O
                         net (fo=1, routed)           0.011     5.830    design_1_i/tpu_mnist_ip_0/inst/u_tpu_top/u_datapath/u_vector_processing_unit/u_post_process/GEN_BIAS_REQUANT.u_bias_requantize/data_flatten_o[50]_i_36_n_0
    SLICE_X55Y15         CARRY8 (Prop_CARRY8_SLICEL_S[5]_CO[7])
                                                      0.155     5.985 r  design_1_i/tpu_mnist_ip_0/inst/u_tpu_top/u_datapath/u_vector_processing_unit/u_post_process/GEN_BIAS_REQUANT.u_bias_requantize/data_flatten_o_reg[50]_i_24/CO[7]
                         net (fo=1, routed)           0.026     6.011    design_1_i/tpu_mnist_ip_0/inst/u_tpu_top/u_datapath/u_vector_processing_unit/u_post_process/GEN_BIAS_REQUANT.u_bias_requantize/data_flatten_o_reg[50]_i_24_n_0
    SLICE_X55Y16         CARRY8 (Prop_CARRY8_SLICEL_CI_CO[7])
                                                      0.015     6.026 r  design_1_i/tpu_mnist_ip_0/inst/u_tpu_top/u_datapath/u_vector_processing_unit/u_post_process/GEN_BIAS_REQUANT.u_bias_requantize/data_flatten_o_reg[50]_i_7/CO[7]
                         net (fo=1, routed)           0.026     6.052    design_1_i/tpu_mnist_ip_0/inst/u_tpu_top/u_datapath/u_vector_processing_unit/u_post_process/GEN_BIAS_REQUANT.u_bias_requantize/data_flatten_o_reg[50]_i_7_n_0
    SLICE_X55Y17         CARRY8 (Prop_CARRY8_SLICEL_CI_CO[7])
                                                      0.015     6.067 r  design_1_i/tpu_mnist_ip_0/inst/u_tpu_top/u_datapath/u_vector_processing_unit/u_post_process/GEN_BIAS_REQUANT.u_bias_requantize/data_flatten_o_reg[50]_i_33/CO[7]
                         net (fo=1, routed)           0.026     6.093    design_1_i/tpu_mnist_ip_0/inst/u_tpu_top/u_datapath/u_vector_processing_unit/u_post_process/GEN_BIAS_REQUANT.u_bias_requantize/data_flatten_o_reg[50]_i_33_n_0
    SLICE_X55Y18         CARRY8 (Prop_CARRY8_SLICEL_CI_CO[7])
                                                      0.015     6.108 r  design_1_i/tpu_mnist_ip_0/inst/u_tpu_top/u_datapath/u_vector_processing_unit/u_post_process/GEN_BIAS_REQUANT.u_bias_requantize/data_flatten_o_reg[63]_i_73/CO[7]
                         net (fo=1, routed)           0.026     6.134    design_1_i/tpu_mnist_ip_0/inst/u_tpu_top/u_datapath/u_vector_processing_unit/u_post_process/GEN_BIAS_REQUANT.u_bias_requantize/data_flatten_o_reg[63]_i_73_n_0
    SLICE_X55Y19         CARRY8 (Prop_CARRY8_SLICEL_CI_O[0])
                                                      0.056     6.190 r  design_1_i/tpu_mnist_ip_0/inst/u_tpu_top/u_datapath/u_vector_processing_unit/u_post_process/GEN_BIAS_REQUANT.u_bias_requantize/data_flatten_o_reg[50]_i_6/O[0]
                         net (fo=125, routed)         0.311     6.501    design_1_i/tpu_mnist_ip_0/inst/u_tpu_top/u_datapath/u_vector_processing_unit/u_post_process/GEN_BIAS_REQUANT.u_bias_requantize/data_flatten_o_reg[50]_i_6_n_15
    SLICE_X54Y13         LUT2 (Prop_B6LUT_SLICEM_I0_O)
                                                      0.125     6.626 r  design_1_i/tpu_mnist_ip_0/inst/u_tpu_top/u_datapath/u_vector_processing_unit/u_post_process/GEN_BIAS_REQUANT.u_bias_requantize/data_flatten_o[38]_i_27/O
                         net (fo=1, routed)           0.016     6.642    design_1_i/tpu_mnist_ip_0/inst/u_tpu_top/u_datapath/u_vector_processing_unit/u_post_process/GEN_BIAS_REQUANT.u_bias_requantize/data_flatten_o[38]_i_27_n_0
    SLICE_X54Y13         CARRY8 (Prop_CARRY8_SLICEM_S[1]_CO[7])
                                                      0.190     6.832 r  design_1_i/tpu_mnist_ip_0/inst/u_tpu_top/u_datapath/u_vector_processing_unit/u_post_process/GEN_BIAS_REQUANT.u_bias_requantize/data_flatten_o_reg[38]_i_12/CO[7]
                         net (fo=1, routed)           0.026     6.858    design_1_i/tpu_mnist_ip_0/inst/u_tpu_top/u_datapath/u_vector_processing_unit/u_post_process/GEN_BIAS_REQUANT.u_bias_requantize/data_flatten_o_reg[38]_i_12_n_0
    SLICE_X54Y14         CARRY8 (Prop_CARRY8_SLICEM_CI_CO[7])
                                                      0.015     6.873 r  design_1_i/tpu_mnist_ip_0/inst/u_tpu_top/u_datapath/u_vector_processing_unit/u_post_process/GEN_BIAS_REQUANT.u_bias_requantize/data_flatten_o_reg[38]_i_3/CO[7]
                         net (fo=1, routed)           0.026     6.899    design_1_i/tpu_mnist_ip_0/inst/u_tpu_top/u_datapath/u_vector_processing_unit/u_post_process/GEN_BIAS_REQUANT.u_bias_requantize/data_flatten_o_reg[38]_i_3_n_0
    SLICE_X54Y15         CARRY8 (Prop_CARRY8_SLICEM_CI_CO[7])
                                                      0.015     6.914 r  design_1_i/tpu_mnist_ip_0/inst/u_tpu_top/u_datapath/u_vector_processing_unit/u_post_process/GEN_BIAS_REQUANT.u_bias_requantize/data_flatten_o_reg[38]_i_2/CO[7]
                         net (fo=1, routed)           0.026     6.940    design_1_i/tpu_mnist_ip_0/inst/u_tpu_top/u_datapath/u_vector_processing_unit/u_post_process/GEN_BIAS_REQUANT.u_bias_requantize/data_flatten_o_reg[38]_i_2_n_0
    SLICE_X54Y16         CARRY8 (Prop_CARRY8_SLICEM_CI_CO[7])
                                                      0.015     6.955 r  design_1_i/tpu_mnist_ip_0/inst/u_tpu_top/u_datapath/u_vector_processing_unit/u_post_process/GEN_BIAS_REQUANT.u_bias_requantize/data_flatten_o_reg[46]_i_2/CO[7]
                         net (fo=1, routed)           0.026     6.981    design_1_i/tpu_mnist_ip_0/inst/u_tpu_top/u_datapath/u_vector_processing_unit/u_post_process/GEN_BIAS_REQUANT.u_bias_requantize/data_flatten_o_reg[46]_i_2_n_0
    SLICE_X54Y17         CARRY8 (Prop_CARRY8_SLICEM_CI_CO[7])
                                                      0.015     6.996 r  design_1_i/tpu_mnist_ip_0/inst/u_tpu_top/u_datapath/u_vector_processing_unit/u_post_process/GEN_BIAS_REQUANT.u_bias_requantize/data_flatten_o_reg[50]_i_4/CO[7]
                         net (fo=1, routed)           0.026     7.022    design_1_i/tpu_mnist_ip_0/inst/u_tpu_top/u_datapath/u_vector_processing_unit/u_post_process/GEN_BIAS_REQUANT.u_bias_requantize/data_flatten_o_reg[50]_i_4_n_0
    SLICE_X54Y18         CARRY8 (Prop_CARRY8_SLICEM_CI_CO[7])
                                                      0.015     7.037 r  design_1_i/tpu_mnist_ip_0/inst/u_tpu_top/u_datapath/u_vector_processing_unit/u_post_process/GEN_BIAS_REQUANT.u_bias_requantize/data_flatten_o_reg[62]_i_3/CO[7]
                         net (fo=1, routed)           0.026     7.063    design_1_i/tpu_mnist_ip_0/inst/u_tpu_top/u_datapath/u_vector_processing_unit/u_post_process/GEN_BIAS_REQUANT.u_bias_requantize/data_flatten_o_reg[62]_i_3_n_0
    SLICE_X54Y19         CARRY8 (Prop_CARRY8_SLICEM_CI_O[1])
                                                      0.076     7.139 f  design_1_i/tpu_mnist_ip_0/inst/u_tpu_top/u_datapath/u_vector_processing_unit/u_post_process/GEN_BIAS_REQUANT.u_bias_requantize/data_flatten_o_reg[63]_i_18/O[1]
                         net (fo=7, routed)           0.509     7.648    design_1_i/tpu_mnist_ip_0/inst/u_tpu_top/u_datapath/u_vector_processing_unit/u_post_process/GEN_BIAS_REQUANT.u_bias_requantize/(null)[0].rounded_product[63]
    SLICE_X51Y16         LUT3 (Prop_G6LUT_SLICEL_I1_O)
                                                      0.050     7.698 r  design_1_i/tpu_mnist_ip_0/inst/u_tpu_top/u_datapath/u_vector_processing_unit/u_post_process/GEN_BIAS_REQUANT.u_bias_requantize/data_flatten_o[63]_i_244/O
                         net (fo=1, routed)           0.325     8.023    design_1_i/tpu_mnist_ip_0/inst/u_tpu_top/u_datapath/u_vector_processing_unit/u_post_process/GEN_BIAS_REQUANT.u_bias_requantize/data_flatten_o[63]_i_244_n_0
    SLICE_X53Y16         CARRY8 (Prop_CARRY8_SLICEM_CI_CO[7])
                                                      0.153     8.176 r  design_1_i/tpu_mnist_ip_0/inst/u_tpu_top/u_datapath/u_vector_processing_unit/u_post_process/GEN_BIAS_REQUANT.u_bias_requantize/data_flatten_o_reg[63]_i_162/CO[7]
                         net (fo=1, routed)           0.026     8.202    design_1_i/tpu_mnist_ip_0/inst/u_tpu_top/u_datapath/u_vector_processing_unit/u_post_process/GEN_BIAS_REQUANT.u_bias_requantize/data_flatten_o_reg[63]_i_162_n_0
    SLICE_X53Y17         CARRY8 (Prop_CARRY8_SLICEM_CI_O[6])
                                                      0.103     8.305 r  design_1_i/tpu_mnist_ip_0/inst/u_tpu_top/u_datapath/u_vector_processing_unit/u_post_process/GEN_BIAS_REQUANT.u_bias_requantize/data_flatten_o_reg[63]_i_161/O[6]
                         net (fo=4, routed)           0.234     8.539    design_1_i/tpu_mnist_ip_0/inst/u_tpu_top/u_datapath/u_vector_processing_unit/u_post_process/GEN_BIAS_REQUANT.u_bias_requantize/data_flatten_o_reg[63]_i_161_n_9
    SLICE_X52Y18         LUT2 (Prop_E6LUT_SLICEL_I0_O)
                                                      0.123     8.662 r  design_1_i/tpu_mnist_ip_0/inst/u_tpu_top/u_datapath/u_vector_processing_unit/u_post_process/GEN_BIAS_REQUANT.u_bias_requantize/data_flatten_o[63]_i_112/O
                         net (fo=1, routed)           0.007     8.669    design_1_i/tpu_mnist_ip_0/inst/u_tpu_top/u_datapath/u_vector_processing_unit/u_post_process/GEN_BIAS_REQUANT.u_bias_requantize/data_flatten_o[63]_i_112_n_0
    SLICE_X52Y18         CARRY8 (Prop_CARRY8_SLICEL_S[4]_CO[7])
                                                      0.153     8.822 f  design_1_i/tpu_mnist_ip_0/inst/u_tpu_top/u_datapath/u_vector_processing_unit/u_post_process/GEN_BIAS_REQUANT.u_bias_requantize/data_flatten_o_reg[63]_i_31/CO[7]
                         net (fo=1, routed)           0.026     8.848    design_1_i/tpu_mnist_ip_0/inst/u_tpu_top/u_datapath/u_vector_processing_unit/u_post_process/GEN_BIAS_REQUANT.u_bias_requantize/data_flatten_o_reg[63]_i_31_n_0
    SLICE_X52Y19         CARRY8 (Prop_CARRY8_SLICEL_CI_CO[5])
                                                      0.077     8.925 f  design_1_i/tpu_mnist_ip_0/inst/u_tpu_top/u_datapath/u_vector_processing_unit/u_post_process/GEN_BIAS_REQUANT.u_bias_requantize/data_flatten_o_reg[63]_i_5/CO[5]
                         net (fo=22, routed)          0.425     9.351    design_1_i/tpu_mnist_ip_0/inst/u_tpu_top/u_datapath/u_vector_processing_unit/u_post_process/GEN_BIAS_REQUANT.u_bias_requantize/data_flatten_o_reg[63]_i_5_n_2
    SLICE_X50Y14         LUT3 (Prop_D5LUT_SLICEM_I1_O)
                                                      0.097     9.448 f  design_1_i/tpu_mnist_ip_0/inst/u_tpu_top/u_datapath/u_vector_processing_unit/u_post_process/GEN_BIAS_REQUANT.u_bias_requantize/data_flatten_o[50]_i_2/O
                         net (fo=18, routed)          0.369     9.816    design_1_i/tpu_mnist_ip_0/inst/u_tpu_top/u_datapath/u_vector_processing_unit/u_post_process/GEN_BIAS_REQUANT.u_bias_requantize/data_flatten_o[50]_i_2_n_0
    SLICE_X56Y15         LUT6 (Prop_C6LUT_SLICEM_I5_O)
                                                      0.037     9.853 r  design_1_i/tpu_mnist_ip_0/inst/u_tpu_top/u_datapath/u_vector_processing_unit/u_post_process/GEN_BIAS_REQUANT.u_bias_requantize/data_flatten_o[35]_i_1/O
                         net (fo=1, routed)           0.066     9.919    design_1_i/tpu_mnist_ip_0/inst/u_tpu_top/u_datapath/u_vector_processing_unit/u_post_process/GEN_BIAS_REQUANT.u_bias_requantize/data_flatten_o[35]_i_1_n_0
    SLICE_X56Y15         FDCE                                         r  design_1_i/tpu_mnist_ip_0/inst/u_tpu_top/u_datapath/u_vector_processing_unit/u_post_process/GEN_BIAS_REQUANT.u_bias_requantize/data_flatten_o_reg[35]/D
  -------------------------------------------------------------------    -------------------

                         (clock clk_pl_0 rise edge)
                                                     10.000    10.000 r  
    PS8_X0Y0             PS8                          0.000    10.000 r  design_1_i/zynq_ultra_ps_e_0/inst/PS8_i/PLCLK[0]
                         net (fo=1, routed)           0.143    10.143    design_1_i/zynq_ultra_ps_e_0/inst/pl_clk_unbuffered[0]
    BUFG_PS_X0Y80        BUFG_PS (Prop_BUFG_PS_I_O)
                                                      0.025    10.168 r  design_1_i/zynq_ultra_ps_e_0/inst/buffer_pl_clk_0.PL_CLK_0_BUFG/O
    X1Y2 (CLOCK_ROOT)    net (fo=5377, routed)        1.582    11.750    design_1_i/tpu_mnist_ip_0/inst/u_tpu_top/u_datapath/u_vector_processing_unit/u_post_process/GEN_BIAS_REQUANT.u_bias_requantize/s_axi_aclk
    SLICE_X56Y15         FDCE                                         r  design_1_i/tpu_mnist_ip_0/inst/u_tpu_top/u_datapath/u_vector_processing_unit/u_post_process/GEN_BIAS_REQUANT.u_bias_requantize/data_flatten_o_reg[35]/C
                         clock pessimism              0.169    11.918    
                         clock uncertainty           -0.130    11.788    
    SLICE_X56Y15         FDCE (Setup_CFF_SLICEM_C_D)
                                                      0.025    11.813    design_1_i/tpu_mnist_ip_0/inst/u_tpu_top/u_datapath/u_vector_processing_unit/u_post_process/GEN_BIAS_REQUANT.u_bias_requantize/data_flatten_o_reg[35]
  -------------------------------------------------------------------
                         required time                         11.813    
                         arrival time                          -9.919    
  -------------------------------------------------------------------
                         slack                                  1.894    

Slack (MET) :             1.900ns  (required time - arrival time)
  Source:                 design_1_i/tpu_mnist_ip_0/inst/u_tpu_top/u_datapath/u_accumulator_array/read_data_flatten_o_reg[18]/C
                            (rising edge-triggered cell FDCE clocked by clk_pl_0  {rise@0.000ns fall@5.000ns period=10.000ns})
  Destination:            design_1_i/tpu_mnist_ip_0/inst/u_tpu_top/u_datapath/u_vector_processing_unit/u_post_process/GEN_BIAS_REQUANT.u_bias_requantize/data_flatten_o_reg[8]/D
                            (rising edge-triggered cell FDCE clocked by clk_pl_0  {rise@0.000ns fall@5.000ns period=10.000ns})
  Path Group:             clk_pl_0
  Path Type:              Setup (Max at Slow Process Corner)
  Requirement:            10.000ns  (clk_pl_0 rise@10.000ns - clk_pl_0 rise@0.000ns)
  Data Path Delay:        7.867ns  (logic 4.320ns (54.915%)  route 3.547ns (45.085%))
  Logic Levels:           32  (CARRY8=17 DSP_A_B_DATA=1 DSP_ALU=2 DSP_M_DATA=1 DSP_MULTIPLIER=1 DSP_OUTPUT=2 DSP_PREADD_DATA=1 LUT2=4 LUT3=2 LUT5=1)
  Clock Path Skew:        -0.129ns (DCD - SCD + CPR)
    Destination Clock Delay (DCD):    1.753ns = ( 11.753 - 10.000 ) 
    Source Clock Delay      (SCD):    2.050ns
    Clock Pessimism Removal (CPR):    0.168ns
  Clock Uncertainty:      0.130ns  ((TSJ^2 + DJ^2)^1/2) / 2 + PE
    Total System Jitter     (TSJ):    0.071ns
    Discrete Jitter          (DJ):    0.250ns
    Phase Error              (PE):    0.000ns
  Clock Net Delay (Source):      1.842ns (routing 0.569ns, distribution 1.273ns)
  Clock Net Delay (Destination): 1.585ns (routing 0.512ns, distribution 1.073ns)

    Location             Delay type                Incr(ns)  Path(ns)    Netlist Resource(s)
  -------------------------------------------------------------------    -------------------
                         (clock clk_pl_0 rise edge)
                                                      0.000     0.000 r  
    PS8_X0Y0             PS8                          0.000     0.000 r  design_1_i/zynq_ultra_ps_e_0/inst/PS8_i/PLCLK[0]
                         net (fo=1, routed)           0.180     0.180    design_1_i/zynq_ultra_ps_e_0/inst/pl_clk_unbuffered[0]
    BUFG_PS_X0Y80        BUFG_PS (Prop_BUFG_PS_I_O)
                                                      0.028     0.208 r  design_1_i/zynq_ultra_ps_e_0/inst/buffer_pl_clk_0.PL_CLK_0_BUFG/O
    X1Y2 (CLOCK_ROOT)    net (fo=5377, routed)        1.842     2.050    design_1_i/tpu_mnist_ip_0/inst/u_tpu_top/u_datapath/u_accumulator_array/s_axi_aclk
    SLICE_X64Y8          FDCE                                         r  design_1_i/tpu_mnist_ip_0/inst/u_tpu_top/u_datapath/u_accumulator_array/read_data_flatten_o_reg[18]/C
  -------------------------------------------------------------------    -------------------
    SLICE_X64Y8          FDCE (Prop_DFF_SLICEM_C_Q)
                                                      0.078     2.128 r  design_1_i/tpu_mnist_ip_0/inst/u_tpu_top/u_datapath/u_accumulator_array/read_data_flatten_o_reg[18]/Q
                         net (fo=2, routed)           0.438     2.566    design_1_i/tpu_mnist_ip_0/inst/u_tpu_top/u_datapath/u_vector_processing_unit/u_post_process/GEN_BIAS_REQUANT.u_bias_requantize/(null)[0].shifted_value0__4_0[18]
    SLICE_X55Y7          LUT2 (Prop_C6LUT_SLICEL_I0_O)
                                                      0.050     2.616 r  design_1_i/tpu_mnist_ip_0/inst/u_tpu_top/u_datapath/u_vector_processing_unit/u_post_process/GEN_BIAS_REQUANT.u_bias_requantize/(null)[0].shifted_value0_i_18/O
                         net (fo=1, routed)           0.010     2.626    design_1_i/tpu_mnist_ip_0/inst/u_tpu_top/u_datapath/u_vector_processing_unit/u_post_process/GEN_BIAS_REQUANT.u_bias_requantize/(null)[0].shifted_value0_i_18_n_0
    SLICE_X55Y7          CARRY8 (Prop_CARRY8_SLICEL_S[2]_CO[7])
                                                      0.155     2.781 r  design_1_i/tpu_mnist_ip_0/inst/u_tpu_top/u_datapath/u_vector_processing_unit/u_post_process/GEN_BIAS_REQUANT.u_bias_requantize/(null)[0].shifted_value0_i_3/CO[7]
                         net (fo=1, routed)           0.026     2.807    design_1_i/tpu_mnist_ip_0/inst/u_tpu_top/u_datapath/u_vector_processing_unit/u_post_process/GEN_BIAS_REQUANT.u_bias_requantize/(null)[0].shifted_value0_i_3_n_0
    SLICE_X55Y8          CARRY8 (Prop_CARRY8_SLICEL_CI_O[5])
                                                      0.116     2.923 f  design_1_i/tpu_mnist_ip_0/inst/u_tpu_top/u_datapath/u_vector_processing_unit/u_post_process/GEN_BIAS_REQUANT.u_bias_requantize/(null)[0].shifted_value0_i_2/O[5]
                         net (fo=2, routed)           0.428     3.351    design_1_i/tpu_mnist_ip_0/inst/u_tpu_top/u_datapath/u_vector_processing_unit/u_post_process/GEN_BIAS_REQUANT.u_bias_requantize/(null)[0].shifted_value0/B[12]
    DSP48E2_X4Y4         DSP_A_B_DATA (Prop_DSP_A_B_DATA_DSP48E2_B[12]_B2_DATA[12])
                                                      0.151     3.502 r  design_1_i/tpu_mnist_ip_0/inst/u_tpu_top/u_datapath/u_vector_processing_unit/u_post_process/GEN_BIAS_REQUANT.u_bias_requantize/(null)[0].shifted_value0/DSP_A_B_DATA_INST/B2_DATA[12]
                         net (fo=1, routed)           0.000     3.502    design_1_i/tpu_mnist_ip_0/inst/u_tpu_top/u_datapath/u_vector_processing_unit/u_post_process/GEN_BIAS_REQUANT.u_bias_requantize/(null)[0].shifted_value0/DSP_A_B_DATA.B2_DATA<12>
    DSP48E2_X4Y4         DSP_PREADD_DATA (Prop_DSP_PREADD_DATA_DSP48E2_B2_DATA[12]_B2B1[12])
                                                      0.073     3.575 r  design_1_i/tpu_mnist_ip_0/inst/u_tpu_top/u_datapath/u_vector_processing_unit/u_post_process/GEN_BIAS_REQUANT.u_bias_requantize/(null)[0].shifted_value0/DSP_PREADD_DATA_INST/B2B1[12]
                         net (fo=1, routed)           0.000     3.575    design_1_i/tpu_mnist_ip_0/inst/u_tpu_top/u_datapath/u_vector_processing_unit/u_post_process/GEN_BIAS_REQUANT.u_bias_requantize/(null)[0].shifted_value0/DSP_PREADD_DATA.B2B1<12>
    DSP48E2_X4Y4         DSP_MULTIPLIER (Prop_DSP_MULTIPLIER_DSP48E2_B2B1[12]_V[40])
                                                      0.609     4.184 f  design_1_i/tpu_mnist_ip_0/inst/u_tpu_top/u_datapath/u_vector_processing_unit/u_post_process/GEN_BIAS_REQUANT.u_bias_requantize/(null)[0].shifted_value0/DSP_MULTIPLIER_INST/V[40]
                         net (fo=1, routed)           0.000     4.184    design_1_i/tpu_mnist_ip_0/inst/u_tpu_top/u_datapath/u_vector_processing_unit/u_post_process/GEN_BIAS_REQUANT.u_bias_requantize/(null)[0].shifted_value0/DSP_MULTIPLIER.V<40>
    DSP48E2_X4Y4         DSP_M_DATA (Prop_DSP_M_DATA_DSP48E2_V[40]_V_DATA[40])
                                                      0.046     4.230 r  design_1_i/tpu_mnist_ip_0/inst/u_tpu_top/u_datapath/u_vector_processing_unit/u_post_process/GEN_BIAS_REQUANT.u_bias_requantize/(null)[0].shifted_value0/DSP_M_DATA_INST/V_DATA[40]
                         net (fo=1, routed)           0.000     4.230    design_1_i/tpu_mnist_ip_0/inst/u_tpu_top/u_datapath/u_vector_processing_unit/u_post_process/GEN_BIAS_REQUANT.u_bias_requantize/(null)[0].shifted_value0/DSP_M_DATA.V_DATA<40>
    DSP48E2_X4Y4         DSP_ALU (Prop_DSP_ALU_DSP48E2_V_DATA[40]_ALU_OUT[47])
                                                      0.571     4.801 f  design_1_i/tpu_mnist_ip_0/inst/u_tpu_top/u_datapath/u_vector_processing_unit/u_post_process/GEN_BIAS_REQUANT.u_bias_requantize/(null)[0].shifted_value0/DSP_ALU_INST/ALU_OUT[47]
                         net (fo=1, routed)           0.000     4.801    design_1_i/tpu_mnist_ip_0/inst/u_tpu_top/u_datapath/u_vector_processing_unit/u_post_process/GEN_BIAS_REQUANT.u_bias_requantize/(null)[0].shifted_value0/DSP_ALU.ALU_OUT<47>
    DSP48E2_X4Y4         DSP_OUTPUT (Prop_DSP_OUTPUT_DSP48E2_ALU_OUT[47]_PCOUT[47])
                                                      0.122     4.923 r  design_1_i/tpu_mnist_ip_0/inst/u_tpu_top/u_datapath/u_vector_processing_unit/u_post_process/GEN_BIAS_REQUANT.u_bias_requantize/(null)[0].shifted_value0/DSP_OUTPUT_INST/PCOUT[47]
                         net (fo=1, routed)           0.014     4.937    design_1_i/tpu_mnist_ip_0/inst/u_tpu_top/u_datapath/u_vector_processing_unit/u_post_process/GEN_BIAS_REQUANT.u_bias_requantize/(null)[0].shifted_value0__0/PCIN[47]
    DSP48E2_X4Y5         DSP_ALU (Prop_DSP_ALU_DSP48E2_PCIN[47]_ALU_OUT[11])
                                                      0.546     5.483 f  design_1_i/tpu_mnist_ip_0/inst/u_tpu_top/u_datapath/u_vector_processing_unit/u_post_process/GEN_BIAS_REQUANT.u_bias_requantize/(null)[0].shifted_value0__0/DSP_ALU_INST/ALU_OUT[11]
                         net (fo=1, routed)           0.000     5.483    design_1_i/tpu_mnist_ip_0/inst/u_tpu_top/u_datapath/u_vector_processing_unit/u_post_process/GEN_BIAS_REQUANT.u_bias_requantize/(null)[0].shifted_value0__0/DSP_ALU.ALU_OUT<11>
    DSP48E2_X4Y5         DSP_OUTPUT (Prop_DSP_OUTPUT_DSP48E2_ALU_OUT[11]_P[11])
                                                      0.109     5.592 r  design_1_i/tpu_mnist_ip_0/inst/u_tpu_top/u_datapath/u_vector_processing_unit/u_post_process/GEN_BIAS_REQUANT.u_bias_requantize/(null)[0].shifted_value0__0/DSP_OUTPUT_INST/P[11]
                         net (fo=1, routed)           0.327     5.919    design_1_i/tpu_mnist_ip_0/inst/u_tpu_top/u_datapath/u_vector_processing_unit/u_post_process/GEN_BIAS_REQUANT.u_bias_requantize/(null)[0].shifted_value0__0_n_94
    SLICE_X53Y8          LUT2 (Prop_F6LUT_SLICEM_I1_O)
                                                      0.123     6.042 r  design_1_i/tpu_mnist_ip_0/inst/u_tpu_top/u_datapath/u_vector_processing_unit/u_post_process/GEN_BIAS_REQUANT.u_bias_requantize/data_flatten_o[18]_i_27/O
                         net (fo=1, routed)           0.022     6.064    design_1_i/tpu_mnist_ip_0/inst/u_tpu_top/u_datapath/u_vector_processing_unit/u_post_process/GEN_BIAS_REQUANT.u_bias_requantize/data_flatten_o[18]_i_27_n_0
    SLICE_X53Y8          CARRY8 (Prop_CARRY8_SLICEM_S[5]_CO[7])
                                                      0.159     6.223 r  design_1_i/tpu_mnist_ip_0/inst/u_tpu_top/u_datapath/u_vector_processing_unit/u_post_process/GEN_BIAS_REQUANT.u_bias_requantize/data_flatten_o_reg[18]_i_7/CO[7]
                         net (fo=1, routed)           0.026     6.249    design_1_i/tpu_mnist_ip_0/inst/u_tpu_top/u_datapath/u_vector_processing_unit/u_post_process/GEN_BIAS_REQUANT.u_bias_requantize/data_flatten_o_reg[18]_i_7_n_0
    SLICE_X53Y9          CARRY8 (Prop_CARRY8_SLICEM_CI_CO[7])
                                                      0.015     6.264 r  design_1_i/tpu_mnist_ip_0/inst/u_tpu_top/u_datapath/u_vector_processing_unit/u_post_process/GEN_BIAS_REQUANT.u_bias_requantize/data_flatten_o_reg[18]_i_33/CO[7]
                         net (fo=1, routed)           0.026     6.290    design_1_i/tpu_mnist_ip_0/inst/u_tpu_top/u_datapath/u_vector_processing_unit/u_post_process/GEN_BIAS_REQUANT.u_bias_requantize/data_flatten_o_reg[18]_i_33_n_0
    SLICE_X53Y10         CARRY8 (Prop_CARRY8_SLICEM_CI_CO[7])
                                                      0.015     6.305 r  design_1_i/tpu_mnist_ip_0/inst/u_tpu_top/u_datapath/u_vector_processing_unit/u_post_process/GEN_BIAS_REQUANT.u_bias_requantize/data_flatten_o_reg[31]_i_73/CO[7]
                         net (fo=1, routed)           0.026     6.331    design_1_i/tpu_mnist_ip_0/inst/u_tpu_top/u_datapath/u_vector_processing_unit/u_post_process/GEN_BIAS_REQUANT.u_bias_requantize/data_flatten_o_reg[31]_i_73_n_0
    SLICE_X53Y11         CARRY8 (Prop_CARRY8_SLICEM_CI_O[0])
                                                      0.056     6.387 r  design_1_i/tpu_mnist_ip_0/inst/u_tpu_top/u_datapath/u_vector_processing_unit/u_post_process/GEN_BIAS_REQUANT.u_bias_requantize/data_flatten_o_reg[18]_i_6/O[0]
                         net (fo=125, routed)         0.375     6.763    design_1_i/tpu_mnist_ip_0/inst/u_tpu_top/u_datapath/u_vector_processing_unit/u_post_process/GEN_BIAS_REQUANT.u_bias_requantize/data_flatten_o_reg[18]_i_6_n_15
    SLICE_X52Y5          LUT2 (Prop_A6LUT_SLICEL_I0_O)
                                                      0.124     6.887 r  design_1_i/tpu_mnist_ip_0/inst/u_tpu_top/u_datapath/u_vector_processing_unit/u_post_process/GEN_BIAS_REQUANT.u_bias_requantize/data_flatten_o[6]_i_28/O
                         net (fo=1, routed)           0.009     6.896    design_1_i/tpu_mnist_ip_0/inst/u_tpu_top/u_datapath/u_vector_processing_unit/u_post_process/GEN_BIAS_REQUANT.u_bias_requantize/data_flatten_o[6]_i_28_n_0
    SLICE_X52Y5          CARRY8 (Prop_CARRY8_SLICEL_S[0]_CO[7])
                                                      0.190     7.086 r  design_1_i/tpu_mnist_ip_0/inst/u_tpu_top/u_datapath/u_vector_processing_unit/u_post_process/GEN_BIAS_REQUANT.u_bias_requantize/data_flatten_o_reg[6]_i_12/CO[7]
                         net (fo=1, routed)           0.026     7.112    design_1_i/tpu_mnist_ip_0/inst/u_tpu_top/u_datapath/u_vector_processing_unit/u_post_process/GEN_BIAS_REQUANT.u_bias_requantize/data_flatten_o_reg[6]_i_12_n_0
    SLICE_X52Y6          CARRY8 (Prop_CARRY8_SLICEL_CI_CO[7])
                                                      0.015     7.127 r  design_1_i/tpu_mnist_ip_0/inst/u_tpu_top/u_datapath/u_vector_processing_unit/u_post_process/GEN_BIAS_REQUANT.u_bias_requantize/data_flatten_o_reg[6]_i_3/CO[7]
                         net (fo=1, routed)           0.026     7.153    design_1_i/tpu_mnist_ip_0/inst/u_tpu_top/u_datapath/u_vector_processing_unit/u_post_process/GEN_BIAS_REQUANT.u_bias_requantize/data_flatten_o_reg[6]_i_3_n_0
    SLICE_X52Y7          CARRY8 (Prop_CARRY8_SLICEL_CI_CO[7])
                                                      0.015     7.168 r  design_1_i/tpu_mnist_ip_0/inst/u_tpu_top/u_datapath/u_vector_processing_unit/u_post_process/GEN_BIAS_REQUANT.u_bias_requantize/data_flatten_o_reg[6]_i_2/CO[7]
                         net (fo=1, routed)           0.026     7.194    design_1_i/tpu_mnist_ip_0/inst/u_tpu_top/u_datapath/u_vector_processing_unit/u_post_process/GEN_BIAS_REQUANT.u_bias_requantize/data_flatten_o_reg[6]_i_2_n_0
    SLICE_X52Y8          CARRY8 (Prop_CARRY8_SLICEL_CI_CO[7])
                                                      0.015     7.209 r  design_1_i/tpu_mnist_ip_0/inst/u_tpu_top/u_datapath/u_vector_processing_unit/u_post_process/GEN_BIAS_REQUANT.u_bias_requantize/data_flatten_o_reg[14]_i_2/CO[7]
                         net (fo=1, routed)           0.026     7.235    design_1_i/tpu_mnist_ip_0/inst/u_tpu_top/u_datapath/u_vector_processing_unit/u_post_process/GEN_BIAS_REQUANT.u_bias_requantize/data_flatten_o_reg[14]_i_2_n_0
    SLICE_X52Y9          CARRY8 (Prop_CARRY8_SLICEL_CI_CO[7])
                                                      0.015     7.250 r  design_1_i/tpu_mnist_ip_0/inst/u_tpu_top/u_datapath/u_vector_processing_unit/u_post_process/GEN_BIAS_REQUANT.u_bias_requantize/data_flatten_o_reg[18]_i_4/CO[7]
                         net (fo=1, routed)           0.026     7.276    design_1_i/tpu_mnist_ip_0/inst/u_tpu_top/u_datapath/u_vector_processing_unit/u_post_process/GEN_BIAS_REQUANT.u_bias_requantize/data_flatten_o_reg[18]_i_4_n_0
    SLICE_X52Y10         CARRY8 (Prop_CARRY8_SLICEL_CI_CO[7])
                                                      0.015     7.291 r  design_1_i/tpu_mnist_ip_0/inst/u_tpu_top/u_datapath/u_vector_processing_unit/u_post_process/GEN_BIAS_REQUANT.u_bias_requantize/data_flatten_o_reg[30]_i_3/CO[7]
                         net (fo=1, routed)           0.026     7.317    design_1_i/tpu_mnist_ip_0/inst/u_tpu_top/u_datapath/u_vector_processing_unit/u_post_process/GEN_BIAS_REQUANT.u_bias_requantize/data_flatten_o_reg[30]_i_3_n_0
    SLICE_X52Y11         CARRY8 (Prop_CARRY8_SLICEL_CI_O[1])
                                                      0.076     7.393 f  design_1_i/tpu_mnist_ip_0/inst/u_tpu_top/u_datapath/u_vector_processing_unit/u_post_process/GEN_BIAS_REQUANT.u_bias_requantize/data_flatten_o_reg[31]_i_18/O[1]
                         net (fo=7, routed)           0.462     7.854    design_1_i/tpu_mnist_ip_0/inst/u_tpu_top/u_datapath/u_vector_processing_unit/u_post_process/GEN_BIAS_REQUANT.u_bias_requantize/data_flatten_o_reg[31]_i_18_n_14
    SLICE_X49Y6          LUT3 (Prop_E6LUT_SLICEM_I1_O)
                                                      0.037     7.891 r  design_1_i/tpu_mnist_ip_0/inst/u_tpu_top/u_datapath/u_vector_processing_unit/u_post_process/GEN_BIAS_REQUANT.u_bias_requantize/data_flatten_o[31]_i_244/O
                         net (fo=1, routed)           0.240     8.131    design_1_i/tpu_mnist_ip_0/inst/u_tpu_top/u_datapath/u_vector_processing_unit/u_post_process/GEN_BIAS_REQUANT.u_bias_requantize/data_flatten_o[31]_i_244_n_0
    SLICE_X51Y7          CARRY8 (Prop_CARRY8_SLICEL_CI_CO[7])
                                                      0.151     8.282 r  design_1_i/tpu_mnist_ip_0/inst/u_tpu_top/u_datapath/u_vector_processing_unit/u_post_process/GEN_BIAS_REQUANT.u_bias_requantize/data_flatten_o_reg[31]_i_162/CO[7]
                         net (fo=1, routed)           0.026     8.308    design_1_i/tpu_mnist_ip_0/inst/u_tpu_top/u_datapath/u_vector_processing_unit/u_post_process/GEN_BIAS_REQUANT.u_bias_requantize/data_flatten_o_reg[31]_i_162_n_0
    SLICE_X51Y8          CARRY8 (Prop_CARRY8_SLICEL_CI_O[7])
                                                      0.116     8.424 r  design_1_i/tpu_mnist_ip_0/inst/u_tpu_top/u_datapath/u_vector_processing_unit/u_post_process/GEN_BIAS_REQUANT.u_bias_requantize/data_flatten_o_reg[31]_i_161/O[7]
                         net (fo=4, routed)           0.288     8.712    design_1_i/tpu_mnist_ip_0/inst/u_tpu_top/u_datapath/u_vector_processing_unit/u_post_process/GEN_BIAS_REQUANT.u_bias_requantize/data_flatten_o_reg[31]_i_161_n_8
    SLICE_X49Y9          LUT2 (Prop_F6LUT_SLICEM_I1_O)
                                                      0.123     8.835 r  design_1_i/tpu_mnist_ip_0/inst/u_tpu_top/u_datapath/u_vector_processing_unit/u_post_process/GEN_BIAS_REQUANT.u_bias_requantize/data_flatten_o[31]_i_111/O
                         net (fo=1, routed)           0.022     8.857    design_1_i/tpu_mnist_ip_0/inst/u_tpu_top/u_datapath/u_vector_processing_unit/u_post_process/GEN_BIAS_REQUANT.u_bias_requantize/data_flatten_o[31]_i_111_n_0
    SLICE_X49Y9          CARRY8 (Prop_CARRY8_SLICEM_S[5]_CO[7])
                                                      0.159     9.016 r  design_1_i/tpu_mnist_ip_0/inst/u_tpu_top/u_datapath/u_vector_processing_unit/u_post_process/GEN_BIAS_REQUANT.u_bias_requantize/data_flatten_o_reg[31]_i_31/CO[7]
                         net (fo=1, routed)           0.026     9.042    design_1_i/tpu_mnist_ip_0/inst/u_tpu_top/u_datapath/u_vector_processing_unit/u_post_process/GEN_BIAS_REQUANT.u_bias_requantize/data_flatten_o_reg[31]_i_31_n_0
    SLICE_X49Y10         CARRY8 (Prop_CARRY8_SLICEM_CI_CO[5])
                                                      0.077     9.119 r  design_1_i/tpu_mnist_ip_0/inst/u_tpu_top/u_datapath/u_vector_processing_unit/u_post_process/GEN_BIAS_REQUANT.u_bias_requantize/data_flatten_o_reg[31]_i_5/CO[5]
                         net (fo=22, routed)          0.226     9.345    design_1_i/tpu_mnist_ip_0/inst/u_tpu_top/u_datapath/u_vector_processing_unit/u_post_process/GEN_BIAS_REQUANT.u_bias_requantize/data_flatten_o_reg[31]_i_5_n_2
    SLICE_X48Y10         LUT3 (Prop_D5LUT_SLICEL_I1_O)
                                                      0.110     9.455 r  design_1_i/tpu_mnist_ip_0/inst/u_tpu_top/u_datapath/u_vector_processing_unit/u_post_process/GEN_BIAS_REQUANT.u_bias_requantize/data_flatten_o[18]_i_2/O
                         net (fo=18, routed)          0.307     9.762    design_1_i/tpu_mnist_ip_0/inst/u_tpu_top/u_datapath/u_vector_processing_unit/u_post_process/GEN_BIAS_REQUANT.u_bias_requantize/data_flatten_o[18]_i_2_n_0
    SLICE_X50Y5          LUT5 (Prop_F6LUT_SLICEM_I0_O)
                                                      0.088     9.850 r  design_1_i/tpu_mnist_ip_0/inst/u_tpu_top/u_datapath/u_vector_processing_unit/u_post_process/GEN_BIAS_REQUANT.u_bias_requantize/data_flatten_o[8]_i_1/O
                         net (fo=1, routed)           0.067     9.917    design_1_i/tpu_mnist_ip_0/inst/u_tpu_top/u_datapath/u_vector_processing_unit/u_post_process/GEN_BIAS_REQUANT.u_bias_requantize/p_4_out[8]
    SLICE_X50Y5          FDCE                                         r  design_1_i/tpu_mnist_ip_0/inst/u_tpu_top/u_datapath/u_vector_processing_unit/u_post_process/GEN_BIAS_REQUANT.u_bias_requantize/data_flatten_o_reg[8]/D
  -------------------------------------------------------------------    -------------------

                         (clock clk_pl_0 rise edge)
                                                     10.000    10.000 r  
    PS8_X0Y0             PS8                          0.000    10.000 r  design_1_i/zynq_ultra_ps_e_0/inst/PS8_i/PLCLK[0]
                         net (fo=1, routed)           0.143    10.143    design_1_i/zynq_ultra_ps_e_0/inst/pl_clk_unbuffered[0]
    BUFG_PS_X0Y80        BUFG_PS (Prop_BUFG_PS_I_O)
                                                      0.025    10.168 r  design_1_i/zynq_ultra_ps_e_0/inst/buffer_pl_clk_0.PL_CLK_0_BUFG/O
    X1Y2 (CLOCK_ROOT)    net (fo=5377, routed)        1.585    11.753    design_1_i/tpu_mnist_ip_0/inst/u_tpu_top/u_datapath/u_vector_processing_unit/u_post_process/GEN_BIAS_REQUANT.u_bias_requantize/s_axi_aclk
    SLICE_X50Y5          FDCE                                         r  design_1_i/tpu_mnist_ip_0/inst/u_tpu_top/u_datapath/u_vector_processing_unit/u_post_process/GEN_BIAS_REQUANT.u_bias_requantize/data_flatten_o_reg[8]/C
                         clock pessimism              0.168    11.921    
                         clock uncertainty           -0.130    11.791    
    SLICE_X50Y5          FDCE (Setup_FFF_SLICEM_C_D)
                                                      0.025    11.816    design_1_i/tpu_mnist_ip_0/inst/u_tpu_top/u_datapath/u_vector_processing_unit/u_post_process/GEN_BIAS_REQUANT.u_bias_requantize/data_flatten_o_reg[8]
  -------------------------------------------------------------------
                         required time                         11.816    
                         arrival time                          -9.917    
  -------------------------------------------------------------------
                         slack                                  1.900    





Min Delay Paths
--------------------------------------------------------------------------------------
Slack (MET) :             0.013ns  (arrival time - required time)
  Source:                 design_1_i/tpu_mnist_ip_0/inst/u_tpu_top/u_datapath/u_mxu/u_systolic_array/pe_1_0/u_multiplier/product_s2_reg[11]/C
                            (rising edge-triggered cell FDCE clocked by clk_pl_0  {rise@0.000ns fall@5.000ns period=10.000ns})
  Destination:            design_1_i/tpu_mnist_ip_0/inst/u_tpu_top/u_datapath/u_mxu/u_systolic_array/pe_1_0/u_multiplier/product_o_reg[11]/D
                            (rising edge-triggered cell FDCE clocked by clk_pl_0  {rise@0.000ns fall@5.000ns period=10.000ns})
  Path Group:             clk_pl_0
  Path Type:              Hold (Min at Slow Process Corner)
  Requirement:            0.000ns  (clk_pl_0 rise@0.000ns - clk_pl_0 rise@0.000ns)
  Data Path Delay:        0.127ns  (logic 0.058ns (45.669%)  route 0.069ns (54.331%))
  Logic Levels:           0  
  Clock Path Skew:        0.052ns (DCD - SCD - CPR)
    Destination Clock Delay (DCD):    2.017ns
    Source Clock Delay      (SCD):    1.749ns
    Clock Pessimism Removal (CPR):    0.215ns
  Clock Net Delay (Source):      1.581ns (routing 0.512ns, distribution 1.069ns)
  Clock Net Delay (Destination): 1.809ns (routing 0.569ns, distribution 1.240ns)

    Location             Delay type                Incr(ns)  Path(ns)    Netlist Resource(s)
  -------------------------------------------------------------------    -------------------
                         (clock clk_pl_0 rise edge)
                                                      0.000     0.000 r  
    PS8_X0Y0             PS8                          0.000     0.000 r  design_1_i/zynq_ultra_ps_e_0/inst/PS8_i/PLCLK[0]
                         net (fo=1, routed)           0.143     0.143    design_1_i/zynq_ultra_ps_e_0/inst/pl_clk_unbuffered[0]
    BUFG_PS_X0Y80        BUFG_PS (Prop_BUFG_PS_I_O)
                                                      0.025     0.168 r  design_1_i/zynq_ultra_ps_e_0/inst/buffer_pl_clk_0.PL_CLK_0_BUFG/O
    X1Y2 (CLOCK_ROOT)    net (fo=5377, routed)        1.581     1.749    design_1_i/tpu_mnist_ip_0/inst/u_tpu_top/u_datapath/u_mxu/u_systolic_array/pe_1_0/u_multiplier/s_axi_aclk
    SLICE_X58Y40         FDCE                                         r  design_1_i/tpu_mnist_ip_0/inst/u_tpu_top/u_datapath/u_mxu/u_systolic_array/pe_1_0/u_multiplier/product_s2_reg[11]/C
  -------------------------------------------------------------------    -------------------
    SLICE_X58Y40         FDCE (Prop_HFF_SLICEL_C_Q)
                                                      0.058     1.807 r  design_1_i/tpu_mnist_ip_0/inst/u_tpu_top/u_datapath/u_mxu/u_systolic_array/pe_1_0/u_multiplier/product_s2_reg[11]/Q
                         net (fo=1, routed)           0.069     1.876    design_1_i/tpu_mnist_ip_0/inst/u_tpu_top/u_datapath/u_mxu/u_systolic_array/pe_1_0/u_multiplier/product_s2_reg_n_0_[11]
    SLICE_X58Y39         FDCE                                         r  design_1_i/tpu_mnist_ip_0/inst/u_tpu_top/u_datapath/u_mxu/u_systolic_array/pe_1_0/u_multiplier/product_o_reg[11]/D
  -------------------------------------------------------------------    -------------------

                         (clock clk_pl_0 rise edge)
                                                      0.000     0.000 r  
    PS8_X0Y0             PS8                          0.000     0.000 r  design_1_i/zynq_ultra_ps_e_0/inst/PS8_i/PLCLK[0]
                         net (fo=1, routed)           0.180     0.180    design_1_i/zynq_ultra_ps_e_0/inst/pl_clk_unbuffered[0]
    BUFG_PS_X0Y80        BUFG_PS (Prop_BUFG_PS_I_O)
                                                      0.028     0.208 r  design_1_i/zynq_ultra_ps_e_0/inst/buffer_pl_clk_0.PL_CLK_0_BUFG/O
    X1Y2 (CLOCK_ROOT)    net (fo=5377, routed)        1.809     2.017    design_1_i/tpu_mnist_ip_0/inst/u_tpu_top/u_datapath/u_mxu/u_systolic_array/pe_1_0/u_multiplier/s_axi_aclk
    SLICE_X58Y39         FDCE                                         r  design_1_i/tpu_mnist_ip_0/inst/u_tpu_top/u_datapath/u_mxu/u_systolic_array/pe_1_0/u_multiplier/product_o_reg[11]/C
                         clock pessimism             -0.215     1.802    
    SLICE_X58Y39         FDCE (Hold_EFF2_SLICEL_C_D)
                                                      0.062     1.864    design_1_i/tpu_mnist_ip_0/inst/u_tpu_top/u_datapath/u_mxu/u_systolic_array/pe_1_0/u_multiplier/product_o_reg[11]
  -------------------------------------------------------------------
                         required time                         -1.864    
                         arrival time                           1.876    
  -------------------------------------------------------------------
                         slack                                  0.013    

Slack (MET) :             0.018ns  (arrival time - required time)
  Source:                 design_1_i/tpu_mnist_ip_0/inst/u_tpu_top/u_datapath/u_mxu/u_systolic_array/pe_1_0/act_d4_reg[1]/C
                            (rising edge-triggered cell FDCE clocked by clk_pl_0  {rise@0.000ns fall@5.000ns period=10.000ns})
  Destination:            design_1_i/tpu_mnist_ip_0/inst/u_tpu_top/u_datapath/u_mxu/u_systolic_array/pe_1_1/u_multiplier/a_s1_reg[1]/D
                            (rising edge-triggered cell FDCE clocked by clk_pl_0  {rise@0.000ns fall@5.000ns period=10.000ns})
  Path Group:             clk_pl_0
  Path Type:              Hold (Min at Slow Process Corner)
  Requirement:            0.000ns  (clk_pl_0 rise@0.000ns - clk_pl_0 rise@0.000ns)
  Data Path Delay:        0.136ns  (logic 0.060ns (44.118%)  route 0.076ns (55.882%))
  Logic Levels:           0  
  Clock Path Skew:        0.058ns (DCD - SCD - CPR)
    Destination Clock Delay (DCD):    2.006ns
    Source Clock Delay      (SCD):    1.733ns
    Clock Pessimism Removal (CPR):    0.216ns
  Clock Net Delay (Source):      1.565ns (routing 0.512ns, distribution 1.053ns)
  Clock Net Delay (Destination): 1.798ns (routing 0.569ns, distribution 1.229ns)

    Location             Delay type                Incr(ns)  Path(ns)    Netlist Resource(s)
  -------------------------------------------------------------------    -------------------
                         (clock clk_pl_0 rise edge)
                                                      0.000     0.000 r  
    PS8_X0Y0             PS8                          0.000     0.000 r  design_1_i/zynq_ultra_ps_e_0/inst/PS8_i/PLCLK[0]
                         net (fo=1, routed)           0.143     0.143    design_1_i/zynq_ultra_ps_e_0/inst/pl_clk_unbuffered[0]
    BUFG_PS_X0Y80        BUFG_PS (Prop_BUFG_PS_I_O)
                                                      0.025     0.168 r  design_1_i/zynq_ultra_ps_e_0/inst/buffer_pl_clk_0.PL_CLK_0_BUFG/O
    X1Y2 (CLOCK_ROOT)    net (fo=5377, routed)        1.565     1.733    design_1_i/tpu_mnist_ip_0/inst/u_tpu_top/u_datapath/u_mxu/u_systolic_array/pe_1_0/s_axi_aclk
    SLICE_X55Y39         FDCE                                         r  design_1_i/tpu_mnist_ip_0/inst/u_tpu_top/u_datapath/u_mxu/u_systolic_array/pe_1_0/act_d4_reg[1]/C
  -------------------------------------------------------------------    -------------------
    SLICE_X55Y39         FDCE (Prop_BFF2_SLICEL_C_Q)
                                                      0.060     1.793 r  design_1_i/tpu_mnist_ip_0/inst/u_tpu_top/u_datapath/u_mxu/u_systolic_array/pe_1_0/act_d4_reg[1]/Q
                         net (fo=1, routed)           0.076     1.869    design_1_i/tpu_mnist_ip_0/inst/u_tpu_top/u_datapath/u_mxu/u_systolic_array/pe_1_1/u_multiplier/a_s1_reg[7]_0[1]
    SLICE_X55Y38         FDCE                                         r  design_1_i/tpu_mnist_ip_0/inst/u_tpu_top/u_datapath/u_mxu/u_systolic_array/pe_1_1/u_multiplier/a_s1_reg[1]/D
  -------------------------------------------------------------------    -------------------

                         (clock clk_pl_0 rise edge)
                                                      0.000     0.000 r  
    PS8_X0Y0             PS8                          0.000     0.000 r  design_1_i/zynq_ultra_ps_e_0/inst/PS8_i/PLCLK[0]
                         net (fo=1, routed)           0.180     0.180    design_1_i/zynq_ultra_ps_e_0/inst/pl_clk_unbuffered[0]
    BUFG_PS_X0Y80        BUFG_PS (Prop_BUFG_PS_I_O)
                                                      0.028     0.208 r  design_1_i/zynq_ultra_ps_e_0/inst/buffer_pl_clk_0.PL_CLK_0_BUFG/O
    X1Y2 (CLOCK_ROOT)    net (fo=5377, routed)        1.798     2.006    design_1_i/tpu_mnist_ip_0/inst/u_tpu_top/u_datapath/u_mxu/u_systolic_array/pe_1_1/u_multiplier/s_axi_aclk
    SLICE_X55Y38         FDCE                                         r  design_1_i/tpu_mnist_ip_0/inst/u_tpu_top/u_datapath/u_mxu/u_systolic_array/pe_1_1/u_multiplier/a_s1_reg[1]/C
                         clock pessimism             -0.216     1.790    
    SLICE_X55Y38         FDCE (Hold_EFF_SLICEL_C_D)
                                                      0.060     1.850    design_1_i/tpu_mnist_ip_0/inst/u_tpu_top/u_datapath/u_mxu/u_systolic_array/pe_1_1/u_multiplier/a_s1_reg[1]
  -------------------------------------------------------------------
                         required time                         -1.850    
                         arrival time                           1.869    
  -------------------------------------------------------------------
                         slack                                  0.018    

Slack (MET) :             0.019ns  (arrival time - required time)
  Source:                 design_1_i/tpu_mnist_ip_0/inst/u_tpu_top/u_layer_controller/u_tile_controller/GEN_PARAM_ROMS[1].u_requant_mult_rom/data_o_reg[22]/C
                            (rising edge-triggered cell FDCE clocked by clk_pl_0  {rise@0.000ns fall@5.000ns period=10.000ns})
  Destination:            design_1_i/tpu_mnist_ip_0/inst/u_tpu_top/u_layer_controller/u_tile_controller/requant_multiplier_flatten_q_reg[54]/D
                            (rising edge-triggered cell FDCE clocked by clk_pl_0  {rise@0.000ns fall@5.000ns period=10.000ns})
  Path Group:             clk_pl_0
  Path Type:              Hold (Min at Slow Process Corner)
  Requirement:            0.000ns  (clk_pl_0 rise@0.000ns - clk_pl_0 rise@0.000ns)
  Data Path Delay:        0.193ns  (logic 0.058ns (30.052%)  route 0.135ns (69.948%))
  Logic Levels:           0  
  Clock Path Skew:        0.112ns (DCD - SCD - CPR)
    Destination Clock Delay (DCD):    2.029ns
    Source Clock Delay      (SCD):    1.749ns
    Clock Pessimism Removal (CPR):    0.168ns
  Clock Net Delay (Source):      1.581ns (routing 0.512ns, distribution 1.069ns)
  Clock Net Delay (Destination): 1.821ns (routing 0.569ns, distribution 1.252ns)

    Location             Delay type                Incr(ns)  Path(ns)    Netlist Resource(s)
  -------------------------------------------------------------------    -------------------
                         (clock clk_pl_0 rise edge)
                                                      0.000     0.000 r  
    PS8_X0Y0             PS8                          0.000     0.000 r  design_1_i/zynq_ultra_ps_e_0/inst/PS8_i/PLCLK[0]
                         net (fo=1, routed)           0.143     0.143    design_1_i/zynq_ultra_ps_e_0/inst/pl_clk_unbuffered[0]
    BUFG_PS_X0Y80        BUFG_PS (Prop_BUFG_PS_I_O)
                                                      0.025     0.168 r  design_1_i/zynq_ultra_ps_e_0/inst/buffer_pl_clk_0.PL_CLK_0_BUFG/O
    X1Y2 (CLOCK_ROOT)    net (fo=5377, routed)        1.581     1.749    design_1_i/tpu_mnist_ip_0/inst/u_tpu_top/u_layer_controller/u_tile_controller/GEN_PARAM_ROMS[1].u_requant_mult_rom/s_axi_aclk
    SLICE_X56Y14         FDCE                                         r  design_1_i/tpu_mnist_ip_0/inst/u_tpu_top/u_layer_controller/u_tile_controller/GEN_PARAM_ROMS[1].u_requant_mult_rom/data_o_reg[22]/C
  -------------------------------------------------------------------    -------------------
    SLICE_X56Y14         FDCE (Prop_GFF_SLICEM_C_Q)
                                                      0.058     1.807 r  design_1_i/tpu_mnist_ip_0/inst/u_tpu_top/u_layer_controller/u_tile_controller/GEN_PARAM_ROMS[1].u_requant_mult_rom/data_o_reg[22]/Q
                         net (fo=1, routed)           0.135     1.942    design_1_i/tpu_mnist_ip_0/inst/u_tpu_top/u_layer_controller/u_tile_controller/GEN_PARAM_ROMS[1].u_requant_mult_rom_n_5
    SLICE_X57Y14         FDCE                                         r  design_1_i/tpu_mnist_ip_0/inst/u_tpu_top/u_layer_controller/u_tile_controller/requant_multiplier_flatten_q_reg[54]/D
  -------------------------------------------------------------------    -------------------

                         (clock clk_pl_0 rise edge)
                                                      0.000     0.000 r  
    PS8_X0Y0             PS8                          0.000     0.000 r  design_1_i/zynq_ultra_ps_e_0/inst/PS8_i/PLCLK[0]
                         net (fo=1, routed)           0.180     0.180    design_1_i/zynq_ultra_ps_e_0/inst/pl_clk_unbuffered[0]
    BUFG_PS_X0Y80        BUFG_PS (Prop_BUFG_PS_I_O)
                                                      0.028     0.208 r  design_1_i/zynq_ultra_ps_e_0/inst/buffer_pl_clk_0.PL_CLK_0_BUFG/O
    X1Y2 (CLOCK_ROOT)    net (fo=5377, routed)        1.821     2.029    design_1_i/tpu_mnist_ip_0/inst/u_tpu_top/u_layer_controller/u_tile_controller/s_axi_aclk
    SLICE_X57Y14         FDCE                                         r  design_1_i/tpu_mnist_ip_0/inst/u_tpu_top/u_layer_controller/u_tile_controller/requant_multiplier_flatten_q_reg[54]/C
                         clock pessimism             -0.168     1.861    
    SLICE_X57Y14         FDCE (Hold_CFF2_SLICEM_C_D)
                                                      0.062     1.923    design_1_i/tpu_mnist_ip_0/inst/u_tpu_top/u_layer_controller/u_tile_controller/requant_multiplier_flatten_q_reg[54]
  -------------------------------------------------------------------
                         required time                         -1.923    
                         arrival time                           1.942    
  -------------------------------------------------------------------
                         slack                                  0.019    

Slack (MET) :             0.019ns  (arrival time - required time)
  Source:                 design_1_i/axi_smc/inst/s00_entry_pipeline/s00_si_converter/inst/gen_axilite_conv.axilite_conv_inst/m_axi_wstrb_i_reg[1]/C
                            (rising edge-triggered cell FDRE clocked by clk_pl_0  {rise@0.000ns fall@5.000ns period=10.000ns})
  Destination:            design_1_i/axi_smc/inst/s00_nodes/s00_w_node/inst/inst_mi_handler/gen_normal_area.inst_fifo_node_payld/gen_reg_fifo.inst_reg_fifo/gen_single_rank.data_reg[25]/D
                            (rising edge-triggered cell FDRE clocked by clk_pl_0  {rise@0.000ns fall@5.000ns period=10.000ns})
  Path Group:             clk_pl_0
  Path Type:              Hold (Min at Fast Process Corner)
  Requirement:            0.000ns  (clk_pl_0 rise@0.000ns - clk_pl_0 rise@0.000ns)
  Data Path Delay:        0.072ns  (logic 0.039ns (54.167%)  route 0.033ns (45.833%))
  Logic Levels:           0  
  Clock Path Skew:        0.006ns (DCD - SCD - CPR)
    Destination Clock Delay (DCD):    1.267ns
    Source Clock Delay      (SCD):    1.102ns
    Clock Pessimism Removal (CPR):    0.160ns
  Clock Net Delay (Source):      0.963ns (routing 0.311ns, distribution 0.652ns)
  Clock Net Delay (Destination): 1.095ns (routing 0.352ns, distribution 0.743ns)

    Location             Delay type                Incr(ns)  Path(ns)    Netlist Resource(s)
  -------------------------------------------------------------------    -------------------
                         (clock clk_pl_0 rise edge)
                                                      0.000     0.000 r  
    PS8_X0Y0             PS8                          0.000     0.000 r  design_1_i/zynq_ultra_ps_e_0/inst/PS8_i/PLCLK[0]
                         net (fo=1, routed)           0.122     0.122    design_1_i/zynq_ultra_ps_e_0/inst/pl_clk_unbuffered[0]
    BUFG_PS_X0Y80        BUFG_PS (Prop_BUFG_PS_I_O)
                                                      0.017     0.139 r  design_1_i/zynq_ultra_ps_e_0/inst/buffer_pl_clk_0.PL_CLK_0_BUFG/O
    X1Y2 (CLOCK_ROOT)    net (fo=5377, routed)        0.963     1.102    design_1_i/axi_smc/inst/s00_entry_pipeline/s00_si_converter/inst/gen_axilite_conv.axilite_conv_inst/aclk
    SLICE_X51Y87         FDRE                                         r  design_1_i/axi_smc/inst/s00_entry_pipeline/s00_si_converter/inst/gen_axilite_conv.axilite_conv_inst/m_axi_wstrb_i_reg[1]/C
  -------------------------------------------------------------------    -------------------
    SLICE_X51Y87         FDRE (Prop_HFF_SLICEL_C_Q)
                                                      0.039     1.141 r  design_1_i/axi_smc/inst/s00_entry_pipeline/s00_si_converter/inst/gen_axilite_conv.axilite_conv_inst/m_axi_wstrb_i_reg[1]/Q
                         net (fo=1, routed)           0.033     1.174    design_1_i/axi_smc/inst/s00_nodes/s00_w_node/inst/inst_mi_handler/gen_normal_area.inst_fifo_node_payld/gen_reg_fifo.inst_reg_fifo/s_sc_payld[9]
    SLICE_X51Y87         FDRE                                         r  design_1_i/axi_smc/inst/s00_nodes/s00_w_node/inst/inst_mi_handler/gen_normal_area.inst_fifo_node_payld/gen_reg_fifo.inst_reg_fifo/gen_single_rank.data_reg[25]/D
  -------------------------------------------------------------------    -------------------

                         (clock clk_pl_0 rise edge)
                                                      0.000     0.000 r  
    PS8_X0Y0             PS8                          0.000     0.000 r  design_1_i/zynq_ultra_ps_e_0/inst/PS8_i/PLCLK[0]
                         net (fo=1, routed)           0.154     0.154    design_1_i/zynq_ultra_ps_e_0/inst/pl_clk_unbuffered[0]
    BUFG_PS_X0Y80        BUFG_PS (Prop_BUFG_PS_I_O)
                                                      0.018     0.172 r  design_1_i/zynq_ultra_ps_e_0/inst/buffer_pl_clk_0.PL_CLK_0_BUFG/O
    X1Y2 (CLOCK_ROOT)    net (fo=5377, routed)        1.095     1.267    design_1_i/axi_smc/inst/s00_nodes/s00_w_node/inst/inst_mi_handler/gen_normal_area.inst_fifo_node_payld/gen_reg_fifo.inst_reg_fifo/s_sc_aclk
    SLICE_X51Y87         FDRE                                         r  design_1_i/axi_smc/inst/s00_nodes/s00_w_node/inst/inst_mi_handler/gen_normal_area.inst_fifo_node_payld/gen_reg_fifo.inst_reg_fifo/gen_single_rank.data_reg[25]/C
                         clock pessimism             -0.160     1.108    
    SLICE_X51Y87         FDRE (Hold_HFF2_SLICEL_C_D)
                                                      0.047     1.155    design_1_i/axi_smc/inst/s00_nodes/s00_w_node/inst/inst_mi_handler/gen_normal_area.inst_fifo_node_payld/gen_reg_fifo.inst_reg_fifo/gen_single_rank.data_reg[25]
  -------------------------------------------------------------------
                         required time                         -1.155    
                         arrival time                           1.174    
  -------------------------------------------------------------------
                         slack                                  0.019    

Slack (MET) :             0.019ns  (arrival time - required time)
  Source:                 design_1_i/tpu_mnist_ip_0/inst/u_tpu_top/u_layer_controller/u_tile_controller/GEN_PARAM_ROMS[0].u_requant_mult_rom/data_o_reg[10]/C
                            (rising edge-triggered cell FDCE clocked by clk_pl_0  {rise@0.000ns fall@5.000ns period=10.000ns})
  Destination:            design_1_i/tpu_mnist_ip_0/inst/u_tpu_top/u_layer_controller/u_tile_controller/requant_multiplier_flatten_q_reg[10]/D
                            (rising edge-triggered cell FDCE clocked by clk_pl_0  {rise@0.000ns fall@5.000ns period=10.000ns})
  Path Group:             clk_pl_0
  Path Type:              Hold (Min at Fast Process Corner)
  Requirement:            0.000ns  (clk_pl_0 rise@0.000ns - clk_pl_0 rise@0.000ns)
  Data Path Delay:        0.072ns  (logic 0.039ns (54.167%)  route 0.033ns (45.833%))
  Logic Levels:           0  
  Clock Path Skew:        0.006ns (DCD - SCD - CPR)
    Destination Clock Delay (DCD):    1.307ns
    Source Clock Delay      (SCD):    1.135ns
    Clock Pessimism Removal (CPR):    0.166ns
  Clock Net Delay (Source):      0.996ns (routing 0.311ns, distribution 0.685ns)
  Clock Net Delay (Destination): 1.135ns (routing 0.352ns, distribution 0.783ns)

    Location             Delay type                Incr(ns)  Path(ns)    Netlist Resource(s)
  -------------------------------------------------------------------    -------------------
                         (clock clk_pl_0 rise edge)
                                                      0.000     0.000 r  
    PS8_X0Y0             PS8                          0.000     0.000 r  design_1_i/zynq_ultra_ps_e_0/inst/PS8_i/PLCLK[0]
                         net (fo=1, routed)           0.122     0.122    design_1_i/zynq_ultra_ps_e_0/inst/pl_clk_unbuffered[0]
    BUFG_PS_X0Y80        BUFG_PS (Prop_BUFG_PS_I_O)
                                                      0.017     0.139 r  design_1_i/zynq_ultra_ps_e_0/inst/buffer_pl_clk_0.PL_CLK_0_BUFG/O
    X1Y2 (CLOCK_ROOT)    net (fo=5377, routed)        0.996     1.135    design_1_i/tpu_mnist_ip_0/inst/u_tpu_top/u_layer_controller/u_tile_controller/GEN_PARAM_ROMS[0].u_requant_mult_rom/s_axi_aclk
    SLICE_X51Y6          FDCE                                         r  design_1_i/tpu_mnist_ip_0/inst/u_tpu_top/u_layer_controller/u_tile_controller/GEN_PARAM_ROMS[0].u_requant_mult_rom/data_o_reg[10]/C
  -------------------------------------------------------------------    -------------------
    SLICE_X51Y6          FDCE (Prop_HFF_SLICEL_C_Q)
                                                      0.039     1.174 r  design_1_i/tpu_mnist_ip_0/inst/u_tpu_top/u_layer_controller/u_tile_controller/GEN_PARAM_ROMS[0].u_requant_mult_rom/data_o_reg[10]/Q
                         net (fo=1, routed)           0.033     1.207    design_1_i/tpu_mnist_ip_0/inst/u_tpu_top/u_layer_controller/u_tile_controller/GEN_PARAM_ROMS[0].u_requant_mult_rom_n_13
    SLICE_X51Y6          FDCE                                         r  design_1_i/tpu_mnist_ip_0/inst/u_tpu_top/u_layer_controller/u_tile_controller/requant_multiplier_flatten_q_reg[10]/D
  -------------------------------------------------------------------    -------------------

                         (clock clk_pl_0 rise edge)
                                                      0.000     0.000 r  
    PS8_X0Y0             PS8                          0.000     0.000 r  design_1_i/zynq_ultra_ps_e_0/inst/PS8_i/PLCLK[0]
                         net (fo=1, routed)           0.154     0.154    design_1_i/zynq_ultra_ps_e_0/inst/pl_clk_unbuffered[0]
    BUFG_PS_X0Y80        BUFG_PS (Prop_BUFG_PS_I_O)
                                                      0.018     0.172 r  design_1_i/zynq_ultra_ps_e_0/inst/buffer_pl_clk_0.PL_CLK_0_BUFG/O
    X1Y2 (CLOCK_ROOT)    net (fo=5377, routed)        1.135     1.307    design_1_i/tpu_mnist_ip_0/inst/u_tpu_top/u_layer_controller/u_tile_controller/s_axi_aclk
    SLICE_X51Y6          FDCE                                         r  design_1_i/tpu_mnist_ip_0/inst/u_tpu_top/u_layer_controller/u_tile_controller/requant_multiplier_flatten_q_reg[10]/C
                         clock pessimism             -0.166     1.141    
    SLICE_X51Y6          FDCE (Hold_HFF2_SLICEL_C_D)
                                                      0.047     1.188    design_1_i/tpu_mnist_ip_0/inst/u_tpu_top/u_layer_controller/u_tile_controller/requant_multiplier_flatten_q_reg[10]
  -------------------------------------------------------------------
                         required time                         -1.188    
                         arrival time                           1.207    
  -------------------------------------------------------------------
                         slack                                  0.019    

Slack (MET) :             0.019ns  (arrival time - required time)
  Source:                 design_1_i/tpu_mnist_ip_0/inst/u_tpu_top/u_maxpool2d_unit/write_bank_q_reg/C
                            (rising edge-triggered cell FDPE clocked by clk_pl_0  {rise@0.000ns fall@5.000ns period=10.000ns})
  Destination:            design_1_i/tpu_mnist_ip_0/inst/u_tpu_top/u_maxpool2d_unit/ub_wr_bank_o_reg/D
                            (rising edge-triggered cell FDCE clocked by clk_pl_0  {rise@0.000ns fall@5.000ns period=10.000ns})
  Path Group:             clk_pl_0
  Path Type:              Hold (Min at Fast Process Corner)
  Requirement:            0.000ns  (clk_pl_0 rise@0.000ns - clk_pl_0 rise@0.000ns)
  Data Path Delay:        0.072ns  (logic 0.039ns (54.167%)  route 0.033ns (45.833%))
  Logic Levels:           0  
  Clock Path Skew:        0.006ns (DCD - SCD - CPR)
    Destination Clock Delay (DCD):    1.275ns
    Source Clock Delay      (SCD):    1.110ns
    Clock Pessimism Removal (CPR):    0.160ns
  Clock Net Delay (Source):      0.971ns (routing 0.311ns, distribution 0.660ns)
  Clock Net Delay (Destination): 1.103ns (routing 0.352ns, distribution 0.751ns)

    Location             Delay type                Incr(ns)  Path(ns)    Netlist Resource(s)
  -------------------------------------------------------------------    -------------------
                         (clock clk_pl_0 rise edge)
                                                      0.000     0.000 r  
    PS8_X0Y0             PS8                          0.000     0.000 r  design_1_i/zynq_ultra_ps_e_0/inst/PS8_i/PLCLK[0]
                         net (fo=1, routed)           0.122     0.122    design_1_i/zynq_ultra_ps_e_0/inst/pl_clk_unbuffered[0]
    BUFG_PS_X0Y80        BUFG_PS (Prop_BUFG_PS_I_O)
                                                      0.017     0.139 r  design_1_i/zynq_ultra_ps_e_0/inst/buffer_pl_clk_0.PL_CLK_0_BUFG/O
    X1Y2 (CLOCK_ROOT)    net (fo=5377, routed)        0.971     1.110    design_1_i/tpu_mnist_ip_0/inst/u_tpu_top/u_maxpool2d_unit/s_axi_aclk
    SLICE_X52Y70         FDPE                                         r  design_1_i/tpu_mnist_ip_0/inst/u_tpu_top/u_maxpool2d_unit/write_bank_q_reg/C
  -------------------------------------------------------------------    -------------------
    SLICE_X52Y70         FDPE (Prop_HFF_SLICEL_C_Q)
                                                      0.039     1.149 r  design_1_i/tpu_mnist_ip_0/inst/u_tpu_top/u_maxpool2d_unit/write_bank_q_reg/Q
                         net (fo=1, routed)           0.033     1.182    design_1_i/tpu_mnist_ip_0/inst/u_tpu_top/u_maxpool2d_unit/write_bank_q
    SLICE_X52Y70         FDCE                                         r  design_1_i/tpu_mnist_ip_0/inst/u_tpu_top/u_maxpool2d_unit/ub_wr_bank_o_reg/D
  -------------------------------------------------------------------    -------------------

                         (clock clk_pl_0 rise edge)
                                                      0.000     0.000 r  
    PS8_X0Y0             PS8                          0.000     0.000 r  design_1_i/zynq_ultra_ps_e_0/inst/PS8_i/PLCLK[0]
                         net (fo=1, routed)           0.154     0.154    design_1_i/zynq_ultra_ps_e_0/inst/pl_clk_unbuffered[0]
    BUFG_PS_X0Y80        BUFG_PS (Prop_BUFG_PS_I_O)
                                                      0.018     0.172 r  design_1_i/zynq_ultra_ps_e_0/inst/buffer_pl_clk_0.PL_CLK_0_BUFG/O
    X1Y2 (CLOCK_ROOT)    net (fo=5377, routed)        1.103     1.275    design_1_i/tpu_mnist_ip_0/inst/u_tpu_top/u_maxpool2d_unit/s_axi_aclk
    SLICE_X52Y70         FDCE                                         r  design_1_i/tpu_mnist_ip_0/inst/u_tpu_top/u_maxpool2d_unit/ub_wr_bank_o_reg/C
                         clock pessimism             -0.160     1.116    
    SLICE_X52Y70         FDCE (Hold_HFF2_SLICEL_C_D)
                                                      0.047     1.163    design_1_i/tpu_mnist_ip_0/inst/u_tpu_top/u_maxpool2d_unit/ub_wr_bank_o_reg
  -------------------------------------------------------------------
                         required time                         -1.163    
                         arrival time                           1.182    
  -------------------------------------------------------------------
                         slack                                  0.019    

Slack (MET) :             0.021ns  (arrival time - required time)
  Source:                 design_1_i/tpu_mnist_ip_0/inst/u_tpu_top/u_datapath/u_mxu/u_systolic_array/pe_1_0/u_multiplier/product_s2_reg[7]/C
                            (rising edge-triggered cell FDCE clocked by clk_pl_0  {rise@0.000ns fall@5.000ns period=10.000ns})
  Destination:            design_1_i/tpu_mnist_ip_0/inst/u_tpu_top/u_datapath/u_mxu/u_systolic_array/pe_1_0/u_multiplier/product_o_reg[7]/D
                            (rising edge-triggered cell FDCE clocked by clk_pl_0  {rise@0.000ns fall@5.000ns period=10.000ns})
  Path Group:             clk_pl_0
  Path Type:              Hold (Min at Slow Process Corner)
  Requirement:            0.000ns  (clk_pl_0 rise@0.000ns - clk_pl_0 rise@0.000ns)
  Data Path Delay:        0.132ns  (logic 0.059ns (44.697%)  route 0.073ns (55.303%))
  Logic Levels:           0  
  Clock Path Skew:        0.049ns (DCD - SCD - CPR)
    Destination Clock Delay (DCD):    2.012ns
    Source Clock Delay      (SCD):    1.747ns
    Clock Pessimism Removal (CPR):    0.215ns
  Clock Net Delay (Source):      1.579ns (routing 0.512ns, distribution 1.067ns)
  Clock Net Delay (Destination): 1.804ns (routing 0.569ns, distribution 1.235ns)

    Location             Delay type                Incr(ns)  Path(ns)    Netlist Resource(s)
  -------------------------------------------------------------------    -------------------
                         (clock clk_pl_0 rise edge)
                                                      0.000     0.000 r  
    PS8_X0Y0             PS8                          0.000     0.000 r  design_1_i/zynq_ultra_ps_e_0/inst/PS8_i/PLCLK[0]
                         net (fo=1, routed)           0.143     0.143    design_1_i/zynq_ultra_ps_e_0/inst/pl_clk_unbuffered[0]
    BUFG_PS_X0Y80        BUFG_PS (Prop_BUFG_PS_I_O)
                                                      0.025     0.168 r  design_1_i/zynq_ultra_ps_e_0/inst/buffer_pl_clk_0.PL_CLK_0_BUFG/O
    X1Y2 (CLOCK_ROOT)    net (fo=5377, routed)        1.579     1.747    design_1_i/tpu_mnist_ip_0/inst/u_tpu_top/u_datapath/u_mxu/u_systolic_array/pe_1_0/u_multiplier/s_axi_aclk
    SLICE_X58Y40         FDCE                                         r  design_1_i/tpu_mnist_ip_0/inst/u_tpu_top/u_datapath/u_mxu/u_systolic_array/pe_1_0/u_multiplier/product_s2_reg[7]/C
  -------------------------------------------------------------------    -------------------
    SLICE_X58Y40         FDCE (Prop_DFF_SLICEL_C_Q)
                                                      0.059     1.806 r  design_1_i/tpu_mnist_ip_0/inst/u_tpu_top/u_datapath/u_mxu/u_systolic_array/pe_1_0/u_multiplier/product_s2_reg[7]/Q
                         net (fo=1, routed)           0.073     1.879    design_1_i/tpu_mnist_ip_0/inst/u_tpu_top/u_datapath/u_mxu/u_systolic_array/pe_1_0/u_multiplier/product_s2_reg_n_0_[7]
    SLICE_X58Y39         FDCE                                         r  design_1_i/tpu_mnist_ip_0/inst/u_tpu_top/u_datapath/u_mxu/u_systolic_array/pe_1_0/u_multiplier/product_o_reg[7]/D
  -------------------------------------------------------------------    -------------------

                         (clock clk_pl_0 rise edge)
                                                      0.000     0.000 r  
    PS8_X0Y0             PS8                          0.000     0.000 r  design_1_i/zynq_ultra_ps_e_0/inst/PS8_i/PLCLK[0]
                         net (fo=1, routed)           0.180     0.180    design_1_i/zynq_ultra_ps_e_0/inst/pl_clk_unbuffered[0]
    BUFG_PS_X0Y80        BUFG_PS (Prop_BUFG_PS_I_O)
                                                      0.028     0.208 r  design_1_i/zynq_ultra_ps_e_0/inst/buffer_pl_clk_0.PL_CLK_0_BUFG/O
    X1Y2 (CLOCK_ROOT)    net (fo=5377, routed)        1.804     2.012    design_1_i/tpu_mnist_ip_0/inst/u_tpu_top/u_datapath/u_mxu/u_systolic_array/pe_1_0/u_multiplier/s_axi_aclk
    SLICE_X58Y39         FDCE                                         r  design_1_i/tpu_mnist_ip_0/inst/u_tpu_top/u_datapath/u_mxu/u_systolic_array/pe_1_0/u_multiplier/product_o_reg[7]/C
                         clock pessimism             -0.215     1.797    
    SLICE_X58Y39         FDCE (Hold_AFF2_SLICEL_C_D)
                                                      0.062     1.859    design_1_i/tpu_mnist_ip_0/inst/u_tpu_top/u_datapath/u_mxu/u_systolic_array/pe_1_0/u_multiplier/product_o_reg[7]
  -------------------------------------------------------------------
                         required time                         -1.859    
                         arrival time                           1.879    
  -------------------------------------------------------------------
                         slack                                  0.021    

Slack (MET) :             0.023ns  (arrival time - required time)
  Source:                 design_1_i/tpu_mnist_ip_0/inst/u_tpu_top/u_layer_controller/u_tile_controller/requant_multiplier_flatten_q_reg[2]/C
                            (rising edge-triggered cell FDCE clocked by clk_pl_0  {rise@0.000ns fall@5.000ns period=10.000ns})
  Destination:            design_1_i/tpu_mnist_ip_0/inst/u_tpu_top/u_layer_controller/u_tile_controller/vpu_requant_multiplier_flatten_o_reg[2]/D
                            (rising edge-triggered cell FDCE clocked by clk_pl_0  {rise@0.000ns fall@5.000ns period=10.000ns})
  Path Group:             clk_pl_0
  Path Type:              Hold (Min at Slow Process Corner)
  Requirement:            0.000ns  (clk_pl_0 rise@0.000ns - clk_pl_0 rise@0.000ns)
  Data Path Delay:        0.164ns  (logic 0.060ns (36.585%)  route 0.104ns (63.415%))
  Logic Levels:           0  
  Clock Path Skew:        0.081ns (DCD - SCD - CPR)
    Destination Clock Delay (DCD):    1.993ns
    Source Clock Delay      (SCD):    1.744ns
    Clock Pessimism Removal (CPR):    0.169ns
  Clock Net Delay (Source):      1.576ns (routing 0.512ns, distribution 1.064ns)
  Clock Net Delay (Destination): 1.785ns (routing 0.569ns, distribution 1.216ns)

    Location             Delay type                Incr(ns)  Path(ns)    Netlist Resource(s)
  -------------------------------------------------------------------    -------------------
                         (clock clk_pl_0 rise edge)
                                                      0.000     0.000 r  
    PS8_X0Y0             PS8                          0.000     0.000 r  design_1_i/zynq_ultra_ps_e_0/inst/PS8_i/PLCLK[0]
                         net (fo=1, routed)           0.143     0.143    design_1_i/zynq_ultra_ps_e_0/inst/pl_clk_unbuffered[0]
    BUFG_PS_X0Y80        BUFG_PS (Prop_BUFG_PS_I_O)
                                                      0.025     0.168 r  design_1_i/zynq_ultra_ps_e_0/inst/buffer_pl_clk_0.PL_CLK_0_BUFG/O
    X1Y2 (CLOCK_ROOT)    net (fo=5377, routed)        1.576     1.744    design_1_i/tpu_mnist_ip_0/inst/u_tpu_top/u_layer_controller/u_tile_controller/s_axi_aclk
    SLICE_X51Y3          FDCE                                         r  design_1_i/tpu_mnist_ip_0/inst/u_tpu_top/u_layer_controller/u_tile_controller/requant_multiplier_flatten_q_reg[2]/C
  -------------------------------------------------------------------    -------------------
    SLICE_X51Y3          FDCE (Prop_EFF2_SLICEL_C_Q)
                                                      0.060     1.804 r  design_1_i/tpu_mnist_ip_0/inst/u_tpu_top/u_layer_controller/u_tile_controller/requant_multiplier_flatten_q_reg[2]/Q
                         net (fo=1, routed)           0.104     1.908    design_1_i/tpu_mnist_ip_0/inst/u_tpu_top/u_layer_controller/u_tile_controller/requant_multiplier_flatten_q[2]
    SLICE_X52Y3          FDCE                                         r  design_1_i/tpu_mnist_ip_0/inst/u_tpu_top/u_layer_controller/u_tile_controller/vpu_requant_multiplier_flatten_o_reg[2]/D
  -------------------------------------------------------------------    -------------------

                         (clock clk_pl_0 rise edge)
                                                      0.000     0.000 r  
    PS8_X0Y0             PS8                          0.000     0.000 r  design_1_i/zynq_ultra_ps_e_0/inst/PS8_i/PLCLK[0]
                         net (fo=1, routed)           0.180     0.180    design_1_i/zynq_ultra_ps_e_0/inst/pl_clk_unbuffered[0]
    BUFG_PS_X0Y80        BUFG_PS (Prop_BUFG_PS_I_O)
                                                      0.028     0.208 r  design_1_i/zynq_ultra_ps_e_0/inst/buffer_pl_clk_0.PL_CLK_0_BUFG/O
    X1Y2 (CLOCK_ROOT)    net (fo=5377, routed)        1.785     1.993    design_1_i/tpu_mnist_ip_0/inst/u_tpu_top/u_layer_controller/u_tile_controller/s_axi_aclk
    SLICE_X52Y3          FDCE                                         r  design_1_i/tpu_mnist_ip_0/inst/u_tpu_top/u_layer_controller/u_tile_controller/vpu_requant_multiplier_flatten_o_reg[2]/C
                         clock pessimism             -0.169     1.825    
    SLICE_X52Y3          FDCE (Hold_EFF_SLICEL_C_D)
                                                      0.060     1.885    design_1_i/tpu_mnist_ip_0/inst/u_tpu_top/u_layer_controller/u_tile_controller/vpu_requant_multiplier_flatten_o_reg[2]
  -------------------------------------------------------------------
                         required time                         -1.885    
                         arrival time                           1.908    
  -------------------------------------------------------------------
                         slack                                  0.023    

Slack (MET) :             0.024ns  (arrival time - required time)
  Source:                 design_1_i/axi_smc/inst/s00_entry_pipeline/s00_si_converter/inst/gen_axilite_conv.axilite_conv_inst/m_axi_wstrb_i_reg[0]/C
                            (rising edge-triggered cell FDRE clocked by clk_pl_0  {rise@0.000ns fall@5.000ns period=10.000ns})
  Destination:            design_1_i/axi_smc/inst/s00_nodes/s00_w_node/inst/inst_mi_handler/gen_normal_area.inst_fifo_node_payld/gen_reg_fifo.inst_reg_fifo/gen_single_rank.data_reg[16]/D
                            (rising edge-triggered cell FDRE clocked by clk_pl_0  {rise@0.000ns fall@5.000ns period=10.000ns})
  Path Group:             clk_pl_0
  Path Type:              Hold (Min at Fast Process Corner)
  Requirement:            0.000ns  (clk_pl_0 rise@0.000ns - clk_pl_0 rise@0.000ns)
  Data Path Delay:        0.077ns  (logic 0.039ns (50.649%)  route 0.038ns (49.351%))
  Logic Levels:           0  
  Clock Path Skew:        0.006ns (DCD - SCD - CPR)
    Destination Clock Delay (DCD):    1.268ns
    Source Clock Delay      (SCD):    1.104ns
    Clock Pessimism Removal (CPR):    0.159ns
  Clock Net Delay (Source):      0.965ns (routing 0.311ns, distribution 0.654ns)
  Clock Net Delay (Destination): 1.096ns (routing 0.352ns, distribution 0.744ns)

    Location             Delay type                Incr(ns)  Path(ns)    Netlist Resource(s)
  -------------------------------------------------------------------    -------------------
                         (clock clk_pl_0 rise edge)
                                                      0.000     0.000 r  
    PS8_X0Y0             PS8                          0.000     0.000 r  design_1_i/zynq_ultra_ps_e_0/inst/PS8_i/PLCLK[0]
                         net (fo=1, routed)           0.122     0.122    design_1_i/zynq_ultra_ps_e_0/inst/pl_clk_unbuffered[0]
    BUFG_PS_X0Y80        BUFG_PS (Prop_BUFG_PS_I_O)
                                                      0.017     0.139 r  design_1_i/zynq_ultra_ps_e_0/inst/buffer_pl_clk_0.PL_CLK_0_BUFG/O
    X1Y2 (CLOCK_ROOT)    net (fo=5377, routed)        0.965     1.104    design_1_i/axi_smc/inst/s00_entry_pipeline/s00_si_converter/inst/gen_axilite_conv.axilite_conv_inst/aclk
    SLICE_X49Y99         FDRE                                         r  design_1_i/axi_smc/inst/s00_entry_pipeline/s00_si_converter/inst/gen_axilite_conv.axilite_conv_inst/m_axi_wstrb_i_reg[0]/C
  -------------------------------------------------------------------    -------------------
    SLICE_X49Y99         FDRE (Prop_HFF_SLICEM_C_Q)
                                                      0.039     1.143 r  design_1_i/axi_smc/inst/s00_entry_pipeline/s00_si_converter/inst/gen_axilite_conv.axilite_conv_inst/m_axi_wstrb_i_reg[0]/Q
                         net (fo=1, routed)           0.038     1.181    design_1_i/axi_smc/inst/s00_nodes/s00_w_node/inst/inst_mi_handler/gen_normal_area.inst_fifo_node_payld/gen_reg_fifo.inst_reg_fifo/s_sc_payld[0]
    SLICE_X49Y99         FDRE                                         r  design_1_i/axi_smc/inst/s00_nodes/s00_w_node/inst/inst_mi_handler/gen_normal_area.inst_fifo_node_payld/gen_reg_fifo.inst_reg_fifo/gen_single_rank.data_reg[16]/D
  -------------------------------------------------------------------    -------------------

                         (clock clk_pl_0 rise edge)
                                                      0.000     0.000 r  
    PS8_X0Y0             PS8                          0.000     0.000 r  design_1_i/zynq_ultra_ps_e_0/inst/PS8_i/PLCLK[0]
                         net (fo=1, routed)           0.154     0.154    design_1_i/zynq_ultra_ps_e_0/inst/pl_clk_unbuffered[0]
    BUFG_PS_X0Y80        BUFG_PS (Prop_BUFG_PS_I_O)
                                                      0.018     0.172 r  design_1_i/zynq_ultra_ps_e_0/inst/buffer_pl_clk_0.PL_CLK_0_BUFG/O
    X1Y2 (CLOCK_ROOT)    net (fo=5377, routed)        1.096     1.268    design_1_i/axi_smc/inst/s00_nodes/s00_w_node/inst/inst_mi_handler/gen_normal_area.inst_fifo_node_payld/gen_reg_fifo.inst_reg_fifo/s_sc_aclk
    SLICE_X49Y99         FDRE                                         r  design_1_i/axi_smc/inst/s00_nodes/s00_w_node/inst/inst_mi_handler/gen_normal_area.inst_fifo_node_payld/gen_reg_fifo.inst_reg_fifo/gen_single_rank.data_reg[16]/C
                         clock pessimism             -0.159     1.110    
    SLICE_X49Y99         FDRE (Hold_HFF2_SLICEM_C_D)
                                                      0.047     1.157    design_1_i/axi_smc/inst/s00_nodes/s00_w_node/inst/inst_mi_handler/gen_normal_area.inst_fifo_node_payld/gen_reg_fifo.inst_reg_fifo/gen_single_rank.data_reg[16]
  -------------------------------------------------------------------
                         required time                         -1.157    
                         arrival time                           1.181    
  -------------------------------------------------------------------
                         slack                                  0.024    

Slack (MET) :             0.024ns  (arrival time - required time)
  Source:                 design_1_i/tpu_mnist_ip_0/inst/u_tpu_top/u_layer_controller/u_tile_controller/GEN_PARAM_ROMS[0].u_requant_shift_rom/data_o_reg[4]/C
                            (rising edge-triggered cell FDCE clocked by clk_pl_0  {rise@0.000ns fall@5.000ns period=10.000ns})
  Destination:            design_1_i/tpu_mnist_ip_0/inst/u_tpu_top/u_layer_controller/u_tile_controller/requant_shift_flatten_q_reg[4]/D
                            (rising edge-triggered cell FDCE clocked by clk_pl_0  {rise@0.000ns fall@5.000ns period=10.000ns})
  Path Group:             clk_pl_0
  Path Type:              Hold (Min at Fast Process Corner)
  Requirement:            0.000ns  (clk_pl_0 rise@0.000ns - clk_pl_0 rise@0.000ns)
  Data Path Delay:        0.077ns  (logic 0.039ns (50.649%)  route 0.038ns (49.351%))
  Logic Levels:           0  
  Clock Path Skew:        0.006ns (DCD - SCD - CPR)
    Destination Clock Delay (DCD):    1.308ns
    Source Clock Delay      (SCD):    1.136ns
    Clock Pessimism Removal (CPR):    0.166ns
  Clock Net Delay (Source):      0.997ns (routing 0.311ns, distribution 0.686ns)
  Clock Net Delay (Destination): 1.136ns (routing 0.352ns, distribution 0.784ns)

    Location             Delay type                Incr(ns)  Path(ns)    Netlist Resource(s)
  -------------------------------------------------------------------    -------------------
                         (clock clk_pl_0 rise edge)
                                                      0.000     0.000 r  
    PS8_X0Y0             PS8                          0.000     0.000 r  design_1_i/zynq_ultra_ps_e_0/inst/PS8_i/PLCLK[0]
                         net (fo=1, routed)           0.122     0.122    design_1_i/zynq_ultra_ps_e_0/inst/pl_clk_unbuffered[0]
    BUFG_PS_X0Y80        BUFG_PS (Prop_BUFG_PS_I_O)
                                                      0.017     0.139 r  design_1_i/zynq_ultra_ps_e_0/inst/buffer_pl_clk_0.PL_CLK_0_BUFG/O
    X1Y2 (CLOCK_ROOT)    net (fo=5377, routed)        0.997     1.136    design_1_i/tpu_mnist_ip_0/inst/u_tpu_top/u_layer_controller/u_tile_controller/GEN_PARAM_ROMS[0].u_requant_shift_rom/s_axi_aclk
    SLICE_X54Y11         FDCE                                         r  design_1_i/tpu_mnist_ip_0/inst/u_tpu_top/u_layer_controller/u_tile_controller/GEN_PARAM_ROMS[0].u_requant_shift_rom/data_o_reg[4]/C
  -------------------------------------------------------------------    -------------------
    SLICE_X54Y11         FDCE (Prop_HFF_SLICEM_C_Q)
                                                      0.039     1.175 r  design_1_i/tpu_mnist_ip_0/inst/u_tpu_top/u_layer_controller/u_tile_controller/GEN_PARAM_ROMS[0].u_requant_shift_rom/data_o_reg[4]/Q
                         net (fo=1, routed)           0.038     1.213    design_1_i/tpu_mnist_ip_0/inst/u_tpu_top/u_layer_controller/u_tile_controller/GEN_PARAM_ROMS[0].u_requant_shift_rom_n_0
    SLICE_X54Y11         FDCE                                         r  design_1_i/tpu_mnist_ip_0/inst/u_tpu_top/u_layer_controller/u_tile_controller/requant_shift_flatten_q_reg[4]/D
  -------------------------------------------------------------------    -------------------

                         (clock clk_pl_0 rise edge)
                                                      0.000     0.000 r  
    PS8_X0Y0             PS8                          0.000     0.000 r  design_1_i/zynq_ultra_ps_e_0/inst/PS8_i/PLCLK[0]
                         net (fo=1, routed)           0.154     0.154    design_1_i/zynq_ultra_ps_e_0/inst/pl_clk_unbuffered[0]
    BUFG_PS_X0Y80        BUFG_PS (Prop_BUFG_PS_I_O)
                                                      0.018     0.172 r  design_1_i/zynq_ultra_ps_e_0/inst/buffer_pl_clk_0.PL_CLK_0_BUFG/O
    X1Y2 (CLOCK_ROOT)    net (fo=5377, routed)        1.136     1.308    design_1_i/tpu_mnist_ip_0/inst/u_tpu_top/u_layer_controller/u_tile_controller/s_axi_aclk
    SLICE_X54Y11         FDCE                                         r  design_1_i/tpu_mnist_ip_0/inst/u_tpu_top/u_layer_controller/u_tile_controller/requant_shift_flatten_q_reg[4]/C
                         clock pessimism             -0.166     1.142    
    SLICE_X54Y11         FDCE (Hold_HFF2_SLICEM_C_D)
                                                      0.047     1.189    design_1_i/tpu_mnist_ip_0/inst/u_tpu_top/u_layer_controller/u_tile_controller/requant_shift_flatten_q_reg[4]
  -------------------------------------------------------------------
                         required time                         -1.189    
                         arrival time                           1.213    
  -------------------------------------------------------------------
                         slack                                  0.024    





Pulse Width Checks
--------------------------------------------------------------------------------------
Clock Name:         clk_pl_0
Waveform(ns):       { 0.000 5.000 }
Period(ns):         10.000
Sources:            { design_1_i/zynq_ultra_ps_e_0/inst/PS8_i/PLCLK[0] }

Check Type        Corner  Lib Pin             Reference Pin  Required(ns)  Actual(ns)  Slack(ns)  Location      Pin
Min Period        n/a     PS8/MAXIGP0ACLK     n/a            3.000         10.000      7.000      PS8_X0Y0      design_1_i/zynq_ultra_ps_e_0/inst/PS8_i/MAXIGP0ACLK
Min Period        n/a     RAMB36E2/CLKARDCLK  n/a            1.569         10.000      8.431      RAMB36_X1Y14  design_1_i/tpu_mnist_ip_0/inst/u_tpu_top/u_unified_buffer/bank0_mem_reg_bram_0/CLKARDCLK
Min Period        n/a     RAMB36E2/CLKARDCLK  n/a            1.569         10.000      8.431      RAMB36_X1Y15  design_1_i/tpu_mnist_ip_0/inst/u_tpu_top/u_unified_buffer/bank0_mem_reg_bram_1/CLKARDCLK
Min Period        n/a     RAMB36E2/CLKARDCLK  n/a            1.569         10.000      8.431      RAMB36_X1Y12  design_1_i/tpu_mnist_ip_0/inst/u_tpu_top/u_unified_buffer/bank1_mem_reg_bram_0/CLKARDCLK
Min Period        n/a     RAMB36E2/CLKARDCLK  n/a            1.569         10.000      8.431      RAMB36_X1Y13  design_1_i/tpu_mnist_ip_0/inst/u_tpu_top/u_unified_buffer/bank1_mem_reg_bram_1/CLKARDCLK
Min Period        n/a     RAMB36E2/CLKARDCLK  n/a            1.355         10.000      8.645      RAMB36_X1Y10  design_1_i/tpu_mnist_ip_0/inst/u_tpu_top/u_layer_controller/u_tile_controller/GEN_WEIGHT_ROMS[0].u_weight_rom/data_o_reg_0/CLKARDCLK
Min Period        n/a     RAMB36E2/CLKBWRCLK  n/a            1.355         10.000      8.645      RAMB36_X1Y10  design_1_i/tpu_mnist_ip_0/inst/u_tpu_top/u_layer_controller/u_tile_controller/GEN_WEIGHT_ROMS[0].u_weight_rom/data_o_reg_0/CLKBWRCLK
Min Period        n/a     RAMB36E2/CLKARDCLK  n/a            1.355         10.000      8.645      RAMB36_X1Y11  design_1_i/tpu_mnist_ip_0/inst/u_tpu_top/u_layer_controller/u_tile_controller/GEN_WEIGHT_ROMS[0].u_weight_rom/data_o_reg_1/CLKARDCLK
Min Period        n/a     RAMB36E2/CLKBWRCLK  n/a            1.355         10.000      8.645      RAMB36_X1Y11  design_1_i/tpu_mnist_ip_0/inst/u_tpu_top/u_layer_controller/u_tile_controller/GEN_WEIGHT_ROMS[0].u_weight_rom/data_o_reg_1/CLKBWRCLK
Min Period        n/a     RAMB36E2/CLKARDCLK  n/a            1.355         10.000      8.645      RAMB36_X1Y9   design_1_i/tpu_mnist_ip_0/inst/u_tpu_top/u_layer_controller/u_tile_controller/GEN_WEIGHT_ROMS[2].u_weight_rom/data_o_reg_0/CLKARDCLK
Low Pulse Width   Slow    PS8/MAXIGP0ACLK     n/a            1.500         5.000       3.500      PS8_X0Y0      design_1_i/zynq_ultra_ps_e_0/inst/PS8_i/MAXIGP0ACLK
Low Pulse Width   Fast    PS8/MAXIGP0ACLK     n/a            1.500         5.000       3.500      PS8_X0Y0      design_1_i/zynq_ultra_ps_e_0/inst/PS8_i/MAXIGP0ACLK
Low Pulse Width   Slow    RAMB36E2/CLKARDCLK  n/a            0.542         5.000       4.458      RAMB36_X1Y10  design_1_i/tpu_mnist_ip_0/inst/u_tpu_top/u_layer_controller/u_tile_controller/GEN_WEIGHT_ROMS[0].u_weight_rom/data_o_reg_0/CLKARDCLK
Low Pulse Width   Fast    RAMB36E2/CLKARDCLK  n/a            0.542         5.000       4.458      RAMB36_X1Y10  design_1_i/tpu_mnist_ip_0/inst/u_tpu_top/u_layer_controller/u_tile_controller/GEN_WEIGHT_ROMS[0].u_weight_rom/data_o_reg_0/CLKARDCLK
Low Pulse Width   Slow    RAMB36E2/CLKBWRCLK  n/a            0.542         5.000       4.458      RAMB36_X1Y10  design_1_i/tpu_mnist_ip_0/inst/u_tpu_top/u_layer_controller/u_tile_controller/GEN_WEIGHT_ROMS[0].u_weight_rom/data_o_reg_0/CLKBWRCLK
Low Pulse Width   Fast    RAMB36E2/CLKBWRCLK  n/a            0.542         5.000       4.458      RAMB36_X1Y10  design_1_i/tpu_mnist_ip_0/inst/u_tpu_top/u_layer_controller/u_tile_controller/GEN_WEIGHT_ROMS[0].u_weight_rom/data_o_reg_0/CLKBWRCLK
Low Pulse Width   Slow    RAMB36E2/CLKARDCLK  n/a            0.542         5.000       4.458      RAMB36_X1Y11  design_1_i/tpu_mnist_ip_0/inst/u_tpu_top/u_layer_controller/u_tile_controller/GEN_WEIGHT_ROMS[0].u_weight_rom/data_o_reg_1/CLKARDCLK
Low Pulse Width   Fast    RAMB36E2/CLKARDCLK  n/a            0.542         5.000       4.458      RAMB36_X1Y11  design_1_i/tpu_mnist_ip_0/inst/u_tpu_top/u_layer_controller/u_tile_controller/GEN_WEIGHT_ROMS[0].u_weight_rom/data_o_reg_1/CLKARDCLK
Low Pulse Width   Slow    RAMB36E2/CLKBWRCLK  n/a            0.542         5.000       4.458      RAMB36_X1Y11  design_1_i/tpu_mnist_ip_0/inst/u_tpu_top/u_layer_controller/u_tile_controller/GEN_WEIGHT_ROMS[0].u_weight_rom/data_o_reg_1/CLKBWRCLK
Low Pulse Width   Fast    RAMB36E2/CLKBWRCLK  n/a            0.542         5.000       4.458      RAMB36_X1Y11  design_1_i/tpu_mnist_ip_0/inst/u_tpu_top/u_layer_controller/u_tile_controller/GEN_WEIGHT_ROMS[0].u_weight_rom/data_o_reg_1/CLKBWRCLK
High Pulse Width  Slow    PS8/MAXIGP0ACLK     n/a            1.500         5.000       3.500      PS8_X0Y0      design_1_i/zynq_ultra_ps_e_0/inst/PS8_i/MAXIGP0ACLK
High Pulse Width  Fast    PS8/MAXIGP0ACLK     n/a            1.500         5.000       3.500      PS8_X0Y0      design_1_i/zynq_ultra_ps_e_0/inst/PS8_i/MAXIGP0ACLK
High Pulse Width  Slow    RAMB36E2/CLKARDCLK  n/a            0.542         5.000       4.458      RAMB36_X1Y10  design_1_i/tpu_mnist_ip_0/inst/u_tpu_top/u_layer_controller/u_tile_controller/GEN_WEIGHT_ROMS[0].u_weight_rom/data_o_reg_0/CLKARDCLK
High Pulse Width  Fast    RAMB36E2/CLKARDCLK  n/a            0.542         5.000       4.458      RAMB36_X1Y10  design_1_i/tpu_mnist_ip_0/inst/u_tpu_top/u_layer_controller/u_tile_controller/GEN_WEIGHT_ROMS[0].u_weight_rom/data_o_reg_0/CLKARDCLK
High Pulse Width  Slow    RAMB36E2/CLKBWRCLK  n/a            0.542         5.000       4.458      RAMB36_X1Y10  design_1_i/tpu_mnist_ip_0/inst/u_tpu_top/u_layer_controller/u_tile_controller/GEN_WEIGHT_ROMS[0].u_weight_rom/data_o_reg_0/CLKBWRCLK
High Pulse Width  Fast    RAMB36E2/CLKBWRCLK  n/a            0.542         5.000       4.458      RAMB36_X1Y10  design_1_i/tpu_mnist_ip_0/inst/u_tpu_top/u_layer_controller/u_tile_controller/GEN_WEIGHT_ROMS[0].u_weight_rom/data_o_reg_0/CLKBWRCLK
High Pulse Width  Slow    RAMB36E2/CLKARDCLK  n/a            0.542         5.000       4.458      RAMB36_X1Y11  design_1_i/tpu_mnist_ip_0/inst/u_tpu_top/u_layer_controller/u_tile_controller/GEN_WEIGHT_ROMS[0].u_weight_rom/data_o_reg_1/CLKARDCLK
High Pulse Width  Fast    RAMB36E2/CLKARDCLK  n/a            0.542         5.000       4.458      RAMB36_X1Y11  design_1_i/tpu_mnist_ip_0/inst/u_tpu_top/u_layer_controller/u_tile_controller/GEN_WEIGHT_ROMS[0].u_weight_rom/data_o_reg_1/CLKARDCLK
High Pulse Width  Slow    RAMB36E2/CLKBWRCLK  n/a            0.542         5.000       4.458      RAMB36_X1Y11  design_1_i/tpu_mnist_ip_0/inst/u_tpu_top/u_layer_controller/u_tile_controller/GEN_WEIGHT_ROMS[0].u_weight_rom/data_o_reg_1/CLKBWRCLK
High Pulse Width  Fast    RAMB36E2/CLKBWRCLK  n/a            0.542         5.000       4.458      RAMB36_X1Y11  design_1_i/tpu_mnist_ip_0/inst/u_tpu_top/u_layer_controller/u_tile_controller/GEN_WEIGHT_ROMS[0].u_weight_rom/data_o_reg_1/CLKBWRCLK



---------------------------------------------------------------------------------------------------
Path Group:  **async_default**
From Clock:  clk_pl_0
  To Clock:  clk_pl_0

Setup :            0  Failing Endpoints,  Worst Slack        6.191ns,  Total Violation        0.000ns
Hold  :            0  Failing Endpoints,  Worst Slack        1.610ns,  Total Violation        0.000ns
---------------------------------------------------------------------------------------------------


Max Delay Paths
--------------------------------------------------------------------------------------
Slack (MET) :             6.191ns  (required time - arrival time)
  Source:                 design_1_i/rst_ps8_0_100M/U0/ACTIVE_LOW_PR_OUT_DFF[0].FDRE_PER_N/C
                            (rising edge-triggered cell FDRE clocked by clk_pl_0  {rise@0.000ns fall@5.000ns period=10.000ns})
  Destination:            design_1_i/tpu_mnist_ip_0/inst/u_tpu_top/u_layer_controller/u_tile_controller/weight_bottom_row_q_reg[0]/CLR
                            (recovery check against rising-edge clock clk_pl_0  {rise@0.000ns fall@5.000ns period=10.000ns})
  Path Group:             **async_default**
  Path Type:              Recovery (Max at Slow Process Corner)
  Requirement:            10.000ns  (clk_pl_0 rise@10.000ns - clk_pl_0 rise@0.000ns)
  Data Path Delay:        3.462ns  (logic 0.107ns (3.091%)  route 3.355ns (96.909%))
  Logic Levels:           1  (BUFGCE=1)
  Clock Path Skew:        -0.151ns (DCD - SCD + CPR)
    Destination Clock Delay (DCD):    1.748ns = ( 11.748 - 10.000 ) 
    Source Clock Delay      (SCD):    1.996ns
    Clock Pessimism Removal (CPR):    0.097ns
  Clock Uncertainty:      0.130ns  ((TSJ^2 + DJ^2)^1/2) / 2 + PE
    Total System Jitter     (TSJ):    0.071ns
    Discrete Jitter          (DJ):    0.250ns
    Phase Error              (PE):    0.000ns
  Clock Net Delay (Source):      1.788ns (routing 0.569ns, distribution 1.219ns)
  Clock Net Delay (Destination): 1.580ns (routing 0.512ns, distribution 1.068ns)

    Location             Delay type                Incr(ns)  Path(ns)    Netlist Resource(s)
  -------------------------------------------------------------------    -------------------
                         (clock clk_pl_0 rise edge)
                                                      0.000     0.000 r  
    PS8_X0Y0             PS8                          0.000     0.000 r  design_1_i/zynq_ultra_ps_e_0/inst/PS8_i/PLCLK[0]
                         net (fo=1, routed)           0.180     0.180    design_1_i/zynq_ultra_ps_e_0/inst/pl_clk_unbuffered[0]
    BUFG_PS_X0Y80        BUFG_PS (Prop_BUFG_PS_I_O)
                                                      0.028     0.208 r  design_1_i/zynq_ultra_ps_e_0/inst/buffer_pl_clk_0.PL_CLK_0_BUFG/O
    X1Y2 (CLOCK_ROOT)    net (fo=5377, routed)        1.788     1.996    design_1_i/rst_ps8_0_100M/U0/slowest_sync_clk
    SLICE_X51Y216        FDRE                                         r  design_1_i/rst_ps8_0_100M/U0/ACTIVE_LOW_PR_OUT_DFF[0].FDRE_PER_N/C
  -------------------------------------------------------------------    -------------------
    SLICE_X51Y216        FDRE (Prop_AFF_SLICEL_C_Q)
                                                      0.079     2.075 r  design_1_i/rst_ps8_0_100M/U0/ACTIVE_LOW_PR_OUT_DFF[0].FDRE_PER_N/Q
                         net (fo=1, routed)           1.627     3.702    design_1_i/rst_ps8_0_100M/U0/peripheral_aresetn[0]_bufg_place
    BUFGCE_X1Y116        BUFGCE (Prop_BUFCE_BUFGCE_I_O)
                                                      0.028     3.730 r  design_1_i/rst_ps8_0_100M/U0/ACTIVE_LOW_PR_OUT_DFF[0].FDRE_PER_N_bufg_place/O
                         net (fo=4264, routed)        1.728     5.458    design_1_i/tpu_mnist_ip_0/inst/u_tpu_top/u_layer_controller/u_tile_controller/valid_o_reg
    SLICE_X50Y48         FDCE                                         f  design_1_i/tpu_mnist_ip_0/inst/u_tpu_top/u_layer_controller/u_tile_controller/weight_bottom_row_q_reg[0]/CLR  (IS_INVERTED)
  -------------------------------------------------------------------    -------------------

                         (clock clk_pl_0 rise edge)
                                                     10.000    10.000 r  
    PS8_X0Y0             PS8                          0.000    10.000 r  design_1_i/zynq_ultra_ps_e_0/inst/PS8_i/PLCLK[0]
                         net (fo=1, routed)           0.143    10.143    design_1_i/zynq_ultra_ps_e_0/inst/pl_clk_unbuffered[0]
    BUFG_PS_X0Y80        BUFG_PS (Prop_BUFG_PS_I_O)
                                                      0.025    10.168 r  design_1_i/zynq_ultra_ps_e_0/inst/buffer_pl_clk_0.PL_CLK_0_BUFG/O
    X1Y2 (CLOCK_ROOT)    net (fo=5377, routed)        1.580    11.748    design_1_i/tpu_mnist_ip_0/inst/u_tpu_top/u_layer_controller/u_tile_controller/s_axi_aclk
    SLICE_X50Y48         FDCE                                         r  design_1_i/tpu_mnist_ip_0/inst/u_tpu_top/u_layer_controller/u_tile_controller/weight_bottom_row_q_reg[0]/C
                         clock pessimism              0.097    11.845    
                         clock uncertainty           -0.130    11.715    
    SLICE_X50Y48         FDCE (Recov_DFF_SLICEM_C_CLR)
                                                     -0.066    11.649    design_1_i/tpu_mnist_ip_0/inst/u_tpu_top/u_layer_controller/u_tile_controller/weight_bottom_row_q_reg[0]
  -------------------------------------------------------------------
                         required time                         11.649    
                         arrival time                          -5.458    
  -------------------------------------------------------------------
                         slack                                  6.191    

Slack (MET) :             6.191ns  (required time - arrival time)
  Source:                 design_1_i/rst_ps8_0_100M/U0/ACTIVE_LOW_PR_OUT_DFF[0].FDRE_PER_N/C
                            (rising edge-triggered cell FDRE clocked by clk_pl_0  {rise@0.000ns fall@5.000ns period=10.000ns})
  Destination:            design_1_i/tpu_mnist_ip_0/inst/u_tpu_top/u_layer_controller/u_tile_controller/weight_bottom_row_q_reg[1]/CLR
                            (recovery check against rising-edge clock clk_pl_0  {rise@0.000ns fall@5.000ns period=10.000ns})
  Path Group:             **async_default**
  Path Type:              Recovery (Max at Slow Process Corner)
  Requirement:            10.000ns  (clk_pl_0 rise@10.000ns - clk_pl_0 rise@0.000ns)
  Data Path Delay:        3.462ns  (logic 0.107ns (3.091%)  route 3.355ns (96.909%))
  Logic Levels:           1  (BUFGCE=1)
  Clock Path Skew:        -0.151ns (DCD - SCD + CPR)
    Destination Clock Delay (DCD):    1.748ns = ( 11.748 - 10.000 ) 
    Source Clock Delay      (SCD):    1.996ns
    Clock Pessimism Removal (CPR):    0.097ns
  Clock Uncertainty:      0.130ns  ((TSJ^2 + DJ^2)^1/2) / 2 + PE
    Total System Jitter     (TSJ):    0.071ns
    Discrete Jitter          (DJ):    0.250ns
    Phase Error              (PE):    0.000ns
  Clock Net Delay (Source):      1.788ns (routing 0.569ns, distribution 1.219ns)
  Clock Net Delay (Destination): 1.580ns (routing 0.512ns, distribution 1.068ns)

    Location             Delay type                Incr(ns)  Path(ns)    Netlist Resource(s)
  -------------------------------------------------------------------    -------------------
                         (clock clk_pl_0 rise edge)
                                                      0.000     0.000 r  
    PS8_X0Y0             PS8                          0.000     0.000 r  design_1_i/zynq_ultra_ps_e_0/inst/PS8_i/PLCLK[0]
                         net (fo=1, routed)           0.180     0.180    design_1_i/zynq_ultra_ps_e_0/inst/pl_clk_unbuffered[0]
    BUFG_PS_X0Y80        BUFG_PS (Prop_BUFG_PS_I_O)
                                                      0.028     0.208 r  design_1_i/zynq_ultra_ps_e_0/inst/buffer_pl_clk_0.PL_CLK_0_BUFG/O
    X1Y2 (CLOCK_ROOT)    net (fo=5377, routed)        1.788     1.996    design_1_i/rst_ps8_0_100M/U0/slowest_sync_clk
    SLICE_X51Y216        FDRE                                         r  design_1_i/rst_ps8_0_100M/U0/ACTIVE_LOW_PR_OUT_DFF[0].FDRE_PER_N/C
  -------------------------------------------------------------------    -------------------
    SLICE_X51Y216        FDRE (Prop_AFF_SLICEL_C_Q)
                                                      0.079     2.075 r  design_1_i/rst_ps8_0_100M/U0/ACTIVE_LOW_PR_OUT_DFF[0].FDRE_PER_N/Q
                         net (fo=1, routed)           1.627     3.702    design_1_i/rst_ps8_0_100M/U0/peripheral_aresetn[0]_bufg_place
    BUFGCE_X1Y116        BUFGCE (Prop_BUFCE_BUFGCE_I_O)
                                                      0.028     3.730 r  design_1_i/rst_ps8_0_100M/U0/ACTIVE_LOW_PR_OUT_DFF[0].FDRE_PER_N_bufg_place/O
                         net (fo=4264, routed)        1.728     5.458    design_1_i/tpu_mnist_ip_0/inst/u_tpu_top/u_layer_controller/u_tile_controller/valid_o_reg
    SLICE_X50Y48         FDCE                                         f  design_1_i/tpu_mnist_ip_0/inst/u_tpu_top/u_layer_controller/u_tile_controller/weight_bottom_row_q_reg[1]/CLR  (IS_INVERTED)
  -------------------------------------------------------------------    -------------------

                         (clock clk_pl_0 rise edge)
                                                     10.000    10.000 r  
    PS8_X0Y0             PS8                          0.000    10.000 r  design_1_i/zynq_ultra_ps_e_0/inst/PS8_i/PLCLK[0]
                         net (fo=1, routed)           0.143    10.143    design_1_i/zynq_ultra_ps_e_0/inst/pl_clk_unbuffered[0]
    BUFG_PS_X0Y80        BUFG_PS (Prop_BUFG_PS_I_O)
                                                      0.025    10.168 r  design_1_i/zynq_ultra_ps_e_0/inst/buffer_pl_clk_0.PL_CLK_0_BUFG/O
    X1Y2 (CLOCK_ROOT)    net (fo=5377, routed)        1.580    11.748    design_1_i/tpu_mnist_ip_0/inst/u_tpu_top/u_layer_controller/u_tile_controller/s_axi_aclk
    SLICE_X50Y48         FDCE                                         r  design_1_i/tpu_mnist_ip_0/inst/u_tpu_top/u_layer_controller/u_tile_controller/weight_bottom_row_q_reg[1]/C
                         clock pessimism              0.097    11.845    
                         clock uncertainty           -0.130    11.715    
    SLICE_X50Y48         FDCE (Recov_DFF2_SLICEM_C_CLR)
                                                     -0.066    11.649    design_1_i/tpu_mnist_ip_0/inst/u_tpu_top/u_layer_controller/u_tile_controller/weight_bottom_row_q_reg[1]
  -------------------------------------------------------------------
                         required time                         11.649    
                         arrival time                          -5.458    
  -------------------------------------------------------------------
                         slack                                  6.191    

Slack (MET) :             6.191ns  (required time - arrival time)
  Source:                 design_1_i/rst_ps8_0_100M/U0/ACTIVE_LOW_PR_OUT_DFF[0].FDRE_PER_N/C
                            (rising edge-triggered cell FDRE clocked by clk_pl_0  {rise@0.000ns fall@5.000ns period=10.000ns})
  Destination:            design_1_i/tpu_mnist_ip_0/inst/u_tpu_top/u_datapath/u_vector_processing_unit/u_post_process/GEN_BIAS_REQUANT.u_bias_requantize/data_flatten_o_reg[14]/CLR
                            (recovery check against rising-edge clock clk_pl_0  {rise@0.000ns fall@5.000ns period=10.000ns})
  Path Group:             **async_default**
  Path Type:              Recovery (Max at Slow Process Corner)
  Requirement:            10.000ns  (clk_pl_0 rise@10.000ns - clk_pl_0 rise@0.000ns)
  Data Path Delay:        3.468ns  (logic 0.107ns (3.085%)  route 3.361ns (96.915%))
  Logic Levels:           1  (BUFGCE=1)
  Clock Path Skew:        -0.145ns (DCD - SCD + CPR)
    Destination Clock Delay (DCD):    1.754ns = ( 11.754 - 10.000 ) 
    Source Clock Delay      (SCD):    1.996ns
    Clock Pessimism Removal (CPR):    0.097ns
  Clock Uncertainty:      0.130ns  ((TSJ^2 + DJ^2)^1/2) / 2 + PE
    Total System Jitter     (TSJ):    0.071ns
    Discrete Jitter          (DJ):    0.250ns
    Phase Error              (PE):    0.000ns
  Clock Net Delay (Source):      1.788ns (routing 0.569ns, distribution 1.219ns)
  Clock Net Delay (Destination): 1.586ns (routing 0.512ns, distribution 1.074ns)

    Location             Delay type                Incr(ns)  Path(ns)    Netlist Resource(s)
  -------------------------------------------------------------------    -------------------
                         (clock clk_pl_0 rise edge)
                                                      0.000     0.000 r  
    PS8_X0Y0             PS8                          0.000     0.000 r  design_1_i/zynq_ultra_ps_e_0/inst/PS8_i/PLCLK[0]
                         net (fo=1, routed)           0.180     0.180    design_1_i/zynq_ultra_ps_e_0/inst/pl_clk_unbuffered[0]
    BUFG_PS_X0Y80        BUFG_PS (Prop_BUFG_PS_I_O)
                                                      0.028     0.208 r  design_1_i/zynq_ultra_ps_e_0/inst/buffer_pl_clk_0.PL_CLK_0_BUFG/O
    X1Y2 (CLOCK_ROOT)    net (fo=5377, routed)        1.788     1.996    design_1_i/rst_ps8_0_100M/U0/slowest_sync_clk
    SLICE_X51Y216        FDRE                                         r  design_1_i/rst_ps8_0_100M/U0/ACTIVE_LOW_PR_OUT_DFF[0].FDRE_PER_N/C
  -------------------------------------------------------------------    -------------------
    SLICE_X51Y216        FDRE (Prop_AFF_SLICEL_C_Q)
                                                      0.079     2.075 r  design_1_i/rst_ps8_0_100M/U0/ACTIVE_LOW_PR_OUT_DFF[0].FDRE_PER_N/Q
                         net (fo=1, routed)           1.627     3.702    design_1_i/rst_ps8_0_100M/U0/peripheral_aresetn[0]_bufg_place
    BUFGCE_X1Y116        BUFGCE (Prop_BUFCE_BUFGCE_I_O)
                                                      0.028     3.730 r  design_1_i/rst_ps8_0_100M/U0/ACTIVE_LOW_PR_OUT_DFF[0].FDRE_PER_N_bufg_place/O
                         net (fo=4264, routed)        1.734     5.464    design_1_i/tpu_mnist_ip_0/inst/u_tpu_top/u_datapath/u_vector_processing_unit/u_post_process/GEN_BIAS_REQUANT.u_bias_requantize/data_valid_o_reg_0
    SLICE_X50Y6          FDCE                                         f  design_1_i/tpu_mnist_ip_0/inst/u_tpu_top/u_datapath/u_vector_processing_unit/u_post_process/GEN_BIAS_REQUANT.u_bias_requantize/data_flatten_o_reg[14]/CLR  (IS_INVERTED)
  -------------------------------------------------------------------    -------------------

                         (clock clk_pl_0 rise edge)
                                                     10.000    10.000 r  
    PS8_X0Y0             PS8                          0.000    10.000 r  design_1_i/zynq_ultra_ps_e_0/inst/PS8_i/PLCLK[0]
                         net (fo=1, routed)           0.143    10.143    design_1_i/zynq_ultra_ps_e_0/inst/pl_clk_unbuffered[0]
    BUFG_PS_X0Y80        BUFG_PS (Prop_BUFG_PS_I_O)
                                                      0.025    10.168 r  design_1_i/zynq_ultra_ps_e_0/inst/buffer_pl_clk_0.PL_CLK_0_BUFG/O
    X1Y2 (CLOCK_ROOT)    net (fo=5377, routed)        1.586    11.754    design_1_i/tpu_mnist_ip_0/inst/u_tpu_top/u_datapath/u_vector_processing_unit/u_post_process/GEN_BIAS_REQUANT.u_bias_requantize/s_axi_aclk
    SLICE_X50Y6          FDCE                                         r  design_1_i/tpu_mnist_ip_0/inst/u_tpu_top/u_datapath/u_vector_processing_unit/u_post_process/GEN_BIAS_REQUANT.u_bias_requantize/data_flatten_o_reg[14]/C
                         clock pessimism              0.097    11.851    
                         clock uncertainty           -0.130    11.721    
    SLICE_X50Y6          FDCE (Recov_CFF_SLICEM_C_CLR)
                                                     -0.066    11.655    design_1_i/tpu_mnist_ip_0/inst/u_tpu_top/u_datapath/u_vector_processing_unit/u_post_process/GEN_BIAS_REQUANT.u_bias_requantize/data_flatten_o_reg[14]
  -------------------------------------------------------------------
                         required time                         11.655    
                         arrival time                          -5.464    
  -------------------------------------------------------------------
                         slack                                  6.191    

Slack (MET) :             6.191ns  (required time - arrival time)
  Source:                 design_1_i/rst_ps8_0_100M/U0/ACTIVE_LOW_PR_OUT_DFF[0].FDRE_PER_N/C
                            (rising edge-triggered cell FDRE clocked by clk_pl_0  {rise@0.000ns fall@5.000ns period=10.000ns})
  Destination:            design_1_i/tpu_mnist_ip_0/inst/u_tpu_top/u_datapath/u_vector_processing_unit/u_post_process/GEN_BIAS_REQUANT.u_bias_requantize/data_flatten_o_reg[51]/CLR
                            (recovery check against rising-edge clock clk_pl_0  {rise@0.000ns fall@5.000ns period=10.000ns})
  Path Group:             **async_default**
  Path Type:              Recovery (Max at Slow Process Corner)
  Requirement:            10.000ns  (clk_pl_0 rise@10.000ns - clk_pl_0 rise@0.000ns)
  Data Path Delay:        3.464ns  (logic 0.107ns (3.089%)  route 3.357ns (96.911%))
  Logic Levels:           1  (BUFGCE=1)
  Clock Path Skew:        -0.149ns (DCD - SCD + CPR)
    Destination Clock Delay (DCD):    1.750ns = ( 11.750 - 10.000 ) 
    Source Clock Delay      (SCD):    1.996ns
    Clock Pessimism Removal (CPR):    0.097ns
  Clock Uncertainty:      0.130ns  ((TSJ^2 + DJ^2)^1/2) / 2 + PE
    Total System Jitter     (TSJ):    0.071ns
    Discrete Jitter          (DJ):    0.250ns
    Phase Error              (PE):    0.000ns
  Clock Net Delay (Source):      1.788ns (routing 0.569ns, distribution 1.219ns)
  Clock Net Delay (Destination): 1.582ns (routing 0.512ns, distribution 1.070ns)

    Location             Delay type                Incr(ns)  Path(ns)    Netlist Resource(s)
  -------------------------------------------------------------------    -------------------
                         (clock clk_pl_0 rise edge)
                                                      0.000     0.000 r  
    PS8_X0Y0             PS8                          0.000     0.000 r  design_1_i/zynq_ultra_ps_e_0/inst/PS8_i/PLCLK[0]
                         net (fo=1, routed)           0.180     0.180    design_1_i/zynq_ultra_ps_e_0/inst/pl_clk_unbuffered[0]
    BUFG_PS_X0Y80        BUFG_PS (Prop_BUFG_PS_I_O)
                                                      0.028     0.208 r  design_1_i/zynq_ultra_ps_e_0/inst/buffer_pl_clk_0.PL_CLK_0_BUFG/O
    X1Y2 (CLOCK_ROOT)    net (fo=5377, routed)        1.788     1.996    design_1_i/rst_ps8_0_100M/U0/slowest_sync_clk
    SLICE_X51Y216        FDRE                                         r  design_1_i/rst_ps8_0_100M/U0/ACTIVE_LOW_PR_OUT_DFF[0].FDRE_PER_N/C
  -------------------------------------------------------------------    -------------------
    SLICE_X51Y216        FDRE (Prop_AFF_SLICEL_C_Q)
                                                      0.079     2.075 r  design_1_i/rst_ps8_0_100M/U0/ACTIVE_LOW_PR_OUT_DFF[0].FDRE_PER_N/Q
                         net (fo=1, routed)           1.627     3.702    design_1_i/rst_ps8_0_100M/U0/peripheral_aresetn[0]_bufg_place
    BUFGCE_X1Y116        BUFGCE (Prop_BUFCE_BUFGCE_I_O)
                                                      0.028     3.730 r  design_1_i/rst_ps8_0_100M/U0/ACTIVE_LOW_PR_OUT_DFF[0].FDRE_PER_N_bufg_place/O
                         net (fo=4264, routed)        1.730     5.460    design_1_i/tpu_mnist_ip_0/inst/u_tpu_top/u_datapath/u_vector_processing_unit/u_post_process/GEN_BIAS_REQUANT.u_bias_requantize/data_valid_o_reg_0
    SLICE_X50Y14         FDCE                                         f  design_1_i/tpu_mnist_ip_0/inst/u_tpu_top/u_datapath/u_vector_processing_unit/u_post_process/GEN_BIAS_REQUANT.u_bias_requantize/data_flatten_o_reg[51]/CLR  (IS_INVERTED)
  -------------------------------------------------------------------    -------------------

                         (clock clk_pl_0 rise edge)
                                                     10.000    10.000 r  
    PS8_X0Y0             PS8                          0.000    10.000 r  design_1_i/zynq_ultra_ps_e_0/inst/PS8_i/PLCLK[0]
                         net (fo=1, routed)           0.143    10.143    design_1_i/zynq_ultra_ps_e_0/inst/pl_clk_unbuffered[0]
    BUFG_PS_X0Y80        BUFG_PS (Prop_BUFG_PS_I_O)
                                                      0.025    10.168 r  design_1_i/zynq_ultra_ps_e_0/inst/buffer_pl_clk_0.PL_CLK_0_BUFG/O
    X1Y2 (CLOCK_ROOT)    net (fo=5377, routed)        1.582    11.750    design_1_i/tpu_mnist_ip_0/inst/u_tpu_top/u_datapath/u_vector_processing_unit/u_post_process/GEN_BIAS_REQUANT.u_bias_requantize/s_axi_aclk
    SLICE_X50Y14         FDCE                                         r  design_1_i/tpu_mnist_ip_0/inst/u_tpu_top/u_datapath/u_vector_processing_unit/u_post_process/GEN_BIAS_REQUANT.u_bias_requantize/data_flatten_o_reg[51]/C
                         clock pessimism              0.097    11.847    
                         clock uncertainty           -0.130    11.717    
    SLICE_X50Y14         FDCE (Recov_CFF_SLICEM_C_CLR)
                                                     -0.066    11.651    design_1_i/tpu_mnist_ip_0/inst/u_tpu_top/u_datapath/u_vector_processing_unit/u_post_process/GEN_BIAS_REQUANT.u_bias_requantize/data_flatten_o_reg[51]
  -------------------------------------------------------------------
                         required time                         11.651    
                         arrival time                          -5.460    
  -------------------------------------------------------------------
                         slack                                  6.191    

Slack (MET) :             6.191ns  (required time - arrival time)
  Source:                 design_1_i/rst_ps8_0_100M/U0/ACTIVE_LOW_PR_OUT_DFF[0].FDRE_PER_N/C
                            (rising edge-triggered cell FDRE clocked by clk_pl_0  {rise@0.000ns fall@5.000ns period=10.000ns})
  Destination:            design_1_i/tpu_mnist_ip_0/inst/u_tpu_top/u_datapath/u_vector_processing_unit/u_post_process/GEN_BIAS_REQUANT.u_bias_requantize/data_flatten_o_reg[52]/CLR
                            (recovery check against rising-edge clock clk_pl_0  {rise@0.000ns fall@5.000ns period=10.000ns})
  Path Group:             **async_default**
  Path Type:              Recovery (Max at Slow Process Corner)
  Requirement:            10.000ns  (clk_pl_0 rise@10.000ns - clk_pl_0 rise@0.000ns)
  Data Path Delay:        3.464ns  (logic 0.107ns (3.089%)  route 3.357ns (96.911%))
  Logic Levels:           1  (BUFGCE=1)
  Clock Path Skew:        -0.149ns (DCD - SCD + CPR)
    Destination Clock Delay (DCD):    1.750ns = ( 11.750 - 10.000 ) 
    Source Clock Delay      (SCD):    1.996ns
    Clock Pessimism Removal (CPR):    0.097ns
  Clock Uncertainty:      0.130ns  ((TSJ^2 + DJ^2)^1/2) / 2 + PE
    Total System Jitter     (TSJ):    0.071ns
    Discrete Jitter          (DJ):    0.250ns
    Phase Error              (PE):    0.000ns
  Clock Net Delay (Source):      1.788ns (routing 0.569ns, distribution 1.219ns)
  Clock Net Delay (Destination): 1.582ns (routing 0.512ns, distribution 1.070ns)

    Location             Delay type                Incr(ns)  Path(ns)    Netlist Resource(s)
  -------------------------------------------------------------------    -------------------
                         (clock clk_pl_0 rise edge)
                                                      0.000     0.000 r  
    PS8_X0Y0             PS8                          0.000     0.000 r  design_1_i/zynq_ultra_ps_e_0/inst/PS8_i/PLCLK[0]
                         net (fo=1, routed)           0.180     0.180    design_1_i/zynq_ultra_ps_e_0/inst/pl_clk_unbuffered[0]
    BUFG_PS_X0Y80        BUFG_PS (Prop_BUFG_PS_I_O)
                                                      0.028     0.208 r  design_1_i/zynq_ultra_ps_e_0/inst/buffer_pl_clk_0.PL_CLK_0_BUFG/O
    X1Y2 (CLOCK_ROOT)    net (fo=5377, routed)        1.788     1.996    design_1_i/rst_ps8_0_100M/U0/slowest_sync_clk
    SLICE_X51Y216        FDRE                                         r  design_1_i/rst_ps8_0_100M/U0/ACTIVE_LOW_PR_OUT_DFF[0].FDRE_PER_N/C
  -------------------------------------------------------------------    -------------------
    SLICE_X51Y216        FDRE (Prop_AFF_SLICEL_C_Q)
                                                      0.079     2.075 r  design_1_i/rst_ps8_0_100M/U0/ACTIVE_LOW_PR_OUT_DFF[0].FDRE_PER_N/Q
                         net (fo=1, routed)           1.627     3.702    design_1_i/rst_ps8_0_100M/U0/peripheral_aresetn[0]_bufg_place
    BUFGCE_X1Y116        BUFGCE (Prop_BUFCE_BUFGCE_I_O)
                                                      0.028     3.730 r  design_1_i/rst_ps8_0_100M/U0/ACTIVE_LOW_PR_OUT_DFF[0].FDRE_PER_N_bufg_place/O
                         net (fo=4264, routed)        1.730     5.460    design_1_i/tpu_mnist_ip_0/inst/u_tpu_top/u_datapath/u_vector_processing_unit/u_post_process/GEN_BIAS_REQUANT.u_bias_requantize/data_valid_o_reg_0
    SLICE_X50Y14         FDCE                                         f  design_1_i/tpu_mnist_ip_0/inst/u_tpu_top/u_datapath/u_vector_processing_unit/u_post_process/GEN_BIAS_REQUANT.u_bias_requantize/data_flatten_o_reg[52]/CLR  (IS_INVERTED)
  -------------------------------------------------------------------    -------------------

                         (clock clk_pl_0 rise edge)
                                                     10.000    10.000 r  
    PS8_X0Y0             PS8                          0.000    10.000 r  design_1_i/zynq_ultra_ps_e_0/inst/PS8_i/PLCLK[0]
                         net (fo=1, routed)           0.143    10.143    design_1_i/zynq_ultra_ps_e_0/inst/pl_clk_unbuffered[0]
    BUFG_PS_X0Y80        BUFG_PS (Prop_BUFG_PS_I_O)
                                                      0.025    10.168 r  design_1_i/zynq_ultra_ps_e_0/inst/buffer_pl_clk_0.PL_CLK_0_BUFG/O
    X1Y2 (CLOCK_ROOT)    net (fo=5377, routed)        1.582    11.750    design_1_i/tpu_mnist_ip_0/inst/u_tpu_top/u_datapath/u_vector_processing_unit/u_post_process/GEN_BIAS_REQUANT.u_bias_requantize/s_axi_aclk
    SLICE_X50Y14         FDCE                                         r  design_1_i/tpu_mnist_ip_0/inst/u_tpu_top/u_datapath/u_vector_processing_unit/u_post_process/GEN_BIAS_REQUANT.u_bias_requantize/data_flatten_o_reg[52]/C
                         clock pessimism              0.097    11.847    
                         clock uncertainty           -0.130    11.717    
    SLICE_X50Y14         FDCE (Recov_BFF_SLICEM_C_CLR)
                                                     -0.066    11.651    design_1_i/tpu_mnist_ip_0/inst/u_tpu_top/u_datapath/u_vector_processing_unit/u_post_process/GEN_BIAS_REQUANT.u_bias_requantize/data_flatten_o_reg[52]
  -------------------------------------------------------------------
                         required time                         11.651    
                         arrival time                          -5.460    
  -------------------------------------------------------------------
                         slack                                  6.191    

Slack (MET) :             6.191ns  (required time - arrival time)
  Source:                 design_1_i/rst_ps8_0_100M/U0/ACTIVE_LOW_PR_OUT_DFF[0].FDRE_PER_N/C
                            (rising edge-triggered cell FDRE clocked by clk_pl_0  {rise@0.000ns fall@5.000ns period=10.000ns})
  Destination:            design_1_i/tpu_mnist_ip_0/inst/u_tpu_top/u_datapath/u_vector_processing_unit/u_post_process/GEN_BIAS_REQUANT.u_bias_requantize/data_flatten_o_reg[58]/CLR
                            (recovery check against rising-edge clock clk_pl_0  {rise@0.000ns fall@5.000ns period=10.000ns})
  Path Group:             **async_default**
  Path Type:              Recovery (Max at Slow Process Corner)
  Requirement:            10.000ns  (clk_pl_0 rise@10.000ns - clk_pl_0 rise@0.000ns)
  Data Path Delay:        3.464ns  (logic 0.107ns (3.089%)  route 3.357ns (96.911%))
  Logic Levels:           1  (BUFGCE=1)
  Clock Path Skew:        -0.149ns (DCD - SCD + CPR)
    Destination Clock Delay (DCD):    1.750ns = ( 11.750 - 10.000 ) 
    Source Clock Delay      (SCD):    1.996ns
    Clock Pessimism Removal (CPR):    0.097ns
  Clock Uncertainty:      0.130ns  ((TSJ^2 + DJ^2)^1/2) / 2 + PE
    Total System Jitter     (TSJ):    0.071ns
    Discrete Jitter          (DJ):    0.250ns
    Phase Error              (PE):    0.000ns
  Clock Net Delay (Source):      1.788ns (routing 0.569ns, distribution 1.219ns)
  Clock Net Delay (Destination): 1.582ns (routing 0.512ns, distribution 1.070ns)

    Location             Delay type                Incr(ns)  Path(ns)    Netlist Resource(s)
  -------------------------------------------------------------------    -------------------
                         (clock clk_pl_0 rise edge)
                                                      0.000     0.000 r  
    PS8_X0Y0             PS8                          0.000     0.000 r  design_1_i/zynq_ultra_ps_e_0/inst/PS8_i/PLCLK[0]
                         net (fo=1, routed)           0.180     0.180    design_1_i/zynq_ultra_ps_e_0/inst/pl_clk_unbuffered[0]
    BUFG_PS_X0Y80        BUFG_PS (Prop_BUFG_PS_I_O)
                                                      0.028     0.208 r  design_1_i/zynq_ultra_ps_e_0/inst/buffer_pl_clk_0.PL_CLK_0_BUFG/O
    X1Y2 (CLOCK_ROOT)    net (fo=5377, routed)        1.788     1.996    design_1_i/rst_ps8_0_100M/U0/slowest_sync_clk
    SLICE_X51Y216        FDRE                                         r  design_1_i/rst_ps8_0_100M/U0/ACTIVE_LOW_PR_OUT_DFF[0].FDRE_PER_N/C
  -------------------------------------------------------------------    -------------------
    SLICE_X51Y216        FDRE (Prop_AFF_SLICEL_C_Q)
                                                      0.079     2.075 r  design_1_i/rst_ps8_0_100M/U0/ACTIVE_LOW_PR_OUT_DFF[0].FDRE_PER_N/Q
                         net (fo=1, routed)           1.627     3.702    design_1_i/rst_ps8_0_100M/U0/peripheral_aresetn[0]_bufg_place
    BUFGCE_X1Y116        BUFGCE (Prop_BUFCE_BUFGCE_I_O)
                                                      0.028     3.730 r  design_1_i/rst_ps8_0_100M/U0/ACTIVE_LOW_PR_OUT_DFF[0].FDRE_PER_N_bufg_place/O
                         net (fo=4264, routed)        1.730     5.460    design_1_i/tpu_mnist_ip_0/inst/u_tpu_top/u_datapath/u_vector_processing_unit/u_post_process/GEN_BIAS_REQUANT.u_bias_requantize/data_valid_o_reg_0
    SLICE_X50Y14         FDCE                                         f  design_1_i/tpu_mnist_ip_0/inst/u_tpu_top/u_datapath/u_vector_processing_unit/u_post_process/GEN_BIAS_REQUANT.u_bias_requantize/data_flatten_o_reg[58]/CLR  (IS_INVERTED)
  -------------------------------------------------------------------    -------------------

                         (clock clk_pl_0 rise edge)
                                                     10.000    10.000 r  
    PS8_X0Y0             PS8                          0.000    10.000 r  design_1_i/zynq_ultra_ps_e_0/inst/PS8_i/PLCLK[0]
                         net (fo=1, routed)           0.143    10.143    design_1_i/zynq_ultra_ps_e_0/inst/pl_clk_unbuffered[0]
    BUFG_PS_X0Y80        BUFG_PS (Prop_BUFG_PS_I_O)
                                                      0.025    10.168 r  design_1_i/zynq_ultra_ps_e_0/inst/buffer_pl_clk_0.PL_CLK_0_BUFG/O
    X1Y2 (CLOCK_ROOT)    net (fo=5377, routed)        1.582    11.750    design_1_i/tpu_mnist_ip_0/inst/u_tpu_top/u_datapath/u_vector_processing_unit/u_post_process/GEN_BIAS_REQUANT.u_bias_requantize/s_axi_aclk
    SLICE_X50Y14         FDCE                                         r  design_1_i/tpu_mnist_ip_0/inst/u_tpu_top/u_datapath/u_vector_processing_unit/u_post_process/GEN_BIAS_REQUANT.u_bias_requantize/data_flatten_o_reg[58]/C
                         clock pessimism              0.097    11.847    
                         clock uncertainty           -0.130    11.717    
    SLICE_X50Y14         FDCE (Recov_AFF_SLICEM_C_CLR)
                                                     -0.066    11.651    design_1_i/tpu_mnist_ip_0/inst/u_tpu_top/u_datapath/u_vector_processing_unit/u_post_process/GEN_BIAS_REQUANT.u_bias_requantize/data_flatten_o_reg[58]
  -------------------------------------------------------------------
                         required time                         11.651    
                         arrival time                          -5.460    
  -------------------------------------------------------------------
                         slack                                  6.191    

Slack (MET) :             6.191ns  (required time - arrival time)
  Source:                 design_1_i/rst_ps8_0_100M/U0/ACTIVE_LOW_PR_OUT_DFF[0].FDRE_PER_N/C
                            (rising edge-triggered cell FDRE clocked by clk_pl_0  {rise@0.000ns fall@5.000ns period=10.000ns})
  Destination:            design_1_i/tpu_mnist_ip_0/inst/u_tpu_top/u_datapath/u_vector_processing_unit/u_post_process/u_activation/data_flatten_o_reg[24]/CLR
                            (recovery check against rising-edge clock clk_pl_0  {rise@0.000ns fall@5.000ns period=10.000ns})
  Path Group:             **async_default**
  Path Type:              Recovery (Max at Slow Process Corner)
  Requirement:            10.000ns  (clk_pl_0 rise@10.000ns - clk_pl_0 rise@0.000ns)
  Data Path Delay:        3.468ns  (logic 0.107ns (3.085%)  route 3.361ns (96.915%))
  Logic Levels:           1  (BUFGCE=1)
  Clock Path Skew:        -0.145ns (DCD - SCD + CPR)
    Destination Clock Delay (DCD):    1.754ns = ( 11.754 - 10.000 ) 
    Source Clock Delay      (SCD):    1.996ns
    Clock Pessimism Removal (CPR):    0.097ns
  Clock Uncertainty:      0.130ns  ((TSJ^2 + DJ^2)^1/2) / 2 + PE
    Total System Jitter     (TSJ):    0.071ns
    Discrete Jitter          (DJ):    0.250ns
    Phase Error              (PE):    0.000ns
  Clock Net Delay (Source):      1.788ns (routing 0.569ns, distribution 1.219ns)
  Clock Net Delay (Destination): 1.586ns (routing 0.512ns, distribution 1.074ns)

    Location             Delay type                Incr(ns)  Path(ns)    Netlist Resource(s)
  -------------------------------------------------------------------    -------------------
                         (clock clk_pl_0 rise edge)
                                                      0.000     0.000 r  
    PS8_X0Y0             PS8                          0.000     0.000 r  design_1_i/zynq_ultra_ps_e_0/inst/PS8_i/PLCLK[0]
                         net (fo=1, routed)           0.180     0.180    design_1_i/zynq_ultra_ps_e_0/inst/pl_clk_unbuffered[0]
    BUFG_PS_X0Y80        BUFG_PS (Prop_BUFG_PS_I_O)
                                                      0.028     0.208 r  design_1_i/zynq_ultra_ps_e_0/inst/buffer_pl_clk_0.PL_CLK_0_BUFG/O
    X1Y2 (CLOCK_ROOT)    net (fo=5377, routed)        1.788     1.996    design_1_i/rst_ps8_0_100M/U0/slowest_sync_clk
    SLICE_X51Y216        FDRE                                         r  design_1_i/rst_ps8_0_100M/U0/ACTIVE_LOW_PR_OUT_DFF[0].FDRE_PER_N/C
  -------------------------------------------------------------------    -------------------
    SLICE_X51Y216        FDRE (Prop_AFF_SLICEL_C_Q)
                                                      0.079     2.075 r  design_1_i/rst_ps8_0_100M/U0/ACTIVE_LOW_PR_OUT_DFF[0].FDRE_PER_N/Q
                         net (fo=1, routed)           1.627     3.702    design_1_i/rst_ps8_0_100M/U0/peripheral_aresetn[0]_bufg_place
    BUFGCE_X1Y116        BUFGCE (Prop_BUFCE_BUFGCE_I_O)
                                                      0.028     3.730 r  design_1_i/rst_ps8_0_100M/U0/ACTIVE_LOW_PR_OUT_DFF[0].FDRE_PER_N_bufg_place/O
                         net (fo=4264, routed)        1.734     5.464    design_1_i/tpu_mnist_ip_0/inst/u_tpu_top/u_datapath/u_vector_processing_unit/u_post_process/u_activation/data_flatten_o_reg[0]_0
    SLICE_X50Y5          FDCE                                         f  design_1_i/tpu_mnist_ip_0/inst/u_tpu_top/u_datapath/u_vector_processing_unit/u_post_process/u_activation/data_flatten_o_reg[24]/CLR  (IS_INVERTED)
  -------------------------------------------------------------------    -------------------

                         (clock clk_pl_0 rise edge)
                                                     10.000    10.000 r  
    PS8_X0Y0             PS8                          0.000    10.000 r  design_1_i/zynq_ultra_ps_e_0/inst/PS8_i/PLCLK[0]
                         net (fo=1, routed)           0.143    10.143    design_1_i/zynq_ultra_ps_e_0/inst/pl_clk_unbuffered[0]
    BUFG_PS_X0Y80        BUFG_PS (Prop_BUFG_PS_I_O)
                                                      0.025    10.168 r  design_1_i/zynq_ultra_ps_e_0/inst/buffer_pl_clk_0.PL_CLK_0_BUFG/O
    X1Y2 (CLOCK_ROOT)    net (fo=5377, routed)        1.586    11.754    design_1_i/tpu_mnist_ip_0/inst/u_tpu_top/u_datapath/u_vector_processing_unit/u_post_process/u_activation/s_axi_aclk
    SLICE_X50Y5          FDCE                                         r  design_1_i/tpu_mnist_ip_0/inst/u_tpu_top/u_datapath/u_vector_processing_unit/u_post_process/u_activation/data_flatten_o_reg[24]/C
                         clock pessimism              0.097    11.851    
                         clock uncertainty           -0.130    11.721    
    SLICE_X50Y5          FDCE (Recov_DFF_SLICEM_C_CLR)
                                                     -0.066    11.655    design_1_i/tpu_mnist_ip_0/inst/u_tpu_top/u_datapath/u_vector_processing_unit/u_post_process/u_activation/data_flatten_o_reg[24]
  -------------------------------------------------------------------
                         required time                         11.655    
                         arrival time                          -5.464    
  -------------------------------------------------------------------
                         slack                                  6.191    

Slack (MET) :             6.191ns  (required time - arrival time)
  Source:                 design_1_i/rst_ps8_0_100M/U0/ACTIVE_LOW_PR_OUT_DFF[0].FDRE_PER_N/C
                            (rising edge-triggered cell FDRE clocked by clk_pl_0  {rise@0.000ns fall@5.000ns period=10.000ns})
  Destination:            design_1_i/tpu_mnist_ip_0/inst/u_tpu_top/u_datapath/u_vector_processing_unit/u_post_process/u_activation/data_flatten_o_reg[25]/CLR
                            (recovery check against rising-edge clock clk_pl_0  {rise@0.000ns fall@5.000ns period=10.000ns})
  Path Group:             **async_default**
  Path Type:              Recovery (Max at Slow Process Corner)
  Requirement:            10.000ns  (clk_pl_0 rise@10.000ns - clk_pl_0 rise@0.000ns)
  Data Path Delay:        3.468ns  (logic 0.107ns (3.085%)  route 3.361ns (96.915%))
  Logic Levels:           1  (BUFGCE=1)
  Clock Path Skew:        -0.145ns (DCD - SCD + CPR)
    Destination Clock Delay (DCD):    1.754ns = ( 11.754 - 10.000 ) 
    Source Clock Delay      (SCD):    1.996ns
    Clock Pessimism Removal (CPR):    0.097ns
  Clock Uncertainty:      0.130ns  ((TSJ^2 + DJ^2)^1/2) / 2 + PE
    Total System Jitter     (TSJ):    0.071ns
    Discrete Jitter          (DJ):    0.250ns
    Phase Error              (PE):    0.000ns
  Clock Net Delay (Source):      1.788ns (routing 0.569ns, distribution 1.219ns)
  Clock Net Delay (Destination): 1.586ns (routing 0.512ns, distribution 1.074ns)

    Location             Delay type                Incr(ns)  Path(ns)    Netlist Resource(s)
  -------------------------------------------------------------------    -------------------
                         (clock clk_pl_0 rise edge)
                                                      0.000     0.000 r  
    PS8_X0Y0             PS8                          0.000     0.000 r  design_1_i/zynq_ultra_ps_e_0/inst/PS8_i/PLCLK[0]
                         net (fo=1, routed)           0.180     0.180    design_1_i/zynq_ultra_ps_e_0/inst/pl_clk_unbuffered[0]
    BUFG_PS_X0Y80        BUFG_PS (Prop_BUFG_PS_I_O)
                                                      0.028     0.208 r  design_1_i/zynq_ultra_ps_e_0/inst/buffer_pl_clk_0.PL_CLK_0_BUFG/O
    X1Y2 (CLOCK_ROOT)    net (fo=5377, routed)        1.788     1.996    design_1_i/rst_ps8_0_100M/U0/slowest_sync_clk
    SLICE_X51Y216        FDRE                                         r  design_1_i/rst_ps8_0_100M/U0/ACTIVE_LOW_PR_OUT_DFF[0].FDRE_PER_N/C
  -------------------------------------------------------------------    -------------------
    SLICE_X51Y216        FDRE (Prop_AFF_SLICEL_C_Q)
                                                      0.079     2.075 r  design_1_i/rst_ps8_0_100M/U0/ACTIVE_LOW_PR_OUT_DFF[0].FDRE_PER_N/Q
                         net (fo=1, routed)           1.627     3.702    design_1_i/rst_ps8_0_100M/U0/peripheral_aresetn[0]_bufg_place
    BUFGCE_X1Y116        BUFGCE (Prop_BUFCE_BUFGCE_I_O)
                                                      0.028     3.730 r  design_1_i/rst_ps8_0_100M/U0/ACTIVE_LOW_PR_OUT_DFF[0].FDRE_PER_N_bufg_place/O
                         net (fo=4264, routed)        1.734     5.464    design_1_i/tpu_mnist_ip_0/inst/u_tpu_top/u_datapath/u_vector_processing_unit/u_post_process/u_activation/data_flatten_o_reg[0]_0
    SLICE_X50Y5          FDCE                                         f  design_1_i/tpu_mnist_ip_0/inst/u_tpu_top/u_datapath/u_vector_processing_unit/u_post_process/u_activation/data_flatten_o_reg[25]/CLR  (IS_INVERTED)
  -------------------------------------------------------------------    -------------------

                         (clock clk_pl_0 rise edge)
                                                     10.000    10.000 r  
    PS8_X0Y0             PS8                          0.000    10.000 r  design_1_i/zynq_ultra_ps_e_0/inst/PS8_i/PLCLK[0]
                         net (fo=1, routed)           0.143    10.143    design_1_i/zynq_ultra_ps_e_0/inst/pl_clk_unbuffered[0]
    BUFG_PS_X0Y80        BUFG_PS (Prop_BUFG_PS_I_O)
                                                      0.025    10.168 r  design_1_i/zynq_ultra_ps_e_0/inst/buffer_pl_clk_0.PL_CLK_0_BUFG/O
    X1Y2 (CLOCK_ROOT)    net (fo=5377, routed)        1.586    11.754    design_1_i/tpu_mnist_ip_0/inst/u_tpu_top/u_datapath/u_vector_processing_unit/u_post_process/u_activation/s_axi_aclk
    SLICE_X50Y5          FDCE                                         r  design_1_i/tpu_mnist_ip_0/inst/u_tpu_top/u_datapath/u_vector_processing_unit/u_post_process/u_activation/data_flatten_o_reg[25]/C
                         clock pessimism              0.097    11.851    
                         clock uncertainty           -0.130    11.721    
    SLICE_X50Y5          FDCE (Recov_DFF2_SLICEM_C_CLR)
                                                     -0.066    11.655    design_1_i/tpu_mnist_ip_0/inst/u_tpu_top/u_datapath/u_vector_processing_unit/u_post_process/u_activation/data_flatten_o_reg[25]
  -------------------------------------------------------------------
                         required time                         11.655    
                         arrival time                          -5.464    
  -------------------------------------------------------------------
                         slack                                  6.191    

Slack (MET) :             6.191ns  (required time - arrival time)
  Source:                 design_1_i/rst_ps8_0_100M/U0/ACTIVE_LOW_PR_OUT_DFF[0].FDRE_PER_N/C
                            (rising edge-triggered cell FDRE clocked by clk_pl_0  {rise@0.000ns fall@5.000ns period=10.000ns})
  Destination:            design_1_i/tpu_mnist_ip_0/inst/u_tpu_top/u_datapath/u_vector_processing_unit/u_post_process/u_activation/data_flatten_o_reg[8]/CLR
                            (recovery check against rising-edge clock clk_pl_0  {rise@0.000ns fall@5.000ns period=10.000ns})
  Path Group:             **async_default**
  Path Type:              Recovery (Max at Slow Process Corner)
  Requirement:            10.000ns  (clk_pl_0 rise@10.000ns - clk_pl_0 rise@0.000ns)
  Data Path Delay:        3.468ns  (logic 0.107ns (3.085%)  route 3.361ns (96.915%))
  Logic Levels:           1  (BUFGCE=1)
  Clock Path Skew:        -0.145ns (DCD - SCD + CPR)
    Destination Clock Delay (DCD):    1.754ns = ( 11.754 - 10.000 ) 
    Source Clock Delay      (SCD):    1.996ns
    Clock Pessimism Removal (CPR):    0.097ns
  Clock Uncertainty:      0.130ns  ((TSJ^2 + DJ^2)^1/2) / 2 + PE
    Total System Jitter     (TSJ):    0.071ns
    Discrete Jitter          (DJ):    0.250ns
    Phase Error              (PE):    0.000ns
  Clock Net Delay (Source):      1.788ns (routing 0.569ns, distribution 1.219ns)
  Clock Net Delay (Destination): 1.586ns (routing 0.512ns, distribution 1.074ns)

    Location             Delay type                Incr(ns)  Path(ns)    Netlist Resource(s)
  -------------------------------------------------------------------    -------------------
                         (clock clk_pl_0 rise edge)
                                                      0.000     0.000 r  
    PS8_X0Y0             PS8                          0.000     0.000 r  design_1_i/zynq_ultra_ps_e_0/inst/PS8_i/PLCLK[0]
                         net (fo=1, routed)           0.180     0.180    design_1_i/zynq_ultra_ps_e_0/inst/pl_clk_unbuffered[0]
    BUFG_PS_X0Y80        BUFG_PS (Prop_BUFG_PS_I_O)
                                                      0.028     0.208 r  design_1_i/zynq_ultra_ps_e_0/inst/buffer_pl_clk_0.PL_CLK_0_BUFG/O
    X1Y2 (CLOCK_ROOT)    net (fo=5377, routed)        1.788     1.996    design_1_i/rst_ps8_0_100M/U0/slowest_sync_clk
    SLICE_X51Y216        FDRE                                         r  design_1_i/rst_ps8_0_100M/U0/ACTIVE_LOW_PR_OUT_DFF[0].FDRE_PER_N/C
  -------------------------------------------------------------------    -------------------
    SLICE_X51Y216        FDRE (Prop_AFF_SLICEL_C_Q)
                                                      0.079     2.075 r  design_1_i/rst_ps8_0_100M/U0/ACTIVE_LOW_PR_OUT_DFF[0].FDRE_PER_N/Q
                         net (fo=1, routed)           1.627     3.702    design_1_i/rst_ps8_0_100M/U0/peripheral_aresetn[0]_bufg_place
    BUFGCE_X1Y116        BUFGCE (Prop_BUFCE_BUFGCE_I_O)
                                                      0.028     3.730 r  design_1_i/rst_ps8_0_100M/U0/ACTIVE_LOW_PR_OUT_DFF[0].FDRE_PER_N_bufg_place/O
                         net (fo=4264, routed)        1.734     5.464    design_1_i/tpu_mnist_ip_0/inst/u_tpu_top/u_datapath/u_vector_processing_unit/u_post_process/u_activation/data_flatten_o_reg[0]_0
    SLICE_X50Y5          FDCE                                         f  design_1_i/tpu_mnist_ip_0/inst/u_tpu_top/u_datapath/u_vector_processing_unit/u_post_process/u_activation/data_flatten_o_reg[8]/CLR  (IS_INVERTED)
  -------------------------------------------------------------------    -------------------

                         (clock clk_pl_0 rise edge)
                                                     10.000    10.000 r  
    PS8_X0Y0             PS8                          0.000    10.000 r  design_1_i/zynq_ultra_ps_e_0/inst/PS8_i/PLCLK[0]
                         net (fo=1, routed)           0.143    10.143    design_1_i/zynq_ultra_ps_e_0/inst/pl_clk_unbuffered[0]
    BUFG_PS_X0Y80        BUFG_PS (Prop_BUFG_PS_I_O)
                                                      0.025    10.168 r  design_1_i/zynq_ultra_ps_e_0/inst/buffer_pl_clk_0.PL_CLK_0_BUFG/O
    X1Y2 (CLOCK_ROOT)    net (fo=5377, routed)        1.586    11.754    design_1_i/tpu_mnist_ip_0/inst/u_tpu_top/u_datapath/u_vector_processing_unit/u_post_process/u_activation/s_axi_aclk
    SLICE_X50Y5          FDCE                                         r  design_1_i/tpu_mnist_ip_0/inst/u_tpu_top/u_datapath/u_vector_processing_unit/u_post_process/u_activation/data_flatten_o_reg[8]/C
                         clock pessimism              0.097    11.851    
                         clock uncertainty           -0.130    11.721    
    SLICE_X50Y5          FDCE (Recov_CFF_SLICEM_C_CLR)
                                                     -0.066    11.655    design_1_i/tpu_mnist_ip_0/inst/u_tpu_top/u_datapath/u_vector_processing_unit/u_post_process/u_activation/data_flatten_o_reg[8]
  -------------------------------------------------------------------
                         required time                         11.655    
                         arrival time                          -5.464    
  -------------------------------------------------------------------
                         slack                                  6.191    

Slack (MET) :             6.191ns  (required time - arrival time)
  Source:                 design_1_i/rst_ps8_0_100M/U0/ACTIVE_LOW_PR_OUT_DFF[0].FDRE_PER_N/C
                            (rising edge-triggered cell FDRE clocked by clk_pl_0  {rise@0.000ns fall@5.000ns period=10.000ns})
  Destination:            design_1_i/tpu_mnist_ip_0/inst/u_tpu_top/u_datapath/u_vector_processing_unit/u_post_process/u_activation/data_flatten_o_reg[9]/CLR
                            (recovery check against rising-edge clock clk_pl_0  {rise@0.000ns fall@5.000ns period=10.000ns})
  Path Group:             **async_default**
  Path Type:              Recovery (Max at Slow Process Corner)
  Requirement:            10.000ns  (clk_pl_0 rise@10.000ns - clk_pl_0 rise@0.000ns)
  Data Path Delay:        3.468ns  (logic 0.107ns (3.085%)  route 3.361ns (96.915%))
  Logic Levels:           1  (BUFGCE=1)
  Clock Path Skew:        -0.145ns (DCD - SCD + CPR)
    Destination Clock Delay (DCD):    1.754ns = ( 11.754 - 10.000 ) 
    Source Clock Delay      (SCD):    1.996ns
    Clock Pessimism Removal (CPR):    0.097ns
  Clock Uncertainty:      0.130ns  ((TSJ^2 + DJ^2)^1/2) / 2 + PE
    Total System Jitter     (TSJ):    0.071ns
    Discrete Jitter          (DJ):    0.250ns
    Phase Error              (PE):    0.000ns
  Clock Net Delay (Source):      1.788ns (routing 0.569ns, distribution 1.219ns)
  Clock Net Delay (Destination): 1.586ns (routing 0.512ns, distribution 1.074ns)

    Location             Delay type                Incr(ns)  Path(ns)    Netlist Resource(s)
  -------------------------------------------------------------------    -------------------
                         (clock clk_pl_0 rise edge)
                                                      0.000     0.000 r  
    PS8_X0Y0             PS8                          0.000     0.000 r  design_1_i/zynq_ultra_ps_e_0/inst/PS8_i/PLCLK[0]
                         net (fo=1, routed)           0.180     0.180    design_1_i/zynq_ultra_ps_e_0/inst/pl_clk_unbuffered[0]
    BUFG_PS_X0Y80        BUFG_PS (Prop_BUFG_PS_I_O)
                                                      0.028     0.208 r  design_1_i/zynq_ultra_ps_e_0/inst/buffer_pl_clk_0.PL_CLK_0_BUFG/O
    X1Y2 (CLOCK_ROOT)    net (fo=5377, routed)        1.788     1.996    design_1_i/rst_ps8_0_100M/U0/slowest_sync_clk
    SLICE_X51Y216        FDRE                                         r  design_1_i/rst_ps8_0_100M/U0/ACTIVE_LOW_PR_OUT_DFF[0].FDRE_PER_N/C
  -------------------------------------------------------------------    -------------------
    SLICE_X51Y216        FDRE (Prop_AFF_SLICEL_C_Q)
                                                      0.079     2.075 r  design_1_i/rst_ps8_0_100M/U0/ACTIVE_LOW_PR_OUT_DFF[0].FDRE_PER_N/Q
                         net (fo=1, routed)           1.627     3.702    design_1_i/rst_ps8_0_100M/U0/peripheral_aresetn[0]_bufg_place
    BUFGCE_X1Y116        BUFGCE (Prop_BUFCE_BUFGCE_I_O)
                                                      0.028     3.730 r  design_1_i/rst_ps8_0_100M/U0/ACTIVE_LOW_PR_OUT_DFF[0].FDRE_PER_N_bufg_place/O
                         net (fo=4264, routed)        1.734     5.464    design_1_i/tpu_mnist_ip_0/inst/u_tpu_top/u_datapath/u_vector_processing_unit/u_post_process/u_activation/data_flatten_o_reg[0]_0
    SLICE_X50Y5          FDCE                                         f  design_1_i/tpu_mnist_ip_0/inst/u_tpu_top/u_datapath/u_vector_processing_unit/u_post_process/u_activation/data_flatten_o_reg[9]/CLR  (IS_INVERTED)
  -------------------------------------------------------------------    -------------------

                         (clock clk_pl_0 rise edge)
                                                     10.000    10.000 r  
    PS8_X0Y0             PS8                          0.000    10.000 r  design_1_i/zynq_ultra_ps_e_0/inst/PS8_i/PLCLK[0]
                         net (fo=1, routed)           0.143    10.143    design_1_i/zynq_ultra_ps_e_0/inst/pl_clk_unbuffered[0]
    BUFG_PS_X0Y80        BUFG_PS (Prop_BUFG_PS_I_O)
                                                      0.025    10.168 r  design_1_i/zynq_ultra_ps_e_0/inst/buffer_pl_clk_0.PL_CLK_0_BUFG/O
    X1Y2 (CLOCK_ROOT)    net (fo=5377, routed)        1.586    11.754    design_1_i/tpu_mnist_ip_0/inst/u_tpu_top/u_datapath/u_vector_processing_unit/u_post_process/u_activation/s_axi_aclk
    SLICE_X50Y5          FDCE                                         r  design_1_i/tpu_mnist_ip_0/inst/u_tpu_top/u_datapath/u_vector_processing_unit/u_post_process/u_activation/data_flatten_o_reg[9]/C
                         clock pessimism              0.097    11.851    
                         clock uncertainty           -0.130    11.721    
    SLICE_X50Y5          FDCE (Recov_CFF2_SLICEM_C_CLR)
                                                     -0.066    11.655    design_1_i/tpu_mnist_ip_0/inst/u_tpu_top/u_datapath/u_vector_processing_unit/u_post_process/u_activation/data_flatten_o_reg[9]
  -------------------------------------------------------------------
                         required time                         11.655    
                         arrival time                          -5.464    
  -------------------------------------------------------------------
                         slack                                  6.191    





Min Delay Paths
--------------------------------------------------------------------------------------
Slack (MET) :             1.610ns  (arrival time - required time)
  Source:                 design_1_i/rst_ps8_0_100M/U0/ACTIVE_LOW_PR_OUT_DFF[0].FDRE_PER_N/C
                            (rising edge-triggered cell FDRE clocked by clk_pl_0  {rise@0.000ns fall@5.000ns period=10.000ns})
  Destination:            design_1_i/tpu_mnist_ip_0/inst/u_tpu_top/dbg_conv2_weight_load_cycles_o_reg[10]/CLR
                            (removal check against rising-edge clock clk_pl_0  {rise@0.000ns fall@5.000ns period=10.000ns})
  Path Group:             **async_default**
  Path Type:              Removal (Min at Fast Process Corner)
  Requirement:            0.000ns  (clk_pl_0 rise@0.000ns - clk_pl_0 rise@0.000ns)
  Data Path Delay:        1.674ns  (logic 0.056ns (3.346%)  route 1.618ns (96.654%))
  Logic Levels:           1  (BUFGCE=1)
  Clock Path Skew:        0.084ns (DCD - SCD - CPR)
    Destination Clock Delay (DCD):    1.275ns
    Source Clock Delay      (SCD):    1.118ns
    Clock Pessimism Removal (CPR):    0.074ns
  Clock Net Delay (Source):      0.979ns (routing 0.311ns, distribution 0.668ns)
  Clock Net Delay (Destination): 1.103ns (routing 0.352ns, distribution 0.751ns)

    Location             Delay type                Incr(ns)  Path(ns)    Netlist Resource(s)
  -------------------------------------------------------------------    -------------------
                         (clock clk_pl_0 rise edge)
                                                      0.000     0.000 r  
    PS8_X0Y0             PS8                          0.000     0.000 r  design_1_i/zynq_ultra_ps_e_0/inst/PS8_i/PLCLK[0]
                         net (fo=1, routed)           0.122     0.122    design_1_i/zynq_ultra_ps_e_0/inst/pl_clk_unbuffered[0]
    BUFG_PS_X0Y80        BUFG_PS (Prop_BUFG_PS_I_O)
                                                      0.017     0.139 r  design_1_i/zynq_ultra_ps_e_0/inst/buffer_pl_clk_0.PL_CLK_0_BUFG/O
    X1Y2 (CLOCK_ROOT)    net (fo=5377, routed)        0.979     1.118    design_1_i/rst_ps8_0_100M/U0/slowest_sync_clk
    SLICE_X51Y216        FDRE                                         r  design_1_i/rst_ps8_0_100M/U0/ACTIVE_LOW_PR_OUT_DFF[0].FDRE_PER_N/C
  -------------------------------------------------------------------    -------------------
    SLICE_X51Y216        FDRE (Prop_AFF_SLICEL_C_Q)
                                                      0.039     1.157 r  design_1_i/rst_ps8_0_100M/U0/ACTIVE_LOW_PR_OUT_DFF[0].FDRE_PER_N/Q
                         net (fo=1, routed)           0.848     2.005    design_1_i/rst_ps8_0_100M/U0/peripheral_aresetn[0]_bufg_place
    BUFGCE_X1Y116        BUFGCE (Prop_BUFCE_BUFGCE_I_O)
                                                      0.017     2.022 r  design_1_i/rst_ps8_0_100M/U0/ACTIVE_LOW_PR_OUT_DFF[0].FDRE_PER_N_bufg_place/O
                         net (fo=4264, routed)        0.770     2.791    design_1_i/tpu_mnist_ip_0/inst/u_tpu_top/s_axi_aresetn
    SLICE_X65Y161        FDCE                                         f  design_1_i/tpu_mnist_ip_0/inst/u_tpu_top/dbg_conv2_weight_load_cycles_o_reg[10]/CLR  (IS_INVERTED)
  -------------------------------------------------------------------    -------------------

                         (clock clk_pl_0 rise edge)
                                                      0.000     0.000 r  
    PS8_X0Y0             PS8                          0.000     0.000 r  design_1_i/zynq_ultra_ps_e_0/inst/PS8_i/PLCLK[0]
                         net (fo=1, routed)           0.154     0.154    design_1_i/zynq_ultra_ps_e_0/inst/pl_clk_unbuffered[0]
    BUFG_PS_X0Y80        BUFG_PS (Prop_BUFG_PS_I_O)
                                                      0.018     0.172 r  design_1_i/zynq_ultra_ps_e_0/inst/buffer_pl_clk_0.PL_CLK_0_BUFG/O
    X1Y2 (CLOCK_ROOT)    net (fo=5377, routed)        1.103     1.275    design_1_i/tpu_mnist_ip_0/inst/u_tpu_top/s_axi_aclk
    SLICE_X65Y161        FDCE                                         r  design_1_i/tpu_mnist_ip_0/inst/u_tpu_top/dbg_conv2_weight_load_cycles_o_reg[10]/C
                         clock pessimism             -0.074     1.201    
    SLICE_X65Y161        FDCE (Remov_HFF_SLICEL_C_CLR)
                                                     -0.020     1.181    design_1_i/tpu_mnist_ip_0/inst/u_tpu_top/dbg_conv2_weight_load_cycles_o_reg[10]
  -------------------------------------------------------------------
                         required time                         -1.181    
                         arrival time                           2.791    
  -------------------------------------------------------------------
                         slack                                  1.610    

Slack (MET) :             1.610ns  (arrival time - required time)
  Source:                 design_1_i/rst_ps8_0_100M/U0/ACTIVE_LOW_PR_OUT_DFF[0].FDRE_PER_N/C
                            (rising edge-triggered cell FDRE clocked by clk_pl_0  {rise@0.000ns fall@5.000ns period=10.000ns})
  Destination:            design_1_i/tpu_mnist_ip_0/inst/u_tpu_top/dbg_conv2_weight_load_cycles_o_reg[14]/CLR
                            (removal check against rising-edge clock clk_pl_0  {rise@0.000ns fall@5.000ns period=10.000ns})
  Path Group:             **async_default**
  Path Type:              Removal (Min at Fast Process Corner)
  Requirement:            0.000ns  (clk_pl_0 rise@0.000ns - clk_pl_0 rise@0.000ns)
  Data Path Delay:        1.674ns  (logic 0.056ns (3.346%)  route 1.618ns (96.654%))
  Logic Levels:           1  (BUFGCE=1)
  Clock Path Skew:        0.084ns (DCD - SCD - CPR)
    Destination Clock Delay (DCD):    1.275ns
    Source Clock Delay      (SCD):    1.118ns
    Clock Pessimism Removal (CPR):    0.074ns
  Clock Net Delay (Source):      0.979ns (routing 0.311ns, distribution 0.668ns)
  Clock Net Delay (Destination): 1.103ns (routing 0.352ns, distribution 0.751ns)

    Location             Delay type                Incr(ns)  Path(ns)    Netlist Resource(s)
  -------------------------------------------------------------------    -------------------
                         (clock clk_pl_0 rise edge)
                                                      0.000     0.000 r  
    PS8_X0Y0             PS8                          0.000     0.000 r  design_1_i/zynq_ultra_ps_e_0/inst/PS8_i/PLCLK[0]
                         net (fo=1, routed)           0.122     0.122    design_1_i/zynq_ultra_ps_e_0/inst/pl_clk_unbuffered[0]
    BUFG_PS_X0Y80        BUFG_PS (Prop_BUFG_PS_I_O)
                                                      0.017     0.139 r  design_1_i/zynq_ultra_ps_e_0/inst/buffer_pl_clk_0.PL_CLK_0_BUFG/O
    X1Y2 (CLOCK_ROOT)    net (fo=5377, routed)        0.979     1.118    design_1_i/rst_ps8_0_100M/U0/slowest_sync_clk
    SLICE_X51Y216        FDRE                                         r  design_1_i/rst_ps8_0_100M/U0/ACTIVE_LOW_PR_OUT_DFF[0].FDRE_PER_N/C
  -------------------------------------------------------------------    -------------------
    SLICE_X51Y216        FDRE (Prop_AFF_SLICEL_C_Q)
                                                      0.039     1.157 r  design_1_i/rst_ps8_0_100M/U0/ACTIVE_LOW_PR_OUT_DFF[0].FDRE_PER_N/Q
                         net (fo=1, routed)           0.848     2.005    design_1_i/rst_ps8_0_100M/U0/peripheral_aresetn[0]_bufg_place
    BUFGCE_X1Y116        BUFGCE (Prop_BUFCE_BUFGCE_I_O)
                                                      0.017     2.022 r  design_1_i/rst_ps8_0_100M/U0/ACTIVE_LOW_PR_OUT_DFF[0].FDRE_PER_N_bufg_place/O
                         net (fo=4264, routed)        0.770     2.791    design_1_i/tpu_mnist_ip_0/inst/u_tpu_top/s_axi_aresetn
    SLICE_X65Y161        FDCE                                         f  design_1_i/tpu_mnist_ip_0/inst/u_tpu_top/dbg_conv2_weight_load_cycles_o_reg[14]/CLR  (IS_INVERTED)
  -------------------------------------------------------------------    -------------------

                         (clock clk_pl_0 rise edge)
                                                      0.000     0.000 r  
    PS8_X0Y0             PS8                          0.000     0.000 r  design_1_i/zynq_ultra_ps_e_0/inst/PS8_i/PLCLK[0]
                         net (fo=1, routed)           0.154     0.154    design_1_i/zynq_ultra_ps_e_0/inst/pl_clk_unbuffered[0]
    BUFG_PS_X0Y80        BUFG_PS (Prop_BUFG_PS_I_O)
                                                      0.018     0.172 r  design_1_i/zynq_ultra_ps_e_0/inst/buffer_pl_clk_0.PL_CLK_0_BUFG/O
    X1Y2 (CLOCK_ROOT)    net (fo=5377, routed)        1.103     1.275    design_1_i/tpu_mnist_ip_0/inst/u_tpu_top/s_axi_aclk
    SLICE_X65Y161        FDCE                                         r  design_1_i/tpu_mnist_ip_0/inst/u_tpu_top/dbg_conv2_weight_load_cycles_o_reg[14]/C
                         clock pessimism             -0.074     1.201    
    SLICE_X65Y161        FDCE (Remov_GFF_SLICEL_C_CLR)
                                                     -0.020     1.181    design_1_i/tpu_mnist_ip_0/inst/u_tpu_top/dbg_conv2_weight_load_cycles_o_reg[14]
  -------------------------------------------------------------------
                         required time                         -1.181    
                         arrival time                           2.791    
  -------------------------------------------------------------------
                         slack                                  1.610    

Slack (MET) :             1.610ns  (arrival time - required time)
  Source:                 design_1_i/rst_ps8_0_100M/U0/ACTIVE_LOW_PR_OUT_DFF[0].FDRE_PER_N/C
                            (rising edge-triggered cell FDRE clocked by clk_pl_0  {rise@0.000ns fall@5.000ns period=10.000ns})
  Destination:            design_1_i/tpu_mnist_ip_0/inst/u_tpu_top/dbg_conv2_weight_load_cycles_o_reg[1]/CLR
                            (removal check against rising-edge clock clk_pl_0  {rise@0.000ns fall@5.000ns period=10.000ns})
  Path Group:             **async_default**
  Path Type:              Removal (Min at Fast Process Corner)
  Requirement:            0.000ns  (clk_pl_0 rise@0.000ns - clk_pl_0 rise@0.000ns)
  Data Path Delay:        1.674ns  (logic 0.056ns (3.346%)  route 1.618ns (96.654%))
  Logic Levels:           1  (BUFGCE=1)
  Clock Path Skew:        0.084ns (DCD - SCD - CPR)
    Destination Clock Delay (DCD):    1.275ns
    Source Clock Delay      (SCD):    1.118ns
    Clock Pessimism Removal (CPR):    0.074ns
  Clock Net Delay (Source):      0.979ns (routing 0.311ns, distribution 0.668ns)
  Clock Net Delay (Destination): 1.103ns (routing 0.352ns, distribution 0.751ns)

    Location             Delay type                Incr(ns)  Path(ns)    Netlist Resource(s)
  -------------------------------------------------------------------    -------------------
                         (clock clk_pl_0 rise edge)
                                                      0.000     0.000 r  
    PS8_X0Y0             PS8                          0.000     0.000 r  design_1_i/zynq_ultra_ps_e_0/inst/PS8_i/PLCLK[0]
                         net (fo=1, routed)           0.122     0.122    design_1_i/zynq_ultra_ps_e_0/inst/pl_clk_unbuffered[0]
    BUFG_PS_X0Y80        BUFG_PS (Prop_BUFG_PS_I_O)
                                                      0.017     0.139 r  design_1_i/zynq_ultra_ps_e_0/inst/buffer_pl_clk_0.PL_CLK_0_BUFG/O
    X1Y2 (CLOCK_ROOT)    net (fo=5377, routed)        0.979     1.118    design_1_i/rst_ps8_0_100M/U0/slowest_sync_clk
    SLICE_X51Y216        FDRE                                         r  design_1_i/rst_ps8_0_100M/U0/ACTIVE_LOW_PR_OUT_DFF[0].FDRE_PER_N/C
  -------------------------------------------------------------------    -------------------
    SLICE_X51Y216        FDRE (Prop_AFF_SLICEL_C_Q)
                                                      0.039     1.157 r  design_1_i/rst_ps8_0_100M/U0/ACTIVE_LOW_PR_OUT_DFF[0].FDRE_PER_N/Q
                         net (fo=1, routed)           0.848     2.005    design_1_i/rst_ps8_0_100M/U0/peripheral_aresetn[0]_bufg_place
    BUFGCE_X1Y116        BUFGCE (Prop_BUFCE_BUFGCE_I_O)
                                                      0.017     2.022 r  design_1_i/rst_ps8_0_100M/U0/ACTIVE_LOW_PR_OUT_DFF[0].FDRE_PER_N_bufg_place/O
                         net (fo=4264, routed)        0.770     2.791    design_1_i/tpu_mnist_ip_0/inst/u_tpu_top/s_axi_aresetn
    SLICE_X65Y160        FDCE                                         f  design_1_i/tpu_mnist_ip_0/inst/u_tpu_top/dbg_conv2_weight_load_cycles_o_reg[1]/CLR  (IS_INVERTED)
  -------------------------------------------------------------------    -------------------

                         (clock clk_pl_0 rise edge)
                                                      0.000     0.000 r  
    PS8_X0Y0             PS8                          0.000     0.000 r  design_1_i/zynq_ultra_ps_e_0/inst/PS8_i/PLCLK[0]
                         net (fo=1, routed)           0.154     0.154    design_1_i/zynq_ultra_ps_e_0/inst/pl_clk_unbuffered[0]
    BUFG_PS_X0Y80        BUFG_PS (Prop_BUFG_PS_I_O)
                                                      0.018     0.172 r  design_1_i/zynq_ultra_ps_e_0/inst/buffer_pl_clk_0.PL_CLK_0_BUFG/O
    X1Y2 (CLOCK_ROOT)    net (fo=5377, routed)        1.103     1.275    design_1_i/tpu_mnist_ip_0/inst/u_tpu_top/s_axi_aclk
    SLICE_X65Y160        FDCE                                         r  design_1_i/tpu_mnist_ip_0/inst/u_tpu_top/dbg_conv2_weight_load_cycles_o_reg[1]/C
                         clock pessimism             -0.074     1.201    
    SLICE_X65Y160        FDCE (Remov_HFF_SLICEL_C_CLR)
                                                     -0.020     1.181    design_1_i/tpu_mnist_ip_0/inst/u_tpu_top/dbg_conv2_weight_load_cycles_o_reg[1]
  -------------------------------------------------------------------
                         required time                         -1.181    
                         arrival time                           2.791    
  -------------------------------------------------------------------
                         slack                                  1.610    

Slack (MET) :             1.610ns  (arrival time - required time)
  Source:                 design_1_i/rst_ps8_0_100M/U0/ACTIVE_LOW_PR_OUT_DFF[0].FDRE_PER_N/C
                            (rising edge-triggered cell FDRE clocked by clk_pl_0  {rise@0.000ns fall@5.000ns period=10.000ns})
  Destination:            design_1_i/tpu_mnist_ip_0/inst/u_tpu_top/dbg_conv2_weight_load_cycles_o_reg[3]/CLR
                            (removal check against rising-edge clock clk_pl_0  {rise@0.000ns fall@5.000ns period=10.000ns})
  Path Group:             **async_default**
  Path Type:              Removal (Min at Fast Process Corner)
  Requirement:            0.000ns  (clk_pl_0 rise@0.000ns - clk_pl_0 rise@0.000ns)
  Data Path Delay:        1.674ns  (logic 0.056ns (3.346%)  route 1.618ns (96.654%))
  Logic Levels:           1  (BUFGCE=1)
  Clock Path Skew:        0.084ns (DCD - SCD - CPR)
    Destination Clock Delay (DCD):    1.275ns
    Source Clock Delay      (SCD):    1.118ns
    Clock Pessimism Removal (CPR):    0.074ns
  Clock Net Delay (Source):      0.979ns (routing 0.311ns, distribution 0.668ns)
  Clock Net Delay (Destination): 1.103ns (routing 0.352ns, distribution 0.751ns)

    Location             Delay type                Incr(ns)  Path(ns)    Netlist Resource(s)
  -------------------------------------------------------------------    -------------------
                         (clock clk_pl_0 rise edge)
                                                      0.000     0.000 r  
    PS8_X0Y0             PS8                          0.000     0.000 r  design_1_i/zynq_ultra_ps_e_0/inst/PS8_i/PLCLK[0]
                         net (fo=1, routed)           0.122     0.122    design_1_i/zynq_ultra_ps_e_0/inst/pl_clk_unbuffered[0]
    BUFG_PS_X0Y80        BUFG_PS (Prop_BUFG_PS_I_O)
                                                      0.017     0.139 r  design_1_i/zynq_ultra_ps_e_0/inst/buffer_pl_clk_0.PL_CLK_0_BUFG/O
    X1Y2 (CLOCK_ROOT)    net (fo=5377, routed)        0.979     1.118    design_1_i/rst_ps8_0_100M/U0/slowest_sync_clk
    SLICE_X51Y216        FDRE                                         r  design_1_i/rst_ps8_0_100M/U0/ACTIVE_LOW_PR_OUT_DFF[0].FDRE_PER_N/C
  -------------------------------------------------------------------    -------------------
    SLICE_X51Y216        FDRE (Prop_AFF_SLICEL_C_Q)
                                                      0.039     1.157 r  design_1_i/rst_ps8_0_100M/U0/ACTIVE_LOW_PR_OUT_DFF[0].FDRE_PER_N/Q
                         net (fo=1, routed)           0.848     2.005    design_1_i/rst_ps8_0_100M/U0/peripheral_aresetn[0]_bufg_place
    BUFGCE_X1Y116        BUFGCE (Prop_BUFCE_BUFGCE_I_O)
                                                      0.017     2.022 r  design_1_i/rst_ps8_0_100M/U0/ACTIVE_LOW_PR_OUT_DFF[0].FDRE_PER_N_bufg_place/O
                         net (fo=4264, routed)        0.770     2.791    design_1_i/tpu_mnist_ip_0/inst/u_tpu_top/s_axi_aresetn
    SLICE_X65Y160        FDCE                                         f  design_1_i/tpu_mnist_ip_0/inst/u_tpu_top/dbg_conv2_weight_load_cycles_o_reg[3]/CLR  (IS_INVERTED)
  -------------------------------------------------------------------    -------------------

                         (clock clk_pl_0 rise edge)
                                                      0.000     0.000 r  
    PS8_X0Y0             PS8                          0.000     0.000 r  design_1_i/zynq_ultra_ps_e_0/inst/PS8_i/PLCLK[0]
                         net (fo=1, routed)           0.154     0.154    design_1_i/zynq_ultra_ps_e_0/inst/pl_clk_unbuffered[0]
    BUFG_PS_X0Y80        BUFG_PS (Prop_BUFG_PS_I_O)
                                                      0.018     0.172 r  design_1_i/zynq_ultra_ps_e_0/inst/buffer_pl_clk_0.PL_CLK_0_BUFG/O
    X1Y2 (CLOCK_ROOT)    net (fo=5377, routed)        1.103     1.275    design_1_i/tpu_mnist_ip_0/inst/u_tpu_top/s_axi_aclk
    SLICE_X65Y160        FDCE                                         r  design_1_i/tpu_mnist_ip_0/inst/u_tpu_top/dbg_conv2_weight_load_cycles_o_reg[3]/C
                         clock pessimism             -0.074     1.201    
    SLICE_X65Y160        FDCE (Remov_GFF_SLICEL_C_CLR)
                                                     -0.020     1.181    design_1_i/tpu_mnist_ip_0/inst/u_tpu_top/dbg_conv2_weight_load_cycles_o_reg[3]
  -------------------------------------------------------------------
                         required time                         -1.181    
                         arrival time                           2.791    
  -------------------------------------------------------------------
                         slack                                  1.610    

Slack (MET) :             1.610ns  (arrival time - required time)
  Source:                 design_1_i/rst_ps8_0_100M/U0/ACTIVE_LOW_PR_OUT_DFF[0].FDRE_PER_N/C
                            (rising edge-triggered cell FDRE clocked by clk_pl_0  {rise@0.000ns fall@5.000ns period=10.000ns})
  Destination:            design_1_i/tpu_mnist_ip_0/inst/u_tpu_top/dbg_conv2_weight_load_cycles_o_reg[6]/CLR
                            (removal check against rising-edge clock clk_pl_0  {rise@0.000ns fall@5.000ns period=10.000ns})
  Path Group:             **async_default**
  Path Type:              Removal (Min at Fast Process Corner)
  Requirement:            0.000ns  (clk_pl_0 rise@0.000ns - clk_pl_0 rise@0.000ns)
  Data Path Delay:        1.674ns  (logic 0.056ns (3.346%)  route 1.618ns (96.654%))
  Logic Levels:           1  (BUFGCE=1)
  Clock Path Skew:        0.084ns (DCD - SCD - CPR)
    Destination Clock Delay (DCD):    1.275ns
    Source Clock Delay      (SCD):    1.118ns
    Clock Pessimism Removal (CPR):    0.074ns
  Clock Net Delay (Source):      0.979ns (routing 0.311ns, distribution 0.668ns)
  Clock Net Delay (Destination): 1.103ns (routing 0.352ns, distribution 0.751ns)

    Location             Delay type                Incr(ns)  Path(ns)    Netlist Resource(s)
  -------------------------------------------------------------------    -------------------
                         (clock clk_pl_0 rise edge)
                                                      0.000     0.000 r  
    PS8_X0Y0             PS8                          0.000     0.000 r  design_1_i/zynq_ultra_ps_e_0/inst/PS8_i/PLCLK[0]
                         net (fo=1, routed)           0.122     0.122    design_1_i/zynq_ultra_ps_e_0/inst/pl_clk_unbuffered[0]
    BUFG_PS_X0Y80        BUFG_PS (Prop_BUFG_PS_I_O)
                                                      0.017     0.139 r  design_1_i/zynq_ultra_ps_e_0/inst/buffer_pl_clk_0.PL_CLK_0_BUFG/O
    X1Y2 (CLOCK_ROOT)    net (fo=5377, routed)        0.979     1.118    design_1_i/rst_ps8_0_100M/U0/slowest_sync_clk
    SLICE_X51Y216        FDRE                                         r  design_1_i/rst_ps8_0_100M/U0/ACTIVE_LOW_PR_OUT_DFF[0].FDRE_PER_N/C
  -------------------------------------------------------------------    -------------------
    SLICE_X51Y216        FDRE (Prop_AFF_SLICEL_C_Q)
                                                      0.039     1.157 r  design_1_i/rst_ps8_0_100M/U0/ACTIVE_LOW_PR_OUT_DFF[0].FDRE_PER_N/Q
                         net (fo=1, routed)           0.848     2.005    design_1_i/rst_ps8_0_100M/U0/peripheral_aresetn[0]_bufg_place
    BUFGCE_X1Y116        BUFGCE (Prop_BUFCE_BUFGCE_I_O)
                                                      0.017     2.022 r  design_1_i/rst_ps8_0_100M/U0/ACTIVE_LOW_PR_OUT_DFF[0].FDRE_PER_N_bufg_place/O
                         net (fo=4264, routed)        0.770     2.791    design_1_i/tpu_mnist_ip_0/inst/u_tpu_top/s_axi_aresetn
    SLICE_X65Y160        FDCE                                         f  design_1_i/tpu_mnist_ip_0/inst/u_tpu_top/dbg_conv2_weight_load_cycles_o_reg[6]/CLR  (IS_INVERTED)
  -------------------------------------------------------------------    -------------------

                         (clock clk_pl_0 rise edge)
                                                      0.000     0.000 r  
    PS8_X0Y0             PS8                          0.000     0.000 r  design_1_i/zynq_ultra_ps_e_0/inst/PS8_i/PLCLK[0]
                         net (fo=1, routed)           0.154     0.154    design_1_i/zynq_ultra_ps_e_0/inst/pl_clk_unbuffered[0]
    BUFG_PS_X0Y80        BUFG_PS (Prop_BUFG_PS_I_O)
                                                      0.018     0.172 r  design_1_i/zynq_ultra_ps_e_0/inst/buffer_pl_clk_0.PL_CLK_0_BUFG/O
    X1Y2 (CLOCK_ROOT)    net (fo=5377, routed)        1.103     1.275    design_1_i/tpu_mnist_ip_0/inst/u_tpu_top/s_axi_aclk
    SLICE_X65Y160        FDCE                                         r  design_1_i/tpu_mnist_ip_0/inst/u_tpu_top/dbg_conv2_weight_load_cycles_o_reg[6]/C
                         clock pessimism             -0.074     1.201    
    SLICE_X65Y160        FDCE (Remov_FFF_SLICEL_C_CLR)
                                                     -0.020     1.181    design_1_i/tpu_mnist_ip_0/inst/u_tpu_top/dbg_conv2_weight_load_cycles_o_reg[6]
  -------------------------------------------------------------------
                         required time                         -1.181    
                         arrival time                           2.791    
  -------------------------------------------------------------------
                         slack                                  1.610    

Slack (MET) :             1.610ns  (arrival time - required time)
  Source:                 design_1_i/rst_ps8_0_100M/U0/ACTIVE_LOW_PR_OUT_DFF[0].FDRE_PER_N/C
                            (rising edge-triggered cell FDRE clocked by clk_pl_0  {rise@0.000ns fall@5.000ns period=10.000ns})
  Destination:            design_1_i/tpu_mnist_ip_0/inst/u_tpu_top/dbg_conv2_weight_load_cycles_o_reg[17]/CLR
                            (removal check against rising-edge clock clk_pl_0  {rise@0.000ns fall@5.000ns period=10.000ns})
  Path Group:             **async_default**
  Path Type:              Removal (Min at Fast Process Corner)
  Requirement:            0.000ns  (clk_pl_0 rise@0.000ns - clk_pl_0 rise@0.000ns)
  Data Path Delay:        1.675ns  (logic 0.056ns (3.344%)  route 1.619ns (96.656%))
  Logic Levels:           1  (BUFGCE=1)
  Clock Path Skew:        0.085ns (DCD - SCD - CPR)
    Destination Clock Delay (DCD):    1.276ns
    Source Clock Delay      (SCD):    1.118ns
    Clock Pessimism Removal (CPR):    0.074ns
  Clock Net Delay (Source):      0.979ns (routing 0.311ns, distribution 0.668ns)
  Clock Net Delay (Destination): 1.104ns (routing 0.352ns, distribution 0.752ns)

    Location             Delay type                Incr(ns)  Path(ns)    Netlist Resource(s)
  -------------------------------------------------------------------    -------------------
                         (clock clk_pl_0 rise edge)
                                                      0.000     0.000 r  
    PS8_X0Y0             PS8                          0.000     0.000 r  design_1_i/zynq_ultra_ps_e_0/inst/PS8_i/PLCLK[0]
                         net (fo=1, routed)           0.122     0.122    design_1_i/zynq_ultra_ps_e_0/inst/pl_clk_unbuffered[0]
    BUFG_PS_X0Y80        BUFG_PS (Prop_BUFG_PS_I_O)
                                                      0.017     0.139 r  design_1_i/zynq_ultra_ps_e_0/inst/buffer_pl_clk_0.PL_CLK_0_BUFG/O
    X1Y2 (CLOCK_ROOT)    net (fo=5377, routed)        0.979     1.118    design_1_i/rst_ps8_0_100M/U0/slowest_sync_clk
    SLICE_X51Y216        FDRE                                         r  design_1_i/rst_ps8_0_100M/U0/ACTIVE_LOW_PR_OUT_DFF[0].FDRE_PER_N/C
  -------------------------------------------------------------------    -------------------
    SLICE_X51Y216        FDRE (Prop_AFF_SLICEL_C_Q)
                                                      0.039     1.157 r  design_1_i/rst_ps8_0_100M/U0/ACTIVE_LOW_PR_OUT_DFF[0].FDRE_PER_N/Q
                         net (fo=1, routed)           0.848     2.005    design_1_i/rst_ps8_0_100M/U0/peripheral_aresetn[0]_bufg_place
    BUFGCE_X1Y116        BUFGCE (Prop_BUFCE_BUFGCE_I_O)
                                                      0.017     2.022 r  design_1_i/rst_ps8_0_100M/U0/ACTIVE_LOW_PR_OUT_DFF[0].FDRE_PER_N_bufg_place/O
                         net (fo=4264, routed)        0.771     2.792    design_1_i/tpu_mnist_ip_0/inst/u_tpu_top/s_axi_aresetn
    SLICE_X65Y162        FDCE                                         f  design_1_i/tpu_mnist_ip_0/inst/u_tpu_top/dbg_conv2_weight_load_cycles_o_reg[17]/CLR  (IS_INVERTED)
  -------------------------------------------------------------------    -------------------

                         (clock clk_pl_0 rise edge)
                                                      0.000     0.000 r  
    PS8_X0Y0             PS8                          0.000     0.000 r  design_1_i/zynq_ultra_ps_e_0/inst/PS8_i/PLCLK[0]
                         net (fo=1, routed)           0.154     0.154    design_1_i/zynq_ultra_ps_e_0/inst/pl_clk_unbuffered[0]
    BUFG_PS_X0Y80        BUFG_PS (Prop_BUFG_PS_I_O)
                                                      0.018     0.172 r  design_1_i/zynq_ultra_ps_e_0/inst/buffer_pl_clk_0.PL_CLK_0_BUFG/O
    X1Y2 (CLOCK_ROOT)    net (fo=5377, routed)        1.104     1.276    design_1_i/tpu_mnist_ip_0/inst/u_tpu_top/s_axi_aclk
    SLICE_X65Y162        FDCE                                         r  design_1_i/tpu_mnist_ip_0/inst/u_tpu_top/dbg_conv2_weight_load_cycles_o_reg[17]/C
                         clock pessimism             -0.074     1.202    
    SLICE_X65Y162        FDCE (Remov_HFF_SLICEL_C_CLR)
                                                     -0.020     1.182    design_1_i/tpu_mnist_ip_0/inst/u_tpu_top/dbg_conv2_weight_load_cycles_o_reg[17]
  -------------------------------------------------------------------
                         required time                         -1.182    
                         arrival time                           2.792    
  -------------------------------------------------------------------
                         slack                                  1.610    

Slack (MET) :             1.610ns  (arrival time - required time)
  Source:                 design_1_i/rst_ps8_0_100M/U0/ACTIVE_LOW_PR_OUT_DFF[0].FDRE_PER_N/C
                            (rising edge-triggered cell FDRE clocked by clk_pl_0  {rise@0.000ns fall@5.000ns period=10.000ns})
  Destination:            design_1_i/tpu_mnist_ip_0/inst/u_tpu_top/dbg_conv2_weight_load_cycles_o_reg[21]/CLR
                            (removal check against rising-edge clock clk_pl_0  {rise@0.000ns fall@5.000ns period=10.000ns})
  Path Group:             **async_default**
  Path Type:              Removal (Min at Fast Process Corner)
  Requirement:            0.000ns  (clk_pl_0 rise@0.000ns - clk_pl_0 rise@0.000ns)
  Data Path Delay:        1.675ns  (logic 0.056ns (3.344%)  route 1.619ns (96.656%))
  Logic Levels:           1  (BUFGCE=1)
  Clock Path Skew:        0.085ns (DCD - SCD - CPR)
    Destination Clock Delay (DCD):    1.276ns
    Source Clock Delay      (SCD):    1.118ns
    Clock Pessimism Removal (CPR):    0.074ns
  Clock Net Delay (Source):      0.979ns (routing 0.311ns, distribution 0.668ns)
  Clock Net Delay (Destination): 1.104ns (routing 0.352ns, distribution 0.752ns)

    Location             Delay type                Incr(ns)  Path(ns)    Netlist Resource(s)
  -------------------------------------------------------------------    -------------------
                         (clock clk_pl_0 rise edge)
                                                      0.000     0.000 r  
    PS8_X0Y0             PS8                          0.000     0.000 r  design_1_i/zynq_ultra_ps_e_0/inst/PS8_i/PLCLK[0]
                         net (fo=1, routed)           0.122     0.122    design_1_i/zynq_ultra_ps_e_0/inst/pl_clk_unbuffered[0]
    BUFG_PS_X0Y80        BUFG_PS (Prop_BUFG_PS_I_O)
                                                      0.017     0.139 r  design_1_i/zynq_ultra_ps_e_0/inst/buffer_pl_clk_0.PL_CLK_0_BUFG/O
    X1Y2 (CLOCK_ROOT)    net (fo=5377, routed)        0.979     1.118    design_1_i/rst_ps8_0_100M/U0/slowest_sync_clk
    SLICE_X51Y216        FDRE                                         r  design_1_i/rst_ps8_0_100M/U0/ACTIVE_LOW_PR_OUT_DFF[0].FDRE_PER_N/C
  -------------------------------------------------------------------    -------------------
    SLICE_X51Y216        FDRE (Prop_AFF_SLICEL_C_Q)
                                                      0.039     1.157 r  design_1_i/rst_ps8_0_100M/U0/ACTIVE_LOW_PR_OUT_DFF[0].FDRE_PER_N/Q
                         net (fo=1, routed)           0.848     2.005    design_1_i/rst_ps8_0_100M/U0/peripheral_aresetn[0]_bufg_place
    BUFGCE_X1Y116        BUFGCE (Prop_BUFCE_BUFGCE_I_O)
                                                      0.017     2.022 r  design_1_i/rst_ps8_0_100M/U0/ACTIVE_LOW_PR_OUT_DFF[0].FDRE_PER_N_bufg_place/O
                         net (fo=4264, routed)        0.771     2.792    design_1_i/tpu_mnist_ip_0/inst/u_tpu_top/s_axi_aresetn
    SLICE_X65Y162        FDCE                                         f  design_1_i/tpu_mnist_ip_0/inst/u_tpu_top/dbg_conv2_weight_load_cycles_o_reg[21]/CLR  (IS_INVERTED)
  -------------------------------------------------------------------    -------------------

                         (clock clk_pl_0 rise edge)
                                                      0.000     0.000 r  
    PS8_X0Y0             PS8                          0.000     0.000 r  design_1_i/zynq_ultra_ps_e_0/inst/PS8_i/PLCLK[0]
                         net (fo=1, routed)           0.154     0.154    design_1_i/zynq_ultra_ps_e_0/inst/pl_clk_unbuffered[0]
    BUFG_PS_X0Y80        BUFG_PS (Prop_BUFG_PS_I_O)
                                                      0.018     0.172 r  design_1_i/zynq_ultra_ps_e_0/inst/buffer_pl_clk_0.PL_CLK_0_BUFG/O
    X1Y2 (CLOCK_ROOT)    net (fo=5377, routed)        1.104     1.276    design_1_i/tpu_mnist_ip_0/inst/u_tpu_top/s_axi_aclk
    SLICE_X65Y162        FDCE                                         r  design_1_i/tpu_mnist_ip_0/inst/u_tpu_top/dbg_conv2_weight_load_cycles_o_reg[21]/C
                         clock pessimism             -0.074     1.202    
    SLICE_X65Y162        FDCE (Remov_GFF_SLICEL_C_CLR)
                                                     -0.020     1.182    design_1_i/tpu_mnist_ip_0/inst/u_tpu_top/dbg_conv2_weight_load_cycles_o_reg[21]
  -------------------------------------------------------------------
                         required time                         -1.182    
                         arrival time                           2.792    
  -------------------------------------------------------------------
                         slack                                  1.610    

Slack (MET) :             1.610ns  (arrival time - required time)
  Source:                 design_1_i/rst_ps8_0_100M/U0/ACTIVE_LOW_PR_OUT_DFF[0].FDRE_PER_N/C
                            (rising edge-triggered cell FDRE clocked by clk_pl_0  {rise@0.000ns fall@5.000ns period=10.000ns})
  Destination:            design_1_i/tpu_mnist_ip_0/inst/u_tpu_top/dbg_conv2_weight_load_cycles_o_reg[29]/CLR
                            (removal check against rising-edge clock clk_pl_0  {rise@0.000ns fall@5.000ns period=10.000ns})
  Path Group:             **async_default**
  Path Type:              Removal (Min at Fast Process Corner)
  Requirement:            0.000ns  (clk_pl_0 rise@0.000ns - clk_pl_0 rise@0.000ns)
  Data Path Delay:        1.675ns  (logic 0.056ns (3.344%)  route 1.619ns (96.656%))
  Logic Levels:           1  (BUFGCE=1)
  Clock Path Skew:        0.085ns (DCD - SCD - CPR)
    Destination Clock Delay (DCD):    1.276ns
    Source Clock Delay      (SCD):    1.118ns
    Clock Pessimism Removal (CPR):    0.074ns
  Clock Net Delay (Source):      0.979ns (routing 0.311ns, distribution 0.668ns)
  Clock Net Delay (Destination): 1.104ns (routing 0.352ns, distribution 0.752ns)

    Location             Delay type                Incr(ns)  Path(ns)    Netlist Resource(s)
  -------------------------------------------------------------------    -------------------
                         (clock clk_pl_0 rise edge)
                                                      0.000     0.000 r  
    PS8_X0Y0             PS8                          0.000     0.000 r  design_1_i/zynq_ultra_ps_e_0/inst/PS8_i/PLCLK[0]
                         net (fo=1, routed)           0.122     0.122    design_1_i/zynq_ultra_ps_e_0/inst/pl_clk_unbuffered[0]
    BUFG_PS_X0Y80        BUFG_PS (Prop_BUFG_PS_I_O)
                                                      0.017     0.139 r  design_1_i/zynq_ultra_ps_e_0/inst/buffer_pl_clk_0.PL_CLK_0_BUFG/O
    X1Y2 (CLOCK_ROOT)    net (fo=5377, routed)        0.979     1.118    design_1_i/rst_ps8_0_100M/U0/slowest_sync_clk
    SLICE_X51Y216        FDRE                                         r  design_1_i/rst_ps8_0_100M/U0/ACTIVE_LOW_PR_OUT_DFF[0].FDRE_PER_N/C
  -------------------------------------------------------------------    -------------------
    SLICE_X51Y216        FDRE (Prop_AFF_SLICEL_C_Q)
                                                      0.039     1.157 r  design_1_i/rst_ps8_0_100M/U0/ACTIVE_LOW_PR_OUT_DFF[0].FDRE_PER_N/Q
                         net (fo=1, routed)           0.848     2.005    design_1_i/rst_ps8_0_100M/U0/peripheral_aresetn[0]_bufg_place
    BUFGCE_X1Y116        BUFGCE (Prop_BUFCE_BUFGCE_I_O)
                                                      0.017     2.022 r  design_1_i/rst_ps8_0_100M/U0/ACTIVE_LOW_PR_OUT_DFF[0].FDRE_PER_N_bufg_place/O
                         net (fo=4264, routed)        0.771     2.792    design_1_i/tpu_mnist_ip_0/inst/u_tpu_top/s_axi_aresetn
    SLICE_X65Y163        FDCE                                         f  design_1_i/tpu_mnist_ip_0/inst/u_tpu_top/dbg_conv2_weight_load_cycles_o_reg[29]/CLR  (IS_INVERTED)
  -------------------------------------------------------------------    -------------------

                         (clock clk_pl_0 rise edge)
                                                      0.000     0.000 r  
    PS8_X0Y0             PS8                          0.000     0.000 r  design_1_i/zynq_ultra_ps_e_0/inst/PS8_i/PLCLK[0]
                         net (fo=1, routed)           0.154     0.154    design_1_i/zynq_ultra_ps_e_0/inst/pl_clk_unbuffered[0]
    BUFG_PS_X0Y80        BUFG_PS (Prop_BUFG_PS_I_O)
                                                      0.018     0.172 r  design_1_i/zynq_ultra_ps_e_0/inst/buffer_pl_clk_0.PL_CLK_0_BUFG/O
    X1Y2 (CLOCK_ROOT)    net (fo=5377, routed)        1.104     1.276    design_1_i/tpu_mnist_ip_0/inst/u_tpu_top/s_axi_aclk
    SLICE_X65Y163        FDCE                                         r  design_1_i/tpu_mnist_ip_0/inst/u_tpu_top/dbg_conv2_weight_load_cycles_o_reg[29]/C
                         clock pessimism             -0.074     1.202    
    SLICE_X65Y163        FDCE (Remov_HFF_SLICEL_C_CLR)
                                                     -0.020     1.182    design_1_i/tpu_mnist_ip_0/inst/u_tpu_top/dbg_conv2_weight_load_cycles_o_reg[29]
  -------------------------------------------------------------------
                         required time                         -1.182    
                         arrival time                           2.792    
  -------------------------------------------------------------------
                         slack                                  1.610    

Slack (MET) :             1.610ns  (arrival time - required time)
  Source:                 design_1_i/rst_ps8_0_100M/U0/ACTIVE_LOW_PR_OUT_DFF[0].FDRE_PER_N/C
                            (rising edge-triggered cell FDRE clocked by clk_pl_0  {rise@0.000ns fall@5.000ns period=10.000ns})
  Destination:            design_1_i/tpu_mnist_ip_0/inst/u_tpu_top/dbg_conv2_weight_load_cycles_o_reg[30]/CLR
                            (removal check against rising-edge clock clk_pl_0  {rise@0.000ns fall@5.000ns period=10.000ns})
  Path Group:             **async_default**
  Path Type:              Removal (Min at Fast Process Corner)
  Requirement:            0.000ns  (clk_pl_0 rise@0.000ns - clk_pl_0 rise@0.000ns)
  Data Path Delay:        1.675ns  (logic 0.056ns (3.344%)  route 1.619ns (96.656%))
  Logic Levels:           1  (BUFGCE=1)
  Clock Path Skew:        0.085ns (DCD - SCD - CPR)
    Destination Clock Delay (DCD):    1.276ns
    Source Clock Delay      (SCD):    1.118ns
    Clock Pessimism Removal (CPR):    0.074ns
  Clock Net Delay (Source):      0.979ns (routing 0.311ns, distribution 0.668ns)
  Clock Net Delay (Destination): 1.104ns (routing 0.352ns, distribution 0.752ns)

    Location             Delay type                Incr(ns)  Path(ns)    Netlist Resource(s)
  -------------------------------------------------------------------    -------------------
                         (clock clk_pl_0 rise edge)
                                                      0.000     0.000 r  
    PS8_X0Y0             PS8                          0.000     0.000 r  design_1_i/zynq_ultra_ps_e_0/inst/PS8_i/PLCLK[0]
                         net (fo=1, routed)           0.122     0.122    design_1_i/zynq_ultra_ps_e_0/inst/pl_clk_unbuffered[0]
    BUFG_PS_X0Y80        BUFG_PS (Prop_BUFG_PS_I_O)
                                                      0.017     0.139 r  design_1_i/zynq_ultra_ps_e_0/inst/buffer_pl_clk_0.PL_CLK_0_BUFG/O
    X1Y2 (CLOCK_ROOT)    net (fo=5377, routed)        0.979     1.118    design_1_i/rst_ps8_0_100M/U0/slowest_sync_clk
    SLICE_X51Y216        FDRE                                         r  design_1_i/rst_ps8_0_100M/U0/ACTIVE_LOW_PR_OUT_DFF[0].FDRE_PER_N/C
  -------------------------------------------------------------------    -------------------
    SLICE_X51Y216        FDRE (Prop_AFF_SLICEL_C_Q)
                                                      0.039     1.157 r  design_1_i/rst_ps8_0_100M/U0/ACTIVE_LOW_PR_OUT_DFF[0].FDRE_PER_N/Q
                         net (fo=1, routed)           0.848     2.005    design_1_i/rst_ps8_0_100M/U0/peripheral_aresetn[0]_bufg_place
    BUFGCE_X1Y116        BUFGCE (Prop_BUFCE_BUFGCE_I_O)
                                                      0.017     2.022 r  design_1_i/rst_ps8_0_100M/U0/ACTIVE_LOW_PR_OUT_DFF[0].FDRE_PER_N_bufg_place/O
                         net (fo=4264, routed)        0.771     2.792    design_1_i/tpu_mnist_ip_0/inst/u_tpu_top/s_axi_aresetn
    SLICE_X65Y163        FDCE                                         f  design_1_i/tpu_mnist_ip_0/inst/u_tpu_top/dbg_conv2_weight_load_cycles_o_reg[30]/CLR  (IS_INVERTED)
  -------------------------------------------------------------------    -------------------

                         (clock clk_pl_0 rise edge)
                                                      0.000     0.000 r  
    PS8_X0Y0             PS8                          0.000     0.000 r  design_1_i/zynq_ultra_ps_e_0/inst/PS8_i/PLCLK[0]
                         net (fo=1, routed)           0.154     0.154    design_1_i/zynq_ultra_ps_e_0/inst/pl_clk_unbuffered[0]
    BUFG_PS_X0Y80        BUFG_PS (Prop_BUFG_PS_I_O)
                                                      0.018     0.172 r  design_1_i/zynq_ultra_ps_e_0/inst/buffer_pl_clk_0.PL_CLK_0_BUFG/O
    X1Y2 (CLOCK_ROOT)    net (fo=5377, routed)        1.104     1.276    design_1_i/tpu_mnist_ip_0/inst/u_tpu_top/s_axi_aclk
    SLICE_X65Y163        FDCE                                         r  design_1_i/tpu_mnist_ip_0/inst/u_tpu_top/dbg_conv2_weight_load_cycles_o_reg[30]/C
                         clock pessimism             -0.074     1.202    
    SLICE_X65Y163        FDCE (Remov_GFF_SLICEL_C_CLR)
                                                     -0.020     1.182    design_1_i/tpu_mnist_ip_0/inst/u_tpu_top/dbg_conv2_weight_load_cycles_o_reg[30]
  -------------------------------------------------------------------
                         required time                         -1.182    
                         arrival time                           2.792    
  -------------------------------------------------------------------
                         slack                                  1.610    

Slack (MET) :             1.614ns  (arrival time - required time)
  Source:                 design_1_i/rst_ps8_0_100M/U0/ACTIVE_LOW_PR_OUT_DFF[0].FDRE_PER_N/C
                            (rising edge-triggered cell FDRE clocked by clk_pl_0  {rise@0.000ns fall@5.000ns period=10.000ns})
  Destination:            design_1_i/tpu_mnist_ip_0/inst/u_tpu_top/dbg_conv2_weight_load_cycles_o_reg[11]/CLR
                            (removal check against rising-edge clock clk_pl_0  {rise@0.000ns fall@5.000ns period=10.000ns})
  Path Group:             **async_default**
  Path Type:              Removal (Min at Fast Process Corner)
  Requirement:            0.000ns  (clk_pl_0 rise@0.000ns - clk_pl_0 rise@0.000ns)
  Data Path Delay:        1.674ns  (logic 0.056ns (3.346%)  route 1.618ns (96.654%))
  Logic Levels:           1  (BUFGCE=1)
  Clock Path Skew:        0.080ns (DCD - SCD - CPR)
    Destination Clock Delay (DCD):    1.271ns
    Source Clock Delay      (SCD):    1.118ns
    Clock Pessimism Removal (CPR):    0.074ns
  Clock Net Delay (Source):      0.979ns (routing 0.311ns, distribution 0.668ns)
  Clock Net Delay (Destination): 1.099ns (routing 0.352ns, distribution 0.747ns)

    Location             Delay type                Incr(ns)  Path(ns)    Netlist Resource(s)
  -------------------------------------------------------------------    -------------------
                         (clock clk_pl_0 rise edge)
                                                      0.000     0.000 r  
    PS8_X0Y0             PS8                          0.000     0.000 r  design_1_i/zynq_ultra_ps_e_0/inst/PS8_i/PLCLK[0]
                         net (fo=1, routed)           0.122     0.122    design_1_i/zynq_ultra_ps_e_0/inst/pl_clk_unbuffered[0]
    BUFG_PS_X0Y80        BUFG_PS (Prop_BUFG_PS_I_O)
                                                      0.017     0.139 r  design_1_i/zynq_ultra_ps_e_0/inst/buffer_pl_clk_0.PL_CLK_0_BUFG/O
    X1Y2 (CLOCK_ROOT)    net (fo=5377, routed)        0.979     1.118    design_1_i/rst_ps8_0_100M/U0/slowest_sync_clk
    SLICE_X51Y216        FDRE                                         r  design_1_i/rst_ps8_0_100M/U0/ACTIVE_LOW_PR_OUT_DFF[0].FDRE_PER_N/C
  -------------------------------------------------------------------    -------------------
    SLICE_X51Y216        FDRE (Prop_AFF_SLICEL_C_Q)
                                                      0.039     1.157 r  design_1_i/rst_ps8_0_100M/U0/ACTIVE_LOW_PR_OUT_DFF[0].FDRE_PER_N/Q
                         net (fo=1, routed)           0.848     2.005    design_1_i/rst_ps8_0_100M/U0/peripheral_aresetn[0]_bufg_place
    BUFGCE_X1Y116        BUFGCE (Prop_BUFCE_BUFGCE_I_O)
                                                      0.017     2.022 r  design_1_i/rst_ps8_0_100M/U0/ACTIVE_LOW_PR_OUT_DFF[0].FDRE_PER_N_bufg_place/O
                         net (fo=4264, routed)        0.770     2.791    design_1_i/tpu_mnist_ip_0/inst/u_tpu_top/s_axi_aresetn
    SLICE_X65Y161        FDCE                                         f  design_1_i/tpu_mnist_ip_0/inst/u_tpu_top/dbg_conv2_weight_load_cycles_o_reg[11]/CLR  (IS_INVERTED)
  -------------------------------------------------------------------    -------------------

                         (clock clk_pl_0 rise edge)
                                                      0.000     0.000 r  
    PS8_X0Y0             PS8                          0.000     0.000 r  design_1_i/zynq_ultra_ps_e_0/inst/PS8_i/PLCLK[0]
                         net (fo=1, routed)           0.154     0.154    design_1_i/zynq_ultra_ps_e_0/inst/pl_clk_unbuffered[0]
    BUFG_PS_X0Y80        BUFG_PS (Prop_BUFG_PS_I_O)
                                                      0.018     0.172 r  design_1_i/zynq_ultra_ps_e_0/inst/buffer_pl_clk_0.PL_CLK_0_BUFG/O
    X1Y2 (CLOCK_ROOT)    net (fo=5377, routed)        1.099     1.271    design_1_i/tpu_mnist_ip_0/inst/u_tpu_top/s_axi_aclk
    SLICE_X65Y161        FDCE                                         r  design_1_i/tpu_mnist_ip_0/inst/u_tpu_top/dbg_conv2_weight_load_cycles_o_reg[11]/C
                         clock pessimism             -0.074     1.197    
    SLICE_X65Y161        FDCE (Remov_DFF_SLICEL_C_CLR)
                                                     -0.020     1.177    design_1_i/tpu_mnist_ip_0/inst/u_tpu_top/dbg_conv2_weight_load_cycles_o_reg[11]
  -------------------------------------------------------------------
                         required time                         -1.177    
                         arrival time                           2.791    
  -------------------------------------------------------------------
                         slack                                  1.614    





--------------------------------------------------------------------------------------
Path Group:  (none)
From Clock:  
  To Clock:  clk_pl_0

Max Delay             1 Endpoint
Min Delay             1 Endpoint
--------------------------------------------------------------------------------------


Max Delay Paths
--------------------------------------------------------------------------------------
Slack:                    inf
  Source:                 design_1_i/zynq_ultra_ps_e_0/inst/PS8_i/EMIOGPIOO[95]
                            (internal pin)
  Destination:            design_1_i/rst_ps8_0_100M/U0/EXT_LPF/ACTIVE_LOW_EXT.ACT_LO_EXT/syncstages_ff_reg[0]/D
                            (rising edge-triggered cell FDRE clocked by clk_pl_0  {rise@0.000ns fall@5.000ns period=10.000ns})
  Path Group:             (none)
  Path Type:              Setup (Max at Slow Process Corner)
  Data Path Delay:        0.940ns  (logic 0.152ns (16.170%)  route 0.788ns (83.830%))
  Logic Levels:           1  (LUT1=1)
  Clock Uncertainty:      0.127ns  ((TSJ^2 + DJ^2)^1/2) / 2 + PE
    Total System Jitter     (TSJ):    0.050ns
    Discrete Jitter          (DJ):    0.250ns
    Phase Error              (PE):    0.000ns
  Clock Net Delay (Destination): 1.582ns (routing 0.512ns, distribution 1.070ns)
  Timing Exception:       False Path

    Location             Delay type                Incr(ns)  Path(ns)    Netlist Resource(s)
  -------------------------------------------------------------------    -------------------
    PS8_X0Y0             PS8                          0.000     0.000 f  design_1_i/zynq_ultra_ps_e_0/inst/PS8_i/EMIOGPIOO[95]
                         net (fo=1, routed)           0.390     0.390    design_1_i/rst_ps8_0_100M/U0/EXT_LPF/ext_reset_in
    SLICE_X50Y233        LUT1 (Prop_H6LUT_SLICEM_I0_O)
                                                      0.152     0.542 r  design_1_i/rst_ps8_0_100M/U0/EXT_LPF/ACTIVE_LOW_EXT.ACT_LO_EXT_i_1/O
                         net (fo=1, routed)           0.398     0.940    design_1_i/rst_ps8_0_100M/U0/EXT_LPF/ACTIVE_LOW_EXT.ACT_LO_EXT/src_in
    SLICE_X50Y219        FDRE                                         r  design_1_i/rst_ps8_0_100M/U0/EXT_LPF/ACTIVE_LOW_EXT.ACT_LO_EXT/syncstages_ff_reg[0]/D
  -------------------------------------------------------------------    -------------------

                         (clock clk_pl_0 rise edge)
                                                      0.000     0.000 r  
    PS8_X0Y0             PS8                          0.000     0.000 r  design_1_i/zynq_ultra_ps_e_0/inst/PS8_i/PLCLK[0]
                         net (fo=1, routed)           0.143     0.143    design_1_i/zynq_ultra_ps_e_0/inst/pl_clk_unbuffered[0]
    BUFG_PS_X0Y80        BUFG_PS (Prop_BUFG_PS_I_O)
                                                      0.025     0.168 r  design_1_i/zynq_ultra_ps_e_0/inst/buffer_pl_clk_0.PL_CLK_0_BUFG/O
    X1Y2 (CLOCK_ROOT)    net (fo=5377, routed)        1.582     1.750    design_1_i/rst_ps8_0_100M/U0/EXT_LPF/ACTIVE_LOW_EXT.ACT_LO_EXT/dest_clk
    SLICE_X50Y219        FDRE                                         r  design_1_i/rst_ps8_0_100M/U0/EXT_LPF/ACTIVE_LOW_EXT.ACT_LO_EXT/syncstages_ff_reg[0]/C





Min Delay Paths
--------------------------------------------------------------------------------------
Slack:                    inf
  Source:                 design_1_i/zynq_ultra_ps_e_0/inst/PS8_i/EMIOGPIOO[95]
                            (internal pin)
  Destination:            design_1_i/rst_ps8_0_100M/U0/EXT_LPF/ACTIVE_LOW_EXT.ACT_LO_EXT/syncstages_ff_reg[0]/D
                            (rising edge-triggered cell FDRE clocked by clk_pl_0  {rise@0.000ns fall@5.000ns period=10.000ns})
  Path Group:             (none)
  Path Type:              Hold (Min at Fast Process Corner)
  Data Path Delay:        0.437ns  (logic 0.061ns (13.959%)  route 0.376ns (86.041%))
  Logic Levels:           1  (LUT1=1)
  Clock Uncertainty:      0.127ns  ((TSJ^2 + DJ^2)^1/2) / 2 + PE
    Total System Jitter     (TSJ):    0.050ns
    Discrete Jitter          (DJ):    0.250ns
    Phase Error              (PE):    0.000ns
  Clock Net Delay (Destination): 1.117ns (routing 0.352ns, distribution 0.765ns)
  Timing Exception:       False Path

    Location             Delay type                Incr(ns)  Path(ns)    Netlist Resource(s)
  -------------------------------------------------------------------    -------------------
    PS8_X0Y0             PS8                          0.000     0.000 f  design_1_i/zynq_ultra_ps_e_0/inst/PS8_i/EMIOGPIOO[95]
                         net (fo=1, routed)           0.200     0.200    design_1_i/rst_ps8_0_100M/U0/EXT_LPF/ext_reset_in
    SLICE_X50Y233        LUT1 (Prop_H6LUT_SLICEM_I0_O)
                                                      0.061     0.261 r  design_1_i/rst_ps8_0_100M/U0/EXT_LPF/ACTIVE_LOW_EXT.ACT_LO_EXT_i_1/O
                         net (fo=1, routed)           0.176     0.437    design_1_i/rst_ps8_0_100M/U0/EXT_LPF/ACTIVE_LOW_EXT.ACT_LO_EXT/src_in
    SLICE_X50Y219        FDRE                                         r  design_1_i/rst_ps8_0_100M/U0/EXT_LPF/ACTIVE_LOW_EXT.ACT_LO_EXT/syncstages_ff_reg[0]/D
  -------------------------------------------------------------------    -------------------

                         (clock clk_pl_0 rise edge)
                                                      0.000     0.000 r  
    PS8_X0Y0             PS8                          0.000     0.000 r  design_1_i/zynq_ultra_ps_e_0/inst/PS8_i/PLCLK[0]
                         net (fo=1, routed)           0.154     0.154    design_1_i/zynq_ultra_ps_e_0/inst/pl_clk_unbuffered[0]
    BUFG_PS_X0Y80        BUFG_PS (Prop_BUFG_PS_I_O)
                                                      0.018     0.172 r  design_1_i/zynq_ultra_ps_e_0/inst/buffer_pl_clk_0.PL_CLK_0_BUFG/O
    X1Y2 (CLOCK_ROOT)    net (fo=5377, routed)        1.117     1.289    design_1_i/rst_ps8_0_100M/U0/EXT_LPF/ACTIVE_LOW_EXT.ACT_LO_EXT/dest_clk
    SLICE_X50Y219        FDRE                                         r  design_1_i/rst_ps8_0_100M/U0/EXT_LPF/ACTIVE_LOW_EXT.ACT_LO_EXT/syncstages_ff_reg[0]/C





--------------------------------------------------------------------------------------
Path Group:  (none)
From Clock:  clk_pl_0
  To Clock:  clk_pl_0

Max Delay            28 Endpoints
Min Delay            28 Endpoints
--------------------------------------------------------------------------------------


Max Delay Paths
--------------------------------------------------------------------------------------
Slack:                    inf
  Source:                 design_1_i/axi_smc/inst/clk_map/psr_aclk/U0/ACTIVE_LOW_BSR_OUT_DFF[0].FDRE_BSR_N/C
                            (rising edge-triggered cell FDRE clocked by clk_pl_0  {rise@0.000ns fall@5.000ns period=10.000ns})
  Destination:            design_1_i/axi_smc/inst/s00_nodes/s00_w_node/inst/s_sc_xpm_cdc_async_rst_inst/arststages_ff_reg[0]/CLR
                            (recovery check against rising-edge clock clk_pl_0  {rise@0.000ns fall@5.000ns period=10.000ns})
  Path Group:             (none)
  Path Type:              Recovery (Max at Slow Process Corner)
  Data Path Delay:        1.462ns  (logic 0.079ns (5.404%)  route 1.383ns (94.596%))
  Logic Levels:           0  
  Clock Path Skew:        -0.303ns (DCD - SCD + CPR)
    Destination Clock Delay (DCD):    1.699ns
    Source Clock Delay      (SCD):    2.002ns
    Clock Pessimism Removal (CPR):    0.000ns
  Clock Uncertainty:      0.130ns  ((TSJ^2 + DJ^2)^1/2) / 2 + PE
    Total System Jitter     (TSJ):    0.071ns
    Discrete Jitter          (DJ):    0.250ns
    Phase Error              (PE):    0.000ns
  Clock Net Delay (Source):      1.794ns (routing 0.569ns, distribution 1.225ns)
  Clock Net Delay (Destination): 1.531ns (routing 0.512ns, distribution 1.019ns)
  Timing Exception:       False Path

    Location             Delay type                Incr(ns)  Path(ns)    Netlist Resource(s)
  -------------------------------------------------------------------    -------------------
                         (clock clk_pl_0 rise edge)
                                                      0.000     0.000 r  
    PS8_X0Y0             PS8                          0.000     0.000 r  design_1_i/zynq_ultra_ps_e_0/inst/PS8_i/PLCLK[0]
                         net (fo=1, routed)           0.180     0.180    design_1_i/zynq_ultra_ps_e_0/inst/pl_clk_unbuffered[0]
    BUFG_PS_X0Y80        BUFG_PS (Prop_BUFG_PS_I_O)
                                                      0.028     0.208 r  design_1_i/zynq_ultra_ps_e_0/inst/buffer_pl_clk_0.PL_CLK_0_BUFG/O
    X1Y2 (CLOCK_ROOT)    net (fo=5377, routed)        1.794     2.002    design_1_i/axi_smc/inst/clk_map/psr_aclk/U0/aclk
    SLICE_X51Y221        FDRE                                         r  design_1_i/axi_smc/inst/clk_map/psr_aclk/U0/ACTIVE_LOW_BSR_OUT_DFF[0].FDRE_BSR_N/C
  -------------------------------------------------------------------    -------------------
    SLICE_X51Y221        FDRE (Prop_DFF_SLICEL_C_Q)
                                                      0.079     2.081 r  design_1_i/axi_smc/inst/clk_map/psr_aclk/U0/ACTIVE_LOW_BSR_OUT_DFF[0].FDRE_BSR_N/Q
                         net (fo=27, routed)          1.383     3.464    design_1_i/axi_smc/inst/s00_nodes/s00_w_node/inst/s_sc_xpm_cdc_async_rst_inst/src_arst
    SLICE_X51Y139        FDCE                                         f  design_1_i/axi_smc/inst/s00_nodes/s00_w_node/inst/s_sc_xpm_cdc_async_rst_inst/arststages_ff_reg[0]/CLR  (IS_INVERTED)
  -------------------------------------------------------------------    -------------------

                         (clock clk_pl_0 rise edge)
                                                      0.000     0.000 r  
    PS8_X0Y0             PS8                          0.000     0.000 r  design_1_i/zynq_ultra_ps_e_0/inst/PS8_i/PLCLK[0]
                         net (fo=1, routed)           0.143     0.143    design_1_i/zynq_ultra_ps_e_0/inst/pl_clk_unbuffered[0]
    BUFG_PS_X0Y80        BUFG_PS (Prop_BUFG_PS_I_O)
                                                      0.025     0.168 r  design_1_i/zynq_ultra_ps_e_0/inst/buffer_pl_clk_0.PL_CLK_0_BUFG/O
    X1Y2 (CLOCK_ROOT)    net (fo=5377, routed)        1.531     1.699    design_1_i/axi_smc/inst/s00_nodes/s00_w_node/inst/s_sc_xpm_cdc_async_rst_inst/dest_clk
    SLICE_X51Y139        FDCE                                         r  design_1_i/axi_smc/inst/s00_nodes/s00_w_node/inst/s_sc_xpm_cdc_async_rst_inst/arststages_ff_reg[0]/C

Slack:                    inf
  Source:                 design_1_i/axi_smc/inst/clk_map/psr_aclk/U0/ACTIVE_LOW_BSR_OUT_DFF[0].FDRE_BSR_N/C
                            (rising edge-triggered cell FDRE clocked by clk_pl_0  {rise@0.000ns fall@5.000ns period=10.000ns})
  Destination:            design_1_i/axi_smc/inst/s00_nodes/s00_w_node/inst/s_sc_xpm_cdc_async_rst_inst/arststages_ff_reg[1]/CLR
                            (recovery check against rising-edge clock clk_pl_0  {rise@0.000ns fall@5.000ns period=10.000ns})
  Path Group:             (none)
  Path Type:              Recovery (Max at Slow Process Corner)
  Data Path Delay:        1.462ns  (logic 0.079ns (5.404%)  route 1.383ns (94.596%))
  Logic Levels:           0  
  Clock Path Skew:        -0.303ns (DCD - SCD + CPR)
    Destination Clock Delay (DCD):    1.699ns
    Source Clock Delay      (SCD):    2.002ns
    Clock Pessimism Removal (CPR):    0.000ns
  Clock Uncertainty:      0.130ns  ((TSJ^2 + DJ^2)^1/2) / 2 + PE
    Total System Jitter     (TSJ):    0.071ns
    Discrete Jitter          (DJ):    0.250ns
    Phase Error              (PE):    0.000ns
  Clock Net Delay (Source):      1.794ns (routing 0.569ns, distribution 1.225ns)
  Clock Net Delay (Destination): 1.531ns (routing 0.512ns, distribution 1.019ns)
  Timing Exception:       False Path

    Location             Delay type                Incr(ns)  Path(ns)    Netlist Resource(s)
  -------------------------------------------------------------------    -------------------
                         (clock clk_pl_0 rise edge)
                                                      0.000     0.000 r  
    PS8_X0Y0             PS8                          0.000     0.000 r  design_1_i/zynq_ultra_ps_e_0/inst/PS8_i/PLCLK[0]
                         net (fo=1, routed)           0.180     0.180    design_1_i/zynq_ultra_ps_e_0/inst/pl_clk_unbuffered[0]
    BUFG_PS_X0Y80        BUFG_PS (Prop_BUFG_PS_I_O)
                                                      0.028     0.208 r  design_1_i/zynq_ultra_ps_e_0/inst/buffer_pl_clk_0.PL_CLK_0_BUFG/O
    X1Y2 (CLOCK_ROOT)    net (fo=5377, routed)        1.794     2.002    design_1_i/axi_smc/inst/clk_map/psr_aclk/U0/aclk
    SLICE_X51Y221        FDRE                                         r  design_1_i/axi_smc/inst/clk_map/psr_aclk/U0/ACTIVE_LOW_BSR_OUT_DFF[0].FDRE_BSR_N/C
  -------------------------------------------------------------------    -------------------
    SLICE_X51Y221        FDRE (Prop_DFF_SLICEL_C_Q)
                                                      0.079     2.081 r  design_1_i/axi_smc/inst/clk_map/psr_aclk/U0/ACTIVE_LOW_BSR_OUT_DFF[0].FDRE_BSR_N/Q
                         net (fo=27, routed)          1.383     3.464    design_1_i/axi_smc/inst/s00_nodes/s00_w_node/inst/s_sc_xpm_cdc_async_rst_inst/src_arst
    SLICE_X51Y139        FDCE                                         f  design_1_i/axi_smc/inst/s00_nodes/s00_w_node/inst/s_sc_xpm_cdc_async_rst_inst/arststages_ff_reg[1]/CLR  (IS_INVERTED)
  -------------------------------------------------------------------    -------------------

                         (clock clk_pl_0 rise edge)
                                                      0.000     0.000 r  
    PS8_X0Y0             PS8                          0.000     0.000 r  design_1_i/zynq_ultra_ps_e_0/inst/PS8_i/PLCLK[0]
                         net (fo=1, routed)           0.143     0.143    design_1_i/zynq_ultra_ps_e_0/inst/pl_clk_unbuffered[0]
    BUFG_PS_X0Y80        BUFG_PS (Prop_BUFG_PS_I_O)
                                                      0.025     0.168 r  design_1_i/zynq_ultra_ps_e_0/inst/buffer_pl_clk_0.PL_CLK_0_BUFG/O
    X1Y2 (CLOCK_ROOT)    net (fo=5377, routed)        1.531     1.699    design_1_i/axi_smc/inst/s00_nodes/s00_w_node/inst/s_sc_xpm_cdc_async_rst_inst/dest_clk
    SLICE_X51Y139        FDCE                                         r  design_1_i/axi_smc/inst/s00_nodes/s00_w_node/inst/s_sc_xpm_cdc_async_rst_inst/arststages_ff_reg[1]/C

Slack:                    inf
  Source:                 design_1_i/axi_smc/inst/clk_map/psr_aclk/U0/ACTIVE_LOW_BSR_OUT_DFF[0].FDRE_BSR_N/C
                            (rising edge-triggered cell FDRE clocked by clk_pl_0  {rise@0.000ns fall@5.000ns period=10.000ns})
  Destination:            design_1_i/axi_smc/inst/s00_nodes/s00_w_node/inst/s_sc_xpm_cdc_async_rst_inst/arststages_ff_reg[2]/CLR
                            (recovery check against rising-edge clock clk_pl_0  {rise@0.000ns fall@5.000ns period=10.000ns})
  Path Group:             (none)
  Path Type:              Recovery (Max at Slow Process Corner)
  Data Path Delay:        1.462ns  (logic 0.079ns (5.404%)  route 1.383ns (94.596%))
  Logic Levels:           0  
  Clock Path Skew:        -0.303ns (DCD - SCD + CPR)
    Destination Clock Delay (DCD):    1.699ns
    Source Clock Delay      (SCD):    2.002ns
    Clock Pessimism Removal (CPR):    0.000ns
  Clock Uncertainty:      0.130ns  ((TSJ^2 + DJ^2)^1/2) / 2 + PE
    Total System Jitter     (TSJ):    0.071ns
    Discrete Jitter          (DJ):    0.250ns
    Phase Error              (PE):    0.000ns
  Clock Net Delay (Source):      1.794ns (routing 0.569ns, distribution 1.225ns)
  Clock Net Delay (Destination): 1.531ns (routing 0.512ns, distribution 1.019ns)
  Timing Exception:       False Path

    Location             Delay type                Incr(ns)  Path(ns)    Netlist Resource(s)
  -------------------------------------------------------------------    -------------------
                         (clock clk_pl_0 rise edge)
                                                      0.000     0.000 r  
    PS8_X0Y0             PS8                          0.000     0.000 r  design_1_i/zynq_ultra_ps_e_0/inst/PS8_i/PLCLK[0]
                         net (fo=1, routed)           0.180     0.180    design_1_i/zynq_ultra_ps_e_0/inst/pl_clk_unbuffered[0]
    BUFG_PS_X0Y80        BUFG_PS (Prop_BUFG_PS_I_O)
                                                      0.028     0.208 r  design_1_i/zynq_ultra_ps_e_0/inst/buffer_pl_clk_0.PL_CLK_0_BUFG/O
    X1Y2 (CLOCK_ROOT)    net (fo=5377, routed)        1.794     2.002    design_1_i/axi_smc/inst/clk_map/psr_aclk/U0/aclk
    SLICE_X51Y221        FDRE                                         r  design_1_i/axi_smc/inst/clk_map/psr_aclk/U0/ACTIVE_LOW_BSR_OUT_DFF[0].FDRE_BSR_N/C
  -------------------------------------------------------------------    -------------------
    SLICE_X51Y221        FDRE (Prop_DFF_SLICEL_C_Q)
                                                      0.079     2.081 r  design_1_i/axi_smc/inst/clk_map/psr_aclk/U0/ACTIVE_LOW_BSR_OUT_DFF[0].FDRE_BSR_N/Q
                         net (fo=27, routed)          1.383     3.464    design_1_i/axi_smc/inst/s00_nodes/s00_w_node/inst/s_sc_xpm_cdc_async_rst_inst/src_arst
    SLICE_X51Y139        FDCE                                         f  design_1_i/axi_smc/inst/s00_nodes/s00_w_node/inst/s_sc_xpm_cdc_async_rst_inst/arststages_ff_reg[2]/CLR  (IS_INVERTED)
  -------------------------------------------------------------------    -------------------

                         (clock clk_pl_0 rise edge)
                                                      0.000     0.000 r  
    PS8_X0Y0             PS8                          0.000     0.000 r  design_1_i/zynq_ultra_ps_e_0/inst/PS8_i/PLCLK[0]
                         net (fo=1, routed)           0.143     0.143    design_1_i/zynq_ultra_ps_e_0/inst/pl_clk_unbuffered[0]
    BUFG_PS_X0Y80        BUFG_PS (Prop_BUFG_PS_I_O)
                                                      0.025     0.168 r  design_1_i/zynq_ultra_ps_e_0/inst/buffer_pl_clk_0.PL_CLK_0_BUFG/O
    X1Y2 (CLOCK_ROOT)    net (fo=5377, routed)        1.531     1.699    design_1_i/axi_smc/inst/s00_nodes/s00_w_node/inst/s_sc_xpm_cdc_async_rst_inst/dest_clk
    SLICE_X51Y139        FDCE                                         r  design_1_i/axi_smc/inst/s00_nodes/s00_w_node/inst/s_sc_xpm_cdc_async_rst_inst/arststages_ff_reg[2]/C

Slack:                    inf
  Source:                 design_1_i/axi_smc/inst/clk_map/psr_aclk/U0/ACTIVE_LOW_BSR_OUT_DFF[0].FDRE_BSR_N/C
                            (rising edge-triggered cell FDRE clocked by clk_pl_0  {rise@0.000ns fall@5.000ns period=10.000ns})
  Destination:            design_1_i/axi_smc/inst/s00_nodes/s00_aw_node/inst/s_sc_xpm_cdc_async_rst_inst/arststages_ff_reg[0]/CLR
                            (recovery check against rising-edge clock clk_pl_0  {rise@0.000ns fall@5.000ns period=10.000ns})
  Path Group:             (none)
  Path Type:              Recovery (Max at Slow Process Corner)
  Data Path Delay:        1.453ns  (logic 0.079ns (5.437%)  route 1.374ns (94.563%))
  Logic Levels:           0  
  Clock Path Skew:        -0.295ns (DCD - SCD + CPR)
    Destination Clock Delay (DCD):    1.707ns
    Source Clock Delay      (SCD):    2.002ns
    Clock Pessimism Removal (CPR):    0.000ns
  Clock Uncertainty:      0.130ns  ((TSJ^2 + DJ^2)^1/2) / 2 + PE
    Total System Jitter     (TSJ):    0.071ns
    Discrete Jitter          (DJ):    0.250ns
    Phase Error              (PE):    0.000ns
  Clock Net Delay (Source):      1.794ns (routing 0.569ns, distribution 1.225ns)
  Clock Net Delay (Destination): 1.539ns (routing 0.512ns, distribution 1.027ns)
  Timing Exception:       False Path

    Location             Delay type                Incr(ns)  Path(ns)    Netlist Resource(s)
  -------------------------------------------------------------------    -------------------
                         (clock clk_pl_0 rise edge)
                                                      0.000     0.000 r  
    PS8_X0Y0             PS8                          0.000     0.000 r  design_1_i/zynq_ultra_ps_e_0/inst/PS8_i/PLCLK[0]
                         net (fo=1, routed)           0.180     0.180    design_1_i/zynq_ultra_ps_e_0/inst/pl_clk_unbuffered[0]
    BUFG_PS_X0Y80        BUFG_PS (Prop_BUFG_PS_I_O)
                                                      0.028     0.208 r  design_1_i/zynq_ultra_ps_e_0/inst/buffer_pl_clk_0.PL_CLK_0_BUFG/O
    X1Y2 (CLOCK_ROOT)    net (fo=5377, routed)        1.794     2.002    design_1_i/axi_smc/inst/clk_map/psr_aclk/U0/aclk
    SLICE_X51Y221        FDRE                                         r  design_1_i/axi_smc/inst/clk_map/psr_aclk/U0/ACTIVE_LOW_BSR_OUT_DFF[0].FDRE_BSR_N/C
  -------------------------------------------------------------------    -------------------
    SLICE_X51Y221        FDRE (Prop_DFF_SLICEL_C_Q)
                                                      0.079     2.081 r  design_1_i/axi_smc/inst/clk_map/psr_aclk/U0/ACTIVE_LOW_BSR_OUT_DFF[0].FDRE_BSR_N/Q
                         net (fo=27, routed)          1.374     3.455    design_1_i/axi_smc/inst/s00_nodes/s00_aw_node/inst/s_sc_xpm_cdc_async_rst_inst/src_arst
    SLICE_X53Y138        FDCE                                         f  design_1_i/axi_smc/inst/s00_nodes/s00_aw_node/inst/s_sc_xpm_cdc_async_rst_inst/arststages_ff_reg[0]/CLR  (IS_INVERTED)
  -------------------------------------------------------------------    -------------------

                         (clock clk_pl_0 rise edge)
                                                      0.000     0.000 r  
    PS8_X0Y0             PS8                          0.000     0.000 r  design_1_i/zynq_ultra_ps_e_0/inst/PS8_i/PLCLK[0]
                         net (fo=1, routed)           0.143     0.143    design_1_i/zynq_ultra_ps_e_0/inst/pl_clk_unbuffered[0]
    BUFG_PS_X0Y80        BUFG_PS (Prop_BUFG_PS_I_O)
                                                      0.025     0.168 r  design_1_i/zynq_ultra_ps_e_0/inst/buffer_pl_clk_0.PL_CLK_0_BUFG/O
    X1Y2 (CLOCK_ROOT)    net (fo=5377, routed)        1.539     1.707    design_1_i/axi_smc/inst/s00_nodes/s00_aw_node/inst/s_sc_xpm_cdc_async_rst_inst/dest_clk
    SLICE_X53Y138        FDCE                                         r  design_1_i/axi_smc/inst/s00_nodes/s00_aw_node/inst/s_sc_xpm_cdc_async_rst_inst/arststages_ff_reg[0]/C

Slack:                    inf
  Source:                 design_1_i/axi_smc/inst/clk_map/psr_aclk/U0/ACTIVE_LOW_BSR_OUT_DFF[0].FDRE_BSR_N/C
                            (rising edge-triggered cell FDRE clocked by clk_pl_0  {rise@0.000ns fall@5.000ns period=10.000ns})
  Destination:            design_1_i/axi_smc/inst/s00_nodes/s00_aw_node/inst/s_sc_xpm_cdc_async_rst_inst/arststages_ff_reg[1]/CLR
                            (recovery check against rising-edge clock clk_pl_0  {rise@0.000ns fall@5.000ns period=10.000ns})
  Path Group:             (none)
  Path Type:              Recovery (Max at Slow Process Corner)
  Data Path Delay:        1.453ns  (logic 0.079ns (5.437%)  route 1.374ns (94.563%))
  Logic Levels:           0  
  Clock Path Skew:        -0.295ns (DCD - SCD + CPR)
    Destination Clock Delay (DCD):    1.707ns
    Source Clock Delay      (SCD):    2.002ns
    Clock Pessimism Removal (CPR):    0.000ns
  Clock Uncertainty:      0.130ns  ((TSJ^2 + DJ^2)^1/2) / 2 + PE
    Total System Jitter     (TSJ):    0.071ns
    Discrete Jitter          (DJ):    0.250ns
    Phase Error              (PE):    0.000ns
  Clock Net Delay (Source):      1.794ns (routing 0.569ns, distribution 1.225ns)
  Clock Net Delay (Destination): 1.539ns (routing 0.512ns, distribution 1.027ns)
  Timing Exception:       False Path

    Location             Delay type                Incr(ns)  Path(ns)    Netlist Resource(s)
  -------------------------------------------------------------------    -------------------
                         (clock clk_pl_0 rise edge)
                                                      0.000     0.000 r  
    PS8_X0Y0             PS8                          0.000     0.000 r  design_1_i/zynq_ultra_ps_e_0/inst/PS8_i/PLCLK[0]
                         net (fo=1, routed)           0.180     0.180    design_1_i/zynq_ultra_ps_e_0/inst/pl_clk_unbuffered[0]
    BUFG_PS_X0Y80        BUFG_PS (Prop_BUFG_PS_I_O)
                                                      0.028     0.208 r  design_1_i/zynq_ultra_ps_e_0/inst/buffer_pl_clk_0.PL_CLK_0_BUFG/O
    X1Y2 (CLOCK_ROOT)    net (fo=5377, routed)        1.794     2.002    design_1_i/axi_smc/inst/clk_map/psr_aclk/U0/aclk
    SLICE_X51Y221        FDRE                                         r  design_1_i/axi_smc/inst/clk_map/psr_aclk/U0/ACTIVE_LOW_BSR_OUT_DFF[0].FDRE_BSR_N/C
  -------------------------------------------------------------------    -------------------
    SLICE_X51Y221        FDRE (Prop_DFF_SLICEL_C_Q)
                                                      0.079     2.081 r  design_1_i/axi_smc/inst/clk_map/psr_aclk/U0/ACTIVE_LOW_BSR_OUT_DFF[0].FDRE_BSR_N/Q
                         net (fo=27, routed)          1.374     3.455    design_1_i/axi_smc/inst/s00_nodes/s00_aw_node/inst/s_sc_xpm_cdc_async_rst_inst/src_arst
    SLICE_X53Y138        FDCE                                         f  design_1_i/axi_smc/inst/s00_nodes/s00_aw_node/inst/s_sc_xpm_cdc_async_rst_inst/arststages_ff_reg[1]/CLR  (IS_INVERTED)
  -------------------------------------------------------------------    -------------------

                         (clock clk_pl_0 rise edge)
                                                      0.000     0.000 r  
    PS8_X0Y0             PS8                          0.000     0.000 r  design_1_i/zynq_ultra_ps_e_0/inst/PS8_i/PLCLK[0]
                         net (fo=1, routed)           0.143     0.143    design_1_i/zynq_ultra_ps_e_0/inst/pl_clk_unbuffered[0]
    BUFG_PS_X0Y80        BUFG_PS (Prop_BUFG_PS_I_O)
                                                      0.025     0.168 r  design_1_i/zynq_ultra_ps_e_0/inst/buffer_pl_clk_0.PL_CLK_0_BUFG/O
    X1Y2 (CLOCK_ROOT)    net (fo=5377, routed)        1.539     1.707    design_1_i/axi_smc/inst/s00_nodes/s00_aw_node/inst/s_sc_xpm_cdc_async_rst_inst/dest_clk
    SLICE_X53Y138        FDCE                                         r  design_1_i/axi_smc/inst/s00_nodes/s00_aw_node/inst/s_sc_xpm_cdc_async_rst_inst/arststages_ff_reg[1]/C

Slack:                    inf
  Source:                 design_1_i/axi_smc/inst/clk_map/psr_aclk/U0/ACTIVE_LOW_BSR_OUT_DFF[0].FDRE_BSR_N/C
                            (rising edge-triggered cell FDRE clocked by clk_pl_0  {rise@0.000ns fall@5.000ns period=10.000ns})
  Destination:            design_1_i/axi_smc/inst/s00_nodes/s00_aw_node/inst/s_sc_xpm_cdc_async_rst_inst/arststages_ff_reg[2]/CLR
                            (recovery check against rising-edge clock clk_pl_0  {rise@0.000ns fall@5.000ns period=10.000ns})
  Path Group:             (none)
  Path Type:              Recovery (Max at Slow Process Corner)
  Data Path Delay:        1.453ns  (logic 0.079ns (5.437%)  route 1.374ns (94.563%))
  Logic Levels:           0  
  Clock Path Skew:        -0.295ns (DCD - SCD + CPR)
    Destination Clock Delay (DCD):    1.707ns
    Source Clock Delay      (SCD):    2.002ns
    Clock Pessimism Removal (CPR):    0.000ns
  Clock Uncertainty:      0.130ns  ((TSJ^2 + DJ^2)^1/2) / 2 + PE
    Total System Jitter     (TSJ):    0.071ns
    Discrete Jitter          (DJ):    0.250ns
    Phase Error              (PE):    0.000ns
  Clock Net Delay (Source):      1.794ns (routing 0.569ns, distribution 1.225ns)
  Clock Net Delay (Destination): 1.539ns (routing 0.512ns, distribution 1.027ns)
  Timing Exception:       False Path

    Location             Delay type                Incr(ns)  Path(ns)    Netlist Resource(s)
  -------------------------------------------------------------------    -------------------
                         (clock clk_pl_0 rise edge)
                                                      0.000     0.000 r  
    PS8_X0Y0             PS8                          0.000     0.000 r  design_1_i/zynq_ultra_ps_e_0/inst/PS8_i/PLCLK[0]
                         net (fo=1, routed)           0.180     0.180    design_1_i/zynq_ultra_ps_e_0/inst/pl_clk_unbuffered[0]
    BUFG_PS_X0Y80        BUFG_PS (Prop_BUFG_PS_I_O)
                                                      0.028     0.208 r  design_1_i/zynq_ultra_ps_e_0/inst/buffer_pl_clk_0.PL_CLK_0_BUFG/O
    X1Y2 (CLOCK_ROOT)    net (fo=5377, routed)        1.794     2.002    design_1_i/axi_smc/inst/clk_map/psr_aclk/U0/aclk
    SLICE_X51Y221        FDRE                                         r  design_1_i/axi_smc/inst/clk_map/psr_aclk/U0/ACTIVE_LOW_BSR_OUT_DFF[0].FDRE_BSR_N/C
  -------------------------------------------------------------------    -------------------
    SLICE_X51Y221        FDRE (Prop_DFF_SLICEL_C_Q)
                                                      0.079     2.081 r  design_1_i/axi_smc/inst/clk_map/psr_aclk/U0/ACTIVE_LOW_BSR_OUT_DFF[0].FDRE_BSR_N/Q
                         net (fo=27, routed)          1.374     3.455    design_1_i/axi_smc/inst/s00_nodes/s00_aw_node/inst/s_sc_xpm_cdc_async_rst_inst/src_arst
    SLICE_X53Y138        FDCE                                         f  design_1_i/axi_smc/inst/s00_nodes/s00_aw_node/inst/s_sc_xpm_cdc_async_rst_inst/arststages_ff_reg[2]/CLR  (IS_INVERTED)
  -------------------------------------------------------------------    -------------------

                         (clock clk_pl_0 rise edge)
                                                      0.000     0.000 r  
    PS8_X0Y0             PS8                          0.000     0.000 r  design_1_i/zynq_ultra_ps_e_0/inst/PS8_i/PLCLK[0]
                         net (fo=1, routed)           0.143     0.143    design_1_i/zynq_ultra_ps_e_0/inst/pl_clk_unbuffered[0]
    BUFG_PS_X0Y80        BUFG_PS (Prop_BUFG_PS_I_O)
                                                      0.025     0.168 r  design_1_i/zynq_ultra_ps_e_0/inst/buffer_pl_clk_0.PL_CLK_0_BUFG/O
    X1Y2 (CLOCK_ROOT)    net (fo=5377, routed)        1.539     1.707    design_1_i/axi_smc/inst/s00_nodes/s00_aw_node/inst/s_sc_xpm_cdc_async_rst_inst/dest_clk
    SLICE_X53Y138        FDCE                                         r  design_1_i/axi_smc/inst/s00_nodes/s00_aw_node/inst/s_sc_xpm_cdc_async_rst_inst/arststages_ff_reg[2]/C

Slack:                    inf
  Source:                 design_1_i/axi_smc/inst/clk_map/psr_aclk/U0/ACTIVE_LOW_BSR_OUT_DFF[0].FDRE_BSR_N/C
                            (rising edge-triggered cell FDRE clocked by clk_pl_0  {rise@0.000ns fall@5.000ns period=10.000ns})
  Destination:            design_1_i/axi_smc/inst/s00_entry_pipeline/s00_mmu/inst/xpm_cdc_async_rst_inst/arststages_ff_reg[0]/CLR
                            (recovery check against rising-edge clock clk_pl_0  {rise@0.000ns fall@5.000ns period=10.000ns})
  Path Group:             (none)
  Path Type:              Recovery (Max at Slow Process Corner)
  Data Path Delay:        1.450ns  (logic 0.079ns (5.447%)  route 1.371ns (94.553%))
  Logic Levels:           0  
  Clock Path Skew:        -0.309ns (DCD - SCD + CPR)
    Destination Clock Delay (DCD):    1.693ns
    Source Clock Delay      (SCD):    2.002ns
    Clock Pessimism Removal (CPR):    0.000ns
  Clock Uncertainty:      0.130ns  ((TSJ^2 + DJ^2)^1/2) / 2 + PE
    Total System Jitter     (TSJ):    0.071ns
    Discrete Jitter          (DJ):    0.250ns
    Phase Error              (PE):    0.000ns
  Clock Net Delay (Source):      1.794ns (routing 0.569ns, distribution 1.225ns)
  Clock Net Delay (Destination): 1.525ns (routing 0.512ns, distribution 1.013ns)
  Timing Exception:       False Path

    Location             Delay type                Incr(ns)  Path(ns)    Netlist Resource(s)
  -------------------------------------------------------------------    -------------------
                         (clock clk_pl_0 rise edge)
                                                      0.000     0.000 r  
    PS8_X0Y0             PS8                          0.000     0.000 r  design_1_i/zynq_ultra_ps_e_0/inst/PS8_i/PLCLK[0]
                         net (fo=1, routed)           0.180     0.180    design_1_i/zynq_ultra_ps_e_0/inst/pl_clk_unbuffered[0]
    BUFG_PS_X0Y80        BUFG_PS (Prop_BUFG_PS_I_O)
                                                      0.028     0.208 r  design_1_i/zynq_ultra_ps_e_0/inst/buffer_pl_clk_0.PL_CLK_0_BUFG/O
    X1Y2 (CLOCK_ROOT)    net (fo=5377, routed)        1.794     2.002    design_1_i/axi_smc/inst/clk_map/psr_aclk/U0/aclk
    SLICE_X51Y221        FDRE                                         r  design_1_i/axi_smc/inst/clk_map/psr_aclk/U0/ACTIVE_LOW_BSR_OUT_DFF[0].FDRE_BSR_N/C
  -------------------------------------------------------------------    -------------------
    SLICE_X51Y221        FDRE (Prop_DFF_SLICEL_C_Q)
                                                      0.079     2.081 r  design_1_i/axi_smc/inst/clk_map/psr_aclk/U0/ACTIVE_LOW_BSR_OUT_DFF[0].FDRE_BSR_N/Q
                         net (fo=27, routed)          1.371     3.452    design_1_i/axi_smc/inst/s00_entry_pipeline/s00_mmu/inst/xpm_cdc_async_rst_inst/src_arst
    SLICE_X50Y147        FDCE                                         f  design_1_i/axi_smc/inst/s00_entry_pipeline/s00_mmu/inst/xpm_cdc_async_rst_inst/arststages_ff_reg[0]/CLR  (IS_INVERTED)
  -------------------------------------------------------------------    -------------------

                         (clock clk_pl_0 rise edge)
                                                      0.000     0.000 r  
    PS8_X0Y0             PS8                          0.000     0.000 r  design_1_i/zynq_ultra_ps_e_0/inst/PS8_i/PLCLK[0]
                         net (fo=1, routed)           0.143     0.143    design_1_i/zynq_ultra_ps_e_0/inst/pl_clk_unbuffered[0]
    BUFG_PS_X0Y80        BUFG_PS (Prop_BUFG_PS_I_O)
                                                      0.025     0.168 r  design_1_i/zynq_ultra_ps_e_0/inst/buffer_pl_clk_0.PL_CLK_0_BUFG/O
    X1Y2 (CLOCK_ROOT)    net (fo=5377, routed)        1.525     1.693    design_1_i/axi_smc/inst/s00_entry_pipeline/s00_mmu/inst/xpm_cdc_async_rst_inst/dest_clk
    SLICE_X50Y147        FDCE                                         r  design_1_i/axi_smc/inst/s00_entry_pipeline/s00_mmu/inst/xpm_cdc_async_rst_inst/arststages_ff_reg[0]/C

Slack:                    inf
  Source:                 design_1_i/axi_smc/inst/clk_map/psr_aclk/U0/ACTIVE_LOW_BSR_OUT_DFF[0].FDRE_BSR_N/C
                            (rising edge-triggered cell FDRE clocked by clk_pl_0  {rise@0.000ns fall@5.000ns period=10.000ns})
  Destination:            design_1_i/axi_smc/inst/s00_entry_pipeline/s00_mmu/inst/xpm_cdc_async_rst_inst/arststages_ff_reg[1]/CLR
                            (recovery check against rising-edge clock clk_pl_0  {rise@0.000ns fall@5.000ns period=10.000ns})
  Path Group:             (none)
  Path Type:              Recovery (Max at Slow Process Corner)
  Data Path Delay:        1.450ns  (logic 0.079ns (5.447%)  route 1.371ns (94.553%))
  Logic Levels:           0  
  Clock Path Skew:        -0.309ns (DCD - SCD + CPR)
    Destination Clock Delay (DCD):    1.693ns
    Source Clock Delay      (SCD):    2.002ns
    Clock Pessimism Removal (CPR):    0.000ns
  Clock Uncertainty:      0.130ns  ((TSJ^2 + DJ^2)^1/2) / 2 + PE
    Total System Jitter     (TSJ):    0.071ns
    Discrete Jitter          (DJ):    0.250ns
    Phase Error              (PE):    0.000ns
  Clock Net Delay (Source):      1.794ns (routing 0.569ns, distribution 1.225ns)
  Clock Net Delay (Destination): 1.525ns (routing 0.512ns, distribution 1.013ns)
  Timing Exception:       False Path

    Location             Delay type                Incr(ns)  Path(ns)    Netlist Resource(s)
  -------------------------------------------------------------------    -------------------
                         (clock clk_pl_0 rise edge)
                                                      0.000     0.000 r  
    PS8_X0Y0             PS8                          0.000     0.000 r  design_1_i/zynq_ultra_ps_e_0/inst/PS8_i/PLCLK[0]
                         net (fo=1, routed)           0.180     0.180    design_1_i/zynq_ultra_ps_e_0/inst/pl_clk_unbuffered[0]
    BUFG_PS_X0Y80        BUFG_PS (Prop_BUFG_PS_I_O)
                                                      0.028     0.208 r  design_1_i/zynq_ultra_ps_e_0/inst/buffer_pl_clk_0.PL_CLK_0_BUFG/O
    X1Y2 (CLOCK_ROOT)    net (fo=5377, routed)        1.794     2.002    design_1_i/axi_smc/inst/clk_map/psr_aclk/U0/aclk
    SLICE_X51Y221        FDRE                                         r  design_1_i/axi_smc/inst/clk_map/psr_aclk/U0/ACTIVE_LOW_BSR_OUT_DFF[0].FDRE_BSR_N/C
  -------------------------------------------------------------------    -------------------
    SLICE_X51Y221        FDRE (Prop_DFF_SLICEL_C_Q)
                                                      0.079     2.081 r  design_1_i/axi_smc/inst/clk_map/psr_aclk/U0/ACTIVE_LOW_BSR_OUT_DFF[0].FDRE_BSR_N/Q
                         net (fo=27, routed)          1.371     3.452    design_1_i/axi_smc/inst/s00_entry_pipeline/s00_mmu/inst/xpm_cdc_async_rst_inst/src_arst
    SLICE_X50Y147        FDCE                                         f  design_1_i/axi_smc/inst/s00_entry_pipeline/s00_mmu/inst/xpm_cdc_async_rst_inst/arststages_ff_reg[1]/CLR  (IS_INVERTED)
  -------------------------------------------------------------------    -------------------

                         (clock clk_pl_0 rise edge)
                                                      0.000     0.000 r  
    PS8_X0Y0             PS8                          0.000     0.000 r  design_1_i/zynq_ultra_ps_e_0/inst/PS8_i/PLCLK[0]
                         net (fo=1, routed)           0.143     0.143    design_1_i/zynq_ultra_ps_e_0/inst/pl_clk_unbuffered[0]
    BUFG_PS_X0Y80        BUFG_PS (Prop_BUFG_PS_I_O)
                                                      0.025     0.168 r  design_1_i/zynq_ultra_ps_e_0/inst/buffer_pl_clk_0.PL_CLK_0_BUFG/O
    X1Y2 (CLOCK_ROOT)    net (fo=5377, routed)        1.525     1.693    design_1_i/axi_smc/inst/s00_entry_pipeline/s00_mmu/inst/xpm_cdc_async_rst_inst/dest_clk
    SLICE_X50Y147        FDCE                                         r  design_1_i/axi_smc/inst/s00_entry_pipeline/s00_mmu/inst/xpm_cdc_async_rst_inst/arststages_ff_reg[1]/C

Slack:                    inf
  Source:                 design_1_i/axi_smc/inst/clk_map/psr_aclk/U0/ACTIVE_LOW_BSR_OUT_DFF[0].FDRE_BSR_N/C
                            (rising edge-triggered cell FDRE clocked by clk_pl_0  {rise@0.000ns fall@5.000ns period=10.000ns})
  Destination:            design_1_i/axi_smc/inst/s00_entry_pipeline/s00_mmu/inst/xpm_cdc_async_rst_inst/arststages_ff_reg[2]/CLR
                            (recovery check against rising-edge clock clk_pl_0  {rise@0.000ns fall@5.000ns period=10.000ns})
  Path Group:             (none)
  Path Type:              Recovery (Max at Slow Process Corner)
  Data Path Delay:        1.450ns  (logic 0.079ns (5.447%)  route 1.371ns (94.553%))
  Logic Levels:           0  
  Clock Path Skew:        -0.309ns (DCD - SCD + CPR)
    Destination Clock Delay (DCD):    1.693ns
    Source Clock Delay      (SCD):    2.002ns
    Clock Pessimism Removal (CPR):    0.000ns
  Clock Uncertainty:      0.130ns  ((TSJ^2 + DJ^2)^1/2) / 2 + PE
    Total System Jitter     (TSJ):    0.071ns
    Discrete Jitter          (DJ):    0.250ns
    Phase Error              (PE):    0.000ns
  Clock Net Delay (Source):      1.794ns (routing 0.569ns, distribution 1.225ns)
  Clock Net Delay (Destination): 1.525ns (routing 0.512ns, distribution 1.013ns)
  Timing Exception:       False Path

    Location             Delay type                Incr(ns)  Path(ns)    Netlist Resource(s)
  -------------------------------------------------------------------    -------------------
                         (clock clk_pl_0 rise edge)
                                                      0.000     0.000 r  
    PS8_X0Y0             PS8                          0.000     0.000 r  design_1_i/zynq_ultra_ps_e_0/inst/PS8_i/PLCLK[0]
                         net (fo=1, routed)           0.180     0.180    design_1_i/zynq_ultra_ps_e_0/inst/pl_clk_unbuffered[0]
    BUFG_PS_X0Y80        BUFG_PS (Prop_BUFG_PS_I_O)
                                                      0.028     0.208 r  design_1_i/zynq_ultra_ps_e_0/inst/buffer_pl_clk_0.PL_CLK_0_BUFG/O
    X1Y2 (CLOCK_ROOT)    net (fo=5377, routed)        1.794     2.002    design_1_i/axi_smc/inst/clk_map/psr_aclk/U0/aclk
    SLICE_X51Y221        FDRE                                         r  design_1_i/axi_smc/inst/clk_map/psr_aclk/U0/ACTIVE_LOW_BSR_OUT_DFF[0].FDRE_BSR_N/C
  -------------------------------------------------------------------    -------------------
    SLICE_X51Y221        FDRE (Prop_DFF_SLICEL_C_Q)
                                                      0.079     2.081 r  design_1_i/axi_smc/inst/clk_map/psr_aclk/U0/ACTIVE_LOW_BSR_OUT_DFF[0].FDRE_BSR_N/Q
                         net (fo=27, routed)          1.371     3.452    design_1_i/axi_smc/inst/s00_entry_pipeline/s00_mmu/inst/xpm_cdc_async_rst_inst/src_arst
    SLICE_X50Y147        FDCE                                         f  design_1_i/axi_smc/inst/s00_entry_pipeline/s00_mmu/inst/xpm_cdc_async_rst_inst/arststages_ff_reg[2]/CLR  (IS_INVERTED)
  -------------------------------------------------------------------    -------------------

                         (clock clk_pl_0 rise edge)
                                                      0.000     0.000 r  
    PS8_X0Y0             PS8                          0.000     0.000 r  design_1_i/zynq_ultra_ps_e_0/inst/PS8_i/PLCLK[0]
                         net (fo=1, routed)           0.143     0.143    design_1_i/zynq_ultra_ps_e_0/inst/pl_clk_unbuffered[0]
    BUFG_PS_X0Y80        BUFG_PS (Prop_BUFG_PS_I_O)
                                                      0.025     0.168 r  design_1_i/zynq_ultra_ps_e_0/inst/buffer_pl_clk_0.PL_CLK_0_BUFG/O
    X1Y2 (CLOCK_ROOT)    net (fo=5377, routed)        1.525     1.693    design_1_i/axi_smc/inst/s00_entry_pipeline/s00_mmu/inst/xpm_cdc_async_rst_inst/dest_clk
    SLICE_X50Y147        FDCE                                         r  design_1_i/axi_smc/inst/s00_entry_pipeline/s00_mmu/inst/xpm_cdc_async_rst_inst/arststages_ff_reg[2]/C

Slack:                    inf
  Source:                 design_1_i/axi_smc/inst/clk_map/psr_aclk/U0/ACTIVE_LOW_BSR_OUT_DFF[0].FDRE_BSR_N/C
                            (rising edge-triggered cell FDRE clocked by clk_pl_0  {rise@0.000ns fall@5.000ns period=10.000ns})
  Destination:            design_1_i/axi_smc/inst/s00_nodes/s00_b_node/inst/s_sc_xpm_cdc_async_rst_inst/arststages_ff_reg[0]/CLR
                            (recovery check against rising-edge clock clk_pl_0  {rise@0.000ns fall@5.000ns period=10.000ns})
  Path Group:             (none)
  Path Type:              Recovery (Max at Slow Process Corner)
  Data Path Delay:        1.450ns  (logic 0.079ns (5.448%)  route 1.371ns (94.552%))
  Logic Levels:           0  
  Clock Path Skew:        -0.296ns (DCD - SCD + CPR)
    Destination Clock Delay (DCD):    1.706ns
    Source Clock Delay      (SCD):    2.002ns
    Clock Pessimism Removal (CPR):    0.000ns
  Clock Uncertainty:      0.130ns  ((TSJ^2 + DJ^2)^1/2) / 2 + PE
    Total System Jitter     (TSJ):    0.071ns
    Discrete Jitter          (DJ):    0.250ns
    Phase Error              (PE):    0.000ns
  Clock Net Delay (Source):      1.794ns (routing 0.569ns, distribution 1.225ns)
  Clock Net Delay (Destination): 1.538ns (routing 0.512ns, distribution 1.026ns)
  Timing Exception:       False Path

    Location             Delay type                Incr(ns)  Path(ns)    Netlist Resource(s)
  -------------------------------------------------------------------    -------------------
                         (clock clk_pl_0 rise edge)
                                                      0.000     0.000 r  
    PS8_X0Y0             PS8                          0.000     0.000 r  design_1_i/zynq_ultra_ps_e_0/inst/PS8_i/PLCLK[0]
                         net (fo=1, routed)           0.180     0.180    design_1_i/zynq_ultra_ps_e_0/inst/pl_clk_unbuffered[0]
    BUFG_PS_X0Y80        BUFG_PS (Prop_BUFG_PS_I_O)
                                                      0.028     0.208 r  design_1_i/zynq_ultra_ps_e_0/inst/buffer_pl_clk_0.PL_CLK_0_BUFG/O
    X1Y2 (CLOCK_ROOT)    net (fo=5377, routed)        1.794     2.002    design_1_i/axi_smc/inst/clk_map/psr_aclk/U0/aclk
    SLICE_X51Y221        FDRE                                         r  design_1_i/axi_smc/inst/clk_map/psr_aclk/U0/ACTIVE_LOW_BSR_OUT_DFF[0].FDRE_BSR_N/C
  -------------------------------------------------------------------    -------------------
    SLICE_X51Y221        FDRE (Prop_DFF_SLICEL_C_Q)
                                                      0.079     2.081 r  design_1_i/axi_smc/inst/clk_map/psr_aclk/U0/ACTIVE_LOW_BSR_OUT_DFF[0].FDRE_BSR_N/Q
                         net (fo=27, routed)          1.371     3.452    design_1_i/axi_smc/inst/s00_nodes/s00_b_node/inst/s_sc_xpm_cdc_async_rst_inst/src_arst
    SLICE_X53Y138        FDCE                                         f  design_1_i/axi_smc/inst/s00_nodes/s00_b_node/inst/s_sc_xpm_cdc_async_rst_inst/arststages_ff_reg[0]/CLR  (IS_INVERTED)
  -------------------------------------------------------------------    -------------------

                         (clock clk_pl_0 rise edge)
                                                      0.000     0.000 r  
    PS8_X0Y0             PS8                          0.000     0.000 r  design_1_i/zynq_ultra_ps_e_0/inst/PS8_i/PLCLK[0]
                         net (fo=1, routed)           0.143     0.143    design_1_i/zynq_ultra_ps_e_0/inst/pl_clk_unbuffered[0]
    BUFG_PS_X0Y80        BUFG_PS (Prop_BUFG_PS_I_O)
                                                      0.025     0.168 r  design_1_i/zynq_ultra_ps_e_0/inst/buffer_pl_clk_0.PL_CLK_0_BUFG/O
    X1Y2 (CLOCK_ROOT)    net (fo=5377, routed)        1.538     1.706    design_1_i/axi_smc/inst/s00_nodes/s00_b_node/inst/s_sc_xpm_cdc_async_rst_inst/dest_clk
    SLICE_X53Y138        FDCE                                         r  design_1_i/axi_smc/inst/s00_nodes/s00_b_node/inst/s_sc_xpm_cdc_async_rst_inst/arststages_ff_reg[0]/C





Min Delay Paths
--------------------------------------------------------------------------------------
Slack:                    inf
  Source:                 design_1_i/axi_smc/inst/clk_map/psr_aclk/U0/ACTIVE_LOW_BSR_OUT_DFF[0].FDRE_BSR_N/C
                            (rising edge-triggered cell FDRE clocked by clk_pl_0  {rise@0.000ns fall@5.000ns period=10.000ns})
  Destination:            design_1_i/axi_smc/inst/s00_nodes/s00_ar_node/inst/s_sc_xpm_cdc_async_rst_inst/arststages_ff_reg[0]/CLR
                            (removal check against rising-edge clock clk_pl_0  {rise@0.000ns fall@5.000ns period=10.000ns})
  Path Group:             (none)
  Path Type:              Removal (Min at Fast Process Corner)
  Data Path Delay:        0.159ns  (logic 0.039ns (24.555%)  route 0.120ns (75.445%))
  Logic Levels:           0  
  Clock Path Skew:        0.156ns (DCD - SCD - CPR)
    Destination Clock Delay (DCD):    1.277ns
    Source Clock Delay      (SCD):    1.121ns
    Clock Pessimism Removal (CPR):    -0.000ns
  Clock Uncertainty:      0.130ns  ((TSJ^2 + DJ^2)^1/2) / 2 + PE
    Total System Jitter     (TSJ):    0.071ns
    Discrete Jitter          (DJ):    0.250ns
    Phase Error              (PE):    0.000ns
  Clock Net Delay (Source):      0.982ns (routing 0.311ns, distribution 0.671ns)
  Clock Net Delay (Destination): 1.105ns (routing 0.352ns, distribution 0.753ns)
  Timing Exception:       False Path

    Location             Delay type                Incr(ns)  Path(ns)    Netlist Resource(s)
  -------------------------------------------------------------------    -------------------
                         (clock clk_pl_0 rise edge)
                                                      0.000     0.000 r  
    PS8_X0Y0             PS8                          0.000     0.000 r  design_1_i/zynq_ultra_ps_e_0/inst/PS8_i/PLCLK[0]
                         net (fo=1, routed)           0.122     0.122    design_1_i/zynq_ultra_ps_e_0/inst/pl_clk_unbuffered[0]
    BUFG_PS_X0Y80        BUFG_PS (Prop_BUFG_PS_I_O)
                                                      0.017     0.139 r  design_1_i/zynq_ultra_ps_e_0/inst/buffer_pl_clk_0.PL_CLK_0_BUFG/O
    X1Y2 (CLOCK_ROOT)    net (fo=5377, routed)        0.982     1.121    design_1_i/axi_smc/inst/clk_map/psr_aclk/U0/aclk
    SLICE_X51Y221        FDRE                                         r  design_1_i/axi_smc/inst/clk_map/psr_aclk/U0/ACTIVE_LOW_BSR_OUT_DFF[0].FDRE_BSR_N/C
  -------------------------------------------------------------------    -------------------
    SLICE_X51Y221        FDRE (Prop_DFF_SLICEL_C_Q)
                                                      0.039     1.160 r  design_1_i/axi_smc/inst/clk_map/psr_aclk/U0/ACTIVE_LOW_BSR_OUT_DFF[0].FDRE_BSR_N/Q
                         net (fo=27, routed)          0.120     1.279    design_1_i/axi_smc/inst/s00_nodes/s00_ar_node/inst/s_sc_xpm_cdc_async_rst_inst/src_arst
    SLICE_X50Y220        FDCE                                         f  design_1_i/axi_smc/inst/s00_nodes/s00_ar_node/inst/s_sc_xpm_cdc_async_rst_inst/arststages_ff_reg[0]/CLR  (IS_INVERTED)
  -------------------------------------------------------------------    -------------------

                         (clock clk_pl_0 rise edge)
                                                      0.000     0.000 r  
    PS8_X0Y0             PS8                          0.000     0.000 r  design_1_i/zynq_ultra_ps_e_0/inst/PS8_i/PLCLK[0]
                         net (fo=1, routed)           0.154     0.154    design_1_i/zynq_ultra_ps_e_0/inst/pl_clk_unbuffered[0]
    BUFG_PS_X0Y80        BUFG_PS (Prop_BUFG_PS_I_O)
                                                      0.018     0.172 r  design_1_i/zynq_ultra_ps_e_0/inst/buffer_pl_clk_0.PL_CLK_0_BUFG/O
    X1Y2 (CLOCK_ROOT)    net (fo=5377, routed)        1.105     1.277    design_1_i/axi_smc/inst/s00_nodes/s00_ar_node/inst/s_sc_xpm_cdc_async_rst_inst/dest_clk
    SLICE_X50Y220        FDCE                                         r  design_1_i/axi_smc/inst/s00_nodes/s00_ar_node/inst/s_sc_xpm_cdc_async_rst_inst/arststages_ff_reg[0]/C

Slack:                    inf
  Source:                 design_1_i/axi_smc/inst/clk_map/psr_aclk/U0/ACTIVE_LOW_BSR_OUT_DFF[0].FDRE_BSR_N/C
                            (rising edge-triggered cell FDRE clocked by clk_pl_0  {rise@0.000ns fall@5.000ns period=10.000ns})
  Destination:            design_1_i/axi_smc/inst/s00_nodes/s00_ar_node/inst/s_sc_xpm_cdc_async_rst_inst/arststages_ff_reg[1]/CLR
                            (removal check against rising-edge clock clk_pl_0  {rise@0.000ns fall@5.000ns period=10.000ns})
  Path Group:             (none)
  Path Type:              Removal (Min at Fast Process Corner)
  Data Path Delay:        0.159ns  (logic 0.039ns (24.555%)  route 0.120ns (75.445%))
  Logic Levels:           0  
  Clock Path Skew:        0.156ns (DCD - SCD - CPR)
    Destination Clock Delay (DCD):    1.277ns
    Source Clock Delay      (SCD):    1.121ns
    Clock Pessimism Removal (CPR):    -0.000ns
  Clock Uncertainty:      0.130ns  ((TSJ^2 + DJ^2)^1/2) / 2 + PE
    Total System Jitter     (TSJ):    0.071ns
    Discrete Jitter          (DJ):    0.250ns
    Phase Error              (PE):    0.000ns
  Clock Net Delay (Source):      0.982ns (routing 0.311ns, distribution 0.671ns)
  Clock Net Delay (Destination): 1.105ns (routing 0.352ns, distribution 0.753ns)
  Timing Exception:       False Path

    Location             Delay type                Incr(ns)  Path(ns)    Netlist Resource(s)
  -------------------------------------------------------------------    -------------------
                         (clock clk_pl_0 rise edge)
                                                      0.000     0.000 r  
    PS8_X0Y0             PS8                          0.000     0.000 r  design_1_i/zynq_ultra_ps_e_0/inst/PS8_i/PLCLK[0]
                         net (fo=1, routed)           0.122     0.122    design_1_i/zynq_ultra_ps_e_0/inst/pl_clk_unbuffered[0]
    BUFG_PS_X0Y80        BUFG_PS (Prop_BUFG_PS_I_O)
                                                      0.017     0.139 r  design_1_i/zynq_ultra_ps_e_0/inst/buffer_pl_clk_0.PL_CLK_0_BUFG/O
    X1Y2 (CLOCK_ROOT)    net (fo=5377, routed)        0.982     1.121    design_1_i/axi_smc/inst/clk_map/psr_aclk/U0/aclk
    SLICE_X51Y221        FDRE                                         r  design_1_i/axi_smc/inst/clk_map/psr_aclk/U0/ACTIVE_LOW_BSR_OUT_DFF[0].FDRE_BSR_N/C
  -------------------------------------------------------------------    -------------------
    SLICE_X51Y221        FDRE (Prop_DFF_SLICEL_C_Q)
                                                      0.039     1.160 r  design_1_i/axi_smc/inst/clk_map/psr_aclk/U0/ACTIVE_LOW_BSR_OUT_DFF[0].FDRE_BSR_N/Q
                         net (fo=27, routed)          0.120     1.279    design_1_i/axi_smc/inst/s00_nodes/s00_ar_node/inst/s_sc_xpm_cdc_async_rst_inst/src_arst
    SLICE_X50Y220        FDCE                                         f  design_1_i/axi_smc/inst/s00_nodes/s00_ar_node/inst/s_sc_xpm_cdc_async_rst_inst/arststages_ff_reg[1]/CLR  (IS_INVERTED)
  -------------------------------------------------------------------    -------------------

                         (clock clk_pl_0 rise edge)
                                                      0.000     0.000 r  
    PS8_X0Y0             PS8                          0.000     0.000 r  design_1_i/zynq_ultra_ps_e_0/inst/PS8_i/PLCLK[0]
                         net (fo=1, routed)           0.154     0.154    design_1_i/zynq_ultra_ps_e_0/inst/pl_clk_unbuffered[0]
    BUFG_PS_X0Y80        BUFG_PS (Prop_BUFG_PS_I_O)
                                                      0.018     0.172 r  design_1_i/zynq_ultra_ps_e_0/inst/buffer_pl_clk_0.PL_CLK_0_BUFG/O
    X1Y2 (CLOCK_ROOT)    net (fo=5377, routed)        1.105     1.277    design_1_i/axi_smc/inst/s00_nodes/s00_ar_node/inst/s_sc_xpm_cdc_async_rst_inst/dest_clk
    SLICE_X50Y220        FDCE                                         r  design_1_i/axi_smc/inst/s00_nodes/s00_ar_node/inst/s_sc_xpm_cdc_async_rst_inst/arststages_ff_reg[1]/C

Slack:                    inf
  Source:                 design_1_i/axi_smc/inst/clk_map/psr_aclk/U0/ACTIVE_LOW_BSR_OUT_DFF[0].FDRE_BSR_N/C
                            (rising edge-triggered cell FDRE clocked by clk_pl_0  {rise@0.000ns fall@5.000ns period=10.000ns})
  Destination:            design_1_i/axi_smc/inst/s00_nodes/s00_ar_node/inst/s_sc_xpm_cdc_async_rst_inst/arststages_ff_reg[2]/CLR
                            (removal check against rising-edge clock clk_pl_0  {rise@0.000ns fall@5.000ns period=10.000ns})
  Path Group:             (none)
  Path Type:              Removal (Min at Fast Process Corner)
  Data Path Delay:        0.159ns  (logic 0.039ns (24.555%)  route 0.120ns (75.445%))
  Logic Levels:           0  
  Clock Path Skew:        0.156ns (DCD - SCD - CPR)
    Destination Clock Delay (DCD):    1.277ns
    Source Clock Delay      (SCD):    1.121ns
    Clock Pessimism Removal (CPR):    -0.000ns
  Clock Uncertainty:      0.130ns  ((TSJ^2 + DJ^2)^1/2) / 2 + PE
    Total System Jitter     (TSJ):    0.071ns
    Discrete Jitter          (DJ):    0.250ns
    Phase Error              (PE):    0.000ns
  Clock Net Delay (Source):      0.982ns (routing 0.311ns, distribution 0.671ns)
  Clock Net Delay (Destination): 1.105ns (routing 0.352ns, distribution 0.753ns)
  Timing Exception:       False Path

    Location             Delay type                Incr(ns)  Path(ns)    Netlist Resource(s)
  -------------------------------------------------------------------    -------------------
                         (clock clk_pl_0 rise edge)
                                                      0.000     0.000 r  
    PS8_X0Y0             PS8                          0.000     0.000 r  design_1_i/zynq_ultra_ps_e_0/inst/PS8_i/PLCLK[0]
                         net (fo=1, routed)           0.122     0.122    design_1_i/zynq_ultra_ps_e_0/inst/pl_clk_unbuffered[0]
    BUFG_PS_X0Y80        BUFG_PS (Prop_BUFG_PS_I_O)
                                                      0.017     0.139 r  design_1_i/zynq_ultra_ps_e_0/inst/buffer_pl_clk_0.PL_CLK_0_BUFG/O
    X1Y2 (CLOCK_ROOT)    net (fo=5377, routed)        0.982     1.121    design_1_i/axi_smc/inst/clk_map/psr_aclk/U0/aclk
    SLICE_X51Y221        FDRE                                         r  design_1_i/axi_smc/inst/clk_map/psr_aclk/U0/ACTIVE_LOW_BSR_OUT_DFF[0].FDRE_BSR_N/C
  -------------------------------------------------------------------    -------------------
    SLICE_X51Y221        FDRE (Prop_DFF_SLICEL_C_Q)
                                                      0.039     1.160 r  design_1_i/axi_smc/inst/clk_map/psr_aclk/U0/ACTIVE_LOW_BSR_OUT_DFF[0].FDRE_BSR_N/Q
                         net (fo=27, routed)          0.120     1.279    design_1_i/axi_smc/inst/s00_nodes/s00_ar_node/inst/s_sc_xpm_cdc_async_rst_inst/src_arst
    SLICE_X50Y220        FDCE                                         f  design_1_i/axi_smc/inst/s00_nodes/s00_ar_node/inst/s_sc_xpm_cdc_async_rst_inst/arststages_ff_reg[2]/CLR  (IS_INVERTED)
  -------------------------------------------------------------------    -------------------

                         (clock clk_pl_0 rise edge)
                                                      0.000     0.000 r  
    PS8_X0Y0             PS8                          0.000     0.000 r  design_1_i/zynq_ultra_ps_e_0/inst/PS8_i/PLCLK[0]
                         net (fo=1, routed)           0.154     0.154    design_1_i/zynq_ultra_ps_e_0/inst/pl_clk_unbuffered[0]
    BUFG_PS_X0Y80        BUFG_PS (Prop_BUFG_PS_I_O)
                                                      0.018     0.172 r  design_1_i/zynq_ultra_ps_e_0/inst/buffer_pl_clk_0.PL_CLK_0_BUFG/O
    X1Y2 (CLOCK_ROOT)    net (fo=5377, routed)        1.105     1.277    design_1_i/axi_smc/inst/s00_nodes/s00_ar_node/inst/s_sc_xpm_cdc_async_rst_inst/dest_clk
    SLICE_X50Y220        FDCE                                         r  design_1_i/axi_smc/inst/s00_nodes/s00_ar_node/inst/s_sc_xpm_cdc_async_rst_inst/arststages_ff_reg[2]/C

Slack:                    inf
  Source:                 design_1_i/axi_smc/inst/clk_map/psr_aclk/U0/ACTIVE_LOW_BSR_OUT_DFF[0].FDRE_BSR_N/C
                            (rising edge-triggered cell FDRE clocked by clk_pl_0  {rise@0.000ns fall@5.000ns period=10.000ns})
  Destination:            design_1_i/axi_smc/inst/s00_entry_pipeline/s00_si_converter/inst/xpm_cdc_async_rst_inst/arststages_ff_reg[0]/CLR
                            (removal check against rising-edge clock clk_pl_0  {rise@0.000ns fall@5.000ns period=10.000ns})
  Path Group:             (none)
  Path Type:              Removal (Min at Fast Process Corner)
  Data Path Delay:        0.231ns  (logic 0.039ns (16.883%)  route 0.192ns (83.117%))
  Logic Levels:           0  
  Clock Path Skew:        0.153ns (DCD - SCD - CPR)
    Destination Clock Delay (DCD):    1.273ns
    Source Clock Delay      (SCD):    1.121ns
    Clock Pessimism Removal (CPR):    -0.000ns
  Clock Uncertainty:      0.130ns  ((TSJ^2 + DJ^2)^1/2) / 2 + PE
    Total System Jitter     (TSJ):    0.071ns
    Discrete Jitter          (DJ):    0.250ns
    Phase Error              (PE):    0.000ns
  Clock Net Delay (Source):      0.982ns (routing 0.311ns, distribution 0.671ns)
  Clock Net Delay (Destination): 1.101ns (routing 0.352ns, distribution 0.749ns)
  Timing Exception:       False Path

    Location             Delay type                Incr(ns)  Path(ns)    Netlist Resource(s)
  -------------------------------------------------------------------    -------------------
                         (clock clk_pl_0 rise edge)
                                                      0.000     0.000 r  
    PS8_X0Y0             PS8                          0.000     0.000 r  design_1_i/zynq_ultra_ps_e_0/inst/PS8_i/PLCLK[0]
                         net (fo=1, routed)           0.122     0.122    design_1_i/zynq_ultra_ps_e_0/inst/pl_clk_unbuffered[0]
    BUFG_PS_X0Y80        BUFG_PS (Prop_BUFG_PS_I_O)
                                                      0.017     0.139 r  design_1_i/zynq_ultra_ps_e_0/inst/buffer_pl_clk_0.PL_CLK_0_BUFG/O
    X1Y2 (CLOCK_ROOT)    net (fo=5377, routed)        0.982     1.121    design_1_i/axi_smc/inst/clk_map/psr_aclk/U0/aclk
    SLICE_X51Y221        FDRE                                         r  design_1_i/axi_smc/inst/clk_map/psr_aclk/U0/ACTIVE_LOW_BSR_OUT_DFF[0].FDRE_BSR_N/C
  -------------------------------------------------------------------    -------------------
    SLICE_X51Y221        FDRE (Prop_DFF_SLICEL_C_Q)
                                                      0.039     1.160 r  design_1_i/axi_smc/inst/clk_map/psr_aclk/U0/ACTIVE_LOW_BSR_OUT_DFF[0].FDRE_BSR_N/Q
                         net (fo=27, routed)          0.192     1.352    design_1_i/axi_smc/inst/s00_entry_pipeline/s00_si_converter/inst/xpm_cdc_async_rst_inst/src_arst
    SLICE_X52Y218        FDCE                                         f  design_1_i/axi_smc/inst/s00_entry_pipeline/s00_si_converter/inst/xpm_cdc_async_rst_inst/arststages_ff_reg[0]/CLR  (IS_INVERTED)
  -------------------------------------------------------------------    -------------------

                         (clock clk_pl_0 rise edge)
                                                      0.000     0.000 r  
    PS8_X0Y0             PS8                          0.000     0.000 r  design_1_i/zynq_ultra_ps_e_0/inst/PS8_i/PLCLK[0]
                         net (fo=1, routed)           0.154     0.154    design_1_i/zynq_ultra_ps_e_0/inst/pl_clk_unbuffered[0]
    BUFG_PS_X0Y80        BUFG_PS (Prop_BUFG_PS_I_O)
                                                      0.018     0.172 r  design_1_i/zynq_ultra_ps_e_0/inst/buffer_pl_clk_0.PL_CLK_0_BUFG/O
    X1Y2 (CLOCK_ROOT)    net (fo=5377, routed)        1.101     1.273    design_1_i/axi_smc/inst/s00_entry_pipeline/s00_si_converter/inst/xpm_cdc_async_rst_inst/dest_clk
    SLICE_X52Y218        FDCE                                         r  design_1_i/axi_smc/inst/s00_entry_pipeline/s00_si_converter/inst/xpm_cdc_async_rst_inst/arststages_ff_reg[0]/C

Slack:                    inf
  Source:                 design_1_i/axi_smc/inst/clk_map/psr_aclk/U0/ACTIVE_LOW_BSR_OUT_DFF[0].FDRE_BSR_N/C
                            (rising edge-triggered cell FDRE clocked by clk_pl_0  {rise@0.000ns fall@5.000ns period=10.000ns})
  Destination:            design_1_i/axi_smc/inst/s00_entry_pipeline/s00_si_converter/inst/xpm_cdc_async_rst_inst/arststages_ff_reg[1]/CLR
                            (removal check against rising-edge clock clk_pl_0  {rise@0.000ns fall@5.000ns period=10.000ns})
  Path Group:             (none)
  Path Type:              Removal (Min at Fast Process Corner)
  Data Path Delay:        0.231ns  (logic 0.039ns (16.883%)  route 0.192ns (83.117%))
  Logic Levels:           0  
  Clock Path Skew:        0.153ns (DCD - SCD - CPR)
    Destination Clock Delay (DCD):    1.273ns
    Source Clock Delay      (SCD):    1.121ns
    Clock Pessimism Removal (CPR):    -0.000ns
  Clock Uncertainty:      0.130ns  ((TSJ^2 + DJ^2)^1/2) / 2 + PE
    Total System Jitter     (TSJ):    0.071ns
    Discrete Jitter          (DJ):    0.250ns
    Phase Error              (PE):    0.000ns
  Clock Net Delay (Source):      0.982ns (routing 0.311ns, distribution 0.671ns)
  Clock Net Delay (Destination): 1.101ns (routing 0.352ns, distribution 0.749ns)
  Timing Exception:       False Path

    Location             Delay type                Incr(ns)  Path(ns)    Netlist Resource(s)
  -------------------------------------------------------------------    -------------------
                         (clock clk_pl_0 rise edge)
                                                      0.000     0.000 r  
    PS8_X0Y0             PS8                          0.000     0.000 r  design_1_i/zynq_ultra_ps_e_0/inst/PS8_i/PLCLK[0]
                         net (fo=1, routed)           0.122     0.122    design_1_i/zynq_ultra_ps_e_0/inst/pl_clk_unbuffered[0]
    BUFG_PS_X0Y80        BUFG_PS (Prop_BUFG_PS_I_O)
                                                      0.017     0.139 r  design_1_i/zynq_ultra_ps_e_0/inst/buffer_pl_clk_0.PL_CLK_0_BUFG/O
    X1Y2 (CLOCK_ROOT)    net (fo=5377, routed)        0.982     1.121    design_1_i/axi_smc/inst/clk_map/psr_aclk/U0/aclk
    SLICE_X51Y221        FDRE                                         r  design_1_i/axi_smc/inst/clk_map/psr_aclk/U0/ACTIVE_LOW_BSR_OUT_DFF[0].FDRE_BSR_N/C
  -------------------------------------------------------------------    -------------------
    SLICE_X51Y221        FDRE (Prop_DFF_SLICEL_C_Q)
                                                      0.039     1.160 r  design_1_i/axi_smc/inst/clk_map/psr_aclk/U0/ACTIVE_LOW_BSR_OUT_DFF[0].FDRE_BSR_N/Q
                         net (fo=27, routed)          0.192     1.352    design_1_i/axi_smc/inst/s00_entry_pipeline/s00_si_converter/inst/xpm_cdc_async_rst_inst/src_arst
    SLICE_X52Y218        FDCE                                         f  design_1_i/axi_smc/inst/s00_entry_pipeline/s00_si_converter/inst/xpm_cdc_async_rst_inst/arststages_ff_reg[1]/CLR  (IS_INVERTED)
  -------------------------------------------------------------------    -------------------

                         (clock clk_pl_0 rise edge)
                                                      0.000     0.000 r  
    PS8_X0Y0             PS8                          0.000     0.000 r  design_1_i/zynq_ultra_ps_e_0/inst/PS8_i/PLCLK[0]
                         net (fo=1, routed)           0.154     0.154    design_1_i/zynq_ultra_ps_e_0/inst/pl_clk_unbuffered[0]
    BUFG_PS_X0Y80        BUFG_PS (Prop_BUFG_PS_I_O)
                                                      0.018     0.172 r  design_1_i/zynq_ultra_ps_e_0/inst/buffer_pl_clk_0.PL_CLK_0_BUFG/O
    X1Y2 (CLOCK_ROOT)    net (fo=5377, routed)        1.101     1.273    design_1_i/axi_smc/inst/s00_entry_pipeline/s00_si_converter/inst/xpm_cdc_async_rst_inst/dest_clk
    SLICE_X52Y218        FDCE                                         r  design_1_i/axi_smc/inst/s00_entry_pipeline/s00_si_converter/inst/xpm_cdc_async_rst_inst/arststages_ff_reg[1]/C

Slack:                    inf
  Source:                 design_1_i/axi_smc/inst/clk_map/psr_aclk/U0/ACTIVE_LOW_BSR_OUT_DFF[0].FDRE_BSR_N/C
                            (rising edge-triggered cell FDRE clocked by clk_pl_0  {rise@0.000ns fall@5.000ns period=10.000ns})
  Destination:            design_1_i/axi_smc/inst/s00_entry_pipeline/s00_si_converter/inst/xpm_cdc_async_rst_inst/arststages_ff_reg[2]/CLR
                            (removal check against rising-edge clock clk_pl_0  {rise@0.000ns fall@5.000ns period=10.000ns})
  Path Group:             (none)
  Path Type:              Removal (Min at Fast Process Corner)
  Data Path Delay:        0.231ns  (logic 0.039ns (16.883%)  route 0.192ns (83.117%))
  Logic Levels:           0  
  Clock Path Skew:        0.153ns (DCD - SCD - CPR)
    Destination Clock Delay (DCD):    1.273ns
    Source Clock Delay      (SCD):    1.121ns
    Clock Pessimism Removal (CPR):    -0.000ns
  Clock Uncertainty:      0.130ns  ((TSJ^2 + DJ^2)^1/2) / 2 + PE
    Total System Jitter     (TSJ):    0.071ns
    Discrete Jitter          (DJ):    0.250ns
    Phase Error              (PE):    0.000ns
  Clock Net Delay (Source):      0.982ns (routing 0.311ns, distribution 0.671ns)
  Clock Net Delay (Destination): 1.101ns (routing 0.352ns, distribution 0.749ns)
  Timing Exception:       False Path

    Location             Delay type                Incr(ns)  Path(ns)    Netlist Resource(s)
  -------------------------------------------------------------------    -------------------
                         (clock clk_pl_0 rise edge)
                                                      0.000     0.000 r  
    PS8_X0Y0             PS8                          0.000     0.000 r  design_1_i/zynq_ultra_ps_e_0/inst/PS8_i/PLCLK[0]
                         net (fo=1, routed)           0.122     0.122    design_1_i/zynq_ultra_ps_e_0/inst/pl_clk_unbuffered[0]
    BUFG_PS_X0Y80        BUFG_PS (Prop_BUFG_PS_I_O)
                                                      0.017     0.139 r  design_1_i/zynq_ultra_ps_e_0/inst/buffer_pl_clk_0.PL_CLK_0_BUFG/O
    X1Y2 (CLOCK_ROOT)    net (fo=5377, routed)        0.982     1.121    design_1_i/axi_smc/inst/clk_map/psr_aclk/U0/aclk
    SLICE_X51Y221        FDRE                                         r  design_1_i/axi_smc/inst/clk_map/psr_aclk/U0/ACTIVE_LOW_BSR_OUT_DFF[0].FDRE_BSR_N/C
  -------------------------------------------------------------------    -------------------
    SLICE_X51Y221        FDRE (Prop_DFF_SLICEL_C_Q)
                                                      0.039     1.160 r  design_1_i/axi_smc/inst/clk_map/psr_aclk/U0/ACTIVE_LOW_BSR_OUT_DFF[0].FDRE_BSR_N/Q
                         net (fo=27, routed)          0.192     1.352    design_1_i/axi_smc/inst/s00_entry_pipeline/s00_si_converter/inst/xpm_cdc_async_rst_inst/src_arst
    SLICE_X52Y218        FDCE                                         f  design_1_i/axi_smc/inst/s00_entry_pipeline/s00_si_converter/inst/xpm_cdc_async_rst_inst/arststages_ff_reg[2]/CLR  (IS_INVERTED)
  -------------------------------------------------------------------    -------------------

                         (clock clk_pl_0 rise edge)
                                                      0.000     0.000 r  
    PS8_X0Y0             PS8                          0.000     0.000 r  design_1_i/zynq_ultra_ps_e_0/inst/PS8_i/PLCLK[0]
                         net (fo=1, routed)           0.154     0.154    design_1_i/zynq_ultra_ps_e_0/inst/pl_clk_unbuffered[0]
    BUFG_PS_X0Y80        BUFG_PS (Prop_BUFG_PS_I_O)
                                                      0.018     0.172 r  design_1_i/zynq_ultra_ps_e_0/inst/buffer_pl_clk_0.PL_CLK_0_BUFG/O
    X1Y2 (CLOCK_ROOT)    net (fo=5377, routed)        1.101     1.273    design_1_i/axi_smc/inst/s00_entry_pipeline/s00_si_converter/inst/xpm_cdc_async_rst_inst/dest_clk
    SLICE_X52Y218        FDCE                                         r  design_1_i/axi_smc/inst/s00_entry_pipeline/s00_si_converter/inst/xpm_cdc_async_rst_inst/arststages_ff_reg[2]/C

Slack:                    inf
  Source:                 design_1_i/rst_ps8_0_100M/U0/ACTIVE_LOW_PR_OUT_DFF[0].FDRE_PER_N_replica/C
                            (rising edge-triggered cell FDRE clocked by clk_pl_0  {rise@0.000ns fall@5.000ns period=10.000ns})
  Destination:            design_1_i/axi_smc/inst/clk_map/psr_aclk/U0/EXT_LPF/ACTIVE_LOW_AUX.ACT_LO_AUX/syncstages_ff_reg[0]/D
                            (rising edge-triggered cell FDRE clocked by clk_pl_0  {rise@0.000ns fall@5.000ns period=10.000ns})
  Path Group:             (none)
  Path Type:              Hold (Min at Fast Process Corner)
  Data Path Delay:        0.266ns  (logic 0.063ns (23.684%)  route 0.203ns (76.316%))
  Logic Levels:           1  (LUT1=1)
  Clock Path Skew:        0.174ns (DCD - SCD - CPR)
    Destination Clock Delay (DCD):    1.286ns
    Source Clock Delay      (SCD):    1.112ns
    Clock Pessimism Removal (CPR):    -0.000ns
  Clock Uncertainty:      0.130ns  ((TSJ^2 + DJ^2)^1/2) / 2 + PE
    Total System Jitter     (TSJ):    0.071ns
    Discrete Jitter          (DJ):    0.250ns
    Phase Error              (PE):    0.000ns
  Clock Net Delay (Source):      0.973ns (routing 0.311ns, distribution 0.662ns)
  Clock Net Delay (Destination): 1.114ns (routing 0.352ns, distribution 0.762ns)
  Timing Exception:       False Path

    Location             Delay type                Incr(ns)  Path(ns)    Netlist Resource(s)
  -------------------------------------------------------------------    -------------------
                         (clock clk_pl_0 rise edge)
                                                      0.000     0.000 r  
    PS8_X0Y0             PS8                          0.000     0.000 r  design_1_i/zynq_ultra_ps_e_0/inst/PS8_i/PLCLK[0]
                         net (fo=1, routed)           0.122     0.122    design_1_i/zynq_ultra_ps_e_0/inst/pl_clk_unbuffered[0]
    BUFG_PS_X0Y80        BUFG_PS (Prop_BUFG_PS_I_O)
                                                      0.017     0.139 r  design_1_i/zynq_ultra_ps_e_0/inst/buffer_pl_clk_0.PL_CLK_0_BUFG/O
    X1Y2 (CLOCK_ROOT)    net (fo=5377, routed)        0.973     1.112    design_1_i/rst_ps8_0_100M/U0/slowest_sync_clk
    SLICE_X51Y217        FDRE                                         r  design_1_i/rst_ps8_0_100M/U0/ACTIVE_LOW_PR_OUT_DFF[0].FDRE_PER_N_replica/C
  -------------------------------------------------------------------    -------------------
    SLICE_X51Y217        FDRE (Prop_AFF2_SLICEL_C_Q)
                                                      0.040     1.152 f  design_1_i/rst_ps8_0_100M/U0/ACTIVE_LOW_PR_OUT_DFF[0].FDRE_PER_N_replica/Q
                         net (fo=1, routed)           0.082     1.234    design_1_i/axi_smc/inst/clk_map/psr_aclk/U0/EXT_LPF/peripheral_aresetn[0]_bufg_place_replica
    SLICE_X51Y222        LUT1 (Prop_H6LUT_SLICEL_I0_O)
                                                      0.023     1.257 r  design_1_i/axi_smc/inst/clk_map/psr_aclk/U0/EXT_LPF/ACTIVE_LOW_AUX.ACT_LO_AUX_i_1/O
                         net (fo=1, routed)           0.121     1.378    design_1_i/axi_smc/inst/clk_map/psr_aclk/U0/EXT_LPF/ACTIVE_LOW_AUX.ACT_LO_AUX/src_in
    SLICE_X51Y222        FDRE                                         r  design_1_i/axi_smc/inst/clk_map/psr_aclk/U0/EXT_LPF/ACTIVE_LOW_AUX.ACT_LO_AUX/syncstages_ff_reg[0]/D
  -------------------------------------------------------------------    -------------------

                         (clock clk_pl_0 rise edge)
                                                      0.000     0.000 r  
    PS8_X0Y0             PS8                          0.000     0.000 r  design_1_i/zynq_ultra_ps_e_0/inst/PS8_i/PLCLK[0]
                         net (fo=1, routed)           0.154     0.154    design_1_i/zynq_ultra_ps_e_0/inst/pl_clk_unbuffered[0]
    BUFG_PS_X0Y80        BUFG_PS (Prop_BUFG_PS_I_O)
                                                      0.018     0.172 r  design_1_i/zynq_ultra_ps_e_0/inst/buffer_pl_clk_0.PL_CLK_0_BUFG/O
    X1Y2 (CLOCK_ROOT)    net (fo=5377, routed)        1.114     1.286    design_1_i/axi_smc/inst/clk_map/psr_aclk/U0/EXT_LPF/ACTIVE_LOW_AUX.ACT_LO_AUX/dest_clk
    SLICE_X51Y222        FDRE                                         r  design_1_i/axi_smc/inst/clk_map/psr_aclk/U0/EXT_LPF/ACTIVE_LOW_AUX.ACT_LO_AUX/syncstages_ff_reg[0]/C

Slack:                    inf
  Source:                 design_1_i/axi_smc/inst/clk_map/psr_aclk/U0/ACTIVE_LOW_BSR_OUT_DFF[0].FDRE_BSR_N/C
                            (rising edge-triggered cell FDRE clocked by clk_pl_0  {rise@0.000ns fall@5.000ns period=10.000ns})
  Destination:            design_1_i/axi_smc/inst/s00_nodes/s00_r_node/inst/s_sc_xpm_cdc_async_rst_inst/arststages_ff_reg[0]/CLR
                            (removal check against rising-edge clock clk_pl_0  {rise@0.000ns fall@5.000ns period=10.000ns})
  Path Group:             (none)
  Path Type:              Removal (Min at Fast Process Corner)
  Data Path Delay:        0.339ns  (logic 0.039ns (11.510%)  route 0.300ns (88.490%))
  Logic Levels:           0  
  Clock Path Skew:        0.145ns (DCD - SCD - CPR)
    Destination Clock Delay (DCD):    1.266ns
    Source Clock Delay      (SCD):    1.121ns
    Clock Pessimism Removal (CPR):    -0.000ns
  Clock Uncertainty:      0.130ns  ((TSJ^2 + DJ^2)^1/2) / 2 + PE
    Total System Jitter     (TSJ):    0.071ns
    Discrete Jitter          (DJ):    0.250ns
    Phase Error              (PE):    0.000ns
  Clock Net Delay (Source):      0.982ns (routing 0.311ns, distribution 0.671ns)
  Clock Net Delay (Destination): 1.094ns (routing 0.352ns, distribution 0.742ns)
  Timing Exception:       False Path

    Location             Delay type                Incr(ns)  Path(ns)    Netlist Resource(s)
  -------------------------------------------------------------------    -------------------
                         (clock clk_pl_0 rise edge)
                                                      0.000     0.000 r  
    PS8_X0Y0             PS8                          0.000     0.000 r  design_1_i/zynq_ultra_ps_e_0/inst/PS8_i/PLCLK[0]
                         net (fo=1, routed)           0.122     0.122    design_1_i/zynq_ultra_ps_e_0/inst/pl_clk_unbuffered[0]
    BUFG_PS_X0Y80        BUFG_PS (Prop_BUFG_PS_I_O)
                                                      0.017     0.139 r  design_1_i/zynq_ultra_ps_e_0/inst/buffer_pl_clk_0.PL_CLK_0_BUFG/O
    X1Y2 (CLOCK_ROOT)    net (fo=5377, routed)        0.982     1.121    design_1_i/axi_smc/inst/clk_map/psr_aclk/U0/aclk
    SLICE_X51Y221        FDRE                                         r  design_1_i/axi_smc/inst/clk_map/psr_aclk/U0/ACTIVE_LOW_BSR_OUT_DFF[0].FDRE_BSR_N/C
  -------------------------------------------------------------------    -------------------
    SLICE_X51Y221        FDRE (Prop_DFF_SLICEL_C_Q)
                                                      0.039     1.160 r  design_1_i/axi_smc/inst/clk_map/psr_aclk/U0/ACTIVE_LOW_BSR_OUT_DFF[0].FDRE_BSR_N/Q
                         net (fo=27, routed)          0.300     1.459    design_1_i/axi_smc/inst/s00_nodes/s00_r_node/inst/s_sc_xpm_cdc_async_rst_inst/src_arst
    SLICE_X52Y208        FDCE                                         f  design_1_i/axi_smc/inst/s00_nodes/s00_r_node/inst/s_sc_xpm_cdc_async_rst_inst/arststages_ff_reg[0]/CLR  (IS_INVERTED)
  -------------------------------------------------------------------    -------------------

                         (clock clk_pl_0 rise edge)
                                                      0.000     0.000 r  
    PS8_X0Y0             PS8                          0.000     0.000 r  design_1_i/zynq_ultra_ps_e_0/inst/PS8_i/PLCLK[0]
                         net (fo=1, routed)           0.154     0.154    design_1_i/zynq_ultra_ps_e_0/inst/pl_clk_unbuffered[0]
    BUFG_PS_X0Y80        BUFG_PS (Prop_BUFG_PS_I_O)
                                                      0.018     0.172 r  design_1_i/zynq_ultra_ps_e_0/inst/buffer_pl_clk_0.PL_CLK_0_BUFG/O
    X1Y2 (CLOCK_ROOT)    net (fo=5377, routed)        1.094     1.266    design_1_i/axi_smc/inst/s00_nodes/s00_r_node/inst/s_sc_xpm_cdc_async_rst_inst/dest_clk
    SLICE_X52Y208        FDCE                                         r  design_1_i/axi_smc/inst/s00_nodes/s00_r_node/inst/s_sc_xpm_cdc_async_rst_inst/arststages_ff_reg[0]/C

Slack:                    inf
  Source:                 design_1_i/axi_smc/inst/clk_map/psr_aclk/U0/ACTIVE_LOW_BSR_OUT_DFF[0].FDRE_BSR_N/C
                            (rising edge-triggered cell FDRE clocked by clk_pl_0  {rise@0.000ns fall@5.000ns period=10.000ns})
  Destination:            design_1_i/axi_smc/inst/s00_nodes/s00_r_node/inst/s_sc_xpm_cdc_async_rst_inst/arststages_ff_reg[1]/CLR
                            (removal check against rising-edge clock clk_pl_0  {rise@0.000ns fall@5.000ns period=10.000ns})
  Path Group:             (none)
  Path Type:              Removal (Min at Fast Process Corner)
  Data Path Delay:        0.339ns  (logic 0.039ns (11.510%)  route 0.300ns (88.490%))
  Logic Levels:           0  
  Clock Path Skew:        0.145ns (DCD - SCD - CPR)
    Destination Clock Delay (DCD):    1.266ns
    Source Clock Delay      (SCD):    1.121ns
    Clock Pessimism Removal (CPR):    -0.000ns
  Clock Uncertainty:      0.130ns  ((TSJ^2 + DJ^2)^1/2) / 2 + PE
    Total System Jitter     (TSJ):    0.071ns
    Discrete Jitter          (DJ):    0.250ns
    Phase Error              (PE):    0.000ns
  Clock Net Delay (Source):      0.982ns (routing 0.311ns, distribution 0.671ns)
  Clock Net Delay (Destination): 1.094ns (routing 0.352ns, distribution 0.742ns)
  Timing Exception:       False Path

    Location             Delay type                Incr(ns)  Path(ns)    Netlist Resource(s)
  -------------------------------------------------------------------    -------------------
                         (clock clk_pl_0 rise edge)
                                                      0.000     0.000 r  
    PS8_X0Y0             PS8                          0.000     0.000 r  design_1_i/zynq_ultra_ps_e_0/inst/PS8_i/PLCLK[0]
                         net (fo=1, routed)           0.122     0.122    design_1_i/zynq_ultra_ps_e_0/inst/pl_clk_unbuffered[0]
    BUFG_PS_X0Y80        BUFG_PS (Prop_BUFG_PS_I_O)
                                                      0.017     0.139 r  design_1_i/zynq_ultra_ps_e_0/inst/buffer_pl_clk_0.PL_CLK_0_BUFG/O
    X1Y2 (CLOCK_ROOT)    net (fo=5377, routed)        0.982     1.121    design_1_i/axi_smc/inst/clk_map/psr_aclk/U0/aclk
    SLICE_X51Y221        FDRE                                         r  design_1_i/axi_smc/inst/clk_map/psr_aclk/U0/ACTIVE_LOW_BSR_OUT_DFF[0].FDRE_BSR_N/C
  -------------------------------------------------------------------    -------------------
    SLICE_X51Y221        FDRE (Prop_DFF_SLICEL_C_Q)
                                                      0.039     1.160 r  design_1_i/axi_smc/inst/clk_map/psr_aclk/U0/ACTIVE_LOW_BSR_OUT_DFF[0].FDRE_BSR_N/Q
                         net (fo=27, routed)          0.300     1.459    design_1_i/axi_smc/inst/s00_nodes/s00_r_node/inst/s_sc_xpm_cdc_async_rst_inst/src_arst
    SLICE_X52Y208        FDCE                                         f  design_1_i/axi_smc/inst/s00_nodes/s00_r_node/inst/s_sc_xpm_cdc_async_rst_inst/arststages_ff_reg[1]/CLR  (IS_INVERTED)
  -------------------------------------------------------------------    -------------------

                         (clock clk_pl_0 rise edge)
                                                      0.000     0.000 r  
    PS8_X0Y0             PS8                          0.000     0.000 r  design_1_i/zynq_ultra_ps_e_0/inst/PS8_i/PLCLK[0]
                         net (fo=1, routed)           0.154     0.154    design_1_i/zynq_ultra_ps_e_0/inst/pl_clk_unbuffered[0]
    BUFG_PS_X0Y80        BUFG_PS (Prop_BUFG_PS_I_O)
                                                      0.018     0.172 r  design_1_i/zynq_ultra_ps_e_0/inst/buffer_pl_clk_0.PL_CLK_0_BUFG/O
    X1Y2 (CLOCK_ROOT)    net (fo=5377, routed)        1.094     1.266    design_1_i/axi_smc/inst/s00_nodes/s00_r_node/inst/s_sc_xpm_cdc_async_rst_inst/dest_clk
    SLICE_X52Y208        FDCE                                         r  design_1_i/axi_smc/inst/s00_nodes/s00_r_node/inst/s_sc_xpm_cdc_async_rst_inst/arststages_ff_reg[1]/C

Slack:                    inf
  Source:                 design_1_i/axi_smc/inst/clk_map/psr_aclk/U0/ACTIVE_LOW_BSR_OUT_DFF[0].FDRE_BSR_N/C
                            (rising edge-triggered cell FDRE clocked by clk_pl_0  {rise@0.000ns fall@5.000ns period=10.000ns})
  Destination:            design_1_i/axi_smc/inst/s00_nodes/s00_r_node/inst/s_sc_xpm_cdc_async_rst_inst/arststages_ff_reg[2]/CLR
                            (removal check against rising-edge clock clk_pl_0  {rise@0.000ns fall@5.000ns period=10.000ns})
  Path Group:             (none)
  Path Type:              Removal (Min at Fast Process Corner)
  Data Path Delay:        0.339ns  (logic 0.039ns (11.510%)  route 0.300ns (88.490%))
  Logic Levels:           0  
  Clock Path Skew:        0.145ns (DCD - SCD - CPR)
    Destination Clock Delay (DCD):    1.266ns
    Source Clock Delay      (SCD):    1.121ns
    Clock Pessimism Removal (CPR):    -0.000ns
  Clock Uncertainty:      0.130ns  ((TSJ^2 + DJ^2)^1/2) / 2 + PE
    Total System Jitter     (TSJ):    0.071ns
    Discrete Jitter          (DJ):    0.250ns
    Phase Error              (PE):    0.000ns
  Clock Net Delay (Source):      0.982ns (routing 0.311ns, distribution 0.671ns)
  Clock Net Delay (Destination): 1.094ns (routing 0.352ns, distribution 0.742ns)
  Timing Exception:       False Path

    Location             Delay type                Incr(ns)  Path(ns)    Netlist Resource(s)
  -------------------------------------------------------------------    -------------------
                         (clock clk_pl_0 rise edge)
                                                      0.000     0.000 r  
    PS8_X0Y0             PS8                          0.000     0.000 r  design_1_i/zynq_ultra_ps_e_0/inst/PS8_i/PLCLK[0]
                         net (fo=1, routed)           0.122     0.122    design_1_i/zynq_ultra_ps_e_0/inst/pl_clk_unbuffered[0]
    BUFG_PS_X0Y80        BUFG_PS (Prop_BUFG_PS_I_O)
                                                      0.017     0.139 r  design_1_i/zynq_ultra_ps_e_0/inst/buffer_pl_clk_0.PL_CLK_0_BUFG/O
    X1Y2 (CLOCK_ROOT)    net (fo=5377, routed)        0.982     1.121    design_1_i/axi_smc/inst/clk_map/psr_aclk/U0/aclk
    SLICE_X51Y221        FDRE                                         r  design_1_i/axi_smc/inst/clk_map/psr_aclk/U0/ACTIVE_LOW_BSR_OUT_DFF[0].FDRE_BSR_N/C
  -------------------------------------------------------------------    -------------------
    SLICE_X51Y221        FDRE (Prop_DFF_SLICEL_C_Q)
                                                      0.039     1.160 r  design_1_i/axi_smc/inst/clk_map/psr_aclk/U0/ACTIVE_LOW_BSR_OUT_DFF[0].FDRE_BSR_N/Q
                         net (fo=27, routed)          0.300     1.459    design_1_i/axi_smc/inst/s00_nodes/s00_r_node/inst/s_sc_xpm_cdc_async_rst_inst/src_arst
    SLICE_X52Y208        FDCE                                         f  design_1_i/axi_smc/inst/s00_nodes/s00_r_node/inst/s_sc_xpm_cdc_async_rst_inst/arststages_ff_reg[2]/CLR  (IS_INVERTED)
  -------------------------------------------------------------------    -------------------

                         (clock clk_pl_0 rise edge)
                                                      0.000     0.000 r  
    PS8_X0Y0             PS8                          0.000     0.000 r  design_1_i/zynq_ultra_ps_e_0/inst/PS8_i/PLCLK[0]
                         net (fo=1, routed)           0.154     0.154    design_1_i/zynq_ultra_ps_e_0/inst/pl_clk_unbuffered[0]
    BUFG_PS_X0Y80        BUFG_PS (Prop_BUFG_PS_I_O)
                                                      0.018     0.172 r  design_1_i/zynq_ultra_ps_e_0/inst/buffer_pl_clk_0.PL_CLK_0_BUFG/O
    X1Y2 (CLOCK_ROOT)    net (fo=5377, routed)        1.094     1.266    design_1_i/axi_smc/inst/s00_nodes/s00_r_node/inst/s_sc_xpm_cdc_async_rst_inst/dest_clk
    SLICE_X52Y208        FDCE                                         r  design_1_i/axi_smc/inst/s00_nodes/s00_r_node/inst/s_sc_xpm_cdc_async_rst_inst/arststages_ff_reg[2]/C





