#
# A fatal error has been detected by the Java Runtime Environment:
#
#  SIGSEGV (0xb) at pc=0x00007e80a34d4452, pid=3309800, tid=3310268
#
# JRE version: OpenJDK Runtime Environment Temurin-21.0.5+11 (21.0.5+11) (build 21.0.5+11-LTS)
# Java VM: OpenJDK 64-Bit Server VM Temurin-21.0.5+11 (21.0.5+11-LTS, mixed mode, sharing, tiered, compressed oops, compressed class ptrs, g1 gc, linux-amd64)
# Problematic frame:
# C  [libstdc++.so.6+0xd4452]  std::_Rb_tree_insert_and_rebalance(bool, std::_Rb_tree_node_base*, std::_Rb_tree_node_base*, std::_Rb_tree_node_base&)+0x102
#
# Core dump will be written. Default location: Core dumps may be processed with "/usr/share/apport/apport -p%p -s%s -c%c -d%d -P%P -u%u -g%g -F%F -- %E" (or dumping to /home/pah/fpga_cnn_accelerator/FPGA-based-CNN-Accelerator-for-autonomous-vehicles/src/core.3309800)
#
# If you would like to submit a bug report, please visit:
#   https://github.com/adoptium/adoptium-support/issues
# The crash happened outside the Java Virtual Machine in native code.
# See problematic frame for where to report the bug.
#

---------------  S U M M A R Y ------------

Command Line: com.xilinx.rigel.app.RigelApp --port=0 --timeout=2

Host: AMD Ryzen 7 8845HS w/ Radeon 780M Graphics, 16 cores, 30G, Ubuntu 24.04.4 LTS
Time: Fri May 22 23:54:58 2026 +07 elapsed time: 97.131008 seconds (0d 0h 1m 37s)

---------------  T H R E A D  ---------------

Current thread (0x00007e80382ed9a0):  JavaThread "pool-2-thread-6"        [_thread_in_native, id=3310268, stack(0x00007e8063c00000,0x00007e8063d00000) (1024K)]

Stack: [0x00007e8063c00000,0x00007e8063d00000],  sp=0x00007e8063cfe008,  free space=1016k
Native frames: (J=compiled Java code, j=interpreted, Vv=VM code, C=native code)
C  [libstdc++.so.6+0xd4452]  std::_Rb_tree_insert_and_rebalance(bool, std::_Rb_tree_node_base*, std::_Rb_tree_node_base*, std::_Rb_tree_node_base&)+0x102
C  [libxv_platform.so+0x333478]  HSDXPfmFileTypes::getFileTypeMap[abi:cxx11]()+0x898
C  [libxv_platform.so+0x334645]  HSDXPfmFileTypes::toString[abi:cxx11](HSDXPfmFileTypes::FileType)+0x35
C  [libxv_platform.so+0x356e41]  HPLPlatform::getFile[abi:cxx11](HSDXPfmFileTypes::FileType) const+0x21
C  [libxv_platform.so+0x356cf0]  HPLPlatform::hasFile(HSDXPfmFileTypes::FileType) const+0x20
C  [libxv_platform.so+0x2d0c6a]  HSDXHardwarePlatform::supportsSegmentedConfiguration() const+0x1a
C  [libxv_platform.so+0x285340]  Java_ui_data_platform_platform_SDXHardwarePlatform_1supportsSegmentedConfiguration+0x20
j  ui.data.platform.platform.SDXHardwarePlatform_supportsSegmentedConfiguration(J)Z+0
j  ui.data.platform.SDXHardwarePlatform.supportsSegmentedConfiguration()Z+4
j  com.xilinx.rigel.frameworks.repo.platform.PlatformHelper.supportsSegmentedConfiguration(Lui/data/platform/SDXHardwarePlatform;)Z+5
j  com.xilinx.rigel.frameworks.repo.platform.PlatformHelper.listPlatforms(Ljava/lang/String;Lcom/xilinx/rigel/frameworks/repo/platform/data/TRequisite;Ljava/util/List;)Ljava/util/List;+355
j  com.xilinx.rigel.services.repository.RepositoryService.listPlatforms(Lcom/xilinx/rigel/services/repository/ListPlatformsRequest;Lio/grpc/stub/StreamObserver;)V+131
j  com.xilinx.rigel.services.repository.RepositoryServiceGrpc$MethodHandlers.invoke(Ljava/lang/Object;Lio/grpc/stub/StreamObserver;)V+247
j  io.grpc.stub.ServerCalls$UnaryServerCallHandler$UnaryServerCallListener.onHalfClose()V+53
j  io.grpc.internal.ServerCallImpl$ServerStreamListenerImpl.halfClosed()V+39
j  io.grpc.internal.ServerImpl$JumpToApplicationThreadServerStreamListener$1HalfClosed.runInContext()V+30
J 4683 c1 io.grpc.internal.ContextRunnable.run()V (35 bytes) @ 0x00007e8155034dd4 [0x00007e8155034c00+0x00000000000001d4]
J 4873 c1 io.grpc.internal.SerializingExecutor.run()V (114 bytes) @ 0x00007e815509c0d4 [0x00007e815509bd80+0x0000000000000354]
j  java.util.concurrent.ThreadPoolExecutor.runWorker(Ljava/util/concurrent/ThreadPoolExecutor$Worker;)V+92 java.base@21.0.5
j  java.util.concurrent.ThreadPoolExecutor$Worker.run()V+5 java.base@21.0.5
j  java.lang.Thread.runWith(Ljava/lang/Object;Ljava/lang/Runnable;)V+5 java.base@21.0.5
j  java.lang.Thread.run()V+19 java.base@21.0.5
v  ~StubRoutines::call_stub 0x00007e815bc5fcc6
V  [libjvm.so+0x912795]  JavaCalls::call_helper(JavaValue*, methodHandle const&, JavaCallArguments*, JavaThread*)+0x2e5
V  [libjvm.so+0x914112]  JavaCalls::call_virtual(JavaValue*, Handle, Klass*, Symbol*, Symbol*, JavaThread*)+0x1d2
V  [libjvm.so+0x9ebd8e]  thread_entry(JavaThread*, JavaThread*)+0x8e
V  [libjvm.so+0x92a798]  JavaThread::thread_main_inner()+0x1d8
V  [libjvm.so+0xf7eeb8]  Thread::call_run()+0xa8
V  [libjvm.so+0xd08a8a]  thread_native_entry(Thread*)+0xda
C  [libc.so.6+0x9caa4]
Java frames: (J=compiled Java code, j=interpreted, Vv=VM code)
j  ui.data.platform.platform.SDXHardwarePlatform_supportsSegmentedConfiguration(J)Z+0
j  ui.data.platform.SDXHardwarePlatform.supportsSegmentedConfiguration()Z+4
j  com.xilinx.rigel.frameworks.repo.platform.PlatformHelper.supportsSegmentedConfiguration(Lui/data/platform/SDXHardwarePlatform;)Z+5
j  com.xilinx.rigel.frameworks.repo.platform.PlatformHelper.listPlatforms(Ljava/lang/String;Lcom/xilinx/rigel/frameworks/repo/platform/data/TRequisite;Ljava/util/List;)Ljava/util/List;+355
j  com.xilinx.rigel.services.repository.RepositoryService.listPlatforms(Lcom/xilinx/rigel/services/repository/ListPlatformsRequest;Lio/grpc/stub/StreamObserver;)V+131
j  com.xilinx.rigel.services.repository.RepositoryServiceGrpc$MethodHandlers.invoke(Ljava/lang/Object;Lio/grpc/stub/StreamObserver;)V+247
j  io.grpc.stub.ServerCalls$UnaryServerCallHandler$UnaryServerCallListener.onHalfClose()V+53
j  io.grpc.internal.ServerCallImpl$ServerStreamListenerImpl.halfClosed()V+39
j  io.grpc.internal.ServerImpl$JumpToApplicationThreadServerStreamListener$1HalfClosed.runInContext()V+30
J 4683 c1 io.grpc.internal.ContextRunnable.run()V (35 bytes) @ 0x00007e8155034dd4 [0x00007e8155034c00+0x00000000000001d4]
J 4873 c1 io.grpc.internal.SerializingExecutor.run()V (114 bytes) @ 0x00007e815509c0d4 [0x00007e815509bd80+0x0000000000000354]
j  java.util.concurrent.ThreadPoolExecutor.runWorker(Ljava/util/concurrent/ThreadPoolExecutor$Worker;)V+92 java.base@21.0.5
j  java.util.concurrent.ThreadPoolExecutor$Worker.run()V+5 java.base@21.0.5
j  java.lang.Thread.runWith(Ljava/lang/Object;Ljava/lang/Runnable;)V+5 java.base@21.0.5
j  java.lang.Thread.run()V+19 java.base@21.0.5
v  ~StubRoutines::call_stub 0x00007e815bc5fcc6

siginfo: si_signo: 11 (SIGSEGV), si_code: 1 (SEGV_MAPERR), si_addr: 0x0000000000000010

Registers:
RAX=0x00007e80103c1f70, RBX=0x00007e80103c2010, RCX=0x0000000000000000, RDX=0x0000000000000000
RSP=0x00007e8063cfe008, RBP=0x00007e8063cfe030, RSI=0x00007e80103c2010, RDI=0x00007e8008272710
R8 =0x00007e80a2acd228, R9 =0x0000000000000050, R10=0x00007e80103c2890, R11=0x0000000000000070
R12=0x00007e80103c2048, R13=0x00007e80a2acd228, R14=0x0000000000000000, R15=0x00007e80103c1eb8
RIP=0x00007e80a34d4452, EFLAGS=0x0000000000010287, CSGSFS=0x002b000000000033, ERR=0x0000000000000004
  TRAPNO=0x000000000000000e


Register to memory mapping:

RAX=0x00007e80103c1f70 points into unknown readable memory: 0x00007e8000000001 | 01 00 00 00 80 7e 00 00
RBX=0x00007e80103c2010 points into unknown readable memory: 0x00007e8000000001 | 01 00 00 00 80 7e 00 00
RCX=0x0 is null
RDX=0x0 is null
RSP=0x00007e8063cfe008 is pointing into the stack for thread: 0x00007e80382ed9a0
RBP=0x00007e8063cfe030 is pointing into the stack for thread: 0x00007e80382ed9a0
RSI=0x00007e80103c2010 points into unknown readable memory: 0x00007e8000000001 | 01 00 00 00 80 7e 00 00
RDI=0x00007e8008272710 points into unknown readable memory: 0x00007e8000000001 | 01 00 00 00 80 7e 00 00
R8 =0x00007e80a2acd228: <offset 0x00000000004cd228> in /home/pah/tools/Xilinx_20252/2025.2/Vitis/lib/lnx64.o/libxv_platform.so at 0x00007e80a2600000
R9 =0x0000000000000050 is an unknown value
R10=0x00007e80103c2890 points into unknown readable memory: 0x00000000000002c0 | c0 02 00 00 00 00 00 00
R11=0x0000000000000070 is an unknown value
R12=0x00007e80103c2048 points into unknown readable memory: 0x0000000000000000 | 00 00 00 00 00 00 00 00
R13=0x00007e80a2acd228: <offset 0x00000000004cd228> in /home/pah/tools/Xilinx_20252/2025.2/Vitis/lib/lnx64.o/libxv_platform.so at 0x00007e80a2600000
R14=0x0 is null
R15=0x00007e80103c1eb8 points into unknown readable memory: 0x5f444c4955424552 | 52 45 42 55 49 4c 44 5f

Top of Stack: (sp=0x00007e8063cfe008)
0x00007e8063cfe008:   00007e80a2932b7b 00007e8063cfe058
0x00007e8063cfe018:   00007e8063cfe0a0 00007e80a2acd228
0x00007e8063cfe028:   00007e80a2acd228 00007e8063cfe090
0x00007e8063cfe038:   00007e80a2933478 6674616c0000000b
0x00007e8063cfe048:   00007e80a2acd228 00007e8063cfe2a0
0x00007e8063cfe058:   6d8b16dc00000018 00007e80382ee0a0
0x00007e8063cfe068:   0000000000000009 00007e8063cfe0a0
0x00007e8063cfe078:   00007e8063cfe110 00007e8063cfe120
0x00007e8063cfe088:   00007e80382ed9a0 00007e8063cfe100
0x00007e8063cfe098:   00007e80a2934645 00007e8000000004
0x00007e8063cfe0a8:   00000000000003d8 00007e80d0200c20
0x00007e8063cfe0b8:   00007e80d0200c30 00007e80d0201008
0x00007e8063cfe0c8:   00007e80d0200c30 0000000000000006
0x00007e8063cfe0d8:   00007e8063cfe110 00007e80158855e0
0x00007e8063cfe0e8:   00007e8063cfe160 00007e8063cfe2e8
0x00007e8063cfe0f8:   00007e80382ed9a0 00007e8063cfe150
0x00007e8063cfe108:   00007e80a2956e41 00007e8063cfe120
0x00007e8063cfe118:   0000000000000000 00007e816c16b900
0x00007e8063cfe128:   00007e8174aa1ad2 0000000000000006
0x00007e8063cfe138:   00007e8063cfe160 0000000000000000
0x00007e8063cfe148:   00007e80ebb75ad8 00007e8063cfe190
0x00007e8063cfe158:   00007e80a2956cf0 000000000000000d
0x00007e8063cfe168:   00007e8063cfe210 00007e80382ed9a0
0x00007e8063cfe178:   00007e80382ed980 00007e80158855e0
0x00007e8063cfe188:   0000000000000000 00007e8063cfe1b0
0x00007e8063cfe198:   00007e80a28d0c6a 00007e816c16b9c0
0x00007e8063cfe1a8:   00007e80382edd58 00007e8063cfe250
0x00007e8063cfe1b8:   00007e80a2885340 00007e816c15bbf0
0x00007e8063cfe1c8:   0000000000000006 00007e80ee37af68
0x00007e8063cfe1d8:   00007e80382ed9a0 00007e8063cfe210
0x00007e8063cfe1e8:   00007e80382ed980 00007e8063cfe2e8
0x00007e8063cfe1f8:   00007e80382ed9a0 00007e8063cfe240 

Instructions: (pc=0x00007e80a34d4452)
0x00007e80a34d4352:   1e fa 48 89 56 08 49 89 c8 48 c7 46 10 00 00 00
0x00007e80a34d4362:   00 48 c7 46 18 00 00 00 00 c7 06 00 00 00 00 40
0x00007e80a34d4372:   84 ff 74 2a 48 89 72 10 48 39 d1 0f 84 75 02 00
0x00007e80a34d4382:   00 48 8b 79 08 48 89 f8 48 39 51 10 75 25 48 89
0x00007e80a34d4392:   71 10 eb 1f 66 2e 0f 1f 84 00 00 00 00 00 48 89
0x00007e80a34d43a2:   72 18 48 39 51 18 0f 84 3a 02 00 00 49 8b 78 08
0x00007e80a34d43b2:   48 89 f8 48 39 fe 75 34 e9 dc 00 00 00 90 48 85
0x00007e80a34d43c2:   c9 74 73 44 8b 09 45 85 c9 75 6b c7 02 01 00 00
0x00007e80a34d43d2:   00 c7 01 01 00 00 00 c7 00 00 00 00 00 48 89 c6
0x00007e80a34d43e2:   48 89 f8 48 39 f7 0f 84 ad 00 00 00 48 8b 56 08
0x00007e80a34d43f2:   8b 0a 85 c9 0f 85 9f 00 00 00 48 8b 42 08 48 8b
0x00007e80a34d4402:   48 10 48 39 d1 75 b7 4c 8b 48 18 4d 85 c9 0f 84
0x00007e80a34d4412:   92 00 00 00 45 8b 11 45 85 d2 0f 85 86 00 00 00
0x00007e80a34d4422:   c7 01 01 00 00 00 41 c7 01 01 00 00 00 eb a8 0f
0x00007e80a34d4432:   1f 80 00 00 00 00 48 39 72 10 0f 84 de 00 00 00
0x00007e80a34d4442:   c7 02 01 00 00 00 48 8b 50 18 c7 00 00 00 00 00
0x00007e80a34d4452:   48 8b 4a 10 48 89 48 18 48 85 c9 74 04 48 89 41
0x00007e80a34d4462:   08 48 8b 48 08 48 89 4a 08 49 3b 40 08 0f 84 8b
0x00007e80a34d4472:   00 00 00 48 3b 41 10 0f 84 91 00 00 00 48 89 51
0x00007e80a34d4482:   18 48 89 42 10 48 89 50 08 49 8b 78 08 48 89 f8
0x00007e80a34d4492:   48 39 f7 0f 85 53 ff ff ff c7 00 01 00 00 00 c3
0x00007e80a34d44a2:   66 0f 1f 44 00 00 48 39 72 18 0f 84 de 00 00 00
0x00007e80a34d44b2:   c7 02 01 00 00 00 48 8b 51 18 c7 00 00 00 00 00
0x00007e80a34d44c2:   48 89 50 10 48 85 d2 74 04 48 89 42 08 48 8b 50
0x00007e80a34d44d2:   08 48 89 51 08 49 3b 40 08 0f 84 8f 00 00 00 48
0x00007e80a34d44e2:   3b 42 18 0f 84 95 00 00 00 48 89 4a 10 48 89 41
0x00007e80a34d44f2:   18 48 89 48 08 49 8b 78 08 e9 e2 fe ff ff 49 89
0x00007e80a34d4502:   50 08 e9 7a ff ff ff 0f 1f 80 00 00 00 00 48 89
0x00007e80a34d4512:   51 10 e9 6a ff ff ff 0f 1f 80 00 00 00 00 48 8b
0x00007e80a34d4522:   7e 18 48 89 c1 48 89 7a 10 48 85 ff 74 08 48 89
0x00007e80a34d4532:   57 08 48 8b 4a 08 48 89 4e 08 49 3b 50 08 0f 84
0x00007e80a34d4542:   92 00 00 00 48 3b 51 18 0f 84 d0 00 00 00 48 89 


Stack slot to memory mapping:

stack at sp + 0 slots: 0x00007e80a2932b7b: <offset 0x0000000000332b7b> in /home/pah/tools/Xilinx_20252/2025.2/Vitis/lib/lnx64.o/libxv_platform.so at 0x00007e80a2600000
stack at sp + 1 slots: 0x00007e8063cfe058 is pointing into the stack for thread: 0x00007e80382ed9a0
stack at sp + 2 slots: 0x00007e8063cfe0a0 is pointing into the stack for thread: 0x00007e80382ed9a0
stack at sp + 3 slots: 0x00007e80a2acd228: <offset 0x00000000004cd228> in /home/pah/tools/Xilinx_20252/2025.2/Vitis/lib/lnx64.o/libxv_platform.so at 0x00007e80a2600000
stack at sp + 4 slots: 0x00007e80a2acd228: <offset 0x00000000004cd228> in /home/pah/tools/Xilinx_20252/2025.2/Vitis/lib/lnx64.o/libxv_platform.so at 0x00007e80a2600000
stack at sp + 5 slots: 0x00007e8063cfe090 is pointing into the stack for thread: 0x00007e80382ed9a0
stack at sp + 6 slots: 0x00007e80a2933478: _ZN16HSDXPfmFileTypes14getFileTypeMapB5cxx11Ev+0x0000000000000898 in /home/pah/tools/Xilinx_20252/2025.2/Vitis/lib/lnx64.o/libxv_platform.so at 0x00007e80a2600000
stack at sp + 7 slots: 0x6674616c0000000b is an unknown value


Compiled method (c1) 97152 4683   !   3       io.grpc.internal.ContextRunnable::run (35 bytes)
 total in heap  [0x00007e8155034a10,0x00007e81550351d8] = 1992
 relocation     [0x00007e8155034b68,0x00007e8155034be8] = 128
 main code      [0x00007e8155034c00,0x00007e8155035020] = 1056
 stub code      [0x00007e8155035020,0x00007e8155035090] = 112
 oops           [0x00007e8155035090,0x00007e8155035098] = 8
 metadata       [0x00007e8155035098,0x00007e81550350a0] = 8
 scopes data    [0x00007e81550350a0,0x00007e81550350f8] = 88
 scopes pcs     [0x00007e81550350f8,0x00007e8155035198] = 160
 dependencies   [0x00007e8155035198,0x00007e81550351a0] = 8
 handler table  [0x00007e81550351a0,0x00007e81550351b8] = 24
 nul chk table  [0x00007e81550351b8,0x00007e81550351d8] = 32

[Constant Pool (empty)]

[MachCode]
[Entry Point]
  # {method} {0x00007e80ed5243a8} 'run' '()V' in 'io/grpc/internal/ContextRunnable'
  #           [sp+0x50]  (sp of caller)
  0x00007e8155034c00: 448b 5608 | 49bb 0000 | 00ef 807e | 0000 4d03 | d34c 3bd0 

  0x00007e8155034c14: ;   {runtime_call ic_miss_stub}
  0x00007e8155034c14: 0f85 6686 | c706 660f | 1f44 0000 
[Verified Entry Point]
  0x00007e8155034c20: 8984 2400 | c0fe ff55 | 4883 ec40 | 4181 7f20 | 0500 0000 

  0x00007e8155034c34: ;   {runtime_call StubRoutines (final stubs)}
  0x00007e8155034c34: 7405 e8e5 

  0x00007e8155034c38: ;   {metadata(method data for {method} {0x00007e80ed5243a8} 'run' '()V' in 'io/grpc/internal/ContextRunnable')}
  0x00007e8155034c38: 05c6 0648 | bf40 ae04 | ee80 7e00 | 008b 9ff4 | 0000 0083 | c302 899f | f400 0000 | 81e3 fe07 
  0x00007e8155034c58: 0000 85db | 0f84 3c03 | 0000 8b7e | 0c48 c1e7 | 0348 3b07 

  0x00007e8155034c6c: ;   {metadata(method data for {method} {0x00007e80ed5243a8} 'run' '()V' in 'io/grpc/internal/ContextRunnable')}
  0x00007e8155034c6c: 488b df48 | b840 ae04 | ee80 7e00 | 008b 5b08 | 49ba 0000 | 00ef 807e | 0000 4903 | da48 3b98 
  0x00007e8155034c8c: 4801 0000 | 750d 4883 | 8050 0100 | 0001 e960 | 0000 0048 | 3b98 5801 | 0000 750d | 4883 8060 
  0x00007e8155034cac: 0100 0001 | e94a 0000 | 0048 83b8 | 4801 0000 | 0075 1748 | 8998 4801 | 0000 48c7 | 8050 0100 
  0x00007e8155034ccc: 0001 0000 | 00e9 2900 | 0000 4883 | b858 0100 | 0000 7517 | 4889 9858 | 0100 0048 | c780 6001 
  0x00007e8155034cec: 0000 0100 | 0000 e908 | 0000 0048 | 8380 3801 | 0000 0148 | 8974 2418 | 488b f766 | 0f1f 4400 
  0x00007e8155034d0c: 0048 b8c8 | b64b f080 

  0x00007e8155034d14: ;   {virtual_call}
  0x00007e8155034d14: 7e00 00e8 

  0x00007e8155034d18: ; ImmutableOopMap {[24]=Oop }
                      ;*invokevirtual attach {reexecute=0 rethrow=0 return_oop=0}
                      ; - io.grpc.internal.ContextRunnable::run@4 (line 35)
  0x00007e8155034d18: a4ee ffff 

  0x00007e8155034d1c: ;   {other}
  0x00007e8155034d1c: 0f1f 8400 | 0c03 0000 | 4889 4424 | 2048 8b74 

  0x00007e8155034d2c: ;   {metadata(method data for {method} {0x00007e80ed5243a8} 'run' '()V' in 'io/grpc/internal/ContextRunnable')}
  0x00007e8155034d2c: 2418 48bf | 40ae 04ee | 807e 0000 | 8b76 0849 | ba00 0000 | ef80 7e00 | 0049 03f2 | 483b b780 
  0x00007e8155034d4c: 0100 0075 | 0d48 8387 | 8801 0000 | 01e9 6000 | 0000 483b | b790 0100 | 0075 0d48 | 8387 9801 
  0x00007e8155034d6c: 0000 01e9 | 4a00 0000 | 4883 bf80 | 0100 0000 | 7517 4889 | b780 0100 | 0048 c787 | 8801 0000 
  0x00007e8155034d8c: 0100 0000 | e929 0000 | 0048 83bf | 9001 0000 | 0075 1748 | 89b7 9001 | 0000 48c7 | 8798 0100 
  0x00007e8155034dac: 0001 0000 | 00e9 0800 | 0000 4883 | 8770 0100 | 0001 488b | 7424 1866 | 9048 b8ff | ffff ffff 
  0x00007e8155034dcc: ;   {virtual_call}
  0x00007e8155034dcc: ffff ffe8 

  0x00007e8155034dd0: ; ImmutableOopMap {[24]=Oop [32]=Oop }
                      ;*invokevirtual runInContext {reexecute=0 rethrow=0 return_oop=0}
                      ; - io.grpc.internal.ContextRunnable::run@9 (line 37)
  0x00007e8155034dd0: f4df de06 

  0x00007e8155034dd4: ;   {other}
  0x00007e8155034dd4: 0f1f 8400 | c403 0001 | 488b 7424 | 188b 760c | 48c1 e603 

  0x00007e8155034de8: ; implicit exception: dispatches to 0x00007e8155034fc4
  0x00007e8155034de8: 483b 0648 

  0x00007e8155034dec: ;   {metadata(method data for {method} {0x00007e80ed5243a8} 'run' '()V' in 'io/grpc/internal/ContextRunnable')}
  0x00007e8155034dec: 8bd6 48bf | 40ae 04ee | 807e 0000 | 8b52 0849 | ba00 0000 | ef80 7e00 | 0049 03d2 | 483b 97b8 
  0x00007e8155034e0c: 0100 0075 | 0d48 8387 | c001 0000 | 01e9 6000 | 0000 483b | 97c8 0100 | 0075 0d48 | 8387 d001 
  0x00007e8155034e2c: 0000 01e9 | 4a00 0000 | 4883 bfb8 | 0100 0000 | 7517 4889 | 97b8 0100 | 0048 c787 | c001 0000 
  0x00007e8155034e4c: 0100 0000 | e929 0000 | 0048 83bf | c801 0000 | 0075 1748 | 8997 c801 | 0000 48c7 | 87d0 0100 
  0x00007e8155034e6c: 0001 0000 | 00e9 0800 | 0000 4883 | 87a8 0100 | 0001 488b | 5424 2066 | 9048 b8c8 | b64b f080 
  0x00007e8155034e8c: ;   {virtual_call}
  0x00007e8155034e8c: 7e00 00e8 

  0x00007e8155034e90: ; ImmutableOopMap {}
                      ;*invokevirtual detach {reexecute=0 rethrow=0 return_oop=0}
                      ; - io.grpc.internal.ContextRunnable::run@17 (line 39)
  0x00007e8155034e90: 2c05 0000 

  0x00007e8155034e94: ;   {other}
  0x00007e8155034e94: 0f1f 8400 | 8404 0002 

  0x00007e8155034e9c: ;   {metadata(method data for {method} {0x00007e80ed5243a8} 'run' '()V' in 'io/grpc/internal/ContextRunnable')}
  0x00007e8155034e9c: 48b8 40ae | 04ee 807e | 0000 ff80 | e001 0000 | 4883 c440 

  0x00007e8155034eb0: ;   {poll_return}
  0x00007e8155034eb0: 5d49 3ba7 | 4804 0000 | 0f87 0b01 | 0000 c349 | 8b87 f804 | 0000 4d33 | d24d 8997 | f804 0000 
  0x00007e8155034ed0: 4d33 d24d | 8997 0005 | 0000 8b76 | 0c48 c1e6 | 0348 3b06 

  0x00007e8155034ee4: ;   {metadata(method data for {method} {0x00007e80ed5243a8} 'run' '()V' in 'io/grpc/internal/ContextRunnable')}
  0x00007e8155034ee4: 488b fe48 | bb40 ae04 | ee80 7e00 | 008b 7f08 | 49ba 0000 | 00ef 807e | 0000 4903 | fa48 3bbb 
  0x00007e8155034f04: 0802 0000 | 750d 4883 | 8310 0200 | 0001 e960 | 0000 0048 | 3bbb 1802 | 0000 750d | 4883 8320 
  0x00007e8155034f24: 0200 0001 | e94a 0000 | 0048 83bb | 0802 0000 | 0075 1748 | 89bb 0802 | 0000 48c7 | 8310 0200 
  0x00007e8155034f44: 0001 0000 | 00e9 2900 | 0000 4883 | bb18 0200 | 0000 7517 | 4889 bb18 | 0200 0048 | c783 2002 
  0x00007e8155034f64: 0000 0100 | 0000 e908 | 0000 0048 | 8383 f801 | 0000 0148 | 8944 2428 | 9048 b8ff | ffff ffff 
  0x00007e8155034f84: ;   {virtual_call}
  0x00007e8155034f84: ffff ffe8 

  0x00007e8155034f88: ; ImmutableOopMap {[40]=Oop }
                      ;*invokevirtual detach {reexecute=0 rethrow=0 return_oop=0}
                      ; - io.grpc.internal.ContextRunnable::run@29 (line 39)
  0x00007e8155034f88: f48c c706 

  0x00007e8155034f8c: ;   {other}
  0x00007e8155034f8c: 0f1f 8400 | 7c05 0003 | 488b 4424 | 28e9 7200 

  0x00007e8155034f9c: ;   {metadata({method} {0x00007e80ed5243a8} 'run' '()V' in 'io/grpc/internal/ContextRunnable')}
  0x00007e8155034f9c: 0000 49ba | a843 52ed | 807e 0000 | 4c89 5424 | 0848 c704 | 24ff ffff 

  0x00007e8155034fb4: ;   {runtime_call counter_overflow Runtime1 stub}
  0x00007e8155034fb4: ffe8 46ef 

  0x00007e8155034fb8: ; ImmutableOopMap {rsi=Oop }
                      ;*synchronization entry
                      ; - io.grpc.internal.ContextRunnable::run@-1 (line 35)
  0x00007e8155034fb8: d406 e9a3 

  0x00007e8155034fbc: ;   {runtime_call throw_null_pointer_exception Runtime1 stub}
  0x00007e8155034fbc: fcff ffe8 

  0x00007e8155034fc0: ; ImmutableOopMap {rsi=Oop rdi=Oop }
                      ;*invokevirtual attach {reexecute=0 rethrow=0 return_oop=0}
                      ; - io.grpc.internal.ContextRunnable::run@4 (line 35)
  0x00007e8155034fc0: dc80 d406 

  0x00007e8155034fc4: ;   {runtime_call throw_null_pointer_exception Runtime1 stub}
  0x00007e8155034fc4: e8d7 80d4 

  0x00007e8155034fc8: ; ImmutableOopMap {rsi=Oop [32]=Oop }
                      ;*invokevirtual detach {reexecute=0 rethrow=0 return_oop=0}
                      ; - io.grpc.internal.ContextRunnable::run@17 (line 39)
                      ;   {internal_word}
  0x00007e8155034fc8: 0649 bab1 | 4e03 5581 | 7e00 004d | 8997 6004 

  0x00007e8155034fd8: ;   {runtime_call SafepointBlob}
  0x00007e8155034fd8: 0000 e921 

  0x00007e8155034fdc: ;   {runtime_call throw_null_pointer_exception Runtime1 stub}
  0x00007e8155034fdc: 04c8 06e8 

  0x00007e8155034fe0: ; ImmutableOopMap {rdx=Oop rax=Oop rsi=Oop }
                      ;*invokevirtual detach {reexecute=0 rethrow=0 return_oop=0}
                      ; - io.grpc.internal.ContextRunnable::run@29 (line 39)
  0x00007e8155034fe0: bc80 d406 | 488b 5424 | 2048 8b74 | 2418 e9cc | feff ff49 | 8b87 f804 | 0000 49c7 | 87f8 0400 
  0x00007e8155035000: 0000 0000 | 0049 c787 | 0005 0000 | 0000 0000 | 4883 c440 

  0x00007e8155035014: ;   {runtime_call unwind_exception Runtime1 stub}
  0x00007e8155035014: 5de9 6671 | d406 f4f4 | f4f4 f4f4 
[Stub Code]
  0x00007e8155035020: ;   {no_reloc}
  0x00007e8155035020: 0f1f 4400 

  0x00007e8155035024: ;   {static_stub}
  0x00007e8155035024: 0048 bb00 | 0000 0000 

  0x00007e815503502c: ;   {runtime_call nmethod}
  0x00007e815503502c: 0000 00e9 | fbff ffff 

  0x00007e8155035034: ;   {static_stub}
  0x00007e8155035034: 9048 bb00 | 0000 0000 

  0x00007e815503503c: ;   {runtime_call nmethod}
  0x00007e815503503c: 0000 00e9 | fbff ffff 

  0x00007e8155035044: ;   {static_stub}
  0x00007e8155035044: 9048 bb00 | 0000 0000 

  0x00007e815503504c: ;   {runtime_call nmethod}
  0x00007e815503504c: 0000 00e9 | fbff ffff 

  0x00007e8155035054: ;   {static_stub}
  0x00007e8155035054: 9048 bb00 | 0000 0000 

  0x00007e815503505c: ;   {runtime_call nmethod}
  0x00007e815503505c: 0000 00e9 | fbff ffff 
[Exception Handler]
  0x00007e8155035064: ;   {runtime_call handle_exception_from_callee Runtime1 stub}
  0x00007e8155035064: e817 aed4 

  0x00007e8155035068: ;   {external_word}
  0x00007e8155035068: 0648 bf07 | 0152 7481 | 7e00 0048 

  0x00007e8155035074: ;   {runtime_call MacroAssembler::debug64(char*, long, long*)}
  0x00007e8155035074: 83e4 f0e8 | 948b fc1e 

  0x00007e815503507c: ;   {section_word}
  0x00007e815503507c: f449 ba7d | 5003 5581 | 7e00 0041 

  0x00007e8155035088: ;   {runtime_call DeoptimizationBlob}
  0x00007e8155035088: 52e9 1218 | c806 f4f4 
[/MachCode]


Compiled method (c1) 97158 4873   !   3       io.grpc.internal.SerializingExecutor::run (114 bytes)
 total in heap  [0x00007e815509ba90,0x00007e815509d388] = 6392
 relocation     [0x00007e815509bbe8,0x00007e815509bd80] = 408
 main code      [0x00007e815509bd80,0x00007e815509cb78] = 3576
 stub code      [0x00007e815509cb78,0x00007e815509cc68] = 240
 oops           [0x00007e815509cc68,0x00007e815509cc90] = 40
 metadata       [0x00007e815509cc90,0x00007e815509cce8] = 88
 scopes data    [0x00007e815509cce8,0x00007e815509cf38] = 592
 scopes pcs     [0x00007e815509cf38,0x00007e815509d1b8] = 640
 dependencies   [0x00007e815509d1b8,0x00007e815509d1c0] = 8
 handler table  [0x00007e815509d1c0,0x00007e815509d340] = 384
 nul chk table  [0x00007e815509d340,0x00007e815509d388] = 72

[Constant Pool (empty)]

[MachCode]
[Entry Point]
  # {method} {0x00007e80ed50dc10} 'run' '()V' in 'io/grpc/internal/SerializingExecutor'
  #           [sp+0xc0]  (sp of caller)
  0x00007e815509bd80: 448b 5608 | 49bb 0000 | 00ef 807e | 0000 4d03 | d34c 3bd0 

  0x00007e815509bd94: ;   {runtime_call ic_miss_stub}
  0x00007e815509bd94: 0f85 e614 | c106 660f | 1f44 0000 
[Verified Entry Point]
  0x00007e815509bda0: 8984 2400 | c0fe ff55 | 4881 ecb0 | 0000 0090 | 4181 7f20 | 0500 0000 

  0x00007e815509bdb8: ;   {runtime_call StubRoutines (final stubs)}
  0x00007e815509bdb8: 7405 e861 | 94bf 0648 | 8974 2468 

  0x00007e815509bdc4: ;   {metadata(method data for {method} {0x00007e80ed50dc10} 'run' '()V' in 'io/grpc/internal/SerializingExecutor')}
  0x00007e815509bdc4: 48bf 60f3 | 05ee 807e | 0000 8b9f | f400 0000 | 83c3 0289 | 9ff4 0000 | 0081 e3fe | 0700 0085 
  0x00007e815509bde4: db0f 8456 | 0b00 008b | 7e10 48c1 | e703 4889 | 7c24 7090 | 8b5e 1048 | c1e3 0348 

  0x00007e815509be00: ;   {metadata(method data for {method} {0x00007e80ed50dc10} 'run' '()V' in 'io/grpc/internal/SerializingExecutor')}
  0x00007e815509be00: 3bfb 48bb | 60f3 05ee | 807e 0000 | 48c7 c038 | 0100 0075 | 0748 c7c0 | 4801 0000 | 488b 1403 
  0x00007e815509be20: 488d 5201 | 4889 1403 | 0f85 8e08 | 0000 8b5e | 1448 c1e3 | 0348 3b03 

  0x00007e815509be38: ;   {metadata(method data for {method} {0x00007e80ed50dc10} 'run' '()V' in 'io/grpc/internal/SerializingExecutor')}
  0x00007e815509be38: 488b c348 | ba60 f305 | ee80 7e00 | 008b 4008 | 49ba 0000 | 00ef 807e | 0000 4903 | c248 3b82 
  0x00007e815509be58: 6801 0000 | 750d 4883 | 8270 0100 | 0001 e960 | 0000 0048 | 3b82 7801 | 0000 750d | 4883 8280 
  0x00007e815509be78: 0100 0001 | e94a 0000 | 0048 83ba | 6801 0000 | 0075 1748 | 8982 6801 | 0000 48c7 | 8270 0100 
  0x00007e815509be98: 0001 0000 | 00e9 2900 | 0000 4883 | ba78 0100 | 0000 7517 | 4889 8278 | 0100 0048 | c782 8001 
  0x00007e815509beb8: 0000 0100 | 0000 e908 | 0000 0048 | 8382 5801 | 0000 0148 | 8bf3 0f1f | 8000 0000 | 0048 b8a8 
  0x00007e815509bed8: 1f06 f080 

  0x00007e815509bedc: ;   {virtual_call}
  0x00007e815509bedc: 7e00 00e8 

  0x00007e815509bee0: ; ImmutableOopMap {[104]=Oop [112]=Oop }
                      ;*invokeinterface poll {reexecute=0 rethrow=0 return_oop=0}
                      ; - io.grpc.internal.SerializingExecutor::run@17 (line 131)
  0x00007e815509bee0: 5c86 bfff 

  0x00007e815509bee4: ;   {other}
  0x00007e815509bee4: 0f1f 8400 | 5404 0000 | 4885 c075 

  0x00007e815509bef0: ;   {metadata(method data for {method} {0x00007e80ed50dc10} 'run' '()V' in 'io/grpc/internal/SerializingExecutor')}
  0x00007e815509bef0: 1648 bb60 | f305 ee80 | 7e00 0080 | 8b89 0100 | 0001 e9e7 

  0x00007e815509bf04: ;   {metadata('java/lang/Runnable')}
  0x00007e815509bf04: 0000 0048 | bfe0 7c01 | ef80 7e00 | 008b 5808 | 49ba 0000 | 00ef 807e | 0000 4903 | da48 3b7b 
  0x00007e815509bf24: 200f 841a | 0000 0048 | 3bdf 0f84 | 1100 0000 

  0x00007e815509bf34: ;   {runtime_call slow_subtype_check Runtime1 stub}
  0x00007e815509bf34: 5357 e845 | 51ce 065b | 5b85 db0f | 848d 0000 

  0x00007e815509bf44: ;   {metadata(method data for {method} {0x00007e80ed50dc10} 'run' '()V' in 'io/grpc/internal/SerializingExecutor')}
  0x00007e815509bf44: 0048 bb60 | f305 ee80 | 7e00 008b | 7808 49ba | 0000 00ef | 807e 0000 | 4903 fa48 | 3bbb a001 
  0x00007e815509bf64: 0000 750d | 4883 83a8 | 0100 0001 | e979 0000 | 0048 3bbb | b001 0000 | 750d 4883 | 83b8 0100 
  0x00007e815509bf84: 0001 e963 | 0000 0048 | 83bb a001 | 0000 0075 | 1748 89bb | a001 0000 | 48c7 83a8 | 0100 0001 
  0x00007e815509bfa4: 0000 00e9 | 4200 0000 | 4883 bbb0 | 0100 0000 | 7517 4889 | bbb0 0100 | 0048 c783 | b801 0000 
  0x00007e815509bfc4: 0100 0000 | e921 0000 | 00e9 1c00 

  0x00007e815509bfd0: ;   {metadata(method data for {method} {0x00007e80ed50dc10} 'run' '()V' in 'io/grpc/internal/SerializingExecutor')}
  0x00007e815509bfd0: 0000 48bb | 60f3 05ee | 807e 0000 | 4883 ab90 | 0100 0001 | e97e 0900 | 00e9 0000 | 0000 488b 
  0x00007e815509bff0: f848 897c | 2478 4885 

  0x00007e815509bff8: ;   {metadata(method data for {method} {0x00007e80ed50dc10} 'run' '()V' in 'io/grpc/internal/SerializingExecutor')}
  0x00007e815509bff8: ff48 be60 | f305 ee80 | 7e00 0048 | c7c3 c801 | 0000 7407 | 48c7 c3d8 | 0100 0048 | 8b04 1e48 
  0x00007e815509c018: 8d40 0148 | 8904 1e0f | 8497 0600 | 0048 3b07 

  0x00007e815509c028: ;   {metadata(method data for {method} {0x00007e80ed50dc10} 'run' '()V' in 'io/grpc/internal/SerializingExecutor')}
  0x00007e815509c028: 488b f748 | bb60 f305 | ee80 7e00 | 008b 7608 | 49ba 0000 | 00ef 807e | 0000 4903 | f248 3bb3 
  0x00007e815509c048: f801 0000 | 750d 4883 | 8300 0200 | 0001 e960 | 0000 0048 | 3bb3 0802 | 0000 750d | 4883 8310 
  0x00007e815509c068: 0200 0001 | e94a 0000 | 0048 83bb | f801 0000 | 0075 1748 | 89b3 f801 | 0000 48c7 | 8300 0200 
  0x00007e815509c088: 0001 0000 | 00e9 2900 | 0000 4883 | bb08 0200 | 0000 7517 | 4889 b308 | 0200 0048 | c783 1002 
  0x00007e815509c0a8: 0000 0100 | 0000 e908 | 0000 0048 | 8383 e801 | 0000 0148 | 8bf7 0f1f | 8000 0000 | 0048 b8b0 
  0x00007e815509c0c8: a621 2480 

  0x00007e815509c0cc: ;   {virtual_call}
  0x00007e815509c0cc: 7e00 00e8 

  0x00007e815509c0d0: ; ImmutableOopMap {[104]=Oop [112]=Oop [120]=Oop }
                      ;*invokeinterface run {reexecute=0 rethrow=0 return_oop=0}
                      ; - io.grpc.internal.SerializingExecutor::run@31 (line 133)
  0x00007e815509c0d0: bc69 d806 

  0x00007e815509c0d4: ;   {other}
  0x00007e815509c0d4: 0f1f 8400 | 4406 0001 | e98b 0500 | 0049 8b87 | f804 0000 | 4d33 d24d | 8997 f804 | 0000 4d33 
  0x00007e815509c0f4: d24d 8997 | 0005 0000 | 4889 8424 | 8800 0000 | 0f1f 4000 

  0x00007e815509c108: ;   {no_reloc}
  0x00007e815509c108: e977 0800 | 0000 0000 | 0000 498b | 87b8 0100 | 0048 8d78 | 1849 3bbf | c801 0000 | 0f87 6408 
  0x00007e815509c128: 0000 4989 | bfb8 0100 | 0048 c700 | 0100 0000 | 488b ca49 | ba00 0000 | ef80 7e00 | 0049 2bca 
  0x00007e815509c148: 8948 0848 | 33c9 8948 | 0c48 33c9 | 4889 4810 

  0x00007e815509c158: ;   {metadata(method data for {method} {0x00007e80ed50dc10} 'run' '()V' in 'io/grpc/internal/SerializingExecutor')}
  0x00007e815509c158: 488b d048 | be60 f305 | ee80 7e00 | 0048 8386 | 3802 0000 

  0x00007e815509c16c: ;   {metadata(method data for {method} {0x00007e80ef45d530} '<init>' '()V' in 'java/lang/StringBuilder')}
  0x00007e815509c16c: 0148 ba38 | 1c01 eb80 | 7e00 008b | b2f4 0000 | 0083 c602 | 89b2 f400 | 0000 81e6 | feff 1f00 
  0x00007e815509c18c: 85f6 0f84 | 0708 0000 

  0x00007e815509c194: ;   {metadata(method data for {method} {0x00007e80ef45d530} '<init>' '()V' in 'java/lang/StringBuilder')}
  0x00007e815509c194: 488b d048 | be38 1c01 | eb80 7e00 | 0048 8386 | 3801 0000 | 01ba 1000 | 0000 488b | f048 8984 
  0x00007e815509c1b4: 2480 0000 | 0066 0f1f 

  0x00007e815509c1bc: ;   {optimized virtual_call}
  0x00007e815509c1bc: 4400 00e8 

  0x00007e815509c1c0: ; ImmutableOopMap {[104]=Oop [112]=Oop [120]=Oop [128]=Oop [136]=Oop }
                      ;*invokespecial <init> {reexecute=0 rethrow=0 return_oop=0}
                      ; - java.lang.StringBuilder::<init>@3 (line 106)
                      ; - io.grpc.internal.SerializingExecutor::run@50 (line 136)
  0x00007e815509c1c0: bc15 c106 

  0x00007e815509c1c4: ;   {other}
  0x00007e815509c1c4: 0f1f 8400 | 3407 0002 | 488b 8424 | 8000 0000 

  0x00007e815509c1d4: ;   {metadata(method data for {method} {0x00007e80ed50dc10} 'run' '()V' in 'io/grpc/internal/SerializingExecutor')}
  0x00007e815509c1d4: 48ba 60f3 | 05ee 807e | 0000 4883 | 8248 0200 

  0x00007e815509c1e4: ;   {metadata(method data for {method} {0x00007e80ef45d320} 'append' '(Ljava/lang/String;)Ljava/lang/StringBuilder;' in 'java/lang/StringBuilder')}
  0x00007e815509c1e4: 0001 48ba | 4823 01eb | 807e 0000 | 8bb2 f400 | 0000 83c6 | 0289 b2f4 | 0000 0081 | e6fe ff1f 
  0x00007e815509c204: 0085 f60f | 84af 0700 | 0048 8b84 | 2480 0000 

  0x00007e815509c214: ;   {metadata(method data for {method} {0x00007e80ef45d320} 'append' '(Ljava/lang/String;)Ljava/lang/StringBuilder;' in 'java/lang/StringBuilder')}
  0x00007e815509c214: 0048 ba48 | 2301 eb80 | 7e00 0048 | 8382 3801 

  0x00007e815509c224: ;   {oop("Exception while executing runnable "{0x0000000617052c68})}
  0x00007e815509c224: 0000 0148 | ba68 2c05 | 1706 0000 | 0048 8bb4 | 2480 0000 | 0066 0f1f 

  0x00007e815509c23c: ;   {optimized virtual_call}
  0x00007e815509c23c: 4400 00e8 

  0x00007e815509c240: ; ImmutableOopMap {[104]=Oop [112]=Oop [120]=Oop [128]=Oop [136]=Oop }
                      ;*invokespecial append {reexecute=0 rethrow=0 return_oop=0}
                      ; - java.lang.StringBuilder::append@2 (line 179)
                      ; - io.grpc.internal.SerializingExecutor::run@55 (line 136)
  0x00007e815509c240: 3c15 c106 

  0x00007e815509c244: ;   {other}
  0x00007e815509c244: 0f1f 8400 | b407 0003 | 488b 8424 | 8000 0000 

  0x00007e815509c254: ;   {metadata(method data for {method} {0x00007e80ed50dc10} 'run' '()V' in 'io/grpc/internal/SerializingExecutor')}
  0x00007e815509c254: 48be 60f3 | 05ee 807e | 0000 4883 | 8680 0200 

  0x00007e815509c264: ;   {metadata(method data for {method} {0x00007e80ef45d378} 'append' '(Ljava/lang/Object;)Ljava/lang/StringBuilder;' in 'java/lang/StringBuilder')}
  0x00007e815509c264: 0001 48be | 0018 04eb | 807e 0000 | 8bbe f400 | 0000 83c7 | 0289 bef4 | 0000 0081 | e7fe ff1f 
  0x00007e815509c284: 0085 ff0f | 8450 0700 

  0x00007e815509c28c: ;   {metadata(method data for {method} {0x00007e80ef45d378} 'append' '(Ljava/lang/Object;)Ljava/lang/StringBuilder;' in 'java/lang/StringBuilder')}
  0x00007e815509c28c: 0048 be00 | 1804 eb80 | 7e00 0048 | 8386 3801 

  0x00007e815509c29c: ;   {metadata(method data for {method} {0x00007e80ef450b00} 'valueOf' '(Ljava/lang/Object;)Ljava/lang/String;' in 'java/lang/String')}
  0x00007e815509c29c: 0000 0148 | bec8 1904 | eb80 7e00 | 008b bef4 | 0000 0083 | c702 89be | f400 0000 | 81e7 feff 
  0x00007e815509c2bc: 1f00 85ff | 0f84 3807 | 0000 488b | 7c24 7848 

  0x00007e815509c2cc: ;   {metadata(method data for {method} {0x00007e80ef450b00} 'valueOf' '(Ljava/lang/Object;)Ljava/lang/String;' in 'java/lang/String')}
  0x00007e815509c2cc: 85ff 48be | c819 04eb | 807e 0000 | 48c7 c338 | 0100 0075 | 0748 c7c3 | 4801 0000 | 488b 041e 
  0x00007e815509c2ec: 488d 4001 | 4889 041e | 0f85 1f00 

  0x00007e815509c2f8: ;   {metadata(method data for {method} {0x00007e80ef450b00} 'valueOf' '(Ljava/lang/Object;)Ljava/lang/String;' in 'java/lang/String')}
  0x00007e815509c2f8: 0000 48be | c819 04eb | 807e 0000 | ff86 5801 

  0x00007e815509c308: ;   {oop("null"{0x00000006168002c8})}
  0x00007e815509c308: 0000 48be | c802 8016 | 0600 0000 | e9b6 0000 | 0048 3b07 

  0x00007e815509c31c: ;   {metadata(method data for {method} {0x00007e80ef450b00} 'valueOf' '(Ljava/lang/Object;)Ljava/lang/String;' in 'java/lang/String')}
  0x00007e815509c31c: 488b f748 | bbc8 1904 | eb80 7e00 | 008b 7608 | 49ba 0000 | 00ef 807e | 0000 4903 | f248 3bb3 
  0x00007e815509c33c: 8001 0000 | 750d 4883 | 8388 0100 | 0001 e960 | 0000 0048 | 3bb3 9001 | 0000 750d | 4883 8398 
  0x00007e815509c35c: 0100 0001 | e94a 0000 | 0048 83bb | 8001 0000 | 0075 1748 | 89b3 8001 | 0000 48c7 | 8388 0100 
  0x00007e815509c37c: 0001 0000 | 00e9 2900 | 0000 4883 | bb90 0100 | 0000 7517 | 4889 b390 | 0100 0048 | c783 9801 
  0x00007e815509c39c: 0000 0100 | 0000 e908 | 0000 0048 | 8383 7001 | 0000 0148 | 8bf7 6666 | 9048 b8ff | ffff ffff 
  0x00007e815509c3bc: ;   {virtual_call}
  0x00007e815509c3bc: ffff ffe8 

  0x00007e815509c3c0: ; ImmutableOopMap {[104]=Oop [112]=Oop [128]=Oop [136]=Oop }
                      ;*invokevirtual toString {reexecute=0 rethrow=0 return_oop=0}
                      ; - java.lang.String::valueOf@11 (line 4465)
                      ; - java.lang.StringBuilder::append@2 (line 173)
                      ; - io.grpc.internal.SerializingExecutor::run@59 (line 136)
  0x00007e815509c3c0: bc18 c106 

  0x00007e815509c3c4: ;   {other}
  0x00007e815509c3c4: 0f1f 8400 | 3409 0004 | 488b f048 | 8b84 2480 

  0x00007e815509c3d4: ;   {metadata(method data for {method} {0x00007e80ef45d378} 'append' '(Ljava/lang/Object;)Ljava/lang/StringBuilder;' in 'java/lang/StringBuilder')}
  0x00007e815509c3d4: 0000 0048 | ba00 1804 | eb80 7e00 | 0048 8382 | 4801 0000 

  0x00007e815509c3e8: ;   {metadata(method data for {method} {0x00007e80ef45d320} 'append' '(Ljava/lang/String;)Ljava/lang/StringBuilder;' in 'java/lang/StringBuilder')}
  0x00007e815509c3e8: 0148 ba48 | 2301 eb80 | 7e00 008b | baf4 0000 | 0083 c702 | 89ba f400 | 0000 81e7 | feff 1f00 
  0x00007e815509c408: 85ff 0f84 | 1406 0000 | 488b 8424 | 8000 0000 

  0x00007e815509c418: ;   {metadata(method data for {method} {0x00007e80ef45d320} 'append' '(Ljava/lang/String;)Ljava/lang/StringBuilder;' in 'java/lang/StringBuilder')}
  0x00007e815509c418: 48ba 4823 | 01eb 807e | 0000 4883 | 8238 0100 | 0001 488b | d648 8bb4 | 2480 0000 

  0x00007e815509c434: ;   {optimized virtual_call}
  0x00007e815509c434: 0066 90e8 

  0x00007e815509c438: ; ImmutableOopMap {[104]=Oop [112]=Oop [128]=Oop [136]=Oop }
                      ;*invokespecial append {reexecute=0 rethrow=0 return_oop=0}
                      ; - java.lang.StringBuilder::append@2 (line 179)
                      ; - java.lang.StringBuilder::append@5 (line 173)
                      ; - io.grpc.internal.SerializingExecutor::run@59 (line 136)
  0x00007e815509c438: 4413 c106 

  0x00007e815509c43c: ;   {other}
  0x00007e815509c43c: 0f1f 8400 | ac09 0005 | 488b 9c24 | 8000 0000 

  0x00007e815509c44c: ;   {metadata(method data for {method} {0x00007e80ed50dc10} 'run' '()V' in 'io/grpc/internal/SerializingExecutor')}
  0x00007e815509c44c: 488b d348 | be60 f305 | ee80 7e00 | 0048 8386 | b802 0000 

  0x00007e815509c460: ;   {metadata(method data for {method} {0x00007e80ef008908} 'toString' '()Ljava/lang/String;' in 'java/lang/StringBuilder')}
  0x00007e815509c460: 0148 ba40 | 2701 eb80 | 7e00 008b | b2f4 0000 | 0083 c602 | 89b2 f400 | 0000 81e6 | feff 1f00 
  0x00007e815509c480: 85f6 0f84 | bd05 0000 

  0x00007e815509c488: ;   {metadata('java/lang/String')}
  0x00007e815509c488: 48ba 40e7 | 00ef 807e | 0000 498b | 87b8 0100 | 0048 8d78 | 1849 3bbf | c801 0000 | 0f87 bc05 
  0x00007e815509c4a8: 0000 4989 | bfb8 0100 | 0048 c700 | 0100 0000 | 488b ca49 | ba00 0000 | ef80 7e00 | 0049 2bca 
  0x00007e815509c4c8: 8948 0848 | 33c9 8948 | 0c48 33c9 | 4889 4810 

  0x00007e815509c4d8: ;   {metadata(method data for {method} {0x00007e80ef008908} 'toString' '()Ljava/lang/String;' in 'java/lang/StringBuilder')}
  0x00007e815509c4d8: 488b d048 | b940 2701 | eb80 7e00 | 0048 8381 | 3801 0000 

  0x00007e815509c4ec: ;   {metadata(method data for {method} {0x00007e80ef451658} '<init>' '(Ljava/lang/StringBuilder;)V' in 'java/lang/String')}
  0x00007e815509c4ec: 0148 bab0 | 2801 eb80 | 7e00 008b | 8af4 0000 | 0083 c102 | 898a f400 | 0000 81e1 | feff 1f00 
  0x00007e815509c50c: 85c9 0f84 | 5f05 0000 

  0x00007e815509c514: ;   {metadata(method data for {method} {0x00007e80ef451658} '<init>' '(Ljava/lang/StringBuilder;)V' in 'java/lang/String')}
  0x00007e815509c514: 488b d048 | b9b0 2801 | eb80 7e00 | 0048 8381 | 3801 0000 | 0148 8bd3 

  0x00007e815509c52c: ;   {oop(nullptr)}
  0x00007e815509c52c: 48b9 0000 | 0000 0000 | 0000 488b | f048 8984 | 2490 0000 | 0066 0f1f 

  0x00007e815509c544: ;   {optimized virtual_call}
  0x00007e815509c544: 4400 00e8 

  0x00007e815509c548: ; ImmutableOopMap {[104]=Oop [112]=Oop [136]=Oop [144]=Oop }
                      ;*invokespecial <init> {reexecute=0 rethrow=0 return_oop=0}
                      ; - java.lang.String::<init>@3 (line 1507)
                      ; - java.lang.StringBuilder::toString@5 (line 475)
                      ; - io.grpc.internal.SerializingExecutor::run@62 (line 136)
  0x00007e815509c548: 3412 c106 

  0x00007e815509c54c: ;   {other}
  0x00007e815509c54c: 0f1f 8400 | bc0a 0006 

  0x00007e815509c554: ;   {oop(a 'java/util/logging/Logger'{0x00000007ffa1a8b0})}
  0x00007e815509c554: 48be b0a8 | a1ff 0700 | 0000 488b 

  0x00007e815509c560: ;   {metadata(method data for {method} {0x00007e80ed50dc10} 'run' '()V' in 'io/grpc/internal/SerializingExecutor')}
  0x00007e815509c560: d648 b960 | f305 ee80 | 7e00 008b | 5208 49ba | 0000 00ef | 807e 0000 | 4903 d248 | 3b91 0003 
  0x00007e815509c580: 0000 750d | 4883 8108 | 0300 0001 | e960 0000 | 0048 3b91 | 1003 0000 | 750d 4883 | 8118 0300 
  0x00007e815509c5a0: 0001 e94a | 0000 0048 | 83b9 0003 | 0000 0075 | 1748 8991 | 0003 0000 | 48c7 8108 | 0300 0001 
  0x00007e815509c5c0: 0000 00e9 | 2900 0000 | 4883 b910 | 0300 0000 | 7517 4889 | 9110 0300 | 0048 c781 | 1803 0000 
  0x00007e815509c5e0: 0100 0000 | e908 0000 | 0048 8381 | f002 0000 

  0x00007e815509c5f0: ;   {oop(a 'java/util/logging/Level'{0x000000061691f688})}
  0x00007e815509c5f0: 0148 ba88 | f691 1606 | 0000 0048 | 8b8c 2490 | 0000 004c | 8b84 2488 | 0000 000f 

  0x00007e815509c60c: ;   {optimized virtual_call}
  0x00007e815509c60c: 1f40 00e8 

  0x00007e815509c610: ; ImmutableOopMap {[104]=Oop [112]=Oop }
                      ;*invokevirtual log {reexecute=0 rethrow=0 return_oop=0}
                      ; - io.grpc.internal.SerializingExecutor::run@66 (line 136)
  0x00007e815509c610: 6c11 c106 

  0x00007e815509c614: ;   {other}
  0x00007e815509c614: 0f1f 8400 | 840b 0007 

  0x00007e815509c61c: ;   {metadata(method data for {method} {0x00007e80ed50dc10} 'run' '()V' in 'io/grpc/internal/SerializingExecutor')}
  0x00007e815509c61c: 48ba 60f3 | 05ee 807e | 0000 8b8a | f800 0000 | 83c1 0289 | 8af8 0000 | 0081 e1fe | 3f00 0085 
  0x00007e815509c63c: c90f 8451 | 0400 004d | 8b97 5004 

  0x00007e815509c648: ; ImmutableOopMap {[104]=Oop [112]=Oop }
                      ;*goto {reexecute=1 rethrow=0 return_oop=0}
                      ; - (reexecute) io.grpc.internal.SerializingExecutor::run@69 (line 137)
                      ;   {poll}
  0x00007e815509c648: 0000 4185 

  0x00007e815509c64c: ;   {metadata(method data for {method} {0x00007e80ed50dc10} 'run' '()V' in 'io/grpc/internal/SerializingExecutor')}
  0x00007e815509c64c: 0248 ba60 | f305 ee80 | 7e00 00ff | 8228 0300 | 0048 8b7c | 2470 488b | 7424 68e9 | 8cf7 ffff 
  0x00007e815509c66c: ;   {metadata(method data for {method} {0x00007e80ed50dc10} 'run' '()V' in 'io/grpc/internal/SerializingExecutor')}
  0x00007e815509c66c: 48ba 60f3 | 05ee 807e | 0000 8b8a | f800 0000 | 83c1 0289 | 8af8 0000 | 0081 e1fe | 3f00 0085 
  0x00007e815509c68c: c90f 8422 | 0400 004d | 8b97 5004 

  0x00007e815509c698: ; ImmutableOopMap {[104]=Oop [112]=Oop }
                      ;*goto {reexecute=1 rethrow=0 return_oop=0}
                      ; - (reexecute) io.grpc.internal.SerializingExecutor::run@36 (line 137)
                      ;   {poll}
  0x00007e815509c698: 0000 4185 

  0x00007e815509c69c: ;   {metadata(method data for {method} {0x00007e80ed50dc10} 'run' '()V' in 'io/grpc/internal/SerializingExecutor')}
  0x00007e815509c69c: 0248 ba60 | f305 ee80 | 7e00 00ff | 8220 0200 | 0048 8b7c | 2470 488b | 7424 68e9 | 3cf7 ffff 
  0x00007e815509c6bc: ;   {oop(a 'io/grpc/internal/SerializingExecutor$FieldUpdaterAtomicHelper'{0x00000007ffa1a880})}
  0x00007e815509c6bc: 48ba 80a8 | a1ff 0700 | 0000 488b 

  0x00007e815509c6c8: ;   {metadata(method data for {method} {0x00007e80ed50dc10} 'run' '()V' in 'io/grpc/internal/SerializingExecutor')}
  0x00007e815509c6c8: ca48 be60 | f305 ee80 | 7e00 0048 | 8386 4003 

  0x00007e815509c6d8: ;   {metadata(method data for {method} {0x00007e80ed50e840} 'runStateSet' '(Lio/grpc/internal/SerializingExecutor;I)V' in 'io/grpc/internal/SerializingExecutor$FieldUpdaterAtomicHelper')}
  0x00007e815509c6d8: 0000 0148 | b970 9e04 | ee80 7e00 | 008b b1f4 | 0000 0083 | c602 89b1 | f400 0000 | 81e6 feff 
  0x00007e815509c6f8: 1f00 85f6 | 0f84 d403 | 0000 8b72 | 0c48 c1e6 | 0348 3b06 

  0x00007e815509c70c: ;   {metadata(method data for {method} {0x00007e80ed50e840} 'runStateSet' '(Lio/grpc/internal/SerializingExecutor;I)V' in 'io/grpc/internal/SerializingExecutor$FieldUpdaterAtomicHelper')}
  0x00007e815509c70c: 488b d648 | b970 9e04 | ee80 7e00 | 0048 8381 | 5001 0000 | 0148 8b54 | 2468 b900 | 0000 000f 
  0x00007e815509c72c: ;   {optimized virtual_call}
  0x00007e815509c72c: 1f40 00e8 

  0x00007e815509c730: ; ImmutableOopMap {[104]=Oop }
                      ;*invokevirtual set {reexecute=0 rethrow=0 return_oop=0}
                      ; - io.grpc.internal.SerializingExecutor$FieldUpdaterAtomicHelper::runStateSet@6 (line 169)
                      ; - io.grpc.internal.SerializingExecutor::run@77 (line 140)
  0x00007e815509c730: 2cc4 1800 

  0x00007e815509c734: ;   {other}
  0x00007e815509c734: 0f1f 8400 | a40c 000a 

  0x00007e815509c73c: ;   {metadata(method data for {method} {0x00007e80ed50dc10} 'run' '()V' in 'io/grpc/internal/SerializingExecutor')}
  0x00007e815509c73c: 48be 60f3 | 05ee 807e | 0000 ff86 | 7803 0000 | 488b 7424 | 688b 7e14 | 48c1 e703 

  0x00007e815509c758: ; implicit exception: dispatches to 0x00007e815509cb01
  0x00007e815509c758: 483b 0748 

  0x00007e815509c75c: ;   {metadata(method data for {method} {0x00007e80ed50dc10} 'run' '()V' in 'io/grpc/internal/SerializingExecutor')}
  0x00007e815509c75c: 8bdf 48b8 | 60f3 05ee | 807e 0000 | 8b5b 0849 | ba00 0000 | ef80 7e00 | 0049 03da | 483b 98d8 
  0x00007e815509c77c: 0300 0075 | 0d48 8380 | e003 0000 | 01e9 6000 | 0000 483b | 98e8 0300 | 0075 0d48 | 8380 f003 
  0x00007e815509c79c: 0000 01e9 | 4a00 0000 | 4883 b8d8 | 0300 0000 | 7517 4889 | 98d8 0300 | 0048 c780 | e003 0000 
  0x00007e815509c7bc: 0100 0000 | e929 0000 | 0048 83b8 | e803 0000 | 0075 1748 | 8998 e803 | 0000 48c7 | 80f0 0300 
  0x00007e815509c7dc: 0001 0000 | 00e9 0800 | 0000 4883 | 80c8 0300 | 0001 488b | f70f 1f40 | 0048 b8a8 | 1f06 f080 
  0x00007e815509c7fc: ;   {virtual_call}
  0x00007e815509c7fc: 7e00 00e8 

  0x00007e815509c800: ; ImmutableOopMap {[104]=Oop }
                      ;*invokeinterface isEmpty {reexecute=0 rethrow=0 return_oop=0}
                      ; - io.grpc.internal.SerializingExecutor::run@100 (line 142)
  0x00007e815509c800: bcc2 f3ff 

  0x00007e815509c804: ;   {other}
  0x00007e815509c804: 0f1f 8400 | 740d 000b 

  0x00007e815509c80c: ;   {metadata(method data for {method} {0x00007e80ed50dc10} 'run' '()V' in 'io/grpc/internal/SerializingExecutor')}
  0x00007e815509c80c: 85c0 48ba | 60f3 05ee | 807e 0000 | 48c7 c600 | 0400 0075 | 0748 c7c6 | 1004 0000 | 488b 3c32 
  0x00007e815509c82c: 488d 7f01 | 4889 3c32 | 0f85 3a00 | 0000 488b 

  0x00007e815509c83c: ;   {metadata(method data for {method} {0x00007e80ed50dc10} 'run' '()V' in 'io/grpc/internal/SerializingExecutor')}
  0x00007e815509c83c: 7424 6848 | ba60 f305 | ee80 7e00 | 0048 8382 | 2004 0000 

  0x00007e815509c850: ;   {oop(nullptr)}
  0x00007e815509c850: 0148 ba00 | 0000 0000 | 0000 0048 | 8b74 2468 | 0f1f 8000 

  0x00007e815509c864: ;   {optimized virtual_call}
  0x00007e815509c864: 0000 00e8 

  0x00007e815509c868: ; ImmutableOopMap {}
                      ;*invokespecial schedule {reexecute=0 rethrow=0 return_oop=0}
                      ; - io.grpc.internal.SerializingExecutor::run@110 (line 144)
  0x00007e815509c868: 140f c106 

  0x00007e815509c86c: ;   {other}
  0x00007e815509c86c: 0f1f 8400 | dc0d 000c | 4881 c4b0 | 0000 005d 

  0x00007e815509c87c: ;   {poll_return}
  0x00007e815509c87c: 493b a748 | 0400 000f | 877d 0200 | 00c3 498b | 87f8 0400 | 004d 33d2 | 4d89 97f8 | 0400 004d 
  0x00007e815509c89c: 33d2 4d89 | 9700 0500 | 0048 8984 | 2498 0000 | 0048 8b74 

  0x00007e815509c8b0: ;   {oop(a 'io/grpc/internal/SerializingExecutor$FieldUpdaterAtomicHelper'{0x00000007ffa1a880})}
  0x00007e815509c8b0: 2468 48ba | 80a8 a1ff | 0700 0000 

  0x00007e815509c8bc: ;   {metadata(method data for {method} {0x00007e80ed50dc10} 'run' '()V' in 'io/grpc/internal/SerializingExecutor')}
  0x00007e815509c8bc: 488b ca48 | bf60 f305 | ee80 7e00 | 0048 8387 | 9003 0000 

  0x00007e815509c8d0: ;   {metadata(method data for {method} {0x00007e80ed50e840} 'runStateSet' '(Lio/grpc/internal/SerializingExecutor;I)V' in 'io/grpc/internal/SerializingExecutor$FieldUpdaterAtomicHelper')}
  0x00007e815509c8d0: 0148 b970 | 9e04 ee80 | 7e00 008b | b9f4 0000 | 0083 c702 | 89b9 f400 | 0000 81e7 | feff 1f00 
  0x00007e815509c8f0: 85ff 0f84 | 2402 0000 

  0x00007e815509c8f8: ; implicit exception: dispatches to 0x00007e815509cb3d
  0x00007e815509c8f8: 8b7a 0c48 | c1e7 0348 | 3b07 488b 

  0x00007e815509c904: ;   {metadata(method data for {method} {0x00007e80ed50e840} 'runStateSet' '(Lio/grpc/internal/SerializingExecutor;I)V' in 'io/grpc/internal/SerializingExecutor$FieldUpdaterAtomicHelper')}
  0x00007e815509c904: d748 b970 | 9e04 ee80 | 7e00 0048 | 8381 5001 | 0000 0148 | 8bd6 b900 | 0000 0048 | 8bf7 0f1f 
  0x00007e815509c924: ;   {optimized virtual_call}
  0x00007e815509c924: 4400 00e8 

  0x00007e815509c928: ; ImmutableOopMap {[152]=Oop }
                      ;*invokevirtual set {reexecute=0 rethrow=0 return_oop=0}
                      ; - io.grpc.internal.SerializingExecutor$FieldUpdaterAtomicHelper::runStateSet@6 (line 169)
                      ; - io.grpc.internal.SerializingExecutor::run@90 (line 140)
  0x00007e815509c928: 540e c106 

  0x00007e815509c92c: ;   {other}
  0x00007e815509c92c: 0f1f 8400 | 9c0e 000d | 488b 8424 | 9800 0000 | e923 0200 

  0x00007e815509c940: ;   {metadata({method} {0x00007e80ed50dc10} 'run' '()V' in 'io/grpc/internal/SerializingExecutor')}
  0x00007e815509c940: 0049 ba10 | dc50 ed80 | 7e00 004c | 8954 2408 | 48c7 0424 | ffff ffff 

  0x00007e815509c958: ;   {runtime_call counter_overflow Runtime1 stub}
  0x00007e815509c958: e8a3 75ce 

  0x00007e815509c95c: ; ImmutableOopMap {rsi=Oop [104]=Oop }
                      ;*synchronization entry
                      ; - io.grpc.internal.SerializingExecutor::run@-1 (line 130)
  0x00007e815509c95c: 06e9 89f4 

  0x00007e815509c960: ;   {runtime_call throw_null_pointer_exception Runtime1 stub}
  0x00007e815509c960: ffff e839 

  0x00007e815509c964: ; ImmutableOopMap {rsi=Oop rbx=Oop [104]=Oop [112]=Oop }
                      ;*invokeinterface poll {reexecute=0 rethrow=0 return_oop=0}
                      ; - io.grpc.internal.SerializingExecutor::run@17 (line 131)
  0x00007e815509c964: 07ce 0648 

  0x00007e815509c968: ;   {runtime_call throw_class_cast_exception Runtime1 stub}
  0x00007e815509c968: 8904 24e8 

  0x00007e815509c96c: ; ImmutableOopMap {[104]=Oop [112]=Oop }
                      ;*checkcast {reexecute=0 rethrow=0 return_oop=0}
                      ; - io.grpc.internal.SerializingExecutor::run@22 (line 131)
  0x00007e815509c96c: 3041 ce06 

  0x00007e815509c970: ;   {runtime_call throw_null_pointer_exception Runtime1 stub}
  0x00007e815509c970: e82b 07ce 

  0x00007e815509c974: ; ImmutableOopMap {rdi=Oop [104]=Oop [112]=Oop [120]=Oop }
                      ;*invokeinterface run {reexecute=0 rethrow=0 return_oop=0}
                      ; - io.grpc.internal.SerializingExecutor::run@31 (line 133)
                      ;   {metadata(nullptr)}
  0x00007e815509c974: 0648 ba00 | 0000 0000 | 0000 00b8 | 000f 050a 

  0x00007e815509c984: ;   {runtime_call load_klass_patching Runtime1 stub}
  0x00007e815509c984: e877 60ce 

  0x00007e815509c988: ; ImmutableOopMap {rax=Oop [104]=Oop [112]=Oop [120]=Oop [136]=Oop }
                      ;*new {reexecute=1 rethrow=0 return_oop=0}
                      ; - (reexecute) io.grpc.internal.SerializingExecutor::run@46 (line 136)
  0x00007e815509c988: 06e9 7af7 | ffff 488b 

  0x00007e815509c990: ;   {runtime_call fast_new_instance Runtime1 stub}
  0x00007e815509c990: d2e8 6a16 

  0x00007e815509c994: ; ImmutableOopMap {[104]=Oop [112]=Oop [120]=Oop [136]=Oop }
                      ;*new {reexecute=0 rethrow=0 return_oop=0}
                      ; - io.grpc.internal.SerializingExecutor::run@46 (line 136)
  0x00007e815509c994: ce06 e9bd 

  0x00007e815509c998: ;   {metadata({method} {0x00007e80ef45d530} '<init>' '()V' in 'java/lang/StringBuilder')}
  0x00007e815509c998: f7ff ff49 | ba30 d545 | ef80 7e00 | 004c 8954 | 2408 48c7 | 0424 ffff 

  0x00007e815509c9b0: ;   {runtime_call counter_overflow Runtime1 stub}
  0x00007e815509c9b0: ffff e849 

  0x00007e815509c9b4: ; ImmutableOopMap {rax=Oop [104]=Oop [112]=Oop [120]=Oop [136]=Oop }
                      ;*synchronization entry
                      ; - java.lang.StringBuilder::<init>@-1 (line 106)
                      ; - io.grpc.internal.SerializingExecutor::run@50 (line 136)
  0x00007e815509c9b4: 75ce 06e9 | d8f7 ffff 

  0x00007e815509c9bc: ;   {metadata({method} {0x00007e80ef45d320} 'append' '(Ljava/lang/String;)Ljava/lang/StringBuilder;' in 'java/lang/StringBuilder')}
  0x00007e815509c9bc: 49ba 20d3 | 45ef 807e | 0000 4c89 | 5424 0848 | c704 24ff 

  0x00007e815509c9d0: ;   {runtime_call counter_overflow Runtime1 stub}
  0x00007e815509c9d0: ffff ffe8 

  0x00007e815509c9d4: ; ImmutableOopMap {[104]=Oop [112]=Oop [120]=Oop [128]=Oop [136]=Oop }
                      ;*synchronization entry
                      ; - java.lang.StringBuilder::append@-1 (line 179)
                      ; - io.grpc.internal.SerializingExecutor::run@55 (line 136)
  0x00007e815509c9d4: 2875 ce06 | e930 f8ff 

  0x00007e815509c9dc: ;   {metadata({method} {0x00007e80ef45d378} 'append' '(Ljava/lang/Object;)Ljava/lang/StringBuilder;' in 'java/lang/StringBuilder')}
  0x00007e815509c9dc: ff49 ba78 | d345 ef80 | 7e00 004c | 8954 2408 | 48c7 0424 | ffff ffff 

  0x00007e815509c9f4: ;   {runtime_call counter_overflow Runtime1 stub}
  0x00007e815509c9f4: e807 75ce 

  0x00007e815509c9f8: ; ImmutableOopMap {[104]=Oop [112]=Oop [120]=Oop [128]=Oop [136]=Oop }
                      ;*synchronization entry
                      ; - java.lang.StringBuilder::append@-1 (line 173)
                      ; - io.grpc.internal.SerializingExecutor::run@59 (line 136)
  0x00007e815509c9f8: 06e9 8ff8 

  0x00007e815509c9fc: ;   {metadata({method} {0x00007e80ef450b00} 'valueOf' '(Ljava/lang/Object;)Ljava/lang/String;' in 'java/lang/String')}
  0x00007e815509c9fc: ffff 49ba | 000b 45ef | 807e 0000 | 4c89 5424 | 0848 c704 | 24ff ffff 

  0x00007e815509ca14: ;   {runtime_call counter_overflow Runtime1 stub}
  0x00007e815509ca14: ffe8 e674 

  0x00007e815509ca18: ; ImmutableOopMap {[104]=Oop [112]=Oop [120]=Oop [128]=Oop [136]=Oop }
                      ;*synchronization entry
                      ; - java.lang.String::valueOf@-1 (line 4465)
                      ; - java.lang.StringBuilder::append@2 (line 173)
                      ; - io.grpc.internal.SerializingExecutor::run@59 (line 136)
  0x00007e815509ca18: ce06 e9a7 

  0x00007e815509ca1c: ;   {runtime_call throw_null_pointer_exception Runtime1 stub}
  0x00007e815509ca1c: f8ff ffe8 

  0x00007e815509ca20: ; ImmutableOopMap {rdi=Oop [104]=Oop [112]=Oop [120]=Oop [128]=Oop [136]=Oop }
                      ;*invokevirtual toString {reexecute=0 rethrow=0 return_oop=0}
                      ; - java.lang.String::valueOf@11 (line 4465)
                      ; - java.lang.StringBuilder::append@2 (line 173)
                      ; - io.grpc.internal.SerializingExecutor::run@59 (line 136)
  0x00007e815509ca20: 7c06 ce06 

  0x00007e815509ca24: ;   {metadata({method} {0x00007e80ef45d320} 'append' '(Ljava/lang/String;)Ljava/lang/StringBuilder;' in 'java/lang/StringBuilder')}
  0x00007e815509ca24: 49ba 20d3 | 45ef 807e | 0000 4c89 | 5424 0848 | c704 24ff 

  0x00007e815509ca38: ;   {runtime_call counter_overflow Runtime1 stub}
  0x00007e815509ca38: ffff ffe8 

  0x00007e815509ca3c: ; ImmutableOopMap {rsi=Oop [104]=Oop [112]=Oop [128]=Oop [136]=Oop }
                      ;*synchronization entry
                      ; - java.lang.StringBuilder::append@-1 (line 179)
                      ; - java.lang.StringBuilder::append@5 (line 173)
                      ; - io.grpc.internal.SerializingExecutor::run@59 (line 136)
  0x00007e815509ca3c: c074 ce06 | e9cb f9ff 

  0x00007e815509ca44: ;   {metadata({method} {0x00007e80ef008908} 'toString' '()Ljava/lang/String;' in 'java/lang/StringBuilder')}
  0x00007e815509ca44: ff49 ba08 | 8900 ef80 | 7e00 004c | 8954 2408 | 48c7 0424 | ffff ffff 

  0x00007e815509ca5c: ;   {runtime_call counter_overflow Runtime1 stub}
  0x00007e815509ca5c: e89f 74ce 

  0x00007e815509ca60: ; ImmutableOopMap {rbx=Oop [104]=Oop [112]=Oop [136]=Oop }
                      ;*synchronization entry
                      ; - java.lang.StringBuilder::toString@-1 (line 475)
                      ; - io.grpc.internal.SerializingExecutor::run@62 (line 136)
  0x00007e815509ca60: 06e9 22fa | ffff 488b 

  0x00007e815509ca68: ;   {runtime_call fast_new_instance Runtime1 stub}
  0x00007e815509ca68: d2e8 9215 

  0x00007e815509ca6c: ; ImmutableOopMap {rbx=Oop [104]=Oop [112]=Oop [136]=Oop }
                      ;*new {reexecute=0 rethrow=0 return_oop=0}
                      ; - java.lang.StringBuilder::toString@0 (line 475)
                      ; - io.grpc.internal.SerializingExecutor::run@62 (line 136)
  0x00007e815509ca6c: ce06 e965 

  0x00007e815509ca70: ;   {metadata({method} {0x00007e80ef451658} '<init>' '(Ljava/lang/StringBuilder;)V' in 'java/lang/String')}
  0x00007e815509ca70: faff ff49 | ba58 1645 | ef80 7e00 | 004c 8954 | 2408 48c7 | 0424 ffff 

  0x00007e815509ca88: ;   {runtime_call counter_overflow Runtime1 stub}
  0x00007e815509ca88: ffff e871 

  0x00007e815509ca8c: ; ImmutableOopMap {rbx=Oop rax=Oop [104]=Oop [112]=Oop [136]=Oop }
                      ;*synchronization entry
                      ; - java.lang.String::<init>@-1 (line 1507)
                      ; - java.lang.StringBuilder::toString@5 (line 475)
                      ; - io.grpc.internal.SerializingExecutor::run@62 (line 136)
  0x00007e815509ca8c: 74ce 06e9 | 80fa ffff 

  0x00007e815509ca94: ;   {metadata({method} {0x00007e80ed50dc10} 'run' '()V' in 'io/grpc/internal/SerializingExecutor')}
  0x00007e815509ca94: 49ba 10dc | 50ed 807e | 0000 4c89 | 5424 0848 | c704 2445 

  0x00007e815509caa8: ;   {runtime_call counter_overflow Runtime1 stub}
  0x00007e815509caa8: 0000 00e8 

  0x00007e815509caac: ; ImmutableOopMap {[104]=Oop [112]=Oop }
                      ;*goto {reexecute=1 rethrow=0 return_oop=0}
                      ; - (reexecute) io.grpc.internal.SerializingExecutor::run@69 (line 137)
  0x00007e815509caac: 5074 ce06 | e98e fbff 

  0x00007e815509cab4: ;   {metadata({method} {0x00007e80ed50dc10} 'run' '()V' in 'io/grpc/internal/SerializingExecutor')}
  0x00007e815509cab4: ff49 ba10 | dc50 ed80 | 7e00 004c | 8954 2408 | 48c7 0424 | 2400 0000 

  0x00007e815509cacc: ;   {runtime_call counter_overflow Runtime1 stub}
  0x00007e815509cacc: e82f 74ce 

  0x00007e815509cad0: ; ImmutableOopMap {[104]=Oop [112]=Oop }
                      ;*goto {reexecute=1 rethrow=0 return_oop=0}
                      ; - (reexecute) io.grpc.internal.SerializingExecutor::run@36 (line 137)
  0x00007e815509cad0: 06e9 bdfb 

  0x00007e815509cad4: ;   {metadata({method} {0x00007e80ed50e840} 'runStateSet' '(Lio/grpc/internal/SerializingExecutor;I)V' in 'io/grpc/internal/SerializingExecutor$FieldUpdaterAtomicHelper')}
  0x00007e815509cad4: ffff 49ba | 40e8 50ed | 807e 0000 | 4c89 5424 | 0848 c704 | 24ff ffff 

  0x00007e815509caec: ;   {runtime_call counter_overflow Runtime1 stub}
  0x00007e815509caec: ffe8 0e74 

  0x00007e815509caf0: ; ImmutableOopMap {rdx=Oop [104]=Oop }
                      ;*synchronization entry
                      ; - io.grpc.internal.SerializingExecutor$FieldUpdaterAtomicHelper::runStateSet@-1 (line 169)
                      ; - io.grpc.internal.SerializingExecutor::run@77 (line 140)
  0x00007e815509caf0: ce06 e90b 

  0x00007e815509caf4: ;   {runtime_call throw_null_pointer_exception Runtime1 stub}
  0x00007e815509caf4: fcff ffe8 

  0x00007e815509caf8: ; ImmutableOopMap {[104]=Oop }
                      ;*getfield runStateUpdater {reexecute=1 rethrow=0 return_oop=0}
                      ; - (reexecute) io.grpc.internal.SerializingExecutor$FieldUpdaterAtomicHelper::runStateSet@1 (line 169)
                      ; - io.grpc.internal.SerializingExecutor::run@77 (line 140)
  0x00007e815509caf8: a405 ce06 

  0x00007e815509cafc: ;   {runtime_call throw_null_pointer_exception Runtime1 stub}
  0x00007e815509cafc: e89f 05ce 

  0x00007e815509cb00: ; ImmutableOopMap {rsi=Oop [104]=Oop }
                      ;*invokevirtual set {reexecute=0 rethrow=0 return_oop=0}
                      ; - io.grpc.internal.SerializingExecutor$FieldUpdaterAtomicHelper::runStateSet@6 (line 169)
                      ; - io.grpc.internal.SerializingExecutor::run@77 (line 140)
                      ;   {runtime_call throw_null_pointer_exception Runtime1 stub}
  0x00007e815509cb00: 06e8 9a05 

  0x00007e815509cb04: ; ImmutableOopMap {rsi=Oop rdi=Oop [104]=Oop }
                      ;*invokeinterface isEmpty {reexecute=0 rethrow=0 return_oop=0}
                      ; - io.grpc.internal.SerializingExecutor::run@100 (line 142)
                      ;   {internal_word}
  0x00007e815509cb04: ce06 49ba | 7cc8 0955 | 817e 0000 | 4d89 9760 

  0x00007e815509cb14: ;   {runtime_call SafepointBlob}
  0x00007e815509cb14: 0400 00e9 | e488 c106 

  0x00007e815509cb1c: ;   {metadata({method} {0x00007e80ed50e840} 'runStateSet' '(Lio/grpc/internal/SerializingExecutor;I)V' in 'io/grpc/internal/SerializingExecutor$FieldUpdaterAtomicHelper')}
  0x00007e815509cb1c: 49ba 40e8 | 50ed 807e | 0000 4c89 | 5424 0848 | c704 24ff 

  0x00007e815509cb30: ;   {runtime_call counter_overflow Runtime1 stub}
  0x00007e815509cb30: ffff ffe8 

  0x00007e815509cb34: ; ImmutableOopMap {rsi=Oop rdx=Oop [104]=Oop [152]=Oop }
                      ;*synchronization entry
                      ; - io.grpc.internal.SerializingExecutor$FieldUpdaterAtomicHelper::runStateSet@-1 (line 169)
                      ; - io.grpc.internal.SerializingExecutor::run@90 (line 140)
  0x00007e815509cb34: c873 ce06 | e9bb fdff 

  0x00007e815509cb3c: ;   {runtime_call throw_null_pointer_exception Runtime1 stub}
  0x00007e815509cb3c: ffe8 5e05 

  0x00007e815509cb40: ; ImmutableOopMap {rsi=Oop [104]=Oop [152]=Oop }
                      ;*getfield runStateUpdater {reexecute=1 rethrow=0 return_oop=0}
                      ; - (reexecute) io.grpc.internal.SerializingExecutor$FieldUpdaterAtomicHelper::runStateSet@1 (line 169)
                      ; - io.grpc.internal.SerializingExecutor::run@90 (line 140)
                      ;   {runtime_call throw_null_pointer_exception Runtime1 stub}
  0x00007e815509cb40: ce06 e859 

  0x00007e815509cb44: ; ImmutableOopMap {rsi=Oop rdi=Oop [104]=Oop [152]=Oop }
                      ;*invokevirtual set {reexecute=0 rethrow=0 return_oop=0}
                      ; - io.grpc.internal.SerializingExecutor$FieldUpdaterAtomicHelper::runStateSet@6 (line 169)
                      ; - io.grpc.internal.SerializingExecutor::run@90 (line 140)
  0x00007e815509cb44: 05ce 0649 | 8b87 f804 | 0000 49c7 | 87f8 0400 | 0000 0000 | 0049 c787 | 0005 0000 | 0000 0000 
  0x00007e815509cb64: 4881 c4b0 | 0000 005d 

  0x00007e815509cb6c: ;   {runtime_call unwind_exception Runtime1 stub}
  0x00007e815509cb6c: e90f f6cd | 06f4 f4f4 | f4f4 f4f4 
[Stub Code]
  0x00007e815509cb78: ;   {no_reloc}
  0x00007e815509cb78: 0f1f 4400 

  0x00007e815509cb7c: ;   {static_stub}
  0x00007e815509cb7c: 0048 bb00 | 0000 0000 

  0x00007e815509cb84: ;   {runtime_call nmethod}
  0x00007e815509cb84: 0000 00e9 | fbff ffff 

  0x00007e815509cb8c: ;   {static_stub}
  0x00007e815509cb8c: 9048 bb00 | 0000 0000 

  0x00007e815509cb94: ;   {runtime_call nmethod}
  0x00007e815509cb94: 0000 00e9 | fbff ffff 

  0x00007e815509cb9c: ;   {static_stub}
  0x00007e815509cb9c: 9048 bb00 | 0000 0000 

  0x00007e815509cba4: ;   {runtime_call nmethod}
  0x00007e815509cba4: 0000 00e9 | fbff ffff 

  0x00007e815509cbac: ;   {static_stub}
  0x00007e815509cbac: 9048 bb00 | 0000 0000 

  0x00007e815509cbb4: ;   {runtime_call nmethod}
  0x00007e815509cbb4: 0000 00e9 | fbff ffff 

  0x00007e815509cbbc: ;   {static_stub}
  0x00007e815509cbbc: 9048 bb00 | 0000 0000 

  0x00007e815509cbc4: ;   {runtime_call nmethod}
  0x00007e815509cbc4: 0000 00e9 | fbff ffff 

  0x00007e815509cbcc: ;   {static_stub}
  0x00007e815509cbcc: 9048 bb00 | 0000 0000 

  0x00007e815509cbd4: ;   {runtime_call nmethod}
  0x00007e815509cbd4: 0000 00e9 | fbff ffff 

  0x00007e815509cbdc: ;   {static_stub}
  0x00007e815509cbdc: 9048 bbf0 | 4ef5 eb80 

  0x00007e815509cbe4: ;   {runtime_call I2C/C2I adapters}
  0x00007e815509cbe4: 7e00 00e9 | 9e9c c006 

  0x00007e815509cbec: ;   {static_stub}
  0x00007e815509cbec: 9048 bb00 | 0000 0000 

  0x00007e815509cbf4: ;   {runtime_call nmethod}
  0x00007e815509cbf4: 0000 00e9 | fbff ffff 

  0x00007e815509cbfc: ;   {static_stub}
  0x00007e815509cbfc: 9048 bb00 | 0000 0000 

  0x00007e815509cc04: ;   {runtime_call nmethod}
  0x00007e815509cc04: 0000 00e9 | fbff ffff 

  0x00007e815509cc0c: ;   {static_stub}
  0x00007e815509cc0c: 48bb 0000 | 0000 0000 

  0x00007e815509cc14: ;   {runtime_call nmethod}
  0x00007e815509cc14: 0000 e9fb 

  0x00007e815509cc18: ;   {static_stub}
  0x00007e815509cc18: ffff ff48 | bb00 0000 | 0000 0000 

  0x00007e815509cc24: ;   {runtime_call nmethod}
  0x00007e815509cc24: 00e9 fbff 

  0x00007e815509cc28: ;   {static_stub}
  0x00007e815509cc28: ffff 48bb | 0000 0000 | 0000 0000 

  0x00007e815509cc34: ;   {runtime_call nmethod}
  0x00007e815509cc34: e9fb ffff 

  0x00007e815509cc38: ;   {runtime_call handle_exception_from_callee Runtime1 stub}
  0x00007e815509cc38: ffe8 4232 

  0x00007e815509cc3c: ;   {external_word}
  0x00007e815509cc3c: ce06 48bf | 0701 5274 | 817e 0000 | 4883 e4f0 

  0x00007e815509cc4c: ;   {runtime_call MacroAssembler::debug64(char*, long, long*)}
  0x00007e815509cc4c: e8bf 0ff6 

  0x00007e815509cc50: ;   {section_word}
  0x00007e815509cc50: 1ef4 49ba | 52cc 0955 | 817e 0000 

  0x00007e815509cc5c: ;   {runtime_call DeoptimizationBlob}
  0x00007e815509cc5c: 4152 e93d | 9cc1 06f4 | f4f4 f4f4 
[/MachCode]


---------------  P R O C E S S  ---------------

Threads class SMR info:
_java_thread_list=0x00007e804dd92220, length=31, elements={
0x00007e816c030d60, 0x00007e816c14b980, 0x00007e816c14d000, 0x00007e816c14e780,
0x00007e816c14fdb0, 0x00007e816c151340, 0x00007e816c152ef0, 0x00007e816c1545a0,
0x00007e816c1612c0, 0x00007e816c1645b0, 0x00007e816c799220, 0x00007e816caa95d0,
0x00007e816ca13320, 0x00007e816dccdc20, 0x00007e816dccf3d0, 0x00007e80527446a0,
0x00007e80517b3fc0, 0x00007e816dce2230, 0x00007e804a0b6fe0, 0x00007e804a0e9e20,
0x00007e804a7a5e20, 0x00007e80382e2860, 0x00007e80382e5180, 0x00007e80382ea4d0,
0x00007e80382eb720, 0x00007e80382ec860, 0x00007e80382ed9a0, 0x00007e80382eef80,
0x00007e80382f02e0, 0x00007e802023a800, 0x00007e804e69e050
}

Java Threads: ( => current thread )
  0x00007e816c030d60 JavaThread "main"                              [_thread_blocked, id=3309810, stack(0x00007e8173300000,0x00007e8173400000) (1024K)]
  0x00007e816c14b980 JavaThread "Reference Handler"          daemon [_thread_blocked, id=3309820, stack(0x00007e813dbfd000,0x00007e813dcfd000) (1024K)]
  0x00007e816c14d000 JavaThread "Finalizer"                  daemon [_thread_blocked, id=3309821, stack(0x00007e813cf00000,0x00007e813d000000) (1024K)]
  0x00007e816c14e780 JavaThread "Signal Dispatcher"          daemon [_thread_blocked, id=3309822, stack(0x00007e813ce00000,0x00007e813cf00000) (1024K)]
  0x00007e816c14fdb0 JavaThread "Service Thread"             daemon [_thread_blocked, id=3309823, stack(0x00007e813cd00000,0x00007e813ce00000) (1024K)]
  0x00007e816c151340 JavaThread "Monitor Deflation Thread"   daemon [_thread_blocked, id=3309824, stack(0x00007e813cc00000,0x00007e813cd00000) (1024K)]
  0x00007e816c152ef0 JavaThread "C2 CompilerThread0"         daemon [_thread_blocked, id=3309825, stack(0x00007e813cb00000,0x00007e813cc00000) (1024K)]
  0x00007e816c1545a0 JavaThread "C1 CompilerThread0"         daemon [_thread_blocked, id=3309826, stack(0x00007e813ca00000,0x00007e813cb00000) (1024K)]
  0x00007e816c1612c0 JavaThread "Notification Thread"        daemon [_thread_blocked, id=3309829, stack(0x00007e813c730000,0x00007e813c830000) (1024K)]
  0x00007e816c1645b0 JavaThread "Common-Cleaner"             daemon [_thread_blocked, id=3309830, stack(0x00007e813c630000,0x00007e813c730000) (1024K)]
  0x00007e816c799220 JavaThread "Log4j2-AsyncAppenderEventDispatcher-1-Async" daemon [_thread_blocked, id=3309944, stack(0x00007e813c430000,0x00007e813c530000) (1024K)]
  0x00007e816caa95d0 JavaThread "process reaper (pid 3310189)" daemon [_thread_in_native, id=3310192, stack(0x00007e80e8fe0000,0x00007e80e9002000) (136K)]
  0x00007e816ca13320 JavaThread "JsonRpcProtocol reader"            [_thread_in_native, id=3310194, stack(0x00007e813c530000,0x00007e813c630000) (1024K)]
  0x00007e816dccdc20 JavaThread "grpc-nio-boss-ELG-1-1"      daemon [_thread_in_native, id=3310242, stack(0x00007e80a3700000,0x00007e80a3800000) (1024K)]
  0x00007e816dccf3d0 JavaThread "TCF Event Dispatcher"       daemon [_thread_blocked, id=3310249, stack(0x00007e80a0000000,0x00007e80a0100000) (1024K)]
  0x00007e80527446a0 JavaThread "grpc-nio-worker-ELG-3-1"    daemon [_thread_in_native, id=3310250, stack(0x00007e806b300000,0x00007e806b400000) (1024K)]
  0x00007e80517b3fc0 JavaThread "grpc-nio-worker-ELG-3-2"    daemon [_thread_in_native, id=3310251, stack(0x00007e80686fb000,0x00007e80687fb000) (1024K)]
  0x00007e816dce2230 JavaThread "TCF Timer Dispatcher"       daemon [_thread_blocked, id=3310253, stack(0x00007e80685fb000,0x00007e80686fb000) (1024K)]
  0x00007e804a0b6fe0 JavaThread "TCF Locator Receiver"       daemon [_thread_in_native, id=3310255, stack(0x00007e80684fb000,0x00007e80685fb000) (1024K)]
  0x00007e804a0e9e20 JavaThread "TCF Locator Timer"          daemon [_thread_blocked, id=3310256, stack(0x00007e80683fb000,0x00007e80684fb000) (1024K)]
  0x00007e804a7a5e20 JavaThread "TCF Locator DNS Lookup"     daemon [_thread_blocked, id=3310257, stack(0x00007e80682fb000,0x00007e80683fb000) (1024K)]
  0x00007e80382e2860 JavaThread "pool-2-thread-1"                   [_thread_blocked, id=3310262, stack(0x00007e80681fb000,0x00007e80682fb000) (1024K)]
  0x00007e80382e5180 JavaThread "pool-2-thread-2"                   [_thread_blocked, id=3310264, stack(0x00007e80680fb000,0x00007e80681fb000) (1024K)]
  0x00007e80382ea4d0 JavaThread "pool-2-thread-3"                   [_thread_blocked, id=3310265, stack(0x00007e8063f00000,0x00007e8064000000) (1024K)]
  0x00007e80382eb720 JavaThread "pool-2-thread-4"                   [_thread_blocked, id=3310266, stack(0x00007e8063e00000,0x00007e8063f00000) (1024K)]
  0x00007e80382ec860 JavaThread "pool-2-thread-5"                   [_thread_blocked, id=3310267, stack(0x00007e8063d00000,0x00007e8063e00000) (1024K)]
=>0x00007e80382ed9a0 JavaThread "pool-2-thread-6"                   [_thread_in_native, id=3310268, stack(0x00007e8063c00000,0x00007e8063d00000) (1024K)]
  0x00007e80382eef80 JavaThread "pool-2-thread-7"                   [_thread_blocked, id=3310269, stack(0x00007e8063b00000,0x00007e8063c00000) (1024K)]
  0x00007e80382f02e0 JavaThread "pool-2-thread-8"                   [_thread_blocked, id=3310270, stack(0x00007e8063a00000,0x00007e8063b00000) (1024K)]
  0x00007e802023a800 JavaThread "process reaper"             daemon [_thread_blocked, id=3310274, stack(0x00007e80e8fbe000,0x00007e80e8fe0000) (136K)]
  0x00007e804e69e050 JavaThread "process reaper"             daemon [_thread_blocked, id=3322546, stack(0x00007e80e8715000,0x00007e80e8737000) (136K)]
Total: 31

Other Threads:
  0x00007e816c142670 VMThread "VM Thread"                           [id=3309819, stack(0x00007e813dcfe000,0x00007e813ddfe000) (1024K)]
  0x00007e816c1306b0 WatcherThread "VM Periodic Task Thread"        [id=3309817, stack(0x00007e813ddff000,0x00007e813deff000) (1024K)]
  0x00007e816c05bf20 WorkerThread "GC Thread#0"                     [id=3309811, stack(0x00007e81703c1000,0x00007e81704c1000) (1024K)]
  0x00007e80e40091d0 WorkerThread "GC Thread#1"                     [id=3309926, stack(0x00007e80e8141000,0x00007e80e8241000) (1024K)]
  0x00007e80e40099b0 WorkerThread "GC Thread#2"                     [id=3309927, stack(0x00007e80e8040000,0x00007e80e8140000) (1024K)]
  0x00007e80e400a280 WorkerThread "GC Thread#3"                     [id=3309928, stack(0x00007e80aa300000,0x00007e80aa400000) (1024K)]
  0x00007e80e400b100 WorkerThread "GC Thread#4"                     [id=3309929, stack(0x00007e80a9f00000,0x00007e80aa000000) (1024K)]
  0x00007e80e400bb90 WorkerThread "GC Thread#5"                     [id=3309930, stack(0x00007e80a9b00000,0x00007e80a9c00000) (1024K)]
  0x00007e80e400ca40 WorkerThread "GC Thread#6"                     [id=3309931, stack(0x00007e80a6500000,0x00007e80a6600000) (1024K)]
  0x00007e80e400d910 WorkerThread "GC Thread#7"                     [id=3309932, stack(0x00007e80a5500000,0x00007e80a5600000) (1024K)]
  0x00007e80e400e900 WorkerThread "GC Thread#8"                     [id=3309933, stack(0x00007e80a4d00000,0x00007e80a4e00000) (1024K)]
  0x00007e80e400f8f0 WorkerThread "GC Thread#9"                     [id=3309934, stack(0x00007e80a4100000,0x00007e80a4200000) (1024K)]
  0x00007e80e40108e0 WorkerThread "GC Thread#10"                    [id=3309935, stack(0x00007e80a3d00000,0x00007e80a3e00000) (1024K)]
  0x00007e80e4016040 WorkerThread "GC Thread#11"                    [id=3310238, stack(0x00007e80a1d00000,0x00007e80a1e00000) (1024K)]
  0x00007e80e4016540 WorkerThread "GC Thread#12"                    [id=3310295, stack(0x00007e8063900000,0x00007e8063a00000) (1024K)]
  0x00007e816c06ca60 ConcurrentGCThread "G1 Main Marker"            [id=3309812, stack(0x00007e81702c0000,0x00007e81703c0000) (1024K)]
  0x00007e816c06da00 WorkerThread "G1 Conc#0"                       [id=3309813, stack(0x00007e81701bf000,0x00007e81702bf000) (1024K)]
  0x00007e8140000d90 WorkerThread "G1 Conc#1"                       [id=3310207, stack(0x00007e80a2b00000,0x00007e80a2c00000) (1024K)]
  0x00007e8140001980 WorkerThread "G1 Conc#2"                       [id=3310208, stack(0x00007e80a2100000,0x00007e80a2200000) (1024K)]
  0x00007e816c115600 ConcurrentGCThread "G1 Refine#0"               [id=3309815, stack(0x00007e814c064000,0x00007e814c164000) (1024K)]
  0x00007e816c1165b0 ConcurrentGCThread "G1 Service"                [id=3309816, stack(0x00007e813df00000,0x00007e813e000000) (1024K)]
Total: 21

Threads with active compile tasks:
Total: 0

VM state: not at safepoint (normal execution)

VM Mutex/Monitor currently owned by a thread: None

Heap address: 0x0000000615c00000, size: 7844 MB, Compressed Oops mode: Zero based, Oop shift amount: 3

CDS archive(s) mapped at: [0x00007e80ef000000-0x00007e80efc97000-0x00007e80efc97000), size 13201408, SharedBaseAddress: 0x00007e80ef000000, ArchiveRelocationMode: 1.
Compressed class space mapped at: 0x00007e80f0000000-0x00007e8130000000, reserved size: 1073741824
Narrow klass base: 0x00007e80ef000000, Narrow klass shift: 0, Narrow klass range: 0x100000000

GC Precious Log:
 CardTable entry size: 512
 Card Set container configuration: InlinePtr #cards 4 size 8 Array Of Cards #cards 32 size 80 Howl #buckets 8 coarsen threshold 7372 Howl Bitmap #cards 1024 size 144 coarsen threshold 921 Card regions per heap region 1 cards per card region 8192
 CPUs: 16 total, 16 available
 Memory: 31364M
 Large Page Support: Disabled
 NUMA Support: Disabled
 Compressed Oops: Enabled (Zero based)
 Heap Region Size: 4M
 Heap Min Capacity: 8M
 Heap Initial Capacity: 492M
 Heap Max Capacity: 7844M
 Pre-touch: Disabled
 Parallel Workers: 13
 Concurrent Workers: 3
 Concurrent Refinement Workers: 13
 Periodic GC: Disabled

Heap:
 garbage-first heap   total 53248K, used 20244K [0x0000000615c00000, 0x0000000800000000)
  region size 4096K, 2 young (8192K), 1 survivors (4096K)
 Metaspace       used 59036K, committed 59456K, reserved 1114112K
  class space    used 6462K, committed 6656K, reserved 1048576K

Heap Regions: E=young(eden), S=young(survivor), O=old, HS=humongous(starts), HC=humongous(continues), CS=collection set, F=free, TAMS=top-at-mark-start, PB=parsable bottom
|   0|0x0000000615c00000, 0x0000000616000000, 0x0000000616000000|100%| O|  |TAMS 0x0000000615c00000| PB 0x0000000615c00000| Untracked 
|   1|0x0000000616000000, 0x0000000616400000, 0x0000000616400000|100%| O|  |TAMS 0x0000000616000000| PB 0x0000000616000000| Untracked 
|   2|0x0000000616400000, 0x000000061659d338, 0x0000000616800000| 40%| O|  |TAMS 0x0000000616400000| PB 0x0000000616400000| Untracked 
|   3|0x0000000616800000, 0x0000000616bee1a8, 0x0000000616c00000| 98%| O|  |TAMS 0x0000000616800000| PB 0x0000000616800000| Untracked 
|   4|0x0000000616c00000, 0x0000000616c00000, 0x0000000617000000|  0%| F|  |TAMS 0x0000000616c00000| PB 0x0000000616c00000| Untracked 
|   5|0x0000000617000000, 0x0000000617239b30, 0x0000000617400000| 55%| S|CS|TAMS 0x0000000617000000| PB 0x0000000617000000| Complete 
|   6|0x0000000617400000, 0x0000000617400000, 0x0000000617800000|  0%| F|  |TAMS 0x0000000617400000| PB 0x0000000617400000| Untracked 
|   7|0x0000000617800000, 0x0000000617800000, 0x0000000617c00000|  0%| F|  |TAMS 0x0000000617800000| PB 0x0000000617800000| Untracked 
|   8|0x0000000617c00000, 0x0000000617c00000, 0x0000000618000000|  0%| F|  |TAMS 0x0000000617c00000| PB 0x0000000617c00000| Untracked 
|   9|0x0000000618000000, 0x0000000618000000, 0x0000000618400000|  0%| F|  |TAMS 0x0000000618000000| PB 0x0000000618000000| Untracked 
| 122|0x0000000634400000, 0x0000000634400000, 0x0000000634800000|  0%| F|  |TAMS 0x0000000634400000| PB 0x0000000634400000| Untracked 
|1959|0x00000007ff800000, 0x00000007ffc00000, 0x00000007ffc00000|100%| O|  |TAMS 0x00000007ff800000| PB 0x00000007ff800000| Untracked 
|1960|0x00000007ffc00000, 0x00000007fffddf00, 0x0000000800000000| 96%| E|  |TAMS 0x00000007ffc00000| PB 0x00000007ffc00000| Complete 

Card table byte_map: [0x00007e817057d000,0x00007e81714cf000] _byte_map_base: 0x00007e816d4cf000

Marking Bits: (CMBitMap*) 0x00007e816c05ca40
 Bits: [0x00007e814cd70000, 0x00007e8154800000)

Polling page: 0x00007e8174da1000

Metaspace:

Usage:
  Non-class:     51.34 MB used.
      Class:      6.31 MB used.
       Both:     57.65 MB used.

Virtual space:
  Non-class space:       64.00 MB reserved,      51.56 MB ( 81%) committed,  1 nodes.
      Class space:        1.00 GB reserved,       6.50 MB ( <1%) committed,  1 nodes.
             Both:        1.06 GB reserved,      58.06 MB (  5%) committed. 

Chunk freelists:
   Non-Class:  12.41 MB
       Class:  9.53 MB
        Both:  21.94 MB

MaxMetaspaceSize: unlimited
CompressedClassSpaceSize: 1.00 GB
Initial GC threshold: 21.00 MB
Current GC threshold: 60.56 MB
CDS: on
 - commit_granule_bytes: 65536.
 - commit_granule_words: 8192.
 - virtual_space_node_default_size: 8388608.
 - enlarge_chunks_in_place: 1.
 - use_allocation_guard: 0.


Internal statistics:

num_allocs_failed_limit: 15.
num_arena_births: 522.
num_arena_deaths: 0.
num_vsnodes_births: 2.
num_vsnodes_deaths: 0.
num_space_committed: 929.
num_space_uncommitted: 0.
num_chunks_returned_to_freelist: 15.
num_chunks_taken_from_freelist: 2141.
num_chunk_merges: 15.
num_chunk_splits: 1695.
num_chunks_enlarged: 1399.
num_inconsistent_stats: 0.

CodeHeap 'non-profiled nmethods': size=119168Kb used=2571Kb max_used=2571Kb free=116596Kb
 bounds [0x00007e815c3a0000, 0x00007e815c630000, 0x00007e8163800000]
CodeHeap 'profiled nmethods': size=119164Kb used=11466Kb max_used=11466Kb free=107698Kb
 bounds [0x00007e8154800000, 0x00007e8155340000, 0x00007e815bc5f000]
CodeHeap 'non-nmethods': size=7428Kb used=1826Kb max_used=3545Kb free=5601Kb
 bounds [0x00007e815bc5f000, 0x00007e815bfff000, 0x00007e815c3a0000]
 total_blobs=6483 nmethods=5781 adapters=608
 compilation: enabled
              stopped_count=0, restarted_count=0
 full_count=0

Compilation events (20 events):
Event: 97.106 Thread 0x00007e816c1545a0 nmethod 6011 0x00007e8155320e10 code [0x00007e8155320fa0, 0x00007e8155321108]
Event: 97.109 Thread 0x00007e816c1545a0 6012       3       io.netty.util.collection.IntObjectHashMap::removeAt (149 bytes)
Event: 97.109 Thread 0x00007e816c1545a0 nmethod 6012 0x00007e8155321190 code [0x00007e81553213c0, 0x00007e8155321e58]
Event: 97.109 Thread 0x00007e816c1545a0 6013       3       io.grpc.Context$CancellableContext::cancellationCause (14 bytes)
Event: 97.109 Thread 0x00007e816c1545a0 nmethod 6013 0x00007e8155322290 code [0x00007e8155322440, 0x00007e81553225f8]
Event: 97.111 Thread 0x00007e816c152ef0 nmethod 6006 0x00007e815c618710 code [0x00007e815c6188e0, 0x00007e815c6191a0]
Event: 97.111 Thread 0x00007e816c152ef0 6007       4       java.lang.reflect.AccessibleObject::checkAccess (40 bytes)
Event: 97.122 Thread 0x00007e816c152ef0 nmethod 6007 0x00007e815c619510 code [0x00007e815c6197e0, 0x00007e815c61abf8]
Event: 97.126 Thread 0x00007e816c1545a0 6014       3       io.netty.channel.AbstractChannel$AbstractUnsafe::recvBufAllocHandle (33 bytes)
Event: 97.126 Thread 0x00007e816c1545a0 nmethod 6014 0x00007e8155322690 code [0x00007e8155322860, 0x00007e8155322c70]
Event: 97.127 Thread 0x00007e816c1545a0 6015       3       io.netty.channel.AbstractChannelHandlerContext::read (64 bytes)
Event: 97.127 Thread 0x00007e816c1545a0 nmethod 6015 0x00007e8155322e10 code [0x00007e8155323080, 0x00007e8155323d58]
Event: 97.127 Thread 0x00007e816c1545a0 6016   !   3       io.netty.channel.AbstractChannelHandlerContext::invokeRead (97 bytes)
Event: 97.128 Thread 0x00007e816c1545a0 nmethod 6016 0x00007e8155324190 code [0x00007e8155324420, 0x00007e8155325310]
Event: 97.128 Thread 0x00007e816c1545a0 6017       1       sun.nio.ch.SelectionKeyImpl::nioReadyOps (6 bytes)
Event: 97.128 Thread 0x00007e816c1545a0 nmethod 6017 0x00007e815c61bb90 code [0x00007e815c61bd20, 0x00007e815c61bde8]
Event: 97.128 Thread 0x00007e816c1545a0 6018       1       java.nio.channels.SelectionKey::attachment (5 bytes)
Event: 97.128 Thread 0x00007e816c1545a0 nmethod 6018 0x00007e815c61be90 code [0x00007e815c61c020, 0x00007e815c61c0e8]
Event: 97.128 Thread 0x00007e816c1545a0 6019       1       io.netty.channel.DefaultMaxMessagesRecvByteBufAllocator::maxMessagesPerRead (5 bytes)
Event: 97.128 Thread 0x00007e816c1545a0 nmethod 6019 0x00007e815c61c190 code [0x00007e815c61c320, 0x00007e815c61c3e0]

GC Heap History (20 events):
Event: 0.994 GC heap before
{Heap before GC invocations=0 (full 0):
 garbage-first heap   total 507904K, used 25649K [0x0000000615c00000, 0x0000000800000000)
  region size 4096K, 6 young (24576K), 0 survivors (0K)
 Metaspace       used 6678K, committed 6848K, reserved 1114112K
  class space    used 756K, committed 832K, reserved 1048576K
}
Event: 0.996 GC heap after
{Heap after GC invocations=1 (full 0):
 garbage-first heap   total 507904K, used 6297K [0x0000000615c00000, 0x0000000800000000)
  region size 4096K, 1 young (4096K), 1 survivors (4096K)
 Metaspace       used 6678K, committed 6848K, reserved 1114112K
  class space    used 756K, committed 832K, reserved 1048576K
}
Event: 3.469 GC heap before
{Heap before GC invocations=1 (full 0):
 garbage-first heap   total 507904K, used 22681K [0x0000000615c00000, 0x0000000800000000)
  region size 4096K, 6 young (24576K), 1 survivors (4096K)
 Metaspace       used 14614K, committed 14912K, reserved 1114112K
  class space    used 1510K, committed 1664K, reserved 1048576K
}
Event: 3.470 GC heap after
{Heap after GC invocations=2 (full 0):
 garbage-first heap   total 507904K, used 8479K [0x0000000615c00000, 0x0000000800000000)
  region size 4096K, 1 young (4096K), 1 survivors (4096K)
 Metaspace       used 14614K, committed 14912K, reserved 1114112K
  class space    used 1510K, committed 1664K, reserved 1048576K
}
Event: 3.692 GC heap before
{Heap before GC invocations=2 (full 0):
 garbage-first heap   total 507904K, used 24863K [0x0000000615c00000, 0x0000000800000000)
  region size 4096K, 6 young (24576K), 1 survivors (4096K)
 Metaspace       used 21234K, committed 21504K, reserved 1114112K
  class space    used 2225K, committed 2368K, reserved 1048576K
}
Event: 3.694 GC heap after
{Heap after GC invocations=3 (full 0):
 garbage-first heap   total 507904K, used 9283K [0x0000000615c00000, 0x0000000800000000)
  region size 4096K, 1 young (4096K), 1 survivors (4096K)
 Metaspace       used 21234K, committed 21504K, reserved 1114112K
  class space    used 2225K, committed 2368K, reserved 1048576K
}
Event: 4.031 GC heap before
{Heap before GC invocations=4 (full 0):
 garbage-first heap   total 57344K, used 42051K [0x0000000615c00000, 0x0000000800000000)
  region size 4096K, 10 young (40960K), 1 survivors (4096K)
 Metaspace       used 35906K, committed 36160K, reserved 1114112K
  class space    used 4012K, committed 4160K, reserved 1048576K
}
Event: 4.034 GC heap after
{Heap after GC invocations=5 (full 0):
 garbage-first heap   total 61440K, used 10726K [0x0000000615c00000, 0x0000000800000000)
  region size 4096K, 2 young (8192K), 2 survivors (8192K)
 Metaspace       used 35906K, committed 36160K, reserved 1114112K
  class space    used 4012K, committed 4160K, reserved 1048576K
}
Event: 4.045 GC heap before
{Heap before GC invocations=5 (full 0):
 garbage-first heap   total 61440K, used 10726K [0x0000000615c00000, 0x0000000800000000)
  region size 4096K, 3 young (12288K), 2 survivors (8192K)
 Metaspace       used 36209K, committed 36480K, reserved 1114112K
  class space    used 4066K, committed 4224K, reserved 1048576K
}
Event: 4.048 GC heap after
{Heap after GC invocations=6 (full 0):
 garbage-first heap   total 61440K, used 10718K [0x0000000615c00000, 0x0000000800000000)
  region size 4096K, 1 young (4096K), 1 survivors (4096K)
 Metaspace       used 36209K, committed 36480K, reserved 1114112K
  class space    used 4066K, committed 4224K, reserved 1048576K
}
Event: 4.059 GC heap before
{Heap before GC invocations=6 (full 0):
 garbage-first heap   total 61440K, used 10718K [0x0000000615c00000, 0x0000000800000000)
  region size 4096K, 2 young (8192K), 1 survivors (4096K)
 Metaspace       used 36555K, committed 36800K, reserved 1114112K
  class space    used 4090K, committed 4224K, reserved 1048576K
}
Event: 4.061 GC heap after
{Heap after GC invocations=7 (full 0):
 garbage-first heap   total 61440K, used 10835K [0x0000000615c00000, 0x0000000800000000)
  region size 4096K, 1 young (4096K), 1 survivors (4096K)
 Metaspace       used 36555K, committed 36800K, reserved 1114112K
  class space    used 4090K, committed 4224K, reserved 1048576K
}
Event: 4.272 GC heap before
{Heap before GC invocations=8 (full 0):
 garbage-first heap   total 40960K, used 39507K [0x0000000615c00000, 0x0000000800000000)
  region size 4096K, 8 young (32768K), 1 survivors (4096K)
 Metaspace       used 46100K, committed 46528K, reserved 1114112K
  class space    used 5190K, committed 5376K, reserved 1048576K
}
Event: 4.275 GC heap after
{Heap after GC invocations=9 (full 0):
 garbage-first heap   total 53248K, used 18306K [0x0000000615c00000, 0x0000000800000000)
  region size 4096K, 2 young (8192K), 2 survivors (8192K)
 Metaspace       used 46100K, committed 46528K, reserved 1114112K
  class space    used 5190K, committed 5376K, reserved 1048576K
}
Event: 5.678 GC heap before
{Heap before GC invocations=9 (full 0):
 garbage-first heap   total 53248K, used 34690K [0x0000000615c00000, 0x0000000800000000)
  region size 4096K, 7 young (28672K), 2 survivors (8192K)
 Metaspace       used 52258K, committed 52672K, reserved 1114112K
  class space    used 5785K, committed 5952K, reserved 1048576K
}
Event: 5.679 GC heap after
{Heap after GC invocations=10 (full 0):
 garbage-first heap   total 53248K, used 18281K [0x0000000615c00000, 0x0000000800000000)
  region size 4096K, 1 young (4096K), 1 survivors (4096K)
 Metaspace       used 52258K, committed 52672K, reserved 1114112K
  class space    used 5785K, committed 5952K, reserved 1048576K
}
Event: 57.203 GC heap before
{Heap before GC invocations=10 (full 0):
 garbage-first heap   total 53248K, used 38761K [0x0000000615c00000, 0x0000000800000000)
  region size 4096K, 6 young (24576K), 1 survivors (4096K)
 Metaspace       used 55622K, committed 56064K, reserved 1114112K
  class space    used 6098K, committed 6336K, reserved 1048576K
}
Event: 57.204 GC heap after
{Heap after GC invocations=11 (full 0):
 garbage-first heap   total 53248K, used 19188K [0x0000000615c00000, 0x0000000800000000)
  region size 4096K, 1 young (4096K), 1 survivors (4096K)
 Metaspace       used 55622K, committed 56064K, reserved 1114112K
  class space    used 6098K, committed 6336K, reserved 1048576K
}
Event: 91.836 GC heap before
{Heap before GC invocations=11 (full 0):
 garbage-first heap   total 53248K, used 39668K [0x0000000615c00000, 0x0000000800000000)
  region size 4096K, 6 young (24576K), 1 survivors (4096K)
 Metaspace       used 58688K, committed 59072K, reserved 1114112K
  class space    used 6426K, committed 6592K, reserved 1048576K
}
Event: 91.837 GC heap after
{Heap after GC invocations=12 (full 0):
 garbage-first heap   total 53248K, used 20244K [0x0000000615c00000, 0x0000000800000000)
  region size 4096K, 1 young (4096K), 1 survivors (4096K)
 Metaspace       used 58688K, committed 59072K, reserved 1114112K
  class space    used 6426K, committed 6592K, reserved 1048576K
}

Dll operation events (13 events):
Event: 0.001 Loaded shared library /home/pah/tools/Xilinx_20252/2025.2/tps/lnx64/jre21.0.5_11/lib/libjava.so
Event: 0.019 Loaded shared library /home/pah/tools/Xilinx_20252/2025.2/tps/lnx64/jre21.0.5_11/lib/libjsvml.so
Event: 0.029 Loaded shared library /home/pah/tools/Xilinx_20252/2025.2/tps/lnx64/jre21.0.5_11/lib/libnio.so
Event: 0.038 Loaded shared library /home/pah/tools/Xilinx_20252/2025.2/tps/lnx64/jre21.0.5_11/lib/libzip.so
Event: 0.061 Loaded shared library /home/pah/tools/Xilinx_20252/2025.2/tps/lnx64/jre21.0.5_11/lib/libverify.so
Event: 0.119 Loaded shared library /home/pah/tools/Xilinx_20252/2025.2/tps/lnx64/jre21.0.5_11/lib/libjimage.so
Event: 0.874 Loaded shared library /home/pah/tools/Xilinx_20252/2025.2/Vitis/lib/lnx64.o/libxv_common.so
Event: 0.925 Loaded shared library /home/pah/tools/Xilinx_20252/2025.2/tps/lnx64/jre21.0.5_11/lib/libmanagement.so
Event: 0.925 Loaded shared library /home/pah/tools/Xilinx_20252/2025.2/tps/lnx64/jre21.0.5_11/lib/libmanagement_ext.so
Event: 1.047 Loaded shared library /home/pah/tools/Xilinx_20252/2025.2/tps/lnx64/jre21.0.5_11/lib/libnet.so
Event: 1.236 Loaded shared library /home/pah/tools/Xilinx_20252/2025.2/Vitis/lib/lnx64.o/libxv_platform.so
Event: 4.085 Loaded shared library /home/pah/tools/Xilinx_20252/2025.2/tps/lnx64/jre21.0.5_11/lib/libextnet.so
Event: 30.770 Loaded shared library /home/pah/tools/Xilinx_20252/2025.2/Vitis/lib/lnx64.o/libxv_repo_manager.so

Deoptimization events (20 events):
Event: 68.570 Thread 0x00007e80382ed9a0 DEOPT PACKING pc=0x00007e815c579a28 sp=0x00007e8063cfcf80
Event: 68.570 Thread 0x00007e80382ed9a0 DEOPT UNPACKING pc=0x00007e815bcb6619 sp=0x00007e8063cfcf50 mode 2
Event: 68.578 Thread 0x00007e80382ed9a0 Uncommon trap: trap_request=0xffffff45 fr.pc=0x00007e815c561574 relative=0x00000000000001b4
Event: 68.578 Thread 0x00007e80382ed9a0 Uncommon trap: reason=unstable_if action=reinterpret pc=0x00007e815c561574 method=sun.nio.fs.UnixPath.normalizeAndCheck(Ljava/lang/String;)Ljava/lang/String; @ 61 c2
Event: 68.578 Thread 0x00007e80382ed9a0 DEOPT PACKING pc=0x00007e815c561574 sp=0x00007e8063cfe060
Event: 68.578 Thread 0x00007e80382ed9a0 DEOPT UNPACKING pc=0x00007e815bcb6619 sp=0x00007e8063cfe000 mode 2
Event: 76.899 Thread 0x00007e80382ed9a0 Uncommon trap: trap_request=0xffffff45 fr.pc=0x00007e815c422ff8 relative=0x0000000000000258
Event: 76.899 Thread 0x00007e80382ed9a0 Uncommon trap: reason=unstable_if action=reinterpret pc=0x00007e815c422ff8 method=jdk.internal.org.objectweb.asm.Frame.push(I)V @ 26 c2
Event: 76.899 Thread 0x00007e80382ed9a0 DEOPT PACKING pc=0x00007e815c422ff8 sp=0x00007e8063cfcf00
Event: 76.899 Thread 0x00007e80382ed9a0 DEOPT UNPACKING pc=0x00007e815bcb6619 sp=0x00007e8063cfcea8 mode 2
Event: 76.899 Thread 0x00007e80382ed9a0 Uncommon trap: trap_request=0xffffff45 fr.pc=0x00007e815c56e084 relative=0x0000000000000064
Event: 76.899 Thread 0x00007e80382ed9a0 Uncommon trap: reason=unstable_if action=reinterpret pc=0x00007e815c56e084 method=java.lang.StringConcatHelper.stringOf(Ljava/lang/Object;)Ljava/lang/String; @ 1 c2
Event: 76.899 Thread 0x00007e80382ed9a0 DEOPT PACKING pc=0x00007e815c56e084 sp=0x00007e8063cfdf90
Event: 76.899 Thread 0x00007e80382ed9a0 DEOPT UNPACKING pc=0x00007e815bcb6619 sp=0x00007e8063cfdf40 mode 2
Event: 87.622 Thread 0x00007e80382eef80 DEOPT PACKING pc=0x00007e81551430ba sp=0x00007e8063bfdbb0
Event: 87.622 Thread 0x00007e80382eef80 DEOPT UNPACKING pc=0x00007e815bcb714f sp=0x00007e8063bfd068 mode 0
Event: 87.623 Thread 0x00007e80382eef80 DEOPT PACKING pc=0x00007e81551430ba sp=0x00007e8063bfdb20
Event: 87.623 Thread 0x00007e80382eef80 DEOPT UNPACKING pc=0x00007e815bcb714f sp=0x00007e8063bfcfd8 mode 0
Event: 90.501 Thread 0x00007e80382eef80 DEOPT PACKING pc=0x00007e81550e9e17 sp=0x00007e8063bfe0e0
Event: 90.501 Thread 0x00007e80382eef80 DEOPT UNPACKING pc=0x00007e815bcb714f sp=0x00007e8063bfd610 mode 0

Classes loaded (20 events):
Event: 76.956 Loading class org/xml/sax/Locator
Event: 76.956 Loading class org/xml/sax/Locator done
Event: 76.956 Loading class org/xml/sax/ext/Locator2 done
Event: 76.956 Loading class com/sun/org/apache/xalan/internal/xsltc/trax/DOM2TO done
Event: 76.957 Loading class com/sun/org/apache/xml/internal/serializer/WriterToASCI
Event: 76.957 Loading class com/sun/org/apache/xml/internal/serializer/WriterToASCI done
Event: 76.963 Loading class java/util/ArrayList$ListItr
Event: 76.963 Loading class java/util/ArrayList$ListItr done
Event: 76.966 Loading class java/nio/channels/Channels$WritableByteChannelImpl
Event: 76.967 Loading class java/nio/channels/Channels$WritableByteChannelImpl done
Event: 76.967 Loading class java/nio/StringCharBuffer
Event: 76.967 Loading class java/nio/StringCharBuffer done
Event: 76.967 Loading class sun/nio/cs/ThreadLocalCoders
Event: 76.967 Loading class sun/nio/cs/ThreadLocalCoders done
Event: 76.967 Loading class sun/nio/cs/ThreadLocalCoders$1
Event: 76.967 Loading class sun/nio/cs/ThreadLocalCoders$Cache
Event: 76.967 Loading class sun/nio/cs/ThreadLocalCoders$Cache done
Event: 76.967 Loading class sun/nio/cs/ThreadLocalCoders$1 done
Event: 76.967 Loading class sun/nio/cs/ThreadLocalCoders$2
Event: 76.967 Loading class sun/nio/cs/ThreadLocalCoders$2 done

Classes unloaded (0 events):
No events

Classes redefined (0 events):
No events

Internal exceptions (20 events):
Event: 91.853 Thread 0x00007e80382eef80 Exception <a 'sun/nio/fs/UnixException'{0x00000007ffcac760}> (0x00000007ffcac760) 
thrown [src/hotspot/share/prims/jni.cpp, line 520]
Event: 91.853 Thread 0x00007e80382eef80 Exception <a 'sun/nio/fs/UnixException'{0x00000007ffcad4c8}> (0x00000007ffcad4c8) 
thrown [src/hotspot/share/prims/jni.cpp, line 520]
Event: 91.853 Thread 0x00007e80382eef80 Exception <a 'sun/nio/fs/UnixException'{0x00000007ffcadea8}> (0x00000007ffcadea8) 
thrown [src/hotspot/share/prims/jni.cpp, line 520]
Event: 91.854 Thread 0x00007e80382eef80 Exception <a 'sun/nio/fs/UnixException'{0x00000007ffcae8a0}> (0x00000007ffcae8a0) 
thrown [src/hotspot/share/prims/jni.cpp, line 520]
Event: 91.854 Thread 0x00007e80382eef80 Exception <a 'sun/nio/fs/UnixException'{0x00000007ffcaf278}> (0x00000007ffcaf278) 
thrown [src/hotspot/share/prims/jni.cpp, line 520]
Event: 91.854 Thread 0x00007e80382eef80 Exception <a 'sun/nio/fs/UnixException'{0x00000007ffcafc58}> (0x00000007ffcafc58) 
thrown [src/hotspot/share/prims/jni.cpp, line 520]
Event: 91.854 Thread 0x00007e80382eef80 Exception <a 'sun/nio/fs/UnixException'{0x00000007ffcb0638}> (0x00000007ffcb0638) 
thrown [src/hotspot/share/prims/jni.cpp, line 520]
Event: 91.854 Thread 0x00007e80382eef80 Exception <a 'sun/nio/fs/UnixException'{0x00000007ffcb1038}> (0x00000007ffcb1038) 
thrown [src/hotspot/share/prims/jni.cpp, line 520]
Event: 91.854 Thread 0x00007e80382eef80 Exception <a 'sun/nio/fs/UnixException'{0x00000007ffcb1a10}> (0x00000007ffcb1a10) 
thrown [src/hotspot/share/prims/jni.cpp, line 520]
Event: 91.854 Thread 0x00007e80382eef80 Exception <a 'sun/nio/fs/UnixException'{0x00000007ffcb23f0}> (0x00000007ffcb23f0) 
thrown [src/hotspot/share/prims/jni.cpp, line 520]
Event: 91.854 Thread 0x00007e80382eef80 Exception <a 'sun/nio/fs/UnixException'{0x00000007ffcb2f40}> (0x00000007ffcb2f40) 
thrown [src/hotspot/share/prims/jni.cpp, line 520]
Event: 91.854 Thread 0x00007e80382eef80 Exception <a 'sun/nio/fs/UnixException'{0x00000007ffcb38e8}> (0x00000007ffcb38e8) 
thrown [src/hotspot/share/prims/jni.cpp, line 520]
Event: 91.854 Thread 0x00007e80382eef80 Exception <a 'sun/nio/fs/UnixException'{0x00000007ffcb42a8}> (0x00000007ffcb42a8) 
thrown [src/hotspot/share/prims/jni.cpp, line 520]
Event: 91.854 Thread 0x00007e80382eef80 Exception <a 'sun/nio/fs/UnixException'{0x00000007ffcb4c50}> (0x00000007ffcb4c50) 
thrown [src/hotspot/share/prims/jni.cpp, line 520]
Event: 91.855 Thread 0x00007e80382eef80 Exception <a 'sun/nio/fs/UnixException'{0x00000007ffcb5880}> (0x00000007ffcb5880) 
thrown [src/hotspot/share/prims/jni.cpp, line 520]
Event: 91.855 Thread 0x00007e80382eef80 Exception <a 'sun/nio/fs/UnixException'{0x00000007ffcb7248}> (0x00000007ffcb7248) 
thrown [src/hotspot/share/prims/jni.cpp, line 520]
Event: 91.855 Thread 0x00007e80382eef80 Exception <a 'sun/nio/fs/UnixException'{0x00000007ffcb88d8}> (0x00000007ffcb88d8) 
thrown [src/hotspot/share/prims/jni.cpp, line 520]
Event: 91.855 Thread 0x00007e80382eef80 Exception <a 'sun/nio/fs/UnixException'{0x00000007ffcba888}> (0x00000007ffcba888) 
thrown [src/hotspot/share/prims/jni.cpp, line 520]
Event: 91.856 Thread 0x00007e80382eef80 Exception <a 'sun/nio/fs/UnixException'{0x00000007ffcbb808}> (0x00000007ffcbb808) 
thrown [src/hotspot/share/prims/jni.cpp, line 520]
Event: 91.866 Thread 0x00007e80382eef80 Exception <a 'sun/nio/fs/UnixException'{0x00000007ffde16f8}> (0x00000007ffde16f8) 
thrown [src/hotspot/share/prims/jni.cpp, line 520]

ZGC Phase Switch (0 events):
No events

VM Operations (20 events):
Event: 77.963 Executing VM operation: Cleanup
Event: 77.963 Executing VM operation: Cleanup done
Event: 87.964 Executing VM operation: Cleanup
Event: 87.964 Executing VM operation: Cleanup done
Event: 88.964 Executing VM operation: Cleanup
Event: 88.964 Executing VM operation: Cleanup done
Event: 89.265 Executing VM operation: HandshakeAllThreads (Deoptimize)
Event: 89.265 Executing VM operation: HandshakeAllThreads (Deoptimize) done
Event: 89.270 Executing VM operation: HandshakeAllThreads (Deoptimize)
Event: 89.270 Executing VM operation: HandshakeAllThreads (Deoptimize) done
Event: 90.270 Executing VM operation: Cleanup
Event: 90.270 Executing VM operation: Cleanup done
Event: 91.270 Executing VM operation: Cleanup
Event: 91.270 Executing VM operation: Cleanup done
Event: 91.836 Executing VM operation: G1CollectForAllocation (G1 Evacuation Pause)
Event: 91.837 Executing VM operation: G1CollectForAllocation (G1 Evacuation Pause) done
Event: 92.837 Executing VM operation: Cleanup
Event: 92.837 Executing VM operation: Cleanup done
Event: 94.837 Executing VM operation: Cleanup
Event: 94.837 Executing VM operation: Cleanup done

Memory protections (20 events):
Event: 68.585 Protecting memory [0x00007e80a0100000,0x00007e80a0104000] with protection modes 0
Event: 68.587 Protecting memory [0x00007e80637ff000,0x00007e8063803000] with protection modes 0
Event: 68.590 Protecting memory [0x00007e80e8715000,0x00007e80e8719000] with protection modes 0
Event: 74.821 Protecting memory [0x00007e80a0900000,0x00007e80a0904000] with protection modes 0
Event: 74.825 Protecting memory [0x00007e80a0100000,0x00007e80a0104000] with protection modes 0
Event: 76.905 Protecting memory [0x00007e80a0500000,0x00007e80a0504000] with protection modes 0
Event: 76.905 Protecting memory [0x00007e813c830000,0x00007e813c834000] with protection modes 0
Event: 76.944 Protecting memory [0x00007e80a0900000,0x00007e80a0904000] with protection modes 0
Event: 76.947 Protecting memory [0x00007e80a0100000,0x00007e80a0104000] with protection modes 0
Event: 77.123 Protecting memory [0x00007e80a0900000,0x00007e80a0904000] with protection modes 0
Event: 87.628 Protecting memory [0x00007e80a0500000,0x00007e80a0504000] with protection modes 0
Event: 87.628 Protecting memory [0x00007e813c830000,0x00007e813c834000] with protection modes 0
Event: 87.628 Protecting memory [0x00007e80a0900000,0x00007e80a0904000] with protection modes 0
Event: 87.632 Protecting memory [0x00007e80a0100000,0x00007e80a0104000] with protection modes 0
Event: 87.632 Protecting memory [0x00007e80637ff000,0x00007e8063803000] with protection modes 0
Event: 89.577 Protecting memory [0x00007e80a0900000,0x00007e80a0904000] with protection modes 0
Event: 90.038 Protecting memory [0x00007e80a0900000,0x00007e80a0904000] with protection modes 0
Event: 91.803 Protecting memory [0x00007e80a0900000,0x00007e80a0904000] with protection modes 0
Event: 91.882 Protecting memory [0x00007e80a0100000,0x00007e80a0104000] with protection modes 0
Event: 91.882 Protecting memory [0x00007e80637ff000,0x00007e8063803000] with protection modes 0

Nmethod flushes (20 events):
Event: 4.067 Thread 0x00007e816c142670 flushing  nmethod 0x00007e8154923c10
Event: 4.067 Thread 0x00007e816c142670 flushing  nmethod 0x00007e8154923f90
Event: 4.067 Thread 0x00007e816c142670 flushing  nmethod 0x00007e8154926490
Event: 4.067 Thread 0x00007e816c142670 flushing  nmethod 0x00007e8154966510
Event: 4.067 Thread 0x00007e816c142670 flushing  nmethod 0x00007e8154967210
Event: 4.067 Thread 0x00007e816c142670 flushing  nmethod 0x00007e8154968510
Event: 4.067 Thread 0x00007e816c142670 flushing  nmethod 0x00007e8154969a90
Event: 4.067 Thread 0x00007e816c142670 flushing  nmethod 0x00007e815499f710
Event: 4.067 Thread 0x00007e816c142670 flushing  nmethod 0x00007e81549a1c10
Event: 4.067 Thread 0x00007e816c142670 flushing  nmethod 0x00007e81549a3790
Event: 4.067 Thread 0x00007e816c142670 flushing  nmethod 0x00007e81549c2910
Event: 4.067 Thread 0x00007e816c142670 flushing  nmethod 0x00007e81549c2f10
Event: 4.067 Thread 0x00007e816c142670 flushing  nmethod 0x00007e81549e8a90
Event: 4.067 Thread 0x00007e816c142670 flushing  nmethod 0x00007e8154a4b510
Event: 4.067 Thread 0x00007e816c142670 flushing  nmethod 0x00007e8154b29890
Event: 4.067 Thread 0x00007e816c142670 flushing  nmethod 0x00007e8154b2ac10
Event: 4.067 Thread 0x00007e816c142670 flushing  nmethod 0x00007e8154b2f590
Event: 4.067 Thread 0x00007e816c142670 flushing  nmethod 0x00007e8154b2fa90
Event: 4.067 Thread 0x00007e816c142670 flushing  nmethod 0x00007e8154b5c090
Event: 4.067 Thread 0x00007e816c142670 flushing  nmethod 0x00007e8154b5ca90

Events (20 events):
Event: 87.628 Thread 0x00007e816c1545a0 Thread added: 0x00007e80c4076560
Event: 87.628 Thread 0x00007e816c1545a0 Thread added: 0x00007e80c4076ca0
Event: 87.628 Thread 0x00007e816c1545a0 Thread added: 0x00007e80c411e280
Event: 87.632 Thread 0x00007e80382eef80 Thread added: 0x00007e80157eb0c0
Event: 87.632 Thread 0x00007e80382eef80 Thread added: 0x00007e80157eb7c0
Event: 88.428 Thread 0x00007e80c411e280 Thread exited: 0x00007e80c411e280
Event: 89.576 Thread 0x00007e816c1545a0 Thread added: 0x00007e80c411e1d0
Event: 90.037 Thread 0x00007e80c411e1d0 Thread exited: 0x00007e80c411e1d0
Event: 90.038 Thread 0x00007e80c4076560 Thread added: 0x00007e804e557ac0
Event: 90.500 Thread 0x00007e80157eb0c0 Thread exited: 0x00007e80157eb0c0
Event: 90.500 Thread 0x00007e80157eb7c0 Thread exited: 0x00007e80157eb7c0
Event: 91.803 Thread 0x00007e804e557ac0 Thread exited: 0x00007e804e557ac0
Event: 91.803 Thread 0x00007e816c1545a0 Thread added: 0x00007e80c4121b80
Event: 91.882 Thread 0x00007e80c4076ca0 Thread added: 0x00007e80c8392910
Event: 91.882 Thread 0x00007e80c4076ca0 Thread added: 0x00007e80c8393500
Event: 96.896 Thread 0x00007e80c8393500 Thread exited: 0x00007e80c8393500
Event: 96.896 Thread 0x00007e80c8392910 Thread exited: 0x00007e80c8392910
Event: 96.896 Thread 0x00007e80c4121b80 Thread exited: 0x00007e80c4121b80
Event: 96.896 Thread 0x00007e80c4076ca0 Thread exited: 0x00007e80c4076ca0
Event: 96.896 Thread 0x00007e80c4076560 Thread exited: 0x00007e80c4076560


Dynamic libraries:
615c00000-618400000 rw-p 00000000 00:00 0 
618400000-634400000 ---p 00000000 00:00 0 
634400000-634800000 rw-p 00000000 00:00 0 
634800000-7ff800000 ---p 00000000 00:00 0 
7ff800000-7ffc00000 rw-p 00000000 00:00 0 
7ffc00000-7ffd0d000 rw-p 00cd6000 103:06 27024425                        /home/pah/tools/Xilinx_20252/2025.2/tps/lnx64/jre21.0.5_11/lib/server/classes.jsa
7ffd0d000-800000000 rw-p 00000000 00:00 0 
55d2c80b3000-55d2c80b4000 r-xp 00000000 103:06 26492599                  /home/pah/tools/Xilinx_20252/2025.2/tps/lnx64/jre21.0.5_11/bin/java
55d2c80b5000-55d2c80b6000 r--p 00001000 103:06 26492599                  /home/pah/tools/Xilinx_20252/2025.2/tps/lnx64/jre21.0.5_11/bin/java
55d2c80b6000-55d2c80b7000 rw-p 00002000 103:06 26492599                  /home/pah/tools/Xilinx_20252/2025.2/tps/lnx64/jre21.0.5_11/bin/java
55d2d703b000-55d2d7087000 rw-p 00000000 00:00 0                          [heap]
7e7ff8000000-7e7ff82bb000 rw-p 00000000 00:00 0 
7e7ff82bb000-7e7ffc000000 ---p 00000000 00:00 0 
7e8000000000-7e8000021000 rw-p 00000000 00:00 0 
7e8000021000-7e8004000000 ---p 00000000 00:00 0 
7e8004000000-7e800452a000 rw-p 00000000 00:00 0 
7e800452a000-7e8008000000 ---p 00000000 00:00 0 
7e8008000000-7e800828b000 rw-p 00000000 00:00 0 
7e800828b000-7e800c000000 ---p 00000000 00:00 0 
7e800c000000-7e800c021000 rw-p 00000000 00:00 0 
7e800c021000-7e8010000000 ---p 00000000 00:00 0 
7e8010000000-7e8010a97000 rw-p 00000000 00:00 0 
7e8010a97000-7e8014000000 ---p 00000000 00:00 0 
7e8014000000-7e801596d000 rw-p 00000000 00:00 0 
7e801596d000-7e8018000000 ---p 00000000 00:00 0 
7e8018000000-7e801821c000 rw-p 00000000 00:00 0 
7e801821c000-7e801c000000 ---p 00000000 00:00 0 
7e801c000000-7e801c26a000 rw-p 00000000 00:00 0 
7e801c26a000-7e8020000000 ---p 00000000 00:00 0 
7e8020000000-7e80202a5000 rw-p 00000000 00:00 0 
7e80202a5000-7e8024000000 ---p 00000000 00:00 0 
7e8024000000-7e80242ab000 rw-p 00000000 00:00 0 
7e80242ab000-7e8028000000 ---p 00000000 00:00 0 
7e8028000000-7e8028021000 rw-p 00000000 00:00 0 
7e8028021000-7e802c000000 ---p 00000000 00:00 0 
7e802c000000-7e802c231000 rw-p 00000000 00:00 0 
7e802c231000-7e8030000000 ---p 00000000 00:00 0 
7e8030000000-7e8030021000 rw-p 00000000 00:00 0 
7e8030021000-7e8034000000 ---p 00000000 00:00 0 
7e8034000000-7e8034021000 rw-p 00000000 00:00 0 
7e8034021000-7e8038000000 ---p 00000000 00:00 0 
7e8038000000-7e8038301000 rw-p 00000000 00:00 0 
7e8038301000-7e803c000000 ---p 00000000 00:00 0 
7e803c000000-7e803c021000 rw-p 00000000 00:00 0 
7e803c021000-7e8040000000 ---p 00000000 00:00 0 
7e8040000000-7e8043602000 rw-p 00000000 00:00 0 
7e8043602000-7e8044000000 ---p 00000000 00:00 0 
7e8044000000-7e804787b000 rw-p 00000000 00:00 0 
7e804787b000-7e8048000000 ---p 00000000 00:00 0 
7e8048000000-7e804b4a3000 rw-p 00000000 00:00 0 
7e804b4a3000-7e804c000000 ---p 00000000 00:00 0 
7e804c000000-7e804f0f0000 rw-p 00000000 00:00 0 
7e804f0f0000-7e8050000000 ---p 00000000 00:00 0 
7e8050000000-7e8052ffb000 rw-p 00000000 00:00 0 
7e8052ffb000-7e8054000000 ---p 00000000 00:00 0 
7e8054000000-7e8057809000 rw-p 00000000 00:00 0 
7e8057809000-7e8058000000 ---p 00000000 00:00 0 
7e8058000000-7e805b26d000 rw-p 00000000 00:00 0 
7e805b26d000-7e805c000000 ---p 00000000 00:00 0 
7e805c000000-7e805ebfa000 rw-p 00000000 00:00 0 
7e805ebfa000-7e8060000000 ---p 00000000 00:00 0 
7e80636ff000-7e8063703000 ---p 00000000 00:00 0 
7e8063703000-7e80637ff000 rw-p 00000000 00:00 0 
7e80637ff000-7e8063803000 ---p 00000000 00:00 0 
7e8063803000-7e80638ff000 rw-p 00000000 00:00 0 
7e80638ff000-7e8063900000 ---p 00000000 00:00 0 
7e8063900000-7e8063a00000 rw-p 00000000 00:00 0 
7e8063a00000-7e8063a04000 ---p 00000000 00:00 0 
7e8063a04000-7e8063b00000 rw-p 00000000 00:00 0 
7e8063b00000-7e8063b04000 ---p 00000000 00:00 0 
7e8063b04000-7e8063c00000 rw-p 00000000 00:00 0 
7e8063c00000-7e8063c04000 ---p 00000000 00:00 0 
7e8063c04000-7e8063d00000 rw-p 00000000 00:00 0 
7e8063d00000-7e8063d04000 ---p 00000000 00:00 0 
7e8063d04000-7e8063e00000 rw-p 00000000 00:00 0 
7e8063e00000-7e8063e04000 ---p 00000000 00:00 0 
7e8063e04000-7e8063f00000 rw-p 00000000 00:00 0 
7e8063f00000-7e8063f04000 ---p 00000000 00:00 0 
7e8063f04000-7e8064000000 rw-p 00000000 00:00 0 
7e8064000000-7e8065a8b000 rw-p 00000000 00:00 0 
7e8065a8b000-7e8068000000 ---p 00000000 00:00 0 
7e80680fb000-7e80680ff000 ---p 00000000 00:00 0 
7e80680ff000-7e80681fb000 rw-p 00000000 00:00 0 
7e80681fb000-7e80681ff000 ---p 00000000 00:00 0 
7e80681ff000-7e80682fb000 rw-p 00000000 00:00 0 
7e80682fb000-7e80682ff000 ---p 00000000 00:00 0 
7e80682ff000-7e80683fb000 rw-p 00000000 00:00 0 
7e80683fb000-7e80683ff000 ---p 00000000 00:00 0 
7e80683ff000-7e80684fb000 rw-p 00000000 00:00 0 
7e80684fb000-7e80684ff000 ---p 00000000 00:00 0 
7e80684ff000-7e80685fb000 rw-p 00000000 00:00 0 
7e80685fb000-7e80685ff000 ---p 00000000 00:00 0 
7e80685ff000-7e80686fb000 rw-p 00000000 00:00 0 
7e80686fb000-7e80686ff000 ---p 00000000 00:00 0 
7e80686ff000-7e80687fb000 rw-p 00000000 00:00 0 
7e80687fb000-7e80687fc000 ---p 00000000 00:00 0 
7e80687fc000-7e8068ffc000 rw-p 00000000 00:00 0 
7e8068ffc000-7e8068ffd000 ---p 00000000 00:00 0 
7e8068ffd000-7e80697fd000 rw-p 00000000 00:00 0 
7e80697fd000-7e80697fe000 ---p 00000000 00:00 0 
7e80697fe000-7e8069ffe000 rw-p 00000000 00:00 0 
7e806a7ff000-7e806a800000 ---p 00000000 00:00 0 
7e806a800000-7e806b000000 rw-p 00000000 00:00 0 
7e806b000000-7e806b070000 r-xp 00000000 103:06 23027827                  /home/pah/tools/Xilinx_20252/2025.2/Vitis/lib/lnx64.o/libtreelite_runtime-0.32.so
7e806b070000-7e806b26f000 ---p 00070000 103:06 23027827                  /home/pah/tools/Xilinx_20252/2025.2/Vitis/lib/lnx64.o/libtreelite_runtime-0.32.so
7e806b26f000-7e806b272000 rw-p 0006f000 103:06 23027827                  /home/pah/tools/Xilinx_20252/2025.2/Vitis/lib/lnx64.o/libtreelite_runtime-0.32.so
7e806b272000-7e806b27e000 rw-p 00084000 103:06 23027827                  /home/pah/tools/Xilinx_20252/2025.2/Vitis/lib/lnx64.o/libtreelite_runtime-0.32.so
7e806b300000-7e806b304000 ---p 00000000 00:00 0 
7e806b304000-7e806b400000 rw-p 00000000 00:00 0 
7e806b400000-7e806dce2000 r--p 00000000 103:06 23027830                  /home/pah/tools/Xilinx_20252/2025.2/Vitis/lib/lnx64.o/libxv_cdoutil.so
7e806dce2000-7e806dd19000 r-xp 028e2000 103:06 23027830                  /home/pah/tools/Xilinx_20252/2025.2/Vitis/lib/lnx64.o/libxv_cdoutil.so
7e806dd19000-7e806f80f000 r--p 02919000 103:06 23027830                  /home/pah/tools/Xilinx_20252/2025.2/Vitis/lib/lnx64.o/libxv_cdoutil.so
7e806f80f000-7e806f810000 ---p 0440f000 103:06 23027830                  /home/pah/tools/Xilinx_20252/2025.2/Vitis/lib/lnx64.o/libxv_cdoutil.so
7e806f810000-7e806f816000 r--p 0440f000 103:06 23027830                  /home/pah/tools/Xilinx_20252/2025.2/Vitis/lib/lnx64.o/libxv_cdoutil.so
7e806f816000-7e8071dfe000 rw-p 04415000 103:06 23027830                  /home/pah/tools/Xilinx_20252/2025.2/Vitis/lib/lnx64.o/libxv_cdoutil.so
7e8071dfe000-7e8071e00000 rw-p 00000000 00:00 0 
7e8071e00000-7e807240f000 r--p 00000000 103:06 23019891                  /home/pah/tools/Xilinx_20252/2025.2/Vitis/lib/lnx64.o/libxv_verific.so
7e807240f000-7e8072c4a000 r-xp 0060f000 103:06 23019891                  /home/pah/tools/Xilinx_20252/2025.2/Vitis/lib/lnx64.o/libxv_verific.so
7e8072c4a000-7e8072fe9000 r--p 00e4a000 103:06 23019891                  /home/pah/tools/Xilinx_20252/2025.2/Vitis/lib/lnx64.o/libxv_verific.so
7e8072fe9000-7e8073110000 r--p 011e8000 103:06 23019891                  /home/pah/tools/Xilinx_20252/2025.2/Vitis/lib/lnx64.o/libxv_verific.so
7e8073110000-7e8073121000 rw-p 0130f000 103:06 23019891                  /home/pah/tools/Xilinx_20252/2025.2/Vitis/lib/lnx64.o/libxv_verific.so
7e8073121000-7e8073123000 rw-p 00000000 00:00 0 
7e8073200000-7e8073daa000 rwxp 00000000 103:06 22947580                  /home/pah/tools/Xilinx_20252/2025.2/Vitis/lib/lnx64.o/libxv_device.so
7e8073daa000-7e8073dab000 ---p 00baa000 103:06 22947580                  /home/pah/tools/Xilinx_20252/2025.2/Vitis/lib/lnx64.o/libxv_device.so
7e8073dab000-7e8073dc4000 r--p 00baa000 103:06 22947580                  /home/pah/tools/Xilinx_20252/2025.2/Vitis/lib/lnx64.o/libxv_device.so
7e8073dc4000-7e8073dd6000 rwxp 00bc3000 103:06 22947580                  /home/pah/tools/Xilinx_20252/2025.2/Vitis/lib/lnx64.o/libxv_device.so
7e8073dd6000-7e8073df3000 rwxp 00000000 00:00 0 
7e8073df3000-7e8073e00000 ---p 00bf3000 103:06 22947580                  /home/pah/tools/Xilinx_20252/2025.2/Vitis/lib/lnx64.o/libxv_device.so
7e8073e00000-7e8073f44000 rwxp 00c00000 103:06 22947580                  /home/pah/tools/Xilinx_20252/2025.2/Vitis/lib/lnx64.o/libxv_device.so
7e8074000000-7e8074021000 rw-p 00000000 00:00 0 
7e8074021000-7e8078000000 ---p 00000000 00:00 0 
7e8078000000-7e8078301000 rw-p 00000000 00:00 0 
7e8078301000-7e807c000000 ---p 00000000 00:00 0 
7e807c000000-7e807c021000 rw-p 00000000 00:00 0 
7e807c021000-7e8080000000 ---p 00000000 00:00 0 
7e8080000000-7e8080021000 rw-p 00000000 00:00 0 
7e8080021000-7e8084000000 ---p 00000000 00:00 0 
7e8084000000-7e8084021000 rw-p 00000000 00:00 0 
7e8084021000-7e8088000000 ---p 00000000 00:00 0 
7e8088000000-7e8088021000 rw-p 00000000 00:00 0 
7e8088021000-7e808c000000 ---p 00000000 00:00 0 
7e808c000000-7e808c021000 rw-p 00000000 00:00 0 
7e808c021000-7e8090000000 ---p 00000000 00:00 0 
7e8090000000-7e8090021000 rw-p 00000000 00:00 0 
7e8090021000-7e8094000000 ---p 00000000 00:00 0 
7e8094000000-7e8094021000 rw-p 00000000 00:00 0 
7e8094021000-7e8098000000 ---p 00000000 00:00 0 
7e8098000000-7e8098021000 rw-p 00000000 00:00 0 
7e8098021000-7e809c000000 ---p 00000000 00:00 0 
7e809c000000-7e809c021000 rw-p 00000000 00:00 0 
7e809c021000-7e80a0004000 ---p 00000000 00:00 0 
7e80a0004000-7e80a0100000 rw-p 00000000 00:00 0 
7e80a0100000-7e80a0104000 ---p 00000000 00:00 0 
7e80a0104000-7e80a0200000 rw-p 00000000 00:00 0 
7e80a0200000-7e80a02bc000 r--p 00000000 103:06 23006114                  /home/pah/tools/Xilinx_20252/2025.2/Vitis/lib/lnx64.o/libxv_ceam.so
7e80a02bc000-7e80a03bc000 r-xp 000bc000 103:06 23006114                  /home/pah/tools/Xilinx_20252/2025.2/Vitis/lib/lnx64.o/libxv_ceam.so
7e80a03bc000-7e80a0404000 r--p 001bc000 103:06 23006114                  /home/pah/tools/Xilinx_20252/2025.2/Vitis/lib/lnx64.o/libxv_ceam.so
7e80a0404000-7e80a0405000 ---p 00204000 103:06 23006114                  /home/pah/tools/Xilinx_20252/2025.2/Vitis/lib/lnx64.o/libxv_ceam.so
7e80a0405000-7e80a0414000 r--p 00204000 103:06 23006114                  /home/pah/tools/Xilinx_20252/2025.2/Vitis/lib/lnx64.o/libxv_ceam.so
7e80a0414000-7e80a0417000 rw-p 00213000 103:06 23006114                  /home/pah/tools/Xilinx_20252/2025.2/Vitis/lib/lnx64.o/libxv_ceam.so
7e80a0417000-7e80a0419000 rw-p 00000000 00:00 0 
7e80a0500000-7e80a0504000 ---p 00000000 00:00 0 
7e80a0504000-7e80a0600000 rw-p 00000000 00:00 0 
7e80a0600000-7e80a066e000 r--p 00000000 103:06 23028196                  /home/pah/tools/Xilinx_20252/2025.2/Vitis/lib/lnx64.o/libxv_hbs.so
7e80a066e000-7e80a07b8000 r-xp 0006e000 103:06 23028196                  /home/pah/tools/Xilinx_20252/2025.2/Vitis/lib/lnx64.o/libxv_hbs.so
7e80a07b8000-7e80a07f5000 r--p 001b8000 103:06 23028196                  /home/pah/tools/Xilinx_20252/2025.2/Vitis/lib/lnx64.o/libxv_hbs.so
7e80a07f5000-7e80a07f6000 ---p 001f5000 103:06 23028196                  /home/pah/tools/Xilinx_20252/2025.2/Vitis/lib/lnx64.o/libxv_hbs.so
7e80a07f6000-7e80a07fb000 r--p 001f5000 103:06 23028196                  /home/pah/tools/Xilinx_20252/2025.2/Vitis/lib/lnx64.o/libxv_hbs.so
7e80a07fb000-7e80a07ff000 rw-p 001fa000 103:06 23028196                  /home/pah/tools/Xilinx_20252/2025.2/Vitis/lib/lnx64.o/libxv_hbs.so
7e80a07ff000-7e80a0801000 rw-p 00000000 00:00 0 
7e80a0900000-7e80a0904000 ---p 00000000 00:00 0 
7e80a0904000-7e80a0a00000 rw-p 00000000 00:00 0 
7e80a0a00000-7e80a0e49000 r--p 00000000 103:06 23028201                  /home/pah/tools/Xilinx_20252/2025.2/Vitis/lib/lnx64.o/libxv_ippcw.so
7e80a0e49000-7e80a1963000 r-xp 00449000 103:06 23028201                  /home/pah/tools/Xilinx_20252/2025.2/Vitis/lib/lnx64.o/libxv_ippcw.so
7e80a1963000-7e80a1bc9000 r--p 00f63000 103:06 23028201                  /home/pah/tools/Xilinx_20252/2025.2/Vitis/lib/lnx64.o/libxv_ippcw.so
7e80a1bc9000-7e80a1bfa000 r--p 011c8000 103:06 23028201                  /home/pah/tools/Xilinx_20252/2025.2/Vitis/lib/lnx64.o/libxv_ippcw.so
7e80a1bfa000-7e80a1c3b000 rw-p 011f9000 103:06 23028201                  /home/pah/tools/Xilinx_20252/2025.2/Vitis/lib/lnx64.o/libxv_ippcw.so
7e80a1c3b000-7e80a1c5a000 rw-p 00000000 00:00 0 
7e80a1cff000-7e80a1d00000 ---p 00000000 00:00 0 
7e80a1d00000-7e80a1e00000 rw-p 00000000 00:00 0 
7e80a1e00000-7e80a1e80000 r--p 00000000 103:06 23005941                  /home/pah/tools/Xilinx_20252/2025.2/Vitis/lib/lnx64.o/libxv_board.so
7e80a1e80000-7e80a1fd7000 r-xp 00080000 103:06 23005941                  /home/pah/tools/Xilinx_20252/2025.2/Vitis/lib/lnx64.o/libxv_board.so
7e80a1fd7000-7e80a202f000 r--p 001d7000 103:06 23005941                  /home/pah/tools/Xilinx_20252/2025.2/Vitis/lib/lnx64.o/libxv_board.so
7e80a202f000-7e80a2037000 r--p 0022e000 103:06 23005941                  /home/pah/tools/Xilinx_20252/2025.2/Vitis/lib/lnx64.o/libxv_board.so
7e80a2037000-7e80a203b000 rw-p 00236000 103:06 23005941                  /home/pah/tools/Xilinx_20252/2025.2/Vitis/lib/lnx64.o/libxv_board.so
7e80a203b000-7e80a2046000 rw-p 00000000 00:00 0 
7e80a20ff000-7e80a2100000 ---p 00000000 00:00 0 
7e80a2100000-7e80a2200000 rw-p 00000000 00:00 0 
7e80a2200000-7e80a229f000 r--p 00000000 103:06 22947587                  /home/pah/tools/Xilinx_20252/2025.2/Vitis/lib/lnx64.o/libxv_hsi.so
7e80a229f000-7e80a2478000 r-xp 0009f000 103:06 22947587                  /home/pah/tools/Xilinx_20252/2025.2/Vitis/lib/lnx64.o/libxv_hsi.so
7e80a2478000-7e80a24ee000 r--p 00278000 103:06 22947587                  /home/pah/tools/Xilinx_20252/2025.2/Vitis/lib/lnx64.o/libxv_hsi.so
7e80a24ee000-7e80a24f5000 r--p 002ed000 103:06 22947587                  /home/pah/tools/Xilinx_20252/2025.2/Vitis/lib/lnx64.o/libxv_hsi.so
7e80a24f5000-7e80a24fb000 rw-p 002f4000 103:06 22947587                  /home/pah/tools/Xilinx_20252/2025.2/Vitis/lib/lnx64.o/libxv_hsi.so
7e80a24fb000-7e80a2508000 rw-p 00000000 00:00 0 
7e80a2600000-7e80a2713000 r--p 00000000 103:06 23005951                  /home/pah/tools/Xilinx_20252/2025.2/Vitis/lib/lnx64.o/libxv_platform.so
7e80a2713000-7e80a29ef000 r-xp 00113000 103:06 23005951                  /home/pah/tools/Xilinx_20252/2025.2/Vitis/lib/lnx64.o/libxv_platform.so
7e80a29ef000-7e80a2ab0000 r--p 003ef000 103:06 23005951                  /home/pah/tools/Xilinx_20252/2025.2/Vitis/lib/lnx64.o/libxv_platform.so
7e80a2ab0000-7e80a2ac2000 r--p 004af000 103:06 23005951                  /home/pah/tools/Xilinx_20252/2025.2/Vitis/lib/lnx64.o/libxv_platform.so
7e80a2ac2000-7e80a2aca000 rw-p 004c1000 103:06 23005951                  /home/pah/tools/Xilinx_20252/2025.2/Vitis/lib/lnx64.o/libxv_platform.so
7e80a2aca000-7e80a2acf000 rw-p 00000000 00:00 0 
7e80a2aff000-7e80a2b00000 ---p 00000000 00:00 0 
7e80a2b00000-7e80a2c00000 rw-p 00000000 00:00 0 
7e80a2c00000-7e80a2c17000 r-xp 00000000 103:06 23028527                  /home/pah/tools/Xilinx_20252/2025.2/Vitis/lib/lnx64.o/Ubuntu/libgcc_s.so.1
7e80a2c17000-7e80a2e16000 ---p 00017000 103:06 23028527                  /home/pah/tools/Xilinx_20252/2025.2/Vitis/lib/lnx64.o/Ubuntu/libgcc_s.so.1
7e80a2e16000-7e80a2e17000 rw-p 00016000 103:06 23028527                  /home/pah/tools/Xilinx_20252/2025.2/Vitis/lib/lnx64.o/Ubuntu/libgcc_s.so.1
7e80a2e28000-7e80a2e92000 r--p 00000000 103:06 23027828                  /home/pah/tools/Xilinx_20252/2025.2/Vitis/lib/lnx64.o/libxv_blockmodel.so
7e80a2e92000-7e80a2fab000 r-xp 0006a000 103:06 23027828                  /home/pah/tools/Xilinx_20252/2025.2/Vitis/lib/lnx64.o/libxv_blockmodel.so
7e80a2fab000-7e80a2ff1000 r--p 00183000 103:06 23027828                  /home/pah/tools/Xilinx_20252/2025.2/Vitis/lib/lnx64.o/libxv_blockmodel.so
7e80a2ff1000-7e80a2ff2000 ---p 001c9000 103:06 23027828                  /home/pah/tools/Xilinx_20252/2025.2/Vitis/lib/lnx64.o/libxv_blockmodel.so
7e80a2ff2000-7e80a2ff8000 r--p 001c9000 103:06 23027828                  /home/pah/tools/Xilinx_20252/2025.2/Vitis/lib/lnx64.o/libxv_blockmodel.so
7e80a2ff8000-7e80a2ffb000 rw-p 001cf000 103:06 23027828                  /home/pah/tools/Xilinx_20252/2025.2/Vitis/lib/lnx64.o/libxv_blockmodel.so
7e80a2ffb000-7e80a3000000 rw-p 00000000 00:00 0 
7e80a3000000-7e80a302d000 r-xp 00000000 103:06 23028607                  /home/pah/tools/Xilinx_20252/2025.2/Vitis/lib/lnx64.o/Ubuntu/libgomp.so.1
7e80a302d000-7e80a322c000 ---p 0002d000 103:06 23028607                  /home/pah/tools/Xilinx_20252/2025.2/Vitis/lib/lnx64.o/Ubuntu/libgomp.so.1
7e80a322c000-7e80a322d000 rw-p 0002c000 103:06 23028607                  /home/pah/tools/Xilinx_20252/2025.2/Vitis/lib/lnx64.o/Ubuntu/libgomp.so.1
7e80a3286000-7e80a32c3000 r--p 00000000 103:06 22947574                  /home/pah/tools/Xilinx_20252/2025.2/Vitis/lib/lnx64.o/libxv_bda.so
7e80a32c3000-7e80a33bb000 r-xp 0003d000 103:06 22947574                  /home/pah/tools/Xilinx_20252/2025.2/Vitis/lib/lnx64.o/libxv_bda.so
7e80a33bb000-7e80a33f7000 r--p 00135000 103:06 22947574                  /home/pah/tools/Xilinx_20252/2025.2/Vitis/lib/lnx64.o/libxv_bda.so
7e80a33f7000-7e80a33fc000 r--p 00170000 103:06 22947574                  /home/pah/tools/Xilinx_20252/2025.2/Vitis/lib/lnx64.o/libxv_bda.so
7e80a33fc000-7e80a33fe000 rw-p 00175000 103:06 22947574                  /home/pah/tools/Xilinx_20252/2025.2/Vitis/lib/lnx64.o/libxv_bda.so
7e80a33fe000-7e80a3400000 rw-p 00000000 00:00 0 
7e80a3400000-7e80a349d000 r--p 00000000 103:06 22949967                  /home/pah/tools/Xilinx_20252/2025.2/Vitis/lib/lnx64.o/Ubuntu/24/libstdc++.so.6
7e80a349d000-7e80a35e5000 r-xp 0009d000 103:06 22949967                  /home/pah/tools/Xilinx_20252/2025.2/Vitis/lib/lnx64.o/Ubuntu/24/libstdc++.so.6
7e80a35e5000-7e80a366c000 r--p 001e5000 103:06 22949967                  /home/pah/tools/Xilinx_20252/2025.2/Vitis/lib/lnx64.o/Ubuntu/24/libstdc++.so.6
7e80a366c000-7e80a3677000 r--p 0026b000 103:06 22949967                  /home/pah/tools/Xilinx_20252/2025.2/Vitis/lib/lnx64.o/Ubuntu/24/libstdc++.so.6
7e80a3677000-7e80a367a000 rw-p 00276000 103:06 22949967                  /home/pah/tools/Xilinx_20252/2025.2/Vitis/lib/lnx64.o/Ubuntu/24/libstdc++.so.6
7e80a367a000-7e80a367e000 rw-p 00000000 00:00 0 
7e80a3700000-7e80a3704000 ---p 00000000 00:00 0 
7e80a3704000-7e80a3800000 rw-p 00000000 00:00 0 
7e80a3800000-7e80a3a34000 r-xp 00000000 103:06 26636785                  /home/pah/tools/Xilinx_20252/2025.2/tps/lnx64/cmake-3.24.2/libs/Ubuntu/libcrypto.so.10
7e80a3a34000-7e80a3c34000 ---p 00234000 103:06 26636785                  /home/pah/tools/Xilinx_20252/2025.2/tps/lnx64/cmake-3.24.2/libs/Ubuntu/libcrypto.so.10
7e80a3c34000-7e80a3c50000 r--p 00234000 103:06 26636785                  /home/pah/tools/Xilinx_20252/2025.2/tps/lnx64/cmake-3.24.2/libs/Ubuntu/libcrypto.so.10
7e80a3c50000-7e80a3c5d000 rw-p 00250000 103:06 26636785                  /home/pah/tools/Xilinx_20252/2025.2/tps/lnx64/cmake-3.24.2/libs/Ubuntu/libcrypto.so.10
7e80a3c5d000-7e80a3c61000 rw-p 00000000 00:00 0 
7e80a3cff000-7e80a3d00000 ---p 00000000 00:00 0 
7e80a3d00000-7e80a3e00000 rw-p 00000000 00:00 0 
7e80a3e00000-7e80a3e67000 r-xp 00000000 103:06 26639725                  /home/pah/tools/Xilinx_20252/2025.2/tps/lnx64/cmake-3.24.2/libs/Ubuntu/libssl.so.10
7e80a3e67000-7e80a4067000 ---p 00067000 103:06 26639725                  /home/pah/tools/Xilinx_20252/2025.2/tps/lnx64/cmake-3.24.2/libs/Ubuntu/libssl.so.10
7e80a4067000-7e80a406b000 r--p 00067000 103:06 26639725                  /home/pah/tools/Xilinx_20252/2025.2/tps/lnx64/cmake-3.24.2/libs/Ubuntu/libssl.so.10
7e80a406b000-7e80a4072000 rw-p 0006b000 103:06 26639725                  /home/pah/tools/Xilinx_20252/2025.2/tps/lnx64/cmake-3.24.2/libs/Ubuntu/libssl.so.10
7e80a40ff000-7e80a4100000 ---p 00000000 00:00 0 
7e80a4100000-7e80a4200000 rw-p 00000000 00:00 0 
7e80a4200000-7e80a4268000 r--p 00000000 103:06 22980445                  /home/pah/tools/Xilinx_20252/2025.2/Vitis/lib/lnx64.o/libXil_lmgr11.so
7e80a4268000-7e80a446c000 r-xp 00068000 103:06 22980445                  /home/pah/tools/Xilinx_20252/2025.2/Vitis/lib/lnx64.o/libXil_lmgr11.so
7e80a446c000-7e80a4522000 r--p 0026c000 103:06 22980445                  /home/pah/tools/Xilinx_20252/2025.2/Vitis/lib/lnx64.o/libXil_lmgr11.so
7e80a4522000-7e80a4523000 ---p 00322000 103:06 22980445                  /home/pah/tools/Xilinx_20252/2025.2/Vitis/lib/lnx64.o/libXil_lmgr11.so
7e80a4523000-7e80a4545000 r--p 00322000 103:06 22980445                  /home/pah/tools/Xilinx_20252/2025.2/Vitis/lib/lnx64.o/libXil_lmgr11.so
7e80a4545000-7e80a4554000 rw-p 00344000 103:06 22980445                  /home/pah/tools/Xilinx_20252/2025.2/Vitis/lib/lnx64.o/libXil_lmgr11.so
7e80a4554000-7e80a4559000 rw-p 00000000 00:00 0 
7e80a4559000-7e80a456b000 rw-p 003be000 103:06 22980445                  /home/pah/tools/Xilinx_20252/2025.2/Vitis/lib/lnx64.o/libXil_lmgr11.so
7e80a4600000-7e80a46d9000 r--p 00000000 103:06 23028191                  /home/pah/tools/Xilinx_20252/2025.2/Vitis/lib/lnx64.o/libxv_COIN-all.so
7e80a46d9000-7e80a4b88000 r-xp 000d9000 103:06 23028191                  /home/pah/tools/Xilinx_20252/2025.2/Vitis/lib/lnx64.o/libxv_COIN-all.so
7e80a4b88000-7e80a4c3a000 r--p 00588000 103:06 23028191                  /home/pah/tools/Xilinx_20252/2025.2/Vitis/lib/lnx64.o/libxv_COIN-all.so
7e80a4c3a000-7e80a4c3b000 ---p 0063a000 103:06 23028191                  /home/pah/tools/Xilinx_20252/2025.2/Vitis/lib/lnx64.o/libxv_COIN-all.so
7e80a4c3b000-7e80a4c4e000 r--p 0063a000 103:06 23028191                  /home/pah/tools/Xilinx_20252/2025.2/Vitis/lib/lnx64.o/libxv_COIN-all.so
7e80a4c4e000-7e80a4c56000 rw-p 0064d000 103:06 23028191                  /home/pah/tools/Xilinx_20252/2025.2/Vitis/lib/lnx64.o/libxv_COIN-all.so
7e80a4c56000-7e80a4c62000 rw-p 00000000 00:00 0 
7e80a4cff000-7e80a4d00000 ---p 00000000 00:00 0 
7e80a4d00000-7e80a4e00000 rw-p 00000000 00:00 0 
7e80a4e00000-7e80a4f32000 r--p 00000000 103:06 23006111                  /home/pah/tools/Xilinx_20252/2025.2/Vitis/lib/lnx64.o/libxerces-c-3.3.so
7e80a4f32000-7e80a50ce000 r-xp 00132000 103:06 23006111                  /home/pah/tools/Xilinx_20252/2025.2/Vitis/lib/lnx64.o/libxerces-c-3.3.so
7e80a50ce000-7e80a51ae000 r--p 002ce000 103:06 23006111                  /home/pah/tools/Xilinx_20252/2025.2/Vitis/lib/lnx64.o/libxerces-c-3.3.so
7e80a51ae000-7e80a51af000 ---p 003ae000 103:06 23006111                  /home/pah/tools/Xilinx_20252/2025.2/Vitis/lib/lnx64.o/libxerces-c-3.3.so
7e80a51af000-7e80a51c2000 r--p 003ae000 103:06 23006111                  /home/pah/tools/Xilinx_20252/2025.2/Vitis/lib/lnx64.o/libxerces-c-3.3.so
7e80a51c2000-7e80a51e9000 rw-p 003c1000 103:06 23006111                  /home/pah/tools/Xilinx_20252/2025.2/Vitis/lib/lnx64.o/libxerces-c-3.3.so
7e80a5200000-7e80a52a0000 r-xp 00000000 103:06 23028524                  /home/pah/tools/Xilinx_20252/2025.2/Vitis/lib/lnx64.o/libhdlpsolve.so
7e80a52a0000-7e80a549f000 ---p 000a0000 103:06 23028524                  /home/pah/tools/Xilinx_20252/2025.2/Vitis/lib/lnx64.o/libhdlpsolve.so
7e80a549f000-7e80a54a3000 rw-p 0009f000 103:06 23028524                  /home/pah/tools/Xilinx_20252/2025.2/Vitis/lib/lnx64.o/libhdlpsolve.so
7e80a54ff000-7e80a5500000 ---p 00000000 00:00 0 
7e80a5500000-7e80a5600000 rw-p 00000000 00:00 0 
7e80a5600000-7e80a566e000 r--p 00000000 103:06 22970966                  /home/pah/tools/Xilinx_20252/2025.2/Vitis/lib/lnx64.o/libonnxruntime.so.1.17.0
7e80a566e000-7e80a620b000 r-xp 0006e000 103:06 22970966                  /home/pah/tools/Xilinx_20252/2025.2/Vitis/lib/lnx64.o/libonnxruntime.so.1.17.0
7e80a620b000-7e80a6496000 r--p 00c0b000 103:06 22970966                  /home/pah/tools/Xilinx_20252/2025.2/Vitis/lib/lnx64.o/libonnxruntime.so.1.17.0
7e80a6496000-7e80a64bf000 r--p 00e95000 103:06 22970966                  /home/pah/tools/Xilinx_20252/2025.2/Vitis/lib/lnx64.o/libonnxruntime.so.1.17.0
7e80a64bf000-7e80a64c1000 rw-p 00ebe000 103:06 22970966                  /home/pah/tools/Xilinx_20252/2025.2/Vitis/lib/lnx64.o/libonnxruntime.so.1.17.0
7e80a64c1000-7e80a64e6000 rw-p 00000000 00:00 0 
7e80a64ff000-7e80a6500000 ---p 00000000 00:00 0 
7e80a6500000-7e80a6600000 rw-p 00000000 00:00 0 
7e80a6600000-7e80a674b000 r-xp 00000000 103:06 23005937                  /home/pah/tools/Xilinx_20252/2025.2/Vitis/lib/lnx64.o/librui_5.6.0.x64.so
7e80a674b000-7e80a694a000 ---p 0014b000 103:06 23005937                  /home/pah/tools/Xilinx_20252/2025.2/Vitis/lib/lnx64.o/librui_5.6.0.x64.so
7e80a694a000-7e80a6952000 rw-p 0014a000 103:06 23005937                  /home/pah/tools/Xilinx_20252/2025.2/Vitis/lib/lnx64.o/librui_5.6.0.x64.so
7e80a6952000-7e80a6954000 rw-p 00000000 00:00 0 
7e80a6954000-7e80a6956000 rw-p 00152000 103:06 23005937                  /home/pah/tools/Xilinx_20252/2025.2/Vitis/lib/lnx64.o/librui_5.6.0.x64.so
7e80a6a00000-7e80a6e98000 r-xp 00000000 103:06 23006474                  /home/pah/tools/Xilinx_20252/2025.2/Vitis/lib/lnx64.o/libpython3.13.so.1.0
7e80a6e98000-7e80a7098000 ---p 00498000 103:06 23006474                  /home/pah/tools/Xilinx_20252/2025.2/Vitis/lib/lnx64.o/libpython3.13.so.1.0
7e80a7098000-7e80a70e5000 r--p 00498000 103:06 23006474                  /home/pah/tools/Xilinx_20252/2025.2/Vitis/lib/lnx64.o/libpython3.13.so.1.0
7e80a70e5000-7e80a7169000 rw-p 004e5000 103:06 23006474                  /home/pah/tools/Xilinx_20252/2025.2/Vitis/lib/lnx64.o/libpython3.13.so.1.0
7e80a7169000-7e80a71db000 rw-p 00000000 00:00 0 
7e80a7200000-7e80a9850000 r-xp 00000000 103:06 22988858                  /home/pah/tools/Xilinx_20252/2025.2/Vitis/lib/lnx64.o/libgurobi90.so
7e80a9850000-7e80a9a4f000 ---p 02650000 103:06 22988858                  /home/pah/tools/Xilinx_20252/2025.2/Vitis/lib/lnx64.o/libgurobi90.so
7e80a9a4f000-7e80a9aae000 rw-p 0264f000 103:06 22988858                  /home/pah/tools/Xilinx_20252/2025.2/Vitis/lib/lnx64.o/libgurobi90.so
7e80a9aae000-7e80a9aba000 rw-p 00000000 00:00 0 
7e80a9aba000-7e80a9abc000 rw-p 0278a000 103:06 22988858                  /home/pah/tools/Xilinx_20252/2025.2/Vitis/lib/lnx64.o/libgurobi90.so
7e80a9aff000-7e80a9b00000 ---p 00000000 00:00 0 
7e80a9b00000-7e80a9c00000 rw-p 00000000 00:00 0 
7e80a9c00000-7e80a9cb6000 r-xp 00000000 103:06 22947584                  /home/pah/tools/Xilinx_20252/2025.2/Vitis/lib/lnx64.o/libxv_hdxml.so
7e80a9cb6000-7e80a9eb5000 ---p 000b6000 103:06 22947584                  /home/pah/tools/Xilinx_20252/2025.2/Vitis/lib/lnx64.o/libxv_hdxml.so
7e80a9eb5000-7e80a9ebd000 rw-p 000b5000 103:06 22947584                  /home/pah/tools/Xilinx_20252/2025.2/Vitis/lib/lnx64.o/libxv_hdxml.so
7e80a9ebd000-7e80a9ed7000 rw-p 000f4000 103:06 22947584                  /home/pah/tools/Xilinx_20252/2025.2/Vitis/lib/lnx64.o/libxv_hdxml.so
7e80a9eff000-7e80a9f00000 ---p 00000000 00:00 0 
7e80a9f00000-7e80aa000000 rw-p 00000000 00:00 0 
7e80aa000000-7e80aa017000 r-xp 00000000 103:06 23028605                  /home/pah/tools/Xilinx_20252/2025.2/Vitis/lib/lnx64.o/librdiconfig.so
7e80aa017000-7e80aa217000 ---p 00017000 103:06 23028605                  /home/pah/tools/Xilinx_20252/2025.2/Vitis/lib/lnx64.o/librdiconfig.so
7e80aa217000-7e80aa218000 rw-p 00017000 103:06 23028605                  /home/pah/tools/Xilinx_20252/2025.2/Vitis/lib/lnx64.o/librdiconfig.so
7e80aa225000-7e80aa261000 r--p 00000000 103:06 23005949                  /home/pah/tools/Xilinx_20252/2025.2/Vitis/lib/lnx64.o/libxv_ntl.so
7e80aa261000-7e80aa2cb000 r-xp 0003c000 103:06 23005949                  /home/pah/tools/Xilinx_20252/2025.2/Vitis/lib/lnx64.o/libxv_ntl.so
7e80aa2cb000-7e80aa2ee000 r--p 000a6000 103:06 23005949                  /home/pah/tools/Xilinx_20252/2025.2/Vitis/lib/lnx64.o/libxv_ntl.so
7e80aa2ee000-7e80aa2f4000 r--p 000c8000 103:06 23005949                  /home/pah/tools/Xilinx_20252/2025.2/Vitis/lib/lnx64.o/libxv_ntl.so
7e80aa2f4000-7e80aa2f6000 rw-p 000ce000 103:06 23005949                  /home/pah/tools/Xilinx_20252/2025.2/Vitis/lib/lnx64.o/libxv_ntl.so
7e80aa2f6000-7e80aa2ff000 rw-p 00000000 00:00 0 
7e80aa2ff000-7e80aa300000 ---p 00000000 00:00 0 
7e80aa300000-7e80aa400000 rw-p 00000000 00:00 0 
7e80aa400000-7e80ab1e3000 rwxp 00000000 103:06 23028207                  /home/pah/tools/Xilinx_20252/2025.2/Vitis/lib/lnx64.o/libxv_isl_iostreams.so
7e80ab1e3000-7e80ab20f000 r--p 00de2000 103:06 23028207                  /home/pah/tools/Xilinx_20252/2025.2/Vitis/lib/lnx64.o/libxv_isl_iostreams.so
7e80ab20f000-7e80ab3e9000 rwxp 00e0e000 103:06 23028207                  /home/pah/tools/Xilinx_20252/2025.2/Vitis/lib/lnx64.o/libxv_isl_iostreams.so
7e80ab3e9000-7e80ab3ec000 rwxp 00000000 00:00 0 
7e80ab3ec000-7e80ab400000 ---p 00fec000 103:06 23028207                  /home/pah/tools/Xilinx_20252/2025.2/Vitis/lib/lnx64.o/libxv_isl_iostreams.so
7e80ab400000-7e80abf2f000 rwxp 01000000 103:06 23028207                  /home/pah/tools/Xilinx_20252/2025.2/Vitis/lib/lnx64.o/libxv_isl_iostreams.so
7e80abf82000-7e80abfa4000 r--p 00000000 103:06 22947583                  /home/pah/tools/Xilinx_20252/2025.2/Vitis/lib/lnx64.o/libxv_hdf.so
7e80abfa4000-7e80abfec000 r-xp 00022000 103:06 22947583                  /home/pah/tools/Xilinx_20252/2025.2/Vitis/lib/lnx64.o/libxv_hdf.so
7e80abfec000-7e80abffb000 r--p 0006a000 103:06 22947583                  /home/pah/tools/Xilinx_20252/2025.2/Vitis/lib/lnx64.o/libxv_hdf.so
7e80abffb000-7e80abffc000 ---p 00079000 103:06 22947583                  /home/pah/tools/Xilinx_20252/2025.2/Vitis/lib/lnx64.o/libxv_hdf.so
7e80abffc000-7e80abfff000 r--p 00079000 103:06 22947583                  /home/pah/tools/Xilinx_20252/2025.2/Vitis/lib/lnx64.o/libxv_hdf.so
7e80abfff000-7e80ac000000 rw-p 0007c000 103:06 22947583                  /home/pah/tools/Xilinx_20252/2025.2/Vitis/lib/lnx64.o/libxv_hdf.so
7e80ac000000-7e80ac1b7000 rw-p 00000000 00:00 0 
7e80ac1b7000-7e80b0000000 ---p 00000000 00:00 0 
7e80b0000000-7e80b01c7000 rw-p 00000000 00:00 0 
7e80b01c7000-7e80b4000000 ---p 00000000 00:00 0 
7e80b4000000-7e80b42e1000 rw-p 00000000 00:00 0 
7e80b42e1000-7e80b8000000 ---p 00000000 00:00 0 
7e80b8000000-7e80b8076000 rw-p 00000000 00:00 0 
7e80b8076000-7e80bc000000 ---p 00000000 00:00 0 
7e80bc000000-7e80bc021000 rw-p 00000000 00:00 0 
7e80bc021000-7e80c0000000 ---p 00000000 00:00 0 
7e80c0000000-7e80c0021000 rw-p 00000000 00:00 0 
7e80c0021000-7e80c4000000 ---p 00000000 00:00 0 
7e80c4000000-7e80c4399000 rw-p 00000000 00:00 0 
7e80c4399000-7e80c8000000 ---p 00000000 00:00 0 
7e80c8000000-7e80c8fec000 rw-p 00000000 00:00 0 
7e80c8fec000-7e80cc000000 ---p 00000000 00:00 0 
7e80cc000000-7e80cc021000 rw-p 00000000 00:00 0 
7e80cc021000-7e80d0000000 ---p 00000000 00:00 0 
7e80d0000000-7e80d13f5000 rw-p 00000000 00:00 0 
7e80d13f5000-7e80d4000000 ---p 00000000 00:00 0 
7e80d4000000-7e80d4021000 rw-p 00000000 00:00 0 
7e80d4021000-7e80d8000000 ---p 00000000 00:00 0 
7e80d8000000-7e80d8021000 rw-p 00000000 00:00 0 
7e80d8021000-7e80dc000000 ---p 00000000 00:00 0 
7e80dc000000-7e80dc021000 rw-p 00000000 00:00 0 
7e80dc021000-7e80e0000000 ---p 00000000 00:00 0 
7e80e0000000-7e80e0021000 rw-p 00000000 00:00 0 
7e80e0021000-7e80e4000000 ---p 00000000 00:00 0 
7e80e4000000-7e80e4024000 rw-p 00000000 00:00 0 
7e80e4024000-7e80e8000000 ---p 00000000 00:00 0 
7e80e803f000-7e80e8040000 ---p 00000000 00:00 0 
7e80e8040000-7e80e8140000 rw-p 00000000 00:00 0 
7e80e8140000-7e80e8141000 ---p 00000000 00:00 0 
7e80e8141000-7e80e8241000 rw-p 00000000 00:00 0 
7e80e8241000-7e80e826c000 r--p 00000000 103:06 22988859                  /home/pah/tools/Xilinx_20252/2025.2/Vitis/lib/lnx64.o/libtcl8.6.so
7e80e826c000-7e80e83a2000 r-xp 0002b000 103:06 22988859                  /home/pah/tools/Xilinx_20252/2025.2/Vitis/lib/lnx64.o/libtcl8.6.so
7e80e83a2000-7e80e83e9000 r--p 00161000 103:06 22988859                  /home/pah/tools/Xilinx_20252/2025.2/Vitis/lib/lnx64.o/libtcl8.6.so
7e80e83e9000-7e80e83ea000 ---p 001a8000 103:06 22988859                  /home/pah/tools/Xilinx_20252/2025.2/Vitis/lib/lnx64.o/libtcl8.6.so
7e80e83ea000-7e80e83f8000 r--p 001a8000 103:06 22988859                  /home/pah/tools/Xilinx_20252/2025.2/Vitis/lib/lnx64.o/libtcl8.6.so
7e80e83f8000-7e80e83fa000 rw-p 001b6000 103:06 22988859                  /home/pah/tools/Xilinx_20252/2025.2/Vitis/lib/lnx64.o/libtcl8.6.so
7e80e83fa000-7e80e83fb000 rw-p 00000000 00:00 0 
7e80e83fb000-7e80e8400000 rw-p 001db000 103:06 22988859                  /home/pah/tools/Xilinx_20252/2025.2/Vitis/lib/lnx64.o/libtcl8.6.so
7e80e8400000-7e80e847c000 r--p 00000000 103:06 22949959                  /home/pah/tools/Xilinx_20252/2025.2/Vitis/lib/lnx64.o/libprotoc.so.32
7e80e847c000-7e80e8645000 r-xp 0007c000 103:06 22949959                  /home/pah/tools/Xilinx_20252/2025.2/Vitis/lib/lnx64.o/libprotoc.so.32
7e80e8645000-7e80e86e2000 r--p 00245000 103:06 22949959                  /home/pah/tools/Xilinx_20252/2025.2/Vitis/lib/lnx64.o/libprotoc.so.32
7e80e86e2000-7e80e86e3000 ---p 002e2000 103:06 22949959                  /home/pah/tools/Xilinx_20252/2025.2/Vitis/lib/lnx64.o/libprotoc.so.32
7e80e86e3000-7e80e86e9000 r--p 002e2000 103:06 22949959                  /home/pah/tools/Xilinx_20252/2025.2/Vitis/lib/lnx64.o/libprotoc.so.32
7e80e86e9000-7e80e86ed000 rw-p 002e8000 103:06 22949959                  /home/pah/tools/Xilinx_20252/2025.2/Vitis/lib/lnx64.o/libprotoc.so.32
7e80e8715000-7e80e8719000 ---p 00000000 00:00 0 
7e80e8719000-7e80e8737000 rw-p 00000000 00:00 0 
7e80e8737000-7e80e8757000 r--p 00000000 103:05 3540996                   /usr/lib/x86_64-linux-gnu/libkrb5.so.3.3
7e80e8757000-7e80e87b8000 r-xp 00020000 103:05 3540996                   /usr/lib/x86_64-linux-gnu/libkrb5.so.3.3
7e80e87b8000-7e80e87f1000 r--p 00081000 103:05 3540996                   /usr/lib/x86_64-linux-gnu/libkrb5.so.3.3
7e80e87f1000-7e80e87fe000 r--p 000ba000 103:05 3540996                   /usr/lib/x86_64-linux-gnu/libkrb5.so.3.3
7e80e87fe000-7e80e8800000 rw-p 000c7000 103:05 3540996                   /usr/lib/x86_64-linux-gnu/libkrb5.so.3.3
7e80e8800000-7e80e88d1000 r--p 00000000 103:06 23006799                  /home/pah/tools/Xilinx_20252/2025.2/Vitis/lib/lnx64.o/libprotobuf.so.32
7e80e88d1000-7e80e8a42000 r-xp 000d1000 103:06 23006799                  /home/pah/tools/Xilinx_20252/2025.2/Vitis/lib/lnx64.o/libprotobuf.so.32
7e80e8a42000-7e80e8ab3000 r--p 00242000 103:06 23006799                  /home/pah/tools/Xilinx_20252/2025.2/Vitis/lib/lnx64.o/libprotobuf.so.32
7e80e8ab3000-7e80e8ab4000 ---p 002b3000 103:06 23006799                  /home/pah/tools/Xilinx_20252/2025.2/Vitis/lib/lnx64.o/libprotobuf.so.32
7e80e8ab4000-7e80e8abc000 r--p 002b3000 103:06 23006799                  /home/pah/tools/Xilinx_20252/2025.2/Vitis/lib/lnx64.o/libprotobuf.so.32
7e80e8abc000-7e80e8ac1000 rw-p 002bb000 103:06 23006799                  /home/pah/tools/Xilinx_20252/2025.2/Vitis/lib/lnx64.o/libprotobuf.so.32
7e80e8ac1000-7e80e8ac3000 rw-p 00000000 00:00 0 
7e80e8ac3000-7e80e8adc000 r--p 00000000 103:05 3543284                   /usr/lib/x86_64-linux-gnu/libX11.so.6.4.0
7e80e8adc000-7e80e8b6c000 r-xp 00019000 103:05 3543284                   /usr/lib/x86_64-linux-gnu/libX11.so.6.4.0
7e80e8b6c000-7e80e8bfb000 r--p 000a9000 103:05 3543284                   /usr/lib/x86_64-linux-gnu/libX11.so.6.4.0
7e80e8bfb000-7e80e8bfc000 r--p 00138000 103:05 3543284                   /usr/lib/x86_64-linux-gnu/libX11.so.6.4.0
7e80e8bfc000-7e80e8c00000 rw-p 00139000 103:05 3543284                   /usr/lib/x86_64-linux-gnu/libX11.so.6.4.0
7e80e8c00000-7e80e8cb1000 r--p 00000000 103:06 23005945                  /home/pah/tools/Xilinx_20252/2025.2/Vitis/lib/lnx64.o/libxv_curl.so
7e80e8cb1000-7e80e8ead000 r-xp 000b1000 103:06 23005945                  /home/pah/tools/Xilinx_20252/2025.2/Vitis/lib/lnx64.o/libxv_curl.so
7e80e8ead000-7e80e8f56000 r--p 002ad000 103:06 23005945                  /home/pah/tools/Xilinx_20252/2025.2/Vitis/lib/lnx64.o/libxv_curl.so
7e80e8f56000-7e80e8f57000 ---p 00356000 103:06 23005945                  /home/pah/tools/Xilinx_20252/2025.2/Vitis/lib/lnx64.o/libxv_curl.so
7e80e8f57000-7e80e8f7e000 r--p 00356000 103:06 23005945                  /home/pah/tools/Xilinx_20252/2025.2/Vitis/lib/lnx64.o/libxv_curl.so
7e80e8f7e000-7e80e8f8d000 rw-p 0037d000 103:06 23005945                  /home/pah/tools/Xilinx_20252/2025.2/Vitis/lib/lnx64.o/libxv_curl.so
7e80e8f8d000-7e80e8f8f000 rw-p 00000000 00:00 0 
7e80e8faa000-7e80e8fb1000 r--p 00000000 103:06 23017673                  /home/pah/tools/Xilinx_20252/2025.2/Vitis/lib/lnx64.o/libxv_repo_manager.so
7e80e8fb1000-7e80e8fb9000 r-xp 00007000 103:06 23017673                  /home/pah/tools/Xilinx_20252/2025.2/Vitis/lib/lnx64.o/libxv_repo_manager.so
7e80e8fb9000-7e80e8fbb000 r--p 0000f000 103:06 23017673                  /home/pah/tools/Xilinx_20252/2025.2/Vitis/lib/lnx64.o/libxv_repo_manager.so
7e80e8fbb000-7e80e8fbc000 ---p 00011000 103:06 23017673                  /home/pah/tools/Xilinx_20252/2025.2/Vitis/lib/lnx64.o/libxv_repo_manager.so
7e80e8fbc000-7e80e8fbd000 r--p 00011000 103:06 23017673                  /home/pah/tools/Xilinx_20252/2025.2/Vitis/lib/lnx64.o/libxv_repo_manager.so
7e80e8fbd000-7e80e8fbe000 rw-p 00012000 103:06 23017673                  /home/pah/tools/Xilinx_20252/2025.2/Vitis/lib/lnx64.o/libxv_repo_manager.so
7e80e8fbe000-7e80e8fc2000 ---p 00000000 00:00 0 
7e80e8fc2000-7e80e8fe0000 rw-p 00000000 00:00 0 
7e80e8fe0000-7e80e8fe4000 ---p 00000000 00:00 0 
7e80e8fe4000-7e80e9002000 rw-p 00000000 00:00 0 
7e80e9002000-7e80e9009000 r--s 00000000 103:05 3546957                   /usr/lib/x86_64-linux-gnu/gconv/gconv-modules.cache
7e80e9009000-7e80e900b000 r--p 00000000 103:05 3543253                   /usr/lib/x86_64-linux-gnu/libmd.so.0.1.0
7e80e900b000-7e80e9014000 r-xp 00002000 103:05 3543253                   /usr/lib/x86_64-linux-gnu/libmd.so.0.1.0
7e80e9014000-7e80e9016000 r--p 0000b000 103:05 3543253                   /usr/lib/x86_64-linux-gnu/libmd.so.0.1.0
7e80e9016000-7e80e9017000 r--p 0000c000 103:05 3543253                   /usr/lib/x86_64-linux-gnu/libmd.so.0.1.0
7e80e9017000-7e80e9018000 rw-p 0000d000 103:05 3543253                   /usr/lib/x86_64-linux-gnu/libmd.so.0.1.0
7e80e9018000-7e80e901c000 r--p 00000000 103:05 3543255                   /usr/lib/x86_64-linux-gnu/libbsd.so.0.12.1
7e80e901c000-7e80e9028000 r-xp 00004000 103:05 3543255                   /usr/lib/x86_64-linux-gnu/libbsd.so.0.12.1
7e80e9028000-7e80e902b000 r--p 00010000 103:05 3543255                   /usr/lib/x86_64-linux-gnu/libbsd.so.0.12.1
7e80e902b000-7e80e902c000 r--p 00012000 103:05 3543255                   /usr/lib/x86_64-linux-gnu/libbsd.so.0.12.1
7e80e902c000-7e80e902d000 rw-p 00013000 103:05 3543255                   /usr/lib/x86_64-linux-gnu/libbsd.so.0.12.1
7e80e902d000-7e80e902e000 rw-p 00000000 00:00 0 
7e80e902e000-7e80e9033000 r--p 00000000 103:06 23017637                  /home/pah/tools/Xilinx_20252/2025.2/Vitis/lib/lnx64.o/librdizstd.so
7e80e9033000-7e80e9100000 r-xp 00005000 103:06 23017637                  /home/pah/tools/Xilinx_20252/2025.2/Vitis/lib/lnx64.o/librdizstd.so
7e80e9100000-7e80e9113000 r--p 000d2000 103:06 23017637                  /home/pah/tools/Xilinx_20252/2025.2/Vitis/lib/lnx64.o/librdizstd.so
7e80e9113000-7e80e9114000 r--p 000e4000 103:06 23017637                  /home/pah/tools/Xilinx_20252/2025.2/Vitis/lib/lnx64.o/librdizstd.so
7e80e9114000-7e80e9115000 rw-p 000e5000 103:06 23017637                  /home/pah/tools/Xilinx_20252/2025.2/Vitis/lib/lnx64.o/librdizstd.so
7e80e9115000-7e80e9117000 rw-p 000f2000 103:06 23017637                  /home/pah/tools/Xilinx_20252/2025.2/Vitis/lib/lnx64.o/librdizstd.so
7e80e9117000-7e80e915a000 r--p 00000000 103:06 23017700                  /home/pah/tools/Xilinx_20252/2025.2/Vitis/lib/lnx64.o/libboost_regex.so.1.72.0
7e80e915a000-7e80e91e0000 r-xp 00043000 103:06 23017700                  /home/pah/tools/Xilinx_20252/2025.2/Vitis/lib/lnx64.o/libboost_regex.so.1.72.0
7e80e91e0000-7e80e91fa000 r--p 000c9000 103:06 23017700                  /home/pah/tools/Xilinx_20252/2025.2/Vitis/lib/lnx64.o/libboost_regex.so.1.72.0
7e80e91fa000-7e80e91fe000 r--p 000e2000 103:06 23017700                  /home/pah/tools/Xilinx_20252/2025.2/Vitis/lib/lnx64.o/libboost_regex.so.1.72.0
7e80e91fe000-7e80e9200000 rw-p 000e6000 103:06 23017700                  /home/pah/tools/Xilinx_20252/2025.2/Vitis/lib/lnx64.o/libboost_regex.so.1.72.0
7e80e9200000-7e80e924e000 r--p 00000000 103:06 22947578                  /home/pah/tools/Xilinx_20252/2025.2/Vitis/lib/lnx64.o/libxv_commonxillic.so
7e80e924e000-7e80e94ae000 r-xp 0004e000 103:06 22947578                  /home/pah/tools/Xilinx_20252/2025.2/Vitis/lib/lnx64.o/libxv_commonxillic.so
7e80e94ae000-7e80e9575000 r--p 002ae000 103:06 22947578                  /home/pah/tools/Xilinx_20252/2025.2/Vitis/lib/lnx64.o/libxv_commonxillic.so
7e80e9575000-7e80e95a0000 r--p 00374000 103:06 22947578                  /home/pah/tools/Xilinx_20252/2025.2/Vitis/lib/lnx64.o/libxv_commonxillic.so
7e80e95a0000-7e80e95a8000 rw-p 0039f000 103:06 22947578                  /home/pah/tools/Xilinx_20252/2025.2/Vitis/lib/lnx64.o/libxv_commonxillic.so
7e80e95a8000-7e80e95aa000 rw-p 00000000 00:00 0 
7e80e95af000-7e80e95b1000 r--p 00000000 103:05 3543261                   /usr/lib/x86_64-linux-gnu/libXdmcp.so.6.0.0
7e80e95b1000-7e80e95b3000 r-xp 00002000 103:05 3543261                   /usr/lib/x86_64-linux-gnu/libXdmcp.so.6.0.0
7e80e95b3000-7e80e95b5000 r--p 00004000 103:05 3543261                   /usr/lib/x86_64-linux-gnu/libXdmcp.so.6.0.0
7e80e95b5000-7e80e95b6000 r--p 00005000 103:05 3543261                   /usr/lib/x86_64-linux-gnu/libXdmcp.so.6.0.0
7e80e95b6000-7e80e95b7000 rw-p 00006000 103:05 3543261                   /usr/lib/x86_64-linux-gnu/libXdmcp.so.6.0.0
7e80e95b7000-7e80e95ba000 r--p 00000000 103:05 3564958                   /usr/lib/x86_64-linux-gnu/libresolv.so.2
7e80e95ba000-7e80e95c4000 r-xp 00003000 103:05 3564958                   /usr/lib/x86_64-linux-gnu/libresolv.so.2
7e80e95c4000-7e80e95c6000 r--p 0000d000 103:05 3564958                   /usr/lib/x86_64-linux-gnu/libresolv.so.2
7e80e95c6000-7e80e95c7000 r--p 0000f000 103:05 3564958                   /usr/lib/x86_64-linux-gnu/libresolv.so.2
7e80e95c7000-7e80e95c8000 rw-p 00010000 103:05 3564958                   /usr/lib/x86_64-linux-gnu/libresolv.so.2
7e80e95c8000-7e80e95ca000 rw-p 00000000 00:00 0 
7e80e95ca000-7e80e95cd000 r--p 00000000 103:05 3539329                   /usr/lib/x86_64-linux-gnu/libkrb5support.so.0.1
7e80e95cd000-7e80e95d3000 r-xp 00003000 103:05 3539329                   /usr/lib/x86_64-linux-gnu/libkrb5support.so.0.1
7e80e95d3000-7e80e95d5000 r--p 00009000 103:05 3539329                   /usr/lib/x86_64-linux-gnu/libkrb5support.so.0.1
7e80e95d5000-7e80e95d6000 r--p 0000a000 103:05 3539329                   /usr/lib/x86_64-linux-gnu/libkrb5support.so.0.1
7e80e95d6000-7e80e95d7000 rw-p 0000b000 103:05 3539329                   /usr/lib/x86_64-linux-gnu/libkrb5support.so.0.1
7e80e95d7000-7e80e95e2000 r--p 00000000 103:05 3543266                   /usr/lib/x86_64-linux-gnu/libxcb.so.1.1.0
7e80e95e2000-7e80e95f5000 r-xp 0000b000 103:05 3543266                   /usr/lib/x86_64-linux-gnu/libxcb.so.1.1.0
7e80e95f5000-7e80e95fe000 r--p 0001e000 103:05 3543266                   /usr/lib/x86_64-linux-gnu/libxcb.so.1.1.0
7e80e95fe000-7e80e95ff000 r--p 00026000 103:05 3543266                   /usr/lib/x86_64-linux-gnu/libxcb.so.1.1.0
7e80e95ff000-7e80e9600000 rw-p 00027000 103:05 3543266                   /usr/lib/x86_64-linux-gnu/libxcb.so.1.1.0
7e80e9600000-7e80e9840000 r--p 00000000 103:06 23027834                  /home/pah/tools/Xilinx_20252/2025.2/Vitis/lib/lnx64.o/libxv_common_protobuf.so
7e80e9840000-7e80e9b1a000 r-xp 00240000 103:06 23027834                  /home/pah/tools/Xilinx_20252/2025.2/Vitis/lib/lnx64.o/libxv_common_protobuf.so
7e80e9b1a000-7e80e9c2d000 r--p 0051a000 103:06 23027834                  /home/pah/tools/Xilinx_20252/2025.2/Vitis/lib/lnx64.o/libxv_common_protobuf.so
7e80e9c2d000-7e80e9c58000 r--p 0062c000 103:06 23027834                  /home/pah/tools/Xilinx_20252/2025.2/Vitis/lib/lnx64.o/libxv_common_protobuf.so
7e80e9c58000-7e80e9c63000 rw-p 00657000 103:06 23027834                  /home/pah/tools/Xilinx_20252/2025.2/Vitis/lib/lnx64.o/libxv_common_protobuf.so
7e80e9c63000-7e80e9c75000 rw-p 00000000 00:00 0 
7e80e9c7b000-7e80e9c87000 r--p 00000000 103:05 3539528                   /usr/lib/x86_64-linux-gnu/libgssapi_krb5.so.2.2
7e80e9c87000-7e80e9cc1000 r-xp 0000c000 103:05 3539528                   /usr/lib/x86_64-linux-gnu/libgssapi_krb5.so.2.2
7e80e9cc1000-7e80e9ccb000 r--p 00046000 103:05 3539528                   /usr/lib/x86_64-linux-gnu/libgssapi_krb5.so.2.2
7e80e9ccb000-7e80e9ccd000 r--p 0004f000 103:05 3539528                   /usr/lib/x86_64-linux-gnu/libgssapi_krb5.so.2.2
7e80e9ccd000-7e80e9ccf000 rw-p 00051000 103:05 3539528                   /usr/lib/x86_64-linux-gnu/libgssapi_krb5.so.2.2
7e80e9ccf000-7e80e9cf2000 r--p 00000000 103:06 23006145                  /home/pah/tools/Xilinx_20252/2025.2/Vitis/lib/lnx64.o/libxv_lmx.so
7e80e9cf2000-7e80e9d25000 r-xp 00023000 103:06 23006145                  /home/pah/tools/Xilinx_20252/2025.2/Vitis/lib/lnx64.o/libxv_lmx.so
7e80e9d25000-7e80e9d38000 r--p 00056000 103:06 23006145                  /home/pah/tools/Xilinx_20252/2025.2/Vitis/lib/lnx64.o/libxv_lmx.so
7e80e9d38000-7e80e9d39000 ---p 00069000 103:06 23006145                  /home/pah/tools/Xilinx_20252/2025.2/Vitis/lib/lnx64.o/libxv_lmx.so
7e80e9d39000-7e80e9d3b000 r--p 00069000 103:06 23006145                  /home/pah/tools/Xilinx_20252/2025.2/Vitis/lib/lnx64.o/libxv_lmx.so
7e80e9d3b000-7e80e9d3e000 rw-p 0006b000 103:06 23006145                  /home/pah/tools/Xilinx_20252/2025.2/Vitis/lib/lnx64.o/libxv_lmx.so
7e80e9d3e000-7e80e9d72000 r--p 00000000 103:06 23028507                  /home/pah/tools/Xilinx_20252/2025.2/Vitis/lib/lnx64.o/libboost_unit_test_framework.so.1.72.0
7e80e9d72000-7e80e9ddb000 r-xp 00034000 103:06 23028507                  /home/pah/tools/Xilinx_20252/2025.2/Vitis/lib/lnx64.o/libboost_unit_test_framework.so.1.72.0
7e80e9ddb000-7e80e9df6000 r--p 0009d000 103:06 23028507                  /home/pah/tools/Xilinx_20252/2025.2/Vitis/lib/lnx64.o/libboost_unit_test_framework.so.1.72.0
7e80e9df6000-7e80e9df7000 ---p 000b8000 103:06 23028507                  /home/pah/tools/Xilinx_20252/2025.2/Vitis/lib/lnx64.o/libboost_unit_test_framework.so.1.72.0
7e80e9df7000-7e80e9dfc000 r--p 000b8000 103:06 23028507                  /home/pah/tools/Xilinx_20252/2025.2/Vitis/lib/lnx64.o/libboost_unit_test_framework.so.1.72.0
7e80e9dfc000-7e80e9dfd000 rw-p 000bd000 103:06 23028507                  /home/pah/tools/Xilinx_20252/2025.2/Vitis/lib/lnx64.o/libboost_unit_test_framework.so.1.72.0
7e80e9dfd000-7e80e9e00000 rw-p 00000000 00:00 0 
7e80e9e00000-7e80eacfd000 rwxp 00000000 103:06 23006115                  /home/pah/tools/Xilinx_20252/2025.2/Vitis/lib/lnx64.o/libxv_common.so
7e80eacfd000-7e80eacfe000 ---p 00efd000 103:06 23006115                  /home/pah/tools/Xilinx_20252/2025.2/Vitis/lib/lnx64.o/libxv_common.so
7e80eacfe000-7e80ead29000 r--p 00efd000 103:06 23006115                  /home/pah/tools/Xilinx_20252/2025.2/Vitis/lib/lnx64.o/libxv_common.so
7e80ead29000-7e80ead47000 rwxp 00f28000 103:06 23006115                  /home/pah/tools/Xilinx_20252/2025.2/Vitis/lib/lnx64.o/libxv_common.so
7e80ead47000-7e80ead66000 rwxp 00000000 00:00 0 
7e80ead66000-7e80eae00000 ---p 00f66000 103:06 23006115                  /home/pah/tools/Xilinx_20252/2025.2/Vitis/lib/lnx64.o/libxv_common.so
7e80eae00000-7e80eafb0000 rwxp 01000000 103:06 23006115                  /home/pah/tools/Xilinx_20252/2025.2/Vitis/lib/lnx64.o/libxv_common.so
7e80eafb2000-7e80eafb3000 r--p 00000000 103:05 3543224                   /usr/lib/x86_64-linux-gnu/libXau.so.6.0.0
7e80eafb3000-7e80eafb5000 r-xp 00001000 103:05 3543224                   /usr/lib/x86_64-linux-gnu/libXau.so.6.0.0
7e80eafb5000-7e80eafb6000 r--p 00003000 103:05 3543224                   /usr/lib/x86_64-linux-gnu/libXau.so.6.0.0
7e80eafb6000-7e80eafb7000 r--p 00003000 103:05 3543224                   /usr/lib/x86_64-linux-gnu/libXau.so.6.0.0
7e80eafb7000-7e80eafb8000 rw-p 00004000 103:05 3543224                   /usr/lib/x86_64-linux-gnu/libXau.so.6.0.0
7e80eafb8000-7e80eafbc000 r--p 00000000 103:05 3540993                   /usr/lib/x86_64-linux-gnu/libk5crypto.so.3.1
7e80eafbc000-7e80eafd7000 r-xp 00004000 103:05 3540993                   /usr/lib/x86_64-linux-gnu/libk5crypto.so.3.1
7e80eafd7000-7e80eafe2000 r--p 0001f000 103:05 3540993                   /usr/lib/x86_64-linux-gnu/libk5crypto.so.3.1
7e80eafe2000-7e80eafe3000 r--p 0002a000 103:05 3540993                   /usr/lib/x86_64-linux-gnu/libk5crypto.so.3.1
7e80eafe3000-7e80eafe4000 rw-p 0002b000 103:05 3540993                   /usr/lib/x86_64-linux-gnu/libk5crypto.so.3.1
7e80eafe4000-7e80eafe6000 r--p 00000000 103:05 3543311                   /usr/lib/x86_64-linux-gnu/libz.so.1.3
7e80eafe6000-7e80eaff8000 r-xp 00002000 103:05 3543311                   /usr/lib/x86_64-linux-gnu/libz.so.1.3
7e80eaff8000-7e80eaffe000 r--p 00014000 103:05 3543311                   /usr/lib/x86_64-linux-gnu/libz.so.1.3
7e80eaffe000-7e80eafff000 r--p 0001a000 103:05 3543311                   /usr/lib/x86_64-linux-gnu/libz.so.1.3
7e80eafff000-7e80eb000000 rw-p 0001b000 103:05 3543311                   /usr/lib/x86_64-linux-gnu/libz.so.1.3
7e80eb000000-7e80eb3f0000 rw-p 00000000 00:00 0 
7e80eb3f0000-7e80eb870000 rw-p 00000000 00:00 0 
7e80eb870000-7e80eb8f0000 rw-p 00000000 00:00 0 
7e80eb8f0000-7e80ebaf0000 rw-p 00000000 00:00 0 
7e80ebaf0000-7e80ebef0000 rw-p 00000000 00:00 0 
7e80ebef0000-7e80ebff0000 rw-p 00000000 00:00 0 
7e80ebff0000-7e80ed170000 rw-p 00000000 00:00 0 
7e80ed170000-7e80ed1f0000 rw-p 00000000 00:00 0 
7e80ed1f0000-7e80ed2f0000 rw-p 00000000 00:00 0 
7e80ed2f0000-7e80ed3f0000 rw-p 00000000 00:00 0 
7e80ed3f0000-7e80ed6f0000 rw-p 00000000 00:00 0 
7e80ed6f0000-7e80ed7f0000 rw-p 00000000 00:00 0 
7e80ed7f0000-7e80ed870000 rw-p 00000000 00:00 0 
7e80ed870000-7e80ed8f0000 rw-p 00000000 00:00 0 
7e80ed8f0000-7e80edaf0000 rw-p 00000000 00:00 0 
7e80edaf0000-7e80edb30000 rw-p 00000000 00:00 0 
7e80edb30000-7e80edb70000 rw-p 00000000 00:00 0 
7e80edb70000-7e80edf70000 rw-p 00000000 00:00 0 
7e80edf70000-7e80edff0000 rw-p 00000000 00:00 0 
7e80edff0000-7e80ee0f0000 rw-p 00000000 00:00 0 
7e80ee0f0000-7e80ee1f0000 rw-p 00000000 00:00 0 
7e80ee1f0000-7e80ee200000 ---p 00000000 00:00 0 
7e80ee200000-7e80ee3a0000 rw-p 00000000 00:00 0 
7e80ee3a0000-7e80ef000000 ---p 00000000 00:00 0 
7e80ef000000-7e80efc97000 rw-p 00001000 103:06 27024425                  /home/pah/tools/Xilinx_20252/2025.2/tps/lnx64/jre21.0.5_11/lib/server/classes.jsa
7e80efc97000-7e80f0000000 ---p 00000000 00:00 0 
7e80f0000000-7e80f0030000 rw-p 00000000 00:00 0 
7e80f0030000-7e80f0070000 rw-p 00000000 00:00 0 
7e80f0070000-7e80f0130000 rw-p 00000000 00:00 0 
7e80f0130000-7e80f0450000 rw-p 00000000 00:00 0 
7e80f0450000-7e80f04b0000 rw-p 00000000 00:00 0 
7e80f04b0000-7e80f04f0000 rw-p 00000000 00:00 0 
7e80f04f0000-7e80f0550000 rw-p 00000000 00:00 0 
7e80f0550000-7e80f05b0000 rw-p 00000000 00:00 0 
7e80f05b0000-7e80f05f0000 rw-p 00000000 00:00 0 
7e80f05f0000-7e80f0680000 rw-p 00000000 00:00 0 
7e80f0680000-7e8130000000 ---p 00000000 00:00 0 
7e8130000000-7e8130021000 rw-p 00000000 00:00 0 
7e8130021000-7e8134000000 ---p 00000000 00:00 0 
7e8134000000-7e8134021000 rw-p 00000000 00:00 0 
7e8134021000-7e8138000000 ---p 00000000 00:00 0 
7e8138000000-7e8138021000 rw-p 00000000 00:00 0 
7e8138021000-7e813c000000 ---p 00000000 00:00 0 
7e813c000000-7e813c002000 r--p 00000000 103:05 3543436                   /usr/lib/x86_64-linux-gnu/libkeyutils.so.1.10
7e813c002000-7e813c004000 r-xp 00002000 103:05 3543436                   /usr/lib/x86_64-linux-gnu/libkeyutils.so.1.10
7e813c004000-7e813c005000 r--p 00004000 103:05 3543436                   /usr/lib/x86_64-linux-gnu/libkeyutils.so.1.10
7e813c005000-7e813c006000 r--p 00004000 103:05 3543436                   /usr/lib/x86_64-linux-gnu/libkeyutils.so.1.10
7e813c006000-7e813c007000 rw-p 00005000 103:05 3543436                   /usr/lib/x86_64-linux-gnu/libkeyutils.so.1.10
7e813c007000-7e813c009000 r--p 00000000 103:05 3539998                   /usr/lib/x86_64-linux-gnu/libuuid.so.1.3.0
7e813c009000-7e813c00e000 r-xp 00002000 103:05 3539998                   /usr/lib/x86_64-linux-gnu/libuuid.so.1.3.0
7e813c00e000-7e813c00f000 r--p 00007000 103:05 3539998                   /usr/lib/x86_64-linux-gnu/libuuid.so.1.3.0
7e813c00f000-7e813c010000 r--p 00007000 103:05 3539998                   /usr/lib/x86_64-linux-gnu/libuuid.so.1.3.0
7e813c010000-7e813c011000 rw-p 00008000 103:05 3539998                   /usr/lib/x86_64-linux-gnu/libuuid.so.1.3.0
7e813c011000-7e813c012000 r--p 00000000 103:05 3560474                   /usr/lib/x86_64-linux-gnu/libnss_mdns4_minimal.so.2
7e813c012000-7e813c014000 r-xp 00001000 103:05 3560474                   /usr/lib/x86_64-linux-gnu/libnss_mdns4_minimal.so.2
7e813c014000-7e813c015000 r--p 00003000 103:05 3560474                   /usr/lib/x86_64-linux-gnu/libnss_mdns4_minimal.so.2
7e813c015000-7e813c016000 r--p 00003000 103:05 3560474                   /usr/lib/x86_64-linux-gnu/libnss_mdns4_minimal.so.2
7e813c016000-7e813c017000 rw-p 00004000 103:05 3560474                   /usr/lib/x86_64-linux-gnu/libnss_mdns4_minimal.so.2
7e813c017000-7e813c018000 r--p 00000000 103:05 3546952                   /usr/lib/x86_64-linux-gnu/gconv/UTF-16.so
7e813c018000-7e813c01b000 r-xp 00001000 103:05 3546952                   /usr/lib/x86_64-linux-gnu/gconv/UTF-16.so
7e813c01b000-7e813c01c000 r--p 00004000 103:05 3546952                   /usr/lib/x86_64-linux-gnu/gconv/UTF-16.so
7e813c01c000-7e813c01d000 r--p 00004000 103:05 3546952                   /usr/lib/x86_64-linux-gnu/gconv/UTF-16.so
7e813c01d000-7e813c01e000 rw-p 00005000 103:05 3546952                   /usr/lib/x86_64-linux-gnu/gconv/UTF-16.so
7e813c01e000-7e813c023000 r-xp 00000000 103:06 26516803                  /home/pah/tools/Xilinx_20252/2025.2/tps/lnx64/jre21.0.5_11/lib/libmanagement_ext.so
7e813c023000-7e813c024000 ---p 00005000 103:06 26516803                  /home/pah/tools/Xilinx_20252/2025.2/tps/lnx64/jre21.0.5_11/lib/libmanagement_ext.so
7e813c024000-7e813c025000 r--p 00005000 103:06 26516803                  /home/pah/tools/Xilinx_20252/2025.2/tps/lnx64/jre21.0.5_11/lib/libmanagement_ext.so
7e813c025000-7e813c026000 rw-p 00006000 103:06 26516803                  /home/pah/tools/Xilinx_20252/2025.2/tps/lnx64/jre21.0.5_11/lib/libmanagement_ext.so
7e813c026000-7e813c02a000 r-xp 00000000 103:06 26543484                  /home/pah/tools/Xilinx_20252/2025.2/tps/lnx64/jre21.0.5_11/lib/libmanagement.so
7e813c02a000-7e813c02b000 r--p 00003000 103:06 26543484                  /home/pah/tools/Xilinx_20252/2025.2/tps/lnx64/jre21.0.5_11/lib/libmanagement.so
7e813c02b000-7e813c02c000 rw-p 00004000 103:06 26543484                  /home/pah/tools/Xilinx_20252/2025.2/tps/lnx64/jre21.0.5_11/lib/libmanagement.so
7e813c02c000-7e813c031000 r--p 00000000 103:06 23027732                  /home/pah/tools/Xilinx_20252/2025.2/Vitis/lib/lnx64.o/libprofiler.so.0
7e813c031000-7e813c038000 r-xp 00005000 103:06 23027732                  /home/pah/tools/Xilinx_20252/2025.2/Vitis/lib/lnx64.o/libprofiler.so.0
7e813c038000-7e813c03b000 r--p 0000c000 103:06 23027732                  /home/pah/tools/Xilinx_20252/2025.2/Vitis/lib/lnx64.o/libprofiler.so.0
7e813c03b000-7e813c03c000 ---p 0000f000 103:06 23027732                  /home/pah/tools/Xilinx_20252/2025.2/Vitis/lib/lnx64.o/libprofiler.so.0
7e813c03c000-7e813c03d000 r--p 0000f000 103:06 23027732                  /home/pah/tools/Xilinx_20252/2025.2/Vitis/lib/lnx64.o/libprofiler.so.0
7e813c03d000-7e813c03e000 rw-p 00010000 103:06 23027732                  /home/pah/tools/Xilinx_20252/2025.2/Vitis/lib/lnx64.o/libprofiler.so.0
7e813c03e000-7e813c042000 rw-p 00000000 00:00 0 
7e813c042000-7e813c046000 r--p 00000000 103:06 23029096                  /home/pah/tools/Xilinx_20252/2025.2/Vitis/lib/lnx64.o/librdizlib.so
7e813c046000-7e813c05f000 r-xp 00004000 103:06 23029096                  /home/pah/tools/Xilinx_20252/2025.2/Vitis/lib/lnx64.o/librdizlib.so
7e813c05f000-7e813c066000 r--p 0001d000 103:06 23029096                  /home/pah/tools/Xilinx_20252/2025.2/Vitis/lib/lnx64.o/librdizlib.so
7e813c066000-7e813c067000 ---p 00024000 103:06 23029096                  /home/pah/tools/Xilinx_20252/2025.2/Vitis/lib/lnx64.o/librdizlib.so
7e813c067000-7e813c068000 r--p 00024000 103:06 23029096                  /home/pah/tools/Xilinx_20252/2025.2/Vitis/lib/lnx64.o/librdizlib.so
7e813c068000-7e813c069000 rw-p 00025000 103:06 23029096                  /home/pah/tools/Xilinx_20252/2025.2/Vitis/lib/lnx64.o/librdizlib.so
7e813c069000-7e813c06b000 r--p 00000000 103:06 23006463                  /home/pah/tools/Xilinx_20252/2025.2/Vitis/lib/lnx64.o/libboost_context.so.1.72.0
7e813c06b000-7e813c072000 r-xp 00002000 103:06 23006463                  /home/pah/tools/Xilinx_20252/2025.2/Vitis/lib/lnx64.o/libboost_context.so.1.72.0
7e813c072000-7e813c074000 r--p 00009000 103:06 23006463                  /home/pah/tools/Xilinx_20252/2025.2/Vitis/lib/lnx64.o/libboost_context.so.1.72.0
7e813c074000-7e813c075000 r--p 0000a000 103:06 23006463                  /home/pah/tools/Xilinx_20252/2025.2/Vitis/lib/lnx64.o/libboost_context.so.1.72.0
7e813c075000-7e813c076000 rw-p 0000b000 103:06 23006463                  /home/pah/tools/Xilinx_20252/2025.2/Vitis/lib/lnx64.o/libboost_context.so.1.72.0
7e813c076000-7e813c07f000 r--p 00000000 103:06 23017699                  /home/pah/tools/Xilinx_20252/2025.2/Vitis/lib/lnx64.o/libboost_math_c99.so.1.72.0
7e813c07f000-7e813c088000 r-xp 00009000 103:06 23017699                  /home/pah/tools/Xilinx_20252/2025.2/Vitis/lib/lnx64.o/libboost_math_c99.so.1.72.0
7e813c088000-7e813c08c000 r--p 00012000 103:06 23017699                  /home/pah/tools/Xilinx_20252/2025.2/Vitis/lib/lnx64.o/libboost_math_c99.so.1.72.0
7e813c08c000-7e813c08d000 r--p 00015000 103:06 23017699                  /home/pah/tools/Xilinx_20252/2025.2/Vitis/lib/lnx64.o/libboost_math_c99.so.1.72.0
7e813c08d000-7e813c08e000 rw-p 00016000 103:06 23017699                  /home/pah/tools/Xilinx_20252/2025.2/Vitis/lib/lnx64.o/libboost_math_c99.so.1.72.0
7e813c08e000-7e813c08f000 rw-p 00000000 00:00 0 
7e813c08f000-7e813c097000 r--p 00000000 103:06 23006465                  /home/pah/tools/Xilinx_20252/2025.2/Vitis/lib/lnx64.o/libboost_filesystem.so.1.72.0
7e813c097000-7e813c0a7000 r-xp 00008000 103:06 23006465                  /home/pah/tools/Xilinx_20252/2025.2/Vitis/lib/lnx64.o/libboost_filesystem.so.1.72.0
7e813c0a7000-7e813c0ac000 r--p 00018000 103:06 23006465                  /home/pah/tools/Xilinx_20252/2025.2/Vitis/lib/lnx64.o/libboost_filesystem.so.1.72.0
7e813c0ac000-7e813c0ad000 r--p 0001c000 103:06 23006465                  /home/pah/tools/Xilinx_20252/2025.2/Vitis/lib/lnx64.o/libboost_filesystem.so.1.72.0
7e813c0ad000-7e813c0ae000 rw-p 0001d000 103:06 23006465                  /home/pah/tools/Xilinx_20252/2025.2/Vitis/lib/lnx64.o/libboost_filesystem.so.1.72.0
7e813c0ae000-7e813c0d9000 r--p 00000000 103:06 23027858                  /home/pah/tools/Xilinx_20252/2025.2/Vitis/lib/lnx64.o/libboost_program_options.so.1.72.0
7e813c0d9000-7e813c121000 r-xp 0002b000 103:06 23027858                  /home/pah/tools/Xilinx_20252/2025.2/Vitis/lib/lnx64.o/libboost_program_options.so.1.72.0
7e813c121000-7e813c131000 r--p 00073000 103:06 23027858                  /home/pah/tools/Xilinx_20252/2025.2/Vitis/lib/lnx64.o/libboost_program_options.so.1.72.0
7e813c131000-7e813c132000 ---p 00083000 103:06 23027858                  /home/pah/tools/Xilinx_20252/2025.2/Vitis/lib/lnx64.o/libboost_program_options.so.1.72.0
7e813c132000-7e813c137000 r--p 00083000 103:06 23027858                  /home/pah/tools/Xilinx_20252/2025.2/Vitis/lib/lnx64.o/libboost_program_options.so.1.72.0
7e813c137000-7e813c138000 rw-p 00088000 103:06 23027858                  /home/pah/tools/Xilinx_20252/2025.2/Vitis/lib/lnx64.o/libboost_program_options.so.1.72.0
7e813c138000-7e813c14e000 r--p 00000000 103:06 23006144                  /home/pah/tools/Xilinx_20252/2025.2/Vitis/lib/lnx64.o/libxv_isl_sysinfo.so
7e813c14e000-7e813c16a000 r-xp 00016000 103:06 23006144                  /home/pah/tools/Xilinx_20252/2025.2/Vitis/lib/lnx64.o/libxv_isl_sysinfo.so
7e813c16a000-7e813c171000 r--p 00032000 103:06 23006144                  /home/pah/tools/Xilinx_20252/2025.2/Vitis/lib/lnx64.o/libxv_isl_sysinfo.so
7e813c171000-7e813c172000 ---p 00039000 103:06 23006144                  /home/pah/tools/Xilinx_20252/2025.2/Vitis/lib/lnx64.o/libxv_isl_sysinfo.so
7e813c172000-7e813c174000 r--p 00039000 103:06 23006144                  /home/pah/tools/Xilinx_20252/2025.2/Vitis/lib/lnx64.o/libxv_isl_sysinfo.so
7e813c174000-7e813c175000 rw-p 0003b000 103:06 23006144                  /home/pah/tools/Xilinx_20252/2025.2/Vitis/lib/lnx64.o/libxv_isl_sysinfo.so
7e813c175000-7e813c183000 r--p 00000000 103:06 22949945                  /home/pah/tools/Xilinx_20252/2025.2/Vitis/lib/lnx64.o/libboost_iostreams.so.1.72.0
7e813c183000-7e813c18d000 r-xp 0000e000 103:06 22949945                  /home/pah/tools/Xilinx_20252/2025.2/Vitis/lib/lnx64.o/libboost_iostreams.so.1.72.0
7e813c18d000-7e813c192000 r--p 00018000 103:06 22949945                  /home/pah/tools/Xilinx_20252/2025.2/Vitis/lib/lnx64.o/libboost_iostreams.so.1.72.0
7e813c192000-7e813c194000 r--p 0001c000 103:06 22949945                  /home/pah/tools/Xilinx_20252/2025.2/Vitis/lib/lnx64.o/libboost_iostreams.so.1.72.0
7e813c194000-7e813c195000 rw-p 0001e000 103:06 22949945                  /home/pah/tools/Xilinx_20252/2025.2/Vitis/lib/lnx64.o/libboost_iostreams.so.1.72.0
7e813c195000-7e813c1ba000 r--p 00000000 103:06 23005972                  /home/pah/tools/Xilinx_20252/2025.2/Vitis/lib/lnx64.o/libboost_serialization.so.1.72.0
7e813c1ba000-7e813c1d6000 r-xp 00025000 103:06 23005972                  /home/pah/tools/Xilinx_20252/2025.2/Vitis/lib/lnx64.o/libboost_serialization.so.1.72.0
7e813c1d6000-7e813c1e3000 r--p 00041000 103:06 23005972                  /home/pah/tools/Xilinx_20252/2025.2/Vitis/lib/lnx64.o/libboost_serialization.so.1.72.0
7e813c1e3000-7e813c1e6000 r--p 0004d000 103:06 23005972                  /home/pah/tools/Xilinx_20252/2025.2/Vitis/lib/lnx64.o/libboost_serialization.so.1.72.0
7e813c1e6000-7e813c1e7000 rw-p 00050000 103:06 23005972                  /home/pah/tools/Xilinx_20252/2025.2/Vitis/lib/lnx64.o/libboost_serialization.so.1.72.0
7e813c1e7000-7e813c1f9000 r--p 00000000 103:06 23017701                  /home/pah/tools/Xilinx_20252/2025.2/Vitis/lib/lnx64.o/libboost_thread.so.1.72.0
7e813c1f9000-7e813c208000 r-xp 00012000 103:06 23017701                  /home/pah/tools/Xilinx_20252/2025.2/Vitis/lib/lnx64.o/libboost_thread.so.1.72.0
7e813c208000-7e813c20e000 r--p 00021000 103:06 23017701                  /home/pah/tools/Xilinx_20252/2025.2/Vitis/lib/lnx64.o/libboost_thread.so.1.72.0
7e813c20e000-7e813c211000 r--p 00026000 103:06 23017701                  /home/pah/tools/Xilinx_20252/2025.2/Vitis/lib/lnx64.o/libboost_thread.so.1.72.0
7e813c211000-7e813c212000 rw-p 00029000 103:06 23017701                  /home/pah/tools/Xilinx_20252/2025.2/Vitis/lib/lnx64.o/libboost_thread.so.1.72.0
7e813c212000-7e813c21a000 r--p 00000000 103:06 23005971                  /home/pah/tools/Xilinx_20252/2025.2/Vitis/lib/lnx64.o/libboost_coroutine.so.1.72.0
7e813c21a000-7e813c229000 r-xp 00008000 103:06 23005971                  /home/pah/tools/Xilinx_20252/2025.2/Vitis/lib/lnx64.o/libboost_coroutine.so.1.72.0
7e813c229000-7e813c22d000 r--p 00017000 103:06 23005971                  /home/pah/tools/Xilinx_20252/2025.2/Vitis/lib/lnx64.o/libboost_coroutine.so.1.72.0
7e813c22d000-7e813c22e000 ---p 0001b000 103:06 23005971                  /home/pah/tools/Xilinx_20252/2025.2/Vitis/lib/lnx64.o/libboost_coroutine.so.1.72.0
7e813c22e000-7e813c22f000 r--p 0001b000 103:06 23005971                  /home/pah/tools/Xilinx_20252/2025.2/Vitis/lib/lnx64.o/libboost_coroutine.so.1.72.0
7e813c22f000-7e813c230000 rw-p 0001c000 103:06 23005971                  /home/pah/tools/Xilinx_20252/2025.2/Vitis/lib/lnx64.o/libboost_coroutine.so.1.72.0
7e813c230000-7e813c234000 ---p 00000000 00:00 0 
7e813c234000-7e813c330000 rw-p 00000000 00:00 0 
7e813c330000-7e813c334000 ---p 00000000 00:00 0 
7e813c334000-7e813c430000 rw-p 00000000 00:00 0 
7e813c430000-7e813c434000 ---p 00000000 00:00 0 
7e813c434000-7e813c530000 rw-p 00000000 00:00 0 
7e813c530000-7e813c534000 ---p 00000000 00:00 0 
7e813c534000-7e813c630000 rw-p 00000000 00:00 0 
7e813c630000-7e813c634000 ---p 00000000 00:00 0 
7e813c634000-7e813c730000 rw-p 00000000 00:00 0 
7e813c730000-7e813c734000 ---p 00000000 00:00 0 
7e813c734000-7e813c830000 rw-p 00000000 00:00 0 
7e813c830000-7e813c834000 ---p 00000000 00:00 0 
7e813c834000-7e813c930000 rw-p 00000000 00:00 0 
7e813c930000-7e813c9fe000 r-xp 00000000 103:06 26537218                  /home/pah/tools/Xilinx_20252/2025.2/tps/lnx64/jre21.0.5_11/lib/libjsvml.so
7e813c9fe000-7e813c9ff000 r--p 000cd000 103:06 26537218                  /home/pah/tools/Xilinx_20252/2025.2/tps/lnx64/jre21.0.5_11/lib/libjsvml.so
7e813c9ff000-7e813ca00000 rw-p 000ce000 103:06 26537218                  /home/pah/tools/Xilinx_20252/2025.2/tps/lnx64/jre21.0.5_11/lib/libjsvml.so
7e813ca00000-7e813ca04000 ---p 00000000 00:00 0 
7e813ca04000-7e813cb00000 rw-p 00000000 00:00 0 
7e813cb00000-7e813cb04000 ---p 00000000 00:00 0 
7e813cb04000-7e813cc00000 rw-p 00000000 00:00 0 
7e813cc00000-7e813cc04000 ---p 00000000 00:00 0 
7e813cc04000-7e813cd00000 rw-p 00000000 00:00 0 
7e813cd00000-7e813cd04000 ---p 00000000 00:00 0 
7e813cd04000-7e813ce00000 rw-p 00000000 00:00 0 
7e813ce00000-7e813ce04000 ---p 00000000 00:00 0 
7e813ce04000-7e813cf00000 rw-p 00000000 00:00 0 
7e813cf00000-7e813cf04000 ---p 00000000 00:00 0 
7e813cf04000-7e813d000000 rw-p 00000000 00:00 0 
7e813d000000-7e813dbc6000 r--p 00000000 103:05 3543834                   /usr/lib/locale/locale-archive
7e813dbc7000-7e813dbc9000 r--p 00000000 103:05 3543400                   /usr/lib/x86_64-linux-gnu/libcom_err.so.2.1
7e813dbc9000-7e813dbca000 r-xp 00002000 103:05 3543400                   /usr/lib/x86_64-linux-gnu/libcom_err.so.2.1
7e813dbca000-7e813dbcb000 r--p 00003000 103:05 3543400                   /usr/lib/x86_64-linux-gnu/libcom_err.so.2.1
7e813dbcb000-7e813dbcc000 r--p 00003000 103:05 3543400                   /usr/lib/x86_64-linux-gnu/libcom_err.so.2.1
7e813dbcc000-7e813dbcd000 rw-p 00004000 103:05 3543400                   /usr/lib/x86_64-linux-gnu/libcom_err.so.2.1
7e813dbcd000-7e813dbd2000 r--p 00000000 103:06 22949944                  /home/pah/tools/Xilinx_20252/2025.2/Vitis/lib/lnx64.o/libboost_chrono.so.1.72.0
7e813dbd2000-7e813dbd6000 r-xp 00005000 103:06 22949944                  /home/pah/tools/Xilinx_20252/2025.2/Vitis/lib/lnx64.o/libboost_chrono.so.1.72.0
7e813dbd6000-7e813dbd8000 r--p 00009000 103:06 22949944                  /home/pah/tools/Xilinx_20252/2025.2/Vitis/lib/lnx64.o/libboost_chrono.so.1.72.0
7e813dbd8000-7e813dbd9000 r--p 0000a000 103:06 22949944                  /home/pah/tools/Xilinx_20252/2025.2/Vitis/lib/lnx64.o/libboost_chrono.so.1.72.0
7e813dbd9000-7e813dbda000 rw-p 0000b000 103:06 22949944                  /home/pah/tools/Xilinx_20252/2025.2/Vitis/lib/lnx64.o/libboost_chrono.so.1.72.0
7e813dbda000-7e813dbe7000 r--p 00000000 103:06 23019877                  /home/pah/tools/Xilinx_20252/2025.2/Vitis/lib/lnx64.o/libxv_isl_iosutils.so
7e813dbe7000-7e813dbf5000 r-xp 0000d000 103:06 23019877                  /home/pah/tools/Xilinx_20252/2025.2/Vitis/lib/lnx64.o/libxv_isl_iosutils.so
7e813dbf5000-7e813dbfa000 r--p 0001b000 103:06 23019877                  /home/pah/tools/Xilinx_20252/2025.2/Vitis/lib/lnx64.o/libxv_isl_iosutils.so
7e813dbfa000-7e813dbfc000 r--p 0001f000 103:06 23019877                  /home/pah/tools/Xilinx_20252/2025.2/Vitis/lib/lnx64.o/libxv_isl_iosutils.so
7e813dbfc000-7e813dbfd000 rw-p 00021000 103:06 23019877                  /home/pah/tools/Xilinx_20252/2025.2/Vitis/lib/lnx64.o/libxv_isl_iosutils.so
7e813dbfd000-7e813dc01000 ---p 00000000 00:00 0 
7e813dc01000-7e813dcfd000 rw-p 00000000 00:00 0 
7e813dcfd000-7e813dcfe000 ---p 00000000 00:00 0 
7e813dcfe000-7e813ddfe000 rw-p 00000000 00:00 0 
7e813ddfe000-7e813ddff000 ---p 00000000 00:00 0 
7e813ddff000-7e813deff000 rw-p 00000000 00:00 0 
7e813deff000-7e813df00000 ---p 00000000 00:00 0 
7e813df00000-7e813e000000 rw-p 00000000 00:00 0 
7e813e000000-7e8140021000 rw-p 00000000 00:00 0 
7e8140021000-7e8144000000 ---p 00000000 00:00 0 
7e8144000000-7e8144021000 rw-p 00000000 00:00 0 
7e8144021000-7e8148000000 ---p 00000000 00:00 0 
7e8148000000-7e8148021000 rw-p 00000000 00:00 0 
7e8148021000-7e814c000000 ---p 00000000 00:00 0 
7e814c000000-7e814c004000 r--p 00000000 103:06 22970944                  /home/pah/tools/Xilinx_20252/2025.2/Vitis/lib/lnx64.o/libxv_boost_xilinx.so
7e814c004000-7e814c007000 r-xp 00004000 103:06 22970944                  /home/pah/tools/Xilinx_20252/2025.2/Vitis/lib/lnx64.o/libxv_boost_xilinx.so
7e814c007000-7e814c008000 r--p 00007000 103:06 22970944                  /home/pah/tools/Xilinx_20252/2025.2/Vitis/lib/lnx64.o/libxv_boost_xilinx.so
7e814c008000-7e814c009000 ---p 00008000 103:06 22970944                  /home/pah/tools/Xilinx_20252/2025.2/Vitis/lib/lnx64.o/libxv_boost_xilinx.so
7e814c009000-7e814c00a000 r--p 00008000 103:06 22970944                  /home/pah/tools/Xilinx_20252/2025.2/Vitis/lib/lnx64.o/libxv_boost_xilinx.so
7e814c00a000-7e814c00b000 rw-p 00009000 103:06 22970944                  /home/pah/tools/Xilinx_20252/2025.2/Vitis/lib/lnx64.o/libxv_boost_xilinx.so
7e814c00b000-7e814c028000 r--p 00000000 103:06 23028505                  /home/pah/tools/Xilinx_20252/2025.2/Vitis/lib/lnx64.o/libboost_graph.so.1.72.0
7e814c028000-7e814c053000 r-xp 0001d000 103:06 23028505                  /home/pah/tools/Xilinx_20252/2025.2/Vitis/lib/lnx64.o/libboost_graph.so.1.72.0
7e814c053000-7e814c05e000 r--p 00048000 103:06 23028505                  /home/pah/tools/Xilinx_20252/2025.2/Vitis/lib/lnx64.o/libboost_graph.so.1.72.0
7e814c05e000-7e814c05f000 ---p 00053000 103:06 23028505                  /home/pah/tools/Xilinx_20252/2025.2/Vitis/lib/lnx64.o/libboost_graph.so.1.72.0
7e814c05f000-7e814c062000 r--p 00053000 103:06 23028505                  /home/pah/tools/Xilinx_20252/2025.2/Vitis/lib/lnx64.o/libboost_graph.so.1.72.0
7e814c062000-7e814c063000 rw-p 00056000 103:06 23028505                  /home/pah/tools/Xilinx_20252/2025.2/Vitis/lib/lnx64.o/libboost_graph.so.1.72.0
7e814c063000-7e814c064000 ---p 00000000 00:00 0 
7e814c064000-7e814c164000 rw-p 00000000 00:00 0 
7e814c164000-7e814ce10000 rw-p 00000000 00:00 0 
7e814ce10000-7e814d510000 ---p 00000000 00:00 0 
7e814d510000-7e814d520000 rw-p 00000000 00:00 0 
7e814d520000-7e81547e0000 ---p 00000000 00:00 0 
7e81547e0000-7e8154800000 rw-p 00000000 00:00 0 
7e8154800000-7e8155340000 rwxp 00000000 00:00 0 
7e8155340000-7e815bc5f000 ---p 00000000 00:00 0 
7e815bc5f000-7e815bfff000 rwxp 00000000 00:00 0 
7e815bfff000-7e815c3a0000 ---p 00000000 00:00 0 
7e815c3a0000-7e815c630000 rwxp 00000000 00:00 0 
7e815c630000-7e8163800000 ---p 00000000 00:00 0 
7e8163800000-7e816bf63000 r--s 00000000 103:06 26521852                  /home/pah/tools/Xilinx_20252/2025.2/tps/lnx64/jre21.0.5_11/lib/modules
7e816bf65000-7e816bf66000 r--p 00000000 103:05 3564961                   /usr/lib/x86_64-linux-gnu/libutil.so.1
7e816bf66000-7e816bf67000 r-xp 00001000 103:05 3564961                   /usr/lib/x86_64-linux-gnu/libutil.so.1
7e816bf67000-7e816bf68000 r--p 00002000 103:05 3564961                   /usr/lib/x86_64-linux-gnu/libutil.so.1
7e816bf68000-7e816bf69000 r--p 00002000 103:05 3564961                   /usr/lib/x86_64-linux-gnu/libutil.so.1
7e816bf69000-7e816bf6a000 rw-p 00003000 103:05 3564961                   /usr/lib/x86_64-linux-gnu/libutil.so.1
7e816bf6a000-7e816bf73000 r--p 00000000 103:06 23006464                  /home/pah/tools/Xilinx_20252/2025.2/Vitis/lib/lnx64.o/libboost_date_time.so.1.72.0
7e816bf73000-7e816bf79000 r-xp 00009000 103:06 23006464                  /home/pah/tools/Xilinx_20252/2025.2/Vitis/lib/lnx64.o/libboost_date_time.so.1.72.0
7e816bf79000-7e816bf7c000 r--p 0000f000 103:06 23006464                  /home/pah/tools/Xilinx_20252/2025.2/Vitis/lib/lnx64.o/libboost_date_time.so.1.72.0
7e816bf7c000-7e816bf7d000 ---p 00012000 103:06 23006464                  /home/pah/tools/Xilinx_20252/2025.2/Vitis/lib/lnx64.o/libboost_date_time.so.1.72.0
7e816bf7d000-7e816bf7e000 r--p 00012000 103:06 23006464                  /home/pah/tools/Xilinx_20252/2025.2/Vitis/lib/lnx64.o/libboost_date_time.so.1.72.0
7e816bf7e000-7e816bf7f000 rw-p 00013000 103:06 23006464                  /home/pah/tools/Xilinx_20252/2025.2/Vitis/lib/lnx64.o/libboost_date_time.so.1.72.0
7e816bf7f000-7e816dd2c000 rw-p 00000000 00:00 0 
7e816dd2c000-7e8170000000 ---p 00000000 00:00 0 
7e8170000000-7e8170002000 r-xp 00000000 103:06 26556935                  /home/pah/tools/Xilinx_20252/2025.2/tps/lnx64/jre21.0.5_11/lib/libextnet.so
7e8170002000-7e8170003000 r--p 00001000 103:06 26556935                  /home/pah/tools/Xilinx_20252/2025.2/tps/lnx64/jre21.0.5_11/lib/libextnet.so
7e8170003000-7e8170004000 rw-p 00002000 103:06 26556935                  /home/pah/tools/Xilinx_20252/2025.2/tps/lnx64/jre21.0.5_11/lib/libextnet.so
7e8170004000-7e817001f000 r-xp 00000000 103:06 26516729                  /home/pah/tools/Xilinx_20252/2025.2/tps/lnx64/jre21.0.5_11/lib/libzip.so
7e817001f000-7e8170020000 r--p 0001a000 103:06 26516729                  /home/pah/tools/Xilinx_20252/2025.2/tps/lnx64/jre21.0.5_11/lib/libzip.so
7e8170020000-7e8170021000 rw-p 0001b000 103:06 26516729                  /home/pah/tools/Xilinx_20252/2025.2/tps/lnx64/jre21.0.5_11/lib/libzip.so
7e8170021000-7e81701be000 rw-p 00000000 00:00 0 
7e81701be000-7e81701bf000 ---p 00000000 00:00 0 
7e81701bf000-7e81702bf000 rw-p 00000000 00:00 0 
7e81702bf000-7e81702c0000 ---p 00000000 00:00 0 
7e81702c0000-7e81703c0000 rw-p 00000000 00:00 0 
7e81703c0000-7e81703c1000 ---p 00000000 00:00 0 
7e81703c1000-7e81704c1000 rw-p 00000000 00:00 0 
7e81704c1000-7e8170591000 rw-p 00000000 00:00 0 
7e8170591000-7e8170671000 ---p 00000000 00:00 0 
7e8170671000-7e8170673000 rw-p 00000000 00:00 0 
7e8170673000-7e81714cb000 ---p 00000000 00:00 0 
7e81714cb000-7e81714e3000 rw-p 00000000 00:00 0 
7e81714e3000-7e81715c3000 ---p 00000000 00:00 0 
7e81715c3000-7e81715c5000 rw-p 00000000 00:00 0 
7e81715c5000-7e817241d000 ---p 00000000 00:00 0 
7e817241d000-7e8173134000 rw-p 00000000 00:00 0 
7e8173134000-7e8173217000 ---p 00000000 00:00 0 
7e8173217000-7e817322e000 rw-p 00000000 00:00 0 
7e817322e000-7e8173300000 ---p 00000000 00:00 0 
7e8173300000-7e8173304000 ---p 00000000 00:00 0 
7e8173304000-7e8173400000 rw-p 00000000 00:00 0 
7e8173400000-7e8174814000 r-xp 00000000 103:06 27024744                  /home/pah/tools/Xilinx_20252/2025.2/tps/lnx64/jre21.0.5_11/lib/server/libjvm.so
7e8174814000-7e8174815000 ---p 01414000 103:06 27024744                  /home/pah/tools/Xilinx_20252/2025.2/tps/lnx64/jre21.0.5_11/lib/server/libjvm.so
7e8174815000-7e81748e9000 r--p 01414000 103:06 27024744                  /home/pah/tools/Xilinx_20252/2025.2/tps/lnx64/jre21.0.5_11/lib/server/libjvm.so
7e81748e9000-7e8174919000 rw-p 014e8000 103:06 27024744                  /home/pah/tools/Xilinx_20252/2025.2/tps/lnx64/jre21.0.5_11/lib/server/libjvm.so
7e8174919000-7e817497f000 rw-p 00000000 00:00 0 
7e817497f000-7e8174980000 r--p 00000000 103:06 23028506                  /home/pah/tools/Xilinx_20252/2025.2/Vitis/lib/lnx64.o/libboost_system.so.1.72.0
7e8174980000-7e8174981000 r-xp 00001000 103:06 23028506                  /home/pah/tools/Xilinx_20252/2025.2/Vitis/lib/lnx64.o/libboost_system.so.1.72.0
7e8174981000-7e8174982000 r--p 00002000 103:06 23028506                  /home/pah/tools/Xilinx_20252/2025.2/Vitis/lib/lnx64.o/libboost_system.so.1.72.0
7e8174982000-7e8174983000 r--p 00002000 103:06 23028506                  /home/pah/tools/Xilinx_20252/2025.2/Vitis/lib/lnx64.o/libboost_system.so.1.72.0
7e8174983000-7e8174984000 rw-p 00003000 103:06 23028506                  /home/pah/tools/Xilinx_20252/2025.2/Vitis/lib/lnx64.o/libboost_system.so.1.72.0
7e8174984000-7e8174a00000 rw-p 00000000 00:00 0 
7e8174a00000-7e8174a28000 r--p 00000000 103:05 3546968                   /usr/lib/x86_64-linux-gnu/libc.so.6
7e8174a28000-7e8174bb0000 r-xp 00028000 103:05 3546968                   /usr/lib/x86_64-linux-gnu/libc.so.6
7e8174bb0000-7e8174bff000 r--p 001b0000 103:05 3546968                   /usr/lib/x86_64-linux-gnu/libc.so.6
7e8174bff000-7e8174c03000 r--p 001fe000 103:05 3546968                   /usr/lib/x86_64-linux-gnu/libc.so.6
7e8174c03000-7e8174c05000 rw-p 00202000 103:05 3546968                   /usr/lib/x86_64-linux-gnu/libc.so.6
7e8174c05000-7e8174c12000 rw-p 00000000 00:00 0 
7e8174c15000-7e8174c22000 r-xp 00000000 103:06 26532343                  /home/pah/tools/Xilinx_20252/2025.2/tps/lnx64/jre21.0.5_11/lib/libverify.so
7e8174c22000-7e8174c24000 r--p 0000c000 103:06 26532343                  /home/pah/tools/Xilinx_20252/2025.2/tps/lnx64/jre21.0.5_11/lib/libverify.so
7e8174c24000-7e8174c25000 rw-p 0000e000 103:06 26532343                  /home/pah/tools/Xilinx_20252/2025.2/tps/lnx64/jre21.0.5_11/lib/libverify.so
7e8174c25000-7e8174c31000 r-xp 00000000 103:06 26537219                  /home/pah/tools/Xilinx_20252/2025.2/tps/lnx64/jre21.0.5_11/lib/libnet.so
7e8174c31000-7e8174c32000 r--p 0000b000 103:06 26537219                  /home/pah/tools/Xilinx_20252/2025.2/tps/lnx64/jre21.0.5_11/lib/libnet.so
7e8174c32000-7e8174c33000 rw-p 0000c000 103:06 26537219                  /home/pah/tools/Xilinx_20252/2025.2/tps/lnx64/jre21.0.5_11/lib/libnet.so
7e8174c33000-7e8174c47000 r-xp 00000000 103:06 26549796                  /home/pah/tools/Xilinx_20252/2025.2/tps/lnx64/jre21.0.5_11/lib/libnio.so
7e8174c47000-7e8174c48000 r--p 00013000 103:06 26549796                  /home/pah/tools/Xilinx_20252/2025.2/tps/lnx64/jre21.0.5_11/lib/libnio.so
7e8174c48000-7e8174c49000 rw-p 00014000 103:06 26549796                  /home/pah/tools/Xilinx_20252/2025.2/tps/lnx64/jre21.0.5_11/lib/libnio.so
7e8174c49000-7e8174c69000 r-xp 00000000 103:06 26508267                  /home/pah/tools/Xilinx_20252/2025.2/tps/lnx64/jre21.0.5_11/lib/libjava.so
7e8174c69000-7e8174c6a000 ---p 00020000 103:06 26508267                  /home/pah/tools/Xilinx_20252/2025.2/tps/lnx64/jre21.0.5_11/lib/libjava.so
7e8174c6a000-7e8174c6b000 r--p 00020000 103:06 26508267                  /home/pah/tools/Xilinx_20252/2025.2/tps/lnx64/jre21.0.5_11/lib/libjava.so
7e8174c6b000-7e8174c6c000 rw-p 00021000 103:06 26508267                  /home/pah/tools/Xilinx_20252/2025.2/tps/lnx64/jre21.0.5_11/lib/libjava.so
7e8174c6c000-7e8174c6d000 rw-p 00000000 00:00 0 
7e8174c6d000-7e8174c88000 r-xp 00000000 103:06 26521909                  /home/pah/tools/Xilinx_20252/2025.2/tps/lnx64/jre21.0.5_11/lib/libjimage.so
7e8174c88000-7e8174c89000 ---p 0001b000 103:06 26521909                  /home/pah/tools/Xilinx_20252/2025.2/tps/lnx64/jre21.0.5_11/lib/libjimage.so
7e8174c89000-7e8174c8b000 r--p 0001b000 103:06 26521909                  /home/pah/tools/Xilinx_20252/2025.2/tps/lnx64/jre21.0.5_11/lib/libjimage.so
7e8174c8b000-7e8174c8c000 rw-p 0001d000 103:06 26521909                  /home/pah/tools/Xilinx_20252/2025.2/tps/lnx64/jre21.0.5_11/lib/libjimage.so
7e8174c8c000-7e8174c9c000 r--p 00000000 103:05 3546971                   /usr/lib/x86_64-linux-gnu/libm.so.6
7e8174c9c000-7e8174d1b000 r-xp 00010000 103:05 3546971                   /usr/lib/x86_64-linux-gnu/libm.so.6
7e8174d1b000-7e8174d73000 r--p 0008f000 103:05 3546971                   /usr/lib/x86_64-linux-gnu/libm.so.6
7e8174d73000-7e8174d74000 r--p 000e7000 103:05 3546971                   /usr/lib/x86_64-linux-gnu/libm.so.6
7e8174d74000-7e8174d75000 rw-p 000e8000 103:05 3546971                   /usr/lib/x86_64-linux-gnu/libm.so.6
7e8174d75000-7e8174d76000 r--p 00000000 103:05 3564959                   /usr/lib/x86_64-linux-gnu/librt.so.1
7e8174d76000-7e8174d77000 r-xp 00001000 103:05 3564959                   /usr/lib/x86_64-linux-gnu/librt.so.1
7e8174d77000-7e8174d78000 r--p 00002000 103:05 3564959                   /usr/lib/x86_64-linux-gnu/librt.so.1
7e8174d78000-7e8174d79000 r--p 00002000 103:05 3564959                   /usr/lib/x86_64-linux-gnu/librt.so.1
7e8174d79000-7e8174d7a000 rw-p 00003000 103:05 3564959                   /usr/lib/x86_64-linux-gnu/librt.so.1
7e8174d7a000-7e8174d7f000 rw-p 00000000 00:00 0 
7e8174d7f000-7e8174d80000 r--p 00000000 103:05 3546970                   /usr/lib/x86_64-linux-gnu/libdl.so.2
7e8174d80000-7e8174d81000 r-xp 00001000 103:05 3546970                   /usr/lib/x86_64-linux-gnu/libdl.so.2
7e8174d81000-7e8174d82000 r--p 00002000 103:05 3546970                   /usr/lib/x86_64-linux-gnu/libdl.so.2
7e8174d82000-7e8174d83000 r--p 00002000 103:05 3546970                   /usr/lib/x86_64-linux-gnu/libdl.so.2
7e8174d83000-7e8174d84000 rw-p 00003000 103:05 3546970                   /usr/lib/x86_64-linux-gnu/libdl.so.2
7e8174d84000-7e8174d85000 r--p 00000000 103:05 3564957                   /usr/lib/x86_64-linux-gnu/libpthread.so.0
7e8174d85000-7e8174d86000 r-xp 00001000 103:05 3564957                   /usr/lib/x86_64-linux-gnu/libpthread.so.0
7e8174d86000-7e8174d87000 r--p 00002000 103:05 3564957                   /usr/lib/x86_64-linux-gnu/libpthread.so.0
7e8174d87000-7e8174d88000 r--p 00002000 103:05 3564957                   /usr/lib/x86_64-linux-gnu/libpthread.so.0
7e8174d88000-7e8174d89000 rw-p 00003000 103:05 3564957                   /usr/lib/x86_64-linux-gnu/libpthread.so.0
7e8174d8a000-7e8174d92000 rw-p 00000000 00:00 0 
7e8174d92000-7e8174d99000 ---p 00000000 00:00 0 
7e8174d99000-7e8174da1000 rw-s 00000000 103:05 3276926                   /tmp/hsperfdata_pah/3309800
7e8174da1000-7e8174da2000 ---p 00000000 00:00 0 
7e8174da2000-7e8174da3000 r--p 00000000 00:00 0 
7e8174da3000-7e8174da4000 ---p 00000000 00:00 0 
7e8174da4000-7e8174dbd000 r-xp 00000000 103:06 26546064                  /home/pah/tools/Xilinx_20252/2025.2/tps/lnx64/jre21.0.5_11/lib/libjli.so
7e8174dbd000-7e8174dbe000 r--p 00018000 103:06 26546064                  /home/pah/tools/Xilinx_20252/2025.2/tps/lnx64/jre21.0.5_11/lib/libjli.so
7e8174dbe000-7e8174dbf000 rw-p 00019000 103:06 26546064                  /home/pah/tools/Xilinx_20252/2025.2/tps/lnx64/jre21.0.5_11/lib/libjli.so
7e8174dbf000-7e8174dc1000 rw-p 00000000 00:00 0 
7e8174dc1000-7e8174dc2000 r--p 00000000 103:05 3546965                   /usr/lib/x86_64-linux-gnu/ld-linux-x86-64.so.2
7e8174dc2000-7e8174ded000 r-xp 00001000 103:05 3546965                   /usr/lib/x86_64-linux-gnu/ld-linux-x86-64.so.2
7e8174ded000-7e8174df7000 r--p 0002c000 103:05 3546965                   /usr/lib/x86_64-linux-gnu/ld-linux-x86-64.so.2
7e8174df7000-7e8174df9000 r--p 00036000 103:05 3546965                   /usr/lib/x86_64-linux-gnu/ld-linux-x86-64.so.2
7e8174df9000-7e8174dfb000 rw-p 00038000 103:05 3546965                   /usr/lib/x86_64-linux-gnu/ld-linux-x86-64.so.2
7ffc8f6f8000-7ffc8f722000 rw-p 00000000 00:00 0                          [stack]
7ffc8f775000-7ffc8f779000 r--p 00000000 00:00 0                          [vvar]
7ffc8f779000-7ffc8f77b000 r-xp 00000000 00:00 0                          [vdso]
ffffffffff600000-ffffffffff601000 --xp 00000000 00:00 0                  [vsyscall]
Total number of mappings: 836


VM Arguments:
java_command: com.xilinx.rigel.app.RigelApp --port=0 --timeout=2
java_class_path (initial): /home/pah/tools/Xilinx_20252/2025.2/Vitis/vitis-server/lib/rigel_server-1.0.0-120.jar:/home/pah/tools/Xilinx_20252/2025.2/Vitis/vitis-server/lib/antlr-3.3-complete.jar:/home/pah/tools/Xilinx_20252/2025.2/Vitis/vitis-server/lib/com.xilinx.hls.services.jar:/home/pah/tools/Xilinx_20252/2025.2/Vitis/vitis-server/lib/org.eclipse.emf.ecore_2.21.0.v20200127-1342.jar:/home/pah/tools/Xilinx_20252/2025.2/Vitis/vitis-server/lib/org.eclipse.emf.ecore.xmi_2.16.0.v20190528-0725.jar:/home/pah/tools/Xilinx_20252/2025.2/Vitis/vitis-server/lib/org.eclipse.emf.common_2.18.0.v20191225-1014.jar:/home/pah/tools/Xilinx_20252/2025.2/Vitis/vitis-server/lib/exceptioni.java:/home/pah/tools/Xilinx_20252/2025.2/Vitis/vitis-server/lib/messagemanageri.java:/home/pah/tools/Xilinx_20252/2025.2/Vitis/vitis-server/lib/SWIGTYPE_p_HHDFHwDef.java:/home/pah/tools/Xilinx_20252/2025.2/Vitis/vitis-server/lib/SDXBootImgIter.java:/home/pah/tools/Xilinx_20252/2025.2/Vitis/vitis-server/lib/SDXBootImg.java:/home/pah/tools/Xilinx_20252/2025.2/Vitis/vitis-server/lib/SWIGTYPE_p_HSDXHardwareNocConnectivity.java:/home/pah/tools/Xilinx_20252/2025.2/Vitis/vitis-server/lib/SWIGTYPE_p_HSTFwdIterT_HSDXHardwareNocConnectivity_p_t.java:/home/pah/tools/Xilinx_20252/2025.2/Vitis/vitis-server/lib/SDXHardwarePlatformIter.java:/home/pah/tools/Xilinx_20252/2025.2/Vitis/vitis-server/lib/SDXHardwarePlatform.java:/home/pah/tools/Xilinx_20252/2025.2/Vitis/vitis-server/lib/SDXSoftwarePlatformIter.java:/home/pah/tools/Xilinx_20252/2025.2/Vitis/vitis-server/lib/SWIGTYPE_p_HSTFwdIterT_HSDXHardwareIPParam_p_t.java:/home/pah/tools/Xilinx_20252/2025.2/Vitis/vitis-server/lib/SDXPlatformEngineHelper.java:/home/pah/tools/Xilinx_20252/2025.2/Vitis/vitis-server/lib/SDXProcessorGroup.java:/home/pah/tools/Xilinx_20252/2025.2/Vitis/vitis-server/lib/SDXSoftwarePlatformVector.java:/home/pah/tools/Xilinx_20252/2025.2/Vitis/vitis-server/lib/SWIGTYPE_p_HSTFwdIterT_HSDXReconfigPartitionIDs_p_t.java:/home/pah/tools/Xilinx_20252/2025.2/Vitis/vitis-server/lib/SDXProcessorGroupIter.java:/home/pah/tools/Xilinx_20252/2025.2/Vitis/vitis-server/lib/SWIGTYPE_p_HSDXPfmFileTypes__FileType.java:/home/pah/tools/Xilinx_20252/2025.2/Vitis/vitis-server/lib/platform.java:/home/pah/tools/Xilinx_20252/2025.2/Vitis/vitis-server/lib/SDXReconfigurablePartitionIter.java:/home/pah/tools/Xilinx_20252/2025.2/Vitis/vitis-server/lib/SWIGTYPE_p_HSTFwdIterT_HSDXHardwareBusInterface_p_t.java:/home/pah/tools/Xilinx_20252/2025.2/Vitis/vitis-server/lib/CatalogService.java:/home/pah/tools/Xilinx_20252/2025.2/Vitis/vitis-server/lib/SDXReconfigPartitionIDsVec.java:/home/pah/tools/Xilinx_20252/2025.2/Vitis/vitis-server/lib/SDXPlatformMgr.java:/home/pah/tools/Xilinx_20252/2025.2/Vitis/vitis-server/lib/SDXSystemConfigVec.java:/home/pah/tools/Xilinx_20252/2025.2/Vitis/vitis-server/lib/SWIGTYPE_p_HSTVectorT_HSDXDesignIPInstance_p_t.java:/home/pah/tools/Xilinx_20252/2025.2/Vitis/vitis-server/lib/SWIGTYPE_p_HSDXHardwareBusInterface.java:/home/pah/tools/Xilinx_20252/2025.2/Vitis/vitis-server/lib/SDXPlatformVector.java:/home/pah/tools/Xilinx_20252/2025.2/Vitis/vitis-server/lib/SWIGTYPE_p_std__mapT_std__string_std__string_t.java:/home/pah/tools/Xilinx_20252/2025.2/Vitis/vitis-server/lib/SWIGTYPE_p_HSTVectorT_HSDXHardwareNocConnectivity_p_t.java:/home/pah/tools/Xilinx_20252/2025.2/Vitis/vitis-server/lib/NativeCatalogService.java:/home/pah/tools/Xilinx_20252/2025.2/Vitis/vitis-server/lib/SDXPlatform.java:/home/pah/tools/Xilinx_20252/2025.2/Vitis/vitis-server/lib/SWIGTYPE_p_HSTFwdIterT_HSDXHardwareFeatureRom_p_t.java:/home/pah/tools/Xilinx_20252/2025.2/Vitis/vitis-server/lib/SDXSystemClock.java:/home/pah/tools/Xilinx_20252/2025.2/Vitis/vitis-server/lib/JSONWriter.java:/home/pah/tools/Xilinx_20252/2025.2/Vitis/vitis-server/lib/HSDXReconfigurablePartition.java:/home/pah/tools/Xilinx_20252/2025.2/Vitis/vitis-server/lib/SWIGTYPE_p_HSDXDevice.java:/home/pah/tools/Xilinx_20252/2025.2/Vitis/vitis-server/lib/platformi.java:/home/pah/tools/Xilinx_20252/2025.2/Vitis/vitis-server/lib/StringIter.java:/home/pah/tools/Xilinx_20252/2025.2/Vitis/vitis-server/lib/SWIGTYPE_p_HHSMHwDb.java:/home/pah/tools/Xilinx_20252/2025.2/Vitis/vitis-server/lib/SWIGTYPE_p_std__vectorT_std__string_t.java:/home/pah/tools/Xilinx_20252/2025.2/Vitis/vitis-server/lib/SWIGTYPE_p_HSDXDesignIPInstance.java:/home/pah/tools/Xilinx_20252/2025.2/Vitis/vitis-server/lib/SWIGTYPE_p_boost__optionalT_boost__property_tree__ptree_R_t.java:/home/pah/tools/Xilinx_20252/2025.2/Vitis/vitis-server/lib/SDXProcessorGroupVec.java:/home/pah/tools/Xilinx_20252/2025.2/Vitis/vitis-server/lib/SWIGTYPE_p_HSTVectorT_HSDXDevice_p_t.java:/home/pah/tools/Xilinx_20252/2025.2/Vitis/vitis-server/lib/JSONObjectWriter.java:/home/pah/tools/Xilinx_20252/2025.2/Vitis/vitis-server/lib/SDXSystemConfigIter.java:/home/pah/tools/Xilinx_20252/2025.2/Vitis/vitis-server/lib/SWIGTYPE_p_std__vectorT_HSDXAiePartition_t.java:/home/pah/tools/Xilinx_20252/2025.2/Vitis/vitis-server/lib/SDXSystemClockVec.java:/home/pah/tools/Xilinx_20252/2025.2/Vitis/vitis-server/lib/NativeObjectService.java:/home/pah/tools/Xilinx_20252/2025.2/Vitis/vitis-server/lib/SDXSoftwarePlatformUtils.java:/home/pah/tools/Xilinx_20252/2025.2/Vitis/vitis-server/lib/HSDXReconfigPartitionIDs.java:/home/pah/tools/Xilinx_20252/2025.2/Vitis/vitis-server/lib/SDXHardwarePlatformVector.java:/home/pah/tools/Xilinx_20252/2025.2/Vitis/vitis-server/lib/SDXSystemConfig.java:/home/pah/tools/Xilinx_20252/2025.2/Vitis/vitis-server/lib/SWIGTYPE_p_sdx_platform__PlatformLoader__HwMetadataMode.java:/home/pah/tools/Xilinx_20252/2025.2/Vitis/vitis-server/lib/SWIGTYPE_p_std__ostream.java:/home/pah/tools/Xilinx_20252/2025.2/Vitis/vitis-server/lib/SWIGTYPE_p_HSDXHardwareFeatureRom.java:/home/pah/tools/Xilinx_20252/2025.2/Vitis/vitis-server/lib/JSONSerializable.java:/home/pah/tools/Xilinx_20252/2025.2/Vitis/vitis-server/lib/SDXSystemClockIter.java:/home/pah/tools/Xilinx_20252/2025.2/Vitis/vitis-server/lib/SWIGTYPE_p_boost__property_tree__ptree.java:/home/pah/tools/Xilinx_20252/2025.2/Vitis/vitis-server/lib/SWIGTYPE_p_HSTVectorT_HSDXHardwareIPParam_p_t.java:/home/pah/tools/Xilinx_20252/2025.2/Vitis/vitis-server/lib/HDFToDSAConverter.java:/home/pah/tools/Xilinx_20252/2025.2/Vitis/vitis-server/lib/SWIGTYPE_p_uint32_t.java:/home/pah/tools/Xilinx_20252/2025.2/Vitis/vitis-server/lib/SWIGTYPE_p_std__vectorT_HSDXHardwareFeatureRom_p_t.java:/home/pah/tools/Xilinx_20252/2025.2/Vitis/vitis-server/lib/SWIGTYPE_p_HSTFwdIterT_HSDXDesignIPInstance_p_t.java:/home/pah/tools/Xilinx_20252/2025.2/Vitis/vitis-server/lib/SDXPlatformIter.java:/home/pah/tools/Xilinx_20252/2025.2/Vitis/vitis-server/lib/HSDXAieHardware.java:/home/pah/tools/Xilinx_20252/2025.2/Vitis/vitis-server/lib/SWIGTYPE_p_HSTVectorT_HSDXHardwareBusInterface_p_t.java:/home/pah/tools/Xilinx_20252/2025.2/Vitis/vitis-server/lib/JSONListWriter.java:/home/pah/tools/Xilinx_20252/2025.2/Vitis/vitis-server/lib/SWIGTYPE_p_HPLDevice.java:/home/pah/tools/Xilinx_20252/2025.2/Vitis/vitis-server/lib/SWIGTYPE_p_bool.java:/home/pah/tools/Xilinx_20252/2025.2/Vitis/vitis-server/lib/SDXSoftwarePlatform.java:/home/pah/tools/Xilinx_20252/2025.2/Vitis/vitis-server/lib/SWIGTYPE_p_HSDXAiePartition.java:/home/pah/tools/Xilinx_20252/2025.2/Vitis/vitis-server/lib/SDXPlatformUtils.java:/home/pah/tools/Xilinx_20252/2025.2/Vitis/vitis-server/lib/SDXBootImgVec.java:/home/pah/tools/Xilinx_20252/2025.2/Vitis/vitis-server/lib/SDXReconfigurablePartitionVec.java:/home/pah/tools/Xilinx_20252/2025.2/Vitis/vitis-server/lib/SWIGTYPE_p_HSDXHardwareIPParam.java:/home/pah/tools/Xilinx_20252/2025.2/Vitis/vitis-server/lib/SWIGTYPE_p_HSDXDesignIntentStorage__Key.java:/home/pah/tools/Xilinx_20252/2025.2/Vitis/vitis-server/lib/StringVector.java:/home/pah/tools/Xilinx_20252/2025.2/Vitis/vitis-server/lib/HVLVlm.java:/home/pah/tools/Xilinx_20252/2025.2/Vitis/vitis-server/lib/clockreg.java:/home/pah/tools/Xilinx_20252/2025.2/Vitis/vitis-server/lib/devmodeli.java:/home/pah/tools/Xilinx_20252/2025.2/Vitis/vitis-server/lib/pkg.java:/home/pah/tools/Xilinx_20252/2025.2/Vitis/vitis-server/lib/archrcs.java:/home/pah/tools/Xilinx_20252/2025.2/Vitis/vitis-server/lib/archparti.java:/home/pah/tools/Xilinx_20252/2025.2/Vitis/vitis-server/lib/part.java:/home/pah/tools/Xilinx_20252/2025.2/Vitis/vitis-server/lib/archi.java:/home/pah/tools/Xilinx_20252/2025.2/Vitis/vitis-server/lib/partvisit.java:/home/pah/tools/Xilinx_20252/2025.2/Vitis/vitis-server/lib/sitemapi.java:/home/pah/tools/Xilinx_20252/2025.2/Vitis/vitis-server/lib/stlextn.java:/home/pah/tools/Xilinx_20252/2025.2/Vitis/vitis-server/lib/genericgui.java:/home/pah/tools/Xilinx_20252/2025.2/Vitis/vitis-server/lib/protobufi.java:/home/pah/tools/Xilinx_20252/2025.2/Vitis/vitis-server/lib/attrsi.java:/home/pah/tools/Xilinx_20252/2025.2/Vitis/vitis-server/lib/regexi.java:/home/pah/tools/Xilinx_20252/2025.2/Vitis/vitis-server/lib/parti.java:/home/pah/tools/Xilinx_20252/2025.2/Vitis/vitis-server/lib/parami.java:/home/pah/tools/Xilinx_20252/2025.2/Vitis/vitis-server/lib/customcmdi.java:/home/pah/tools/Xilinx_20252/2025.2/Vitis/vitis-server/lib/xml.java:/home/pah/tools/Xilinx_20252/2025.2/Vitis/vitis-server/lib/utils.java:/home/pah/tools/Xilinx_20252/2025.2/Vitis/vitis-server/lib/types.java:/home/pah/tools/Xilinx_20252/2025.2/Vitis/vitis-server/lib/clusterconfi.java:/home/pah/tools/Xilinx_20252/2025.2/Vitis/vitis-server/lib/registry.java:/home/pah/tools/Xilinx_20252/2025.2/Vitis/vitis-server/lib/RegistryType.java:/home/pah/tools/Xilinx_20252/2025.2/Vitis/vitis-server/lib/RegistryResult.java:/home/pah/tools/Xilinx_20252/2025.2/Vitis/vitis-server/lib/registryModule.java:/home/pah/tools/Xilinx_20252/2025.2/Vitis/vitis-server/lib/InstalledEditionInfo.java:/home/pah/tools/Xilinx_20252/2025.2/Vitis/vitis-server/lib/RegistryStatus.java:/home/pah/tools/Xilinx_20252/2025.2/Vitis/vitis-server/lib/EditionVector.java:/home/pah/tools/Xilinx_20252/2025.2/Vitis/vitis-server/lib/RegistryManagerVivado.java:/home/pah/tools/Xilinx_20252/2025.2/Vitis/vitis-server/lib/StringVector.java:/home/pah/tools/Xilinx_20252/2025.2/Vitis/vitis-server/lib/license.java:/home/pah/tools/Xilinx_20252/2025.2/Vitis/vitis-server/lib/webtalkmgri.java:/home/pah/tools/Xilinx_20252/2025.2/Vitis/vitis-server/lib/property.java:/home/pah/tools/Xilinx_20252/2025.2/Vitis/vitis-server/lib/tcltasksi.java:/home/pah/tools/Xilinx_20252/2025.2/Vitis/vitis-server/lib/rptgen_typesi.java:/home/pah/tools/Xilinx_20252/2025.2/Vitis/vitis-server/lib/xprefi.java:/home/pah/tools/Xilinx_20252/2025.2/Vitis/vitis-server/lib/webserver.java:/home/pah/tools/Xilinx_20252/2025.2/Vitis/vitis-server/lib/guistatus.java:/home/pah/tools/Xilinx_20252/2025.2/Vitis/vitis-server/lib/waveformi.java:/home/pah/tools/Xilinx_20252/2025.2/Vitis/vitis-server/lib/STAExecutive.java:/home/pah/tools/Xilinx_20252/2025.2/Vitis/vitis-server/lib/sta_autoModule.java:/home/pah/tools/Xilinx_20252/2025.2/Vitis/vitis-server/lib/sta_auto.java:/home/pah/tools/Xilinx_20252/2025.2/Vitis/vitis-server/lib/XoccFlow.java:/home/pah/tools/Xilinx_20252/2025.2/Vitis/vitis-server/lib/util_autoModule.java:/home/pah/tools/Xilinx_20252/2025.2/Vitis/vitis-server/lib/HSDXSettingsMgr.java:/home/pah/tools/Xilinx_20252/2025.2/Vitis/vitis-server/lib/SDXVivadoProjInfo.java:/home/pah/tools/Xilinx_20252/2025.2/Vitis/vitis-server/lib/SDXVivadoProjInfoVector.java:/home/pah/tools/Xilinx_20252/2025.2/Vitis/vitis-server/lib/SDXVivadoProjInfoIter.java:/home/pah/tools/Xilinx_20252/2025.2/Vitis/vitis-server/lib/util_auto.java:/home/pah/tools/Xilinx_20252/2025.2/Vitis/vitis-server/lib/ReportRunConfigs.java:/home/pah/tools/Xilinx_20252/2025.2/Vitis/vitis-server/lib/reports_autoModule.java:/home/pah/tools/Xilinx_20252/2025.2/Vitis/vitis-server/lib/reports_auto.java:/home/pah/tools/Xilinx_20252/2025.2/Vitis/vitis-server/lib/ReportFolder.java:/home/pah/tools/Xilinx_20252/2025.2/Vitis/vitis-server/lib/ReportRunConfig.java:/home/pah/tools/Xilinx_20252/2025.2/Vitis/vitis-server/lib/ReportKernels.java:/home/pah/tools/Xilinx_20252/2025.2/Vitis/vitis-server/lib/ReportFiles.java:/home/pah/tools/Xilinx_20252/2025.2/Vitis/vitis-server/lib/ReportConfig.java:/home/pah/tools/Xilinx_20252/2025.2/Vitis/vitis-server/lib/ReportFile.java:/home/pah/tools/Xilinx_20252/2025.2/Vitis/vitis-server/lib/ReportConfigs.java:/home/pah/tools/Xilinx_20252/2025.2/Vitis/vitis-server/lib/ReportFolderPtrs.java:/home/pah/tools/Xilinx_20252/2025.2/Vitis/vitis-server/lib/ReportBinary.java:/home/pah/tools/Xilinx_20252/2025.2/Vitis/vitis-server/lib/ReportBinaries.java:/home/pah/tools/Xilinx_20252/2025.2/Vitis/vitis-server/lib/ReportMgr.java:/home/pah/tools/Xilinx_20252/2025.2/Vitis/vitis-server/lib/ReportKernel.java:/home/pah/tools/Xilinx_20252/2025.2/Vitis/vitis-server/lib/StringVector.java:/home/pah/tools/Xilinx_20252/2025.2/Vitis/vitis-server/lib/gitModule.java:/home/pah/tools/Xilinx_20252/2025.2/Vitis/vitis-server/lib/git.java:/home/pah/tools/Xilinx_20252/2025.2/Vitis/vitis-server/lib/HGenericGui.java:/home/pah/tools/Xilinx_20252/2025.2/Vitis/vitis-server/lib/HGenericIcon.java:/home/pah/tools/Xilinx_20252/2025.2/Vitis/vitis-server/lib/HGenericTreeData.java:/home/pah/tools/Xilinx_20252/2025.2/Vitis/vitis-server/lib/HGenericChart.java:/home/pah/tools/Xilinx_20252/2025.2/Vitis/vitis-server/lib/HGenericEnumsProtobuf.java:/home/pah/tools/Xilinx_20252/2025.2/Vitis/vitis-server/lib/Profile.java:/home/pah/tools/Xilinx_20252/2025.2/Vitis/vitis-server/lib/VitisObject.java:/home/pah/tools/Xilinx_20252/2025.2/Vitis/vitis-server/lib/VitisUnit.java:/home/pah/tools/Xilinx_20252/2025.2/Vitis/vitis-server/lib/HDGD.java:/home/pah/tools/Xilinx_20252/2025.2/Vitis/vitis-server/lib/HXGD.java:/home/pah/tools/Xilinx_20252/2025.2/Vitis/vitis-server/lib/HAPL.java:/home/pah/tools/Xilinx_20252/2025.2/Vitis/vitis-server/lib/ME.java:/home/pah/tools/Xilinx_20252/2025.2/Vitis/vitis-server/lib/HART.java:/home/pah/tools/Xilinx_20252/2025.2/Vitis/vitis-server/lib/RSDHierarchy.java:/home/pah/tools/Xilinx_20252/2025.2/Vitis/vitis-server/lib/RSDDialogs.java:/home/pah/tools/Xilinx_20252/2025.2/Vitis/vitis-server/lib/RSDPrefs.java:/home/pah/tools/Xilinx_20252/2025.2/Vitis/vitis-server/lib/HDPB.java:/home/pah/tools/Xilinx_20252/2025.2/Vitis/vitis-server/lib/RQA.java:/home/pah/tools/Xilinx_20252/2025.2/Vitis/vitis-server/lib/RCU.java:/home/pah/tools/Xilinx_20252/2025.2/Vitis/vitis-server/lib/HAST.java:/home/pah/tools/Xilinx_20252/2025.2/Vitis/vitis-server/lib/IncrSynthReasonOuterClass.java:/home/pah/tools/Xilinx_20252/2025.2/Vitis/vitis-server/lib/GenericNetlistReport.java:/home/pah/tools/Xilinx_20252/2025.2/Vitis/vitis-server/lib/RQS.java:/home/pah/tools/Xilinx_20252/2025.2/Vitis/vitis-server/lib/RDA.java:/home/pah/tools/Xilinx_20252/2025.2/Vitis/vitis-server/lib/RQSStats.java:/home/pah/tools/Xilinx_20252/2025.2/Vitis/vitis-server/lib/RqaScore.java:/home/pah/tools/Xilinx_20252/2025.2/Vitis/vitis-server/lib/RIR.java:/home/pah/tools/Xilinx_20252/2025.2/Vitis/vitis-server/lib/RDACommonPathsStore.java:/home/pah/tools/Xilinx_20252/2025.2/Vitis/vitis-server/lib/Vorplex.java:/home/pah/tools/Xilinx_20252/2025.2/Vitis/vitis-server/lib/HGenericTreeTableData.java:/home/pah/tools/Xilinx_20252/2025.2/Vitis/vitis-server/lib/ComMsgMgrProtoFile.java:/home/pah/tools/Xilinx_20252/2025.2/Vitis/vitis-server/lib/WVTree.java:/home/pah/tools/Xilinx_20252/2025.2/Vitis/vitis-server/lib/WVNameValue.java:/home/pah/tools/Xilinx_20252/2025.2/Vitis/vitis-server/lib/WVMenu.java:/home/pah/tools/Xilinx_20252/2025.2/Vitis/vitis-server/lib/WVPrefs.java:/home/pah/tools/Xilinx_20252/2025.2/Vitis/vitis-server/lib/WVDialogs.java:/home/pah/tools/Xilinx_20252/2025.2/Vitis/vitis-server/lib/WVName.java:/home/pah/tools/Xilinx_20252/2025.2/Vitis/vitis-server/lib/ProjectSummaryPower.java:/home/pah/tools/Xilinx_20252/2025.2/Vitis/vitis-server/lib/ProjectSummaryDRC.java:/home/pah/tools/Xilinx_20252/2025.2/Vitis/vitis-server/lib/ProjectSummaryRouteStatus.java:/home/pah/tools/Xilinx_20252/2025.2/Vitis/vitis-server/lib/ProjectSummaryUtilization.java:/home/pah/tools/Xilinx_20252/2025.2/Vitis/vitis-server/lib/ProjectSummaryTiming.java:/home/pah/tools/Xilinx_20252/2025.2/Vitis/vitis-server/lib/NDPA.java:/home/pah/tools/Xilinx_20252/2025.2/Vitis/vitis-server/lib/VegaLongTaskProtobuf.java:/home/pah/tools/Xilinx_20252/2025.2/Vitis/vitis-server/lib/VegaProjectProtobuf.java:/home/pah/tools/Xilinx_20252/2025.2/Vitis/vitis-server/lib/VegaProjectSummaryViewProtobuf.java:/home/pah/tools/Xilinx_20252/2025.2/Vitis/vitis-server/lib/VegaVivadoViewProtobuf.java:/home/pah/tools/Xilinx_20252/2025.2/Vitis/vitis-server/lib/VegaVivadoViewTypeProtobuf.java:/home/pah/tools/Xilinx_20252/2025.2/Vitis/vitis-server/lib/VegaSourcesView.java:/home/pah/tools/Xilinx_20252/2025.2/Vitis/vitis-server/lib/VegaMessageProtobuf.java:/home/pah/tools/Xilinx_20252/2025.2/Vitis/vitis-server/lib/VegaSystemOutputMessageProtobuf.java:/home/pah/tools/Xilinx_20252/2025.2/Vitis/vitis-server/lib/VegaEmptyProtobuf.java:/home/pah/tools/Xilinx_20252/2025.2/Vitis/vitis-server/lib/VegaWorkspaceProtobuf.java:/home/pah/tools/Xilinx_20252/2025.2/Vitis/vitis-server/lib/VegaTclEventProtobuf.java:/home/pah/tools/Xilinx_20252/2025.2/Vitis/vitis-server/lib/VegaSelectableTypeProtobuf.java:/home/pah/tools/Xilinx_20252/2025.2/Vitis/vitis-server/lib/PDM.java:/home/pah/tools/Xilinx_20252/2025.2/Vitis/vitis-server/lib/LGBM.java:/home/pah/tools/Xilinx_20252/2025.2/Vitis/vitis-server/lib/HAPWR.java:/home/pah/tools/Xilinx_20252/2025.2/Vitis/vitis-server/lib/HDSFeatureStoreGroup.java:/home/pah/tools/Xilinx_20252/2025.2/Vitis/vitis-server/lib/HDSFeatureStore.java:/home/pah/tools/Xilinx_20252/2025.2/Vitis/vitis-server/lib/HAPLSuperLong.java:/home/pah/tools/Xilinx_20252/2025.2/Vitis/vitis-server/lib/AllReports.java:/home/pah/tools/Xilinx_20252/2025.2/Vitis/vitis-server/lib/HDSFeatureStoreManager.java:/home/pah/tools/Xilinx_20252/2025.2/Vitis/vitis-server/lib/HDSMultiStoreBase.java:/home/pah/tools/Xilinx_20252/2025.2/Vitis/vitis-server/lib/Gbc.java:/home/pah/tools/Xilinx_20252/2025.2/Vitis/vitis-server/lib/ResEst.java:/home/pah/tools/Xilinx_20252/2025.2/Vitis/vitis-server/lib/HARC.java:/home/pah/tools/Xilinx_20252/2025.2/Vitis/vitis-server/lib/RF.java:/home/pah/tools/Xilinx_20252/2025.2/Vitis/vitis-server/lib/RF2.java:/home/pah/tools/Xilinx_20252/2025.2/Vitis/vitis-server/lib/Waiver.java:/home/pah/tools/Xilinx_20252/2025.2/Vitis/vitis-server/lib/XGB.java:/home/pah/tools/Xilinx_20252/2025.2/Vitis/vitis-server/lib/HDVPBNodePatternOuterClass.java:/home/pah/tools/Xilinx_20252/2025.2/Vitis/vitis-server/lib/HSDAProject.java:/home/pah/tools/Xilinx_20252/2025.2/Vitis/vitis-server/lib/grpc-protobuf-1.69.0.jar:/home/pah/tools/Xilinx_20252/2025.2/Vitis/vitis-server/lib/summary-io-1.0.0-885.jar:/home/pah/tools/Xilinx_20252/2025.2/Vitis/vitis-server/lib/DispatchProtocol-1.24.0-378.jar:/home/pah/tools/Xilinx_20252/2025.2/Vitis/vitis-server/lib/proto-google-common-protos-2.48.0.jar:/home/pah/tools/Xilinx_20252/2025.2/Vitis/vitis-server/lib/protobuf-java-util-3.21.12.jar:/home/pah/tools/Xilinx_20252/2025.2/Vitis/vitis-server/lib/protobuf-java-4.29.3.jar:/home/pah/tools/Xilinx_20252/2025.2/Vitis/vitis-server/lib/grpc-netty-1.69.0.jar:/home/pah/tools/Xilinx_20252/2025.2/Vitis/vitis-server/lib/grpc-stub-1.69.0.jar:/home/pah/tools/Xilinx_20252/2025.2/Vitis/vitis-server/lib/grpc-inprocess-1.69.0.jar:/home/pah/tools/Xilinx_20252/2025.2/Vitis/vitis-server/lib/picocli-4.6.1.jar:/home/pah/tools/Xilinx_20252/2025.2/Vitis/vitis-server/lib/dagger-2.33.jar:/home/pah/tools/Xilinx_20252/2025.2/Vitis/vitis-server/lib/lombok-1.18.34.jar:/home/pah/tools/Xilinx_20252/2025.2/Vitis/vitis-server/lib/grpc-util-1.69.0.jar:/home/pah/tools/Xilinx_20252/2025.2/Vitis/vitis-server/lib/grpc-core-1.69.0.jar:/home/pah/tools/Xilinx_20252/2025.2/Vitis/vitis-server/lib/gson-2.11.0.jar:/home/pah/tools/Xilinx_20252/2025.2/Vitis/vitis-server/lib/jackson-annotations-2.18.3.jar:/home/pah/tools/Xilinx_20252/2025.2/Vitis/vitis-server/lib/jackson-databind-2.18.3.jar:/home/pah/tools/Xilinx_20252/2025.2/Vitis/vitis-server/lib/jackson-core-2.18.3.jar:/home/pah/tools/Xilinx_20252/2025.2/Vitis/vitis-server/lib/commons-io-2.18.0.jar:/home/pah/tools/Xilinx_20252/2025.2/Vitis/vitis-server/lib/commons-text-1.10.0.jar:/home/pah/tools/Xilinx_20252/2025.2/Vitis/vitis-server/lib/commons-lang3-3.12.0.jar:/home/pah/tools/Xilinx_20252/2025.2/Vitis/vitis-server/lib/commons-exec-1.3.jar:/home/pah/tools/Xilinx_20252/2025.2/Vitis/vitis-server/lib/commons-collections4-4.4.jar:/home/pah/tools/Xilinx_20252/2025.2/Vitis/vitis-server/lib/grpc-protobuf-lite-1.69.0.jar:/home/pah/tools/Xilinx_20252/2025.2/Vitis/vitis-server/lib/grpc-context-1.69.0.jar:/home/pah/tools/Xilinx_20252/2025.2/Vitis/vitis-server/lib/grpc-api-1.69.0.jar:/home/pah/tools/Xilinx_20252/2025.2/Vitis/vitis-server/lib/guava-33.3.1-jre.jar:/home/pah/tools/Xilinx_20252/2025.2/Vitis/vitis-server/lib/log4j-core-2.17.1.jar:/home/pah/tools/Xilinx_20252/2025.2/Vitis/vitis-server/lib/log4j-api-2.17.1.jar:/home/pah/tools/Xilinx_20252/2025.2/Vitis/vitis-server/lib/snakeyaml-2.4.jar:/home/pah/tools/Xilinx_20252/2025.2/Vitis/vitis-server/lib/jsr305-3.0.2.jar:/home/pah/tools/Xilinx_20252/2025.2/Vitis/vitis-server/lib/netty-codec-http2-4.1.110.Final.jar:/home/pah/tools/Xilinx_20252/2025.2/Vitis/vitis-server/lib/netty-handler-proxy-4.1.110.Final.jar:/home/pah/tools/Xilinx_20252/2025.2/Vitis/vitis-server/lib/error_prone_annotations-2.30.0.jar:/home/pah/tools/Xilinx_20252/2025.2/Vitis/vitis-server/lib/perfmark-api-0.27.0.jar:/home/pah/tools/Xilinx_20252/2025.2/Vitis/vitis-server/lib/netty-codec-http-4.1.110.Final.jar:/home/pah/tools/Xilinx_20252/2025.2/Vitis/vitis-server/lib/netty-handler-4.1.110.Final.jar:/home/pah/tools/Xilinx_20252/2025.2/Vitis/vitis-server/lib/netty-transport-native-unix-common-4.1.110.Final.jar:/home/pah/tools/Xilinx_20252/2025.2/Vitis/vitis-server/lib/javax.inject-1.jar:/home/pah/tools/Xilinx_20252/2025.2/Vitis/vitis-server/lib/failureaccess-1.0.2.jar:/home/pah/tools/Xilinx_20252/2025.2/Vitis/vitis-server/lib/listenablefuture-9999.0-empty-to-avoid-conflict-with-guava.jar:/home/pah/tools/Xilinx_20252/2025.2/Vitis/vitis-server/lib/checker-qual-3.43.0.jar:/home/pah/tools/Xilinx_20252/2025.2/Vitis/vitis-server/lib/j2objc-annotations-3.0.0.jar:/home/pah/tools/Xilinx_20252/2025.2/Vitis/vitis-server/lib/netty-codec-socks-4.1.110.Final.jar:/home/pah/tools/Xilinx_20252/2025.2/Vitis/vitis-server/lib/netty-codec-4.1.110.Final.jar:/home/pah/tools/Xilinx_20252/2025.2/Vitis/vitis-server/lib/netty-transport-4.1.110.Final.jar:/home/pah/tools/Xilinx_20252/2025.2/Vitis/vitis-server/lib/netty-buffer-4.1.110.Final.jar:/home/pah/tools/Xilinx_20252/2025.2/Vitis/vitis-server/lib/netty-resolver-4.1.110.Final.jar:/home/pah/tools/Xilinx_20252/2025.2/Vitis/vitis-server/lib/netty-common-4.1.110.Final.jar:/home/pah/tools/Xilinx_20252/2025.2/Vitis/vitis-server/lib/annotations-4.1.1.4.jar:/home/pah/tools/Xilinx_20252/2025.2/Vitis/vitis-server/lib/animal-sniffer-annotations-1.24.jar
Launcher Type: SUN_STANDARD

[Global flags]
     intx CICompilerCount                          = 12                                        {product} {ergonomic}
     uint ConcGCThreads                            = 3                                         {product} {ergonomic}
     uint G1ConcRefinementThreads                  = 13                                        {product} {ergonomic}
   size_t G1HeapRegionSize                         = 4194304                                   {product} {ergonomic}
    uintx GCDrainStackTargetSize                   = 64                                        {product} {ergonomic}
   size_t InitialHeapSize                          = 515899392                                 {product} {ergonomic}
   size_t MarkStackSize                            = 4194304                                   {product} {ergonomic}
   size_t MaxHeapSize                              = 8225030144                                {product} {ergonomic}
   size_t MaxNewSize                               = 4932501504                                {product} {ergonomic}
   size_t MinHeapDeltaBytes                        = 4194304                                   {product} {ergonomic}
   size_t MinHeapSize                              = 8388608                                   {product} {ergonomic}
    uintx NonNMethodCodeHeapSize                   = 7602480                                {pd product} {ergonomic}
    uintx NonProfiledCodeHeapSize                  = 122027880                              {pd product} {ergonomic}
    uintx ProfiledCodeHeapSize                     = 122027880                              {pd product} {ergonomic}
    uintx ReservedCodeCacheSize                    = 251658240                              {pd product} {ergonomic}
     bool SegmentedCodeCache                       = true                                      {product} {ergonomic}
   size_t SoftMaxHeapSize                          = 8225030144                             {manageable} {ergonomic}
     bool UseCompressedOops                        = true                           {product lp64_product} {ergonomic}
     bool UseG1GC                                  = true                                      {product} {ergonomic}

Logging:
Log output configuration:
 #0: stdout all=warning uptime,level,tags foldmultilines=false
 #1: stderr all=off uptime,level,tags foldmultilines=false

Environment Variables:
JAVA_HOME=/home/pah/tools/Xilinx_20252/2025.2/Vitis/tps/lnx64/jre21.0.5_11/
PATH=/home/pah/tools/Xilinx_20252/2025.2/Vitis/gnu/microblaze/lin/bin:/home/pah/tools/Xilinx_20252/2025.2/Vitis/gnu/arm/lin/bin:/home/pah/tools/Xilinx_20252/2025.2/Vitis/gnu/microblaze/linux_toolchain/nt64_be/bin:/home/pah/tools/Xilinx_20252/2025.2/Vitis/gnu/microblaze/linux_toolchain/nt64_le/bin:/home/pah/tools/Xilinx_20252/2025.2/Vitis/gnu/aarch32/lin/gcc-arm-linux-gnueabi/bin:/home/pah/tools/Xilinx_20252/2025.2/Vitis/gnu/aarch32/lin/gcc-arm-none-eabi/bin:/home/pah/tools/Xilinx_20252/2025.2/Vitis/gnu/aarch64/lin/aarch64-linux/bin:/home/pah/tools/Xilinx_20252/2025.2/Vitis/gnu/aarch64/lin/aarch64-none/bin:/home/pah/tools/Xilinx_20252/2025.2/Vitis/gnu/armr5/lin/gcc-arm-none-eabi/bin:/home/pah/tools/Xilinx_20252/2025.2/Vitis/tps/lnx64/cmake-3.24.2/bin:/home/pah/tools/Xilinx_20252/2025.2/Vitis/lnx64/tools/clang/bin:/home/pah/tools/Xilinx_20252/2025.2/Vitis/tps/lnx64/python-3.13.0//bin:/home/pah/tools/Xilinx_20252/2025.2/Vitis/tps/lnx64/jre21.0.5_11//bin:/home/pah/tools/Xilinx_20252/2025.2/Vitis/bin:/home/pah/tools/Xilinx_20252/2025.2/Vitis/aietools/bin:/home/pah/tools/Xilinx_20252/2025.2/Vitis/bin:/bin:/home/pah/tools/Xilinx_20252/2025.2/Vivado/bin:/home/pah/.local/bin:/home/pah/tools/Xilinx_20252/2025.2/Model_Composer/bin:/home/pah/tools/Xilinx_20252/2025.2/Vitis/bin:/home/pah/tools/Xilinx_20252/2025.2/Vitis/gnu/microblaze/lin/bin:/home/pah/tools/Xilinx_20252/2025.2/Vitis/gnu/microblaze/linux_toolchain/lin64_le/bin:/home/pah/tools/Xilinx_20252/2025.2/Vitis/gnu/aarch32/lin/gcc-arm-linux-gnueabi/bin:/home/pah/tools/Xilinx_20252/2025.2/Vitis/gnu/aarch32/lin/gcc-arm-none-eabi/bin:/home/pah/tools/Xilinx_20252/2025.2/Vitis/gnu/aarch64/lin/aarch64-linux/bin:/home/pah/tools/Xilinx_20252/2025.2/Vitis/gnu/aarch64/lin/aarch64-none/bin:/home/pah/tools/Xilinx_20252/2025.2/Vitis/gnu/armr5/lin/gcc-arm-none-eabi/bin:/home/pah/tools/Xilinx_20252/2025.2/Vitis/aietools/bin:/home/pah/tools/Xilinx_20252/2025.2/Vitis/gnu/riscv/lin/bin:/home/pah/tools/Xilinx_20252/2025.2/Vitis/gnu/riscv/linux_toolchain/lin32/bin:/home/pah/tools/Xilinx_20252/2025.2/Vitis/gnu/riscv/linux_toolchain/lin64/bin:/home/pah/tools/Xilinx_20252/2025.2/Vitis/functional_suite/hil:/home/pah/tools/Xilinx_20252/2025.2/Vivado/bin:/home/pah/tools/Xilinx_20252/DocNav:/home/pah/tools/riscv-gnu/bin:/home/pah/tools/verilator/v4_210/bin:/home/pah/tools/riscv-gnu/bin:/opt/verilator/bin:/opt/verilator/bin:/opt/verilator/bin:/opt/verilator/bin:/opt/verilator/bin:/opt/verilator/bin:/opt/verilator/bin:/opt/verilator/bin:/home/pah/tools/Xilinx_20252/2025.2/Vivado/tps/lnx64/git-2.50.0/bin:/home/pah/tools/Xilinx_20252/2025.2/Vitis/lnx64/tools/vcxx/libexec:/home/pah/tools/Xilinx_20252/2025.2/Vivado/tps/lnx64/cmake-3.24.2/bin:/home/pah/tools/Xilinx_20252/2025.2/Vivado/tps/lnx64/jre21.0.5_11/bin:/home/pah/tools/Xilinx_20252/2025.2/Vivado/tps/lnx64/python-3.13.0/bin:/home/pah/tools/Xilinx_20252/2025.2/Vitis/bin:/home/pah/tools/Xilinx_20252/2025.2/Vitis/gnu/microblaze/lin/bin:/home/pah/tools/Xilinx_20252/2025.2/Vitis/gnu/arm/lin/bin:/home/pah/tools/Xilinx_20252/2025.2/Vitis/gnu/microblaze/linux_toolchain/nt64_be/bin:/home/pah/tools/Xilinx_20252/2025.2/Vitis/gnu/microblaze/linux_toolchain/nt64_le/bin:/home/pah/tools/Xilinx_20252/2025.2/Vitis/gnu/aarch32/lin/gcc-arm-linux-gnueabi/bin:/home/pah/tools/Xilinx_20252/2025.2/Vitis/gnu/aarch32/lin/gcc-arm-none-eabi/bin:/home/pah/tools/Xilinx_20252/2025.2/Vitis/gnu/aarch64/lin/aarch64-linux/bin:/home/pah/tools/Xilinx_20252/2025.2/Vitis/gnu/aarch64/lin/aarch64-none/bin:/home/pah/tools/Xilinx_20252/2025.2/Vitis/gnu/armr5/lin/gcc-arm-none-eabi/bin:/home/pah/tools/Xilinx_20252/2025.2/Vitis/gnu/riscv/lin/bin:/home/pah/tools/Xilinx_20252/2025.2/Vitis/gnu/riscv/linux_toolchain/lin32/bin:/home/pah/tools/Xilinx_20252/2025.2/Vitis/gnu/riscv/linux_toolchain/lin64/bin:/home/pah/tools/Xilinx_20252/2025.2/Vitis/aietools/bin:/home/pah/tools/Xilinx_20252/2025.2/Vitis/bin:/home/pah/tools/Xilinx_20252/2025.2/Vitis/aietools/bin:/home/pah/tools/Xilinx_20252/2025.2/Vitis/bin:/home/pah/tools/Xilinx_20252/2025.2/Vivado/bin:/home/pah/.nvm/versions/node/v24.14.1/bin:/home/pah/tools/Xilinx_20252/2025.2/Model_Composer/bin:/home/pah/tools/Xilinx_20252/2025.2/Vitis/bin:/home/pah/tools/Xilinx_20252/2025.2/Vitis/gnu/microblaze/lin/bin:/home/pah/tools/Xilinx_20252/2025.2/Vitis/gnu/microblaze/linux_toolchain/lin64_le/bin:/home/pah/tools/Xilinx_20252/2025.2/Vitis/gnu/aarch32/lin/gcc-arm-linux-gnueabi/bin:/home/pah/tools/Xilinx_20252/2025.2/Vitis/gnu/aarch32/lin/gcc-arm-none-eabi/bin:/home/pah/tools/Xilinx_20252/2025.2/Vitis/gnu/aarch64/lin/aarch64-linux/bin:/home/pah/tools/Xilinx_20252/2025.2/Vitis/gnu/aarch64/lin/aarch64-none/bin:/home/pah/tools/Xilinx_20252/2025.2/Vitis/gnu/armr5/lin/gcc-arm-none-eabi/bin:/home/pah/tools/Xilinx_20252/2025.2/Vitis/aietools/bin:/home/pah/tools/Xilinx_20252/2025.2/Vitis/gnu/riscv/lin/bin:/home/pah/tools/Xilinx_20252/2025.2/Vitis/gnu/riscv/linux_toolchain/lin32/bin:/home/pah/tools/Xilinx_20252/2025.2/Vitis/gnu/riscv/linux_toolchain/lin64/bin:/home/pah/tools/Xilinx_20252/2025.2/Vitis/functional_suite/hil:/home/pah/tools/Xilinx_20252/2025.2/Vivado/bin:/home/pah/tools/Xilinx_20252/DocNav:/home/pah/tools/riscv-gnu/bin:/home/pah/tools/verilator/v4_210/bin:/home/pah/tools/riscv-gnu/bin:/home/pah/miniconda3/condabin:/home/pah/.local/bin:/opt/verilator/bin:/opt/verilator/bin:/opt/verilator/bin:/opt/verilator/bin:/opt/verilator/bin:/opt/verilator/bin:/opt/verilator/bin:/opt/verilator/bin:/usr/local/sbin:/usr/local/bin:/usr/sbin:/usr/bin:/sbin:/bin:/usr/games:/usr/local/games:/snap/bin:/snap/bin:/home/pah/.local/bin:/home/pah/.local/bin:/home/pah/.local/bin:/home/pah/.local/bin:/home/pah/tools/Xilinx_20252/2025.2/Vivado/bin
USERNAME=pah
LD_LIBRARY_PATH=/home/pah/tools/Xilinx_20252/2025.2/Vitis/tps/lnx64/cmake-3.24.2/libs/Ubuntu/24:/home/pah/tools/Xilinx_20252/2025.2/Vitis/tps/lnx64/cmake-3.24.2/libs/Ubuntu:/home/pah/tools/Xilinx_20252/2025.2/Vitis/tps/lnx64/cmake-3.24.2/libs:/home/pah/tools/Xilinx_20252/2025.2/Vitis/lib/lnx64.o/Ubuntu/24:/home/pah/tools/Xilinx_20252/2025.2/Vitis/lib/lnx64.o/Ubuntu:/home/pah/tools/Xilinx_20252/2025.2/Vitis/lib/lnx64.o:/home/pah/tools/Xilinx_20252/2025.2/Vitis/tps/lnx64/python-3.13.0/lib:/home/pah/tools/Xilinx_20252/2025.2/Vivado/tps/lnx64/cmake-3.24.2/libs/Ubuntu/24:/home/pah/tools/Xilinx_20252/2025.2/Vivado/tps/lnx64/cmake-3.24.2/libs/Ubuntu:/home/pah/tools/Xilinx_20252/2025.2/Vivado/tps/lnx64/cmake-3.24.2/libs:/home/pah/tools/Xilinx_20252/2025.2/Vitis/lib/lnx64.o:/home/pah/tools/Xilinx_20252/2025.2/Vitis/lib/lnx64.o/Ubuntu/24:/home/pah/tools/Xilinx_20252/2025.2/Vitis/lib/lnx64.o/Ubuntu:/home/pah/tools/Xilinx_20252/2025.2/Vitis/lib/lnx64.o:/home/pah/tools/Xilinx_20252/2025.2/Vivado/tps/lnx64/python-3.13.0/lib:/home/pah/tools/Xilinx_20252/2025.2/Vitis/aietools/lib/lnx64.o
SHELL=/bin/bash
DISPLAY=:0
LANG=en_US.UTF-8
LC_ALL=en_US.UTF-8
LC_NUMERIC=C
LC_TIME=en_GB.UTF-8
TERM=xterm-256color

Active Locale:
LC_ALL=en_US.UTF-8
LC_COLLATE=en_US.UTF-8
LC_CTYPE=en_US.UTF-8
LC_MESSAGES=en_US.UTF-8
LC_MONETARY=en_US.UTF-8
LC_NUMERIC=en_US.UTF-8
LC_TIME=en_US.UTF-8

Signal Handlers:
   SIGSEGV: crash_handler in libjvm.so, mask=11100100010111111101111111111110, flags=SA_RESTART|SA_SIGINFO, unblocked
    SIGBUS: crash_handler in libjvm.so, mask=11100100010111111101111111111110, flags=SA_RESTART|SA_SIGINFO, unblocked
    SIGFPE: crash_handler in libjvm.so, mask=11100100010111111101111111111110, flags=SA_RESTART|SA_SIGINFO, unblocked
   SIGPIPE: javaSignalHandler in libjvm.so, mask=11100100010111111101111111111110, flags=SA_RESTART|SA_SIGINFO, blocked
   SIGXFSZ: javaSignalHandler in libjvm.so, mask=11100100010111111101111111111110, flags=SA_RESTART|SA_SIGINFO, blocked
    SIGILL: crash_handler in libjvm.so, mask=11100100010111111101111111111110, flags=SA_RESTART|SA_SIGINFO, unblocked
   SIGUSR2: SR_handler in libjvm.so, mask=00000000000000000000000000000000, flags=SA_RESTART|SA_SIGINFO, blocked
    SIGHUP: UserHandler in libjvm.so, mask=11100100010111111101111111111110, flags=SA_RESTART|SA_SIGINFO, blocked
    SIGINT: UserHandler in libjvm.so, mask=11100100010111111101111111111110, flags=SA_RESTART|SA_SIGINFO, blocked
   SIGTERM: UserHandler in libjvm.so, mask=11100100010111111101111111111110, flags=SA_RESTART|SA_SIGINFO, blocked
   SIGQUIT: UserHandler in libjvm.so, mask=11100100010111111101111111111110, flags=SA_RESTART|SA_SIGINFO, blocked
   SIGTRAP: crash_handler in libjvm.so, mask=11100100010111111101111111111110, flags=SA_RESTART|SA_SIGINFO, unblocked


Periodic native trim disabled

---------------  S Y S T E M  ---------------

OS:
DISTRIB_ID=Ubuntu
DISTRIB_RELEASE=24.04
DISTRIB_CODENAME=noble
DISTRIB_DESCRIPTION="Ubuntu 24.04.4 LTS"
uname: Linux 6.8.0-94-generic #96-Ubuntu SMP PREEMPT_DYNAMIC Fri Jan  9 20:36:55 UTC 2026 x86_64
OS uptime: 4 days 0:34 hours
libc: glibc 2.39 NPTL 2.39 
rlimit (soft/hard): STACK 8192k/infinity , CORE 0k/infinity , NPROC 125136/125136 , NOFILE 1048576/1048576 , AS infinity/infinity , CPU infinity/infinity , DATA infinity/infinity , FSIZE infinity/infinity , MEMLOCK 4014644k/4014644k
load average: 2.24 2.51 2.32

/proc/meminfo:
MemTotal:       32117176 kB
MemFree:        10509288 kB
MemAvailable:   18858164 kB
Buffers:          483428 kB
Cached:          8023540 kB
SwapCached:         4612 kB
Active:          9187404 kB
Inactive:        8164348 kB
Active(anon):    7465756 kB
Inactive(anon):  1702180 kB
Active(file):    1721648 kB
Inactive(file):  6462168 kB
Unevictable:         120 kB
Mlocked:             120 kB
SwapTotal:      24447188 kB
SwapFree:       22659540 kB
Zswap:                 0 kB
Zswapped:              0 kB
Dirty:             26832 kB
Writeback:             0 kB
AnonPages:       8840464 kB
Mapped:          1604780 kB
Shmem:            323204 kB
KReclaimable:     660460 kB
Slab:            1065060 kB
SReclaimable:     660460 kB
SUnreclaim:       404600 kB
KernelStack:       35072 kB
PageTables:       130344 kB
SecPageTables:         0 kB
NFS_Unstable:          0 kB
Bounce:                0 kB
WritebackTmp:          0 kB
CommitLimit:    40505776 kB
Committed_AS:   47904904 kB
VmallocTotal:   34359738367 kB
VmallocUsed:      201728 kB
VmallocChunk:          0 kB
Percpu:            22400 kB
HardwareCorrupted:     0 kB
AnonHugePages:         0 kB
ShmemHugePages:        0 kB
ShmemPmdMapped:        0 kB
FileHugePages:         0 kB
FilePmdMapped:         0 kB
Unaccepted:            0 kB
HugePages_Total:       0
HugePages_Free:        0
HugePages_Rsvd:        0
HugePages_Surp:        0
Hugepagesize:       2048 kB
Hugetlb:               0 kB
DirectMap4k:    26150600 kB
DirectMap2M:     6647808 kB
DirectMap1G:           0 kB

/sys/kernel/mm/transparent_hugepage/enabled: always [madvise] never
/sys/kernel/mm/transparent_hugepage/hpage_pmd_size: 2097152
/sys/kernel/mm/transparent_hugepage/defrag (defrag/compaction efforts parameter): always defer defer+madvise [madvise] never

Process Memory:
Virtual Size: 14129100K (peak: 14202616K)
Resident Set Size: 951152K (peak: 951152K) (anon: 801984K, file: 149168K, shmem: 0K)
Swapped out: 0K
C-Heap outstanding allocations: 348804K, retained: 274659K
glibc malloc tunables: (default)

/proc/sys/kernel/threads-max (system-wide limit on the number of threads): 250273
/proc/sys/vm/max_map_count (maximum number of memory map areas a process may have): 1048576
/proc/sys/vm/swappiness (control to define how aggressively the kernel swaps out anonymous memory): 60
/proc/sys/kernel/pid_max (system-wide limit on number of process identifiers): 4194304

container (cgroup) information:
container_type: cgroupv2
cpu_cpuset_cpus: not supported
cpu_memory_nodes: not supported
active_processor_count: 16
cpu_quota: not supported
cpu_period: not supported
cpu_shares: not supported
memory_limit_in_bytes: unlimited
memory_and_swap_limit_in_bytes: unlimited
memory_soft_limit_in_bytes: unlimited
memory_usage_in_bytes: 4236268 k
memory_max_usage_in_bytes: not supported
memory_swap_current_in_bytes: 2524 k
memory_swap_max_limit_in_bytes: unlimited
maximum number of tasks: 37540
current number of tasks: 209

Steal ticks since vm start: 0
Steal ticks percentage since vm start:  0.000

CPU: total 16 (initial active 16) (16 cores per cpu, 2 threads per core) family 25 model 117 stepping 2 microcode 0xa70520a, cx8, cmov, fxsr, ht, mmx, 3dnowpref, sse, sse2, sse3, ssse3, sse4a, sse4.1, sse4.2, popcnt, lzcnt, tsc, tscinvbit, avx, avx2, aes, erms, clmul, bmi1, bmi2, adx, avx512f, avx512dq, avx512cd, avx512bw, avx512vl, sha, fma, vzeroupper, avx512_vpopcntdq, avx512_vpclmulqdq, avx512_vaes, avx512_vnni, clflush, clflushopt, avx512_vbmi2, avx512_vbmi, rdtscp, rdpid, fsrm, gfni, avx512_bitalg, f16c, pku, ospke, cet_ss, avx512_ifma
CPU Model and flags from /proc/cpuinfo:
model name	: AMD Ryzen 7 8845HS w/ Radeon 780M Graphics
flags		: fpu vme de pse tsc msr pae mce cx8 apic sep mtrr pge mca cmov pat pse36 clflush mmx fxsr sse sse2 ht syscall nx mmxext fxsr_opt pdpe1gb rdtscp lm constant_tsc rep_good amd_lbr_v2 nopl nonstop_tsc cpuid extd_apicid aperfmperf rapl pni pclmulqdq monitor ssse3 fma cx16 sse4_1 sse4_2 x2apic movbe popcnt aes xsave avx f16c rdrand lahf_lm cmp_legacy svm extapic cr8_legacy abm sse4a misalignsse 3dnowprefetch osvw ibs skinit wdt tce topoext perfctr_core perfctr_nb bpext perfctr_llc mwaitx cpb cat_l3 cdp_l3 hw_pstate ssbd mba perfmon_v2 ibrs ibpb stibp ibrs_enhanced vmmcall fsgsbase bmi1 avx2 smep bmi2 erms invpcid cqm rdt_a avx512f avx512dq rdseed adx smap avx512ifma clflushopt clwb avx512cd sha_ni avx512bw avx512vl xsaveopt xsavec xgetbv1 xsaves cqm_llc cqm_occup_llc cqm_mbm_total cqm_mbm_local user_shstk avx512_bf16 clzero irperf xsaveerptr rdpru wbnoinvd cppc amd_ibpb_ret arat npt lbrv svm_lock nrip_save tsc_scale vmcb_clean flushbyasid decodeassists pausefilter pfthreshold vgif x2avic v_spec_ctrl vnmi avx512vbmi umip pku ospke avx512_vbmi2 gfni vaes vpclmulqdq avx512_vnni avx512_bitalg avx512_vpopcntdq rdpid overflow_recov succor smca fsrm flush_l1d ibpb_exit_to_user

Online cpus: 0-15
Offline cpus: 
BIOS frequency limitation: <Not Available>
Frequency switch latency (ns): 0
Available cpu frequencies: <Not Available>
Current governor: performance
Core performance/turbo boost: <Not Available>

Memory: 4k page, physical 32117176k(18860184k free), swap 24447188k(22659540k free)
Page Sizes: 4k

vm_info: OpenJDK 64-Bit Server VM (21.0.5+11-LTS) for linux-amd64 JRE (21.0.5+11-LTS), built on 2024-10-15T00:00:00Z by "admin" with gcc 11.3.0

END.
